run_id,equation,scope,entity,t,residual,unit,tolerance,pass
cf_vt_clarabel_socp,3-14,model,9,19,0.0,pu2,1.0e-6,true
cf_vt_clarabel_socp,3-11,model,9,20,2.7083601157587345e-11,pu2,1.0e-6,true
cf_vt_clarabel_socp,3-12,model,9,20,0.0,pu,1.0e-6,true
cf_vt_clarabel_socp,pre-SOC-electric,physics,9,20,5.812599856297451e-9,pu,1.0e-6,true
cf_vt_clarabel_socp,3-14,model,9,20,0.0,pu2,1.0e-6,true
cf_vt_clarabel_socp,3-11,model,9,21,2.4599115646231943e-11,pu2,1.0e-6,true
cf_vt_clarabel_socp,3-12,model,9,21,0.0,pu,1.0e-6,true
cf_vt_clarabel_socp,pre-SOC-electric,physics,9,21,7.21016369699401e-9,pu,1.0e-6,true
cf_vt_clarabel_socp,3-14,model,9,21,0.0,pu2,1.0e-6,true
cf_vt_clarabel_socp,3-11,model,9,22,1.5459958693344656e-12,pu2,1.0e-6,true
cf_vt_clarabel_socp,3-12,model,9,22,0.0,pu,1.0e-6,true
cf_vt_clarabel_socp,pre-SOC-electric,physics,9,22,9.856652594814053e-10,pu,1.0e-6,true
cf_vt_clarabel_socp,3-14,model,9,22,0.0,pu2,1.0e-6,true
cf_vt_clarabel_socp,3-11,model,9,23,1.4305702051092763e-12,pu2,1.0e-6,true
cf_vt_clarabel_socp,3-12,model,9,23,0.0,pu,1.0e-6,true
cf_vt_clarabel_socp,pre-SOC-electric,physics,9,23,1.686498765293698e-9,pu,1.0e-6,true
cf_vt_clarabel_socp,3-14,model,9,23,0.0,pu2,1.0e-6,true
cf_vt_clarabel_socp,3-11,model,9,24,1.3209629328067959e-12,pu2,1.0e-6,true
cf_vt_clarabel_socp,3-12,model,9,24,2.1795526928408693e-10,pu,1.0e-6,true
cf_vt_clarabel_socp,pre-SOC-electric,physics,9,24,2.1795526928408693e-10,pu,1.0e-6,true
cf_vt_clarabel_socp,3-14,model,9,24,0.0,pu2,1.0e-6,true
cf_vt_clarabel_socp,3-11,model,10,1,8.198183067840623e-13,pu2,1.0e-6,true
cf_vt_clarabel_socp,3-12,model,10,1,0.0,pu,1.0e-6,true
cf_vt_clarabel_socp,pre-SOC-electric,physics,10,1,2.031623459741727e-9,pu,1.0e-6,true
cf_vt_clarabel_socp,3-14,model,10,1,0.0,pu2,1.0e-6,true
cf_vt_clarabel_socp,3-11,model,10,2,7.743285111955038e-13,pu2,1.0e-6,true
cf_vt_clarabel_socp,3-12,model,10,2,0.0,pu,1.0e-6,true
cf_vt_clarabel_socp,pre-SOC-electric,physics,10,2,2.443399368251553e-9,pu,1.0e-6,true
cf_vt_clarabel_socp,3-14,model,10,2,0.0,pu2,1.0e-6,true
cf_vt_clarabel_socp,3-11,model,10,3,7.478623331778986e-13,pu2,1.0e-6,true
cf_vt_clarabel_socp,3-12,model,10,3,0.0,pu,1.0e-6,true
cf_vt_clarabel_socp,pre-SOC-electric,physics,10,3,2.757290004824775e-9,pu,1.0e-6,true
cf_vt_clarabel_socp,3-14,model,10,3,0.0,pu2,1.0e-6,true
cf_vt_clarabel_socp,3-11,model,10,4,7.303368132293266e-13,pu2,1.0e-6,true
cf_vt_clarabel_socp,3-12,model,10,4,5.121891361557773e-10,pu,1.0e-6,true
cf_vt_clarabel_socp,pre-SOC-electric,physics,10,4,5.121891361557773e-10,pu,1.0e-6,true
cf_vt_clarabel_socp,3-14,model,10,4,0.0,pu2,1.0e-6,true
cf_vt_clarabel_socp,3-11,model,10,5,7.604017564130086e-13,pu2,1.0e-6,true
cf_vt_clarabel_socp,3-12,model,10,5,2.6897981251182423e-9,pu,1.0e-6,true
cf_vt_clarabel_socp,pre-SOC-electric,physics,10,5,2.6897981251182423e-9,pu,1.0e-6,true
cf_vt_clarabel_socp,3-14,model,10,5,0.0,pu2,1.0e-6,true
cf_vt_clarabel_socp,3-11,model,10,6,4.1567962023293604e-12,pu2,1.0e-6,true
cf_vt_clarabel_socp,3-12,model,10,6,0.0,pu,1.0e-6,true
cf_vt_clarabel_socp,pre-SOC-electric,physics,10,6,2.60328495566009e-9,pu,1.0e-6,true
cf_vt_clarabel_socp,3-14,model,10,6,0.0,pu2,1.0e-6,true
cf_vt_clarabel_socp,3-11,model,10,7,4.868317976462863e-12,pu2,1.0e-6,true
cf_vt_clarabel_socp,3-12,model,10,7,9.472062370563528e-11,pu,1.0e-6,true
cf_vt_clarabel_socp,pre-SOC-electric,physics,10,7,9.472062370563528e-11,pu,1.0e-6,true
cf_vt_clarabel_socp,3-14,model,10,7,0.0,pu2,1.0e-6,true
cf_vt_clarabel_socp,3-11,model,10,8,5.660093830701072e-12,pu2,1.0e-6,true
cf_vt_clarabel_socp,3-12,model,10,8,0.0,pu,1.0e-6,true
cf_vt_clarabel_socp,pre-SOC-electric,physics,10,8,4.843021641706691e-9,pu,1.0e-6,true
cf_vt_clarabel_socp,3-14,model,10,8,0.0,pu2,1.0e-6,true
cf_vt_clarabel_socp,3-11,model,10,9,1.780551378827009e-11,pu2,1.0e-6,true
cf_vt_clarabel_socp,3-12,model,10,9,0.0,pu,1.0e-6,true
cf_vt_clarabel_socp,pre-SOC-electric,physics,10,9,6.407269293254303e-9,pu,1.0e-6,true
cf_vt_clarabel_socp,3-14,model,10,9,0.0,pu2,1.0e-6,true
cf_vt_clarabel_socp,3-11,model,10,10,1.8703548768694346e-11,pu2,1.0e-6,true
cf_vt_clarabel_socp,3-12,model,10,10,0.0,pu,1.0e-6,true
cf_vt_clarabel_socp,pre-SOC-electric,physics,10,10,7.087301041180938e-10,pu,1.0e-6,true
cf_vt_clarabel_socp,3-14,model,10,10,0.0,pu2,1.0e-6,true
cf_vt_clarabel_socp,3-11,model,10,11,1.895647165477967e-11,pu2,1.0e-6,true
cf_vt_clarabel_socp,3-12,model,10,11,0.0,pu,1.0e-6,true
cf_vt_clarabel_socp,pre-SOC-electric,physics,10,11,5.717617695272237e-9,pu,1.0e-6,true
cf_vt_clarabel_socp,3-14,model,10,11,0.0,pu2,1.0e-6,true
cf_vt_clarabel_socp,3-11,model,10,12,1.8063973029929436e-11,pu2,1.0e-6,true
cf_vt_clarabel_socp,3-12,model,10,12,5.455593048500629e-9,pu,1.0e-6,true
cf_vt_clarabel_socp,pre-SOC-electric,physics,10,12,5.455593048500629e-9,pu,1.0e-6,true
cf_vt_clarabel_socp,3-14,model,10,12,0.0,pu2,1.0e-6,true
cf_vt_clarabel_socp,3-11,model,10,13,5.87812958708191e-12,pu2,1.0e-6,true
cf_vt_clarabel_socp,3-12,model,10,13,0.0,pu,1.0e-6,true
cf_vt_clarabel_socp,pre-SOC-electric,physics,10,13,1.0408771032588415e-8,pu,1.0e-6,true
cf_vt_clarabel_socp,3-14,model,10,13,0.0,pu2,1.0e-6,true
cf_vt_clarabel_socp,3-11,model,10,14,5.6633942971211475e-12,pu2,1.0e-6,true
cf_vt_clarabel_socp,3-12,model,10,14,0.0,pu,1.0e-6,true
cf_vt_clarabel_socp,pre-SOC-electric,physics,10,14,2.7879460511026632e-9,pu,1.0e-6,true
cf_vt_clarabel_socp,3-14,model,10,14,0.0,pu2,1.0e-6,true
cf_vt_clarabel_socp,3-11,model,10,15,5.8750163742354844e-12,pu2,1.0e-6,true
cf_vt_clarabel_socp,3-12,model,10,15,0.0,pu,1.0e-6,true
cf_vt_clarabel_socp,pre-SOC-electric,physics,10,15,5.559766102364305e-9,pu,1.0e-6,true
cf_vt_clarabel_socp,3-14,model,10,15,0.0,pu2,1.0e-6,true
cf_vt_clarabel_socp,3-11,model,10,16,6.2321184132486116e-12,pu2,1.0e-6,true
cf_vt_clarabel_socp,3-12,model,10,16,0.0,pu,1.0e-6,true
cf_vt_clarabel_socp,pre-SOC-electric,physics,10,16,1.4520100075424147e-8,pu,1.0e-6,true
cf_vt_clarabel_socp,3-14,model,10,16,0.0,pu2,1.0e-6,true
cf_vt_clarabel_socp,3-11,model,10,17,6.578973487275956e-12,pu2,1.0e-6,true
cf_vt_clarabel_socp,3-12,model,10,17,0.0,pu,1.0e-6,true
cf_vt_clarabel_socp,pre-SOC-electric,physics,10,17,3.615923905783691e-9,pu,1.0e-6,true
cf_vt_clarabel_socp,3-14,model,10,17,0.0,pu2,1.0e-6,true
cf_vt_clarabel_socp,3-11,model,10,18,1.9225856746473563e-11,pu2,1.0e-6,true
cf_vt_clarabel_socp,3-12,model,10,18,0.0,pu,1.0e-6,true
cf_vt_clarabel_socp,pre-SOC-electric,physics,10,18,5.532829316229337e-9,pu,1.0e-6,true
cf_vt_clarabel_socp,3-14,model,10,18,0.0,pu2,1.0e-6,true
cf_vt_clarabel_socp,3-11,model,10,19,1.846184083261176e-11,pu2,1.0e-6,true
cf_vt_clarabel_socp,3-12,model,10,19,0.0,pu,1.0e-6,true
cf_vt_clarabel_socp,pre-SOC-electric,physics,10,19,1.6032676436461557e-9,pu,1.0e-6,true
cf_vt_clarabel_socp,3-14,model,10,19,0.0,pu2,1.0e-6,true
cf_vt_clarabel_socp,3-11,model,10,20,1.7045606838858715e-11,pu2,1.0e-6,true
cf_vt_clarabel_socp,3-12,model,10,20,0.0,pu,1.0e-6,true
cf_vt_clarabel_socp,pre-SOC-electric,physics,10,20,1.7087436951501722e-9,pu,1.0e-6,true
cf_vt_clarabel_socp,3-14,model,10,20,0.0,pu2,1.0e-6,true
cf_vt_clarabel_socp,3-11,model,10,21,1.5394752460597366e-11,pu2,1.0e-6,true
cf_vt_clarabel_socp,3-12,model,10,21,0.0,pu,1.0e-6,true
cf_vt_clarabel_socp,pre-SOC-electric,physics,10,21,1.6206299752706543e-8,pu,1.0e-6,true
cf_vt_clarabel_socp,3-14,model,10,21,0.0,pu2,1.0e-6,true
cf_vt_clarabel_socp,3-11,model,10,22,1.0097094635278057e-12,pu2,1.0e-6,true
cf_vt_clarabel_socp,3-12,model,10,22,0.0,pu,1.0e-6,true
cf_vt_clarabel_socp,pre-SOC-electric,physics,10,22,2.8862616706371025e-9,pu,1.0e-6,true
cf_vt_clarabel_socp,3-14,model,10,22,0.0,pu2,1.0e-6,true
cf_vt_clarabel_socp,3-11,model,10,23,9.367039309731828e-13,pu2,1.0e-6,true
cf_vt_clarabel_socp,3-12,model,10,23,0.0,pu,1.0e-6,true
cf_vt_clarabel_socp,pre-SOC-electric,physics,10,23,1.2153012459228951e-9,pu,1.0e-6,true
cf_vt_clarabel_socp,3-14,model,10,23,0.0,pu2,1.0e-6,true
cf_vt_clarabel_socp,3-11,model,10,24,8.633765572388223e-13,pu2,1.0e-6,true
cf_vt_clarabel_socp,3-12,model,10,24,0.0,pu,1.0e-6,true
cf_vt_clarabel_socp,pre-SOC-electric,physics,10,24,2.60949100522323e-9,pu,1.0e-6,true
cf_vt_clarabel_socp,3-14,model,10,24,0.0,pu2,1.0e-6,true
cf_vt_clarabel_socp,3-11,model,11,1,4.596247025455424e-13,pu2,1.0e-6,true
cf_vt_clarabel_socp,3-12,model,11,1,0.0,pu,1.0e-6,true
cf_vt_clarabel_socp,pre-SOC-electric,physics,11,1,5.470697996175222e-10,pu,1.0e-6,true
cf_vt_clarabel_socp,3-14,model,11,1,0.0,pu2,1.0e-6,true
cf_vt_clarabel_socp,3-11,model,11,2,4.3387527406702495e-13,pu2,1.0e-6,true
cf_vt_clarabel_socp,3-12,model,11,2,0.0,pu,1.0e-6,true
cf_vt_clarabel_socp,pre-SOC-electric,physics,11,2,2.8737251870671054e-9,pu,1.0e-6,true
cf_vt_clarabel_socp,3-14,model,11,2,0.0,pu2,1.0e-6,true
cf_vt_clarabel_socp,3-11,model,11,3,4.180045981523389e-13,pu2,1.0e-6,true
cf_vt_clarabel_socp,3-12,model,11,3,0.0,pu,1.0e-6,true
cf_vt_clarabel_socp,pre-SOC-electric,physics,11,3,1.2131772782544847e-9,pu,1.0e-6,true
cf_vt_clarabel_socp,3-14,model,11,3,0.0,pu2,1.0e-6,true
cf_vt_clarabel_socp,3-11,model,11,4,4.117982242704478e-13,pu2,1.0e-6,true
cf_vt_clarabel_socp,3-12,model,11,4,0.0,pu,1.0e-6,true
cf_vt_clarabel_socp,pre-SOC-electric,physics,11,4,3.3776665062969224e-9,pu,1.0e-6,true
cf_vt_clarabel_socp,3-14,model,11,4,0.0,pu2,1.0e-6,true
cf_vt_clarabel_socp,3-11,model,11,5,4.268456887689717e-13,pu2,1.0e-6,true
cf_vt_clarabel_socp,3-12,model,11,5,0.0,pu,1.0e-6,true
cf_vt_clarabel_socp,pre-SOC-electric,physics,11,5,1.4878604212391344e-9,pu,1.0e-6,true
cf_vt_clarabel_socp,3-14,model,11,5,0.0,pu2,1.0e-6,true
cf_vt_clarabel_socp,3-11,model,11,6,2.1504305641753215e-12,pu2,1.0e-6,true
cf_vt_clarabel_socp,3-12,model,11,6,0.0,pu,1.0e-6,true
cf_vt_clarabel_socp,pre-SOC-electric,physics,11,6,1.2745631995571965e-8,pu,1.0e-6,true
cf_vt_clarabel_socp,3-14,model,11,6,0.0,pu2,1.0e-6,true
cf_vt_clarabel_socp,3-11,model,11,7,2.5313224069674497e-12,pu2,1.0e-6,true
cf_vt_clarabel_socp,3-12,model,11,7,0.0,pu,1.0e-6,true
cf_vt_clarabel_socp,pre-SOC-electric,physics,11,7,5.017448907740363e-9,pu,1.0e-6,true
cf_vt_clarabel_socp,3-14,model,11,7,0.0,pu2,1.0e-6,true
cf_vt_clarabel_socp,3-11,model,11,8,2.941500740865613e-12,pu2,1.0e-6,true
cf_vt_clarabel_socp,3-12,model,11,8,0.0,pu,1.0e-6,true
cf_vt_clarabel_socp,pre-SOC-electric,physics,11,8,7.1590897073384174e-9,pu,1.0e-6,true
cf_vt_clarabel_socp,3-14,model,11,8,0.0,pu2,1.0e-6,true
cf_vt_clarabel_socp,3-11,model,11,9,9.09338882354281e-12,pu2,1.0e-6,true
cf_vt_clarabel_socp,3-12,model,11,9,0.0,pu,1.0e-6,true
cf_vt_clarabel_socp,pre-SOC-electric,physics,11,9,1.3869990384517139e-8,pu,1.0e-6,true
cf_vt_clarabel_socp,3-14,model,11,9,0.0,pu2,1.0e-6,true
cf_vt_clarabel_socp,3-11,model,11,10,9.567286865153524e-12,pu2,1.0e-6,true
cf_vt_clarabel_socp,3-12,model,11,10,0.0,pu,1.0e-6,true
cf_vt_clarabel_socp,pre-SOC-electric,physics,11,10,1.722908421052799e-8,pu,1.0e-6,true
cf_vt_clarabel_socp,3-14,model,11,10,0.0,pu2,1.0e-6,true
cf_vt_clarabel_socp,3-11,model,11,11,9.738745540996906e-12,pu2,1.0e-6,true
cf_vt_clarabel_socp,3-12,model,11,11,0.0,pu,1.0e-6,true
cf_vt_clarabel_socp,pre-SOC-electric,physics,11,11,1.869317322461539e-10,pu,1.0e-6,true
cf_vt_clarabel_socp,3-14,model,11,11,0.0,pu2,1.0e-6,true
cf_vt_clarabel_socp,3-11,model,11,12,9.297795597879694e-12,pu2,1.0e-6,true
cf_vt_clarabel_socp,3-12,model,11,12,0.0,pu,1.0e-6,true
cf_vt_clarabel_socp,pre-SOC-electric,physics,11,12,1.6454987142831834e-8,pu,1.0e-6,true
cf_vt_clarabel_socp,3-14,model,11,12,0.0,pu2,1.0e-6,true
cf_vt_clarabel_socp,3-11,model,11,13,3.0570579696363015e-12,pu2,1.0e-6,true
cf_vt_clarabel_socp,3-12,model,11,13,0.0,pu,1.0e-6,true
cf_vt_clarabel_socp,pre-SOC-electric,physics,11,13,4.41779074954185e-9,pu,1.0e-6,true
cf_vt_clarabel_socp,3-14,model,11,13,0.0,pu2,1.0e-6,true
cf_vt_clarabel_socp,3-11,model,11,14,2.927347906213232e-12,pu2,1.0e-6,true
cf_vt_clarabel_socp,3-12,model,11,14,9.084968341857569e-10,pu,1.0e-6,true
cf_vt_clarabel_socp,pre-SOC-electric,physics,11,14,9.084968341857569e-10,pu,1.0e-6,true
cf_vt_clarabel_socp,3-14,model,11,14,0.0,pu2,1.0e-6,true
cf_vt_clarabel_socp,3-11,model,11,15,3.0632908929188914e-12,pu2,1.0e-6,true
cf_vt_clarabel_socp,3-12,model,11,15,0.0,pu,1.0e-6,true
cf_vt_clarabel_socp,pre-SOC-electric,physics,11,15,1.5548131150622257e-9,pu,1.0e-6,true
cf_vt_clarabel_socp,3-14,model,11,15,0.0,pu2,1.0e-6,true
cf_vt_clarabel_socp,3-11,model,11,16,3.2339631876092075e-12,pu2,1.0e-6,true
cf_vt_clarabel_socp,3-12,model,11,16,0.0,pu,1.0e-6,true
cf_vt_clarabel_socp,pre-SOC-electric,physics,11,16,7.259300742121222e-9,pu,1.0e-6,true
cf_vt_clarabel_socp,3-14,model,11,16,0.0,pu2,1.0e-6,true
cf_vt_clarabel_socp,3-11,model,11,17,3.4269927610882387e-12,pu2,1.0e-6,true
cf_vt_clarabel_socp,3-12,model,11,17,0.0,pu,1.0e-6,true
cf_vt_clarabel_socp,pre-SOC-electric,physics,11,17,3.758228472351688e-9,pu,1.0e-6,true
cf_vt_clarabel_socp,3-14,model,11,17,0.0,pu2,1.0e-6,true
cf_vt_clarabel_socp,3-11,model,11,18,9.864347802945785e-12,pu2,1.0e-6,true
cf_vt_clarabel_socp,3-12,model,11,18,2.249429737963271e-9,pu,1.0e-6,true
cf_vt_clarabel_socp,pre-SOC-electric,physics,11,18,2.249429737963271e-9,pu,1.0e-6,true
cf_vt_clarabel_socp,3-14,model,11,18,0.0,pu2,1.0e-6,true
cf_vt_clarabel_socp,3-11,model,11,19,9.420303013197543e-12,pu2,1.0e-6,true
cf_vt_clarabel_socp,3-12,model,11,19,0.0,pu,1.0e-6,true
cf_vt_clarabel_socp,pre-SOC-electric,physics,11,19,1.6401242612304467e-9,pu,1.0e-6,true
cf_vt_clarabel_socp,3-14,model,11,19,0.0,pu2,1.0e-6,true
cf_vt_clarabel_socp,3-11,model,11,20,8.719025840404383e-12,pu2,1.0e-6,true
cf_vt_clarabel_socp,3-12,model,11,20,5.616031598966453e-9,pu,1.0e-6,true
cf_vt_clarabel_socp,pre-SOC-electric,physics,11,20,5.616031598966453e-9,pu,1.0e-6,true
cf_vt_clarabel_socp,3-14,model,11,20,0.0,pu2,1.0e-6,true
cf_vt_clarabel_socp,3-11,model,11,21,7.901935484965633e-12,pu2,1.0e-6,true
cf_vt_clarabel_socp,3-12,model,11,21,0.0,pu,1.0e-6,true
cf_vt_clarabel_socp,pre-SOC-electric,physics,11,21,1.1535052318704941e-8,pu,1.0e-6,true
cf_vt_clarabel_socp,3-14,model,11,21,0.0,pu2,1.0e-6,true
cf_vt_clarabel_socp,3-11,model,11,22,5.689761101233381e-13,pu2,1.0e-6,true
cf_vt_clarabel_socp,3-12,model,11,22,0.0,pu,1.0e-6,true
cf_vt_clarabel_socp,pre-SOC-electric,physics,11,22,4.509286728737738e-10,pu,1.0e-6,true
cf_vt_clarabel_socp,3-14,model,11,22,0.0,pu2,1.0e-6,true
cf_vt_clarabel_socp,3-11,model,11,23,5.265823389651232e-13,pu2,1.0e-6,true
cf_vt_clarabel_socp,3-12,model,11,23,0.0,pu,1.0e-6,true
cf_vt_clarabel_socp,pre-SOC-electric,physics,11,23,1.846411925264524e-9,pu,1.0e-6,true
cf_vt_clarabel_socp,3-14,model,11,23,0.0,pu2,1.0e-6,true
cf_vt_clarabel_socp,3-11,model,11,24,4.853368831737208e-13,pu2,1.0e-6,true
cf_vt_clarabel_socp,3-12,model,11,24,0.0,pu,1.0e-6,true
cf_vt_clarabel_socp,pre-SOC-electric,physics,11,24,6.170119736317869e-10,pu,1.0e-6,true
cf_vt_clarabel_socp,3-14,model,11,24,0.0,pu2,1.0e-6,true
cf_vt_clarabel_socp,3-11,model,12,1,2.8557842871620824e-14,pu2,1.0e-6,true
cf_vt_clarabel_socp,3-12,model,12,1,1.5830038637099043e-8,pu,1.0e-6,true
cf_vt_clarabel_socp,pre-SOC-electric,physics,12,1,1.5830038637099043e-8,pu,1.0e-6,true
cf_vt_clarabel_socp,3-14,model,12,1,0.0,pu2,1.0e-6,true
cf_vt_clarabel_socp,3-11,model,12,2,2.72040152889477e-14,pu2,1.0e-6,true
cf_vt_clarabel_socp,3-12,model,12,2,1.4737580105936288e-9,pu,1.0e-6,true
cf_vt_clarabel_socp,pre-SOC-electric,physics,12,2,1.4737580105936288e-9,pu,1.0e-6,true
cf_vt_clarabel_socp,3-14,model,12,2,0.0,pu2,1.0e-6,true
cf_vt_clarabel_socp,3-11,model,12,3,2.628941537052387e-14,pu2,1.0e-6,true
cf_vt_clarabel_socp,3-12,model,12,3,4.584852853980765e-9,pu,1.0e-6,true
cf_vt_clarabel_socp,pre-SOC-electric,physics,12,3,4.584852853980765e-9,pu,1.0e-6,true
cf_vt_clarabel_socp,3-14,model,12,3,0.0,pu2,1.0e-6,true
cf_vt_clarabel_socp,3-11,model,12,4,2.58577766979655e-14,pu2,1.0e-6,true
cf_vt_clarabel_socp,3-12,model,12,4,0.0,pu,1.0e-6,true
cf_vt_clarabel_socp,pre-SOC-electric,physics,12,4,7.557185003107501e-9,pu,1.0e-6,true
cf_vt_clarabel_socp,3-14,model,12,4,0.0,pu2,1.0e-6,true
cf_vt_clarabel_socp,3-11,model,12,5,2.6816292310089147e-14,pu2,1.0e-6,true
cf_vt_clarabel_socp,3-12,model,12,5,0.0,pu,1.0e-6,true
cf_vt_clarabel_socp,pre-SOC-electric,physics,12,5,1.825256816612793e-8,pu,1.0e-6,true
cf_vt_clarabel_socp,3-14,model,12,5,0.0,pu2,1.0e-6,true
cf_vt_clarabel_socp,3-11,model,12,6,2.979560830579527e-14,pu2,1.0e-6,true
cf_vt_clarabel_socp,3-12,model,12,6,1.04173064179047e-8,pu,1.0e-6,true
cf_vt_clarabel_socp,pre-SOC-electric,physics,12,6,1.04173064179047e-8,pu,1.0e-6,true
cf_vt_clarabel_socp,3-14,model,12,6,0.0,pu2,1.0e-6,true
cf_vt_clarabel_socp,3-11,model,12,7,3.409593909834731e-14,pu2,1.0e-6,true
cf_vt_clarabel_socp,3-12,model,12,7,1.6622968196974407e-8,pu,1.0e-6,true
cf_vt_clarabel_socp,pre-SOC-electric,physics,12,7,1.6622968196974407e-8,pu,1.0e-6,true
cf_vt_clarabel_socp,3-14,model,12,7,0.0,pu2,1.0e-6,true
cf_vt_clarabel_socp,3-11,model,12,8,3.878542012027402e-14,pu2,1.0e-6,true
cf_vt_clarabel_socp,3-12,model,12,8,0.0,pu,1.0e-6,true
cf_vt_clarabel_socp,pre-SOC-electric,physics,12,8,1.3944566695464101e-8,pu,1.0e-6,true
cf_vt_clarabel_socp,3-14,model,12,8,0.0,pu2,1.0e-6,true
cf_vt_clarabel_socp,3-11,model,12,9,4.137906888608458e-14,pu2,1.0e-6,true
cf_vt_clarabel_socp,3-12,model,12,9,0.0,pu,1.0e-6,true
cf_vt_clarabel_socp,pre-SOC-electric,physics,12,9,3.2781818940657865e-8,pu,1.0e-6,true
cf_vt_clarabel_socp,3-14,model,12,9,0.0,pu2,1.0e-6,true
cf_vt_clarabel_socp,3-11,model,12,10,4.194186976349233e-14,pu2,1.0e-6,true
cf_vt_clarabel_socp,3-12,model,12,10,4.6280794978163266e-9,pu,1.0e-6,true
cf_vt_clarabel_socp,pre-SOC-electric,physics,12,10,4.6280794978163266e-9,pu,1.0e-6,true
cf_vt_clarabel_socp,3-14,model,12,10,0.0,pu2,1.0e-6,true
cf_vt_clarabel_socp,3-11,model,12,11,4.168371275589406e-14,pu2,1.0e-6,true
cf_vt_clarabel_socp,3-12,model,12,11,0.0,pu,1.0e-6,true
cf_vt_clarabel_socp,pre-SOC-electric,physics,12,11,7.062510411887622e-9,pu,1.0e-6,true
cf_vt_clarabel_socp,3-14,model,12,11,0.0,pu2,1.0e-6,true
cf_vt_clarabel_socp,3-11,model,12,12,3.897460492904327e-14,pu2,1.0e-6,true
cf_vt_clarabel_socp,3-12,model,12,12,0.0,pu,1.0e-6,true
cf_vt_clarabel_socp,pre-SOC-electric,physics,12,12,5.067651626523666e-8,pu,1.0e-6,true
cf_vt_clarabel_socp,3-14,model,12,12,0.0,pu2,1.0e-6,true
cf_vt_clarabel_socp,3-11,model,12,13,3.579780277816833e-14,pu2,1.0e-6,true
cf_vt_clarabel_socp,3-12,model,12,13,0.0,pu,1.0e-6,true
cf_vt_clarabel_socp,pre-SOC-electric,physics,12,13,1.5500821504350112e-8,pu,1.0e-6,true
cf_vt_clarabel_socp,3-14,model,12,13,0.0,pu2,1.0e-6,true
cf_vt_clarabel_socp,3-11,model,12,14,3.466106677526117e-14,pu2,1.0e-6,true
cf_vt_clarabel_socp,3-12,model,12,14,0.0,pu,1.0e-6,true
cf_vt_clarabel_socp,pre-SOC-electric,physics,12,14,4.7156321266676043e-8,pu,1.0e-6,true
cf_vt_clarabel_socp,3-14,model,12,14,0.0,pu2,1.0e-6,true
cf_vt_clarabel_socp,3-11,model,12,15,3.7037523587901515e-14,pu2,1.0e-6,true
cf_vt_clarabel_socp,3-12,model,12,15,0.0,pu,1.0e-6,true
cf_vt_clarabel_socp,pre-SOC-electric,physics,12,15,5.721823010621657e-8,pu,1.0e-6,true
cf_vt_clarabel_socp,3-14,model,12,15,0.0,pu2,1.0e-6,true
cf_vt_clarabel_socp,3-11,model,12,16,4.016345293996436e-14,pu2,1.0e-6,true
cf_vt_clarabel_socp,3-12,model,12,16,0.0,pu,1.0e-6,true
cf_vt_clarabel_socp,pre-SOC-electric,physics,12,16,6.545543538606646e-10,pu,1.0e-6,true
cf_vt_clarabel_socp,3-14,model,12,16,0.0,pu2,1.0e-6,true
cf_vt_clarabel_socp,3-11,model,12,17,4.375551129916482e-14,pu2,1.0e-6,true
cf_vt_clarabel_socp,3-12,model,12,17,2.1424320808367207e-8,pu,1.0e-6,true
cf_vt_clarabel_socp,pre-SOC-electric,physics,12,17,2.1424320808367207e-8,pu,1.0e-6,true
cf_vt_clarabel_socp,3-14,model,12,17,0.0,pu2,1.0e-6,true
cf_vt_clarabel_socp,3-11,model,12,18,4.635115228646732e-14,pu2,1.0e-6,true
cf_vt_clarabel_socp,3-12,model,12,18,3.0098127147613722e-9,pu,1.0e-6,true
cf_vt_clarabel_socp,pre-SOC-electric,physics,12,18,3.0098127147613722e-9,pu,1.0e-6,true
cf_vt_clarabel_socp,3-14,model,12,18,0.0,pu2,1.0e-6,true
cf_vt_clarabel_socp,3-11,model,12,19,4.5030097679072886e-14,pu2,1.0e-6,true
cf_vt_clarabel_socp,3-12,model,12,19,0.0,pu,1.0e-6,true
cf_vt_clarabel_socp,pre-SOC-electric,physics,12,19,3.999627441763666e-8,pu,1.0e-6,true
cf_vt_clarabel_socp,3-14,model,12,19,0.0,pu2,1.0e-6,true
cf_vt_clarabel_socp,3-11,model,12,20,4.191029491631753e-14,pu2,1.0e-6,true
cf_vt_clarabel_socp,3-12,model,12,20,3.91755618711024e-9,pu,1.0e-6,true
cf_vt_clarabel_socp,pre-SOC-electric,physics,12,20,3.91755618711024e-9,pu,1.0e-6,true
cf_vt_clarabel_socp,3-14,model,12,20,0.0,pu2,1.0e-6,true
cf_vt_clarabel_socp,3-11,model,12,21,3.7916941992861136e-14,pu2,1.0e-6,true
cf_vt_clarabel_socp,3-12,model,12,21,0.0,pu,1.0e-6,true
cf_vt_clarabel_socp,pre-SOC-electric,physics,12,21,3.5913433117347807e-8,pu,1.0e-6,true
cf_vt_clarabel_socp,3-14,model,12,21,0.0,pu2,1.0e-6,true
cf_vt_clarabel_socp,3-11,model,12,22,3.443244495950071e-14,pu2,1.0e-6,true
cf_vt_clarabel_socp,3-12,model,12,22,0.0,pu,1.0e-6,true
cf_vt_clarabel_socp,pre-SOC-electric,physics,12,22,2.1036863950048973e-10,pu,1.0e-6,true
cf_vt_clarabel_socp,3-14,model,12,22,0.0,pu2,1.0e-6,true
cf_vt_clarabel_socp,3-11,model,12,23,3.2224806895445827e-14,pu2,1.0e-6,true
cf_vt_clarabel_socp,3-12,model,12,23,2.8453632731212375e-9,pu,1.0e-6,true
cf_vt_clarabel_socp,pre-SOC-electric,physics,12,23,2.8453632731212375e-9,pu,1.0e-6,true
cf_vt_clarabel_socp,3-14,model,12,23,0.0,pu2,1.0e-6,true
cf_vt_clarabel_socp,3-11,model,12,24,2.982664486353209e-14,pu2,1.0e-6,true
cf_vt_clarabel_socp,3-12,model,12,24,0.0,pu,1.0e-6,true
cf_vt_clarabel_socp,pre-SOC-electric,physics,12,24,2.0114913722190687e-8,pu,1.0e-6,true
cf_vt_clarabel_socp,3-14,model,12,24,0.0,pu2,1.0e-6,true
cf_vt_clarabel_socp,3-11,model,13,1,1.4694321936198503e-13,pu2,1.0e-6,true
cf_vt_clarabel_socp,3-12,model,13,1,0.0,pu,1.0e-6,true
cf_vt_clarabel_socp,pre-SOC-electric,physics,13,1,6.736472015302954e-9,pu,1.0e-6,true
cf_vt_clarabel_socp,3-14,model,13,1,0.0,pu2,1.0e-6,true
cf_vt_clarabel_socp,3-11,model,13,2,1.39111372313654e-13,pu2,1.0e-6,true
cf_vt_clarabel_socp,3-12,model,13,2,0.0,pu,1.0e-6,true
cf_vt_clarabel_socp,pre-SOC-electric,physics,13,2,1.0708749516373343e-8,pu,1.0e-6,true
cf_vt_clarabel_socp,3-14,model,13,2,0.0,pu2,1.0e-6,true
cf_vt_clarabel_socp,3-11,model,13,3,1.356915885974638e-13,pu2,1.0e-6,true
cf_vt_clarabel_socp,3-12,model,13,3,0.0,pu,1.0e-6,true
cf_vt_clarabel_socp,pre-SOC-electric,physics,13,3,2.806624662494636e-9,pu,1.0e-6,true
cf_vt_clarabel_socp,3-14,model,13,3,0.0,pu2,1.0e-6,true
cf_vt_clarabel_socp,3-11,model,13,4,1.3208684719042763e-13,pu2,1.0e-6,true
cf_vt_clarabel_socp,3-12,model,13,4,0.0,pu,1.0e-6,true
cf_vt_clarabel_socp,pre-SOC-electric,physics,13,4,6.186414390312034e-9,pu,1.0e-6,true
cf_vt_clarabel_socp,3-14,model,13,4,0.0,pu2,1.0e-6,true
cf_vt_clarabel_socp,3-11,model,13,5,1.3837560349676866e-13,pu2,1.0e-6,true
cf_vt_clarabel_socp,3-12,model,13,5,0.0,pu,1.0e-6,true
cf_vt_clarabel_socp,pre-SOC-electric,physics,13,5,4.194290896802205e-9,pu,1.0e-6,true
cf_vt_clarabel_socp,3-14,model,13,5,0.0,pu2,1.0e-6,true
cf_vt_clarabel_socp,3-11,model,13,6,5.778956567431938e-13,pu2,1.0e-6,true
cf_vt_clarabel_socp,3-12,model,13,6,0.0,pu,1.0e-6,true
cf_vt_clarabel_socp,pre-SOC-electric,physics,13,6,1.508998755464508e-8,pu,1.0e-6,true
cf_vt_clarabel_socp,3-14,model,13,6,0.0,pu2,1.0e-6,true
cf_vt_clarabel_socp,3-11,model,13,7,6.86338006962656e-13,pu2,1.0e-6,true
cf_vt_clarabel_socp,3-12,model,13,7,0.0,pu,1.0e-6,true
cf_vt_clarabel_socp,pre-SOC-electric,physics,13,7,1.513575076427312e-8,pu,1.0e-6,true
cf_vt_clarabel_socp,3-14,model,13,7,0.0,pu2,1.0e-6,true
cf_vt_clarabel_socp,3-11,model,13,8,7.923926475367736e-13,pu2,1.0e-6,true
cf_vt_clarabel_socp,3-12,model,13,8,0.0,pu,1.0e-6,true
cf_vt_clarabel_socp,pre-SOC-electric,physics,13,8,3.5394396452354676e-9,pu,1.0e-6,true
cf_vt_clarabel_socp,3-14,model,13,8,0.0,pu2,1.0e-6,true
cf_vt_clarabel_socp,3-11,model,13,9,2.349274045596397e-12,pu2,1.0e-6,true
cf_vt_clarabel_socp,3-12,model,13,9,0.0,pu,1.0e-6,true
cf_vt_clarabel_socp,pre-SOC-electric,physics,13,9,3.231373315280839e-8,pu,1.0e-6,true
cf_vt_clarabel_socp,3-14,model,13,9,0.0,pu2,1.0e-6,true
cf_vt_clarabel_socp,3-11,model,13,10,2.5223707162942786e-12,pu2,1.0e-6,true
cf_vt_clarabel_socp,3-12,model,13,10,0.0,pu,1.0e-6,true
cf_vt_clarabel_socp,pre-SOC-electric,physics,13,10,5.467295579372061e-9,pu,1.0e-6,true
cf_vt_clarabel_socp,3-14,model,13,10,0.0,pu2,1.0e-6,true
cf_vt_clarabel_socp,3-11,model,13,11,2.55390874294686e-12,pu2,1.0e-6,true
cf_vt_clarabel_socp,3-12,model,13,11,9.669243036889569e-9,pu,1.0e-6,true
cf_vt_clarabel_socp,pre-SOC-electric,physics,13,11,9.669243036889569e-9,pu,1.0e-6,true
cf_vt_clarabel_socp,3-14,model,13,11,0.0,pu2,1.0e-6,true
cf_vt_clarabel_socp,3-11,model,13,12,2.4954212009481794e-12,pu2,1.0e-6,true
cf_vt_clarabel_socp,3-12,model,13,12,0.0,pu,1.0e-6,true
cf_vt_clarabel_socp,pre-SOC-electric,physics,13,12,5.312645792038273e-10,pu,1.0e-6,true
cf_vt_clarabel_socp,3-14,model,13,12,0.0,pu2,1.0e-6,true
cf_vt_clarabel_socp,3-11,model,13,13,8.340934009015005e-13,pu2,1.0e-6,true
cf_vt_clarabel_socp,3-12,model,13,13,0.0,pu,1.0e-6,true
cf_vt_clarabel_socp,pre-SOC-electric,physics,13,13,6.463639242327429e-9,pu,1.0e-6,true
cf_vt_clarabel_socp,3-14,model,13,13,0.0,pu2,1.0e-6,true
cf_vt_clarabel_socp,3-11,model,13,14,7.839189578845288e-13,pu2,1.0e-6,true
cf_vt_clarabel_socp,3-12,model,13,14,0.0,pu,1.0e-6,true
cf_vt_clarabel_socp,pre-SOC-electric,physics,13,14,1.8021713469630607e-8,pu,1.0e-6,true
cf_vt_clarabel_socp,3-14,model,13,14,0.0,pu2,1.0e-6,true
cf_vt_clarabel_socp,3-11,model,13,15,8.298778729300452e-13,pu2,1.0e-6,true
cf_vt_clarabel_socp,3-12,model,13,15,0.0,pu,1.0e-6,true
cf_vt_clarabel_socp,pre-SOC-electric,physics,13,15,1.4341736030536179e-8,pu,1.0e-6,true
cf_vt_clarabel_socp,3-14,model,13,15,0.0,pu2,1.0e-6,true
cf_vt_clarabel_socp,3-11,model,13,16,8.893756651956854e-13,pu2,1.0e-6,true
cf_vt_clarabel_socp,3-12,model,13,16,0.0,pu,1.0e-6,true
cf_vt_clarabel_socp,pre-SOC-electric,physics,13,16,1.4366380506666138e-8,pu,1.0e-6,true
cf_vt_clarabel_socp,3-14,model,13,16,0.0,pu2,1.0e-6,true
cf_vt_clarabel_socp,3-11,model,13,17,9.302972227878377e-13,pu2,1.0e-6,true
cf_vt_clarabel_socp,3-12,model,13,17,0.0,pu,1.0e-6,true
cf_vt_clarabel_socp,pre-SOC-electric,physics,13,17,1.1644270199321141e-8,pu,1.0e-6,true
cf_vt_clarabel_socp,3-14,model,13,17,0.0,pu2,1.0e-6,true
cf_vt_clarabel_socp,3-11,model,13,18,2.5760422051377243e-12,pu2,1.0e-6,true
cf_vt_clarabel_socp,3-12,model,13,18,0.0,pu,1.0e-6,true
cf_vt_clarabel_socp,pre-SOC-electric,physics,13,18,4.7057223963829775e-9,pu,1.0e-6,true
cf_vt_clarabel_socp,3-14,model,13,18,0.0,pu2,1.0e-6,true
cf_vt_clarabel_socp,3-11,model,13,19,2.4542491536906673e-12,pu2,1.0e-6,true
cf_vt_clarabel_socp,3-12,model,13,19,1.421027219939558e-9,pu,1.0e-6,true
cf_vt_clarabel_socp,pre-SOC-electric,physics,13,19,1.421027219939558e-9,pu,1.0e-6,true
cf_vt_clarabel_socp,3-14,model,13,19,0.0,pu2,1.0e-6,true
cf_vt_clarabel_socp,3-11,model,13,20,2.2719594938087656e-12,pu2,1.0e-6,true
cf_vt_clarabel_socp,3-12,model,13,20,0.0,pu,1.0e-6,true
cf_vt_clarabel_socp,pre-SOC-electric,physics,13,20,2.4973389023408288e-8,pu,1.0e-6,true
cf_vt_clarabel_socp,3-14,model,13,20,0.0,pu2,1.0e-6,true
cf_vt_clarabel_socp,3-11,model,13,21,2.0912384491596865e-12,pu2,1.0e-6,true
cf_vt_clarabel_socp,3-12,model,13,21,4.492860727553505e-12,pu,1.0e-6,true
cf_vt_clarabel_socp,pre-SOC-electric,physics,13,21,4.492860727553505e-12,pu,1.0e-6,true
cf_vt_clarabel_socp,3-14,model,13,21,0.0,pu2,1.0e-6,true
cf_vt_clarabel_socp,3-11,model,13,22,1.875344336811917e-13,pu2,1.0e-6,true
cf_vt_clarabel_socp,3-12,model,13,22,0.0,pu,1.0e-6,true
cf_vt_clarabel_socp,pre-SOC-electric,physics,13,22,4.706622986749148e-9,pu,1.0e-6,true
cf_vt_clarabel_socp,3-14,model,13,22,0.0,pu2,1.0e-6,true
cf_vt_clarabel_socp,3-11,model,13,23,1.693683111849407e-13,pu2,1.0e-6,true
cf_vt_clarabel_socp,3-12,model,13,23,4.388339436950904e-9,pu,1.0e-6,true
cf_vt_clarabel_socp,pre-SOC-electric,physics,13,23,4.388339436950904e-9,pu,1.0e-6,true
cf_vt_clarabel_socp,3-14,model,13,23,0.0,pu2,1.0e-6,true
cf_vt_clarabel_socp,3-11,model,13,24,1.584221569236161e-13,pu2,1.0e-6,true
cf_vt_clarabel_socp,3-12,model,13,24,0.0,pu,1.0e-6,true
cf_vt_clarabel_socp,pre-SOC-electric,physics,13,24,8.050305975548615e-9,pu,1.0e-6,true
cf_vt_clarabel_socp,3-14,model,13,24,0.0,pu2,1.0e-6,true
cf_vt_clarabel_socp,3-11,model,14,1,3.4489346515314883e-14,pu2,1.0e-6,true
cf_vt_clarabel_socp,3-12,model,14,1,4.2422532598330315e-10,pu,1.0e-6,true
cf_vt_clarabel_socp,pre-SOC-electric,physics,14,1,4.2422532598330315e-10,pu,1.0e-6,true
cf_vt_clarabel_socp,3-14,model,14,1,0.0,pu2,1.0e-6,true
cf_vt_clarabel_socp,3-11,model,14,2,3.4228813580299564e-14,pu2,1.0e-6,true
cf_vt_clarabel_socp,3-12,model,14,2,0.0,pu,1.0e-6,true
cf_vt_clarabel_socp,pre-SOC-electric,physics,14,2,1.677320995050152e-8,pu,1.0e-6,true
cf_vt_clarabel_socp,3-14,model,14,2,0.0,pu2,1.0e-6,true
cf_vt_clarabel_socp,3-11,model,14,3,3.131813097024356e-14,pu2,1.0e-6,true
cf_vt_clarabel_socp,3-12,model,14,3,0.0,pu,1.0e-6,true
cf_vt_clarabel_socp,pre-SOC-electric,physics,14,3,1.634140823475309e-8,pu,1.0e-6,true
cf_vt_clarabel_socp,3-14,model,14,3,0.0,pu2,1.0e-6,true
cf_vt_clarabel_socp,3-11,model,14,4,3.161986316429686e-14,pu2,1.0e-6,true
cf_vt_clarabel_socp,3-12,model,14,4,2.6217461114954634e-9,pu,1.0e-6,true
cf_vt_clarabel_socp,pre-SOC-electric,physics,14,4,2.6217461114954634e-9,pu,1.0e-6,true
cf_vt_clarabel_socp,3-14,model,14,4,0.0,pu2,1.0e-6,true
cf_vt_clarabel_socp,3-11,model,14,5,3.497835515290726e-14,pu2,1.0e-6,true
cf_vt_clarabel_socp,3-12,model,14,5,0.0,pu,1.0e-6,true
cf_vt_clarabel_socp,pre-SOC-electric,physics,14,5,4.565366941558296e-9,pu,1.0e-6,true
cf_vt_clarabel_socp,3-14,model,14,5,0.0,pu2,1.0e-6,true
cf_vt_clarabel_socp,3-11,model,14,6,4.9211802354394906e-14,pu2,1.0e-6,true
cf_vt_clarabel_socp,3-12,model,14,6,0.0,pu,1.0e-6,true
cf_vt_clarabel_socp,pre-SOC-electric,physics,14,6,9.712596221131973e-9,pu,1.0e-6,true
cf_vt_clarabel_socp,3-14,model,14,6,0.0,pu2,1.0e-6,true
cf_vt_clarabel_socp,3-11,model,14,7,6.033339619733718e-14,pu2,1.0e-6,true
cf_vt_clarabel_socp,3-12,model,14,7,0.0,pu,1.0e-6,true
cf_vt_clarabel_socp,pre-SOC-electric,physics,14,7,3.561617887279985e-9,pu,1.0e-6,true
cf_vt_clarabel_socp,3-14,model,14,7,0.0,pu2,1.0e-6,true
cf_vt_clarabel_socp,3-11,model,14,8,5.826860007544137e-14,pu2,1.0e-6,true
cf_vt_clarabel_socp,3-12,model,14,8,4.882023068144073e-10,pu,1.0e-6,true
cf_vt_clarabel_socp,pre-SOC-electric,physics,14,8,4.882023068144073e-10,pu,1.0e-6,true
cf_vt_clarabel_socp,3-14,model,14,8,0.0,pu2,1.0e-6,true
cf_vt_clarabel_socp,3-11,model,14,9,9.171754915065448e-14,pu2,1.0e-6,true
cf_vt_clarabel_socp,3-12,model,14,9,0.0,pu,1.0e-6,true
cf_vt_clarabel_socp,pre-SOC-electric,physics,14,9,1.6931393576936644e-8,pu,1.0e-6,true
cf_vt_clarabel_socp,3-14,model,14,9,0.0,pu2,1.0e-6,true
cf_vt_clarabel_socp,3-11,model,14,10,3.925938248810785e-14,pu2,1.0e-6,true
cf_vt_clarabel_socp,3-12,model,14,10,0.0,pu,1.0e-6,true
cf_vt_clarabel_socp,pre-SOC-electric,physics,14,10,3.915735803525699e-8,pu,1.0e-6,true
cf_vt_clarabel_socp,3-14,model,14,10,0.0,pu2,1.0e-6,true
cf_vt_clarabel_socp,3-11,model,14,11,4.923671909908781e-14,pu2,1.0e-6,true
cf_vt_clarabel_socp,3-12,model,14,11,0.0,pu,1.0e-6,true
cf_vt_clarabel_socp,pre-SOC-electric,physics,14,11,3.190013471291494e-8,pu,1.0e-6,true
cf_vt_clarabel_socp,3-14,model,14,11,0.0,pu2,1.0e-6,true
cf_vt_clarabel_socp,3-11,model,14,12,2.2793165331503815e-14,pu2,1.0e-6,true
cf_vt_clarabel_socp,3-12,model,14,12,1.5846686453877597e-8,pu,1.0e-6,true
cf_vt_clarabel_socp,pre-SOC-electric,physics,14,12,1.5846686453877597e-8,pu,1.0e-6,true
cf_vt_clarabel_socp,3-14,model,14,12,0.0,pu2,1.0e-6,true
cf_vt_clarabel_socp,3-11,model,14,13,4.0079062200396465e-14,pu2,1.0e-6,true
cf_vt_clarabel_socp,3-12,model,14,13,0.0,pu,1.0e-6,true
cf_vt_clarabel_socp,pre-SOC-electric,physics,14,13,7.189580461465679e-10,pu,1.0e-6,true
cf_vt_clarabel_socp,3-14,model,14,13,0.0,pu2,1.0e-6,true
cf_vt_clarabel_socp,3-11,model,14,14,6.529151964771622e-14,pu2,1.0e-6,true
cf_vt_clarabel_socp,3-12,model,14,14,0.0,pu,1.0e-6,true
cf_vt_clarabel_socp,pre-SOC-electric,physics,14,14,1.8120381678975693e-8,pu,1.0e-6,true
cf_vt_clarabel_socp,3-14,model,14,14,0.0,pu2,1.0e-6,true
cf_vt_clarabel_socp,3-11,model,14,15,4.481448120718457e-14,pu2,1.0e-6,true
cf_vt_clarabel_socp,3-12,model,14,15,0.0,pu,1.0e-6,true
cf_vt_clarabel_socp,pre-SOC-electric,physics,14,15,2.3524263499728575e-8,pu,1.0e-6,true
cf_vt_clarabel_socp,3-14,model,14,15,0.0,pu2,1.0e-6,true
cf_vt_clarabel_socp,3-11,model,14,16,5.213090870711135e-14,pu2,1.0e-6,true
cf_vt_clarabel_socp,3-12,model,14,16,2.9572866764194117e-8,pu,1.0e-6,true
cf_vt_clarabel_socp,pre-SOC-electric,physics,14,16,2.9572866764194117e-8,pu,1.0e-6,true
cf_vt_clarabel_socp,3-14,model,14,16,0.0,pu2,1.0e-6,true
cf_vt_clarabel_socp,3-11,model,14,17,6.946208711033127e-14,pu2,1.0e-6,true
cf_vt_clarabel_socp,3-12,model,14,17,0.0,pu,1.0e-6,true
cf_vt_clarabel_socp,pre-SOC-electric,physics,14,17,2.833950891605085e-8,pu,1.0e-6,true
cf_vt_clarabel_socp,3-14,model,14,17,0.0,pu2,1.0e-6,true
cf_vt_clarabel_socp,3-11,model,14,18,1.126650822061339e-13,pu2,1.0e-6,true
cf_vt_clarabel_socp,3-12,model,14,18,1.0229169725671505e-8,pu,1.0e-6,true
cf_vt_clarabel_socp,pre-SOC-electric,physics,14,18,1.0229169725671505e-8,pu,1.0e-6,true
cf_vt_clarabel_socp,3-14,model,14,18,0.0,pu2,1.0e-6,true
cf_vt_clarabel_socp,3-11,model,14,19,6.066050338090784e-14,pu2,1.0e-6,true
cf_vt_clarabel_socp,3-12,model,14,19,0.0,pu,1.0e-6,true
cf_vt_clarabel_socp,pre-SOC-electric,physics,14,19,7.2386655938544604e-9,pu,1.0e-6,true
cf_vt_clarabel_socp,3-14,model,14,19,0.0,pu2,1.0e-6,true
cf_vt_clarabel_socp,3-11,model,14,20,7.345630654849271e-14,pu2,1.0e-6,true
cf_vt_clarabel_socp,3-12,model,14,20,2.8205423661486866e-8,pu,1.0e-6,true
cf_vt_clarabel_socp,pre-SOC-electric,physics,14,20,2.8205423661486866e-8,pu,1.0e-6,true
cf_vt_clarabel_socp,3-14,model,14,20,0.0,pu2,1.0e-6,true
cf_vt_clarabel_socp,3-11,model,14,21,3.2636409850669845e-14,pu2,1.0e-6,true
cf_vt_clarabel_socp,3-12,model,14,21,1.069175422155344e-8,pu,1.0e-6,true
cf_vt_clarabel_socp,pre-SOC-electric,physics,14,21,1.069175422155344e-8,pu,1.0e-6,true
cf_vt_clarabel_socp,3-14,model,14,21,0.0,pu2,1.0e-6,true
cf_vt_clarabel_socp,3-11,model,14,22,3.969984809100956e-14,pu2,1.0e-6,true
cf_vt_clarabel_socp,3-12,model,14,22,3.255816458450078e-10,pu,1.0e-6,true
cf_vt_clarabel_socp,pre-SOC-electric,physics,14,22,3.255816458450078e-10,pu,1.0e-6,true
cf_vt_clarabel_socp,3-14,model,14,22,0.0,pu2,1.0e-6,true
cf_vt_clarabel_socp,3-11,model,14,23,4.324177226412793e-14,pu2,1.0e-6,true
cf_vt_clarabel_socp,3-12,model,14,23,0.0,pu,1.0e-6,true
cf_vt_clarabel_socp,pre-SOC-electric,physics,14,23,1.686427894887258e-8,pu,1.0e-6,true
cf_vt_clarabel_socp,3-14,model,14,23,0.0,pu2,1.0e-6,true
cf_vt_clarabel_socp,3-11,model,14,24,3.50743396559407e-14,pu2,1.0e-6,true
cf_vt_clarabel_socp,3-12,model,14,24,0.0,pu,1.0e-6,true
cf_vt_clarabel_socp,pre-SOC-electric,physics,14,24,6.563271953832295e-9,pu,1.0e-6,true
cf_vt_clarabel_socp,3-14,model,14,24,0.0,pu2,1.0e-6,true
cf_vt_clarabel_socp,3-11,model,15,1,1.6489687389251596e-12,pu2,1.0e-6,true
cf_vt_clarabel_socp,3-12,model,15,1,0.0,pu,1.0e-6,true
cf_vt_clarabel_socp,pre-SOC-electric,physics,15,1,4.256623178933161e-10,pu,1.0e-6,true
cf_vt_clarabel_socp,3-14,model,15,1,0.0,pu2,1.0e-6,true
cf_vt_clarabel_socp,3-11,model,15,2,1.5128839487397344e-12,pu2,1.0e-6,true
cf_vt_clarabel_socp,3-12,model,15,2,0.0,pu,1.0e-6,true
cf_vt_clarabel_socp,pre-SOC-electric,physics,15,2,2.1920430887112374e-9,pu,1.0e-6,true
cf_vt_clarabel_socp,3-14,model,15,2,0.0,pu2,1.0e-6,true
cf_vt_clarabel_socp,3-11,model,15,3,1.4830917103545197e-12,pu2,1.0e-6,true
cf_vt_clarabel_socp,3-12,model,15,3,0.0,pu,1.0e-6,true
cf_vt_clarabel_socp,pre-SOC-electric,physics,15,3,2.0726069437093653e-9,pu,1.0e-6,true
cf_vt_clarabel_socp,3-14,model,15,3,0.0,pu2,1.0e-6,true
cf_vt_clarabel_socp,3-11,model,15,4,1.4036330577147564e-12,pu2,1.0e-6,true
cf_vt_clarabel_socp,3-12,model,15,4,0.0,pu,1.0e-6,true
cf_vt_clarabel_socp,pre-SOC-electric,physics,15,4,1.4130003417323067e-9,pu,1.0e-6,true
cf_vt_clarabel_socp,3-14,model,15,4,0.0,pu2,1.0e-6,true
cf_vt_clarabel_socp,3-11,model,15,5,1.57071487122122e-12,pu2,1.0e-6,true
cf_vt_clarabel_socp,3-12,model,15,5,0.0,pu,1.0e-6,true
cf_vt_clarabel_socp,pre-SOC-electric,physics,15,5,7.427944613558335e-10,pu,1.0e-6,true
cf_vt_clarabel_socp,3-14,model,15,5,0.0,pu2,1.0e-6,true
cf_vt_clarabel_socp,3-11,model,15,6,8.387158557827945e-12,pu2,1.0e-6,true
cf_vt_clarabel_socp,3-12,model,15,6,0.0,pu,1.0e-6,true
cf_vt_clarabel_socp,pre-SOC-electric,physics,15,6,4.748061424933447e-9,pu,1.0e-6,true
cf_vt_clarabel_socp,3-14,model,15,6,0.0,pu2,1.0e-6,true
cf_vt_clarabel_socp,3-11,model,15,7,9.470495699610132e-12,pu2,1.0e-6,true
cf_vt_clarabel_socp,3-12,model,15,7,0.0,pu,1.0e-6,true
cf_vt_clarabel_socp,pre-SOC-electric,physics,15,7,5.112996855766161e-9,pu,1.0e-6,true
cf_vt_clarabel_socp,3-14,model,15,7,0.0,pu2,1.0e-6,true
cf_vt_clarabel_socp,3-11,model,15,8,1.1338348314606655e-11,pu2,1.0e-6,true
cf_vt_clarabel_socp,3-12,model,15,8,1.3087091133012763e-10,pu,1.0e-6,true
cf_vt_clarabel_socp,pre-SOC-electric,physics,15,8,1.3087091133012763e-10,pu,1.0e-6,true
cf_vt_clarabel_socp,3-14,model,15,8,0.0,pu2,1.0e-6,true
cf_vt_clarabel_socp,3-11,model,15,9,3.671233693126007e-11,pu2,1.0e-6,true
cf_vt_clarabel_socp,3-12,model,15,9,1.0270797892730776e-9,pu,1.0e-6,true
cf_vt_clarabel_socp,pre-SOC-electric,physics,15,9,1.0270797892730776e-9,pu,1.0e-6,true
cf_vt_clarabel_socp,3-14,model,15,9,0.0,pu2,1.0e-6,true
cf_vt_clarabel_socp,3-11,model,15,10,3.973489582070194e-11,pu2,1.0e-6,true
cf_vt_clarabel_socp,3-12,model,15,10,0.0,pu,1.0e-6,true
cf_vt_clarabel_socp,pre-SOC-electric,physics,15,10,2.8091481571457244e-9,pu,1.0e-6,true
cf_vt_clarabel_socp,3-14,model,15,10,0.0,pu2,1.0e-6,true
cf_vt_clarabel_socp,3-11,model,15,11,4.0024004472678136e-11,pu2,1.0e-6,true
cf_vt_clarabel_socp,3-12,model,15,11,4.0475370277626155e-10,pu,1.0e-6,true
cf_vt_clarabel_socp,pre-SOC-electric,physics,15,11,4.0475370277626155e-10,pu,1.0e-6,true
cf_vt_clarabel_socp,3-14,model,15,11,0.0,pu2,1.0e-6,true
cf_vt_clarabel_socp,3-11,model,15,12,3.660329346716893e-11,pu2,1.0e-6,true
cf_vt_clarabel_socp,3-12,model,15,12,0.0,pu,1.0e-6,true
cf_vt_clarabel_socp,pre-SOC-electric,physics,15,12,6.535365887350153e-9,pu,1.0e-6,true
cf_vt_clarabel_socp,3-14,model,15,12,0.0,pu2,1.0e-6,true
cf_vt_clarabel_socp,3-11,model,15,13,1.2223578838574736e-11,pu2,1.0e-6,true
cf_vt_clarabel_socp,3-12,model,15,13,0.0,pu,1.0e-6,true
cf_vt_clarabel_socp,pre-SOC-electric,physics,15,13,4.821786494385583e-9,pu,1.0e-6,true
cf_vt_clarabel_socp,3-14,model,15,13,0.0,pu2,1.0e-6,true
cf_vt_clarabel_socp,3-11,model,15,14,1.1451996404806099e-11,pu2,1.0e-6,true
cf_vt_clarabel_socp,3-12,model,15,14,0.0,pu,1.0e-6,true
cf_vt_clarabel_socp,pre-SOC-electric,physics,15,14,1.3257238640207447e-9,pu,1.0e-6,true
cf_vt_clarabel_socp,3-14,model,15,14,0.0,pu2,1.0e-6,true
cf_vt_clarabel_socp,3-11,model,15,15,1.2221430928191924e-11,pu2,1.0e-6,true
cf_vt_clarabel_socp,3-12,model,15,15,0.0,pu,1.0e-6,true
cf_vt_clarabel_socp,pre-SOC-electric,physics,15,15,2.4017043354085388e-9,pu,1.0e-6,true
cf_vt_clarabel_socp,3-14,model,15,15,0.0,pu2,1.0e-6,true
cf_vt_clarabel_socp,3-11,model,15,16,1.2892616304315875e-11,pu2,1.0e-6,true
cf_vt_clarabel_socp,3-12,model,15,16,0.0,pu,1.0e-6,true
cf_vt_clarabel_socp,pre-SOC-electric,physics,15,16,1.0345289486179965e-9,pu,1.0e-6,true
cf_vt_clarabel_socp,3-14,model,15,16,0.0,pu2,1.0e-6,true
cf_vt_clarabel_socp,3-11,model,15,17,1.3292814897723553e-11,pu2,1.0e-6,true
cf_vt_clarabel_socp,3-12,model,15,17,0.0,pu,1.0e-6,true
cf_vt_clarabel_socp,pre-SOC-electric,physics,15,17,2.265641861620704e-9,pu,1.0e-6,true
cf_vt_clarabel_socp,3-14,model,15,17,0.0,pu2,1.0e-6,true
cf_vt_clarabel_socp,3-11,model,15,18,3.845224902444583e-11,pu2,1.0e-6,true
cf_vt_clarabel_socp,3-12,model,15,18,2.8081515307532e-9,pu,1.0e-6,true
cf_vt_clarabel_socp,pre-SOC-electric,physics,15,18,2.8081515307532e-9,pu,1.0e-6,true
cf_vt_clarabel_socp,3-14,model,15,18,0.0,pu2,1.0e-6,true
cf_vt_clarabel_socp,3-11,model,15,19,3.8333171901134915e-11,pu2,1.0e-6,true
cf_vt_clarabel_socp,3-12,model,15,19,0.0,pu,1.0e-6,true
cf_vt_clarabel_socp,pre-SOC-electric,physics,15,19,9.328198102842578e-9,pu,1.0e-6,true
cf_vt_clarabel_socp,3-14,model,15,19,0.0,pu2,1.0e-6,true
cf_vt_clarabel_socp,3-11,model,15,20,3.610929414702671e-11,pu2,1.0e-6,true
cf_vt_clarabel_socp,3-12,model,15,20,0.0,pu,1.0e-6,true
cf_vt_clarabel_socp,pre-SOC-electric,physics,15,20,7.189740896390573e-9,pu,1.0e-6,true
cf_vt_clarabel_socp,3-14,model,15,20,0.0,pu2,1.0e-6,true
cf_vt_clarabel_socp,3-11,model,15,21,3.121574054422432e-11,pu2,1.0e-6,true
cf_vt_clarabel_socp,3-12,model,15,21,0.0,pu,1.0e-6,true
cf_vt_clarabel_socp,pre-SOC-electric,physics,15,21,4.8179724966568305e-9,pu,1.0e-6,true
cf_vt_clarabel_socp,3-14,model,15,21,0.0,pu2,1.0e-6,true
cf_vt_clarabel_socp,3-11,model,15,22,1.9794370119109684e-12,pu2,1.0e-6,true
cf_vt_clarabel_socp,3-12,model,15,22,0.0,pu,1.0e-6,true
cf_vt_clarabel_socp,pre-SOC-electric,physics,15,22,1.8633764635456185e-9,pu,1.0e-6,true
cf_vt_clarabel_socp,3-14,model,15,22,0.0,pu2,1.0e-6,true
cf_vt_clarabel_socp,3-11,model,15,23,1.929172954502243e-12,pu2,1.0e-6,true
cf_vt_clarabel_socp,3-12,model,15,23,9.873516865210874e-10,pu,1.0e-6,true
cf_vt_clarabel_socp,pre-SOC-electric,physics,15,23,9.873516865210874e-10,pu,1.0e-6,true
cf_vt_clarabel_socp,3-14,model,15,23,0.0,pu2,1.0e-6,true
cf_vt_clarabel_socp,3-11,model,15,24,1.6873736925978342e-12,pu2,1.0e-6,true
cf_vt_clarabel_socp,3-12,model,15,24,0.0,pu,1.0e-6,true
cf_vt_clarabel_socp,pre-SOC-electric,physics,15,24,1.676730516583791e-9,pu,1.0e-6,true
cf_vt_clarabel_socp,3-14,model,15,24,0.0,pu2,1.0e-6,true
cf_vt_clarabel_socp,3-11,model,16,1,1.2172458280931505e-13,pu2,1.0e-6,true
cf_vt_clarabel_socp,3-12,model,16,1,0.0,pu,1.0e-6,true
cf_vt_clarabel_socp,pre-SOC-electric,physics,16,1,3.6356778820162416e-9,pu,1.0e-6,true
cf_vt_clarabel_socp,3-14,model,16,1,0.0,pu2,1.0e-6,true
cf_vt_clarabel_socp,3-11,model,16,2,1.1566050792146385e-13,pu2,1.0e-6,true
cf_vt_clarabel_socp,3-12,model,16,2,0.0,pu,1.0e-6,true
cf_vt_clarabel_socp,pre-SOC-electric,physics,16,2,1.0262157614350856e-8,pu,1.0e-6,true
cf_vt_clarabel_socp,3-14,model,16,2,0.0,pu2,1.0e-6,true
cf_vt_clarabel_socp,3-11,model,16,3,1.1027107995302413e-13,pu2,1.0e-6,true
cf_vt_clarabel_socp,3-12,model,16,3,4.234676404023599e-10,pu,1.0e-6,true
cf_vt_clarabel_socp,pre-SOC-electric,physics,16,3,4.234676404023599e-10,pu,1.0e-6,true
cf_vt_clarabel_socp,3-14,model,16,3,0.0,pu2,1.0e-6,true
cf_vt_clarabel_socp,3-11,model,16,4,1.0887834687653419e-13,pu2,1.0e-6,true
cf_vt_clarabel_socp,3-12,model,16,4,0.0,pu,1.0e-6,true
cf_vt_clarabel_socp,pre-SOC-electric,physics,16,4,4.826163386680363e-9,pu,1.0e-6,true
cf_vt_clarabel_socp,3-14,model,16,4,0.0,pu2,1.0e-6,true
cf_vt_clarabel_socp,3-11,model,16,5,1.1186305804859785e-13,pu2,1.0e-6,true
cf_vt_clarabel_socp,3-12,model,16,5,0.0,pu,1.0e-6,true
cf_vt_clarabel_socp,pre-SOC-electric,physics,16,5,7.53903719335515e-9,pu,1.0e-6,true
cf_vt_clarabel_socp,3-14,model,16,5,0.0,pu2,1.0e-6,true
cf_vt_clarabel_socp,3-11,model,16,6,5.356608918803869e-13,pu2,1.0e-6,true
cf_vt_clarabel_socp,3-12,model,16,6,1.536329427391514e-10,pu,1.0e-6,true
cf_vt_clarabel_socp,pre-SOC-electric,physics,16,6,1.536329427391514e-10,pu,1.0e-6,true
cf_vt_clarabel_socp,3-14,model,16,6,0.0,pu2,1.0e-6,true
cf_vt_clarabel_socp,3-11,model,16,7,6.325422956552978e-13,pu2,1.0e-6,true
cf_vt_clarabel_socp,3-12,model,16,7,5.806616398644493e-10,pu,1.0e-6,true
cf_vt_clarabel_socp,pre-SOC-electric,physics,16,7,5.806616398644493e-10,pu,1.0e-6,true
cf_vt_clarabel_socp,3-14,model,16,7,0.0,pu2,1.0e-6,true
cf_vt_clarabel_socp,3-11,model,16,8,7.230682837485011e-13,pu2,1.0e-6,true
cf_vt_clarabel_socp,3-12,model,16,8,0.0,pu,1.0e-6,true
cf_vt_clarabel_socp,pre-SOC-electric,physics,16,8,2.9169151447537567e-10,pu,1.0e-6,true
cf_vt_clarabel_socp,3-14,model,16,8,0.0,pu2,1.0e-6,true
cf_vt_clarabel_socp,3-11,model,16,9,2.1943282414843535e-12,pu2,1.0e-6,true
cf_vt_clarabel_socp,3-12,model,16,9,0.0,pu,1.0e-6,true
cf_vt_clarabel_socp,pre-SOC-electric,physics,16,9,3.864022486785995e-8,pu,1.0e-6,true
cf_vt_clarabel_socp,3-14,model,16,9,0.0,pu2,1.0e-6,true
cf_vt_clarabel_socp,3-11,model,16,10,2.3367567477089023e-12,pu2,1.0e-6,true
cf_vt_clarabel_socp,3-12,model,16,10,0.0,pu,1.0e-6,true
cf_vt_clarabel_socp,pre-SOC-electric,physics,16,10,1.316924440612939e-8,pu,1.0e-6,true
cf_vt_clarabel_socp,3-14,model,16,10,0.0,pu2,1.0e-6,true
cf_vt_clarabel_socp,3-11,model,16,11,2.376155524715074e-12,pu2,1.0e-6,true
cf_vt_clarabel_socp,3-12,model,16,11,0.0,pu,1.0e-6,true
cf_vt_clarabel_socp,pre-SOC-electric,physics,16,11,1.0326143721128486e-8,pu,1.0e-6,true
cf_vt_clarabel_socp,3-14,model,16,11,0.0,pu2,1.0e-6,true
cf_vt_clarabel_socp,3-11,model,16,12,2.2614980211172224e-12,pu2,1.0e-6,true
cf_vt_clarabel_socp,3-12,model,16,12,0.0,pu,1.0e-6,true
cf_vt_clarabel_socp,pre-SOC-electric,physics,16,12,1.0903344663986195e-8,pu,1.0e-6,true
cf_vt_clarabel_socp,3-14,model,16,12,0.0,pu2,1.0e-6,true
cf_vt_clarabel_socp,3-11,model,16,13,7.440725002488108e-13,pu2,1.0e-6,true
cf_vt_clarabel_socp,3-12,model,16,13,1.753378434414185e-9,pu,1.0e-6,true
cf_vt_clarabel_socp,pre-SOC-electric,physics,16,13,1.753378434414185e-9,pu,1.0e-6,true
cf_vt_clarabel_socp,3-14,model,16,13,0.0,pu2,1.0e-6,true
cf_vt_clarabel_socp,3-11,model,16,14,7.191262135878033e-13,pu2,1.0e-6,true
cf_vt_clarabel_socp,3-12,model,16,14,0.0,pu,1.0e-6,true
cf_vt_clarabel_socp,pre-SOC-electric,physics,16,14,9.220080274350423e-10,pu,1.0e-6,true
cf_vt_clarabel_socp,3-14,model,16,14,0.0,pu2,1.0e-6,true
cf_vt_clarabel_socp,3-11,model,16,15,7.640602585776905e-13,pu2,1.0e-6,true
cf_vt_clarabel_socp,3-12,model,16,15,0.0,pu,1.0e-6,true
cf_vt_clarabel_socp,pre-SOC-electric,physics,16,15,1.4055170144931795e-8,pu,1.0e-6,true
cf_vt_clarabel_socp,3-14,model,16,15,0.0,pu2,1.0e-6,true
cf_vt_clarabel_socp,3-11,model,16,16,7.99367221009518e-13,pu2,1.0e-6,true
cf_vt_clarabel_socp,3-12,model,16,16,4.931113079713681e-9,pu,1.0e-6,true
cf_vt_clarabel_socp,pre-SOC-electric,physics,16,16,4.931113079713681e-9,pu,1.0e-6,true
cf_vt_clarabel_socp,3-14,model,16,16,0.0,pu2,1.0e-6,true
cf_vt_clarabel_socp,3-11,model,16,17,8.267348038662947e-13,pu2,1.0e-6,true
cf_vt_clarabel_socp,3-12,model,16,17,0.0,pu,1.0e-6,true
cf_vt_clarabel_socp,pre-SOC-electric,physics,16,17,2.08843123510917e-8,pu,1.0e-6,true
cf_vt_clarabel_socp,3-14,model,16,17,0.0,pu2,1.0e-6,true
cf_vt_clarabel_socp,3-11,model,16,18,2.373925739280547e-12,pu2,1.0e-6,true
cf_vt_clarabel_socp,3-12,model,16,18,4.518596513885392e-9,pu,1.0e-6,true
cf_vt_clarabel_socp,pre-SOC-electric,physics,16,18,4.518596513885392e-9,pu,1.0e-6,true
cf_vt_clarabel_socp,3-14,model,16,18,0.0,pu2,1.0e-6,true
cf_vt_clarabel_socp,3-11,model,16,19,2.2619743585654403e-12,pu2,1.0e-6,true
cf_vt_clarabel_socp,3-12,model,16,19,0.0,pu,1.0e-6,true
cf_vt_clarabel_socp,pre-SOC-electric,physics,16,19,4.3485702235293577e-10,pu,1.0e-6,true
cf_vt_clarabel_socp,3-14,model,16,19,0.0,pu2,1.0e-6,true
cf_vt_clarabel_socp,3-11,model,16,20,2.1460483697659997e-12,pu2,1.0e-6,true
cf_vt_clarabel_socp,3-12,model,16,20,0.0,pu,1.0e-6,true
cf_vt_clarabel_socp,pre-SOC-electric,physics,16,20,3.967475998472095e-8,pu,1.0e-6,true
cf_vt_clarabel_socp,3-14,model,16,20,0.0,pu2,1.0e-6,true
cf_vt_clarabel_socp,3-11,model,16,21,1.8966050467471166e-12,pu2,1.0e-6,true
cf_vt_clarabel_socp,3-12,model,16,21,0.0,pu,1.0e-6,true
cf_vt_clarabel_socp,pre-SOC-electric,physics,16,21,4.8204043456498424e-9,pu,1.0e-6,true
cf_vt_clarabel_socp,3-14,model,16,21,0.0,pu2,1.0e-6,true
cf_vt_clarabel_socp,3-11,model,16,22,1.459889219739387e-13,pu2,1.0e-6,true
cf_vt_clarabel_socp,3-12,model,16,22,0.0,pu,1.0e-6,true
cf_vt_clarabel_socp,pre-SOC-electric,physics,16,22,2.534238991184698e-9,pu,1.0e-6,true
cf_vt_clarabel_socp,3-14,model,16,22,0.0,pu2,1.0e-6,true
cf_vt_clarabel_socp,3-11,model,16,23,1.3555094767041817e-13,pu2,1.0e-6,true
cf_vt_clarabel_socp,3-12,model,16,23,0.0,pu,1.0e-6,true
cf_vt_clarabel_socp,pre-SOC-electric,physics,16,23,1.0236837031264018e-9,pu,1.0e-6,true
cf_vt_clarabel_socp,3-14,model,16,23,0.0,pu2,1.0e-6,true
cf_vt_clarabel_socp,3-11,model,16,24,1.2790707205615945e-13,pu2,1.0e-6,true
cf_vt_clarabel_socp,3-12,model,16,24,0.0,pu,1.0e-6,true
cf_vt_clarabel_socp,pre-SOC-electric,physics,16,24,2.91942853605006e-9,pu,1.0e-6,true
cf_vt_clarabel_socp,3-14,model,16,24,0.0,pu2,1.0e-6,true
cf_vt_clarabel_socp,3-11,model,17,1,2.1724557035577262e-14,pu2,1.0e-6,true
cf_vt_clarabel_socp,3-12,model,17,1,0.0,pu,1.0e-6,true
cf_vt_clarabel_socp,pre-SOC-electric,physics,17,1,3.3197741228100167e-9,pu,1.0e-6,true
cf_vt_clarabel_socp,3-14,model,17,1,0.0,pu2,1.0e-6,true
cf_vt_clarabel_socp,3-11,model,17,2,2.112215270920416e-14,pu2,1.0e-6,true
cf_vt_clarabel_socp,3-12,model,17,2,0.0,pu,1.0e-6,true
cf_vt_clarabel_socp,pre-SOC-electric,physics,17,2,7.6710640999067e-9,pu,1.0e-6,true
cf_vt_clarabel_socp,3-14,model,17,2,0.0,pu2,1.0e-6,true
cf_vt_clarabel_socp,3-11,model,17,3,2.0495574486032895e-14,pu2,1.0e-6,true
cf_vt_clarabel_socp,3-12,model,17,3,0.0,pu,1.0e-6,true
cf_vt_clarabel_socp,pre-SOC-electric,physics,17,3,3.9150074705284876e-9,pu,1.0e-6,true
cf_vt_clarabel_socp,3-14,model,17,3,0.0,pu2,1.0e-6,true
cf_vt_clarabel_socp,3-11,model,17,4,2.0539898449613292e-14,pu2,1.0e-6,true
cf_vt_clarabel_socp,3-12,model,17,4,0.0,pu,1.0e-6,true
cf_vt_clarabel_socp,pre-SOC-electric,physics,17,4,1.2458860724671138e-8,pu,1.0e-6,true
cf_vt_clarabel_socp,3-14,model,17,4,0.0,pu2,1.0e-6,true
cf_vt_clarabel_socp,3-11,model,17,5,2.0780142827959503e-14,pu2,1.0e-6,true
cf_vt_clarabel_socp,3-12,model,17,5,3.5457023851281216e-10,pu,1.0e-6,true
cf_vt_clarabel_socp,pre-SOC-electric,physics,17,5,3.5457023851281216e-10,pu,1.0e-6,true
cf_vt_clarabel_socp,3-14,model,17,5,0.0,pu2,1.0e-6,true
cf_vt_clarabel_socp,3-11,model,17,6,2.4914154466153422e-14,pu2,1.0e-6,true
cf_vt_clarabel_socp,3-12,model,17,6,0.0,pu,1.0e-6,true
cf_vt_clarabel_socp,pre-SOC-electric,physics,17,6,2.090213190088252e-8,pu,1.0e-6,true
cf_vt_clarabel_socp,3-14,model,17,6,0.0,pu2,1.0e-6,true
cf_vt_clarabel_socp,3-11,model,17,7,1.7362765955888926e-14,pu2,1.0e-6,true
cf_vt_clarabel_socp,3-12,model,17,7,0.0,pu,1.0e-6,true
cf_vt_clarabel_socp,pre-SOC-electric,physics,17,7,3.427191747897799e-9,pu,1.0e-6,true
cf_vt_clarabel_socp,3-14,model,17,7,0.0,pu2,1.0e-6,true
cf_vt_clarabel_socp,3-11,model,17,8,1.970778768179077e-14,pu2,1.0e-6,true
cf_vt_clarabel_socp,3-12,model,17,8,0.0,pu,1.0e-6,true
cf_vt_clarabel_socp,pre-SOC-electric,physics,17,8,8.82398286898697e-9,pu,1.0e-6,true
cf_vt_clarabel_socp,3-14,model,17,8,0.0,pu2,1.0e-6,true
cf_vt_clarabel_socp,3-11,model,17,9,6.760044506457083e-14,pu2,1.0e-6,true
cf_vt_clarabel_socp,3-12,model,17,9,1.606061647612062e-8,pu,1.0e-6,true
cf_vt_clarabel_socp,pre-SOC-electric,physics,17,9,1.606061647612062e-8,pu,1.0e-6,true
cf_vt_clarabel_socp,3-14,model,17,9,0.0,pu2,1.0e-6,true
cf_vt_clarabel_socp,3-11,model,17,10,8.951398446804294e-15,pu2,1.0e-6,true
cf_vt_clarabel_socp,3-12,model,17,10,0.0,pu,1.0e-6,true
cf_vt_clarabel_socp,pre-SOC-electric,physics,17,10,5.546471236233998e-9,pu,1.0e-6,true
cf_vt_clarabel_socp,3-14,model,17,10,0.0,pu2,1.0e-6,true
cf_vt_clarabel_socp,3-11,model,17,11,1.916510298984736e-14,pu2,1.0e-6,true
cf_vt_clarabel_socp,3-12,model,17,11,0.0,pu,1.0e-6,true
cf_vt_clarabel_socp,pre-SOC-electric,physics,17,11,8.750769680545504e-9,pu,1.0e-6,true
cf_vt_clarabel_socp,3-14,model,17,11,0.0,pu2,1.0e-6,true
cf_vt_clarabel_socp,3-11,model,17,12,3.1885762476549506e-14,pu2,1.0e-6,true
cf_vt_clarabel_socp,3-12,model,17,12,0.0,pu,1.0e-6,true
cf_vt_clarabel_socp,pre-SOC-electric,physics,17,12,6.655181076646892e-8,pu,1.0e-6,true
cf_vt_clarabel_socp,3-14,model,17,12,0.0,pu2,1.0e-6,true
cf_vt_clarabel_socp,3-11,model,17,13,4.430549572104767e-14,pu2,1.0e-6,true
cf_vt_clarabel_socp,3-12,model,17,13,2.886651063582074e-11,pu,1.0e-6,true
cf_vt_clarabel_socp,pre-SOC-electric,physics,17,13,2.886651063582074e-11,pu,1.0e-6,true
cf_vt_clarabel_socp,3-14,model,17,13,0.0,pu2,1.0e-6,true
cf_vt_clarabel_socp,3-11,model,17,14,5.1734106805607655e-14,pu2,1.0e-6,true
cf_vt_clarabel_socp,3-12,model,17,14,0.0,pu,1.0e-6,true
cf_vt_clarabel_socp,pre-SOC-electric,physics,17,14,1.3527010911677968e-9,pu,1.0e-6,true
cf_vt_clarabel_socp,3-14,model,17,14,0.0,pu2,1.0e-6,true
cf_vt_clarabel_socp,3-11,model,17,15,2.943889774423454e-14,pu2,1.0e-6,true
cf_vt_clarabel_socp,3-12,model,17,15,9.657275438156813e-9,pu,1.0e-6,true
cf_vt_clarabel_socp,pre-SOC-electric,physics,17,15,9.657275438156813e-9,pu,1.0e-6,true
cf_vt_clarabel_socp,3-14,model,17,15,0.0,pu2,1.0e-6,true
cf_vt_clarabel_socp,3-11,model,17,16,3.623999971641423e-14,pu2,1.0e-6,true
cf_vt_clarabel_socp,3-12,model,17,16,3.169769714230202e-9,pu,1.0e-6,true
cf_vt_clarabel_socp,pre-SOC-electric,physics,17,16,3.169769714230202e-9,pu,1.0e-6,true
cf_vt_clarabel_socp,3-14,model,17,16,0.0,pu2,1.0e-6,true
cf_vt_clarabel_socp,3-11,model,17,17,4.012624786478916e-14,pu2,1.0e-6,true
cf_vt_clarabel_socp,3-12,model,17,17,0.0,pu,1.0e-6,true
cf_vt_clarabel_socp,pre-SOC-electric,physics,17,17,1.9126754122579873e-8,pu,1.0e-6,true
cf_vt_clarabel_socp,3-14,model,17,17,0.0,pu2,1.0e-6,true
cf_vt_clarabel_socp,3-11,model,17,18,2.7705388913504096e-14,pu2,1.0e-6,true
cf_vt_clarabel_socp,3-12,model,17,18,0.0,pu,1.0e-6,true
cf_vt_clarabel_socp,pre-SOC-electric,physics,17,18,3.94826245203898e-8,pu,1.0e-6,true
cf_vt_clarabel_socp,3-14,model,17,18,0.0,pu2,1.0e-6,true
cf_vt_clarabel_socp,3-11,model,17,19,3.284923873712875e-14,pu2,1.0e-6,true
cf_vt_clarabel_socp,3-12,model,17,19,0.0,pu,1.0e-6,true
cf_vt_clarabel_socp,pre-SOC-electric,physics,17,19,3.585292544078765e-8,pu,1.0e-6,true
cf_vt_clarabel_socp,3-14,model,17,19,0.0,pu2,1.0e-6,true
cf_vt_clarabel_socp,3-11,model,17,20,4.2166024327488973e-14,pu2,1.0e-6,true
cf_vt_clarabel_socp,3-12,model,17,20,1.9426717206465563e-10,pu,1.0e-6,true
cf_vt_clarabel_socp,pre-SOC-electric,physics,17,20,1.9426717206465563e-10,pu,1.0e-6,true
cf_vt_clarabel_socp,3-14,model,17,20,0.0,pu2,1.0e-6,true
cf_vt_clarabel_socp,3-11,model,17,21,7.850118480739543e-14,pu2,1.0e-6,true
cf_vt_clarabel_socp,3-12,model,17,21,5.7695509380804e-9,pu,1.0e-6,true
cf_vt_clarabel_socp,pre-SOC-electric,physics,17,21,5.7695509380804e-9,pu,1.0e-6,true
cf_vt_clarabel_socp,3-14,model,17,21,0.0,pu2,1.0e-6,true
cf_vt_clarabel_socp,3-11,model,17,22,2.8197632793438513e-14,pu2,1.0e-6,true
cf_vt_clarabel_socp,3-12,model,17,22,0.0,pu,1.0e-6,true
cf_vt_clarabel_socp,pre-SOC-electric,physics,17,22,8.229975607260132e-10,pu,1.0e-6,true
cf_vt_clarabel_socp,3-14,model,17,22,0.0,pu2,1.0e-6,true
cf_vt_clarabel_socp,3-11,model,17,23,2.5830018157734554e-14,pu2,1.0e-6,true
cf_vt_clarabel_socp,3-12,model,17,23,0.0,pu,1.0e-6,true
cf_vt_clarabel_socp,pre-SOC-electric,physics,17,23,1.9095699411747925e-8,pu,1.0e-6,true
cf_vt_clarabel_socp,3-14,model,17,23,0.0,pu2,1.0e-6,true
cf_vt_clarabel_socp,3-11,model,17,24,2.1802205816401484e-14,pu2,1.0e-6,true
cf_vt_clarabel_socp,3-12,model,17,24,0.0,pu,1.0e-6,true
cf_vt_clarabel_socp,pre-SOC-electric,physics,17,24,1.3397234301646722e-8,pu,1.0e-6,true
cf_vt_clarabel_socp,3-14,model,17,24,0.0,pu2,1.0e-6,true
cf_vt_clarabel_socp,3-11,model,18,1,9.133005974113113e-13,pu2,1.0e-6,true
cf_vt_clarabel_socp,3-12,model,18,1,0.0,pu,1.0e-6,true
cf_vt_clarabel_socp,pre-SOC-electric,physics,18,1,1.4556913747326705e-9,pu,1.0e-6,true
cf_vt_clarabel_socp,3-14,model,18,1,0.0,pu2,1.0e-6,true
cf_vt_clarabel_socp,3-11,model,18,2,7.450051995672516e-13,pu2,1.0e-6,true
cf_vt_clarabel_socp,3-12,model,18,2,0.0,pu,1.0e-6,true
cf_vt_clarabel_socp,pre-SOC-electric,physics,18,2,3.0558012023562675e-10,pu,1.0e-6,true
cf_vt_clarabel_socp,3-14,model,18,2,0.0,pu2,1.0e-6,true
cf_vt_clarabel_socp,3-11,model,18,3,5.140409938122559e-13,pu2,1.0e-6,true
cf_vt_clarabel_socp,3-12,model,18,3,0.0,pu,1.0e-6,true
cf_vt_clarabel_socp,pre-SOC-electric,physics,18,3,2.251768571950863e-9,pu,1.0e-6,true
cf_vt_clarabel_socp,3-14,model,18,3,0.0,pu2,1.0e-6,true
cf_vt_clarabel_socp,3-11,model,18,4,7.11375468250106e-13,pu2,1.0e-6,true
cf_vt_clarabel_socp,3-12,model,18,4,0.0,pu,1.0e-6,true
cf_vt_clarabel_socp,pre-SOC-electric,physics,18,4,1.4978488518946342e-9,pu,1.0e-6,true
cf_vt_clarabel_socp,3-14,model,18,4,0.0,pu2,1.0e-6,true
cf_vt_clarabel_socp,3-11,model,18,5,7.80551809642714e-13,pu2,1.0e-6,true
cf_vt_clarabel_socp,3-12,model,18,5,0.0,pu,1.0e-6,true
cf_vt_clarabel_socp,pre-SOC-electric,physics,18,5,1.3879072812902904e-9,pu,1.0e-6,true
cf_vt_clarabel_socp,3-14,model,18,5,0.0,pu2,1.0e-6,true
cf_vt_clarabel_socp,3-11,model,18,6,4.154508800443212e-12,pu2,1.0e-6,true
cf_vt_clarabel_socp,3-12,model,18,6,0.0,pu,1.0e-6,true
cf_vt_clarabel_socp,pre-SOC-electric,physics,18,6,5.342310508901771e-9,pu,1.0e-6,true
cf_vt_clarabel_socp,3-14,model,18,6,0.0,pu2,1.0e-6,true
cf_vt_clarabel_socp,3-11,model,18,7,4.568872773908254e-12,pu2,1.0e-6,true
cf_vt_clarabel_socp,3-12,model,18,7,0.0,pu,1.0e-6,true
cf_vt_clarabel_socp,pre-SOC-electric,physics,18,7,2.482670647188656e-9,pu,1.0e-6,true
cf_vt_clarabel_socp,3-14,model,18,7,0.0,pu2,1.0e-6,true
cf_vt_clarabel_socp,3-11,model,18,8,6.140531988186324e-12,pu2,1.0e-6,true
cf_vt_clarabel_socp,3-12,model,18,8,0.0,pu,1.0e-6,true
cf_vt_clarabel_socp,pre-SOC-electric,physics,18,8,4.0943759146983005e-9,pu,1.0e-6,true
cf_vt_clarabel_socp,3-14,model,18,8,0.0,pu2,1.0e-6,true
cf_vt_clarabel_socp,3-11,model,18,9,1.9214748470106134e-11,pu2,1.0e-6,true
cf_vt_clarabel_socp,3-12,model,18,9,0.0,pu,1.0e-6,true
cf_vt_clarabel_socp,pre-SOC-electric,physics,18,9,1.5879792654438507e-9,pu,1.0e-6,true
cf_vt_clarabel_socp,3-14,model,18,9,0.0,pu2,1.0e-6,true
cf_vt_clarabel_socp,3-11,model,18,10,1.6870537097236796e-11,pu2,1.0e-6,true
cf_vt_clarabel_socp,3-12,model,18,10,0.0,pu,1.0e-6,true
cf_vt_clarabel_socp,pre-SOC-electric,physics,18,10,5.721649057321976e-9,pu,1.0e-6,true
cf_vt_clarabel_socp,3-14,model,18,10,0.0,pu2,1.0e-6,true
cf_vt_clarabel_socp,3-11,model,18,11,1.945824303753777e-11,pu2,1.0e-6,true
cf_vt_clarabel_socp,3-12,model,18,11,0.0,pu,1.0e-6,true
cf_vt_clarabel_socp,pre-SOC-electric,physics,18,11,6.0443852770153406e-9,pu,1.0e-6,true
cf_vt_clarabel_socp,3-14,model,18,11,0.0,pu2,1.0e-6,true
cf_vt_clarabel_socp,3-11,model,18,12,1.859984305890318e-11,pu2,1.0e-6,true
cf_vt_clarabel_socp,3-12,model,18,12,2.10750468986054e-9,pu,1.0e-6,true
cf_vt_clarabel_socp,pre-SOC-electric,physics,18,12,2.10750468986054e-9,pu,1.0e-6,true
cf_vt_clarabel_socp,3-14,model,18,12,0.0,pu2,1.0e-6,true
cf_vt_clarabel_socp,3-11,model,18,13,5.844749174830591e-12,pu2,1.0e-6,true
cf_vt_clarabel_socp,3-12,model,18,13,0.0,pu,1.0e-6,true
cf_vt_clarabel_socp,pre-SOC-electric,physics,18,13,2.4861742647236396e-9,pu,1.0e-6,true
cf_vt_clarabel_socp,3-14,model,18,13,0.0,pu2,1.0e-6,true
cf_vt_clarabel_socp,3-11,model,18,14,6.5954075290390254e-12,pu2,1.0e-6,true
cf_vt_clarabel_socp,3-12,model,18,14,0.0,pu,1.0e-6,true
cf_vt_clarabel_socp,pre-SOC-electric,physics,18,14,6.0011959377576085e-9,pu,1.0e-6,true
cf_vt_clarabel_socp,3-14,model,18,14,0.0,pu2,1.0e-6,true
cf_vt_clarabel_socp,3-11,model,18,15,5.710388934408413e-12,pu2,1.0e-6,true
cf_vt_clarabel_socp,3-12,model,18,15,0.0,pu,1.0e-6,true
cf_vt_clarabel_socp,pre-SOC-electric,physics,18,15,1.8534700857442132e-9,pu,1.0e-6,true
cf_vt_clarabel_socp,3-14,model,18,15,0.0,pu2,1.0e-6,true
cf_vt_clarabel_socp,3-11,model,18,16,6.848613500311587e-12,pu2,1.0e-6,true
cf_vt_clarabel_socp,3-12,model,18,16,9.567427770168502e-10,pu,1.0e-6,true
cf_vt_clarabel_socp,pre-SOC-electric,physics,18,16,9.567427770168502e-10,pu,1.0e-6,true
cf_vt_clarabel_socp,3-14,model,18,16,0.0,pu2,1.0e-6,true
cf_vt_clarabel_socp,3-11,model,18,17,6.165925265145026e-12,pu2,1.0e-6,true
cf_vt_clarabel_socp,3-12,model,18,17,0.0,pu,1.0e-6,true
cf_vt_clarabel_socp,pre-SOC-electric,physics,18,17,9.666101748878608e-9,pu,1.0e-6,true
cf_vt_clarabel_socp,3-14,model,18,17,0.0,pu2,1.0e-6,true
cf_vt_clarabel_socp,3-11,model,18,18,1.7993084532559665e-11,pu2,1.0e-6,true
cf_vt_clarabel_socp,3-12,model,18,18,0.0,pu,1.0e-6,true
cf_vt_clarabel_socp,pre-SOC-electric,physics,18,18,5.952536599046487e-9,pu,1.0e-6,true
cf_vt_clarabel_socp,3-14,model,18,18,0.0,pu2,1.0e-6,true
cf_vt_clarabel_socp,3-11,model,18,19,1.817996051077975e-11,pu2,1.0e-6,true
cf_vt_clarabel_socp,3-12,model,18,19,0.0,pu,1.0e-6,true
cf_vt_clarabel_socp,pre-SOC-electric,physics,18,19,9.494339446580735e-9,pu,1.0e-6,true
cf_vt_clarabel_socp,3-14,model,18,19,0.0,pu2,1.0e-6,true
cf_vt_clarabel_socp,3-11,model,18,20,1.5779387274220775e-11,pu2,1.0e-6,true
cf_vt_clarabel_socp,3-12,model,18,20,0.0,pu,1.0e-6,true
cf_vt_clarabel_socp,pre-SOC-electric,physics,18,20,7.839715657903534e-9,pu,1.0e-6,true
cf_vt_clarabel_socp,3-14,model,18,20,0.0,pu2,1.0e-6,true
cf_vt_clarabel_socp,3-11,model,18,21,1.426069145041807e-11,pu2,1.0e-6,true
cf_vt_clarabel_socp,3-12,model,18,21,0.0,pu,1.0e-6,true
cf_vt_clarabel_socp,pre-SOC-electric,physics,18,21,5.204888372731253e-9,pu,1.0e-6,true
cf_vt_clarabel_socp,3-14,model,18,21,0.0,pu2,1.0e-6,true
cf_vt_clarabel_socp,3-11,model,18,22,8.869929615150591e-13,pu2,1.0e-6,true
cf_vt_clarabel_socp,3-12,model,18,22,0.0,pu,1.0e-6,true
cf_vt_clarabel_socp,pre-SOC-electric,physics,18,22,1.7831832069964415e-9,pu,1.0e-6,true
cf_vt_clarabel_socp,3-14,model,18,22,0.0,pu2,1.0e-6,true
cf_vt_clarabel_socp,3-11,model,18,23,1.0396878822959256e-12,pu2,1.0e-6,true
cf_vt_clarabel_socp,3-12,model,18,23,8.91146099621376e-10,pu,1.0e-6,true
cf_vt_clarabel_socp,pre-SOC-electric,physics,18,23,8.91146099621376e-10,pu,1.0e-6,true
cf_vt_clarabel_socp,3-14,model,18,23,0.0,pu2,1.0e-6,true
cf_vt_clarabel_socp,3-11,model,18,24,7.867348685192154e-13,pu2,1.0e-6,true
cf_vt_clarabel_socp,3-12,model,18,24,0.0,pu,1.0e-6,true
cf_vt_clarabel_socp,pre-SOC-electric,physics,18,24,3.577057538194095e-9,pu,1.0e-6,true
cf_vt_clarabel_socp,3-14,model,18,24,0.0,pu2,1.0e-6,true
cf_vt_clarabel_socp,3-11,model,19,1,1.315520170350041e-13,pu2,1.0e-6,true
cf_vt_clarabel_socp,3-12,model,19,1,2.799353889209981e-9,pu,1.0e-6,true
cf_vt_clarabel_socp,pre-SOC-electric,physics,19,1,2.799353889209981e-9,pu,1.0e-6,true
cf_vt_clarabel_socp,3-14,model,19,1,0.0,pu2,1.0e-6,true
cf_vt_clarabel_socp,3-11,model,19,2,1.241593298882866e-13,pu2,1.0e-6,true
cf_vt_clarabel_socp,3-12,model,19,2,0.0,pu,1.0e-6,true
cf_vt_clarabel_socp,pre-SOC-electric,physics,19,2,4.384155361338883e-9,pu,1.0e-6,true
cf_vt_clarabel_socp,3-14,model,19,2,0.0,pu2,1.0e-6,true
cf_vt_clarabel_socp,3-11,model,19,3,1.1900225406870704e-13,pu2,1.0e-6,true
cf_vt_clarabel_socp,3-12,model,19,3,1.781986836953478e-9,pu,1.0e-6,true
cf_vt_clarabel_socp,pre-SOC-electric,physics,19,3,1.781986836953478e-9,pu,1.0e-6,true
cf_vt_clarabel_socp,3-14,model,19,3,0.0,pu2,1.0e-6,true
cf_vt_clarabel_socp,3-11,model,19,4,1.1803307261771157e-13,pu2,1.0e-6,true
cf_vt_clarabel_socp,3-12,model,19,4,0.0,pu,1.0e-6,true
cf_vt_clarabel_socp,pre-SOC-electric,physics,19,4,7.970127180304855e-9,pu,1.0e-6,true
cf_vt_clarabel_socp,3-14,model,19,4,0.0,pu2,1.0e-6,true
cf_vt_clarabel_socp,3-11,model,19,5,1.2333966203445924e-13,pu2,1.0e-6,true
cf_vt_clarabel_socp,3-12,model,19,5,0.0,pu,1.0e-6,true
cf_vt_clarabel_socp,pre-SOC-electric,physics,19,5,2.8541296748967396e-9,pu,1.0e-6,true
cf_vt_clarabel_socp,3-14,model,19,5,0.0,pu2,1.0e-6,true
cf_vt_clarabel_socp,3-11,model,19,6,5.599837932089178e-13,pu2,1.0e-6,true
cf_vt_clarabel_socp,3-12,model,19,6,0.0,pu,1.0e-6,true
cf_vt_clarabel_socp,pre-SOC-electric,physics,19,6,9.453257722620567e-9,pu,1.0e-6,true
cf_vt_clarabel_socp,3-14,model,19,6,0.0,pu2,1.0e-6,true
cf_vt_clarabel_socp,3-11,model,19,7,6.407809810985246e-13,pu2,1.0e-6,true
cf_vt_clarabel_socp,3-12,model,19,7,0.0,pu,1.0e-6,true
cf_vt_clarabel_socp,pre-SOC-electric,physics,19,7,1.4626173262767203e-8,pu,1.0e-6,true
cf_vt_clarabel_socp,3-14,model,19,7,0.0,pu2,1.0e-6,true
cf_vt_clarabel_socp,3-11,model,19,8,7.395419607242716e-13,pu2,1.0e-6,true
cf_vt_clarabel_socp,3-12,model,19,8,0.0,pu,1.0e-6,true
cf_vt_clarabel_socp,pre-SOC-electric,physics,19,8,1.3707795499823955e-8,pu,1.0e-6,true
cf_vt_clarabel_socp,3-14,model,19,8,0.0,pu2,1.0e-6,true
cf_vt_clarabel_socp,3-11,model,19,9,2.3093026582242555e-12,pu2,1.0e-6,true
cf_vt_clarabel_socp,3-12,model,19,9,1.0873188981564558e-8,pu,1.0e-6,true
cf_vt_clarabel_socp,pre-SOC-electric,physics,19,9,1.0873188981564558e-8,pu,1.0e-6,true
cf_vt_clarabel_socp,3-14,model,19,9,0.0,pu2,1.0e-6,true
cf_vt_clarabel_socp,3-11,model,19,10,2.3805505720023374e-12,pu2,1.0e-6,true
cf_vt_clarabel_socp,3-12,model,19,10,0.0,pu,1.0e-6,true
cf_vt_clarabel_socp,pre-SOC-electric,physics,19,10,1.050743036828082e-8,pu,1.0e-6,true
cf_vt_clarabel_socp,3-14,model,19,10,0.0,pu2,1.0e-6,true
cf_vt_clarabel_socp,3-11,model,19,11,2.4325388996534374e-12,pu2,1.0e-6,true
cf_vt_clarabel_socp,3-12,model,19,11,0.0,pu,1.0e-6,true
cf_vt_clarabel_socp,pre-SOC-electric,physics,19,11,1.2643055969123115e-8,pu,1.0e-6,true
cf_vt_clarabel_socp,3-14,model,19,11,0.0,pu2,1.0e-6,true
cf_vt_clarabel_socp,3-11,model,19,12,2.307292859104592e-12,pu2,1.0e-6,true
cf_vt_clarabel_socp,3-12,model,19,12,0.0,pu,1.0e-6,true
cf_vt_clarabel_socp,pre-SOC-electric,physics,19,12,2.75104943274658e-9,pu,1.0e-6,true
cf_vt_clarabel_socp,3-14,model,19,12,0.0,pu2,1.0e-6,true
cf_vt_clarabel_socp,3-11,model,19,13,7.740398313556512e-13,pu2,1.0e-6,true
cf_vt_clarabel_socp,3-12,model,19,13,1.178229394409834e-8,pu,1.0e-6,true
cf_vt_clarabel_socp,pre-SOC-electric,physics,19,13,1.178229394409834e-8,pu,1.0e-6,true
cf_vt_clarabel_socp,3-14,model,19,13,0.0,pu2,1.0e-6,true
cf_vt_clarabel_socp,3-11,model,19,14,7.67783854377336e-13,pu2,1.0e-6,true
cf_vt_clarabel_socp,3-12,model,19,14,0.0,pu,1.0e-6,true
cf_vt_clarabel_socp,pre-SOC-electric,physics,19,14,2.859412309144313e-9,pu,1.0e-6,true
cf_vt_clarabel_socp,3-14,model,19,14,0.0,pu2,1.0e-6,true
cf_vt_clarabel_socp,3-11,model,19,15,7.853129098414299e-13,pu2,1.0e-6,true
cf_vt_clarabel_socp,3-12,model,19,15,0.0,pu,1.0e-6,true
cf_vt_clarabel_socp,pre-SOC-electric,physics,19,15,1.261554075765968e-8,pu,1.0e-6,true
cf_vt_clarabel_socp,3-14,model,19,15,0.0,pu2,1.0e-6,true
cf_vt_clarabel_socp,3-11,model,19,16,8.342499359782849e-13,pu2,1.0e-6,true
cf_vt_clarabel_socp,3-12,model,19,16,0.0,pu,1.0e-6,true
cf_vt_clarabel_socp,pre-SOC-electric,physics,19,16,1.039255129674753e-8,pu,1.0e-6,true
cf_vt_clarabel_socp,3-14,model,19,16,0.0,pu2,1.0e-6,true
cf_vt_clarabel_socp,3-11,model,19,17,8.76410690913809e-13,pu2,1.0e-6,true
cf_vt_clarabel_socp,3-12,model,19,17,0.0,pu,1.0e-6,true
cf_vt_clarabel_socp,pre-SOC-electric,physics,19,17,1.5765500412752084e-8,pu,1.0e-6,true
cf_vt_clarabel_socp,3-14,model,19,17,0.0,pu2,1.0e-6,true
cf_vt_clarabel_socp,3-11,model,19,18,2.465733195896355e-12,pu2,1.0e-6,true
cf_vt_clarabel_socp,3-12,model,19,18,0.0,pu,1.0e-6,true
cf_vt_clarabel_socp,pre-SOC-electric,physics,19,18,1.26036899725495e-8,pu,1.0e-6,true
cf_vt_clarabel_socp,3-14,model,19,18,0.0,pu2,1.0e-6,true
cf_vt_clarabel_socp,3-11,model,19,19,2.34422821188433e-12,pu2,1.0e-6,true
cf_vt_clarabel_socp,3-12,model,19,19,0.0,pu,1.0e-6,true
cf_vt_clarabel_socp,pre-SOC-electric,physics,19,19,1.512649379625114e-8,pu,1.0e-6,true
cf_vt_clarabel_socp,3-14,model,19,19,0.0,pu2,1.0e-6,true
cf_vt_clarabel_socp,3-11,model,19,20,2.172262391157405e-12,pu2,1.0e-6,true
cf_vt_clarabel_socp,3-12,model,19,20,0.0,pu,1.0e-6,true
cf_vt_clarabel_socp,pre-SOC-electric,physics,19,20,1.7897183738051908e-8,pu,1.0e-6,true
cf_vt_clarabel_socp,3-14,model,19,20,0.0,pu2,1.0e-6,true
cf_vt_clarabel_socp,3-11,model,19,21,1.9275987522401005e-12,pu2,1.0e-6,true
cf_vt_clarabel_socp,3-12,model,19,21,7.777267746911926e-9,pu,1.0e-6,true
cf_vt_clarabel_socp,pre-SOC-electric,physics,19,21,7.777267746911926e-9,pu,1.0e-6,true
cf_vt_clarabel_socp,3-14,model,19,21,0.0,pu2,1.0e-6,true
cf_vt_clarabel_socp,3-11,model,19,22,1.6124893626156536e-13,pu2,1.0e-6,true
cf_vt_clarabel_socp,3-12,model,19,22,1.0654336239212386e-9,pu,1.0e-6,true
cf_vt_clarabel_socp,pre-SOC-electric,physics,19,22,1.0654336239212386e-9,pu,1.0e-6,true
cf_vt_clarabel_socp,3-14,model,19,22,0.0,pu2,1.0e-6,true
cf_vt_clarabel_socp,3-11,model,19,23,1.536198434898186e-13,pu2,1.0e-6,true
cf_vt_clarabel_socp,3-12,model,19,23,0.0,pu,1.0e-6,true
cf_vt_clarabel_socp,pre-SOC-electric,physics,19,23,1.2251881235892867e-9,pu,1.0e-6,true
cf_vt_clarabel_socp,3-14,model,19,23,0.0,pu2,1.0e-6,true
cf_vt_clarabel_socp,3-11,model,19,24,1.3950195656980838e-13,pu2,1.0e-6,true
cf_vt_clarabel_socp,3-12,model,19,24,0.0,pu,1.0e-6,true
cf_vt_clarabel_socp,pre-SOC-electric,physics,19,24,1.5565776151100358e-8,pu,1.0e-6,true
cf_vt_clarabel_socp,3-14,model,19,24,0.0,pu2,1.0e-6,true
cf_vt_clarabel_socp,3-11,model,20,1,2.7964565325254388e-14,pu2,1.0e-6,true
cf_vt_clarabel_socp,3-12,model,20,1,0.0,pu,1.0e-6,true
cf_vt_clarabel_socp,pre-SOC-electric,physics,20,1,1.8675372216606177e-8,pu,1.0e-6,true
cf_vt_clarabel_socp,3-14,model,20,1,0.0,pu2,1.0e-6,true
cf_vt_clarabel_socp,3-11,model,20,2,2.805497635149489e-14,pu2,1.0e-6,true
cf_vt_clarabel_socp,3-12,model,20,2,0.0,pu,1.0e-6,true
cf_vt_clarabel_socp,pre-SOC-electric,physics,20,2,1.671728190792243e-8,pu,1.0e-6,true
cf_vt_clarabel_socp,3-14,model,20,2,0.0,pu2,1.0e-6,true
cf_vt_clarabel_socp,3-11,model,20,3,2.7067623926198443e-14,pu2,1.0e-6,true
cf_vt_clarabel_socp,3-12,model,20,3,0.0,pu,1.0e-6,true
cf_vt_clarabel_socp,pre-SOC-electric,physics,20,3,5.849324919988529e-9,pu,1.0e-6,true
cf_vt_clarabel_socp,3-14,model,20,3,0.0,pu2,1.0e-6,true
cf_vt_clarabel_socp,3-11,model,20,4,2.6067198394394073e-14,pu2,1.0e-6,true
cf_vt_clarabel_socp,3-12,model,20,4,0.0,pu,1.0e-6,true
cf_vt_clarabel_socp,pre-SOC-electric,physics,20,4,4.732830473640507e-9,pu,1.0e-6,true
cf_vt_clarabel_socp,3-14,model,20,4,0.0,pu2,1.0e-6,true
cf_vt_clarabel_socp,3-11,model,20,5,2.707945062372448e-14,pu2,1.0e-6,true
cf_vt_clarabel_socp,3-12,model,20,5,0.0,pu,1.0e-6,true
cf_vt_clarabel_socp,pre-SOC-electric,physics,20,5,1.143649107292438e-8,pu,1.0e-6,true
cf_vt_clarabel_socp,3-14,model,20,5,0.0,pu2,1.0e-6,true
cf_vt_clarabel_socp,3-11,model,20,6,1.8909376543291235e-14,pu2,1.0e-6,true
cf_vt_clarabel_socp,3-12,model,20,6,0.0,pu,1.0e-6,true
cf_vt_clarabel_socp,pre-SOC-electric,physics,20,6,3.1885528973038925e-8,pu,1.0e-6,true
cf_vt_clarabel_socp,3-14,model,20,6,0.0,pu2,1.0e-6,true
cf_vt_clarabel_socp,3-11,model,20,7,3.9152915528835666e-14,pu2,1.0e-6,true
cf_vt_clarabel_socp,3-12,model,20,7,0.0,pu,1.0e-6,true
cf_vt_clarabel_socp,pre-SOC-electric,physics,20,7,2.1996453819473575e-8,pu,1.0e-6,true
cf_vt_clarabel_socp,3-14,model,20,7,0.0,pu2,1.0e-6,true
cf_vt_clarabel_socp,3-11,model,20,8,5.980553712306956e-14,pu2,1.0e-6,true
cf_vt_clarabel_socp,3-12,model,20,8,2.0005183722527232e-8,pu,1.0e-6,true
cf_vt_clarabel_socp,pre-SOC-electric,physics,20,8,2.0005183722527232e-8,pu,1.0e-6,true
cf_vt_clarabel_socp,3-14,model,20,8,0.0,pu2,1.0e-6,true
cf_vt_clarabel_socp,3-11,model,20,9,4.439351260866276e-14,pu2,1.0e-6,true
cf_vt_clarabel_socp,3-12,model,20,9,0.0,pu,1.0e-6,true
cf_vt_clarabel_socp,pre-SOC-electric,physics,20,9,2.1331018551333514e-8,pu,1.0e-6,true
cf_vt_clarabel_socp,3-14,model,20,9,0.0,pu2,1.0e-6,true
cf_vt_clarabel_socp,3-11,model,20,10,6.854913467098985e-14,pu2,1.0e-6,true
cf_vt_clarabel_socp,3-12,model,20,10,0.0,pu,1.0e-6,true
cf_vt_clarabel_socp,pre-SOC-electric,physics,20,10,7.239158944061068e-10,pu,1.0e-6,true
cf_vt_clarabel_socp,3-14,model,20,10,0.0,pu2,1.0e-6,true
cf_vt_clarabel_socp,3-11,model,20,11,3.336337587765085e-14,pu2,1.0e-6,true
cf_vt_clarabel_socp,3-12,model,20,11,0.0,pu,1.0e-6,true
cf_vt_clarabel_socp,pre-SOC-electric,physics,20,11,1.6600684985836577e-8,pu,1.0e-6,true
cf_vt_clarabel_socp,3-14,model,20,11,0.0,pu2,1.0e-6,true
cf_vt_clarabel_socp,3-11,model,20,12,5.879878086701741e-14,pu2,1.0e-6,true
cf_vt_clarabel_socp,3-12,model,20,12,0.0,pu,1.0e-6,true
cf_vt_clarabel_socp,pre-SOC-electric,physics,20,12,3.579766261066833e-8,pu,1.0e-6,true
cf_vt_clarabel_socp,3-14,model,20,12,0.0,pu2,1.0e-6,true
cf_vt_clarabel_socp,3-11,model,20,13,4.715826118278574e-14,pu2,1.0e-6,true
cf_vt_clarabel_socp,3-12,model,20,13,0.0,pu,1.0e-6,true
cf_vt_clarabel_socp,pre-SOC-electric,physics,20,13,1.9512169920922993e-8,pu,1.0e-6,true
cf_vt_clarabel_socp,3-14,model,20,13,0.0,pu2,1.0e-6,true
cf_vt_clarabel_socp,3-11,model,20,14,3.304131616341287e-14,pu2,1.0e-6,true
cf_vt_clarabel_socp,3-12,model,20,14,0.0,pu,1.0e-6,true
cf_vt_clarabel_socp,pre-SOC-electric,physics,20,14,6.866408490781902e-9,pu,1.0e-6,true
cf_vt_clarabel_socp,3-14,model,20,14,0.0,pu2,1.0e-6,true
cf_vt_clarabel_socp,3-11,model,20,15,4.3626263388776235e-14,pu2,1.0e-6,true
cf_vt_clarabel_socp,3-12,model,20,15,1.8015887453637185e-8,pu,1.0e-6,true
cf_vt_clarabel_socp,pre-SOC-electric,physics,20,15,1.8015887453637185e-8,pu,1.0e-6,true
cf_vt_clarabel_socp,3-14,model,20,15,0.0,pu2,1.0e-6,true
cf_vt_clarabel_socp,3-11,model,20,16,4.1304843388916684e-14,pu2,1.0e-6,true
cf_vt_clarabel_socp,3-12,model,20,16,0.0,pu,1.0e-6,true
cf_vt_clarabel_socp,pre-SOC-electric,physics,20,16,4.7257583740884825e-9,pu,1.0e-6,true
cf_vt_clarabel_socp,3-14,model,20,16,0.0,pu2,1.0e-6,true
cf_vt_clarabel_socp,3-11,model,20,17,3.687086985552923e-14,pu2,1.0e-6,true
cf_vt_clarabel_socp,3-12,model,20,17,0.0,pu,1.0e-6,true
cf_vt_clarabel_socp,pre-SOC-electric,physics,20,17,1.9155394564377565e-8,pu,1.0e-6,true
cf_vt_clarabel_socp,3-14,model,20,17,0.0,pu2,1.0e-6,true
cf_vt_clarabel_socp,3-11,model,20,18,6.898737088317439e-14,pu2,1.0e-6,true
cf_vt_clarabel_socp,3-12,model,20,18,0.0,pu,1.0e-6,true
cf_vt_clarabel_socp,pre-SOC-electric,physics,20,18,4.739673506264346e-8,pu,1.0e-6,true
cf_vt_clarabel_socp,3-14,model,20,18,0.0,pu2,1.0e-6,true
cf_vt_clarabel_socp,3-11,model,20,19,4.914597984758025e-14,pu2,1.0e-6,true
cf_vt_clarabel_socp,3-12,model,20,19,1.6968337518874412e-8,pu,1.0e-6,true
cf_vt_clarabel_socp,pre-SOC-electric,physics,20,19,1.6968337518874412e-8,pu,1.0e-6,true
cf_vt_clarabel_socp,3-14,model,20,19,0.0,pu2,1.0e-6,true
cf_vt_clarabel_socp,3-11,model,20,20,5.910847898242316e-14,pu2,1.0e-6,true
cf_vt_clarabel_socp,3-12,model,20,20,0.0,pu,1.0e-6,true
cf_vt_clarabel_socp,pre-SOC-electric,physics,20,20,3.668076932391304e-8,pu,1.0e-6,true
cf_vt_clarabel_socp,3-14,model,20,20,0.0,pu2,1.0e-6,true
cf_vt_clarabel_socp,3-11,model,20,21,9.373706204415713e-14,pu2,1.0e-6,true
cf_vt_clarabel_socp,3-12,model,20,21,0.0,pu,1.0e-6,true
cf_vt_clarabel_socp,pre-SOC-electric,physics,20,21,1.970046906092952e-8,pu,1.0e-6,true
cf_vt_clarabel_socp,3-14,model,20,21,0.0,pu2,1.0e-6,true
cf_vt_clarabel_socp,3-11,model,20,22,3.4375414231162076e-14,pu2,1.0e-6,true
cf_vt_clarabel_socp,3-12,model,20,22,0.0,pu,1.0e-6,true
cf_vt_clarabel_socp,pre-SOC-electric,physics,20,22,3.5109480033012654e-9,pu,1.0e-6,true
cf_vt_clarabel_socp,3-14,model,20,22,0.0,pu2,1.0e-6,true
cf_vt_clarabel_socp,3-11,model,20,23,2.8428040154651786e-14,pu2,1.0e-6,true
cf_vt_clarabel_socp,3-12,model,20,23,0.0,pu,1.0e-6,true
cf_vt_clarabel_socp,pre-SOC-electric,physics,20,23,7.417687530587814e-9,pu,1.0e-6,true
cf_vt_clarabel_socp,3-14,model,20,23,0.0,pu2,1.0e-6,true
cf_vt_clarabel_socp,3-11,model,20,24,2.8241601426697537e-14,pu2,1.0e-6,true
cf_vt_clarabel_socp,3-12,model,20,24,0.0,pu,1.0e-6,true
cf_vt_clarabel_socp,pre-SOC-electric,physics,20,24,7.245686981991167e-9,pu,1.0e-6,true
cf_vt_clarabel_socp,3-14,model,20,24,0.0,pu2,1.0e-6,true
cf_vt_clarabel_socp,3-11,model,21,1,2.36879525563683e-13,pu2,1.0e-6,true
cf_vt_clarabel_socp,3-12,model,21,1,0.0,pu,1.0e-6,true
cf_vt_clarabel_socp,pre-SOC-electric,physics,21,1,5.3442037843687284e-9,pu,1.0e-6,true
cf_vt_clarabel_socp,3-14,model,21,1,0.0,pu2,1.0e-6,true
cf_vt_clarabel_socp,3-11,model,21,2,7.809884585151554e-14,pu2,1.0e-6,true
cf_vt_clarabel_socp,3-12,model,21,2,0.0,pu,1.0e-6,true
cf_vt_clarabel_socp,pre-SOC-electric,physics,21,2,4.240839550839412e-9,pu,1.0e-6,true
cf_vt_clarabel_socp,3-14,model,21,2,0.0,pu2,1.0e-6,true
cf_vt_clarabel_socp,3-11,model,21,3,4.768703039395518e-14,pu2,1.0e-6,true
cf_vt_clarabel_socp,3-12,model,21,3,0.0,pu,1.0e-6,true
cf_vt_clarabel_socp,pre-SOC-electric,physics,21,3,3.552189121623292e-9,pu,1.0e-6,true
cf_vt_clarabel_socp,3-14,model,21,3,0.0,pu2,1.0e-6,true
cf_vt_clarabel_socp,3-11,model,21,4,9.283821778558517e-14,pu2,1.0e-6,true
cf_vt_clarabel_socp,3-12,model,21,4,0.0,pu,1.0e-6,true
cf_vt_clarabel_socp,pre-SOC-electric,physics,21,4,5.873056020677669e-9,pu,1.0e-6,true
cf_vt_clarabel_socp,3-14,model,21,4,0.0,pu2,1.0e-6,true
cf_vt_clarabel_socp,3-11,model,21,5,3.30409969590467e-13,pu2,1.0e-6,true
cf_vt_clarabel_socp,3-12,model,21,5,0.0,pu,1.0e-6,true
cf_vt_clarabel_socp,pre-SOC-electric,physics,21,5,2.9621925010537425e-9,pu,1.0e-6,true
cf_vt_clarabel_socp,3-14,model,21,5,0.0,pu2,1.0e-6,true
cf_vt_clarabel_socp,3-11,model,21,6,7.813740329949432e-13,pu2,1.0e-6,true
cf_vt_clarabel_socp,3-12,model,21,6,0.0,pu,1.0e-6,true
cf_vt_clarabel_socp,pre-SOC-electric,physics,21,6,4.784470055384238e-9,pu,1.0e-6,true
cf_vt_clarabel_socp,3-14,model,21,6,0.0,pu2,1.0e-6,true
cf_vt_clarabel_socp,3-11,model,21,7,7.857355801291427e-13,pu2,1.0e-6,true
cf_vt_clarabel_socp,3-12,model,21,7,0.0,pu,1.0e-6,true
cf_vt_clarabel_socp,pre-SOC-electric,physics,21,7,7.67303027972982e-9,pu,1.0e-6,true
cf_vt_clarabel_socp,3-14,model,21,7,0.0,pu2,1.0e-6,true
cf_vt_clarabel_socp,3-11,model,21,8,1.4685200687316984e-12,pu2,1.0e-6,true
cf_vt_clarabel_socp,3-12,model,21,8,0.0,pu,1.0e-6,true
cf_vt_clarabel_socp,pre-SOC-electric,physics,21,8,1.4292337131502353e-9,pu,1.0e-6,true
cf_vt_clarabel_socp,3-14,model,21,8,0.0,pu2,1.0e-6,true
cf_vt_clarabel_socp,3-11,model,21,9,5.682705088083857e-12,pu2,1.0e-6,true
cf_vt_clarabel_socp,3-12,model,21,9,0.0,pu,1.0e-6,true
cf_vt_clarabel_socp,pre-SOC-electric,physics,21,9,2.2809295342242353e-9,pu,1.0e-6,true
cf_vt_clarabel_socp,3-14,model,21,9,0.0,pu2,1.0e-6,true
cf_vt_clarabel_socp,3-11,model,21,10,6.492106550224784e-12,pu2,1.0e-6,true
cf_vt_clarabel_socp,3-12,model,21,10,0.0,pu,1.0e-6,true
cf_vt_clarabel_socp,pre-SOC-electric,physics,21,10,1.6708752688734951e-9,pu,1.0e-6,true
cf_vt_clarabel_socp,3-14,model,21,10,0.0,pu2,1.0e-6,true
cf_vt_clarabel_socp,3-11,model,21,11,1.9113881281223634e-12,pu2,1.0e-6,true
cf_vt_clarabel_socp,3-12,model,21,11,0.0,pu,1.0e-6,true
cf_vt_clarabel_socp,pre-SOC-electric,physics,21,11,6.655884685416447e-9,pu,1.0e-6,true
cf_vt_clarabel_socp,3-14,model,21,11,0.0,pu2,1.0e-6,true
cf_vt_clarabel_socp,3-11,model,21,12,5.0109170370065065e-12,pu2,1.0e-6,true
cf_vt_clarabel_socp,3-12,model,21,12,1.1116715633533586e-8,pu,1.0e-6,true
cf_vt_clarabel_socp,pre-SOC-electric,physics,21,12,1.1116715633533586e-8,pu,1.0e-6,true
cf_vt_clarabel_socp,3-14,model,21,12,0.0,pu2,1.0e-6,true
cf_vt_clarabel_socp,3-11,model,21,13,8.062615423456748e-13,pu2,1.0e-6,true
cf_vt_clarabel_socp,3-12,model,21,13,0.0,pu,1.0e-6,true
cf_vt_clarabel_socp,pre-SOC-electric,physics,21,13,9.171914896414363e-9,pu,1.0e-6,true
cf_vt_clarabel_socp,3-14,model,21,13,0.0,pu2,1.0e-6,true
cf_vt_clarabel_socp,3-11,model,21,14,1.6710026535688978e-12,pu2,1.0e-6,true
cf_vt_clarabel_socp,3-12,model,21,14,0.0,pu,1.0e-6,true
cf_vt_clarabel_socp,pre-SOC-electric,physics,21,14,9.462422353914007e-9,pu,1.0e-6,true
cf_vt_clarabel_socp,3-14,model,21,14,0.0,pu2,1.0e-6,true
cf_vt_clarabel_socp,3-11,model,21,15,2.3259088746804477e-12,pu2,1.0e-6,true
cf_vt_clarabel_socp,3-12,model,21,15,0.0,pu,1.0e-6,true
cf_vt_clarabel_socp,pre-SOC-electric,physics,21,15,6.161534772848587e-9,pu,1.0e-6,true
cf_vt_clarabel_socp,3-14,model,21,15,0.0,pu2,1.0e-6,true
cf_vt_clarabel_socp,3-11,model,21,16,1.621036928787492e-12,pu2,1.0e-6,true
cf_vt_clarabel_socp,3-12,model,21,16,1.8491167147818843e-10,pu,1.0e-6,true
cf_vt_clarabel_socp,pre-SOC-electric,physics,21,16,1.8491167147818843e-10,pu,1.0e-6,true
cf_vt_clarabel_socp,3-14,model,21,16,0.0,pu2,1.0e-6,true
cf_vt_clarabel_socp,3-11,model,21,17,8.10825805639976e-13,pu2,1.0e-6,true
cf_vt_clarabel_socp,3-12,model,21,17,0.0,pu,1.0e-6,true
cf_vt_clarabel_socp,pre-SOC-electric,physics,21,17,2.7602413566613082e-9,pu,1.0e-6,true
cf_vt_clarabel_socp,3-14,model,21,17,0.0,pu2,1.0e-6,true
cf_vt_clarabel_socp,3-11,model,21,18,1.0590775862361328e-12,pu2,1.0e-6,true
cf_vt_clarabel_socp,3-12,model,21,18,0.0,pu,1.0e-6,true
cf_vt_clarabel_socp,pre-SOC-electric,physics,21,18,6.727765792385876e-10,pu,1.0e-6,true
cf_vt_clarabel_socp,3-14,model,21,18,0.0,pu2,1.0e-6,true
cf_vt_clarabel_socp,3-11,model,21,19,5.511188732684898e-12,pu2,1.0e-6,true
cf_vt_clarabel_socp,3-12,model,21,19,0.0,pu,1.0e-6,true
cf_vt_clarabel_socp,pre-SOC-electric,physics,21,19,1.1993778921848969e-8,pu,1.0e-6,true
cf_vt_clarabel_socp,3-14,model,21,19,0.0,pu2,1.0e-6,true
cf_vt_clarabel_socp,3-11,model,21,20,2.384420589305377e-12,pu2,1.0e-6,true
cf_vt_clarabel_socp,3-12,model,21,20,0.0,pu,1.0e-6,true
cf_vt_clarabel_socp,pre-SOC-electric,physics,21,20,1.2811249541690856e-8,pu,1.0e-6,true
cf_vt_clarabel_socp,3-14,model,21,20,0.0,pu2,1.0e-6,true
cf_vt_clarabel_socp,3-11,model,21,21,1.8112519388377392e-12,pu2,1.0e-6,true
cf_vt_clarabel_socp,3-12,model,21,21,0.0,pu,1.0e-6,true
cf_vt_clarabel_socp,pre-SOC-electric,physics,21,21,2.198937905199816e-8,pu,1.0e-6,true
cf_vt_clarabel_socp,3-14,model,21,21,0.0,pu2,1.0e-6,true
cf_vt_clarabel_socp,3-11,model,21,22,3.061931650678103e-13,pu2,1.0e-6,true
cf_vt_clarabel_socp,3-12,model,21,22,0.0,pu,1.0e-6,true
cf_vt_clarabel_socp,pre-SOC-electric,physics,21,22,4.735471928647705e-9,pu,1.0e-6,true
cf_vt_clarabel_socp,3-14,model,21,22,0.0,pu2,1.0e-6,true
cf_vt_clarabel_socp,3-11,model,21,23,3.949024419779403e-13,pu2,1.0e-6,true
cf_vt_clarabel_socp,3-12,model,21,23,0.0,pu,1.0e-6,true
cf_vt_clarabel_socp,pre-SOC-electric,physics,21,23,2.1153872841774e-9,pu,1.0e-6,true
cf_vt_clarabel_socp,3-14,model,21,23,0.0,pu2,1.0e-6,true
cf_vt_clarabel_socp,3-11,model,21,24,1.0750480248443136e-13,pu2,1.0e-6,true
cf_vt_clarabel_socp,3-12,model,21,24,0.0,pu,1.0e-6,true
cf_vt_clarabel_socp,pre-SOC-electric,physics,21,24,5.5533371219693844e-9,pu,1.0e-6,true
cf_vt_clarabel_socp,3-14,model,21,24,0.0,pu2,1.0e-6,true
cf_vt_clarabel_socp,3-11,model,22,1,2.6156482443298254e-14,pu2,1.0e-6,true
cf_vt_clarabel_socp,3-12,model,22,1,4.665935321760632e-10,pu,1.0e-6,true
cf_vt_clarabel_socp,pre-SOC-electric,physics,22,1,4.665935321760632e-10,pu,1.0e-6,true
cf_vt_clarabel_socp,3-14,model,22,1,0.0,pu2,1.0e-6,true
cf_vt_clarabel_socp,3-11,model,22,2,2.500389125416791e-14,pu2,1.0e-6,true
cf_vt_clarabel_socp,3-12,model,22,2,0.0,pu,1.0e-6,true
cf_vt_clarabel_socp,pre-SOC-electric,physics,22,2,1.0431790339806169e-8,pu,1.0e-6,true
cf_vt_clarabel_socp,3-14,model,22,2,0.0,pu2,1.0e-6,true
cf_vt_clarabel_socp,3-11,model,22,3,2.423710705536943e-14,pu2,1.0e-6,true
cf_vt_clarabel_socp,3-12,model,22,3,2.684256114176284e-9,pu,1.0e-6,true
cf_vt_clarabel_socp,pre-SOC-electric,physics,22,3,2.684256114176284e-9,pu,1.0e-6,true
cf_vt_clarabel_socp,3-14,model,22,3,0.0,pu2,1.0e-6,true
cf_vt_clarabel_socp,3-11,model,22,4,2.38533181210344e-14,pu2,1.0e-6,true
cf_vt_clarabel_socp,3-12,model,22,4,0.0,pu,1.0e-6,true
cf_vt_clarabel_socp,pre-SOC-electric,physics,22,4,2.803274178812907e-10,pu,1.0e-6,true
cf_vt_clarabel_socp,3-14,model,22,4,0.0,pu2,1.0e-6,true
cf_vt_clarabel_socp,3-11,model,22,5,2.4652545375778616e-14,pu2,1.0e-6,true
cf_vt_clarabel_socp,3-12,model,22,5,9.461517005662128e-9,pu,1.0e-6,true
cf_vt_clarabel_socp,pre-SOC-electric,physics,22,5,9.461517005662128e-9,pu,1.0e-6,true
cf_vt_clarabel_socp,3-14,model,22,5,0.0,pu2,1.0e-6,true
cf_vt_clarabel_socp,3-11,model,22,6,2.7547489266641686e-14,pu2,1.0e-6,true
cf_vt_clarabel_socp,3-12,model,22,6,0.0,pu,1.0e-6,true
cf_vt_clarabel_socp,pre-SOC-electric,physics,22,6,4.315099961022168e-8,pu,1.0e-6,true
cf_vt_clarabel_socp,3-14,model,22,6,0.0,pu2,1.0e-6,true
cf_vt_clarabel_socp,3-11,model,22,7,3.15409446810847e-14,pu2,1.0e-6,true
cf_vt_clarabel_socp,3-12,model,22,7,0.0,pu,1.0e-6,true
cf_vt_clarabel_socp,pre-SOC-electric,physics,22,7,3.232865168980876e-8,pu,1.0e-6,true
cf_vt_clarabel_socp,3-14,model,22,7,0.0,pu2,1.0e-6,true
cf_vt_clarabel_socp,3-11,model,22,8,3.618558377878377e-14,pu2,1.0e-6,true
cf_vt_clarabel_socp,3-12,model,22,8,0.0,pu,1.0e-6,true
cf_vt_clarabel_socp,pre-SOC-electric,physics,22,8,4.297088475736614e-8,pu,1.0e-6,true
cf_vt_clarabel_socp,3-14,model,22,8,0.0,pu2,1.0e-6,true
cf_vt_clarabel_socp,3-11,model,22,9,3.965672649069779e-14,pu2,1.0e-6,true
cf_vt_clarabel_socp,3-12,model,22,9,0.0,pu,1.0e-6,true
cf_vt_clarabel_socp,pre-SOC-electric,physics,22,9,7.743493639909057e-8,pu,1.0e-6,true
cf_vt_clarabel_socp,3-14,model,22,9,0.0,pu2,1.0e-6,true
cf_vt_clarabel_socp,3-11,model,22,10,4.132921930307277e-14,pu2,1.0e-6,true
cf_vt_clarabel_socp,3-12,model,22,10,0.0,pu,1.0e-6,true
cf_vt_clarabel_socp,pre-SOC-electric,physics,22,10,2.2914697135330113e-8,pu,1.0e-6,true
cf_vt_clarabel_socp,3-14,model,22,10,0.0,pu2,1.0e-6,true
cf_vt_clarabel_socp,3-11,model,22,11,4.209012424618436e-14,pu2,1.0e-6,true
cf_vt_clarabel_socp,3-12,model,22,11,3.825948024192838e-8,pu,1.0e-6,true
cf_vt_clarabel_socp,pre-SOC-electric,physics,22,11,3.825948024192838e-8,pu,1.0e-6,true
cf_vt_clarabel_socp,3-14,model,22,11,0.0,pu2,1.0e-6,true
cf_vt_clarabel_socp,3-11,model,22,12,4.00799930896055e-14,pu2,1.0e-6,true
cf_vt_clarabel_socp,3-12,model,22,12,0.0,pu,1.0e-6,true
cf_vt_clarabel_socp,pre-SOC-electric,physics,22,12,3.501235961176968e-8,pu,1.0e-6,true
cf_vt_clarabel_socp,3-14,model,22,12,0.0,pu2,1.0e-6,true
cf_vt_clarabel_socp,3-11,model,22,13,3.7399995244052995e-14,pu2,1.0e-6,true
cf_vt_clarabel_socp,3-12,model,22,13,0.0,pu,1.0e-6,true
cf_vt_clarabel_socp,pre-SOC-electric,physics,22,13,2.204646148772733e-8,pu,1.0e-6,true
cf_vt_clarabel_socp,3-14,model,22,13,0.0,pu2,1.0e-6,true
cf_vt_clarabel_socp,3-11,model,22,14,3.602854810552756e-14,pu2,1.0e-6,true
cf_vt_clarabel_socp,3-12,model,22,14,4.537401668150767e-9,pu,1.0e-6,true
cf_vt_clarabel_socp,pre-SOC-electric,physics,22,14,4.537401668150767e-9,pu,1.0e-6,true
cf_vt_clarabel_socp,3-14,model,22,14,0.0,pu2,1.0e-6,true
cf_vt_clarabel_socp,3-11,model,22,15,3.75787971229548e-14,pu2,1.0e-6,true
cf_vt_clarabel_socp,3-12,model,22,15,0.0,pu,1.0e-6,true
cf_vt_clarabel_socp,pre-SOC-electric,physics,22,15,9.73417749877692e-9,pu,1.0e-6,true
cf_vt_clarabel_socp,3-14,model,22,15,0.0,pu2,1.0e-6,true
cf_vt_clarabel_socp,3-11,model,22,16,3.952247430965682e-14,pu2,1.0e-6,true
cf_vt_clarabel_socp,3-12,model,22,16,0.0,pu,1.0e-6,true
cf_vt_clarabel_socp,pre-SOC-electric,physics,22,16,1.5637392520944336e-8,pu,1.0e-6,true
cf_vt_clarabel_socp,3-14,model,22,16,0.0,pu2,1.0e-6,true
cf_vt_clarabel_socp,3-11,model,22,17,4.148755347783712e-14,pu2,1.0e-6,true
cf_vt_clarabel_socp,3-12,model,22,17,0.0,pu,1.0e-6,true
cf_vt_clarabel_socp,pre-SOC-electric,physics,22,17,2.6995840524493032e-9,pu,1.0e-6,true
cf_vt_clarabel_socp,3-14,model,22,17,0.0,pu2,1.0e-6,true
cf_vt_clarabel_socp,3-11,model,22,18,4.269696575465165e-14,pu2,1.0e-6,true
cf_vt_clarabel_socp,3-12,model,22,18,1.795825733177112e-8,pu,1.0e-6,true
cf_vt_clarabel_socp,pre-SOC-electric,physics,22,18,1.795825733177112e-8,pu,1.0e-6,true
cf_vt_clarabel_socp,3-14,model,22,18,0.0,pu2,1.0e-6,true
cf_vt_clarabel_socp,3-11,model,22,19,4.089132868033071e-14,pu2,1.0e-6,true
cf_vt_clarabel_socp,3-12,model,22,19,2.0396102187009938e-8,pu,1.0e-6,true
cf_vt_clarabel_socp,pre-SOC-electric,physics,22,19,2.0396102187009938e-8,pu,1.0e-6,true
cf_vt_clarabel_socp,3-14,model,22,19,0.0,pu2,1.0e-6,true
cf_vt_clarabel_socp,3-11,model,22,20,3.8104938414405386e-14,pu2,1.0e-6,true
cf_vt_clarabel_socp,3-12,model,22,20,1.4131235140976261e-8,pu,1.0e-6,true
cf_vt_clarabel_socp,pre-SOC-electric,physics,22,20,1.4131235140976261e-8,pu,1.0e-6,true
cf_vt_clarabel_socp,3-14,model,22,20,0.0,pu2,1.0e-6,true
cf_vt_clarabel_socp,3-11,model,22,21,3.46913981780694e-14,pu2,1.0e-6,true
cf_vt_clarabel_socp,3-12,model,22,21,0.0,pu,1.0e-6,true
cf_vt_clarabel_socp,pre-SOC-electric,physics,22,21,2.621068004033788e-8,pu,1.0e-6,true
cf_vt_clarabel_socp,3-14,model,22,21,0.0,pu2,1.0e-6,true
cf_vt_clarabel_socp,3-11,model,22,22,3.1623144993450994e-14,pu2,1.0e-6,true
cf_vt_clarabel_socp,3-12,model,22,22,0.0,pu,1.0e-6,true
cf_vt_clarabel_socp,pre-SOC-electric,physics,22,22,1.1713894470079603e-8,pu,1.0e-6,true
cf_vt_clarabel_socp,3-14,model,22,22,0.0,pu2,1.0e-6,true
cf_vt_clarabel_socp,3-11,model,22,23,2.951994778585846e-14,pu2,1.0e-6,true
cf_vt_clarabel_socp,3-12,model,22,23,1.4174638429697607e-10,pu,1.0e-6,true
cf_vt_clarabel_socp,pre-SOC-electric,physics,22,23,1.4174638429697607e-10,pu,1.0e-6,true
cf_vt_clarabel_socp,3-14,model,22,23,0.0,pu2,1.0e-6,true
cf_vt_clarabel_socp,3-11,model,22,24,2.7392145118181142e-14,pu2,1.0e-6,true
cf_vt_clarabel_socp,3-12,model,22,24,2.3343677081134103e-9,pu,1.0e-6,true
cf_vt_clarabel_socp,pre-SOC-electric,physics,22,24,2.3343677081134103e-9,pu,1.0e-6,true
cf_vt_clarabel_socp,3-14,model,22,24,0.0,pu2,1.0e-6,true
cf_vt_clarabel_socp,3-11,model,23,1,2.6156482443298254e-14,pu2,1.0e-6,true
cf_vt_clarabel_socp,3-12,model,23,1,4.665935321760632e-10,pu,1.0e-6,true
cf_vt_clarabel_socp,pre-SOC-electric,physics,23,1,4.665935321760632e-10,pu,1.0e-6,true
cf_vt_clarabel_socp,3-14,model,23,1,0.0,pu2,1.0e-6,true
cf_vt_clarabel_socp,3-11,model,23,2,2.500389125416791e-14,pu2,1.0e-6,true
cf_vt_clarabel_socp,3-12,model,23,2,0.0,pu,1.0e-6,true
cf_vt_clarabel_socp,pre-SOC-electric,physics,23,2,1.0431790339806169e-8,pu,1.0e-6,true
cf_vt_clarabel_socp,3-14,model,23,2,0.0,pu2,1.0e-6,true
cf_vt_clarabel_socp,3-11,model,23,3,2.423710705536943e-14,pu2,1.0e-6,true
cf_vt_clarabel_socp,3-12,model,23,3,2.684256114176284e-9,pu,1.0e-6,true
cf_vt_clarabel_socp,pre-SOC-electric,physics,23,3,2.684256114176284e-9,pu,1.0e-6,true
cf_vt_clarabel_socp,3-14,model,23,3,0.0,pu2,1.0e-6,true
cf_vt_clarabel_socp,3-11,model,23,4,2.38533181210344e-14,pu2,1.0e-6,true
cf_vt_clarabel_socp,3-12,model,23,4,0.0,pu,1.0e-6,true
cf_vt_clarabel_socp,pre-SOC-electric,physics,23,4,2.803274178812907e-10,pu,1.0e-6,true
cf_vt_clarabel_socp,3-14,model,23,4,0.0,pu2,1.0e-6,true
cf_vt_clarabel_socp,3-11,model,23,5,2.4652545375778616e-14,pu2,1.0e-6,true
cf_vt_clarabel_socp,3-12,model,23,5,9.461517005662128e-9,pu,1.0e-6,true
cf_vt_clarabel_socp,pre-SOC-electric,physics,23,5,9.461517005662128e-9,pu,1.0e-6,true
cf_vt_clarabel_socp,3-14,model,23,5,0.0,pu2,1.0e-6,true
cf_vt_clarabel_socp,3-11,model,23,6,2.7547489266641686e-14,pu2,1.0e-6,true
cf_vt_clarabel_socp,3-12,model,23,6,0.0,pu,1.0e-6,true
cf_vt_clarabel_socp,pre-SOC-electric,physics,23,6,4.315099961022168e-8,pu,1.0e-6,true
cf_vt_clarabel_socp,3-14,model,23,6,0.0,pu2,1.0e-6,true
cf_vt_clarabel_socp,3-11,model,23,7,3.15409446810847e-14,pu2,1.0e-6,true
cf_vt_clarabel_socp,3-12,model,23,7,0.0,pu,1.0e-6,true
cf_vt_clarabel_socp,pre-SOC-electric,physics,23,7,3.232865168980876e-8,pu,1.0e-6,true
cf_vt_clarabel_socp,3-14,model,23,7,0.0,pu2,1.0e-6,true
cf_vt_clarabel_socp,3-11,model,23,8,3.618558377878377e-14,pu2,1.0e-6,true
cf_vt_clarabel_socp,3-12,model,23,8,0.0,pu,1.0e-6,true
cf_vt_clarabel_socp,pre-SOC-electric,physics,23,8,4.297088475736614e-8,pu,1.0e-6,true
cf_vt_clarabel_socp,3-14,model,23,8,0.0,pu2,1.0e-6,true
cf_vt_clarabel_socp,3-11,model,23,9,3.965672649069779e-14,pu2,1.0e-6,true
cf_vt_clarabel_socp,3-12,model,23,9,0.0,pu,1.0e-6,true
cf_vt_clarabel_socp,pre-SOC-electric,physics,23,9,7.743493639909057e-8,pu,1.0e-6,true
cf_vt_clarabel_socp,3-14,model,23,9,0.0,pu2,1.0e-6,true
cf_vt_clarabel_socp,3-11,model,23,10,4.132921930307277e-14,pu2,1.0e-6,true
cf_vt_clarabel_socp,3-12,model,23,10,0.0,pu,1.0e-6,true
cf_vt_clarabel_socp,pre-SOC-electric,physics,23,10,2.2914697135330113e-8,pu,1.0e-6,true
cf_vt_clarabel_socp,3-14,model,23,10,0.0,pu2,1.0e-6,true
cf_vt_clarabel_socp,3-11,model,23,11,4.209012424618436e-14,pu2,1.0e-6,true
cf_vt_clarabel_socp,3-12,model,23,11,3.825948024192838e-8,pu,1.0e-6,true
cf_vt_clarabel_socp,pre-SOC-electric,physics,23,11,3.825948024192838e-8,pu,1.0e-6,true
cf_vt_clarabel_socp,3-14,model,23,11,0.0,pu2,1.0e-6,true
cf_vt_clarabel_socp,3-11,model,23,12,4.00799930896055e-14,pu2,1.0e-6,true
cf_vt_clarabel_socp,3-12,model,23,12,0.0,pu,1.0e-6,true
cf_vt_clarabel_socp,pre-SOC-electric,physics,23,12,3.501235961176968e-8,pu,1.0e-6,true
cf_vt_clarabel_socp,3-14,model,23,12,0.0,pu2,1.0e-6,true
cf_vt_clarabel_socp,3-11,model,23,13,3.7399995244052995e-14,pu2,1.0e-6,true
cf_vt_clarabel_socp,3-12,model,23,13,0.0,pu,1.0e-6,true
cf_vt_clarabel_socp,pre-SOC-electric,physics,23,13,2.204646148772733e-8,pu,1.0e-6,true
cf_vt_clarabel_socp,3-14,model,23,13,0.0,pu2,1.0e-6,true
cf_vt_clarabel_socp,3-11,model,23,14,3.602854810552756e-14,pu2,1.0e-6,true
cf_vt_clarabel_socp,3-12,model,23,14,4.537401668150767e-9,pu,1.0e-6,true
cf_vt_clarabel_socp,pre-SOC-electric,physics,23,14,4.537401668150767e-9,pu,1.0e-6,true
cf_vt_clarabel_socp,3-14,model,23,14,0.0,pu2,1.0e-6,true
cf_vt_clarabel_socp,3-11,model,23,15,3.75787971229548e-14,pu2,1.0e-6,true
cf_vt_clarabel_socp,3-12,model,23,15,0.0,pu,1.0e-6,true
cf_vt_clarabel_socp,pre-SOC-electric,physics,23,15,9.73417749877692e-9,pu,1.0e-6,true
cf_vt_clarabel_socp,3-14,model,23,15,0.0,pu2,1.0e-6,true
cf_vt_clarabel_socp,3-11,model,23,16,3.952247430965682e-14,pu2,1.0e-6,true
cf_vt_clarabel_socp,3-12,model,23,16,0.0,pu,1.0e-6,true
cf_vt_clarabel_socp,pre-SOC-electric,physics,23,16,1.5637392520944336e-8,pu,1.0e-6,true
cf_vt_clarabel_socp,3-14,model,23,16,0.0,pu2,1.0e-6,true
cf_vt_clarabel_socp,3-11,model,23,17,4.148755347783712e-14,pu2,1.0e-6,true
cf_vt_clarabel_socp,3-12,model,23,17,0.0,pu,1.0e-6,true
cf_vt_clarabel_socp,pre-SOC-electric,physics,23,17,2.6995840524493032e-9,pu,1.0e-6,true
cf_vt_clarabel_socp,3-14,model,23,17,0.0,pu2,1.0e-6,true
cf_vt_clarabel_socp,3-11,model,23,18,4.269696575465165e-14,pu2,1.0e-6,true
cf_vt_clarabel_socp,3-12,model,23,18,1.795825733177112e-8,pu,1.0e-6,true
cf_vt_clarabel_socp,pre-SOC-electric,physics,23,18,1.795825733177112e-8,pu,1.0e-6,true
cf_vt_clarabel_socp,3-14,model,23,18,0.0,pu2,1.0e-6,true
cf_vt_clarabel_socp,3-11,model,23,19,4.089132868033071e-14,pu2,1.0e-6,true
cf_vt_clarabel_socp,3-12,model,23,19,2.0396102187009938e-8,pu,1.0e-6,true
cf_vt_clarabel_socp,pre-SOC-electric,physics,23,19,2.0396102187009938e-8,pu,1.0e-6,true
cf_vt_clarabel_socp,3-14,model,23,19,0.0,pu2,1.0e-6,true
cf_vt_clarabel_socp,3-11,model,23,20,3.8104938414405386e-14,pu2,1.0e-6,true
cf_vt_clarabel_socp,3-12,model,23,20,1.4131235140976261e-8,pu,1.0e-6,true
cf_vt_clarabel_socp,pre-SOC-electric,physics,23,20,1.4131235140976261e-8,pu,1.0e-6,true
cf_vt_clarabel_socp,3-14,model,23,20,0.0,pu2,1.0e-6,true
cf_vt_clarabel_socp,3-11,model,23,21,3.46913981780694e-14,pu2,1.0e-6,true
cf_vt_clarabel_socp,3-12,model,23,21,0.0,pu,1.0e-6,true
cf_vt_clarabel_socp,pre-SOC-electric,physics,23,21,2.621068004033788e-8,pu,1.0e-6,true
cf_vt_clarabel_socp,3-14,model,23,21,0.0,pu2,1.0e-6,true
cf_vt_clarabel_socp,3-11,model,23,22,3.1623144993450994e-14,pu2,1.0e-6,true
cf_vt_clarabel_socp,3-12,model,23,22,0.0,pu,1.0e-6,true
cf_vt_clarabel_socp,pre-SOC-electric,physics,23,22,1.1713894470079603e-8,pu,1.0e-6,true
cf_vt_clarabel_socp,3-14,model,23,22,0.0,pu2,1.0e-6,true
cf_vt_clarabel_socp,3-11,model,23,23,2.951994778585846e-14,pu2,1.0e-6,true
cf_vt_clarabel_socp,3-12,model,23,23,1.4174638429697607e-10,pu,1.0e-6,true
cf_vt_clarabel_socp,pre-SOC-electric,physics,23,23,1.4174638429697607e-10,pu,1.0e-6,true
cf_vt_clarabel_socp,3-14,model,23,23,0.0,pu2,1.0e-6,true
cf_vt_clarabel_socp,3-11,model,23,24,2.7392145118181142e-14,pu2,1.0e-6,true
cf_vt_clarabel_socp,3-12,model,23,24,2.3343677081134103e-9,pu,1.0e-6,true
cf_vt_clarabel_socp,pre-SOC-electric,physics,23,24,2.3343677081134103e-9,pu,1.0e-6,true
cf_vt_clarabel_socp,3-14,model,23,24,0.0,pu2,1.0e-6,true
cf_vt_clarabel_socp,3-11,model,24,1,2.3269633773367036e-13,pu2,1.0e-6,true
cf_vt_clarabel_socp,3-12,model,24,1,0.0,pu,1.0e-6,true
cf_vt_clarabel_socp,pre-SOC-electric,physics,24,1,7.589430132308797e-9,pu,1.0e-6,true
cf_vt_clarabel_socp,3-14,model,24,1,0.0,pu2,1.0e-6,true
cf_vt_clarabel_socp,3-11,model,24,2,2.310248694076451e-13,pu2,1.0e-6,true
cf_vt_clarabel_socp,3-12,model,24,2,0.0,pu,1.0e-6,true
cf_vt_clarabel_socp,pre-SOC-electric,physics,24,2,4.681591740142432e-9,pu,1.0e-6,true
cf_vt_clarabel_socp,3-14,model,24,2,0.0,pu2,1.0e-6,true
cf_vt_clarabel_socp,3-11,model,24,3,1.955961468366827e-13,pu2,1.0e-6,true
cf_vt_clarabel_socp,3-12,model,24,3,0.0,pu,1.0e-6,true
cf_vt_clarabel_socp,pre-SOC-electric,physics,24,3,5.239435244171198e-10,pu,1.0e-6,true
cf_vt_clarabel_socp,3-14,model,24,3,0.0,pu2,1.0e-6,true
cf_vt_clarabel_socp,3-11,model,24,4,2.2447331520018777e-13,pu2,1.0e-6,true
cf_vt_clarabel_socp,3-12,model,24,4,0.0,pu,1.0e-6,true
cf_vt_clarabel_socp,pre-SOC-electric,physics,24,4,2.4213163123815162e-9,pu,1.0e-6,true
cf_vt_clarabel_socp,3-14,model,24,4,0.0,pu2,1.0e-6,true
cf_vt_clarabel_socp,3-11,model,24,5,2.783330799860503e-13,pu2,1.0e-6,true
cf_vt_clarabel_socp,3-12,model,24,5,0.0,pu,1.0e-6,true
cf_vt_clarabel_socp,pre-SOC-electric,physics,24,5,2.34494204349317e-9,pu,1.0e-6,true
cf_vt_clarabel_socp,3-14,model,24,5,0.0,pu2,1.0e-6,true
cf_vt_clarabel_socp,3-11,model,24,6,7.612312778011113e-13,pu2,1.0e-6,true
cf_vt_clarabel_socp,3-12,model,24,6,7.4236665326306295e-9,pu,1.0e-6,true
cf_vt_clarabel_socp,pre-SOC-electric,physics,24,6,7.4236665326306295e-9,pu,1.0e-6,true
cf_vt_clarabel_socp,3-14,model,24,6,0.0,pu2,1.0e-6,true
cf_vt_clarabel_socp,3-11,model,24,7,1.4169657963381552e-12,pu2,1.0e-6,true
cf_vt_clarabel_socp,3-12,model,24,7,1.2055581466267895e-8,pu,1.0e-6,true
cf_vt_clarabel_socp,pre-SOC-electric,physics,24,7,1.2055581466267895e-8,pu,1.0e-6,true
cf_vt_clarabel_socp,3-14,model,24,7,0.0,pu2,1.0e-6,true
cf_vt_clarabel_socp,3-11,model,24,8,1.2546092679362989e-12,pu2,1.0e-6,true
cf_vt_clarabel_socp,3-12,model,24,8,0.0,pu,1.0e-6,true
cf_vt_clarabel_socp,pre-SOC-electric,physics,24,8,1.2729079155743978e-8,pu,1.0e-6,true
cf_vt_clarabel_socp,3-14,model,24,8,0.0,pu2,1.0e-6,true
cf_vt_clarabel_socp,3-11,model,24,9,3.3768166519574597e-12,pu2,1.0e-6,true
cf_vt_clarabel_socp,3-12,model,24,9,7.708618624934632e-9,pu,1.0e-6,true
cf_vt_clarabel_socp,pre-SOC-electric,physics,24,9,7.708618624934632e-9,pu,1.0e-6,true
cf_vt_clarabel_socp,3-14,model,24,9,0.0,pu2,1.0e-6,true
cf_vt_clarabel_socp,3-11,model,24,10,5.833600468733557e-12,pu2,1.0e-6,true
cf_vt_clarabel_socp,3-12,model,24,10,0.0,pu,1.0e-6,true
cf_vt_clarabel_socp,pre-SOC-electric,physics,24,10,1.5582263312996503e-8,pu,1.0e-6,true
cf_vt_clarabel_socp,3-14,model,24,10,0.0,pu2,1.0e-6,true
cf_vt_clarabel_socp,3-11,model,24,11,4.115500900343078e-12,pu2,1.0e-6,true
cf_vt_clarabel_socp,3-12,model,24,11,3.2109032394728176e-9,pu,1.0e-6,true
cf_vt_clarabel_socp,pre-SOC-electric,physics,24,11,3.2109032394728176e-9,pu,1.0e-6,true
cf_vt_clarabel_socp,3-14,model,24,11,0.0,pu2,1.0e-6,true
cf_vt_clarabel_socp,3-11,model,24,12,4.607389427086232e-12,pu2,1.0e-6,true
cf_vt_clarabel_socp,3-12,model,24,12,0.0,pu,1.0e-6,true
cf_vt_clarabel_socp,pre-SOC-electric,physics,24,12,7.634149589829525e-9,pu,1.0e-6,true
cf_vt_clarabel_socp,3-14,model,24,12,0.0,pu2,1.0e-6,true
cf_vt_clarabel_socp,3-11,model,24,13,1.095295410629988e-12,pu2,1.0e-6,true
cf_vt_clarabel_socp,3-12,model,24,13,0.0,pu,1.0e-6,true
cf_vt_clarabel_socp,pre-SOC-electric,physics,24,13,8.706038645209246e-9,pu,1.0e-6,true
cf_vt_clarabel_socp,3-14,model,24,13,0.0,pu2,1.0e-6,true
cf_vt_clarabel_socp,3-11,model,24,14,1.8487202244190986e-12,pu2,1.0e-6,true
cf_vt_clarabel_socp,3-12,model,24,14,0.0,pu,1.0e-6,true
cf_vt_clarabel_socp,pre-SOC-electric,physics,24,14,1.1506957978048987e-8,pu,1.0e-6,true
cf_vt_clarabel_socp,3-14,model,24,14,0.0,pu2,1.0e-6,true
cf_vt_clarabel_socp,3-11,model,24,15,1.7507025882023677e-12,pu2,1.0e-6,true
cf_vt_clarabel_socp,3-12,model,24,15,0.0,pu,1.0e-6,true
cf_vt_clarabel_socp,pre-SOC-electric,physics,24,15,1.2216247432909888e-8,pu,1.0e-6,true
cf_vt_clarabel_socp,3-14,model,24,15,0.0,pu2,1.0e-6,true
cf_vt_clarabel_socp,3-11,model,24,16,1.6126030174965162e-12,pu2,1.0e-6,true
cf_vt_clarabel_socp,3-12,model,24,16,0.0,pu,1.0e-6,true
cf_vt_clarabel_socp,pre-SOC-electric,physics,24,16,1.3009739212570953e-8,pu,1.0e-6,true
cf_vt_clarabel_socp,3-14,model,24,16,0.0,pu2,1.0e-6,true
cf_vt_clarabel_socp,3-11,model,24,17,2.306107736344573e-12,pu2,1.0e-6,true
cf_vt_clarabel_socp,3-12,model,24,17,0.0,pu,1.0e-6,true
cf_vt_clarabel_socp,pre-SOC-electric,physics,24,17,7.709923496510007e-9,pu,1.0e-6,true
cf_vt_clarabel_socp,3-14,model,24,17,0.0,pu2,1.0e-6,true
cf_vt_clarabel_socp,3-11,model,24,18,4.025267874688309e-12,pu2,1.0e-6,true
cf_vt_clarabel_socp,3-12,model,24,18,0.0,pu,1.0e-6,true
cf_vt_clarabel_socp,pre-SOC-electric,physics,24,18,1.975389137508221e-8,pu,1.0e-6,true
cf_vt_clarabel_socp,3-14,model,24,18,0.0,pu2,1.0e-6,true
cf_vt_clarabel_socp,3-11,model,24,19,6.475874263239421e-12,pu2,1.0e-6,true
cf_vt_clarabel_socp,3-12,model,24,19,0.0,pu,1.0e-6,true
cf_vt_clarabel_socp,pre-SOC-electric,physics,24,19,1.2346938747017505e-8,pu,1.0e-6,true
cf_vt_clarabel_socp,3-14,model,24,19,0.0,pu2,1.0e-6,true
cf_vt_clarabel_socp,3-11,model,24,20,4.00361616672136e-12,pu2,1.0e-6,true
cf_vt_clarabel_socp,3-12,model,24,20,0.0,pu,1.0e-6,true
cf_vt_clarabel_socp,pre-SOC-electric,physics,24,20,3.087038845687659e-8,pu,1.0e-6,true
cf_vt_clarabel_socp,3-14,model,24,20,0.0,pu2,1.0e-6,true
cf_vt_clarabel_socp,3-11,model,24,21,3.858192739189601e-12,pu2,1.0e-6,true
cf_vt_clarabel_socp,3-12,model,24,21,0.0,pu,1.0e-6,true
cf_vt_clarabel_socp,pre-SOC-electric,physics,24,21,2.9987144369199303e-8,pu,1.0e-6,true
cf_vt_clarabel_socp,3-14,model,24,21,0.0,pu2,1.0e-6,true
cf_vt_clarabel_socp,3-11,model,24,22,2.4640218674703814e-13,pu2,1.0e-6,true
cf_vt_clarabel_socp,3-12,model,24,22,0.0,pu,1.0e-6,true
cf_vt_clarabel_socp,pre-SOC-electric,physics,24,22,7.101544195579901e-9,pu,1.0e-6,true
cf_vt_clarabel_socp,3-14,model,24,22,0.0,pu2,1.0e-6,true
cf_vt_clarabel_socp,3-11,model,24,23,4.634622357115384e-13,pu2,1.0e-6,true
cf_vt_clarabel_socp,3-12,model,24,23,0.0,pu,1.0e-6,true
cf_vt_clarabel_socp,pre-SOC-electric,physics,24,23,3.909525094283883e-9,pu,1.0e-6,true
cf_vt_clarabel_socp,3-14,model,24,23,0.0,pu2,1.0e-6,true
cf_vt_clarabel_socp,3-11,model,24,24,2.1105168173952407e-13,pu2,1.0e-6,true
cf_vt_clarabel_socp,3-12,model,24,24,0.0,pu,1.0e-6,true
cf_vt_clarabel_socp,pre-SOC-electric,physics,24,24,4.848941860232173e-9,pu,1.0e-6,true
cf_vt_clarabel_socp,3-14,model,24,24,0.0,pu2,1.0e-6,true
cf_vt_clarabel_socp,3-11,model,25,1,1.6551117810006174e-14,pu2,1.0e-6,true
cf_vt_clarabel_socp,3-12,model,25,1,0.0,pu,1.0e-6,true
cf_vt_clarabel_socp,pre-SOC-electric,physics,25,1,1.022439320081986e-8,pu,1.0e-6,true
cf_vt_clarabel_socp,3-14,model,25,1,0.0,pu2,1.0e-6,true
cf_vt_clarabel_socp,3-11,model,25,2,1.583479814013921e-14,pu2,1.0e-6,true
cf_vt_clarabel_socp,3-12,model,25,2,0.0,pu,1.0e-6,true
cf_vt_clarabel_socp,pre-SOC-electric,physics,25,2,2.132677014989818e-8,pu,1.0e-6,true
cf_vt_clarabel_socp,3-14,model,25,2,0.0,pu2,1.0e-6,true
cf_vt_clarabel_socp,3-11,model,25,3,1.5359061238280885e-14,pu2,1.0e-6,true
cf_vt_clarabel_socp,3-12,model,25,3,0.0,pu,1.0e-6,true
cf_vt_clarabel_socp,pre-SOC-electric,physics,25,3,8.092853981248906e-9,pu,1.0e-6,true
cf_vt_clarabel_socp,3-14,model,25,3,0.0,pu2,1.0e-6,true
cf_vt_clarabel_socp,3-11,model,25,4,1.52263574334675e-14,pu2,1.0e-6,true
cf_vt_clarabel_socp,3-12,model,25,4,0.0,pu,1.0e-6,true
cf_vt_clarabel_socp,pre-SOC-electric,physics,25,4,1.6949392855219753e-9,pu,1.0e-6,true
cf_vt_clarabel_socp,3-14,model,25,4,0.0,pu2,1.0e-6,true
cf_vt_clarabel_socp,3-11,model,25,5,1.5660920910792742e-14,pu2,1.0e-6,true
cf_vt_clarabel_socp,3-12,model,25,5,0.0,pu,1.0e-6,true
cf_vt_clarabel_socp,pre-SOC-electric,physics,25,5,5.717851264133104e-9,pu,1.0e-6,true
cf_vt_clarabel_socp,3-14,model,25,5,0.0,pu2,1.0e-6,true
cf_vt_clarabel_socp,3-11,model,25,6,1.717963319752781e-14,pu2,1.0e-6,true
cf_vt_clarabel_socp,3-12,model,25,6,0.0,pu,1.0e-6,true
cf_vt_clarabel_socp,pre-SOC-electric,physics,25,6,1.4916162362964237e-8,pu,1.0e-6,true
cf_vt_clarabel_socp,3-14,model,25,6,0.0,pu2,1.0e-6,true
cf_vt_clarabel_socp,3-11,model,25,7,1.9441218789993317e-14,pu2,1.0e-6,true
cf_vt_clarabel_socp,3-12,model,25,7,0.0,pu,1.0e-6,true
cf_vt_clarabel_socp,pre-SOC-electric,physics,25,7,2.518806213234158e-8,pu,1.0e-6,true
cf_vt_clarabel_socp,3-14,model,25,7,0.0,pu2,1.0e-6,true
cf_vt_clarabel_socp,3-11,model,25,8,2.1780180842190505e-14,pu2,1.0e-6,true
cf_vt_clarabel_socp,3-12,model,25,8,0.0,pu,1.0e-6,true
cf_vt_clarabel_socp,pre-SOC-electric,physics,25,8,9.666170109451887e-9,pu,1.0e-6,true
cf_vt_clarabel_socp,3-14,model,25,8,0.0,pu2,1.0e-6,true
cf_vt_clarabel_socp,3-11,model,25,9,2.3524269114432155e-14,pu2,1.0e-6,true
cf_vt_clarabel_socp,3-12,model,25,9,0.0,pu,1.0e-6,true
cf_vt_clarabel_socp,pre-SOC-electric,physics,25,9,7.300934355062953e-8,pu,1.0e-6,true
cf_vt_clarabel_socp,3-14,model,25,9,0.0,pu2,1.0e-6,true
cf_vt_clarabel_socp,3-11,model,25,10,2.4198921539557786e-14,pu2,1.0e-6,true
cf_vt_clarabel_socp,3-12,model,25,10,0.0,pu,1.0e-6,true
cf_vt_clarabel_socp,pre-SOC-electric,physics,25,10,2.387666164831376e-8,pu,1.0e-6,true
cf_vt_clarabel_socp,3-14,model,25,10,0.0,pu2,1.0e-6,true
cf_vt_clarabel_socp,3-11,model,25,11,2.4549349234232257e-14,pu2,1.0e-6,true
cf_vt_clarabel_socp,3-12,model,25,11,9.487125927519144e-10,pu,1.0e-6,true
cf_vt_clarabel_socp,pre-SOC-electric,physics,25,11,9.487125927519144e-10,pu,1.0e-6,true
cf_vt_clarabel_socp,3-14,model,25,11,0.0,pu2,1.0e-6,true
cf_vt_clarabel_socp,3-11,model,25,12,2.3482357077169065e-14,pu2,1.0e-6,true
cf_vt_clarabel_socp,3-12,model,25,12,7.338209274281894e-9,pu,1.0e-6,true
cf_vt_clarabel_socp,pre-SOC-electric,physics,25,12,7.338209274281894e-9,pu,1.0e-6,true
cf_vt_clarabel_socp,3-14,model,25,12,0.0,pu2,1.0e-6,true
cf_vt_clarabel_socp,3-11,model,25,13,2.21007082738269e-14,pu2,1.0e-6,true
cf_vt_clarabel_socp,3-12,model,25,13,0.0,pu,1.0e-6,true
cf_vt_clarabel_socp,pre-SOC-electric,physics,25,13,3.589198885903212e-8,pu,1.0e-6,true
cf_vt_clarabel_socp,3-14,model,25,13,0.0,pu2,1.0e-6,true
cf_vt_clarabel_socp,3-11,model,25,14,2.133677434089593e-14,pu2,1.0e-6,true
cf_vt_clarabel_socp,3-12,model,25,14,0.0,pu,1.0e-6,true
cf_vt_clarabel_socp,pre-SOC-electric,physics,25,14,1.806647958752655e-8,pu,1.0e-6,true
cf_vt_clarabel_socp,3-14,model,25,14,0.0,pu2,1.0e-6,true
cf_vt_clarabel_socp,3-11,model,25,15,2.224708234337602e-14,pu2,1.0e-6,true
cf_vt_clarabel_socp,3-12,model,25,15,0.0,pu,1.0e-6,true
cf_vt_clarabel_socp,pre-SOC-electric,physics,25,15,2.5676613989568473e-8,pu,1.0e-6,true
cf_vt_clarabel_socp,3-14,model,25,15,0.0,pu2,1.0e-6,true
cf_vt_clarabel_socp,3-11,model,25,16,2.3369688142657087e-14,pu2,1.0e-6,true
cf_vt_clarabel_socp,3-12,model,25,16,0.0,pu,1.0e-6,true
cf_vt_clarabel_socp,pre-SOC-electric,physics,25,16,1.7749795549863463e-8,pu,1.0e-6,true
cf_vt_clarabel_socp,3-14,model,25,16,0.0,pu2,1.0e-6,true
cf_vt_clarabel_socp,3-11,model,25,17,2.4543775757439323e-14,pu2,1.0e-6,true
cf_vt_clarabel_socp,3-12,model,25,17,1.2814299491306635e-9,pu,1.0e-6,true
cf_vt_clarabel_socp,pre-SOC-electric,physics,25,17,1.2814299491306635e-9,pu,1.0e-6,true
cf_vt_clarabel_socp,3-14,model,25,17,0.0,pu2,1.0e-6,true
cf_vt_clarabel_socp,3-11,model,25,18,2.5057004878641966e-14,pu2,1.0e-6,true
cf_vt_clarabel_socp,3-12,model,25,18,0.0,pu,1.0e-6,true
cf_vt_clarabel_socp,pre-SOC-electric,physics,25,18,2.134662821501451e-8,pu,1.0e-6,true
cf_vt_clarabel_socp,3-14,model,25,18,0.0,pu2,1.0e-6,true
cf_vt_clarabel_socp,3-11,model,25,19,2.4255289888131665e-14,pu2,1.0e-6,true
cf_vt_clarabel_socp,3-12,model,25,19,0.0,pu,1.0e-6,true
cf_vt_clarabel_socp,pre-SOC-electric,physics,25,19,3.110607109347782e-8,pu,1.0e-6,true
cf_vt_clarabel_socp,3-14,model,25,19,0.0,pu2,1.0e-6,true
cf_vt_clarabel_socp,3-11,model,25,20,2.284375691537742e-14,pu2,1.0e-6,true
cf_vt_clarabel_socp,3-12,model,25,20,7.007095056239202e-8,pu,1.0e-6,true
cf_vt_clarabel_socp,pre-SOC-electric,physics,25,20,7.007095056239202e-8,pu,1.0e-6,true
cf_vt_clarabel_socp,3-14,model,25,20,0.0,pu2,1.0e-6,true
cf_vt_clarabel_socp,3-11,model,25,21,2.107667593378255e-14,pu2,1.0e-6,true
cf_vt_clarabel_socp,3-12,model,25,21,0.0,pu,1.0e-6,true
cf_vt_clarabel_socp,pre-SOC-electric,physics,25,21,3.9559287079828434e-8,pu,1.0e-6,true
cf_vt_clarabel_socp,3-14,model,25,21,0.0,pu2,1.0e-6,true
cf_vt_clarabel_socp,3-11,model,25,22,1.9481453702020844e-14,pu2,1.0e-6,true
cf_vt_clarabel_socp,3-12,model,25,22,6.927586494905047e-10,pu,1.0e-6,true
cf_vt_clarabel_socp,pre-SOC-electric,physics,25,22,6.927586494905047e-10,pu,1.0e-6,true
cf_vt_clarabel_socp,3-14,model,25,22,0.0,pu2,1.0e-6,true
cf_vt_clarabel_socp,3-11,model,25,23,1.822209104527378e-14,pu2,1.0e-6,true
cf_vt_clarabel_socp,3-12,model,25,23,0.0,pu,1.0e-6,true
cf_vt_clarabel_socp,pre-SOC-electric,physics,25,23,2.1846277661777096e-8,pu,1.0e-6,true
cf_vt_clarabel_socp,3-14,model,25,23,0.0,pu2,1.0e-6,true
cf_vt_clarabel_socp,3-11,model,25,24,1.7099647876318586e-14,pu2,1.0e-6,true
cf_vt_clarabel_socp,3-12,model,25,24,0.0,pu,1.0e-6,true
cf_vt_clarabel_socp,pre-SOC-electric,physics,25,24,2.7142072675501432e-9,pu,1.0e-6,true
cf_vt_clarabel_socp,3-14,model,25,24,0.0,pu2,1.0e-6,true
cf_vt_clarabel_socp,3-11,model,26,1,1.6571003602508863e-14,pu2,1.0e-6,true
cf_vt_clarabel_socp,3-12,model,26,1,0.0,pu,1.0e-6,true
cf_vt_clarabel_socp,pre-SOC-electric,physics,26,1,6.1127995198192314e-9,pu,1.0e-6,true
cf_vt_clarabel_socp,3-14,model,26,1,0.0,pu2,1.0e-6,true
cf_vt_clarabel_socp,3-11,model,26,2,1.594351947760051e-14,pu2,1.0e-6,true
cf_vt_clarabel_socp,3-12,model,26,2,0.0,pu,1.0e-6,true
cf_vt_clarabel_socp,pre-SOC-electric,physics,26,2,2.4671829519504933e-8,pu,1.0e-6,true
cf_vt_clarabel_socp,3-14,model,26,2,0.0,pu2,1.0e-6,true
cf_vt_clarabel_socp,3-11,model,26,3,1.5412713999225867e-14,pu2,1.0e-6,true
cf_vt_clarabel_socp,3-12,model,26,3,0.0,pu,1.0e-6,true
cf_vt_clarabel_socp,pre-SOC-electric,physics,26,3,1.2031180181835185e-8,pu,1.0e-6,true
cf_vt_clarabel_socp,3-14,model,26,3,0.0,pu2,1.0e-6,true
cf_vt_clarabel_socp,3-11,model,26,4,1.5216596225783342e-14,pu2,1.0e-6,true
cf_vt_clarabel_socp,3-12,model,26,4,0.0,pu,1.0e-6,true
cf_vt_clarabel_socp,pre-SOC-electric,physics,26,4,7.064047229652683e-10,pu,1.0e-6,true
cf_vt_clarabel_socp,3-14,model,26,4,0.0,pu2,1.0e-6,true
cf_vt_clarabel_socp,3-11,model,26,5,1.5599200161025163e-14,pu2,1.0e-6,true
cf_vt_clarabel_socp,3-12,model,26,5,0.0,pu,1.0e-6,true
cf_vt_clarabel_socp,pre-SOC-electric,physics,26,5,1.2085686034899682e-8,pu,1.0e-6,true
cf_vt_clarabel_socp,3-14,model,26,5,0.0,pu2,1.0e-6,true
cf_vt_clarabel_socp,3-11,model,26,6,1.7145460500303782e-14,pu2,1.0e-6,true
cf_vt_clarabel_socp,3-12,model,26,6,0.0,pu,1.0e-6,true
cf_vt_clarabel_socp,pre-SOC-electric,physics,26,6,9.601265777570015e-9,pu,1.0e-6,true
cf_vt_clarabel_socp,3-14,model,26,6,0.0,pu2,1.0e-6,true
cf_vt_clarabel_socp,3-11,model,26,7,1.9416712432763356e-14,pu2,1.0e-6,true
cf_vt_clarabel_socp,3-12,model,26,7,0.0,pu,1.0e-6,true
cf_vt_clarabel_socp,pre-SOC-electric,physics,26,7,1.2174456125895513e-8,pu,1.0e-6,true
cf_vt_clarabel_socp,3-14,model,26,7,0.0,pu2,1.0e-6,true
cf_vt_clarabel_socp,3-11,model,26,8,2.1809348421729206e-14,pu2,1.0e-6,true
cf_vt_clarabel_socp,3-12,model,26,8,0.0,pu,1.0e-6,true
cf_vt_clarabel_socp,pre-SOC-electric,physics,26,8,2.397974632756131e-8,pu,1.0e-6,true
cf_vt_clarabel_socp,3-14,model,26,8,0.0,pu2,1.0e-6,true
cf_vt_clarabel_socp,3-11,model,26,9,2.34771791647625e-14,pu2,1.0e-6,true
cf_vt_clarabel_socp,3-12,model,26,9,0.0,pu,1.0e-6,true
cf_vt_clarabel_socp,pre-SOC-electric,physics,26,9,1.356455972670095e-8,pu,1.0e-6,true
cf_vt_clarabel_socp,3-14,model,26,9,0.0,pu2,1.0e-6,true
cf_vt_clarabel_socp,3-11,model,26,10,2.4252359154134165e-14,pu2,1.0e-6,true
cf_vt_clarabel_socp,3-12,model,26,10,2.9776129267810886e-8,pu,1.0e-6,true
cf_vt_clarabel_socp,pre-SOC-electric,physics,26,10,2.9776129267810886e-8,pu,1.0e-6,true
cf_vt_clarabel_socp,3-14,model,26,10,0.0,pu2,1.0e-6,true
cf_vt_clarabel_socp,3-11,model,26,11,2.4585841107665866e-14,pu2,1.0e-6,true
cf_vt_clarabel_socp,3-12,model,26,11,1.5984831054670964e-8,pu,1.0e-6,true
cf_vt_clarabel_socp,pre-SOC-electric,physics,26,11,1.5984831054670964e-8,pu,1.0e-6,true
cf_vt_clarabel_socp,3-14,model,26,11,0.0,pu2,1.0e-6,true
cf_vt_clarabel_socp,3-11,model,26,12,2.3536365591951894e-14,pu2,1.0e-6,true
cf_vt_clarabel_socp,3-12,model,26,12,0.0,pu,1.0e-6,true
cf_vt_clarabel_socp,pre-SOC-electric,physics,26,12,2.8888842161555253e-9,pu,1.0e-6,true
cf_vt_clarabel_socp,3-14,model,26,12,0.0,pu2,1.0e-6,true
cf_vt_clarabel_socp,3-11,model,26,13,2.2098900705517458e-14,pu2,1.0e-6,true
cf_vt_clarabel_socp,3-12,model,26,13,0.0,pu,1.0e-6,true
cf_vt_clarabel_socp,pre-SOC-electric,physics,26,13,3.8428533400444546e-8,pu,1.0e-6,true
cf_vt_clarabel_socp,3-14,model,26,13,0.0,pu2,1.0e-6,true
cf_vt_clarabel_socp,3-11,model,26,14,2.1398262156603013e-14,pu2,1.0e-6,true
cf_vt_clarabel_socp,3-12,model,26,14,0.0,pu,1.0e-6,true
cf_vt_clarabel_socp,pre-SOC-electric,physics,26,14,2.182489076144262e-8,pu,1.0e-6,true
cf_vt_clarabel_socp,3-14,model,26,14,0.0,pu2,1.0e-6,true
cf_vt_clarabel_socp,3-11,model,26,15,2.2175759628118366e-14,pu2,1.0e-6,true
cf_vt_clarabel_socp,3-12,model,26,15,0.0,pu,1.0e-6,true
cf_vt_clarabel_socp,pre-SOC-electric,physics,26,15,1.025573448544927e-8,pu,1.0e-6,true
cf_vt_clarabel_socp,3-14,model,26,15,0.0,pu2,1.0e-6,true
cf_vt_clarabel_socp,3-11,model,26,16,2.3356244882751214e-14,pu2,1.0e-6,true
cf_vt_clarabel_socp,3-12,model,26,16,0.0,pu,1.0e-6,true
cf_vt_clarabel_socp,pre-SOC-electric,physics,26,16,9.811535850651806e-9,pu,1.0e-6,true
cf_vt_clarabel_socp,3-14,model,26,16,0.0,pu2,1.0e-6,true
cf_vt_clarabel_socp,3-11,model,26,17,2.4452306363531226e-14,pu2,1.0e-6,true
cf_vt_clarabel_socp,3-12,model,26,17,0.0,pu,1.0e-6,true
cf_vt_clarabel_socp,pre-SOC-electric,physics,26,17,2.015738633583293e-8,pu,1.0e-6,true
cf_vt_clarabel_socp,3-14,model,26,17,0.0,pu2,1.0e-6,true
cf_vt_clarabel_socp,3-11,model,26,18,2.5045961263075664e-14,pu2,1.0e-6,true
cf_vt_clarabel_socp,3-12,model,26,18,0.0,pu,1.0e-6,true
cf_vt_clarabel_socp,pre-SOC-electric,physics,26,18,8.826022390696041e-10,pu,1.0e-6,true
cf_vt_clarabel_socp,3-14,model,26,18,0.0,pu2,1.0e-6,true
cf_vt_clarabel_socp,3-11,model,26,19,2.4219091088097805e-14,pu2,1.0e-6,true
cf_vt_clarabel_socp,3-12,model,26,19,1.9925221185989293e-8,pu,1.0e-6,true
cf_vt_clarabel_socp,pre-SOC-electric,physics,26,19,1.9925221185989293e-8,pu,1.0e-6,true
cf_vt_clarabel_socp,3-14,model,26,19,0.0,pu2,1.0e-6,true
cf_vt_clarabel_socp,3-11,model,26,20,2.282620046347968e-14,pu2,1.0e-6,true
cf_vt_clarabel_socp,3-12,model,26,20,1.3523434273018248e-8,pu,1.0e-6,true
cf_vt_clarabel_socp,pre-SOC-electric,physics,26,20,1.3523434273018248e-8,pu,1.0e-6,true
cf_vt_clarabel_socp,3-14,model,26,20,0.0,pu2,1.0e-6,true
cf_vt_clarabel_socp,3-11,model,26,21,2.105228307896752e-14,pu2,1.0e-6,true
cf_vt_clarabel_socp,3-12,model,26,21,1.493859098423457e-8,pu,1.0e-6,true
cf_vt_clarabel_socp,pre-SOC-electric,physics,26,21,1.493859098423457e-8,pu,1.0e-6,true
cf_vt_clarabel_socp,3-14,model,26,21,0.0,pu2,1.0e-6,true
cf_vt_clarabel_socp,3-11,model,26,22,1.9346077508258872e-14,pu2,1.0e-6,true
cf_vt_clarabel_socp,3-12,model,26,22,3.7048843738447627e-9,pu,1.0e-6,true
cf_vt_clarabel_socp,pre-SOC-electric,physics,26,22,3.7048843738447627e-9,pu,1.0e-6,true
cf_vt_clarabel_socp,3-14,model,26,22,0.0,pu2,1.0e-6,true
cf_vt_clarabel_socp,3-11,model,26,23,1.8276516300266658e-14,pu2,1.0e-6,true
cf_vt_clarabel_socp,3-12,model,26,23,0.0,pu,1.0e-6,true
cf_vt_clarabel_socp,pre-SOC-electric,physics,26,23,1.7713976644485917e-8,pu,1.0e-6,true
cf_vt_clarabel_socp,3-14,model,26,23,0.0,pu2,1.0e-6,true
cf_vt_clarabel_socp,3-11,model,26,24,1.7151090728304182e-14,pu2,1.0e-6,true
cf_vt_clarabel_socp,3-12,model,26,24,0.0,pu,1.0e-6,true
cf_vt_clarabel_socp,pre-SOC-electric,physics,26,24,3.9480479156099937e-10,pu,1.0e-6,true
cf_vt_clarabel_socp,3-14,model,26,24,0.0,pu2,1.0e-6,true
cf_vt_clarabel_socp,3-11,model,27,1,1.0664339538806215e-13,pu2,1.0e-6,true
cf_vt_clarabel_socp,3-12,model,27,1,1.1182572278107053e-9,pu,1.0e-6,true
cf_vt_clarabel_socp,pre-SOC-electric,physics,27,1,1.1182572278107053e-9,pu,1.0e-6,true
cf_vt_clarabel_socp,3-14,model,27,1,0.0,pu2,1.0e-6,true
cf_vt_clarabel_socp,3-11,model,27,2,1.0000455358835734e-13,pu2,1.0e-6,true
cf_vt_clarabel_socp,3-12,model,27,2,0.0,pu,1.0e-6,true
cf_vt_clarabel_socp,pre-SOC-electric,physics,27,2,7.091329479896359e-9,pu,1.0e-6,true
cf_vt_clarabel_socp,3-14,model,27,2,0.0,pu2,1.0e-6,true
cf_vt_clarabel_socp,3-11,model,27,3,9.623488427857891e-14,pu2,1.0e-6,true
cf_vt_clarabel_socp,3-12,model,27,3,1.1253797304851612e-9,pu,1.0e-6,true
cf_vt_clarabel_socp,pre-SOC-electric,physics,27,3,1.1253797304851612e-9,pu,1.0e-6,true
cf_vt_clarabel_socp,3-14,model,27,3,0.0,pu2,1.0e-6,true
cf_vt_clarabel_socp,3-11,model,27,4,9.278691765865119e-14,pu2,1.0e-6,true
cf_vt_clarabel_socp,3-12,model,27,4,0.0,pu,1.0e-6,true
cf_vt_clarabel_socp,pre-SOC-electric,physics,27,4,3.5762859597549337e-9,pu,1.0e-6,true
cf_vt_clarabel_socp,3-14,model,27,4,0.0,pu2,1.0e-6,true
cf_vt_clarabel_socp,3-11,model,27,5,9.907151842135299e-14,pu2,1.0e-6,true
cf_vt_clarabel_socp,3-12,model,27,5,0.0,pu,1.0e-6,true
cf_vt_clarabel_socp,pre-SOC-electric,physics,27,5,3.3511595547153217e-9,pu,1.0e-6,true
cf_vt_clarabel_socp,3-14,model,27,5,0.0,pu2,1.0e-6,true
cf_vt_clarabel_socp,3-11,model,27,6,4.97309924276122e-13,pu2,1.0e-6,true
cf_vt_clarabel_socp,3-12,model,27,6,0.0,pu,1.0e-6,true
cf_vt_clarabel_socp,pre-SOC-electric,physics,27,6,1.1621229793908582e-8,pu,1.0e-6,true
cf_vt_clarabel_socp,3-14,model,27,6,0.0,pu2,1.0e-6,true
cf_vt_clarabel_socp,3-11,model,27,7,5.738037888057741e-13,pu2,1.0e-6,true
cf_vt_clarabel_socp,3-12,model,27,7,0.0,pu,1.0e-6,true
cf_vt_clarabel_socp,pre-SOC-electric,physics,27,7,2.3536177176262593e-8,pu,1.0e-6,true
cf_vt_clarabel_socp,3-14,model,27,7,0.0,pu2,1.0e-6,true
cf_vt_clarabel_socp,3-11,model,27,8,6.706260599400877e-13,pu2,1.0e-6,true
cf_vt_clarabel_socp,3-12,model,27,8,0.0,pu,1.0e-6,true
cf_vt_clarabel_socp,pre-SOC-electric,physics,27,8,1.3472131273192453e-8,pu,1.0e-6,true
cf_vt_clarabel_socp,3-14,model,27,8,0.0,pu2,1.0e-6,true
cf_vt_clarabel_socp,3-11,model,27,9,2.0722166192517683e-12,pu2,1.0e-6,true
cf_vt_clarabel_socp,3-12,model,27,9,0.0,pu,1.0e-6,true
cf_vt_clarabel_socp,pre-SOC-electric,physics,27,9,2.8056798358775184e-8,pu,1.0e-6,true
cf_vt_clarabel_socp,3-14,model,27,9,0.0,pu2,1.0e-6,true
cf_vt_clarabel_socp,3-11,model,27,10,2.116322164375287e-12,pu2,1.0e-6,true
cf_vt_clarabel_socp,3-12,model,27,10,0.0,pu,1.0e-6,true
cf_vt_clarabel_socp,pre-SOC-electric,physics,27,10,1.2462225334802443e-8,pu,1.0e-6,true
cf_vt_clarabel_socp,3-14,model,27,10,0.0,pu2,1.0e-6,true
cf_vt_clarabel_socp,3-11,model,27,11,2.193391361211285e-12,pu2,1.0e-6,true
cf_vt_clarabel_socp,3-12,model,27,11,1.4116287928725782e-8,pu,1.0e-6,true
cf_vt_clarabel_socp,pre-SOC-electric,physics,27,11,1.4116287928725782e-8,pu,1.0e-6,true
cf_vt_clarabel_socp,3-14,model,27,11,0.0,pu2,1.0e-6,true
cf_vt_clarabel_socp,3-11,model,27,12,2.122225125126241e-12,pu2,1.0e-6,true
cf_vt_clarabel_socp,3-12,model,27,12,0.0,pu,1.0e-6,true
cf_vt_clarabel_socp,pre-SOC-electric,physics,27,12,2.6229868532387512e-8,pu,1.0e-6,true
cf_vt_clarabel_socp,3-14,model,27,12,0.0,pu2,1.0e-6,true
cf_vt_clarabel_socp,3-11,model,27,13,6.931680029227325e-13,pu2,1.0e-6,true
cf_vt_clarabel_socp,3-12,model,27,13,3.5547135426167165e-9,pu,1.0e-6,true
cf_vt_clarabel_socp,pre-SOC-electric,physics,27,13,3.5547135426167165e-9,pu,1.0e-6,true
cf_vt_clarabel_socp,3-14,model,27,13,0.0,pu2,1.0e-6,true
cf_vt_clarabel_socp,3-11,model,27,14,6.742287375513479e-13,pu2,1.0e-6,true
cf_vt_clarabel_socp,3-12,model,27,14,5.716127690754899e-9,pu,1.0e-6,true
cf_vt_clarabel_socp,pre-SOC-electric,physics,27,14,5.716127690754899e-9,pu,1.0e-6,true
cf_vt_clarabel_socp,3-14,model,27,14,0.0,pu2,1.0e-6,true
cf_vt_clarabel_socp,3-11,model,27,15,7.023017150470379e-13,pu2,1.0e-6,true
cf_vt_clarabel_socp,3-12,model,27,15,0.0,pu,1.0e-6,true
cf_vt_clarabel_socp,pre-SOC-electric,physics,27,15,4.0006850050670895e-9,pu,1.0e-6,true
cf_vt_clarabel_socp,3-14,model,27,15,0.0,pu2,1.0e-6,true
cf_vt_clarabel_socp,3-11,model,27,16,7.402634159548978e-13,pu2,1.0e-6,true
cf_vt_clarabel_socp,3-12,model,27,16,0.0,pu,1.0e-6,true
cf_vt_clarabel_socp,pre-SOC-electric,physics,27,16,1.3494303076865e-8,pu,1.0e-6,true
cf_vt_clarabel_socp,3-14,model,27,16,0.0,pu2,1.0e-6,true
cf_vt_clarabel_socp,3-11,model,27,17,2.1093664195979273e-13,pu2,1.0e-6,true
cf_vt_clarabel_socp,3-12,model,27,17,3.964318653080015e-9,pu,1.0e-6,true
cf_vt_clarabel_socp,pre-SOC-electric,physics,27,17,3.964318653080015e-9,pu,1.0e-6,true
cf_vt_clarabel_socp,3-14,model,27,17,0.0,pu2,1.0e-6,true
cf_vt_clarabel_socp,3-11,model,27,18,2.1795719034803504e-12,pu2,1.0e-6,true
cf_vt_clarabel_socp,3-12,model,27,18,0.0,pu,1.0e-6,true
cf_vt_clarabel_socp,pre-SOC-electric,physics,27,18,3.070321744026369e-8,pu,1.0e-6,true
cf_vt_clarabel_socp,3-14,model,27,18,0.0,pu2,1.0e-6,true
cf_vt_clarabel_socp,3-11,model,27,19,2.7306236249932214e-12,pu2,1.0e-6,true
cf_vt_clarabel_socp,3-12,model,27,19,1.4052263861211167e-8,pu,1.0e-6,true
cf_vt_clarabel_socp,pre-SOC-electric,physics,27,19,1.4052263861211167e-8,pu,1.0e-6,true
cf_vt_clarabel_socp,3-14,model,27,19,0.0,pu2,1.0e-6,true
cf_vt_clarabel_socp,3-11,model,27,20,1.961119732150115e-12,pu2,1.0e-6,true
cf_vt_clarabel_socp,3-12,model,27,20,5.763576603826093e-10,pu,1.0e-6,true
cf_vt_clarabel_socp,pre-SOC-electric,physics,27,20,5.763576603826093e-10,pu,1.0e-6,true
cf_vt_clarabel_socp,3-14,model,27,20,0.0,pu2,1.0e-6,true
cf_vt_clarabel_socp,3-11,model,27,21,1.8659208597985536e-12,pu2,1.0e-6,true
cf_vt_clarabel_socp,3-12,model,27,21,0.0,pu,1.0e-6,true
cf_vt_clarabel_socp,pre-SOC-electric,physics,27,21,8.556175442198805e-9,pu,1.0e-6,true
cf_vt_clarabel_socp,3-14,model,27,21,0.0,pu2,1.0e-6,true
cf_vt_clarabel_socp,3-11,model,27,22,1.267193603399371e-13,pu2,1.0e-6,true
cf_vt_clarabel_socp,3-12,model,27,22,0.0,pu,1.0e-6,true
cf_vt_clarabel_socp,pre-SOC-electric,physics,27,22,3.485030904701661e-9,pu,1.0e-6,true
cf_vt_clarabel_socp,3-14,model,27,22,0.0,pu2,1.0e-6,true
cf_vt_clarabel_socp,3-11,model,27,23,1.1683780028540203e-13,pu2,1.0e-6,true
cf_vt_clarabel_socp,3-12,model,27,23,0.0,pu,1.0e-6,true
cf_vt_clarabel_socp,pre-SOC-electric,physics,27,23,5.583989402379447e-9,pu,1.0e-6,true
cf_vt_clarabel_socp,3-14,model,27,23,0.0,pu2,1.0e-6,true
cf_vt_clarabel_socp,3-11,model,27,24,1.0969025802614707e-13,pu2,1.0e-6,true
cf_vt_clarabel_socp,3-12,model,27,24,0.0,pu,1.0e-6,true
cf_vt_clarabel_socp,pre-SOC-electric,physics,27,24,9.89906905686684e-10,pu,1.0e-6,true
cf_vt_clarabel_socp,3-14,model,27,24,0.0,pu2,1.0e-6,true
cf_vt_clarabel_socp,3-11,model,28,1,1.3790296927659613e-14,pu2,1.0e-6,true
cf_vt_clarabel_socp,3-12,model,28,1,0.0,pu,1.0e-6,true
cf_vt_clarabel_socp,pre-SOC-electric,physics,28,1,2.5992123209989376e-8,pu,1.0e-6,true
cf_vt_clarabel_socp,3-14,model,28,1,0.0,pu2,1.0e-6,true
cf_vt_clarabel_socp,3-11,model,28,2,1.4193371108137728e-14,pu2,1.0e-6,true
cf_vt_clarabel_socp,3-12,model,28,2,8.204114337808256e-9,pu,1.0e-6,true
cf_vt_clarabel_socp,pre-SOC-electric,physics,28,2,8.204114337808256e-9,pu,1.0e-6,true
cf_vt_clarabel_socp,3-14,model,28,2,0.0,pu2,1.0e-6,true
cf_vt_clarabel_socp,3-11,model,28,3,1.3658801415345487e-14,pu2,1.0e-6,true
cf_vt_clarabel_socp,3-12,model,28,3,3.3453773892516605e-9,pu,1.0e-6,true
cf_vt_clarabel_socp,pre-SOC-electric,physics,28,3,3.3453773892516605e-9,pu,1.0e-6,true
cf_vt_clarabel_socp,3-14,model,28,3,0.0,pu2,1.0e-6,true
cf_vt_clarabel_socp,3-11,model,28,4,1.43906154354001e-14,pu2,1.0e-6,true
cf_vt_clarabel_socp,3-12,model,28,4,0.0,pu,1.0e-6,true
cf_vt_clarabel_socp,pre-SOC-electric,physics,28,4,2.0490678304861893e-8,pu,1.0e-6,true
cf_vt_clarabel_socp,3-14,model,28,4,0.0,pu2,1.0e-6,true
cf_vt_clarabel_socp,3-11,model,28,5,1.277480522082243e-14,pu2,1.0e-6,true
cf_vt_clarabel_socp,3-12,model,28,5,3.1606876611410192e-9,pu,1.0e-6,true
cf_vt_clarabel_socp,pre-SOC-electric,physics,28,5,3.1606876611410192e-9,pu,1.0e-6,true
cf_vt_clarabel_socp,3-14,model,28,5,0.0,pu2,1.0e-6,true
cf_vt_clarabel_socp,3-11,model,28,6,1.84490209127221e-14,pu2,1.0e-6,true
cf_vt_clarabel_socp,3-12,model,28,6,0.0,pu,1.0e-6,true
cf_vt_clarabel_socp,pre-SOC-electric,physics,28,6,1.6168135584456204e-8,pu,1.0e-6,true
cf_vt_clarabel_socp,3-14,model,28,6,0.0,pu2,1.0e-6,true
cf_vt_clarabel_socp,3-11,model,28,7,1.958120623112014e-14,pu2,1.0e-6,true
cf_vt_clarabel_socp,3-12,model,28,7,0.0,pu,1.0e-6,true
cf_vt_clarabel_socp,pre-SOC-electric,physics,28,7,4.476662416984115e-8,pu,1.0e-6,true
cf_vt_clarabel_socp,3-14,model,28,7,0.0,pu2,1.0e-6,true
cf_vt_clarabel_socp,3-11,model,28,8,2.5832497423171168e-14,pu2,1.0e-6,true
cf_vt_clarabel_socp,3-12,model,28,8,0.0,pu,1.0e-6,true
cf_vt_clarabel_socp,pre-SOC-electric,physics,28,8,3.188774791180321e-8,pu,1.0e-6,true
cf_vt_clarabel_socp,3-14,model,28,8,0.0,pu2,1.0e-6,true
cf_vt_clarabel_socp,3-11,model,28,9,3.541604164070903e-14,pu2,1.0e-6,true
cf_vt_clarabel_socp,3-12,model,28,9,0.0,pu,1.0e-6,true
cf_vt_clarabel_socp,pre-SOC-electric,physics,28,9,4.7506134846742824e-8,pu,1.0e-6,true
cf_vt_clarabel_socp,3-14,model,28,9,0.0,pu2,1.0e-6,true
cf_vt_clarabel_socp,3-11,model,28,10,6.761736454769223e-14,pu2,1.0e-6,true
cf_vt_clarabel_socp,3-12,model,28,10,0.0,pu,1.0e-6,true
cf_vt_clarabel_socp,pre-SOC-electric,physics,28,10,7.02311088983127e-9,pu,1.0e-6,true
cf_vt_clarabel_socp,3-14,model,28,10,0.0,pu2,1.0e-6,true
cf_vt_clarabel_socp,3-11,model,28,11,3.9902421102543106e-14,pu2,1.0e-6,true
cf_vt_clarabel_socp,3-12,model,28,11,1.6805853405958693e-8,pu,1.0e-6,true
cf_vt_clarabel_socp,pre-SOC-electric,physics,28,11,1.6805853405958693e-8,pu,1.0e-6,true
cf_vt_clarabel_socp,3-14,model,28,11,0.0,pu2,1.0e-6,true
cf_vt_clarabel_socp,3-11,model,28,12,1.3862755514099535e-14,pu2,1.0e-6,true
cf_vt_clarabel_socp,3-12,model,28,12,0.0,pu,1.0e-6,true
cf_vt_clarabel_socp,pre-SOC-electric,physics,28,12,1.1940397396411999e-8,pu,1.0e-6,true
cf_vt_clarabel_socp,3-14,model,28,12,0.0,pu2,1.0e-6,true
cf_vt_clarabel_socp,3-11,model,28,13,3.284165186302019e-14,pu2,1.0e-6,true
cf_vt_clarabel_socp,3-12,model,28,13,0.0,pu,1.0e-6,true
cf_vt_clarabel_socp,pre-SOC-electric,physics,28,13,7.021304163838497e-9,pu,1.0e-6,true
cf_vt_clarabel_socp,3-14,model,28,13,0.0,pu2,1.0e-6,true
cf_vt_clarabel_socp,3-11,model,28,14,1.5599965031776533e-14,pu2,1.0e-6,true
cf_vt_clarabel_socp,3-12,model,28,14,0.0,pu,1.0e-6,true
cf_vt_clarabel_socp,pre-SOC-electric,physics,28,14,9.572110553246905e-9,pu,1.0e-6,true
cf_vt_clarabel_socp,3-14,model,28,14,0.0,pu2,1.0e-6,true
cf_vt_clarabel_socp,3-11,model,28,15,3.1543371430478584e-14,pu2,1.0e-6,true
cf_vt_clarabel_socp,3-12,model,28,15,0.0,pu,1.0e-6,true
cf_vt_clarabel_socp,pre-SOC-electric,physics,28,15,1.7952923494937538e-8,pu,1.0e-6,true
cf_vt_clarabel_socp,3-14,model,28,15,0.0,pu2,1.0e-6,true
cf_vt_clarabel_socp,3-11,model,28,16,1.4579110759350283e-14,pu2,1.0e-6,true
cf_vt_clarabel_socp,3-12,model,28,16,6.173904197668938e-9,pu,1.0e-6,true
cf_vt_clarabel_socp,pre-SOC-electric,physics,28,16,6.173904197668938e-9,pu,1.0e-6,true
cf_vt_clarabel_socp,3-14,model,28,16,0.0,pu2,1.0e-6,true
cf_vt_clarabel_socp,3-11,model,28,17,7.110440606802621e-14,pu2,1.0e-6,true
cf_vt_clarabel_socp,3-12,model,28,17,0.0,pu,1.0e-6,true
cf_vt_clarabel_socp,pre-SOC-electric,physics,28,17,2.3114539940177932e-8,pu,1.0e-6,true
cf_vt_clarabel_socp,3-14,model,28,17,0.0,pu2,1.0e-6,true
cf_vt_clarabel_socp,3-11,model,28,18,2.03265410145953e-14,pu2,1.0e-6,true
cf_vt_clarabel_socp,3-12,model,28,18,0.0,pu,1.0e-6,true
cf_vt_clarabel_socp,pre-SOC-electric,physics,28,18,1.6726796459151563e-8,pu,1.0e-6,true
cf_vt_clarabel_socp,3-14,model,28,18,0.0,pu2,1.0e-6,true
cf_vt_clarabel_socp,3-11,model,28,19,9.679883559613562e-13,pu2,1.0e-6,true
cf_vt_clarabel_socp,3-12,model,28,19,0.0,pu,1.0e-6,true
cf_vt_clarabel_socp,pre-SOC-electric,physics,28,19,3.9440159519744163e-8,pu,1.0e-6,true
cf_vt_clarabel_socp,3-14,model,28,19,0.0,pu2,1.0e-6,true
cf_vt_clarabel_socp,3-11,model,28,20,1.860108916125914e-14,pu2,1.0e-6,true
cf_vt_clarabel_socp,3-12,model,28,20,0.0,pu,1.0e-6,true
cf_vt_clarabel_socp,pre-SOC-electric,physics,28,20,2.849489548744505e-8,pu,1.0e-6,true
cf_vt_clarabel_socp,3-14,model,28,20,0.0,pu2,1.0e-6,true
cf_vt_clarabel_socp,3-11,model,28,21,1.0891895871822325e-14,pu2,1.0e-6,true
cf_vt_clarabel_socp,3-12,model,28,21,0.0,pu,1.0e-6,true
cf_vt_clarabel_socp,pre-SOC-electric,physics,28,21,3.966110290572677e-8,pu,1.0e-6,true
cf_vt_clarabel_socp,3-14,model,28,21,0.0,pu2,1.0e-6,true
cf_vt_clarabel_socp,3-11,model,28,22,1.7272513748326033e-14,pu2,1.0e-6,true
cf_vt_clarabel_socp,3-12,model,28,22,0.0,pu,1.0e-6,true
cf_vt_clarabel_socp,pre-SOC-electric,physics,28,22,1.4183842696766178e-8,pu,1.0e-6,true
cf_vt_clarabel_socp,3-14,model,28,22,0.0,pu2,1.0e-6,true
cf_vt_clarabel_socp,3-11,model,28,23,1.567870606158624e-14,pu2,1.0e-6,true
cf_vt_clarabel_socp,3-12,model,28,23,0.0,pu,1.0e-6,true
cf_vt_clarabel_socp,pre-SOC-electric,physics,28,23,1.2260414026388092e-8,pu,1.0e-6,true
cf_vt_clarabel_socp,3-14,model,28,23,0.0,pu2,1.0e-6,true
cf_vt_clarabel_socp,3-11,model,28,24,1.506722238905152e-14,pu2,1.0e-6,true
cf_vt_clarabel_socp,3-12,model,28,24,0.0,pu,1.0e-6,true
cf_vt_clarabel_socp,pre-SOC-electric,physics,28,24,1.9904954950196885e-9,pu,1.0e-6,true
cf_vt_clarabel_socp,3-14,model,28,24,0.0,pu2,1.0e-6,true
cf_vt_clarabel_socp,3-11,model,29,1,1.0664339538806215e-13,pu2,1.0e-6,true
cf_vt_clarabel_socp,3-12,model,29,1,1.1182572278107053e-9,pu,1.0e-6,true
cf_vt_clarabel_socp,pre-SOC-electric,physics,29,1,1.1182572278107053e-9,pu,1.0e-6,true
cf_vt_clarabel_socp,3-14,model,29,1,0.0,pu2,1.0e-6,true
cf_vt_clarabel_socp,3-11,model,29,2,1.0000455358835734e-13,pu2,1.0e-6,true
cf_vt_clarabel_socp,3-12,model,29,2,0.0,pu,1.0e-6,true
cf_vt_clarabel_socp,pre-SOC-electric,physics,29,2,7.091329479896359e-9,pu,1.0e-6,true
cf_vt_clarabel_socp,3-14,model,29,2,0.0,pu2,1.0e-6,true
cf_vt_clarabel_socp,3-11,model,29,3,9.623488427857891e-14,pu2,1.0e-6,true
cf_vt_clarabel_socp,3-12,model,29,3,1.1253797304851612e-9,pu,1.0e-6,true
cf_vt_clarabel_socp,pre-SOC-electric,physics,29,3,1.1253797304851612e-9,pu,1.0e-6,true
cf_vt_clarabel_socp,3-14,model,29,3,0.0,pu2,1.0e-6,true
cf_vt_clarabel_socp,3-11,model,29,4,9.278691765865119e-14,pu2,1.0e-6,true
cf_vt_clarabel_socp,3-12,model,29,4,0.0,pu,1.0e-6,true
cf_vt_clarabel_socp,pre-SOC-electric,physics,29,4,3.5762859597549337e-9,pu,1.0e-6,true
cf_vt_clarabel_socp,3-14,model,29,4,0.0,pu2,1.0e-6,true
cf_vt_clarabel_socp,3-11,model,29,5,9.907151842135299e-14,pu2,1.0e-6,true
cf_vt_clarabel_socp,3-12,model,29,5,0.0,pu,1.0e-6,true
cf_vt_clarabel_socp,pre-SOC-electric,physics,29,5,3.3511595547153217e-9,pu,1.0e-6,true
cf_vt_clarabel_socp,3-14,model,29,5,0.0,pu2,1.0e-6,true
cf_vt_clarabel_socp,3-11,model,29,6,4.97309924276122e-13,pu2,1.0e-6,true
cf_vt_clarabel_socp,3-12,model,29,6,0.0,pu,1.0e-6,true
cf_vt_clarabel_socp,pre-SOC-electric,physics,29,6,1.1621229793908582e-8,pu,1.0e-6,true
cf_vt_clarabel_socp,3-14,model,29,6,0.0,pu2,1.0e-6,true
cf_vt_clarabel_socp,3-11,model,29,7,5.738037888057741e-13,pu2,1.0e-6,true
cf_vt_clarabel_socp,3-12,model,29,7,0.0,pu,1.0e-6,true
cf_vt_clarabel_socp,pre-SOC-electric,physics,29,7,2.3536177176262593e-8,pu,1.0e-6,true
cf_vt_clarabel_socp,3-14,model,29,7,0.0,pu2,1.0e-6,true
cf_vt_clarabel_socp,3-11,model,29,8,6.706260599400877e-13,pu2,1.0e-6,true
cf_vt_clarabel_socp,3-12,model,29,8,0.0,pu,1.0e-6,true
cf_vt_clarabel_socp,pre-SOC-electric,physics,29,8,1.3472131273192453e-8,pu,1.0e-6,true
cf_vt_clarabel_socp,3-14,model,29,8,0.0,pu2,1.0e-6,true
cf_vt_clarabel_socp,3-11,model,29,9,2.0722166192517683e-12,pu2,1.0e-6,true
cf_vt_clarabel_socp,3-12,model,29,9,0.0,pu,1.0e-6,true
cf_vt_clarabel_socp,pre-SOC-electric,physics,29,9,2.8056798358775184e-8,pu,1.0e-6,true
cf_vt_clarabel_socp,3-14,model,29,9,0.0,pu2,1.0e-6,true
cf_vt_clarabel_socp,3-11,model,29,10,2.116322164375287e-12,pu2,1.0e-6,true
cf_vt_clarabel_socp,3-12,model,29,10,0.0,pu,1.0e-6,true
cf_vt_clarabel_socp,pre-SOC-electric,physics,29,10,1.2462225334802443e-8,pu,1.0e-6,true
cf_vt_clarabel_socp,3-14,model,29,10,0.0,pu2,1.0e-6,true
cf_vt_clarabel_socp,3-11,model,29,11,2.193391361211285e-12,pu2,1.0e-6,true
cf_vt_clarabel_socp,3-12,model,29,11,1.4116287928725782e-8,pu,1.0e-6,true
cf_vt_clarabel_socp,pre-SOC-electric,physics,29,11,1.4116287928725782e-8,pu,1.0e-6,true
cf_vt_clarabel_socp,3-14,model,29,11,0.0,pu2,1.0e-6,true
cf_vt_clarabel_socp,3-11,model,29,12,2.122225125126241e-12,pu2,1.0e-6,true
cf_vt_clarabel_socp,3-12,model,29,12,0.0,pu,1.0e-6,true
cf_vt_clarabel_socp,pre-SOC-electric,physics,29,12,2.6229868532387512e-8,pu,1.0e-6,true
cf_vt_clarabel_socp,3-14,model,29,12,0.0,pu2,1.0e-6,true
cf_vt_clarabel_socp,3-11,model,29,13,6.931680029227325e-13,pu2,1.0e-6,true
cf_vt_clarabel_socp,3-12,model,29,13,3.5547135426167165e-9,pu,1.0e-6,true
cf_vt_clarabel_socp,pre-SOC-electric,physics,29,13,3.5547135426167165e-9,pu,1.0e-6,true
cf_vt_clarabel_socp,3-14,model,29,13,0.0,pu2,1.0e-6,true
cf_vt_clarabel_socp,3-11,model,29,14,6.742287375513479e-13,pu2,1.0e-6,true
cf_vt_clarabel_socp,3-12,model,29,14,5.716127690754899e-9,pu,1.0e-6,true
cf_vt_clarabel_socp,pre-SOC-electric,physics,29,14,5.716127690754899e-9,pu,1.0e-6,true
cf_vt_clarabel_socp,3-14,model,29,14,0.0,pu2,1.0e-6,true
cf_vt_clarabel_socp,3-11,model,29,15,7.023017150470379e-13,pu2,1.0e-6,true
cf_vt_clarabel_socp,3-12,model,29,15,0.0,pu,1.0e-6,true
cf_vt_clarabel_socp,pre-SOC-electric,physics,29,15,4.0006850050670895e-9,pu,1.0e-6,true
cf_vt_clarabel_socp,3-14,model,29,15,0.0,pu2,1.0e-6,true
cf_vt_clarabel_socp,3-11,model,29,16,7.402634159548978e-13,pu2,1.0e-6,true
cf_vt_clarabel_socp,3-12,model,29,16,0.0,pu,1.0e-6,true
cf_vt_clarabel_socp,pre-SOC-electric,physics,29,16,1.3494303076865e-8,pu,1.0e-6,true
cf_vt_clarabel_socp,3-14,model,29,16,0.0,pu2,1.0e-6,true
cf_vt_clarabel_socp,3-11,model,29,17,2.1093664195979273e-13,pu2,1.0e-6,true
cf_vt_clarabel_socp,3-12,model,29,17,3.964318653080015e-9,pu,1.0e-6,true
cf_vt_clarabel_socp,pre-SOC-electric,physics,29,17,3.964318653080015e-9,pu,1.0e-6,true
cf_vt_clarabel_socp,3-14,model,29,17,0.0,pu2,1.0e-6,true
cf_vt_clarabel_socp,3-11,model,29,18,2.1795719034803504e-12,pu2,1.0e-6,true
cf_vt_clarabel_socp,3-12,model,29,18,0.0,pu,1.0e-6,true
cf_vt_clarabel_socp,pre-SOC-electric,physics,29,18,3.070321744026369e-8,pu,1.0e-6,true
cf_vt_clarabel_socp,3-14,model,29,18,0.0,pu2,1.0e-6,true
cf_vt_clarabel_socp,3-11,model,29,19,2.7306236249932214e-12,pu2,1.0e-6,true
cf_vt_clarabel_socp,3-12,model,29,19,1.4052263861211167e-8,pu,1.0e-6,true
cf_vt_clarabel_socp,pre-SOC-electric,physics,29,19,1.4052263861211167e-8,pu,1.0e-6,true
cf_vt_clarabel_socp,3-14,model,29,19,0.0,pu2,1.0e-6,true
cf_vt_clarabel_socp,3-11,model,29,20,1.961119732150115e-12,pu2,1.0e-6,true
cf_vt_clarabel_socp,3-12,model,29,20,5.763576603826093e-10,pu,1.0e-6,true
cf_vt_clarabel_socp,pre-SOC-electric,physics,29,20,5.763576603826093e-10,pu,1.0e-6,true
cf_vt_clarabel_socp,3-14,model,29,20,0.0,pu2,1.0e-6,true
cf_vt_clarabel_socp,3-11,model,29,21,1.8659208597985536e-12,pu2,1.0e-6,true
cf_vt_clarabel_socp,3-12,model,29,21,0.0,pu,1.0e-6,true
cf_vt_clarabel_socp,pre-SOC-electric,physics,29,21,8.556175442198805e-9,pu,1.0e-6,true
cf_vt_clarabel_socp,3-14,model,29,21,0.0,pu2,1.0e-6,true
cf_vt_clarabel_socp,3-11,model,29,22,1.267193603399371e-13,pu2,1.0e-6,true
cf_vt_clarabel_socp,3-12,model,29,22,0.0,pu,1.0e-6,true
cf_vt_clarabel_socp,pre-SOC-electric,physics,29,22,3.485030904701661e-9,pu,1.0e-6,true
cf_vt_clarabel_socp,3-14,model,29,22,0.0,pu2,1.0e-6,true
cf_vt_clarabel_socp,3-11,model,29,23,1.1683780028540203e-13,pu2,1.0e-6,true
cf_vt_clarabel_socp,3-12,model,29,23,0.0,pu,1.0e-6,true
cf_vt_clarabel_socp,pre-SOC-electric,physics,29,23,5.583989402379447e-9,pu,1.0e-6,true
cf_vt_clarabel_socp,3-14,model,29,23,0.0,pu2,1.0e-6,true
cf_vt_clarabel_socp,3-11,model,29,24,1.0969025802614707e-13,pu2,1.0e-6,true
cf_vt_clarabel_socp,3-12,model,29,24,0.0,pu,1.0e-6,true
cf_vt_clarabel_socp,pre-SOC-electric,physics,29,24,9.89906905686684e-10,pu,1.0e-6,true
cf_vt_clarabel_socp,3-14,model,29,24,0.0,pu2,1.0e-6,true
cf_vt_clarabel_socp,3-11,model,30,1,1.3790296927659613e-14,pu2,1.0e-6,true
cf_vt_clarabel_socp,3-12,model,30,1,0.0,pu,1.0e-6,true
cf_vt_clarabel_socp,pre-SOC-electric,physics,30,1,2.5992123209989376e-8,pu,1.0e-6,true
cf_vt_clarabel_socp,3-14,model,30,1,0.0,pu2,1.0e-6,true
cf_vt_clarabel_socp,3-11,model,30,2,1.4193371108137728e-14,pu2,1.0e-6,true
cf_vt_clarabel_socp,3-12,model,30,2,8.204114337808256e-9,pu,1.0e-6,true
cf_vt_clarabel_socp,pre-SOC-electric,physics,30,2,8.204114337808256e-9,pu,1.0e-6,true
cf_vt_clarabel_socp,3-14,model,30,2,0.0,pu2,1.0e-6,true
cf_vt_clarabel_socp,3-11,model,30,3,1.3658801415345487e-14,pu2,1.0e-6,true
cf_vt_clarabel_socp,3-12,model,30,3,3.3453773892516605e-9,pu,1.0e-6,true
cf_vt_clarabel_socp,pre-SOC-electric,physics,30,3,3.3453773892516605e-9,pu,1.0e-6,true
cf_vt_clarabel_socp,3-14,model,30,3,0.0,pu2,1.0e-6,true
cf_vt_clarabel_socp,3-11,model,30,4,1.43906154354001e-14,pu2,1.0e-6,true
cf_vt_clarabel_socp,3-12,model,30,4,0.0,pu,1.0e-6,true
cf_vt_clarabel_socp,pre-SOC-electric,physics,30,4,2.0490678304861893e-8,pu,1.0e-6,true
cf_vt_clarabel_socp,3-14,model,30,4,0.0,pu2,1.0e-6,true
cf_vt_clarabel_socp,3-11,model,30,5,1.277480522082243e-14,pu2,1.0e-6,true
cf_vt_clarabel_socp,3-12,model,30,5,3.1606876611410192e-9,pu,1.0e-6,true
cf_vt_clarabel_socp,pre-SOC-electric,physics,30,5,3.1606876611410192e-9,pu,1.0e-6,true
cf_vt_clarabel_socp,3-14,model,30,5,0.0,pu2,1.0e-6,true
cf_vt_clarabel_socp,3-11,model,30,6,1.84490209127221e-14,pu2,1.0e-6,true
cf_vt_clarabel_socp,3-12,model,30,6,0.0,pu,1.0e-6,true
cf_vt_clarabel_socp,pre-SOC-electric,physics,30,6,1.6168135584456204e-8,pu,1.0e-6,true
cf_vt_clarabel_socp,3-14,model,30,6,0.0,pu2,1.0e-6,true
cf_vt_clarabel_socp,3-11,model,30,7,1.958120623112014e-14,pu2,1.0e-6,true
cf_vt_clarabel_socp,3-12,model,30,7,0.0,pu,1.0e-6,true
cf_vt_clarabel_socp,pre-SOC-electric,physics,30,7,4.476662416984115e-8,pu,1.0e-6,true
cf_vt_clarabel_socp,3-14,model,30,7,0.0,pu2,1.0e-6,true
cf_vt_clarabel_socp,3-11,model,30,8,2.5832497423171168e-14,pu2,1.0e-6,true
cf_vt_clarabel_socp,3-12,model,30,8,0.0,pu,1.0e-6,true
cf_vt_clarabel_socp,pre-SOC-electric,physics,30,8,3.188774791180321e-8,pu,1.0e-6,true
cf_vt_clarabel_socp,3-14,model,30,8,0.0,pu2,1.0e-6,true
cf_vt_clarabel_socp,3-11,model,30,9,3.541604164070903e-14,pu2,1.0e-6,true
cf_vt_clarabel_socp,3-12,model,30,9,0.0,pu,1.0e-6,true
cf_vt_clarabel_socp,pre-SOC-electric,physics,30,9,4.7506134846742824e-8,pu,1.0e-6,true
cf_vt_clarabel_socp,3-14,model,30,9,0.0,pu2,1.0e-6,true
cf_vt_clarabel_socp,3-11,model,30,10,6.761736454769223e-14,pu2,1.0e-6,true
cf_vt_clarabel_socp,3-12,model,30,10,0.0,pu,1.0e-6,true
cf_vt_clarabel_socp,pre-SOC-electric,physics,30,10,7.02311088983127e-9,pu,1.0e-6,true
cf_vt_clarabel_socp,3-14,model,30,10,0.0,pu2,1.0e-6,true
cf_vt_clarabel_socp,3-11,model,30,11,3.9902421102543106e-14,pu2,1.0e-6,true
cf_vt_clarabel_socp,3-12,model,30,11,1.6805853405958693e-8,pu,1.0e-6,true
cf_vt_clarabel_socp,pre-SOC-electric,physics,30,11,1.6805853405958693e-8,pu,1.0e-6,true
cf_vt_clarabel_socp,3-14,model,30,11,0.0,pu2,1.0e-6,true
cf_vt_clarabel_socp,3-11,model,30,12,1.3862755514099535e-14,pu2,1.0e-6,true
cf_vt_clarabel_socp,3-12,model,30,12,0.0,pu,1.0e-6,true
cf_vt_clarabel_socp,pre-SOC-electric,physics,30,12,1.1940397396411999e-8,pu,1.0e-6,true
cf_vt_clarabel_socp,3-14,model,30,12,0.0,pu2,1.0e-6,true
cf_vt_clarabel_socp,3-11,model,30,13,3.284165186302019e-14,pu2,1.0e-6,true
cf_vt_clarabel_socp,3-12,model,30,13,0.0,pu,1.0e-6,true
cf_vt_clarabel_socp,pre-SOC-electric,physics,30,13,7.021304163838497e-9,pu,1.0e-6,true
cf_vt_clarabel_socp,3-14,model,30,13,0.0,pu2,1.0e-6,true
cf_vt_clarabel_socp,3-11,model,30,14,1.5599965031776533e-14,pu2,1.0e-6,true
cf_vt_clarabel_socp,3-12,model,30,14,0.0,pu,1.0e-6,true
cf_vt_clarabel_socp,pre-SOC-electric,physics,30,14,9.572110553246905e-9,pu,1.0e-6,true
cf_vt_clarabel_socp,3-14,model,30,14,0.0,pu2,1.0e-6,true
cf_vt_clarabel_socp,3-11,model,30,15,3.1543371430478584e-14,pu2,1.0e-6,true
cf_vt_clarabel_socp,3-12,model,30,15,0.0,pu,1.0e-6,true
cf_vt_clarabel_socp,pre-SOC-electric,physics,30,15,1.7952923494937538e-8,pu,1.0e-6,true
cf_vt_clarabel_socp,3-14,model,30,15,0.0,pu2,1.0e-6,true
cf_vt_clarabel_socp,3-11,model,30,16,1.4579110759350283e-14,pu2,1.0e-6,true
cf_vt_clarabel_socp,3-12,model,30,16,6.173904197668938e-9,pu,1.0e-6,true
cf_vt_clarabel_socp,pre-SOC-electric,physics,30,16,6.173904197668938e-9,pu,1.0e-6,true
cf_vt_clarabel_socp,3-14,model,30,16,0.0,pu2,1.0e-6,true
cf_vt_clarabel_socp,3-11,model,30,17,7.110440606802621e-14,pu2,1.0e-6,true
cf_vt_clarabel_socp,3-12,model,30,17,0.0,pu,1.0e-6,true
cf_vt_clarabel_socp,pre-SOC-electric,physics,30,17,2.3114539940177932e-8,pu,1.0e-6,true
cf_vt_clarabel_socp,3-14,model,30,17,0.0,pu2,1.0e-6,true
cf_vt_clarabel_socp,3-11,model,30,18,2.03265410145953e-14,pu2,1.0e-6,true
cf_vt_clarabel_socp,3-12,model,30,18,0.0,pu,1.0e-6,true
cf_vt_clarabel_socp,pre-SOC-electric,physics,30,18,1.6726796459151563e-8,pu,1.0e-6,true
cf_vt_clarabel_socp,3-14,model,30,18,0.0,pu2,1.0e-6,true
cf_vt_clarabel_socp,3-11,model,30,19,9.679883559613562e-13,pu2,1.0e-6,true
cf_vt_clarabel_socp,3-12,model,30,19,0.0,pu,1.0e-6,true
cf_vt_clarabel_socp,pre-SOC-electric,physics,30,19,3.9440159519744163e-8,pu,1.0e-6,true
cf_vt_clarabel_socp,3-14,model,30,19,0.0,pu2,1.0e-6,true
cf_vt_clarabel_socp,3-11,model,30,20,1.860108916125914e-14,pu2,1.0e-6,true
cf_vt_clarabel_socp,3-12,model,30,20,0.0,pu,1.0e-6,true
cf_vt_clarabel_socp,pre-SOC-electric,physics,30,20,2.849489548744505e-8,pu,1.0e-6,true
cf_vt_clarabel_socp,3-14,model,30,20,0.0,pu2,1.0e-6,true
cf_vt_clarabel_socp,3-11,model,30,21,1.0891895871822325e-14,pu2,1.0e-6,true
cf_vt_clarabel_socp,3-12,model,30,21,0.0,pu,1.0e-6,true
cf_vt_clarabel_socp,pre-SOC-electric,physics,30,21,3.966110290572677e-8,pu,1.0e-6,true
cf_vt_clarabel_socp,3-14,model,30,21,0.0,pu2,1.0e-6,true
cf_vt_clarabel_socp,3-11,model,30,22,1.7272513748326033e-14,pu2,1.0e-6,true
cf_vt_clarabel_socp,3-12,model,30,22,0.0,pu,1.0e-6,true
cf_vt_clarabel_socp,pre-SOC-electric,physics,30,22,1.4183842696766178e-8,pu,1.0e-6,true
cf_vt_clarabel_socp,3-14,model,30,22,0.0,pu2,1.0e-6,true
cf_vt_clarabel_socp,3-11,model,30,23,1.567870606158624e-14,pu2,1.0e-6,true
cf_vt_clarabel_socp,3-12,model,30,23,0.0,pu,1.0e-6,true
cf_vt_clarabel_socp,pre-SOC-electric,physics,30,23,1.2260414026388092e-8,pu,1.0e-6,true
cf_vt_clarabel_socp,3-14,model,30,23,0.0,pu2,1.0e-6,true
cf_vt_clarabel_socp,3-11,model,30,24,1.506722238905152e-14,pu2,1.0e-6,true
cf_vt_clarabel_socp,3-12,model,30,24,0.0,pu,1.0e-6,true
cf_vt_clarabel_socp,pre-SOC-electric,physics,30,24,1.9904954950196885e-9,pu,1.0e-6,true
cf_vt_clarabel_socp,3-14,model,30,24,0.0,pu2,1.0e-6,true
cf_vt_clarabel_socp,3-11,model,31,1,3.9644790525921554e-14,pu2,1.0e-6,true
cf_vt_clarabel_socp,3-12,model,31,1,0.0,pu,1.0e-6,true
cf_vt_clarabel_socp,pre-SOC-electric,physics,31,1,6.680285628054422e-10,pu,1.0e-6,true
cf_vt_clarabel_socp,3-14,model,31,1,0.0,pu2,1.0e-6,true
cf_vt_clarabel_socp,3-11,model,31,2,3.967700964753186e-14,pu2,1.0e-6,true
cf_vt_clarabel_socp,3-12,model,31,2,0.0,pu,1.0e-6,true
cf_vt_clarabel_socp,pre-SOC-electric,physics,31,2,1.5512866360402333e-9,pu,1.0e-6,true
cf_vt_clarabel_socp,3-14,model,31,2,0.0,pu2,1.0e-6,true
cf_vt_clarabel_socp,3-11,model,31,3,3.95135030660751e-14,pu2,1.0e-6,true
cf_vt_clarabel_socp,3-12,model,31,3,2.561968833695444e-10,pu,1.0e-6,true
cf_vt_clarabel_socp,pre-SOC-electric,physics,31,3,2.561968833695444e-10,pu,1.0e-6,true
cf_vt_clarabel_socp,3-14,model,31,3,0.0,pu2,1.0e-6,true
cf_vt_clarabel_socp,3-11,model,31,4,3.859429428256658e-14,pu2,1.0e-6,true
cf_vt_clarabel_socp,3-12,model,31,4,0.0,pu,1.0e-6,true
cf_vt_clarabel_socp,pre-SOC-electric,physics,31,4,1.3001948170453942e-9,pu,1.0e-6,true
cf_vt_clarabel_socp,3-14,model,31,4,0.0,pu2,1.0e-6,true
cf_vt_clarabel_socp,3-11,model,31,5,3.882795642081924e-14,pu2,1.0e-6,true
cf_vt_clarabel_socp,3-12,model,31,5,0.0,pu,1.0e-6,true
cf_vt_clarabel_socp,pre-SOC-electric,physics,31,5,6.889183667979637e-10,pu,1.0e-6,true
cf_vt_clarabel_socp,3-14,model,31,5,0.0,pu2,1.0e-6,true
cf_vt_clarabel_socp,3-11,model,31,6,1.328313096887858e-13,pu2,1.0e-6,true
cf_vt_clarabel_socp,3-12,model,31,6,0.0,pu,1.0e-6,true
cf_vt_clarabel_socp,pre-SOC-electric,physics,31,6,1.6192670789297314e-9,pu,1.0e-6,true
cf_vt_clarabel_socp,3-14,model,31,6,0.0,pu2,1.0e-6,true
cf_vt_clarabel_socp,3-11,model,31,7,1.2015412146818396e-13,pu2,1.0e-6,true
cf_vt_clarabel_socp,3-12,model,31,7,0.0,pu,1.0e-6,true
cf_vt_clarabel_socp,pre-SOC-electric,physics,31,7,2.1053916368554e-9,pu,1.0e-6,true
cf_vt_clarabel_socp,3-14,model,31,7,0.0,pu2,1.0e-6,true
cf_vt_clarabel_socp,3-11,model,31,8,4.132490435842078e-14,pu2,1.0e-6,true
cf_vt_clarabel_socp,3-12,model,31,8,1.8838197142620125e-9,pu,1.0e-6,true
cf_vt_clarabel_socp,pre-SOC-electric,physics,31,8,1.8838197142620125e-9,pu,1.0e-6,true
cf_vt_clarabel_socp,3-14,model,31,8,0.0,pu2,1.0e-6,true
cf_vt_clarabel_socp,3-11,model,31,9,2.3747386550112355e-13,pu2,1.0e-6,true
cf_vt_clarabel_socp,3-12,model,31,9,0.0,pu,1.0e-6,true
cf_vt_clarabel_socp,pre-SOC-electric,physics,31,9,4.745960927748406e-9,pu,1.0e-6,true
cf_vt_clarabel_socp,3-14,model,31,9,0.0,pu2,1.0e-6,true
cf_vt_clarabel_socp,3-11,model,31,10,6.73040890309854e-13,pu2,1.0e-6,true
cf_vt_clarabel_socp,3-12,model,31,10,1.9461304286844117e-9,pu,1.0e-6,true
cf_vt_clarabel_socp,pre-SOC-electric,physics,31,10,1.9461304286844117e-9,pu,1.0e-6,true
cf_vt_clarabel_socp,3-14,model,31,10,0.0,pu2,1.0e-6,true
cf_vt_clarabel_socp,3-11,model,31,11,1.0229561738851913e-12,pu2,1.0e-6,true
cf_vt_clarabel_socp,3-12,model,31,11,0.0,pu,1.0e-6,true
cf_vt_clarabel_socp,pre-SOC-electric,physics,31,11,4.01279352585035e-9,pu,1.0e-6,true
cf_vt_clarabel_socp,3-14,model,31,11,0.0,pu2,1.0e-6,true
cf_vt_clarabel_socp,3-11,model,31,12,1.2258732881066398e-12,pu2,1.0e-6,true
cf_vt_clarabel_socp,3-12,model,31,12,0.0,pu,1.0e-6,true
cf_vt_clarabel_socp,pre-SOC-electric,physics,31,12,3.2926432752197754e-9,pu,1.0e-6,true
cf_vt_clarabel_socp,3-14,model,31,12,0.0,pu2,1.0e-6,true
cf_vt_clarabel_socp,3-11,model,31,13,4.576611969528199e-13,pu2,1.0e-6,true
cf_vt_clarabel_socp,3-12,model,31,13,0.0,pu,1.0e-6,true
cf_vt_clarabel_socp,pre-SOC-electric,physics,31,13,6.5351518918621565e-9,pu,1.0e-6,true
cf_vt_clarabel_socp,3-14,model,31,13,0.0,pu2,1.0e-6,true
cf_vt_clarabel_socp,3-11,model,31,14,4.368440906658334e-13,pu2,1.0e-6,true
cf_vt_clarabel_socp,3-12,model,31,14,0.0,pu,1.0e-6,true
cf_vt_clarabel_socp,pre-SOC-electric,physics,31,14,2.8470406674557802e-9,pu,1.0e-6,true
cf_vt_clarabel_socp,3-14,model,31,14,0.0,pu2,1.0e-6,true
cf_vt_clarabel_socp,3-11,model,31,15,3.497404003884868e-13,pu2,1.0e-6,true
cf_vt_clarabel_socp,3-12,model,31,15,0.0,pu,1.0e-6,true
cf_vt_clarabel_socp,pre-SOC-electric,physics,31,15,4.458097705231645e-9,pu,1.0e-6,true
cf_vt_clarabel_socp,3-14,model,31,15,0.0,pu2,1.0e-6,true
cf_vt_clarabel_socp,3-11,model,31,16,2.2616938427467707e-13,pu2,1.0e-6,true
cf_vt_clarabel_socp,3-12,model,31,16,0.0,pu,1.0e-6,true
cf_vt_clarabel_socp,pre-SOC-electric,physics,31,16,1.4168502671021294e-9,pu,1.0e-6,true
cf_vt_clarabel_socp,3-14,model,31,16,0.0,pu2,1.0e-6,true
cf_vt_clarabel_socp,3-11,model,31,17,2.491406655326557e-12,pu2,1.0e-6,true
cf_vt_clarabel_socp,3-12,model,31,17,0.0,pu,1.0e-6,true
cf_vt_clarabel_socp,pre-SOC-electric,physics,31,17,1.5536197220215875e-9,pu,1.0e-6,true
cf_vt_clarabel_socp,3-14,model,31,17,0.0,pu2,1.0e-6,true
cf_vt_clarabel_socp,3-11,model,31,18,1.2332666758025443e-11,pu2,1.0e-6,true
cf_vt_clarabel_socp,3-12,model,31,18,5.632133114920335e-10,pu,1.0e-6,true
cf_vt_clarabel_socp,pre-SOC-electric,physics,31,18,5.632133114920335e-10,pu,1.0e-6,true
cf_vt_clarabel_socp,3-14,model,31,18,0.0,pu2,1.0e-6,true
cf_vt_clarabel_socp,3-11,model,31,19,3.033759293411338e-11,pu2,1.0e-6,true
cf_vt_clarabel_socp,3-12,model,31,19,0.0,pu,1.0e-6,true
cf_vt_clarabel_socp,pre-SOC-electric,physics,31,19,5.811187539853102e-9,pu,1.0e-6,true
cf_vt_clarabel_socp,3-14,model,31,19,0.0,pu2,1.0e-6,true
cf_vt_clarabel_socp,3-11,model,31,20,2.7021153668479977e-11,pu2,1.0e-6,true
cf_vt_clarabel_socp,3-12,model,31,20,0.0,pu,1.0e-6,true
cf_vt_clarabel_socp,pre-SOC-electric,physics,31,20,1.1119791827780834e-9,pu,1.0e-6,true
cf_vt_clarabel_socp,3-14,model,31,20,0.0,pu2,1.0e-6,true
cf_vt_clarabel_socp,3-11,model,31,21,8.4097460846298e-12,pu2,1.0e-6,true
cf_vt_clarabel_socp,3-12,model,31,21,0.0,pu,1.0e-6,true
cf_vt_clarabel_socp,pre-SOC-electric,physics,31,21,6.641067751712165e-9,pu,1.0e-6,true
cf_vt_clarabel_socp,3-14,model,31,21,0.0,pu2,1.0e-6,true
cf_vt_clarabel_socp,3-11,model,31,22,4.1061950359720233e-13,pu2,1.0e-6,true
cf_vt_clarabel_socp,3-12,model,31,22,0.0,pu,1.0e-6,true
cf_vt_clarabel_socp,pre-SOC-electric,physics,31,22,4.681594127121935e-10,pu,1.0e-6,true
cf_vt_clarabel_socp,3-14,model,31,22,0.0,pu2,1.0e-6,true
cf_vt_clarabel_socp,3-11,model,31,23,7.839960798108599e-14,pu2,1.0e-6,true
cf_vt_clarabel_socp,3-12,model,31,23,0.0,pu,1.0e-6,true
cf_vt_clarabel_socp,pre-SOC-electric,physics,31,23,2.7252310991644074e-9,pu,1.0e-6,true
cf_vt_clarabel_socp,3-14,model,31,23,0.0,pu2,1.0e-6,true
cf_vt_clarabel_socp,3-11,model,31,24,3.733849699925275e-14,pu2,1.0e-6,true
cf_vt_clarabel_socp,3-12,model,31,24,0.0,pu,1.0e-6,true
cf_vt_clarabel_socp,pre-SOC-electric,physics,31,24,5.66699880164695e-10,pu,1.0e-6,true
cf_vt_clarabel_socp,3-14,model,31,24,0.0,pu2,1.0e-6,true
cf_vt_clarabel_socp,3-11,model,32,1,8.33769004223361e-15,pu2,1.0e-6,true
cf_vt_clarabel_socp,3-12,model,32,1,0.0,pu,1.0e-6,true
cf_vt_clarabel_socp,pre-SOC-electric,physics,32,1,5.457484621553335e-10,pu,1.0e-6,true
cf_vt_clarabel_socp,3-14,model,32,1,0.0,pu2,1.0e-6,true
cf_vt_clarabel_socp,3-11,model,32,2,7.894206513880394e-15,pu2,1.0e-6,true
cf_vt_clarabel_socp,3-12,model,32,2,0.0,pu,1.0e-6,true
cf_vt_clarabel_socp,pre-SOC-electric,physics,32,2,1.6186972654191195e-9,pu,1.0e-6,true
cf_vt_clarabel_socp,3-14,model,32,2,0.0,pu2,1.0e-6,true
cf_vt_clarabel_socp,3-11,model,32,3,7.636061947078536e-15,pu2,1.0e-6,true
cf_vt_clarabel_socp,3-12,model,32,3,0.0,pu,1.0e-6,true
cf_vt_clarabel_socp,pre-SOC-electric,physics,32,3,1.070786797337936e-9,pu,1.0e-6,true
cf_vt_clarabel_socp,3-14,model,32,3,0.0,pu2,1.0e-6,true
cf_vt_clarabel_socp,3-11,model,32,4,8.039406754583298e-15,pu2,1.0e-6,true
cf_vt_clarabel_socp,3-12,model,32,4,0.0,pu,1.0e-6,true
cf_vt_clarabel_socp,pre-SOC-electric,physics,32,4,1.5099178314994036e-9,pu,1.0e-6,true
cf_vt_clarabel_socp,3-14,model,32,4,0.0,pu2,1.0e-6,true
cf_vt_clarabel_socp,3-11,model,32,5,8.012480900679064e-15,pu2,1.0e-6,true
cf_vt_clarabel_socp,3-12,model,32,5,2.960171660744415e-10,pu,1.0e-6,true
cf_vt_clarabel_socp,pre-SOC-electric,physics,32,5,2.960171660744415e-10,pu,1.0e-6,true
cf_vt_clarabel_socp,3-14,model,32,5,0.0,pu2,1.0e-6,true
cf_vt_clarabel_socp,3-11,model,32,6,6.862871214583497e-15,pu2,1.0e-6,true
cf_vt_clarabel_socp,3-12,model,32,6,1.2849323820663533e-9,pu,1.0e-6,true
cf_vt_clarabel_socp,pre-SOC-electric,physics,32,6,1.2849323820663533e-9,pu,1.0e-6,true
cf_vt_clarabel_socp,3-14,model,32,6,0.0,pu2,1.0e-6,true
cf_vt_clarabel_socp,3-11,model,32,7,7.455272823003354e-15,pu2,1.0e-6,true
cf_vt_clarabel_socp,3-12,model,32,7,0.0,pu,1.0e-6,true
cf_vt_clarabel_socp,pre-SOC-electric,physics,32,7,7.773210459636679e-10,pu,1.0e-6,true
cf_vt_clarabel_socp,3-14,model,32,7,0.0,pu2,1.0e-6,true
cf_vt_clarabel_socp,3-11,model,32,8,4.028212577635537e-15,pu2,1.0e-6,true
cf_vt_clarabel_socp,3-12,model,32,8,1.0261704680436523e-10,pu,1.0e-6,true
cf_vt_clarabel_socp,pre-SOC-electric,physics,32,8,1.0261704680436523e-10,pu,1.0e-6,true
cf_vt_clarabel_socp,3-14,model,32,8,0.0,pu2,1.0e-6,true
cf_vt_clarabel_socp,3-11,model,32,9,4.5689846030095985e-15,pu2,1.0e-6,true
cf_vt_clarabel_socp,3-12,model,32,9,0.0,pu,1.0e-6,true
cf_vt_clarabel_socp,pre-SOC-electric,physics,32,9,1.0539741238731366e-8,pu,1.0e-6,true
cf_vt_clarabel_socp,3-14,model,32,9,0.0,pu2,1.0e-6,true
cf_vt_clarabel_socp,3-11,model,32,10,8.577090564006119e-16,pu2,1.0e-6,true
cf_vt_clarabel_socp,3-12,model,32,10,0.0,pu,1.0e-6,true
cf_vt_clarabel_socp,pre-SOC-electric,physics,32,10,1.695069373058855e-9,pu,1.0e-6,true
cf_vt_clarabel_socp,3-14,model,32,10,0.0,pu2,1.0e-6,true
cf_vt_clarabel_socp,3-11,model,32,11,4.780103382887556e-17,pu2,1.0e-6,true
cf_vt_clarabel_socp,3-12,model,32,11,0.0,pu,1.0e-6,true
cf_vt_clarabel_socp,pre-SOC-electric,physics,32,11,4.858395023961404e-9,pu,1.0e-6,true
cf_vt_clarabel_socp,3-14,model,32,11,0.0,pu2,1.0e-6,true
cf_vt_clarabel_socp,3-11,model,32,12,1.7325127199844734e-15,pu2,1.0e-6,true
cf_vt_clarabel_socp,3-12,model,32,12,1.4000374939232563e-9,pu,1.0e-6,true
cf_vt_clarabel_socp,pre-SOC-electric,physics,32,12,1.4000374939232563e-9,pu,1.0e-6,true
cf_vt_clarabel_socp,3-14,model,32,12,0.0,pu2,1.0e-6,true
cf_vt_clarabel_socp,3-11,model,32,13,3.0871966529672727e-15,pu2,1.0e-6,true
cf_vt_clarabel_socp,3-12,model,32,13,0.0,pu,1.0e-6,true
cf_vt_clarabel_socp,pre-SOC-electric,physics,32,13,1.9053757131098914e-9,pu,1.0e-6,true
cf_vt_clarabel_socp,3-14,model,32,13,0.0,pu2,1.0e-6,true
cf_vt_clarabel_socp,3-11,model,32,14,2.3869502803074063e-15,pu2,1.0e-6,true
cf_vt_clarabel_socp,3-12,model,32,14,0.0,pu,1.0e-6,true
cf_vt_clarabel_socp,pre-SOC-electric,physics,32,14,2.4989843683959068e-9,pu,1.0e-6,true
cf_vt_clarabel_socp,3-14,model,32,14,0.0,pu2,1.0e-6,true
cf_vt_clarabel_socp,3-11,model,32,15,2.7098108641970126e-16,pu2,1.0e-6,true
cf_vt_clarabel_socp,3-12,model,32,15,0.0,pu,1.0e-6,true
cf_vt_clarabel_socp,pre-SOC-electric,physics,32,15,2.6517765032429974e-9,pu,1.0e-6,true
cf_vt_clarabel_socp,3-14,model,32,15,0.0,pu2,1.0e-6,true
cf_vt_clarabel_socp,3-11,model,32,16,1.622051894486869e-15,pu2,1.0e-6,true
cf_vt_clarabel_socp,3-12,model,32,16,0.0,pu,1.0e-6,true
cf_vt_clarabel_socp,pre-SOC-electric,physics,32,16,4.130306318315957e-9,pu,1.0e-6,true
cf_vt_clarabel_socp,3-14,model,32,16,0.0,pu2,1.0e-6,true
cf_vt_clarabel_socp,3-11,model,32,17,3.2227992824588467e-14,pu2,1.0e-6,true
cf_vt_clarabel_socp,3-12,model,32,17,2.601425201881162e-9,pu,1.0e-6,true
cf_vt_clarabel_socp,pre-SOC-electric,physics,32,17,2.601425201881162e-9,pu,1.0e-6,true
cf_vt_clarabel_socp,3-14,model,32,17,0.0,pu2,1.0e-6,true
cf_vt_clarabel_socp,3-11,model,32,18,6.443253210096085e-15,pu2,1.0e-6,true
cf_vt_clarabel_socp,3-12,model,32,18,0.0,pu,1.0e-6,true
cf_vt_clarabel_socp,pre-SOC-electric,physics,32,18,5.72699485821811e-9,pu,1.0e-6,true
cf_vt_clarabel_socp,3-14,model,32,18,0.0,pu2,1.0e-6,true
cf_vt_clarabel_socp,3-11,model,32,19,6.460472246419286e-14,pu2,1.0e-6,true
cf_vt_clarabel_socp,3-12,model,32,19,0.0,pu,1.0e-6,true
cf_vt_clarabel_socp,pre-SOC-electric,physics,32,19,1.0730705842128263e-10,pu,1.0e-6,true
cf_vt_clarabel_socp,3-14,model,32,19,0.0,pu2,1.0e-6,true
cf_vt_clarabel_socp,3-11,model,32,20,3.585166380333922e-14,pu2,1.0e-6,true
cf_vt_clarabel_socp,3-12,model,32,20,0.0,pu,1.0e-6,true
cf_vt_clarabel_socp,pre-SOC-electric,physics,32,20,9.251446915405775e-10,pu,1.0e-6,true
cf_vt_clarabel_socp,3-14,model,32,20,0.0,pu2,1.0e-6,true
cf_vt_clarabel_socp,3-11,model,32,21,1.5790035572310813e-14,pu2,1.0e-6,true
cf_vt_clarabel_socp,3-12,model,32,21,0.0,pu,1.0e-6,true
cf_vt_clarabel_socp,pre-SOC-electric,physics,32,21,4.448322299486357e-9,pu,1.0e-6,true
cf_vt_clarabel_socp,3-14,model,32,21,0.0,pu2,1.0e-6,true
cf_vt_clarabel_socp,3-11,model,32,22,9.439300594669763e-15,pu2,1.0e-6,true
cf_vt_clarabel_socp,3-12,model,32,22,0.0,pu,1.0e-6,true
cf_vt_clarabel_socp,pre-SOC-electric,physics,32,22,7.939091136886442e-10,pu,1.0e-6,true
cf_vt_clarabel_socp,3-14,model,32,22,0.0,pu2,1.0e-6,true
cf_vt_clarabel_socp,3-11,model,32,23,8.279889890341517e-15,pu2,1.0e-6,true
cf_vt_clarabel_socp,3-12,model,32,23,1.0751463500957917e-9,pu,1.0e-6,true
cf_vt_clarabel_socp,pre-SOC-electric,physics,32,23,1.0751463500957917e-9,pu,1.0e-6,true
cf_vt_clarabel_socp,3-14,model,32,23,0.0,pu2,1.0e-6,true
cf_vt_clarabel_socp,3-11,model,32,24,7.67748529927062e-15,pu2,1.0e-6,true
cf_vt_clarabel_socp,3-12,model,32,24,0.0,pu,1.0e-6,true
cf_vt_clarabel_socp,pre-SOC-electric,physics,32,24,1.8491816802844799e-9,pu,1.0e-6,true
cf_vt_clarabel_socp,3-14,model,32,24,0.0,pu2,1.0e-6,true
cf_vt_clarabel_socp,3-11,model,33,1,7.370523312042739e-13,pu2,1.0e-6,true
cf_vt_clarabel_socp,3-12,model,33,1,0.0,pu,1.0e-6,true
cf_vt_clarabel_socp,pre-SOC-electric,physics,33,1,1.5580107542642607e-9,pu,1.0e-6,true
cf_vt_clarabel_socp,3-14,model,33,1,0.0,pu2,1.0e-6,true
cf_vt_clarabel_socp,3-11,model,33,2,6.950385902716906e-13,pu2,1.0e-6,true
cf_vt_clarabel_socp,3-12,model,33,2,0.0,pu,1.0e-6,true
cf_vt_clarabel_socp,pre-SOC-electric,physics,33,2,7.994749992232264e-10,pu,1.0e-6,true
cf_vt_clarabel_socp,3-14,model,33,2,0.0,pu2,1.0e-6,true
cf_vt_clarabel_socp,3-11,model,33,3,6.717047335285265e-13,pu2,1.0e-6,true
cf_vt_clarabel_socp,3-12,model,33,3,0.0,pu,1.0e-6,true
cf_vt_clarabel_socp,pre-SOC-electric,physics,33,3,7.936739559837036e-10,pu,1.0e-6,true
cf_vt_clarabel_socp,3-14,model,33,3,0.0,pu2,1.0e-6,true
cf_vt_clarabel_socp,3-11,model,33,4,6.58819963314118e-13,pu2,1.0e-6,true
cf_vt_clarabel_socp,3-12,model,33,4,0.0,pu,1.0e-6,true
cf_vt_clarabel_socp,pre-SOC-electric,physics,33,4,3.375891288303484e-9,pu,1.0e-6,true
cf_vt_clarabel_socp,3-14,model,33,4,0.0,pu2,1.0e-6,true
cf_vt_clarabel_socp,3-11,model,33,5,6.804272708727627e-13,pu2,1.0e-6,true
cf_vt_clarabel_socp,3-12,model,33,5,0.0,pu,1.0e-6,true
cf_vt_clarabel_socp,pre-SOC-electric,physics,33,5,1.2639376962587934e-9,pu,1.0e-6,true
cf_vt_clarabel_socp,3-14,model,33,5,0.0,pu2,1.0e-6,true
cf_vt_clarabel_socp,3-11,model,33,6,3.89096477786161e-12,pu2,1.0e-6,true
cf_vt_clarabel_socp,3-12,model,33,6,0.0,pu,1.0e-6,true
cf_vt_clarabel_socp,pre-SOC-electric,physics,33,6,3.2590635745677332e-9,pu,1.0e-6,true
cf_vt_clarabel_socp,3-14,model,33,6,0.0,pu2,1.0e-6,true
cf_vt_clarabel_socp,3-11,model,33,7,4.5370002251456814e-12,pu2,1.0e-6,true
cf_vt_clarabel_socp,3-12,model,33,7,0.0,pu,1.0e-6,true
cf_vt_clarabel_socp,pre-SOC-electric,physics,33,7,3.155268536898792e-9,pu,1.0e-6,true
cf_vt_clarabel_socp,3-14,model,33,7,0.0,pu2,1.0e-6,true
cf_vt_clarabel_socp,3-11,model,33,8,5.23705239983228e-12,pu2,1.0e-6,true
cf_vt_clarabel_socp,3-12,model,33,8,0.0,pu,1.0e-6,true
cf_vt_clarabel_socp,pre-SOC-electric,physics,33,8,1.6979016786294876e-9,pu,1.0e-6,true
cf_vt_clarabel_socp,3-14,model,33,8,0.0,pu2,1.0e-6,true
cf_vt_clarabel_socp,3-11,model,33,9,1.651842535622055e-11,pu2,1.0e-6,true
cf_vt_clarabel_socp,3-12,model,33,9,0.0,pu,1.0e-6,true
cf_vt_clarabel_socp,pre-SOC-electric,physics,33,9,6.601760705812754e-9,pu,1.0e-6,true
cf_vt_clarabel_socp,3-14,model,33,9,0.0,pu2,1.0e-6,true
cf_vt_clarabel_socp,3-11,model,33,10,1.722959080286314e-11,pu2,1.0e-6,true
cf_vt_clarabel_socp,3-12,model,33,10,1.205276034359215e-9,pu,1.0e-6,true
cf_vt_clarabel_socp,pre-SOC-electric,physics,33,10,1.205276034359215e-9,pu,1.0e-6,true
cf_vt_clarabel_socp,3-14,model,33,10,0.0,pu2,1.0e-6,true
cf_vt_clarabel_socp,3-11,model,33,11,1.755218753831902e-11,pu2,1.0e-6,true
cf_vt_clarabel_socp,3-12,model,33,11,0.0,pu,1.0e-6,true
cf_vt_clarabel_socp,pre-SOC-electric,physics,33,11,4.942151350488533e-9,pu,1.0e-6,true
cf_vt_clarabel_socp,3-14,model,33,11,0.0,pu2,1.0e-6,true
cf_vt_clarabel_socp,3-11,model,33,12,1.679341511267225e-11,pu2,1.0e-6,true
cf_vt_clarabel_socp,3-12,model,33,12,0.0,pu,1.0e-6,true
cf_vt_clarabel_socp,pre-SOC-electric,physics,33,12,3.6917298844654778e-9,pu,1.0e-6,true
cf_vt_clarabel_socp,3-14,model,33,12,0.0,pu2,1.0e-6,true
cf_vt_clarabel_socp,3-11,model,33,13,5.418561962063277e-12,pu2,1.0e-6,true
cf_vt_clarabel_socp,3-12,model,33,13,0.0,pu,1.0e-6,true
cf_vt_clarabel_socp,pre-SOC-electric,physics,33,13,2.6269853319570158e-9,pu,1.0e-6,true
cf_vt_clarabel_socp,3-14,model,33,13,0.0,pu2,1.0e-6,true
cf_vt_clarabel_socp,3-11,model,33,14,5.255609930747743e-12,pu2,1.0e-6,true
cf_vt_clarabel_socp,3-12,model,33,14,0.0,pu,1.0e-6,true
cf_vt_clarabel_socp,pre-SOC-electric,physics,33,14,1.1394904659602079e-9,pu,1.0e-6,true
cf_vt_clarabel_socp,3-14,model,33,14,0.0,pu2,1.0e-6,true
cf_vt_clarabel_socp,3-11,model,33,15,5.460453287253224e-12,pu2,1.0e-6,true
cf_vt_clarabel_socp,3-12,model,33,15,0.0,pu,1.0e-6,true
cf_vt_clarabel_socp,pre-SOC-electric,physics,33,15,4.059864683585851e-9,pu,1.0e-6,true
cf_vt_clarabel_socp,3-14,model,33,15,0.0,pu2,1.0e-6,true
cf_vt_clarabel_socp,3-11,model,33,16,5.7526371893296965e-12,pu2,1.0e-6,true
cf_vt_clarabel_socp,3-12,model,33,16,0.0,pu,1.0e-6,true
cf_vt_clarabel_socp,pre-SOC-electric,physics,33,16,3.5483089392066014e-9,pu,1.0e-6,true
cf_vt_clarabel_socp,3-14,model,33,16,0.0,pu2,1.0e-6,true
cf_vt_clarabel_socp,3-11,model,33,17,1.1108713834535335e-12,pu2,1.0e-6,true
cf_vt_clarabel_socp,3-12,model,33,17,9.314753005376653e-10,pu,1.0e-6,true
cf_vt_clarabel_socp,pre-SOC-electric,physics,33,17,9.314753005376653e-10,pu,1.0e-6,true
cf_vt_clarabel_socp,3-14,model,33,17,0.0,pu2,1.0e-6,true
cf_vt_clarabel_socp,3-11,model,33,18,1.7570066045272315e-11,pu2,1.0e-6,true
cf_vt_clarabel_socp,3-12,model,33,18,0.0,pu,1.0e-6,true
cf_vt_clarabel_socp,pre-SOC-electric,physics,33,18,2.072086521462402e-9,pu,1.0e-6,true
cf_vt_clarabel_socp,3-14,model,33,18,0.0,pu2,1.0e-6,true
cf_vt_clarabel_socp,3-11,model,33,19,2.3360524082189315e-11,pu2,1.0e-6,true
cf_vt_clarabel_socp,3-12,model,33,19,0.0,pu,1.0e-6,true
cf_vt_clarabel_socp,pre-SOC-electric,physics,33,19,5.525213512408422e-9,pu,1.0e-6,true
cf_vt_clarabel_socp,3-14,model,33,19,0.0,pu2,1.0e-6,true
cf_vt_clarabel_socp,3-11,model,33,20,1.5631509439551823e-11,pu2,1.0e-6,true
cf_vt_clarabel_socp,3-12,model,33,20,0.0,pu,1.0e-6,true
cf_vt_clarabel_socp,pre-SOC-electric,physics,33,20,3.8826483972354e-9,pu,1.0e-6,true
cf_vt_clarabel_socp,3-14,model,33,20,0.0,pu2,1.0e-6,true
cf_vt_clarabel_socp,3-11,model,33,21,1.4621071763164538e-11,pu2,1.0e-6,true
cf_vt_clarabel_socp,3-12,model,33,21,0.0,pu,1.0e-6,true
cf_vt_clarabel_socp,pre-SOC-electric,physics,33,21,6.365397849442123e-9,pu,1.0e-6,true
cf_vt_clarabel_socp,3-14,model,33,21,0.0,pu2,1.0e-6,true
cf_vt_clarabel_socp,3-11,model,33,22,9.036804994869347e-13,pu2,1.0e-6,true
cf_vt_clarabel_socp,3-12,model,33,22,0.0,pu,1.0e-6,true
cf_vt_clarabel_socp,pre-SOC-electric,physics,33,22,1.179294033086531e-9,pu,1.0e-6,true
cf_vt_clarabel_socp,3-14,model,33,22,0.0,pu2,1.0e-6,true
cf_vt_clarabel_socp,3-11,model,33,23,8.308287946800385e-13,pu2,1.0e-6,true
cf_vt_clarabel_socp,3-12,model,33,23,0.0,pu,1.0e-6,true
cf_vt_clarabel_socp,pre-SOC-electric,physics,33,23,1.9680455876081027e-10,pu,1.0e-6,true
cf_vt_clarabel_socp,3-14,model,33,23,0.0,pu2,1.0e-6,true
cf_vt_clarabel_socp,3-11,model,33,24,7.692032260047424e-13,pu2,1.0e-6,true
cf_vt_clarabel_socp,3-12,model,33,24,0.0,pu,1.0e-6,true
cf_vt_clarabel_socp,pre-SOC-electric,physics,33,24,1.8168069462060066e-9,pu,1.0e-6,true
cf_vt_clarabel_socp,3-14,model,33,24,0.0,pu2,1.0e-6,true
cf_vt_clarabel_socp,3-11,model,34,1,4.0272455195902615e-13,pu2,1.0e-6,true
cf_vt_clarabel_socp,3-12,model,34,1,0.0,pu,1.0e-6,true
cf_vt_clarabel_socp,pre-SOC-electric,physics,34,1,3.1754034592740288e-9,pu,1.0e-6,true
cf_vt_clarabel_socp,3-14,model,34,1,0.0,pu2,1.0e-6,true
cf_vt_clarabel_socp,3-11,model,34,2,3.7719857627770853e-13,pu2,1.0e-6,true
cf_vt_clarabel_socp,3-12,model,34,2,0.0,pu,1.0e-6,true
cf_vt_clarabel_socp,pre-SOC-electric,physics,34,2,6.1401230072588575e-9,pu,1.0e-6,true
cf_vt_clarabel_socp,3-14,model,34,2,0.0,pu2,1.0e-6,true
cf_vt_clarabel_socp,3-11,model,34,3,3.6587874157324144e-13,pu2,1.0e-6,true
cf_vt_clarabel_socp,3-12,model,34,3,0.0,pu,1.0e-6,true
cf_vt_clarabel_socp,pre-SOC-electric,physics,34,3,3.6335900364947715e-9,pu,1.0e-6,true
cf_vt_clarabel_socp,3-14,model,34,3,0.0,pu2,1.0e-6,true
cf_vt_clarabel_socp,3-11,model,34,4,3.5926299327981056e-13,pu2,1.0e-6,true
cf_vt_clarabel_socp,3-12,model,34,4,0.0,pu,1.0e-6,true
cf_vt_clarabel_socp,pre-SOC-electric,physics,34,4,1.134398254585417e-9,pu,1.0e-6,true
cf_vt_clarabel_socp,3-14,model,34,4,0.0,pu2,1.0e-6,true
cf_vt_clarabel_socp,3-11,model,34,5,3.711867010657813e-13,pu2,1.0e-6,true
cf_vt_clarabel_socp,3-12,model,34,5,0.0,pu,1.0e-6,true
cf_vt_clarabel_socp,pre-SOC-electric,physics,34,5,3.609428259748748e-9,pu,1.0e-6,true
cf_vt_clarabel_socp,3-14,model,34,5,0.0,pu2,1.0e-6,true
cf_vt_clarabel_socp,3-11,model,34,6,2.0080128525386525e-12,pu2,1.0e-6,true
cf_vt_clarabel_socp,3-12,model,34,6,0.0,pu,1.0e-6,true
cf_vt_clarabel_socp,pre-SOC-electric,physics,34,6,4.345074580951874e-9,pu,1.0e-6,true
cf_vt_clarabel_socp,3-14,model,34,6,0.0,pu2,1.0e-6,true
cf_vt_clarabel_socp,3-11,model,34,7,2.3394227347824743e-12,pu2,1.0e-6,true
cf_vt_clarabel_socp,3-12,model,34,7,0.0,pu,1.0e-6,true
cf_vt_clarabel_socp,pre-SOC-electric,physics,34,7,9.420781090126173e-9,pu,1.0e-6,true
cf_vt_clarabel_socp,3-14,model,34,7,0.0,pu2,1.0e-6,true
cf_vt_clarabel_socp,3-11,model,34,8,2.6999155220693927e-12,pu2,1.0e-6,true
cf_vt_clarabel_socp,3-12,model,34,8,0.0,pu,1.0e-6,true
cf_vt_clarabel_socp,pre-SOC-electric,physics,34,8,9.64509453207918e-9,pu,1.0e-6,true
cf_vt_clarabel_socp,3-14,model,34,8,0.0,pu2,1.0e-6,true
cf_vt_clarabel_socp,3-11,model,34,9,8.423062388802319e-12,pu2,1.0e-6,true
cf_vt_clarabel_socp,3-12,model,34,9,0.0,pu,1.0e-6,true
cf_vt_clarabel_socp,pre-SOC-electric,physics,34,9,2.1847529580593106e-8,pu,1.0e-6,true
cf_vt_clarabel_socp,3-14,model,34,9,0.0,pu2,1.0e-6,true
cf_vt_clarabel_socp,3-11,model,34,10,8.852148167585137e-12,pu2,1.0e-6,true
cf_vt_clarabel_socp,3-12,model,34,10,0.0,pu,1.0e-6,true
cf_vt_clarabel_socp,pre-SOC-electric,physics,34,10,6.292757198135546e-9,pu,1.0e-6,true
cf_vt_clarabel_socp,3-14,model,34,10,0.0,pu2,1.0e-6,true
cf_vt_clarabel_socp,3-11,model,34,11,8.984966276106622e-12,pu2,1.0e-6,true
cf_vt_clarabel_socp,3-12,model,34,11,0.0,pu,1.0e-6,true
cf_vt_clarabel_socp,pre-SOC-electric,physics,34,11,3.3723141900504627e-10,pu,1.0e-6,true
cf_vt_clarabel_socp,3-14,model,34,11,0.0,pu2,1.0e-6,true
cf_vt_clarabel_socp,3-11,model,34,12,8.60629148106756e-12,pu2,1.0e-6,true
cf_vt_clarabel_socp,3-12,model,34,12,0.0,pu,1.0e-6,true
cf_vt_clarabel_socp,pre-SOC-electric,physics,34,12,9.301479579615357e-9,pu,1.0e-6,true
cf_vt_clarabel_socp,3-14,model,34,12,0.0,pu2,1.0e-6,true
cf_vt_clarabel_socp,3-11,model,34,13,2.7802245691066615e-12,pu2,1.0e-6,true
cf_vt_clarabel_socp,3-12,model,34,13,0.0,pu,1.0e-6,true
cf_vt_clarabel_socp,pre-SOC-electric,physics,34,13,5.60001923912562e-9,pu,1.0e-6,true
cf_vt_clarabel_socp,3-14,model,34,13,0.0,pu2,1.0e-6,true
cf_vt_clarabel_socp,3-11,model,34,14,2.7108067005043087e-12,pu2,1.0e-6,true
cf_vt_clarabel_socp,3-12,model,34,14,0.0,pu,1.0e-6,true
cf_vt_clarabel_socp,pre-SOC-electric,physics,34,14,1.1909450889878437e-8,pu,1.0e-6,true
cf_vt_clarabel_socp,3-14,model,34,14,0.0,pu2,1.0e-6,true
cf_vt_clarabel_socp,3-11,model,34,15,2.8155919173643317e-12,pu2,1.0e-6,true
cf_vt_clarabel_socp,3-12,model,34,15,0.0,pu,1.0e-6,true
cf_vt_clarabel_socp,pre-SOC-electric,physics,34,15,1.1572554962924197e-9,pu,1.0e-6,true
cf_vt_clarabel_socp,3-14,model,34,15,0.0,pu2,1.0e-6,true
cf_vt_clarabel_socp,3-11,model,34,16,2.9648621162269256e-12,pu2,1.0e-6,true
cf_vt_clarabel_socp,3-12,model,34,16,7.137796076417402e-9,pu,1.0e-6,true
cf_vt_clarabel_socp,pre-SOC-electric,physics,34,16,7.137796076417402e-9,pu,1.0e-6,true
cf_vt_clarabel_socp,3-14,model,34,16,0.0,pu2,1.0e-6,true
cf_vt_clarabel_socp,3-11,model,34,17,7.276713055764028e-13,pu2,1.0e-6,true
cf_vt_clarabel_socp,3-12,model,34,17,0.0,pu,1.0e-6,true
cf_vt_clarabel_socp,pre-SOC-electric,physics,34,17,1.1121038465122801e-9,pu,1.0e-6,true
cf_vt_clarabel_socp,3-14,model,34,17,0.0,pu2,1.0e-6,true
cf_vt_clarabel_socp,3-11,model,34,18,8.98923661473306e-12,pu2,1.0e-6,true
cf_vt_clarabel_socp,3-12,model,34,18,0.0,pu,1.0e-6,true
cf_vt_clarabel_socp,pre-SOC-electric,physics,34,18,2.1310762376991477e-8,pu,1.0e-6,true
cf_vt_clarabel_socp,3-14,model,34,18,0.0,pu2,1.0e-6,true
cf_vt_clarabel_socp,3-11,model,34,19,1.1990474478717626e-11,pu2,1.0e-6,true
cf_vt_clarabel_socp,3-12,model,34,19,0.0,pu,1.0e-6,true
cf_vt_clarabel_socp,pre-SOC-electric,physics,34,19,1.1253382646743415e-8,pu,1.0e-6,true
cf_vt_clarabel_socp,3-14,model,34,19,0.0,pu2,1.0e-6,true
cf_vt_clarabel_socp,3-11,model,34,20,7.959373487074096e-12,pu2,1.0e-6,true
cf_vt_clarabel_socp,3-12,model,34,20,0.0,pu,1.0e-6,true
cf_vt_clarabel_socp,pre-SOC-electric,physics,34,20,9.981529955870039e-9,pu,1.0e-6,true
cf_vt_clarabel_socp,3-14,model,34,20,0.0,pu2,1.0e-6,true
cf_vt_clarabel_socp,3-11,model,34,21,7.456663711242085e-12,pu2,1.0e-6,true
cf_vt_clarabel_socp,3-12,model,34,21,2.762915510962083e-9,pu,1.0e-6,true
cf_vt_clarabel_socp,pre-SOC-electric,physics,34,21,2.762915510962083e-9,pu,1.0e-6,true
cf_vt_clarabel_socp,3-14,model,34,21,0.0,pu2,1.0e-6,true
cf_vt_clarabel_socp,3-11,model,34,22,4.915079785568753e-13,pu2,1.0e-6,true
cf_vt_clarabel_socp,3-12,model,34,22,0.0,pu,1.0e-6,true
cf_vt_clarabel_socp,pre-SOC-electric,physics,34,22,1.8622019091682485e-9,pu,1.0e-6,true
cf_vt_clarabel_socp,3-14,model,34,22,0.0,pu2,1.0e-6,true
cf_vt_clarabel_socp,3-11,model,34,23,4.519083886736345e-13,pu2,1.0e-6,true
cf_vt_clarabel_socp,3-12,model,34,23,0.0,pu,1.0e-6,true
cf_vt_clarabel_socp,pre-SOC-electric,physics,34,23,3.526232208138358e-9,pu,1.0e-6,true
cf_vt_clarabel_socp,3-14,model,34,23,0.0,pu2,1.0e-6,true
cf_vt_clarabel_socp,3-11,model,34,24,4.183438289184836e-13,pu2,1.0e-6,true
cf_vt_clarabel_socp,3-12,model,34,24,0.0,pu,1.0e-6,true
cf_vt_clarabel_socp,pre-SOC-electric,physics,34,24,3.6874156336859365e-9,pu,1.0e-6,true
cf_vt_clarabel_socp,3-14,model,34,24,0.0,pu2,1.0e-6,true
cf_vt_clarabel_socp,3-11,model,35,1,1.7680079321006964e-14,pu2,1.0e-6,true
cf_vt_clarabel_socp,3-12,model,35,1,0.0,pu,1.0e-6,true
cf_vt_clarabel_socp,pre-SOC-electric,physics,35,1,5.277607766605852e-9,pu,1.0e-6,true
cf_vt_clarabel_socp,3-14,model,35,1,0.0,pu2,1.0e-6,true
cf_vt_clarabel_socp,3-11,model,35,2,1.6705650924419722e-14,pu2,1.0e-6,true
cf_vt_clarabel_socp,3-12,model,35,2,0.0,pu,1.0e-6,true
cf_vt_clarabel_socp,pre-SOC-electric,physics,35,2,1.0691102797732955e-8,pu,1.0e-6,true
cf_vt_clarabel_socp,3-14,model,35,2,0.0,pu2,1.0e-6,true
cf_vt_clarabel_socp,3-11,model,35,3,1.6144983723006103e-14,pu2,1.0e-6,true
cf_vt_clarabel_socp,3-12,model,35,3,0.0,pu,1.0e-6,true
cf_vt_clarabel_socp,pre-SOC-electric,physics,35,3,1.0705239182368532e-9,pu,1.0e-6,true
cf_vt_clarabel_socp,3-14,model,35,3,0.0,pu2,1.0e-6,true
cf_vt_clarabel_socp,3-11,model,35,4,1.5753730310823395e-14,pu2,1.0e-6,true
cf_vt_clarabel_socp,3-12,model,35,4,6.6788920156967465e-9,pu,1.0e-6,true
cf_vt_clarabel_socp,pre-SOC-electric,physics,35,4,6.6788920156967465e-9,pu,1.0e-6,true
cf_vt_clarabel_socp,3-14,model,35,4,0.0,pu2,1.0e-6,true
cf_vt_clarabel_socp,3-11,model,35,5,1.6340732190083624e-14,pu2,1.0e-6,true
cf_vt_clarabel_socp,3-12,model,35,5,0.0,pu,1.0e-6,true
cf_vt_clarabel_socp,pre-SOC-electric,physics,35,5,1.7335726550560433e-9,pu,1.0e-6,true
cf_vt_clarabel_socp,3-14,model,35,5,0.0,pu2,1.0e-6,true
cf_vt_clarabel_socp,3-11,model,35,6,1.7014990321372308e-14,pu2,1.0e-6,true
cf_vt_clarabel_socp,3-12,model,35,6,0.0,pu,1.0e-6,true
cf_vt_clarabel_socp,pre-SOC-electric,physics,35,6,2.4322777639413165e-8,pu,1.0e-6,true
cf_vt_clarabel_socp,3-14,model,35,6,0.0,pu2,1.0e-6,true
cf_vt_clarabel_socp,3-11,model,35,7,1.9339828946206977e-14,pu2,1.0e-6,true
cf_vt_clarabel_socp,3-12,model,35,7,0.0,pu,1.0e-6,true
cf_vt_clarabel_socp,pre-SOC-electric,physics,35,7,3.062392746685941e-8,pu,1.0e-6,true
cf_vt_clarabel_socp,3-14,model,35,7,0.0,pu2,1.0e-6,true
cf_vt_clarabel_socp,3-11,model,35,8,2.138890667770059e-14,pu2,1.0e-6,true
cf_vt_clarabel_socp,3-12,model,35,8,0.0,pu,1.0e-6,true
cf_vt_clarabel_socp,pre-SOC-electric,physics,35,8,3.248394853984111e-8,pu,1.0e-6,true
cf_vt_clarabel_socp,3-14,model,35,8,0.0,pu2,1.0e-6,true
cf_vt_clarabel_socp,3-11,model,35,9,2.2606717286187145e-14,pu2,1.0e-6,true
cf_vt_clarabel_socp,3-12,model,35,9,0.0,pu,1.0e-6,true
cf_vt_clarabel_socp,pre-SOC-electric,physics,35,9,6.133254470036585e-8,pu,1.0e-6,true
cf_vt_clarabel_socp,3-14,model,35,9,0.0,pu2,1.0e-6,true
cf_vt_clarabel_socp,3-11,model,35,10,2.2513752879127144e-14,pu2,1.0e-6,true
cf_vt_clarabel_socp,3-12,model,35,10,0.0,pu,1.0e-6,true
cf_vt_clarabel_socp,pre-SOC-electric,physics,35,10,1.430180320417633e-10,pu,1.0e-6,true
cf_vt_clarabel_socp,3-14,model,35,10,0.0,pu2,1.0e-6,true
cf_vt_clarabel_socp,3-11,model,35,11,2.1991384272423628e-14,pu2,1.0e-6,true
cf_vt_clarabel_socp,3-12,model,35,11,0.0,pu,1.0e-6,true
cf_vt_clarabel_socp,pre-SOC-electric,physics,35,11,1.9184158588797257e-8,pu,1.0e-6,true
cf_vt_clarabel_socp,3-14,model,35,11,0.0,pu2,1.0e-6,true
cf_vt_clarabel_socp,3-11,model,35,12,2.0595006413161657e-14,pu2,1.0e-6,true
cf_vt_clarabel_socp,3-12,model,35,12,0.0,pu,1.0e-6,true
cf_vt_clarabel_socp,pre-SOC-electric,physics,35,12,5.352300302095825e-8,pu,1.0e-6,true
cf_vt_clarabel_socp,3-14,model,35,12,0.0,pu2,1.0e-6,true
cf_vt_clarabel_socp,3-11,model,35,13,1.9087712130555577e-14,pu2,1.0e-6,true
cf_vt_clarabel_socp,3-12,model,35,13,0.0,pu,1.0e-6,true
cf_vt_clarabel_socp,pre-SOC-electric,physics,35,13,4.918704063678909e-9,pu,1.0e-6,true
cf_vt_clarabel_socp,3-14,model,35,13,0.0,pu2,1.0e-6,true
cf_vt_clarabel_socp,3-11,model,35,14,1.853374495975474e-14,pu2,1.0e-6,true
cf_vt_clarabel_socp,3-12,model,35,14,0.0,pu,1.0e-6,true
cf_vt_clarabel_socp,pre-SOC-electric,physics,35,14,1.5873625292569908e-8,pu,1.0e-6,true
cf_vt_clarabel_socp,3-14,model,35,14,0.0,pu2,1.0e-6,true
cf_vt_clarabel_socp,3-11,model,35,15,2.0010197925718343e-14,pu2,1.0e-6,true
cf_vt_clarabel_socp,3-12,model,35,15,2.056221382398804e-11,pu,1.0e-6,true
cf_vt_clarabel_socp,pre-SOC-electric,physics,35,15,2.056221382398804e-11,pu,1.0e-6,true
cf_vt_clarabel_socp,3-14,model,35,15,0.0,pu2,1.0e-6,true
cf_vt_clarabel_socp,3-11,model,35,16,2.1903047206354477e-14,pu2,1.0e-6,true
cf_vt_clarabel_socp,3-12,model,35,16,0.0,pu,1.0e-6,true
cf_vt_clarabel_socp,pre-SOC-electric,physics,35,16,3.385063769296547e-8,pu,1.0e-6,true
cf_vt_clarabel_socp,3-14,model,35,16,0.0,pu2,1.0e-6,true
cf_vt_clarabel_socp,3-11,model,35,17,2.4289442256564958e-14,pu2,1.0e-6,true
cf_vt_clarabel_socp,3-12,model,35,17,0.0,pu,1.0e-6,true
cf_vt_clarabel_socp,pre-SOC-electric,physics,35,17,2.262404551011234e-8,pu,1.0e-6,true
cf_vt_clarabel_socp,3-14,model,35,17,0.0,pu2,1.0e-6,true
cf_vt_clarabel_socp,3-11,model,35,18,2.5371274430864045e-14,pu2,1.0e-6,true
cf_vt_clarabel_socp,3-12,model,35,18,1.6043144928203426e-8,pu,1.0e-6,true
cf_vt_clarabel_socp,pre-SOC-electric,physics,35,18,1.6043144928203426e-8,pu,1.0e-6,true
cf_vt_clarabel_socp,3-14,model,35,18,0.0,pu2,1.0e-6,true
cf_vt_clarabel_socp,3-11,model,35,19,2.5041561773947625e-14,pu2,1.0e-6,true
cf_vt_clarabel_socp,3-12,model,35,19,0.0,pu,1.0e-6,true
cf_vt_clarabel_socp,pre-SOC-electric,physics,35,19,6.798057168442206e-8,pu,1.0e-6,true
cf_vt_clarabel_socp,3-14,model,35,19,0.0,pu2,1.0e-6,true
cf_vt_clarabel_socp,3-11,model,35,20,2.346447197648779e-14,pu2,1.0e-6,true
cf_vt_clarabel_socp,3-12,model,35,20,0.0,pu,1.0e-6,true
cf_vt_clarabel_socp,pre-SOC-electric,physics,35,20,8.647442721252101e-9,pu,1.0e-6,true
cf_vt_clarabel_socp,3-14,model,35,20,0.0,pu2,1.0e-6,true
cf_vt_clarabel_socp,3-11,model,35,21,2.1465142184052318e-14,pu2,1.0e-6,true
cf_vt_clarabel_socp,3-12,model,35,21,1.0459259660786351e-8,pu,1.0e-6,true
cf_vt_clarabel_socp,pre-SOC-electric,physics,35,21,1.0459259660786351e-8,pu,1.0e-6,true
cf_vt_clarabel_socp,3-14,model,35,21,0.0,pu2,1.0e-6,true
cf_vt_clarabel_socp,3-11,model,35,22,2.014334472876314e-14,pu2,1.0e-6,true
cf_vt_clarabel_socp,3-12,model,35,22,0.0,pu,1.0e-6,true
cf_vt_clarabel_socp,pre-SOC-electric,physics,35,22,5.205160982682359e-10,pu,1.0e-6,true
cf_vt_clarabel_socp,3-14,model,35,22,0.0,pu2,1.0e-6,true
cf_vt_clarabel_socp,3-11,model,35,23,1.908761810989843e-14,pu2,1.0e-6,true
cf_vt_clarabel_socp,3-12,model,35,23,0.0,pu,1.0e-6,true
cf_vt_clarabel_socp,pre-SOC-electric,physics,35,23,2.981590585998716e-9,pu,1.0e-6,true
cf_vt_clarabel_socp,3-14,model,35,23,0.0,pu2,1.0e-6,true
cf_vt_clarabel_socp,3-11,model,35,24,1.7851694125351316e-14,pu2,1.0e-6,true
cf_vt_clarabel_socp,3-12,model,35,24,0.0,pu,1.0e-6,true
cf_vt_clarabel_socp,pre-SOC-electric,physics,35,24,1.1812289969672773e-8,pu,1.0e-6,true
cf_vt_clarabel_socp,3-14,model,35,24,0.0,pu2,1.0e-6,true
cf_vt_clarabel_socp,3-11,model,36,1,1.2327114257474053e-13,pu2,1.0e-6,true
cf_vt_clarabel_socp,3-12,model,36,1,6.602073976489514e-10,pu,1.0e-6,true
cf_vt_clarabel_socp,pre-SOC-electric,physics,36,1,6.602073976489514e-10,pu,1.0e-6,true
cf_vt_clarabel_socp,3-14,model,36,1,0.0,pu2,1.0e-6,true
cf_vt_clarabel_socp,3-11,model,36,2,1.1622883399478655e-13,pu2,1.0e-6,true
cf_vt_clarabel_socp,3-12,model,36,2,0.0,pu,1.0e-6,true
cf_vt_clarabel_socp,pre-SOC-electric,physics,36,2,5.337728434273194e-9,pu,1.0e-6,true
cf_vt_clarabel_socp,3-14,model,36,2,0.0,pu2,1.0e-6,true
cf_vt_clarabel_socp,3-11,model,36,3,1.1318279636679225e-13,pu2,1.0e-6,true
cf_vt_clarabel_socp,3-12,model,36,3,0.0,pu,1.0e-6,true
cf_vt_clarabel_socp,pre-SOC-electric,physics,36,3,8.399278539285467e-9,pu,1.0e-6,true
cf_vt_clarabel_socp,3-14,model,36,3,0.0,pu2,1.0e-6,true
cf_vt_clarabel_socp,3-11,model,36,4,1.1128487589990091e-13,pu2,1.0e-6,true
cf_vt_clarabel_socp,3-12,model,36,4,0.0,pu,1.0e-6,true
cf_vt_clarabel_socp,pre-SOC-electric,physics,36,4,3.894009285593941e-9,pu,1.0e-6,true
cf_vt_clarabel_socp,3-14,model,36,4,0.0,pu2,1.0e-6,true
cf_vt_clarabel_socp,3-11,model,36,5,1.1342925966103721e-13,pu2,1.0e-6,true
cf_vt_clarabel_socp,3-12,model,36,5,0.0,pu,1.0e-6,true
cf_vt_clarabel_socp,pre-SOC-electric,physics,36,5,2.6127962770780555e-10,pu,1.0e-6,true
cf_vt_clarabel_socp,3-14,model,36,5,0.0,pu2,1.0e-6,true
cf_vt_clarabel_socp,3-11,model,36,6,5.397715457380273e-13,pu2,1.0e-6,true
cf_vt_clarabel_socp,3-12,model,36,6,0.0,pu,1.0e-6,true
cf_vt_clarabel_socp,pre-SOC-electric,physics,36,6,1.4292891537199051e-8,pu,1.0e-6,true
cf_vt_clarabel_socp,3-14,model,36,6,0.0,pu2,1.0e-6,true
cf_vt_clarabel_socp,3-11,model,36,7,6.203907423592628e-13,pu2,1.0e-6,true
cf_vt_clarabel_socp,3-12,model,36,7,3.0179800217071395e-10,pu,1.0e-6,true
cf_vt_clarabel_socp,pre-SOC-electric,physics,36,7,3.0179800217071395e-10,pu,1.0e-6,true
cf_vt_clarabel_socp,3-14,model,36,7,0.0,pu2,1.0e-6,true
cf_vt_clarabel_socp,3-11,model,36,8,7.179820939986949e-13,pu2,1.0e-6,true
cf_vt_clarabel_socp,3-12,model,36,8,0.0,pu,1.0e-6,true
cf_vt_clarabel_socp,pre-SOC-electric,physics,36,8,1.4868095912431989e-9,pu,1.0e-6,true
cf_vt_clarabel_socp,3-14,model,36,8,0.0,pu2,1.0e-6,true
cf_vt_clarabel_socp,3-11,model,36,9,2.2102111510958968e-12,pu2,1.0e-6,true
cf_vt_clarabel_socp,3-12,model,36,9,0.0,pu,1.0e-6,true
cf_vt_clarabel_socp,pre-SOC-electric,physics,36,9,1.937600396751879e-8,pu,1.0e-6,true
cf_vt_clarabel_socp,3-14,model,36,9,0.0,pu2,1.0e-6,true
cf_vt_clarabel_socp,3-11,model,36,10,2.2831140986432448e-12,pu2,1.0e-6,true
cf_vt_clarabel_socp,3-12,model,36,10,0.0,pu,1.0e-6,true
cf_vt_clarabel_socp,pre-SOC-electric,physics,36,10,2.3391090660761227e-8,pu,1.0e-6,true
cf_vt_clarabel_socp,3-14,model,36,10,0.0,pu2,1.0e-6,true
cf_vt_clarabel_socp,3-11,model,36,11,2.3295779012294992e-12,pu2,1.0e-6,true
cf_vt_clarabel_socp,3-12,model,36,11,0.0,pu,1.0e-6,true
cf_vt_clarabel_socp,pre-SOC-electric,physics,36,11,3.831590124152816e-8,pu,1.0e-6,true
cf_vt_clarabel_socp,3-14,model,36,11,0.0,pu2,1.0e-6,true
cf_vt_clarabel_socp,3-11,model,36,12,2.2437975329608678e-12,pu2,1.0e-6,true
cf_vt_clarabel_socp,3-12,model,36,12,2.1619173586106058e-8,pu,1.0e-6,true
cf_vt_clarabel_socp,pre-SOC-electric,physics,36,12,2.1619173586106058e-8,pu,1.0e-6,true
cf_vt_clarabel_socp,3-14,model,36,12,0.0,pu2,1.0e-6,true
cf_vt_clarabel_socp,3-11,model,36,13,7.32631368732231e-13,pu2,1.0e-6,true
cf_vt_clarabel_socp,3-12,model,36,13,0.0,pu,1.0e-6,true
cf_vt_clarabel_socp,pre-SOC-electric,physics,36,13,1.336419266331941e-8,pu,1.0e-6,true
cf_vt_clarabel_socp,3-14,model,36,13,0.0,pu2,1.0e-6,true
cf_vt_clarabel_socp,3-11,model,36,14,7.17700019321765e-13,pu2,1.0e-6,true
cf_vt_clarabel_socp,3-12,model,36,14,0.0,pu,1.0e-6,true
cf_vt_clarabel_socp,pre-SOC-electric,physics,36,14,2.2154043385382016e-8,pu,1.0e-6,true
cf_vt_clarabel_socp,3-14,model,36,14,0.0,pu2,1.0e-6,true
cf_vt_clarabel_socp,3-11,model,36,15,7.450260103197327e-13,pu2,1.0e-6,true
cf_vt_clarabel_socp,3-12,model,36,15,0.0,pu,1.0e-6,true
cf_vt_clarabel_socp,pre-SOC-electric,physics,36,15,1.2837590249517583e-8,pu,1.0e-6,true
cf_vt_clarabel_socp,3-14,model,36,15,0.0,pu2,1.0e-6,true
cf_vt_clarabel_socp,3-11,model,36,16,7.781330884271045e-13,pu2,1.0e-6,true
cf_vt_clarabel_socp,3-12,model,36,16,0.0,pu,1.0e-6,true
cf_vt_clarabel_socp,pre-SOC-electric,physics,36,16,3.72810037745433e-9,pu,1.0e-6,true
cf_vt_clarabel_socp,3-14,model,36,16,0.0,pu2,1.0e-6,true
cf_vt_clarabel_socp,3-11,model,36,17,1.5560097223828347e-13,pu2,1.0e-6,true
cf_vt_clarabel_socp,3-12,model,36,17,0.0,pu,1.0e-6,true
cf_vt_clarabel_socp,pre-SOC-electric,physics,36,17,1.3300385861463385e-8,pu,1.0e-6,true
cf_vt_clarabel_socp,3-14,model,36,17,0.0,pu2,1.0e-6,true
cf_vt_clarabel_socp,3-11,model,36,18,2.311032599352212e-12,pu2,1.0e-6,true
cf_vt_clarabel_socp,3-12,model,36,18,0.0,pu,1.0e-6,true
cf_vt_clarabel_socp,pre-SOC-electric,physics,36,18,1.6143524128814715e-8,pu,1.0e-6,true
cf_vt_clarabel_socp,3-14,model,36,18,0.0,pu2,1.0e-6,true
cf_vt_clarabel_socp,3-11,model,36,19,3.538173534944856e-12,pu2,1.0e-6,true
cf_vt_clarabel_socp,3-12,model,36,19,0.0,pu,1.0e-6,true
cf_vt_clarabel_socp,pre-SOC-electric,physics,36,19,2.987100063611345e-9,pu,1.0e-6,true
cf_vt_clarabel_socp,3-14,model,36,19,0.0,pu2,1.0e-6,true
cf_vt_clarabel_socp,3-11,model,36,20,2.0578424294792814e-12,pu2,1.0e-6,true
cf_vt_clarabel_socp,3-12,model,36,20,0.0,pu,1.0e-6,true
cf_vt_clarabel_socp,pre-SOC-electric,physics,36,20,1.5680989202872947e-8,pu,1.0e-6,true
cf_vt_clarabel_socp,3-14,model,36,20,0.0,pu2,1.0e-6,true
cf_vt_clarabel_socp,3-11,model,36,21,1.9496412761267146e-12,pu2,1.0e-6,true
cf_vt_clarabel_socp,3-12,model,36,21,0.0,pu,1.0e-6,true
cf_vt_clarabel_socp,pre-SOC-electric,physics,36,21,2.0867587213540748e-8,pu,1.0e-6,true
cf_vt_clarabel_socp,3-14,model,36,21,0.0,pu2,1.0e-6,true
cf_vt_clarabel_socp,3-11,model,36,22,1.4957160706654486e-13,pu2,1.0e-6,true
cf_vt_clarabel_socp,3-12,model,36,22,1.8851985038141617e-9,pu,1.0e-6,true
cf_vt_clarabel_socp,pre-SOC-electric,physics,36,22,1.8851985038141617e-9,pu,1.0e-6,true
cf_vt_clarabel_socp,3-14,model,36,22,0.0,pu2,1.0e-6,true
cf_vt_clarabel_socp,3-11,model,36,23,1.3875402139518515e-13,pu2,1.0e-6,true
cf_vt_clarabel_socp,3-12,model,36,23,8.322416534135152e-10,pu,1.0e-6,true
cf_vt_clarabel_socp,pre-SOC-electric,physics,36,23,8.322416534135152e-10,pu,1.0e-6,true
cf_vt_clarabel_socp,3-14,model,36,23,0.0,pu2,1.0e-6,true
cf_vt_clarabel_socp,3-11,model,36,24,1.2805056536665496e-13,pu2,1.0e-6,true
cf_vt_clarabel_socp,3-12,model,36,24,0.0,pu,1.0e-6,true
cf_vt_clarabel_socp,pre-SOC-electric,physics,36,24,1.312143847677534e-9,pu,1.0e-6,true
cf_vt_clarabel_socp,3-14,model,36,24,0.0,pu2,1.0e-6,true
cf_vt_clarabel_socp,3-11,model,37,1,2.5318187911444303e-14,pu2,1.0e-6,true
cf_vt_clarabel_socp,3-12,model,37,1,3.93687765474029e-9,pu,1.0e-6,true
cf_vt_clarabel_socp,pre-SOC-electric,physics,37,1,3.93687765474029e-9,pu,1.0e-6,true
cf_vt_clarabel_socp,3-14,model,37,1,0.0,pu2,1.0e-6,true
cf_vt_clarabel_socp,3-11,model,37,2,2.2878988403785515e-14,pu2,1.0e-6,true
cf_vt_clarabel_socp,3-12,model,37,2,0.0,pu,1.0e-6,true
cf_vt_clarabel_socp,pre-SOC-electric,physics,37,2,1.2231922808837725e-8,pu,1.0e-6,true
cf_vt_clarabel_socp,3-14,model,37,2,0.0,pu2,1.0e-6,true
cf_vt_clarabel_socp,3-11,model,37,3,2.0532790572636407e-14,pu2,1.0e-6,true
cf_vt_clarabel_socp,3-12,model,37,3,1.8751706487216396e-9,pu,1.0e-6,true
cf_vt_clarabel_socp,pre-SOC-electric,physics,37,3,1.8751706487216396e-9,pu,1.0e-6,true
cf_vt_clarabel_socp,3-14,model,37,3,0.0,pu2,1.0e-6,true
cf_vt_clarabel_socp,3-11,model,37,4,2.0748435843644933e-14,pu2,1.0e-6,true
cf_vt_clarabel_socp,3-12,model,37,4,0.0,pu,1.0e-6,true
cf_vt_clarabel_socp,pre-SOC-electric,physics,37,4,4.330211160100779e-9,pu,1.0e-6,true
cf_vt_clarabel_socp,3-14,model,37,4,0.0,pu2,1.0e-6,true
cf_vt_clarabel_socp,3-11,model,37,5,2.165884845469401e-14,pu2,1.0e-6,true
cf_vt_clarabel_socp,3-12,model,37,5,0.0,pu,1.0e-6,true
cf_vt_clarabel_socp,pre-SOC-electric,physics,37,5,3.660291218423239e-9,pu,1.0e-6,true
cf_vt_clarabel_socp,3-14,model,37,5,0.0,pu2,1.0e-6,true
cf_vt_clarabel_socp,3-11,model,37,6,1.0628350464130095e-14,pu2,1.0e-6,true
cf_vt_clarabel_socp,3-12,model,37,6,0.0,pu,1.0e-6,true
cf_vt_clarabel_socp,pre-SOC-electric,physics,37,6,1.645155271666715e-8,pu,1.0e-6,true
cf_vt_clarabel_socp,3-14,model,37,6,0.0,pu2,1.0e-6,true
cf_vt_clarabel_socp,3-11,model,37,7,3.306037609879199e-14,pu2,1.0e-6,true
cf_vt_clarabel_socp,3-12,model,37,7,2.420989253303996e-8,pu,1.0e-6,true
cf_vt_clarabel_socp,pre-SOC-electric,physics,37,7,2.420989253303996e-8,pu,1.0e-6,true
cf_vt_clarabel_socp,3-14,model,37,7,0.0,pu2,1.0e-6,true
cf_vt_clarabel_socp,3-11,model,37,8,4.3168683485175254e-14,pu2,1.0e-6,true
cf_vt_clarabel_socp,3-12,model,37,8,0.0,pu,1.0e-6,true
cf_vt_clarabel_socp,pre-SOC-electric,physics,37,8,3.313680803693599e-8,pu,1.0e-6,true
cf_vt_clarabel_socp,3-14,model,37,8,0.0,pu2,1.0e-6,true
cf_vt_clarabel_socp,3-11,model,37,9,3.0160421584529435e-14,pu2,1.0e-6,true
cf_vt_clarabel_socp,3-12,model,37,9,0.0,pu,1.0e-6,true
cf_vt_clarabel_socp,pre-SOC-electric,physics,37,9,2.0607296018204917e-8,pu,1.0e-6,true
cf_vt_clarabel_socp,3-14,model,37,9,0.0,pu2,1.0e-6,true
cf_vt_clarabel_socp,3-11,model,37,10,6.968007950963664e-14,pu2,1.0e-6,true
cf_vt_clarabel_socp,3-12,model,37,10,0.0,pu,1.0e-6,true
cf_vt_clarabel_socp,pre-SOC-electric,physics,37,10,7.753551260075448e-9,pu,1.0e-6,true
cf_vt_clarabel_socp,3-14,model,37,10,0.0,pu2,1.0e-6,true
cf_vt_clarabel_socp,3-11,model,37,11,5.183194842837795e-14,pu2,1.0e-6,true
cf_vt_clarabel_socp,3-12,model,37,11,0.0,pu,1.0e-6,true
cf_vt_clarabel_socp,pre-SOC-electric,physics,37,11,6.681733061861348e-9,pu,1.0e-6,true
cf_vt_clarabel_socp,3-14,model,37,11,0.0,pu2,1.0e-6,true
cf_vt_clarabel_socp,3-11,model,37,12,5.15627393348839e-14,pu2,1.0e-6,true
cf_vt_clarabel_socp,3-12,model,37,12,5.148728921835176e-9,pu,1.0e-6,true
cf_vt_clarabel_socp,pre-SOC-electric,physics,37,12,5.148728921835176e-9,pu,1.0e-6,true
cf_vt_clarabel_socp,3-14,model,37,12,0.0,pu2,1.0e-6,true
cf_vt_clarabel_socp,3-11,model,37,13,4.690333984104598e-14,pu2,1.0e-6,true
cf_vt_clarabel_socp,3-12,model,37,13,0.0,pu,1.0e-6,true
cf_vt_clarabel_socp,pre-SOC-electric,physics,37,13,4.456241040778387e-9,pu,1.0e-6,true
cf_vt_clarabel_socp,3-14,model,37,13,0.0,pu2,1.0e-6,true
cf_vt_clarabel_socp,3-11,model,37,14,3.237179082871697e-14,pu2,1.0e-6,true
cf_vt_clarabel_socp,3-12,model,37,14,0.0,pu,1.0e-6,true
cf_vt_clarabel_socp,pre-SOC-electric,physics,37,14,3.021904811616443e-9,pu,1.0e-6,true
cf_vt_clarabel_socp,3-14,model,37,14,0.0,pu2,1.0e-6,true
cf_vt_clarabel_socp,3-11,model,37,15,3.4311019398380015e-14,pu2,1.0e-6,true
cf_vt_clarabel_socp,3-12,model,37,15,0.0,pu,1.0e-6,true
cf_vt_clarabel_socp,pre-SOC-electric,physics,37,15,1.6827050637211946e-8,pu,1.0e-6,true
cf_vt_clarabel_socp,3-14,model,37,15,0.0,pu2,1.0e-6,true
cf_vt_clarabel_socp,3-11,model,37,16,4.613666236839885e-14,pu2,1.0e-6,true
cf_vt_clarabel_socp,3-12,model,37,16,1.7539613611007067e-8,pu,1.0e-6,true
cf_vt_clarabel_socp,pre-SOC-electric,physics,37,16,1.7539613611007067e-8,pu,1.0e-6,true
cf_vt_clarabel_socp,3-14,model,37,16,0.0,pu2,1.0e-6,true
cf_vt_clarabel_socp,3-11,model,37,17,1.5591415250613538e-13,pu2,1.0e-6,true
cf_vt_clarabel_socp,3-12,model,37,17,0.0,pu,1.0e-6,true
cf_vt_clarabel_socp,pre-SOC-electric,physics,37,17,2.7665105621123027e-8,pu,1.0e-6,true
cf_vt_clarabel_socp,3-14,model,37,17,0.0,pu2,1.0e-6,true
cf_vt_clarabel_socp,3-11,model,37,18,2.5301367107661253e-14,pu2,1.0e-6,true
cf_vt_clarabel_socp,3-12,model,37,18,0.0,pu,1.0e-6,true
cf_vt_clarabel_socp,pre-SOC-electric,physics,37,18,5.94727736817559e-8,pu,1.0e-6,true
cf_vt_clarabel_socp,3-14,model,37,18,0.0,pu2,1.0e-6,true
cf_vt_clarabel_socp,3-11,model,37,19,3.714562125500375e-13,pu2,1.0e-6,true
cf_vt_clarabel_socp,3-12,model,37,19,0.0,pu,1.0e-6,true
cf_vt_clarabel_socp,pre-SOC-electric,physics,37,19,7.20268429908787e-9,pu,1.0e-6,true
cf_vt_clarabel_socp,3-14,model,37,19,0.0,pu2,1.0e-6,true
cf_vt_clarabel_socp,3-11,model,37,20,6.136083445686244e-14,pu2,1.0e-6,true
cf_vt_clarabel_socp,3-12,model,37,20,3.859723059180609e-8,pu,1.0e-6,true
cf_vt_clarabel_socp,pre-SOC-electric,physics,37,20,3.859723059180609e-8,pu,1.0e-6,true
cf_vt_clarabel_socp,3-14,model,37,20,0.0,pu2,1.0e-6,true
cf_vt_clarabel_socp,3-11,model,37,21,8.087917983186799e-14,pu2,1.0e-6,true
cf_vt_clarabel_socp,3-12,model,37,21,0.0,pu,1.0e-6,true
cf_vt_clarabel_socp,pre-SOC-electric,physics,37,21,2.7460049668002768e-8,pu,1.0e-6,true
cf_vt_clarabel_socp,3-14,model,37,21,0.0,pu2,1.0e-6,true
cf_vt_clarabel_socp,3-11,model,37,22,2.7777856817306438e-14,pu2,1.0e-6,true
cf_vt_clarabel_socp,3-12,model,37,22,0.0,pu,1.0e-6,true
cf_vt_clarabel_socp,pre-SOC-electric,physics,37,22,9.059661089524332e-9,pu,1.0e-6,true
cf_vt_clarabel_socp,3-14,model,37,22,0.0,pu2,1.0e-6,true
cf_vt_clarabel_socp,3-11,model,37,23,2.6581881024134203e-14,pu2,1.0e-6,true
cf_vt_clarabel_socp,3-12,model,37,23,5.1147318516479336e-9,pu,1.0e-6,true
cf_vt_clarabel_socp,pre-SOC-electric,physics,37,23,5.1147318516479336e-9,pu,1.0e-6,true
cf_vt_clarabel_socp,3-14,model,37,23,0.0,pu2,1.0e-6,true
cf_vt_clarabel_socp,3-11,model,37,24,2.553266597105151e-14,pu2,1.0e-6,true
cf_vt_clarabel_socp,3-12,model,37,24,0.0,pu,1.0e-6,true
cf_vt_clarabel_socp,pre-SOC-electric,physics,37,24,1.1858208577239255e-8,pu,1.0e-6,true
cf_vt_clarabel_socp,3-14,model,37,24,0.0,pu2,1.0e-6,true
cf_vt_clarabel_socp,3-11,model,38,1,1.3238337762280294e-13,pu2,1.0e-6,true
cf_vt_clarabel_socp,3-12,model,38,1,0.0,pu,1.0e-6,true
cf_vt_clarabel_socp,pre-SOC-electric,physics,38,1,3.6095914018180464e-10,pu,1.0e-6,true
cf_vt_clarabel_socp,3-14,model,38,1,0.0,pu2,1.0e-6,true
cf_vt_clarabel_socp,3-11,model,38,2,2.256568489263978e-14,pu2,1.0e-6,true
cf_vt_clarabel_socp,3-12,model,38,2,0.0,pu,1.0e-6,true
cf_vt_clarabel_socp,pre-SOC-electric,physics,38,2,9.403487983943026e-10,pu,1.0e-6,true
cf_vt_clarabel_socp,3-14,model,38,2,0.0,pu2,1.0e-6,true
cf_vt_clarabel_socp,3-11,model,38,3,1.1486720289609371e-13,pu2,1.0e-6,true
cf_vt_clarabel_socp,3-12,model,38,3,2.255384134661198e-10,pu,1.0e-6,true
cf_vt_clarabel_socp,pre-SOC-electric,physics,38,3,2.255384134661198e-10,pu,1.0e-6,true
cf_vt_clarabel_socp,3-14,model,38,3,0.0,pu2,1.0e-6,true
cf_vt_clarabel_socp,3-11,model,38,4,1.7872391268214867e-13,pu2,1.0e-6,true
cf_vt_clarabel_socp,3-12,model,38,4,0.0,pu,1.0e-6,true
cf_vt_clarabel_socp,pre-SOC-electric,physics,38,4,7.131990698971274e-10,pu,1.0e-6,true
cf_vt_clarabel_socp,3-14,model,38,4,0.0,pu2,1.0e-6,true
cf_vt_clarabel_socp,3-11,model,38,5,9.367873920676213e-14,pu2,1.0e-6,true
cf_vt_clarabel_socp,3-12,model,38,5,9.471305532395002e-11,pu,1.0e-6,true
cf_vt_clarabel_socp,pre-SOC-electric,physics,38,5,9.471305532395002e-11,pu,1.0e-6,true
cf_vt_clarabel_socp,3-14,model,38,5,0.0,pu2,1.0e-6,true
cf_vt_clarabel_socp,3-11,model,38,6,3.848863945530785e-12,pu2,1.0e-6,true
cf_vt_clarabel_socp,3-12,model,38,6,0.0,pu,1.0e-6,true
cf_vt_clarabel_socp,pre-SOC-electric,physics,38,6,5.670982190786322e-10,pu,1.0e-6,true
cf_vt_clarabel_socp,3-14,model,38,6,0.0,pu2,1.0e-6,true
cf_vt_clarabel_socp,3-11,model,38,7,3.5467167744724e-12,pu2,1.0e-6,true
cf_vt_clarabel_socp,3-12,model,38,7,0.0,pu,1.0e-6,true
cf_vt_clarabel_socp,pre-SOC-electric,physics,38,7,7.829118863628137e-10,pu,1.0e-6,true
cf_vt_clarabel_socp,3-14,model,38,7,0.0,pu2,1.0e-6,true
cf_vt_clarabel_socp,3-11,model,38,8,3.0234393732025223e-12,pu2,1.0e-6,true
cf_vt_clarabel_socp,3-12,model,38,8,0.0,pu,1.0e-6,true
cf_vt_clarabel_socp,pre-SOC-electric,physics,38,8,2.156225601714079e-9,pu,1.0e-6,true
cf_vt_clarabel_socp,3-14,model,38,8,0.0,pu2,1.0e-6,true
cf_vt_clarabel_socp,3-11,model,38,9,8.521416727180089e-12,pu2,1.0e-6,true
cf_vt_clarabel_socp,3-12,model,38,9,0.0,pu,1.0e-6,true
cf_vt_clarabel_socp,pre-SOC-electric,physics,38,9,1.263759936108444e-9,pu,1.0e-6,true
cf_vt_clarabel_socp,3-14,model,38,9,0.0,pu2,1.0e-6,true
cf_vt_clarabel_socp,3-11,model,38,10,8.126215137835013e-12,pu2,1.0e-6,true
cf_vt_clarabel_socp,3-12,model,38,10,2.177307580758514e-9,pu,1.0e-6,true
cf_vt_clarabel_socp,pre-SOC-electric,physics,38,10,2.177307580758514e-9,pu,1.0e-6,true
cf_vt_clarabel_socp,3-14,model,38,10,0.0,pu2,1.0e-6,true
cf_vt_clarabel_socp,3-11,model,38,11,7.932807406073164e-12,pu2,1.0e-6,true
cf_vt_clarabel_socp,3-12,model,38,11,0.0,pu,1.0e-6,true
cf_vt_clarabel_socp,pre-SOC-electric,physics,38,11,6.906792185921995e-9,pu,1.0e-6,true
cf_vt_clarabel_socp,3-14,model,38,11,0.0,pu2,1.0e-6,true
cf_vt_clarabel_socp,3-11,model,38,12,8.29487531380594e-12,pu2,1.0e-6,true
cf_vt_clarabel_socp,3-12,model,38,12,0.0,pu,1.0e-6,true
cf_vt_clarabel_socp,pre-SOC-electric,physics,38,12,2.7124332190042733e-9,pu,1.0e-6,true
cf_vt_clarabel_socp,3-14,model,38,12,0.0,pu2,1.0e-6,true
cf_vt_clarabel_socp,3-11,model,38,13,2.5880109748647307e-12,pu2,1.0e-6,true
cf_vt_clarabel_socp,3-12,model,38,13,0.0,pu,1.0e-6,true
cf_vt_clarabel_socp,pre-SOC-electric,physics,38,13,1.3057357296092365e-9,pu,1.0e-6,true
cf_vt_clarabel_socp,3-14,model,38,13,0.0,pu2,1.0e-6,true
cf_vt_clarabel_socp,3-11,model,38,14,2.3629887045465097e-12,pu2,1.0e-6,true
cf_vt_clarabel_socp,3-12,model,38,14,0.0,pu,1.0e-6,true
cf_vt_clarabel_socp,pre-SOC-electric,physics,38,14,2.7204984220235984e-9,pu,1.0e-6,true
cf_vt_clarabel_socp,3-14,model,38,14,0.0,pu2,1.0e-6,true
cf_vt_clarabel_socp,3-11,model,38,15,2.1618674942496643e-12,pu2,1.0e-6,true
cf_vt_clarabel_socp,3-12,model,38,15,0.0,pu,1.0e-6,true
cf_vt_clarabel_socp,pre-SOC-electric,physics,38,15,2.1224617419504654e-9,pu,1.0e-6,true
cf_vt_clarabel_socp,3-14,model,38,15,0.0,pu2,1.0e-6,true
cf_vt_clarabel_socp,3-11,model,38,16,2.161476070266222e-12,pu2,1.0e-6,true
cf_vt_clarabel_socp,3-12,model,38,16,0.0,pu,1.0e-6,true
cf_vt_clarabel_socp,pre-SOC-electric,physics,38,16,2.3317369189992943e-9,pu,1.0e-6,true
cf_vt_clarabel_socp,3-14,model,38,16,0.0,pu2,1.0e-6,true
cf_vt_clarabel_socp,3-11,model,38,17,2.6421278041608665e-9,pu2,1.0e-6,true
cf_vt_clarabel_socp,3-12,model,38,17,0.0,pu,1.0e-6,true
cf_vt_clarabel_socp,pre-SOC-electric,physics,38,17,2.0462331076082085e-8,pu,1.0e-6,true
cf_vt_clarabel_socp,3-14,model,38,17,0.0,pu2,1.0e-6,true
cf_vt_clarabel_socp,3-11,model,38,18,8.324103504057732e-12,pu2,1.0e-6,true
cf_vt_clarabel_socp,3-12,model,38,18,0.0,pu,1.0e-6,true
cf_vt_clarabel_socp,pre-SOC-electric,physics,38,18,8.113110860213935e-10,pu,1.0e-6,true
cf_vt_clarabel_socp,3-14,model,38,18,0.0,pu2,1.0e-6,true
cf_vt_clarabel_socp,3-11,model,38,19,7.0713462818701536e-9,pu2,1.0e-6,true
cf_vt_clarabel_socp,3-12,model,38,19,0.0,pu,1.0e-6,true
cf_vt_clarabel_socp,pre-SOC-electric,physics,38,19,1.042417127009726e-8,pu,1.0e-6,true
cf_vt_clarabel_socp,3-14,model,38,19,0.0,pu2,1.0e-6,true
cf_vt_clarabel_socp,3-11,model,38,20,9.418677938803626e-11,pu2,1.0e-6,true
cf_vt_clarabel_socp,3-12,model,38,20,0.0,pu,1.0e-6,true
cf_vt_clarabel_socp,pre-SOC-electric,physics,38,20,8.092688524516389e-10,pu,1.0e-6,true
cf_vt_clarabel_socp,3-14,model,38,20,0.0,pu2,1.0e-6,true
cf_vt_clarabel_socp,3-11,model,38,21,2.4959322456614083e-10,pu2,1.0e-6,true
cf_vt_clarabel_socp,3-12,model,38,21,0.0,pu,1.0e-6,true
cf_vt_clarabel_socp,pre-SOC-electric,physics,38,21,1.4695946152706862e-9,pu,1.0e-6,true
cf_vt_clarabel_socp,3-14,model,38,21,0.0,pu2,1.0e-6,true
cf_vt_clarabel_socp,3-11,model,38,22,2.150163809968597e-12,pu2,1.0e-6,true
cf_vt_clarabel_socp,3-12,model,38,22,3.6938782913518986e-10,pu,1.0e-6,true
cf_vt_clarabel_socp,pre-SOC-electric,physics,38,22,3.6938782913518986e-10,pu,1.0e-6,true
cf_vt_clarabel_socp,3-14,model,38,22,0.0,pu2,1.0e-6,true
cf_vt_clarabel_socp,3-11,model,38,23,6.636361401361632e-14,pu2,1.0e-6,true
cf_vt_clarabel_socp,3-12,model,38,23,0.0,pu,1.0e-6,true
cf_vt_clarabel_socp,pre-SOC-electric,physics,38,23,7.244673025548487e-10,pu,1.0e-6,true
cf_vt_clarabel_socp,3-14,model,38,23,0.0,pu2,1.0e-6,true
cf_vt_clarabel_socp,3-11,model,38,24,1.2814508550854127e-13,pu2,1.0e-6,true
cf_vt_clarabel_socp,3-12,model,38,24,0.0,pu,1.0e-6,true
cf_vt_clarabel_socp,pre-SOC-electric,physics,38,24,1.0458816707657748e-9,pu,1.0e-6,true
cf_vt_clarabel_socp,3-14,model,38,24,0.0,pu2,1.0e-6,true
cf_vt_clarabel_socp,3-11,model,39,1,8.338181718389712e-14,pu2,1.0e-6,true
cf_vt_clarabel_socp,3-12,model,39,1,0.0,pu,1.0e-6,true
cf_vt_clarabel_socp,pre-SOC-electric,physics,39,1,6.727076944535587e-10,pu,1.0e-6,true
cf_vt_clarabel_socp,3-14,model,39,1,0.0,pu2,1.0e-6,true
cf_vt_clarabel_socp,3-11,model,39,2,1.4069286776770052e-14,pu2,1.0e-6,true
cf_vt_clarabel_socp,3-12,model,39,2,0.0,pu,1.0e-6,true
cf_vt_clarabel_socp,pre-SOC-electric,physics,39,2,4.6188519610586287e-10,pu,1.0e-6,true
cf_vt_clarabel_socp,3-14,model,39,2,0.0,pu2,1.0e-6,true
cf_vt_clarabel_socp,3-11,model,39,3,7.348796689305562e-14,pu2,1.0e-6,true
cf_vt_clarabel_socp,3-12,model,39,3,0.0,pu,1.0e-6,true
cf_vt_clarabel_socp,pre-SOC-electric,physics,39,3,5.267254076478378e-10,pu,1.0e-6,true
cf_vt_clarabel_socp,3-14,model,39,3,0.0,pu2,1.0e-6,true
cf_vt_clarabel_socp,3-11,model,39,4,1.1302418799158101e-13,pu2,1.0e-6,true
cf_vt_clarabel_socp,3-12,model,39,4,0.0,pu,1.0e-6,true
cf_vt_clarabel_socp,pre-SOC-electric,physics,39,4,1.2885264680326941e-9,pu,1.0e-6,true
cf_vt_clarabel_socp,3-14,model,39,4,0.0,pu2,1.0e-6,true
cf_vt_clarabel_socp,3-11,model,39,5,5.878229812202454e-14,pu2,1.0e-6,true
cf_vt_clarabel_socp,3-12,model,39,5,0.0,pu,1.0e-6,true
cf_vt_clarabel_socp,pre-SOC-electric,physics,39,5,1.1500526041468423e-9,pu,1.0e-6,true
cf_vt_clarabel_socp,3-14,model,39,5,0.0,pu2,1.0e-6,true
cf_vt_clarabel_socp,3-11,model,39,6,2.420676821984709e-12,pu2,1.0e-6,true
cf_vt_clarabel_socp,3-12,model,39,6,0.0,pu,1.0e-6,true
cf_vt_clarabel_socp,pre-SOC-electric,physics,39,6,1.6387711968685048e-9,pu,1.0e-6,true
cf_vt_clarabel_socp,3-14,model,39,6,0.0,pu2,1.0e-6,true
cf_vt_clarabel_socp,3-11,model,39,7,2.2214131874460815e-12,pu2,1.0e-6,true
cf_vt_clarabel_socp,3-12,model,39,7,0.0,pu,1.0e-6,true
cf_vt_clarabel_socp,pre-SOC-electric,physics,39,7,2.2766224825471193e-9,pu,1.0e-6,true
cf_vt_clarabel_socp,3-14,model,39,7,0.0,pu2,1.0e-6,true
cf_vt_clarabel_socp,3-11,model,39,8,1.8868929051404936e-12,pu2,1.0e-6,true
cf_vt_clarabel_socp,3-12,model,39,8,0.0,pu,1.0e-6,true
cf_vt_clarabel_socp,pre-SOC-electric,physics,39,8,2.3511539937182135e-11,pu,1.0e-6,true
cf_vt_clarabel_socp,3-14,model,39,8,0.0,pu2,1.0e-6,true
cf_vt_clarabel_socp,3-11,model,39,9,5.3913097230710595e-12,pu2,1.0e-6,true
cf_vt_clarabel_socp,3-12,model,39,9,0.0,pu,1.0e-6,true
cf_vt_clarabel_socp,pre-SOC-electric,physics,39,9,5.357531206867661e-10,pu,1.0e-6,true
cf_vt_clarabel_socp,3-14,model,39,9,0.0,pu2,1.0e-6,true
cf_vt_clarabel_socp,3-11,model,39,10,5.171232486632507e-12,pu2,1.0e-6,true
cf_vt_clarabel_socp,3-12,model,39,10,2.3919416360790313e-9,pu,1.0e-6,true
cf_vt_clarabel_socp,pre-SOC-electric,physics,39,10,2.3919416360790313e-9,pu,1.0e-6,true
cf_vt_clarabel_socp,3-14,model,39,10,0.0,pu2,1.0e-6,true
cf_vt_clarabel_socp,3-11,model,39,11,5.060390563435999e-12,pu2,1.0e-6,true
cf_vt_clarabel_socp,3-12,model,39,11,0.0,pu,1.0e-6,true
cf_vt_clarabel_socp,pre-SOC-electric,physics,39,11,7.018230259100977e-9,pu,1.0e-6,true
cf_vt_clarabel_socp,3-14,model,39,11,0.0,pu2,1.0e-6,true
cf_vt_clarabel_socp,3-11,model,39,12,5.270134450021885e-12,pu2,1.0e-6,true
cf_vt_clarabel_socp,3-12,model,39,12,0.0,pu,1.0e-6,true
cf_vt_clarabel_socp,pre-SOC-electric,physics,39,12,7.118855366305965e-10,pu,1.0e-6,true
cf_vt_clarabel_socp,3-14,model,39,12,0.0,pu2,1.0e-6,true
cf_vt_clarabel_socp,3-11,model,39,13,1.6497372522358407e-12,pu2,1.0e-6,true
cf_vt_clarabel_socp,3-12,model,39,13,0.0,pu,1.0e-6,true
cf_vt_clarabel_socp,pre-SOC-electric,physics,39,13,1.8909340933348506e-9,pu,1.0e-6,true
cf_vt_clarabel_socp,3-14,model,39,13,0.0,pu2,1.0e-6,true
cf_vt_clarabel_socp,3-11,model,39,14,1.5117022153820537e-12,pu2,1.0e-6,true
cf_vt_clarabel_socp,3-12,model,39,14,0.0,pu,1.0e-6,true
cf_vt_clarabel_socp,pre-SOC-electric,physics,39,14,4.682099066094514e-10,pu,1.0e-6,true
cf_vt_clarabel_socp,3-14,model,39,14,0.0,pu2,1.0e-6,true
cf_vt_clarabel_socp,3-11,model,39,15,1.3857174361070517e-12,pu2,1.0e-6,true
cf_vt_clarabel_socp,3-12,model,39,15,0.0,pu,1.0e-6,true
cf_vt_clarabel_socp,pre-SOC-electric,physics,39,15,3.937672210865828e-10,pu,1.0e-6,true
cf_vt_clarabel_socp,3-14,model,39,15,0.0,pu2,1.0e-6,true
cf_vt_clarabel_socp,3-11,model,39,16,1.3954165581820006e-12,pu2,1.0e-6,true
cf_vt_clarabel_socp,3-12,model,39,16,0.0,pu,1.0e-6,true
cf_vt_clarabel_socp,pre-SOC-electric,physics,39,16,2.885647719039208e-10,pu,1.0e-6,true
cf_vt_clarabel_socp,3-14,model,39,16,0.0,pu2,1.0e-6,true
cf_vt_clarabel_socp,3-11,model,39,17,2.5106332050036857e-9,pu2,1.0e-6,true
cf_vt_clarabel_socp,3-12,model,39,17,0.0,pu,1.0e-6,true
cf_vt_clarabel_socp,pre-SOC-electric,physics,39,17,2.0463259948078766e-8,pu,1.0e-6,true
cf_vt_clarabel_socp,3-14,model,39,17,0.0,pu2,1.0e-6,true
cf_vt_clarabel_socp,3-11,model,39,18,5.384581164070977e-12,pu2,1.0e-6,true
cf_vt_clarabel_socp,3-12,model,39,18,0.0,pu,1.0e-6,true
cf_vt_clarabel_socp,pre-SOC-electric,physics,39,18,2.931474476358664e-9,pu,1.0e-6,true
cf_vt_clarabel_socp,3-14,model,39,18,0.0,pu2,1.0e-6,true
cf_vt_clarabel_socp,3-11,model,39,19,6.161245620035701e-9,pu2,1.0e-6,true
cf_vt_clarabel_socp,3-12,model,39,19,0.0,pu,1.0e-6,true
cf_vt_clarabel_socp,pre-SOC-electric,physics,39,19,1.0703822037050337e-8,pu,1.0e-6,true
cf_vt_clarabel_socp,3-14,model,39,19,0.0,pu2,1.0e-6,true
cf_vt_clarabel_socp,3-11,model,39,20,8.34922855092362e-11,pu2,1.0e-6,true
cf_vt_clarabel_socp,3-12,model,39,20,0.0,pu,1.0e-6,true
cf_vt_clarabel_socp,pre-SOC-electric,physics,39,20,1.9300770617153296e-10,pu,1.0e-6,true
cf_vt_clarabel_socp,3-14,model,39,20,0.0,pu2,1.0e-6,true
cf_vt_clarabel_socp,3-11,model,39,21,2.1273896353296465e-10,pu2,1.0e-6,true
cf_vt_clarabel_socp,3-12,model,39,21,0.0,pu,1.0e-6,true
cf_vt_clarabel_socp,pre-SOC-electric,physics,39,21,1.7203264663506745e-9,pu,1.0e-6,true
cf_vt_clarabel_socp,3-14,model,39,21,0.0,pu2,1.0e-6,true
cf_vt_clarabel_socp,3-11,model,39,22,1.9035192875982753e-12,pu2,1.0e-6,true
cf_vt_clarabel_socp,3-12,model,39,22,6.201147906802207e-11,pu,1.0e-6,true
cf_vt_clarabel_socp,pre-SOC-electric,physics,39,22,6.201147906802207e-11,pu,1.0e-6,true
cf_vt_clarabel_socp,3-14,model,39,22,0.0,pu2,1.0e-6,true
cf_vt_clarabel_socp,3-11,model,39,23,1.0583743538605757e-13,pu2,1.0e-6,true
cf_vt_clarabel_socp,3-12,model,39,23,0.0,pu,1.0e-6,true
cf_vt_clarabel_socp,pre-SOC-electric,physics,39,23,5.003041973761224e-10,pu,1.0e-6,true
cf_vt_clarabel_socp,3-14,model,39,23,0.0,pu2,1.0e-6,true
cf_vt_clarabel_socp,3-11,model,39,24,6.580652023244893e-14,pu2,1.0e-6,true
cf_vt_clarabel_socp,3-12,model,39,24,0.0,pu,1.0e-6,true
cf_vt_clarabel_socp,pre-SOC-electric,physics,39,24,3.5874325949106223e-10,pu,1.0e-6,true
cf_vt_clarabel_socp,3-14,model,39,24,0.0,pu2,1.0e-6,true
cf_vt_clarabel_socp,3-11,model,40,1,6.556838447645046e-14,pu2,1.0e-6,true
cf_vt_clarabel_socp,3-12,model,40,1,0.0,pu,1.0e-6,true
cf_vt_clarabel_socp,pre-SOC-electric,physics,40,1,7.280350985700706e-10,pu,1.0e-6,true
cf_vt_clarabel_socp,3-14,model,40,1,0.0,pu2,1.0e-6,true
cf_vt_clarabel_socp,3-11,model,40,2,1.587680460834103e-14,pu2,1.0e-6,true
cf_vt_clarabel_socp,3-12,model,40,2,0.0,pu,1.0e-6,true
cf_vt_clarabel_socp,pre-SOC-electric,physics,40,2,6.565718978701271e-10,pu,1.0e-6,true
cf_vt_clarabel_socp,3-14,model,40,2,0.0,pu2,1.0e-6,true
cf_vt_clarabel_socp,3-11,model,40,3,1.3645372449120599e-14,pu2,1.0e-6,true
cf_vt_clarabel_socp,3-12,model,40,3,0.0,pu,1.0e-6,true
cf_vt_clarabel_socp,pre-SOC-electric,physics,40,3,4.242494970781163e-10,pu,1.0e-6,true
cf_vt_clarabel_socp,3-14,model,40,3,0.0,pu2,1.0e-6,true
cf_vt_clarabel_socp,3-11,model,40,4,3.399090391592356e-14,pu2,1.0e-6,true
cf_vt_clarabel_socp,3-12,model,40,4,5.862330878982774e-10,pu,1.0e-6,true
cf_vt_clarabel_socp,pre-SOC-electric,physics,40,4,5.862330878982774e-10,pu,1.0e-6,true
cf_vt_clarabel_socp,3-14,model,40,4,0.0,pu2,1.0e-6,true
cf_vt_clarabel_socp,3-11,model,40,5,6.906088423739188e-15,pu2,1.0e-6,true
cf_vt_clarabel_socp,3-12,model,40,5,3.874798908381355e-10,pu,1.0e-6,true
cf_vt_clarabel_socp,pre-SOC-electric,physics,40,5,3.874798908381355e-10,pu,1.0e-6,true
cf_vt_clarabel_socp,3-14,model,40,5,0.0,pu2,1.0e-6,true
cf_vt_clarabel_socp,3-11,model,40,6,1.0406360801997188e-12,pu2,1.0e-6,true
cf_vt_clarabel_socp,3-12,model,40,6,0.0,pu,1.0e-6,true
cf_vt_clarabel_socp,pre-SOC-electric,physics,40,6,2.790092813037548e-9,pu,1.0e-6,true
cf_vt_clarabel_socp,3-14,model,40,6,0.0,pu2,1.0e-6,true
cf_vt_clarabel_socp,3-11,model,40,7,9.348624203594797e-13,pu2,1.0e-6,true
cf_vt_clarabel_socp,3-12,model,40,7,1.706334115669783e-9,pu,1.0e-6,true
cf_vt_clarabel_socp,pre-SOC-electric,physics,40,7,1.706334115669783e-9,pu,1.0e-6,true
cf_vt_clarabel_socp,3-14,model,40,7,0.0,pu2,1.0e-6,true
cf_vt_clarabel_socp,3-11,model,40,8,7.163933710507375e-13,pu2,1.0e-6,true
cf_vt_clarabel_socp,3-12,model,40,8,1.3376064318670888e-9,pu,1.0e-6,true
cf_vt_clarabel_socp,pre-SOC-electric,physics,40,8,1.3376064318670888e-9,pu,1.0e-6,true
cf_vt_clarabel_socp,3-14,model,40,8,0.0,pu2,1.0e-6,true
cf_vt_clarabel_socp,3-11,model,40,9,2.1085660829417804e-12,pu2,1.0e-6,true
cf_vt_clarabel_socp,3-12,model,40,9,0.0,pu,1.0e-6,true
cf_vt_clarabel_socp,pre-SOC-electric,physics,40,9,1.6657209344489443e-9,pu,1.0e-6,true
cf_vt_clarabel_socp,3-14,model,40,9,0.0,pu2,1.0e-6,true
cf_vt_clarabel_socp,3-11,model,40,10,1.9792015054114127e-12,pu2,1.0e-6,true
cf_vt_clarabel_socp,3-12,model,40,10,0.0,pu,1.0e-6,true
cf_vt_clarabel_socp,pre-SOC-electric,physics,40,10,3.791667941427379e-9,pu,1.0e-6,true
cf_vt_clarabel_socp,3-14,model,40,10,0.0,pu2,1.0e-6,true
cf_vt_clarabel_socp,3-11,model,40,11,1.923327867065652e-12,pu2,1.0e-6,true
cf_vt_clarabel_socp,3-12,model,40,11,0.0,pu,1.0e-6,true
cf_vt_clarabel_socp,pre-SOC-electric,physics,40,11,3.8921032785577125e-9,pu,1.0e-6,true
cf_vt_clarabel_socp,3-14,model,40,11,0.0,pu2,1.0e-6,true
cf_vt_clarabel_socp,3-11,model,40,12,2.0438204929692285e-12,pu2,1.0e-6,true
cf_vt_clarabel_socp,3-12,model,40,12,0.0,pu,1.0e-6,true
cf_vt_clarabel_socp,pre-SOC-electric,physics,40,12,3.487302651511426e-9,pu,1.0e-6,true
cf_vt_clarabel_socp,3-14,model,40,12,0.0,pu2,1.0e-6,true
cf_vt_clarabel_socp,3-11,model,40,13,6.414342586472262e-13,pu2,1.0e-6,true
cf_vt_clarabel_socp,3-12,model,40,13,0.0,pu,1.0e-6,true
cf_vt_clarabel_socp,pre-SOC-electric,physics,40,13,3.843271655784575e-9,pu,1.0e-6,true
cf_vt_clarabel_socp,3-14,model,40,13,0.0,pu2,1.0e-6,true
cf_vt_clarabel_socp,3-11,model,40,14,5.799467785769474e-13,pu2,1.0e-6,true
cf_vt_clarabel_socp,3-12,model,40,14,0.0,pu,1.0e-6,true
cf_vt_clarabel_socp,pre-SOC-electric,physics,40,14,1.3397111016041907e-9,pu,1.0e-6,true
cf_vt_clarabel_socp,3-14,model,40,14,0.0,pu2,1.0e-6,true
cf_vt_clarabel_socp,3-11,model,40,15,5.179301160493e-13,pu2,1.0e-6,true
cf_vt_clarabel_socp,3-12,model,40,15,0.0,pu,1.0e-6,true
cf_vt_clarabel_socp,pre-SOC-electric,physics,40,15,3.87635097978678e-9,pu,1.0e-6,true
cf_vt_clarabel_socp,3-14,model,40,15,0.0,pu2,1.0e-6,true
cf_vt_clarabel_socp,3-11,model,40,16,5.163990776332374e-13,pu2,1.0e-6,true
cf_vt_clarabel_socp,3-12,model,40,16,0.0,pu,1.0e-6,true
cf_vt_clarabel_socp,pre-SOC-electric,physics,40,16,3.0309683079349226e-9,pu,1.0e-6,true
cf_vt_clarabel_socp,3-14,model,40,16,0.0,pu2,1.0e-6,true
cf_vt_clarabel_socp,3-11,model,40,17,2.179337677777567e-9,pu2,1.0e-6,true
cf_vt_clarabel_socp,3-12,model,40,17,0.0,pu,1.0e-6,true
cf_vt_clarabel_socp,pre-SOC-electric,physics,40,17,2.0421100821628457e-8,pu,1.0e-6,true
cf_vt_clarabel_socp,3-14,model,40,17,0.0,pu2,1.0e-6,true
cf_vt_clarabel_socp,3-11,model,40,18,2.198896330614719e-12,pu2,1.0e-6,true
cf_vt_clarabel_socp,3-12,model,40,18,0.0,pu,1.0e-6,true
cf_vt_clarabel_socp,pre-SOC-electric,physics,40,18,3.547465293740615e-9,pu,1.0e-6,true
cf_vt_clarabel_socp,3-14,model,40,18,0.0,pu2,1.0e-6,true
cf_vt_clarabel_socp,3-11,model,40,19,4.859496762131635e-9,pu2,1.0e-6,true
cf_vt_clarabel_socp,3-12,model,40,19,0.0,pu,1.0e-6,true
cf_vt_clarabel_socp,pre-SOC-electric,physics,40,19,1.0351998567387222e-8,pu,1.0e-6,true
cf_vt_clarabel_socp,3-14,model,40,19,0.0,pu2,1.0e-6,true
cf_vt_clarabel_socp,3-11,model,40,20,6.740639036247936e-11,pu2,1.0e-6,true
cf_vt_clarabel_socp,3-12,model,40,20,2.2043818159733775e-10,pu,1.0e-6,true
cf_vt_clarabel_socp,pre-SOC-electric,physics,40,20,2.2043818159733775e-10,pu,1.0e-6,true
cf_vt_clarabel_socp,3-14,model,40,20,0.0,pu2,1.0e-6,true
cf_vt_clarabel_socp,3-11,model,40,21,1.6487387035532882e-10,pu2,1.0e-6,true
cf_vt_clarabel_socp,3-12,model,40,21,0.0,pu,1.0e-6,true
cf_vt_clarabel_socp,pre-SOC-electric,physics,40,21,1.0020809355915095e-9,pu,1.0e-6,true
cf_vt_clarabel_socp,3-14,model,40,21,0.0,pu2,1.0e-6,true
cf_vt_clarabel_socp,3-11,model,40,22,1.5102950676047465e-12,pu2,1.0e-6,true
cf_vt_clarabel_socp,3-12,model,40,22,0.0,pu,1.0e-6,true
cf_vt_clarabel_socp,pre-SOC-electric,physics,40,22,5.440921723581793e-10,pu,1.0e-6,true
cf_vt_clarabel_socp,3-14,model,40,22,0.0,pu2,1.0e-6,true
cf_vt_clarabel_socp,3-11,model,40,23,1.487413589771129e-13,pu2,1.0e-6,true
cf_vt_clarabel_socp,3-12,model,40,23,6.7318451160702786e-12,pu,1.0e-6,true
cf_vt_clarabel_socp,pre-SOC-electric,physics,40,23,6.7318451160702786e-12,pu,1.0e-6,true
cf_vt_clarabel_socp,3-14,model,40,23,0.0,pu2,1.0e-6,true
cf_vt_clarabel_socp,3-11,model,40,24,9.603905777859112e-15,pu2,1.0e-6,true
cf_vt_clarabel_socp,3-12,model,40,24,0.0,pu,1.0e-6,true
cf_vt_clarabel_socp,pre-SOC-electric,physics,40,24,2.225342523101692e-10,pu,1.0e-6,true
cf_vt_clarabel_socp,3-14,model,40,24,0.0,pu2,1.0e-6,true
cf_vt_clarabel_socp,3-11,model,41,1,1.206264151811117e-14,pu2,1.0e-6,true
cf_vt_clarabel_socp,3-12,model,41,1,0.0,pu,1.0e-6,true
cf_vt_clarabel_socp,pre-SOC-electric,physics,41,1,5.704457170302088e-9,pu,1.0e-6,true
cf_vt_clarabel_socp,3-14,model,41,1,0.0,pu2,1.0e-6,true
cf_vt_clarabel_socp,3-11,model,41,2,9.945474619636047e-15,pu2,1.0e-6,true
cf_vt_clarabel_socp,3-12,model,41,2,0.0,pu,1.0e-6,true
cf_vt_clarabel_socp,pre-SOC-electric,physics,41,2,6.804616937354079e-9,pu,1.0e-6,true
cf_vt_clarabel_socp,3-14,model,41,2,0.0,pu2,1.0e-6,true
cf_vt_clarabel_socp,3-11,model,41,3,8.561130557455717e-15,pu2,1.0e-6,true
cf_vt_clarabel_socp,3-12,model,41,3,0.0,pu,1.0e-6,true
cf_vt_clarabel_socp,pre-SOC-electric,physics,41,3,9.667494473979436e-9,pu,1.0e-6,true
cf_vt_clarabel_socp,3-14,model,41,3,0.0,pu2,1.0e-6,true
cf_vt_clarabel_socp,3-11,model,41,4,7.696765198518226e-15,pu2,1.0e-6,true
cf_vt_clarabel_socp,3-12,model,41,4,0.0,pu,1.0e-6,true
cf_vt_clarabel_socp,pre-SOC-electric,physics,41,4,2.1966649345995593e-8,pu,1.0e-6,true
cf_vt_clarabel_socp,3-14,model,41,4,0.0,pu2,1.0e-6,true
cf_vt_clarabel_socp,3-11,model,41,5,8.970086534719566e-15,pu2,1.0e-6,true
cf_vt_clarabel_socp,3-12,model,41,5,0.0,pu,1.0e-6,true
cf_vt_clarabel_socp,pre-SOC-electric,physics,41,5,4.184816713618351e-9,pu,1.0e-6,true
cf_vt_clarabel_socp,3-14,model,41,5,0.0,pu2,1.0e-6,true
cf_vt_clarabel_socp,3-11,model,41,6,2.335569685243434e-15,pu2,1.0e-6,true
cf_vt_clarabel_socp,3-12,model,41,6,1.1603100897141557e-8,pu,1.0e-6,true
cf_vt_clarabel_socp,pre-SOC-electric,physics,41,6,1.1603100897141557e-8,pu,1.0e-6,true
cf_vt_clarabel_socp,3-14,model,41,6,0.0,pu2,1.0e-6,true
cf_vt_clarabel_socp,3-11,model,41,7,4.317085527765201e-15,pu2,1.0e-6,true
cf_vt_clarabel_socp,3-12,model,41,7,0.0,pu,1.0e-6,true
cf_vt_clarabel_socp,pre-SOC-electric,physics,41,7,8.397993897946848e-9,pu,1.0e-6,true
cf_vt_clarabel_socp,3-14,model,41,7,0.0,pu2,1.0e-6,true
cf_vt_clarabel_socp,3-11,model,41,8,6.178805500556793e-15,pu2,1.0e-6,true
cf_vt_clarabel_socp,3-12,model,41,8,0.0,pu,1.0e-6,true
cf_vt_clarabel_socp,pre-SOC-electric,physics,41,8,1.2156307435228896e-8,pu,1.0e-6,true
cf_vt_clarabel_socp,3-14,model,41,8,0.0,pu2,1.0e-6,true
cf_vt_clarabel_socp,3-11,model,41,9,7.446020152724903e-15,pu2,1.0e-6,true
cf_vt_clarabel_socp,3-12,model,41,9,2.184590943148275e-9,pu,1.0e-6,true
cf_vt_clarabel_socp,pre-SOC-electric,physics,41,9,2.184590943148275e-9,pu,1.0e-6,true
cf_vt_clarabel_socp,3-14,model,41,9,0.0,pu2,1.0e-6,true
cf_vt_clarabel_socp,3-11,model,41,10,7.690412027897345e-15,pu2,1.0e-6,true
cf_vt_clarabel_socp,3-12,model,41,10,7.819970196235905e-9,pu,1.0e-6,true
cf_vt_clarabel_socp,pre-SOC-electric,physics,41,10,7.819970196235905e-9,pu,1.0e-6,true
cf_vt_clarabel_socp,3-14,model,41,10,0.0,pu2,1.0e-6,true
cf_vt_clarabel_socp,3-11,model,41,11,7.777187165211759e-15,pu2,1.0e-6,true
cf_vt_clarabel_socp,3-12,model,41,11,3.871631726478329e-9,pu,1.0e-6,true
cf_vt_clarabel_socp,pre-SOC-electric,physics,41,11,3.871631726478329e-9,pu,1.0e-6,true
cf_vt_clarabel_socp,3-14,model,41,11,0.0,pu2,1.0e-6,true
cf_vt_clarabel_socp,3-11,model,41,12,6.896646441597026e-15,pu2,1.0e-6,true
cf_vt_clarabel_socp,3-12,model,41,12,0.0,pu,1.0e-6,true
cf_vt_clarabel_socp,pre-SOC-electric,physics,41,12,4.5669295452126224e-8,pu,1.0e-6,true
cf_vt_clarabel_socp,3-14,model,41,12,0.0,pu2,1.0e-6,true
cf_vt_clarabel_socp,3-11,model,41,13,6.65755275750966e-15,pu2,1.0e-6,true
cf_vt_clarabel_socp,3-12,model,41,13,0.0,pu,1.0e-6,true
cf_vt_clarabel_socp,pre-SOC-electric,physics,41,13,3.242495406110537e-8,pu,1.0e-6,true
cf_vt_clarabel_socp,3-14,model,41,13,0.0,pu2,1.0e-6,true
cf_vt_clarabel_socp,3-11,model,41,14,6.997333248037144e-15,pu2,1.0e-6,true
cf_vt_clarabel_socp,3-12,model,41,14,5.039546921751462e-9,pu,1.0e-6,true
cf_vt_clarabel_socp,pre-SOC-electric,physics,41,14,5.039546921751462e-9,pu,1.0e-6,true
cf_vt_clarabel_socp,3-14,model,41,14,0.0,pu2,1.0e-6,true
cf_vt_clarabel_socp,3-11,model,41,15,7.988800559391353e-15,pu2,1.0e-6,true
cf_vt_clarabel_socp,3-12,model,41,15,9.791517509988301e-10,pu,1.0e-6,true
cf_vt_clarabel_socp,pre-SOC-electric,physics,41,15,9.791517509988301e-10,pu,1.0e-6,true
cf_vt_clarabel_socp,3-14,model,41,15,0.0,pu2,1.0e-6,true
cf_vt_clarabel_socp,3-11,model,41,16,8.797205416119069e-15,pu2,1.0e-6,true
cf_vt_clarabel_socp,3-12,model,41,16,0.0,pu,1.0e-6,true
cf_vt_clarabel_socp,pre-SOC-electric,physics,41,16,2.9868075775239117e-9,pu,1.0e-6,true
cf_vt_clarabel_socp,3-14,model,41,16,0.0,pu2,1.0e-6,true
cf_vt_clarabel_socp,3-11,model,41,17,1.3011940564735744e-14,pu2,1.0e-6,true
cf_vt_clarabel_socp,3-12,model,41,17,4.658637066482516e-8,pu,1.0e-6,true
cf_vt_clarabel_socp,pre-SOC-electric,physics,41,17,4.658637066482516e-8,pu,1.0e-6,true
cf_vt_clarabel_socp,3-14,model,41,17,0.0,pu2,1.0e-6,true
cf_vt_clarabel_socp,3-11,model,41,18,8.945108380137984e-15,pu2,1.0e-6,true
cf_vt_clarabel_socp,3-12,model,41,18,9.782731027921203e-9,pu,1.0e-6,true
cf_vt_clarabel_socp,pre-SOC-electric,physics,41,18,9.782731027921203e-9,pu,1.0e-6,true
cf_vt_clarabel_socp,3-14,model,41,18,0.0,pu2,1.0e-6,true
cf_vt_clarabel_socp,3-11,model,41,19,9.503375090179084e-15,pu2,1.0e-6,true
cf_vt_clarabel_socp,3-12,model,41,19,0.0,pu,1.0e-6,true
cf_vt_clarabel_socp,pre-SOC-electric,physics,41,19,1.508722459507908e-8,pu,1.0e-6,true
cf_vt_clarabel_socp,3-14,model,41,19,0.0,pu2,1.0e-6,true
cf_vt_clarabel_socp,3-11,model,41,20,8.583466816274813e-15,pu2,1.0e-6,true
cf_vt_clarabel_socp,3-12,model,41,20,0.0,pu,1.0e-6,true
cf_vt_clarabel_socp,pre-SOC-electric,physics,41,20,4.094350387900828e-8,pu,1.0e-6,true
cf_vt_clarabel_socp,3-14,model,41,20,0.0,pu2,1.0e-6,true
cf_vt_clarabel_socp,3-11,model,41,21,7.231115188512278e-15,pu2,1.0e-6,true
cf_vt_clarabel_socp,3-12,model,41,21,5.621955886069008e-8,pu,1.0e-6,true
cf_vt_clarabel_socp,pre-SOC-electric,physics,41,21,5.621955886069008e-8,pu,1.0e-6,true
cf_vt_clarabel_socp,3-14,model,41,21,0.0,pu2,1.0e-6,true
cf_vt_clarabel_socp,3-11,model,41,22,1.0178335835297515e-14,pu2,1.0e-6,true
cf_vt_clarabel_socp,3-12,model,41,22,0.0,pu,1.0e-6,true
cf_vt_clarabel_socp,pre-SOC-electric,physics,41,22,1.9465604935168992e-8,pu,1.0e-6,true
cf_vt_clarabel_socp,3-14,model,41,22,0.0,pu2,1.0e-6,true
cf_vt_clarabel_socp,3-11,model,41,23,9.439720564192924e-15,pu2,1.0e-6,true
cf_vt_clarabel_socp,3-12,model,41,23,0.0,pu,1.0e-6,true
cf_vt_clarabel_socp,pre-SOC-electric,physics,41,23,2.7198554428640997e-9,pu,1.0e-6,true
cf_vt_clarabel_socp,3-14,model,41,23,0.0,pu2,1.0e-6,true
cf_vt_clarabel_socp,3-11,model,41,24,8.661616617087337e-15,pu2,1.0e-6,true
cf_vt_clarabel_socp,3-12,model,41,24,0.0,pu,1.0e-6,true
cf_vt_clarabel_socp,pre-SOC-electric,physics,41,24,4.8755910900927756e-9,pu,1.0e-6,true
cf_vt_clarabel_socp,3-14,model,41,24,0.0,pu2,1.0e-6,true
cf_vt_clarabel_socp,3-11,model,42,1,8.900741416400624e-15,pu2,1.0e-6,true
cf_vt_clarabel_socp,3-12,model,42,1,0.0,pu,1.0e-6,true
cf_vt_clarabel_socp,pre-SOC-electric,physics,42,1,3.841532193260902e-10,pu,1.0e-6,true
cf_vt_clarabel_socp,3-14,model,42,1,0.0,pu2,1.0e-6,true
cf_vt_clarabel_socp,3-11,model,42,2,2.5729116046107155e-14,pu2,1.0e-6,true
cf_vt_clarabel_socp,3-12,model,42,2,1.599931224831319e-10,pu,1.0e-6,true
cf_vt_clarabel_socp,pre-SOC-electric,physics,42,2,1.599931224831319e-10,pu,1.0e-6,true
cf_vt_clarabel_socp,3-14,model,42,2,0.0,pu2,1.0e-6,true
cf_vt_clarabel_socp,3-11,model,42,3,3.56568242026141e-14,pu2,1.0e-6,true
cf_vt_clarabel_socp,3-12,model,42,3,0.0,pu,1.0e-6,true
cf_vt_clarabel_socp,pre-SOC-electric,physics,42,3,9.575753501765705e-10,pu,1.0e-6,true
cf_vt_clarabel_socp,3-14,model,42,3,0.0,pu2,1.0e-6,true
cf_vt_clarabel_socp,3-11,model,42,4,4.302820158856547e-14,pu2,1.0e-6,true
cf_vt_clarabel_socp,3-12,model,42,4,0.0,pu,1.0e-6,true
cf_vt_clarabel_socp,pre-SOC-electric,physics,42,4,1.2014378294317174e-10,pu,1.0e-6,true
cf_vt_clarabel_socp,3-14,model,42,4,0.0,pu2,1.0e-6,true
cf_vt_clarabel_socp,3-11,model,42,5,3.380119349674076e-14,pu2,1.0e-6,true
cf_vt_clarabel_socp,3-12,model,42,5,0.0,pu,1.0e-6,true
cf_vt_clarabel_socp,pre-SOC-electric,physics,42,5,2.604489085338002e-9,pu,1.0e-6,true
cf_vt_clarabel_socp,3-14,model,42,5,0.0,pu2,1.0e-6,true
cf_vt_clarabel_socp,3-11,model,42,6,5.476425909300585e-13,pu2,1.0e-6,true
cf_vt_clarabel_socp,3-12,model,42,6,0.0,pu,1.0e-6,true
cf_vt_clarabel_socp,pre-SOC-electric,physics,42,6,7.549742254975289e-10,pu,1.0e-6,true
cf_vt_clarabel_socp,3-14,model,42,6,0.0,pu2,1.0e-6,true
cf_vt_clarabel_socp,3-11,model,42,7,5.42433098170604e-13,pu2,1.0e-6,true
cf_vt_clarabel_socp,3-12,model,42,7,2.312697165718358e-9,pu,1.0e-6,true
cf_vt_clarabel_socp,pre-SOC-electric,physics,42,7,2.312697165718358e-9,pu,1.0e-6,true
cf_vt_clarabel_socp,3-14,model,42,7,0.0,pu2,1.0e-6,true
cf_vt_clarabel_socp,3-11,model,42,8,4.825482656346607e-13,pu2,1.0e-6,true
cf_vt_clarabel_socp,3-12,model,42,8,0.0,pu,1.0e-6,true
cf_vt_clarabel_socp,pre-SOC-electric,physics,42,8,2.4747563824589758e-9,pu,1.0e-6,true
cf_vt_clarabel_socp,3-14,model,42,8,0.0,pu2,1.0e-6,true
cf_vt_clarabel_socp,3-11,model,42,9,1.5086342120721548e-12,pu2,1.0e-6,true
cf_vt_clarabel_socp,3-12,model,42,9,0.0,pu,1.0e-6,true
cf_vt_clarabel_socp,pre-SOC-electric,physics,42,9,3.683215989147559e-9,pu,1.0e-6,true
cf_vt_clarabel_socp,3-14,model,42,9,0.0,pu2,1.0e-6,true
cf_vt_clarabel_socp,3-11,model,42,10,1.5044159181146102e-12,pu2,1.0e-6,true
cf_vt_clarabel_socp,3-12,model,42,10,0.0,pu,1.0e-6,true
cf_vt_clarabel_socp,pre-SOC-electric,physics,42,10,6.959397797628997e-9,pu,1.0e-6,true
cf_vt_clarabel_socp,3-14,model,42,10,0.0,pu2,1.0e-6,true
cf_vt_clarabel_socp,3-11,model,42,11,1.4995341504492614e-12,pu2,1.0e-6,true
cf_vt_clarabel_socp,3-12,model,42,11,0.0,pu,1.0e-6,true
cf_vt_clarabel_socp,pre-SOC-electric,physics,42,11,2.854940475000012e-9,pu,1.0e-6,true
cf_vt_clarabel_socp,3-14,model,42,11,0.0,pu2,1.0e-6,true
cf_vt_clarabel_socp,3-11,model,42,12,1.510867883270327e-12,pu2,1.0e-6,true
cf_vt_clarabel_socp,3-12,model,42,12,1.980718266486603e-9,pu,1.0e-6,true
cf_vt_clarabel_socp,pre-SOC-electric,physics,42,12,1.980718266486603e-9,pu,1.0e-6,true
cf_vt_clarabel_socp,3-14,model,42,12,0.0,pu2,1.0e-6,true
cf_vt_clarabel_socp,3-11,model,42,13,4.883545007287524e-13,pu2,1.0e-6,true
cf_vt_clarabel_socp,3-12,model,42,13,0.0,pu,1.0e-6,true
cf_vt_clarabel_socp,pre-SOC-electric,physics,42,13,3.283528711081618e-9,pu,1.0e-6,true
cf_vt_clarabel_socp,3-14,model,42,13,0.0,pu2,1.0e-6,true
cf_vt_clarabel_socp,3-11,model,42,14,4.59485182243086e-13,pu2,1.0e-6,true
cf_vt_clarabel_socp,3-12,model,42,14,0.0,pu,1.0e-6,true
cf_vt_clarabel_socp,pre-SOC-electric,physics,42,14,5.861904711634836e-10,pu,1.0e-6,true
cf_vt_clarabel_socp,3-14,model,42,14,0.0,pu2,1.0e-6,true
cf_vt_clarabel_socp,3-11,model,42,15,4.478822356698451e-13,pu2,1.0e-6,true
cf_vt_clarabel_socp,3-12,model,42,15,0.0,pu,1.0e-6,true
cf_vt_clarabel_socp,pre-SOC-electric,physics,42,15,3.079218749771351e-9,pu,1.0e-6,true
cf_vt_clarabel_socp,3-14,model,42,15,0.0,pu2,1.0e-6,true
cf_vt_clarabel_socp,3-11,model,42,16,4.622394462433879e-13,pu2,1.0e-6,true
cf_vt_clarabel_socp,3-12,model,42,16,0.0,pu,1.0e-6,true
cf_vt_clarabel_socp,pre-SOC-electric,physics,42,16,2.0134419114609114e-9,pu,1.0e-6,true
cf_vt_clarabel_socp,3-14,model,42,16,0.0,pu2,1.0e-6,true
cf_vt_clarabel_socp,3-11,model,42,17,1.314726239122848e-9,pu2,1.0e-6,true
cf_vt_clarabel_socp,3-12,model,42,17,0.0,pu,1.0e-6,true
cf_vt_clarabel_socp,pre-SOC-electric,physics,42,17,1.9951229496620315e-8,pu,1.0e-6,true
cf_vt_clarabel_socp,3-14,model,42,17,0.0,pu2,1.0e-6,true
cf_vt_clarabel_socp,3-11,model,42,18,1.6478165428768991e-12,pu2,1.0e-6,true
cf_vt_clarabel_socp,3-12,model,42,18,0.0,pu,1.0e-6,true
cf_vt_clarabel_socp,pre-SOC-electric,physics,42,18,4.894873156108259e-9,pu,1.0e-6,true
cf_vt_clarabel_socp,3-14,model,42,18,0.0,pu2,1.0e-6,true
cf_vt_clarabel_socp,3-11,model,42,19,2.705315146040234e-9,pu2,1.0e-6,true
cf_vt_clarabel_socp,3-12,model,42,19,0.0,pu,1.0e-6,true
cf_vt_clarabel_socp,pre-SOC-electric,physics,42,19,9.63796378816717e-9,pu,1.0e-6,true
cf_vt_clarabel_socp,3-14,model,42,19,0.0,pu2,1.0e-6,true
cf_vt_clarabel_socp,3-11,model,42,20,3.715377485175226e-11,pu2,1.0e-6,true
cf_vt_clarabel_socp,3-12,model,42,20,0.0,pu,1.0e-6,true
cf_vt_clarabel_socp,pre-SOC-electric,physics,42,20,7.713343418841445e-10,pu,1.0e-6,true
cf_vt_clarabel_socp,3-14,model,42,20,0.0,pu2,1.0e-6,true
cf_vt_clarabel_socp,3-11,model,42,21,9.17370173927601e-11,pu2,1.0e-6,true
cf_vt_clarabel_socp,3-12,model,42,21,0.0,pu,1.0e-6,true
cf_vt_clarabel_socp,pre-SOC-electric,physics,42,21,3.014070102877464e-9,pu,1.0e-6,true
cf_vt_clarabel_socp,3-14,model,42,21,0.0,pu2,1.0e-6,true
cf_vt_clarabel_socp,3-11,model,42,22,9.01087532900284e-13,pu2,1.0e-6,true
cf_vt_clarabel_socp,3-12,model,42,22,3.447532094871808e-10,pu,1.0e-6,true
cf_vt_clarabel_socp,pre-SOC-electric,physics,42,22,3.447532094871808e-10,pu,1.0e-6,true
cf_vt_clarabel_socp,3-14,model,42,22,0.0,pu2,1.0e-6,true
cf_vt_clarabel_socp,3-11,model,42,23,5.149848489781285e-14,pu2,1.0e-6,true
cf_vt_clarabel_socp,3-12,model,42,23,2.684053075283077e-10,pu,1.0e-6,true
cf_vt_clarabel_socp,pre-SOC-electric,physics,42,23,2.684053075283077e-10,pu,1.0e-6,true
cf_vt_clarabel_socp,3-14,model,42,23,0.0,pu2,1.0e-6,true
cf_vt_clarabel_socp,3-11,model,42,24,2.3195633777545524e-14,pu2,1.0e-6,true
cf_vt_clarabel_socp,3-12,model,42,24,0.0,pu,1.0e-6,true
cf_vt_clarabel_socp,pre-SOC-electric,physics,42,24,2.9339838111125394e-10,pu,1.0e-6,true
cf_vt_clarabel_socp,3-14,model,42,24,0.0,pu2,1.0e-6,true
cf_vt_clarabel_socp,3-11,model,43,1,6.1391321449035164e-15,pu2,1.0e-6,true
cf_vt_clarabel_socp,3-12,model,43,1,0.0,pu,1.0e-6,true
cf_vt_clarabel_socp,pre-SOC-electric,physics,43,1,7.196597207048683e-10,pu,1.0e-6,true
cf_vt_clarabel_socp,3-14,model,43,1,0.0,pu2,1.0e-6,true
cf_vt_clarabel_socp,3-11,model,43,2,3.1442884735572254e-15,pu2,1.0e-6,true
cf_vt_clarabel_socp,3-12,model,43,2,5.059046449991389e-10,pu,1.0e-6,true
cf_vt_clarabel_socp,pre-SOC-electric,physics,43,2,5.059046449991389e-10,pu,1.0e-6,true
cf_vt_clarabel_socp,3-14,model,43,2,0.0,pu2,1.0e-6,true
cf_vt_clarabel_socp,3-11,model,43,3,1.059650498992865e-15,pu2,1.0e-6,true
cf_vt_clarabel_socp,3-12,model,43,3,0.0,pu,1.0e-6,true
cf_vt_clarabel_socp,pre-SOC-electric,physics,43,3,5.429165654373402e-10,pu,1.0e-6,true
cf_vt_clarabel_socp,3-14,model,43,3,0.0,pu2,1.0e-6,true
cf_vt_clarabel_socp,3-11,model,43,4,1.9756048230993532e-16,pu2,1.0e-6,true
cf_vt_clarabel_socp,3-12,model,43,4,0.0,pu,1.0e-6,true
cf_vt_clarabel_socp,pre-SOC-electric,physics,43,4,1.236316378265545e-9,pu,1.0e-6,true
cf_vt_clarabel_socp,3-14,model,43,4,0.0,pu2,1.0e-6,true
cf_vt_clarabel_socp,3-11,model,43,5,1.7298844826282617e-15,pu2,1.0e-6,true
cf_vt_clarabel_socp,3-12,model,43,5,0.0,pu,1.0e-6,true
cf_vt_clarabel_socp,pre-SOC-electric,physics,43,5,2.0586646901077366e-9,pu,1.0e-6,true
cf_vt_clarabel_socp,3-14,model,43,5,0.0,pu2,1.0e-6,true
cf_vt_clarabel_socp,3-11,model,43,6,1.1445564887025729e-14,pu2,1.0e-6,true
cf_vt_clarabel_socp,3-12,model,43,6,0.0,pu,1.0e-6,true
cf_vt_clarabel_socp,pre-SOC-electric,physics,43,6,5.635004001608435e-9,pu,1.0e-6,true
cf_vt_clarabel_socp,3-14,model,43,6,0.0,pu2,1.0e-6,true
cf_vt_clarabel_socp,3-11,model,43,7,1.0076464029764188e-14,pu2,1.0e-6,true
cf_vt_clarabel_socp,3-12,model,43,7,8.090144734684834e-10,pu,1.0e-6,true
cf_vt_clarabel_socp,pre-SOC-electric,physics,43,7,8.090144734684834e-10,pu,1.0e-6,true
cf_vt_clarabel_socp,3-14,model,43,7,0.0,pu2,1.0e-6,true
cf_vt_clarabel_socp,3-11,model,43,8,8.389382768938646e-15,pu2,1.0e-6,true
cf_vt_clarabel_socp,3-12,model,43,8,0.0,pu,1.0e-6,true
cf_vt_clarabel_socp,pre-SOC-electric,physics,43,8,2.0682669257809927e-9,pu,1.0e-6,true
cf_vt_clarabel_socp,3-14,model,43,8,0.0,pu2,1.0e-6,true
cf_vt_clarabel_socp,3-11,model,43,9,1.1999002662234533e-14,pu2,1.0e-6,true
cf_vt_clarabel_socp,3-12,model,43,9,2.875912889777066e-9,pu,1.0e-6,true
cf_vt_clarabel_socp,pre-SOC-electric,physics,43,9,2.875912889777066e-9,pu,1.0e-6,true
cf_vt_clarabel_socp,3-14,model,43,9,0.0,pu2,1.0e-6,true
cf_vt_clarabel_socp,3-11,model,43,10,8.302746545027582e-15,pu2,1.0e-6,true
cf_vt_clarabel_socp,3-12,model,43,10,0.0,pu,1.0e-6,true
cf_vt_clarabel_socp,pre-SOC-electric,physics,43,10,3.472803673104652e-9,pu,1.0e-6,true
cf_vt_clarabel_socp,3-14,model,43,10,0.0,pu2,1.0e-6,true
cf_vt_clarabel_socp,3-11,model,43,11,1.0013974174080502e-14,pu2,1.0e-6,true
cf_vt_clarabel_socp,3-12,model,43,11,0.0,pu,1.0e-6,true
cf_vt_clarabel_socp,pre-SOC-electric,physics,43,11,8.056954169805008e-9,pu,1.0e-6,true
cf_vt_clarabel_socp,3-14,model,43,11,0.0,pu2,1.0e-6,true
cf_vt_clarabel_socp,3-11,model,43,12,6.2119558290134845e-15,pu2,1.0e-6,true
cf_vt_clarabel_socp,3-12,model,43,12,1.5076838076610866e-9,pu,1.0e-6,true
cf_vt_clarabel_socp,pre-SOC-electric,physics,43,12,1.5076838076610866e-9,pu,1.0e-6,true
cf_vt_clarabel_socp,3-14,model,43,12,0.0,pu2,1.0e-6,true
cf_vt_clarabel_socp,3-11,model,43,13,7.995202434406701e-15,pu2,1.0e-6,true
cf_vt_clarabel_socp,3-12,model,43,13,0.0,pu,1.0e-6,true
cf_vt_clarabel_socp,pre-SOC-electric,physics,43,13,2.287643210280299e-9,pu,1.0e-6,true
cf_vt_clarabel_socp,3-14,model,43,13,0.0,pu2,1.0e-6,true
cf_vt_clarabel_socp,3-11,model,43,14,6.600931569601025e-15,pu2,1.0e-6,true
cf_vt_clarabel_socp,3-12,model,43,14,8.924384009567632e-10,pu,1.0e-6,true
cf_vt_clarabel_socp,pre-SOC-electric,physics,43,14,8.924384009567632e-10,pu,1.0e-6,true
cf_vt_clarabel_socp,3-14,model,43,14,0.0,pu2,1.0e-6,true
cf_vt_clarabel_socp,3-11,model,43,15,5.91961257166403e-15,pu2,1.0e-6,true
cf_vt_clarabel_socp,3-12,model,43,15,0.0,pu,1.0e-6,true
cf_vt_clarabel_socp,pre-SOC-electric,physics,43,15,1.684301590559878e-9,pu,1.0e-6,true
cf_vt_clarabel_socp,3-14,model,43,15,0.0,pu2,1.0e-6,true
cf_vt_clarabel_socp,3-11,model,43,16,5.701091623799576e-15,pu2,1.0e-6,true
cf_vt_clarabel_socp,3-12,model,43,16,0.0,pu,1.0e-6,true
cf_vt_clarabel_socp,pre-SOC-electric,physics,43,16,6.521054252139891e-9,pu,1.0e-6,true
cf_vt_clarabel_socp,3-14,model,43,16,0.0,pu2,1.0e-6,true
cf_vt_clarabel_socp,3-11,model,43,17,7.704109567093984e-13,pu2,1.0e-6,true
cf_vt_clarabel_socp,3-12,model,43,17,0.0,pu,1.0e-6,true
cf_vt_clarabel_socp,pre-SOC-electric,physics,43,17,1.5522916365501294e-8,pu,1.0e-6,true
cf_vt_clarabel_socp,3-14,model,43,17,0.0,pu2,1.0e-6,true
cf_vt_clarabel_socp,3-11,model,43,18,7.876724547942453e-15,pu2,1.0e-6,true
cf_vt_clarabel_socp,3-12,model,43,18,3.001144575909276e-9,pu,1.0e-6,true
cf_vt_clarabel_socp,pre-SOC-electric,physics,43,18,3.001144575909276e-9,pu,1.0e-6,true
cf_vt_clarabel_socp,3-14,model,43,18,0.0,pu2,1.0e-6,true
cf_vt_clarabel_socp,3-11,model,43,19,1.2851479693528744e-12,pu2,1.0e-6,true
cf_vt_clarabel_socp,3-12,model,43,19,0.0,pu,1.0e-6,true
cf_vt_clarabel_socp,pre-SOC-electric,physics,43,19,9.649968241154383e-9,pu,1.0e-6,true
cf_vt_clarabel_socp,3-14,model,43,19,0.0,pu2,1.0e-6,true
cf_vt_clarabel_socp,3-11,model,43,20,7.844765910139254e-14,pu2,1.0e-6,true
cf_vt_clarabel_socp,3-12,model,43,20,4.206316683852407e-10,pu,1.0e-6,true
cf_vt_clarabel_socp,pre-SOC-electric,physics,43,20,4.206316683852407e-10,pu,1.0e-6,true
cf_vt_clarabel_socp,3-14,model,43,20,0.0,pu2,1.0e-6,true
cf_vt_clarabel_socp,3-11,model,43,21,5.885349411321236e-14,pu2,1.0e-6,true
cf_vt_clarabel_socp,3-12,model,43,21,0.0,pu,1.0e-6,true
cf_vt_clarabel_socp,pre-SOC-electric,physics,43,21,1.014296577284135e-9,pu,1.0e-6,true
cf_vt_clarabel_socp,3-14,model,43,21,0.0,pu2,1.0e-6,true
cf_vt_clarabel_socp,3-11,model,43,22,1.2337852263552985e-15,pu2,1.0e-6,true
cf_vt_clarabel_socp,3-12,model,43,22,0.0,pu,1.0e-6,true
cf_vt_clarabel_socp,pre-SOC-electric,physics,43,22,2.079589914334712e-9,pu,1.0e-6,true
cf_vt_clarabel_socp,3-14,model,43,22,0.0,pu2,1.0e-6,true
cf_vt_clarabel_socp,3-11,model,43,23,8.630312820455659e-17,pu2,1.0e-6,true
cf_vt_clarabel_socp,3-12,model,43,23,0.0,pu,1.0e-6,true
cf_vt_clarabel_socp,pre-SOC-electric,physics,43,23,1.7882459749096746e-9,pu,1.0e-6,true
cf_vt_clarabel_socp,3-14,model,43,23,0.0,pu2,1.0e-6,true
cf_vt_clarabel_socp,3-11,model,43,24,3.7630073956482733e-16,pu2,1.0e-6,true
cf_vt_clarabel_socp,3-12,model,43,24,0.0,pu,1.0e-6,true
cf_vt_clarabel_socp,pre-SOC-electric,physics,43,24,3.467161531836571e-10,pu,1.0e-6,true
cf_vt_clarabel_socp,3-14,model,43,24,0.0,pu2,1.0e-6,true
cf_vt_clarabel_socp,R2-grid-bounds,model,1,1,0.0,MW,6.1e-5,true
cf_vt_clarabel_socp,R2-grid-bounds,model,1,2,0.0,MW,6.1e-5,true
cf_vt_clarabel_socp,R2-grid-bounds,model,1,3,0.0,MW,6.1e-5,true
cf_vt_clarabel_socp,R2-grid-bounds,model,1,4,0.0,MW,6.1e-5,true
cf_vt_clarabel_socp,R2-grid-bounds,model,1,5,0.0,MW,6.1e-5,true
cf_vt_clarabel_socp,R2-grid-bounds,model,1,6,0.0,MW,6.1e-5,true
cf_vt_clarabel_socp,R2-grid-bounds,model,1,7,0.0,MW,6.1e-5,true
cf_vt_clarabel_socp,R2-grid-bounds,model,1,8,0.0,MW,6.1e-5,true
cf_vt_clarabel_socp,R2-grid-bounds,model,1,9,0.0,MW,6.1e-5,true
cf_vt_clarabel_socp,R2-grid-bounds,model,1,10,0.0,MW,6.1e-5,true
cf_vt_clarabel_socp,R2-grid-bounds,model,1,11,0.0,MW,6.1e-5,true
cf_vt_clarabel_socp,R2-grid-bounds,model,1,12,0.0,MW,6.1e-5,true
cf_vt_clarabel_socp,R2-grid-bounds,model,1,13,0.0,MW,6.1e-5,true
cf_vt_clarabel_socp,R2-grid-bounds,model,1,14,0.0,MW,6.1e-5,true
cf_vt_clarabel_socp,R2-grid-bounds,model,1,15,0.0,MW,6.1e-5,true
cf_vt_clarabel_socp,R2-grid-bounds,model,1,16,0.0,MW,6.1e-5,true
cf_vt_clarabel_socp,R2-grid-bounds,model,1,17,0.0,MW,6.1e-5,true
cf_vt_clarabel_socp,R2-grid-bounds,model,1,18,0.0,MW,6.1e-5,true
cf_vt_clarabel_socp,R2-grid-bounds,model,1,19,0.0,MW,6.1e-5,true
cf_vt_clarabel_socp,R2-grid-bounds,model,1,20,0.0,MW,6.1e-5,true
cf_vt_clarabel_socp,R2-grid-bounds,model,1,21,0.0,MW,6.1e-5,true
cf_vt_clarabel_socp,R2-grid-bounds,model,1,22,0.0,MW,6.1e-5,true
cf_vt_clarabel_socp,R2-grid-bounds,model,1,23,0.0,MW,6.1e-5,true
cf_vt_clarabel_socp,R2-grid-bounds,model,1,24,0.0,MW,6.1e-5,true
cf_vt_clarabel_socp,3-21,model,1,1,0.0,kg/s,2.947222222222222e-5,true
cf_vt_clarabel_socp,3-43,model,1,1,0.0,kg/s,2.947222222222222e-5,true
cf_vt_clarabel_socp,3-17,model,1,1,4.303224443447107e-13,MW,6.1e-5,true
cf_vt_clarabel_socp,3-17-original,physics,1,1,4.303224443447107e-13,MW,6.1e-5,true
cf_vt_clarabel_socp,3-19:20,model,1,1,4.32542890393961e-13,MW,6.1e-5,true
cf_vt_clarabel_socp,3-37,model,1,1,5.684341886080802e-14,K,0.0001,true
cf_vt_clarabel_socp,3-41,model,1,1,0.0,K,0.0001,true
cf_vt_clarabel_socp,3-41,model,1,1,0.0,K,0.0001,true
cf_vt_clarabel_socp,3-24,model,1,1,0.0,kPa,0.005199261864978687,true
cf_vt_clarabel_socp,3-41,model,1,1,0.0,K,0.0001,true
cf_vt_clarabel_socp,3-41,model,1,1,0.0,K,0.0001,true
cf_vt_clarabel_socp,3-24,model,1,1,0.0,kPa,0.005199261864978687,true
cf_vt_clarabel_socp,3-24-order,model,1,1,0.0,normalized,1.0e-6,true
cf_vt_clarabel_socp,3-21,model,1,2,0.0,kg/s,2.947222222222222e-5,true
cf_vt_clarabel_socp,3-43,model,1,2,0.0,kg/s,2.947222222222222e-5,true
cf_vt_clarabel_socp,3-17,model,1,2,3.517186542012496e-13,MW,6.1e-5,true
cf_vt_clarabel_socp,3-17-original,physics,1,2,3.517186542012496e-13,MW,6.1e-5,true
cf_vt_clarabel_socp,3-19:20,model,1,2,3.588240815588506e-13,MW,6.1e-5,true
cf_vt_clarabel_socp,3-37,model,1,2,0.0,K,0.0001,true
cf_vt_clarabel_socp,3-41,model,1,2,0.0,K,0.0001,true
cf_vt_clarabel_socp,3-41,model,1,2,0.0,K,0.0001,true
cf_vt_clarabel_socp,3-24,model,1,2,0.0,kPa,0.005199261864978687,true
cf_vt_clarabel_socp,3-41,model,1,2,0.0,K,0.0001,true
cf_vt_clarabel_socp,3-41,model,1,2,0.0,K,0.0001,true
cf_vt_clarabel_socp,3-24,model,1,2,0.0,kPa,0.005199261864978687,true
cf_vt_clarabel_socp,3-24-order,model,1,2,0.0,normalized,1.0e-6,true
cf_vt_clarabel_socp,3-21,model,1,3,0.0,kg/s,2.947222222222222e-5,true
cf_vt_clarabel_socp,3-43,model,1,3,0.0,kg/s,2.947222222222222e-5,true
cf_vt_clarabel_socp,3-17,model,1,3,3.339550858072471e-13,MW,6.1e-5,true
cf_vt_clarabel_socp,3-17-original,physics,1,3,3.339550858072471e-13,MW,6.1e-5,true
cf_vt_clarabel_socp,3-19:20,model,1,3,3.348432642269472e-13,MW,6.1e-5,true
cf_vt_clarabel_socp,3-37,model,1,3,0.0,K,0.0001,true
cf_vt_clarabel_socp,3-41,model,1,3,0.0,K,0.0001,true
cf_vt_clarabel_socp,3-41,model,1,3,0.0,K,0.0001,true
cf_vt_clarabel_socp,3-24,model,1,3,0.0,kPa,0.005199261864978687,true
cf_vt_clarabel_socp,3-41,model,1,3,0.0,K,0.0001,true
cf_vt_clarabel_socp,3-41,model,1,3,0.0,K,0.0001,true
cf_vt_clarabel_socp,3-24,model,1,3,0.0,kPa,0.005199261864978687,true
cf_vt_clarabel_socp,3-24-order,model,1,3,0.0,normalized,1.0e-6,true
cf_vt_clarabel_socp,3-21,model,1,4,0.0,kg/s,2.947222222222222e-5,true
cf_vt_clarabel_socp,3-43,model,1,4,0.0,kg/s,2.947222222222222e-5,true
cf_vt_clarabel_socp,3-17,model,1,4,2.611244553918368e-13,MW,6.1e-5,true
cf_vt_clarabel_socp,3-17-original,physics,1,4,2.611244553918368e-13,MW,6.1e-5,true
cf_vt_clarabel_socp,3-19:20,model,1,4,3.2507330161024584e-13,MW,6.1e-5,true
cf_vt_clarabel_socp,3-37,model,1,4,0.0,K,0.0001,true
cf_vt_clarabel_socp,3-41,model,1,4,0.0,K,0.0001,true
cf_vt_clarabel_socp,3-41,model,1,4,0.0,K,0.0001,true
cf_vt_clarabel_socp,3-24,model,1,4,0.0,kPa,0.005199261864978687,true
cf_vt_clarabel_socp,3-41,model,1,4,0.0,K,0.0001,true
cf_vt_clarabel_socp,3-41,model,1,4,0.0,K,0.0001,true
cf_vt_clarabel_socp,3-24,model,1,4,0.0,kPa,0.005199261864978687,true
cf_vt_clarabel_socp,3-24-order,model,1,4,0.0,normalized,1.0e-6,true
cf_vt_clarabel_socp,3-21,model,1,5,0.0,kg/s,2.947222222222222e-5,true
cf_vt_clarabel_socp,3-43,model,1,5,0.0,kg/s,2.947222222222222e-5,true
cf_vt_clarabel_socp,3-17,model,1,5,3.090860900556436e-13,MW,6.1e-5,true
cf_vt_clarabel_socp,3-17-original,physics,1,5,3.090860900556436e-13,MW,6.1e-5,true
cf_vt_clarabel_socp,3-19:20,model,1,5,4.014566457044566e-13,MW,6.1e-5,true
cf_vt_clarabel_socp,3-37,model,1,5,5.684341886080802e-14,K,0.0001,true
cf_vt_clarabel_socp,3-41,model,1,5,0.0,K,0.0001,true
cf_vt_clarabel_socp,3-41,model,1,5,0.0,K,0.0001,true
cf_vt_clarabel_socp,3-24,model,1,5,0.0,kPa,0.005199261864978687,true
cf_vt_clarabel_socp,3-41,model,1,5,0.0,K,0.0001,true
cf_vt_clarabel_socp,3-41,model,1,5,0.0,K,0.0001,true
cf_vt_clarabel_socp,3-24,model,1,5,0.0,kPa,0.005199261864978687,true
cf_vt_clarabel_socp,3-24-order,model,1,5,0.0,normalized,1.0e-6,true
cf_vt_clarabel_socp,3-21,model,1,6,0.0,kg/s,2.947222222222222e-5,true
cf_vt_clarabel_socp,3-43,model,1,6,0.0,kg/s,2.947222222222222e-5,true
cf_vt_clarabel_socp,3-17,model,1,6,1.509903313490213e-13,MW,6.1e-5,true
cf_vt_clarabel_socp,3-17-original,physics,1,6,1.509903313490213e-13,MW,6.1e-5,true
cf_vt_clarabel_socp,3-19:20,model,1,6,1.580957587066223e-13,MW,6.1e-5,true
cf_vt_clarabel_socp,3-37,model,1,6,0.0,K,0.0001,true
cf_vt_clarabel_socp,3-41,model,1,6,0.0,K,0.0001,true
cf_vt_clarabel_socp,3-41,model,1,6,0.0,K,0.0001,true
cf_vt_clarabel_socp,3-24,model,1,6,0.0,kPa,0.005199261864978687,true
cf_vt_clarabel_socp,3-41,model,1,6,0.0,K,0.0001,true
cf_vt_clarabel_socp,3-41,model,1,6,0.0,K,0.0001,true
cf_vt_clarabel_socp,3-24,model,1,6,0.0,kPa,0.005199261864978687,true
cf_vt_clarabel_socp,3-24-order,model,1,6,0.0,normalized,1.0e-6,true
cf_vt_clarabel_socp,3-21,model,1,7,0.0,kg/s,2.947222222222222e-5,true
cf_vt_clarabel_socp,3-43,model,1,7,0.0,kg/s,2.947222222222222e-5,true
cf_vt_clarabel_socp,3-17,model,1,7,7.274181257344026e-13,MW,6.1e-5,true
cf_vt_clarabel_socp,3-17-original,physics,1,7,7.274181257344026e-13,MW,6.1e-5,true
cf_vt_clarabel_socp,3-19:20,model,1,7,7.336353746723034e-13,MW,6.1e-5,true
cf_vt_clarabel_socp,3-37,model,1,7,5.684341886080802e-14,K,0.0001,true
cf_vt_clarabel_socp,3-41,model,1,7,0.0,K,0.0001,true
cf_vt_clarabel_socp,3-41,model,1,7,0.0,K,0.0001,true
cf_vt_clarabel_socp,3-24,model,1,7,0.0,kPa,0.005199261864978687,true
cf_vt_clarabel_socp,3-41,model,1,7,0.0,K,0.0001,true
cf_vt_clarabel_socp,3-41,model,1,7,0.0,K,0.0001,true
cf_vt_clarabel_socp,3-24,model,1,7,0.0,kPa,0.005199261864978687,true
cf_vt_clarabel_socp,3-24-order,model,1,7,0.0,normalized,1.0e-6,true
cf_vt_clarabel_socp,3-21,model,1,8,0.0,kg/s,2.947222222222222e-5,true
cf_vt_clarabel_socp,3-43,model,1,8,0.0,kg/s,2.947222222222222e-5,true
cf_vt_clarabel_socp,3-17,model,1,8,1.361577517400292e-12,MW,6.1e-5,true
cf_vt_clarabel_socp,3-17-original,physics,1,8,1.361577517400292e-12,MW,6.1e-5,true
cf_vt_clarabel_socp,3-19:20,model,1,8,1.3624656958199921e-12,MW,6.1e-5,true
cf_vt_clarabel_socp,3-37,model,1,8,0.0,K,0.0001,true
cf_vt_clarabel_socp,3-41,model,1,8,0.0,K,0.0001,true
cf_vt_clarabel_socp,3-41,model,1,8,0.0,K,0.0001,true
cf_vt_clarabel_socp,3-24,model,1,8,0.0,kPa,0.005199261864978687,true
cf_vt_clarabel_socp,3-41,model,1,8,0.0,K,0.0001,true
cf_vt_clarabel_socp,3-41,model,1,8,0.0,K,0.0001,true
cf_vt_clarabel_socp,3-24,model,1,8,0.0,kPa,0.005199261864978687,true
cf_vt_clarabel_socp,3-24-order,model,1,8,0.0,normalized,1.0e-6,true
cf_vt_clarabel_socp,3-21,model,1,9,0.0,kg/s,2.947222222222222e-5,true
cf_vt_clarabel_socp,3-43,model,1,9,0.0,kg/s,2.947222222222222e-5,true
cf_vt_clarabel_socp,3-17,model,1,9,1.7603696278456482e-12,MW,6.1e-5,true
cf_vt_clarabel_socp,3-17-original,physics,1,9,1.7603696278456482e-12,MW,6.1e-5,true
cf_vt_clarabel_socp,3-19:20,model,1,9,1.7577050925865478e-12,MW,6.1e-5,true
cf_vt_clarabel_socp,3-37,model,1,9,0.0,K,0.0001,true
cf_vt_clarabel_socp,3-41,model,1,9,0.0,K,0.0001,true
cf_vt_clarabel_socp,3-41,model,1,9,0.0,K,0.0001,true
cf_vt_clarabel_socp,3-24,model,1,9,0.0,kPa,0.005199261864978687,true
cf_vt_clarabel_socp,3-41,model,1,9,0.0,K,0.0001,true
cf_vt_clarabel_socp,3-41,model,1,9,0.0,K,0.0001,true
cf_vt_clarabel_socp,3-24,model,1,9,0.0,kPa,0.005199261864978687,true
cf_vt_clarabel_socp,3-24-order,model,1,9,0.0,normalized,1.0e-6,true
cf_vt_clarabel_socp,3-21,model,1,10,0.0,kg/s,2.947222222222222e-5,true
cf_vt_clarabel_socp,3-43,model,1,10,0.0,kg/s,2.947222222222222e-5,true
cf_vt_clarabel_socp,3-17,model,1,10,7.780442956573097e-13,MW,6.1e-5,true
cf_vt_clarabel_socp,3-17-original,physics,1,10,7.780442956573097e-13,MW,6.1e-5,true
cf_vt_clarabel_socp,3-19:20,model,1,10,7.709388682997087e-13,MW,6.1e-5,true
cf_vt_clarabel_socp,3-37,model,1,10,0.0,K,0.0001,true
cf_vt_clarabel_socp,3-41,model,1,10,0.0,K,0.0001,true
cf_vt_clarabel_socp,3-41,model,1,10,0.0,K,0.0001,true
cf_vt_clarabel_socp,3-24,model,1,10,0.0,kPa,0.005199261864978687,true
cf_vt_clarabel_socp,3-41,model,1,10,0.0,K,0.0001,true
cf_vt_clarabel_socp,3-41,model,1,10,0.0,K,0.0001,true
cf_vt_clarabel_socp,3-24,model,1,10,0.0,kPa,0.005199261864978687,true
cf_vt_clarabel_socp,3-24-order,model,1,10,0.0,normalized,1.0e-6,true
cf_vt_clarabel_socp,3-21,model,1,11,0.0,kg/s,2.947222222222222e-5,true
cf_vt_clarabel_socp,3-43,model,1,11,0.0,kg/s,2.947222222222222e-5,true
cf_vt_clarabel_socp,3-17,model,1,11,5.254463530945941e-12,MW,6.1e-5,true
cf_vt_clarabel_socp,3-17-original,physics,1,11,5.254463530945941e-12,MW,6.1e-5,true
cf_vt_clarabel_socp,3-19:20,model,1,11,5.257128066205041e-12,MW,6.1e-5,true
cf_vt_clarabel_socp,3-37,model,1,11,5.684341886080802e-14,K,0.0001,true
cf_vt_clarabel_socp,3-41,model,1,11,0.0,K,0.0001,true
cf_vt_clarabel_socp,3-41,model,1,11,0.0,K,0.0001,true
cf_vt_clarabel_socp,3-24,model,1,11,0.0,kPa,0.005199261864978687,true
cf_vt_clarabel_socp,3-41,model,1,11,0.0,K,0.0001,true
cf_vt_clarabel_socp,3-41,model,1,11,0.0,K,0.0001,true
cf_vt_clarabel_socp,3-24,model,1,11,0.0,kPa,0.005199261864978687,true
cf_vt_clarabel_socp,3-24-order,model,1,11,0.0,normalized,1.0e-6,true
cf_vt_clarabel_socp,3-21,model,1,12,0.0,kg/s,2.947222222222222e-5,true
cf_vt_clarabel_socp,3-43,model,1,12,0.0,kg/s,2.947222222222222e-5,true
cf_vt_clarabel_socp,3-17,model,1,12,3.943956272678406e-11,MW,6.1e-5,true
cf_vt_clarabel_socp,3-17-original,physics,1,12,3.943956272678406e-11,MW,6.1e-5,true
cf_vt_clarabel_socp,3-19:20,model,1,12,3.941469373103246e-11,MW,6.1e-5,true
cf_vt_clarabel_socp,3-37,model,1,12,3.410605131648481e-13,K,0.0001,true
cf_vt_clarabel_socp,3-41,model,1,12,0.0,K,0.0001,true
cf_vt_clarabel_socp,3-41,model,1,12,0.0,K,0.0001,true
cf_vt_clarabel_socp,3-24,model,1,12,0.0,kPa,0.005199261864978687,true
cf_vt_clarabel_socp,3-41,model,1,12,0.0,K,0.0001,true
cf_vt_clarabel_socp,3-41,model,1,12,0.0,K,0.0001,true
cf_vt_clarabel_socp,3-24,model,1,12,0.0,kPa,0.005199261864978687,true
cf_vt_clarabel_socp,3-24-order,model,1,12,0.0,normalized,1.0e-6,true
cf_vt_clarabel_socp,3-21,model,1,13,0.0,kg/s,2.947222222222222e-5,true
cf_vt_clarabel_socp,3-43,model,1,13,0.0,kg/s,2.947222222222222e-5,true
cf_vt_clarabel_socp,3-17,model,1,13,1.6626700016786344e-12,MW,6.1e-5,true
cf_vt_clarabel_socp,3-17-original,physics,1,13,1.6626700016786344e-12,MW,6.1e-5,true
cf_vt_clarabel_socp,3-19:20,model,1,13,1.7497114868092467e-12,MW,6.1e-5,true
cf_vt_clarabel_socp,3-37,model,1,13,0.0,K,0.0001,true
cf_vt_clarabel_socp,3-41,model,1,13,0.0,K,0.0001,true
cf_vt_clarabel_socp,3-41,model,1,13,0.0,K,0.0001,true
cf_vt_clarabel_socp,3-24,model,1,13,0.0,kPa,0.005199261864978687,true
cf_vt_clarabel_socp,3-41,model,1,13,0.0,K,0.0001,true
cf_vt_clarabel_socp,3-41,model,1,13,0.0,K,0.0001,true
cf_vt_clarabel_socp,3-24,model,1,13,0.0,kPa,0.005199261864978687,true
cf_vt_clarabel_socp,3-24-order,model,1,13,0.0,normalized,1.0e-6,true
cf_vt_clarabel_socp,3-21,model,1,14,0.0,kg/s,2.947222222222222e-5,true
cf_vt_clarabel_socp,3-43,model,1,14,0.0,kg/s,2.947222222222222e-5,true
cf_vt_clarabel_socp,3-17,model,1,14,1.765698698363849e-12,MW,6.1e-5,true
cf_vt_clarabel_socp,3-17-original,physics,1,14,1.765698698363849e-12,MW,6.1e-5,true
cf_vt_clarabel_socp,3-19:20,model,1,14,1.758593271006248e-12,MW,6.1e-5,true
cf_vt_clarabel_socp,3-37,model,1,14,0.0,K,0.0001,true
cf_vt_clarabel_socp,3-41,model,1,14,0.0,K,0.0001,true
cf_vt_clarabel_socp,3-41,model,1,14,0.0,K,0.0001,true
cf_vt_clarabel_socp,3-24,model,1,14,0.0,kPa,0.005199261864978687,true
cf_vt_clarabel_socp,3-41,model,1,14,0.0,K,0.0001,true
cf_vt_clarabel_socp,3-41,model,1,14,0.0,K,0.0001,true
cf_vt_clarabel_socp,3-24,model,1,14,0.0,kPa,0.005199261864978687,true
cf_vt_clarabel_socp,3-24-order,model,1,14,0.0,normalized,1.0e-6,true
cf_vt_clarabel_socp,3-21,model,1,15,0.0,kg/s,2.947222222222222e-5,true
cf_vt_clarabel_socp,3-43,model,1,15,0.0,kg/s,2.947222222222222e-5,true
cf_vt_clarabel_socp,3-17,model,1,15,1.751487843648647e-12,MW,6.1e-5,true
cf_vt_clarabel_socp,3-17-original,physics,1,15,1.751487843648647e-12,MW,6.1e-5,true
cf_vt_clarabel_socp,3-19:20,model,1,15,1.765698698363849e-12,MW,6.1e-5,true
cf_vt_clarabel_socp,3-37,model,1,15,5.684341886080802e-14,K,0.0001,true
cf_vt_clarabel_socp,3-41,model,1,15,0.0,K,0.0001,true
cf_vt_clarabel_socp,3-41,model,1,15,0.0,K,0.0001,true
cf_vt_clarabel_socp,3-24,model,1,15,0.0,kPa,0.005199261864978687,true
cf_vt_clarabel_socp,3-41,model,1,15,0.0,K,0.0001,true
cf_vt_clarabel_socp,3-41,model,1,15,0.0,K,0.0001,true
cf_vt_clarabel_socp,3-24,model,1,15,0.0,kPa,0.005199261864978687,true
cf_vt_clarabel_socp,3-24-order,model,1,15,0.0,normalized,1.0e-6,true
cf_vt_clarabel_socp,3-21,model,1,16,0.0,kg/s,2.947222222222222e-5,true
cf_vt_clarabel_socp,3-43,model,1,16,0.0,kg/s,2.947222222222222e-5,true
cf_vt_clarabel_socp,3-17,model,1,16,1.7577050925865478e-12,MW,6.1e-5,true
cf_vt_clarabel_socp,3-17-original,physics,1,16,1.7577050925865478e-12,MW,6.1e-5,true
cf_vt_clarabel_socp,3-19:20,model,1,16,1.886490963443066e-12,MW,6.1e-5,true
cf_vt_clarabel_socp,3-37,model,1,16,0.0,K,0.0001,true
cf_vt_clarabel_socp,3-41,model,1,16,0.0,K,0.0001,true
cf_vt_clarabel_socp,3-41,model,1,16,0.0,K,0.0001,true
cf_vt_clarabel_socp,3-24,model,1,16,0.0,kPa,0.005199261864978687,true
cf_vt_clarabel_socp,3-41,model,1,16,0.0,K,0.0001,true
cf_vt_clarabel_socp,3-41,model,1,16,0.0,K,0.0001,true
cf_vt_clarabel_socp,3-24,model,1,16,0.0,kPa,0.005199261864978687,true
cf_vt_clarabel_socp,3-24-order,model,1,16,0.0,normalized,1.0e-6,true
cf_vt_clarabel_socp,3-21,model,1,17,0.0,kg/s,2.947222222222222e-5,true
cf_vt_clarabel_socp,3-43,model,1,17,0.0,kg/s,2.947222222222222e-5,true
cf_vt_clarabel_socp,3-17,model,1,17,1.5652883433858733e-9,MW,6.1e-5,true
cf_vt_clarabel_socp,3-17-original,physics,1,17,1.5652883433858733e-9,MW,6.1e-5,true
cf_vt_clarabel_socp,3-19:20,model,1,17,1.3343974814006287e-9,MW,6.1e-5,true
cf_vt_clarabel_socp,3-37,model,1,17,1.4381384971784428e-11,K,0.0001,true
cf_vt_clarabel_socp,3-41,model,1,17,0.0,K,0.0001,true
cf_vt_clarabel_socp,3-41,model,1,17,0.0,K,0.0001,true
cf_vt_clarabel_socp,3-24,model,1,17,0.0,kPa,0.005199261864978687,true
cf_vt_clarabel_socp,3-41,model,1,17,0.0,K,0.0001,true
cf_vt_clarabel_socp,3-41,model,1,17,0.0,K,0.0001,true
cf_vt_clarabel_socp,3-24,model,1,17,0.0,kPa,0.005199261864978687,true
cf_vt_clarabel_socp,3-24-order,model,1,17,0.0,normalized,1.0e-6,true
cf_vt_clarabel_socp,3-21,model,1,18,0.0,kg/s,2.947222222222222e-5,true
cf_vt_clarabel_socp,3-43,model,1,18,0.0,kg/s,2.947222222222222e-5,true
cf_vt_clarabel_socp,3-17,model,1,18,2.47037412748341e-9,MW,6.1e-5,true
cf_vt_clarabel_socp,3-17-original,physics,1,18,2.47037412748341e-9,MW,6.1e-5,true
cf_vt_clarabel_socp,3-19:20,model,1,18,2.4697239808801896e-9,MW,6.1e-5,true
cf_vt_clarabel_socp,3-37,model,1,18,1.6200374375330284e-11,K,0.0001,true
cf_vt_clarabel_socp,3-41,model,1,18,0.0,K,0.0001,true
cf_vt_clarabel_socp,3-41,model,1,18,0.0,K,0.0001,true
cf_vt_clarabel_socp,3-24,model,1,18,0.0,kPa,0.005199261864978687,true
cf_vt_clarabel_socp,3-41,model,1,18,0.0,K,0.0001,true
cf_vt_clarabel_socp,3-41,model,1,18,0.0,K,0.0001,true
cf_vt_clarabel_socp,3-24,model,1,18,0.0,kPa,0.005199261864978687,true
cf_vt_clarabel_socp,3-24-order,model,1,18,0.0,normalized,1.0e-6,true
cf_vt_clarabel_socp,3-21,model,1,19,0.0,kg/s,2.947222222222222e-5,true
cf_vt_clarabel_socp,3-43,model,1,19,0.0,kg/s,2.947222222222222e-5,true
cf_vt_clarabel_socp,3-17,model,1,19,2.0979946668830962e-9,MW,6.1e-5,true
cf_vt_clarabel_socp,3-17-original,physics,1,19,2.0979946668830962e-9,MW,6.1e-5,true
cf_vt_clarabel_socp,3-19:20,model,1,19,2.0223307473088425e-9,MW,6.1e-5,true
cf_vt_clarabel_socp,3-37,model,1,19,1.5120349416974932e-11,K,0.0001,true
cf_vt_clarabel_socp,3-41,model,1,19,0.0,K,0.0001,true
cf_vt_clarabel_socp,3-41,model,1,19,0.0,K,0.0001,true
cf_vt_clarabel_socp,3-24,model,1,19,0.0,kPa,0.005199261864978687,true
cf_vt_clarabel_socp,3-41,model,1,19,0.0,K,0.0001,true
cf_vt_clarabel_socp,3-41,model,1,19,0.0,K,0.0001,true
cf_vt_clarabel_socp,3-24,model,1,19,0.0,kPa,0.005199261864978687,true
cf_vt_clarabel_socp,3-24-order,model,1,19,0.0,normalized,1.0e-6,true
cf_vt_clarabel_socp,3-21,model,1,20,0.0,kg/s,2.947222222222222e-5,true
cf_vt_clarabel_socp,3-43,model,1,20,0.0,kg/s,2.947222222222222e-5,true
cf_vt_clarabel_socp,3-17,model,1,20,2.8396840434652404e-11,MW,6.1e-5,true
cf_vt_clarabel_socp,3-17-original,physics,1,20,2.8396840434652404e-11,MW,6.1e-5,true
cf_vt_clarabel_socp,3-19:20,model,1,20,2.900168993846819e-11,MW,6.1e-5,true
cf_vt_clarabel_socp,3-37,model,1,20,3.979039320256561e-13,K,0.0001,true
cf_vt_clarabel_socp,3-41,model,1,20,0.0,K,0.0001,true
cf_vt_clarabel_socp,3-41,model,1,20,0.0,K,0.0001,true
cf_vt_clarabel_socp,3-24,model,1,20,0.0,kPa,0.005199261864978687,true
cf_vt_clarabel_socp,3-41,model,1,20,0.0,K,0.0001,true
cf_vt_clarabel_socp,3-41,model,1,20,0.0,K,0.0001,true
cf_vt_clarabel_socp,3-24,model,1,20,0.0,kPa,0.005199261864978687,true
cf_vt_clarabel_socp,3-24-order,model,1,20,0.0,normalized,1.0e-6,true
cf_vt_clarabel_socp,3-21,model,1,21,0.0,kg/s,2.947222222222222e-5,true
cf_vt_clarabel_socp,3-43,model,1,21,0.0,kg/s,2.947222222222222e-5,true
cf_vt_clarabel_socp,3-17,model,1,21,8.136957774240727e-11,MW,6.1e-5,true
cf_vt_clarabel_socp,3-17-original,physics,1,21,8.136957774240727e-11,MW,6.1e-5,true
cf_vt_clarabel_socp,3-19:20,model,1,21,8.72697469844752e-11,MW,6.1e-5,true
cf_vt_clarabel_socp,3-37,model,1,21,4.547473508864641e-13,K,0.0001,true
cf_vt_clarabel_socp,3-41,model,1,21,0.0,K,0.0001,true
cf_vt_clarabel_socp,3-41,model,1,21,0.0,K,0.0001,true
cf_vt_clarabel_socp,3-24,model,1,21,0.0,kPa,0.005199261864978687,true
cf_vt_clarabel_socp,3-41,model,1,21,0.0,K,0.0001,true
cf_vt_clarabel_socp,3-41,model,1,21,0.0,K,0.0001,true
cf_vt_clarabel_socp,3-24,model,1,21,0.0,kPa,0.005199261864978687,true
cf_vt_clarabel_socp,3-24-order,model,1,21,0.0,normalized,1.0e-6,true
cf_vt_clarabel_socp,3-21,model,1,22,0.0,kg/s,2.947222222222222e-5,true
cf_vt_clarabel_socp,3-43,model,1,22,0.0,kg/s,2.947222222222222e-5,true
cf_vt_clarabel_socp,3-17,model,1,22,1.723066134218243e-12,MW,6.1e-5,true
cf_vt_clarabel_socp,3-17-original,physics,1,22,1.723066134218243e-12,MW,6.1e-5,true
cf_vt_clarabel_socp,3-19:20,model,1,22,1.3500311979441904e-12,MW,6.1e-5,true
cf_vt_clarabel_socp,3-37,model,1,22,5.684341886080802e-14,K,0.0001,true
cf_vt_clarabel_socp,3-41,model,1,22,0.0,K,0.0001,true
cf_vt_clarabel_socp,3-41,model,1,22,0.0,K,0.0001,true
cf_vt_clarabel_socp,3-24,model,1,22,0.0,kPa,0.005199261864978687,true
cf_vt_clarabel_socp,3-41,model,1,22,0.0,K,0.0001,true
cf_vt_clarabel_socp,3-41,model,1,22,0.0,K,0.0001,true
cf_vt_clarabel_socp,3-24,model,1,22,0.0,kPa,0.005199261864978687,true
cf_vt_clarabel_socp,3-24-order,model,1,22,0.0,normalized,1.0e-6,true
cf_vt_clarabel_socp,3-21,model,1,23,0.0,kg/s,2.947222222222222e-5,true
cf_vt_clarabel_socp,3-43,model,1,23,0.0,kg/s,2.947222222222222e-5,true
cf_vt_clarabel_socp,3-17,model,1,23,2.0250467969162855e-13,MW,6.1e-5,true
cf_vt_clarabel_socp,3-17-original,physics,1,23,2.0250467969162855e-13,MW,6.1e-5,true
cf_vt_clarabel_socp,3-19:20,model,1,23,1.8562928971732617e-13,MW,6.1e-5,true
cf_vt_clarabel_socp,3-37,model,1,23,0.0,K,0.0001,true
cf_vt_clarabel_socp,3-41,model,1,23,0.0,K,0.0001,true
cf_vt_clarabel_socp,3-41,model,1,23,0.0,K,0.0001,true
cf_vt_clarabel_socp,3-24,model,1,23,0.0,kPa,0.005199261864978687,true
cf_vt_clarabel_socp,3-41,model,1,23,0.0,K,0.0001,true
cf_vt_clarabel_socp,3-41,model,1,23,0.0,K,0.0001,true
cf_vt_clarabel_socp,3-24,model,1,23,0.0,kPa,0.005199261864978687,true
cf_vt_clarabel_socp,3-24-order,model,1,23,0.0,normalized,1.0e-6,true
cf_vt_clarabel_socp,3-21,model,1,24,0.0,kg/s,2.947222222222222e-5,true
cf_vt_clarabel_socp,3-43,model,1,24,0.0,kg/s,2.947222222222222e-5,true
cf_vt_clarabel_socp,3-17,model,1,24,2.824407374646398e-13,MW,6.1e-5,true
cf_vt_clarabel_socp,3-17-original,physics,1,24,2.824407374646398e-13,MW,6.1e-5,true
cf_vt_clarabel_socp,3-19:20,model,1,24,2.815525590449397e-13,MW,6.1e-5,true
cf_vt_clarabel_socp,3-37,model,1,24,0.0,K,0.0001,true
cf_vt_clarabel_socp,3-41,model,1,24,0.0,K,0.0001,true
cf_vt_clarabel_socp,3-41,model,1,24,0.0,K,0.0001,true
cf_vt_clarabel_socp,3-24,model,1,24,0.0,kPa,0.005199261864978687,true
cf_vt_clarabel_socp,3-41,model,1,24,0.0,K,0.0001,true
cf_vt_clarabel_socp,3-41,model,1,24,0.0,K,0.0001,true
cf_vt_clarabel_socp,3-24,model,1,24,0.0,kPa,0.005199261864978687,true
cf_vt_clarabel_socp,3-24-order,model,1,24,0.0,normalized,1.0e-6,true
cf_vt_clarabel_socp,3-21,model,2,1,0.0,kg/s,2.947222222222222e-5,true
cf_vt_clarabel_socp,3-43,model,2,1,0.0,kg/s,2.947222222222222e-5,true
cf_vt_clarabel_socp,3-17,model,2,1,1.2886913758336505e-13,MW,6.1e-5,true
cf_vt_clarabel_socp,3-17-original,physics,2,1,1.2886913758336505e-13,MW,6.1e-5,true
cf_vt_clarabel_socp,3-19:20,model,2,1,1.289246487345963e-13,MW,6.1e-5,true
cf_vt_clarabel_socp,3-38,model,2,1,0.0,K,0.0001,true
cf_vt_clarabel_socp,3-41,model,2,1,0.0,K,0.0001,true
cf_vt_clarabel_socp,3-41,model,2,1,0.0,K,0.0001,true
cf_vt_clarabel_socp,3-24,model,2,1,0.0,kPa,0.005199261864978687,true
cf_vt_clarabel_socp,3-41,model,2,1,0.0,K,0.0001,true
cf_vt_clarabel_socp,3-41,model,2,1,0.0,K,0.0001,true
cf_vt_clarabel_socp,3-24,model,2,1,0.0,kPa,0.005199261864978687,true
cf_vt_clarabel_socp,3-24-order,model,2,1,0.0,normalized,1.0e-6,true
cf_vt_clarabel_socp,3-21,model,2,2,0.0,kg/s,2.947222222222222e-5,true
cf_vt_clarabel_socp,3-43,model,2,2,0.0,kg/s,2.947222222222222e-5,true
cf_vt_clarabel_socp,3-17,model,2,2,1.1762812945903534e-13,MW,6.1e-5,true
cf_vt_clarabel_socp,3-17-original,physics,2,2,1.1762812945903534e-13,MW,6.1e-5,true
cf_vt_clarabel_socp,3-19:20,model,2,2,1.1751710715657282e-13,MW,6.1e-5,true
cf_vt_clarabel_socp,3-38,model,2,2,3.296918293926865e-12,K,0.0001,true
cf_vt_clarabel_socp,3-41,model,2,2,0.0,K,0.0001,true
cf_vt_clarabel_socp,3-41,model,2,2,0.0,K,0.0001,true
cf_vt_clarabel_socp,3-24,model,2,2,0.0,kPa,0.005199261864978687,true
cf_vt_clarabel_socp,3-41,model,2,2,0.0,K,0.0001,true
cf_vt_clarabel_socp,3-41,model,2,2,0.0,K,0.0001,true
cf_vt_clarabel_socp,3-24,model,2,2,0.0,kPa,0.005199261864978687,true
cf_vt_clarabel_socp,3-24-order,model,2,2,0.0,normalized,1.0e-6,true
cf_vt_clarabel_socp,3-21,model,2,3,0.0,kg/s,2.947222222222222e-5,true
cf_vt_clarabel_socp,3-43,model,2,3,0.0,kg/s,2.947222222222222e-5,true
cf_vt_clarabel_socp,3-17,model,2,3,2.4452662117369073e-14,MW,6.1e-5,true
cf_vt_clarabel_socp,3-17-original,physics,2,3,2.4452662117369073e-14,MW,6.1e-5,true
cf_vt_clarabel_socp,3-19:20,model,2,3,2.4424906541753444e-14,MW,6.1e-5,true
cf_vt_clarabel_socp,3-38,model,2,3,5.684341886080802e-14,K,0.0001,true
cf_vt_clarabel_socp,3-41,model,2,3,0.0,K,0.0001,true
cf_vt_clarabel_socp,3-41,model,2,3,0.0,K,0.0001,true
cf_vt_clarabel_socp,3-24,model,2,3,0.0,kPa,0.005199261864978687,true
cf_vt_clarabel_socp,3-41,model,2,3,0.0,K,0.0001,true
cf_vt_clarabel_socp,3-41,model,2,3,0.0,K,0.0001,true
cf_vt_clarabel_socp,3-24,model,2,3,0.0,kPa,0.005199261864978687,true
cf_vt_clarabel_socp,3-24-order,model,2,3,0.0,normalized,1.0e-6,true
cf_vt_clarabel_socp,3-21,model,2,4,0.0,kg/s,2.947222222222222e-5,true
cf_vt_clarabel_socp,3-43,model,2,4,0.0,kg/s,2.947222222222222e-5,true
cf_vt_clarabel_socp,3-17,model,2,4,1.6667223157185163e-13,MW,6.1e-5,true
cf_vt_clarabel_socp,3-17-original,physics,2,4,1.6667223157185163e-13,MW,6.1e-5,true
cf_vt_clarabel_socp,3-19:20,model,2,4,1.6669998714746725e-13,MW,6.1e-5,true
cf_vt_clarabel_socp,3-38,model,2,4,0.0,K,0.0001,true
cf_vt_clarabel_socp,3-41,model,2,4,0.0,K,0.0001,true
cf_vt_clarabel_socp,3-41,model,2,4,0.0,K,0.0001,true
cf_vt_clarabel_socp,3-24,model,2,4,0.0,kPa,0.005199261864978687,true
cf_vt_clarabel_socp,3-41,model,2,4,0.0,K,0.0001,true
cf_vt_clarabel_socp,3-41,model,2,4,0.0,K,0.0001,true
cf_vt_clarabel_socp,3-24,model,2,4,0.0,kPa,0.005199261864978687,true
cf_vt_clarabel_socp,3-24-order,model,2,4,0.0,normalized,1.0e-6,true
cf_vt_clarabel_socp,3-21,model,2,5,0.0,kg/s,2.947222222222222e-5,true
cf_vt_clarabel_socp,3-43,model,2,5,0.0,kg/s,2.947222222222222e-5,true
cf_vt_clarabel_socp,3-17,model,2,5,1.597333376679444e-13,MW,6.1e-5,true
cf_vt_clarabel_socp,3-17-original,physics,2,5,1.597333376679444e-13,MW,6.1e-5,true
cf_vt_clarabel_socp,3-19:20,model,2,5,1.5967782651671314e-13,MW,6.1e-5,true
cf_vt_clarabel_socp,3-38,model,2,5,1.7621459846850485e-12,K,0.0001,true
cf_vt_clarabel_socp,3-41,model,2,5,0.0,K,0.0001,true
cf_vt_clarabel_socp,3-41,model,2,5,0.0,K,0.0001,true
cf_vt_clarabel_socp,3-24,model,2,5,0.0,kPa,0.005199261864978687,true
cf_vt_clarabel_socp,3-41,model,2,5,0.0,K,0.0001,true
cf_vt_clarabel_socp,3-41,model,2,5,0.0,K,0.0001,true
cf_vt_clarabel_socp,3-24,model,2,5,0.0,kPa,0.005199261864978687,true
cf_vt_clarabel_socp,3-24-order,model,2,5,0.0,normalized,1.0e-6,true
cf_vt_clarabel_socp,3-21,model,2,6,0.0,kg/s,2.947222222222222e-5,true
cf_vt_clarabel_socp,3-43,model,2,6,0.0,kg/s,2.947222222222222e-5,true
cf_vt_clarabel_socp,3-17,model,2,6,2.1815882433884326e-14,MW,6.1e-5,true
cf_vt_clarabel_socp,3-17-original,physics,2,6,2.1815882433884326e-14,MW,6.1e-5,true
cf_vt_clarabel_socp,3-19:20,model,2,6,2.1788126858268697e-14,MW,6.1e-5,true
cf_vt_clarabel_socp,3-38,model,2,6,0.0,K,0.0001,true
cf_vt_clarabel_socp,3-41,model,2,6,0.0,K,0.0001,true
cf_vt_clarabel_socp,3-41,model,2,6,0.0,K,0.0001,true
cf_vt_clarabel_socp,3-24,model,2,6,0.0,kPa,0.005199261864978687,true
cf_vt_clarabel_socp,3-41,model,2,6,0.0,K,0.0001,true
cf_vt_clarabel_socp,3-41,model,2,6,0.0,K,0.0001,true
cf_vt_clarabel_socp,3-24,model,2,6,0.0,kPa,0.005199261864978687,true
cf_vt_clarabel_socp,3-24-order,model,2,6,0.0,normalized,1.0e-6,true
cf_vt_clarabel_socp,3-21,model,2,7,0.0,kg/s,2.947222222222222e-5,true
cf_vt_clarabel_socp,3-43,model,2,7,0.0,kg/s,2.947222222222222e-5,true
cf_vt_clarabel_socp,3-17,model,2,7,7.786271627452379e-13,MW,6.1e-5,true
cf_vt_clarabel_socp,3-17-original,physics,2,7,7.786271627452379e-13,MW,6.1e-5,true
cf_vt_clarabel_socp,3-19:20,model,2,7,7.787381850477004e-13,MW,6.1e-5,true
cf_vt_clarabel_socp,3-38,model,2,7,0.0,K,0.0001,true
cf_vt_clarabel_socp,3-41,model,2,7,0.0,K,0.0001,true
cf_vt_clarabel_socp,3-41,model,2,7,0.0,K,0.0001,true
cf_vt_clarabel_socp,3-24,model,2,7,0.0,kPa,0.005199261864978687,true
cf_vt_clarabel_socp,3-41,model,2,7,0.0,K,0.0001,true
cf_vt_clarabel_socp,3-41,model,2,7,0.0,K,0.0001,true
cf_vt_clarabel_socp,3-24,model,2,7,0.0,kPa,0.005199261864978687,true
cf_vt_clarabel_socp,3-24-order,model,2,7,0.0,normalized,1.0e-6,true
cf_vt_clarabel_socp,3-21,model,2,8,0.0,kg/s,2.947222222222222e-5,true
cf_vt_clarabel_socp,3-43,model,2,8,0.0,kg/s,2.947222222222222e-5,true
cf_vt_clarabel_socp,3-17,model,2,8,1.2504441926353138e-12,MW,6.1e-5,true
cf_vt_clarabel_socp,3-17-original,physics,2,8,1.2504441926353138e-12,MW,6.1e-5,true
cf_vt_clarabel_socp,3-19:20,model,2,8,1.250582970513392e-12,MW,6.1e-5,true
cf_vt_clarabel_socp,3-38,model,2,8,0.0,K,0.0001,true
cf_vt_clarabel_socp,3-41,model,2,8,0.0,K,0.0001,true
cf_vt_clarabel_socp,3-41,model,2,8,0.0,K,0.0001,true
cf_vt_clarabel_socp,3-24,model,2,8,0.0,kPa,0.005199261864978687,true
cf_vt_clarabel_socp,3-41,model,2,8,0.0,K,0.0001,true
cf_vt_clarabel_socp,3-41,model,2,8,0.0,K,0.0001,true
cf_vt_clarabel_socp,3-24,model,2,8,0.0,kPa,0.005199261864978687,true
cf_vt_clarabel_socp,3-24-order,model,2,8,0.0,normalized,1.0e-6,true
cf_vt_clarabel_socp,3-21,model,2,9,0.0,kg/s,2.947222222222222e-5,true
cf_vt_clarabel_socp,3-43,model,2,9,0.0,kg/s,2.947222222222222e-5,true
cf_vt_clarabel_socp,3-17,model,2,9,1.5063505998114124e-12,MW,6.1e-5,true
cf_vt_clarabel_socp,3-17-original,physics,2,9,1.5063505998114124e-12,MW,6.1e-5,true
cf_vt_clarabel_socp,3-19:20,model,2,9,1.5063505998114124e-12,MW,6.1e-5,true
cf_vt_clarabel_socp,3-38,model,2,9,0.0,K,0.0001,true
cf_vt_clarabel_socp,3-41,model,2,9,0.0,K,0.0001,true
cf_vt_clarabel_socp,3-41,model,2,9,0.0,K,0.0001,true
cf_vt_clarabel_socp,3-24,model,2,9,0.0,kPa,0.005199261864978687,true
cf_vt_clarabel_socp,3-41,model,2,9,0.0,K,0.0001,true
cf_vt_clarabel_socp,3-41,model,2,9,0.0,K,0.0001,true
cf_vt_clarabel_socp,3-24,model,2,9,0.0,kPa,0.005199261864978687,true
cf_vt_clarabel_socp,3-24-order,model,2,9,0.0,normalized,1.0e-6,true
cf_vt_clarabel_socp,3-21,model,2,10,0.0,kg/s,2.947222222222222e-5,true
cf_vt_clarabel_socp,3-43,model,2,10,0.0,kg/s,2.947222222222222e-5,true
cf_vt_clarabel_socp,3-17,model,2,10,7.335798635210722e-14,MW,6.1e-5,true
cf_vt_clarabel_socp,3-17-original,physics,2,10,7.335798635210722e-14,MW,6.1e-5,true
cf_vt_clarabel_socp,3-19:20,model,2,10,7.321920847402907e-14,MW,6.1e-5,true
cf_vt_clarabel_socp,3-38,model,2,10,0.0,K,0.0001,true
cf_vt_clarabel_socp,3-41,model,2,10,0.0,K,0.0001,true
cf_vt_clarabel_socp,3-41,model,2,10,0.0,K,0.0001,true
cf_vt_clarabel_socp,3-24,model,2,10,0.0,kPa,0.005199261864978687,true
cf_vt_clarabel_socp,3-41,model,2,10,0.0,K,0.0001,true
cf_vt_clarabel_socp,3-41,model,2,10,0.0,K,0.0001,true
cf_vt_clarabel_socp,3-24,model,2,10,0.0,kPa,0.005199261864978687,true
cf_vt_clarabel_socp,3-24-order,model,2,10,0.0,normalized,1.0e-6,true
cf_vt_clarabel_socp,3-21,model,2,11,0.0,kg/s,2.947222222222222e-5,true
cf_vt_clarabel_socp,3-43,model,2,11,0.0,kg/s,2.947222222222222e-5,true
cf_vt_clarabel_socp,3-17,model,2,11,2.6056934387952424e-12,MW,6.1e-5,true
cf_vt_clarabel_socp,3-17-original,physics,2,11,2.6056934387952424e-12,MW,6.1e-5,true
cf_vt_clarabel_socp,3-19:20,model,2,11,2.605721194370858e-12,MW,6.1e-5,true
cf_vt_clarabel_socp,3-38,model,2,11,0.0,K,0.0001,true
cf_vt_clarabel_socp,3-41,model,2,11,0.0,K,0.0001,true
cf_vt_clarabel_socp,3-41,model,2,11,0.0,K,0.0001,true
cf_vt_clarabel_socp,3-24,model,2,11,0.0,kPa,0.005199261864978687,true
cf_vt_clarabel_socp,3-41,model,2,11,0.0,K,0.0001,true
cf_vt_clarabel_socp,3-41,model,2,11,0.0,K,0.0001,true
cf_vt_clarabel_socp,3-24,model,2,11,0.0,kPa,0.005199261864978687,true
cf_vt_clarabel_socp,3-24-order,model,2,11,0.0,normalized,1.0e-6,true
cf_vt_clarabel_socp,3-21,model,2,12,0.0,kg/s,2.947222222222222e-5,true
cf_vt_clarabel_socp,3-43,model,2,12,0.0,kg/s,2.947222222222222e-5,true
cf_vt_clarabel_socp,3-17,model,2,12,3.36002614620412e-11,MW,6.1e-5,true
cf_vt_clarabel_socp,3-17-original,physics,2,12,3.36002614620412e-11,MW,6.1e-5,true
cf_vt_clarabel_socp,3-19:20,model,2,12,3.35999006395582e-11,MW,6.1e-5,true
cf_vt_clarabel_socp,3-38,model,2,12,1.1368683772161603e-13,K,0.0001,true
cf_vt_clarabel_socp,3-41,model,2,12,0.0,K,0.0001,true
cf_vt_clarabel_socp,3-41,model,2,12,0.0,K,0.0001,true
cf_vt_clarabel_socp,3-24,model,2,12,0.0,kPa,0.005199261864978687,true
cf_vt_clarabel_socp,3-41,model,2,12,0.0,K,0.0001,true
cf_vt_clarabel_socp,3-41,model,2,12,0.0,K,0.0001,true
cf_vt_clarabel_socp,3-24,model,2,12,0.0,kPa,0.005199261864978687,true
cf_vt_clarabel_socp,3-24-order,model,2,12,0.0,normalized,1.0e-6,true
cf_vt_clarabel_socp,3-21,model,2,13,0.0,kg/s,2.947222222222222e-5,true
cf_vt_clarabel_socp,3-43,model,2,13,0.0,kg/s,2.947222222222222e-5,true
cf_vt_clarabel_socp,3-17,model,2,13,3.0381530624623565e-12,MW,6.1e-5,true
cf_vt_clarabel_socp,3-17-original,physics,2,13,3.0381530624623565e-12,MW,6.1e-5,true
cf_vt_clarabel_socp,3-19:20,model,2,13,3.038180818037972e-12,MW,6.1e-5,true
cf_vt_clarabel_socp,3-38,model,2,13,0.0,K,0.0001,true
cf_vt_clarabel_socp,3-41,model,2,13,0.0,K,0.0001,true
cf_vt_clarabel_socp,3-41,model,2,13,0.0,K,0.0001,true
cf_vt_clarabel_socp,3-24,model,2,13,0.0,kPa,0.005199261864978687,true
cf_vt_clarabel_socp,3-41,model,2,13,0.0,K,0.0001,true
cf_vt_clarabel_socp,3-41,model,2,13,0.0,K,0.0001,true
cf_vt_clarabel_socp,3-24,model,2,13,0.0,kPa,0.005199261864978687,true
cf_vt_clarabel_socp,3-24-order,model,2,13,0.0,normalized,1.0e-6,true
cf_vt_clarabel_socp,3-21,model,2,14,0.0,kg/s,2.947222222222222e-5,true
cf_vt_clarabel_socp,3-43,model,2,14,0.0,kg/s,2.947222222222222e-5,true
cf_vt_clarabel_socp,3-17,model,2,14,3.3467673077325344e-12,MW,6.1e-5,true
cf_vt_clarabel_socp,3-17-original,physics,2,14,3.3467673077325344e-12,MW,6.1e-5,true
cf_vt_clarabel_socp,3-19:20,model,2,14,3.346711796581303e-12,MW,6.1e-5,true
cf_vt_clarabel_socp,3-38,model,2,14,0.0,K,0.0001,true
cf_vt_clarabel_socp,3-41,model,2,14,0.0,K,0.0001,true
cf_vt_clarabel_socp,3-41,model,2,14,0.0,K,0.0001,true
cf_vt_clarabel_socp,3-24,model,2,14,0.0,kPa,0.005199261864978687,true
cf_vt_clarabel_socp,3-41,model,2,14,0.0,K,0.0001,true
cf_vt_clarabel_socp,3-41,model,2,14,0.0,K,0.0001,true
cf_vt_clarabel_socp,3-24,model,2,14,0.0,kPa,0.005199261864978687,true
cf_vt_clarabel_socp,3-24-order,model,2,14,0.0,normalized,1.0e-6,true
cf_vt_clarabel_socp,3-21,model,2,15,0.0,kg/s,2.947222222222222e-5,true
cf_vt_clarabel_socp,3-43,model,2,15,0.0,kg/s,2.947222222222222e-5,true
cf_vt_clarabel_socp,3-17,model,2,15,3.0463964684201983e-12,MW,6.1e-5,true
cf_vt_clarabel_socp,3-17-original,physics,2,15,3.0463964684201983e-12,MW,6.1e-5,true
cf_vt_clarabel_socp,3-19:20,model,2,15,3.0463687128445827e-12,MW,6.1e-5,true
cf_vt_clarabel_socp,3-38,model,2,15,0.0,K,0.0001,true
cf_vt_clarabel_socp,3-41,model,2,15,0.0,K,0.0001,true
cf_vt_clarabel_socp,3-41,model,2,15,0.0,K,0.0001,true
cf_vt_clarabel_socp,3-24,model,2,15,0.0,kPa,0.005199261864978687,true
cf_vt_clarabel_socp,3-41,model,2,15,0.0,K,0.0001,true
cf_vt_clarabel_socp,3-41,model,2,15,0.0,K,0.0001,true
cf_vt_clarabel_socp,3-24,model,2,15,0.0,kPa,0.005199261864978687,true
cf_vt_clarabel_socp,3-24-order,model,2,15,0.0,normalized,1.0e-6,true
cf_vt_clarabel_socp,3-21,model,2,16,0.0,kg/s,2.947222222222222e-5,true
cf_vt_clarabel_socp,3-43,model,2,16,0.0,kg/s,2.947222222222222e-5,true
cf_vt_clarabel_socp,3-17,model,2,16,2.453349745579203e-10,MW,6.1e-5,true
cf_vt_clarabel_socp,3-17-original,physics,2,16,2.453349745579203e-10,MW,6.1e-5,true
cf_vt_clarabel_socp,3-19:20,model,2,16,2.4533042264351934e-10,MW,6.1e-5,true
cf_vt_clarabel_socp,3-38,model,2,16,9.663381206337363e-13,K,0.0001,true
cf_vt_clarabel_socp,3-41,model,2,16,0.0,K,0.0001,true
cf_vt_clarabel_socp,3-41,model,2,16,0.0,K,0.0001,true
cf_vt_clarabel_socp,3-24,model,2,16,0.0,kPa,0.005199261864978687,true
cf_vt_clarabel_socp,3-41,model,2,16,0.0,K,0.0001,true
cf_vt_clarabel_socp,3-41,model,2,16,0.0,K,0.0001,true
cf_vt_clarabel_socp,3-24,model,2,16,0.0,kPa,0.005199261864978687,true
cf_vt_clarabel_socp,3-24-order,model,2,16,0.0,normalized,1.0e-6,true
cf_vt_clarabel_socp,3-21,model,2,17,0.0,kg/s,2.947222222222222e-5,true
cf_vt_clarabel_socp,3-43,model,2,17,0.0,kg/s,2.947222222222222e-5,true
cf_vt_clarabel_socp,3-17,model,2,17,1.6433160943130076e-9,MW,6.1e-5,true
cf_vt_clarabel_socp,3-17-original,physics,2,17,1.6433160943130076e-9,MW,6.1e-5,true
cf_vt_clarabel_socp,3-19:20,model,2,17,1.6432870897364893e-9,MW,6.1e-5,true
cf_vt_clarabel_socp,3-38,model,2,17,6.650680006714538e-12,K,0.0001,true
cf_vt_clarabel_socp,3-41,model,2,17,0.0,K,0.0001,true
cf_vt_clarabel_socp,3-41,model,2,17,0.0,K,0.0001,true
cf_vt_clarabel_socp,3-24,model,2,17,0.0,kPa,0.005199261864978687,true
cf_vt_clarabel_socp,3-41,model,2,17,0.0,K,0.0001,true
cf_vt_clarabel_socp,3-41,model,2,17,0.0,K,0.0001,true
cf_vt_clarabel_socp,3-24,model,2,17,0.0,kPa,0.005199261864978687,true
cf_vt_clarabel_socp,3-24-order,model,2,17,0.0,normalized,1.0e-6,true
cf_vt_clarabel_socp,3-21,model,2,18,0.0,kg/s,2.947222222222222e-5,true
cf_vt_clarabel_socp,3-43,model,2,18,0.0,kg/s,2.947222222222222e-5,true
cf_vt_clarabel_socp,3-17,model,2,18,1.6868585694940208e-9,MW,6.1e-5,true
cf_vt_clarabel_socp,3-17-original,physics,2,18,1.6868585694940208e-9,MW,6.1e-5,true
cf_vt_clarabel_socp,3-19:20,model,2,18,1.6868287877613852e-9,MW,6.1e-5,true
cf_vt_clarabel_socp,3-38,model,2,18,6.764366844436154e-12,K,0.0001,true
cf_vt_clarabel_socp,3-41,model,2,18,0.0,K,0.0001,true
cf_vt_clarabel_socp,3-41,model,2,18,0.0,K,0.0001,true
cf_vt_clarabel_socp,3-24,model,2,18,0.0,kPa,0.005199261864978687,true
cf_vt_clarabel_socp,3-41,model,2,18,0.0,K,0.0001,true
cf_vt_clarabel_socp,3-41,model,2,18,0.0,K,0.0001,true
cf_vt_clarabel_socp,3-24,model,2,18,0.0,kPa,0.005199261864978687,true
cf_vt_clarabel_socp,3-24-order,model,2,18,0.0,normalized,1.0e-6,true
cf_vt_clarabel_socp,3-21,model,2,19,0.0,kg/s,2.947222222222222e-5,true
cf_vt_clarabel_socp,3-43,model,2,19,0.0,kg/s,2.947222222222222e-5,true
cf_vt_clarabel_socp,3-17,model,2,19,1.6999804897110948e-9,MW,6.1e-5,true
cf_vt_clarabel_socp,3-17-original,physics,2,19,1.6999804897110948e-9,MW,6.1e-5,true
cf_vt_clarabel_socp,3-19:20,model,2,19,1.6999505414450056e-9,MW,6.1e-5,true
cf_vt_clarabel_socp,3-38,model,2,19,6.821210263296962e-12,K,0.0001,true
cf_vt_clarabel_socp,3-41,model,2,19,0.0,K,0.0001,true
cf_vt_clarabel_socp,3-41,model,2,19,0.0,K,0.0001,true
cf_vt_clarabel_socp,3-24,model,2,19,0.0,kPa,0.005199261864978687,true
cf_vt_clarabel_socp,3-41,model,2,19,0.0,K,0.0001,true
cf_vt_clarabel_socp,3-41,model,2,19,0.0,K,0.0001,true
cf_vt_clarabel_socp,3-24,model,2,19,0.0,kPa,0.005199261864978687,true
cf_vt_clarabel_socp,3-24-order,model,2,19,0.0,normalized,1.0e-6,true
cf_vt_clarabel_socp,3-21,model,2,20,0.0,kg/s,2.947222222222222e-5,true
cf_vt_clarabel_socp,3-43,model,2,20,0.0,kg/s,2.947222222222222e-5,true
cf_vt_clarabel_socp,3-17,model,2,20,1.0791395554932137e-11,MW,6.1e-5,true
cf_vt_clarabel_socp,3-17-original,physics,2,20,1.0791395554932137e-11,MW,6.1e-5,true
cf_vt_clarabel_socp,3-19:20,model,2,20,1.0791340043780906e-11,MW,6.1e-5,true
cf_vt_clarabel_socp,3-38,model,2,20,5.684341886080802e-14,K,0.0001,true
cf_vt_clarabel_socp,3-41,model,2,20,0.0,K,0.0001,true
cf_vt_clarabel_socp,3-41,model,2,20,0.0,K,0.0001,true
cf_vt_clarabel_socp,3-24,model,2,20,0.0,kPa,0.005199261864978687,true
cf_vt_clarabel_socp,3-41,model,2,20,0.0,K,0.0001,true
cf_vt_clarabel_socp,3-41,model,2,20,0.0,K,0.0001,true
cf_vt_clarabel_socp,3-24,model,2,20,0.0,kPa,0.005199261864978687,true
cf_vt_clarabel_socp,3-24-order,model,2,20,0.0,normalized,1.0e-6,true
cf_vt_clarabel_socp,3-21,model,2,21,0.0,kg/s,2.947222222222222e-5,true
cf_vt_clarabel_socp,3-43,model,2,21,0.0,kg/s,2.947222222222222e-5,true
cf_vt_clarabel_socp,3-17,model,2,21,6.535946783792212e-11,MW,6.1e-5,true
cf_vt_clarabel_socp,3-17-original,physics,2,21,6.535946783792212e-11,MW,6.1e-5,true
cf_vt_clarabel_socp,3-19:20,model,2,21,6.535844088162435e-11,MW,6.1e-5,true
cf_vt_clarabel_socp,3-38,model,2,21,2.2737367544323206e-13,K,0.0001,true
cf_vt_clarabel_socp,3-41,model,2,21,0.0,K,0.0001,true
cf_vt_clarabel_socp,3-41,model,2,21,0.0,K,0.0001,true
cf_vt_clarabel_socp,3-24,model,2,21,0.0,kPa,0.005199261864978687,true
cf_vt_clarabel_socp,3-41,model,2,21,0.0,K,0.0001,true
cf_vt_clarabel_socp,3-41,model,2,21,0.0,K,0.0001,true
cf_vt_clarabel_socp,3-24,model,2,21,0.0,kPa,0.005199261864978687,true
cf_vt_clarabel_socp,3-24-order,model,2,21,0.0,normalized,1.0e-6,true
cf_vt_clarabel_socp,3-21,model,2,22,0.0,kg/s,2.947222222222222e-5,true
cf_vt_clarabel_socp,3-43,model,2,22,0.0,kg/s,2.947222222222222e-5,true
cf_vt_clarabel_socp,3-17,model,2,22,1.5377421558326887e-12,MW,6.1e-5,true
cf_vt_clarabel_socp,3-17-original,physics,2,22,1.5377421558326887e-12,MW,6.1e-5,true
cf_vt_clarabel_socp,3-19:20,model,2,22,1.5377421558326887e-12,MW,6.1e-5,true
cf_vt_clarabel_socp,3-38,model,2,22,0.0,K,0.0001,true
cf_vt_clarabel_socp,3-41,model,2,22,0.0,K,0.0001,true
cf_vt_clarabel_socp,3-41,model,2,22,0.0,K,0.0001,true
cf_vt_clarabel_socp,3-24,model,2,22,0.0,kPa,0.005199261864978687,true
cf_vt_clarabel_socp,3-41,model,2,22,0.0,K,0.0001,true
cf_vt_clarabel_socp,3-41,model,2,22,0.0,K,0.0001,true
cf_vt_clarabel_socp,3-24,model,2,22,0.0,kPa,0.005199261864978687,true
cf_vt_clarabel_socp,3-24-order,model,2,22,0.0,normalized,1.0e-6,true
cf_vt_clarabel_socp,3-21,model,2,23,0.0,kg/s,2.947222222222222e-5,true
cf_vt_clarabel_socp,3-43,model,2,23,0.0,kg/s,2.947222222222222e-5,true
cf_vt_clarabel_socp,3-17,model,2,23,5.310196726782124e-13,MW,6.1e-5,true
cf_vt_clarabel_socp,3-17-original,physics,2,23,5.310196726782124e-13,MW,6.1e-5,true
cf_vt_clarabel_socp,3-19:20,model,2,23,5.311306949806749e-13,MW,6.1e-5,true
cf_vt_clarabel_socp,3-38,model,2,23,0.0,K,0.0001,true
cf_vt_clarabel_socp,3-41,model,2,23,0.0,K,0.0001,true
cf_vt_clarabel_socp,3-41,model,2,23,0.0,K,0.0001,true
cf_vt_clarabel_socp,3-24,model,2,23,0.0,kPa,0.005199261864978687,true
cf_vt_clarabel_socp,3-41,model,2,23,0.0,K,0.0001,true
cf_vt_clarabel_socp,3-41,model,2,23,0.0,K,0.0001,true
cf_vt_clarabel_socp,3-24,model,2,23,0.0,kPa,0.005199261864978687,true
cf_vt_clarabel_socp,3-24-order,model,2,23,0.0,normalized,1.0e-6,true
cf_vt_clarabel_socp,3-21,model,2,24,0.0,kg/s,2.947222222222222e-5,true
cf_vt_clarabel_socp,3-43,model,2,24,0.0,kg/s,2.947222222222222e-5,true
cf_vt_clarabel_socp,3-17,model,2,24,4.943050274652805e-9,MW,6.1e-5,true
cf_vt_clarabel_socp,3-17-original,physics,2,24,4.943050274652805e-9,MW,6.1e-5,true
cf_vt_clarabel_socp,3-19:20,model,2,24,4.9429632886788255e-9,MW,6.1e-5,true
cf_vt_clarabel_socp,3-38,model,2,24,1.9895196601282805e-11,K,0.0001,true
cf_vt_clarabel_socp,3-41,model,2,24,0.0,K,0.0001,true
cf_vt_clarabel_socp,3-41,model,2,24,0.0,K,0.0001,true
cf_vt_clarabel_socp,3-24,model,2,24,0.0,kPa,0.005199261864978687,true
cf_vt_clarabel_socp,3-41,model,2,24,0.0,K,0.0001,true
cf_vt_clarabel_socp,3-41,model,2,24,0.0,K,0.0001,true
cf_vt_clarabel_socp,3-24,model,2,24,0.0,kPa,0.005199261864978687,true
cf_vt_clarabel_socp,3-24-order,model,2,24,0.0,normalized,1.0e-6,true
cf_vt_clarabel_socp,3-21,model,3,1,8.881784197001252e-16,kg/s,2.947222222222222e-5,true
cf_vt_clarabel_socp,3-43,model,3,1,0.0,kg/s,2.947222222222222e-5,true
cf_vt_clarabel_socp,3-17,model,3,1,4.1647241211251185e-13,MW,6.1e-5,true
cf_vt_clarabel_socp,3-17-original,physics,3,1,4.1647241211251185e-13,MW,6.1e-5,true
cf_vt_clarabel_socp,3-19:20,model,3,1,4.164446565368962e-13,MW,6.1e-5,true
cf_vt_clarabel_socp,3-38,model,3,1,0.0,K,0.0001,true
cf_vt_clarabel_socp,3-41,model,3,1,0.0,K,0.0001,true
cf_vt_clarabel_socp,3-41,model,3,1,0.0,K,0.0001,true
cf_vt_clarabel_socp,3-24,model,3,1,0.0,kPa,0.005199261864978687,true
cf_vt_clarabel_socp,3-41,model,3,1,0.0,K,0.0001,true
cf_vt_clarabel_socp,3-41,model,3,1,0.0,K,0.0001,true
cf_vt_clarabel_socp,3-24,model,3,1,0.0,kPa,0.005199261864978687,true
cf_vt_clarabel_socp,3-24-order,model,3,1,0.0,normalized,1.0e-6,true
cf_vt_clarabel_socp,3-21,model,3,2,8.881784197001252e-16,kg/s,2.947222222222222e-5,true
cf_vt_clarabel_socp,3-43,model,3,2,0.0,kg/s,2.947222222222222e-5,true
cf_vt_clarabel_socp,3-17,model,3,2,3.0628277691846506e-13,MW,6.1e-5,true
cf_vt_clarabel_socp,3-17-original,physics,3,2,3.0628277691846506e-13,MW,6.1e-5,true
cf_vt_clarabel_socp,3-19:20,model,3,2,3.063105324940807e-13,MW,6.1e-5,true
cf_vt_clarabel_socp,3-38,model,3,2,0.0,K,0.0001,true
cf_vt_clarabel_socp,3-41,model,3,2,0.0,K,0.0001,true
cf_vt_clarabel_socp,3-41,model,3,2,0.0,K,0.0001,true
cf_vt_clarabel_socp,3-24,model,3,2,0.0,kPa,0.005199261864978687,true
cf_vt_clarabel_socp,3-41,model,3,2,0.0,K,0.0001,true
cf_vt_clarabel_socp,3-41,model,3,2,0.0,K,0.0001,true
cf_vt_clarabel_socp,3-24,model,3,2,0.0,kPa,0.005199261864978687,true
cf_vt_clarabel_socp,3-24-order,model,3,2,0.0,normalized,1.0e-6,true
cf_vt_clarabel_socp,3-21,model,3,3,8.881784197001252e-16,kg/s,2.947222222222222e-5,true
cf_vt_clarabel_socp,3-43,model,3,3,0.0,kg/s,2.947222222222222e-5,true
cf_vt_clarabel_socp,3-17,model,3,3,3.3248404029961875e-13,MW,6.1e-5,true
cf_vt_clarabel_socp,3-17-original,physics,3,3,3.3248404029961875e-13,MW,6.1e-5,true
cf_vt_clarabel_socp,3-19:20,model,3,3,3.3240077357277187e-13,MW,6.1e-5,true
cf_vt_clarabel_socp,3-38,model,3,3,0.0,K,0.0001,true
cf_vt_clarabel_socp,3-41,model,3,3,0.0,K,0.0001,true
cf_vt_clarabel_socp,3-41,model,3,3,0.0,K,0.0001,true
cf_vt_clarabel_socp,3-24,model,3,3,0.0,kPa,0.005199261864978687,true
cf_vt_clarabel_socp,3-41,model,3,3,0.0,K,0.0001,true
cf_vt_clarabel_socp,3-41,model,3,3,0.0,K,0.0001,true
cf_vt_clarabel_socp,3-24,model,3,3,0.0,kPa,0.005199261864978687,true
cf_vt_clarabel_socp,3-24-order,model,3,3,0.0,normalized,1.0e-6,true
cf_vt_clarabel_socp,3-21,model,3,4,8.881784197001252e-16,kg/s,2.947222222222222e-5,true
cf_vt_clarabel_socp,3-43,model,3,4,0.0,kg/s,2.947222222222222e-5,true
cf_vt_clarabel_socp,3-17,model,3,4,3.7095326810288043e-13,MW,6.1e-5,true
cf_vt_clarabel_socp,3-17-original,physics,3,4,3.7095326810288043e-13,MW,6.1e-5,true
cf_vt_clarabel_socp,3-19:20,model,3,4,3.7087000137603354e-13,MW,6.1e-5,true
cf_vt_clarabel_socp,3-38,model,3,4,0.0,K,0.0001,true
cf_vt_clarabel_socp,3-41,model,3,4,0.0,K,0.0001,true
cf_vt_clarabel_socp,3-41,model,3,4,0.0,K,0.0001,true
cf_vt_clarabel_socp,3-24,model,3,4,0.0,kPa,0.005199261864978687,true
cf_vt_clarabel_socp,3-41,model,3,4,0.0,K,0.0001,true
cf_vt_clarabel_socp,3-41,model,3,4,0.0,K,0.0001,true
cf_vt_clarabel_socp,3-24,model,3,4,0.0,kPa,0.005199261864978687,true
cf_vt_clarabel_socp,3-24-order,model,3,4,0.0,normalized,1.0e-6,true
cf_vt_clarabel_socp,3-21,model,3,5,8.881784197001252e-16,kg/s,2.947222222222222e-5,true
cf_vt_clarabel_socp,3-43,model,3,5,0.0,kg/s,2.947222222222222e-5,true
cf_vt_clarabel_socp,3-17,model,3,5,2.2254420528611263e-13,MW,6.1e-5,true
cf_vt_clarabel_socp,3-17-original,physics,3,5,2.2254420528611263e-13,MW,6.1e-5,true
cf_vt_clarabel_socp,3-19:20,model,3,5,2.2246093855926574e-13,MW,6.1e-5,true
cf_vt_clarabel_socp,3-38,model,3,5,0.0,K,0.0001,true
cf_vt_clarabel_socp,3-41,model,3,5,0.0,K,0.0001,true
cf_vt_clarabel_socp,3-41,model,3,5,0.0,K,0.0001,true
cf_vt_clarabel_socp,3-24,model,3,5,0.0,kPa,0.005199261864978687,true
cf_vt_clarabel_socp,3-41,model,3,5,0.0,K,0.0001,true
cf_vt_clarabel_socp,3-41,model,3,5,0.0,K,0.0001,true
cf_vt_clarabel_socp,3-24,model,3,5,0.0,kPa,0.005199261864978687,true
cf_vt_clarabel_socp,3-24-order,model,3,5,0.0,normalized,1.0e-6,true
cf_vt_clarabel_socp,3-21,model,3,6,8.881784197001252e-16,kg/s,2.947222222222222e-5,true
cf_vt_clarabel_socp,3-43,model,3,6,0.0,kg/s,2.947222222222222e-5,true
cf_vt_clarabel_socp,3-17,model,3,6,7.363554210826351e-14,MW,6.1e-5,true
cf_vt_clarabel_socp,3-17-original,physics,3,6,7.363554210826351e-14,MW,6.1e-5,true
cf_vt_clarabel_socp,3-19:20,model,3,6,7.338574192772285e-14,MW,6.1e-5,true
cf_vt_clarabel_socp,3-38,model,3,6,0.0,K,0.0001,true
cf_vt_clarabel_socp,3-41,model,3,6,0.0,K,0.0001,true
cf_vt_clarabel_socp,3-41,model,3,6,0.0,K,0.0001,true
cf_vt_clarabel_socp,3-24,model,3,6,0.0,kPa,0.005199261864978687,true
cf_vt_clarabel_socp,3-41,model,3,6,0.0,K,0.0001,true
cf_vt_clarabel_socp,3-41,model,3,6,0.0,K,0.0001,true
cf_vt_clarabel_socp,3-24,model,3,6,0.0,kPa,0.005199261864978687,true
cf_vt_clarabel_socp,3-24-order,model,3,6,0.0,normalized,1.0e-6,true
cf_vt_clarabel_socp,3-21,model,3,7,8.881784197001252e-16,kg/s,2.947222222222222e-5,true
cf_vt_clarabel_socp,3-43,model,3,7,0.0,kg/s,2.947222222222222e-5,true
cf_vt_clarabel_socp,3-17,model,3,7,9.095224573485439e-13,MW,6.1e-5,true
cf_vt_clarabel_socp,3-17-original,physics,3,7,9.095224573485439e-13,MW,6.1e-5,true
cf_vt_clarabel_socp,3-19:20,model,3,7,9.095224573485439e-13,MW,6.1e-5,true
cf_vt_clarabel_socp,3-38,model,3,7,5.684341886080802e-14,K,0.0001,true
cf_vt_clarabel_socp,3-41,model,3,7,0.0,K,0.0001,true
cf_vt_clarabel_socp,3-41,model,3,7,0.0,K,0.0001,true
cf_vt_clarabel_socp,3-24,model,3,7,0.0,kPa,0.005199261864978687,true
cf_vt_clarabel_socp,3-41,model,3,7,0.0,K,0.0001,true
cf_vt_clarabel_socp,3-41,model,3,7,0.0,K,0.0001,true
cf_vt_clarabel_socp,3-24,model,3,7,0.0,kPa,0.005199261864978687,true
cf_vt_clarabel_socp,3-24-order,model,3,7,0.0,normalized,1.0e-6,true
cf_vt_clarabel_socp,3-21,model,3,8,8.881784197001252e-16,kg/s,2.947222222222222e-5,true
cf_vt_clarabel_socp,3-43,model,3,8,0.0,kg/s,2.947222222222222e-5,true
cf_vt_clarabel_socp,3-17,model,3,8,1.470629173994098e-12,MW,6.1e-5,true
cf_vt_clarabel_socp,3-17-original,physics,3,8,1.470629173994098e-12,MW,6.1e-5,true
cf_vt_clarabel_socp,3-19:20,model,3,8,1.4703793738135573e-12,MW,6.1e-5,true
cf_vt_clarabel_socp,3-38,model,3,8,0.0,K,0.0001,true
cf_vt_clarabel_socp,3-41,model,3,8,0.0,K,0.0001,true
cf_vt_clarabel_socp,3-41,model,3,8,0.0,K,0.0001,true
cf_vt_clarabel_socp,3-24,model,3,8,0.0,kPa,0.005199261864978687,true
cf_vt_clarabel_socp,3-41,model,3,8,0.0,K,0.0001,true
cf_vt_clarabel_socp,3-41,model,3,8,0.0,K,0.0001,true
cf_vt_clarabel_socp,3-24,model,3,8,0.0,kPa,0.005199261864978687,true
cf_vt_clarabel_socp,3-24-order,model,3,8,0.0,normalized,1.0e-6,true
cf_vt_clarabel_socp,3-21,model,3,9,8.881784197001252e-16,kg/s,2.947222222222222e-5,true
cf_vt_clarabel_socp,3-43,model,3,9,0.0,kg/s,2.947222222222222e-5,true
cf_vt_clarabel_socp,3-17,model,3,9,1.6605050667806154e-12,MW,6.1e-5,true
cf_vt_clarabel_socp,3-17-original,physics,3,9,1.6605050667806154e-12,MW,6.1e-5,true
cf_vt_clarabel_socp,3-19:20,model,3,9,1.6601997554488435e-12,MW,6.1e-5,true
cf_vt_clarabel_socp,3-38,model,3,9,0.0,K,0.0001,true
cf_vt_clarabel_socp,3-41,model,3,9,0.0,K,0.0001,true
cf_vt_clarabel_socp,3-41,model,3,9,0.0,K,0.0001,true
cf_vt_clarabel_socp,3-24,model,3,9,0.0,kPa,0.005199261864978687,true
cf_vt_clarabel_socp,3-41,model,3,9,0.0,K,0.0001,true
cf_vt_clarabel_socp,3-41,model,3,9,0.0,K,0.0001,true
cf_vt_clarabel_socp,3-24,model,3,9,0.0,kPa,0.005199261864978687,true
cf_vt_clarabel_socp,3-24-order,model,3,9,0.0,normalized,1.0e-6,true
cf_vt_clarabel_socp,3-21,model,3,10,8.881784197001252e-16,kg/s,2.947222222222222e-5,true
cf_vt_clarabel_socp,3-43,model,3,10,0.0,kg/s,2.947222222222222e-5,true
cf_vt_clarabel_socp,3-17,model,3,10,1.0044742815296104e-13,MW,6.1e-5,true
cf_vt_clarabel_socp,3-17-original,physics,3,10,1.0044742815296104e-13,MW,6.1e-5,true
cf_vt_clarabel_socp,3-19:20,model,3,10,1.0047518372857667e-13,MW,6.1e-5,true
cf_vt_clarabel_socp,3-38,model,3,10,0.0,K,0.0001,true
cf_vt_clarabel_socp,3-41,model,3,10,0.0,K,0.0001,true
cf_vt_clarabel_socp,3-41,model,3,10,0.0,K,0.0001,true
cf_vt_clarabel_socp,3-24,model,3,10,0.0,kPa,0.005199261864978687,true
cf_vt_clarabel_socp,3-41,model,3,10,0.0,K,0.0001,true
cf_vt_clarabel_socp,3-41,model,3,10,0.0,K,0.0001,true
cf_vt_clarabel_socp,3-24,model,3,10,0.0,kPa,0.005199261864978687,true
cf_vt_clarabel_socp,3-24-order,model,3,10,0.0,normalized,1.0e-6,true
cf_vt_clarabel_socp,3-21,model,3,11,8.881784197001252e-16,kg/s,2.947222222222222e-5,true
cf_vt_clarabel_socp,3-43,model,3,11,0.0,kg/s,2.947222222222222e-5,true
cf_vt_clarabel_socp,3-17,model,3,11,2.396360887502169e-12,MW,6.1e-5,true
cf_vt_clarabel_socp,3-17-original,physics,3,11,2.396360887502169e-12,MW,6.1e-5,true
cf_vt_clarabel_socp,3-19:20,model,3,11,2.396305376350938e-12,MW,6.1e-5,true
cf_vt_clarabel_socp,3-38,model,3,11,0.0,K,0.0001,true
cf_vt_clarabel_socp,3-41,model,3,11,0.0,K,0.0001,true
cf_vt_clarabel_socp,3-41,model,3,11,0.0,K,0.0001,true
cf_vt_clarabel_socp,3-24,model,3,11,0.0,kPa,0.005199261864978687,true
cf_vt_clarabel_socp,3-41,model,3,11,0.0,K,0.0001,true
cf_vt_clarabel_socp,3-41,model,3,11,0.0,K,0.0001,true
cf_vt_clarabel_socp,3-24,model,3,11,0.0,kPa,0.005199261864978687,true
cf_vt_clarabel_socp,3-24-order,model,3,11,0.0,normalized,1.0e-6,true
cf_vt_clarabel_socp,3-21,model,3,12,8.881784197001252e-16,kg/s,2.947222222222222e-5,true
cf_vt_clarabel_socp,3-43,model,3,12,0.0,kg/s,2.947222222222222e-5,true
cf_vt_clarabel_socp,3-17,model,3,12,3.341507626153373e-11,MW,6.1e-5,true
cf_vt_clarabel_socp,3-17-original,physics,3,12,3.341507626153373e-11,MW,6.1e-5,true
cf_vt_clarabel_socp,3-19:20,model,3,12,3.341429910541649e-11,MW,6.1e-5,true
cf_vt_clarabel_socp,3-38,model,3,12,1.7053025658242404e-13,K,0.0001,true
cf_vt_clarabel_socp,3-41,model,3,12,0.0,K,0.0001,true
cf_vt_clarabel_socp,3-41,model,3,12,0.0,K,0.0001,true
cf_vt_clarabel_socp,3-24,model,3,12,0.0,kPa,0.005199261864978687,true
cf_vt_clarabel_socp,3-41,model,3,12,0.0,K,0.0001,true
cf_vt_clarabel_socp,3-41,model,3,12,0.0,K,0.0001,true
cf_vt_clarabel_socp,3-24,model,3,12,0.0,kPa,0.005199261864978687,true
cf_vt_clarabel_socp,3-24-order,model,3,12,0.0,normalized,1.0e-6,true
cf_vt_clarabel_socp,3-21,model,3,13,8.881784197001252e-16,kg/s,2.947222222222222e-5,true
cf_vt_clarabel_socp,3-43,model,3,13,0.0,kg/s,2.947222222222222e-5,true
cf_vt_clarabel_socp,3-17,model,3,13,2.2208068717333163e-12,MW,6.1e-5,true
cf_vt_clarabel_socp,3-17-original,physics,3,13,2.2208068717333163e-12,MW,6.1e-5,true
cf_vt_clarabel_socp,3-19:20,model,3,13,2.2207236050064694e-12,MW,6.1e-5,true
cf_vt_clarabel_socp,3-38,model,3,13,5.684341886080802e-14,K,0.0001,true
cf_vt_clarabel_socp,3-41,model,3,13,0.0,K,0.0001,true
cf_vt_clarabel_socp,3-41,model,3,13,0.0,K,0.0001,true
cf_vt_clarabel_socp,3-24,model,3,13,0.0,kPa,0.005199261864978687,true
cf_vt_clarabel_socp,3-41,model,3,13,0.0,K,0.0001,true
cf_vt_clarabel_socp,3-41,model,3,13,0.0,K,0.0001,true
cf_vt_clarabel_socp,3-24,model,3,13,0.0,kPa,0.005199261864978687,true
cf_vt_clarabel_socp,3-24-order,model,3,13,0.0,normalized,1.0e-6,true
cf_vt_clarabel_socp,3-21,model,3,14,8.881784197001252e-16,kg/s,2.947222222222222e-5,true
cf_vt_clarabel_socp,3-43,model,3,14,0.0,kg/s,2.947222222222222e-5,true
cf_vt_clarabel_socp,3-17,model,3,14,2.369132667823237e-12,MW,6.1e-5,true
cf_vt_clarabel_socp,3-17-original,physics,3,14,2.369132667823237e-12,MW,6.1e-5,true
cf_vt_clarabel_socp,3-19:20,model,3,14,2.368993889945159e-12,MW,6.1e-5,true
cf_vt_clarabel_socp,3-38,model,3,14,5.684341886080802e-14,K,0.0001,true
cf_vt_clarabel_socp,3-41,model,3,14,0.0,K,0.0001,true
cf_vt_clarabel_socp,3-41,model,3,14,0.0,K,0.0001,true
cf_vt_clarabel_socp,3-24,model,3,14,0.0,kPa,0.005199261864978687,true
cf_vt_clarabel_socp,3-41,model,3,14,0.0,K,0.0001,true
cf_vt_clarabel_socp,3-41,model,3,14,0.0,K,0.0001,true
cf_vt_clarabel_socp,3-24,model,3,14,0.0,kPa,0.005199261864978687,true
cf_vt_clarabel_socp,3-24-order,model,3,14,0.0,normalized,1.0e-6,true
cf_vt_clarabel_socp,3-21,model,3,15,8.881784197001252e-16,kg/s,2.947222222222222e-5,true
cf_vt_clarabel_socp,3-43,model,3,15,0.0,kg/s,2.947222222222222e-5,true
cf_vt_clarabel_socp,3-17,model,3,15,2.2604973448636656e-12,MW,6.1e-5,true
cf_vt_clarabel_socp,3-17-original,physics,3,15,2.2604973448636656e-12,MW,6.1e-5,true
cf_vt_clarabel_socp,3-19:20,model,3,15,2.2602753002587406e-12,MW,6.1e-5,true
cf_vt_clarabel_socp,3-38,model,3,15,5.684341886080802e-14,K,0.0001,true
cf_vt_clarabel_socp,3-41,model,3,15,0.0,K,0.0001,true
cf_vt_clarabel_socp,3-41,model,3,15,0.0,K,0.0001,true
cf_vt_clarabel_socp,3-24,model,3,15,0.0,kPa,0.005199261864978687,true
cf_vt_clarabel_socp,3-41,model,3,15,0.0,K,0.0001,true
cf_vt_clarabel_socp,3-41,model,3,15,0.0,K,0.0001,true
cf_vt_clarabel_socp,3-24,model,3,15,0.0,kPa,0.005199261864978687,true
cf_vt_clarabel_socp,3-24-order,model,3,15,0.0,normalized,1.0e-6,true
cf_vt_clarabel_socp,3-21,model,3,16,8.881784197001252e-16,kg/s,2.947222222222222e-5,true
cf_vt_clarabel_socp,3-43,model,3,16,0.0,kg/s,2.947222222222222e-5,true
cf_vt_clarabel_socp,3-17,model,3,16,2.4876786741678814e-10,MW,6.1e-5,true
cf_vt_clarabel_socp,3-17-original,physics,3,16,2.4876786741678814e-10,MW,6.1e-5,true
cf_vt_clarabel_socp,3-19:20,model,3,16,2.4876384285832387e-10,MW,6.1e-5,true
cf_vt_clarabel_socp,3-38,model,3,16,9.663381206337363e-13,K,0.0001,true
cf_vt_clarabel_socp,3-41,model,3,16,0.0,K,0.0001,true
cf_vt_clarabel_socp,3-41,model,3,16,0.0,K,0.0001,true
cf_vt_clarabel_socp,3-24,model,3,16,0.0,kPa,0.005199261864978687,true
cf_vt_clarabel_socp,3-41,model,3,16,0.0,K,0.0001,true
cf_vt_clarabel_socp,3-41,model,3,16,0.0,K,0.0001,true
cf_vt_clarabel_socp,3-24,model,3,16,0.0,kPa,0.005199261864978687,true
cf_vt_clarabel_socp,3-24-order,model,3,16,0.0,normalized,1.0e-6,true
cf_vt_clarabel_socp,3-21,model,3,17,8.881784197001252e-16,kg/s,2.947222222222222e-5,true
cf_vt_clarabel_socp,3-43,model,3,17,0.0,kg/s,2.947222222222222e-5,true
cf_vt_clarabel_socp,3-17,model,3,17,1.6631587773652257e-9,MW,6.1e-5,true
cf_vt_clarabel_socp,3-17-original,physics,3,17,1.6631587773652257e-9,MW,6.1e-5,true
cf_vt_clarabel_socp,3-19:20,model,3,17,1.663129578499678e-9,MW,6.1e-5,true
cf_vt_clarabel_socp,3-38,model,3,17,6.650680006714538e-12,K,0.0001,true
cf_vt_clarabel_socp,3-41,model,3,17,0.0,K,0.0001,true
cf_vt_clarabel_socp,3-41,model,3,17,0.0,K,0.0001,true
cf_vt_clarabel_socp,3-24,model,3,17,0.0,kPa,0.005199261864978687,true
cf_vt_clarabel_socp,3-41,model,3,17,0.0,K,0.0001,true
cf_vt_clarabel_socp,3-41,model,3,17,0.0,K,0.0001,true
cf_vt_clarabel_socp,3-24,model,3,17,0.0,kPa,0.005199261864978687,true
cf_vt_clarabel_socp,3-24-order,model,3,17,0.0,normalized,1.0e-6,true
cf_vt_clarabel_socp,3-21,model,3,18,8.881784197001252e-16,kg/s,2.947222222222222e-5,true
cf_vt_clarabel_socp,3-43,model,3,18,0.0,kg/s,2.947222222222222e-5,true
cf_vt_clarabel_socp,3-17,model,3,18,1.707283259211323e-9,MW,6.1e-5,true
cf_vt_clarabel_socp,3-17-original,physics,3,18,1.707283259211323e-9,MW,6.1e-5,true
cf_vt_clarabel_socp,3-19:20,model,3,18,1.7072532554340825e-9,MW,6.1e-5,true
cf_vt_clarabel_socp,3-38,model,3,18,6.87805368215777e-12,K,0.0001,true
cf_vt_clarabel_socp,3-41,model,3,18,0.0,K,0.0001,true
cf_vt_clarabel_socp,3-41,model,3,18,0.0,K,0.0001,true
cf_vt_clarabel_socp,3-24,model,3,18,0.0,kPa,0.005199261864978687,true
cf_vt_clarabel_socp,3-41,model,3,18,0.0,K,0.0001,true
cf_vt_clarabel_socp,3-41,model,3,18,0.0,K,0.0001,true
cf_vt_clarabel_socp,3-24,model,3,18,0.0,kPa,0.005199261864978687,true
cf_vt_clarabel_socp,3-24-order,model,3,18,0.0,normalized,1.0e-6,true
cf_vt_clarabel_socp,3-21,model,3,19,8.881784197001252e-16,kg/s,2.947222222222222e-5,true
cf_vt_clarabel_socp,3-43,model,3,19,0.0,kg/s,2.947222222222222e-5,true
cf_vt_clarabel_socp,3-17,model,3,19,1.720630471435669e-9,MW,6.1e-5,true
cf_vt_clarabel_socp,3-17-original,physics,3,19,1.720630471435669e-9,MW,6.1e-5,true
cf_vt_clarabel_socp,3-19:20,model,3,19,1.7205999680580675e-9,MW,6.1e-5,true
cf_vt_clarabel_socp,3-38,model,3,19,6.934897101018578e-12,K,0.0001,true
cf_vt_clarabel_socp,3-41,model,3,19,0.0,K,0.0001,true
cf_vt_clarabel_socp,3-41,model,3,19,0.0,K,0.0001,true
cf_vt_clarabel_socp,3-24,model,3,19,0.0,kPa,0.005199261864978687,true
cf_vt_clarabel_socp,3-41,model,3,19,0.0,K,0.0001,true
cf_vt_clarabel_socp,3-41,model,3,19,0.0,K,0.0001,true
cf_vt_clarabel_socp,3-24,model,3,19,0.0,kPa,0.005199261864978687,true
cf_vt_clarabel_socp,3-24-order,model,3,19,0.0,normalized,1.0e-6,true
cf_vt_clarabel_socp,3-21,model,3,20,8.881784197001252e-16,kg/s,2.947222222222222e-5,true
cf_vt_clarabel_socp,3-43,model,3,20,0.0,kg/s,2.947222222222222e-5,true
cf_vt_clarabel_socp,3-17,model,3,20,1.0962786234358646e-11,MW,6.1e-5,true
cf_vt_clarabel_socp,3-17-original,physics,3,20,1.0962786234358646e-11,MW,6.1e-5,true
cf_vt_clarabel_socp,3-19:20,model,3,20,1.0962897256661108e-11,MW,6.1e-5,true
cf_vt_clarabel_socp,3-38,model,3,20,5.684341886080802e-14,K,0.0001,true
cf_vt_clarabel_socp,3-41,model,3,20,0.0,K,0.0001,true
cf_vt_clarabel_socp,3-41,model,3,20,0.0,K,0.0001,true
cf_vt_clarabel_socp,3-24,model,3,20,0.0,kPa,0.005199261864978687,true
cf_vt_clarabel_socp,3-41,model,3,20,0.0,K,0.0001,true
cf_vt_clarabel_socp,3-41,model,3,20,0.0,K,0.0001,true
cf_vt_clarabel_socp,3-24,model,3,20,0.0,kPa,0.005199261864978687,true
cf_vt_clarabel_socp,3-24-order,model,3,20,0.0,normalized,1.0e-6,true
cf_vt_clarabel_socp,3-21,model,3,21,8.881784197001252e-16,kg/s,2.947222222222222e-5,true
cf_vt_clarabel_socp,3-43,model,3,21,0.0,kg/s,2.947222222222222e-5,true
cf_vt_clarabel_socp,3-17,model,3,21,6.605724300889904e-11,MW,6.1e-5,true
cf_vt_clarabel_socp,3-17-original,physics,3,21,6.605724300889904e-11,MW,6.1e-5,true
cf_vt_clarabel_socp,3-19:20,model,3,21,6.605571645224018e-11,MW,6.1e-5,true
cf_vt_clarabel_socp,3-38,model,3,21,2.2737367544323206e-13,K,0.0001,true
cf_vt_clarabel_socp,3-41,model,3,21,0.0,K,0.0001,true
cf_vt_clarabel_socp,3-41,model,3,21,0.0,K,0.0001,true
cf_vt_clarabel_socp,3-24,model,3,21,0.0,kPa,0.005199261864978687,true
cf_vt_clarabel_socp,3-41,model,3,21,0.0,K,0.0001,true
cf_vt_clarabel_socp,3-41,model,3,21,0.0,K,0.0001,true
cf_vt_clarabel_socp,3-24,model,3,21,0.0,kPa,0.005199261864978687,true
cf_vt_clarabel_socp,3-24-order,model,3,21,0.0,normalized,1.0e-6,true
cf_vt_clarabel_socp,3-21,model,3,22,8.881784197001252e-16,kg/s,2.947222222222222e-5,true
cf_vt_clarabel_socp,3-43,model,3,22,0.0,kg/s,2.947222222222222e-5,true
cf_vt_clarabel_socp,3-17,model,3,22,1.4371281942260339e-12,MW,6.1e-5,true
cf_vt_clarabel_socp,3-17-original,physics,3,22,1.4371281942260339e-12,MW,6.1e-5,true
cf_vt_clarabel_socp,3-19:20,model,3,22,1.4369616607723401e-12,MW,6.1e-5,true
cf_vt_clarabel_socp,3-38,model,3,22,0.0,K,0.0001,true
cf_vt_clarabel_socp,3-41,model,3,22,0.0,K,0.0001,true
cf_vt_clarabel_socp,3-41,model,3,22,0.0,K,0.0001,true
cf_vt_clarabel_socp,3-24,model,3,22,0.0,kPa,0.005199261864978687,true
cf_vt_clarabel_socp,3-41,model,3,22,0.0,K,0.0001,true
cf_vt_clarabel_socp,3-41,model,3,22,0.0,K,0.0001,true
cf_vt_clarabel_socp,3-24,model,3,22,0.0,kPa,0.005199261864978687,true
cf_vt_clarabel_socp,3-24-order,model,3,22,0.0,normalized,1.0e-6,true
cf_vt_clarabel_socp,3-21,model,3,23,8.881784197001252e-16,kg/s,2.947222222222222e-5,true
cf_vt_clarabel_socp,3-43,model,3,23,0.0,kg/s,2.947222222222222e-5,true
cf_vt_clarabel_socp,3-17,model,3,23,3.9390712913700554e-13,MW,6.1e-5,true
cf_vt_clarabel_socp,3-17-original,physics,3,23,3.9390712913700554e-13,MW,6.1e-5,true
cf_vt_clarabel_socp,3-19:20,model,3,23,3.9382386241015865e-13,MW,6.1e-5,true
cf_vt_clarabel_socp,3-38,model,3,23,0.0,K,0.0001,true
cf_vt_clarabel_socp,3-41,model,3,23,0.0,K,0.0001,true
cf_vt_clarabel_socp,3-41,model,3,23,0.0,K,0.0001,true
cf_vt_clarabel_socp,3-24,model,3,23,0.0,kPa,0.005199261864978687,true
cf_vt_clarabel_socp,3-41,model,3,23,0.0,K,0.0001,true
cf_vt_clarabel_socp,3-41,model,3,23,0.0,K,0.0001,true
cf_vt_clarabel_socp,3-24,model,3,23,0.0,kPa,0.005199261864978687,true
cf_vt_clarabel_socp,3-24-order,model,3,23,0.0,normalized,1.0e-6,true
cf_vt_clarabel_socp,3-21,model,3,24,8.881784197001252e-16,kg/s,2.947222222222222e-5,true
cf_vt_clarabel_socp,3-43,model,3,24,0.0,kg/s,2.947222222222222e-5,true
cf_vt_clarabel_socp,3-17,model,3,24,2.6442598938802853e-6,MW,6.1e-5,true
cf_vt_clarabel_socp,3-17-original,physics,3,24,2.6442598938802853e-6,MW,6.1e-5,true
cf_vt_clarabel_socp,3-19:20,model,3,24,2.644213249997085e-6,MW,6.1e-5,true
cf_vt_clarabel_socp,3-38,model,3,24,1.0620908597047674e-8,K,0.0001,true
cf_vt_clarabel_socp,3-41,model,3,24,0.0,K,0.0001,true
cf_vt_clarabel_socp,3-41,model,3,24,0.0,K,0.0001,true
cf_vt_clarabel_socp,3-24,model,3,24,0.0,kPa,0.005199261864978687,true
cf_vt_clarabel_socp,3-41,model,3,24,0.0,K,0.0001,true
cf_vt_clarabel_socp,3-41,model,3,24,0.0,K,0.0001,true
cf_vt_clarabel_socp,3-24,model,3,24,0.0,kPa,0.005199261864978687,true
cf_vt_clarabel_socp,3-24-order,model,3,24,0.0,normalized,1.0e-6,true
cf_vt_clarabel_socp,3-21,model,4,1,0.0,kg/s,2.947222222222222e-5,true
cf_vt_clarabel_socp,3-43,model,4,1,0.0,kg/s,2.947222222222222e-5,true
cf_vt_clarabel_socp,3-17,model,4,1,3.9640513094241214e-13,MW,6.1e-5,true
cf_vt_clarabel_socp,3-17-original,physics,4,1,3.9640513094241214e-13,MW,6.1e-5,true
cf_vt_clarabel_socp,3-19:20,model,4,1,3.963496197911809e-13,MW,6.1e-5,true
cf_vt_clarabel_socp,3-38,model,4,1,0.0,K,0.0001,true
cf_vt_clarabel_socp,3-41,model,4,1,0.0,K,0.0001,true
cf_vt_clarabel_socp,3-41,model,4,1,0.0,K,0.0001,true
cf_vt_clarabel_socp,3-24,model,4,1,0.0,kPa,0.005199261864978687,true
cf_vt_clarabel_socp,3-41,model,4,1,0.0,K,0.0001,true
cf_vt_clarabel_socp,3-41,model,4,1,0.0,K,0.0001,true
cf_vt_clarabel_socp,3-24,model,4,1,0.0,kPa,0.005199261864978687,true
cf_vt_clarabel_socp,3-24-order,model,4,1,0.0,normalized,1.0e-6,true
cf_vt_clarabel_socp,3-21,model,4,2,0.0,kg/s,2.947222222222222e-5,true
cf_vt_clarabel_socp,3-43,model,4,2,0.0,kg/s,2.947222222222222e-5,true
cf_vt_clarabel_socp,3-17,model,4,2,2.26929586233382e-13,MW,6.1e-5,true
cf_vt_clarabel_socp,3-17-original,physics,4,2,2.26929586233382e-13,MW,6.1e-5,true
cf_vt_clarabel_socp,3-19:20,model,4,2,2.2698509738461325e-13,MW,6.1e-5,true
cf_vt_clarabel_socp,3-38,model,4,2,0.0,K,0.0001,true
cf_vt_clarabel_socp,3-41,model,4,2,0.0,K,0.0001,true
cf_vt_clarabel_socp,3-41,model,4,2,0.0,K,0.0001,true
cf_vt_clarabel_socp,3-24,model,4,2,0.0,kPa,0.005199261864978687,true
cf_vt_clarabel_socp,3-41,model,4,2,0.0,K,0.0001,true
cf_vt_clarabel_socp,3-41,model,4,2,0.0,K,0.0001,true
cf_vt_clarabel_socp,3-24,model,4,2,0.0,kPa,0.005199261864978687,true
cf_vt_clarabel_socp,3-24-order,model,4,2,0.0,normalized,1.0e-6,true
cf_vt_clarabel_socp,3-21,model,4,3,0.0,kg/s,2.947222222222222e-5,true
cf_vt_clarabel_socp,3-43,model,4,3,0.0,kg/s,2.947222222222222e-5,true
cf_vt_clarabel_socp,3-17,model,4,3,2.346178806789112e-13,MW,6.1e-5,true
cf_vt_clarabel_socp,3-17-original,physics,4,3,2.346178806789112e-13,MW,6.1e-5,true
cf_vt_clarabel_socp,3-19:20,model,4,3,2.348121697082206e-13,MW,6.1e-5,true
cf_vt_clarabel_socp,3-38,model,4,3,0.0,K,0.0001,true
cf_vt_clarabel_socp,3-41,model,4,3,0.0,K,0.0001,true
cf_vt_clarabel_socp,3-41,model,4,3,0.0,K,0.0001,true
cf_vt_clarabel_socp,3-24,model,4,3,0.0,kPa,0.005199261864978687,true
cf_vt_clarabel_socp,3-41,model,4,3,0.0,K,0.0001,true
cf_vt_clarabel_socp,3-41,model,4,3,0.0,K,0.0001,true
cf_vt_clarabel_socp,3-24,model,4,3,0.0,kPa,0.005199261864978687,true
cf_vt_clarabel_socp,3-24-order,model,4,3,0.0,normalized,1.0e-6,true
cf_vt_clarabel_socp,3-21,model,4,4,0.0,kg/s,2.947222222222222e-5,true
cf_vt_clarabel_socp,3-43,model,4,4,0.0,kg/s,2.947222222222222e-5,true
cf_vt_clarabel_socp,3-17,model,4,4,2.7572388816565763e-13,MW,6.1e-5,true
cf_vt_clarabel_socp,3-17-original,physics,4,4,2.7572388816565763e-13,MW,6.1e-5,true
cf_vt_clarabel_socp,3-19:20,model,4,4,2.7591817719496703e-13,MW,6.1e-5,true
cf_vt_clarabel_socp,3-38,model,4,4,0.0,K,0.0001,true
cf_vt_clarabel_socp,3-41,model,4,4,0.0,K,0.0001,true
cf_vt_clarabel_socp,3-41,model,4,4,0.0,K,0.0001,true
cf_vt_clarabel_socp,3-24,model,4,4,0.0,kPa,0.005199261864978687,true
cf_vt_clarabel_socp,3-41,model,4,4,0.0,K,0.0001,true
cf_vt_clarabel_socp,3-41,model,4,4,0.0,K,0.0001,true
cf_vt_clarabel_socp,3-24,model,4,4,0.0,kPa,0.005199261864978687,true
cf_vt_clarabel_socp,3-24-order,model,4,4,0.0,normalized,1.0e-6,true
cf_vt_clarabel_socp,3-21,model,4,5,0.0,kg/s,2.947222222222222e-5,true
cf_vt_clarabel_socp,3-43,model,4,5,0.0,kg/s,2.947222222222222e-5,true
cf_vt_clarabel_socp,3-17,model,4,5,9.303668946358812e-14,MW,6.1e-5,true
cf_vt_clarabel_socp,3-17-original,physics,4,5,9.303668946358812e-14,MW,6.1e-5,true
cf_vt_clarabel_socp,3-19:20,model,4,5,9.306444503920375e-14,MW,6.1e-5,true
cf_vt_clarabel_socp,3-38,model,4,5,0.0,K,0.0001,true
cf_vt_clarabel_socp,3-41,model,4,5,0.0,K,0.0001,true
cf_vt_clarabel_socp,3-41,model,4,5,0.0,K,0.0001,true
cf_vt_clarabel_socp,3-24,model,4,5,0.0,kPa,0.005199261864978687,true
cf_vt_clarabel_socp,3-41,model,4,5,0.0,K,0.0001,true
cf_vt_clarabel_socp,3-41,model,4,5,0.0,K,0.0001,true
cf_vt_clarabel_socp,3-24,model,4,5,0.0,kPa,0.005199261864978687,true
cf_vt_clarabel_socp,3-24-order,model,4,5,0.0,normalized,1.0e-6,true
cf_vt_clarabel_socp,3-21,model,4,6,0.0,kg/s,2.947222222222222e-5,true
cf_vt_clarabel_socp,3-43,model,4,6,0.0,kg/s,2.947222222222222e-5,true
cf_vt_clarabel_socp,3-17,model,4,6,1.2759238110504612e-13,MW,6.1e-5,true
cf_vt_clarabel_socp,3-17-original,physics,4,6,1.2759238110504612e-13,MW,6.1e-5,true
cf_vt_clarabel_socp,3-19:20,model,4,6,1.27675647831893e-13,MW,6.1e-5,true
cf_vt_clarabel_socp,3-38,model,4,6,0.0,K,0.0001,true
cf_vt_clarabel_socp,3-41,model,4,6,0.0,K,0.0001,true
cf_vt_clarabel_socp,3-41,model,4,6,0.0,K,0.0001,true
cf_vt_clarabel_socp,3-24,model,4,6,0.0,kPa,0.005199261864978687,true
cf_vt_clarabel_socp,3-41,model,4,6,0.0,K,0.0001,true
cf_vt_clarabel_socp,3-41,model,4,6,0.0,K,0.0001,true
cf_vt_clarabel_socp,3-24,model,4,6,0.0,kPa,0.005199261864978687,true
cf_vt_clarabel_socp,3-24-order,model,4,6,0.0,normalized,1.0e-6,true
cf_vt_clarabel_socp,3-21,model,4,7,0.0,kg/s,2.947222222222222e-5,true
cf_vt_clarabel_socp,3-43,model,4,7,0.0,kg/s,2.947222222222222e-5,true
cf_vt_clarabel_socp,3-17,model,4,7,9.39054389803573e-13,MW,6.1e-5,true
cf_vt_clarabel_socp,3-17-original,physics,4,7,9.39054389803573e-13,MW,6.1e-5,true
cf_vt_clarabel_socp,3-19:20,model,4,7,9.393319455597293e-13,MW,6.1e-5,true
cf_vt_clarabel_socp,3-38,model,4,7,0.0,K,0.0001,true
cf_vt_clarabel_socp,3-41,model,4,7,0.0,K,0.0001,true
cf_vt_clarabel_socp,3-41,model,4,7,0.0,K,0.0001,true
cf_vt_clarabel_socp,3-24,model,4,7,0.0,kPa,0.005199261864978687,true
cf_vt_clarabel_socp,3-41,model,4,7,0.0,K,0.0001,true
cf_vt_clarabel_socp,3-41,model,4,7,0.0,K,0.0001,true
cf_vt_clarabel_socp,3-24,model,4,7,0.0,kPa,0.005199261864978687,true
cf_vt_clarabel_socp,3-24-order,model,4,7,0.0,normalized,1.0e-6,true
cf_vt_clarabel_socp,3-21,model,4,8,0.0,kg/s,2.947222222222222e-5,true
cf_vt_clarabel_socp,3-43,model,4,8,0.0,kg/s,2.947222222222222e-5,true
cf_vt_clarabel_socp,3-17,model,4,8,1.4265810754920949e-12,MW,6.1e-5,true
cf_vt_clarabel_socp,3-17-original,physics,4,8,1.4265810754920949e-12,MW,6.1e-5,true
cf_vt_clarabel_socp,3-19:20,model,4,8,1.4267476089457887e-12,MW,6.1e-5,true
cf_vt_clarabel_socp,3-38,model,4,8,0.0,K,0.0001,true
cf_vt_clarabel_socp,3-41,model,4,8,0.0,K,0.0001,true
cf_vt_clarabel_socp,3-41,model,4,8,0.0,K,0.0001,true
cf_vt_clarabel_socp,3-24,model,4,8,0.0,kPa,0.005199261864978687,true
cf_vt_clarabel_socp,3-41,model,4,8,0.0,K,0.0001,true
cf_vt_clarabel_socp,3-41,model,4,8,0.0,K,0.0001,true
cf_vt_clarabel_socp,3-24,model,4,8,0.0,kPa,0.005199261864978687,true
cf_vt_clarabel_socp,3-24-order,model,4,8,0.0,normalized,1.0e-6,true
cf_vt_clarabel_socp,3-21,model,4,9,0.0,kg/s,2.947222222222222e-5,true
cf_vt_clarabel_socp,3-43,model,4,9,0.0,kg/s,2.947222222222222e-5,true
cf_vt_clarabel_socp,3-17,model,4,9,1.2989886943870488e-12,MW,6.1e-5,true
cf_vt_clarabel_socp,3-17-original,physics,4,9,1.2989886943870488e-12,MW,6.1e-5,true
cf_vt_clarabel_socp,3-19:20,model,4,9,1.2990719611138957e-12,MW,6.1e-5,true
cf_vt_clarabel_socp,3-38,model,4,9,0.0,K,0.0001,true
cf_vt_clarabel_socp,3-41,model,4,9,0.0,K,0.0001,true
cf_vt_clarabel_socp,3-41,model,4,9,0.0,K,0.0001,true
cf_vt_clarabel_socp,3-24,model,4,9,0.0,kPa,0.005199261864978687,true
cf_vt_clarabel_socp,3-41,model,4,9,0.0,K,0.0001,true
cf_vt_clarabel_socp,3-41,model,4,9,0.0,K,0.0001,true
cf_vt_clarabel_socp,3-24,model,4,9,0.0,kPa,0.005199261864978687,true
cf_vt_clarabel_socp,3-24-order,model,4,9,0.0,normalized,1.0e-6,true
cf_vt_clarabel_socp,3-21,model,4,10,0.0,kg/s,2.947222222222222e-5,true
cf_vt_clarabel_socp,3-43,model,4,10,0.0,kg/s,2.947222222222222e-5,true
cf_vt_clarabel_socp,3-17,model,4,10,2.821076705572523e-13,MW,6.1e-5,true
cf_vt_clarabel_socp,3-17-original,physics,4,10,2.821076705572523e-13,MW,6.1e-5,true
cf_vt_clarabel_socp,3-19:20,model,4,10,2.8207991498163665e-13,MW,6.1e-5,true
cf_vt_clarabel_socp,3-38,model,4,10,0.0,K,0.0001,true
cf_vt_clarabel_socp,3-41,model,4,10,0.0,K,0.0001,true
cf_vt_clarabel_socp,3-41,model,4,10,0.0,K,0.0001,true
cf_vt_clarabel_socp,3-24,model,4,10,0.0,kPa,0.005199261864978687,true
cf_vt_clarabel_socp,3-41,model,4,10,0.0,K,0.0001,true
cf_vt_clarabel_socp,3-41,model,4,10,0.0,K,0.0001,true
cf_vt_clarabel_socp,3-24,model,4,10,0.0,kPa,0.005199261864978687,true
cf_vt_clarabel_socp,3-24-order,model,4,10,0.0,normalized,1.0e-6,true
cf_vt_clarabel_socp,3-21,model,4,11,0.0,kg/s,2.947222222222222e-5,true
cf_vt_clarabel_socp,3-43,model,4,11,0.0,kg/s,2.947222222222222e-5,true
cf_vt_clarabel_socp,3-17,model,4,11,7.516792743800238e-12,MW,6.1e-5,true
cf_vt_clarabel_socp,3-17-original,physics,4,11,7.516792743800238e-12,MW,6.1e-5,true
cf_vt_clarabel_socp,3-19:20,model,4,11,7.516764988224622e-12,MW,6.1e-5,true
cf_vt_clarabel_socp,3-38,model,4,11,5.684341886080802e-14,K,0.0001,true
cf_vt_clarabel_socp,3-41,model,4,11,0.0,K,0.0001,true
cf_vt_clarabel_socp,3-41,model,4,11,0.0,K,0.0001,true
cf_vt_clarabel_socp,3-24,model,4,11,0.0,kPa,0.005199261864978687,true
cf_vt_clarabel_socp,3-41,model,4,11,0.0,K,0.0001,true
cf_vt_clarabel_socp,3-41,model,4,11,0.0,K,0.0001,true
cf_vt_clarabel_socp,3-24,model,4,11,0.0,kPa,0.005199261864978687,true
cf_vt_clarabel_socp,3-24-order,model,4,11,0.0,normalized,1.0e-6,true
cf_vt_clarabel_socp,3-21,model,4,12,0.0,kg/s,2.947222222222222e-5,true
cf_vt_clarabel_socp,3-43,model,4,12,0.0,kg/s,2.947222222222222e-5,true
cf_vt_clarabel_socp,3-17,model,4,12,2.808420163091796e-11,MW,6.1e-5,true
cf_vt_clarabel_socp,3-17-original,physics,4,12,2.808420163091796e-11,MW,6.1e-5,true
cf_vt_clarabel_socp,3-19:20,model,4,12,2.8083924075161804e-11,MW,6.1e-5,true
cf_vt_clarabel_socp,3-38,model,4,12,1.1368683772161603e-13,K,0.0001,true
cf_vt_clarabel_socp,3-41,model,4,12,0.0,K,0.0001,true
cf_vt_clarabel_socp,3-41,model,4,12,0.0,K,0.0001,true
cf_vt_clarabel_socp,3-24,model,4,12,0.0,kPa,0.005199261864978687,true
cf_vt_clarabel_socp,3-41,model,4,12,0.0,K,0.0001,true
cf_vt_clarabel_socp,3-41,model,4,12,0.0,K,0.0001,true
cf_vt_clarabel_socp,3-24,model,4,12,0.0,kPa,0.005199261864978687,true
cf_vt_clarabel_socp,3-24-order,model,4,12,0.0,normalized,1.0e-6,true
cf_vt_clarabel_socp,3-21,model,4,13,0.0,kg/s,2.947222222222222e-5,true
cf_vt_clarabel_socp,3-43,model,4,13,0.0,kg/s,2.947222222222222e-5,true
cf_vt_clarabel_socp,3-17,model,4,13,2.31806240869048e-12,MW,6.1e-5,true
cf_vt_clarabel_socp,3-17-original,physics,4,13,2.31806240869048e-12,MW,6.1e-5,true
cf_vt_clarabel_socp,3-19:20,model,4,13,2.3182289421441737e-12,MW,6.1e-5,true
cf_vt_clarabel_socp,3-38,model,4,13,0.0,K,0.0001,true
cf_vt_clarabel_socp,3-41,model,4,13,0.0,K,0.0001,true
cf_vt_clarabel_socp,3-41,model,4,13,0.0,K,0.0001,true
cf_vt_clarabel_socp,3-24,model,4,13,0.0,kPa,0.005199261864978687,true
cf_vt_clarabel_socp,3-41,model,4,13,0.0,K,0.0001,true
cf_vt_clarabel_socp,3-41,model,4,13,0.0,K,0.0001,true
cf_vt_clarabel_socp,3-24,model,4,13,0.0,kPa,0.005199261864978687,true
cf_vt_clarabel_socp,3-24-order,model,4,13,0.0,normalized,1.0e-6,true
cf_vt_clarabel_socp,3-21,model,4,14,0.0,kg/s,2.947222222222222e-5,true
cf_vt_clarabel_socp,3-43,model,4,14,0.0,kg/s,2.947222222222222e-5,true
cf_vt_clarabel_socp,3-17,model,4,14,2.5100754807994008e-12,MW,6.1e-5,true
cf_vt_clarabel_socp,3-17-original,physics,4,14,2.5100754807994008e-12,MW,6.1e-5,true
cf_vt_clarabel_socp,3-19:20,model,4,14,2.51026976982871e-12,MW,6.1e-5,true
cf_vt_clarabel_socp,3-38,model,4,14,5.684341886080802e-14,K,0.0001,true
cf_vt_clarabel_socp,3-41,model,4,14,0.0,K,0.0001,true
cf_vt_clarabel_socp,3-41,model,4,14,0.0,K,0.0001,true
cf_vt_clarabel_socp,3-24,model,4,14,0.0,kPa,0.005199261864978687,true
cf_vt_clarabel_socp,3-41,model,4,14,0.0,K,0.0001,true
cf_vt_clarabel_socp,3-41,model,4,14,0.0,K,0.0001,true
cf_vt_clarabel_socp,3-24,model,4,14,0.0,kPa,0.005199261864978687,true
cf_vt_clarabel_socp,3-24-order,model,4,14,0.0,normalized,1.0e-6,true
cf_vt_clarabel_socp,3-21,model,4,15,0.0,kg/s,2.947222222222222e-5,true
cf_vt_clarabel_socp,3-43,model,4,15,0.0,kg/s,2.947222222222222e-5,true
cf_vt_clarabel_socp,3-17,model,4,15,3.918551594317421e-11,MW,6.1e-5,true
cf_vt_clarabel_socp,3-17-original,physics,4,15,3.918551594317421e-11,MW,6.1e-5,true
cf_vt_clarabel_socp,3-19:20,model,4,15,3.918476654263259e-11,MW,6.1e-5,true
cf_vt_clarabel_socp,3-38,model,4,15,1.7053025658242404e-13,K,0.0001,true
cf_vt_clarabel_socp,3-41,model,4,15,0.0,K,0.0001,true
cf_vt_clarabel_socp,3-41,model,4,15,0.0,K,0.0001,true
cf_vt_clarabel_socp,3-24,model,4,15,0.0,kPa,0.005199261864978687,true
cf_vt_clarabel_socp,3-41,model,4,15,0.0,K,0.0001,true
cf_vt_clarabel_socp,3-41,model,4,15,0.0,K,0.0001,true
cf_vt_clarabel_socp,3-24,model,4,15,0.0,kPa,0.005199261864978687,true
cf_vt_clarabel_socp,3-24-order,model,4,15,0.0,normalized,1.0e-6,true
cf_vt_clarabel_socp,3-21,model,4,16,0.0,kg/s,2.947222222222222e-5,true
cf_vt_clarabel_socp,3-43,model,4,16,0.0,kg/s,2.947222222222222e-5,true
cf_vt_clarabel_socp,3-17,model,4,16,4.818430654474071e-10,MW,6.1e-5,true
cf_vt_clarabel_socp,3-17-original,physics,4,16,4.818430654474071e-10,MW,6.1e-5,true
cf_vt_clarabel_socp,3-19:20,model,4,16,4.818346277524199e-10,MW,6.1e-5,true
cf_vt_clarabel_socp,3-38,model,4,16,1.9326762412674725e-12,K,0.0001,true
cf_vt_clarabel_socp,3-41,model,4,16,0.0,K,0.0001,true
cf_vt_clarabel_socp,3-41,model,4,16,0.0,K,0.0001,true
cf_vt_clarabel_socp,3-24,model,4,16,0.0,kPa,0.005199261864978687,true
cf_vt_clarabel_socp,3-41,model,4,16,0.0,K,0.0001,true
cf_vt_clarabel_socp,3-41,model,4,16,0.0,K,0.0001,true
cf_vt_clarabel_socp,3-24,model,4,16,0.0,kPa,0.005199261864978687,true
cf_vt_clarabel_socp,3-24-order,model,4,16,0.0,normalized,1.0e-6,true
cf_vt_clarabel_socp,3-21,model,4,17,0.0,kg/s,2.947222222222222e-5,true
cf_vt_clarabel_socp,3-43,model,4,17,0.0,kg/s,2.947222222222222e-5,true
cf_vt_clarabel_socp,3-17,model,4,17,1.6617878184632673e-9,MW,6.1e-5,true
cf_vt_clarabel_socp,3-17-original,physics,4,17,1.6617878184632673e-9,MW,6.1e-5,true
cf_vt_clarabel_socp,3-19:20,model,4,17,1.6617583975531147e-9,MW,6.1e-5,true
cf_vt_clarabel_socp,3-38,model,4,17,6.650680006714538e-12,K,0.0001,true
cf_vt_clarabel_socp,3-41,model,4,17,0.0,K,0.0001,true
cf_vt_clarabel_socp,3-41,model,4,17,0.0,K,0.0001,true
cf_vt_clarabel_socp,3-24,model,4,17,0.0,kPa,0.005199261864978687,true
cf_vt_clarabel_socp,3-41,model,4,17,0.0,K,0.0001,true
cf_vt_clarabel_socp,3-41,model,4,17,0.0,K,0.0001,true
cf_vt_clarabel_socp,3-24,model,4,17,0.0,kPa,0.005199261864978687,true
cf_vt_clarabel_socp,3-24-order,model,4,17,0.0,normalized,1.0e-6,true
cf_vt_clarabel_socp,3-21,model,4,18,0.0,kg/s,2.947222222222222e-5,true
cf_vt_clarabel_socp,3-43,model,4,18,0.0,kg/s,2.947222222222222e-5,true
cf_vt_clarabel_socp,3-17,model,4,18,1.1300481939091611e-9,MW,6.1e-5,true
cf_vt_clarabel_socp,3-17-original,physics,4,18,1.1300481939091611e-9,MW,6.1e-5,true
cf_vt_clarabel_socp,3-19:20,model,4,18,1.1300280711168398e-9,MW,6.1e-5,true
cf_vt_clarabel_socp,3-38,model,4,18,4.547473508864641e-12,K,0.0001,true
cf_vt_clarabel_socp,3-41,model,4,18,0.0,K,0.0001,true
cf_vt_clarabel_socp,3-41,model,4,18,0.0,K,0.0001,true
cf_vt_clarabel_socp,3-24,model,4,18,0.0,kPa,0.005199261864978687,true
cf_vt_clarabel_socp,3-41,model,4,18,0.0,K,0.0001,true
cf_vt_clarabel_socp,3-41,model,4,18,0.0,K,0.0001,true
cf_vt_clarabel_socp,3-24,model,4,18,0.0,kPa,0.005199261864978687,true
cf_vt_clarabel_socp,3-24-order,model,4,18,0.0,normalized,1.0e-6,true
cf_vt_clarabel_socp,3-21,model,4,19,0.0,kg/s,2.947222222222222e-5,true
cf_vt_clarabel_socp,3-43,model,4,19,0.0,kg/s,2.947222222222222e-5,true
cf_vt_clarabel_socp,3-17,model,4,19,1.4245874480067755e-9,MW,6.1e-5,true
cf_vt_clarabel_socp,3-17-original,physics,4,19,1.4245874480067755e-9,MW,6.1e-5,true
cf_vt_clarabel_socp,3-19:20,model,4,19,1.4245626345221751e-9,MW,6.1e-5,true
cf_vt_clarabel_socp,3-38,model,4,19,5.7411853049416095e-12,K,0.0001,true
cf_vt_clarabel_socp,3-41,model,4,19,0.0,K,0.0001,true
cf_vt_clarabel_socp,3-41,model,4,19,0.0,K,0.0001,true
cf_vt_clarabel_socp,3-24,model,4,19,0.0,kPa,0.005199261864978687,true
cf_vt_clarabel_socp,3-41,model,4,19,0.0,K,0.0001,true
cf_vt_clarabel_socp,3-41,model,4,19,0.0,K,0.0001,true
cf_vt_clarabel_socp,3-24,model,4,19,0.0,kPa,0.005199261864978687,true
cf_vt_clarabel_socp,3-24-order,model,4,19,0.0,normalized,1.0e-6,true
cf_vt_clarabel_socp,3-21,model,4,20,0.0,kg/s,2.947222222222222e-5,true
cf_vt_clarabel_socp,3-43,model,4,20,0.0,kg/s,2.947222222222222e-5,true
cf_vt_clarabel_socp,3-17,model,4,20,1.8539059176703176e-12,MW,6.1e-5,true
cf_vt_clarabel_socp,3-17-original,physics,4,20,1.8539059176703176e-12,MW,6.1e-5,true
cf_vt_clarabel_socp,3-19:20,model,4,20,1.853794895367855e-12,MW,6.1e-5,true
cf_vt_clarabel_socp,3-38,model,4,20,0.0,K,0.0001,true
cf_vt_clarabel_socp,3-41,model,4,20,0.0,K,0.0001,true
cf_vt_clarabel_socp,3-41,model,4,20,0.0,K,0.0001,true
cf_vt_clarabel_socp,3-24,model,4,20,0.0,kPa,0.005199261864978687,true
cf_vt_clarabel_socp,3-41,model,4,20,0.0,K,0.0001,true
cf_vt_clarabel_socp,3-41,model,4,20,0.0,K,0.0001,true
cf_vt_clarabel_socp,3-24,model,4,20,0.0,kPa,0.005199261864978687,true
cf_vt_clarabel_socp,3-24-order,model,4,20,0.0,normalized,1.0e-6,true
cf_vt_clarabel_socp,3-21,model,4,21,0.0,kg/s,2.947222222222222e-5,true
cf_vt_clarabel_socp,3-43,model,4,21,0.0,kg/s,2.947222222222222e-5,true
cf_vt_clarabel_socp,3-17,model,4,21,5.500619404408269e-11,MW,6.1e-5,true
cf_vt_clarabel_socp,3-17-original,physics,4,21,5.500619404408269e-11,MW,6.1e-5,true
cf_vt_clarabel_socp,3-19:20,model,4,21,5.5005278110087374e-11,MW,6.1e-5,true
cf_vt_clarabel_socp,3-38,model,4,21,2.2737367544323206e-13,K,0.0001,true
cf_vt_clarabel_socp,3-41,model,4,21,0.0,K,0.0001,true
cf_vt_clarabel_socp,3-41,model,4,21,0.0,K,0.0001,true
cf_vt_clarabel_socp,3-24,model,4,21,0.0,kPa,0.005199261864978687,true
cf_vt_clarabel_socp,3-41,model,4,21,0.0,K,0.0001,true
cf_vt_clarabel_socp,3-41,model,4,21,0.0,K,0.0001,true
cf_vt_clarabel_socp,3-24,model,4,21,0.0,kPa,0.005199261864978687,true
cf_vt_clarabel_socp,3-24-order,model,4,21,0.0,normalized,1.0e-6,true
cf_vt_clarabel_socp,3-21,model,4,22,0.0,kg/s,2.947222222222222e-5,true
cf_vt_clarabel_socp,3-43,model,4,22,0.0,kg/s,2.947222222222222e-5,true
cf_vt_clarabel_socp,3-17,model,4,22,1.2723988529472763e-12,MW,6.1e-5,true
cf_vt_clarabel_socp,3-17-original,physics,4,22,1.2723988529472763e-12,MW,6.1e-5,true
cf_vt_clarabel_socp,3-19:20,model,4,22,1.2724543640985075e-12,MW,6.1e-5,true
cf_vt_clarabel_socp,3-38,model,4,22,0.0,K,0.0001,true
cf_vt_clarabel_socp,3-41,model,4,22,0.0,K,0.0001,true
cf_vt_clarabel_socp,3-41,model,4,22,0.0,K,0.0001,true
cf_vt_clarabel_socp,3-24,model,4,22,0.0,kPa,0.005199261864978687,true
cf_vt_clarabel_socp,3-41,model,4,22,0.0,K,0.0001,true
cf_vt_clarabel_socp,3-41,model,4,22,0.0,K,0.0001,true
cf_vt_clarabel_socp,3-24,model,4,22,0.0,kPa,0.005199261864978687,true
cf_vt_clarabel_socp,3-24-order,model,4,22,0.0,normalized,1.0e-6,true
cf_vt_clarabel_socp,3-21,model,4,23,0.0,kg/s,2.947222222222222e-5,true
cf_vt_clarabel_socp,3-43,model,4,23,0.0,kg/s,2.947222222222222e-5,true
cf_vt_clarabel_socp,3-17,model,4,23,4.3842127536719566e-7,MW,6.1e-5,true
cf_vt_clarabel_socp,3-17-original,physics,4,23,4.3842127536719566e-7,MW,6.1e-5,true
cf_vt_clarabel_socp,3-19:20,model,4,23,4.384135414703394e-7,MW,6.1e-5,true
cf_vt_clarabel_socp,3-38,model,4,23,1.7609522728889715e-9,K,0.0001,true
cf_vt_clarabel_socp,3-41,model,4,23,0.0,K,0.0001,true
cf_vt_clarabel_socp,3-41,model,4,23,0.0,K,0.0001,true
cf_vt_clarabel_socp,3-24,model,4,23,0.0,kPa,0.005199261864978687,true
cf_vt_clarabel_socp,3-41,model,4,23,0.0,K,0.0001,true
cf_vt_clarabel_socp,3-41,model,4,23,0.0,K,0.0001,true
cf_vt_clarabel_socp,3-24,model,4,23,0.0,kPa,0.005199261864978687,true
cf_vt_clarabel_socp,3-24-order,model,4,23,0.0,normalized,1.0e-6,true
cf_vt_clarabel_socp,3-21,model,4,24,0.0,kg/s,2.947222222222222e-5,true
cf_vt_clarabel_socp,3-43,model,4,24,0.0,kg/s,2.947222222222222e-5,true
cf_vt_clarabel_socp,3-17,model,4,24,1.5017672189143738e-7,MW,6.1e-5,true
cf_vt_clarabel_socp,3-17-original,physics,4,24,1.5017672189143738e-7,MW,6.1e-5,true
cf_vt_clarabel_socp,3-19:20,model,4,24,1.5017407298256735e-7,MW,6.1e-5,true
cf_vt_clarabel_socp,3-38,model,4,24,6.032223609508947e-10,K,0.0001,true
cf_vt_clarabel_socp,3-41,model,4,24,0.0,K,0.0001,true
cf_vt_clarabel_socp,3-41,model,4,24,0.0,K,0.0001,true
cf_vt_clarabel_socp,3-24,model,4,24,0.0,kPa,0.005199261864978687,true
cf_vt_clarabel_socp,3-41,model,4,24,0.0,K,0.0001,true
cf_vt_clarabel_socp,3-41,model,4,24,0.0,K,0.0001,true
cf_vt_clarabel_socp,3-24,model,4,24,0.0,kPa,0.005199261864978687,true
cf_vt_clarabel_socp,3-24-order,model,4,24,0.0,normalized,1.0e-6,true
cf_vt_clarabel_socp,3-21,model,5,1,2.220446049250313e-16,kg/s,2.947222222222222e-5,true
cf_vt_clarabel_socp,3-43,model,5,1,0.0,kg/s,2.947222222222222e-5,true
cf_vt_clarabel_socp,3-17,model,5,1,3.390621117205228e-13,MW,6.1e-5,true
cf_vt_clarabel_socp,3-17-original,physics,5,1,3.390621117205228e-13,MW,6.1e-5,true
cf_vt_clarabel_socp,3-19:20,model,5,1,3.390621117205228e-13,MW,6.1e-5,true
cf_vt_clarabel_socp,3-38,model,5,1,0.0,K,0.0001,true
cf_vt_clarabel_socp,3-41,model,5,1,0.0,K,0.0001,true
cf_vt_clarabel_socp,3-41,model,5,1,0.0,K,0.0001,true
cf_vt_clarabel_socp,3-24,model,5,1,0.0,kPa,0.005199261864978687,true
cf_vt_clarabel_socp,3-41,model,5,1,0.0,K,0.0001,true
cf_vt_clarabel_socp,3-41,model,5,1,0.0,K,0.0001,true
cf_vt_clarabel_socp,3-24,model,5,1,0.0,kPa,0.005199261864978687,true
cf_vt_clarabel_socp,3-24-order,model,5,1,0.0,normalized,1.0e-6,true
cf_vt_clarabel_socp,3-21,model,5,2,2.220446049250313e-16,kg/s,2.947222222222222e-5,true
cf_vt_clarabel_socp,3-43,model,5,2,0.0,kg/s,2.947222222222222e-5,true
cf_vt_clarabel_socp,3-17,model,5,2,8.670841822322473e-14,MW,6.1e-5,true
cf_vt_clarabel_socp,3-17-original,physics,5,2,8.670841822322473e-14,MW,6.1e-5,true
cf_vt_clarabel_socp,3-19:20,model,5,2,8.681944052568724e-14,MW,6.1e-5,true
cf_vt_clarabel_socp,3-38,model,5,2,0.0,K,0.0001,true
cf_vt_clarabel_socp,3-41,model,5,2,0.0,K,0.0001,true
cf_vt_clarabel_socp,3-41,model,5,2,0.0,K,0.0001,true
cf_vt_clarabel_socp,3-24,model,5,2,0.0,kPa,0.005199261864978687,true
cf_vt_clarabel_socp,3-41,model,5,2,0.0,K,0.0001,true
cf_vt_clarabel_socp,3-41,model,5,2,0.0,K,0.0001,true
cf_vt_clarabel_socp,3-24,model,5,2,0.0,kPa,0.005199261864978687,true
cf_vt_clarabel_socp,3-24-order,model,5,2,0.0,normalized,1.0e-6,true
cf_vt_clarabel_socp,3-21,model,5,3,2.220446049250313e-16,kg/s,2.947222222222222e-5,true
cf_vt_clarabel_socp,3-43,model,5,3,0.0,kg/s,2.947222222222222e-5,true
cf_vt_clarabel_socp,3-17,model,5,3,2.786659791809143e-14,MW,6.1e-5,true
cf_vt_clarabel_socp,3-17-original,physics,5,3,2.786659791809143e-14,MW,6.1e-5,true
cf_vt_clarabel_socp,3-19:20,model,5,3,2.786659791809143e-14,MW,6.1e-5,true
cf_vt_clarabel_socp,3-38,model,5,3,0.0,K,0.0001,true
cf_vt_clarabel_socp,3-41,model,5,3,0.0,K,0.0001,true
cf_vt_clarabel_socp,3-41,model,5,3,0.0,K,0.0001,true
cf_vt_clarabel_socp,3-24,model,5,3,0.0,kPa,0.005199261864978687,true
cf_vt_clarabel_socp,3-41,model,5,3,0.0,K,0.0001,true
cf_vt_clarabel_socp,3-41,model,5,3,0.0,K,0.0001,true
cf_vt_clarabel_socp,3-24,model,5,3,0.0,kPa,0.005199261864978687,true
cf_vt_clarabel_socp,3-24-order,model,5,3,0.0,normalized,1.0e-6,true
cf_vt_clarabel_socp,3-21,model,5,4,2.220446049250313e-16,kg/s,2.947222222222222e-5,true
cf_vt_clarabel_socp,3-43,model,5,4,0.0,kg/s,2.947222222222222e-5,true
cf_vt_clarabel_socp,3-17,model,5,4,4.987676938128516e-14,MW,6.1e-5,true
cf_vt_clarabel_socp,3-17-original,physics,5,4,4.987676938128516e-14,MW,6.1e-5,true
cf_vt_clarabel_socp,3-19:20,model,5,4,5.012656956182582e-14,MW,6.1e-5,true
cf_vt_clarabel_socp,3-38,model,5,4,0.0,K,0.0001,true
cf_vt_clarabel_socp,3-41,model,5,4,0.0,K,0.0001,true
cf_vt_clarabel_socp,3-41,model,5,4,0.0,K,0.0001,true
cf_vt_clarabel_socp,3-24,model,5,4,0.0,kPa,0.005199261864978687,true
cf_vt_clarabel_socp,3-41,model,5,4,0.0,K,0.0001,true
cf_vt_clarabel_socp,3-41,model,5,4,0.0,K,0.0001,true
cf_vt_clarabel_socp,3-24,model,5,4,0.0,kPa,0.005199261864978687,true
cf_vt_clarabel_socp,3-24-order,model,5,4,0.0,normalized,1.0e-6,true
cf_vt_clarabel_socp,3-21,model,5,5,2.220446049250313e-16,kg/s,2.947222222222222e-5,true
cf_vt_clarabel_socp,3-43,model,5,5,0.0,kg/s,2.947222222222222e-5,true
cf_vt_clarabel_socp,3-17,model,5,5,1.0483280910023041e-13,MW,6.1e-5,true
cf_vt_clarabel_socp,3-17-original,physics,5,5,1.0483280910023041e-13,MW,6.1e-5,true
cf_vt_clarabel_socp,3-19:20,model,5,5,1.0474954237338352e-13,MW,6.1e-5,true
cf_vt_clarabel_socp,3-38,model,5,5,0.0,K,0.0001,true
cf_vt_clarabel_socp,3-41,model,5,5,0.0,K,0.0001,true
cf_vt_clarabel_socp,3-41,model,5,5,0.0,K,0.0001,true
cf_vt_clarabel_socp,3-24,model,5,5,0.0,kPa,0.005199261864978687,true
cf_vt_clarabel_socp,3-41,model,5,5,0.0,K,0.0001,true
cf_vt_clarabel_socp,3-41,model,5,5,0.0,K,0.0001,true
cf_vt_clarabel_socp,3-24,model,5,5,0.0,kPa,0.005199261864978687,true
cf_vt_clarabel_socp,3-24-order,model,5,5,0.0,normalized,1.0e-6,true
cf_vt_clarabel_socp,3-21,model,5,6,2.220446049250313e-16,kg/s,2.947222222222222e-5,true
cf_vt_clarabel_socp,3-43,model,5,6,0.0,kg/s,2.947222222222222e-5,true
cf_vt_clarabel_socp,3-17,model,5,6,1.6389667401028873e-13,MW,6.1e-5,true
cf_vt_clarabel_socp,3-17-original,physics,5,6,1.6389667401028873e-13,MW,6.1e-5,true
cf_vt_clarabel_socp,3-19:20,model,5,6,1.6395218516152e-13,MW,6.1e-5,true
cf_vt_clarabel_socp,3-38,model,5,6,0.0,K,0.0001,true
cf_vt_clarabel_socp,3-41,model,5,6,0.0,K,0.0001,true
cf_vt_clarabel_socp,3-41,model,5,6,0.0,K,0.0001,true
cf_vt_clarabel_socp,3-24,model,5,6,0.0,kPa,0.005199261864978687,true
cf_vt_clarabel_socp,3-41,model,5,6,0.0,K,0.0001,true
cf_vt_clarabel_socp,3-41,model,5,6,0.0,K,0.0001,true
cf_vt_clarabel_socp,3-24,model,5,6,0.0,kPa,0.005199261864978687,true
cf_vt_clarabel_socp,3-24-order,model,5,6,0.0,normalized,1.0e-6,true
cf_vt_clarabel_socp,3-21,model,5,7,2.220446049250313e-16,kg/s,2.947222222222222e-5,true
cf_vt_clarabel_socp,3-43,model,5,7,0.0,kg/s,2.947222222222222e-5,true
cf_vt_clarabel_socp,3-17,model,5,7,9.042488979815744e-13,MW,6.1e-5,true
cf_vt_clarabel_socp,3-17-original,physics,5,7,9.042488979815744e-13,MW,6.1e-5,true
cf_vt_clarabel_socp,3-19:20,model,5,7,9.0427665355719e-13,MW,6.1e-5,true
cf_vt_clarabel_socp,3-38,model,5,7,0.0,K,0.0001,true
cf_vt_clarabel_socp,3-41,model,5,7,0.0,K,0.0001,true
cf_vt_clarabel_socp,3-41,model,5,7,0.0,K,0.0001,true
cf_vt_clarabel_socp,3-24,model,5,7,0.0,kPa,0.005199261864978687,true
cf_vt_clarabel_socp,3-41,model,5,7,0.0,K,0.0001,true
cf_vt_clarabel_socp,3-41,model,5,7,0.0,K,0.0001,true
cf_vt_clarabel_socp,3-24,model,5,7,0.0,kPa,0.005199261864978687,true
cf_vt_clarabel_socp,3-24-order,model,5,7,0.0,normalized,1.0e-6,true
cf_vt_clarabel_socp,3-21,model,5,8,2.220446049250313e-16,kg/s,2.947222222222222e-5,true
cf_vt_clarabel_socp,3-43,model,5,8,0.0,kg/s,2.947222222222222e-5,true
cf_vt_clarabel_socp,3-17,model,5,8,1.1801670751765414e-12,MW,6.1e-5,true
cf_vt_clarabel_socp,3-17-original,physics,5,8,1.1801670751765414e-12,MW,6.1e-5,true
cf_vt_clarabel_socp,3-19:20,model,5,8,1.1802225863277727e-12,MW,6.1e-5,true
cf_vt_clarabel_socp,3-38,model,5,8,0.0,K,0.0001,true
cf_vt_clarabel_socp,3-41,model,5,8,0.0,K,0.0001,true
cf_vt_clarabel_socp,3-41,model,5,8,0.0,K,0.0001,true
cf_vt_clarabel_socp,3-24,model,5,8,0.0,kPa,0.005199261864978687,true
cf_vt_clarabel_socp,3-41,model,5,8,0.0,K,0.0001,true
cf_vt_clarabel_socp,3-41,model,5,8,0.0,K,0.0001,true
cf_vt_clarabel_socp,3-24,model,5,8,0.0,kPa,0.005199261864978687,true
cf_vt_clarabel_socp,3-24-order,model,5,8,0.0,normalized,1.0e-6,true
cf_vt_clarabel_socp,3-21,model,5,9,2.220446049250313e-16,kg/s,2.947222222222222e-5,true
cf_vt_clarabel_socp,3-43,model,5,9,0.0,kg/s,2.947222222222222e-5,true
cf_vt_clarabel_socp,3-17,model,5,9,1.0417777751570156e-12,MW,6.1e-5,true
cf_vt_clarabel_socp,3-17-original,physics,5,9,1.0417777751570156e-12,MW,6.1e-5,true
cf_vt_clarabel_socp,3-19:20,model,5,9,1.0418887974594782e-12,MW,6.1e-5,true
cf_vt_clarabel_socp,3-38,model,5,9,0.0,K,0.0001,true
cf_vt_clarabel_socp,3-41,model,5,9,0.0,K,0.0001,true
cf_vt_clarabel_socp,3-41,model,5,9,0.0,K,0.0001,true
cf_vt_clarabel_socp,3-24,model,5,9,0.0,kPa,0.005199261864978687,true
cf_vt_clarabel_socp,3-41,model,5,9,0.0,K,0.0001,true
cf_vt_clarabel_socp,3-41,model,5,9,0.0,K,0.0001,true
cf_vt_clarabel_socp,3-24,model,5,9,0.0,kPa,0.005199261864978687,true
cf_vt_clarabel_socp,3-24-order,model,5,9,0.0,normalized,1.0e-6,true
cf_vt_clarabel_socp,3-21,model,5,10,2.220446049250313e-16,kg/s,2.947222222222222e-5,true
cf_vt_clarabel_socp,3-43,model,5,10,0.0,kg/s,2.947222222222222e-5,true
cf_vt_clarabel_socp,3-17,model,5,10,2.9593272277139704e-12,MW,6.1e-5,true
cf_vt_clarabel_socp,3-17-original,physics,5,10,2.9593272277139704e-12,MW,6.1e-5,true
cf_vt_clarabel_socp,3-19:20,model,5,10,2.959216205411508e-12,MW,6.1e-5,true
cf_vt_clarabel_socp,3-38,model,5,10,0.0,K,0.0001,true
cf_vt_clarabel_socp,3-41,model,5,10,0.0,K,0.0001,true
cf_vt_clarabel_socp,3-41,model,5,10,0.0,K,0.0001,true
cf_vt_clarabel_socp,3-24,model,5,10,0.0,kPa,0.005199261864978687,true
cf_vt_clarabel_socp,3-41,model,5,10,0.0,K,0.0001,true
cf_vt_clarabel_socp,3-41,model,5,10,0.0,K,0.0001,true
cf_vt_clarabel_socp,3-24,model,5,10,0.0,kPa,0.005199261864978687,true
cf_vt_clarabel_socp,3-24-order,model,5,10,0.0,normalized,1.0e-6,true
cf_vt_clarabel_socp,3-21,model,5,11,2.220446049250313e-16,kg/s,2.947222222222222e-5,true
cf_vt_clarabel_socp,3-43,model,5,11,0.0,kg/s,2.947222222222222e-5,true
cf_vt_clarabel_socp,3-17,model,5,11,1.2927686698915863e-11,MW,6.1e-5,true
cf_vt_clarabel_socp,3-17-original,physics,5,11,1.2927686698915863e-11,MW,6.1e-5,true
cf_vt_clarabel_socp,3-19:20,model,5,11,1.2927603432189017e-11,MW,6.1e-5,true
cf_vt_clarabel_socp,3-38,model,5,11,5.684341886080802e-14,K,0.0001,true
cf_vt_clarabel_socp,3-41,model,5,11,0.0,K,0.0001,true
cf_vt_clarabel_socp,3-41,model,5,11,0.0,K,0.0001,true
cf_vt_clarabel_socp,3-24,model,5,11,0.0,kPa,0.005199261864978687,true
cf_vt_clarabel_socp,3-41,model,5,11,0.0,K,0.0001,true
cf_vt_clarabel_socp,3-41,model,5,11,0.0,K,0.0001,true
cf_vt_clarabel_socp,3-24,model,5,11,0.0,kPa,0.005199261864978687,true
cf_vt_clarabel_socp,3-24-order,model,5,11,0.0,normalized,1.0e-6,true
cf_vt_clarabel_socp,3-21,model,5,12,2.220446049250313e-16,kg/s,2.947222222222222e-5,true
cf_vt_clarabel_socp,3-43,model,5,12,0.0,kg/s,2.947222222222222e-5,true
cf_vt_clarabel_socp,3-17,model,5,12,2.0038581904913144e-11,MW,6.1e-5,true
cf_vt_clarabel_socp,3-17-original,physics,5,12,2.0038581904913144e-11,MW,6.1e-5,true
cf_vt_clarabel_socp,3-19:20,model,5,12,2.0038387615883835e-11,MW,6.1e-5,true
cf_vt_clarabel_socp,3-38,model,5,12,5.684341886080802e-14,K,0.0001,true
cf_vt_clarabel_socp,3-41,model,5,12,0.0,K,0.0001,true
cf_vt_clarabel_socp,3-41,model,5,12,0.0,K,0.0001,true
cf_vt_clarabel_socp,3-24,model,5,12,0.0,kPa,0.005199261864978687,true
cf_vt_clarabel_socp,3-41,model,5,12,0.0,K,0.0001,true
cf_vt_clarabel_socp,3-41,model,5,12,0.0,K,0.0001,true
cf_vt_clarabel_socp,3-24,model,5,12,0.0,kPa,0.005199261864978687,true
cf_vt_clarabel_socp,3-24-order,model,5,12,0.0,normalized,1.0e-6,true
cf_vt_clarabel_socp,3-21,model,5,13,2.220446049250313e-16,kg/s,2.947222222222222e-5,true
cf_vt_clarabel_socp,3-43,model,5,13,0.0,kg/s,2.947222222222222e-5,true
cf_vt_clarabel_socp,3-17,model,5,13,1.3598011605608917e-12,MW,6.1e-5,true
cf_vt_clarabel_socp,3-17-original,physics,5,13,1.3598011605608917e-12,MW,6.1e-5,true
cf_vt_clarabel_socp,3-19:20,model,5,13,1.3599676940145855e-12,MW,6.1e-5,true
cf_vt_clarabel_socp,3-38,model,5,13,0.0,K,0.0001,true
cf_vt_clarabel_socp,3-41,model,5,13,0.0,K,0.0001,true
cf_vt_clarabel_socp,3-41,model,5,13,0.0,K,0.0001,true
cf_vt_clarabel_socp,3-24,model,5,13,0.0,kPa,0.005199261864978687,true
cf_vt_clarabel_socp,3-41,model,5,13,0.0,K,0.0001,true
cf_vt_clarabel_socp,3-41,model,5,13,0.0,K,0.0001,true
cf_vt_clarabel_socp,3-24,model,5,13,0.0,kPa,0.005199261864978687,true
cf_vt_clarabel_socp,3-24-order,model,5,13,0.0,normalized,1.0e-6,true
cf_vt_clarabel_socp,3-21,model,5,14,2.220446049250313e-16,kg/s,2.947222222222222e-5,true
cf_vt_clarabel_socp,3-43,model,5,14,0.0,kg/s,2.947222222222222e-5,true
cf_vt_clarabel_socp,3-17,model,5,14,2.196082204974914e-11,MW,6.1e-5,true
cf_vt_clarabel_socp,3-17-original,physics,5,14,2.196082204974914e-11,MW,6.1e-5,true
cf_vt_clarabel_socp,3-19:20,model,5,14,2.196037796053929e-11,MW,6.1e-5,true
cf_vt_clarabel_socp,3-38,model,5,14,1.1368683772161603e-13,K,0.0001,true
cf_vt_clarabel_socp,3-41,model,5,14,0.0,K,0.0001,true
cf_vt_clarabel_socp,3-41,model,5,14,0.0,K,0.0001,true
cf_vt_clarabel_socp,3-24,model,5,14,0.0,kPa,0.005199261864978687,true
cf_vt_clarabel_socp,3-41,model,5,14,0.0,K,0.0001,true
cf_vt_clarabel_socp,3-41,model,5,14,0.0,K,0.0001,true
cf_vt_clarabel_socp,3-24,model,5,14,0.0,kPa,0.005199261864978687,true
cf_vt_clarabel_socp,3-24-order,model,5,14,0.0,normalized,1.0e-6,true
cf_vt_clarabel_socp,3-21,model,5,15,2.220446049250313e-16,kg/s,2.947222222222222e-5,true
cf_vt_clarabel_socp,3-43,model,5,15,0.0,kg/s,2.947222222222222e-5,true
cf_vt_clarabel_socp,3-17,model,5,15,2.0463192251796158e-10,MW,6.1e-5,true
cf_vt_clarabel_socp,3-17-original,physics,5,15,2.0463192251796158e-10,MW,6.1e-5,true
cf_vt_clarabel_socp,3-19:20,model,5,15,2.0462831429313155e-10,MW,6.1e-5,true
cf_vt_clarabel_socp,3-38,model,5,15,7.958078640513122e-13,K,0.0001,true
cf_vt_clarabel_socp,3-41,model,5,15,0.0,K,0.0001,true
cf_vt_clarabel_socp,3-41,model,5,15,0.0,K,0.0001,true
cf_vt_clarabel_socp,3-24,model,5,15,0.0,kPa,0.005199261864978687,true
cf_vt_clarabel_socp,3-41,model,5,15,0.0,K,0.0001,true
cf_vt_clarabel_socp,3-41,model,5,15,0.0,K,0.0001,true
cf_vt_clarabel_socp,3-24,model,5,15,0.0,kPa,0.005199261864978687,true
cf_vt_clarabel_socp,3-24-order,model,5,15,0.0,normalized,1.0e-6,true
cf_vt_clarabel_socp,3-21,model,5,16,2.220446049250313e-16,kg/s,2.947222222222222e-5,true
cf_vt_clarabel_socp,3-43,model,5,16,0.0,kg/s,2.947222222222222e-5,true
cf_vt_clarabel_socp,3-17,model,5,16,8.184190269933111e-10,MW,6.1e-5,true
cf_vt_clarabel_socp,3-17-original,physics,5,16,8.184190269933111e-10,MW,6.1e-5,true
cf_vt_clarabel_socp,3-19:20,model,5,16,8.184046496051423e-10,MW,6.1e-5,true
cf_vt_clarabel_socp,3-38,model,5,16,3.296918293926865e-12,K,0.0001,true
cf_vt_clarabel_socp,3-41,model,5,16,0.0,K,0.0001,true
cf_vt_clarabel_socp,3-41,model,5,16,0.0,K,0.0001,true
cf_vt_clarabel_socp,3-24,model,5,16,0.0,kPa,0.005199261864978687,true
cf_vt_clarabel_socp,3-41,model,5,16,0.0,K,0.0001,true
cf_vt_clarabel_socp,3-41,model,5,16,0.0,K,0.0001,true
cf_vt_clarabel_socp,3-24,model,5,16,0.0,kPa,0.005199261864978687,true
cf_vt_clarabel_socp,3-24-order,model,5,16,0.0,normalized,1.0e-6,true
cf_vt_clarabel_socp,3-21,model,5,17,2.220446049250313e-16,kg/s,2.947222222222222e-5,true
cf_vt_clarabel_socp,3-43,model,5,17,0.0,kg/s,2.947222222222222e-5,true
cf_vt_clarabel_socp,3-17,model,5,17,1.412825578750443e-9,MW,6.1e-5,true
cf_vt_clarabel_socp,3-17-original,physics,5,17,1.412825578750443e-9,MW,6.1e-5,true
cf_vt_clarabel_socp,3-19:20,model,5,17,1.4128005709768132e-9,MW,6.1e-5,true
cf_vt_clarabel_socp,3-38,model,5,17,5.6843418860808015e-12,K,0.0001,true
cf_vt_clarabel_socp,3-41,model,5,17,0.0,K,0.0001,true
cf_vt_clarabel_socp,3-41,model,5,17,0.0,K,0.0001,true
cf_vt_clarabel_socp,3-24,model,5,17,0.0,kPa,0.005199261864978687,true
cf_vt_clarabel_socp,3-41,model,5,17,0.0,K,0.0001,true
cf_vt_clarabel_socp,3-41,model,5,17,0.0,K,0.0001,true
cf_vt_clarabel_socp,3-24,model,5,17,0.0,kPa,0.005199261864978687,true
cf_vt_clarabel_socp,3-24-order,model,5,17,0.0,normalized,1.0e-6,true
cf_vt_clarabel_socp,3-21,model,5,18,2.220446049250313e-16,kg/s,2.947222222222222e-5,true
cf_vt_clarabel_socp,3-43,model,5,18,0.0,kg/s,2.947222222222222e-5,true
cf_vt_clarabel_socp,3-17,model,5,18,3.8475622687883515e-10,MW,6.1e-5,true
cf_vt_clarabel_socp,3-17-original,physics,5,18,3.8475622687883515e-10,MW,6.1e-5,true
cf_vt_clarabel_socp,3-19:20,model,5,18,3.8474945451838494e-10,MW,6.1e-5,true
cf_vt_clarabel_socp,3-38,model,5,18,1.5916157281026244e-12,K,0.0001,true
cf_vt_clarabel_socp,3-41,model,5,18,0.0,K,0.0001,true
cf_vt_clarabel_socp,3-41,model,5,18,0.0,K,0.0001,true
cf_vt_clarabel_socp,3-24,model,5,18,0.0,kPa,0.005199261864978687,true
cf_vt_clarabel_socp,3-41,model,5,18,0.0,K,0.0001,true
cf_vt_clarabel_socp,3-41,model,5,18,0.0,K,0.0001,true
cf_vt_clarabel_socp,3-24,model,5,18,0.0,kPa,0.005199261864978687,true
cf_vt_clarabel_socp,3-24-order,model,5,18,0.0,normalized,1.0e-6,true
cf_vt_clarabel_socp,3-21,model,5,19,2.220446049250313e-16,kg/s,2.947222222222222e-5,true
cf_vt_clarabel_socp,3-43,model,5,19,0.0,kg/s,2.947222222222222e-5,true
cf_vt_clarabel_socp,3-17,model,5,19,9.806235268250418e-10,MW,6.1e-5,true
cf_vt_clarabel_socp,3-17-original,physics,5,19,9.806235268250418e-10,MW,6.1e-5,true
cf_vt_clarabel_socp,3-19:20,model,5,19,9.80606262857009e-10,MW,6.1e-5,true
cf_vt_clarabel_socp,3-38,model,5,19,3.979039320256561e-12,K,0.0001,true
cf_vt_clarabel_socp,3-41,model,5,19,0.0,K,0.0001,true
cf_vt_clarabel_socp,3-41,model,5,19,0.0,K,0.0001,true
cf_vt_clarabel_socp,3-24,model,5,19,0.0,kPa,0.005199261864978687,true
cf_vt_clarabel_socp,3-41,model,5,19,0.0,K,0.0001,true
cf_vt_clarabel_socp,3-41,model,5,19,0.0,K,0.0001,true
cf_vt_clarabel_socp,3-24,model,5,19,0.0,kPa,0.005199261864978687,true
cf_vt_clarabel_socp,3-24-order,model,5,19,0.0,normalized,1.0e-6,true
cf_vt_clarabel_socp,3-21,model,5,20,2.220446049250313e-16,kg/s,2.947222222222222e-5,true
cf_vt_clarabel_socp,3-43,model,5,20,0.0,kg/s,2.947222222222222e-5,true
cf_vt_clarabel_socp,3-17,model,5,20,1.640601543506648e-11,MW,6.1e-5,true
cf_vt_clarabel_socp,3-17-original,physics,5,20,1.640601543506648e-11,MW,6.1e-5,true
cf_vt_clarabel_socp,3-19:20,model,5,20,1.6405765634885938e-11,MW,6.1e-5,true
cf_vt_clarabel_socp,3-38,model,5,20,5.684341886080802e-14,K,0.0001,true
cf_vt_clarabel_socp,3-41,model,5,20,0.0,K,0.0001,true
cf_vt_clarabel_socp,3-41,model,5,20,0.0,K,0.0001,true
cf_vt_clarabel_socp,3-24,model,5,20,0.0,kPa,0.005199261864978687,true
cf_vt_clarabel_socp,3-41,model,5,20,0.0,K,0.0001,true
cf_vt_clarabel_socp,3-41,model,5,20,0.0,K,0.0001,true
cf_vt_clarabel_socp,3-24,model,5,20,0.0,kPa,0.005199261864978687,true
cf_vt_clarabel_socp,3-24-order,model,5,20,0.0,normalized,1.0e-6,true
cf_vt_clarabel_socp,3-21,model,5,21,2.220446049250313e-16,kg/s,2.947222222222222e-5,true
cf_vt_clarabel_socp,3-43,model,5,21,0.0,kg/s,2.947222222222222e-5,true
cf_vt_clarabel_socp,3-17,model,5,21,1.2008716993028301e-8,MW,6.1e-5,true
cf_vt_clarabel_socp,3-17-original,physics,5,21,1.2008716993028301e-8,MW,6.1e-5,true
cf_vt_clarabel_socp,3-19:20,model,5,21,1.2008505162475203e-8,MW,6.1e-5,true
cf_vt_clarabel_socp,3-38,model,5,21,4.8260062612826005e-11,K,0.0001,true
cf_vt_clarabel_socp,3-41,model,5,21,0.0,K,0.0001,true
cf_vt_clarabel_socp,3-41,model,5,21,0.0,K,0.0001,true
cf_vt_clarabel_socp,3-24,model,5,21,0.0,kPa,0.005199261864978687,true
cf_vt_clarabel_socp,3-41,model,5,21,0.0,K,0.0001,true
cf_vt_clarabel_socp,3-41,model,5,21,0.0,K,0.0001,true
cf_vt_clarabel_socp,3-24,model,5,21,0.0,kPa,0.005199261864978687,true
cf_vt_clarabel_socp,3-24-order,model,5,21,0.0,normalized,1.0e-6,true
cf_vt_clarabel_socp,3-21,model,5,22,2.220446049250313e-16,kg/s,2.947222222222222e-5,true
cf_vt_clarabel_socp,3-43,model,5,22,0.0,kg/s,2.947222222222222e-5,true
cf_vt_clarabel_socp,3-17,model,5,22,1.4307783516298578e-7,MW,6.1e-5,true
cf_vt_clarabel_socp,3-17-original,physics,5,22,1.4307783516298578e-7,MW,6.1e-5,true
cf_vt_clarabel_socp,3-19:20,model,5,22,1.430753112929839e-7,MW,6.1e-5,true
cf_vt_clarabel_socp,3-38,model,5,22,5.74686964682769e-10,K,0.0001,true
cf_vt_clarabel_socp,3-41,model,5,22,0.0,K,0.0001,true
cf_vt_clarabel_socp,3-41,model,5,22,0.0,K,0.0001,true
cf_vt_clarabel_socp,3-24,model,5,22,0.0,kPa,0.005199261864978687,true
cf_vt_clarabel_socp,3-41,model,5,22,0.0,K,0.0001,true
cf_vt_clarabel_socp,3-41,model,5,22,0.0,K,0.0001,true
cf_vt_clarabel_socp,3-24,model,5,22,0.0,kPa,0.005199261864978687,true
cf_vt_clarabel_socp,3-24-order,model,5,22,0.0,normalized,1.0e-6,true
cf_vt_clarabel_socp,3-21,model,5,23,2.220446049250313e-16,kg/s,2.947222222222222e-5,true
cf_vt_clarabel_socp,3-43,model,5,23,0.0,kg/s,2.947222222222222e-5,true
cf_vt_clarabel_socp,3-17,model,5,23,4.1806456294035677e-7,MW,6.1e-5,true
cf_vt_clarabel_socp,3-17-original,physics,5,23,4.1806456294035677e-7,MW,6.1e-5,true
cf_vt_clarabel_socp,3-19:20,model,5,23,4.1805718831167127e-7,MW,6.1e-5,true
cf_vt_clarabel_socp,3-38,model,5,23,1.6792114365671296e-9,K,0.0001,true
cf_vt_clarabel_socp,3-41,model,5,23,0.0,K,0.0001,true
cf_vt_clarabel_socp,3-41,model,5,23,0.0,K,0.0001,true
cf_vt_clarabel_socp,3-24,model,5,23,0.0,kPa,0.005199261864978687,true
cf_vt_clarabel_socp,3-41,model,5,23,0.0,K,0.0001,true
cf_vt_clarabel_socp,3-41,model,5,23,0.0,K,0.0001,true
cf_vt_clarabel_socp,3-24,model,5,23,0.0,kPa,0.005199261864978687,true
cf_vt_clarabel_socp,3-24-order,model,5,23,0.0,normalized,1.0e-6,true
cf_vt_clarabel_socp,3-21,model,5,24,2.220446049250313e-16,kg/s,2.947222222222222e-5,true
cf_vt_clarabel_socp,3-43,model,5,24,0.0,kg/s,2.947222222222222e-5,true
cf_vt_clarabel_socp,3-17,model,5,24,1.371161499064133e-7,MW,6.1e-5,true
cf_vt_clarabel_socp,3-17-original,physics,5,24,1.371161499064133e-7,MW,6.1e-5,true
cf_vt_clarabel_socp,3-19:20,model,5,24,1.3711373142433203e-7,MW,6.1e-5,true
cf_vt_clarabel_socp,3-38,model,5,24,5.507558853423689e-10,K,0.0001,true
cf_vt_clarabel_socp,3-41,model,5,24,0.0,K,0.0001,true
cf_vt_clarabel_socp,3-41,model,5,24,0.0,K,0.0001,true
cf_vt_clarabel_socp,3-24,model,5,24,0.0,kPa,0.005199261864978687,true
cf_vt_clarabel_socp,3-41,model,5,24,0.0,K,0.0001,true
cf_vt_clarabel_socp,3-41,model,5,24,0.0,K,0.0001,true
cf_vt_clarabel_socp,3-24,model,5,24,0.0,kPa,0.005199261864978687,true
cf_vt_clarabel_socp,3-24-order,model,5,24,0.0,normalized,1.0e-6,true
cf_vt_clarabel_socp,3-21,model,6,1,1.1102230246251565e-16,kg/s,2.947222222222222e-5,true
cf_vt_clarabel_socp,3-43,model,6,1,0.0,kg/s,2.947222222222222e-5,true
cf_vt_clarabel_socp,3-17,model,6,1,2.2160051571518125e-13,MW,6.1e-5,true
cf_vt_clarabel_socp,3-17-original,physics,6,1,2.2160051571518125e-13,MW,6.1e-5,true
cf_vt_clarabel_socp,3-19:20,model,6,1,2.217392935932594e-13,MW,6.1e-5,true
cf_vt_clarabel_socp,3-38,model,6,1,0.0,K,0.0001,true
cf_vt_clarabel_socp,3-41,model,6,1,0.0,K,0.0001,true
cf_vt_clarabel_socp,3-41,model,6,1,0.0,K,0.0001,true
cf_vt_clarabel_socp,3-24,model,6,1,0.0,kPa,0.005199261864978687,true
cf_vt_clarabel_socp,3-41,model,6,1,0.0,K,0.0001,true
cf_vt_clarabel_socp,3-41,model,6,1,0.0,K,0.0001,true
cf_vt_clarabel_socp,3-24,model,6,1,0.0,kPa,0.005199261864978687,true
cf_vt_clarabel_socp,3-24-order,model,6,1,0.0,normalized,1.0e-6,true
cf_vt_clarabel_socp,3-21,model,6,2,1.1102230246251565e-16,kg/s,2.947222222222222e-5,true
cf_vt_clarabel_socp,3-43,model,6,2,0.0,kg/s,2.947222222222222e-5,true
cf_vt_clarabel_socp,3-17,model,6,2,2.3217539002473586e-13,MW,6.1e-5,true
cf_vt_clarabel_socp,3-17-original,physics,6,2,2.3217539002473586e-13,MW,6.1e-5,true
cf_vt_clarabel_socp,3-19:20,model,6,2,2.3206436772227335e-13,MW,6.1e-5,true
cf_vt_clarabel_socp,3-38,model,6,2,0.0,K,0.0001,true
cf_vt_clarabel_socp,3-41,model,6,2,0.0,K,0.0001,true
cf_vt_clarabel_socp,3-41,model,6,2,0.0,K,0.0001,true
cf_vt_clarabel_socp,3-24,model,6,2,0.0,kPa,0.005199261864978687,true
cf_vt_clarabel_socp,3-41,model,6,2,0.0,K,0.0001,true
cf_vt_clarabel_socp,3-41,model,6,2,0.0,K,0.0001,true
cf_vt_clarabel_socp,3-24,model,6,2,0.0,kPa,0.005199261864978687,true
cf_vt_clarabel_socp,3-24-order,model,6,2,0.0,normalized,1.0e-6,true
cf_vt_clarabel_socp,3-21,model,6,3,1.1102230246251565e-16,kg/s,2.947222222222222e-5,true
cf_vt_clarabel_socp,3-43,model,6,3,0.0,kg/s,2.947222222222222e-5,true
cf_vt_clarabel_socp,3-17,model,6,3,3.647082635893639e-13,MW,6.1e-5,true
cf_vt_clarabel_socp,3-17-original,physics,6,3,3.647082635893639e-13,MW,6.1e-5,true
cf_vt_clarabel_socp,3-19:20,model,6,3,3.645972412869014e-13,MW,6.1e-5,true
cf_vt_clarabel_socp,3-38,model,6,3,2.2737367544323206e-12,K,0.0001,true
cf_vt_clarabel_socp,3-41,model,6,3,0.0,K,0.0001,true
cf_vt_clarabel_socp,3-41,model,6,3,0.0,K,0.0001,true
cf_vt_clarabel_socp,3-24,model,6,3,0.0,kPa,0.005199261864978687,true
cf_vt_clarabel_socp,3-41,model,6,3,0.0,K,0.0001,true
cf_vt_clarabel_socp,3-41,model,6,3,0.0,K,0.0001,true
cf_vt_clarabel_socp,3-24,model,6,3,0.0,kPa,0.005199261864978687,true
cf_vt_clarabel_socp,3-24-order,model,6,3,0.0,normalized,1.0e-6,true
cf_vt_clarabel_socp,3-21,model,6,4,1.1102230246251565e-16,kg/s,2.947222222222222e-5,true
cf_vt_clarabel_socp,3-43,model,6,4,0.0,kg/s,2.947222222222222e-5,true
cf_vt_clarabel_socp,3-17,model,6,4,2.9043434324194095e-13,MW,6.1e-5,true
cf_vt_clarabel_socp,3-17-original,physics,6,4,2.9043434324194095e-13,MW,6.1e-5,true
cf_vt_clarabel_socp,3-19:20,model,6,4,2.9024005421263155e-13,MW,6.1e-5,true
cf_vt_clarabel_socp,3-38,model,6,4,0.0,K,0.0001,true
cf_vt_clarabel_socp,3-41,model,6,4,0.0,K,0.0001,true
cf_vt_clarabel_socp,3-41,model,6,4,0.0,K,0.0001,true
cf_vt_clarabel_socp,3-24,model,6,4,0.0,kPa,0.005199261864978687,true
cf_vt_clarabel_socp,3-41,model,6,4,0.0,K,0.0001,true
cf_vt_clarabel_socp,3-41,model,6,4,0.0,K,0.0001,true
cf_vt_clarabel_socp,3-24,model,6,4,0.0,kPa,0.005199261864978687,true
cf_vt_clarabel_socp,3-24-order,model,6,4,0.0,normalized,1.0e-6,true
cf_vt_clarabel_socp,3-21,model,6,5,1.1102230246251565e-16,kg/s,2.947222222222222e-5,true
cf_vt_clarabel_socp,3-43,model,6,5,0.0,kg/s,2.947222222222222e-5,true
cf_vt_clarabel_socp,3-17,model,6,5,4.923284002700257e-13,MW,6.1e-5,true
cf_vt_clarabel_socp,3-17-original,physics,6,5,4.923284002700257e-13,MW,6.1e-5,true
cf_vt_clarabel_socp,3-19:20,model,6,5,4.920230889382537e-13,MW,6.1e-5,true
cf_vt_clarabel_socp,3-38,model,6,5,0.0,K,0.0001,true
cf_vt_clarabel_socp,3-41,model,6,5,0.0,K,0.0001,true
cf_vt_clarabel_socp,3-41,model,6,5,0.0,K,0.0001,true
cf_vt_clarabel_socp,3-24,model,6,5,0.0,kPa,0.005199261864978687,true
cf_vt_clarabel_socp,3-41,model,6,5,0.0,K,0.0001,true
cf_vt_clarabel_socp,3-41,model,6,5,0.0,K,0.0001,true
cf_vt_clarabel_socp,3-24,model,6,5,0.0,kPa,0.005199261864978687,true
cf_vt_clarabel_socp,3-24-order,model,6,5,0.0,normalized,1.0e-6,true
cf_vt_clarabel_socp,3-21,model,6,6,1.1102230246251565e-16,kg/s,2.947222222222222e-5,true
cf_vt_clarabel_socp,3-43,model,6,6,0.0,kg/s,2.947222222222222e-5,true
cf_vt_clarabel_socp,3-17,model,6,6,1.1118883591620943e-13,MW,6.1e-5,true
cf_vt_clarabel_socp,3-17-original,physics,6,6,1.1118883591620943e-13,MW,6.1e-5,true
cf_vt_clarabel_socp,3-19:20,model,6,6,1.1105005803813128e-13,MW,6.1e-5,true
cf_vt_clarabel_socp,3-38,model,6,6,0.0,K,0.0001,true
cf_vt_clarabel_socp,3-41,model,6,6,0.0,K,0.0001,true
cf_vt_clarabel_socp,3-41,model,6,6,0.0,K,0.0001,true
cf_vt_clarabel_socp,3-24,model,6,6,0.0,kPa,0.005199261864978687,true
cf_vt_clarabel_socp,3-41,model,6,6,0.0,K,0.0001,true
cf_vt_clarabel_socp,3-41,model,6,6,0.0,K,0.0001,true
cf_vt_clarabel_socp,3-24,model,6,6,0.0,kPa,0.005199261864978687,true
cf_vt_clarabel_socp,3-24-order,model,6,6,0.0,normalized,1.0e-6,true
cf_vt_clarabel_socp,3-21,model,6,7,1.1102230246251565e-16,kg/s,2.947222222222222e-5,true
cf_vt_clarabel_socp,3-43,model,6,7,0.0,kg/s,2.947222222222222e-5,true
cf_vt_clarabel_socp,3-17,model,6,7,6.283029652109917e-13,MW,6.1e-5,true
cf_vt_clarabel_socp,3-17-original,physics,6,7,6.283029652109917e-13,MW,6.1e-5,true
cf_vt_clarabel_socp,3-19:20,model,6,7,6.285250098159167e-13,MW,6.1e-5,true
cf_vt_clarabel_socp,3-38,model,6,7,0.0,K,0.0001,true
cf_vt_clarabel_socp,3-41,model,6,7,0.0,K,0.0001,true
cf_vt_clarabel_socp,3-41,model,6,7,0.0,K,0.0001,true
cf_vt_clarabel_socp,3-24,model,6,7,0.0,kPa,0.005199261864978687,true
cf_vt_clarabel_socp,3-41,model,6,7,0.0,K,0.0001,true
cf_vt_clarabel_socp,3-41,model,6,7,0.0,K,0.0001,true
cf_vt_clarabel_socp,3-24,model,6,7,0.0,kPa,0.005199261864978687,true
cf_vt_clarabel_socp,3-24-order,model,6,7,0.0,normalized,1.0e-6,true
cf_vt_clarabel_socp,3-21,model,6,8,1.1102230246251565e-16,kg/s,2.947222222222222e-5,true
cf_vt_clarabel_socp,3-43,model,6,8,0.0,kg/s,2.947222222222222e-5,true
cf_vt_clarabel_socp,3-17,model,6,8,8.416878305439468e-13,MW,6.1e-5,true
cf_vt_clarabel_socp,3-17-original,physics,6,8,8.416878305439468e-13,MW,6.1e-5,true
cf_vt_clarabel_socp,3-19:20,model,6,8,8.418821195732562e-13,MW,6.1e-5,true
cf_vt_clarabel_socp,3-38,model,6,8,0.0,K,0.0001,true
cf_vt_clarabel_socp,3-41,model,6,8,0.0,K,0.0001,true
cf_vt_clarabel_socp,3-41,model,6,8,0.0,K,0.0001,true
cf_vt_clarabel_socp,3-24,model,6,8,0.0,kPa,0.005199261864978687,true
cf_vt_clarabel_socp,3-41,model,6,8,0.0,K,0.0001,true
cf_vt_clarabel_socp,3-41,model,6,8,0.0,K,0.0001,true
cf_vt_clarabel_socp,3-24,model,6,8,0.0,kPa,0.005199261864978687,true
cf_vt_clarabel_socp,3-24-order,model,6,8,0.0,normalized,1.0e-6,true
cf_vt_clarabel_socp,3-21,model,6,9,1.1102230246251565e-16,kg/s,2.947222222222222e-5,true
cf_vt_clarabel_socp,3-43,model,6,9,0.0,kg/s,2.947222222222222e-5,true
cf_vt_clarabel_socp,3-17,model,6,9,1.1267653476920714e-12,MW,6.1e-5,true
cf_vt_clarabel_socp,3-17-original,physics,6,9,1.1267653476920714e-12,MW,6.1e-5,true
cf_vt_clarabel_socp,3-19:20,model,6,9,1.1269041255701495e-12,MW,6.1e-5,true
cf_vt_clarabel_socp,3-38,model,6,9,0.0,K,0.0001,true
cf_vt_clarabel_socp,3-41,model,6,9,0.0,K,0.0001,true
cf_vt_clarabel_socp,3-41,model,6,9,0.0,K,0.0001,true
cf_vt_clarabel_socp,3-24,model,6,9,0.0,kPa,0.005199261864978687,true
cf_vt_clarabel_socp,3-41,model,6,9,0.0,K,0.0001,true
cf_vt_clarabel_socp,3-41,model,6,9,0.0,K,0.0001,true
cf_vt_clarabel_socp,3-24,model,6,9,0.0,kPa,0.005199261864978687,true
cf_vt_clarabel_socp,3-24-order,model,6,9,0.0,normalized,1.0e-6,true
cf_vt_clarabel_socp,3-21,model,6,10,1.1102230246251565e-16,kg/s,2.947222222222222e-5,true
cf_vt_clarabel_socp,3-43,model,6,10,0.0,kg/s,2.947222222222222e-5,true
cf_vt_clarabel_socp,3-17,model,6,10,4.485023463729476e-12,MW,6.1e-5,true
cf_vt_clarabel_socp,3-17-original,physics,6,10,4.485023463729476e-12,MW,6.1e-5,true
cf_vt_clarabel_socp,3-19:20,model,6,10,4.484940197002629e-12,MW,6.1e-5,true
cf_vt_clarabel_socp,3-38,model,6,10,0.0,K,0.0001,true
cf_vt_clarabel_socp,3-41,model,6,10,0.0,K,0.0001,true
cf_vt_clarabel_socp,3-41,model,6,10,0.0,K,0.0001,true
cf_vt_clarabel_socp,3-24,model,6,10,0.0,kPa,0.005199261864978687,true
cf_vt_clarabel_socp,3-41,model,6,10,0.0,K,0.0001,true
cf_vt_clarabel_socp,3-41,model,6,10,0.0,K,0.0001,true
cf_vt_clarabel_socp,3-24,model,6,10,0.0,kPa,0.005199261864978687,true
cf_vt_clarabel_socp,3-24-order,model,6,10,0.0,normalized,1.0e-6,true
cf_vt_clarabel_socp,3-21,model,6,11,1.1102230246251565e-16,kg/s,2.947222222222222e-5,true
cf_vt_clarabel_socp,3-43,model,6,11,0.0,kg/s,2.947222222222222e-5,true
cf_vt_clarabel_socp,3-17,model,6,11,1.3989892577725982e-11,MW,6.1e-5,true
cf_vt_clarabel_socp,3-17-original,physics,6,11,1.3989892577725982e-11,MW,6.1e-5,true
cf_vt_clarabel_socp,3-19:20,model,6,11,1.3989642777545441e-11,MW,6.1e-5,true
cf_vt_clarabel_socp,3-38,model,6,11,5.684341886080802e-14,K,0.0001,true
cf_vt_clarabel_socp,3-41,model,6,11,0.0,K,0.0001,true
cf_vt_clarabel_socp,3-41,model,6,11,0.0,K,0.0001,true
cf_vt_clarabel_socp,3-24,model,6,11,0.0,kPa,0.005199261864978687,true
cf_vt_clarabel_socp,3-41,model,6,11,0.0,K,0.0001,true
cf_vt_clarabel_socp,3-41,model,6,11,0.0,K,0.0001,true
cf_vt_clarabel_socp,3-24,model,6,11,0.0,kPa,0.005199261864978687,true
cf_vt_clarabel_socp,3-24-order,model,6,11,0.0,normalized,1.0e-6,true
cf_vt_clarabel_socp,3-21,model,6,12,1.1102230246251565e-16,kg/s,2.947222222222222e-5,true
cf_vt_clarabel_socp,3-43,model,6,12,0.0,kg/s,2.947222222222222e-5,true
cf_vt_clarabel_socp,3-17,model,6,12,1.693742368580331e-11,MW,6.1e-5,true
cf_vt_clarabel_socp,3-17-original,physics,6,12,1.693742368580331e-11,MW,6.1e-5,true
cf_vt_clarabel_socp,3-19:20,model,6,12,1.693736817465208e-11,MW,6.1e-5,true
cf_vt_clarabel_socp,3-38,model,6,12,1.1368683772161603e-13,K,0.0001,true
cf_vt_clarabel_socp,3-41,model,6,12,0.0,K,0.0001,true
cf_vt_clarabel_socp,3-41,model,6,12,0.0,K,0.0001,true
cf_vt_clarabel_socp,3-24,model,6,12,0.0,kPa,0.005199261864978687,true
cf_vt_clarabel_socp,3-41,model,6,12,0.0,K,0.0001,true
cf_vt_clarabel_socp,3-41,model,6,12,0.0,K,0.0001,true
cf_vt_clarabel_socp,3-24,model,6,12,0.0,kPa,0.005199261864978687,true
cf_vt_clarabel_socp,3-24-order,model,6,12,0.0,normalized,1.0e-6,true
cf_vt_clarabel_socp,3-21,model,6,13,1.1102230246251565e-16,kg/s,2.947222222222222e-5,true
cf_vt_clarabel_socp,3-43,model,6,13,0.0,kg/s,2.947222222222222e-5,true
cf_vt_clarabel_socp,3-17,model,6,13,1.9964030428809565e-12,MW,6.1e-5,true
cf_vt_clarabel_socp,3-17-original,physics,6,13,1.9964030428809565e-12,MW,6.1e-5,true
cf_vt_clarabel_socp,3-19:20,model,6,13,1.996069975973569e-12,MW,6.1e-5,true
cf_vt_clarabel_socp,3-38,model,6,13,0.0,K,0.0001,true
cf_vt_clarabel_socp,3-41,model,6,13,0.0,K,0.0001,true
cf_vt_clarabel_socp,3-41,model,6,13,0.0,K,0.0001,true
cf_vt_clarabel_socp,3-24,model,6,13,0.0,kPa,0.005199261864978687,true
cf_vt_clarabel_socp,3-41,model,6,13,0.0,K,0.0001,true
cf_vt_clarabel_socp,3-41,model,6,13,0.0,K,0.0001,true
cf_vt_clarabel_socp,3-24,model,6,13,0.0,kPa,0.005199261864978687,true
cf_vt_clarabel_socp,3-24-order,model,6,13,0.0,normalized,1.0e-6,true
cf_vt_clarabel_socp,3-21,model,6,14,1.1102230246251565e-16,kg/s,2.947222222222222e-5,true
cf_vt_clarabel_socp,3-43,model,6,14,0.0,kg/s,2.947222222222222e-5,true
cf_vt_clarabel_socp,3-17,model,6,14,5.091518873179268e-11,MW,6.1e-5,true
cf_vt_clarabel_socp,3-17-original,physics,6,14,5.091518873179268e-11,MW,6.1e-5,true
cf_vt_clarabel_socp,3-19:20,model,6,14,5.091424504222175e-11,MW,6.1e-5,true
cf_vt_clarabel_socp,3-38,model,6,14,2.2737367544323206e-13,K,0.0001,true
cf_vt_clarabel_socp,3-41,model,6,14,0.0,K,0.0001,true
cf_vt_clarabel_socp,3-41,model,6,14,0.0,K,0.0001,true
cf_vt_clarabel_socp,3-24,model,6,14,0.0,kPa,0.005199261864978687,true
cf_vt_clarabel_socp,3-41,model,6,14,0.0,K,0.0001,true
cf_vt_clarabel_socp,3-41,model,6,14,0.0,K,0.0001,true
cf_vt_clarabel_socp,3-24,model,6,14,0.0,kPa,0.005199261864978687,true
cf_vt_clarabel_socp,3-24-order,model,6,14,0.0,normalized,1.0e-6,true
cf_vt_clarabel_socp,3-21,model,6,15,1.1102230246251565e-16,kg/s,2.947222222222222e-5,true
cf_vt_clarabel_socp,3-43,model,6,15,0.0,kg/s,2.947222222222222e-5,true
cf_vt_clarabel_socp,3-17,model,6,15,3.017773808622337e-10,MW,6.1e-5,true
cf_vt_clarabel_socp,3-17-original,physics,6,15,3.017773808622337e-10,MW,6.1e-5,true
cf_vt_clarabel_socp,3-19:20,model,6,15,3.017718297471106e-10,MW,6.1e-5,true
cf_vt_clarabel_socp,3-38,model,6,15,1.1937117960769683e-12,K,0.0001,true
cf_vt_clarabel_socp,3-41,model,6,15,0.0,K,0.0001,true
cf_vt_clarabel_socp,3-41,model,6,15,0.0,K,0.0001,true
cf_vt_clarabel_socp,3-24,model,6,15,0.0,kPa,0.005199261864978687,true
cf_vt_clarabel_socp,3-41,model,6,15,0.0,K,0.0001,true
cf_vt_clarabel_socp,3-41,model,6,15,0.0,K,0.0001,true
cf_vt_clarabel_socp,3-24,model,6,15,0.0,kPa,0.005199261864978687,true
cf_vt_clarabel_socp,3-24-order,model,6,15,0.0,normalized,1.0e-6,true
cf_vt_clarabel_socp,3-21,model,6,16,1.1102230246251565e-16,kg/s,2.947222222222222e-5,true
cf_vt_clarabel_socp,3-43,model,6,16,0.0,kg/s,2.947222222222222e-5,true
cf_vt_clarabel_socp,3-17,model,6,16,9.036263681760914e-10,MW,6.1e-5,true
cf_vt_clarabel_socp,3-17-original,physics,6,16,9.036263681760914e-10,MW,6.1e-5,true
cf_vt_clarabel_socp,3-19:20,model,6,16,9.0361029769781e-10,MW,6.1e-5,true
cf_vt_clarabel_socp,3-38,model,6,16,3.637978807091713e-12,K,0.0001,true
cf_vt_clarabel_socp,3-41,model,6,16,0.0,K,0.0001,true
cf_vt_clarabel_socp,3-41,model,6,16,0.0,K,0.0001,true
cf_vt_clarabel_socp,3-24,model,6,16,0.0,kPa,0.005199261864978687,true
cf_vt_clarabel_socp,3-41,model,6,16,0.0,K,0.0001,true
cf_vt_clarabel_socp,3-41,model,6,16,0.0,K,0.0001,true
cf_vt_clarabel_socp,3-24,model,6,16,0.0,kPa,0.005199261864978687,true
cf_vt_clarabel_socp,3-24-order,model,6,16,0.0,normalized,1.0e-6,true
cf_vt_clarabel_socp,3-21,model,6,17,1.1102230246251565e-16,kg/s,2.947222222222222e-5,true
cf_vt_clarabel_socp,3-43,model,6,17,0.0,kg/s,2.947222222222222e-5,true
cf_vt_clarabel_socp,3-17,model,6,17,1.2232101997966538e-9,MW,6.1e-5,true
cf_vt_clarabel_socp,3-17-original,physics,6,17,1.2232101997966538e-9,MW,6.1e-5,true
cf_vt_clarabel_socp,3-19:20,model,6,17,1.2231884394253711e-9,MW,6.1e-5,true
cf_vt_clarabel_socp,3-38,model,6,17,4.888534022029489e-12,K,0.0001,true
cf_vt_clarabel_socp,3-41,model,6,17,0.0,K,0.0001,true
cf_vt_clarabel_socp,3-41,model,6,17,0.0,K,0.0001,true
cf_vt_clarabel_socp,3-24,model,6,17,0.0,kPa,0.005199261864978687,true
cf_vt_clarabel_socp,3-41,model,6,17,0.0,K,0.0001,true
cf_vt_clarabel_socp,3-41,model,6,17,0.0,K,0.0001,true
cf_vt_clarabel_socp,3-24,model,6,17,0.0,kPa,0.005199261864978687,true
cf_vt_clarabel_socp,3-24-order,model,6,17,0.0,normalized,1.0e-6,true
cf_vt_clarabel_socp,3-21,model,6,18,1.1102230246251565e-16,kg/s,2.947222222222222e-5,true
cf_vt_clarabel_socp,3-43,model,6,18,0.0,kg/s,2.947222222222222e-5,true
cf_vt_clarabel_socp,3-17,model,6,18,1.5493994975912528e-10,MW,6.1e-5,true
cf_vt_clarabel_socp,3-17-original,physics,6,18,1.5493994975912528e-10,MW,6.1e-5,true
cf_vt_clarabel_socp,3-19:20,model,6,18,1.5493703542368564e-10,MW,6.1e-5,true
cf_vt_clarabel_socp,3-38,model,6,18,6.252776074688882e-13,K,0.0001,true
cf_vt_clarabel_socp,3-41,model,6,18,0.0,K,0.0001,true
cf_vt_clarabel_socp,3-41,model,6,18,0.0,K,0.0001,true
cf_vt_clarabel_socp,3-24,model,6,18,0.0,kPa,0.005199261864978687,true
cf_vt_clarabel_socp,3-41,model,6,18,0.0,K,0.0001,true
cf_vt_clarabel_socp,3-41,model,6,18,0.0,K,0.0001,true
cf_vt_clarabel_socp,3-24,model,6,18,0.0,kPa,0.005199261864978687,true
cf_vt_clarabel_socp,3-24-order,model,6,18,0.0,normalized,1.0e-6,true
cf_vt_clarabel_socp,3-21,model,6,19,1.1102230246251565e-16,kg/s,2.947222222222222e-5,true
cf_vt_clarabel_socp,3-43,model,6,19,0.0,kg/s,2.947222222222222e-5,true
cf_vt_clarabel_socp,3-17,model,6,19,8.078588631388328e-10,MW,6.1e-5,true
cf_vt_clarabel_socp,3-17-original,physics,6,19,8.078588631388328e-10,MW,6.1e-5,true
cf_vt_clarabel_socp,3-19:20,model,6,19,8.078447910619957e-10,MW,6.1e-5,true
cf_vt_clarabel_socp,3-38,model,6,19,3.240074875066057e-12,K,0.0001,true
cf_vt_clarabel_socp,3-41,model,6,19,0.0,K,0.0001,true
cf_vt_clarabel_socp,3-41,model,6,19,0.0,K,0.0001,true
cf_vt_clarabel_socp,3-24,model,6,19,0.0,kPa,0.005199261864978687,true
cf_vt_clarabel_socp,3-41,model,6,19,0.0,K,0.0001,true
cf_vt_clarabel_socp,3-41,model,6,19,0.0,K,0.0001,true
cf_vt_clarabel_socp,3-24,model,6,19,0.0,kPa,0.005199261864978687,true
cf_vt_clarabel_socp,3-24-order,model,6,19,0.0,normalized,1.0e-6,true
cf_vt_clarabel_socp,3-21,model,6,20,1.1102230246251565e-16,kg/s,2.947222222222222e-5,true
cf_vt_clarabel_socp,3-43,model,6,20,0.0,kg/s,2.947222222222222e-5,true
cf_vt_clarabel_socp,3-17,model,6,20,1.958642192878557e-9,MW,6.1e-5,true
cf_vt_clarabel_socp,3-17-original,physics,6,20,1.958642192878557e-9,MW,6.1e-5,true
cf_vt_clarabel_socp,3-19:20,model,6,20,1.95860760943134e-9,MW,6.1e-5,true
cf_vt_clarabel_socp,3-38,model,6,20,7.901235221652314e-12,K,0.0001,true
cf_vt_clarabel_socp,3-41,model,6,20,0.0,K,0.0001,true
cf_vt_clarabel_socp,3-41,model,6,20,0.0,K,0.0001,true
cf_vt_clarabel_socp,3-24,model,6,20,0.0,kPa,0.005199261864978687,true
cf_vt_clarabel_socp,3-41,model,6,20,0.0,K,0.0001,true
cf_vt_clarabel_socp,3-41,model,6,20,0.0,K,0.0001,true
cf_vt_clarabel_socp,3-24,model,6,20,0.0,kPa,0.005199261864978687,true
cf_vt_clarabel_socp,3-24-order,model,6,20,0.0,normalized,1.0e-6,true
cf_vt_clarabel_socp,3-21,model,6,21,1.1102230246251565e-16,kg/s,2.947222222222222e-5,true
cf_vt_clarabel_socp,3-43,model,6,21,0.0,kg/s,2.947222222222222e-5,true
cf_vt_clarabel_socp,3-17,model,6,21,3.335728965270235e-8,MW,6.1e-5,true
cf_vt_clarabel_socp,3-17-original,physics,6,21,3.335728965270235e-8,MW,6.1e-5,true
cf_vt_clarabel_socp,3-19:20,model,6,21,3.3356701123476995e-8,MW,6.1e-5,true
cf_vt_clarabel_socp,3-38,model,6,21,1.339799382549245e-10,K,0.0001,true
cf_vt_clarabel_socp,3-41,model,6,21,0.0,K,0.0001,true
cf_vt_clarabel_socp,3-41,model,6,21,0.0,K,0.0001,true
cf_vt_clarabel_socp,3-24,model,6,21,0.0,kPa,0.005199261864978687,true
cf_vt_clarabel_socp,3-41,model,6,21,0.0,K,0.0001,true
cf_vt_clarabel_socp,3-41,model,6,21,0.0,K,0.0001,true
cf_vt_clarabel_socp,3-24,model,6,21,0.0,kPa,0.005199261864978687,true
cf_vt_clarabel_socp,3-24-order,model,6,21,0.0,normalized,1.0e-6,true
cf_vt_clarabel_socp,3-21,model,6,22,1.1102230246251565e-16,kg/s,2.947222222222222e-5,true
cf_vt_clarabel_socp,3-43,model,6,22,0.0,kg/s,2.947222222222222e-5,true
cf_vt_clarabel_socp,3-17,model,6,22,1.8613981711546046e-7,MW,6.1e-5,true
cf_vt_clarabel_socp,3-17-original,physics,6,22,1.8613981711546046e-7,MW,6.1e-5,true
cf_vt_clarabel_socp,3-19:20,model,6,22,1.8613653360310956e-7,MW,6.1e-5,true
cf_vt_clarabel_socp,3-38,model,6,22,7.476614882762078e-10,K,0.0001,true
cf_vt_clarabel_socp,3-41,model,6,22,0.0,K,0.0001,true
cf_vt_clarabel_socp,3-41,model,6,22,0.0,K,0.0001,true
cf_vt_clarabel_socp,3-24,model,6,22,0.0,kPa,0.005199261864978687,true
cf_vt_clarabel_socp,3-41,model,6,22,0.0,K,0.0001,true
cf_vt_clarabel_socp,3-41,model,6,22,0.0,K,0.0001,true
cf_vt_clarabel_socp,3-24,model,6,22,0.0,kPa,0.005199261864978687,true
cf_vt_clarabel_socp,3-24-order,model,6,22,0.0,normalized,1.0e-6,true
cf_vt_clarabel_socp,3-21,model,6,23,1.1102230246251565e-16,kg/s,2.947222222222222e-5,true
cf_vt_clarabel_socp,3-43,model,6,23,0.0,kg/s,2.947222222222222e-5,true
cf_vt_clarabel_socp,3-17,model,6,23,3.2076259698365917e-7,MW,6.1e-5,true
cf_vt_clarabel_socp,3-17-original,physics,6,23,3.2076259698365917e-7,MW,6.1e-5,true
cf_vt_clarabel_socp,3-19:20,model,6,23,3.207569387875253e-7,MW,6.1e-5,true
cf_vt_clarabel_socp,3-38,model,6,23,1.2884129318990745e-9,K,0.0001,true
cf_vt_clarabel_socp,3-41,model,6,23,0.0,K,0.0001,true
cf_vt_clarabel_socp,3-41,model,6,23,0.0,K,0.0001,true
cf_vt_clarabel_socp,3-24,model,6,23,0.0,kPa,0.005199261864978687,true
cf_vt_clarabel_socp,3-41,model,6,23,0.0,K,0.0001,true
cf_vt_clarabel_socp,3-41,model,6,23,0.0,K,0.0001,true
cf_vt_clarabel_socp,3-24,model,6,23,0.0,kPa,0.005199261864978687,true
cf_vt_clarabel_socp,3-24-order,model,6,23,0.0,normalized,1.0e-6,true
cf_vt_clarabel_socp,3-21,model,6,24,1.1102230246251565e-16,kg/s,2.947222222222222e-5,true
cf_vt_clarabel_socp,3-43,model,6,24,0.0,kg/s,2.947222222222222e-5,true
cf_vt_clarabel_socp,3-17,model,6,24,5.3877727002049625e-9,MW,6.1e-5,true
cf_vt_clarabel_socp,3-17-original,physics,6,24,5.3877727002049625e-9,MW,6.1e-5,true
cf_vt_clarabel_socp,3-19:20,model,6,24,5.387677498580601e-9,MW,6.1e-5,true
cf_vt_clarabel_socp,3-38,model,6,24,2.1657342585967854e-11,K,0.0001,true
cf_vt_clarabel_socp,3-41,model,6,24,0.0,K,0.0001,true
cf_vt_clarabel_socp,3-41,model,6,24,0.0,K,0.0001,true
cf_vt_clarabel_socp,3-24,model,6,24,0.0,kPa,0.005199261864978687,true
cf_vt_clarabel_socp,3-41,model,6,24,0.0,K,0.0001,true
cf_vt_clarabel_socp,3-41,model,6,24,0.0,K,0.0001,true
cf_vt_clarabel_socp,3-24,model,6,24,0.0,kPa,0.005199261864978687,true
cf_vt_clarabel_socp,3-24-order,model,6,24,0.0,normalized,1.0e-6,true
cf_vt_clarabel_socp,3-21,model,7,1,0.0,kg/s,2.947222222222222e-5,true
cf_vt_clarabel_socp,3-43,model,7,1,0.0,kg/s,2.947222222222222e-5,true
cf_vt_clarabel_socp,3-17,model,7,1,4.2377212849942225e-13,MW,6.1e-5,true
cf_vt_clarabel_socp,3-17-original,physics,7,1,4.2377212849942225e-13,MW,6.1e-5,true
cf_vt_clarabel_socp,3-19:20,model,7,1,4.235223283188816e-13,MW,6.1e-5,true
cf_vt_clarabel_socp,3-38,model,7,1,0.0,K,0.0001,true
cf_vt_clarabel_socp,3-41,model,7,1,0.0,K,0.0001,true
cf_vt_clarabel_socp,3-41,model,7,1,0.0,K,0.0001,true
cf_vt_clarabel_socp,3-24,model,7,1,0.0,kPa,0.005199261864978687,true
cf_vt_clarabel_socp,3-41,model,7,1,0.0,K,0.0001,true
cf_vt_clarabel_socp,3-41,model,7,1,0.0,K,0.0001,true
cf_vt_clarabel_socp,3-24,model,7,1,0.0,kPa,0.005199261864978687,true
cf_vt_clarabel_socp,3-24-order,model,7,1,0.0,normalized,1.0e-6,true
cf_vt_clarabel_socp,3-21,model,7,2,0.0,kg/s,2.947222222222222e-5,true
cf_vt_clarabel_socp,3-43,model,7,2,0.0,kg/s,2.947222222222222e-5,true
cf_vt_clarabel_socp,3-17,model,7,2,3.2712721420580237e-13,MW,6.1e-5,true
cf_vt_clarabel_socp,3-17-original,physics,7,2,3.2712721420580237e-13,MW,6.1e-5,true
cf_vt_clarabel_socp,3-19:20,model,7,2,3.2701619190333986e-13,MW,6.1e-5,true
cf_vt_clarabel_socp,3-38,model,7,2,0.0,K,0.0001,true
cf_vt_clarabel_socp,3-41,model,7,2,0.0,K,0.0001,true
cf_vt_clarabel_socp,3-41,model,7,2,0.0,K,0.0001,true
cf_vt_clarabel_socp,3-24,model,7,2,0.0,kPa,0.005199261864978687,true
cf_vt_clarabel_socp,3-41,model,7,2,0.0,K,0.0001,true
cf_vt_clarabel_socp,3-41,model,7,2,0.0,K,0.0001,true
cf_vt_clarabel_socp,3-24,model,7,2,0.0,kPa,0.005199261864978687,true
cf_vt_clarabel_socp,3-24-order,model,7,2,0.0,normalized,1.0e-6,true
cf_vt_clarabel_socp,3-21,model,7,3,0.0,kg/s,2.947222222222222e-5,true
cf_vt_clarabel_socp,3-43,model,7,3,0.0,kg/s,2.947222222222222e-5,true
cf_vt_clarabel_socp,3-17,model,7,3,3.58268970046538e-13,MW,6.1e-5,true
cf_vt_clarabel_socp,3-17-original,physics,7,3,3.58268970046538e-13,MW,6.1e-5,true
cf_vt_clarabel_socp,3-19:20,model,7,3,3.579636587147661e-13,MW,6.1e-5,true
cf_vt_clarabel_socp,3-38,model,7,3,0.0,K,0.0001,true
cf_vt_clarabel_socp,3-41,model,7,3,0.0,K,0.0001,true
cf_vt_clarabel_socp,3-41,model,7,3,0.0,K,0.0001,true
cf_vt_clarabel_socp,3-24,model,7,3,0.0,kPa,0.005199261864978687,true
cf_vt_clarabel_socp,3-41,model,7,3,0.0,K,0.0001,true
cf_vt_clarabel_socp,3-41,model,7,3,0.0,K,0.0001,true
cf_vt_clarabel_socp,3-24,model,7,3,0.0,kPa,0.005199261864978687,true
cf_vt_clarabel_socp,3-24-order,model,7,3,0.0,normalized,1.0e-6,true
cf_vt_clarabel_socp,3-21,model,7,4,0.0,kg/s,2.947222222222222e-5,true
cf_vt_clarabel_socp,3-43,model,7,4,0.0,kg/s,2.947222222222222e-5,true
cf_vt_clarabel_socp,3-17,model,7,4,3.914646384828302e-13,MW,6.1e-5,true
cf_vt_clarabel_socp,3-17-original,physics,7,4,3.914646384828302e-13,MW,6.1e-5,true
cf_vt_clarabel_socp,3-19:20,model,7,4,3.9143688290721457e-13,MW,6.1e-5,true
cf_vt_clarabel_socp,3-38,model,7,4,0.0,K,0.0001,true
cf_vt_clarabel_socp,3-41,model,7,4,0.0,K,0.0001,true
cf_vt_clarabel_socp,3-41,model,7,4,0.0,K,0.0001,true
cf_vt_clarabel_socp,3-24,model,7,4,0.0,kPa,0.005199261864978687,true
cf_vt_clarabel_socp,3-41,model,7,4,0.0,K,0.0001,true
cf_vt_clarabel_socp,3-41,model,7,4,0.0,K,0.0001,true
cf_vt_clarabel_socp,3-24,model,7,4,0.0,kPa,0.005199261864978687,true
cf_vt_clarabel_socp,3-24-order,model,7,4,0.0,normalized,1.0e-6,true
cf_vt_clarabel_socp,3-21,model,7,5,0.0,kg/s,2.947222222222222e-5,true
cf_vt_clarabel_socp,3-43,model,7,5,0.0,kg/s,2.947222222222222e-5,true
cf_vt_clarabel_socp,3-17,model,7,5,2.483568906086475e-13,MW,6.1e-5,true
cf_vt_clarabel_socp,3-17-original,physics,7,5,2.483568906086475e-13,MW,6.1e-5,true
cf_vt_clarabel_socp,3-19:20,model,7,5,2.48245868306185e-13,MW,6.1e-5,true
cf_vt_clarabel_socp,3-38,model,7,5,0.0,K,0.0001,true
cf_vt_clarabel_socp,3-41,model,7,5,0.0,K,0.0001,true
cf_vt_clarabel_socp,3-41,model,7,5,0.0,K,0.0001,true
cf_vt_clarabel_socp,3-24,model,7,5,0.0,kPa,0.005199261864978687,true
cf_vt_clarabel_socp,3-41,model,7,5,0.0,K,0.0001,true
cf_vt_clarabel_socp,3-41,model,7,5,0.0,K,0.0001,true
cf_vt_clarabel_socp,3-24,model,7,5,0.0,kPa,0.005199261864978687,true
cf_vt_clarabel_socp,3-24-order,model,7,5,0.0,normalized,1.0e-6,true
cf_vt_clarabel_socp,3-21,model,7,6,0.0,kg/s,2.947222222222222e-5,true
cf_vt_clarabel_socp,3-43,model,7,6,0.0,kg/s,2.947222222222222e-5,true
cf_vt_clarabel_socp,3-17,model,7,6,9.009459844833145e-14,MW,6.1e-5,true
cf_vt_clarabel_socp,3-17-original,physics,7,6,9.009459844833145e-14,MW,6.1e-5,true
cf_vt_clarabel_socp,3-19:20,model,7,6,8.981704269217516e-14,MW,6.1e-5,true
cf_vt_clarabel_socp,3-38,model,7,6,0.0,K,0.0001,true
cf_vt_clarabel_socp,3-41,model,7,6,0.0,K,0.0001,true
cf_vt_clarabel_socp,3-41,model,7,6,0.0,K,0.0001,true
cf_vt_clarabel_socp,3-24,model,7,6,0.0,kPa,0.005199261864978687,true
cf_vt_clarabel_socp,3-41,model,7,6,0.0,K,0.0001,true
cf_vt_clarabel_socp,3-41,model,7,6,0.0,K,0.0001,true
cf_vt_clarabel_socp,3-24,model,7,6,0.0,kPa,0.005199261864978687,true
cf_vt_clarabel_socp,3-24-order,model,7,6,0.0,normalized,1.0e-6,true
cf_vt_clarabel_socp,3-21,model,7,7,0.0,kg/s,2.947222222222222e-5,true
cf_vt_clarabel_socp,3-43,model,7,7,0.0,kg/s,2.947222222222222e-5,true
cf_vt_clarabel_socp,3-17,model,7,7,9.215961327413424e-13,MW,6.1e-5,true
cf_vt_clarabel_socp,3-17-original,physics,7,7,9.215961327413424e-13,MW,6.1e-5,true
cf_vt_clarabel_socp,3-19:20,model,7,7,9.214295992876487e-13,MW,6.1e-5,true
cf_vt_clarabel_socp,3-38,model,7,7,0.0,K,0.0001,true
cf_vt_clarabel_socp,3-41,model,7,7,0.0,K,0.0001,true
cf_vt_clarabel_socp,3-41,model,7,7,0.0,K,0.0001,true
cf_vt_clarabel_socp,3-24,model,7,7,0.0,kPa,0.005199261864978687,true
cf_vt_clarabel_socp,3-41,model,7,7,0.0,K,0.0001,true
cf_vt_clarabel_socp,3-41,model,7,7,0.0,K,0.0001,true
cf_vt_clarabel_socp,3-24,model,7,7,0.0,kPa,0.005199261864978687,true
cf_vt_clarabel_socp,3-24-order,model,7,7,0.0,normalized,1.0e-6,true
cf_vt_clarabel_socp,3-21,model,7,8,0.0,kg/s,2.947222222222222e-5,true
cf_vt_clarabel_socp,3-43,model,7,8,0.0,kg/s,2.947222222222222e-5,true
cf_vt_clarabel_socp,3-17,model,7,8,1.4823142713282778e-12,MW,6.1e-5,true
cf_vt_clarabel_socp,3-17-original,physics,7,8,1.4823142713282778e-12,MW,6.1e-5,true
cf_vt_clarabel_socp,3-19:20,model,7,8,1.4822310046014309e-12,MW,6.1e-5,true
cf_vt_clarabel_socp,3-38,model,7,8,0.0,K,0.0001,true
cf_vt_clarabel_socp,3-41,model,7,8,0.0,K,0.0001,true
cf_vt_clarabel_socp,3-41,model,7,8,0.0,K,0.0001,true
cf_vt_clarabel_socp,3-24,model,7,8,0.0,kPa,0.005199261864978687,true
cf_vt_clarabel_socp,3-41,model,7,8,0.0,K,0.0001,true
cf_vt_clarabel_socp,3-41,model,7,8,0.0,K,0.0001,true
cf_vt_clarabel_socp,3-24,model,7,8,0.0,kPa,0.005199261864978687,true
cf_vt_clarabel_socp,3-24-order,model,7,8,0.0,normalized,1.0e-6,true
cf_vt_clarabel_socp,3-21,model,7,9,0.0,kg/s,2.947222222222222e-5,true
cf_vt_clarabel_socp,3-43,model,7,9,0.0,kg/s,2.947222222222222e-5,true
cf_vt_clarabel_socp,3-17,model,7,9,1.6687762283140728e-12,MW,6.1e-5,true
cf_vt_clarabel_socp,3-17-original,physics,7,9,1.6687762283140728e-12,MW,6.1e-5,true
cf_vt_clarabel_socp,3-19:20,model,7,9,1.668609694860379e-12,MW,6.1e-5,true
cf_vt_clarabel_socp,3-38,model,7,9,0.0,K,0.0001,true
cf_vt_clarabel_socp,3-41,model,7,9,0.0,K,0.0001,true
cf_vt_clarabel_socp,3-41,model,7,9,0.0,K,0.0001,true
cf_vt_clarabel_socp,3-24,model,7,9,0.0,kPa,0.005199261864978687,true
cf_vt_clarabel_socp,3-41,model,7,9,0.0,K,0.0001,true
cf_vt_clarabel_socp,3-41,model,7,9,0.0,K,0.0001,true
cf_vt_clarabel_socp,3-24,model,7,9,0.0,kPa,0.005199261864978687,true
cf_vt_clarabel_socp,3-24-order,model,7,9,0.0,normalized,1.0e-6,true
cf_vt_clarabel_socp,3-21,model,7,10,0.0,kg/s,2.947222222222222e-5,true
cf_vt_clarabel_socp,3-43,model,7,10,0.0,kg/s,2.947222222222222e-5,true
cf_vt_clarabel_socp,3-17,model,7,10,1.0116907311896739e-13,MW,6.1e-5,true
cf_vt_clarabel_socp,3-17-original,physics,7,10,1.0116907311896739e-13,MW,6.1e-5,true
cf_vt_clarabel_socp,3-19:20,model,7,10,1.0136336214827679e-13,MW,6.1e-5,true
cf_vt_clarabel_socp,3-38,model,7,10,0.0,K,0.0001,true
cf_vt_clarabel_socp,3-41,model,7,10,0.0,K,0.0001,true
cf_vt_clarabel_socp,3-41,model,7,10,0.0,K,0.0001,true
cf_vt_clarabel_socp,3-24,model,7,10,0.0,kPa,0.005199261864978687,true
cf_vt_clarabel_socp,3-41,model,7,10,0.0,K,0.0001,true
cf_vt_clarabel_socp,3-41,model,7,10,0.0,K,0.0001,true
cf_vt_clarabel_socp,3-24,model,7,10,0.0,kPa,0.005199261864978687,true
cf_vt_clarabel_socp,3-24-order,model,7,10,0.0,normalized,1.0e-6,true
cf_vt_clarabel_socp,3-21,model,7,11,0.0,kg/s,2.947222222222222e-5,true
cf_vt_clarabel_socp,3-43,model,7,11,0.0,kg/s,2.947222222222222e-5,true
cf_vt_clarabel_socp,3-17,model,7,11,2.389255460144568e-12,MW,6.1e-5,true
cf_vt_clarabel_socp,3-17-original,physics,7,11,2.389255460144568e-12,MW,6.1e-5,true
cf_vt_clarabel_socp,3-19:20,model,7,11,2.389033415539643e-12,MW,6.1e-5,true
cf_vt_clarabel_socp,3-38,model,7,11,0.0,K,0.0001,true
cf_vt_clarabel_socp,3-41,model,7,11,0.0,K,0.0001,true
cf_vt_clarabel_socp,3-41,model,7,11,0.0,K,0.0001,true
cf_vt_clarabel_socp,3-24,model,7,11,0.0,kPa,0.005199261864978687,true
cf_vt_clarabel_socp,3-41,model,7,11,0.0,K,0.0001,true
cf_vt_clarabel_socp,3-41,model,7,11,0.0,K,0.0001,true
cf_vt_clarabel_socp,3-24,model,7,11,0.0,kPa,0.005199261864978687,true
cf_vt_clarabel_socp,3-24-order,model,7,11,0.0,normalized,1.0e-6,true
cf_vt_clarabel_socp,3-21,model,7,12,0.0,kg/s,2.947222222222222e-5,true
cf_vt_clarabel_socp,3-43,model,7,12,0.0,kg/s,2.947222222222222e-5,true
cf_vt_clarabel_socp,3-17,model,7,12,3.3430147539093014e-11,MW,6.1e-5,true
cf_vt_clarabel_socp,3-17-original,physics,7,12,3.3430147539093014e-11,MW,6.1e-5,true
cf_vt_clarabel_socp,3-19:20,model,7,12,3.342934262740016e-11,MW,6.1e-5,true
cf_vt_clarabel_socp,3-38,model,7,12,1.7053025658242404e-13,K,0.0001,true
cf_vt_clarabel_socp,3-41,model,7,12,0.0,K,0.0001,true
cf_vt_clarabel_socp,3-41,model,7,12,0.0,K,0.0001,true
cf_vt_clarabel_socp,3-24,model,7,12,0.0,kPa,0.005199261864978687,true
cf_vt_clarabel_socp,3-41,model,7,12,0.0,K,0.0001,true
cf_vt_clarabel_socp,3-41,model,7,12,0.0,K,0.0001,true
cf_vt_clarabel_socp,3-24,model,7,12,0.0,kPa,0.005199261864978687,true
cf_vt_clarabel_socp,3-24-order,model,7,12,0.0,normalized,1.0e-6,true
cf_vt_clarabel_socp,3-21,model,7,13,0.0,kg/s,2.947222222222222e-5,true
cf_vt_clarabel_socp,3-43,model,7,13,0.0,kg/s,2.947222222222222e-5,true
cf_vt_clarabel_socp,3-17,model,7,13,2.187305891965252e-12,MW,6.1e-5,true
cf_vt_clarabel_socp,3-17-original,physics,7,13,2.187305891965252e-12,MW,6.1e-5,true
cf_vt_clarabel_socp,3-19:20,model,7,13,2.187083847360327e-12,MW,6.1e-5,true
cf_vt_clarabel_socp,3-38,model,7,13,0.0,K,0.0001,true
cf_vt_clarabel_socp,3-41,model,7,13,0.0,K,0.0001,true
cf_vt_clarabel_socp,3-41,model,7,13,0.0,K,0.0001,true
cf_vt_clarabel_socp,3-24,model,7,13,0.0,kPa,0.005199261864978687,true
cf_vt_clarabel_socp,3-41,model,7,13,0.0,K,0.0001,true
cf_vt_clarabel_socp,3-41,model,7,13,0.0,K,0.0001,true
cf_vt_clarabel_socp,3-24,model,7,13,0.0,kPa,0.005199261864978687,true
cf_vt_clarabel_socp,3-24-order,model,7,13,0.0,normalized,1.0e-6,true
cf_vt_clarabel_socp,3-21,model,7,14,0.0,kg/s,2.947222222222222e-5,true
cf_vt_clarabel_socp,3-43,model,7,14,0.0,kg/s,2.947222222222222e-5,true
cf_vt_clarabel_socp,3-17,model,7,14,2.3222257450328243e-12,MW,6.1e-5,true
cf_vt_clarabel_socp,3-17-original,physics,7,14,2.3222257450328243e-12,MW,6.1e-5,true
cf_vt_clarabel_socp,3-19:20,model,7,14,2.322031456003515e-12,MW,6.1e-5,true
cf_vt_clarabel_socp,3-38,model,7,14,5.684341886080802e-14,K,0.0001,true
cf_vt_clarabel_socp,3-41,model,7,14,0.0,K,0.0001,true
cf_vt_clarabel_socp,3-41,model,7,14,0.0,K,0.0001,true
cf_vt_clarabel_socp,3-24,model,7,14,0.0,kPa,0.005199261864978687,true
cf_vt_clarabel_socp,3-41,model,7,14,0.0,K,0.0001,true
cf_vt_clarabel_socp,3-41,model,7,14,0.0,K,0.0001,true
cf_vt_clarabel_socp,3-24,model,7,14,0.0,kPa,0.005199261864978687,true
cf_vt_clarabel_socp,3-24-order,model,7,14,0.0,normalized,1.0e-6,true
cf_vt_clarabel_socp,3-21,model,7,15,0.0,kg/s,2.947222222222222e-5,true
cf_vt_clarabel_socp,3-43,model,7,15,0.0,kg/s,2.947222222222222e-5,true
cf_vt_clarabel_socp,3-17,model,7,15,2.2089829965210583e-12,MW,6.1e-5,true
cf_vt_clarabel_socp,3-17-original,physics,7,15,2.2089829965210583e-12,MW,6.1e-5,true
cf_vt_clarabel_socp,3-19:20,model,7,15,2.208788707491749e-12,MW,6.1e-5,true
cf_vt_clarabel_socp,3-38,model,7,15,5.684341886080802e-14,K,0.0001,true
cf_vt_clarabel_socp,3-41,model,7,15,0.0,K,0.0001,true
cf_vt_clarabel_socp,3-41,model,7,15,0.0,K,0.0001,true
cf_vt_clarabel_socp,3-24,model,7,15,0.0,kPa,0.005199261864978687,true
cf_vt_clarabel_socp,3-41,model,7,15,0.0,K,0.0001,true
cf_vt_clarabel_socp,3-41,model,7,15,0.0,K,0.0001,true
cf_vt_clarabel_socp,3-24,model,7,15,0.0,kPa,0.005199261864978687,true
cf_vt_clarabel_socp,3-24-order,model,7,15,0.0,normalized,1.0e-6,true
cf_vt_clarabel_socp,3-21,model,7,16,0.0,kg/s,2.947222222222222e-5,true
cf_vt_clarabel_socp,3-43,model,7,16,0.0,kg/s,2.947222222222222e-5,true
cf_vt_clarabel_socp,3-17,model,7,16,2.490748718386726e-10,MW,6.1e-5,true
cf_vt_clarabel_socp,3-17-original,physics,7,16,2.490748718386726e-10,MW,6.1e-5,true
cf_vt_clarabel_socp,3-19:20,model,7,16,2.490705697244522e-10,MW,6.1e-5,true
cf_vt_clarabel_socp,3-38,model,7,16,9.094947017729282e-13,K,0.0001,true
cf_vt_clarabel_socp,3-41,model,7,16,0.0,K,0.0001,true
cf_vt_clarabel_socp,3-41,model,7,16,0.0,K,0.0001,true
cf_vt_clarabel_socp,3-24,model,7,16,0.0,kPa,0.005199261864978687,true
cf_vt_clarabel_socp,3-41,model,7,16,0.0,K,0.0001,true
cf_vt_clarabel_socp,3-41,model,7,16,0.0,K,0.0001,true
cf_vt_clarabel_socp,3-24,model,7,16,0.0,kPa,0.005199261864978687,true
cf_vt_clarabel_socp,3-24-order,model,7,16,0.0,normalized,1.0e-6,true
cf_vt_clarabel_socp,3-21,model,7,17,0.0,kg/s,2.947222222222222e-5,true
cf_vt_clarabel_socp,3-43,model,7,17,0.0,kg/s,2.947222222222222e-5,true
cf_vt_clarabel_socp,3-17,model,7,17,1.6649788492362205e-9,MW,6.1e-5,true
cf_vt_clarabel_socp,3-17-original,physics,7,17,1.6649788492362205e-9,MW,6.1e-5,true
cf_vt_clarabel_socp,3-19:20,model,7,17,1.6649495948595217e-9,MW,6.1e-5,true
cf_vt_clarabel_socp,3-38,model,7,17,6.650680006714538e-12,K,0.0001,true
cf_vt_clarabel_socp,3-41,model,7,17,0.0,K,0.0001,true
cf_vt_clarabel_socp,3-41,model,7,17,0.0,K,0.0001,true
cf_vt_clarabel_socp,3-24,model,7,17,0.0,kPa,0.005199261864978687,true
cf_vt_clarabel_socp,3-41,model,7,17,0.0,K,0.0001,true
cf_vt_clarabel_socp,3-41,model,7,17,0.0,K,0.0001,true
cf_vt_clarabel_socp,3-24,model,7,17,0.0,kPa,0.005199261864978687,true
cf_vt_clarabel_socp,3-24-order,model,7,17,0.0,normalized,1.0e-6,true
cf_vt_clarabel_socp,3-21,model,7,18,0.0,kg/s,2.947222222222222e-5,true
cf_vt_clarabel_socp,3-43,model,7,18,0.0,kg/s,2.947222222222222e-5,true
cf_vt_clarabel_socp,3-17,model,7,18,1.7091431325777506e-9,MW,6.1e-5,true
cf_vt_clarabel_socp,3-17-original,physics,7,18,1.7091431325777506e-9,MW,6.1e-5,true
cf_vt_clarabel_socp,3-19:20,model,7,18,1.7091131565560858e-9,MW,6.1e-5,true
cf_vt_clarabel_socp,3-38,model,7,18,6.821210263296962e-12,K,0.0001,true
cf_vt_clarabel_socp,3-41,model,7,18,0.0,K,0.0001,true
cf_vt_clarabel_socp,3-41,model,7,18,0.0,K,0.0001,true
cf_vt_clarabel_socp,3-24,model,7,18,0.0,kPa,0.005199261864978687,true
cf_vt_clarabel_socp,3-41,model,7,18,0.0,K,0.0001,true
cf_vt_clarabel_socp,3-41,model,7,18,0.0,K,0.0001,true
cf_vt_clarabel_socp,3-24,model,7,18,0.0,kPa,0.005199261864978687,true
cf_vt_clarabel_socp,3-24-order,model,7,18,0.0,normalized,1.0e-6,true
cf_vt_clarabel_socp,3-21,model,7,19,0.0,kg/s,2.947222222222222e-5,true
cf_vt_clarabel_socp,3-43,model,7,19,0.0,kg/s,2.947222222222222e-5,true
cf_vt_clarabel_socp,3-17,model,7,19,1.7225030013445775e-9,MW,6.1e-5,true
cf_vt_clarabel_socp,3-17-original,physics,7,19,1.7225030013445775e-9,MW,6.1e-5,true
cf_vt_clarabel_socp,3-19:20,model,7,19,1.7224723869446734e-9,MW,6.1e-5,true
cf_vt_clarabel_socp,3-38,model,7,19,6.934897101018578e-12,K,0.0001,true
cf_vt_clarabel_socp,3-41,model,7,19,0.0,K,0.0001,true
cf_vt_clarabel_socp,3-41,model,7,19,0.0,K,0.0001,true
cf_vt_clarabel_socp,3-24,model,7,19,0.0,kPa,0.005199261864978687,true
cf_vt_clarabel_socp,3-41,model,7,19,0.0,K,0.0001,true
cf_vt_clarabel_socp,3-41,model,7,19,0.0,K,0.0001,true
cf_vt_clarabel_socp,3-24,model,7,19,0.0,kPa,0.005199261864978687,true
cf_vt_clarabel_socp,3-24-order,model,7,19,0.0,normalized,1.0e-6,true
cf_vt_clarabel_socp,3-21,model,7,20,0.0,kg/s,2.947222222222222e-5,true
cf_vt_clarabel_socp,3-43,model,7,20,0.0,kg/s,2.947222222222222e-5,true
cf_vt_clarabel_socp,3-17,model,7,20,1.0968698171964775e-11,MW,6.1e-5,true
cf_vt_clarabel_socp,3-17-original,physics,7,20,1.0968698171964775e-11,MW,6.1e-5,true
cf_vt_clarabel_socp,3-19:20,model,7,20,1.0968864705418468e-11,MW,6.1e-5,true
cf_vt_clarabel_socp,3-38,model,7,20,5.684341886080802e-14,K,0.0001,true
cf_vt_clarabel_socp,3-41,model,7,20,0.0,K,0.0001,true
cf_vt_clarabel_socp,3-41,model,7,20,0.0,K,0.0001,true
cf_vt_clarabel_socp,3-24,model,7,20,0.0,kPa,0.005199261864978687,true
cf_vt_clarabel_socp,3-41,model,7,20,0.0,K,0.0001,true
cf_vt_clarabel_socp,3-41,model,7,20,0.0,K,0.0001,true
cf_vt_clarabel_socp,3-24,model,7,20,0.0,kPa,0.005199261864978687,true
cf_vt_clarabel_socp,3-24-order,model,7,20,0.0,normalized,1.0e-6,true
cf_vt_clarabel_socp,3-21,model,7,21,0.0,kg/s,2.947222222222222e-5,true
cf_vt_clarabel_socp,3-43,model,7,21,0.0,kg/s,2.947222222222222e-5,true
cf_vt_clarabel_socp,3-17,model,7,21,6.612815850459697e-11,MW,6.1e-5,true
cf_vt_clarabel_socp,3-17-original,physics,7,21,6.612815850459697e-11,MW,6.1e-5,true
cf_vt_clarabel_socp,3-19:20,model,7,21,6.61267984813918e-11,MW,6.1e-5,true
cf_vt_clarabel_socp,3-38,model,7,21,2.2737367544323206e-13,K,0.0001,true
cf_vt_clarabel_socp,3-41,model,7,21,0.0,K,0.0001,true
cf_vt_clarabel_socp,3-41,model,7,21,0.0,K,0.0001,true
cf_vt_clarabel_socp,3-24,model,7,21,0.0,kPa,0.005199261864978687,true
cf_vt_clarabel_socp,3-41,model,7,21,0.0,K,0.0001,true
cf_vt_clarabel_socp,3-41,model,7,21,0.0,K,0.0001,true
cf_vt_clarabel_socp,3-24,model,7,21,0.0,kPa,0.005199261864978687,true
cf_vt_clarabel_socp,3-24-order,model,7,21,0.0,normalized,1.0e-6,true
cf_vt_clarabel_socp,3-21,model,7,22,0.0,kg/s,2.947222222222222e-5,true
cf_vt_clarabel_socp,3-43,model,7,22,0.0,kg/s,2.947222222222222e-5,true
cf_vt_clarabel_socp,3-17,model,7,22,1.433603236122849e-12,MW,6.1e-5,true
cf_vt_clarabel_socp,3-17-original,physics,7,22,1.433603236122849e-12,MW,6.1e-5,true
cf_vt_clarabel_socp,3-19:20,model,7,22,1.4334089470935396e-12,MW,6.1e-5,true
cf_vt_clarabel_socp,3-38,model,7,22,0.0,K,0.0001,true
cf_vt_clarabel_socp,3-41,model,7,22,0.0,K,0.0001,true
cf_vt_clarabel_socp,3-41,model,7,22,0.0,K,0.0001,true
cf_vt_clarabel_socp,3-24,model,7,22,0.0,kPa,0.005199261864978687,true
cf_vt_clarabel_socp,3-41,model,7,22,0.0,K,0.0001,true
cf_vt_clarabel_socp,3-41,model,7,22,0.0,K,0.0001,true
cf_vt_clarabel_socp,3-24,model,7,22,0.0,kPa,0.005199261864978687,true
cf_vt_clarabel_socp,3-24-order,model,7,22,0.0,normalized,1.0e-6,true
cf_vt_clarabel_socp,3-21,model,7,23,0.0,kg/s,2.947222222222222e-5,true
cf_vt_clarabel_socp,3-43,model,7,23,0.0,kg/s,2.947222222222222e-5,true
cf_vt_clarabel_socp,3-17,model,7,23,3.8680170177940454e-13,MW,6.1e-5,true
cf_vt_clarabel_socp,3-17-original,physics,7,23,3.8680170177940454e-13,MW,6.1e-5,true
cf_vt_clarabel_socp,3-19:20,model,7,23,3.867461906281733e-13,MW,6.1e-5,true
cf_vt_clarabel_socp,3-38,model,7,23,0.0,K,0.0001,true
cf_vt_clarabel_socp,3-41,model,7,23,0.0,K,0.0001,true
cf_vt_clarabel_socp,3-41,model,7,23,0.0,K,0.0001,true
cf_vt_clarabel_socp,3-24,model,7,23,0.0,kPa,0.005199261864978687,true
cf_vt_clarabel_socp,3-41,model,7,23,0.0,K,0.0001,true
cf_vt_clarabel_socp,3-41,model,7,23,0.0,K,0.0001,true
cf_vt_clarabel_socp,3-24,model,7,23,0.0,kPa,0.005199261864978687,true
cf_vt_clarabel_socp,3-24-order,model,7,23,0.0,normalized,1.0e-6,true
cf_vt_clarabel_socp,3-21,model,7,24,0.0,kg/s,2.947222222222222e-5,true
cf_vt_clarabel_socp,3-43,model,7,24,0.0,kg/s,2.947222222222222e-5,true
cf_vt_clarabel_socp,3-17,model,7,24,9.850266125349671e-6,MW,6.1e-5,true
cf_vt_clarabel_socp,3-17-original,physics,7,24,9.850266125349671e-6,MW,6.1e-5,true
cf_vt_clarabel_socp,3-19:20,model,7,24,9.850092369645402e-6,MW,6.1e-5,true
cf_vt_clarabel_socp,3-38,model,7,24,3.956449745601276e-8,K,0.0001,true
cf_vt_clarabel_socp,3-41,model,7,24,0.0,K,0.0001,true
cf_vt_clarabel_socp,3-41,model,7,24,0.0,K,0.0001,true
cf_vt_clarabel_socp,3-24,model,7,24,0.0,kPa,0.005199261864978687,true
cf_vt_clarabel_socp,3-41,model,7,24,0.0,K,0.0001,true
cf_vt_clarabel_socp,3-41,model,7,24,0.0,K,0.0001,true
cf_vt_clarabel_socp,3-24,model,7,24,0.0,kPa,0.005199261864978687,true
cf_vt_clarabel_socp,3-24-order,model,7,24,0.0,normalized,1.0e-6,true
cf_vt_clarabel_socp,3-21,model,8,1,0.0,kg/s,2.947222222222222e-5,true
cf_vt_clarabel_socp,3-43,model,8,1,0.0,kg/s,2.947222222222222e-5,true
cf_vt_clarabel_socp,3-17,model,8,1,4.2693626411960395e-13,MW,6.1e-5,true
cf_vt_clarabel_socp,3-17-original,physics,8,1,4.2693626411960395e-13,MW,6.1e-5,true
cf_vt_clarabel_socp,3-19:20,model,8,1,4.269917752708352e-13,MW,6.1e-5,true
cf_vt_clarabel_socp,3-38,model,8,1,0.0,K,0.0001,true
cf_vt_clarabel_socp,3-41,model,8,1,0.0,K,0.0001,true
cf_vt_clarabel_socp,3-41,model,8,1,0.0,K,0.0001,true
cf_vt_clarabel_socp,3-24,model,8,1,0.0,kPa,0.005199261864978687,true
cf_vt_clarabel_socp,3-41,model,8,1,0.0,K,0.0001,true
cf_vt_clarabel_socp,3-41,model,8,1,0.0,K,0.0001,true
cf_vt_clarabel_socp,3-24,model,8,1,0.0,kPa,0.005199261864978687,true
cf_vt_clarabel_socp,3-24-order,model,8,1,0.0,normalized,1.0e-6,true
cf_vt_clarabel_socp,3-21,model,8,2,0.0,kg/s,2.947222222222222e-5,true
cf_vt_clarabel_socp,3-43,model,8,2,0.0,kg/s,2.947222222222222e-5,true
cf_vt_clarabel_socp,3-17,model,8,2,3.0242475190789264e-13,MW,6.1e-5,true
cf_vt_clarabel_socp,3-17-original,physics,8,2,3.0242475190789264e-13,MW,6.1e-5,true
cf_vt_clarabel_socp,3-19:20,model,8,2,3.0242475190789264e-13,MW,6.1e-5,true
cf_vt_clarabel_socp,3-38,model,8,2,0.0,K,0.0001,true
cf_vt_clarabel_socp,3-41,model,8,2,0.0,K,0.0001,true
cf_vt_clarabel_socp,3-41,model,8,2,0.0,K,0.0001,true
cf_vt_clarabel_socp,3-24,model,8,2,0.0,kPa,0.005199261864978687,true
cf_vt_clarabel_socp,3-41,model,8,2,0.0,K,0.0001,true
cf_vt_clarabel_socp,3-41,model,8,2,0.0,K,0.0001,true
cf_vt_clarabel_socp,3-24,model,8,2,0.0,kPa,0.005199261864978687,true
cf_vt_clarabel_socp,3-24-order,model,8,2,0.0,normalized,1.0e-6,true
cf_vt_clarabel_socp,3-21,model,8,3,0.0,kg/s,2.947222222222222e-5,true
cf_vt_clarabel_socp,3-43,model,8,3,0.0,kg/s,2.947222222222222e-5,true
cf_vt_clarabel_socp,3-17,model,8,3,3.1336044870045043e-13,MW,6.1e-5,true
cf_vt_clarabel_socp,3-17-original,physics,8,3,3.1336044870045043e-13,MW,6.1e-5,true
cf_vt_clarabel_socp,3-19:20,model,8,3,3.1338820427606606e-13,MW,6.1e-5,true
cf_vt_clarabel_socp,3-38,model,8,3,0.0,K,0.0001,true
cf_vt_clarabel_socp,3-41,model,8,3,0.0,K,0.0001,true
cf_vt_clarabel_socp,3-41,model,8,3,0.0,K,0.0001,true
cf_vt_clarabel_socp,3-24,model,8,3,0.0,kPa,0.005199261864978687,true
cf_vt_clarabel_socp,3-41,model,8,3,0.0,K,0.0001,true
cf_vt_clarabel_socp,3-41,model,8,3,0.0,K,0.0001,true
cf_vt_clarabel_socp,3-24,model,8,3,0.0,kPa,0.005199261864978687,true
cf_vt_clarabel_socp,3-24-order,model,8,3,0.0,normalized,1.0e-6,true
cf_vt_clarabel_socp,3-21,model,8,4,0.0,kg/s,2.947222222222222e-5,true
cf_vt_clarabel_socp,3-43,model,8,4,0.0,kg/s,2.947222222222222e-5,true
cf_vt_clarabel_socp,3-17,model,8,4,3.3256730702646564e-13,MW,6.1e-5,true
cf_vt_clarabel_socp,3-17-original,physics,8,4,3.3256730702646564e-13,MW,6.1e-5,true
cf_vt_clarabel_socp,3-19:20,model,8,4,3.3276159605577504e-13,MW,6.1e-5,true
cf_vt_clarabel_socp,3-38,model,8,4,0.0,K,0.0001,true
cf_vt_clarabel_socp,3-41,model,8,4,0.0,K,0.0001,true
cf_vt_clarabel_socp,3-41,model,8,4,0.0,K,0.0001,true
cf_vt_clarabel_socp,3-24,model,8,4,0.0,kPa,0.005199261864978687,true
cf_vt_clarabel_socp,3-41,model,8,4,0.0,K,0.0001,true
cf_vt_clarabel_socp,3-41,model,8,4,0.0,K,0.0001,true
cf_vt_clarabel_socp,3-24,model,8,4,0.0,kPa,0.005199261864978687,true
cf_vt_clarabel_socp,3-24-order,model,8,4,0.0,normalized,1.0e-6,true
cf_vt_clarabel_socp,3-21,model,8,5,0.0,kg/s,2.947222222222222e-5,true
cf_vt_clarabel_socp,3-43,model,8,5,0.0,kg/s,2.947222222222222e-5,true
cf_vt_clarabel_socp,3-17,model,8,5,1.6672774272308288e-13,MW,6.1e-5,true
cf_vt_clarabel_socp,3-17-original,physics,8,5,1.6672774272308288e-13,MW,6.1e-5,true
cf_vt_clarabel_socp,3-19:20,model,8,5,1.6686652060116103e-13,MW,6.1e-5,true
cf_vt_clarabel_socp,3-38,model,8,5,0.0,K,0.0001,true
cf_vt_clarabel_socp,3-41,model,8,5,0.0,K,0.0001,true
cf_vt_clarabel_socp,3-41,model,8,5,0.0,K,0.0001,true
cf_vt_clarabel_socp,3-24,model,8,5,0.0,kPa,0.005199261864978687,true
cf_vt_clarabel_socp,3-41,model,8,5,0.0,K,0.0001,true
cf_vt_clarabel_socp,3-41,model,8,5,0.0,K,0.0001,true
cf_vt_clarabel_socp,3-24,model,8,5,0.0,kPa,0.005199261864978687,true
cf_vt_clarabel_socp,3-24-order,model,8,5,0.0,normalized,1.0e-6,true
cf_vt_clarabel_socp,3-21,model,8,6,0.0,kg/s,2.947222222222222e-5,true
cf_vt_clarabel_socp,3-43,model,8,6,0.0,kg/s,2.947222222222222e-5,true
cf_vt_clarabel_socp,3-17,model,8,6,1.7091883464104285e-13,MW,6.1e-5,true
cf_vt_clarabel_socp,3-17-original,physics,8,6,1.7091883464104285e-13,MW,6.1e-5,true
cf_vt_clarabel_socp,3-19:20,model,8,6,1.7108536809473662e-13,MW,6.1e-5,true
cf_vt_clarabel_socp,3-38,model,8,6,0.0,K,0.0001,true
cf_vt_clarabel_socp,3-41,model,8,6,0.0,K,0.0001,true
cf_vt_clarabel_socp,3-41,model,8,6,0.0,K,0.0001,true
cf_vt_clarabel_socp,3-24,model,8,6,0.0,kPa,0.005199261864978687,true
cf_vt_clarabel_socp,3-41,model,8,6,0.0,K,0.0001,true
cf_vt_clarabel_socp,3-41,model,8,6,0.0,K,0.0001,true
cf_vt_clarabel_socp,3-24,model,8,6,0.0,kPa,0.005199261864978687,true
cf_vt_clarabel_socp,3-24-order,model,8,6,0.0,normalized,1.0e-6,true
cf_vt_clarabel_socp,3-21,model,8,7,0.0,kg/s,2.947222222222222e-5,true
cf_vt_clarabel_socp,3-43,model,8,7,0.0,kg/s,2.947222222222222e-5,true
cf_vt_clarabel_socp,3-17,model,8,7,9.732492589620279e-13,MW,6.1e-5,true
cf_vt_clarabel_socp,3-17-original,physics,8,7,9.732492589620279e-13,MW,6.1e-5,true
cf_vt_clarabel_socp,3-19:20,model,8,7,9.731937478107966e-13,MW,6.1e-5,true
cf_vt_clarabel_socp,3-38,model,8,7,0.0,K,0.0001,true
cf_vt_clarabel_socp,3-41,model,8,7,0.0,K,0.0001,true
cf_vt_clarabel_socp,3-41,model,8,7,0.0,K,0.0001,true
cf_vt_clarabel_socp,3-24,model,8,7,0.0,kPa,0.005199261864978687,true
cf_vt_clarabel_socp,3-41,model,8,7,0.0,K,0.0001,true
cf_vt_clarabel_socp,3-41,model,8,7,0.0,K,0.0001,true
cf_vt_clarabel_socp,3-24,model,8,7,0.0,kPa,0.005199261864978687,true
cf_vt_clarabel_socp,3-24-order,model,8,7,0.0,normalized,1.0e-6,true
cf_vt_clarabel_socp,3-21,model,8,8,0.0,kg/s,2.947222222222222e-5,true
cf_vt_clarabel_socp,3-43,model,8,8,0.0,kg/s,2.947222222222222e-5,true
cf_vt_clarabel_socp,3-17,model,8,8,1.4675205495251475e-12,MW,6.1e-5,true
cf_vt_clarabel_socp,3-17-original,physics,8,8,1.4675205495251475e-12,MW,6.1e-5,true
cf_vt_clarabel_socp,3-19:20,model,8,8,1.4675483051007632e-12,MW,6.1e-5,true
cf_vt_clarabel_socp,3-38,model,8,8,5.684341886080802e-14,K,0.0001,true
cf_vt_clarabel_socp,3-41,model,8,8,0.0,K,0.0001,true
cf_vt_clarabel_socp,3-41,model,8,8,0.0,K,0.0001,true
cf_vt_clarabel_socp,3-24,model,8,8,0.0,kPa,0.005199261864978687,true
cf_vt_clarabel_socp,3-41,model,8,8,0.0,K,0.0001,true
cf_vt_clarabel_socp,3-41,model,8,8,0.0,K,0.0001,true
cf_vt_clarabel_socp,3-24,model,8,8,0.0,kPa,0.005199261864978687,true
cf_vt_clarabel_socp,3-24-order,model,8,8,0.0,normalized,1.0e-6,true
cf_vt_clarabel_socp,3-21,model,8,9,0.0,kg/s,2.947222222222222e-5,true
cf_vt_clarabel_socp,3-43,model,8,9,0.0,kg/s,2.947222222222222e-5,true
cf_vt_clarabel_socp,3-17,model,8,9,1.3292977829593156e-12,MW,6.1e-5,true
cf_vt_clarabel_socp,3-17-original,physics,8,9,1.3292977829593156e-12,MW,6.1e-5,true
cf_vt_clarabel_socp,3-19:20,model,8,9,1.3292700273837e-12,MW,6.1e-5,true
cf_vt_clarabel_socp,3-38,model,8,9,0.0,K,0.0001,true
cf_vt_clarabel_socp,3-41,model,8,9,0.0,K,0.0001,true
cf_vt_clarabel_socp,3-41,model,8,9,0.0,K,0.0001,true
cf_vt_clarabel_socp,3-24,model,8,9,0.0,kPa,0.005199261864978687,true
cf_vt_clarabel_socp,3-41,model,8,9,0.0,K,0.0001,true
cf_vt_clarabel_socp,3-41,model,8,9,0.0,K,0.0001,true
cf_vt_clarabel_socp,3-24,model,8,9,0.0,kPa,0.005199261864978687,true
cf_vt_clarabel_socp,3-24-order,model,8,9,0.0,normalized,1.0e-6,true
cf_vt_clarabel_socp,3-21,model,8,10,0.0,kg/s,2.947222222222222e-5,true
cf_vt_clarabel_socp,3-43,model,8,10,0.0,kg/s,2.947222222222222e-5,true
cf_vt_clarabel_socp,3-17,model,8,10,2.8188562595232725e-13,MW,6.1e-5,true
cf_vt_clarabel_socp,3-17-original,physics,8,10,2.8188562595232725e-13,MW,6.1e-5,true
cf_vt_clarabel_socp,3-19:20,model,8,10,2.82052159406021e-13,MW,6.1e-5,true
cf_vt_clarabel_socp,3-38,model,8,10,0.0,K,0.0001,true
cf_vt_clarabel_socp,3-41,model,8,10,0.0,K,0.0001,true
cf_vt_clarabel_socp,3-41,model,8,10,0.0,K,0.0001,true
cf_vt_clarabel_socp,3-24,model,8,10,0.0,kPa,0.005199261864978687,true
cf_vt_clarabel_socp,3-41,model,8,10,0.0,K,0.0001,true
cf_vt_clarabel_socp,3-41,model,8,10,0.0,K,0.0001,true
cf_vt_clarabel_socp,3-24,model,8,10,0.0,kPa,0.005199261864978687,true
cf_vt_clarabel_socp,3-24-order,model,8,10,0.0,normalized,1.0e-6,true
cf_vt_clarabel_socp,3-21,model,8,11,0.0,kg/s,2.947222222222222e-5,true
cf_vt_clarabel_socp,3-43,model,8,11,0.0,kg/s,2.947222222222222e-5,true
cf_vt_clarabel_socp,3-17,model,8,11,7.50566275797837e-12,MW,6.1e-5,true
cf_vt_clarabel_socp,3-17-original,physics,8,11,7.50566275797837e-12,MW,6.1e-5,true
cf_vt_clarabel_socp,3-19:20,model,8,11,7.505523980100293e-12,MW,6.1e-5,true
cf_vt_clarabel_socp,3-38,model,8,11,5.684341886080802e-14,K,0.0001,true
cf_vt_clarabel_socp,3-41,model,8,11,0.0,K,0.0001,true
cf_vt_clarabel_socp,3-41,model,8,11,0.0,K,0.0001,true
cf_vt_clarabel_socp,3-24,model,8,11,0.0,kPa,0.005199261864978687,true
cf_vt_clarabel_socp,3-41,model,8,11,0.0,K,0.0001,true
cf_vt_clarabel_socp,3-41,model,8,11,0.0,K,0.0001,true
cf_vt_clarabel_socp,3-24,model,8,11,0.0,kPa,0.005199261864978687,true
cf_vt_clarabel_socp,3-24-order,model,8,11,0.0,normalized,1.0e-6,true
cf_vt_clarabel_socp,3-21,model,8,12,0.0,kg/s,2.947222222222222e-5,true
cf_vt_clarabel_socp,3-43,model,8,12,0.0,kg/s,2.947222222222222e-5,true
cf_vt_clarabel_socp,3-17,model,8,12,2.8092278503422108e-11,MW,6.1e-5,true
cf_vt_clarabel_socp,3-17-original,physics,8,12,2.8092278503422108e-11,MW,6.1e-5,true
cf_vt_clarabel_socp,3-19:20,model,8,12,2.8091834414212258e-11,MW,6.1e-5,true
cf_vt_clarabel_socp,3-38,model,8,12,1.1368683772161603e-13,K,0.0001,true
cf_vt_clarabel_socp,3-41,model,8,12,0.0,K,0.0001,true
cf_vt_clarabel_socp,3-41,model,8,12,0.0,K,0.0001,true
cf_vt_clarabel_socp,3-24,model,8,12,0.0,kPa,0.005199261864978687,true
cf_vt_clarabel_socp,3-41,model,8,12,0.0,K,0.0001,true
cf_vt_clarabel_socp,3-41,model,8,12,0.0,K,0.0001,true
cf_vt_clarabel_socp,3-24,model,8,12,0.0,kPa,0.005199261864978687,true
cf_vt_clarabel_socp,3-24-order,model,8,12,0.0,normalized,1.0e-6,true
cf_vt_clarabel_socp,3-21,model,8,13,0.0,kg/s,2.947222222222222e-5,true
cf_vt_clarabel_socp,3-43,model,8,13,0.0,kg/s,2.947222222222222e-5,true
cf_vt_clarabel_socp,3-17,model,8,13,2.1952717421669377e-12,MW,6.1e-5,true
cf_vt_clarabel_socp,3-17-original,physics,8,13,2.1952717421669377e-12,MW,6.1e-5,true
cf_vt_clarabel_socp,3-19:20,model,8,13,2.1953550088937845e-12,MW,6.1e-5,true
cf_vt_clarabel_socp,3-38,model,8,13,0.0,K,0.0001,true
cf_vt_clarabel_socp,3-41,model,8,13,0.0,K,0.0001,true
cf_vt_clarabel_socp,3-41,model,8,13,0.0,K,0.0001,true
cf_vt_clarabel_socp,3-24,model,8,13,0.0,kPa,0.005199261864978687,true
cf_vt_clarabel_socp,3-41,model,8,13,0.0,K,0.0001,true
cf_vt_clarabel_socp,3-41,model,8,13,0.0,K,0.0001,true
cf_vt_clarabel_socp,3-24,model,8,13,0.0,kPa,0.005199261864978687,true
cf_vt_clarabel_socp,3-24-order,model,8,13,0.0,normalized,1.0e-6,true
cf_vt_clarabel_socp,3-21,model,8,14,0.0,kg/s,2.947222222222222e-5,true
cf_vt_clarabel_socp,3-43,model,8,14,0.0,kg/s,2.947222222222222e-5,true
cf_vt_clarabel_socp,3-17,model,8,14,2.353894856810257e-12,MW,6.1e-5,true
cf_vt_clarabel_socp,3-17-original,physics,8,14,2.353894856810257e-12,MW,6.1e-5,true
cf_vt_clarabel_socp,3-19:20,model,8,14,2.3540891458395663e-12,MW,6.1e-5,true
cf_vt_clarabel_socp,3-38,model,8,14,5.684341886080802e-14,K,0.0001,true
cf_vt_clarabel_socp,3-41,model,8,14,0.0,K,0.0001,true
cf_vt_clarabel_socp,3-41,model,8,14,0.0,K,0.0001,true
cf_vt_clarabel_socp,3-24,model,8,14,0.0,kPa,0.005199261864978687,true
cf_vt_clarabel_socp,3-41,model,8,14,0.0,K,0.0001,true
cf_vt_clarabel_socp,3-41,model,8,14,0.0,K,0.0001,true
cf_vt_clarabel_socp,3-24,model,8,14,0.0,kPa,0.005199261864978687,true
cf_vt_clarabel_socp,3-24-order,model,8,14,0.0,normalized,1.0e-6,true
cf_vt_clarabel_socp,3-21,model,8,15,0.0,kg/s,2.947222222222222e-5,true
cf_vt_clarabel_socp,3-43,model,8,15,0.0,kg/s,2.947222222222222e-5,true
cf_vt_clarabel_socp,3-17,model,8,15,3.9456937717119445e-11,MW,6.1e-5,true
cf_vt_clarabel_socp,3-17-original,physics,8,15,3.9456937717119445e-11,MW,6.1e-5,true
cf_vt_clarabel_socp,3-19:20,model,8,15,3.9456049538699745e-11,MW,6.1e-5,true
cf_vt_clarabel_socp,3-38,model,8,15,1.1368683772161603e-13,K,0.0001,true
cf_vt_clarabel_socp,3-41,model,8,15,0.0,K,0.0001,true
cf_vt_clarabel_socp,3-41,model,8,15,0.0,K,0.0001,true
cf_vt_clarabel_socp,3-24,model,8,15,0.0,kPa,0.005199261864978687,true
cf_vt_clarabel_socp,3-41,model,8,15,0.0,K,0.0001,true
cf_vt_clarabel_socp,3-41,model,8,15,0.0,K,0.0001,true
cf_vt_clarabel_socp,3-24,model,8,15,0.0,kPa,0.005199261864978687,true
cf_vt_clarabel_socp,3-24-order,model,8,15,0.0,normalized,1.0e-6,true
cf_vt_clarabel_socp,3-21,model,8,16,0.0,kg/s,2.947222222222222e-5,true
cf_vt_clarabel_socp,3-43,model,8,16,0.0,kg/s,2.947222222222222e-5,true
cf_vt_clarabel_socp,3-17,model,8,16,4.834361522210173e-10,MW,6.1e-5,true
cf_vt_clarabel_socp,3-17-original,physics,8,16,4.834361522210173e-10,MW,6.1e-5,true
cf_vt_clarabel_socp,3-19:20,model,8,16,4.834275479925765e-10,MW,6.1e-5,true
cf_vt_clarabel_socp,3-38,model,8,16,1.9326762412674725e-12,K,0.0001,true
cf_vt_clarabel_socp,3-41,model,8,16,0.0,K,0.0001,true
cf_vt_clarabel_socp,3-41,model,8,16,0.0,K,0.0001,true
cf_vt_clarabel_socp,3-24,model,8,16,0.0,kPa,0.005199261864978687,true
cf_vt_clarabel_socp,3-41,model,8,16,0.0,K,0.0001,true
cf_vt_clarabel_socp,3-41,model,8,16,0.0,K,0.0001,true
cf_vt_clarabel_socp,3-24,model,8,16,0.0,kPa,0.005199261864978687,true
cf_vt_clarabel_socp,3-24-order,model,8,16,0.0,normalized,1.0e-6,true
cf_vt_clarabel_socp,3-21,model,8,17,0.0,kg/s,2.947222222222222e-5,true
cf_vt_clarabel_socp,3-43,model,8,17,0.0,kg/s,2.947222222222222e-5,true
cf_vt_clarabel_socp,3-17,model,8,17,1.6669893521115142e-9,MW,6.1e-5,true
cf_vt_clarabel_socp,3-17-original,physics,8,17,1.6669893521115142e-9,MW,6.1e-5,true
cf_vt_clarabel_socp,3-19:20,model,8,17,1.6669598479346348e-9,MW,6.1e-5,true
cf_vt_clarabel_socp,3-38,model,8,17,6.707523425575346e-12,K,0.0001,true
cf_vt_clarabel_socp,3-41,model,8,17,0.0,K,0.0001,true
cf_vt_clarabel_socp,3-41,model,8,17,0.0,K,0.0001,true
cf_vt_clarabel_socp,3-24,model,8,17,0.0,kPa,0.005199261864978687,true
cf_vt_clarabel_socp,3-41,model,8,17,0.0,K,0.0001,true
cf_vt_clarabel_socp,3-41,model,8,17,0.0,K,0.0001,true
cf_vt_clarabel_socp,3-24,model,8,17,0.0,kPa,0.005199261864978687,true
cf_vt_clarabel_socp,3-24-order,model,8,17,0.0,normalized,1.0e-6,true
cf_vt_clarabel_socp,3-21,model,8,18,0.0,kg/s,2.947222222222222e-5,true
cf_vt_clarabel_socp,3-43,model,8,18,0.0,kg/s,2.947222222222222e-5,true
cf_vt_clarabel_socp,3-17,model,8,18,1.1335698490988477e-9,MW,6.1e-5,true
cf_vt_clarabel_socp,3-17-original,physics,8,18,1.1335698490988477e-9,MW,6.1e-5,true
cf_vt_clarabel_socp,3-19:20,model,8,18,1.13354989283998e-9,MW,6.1e-5,true
cf_vt_clarabel_socp,3-38,model,8,18,4.604316927725449e-12,K,0.0001,true
cf_vt_clarabel_socp,3-41,model,8,18,0.0,K,0.0001,true
cf_vt_clarabel_socp,3-41,model,8,18,0.0,K,0.0001,true
cf_vt_clarabel_socp,3-24,model,8,18,0.0,kPa,0.005199261864978687,true
cf_vt_clarabel_socp,3-41,model,8,18,0.0,K,0.0001,true
cf_vt_clarabel_socp,3-41,model,8,18,0.0,K,0.0001,true
cf_vt_clarabel_socp,3-24,model,8,18,0.0,kPa,0.005199261864978687,true
cf_vt_clarabel_socp,3-24-order,model,8,18,0.0,normalized,1.0e-6,true
cf_vt_clarabel_socp,3-21,model,8,19,0.0,kg/s,2.947222222222222e-5,true
cf_vt_clarabel_socp,3-43,model,8,19,0.0,kg/s,2.947222222222222e-5,true
cf_vt_clarabel_socp,3-17,model,8,19,1.4290487682089292e-9,MW,6.1e-5,true
cf_vt_clarabel_socp,3-17-original,physics,8,19,1.4290487682089292e-9,MW,6.1e-5,true
cf_vt_clarabel_socp,3-19:20,model,8,19,1.429023649412997e-9,MW,6.1e-5,true
cf_vt_clarabel_socp,3-38,model,8,19,5.7411853049416095e-12,K,0.0001,true
cf_vt_clarabel_socp,3-41,model,8,19,0.0,K,0.0001,true
cf_vt_clarabel_socp,3-41,model,8,19,0.0,K,0.0001,true
cf_vt_clarabel_socp,3-24,model,8,19,0.0,kPa,0.005199261864978687,true
cf_vt_clarabel_socp,3-41,model,8,19,0.0,K,0.0001,true
cf_vt_clarabel_socp,3-41,model,8,19,0.0,K,0.0001,true
cf_vt_clarabel_socp,3-24,model,8,19,0.0,kPa,0.005199261864978687,true
cf_vt_clarabel_socp,3-24-order,model,8,19,0.0,normalized,1.0e-6,true
cf_vt_clarabel_socp,3-21,model,8,20,0.0,kg/s,2.947222222222222e-5,true
cf_vt_clarabel_socp,3-43,model,8,20,0.0,kg/s,2.947222222222222e-5,true
cf_vt_clarabel_socp,3-17,model,8,20,1.868089016809904e-12,MW,6.1e-5,true
cf_vt_clarabel_socp,3-17-original,physics,8,20,1.868089016809904e-12,MW,6.1e-5,true
cf_vt_clarabel_socp,3-19:20,model,8,20,1.8683665725660603e-12,MW,6.1e-5,true
cf_vt_clarabel_socp,3-38,model,8,20,5.684341886080802e-14,K,0.0001,true
cf_vt_clarabel_socp,3-41,model,8,20,0.0,K,0.0001,true
cf_vt_clarabel_socp,3-41,model,8,20,0.0,K,0.0001,true
cf_vt_clarabel_socp,3-24,model,8,20,0.0,kPa,0.005199261864978687,true
cf_vt_clarabel_socp,3-41,model,8,20,0.0,K,0.0001,true
cf_vt_clarabel_socp,3-41,model,8,20,0.0,K,0.0001,true
cf_vt_clarabel_socp,3-24,model,8,20,0.0,kPa,0.005199261864978687,true
cf_vt_clarabel_socp,3-24-order,model,8,20,0.0,normalized,1.0e-6,true
cf_vt_clarabel_socp,3-21,model,8,21,0.0,kg/s,2.947222222222222e-5,true
cf_vt_clarabel_socp,3-43,model,8,21,0.0,kg/s,2.947222222222222e-5,true
cf_vt_clarabel_socp,3-17,model,8,21,5.5167315160531416e-11,MW,6.1e-5,true
cf_vt_clarabel_socp,3-17-original,physics,8,21,5.5167315160531416e-11,MW,6.1e-5,true
cf_vt_clarabel_socp,3-19:20,model,8,21,5.516653800441418e-11,MW,6.1e-5,true
cf_vt_clarabel_socp,3-38,model,8,21,2.2737367544323206e-13,K,0.0001,true
cf_vt_clarabel_socp,3-41,model,8,21,0.0,K,0.0001,true
cf_vt_clarabel_socp,3-41,model,8,21,0.0,K,0.0001,true
cf_vt_clarabel_socp,3-24,model,8,21,0.0,kPa,0.005199261864978687,true
cf_vt_clarabel_socp,3-41,model,8,21,0.0,K,0.0001,true
cf_vt_clarabel_socp,3-41,model,8,21,0.0,K,0.0001,true
cf_vt_clarabel_socp,3-24,model,8,21,0.0,kPa,0.005199261864978687,true
cf_vt_clarabel_socp,3-24-order,model,8,21,0.0,normalized,1.0e-6,true
cf_vt_clarabel_socp,3-21,model,8,22,0.0,kg/s,2.947222222222222e-5,true
cf_vt_clarabel_socp,3-43,model,8,22,0.0,kg/s,2.947222222222222e-5,true
cf_vt_clarabel_socp,3-17,model,8,22,1.2562728635145959e-12,MW,6.1e-5,true
cf_vt_clarabel_socp,3-17-original,physics,8,22,1.2562728635145959e-12,MW,6.1e-5,true
cf_vt_clarabel_socp,3-19:20,model,8,22,1.2563838858170584e-12,MW,6.1e-5,true
cf_vt_clarabel_socp,3-38,model,8,22,5.684341886080802e-14,K,0.0001,true
cf_vt_clarabel_socp,3-41,model,8,22,0.0,K,0.0001,true
cf_vt_clarabel_socp,3-41,model,8,22,0.0,K,0.0001,true
cf_vt_clarabel_socp,3-24,model,8,22,0.0,kPa,0.005199261864978687,true
cf_vt_clarabel_socp,3-41,model,8,22,0.0,K,0.0001,true
cf_vt_clarabel_socp,3-41,model,8,22,0.0,K,0.0001,true
cf_vt_clarabel_socp,3-24,model,8,22,0.0,kPa,0.005199261864978687,true
cf_vt_clarabel_socp,3-24-order,model,8,22,0.0,normalized,1.0e-6,true
cf_vt_clarabel_socp,3-21,model,8,23,0.0,kg/s,2.947222222222222e-5,true
cf_vt_clarabel_socp,3-43,model,8,23,0.0,kg/s,2.947222222222222e-5,true
cf_vt_clarabel_socp,3-17,model,8,23,1.636501667123813e-6,MW,6.1e-5,true
cf_vt_clarabel_socp,3-17-original,physics,8,23,1.636501667123813e-6,MW,6.1e-5,true
cf_vt_clarabel_socp,3-19:20,model,8,23,1.6364727998818829e-6,MW,6.1e-5,true
cf_vt_clarabel_socp,3-38,model,8,23,6.5732024268072564e-9,K,0.0001,true
cf_vt_clarabel_socp,3-41,model,8,23,0.0,K,0.0001,true
cf_vt_clarabel_socp,3-41,model,8,23,0.0,K,0.0001,true
cf_vt_clarabel_socp,3-24,model,8,23,0.0,kPa,0.005199261864978687,true
cf_vt_clarabel_socp,3-41,model,8,23,0.0,K,0.0001,true
cf_vt_clarabel_socp,3-41,model,8,23,0.0,K,0.0001,true
cf_vt_clarabel_socp,3-24,model,8,23,0.0,kPa,0.005199261864978687,true
cf_vt_clarabel_socp,3-24-order,model,8,23,0.0,normalized,1.0e-6,true
cf_vt_clarabel_socp,3-21,model,8,24,0.0,kg/s,2.947222222222222e-5,true
cf_vt_clarabel_socp,3-43,model,8,24,0.0,kg/s,2.947222222222222e-5,true
cf_vt_clarabel_socp,3-17,model,8,24,1.271451797840717e-5,MW,6.1e-5,true
cf_vt_clarabel_socp,3-17-original,physics,8,24,1.271451797840717e-5,MW,6.1e-5,true
cf_vt_clarabel_socp,3-19:20,model,8,24,1.2714293698062873e-5,MW,6.1e-5,true
cf_vt_clarabel_socp,3-38,model,8,24,5.1069093842670554e-8,K,0.0001,true
cf_vt_clarabel_socp,3-41,model,8,24,0.0,K,0.0001,true
cf_vt_clarabel_socp,3-41,model,8,24,0.0,K,0.0001,true
cf_vt_clarabel_socp,3-24,model,8,24,0.0,kPa,0.005199261864978687,true
cf_vt_clarabel_socp,3-41,model,8,24,0.0,K,0.0001,true
cf_vt_clarabel_socp,3-41,model,8,24,0.0,K,0.0001,true
cf_vt_clarabel_socp,3-24,model,8,24,0.0,kPa,0.005199261864978687,true
cf_vt_clarabel_socp,3-24-order,model,8,24,0.0,normalized,1.0e-6,true
cf_vt_clarabel_socp,3-21,model,9,1,0.0,kg/s,2.947222222222222e-5,true
cf_vt_clarabel_socp,3-43,model,9,1,0.0,kg/s,2.947222222222222e-5,true
cf_vt_clarabel_socp,3-17,model,9,1,4.2013614809377486e-13,MW,6.1e-5,true
cf_vt_clarabel_socp,3-17-original,physics,9,1,4.2013614809377486e-13,MW,6.1e-5,true
cf_vt_clarabel_socp,3-19:20,model,9,1,4.2010839251815923e-13,MW,6.1e-5,true
cf_vt_clarabel_socp,3-38,model,9,1,0.0,K,0.0001,true
cf_vt_clarabel_socp,3-41,model,9,1,0.0,K,0.0001,true
cf_vt_clarabel_socp,3-41,model,9,1,0.0,K,0.0001,true
cf_vt_clarabel_socp,3-24,model,9,1,0.0,kPa,0.005199261864978687,true
cf_vt_clarabel_socp,3-41,model,9,1,0.0,K,0.0001,true
cf_vt_clarabel_socp,3-41,model,9,1,0.0,K,0.0001,true
cf_vt_clarabel_socp,3-24,model,9,1,0.0,kPa,0.005199261864978687,true
cf_vt_clarabel_socp,3-24-order,model,9,1,0.0,normalized,1.0e-6,true
cf_vt_clarabel_socp,3-21,model,9,2,0.0,kg/s,2.947222222222222e-5,true
cf_vt_clarabel_socp,3-43,model,9,2,0.0,kg/s,2.947222222222222e-5,true
cf_vt_clarabel_socp,3-17,model,9,2,2.751965322289607e-13,MW,6.1e-5,true
cf_vt_clarabel_socp,3-17-original,physics,9,2,2.751965322289607e-13,MW,6.1e-5,true
cf_vt_clarabel_socp,3-19:20,model,9,2,2.753075545314232e-13,MW,6.1e-5,true
cf_vt_clarabel_socp,3-38,model,9,2,0.0,K,0.0001,true
cf_vt_clarabel_socp,3-41,model,9,2,0.0,K,0.0001,true
cf_vt_clarabel_socp,3-41,model,9,2,0.0,K,0.0001,true
cf_vt_clarabel_socp,3-24,model,9,2,0.0,kPa,0.005199261864978687,true
cf_vt_clarabel_socp,3-41,model,9,2,0.0,K,0.0001,true
cf_vt_clarabel_socp,3-41,model,9,2,0.0,K,0.0001,true
cf_vt_clarabel_socp,3-24,model,9,2,0.0,kPa,0.005199261864978687,true
cf_vt_clarabel_socp,3-24-order,model,9,2,0.0,normalized,1.0e-6,true
cf_vt_clarabel_socp,3-21,model,9,3,0.0,kg/s,2.947222222222222e-5,true
cf_vt_clarabel_socp,3-43,model,9,3,0.0,kg/s,2.947222222222222e-5,true
cf_vt_clarabel_socp,3-17,model,9,3,2.5940360970366783e-13,MW,6.1e-5,true
cf_vt_clarabel_socp,3-17-original,physics,9,3,2.5940360970366783e-13,MW,6.1e-5,true
cf_vt_clarabel_socp,3-19:20,model,9,3,2.595701431573616e-13,MW,6.1e-5,true
cf_vt_clarabel_socp,3-38,model,9,3,0.0,K,0.0001,true
cf_vt_clarabel_socp,3-41,model,9,3,0.0,K,0.0001,true
cf_vt_clarabel_socp,3-41,model,9,3,0.0,K,0.0001,true
cf_vt_clarabel_socp,3-24,model,9,3,0.0,kPa,0.005199261864978687,true
cf_vt_clarabel_socp,3-41,model,9,3,0.0,K,0.0001,true
cf_vt_clarabel_socp,3-41,model,9,3,0.0,K,0.0001,true
cf_vt_clarabel_socp,3-24,model,9,3,0.0,kPa,0.005199261864978687,true
cf_vt_clarabel_socp,3-24-order,model,9,3,0.0,normalized,1.0e-6,true
cf_vt_clarabel_socp,3-21,model,9,4,0.0,kg/s,2.947222222222222e-5,true
cf_vt_clarabel_socp,3-43,model,9,4,0.0,kg/s,2.947222222222222e-5,true
cf_vt_clarabel_socp,3-17,model,9,4,2.6190161150907443e-13,MW,6.1e-5,true
cf_vt_clarabel_socp,3-17-original,physics,9,4,2.6190161150907443e-13,MW,6.1e-5,true
cf_vt_clarabel_socp,3-19:20,model,9,4,2.618738559334588e-13,MW,6.1e-5,true
cf_vt_clarabel_socp,3-38,model,9,4,0.0,K,0.0001,true
cf_vt_clarabel_socp,3-41,model,9,4,0.0,K,0.0001,true
cf_vt_clarabel_socp,3-41,model,9,4,0.0,K,0.0001,true
cf_vt_clarabel_socp,3-24,model,9,4,0.0,kPa,0.005199261864978687,true
cf_vt_clarabel_socp,3-41,model,9,4,0.0,K,0.0001,true
cf_vt_clarabel_socp,3-41,model,9,4,0.0,K,0.0001,true
cf_vt_clarabel_socp,3-24,model,9,4,0.0,kPa,0.005199261864978687,true
cf_vt_clarabel_socp,3-24-order,model,9,4,0.0,normalized,1.0e-6,true
cf_vt_clarabel_socp,3-21,model,9,5,0.0,kg/s,2.947222222222222e-5,true
cf_vt_clarabel_socp,3-43,model,9,5,0.0,kg/s,2.947222222222222e-5,true
cf_vt_clarabel_socp,3-17,model,9,5,1.0524914273446484e-13,MW,6.1e-5,true
cf_vt_clarabel_socp,3-17-original,physics,9,5,1.0524914273446484e-13,MW,6.1e-5,true
cf_vt_clarabel_socp,3-19:20,model,9,5,1.054989429150055e-13,MW,6.1e-5,true
cf_vt_clarabel_socp,3-38,model,9,5,0.0,K,0.0001,true
cf_vt_clarabel_socp,3-41,model,9,5,0.0,K,0.0001,true
cf_vt_clarabel_socp,3-41,model,9,5,0.0,K,0.0001,true
cf_vt_clarabel_socp,3-24,model,9,5,0.0,kPa,0.005199261864978687,true
cf_vt_clarabel_socp,3-41,model,9,5,0.0,K,0.0001,true
cf_vt_clarabel_socp,3-41,model,9,5,0.0,K,0.0001,true
cf_vt_clarabel_socp,3-24,model,9,5,0.0,kPa,0.005199261864978687,true
cf_vt_clarabel_socp,3-24-order,model,9,5,0.0,normalized,1.0e-6,true
cf_vt_clarabel_socp,3-21,model,9,6,0.0,kg/s,2.947222222222222e-5,true
cf_vt_clarabel_socp,3-43,model,9,6,0.0,kg/s,2.947222222222222e-5,true
cf_vt_clarabel_socp,3-17,model,9,6,2.366162821232365e-13,MW,6.1e-5,true
cf_vt_clarabel_socp,3-17-original,physics,9,6,2.366162821232365e-13,MW,6.1e-5,true
cf_vt_clarabel_socp,3-19:20,model,9,6,2.3669954885008337e-13,MW,6.1e-5,true
cf_vt_clarabel_socp,3-38,model,9,6,0.0,K,0.0001,true
cf_vt_clarabel_socp,3-41,model,9,6,0.0,K,0.0001,true
cf_vt_clarabel_socp,3-41,model,9,6,0.0,K,0.0001,true
cf_vt_clarabel_socp,3-24,model,9,6,0.0,kPa,0.005199261864978687,true
cf_vt_clarabel_socp,3-41,model,9,6,0.0,K,0.0001,true
cf_vt_clarabel_socp,3-41,model,9,6,0.0,K,0.0001,true
cf_vt_clarabel_socp,3-24,model,9,6,0.0,kPa,0.005199261864978687,true
cf_vt_clarabel_socp,3-24-order,model,9,6,0.0,normalized,1.0e-6,true
cf_vt_clarabel_socp,3-21,model,9,7,0.0,kg/s,2.947222222222222e-5,true
cf_vt_clarabel_socp,3-43,model,9,7,0.0,kg/s,2.947222222222222e-5,true
cf_vt_clarabel_socp,3-17,model,9,7,1.0025036356609007e-12,MW,6.1e-5,true
cf_vt_clarabel_socp,3-17-original,physics,9,7,1.0025036356609007e-12,MW,6.1e-5,true
cf_vt_clarabel_socp,3-19:20,model,9,7,1.0026146579633632e-12,MW,6.1e-5,true
cf_vt_clarabel_socp,3-38,model,9,7,0.0,K,0.0001,true
cf_vt_clarabel_socp,3-41,model,9,7,0.0,K,0.0001,true
cf_vt_clarabel_socp,3-41,model,9,7,0.0,K,0.0001,true
cf_vt_clarabel_socp,3-24,model,9,7,0.0,kPa,0.005199261864978687,true
cf_vt_clarabel_socp,3-41,model,9,7,0.0,K,0.0001,true
cf_vt_clarabel_socp,3-41,model,9,7,0.0,K,0.0001,true
cf_vt_clarabel_socp,3-24,model,9,7,0.0,kPa,0.005199261864978687,true
cf_vt_clarabel_socp,3-24-order,model,9,7,0.0,normalized,1.0e-6,true
cf_vt_clarabel_socp,3-21,model,9,8,0.0,kg/s,2.947222222222222e-5,true
cf_vt_clarabel_socp,3-43,model,9,8,0.0,kg/s,2.947222222222222e-5,true
cf_vt_clarabel_socp,3-17,model,9,8,1.3913592500358618e-12,MW,6.1e-5,true
cf_vt_clarabel_socp,3-17-original,physics,9,8,1.3913592500358618e-12,MW,6.1e-5,true
cf_vt_clarabel_socp,3-19:20,model,9,8,1.391414761187093e-12,MW,6.1e-5,true
cf_vt_clarabel_socp,3-38,model,9,8,0.0,K,0.0001,true
cf_vt_clarabel_socp,3-41,model,9,8,0.0,K,0.0001,true
cf_vt_clarabel_socp,3-41,model,9,8,0.0,K,0.0001,true
cf_vt_clarabel_socp,3-24,model,9,8,0.0,kPa,0.005199261864978687,true
cf_vt_clarabel_socp,3-41,model,9,8,0.0,K,0.0001,true
cf_vt_clarabel_socp,3-41,model,9,8,0.0,K,0.0001,true
cf_vt_clarabel_socp,3-24,model,9,8,0.0,kPa,0.005199261864978687,true
cf_vt_clarabel_socp,3-24-order,model,9,8,0.0,normalized,1.0e-6,true
cf_vt_clarabel_socp,3-21,model,9,9,0.0,kg/s,2.947222222222222e-5,true
cf_vt_clarabel_socp,3-43,model,9,9,0.0,kg/s,2.947222222222222e-5,true
cf_vt_clarabel_socp,3-17,model,9,9,1.106892355551281e-12,MW,6.1e-5,true
cf_vt_clarabel_socp,3-17-original,physics,9,9,1.106892355551281e-12,MW,6.1e-5,true
cf_vt_clarabel_socp,3-19:20,model,9,9,1.1069201111268967e-12,MW,6.1e-5,true
cf_vt_clarabel_socp,3-38,model,9,9,0.0,K,0.0001,true
cf_vt_clarabel_socp,3-41,model,9,9,0.0,K,0.0001,true
cf_vt_clarabel_socp,3-41,model,9,9,0.0,K,0.0001,true
cf_vt_clarabel_socp,3-24,model,9,9,0.0,kPa,0.005199261864978687,true
cf_vt_clarabel_socp,3-41,model,9,9,0.0,K,0.0001,true
cf_vt_clarabel_socp,3-41,model,9,9,0.0,K,0.0001,true
cf_vt_clarabel_socp,3-24,model,9,9,0.0,kPa,0.005199261864978687,true
cf_vt_clarabel_socp,3-24-order,model,9,9,0.0,normalized,1.0e-6,true
cf_vt_clarabel_socp,3-21,model,9,10,0.0,kg/s,2.947222222222222e-5,true
cf_vt_clarabel_socp,3-43,model,9,10,0.0,kg/s,2.947222222222222e-5,true
cf_vt_clarabel_socp,3-17,model,9,10,1.4498680034336076e-12,MW,6.1e-5,true
cf_vt_clarabel_socp,3-17-original,physics,9,10,1.4498680034336076e-12,MW,6.1e-5,true
cf_vt_clarabel_socp,3-19:20,model,9,10,1.4500345368873013e-12,MW,6.1e-5,true
cf_vt_clarabel_socp,3-38,model,9,10,0.0,K,0.0001,true
cf_vt_clarabel_socp,3-41,model,9,10,0.0,K,0.0001,true
cf_vt_clarabel_socp,3-41,model,9,10,0.0,K,0.0001,true
cf_vt_clarabel_socp,3-24,model,9,10,0.0,kPa,0.005199261864978687,true
cf_vt_clarabel_socp,3-41,model,9,10,0.0,K,0.0001,true
cf_vt_clarabel_socp,3-41,model,9,10,0.0,K,0.0001,true
cf_vt_clarabel_socp,3-24,model,9,10,0.0,kPa,0.005199261864978687,true
cf_vt_clarabel_socp,3-24-order,model,9,10,0.0,normalized,1.0e-6,true
cf_vt_clarabel_socp,3-21,model,9,11,0.0,kg/s,2.947222222222222e-5,true
cf_vt_clarabel_socp,3-43,model,9,11,0.0,kg/s,2.947222222222222e-5,true
cf_vt_clarabel_socp,3-17,model,9,11,1.087380185893494e-11,MW,6.1e-5,true
cf_vt_clarabel_socp,3-17-original,physics,9,11,1.087380185893494e-11,MW,6.1e-5,true
cf_vt_clarabel_socp,3-19:20,model,9,11,1.0873552058754399e-11,MW,6.1e-5,true
cf_vt_clarabel_socp,3-38,model,9,11,0.0,K,0.0001,true
cf_vt_clarabel_socp,3-41,model,9,11,0.0,K,0.0001,true
cf_vt_clarabel_socp,3-41,model,9,11,0.0,K,0.0001,true
cf_vt_clarabel_socp,3-24,model,9,11,0.0,kPa,0.005199261864978687,true
cf_vt_clarabel_socp,3-41,model,9,11,0.0,K,0.0001,true
cf_vt_clarabel_socp,3-41,model,9,11,0.0,K,0.0001,true
cf_vt_clarabel_socp,3-24,model,9,11,0.0,kPa,0.005199261864978687,true
cf_vt_clarabel_socp,3-24-order,model,9,11,0.0,normalized,1.0e-6,true
cf_vt_clarabel_socp,3-21,model,9,12,0.0,kg/s,2.947222222222222e-5,true
cf_vt_clarabel_socp,3-43,model,9,12,0.0,kg/s,2.947222222222222e-5,true
cf_vt_clarabel_socp,3-17,model,9,12,2.3666624215934462e-11,MW,6.1e-5,true
cf_vt_clarabel_socp,3-17-original,physics,9,12,2.3666624215934462e-11,MW,6.1e-5,true
cf_vt_clarabel_socp,3-19:20,model,9,12,2.3666402171329537e-11,MW,6.1e-5,true
cf_vt_clarabel_socp,3-38,model,9,12,1.1368683772161603e-13,K,0.0001,true
cf_vt_clarabel_socp,3-41,model,9,12,0.0,K,0.0001,true
cf_vt_clarabel_socp,3-41,model,9,12,0.0,K,0.0001,true
cf_vt_clarabel_socp,3-24,model,9,12,0.0,kPa,0.005199261864978687,true
cf_vt_clarabel_socp,3-41,model,9,12,0.0,K,0.0001,true
cf_vt_clarabel_socp,3-41,model,9,12,0.0,K,0.0001,true
cf_vt_clarabel_socp,3-24,model,9,12,0.0,kPa,0.005199261864978687,true
cf_vt_clarabel_socp,3-24-order,model,9,12,0.0,normalized,1.0e-6,true
cf_vt_clarabel_socp,3-21,model,9,13,0.0,kg/s,2.947222222222222e-5,true
cf_vt_clarabel_socp,3-43,model,9,13,0.0,kg/s,2.947222222222222e-5,true
cf_vt_clarabel_socp,3-17,model,9,13,2.2127855103803995e-12,MW,6.1e-5,true
cf_vt_clarabel_socp,3-17-original,physics,9,13,2.2127855103803995e-12,MW,6.1e-5,true
cf_vt_clarabel_socp,3-19:20,model,9,13,2.2130075549853245e-12,MW,6.1e-5,true
cf_vt_clarabel_socp,3-38,model,9,13,5.684341886080802e-14,K,0.0001,true
cf_vt_clarabel_socp,3-41,model,9,13,0.0,K,0.0001,true
cf_vt_clarabel_socp,3-41,model,9,13,0.0,K,0.0001,true
cf_vt_clarabel_socp,3-24,model,9,13,0.0,kPa,0.005199261864978687,true
cf_vt_clarabel_socp,3-41,model,9,13,0.0,K,0.0001,true
cf_vt_clarabel_socp,3-41,model,9,13,0.0,K,0.0001,true
cf_vt_clarabel_socp,3-24,model,9,13,0.0,kPa,0.005199261864978687,true
cf_vt_clarabel_socp,3-24-order,model,9,13,0.0,normalized,1.0e-6,true
cf_vt_clarabel_socp,3-21,model,9,14,0.0,kg/s,2.947222222222222e-5,true
cf_vt_clarabel_socp,3-43,model,9,14,0.0,kg/s,2.947222222222222e-5,true
cf_vt_clarabel_socp,3-17,model,9,14,4.529987496226795e-12,MW,6.1e-5,true
cf_vt_clarabel_socp,3-17-original,physics,9,14,4.529987496226795e-12,MW,6.1e-5,true
cf_vt_clarabel_socp,3-19:20,model,9,14,4.5297932071974856e-12,MW,6.1e-5,true
cf_vt_clarabel_socp,3-38,model,9,14,0.0,K,0.0001,true
cf_vt_clarabel_socp,3-41,model,9,14,0.0,K,0.0001,true
cf_vt_clarabel_socp,3-41,model,9,14,0.0,K,0.0001,true
cf_vt_clarabel_socp,3-24,model,9,14,0.0,kPa,0.005199261864978687,true
cf_vt_clarabel_socp,3-41,model,9,14,0.0,K,0.0001,true
cf_vt_clarabel_socp,3-41,model,9,14,0.0,K,0.0001,true
cf_vt_clarabel_socp,3-24,model,9,14,0.0,kPa,0.005199261864978687,true
cf_vt_clarabel_socp,3-24-order,model,9,14,0.0,normalized,1.0e-6,true
cf_vt_clarabel_socp,3-21,model,9,15,0.0,kg/s,2.947222222222222e-5,true
cf_vt_clarabel_socp,3-43,model,9,15,0.0,kg/s,2.947222222222222e-5,true
cf_vt_clarabel_socp,3-17,model,9,15,1.1296033552987694e-10,MW,6.1e-5,true
cf_vt_clarabel_socp,3-17-original,physics,9,15,1.1296033552987694e-10,MW,6.1e-5,true
cf_vt_clarabel_socp,3-19:20,model,9,15,1.1295833712843262e-10,MW,6.1e-5,true
cf_vt_clarabel_socp,3-38,model,9,15,4.547473508864641e-13,K,0.0001,true
cf_vt_clarabel_socp,3-41,model,9,15,0.0,K,0.0001,true
cf_vt_clarabel_socp,3-41,model,9,15,0.0,K,0.0001,true
cf_vt_clarabel_socp,3-24,model,9,15,0.0,kPa,0.005199261864978687,true
cf_vt_clarabel_socp,3-41,model,9,15,0.0,K,0.0001,true
cf_vt_clarabel_socp,3-41,model,9,15,0.0,K,0.0001,true
cf_vt_clarabel_socp,3-24,model,9,15,0.0,kPa,0.005199261864978687,true
cf_vt_clarabel_socp,3-24-order,model,9,15,0.0,normalized,1.0e-6,true
cf_vt_clarabel_socp,3-21,model,9,16,0.0,kg/s,2.947222222222222e-5,true
cf_vt_clarabel_socp,3-43,model,9,16,0.0,kg/s,2.947222222222222e-5,true
cf_vt_clarabel_socp,3-17,model,9,16,6.78238576412582e-10,MW,6.1e-5,true
cf_vt_clarabel_socp,3-17-original,physics,9,16,6.78238576412582e-10,MW,6.1e-5,true
cf_vt_clarabel_socp,3-19:20,model,9,16,6.782264749816136e-10,MW,6.1e-5,true
cf_vt_clarabel_socp,3-38,model,9,16,2.6716406864579767e-12,K,0.0001,true
cf_vt_clarabel_socp,3-41,model,9,16,0.0,K,0.0001,true
cf_vt_clarabel_socp,3-41,model,9,16,0.0,K,0.0001,true
cf_vt_clarabel_socp,3-24,model,9,16,0.0,kPa,0.005199261864978687,true
cf_vt_clarabel_socp,3-41,model,9,16,0.0,K,0.0001,true
cf_vt_clarabel_socp,3-41,model,9,16,0.0,K,0.0001,true
cf_vt_clarabel_socp,3-24,model,9,16,0.0,kPa,0.005199261864978687,true
cf_vt_clarabel_socp,3-24-order,model,9,16,0.0,normalized,1.0e-6,true
cf_vt_clarabel_socp,3-21,model,9,17,0.0,kg/s,2.947222222222222e-5,true
cf_vt_clarabel_socp,3-43,model,9,17,0.0,kg/s,2.947222222222222e-5,true
cf_vt_clarabel_socp,3-17,model,9,17,1.5725421520507155e-9,MW,6.1e-5,true
cf_vt_clarabel_socp,3-17-original,physics,9,17,1.5725421520507155e-9,MW,6.1e-5,true
cf_vt_clarabel_socp,3-19:20,model,9,17,1.5725145074974023e-9,MW,6.1e-5,true
cf_vt_clarabel_socp,3-38,model,9,17,6.30961949354969e-12,K,0.0001,true
cf_vt_clarabel_socp,3-41,model,9,17,0.0,K,0.0001,true
cf_vt_clarabel_socp,3-41,model,9,17,0.0,K,0.0001,true
cf_vt_clarabel_socp,3-24,model,9,17,0.0,kPa,0.005199261864978687,true
cf_vt_clarabel_socp,3-41,model,9,17,0.0,K,0.0001,true
cf_vt_clarabel_socp,3-41,model,9,17,0.0,K,0.0001,true
cf_vt_clarabel_socp,3-24,model,9,17,0.0,kPa,0.005199261864978687,true
cf_vt_clarabel_socp,3-24-order,model,9,17,0.0,normalized,1.0e-6,true
cf_vt_clarabel_socp,3-21,model,9,18,0.0,kg/s,2.947222222222222e-5,true
cf_vt_clarabel_socp,3-43,model,9,18,0.0,kg/s,2.947222222222222e-5,true
cf_vt_clarabel_socp,3-17,model,9,18,7.039788474383357e-10,MW,6.1e-5,true
cf_vt_clarabel_socp,3-17-original,physics,9,18,7.039788474383357e-10,MW,6.1e-5,true
cf_vt_clarabel_socp,3-19:20,model,9,18,7.039664406960355e-10,MW,6.1e-5,true
cf_vt_clarabel_socp,3-38,model,9,18,2.8421709430404007e-12,K,0.0001,true
cf_vt_clarabel_socp,3-41,model,9,18,0.0,K,0.0001,true
cf_vt_clarabel_socp,3-41,model,9,18,0.0,K,0.0001,true
cf_vt_clarabel_socp,3-24,model,9,18,0.0,kPa,0.005199261864978687,true
cf_vt_clarabel_socp,3-41,model,9,18,0.0,K,0.0001,true
cf_vt_clarabel_socp,3-41,model,9,18,0.0,K,0.0001,true
cf_vt_clarabel_socp,3-24,model,9,18,0.0,kPa,0.005199261864978687,true
cf_vt_clarabel_socp,3-24-order,model,9,18,0.0,normalized,1.0e-6,true
cf_vt_clarabel_socp,3-21,model,9,19,0.0,kg/s,2.947222222222222e-5,true
cf_vt_clarabel_socp,3-43,model,9,19,0.0,kg/s,2.947222222222222e-5,true
cf_vt_clarabel_socp,3-17,model,9,19,1.1870428529014987e-9,MW,6.1e-5,true
cf_vt_clarabel_socp,3-17-original,physics,9,19,1.1870428529014987e-9,MW,6.1e-5,true
cf_vt_clarabel_socp,3-19:20,model,9,19,1.1870220084642114e-9,MW,6.1e-5,true
cf_vt_clarabel_socp,3-38,model,9,19,4.774847184307873e-12,K,0.0001,true
cf_vt_clarabel_socp,3-41,model,9,19,0.0,K,0.0001,true
cf_vt_clarabel_socp,3-41,model,9,19,0.0,K,0.0001,true
cf_vt_clarabel_socp,3-24,model,9,19,0.0,kPa,0.005199261864978687,true
cf_vt_clarabel_socp,3-41,model,9,19,0.0,K,0.0001,true
cf_vt_clarabel_socp,3-41,model,9,19,0.0,K,0.0001,true
cf_vt_clarabel_socp,3-24,model,9,19,0.0,kPa,0.005199261864978687,true
cf_vt_clarabel_socp,3-24-order,model,9,19,0.0,normalized,1.0e-6,true
cf_vt_clarabel_socp,3-21,model,9,20,0.0,kg/s,2.947222222222222e-5,true
cf_vt_clarabel_socp,3-43,model,9,20,0.0,kg/s,2.947222222222222e-5,true
cf_vt_clarabel_socp,3-17,model,9,20,1.0707795761177863e-11,MW,6.1e-5,true
cf_vt_clarabel_socp,3-17-original,physics,9,20,1.0707795761177863e-11,MW,6.1e-5,true
cf_vt_clarabel_socp,3-19:20,model,9,20,1.0707795761177863e-11,MW,6.1e-5,true
cf_vt_clarabel_socp,3-38,model,9,20,5.684341886080802e-14,K,0.0001,true
cf_vt_clarabel_socp,3-41,model,9,20,0.0,K,0.0001,true
cf_vt_clarabel_socp,3-41,model,9,20,0.0,K,0.0001,true
cf_vt_clarabel_socp,3-24,model,9,20,0.0,kPa,0.005199261864978687,true
cf_vt_clarabel_socp,3-41,model,9,20,0.0,K,0.0001,true
cf_vt_clarabel_socp,3-41,model,9,20,0.0,K,0.0001,true
cf_vt_clarabel_socp,3-24,model,9,20,0.0,kPa,0.005199261864978687,true
cf_vt_clarabel_socp,3-24-order,model,9,20,0.0,normalized,1.0e-6,true
cf_vt_clarabel_socp,3-21,model,9,21,0.0,kg/s,2.947222222222222e-5,true
cf_vt_clarabel_socp,3-43,model,9,21,0.0,kg/s,2.947222222222222e-5,true
cf_vt_clarabel_socp,3-17,model,9,21,4.601841130380535e-11,MW,6.1e-5,true
cf_vt_clarabel_socp,3-17-original,physics,9,21,4.601841130380535e-11,MW,6.1e-5,true
cf_vt_clarabel_socp,3-19:20,model,9,21,4.601757863653688e-11,MW,6.1e-5,true
cf_vt_clarabel_socp,3-38,model,9,21,1.7053025658242404e-13,K,0.0001,true
cf_vt_clarabel_socp,3-41,model,9,21,0.0,K,0.0001,true
cf_vt_clarabel_socp,3-41,model,9,21,0.0,K,0.0001,true
cf_vt_clarabel_socp,3-24,model,9,21,0.0,kPa,0.005199261864978687,true
cf_vt_clarabel_socp,3-41,model,9,21,0.0,K,0.0001,true
cf_vt_clarabel_socp,3-41,model,9,21,0.0,K,0.0001,true
cf_vt_clarabel_socp,3-24,model,9,21,0.0,kPa,0.005199261864978687,true
cf_vt_clarabel_socp,3-24-order,model,9,21,0.0,normalized,1.0e-6,true
cf_vt_clarabel_socp,3-21,model,9,22,0.0,kg/s,2.947222222222222e-5,true
cf_vt_clarabel_socp,3-43,model,9,22,0.0,kg/s,2.947222222222222e-5,true
cf_vt_clarabel_socp,3-17,model,9,22,2.7180108660984637e-7,MW,6.1e-5,true
cf_vt_clarabel_socp,3-17-original,physics,9,22,2.7180108660984637e-7,MW,6.1e-5,true
cf_vt_clarabel_socp,3-19:20,model,9,22,2.7179629216722567e-7,MW,6.1e-5,true
cf_vt_clarabel_socp,3-38,model,9,22,1.091677859221818e-9,K,0.0001,true
cf_vt_clarabel_socp,3-41,model,9,22,0.0,K,0.0001,true
cf_vt_clarabel_socp,3-41,model,9,22,0.0,K,0.0001,true
cf_vt_clarabel_socp,3-24,model,9,22,0.0,kPa,0.005199261864978687,true
cf_vt_clarabel_socp,3-41,model,9,22,0.0,K,0.0001,true
cf_vt_clarabel_socp,3-41,model,9,22,0.0,K,0.0001,true
cf_vt_clarabel_socp,3-24,model,9,22,0.0,kPa,0.005199261864978687,true
cf_vt_clarabel_socp,3-24-order,model,9,22,0.0,normalized,1.0e-6,true
cf_vt_clarabel_socp,3-21,model,9,23,0.0,kg/s,2.947222222222222e-5,true
cf_vt_clarabel_socp,3-43,model,9,23,0.0,kg/s,2.947222222222222e-5,true
cf_vt_clarabel_socp,3-17,model,9,23,7.5270341604039e-7,MW,6.1e-5,true
cf_vt_clarabel_socp,3-17-original,physics,9,23,7.5270341604039e-7,MW,6.1e-5,true
cf_vt_clarabel_socp,3-19:20,model,9,23,7.526901384669049e-7,MW,6.1e-5,true
cf_vt_clarabel_socp,3-38,model,9,23,3.023274075530935e-9,K,0.0001,true
cf_vt_clarabel_socp,3-41,model,9,23,0.0,K,0.0001,true
cf_vt_clarabel_socp,3-41,model,9,23,0.0,K,0.0001,true
cf_vt_clarabel_socp,3-24,model,9,23,0.0,kPa,0.005199261864978687,true
cf_vt_clarabel_socp,3-41,model,9,23,0.0,K,0.0001,true
cf_vt_clarabel_socp,3-41,model,9,23,0.0,K,0.0001,true
cf_vt_clarabel_socp,3-24,model,9,23,0.0,kPa,0.005199261864978687,true
cf_vt_clarabel_socp,3-24-order,model,9,23,0.0,normalized,1.0e-6,true
cf_vt_clarabel_socp,3-21,model,9,24,0.0,kg/s,2.947222222222222e-5,true
cf_vt_clarabel_socp,3-43,model,9,24,0.0,kg/s,2.947222222222222e-5,true
cf_vt_clarabel_socp,3-17,model,9,24,6.486657968707288e-6,MW,6.1e-5,true
cf_vt_clarabel_socp,3-17-original,physics,9,24,6.486657968707288e-6,MW,6.1e-5,true
cf_vt_clarabel_socp,3-19:20,model,9,24,6.4865435460137455e-6,MW,6.1e-5,true
cf_vt_clarabel_socp,3-38,model,9,24,2.6054294721689075e-8,K,0.0001,true
cf_vt_clarabel_socp,3-41,model,9,24,0.0,K,0.0001,true
cf_vt_clarabel_socp,3-41,model,9,24,0.0,K,0.0001,true
cf_vt_clarabel_socp,3-24,model,9,24,0.0,kPa,0.005199261864978687,true
cf_vt_clarabel_socp,3-41,model,9,24,0.0,K,0.0001,true
cf_vt_clarabel_socp,3-41,model,9,24,0.0,K,0.0001,true
cf_vt_clarabel_socp,3-24,model,9,24,0.0,kPa,0.005199261864978687,true
cf_vt_clarabel_socp,3-24-order,model,9,24,0.0,normalized,1.0e-6,true
cf_vt_clarabel_socp,3-21,model,10,1,0.0,kg/s,2.947222222222222e-5,true
cf_vt_clarabel_socp,3-43,model,10,1,0.0,kg/s,2.947222222222222e-5,true
cf_vt_clarabel_socp,3-17,model,10,1,4.329314684525798e-13,MW,6.1e-5,true
cf_vt_clarabel_socp,3-17-original,physics,10,1,4.329314684525798e-13,MW,6.1e-5,true
cf_vt_clarabel_socp,3-19:20,model,10,1,4.3279269057450165e-13,MW,6.1e-5,true
cf_vt_clarabel_socp,3-38,model,10,1,0.0,K,0.0001,true
cf_vt_clarabel_socp,3-41,model,10,1,0.0,K,0.0001,true
cf_vt_clarabel_socp,3-41,model,10,1,0.0,K,0.0001,true
cf_vt_clarabel_socp,3-24,model,10,1,0.0,kPa,0.005199261864978687,true
cf_vt_clarabel_socp,3-41,model,10,1,0.0,K,0.0001,true
cf_vt_clarabel_socp,3-41,model,10,1,0.0,K,0.0001,true
cf_vt_clarabel_socp,3-24,model,10,1,0.0,kPa,0.005199261864978687,true
cf_vt_clarabel_socp,3-24-order,model,10,1,0.0,normalized,1.0e-6,true
cf_vt_clarabel_socp,3-21,model,10,2,0.0,kg/s,2.947222222222222e-5,true
cf_vt_clarabel_socp,3-43,model,10,2,0.0,kg/s,2.947222222222222e-5,true
cf_vt_clarabel_socp,3-17,model,10,2,3.2218672174622043e-13,MW,6.1e-5,true
cf_vt_clarabel_socp,3-17-original,physics,10,2,3.2218672174622043e-13,MW,6.1e-5,true
cf_vt_clarabel_socp,3-19:20,model,10,2,3.220479438681423e-13,MW,6.1e-5,true
cf_vt_clarabel_socp,3-38,model,10,2,0.0,K,0.0001,true
cf_vt_clarabel_socp,3-41,model,10,2,0.0,K,0.0001,true
cf_vt_clarabel_socp,3-41,model,10,2,0.0,K,0.0001,true
cf_vt_clarabel_socp,3-24,model,10,2,0.0,kPa,0.005199261864978687,true
cf_vt_clarabel_socp,3-41,model,10,2,0.0,K,0.0001,true
cf_vt_clarabel_socp,3-41,model,10,2,0.0,K,0.0001,true
cf_vt_clarabel_socp,3-24,model,10,2,0.0,kPa,0.005199261864978687,true
cf_vt_clarabel_socp,3-24-order,model,10,2,0.0,normalized,1.0e-6,true
cf_vt_clarabel_socp,3-21,model,10,3,0.0,kg/s,2.947222222222222e-5,true
cf_vt_clarabel_socp,3-43,model,10,3,0.0,kg/s,2.947222222222222e-5,true
cf_vt_clarabel_socp,3-17,model,10,3,3.4205971388701073e-13,MW,6.1e-5,true
cf_vt_clarabel_socp,3-17-original,physics,10,3,3.4205971388701073e-13,MW,6.1e-5,true
cf_vt_clarabel_socp,3-19:20,model,10,3,3.419209360089326e-13,MW,6.1e-5,true
cf_vt_clarabel_socp,3-38,model,10,3,0.0,K,0.0001,true
cf_vt_clarabel_socp,3-41,model,10,3,0.0,K,0.0001,true
cf_vt_clarabel_socp,3-41,model,10,3,0.0,K,0.0001,true
cf_vt_clarabel_socp,3-24,model,10,3,0.0,kPa,0.005199261864978687,true
cf_vt_clarabel_socp,3-41,model,10,3,0.0,K,0.0001,true
cf_vt_clarabel_socp,3-41,model,10,3,0.0,K,0.0001,true
cf_vt_clarabel_socp,3-24,model,10,3,0.0,kPa,0.005199261864978687,true
cf_vt_clarabel_socp,3-24-order,model,10,3,0.0,normalized,1.0e-6,true
cf_vt_clarabel_socp,3-21,model,10,4,0.0,kg/s,2.947222222222222e-5,true
cf_vt_clarabel_socp,3-43,model,10,4,0.0,kg/s,2.947222222222222e-5,true
cf_vt_clarabel_socp,3-17,model,10,4,3.600730824615539e-13,MW,6.1e-5,true
cf_vt_clarabel_socp,3-17-original,physics,10,4,3.600730824615539e-13,MW,6.1e-5,true
cf_vt_clarabel_socp,3-19:20,model,10,4,3.599620601590914e-13,MW,6.1e-5,true
cf_vt_clarabel_socp,3-38,model,10,4,0.0,K,0.0001,true
cf_vt_clarabel_socp,3-41,model,10,4,0.0,K,0.0001,true
cf_vt_clarabel_socp,3-41,model,10,4,0.0,K,0.0001,true
cf_vt_clarabel_socp,3-24,model,10,4,0.0,kPa,0.005199261864978687,true
cf_vt_clarabel_socp,3-41,model,10,4,0.0,K,0.0001,true
cf_vt_clarabel_socp,3-41,model,10,4,0.0,K,0.0001,true
cf_vt_clarabel_socp,3-24,model,10,4,0.0,kPa,0.005199261864978687,true
cf_vt_clarabel_socp,3-24-order,model,10,4,0.0,normalized,1.0e-6,true
cf_vt_clarabel_socp,3-21,model,10,5,0.0,kg/s,2.947222222222222e-5,true
cf_vt_clarabel_socp,3-43,model,10,5,0.0,kg/s,2.947222222222222e-5,true
cf_vt_clarabel_socp,3-17,model,10,5,1.9903523273967494e-13,MW,6.1e-5,true
cf_vt_clarabel_socp,3-17-original,physics,10,5,1.9903523273967494e-13,MW,6.1e-5,true
cf_vt_clarabel_socp,3-19:20,model,10,5,1.990907438909062e-13,MW,6.1e-5,true
cf_vt_clarabel_socp,3-38,model,10,5,0.0,K,0.0001,true
cf_vt_clarabel_socp,3-41,model,10,5,0.0,K,0.0001,true
cf_vt_clarabel_socp,3-41,model,10,5,0.0,K,0.0001,true
cf_vt_clarabel_socp,3-24,model,10,5,0.0,kPa,0.005199261864978687,true
cf_vt_clarabel_socp,3-41,model,10,5,0.0,K,0.0001,true
cf_vt_clarabel_socp,3-41,model,10,5,0.0,K,0.0001,true
cf_vt_clarabel_socp,3-24,model,10,5,0.0,kPa,0.005199261864978687,true
cf_vt_clarabel_socp,3-24-order,model,10,5,0.0,normalized,1.0e-6,true
cf_vt_clarabel_socp,3-21,model,10,6,0.0,kg/s,2.947222222222222e-5,true
cf_vt_clarabel_socp,3-43,model,10,6,0.0,kg/s,2.947222222222222e-5,true
cf_vt_clarabel_socp,3-17,model,10,6,1.956490525145682e-13,MW,6.1e-5,true
cf_vt_clarabel_socp,3-17-original,physics,10,6,1.956490525145682e-13,MW,6.1e-5,true
cf_vt_clarabel_socp,3-19:20,model,10,6,1.9562129693895258e-13,MW,6.1e-5,true
cf_vt_clarabel_socp,3-38,model,10,6,0.0,K,0.0001,true
cf_vt_clarabel_socp,3-41,model,10,6,0.0,K,0.0001,true
cf_vt_clarabel_socp,3-41,model,10,6,0.0,K,0.0001,true
cf_vt_clarabel_socp,3-24,model,10,6,0.0,kPa,0.005199261864978687,true
cf_vt_clarabel_socp,3-41,model,10,6,0.0,K,0.0001,true
cf_vt_clarabel_socp,3-41,model,10,6,0.0,K,0.0001,true
cf_vt_clarabel_socp,3-24,model,10,6,0.0,kPa,0.005199261864978687,true
cf_vt_clarabel_socp,3-24-order,model,10,6,0.0,normalized,1.0e-6,true
cf_vt_clarabel_socp,3-21,model,10,7,0.0,kg/s,2.947222222222222e-5,true
cf_vt_clarabel_socp,3-43,model,10,7,0.0,kg/s,2.947222222222222e-5,true
cf_vt_clarabel_socp,3-17,model,10,7,9.877654250090018e-13,MW,6.1e-5,true
cf_vt_clarabel_socp,3-17-original,physics,10,7,9.877654250090018e-13,MW,6.1e-5,true
cf_vt_clarabel_socp,3-19:20,model,10,7,9.87598891555308e-13,MW,6.1e-5,true
cf_vt_clarabel_socp,3-38,model,10,7,0.0,K,0.0001,true
cf_vt_clarabel_socp,3-41,model,10,7,0.0,K,0.0001,true
cf_vt_clarabel_socp,3-41,model,10,7,0.0,K,0.0001,true
cf_vt_clarabel_socp,3-24,model,10,7,0.0,kPa,0.005199261864978687,true
cf_vt_clarabel_socp,3-41,model,10,7,0.0,K,0.0001,true
cf_vt_clarabel_socp,3-41,model,10,7,0.0,K,0.0001,true
cf_vt_clarabel_socp,3-24,model,10,7,0.0,kPa,0.005199261864978687,true
cf_vt_clarabel_socp,3-24-order,model,10,7,0.0,normalized,1.0e-6,true
cf_vt_clarabel_socp,3-21,model,10,8,0.0,kg/s,2.947222222222222e-5,true
cf_vt_clarabel_socp,3-43,model,10,8,0.0,kg/s,2.947222222222222e-5,true
cf_vt_clarabel_socp,3-17,model,10,8,1.4740986209460516e-12,MW,6.1e-5,true
cf_vt_clarabel_socp,3-17-original,physics,10,8,1.4740986209460516e-12,MW,6.1e-5,true
cf_vt_clarabel_socp,3-19:20,model,10,8,1.4741541320972829e-12,MW,6.1e-5,true
cf_vt_clarabel_socp,3-38,model,10,8,0.0,K,0.0001,true
cf_vt_clarabel_socp,3-41,model,10,8,0.0,K,0.0001,true
cf_vt_clarabel_socp,3-41,model,10,8,0.0,K,0.0001,true
cf_vt_clarabel_socp,3-24,model,10,8,0.0,kPa,0.005199261864978687,true
cf_vt_clarabel_socp,3-41,model,10,8,0.0,K,0.0001,true
cf_vt_clarabel_socp,3-41,model,10,8,0.0,K,0.0001,true
cf_vt_clarabel_socp,3-24,model,10,8,0.0,kPa,0.005199261864978687,true
cf_vt_clarabel_socp,3-24-order,model,10,8,0.0,normalized,1.0e-6,true
cf_vt_clarabel_socp,3-21,model,10,9,0.0,kg/s,2.947222222222222e-5,true
cf_vt_clarabel_socp,3-43,model,10,9,0.0,kg/s,2.947222222222222e-5,true
cf_vt_clarabel_socp,3-17,model,10,9,1.3290202272031593e-12,MW,6.1e-5,true
cf_vt_clarabel_socp,3-17-original,physics,10,9,1.3290202272031593e-12,MW,6.1e-5,true
cf_vt_clarabel_socp,3-19:20,model,10,9,1.3287981825982342e-12,MW,6.1e-5,true
cf_vt_clarabel_socp,3-38,model,10,9,0.0,K,0.0001,true
cf_vt_clarabel_socp,3-41,model,10,9,0.0,K,0.0001,true
cf_vt_clarabel_socp,3-41,model,10,9,0.0,K,0.0001,true
cf_vt_clarabel_socp,3-24,model,10,9,0.0,kPa,0.005199261864978687,true
cf_vt_clarabel_socp,3-41,model,10,9,0.0,K,0.0001,true
cf_vt_clarabel_socp,3-41,model,10,9,0.0,K,0.0001,true
cf_vt_clarabel_socp,3-24,model,10,9,0.0,kPa,0.005199261864978687,true
cf_vt_clarabel_socp,3-24-order,model,10,9,0.0,normalized,1.0e-6,true
cf_vt_clarabel_socp,3-21,model,10,10,0.0,kg/s,2.947222222222222e-5,true
cf_vt_clarabel_socp,3-43,model,10,10,0.0,kg/s,2.947222222222222e-5,true
cf_vt_clarabel_socp,3-17,model,10,10,2.7566837701442637e-13,MW,6.1e-5,true
cf_vt_clarabel_socp,3-17-original,physics,10,10,2.7566837701442637e-13,MW,6.1e-5,true
cf_vt_clarabel_socp,3-19:20,model,10,10,2.754185768338857e-13,MW,6.1e-5,true
cf_vt_clarabel_socp,3-38,model,10,10,0.0,K,0.0001,true
cf_vt_clarabel_socp,3-41,model,10,10,0.0,K,0.0001,true
cf_vt_clarabel_socp,3-41,model,10,10,0.0,K,0.0001,true
cf_vt_clarabel_socp,3-24,model,10,10,0.0,kPa,0.005199261864978687,true
cf_vt_clarabel_socp,3-41,model,10,10,0.0,K,0.0001,true
cf_vt_clarabel_socp,3-41,model,10,10,0.0,K,0.0001,true
cf_vt_clarabel_socp,3-24,model,10,10,0.0,kPa,0.005199261864978687,true
cf_vt_clarabel_socp,3-24-order,model,10,10,0.0,normalized,1.0e-6,true
cf_vt_clarabel_socp,3-21,model,10,11,0.0,kg/s,2.947222222222222e-5,true
cf_vt_clarabel_socp,3-43,model,10,11,0.0,kg/s,2.947222222222222e-5,true
cf_vt_clarabel_socp,3-17,model,10,11,7.498418552742692e-12,MW,6.1e-5,true
cf_vt_clarabel_socp,3-17-original,physics,10,11,7.498418552742692e-12,MW,6.1e-5,true
cf_vt_clarabel_socp,3-19:20,model,10,11,7.498307530440229e-12,MW,6.1e-5,true
cf_vt_clarabel_socp,3-38,model,10,11,5.684341886080802e-14,K,0.0001,true
cf_vt_clarabel_socp,3-41,model,10,11,0.0,K,0.0001,true
cf_vt_clarabel_socp,3-41,model,10,11,0.0,K,0.0001,true
cf_vt_clarabel_socp,3-24,model,10,11,0.0,kPa,0.005199261864978687,true
cf_vt_clarabel_socp,3-41,model,10,11,0.0,K,0.0001,true
cf_vt_clarabel_socp,3-41,model,10,11,0.0,K,0.0001,true
cf_vt_clarabel_socp,3-24,model,10,11,0.0,kPa,0.005199261864978687,true
cf_vt_clarabel_socp,3-24-order,model,10,11,0.0,normalized,1.0e-6,true
cf_vt_clarabel_socp,3-21,model,10,12,0.0,kg/s,2.947222222222222e-5,true
cf_vt_clarabel_socp,3-43,model,10,12,0.0,kg/s,2.947222222222222e-5,true
cf_vt_clarabel_socp,3-17,model,10,12,2.8091473591729255e-11,MW,6.1e-5,true
cf_vt_clarabel_socp,3-17-original,physics,10,12,2.8091473591729255e-11,MW,6.1e-5,true
cf_vt_clarabel_socp,3-19:20,model,10,12,2.8090946235792558e-11,MW,6.1e-5,true
cf_vt_clarabel_socp,3-38,model,10,12,1.1368683772161603e-13,K,0.0001,true
cf_vt_clarabel_socp,3-41,model,10,12,0.0,K,0.0001,true
cf_vt_clarabel_socp,3-41,model,10,12,0.0,K,0.0001,true
cf_vt_clarabel_socp,3-24,model,10,12,0.0,kPa,0.005199261864978687,true
cf_vt_clarabel_socp,3-41,model,10,12,0.0,K,0.0001,true
cf_vt_clarabel_socp,3-41,model,10,12,0.0,K,0.0001,true
cf_vt_clarabel_socp,3-24,model,10,12,0.0,kPa,0.005199261864978687,true
cf_vt_clarabel_socp,3-24-order,model,10,12,0.0,normalized,1.0e-6,true
cf_vt_clarabel_socp,3-21,model,10,13,0.0,kg/s,2.947222222222222e-5,true
cf_vt_clarabel_socp,3-43,model,10,13,0.0,kg/s,2.947222222222222e-5,true
cf_vt_clarabel_socp,3-17,model,10,13,2.158162537568842e-12,MW,6.1e-5,true
cf_vt_clarabel_socp,3-17-original,physics,10,13,2.158162537568842e-12,MW,6.1e-5,true
cf_vt_clarabel_socp,3-19:20,model,10,13,2.1579404929639168e-12,MW,6.1e-5,true
cf_vt_clarabel_socp,3-38,model,10,13,0.0,K,0.0001,true
cf_vt_clarabel_socp,3-41,model,10,13,0.0,K,0.0001,true
cf_vt_clarabel_socp,3-41,model,10,13,0.0,K,0.0001,true
cf_vt_clarabel_socp,3-24,model,10,13,0.0,kPa,0.005199261864978687,true
cf_vt_clarabel_socp,3-41,model,10,13,0.0,K,0.0001,true
cf_vt_clarabel_socp,3-41,model,10,13,0.0,K,0.0001,true
cf_vt_clarabel_socp,3-24,model,10,13,0.0,kPa,0.005199261864978687,true
cf_vt_clarabel_socp,3-24-order,model,10,13,0.0,normalized,1.0e-6,true
cf_vt_clarabel_socp,3-21,model,10,14,0.0,kg/s,2.947222222222222e-5,true
cf_vt_clarabel_socp,3-43,model,10,14,0.0,kg/s,2.947222222222222e-5,true
cf_vt_clarabel_socp,3-17,model,10,14,2.2981339053984584e-12,MW,6.1e-5,true
cf_vt_clarabel_socp,3-17-original,physics,10,14,2.2981339053984584e-12,MW,6.1e-5,true
cf_vt_clarabel_socp,3-19:20,model,10,14,2.2981061498228428e-12,MW,6.1e-5,true
cf_vt_clarabel_socp,3-38,model,10,14,0.0,K,0.0001,true
cf_vt_clarabel_socp,3-41,model,10,14,0.0,K,0.0001,true
cf_vt_clarabel_socp,3-41,model,10,14,0.0,K,0.0001,true
cf_vt_clarabel_socp,3-24,model,10,14,0.0,kPa,0.005199261864978687,true
cf_vt_clarabel_socp,3-41,model,10,14,0.0,K,0.0001,true
cf_vt_clarabel_socp,3-41,model,10,14,0.0,K,0.0001,true
cf_vt_clarabel_socp,3-24,model,10,14,0.0,kPa,0.005199261864978687,true
cf_vt_clarabel_socp,3-24-order,model,10,14,0.0,normalized,1.0e-6,true
cf_vt_clarabel_socp,3-21,model,10,15,0.0,kg/s,2.947222222222222e-5,true
cf_vt_clarabel_socp,3-43,model,10,15,0.0,kg/s,2.947222222222222e-5,true
cf_vt_clarabel_socp,3-17,model,10,15,3.9554332031954686e-11,MW,6.1e-5,true
cf_vt_clarabel_socp,3-17-original,physics,10,15,3.9554332031954686e-11,MW,6.1e-5,true
cf_vt_clarabel_socp,3-19:20,model,10,15,3.955374916486676e-11,MW,6.1e-5,true
cf_vt_clarabel_socp,3-38,model,10,15,1.7053025658242404e-13,K,0.0001,true
cf_vt_clarabel_socp,3-41,model,10,15,0.0,K,0.0001,true
cf_vt_clarabel_socp,3-41,model,10,15,0.0,K,0.0001,true
cf_vt_clarabel_socp,3-24,model,10,15,0.0,kPa,0.005199261864978687,true
cf_vt_clarabel_socp,3-41,model,10,15,0.0,K,0.0001,true
cf_vt_clarabel_socp,3-41,model,10,15,0.0,K,0.0001,true
cf_vt_clarabel_socp,3-24,model,10,15,0.0,kPa,0.005199261864978687,true
cf_vt_clarabel_socp,3-24-order,model,10,15,0.0,normalized,1.0e-6,true
cf_vt_clarabel_socp,3-21,model,10,16,0.0,kg/s,2.947222222222222e-5,true
cf_vt_clarabel_socp,3-43,model,10,16,0.0,kg/s,2.947222222222222e-5,true
cf_vt_clarabel_socp,3-17,model,10,16,4.838749123603492e-10,MW,6.1e-5,true
cf_vt_clarabel_socp,3-17-original,physics,10,16,4.838749123603492e-10,MW,6.1e-5,true
cf_vt_clarabel_socp,3-19:20,model,10,16,4.838663081319083e-10,MW,6.1e-5,true
cf_vt_clarabel_socp,3-38,model,10,16,1.8758328224066645e-12,K,0.0001,true
cf_vt_clarabel_socp,3-41,model,10,16,0.0,K,0.0001,true
cf_vt_clarabel_socp,3-41,model,10,16,0.0,K,0.0001,true
cf_vt_clarabel_socp,3-24,model,10,16,0.0,kPa,0.005199261864978687,true
cf_vt_clarabel_socp,3-41,model,10,16,0.0,K,0.0001,true
cf_vt_clarabel_socp,3-41,model,10,16,0.0,K,0.0001,true
cf_vt_clarabel_socp,3-24,model,10,16,0.0,kPa,0.005199261864978687,true
cf_vt_clarabel_socp,3-24-order,model,10,16,0.0,normalized,1.0e-6,true
cf_vt_clarabel_socp,3-21,model,10,17,0.0,kg/s,2.947222222222222e-5,true
cf_vt_clarabel_socp,3-43,model,10,17,0.0,kg/s,2.947222222222222e-5,true
cf_vt_clarabel_socp,3-17,model,10,17,1.6683613102141948e-9,MW,6.1e-5,true
cf_vt_clarabel_socp,3-17-original,physics,10,17,1.6683613102141948e-9,MW,6.1e-5,true
cf_vt_clarabel_socp,3-19:20,model,10,17,1.6683321391042227e-9,MW,6.1e-5,true
cf_vt_clarabel_socp,3-38,model,10,17,6.707523425575346e-12,K,0.0001,true
cf_vt_clarabel_socp,3-41,model,10,17,0.0,K,0.0001,true
cf_vt_clarabel_socp,3-41,model,10,17,0.0,K,0.0001,true
cf_vt_clarabel_socp,3-24,model,10,17,0.0,kPa,0.005199261864978687,true
cf_vt_clarabel_socp,3-41,model,10,17,0.0,K,0.0001,true
cf_vt_clarabel_socp,3-41,model,10,17,0.0,K,0.0001,true
cf_vt_clarabel_socp,3-24,model,10,17,0.0,kPa,0.005199261864978687,true
cf_vt_clarabel_socp,3-24-order,model,10,17,0.0,normalized,1.0e-6,true
cf_vt_clarabel_socp,3-21,model,10,18,0.0,kg/s,2.947222222222222e-5,true
cf_vt_clarabel_socp,3-43,model,10,18,0.0,kg/s,2.947222222222222e-5,true
cf_vt_clarabel_socp,3-17,model,10,18,1.1345041017740698e-9,MW,6.1e-5,true
cf_vt_clarabel_socp,3-17-original,physics,10,18,1.1345041017740698e-9,MW,6.1e-5,true
cf_vt_clarabel_socp,3-19:20,model,10,18,1.1344842565375046e-9,MW,6.1e-5,true
cf_vt_clarabel_socp,3-38,model,10,18,4.547473508864641e-12,K,0.0001,true
cf_vt_clarabel_socp,3-41,model,10,18,0.0,K,0.0001,true
cf_vt_clarabel_socp,3-41,model,10,18,0.0,K,0.0001,true
cf_vt_clarabel_socp,3-24,model,10,18,0.0,kPa,0.005199261864978687,true
cf_vt_clarabel_socp,3-41,model,10,18,0.0,K,0.0001,true
cf_vt_clarabel_socp,3-41,model,10,18,0.0,K,0.0001,true
cf_vt_clarabel_socp,3-24,model,10,18,0.0,kPa,0.005199261864978687,true
cf_vt_clarabel_socp,3-24-order,model,10,18,0.0,normalized,1.0e-6,true
cf_vt_clarabel_socp,3-21,model,10,19,0.0,kg/s,2.947222222222222e-5,true
cf_vt_clarabel_socp,3-43,model,10,19,0.0,kg/s,2.947222222222222e-5,true
cf_vt_clarabel_socp,3-17,model,10,19,1.4302030393320564e-9,MW,6.1e-5,true
cf_vt_clarabel_socp,3-17-original,physics,10,19,1.4302030393320564e-9,MW,6.1e-5,true
cf_vt_clarabel_socp,3-19:20,model,10,19,1.430177642980368e-9,MW,6.1e-5,true
cf_vt_clarabel_socp,3-38,model,10,19,5.7411853049416095e-12,K,0.0001,true
cf_vt_clarabel_socp,3-41,model,10,19,0.0,K,0.0001,true
cf_vt_clarabel_socp,3-41,model,10,19,0.0,K,0.0001,true
cf_vt_clarabel_socp,3-24,model,10,19,0.0,kPa,0.005199261864978687,true
cf_vt_clarabel_socp,3-41,model,10,19,0.0,K,0.0001,true
cf_vt_clarabel_socp,3-41,model,10,19,0.0,K,0.0001,true
cf_vt_clarabel_socp,3-24,model,10,19,0.0,kPa,0.005199261864978687,true
cf_vt_clarabel_socp,3-24-order,model,10,19,0.0,normalized,1.0e-6,true
cf_vt_clarabel_socp,3-21,model,10,20,0.0,kg/s,2.947222222222222e-5,true
cf_vt_clarabel_socp,3-43,model,10,20,0.0,kg/s,2.947222222222222e-5,true
cf_vt_clarabel_socp,3-17,model,10,20,1.870115173829845e-12,MW,6.1e-5,true
cf_vt_clarabel_socp,3-17-original,physics,10,20,1.870115173829845e-12,MW,6.1e-5,true
cf_vt_clarabel_socp,3-19:20,model,10,20,1.870170684981076e-12,MW,6.1e-5,true
cf_vt_clarabel_socp,3-38,model,10,20,5.684341886080802e-14,K,0.0001,true
cf_vt_clarabel_socp,3-41,model,10,20,0.0,K,0.0001,true
cf_vt_clarabel_socp,3-41,model,10,20,0.0,K,0.0001,true
cf_vt_clarabel_socp,3-24,model,10,20,0.0,kPa,0.005199261864978687,true
cf_vt_clarabel_socp,3-41,model,10,20,0.0,K,0.0001,true
cf_vt_clarabel_socp,3-41,model,10,20,0.0,K,0.0001,true
cf_vt_clarabel_socp,3-24,model,10,20,0.0,kPa,0.005199261864978687,true
cf_vt_clarabel_socp,3-24-order,model,10,20,0.0,normalized,1.0e-6,true
cf_vt_clarabel_socp,3-21,model,10,21,0.0,kg/s,2.947222222222222e-5,true
cf_vt_clarabel_socp,3-43,model,10,21,0.0,kg/s,2.947222222222222e-5,true
cf_vt_clarabel_socp,3-17,model,10,21,5.521155754806273e-11,MW,6.1e-5,true
cf_vt_clarabel_socp,3-17-original,physics,10,21,5.521155754806273e-11,MW,6.1e-5,true
cf_vt_clarabel_socp,3-19:20,model,10,21,5.5210364058311256e-11,MW,6.1e-5,true
cf_vt_clarabel_socp,3-38,model,10,21,2.2737367544323206e-13,K,0.0001,true
cf_vt_clarabel_socp,3-41,model,10,21,0.0,K,0.0001,true
cf_vt_clarabel_socp,3-41,model,10,21,0.0,K,0.0001,true
cf_vt_clarabel_socp,3-24,model,10,21,0.0,kPa,0.005199261864978687,true
cf_vt_clarabel_socp,3-41,model,10,21,0.0,K,0.0001,true
cf_vt_clarabel_socp,3-41,model,10,21,0.0,K,0.0001,true
cf_vt_clarabel_socp,3-24,model,10,21,0.0,kPa,0.005199261864978687,true
cf_vt_clarabel_socp,3-24-order,model,10,21,0.0,normalized,1.0e-6,true
cf_vt_clarabel_socp,3-21,model,10,22,0.0,kg/s,2.947222222222222e-5,true
cf_vt_clarabel_socp,3-43,model,10,22,0.0,kg/s,2.947222222222222e-5,true
cf_vt_clarabel_socp,3-17,model,10,22,1.253802617284805e-12,MW,6.1e-5,true
cf_vt_clarabel_socp,3-17-original,physics,10,22,1.253802617284805e-12,MW,6.1e-5,true
cf_vt_clarabel_socp,3-19:20,model,10,22,1.2537471061335737e-12,MW,6.1e-5,true
cf_vt_clarabel_socp,3-38,model,10,22,0.0,K,0.0001,true
cf_vt_clarabel_socp,3-41,model,10,22,0.0,K,0.0001,true
cf_vt_clarabel_socp,3-41,model,10,22,0.0,K,0.0001,true
cf_vt_clarabel_socp,3-24,model,10,22,0.0,kPa,0.005199261864978687,true
cf_vt_clarabel_socp,3-41,model,10,22,0.0,K,0.0001,true
cf_vt_clarabel_socp,3-41,model,10,22,0.0,K,0.0001,true
cf_vt_clarabel_socp,3-24,model,10,22,0.0,kPa,0.005199261864978687,true
cf_vt_clarabel_socp,3-24-order,model,10,22,0.0,normalized,1.0e-6,true
cf_vt_clarabel_socp,3-21,model,10,23,0.0,kg/s,2.947222222222222e-5,true
cf_vt_clarabel_socp,3-43,model,10,23,0.0,kg/s,2.947222222222222e-5,true
cf_vt_clarabel_socp,3-17,model,10,23,1.6378284906359841e-6,MW,6.1e-5,true
cf_vt_clarabel_socp,3-17-original,physics,10,23,1.6378284906359841e-6,MW,6.1e-5,true
cf_vt_clarabel_socp,3-19:20,model,10,23,1.6377995997463035e-6,MW,6.1e-5,true
cf_vt_clarabel_socp,3-38,model,10,23,6.5784888647613116e-9,K,0.0001,true
cf_vt_clarabel_socp,3-41,model,10,23,0.0,K,0.0001,true
cf_vt_clarabel_socp,3-41,model,10,23,0.0,K,0.0001,true
cf_vt_clarabel_socp,3-24,model,10,23,0.0,kPa,0.005199261864978687,true
cf_vt_clarabel_socp,3-41,model,10,23,0.0,K,0.0001,true
cf_vt_clarabel_socp,3-41,model,10,23,0.0,K,0.0001,true
cf_vt_clarabel_socp,3-24,model,10,23,0.0,kPa,0.005199261864978687,true
cf_vt_clarabel_socp,3-24-order,model,10,23,0.0,normalized,1.0e-6,true
cf_vt_clarabel_socp,3-21,model,10,24,0.0,kg/s,2.947222222222222e-5,true
cf_vt_clarabel_socp,3-43,model,10,24,0.0,kg/s,2.947222222222222e-5,true
cf_vt_clarabel_socp,3-17,model,10,24,8.805958803148606e-6,MW,6.1e-5,true
cf_vt_clarabel_socp,3-17-original,physics,10,24,8.805958803148606e-6,MW,6.1e-5,true
cf_vt_clarabel_socp,3-19:20,model,10,24,8.805803468819873e-6,MW,6.1e-5,true
cf_vt_clarabel_socp,3-38,model,10,24,3.5369964734854875e-8,K,0.0001,true
cf_vt_clarabel_socp,3-41,model,10,24,0.0,K,0.0001,true
cf_vt_clarabel_socp,3-41,model,10,24,0.0,K,0.0001,true
cf_vt_clarabel_socp,3-24,model,10,24,0.0,kPa,0.005199261864978687,true
cf_vt_clarabel_socp,3-41,model,10,24,0.0,K,0.0001,true
cf_vt_clarabel_socp,3-41,model,10,24,0.0,K,0.0001,true
cf_vt_clarabel_socp,3-24,model,10,24,0.0,kPa,0.005199261864978687,true
cf_vt_clarabel_socp,3-24-order,model,10,24,0.0,normalized,1.0e-6,true
cf_vt_clarabel_socp,3-21,model,11,1,0.0,kg/s,2.947222222222222e-5,true
cf_vt_clarabel_socp,3-43,model,11,1,0.0,kg/s,2.947222222222222e-5,true
cf_vt_clarabel_socp,3-17,model,11,1,4.354294702579864e-13,MW,6.1e-5,true
cf_vt_clarabel_socp,3-17-original,physics,11,1,4.354294702579864e-13,MW,6.1e-5,true
cf_vt_clarabel_socp,3-19:20,model,11,1,4.355404925604489e-13,MW,6.1e-5,true
cf_vt_clarabel_socp,3-38,model,11,1,5.684341886080802e-14,K,0.0001,true
cf_vt_clarabel_socp,3-41,model,11,1,0.0,K,0.0001,true
cf_vt_clarabel_socp,3-41,model,11,1,0.0,K,0.0001,true
cf_vt_clarabel_socp,3-24,model,11,1,0.0,kPa,0.005199261864978687,true
cf_vt_clarabel_socp,3-41,model,11,1,0.0,K,0.0001,true
cf_vt_clarabel_socp,3-41,model,11,1,0.0,K,0.0001,true
cf_vt_clarabel_socp,3-24,model,11,1,0.0,kPa,0.005199261864978687,true
cf_vt_clarabel_socp,3-24-order,model,11,1,0.0,normalized,1.0e-6,true
cf_vt_clarabel_socp,3-21,model,11,2,0.0,kg/s,2.947222222222222e-5,true
cf_vt_clarabel_socp,3-43,model,11,2,0.0,kg/s,2.947222222222222e-5,true
cf_vt_clarabel_socp,3-17,model,11,2,3.214928323558297e-13,MW,6.1e-5,true
cf_vt_clarabel_socp,3-17-original,physics,11,2,3.214928323558297e-13,MW,6.1e-5,true
cf_vt_clarabel_socp,3-19:20,model,11,2,3.213818100533672e-13,MW,6.1e-5,true
cf_vt_clarabel_socp,3-38,model,11,2,0.0,K,0.0001,true
cf_vt_clarabel_socp,3-41,model,11,2,0.0,K,0.0001,true
cf_vt_clarabel_socp,3-41,model,11,2,0.0,K,0.0001,true
cf_vt_clarabel_socp,3-24,model,11,2,0.0,kPa,0.005199261864978687,true
cf_vt_clarabel_socp,3-41,model,11,2,0.0,K,0.0001,true
cf_vt_clarabel_socp,3-41,model,11,2,0.0,K,0.0001,true
cf_vt_clarabel_socp,3-24,model,11,2,0.0,kPa,0.005199261864978687,true
cf_vt_clarabel_socp,3-24-order,model,11,2,0.0,normalized,1.0e-6,true
cf_vt_clarabel_socp,3-21,model,11,3,0.0,kg/s,2.947222222222222e-5,true
cf_vt_clarabel_socp,3-43,model,11,3,0.0,kg/s,2.947222222222222e-5,true
cf_vt_clarabel_socp,3-17,model,11,3,3.239908341612363e-13,MW,6.1e-5,true
cf_vt_clarabel_socp,3-17-original,physics,11,3,3.239908341612363e-13,MW,6.1e-5,true
cf_vt_clarabel_socp,3-19:20,model,11,3,3.239075674343894e-13,MW,6.1e-5,true
cf_vt_clarabel_socp,3-38,model,11,3,0.0,K,0.0001,true
cf_vt_clarabel_socp,3-41,model,11,3,0.0,K,0.0001,true
cf_vt_clarabel_socp,3-41,model,11,3,0.0,K,0.0001,true
cf_vt_clarabel_socp,3-24,model,11,3,0.0,kPa,0.005199261864978687,true
cf_vt_clarabel_socp,3-41,model,11,3,0.0,K,0.0001,true
cf_vt_clarabel_socp,3-41,model,11,3,0.0,K,0.0001,true
cf_vt_clarabel_socp,3-24,model,11,3,0.0,kPa,0.005199261864978687,true
cf_vt_clarabel_socp,3-24-order,model,11,3,0.0,normalized,1.0e-6,true
cf_vt_clarabel_socp,3-21,model,11,4,0.0,kg/s,2.947222222222222e-5,true
cf_vt_clarabel_socp,3-43,model,11,4,0.0,kg/s,2.947222222222222e-5,true
cf_vt_clarabel_socp,3-17,model,11,4,3.2346347822453936e-13,MW,6.1e-5,true
cf_vt_clarabel_socp,3-17-original,physics,11,4,3.2346347822453936e-13,MW,6.1e-5,true
cf_vt_clarabel_socp,3-19:20,model,11,4,3.232969447708456e-13,MW,6.1e-5,true
cf_vt_clarabel_socp,3-38,model,11,4,0.0,K,0.0001,true
cf_vt_clarabel_socp,3-41,model,11,4,0.0,K,0.0001,true
cf_vt_clarabel_socp,3-41,model,11,4,0.0,K,0.0001,true
cf_vt_clarabel_socp,3-24,model,11,4,0.0,kPa,0.005199261864978687,true
cf_vt_clarabel_socp,3-41,model,11,4,0.0,K,0.0001,true
cf_vt_clarabel_socp,3-41,model,11,4,0.0,K,0.0001,true
cf_vt_clarabel_socp,3-24,model,11,4,0.0,kPa,0.005199261864978687,true
cf_vt_clarabel_socp,3-24-order,model,11,4,0.0,normalized,1.0e-6,true
cf_vt_clarabel_socp,3-21,model,11,5,0.0,kg/s,2.947222222222222e-5,true
cf_vt_clarabel_socp,3-43,model,11,5,0.0,kg/s,2.947222222222222e-5,true
cf_vt_clarabel_socp,3-17,model,11,5,1.7599810497870294e-13,MW,6.1e-5,true
cf_vt_clarabel_socp,3-17-original,physics,11,5,1.7599810497870294e-13,MW,6.1e-5,true
cf_vt_clarabel_socp,3-19:20,model,11,5,1.7599810497870294e-13,MW,6.1e-5,true
cf_vt_clarabel_socp,3-38,model,11,5,0.0,K,0.0001,true
cf_vt_clarabel_socp,3-41,model,11,5,0.0,K,0.0001,true
cf_vt_clarabel_socp,3-41,model,11,5,0.0,K,0.0001,true
cf_vt_clarabel_socp,3-24,model,11,5,0.0,kPa,0.005199261864978687,true
cf_vt_clarabel_socp,3-41,model,11,5,0.0,K,0.0001,true
cf_vt_clarabel_socp,3-41,model,11,5,0.0,K,0.0001,true
cf_vt_clarabel_socp,3-24,model,11,5,0.0,kPa,0.005199261864978687,true
cf_vt_clarabel_socp,3-24-order,model,11,5,0.0,normalized,1.0e-6,true
cf_vt_clarabel_socp,3-21,model,11,6,0.0,kg/s,2.947222222222222e-5,true
cf_vt_clarabel_socp,3-43,model,11,6,0.0,kg/s,2.947222222222222e-5,true
cf_vt_clarabel_socp,3-17,model,11,6,2.913502772372567e-13,MW,6.1e-5,true
cf_vt_clarabel_socp,3-17-original,physics,11,6,2.913502772372567e-13,MW,6.1e-5,true
cf_vt_clarabel_socp,3-19:20,model,11,6,2.912392549347942e-13,MW,6.1e-5,true
cf_vt_clarabel_socp,3-38,model,11,6,0.0,K,0.0001,true
cf_vt_clarabel_socp,3-41,model,11,6,0.0,K,0.0001,true
cf_vt_clarabel_socp,3-41,model,11,6,0.0,K,0.0001,true
cf_vt_clarabel_socp,3-24,model,11,6,0.0,kPa,0.005199261864978687,true
cf_vt_clarabel_socp,3-41,model,11,6,0.0,K,0.0001,true
cf_vt_clarabel_socp,3-41,model,11,6,0.0,K,0.0001,true
cf_vt_clarabel_socp,3-24,model,11,6,0.0,kPa,0.005199261864978687,true
cf_vt_clarabel_socp,3-24-order,model,11,6,0.0,normalized,1.0e-6,true
cf_vt_clarabel_socp,3-21,model,11,7,0.0,kg/s,2.947222222222222e-5,true
cf_vt_clarabel_socp,3-43,model,11,7,0.0,kg/s,2.947222222222222e-5,true
cf_vt_clarabel_socp,3-17,model,11,7,1.033451102472327e-12,MW,6.1e-5,true
cf_vt_clarabel_socp,3-17-original,physics,11,7,1.033451102472327e-12,MW,6.1e-5,true
cf_vt_clarabel_socp,3-19:20,model,11,7,1.0332568134430176e-12,MW,6.1e-5,true
cf_vt_clarabel_socp,3-38,model,11,7,0.0,K,0.0001,true
cf_vt_clarabel_socp,3-41,model,11,7,0.0,K,0.0001,true
cf_vt_clarabel_socp,3-41,model,11,7,0.0,K,0.0001,true
cf_vt_clarabel_socp,3-24,model,11,7,0.0,kPa,0.005199261864978687,true
cf_vt_clarabel_socp,3-41,model,11,7,0.0,K,0.0001,true
cf_vt_clarabel_socp,3-41,model,11,7,0.0,K,0.0001,true
cf_vt_clarabel_socp,3-24,model,11,7,0.0,kPa,0.005199261864978687,true
cf_vt_clarabel_socp,3-24-order,model,11,7,0.0,normalized,1.0e-6,true
cf_vt_clarabel_socp,3-21,model,11,8,0.0,kg/s,2.947222222222222e-5,true
cf_vt_clarabel_socp,3-43,model,11,8,0.0,kg/s,2.947222222222222e-5,true
cf_vt_clarabel_socp,3-17,model,11,8,1.4043211038483605e-12,MW,6.1e-5,true
cf_vt_clarabel_socp,3-17-original,physics,11,8,1.4043211038483605e-12,MW,6.1e-5,true
cf_vt_clarabel_socp,3-19:20,model,11,8,1.403988036940973e-12,MW,6.1e-5,true
cf_vt_clarabel_socp,3-38,model,11,8,0.0,K,0.0001,true
cf_vt_clarabel_socp,3-41,model,11,8,0.0,K,0.0001,true
cf_vt_clarabel_socp,3-41,model,11,8,0.0,K,0.0001,true
cf_vt_clarabel_socp,3-24,model,11,8,0.0,kPa,0.005199261864978687,true
cf_vt_clarabel_socp,3-41,model,11,8,0.0,K,0.0001,true
cf_vt_clarabel_socp,3-41,model,11,8,0.0,K,0.0001,true
cf_vt_clarabel_socp,3-24,model,11,8,0.0,kPa,0.005199261864978687,true
cf_vt_clarabel_socp,3-24-order,model,11,8,0.0,normalized,1.0e-6,true
cf_vt_clarabel_socp,3-21,model,11,9,0.0,kg/s,2.947222222222222e-5,true
cf_vt_clarabel_socp,3-43,model,11,9,0.0,kg/s,2.947222222222222e-5,true
cf_vt_clarabel_socp,3-17,model,11,9,1.1045608871995682e-12,MW,6.1e-5,true
cf_vt_clarabel_socp,3-17-original,physics,11,9,1.1045608871995682e-12,MW,6.1e-5,true
cf_vt_clarabel_socp,3-19:20,model,11,9,1.1043943537458745e-12,MW,6.1e-5,true
cf_vt_clarabel_socp,3-38,model,11,9,0.0,K,0.0001,true
cf_vt_clarabel_socp,3-41,model,11,9,0.0,K,0.0001,true
cf_vt_clarabel_socp,3-41,model,11,9,0.0,K,0.0001,true
cf_vt_clarabel_socp,3-24,model,11,9,0.0,kPa,0.005199261864978687,true
cf_vt_clarabel_socp,3-41,model,11,9,0.0,K,0.0001,true
cf_vt_clarabel_socp,3-41,model,11,9,0.0,K,0.0001,true
cf_vt_clarabel_socp,3-24,model,11,9,0.0,kPa,0.005199261864978687,true
cf_vt_clarabel_socp,3-24-order,model,11,9,0.0,normalized,1.0e-6,true
cf_vt_clarabel_socp,3-21,model,11,10,0.0,kg/s,2.947222222222222e-5,true
cf_vt_clarabel_socp,3-43,model,11,10,0.0,kg/s,2.947222222222222e-5,true
cf_vt_clarabel_socp,3-17,model,11,10,1.436739616167415e-12,MW,6.1e-5,true
cf_vt_clarabel_socp,3-17-original,physics,11,10,1.436739616167415e-12,MW,6.1e-5,true
cf_vt_clarabel_socp,3-19:20,model,11,10,1.436600838289337e-12,MW,6.1e-5,true
cf_vt_clarabel_socp,3-38,model,11,10,0.0,K,0.0001,true
cf_vt_clarabel_socp,3-41,model,11,10,0.0,K,0.0001,true
cf_vt_clarabel_socp,3-41,model,11,10,0.0,K,0.0001,true
cf_vt_clarabel_socp,3-24,model,11,10,0.0,kPa,0.005199261864978687,true
cf_vt_clarabel_socp,3-41,model,11,10,0.0,K,0.0001,true
cf_vt_clarabel_socp,3-41,model,11,10,0.0,K,0.0001,true
cf_vt_clarabel_socp,3-24,model,11,10,0.0,kPa,0.005199261864978687,true
cf_vt_clarabel_socp,3-24-order,model,11,10,0.0,normalized,1.0e-6,true
cf_vt_clarabel_socp,3-21,model,11,11,0.0,kg/s,2.947222222222222e-5,true
cf_vt_clarabel_socp,3-43,model,11,11,0.0,kg/s,2.947222222222222e-5,true
cf_vt_clarabel_socp,3-17,model,11,11,1.0862144517176375e-11,MW,6.1e-5,true
cf_vt_clarabel_socp,3-17-original,physics,11,11,1.0862144517176375e-11,MW,6.1e-5,true
cf_vt_clarabel_socp,3-19:20,model,11,11,1.0861811450268988e-11,MW,6.1e-5,true
cf_vt_clarabel_socp,3-38,model,11,11,5.684341886080802e-14,K,0.0001,true
cf_vt_clarabel_socp,3-41,model,11,11,0.0,K,0.0001,true
cf_vt_clarabel_socp,3-41,model,11,11,0.0,K,0.0001,true
cf_vt_clarabel_socp,3-24,model,11,11,0.0,kPa,0.005199261864978687,true
cf_vt_clarabel_socp,3-41,model,11,11,0.0,K,0.0001,true
cf_vt_clarabel_socp,3-41,model,11,11,0.0,K,0.0001,true
cf_vt_clarabel_socp,3-24,model,11,11,0.0,kPa,0.005199261864978687,true
cf_vt_clarabel_socp,3-24-order,model,11,11,0.0,normalized,1.0e-6,true
cf_vt_clarabel_socp,3-21,model,11,12,0.0,kg/s,2.947222222222222e-5,true
cf_vt_clarabel_socp,3-43,model,11,12,0.0,kg/s,2.947222222222222e-5,true
cf_vt_clarabel_socp,3-17,model,11,12,2.365310725060965e-11,MW,6.1e-5,true
cf_vt_clarabel_socp,3-17-original,physics,11,12,2.365310725060965e-11,MW,6.1e-5,true
cf_vt_clarabel_socp,3-19:20,model,11,12,2.36526631613998e-11,MW,6.1e-5,true
cf_vt_clarabel_socp,3-38,model,11,12,1.1368683772161603e-13,K,0.0001,true
cf_vt_clarabel_socp,3-41,model,11,12,0.0,K,0.0001,true
cf_vt_clarabel_socp,3-41,model,11,12,0.0,K,0.0001,true
cf_vt_clarabel_socp,3-24,model,11,12,0.0,kPa,0.005199261864978687,true
cf_vt_clarabel_socp,3-41,model,11,12,0.0,K,0.0001,true
cf_vt_clarabel_socp,3-41,model,11,12,0.0,K,0.0001,true
cf_vt_clarabel_socp,3-24,model,11,12,0.0,kPa,0.005199261864978687,true
cf_vt_clarabel_socp,3-24-order,model,11,12,0.0,normalized,1.0e-6,true
cf_vt_clarabel_socp,3-21,model,11,13,0.0,kg/s,2.947222222222222e-5,true
cf_vt_clarabel_socp,3-43,model,11,13,0.0,kg/s,2.947222222222222e-5,true
cf_vt_clarabel_socp,3-17,model,11,13,2.1246615578007777e-12,MW,6.1e-5,true
cf_vt_clarabel_socp,3-17-original,physics,11,13,2.1246615578007777e-12,MW,6.1e-5,true
cf_vt_clarabel_socp,3-19:20,model,11,13,2.124550535498315e-12,MW,6.1e-5,true
cf_vt_clarabel_socp,3-38,model,11,13,5.684341886080802e-14,K,0.0001,true
cf_vt_clarabel_socp,3-41,model,11,13,0.0,K,0.0001,true
cf_vt_clarabel_socp,3-41,model,11,13,0.0,K,0.0001,true
cf_vt_clarabel_socp,3-24,model,11,13,0.0,kPa,0.005199261864978687,true
cf_vt_clarabel_socp,3-41,model,11,13,0.0,K,0.0001,true
cf_vt_clarabel_socp,3-41,model,11,13,0.0,K,0.0001,true
cf_vt_clarabel_socp,3-24,model,11,13,0.0,kPa,0.005199261864978687,true
cf_vt_clarabel_socp,3-24-order,model,11,13,0.0,normalized,1.0e-6,true
cf_vt_clarabel_socp,3-21,model,11,14,0.0,kg/s,2.947222222222222e-5,true
cf_vt_clarabel_socp,3-43,model,11,14,0.0,kg/s,2.947222222222222e-5,true
cf_vt_clarabel_socp,3-17,model,11,14,4.6685433297000145e-12,MW,6.1e-5,true
cf_vt_clarabel_socp,3-17-original,physics,11,14,4.6685433297000145e-12,MW,6.1e-5,true
cf_vt_clarabel_socp,3-19:20,model,11,14,4.668515574124399e-12,MW,6.1e-5,true
cf_vt_clarabel_socp,3-38,model,11,14,0.0,K,0.0001,true
cf_vt_clarabel_socp,3-41,model,11,14,0.0,K,0.0001,true
cf_vt_clarabel_socp,3-41,model,11,14,0.0,K,0.0001,true
cf_vt_clarabel_socp,3-24,model,11,14,0.0,kPa,0.005199261864978687,true
cf_vt_clarabel_socp,3-41,model,11,14,0.0,K,0.0001,true
cf_vt_clarabel_socp,3-41,model,11,14,0.0,K,0.0001,true
cf_vt_clarabel_socp,3-24,model,11,14,0.0,kPa,0.005199261864978687,true
cf_vt_clarabel_socp,3-24-order,model,11,14,0.0,normalized,1.0e-6,true
cf_vt_clarabel_socp,3-21,model,11,15,0.0,kg/s,2.947222222222222e-5,true
cf_vt_clarabel_socp,3-43,model,11,15,0.0,kg/s,2.947222222222222e-5,true
cf_vt_clarabel_socp,3-17,model,11,15,1.1330111848728563e-10,MW,6.1e-5,true
cf_vt_clarabel_socp,3-17-original,physics,11,15,1.1330111848728563e-10,MW,6.1e-5,true
cf_vt_clarabel_socp,3-19:20,model,11,15,1.1329939764159747e-10,MW,6.1e-5,true
cf_vt_clarabel_socp,3-38,model,11,15,4.547473508864641e-13,K,0.0001,true
cf_vt_clarabel_socp,3-41,model,11,15,0.0,K,0.0001,true
cf_vt_clarabel_socp,3-41,model,11,15,0.0,K,0.0001,true
cf_vt_clarabel_socp,3-24,model,11,15,0.0,kPa,0.005199261864978687,true
cf_vt_clarabel_socp,3-41,model,11,15,0.0,K,0.0001,true
cf_vt_clarabel_socp,3-41,model,11,15,0.0,K,0.0001,true
cf_vt_clarabel_socp,3-24,model,11,15,0.0,kPa,0.005199261864978687,true
cf_vt_clarabel_socp,3-24-order,model,11,15,0.0,normalized,1.0e-6,true
cf_vt_clarabel_socp,3-21,model,11,16,0.0,kg/s,2.947222222222222e-5,true
cf_vt_clarabel_socp,3-43,model,11,16,0.0,kg/s,2.947222222222222e-5,true
cf_vt_clarabel_socp,3-17,model,11,16,6.795492224487276e-10,MW,6.1e-5,true
cf_vt_clarabel_socp,3-17-original,physics,11,16,6.795492224487276e-10,MW,6.1e-5,true
cf_vt_clarabel_socp,3-19:20,model,11,16,6.795372597956373e-10,MW,6.1e-5,true
cf_vt_clarabel_socp,3-38,model,11,16,2.7284841053187847e-12,K,0.0001,true
cf_vt_clarabel_socp,3-41,model,11,16,0.0,K,0.0001,true
cf_vt_clarabel_socp,3-41,model,11,16,0.0,K,0.0001,true
cf_vt_clarabel_socp,3-24,model,11,16,0.0,kPa,0.005199261864978687,true
cf_vt_clarabel_socp,3-41,model,11,16,0.0,K,0.0001,true
cf_vt_clarabel_socp,3-41,model,11,16,0.0,K,0.0001,true
cf_vt_clarabel_socp,3-24,model,11,16,0.0,kPa,0.005199261864978687,true
cf_vt_clarabel_socp,3-24-order,model,11,16,0.0,normalized,1.0e-6,true
cf_vt_clarabel_socp,3-21,model,11,17,0.0,kg/s,2.947222222222222e-5,true
cf_vt_clarabel_socp,3-43,model,11,17,0.0,kg/s,2.947222222222222e-5,true
cf_vt_clarabel_socp,3-17,model,11,17,1.5754057780537067e-9,MW,6.1e-5,true
cf_vt_clarabel_socp,3-17-original,physics,11,17,1.5754057780537067e-9,MW,6.1e-5,true
cf_vt_clarabel_socp,3-19:20,model,11,17,1.5753781612559692e-9,MW,6.1e-5,true
cf_vt_clarabel_socp,3-38,model,11,17,6.30961949354969e-12,K,0.0001,true
cf_vt_clarabel_socp,3-41,model,11,17,0.0,K,0.0001,true
cf_vt_clarabel_socp,3-41,model,11,17,0.0,K,0.0001,true
cf_vt_clarabel_socp,3-24,model,11,17,0.0,kPa,0.005199261864978687,true
cf_vt_clarabel_socp,3-41,model,11,17,0.0,K,0.0001,true
cf_vt_clarabel_socp,3-41,model,11,17,0.0,K,0.0001,true
cf_vt_clarabel_socp,3-24,model,11,17,0.0,kPa,0.005199261864978687,true
cf_vt_clarabel_socp,3-24-order,model,11,17,0.0,normalized,1.0e-6,true
cf_vt_clarabel_socp,3-21,model,11,18,0.0,kg/s,2.947222222222222e-5,true
cf_vt_clarabel_socp,3-43,model,11,18,0.0,kg/s,2.947222222222222e-5,true
cf_vt_clarabel_socp,3-17,model,11,18,7.052725070622046e-10,MW,6.1e-5,true
cf_vt_clarabel_socp,3-17-original,physics,11,18,7.052725070622046e-10,MW,6.1e-5,true
cf_vt_clarabel_socp,3-19:20,model,11,18,7.052601558310556e-10,MW,6.1e-5,true
cf_vt_clarabel_socp,3-38,model,11,18,2.8421709430404007e-12,K,0.0001,true
cf_vt_clarabel_socp,3-41,model,11,18,0.0,K,0.0001,true
cf_vt_clarabel_socp,3-41,model,11,18,0.0,K,0.0001,true
cf_vt_clarabel_socp,3-24,model,11,18,0.0,kPa,0.005199261864978687,true
cf_vt_clarabel_socp,3-41,model,11,18,0.0,K,0.0001,true
cf_vt_clarabel_socp,3-41,model,11,18,0.0,K,0.0001,true
cf_vt_clarabel_socp,3-24,model,11,18,0.0,kPa,0.005199261864978687,true
cf_vt_clarabel_socp,3-24-order,model,11,18,0.0,normalized,1.0e-6,true
cf_vt_clarabel_socp,3-21,model,11,19,0.0,kg/s,2.947222222222222e-5,true
cf_vt_clarabel_socp,3-43,model,11,19,0.0,kg/s,2.947222222222222e-5,true
cf_vt_clarabel_socp,3-17,model,11,19,1.1891624351889618e-9,MW,6.1e-5,true
cf_vt_clarabel_socp,3-17-original,physics,11,19,1.1891624351889618e-9,MW,6.1e-5,true
cf_vt_clarabel_socp,3-19:20,model,11,19,1.1891413687070695e-9,MW,6.1e-5,true
cf_vt_clarabel_socp,3-38,model,11,19,4.774847184307873e-12,K,0.0001,true
cf_vt_clarabel_socp,3-41,model,11,19,0.0,K,0.0001,true
cf_vt_clarabel_socp,3-41,model,11,19,0.0,K,0.0001,true
cf_vt_clarabel_socp,3-24,model,11,19,0.0,kPa,0.005199261864978687,true
cf_vt_clarabel_socp,3-41,model,11,19,0.0,K,0.0001,true
cf_vt_clarabel_socp,3-41,model,11,19,0.0,K,0.0001,true
cf_vt_clarabel_socp,3-24,model,11,19,0.0,kPa,0.005199261864978687,true
cf_vt_clarabel_socp,3-24-order,model,11,19,0.0,normalized,1.0e-6,true
cf_vt_clarabel_socp,3-21,model,11,20,0.0,kg/s,2.947222222222222e-5,true
cf_vt_clarabel_socp,3-43,model,11,20,0.0,kg/s,2.947222222222222e-5,true
cf_vt_clarabel_socp,3-17,model,11,20,1.0728667954040816e-11,MW,6.1e-5,true
cf_vt_clarabel_socp,3-17-original,physics,11,20,1.0728667954040816e-11,MW,6.1e-5,true
cf_vt_clarabel_socp,3-19:20,model,11,20,1.0728418153860275e-11,MW,6.1e-5,true
cf_vt_clarabel_socp,3-38,model,11,20,5.684341886080802e-14,K,0.0001,true
cf_vt_clarabel_socp,3-41,model,11,20,0.0,K,0.0001,true
cf_vt_clarabel_socp,3-41,model,11,20,0.0,K,0.0001,true
cf_vt_clarabel_socp,3-24,model,11,20,0.0,kPa,0.005199261864978687,true
cf_vt_clarabel_socp,3-41,model,11,20,0.0,K,0.0001,true
cf_vt_clarabel_socp,3-41,model,11,20,0.0,K,0.0001,true
cf_vt_clarabel_socp,3-24,model,11,20,0.0,kPa,0.005199261864978687,true
cf_vt_clarabel_socp,3-24-order,model,11,20,0.0,normalized,1.0e-6,true
cf_vt_clarabel_socp,3-21,model,11,21,0.0,kg/s,2.947222222222222e-5,true
cf_vt_clarabel_socp,3-43,model,11,21,0.0,kg/s,2.947222222222222e-5,true
cf_vt_clarabel_socp,3-17,model,11,21,4.6098902473090675e-11,MW,6.1e-5,true
cf_vt_clarabel_socp,3-17-original,physics,11,21,4.6098902473090675e-11,MW,6.1e-5,true
cf_vt_clarabel_socp,3-19:20,model,11,21,4.6097958783519744e-11,MW,6.1e-5,true
cf_vt_clarabel_socp,3-38,model,11,21,1.7053025658242404e-13,K,0.0001,true
cf_vt_clarabel_socp,3-41,model,11,21,0.0,K,0.0001,true
cf_vt_clarabel_socp,3-41,model,11,21,0.0,K,0.0001,true
cf_vt_clarabel_socp,3-24,model,11,21,0.0,kPa,0.005199261864978687,true
cf_vt_clarabel_socp,3-41,model,11,21,0.0,K,0.0001,true
cf_vt_clarabel_socp,3-41,model,11,21,0.0,K,0.0001,true
cf_vt_clarabel_socp,3-24,model,11,21,0.0,kPa,0.005199261864978687,true
cf_vt_clarabel_socp,3-24-order,model,11,21,0.0,normalized,1.0e-6,true
cf_vt_clarabel_socp,3-21,model,11,22,0.0,kg/s,2.947222222222222e-5,true
cf_vt_clarabel_socp,3-43,model,11,22,0.0,kg/s,2.947222222222222e-5,true
cf_vt_clarabel_socp,3-17,model,11,22,2.722883591099734e-7,MW,6.1e-5,true
cf_vt_clarabel_socp,3-17-original,physics,11,22,2.722883591099734e-7,MW,6.1e-5,true
cf_vt_clarabel_socp,3-19:20,model,11,22,2.7228355597985754e-7,MW,6.1e-5,true
cf_vt_clarabel_socp,3-38,model,11,22,1.0936673788819462e-9,K,0.0001,true
cf_vt_clarabel_socp,3-41,model,11,22,0.0,K,0.0001,true
cf_vt_clarabel_socp,3-41,model,11,22,0.0,K,0.0001,true
cf_vt_clarabel_socp,3-24,model,11,22,0.0,kPa,0.005199261864978687,true
cf_vt_clarabel_socp,3-41,model,11,22,0.0,K,0.0001,true
cf_vt_clarabel_socp,3-41,model,11,22,0.0,K,0.0001,true
cf_vt_clarabel_socp,3-24,model,11,22,0.0,kPa,0.005199261864978687,true
cf_vt_clarabel_socp,3-24-order,model,11,22,0.0,normalized,1.0e-6,true
cf_vt_clarabel_socp,3-21,model,11,23,0.0,kg/s,2.947222222222222e-5,true
cf_vt_clarabel_socp,3-43,model,11,23,0.0,kg/s,2.947222222222222e-5,true
cf_vt_clarabel_socp,3-17,model,11,23,2.8254182841136455e-6,MW,6.1e-5,true
cf_vt_clarabel_socp,3-17-original,physics,11,23,2.8254182841136455e-6,MW,6.1e-5,true
cf_vt_clarabel_socp,3-19:20,model,11,23,2.8253684445922467e-6,MW,6.1e-5,true
cf_vt_clarabel_socp,3-38,model,11,23,1.1348561201884877e-8,K,0.0001,true
cf_vt_clarabel_socp,3-41,model,11,23,0.0,K,0.0001,true
cf_vt_clarabel_socp,3-41,model,11,23,0.0,K,0.0001,true
cf_vt_clarabel_socp,3-24,model,11,23,0.0,kPa,0.005199261864978687,true
cf_vt_clarabel_socp,3-41,model,11,23,0.0,K,0.0001,true
cf_vt_clarabel_socp,3-41,model,11,23,0.0,K,0.0001,true
cf_vt_clarabel_socp,3-24,model,11,23,0.0,kPa,0.005199261864978687,true
cf_vt_clarabel_socp,3-24-order,model,11,23,0.0,normalized,1.0e-6,true
cf_vt_clarabel_socp,3-21,model,11,24,0.0,kg/s,2.947222222222222e-5,true
cf_vt_clarabel_socp,3-43,model,11,24,0.0,kg/s,2.947222222222222e-5,true
cf_vt_clarabel_socp,3-17,model,11,24,2.6761022939580936e-6,MW,6.1e-5,true
cf_vt_clarabel_socp,3-17-original,physics,11,24,2.6761022939580936e-6,MW,6.1e-5,true
cf_vt_clarabel_socp,3-19:20,model,11,24,2.676055088413065e-6,MW,6.1e-5,true
cf_vt_clarabel_socp,3-38,model,11,24,1.0748806289484492e-8,K,0.0001,true
cf_vt_clarabel_socp,3-41,model,11,24,0.0,K,0.0001,true
cf_vt_clarabel_socp,3-41,model,11,24,0.0,K,0.0001,true
cf_vt_clarabel_socp,3-24,model,11,24,0.0,kPa,0.005199261864978687,true
cf_vt_clarabel_socp,3-41,model,11,24,0.0,K,0.0001,true
cf_vt_clarabel_socp,3-41,model,11,24,0.0,K,0.0001,true
cf_vt_clarabel_socp,3-24,model,11,24,0.0,kPa,0.005199261864978687,true
cf_vt_clarabel_socp,3-24-order,model,11,24,0.0,normalized,1.0e-6,true
cf_vt_clarabel_socp,3-21,model,12,1,0.0,kg/s,2.947222222222222e-5,true
cf_vt_clarabel_socp,3-43,model,12,1,0.0,kg/s,2.947222222222222e-5,true
cf_vt_clarabel_socp,3-17,model,12,1,4.3576253716537394e-13,MW,6.1e-5,true
cf_vt_clarabel_socp,3-17-original,physics,12,1,4.3576253716537394e-13,MW,6.1e-5,true
cf_vt_clarabel_socp,3-19:20,model,12,1,4.358180483166052e-13,MW,6.1e-5,true
cf_vt_clarabel_socp,3-38,model,12,1,0.0,K,0.0001,true
cf_vt_clarabel_socp,3-41,model,12,1,0.0,K,0.0001,true
cf_vt_clarabel_socp,3-41,model,12,1,0.0,K,0.0001,true
cf_vt_clarabel_socp,3-24,model,12,1,0.0,kPa,0.005199261864978687,true
cf_vt_clarabel_socp,3-41,model,12,1,0.0,K,0.0001,true
cf_vt_clarabel_socp,3-41,model,12,1,0.0,K,0.0001,true
cf_vt_clarabel_socp,3-24,model,12,1,0.0,kPa,0.005199261864978687,true
cf_vt_clarabel_socp,3-24-order,model,12,1,0.0,normalized,1.0e-6,true
cf_vt_clarabel_socp,3-21,model,12,2,0.0,kg/s,2.947222222222222e-5,true
cf_vt_clarabel_socp,3-43,model,12,2,0.0,kg/s,2.947222222222222e-5,true
cf_vt_clarabel_socp,3-17,model,12,2,3.2238101077552983e-13,MW,6.1e-5,true
cf_vt_clarabel_socp,3-17-original,physics,12,2,3.2238101077552983e-13,MW,6.1e-5,true
cf_vt_clarabel_socp,3-19:20,model,12,2,3.224642775023767e-13,MW,6.1e-5,true
cf_vt_clarabel_socp,3-38,model,12,2,0.0,K,0.0001,true
cf_vt_clarabel_socp,3-41,model,12,2,0.0,K,0.0001,true
cf_vt_clarabel_socp,3-41,model,12,2,0.0,K,0.0001,true
cf_vt_clarabel_socp,3-24,model,12,2,0.0,kPa,0.005199261864978687,true
cf_vt_clarabel_socp,3-41,model,12,2,0.0,K,0.0001,true
cf_vt_clarabel_socp,3-41,model,12,2,0.0,K,0.0001,true
cf_vt_clarabel_socp,3-24,model,12,2,0.0,kPa,0.005199261864978687,true
cf_vt_clarabel_socp,3-24-order,model,12,2,0.0,normalized,1.0e-6,true
cf_vt_clarabel_socp,3-21,model,12,3,0.0,kg/s,2.947222222222222e-5,true
cf_vt_clarabel_socp,3-43,model,12,3,0.0,kg/s,2.947222222222222e-5,true
cf_vt_clarabel_socp,3-17,model,12,3,3.0503377601576176e-13,MW,6.1e-5,true
cf_vt_clarabel_socp,3-17-original,physics,12,3,3.0503377601576176e-13,MW,6.1e-5,true
cf_vt_clarabel_socp,3-19:20,model,12,3,3.048949981376836e-13,MW,6.1e-5,true
cf_vt_clarabel_socp,3-38,model,12,3,0.0,K,0.0001,true
cf_vt_clarabel_socp,3-41,model,12,3,0.0,K,0.0001,true
cf_vt_clarabel_socp,3-41,model,12,3,0.0,K,0.0001,true
cf_vt_clarabel_socp,3-24,model,12,3,0.0,kPa,0.005199261864978687,true
cf_vt_clarabel_socp,3-41,model,12,3,0.0,K,0.0001,true
cf_vt_clarabel_socp,3-41,model,12,3,0.0,K,0.0001,true
cf_vt_clarabel_socp,3-24,model,12,3,0.0,kPa,0.005199261864978687,true
cf_vt_clarabel_socp,3-24-order,model,12,3,0.0,normalized,1.0e-6,true
cf_vt_clarabel_socp,3-21,model,12,4,0.0,kg/s,2.947222222222222e-5,true
cf_vt_clarabel_socp,3-43,model,12,4,0.0,kg/s,2.947222222222222e-5,true
cf_vt_clarabel_socp,3-17,model,12,4,2.877698079828406e-13,MW,6.1e-5,true
cf_vt_clarabel_socp,3-17-original,physics,12,4,2.877698079828406e-13,MW,6.1e-5,true
cf_vt_clarabel_socp,3-19:20,model,12,4,2.879085858609187e-13,MW,6.1e-5,true
cf_vt_clarabel_socp,3-38,model,12,4,0.0,K,0.0001,true
cf_vt_clarabel_socp,3-41,model,12,4,0.0,K,0.0001,true
cf_vt_clarabel_socp,3-41,model,12,4,0.0,K,0.0001,true
cf_vt_clarabel_socp,3-24,model,12,4,0.0,kPa,0.005199261864978687,true
cf_vt_clarabel_socp,3-41,model,12,4,0.0,K,0.0001,true
cf_vt_clarabel_socp,3-41,model,12,4,0.0,K,0.0001,true
cf_vt_clarabel_socp,3-24,model,12,4,0.0,kPa,0.005199261864978687,true
cf_vt_clarabel_socp,3-24-order,model,12,4,0.0,normalized,1.0e-6,true
cf_vt_clarabel_socp,3-21,model,12,5,0.0,kg/s,2.947222222222222e-5,true
cf_vt_clarabel_socp,3-43,model,12,5,0.0,kg/s,2.947222222222222e-5,true
cf_vt_clarabel_socp,3-17,model,12,5,1.7338908087083382e-13,MW,6.1e-5,true
cf_vt_clarabel_socp,3-17-original,physics,12,5,1.7338908087083382e-13,MW,6.1e-5,true
cf_vt_clarabel_socp,3-19:20,model,12,5,1.7350010317329634e-13,MW,6.1e-5,true
cf_vt_clarabel_socp,3-38,model,12,5,0.0,K,0.0001,true
cf_vt_clarabel_socp,3-41,model,12,5,0.0,K,0.0001,true
cf_vt_clarabel_socp,3-41,model,12,5,0.0,K,0.0001,true
cf_vt_clarabel_socp,3-24,model,12,5,0.0,kPa,0.005199261864978687,true
cf_vt_clarabel_socp,3-41,model,12,5,0.0,K,0.0001,true
cf_vt_clarabel_socp,3-41,model,12,5,0.0,K,0.0001,true
cf_vt_clarabel_socp,3-24,model,12,5,0.0,kPa,0.005199261864978687,true
cf_vt_clarabel_socp,3-24-order,model,12,5,0.0,normalized,1.0e-6,true
cf_vt_clarabel_socp,3-21,model,12,6,0.0,kg/s,2.947222222222222e-5,true
cf_vt_clarabel_socp,3-43,model,12,6,0.0,kg/s,2.947222222222222e-5,true
cf_vt_clarabel_socp,3-17,model,12,6,3.74950070991531e-13,MW,6.1e-5,true
cf_vt_clarabel_socp,3-17-original,physics,12,6,3.74950070991531e-13,MW,6.1e-5,true
cf_vt_clarabel_socp,3-19:20,model,12,6,3.7489455984029973e-13,MW,6.1e-5,true
cf_vt_clarabel_socp,3-38,model,12,6,0.0,K,0.0001,true
cf_vt_clarabel_socp,3-41,model,12,6,0.0,K,0.0001,true
cf_vt_clarabel_socp,3-41,model,12,6,0.0,K,0.0001,true
cf_vt_clarabel_socp,3-24,model,12,6,0.0,kPa,0.005199261864978687,true
cf_vt_clarabel_socp,3-41,model,12,6,0.0,K,0.0001,true
cf_vt_clarabel_socp,3-41,model,12,6,0.0,K,0.0001,true
cf_vt_clarabel_socp,3-24,model,12,6,0.0,kPa,0.005199261864978687,true
cf_vt_clarabel_socp,3-24-order,model,12,6,0.0,normalized,1.0e-6,true
cf_vt_clarabel_socp,3-21,model,12,7,0.0,kg/s,2.947222222222222e-5,true
cf_vt_clarabel_socp,3-43,model,12,7,0.0,kg/s,2.947222222222222e-5,true
cf_vt_clarabel_socp,3-17,model,12,7,1.0506318037784013e-12,MW,6.1e-5,true
cf_vt_clarabel_socp,3-17-original,physics,12,7,1.0506318037784013e-12,MW,6.1e-5,true
cf_vt_clarabel_socp,3-19:20,model,12,7,1.0506318037784013e-12,MW,6.1e-5,true
cf_vt_clarabel_socp,3-38,model,12,7,0.0,K,0.0001,true
cf_vt_clarabel_socp,3-41,model,12,7,0.0,K,0.0001,true
cf_vt_clarabel_socp,3-41,model,12,7,0.0,K,0.0001,true
cf_vt_clarabel_socp,3-24,model,12,7,0.0,kPa,0.005199261864978687,true
cf_vt_clarabel_socp,3-41,model,12,7,0.0,K,0.0001,true
cf_vt_clarabel_socp,3-41,model,12,7,0.0,K,0.0001,true
cf_vt_clarabel_socp,3-24,model,12,7,0.0,kPa,0.005199261864978687,true
cf_vt_clarabel_socp,3-24-order,model,12,7,0.0,normalized,1.0e-6,true
cf_vt_clarabel_socp,3-21,model,12,8,0.0,kg/s,2.947222222222222e-5,true
cf_vt_clarabel_socp,3-43,model,12,8,0.0,kg/s,2.947222222222222e-5,true
cf_vt_clarabel_socp,3-17,model,12,8,1.2992940057188207e-12,MW,6.1e-5,true
cf_vt_clarabel_socp,3-17-original,physics,12,8,1.2992940057188207e-12,MW,6.1e-5,true
cf_vt_clarabel_socp,3-19:20,model,12,8,1.2992384945675894e-12,MW,6.1e-5,true
cf_vt_clarabel_socp,3-38,model,12,8,0.0,K,0.0001,true
cf_vt_clarabel_socp,3-41,model,12,8,0.0,K,0.0001,true
cf_vt_clarabel_socp,3-41,model,12,8,0.0,K,0.0001,true
cf_vt_clarabel_socp,3-24,model,12,8,0.0,kPa,0.005199261864978687,true
cf_vt_clarabel_socp,3-41,model,12,8,0.0,K,0.0001,true
cf_vt_clarabel_socp,3-41,model,12,8,0.0,K,0.0001,true
cf_vt_clarabel_socp,3-24,model,12,8,0.0,kPa,0.005199261864978687,true
cf_vt_clarabel_socp,3-24-order,model,12,8,0.0,normalized,1.0e-6,true
cf_vt_clarabel_socp,3-21,model,12,9,0.0,kg/s,2.947222222222222e-5,true
cf_vt_clarabel_socp,3-43,model,12,9,0.0,kg/s,2.947222222222222e-5,true
cf_vt_clarabel_socp,3-17,model,12,9,1.1051992654387277e-12,MW,6.1e-5,true
cf_vt_clarabel_socp,3-17-original,physics,12,9,1.1051992654387277e-12,MW,6.1e-5,true
cf_vt_clarabel_socp,3-19:20,model,12,9,1.1051992654387277e-12,MW,6.1e-5,true
cf_vt_clarabel_socp,3-38,model,12,9,0.0,K,0.0001,true
cf_vt_clarabel_socp,3-41,model,12,9,0.0,K,0.0001,true
cf_vt_clarabel_socp,3-41,model,12,9,0.0,K,0.0001,true
cf_vt_clarabel_socp,3-24,model,12,9,0.0,kPa,0.005199261864978687,true
cf_vt_clarabel_socp,3-41,model,12,9,0.0,K,0.0001,true
cf_vt_clarabel_socp,3-41,model,12,9,0.0,K,0.0001,true
cf_vt_clarabel_socp,3-24,model,12,9,0.0,kPa,0.005199261864978687,true
cf_vt_clarabel_socp,3-24-order,model,12,9,0.0,normalized,1.0e-6,true
cf_vt_clarabel_socp,3-21,model,12,10,0.0,kg/s,2.947222222222222e-5,true
cf_vt_clarabel_socp,3-43,model,12,10,0.0,kg/s,2.947222222222222e-5,true
cf_vt_clarabel_socp,3-17,model,12,10,2.958744360626042e-12,MW,6.1e-5,true
cf_vt_clarabel_socp,3-17-original,physics,12,10,2.958744360626042e-12,MW,6.1e-5,true
cf_vt_clarabel_socp,3-19:20,model,12,10,2.958688849474811e-12,MW,6.1e-5,true
cf_vt_clarabel_socp,3-38,model,12,10,0.0,K,0.0001,true
cf_vt_clarabel_socp,3-41,model,12,10,0.0,K,0.0001,true
cf_vt_clarabel_socp,3-41,model,12,10,0.0,K,0.0001,true
cf_vt_clarabel_socp,3-24,model,12,10,0.0,kPa,0.005199261864978687,true
cf_vt_clarabel_socp,3-41,model,12,10,0.0,K,0.0001,true
cf_vt_clarabel_socp,3-41,model,12,10,0.0,K,0.0001,true
cf_vt_clarabel_socp,3-24,model,12,10,0.0,kPa,0.005199261864978687,true
cf_vt_clarabel_socp,3-24-order,model,12,10,0.0,normalized,1.0e-6,true
cf_vt_clarabel_socp,3-21,model,12,11,0.0,kg/s,2.947222222222222e-5,true
cf_vt_clarabel_socp,3-43,model,12,11,0.0,kg/s,2.947222222222222e-5,true
cf_vt_clarabel_socp,3-17,model,12,11,1.2921136383070575e-11,MW,6.1e-5,true
cf_vt_clarabel_socp,3-17-original,physics,12,11,1.2921136383070575e-11,MW,6.1e-5,true
cf_vt_clarabel_socp,3-19:20,model,12,11,1.2920969849616881e-11,MW,6.1e-5,true
cf_vt_clarabel_socp,3-38,model,12,11,5.684341886080802e-14,K,0.0001,true
cf_vt_clarabel_socp,3-41,model,12,11,0.0,K,0.0001,true
cf_vt_clarabel_socp,3-41,model,12,11,0.0,K,0.0001,true
cf_vt_clarabel_socp,3-24,model,12,11,0.0,kPa,0.005199261864978687,true
cf_vt_clarabel_socp,3-41,model,12,11,0.0,K,0.0001,true
cf_vt_clarabel_socp,3-41,model,12,11,0.0,K,0.0001,true
cf_vt_clarabel_socp,3-24,model,12,11,0.0,kPa,0.005199261864978687,true
cf_vt_clarabel_socp,3-24-order,model,12,11,0.0,normalized,1.0e-6,true
cf_vt_clarabel_socp,3-21,model,12,12,0.0,kg/s,2.947222222222222e-5,true
cf_vt_clarabel_socp,3-43,model,12,12,0.0,kg/s,2.947222222222222e-5,true
cf_vt_clarabel_socp,3-17,model,12,12,1.99617822271847e-11,MW,6.1e-5,true
cf_vt_clarabel_socp,3-17-original,physics,12,12,1.99617822271847e-11,MW,6.1e-5,true
cf_vt_clarabel_socp,3-19:20,model,12,12,1.996158793815539e-11,MW,6.1e-5,true
cf_vt_clarabel_socp,3-38,model,12,12,1.1368683772161603e-13,K,0.0001,true
cf_vt_clarabel_socp,3-41,model,12,12,0.0,K,0.0001,true
cf_vt_clarabel_socp,3-41,model,12,12,0.0,K,0.0001,true
cf_vt_clarabel_socp,3-24,model,12,12,0.0,kPa,0.005199261864978687,true
cf_vt_clarabel_socp,3-41,model,12,12,0.0,K,0.0001,true
cf_vt_clarabel_socp,3-41,model,12,12,0.0,K,0.0001,true
cf_vt_clarabel_socp,3-24,model,12,12,0.0,kPa,0.005199261864978687,true
cf_vt_clarabel_socp,3-24-order,model,12,12,0.0,normalized,1.0e-6,true
cf_vt_clarabel_socp,3-21,model,12,13,0.0,kg/s,2.947222222222222e-5,true
cf_vt_clarabel_socp,3-43,model,12,13,0.0,kg/s,2.947222222222222e-5,true
cf_vt_clarabel_socp,3-17,model,12,13,9.380274335057948e-13,MW,6.1e-5,true
cf_vt_clarabel_socp,3-17-original,physics,12,13,9.380274335057948e-13,MW,6.1e-5,true
cf_vt_clarabel_socp,3-19:20,model,12,13,9.38166211383873e-13,MW,6.1e-5,true
cf_vt_clarabel_socp,3-38,model,12,13,5.684341886080802e-14,K,0.0001,true
cf_vt_clarabel_socp,3-41,model,12,13,0.0,K,0.0001,true
cf_vt_clarabel_socp,3-41,model,12,13,0.0,K,0.0001,true
cf_vt_clarabel_socp,3-24,model,12,13,0.0,kPa,0.005199261864978687,true
cf_vt_clarabel_socp,3-41,model,12,13,0.0,K,0.0001,true
cf_vt_clarabel_socp,3-41,model,12,13,0.0,K,0.0001,true
cf_vt_clarabel_socp,3-24,model,12,13,0.0,kPa,0.005199261864978687,true
cf_vt_clarabel_socp,3-24-order,model,12,13,0.0,normalized,1.0e-6,true
cf_vt_clarabel_socp,3-21,model,12,14,0.0,kg/s,2.947222222222222e-5,true
cf_vt_clarabel_socp,3-43,model,12,14,0.0,kg/s,2.947222222222222e-5,true
cf_vt_clarabel_socp,3-17,model,12,14,2.272007582071467e-11,MW,6.1e-5,true
cf_vt_clarabel_socp,3-17-original,physics,12,14,2.272007582071467e-11,MW,6.1e-5,true
cf_vt_clarabel_socp,3-19:20,model,12,14,2.2719853776109744e-11,MW,6.1e-5,true
cf_vt_clarabel_socp,3-38,model,12,14,1.1368683772161603e-13,K,0.0001,true
cf_vt_clarabel_socp,3-41,model,12,14,0.0,K,0.0001,true
cf_vt_clarabel_socp,3-41,model,12,14,0.0,K,0.0001,true
cf_vt_clarabel_socp,3-24,model,12,14,0.0,kPa,0.005199261864978687,true
cf_vt_clarabel_socp,3-41,model,12,14,0.0,K,0.0001,true
cf_vt_clarabel_socp,3-41,model,12,14,0.0,K,0.0001,true
cf_vt_clarabel_socp,3-24,model,12,14,0.0,kPa,0.005199261864978687,true
cf_vt_clarabel_socp,3-24-order,model,12,14,0.0,normalized,1.0e-6,true
cf_vt_clarabel_socp,3-21,model,12,15,0.0,kg/s,2.947222222222222e-5,true
cf_vt_clarabel_socp,3-43,model,12,15,0.0,kg/s,2.947222222222222e-5,true
cf_vt_clarabel_socp,3-17,model,12,15,2.0710122505818163e-10,MW,6.1e-5,true
cf_vt_clarabel_socp,3-17-original,physics,12,15,2.0710122505818163e-10,MW,6.1e-5,true
cf_vt_clarabel_socp,3-19:20,model,12,15,2.0709753356662475e-10,MW,6.1e-5,true
cf_vt_clarabel_socp,3-38,model,12,15,7.958078640513122e-13,K,0.0001,true
cf_vt_clarabel_socp,3-41,model,12,15,0.0,K,0.0001,true
cf_vt_clarabel_socp,3-41,model,12,15,0.0,K,0.0001,true
cf_vt_clarabel_socp,3-24,model,12,15,0.0,kPa,0.005199261864978687,true
cf_vt_clarabel_socp,3-41,model,12,15,0.0,K,0.0001,true
cf_vt_clarabel_socp,3-41,model,12,15,0.0,K,0.0001,true
cf_vt_clarabel_socp,3-24,model,12,15,0.0,kPa,0.005199261864978687,true
cf_vt_clarabel_socp,3-24-order,model,12,15,0.0,normalized,1.0e-6,true
cf_vt_clarabel_socp,3-21,model,12,16,0.0,kg/s,2.947222222222222e-5,true
cf_vt_clarabel_socp,3-43,model,12,16,0.0,kg/s,2.947222222222222e-5,true
cf_vt_clarabel_socp,3-17,model,12,16,8.266158868508455e-10,MW,6.1e-5,true
cf_vt_clarabel_socp,3-17-original,physics,12,16,8.266158868508455e-10,MW,6.1e-5,true
cf_vt_clarabel_socp,3-19:20,model,12,16,8.266012041513449e-10,MW,6.1e-5,true
cf_vt_clarabel_socp,3-38,model,12,16,3.296918293926865e-12,K,0.0001,true
cf_vt_clarabel_socp,3-41,model,12,16,0.0,K,0.0001,true
cf_vt_clarabel_socp,3-41,model,12,16,0.0,K,0.0001,true
cf_vt_clarabel_socp,3-24,model,12,16,0.0,kPa,0.005199261864978687,true
cf_vt_clarabel_socp,3-41,model,12,16,0.0,K,0.0001,true
cf_vt_clarabel_socp,3-41,model,12,16,0.0,K,0.0001,true
cf_vt_clarabel_socp,3-24,model,12,16,0.0,kPa,0.005199261864978687,true
cf_vt_clarabel_socp,3-24-order,model,12,16,0.0,normalized,1.0e-6,true
cf_vt_clarabel_socp,3-21,model,12,17,0.0,kg/s,2.947222222222222e-5,true
cf_vt_clarabel_socp,3-43,model,12,17,0.0,kg/s,2.947222222222222e-5,true
cf_vt_clarabel_socp,3-17,model,12,17,1.426544743443614e-9,MW,6.1e-5,true
cf_vt_clarabel_socp,3-17-original,physics,12,17,1.426544743443614e-9,MW,6.1e-5,true
cf_vt_clarabel_socp,3-19:20,model,12,17,1.426519402603077e-9,MW,6.1e-5,true
cf_vt_clarabel_socp,3-38,model,12,17,5.6843418860808015e-12,K,0.0001,true
cf_vt_clarabel_socp,3-41,model,12,17,0.0,K,0.0001,true
cf_vt_clarabel_socp,3-41,model,12,17,0.0,K,0.0001,true
cf_vt_clarabel_socp,3-24,model,12,17,0.0,kPa,0.005199261864978687,true
cf_vt_clarabel_socp,3-41,model,12,17,0.0,K,0.0001,true
cf_vt_clarabel_socp,3-41,model,12,17,0.0,K,0.0001,true
cf_vt_clarabel_socp,3-24,model,12,17,0.0,kPa,0.005199261864978687,true
cf_vt_clarabel_socp,3-24-order,model,12,17,0.0,normalized,1.0e-6,true
cf_vt_clarabel_socp,3-21,model,12,18,0.0,kg/s,2.947222222222222e-5,true
cf_vt_clarabel_socp,3-43,model,12,18,0.0,kg/s,2.947222222222222e-5,true
cf_vt_clarabel_socp,3-17,model,12,18,3.884869370640587e-10,MW,6.1e-5,true
cf_vt_clarabel_socp,3-17-original,physics,12,18,3.884869370640587e-10,MW,6.1e-5,true
cf_vt_clarabel_socp,3-19:20,model,12,18,3.88480053681306e-10,MW,6.1e-5,true
cf_vt_clarabel_socp,3-38,model,12,18,1.5916157281026244e-12,K,0.0001,true
cf_vt_clarabel_socp,3-41,model,12,18,0.0,K,0.0001,true
cf_vt_clarabel_socp,3-41,model,12,18,0.0,K,0.0001,true
cf_vt_clarabel_socp,3-24,model,12,18,0.0,kPa,0.005199261864978687,true
cf_vt_clarabel_socp,3-41,model,12,18,0.0,K,0.0001,true
cf_vt_clarabel_socp,3-41,model,12,18,0.0,K,0.0001,true
cf_vt_clarabel_socp,3-24,model,12,18,0.0,kPa,0.005199261864978687,true
cf_vt_clarabel_socp,3-24-order,model,12,18,0.0,normalized,1.0e-6,true
cf_vt_clarabel_socp,3-21,model,12,19,0.0,kg/s,2.947222222222222e-5,true
cf_vt_clarabel_socp,3-43,model,12,19,0.0,kg/s,2.947222222222222e-5,true
cf_vt_clarabel_socp,3-17,model,12,19,9.901063857675751e-10,MW,6.1e-5,true
cf_vt_clarabel_socp,3-17-original,physics,12,19,9.901063857675751e-10,MW,6.1e-5,true
cf_vt_clarabel_socp,3-19:20,model,12,19,9.900891217995422e-10,MW,6.1e-5,true
cf_vt_clarabel_socp,3-38,model,12,19,3.979039320256561e-12,K,0.0001,true
cf_vt_clarabel_socp,3-41,model,12,19,0.0,K,0.0001,true
cf_vt_clarabel_socp,3-41,model,12,19,0.0,K,0.0001,true
cf_vt_clarabel_socp,3-24,model,12,19,0.0,kPa,0.005199261864978687,true
cf_vt_clarabel_socp,3-41,model,12,19,0.0,K,0.0001,true
cf_vt_clarabel_socp,3-41,model,12,19,0.0,K,0.0001,true
cf_vt_clarabel_socp,3-24,model,12,19,0.0,kPa,0.005199261864978687,true
cf_vt_clarabel_socp,3-24-order,model,12,19,0.0,normalized,1.0e-6,true
cf_vt_clarabel_socp,3-21,model,12,20,0.0,kg/s,2.947222222222222e-5,true
cf_vt_clarabel_socp,3-43,model,12,20,0.0,kg/s,2.947222222222222e-5,true
cf_vt_clarabel_socp,3-17,model,12,20,1.657485260153635e-11,MW,6.1e-5,true
cf_vt_clarabel_socp,3-17-original,physics,12,20,1.657485260153635e-11,MW,6.1e-5,true
cf_vt_clarabel_socp,3-19:20,model,12,20,1.657465831250704e-11,MW,6.1e-5,true
cf_vt_clarabel_socp,3-38,model,12,20,5.684341886080802e-14,K,0.0001,true
cf_vt_clarabel_socp,3-41,model,12,20,0.0,K,0.0001,true
cf_vt_clarabel_socp,3-41,model,12,20,0.0,K,0.0001,true
cf_vt_clarabel_socp,3-24,model,12,20,0.0,kPa,0.005199261864978687,true
cf_vt_clarabel_socp,3-41,model,12,20,0.0,K,0.0001,true
cf_vt_clarabel_socp,3-41,model,12,20,0.0,K,0.0001,true
cf_vt_clarabel_socp,3-24,model,12,20,0.0,kPa,0.005199261864978687,true
cf_vt_clarabel_socp,3-24-order,model,12,20,0.0,normalized,1.0e-6,true
cf_vt_clarabel_socp,3-21,model,12,21,0.0,kg/s,2.947222222222222e-5,true
cf_vt_clarabel_socp,3-43,model,12,21,0.0,kg/s,2.947222222222222e-5,true
cf_vt_clarabel_socp,3-17,model,12,21,4.529850042289674e-8,MW,6.1e-5,true
cf_vt_clarabel_socp,3-17-original,physics,12,21,4.529850042289674e-8,MW,6.1e-5,true
cf_vt_clarabel_socp,3-19:20,model,12,21,4.5297701395385914e-8,MW,6.1e-5,true
cf_vt_clarabel_socp,3-38,model,12,21,1.8195578377344646e-10,K,0.0001,true
cf_vt_clarabel_socp,3-41,model,12,21,0.0,K,0.0001,true
cf_vt_clarabel_socp,3-41,model,12,21,0.0,K,0.0001,true
cf_vt_clarabel_socp,3-24,model,12,21,0.0,kPa,0.005199261864978687,true
cf_vt_clarabel_socp,3-41,model,12,21,0.0,K,0.0001,true
cf_vt_clarabel_socp,3-41,model,12,21,0.0,K,0.0001,true
cf_vt_clarabel_socp,3-24,model,12,21,0.0,kPa,0.005199261864978687,true
cf_vt_clarabel_socp,3-24-order,model,12,21,0.0,normalized,1.0e-6,true
cf_vt_clarabel_socp,3-21,model,12,22,0.0,kg/s,2.947222222222222e-5,true
cf_vt_clarabel_socp,3-43,model,12,22,0.0,kg/s,2.947222222222222e-5,true
cf_vt_clarabel_socp,3-17,model,12,22,6.959463404176969e-7,MW,6.1e-5,true
cf_vt_clarabel_socp,3-17-original,physics,12,22,6.959463404176969e-7,MW,6.1e-5,true
cf_vt_clarabel_socp,3-19:20,model,12,22,6.959340641821132e-7,MW,6.1e-5,true
cf_vt_clarabel_socp,3-38,model,12,22,2.795331965899095e-9,K,0.0001,true
cf_vt_clarabel_socp,3-41,model,12,22,0.0,K,0.0001,true
cf_vt_clarabel_socp,3-41,model,12,22,0.0,K,0.0001,true
cf_vt_clarabel_socp,3-24,model,12,22,0.0,kPa,0.005199261864978687,true
cf_vt_clarabel_socp,3-41,model,12,22,0.0,K,0.0001,true
cf_vt_clarabel_socp,3-41,model,12,22,0.0,K,0.0001,true
cf_vt_clarabel_socp,3-24,model,12,22,0.0,kPa,0.005199261864978687,true
cf_vt_clarabel_socp,3-24-order,model,12,22,0.0,normalized,1.0e-6,true
cf_vt_clarabel_socp,3-21,model,12,23,0.0,kg/s,2.947222222222222e-5,true
cf_vt_clarabel_socp,3-43,model,12,23,0.0,kg/s,2.947222222222222e-5,true
cf_vt_clarabel_socp,3-17,model,12,23,1.9034010822482905e-6,MW,6.1e-5,true
cf_vt_clarabel_socp,3-17-original,physics,12,23,1.9034010822482905e-6,MW,6.1e-5,true
cf_vt_clarabel_socp,3-19:20,model,12,23,1.9033675068280687e-6,MW,6.1e-5,true
cf_vt_clarabel_socp,3-38,model,12,23,7.645155619684374e-9,K,0.0001,true
cf_vt_clarabel_socp,3-41,model,12,23,0.0,K,0.0001,true
cf_vt_clarabel_socp,3-41,model,12,23,0.0,K,0.0001,true
cf_vt_clarabel_socp,3-24,model,12,23,0.0,kPa,0.005199261864978687,true
cf_vt_clarabel_socp,3-41,model,12,23,0.0,K,0.0001,true
cf_vt_clarabel_socp,3-41,model,12,23,0.0,K,0.0001,true
cf_vt_clarabel_socp,3-24,model,12,23,0.0,kPa,0.005199261864978687,true
cf_vt_clarabel_socp,3-24-order,model,12,23,0.0,normalized,1.0e-6,true
cf_vt_clarabel_socp,3-21,model,12,24,0.0,kg/s,2.947222222222222e-5,true
cf_vt_clarabel_socp,3-43,model,12,24,0.0,kg/s,2.947222222222222e-5,true
cf_vt_clarabel_socp,3-17,model,12,24,6.3184195835119805e-6,MW,6.1e-5,true
cf_vt_clarabel_socp,3-17-original,physics,12,24,6.3184195835119805e-6,MW,6.1e-5,true
cf_vt_clarabel_socp,3-19:20,model,12,24,6.318308128500094e-6,MW,6.1e-5,true
cf_vt_clarabel_socp,3-38,model,12,24,2.537854015827179e-8,K,0.0001,true
cf_vt_clarabel_socp,3-41,model,12,24,0.0,K,0.0001,true
cf_vt_clarabel_socp,3-41,model,12,24,0.0,K,0.0001,true
cf_vt_clarabel_socp,3-24,model,12,24,0.0,kPa,0.005199261864978687,true
cf_vt_clarabel_socp,3-41,model,12,24,0.0,K,0.0001,true
cf_vt_clarabel_socp,3-41,model,12,24,0.0,K,0.0001,true
cf_vt_clarabel_socp,3-24,model,12,24,0.0,kPa,0.005199261864978687,true
cf_vt_clarabel_socp,3-24-order,model,12,24,0.0,normalized,1.0e-6,true
cf_vt_clarabel_socp,3-21,model,13,1,8.881784197001252e-16,kg/s,2.947222222222222e-5,true
cf_vt_clarabel_socp,3-43,model,13,1,0.0,kg/s,2.947222222222222e-5,true
cf_vt_clarabel_socp,3-17,model,13,1,4.351241589262145e-13,MW,6.1e-5,true
cf_vt_clarabel_socp,3-17-original,physics,13,1,4.351241589262145e-13,MW,6.1e-5,true
cf_vt_clarabel_socp,3-19:20,model,13,1,4.352629368042926e-13,MW,6.1e-5,true
cf_vt_clarabel_socp,3-38,model,13,1,0.0,K,0.0001,true
cf_vt_clarabel_socp,3-41,model,13,1,0.0,K,0.0001,true
cf_vt_clarabel_socp,3-41,model,13,1,0.0,K,0.0001,true
cf_vt_clarabel_socp,3-24,model,13,1,0.0,kPa,0.005199261864978687,true
cf_vt_clarabel_socp,3-41,model,13,1,0.0,K,0.0001,true
cf_vt_clarabel_socp,3-41,model,13,1,0.0,K,0.0001,true
cf_vt_clarabel_socp,3-24,model,13,1,0.0,kPa,0.005199261864978687,true
cf_vt_clarabel_socp,3-24-order,model,13,1,0.0,normalized,1.0e-6,true
cf_vt_clarabel_socp,3-21,model,13,2,8.881784197001252e-16,kg/s,2.947222222222222e-5,true
cf_vt_clarabel_socp,3-43,model,13,2,0.0,kg/s,2.947222222222222e-5,true
cf_vt_clarabel_socp,3-17,model,13,2,3.235189893757706e-13,MW,6.1e-5,true
cf_vt_clarabel_socp,3-17-original,physics,13,2,3.235189893757706e-13,MW,6.1e-5,true
cf_vt_clarabel_socp,3-19:20,model,13,2,3.2354674495138624e-13,MW,6.1e-5,true
cf_vt_clarabel_socp,3-38,model,13,2,0.0,K,0.0001,true
cf_vt_clarabel_socp,3-41,model,13,2,0.0,K,0.0001,true
cf_vt_clarabel_socp,3-41,model,13,2,0.0,K,0.0001,true
cf_vt_clarabel_socp,3-24,model,13,2,0.0,kPa,0.005199261864978687,true
cf_vt_clarabel_socp,3-41,model,13,2,0.0,K,0.0001,true
cf_vt_clarabel_socp,3-41,model,13,2,0.0,K,0.0001,true
cf_vt_clarabel_socp,3-24,model,13,2,0.0,kPa,0.005199261864978687,true
cf_vt_clarabel_socp,3-24-order,model,13,2,0.0,normalized,1.0e-6,true
cf_vt_clarabel_socp,3-21,model,13,3,8.881784197001252e-16,kg/s,2.947222222222222e-5,true
cf_vt_clarabel_socp,3-43,model,13,3,0.0,kg/s,2.947222222222222e-5,true
cf_vt_clarabel_socp,3-17,model,13,3,2.860489622946716e-13,MW,6.1e-5,true
cf_vt_clarabel_socp,3-17-original,physics,13,3,2.860489622946716e-13,MW,6.1e-5,true
cf_vt_clarabel_socp,3-19:20,model,13,3,2.8613222902151847e-13,MW,6.1e-5,true
cf_vt_clarabel_socp,3-38,model,13,3,0.0,K,0.0001,true
cf_vt_clarabel_socp,3-41,model,13,3,0.0,K,0.0001,true
cf_vt_clarabel_socp,3-41,model,13,3,0.0,K,0.0001,true
cf_vt_clarabel_socp,3-24,model,13,3,0.0,kPa,0.005199261864978687,true
cf_vt_clarabel_socp,3-41,model,13,3,0.0,K,0.0001,true
cf_vt_clarabel_socp,3-41,model,13,3,0.0,K,0.0001,true
cf_vt_clarabel_socp,3-24,model,13,3,0.0,kPa,0.005199261864978687,true
cf_vt_clarabel_socp,3-24-order,model,13,3,0.0,normalized,1.0e-6,true
cf_vt_clarabel_socp,3-21,model,13,4,8.881784197001252e-16,kg/s,2.947222222222222e-5,true
cf_vt_clarabel_socp,3-43,model,13,4,0.0,kg/s,2.947222222222222e-5,true
cf_vt_clarabel_socp,3-17,model,13,4,2.5790480862042386e-13,MW,6.1e-5,true
cf_vt_clarabel_socp,3-17-original,physics,13,4,2.5790480862042386e-13,MW,6.1e-5,true
cf_vt_clarabel_socp,3-19:20,model,13,4,2.5787705304480824e-13,MW,6.1e-5,true
cf_vt_clarabel_socp,3-38,model,13,4,0.0,K,0.0001,true
cf_vt_clarabel_socp,3-41,model,13,4,0.0,K,0.0001,true
cf_vt_clarabel_socp,3-41,model,13,4,0.0,K,0.0001,true
cf_vt_clarabel_socp,3-24,model,13,4,0.0,kPa,0.005199261864978687,true
cf_vt_clarabel_socp,3-41,model,13,4,0.0,K,0.0001,true
cf_vt_clarabel_socp,3-41,model,13,4,0.0,K,0.0001,true
cf_vt_clarabel_socp,3-24,model,13,4,0.0,kPa,0.005199261864978687,true
cf_vt_clarabel_socp,3-24-order,model,13,4,0.0,normalized,1.0e-6,true
cf_vt_clarabel_socp,3-21,model,13,5,8.881784197001252e-16,kg/s,2.947222222222222e-5,true
cf_vt_clarabel_socp,3-43,model,13,5,0.0,kg/s,2.947222222222222e-5,true
cf_vt_clarabel_socp,3-17,model,13,5,1.861288900784075e-13,MW,6.1e-5,true
cf_vt_clarabel_socp,3-17-original,physics,13,5,1.861288900784075e-13,MW,6.1e-5,true
cf_vt_clarabel_socp,3-19:20,model,13,5,1.8626766795648564e-13,MW,6.1e-5,true
cf_vt_clarabel_socp,3-38,model,13,5,0.0,K,0.0001,true
cf_vt_clarabel_socp,3-41,model,13,5,0.0,K,0.0001,true
cf_vt_clarabel_socp,3-41,model,13,5,0.0,K,0.0001,true
cf_vt_clarabel_socp,3-24,model,13,5,0.0,kPa,0.005199261864978687,true
cf_vt_clarabel_socp,3-41,model,13,5,0.0,K,0.0001,true
cf_vt_clarabel_socp,3-41,model,13,5,0.0,K,0.0001,true
cf_vt_clarabel_socp,3-24,model,13,5,0.0,kPa,0.005199261864978687,true
cf_vt_clarabel_socp,3-24-order,model,13,5,0.0,normalized,1.0e-6,true
cf_vt_clarabel_socp,3-21,model,13,6,8.881784197001252e-16,kg/s,2.947222222222222e-5,true
cf_vt_clarabel_socp,3-43,model,13,6,0.0,kg/s,2.947222222222222e-5,true
cf_vt_clarabel_socp,3-17,model,13,6,4.4297898682543746e-13,MW,6.1e-5,true
cf_vt_clarabel_socp,3-17-original,physics,13,6,4.4297898682543746e-13,MW,6.1e-5,true
cf_vt_clarabel_socp,3-19:20,model,13,6,4.431177647035156e-13,MW,6.1e-5,true
cf_vt_clarabel_socp,3-38,model,13,6,0.0,K,0.0001,true
cf_vt_clarabel_socp,3-41,model,13,6,0.0,K,0.0001,true
cf_vt_clarabel_socp,3-41,model,13,6,0.0,K,0.0001,true
cf_vt_clarabel_socp,3-24,model,13,6,0.0,kPa,0.005199261864978687,true
cf_vt_clarabel_socp,3-41,model,13,6,0.0,K,0.0001,true
cf_vt_clarabel_socp,3-41,model,13,6,0.0,K,0.0001,true
cf_vt_clarabel_socp,3-24,model,13,6,0.0,kPa,0.005199261864978687,true
cf_vt_clarabel_socp,3-24-order,model,13,6,0.0,normalized,1.0e-6,true
cf_vt_clarabel_socp,3-21,model,13,7,8.881784197001252e-16,kg/s,2.947222222222222e-5,true
cf_vt_clarabel_socp,3-43,model,13,7,0.0,kg/s,2.947222222222222e-5,true
cf_vt_clarabel_socp,3-17,model,13,7,1.0362821711851211e-12,MW,6.1e-5,true
cf_vt_clarabel_socp,3-17-original,physics,13,7,1.0362821711851211e-12,MW,6.1e-5,true
cf_vt_clarabel_socp,3-19:20,model,13,7,1.0364209490631993e-12,MW,6.1e-5,true
cf_vt_clarabel_socp,3-38,model,13,7,0.0,K,0.0001,true
cf_vt_clarabel_socp,3-41,model,13,7,0.0,K,0.0001,true
cf_vt_clarabel_socp,3-41,model,13,7,0.0,K,0.0001,true
cf_vt_clarabel_socp,3-24,model,13,7,0.0,kPa,0.005199261864978687,true
cf_vt_clarabel_socp,3-41,model,13,7,0.0,K,0.0001,true
cf_vt_clarabel_socp,3-41,model,13,7,0.0,K,0.0001,true
cf_vt_clarabel_socp,3-24,model,13,7,0.0,kPa,0.005199261864978687,true
cf_vt_clarabel_socp,3-24-order,model,13,7,0.0,normalized,1.0e-6,true
cf_vt_clarabel_socp,3-21,model,13,8,8.881784197001252e-16,kg/s,2.947222222222222e-5,true
cf_vt_clarabel_socp,3-43,model,13,8,0.0,kg/s,2.947222222222222e-5,true
cf_vt_clarabel_socp,3-17,model,13,8,1.1997070004099442e-12,MW,6.1e-5,true
cf_vt_clarabel_socp,3-17-original,physics,13,8,1.1997070004099442e-12,MW,6.1e-5,true
cf_vt_clarabel_socp,3-19:20,model,13,8,1.1997347559855598e-12,MW,6.1e-5,true
cf_vt_clarabel_socp,3-38,model,13,8,0.0,K,0.0001,true
cf_vt_clarabel_socp,3-41,model,13,8,0.0,K,0.0001,true
cf_vt_clarabel_socp,3-41,model,13,8,0.0,K,0.0001,true
cf_vt_clarabel_socp,3-24,model,13,8,0.0,kPa,0.005199261864978687,true
cf_vt_clarabel_socp,3-41,model,13,8,0.0,K,0.0001,true
cf_vt_clarabel_socp,3-41,model,13,8,0.0,K,0.0001,true
cf_vt_clarabel_socp,3-24,model,13,8,0.0,kPa,0.005199261864978687,true
cf_vt_clarabel_socp,3-24-order,model,13,8,0.0,normalized,1.0e-6,true
cf_vt_clarabel_socp,3-21,model,13,9,8.881784197001252e-16,kg/s,2.947222222222222e-5,true
cf_vt_clarabel_socp,3-43,model,13,9,0.0,kg/s,2.947222222222222e-5,true
cf_vt_clarabel_socp,3-17,model,13,9,1.3510026430907374e-12,MW,6.1e-5,true
cf_vt_clarabel_socp,3-17-original,physics,13,9,1.3510026430907374e-12,MW,6.1e-5,true
cf_vt_clarabel_socp,3-19:20,model,13,9,1.3509471319395061e-12,MW,6.1e-5,true
cf_vt_clarabel_socp,3-38,model,13,9,0.0,K,0.0001,true
cf_vt_clarabel_socp,3-41,model,13,9,0.0,K,0.0001,true
cf_vt_clarabel_socp,3-41,model,13,9,0.0,K,0.0001,true
cf_vt_clarabel_socp,3-24,model,13,9,0.0,kPa,0.005199261864978687,true
cf_vt_clarabel_socp,3-41,model,13,9,0.0,K,0.0001,true
cf_vt_clarabel_socp,3-41,model,13,9,0.0,K,0.0001,true
cf_vt_clarabel_socp,3-24,model,13,9,0.0,kPa,0.005199261864978687,true
cf_vt_clarabel_socp,3-24-order,model,13,9,0.0,normalized,1.0e-6,true
cf_vt_clarabel_socp,3-21,model,13,10,8.881784197001252e-16,kg/s,2.947222222222222e-5,true
cf_vt_clarabel_socp,3-43,model,13,10,0.0,kg/s,2.947222222222222e-5,true
cf_vt_clarabel_socp,3-17,model,13,10,4.561989674911615e-12,MW,6.1e-5,true
cf_vt_clarabel_socp,3-17-original,physics,13,10,4.561989674911615e-12,MW,6.1e-5,true
cf_vt_clarabel_socp,3-19:20,model,13,10,4.562156208365309e-12,MW,6.1e-5,true
cf_vt_clarabel_socp,3-38,model,13,10,5.684341886080802e-14,K,0.0001,true
cf_vt_clarabel_socp,3-41,model,13,10,0.0,K,0.0001,true
cf_vt_clarabel_socp,3-41,model,13,10,0.0,K,0.0001,true
cf_vt_clarabel_socp,3-24,model,13,10,0.0,kPa,0.005199261864978687,true
cf_vt_clarabel_socp,3-41,model,13,10,0.0,K,0.0001,true
cf_vt_clarabel_socp,3-41,model,13,10,0.0,K,0.0001,true
cf_vt_clarabel_socp,3-24,model,13,10,0.0,kPa,0.005199261864978687,true
cf_vt_clarabel_socp,3-24-order,model,13,10,0.0,normalized,1.0e-6,true
cf_vt_clarabel_socp,3-21,model,13,11,8.881784197001252e-16,kg/s,2.947222222222222e-5,true
cf_vt_clarabel_socp,3-43,model,13,11,0.0,kg/s,2.947222222222222e-5,true
cf_vt_clarabel_socp,3-17,model,13,11,1.4017759175644073e-11,MW,6.1e-5,true
cf_vt_clarabel_socp,3-17-original,physics,13,11,1.4017759175644073e-11,MW,6.1e-5,true
cf_vt_clarabel_socp,3-19:20,model,13,11,1.4017537131039148e-11,MW,6.1e-5,true
cf_vt_clarabel_socp,3-38,model,13,11,5.684341886080802e-14,K,0.0001,true
cf_vt_clarabel_socp,3-41,model,13,11,0.0,K,0.0001,true
cf_vt_clarabel_socp,3-41,model,13,11,0.0,K,0.0001,true
cf_vt_clarabel_socp,3-24,model,13,11,0.0,kPa,0.005199261864978687,true
cf_vt_clarabel_socp,3-41,model,13,11,0.0,K,0.0001,true
cf_vt_clarabel_socp,3-41,model,13,11,0.0,K,0.0001,true
cf_vt_clarabel_socp,3-24,model,13,11,0.0,kPa,0.005199261864978687,true
cf_vt_clarabel_socp,3-24-order,model,13,11,0.0,normalized,1.0e-6,true
cf_vt_clarabel_socp,3-21,model,13,12,8.881784197001252e-16,kg/s,2.947222222222222e-5,true
cf_vt_clarabel_socp,3-43,model,13,12,0.0,kg/s,2.947222222222222e-5,true
cf_vt_clarabel_socp,3-17,model,13,12,1.6699003291265058e-11,MW,6.1e-5,true
cf_vt_clarabel_socp,3-17-original,physics,13,12,1.6699003291265058e-11,MW,6.1e-5,true
cf_vt_clarabel_socp,3-19:20,model,13,12,1.6698892268962595e-11,MW,6.1e-5,true
cf_vt_clarabel_socp,3-38,model,13,12,5.684341886080802e-14,K,0.0001,true
cf_vt_clarabel_socp,3-41,model,13,12,0.0,K,0.0001,true
cf_vt_clarabel_socp,3-41,model,13,12,0.0,K,0.0001,true
cf_vt_clarabel_socp,3-24,model,13,12,0.0,kPa,0.005199261864978687,true
cf_vt_clarabel_socp,3-41,model,13,12,0.0,K,0.0001,true
cf_vt_clarabel_socp,3-41,model,13,12,0.0,K,0.0001,true
cf_vt_clarabel_socp,3-24,model,13,12,0.0,kPa,0.005199261864978687,true
cf_vt_clarabel_socp,3-24-order,model,13,12,0.0,normalized,1.0e-6,true
cf_vt_clarabel_socp,3-21,model,13,13,8.881784197001252e-16,kg/s,2.947222222222222e-5,true
cf_vt_clarabel_socp,3-43,model,13,13,0.0,kg/s,2.947222222222222e-5,true
cf_vt_clarabel_socp,3-17,model,13,13,3.045730334605423e-12,MW,6.1e-5,true
cf_vt_clarabel_socp,3-17-original,physics,13,13,3.045730334605423e-12,MW,6.1e-5,true
cf_vt_clarabel_socp,3-19:20,model,13,13,3.0456470678785763e-12,MW,6.1e-5,true
cf_vt_clarabel_socp,3-38,model,13,13,5.684341886080802e-14,K,0.0001,true
cf_vt_clarabel_socp,3-41,model,13,13,0.0,K,0.0001,true
cf_vt_clarabel_socp,3-41,model,13,13,0.0,K,0.0001,true
cf_vt_clarabel_socp,3-24,model,13,13,0.0,kPa,0.005199261864978687,true
cf_vt_clarabel_socp,3-41,model,13,13,0.0,K,0.0001,true
cf_vt_clarabel_socp,3-41,model,13,13,0.0,K,0.0001,true
cf_vt_clarabel_socp,3-24,model,13,13,0.0,kPa,0.005199261864978687,true
cf_vt_clarabel_socp,3-24-order,model,13,13,0.0,normalized,1.0e-6,true
cf_vt_clarabel_socp,3-21,model,13,14,8.881784197001252e-16,kg/s,2.947222222222222e-5,true
cf_vt_clarabel_socp,3-43,model,13,14,0.0,kg/s,2.947222222222222e-5,true
cf_vt_clarabel_socp,3-17,model,13,14,5.3308357728099054e-11,MW,6.1e-5,true
cf_vt_clarabel_socp,3-17-original,physics,13,14,5.3308357728099054e-11,MW,6.1e-5,true
cf_vt_clarabel_socp,3-19:20,model,13,14,5.330730301622566e-11,MW,6.1e-5,true
cf_vt_clarabel_socp,3-38,model,13,14,2.2737367544323206e-13,K,0.0001,true
cf_vt_clarabel_socp,3-41,model,13,14,0.0,K,0.0001,true
cf_vt_clarabel_socp,3-41,model,13,14,0.0,K,0.0001,true
cf_vt_clarabel_socp,3-24,model,13,14,0.0,kPa,0.005199261864978687,true
cf_vt_clarabel_socp,3-41,model,13,14,0.0,K,0.0001,true
cf_vt_clarabel_socp,3-41,model,13,14,0.0,K,0.0001,true
cf_vt_clarabel_socp,3-24,model,13,14,0.0,kPa,0.005199261864978687,true
cf_vt_clarabel_socp,3-24-order,model,13,14,0.0,normalized,1.0e-6,true
cf_vt_clarabel_socp,3-21,model,13,15,8.881784197001252e-16,kg/s,2.947222222222222e-5,true
cf_vt_clarabel_socp,3-43,model,13,15,0.0,kg/s,2.947222222222222e-5,true
cf_vt_clarabel_socp,3-17,model,13,15,3.094463019159832e-10,MW,6.1e-5,true
cf_vt_clarabel_socp,3-17-original,physics,13,15,3.094463019159832e-10,MW,6.1e-5,true
cf_vt_clarabel_socp,3-19:20,model,13,15,3.094407785564357e-10,MW,6.1e-5,true
cf_vt_clarabel_socp,3-38,model,13,15,1.2505552149377763e-12,K,0.0001,true
cf_vt_clarabel_socp,3-41,model,13,15,0.0,K,0.0001,true
cf_vt_clarabel_socp,3-41,model,13,15,0.0,K,0.0001,true
cf_vt_clarabel_socp,3-24,model,13,15,0.0,kPa,0.005199261864978687,true
cf_vt_clarabel_socp,3-41,model,13,15,0.0,K,0.0001,true
cf_vt_clarabel_socp,3-41,model,13,15,0.0,K,0.0001,true
cf_vt_clarabel_socp,3-24,model,13,15,0.0,kPa,0.005199261864978687,true
cf_vt_clarabel_socp,3-24-order,model,13,15,0.0,normalized,1.0e-6,true
cf_vt_clarabel_socp,3-21,model,13,16,8.881784197001252e-16,kg/s,2.947222222222222e-5,true
cf_vt_clarabel_socp,3-43,model,13,16,0.0,kg/s,2.947222222222222e-5,true
cf_vt_clarabel_socp,3-17,model,13,16,9.239227438673225e-10,MW,6.1e-5,true
cf_vt_clarabel_socp,3-17-original,physics,13,16,9.239227438673225e-10,MW,6.1e-5,true
cf_vt_clarabel_socp,3-19:20,model,13,16,9.239063680777093e-10,MW,6.1e-5,true
cf_vt_clarabel_socp,3-38,model,13,16,3.751665644813329e-12,K,0.0001,true
cf_vt_clarabel_socp,3-41,model,13,16,0.0,K,0.0001,true
cf_vt_clarabel_socp,3-41,model,13,16,0.0,K,0.0001,true
cf_vt_clarabel_socp,3-24,model,13,16,0.0,kPa,0.005199261864978687,true
cf_vt_clarabel_socp,3-41,model,13,16,0.0,K,0.0001,true
cf_vt_clarabel_socp,3-41,model,13,16,0.0,K,0.0001,true
cf_vt_clarabel_socp,3-24,model,13,16,0.0,kPa,0.005199261864978687,true
cf_vt_clarabel_socp,3-24-order,model,13,16,0.0,normalized,1.0e-6,true
cf_vt_clarabel_socp,3-21,model,13,17,8.881784197001252e-16,kg/s,2.947222222222222e-5,true
cf_vt_clarabel_socp,3-43,model,13,17,0.0,kg/s,2.947222222222222e-5,true
cf_vt_clarabel_socp,3-17,model,13,17,1.2499264123722043e-9,MW,6.1e-5,true
cf_vt_clarabel_socp,3-17-original,physics,13,17,1.2499264123722043e-9,MW,6.1e-5,true
cf_vt_clarabel_socp,3-19:20,model,13,17,1.2499042911784386e-9,MW,6.1e-5,true
cf_vt_clarabel_socp,3-38,model,13,17,5.002220859751105e-12,K,0.0001,true
cf_vt_clarabel_socp,3-41,model,13,17,0.0,K,0.0001,true
cf_vt_clarabel_socp,3-41,model,13,17,0.0,K,0.0001,true
cf_vt_clarabel_socp,3-24,model,13,17,0.0,kPa,0.005199261864978687,true
cf_vt_clarabel_socp,3-41,model,13,17,0.0,K,0.0001,true
cf_vt_clarabel_socp,3-41,model,13,17,0.0,K,0.0001,true
cf_vt_clarabel_socp,3-24,model,13,17,0.0,kPa,0.005199261864978687,true
cf_vt_clarabel_socp,3-24-order,model,13,17,0.0,normalized,1.0e-6,true
cf_vt_clarabel_socp,3-21,model,13,18,8.881784197001252e-16,kg/s,2.947222222222222e-5,true
cf_vt_clarabel_socp,3-43,model,13,18,0.0,kg/s,2.947222222222222e-5,true
cf_vt_clarabel_socp,3-17,model,13,18,1.5826406851715547e-10,MW,6.1e-5,true
cf_vt_clarabel_socp,3-17-original,physics,13,18,1.5826406851715547e-10,MW,6.1e-5,true
cf_vt_clarabel_socp,3-19:20,model,13,18,1.5826107091498898e-10,MW,6.1e-5,true
cf_vt_clarabel_socp,3-38,model,13,18,6.252776074688882e-13,K,0.0001,true
cf_vt_clarabel_socp,3-41,model,13,18,0.0,K,0.0001,true
cf_vt_clarabel_socp,3-41,model,13,18,0.0,K,0.0001,true
cf_vt_clarabel_socp,3-24,model,13,18,0.0,kPa,0.005199261864978687,true
cf_vt_clarabel_socp,3-41,model,13,18,0.0,K,0.0001,true
cf_vt_clarabel_socp,3-41,model,13,18,0.0,K,0.0001,true
cf_vt_clarabel_socp,3-24,model,13,18,0.0,kPa,0.005199261864978687,true
cf_vt_clarabel_socp,3-24-order,model,13,18,0.0,normalized,1.0e-6,true
cf_vt_clarabel_socp,3-21,model,13,19,8.881784197001252e-16,kg/s,2.947222222222222e-5,true
cf_vt_clarabel_socp,3-43,model,13,19,0.0,kg/s,2.947222222222222e-5,true
cf_vt_clarabel_socp,3-17,model,13,19,8.254782968286634e-10,MW,6.1e-5,true
cf_vt_clarabel_socp,3-17-original,physics,13,19,8.254782968286634e-10,MW,6.1e-5,true
cf_vt_clarabel_socp,3-19:20,model,13,19,8.254638361737676e-10,MW,6.1e-5,true
cf_vt_clarabel_socp,3-38,model,13,19,3.353761712787673e-12,K,0.0001,true
cf_vt_clarabel_socp,3-41,model,13,19,0.0,K,0.0001,true
cf_vt_clarabel_socp,3-41,model,13,19,0.0,K,0.0001,true
cf_vt_clarabel_socp,3-24,model,13,19,0.0,kPa,0.005199261864978687,true
cf_vt_clarabel_socp,3-41,model,13,19,0.0,K,0.0001,true
cf_vt_clarabel_socp,3-41,model,13,19,0.0,K,0.0001,true
cf_vt_clarabel_socp,3-24,model,13,19,0.0,kPa,0.005199261864978687,true
cf_vt_clarabel_socp,3-24-order,model,13,19,0.0,normalized,1.0e-6,true
cf_vt_clarabel_socp,3-21,model,13,20,8.881784197001252e-16,kg/s,2.947222222222222e-5,true
cf_vt_clarabel_socp,3-43,model,13,20,0.0,kg/s,2.947222222222222e-5,true
cf_vt_clarabel_socp,3-17,model,13,20,7.541881286154961e-9,MW,6.1e-5,true
cf_vt_clarabel_socp,3-17-original,physics,13,20,7.541881286154961e-9,MW,6.1e-5,true
cf_vt_clarabel_socp,3-19:20,model,13,20,7.541748309192187e-9,MW,6.1e-5,true
cf_vt_clarabel_socp,3-38,model,13,20,3.029754225281067e-11,K,0.0001,true
cf_vt_clarabel_socp,3-41,model,13,20,0.0,K,0.0001,true
cf_vt_clarabel_socp,3-41,model,13,20,0.0,K,0.0001,true
cf_vt_clarabel_socp,3-24,model,13,20,0.0,kPa,0.005199261864978687,true
cf_vt_clarabel_socp,3-41,model,13,20,0.0,K,0.0001,true
cf_vt_clarabel_socp,3-41,model,13,20,0.0,K,0.0001,true
cf_vt_clarabel_socp,3-24,model,13,20,0.0,kPa,0.005199261864978687,true
cf_vt_clarabel_socp,3-24-order,model,13,20,0.0,normalized,1.0e-6,true
cf_vt_clarabel_socp,3-21,model,13,21,8.881784197001252e-16,kg/s,2.947222222222222e-5,true
cf_vt_clarabel_socp,3-43,model,13,21,0.0,kg/s,2.947222222222222e-5,true
cf_vt_clarabel_socp,3-17,model,13,21,1.532991845687448e-7,MW,6.1e-5,true
cf_vt_clarabel_socp,3-17-original,physics,13,21,1.532991845687448e-7,MW,6.1e-5,true
cf_vt_clarabel_socp,3-19:20,model,13,21,1.5329648048179045e-7,MW,6.1e-5,true
cf_vt_clarabel_socp,3-38,model,13,21,6.157279131002724e-10,K,0.0001,true
cf_vt_clarabel_socp,3-41,model,13,21,0.0,K,0.0001,true
cf_vt_clarabel_socp,3-41,model,13,21,0.0,K,0.0001,true
cf_vt_clarabel_socp,3-24,model,13,21,0.0,kPa,0.005199261864978687,true
cf_vt_clarabel_socp,3-41,model,13,21,0.0,K,0.0001,true
cf_vt_clarabel_socp,3-41,model,13,21,0.0,K,0.0001,true
cf_vt_clarabel_socp,3-24,model,13,21,0.0,kPa,0.005199261864978687,true
cf_vt_clarabel_socp,3-24-order,model,13,21,0.0,normalized,1.0e-6,true
cf_vt_clarabel_socp,3-21,model,13,22,8.881784197001252e-16,kg/s,2.947222222222222e-5,true
cf_vt_clarabel_socp,3-43,model,13,22,0.0,kg/s,2.947222222222222e-5,true
cf_vt_clarabel_socp,3-17,model,13,22,8.946174482327152e-7,MW,6.1e-5,true
cf_vt_clarabel_socp,3-17-original,physics,13,22,8.946174482327152e-7,MW,6.1e-5,true
cf_vt_clarabel_socp,3-19:20,model,13,22,8.946016673838653e-7,MW,6.1e-5,true
cf_vt_clarabel_socp,3-38,model,13,22,3.593299879867118e-9,K,0.0001,true
cf_vt_clarabel_socp,3-41,model,13,22,0.0,K,0.0001,true
cf_vt_clarabel_socp,3-41,model,13,22,0.0,K,0.0001,true
cf_vt_clarabel_socp,3-24,model,13,22,0.0,kPa,0.005199261864978687,true
cf_vt_clarabel_socp,3-41,model,13,22,0.0,K,0.0001,true
cf_vt_clarabel_socp,3-41,model,13,22,0.0,K,0.0001,true
cf_vt_clarabel_socp,3-24,model,13,22,0.0,kPa,0.005199261864978687,true
cf_vt_clarabel_socp,3-24-order,model,13,22,0.0,normalized,1.0e-6,true
cf_vt_clarabel_socp,3-21,model,13,23,8.881784197001252e-16,kg/s,2.947222222222222e-5,true
cf_vt_clarabel_socp,3-43,model,13,23,0.0,kg/s,2.947222222222222e-5,true
cf_vt_clarabel_socp,3-17,model,13,23,5.315697796104413e-7,MW,6.1e-5,true
cf_vt_clarabel_socp,3-17-original,physics,13,23,5.315697796104413e-7,MW,6.1e-5,true
cf_vt_clarabel_socp,3-19:20,model,13,23,5.315604031663757e-7,MW,6.1e-5,true
cf_vt_clarabel_socp,3-38,model,13,23,2.1351524992496707e-9,K,0.0001,true
cf_vt_clarabel_socp,3-41,model,13,23,0.0,K,0.0001,true
cf_vt_clarabel_socp,3-41,model,13,23,0.0,K,0.0001,true
cf_vt_clarabel_socp,3-24,model,13,23,0.0,kPa,0.005199261864978687,true
cf_vt_clarabel_socp,3-41,model,13,23,0.0,K,0.0001,true
cf_vt_clarabel_socp,3-41,model,13,23,0.0,K,0.0001,true
cf_vt_clarabel_socp,3-24,model,13,23,0.0,kPa,0.005199261864978687,true
cf_vt_clarabel_socp,3-24-order,model,13,23,0.0,normalized,1.0e-6,true
cf_vt_clarabel_socp,3-21,model,13,24,8.881784197001252e-16,kg/s,2.947222222222222e-5,true
cf_vt_clarabel_socp,3-43,model,13,24,0.0,kg/s,2.947222222222222e-5,true
cf_vt_clarabel_socp,3-17,model,13,24,4.748640950208438e-6,MW,6.1e-5,true
cf_vt_clarabel_socp,3-17-original,physics,13,24,4.748640950208438e-6,MW,6.1e-5,true
cf_vt_clarabel_socp,3-19:20,model,13,24,4.7485571854910535e-6,MW,6.1e-5,true
cf_vt_clarabel_socp,3-38,model,13,24,1.9073354451393243e-8,K,0.0001,true
cf_vt_clarabel_socp,3-41,model,13,24,0.0,K,0.0001,true
cf_vt_clarabel_socp,3-41,model,13,24,0.0,K,0.0001,true
cf_vt_clarabel_socp,3-24,model,13,24,0.0,kPa,0.005199261864978687,true
cf_vt_clarabel_socp,3-41,model,13,24,0.0,K,0.0001,true
cf_vt_clarabel_socp,3-41,model,13,24,0.0,K,0.0001,true
cf_vt_clarabel_socp,3-24,model,13,24,0.0,kPa,0.005199261864978687,true
cf_vt_clarabel_socp,3-24-order,model,13,24,0.0,normalized,1.0e-6,true
cf_vt_clarabel_socp,3-21,model,14,1,1.1102230246251565e-16,kg/s,2.947222222222222e-5,true
cf_vt_clarabel_socp,3-43,model,14,1,0.0,kg/s,2.947222222222222e-5,true
cf_vt_clarabel_socp,3-17,model,14,1,3.805289416902724e-13,MW,6.1e-5,true
cf_vt_clarabel_socp,3-17-original,physics,14,1,3.805289416902724e-13,MW,6.1e-5,true
cf_vt_clarabel_socp,3-19:20,model,14,1,3.806954751439662e-13,MW,6.1e-5,true
cf_vt_clarabel_socp,3-38,model,14,1,0.0,K,0.0001,true
cf_vt_clarabel_socp,3-41,model,14,1,0.0,K,0.0001,true
cf_vt_clarabel_socp,3-41,model,14,1,0.0,K,0.0001,true
cf_vt_clarabel_socp,3-24,model,14,1,0.0,kPa,0.005199261864978687,true
cf_vt_clarabel_socp,3-41,model,14,1,0.0,K,0.0001,true
cf_vt_clarabel_socp,3-41,model,14,1,0.0,K,0.0001,true
cf_vt_clarabel_socp,3-24,model,14,1,0.0,kPa,0.005199261864978687,true
cf_vt_clarabel_socp,3-24-order,model,14,1,0.0,normalized,1.0e-6,true
cf_vt_clarabel_socp,3-21,model,14,2,1.1102230246251565e-16,kg/s,2.947222222222222e-5,true
cf_vt_clarabel_socp,3-43,model,14,2,0.0,kg/s,2.947222222222222e-5,true
cf_vt_clarabel_socp,3-17,model,14,2,7.208122987378829e-14,MW,6.1e-5,true
cf_vt_clarabel_socp,3-17-original,physics,14,2,7.208122987378829e-14,MW,6.1e-5,true
cf_vt_clarabel_socp,3-19:20,model,14,2,7.222000775186643e-14,MW,6.1e-5,true
cf_vt_clarabel_socp,3-38,model,14,2,0.0,K,0.0001,true
cf_vt_clarabel_socp,3-41,model,14,2,0.0,K,0.0001,true
cf_vt_clarabel_socp,3-41,model,14,2,0.0,K,0.0001,true
cf_vt_clarabel_socp,3-24,model,14,2,0.0,kPa,0.005199261864978687,true
cf_vt_clarabel_socp,3-41,model,14,2,0.0,K,0.0001,true
cf_vt_clarabel_socp,3-41,model,14,2,0.0,K,0.0001,true
cf_vt_clarabel_socp,3-24,model,14,2,0.0,kPa,0.005199261864978687,true
cf_vt_clarabel_socp,3-24-order,model,14,2,0.0,normalized,1.0e-6,true
cf_vt_clarabel_socp,3-21,model,14,3,1.1102230246251565e-16,kg/s,2.947222222222222e-5,true
cf_vt_clarabel_socp,3-43,model,14,3,0.0,kg/s,2.947222222222222e-5,true
cf_vt_clarabel_socp,3-17,model,14,3,7.249756350802272e-14,MW,6.1e-5,true
cf_vt_clarabel_socp,3-17-original,physics,14,3,7.249756350802272e-14,MW,6.1e-5,true
cf_vt_clarabel_socp,3-19:20,model,14,3,7.224776332748206e-14,MW,6.1e-5,true
cf_vt_clarabel_socp,3-38,model,14,3,0.0,K,0.0001,true
cf_vt_clarabel_socp,3-41,model,14,3,0.0,K,0.0001,true
cf_vt_clarabel_socp,3-41,model,14,3,0.0,K,0.0001,true
cf_vt_clarabel_socp,3-24,model,14,3,0.0,kPa,0.005199261864978687,true
cf_vt_clarabel_socp,3-41,model,14,3,0.0,K,0.0001,true
cf_vt_clarabel_socp,3-41,model,14,3,0.0,K,0.0001,true
cf_vt_clarabel_socp,3-24,model,14,3,0.0,kPa,0.005199261864978687,true
cf_vt_clarabel_socp,3-24-order,model,14,3,0.0,normalized,1.0e-6,true
cf_vt_clarabel_socp,3-21,model,14,4,1.1102230246251565e-16,kg/s,2.947222222222222e-5,true
cf_vt_clarabel_socp,3-43,model,14,4,0.0,kg/s,2.947222222222222e-5,true
cf_vt_clarabel_socp,3-17,model,14,4,5.825895321720509e-14,MW,6.1e-5,true
cf_vt_clarabel_socp,3-17-original,physics,14,4,5.825895321720509e-14,MW,6.1e-5,true
cf_vt_clarabel_socp,3-19:20,model,14,4,5.839773109528323e-14,MW,6.1e-5,true
cf_vt_clarabel_socp,3-38,model,14,4,5.684341886080802e-14,K,0.0001,true
cf_vt_clarabel_socp,3-41,model,14,4,0.0,K,0.0001,true
cf_vt_clarabel_socp,3-41,model,14,4,0.0,K,0.0001,true
cf_vt_clarabel_socp,3-24,model,14,4,0.0,kPa,0.005199261864978687,true
cf_vt_clarabel_socp,3-41,model,14,4,0.0,K,0.0001,true
cf_vt_clarabel_socp,3-41,model,14,4,0.0,K,0.0001,true
cf_vt_clarabel_socp,3-24,model,14,4,0.0,kPa,0.005199261864978687,true
cf_vt_clarabel_socp,3-24-order,model,14,4,0.0,normalized,1.0e-6,true
cf_vt_clarabel_socp,3-21,model,14,5,1.1102230246251565e-16,kg/s,2.947222222222222e-5,true
cf_vt_clarabel_socp,3-43,model,14,5,0.0,kg/s,2.947222222222222e-5,true
cf_vt_clarabel_socp,3-17,model,14,5,1.788291736914971e-13,MW,6.1e-5,true
cf_vt_clarabel_socp,3-17-original,physics,14,5,1.788291736914971e-13,MW,6.1e-5,true
cf_vt_clarabel_socp,3-19:20,model,14,5,1.7871815138903457e-13,MW,6.1e-5,true
cf_vt_clarabel_socp,3-38,model,14,5,5.684341886080802e-14,K,0.0001,true
cf_vt_clarabel_socp,3-41,model,14,5,0.0,K,0.0001,true
cf_vt_clarabel_socp,3-41,model,14,5,0.0,K,0.0001,true
cf_vt_clarabel_socp,3-24,model,14,5,0.0,kPa,0.005199261864978687,true
cf_vt_clarabel_socp,3-41,model,14,5,0.0,K,0.0001,true
cf_vt_clarabel_socp,3-41,model,14,5,0.0,K,0.0001,true
cf_vt_clarabel_socp,3-24,model,14,5,0.0,kPa,0.005199261864978687,true
cf_vt_clarabel_socp,3-24-order,model,14,5,0.0,normalized,1.0e-6,true
cf_vt_clarabel_socp,3-21,model,14,6,1.1102230246251565e-16,kg/s,2.947222222222222e-5,true
cf_vt_clarabel_socp,3-43,model,14,6,0.0,kg/s,2.947222222222222e-5,true
cf_vt_clarabel_socp,3-17,model,14,6,1.211530875622202e-13,MW,6.1e-5,true
cf_vt_clarabel_socp,3-17-original,physics,14,6,1.211530875622202e-13,MW,6.1e-5,true
cf_vt_clarabel_socp,3-19:20,model,14,6,1.2109757641098895e-13,MW,6.1e-5,true
cf_vt_clarabel_socp,3-38,model,14,6,0.0,K,0.0001,true
cf_vt_clarabel_socp,3-41,model,14,6,0.0,K,0.0001,true
cf_vt_clarabel_socp,3-41,model,14,6,0.0,K,0.0001,true
cf_vt_clarabel_socp,3-24,model,14,6,0.0,kPa,0.005199261864978687,true
cf_vt_clarabel_socp,3-41,model,14,6,0.0,K,0.0001,true
cf_vt_clarabel_socp,3-41,model,14,6,0.0,K,0.0001,true
cf_vt_clarabel_socp,3-24,model,14,6,0.0,kPa,0.005199261864978687,true
cf_vt_clarabel_socp,3-24-order,model,14,6,0.0,normalized,1.0e-6,true
cf_vt_clarabel_socp,3-21,model,14,7,1.1102230246251565e-16,kg/s,2.947222222222222e-5,true
cf_vt_clarabel_socp,3-43,model,14,7,0.0,kg/s,2.947222222222222e-5,true
cf_vt_clarabel_socp,3-17,model,14,7,7.183420525080919e-13,MW,6.1e-5,true
cf_vt_clarabel_socp,3-17-original,physics,14,7,7.183420525080919e-13,MW,6.1e-5,true
cf_vt_clarabel_socp,3-19:20,model,14,7,7.184808303861701e-13,MW,6.1e-5,true
cf_vt_clarabel_socp,3-38,model,14,7,0.0,K,0.0001,true
cf_vt_clarabel_socp,3-41,model,14,7,0.0,K,0.0001,true
cf_vt_clarabel_socp,3-41,model,14,7,0.0,K,0.0001,true
cf_vt_clarabel_socp,3-24,model,14,7,0.0,kPa,0.005199261864978687,true
cf_vt_clarabel_socp,3-41,model,14,7,0.0,K,0.0001,true
cf_vt_clarabel_socp,3-41,model,14,7,0.0,K,0.0001,true
cf_vt_clarabel_socp,3-24,model,14,7,0.0,kPa,0.005199261864978687,true
cf_vt_clarabel_socp,3-24-order,model,14,7,0.0,normalized,1.0e-6,true
cf_vt_clarabel_socp,3-21,model,14,8,1.1102230246251565e-16,kg/s,2.947222222222222e-5,true
cf_vt_clarabel_socp,3-43,model,14,8,0.0,kg/s,2.947222222222222e-5,true
cf_vt_clarabel_socp,3-17,model,14,8,9.134637490859632e-13,MW,6.1e-5,true
cf_vt_clarabel_socp,3-17-original,physics,14,8,9.134637490859632e-13,MW,6.1e-5,true
cf_vt_clarabel_socp,3-19:20,model,14,8,9.135747713884257e-13,MW,6.1e-5,true
cf_vt_clarabel_socp,3-38,model,14,8,0.0,K,0.0001,true
cf_vt_clarabel_socp,3-41,model,14,8,0.0,K,0.0001,true
cf_vt_clarabel_socp,3-41,model,14,8,0.0,K,0.0001,true
cf_vt_clarabel_socp,3-24,model,14,8,0.0,kPa,0.005199261864978687,true
cf_vt_clarabel_socp,3-41,model,14,8,0.0,K,0.0001,true
cf_vt_clarabel_socp,3-41,model,14,8,0.0,K,0.0001,true
cf_vt_clarabel_socp,3-24,model,14,8,0.0,kPa,0.005199261864978687,true
cf_vt_clarabel_socp,3-24-order,model,14,8,0.0,normalized,1.0e-6,true
cf_vt_clarabel_socp,3-21,model,14,9,1.1102230246251565e-16,kg/s,2.947222222222222e-5,true
cf_vt_clarabel_socp,3-43,model,14,9,0.0,kg/s,2.947222222222222e-5,true
cf_vt_clarabel_socp,3-17,model,14,9,1.6582291095801338e-12,MW,6.1e-5,true
cf_vt_clarabel_socp,3-17-original,physics,14,9,1.6582291095801338e-12,MW,6.1e-5,true
cf_vt_clarabel_socp,3-19:20,model,14,9,1.658367887458212e-12,MW,6.1e-5,true
cf_vt_clarabel_socp,3-38,model,14,9,0.0,K,0.0001,true
cf_vt_clarabel_socp,3-41,model,14,9,0.0,K,0.0001,true
cf_vt_clarabel_socp,3-41,model,14,9,0.0,K,0.0001,true
cf_vt_clarabel_socp,3-24,model,14,9,0.0,kPa,0.005199261864978687,true
cf_vt_clarabel_socp,3-41,model,14,9,0.0,K,0.0001,true
cf_vt_clarabel_socp,3-41,model,14,9,0.0,K,0.0001,true
cf_vt_clarabel_socp,3-24,model,14,9,0.0,kPa,0.005199261864978687,true
cf_vt_clarabel_socp,3-24-order,model,14,9,0.0,normalized,1.0e-6,true
cf_vt_clarabel_socp,3-21,model,14,10,1.1102230246251565e-16,kg/s,2.947222222222222e-5,true
cf_vt_clarabel_socp,3-43,model,14,10,0.0,kg/s,2.947222222222222e-5,true
cf_vt_clarabel_socp,3-17,model,14,10,5.987793594286472e-12,MW,6.1e-5,true
cf_vt_clarabel_socp,3-17-original,physics,14,10,5.987793594286472e-12,MW,6.1e-5,true
cf_vt_clarabel_socp,3-19:20,model,14,10,5.987627060832779e-12,MW,6.1e-5,true
cf_vt_clarabel_socp,3-38,model,14,10,0.0,K,0.0001,true
cf_vt_clarabel_socp,3-41,model,14,10,0.0,K,0.0001,true
cf_vt_clarabel_socp,3-41,model,14,10,0.0,K,0.0001,true
cf_vt_clarabel_socp,3-24,model,14,10,0.0,kPa,0.005199261864978687,true
cf_vt_clarabel_socp,3-41,model,14,10,0.0,K,0.0001,true
cf_vt_clarabel_socp,3-41,model,14,10,0.0,K,0.0001,true
cf_vt_clarabel_socp,3-24,model,14,10,0.0,kPa,0.005199261864978687,true
cf_vt_clarabel_socp,3-24-order,model,14,10,0.0,normalized,1.0e-6,true
cf_vt_clarabel_socp,3-21,model,14,11,1.1102230246251565e-16,kg/s,2.947222222222222e-5,true
cf_vt_clarabel_socp,3-43,model,14,11,0.0,kg/s,2.947222222222222e-5,true
cf_vt_clarabel_socp,3-17,model,14,11,1.4336726250618881e-11,MW,6.1e-5,true
cf_vt_clarabel_socp,3-17-original,physics,14,11,1.4336726250618881e-11,MW,6.1e-5,true
cf_vt_clarabel_socp,3-19:20,model,14,11,1.4336504206013956e-11,MW,6.1e-5,true
cf_vt_clarabel_socp,3-38,model,14,11,0.0,K,0.0001,true
cf_vt_clarabel_socp,3-41,model,14,11,0.0,K,0.0001,true
cf_vt_clarabel_socp,3-41,model,14,11,0.0,K,0.0001,true
cf_vt_clarabel_socp,3-24,model,14,11,0.0,kPa,0.005199261864978687,true
cf_vt_clarabel_socp,3-41,model,14,11,0.0,K,0.0001,true
cf_vt_clarabel_socp,3-41,model,14,11,0.0,K,0.0001,true
cf_vt_clarabel_socp,3-24,model,14,11,0.0,kPa,0.005199261864978687,true
cf_vt_clarabel_socp,3-24-order,model,14,11,0.0,normalized,1.0e-6,true
cf_vt_clarabel_socp,3-21,model,14,12,1.1102230246251565e-16,kg/s,2.947222222222222e-5,true
cf_vt_clarabel_socp,3-43,model,14,12,0.0,kg/s,2.947222222222222e-5,true
cf_vt_clarabel_socp,3-17,model,14,12,1.3463619108478042e-11,MW,6.1e-5,true
cf_vt_clarabel_socp,3-17-original,physics,14,12,1.3463619108478042e-11,MW,6.1e-5,true
cf_vt_clarabel_socp,3-19:20,model,14,12,1.3463452575024348e-11,MW,6.1e-5,true
cf_vt_clarabel_socp,3-38,model,14,12,5.684341886080802e-14,K,0.0001,true
cf_vt_clarabel_socp,3-41,model,14,12,0.0,K,0.0001,true
cf_vt_clarabel_socp,3-41,model,14,12,0.0,K,0.0001,true
cf_vt_clarabel_socp,3-24,model,14,12,0.0,kPa,0.005199261864978687,true
cf_vt_clarabel_socp,3-41,model,14,12,0.0,K,0.0001,true
cf_vt_clarabel_socp,3-41,model,14,12,0.0,K,0.0001,true
cf_vt_clarabel_socp,3-24,model,14,12,0.0,kPa,0.005199261864978687,true
cf_vt_clarabel_socp,3-24-order,model,14,12,0.0,normalized,1.0e-6,true
cf_vt_clarabel_socp,3-21,model,14,13,1.1102230246251565e-16,kg/s,2.947222222222222e-5,true
cf_vt_clarabel_socp,3-43,model,14,13,0.0,kg/s,2.947222222222222e-5,true
cf_vt_clarabel_socp,3-17,model,14,13,1.0762085667082033e-11,MW,6.1e-5,true
cf_vt_clarabel_socp,3-17-original,physics,14,13,1.0762085667082033e-11,MW,6.1e-5,true
cf_vt_clarabel_socp,3-19:20,model,14,13,1.0761946889203955e-11,MW,6.1e-5,true
cf_vt_clarabel_socp,3-38,model,14,13,5.684341886080802e-14,K,0.0001,true
cf_vt_clarabel_socp,3-41,model,14,13,0.0,K,0.0001,true
cf_vt_clarabel_socp,3-41,model,14,13,0.0,K,0.0001,true
cf_vt_clarabel_socp,3-24,model,14,13,0.0,kPa,0.005199261864978687,true
cf_vt_clarabel_socp,3-41,model,14,13,0.0,K,0.0001,true
cf_vt_clarabel_socp,3-41,model,14,13,0.0,K,0.0001,true
cf_vt_clarabel_socp,3-24,model,14,13,0.0,kPa,0.005199261864978687,true
cf_vt_clarabel_socp,3-24-order,model,14,13,0.0,normalized,1.0e-6,true
cf_vt_clarabel_socp,3-21,model,14,14,1.1102230246251565e-16,kg/s,2.947222222222222e-5,true
cf_vt_clarabel_socp,3-43,model,14,14,0.0,kg/s,2.947222222222222e-5,true
cf_vt_clarabel_socp,3-17,model,14,14,9.382078447472963e-11,MW,6.1e-5,true
cf_vt_clarabel_socp,3-17-original,physics,14,14,9.382078447472963e-11,MW,6.1e-5,true
cf_vt_clarabel_socp,3-19:20,model,14,14,9.381892485116339e-11,MW,6.1e-5,true
cf_vt_clarabel_socp,3-38,model,14,14,3.410605131648481e-13,K,0.0001,true
cf_vt_clarabel_socp,3-41,model,14,14,0.0,K,0.0001,true
cf_vt_clarabel_socp,3-41,model,14,14,0.0,K,0.0001,true
cf_vt_clarabel_socp,3-24,model,14,14,0.0,kPa,0.005199261864978687,true
cf_vt_clarabel_socp,3-41,model,14,14,0.0,K,0.0001,true
cf_vt_clarabel_socp,3-41,model,14,14,0.0,K,0.0001,true
cf_vt_clarabel_socp,3-24,model,14,14,0.0,kPa,0.005199261864978687,true
cf_vt_clarabel_socp,3-24-order,model,14,14,0.0,normalized,1.0e-6,true
cf_vt_clarabel_socp,3-21,model,14,15,1.1102230246251565e-16,kg/s,2.947222222222222e-5,true
cf_vt_clarabel_socp,3-43,model,14,15,0.0,kg/s,2.947222222222222e-5,true
cf_vt_clarabel_socp,3-17,model,14,15,4.051036450736234e-10,MW,6.1e-5,true
cf_vt_clarabel_socp,3-17-original,physics,14,15,4.051036450736234e-10,MW,6.1e-5,true
cf_vt_clarabel_socp,3-19:20,model,14,15,4.0509662291299264e-10,MW,6.1e-5,true
cf_vt_clarabel_socp,3-38,model,14,15,1.6484591469634324e-12,K,0.0001,true
cf_vt_clarabel_socp,3-41,model,14,15,0.0,K,0.0001,true
cf_vt_clarabel_socp,3-41,model,14,15,0.0,K,0.0001,true
cf_vt_clarabel_socp,3-24,model,14,15,0.0,kPa,0.005199261864978687,true
cf_vt_clarabel_socp,3-41,model,14,15,0.0,K,0.0001,true
cf_vt_clarabel_socp,3-41,model,14,15,0.0,K,0.0001,true
cf_vt_clarabel_socp,3-24,model,14,15,0.0,kPa,0.005199261864978687,true
cf_vt_clarabel_socp,3-24-order,model,14,15,0.0,normalized,1.0e-6,true
cf_vt_clarabel_socp,3-21,model,14,16,1.1102230246251565e-16,kg/s,2.947222222222222e-5,true
cf_vt_clarabel_socp,3-43,model,14,16,0.0,kg/s,2.947222222222222e-5,true
cf_vt_clarabel_socp,3-17,model,14,16,9.63466334491514e-10,MW,6.1e-5,true
cf_vt_clarabel_socp,3-17-original,physics,14,16,9.63466334491514e-10,MW,6.1e-5,true
cf_vt_clarabel_socp,3-19:20,model,14,16,9.634493203236616e-10,MW,6.1e-5,true
cf_vt_clarabel_socp,3-38,model,14,16,3.865352482534945e-12,K,0.0001,true
cf_vt_clarabel_socp,3-41,model,14,16,0.0,K,0.0001,true
cf_vt_clarabel_socp,3-41,model,14,16,0.0,K,0.0001,true
cf_vt_clarabel_socp,3-24,model,14,16,0.0,kPa,0.005199261864978687,true
cf_vt_clarabel_socp,3-41,model,14,16,0.0,K,0.0001,true
cf_vt_clarabel_socp,3-41,model,14,16,0.0,K,0.0001,true
cf_vt_clarabel_socp,3-24,model,14,16,0.0,kPa,0.005199261864978687,true
cf_vt_clarabel_socp,3-24-order,model,14,16,0.0,normalized,1.0e-6,true
cf_vt_clarabel_socp,3-21,model,14,17,1.1102230246251565e-16,kg/s,2.947222222222222e-5,true
cf_vt_clarabel_socp,3-43,model,14,17,0.0,kg/s,2.947222222222222e-5,true
cf_vt_clarabel_socp,3-17,model,14,17,1.0522193394368884e-9,MW,6.1e-5,true
cf_vt_clarabel_socp,3-17-original,physics,14,17,1.0522193394368884e-9,MW,6.1e-5,true
cf_vt_clarabel_socp,3-19:20,model,14,17,1.0522008264679528e-9,MW,6.1e-5,true
cf_vt_clarabel_socp,3-38,model,14,17,4.206412995699793e-12,K,0.0001,true
cf_vt_clarabel_socp,3-41,model,14,17,0.0,K,0.0001,true
cf_vt_clarabel_socp,3-41,model,14,17,0.0,K,0.0001,true
cf_vt_clarabel_socp,3-24,model,14,17,0.0,kPa,0.005199261864978687,true
cf_vt_clarabel_socp,3-41,model,14,17,0.0,K,0.0001,true
cf_vt_clarabel_socp,3-41,model,14,17,0.0,K,0.0001,true
cf_vt_clarabel_socp,3-24,model,14,17,0.0,kPa,0.005199261864978687,true
cf_vt_clarabel_socp,3-24-order,model,14,17,0.0,normalized,1.0e-6,true
cf_vt_clarabel_socp,3-21,model,14,18,1.1102230246251565e-16,kg/s,2.947222222222222e-5,true
cf_vt_clarabel_socp,3-43,model,14,18,0.0,kg/s,2.947222222222222e-5,true
cf_vt_clarabel_socp,3-17,model,14,18,5.581590745151743e-12,MW,6.1e-5,true
cf_vt_clarabel_socp,3-17-original,physics,14,18,5.581590745151743e-12,MW,6.1e-5,true
cf_vt_clarabel_socp,3-19:20,model,14,18,5.581701767454206e-12,MW,6.1e-5,true
cf_vt_clarabel_socp,3-38,model,14,18,5.684341886080802e-14,K,0.0001,true
cf_vt_clarabel_socp,3-41,model,14,18,0.0,K,0.0001,true
cf_vt_clarabel_socp,3-41,model,14,18,0.0,K,0.0001,true
cf_vt_clarabel_socp,3-24,model,14,18,0.0,kPa,0.005199261864978687,true
cf_vt_clarabel_socp,3-41,model,14,18,0.0,K,0.0001,true
cf_vt_clarabel_socp,3-41,model,14,18,0.0,K,0.0001,true
cf_vt_clarabel_socp,3-24,model,14,18,0.0,kPa,0.005199261864978687,true
cf_vt_clarabel_socp,3-24-order,model,14,18,0.0,normalized,1.0e-6,true
cf_vt_clarabel_socp,3-21,model,14,19,1.1102230246251565e-16,kg/s,2.947222222222222e-5,true
cf_vt_clarabel_socp,3-43,model,14,19,0.0,kg/s,2.947222222222222e-5,true
cf_vt_clarabel_socp,3-17,model,14,19,1.916346636932076e-9,MW,6.1e-5,true
cf_vt_clarabel_socp,3-17-original,physics,14,19,1.916346636932076e-9,MW,6.1e-5,true
cf_vt_clarabel_socp,3-19:20,model,14,19,1.916313108196732e-9,MW,6.1e-5,true
cf_vt_clarabel_socp,3-38,model,14,19,7.73070496506989e-12,K,0.0001,true
cf_vt_clarabel_socp,3-41,model,14,19,0.0,K,0.0001,true
cf_vt_clarabel_socp,3-41,model,14,19,0.0,K,0.0001,true
cf_vt_clarabel_socp,3-24,model,14,19,0.0,kPa,0.005199261864978687,true
cf_vt_clarabel_socp,3-41,model,14,19,0.0,K,0.0001,true
cf_vt_clarabel_socp,3-41,model,14,19,0.0,K,0.0001,true
cf_vt_clarabel_socp,3-24,model,14,19,0.0,kPa,0.005199261864978687,true
cf_vt_clarabel_socp,3-24-order,model,14,19,0.0,normalized,1.0e-6,true
cf_vt_clarabel_socp,3-21,model,14,20,1.1102230246251565e-16,kg/s,2.947222222222222e-5,true
cf_vt_clarabel_socp,3-43,model,14,20,0.0,kg/s,2.947222222222222e-5,true
cf_vt_clarabel_socp,3-17,model,14,20,3.136814469284488e-8,MW,6.1e-5,true
cf_vt_clarabel_socp,3-17-original,physics,14,20,3.136814469284488e-8,MW,6.1e-5,true
cf_vt_clarabel_socp,3-19:20,model,14,20,3.136759138544498e-8,MW,6.1e-5,true
cf_vt_clarabel_socp,3-38,model,14,20,1.2602185961441137e-10,K,0.0001,true
cf_vt_clarabel_socp,3-41,model,14,20,0.0,K,0.0001,true
cf_vt_clarabel_socp,3-41,model,14,20,0.0,K,0.0001,true
cf_vt_clarabel_socp,3-24,model,14,20,0.0,kPa,0.005199261864978687,true
cf_vt_clarabel_socp,3-41,model,14,20,0.0,K,0.0001,true
cf_vt_clarabel_socp,3-41,model,14,20,0.0,K,0.0001,true
cf_vt_clarabel_socp,3-24,model,14,20,0.0,kPa,0.005199261864978687,true
cf_vt_clarabel_socp,3-24-order,model,14,20,0.0,normalized,1.0e-6,true
cf_vt_clarabel_socp,3-21,model,14,21,1.1102230246251565e-16,kg/s,2.947222222222222e-5,true
cf_vt_clarabel_socp,3-43,model,14,21,0.0,kg/s,2.947222222222222e-5,true
cf_vt_clarabel_socp,3-17,model,14,21,2.7279414152592274e-7,MW,6.1e-5,true
cf_vt_clarabel_socp,3-17-original,physics,14,21,2.7279414152592274e-7,MW,6.1e-5,true
cf_vt_clarabel_socp,3-19:20,model,14,21,2.72789329819334e-7,MW,6.1e-5,true
cf_vt_clarabel_socp,3-38,model,14,21,1.0957137419609353e-9,K,0.0001,true
cf_vt_clarabel_socp,3-41,model,14,21,0.0,K,0.0001,true
cf_vt_clarabel_socp,3-41,model,14,21,0.0,K,0.0001,true
cf_vt_clarabel_socp,3-24,model,14,21,0.0,kPa,0.005199261864978687,true
cf_vt_clarabel_socp,3-41,model,14,21,0.0,K,0.0001,true
cf_vt_clarabel_socp,3-41,model,14,21,0.0,K,0.0001,true
cf_vt_clarabel_socp,3-24,model,14,21,0.0,kPa,0.005199261864978687,true
cf_vt_clarabel_socp,3-24-order,model,14,21,0.0,normalized,1.0e-6,true
cf_vt_clarabel_socp,3-21,model,14,22,1.1102230246251565e-16,kg/s,2.947222222222222e-5,true
cf_vt_clarabel_socp,3-43,model,14,22,0.0,kg/s,2.947222222222222e-5,true
cf_vt_clarabel_socp,3-17,model,14,22,8.218830684358913e-7,MW,6.1e-5,true
cf_vt_clarabel_socp,3-17-original,physics,14,22,8.218830684358913e-7,MW,6.1e-5,true
cf_vt_clarabel_socp,3-19:20,model,14,22,8.218685708938356e-7,MW,6.1e-5,true
cf_vt_clarabel_socp,3-38,model,14,22,3.3011815503414255e-9,K,0.0001,true
cf_vt_clarabel_socp,3-41,model,14,22,0.0,K,0.0001,true
cf_vt_clarabel_socp,3-41,model,14,22,0.0,K,0.0001,true
cf_vt_clarabel_socp,3-24,model,14,22,0.0,kPa,0.005199261864978687,true
cf_vt_clarabel_socp,3-41,model,14,22,0.0,K,0.0001,true
cf_vt_clarabel_socp,3-41,model,14,22,0.0,K,0.0001,true
cf_vt_clarabel_socp,3-24,model,14,22,0.0,kPa,0.005199261864978687,true
cf_vt_clarabel_socp,3-24-order,model,14,22,0.0,normalized,1.0e-6,true
cf_vt_clarabel_socp,3-21,model,14,23,1.1102230246251565e-16,kg/s,2.947222222222222e-5,true
cf_vt_clarabel_socp,3-43,model,14,23,0.0,kg/s,2.947222222222222e-5,true
cf_vt_clarabel_socp,3-17,model,14,23,3.433573554367797e-7,MW,6.1e-5,true
cf_vt_clarabel_socp,3-17-original,physics,14,23,3.433573554367797e-7,MW,6.1e-5,true
cf_vt_clarabel_socp,3-19:20,model,14,23,3.4335129861506886e-7,MW,6.1e-5,true
cf_vt_clarabel_socp,3-38,model,14,23,1.379135028400924e-9,K,0.0001,true
cf_vt_clarabel_socp,3-41,model,14,23,0.0,K,0.0001,true
cf_vt_clarabel_socp,3-41,model,14,23,0.0,K,0.0001,true
cf_vt_clarabel_socp,3-24,model,14,23,0.0,kPa,0.005199261864978687,true
cf_vt_clarabel_socp,3-41,model,14,23,0.0,K,0.0001,true
cf_vt_clarabel_socp,3-41,model,14,23,0.0,K,0.0001,true
cf_vt_clarabel_socp,3-24,model,14,23,0.0,kPa,0.005199261864978687,true
cf_vt_clarabel_socp,3-24-order,model,14,23,0.0,normalized,1.0e-6,true
cf_vt_clarabel_socp,3-21,model,14,24,1.1102230246251565e-16,kg/s,2.947222222222222e-5,true
cf_vt_clarabel_socp,3-43,model,14,24,0.0,kg/s,2.947222222222222e-5,true
cf_vt_clarabel_socp,3-17,model,14,24,1.725307796629494e-8,MW,6.1e-5,true
cf_vt_clarabel_socp,3-17-original,physics,14,24,1.725307796629494e-8,MW,6.1e-5,true
cf_vt_clarabel_socp,3-19:20,model,14,24,1.7252773737430616e-8,MW,6.1e-5,true
cf_vt_clarabel_socp,3-38,model,14,24,6.929212759132497e-11,K,0.0001,true
cf_vt_clarabel_socp,3-41,model,14,24,0.0,K,0.0001,true
cf_vt_clarabel_socp,3-41,model,14,24,0.0,K,0.0001,true
cf_vt_clarabel_socp,3-24,model,14,24,0.0,kPa,0.005199261864978687,true
cf_vt_clarabel_socp,3-41,model,14,24,0.0,K,0.0001,true
cf_vt_clarabel_socp,3-41,model,14,24,0.0,K,0.0001,true
cf_vt_clarabel_socp,3-24,model,14,24,0.0,kPa,0.005199261864978687,true
cf_vt_clarabel_socp,3-24-order,model,14,24,0.0,normalized,1.0e-6,true
cf_vt_clarabel_socp,3-21,model,15,1,8.881784197001252e-16,kg/s,2.947222222222222e-5,true
cf_vt_clarabel_socp,3-43,model,15,1,0.0,kg/s,2.947222222222222e-5,true
cf_vt_clarabel_socp,3-17,model,15,1,1.2312373343092986e-13,MW,6.1e-5,true
cf_vt_clarabel_socp,3-17-original,physics,15,1,1.2312373343092986e-13,MW,6.1e-5,true
cf_vt_clarabel_socp,3-19:20,model,15,1,1.2867484855405564e-13,MW,6.1e-5,true
cf_vt_clarabel_socp,3-37,model,15,1,0.0,K,0.0001,true
cf_vt_clarabel_socp,3-41,model,15,1,0.0,K,0.0001,true
cf_vt_clarabel_socp,3-41,model,15,1,0.0,K,0.0001,true
cf_vt_clarabel_socp,3-24,model,15,1,0.0,kPa,0.005199261864978687,true
cf_vt_clarabel_socp,3-41,model,15,1,0.0,K,0.0001,true
cf_vt_clarabel_socp,3-41,model,15,1,0.0,K,0.0001,true
cf_vt_clarabel_socp,3-24,model,15,1,0.0,kPa,0.005199261864978687,true
cf_vt_clarabel_socp,3-24-order,model,15,1,0.0,normalized,1.0e-6,true
cf_vt_clarabel_socp,3-21,model,15,2,8.881784197001252e-16,kg/s,2.947222222222222e-5,true
cf_vt_clarabel_socp,3-43,model,15,2,0.0,kg/s,2.947222222222222e-5,true
cf_vt_clarabel_socp,3-17,model,15,2,1.2578826869003024e-13,MW,6.1e-5,true
cf_vt_clarabel_socp,3-17-original,physics,15,2,1.2578826869003024e-13,MW,6.1e-5,true
cf_vt_clarabel_socp,3-19:20,model,15,2,1.3278267374516872e-13,MW,6.1e-5,true
cf_vt_clarabel_socp,3-37,model,15,2,0.0,K,0.0001,true
cf_vt_clarabel_socp,3-41,model,15,2,0.0,K,0.0001,true
cf_vt_clarabel_socp,3-41,model,15,2,0.0,K,0.0001,true
cf_vt_clarabel_socp,3-24,model,15,2,0.0,kPa,0.005199261864978687,true
cf_vt_clarabel_socp,3-41,model,15,2,0.0,K,0.0001,true
cf_vt_clarabel_socp,3-41,model,15,2,0.0,K,0.0001,true
cf_vt_clarabel_socp,3-24,model,15,2,0.0,kPa,0.005199261864978687,true
cf_vt_clarabel_socp,3-24-order,model,15,2,0.0,normalized,1.0e-6,true
cf_vt_clarabel_socp,3-21,model,15,3,8.881784197001252e-16,kg/s,2.947222222222222e-5,true
cf_vt_clarabel_socp,3-43,model,15,3,0.0,kg/s,2.947222222222222e-5,true
cf_vt_clarabel_socp,3-17,model,15,3,1.284528039491306e-13,MW,6.1e-5,true
cf_vt_clarabel_socp,3-17-original,physics,15,3,1.284528039491306e-13,MW,6.1e-5,true
cf_vt_clarabel_socp,3-19:20,model,15,3,1.368904989362818e-13,MW,6.1e-5,true
cf_vt_clarabel_socp,3-37,model,15,3,0.0,K,0.0001,true
cf_vt_clarabel_socp,3-41,model,15,3,0.0,K,0.0001,true
cf_vt_clarabel_socp,3-41,model,15,3,0.0,K,0.0001,true
cf_vt_clarabel_socp,3-24,model,15,3,0.0,kPa,0.005199261864978687,true
cf_vt_clarabel_socp,3-41,model,15,3,0.0,K,0.0001,true
cf_vt_clarabel_socp,3-41,model,15,3,0.0,K,0.0001,true
cf_vt_clarabel_socp,3-24,model,15,3,0.0,kPa,0.005199261864978687,true
cf_vt_clarabel_socp,3-24-order,model,15,3,0.0,normalized,1.0e-6,true
cf_vt_clarabel_socp,3-21,model,15,4,8.881784197001252e-16,kg/s,2.947222222222222e-5,true
cf_vt_clarabel_socp,3-43,model,15,4,0.0,kg/s,2.947222222222222e-5,true
cf_vt_clarabel_socp,3-17,model,15,4,1.3067324999838092e-13,MW,6.1e-5,true
cf_vt_clarabel_socp,3-17-original,physics,15,4,1.3067324999838092e-13,MW,6.1e-5,true
cf_vt_clarabel_socp,3-19:20,model,15,4,1.3788969965844444e-13,MW,6.1e-5,true
cf_vt_clarabel_socp,3-37,model,15,4,0.0,K,0.0001,true
cf_vt_clarabel_socp,3-41,model,15,4,0.0,K,0.0001,true
cf_vt_clarabel_socp,3-41,model,15,4,0.0,K,0.0001,true
cf_vt_clarabel_socp,3-24,model,15,4,0.0,kPa,0.005199261864978687,true
cf_vt_clarabel_socp,3-41,model,15,4,0.0,K,0.0001,true
cf_vt_clarabel_socp,3-41,model,15,4,0.0,K,0.0001,true
cf_vt_clarabel_socp,3-24,model,15,4,0.0,kPa,0.005199261864978687,true
cf_vt_clarabel_socp,3-24-order,model,15,4,0.0,normalized,1.0e-6,true
cf_vt_clarabel_socp,3-21,model,15,5,8.881784197001252e-16,kg/s,2.947222222222222e-5,true
cf_vt_clarabel_socp,3-43,model,15,5,0.0,kg/s,2.947222222222222e-5,true
cf_vt_clarabel_socp,3-17,model,15,5,1.3078427230084344e-13,MW,6.1e-5,true
cf_vt_clarabel_socp,3-17-original,physics,15,5,1.3078427230084344e-13,MW,6.1e-5,true
cf_vt_clarabel_socp,3-19:20,model,15,5,1.3733458814613186e-13,MW,6.1e-5,true
cf_vt_clarabel_socp,3-37,model,15,5,0.0,K,0.0001,true
cf_vt_clarabel_socp,3-41,model,15,5,0.0,K,0.0001,true
cf_vt_clarabel_socp,3-41,model,15,5,0.0,K,0.0001,true
cf_vt_clarabel_socp,3-24,model,15,5,0.0,kPa,0.005199261864978687,true
cf_vt_clarabel_socp,3-41,model,15,5,0.0,K,0.0001,true
cf_vt_clarabel_socp,3-41,model,15,5,0.0,K,0.0001,true
cf_vt_clarabel_socp,3-24,model,15,5,0.0,kPa,0.005199261864978687,true
cf_vt_clarabel_socp,3-24-order,model,15,5,0.0,normalized,1.0e-6,true
cf_vt_clarabel_socp,3-21,model,15,6,8.881784197001252e-16,kg/s,2.947222222222222e-5,true
cf_vt_clarabel_socp,3-43,model,15,6,0.0,kg/s,2.947222222222222e-5,true
cf_vt_clarabel_socp,3-17,model,15,6,6.692424392440444e-13,MW,6.1e-5,true
cf_vt_clarabel_socp,3-17-original,physics,15,6,6.692424392440444e-13,MW,6.1e-5,true
cf_vt_clarabel_socp,3-19:20,model,15,6,6.767919558114954e-13,MW,6.1e-5,true
cf_vt_clarabel_socp,3-37,model,15,6,0.0,K,0.0001,true
cf_vt_clarabel_socp,3-41,model,15,6,0.0,K,0.0001,true
cf_vt_clarabel_socp,3-41,model,15,6,0.0,K,0.0001,true
cf_vt_clarabel_socp,3-24,model,15,6,0.0,kPa,0.005199261864978687,true
cf_vt_clarabel_socp,3-41,model,15,6,0.0,K,0.0001,true
cf_vt_clarabel_socp,3-41,model,15,6,0.0,K,0.0001,true
cf_vt_clarabel_socp,3-24,model,15,6,0.0,kPa,0.005199261864978687,true
cf_vt_clarabel_socp,3-24-order,model,15,6,0.0,normalized,1.0e-6,true
cf_vt_clarabel_socp,3-21,model,15,7,8.881784197001252e-16,kg/s,2.947222222222222e-5,true
cf_vt_clarabel_socp,3-43,model,15,7,0.0,kg/s,2.947222222222222e-5,true
cf_vt_clarabel_socp,3-17,model,15,7,6.795675133730583e-13,MW,6.1e-5,true
cf_vt_clarabel_socp,3-17-original,physics,15,7,6.795675133730583e-13,MW,6.1e-5,true
cf_vt_clarabel_socp,3-19:20,model,15,7,6.860068069158842e-13,MW,6.1e-5,true
cf_vt_clarabel_socp,3-37,model,15,7,0.0,K,0.0001,true
cf_vt_clarabel_socp,3-41,model,15,7,0.0,K,0.0001,true
cf_vt_clarabel_socp,3-41,model,15,7,0.0,K,0.0001,true
cf_vt_clarabel_socp,3-24,model,15,7,0.0,kPa,0.005199261864978687,true
cf_vt_clarabel_socp,3-41,model,15,7,0.0,K,0.0001,true
cf_vt_clarabel_socp,3-41,model,15,7,0.0,K,0.0001,true
cf_vt_clarabel_socp,3-24,model,15,7,0.0,kPa,0.005199261864978687,true
cf_vt_clarabel_socp,3-24-order,model,15,7,0.0,normalized,1.0e-6,true
cf_vt_clarabel_socp,3-21,model,15,8,8.881784197001252e-16,kg/s,2.947222222222222e-5,true
cf_vt_clarabel_socp,3-43,model,15,8,0.0,kg/s,2.947222222222222e-5,true
cf_vt_clarabel_socp,3-17,model,15,8,6.780132011385831e-13,MW,6.1e-5,true
cf_vt_clarabel_socp,3-17-original,physics,15,8,6.780132011385831e-13,MW,6.1e-5,true
cf_vt_clarabel_socp,3-19:20,model,15,8,6.712408406883696e-13,MW,6.1e-5,true
cf_vt_clarabel_socp,3-37,model,15,8,0.0,K,0.0001,true
cf_vt_clarabel_socp,3-41,model,15,8,0.0,K,0.0001,true
cf_vt_clarabel_socp,3-41,model,15,8,0.0,K,0.0001,true
cf_vt_clarabel_socp,3-24,model,15,8,0.0,kPa,0.005199261864978687,true
cf_vt_clarabel_socp,3-41,model,15,8,0.0,K,0.0001,true
cf_vt_clarabel_socp,3-41,model,15,8,0.0,K,0.0001,true
cf_vt_clarabel_socp,3-24,model,15,8,0.0,kPa,0.005199261864978687,true
cf_vt_clarabel_socp,3-24-order,model,15,8,0.0,normalized,1.0e-6,true
cf_vt_clarabel_socp,3-21,model,15,9,8.881784197001252e-16,kg/s,2.947222222222222e-5,true
cf_vt_clarabel_socp,3-43,model,15,9,0.0,kg/s,2.947222222222222e-5,true
cf_vt_clarabel_socp,3-17,model,15,9,2.0398127631438e-12,MW,6.1e-5,true
cf_vt_clarabel_socp,3-17-original,physics,15,9,2.0398127631438e-12,MW,6.1e-5,true
cf_vt_clarabel_socp,3-19:20,model,15,9,2.0516921495072893e-12,MW,6.1e-5,true
cf_vt_clarabel_socp,3-37,model,15,9,5.684341886080802e-14,K,0.0001,true
cf_vt_clarabel_socp,3-41,model,15,9,0.0,K,0.0001,true
cf_vt_clarabel_socp,3-41,model,15,9,0.0,K,0.0001,true
cf_vt_clarabel_socp,3-24,model,15,9,0.0,kPa,0.005199261864978687,true
cf_vt_clarabel_socp,3-41,model,15,9,0.0,K,0.0001,true
cf_vt_clarabel_socp,3-41,model,15,9,0.0,K,0.0001,true
cf_vt_clarabel_socp,3-24,model,15,9,0.0,kPa,0.005199261864978687,true
cf_vt_clarabel_socp,3-24-order,model,15,9,0.0,normalized,1.0e-6,true
cf_vt_clarabel_socp,3-21,model,15,10,8.881784197001252e-16,kg/s,2.947222222222222e-5,true
cf_vt_clarabel_socp,3-43,model,15,10,0.0,kg/s,2.947222222222222e-5,true
cf_vt_clarabel_socp,3-17,model,15,10,2.019162614885772e-12,MW,6.1e-5,true
cf_vt_clarabel_socp,3-17-original,physics,15,10,2.019162614885772e-12,MW,6.1e-5,true
cf_vt_clarabel_socp,3-19:20,model,15,10,2.0142776335774215e-12,MW,6.1e-5,true
cf_vt_clarabel_socp,3-37,model,15,10,0.0,K,0.0001,true
cf_vt_clarabel_socp,3-41,model,15,10,0.0,K,0.0001,true
cf_vt_clarabel_socp,3-41,model,15,10,0.0,K,0.0001,true
cf_vt_clarabel_socp,3-24,model,15,10,0.0,kPa,0.005199261864978687,true
cf_vt_clarabel_socp,3-41,model,15,10,0.0,K,0.0001,true
cf_vt_clarabel_socp,3-41,model,15,10,0.0,K,0.0001,true
cf_vt_clarabel_socp,3-24,model,15,10,0.0,kPa,0.005199261864978687,true
cf_vt_clarabel_socp,3-24-order,model,15,10,0.0,normalized,1.0e-6,true
cf_vt_clarabel_socp,3-21,model,15,11,8.881784197001252e-16,kg/s,2.947222222222222e-5,true
cf_vt_clarabel_socp,3-43,model,15,11,0.0,kg/s,2.947222222222222e-5,true
cf_vt_clarabel_socp,3-17,model,15,11,2.02216021705226e-12,MW,6.1e-5,true
cf_vt_clarabel_socp,3-17-original,physics,15,11,2.02216021705226e-12,MW,6.1e-5,true
cf_vt_clarabel_socp,3-19:20,model,15,11,1.944444605328499e-12,MW,6.1e-5,true
cf_vt_clarabel_socp,3-37,model,15,11,5.684341886080802e-14,K,0.0001,true
cf_vt_clarabel_socp,3-41,model,15,11,0.0,K,0.0001,true
cf_vt_clarabel_socp,3-41,model,15,11,0.0,K,0.0001,true
cf_vt_clarabel_socp,3-24,model,15,11,0.0,kPa,0.005199261864978687,true
cf_vt_clarabel_socp,3-41,model,15,11,0.0,K,0.0001,true
cf_vt_clarabel_socp,3-41,model,15,11,0.0,K,0.0001,true
cf_vt_clarabel_socp,3-24,model,15,11,0.0,kPa,0.005199261864978687,true
cf_vt_clarabel_socp,3-24-order,model,15,11,0.0,normalized,1.0e-6,true
cf_vt_clarabel_socp,3-21,model,15,12,8.881784197001252e-16,kg/s,2.947222222222222e-5,true
cf_vt_clarabel_socp,3-43,model,15,12,0.0,kg/s,2.947222222222222e-5,true
cf_vt_clarabel_socp,3-17,model,15,12,2.0018431357016198e-12,MW,6.1e-5,true
cf_vt_clarabel_socp,3-17-original,physics,15,12,2.0018431357016198e-12,MW,6.1e-5,true
cf_vt_clarabel_socp,3-19:20,model,15,12,1.9774737403110976e-12,MW,6.1e-5,true
cf_vt_clarabel_socp,3-37,model,15,12,0.0,K,0.0001,true
cf_vt_clarabel_socp,3-41,model,15,12,0.0,K,0.0001,true
cf_vt_clarabel_socp,3-41,model,15,12,0.0,K,0.0001,true
cf_vt_clarabel_socp,3-24,model,15,12,0.0,kPa,0.005199261864978687,true
cf_vt_clarabel_socp,3-41,model,15,12,0.0,K,0.0001,true
cf_vt_clarabel_socp,3-41,model,15,12,0.0,K,0.0001,true
cf_vt_clarabel_socp,3-24,model,15,12,0.0,kPa,0.005199261864978687,true
cf_vt_clarabel_socp,3-24-order,model,15,12,0.0,normalized,1.0e-6,true
cf_vt_clarabel_socp,3-21,model,15,13,8.881784197001252e-16,kg/s,2.947222222222222e-5,true
cf_vt_clarabel_socp,3-43,model,15,13,0.0,kg/s,2.947222222222222e-5,true
cf_vt_clarabel_socp,3-17,model,15,13,6.656897255652439e-13,MW,6.1e-5,true
cf_vt_clarabel_socp,3-17-original,physics,15,13,6.656897255652439e-13,MW,6.1e-5,true
cf_vt_clarabel_socp,3-19:20,model,15,13,6.716849298982197e-13,MW,6.1e-5,true
cf_vt_clarabel_socp,3-37,model,15,13,0.0,K,0.0001,true
cf_vt_clarabel_socp,3-41,model,15,13,0.0,K,0.0001,true
cf_vt_clarabel_socp,3-41,model,15,13,0.0,K,0.0001,true
cf_vt_clarabel_socp,3-24,model,15,13,0.0,kPa,0.005199261864978687,true
cf_vt_clarabel_socp,3-41,model,15,13,0.0,K,0.0001,true
cf_vt_clarabel_socp,3-41,model,15,13,0.0,K,0.0001,true
cf_vt_clarabel_socp,3-24,model,15,13,0.0,kPa,0.005199261864978687,true
cf_vt_clarabel_socp,3-24-order,model,15,13,0.0,normalized,1.0e-6,true
cf_vt_clarabel_socp,3-21,model,15,14,8.881784197001252e-16,kg/s,2.947222222222222e-5,true
cf_vt_clarabel_socp,3-43,model,15,14,0.0,kg/s,2.947222222222222e-5,true
cf_vt_clarabel_socp,3-17,model,15,14,6.626366122475247e-13,MW,6.1e-5,true
cf_vt_clarabel_socp,3-17-original,physics,15,14,6.626366122475247e-13,MW,6.1e-5,true
cf_vt_clarabel_socp,3-19:20,model,15,14,6.865619184281968e-13,MW,6.1e-5,true
cf_vt_clarabel_socp,3-37,model,15,14,5.684341886080802e-14,K,0.0001,true
cf_vt_clarabel_socp,3-41,model,15,14,0.0,K,0.0001,true
cf_vt_clarabel_socp,3-41,model,15,14,0.0,K,0.0001,true
cf_vt_clarabel_socp,3-24,model,15,14,0.0,kPa,0.005199261864978687,true
cf_vt_clarabel_socp,3-41,model,15,14,0.0,K,0.0001,true
cf_vt_clarabel_socp,3-41,model,15,14,0.0,K,0.0001,true
cf_vt_clarabel_socp,3-24,model,15,14,0.0,kPa,0.005199261864978687,true
cf_vt_clarabel_socp,3-24-order,model,15,14,0.0,normalized,1.0e-6,true
cf_vt_clarabel_socp,3-21,model,15,15,8.881784197001252e-16,kg/s,2.947222222222222e-5,true
cf_vt_clarabel_socp,3-43,model,15,15,0.0,kg/s,2.947222222222222e-5,true
cf_vt_clarabel_socp,3-17,model,15,15,6.666889262874065e-13,MW,6.1e-5,true
cf_vt_clarabel_socp,3-17-original,physics,15,15,6.666889262874065e-13,MW,6.1e-5,true
cf_vt_clarabel_socp,3-19:20,model,15,15,6.781797345922769e-13,MW,6.1e-5,true
cf_vt_clarabel_socp,3-37,model,15,15,0.0,K,0.0001,true
cf_vt_clarabel_socp,3-41,model,15,15,0.0,K,0.0001,true
cf_vt_clarabel_socp,3-41,model,15,15,0.0,K,0.0001,true
cf_vt_clarabel_socp,3-24,model,15,15,0.0,kPa,0.005199261864978687,true
cf_vt_clarabel_socp,3-41,model,15,15,0.0,K,0.0001,true
cf_vt_clarabel_socp,3-41,model,15,15,0.0,K,0.0001,true
cf_vt_clarabel_socp,3-24,model,15,15,0.0,kPa,0.005199261864978687,true
cf_vt_clarabel_socp,3-24-order,model,15,15,0.0,normalized,1.0e-6,true
cf_vt_clarabel_socp,3-21,model,15,16,8.881784197001252e-16,kg/s,2.947222222222222e-5,true
cf_vt_clarabel_socp,3-43,model,15,16,0.0,kg/s,2.947222222222222e-5,true
cf_vt_clarabel_socp,3-17,model,15,16,6.70241639966207e-13,MW,6.1e-5,true
cf_vt_clarabel_socp,3-17-original,physics,15,16,6.70241639966207e-13,MW,6.1e-5,true
cf_vt_clarabel_socp,3-19:20,model,15,16,7.009948177483238e-13,MW,6.1e-5,true
cf_vt_clarabel_socp,3-37,model,15,16,0.0,K,0.0001,true
cf_vt_clarabel_socp,3-41,model,15,16,0.0,K,0.0001,true
cf_vt_clarabel_socp,3-41,model,15,16,0.0,K,0.0001,true
cf_vt_clarabel_socp,3-24,model,15,16,0.0,kPa,0.005199261864978687,true
cf_vt_clarabel_socp,3-41,model,15,16,0.0,K,0.0001,true
cf_vt_clarabel_socp,3-41,model,15,16,0.0,K,0.0001,true
cf_vt_clarabel_socp,3-24,model,15,16,0.0,kPa,0.005199261864978687,true
cf_vt_clarabel_socp,3-24-order,model,15,16,0.0,normalized,1.0e-6,true
cf_vt_clarabel_socp,3-21,model,15,17,8.881784197001252e-16,kg/s,2.947222222222222e-5,true
cf_vt_clarabel_socp,3-43,model,15,17,0.0,kg/s,2.947222222222222e-5,true
cf_vt_clarabel_socp,3-17,model,15,17,8.776224191819892e-11,MW,6.1e-5,true
cf_vt_clarabel_socp,3-17-original,physics,15,17,8.776224191819892e-11,MW,6.1e-5,true
cf_vt_clarabel_socp,3-19:20,model,15,17,8.557171637946226e-11,MW,6.1e-5,true
cf_vt_clarabel_socp,3-37,model,15,17,3.410605131648481e-13,K,0.0001,true
cf_vt_clarabel_socp,3-41,model,15,17,0.0,K,0.0001,true
cf_vt_clarabel_socp,3-41,model,15,17,0.0,K,0.0001,true
cf_vt_clarabel_socp,3-24,model,15,17,0.0,kPa,0.005199261864978687,true
cf_vt_clarabel_socp,3-41,model,15,17,0.0,K,0.0001,true
cf_vt_clarabel_socp,3-41,model,15,17,0.0,K,0.0001,true
cf_vt_clarabel_socp,3-24,model,15,17,0.0,kPa,0.005199261864978687,true
cf_vt_clarabel_socp,3-24-order,model,15,17,0.0,normalized,1.0e-6,true
cf_vt_clarabel_socp,3-21,model,15,18,8.881784197001252e-16,kg/s,2.947222222222222e-5,true
cf_vt_clarabel_socp,3-43,model,15,18,0.0,kg/s,2.947222222222222e-5,true
cf_vt_clarabel_socp,3-17,model,15,18,3.298372686089124e-11,MW,6.1e-5,true
cf_vt_clarabel_socp,3-17-original,physics,15,18,3.298372686089124e-11,MW,6.1e-5,true
cf_vt_clarabel_socp,3-19:20,model,15,18,3.3131497545468847e-11,MW,6.1e-5,true
cf_vt_clarabel_socp,3-37,model,15,18,5.684341886080802e-14,K,0.0001,true
cf_vt_clarabel_socp,3-41,model,15,18,0.0,K,0.0001,true
cf_vt_clarabel_socp,3-41,model,15,18,0.0,K,0.0001,true
cf_vt_clarabel_socp,3-24,model,15,18,0.0,kPa,0.005199261864978687,true
cf_vt_clarabel_socp,3-41,model,15,18,0.0,K,0.0001,true
cf_vt_clarabel_socp,3-41,model,15,18,0.0,K,0.0001,true
cf_vt_clarabel_socp,3-24,model,15,18,0.0,kPa,0.005199261864978687,true
cf_vt_clarabel_socp,3-24-order,model,15,18,0.0,normalized,1.0e-6,true
cf_vt_clarabel_socp,3-21,model,15,19,8.881784197001252e-16,kg/s,2.947222222222222e-5,true
cf_vt_clarabel_socp,3-43,model,15,19,0.0,kg/s,2.947222222222222e-5,true
cf_vt_clarabel_socp,3-17,model,15,19,7.915779143274904e-11,MW,6.1e-5,true
cf_vt_clarabel_socp,3-17-original,physics,15,19,7.915779143274904e-11,MW,6.1e-5,true
cf_vt_clarabel_socp,3-19:20,model,15,19,7.85445042339461e-11,MW,6.1e-5,true
cf_vt_clarabel_socp,3-37,model,15,19,3.410605131648481e-13,K,0.0001,true
cf_vt_clarabel_socp,3-41,model,15,19,0.0,K,0.0001,true
cf_vt_clarabel_socp,3-41,model,15,19,0.0,K,0.0001,true
cf_vt_clarabel_socp,3-24,model,15,19,0.0,kPa,0.005199261864978687,true
cf_vt_clarabel_socp,3-41,model,15,19,0.0,K,0.0001,true
cf_vt_clarabel_socp,3-41,model,15,19,0.0,K,0.0001,true
cf_vt_clarabel_socp,3-24,model,15,19,0.0,kPa,0.005199261864978687,true
cf_vt_clarabel_socp,3-24-order,model,15,19,0.0,normalized,1.0e-6,true
cf_vt_clarabel_socp,3-21,model,15,20,8.881784197001252e-16,kg/s,2.947222222222222e-5,true
cf_vt_clarabel_socp,3-43,model,15,20,0.0,kg/s,2.947222222222222e-5,true
cf_vt_clarabel_socp,3-17,model,15,20,3.816769122977348e-11,MW,6.1e-5,true
cf_vt_clarabel_socp,3-17-original,physics,15,20,3.816769122977348e-11,MW,6.1e-5,true
cf_vt_clarabel_socp,3-19:20,model,15,20,3.679190285765799e-11,MW,6.1e-5,true
cf_vt_clarabel_socp,3-37,model,15,20,2.2737367544323206e-13,K,0.0001,true
cf_vt_clarabel_socp,3-41,model,15,20,0.0,K,0.0001,true
cf_vt_clarabel_socp,3-41,model,15,20,0.0,K,0.0001,true
cf_vt_clarabel_socp,3-24,model,15,20,0.0,kPa,0.005199261864978687,true
cf_vt_clarabel_socp,3-41,model,15,20,0.0,K,0.0001,true
cf_vt_clarabel_socp,3-41,model,15,20,0.0,K,0.0001,true
cf_vt_clarabel_socp,3-24,model,15,20,0.0,kPa,0.005199261864978687,true
cf_vt_clarabel_socp,3-24-order,model,15,20,0.0,normalized,1.0e-6,true
cf_vt_clarabel_socp,3-21,model,15,21,8.881784197001252e-16,kg/s,2.947222222222222e-5,true
cf_vt_clarabel_socp,3-43,model,15,21,0.0,kg/s,2.947222222222222e-5,true
cf_vt_clarabel_socp,3-17,model,15,21,1.8282597658014765e-11,MW,6.1e-5,true
cf_vt_clarabel_socp,3-17-original,physics,15,21,1.8282597658014765e-11,MW,6.1e-5,true
cf_vt_clarabel_socp,3-19:20,model,15,21,1.72805103559881e-11,MW,6.1e-5,true
cf_vt_clarabel_socp,3-37,model,15,21,5.684341886080802e-14,K,0.0001,true
cf_vt_clarabel_socp,3-41,model,15,21,0.0,K,0.0001,true
cf_vt_clarabel_socp,3-41,model,15,21,0.0,K,0.0001,true
cf_vt_clarabel_socp,3-24,model,15,21,0.0,kPa,0.005199261864978687,true
cf_vt_clarabel_socp,3-41,model,15,21,0.0,K,0.0001,true
cf_vt_clarabel_socp,3-41,model,15,21,0.0,K,0.0001,true
cf_vt_clarabel_socp,3-24,model,15,21,0.0,kPa,0.005199261864978687,true
cf_vt_clarabel_socp,3-24-order,model,15,21,0.0,normalized,1.0e-6,true
cf_vt_clarabel_socp,3-21,model,15,22,8.881784197001252e-16,kg/s,2.947222222222222e-5,true
cf_vt_clarabel_socp,3-43,model,15,22,0.0,kg/s,2.947222222222222e-5,true
cf_vt_clarabel_socp,3-17,model,15,22,7.482903185973555e-13,MW,6.1e-5,true
cf_vt_clarabel_socp,3-17-original,physics,15,22,7.482903185973555e-13,MW,6.1e-5,true
cf_vt_clarabel_socp,3-19:20,model,15,22,7.556177905598815e-13,MW,6.1e-5,true
cf_vt_clarabel_socp,3-37,model,15,22,5.684341886080802e-14,K,0.0001,true
cf_vt_clarabel_socp,3-41,model,15,22,0.0,K,0.0001,true
cf_vt_clarabel_socp,3-41,model,15,22,0.0,K,0.0001,true
cf_vt_clarabel_socp,3-24,model,15,22,0.0,kPa,0.005199261864978687,true
cf_vt_clarabel_socp,3-41,model,15,22,0.0,K,0.0001,true
cf_vt_clarabel_socp,3-41,model,15,22,0.0,K,0.0001,true
cf_vt_clarabel_socp,3-24,model,15,22,0.0,kPa,0.005199261864978687,true
cf_vt_clarabel_socp,3-24-order,model,15,22,0.0,normalized,1.0e-6,true
cf_vt_clarabel_socp,3-21,model,15,23,8.881784197001252e-16,kg/s,2.947222222222222e-5,true
cf_vt_clarabel_socp,3-43,model,15,23,0.0,kg/s,2.947222222222222e-5,true
cf_vt_clarabel_socp,3-17,model,15,23,1.635513946496303e-11,MW,6.1e-5,true
cf_vt_clarabel_socp,3-17-original,physics,15,23,1.635513946496303e-11,MW,6.1e-5,true
cf_vt_clarabel_socp,3-19:20,model,15,23,1.7386092565629951e-13,MW,6.1e-5,true
cf_vt_clarabel_socp,3-37,model,15,23,0.0,K,0.0001,true
cf_vt_clarabel_socp,3-41,model,15,23,0.0,K,0.0001,true
cf_vt_clarabel_socp,3-41,model,15,23,0.0,K,0.0001,true
cf_vt_clarabel_socp,3-24,model,15,23,0.0,kPa,0.005199261864978687,true
cf_vt_clarabel_socp,3-41,model,15,23,0.0,K,0.0001,true
cf_vt_clarabel_socp,3-41,model,15,23,0.0,K,0.0001,true
cf_vt_clarabel_socp,3-24,model,15,23,0.0,kPa,0.005199261864978687,true
cf_vt_clarabel_socp,3-24-order,model,15,23,0.0,normalized,1.0e-6,true
cf_vt_clarabel_socp,3-21,model,15,24,8.881784197001252e-16,kg/s,2.947222222222222e-5,true
cf_vt_clarabel_socp,3-43,model,15,24,0.0,kg/s,2.947222222222222e-5,true
cf_vt_clarabel_socp,3-17,model,15,24,1.0380585280245214e-13,MW,6.1e-5,true
cf_vt_clarabel_socp,3-17-original,physics,15,24,1.0380585280245214e-13,MW,6.1e-5,true
cf_vt_clarabel_socp,3-19:20,model,15,24,1.156852391659413e-13,MW,6.1e-5,true
cf_vt_clarabel_socp,3-37,model,15,24,0.0,K,0.0001,true
cf_vt_clarabel_socp,3-41,model,15,24,0.0,K,0.0001,true
cf_vt_clarabel_socp,3-41,model,15,24,0.0,K,0.0001,true
cf_vt_clarabel_socp,3-24,model,15,24,0.0,kPa,0.005199261864978687,true
cf_vt_clarabel_socp,3-41,model,15,24,0.0,K,0.0001,true
cf_vt_clarabel_socp,3-41,model,15,24,0.0,K,0.0001,true
cf_vt_clarabel_socp,3-24,model,15,24,0.0,kPa,0.005199261864978687,true
cf_vt_clarabel_socp,3-24-order,model,15,24,0.0,normalized,1.0e-6,true
cf_vt_clarabel_socp,3-21,model,16,1,4.440892098500626e-16,kg/s,2.947222222222222e-5,true
cf_vt_clarabel_socp,3-43,model,16,1,0.0,kg/s,2.947222222222222e-5,true
cf_vt_clarabel_socp,3-17,model,16,1,3.0686564400639327e-13,MW,6.1e-5,true
cf_vt_clarabel_socp,3-17-original,physics,16,1,3.0686564400639327e-13,MW,6.1e-5,true
cf_vt_clarabel_socp,3-19:20,model,16,1,3.0686564400639327e-13,MW,6.1e-5,true
cf_vt_clarabel_socp,3-38,model,16,1,0.0,K,0.0001,true
cf_vt_clarabel_socp,3-41,model,16,1,0.0,K,0.0001,true
cf_vt_clarabel_socp,3-41,model,16,1,0.0,K,0.0001,true
cf_vt_clarabel_socp,3-24,model,16,1,0.0,kPa,0.005199261864978687,true
cf_vt_clarabel_socp,3-41,model,16,1,0.0,K,0.0001,true
cf_vt_clarabel_socp,3-41,model,16,1,0.0,K,0.0001,true
