run_id,equation,scope,entity,t,residual,unit,tolerance,pass
cf_vt_gurobi_original,3-35:36,model,R6,20,0.0,K,0.0001,true
cf_vt_gurobi_original,mix-original,physics,R6,20,0.0,K,0.0001,true
cf_vt_gurobi_original,3-35:36,model,R6,21,0.0,K,0.0001,true
cf_vt_gurobi_original,mix-original,physics,R6,21,0.0,K,0.0001,true
cf_vt_gurobi_original,3-35:36,model,R6,22,0.0,K,0.0001,true
cf_vt_gurobi_original,mix-original,physics,R6,22,0.0,K,0.0001,true
cf_vt_gurobi_original,3-35:36,model,R6,23,0.0,K,0.0001,true
cf_vt_gurobi_original,mix-original,physics,R6,23,0.0,K,0.0001,true
cf_vt_gurobi_original,3-35:36,model,R6,24,0.0,K,0.0001,true
cf_vt_gurobi_original,mix-original,physics,R6,24,0.0,K,0.0001,true
cf_vt_gurobi_original,3-35:36,model,R7,1,0.0,K,0.0001,true
cf_vt_gurobi_original,mix-original,physics,R7,1,0.0,K,0.0001,true
cf_vt_gurobi_original,3-35:36,model,R7,2,0.0,K,0.0001,true
cf_vt_gurobi_original,mix-original,physics,R7,2,0.0,K,0.0001,true
cf_vt_gurobi_original,3-35:36,model,R7,3,0.0,K,0.0001,true
cf_vt_gurobi_original,mix-original,physics,R7,3,0.0,K,0.0001,true
cf_vt_gurobi_original,3-35:36,model,R7,4,0.0,K,0.0001,true
cf_vt_gurobi_original,mix-original,physics,R7,4,0.0,K,0.0001,true
cf_vt_gurobi_original,3-35:36,model,R7,5,0.0,K,0.0001,true
cf_vt_gurobi_original,mix-original,physics,R7,5,0.0,K,0.0001,true
cf_vt_gurobi_original,3-35:36,model,R7,6,1.1368683772161603e-13,K,0.0001,true
cf_vt_gurobi_original,mix-original,physics,R7,6,1.1368683772161603e-13,K,0.0001,true
cf_vt_gurobi_original,3-35:36,model,R7,7,1.1368683772161603e-13,K,0.0001,true
cf_vt_gurobi_original,mix-original,physics,R7,7,1.1368683772161603e-13,K,0.0001,true
cf_vt_gurobi_original,3-35:36,model,R7,8,5.684341886080802e-14,K,0.0001,true
cf_vt_gurobi_original,mix-original,physics,R7,8,5.684341886080802e-14,K,0.0001,true
cf_vt_gurobi_original,3-35:36,model,R7,9,5.684341886080802e-14,K,0.0001,true
cf_vt_gurobi_original,mix-original,physics,R7,9,5.684341886080802e-14,K,0.0001,true
cf_vt_gurobi_original,3-35:36,model,R7,10,1.1368683772161603e-13,K,0.0001,true
cf_vt_gurobi_original,mix-original,physics,R7,10,1.1368683772161603e-13,K,0.0001,true
cf_vt_gurobi_original,3-35:36,model,R7,11,1.1368683772161603e-13,K,0.0001,true
cf_vt_gurobi_original,mix-original,physics,R7,11,1.1368683772161603e-13,K,0.0001,true
cf_vt_gurobi_original,3-35:36,model,R7,12,2.2737367544323206e-13,K,0.0001,true
cf_vt_gurobi_original,mix-original,physics,R7,12,2.2737367544323206e-13,K,0.0001,true
cf_vt_gurobi_original,3-35:36,model,R7,13,1.7053025658242404e-13,K,0.0001,true
cf_vt_gurobi_original,mix-original,physics,R7,13,1.7053025658242404e-13,K,0.0001,true
cf_vt_gurobi_original,3-35:36,model,R7,14,5.684341886080802e-14,K,0.0001,true
cf_vt_gurobi_original,mix-original,physics,R7,14,5.684341886080802e-14,K,0.0001,true
cf_vt_gurobi_original,3-35:36,model,R7,15,0.0,K,0.0001,true
cf_vt_gurobi_original,mix-original,physics,R7,15,0.0,K,0.0001,true
cf_vt_gurobi_original,3-35:36,model,R7,16,5.684341886080802e-14,K,0.0001,true
cf_vt_gurobi_original,mix-original,physics,R7,16,5.684341886080802e-14,K,0.0001,true
cf_vt_gurobi_original,3-35:36,model,R7,17,5.684341886080802e-14,K,0.0001,true
cf_vt_gurobi_original,mix-original,physics,R7,17,5.684341886080802e-14,K,0.0001,true
cf_vt_gurobi_original,3-35:36,model,R7,18,5.684341886080802e-14,K,0.0001,true
cf_vt_gurobi_original,mix-original,physics,R7,18,5.684341886080802e-14,K,0.0001,true
cf_vt_gurobi_original,3-35:36,model,R7,19,5.684341886080802e-14,K,0.0001,true
cf_vt_gurobi_original,mix-original,physics,R7,19,5.684341886080802e-14,K,0.0001,true
cf_vt_gurobi_original,3-35:36,model,R7,20,1.7053025658242404e-13,K,0.0001,true
cf_vt_gurobi_original,mix-original,physics,R7,20,1.7053025658242404e-13,K,0.0001,true
cf_vt_gurobi_original,3-35:36,model,R7,21,1.1368683772161603e-13,K,0.0001,true
cf_vt_gurobi_original,mix-original,physics,R7,21,1.1368683772161603e-13,K,0.0001,true
cf_vt_gurobi_original,3-35:36,model,R7,22,5.684341886080802e-14,K,0.0001,true
cf_vt_gurobi_original,mix-original,physics,R7,22,5.684341886080802e-14,K,0.0001,true
cf_vt_gurobi_original,3-35:36,model,R7,23,1.1368683772161603e-13,K,0.0001,true
cf_vt_gurobi_original,mix-original,physics,R7,23,1.1368683772161603e-13,K,0.0001,true
cf_vt_gurobi_original,3-35:36,model,R7,24,0.0,K,0.0001,true
cf_vt_gurobi_original,mix-original,physics,R7,24,0.0,K,0.0001,true
cf_vt_gurobi_original,3-35:36,model,R8,1,5.684341886080802e-14,K,0.0001,true
cf_vt_gurobi_original,mix-original,physics,R8,1,5.684341886080802e-14,K,0.0001,true
cf_vt_gurobi_original,3-35:36,model,R8,2,5.684341886080802e-14,K,0.0001,true
cf_vt_gurobi_original,mix-original,physics,R8,2,5.684341886080802e-14,K,0.0001,true
cf_vt_gurobi_original,3-35:36,model,R8,3,0.0,K,0.0001,true
cf_vt_gurobi_original,mix-original,physics,R8,3,0.0,K,0.0001,true
cf_vt_gurobi_original,3-35:36,model,R8,4,0.0,K,0.0001,true
cf_vt_gurobi_original,mix-original,physics,R8,4,0.0,K,0.0001,true
cf_vt_gurobi_original,3-35:36,model,R8,5,5.684341886080802e-14,K,0.0001,true
cf_vt_gurobi_original,mix-original,physics,R8,5,5.684341886080802e-14,K,0.0001,true
cf_vt_gurobi_original,3-35:36,model,R8,6,5.684341886080802e-14,K,0.0001,true
cf_vt_gurobi_original,mix-original,physics,R8,6,5.684341886080802e-14,K,0.0001,true
cf_vt_gurobi_original,3-35:36,model,R8,7,1.1368683772161603e-13,K,0.0001,true
cf_vt_gurobi_original,mix-original,physics,R8,7,1.1368683772161603e-13,K,0.0001,true
cf_vt_gurobi_original,3-35:36,model,R8,8,0.0,K,0.0001,true
cf_vt_gurobi_original,mix-original,physics,R8,8,0.0,K,0.0001,true
cf_vt_gurobi_original,3-35:36,model,R8,9,0.0,K,0.0001,true
cf_vt_gurobi_original,mix-original,physics,R8,9,0.0,K,0.0001,true
cf_vt_gurobi_original,3-35:36,model,R8,10,5.684341886080802e-14,K,0.0001,true
cf_vt_gurobi_original,mix-original,physics,R8,10,5.684341886080802e-14,K,0.0001,true
cf_vt_gurobi_original,3-35:36,model,R8,11,5.684341886080802e-14,K,0.0001,true
cf_vt_gurobi_original,mix-original,physics,R8,11,5.684341886080802e-14,K,0.0001,true
cf_vt_gurobi_original,3-35:36,model,R8,12,5.684341886080802e-14,K,0.0001,true
cf_vt_gurobi_original,mix-original,physics,R8,12,5.684341886080802e-14,K,0.0001,true
cf_vt_gurobi_original,3-35:36,model,R8,13,1.1368683772161603e-13,K,0.0001,true
cf_vt_gurobi_original,mix-original,physics,R8,13,1.1368683772161603e-13,K,0.0001,true
cf_vt_gurobi_original,3-35:36,model,R8,14,1.7053025658242404e-13,K,0.0001,true
cf_vt_gurobi_original,mix-original,physics,R8,14,1.7053025658242404e-13,K,0.0001,true
cf_vt_gurobi_original,3-35:36,model,R8,15,5.684341886080802e-14,K,0.0001,true
cf_vt_gurobi_original,mix-original,physics,R8,15,5.684341886080802e-14,K,0.0001,true
cf_vt_gurobi_original,3-35:36,model,R8,16,5.684341886080802e-14,K,0.0001,true
cf_vt_gurobi_original,mix-original,physics,R8,16,5.684341886080802e-14,K,0.0001,true
cf_vt_gurobi_original,3-35:36,model,R8,17,5.684341886080802e-14,K,0.0001,true
cf_vt_gurobi_original,mix-original,physics,R8,17,5.684341886080802e-14,K,0.0001,true
cf_vt_gurobi_original,3-35:36,model,R8,18,0.0,K,0.0001,true
cf_vt_gurobi_original,mix-original,physics,R8,18,0.0,K,0.0001,true
cf_vt_gurobi_original,3-35:36,model,R8,19,5.684341886080802e-14,K,0.0001,true
cf_vt_gurobi_original,mix-original,physics,R8,19,5.684341886080802e-14,K,0.0001,true
cf_vt_gurobi_original,3-35:36,model,R8,20,0.0,K,0.0001,true
cf_vt_gurobi_original,mix-original,physics,R8,20,0.0,K,0.0001,true
cf_vt_gurobi_original,3-35:36,model,R8,21,5.684341886080802e-14,K,0.0001,true
cf_vt_gurobi_original,mix-original,physics,R8,21,5.684341886080802e-14,K,0.0001,true
cf_vt_gurobi_original,3-35:36,model,R8,22,1.1368683772161603e-13,K,0.0001,true
cf_vt_gurobi_original,mix-original,physics,R8,22,1.1368683772161603e-13,K,0.0001,true
cf_vt_gurobi_original,3-35:36,model,R8,23,0.0,K,0.0001,true
cf_vt_gurobi_original,mix-original,physics,R8,23,0.0,K,0.0001,true
cf_vt_gurobi_original,3-35:36,model,R8,24,5.684341886080802e-14,K,0.0001,true
cf_vt_gurobi_original,mix-original,physics,R8,24,5.684341886080802e-14,K,0.0001,true
cf_vt_gurobi_original,3-35:36,model,R9,1,1.1368683772161603e-13,K,0.0001,true
cf_vt_gurobi_original,mix-original,physics,R9,1,1.1368683772161603e-13,K,0.0001,true
cf_vt_gurobi_original,3-35:36,model,R9,2,0.0,K,0.0001,true
cf_vt_gurobi_original,mix-original,physics,R9,2,0.0,K,0.0001,true
cf_vt_gurobi_original,3-35:36,model,R9,3,1.1368683772161603e-13,K,0.0001,true
cf_vt_gurobi_original,mix-original,physics,R9,3,1.1368683772161603e-13,K,0.0001,true
cf_vt_gurobi_original,3-35:36,model,R9,4,1.1368683772161603e-13,K,0.0001,true
cf_vt_gurobi_original,mix-original,physics,R9,4,1.1368683772161603e-13,K,0.0001,true
cf_vt_gurobi_original,3-35:36,model,R9,5,1.1368683772161603e-13,K,0.0001,true
cf_vt_gurobi_original,mix-original,physics,R9,5,1.1368683772161603e-13,K,0.0001,true
cf_vt_gurobi_original,3-35:36,model,R9,6,5.684341886080802e-14,K,0.0001,true
cf_vt_gurobi_original,mix-original,physics,R9,6,5.684341886080802e-14,K,0.0001,true
cf_vt_gurobi_original,3-35:36,model,R9,7,1.1368683772161603e-13,K,0.0001,true
cf_vt_gurobi_original,mix-original,physics,R9,7,1.1368683772161603e-13,K,0.0001,true
cf_vt_gurobi_original,3-35:36,model,R9,8,0.0,K,0.0001,true
cf_vt_gurobi_original,mix-original,physics,R9,8,0.0,K,0.0001,true
cf_vt_gurobi_original,3-35:36,model,R9,9,0.0,K,0.0001,true
cf_vt_gurobi_original,mix-original,physics,R9,9,0.0,K,0.0001,true
cf_vt_gurobi_original,3-35:36,model,R9,10,1.1368683772161603e-13,K,0.0001,true
cf_vt_gurobi_original,mix-original,physics,R9,10,1.1368683772161603e-13,K,0.0001,true
cf_vt_gurobi_original,3-35:36,model,R9,11,0.0,K,0.0001,true
cf_vt_gurobi_original,mix-original,physics,R9,11,0.0,K,0.0001,true
cf_vt_gurobi_original,3-35:36,model,R9,12,0.0,K,0.0001,true
cf_vt_gurobi_original,mix-original,physics,R9,12,0.0,K,0.0001,true
cf_vt_gurobi_original,3-35:36,model,R9,13,5.684341886080802e-14,K,0.0001,true
cf_vt_gurobi_original,mix-original,physics,R9,13,5.684341886080802e-14,K,0.0001,true
cf_vt_gurobi_original,3-35:36,model,R9,14,5.684341886080802e-14,K,0.0001,true
cf_vt_gurobi_original,mix-original,physics,R9,14,5.684341886080802e-14,K,0.0001,true
cf_vt_gurobi_original,3-35:36,model,R9,15,1.1368683772161603e-13,K,0.0001,true
cf_vt_gurobi_original,mix-original,physics,R9,15,1.1368683772161603e-13,K,0.0001,true
cf_vt_gurobi_original,3-35:36,model,R9,16,5.684341886080802e-14,K,0.0001,true
cf_vt_gurobi_original,mix-original,physics,R9,16,5.684341886080802e-14,K,0.0001,true
cf_vt_gurobi_original,3-35:36,model,R9,17,5.684341886080802e-14,K,0.0001,true
cf_vt_gurobi_original,mix-original,physics,R9,17,5.684341886080802e-14,K,0.0001,true
cf_vt_gurobi_original,3-35:36,model,R9,18,5.684341886080802e-14,K,0.0001,true
cf_vt_gurobi_original,mix-original,physics,R9,18,5.684341886080802e-14,K,0.0001,true
cf_vt_gurobi_original,3-35:36,model,R9,19,0.0,K,0.0001,true
cf_vt_gurobi_original,mix-original,physics,R9,19,0.0,K,0.0001,true
cf_vt_gurobi_original,3-35:36,model,R9,20,5.684341886080802e-14,K,0.0001,true
cf_vt_gurobi_original,mix-original,physics,R9,20,5.684341886080802e-14,K,0.0001,true
cf_vt_gurobi_original,3-35:36,model,R9,21,0.0,K,0.0001,true
cf_vt_gurobi_original,mix-original,physics,R9,21,0.0,K,0.0001,true
cf_vt_gurobi_original,3-35:36,model,R9,22,5.684341886080802e-14,K,0.0001,true
cf_vt_gurobi_original,mix-original,physics,R9,22,5.684341886080802e-14,K,0.0001,true
cf_vt_gurobi_original,3-35:36,model,R9,23,0.0,K,0.0001,true
cf_vt_gurobi_original,mix-original,physics,R9,23,0.0,K,0.0001,true
cf_vt_gurobi_original,3-35:36,model,R9,24,5.684341886080802e-14,K,0.0001,true
cf_vt_gurobi_original,mix-original,physics,R9,24,5.684341886080802e-14,K,0.0001,true
cf_vt_gurobi_original,3-35:36,model,R10,1,5.684341886080802e-14,K,0.0001,true
cf_vt_gurobi_original,mix-original,physics,R10,1,5.684341886080802e-14,K,0.0001,true
cf_vt_gurobi_original,3-35:36,model,R10,2,5.684341886080802e-14,K,0.0001,true
cf_vt_gurobi_original,mix-original,physics,R10,2,5.684341886080802e-14,K,0.0001,true
cf_vt_gurobi_original,3-35:36,model,R10,3,1.1368683772161603e-13,K,0.0001,true
cf_vt_gurobi_original,mix-original,physics,R10,3,1.1368683772161603e-13,K,0.0001,true
cf_vt_gurobi_original,3-35:36,model,R10,4,5.684341886080802e-14,K,0.0001,true
cf_vt_gurobi_original,mix-original,physics,R10,4,5.684341886080802e-14,K,0.0001,true
cf_vt_gurobi_original,3-35:36,model,R10,5,1.1368683772161603e-13,K,0.0001,true
cf_vt_gurobi_original,mix-original,physics,R10,5,1.1368683772161603e-13,K,0.0001,true
cf_vt_gurobi_original,3-35:36,model,R10,6,1.1368683772161603e-13,K,0.0001,true
cf_vt_gurobi_original,mix-original,physics,R10,6,1.1368683772161603e-13,K,0.0001,true
cf_vt_gurobi_original,3-35:36,model,R10,7,5.684341886080802e-14,K,0.0001,true
cf_vt_gurobi_original,mix-original,physics,R10,7,5.684341886080802e-14,K,0.0001,true
cf_vt_gurobi_original,3-35:36,model,R10,8,2.2737367544323206e-13,K,0.0001,true
cf_vt_gurobi_original,mix-original,physics,R10,8,2.2737367544323206e-13,K,0.0001,true
cf_vt_gurobi_original,3-35:36,model,R10,9,5.684341886080802e-14,K,0.0001,true
cf_vt_gurobi_original,mix-original,physics,R10,9,5.684341886080802e-14,K,0.0001,true
cf_vt_gurobi_original,3-35:36,model,R10,10,1.7053025658242404e-13,K,0.0001,true
cf_vt_gurobi_original,mix-original,physics,R10,10,1.7053025658242404e-13,K,0.0001,true
cf_vt_gurobi_original,3-35:36,model,R10,11,5.684341886080802e-14,K,0.0001,true
cf_vt_gurobi_original,mix-original,physics,R10,11,5.684341886080802e-14,K,0.0001,true
cf_vt_gurobi_original,3-35:36,model,R10,12,1.1368683772161603e-13,K,0.0001,true
cf_vt_gurobi_original,mix-original,physics,R10,12,1.1368683772161603e-13,K,0.0001,true
cf_vt_gurobi_original,3-35:36,model,R10,13,5.684341886080802e-14,K,0.0001,true
cf_vt_gurobi_original,mix-original,physics,R10,13,5.684341886080802e-14,K,0.0001,true
cf_vt_gurobi_original,3-35:36,model,R10,14,1.1368683772161603e-13,K,0.0001,true
cf_vt_gurobi_original,mix-original,physics,R10,14,1.1368683772161603e-13,K,0.0001,true
cf_vt_gurobi_original,3-35:36,model,R10,15,1.1368683772161603e-13,K,0.0001,true
cf_vt_gurobi_original,mix-original,physics,R10,15,1.1368683772161603e-13,K,0.0001,true
cf_vt_gurobi_original,3-35:36,model,R10,16,1.7053025658242404e-13,K,0.0001,true
cf_vt_gurobi_original,mix-original,physics,R10,16,1.7053025658242404e-13,K,0.0001,true
cf_vt_gurobi_original,3-35:36,model,R10,17,0.0,K,0.0001,true
cf_vt_gurobi_original,mix-original,physics,R10,17,0.0,K,0.0001,true
cf_vt_gurobi_original,3-35:36,model,R10,18,1.1368683772161603e-13,K,0.0001,true
cf_vt_gurobi_original,mix-original,physics,R10,18,1.1368683772161603e-13,K,0.0001,true
cf_vt_gurobi_original,3-35:36,model,R10,19,1.7053025658242404e-13,K,0.0001,true
cf_vt_gurobi_original,mix-original,physics,R10,19,1.7053025658242404e-13,K,0.0001,true
cf_vt_gurobi_original,3-35:36,model,R10,20,5.684341886080802e-14,K,0.0001,true
cf_vt_gurobi_original,mix-original,physics,R10,20,5.684341886080802e-14,K,0.0001,true
cf_vt_gurobi_original,3-35:36,model,R10,21,5.684341886080802e-14,K,0.0001,true
cf_vt_gurobi_original,mix-original,physics,R10,21,5.684341886080802e-14,K,0.0001,true
cf_vt_gurobi_original,3-35:36,model,R10,22,5.684341886080802e-14,K,0.0001,true
cf_vt_gurobi_original,mix-original,physics,R10,22,5.684341886080802e-14,K,0.0001,true
cf_vt_gurobi_original,3-35:36,model,R10,23,0.0,K,0.0001,true
cf_vt_gurobi_original,mix-original,physics,R10,23,0.0,K,0.0001,true
cf_vt_gurobi_original,3-35:36,model,R10,24,0.0,K,0.0001,true
cf_vt_gurobi_original,mix-original,physics,R10,24,0.0,K,0.0001,true
cf_vt_gurobi_original,3-35:36,model,R11,1,5.684341886080802e-14,K,0.0001,true
cf_vt_gurobi_original,mix-original,physics,R11,1,5.684341886080802e-14,K,0.0001,true
cf_vt_gurobi_original,3-35:36,model,R11,2,0.0,K,0.0001,true
cf_vt_gurobi_original,mix-original,physics,R11,2,0.0,K,0.0001,true
cf_vt_gurobi_original,3-35:36,model,R11,3,1.1368683772161603e-13,K,0.0001,true
cf_vt_gurobi_original,mix-original,physics,R11,3,1.1368683772161603e-13,K,0.0001,true
cf_vt_gurobi_original,3-35:36,model,R11,4,1.1368683772161603e-13,K,0.0001,true
cf_vt_gurobi_original,mix-original,physics,R11,4,1.1368683772161603e-13,K,0.0001,true
cf_vt_gurobi_original,3-35:36,model,R11,5,5.684341886080802e-14,K,0.0001,true
cf_vt_gurobi_original,mix-original,physics,R11,5,5.684341886080802e-14,K,0.0001,true
cf_vt_gurobi_original,3-35:36,model,R11,6,1.1368683772161603e-13,K,0.0001,true
cf_vt_gurobi_original,mix-original,physics,R11,6,1.1368683772161603e-13,K,0.0001,true
cf_vt_gurobi_original,3-35:36,model,R11,7,0.0,K,0.0001,true
cf_vt_gurobi_original,mix-original,physics,R11,7,0.0,K,0.0001,true
cf_vt_gurobi_original,3-35:36,model,R11,8,1.1368683772161603e-13,K,0.0001,true
cf_vt_gurobi_original,mix-original,physics,R11,8,1.1368683772161603e-13,K,0.0001,true
cf_vt_gurobi_original,3-35:36,model,R11,9,1.7053025658242404e-13,K,0.0001,true
cf_vt_gurobi_original,mix-original,physics,R11,9,1.7053025658242404e-13,K,0.0001,true
cf_vt_gurobi_original,3-35:36,model,R11,10,0.0,K,0.0001,true
cf_vt_gurobi_original,mix-original,physics,R11,10,0.0,K,0.0001,true
cf_vt_gurobi_original,3-35:36,model,R11,11,5.684341886080802e-14,K,0.0001,true
cf_vt_gurobi_original,mix-original,physics,R11,11,5.684341886080802e-14,K,0.0001,true
cf_vt_gurobi_original,3-35:36,model,R11,12,1.7053025658242404e-13,K,0.0001,true
cf_vt_gurobi_original,mix-original,physics,R11,12,1.7053025658242404e-13,K,0.0001,true
cf_vt_gurobi_original,3-35:36,model,R11,13,5.684341886080802e-14,K,0.0001,true
cf_vt_gurobi_original,mix-original,physics,R11,13,5.684341886080802e-14,K,0.0001,true
cf_vt_gurobi_original,3-35:36,model,R11,14,0.0,K,0.0001,true
cf_vt_gurobi_original,mix-original,physics,R11,14,0.0,K,0.0001,true
cf_vt_gurobi_original,3-35:36,model,R11,15,5.684341886080802e-14,K,0.0001,true
cf_vt_gurobi_original,mix-original,physics,R11,15,5.684341886080802e-14,K,0.0001,true
cf_vt_gurobi_original,3-35:36,model,R11,16,0.0,K,0.0001,true
cf_vt_gurobi_original,mix-original,physics,R11,16,0.0,K,0.0001,true
cf_vt_gurobi_original,3-35:36,model,R11,17,5.684341886080802e-14,K,0.0001,true
cf_vt_gurobi_original,mix-original,physics,R11,17,5.684341886080802e-14,K,0.0001,true
cf_vt_gurobi_original,3-35:36,model,R11,18,1.1368683772161603e-13,K,0.0001,true
cf_vt_gurobi_original,mix-original,physics,R11,18,1.1368683772161603e-13,K,0.0001,true
cf_vt_gurobi_original,3-35:36,model,R11,19,5.684341886080802e-14,K,0.0001,true
cf_vt_gurobi_original,mix-original,physics,R11,19,5.684341886080802e-14,K,0.0001,true
cf_vt_gurobi_original,3-35:36,model,R11,20,0.0,K,0.0001,true
cf_vt_gurobi_original,mix-original,physics,R11,20,0.0,K,0.0001,true
cf_vt_gurobi_original,3-35:36,model,R11,21,5.684341886080802e-14,K,0.0001,true
cf_vt_gurobi_original,mix-original,physics,R11,21,5.684341886080802e-14,K,0.0001,true
cf_vt_gurobi_original,3-35:36,model,R11,22,0.0,K,0.0001,true
cf_vt_gurobi_original,mix-original,physics,R11,22,0.0,K,0.0001,true
cf_vt_gurobi_original,3-35:36,model,R11,23,5.684341886080802e-14,K,0.0001,true
cf_vt_gurobi_original,mix-original,physics,R11,23,5.684341886080802e-14,K,0.0001,true
cf_vt_gurobi_original,3-35:36,model,R11,24,5.684341886080802e-14,K,0.0001,true
cf_vt_gurobi_original,mix-original,physics,R11,24,5.684341886080802e-14,K,0.0001,true
cf_vt_gurobi_original,3-35:36,model,R12,1,0.0,K,0.0001,true
cf_vt_gurobi_original,mix-original,physics,R12,1,0.0,K,0.0001,true
cf_vt_gurobi_original,3-35:36,model,R12,2,0.0,K,0.0001,true
cf_vt_gurobi_original,mix-original,physics,R12,2,0.0,K,0.0001,true
cf_vt_gurobi_original,3-35:36,model,R12,3,5.684341886080802e-14,K,0.0001,true
cf_vt_gurobi_original,mix-original,physics,R12,3,5.684341886080802e-14,K,0.0001,true
cf_vt_gurobi_original,3-35:36,model,R12,4,1.7053025658242404e-13,K,0.0001,true
cf_vt_gurobi_original,mix-original,physics,R12,4,1.7053025658242404e-13,K,0.0001,true
cf_vt_gurobi_original,3-35:36,model,R12,5,5.684341886080802e-14,K,0.0001,true
cf_vt_gurobi_original,mix-original,physics,R12,5,5.684341886080802e-14,K,0.0001,true
cf_vt_gurobi_original,3-35:36,model,R12,6,0.0,K,0.0001,true
cf_vt_gurobi_original,mix-original,physics,R12,6,0.0,K,0.0001,true
cf_vt_gurobi_original,3-35:36,model,R12,7,0.0,K,0.0001,true
cf_vt_gurobi_original,mix-original,physics,R12,7,0.0,K,0.0001,true
cf_vt_gurobi_original,3-35:36,model,R12,8,0.0,K,0.0001,true
cf_vt_gurobi_original,mix-original,physics,R12,8,0.0,K,0.0001,true
cf_vt_gurobi_original,3-35:36,model,R12,9,1.1368683772161603e-13,K,0.0001,true
cf_vt_gurobi_original,mix-original,physics,R12,9,1.1368683772161603e-13,K,0.0001,true
cf_vt_gurobi_original,3-35:36,model,R12,10,5.684341886080802e-14,K,0.0001,true
cf_vt_gurobi_original,mix-original,physics,R12,10,5.684341886080802e-14,K,0.0001,true
cf_vt_gurobi_original,3-35:36,model,R12,11,0.0,K,0.0001,true
cf_vt_gurobi_original,mix-original,physics,R12,11,0.0,K,0.0001,true
cf_vt_gurobi_original,3-35:36,model,R12,12,1.7053025658242404e-13,K,0.0001,true
cf_vt_gurobi_original,mix-original,physics,R12,12,1.7053025658242404e-13,K,0.0001,true
cf_vt_gurobi_original,3-35:36,model,R12,13,1.1368683772161603e-13,K,0.0001,true
cf_vt_gurobi_original,mix-original,physics,R12,13,1.1368683772161603e-13,K,0.0001,true
cf_vt_gurobi_original,3-35:36,model,R12,14,1.1368683772161603e-13,K,0.0001,true
cf_vt_gurobi_original,mix-original,physics,R12,14,1.1368683772161603e-13,K,0.0001,true
cf_vt_gurobi_original,3-35:36,model,R12,15,0.0,K,0.0001,true
cf_vt_gurobi_original,mix-original,physics,R12,15,0.0,K,0.0001,true
cf_vt_gurobi_original,3-35:36,model,R12,16,5.684341886080802e-14,K,0.0001,true
cf_vt_gurobi_original,mix-original,physics,R12,16,5.684341886080802e-14,K,0.0001,true
cf_vt_gurobi_original,3-35:36,model,R12,17,5.684341886080802e-14,K,0.0001,true
cf_vt_gurobi_original,mix-original,physics,R12,17,5.684341886080802e-14,K,0.0001,true
cf_vt_gurobi_original,3-35:36,model,R12,18,5.684341886080802e-14,K,0.0001,true
cf_vt_gurobi_original,mix-original,physics,R12,18,5.684341886080802e-14,K,0.0001,true
cf_vt_gurobi_original,3-35:36,model,R12,19,0.0,K,0.0001,true
cf_vt_gurobi_original,mix-original,physics,R12,19,0.0,K,0.0001,true
cf_vt_gurobi_original,3-35:36,model,R12,20,5.684341886080802e-14,K,0.0001,true
cf_vt_gurobi_original,mix-original,physics,R12,20,5.684341886080802e-14,K,0.0001,true
cf_vt_gurobi_original,3-35:36,model,R12,21,5.684341886080802e-14,K,0.0001,true
cf_vt_gurobi_original,mix-original,physics,R12,21,5.684341886080802e-14,K,0.0001,true
cf_vt_gurobi_original,3-35:36,model,R12,22,5.684341886080802e-14,K,0.0001,true
cf_vt_gurobi_original,mix-original,physics,R12,22,5.684341886080802e-14,K,0.0001,true
cf_vt_gurobi_original,3-35:36,model,R12,23,0.0,K,0.0001,true
cf_vt_gurobi_original,mix-original,physics,R12,23,0.0,K,0.0001,true
cf_vt_gurobi_original,3-35:36,model,R12,24,0.0,K,0.0001,true
cf_vt_gurobi_original,mix-original,physics,R12,24,0.0,K,0.0001,true
cf_vt_gurobi_original,3-35:36,model,R13,1,5.684341886080802e-14,K,0.0001,true
cf_vt_gurobi_original,mix-original,physics,R13,1,5.684341886080802e-14,K,0.0001,true
cf_vt_gurobi_original,3-35:36,model,R13,2,0.0,K,0.0001,true
cf_vt_gurobi_original,mix-original,physics,R13,2,0.0,K,0.0001,true
cf_vt_gurobi_original,3-35:36,model,R13,3,0.0,K,0.0001,true
cf_vt_gurobi_original,mix-original,physics,R13,3,0.0,K,0.0001,true
cf_vt_gurobi_original,3-35:36,model,R13,4,1.7053025658242404e-13,K,0.0001,true
cf_vt_gurobi_original,mix-original,physics,R13,4,1.7053025658242404e-13,K,0.0001,true
cf_vt_gurobi_original,3-35:36,model,R13,5,5.684341886080802e-14,K,0.0001,true
cf_vt_gurobi_original,mix-original,physics,R13,5,5.684341886080802e-14,K,0.0001,true
cf_vt_gurobi_original,3-35:36,model,R13,6,5.684341886080802e-14,K,0.0001,true
cf_vt_gurobi_original,mix-original,physics,R13,6,5.684341886080802e-14,K,0.0001,true
cf_vt_gurobi_original,3-35:36,model,R13,7,0.0,K,0.0001,true
cf_vt_gurobi_original,mix-original,physics,R13,7,0.0,K,0.0001,true
cf_vt_gurobi_original,3-35:36,model,R13,8,0.0,K,0.0001,true
cf_vt_gurobi_original,mix-original,physics,R13,8,0.0,K,0.0001,true
cf_vt_gurobi_original,3-35:36,model,R13,9,1.1368683772161603e-13,K,0.0001,true
cf_vt_gurobi_original,mix-original,physics,R13,9,1.1368683772161603e-13,K,0.0001,true
cf_vt_gurobi_original,3-35:36,model,R13,10,5.684341886080802e-14,K,0.0001,true
cf_vt_gurobi_original,mix-original,physics,R13,10,5.684341886080802e-14,K,0.0001,true
cf_vt_gurobi_original,3-35:36,model,R13,11,5.684341886080802e-14,K,0.0001,true
cf_vt_gurobi_original,mix-original,physics,R13,11,5.684341886080802e-14,K,0.0001,true
cf_vt_gurobi_original,3-35:36,model,R13,12,5.684341886080802e-14,K,0.0001,true
cf_vt_gurobi_original,mix-original,physics,R13,12,5.684341886080802e-14,K,0.0001,true
cf_vt_gurobi_original,3-35:36,model,R13,13,5.684341886080802e-14,K,0.0001,true
cf_vt_gurobi_original,mix-original,physics,R13,13,5.684341886080802e-14,K,0.0001,true
cf_vt_gurobi_original,3-35:36,model,R13,14,5.684341886080802e-14,K,0.0001,true
cf_vt_gurobi_original,mix-original,physics,R13,14,5.684341886080802e-14,K,0.0001,true
cf_vt_gurobi_original,3-35:36,model,R13,15,1.7053025658242404e-13,K,0.0001,true
cf_vt_gurobi_original,mix-original,physics,R13,15,1.7053025658242404e-13,K,0.0001,true
cf_vt_gurobi_original,3-35:36,model,R13,16,5.684341886080802e-14,K,0.0001,true
cf_vt_gurobi_original,mix-original,physics,R13,16,5.684341886080802e-14,K,0.0001,true
cf_vt_gurobi_original,3-35:36,model,R13,17,5.684341886080802e-14,K,0.0001,true
cf_vt_gurobi_original,mix-original,physics,R13,17,5.684341886080802e-14,K,0.0001,true
cf_vt_gurobi_original,3-35:36,model,R13,18,0.0,K,0.0001,true
cf_vt_gurobi_original,mix-original,physics,R13,18,0.0,K,0.0001,true
cf_vt_gurobi_original,3-35:36,model,R13,19,0.0,K,0.0001,true
cf_vt_gurobi_original,mix-original,physics,R13,19,0.0,K,0.0001,true
cf_vt_gurobi_original,3-35:36,model,R13,20,5.684341886080802e-14,K,0.0001,true
cf_vt_gurobi_original,mix-original,physics,R13,20,5.684341886080802e-14,K,0.0001,true
cf_vt_gurobi_original,3-35:36,model,R13,21,0.0,K,0.0001,true
cf_vt_gurobi_original,mix-original,physics,R13,21,0.0,K,0.0001,true
cf_vt_gurobi_original,3-35:36,model,R13,22,5.684341886080802e-14,K,0.0001,true
cf_vt_gurobi_original,mix-original,physics,R13,22,5.684341886080802e-14,K,0.0001,true
cf_vt_gurobi_original,3-35:36,model,R13,23,5.684341886080802e-14,K,0.0001,true
cf_vt_gurobi_original,mix-original,physics,R13,23,5.684341886080802e-14,K,0.0001,true
cf_vt_gurobi_original,3-35:36,model,R13,24,5.684341886080802e-14,K,0.0001,true
cf_vt_gurobi_original,mix-original,physics,R13,24,5.684341886080802e-14,K,0.0001,true
cf_vt_gurobi_original,3-35:36,model,R14,1,0.0,K,0.0001,true
cf_vt_gurobi_original,mix-original,physics,R14,1,0.0,K,0.0001,true
cf_vt_gurobi_original,3-35:36,model,R14,2,0.0,K,0.0001,true
cf_vt_gurobi_original,mix-original,physics,R14,2,0.0,K,0.0001,true
cf_vt_gurobi_original,3-35:36,model,R14,3,0.0,K,0.0001,true
cf_vt_gurobi_original,mix-original,physics,R14,3,0.0,K,0.0001,true
cf_vt_gurobi_original,3-35:36,model,R14,4,0.0,K,0.0001,true
cf_vt_gurobi_original,mix-original,physics,R14,4,0.0,K,0.0001,true
cf_vt_gurobi_original,3-35:36,model,R14,5,0.0,K,0.0001,true
cf_vt_gurobi_original,mix-original,physics,R14,5,0.0,K,0.0001,true
cf_vt_gurobi_original,3-35:36,model,R14,6,0.0,K,0.0001,true
cf_vt_gurobi_original,mix-original,physics,R14,6,0.0,K,0.0001,true
cf_vt_gurobi_original,3-35:36,model,R14,7,0.0,K,0.0001,true
cf_vt_gurobi_original,mix-original,physics,R14,7,0.0,K,0.0001,true
cf_vt_gurobi_original,3-35:36,model,R14,8,0.0,K,0.0001,true
cf_vt_gurobi_original,mix-original,physics,R14,8,0.0,K,0.0001,true
cf_vt_gurobi_original,3-35:36,model,R14,9,0.0,K,0.0001,true
cf_vt_gurobi_original,mix-original,physics,R14,9,0.0,K,0.0001,true
cf_vt_gurobi_original,3-35:36,model,R14,10,0.0,K,0.0001,true
cf_vt_gurobi_original,mix-original,physics,R14,10,0.0,K,0.0001,true
cf_vt_gurobi_original,3-35:36,model,R14,11,0.0,K,0.0001,true
cf_vt_gurobi_original,mix-original,physics,R14,11,0.0,K,0.0001,true
cf_vt_gurobi_original,3-35:36,model,R14,12,0.0,K,0.0001,true
cf_vt_gurobi_original,mix-original,physics,R14,12,0.0,K,0.0001,true
cf_vt_gurobi_original,3-35:36,model,R14,13,0.0,K,0.0001,true
cf_vt_gurobi_original,mix-original,physics,R14,13,0.0,K,0.0001,true
cf_vt_gurobi_original,3-35:36,model,R14,14,0.0,K,0.0001,true
cf_vt_gurobi_original,mix-original,physics,R14,14,0.0,K,0.0001,true
cf_vt_gurobi_original,3-35:36,model,R14,15,0.0,K,0.0001,true
cf_vt_gurobi_original,mix-original,physics,R14,15,0.0,K,0.0001,true
cf_vt_gurobi_original,3-35:36,model,R14,16,0.0,K,0.0001,true
cf_vt_gurobi_original,mix-original,physics,R14,16,0.0,K,0.0001,true
cf_vt_gurobi_original,3-35:36,model,R14,17,5.684341886080802e-14,K,0.0001,true
cf_vt_gurobi_original,mix-original,physics,R14,17,5.684341886080802e-14,K,0.0001,true
cf_vt_gurobi_original,3-35:36,model,R14,18,0.0,K,0.0001,true
cf_vt_gurobi_original,mix-original,physics,R14,18,0.0,K,0.0001,true
cf_vt_gurobi_original,3-35:36,model,R14,19,0.0,K,0.0001,true
cf_vt_gurobi_original,mix-original,physics,R14,19,0.0,K,0.0001,true
cf_vt_gurobi_original,3-35:36,model,R14,20,0.0,K,0.0001,true
cf_vt_gurobi_original,mix-original,physics,R14,20,0.0,K,0.0001,true
cf_vt_gurobi_original,3-35:36,model,R14,21,0.0,K,0.0001,true
cf_vt_gurobi_original,mix-original,physics,R14,21,0.0,K,0.0001,true
cf_vt_gurobi_original,3-35:36,model,R14,22,0.0,K,0.0001,true
cf_vt_gurobi_original,mix-original,physics,R14,22,0.0,K,0.0001,true
cf_vt_gurobi_original,3-35:36,model,R14,23,0.0,K,0.0001,true
cf_vt_gurobi_original,mix-original,physics,R14,23,0.0,K,0.0001,true
cf_vt_gurobi_original,3-35:36,model,R14,24,0.0,K,0.0001,true
cf_vt_gurobi_original,mix-original,physics,R14,24,0.0,K,0.0001,true
cf_vt_gurobi_original,3-35:36,model,R15,1,0.0,K,0.0001,true
cf_vt_gurobi_original,mix-original,physics,R15,1,0.0,K,0.0001,true
cf_vt_gurobi_original,3-35:36,model,R15,2,1.1368683772161603e-13,K,0.0001,true
cf_vt_gurobi_original,mix-original,physics,R15,2,1.1368683772161603e-13,K,0.0001,true
cf_vt_gurobi_original,3-35:36,model,R15,3,0.0,K,0.0001,true
cf_vt_gurobi_original,mix-original,physics,R15,3,0.0,K,0.0001,true
cf_vt_gurobi_original,3-35:36,model,R15,4,5.684341886080802e-14,K,0.0001,true
cf_vt_gurobi_original,mix-original,physics,R15,4,5.684341886080802e-14,K,0.0001,true
cf_vt_gurobi_original,3-35:36,model,R15,5,5.684341886080802e-14,K,0.0001,true
cf_vt_gurobi_original,mix-original,physics,R15,5,5.684341886080802e-14,K,0.0001,true
cf_vt_gurobi_original,3-35:36,model,R15,6,5.684341886080802e-14,K,0.0001,true
cf_vt_gurobi_original,mix-original,physics,R15,6,5.684341886080802e-14,K,0.0001,true
cf_vt_gurobi_original,3-35:36,model,R15,7,0.0,K,0.0001,true
cf_vt_gurobi_original,mix-original,physics,R15,7,0.0,K,0.0001,true
cf_vt_gurobi_original,3-35:36,model,R15,8,5.684341886080802e-14,K,0.0001,true
cf_vt_gurobi_original,mix-original,physics,R15,8,5.684341886080802e-14,K,0.0001,true
cf_vt_gurobi_original,3-35:36,model,R15,9,0.0,K,0.0001,true
cf_vt_gurobi_original,mix-original,physics,R15,9,0.0,K,0.0001,true
cf_vt_gurobi_original,3-35:36,model,R15,10,0.0,K,0.0001,true
cf_vt_gurobi_original,mix-original,physics,R15,10,0.0,K,0.0001,true
cf_vt_gurobi_original,3-35:36,model,R15,11,5.684341886080802e-14,K,0.0001,true
cf_vt_gurobi_original,mix-original,physics,R15,11,5.684341886080802e-14,K,0.0001,true
cf_vt_gurobi_original,3-35:36,model,R15,12,1.1368683772161603e-13,K,0.0001,true
cf_vt_gurobi_original,mix-original,physics,R15,12,1.1368683772161603e-13,K,0.0001,true
cf_vt_gurobi_original,3-35:36,model,R15,13,5.684341886080802e-14,K,0.0001,true
cf_vt_gurobi_original,mix-original,physics,R15,13,5.684341886080802e-14,K,0.0001,true
cf_vt_gurobi_original,3-35:36,model,R15,14,5.684341886080802e-14,K,0.0001,true
cf_vt_gurobi_original,mix-original,physics,R15,14,5.684341886080802e-14,K,0.0001,true
cf_vt_gurobi_original,3-35:36,model,R15,15,0.0,K,0.0001,true
cf_vt_gurobi_original,mix-original,physics,R15,15,0.0,K,0.0001,true
cf_vt_gurobi_original,3-35:36,model,R15,16,1.1368683772161603e-13,K,0.0001,true
cf_vt_gurobi_original,mix-original,physics,R15,16,1.1368683772161603e-13,K,0.0001,true
cf_vt_gurobi_original,3-35:36,model,R15,17,5.684341886080802e-14,K,0.0001,true
cf_vt_gurobi_original,mix-original,physics,R15,17,5.684341886080802e-14,K,0.0001,true
cf_vt_gurobi_original,3-35:36,model,R15,18,5.684341886080802e-14,K,0.0001,true
cf_vt_gurobi_original,mix-original,physics,R15,18,5.684341886080802e-14,K,0.0001,true
cf_vt_gurobi_original,3-35:36,model,R15,19,0.0,K,0.0001,true
cf_vt_gurobi_original,mix-original,physics,R15,19,0.0,K,0.0001,true
cf_vt_gurobi_original,3-35:36,model,R15,20,5.684341886080802e-14,K,0.0001,true
cf_vt_gurobi_original,mix-original,physics,R15,20,5.684341886080802e-14,K,0.0001,true
cf_vt_gurobi_original,3-35:36,model,R15,21,5.684341886080802e-14,K,0.0001,true
cf_vt_gurobi_original,mix-original,physics,R15,21,5.684341886080802e-14,K,0.0001,true
cf_vt_gurobi_original,3-35:36,model,R15,22,5.684341886080802e-14,K,0.0001,true
cf_vt_gurobi_original,mix-original,physics,R15,22,5.684341886080802e-14,K,0.0001,true
cf_vt_gurobi_original,3-35:36,model,R15,23,0.0,K,0.0001,true
cf_vt_gurobi_original,mix-original,physics,R15,23,0.0,K,0.0001,true
cf_vt_gurobi_original,3-35:36,model,R15,24,0.0,K,0.0001,true
cf_vt_gurobi_original,mix-original,physics,R15,24,0.0,K,0.0001,true
cf_vt_gurobi_original,3-35:36,model,R16,1,0.0,K,0.0001,true
cf_vt_gurobi_original,mix-original,physics,R16,1,0.0,K,0.0001,true
cf_vt_gurobi_original,3-35:36,model,R16,2,5.684341886080802e-14,K,0.0001,true
cf_vt_gurobi_original,mix-original,physics,R16,2,5.684341886080802e-14,K,0.0001,true
cf_vt_gurobi_original,3-35:36,model,R16,3,5.684341886080802e-14,K,0.0001,true
cf_vt_gurobi_original,mix-original,physics,R16,3,5.684341886080802e-14,K,0.0001,true
cf_vt_gurobi_original,3-35:36,model,R16,4,5.684341886080802e-14,K,0.0001,true
cf_vt_gurobi_original,mix-original,physics,R16,4,5.684341886080802e-14,K,0.0001,true
cf_vt_gurobi_original,3-35:36,model,R16,5,0.0,K,0.0001,true
cf_vt_gurobi_original,mix-original,physics,R16,5,0.0,K,0.0001,true
cf_vt_gurobi_original,3-35:36,model,R16,6,0.0,K,0.0001,true
cf_vt_gurobi_original,mix-original,physics,R16,6,0.0,K,0.0001,true
cf_vt_gurobi_original,3-35:36,model,R16,7,5.684341886080802e-14,K,0.0001,true
cf_vt_gurobi_original,mix-original,physics,R16,7,5.684341886080802e-14,K,0.0001,true
cf_vt_gurobi_original,3-35:36,model,R16,8,1.7053025658242404e-13,K,0.0001,true
cf_vt_gurobi_original,mix-original,physics,R16,8,1.7053025658242404e-13,K,0.0001,true
cf_vt_gurobi_original,3-35:36,model,R16,9,5.684341886080802e-14,K,0.0001,true
cf_vt_gurobi_original,mix-original,physics,R16,9,5.684341886080802e-14,K,0.0001,true
cf_vt_gurobi_original,3-35:36,model,R16,10,5.684341886080802e-14,K,0.0001,true
cf_vt_gurobi_original,mix-original,physics,R16,10,5.684341886080802e-14,K,0.0001,true
cf_vt_gurobi_original,3-35:36,model,R16,11,1.1368683772161603e-13,K,0.0001,true
cf_vt_gurobi_original,mix-original,physics,R16,11,1.1368683772161603e-13,K,0.0001,true
cf_vt_gurobi_original,3-35:36,model,R16,12,1.1368683772161603e-13,K,0.0001,true
cf_vt_gurobi_original,mix-original,physics,R16,12,1.1368683772161603e-13,K,0.0001,true
cf_vt_gurobi_original,3-35:36,model,R16,13,5.684341886080802e-14,K,0.0001,true
cf_vt_gurobi_original,mix-original,physics,R16,13,5.684341886080802e-14,K,0.0001,true
cf_vt_gurobi_original,3-35:36,model,R16,14,1.1368683772161603e-13,K,0.0001,true
cf_vt_gurobi_original,mix-original,physics,R16,14,1.1368683772161603e-13,K,0.0001,true
cf_vt_gurobi_original,3-35:36,model,R16,15,1.7053025658242404e-13,K,0.0001,true
cf_vt_gurobi_original,mix-original,physics,R16,15,1.7053025658242404e-13,K,0.0001,true
cf_vt_gurobi_original,3-35:36,model,R16,16,0.0,K,0.0001,true
cf_vt_gurobi_original,mix-original,physics,R16,16,0.0,K,0.0001,true
cf_vt_gurobi_original,3-35:36,model,R16,17,1.1368683772161603e-13,K,0.0001,true
cf_vt_gurobi_original,mix-original,physics,R16,17,1.1368683772161603e-13,K,0.0001,true
cf_vt_gurobi_original,3-35:36,model,R16,18,0.0,K,0.0001,true
cf_vt_gurobi_original,mix-original,physics,R16,18,0.0,K,0.0001,true
cf_vt_gurobi_original,3-35:36,model,R16,19,0.0,K,0.0001,true
cf_vt_gurobi_original,mix-original,physics,R16,19,0.0,K,0.0001,true
cf_vt_gurobi_original,3-35:36,model,R16,20,5.684341886080802e-14,K,0.0001,true
cf_vt_gurobi_original,mix-original,physics,R16,20,5.684341886080802e-14,K,0.0001,true
cf_vt_gurobi_original,3-35:36,model,R16,21,5.684341886080802e-14,K,0.0001,true
cf_vt_gurobi_original,mix-original,physics,R16,21,5.684341886080802e-14,K,0.0001,true
cf_vt_gurobi_original,3-35:36,model,R16,22,0.0,K,0.0001,true
cf_vt_gurobi_original,mix-original,physics,R16,22,0.0,K,0.0001,true
cf_vt_gurobi_original,3-35:36,model,R16,23,5.684341886080802e-14,K,0.0001,true
cf_vt_gurobi_original,mix-original,physics,R16,23,5.684341886080802e-14,K,0.0001,true
cf_vt_gurobi_original,3-35:36,model,R16,24,5.684341886080802e-14,K,0.0001,true
cf_vt_gurobi_original,mix-original,physics,R16,24,5.684341886080802e-14,K,0.0001,true
cf_vt_gurobi_original,3-35:36,model,R17,1,0.0,K,0.0001,true
cf_vt_gurobi_original,mix-original,physics,R17,1,0.0,K,0.0001,true
cf_vt_gurobi_original,3-35:36,model,R17,2,5.684341886080802e-14,K,0.0001,true
cf_vt_gurobi_original,mix-original,physics,R17,2,5.684341886080802e-14,K,0.0001,true
cf_vt_gurobi_original,3-35:36,model,R17,3,1.1368683772161603e-13,K,0.0001,true
cf_vt_gurobi_original,mix-original,physics,R17,3,1.1368683772161603e-13,K,0.0001,true
cf_vt_gurobi_original,3-35:36,model,R17,4,5.684341886080802e-14,K,0.0001,true
cf_vt_gurobi_original,mix-original,physics,R17,4,5.684341886080802e-14,K,0.0001,true
cf_vt_gurobi_original,3-35:36,model,R17,5,1.1368683772161603e-13,K,0.0001,true
cf_vt_gurobi_original,mix-original,physics,R17,5,1.1368683772161603e-13,K,0.0001,true
cf_vt_gurobi_original,3-35:36,model,R17,6,5.684341886080802e-14,K,0.0001,true
cf_vt_gurobi_original,mix-original,physics,R17,6,5.684341886080802e-14,K,0.0001,true
cf_vt_gurobi_original,3-35:36,model,R17,7,1.1368683772161603e-13,K,0.0001,true
cf_vt_gurobi_original,mix-original,physics,R17,7,1.1368683772161603e-13,K,0.0001,true
cf_vt_gurobi_original,3-35:36,model,R17,8,5.684341886080802e-14,K,0.0001,true
cf_vt_gurobi_original,mix-original,physics,R17,8,5.684341886080802e-14,K,0.0001,true
cf_vt_gurobi_original,3-35:36,model,R17,9,5.684341886080802e-14,K,0.0001,true
cf_vt_gurobi_original,mix-original,physics,R17,9,5.684341886080802e-14,K,0.0001,true
cf_vt_gurobi_original,3-35:36,model,R17,10,0.0,K,0.0001,true
cf_vt_gurobi_original,mix-original,physics,R17,10,0.0,K,0.0001,true
cf_vt_gurobi_original,3-35:36,model,R17,11,5.684341886080802e-14,K,0.0001,true
cf_vt_gurobi_original,mix-original,physics,R17,11,5.684341886080802e-14,K,0.0001,true
cf_vt_gurobi_original,3-35:36,model,R17,12,1.7053025658242404e-13,K,0.0001,true
cf_vt_gurobi_original,mix-original,physics,R17,12,1.7053025658242404e-13,K,0.0001,true
cf_vt_gurobi_original,3-35:36,model,R17,13,5.684341886080802e-14,K,0.0001,true
cf_vt_gurobi_original,mix-original,physics,R17,13,5.684341886080802e-14,K,0.0001,true
cf_vt_gurobi_original,3-35:36,model,R17,14,0.0,K,0.0001,true
cf_vt_gurobi_original,mix-original,physics,R17,14,0.0,K,0.0001,true
cf_vt_gurobi_original,3-35:36,model,R17,15,5.684341886080802e-14,K,0.0001,true
cf_vt_gurobi_original,mix-original,physics,R17,15,5.684341886080802e-14,K,0.0001,true
cf_vt_gurobi_original,3-35:36,model,R17,16,0.0,K,0.0001,true
cf_vt_gurobi_original,mix-original,physics,R17,16,0.0,K,0.0001,true
cf_vt_gurobi_original,3-35:36,model,R17,17,5.684341886080802e-14,K,0.0001,true
cf_vt_gurobi_original,mix-original,physics,R17,17,5.684341886080802e-14,K,0.0001,true
cf_vt_gurobi_original,3-35:36,model,R17,18,5.684341886080802e-14,K,0.0001,true
cf_vt_gurobi_original,mix-original,physics,R17,18,5.684341886080802e-14,K,0.0001,true
cf_vt_gurobi_original,3-35:36,model,R17,19,0.0,K,0.0001,true
cf_vt_gurobi_original,mix-original,physics,R17,19,0.0,K,0.0001,true
cf_vt_gurobi_original,3-35:36,model,R17,20,5.684341886080802e-14,K,0.0001,true
cf_vt_gurobi_original,mix-original,physics,R17,20,5.684341886080802e-14,K,0.0001,true
cf_vt_gurobi_original,3-35:36,model,R17,21,0.0,K,0.0001,true
cf_vt_gurobi_original,mix-original,physics,R17,21,0.0,K,0.0001,true
cf_vt_gurobi_original,3-35:36,model,R17,22,0.0,K,0.0001,true
cf_vt_gurobi_original,mix-original,physics,R17,22,0.0,K,0.0001,true
cf_vt_gurobi_original,3-35:36,model,R17,23,5.684341886080802e-14,K,0.0001,true
cf_vt_gurobi_original,mix-original,physics,R17,23,5.684341886080802e-14,K,0.0001,true
cf_vt_gurobi_original,3-35:36,model,R17,24,0.0,K,0.0001,true
cf_vt_gurobi_original,mix-original,physics,R17,24,0.0,K,0.0001,true
cf_vt_gurobi_original,3-35:36,model,R18,1,5.684341886080802e-14,K,0.0001,true
cf_vt_gurobi_original,mix-original,physics,R18,1,5.684341886080802e-14,K,0.0001,true
cf_vt_gurobi_original,3-35:36,model,R18,2,5.684341886080802e-14,K,0.0001,true
cf_vt_gurobi_original,mix-original,physics,R18,2,5.684341886080802e-14,K,0.0001,true
cf_vt_gurobi_original,3-35:36,model,R18,3,5.684341886080802e-14,K,0.0001,true
cf_vt_gurobi_original,mix-original,physics,R18,3,5.684341886080802e-14,K,0.0001,true
cf_vt_gurobi_original,3-35:36,model,R18,4,0.0,K,0.0001,true
cf_vt_gurobi_original,mix-original,physics,R18,4,0.0,K,0.0001,true
cf_vt_gurobi_original,3-35:36,model,R18,5,1.1368683772161603e-13,K,0.0001,true
cf_vt_gurobi_original,mix-original,physics,R18,5,1.1368683772161603e-13,K,0.0001,true
cf_vt_gurobi_original,3-35:36,model,R18,6,5.684341886080802e-14,K,0.0001,true
cf_vt_gurobi_original,mix-original,physics,R18,6,5.684341886080802e-14,K,0.0001,true
cf_vt_gurobi_original,3-35:36,model,R18,7,5.684341886080802e-14,K,0.0001,true
cf_vt_gurobi_original,mix-original,physics,R18,7,5.684341886080802e-14,K,0.0001,true
cf_vt_gurobi_original,3-35:36,model,R18,8,0.0,K,0.0001,true
cf_vt_gurobi_original,mix-original,physics,R18,8,0.0,K,0.0001,true
cf_vt_gurobi_original,3-35:36,model,R18,9,1.7053025658242404e-13,K,0.0001,true
cf_vt_gurobi_original,mix-original,physics,R18,9,1.7053025658242404e-13,K,0.0001,true
cf_vt_gurobi_original,3-35:36,model,R18,10,1.7053025658242404e-13,K,0.0001,true
cf_vt_gurobi_original,mix-original,physics,R18,10,1.7053025658242404e-13,K,0.0001,true
cf_vt_gurobi_original,3-35:36,model,R18,11,5.684341886080802e-14,K,0.0001,true
cf_vt_gurobi_original,mix-original,physics,R18,11,5.684341886080802e-14,K,0.0001,true
cf_vt_gurobi_original,3-35:36,model,R18,12,1.1368683772161603e-13,K,0.0001,true
cf_vt_gurobi_original,mix-original,physics,R18,12,1.1368683772161603e-13,K,0.0001,true
cf_vt_gurobi_original,3-35:36,model,R18,13,5.684341886080802e-14,K,0.0001,true
cf_vt_gurobi_original,mix-original,physics,R18,13,5.684341886080802e-14,K,0.0001,true
cf_vt_gurobi_original,3-35:36,model,R18,14,5.684341886080802e-14,K,0.0001,true
cf_vt_gurobi_original,mix-original,physics,R18,14,5.684341886080802e-14,K,0.0001,true
cf_vt_gurobi_original,3-35:36,model,R18,15,1.7053025658242404e-13,K,0.0001,true
cf_vt_gurobi_original,mix-original,physics,R18,15,1.7053025658242404e-13,K,0.0001,true
cf_vt_gurobi_original,3-35:36,model,R18,16,1.1368683772161603e-13,K,0.0001,true
cf_vt_gurobi_original,mix-original,physics,R18,16,1.1368683772161603e-13,K,0.0001,true
cf_vt_gurobi_original,3-35:36,model,R18,17,5.684341886080802e-14,K,0.0001,true
cf_vt_gurobi_original,mix-original,physics,R18,17,5.684341886080802e-14,K,0.0001,true
cf_vt_gurobi_original,3-35:36,model,R18,18,0.0,K,0.0001,true
cf_vt_gurobi_original,mix-original,physics,R18,18,0.0,K,0.0001,true
cf_vt_gurobi_original,3-35:36,model,R18,19,1.1368683772161603e-13,K,0.0001,true
cf_vt_gurobi_original,mix-original,physics,R18,19,1.1368683772161603e-13,K,0.0001,true
cf_vt_gurobi_original,3-35:36,model,R18,20,5.684341886080802e-14,K,0.0001,true
cf_vt_gurobi_original,mix-original,physics,R18,20,5.684341886080802e-14,K,0.0001,true
cf_vt_gurobi_original,3-35:36,model,R18,21,0.0,K,0.0001,true
cf_vt_gurobi_original,mix-original,physics,R18,21,0.0,K,0.0001,true
cf_vt_gurobi_original,3-35:36,model,R18,22,0.0,K,0.0001,true
cf_vt_gurobi_original,mix-original,physics,R18,22,0.0,K,0.0001,true
cf_vt_gurobi_original,3-35:36,model,R18,23,0.0,K,0.0001,true
cf_vt_gurobi_original,mix-original,physics,R18,23,0.0,K,0.0001,true
cf_vt_gurobi_original,3-35:36,model,R18,24,5.684341886080802e-14,K,0.0001,true
cf_vt_gurobi_original,mix-original,physics,R18,24,5.684341886080802e-14,K,0.0001,true
cf_vt_gurobi_original,3-35:36,model,R19,1,5.684341886080802e-14,K,0.0001,true
cf_vt_gurobi_original,mix-original,physics,R19,1,5.684341886080802e-14,K,0.0001,true
cf_vt_gurobi_original,3-35:36,model,R19,2,5.684341886080802e-14,K,0.0001,true
cf_vt_gurobi_original,mix-original,physics,R19,2,5.684341886080802e-14,K,0.0001,true
cf_vt_gurobi_original,3-35:36,model,R19,3,5.684341886080802e-14,K,0.0001,true
cf_vt_gurobi_original,mix-original,physics,R19,3,5.684341886080802e-14,K,0.0001,true
cf_vt_gurobi_original,3-35:36,model,R19,4,0.0,K,0.0001,true
cf_vt_gurobi_original,mix-original,physics,R19,4,0.0,K,0.0001,true
cf_vt_gurobi_original,3-35:36,model,R19,5,0.0,K,0.0001,true
cf_vt_gurobi_original,mix-original,physics,R19,5,0.0,K,0.0001,true
cf_vt_gurobi_original,3-35:36,model,R19,6,5.684341886080802e-14,K,0.0001,true
cf_vt_gurobi_original,mix-original,physics,R19,6,5.684341886080802e-14,K,0.0001,true
cf_vt_gurobi_original,3-35:36,model,R19,7,5.684341886080802e-14,K,0.0001,true
cf_vt_gurobi_original,mix-original,physics,R19,7,5.684341886080802e-14,K,0.0001,true
cf_vt_gurobi_original,3-35:36,model,R19,8,5.684341886080802e-14,K,0.0001,true
cf_vt_gurobi_original,mix-original,physics,R19,8,5.684341886080802e-14,K,0.0001,true
cf_vt_gurobi_original,3-35:36,model,R19,9,0.0,K,0.0001,true
cf_vt_gurobi_original,mix-original,physics,R19,9,0.0,K,0.0001,true
cf_vt_gurobi_original,3-35:36,model,R19,10,5.684341886080802e-14,K,0.0001,true
cf_vt_gurobi_original,mix-original,physics,R19,10,5.684341886080802e-14,K,0.0001,true
cf_vt_gurobi_original,3-35:36,model,R19,11,0.0,K,0.0001,true
cf_vt_gurobi_original,mix-original,physics,R19,11,0.0,K,0.0001,true
cf_vt_gurobi_original,3-35:36,model,R19,12,1.1368683772161603e-13,K,0.0001,true
cf_vt_gurobi_original,mix-original,physics,R19,12,1.1368683772161603e-13,K,0.0001,true
cf_vt_gurobi_original,3-35:36,model,R19,13,5.684341886080802e-14,K,0.0001,true
cf_vt_gurobi_original,mix-original,physics,R19,13,5.684341886080802e-14,K,0.0001,true
cf_vt_gurobi_original,3-35:36,model,R19,14,5.684341886080802e-14,K,0.0001,true
cf_vt_gurobi_original,mix-original,physics,R19,14,5.684341886080802e-14,K,0.0001,true
cf_vt_gurobi_original,3-35:36,model,R19,15,5.684341886080802e-14,K,0.0001,true
cf_vt_gurobi_original,mix-original,physics,R19,15,5.684341886080802e-14,K,0.0001,true
cf_vt_gurobi_original,3-35:36,model,R19,16,5.684341886080802e-14,K,0.0001,true
cf_vt_gurobi_original,mix-original,physics,R19,16,5.684341886080802e-14,K,0.0001,true
cf_vt_gurobi_original,3-35:36,model,R19,17,5.684341886080802e-14,K,0.0001,true
cf_vt_gurobi_original,mix-original,physics,R19,17,5.684341886080802e-14,K,0.0001,true
cf_vt_gurobi_original,3-35:36,model,R19,18,5.684341886080802e-14,K,0.0001,true
cf_vt_gurobi_original,mix-original,physics,R19,18,5.684341886080802e-14,K,0.0001,true
cf_vt_gurobi_original,3-35:36,model,R19,19,5.684341886080802e-14,K,0.0001,true
cf_vt_gurobi_original,mix-original,physics,R19,19,5.684341886080802e-14,K,0.0001,true
cf_vt_gurobi_original,3-35:36,model,R19,20,0.0,K,0.0001,true
cf_vt_gurobi_original,mix-original,physics,R19,20,0.0,K,0.0001,true
cf_vt_gurobi_original,3-35:36,model,R19,21,0.0,K,0.0001,true
cf_vt_gurobi_original,mix-original,physics,R19,21,0.0,K,0.0001,true
cf_vt_gurobi_original,3-35:36,model,R19,22,0.0,K,0.0001,true
cf_vt_gurobi_original,mix-original,physics,R19,22,0.0,K,0.0001,true
cf_vt_gurobi_original,3-35:36,model,R19,23,0.0,K,0.0001,true
cf_vt_gurobi_original,mix-original,physics,R19,23,0.0,K,0.0001,true
cf_vt_gurobi_original,3-35:36,model,R19,24,5.684341886080802e-14,K,0.0001,true
cf_vt_gurobi_original,mix-original,physics,R19,24,5.684341886080802e-14,K,0.0001,true
cf_vt_gurobi_original,3-35:36,model,R20,1,0.0,K,0.0001,true
cf_vt_gurobi_original,mix-original,physics,R20,1,0.0,K,0.0001,true
cf_vt_gurobi_original,3-35:36,model,R20,2,0.0,K,0.0001,true
cf_vt_gurobi_original,mix-original,physics,R20,2,0.0,K,0.0001,true
cf_vt_gurobi_original,3-35:36,model,R20,3,0.0,K,0.0001,true
cf_vt_gurobi_original,mix-original,physics,R20,3,0.0,K,0.0001,true
cf_vt_gurobi_original,3-35:36,model,R20,4,0.0,K,0.0001,true
cf_vt_gurobi_original,mix-original,physics,R20,4,0.0,K,0.0001,true
cf_vt_gurobi_original,3-35:36,model,R20,5,0.0,K,0.0001,true
cf_vt_gurobi_original,mix-original,physics,R20,5,0.0,K,0.0001,true
cf_vt_gurobi_original,3-35:36,model,R20,6,0.0,K,0.0001,true
cf_vt_gurobi_original,mix-original,physics,R20,6,0.0,K,0.0001,true
cf_vt_gurobi_original,3-35:36,model,R20,7,0.0,K,0.0001,true
cf_vt_gurobi_original,mix-original,physics,R20,7,0.0,K,0.0001,true
cf_vt_gurobi_original,3-35:36,model,R20,8,0.0,K,0.0001,true
cf_vt_gurobi_original,mix-original,physics,R20,8,0.0,K,0.0001,true
cf_vt_gurobi_original,3-35:36,model,R20,9,0.0,K,0.0001,true
cf_vt_gurobi_original,mix-original,physics,R20,9,0.0,K,0.0001,true
cf_vt_gurobi_original,3-35:36,model,R20,10,0.0,K,0.0001,true
cf_vt_gurobi_original,mix-original,physics,R20,10,0.0,K,0.0001,true
cf_vt_gurobi_original,3-35:36,model,R20,11,5.684341886080802e-14,K,0.0001,true
cf_vt_gurobi_original,mix-original,physics,R20,11,5.684341886080802e-14,K,0.0001,true
cf_vt_gurobi_original,3-35:36,model,R20,12,0.0,K,0.0001,true
cf_vt_gurobi_original,mix-original,physics,R20,12,0.0,K,0.0001,true
cf_vt_gurobi_original,3-35:36,model,R20,13,0.0,K,0.0001,true
cf_vt_gurobi_original,mix-original,physics,R20,13,0.0,K,0.0001,true
cf_vt_gurobi_original,3-35:36,model,R20,14,0.0,K,0.0001,true
cf_vt_gurobi_original,mix-original,physics,R20,14,0.0,K,0.0001,true
cf_vt_gurobi_original,3-35:36,model,R20,15,0.0,K,0.0001,true
cf_vt_gurobi_original,mix-original,physics,R20,15,0.0,K,0.0001,true
cf_vt_gurobi_original,3-35:36,model,R20,16,0.0,K,0.0001,true
cf_vt_gurobi_original,mix-original,physics,R20,16,0.0,K,0.0001,true
cf_vt_gurobi_original,3-35:36,model,R20,17,0.0,K,0.0001,true
cf_vt_gurobi_original,mix-original,physics,R20,17,0.0,K,0.0001,true
cf_vt_gurobi_original,3-35:36,model,R20,18,0.0,K,0.0001,true
cf_vt_gurobi_original,mix-original,physics,R20,18,0.0,K,0.0001,true
cf_vt_gurobi_original,3-35:36,model,R20,19,0.0,K,0.0001,true
cf_vt_gurobi_original,mix-original,physics,R20,19,0.0,K,0.0001,true
cf_vt_gurobi_original,3-35:36,model,R20,20,0.0,K,0.0001,true
cf_vt_gurobi_original,mix-original,physics,R20,20,0.0,K,0.0001,true
cf_vt_gurobi_original,3-35:36,model,R20,21,0.0,K,0.0001,true
cf_vt_gurobi_original,mix-original,physics,R20,21,0.0,K,0.0001,true
cf_vt_gurobi_original,3-35:36,model,R20,22,5.684341886080802e-14,K,0.0001,true
cf_vt_gurobi_original,mix-original,physics,R20,22,5.684341886080802e-14,K,0.0001,true
cf_vt_gurobi_original,3-35:36,model,R20,23,0.0,K,0.0001,true
cf_vt_gurobi_original,mix-original,physics,R20,23,0.0,K,0.0001,true
cf_vt_gurobi_original,3-35:36,model,R20,24,0.0,K,0.0001,true
cf_vt_gurobi_original,mix-original,physics,R20,24,0.0,K,0.0001,true
cf_vt_gurobi_original,3-35:36,model,R21,1,0.0,K,0.0001,true
cf_vt_gurobi_original,mix-original,physics,R21,1,0.0,K,0.0001,true
cf_vt_gurobi_original,3-35:36,model,R21,2,1.1368683772161603e-13,K,0.0001,true
cf_vt_gurobi_original,mix-original,physics,R21,2,1.1368683772161603e-13,K,0.0001,true
cf_vt_gurobi_original,3-35:36,model,R21,3,0.0,K,0.0001,true
cf_vt_gurobi_original,mix-original,physics,R21,3,0.0,K,0.0001,true
cf_vt_gurobi_original,3-35:36,model,R21,4,5.684341886080802e-14,K,0.0001,true
cf_vt_gurobi_original,mix-original,physics,R21,4,5.684341886080802e-14,K,0.0001,true
cf_vt_gurobi_original,3-35:36,model,R21,5,0.0,K,0.0001,true
cf_vt_gurobi_original,mix-original,physics,R21,5,0.0,K,0.0001,true
cf_vt_gurobi_original,3-35:36,model,R21,6,5.684341886080802e-14,K,0.0001,true
cf_vt_gurobi_original,mix-original,physics,R21,6,5.684341886080802e-14,K,0.0001,true
cf_vt_gurobi_original,3-35:36,model,R21,7,1.1368683772161603e-13,K,0.0001,true
cf_vt_gurobi_original,mix-original,physics,R21,7,1.1368683772161603e-13,K,0.0001,true
cf_vt_gurobi_original,3-35:36,model,R21,8,1.1368683772161603e-13,K,0.0001,true
cf_vt_gurobi_original,mix-original,physics,R21,8,1.1368683772161603e-13,K,0.0001,true
cf_vt_gurobi_original,3-35:36,model,R21,9,5.684341886080802e-14,K,0.0001,true
cf_vt_gurobi_original,mix-original,physics,R21,9,5.684341886080802e-14,K,0.0001,true
cf_vt_gurobi_original,3-35:36,model,R21,10,0.0,K,0.0001,true
cf_vt_gurobi_original,mix-original,physics,R21,10,0.0,K,0.0001,true
cf_vt_gurobi_original,3-35:36,model,R21,11,1.1368683772161603e-13,K,0.0001,true
cf_vt_gurobi_original,mix-original,physics,R21,11,1.1368683772161603e-13,K,0.0001,true
cf_vt_gurobi_original,3-35:36,model,R21,12,0.0,K,0.0001,true
cf_vt_gurobi_original,mix-original,physics,R21,12,0.0,K,0.0001,true
cf_vt_gurobi_original,3-35:36,model,R21,13,5.684341886080802e-14,K,0.0001,true
cf_vt_gurobi_original,mix-original,physics,R21,13,5.684341886080802e-14,K,0.0001,true
cf_vt_gurobi_original,3-35:36,model,R21,14,5.684341886080802e-14,K,0.0001,true
cf_vt_gurobi_original,mix-original,physics,R21,14,5.684341886080802e-14,K,0.0001,true
cf_vt_gurobi_original,3-35:36,model,R21,15,0.0,K,0.0001,true
cf_vt_gurobi_original,mix-original,physics,R21,15,0.0,K,0.0001,true
cf_vt_gurobi_original,3-35:36,model,R21,16,5.684341886080802e-14,K,0.0001,true
cf_vt_gurobi_original,mix-original,physics,R21,16,5.684341886080802e-14,K,0.0001,true
cf_vt_gurobi_original,3-35:36,model,R21,17,5.684341886080802e-14,K,0.0001,true
cf_vt_gurobi_original,mix-original,physics,R21,17,5.684341886080802e-14,K,0.0001,true
cf_vt_gurobi_original,3-35:36,model,R21,18,5.684341886080802e-14,K,0.0001,true
cf_vt_gurobi_original,mix-original,physics,R21,18,5.684341886080802e-14,K,0.0001,true
cf_vt_gurobi_original,3-35:36,model,R21,19,5.684341886080802e-14,K,0.0001,true
cf_vt_gurobi_original,mix-original,physics,R21,19,5.684341886080802e-14,K,0.0001,true
cf_vt_gurobi_original,3-35:36,model,R21,20,5.684341886080802e-14,K,0.0001,true
cf_vt_gurobi_original,mix-original,physics,R21,20,5.684341886080802e-14,K,0.0001,true
cf_vt_gurobi_original,3-35:36,model,R21,21,5.684341886080802e-14,K,0.0001,true
cf_vt_gurobi_original,mix-original,physics,R21,21,5.684341886080802e-14,K,0.0001,true
cf_vt_gurobi_original,3-35:36,model,R21,22,0.0,K,0.0001,true
cf_vt_gurobi_original,mix-original,physics,R21,22,0.0,K,0.0001,true
cf_vt_gurobi_original,3-35:36,model,R21,23,0.0,K,0.0001,true
cf_vt_gurobi_original,mix-original,physics,R21,23,0.0,K,0.0001,true
cf_vt_gurobi_original,3-35:36,model,R21,24,5.684341886080802e-14,K,0.0001,true
cf_vt_gurobi_original,mix-original,physics,R21,24,5.684341886080802e-14,K,0.0001,true
cf_vt_gurobi_original,3-35:36,model,R22,1,5.684341886080802e-14,K,0.0001,true
cf_vt_gurobi_original,mix-original,physics,R22,1,5.684341886080802e-14,K,0.0001,true
cf_vt_gurobi_original,3-35:36,model,R22,2,0.0,K,0.0001,true
cf_vt_gurobi_original,mix-original,physics,R22,2,0.0,K,0.0001,true
cf_vt_gurobi_original,3-35:36,model,R22,3,0.0,K,0.0001,true
cf_vt_gurobi_original,mix-original,physics,R22,3,0.0,K,0.0001,true
cf_vt_gurobi_original,3-35:36,model,R22,4,0.0,K,0.0001,true
cf_vt_gurobi_original,mix-original,physics,R22,4,0.0,K,0.0001,true
cf_vt_gurobi_original,3-35:36,model,R22,5,0.0,K,0.0001,true
cf_vt_gurobi_original,mix-original,physics,R22,5,0.0,K,0.0001,true
cf_vt_gurobi_original,3-35:36,model,R22,6,0.0,K,0.0001,true
cf_vt_gurobi_original,mix-original,physics,R22,6,0.0,K,0.0001,true
cf_vt_gurobi_original,3-35:36,model,R22,7,0.0,K,0.0001,true
cf_vt_gurobi_original,mix-original,physics,R22,7,0.0,K,0.0001,true
cf_vt_gurobi_original,3-35:36,model,R22,8,0.0,K,0.0001,true
cf_vt_gurobi_original,mix-original,physics,R22,8,0.0,K,0.0001,true
cf_vt_gurobi_original,3-35:36,model,R22,9,0.0,K,0.0001,true
cf_vt_gurobi_original,mix-original,physics,R22,9,0.0,K,0.0001,true
cf_vt_gurobi_original,3-35:36,model,R22,10,0.0,K,0.0001,true
cf_vt_gurobi_original,mix-original,physics,R22,10,0.0,K,0.0001,true
cf_vt_gurobi_original,3-35:36,model,R22,11,0.0,K,0.0001,true
cf_vt_gurobi_original,mix-original,physics,R22,11,0.0,K,0.0001,true
cf_vt_gurobi_original,3-35:36,model,R22,12,0.0,K,0.0001,true
cf_vt_gurobi_original,mix-original,physics,R22,12,0.0,K,0.0001,true
cf_vt_gurobi_original,3-35:36,model,R22,13,0.0,K,0.0001,true
cf_vt_gurobi_original,mix-original,physics,R22,13,0.0,K,0.0001,true
cf_vt_gurobi_original,3-35:36,model,R22,14,0.0,K,0.0001,true
cf_vt_gurobi_original,mix-original,physics,R22,14,0.0,K,0.0001,true
cf_vt_gurobi_original,3-35:36,model,R22,15,0.0,K,0.0001,true
cf_vt_gurobi_original,mix-original,physics,R22,15,0.0,K,0.0001,true
cf_vt_gurobi_original,3-35:36,model,R22,16,0.0,K,0.0001,true
cf_vt_gurobi_original,mix-original,physics,R22,16,0.0,K,0.0001,true
cf_vt_gurobi_original,3-35:36,model,R22,17,0.0,K,0.0001,true
cf_vt_gurobi_original,mix-original,physics,R22,17,0.0,K,0.0001,true
cf_vt_gurobi_original,3-35:36,model,R22,18,0.0,K,0.0001,true
cf_vt_gurobi_original,mix-original,physics,R22,18,0.0,K,0.0001,true
cf_vt_gurobi_original,3-35:36,model,R22,19,0.0,K,0.0001,true
cf_vt_gurobi_original,mix-original,physics,R22,19,0.0,K,0.0001,true
cf_vt_gurobi_original,3-35:36,model,R22,20,0.0,K,0.0001,true
cf_vt_gurobi_original,mix-original,physics,R22,20,0.0,K,0.0001,true
cf_vt_gurobi_original,3-35:36,model,R22,21,0.0,K,0.0001,true
cf_vt_gurobi_original,mix-original,physics,R22,21,0.0,K,0.0001,true
cf_vt_gurobi_original,3-35:36,model,R22,22,0.0,K,0.0001,true
cf_vt_gurobi_original,mix-original,physics,R22,22,0.0,K,0.0001,true
cf_vt_gurobi_original,3-35:36,model,R22,23,5.684341886080802e-14,K,0.0001,true
cf_vt_gurobi_original,mix-original,physics,R22,23,5.684341886080802e-14,K,0.0001,true
cf_vt_gurobi_original,3-35:36,model,R22,24,5.684341886080802e-14,K,0.0001,true
cf_vt_gurobi_original,mix-original,physics,R22,24,5.684341886080802e-14,K,0.0001,true
cf_vt_gurobi_original,3-35:36,model,R23,1,0.0,K,0.0001,true
cf_vt_gurobi_original,mix-original,physics,R23,1,0.0,K,0.0001,true
cf_vt_gurobi_original,3-35:36,model,R23,2,0.0,K,0.0001,true
cf_vt_gurobi_original,mix-original,physics,R23,2,0.0,K,0.0001,true
cf_vt_gurobi_original,3-35:36,model,R23,3,0.0,K,0.0001,true
cf_vt_gurobi_original,mix-original,physics,R23,3,0.0,K,0.0001,true
cf_vt_gurobi_original,3-35:36,model,R23,4,0.0,K,0.0001,true
cf_vt_gurobi_original,mix-original,physics,R23,4,0.0,K,0.0001,true
cf_vt_gurobi_original,3-35:36,model,R23,5,0.0,K,0.0001,true
cf_vt_gurobi_original,mix-original,physics,R23,5,0.0,K,0.0001,true
cf_vt_gurobi_original,3-35:36,model,R23,6,0.0,K,0.0001,true
cf_vt_gurobi_original,mix-original,physics,R23,6,0.0,K,0.0001,true
cf_vt_gurobi_original,3-35:36,model,R23,7,0.0,K,0.0001,true
cf_vt_gurobi_original,mix-original,physics,R23,7,0.0,K,0.0001,true
cf_vt_gurobi_original,3-35:36,model,R23,8,0.0,K,0.0001,true
cf_vt_gurobi_original,mix-original,physics,R23,8,0.0,K,0.0001,true
cf_vt_gurobi_original,3-35:36,model,R23,9,0.0,K,0.0001,true
cf_vt_gurobi_original,mix-original,physics,R23,9,0.0,K,0.0001,true
cf_vt_gurobi_original,3-35:36,model,R23,10,0.0,K,0.0001,true
cf_vt_gurobi_original,mix-original,physics,R23,10,0.0,K,0.0001,true
cf_vt_gurobi_original,3-35:36,model,R23,11,0.0,K,0.0001,true
cf_vt_gurobi_original,mix-original,physics,R23,11,0.0,K,0.0001,true
cf_vt_gurobi_original,3-35:36,model,R23,12,0.0,K,0.0001,true
cf_vt_gurobi_original,mix-original,physics,R23,12,0.0,K,0.0001,true
cf_vt_gurobi_original,3-35:36,model,R23,13,0.0,K,0.0001,true
cf_vt_gurobi_original,mix-original,physics,R23,13,0.0,K,0.0001,true
cf_vt_gurobi_original,3-35:36,model,R23,14,0.0,K,0.0001,true
cf_vt_gurobi_original,mix-original,physics,R23,14,0.0,K,0.0001,true
cf_vt_gurobi_original,3-35:36,model,R23,15,0.0,K,0.0001,true
cf_vt_gurobi_original,mix-original,physics,R23,15,0.0,K,0.0001,true
cf_vt_gurobi_original,3-35:36,model,R23,16,0.0,K,0.0001,true
cf_vt_gurobi_original,mix-original,physics,R23,16,0.0,K,0.0001,true
cf_vt_gurobi_original,3-35:36,model,R23,17,0.0,K,0.0001,true
cf_vt_gurobi_original,mix-original,physics,R23,17,0.0,K,0.0001,true
cf_vt_gurobi_original,3-35:36,model,R23,18,0.0,K,0.0001,true
cf_vt_gurobi_original,mix-original,physics,R23,18,0.0,K,0.0001,true
cf_vt_gurobi_original,3-35:36,model,R23,19,0.0,K,0.0001,true
cf_vt_gurobi_original,mix-original,physics,R23,19,0.0,K,0.0001,true
cf_vt_gurobi_original,3-35:36,model,R23,20,0.0,K,0.0001,true
cf_vt_gurobi_original,mix-original,physics,R23,20,0.0,K,0.0001,true
cf_vt_gurobi_original,3-35:36,model,R23,21,0.0,K,0.0001,true
cf_vt_gurobi_original,mix-original,physics,R23,21,0.0,K,0.0001,true
cf_vt_gurobi_original,3-35:36,model,R23,22,0.0,K,0.0001,true
cf_vt_gurobi_original,mix-original,physics,R23,22,0.0,K,0.0001,true
cf_vt_gurobi_original,3-35:36,model,R23,23,0.0,K,0.0001,true
cf_vt_gurobi_original,mix-original,physics,R23,23,0.0,K,0.0001,true
cf_vt_gurobi_original,3-35:36,model,R23,24,0.0,K,0.0001,true
cf_vt_gurobi_original,mix-original,physics,R23,24,0.0,K,0.0001,true
cf_vt_gurobi_original,3-35:36,model,R24,1,0.0,K,0.0001,true
cf_vt_gurobi_original,mix-original,physics,R24,1,0.0,K,0.0001,true
cf_vt_gurobi_original,3-35:36,model,R24,2,1.1368683772161603e-13,K,0.0001,true
cf_vt_gurobi_original,mix-original,physics,R24,2,1.1368683772161603e-13,K,0.0001,true
cf_vt_gurobi_original,3-35:36,model,R24,3,5.684341886080802e-14,K,0.0001,true
cf_vt_gurobi_original,mix-original,physics,R24,3,5.684341886080802e-14,K,0.0001,true
cf_vt_gurobi_original,3-35:36,model,R24,4,5.684341886080802e-14,K,0.0001,true
cf_vt_gurobi_original,mix-original,physics,R24,4,5.684341886080802e-14,K,0.0001,true
cf_vt_gurobi_original,3-35:36,model,R24,5,0.0,K,0.0001,true
cf_vt_gurobi_original,mix-original,physics,R24,5,0.0,K,0.0001,true
cf_vt_gurobi_original,3-35:36,model,R24,6,5.684341886080802e-14,K,0.0001,true
cf_vt_gurobi_original,mix-original,physics,R24,6,5.684341886080802e-14,K,0.0001,true
cf_vt_gurobi_original,3-35:36,model,R24,7,5.684341886080802e-14,K,0.0001,true
cf_vt_gurobi_original,mix-original,physics,R24,7,5.684341886080802e-14,K,0.0001,true
cf_vt_gurobi_original,3-35:36,model,R24,8,5.684341886080802e-14,K,0.0001,true
cf_vt_gurobi_original,mix-original,physics,R24,8,5.684341886080802e-14,K,0.0001,true
cf_vt_gurobi_original,3-35:36,model,R24,9,0.0,K,0.0001,true
cf_vt_gurobi_original,mix-original,physics,R24,9,0.0,K,0.0001,true
cf_vt_gurobi_original,3-35:36,model,R24,10,5.684341886080802e-14,K,0.0001,true
cf_vt_gurobi_original,mix-original,physics,R24,10,5.684341886080802e-14,K,0.0001,true
cf_vt_gurobi_original,3-35:36,model,R24,11,5.684341886080802e-14,K,0.0001,true
cf_vt_gurobi_original,mix-original,physics,R24,11,5.684341886080802e-14,K,0.0001,true
cf_vt_gurobi_original,3-35:36,model,R24,12,5.684341886080802e-14,K,0.0001,true
cf_vt_gurobi_original,mix-original,physics,R24,12,5.684341886080802e-14,K,0.0001,true
cf_vt_gurobi_original,3-35:36,model,R24,13,0.0,K,0.0001,true
cf_vt_gurobi_original,mix-original,physics,R24,13,0.0,K,0.0001,true
cf_vt_gurobi_original,3-35:36,model,R24,14,1.1368683772161603e-13,K,0.0001,true
cf_vt_gurobi_original,mix-original,physics,R24,14,1.1368683772161603e-13,K,0.0001,true
cf_vt_gurobi_original,3-35:36,model,R24,15,5.684341886080802e-14,K,0.0001,true
cf_vt_gurobi_original,mix-original,physics,R24,15,5.684341886080802e-14,K,0.0001,true
cf_vt_gurobi_original,3-35:36,model,R24,16,5.684341886080802e-14,K,0.0001,true
cf_vt_gurobi_original,mix-original,physics,R24,16,5.684341886080802e-14,K,0.0001,true
cf_vt_gurobi_original,3-35:36,model,R24,17,5.684341886080802e-14,K,0.0001,true
cf_vt_gurobi_original,mix-original,physics,R24,17,5.684341886080802e-14,K,0.0001,true
cf_vt_gurobi_original,3-35:36,model,R24,18,5.684341886080802e-14,K,0.0001,true
cf_vt_gurobi_original,mix-original,physics,R24,18,5.684341886080802e-14,K,0.0001,true
cf_vt_gurobi_original,3-35:36,model,R24,19,5.684341886080802e-14,K,0.0001,true
cf_vt_gurobi_original,mix-original,physics,R24,19,5.684341886080802e-14,K,0.0001,true
cf_vt_gurobi_original,3-35:36,model,R24,20,5.684341886080802e-14,K,0.0001,true
cf_vt_gurobi_original,mix-original,physics,R24,20,5.684341886080802e-14,K,0.0001,true
cf_vt_gurobi_original,3-35:36,model,R24,21,5.684341886080802e-14,K,0.0001,true
cf_vt_gurobi_original,mix-original,physics,R24,21,5.684341886080802e-14,K,0.0001,true
cf_vt_gurobi_original,3-35:36,model,R24,22,5.684341886080802e-14,K,0.0001,true
cf_vt_gurobi_original,mix-original,physics,R24,22,5.684341886080802e-14,K,0.0001,true
cf_vt_gurobi_original,3-35:36,model,R24,23,5.684341886080802e-14,K,0.0001,true
cf_vt_gurobi_original,mix-original,physics,R24,23,5.684341886080802e-14,K,0.0001,true
cf_vt_gurobi_original,3-35:36,model,R24,24,1.1368683772161603e-13,K,0.0001,true
cf_vt_gurobi_original,mix-original,physics,R24,24,1.1368683772161603e-13,K,0.0001,true
cf_vt_gurobi_original,3-35:36,model,R25,1,0.0,K,0.0001,true
cf_vt_gurobi_original,mix-original,physics,R25,1,0.0,K,0.0001,true
cf_vt_gurobi_original,3-35:36,model,R25,2,5.684341886080802e-14,K,0.0001,true
cf_vt_gurobi_original,mix-original,physics,R25,2,5.684341886080802e-14,K,0.0001,true
cf_vt_gurobi_original,3-35:36,model,R25,3,0.0,K,0.0001,true
cf_vt_gurobi_original,mix-original,physics,R25,3,0.0,K,0.0001,true
cf_vt_gurobi_original,3-35:36,model,R25,4,5.684341886080802e-14,K,0.0001,true
cf_vt_gurobi_original,mix-original,physics,R25,4,5.684341886080802e-14,K,0.0001,true
cf_vt_gurobi_original,3-35:36,model,R25,5,1.7053025658242404e-13,K,0.0001,true
cf_vt_gurobi_original,mix-original,physics,R25,5,1.7053025658242404e-13,K,0.0001,true
cf_vt_gurobi_original,3-35:36,model,R25,6,5.684341886080802e-14,K,0.0001,true
cf_vt_gurobi_original,mix-original,physics,R25,6,5.684341886080802e-14,K,0.0001,true
cf_vt_gurobi_original,3-35:36,model,R25,7,1.7053025658242404e-13,K,0.0001,true
cf_vt_gurobi_original,mix-original,physics,R25,7,1.7053025658242404e-13,K,0.0001,true
cf_vt_gurobi_original,3-35:36,model,R25,8,1.1368683772161603e-13,K,0.0001,true
cf_vt_gurobi_original,mix-original,physics,R25,8,1.1368683772161603e-13,K,0.0001,true
cf_vt_gurobi_original,3-35:36,model,R25,9,5.684341886080802e-14,K,0.0001,true
cf_vt_gurobi_original,mix-original,physics,R25,9,5.684341886080802e-14,K,0.0001,true
cf_vt_gurobi_original,3-35:36,model,R25,10,5.684341886080802e-14,K,0.0001,true
cf_vt_gurobi_original,mix-original,physics,R25,10,5.684341886080802e-14,K,0.0001,true
cf_vt_gurobi_original,3-35:36,model,R25,11,5.684341886080802e-14,K,0.0001,true
cf_vt_gurobi_original,mix-original,physics,R25,11,5.684341886080802e-14,K,0.0001,true
cf_vt_gurobi_original,3-35:36,model,R25,12,5.684341886080802e-14,K,0.0001,true
cf_vt_gurobi_original,mix-original,physics,R25,12,5.684341886080802e-14,K,0.0001,true
cf_vt_gurobi_original,3-35:36,model,R25,13,0.0,K,0.0001,true
cf_vt_gurobi_original,mix-original,physics,R25,13,0.0,K,0.0001,true
cf_vt_gurobi_original,3-35:36,model,R25,14,5.684341886080802e-14,K,0.0001,true
cf_vt_gurobi_original,mix-original,physics,R25,14,5.684341886080802e-14,K,0.0001,true
cf_vt_gurobi_original,3-35:36,model,R25,15,0.0,K,0.0001,true
cf_vt_gurobi_original,mix-original,physics,R25,15,0.0,K,0.0001,true
cf_vt_gurobi_original,3-35:36,model,R25,16,5.684341886080802e-14,K,0.0001,true
cf_vt_gurobi_original,mix-original,physics,R25,16,5.684341886080802e-14,K,0.0001,true
cf_vt_gurobi_original,3-35:36,model,R25,17,5.684341886080802e-14,K,0.0001,true
cf_vt_gurobi_original,mix-original,physics,R25,17,5.684341886080802e-14,K,0.0001,true
cf_vt_gurobi_original,3-35:36,model,R25,18,5.684341886080802e-14,K,0.0001,true
cf_vt_gurobi_original,mix-original,physics,R25,18,5.684341886080802e-14,K,0.0001,true
cf_vt_gurobi_original,3-35:36,model,R25,19,5.684341886080802e-14,K,0.0001,true
cf_vt_gurobi_original,mix-original,physics,R25,19,5.684341886080802e-14,K,0.0001,true
cf_vt_gurobi_original,3-35:36,model,R25,20,0.0,K,0.0001,true
cf_vt_gurobi_original,mix-original,physics,R25,20,0.0,K,0.0001,true
cf_vt_gurobi_original,3-35:36,model,R25,21,0.0,K,0.0001,true
cf_vt_gurobi_original,mix-original,physics,R25,21,0.0,K,0.0001,true
cf_vt_gurobi_original,3-35:36,model,R25,22,0.0,K,0.0001,true
cf_vt_gurobi_original,mix-original,physics,R25,22,0.0,K,0.0001,true
cf_vt_gurobi_original,3-35:36,model,R25,23,5.684341886080802e-14,K,0.0001,true
cf_vt_gurobi_original,mix-original,physics,R25,23,5.684341886080802e-14,K,0.0001,true
cf_vt_gurobi_original,3-35:36,model,R25,24,0.0,K,0.0001,true
cf_vt_gurobi_original,mix-original,physics,R25,24,0.0,K,0.0001,true
cf_vt_gurobi_original,3-35:36,model,R26,1,0.0,K,0.0001,true
cf_vt_gurobi_original,mix-original,physics,R26,1,0.0,K,0.0001,true
cf_vt_gurobi_original,3-35:36,model,R26,2,1.1368683772161603e-13,K,0.0001,true
cf_vt_gurobi_original,mix-original,physics,R26,2,1.1368683772161603e-13,K,0.0001,true
cf_vt_gurobi_original,3-35:36,model,R26,3,0.0,K,0.0001,true
cf_vt_gurobi_original,mix-original,physics,R26,3,0.0,K,0.0001,true
cf_vt_gurobi_original,3-35:36,model,R26,4,1.1368683772161603e-13,K,0.0001,true
cf_vt_gurobi_original,mix-original,physics,R26,4,1.1368683772161603e-13,K,0.0001,true
cf_vt_gurobi_original,3-35:36,model,R26,5,5.684341886080802e-14,K,0.0001,true
cf_vt_gurobi_original,mix-original,physics,R26,5,5.684341886080802e-14,K,0.0001,true
cf_vt_gurobi_original,3-35:36,model,R26,6,0.0,K,0.0001,true
cf_vt_gurobi_original,mix-original,physics,R26,6,0.0,K,0.0001,true
cf_vt_gurobi_original,3-35:36,model,R26,7,5.684341886080802e-14,K,0.0001,true
cf_vt_gurobi_original,mix-original,physics,R26,7,5.684341886080802e-14,K,0.0001,true
cf_vt_gurobi_original,3-35:36,model,R26,8,5.684341886080802e-14,K,0.0001,true
cf_vt_gurobi_original,mix-original,physics,R26,8,5.684341886080802e-14,K,0.0001,true
cf_vt_gurobi_original,3-35:36,model,R26,9,5.684341886080802e-14,K,0.0001,true
cf_vt_gurobi_original,mix-original,physics,R26,9,5.684341886080802e-14,K,0.0001,true
cf_vt_gurobi_original,3-35:36,model,R26,10,1.1368683772161603e-13,K,0.0001,true
cf_vt_gurobi_original,mix-original,physics,R26,10,1.1368683772161603e-13,K,0.0001,true
cf_vt_gurobi_original,3-35:36,model,R26,11,5.684341886080802e-14,K,0.0001,true
cf_vt_gurobi_original,mix-original,physics,R26,11,5.684341886080802e-14,K,0.0001,true
cf_vt_gurobi_original,3-35:36,model,R26,12,5.684341886080802e-14,K,0.0001,true
cf_vt_gurobi_original,mix-original,physics,R26,12,5.684341886080802e-14,K,0.0001,true
cf_vt_gurobi_original,3-35:36,model,R26,13,0.0,K,0.0001,true
cf_vt_gurobi_original,mix-original,physics,R26,13,0.0,K,0.0001,true
cf_vt_gurobi_original,3-35:36,model,R26,14,5.684341886080802e-14,K,0.0001,true
cf_vt_gurobi_original,mix-original,physics,R26,14,5.684341886080802e-14,K,0.0001,true
cf_vt_gurobi_original,3-35:36,model,R26,15,5.684341886080802e-14,K,0.0001,true
cf_vt_gurobi_original,mix-original,physics,R26,15,5.684341886080802e-14,K,0.0001,true
cf_vt_gurobi_original,3-35:36,model,R26,16,5.684341886080802e-14,K,0.0001,true
cf_vt_gurobi_original,mix-original,physics,R26,16,5.684341886080802e-14,K,0.0001,true
cf_vt_gurobi_original,3-35:36,model,R26,17,5.684341886080802e-14,K,0.0001,true
cf_vt_gurobi_original,mix-original,physics,R26,17,5.684341886080802e-14,K,0.0001,true
cf_vt_gurobi_original,3-35:36,model,R26,18,5.684341886080802e-14,K,0.0001,true
cf_vt_gurobi_original,mix-original,physics,R26,18,5.684341886080802e-14,K,0.0001,true
cf_vt_gurobi_original,3-35:36,model,R26,19,0.0,K,0.0001,true
cf_vt_gurobi_original,mix-original,physics,R26,19,0.0,K,0.0001,true
cf_vt_gurobi_original,3-35:36,model,R26,20,0.0,K,0.0001,true
cf_vt_gurobi_original,mix-original,physics,R26,20,0.0,K,0.0001,true
cf_vt_gurobi_original,3-35:36,model,R26,21,0.0,K,0.0001,true
cf_vt_gurobi_original,mix-original,physics,R26,21,0.0,K,0.0001,true
cf_vt_gurobi_original,3-35:36,model,R26,22,5.684341886080802e-14,K,0.0001,true
cf_vt_gurobi_original,mix-original,physics,R26,22,5.684341886080802e-14,K,0.0001,true
cf_vt_gurobi_original,3-35:36,model,R26,23,5.684341886080802e-14,K,0.0001,true
cf_vt_gurobi_original,mix-original,physics,R26,23,5.684341886080802e-14,K,0.0001,true
cf_vt_gurobi_original,3-35:36,model,R26,24,5.684341886080802e-14,K,0.0001,true
cf_vt_gurobi_original,mix-original,physics,R26,24,5.684341886080802e-14,K,0.0001,true
cf_vt_gurobi_original,3-35:36,model,R27,1,0.0,K,0.0001,true
cf_vt_gurobi_original,mix-original,physics,R27,1,0.0,K,0.0001,true
cf_vt_gurobi_original,3-35:36,model,R27,2,0.0,K,0.0001,true
cf_vt_gurobi_original,mix-original,physics,R27,2,0.0,K,0.0001,true
cf_vt_gurobi_original,3-35:36,model,R27,3,0.0,K,0.0001,true
cf_vt_gurobi_original,mix-original,physics,R27,3,0.0,K,0.0001,true
cf_vt_gurobi_original,3-35:36,model,R27,4,0.0,K,0.0001,true
cf_vt_gurobi_original,mix-original,physics,R27,4,0.0,K,0.0001,true
cf_vt_gurobi_original,3-35:36,model,R27,5,5.684341886080802e-14,K,0.0001,true
cf_vt_gurobi_original,mix-original,physics,R27,5,5.684341886080802e-14,K,0.0001,true
cf_vt_gurobi_original,3-35:36,model,R27,6,0.0,K,0.0001,true
cf_vt_gurobi_original,mix-original,physics,R27,6,0.0,K,0.0001,true
cf_vt_gurobi_original,3-35:36,model,R27,7,0.0,K,0.0001,true
cf_vt_gurobi_original,mix-original,physics,R27,7,0.0,K,0.0001,true
cf_vt_gurobi_original,3-35:36,model,R27,8,0.0,K,0.0001,true
cf_vt_gurobi_original,mix-original,physics,R27,8,0.0,K,0.0001,true
cf_vt_gurobi_original,3-35:36,model,R27,9,0.0,K,0.0001,true
cf_vt_gurobi_original,mix-original,physics,R27,9,0.0,K,0.0001,true
cf_vt_gurobi_original,3-35:36,model,R27,10,0.0,K,0.0001,true
cf_vt_gurobi_original,mix-original,physics,R27,10,0.0,K,0.0001,true
cf_vt_gurobi_original,3-35:36,model,R27,11,0.0,K,0.0001,true
cf_vt_gurobi_original,mix-original,physics,R27,11,0.0,K,0.0001,true
cf_vt_gurobi_original,3-35:36,model,R27,12,0.0,K,0.0001,true
cf_vt_gurobi_original,mix-original,physics,R27,12,0.0,K,0.0001,true
cf_vt_gurobi_original,3-35:36,model,R27,13,0.0,K,0.0001,true
cf_vt_gurobi_original,mix-original,physics,R27,13,0.0,K,0.0001,true
cf_vt_gurobi_original,3-35:36,model,R27,14,0.0,K,0.0001,true
cf_vt_gurobi_original,mix-original,physics,R27,14,0.0,K,0.0001,true
cf_vt_gurobi_original,3-35:36,model,R27,15,0.0,K,0.0001,true
cf_vt_gurobi_original,mix-original,physics,R27,15,0.0,K,0.0001,true
cf_vt_gurobi_original,3-35:36,model,R27,16,5.684341886080802e-14,K,0.0001,true
cf_vt_gurobi_original,mix-original,physics,R27,16,5.684341886080802e-14,K,0.0001,true
cf_vt_gurobi_original,3-35:36,model,R27,17,0.0,K,0.0001,true
cf_vt_gurobi_original,mix-original,physics,R27,17,0.0,K,0.0001,true
cf_vt_gurobi_original,3-35:36,model,R27,18,0.0,K,0.0001,true
cf_vt_gurobi_original,mix-original,physics,R27,18,0.0,K,0.0001,true
cf_vt_gurobi_original,3-35:36,model,R27,19,0.0,K,0.0001,true
cf_vt_gurobi_original,mix-original,physics,R27,19,0.0,K,0.0001,true
cf_vt_gurobi_original,3-35:36,model,R27,20,0.0,K,0.0001,true
cf_vt_gurobi_original,mix-original,physics,R27,20,0.0,K,0.0001,true
cf_vt_gurobi_original,3-35:36,model,R27,21,5.684341886080802e-14,K,0.0001,true
cf_vt_gurobi_original,mix-original,physics,R27,21,5.684341886080802e-14,K,0.0001,true
cf_vt_gurobi_original,3-35:36,model,R27,22,0.0,K,0.0001,true
cf_vt_gurobi_original,mix-original,physics,R27,22,0.0,K,0.0001,true
cf_vt_gurobi_original,3-35:36,model,R27,23,0.0,K,0.0001,true
cf_vt_gurobi_original,mix-original,physics,R27,23,0.0,K,0.0001,true
cf_vt_gurobi_original,3-35:36,model,R27,24,0.0,K,0.0001,true
cf_vt_gurobi_original,mix-original,physics,R27,24,0.0,K,0.0001,true
cf_vt_gurobi_original,3-35:36,model,R28,1,0.0,K,0.0001,true
cf_vt_gurobi_original,mix-original,physics,R28,1,0.0,K,0.0001,true
cf_vt_gurobi_original,3-35:36,model,R28,2,0.0,K,0.0001,true
cf_vt_gurobi_original,mix-original,physics,R28,2,0.0,K,0.0001,true
cf_vt_gurobi_original,3-35:36,model,R28,3,0.0,K,0.0001,true
cf_vt_gurobi_original,mix-original,physics,R28,3,0.0,K,0.0001,true
cf_vt_gurobi_original,3-35:36,model,R28,4,0.0,K,0.0001,true
cf_vt_gurobi_original,mix-original,physics,R28,4,0.0,K,0.0001,true
cf_vt_gurobi_original,3-35:36,model,R28,5,5.684341886080802e-14,K,0.0001,true
cf_vt_gurobi_original,mix-original,physics,R28,5,5.684341886080802e-14,K,0.0001,true
cf_vt_gurobi_original,3-35:36,model,R28,6,0.0,K,0.0001,true
cf_vt_gurobi_original,mix-original,physics,R28,6,0.0,K,0.0001,true
cf_vt_gurobi_original,3-35:36,model,R28,7,0.0,K,0.0001,true
cf_vt_gurobi_original,mix-original,physics,R28,7,0.0,K,0.0001,true
cf_vt_gurobi_original,3-35:36,model,R28,8,0.0,K,0.0001,true
cf_vt_gurobi_original,mix-original,physics,R28,8,0.0,K,0.0001,true
cf_vt_gurobi_original,3-35:36,model,R28,9,0.0,K,0.0001,true
cf_vt_gurobi_original,mix-original,physics,R28,9,0.0,K,0.0001,true
cf_vt_gurobi_original,3-35:36,model,R28,10,0.0,K,0.0001,true
cf_vt_gurobi_original,mix-original,physics,R28,10,0.0,K,0.0001,true
cf_vt_gurobi_original,3-35:36,model,R28,11,0.0,K,0.0001,true
cf_vt_gurobi_original,mix-original,physics,R28,11,0.0,K,0.0001,true
cf_vt_gurobi_original,3-35:36,model,R28,12,0.0,K,0.0001,true
cf_vt_gurobi_original,mix-original,physics,R28,12,0.0,K,0.0001,true
cf_vt_gurobi_original,3-35:36,model,R28,13,0.0,K,0.0001,true
cf_vt_gurobi_original,mix-original,physics,R28,13,0.0,K,0.0001,true
cf_vt_gurobi_original,3-35:36,model,R28,14,0.0,K,0.0001,true
cf_vt_gurobi_original,mix-original,physics,R28,14,0.0,K,0.0001,true
cf_vt_gurobi_original,3-35:36,model,R28,15,0.0,K,0.0001,true
cf_vt_gurobi_original,mix-original,physics,R28,15,0.0,K,0.0001,true
cf_vt_gurobi_original,3-35:36,model,R28,16,5.684341886080802e-14,K,0.0001,true
cf_vt_gurobi_original,mix-original,physics,R28,16,5.684341886080802e-14,K,0.0001,true
cf_vt_gurobi_original,3-35:36,model,R28,17,0.0,K,0.0001,true
cf_vt_gurobi_original,mix-original,physics,R28,17,0.0,K,0.0001,true
cf_vt_gurobi_original,3-35:36,model,R28,18,0.0,K,0.0001,true
cf_vt_gurobi_original,mix-original,physics,R28,18,0.0,K,0.0001,true
cf_vt_gurobi_original,3-35:36,model,R28,19,0.0,K,0.0001,true
cf_vt_gurobi_original,mix-original,physics,R28,19,0.0,K,0.0001,true
cf_vt_gurobi_original,3-35:36,model,R28,20,0.0,K,0.0001,true
cf_vt_gurobi_original,mix-original,physics,R28,20,0.0,K,0.0001,true
cf_vt_gurobi_original,3-35:36,model,R28,21,5.684341886080802e-14,K,0.0001,true
cf_vt_gurobi_original,mix-original,physics,R28,21,5.684341886080802e-14,K,0.0001,true
cf_vt_gurobi_original,3-35:36,model,R28,22,0.0,K,0.0001,true
cf_vt_gurobi_original,mix-original,physics,R28,22,0.0,K,0.0001,true
cf_vt_gurobi_original,3-35:36,model,R28,23,0.0,K,0.0001,true
cf_vt_gurobi_original,mix-original,physics,R28,23,0.0,K,0.0001,true
cf_vt_gurobi_original,3-35:36,model,R28,24,0.0,K,0.0001,true
cf_vt_gurobi_original,mix-original,physics,R28,24,0.0,K,0.0001,true
cf_vt_gurobi_original,3-35:36,model,R29,1,0.0,K,0.0001,true
cf_vt_gurobi_original,mix-original,physics,R29,1,0.0,K,0.0001,true
cf_vt_gurobi_original,3-35:36,model,R29,2,0.0,K,0.0001,true
cf_vt_gurobi_original,mix-original,physics,R29,2,0.0,K,0.0001,true
cf_vt_gurobi_original,3-35:36,model,R29,3,0.0,K,0.0001,true
cf_vt_gurobi_original,mix-original,physics,R29,3,0.0,K,0.0001,true
cf_vt_gurobi_original,3-35:36,model,R29,4,5.684341886080802e-14,K,0.0001,true
cf_vt_gurobi_original,mix-original,physics,R29,4,5.684341886080802e-14,K,0.0001,true
cf_vt_gurobi_original,3-35:36,model,R29,5,1.1368683772161603e-13,K,0.0001,true
cf_vt_gurobi_original,mix-original,physics,R29,5,1.1368683772161603e-13,K,0.0001,true
cf_vt_gurobi_original,3-35:36,model,R29,6,5.684341886080802e-14,K,0.0001,true
cf_vt_gurobi_original,mix-original,physics,R29,6,5.684341886080802e-14,K,0.0001,true
cf_vt_gurobi_original,3-35:36,model,R29,7,0.0,K,0.0001,true
cf_vt_gurobi_original,mix-original,physics,R29,7,0.0,K,0.0001,true
cf_vt_gurobi_original,3-35:36,model,R29,8,1.1368683772161603e-13,K,0.0001,true
cf_vt_gurobi_original,mix-original,physics,R29,8,1.1368683772161603e-13,K,0.0001,true
cf_vt_gurobi_original,3-35:36,model,R29,9,0.0,K,0.0001,true
cf_vt_gurobi_original,mix-original,physics,R29,9,0.0,K,0.0001,true
cf_vt_gurobi_original,3-35:36,model,R29,10,5.684341886080802e-14,K,0.0001,true
cf_vt_gurobi_original,mix-original,physics,R29,10,5.684341886080802e-14,K,0.0001,true
cf_vt_gurobi_original,3-35:36,model,R29,11,5.684341886080802e-14,K,0.0001,true
cf_vt_gurobi_original,mix-original,physics,R29,11,5.684341886080802e-14,K,0.0001,true
cf_vt_gurobi_original,3-35:36,model,R29,12,5.684341886080802e-14,K,0.0001,true
cf_vt_gurobi_original,mix-original,physics,R29,12,5.684341886080802e-14,K,0.0001,true
cf_vt_gurobi_original,3-35:36,model,R29,13,0.0,K,0.0001,true
cf_vt_gurobi_original,mix-original,physics,R29,13,0.0,K,0.0001,true
cf_vt_gurobi_original,3-35:36,model,R29,14,1.1368683772161603e-13,K,0.0001,true
cf_vt_gurobi_original,mix-original,physics,R29,14,1.1368683772161603e-13,K,0.0001,true
cf_vt_gurobi_original,3-35:36,model,R29,15,5.684341886080802e-14,K,0.0001,true
cf_vt_gurobi_original,mix-original,physics,R29,15,5.684341886080802e-14,K,0.0001,true
cf_vt_gurobi_original,3-35:36,model,R29,16,5.684341886080802e-14,K,0.0001,true
cf_vt_gurobi_original,mix-original,physics,R29,16,5.684341886080802e-14,K,0.0001,true
cf_vt_gurobi_original,3-35:36,model,R29,17,5.684341886080802e-14,K,0.0001,true
cf_vt_gurobi_original,mix-original,physics,R29,17,5.684341886080802e-14,K,0.0001,true
cf_vt_gurobi_original,3-35:36,model,R29,18,5.684341886080802e-14,K,0.0001,true
cf_vt_gurobi_original,mix-original,physics,R29,18,5.684341886080802e-14,K,0.0001,true
cf_vt_gurobi_original,3-35:36,model,R29,19,5.684341886080802e-14,K,0.0001,true
cf_vt_gurobi_original,mix-original,physics,R29,19,5.684341886080802e-14,K,0.0001,true
cf_vt_gurobi_original,3-35:36,model,R29,20,5.684341886080802e-14,K,0.0001,true
cf_vt_gurobi_original,mix-original,physics,R29,20,5.684341886080802e-14,K,0.0001,true
cf_vt_gurobi_original,3-35:36,model,R29,21,5.684341886080802e-14,K,0.0001,true
cf_vt_gurobi_original,mix-original,physics,R29,21,5.684341886080802e-14,K,0.0001,true
cf_vt_gurobi_original,3-35:36,model,R29,22,5.684341886080802e-14,K,0.0001,true
cf_vt_gurobi_original,mix-original,physics,R29,22,5.684341886080802e-14,K,0.0001,true
cf_vt_gurobi_original,3-35:36,model,R29,23,0.0,K,0.0001,true
cf_vt_gurobi_original,mix-original,physics,R29,23,0.0,K,0.0001,true
cf_vt_gurobi_original,3-35:36,model,R29,24,0.0,K,0.0001,true
cf_vt_gurobi_original,mix-original,physics,R29,24,0.0,K,0.0001,true
cf_vt_gurobi_original,3-35:36,model,R30,1,0.0,K,0.0001,true
cf_vt_gurobi_original,mix-original,physics,R30,1,0.0,K,0.0001,true
cf_vt_gurobi_original,3-35:36,model,R30,2,0.0,K,0.0001,true
cf_vt_gurobi_original,mix-original,physics,R30,2,0.0,K,0.0001,true
cf_vt_gurobi_original,3-35:36,model,R30,3,5.684341886080802e-14,K,0.0001,true
cf_vt_gurobi_original,mix-original,physics,R30,3,5.684341886080802e-14,K,0.0001,true
cf_vt_gurobi_original,3-35:36,model,R30,4,0.0,K,0.0001,true
cf_vt_gurobi_original,mix-original,physics,R30,4,0.0,K,0.0001,true
cf_vt_gurobi_original,3-35:36,model,R30,5,0.0,K,0.0001,true
cf_vt_gurobi_original,mix-original,physics,R30,5,0.0,K,0.0001,true
cf_vt_gurobi_original,3-35:36,model,R30,6,5.684341886080802e-14,K,0.0001,true
cf_vt_gurobi_original,mix-original,physics,R30,6,5.684341886080802e-14,K,0.0001,true
cf_vt_gurobi_original,3-35:36,model,R30,7,0.0,K,0.0001,true
cf_vt_gurobi_original,mix-original,physics,R30,7,0.0,K,0.0001,true
cf_vt_gurobi_original,3-35:36,model,R30,8,0.0,K,0.0001,true
cf_vt_gurobi_original,mix-original,physics,R30,8,0.0,K,0.0001,true
cf_vt_gurobi_original,3-35:36,model,R30,9,0.0,K,0.0001,true
cf_vt_gurobi_original,mix-original,physics,R30,9,0.0,K,0.0001,true
cf_vt_gurobi_original,3-35:36,model,R30,10,5.684341886080802e-14,K,0.0001,true
cf_vt_gurobi_original,mix-original,physics,R30,10,5.684341886080802e-14,K,0.0001,true
cf_vt_gurobi_original,3-35:36,model,R30,11,5.684341886080802e-14,K,0.0001,true
cf_vt_gurobi_original,mix-original,physics,R30,11,5.684341886080802e-14,K,0.0001,true
cf_vt_gurobi_original,3-35:36,model,R30,12,5.684341886080802e-14,K,0.0001,true
cf_vt_gurobi_original,mix-original,physics,R30,12,5.684341886080802e-14,K,0.0001,true
cf_vt_gurobi_original,3-35:36,model,R30,13,5.684341886080802e-14,K,0.0001,true
cf_vt_gurobi_original,mix-original,physics,R30,13,5.684341886080802e-14,K,0.0001,true
cf_vt_gurobi_original,3-35:36,model,R30,14,0.0,K,0.0001,true
cf_vt_gurobi_original,mix-original,physics,R30,14,0.0,K,0.0001,true
cf_vt_gurobi_original,3-35:36,model,R30,15,0.0,K,0.0001,true
cf_vt_gurobi_original,mix-original,physics,R30,15,0.0,K,0.0001,true
cf_vt_gurobi_original,3-35:36,model,R30,16,0.0,K,0.0001,true
cf_vt_gurobi_original,mix-original,physics,R30,16,0.0,K,0.0001,true
cf_vt_gurobi_original,3-35:36,model,R30,17,0.0,K,0.0001,true
cf_vt_gurobi_original,mix-original,physics,R30,17,0.0,K,0.0001,true
cf_vt_gurobi_original,3-35:36,model,R30,18,0.0,K,0.0001,true
cf_vt_gurobi_original,mix-original,physics,R30,18,0.0,K,0.0001,true
cf_vt_gurobi_original,3-35:36,model,R30,19,0.0,K,0.0001,true
cf_vt_gurobi_original,mix-original,physics,R30,19,0.0,K,0.0001,true
cf_vt_gurobi_original,3-35:36,model,R30,20,5.684341886080802e-14,K,0.0001,true
cf_vt_gurobi_original,mix-original,physics,R30,20,5.684341886080802e-14,K,0.0001,true
cf_vt_gurobi_original,3-35:36,model,R30,21,5.684341886080802e-14,K,0.0001,true
cf_vt_gurobi_original,mix-original,physics,R30,21,5.684341886080802e-14,K,0.0001,true
cf_vt_gurobi_original,3-35:36,model,R30,22,0.0,K,0.0001,true
cf_vt_gurobi_original,mix-original,physics,R30,22,0.0,K,0.0001,true
cf_vt_gurobi_original,3-35:36,model,R30,23,0.0,K,0.0001,true
cf_vt_gurobi_original,mix-original,physics,R30,23,0.0,K,0.0001,true
cf_vt_gurobi_original,3-35:36,model,R30,24,5.684341886080802e-14,K,0.0001,true
cf_vt_gurobi_original,mix-original,physics,R30,24,5.684341886080802e-14,K,0.0001,true
cf_vt_gurobi_original,3-35:36,model,R31,1,0.0,K,0.0001,true
cf_vt_gurobi_original,mix-original,physics,R31,1,0.0,K,0.0001,true
cf_vt_gurobi_original,3-35:36,model,R31,2,0.0,K,0.0001,true
cf_vt_gurobi_original,mix-original,physics,R31,2,0.0,K,0.0001,true
cf_vt_gurobi_original,3-35:36,model,R31,3,0.0,K,0.0001,true
cf_vt_gurobi_original,mix-original,physics,R31,3,0.0,K,0.0001,true
cf_vt_gurobi_original,3-35:36,model,R31,4,0.0,K,0.0001,true
cf_vt_gurobi_original,mix-original,physics,R31,4,0.0,K,0.0001,true
cf_vt_gurobi_original,3-35:36,model,R31,5,0.0,K,0.0001,true
cf_vt_gurobi_original,mix-original,physics,R31,5,0.0,K,0.0001,true
cf_vt_gurobi_original,3-35:36,model,R31,6,0.0,K,0.0001,true
cf_vt_gurobi_original,mix-original,physics,R31,6,0.0,K,0.0001,true
cf_vt_gurobi_original,3-35:36,model,R31,7,0.0,K,0.0001,true
cf_vt_gurobi_original,mix-original,physics,R31,7,0.0,K,0.0001,true
cf_vt_gurobi_original,3-35:36,model,R31,8,0.0,K,0.0001,true
cf_vt_gurobi_original,mix-original,physics,R31,8,0.0,K,0.0001,true
cf_vt_gurobi_original,3-35:36,model,R31,9,0.0,K,0.0001,true
cf_vt_gurobi_original,mix-original,physics,R31,9,0.0,K,0.0001,true
cf_vt_gurobi_original,3-35:36,model,R31,10,0.0,K,0.0001,true
cf_vt_gurobi_original,mix-original,physics,R31,10,0.0,K,0.0001,true
cf_vt_gurobi_original,3-35:36,model,R31,11,0.0,K,0.0001,true
cf_vt_gurobi_original,mix-original,physics,R31,11,0.0,K,0.0001,true
cf_vt_gurobi_original,3-35:36,model,R31,12,0.0,K,0.0001,true
cf_vt_gurobi_original,mix-original,physics,R31,12,0.0,K,0.0001,true
cf_vt_gurobi_original,3-35:36,model,R31,13,0.0,K,0.0001,true
cf_vt_gurobi_original,mix-original,physics,R31,13,0.0,K,0.0001,true
cf_vt_gurobi_original,3-35:36,model,R31,14,0.0,K,0.0001,true
cf_vt_gurobi_original,mix-original,physics,R31,14,0.0,K,0.0001,true
cf_vt_gurobi_original,3-35:36,model,R31,15,0.0,K,0.0001,true
cf_vt_gurobi_original,mix-original,physics,R31,15,0.0,K,0.0001,true
cf_vt_gurobi_original,3-35:36,model,R31,16,5.684341886080802e-14,K,0.0001,true
cf_vt_gurobi_original,mix-original,physics,R31,16,5.684341886080802e-14,K,0.0001,true
cf_vt_gurobi_original,3-35:36,model,R31,17,0.0,K,0.0001,true
cf_vt_gurobi_original,mix-original,physics,R31,17,0.0,K,0.0001,true
cf_vt_gurobi_original,3-35:36,model,R31,18,0.0,K,0.0001,true
cf_vt_gurobi_original,mix-original,physics,R31,18,0.0,K,0.0001,true
cf_vt_gurobi_original,3-35:36,model,R31,19,0.0,K,0.0001,true
cf_vt_gurobi_original,mix-original,physics,R31,19,0.0,K,0.0001,true
cf_vt_gurobi_original,3-35:36,model,R31,20,0.0,K,0.0001,true
cf_vt_gurobi_original,mix-original,physics,R31,20,0.0,K,0.0001,true
cf_vt_gurobi_original,3-35:36,model,R31,21,5.684341886080802e-14,K,0.0001,true
cf_vt_gurobi_original,mix-original,physics,R31,21,5.684341886080802e-14,K,0.0001,true
cf_vt_gurobi_original,3-35:36,model,R31,22,0.0,K,0.0001,true
cf_vt_gurobi_original,mix-original,physics,R31,22,0.0,K,0.0001,true
cf_vt_gurobi_original,3-35:36,model,R31,23,0.0,K,0.0001,true
cf_vt_gurobi_original,mix-original,physics,R31,23,0.0,K,0.0001,true
cf_vt_gurobi_original,3-35:36,model,R31,24,0.0,K,0.0001,true
cf_vt_gurobi_original,mix-original,physics,R31,24,0.0,K,0.0001,true
cf_vt_gurobi_original,3-35:36,model,R32,1,0.0,K,0.0001,true
cf_vt_gurobi_original,mix-original,physics,R32,1,0.0,K,0.0001,true
cf_vt_gurobi_original,3-35:36,model,R32,2,0.0,K,0.0001,true
cf_vt_gurobi_original,mix-original,physics,R32,2,0.0,K,0.0001,true
cf_vt_gurobi_original,3-35:36,model,R32,3,1.1368683772161603e-13,K,0.0001,true
cf_vt_gurobi_original,mix-original,physics,R32,3,1.1368683772161603e-13,K,0.0001,true
cf_vt_gurobi_original,3-35:36,model,R32,4,5.684341886080802e-14,K,0.0001,true
cf_vt_gurobi_original,mix-original,physics,R32,4,5.684341886080802e-14,K,0.0001,true
cf_vt_gurobi_original,3-35:36,model,R32,5,5.684341886080802e-14,K,0.0001,true
cf_vt_gurobi_original,mix-original,physics,R32,5,5.684341886080802e-14,K,0.0001,true
cf_vt_gurobi_original,3-35:36,model,R32,6,5.684341886080802e-14,K,0.0001,true
cf_vt_gurobi_original,mix-original,physics,R32,6,5.684341886080802e-14,K,0.0001,true
cf_vt_gurobi_original,3-35:36,model,R32,7,5.684341886080802e-14,K,0.0001,true
cf_vt_gurobi_original,mix-original,physics,R32,7,5.684341886080802e-14,K,0.0001,true
cf_vt_gurobi_original,3-35:36,model,R32,8,5.684341886080802e-14,K,0.0001,true
cf_vt_gurobi_original,mix-original,physics,R32,8,5.684341886080802e-14,K,0.0001,true
cf_vt_gurobi_original,3-35:36,model,R32,9,5.684341886080802e-14,K,0.0001,true
cf_vt_gurobi_original,mix-original,physics,R32,9,5.684341886080802e-14,K,0.0001,true
cf_vt_gurobi_original,3-35:36,model,R32,10,1.1368683772161603e-13,K,0.0001,true
cf_vt_gurobi_original,mix-original,physics,R32,10,1.1368683772161603e-13,K,0.0001,true
cf_vt_gurobi_original,3-35:36,model,R32,11,0.0,K,0.0001,true
cf_vt_gurobi_original,mix-original,physics,R32,11,0.0,K,0.0001,true
cf_vt_gurobi_original,3-35:36,model,R32,12,0.0,K,0.0001,true
cf_vt_gurobi_original,mix-original,physics,R32,12,0.0,K,0.0001,true
cf_vt_gurobi_original,3-35:36,model,R32,13,5.684341886080802e-14,K,0.0001,true
cf_vt_gurobi_original,mix-original,physics,R32,13,5.684341886080802e-14,K,0.0001,true
cf_vt_gurobi_original,3-35:36,model,R32,14,0.0,K,0.0001,true
cf_vt_gurobi_original,mix-original,physics,R32,14,0.0,K,0.0001,true
cf_vt_gurobi_original,3-35:36,model,R32,15,5.684341886080802e-14,K,0.0001,true
cf_vt_gurobi_original,mix-original,physics,R32,15,5.684341886080802e-14,K,0.0001,true
cf_vt_gurobi_original,3-35:36,model,R32,16,5.684341886080802e-14,K,0.0001,true
cf_vt_gurobi_original,mix-original,physics,R32,16,5.684341886080802e-14,K,0.0001,true
cf_vt_gurobi_original,3-35:36,model,R32,17,0.0,K,0.0001,true
cf_vt_gurobi_original,mix-original,physics,R32,17,0.0,K,0.0001,true
cf_vt_gurobi_original,3-35:36,model,R32,18,5.684341886080802e-14,K,0.0001,true
cf_vt_gurobi_original,mix-original,physics,R32,18,5.684341886080802e-14,K,0.0001,true
cf_vt_gurobi_original,3-35:36,model,R32,19,5.684341886080802e-14,K,0.0001,true
cf_vt_gurobi_original,mix-original,physics,R32,19,5.684341886080802e-14,K,0.0001,true
cf_vt_gurobi_original,3-35:36,model,R32,20,0.0,K,0.0001,true
cf_vt_gurobi_original,mix-original,physics,R32,20,0.0,K,0.0001,true
cf_vt_gurobi_original,3-35:36,model,R32,21,0.0,K,0.0001,true
cf_vt_gurobi_original,mix-original,physics,R32,21,0.0,K,0.0001,true
cf_vt_gurobi_original,3-35:36,model,R32,22,5.684341886080802e-14,K,0.0001,true
cf_vt_gurobi_original,mix-original,physics,R32,22,5.684341886080802e-14,K,0.0001,true
cf_vt_gurobi_original,3-35:36,model,R32,23,5.684341886080802e-14,K,0.0001,true
cf_vt_gurobi_original,mix-original,physics,R32,23,5.684341886080802e-14,K,0.0001,true
cf_vt_gurobi_original,3-35:36,model,R32,24,0.0,K,0.0001,true
cf_vt_gurobi_original,mix-original,physics,R32,24,0.0,K,0.0001,true
cf_vt_gurobi_original,3-35:36,model,R33,1,5.684341886080802e-14,K,0.0001,true
cf_vt_gurobi_original,mix-original,physics,R33,1,5.684341886080802e-14,K,0.0001,true
cf_vt_gurobi_original,3-35:36,model,R33,2,5.684341886080802e-14,K,0.0001,true
cf_vt_gurobi_original,mix-original,physics,R33,2,5.684341886080802e-14,K,0.0001,true
cf_vt_gurobi_original,3-35:36,model,R33,3,5.684341886080802e-14,K,0.0001,true
cf_vt_gurobi_original,mix-original,physics,R33,3,5.684341886080802e-14,K,0.0001,true
cf_vt_gurobi_original,3-35:36,model,R33,4,5.684341886080802e-14,K,0.0001,true
cf_vt_gurobi_original,mix-original,physics,R33,4,5.684341886080802e-14,K,0.0001,true
cf_vt_gurobi_original,3-35:36,model,R33,5,5.684341886080802e-14,K,0.0001,true
cf_vt_gurobi_original,mix-original,physics,R33,5,5.684341886080802e-14,K,0.0001,true
cf_vt_gurobi_original,3-35:36,model,R33,6,5.684341886080802e-14,K,0.0001,true
cf_vt_gurobi_original,mix-original,physics,R33,6,5.684341886080802e-14,K,0.0001,true
cf_vt_gurobi_original,3-35:36,model,R33,7,5.684341886080802e-14,K,0.0001,true
cf_vt_gurobi_original,mix-original,physics,R33,7,5.684341886080802e-14,K,0.0001,true
cf_vt_gurobi_original,3-35:36,model,R33,8,0.0,K,0.0001,true
cf_vt_gurobi_original,mix-original,physics,R33,8,0.0,K,0.0001,true
cf_vt_gurobi_original,3-35:36,model,R33,9,0.0,K,0.0001,true
cf_vt_gurobi_original,mix-original,physics,R33,9,0.0,K,0.0001,true
cf_vt_gurobi_original,3-35:36,model,R33,10,0.0,K,0.0001,true
cf_vt_gurobi_original,mix-original,physics,R33,10,0.0,K,0.0001,true
cf_vt_gurobi_original,3-35:36,model,R33,11,5.684341886080802e-14,K,0.0001,true
cf_vt_gurobi_original,mix-original,physics,R33,11,5.684341886080802e-14,K,0.0001,true
cf_vt_gurobi_original,3-35:36,model,R33,12,0.0,K,0.0001,true
cf_vt_gurobi_original,mix-original,physics,R33,12,0.0,K,0.0001,true
cf_vt_gurobi_original,3-35:36,model,R33,13,0.0,K,0.0001,true
cf_vt_gurobi_original,mix-original,physics,R33,13,0.0,K,0.0001,true
cf_vt_gurobi_original,3-35:36,model,R33,14,5.684341886080802e-14,K,0.0001,true
cf_vt_gurobi_original,mix-original,physics,R33,14,5.684341886080802e-14,K,0.0001,true
cf_vt_gurobi_original,3-35:36,model,R33,15,0.0,K,0.0001,true
cf_vt_gurobi_original,mix-original,physics,R33,15,0.0,K,0.0001,true
cf_vt_gurobi_original,3-35:36,model,R33,16,0.0,K,0.0001,true
cf_vt_gurobi_original,mix-original,physics,R33,16,0.0,K,0.0001,true
cf_vt_gurobi_original,3-35:36,model,R33,17,0.0,K,0.0001,true
cf_vt_gurobi_original,mix-original,physics,R33,17,0.0,K,0.0001,true
cf_vt_gurobi_original,3-35:36,model,R33,18,5.684341886080802e-14,K,0.0001,true
cf_vt_gurobi_original,mix-original,physics,R33,18,5.684341886080802e-14,K,0.0001,true
cf_vt_gurobi_original,3-35:36,model,R33,19,0.0,K,0.0001,true
cf_vt_gurobi_original,mix-original,physics,R33,19,0.0,K,0.0001,true
cf_vt_gurobi_original,3-35:36,model,R33,20,0.0,K,0.0001,true
cf_vt_gurobi_original,mix-original,physics,R33,20,0.0,K,0.0001,true
cf_vt_gurobi_original,3-35:36,model,R33,21,0.0,K,0.0001,true
cf_vt_gurobi_original,mix-original,physics,R33,21,0.0,K,0.0001,true
cf_vt_gurobi_original,3-35:36,model,R33,22,5.684341886080802e-14,K,0.0001,true
cf_vt_gurobi_original,mix-original,physics,R33,22,5.684341886080802e-14,K,0.0001,true
cf_vt_gurobi_original,3-35:36,model,R33,23,0.0,K,0.0001,true
cf_vt_gurobi_original,mix-original,physics,R33,23,0.0,K,0.0001,true
cf_vt_gurobi_original,3-35:36,model,R33,24,0.0,K,0.0001,true
cf_vt_gurobi_original,mix-original,physics,R33,24,0.0,K,0.0001,true
cf_vt_gurobi_original,3-35:36,model,R34,1,0.0,K,0.0001,true
cf_vt_gurobi_original,mix-original,physics,R34,1,0.0,K,0.0001,true
cf_vt_gurobi_original,3-35:36,model,R34,2,0.0,K,0.0001,true
cf_vt_gurobi_original,mix-original,physics,R34,2,0.0,K,0.0001,true
cf_vt_gurobi_original,3-35:36,model,R34,3,0.0,K,0.0001,true
cf_vt_gurobi_original,mix-original,physics,R34,3,0.0,K,0.0001,true
cf_vt_gurobi_original,3-35:36,model,R34,4,0.0,K,0.0001,true
cf_vt_gurobi_original,mix-original,physics,R34,4,0.0,K,0.0001,true
cf_vt_gurobi_original,3-35:36,model,R34,5,0.0,K,0.0001,true
cf_vt_gurobi_original,mix-original,physics,R34,5,0.0,K,0.0001,true
cf_vt_gurobi_original,3-35:36,model,R34,6,0.0,K,0.0001,true
cf_vt_gurobi_original,mix-original,physics,R34,6,0.0,K,0.0001,true
cf_vt_gurobi_original,3-35:36,model,R34,7,0.0,K,0.0001,true
cf_vt_gurobi_original,mix-original,physics,R34,7,0.0,K,0.0001,true
cf_vt_gurobi_original,3-35:36,model,R34,8,5.684341886080802e-14,K,0.0001,true
cf_vt_gurobi_original,mix-original,physics,R34,8,5.684341886080802e-14,K,0.0001,true
cf_vt_gurobi_original,3-35:36,model,R34,9,0.0,K,0.0001,true
cf_vt_gurobi_original,mix-original,physics,R34,9,0.0,K,0.0001,true
cf_vt_gurobi_original,3-35:36,model,R34,10,0.0,K,0.0001,true
cf_vt_gurobi_original,mix-original,physics,R34,10,0.0,K,0.0001,true
cf_vt_gurobi_original,3-35:36,model,R34,11,0.0,K,0.0001,true
cf_vt_gurobi_original,mix-original,physics,R34,11,0.0,K,0.0001,true
cf_vt_gurobi_original,3-35:36,model,R34,12,0.0,K,0.0001,true
cf_vt_gurobi_original,mix-original,physics,R34,12,0.0,K,0.0001,true
cf_vt_gurobi_original,3-35:36,model,R34,13,0.0,K,0.0001,true
cf_vt_gurobi_original,mix-original,physics,R34,13,0.0,K,0.0001,true
cf_vt_gurobi_original,3-35:36,model,R34,14,0.0,K,0.0001,true
cf_vt_gurobi_original,mix-original,physics,R34,14,0.0,K,0.0001,true
cf_vt_gurobi_original,3-35:36,model,R34,15,0.0,K,0.0001,true
cf_vt_gurobi_original,mix-original,physics,R34,15,0.0,K,0.0001,true
cf_vt_gurobi_original,3-35:36,model,R34,16,0.0,K,0.0001,true
cf_vt_gurobi_original,mix-original,physics,R34,16,0.0,K,0.0001,true
cf_vt_gurobi_original,3-35:36,model,R34,17,0.0,K,0.0001,true
cf_vt_gurobi_original,mix-original,physics,R34,17,0.0,K,0.0001,true
cf_vt_gurobi_original,3-35:36,model,R34,18,0.0,K,0.0001,true
cf_vt_gurobi_original,mix-original,physics,R34,18,0.0,K,0.0001,true
cf_vt_gurobi_original,3-35:36,model,R34,19,0.0,K,0.0001,true
cf_vt_gurobi_original,mix-original,physics,R34,19,0.0,K,0.0001,true
cf_vt_gurobi_original,3-35:36,model,R34,20,0.0,K,0.0001,true
cf_vt_gurobi_original,mix-original,physics,R34,20,0.0,K,0.0001,true
cf_vt_gurobi_original,3-35:36,model,R34,21,0.0,K,0.0001,true
cf_vt_gurobi_original,mix-original,physics,R34,21,0.0,K,0.0001,true
cf_vt_gurobi_original,3-35:36,model,R34,22,0.0,K,0.0001,true
cf_vt_gurobi_original,mix-original,physics,R34,22,0.0,K,0.0001,true
cf_vt_gurobi_original,3-35:36,model,R34,23,0.0,K,0.0001,true
cf_vt_gurobi_original,mix-original,physics,R34,23,0.0,K,0.0001,true
cf_vt_gurobi_original,3-35:36,model,R34,24,0.0,K,0.0001,true
cf_vt_gurobi_original,mix-original,physics,R34,24,0.0,K,0.0001,true
cf_vt_gurobi_original,3-35:36,model,R35,1,1.1368683772161603e-13,K,0.0001,true
cf_vt_gurobi_original,mix-original,physics,R35,1,1.1368683772161603e-13,K,0.0001,true
cf_vt_gurobi_original,3-35:36,model,R35,2,0.0,K,0.0001,true
cf_vt_gurobi_original,mix-original,physics,R35,2,0.0,K,0.0001,true
cf_vt_gurobi_original,3-35:36,model,R35,3,1.1368683772161603e-13,K,0.0001,true
cf_vt_gurobi_original,mix-original,physics,R35,3,1.1368683772161603e-13,K,0.0001,true
cf_vt_gurobi_original,3-35:36,model,R35,4,2.2737367544323206e-13,K,0.0001,true
cf_vt_gurobi_original,mix-original,physics,R35,4,2.2737367544323206e-13,K,0.0001,true
cf_vt_gurobi_original,3-35:36,model,R35,5,1.1368683772161603e-13,K,0.0001,true
cf_vt_gurobi_original,mix-original,physics,R35,5,1.1368683772161603e-13,K,0.0001,true
cf_vt_gurobi_original,3-35:36,model,R35,6,2.8421709430404007e-13,K,0.0001,true
cf_vt_gurobi_original,mix-original,physics,R35,6,2.8421709430404007e-13,K,0.0001,true
cf_vt_gurobi_original,3-35:36,model,R35,7,1.1368683772161603e-13,K,0.0001,true
cf_vt_gurobi_original,mix-original,physics,R35,7,1.1368683772161603e-13,K,0.0001,true
cf_vt_gurobi_original,3-35:36,model,R35,8,0.0,K,0.0001,true
cf_vt_gurobi_original,mix-original,physics,R35,8,0.0,K,0.0001,true
cf_vt_gurobi_original,3-35:36,model,R35,9,0.0,K,0.0001,true
cf_vt_gurobi_original,mix-original,physics,R35,9,0.0,K,0.0001,true
cf_vt_gurobi_original,3-35:36,model,R35,10,1.1368683772161603e-13,K,0.0001,true
cf_vt_gurobi_original,mix-original,physics,R35,10,1.1368683772161603e-13,K,0.0001,true
cf_vt_gurobi_original,3-35:36,model,R35,11,0.0,K,0.0001,true
cf_vt_gurobi_original,mix-original,physics,R35,11,0.0,K,0.0001,true
cf_vt_gurobi_original,3-35:36,model,R35,12,5.684341886080802e-14,K,0.0001,true
cf_vt_gurobi_original,mix-original,physics,R35,12,5.684341886080802e-14,K,0.0001,true
cf_vt_gurobi_original,3-35:36,model,R35,13,5.684341886080802e-14,K,0.0001,true
cf_vt_gurobi_original,mix-original,physics,R35,13,5.684341886080802e-14,K,0.0001,true
cf_vt_gurobi_original,3-35:36,model,R35,14,5.684341886080802e-14,K,0.0001,true
cf_vt_gurobi_original,mix-original,physics,R35,14,5.684341886080802e-14,K,0.0001,true
cf_vt_gurobi_original,3-35:36,model,R35,15,5.684341886080802e-14,K,0.0001,true
cf_vt_gurobi_original,mix-original,physics,R35,15,5.684341886080802e-14,K,0.0001,true
cf_vt_gurobi_original,3-35:36,model,R35,16,5.684341886080802e-14,K,0.0001,true
cf_vt_gurobi_original,mix-original,physics,R35,16,5.684341886080802e-14,K,0.0001,true
cf_vt_gurobi_original,3-35:36,model,R35,17,5.684341886080802e-14,K,0.0001,true
cf_vt_gurobi_original,mix-original,physics,R35,17,5.684341886080802e-14,K,0.0001,true
cf_vt_gurobi_original,3-35:36,model,R35,18,0.0,K,0.0001,true
cf_vt_gurobi_original,mix-original,physics,R35,18,0.0,K,0.0001,true
cf_vt_gurobi_original,3-35:36,model,R35,19,5.684341886080802e-14,K,0.0001,true
cf_vt_gurobi_original,mix-original,physics,R35,19,5.684341886080802e-14,K,0.0001,true
cf_vt_gurobi_original,3-35:36,model,R35,20,5.684341886080802e-14,K,0.0001,true
cf_vt_gurobi_original,mix-original,physics,R35,20,5.684341886080802e-14,K,0.0001,true
cf_vt_gurobi_original,3-35:36,model,R35,21,0.0,K,0.0001,true
cf_vt_gurobi_original,mix-original,physics,R35,21,0.0,K,0.0001,true
cf_vt_gurobi_original,3-35:36,model,R35,22,0.0,K,0.0001,true
cf_vt_gurobi_original,mix-original,physics,R35,22,0.0,K,0.0001,true
cf_vt_gurobi_original,3-35:36,model,R35,23,0.0,K,0.0001,true
cf_vt_gurobi_original,mix-original,physics,R35,23,0.0,K,0.0001,true
cf_vt_gurobi_original,3-35:36,model,R35,24,1.1368683772161603e-13,K,0.0001,true
cf_vt_gurobi_original,mix-original,physics,R35,24,1.1368683772161603e-13,K,0.0001,true
cf_vt_gurobi_original,3-35:36,model,R36,1,5.684341886080802e-14,K,0.0001,true
cf_vt_gurobi_original,mix-original,physics,R36,1,5.684341886080802e-14,K,0.0001,true
cf_vt_gurobi_original,3-35:36,model,R36,2,5.684341886080802e-14,K,0.0001,true
cf_vt_gurobi_original,mix-original,physics,R36,2,5.684341886080802e-14,K,0.0001,true
cf_vt_gurobi_original,3-35:36,model,R36,3,0.0,K,0.0001,true
cf_vt_gurobi_original,mix-original,physics,R36,3,0.0,K,0.0001,true
cf_vt_gurobi_original,3-35:36,model,R36,4,0.0,K,0.0001,true
cf_vt_gurobi_original,mix-original,physics,R36,4,0.0,K,0.0001,true
cf_vt_gurobi_original,3-35:36,model,R36,5,5.684341886080802e-14,K,0.0001,true
cf_vt_gurobi_original,mix-original,physics,R36,5,5.684341886080802e-14,K,0.0001,true
cf_vt_gurobi_original,3-35:36,model,R36,6,5.684341886080802e-14,K,0.0001,true
cf_vt_gurobi_original,mix-original,physics,R36,6,5.684341886080802e-14,K,0.0001,true
cf_vt_gurobi_original,3-35:36,model,R36,7,1.1368683772161603e-13,K,0.0001,true
cf_vt_gurobi_original,mix-original,physics,R36,7,1.1368683772161603e-13,K,0.0001,true
cf_vt_gurobi_original,3-35:36,model,R36,8,5.684341886080802e-14,K,0.0001,true
cf_vt_gurobi_original,mix-original,physics,R36,8,5.684341886080802e-14,K,0.0001,true
cf_vt_gurobi_original,3-35:36,model,R36,9,5.684341886080802e-14,K,0.0001,true
cf_vt_gurobi_original,mix-original,physics,R36,9,5.684341886080802e-14,K,0.0001,true
cf_vt_gurobi_original,3-35:36,model,R36,10,1.7053025658242404e-13,K,0.0001,true
cf_vt_gurobi_original,mix-original,physics,R36,10,1.7053025658242404e-13,K,0.0001,true
cf_vt_gurobi_original,3-35:36,model,R36,11,5.684341886080802e-14,K,0.0001,true
cf_vt_gurobi_original,mix-original,physics,R36,11,5.684341886080802e-14,K,0.0001,true
cf_vt_gurobi_original,3-35:36,model,R36,12,0.0,K,0.0001,true
cf_vt_gurobi_original,mix-original,physics,R36,12,0.0,K,0.0001,true
cf_vt_gurobi_original,3-35:36,model,R36,13,1.7053025658242404e-13,K,0.0001,true
cf_vt_gurobi_original,mix-original,physics,R36,13,1.7053025658242404e-13,K,0.0001,true
cf_vt_gurobi_original,3-35:36,model,R36,14,0.0,K,0.0001,true
cf_vt_gurobi_original,mix-original,physics,R36,14,0.0,K,0.0001,true
cf_vt_gurobi_original,3-35:36,model,R36,15,0.0,K,0.0001,true
cf_vt_gurobi_original,mix-original,physics,R36,15,0.0,K,0.0001,true
cf_vt_gurobi_original,3-35:36,model,R36,16,5.684341886080802e-14,K,0.0001,true
cf_vt_gurobi_original,mix-original,physics,R36,16,5.684341886080802e-14,K,0.0001,true
cf_vt_gurobi_original,3-35:36,model,R36,17,0.0,K,0.0001,true
cf_vt_gurobi_original,mix-original,physics,R36,17,0.0,K,0.0001,true
cf_vt_gurobi_original,3-35:36,model,R36,18,5.684341886080802e-14,K,0.0001,true
cf_vt_gurobi_original,mix-original,physics,R36,18,5.684341886080802e-14,K,0.0001,true
cf_vt_gurobi_original,3-35:36,model,R36,19,0.0,K,0.0001,true
cf_vt_gurobi_original,mix-original,physics,R36,19,0.0,K,0.0001,true
cf_vt_gurobi_original,3-35:36,model,R36,20,0.0,K,0.0001,true
cf_vt_gurobi_original,mix-original,physics,R36,20,0.0,K,0.0001,true
cf_vt_gurobi_original,3-35:36,model,R36,21,5.684341886080802e-14,K,0.0001,true
cf_vt_gurobi_original,mix-original,physics,R36,21,5.684341886080802e-14,K,0.0001,true
cf_vt_gurobi_original,3-35:36,model,R36,22,5.684341886080802e-14,K,0.0001,true
cf_vt_gurobi_original,mix-original,physics,R36,22,5.684341886080802e-14,K,0.0001,true
cf_vt_gurobi_original,3-35:36,model,R36,23,5.684341886080802e-14,K,0.0001,true
cf_vt_gurobi_original,mix-original,physics,R36,23,5.684341886080802e-14,K,0.0001,true
cf_vt_gurobi_original,3-35:36,model,R36,24,0.0,K,0.0001,true
cf_vt_gurobi_original,mix-original,physics,R36,24,0.0,K,0.0001,true
cf_vt_gurobi_original,3-35:36,model,R37,1,5.684341886080802e-14,K,0.0001,true
cf_vt_gurobi_original,mix-original,physics,R37,1,5.684341886080802e-14,K,0.0001,true
cf_vt_gurobi_original,3-35:36,model,R37,2,0.0,K,0.0001,true
cf_vt_gurobi_original,mix-original,physics,R37,2,0.0,K,0.0001,true
cf_vt_gurobi_original,3-35:36,model,R37,3,1.7053025658242404e-13,K,0.0001,true
cf_vt_gurobi_original,mix-original,physics,R37,3,1.7053025658242404e-13,K,0.0001,true
cf_vt_gurobi_original,3-35:36,model,R37,4,0.0,K,0.0001,true
cf_vt_gurobi_original,mix-original,physics,R37,4,0.0,K,0.0001,true
cf_vt_gurobi_original,3-35:36,model,R37,5,5.684341886080802e-14,K,0.0001,true
cf_vt_gurobi_original,mix-original,physics,R37,5,5.684341886080802e-14,K,0.0001,true
cf_vt_gurobi_original,3-35:36,model,R37,6,0.0,K,0.0001,true
cf_vt_gurobi_original,mix-original,physics,R37,6,0.0,K,0.0001,true
cf_vt_gurobi_original,3-35:36,model,R37,7,1.1368683772161603e-13,K,0.0001,true
cf_vt_gurobi_original,mix-original,physics,R37,7,1.1368683772161603e-13,K,0.0001,true
cf_vt_gurobi_original,3-35:36,model,R37,8,0.0,K,0.0001,true
cf_vt_gurobi_original,mix-original,physics,R37,8,0.0,K,0.0001,true
cf_vt_gurobi_original,3-35:36,model,R37,9,5.684341886080802e-14,K,0.0001,true
cf_vt_gurobi_original,mix-original,physics,R37,9,5.684341886080802e-14,K,0.0001,true
cf_vt_gurobi_original,3-35:36,model,R37,10,5.684341886080802e-14,K,0.0001,true
cf_vt_gurobi_original,mix-original,physics,R37,10,5.684341886080802e-14,K,0.0001,true
cf_vt_gurobi_original,3-35:36,model,R37,11,5.684341886080802e-14,K,0.0001,true
cf_vt_gurobi_original,mix-original,physics,R37,11,5.684341886080802e-14,K,0.0001,true
cf_vt_gurobi_original,3-35:36,model,R37,12,5.684341886080802e-14,K,0.0001,true
cf_vt_gurobi_original,mix-original,physics,R37,12,5.684341886080802e-14,K,0.0001,true
cf_vt_gurobi_original,3-35:36,model,R37,13,0.0,K,0.0001,true
cf_vt_gurobi_original,mix-original,physics,R37,13,0.0,K,0.0001,true
cf_vt_gurobi_original,3-35:36,model,R37,14,0.0,K,0.0001,true
cf_vt_gurobi_original,mix-original,physics,R37,14,0.0,K,0.0001,true
cf_vt_gurobi_original,3-35:36,model,R37,15,0.0,K,0.0001,true
cf_vt_gurobi_original,mix-original,physics,R37,15,0.0,K,0.0001,true
cf_vt_gurobi_original,3-35:36,model,R37,16,5.684341886080802e-14,K,0.0001,true
cf_vt_gurobi_original,mix-original,physics,R37,16,5.684341886080802e-14,K,0.0001,true
cf_vt_gurobi_original,3-35:36,model,R37,17,5.684341886080802e-14,K,0.0001,true
cf_vt_gurobi_original,mix-original,physics,R37,17,5.684341886080802e-14,K,0.0001,true
cf_vt_gurobi_original,3-35:36,model,R37,18,5.684341886080802e-14,K,0.0001,true
cf_vt_gurobi_original,mix-original,physics,R37,18,5.684341886080802e-14,K,0.0001,true
cf_vt_gurobi_original,3-35:36,model,R37,19,5.684341886080802e-14,K,0.0001,true
cf_vt_gurobi_original,mix-original,physics,R37,19,5.684341886080802e-14,K,0.0001,true
cf_vt_gurobi_original,3-35:36,model,R37,20,5.684341886080802e-14,K,0.0001,true
cf_vt_gurobi_original,mix-original,physics,R37,20,5.684341886080802e-14,K,0.0001,true
cf_vt_gurobi_original,3-35:36,model,R37,21,5.684341886080802e-14,K,0.0001,true
cf_vt_gurobi_original,mix-original,physics,R37,21,5.684341886080802e-14,K,0.0001,true
cf_vt_gurobi_original,3-35:36,model,R37,22,0.0,K,0.0001,true
cf_vt_gurobi_original,mix-original,physics,R37,22,0.0,K,0.0001,true
cf_vt_gurobi_original,3-35:36,model,R37,23,0.0,K,0.0001,true
cf_vt_gurobi_original,mix-original,physics,R37,23,0.0,K,0.0001,true
cf_vt_gurobi_original,3-35:36,model,R37,24,5.684341886080802e-14,K,0.0001,true
cf_vt_gurobi_original,mix-original,physics,R37,24,5.684341886080802e-14,K,0.0001,true
cf_vt_gurobi_original,3-35:36,model,R38,1,0.0,K,0.0001,true
cf_vt_gurobi_original,mix-original,physics,R38,1,0.0,K,0.0001,true
cf_vt_gurobi_original,3-35:36,model,R38,2,0.0,K,0.0001,true
cf_vt_gurobi_original,mix-original,physics,R38,2,0.0,K,0.0001,true
cf_vt_gurobi_original,3-35:36,model,R38,3,0.0,K,0.0001,true
cf_vt_gurobi_original,mix-original,physics,R38,3,0.0,K,0.0001,true
cf_vt_gurobi_original,3-35:36,model,R38,4,0.0,K,0.0001,true
cf_vt_gurobi_original,mix-original,physics,R38,4,0.0,K,0.0001,true
cf_vt_gurobi_original,3-35:36,model,R38,5,5.684341886080802e-14,K,0.0001,true
cf_vt_gurobi_original,mix-original,physics,R38,5,5.684341886080802e-14,K,0.0001,true
cf_vt_gurobi_original,3-35:36,model,R38,6,0.0,K,0.0001,true
cf_vt_gurobi_original,mix-original,physics,R38,6,0.0,K,0.0001,true
cf_vt_gurobi_original,3-35:36,model,R38,7,0.0,K,0.0001,true
cf_vt_gurobi_original,mix-original,physics,R38,7,0.0,K,0.0001,true
cf_vt_gurobi_original,3-35:36,model,R38,8,0.0,K,0.0001,true
cf_vt_gurobi_original,mix-original,physics,R38,8,0.0,K,0.0001,true
cf_vt_gurobi_original,3-35:36,model,R38,9,0.0,K,0.0001,true
cf_vt_gurobi_original,mix-original,physics,R38,9,0.0,K,0.0001,true
cf_vt_gurobi_original,3-35:36,model,R38,10,0.0,K,0.0001,true
cf_vt_gurobi_original,mix-original,physics,R38,10,0.0,K,0.0001,true
cf_vt_gurobi_original,3-35:36,model,R38,11,0.0,K,0.0001,true
cf_vt_gurobi_original,mix-original,physics,R38,11,0.0,K,0.0001,true
cf_vt_gurobi_original,3-35:36,model,R38,12,0.0,K,0.0001,true
cf_vt_gurobi_original,mix-original,physics,R38,12,0.0,K,0.0001,true
cf_vt_gurobi_original,3-35:36,model,R38,13,0.0,K,0.0001,true
cf_vt_gurobi_original,mix-original,physics,R38,13,0.0,K,0.0001,true
cf_vt_gurobi_original,3-35:36,model,R38,14,0.0,K,0.0001,true
cf_vt_gurobi_original,mix-original,physics,R38,14,0.0,K,0.0001,true
cf_vt_gurobi_original,3-35:36,model,R38,15,0.0,K,0.0001,true
cf_vt_gurobi_original,mix-original,physics,R38,15,0.0,K,0.0001,true
cf_vt_gurobi_original,3-35:36,model,R38,16,0.0,K,0.0001,true
cf_vt_gurobi_original,mix-original,physics,R38,16,0.0,K,0.0001,true
cf_vt_gurobi_original,3-35:36,model,R38,17,0.0,K,0.0001,true
cf_vt_gurobi_original,mix-original,physics,R38,17,0.0,K,0.0001,true
cf_vt_gurobi_original,3-35:36,model,R38,18,0.0,K,0.0001,true
cf_vt_gurobi_original,mix-original,physics,R38,18,0.0,K,0.0001,true
cf_vt_gurobi_original,3-35:36,model,R38,19,0.0,K,0.0001,true
cf_vt_gurobi_original,mix-original,physics,R38,19,0.0,K,0.0001,true
cf_vt_gurobi_original,3-35:36,model,R38,20,0.0,K,0.0001,true
cf_vt_gurobi_original,mix-original,physics,R38,20,0.0,K,0.0001,true
cf_vt_gurobi_original,3-35:36,model,R38,21,0.0,K,0.0001,true
cf_vt_gurobi_original,mix-original,physics,R38,21,0.0,K,0.0001,true
cf_vt_gurobi_original,3-35:36,model,R38,22,0.0,K,0.0001,true
cf_vt_gurobi_original,mix-original,physics,R38,22,0.0,K,0.0001,true
cf_vt_gurobi_original,3-35:36,model,R38,23,0.0,K,0.0001,true
cf_vt_gurobi_original,mix-original,physics,R38,23,0.0,K,0.0001,true
cf_vt_gurobi_original,3-35:36,model,R38,24,0.0,K,0.0001,true
cf_vt_gurobi_original,mix-original,physics,R38,24,0.0,K,0.0001,true
cf_vt_gurobi_original,3-23,model,1,1,0.0,kg/s,2.947222222222222e-5,true
cf_vt_gurobi_original,R2-fixed-flow,model,1,1,0.0,kg/s,2.947222222222222e-5,true
cf_vt_gurobi_original,3-27,model,1,1,0.0,kg/s,2.947222222222222e-5,true
cf_vt_gurobi_original,3-30,model,1,1,0.0,kg/s,2.947222222222222e-5,true
cf_vt_gurobi_original,3-32,model,1,1,0.0,1,1.0e-6,true
cf_vt_gurobi_original,3-28,model,1,1,0.0,1,1.0e-6,true
cf_vt_gurobi_original,3-29:32,model,1,1,0.0,1,1.0e-6,true
cf_vt_gurobi_original,3-31,model,1,1,0.0,1,1.0e-6,true
cf_vt_gurobi_original,3-29:32,model,1,1,0.0,1,1.0e-6,true
cf_vt_gurobi_original,3-23,model,1,2,0.0,kg/s,2.947222222222222e-5,true
cf_vt_gurobi_original,R2-fixed-flow,model,1,2,0.0,kg/s,2.947222222222222e-5,true
cf_vt_gurobi_original,3-27,model,1,2,0.0,kg/s,2.947222222222222e-5,true
cf_vt_gurobi_original,3-30,model,1,2,0.0,kg/s,2.947222222222222e-5,true
cf_vt_gurobi_original,3-32,model,1,2,0.0,1,1.0e-6,true
cf_vt_gurobi_original,3-28,model,1,2,0.0,1,1.0e-6,true
cf_vt_gurobi_original,3-29:32,model,1,2,0.0,1,1.0e-6,true
cf_vt_gurobi_original,3-31,model,1,2,0.0,1,1.0e-6,true
cf_vt_gurobi_original,3-29:32,model,1,2,0.0,1,1.0e-6,true
cf_vt_gurobi_original,3-23,model,1,3,0.0,kg/s,2.947222222222222e-5,true
cf_vt_gurobi_original,R2-fixed-flow,model,1,3,0.0,kg/s,2.947222222222222e-5,true
cf_vt_gurobi_original,3-27,model,1,3,0.0,kg/s,2.947222222222222e-5,true
cf_vt_gurobi_original,3-30,model,1,3,0.0,kg/s,2.947222222222222e-5,true
cf_vt_gurobi_original,3-32,model,1,3,0.0,1,1.0e-6,true
cf_vt_gurobi_original,3-28,model,1,3,0.0,1,1.0e-6,true
cf_vt_gurobi_original,3-29:32,model,1,3,0.0,1,1.0e-6,true
cf_vt_gurobi_original,3-31,model,1,3,0.0,1,1.0e-6,true
cf_vt_gurobi_original,3-29:32,model,1,3,0.0,1,1.0e-6,true
cf_vt_gurobi_original,3-23,model,1,4,0.0,kg/s,2.947222222222222e-5,true
cf_vt_gurobi_original,R2-fixed-flow,model,1,4,0.0,kg/s,2.947222222222222e-5,true
cf_vt_gurobi_original,3-27,model,1,4,0.0,kg/s,2.947222222222222e-5,true
cf_vt_gurobi_original,3-30,model,1,4,0.0,kg/s,2.947222222222222e-5,true
cf_vt_gurobi_original,3-32,model,1,4,0.0,1,1.0e-6,true
cf_vt_gurobi_original,3-28,model,1,4,0.0,1,1.0e-6,true
cf_vt_gurobi_original,3-29:32,model,1,4,0.0,1,1.0e-6,true
cf_vt_gurobi_original,3-31,model,1,4,0.0,1,1.0e-6,true
cf_vt_gurobi_original,3-29:32,model,1,4,0.0,1,1.0e-6,true
cf_vt_gurobi_original,3-23,model,1,5,0.0,kg/s,2.947222222222222e-5,true
cf_vt_gurobi_original,R2-fixed-flow,model,1,5,0.0,kg/s,2.947222222222222e-5,true
cf_vt_gurobi_original,3-27,model,1,5,0.0,kg/s,2.947222222222222e-5,true
cf_vt_gurobi_original,3-30,model,1,5,0.0,kg/s,2.947222222222222e-5,true
cf_vt_gurobi_original,3-32,model,1,5,0.0,1,1.0e-6,true
cf_vt_gurobi_original,3-28,model,1,5,0.0,1,1.0e-6,true
cf_vt_gurobi_original,3-29:32,model,1,5,0.0,1,1.0e-6,true
cf_vt_gurobi_original,3-31,model,1,5,0.0,1,1.0e-6,true
cf_vt_gurobi_original,3-29:32,model,1,5,0.0,1,1.0e-6,true
cf_vt_gurobi_original,3-23,model,1,6,0.0,kg/s,2.947222222222222e-5,true
cf_vt_gurobi_original,R2-fixed-flow,model,1,6,0.0,kg/s,2.947222222222222e-5,true
cf_vt_gurobi_original,3-27,model,1,6,0.0,kg/s,2.947222222222222e-5,true
cf_vt_gurobi_original,3-30,model,1,6,0.0,kg/s,2.947222222222222e-5,true
cf_vt_gurobi_original,3-32,model,1,6,0.0,1,1.0e-6,true
cf_vt_gurobi_original,3-28,model,1,6,0.0,1,1.0e-6,true
cf_vt_gurobi_original,3-29:32,model,1,6,0.0,1,1.0e-6,true
cf_vt_gurobi_original,3-31,model,1,6,0.0,1,1.0e-6,true
cf_vt_gurobi_original,3-29:32,model,1,6,0.0,1,1.0e-6,true
cf_vt_gurobi_original,3-23,model,1,7,0.0,kg/s,2.947222222222222e-5,true
cf_vt_gurobi_original,R2-fixed-flow,model,1,7,0.0,kg/s,2.947222222222222e-5,true
cf_vt_gurobi_original,3-27,model,1,7,0.0,kg/s,2.947222222222222e-5,true
cf_vt_gurobi_original,3-30,model,1,7,0.0,kg/s,2.947222222222222e-5,true
cf_vt_gurobi_original,3-32,model,1,7,0.0,1,1.0e-6,true
cf_vt_gurobi_original,3-28,model,1,7,0.0,1,1.0e-6,true
cf_vt_gurobi_original,3-29:32,model,1,7,0.0,1,1.0e-6,true
cf_vt_gurobi_original,3-31,model,1,7,0.0,1,1.0e-6,true
cf_vt_gurobi_original,3-29:32,model,1,7,0.0,1,1.0e-6,true
cf_vt_gurobi_original,3-23,model,1,8,0.0,kg/s,2.947222222222222e-5,true
cf_vt_gurobi_original,R2-fixed-flow,model,1,8,0.0,kg/s,2.947222222222222e-5,true
cf_vt_gurobi_original,3-27,model,1,8,0.0,kg/s,2.947222222222222e-5,true
cf_vt_gurobi_original,3-30,model,1,8,0.0,kg/s,2.947222222222222e-5,true
cf_vt_gurobi_original,3-32,model,1,8,0.0,1,1.0e-6,true
cf_vt_gurobi_original,3-28,model,1,8,0.0,1,1.0e-6,true
cf_vt_gurobi_original,3-29:32,model,1,8,0.0,1,1.0e-6,true
cf_vt_gurobi_original,3-31,model,1,8,0.0,1,1.0e-6,true
cf_vt_gurobi_original,3-29:32,model,1,8,0.0,1,1.0e-6,true
cf_vt_gurobi_original,3-23,model,1,9,0.0,kg/s,2.947222222222222e-5,true
cf_vt_gurobi_original,R2-fixed-flow,model,1,9,0.0,kg/s,2.947222222222222e-5,true
cf_vt_gurobi_original,3-27,model,1,9,0.0,kg/s,2.947222222222222e-5,true
cf_vt_gurobi_original,3-30,model,1,9,0.0,kg/s,2.947222222222222e-5,true
cf_vt_gurobi_original,3-32,model,1,9,0.0,1,1.0e-6,true
cf_vt_gurobi_original,3-28,model,1,9,0.0,1,1.0e-6,true
cf_vt_gurobi_original,3-29:32,model,1,9,0.0,1,1.0e-6,true
cf_vt_gurobi_original,3-31,model,1,9,0.0,1,1.0e-6,true
cf_vt_gurobi_original,3-29:32,model,1,9,0.0,1,1.0e-6,true
cf_vt_gurobi_original,3-23,model,1,10,0.0,kg/s,2.947222222222222e-5,true
cf_vt_gurobi_original,R2-fixed-flow,model,1,10,0.0,kg/s,2.947222222222222e-5,true
cf_vt_gurobi_original,3-27,model,1,10,0.0,kg/s,2.947222222222222e-5,true
cf_vt_gurobi_original,3-30,model,1,10,0.0,kg/s,2.947222222222222e-5,true
cf_vt_gurobi_original,3-32,model,1,10,0.0,1,1.0e-6,true
cf_vt_gurobi_original,3-28,model,1,10,0.0,1,1.0e-6,true
cf_vt_gurobi_original,3-29:32,model,1,10,0.0,1,1.0e-6,true
cf_vt_gurobi_original,3-31,model,1,10,0.0,1,1.0e-6,true
cf_vt_gurobi_original,3-29:32,model,1,10,0.0,1,1.0e-6,true
cf_vt_gurobi_original,3-23,model,1,11,0.0,kg/s,2.947222222222222e-5,true
cf_vt_gurobi_original,R2-fixed-flow,model,1,11,0.0,kg/s,2.947222222222222e-5,true
cf_vt_gurobi_original,3-27,model,1,11,0.0,kg/s,2.947222222222222e-5,true
cf_vt_gurobi_original,3-30,model,1,11,0.0,kg/s,2.947222222222222e-5,true
cf_vt_gurobi_original,3-32,model,1,11,0.0,1,1.0e-6,true
cf_vt_gurobi_original,3-28,model,1,11,0.0,1,1.0e-6,true
cf_vt_gurobi_original,3-29:32,model,1,11,0.0,1,1.0e-6,true
cf_vt_gurobi_original,3-31,model,1,11,0.0,1,1.0e-6,true
cf_vt_gurobi_original,3-29:32,model,1,11,0.0,1,1.0e-6,true
cf_vt_gurobi_original,3-23,model,1,12,0.0,kg/s,2.947222222222222e-5,true
cf_vt_gurobi_original,R2-fixed-flow,model,1,12,0.0,kg/s,2.947222222222222e-5,true
cf_vt_gurobi_original,3-27,model,1,12,0.0,kg/s,2.947222222222222e-5,true
cf_vt_gurobi_original,3-30,model,1,12,0.0,kg/s,2.947222222222222e-5,true
cf_vt_gurobi_original,3-32,model,1,12,0.0,1,1.0e-6,true
cf_vt_gurobi_original,3-28,model,1,12,0.0,1,1.0e-6,true
cf_vt_gurobi_original,3-29:32,model,1,12,0.0,1,1.0e-6,true
cf_vt_gurobi_original,3-31,model,1,12,0.0,1,1.0e-6,true
cf_vt_gurobi_original,3-29:32,model,1,12,0.0,1,1.0e-6,true
cf_vt_gurobi_original,3-23,model,1,13,0.0,kg/s,2.947222222222222e-5,true
cf_vt_gurobi_original,R2-fixed-flow,model,1,13,0.0,kg/s,2.947222222222222e-5,true
cf_vt_gurobi_original,3-27,model,1,13,0.0,kg/s,2.947222222222222e-5,true
cf_vt_gurobi_original,3-30,model,1,13,0.0,kg/s,2.947222222222222e-5,true
cf_vt_gurobi_original,3-32,model,1,13,0.0,1,1.0e-6,true
cf_vt_gurobi_original,3-28,model,1,13,0.0,1,1.0e-6,true
cf_vt_gurobi_original,3-29:32,model,1,13,0.0,1,1.0e-6,true
cf_vt_gurobi_original,3-31,model,1,13,0.0,1,1.0e-6,true
cf_vt_gurobi_original,3-29:32,model,1,13,0.0,1,1.0e-6,true
cf_vt_gurobi_original,3-23,model,1,14,0.0,kg/s,2.947222222222222e-5,true
cf_vt_gurobi_original,R2-fixed-flow,model,1,14,0.0,kg/s,2.947222222222222e-5,true
cf_vt_gurobi_original,3-27,model,1,14,0.0,kg/s,2.947222222222222e-5,true
cf_vt_gurobi_original,3-30,model,1,14,0.0,kg/s,2.947222222222222e-5,true
cf_vt_gurobi_original,3-32,model,1,14,0.0,1,1.0e-6,true
cf_vt_gurobi_original,3-28,model,1,14,0.0,1,1.0e-6,true
cf_vt_gurobi_original,3-29:32,model,1,14,0.0,1,1.0e-6,true
cf_vt_gurobi_original,3-31,model,1,14,0.0,1,1.0e-6,true
cf_vt_gurobi_original,3-29:32,model,1,14,0.0,1,1.0e-6,true
cf_vt_gurobi_original,3-23,model,1,15,0.0,kg/s,2.947222222222222e-5,true
cf_vt_gurobi_original,R2-fixed-flow,model,1,15,0.0,kg/s,2.947222222222222e-5,true
cf_vt_gurobi_original,3-27,model,1,15,0.0,kg/s,2.947222222222222e-5,true
cf_vt_gurobi_original,3-30,model,1,15,0.0,kg/s,2.947222222222222e-5,true
cf_vt_gurobi_original,3-32,model,1,15,0.0,1,1.0e-6,true
cf_vt_gurobi_original,3-28,model,1,15,0.0,1,1.0e-6,true
cf_vt_gurobi_original,3-29:32,model,1,15,0.0,1,1.0e-6,true
cf_vt_gurobi_original,3-31,model,1,15,0.0,1,1.0e-6,true
cf_vt_gurobi_original,3-29:32,model,1,15,0.0,1,1.0e-6,true
cf_vt_gurobi_original,3-23,model,1,16,0.0,kg/s,2.947222222222222e-5,true
cf_vt_gurobi_original,R2-fixed-flow,model,1,16,0.0,kg/s,2.947222222222222e-5,true
cf_vt_gurobi_original,3-27,model,1,16,0.0,kg/s,2.947222222222222e-5,true
cf_vt_gurobi_original,3-30,model,1,16,0.0,kg/s,2.947222222222222e-5,true
cf_vt_gurobi_original,3-32,model,1,16,0.0,1,1.0e-6,true
cf_vt_gurobi_original,3-28,model,1,16,0.0,1,1.0e-6,true
cf_vt_gurobi_original,3-29:32,model,1,16,0.0,1,1.0e-6,true
cf_vt_gurobi_original,3-31,model,1,16,0.0,1,1.0e-6,true
cf_vt_gurobi_original,3-29:32,model,1,16,0.0,1,1.0e-6,true
cf_vt_gurobi_original,3-23,model,1,17,0.0,kg/s,2.947222222222222e-5,true
cf_vt_gurobi_original,R2-fixed-flow,model,1,17,0.0,kg/s,2.947222222222222e-5,true
cf_vt_gurobi_original,3-27,model,1,17,0.0,kg/s,2.947222222222222e-5,true
cf_vt_gurobi_original,3-30,model,1,17,0.0,kg/s,2.947222222222222e-5,true
cf_vt_gurobi_original,3-32,model,1,17,0.0,1,1.0e-6,true
cf_vt_gurobi_original,3-28,model,1,17,0.0,1,1.0e-6,true
cf_vt_gurobi_original,3-29:32,model,1,17,0.0,1,1.0e-6,true
cf_vt_gurobi_original,3-31,model,1,17,0.0,1,1.0e-6,true
cf_vt_gurobi_original,3-29:32,model,1,17,0.0,1,1.0e-6,true
cf_vt_gurobi_original,3-23,model,1,18,0.0,kg/s,2.947222222222222e-5,true
cf_vt_gurobi_original,R2-fixed-flow,model,1,18,0.0,kg/s,2.947222222222222e-5,true
cf_vt_gurobi_original,3-27,model,1,18,0.0,kg/s,2.947222222222222e-5,true
cf_vt_gurobi_original,3-30,model,1,18,0.0,kg/s,2.947222222222222e-5,true
cf_vt_gurobi_original,3-32,model,1,18,0.0,1,1.0e-6,true
cf_vt_gurobi_original,3-28,model,1,18,0.0,1,1.0e-6,true
cf_vt_gurobi_original,3-29:32,model,1,18,0.0,1,1.0e-6,true
cf_vt_gurobi_original,3-31,model,1,18,0.0,1,1.0e-6,true
cf_vt_gurobi_original,3-29:32,model,1,18,0.0,1,1.0e-6,true
cf_vt_gurobi_original,3-23,model,1,19,0.0,kg/s,2.947222222222222e-5,true
cf_vt_gurobi_original,R2-fixed-flow,model,1,19,0.0,kg/s,2.947222222222222e-5,true
cf_vt_gurobi_original,3-27,model,1,19,0.0,kg/s,2.947222222222222e-5,true
cf_vt_gurobi_original,3-30,model,1,19,0.0,kg/s,2.947222222222222e-5,true
cf_vt_gurobi_original,3-32,model,1,19,0.0,1,1.0e-6,true
cf_vt_gurobi_original,3-28,model,1,19,0.0,1,1.0e-6,true
cf_vt_gurobi_original,3-29:32,model,1,19,0.0,1,1.0e-6,true
cf_vt_gurobi_original,3-31,model,1,19,0.0,1,1.0e-6,true
cf_vt_gurobi_original,3-29:32,model,1,19,0.0,1,1.0e-6,true
cf_vt_gurobi_original,3-23,model,1,20,0.0,kg/s,2.947222222222222e-5,true
cf_vt_gurobi_original,R2-fixed-flow,model,1,20,0.0,kg/s,2.947222222222222e-5,true
cf_vt_gurobi_original,3-27,model,1,20,0.0,kg/s,2.947222222222222e-5,true
cf_vt_gurobi_original,3-30,model,1,20,0.0,kg/s,2.947222222222222e-5,true
cf_vt_gurobi_original,3-32,model,1,20,0.0,1,1.0e-6,true
cf_vt_gurobi_original,3-28,model,1,20,0.0,1,1.0e-6,true
cf_vt_gurobi_original,3-29:32,model,1,20,0.0,1,1.0e-6,true
cf_vt_gurobi_original,3-31,model,1,20,0.0,1,1.0e-6,true
cf_vt_gurobi_original,3-29:32,model,1,20,0.0,1,1.0e-6,true
cf_vt_gurobi_original,3-23,model,1,21,0.0,kg/s,2.947222222222222e-5,true
cf_vt_gurobi_original,R2-fixed-flow,model,1,21,0.0,kg/s,2.947222222222222e-5,true
cf_vt_gurobi_original,3-27,model,1,21,0.0,kg/s,2.947222222222222e-5,true
cf_vt_gurobi_original,3-30,model,1,21,0.0,kg/s,2.947222222222222e-5,true
cf_vt_gurobi_original,3-32,model,1,21,0.0,1,1.0e-6,true
cf_vt_gurobi_original,3-28,model,1,21,0.0,1,1.0e-6,true
cf_vt_gurobi_original,3-29:32,model,1,21,0.0,1,1.0e-6,true
cf_vt_gurobi_original,3-31,model,1,21,0.0,1,1.0e-6,true
cf_vt_gurobi_original,3-29:32,model,1,21,0.0,1,1.0e-6,true
cf_vt_gurobi_original,3-23,model,1,22,0.0,kg/s,2.947222222222222e-5,true
cf_vt_gurobi_original,R2-fixed-flow,model,1,22,0.0,kg/s,2.947222222222222e-5,true
cf_vt_gurobi_original,3-27,model,1,22,0.0,kg/s,2.947222222222222e-5,true
cf_vt_gurobi_original,3-30,model,1,22,0.0,kg/s,2.947222222222222e-5,true
cf_vt_gurobi_original,3-32,model,1,22,0.0,1,1.0e-6,true
cf_vt_gurobi_original,3-28,model,1,22,0.0,1,1.0e-6,true
cf_vt_gurobi_original,3-29:32,model,1,22,0.0,1,1.0e-6,true
cf_vt_gurobi_original,3-31,model,1,22,0.0,1,1.0e-6,true
cf_vt_gurobi_original,3-29:32,model,1,22,0.0,1,1.0e-6,true
cf_vt_gurobi_original,3-23,model,1,23,0.0,kg/s,2.947222222222222e-5,true
cf_vt_gurobi_original,R2-fixed-flow,model,1,23,0.0,kg/s,2.947222222222222e-5,true
cf_vt_gurobi_original,3-27,model,1,23,0.0,kg/s,2.947222222222222e-5,true
cf_vt_gurobi_original,3-30,model,1,23,0.0,kg/s,2.947222222222222e-5,true
cf_vt_gurobi_original,3-32,model,1,23,0.0,1,1.0e-6,true
cf_vt_gurobi_original,3-28,model,1,23,0.0,1,1.0e-6,true
cf_vt_gurobi_original,3-29:32,model,1,23,0.0,1,1.0e-6,true
cf_vt_gurobi_original,3-31,model,1,23,0.0,1,1.0e-6,true
cf_vt_gurobi_original,3-29:32,model,1,23,0.0,1,1.0e-6,true
cf_vt_gurobi_original,3-23,model,1,24,0.0,kg/s,2.947222222222222e-5,true
cf_vt_gurobi_original,R2-fixed-flow,model,1,24,0.0,kg/s,2.947222222222222e-5,true
cf_vt_gurobi_original,3-27,model,1,24,0.0,kg/s,2.947222222222222e-5,true
cf_vt_gurobi_original,3-30,model,1,24,0.0,kg/s,2.947222222222222e-5,true
cf_vt_gurobi_original,3-32,model,1,24,0.0,1,1.0e-6,true
cf_vt_gurobi_original,3-28,model,1,24,0.0,1,1.0e-6,true
cf_vt_gurobi_original,3-29:32,model,1,24,0.0,1,1.0e-6,true
cf_vt_gurobi_original,3-31,model,1,24,0.0,1,1.0e-6,true
cf_vt_gurobi_original,3-29:32,model,1,24,0.0,1,1.0e-6,true
cf_vt_gurobi_original,3-39:40,model,S1,1,0.0,K,0.0001,true
cf_vt_gurobi_original,3-41,model,1,1,0.0,K,0.0001,true
cf_vt_gurobi_original,3-41,model,1,1,0.0,K,0.0001,true
cf_vt_gurobi_original,3-23-kappa,model,1,1,0.0,kPa,0.005199261864978687,true
cf_vt_gurobi_original,3-22,model,S1,1,1.0932978629850379e-17,normalized,1.0e-6,true
cf_vt_gurobi_original,3-26,model,S1,1,0.0,normalized,1.0e-6,true
cf_vt_gurobi_original,3-25,physics,S1,1,0.0,normalized,1.0e-6,true
cf_vt_gurobi_original,WMM-replay,physics,S1,1,0.0,K,0.0001,true
cf_vt_gurobi_original,3-33:34,model,S1,1,0.0,K,0.0001,true
cf_vt_gurobi_original,3-39:40,model,S1,2,0.0,K,0.0001,true
cf_vt_gurobi_original,3-41,model,1,2,0.0,K,0.0001,true
cf_vt_gurobi_original,3-41,model,1,2,0.0,K,0.0001,true
cf_vt_gurobi_original,3-23-kappa,model,1,2,0.0,kPa,0.005199261864978687,true
cf_vt_gurobi_original,3-22,model,S1,2,1.0932978629850379e-17,normalized,1.0e-6,true
cf_vt_gurobi_original,3-26,model,S1,2,0.0,normalized,1.0e-6,true
cf_vt_gurobi_original,3-25,physics,S1,2,0.0,normalized,1.0e-6,true
cf_vt_gurobi_original,WMM-replay,physics,S1,2,0.0,K,0.0001,true
cf_vt_gurobi_original,3-33:34,model,S1,2,0.0,K,0.0001,true
cf_vt_gurobi_original,3-39:40,model,S1,3,0.0,K,0.0001,true
cf_vt_gurobi_original,3-41,model,1,3,0.0,K,0.0001,true
cf_vt_gurobi_original,3-41,model,1,3,0.0,K,0.0001,true
cf_vt_gurobi_original,3-23-kappa,model,1,3,0.0,kPa,0.005199261864978687,true
cf_vt_gurobi_original,3-22,model,S1,3,1.0932978629850379e-17,normalized,1.0e-6,true
cf_vt_gurobi_original,3-26,model,S1,3,0.0,normalized,1.0e-6,true
cf_vt_gurobi_original,3-25,physics,S1,3,0.0,normalized,1.0e-6,true
cf_vt_gurobi_original,WMM-replay,physics,S1,3,5.684341886080802e-14,K,0.0001,true
cf_vt_gurobi_original,3-33:34,model,S1,3,5.684341886080802e-14,K,0.0001,true
cf_vt_gurobi_original,3-39:40,model,S1,4,0.0,K,0.0001,true
cf_vt_gurobi_original,3-41,model,1,4,0.0,K,0.0001,true
cf_vt_gurobi_original,3-41,model,1,4,0.0,K,0.0001,true
cf_vt_gurobi_original,3-23-kappa,model,1,4,0.0,kPa,0.005199261864978687,true
cf_vt_gurobi_original,3-22,model,S1,4,1.0932978629850379e-17,normalized,1.0e-6,true
cf_vt_gurobi_original,3-26,model,S1,4,0.0,normalized,1.0e-6,true
cf_vt_gurobi_original,3-25,physics,S1,4,0.0,normalized,1.0e-6,true
cf_vt_gurobi_original,WMM-replay,physics,S1,4,0.0,K,0.0001,true
cf_vt_gurobi_original,3-33:34,model,S1,4,0.0,K,0.0001,true
cf_vt_gurobi_original,3-39:40,model,S1,5,0.0,K,0.0001,true
cf_vt_gurobi_original,3-41,model,1,5,0.0,K,0.0001,true
cf_vt_gurobi_original,3-41,model,1,5,0.0,K,0.0001,true
cf_vt_gurobi_original,3-23-kappa,model,1,5,0.0,kPa,0.005199261864978687,true
cf_vt_gurobi_original,3-22,model,S1,5,1.0932978629850379e-17,normalized,1.0e-6,true
cf_vt_gurobi_original,3-26,model,S1,5,0.0,normalized,1.0e-6,true
cf_vt_gurobi_original,3-25,physics,S1,5,0.0,normalized,1.0e-6,true
cf_vt_gurobi_original,WMM-replay,physics,S1,5,5.684341886080802e-14,K,0.0001,true
cf_vt_gurobi_original,3-33:34,model,S1,5,5.684341886080802e-14,K,0.0001,true
cf_vt_gurobi_original,3-39:40,model,S1,6,0.0,K,0.0001,true
cf_vt_gurobi_original,3-41,model,1,6,0.0,K,0.0001,true
cf_vt_gurobi_original,3-41,model,1,6,0.0,K,0.0001,true
cf_vt_gurobi_original,3-23-kappa,model,1,6,0.0,kPa,0.005199261864978687,true
cf_vt_gurobi_original,3-22,model,S1,6,1.0932978629850379e-17,normalized,1.0e-6,true
cf_vt_gurobi_original,3-26,model,S1,6,0.0,normalized,1.0e-6,true
cf_vt_gurobi_original,3-25,physics,S1,6,0.0,normalized,1.0e-6,true
cf_vt_gurobi_original,WMM-replay,physics,S1,6,0.0,K,0.0001,true
cf_vt_gurobi_original,3-33:34,model,S1,6,0.0,K,0.0001,true
cf_vt_gurobi_original,3-39:40,model,S1,7,0.0,K,0.0001,true
cf_vt_gurobi_original,3-41,model,1,7,0.0,K,0.0001,true
cf_vt_gurobi_original,3-41,model,1,7,0.0,K,0.0001,true
cf_vt_gurobi_original,3-23-kappa,model,1,7,0.0,kPa,0.005199261864978687,true
cf_vt_gurobi_original,3-22,model,S1,7,1.0932978629850379e-17,normalized,1.0e-6,true
cf_vt_gurobi_original,3-26,model,S1,7,0.0,normalized,1.0e-6,true
cf_vt_gurobi_original,3-25,physics,S1,7,0.0,normalized,1.0e-6,true
cf_vt_gurobi_original,WMM-replay,physics,S1,7,0.0,K,0.0001,true
cf_vt_gurobi_original,3-33:34,model,S1,7,0.0,K,0.0001,true
cf_vt_gurobi_original,3-39:40,model,S1,8,0.0,K,0.0001,true
cf_vt_gurobi_original,3-41,model,1,8,0.0,K,0.0001,true
cf_vt_gurobi_original,3-41,model,1,8,0.0,K,0.0001,true
cf_vt_gurobi_original,3-23-kappa,model,1,8,0.0,kPa,0.005199261864978687,true
cf_vt_gurobi_original,3-22,model,S1,8,1.0932978629850379e-17,normalized,1.0e-6,true
cf_vt_gurobi_original,3-26,model,S1,8,0.0,normalized,1.0e-6,true
cf_vt_gurobi_original,3-25,physics,S1,8,0.0,normalized,1.0e-6,true
cf_vt_gurobi_original,WMM-replay,physics,S1,8,5.684341886080802e-14,K,0.0001,true
cf_vt_gurobi_original,3-33:34,model,S1,8,5.684341886080802e-14,K,0.0001,true
cf_vt_gurobi_original,3-39:40,model,S1,9,0.0,K,0.0001,true
cf_vt_gurobi_original,3-41,model,1,9,0.0,K,0.0001,true
cf_vt_gurobi_original,3-41,model,1,9,0.0,K,0.0001,true
cf_vt_gurobi_original,3-23-kappa,model,1,9,0.0,kPa,0.005199261864978687,true
cf_vt_gurobi_original,3-22,model,S1,9,1.0932978629850379e-17,normalized,1.0e-6,true
cf_vt_gurobi_original,3-26,model,S1,9,0.0,normalized,1.0e-6,true
cf_vt_gurobi_original,3-25,physics,S1,9,0.0,normalized,1.0e-6,true
cf_vt_gurobi_original,WMM-replay,physics,S1,9,0.0,K,0.0001,true
cf_vt_gurobi_original,3-33:34,model,S1,9,0.0,K,0.0001,true
cf_vt_gurobi_original,3-39:40,model,S1,10,0.0,K,0.0001,true
cf_vt_gurobi_original,3-41,model,1,10,0.0,K,0.0001,true
cf_vt_gurobi_original,3-41,model,1,10,0.0,K,0.0001,true
cf_vt_gurobi_original,3-23-kappa,model,1,10,0.0,kPa,0.005199261864978687,true
cf_vt_gurobi_original,3-22,model,S1,10,1.0932978629850379e-17,normalized,1.0e-6,true
cf_vt_gurobi_original,3-26,model,S1,10,0.0,normalized,1.0e-6,true
cf_vt_gurobi_original,3-25,physics,S1,10,0.0,normalized,1.0e-6,true
cf_vt_gurobi_original,WMM-replay,physics,S1,10,0.0,K,0.0001,true
cf_vt_gurobi_original,3-33:34,model,S1,10,0.0,K,0.0001,true
cf_vt_gurobi_original,3-39:40,model,S1,11,0.0,K,0.0001,true
cf_vt_gurobi_original,3-41,model,1,11,0.0,K,0.0001,true
cf_vt_gurobi_original,3-41,model,1,11,0.0,K,0.0001,true
cf_vt_gurobi_original,3-23-kappa,model,1,11,0.0,kPa,0.005199261864978687,true
cf_vt_gurobi_original,3-22,model,S1,11,1.0932978629850379e-17,normalized,1.0e-6,true
cf_vt_gurobi_original,3-26,model,S1,11,0.0,normalized,1.0e-6,true
cf_vt_gurobi_original,3-25,physics,S1,11,0.0,normalized,1.0e-6,true
cf_vt_gurobi_original,WMM-replay,physics,S1,11,0.0,K,0.0001,true
cf_vt_gurobi_original,3-33:34,model,S1,11,0.0,K,0.0001,true
cf_vt_gurobi_original,3-39:40,model,S1,12,0.0,K,0.0001,true
cf_vt_gurobi_original,3-41,model,1,12,0.0,K,0.0001,true
cf_vt_gurobi_original,3-41,model,1,12,0.0,K,0.0001,true
cf_vt_gurobi_original,3-23-kappa,model,1,12,0.0,kPa,0.005199261864978687,true
cf_vt_gurobi_original,3-22,model,S1,12,1.0932978629850379e-17,normalized,1.0e-6,true
cf_vt_gurobi_original,3-26,model,S1,12,0.0,normalized,1.0e-6,true
cf_vt_gurobi_original,3-25,physics,S1,12,0.0,normalized,1.0e-6,true
cf_vt_gurobi_original,WMM-replay,physics,S1,12,0.0,K,0.0001,true
cf_vt_gurobi_original,3-33:34,model,S1,12,0.0,K,0.0001,true
cf_vt_gurobi_original,3-39:40,model,S1,13,0.0,K,0.0001,true
cf_vt_gurobi_original,3-41,model,1,13,0.0,K,0.0001,true
cf_vt_gurobi_original,3-41,model,1,13,0.0,K,0.0001,true
cf_vt_gurobi_original,3-23-kappa,model,1,13,0.0,kPa,0.005199261864978687,true
cf_vt_gurobi_original,3-22,model,S1,13,1.0932978629850379e-17,normalized,1.0e-6,true
cf_vt_gurobi_original,3-26,model,S1,13,0.0,normalized,1.0e-6,true
cf_vt_gurobi_original,3-25,physics,S1,13,0.0,normalized,1.0e-6,true
cf_vt_gurobi_original,WMM-replay,physics,S1,13,0.0,K,0.0001,true
cf_vt_gurobi_original,3-33:34,model,S1,13,0.0,K,0.0001,true
cf_vt_gurobi_original,3-39:40,model,S1,14,0.0,K,0.0001,true
cf_vt_gurobi_original,3-41,model,1,14,0.0,K,0.0001,true
cf_vt_gurobi_original,3-41,model,1,14,0.0,K,0.0001,true
cf_vt_gurobi_original,3-23-kappa,model,1,14,0.0,kPa,0.005199261864978687,true
cf_vt_gurobi_original,3-22,model,S1,14,1.0932978629850379e-17,normalized,1.0e-6,true
cf_vt_gurobi_original,3-26,model,S1,14,0.0,normalized,1.0e-6,true
cf_vt_gurobi_original,3-25,physics,S1,14,0.0,normalized,1.0e-6,true
cf_vt_gurobi_original,WMM-replay,physics,S1,14,0.0,K,0.0001,true
cf_vt_gurobi_original,3-33:34,model,S1,14,0.0,K,0.0001,true
cf_vt_gurobi_original,3-39:40,model,S1,15,0.0,K,0.0001,true
cf_vt_gurobi_original,3-41,model,1,15,0.0,K,0.0001,true
cf_vt_gurobi_original,3-41,model,1,15,0.0,K,0.0001,true
cf_vt_gurobi_original,3-23-kappa,model,1,15,0.0,kPa,0.005199261864978687,true
cf_vt_gurobi_original,3-22,model,S1,15,1.0932978629850379e-17,normalized,1.0e-6,true
cf_vt_gurobi_original,3-26,model,S1,15,0.0,normalized,1.0e-6,true
cf_vt_gurobi_original,3-25,physics,S1,15,0.0,normalized,1.0e-6,true
cf_vt_gurobi_original,WMM-replay,physics,S1,15,0.0,K,0.0001,true
cf_vt_gurobi_original,3-33:34,model,S1,15,0.0,K,0.0001,true
cf_vt_gurobi_original,3-39:40,model,S1,16,0.0,K,0.0001,true
cf_vt_gurobi_original,3-41,model,1,16,0.0,K,0.0001,true
cf_vt_gurobi_original,3-41,model,1,16,0.0,K,0.0001,true
cf_vt_gurobi_original,3-23-kappa,model,1,16,0.0,kPa,0.005199261864978687,true
cf_vt_gurobi_original,3-22,model,S1,16,1.0932978629850379e-17,normalized,1.0e-6,true
cf_vt_gurobi_original,3-26,model,S1,16,0.0,normalized,1.0e-6,true
cf_vt_gurobi_original,3-25,physics,S1,16,0.0,normalized,1.0e-6,true
cf_vt_gurobi_original,WMM-replay,physics,S1,16,0.0,K,0.0001,true
cf_vt_gurobi_original,3-33:34,model,S1,16,0.0,K,0.0001,true
cf_vt_gurobi_original,3-39:40,model,S1,17,0.0,K,0.0001,true
cf_vt_gurobi_original,3-41,model,1,17,0.0,K,0.0001,true
cf_vt_gurobi_original,3-41,model,1,17,0.0,K,0.0001,true
cf_vt_gurobi_original,3-23-kappa,model,1,17,0.0,kPa,0.005199261864978687,true
cf_vt_gurobi_original,3-22,model,S1,17,1.0932978629850379e-17,normalized,1.0e-6,true
cf_vt_gurobi_original,3-26,model,S1,17,0.0,normalized,1.0e-6,true
cf_vt_gurobi_original,3-25,physics,S1,17,0.0,normalized,1.0e-6,true
cf_vt_gurobi_original,WMM-replay,physics,S1,17,0.0,K,0.0001,true
cf_vt_gurobi_original,3-33:34,model,S1,17,0.0,K,0.0001,true
cf_vt_gurobi_original,3-39:40,model,S1,18,0.0,K,0.0001,true
cf_vt_gurobi_original,3-41,model,1,18,0.0,K,0.0001,true
cf_vt_gurobi_original,3-41,model,1,18,0.0,K,0.0001,true
cf_vt_gurobi_original,3-23-kappa,model,1,18,0.0,kPa,0.005199261864978687,true
cf_vt_gurobi_original,3-22,model,S1,18,1.0932978629850379e-17,normalized,1.0e-6,true
cf_vt_gurobi_original,3-26,model,S1,18,0.0,normalized,1.0e-6,true
cf_vt_gurobi_original,3-25,physics,S1,18,0.0,normalized,1.0e-6,true
cf_vt_gurobi_original,WMM-replay,physics,S1,18,0.0,K,0.0001,true
cf_vt_gurobi_original,3-33:34,model,S1,18,0.0,K,0.0001,true
cf_vt_gurobi_original,3-39:40,model,S1,19,0.0,K,0.0001,true
cf_vt_gurobi_original,3-41,model,1,19,0.0,K,0.0001,true
cf_vt_gurobi_original,3-41,model,1,19,0.0,K,0.0001,true
cf_vt_gurobi_original,3-23-kappa,model,1,19,0.0,kPa,0.005199261864978687,true
cf_vt_gurobi_original,3-22,model,S1,19,1.0932978629850379e-17,normalized,1.0e-6,true
cf_vt_gurobi_original,3-26,model,S1,19,0.0,normalized,1.0e-6,true
cf_vt_gurobi_original,3-25,physics,S1,19,0.0,normalized,1.0e-6,true
cf_vt_gurobi_original,WMM-replay,physics,S1,19,0.0,K,0.0001,true
cf_vt_gurobi_original,3-33:34,model,S1,19,0.0,K,0.0001,true
cf_vt_gurobi_original,3-39:40,model,S1,20,0.0,K,0.0001,true
cf_vt_gurobi_original,3-41,model,1,20,0.0,K,0.0001,true
cf_vt_gurobi_original,3-41,model,1,20,0.0,K,0.0001,true
cf_vt_gurobi_original,3-23-kappa,model,1,20,0.0,kPa,0.005199261864978687,true
cf_vt_gurobi_original,3-22,model,S1,20,1.0932978629850379e-17,normalized,1.0e-6,true
cf_vt_gurobi_original,3-26,model,S1,20,0.0,normalized,1.0e-6,true
cf_vt_gurobi_original,3-25,physics,S1,20,0.0,normalized,1.0e-6,true
cf_vt_gurobi_original,WMM-replay,physics,S1,20,0.0,K,0.0001,true
cf_vt_gurobi_original,3-33:34,model,S1,20,0.0,K,0.0001,true
cf_vt_gurobi_original,3-39:40,model,S1,21,0.0,K,0.0001,true
cf_vt_gurobi_original,3-41,model,1,21,0.0,K,0.0001,true
cf_vt_gurobi_original,3-41,model,1,21,0.0,K,0.0001,true
cf_vt_gurobi_original,3-23-kappa,model,1,21,0.0,kPa,0.005199261864978687,true
cf_vt_gurobi_original,3-22,model,S1,21,1.0932978629850379e-17,normalized,1.0e-6,true
cf_vt_gurobi_original,3-26,model,S1,21,0.0,normalized,1.0e-6,true
cf_vt_gurobi_original,3-25,physics,S1,21,0.0,normalized,1.0e-6,true
cf_vt_gurobi_original,WMM-replay,physics,S1,21,0.0,K,0.0001,true
cf_vt_gurobi_original,3-33:34,model,S1,21,0.0,K,0.0001,true
cf_vt_gurobi_original,3-39:40,model,S1,22,0.0,K,0.0001,true
cf_vt_gurobi_original,3-41,model,1,22,0.0,K,0.0001,true
cf_vt_gurobi_original,3-41,model,1,22,0.0,K,0.0001,true
cf_vt_gurobi_original,3-23-kappa,model,1,22,0.0,kPa,0.005199261864978687,true
cf_vt_gurobi_original,3-22,model,S1,22,1.0932978629850379e-17,normalized,1.0e-6,true
cf_vt_gurobi_original,3-26,model,S1,22,0.0,normalized,1.0e-6,true
cf_vt_gurobi_original,3-25,physics,S1,22,0.0,normalized,1.0e-6,true
cf_vt_gurobi_original,WMM-replay,physics,S1,22,0.0,K,0.0001,true
cf_vt_gurobi_original,3-33:34,model,S1,22,0.0,K,0.0001,true
cf_vt_gurobi_original,3-39:40,model,S1,23,0.0,K,0.0001,true
cf_vt_gurobi_original,3-41,model,1,23,0.0,K,0.0001,true
cf_vt_gurobi_original,3-41,model,1,23,0.0,K,0.0001,true
cf_vt_gurobi_original,3-23-kappa,model,1,23,0.0,kPa,0.005199261864978687,true
cf_vt_gurobi_original,3-22,model,S1,23,1.0932978629850379e-17,normalized,1.0e-6,true
cf_vt_gurobi_original,3-26,model,S1,23,0.0,normalized,1.0e-6,true
cf_vt_gurobi_original,3-25,physics,S1,23,0.0,normalized,1.0e-6,true
cf_vt_gurobi_original,WMM-replay,physics,S1,23,0.0,K,0.0001,true
cf_vt_gurobi_original,3-33:34,model,S1,23,0.0,K,0.0001,true
cf_vt_gurobi_original,3-39:40,model,S1,24,0.0,K,0.0001,true
cf_vt_gurobi_original,3-41,model,1,24,0.0,K,0.0001,true
cf_vt_gurobi_original,3-41,model,1,24,0.0,K,0.0001,true
cf_vt_gurobi_original,3-23-kappa,model,1,24,0.0,kPa,0.005199261864978687,true
cf_vt_gurobi_original,3-22,model,S1,24,1.0932978629850379e-17,normalized,1.0e-6,true
cf_vt_gurobi_original,3-26,model,S1,24,0.0,normalized,1.0e-6,true
cf_vt_gurobi_original,3-25,physics,S1,24,0.0,normalized,1.0e-6,true
cf_vt_gurobi_original,WMM-replay,physics,S1,24,0.0,K,0.0001,true
cf_vt_gurobi_original,3-33:34,model,S1,24,0.0,K,0.0001,true
cf_vt_gurobi_original,3-39:40,model,R1,1,0.0,K,0.0001,true
cf_vt_gurobi_original,3-41,model,1,1,0.0,K,0.0001,true
cf_vt_gurobi_original,3-41,model,1,1,0.0,K,0.0001,true
cf_vt_gurobi_original,3-23-kappa,model,1,1,0.0,kPa,0.005199261864978687,true
cf_vt_gurobi_original,3-22,model,R1,1,0.0,normalized,1.0e-6,true
cf_vt_gurobi_original,3-26,model,R1,1,0.0,normalized,1.0e-6,true
cf_vt_gurobi_original,3-25,physics,R1,1,0.0,normalized,1.0e-6,true
cf_vt_gurobi_original,WMM-replay,physics,R1,1,5.684341886080802e-14,K,0.0001,true
cf_vt_gurobi_original,3-33:34,model,R1,1,5.684341886080802e-14,K,0.0001,true
cf_vt_gurobi_original,3-39:40,model,R1,2,0.0,K,0.0001,true
cf_vt_gurobi_original,3-41,model,1,2,0.0,K,0.0001,true
cf_vt_gurobi_original,3-41,model,1,2,0.0,K,0.0001,true
cf_vt_gurobi_original,3-23-kappa,model,1,2,0.0,kPa,0.005199261864978687,true
cf_vt_gurobi_original,3-22,model,R1,2,0.0,normalized,1.0e-6,true
cf_vt_gurobi_original,3-26,model,R1,2,0.0,normalized,1.0e-6,true
cf_vt_gurobi_original,3-25,physics,R1,2,0.0,normalized,1.0e-6,true
cf_vt_gurobi_original,WMM-replay,physics,R1,2,5.684341886080802e-14,K,0.0001,true
cf_vt_gurobi_original,3-33:34,model,R1,2,5.684341886080802e-14,K,0.0001,true
cf_vt_gurobi_original,3-39:40,model,R1,3,0.0,K,0.0001,true
cf_vt_gurobi_original,3-41,model,1,3,0.0,K,0.0001,true
cf_vt_gurobi_original,3-41,model,1,3,0.0,K,0.0001,true
cf_vt_gurobi_original,3-23-kappa,model,1,3,0.0,kPa,0.005199261864978687,true
cf_vt_gurobi_original,3-22,model,R1,3,0.0,normalized,1.0e-6,true
cf_vt_gurobi_original,3-26,model,R1,3,0.0,normalized,1.0e-6,true
cf_vt_gurobi_original,3-25,physics,R1,3,0.0,normalized,1.0e-6,true
cf_vt_gurobi_original,WMM-replay,physics,R1,3,0.0,K,0.0001,true
cf_vt_gurobi_original,3-33:34,model,R1,3,0.0,K,0.0001,true
cf_vt_gurobi_original,3-39:40,model,R1,4,0.0,K,0.0001,true
cf_vt_gurobi_original,3-41,model,1,4,0.0,K,0.0001,true
cf_vt_gurobi_original,3-41,model,1,4,0.0,K,0.0001,true
cf_vt_gurobi_original,3-23-kappa,model,1,4,0.0,kPa,0.005199261864978687,true
cf_vt_gurobi_original,3-22,model,R1,4,0.0,normalized,1.0e-6,true
cf_vt_gurobi_original,3-26,model,R1,4,0.0,normalized,1.0e-6,true
cf_vt_gurobi_original,3-25,physics,R1,4,0.0,normalized,1.0e-6,true
cf_vt_gurobi_original,WMM-replay,physics,R1,4,5.684341886080802e-14,K,0.0001,true
cf_vt_gurobi_original,3-33:34,model,R1,4,5.684341886080802e-14,K,0.0001,true
cf_vt_gurobi_original,3-39:40,model,R1,5,0.0,K,0.0001,true
cf_vt_gurobi_original,3-41,model,1,5,0.0,K,0.0001,true
cf_vt_gurobi_original,3-41,model,1,5,0.0,K,0.0001,true
cf_vt_gurobi_original,3-23-kappa,model,1,5,0.0,kPa,0.005199261864978687,true
cf_vt_gurobi_original,3-22,model,R1,5,0.0,normalized,1.0e-6,true
cf_vt_gurobi_original,3-26,model,R1,5,0.0,normalized,1.0e-6,true
cf_vt_gurobi_original,3-25,physics,R1,5,0.0,normalized,1.0e-6,true
cf_vt_gurobi_original,WMM-replay,physics,R1,5,5.684341886080802e-14,K,0.0001,true
cf_vt_gurobi_original,3-33:34,model,R1,5,5.684341886080802e-14,K,0.0001,true
cf_vt_gurobi_original,3-39:40,model,R1,6,0.0,K,0.0001,true
cf_vt_gurobi_original,3-41,model,1,6,0.0,K,0.0001,true
cf_vt_gurobi_original,3-41,model,1,6,0.0,K,0.0001,true
cf_vt_gurobi_original,3-23-kappa,model,1,6,0.0,kPa,0.005199261864978687,true
cf_vt_gurobi_original,3-22,model,R1,6,0.0,normalized,1.0e-6,true
cf_vt_gurobi_original,3-26,model,R1,6,0.0,normalized,1.0e-6,true
cf_vt_gurobi_original,3-25,physics,R1,6,0.0,normalized,1.0e-6,true
cf_vt_gurobi_original,WMM-replay,physics,R1,6,5.684341886080802e-14,K,0.0001,true
cf_vt_gurobi_original,3-33:34,model,R1,6,5.684341886080802e-14,K,0.0001,true
cf_vt_gurobi_original,3-39:40,model,R1,7,0.0,K,0.0001,true
cf_vt_gurobi_original,3-41,model,1,7,0.0,K,0.0001,true
cf_vt_gurobi_original,3-41,model,1,7,0.0,K,0.0001,true
cf_vt_gurobi_original,3-23-kappa,model,1,7,0.0,kPa,0.005199261864978687,true
cf_vt_gurobi_original,3-22,model,R1,7,0.0,normalized,1.0e-6,true
cf_vt_gurobi_original,3-26,model,R1,7,0.0,normalized,1.0e-6,true
cf_vt_gurobi_original,3-25,physics,R1,7,0.0,normalized,1.0e-6,true
cf_vt_gurobi_original,WMM-replay,physics,R1,7,0.0,K,0.0001,true
cf_vt_gurobi_original,3-33:34,model,R1,7,0.0,K,0.0001,true
cf_vt_gurobi_original,3-39:40,model,R1,8,0.0,K,0.0001,true
cf_vt_gurobi_original,3-41,model,1,8,0.0,K,0.0001,true
cf_vt_gurobi_original,3-41,model,1,8,0.0,K,0.0001,true
cf_vt_gurobi_original,3-23-kappa,model,1,8,0.0,kPa,0.005199261864978687,true
cf_vt_gurobi_original,3-22,model,R1,8,0.0,normalized,1.0e-6,true
cf_vt_gurobi_original,3-26,model,R1,8,0.0,normalized,1.0e-6,true
cf_vt_gurobi_original,3-25,physics,R1,8,0.0,normalized,1.0e-6,true
cf_vt_gurobi_original,WMM-replay,physics,R1,8,5.684341886080802e-14,K,0.0001,true
cf_vt_gurobi_original,3-33:34,model,R1,8,5.684341886080802e-14,K,0.0001,true
cf_vt_gurobi_original,3-39:40,model,R1,9,0.0,K,0.0001,true
cf_vt_gurobi_original,3-41,model,1,9,0.0,K,0.0001,true
cf_vt_gurobi_original,3-41,model,1,9,0.0,K,0.0001,true
cf_vt_gurobi_original,3-23-kappa,model,1,9,0.0,kPa,0.005199261864978687,true
cf_vt_gurobi_original,3-22,model,R1,9,0.0,normalized,1.0e-6,true
cf_vt_gurobi_original,3-26,model,R1,9,0.0,normalized,1.0e-6,true
cf_vt_gurobi_original,3-25,physics,R1,9,0.0,normalized,1.0e-6,true
cf_vt_gurobi_original,WMM-replay,physics,R1,9,5.684341886080802e-14,K,0.0001,true
cf_vt_gurobi_original,3-33:34,model,R1,9,5.684341886080802e-14,K,0.0001,true
cf_vt_gurobi_original,3-39:40,model,R1,10,0.0,K,0.0001,true
cf_vt_gurobi_original,3-41,model,1,10,0.0,K,0.0001,true
cf_vt_gurobi_original,3-41,model,1,10,0.0,K,0.0001,true
cf_vt_gurobi_original,3-23-kappa,model,1,10,0.0,kPa,0.005199261864978687,true
cf_vt_gurobi_original,3-22,model,R1,10,0.0,normalized,1.0e-6,true
cf_vt_gurobi_original,3-26,model,R1,10,0.0,normalized,1.0e-6,true
cf_vt_gurobi_original,3-25,physics,R1,10,0.0,normalized,1.0e-6,true
cf_vt_gurobi_original,WMM-replay,physics,R1,10,5.684341886080802e-14,K,0.0001,true
cf_vt_gurobi_original,3-33:34,model,R1,10,5.684341886080802e-14,K,0.0001,true
cf_vt_gurobi_original,3-39:40,model,R1,11,0.0,K,0.0001,true
cf_vt_gurobi_original,3-41,model,1,11,0.0,K,0.0001,true
cf_vt_gurobi_original,3-41,model,1,11,0.0,K,0.0001,true
cf_vt_gurobi_original,3-23-kappa,model,1,11,0.0,kPa,0.005199261864978687,true
cf_vt_gurobi_original,3-22,model,R1,11,0.0,normalized,1.0e-6,true
cf_vt_gurobi_original,3-26,model,R1,11,0.0,normalized,1.0e-6,true
cf_vt_gurobi_original,3-25,physics,R1,11,0.0,normalized,1.0e-6,true
cf_vt_gurobi_original,WMM-replay,physics,R1,11,5.684341886080802e-14,K,0.0001,true
cf_vt_gurobi_original,3-33:34,model,R1,11,5.684341886080802e-14,K,0.0001,true
cf_vt_gurobi_original,3-39:40,model,R1,12,0.0,K,0.0001,true
cf_vt_gurobi_original,3-41,model,1,12,0.0,K,0.0001,true
cf_vt_gurobi_original,3-41,model,1,12,0.0,K,0.0001,true
cf_vt_gurobi_original,3-23-kappa,model,1,12,0.0,kPa,0.005199261864978687,true
cf_vt_gurobi_original,3-22,model,R1,12,0.0,normalized,1.0e-6,true
cf_vt_gurobi_original,3-26,model,R1,12,0.0,normalized,1.0e-6,true
cf_vt_gurobi_original,3-25,physics,R1,12,0.0,normalized,1.0e-6,true
cf_vt_gurobi_original,WMM-replay,physics,R1,12,0.0,K,0.0001,true
cf_vt_gurobi_original,3-33:34,model,R1,12,0.0,K,0.0001,true
cf_vt_gurobi_original,3-39:40,model,R1,13,0.0,K,0.0001,true
cf_vt_gurobi_original,3-41,model,1,13,0.0,K,0.0001,true
cf_vt_gurobi_original,3-41,model,1,13,0.0,K,0.0001,true
cf_vt_gurobi_original,3-23-kappa,model,1,13,0.0,kPa,0.005199261864978687,true
cf_vt_gurobi_original,3-22,model,R1,13,0.0,normalized,1.0e-6,true
cf_vt_gurobi_original,3-26,model,R1,13,0.0,normalized,1.0e-6,true
cf_vt_gurobi_original,3-25,physics,R1,13,0.0,normalized,1.0e-6,true
cf_vt_gurobi_original,WMM-replay,physics,R1,13,5.684341886080802e-14,K,0.0001,true
cf_vt_gurobi_original,3-33:34,model,R1,13,5.684341886080802e-14,K,0.0001,true
cf_vt_gurobi_original,3-39:40,model,R1,14,0.0,K,0.0001,true
cf_vt_gurobi_original,3-41,model,1,14,0.0,K,0.0001,true
cf_vt_gurobi_original,3-41,model,1,14,0.0,K,0.0001,true
cf_vt_gurobi_original,3-23-kappa,model,1,14,0.0,kPa,0.005199261864978687,true
cf_vt_gurobi_original,3-22,model,R1,14,0.0,normalized,1.0e-6,true
cf_vt_gurobi_original,3-26,model,R1,14,0.0,normalized,1.0e-6,true
cf_vt_gurobi_original,3-25,physics,R1,14,0.0,normalized,1.0e-6,true
cf_vt_gurobi_original,WMM-replay,physics,R1,14,5.684341886080802e-14,K,0.0001,true
cf_vt_gurobi_original,3-33:34,model,R1,14,5.684341886080802e-14,K,0.0001,true
cf_vt_gurobi_original,3-39:40,model,R1,15,0.0,K,0.0001,true
cf_vt_gurobi_original,3-41,model,1,15,0.0,K,0.0001,true
cf_vt_gurobi_original,3-41,model,1,15,0.0,K,0.0001,true
cf_vt_gurobi_original,3-23-kappa,model,1,15,0.0,kPa,0.005199261864978687,true
cf_vt_gurobi_original,3-22,model,R1,15,0.0,normalized,1.0e-6,true
cf_vt_gurobi_original,3-26,model,R1,15,0.0,normalized,1.0e-6,true
cf_vt_gurobi_original,3-25,physics,R1,15,0.0,normalized,1.0e-6,true
cf_vt_gurobi_original,WMM-replay,physics,R1,15,5.684341886080802e-14,K,0.0001,true
cf_vt_gurobi_original,3-33:34,model,R1,15,5.684341886080802e-14,K,0.0001,true
cf_vt_gurobi_original,3-39:40,model,R1,16,0.0,K,0.0001,true
cf_vt_gurobi_original,3-41,model,1,16,0.0,K,0.0001,true
cf_vt_gurobi_original,3-41,model,1,16,0.0,K,0.0001,true
cf_vt_gurobi_original,3-23-kappa,model,1,16,0.0,kPa,0.005199261864978687,true
cf_vt_gurobi_original,3-22,model,R1,16,0.0,normalized,1.0e-6,true
cf_vt_gurobi_original,3-26,model,R1,16,0.0,normalized,1.0e-6,true
cf_vt_gurobi_original,3-25,physics,R1,16,0.0,normalized,1.0e-6,true
cf_vt_gurobi_original,WMM-replay,physics,R1,16,1.1368683772161603e-13,K,0.0001,true
cf_vt_gurobi_original,3-33:34,model,R1,16,1.1368683772161603e-13,K,0.0001,true
cf_vt_gurobi_original,3-39:40,model,R1,17,0.0,K,0.0001,true
cf_vt_gurobi_original,3-41,model,1,17,0.0,K,0.0001,true
cf_vt_gurobi_original,3-41,model,1,17,0.0,K,0.0001,true
cf_vt_gurobi_original,3-23-kappa,model,1,17,0.0,kPa,0.005199261864978687,true
cf_vt_gurobi_original,3-22,model,R1,17,0.0,normalized,1.0e-6,true
cf_vt_gurobi_original,3-26,model,R1,17,0.0,normalized,1.0e-6,true
cf_vt_gurobi_original,3-25,physics,R1,17,0.0,normalized,1.0e-6,true
cf_vt_gurobi_original,WMM-replay,physics,R1,17,5.684341886080802e-14,K,0.0001,true
cf_vt_gurobi_original,3-33:34,model,R1,17,5.684341886080802e-14,K,0.0001,true
cf_vt_gurobi_original,3-39:40,model,R1,18,0.0,K,0.0001,true
cf_vt_gurobi_original,3-41,model,1,18,0.0,K,0.0001,true
cf_vt_gurobi_original,3-41,model,1,18,0.0,K,0.0001,true
cf_vt_gurobi_original,3-23-kappa,model,1,18,0.0,kPa,0.005199261864978687,true
cf_vt_gurobi_original,3-22,model,R1,18,0.0,normalized,1.0e-6,true
cf_vt_gurobi_original,3-26,model,R1,18,0.0,normalized,1.0e-6,true
cf_vt_gurobi_original,3-25,physics,R1,18,0.0,normalized,1.0e-6,true
cf_vt_gurobi_original,WMM-replay,physics,R1,18,5.684341886080802e-14,K,0.0001,true
cf_vt_gurobi_original,3-33:34,model,R1,18,5.684341886080802e-14,K,0.0001,true
cf_vt_gurobi_original,3-39:40,model,R1,19,0.0,K,0.0001,true
cf_vt_gurobi_original,3-41,model,1,19,0.0,K,0.0001,true
cf_vt_gurobi_original,3-41,model,1,19,0.0,K,0.0001,true
cf_vt_gurobi_original,3-23-kappa,model,1,19,0.0,kPa,0.005199261864978687,true
cf_vt_gurobi_original,3-22,model,R1,19,0.0,normalized,1.0e-6,true
cf_vt_gurobi_original,3-26,model,R1,19,0.0,normalized,1.0e-6,true
cf_vt_gurobi_original,3-25,physics,R1,19,0.0,normalized,1.0e-6,true
cf_vt_gurobi_original,WMM-replay,physics,R1,19,0.0,K,0.0001,true
cf_vt_gurobi_original,3-33:34,model,R1,19,0.0,K,0.0001,true
cf_vt_gurobi_original,3-39:40,model,R1,20,0.0,K,0.0001,true
cf_vt_gurobi_original,3-41,model,1,20,0.0,K,0.0001,true
cf_vt_gurobi_original,3-41,model,1,20,0.0,K,0.0001,true
cf_vt_gurobi_original,3-23-kappa,model,1,20,0.0,kPa,0.005199261864978687,true
cf_vt_gurobi_original,3-22,model,R1,20,0.0,normalized,1.0e-6,true
cf_vt_gurobi_original,3-26,model,R1,20,0.0,normalized,1.0e-6,true
cf_vt_gurobi_original,3-25,physics,R1,20,0.0,normalized,1.0e-6,true
cf_vt_gurobi_original,WMM-replay,physics,R1,20,0.0,K,0.0001,true
cf_vt_gurobi_original,3-33:34,model,R1,20,0.0,K,0.0001,true
cf_vt_gurobi_original,3-39:40,model,R1,21,0.0,K,0.0001,true
cf_vt_gurobi_original,3-41,model,1,21,0.0,K,0.0001,true
cf_vt_gurobi_original,3-41,model,1,21,0.0,K,0.0001,true
cf_vt_gurobi_original,3-23-kappa,model,1,21,0.0,kPa,0.005199261864978687,true
cf_vt_gurobi_original,3-22,model,R1,21,0.0,normalized,1.0e-6,true
cf_vt_gurobi_original,3-26,model,R1,21,0.0,normalized,1.0e-6,true
cf_vt_gurobi_original,3-25,physics,R1,21,0.0,normalized,1.0e-6,true
cf_vt_gurobi_original,WMM-replay,physics,R1,21,0.0,K,0.0001,true
cf_vt_gurobi_original,3-33:34,model,R1,21,0.0,K,0.0001,true
cf_vt_gurobi_original,3-39:40,model,R1,22,0.0,K,0.0001,true
cf_vt_gurobi_original,3-41,model,1,22,0.0,K,0.0001,true
cf_vt_gurobi_original,3-41,model,1,22,0.0,K,0.0001,true
cf_vt_gurobi_original,3-23-kappa,model,1,22,0.0,kPa,0.005199261864978687,true
cf_vt_gurobi_original,3-22,model,R1,22,0.0,normalized,1.0e-6,true
cf_vt_gurobi_original,3-26,model,R1,22,0.0,normalized,1.0e-6,true
cf_vt_gurobi_original,3-25,physics,R1,22,0.0,normalized,1.0e-6,true
cf_vt_gurobi_original,WMM-replay,physics,R1,22,0.0,K,0.0001,true
cf_vt_gurobi_original,3-33:34,model,R1,22,0.0,K,0.0001,true
cf_vt_gurobi_original,3-39:40,model,R1,23,0.0,K,0.0001,true
cf_vt_gurobi_original,3-41,model,1,23,0.0,K,0.0001,true
cf_vt_gurobi_original,3-41,model,1,23,0.0,K,0.0001,true
cf_vt_gurobi_original,3-23-kappa,model,1,23,0.0,kPa,0.005199261864978687,true
cf_vt_gurobi_original,3-22,model,R1,23,0.0,normalized,1.0e-6,true
cf_vt_gurobi_original,3-26,model,R1,23,0.0,normalized,1.0e-6,true
cf_vt_gurobi_original,3-25,physics,R1,23,0.0,normalized,1.0e-6,true
cf_vt_gurobi_original,WMM-replay,physics,R1,23,0.0,K,0.0001,true
cf_vt_gurobi_original,3-33:34,model,R1,23,0.0,K,0.0001,true
cf_vt_gurobi_original,3-39:40,model,R1,24,0.0,K,0.0001,true
cf_vt_gurobi_original,3-41,model,1,24,0.0,K,0.0001,true
cf_vt_gurobi_original,3-41,model,1,24,0.0,K,0.0001,true
cf_vt_gurobi_original,3-23-kappa,model,1,24,0.0,kPa,0.005199261864978687,true
cf_vt_gurobi_original,3-22,model,R1,24,0.0,normalized,1.0e-6,true
cf_vt_gurobi_original,3-26,model,R1,24,0.0,normalized,1.0e-6,true
cf_vt_gurobi_original,3-25,physics,R1,24,0.0,normalized,1.0e-6,true
cf_vt_gurobi_original,WMM-replay,physics,R1,24,0.0,K,0.0001,true
cf_vt_gurobi_original,3-33:34,model,R1,24,0.0,K,0.0001,true
cf_vt_gurobi_original,3-23,model,2,1,0.0,kg/s,2.947222222222222e-5,true
cf_vt_gurobi_original,R2-fixed-flow,model,2,1,0.0,kg/s,2.947222222222222e-5,true
cf_vt_gurobi_original,3-27,model,2,1,0.0,kg/s,2.947222222222222e-5,true
cf_vt_gurobi_original,3-30,model,2,1,0.0,kg/s,2.947222222222222e-5,true
cf_vt_gurobi_original,3-32,model,2,1,0.0,1,1.0e-6,true
cf_vt_gurobi_original,3-28,model,2,1,0.0,1,1.0e-6,true
cf_vt_gurobi_original,3-29:32,model,2,1,0.0,1,1.0e-6,true
cf_vt_gurobi_original,3-31,model,2,1,0.0,1,1.0e-6,true
cf_vt_gurobi_original,3-29:32,model,2,1,0.0,1,1.0e-6,true
cf_vt_gurobi_original,3-23,model,2,2,0.0,kg/s,2.947222222222222e-5,true
cf_vt_gurobi_original,R2-fixed-flow,model,2,2,0.0,kg/s,2.947222222222222e-5,true
cf_vt_gurobi_original,3-27,model,2,2,0.0,kg/s,2.947222222222222e-5,true
cf_vt_gurobi_original,3-30,model,2,2,0.0,kg/s,2.947222222222222e-5,true
cf_vt_gurobi_original,3-32,model,2,2,0.0,1,1.0e-6,true
cf_vt_gurobi_original,3-28,model,2,2,0.0,1,1.0e-6,true
cf_vt_gurobi_original,3-29:32,model,2,2,0.0,1,1.0e-6,true
cf_vt_gurobi_original,3-31,model,2,2,0.0,1,1.0e-6,true
cf_vt_gurobi_original,3-29:32,model,2,2,0.0,1,1.0e-6,true
cf_vt_gurobi_original,3-23,model,2,3,0.0,kg/s,2.947222222222222e-5,true
cf_vt_gurobi_original,R2-fixed-flow,model,2,3,0.0,kg/s,2.947222222222222e-5,true
cf_vt_gurobi_original,3-27,model,2,3,0.0,kg/s,2.947222222222222e-5,true
cf_vt_gurobi_original,3-30,model,2,3,0.0,kg/s,2.947222222222222e-5,true
cf_vt_gurobi_original,3-32,model,2,3,0.0,1,1.0e-6,true
cf_vt_gurobi_original,3-28,model,2,3,0.0,1,1.0e-6,true
cf_vt_gurobi_original,3-29:32,model,2,3,0.0,1,1.0e-6,true
cf_vt_gurobi_original,3-31,model,2,3,0.0,1,1.0e-6,true
cf_vt_gurobi_original,3-29:32,model,2,3,0.0,1,1.0e-6,true
cf_vt_gurobi_original,3-23,model,2,4,0.0,kg/s,2.947222222222222e-5,true
cf_vt_gurobi_original,R2-fixed-flow,model,2,4,0.0,kg/s,2.947222222222222e-5,true
cf_vt_gurobi_original,3-27,model,2,4,0.0,kg/s,2.947222222222222e-5,true
cf_vt_gurobi_original,3-30,model,2,4,0.0,kg/s,2.947222222222222e-5,true
cf_vt_gurobi_original,3-32,model,2,4,0.0,1,1.0e-6,true
cf_vt_gurobi_original,3-28,model,2,4,0.0,1,1.0e-6,true
cf_vt_gurobi_original,3-29:32,model,2,4,0.0,1,1.0e-6,true
cf_vt_gurobi_original,3-31,model,2,4,0.0,1,1.0e-6,true
cf_vt_gurobi_original,3-29:32,model,2,4,0.0,1,1.0e-6,true
cf_vt_gurobi_original,3-23,model,2,5,0.0,kg/s,2.947222222222222e-5,true
cf_vt_gurobi_original,R2-fixed-flow,model,2,5,0.0,kg/s,2.947222222222222e-5,true
cf_vt_gurobi_original,3-27,model,2,5,0.0,kg/s,2.947222222222222e-5,true
cf_vt_gurobi_original,3-30,model,2,5,0.0,kg/s,2.947222222222222e-5,true
cf_vt_gurobi_original,3-32,model,2,5,0.0,1,1.0e-6,true
cf_vt_gurobi_original,3-28,model,2,5,0.0,1,1.0e-6,true
cf_vt_gurobi_original,3-29:32,model,2,5,0.0,1,1.0e-6,true
cf_vt_gurobi_original,3-31,model,2,5,0.0,1,1.0e-6,true
cf_vt_gurobi_original,3-29:32,model,2,5,0.0,1,1.0e-6,true
cf_vt_gurobi_original,3-23,model,2,6,0.0,kg/s,2.947222222222222e-5,true
cf_vt_gurobi_original,R2-fixed-flow,model,2,6,0.0,kg/s,2.947222222222222e-5,true
cf_vt_gurobi_original,3-27,model,2,6,0.0,kg/s,2.947222222222222e-5,true
cf_vt_gurobi_original,3-30,model,2,6,0.0,kg/s,2.947222222222222e-5,true
cf_vt_gurobi_original,3-32,model,2,6,0.0,1,1.0e-6,true
cf_vt_gurobi_original,3-28,model,2,6,0.0,1,1.0e-6,true
cf_vt_gurobi_original,3-29:32,model,2,6,0.0,1,1.0e-6,true
cf_vt_gurobi_original,3-31,model,2,6,0.0,1,1.0e-6,true
cf_vt_gurobi_original,3-29:32,model,2,6,0.0,1,1.0e-6,true
cf_vt_gurobi_original,3-23,model,2,7,0.0,kg/s,2.947222222222222e-5,true
cf_vt_gurobi_original,R2-fixed-flow,model,2,7,0.0,kg/s,2.947222222222222e-5,true
cf_vt_gurobi_original,3-27,model,2,7,0.0,kg/s,2.947222222222222e-5,true
cf_vt_gurobi_original,3-30,model,2,7,0.0,kg/s,2.947222222222222e-5,true
cf_vt_gurobi_original,3-32,model,2,7,0.0,1,1.0e-6,true
cf_vt_gurobi_original,3-28,model,2,7,0.0,1,1.0e-6,true
cf_vt_gurobi_original,3-29:32,model,2,7,0.0,1,1.0e-6,true
cf_vt_gurobi_original,3-31,model,2,7,0.0,1,1.0e-6,true
cf_vt_gurobi_original,3-29:32,model,2,7,0.0,1,1.0e-6,true
cf_vt_gurobi_original,3-23,model,2,8,0.0,kg/s,2.947222222222222e-5,true
cf_vt_gurobi_original,R2-fixed-flow,model,2,8,0.0,kg/s,2.947222222222222e-5,true
cf_vt_gurobi_original,3-27,model,2,8,0.0,kg/s,2.947222222222222e-5,true
cf_vt_gurobi_original,3-30,model,2,8,0.0,kg/s,2.947222222222222e-5,true
cf_vt_gurobi_original,3-32,model,2,8,0.0,1,1.0e-6,true
cf_vt_gurobi_original,3-28,model,2,8,0.0,1,1.0e-6,true
cf_vt_gurobi_original,3-29:32,model,2,8,0.0,1,1.0e-6,true
cf_vt_gurobi_original,3-31,model,2,8,0.0,1,1.0e-6,true
cf_vt_gurobi_original,3-29:32,model,2,8,0.0,1,1.0e-6,true
cf_vt_gurobi_original,3-23,model,2,9,0.0,kg/s,2.947222222222222e-5,true
cf_vt_gurobi_original,R2-fixed-flow,model,2,9,0.0,kg/s,2.947222222222222e-5,true
cf_vt_gurobi_original,3-27,model,2,9,0.0,kg/s,2.947222222222222e-5,true
cf_vt_gurobi_original,3-30,model,2,9,0.0,kg/s,2.947222222222222e-5,true
cf_vt_gurobi_original,3-32,model,2,9,0.0,1,1.0e-6,true
cf_vt_gurobi_original,3-28,model,2,9,0.0,1,1.0e-6,true
cf_vt_gurobi_original,3-29:32,model,2,9,0.0,1,1.0e-6,true
cf_vt_gurobi_original,3-31,model,2,9,0.0,1,1.0e-6,true
cf_vt_gurobi_original,3-29:32,model,2,9,0.0,1,1.0e-6,true
cf_vt_gurobi_original,3-23,model,2,10,0.0,kg/s,2.947222222222222e-5,true
cf_vt_gurobi_original,R2-fixed-flow,model,2,10,0.0,kg/s,2.947222222222222e-5,true
cf_vt_gurobi_original,3-27,model,2,10,0.0,kg/s,2.947222222222222e-5,true
cf_vt_gurobi_original,3-30,model,2,10,0.0,kg/s,2.947222222222222e-5,true
cf_vt_gurobi_original,3-32,model,2,10,0.0,1,1.0e-6,true
cf_vt_gurobi_original,3-28,model,2,10,0.0,1,1.0e-6,true
cf_vt_gurobi_original,3-29:32,model,2,10,0.0,1,1.0e-6,true
cf_vt_gurobi_original,3-31,model,2,10,0.0,1,1.0e-6,true
cf_vt_gurobi_original,3-29:32,model,2,10,0.0,1,1.0e-6,true
cf_vt_gurobi_original,3-23,model,2,11,0.0,kg/s,2.947222222222222e-5,true
cf_vt_gurobi_original,R2-fixed-flow,model,2,11,0.0,kg/s,2.947222222222222e-5,true
cf_vt_gurobi_original,3-27,model,2,11,0.0,kg/s,2.947222222222222e-5,true
cf_vt_gurobi_original,3-30,model,2,11,0.0,kg/s,2.947222222222222e-5,true
cf_vt_gurobi_original,3-32,model,2,11,0.0,1,1.0e-6,true
cf_vt_gurobi_original,3-28,model,2,11,0.0,1,1.0e-6,true
cf_vt_gurobi_original,3-29:32,model,2,11,0.0,1,1.0e-6,true
cf_vt_gurobi_original,3-31,model,2,11,0.0,1,1.0e-6,true
cf_vt_gurobi_original,3-29:32,model,2,11,0.0,1,1.0e-6,true
cf_vt_gurobi_original,3-23,model,2,12,0.0,kg/s,2.947222222222222e-5,true
cf_vt_gurobi_original,R2-fixed-flow,model,2,12,0.0,kg/s,2.947222222222222e-5,true
cf_vt_gurobi_original,3-27,model,2,12,0.0,kg/s,2.947222222222222e-5,true
cf_vt_gurobi_original,3-30,model,2,12,0.0,kg/s,2.947222222222222e-5,true
cf_vt_gurobi_original,3-32,model,2,12,0.0,1,1.0e-6,true
cf_vt_gurobi_original,3-28,model,2,12,0.0,1,1.0e-6,true
cf_vt_gurobi_original,3-29:32,model,2,12,0.0,1,1.0e-6,true
cf_vt_gurobi_original,3-31,model,2,12,0.0,1,1.0e-6,true
cf_vt_gurobi_original,3-29:32,model,2,12,0.0,1,1.0e-6,true
cf_vt_gurobi_original,3-23,model,2,13,0.0,kg/s,2.947222222222222e-5,true
cf_vt_gurobi_original,R2-fixed-flow,model,2,13,0.0,kg/s,2.947222222222222e-5,true
cf_vt_gurobi_original,3-27,model,2,13,0.0,kg/s,2.947222222222222e-5,true
cf_vt_gurobi_original,3-30,model,2,13,0.0,kg/s,2.947222222222222e-5,true
cf_vt_gurobi_original,3-32,model,2,13,0.0,1,1.0e-6,true
cf_vt_gurobi_original,3-28,model,2,13,0.0,1,1.0e-6,true
cf_vt_gurobi_original,3-29:32,model,2,13,0.0,1,1.0e-6,true
cf_vt_gurobi_original,3-31,model,2,13,0.0,1,1.0e-6,true
cf_vt_gurobi_original,3-29:32,model,2,13,0.0,1,1.0e-6,true
cf_vt_gurobi_original,3-23,model,2,14,0.0,kg/s,2.947222222222222e-5,true
cf_vt_gurobi_original,R2-fixed-flow,model,2,14,0.0,kg/s,2.947222222222222e-5,true
cf_vt_gurobi_original,3-27,model,2,14,0.0,kg/s,2.947222222222222e-5,true
cf_vt_gurobi_original,3-30,model,2,14,0.0,kg/s,2.947222222222222e-5,true
cf_vt_gurobi_original,3-32,model,2,14,0.0,1,1.0e-6,true
cf_vt_gurobi_original,3-28,model,2,14,0.0,1,1.0e-6,true
cf_vt_gurobi_original,3-29:32,model,2,14,0.0,1,1.0e-6,true
cf_vt_gurobi_original,3-31,model,2,14,0.0,1,1.0e-6,true
cf_vt_gurobi_original,3-29:32,model,2,14,0.0,1,1.0e-6,true
cf_vt_gurobi_original,3-23,model,2,15,0.0,kg/s,2.947222222222222e-5,true
cf_vt_gurobi_original,R2-fixed-flow,model,2,15,0.0,kg/s,2.947222222222222e-5,true
cf_vt_gurobi_original,3-27,model,2,15,0.0,kg/s,2.947222222222222e-5,true
cf_vt_gurobi_original,3-30,model,2,15,0.0,kg/s,2.947222222222222e-5,true
cf_vt_gurobi_original,3-32,model,2,15,0.0,1,1.0e-6,true
cf_vt_gurobi_original,3-28,model,2,15,0.0,1,1.0e-6,true
cf_vt_gurobi_original,3-29:32,model,2,15,0.0,1,1.0e-6,true
cf_vt_gurobi_original,3-31,model,2,15,0.0,1,1.0e-6,true
cf_vt_gurobi_original,3-29:32,model,2,15,0.0,1,1.0e-6,true
cf_vt_gurobi_original,3-23,model,2,16,0.0,kg/s,2.947222222222222e-5,true
cf_vt_gurobi_original,R2-fixed-flow,model,2,16,0.0,kg/s,2.947222222222222e-5,true
cf_vt_gurobi_original,3-27,model,2,16,0.0,kg/s,2.947222222222222e-5,true
cf_vt_gurobi_original,3-30,model,2,16,0.0,kg/s,2.947222222222222e-5,true
cf_vt_gurobi_original,3-32,model,2,16,0.0,1,1.0e-6,true
cf_vt_gurobi_original,3-28,model,2,16,0.0,1,1.0e-6,true
cf_vt_gurobi_original,3-29:32,model,2,16,0.0,1,1.0e-6,true
cf_vt_gurobi_original,3-31,model,2,16,0.0,1,1.0e-6,true
cf_vt_gurobi_original,3-29:32,model,2,16,0.0,1,1.0e-6,true
cf_vt_gurobi_original,3-23,model,2,17,0.0,kg/s,2.947222222222222e-5,true
cf_vt_gurobi_original,R2-fixed-flow,model,2,17,0.0,kg/s,2.947222222222222e-5,true
cf_vt_gurobi_original,3-27,model,2,17,0.0,kg/s,2.947222222222222e-5,true
cf_vt_gurobi_original,3-30,model,2,17,0.0,kg/s,2.947222222222222e-5,true
cf_vt_gurobi_original,3-32,model,2,17,0.0,1,1.0e-6,true
cf_vt_gurobi_original,3-28,model,2,17,0.0,1,1.0e-6,true
cf_vt_gurobi_original,3-29:32,model,2,17,0.0,1,1.0e-6,true
cf_vt_gurobi_original,3-31,model,2,17,0.0,1,1.0e-6,true
cf_vt_gurobi_original,3-29:32,model,2,17,0.0,1,1.0e-6,true
cf_vt_gurobi_original,3-23,model,2,18,0.0,kg/s,2.947222222222222e-5,true
cf_vt_gurobi_original,R2-fixed-flow,model,2,18,0.0,kg/s,2.947222222222222e-5,true
cf_vt_gurobi_original,3-27,model,2,18,0.0,kg/s,2.947222222222222e-5,true
cf_vt_gurobi_original,3-30,model,2,18,0.0,kg/s,2.947222222222222e-5,true
cf_vt_gurobi_original,3-32,model,2,18,0.0,1,1.0e-6,true
cf_vt_gurobi_original,3-28,model,2,18,0.0,1,1.0e-6,true
cf_vt_gurobi_original,3-29:32,model,2,18,0.0,1,1.0e-6,true
cf_vt_gurobi_original,3-31,model,2,18,0.0,1,1.0e-6,true
cf_vt_gurobi_original,3-29:32,model,2,18,0.0,1,1.0e-6,true
cf_vt_gurobi_original,3-23,model,2,19,0.0,kg/s,2.947222222222222e-5,true
cf_vt_gurobi_original,R2-fixed-flow,model,2,19,0.0,kg/s,2.947222222222222e-5,true
cf_vt_gurobi_original,3-27,model,2,19,0.0,kg/s,2.947222222222222e-5,true
cf_vt_gurobi_original,3-30,model,2,19,0.0,kg/s,2.947222222222222e-5,true
cf_vt_gurobi_original,3-32,model,2,19,0.0,1,1.0e-6,true
cf_vt_gurobi_original,3-28,model,2,19,0.0,1,1.0e-6,true
cf_vt_gurobi_original,3-29:32,model,2,19,0.0,1,1.0e-6,true
cf_vt_gurobi_original,3-31,model,2,19,0.0,1,1.0e-6,true
cf_vt_gurobi_original,3-29:32,model,2,19,0.0,1,1.0e-6,true
cf_vt_gurobi_original,3-23,model,2,20,0.0,kg/s,2.947222222222222e-5,true
cf_vt_gurobi_original,R2-fixed-flow,model,2,20,0.0,kg/s,2.947222222222222e-5,true
cf_vt_gurobi_original,3-27,model,2,20,0.0,kg/s,2.947222222222222e-5,true
cf_vt_gurobi_original,3-30,model,2,20,0.0,kg/s,2.947222222222222e-5,true
cf_vt_gurobi_original,3-32,model,2,20,0.0,1,1.0e-6,true
cf_vt_gurobi_original,3-28,model,2,20,0.0,1,1.0e-6,true
cf_vt_gurobi_original,3-29:32,model,2,20,0.0,1,1.0e-6,true
cf_vt_gurobi_original,3-31,model,2,20,0.0,1,1.0e-6,true
cf_vt_gurobi_original,3-29:32,model,2,20,0.0,1,1.0e-6,true
cf_vt_gurobi_original,3-23,model,2,21,0.0,kg/s,2.947222222222222e-5,true
cf_vt_gurobi_original,R2-fixed-flow,model,2,21,0.0,kg/s,2.947222222222222e-5,true
cf_vt_gurobi_original,3-27,model,2,21,0.0,kg/s,2.947222222222222e-5,true
cf_vt_gurobi_original,3-30,model,2,21,0.0,kg/s,2.947222222222222e-5,true
cf_vt_gurobi_original,3-32,model,2,21,0.0,1,1.0e-6,true
cf_vt_gurobi_original,3-28,model,2,21,0.0,1,1.0e-6,true
cf_vt_gurobi_original,3-29:32,model,2,21,0.0,1,1.0e-6,true
cf_vt_gurobi_original,3-31,model,2,21,0.0,1,1.0e-6,true
cf_vt_gurobi_original,3-29:32,model,2,21,0.0,1,1.0e-6,true
cf_vt_gurobi_original,3-23,model,2,22,0.0,kg/s,2.947222222222222e-5,true
cf_vt_gurobi_original,R2-fixed-flow,model,2,22,0.0,kg/s,2.947222222222222e-5,true
cf_vt_gurobi_original,3-27,model,2,22,0.0,kg/s,2.947222222222222e-5,true
cf_vt_gurobi_original,3-30,model,2,22,0.0,kg/s,2.947222222222222e-5,true
cf_vt_gurobi_original,3-32,model,2,22,0.0,1,1.0e-6,true
cf_vt_gurobi_original,3-28,model,2,22,0.0,1,1.0e-6,true
cf_vt_gurobi_original,3-29:32,model,2,22,0.0,1,1.0e-6,true
cf_vt_gurobi_original,3-31,model,2,22,0.0,1,1.0e-6,true
cf_vt_gurobi_original,3-29:32,model,2,22,0.0,1,1.0e-6,true
cf_vt_gurobi_original,3-23,model,2,23,0.0,kg/s,2.947222222222222e-5,true
cf_vt_gurobi_original,R2-fixed-flow,model,2,23,0.0,kg/s,2.947222222222222e-5,true
cf_vt_gurobi_original,3-27,model,2,23,0.0,kg/s,2.947222222222222e-5,true
cf_vt_gurobi_original,3-30,model,2,23,0.0,kg/s,2.947222222222222e-5,true
cf_vt_gurobi_original,3-32,model,2,23,0.0,1,1.0e-6,true
cf_vt_gurobi_original,3-28,model,2,23,0.0,1,1.0e-6,true
cf_vt_gurobi_original,3-29:32,model,2,23,0.0,1,1.0e-6,true
cf_vt_gurobi_original,3-31,model,2,23,0.0,1,1.0e-6,true
cf_vt_gurobi_original,3-29:32,model,2,23,0.0,1,1.0e-6,true
cf_vt_gurobi_original,3-23,model,2,24,0.0,kg/s,2.947222222222222e-5,true
cf_vt_gurobi_original,R2-fixed-flow,model,2,24,0.0,kg/s,2.947222222222222e-5,true
cf_vt_gurobi_original,3-27,model,2,24,0.0,kg/s,2.947222222222222e-5,true
cf_vt_gurobi_original,3-30,model,2,24,0.0,kg/s,2.947222222222222e-5,true
cf_vt_gurobi_original,3-32,model,2,24,0.0,1,1.0e-6,true
cf_vt_gurobi_original,3-28,model,2,24,0.0,1,1.0e-6,true
cf_vt_gurobi_original,3-29:32,model,2,24,0.0,1,1.0e-6,true
cf_vt_gurobi_original,3-31,model,2,24,0.0,1,1.0e-6,true
cf_vt_gurobi_original,3-29:32,model,2,24,0.0,1,1.0e-6,true
cf_vt_gurobi_original,3-39:40,model,S2,1,0.0,K,0.0001,true
cf_vt_gurobi_original,3-41,model,2,1,0.0,K,0.0001,true
cf_vt_gurobi_original,3-41,model,2,1,0.0,K,0.0001,true
cf_vt_gurobi_original,3-23-kappa,model,2,1,0.0,kPa,0.005199261864978687,true
cf_vt_gurobi_original,3-22,model,S2,1,7.926409506641524e-17,normalized,1.0e-6,true
cf_vt_gurobi_original,3-26,model,S2,1,0.0,normalized,1.0e-6,true
cf_vt_gurobi_original,3-25,physics,S2,1,0.0,normalized,1.0e-6,true
cf_vt_gurobi_original,WMM-replay,physics,S2,1,5.684341886080802e-14,K,0.0001,true
cf_vt_gurobi_original,3-33:34,model,S2,1,5.684341886080802e-14,K,0.0001,true
cf_vt_gurobi_original,3-39:40,model,S2,2,0.0,K,0.0001,true
cf_vt_gurobi_original,3-41,model,2,2,0.0,K,0.0001,true
cf_vt_gurobi_original,3-41,model,2,2,0.0,K,0.0001,true
cf_vt_gurobi_original,3-23-kappa,model,2,2,0.0,kPa,0.005199261864978687,true
cf_vt_gurobi_original,3-22,model,S2,2,7.926409506641524e-17,normalized,1.0e-6,true
cf_vt_gurobi_original,3-26,model,S2,2,0.0,normalized,1.0e-6,true
cf_vt_gurobi_original,3-25,physics,S2,2,0.0,normalized,1.0e-6,true
cf_vt_gurobi_original,WMM-replay,physics,S2,2,5.684341886080802e-14,K,0.0001,true
cf_vt_gurobi_original,3-33:34,model,S2,2,5.684341886080802e-14,K,0.0001,true
cf_vt_gurobi_original,3-39:40,model,S2,3,0.0,K,0.0001,true
cf_vt_gurobi_original,3-41,model,2,3,0.0,K,0.0001,true
cf_vt_gurobi_original,3-41,model,2,3,0.0,K,0.0001,true
cf_vt_gurobi_original,3-23-kappa,model,2,3,0.0,kPa,0.005199261864978687,true
cf_vt_gurobi_original,3-22,model,S2,3,7.926409506641524e-17,normalized,1.0e-6,true
cf_vt_gurobi_original,3-26,model,S2,3,0.0,normalized,1.0e-6,true
cf_vt_gurobi_original,3-25,physics,S2,3,0.0,normalized,1.0e-6,true
cf_vt_gurobi_original,WMM-replay,physics,S2,3,5.684341886080802e-14,K,0.0001,true
cf_vt_gurobi_original,3-33:34,model,S2,3,5.684341886080802e-14,K,0.0001,true
cf_vt_gurobi_original,3-39:40,model,S2,4,0.0,K,0.0001,true
cf_vt_gurobi_original,3-41,model,2,4,0.0,K,0.0001,true
cf_vt_gurobi_original,3-41,model,2,4,0.0,K,0.0001,true
cf_vt_gurobi_original,3-23-kappa,model,2,4,0.0,kPa,0.005199261864978687,true
cf_vt_gurobi_original,3-22,model,S2,4,7.926409506641524e-17,normalized,1.0e-6,true
cf_vt_gurobi_original,3-26,model,S2,4,0.0,normalized,1.0e-6,true
cf_vt_gurobi_original,3-25,physics,S2,4,0.0,normalized,1.0e-6,true
cf_vt_gurobi_original,WMM-replay,physics,S2,4,0.0,K,0.0001,true
cf_vt_gurobi_original,3-33:34,model,S2,4,0.0,K,0.0001,true
cf_vt_gurobi_original,3-39:40,model,S2,5,0.0,K,0.0001,true
cf_vt_gurobi_original,3-41,model,2,5,0.0,K,0.0001,true
cf_vt_gurobi_original,3-41,model,2,5,0.0,K,0.0001,true
cf_vt_gurobi_original,3-23-kappa,model,2,5,0.0,kPa,0.005199261864978687,true
cf_vt_gurobi_original,3-22,model,S2,5,7.926409506641524e-17,normalized,1.0e-6,true
cf_vt_gurobi_original,3-26,model,S2,5,0.0,normalized,1.0e-6,true
cf_vt_gurobi_original,3-25,physics,S2,5,0.0,normalized,1.0e-6,true
cf_vt_gurobi_original,WMM-replay,physics,S2,5,5.684341886080802e-14,K,0.0001,true
cf_vt_gurobi_original,3-33:34,model,S2,5,5.684341886080802e-14,K,0.0001,true
cf_vt_gurobi_original,3-39:40,model,S2,6,0.0,K,0.0001,true
cf_vt_gurobi_original,3-41,model,2,6,0.0,K,0.0001,true
cf_vt_gurobi_original,3-41,model,2,6,0.0,K,0.0001,true
cf_vt_gurobi_original,3-23-kappa,model,2,6,0.0,kPa,0.005199261864978687,true
cf_vt_gurobi_original,3-22,model,S2,6,7.926409506641524e-17,normalized,1.0e-6,true
cf_vt_gurobi_original,3-26,model,S2,6,0.0,normalized,1.0e-6,true
cf_vt_gurobi_original,3-25,physics,S2,6,0.0,normalized,1.0e-6,true
cf_vt_gurobi_original,WMM-replay,physics,S2,6,0.0,K,0.0001,true
cf_vt_gurobi_original,3-33:34,model,S2,6,0.0,K,0.0001,true
cf_vt_gurobi_original,3-39:40,model,S2,7,0.0,K,0.0001,true
cf_vt_gurobi_original,3-41,model,2,7,0.0,K,0.0001,true
cf_vt_gurobi_original,3-41,model,2,7,0.0,K,0.0001,true
cf_vt_gurobi_original,3-23-kappa,model,2,7,0.0,kPa,0.005199261864978687,true
cf_vt_gurobi_original,3-22,model,S2,7,7.926409506641524e-17,normalized,1.0e-6,true
cf_vt_gurobi_original,3-26,model,S2,7,0.0,normalized,1.0e-6,true
cf_vt_gurobi_original,3-25,physics,S2,7,0.0,normalized,1.0e-6,true
cf_vt_gurobi_original,WMM-replay,physics,S2,7,5.684341886080802e-14,K,0.0001,true
cf_vt_gurobi_original,3-33:34,model,S2,7,5.684341886080802e-14,K,0.0001,true
cf_vt_gurobi_original,3-39:40,model,S2,8,0.0,K,0.0001,true
cf_vt_gurobi_original,3-41,model,2,8,0.0,K,0.0001,true
cf_vt_gurobi_original,3-41,model,2,8,0.0,K,0.0001,true
cf_vt_gurobi_original,3-23-kappa,model,2,8,0.0,kPa,0.005199261864978687,true
cf_vt_gurobi_original,3-22,model,S2,8,7.926409506641524e-17,normalized,1.0e-6,true
cf_vt_gurobi_original,3-26,model,S2,8,0.0,normalized,1.0e-6,true
cf_vt_gurobi_original,3-25,physics,S2,8,0.0,normalized,1.0e-6,true
cf_vt_gurobi_original,WMM-replay,physics,S2,8,5.684341886080802e-14,K,0.0001,true
cf_vt_gurobi_original,3-33:34,model,S2,8,5.684341886080802e-14,K,0.0001,true
cf_vt_gurobi_original,3-39:40,model,S2,9,0.0,K,0.0001,true
cf_vt_gurobi_original,3-41,model,2,9,0.0,K,0.0001,true
cf_vt_gurobi_original,3-41,model,2,9,0.0,K,0.0001,true
cf_vt_gurobi_original,3-23-kappa,model,2,9,0.0,kPa,0.005199261864978687,true
cf_vt_gurobi_original,3-22,model,S2,9,7.926409506641524e-17,normalized,1.0e-6,true
cf_vt_gurobi_original,3-26,model,S2,9,0.0,normalized,1.0e-6,true
cf_vt_gurobi_original,3-25,physics,S2,9,0.0,normalized,1.0e-6,true
cf_vt_gurobi_original,WMM-replay,physics,S2,9,0.0,K,0.0001,true
cf_vt_gurobi_original,3-33:34,model,S2,9,0.0,K,0.0001,true
cf_vt_gurobi_original,3-39:40,model,S2,10,0.0,K,0.0001,true
cf_vt_gurobi_original,3-41,model,2,10,0.0,K,0.0001,true
cf_vt_gurobi_original,3-41,model,2,10,0.0,K,0.0001,true
cf_vt_gurobi_original,3-23-kappa,model,2,10,0.0,kPa,0.005199261864978687,true
cf_vt_gurobi_original,3-22,model,S2,10,7.926409506641524e-17,normalized,1.0e-6,true
cf_vt_gurobi_original,3-26,model,S2,10,0.0,normalized,1.0e-6,true
cf_vt_gurobi_original,3-25,physics,S2,10,0.0,normalized,1.0e-6,true
cf_vt_gurobi_original,WMM-replay,physics,S2,10,0.0,K,0.0001,true
cf_vt_gurobi_original,3-33:34,model,S2,10,0.0,K,0.0001,true
cf_vt_gurobi_original,3-39:40,model,S2,11,0.0,K,0.0001,true
cf_vt_gurobi_original,3-41,model,2,11,0.0,K,0.0001,true
cf_vt_gurobi_original,3-41,model,2,11,0.0,K,0.0001,true
cf_vt_gurobi_original,3-23-kappa,model,2,11,0.0,kPa,0.005199261864978687,true
cf_vt_gurobi_original,3-22,model,S2,11,7.926409506641524e-17,normalized,1.0e-6,true
cf_vt_gurobi_original,3-26,model,S2,11,0.0,normalized,1.0e-6,true
cf_vt_gurobi_original,3-25,physics,S2,11,0.0,normalized,1.0e-6,true
cf_vt_gurobi_original,WMM-replay,physics,S2,11,0.0,K,0.0001,true
cf_vt_gurobi_original,3-33:34,model,S2,11,0.0,K,0.0001,true
cf_vt_gurobi_original,3-39:40,model,S2,12,0.0,K,0.0001,true
cf_vt_gurobi_original,3-41,model,2,12,0.0,K,0.0001,true
cf_vt_gurobi_original,3-41,model,2,12,0.0,K,0.0001,true
cf_vt_gurobi_original,3-23-kappa,model,2,12,0.0,kPa,0.005199261864978687,true
cf_vt_gurobi_original,3-22,model,S2,12,7.926409506641524e-17,normalized,1.0e-6,true
cf_vt_gurobi_original,3-26,model,S2,12,0.0,normalized,1.0e-6,true
cf_vt_gurobi_original,3-25,physics,S2,12,0.0,normalized,1.0e-6,true
cf_vt_gurobi_original,WMM-replay,physics,S2,12,0.0,K,0.0001,true
cf_vt_gurobi_original,3-33:34,model,S2,12,0.0,K,0.0001,true
cf_vt_gurobi_original,3-39:40,model,S2,13,0.0,K,0.0001,true
cf_vt_gurobi_original,3-41,model,2,13,0.0,K,0.0001,true
cf_vt_gurobi_original,3-41,model,2,13,0.0,K,0.0001,true
cf_vt_gurobi_original,3-23-kappa,model,2,13,0.0,kPa,0.005199261864978687,true
cf_vt_gurobi_original,3-22,model,S2,13,7.926409506641524e-17,normalized,1.0e-6,true
cf_vt_gurobi_original,3-26,model,S2,13,0.0,normalized,1.0e-6,true
cf_vt_gurobi_original,3-25,physics,S2,13,0.0,normalized,1.0e-6,true
cf_vt_gurobi_original,WMM-replay,physics,S2,13,0.0,K,0.0001,true
cf_vt_gurobi_original,3-33:34,model,S2,13,0.0,K,0.0001,true
cf_vt_gurobi_original,3-39:40,model,S2,14,0.0,K,0.0001,true
cf_vt_gurobi_original,3-41,model,2,14,0.0,K,0.0001,true
cf_vt_gurobi_original,3-41,model,2,14,0.0,K,0.0001,true
cf_vt_gurobi_original,3-23-kappa,model,2,14,0.0,kPa,0.005199261864978687,true
cf_vt_gurobi_original,3-22,model,S2,14,7.926409506641524e-17,normalized,1.0e-6,true
cf_vt_gurobi_original,3-26,model,S2,14,0.0,normalized,1.0e-6,true
cf_vt_gurobi_original,3-25,physics,S2,14,0.0,normalized,1.0e-6,true
cf_vt_gurobi_original,WMM-replay,physics,S2,14,0.0,K,0.0001,true
cf_vt_gurobi_original,3-33:34,model,S2,14,0.0,K,0.0001,true
cf_vt_gurobi_original,3-39:40,model,S2,15,0.0,K,0.0001,true
cf_vt_gurobi_original,3-41,model,2,15,0.0,K,0.0001,true
cf_vt_gurobi_original,3-41,model,2,15,0.0,K,0.0001,true
cf_vt_gurobi_original,3-23-kappa,model,2,15,0.0,kPa,0.005199261864978687,true
cf_vt_gurobi_original,3-22,model,S2,15,7.926409506641524e-17,normalized,1.0e-6,true
cf_vt_gurobi_original,3-26,model,S2,15,0.0,normalized,1.0e-6,true
cf_vt_gurobi_original,3-25,physics,S2,15,0.0,normalized,1.0e-6,true
cf_vt_gurobi_original,WMM-replay,physics,S2,15,0.0,K,0.0001,true
cf_vt_gurobi_original,3-33:34,model,S2,15,0.0,K,0.0001,true
cf_vt_gurobi_original,3-39:40,model,S2,16,0.0,K,0.0001,true
cf_vt_gurobi_original,3-41,model,2,16,0.0,K,0.0001,true
cf_vt_gurobi_original,3-41,model,2,16,0.0,K,0.0001,true
cf_vt_gurobi_original,3-23-kappa,model,2,16,0.0,kPa,0.005199261864978687,true
cf_vt_gurobi_original,3-22,model,S2,16,7.926409506641524e-17,normalized,1.0e-6,true
cf_vt_gurobi_original,3-26,model,S2,16,0.0,normalized,1.0e-6,true
cf_vt_gurobi_original,3-25,physics,S2,16,0.0,normalized,1.0e-6,true
cf_vt_gurobi_original,WMM-replay,physics,S2,16,0.0,K,0.0001,true
cf_vt_gurobi_original,3-33:34,model,S2,16,0.0,K,0.0001,true
cf_vt_gurobi_original,3-39:40,model,S2,17,0.0,K,0.0001,true
cf_vt_gurobi_original,3-41,model,2,17,0.0,K,0.0001,true
cf_vt_gurobi_original,3-41,model,2,17,0.0,K,0.0001,true
cf_vt_gurobi_original,3-23-kappa,model,2,17,0.0,kPa,0.005199261864978687,true
cf_vt_gurobi_original,3-22,model,S2,17,7.926409506641524e-17,normalized,1.0e-6,true
cf_vt_gurobi_original,3-26,model,S2,17,0.0,normalized,1.0e-6,true
cf_vt_gurobi_original,3-25,physics,S2,17,0.0,normalized,1.0e-6,true
cf_vt_gurobi_original,WMM-replay,physics,S2,17,0.0,K,0.0001,true
cf_vt_gurobi_original,3-33:34,model,S2,17,0.0,K,0.0001,true
cf_vt_gurobi_original,3-39:40,model,S2,18,0.0,K,0.0001,true
cf_vt_gurobi_original,3-41,model,2,18,0.0,K,0.0001,true
cf_vt_gurobi_original,3-41,model,2,18,0.0,K,0.0001,true
cf_vt_gurobi_original,3-23-kappa,model,2,18,0.0,kPa,0.005199261864978687,true
cf_vt_gurobi_original,3-22,model,S2,18,7.926409506641524e-17,normalized,1.0e-6,true
cf_vt_gurobi_original,3-26,model,S2,18,0.0,normalized,1.0e-6,true
cf_vt_gurobi_original,3-25,physics,S2,18,0.0,normalized,1.0e-6,true
cf_vt_gurobi_original,WMM-replay,physics,S2,18,0.0,K,0.0001,true
cf_vt_gurobi_original,3-33:34,model,S2,18,0.0,K,0.0001,true
cf_vt_gurobi_original,3-39:40,model,S2,19,0.0,K,0.0001,true
cf_vt_gurobi_original,3-41,model,2,19,0.0,K,0.0001,true
cf_vt_gurobi_original,3-41,model,2,19,0.0,K,0.0001,true
cf_vt_gurobi_original,3-23-kappa,model,2,19,0.0,kPa,0.005199261864978687,true
cf_vt_gurobi_original,3-22,model,S2,19,7.926409506641524e-17,normalized,1.0e-6,true
cf_vt_gurobi_original,3-26,model,S2,19,0.0,normalized,1.0e-6,true
cf_vt_gurobi_original,3-25,physics,S2,19,0.0,normalized,1.0e-6,true
cf_vt_gurobi_original,WMM-replay,physics,S2,19,0.0,K,0.0001,true
cf_vt_gurobi_original,3-33:34,model,S2,19,0.0,K,0.0001,true
cf_vt_gurobi_original,3-39:40,model,S2,20,0.0,K,0.0001,true
cf_vt_gurobi_original,3-41,model,2,20,0.0,K,0.0001,true
cf_vt_gurobi_original,3-41,model,2,20,0.0,K,0.0001,true
cf_vt_gurobi_original,3-23-kappa,model,2,20,0.0,kPa,0.005199261864978687,true
cf_vt_gurobi_original,3-22,model,S2,20,7.926409506641524e-17,normalized,1.0e-6,true
cf_vt_gurobi_original,3-26,model,S2,20,0.0,normalized,1.0e-6,true
cf_vt_gurobi_original,3-25,physics,S2,20,0.0,normalized,1.0e-6,true
cf_vt_gurobi_original,WMM-replay,physics,S2,20,0.0,K,0.0001,true
cf_vt_gurobi_original,3-33:34,model,S2,20,0.0,K,0.0001,true
cf_vt_gurobi_original,3-39:40,model,S2,21,0.0,K,0.0001,true
cf_vt_gurobi_original,3-41,model,2,21,0.0,K,0.0001,true
cf_vt_gurobi_original,3-41,model,2,21,0.0,K,0.0001,true
cf_vt_gurobi_original,3-23-kappa,model,2,21,0.0,kPa,0.005199261864978687,true
cf_vt_gurobi_original,3-22,model,S2,21,7.926409506641524e-17,normalized,1.0e-6,true
cf_vt_gurobi_original,3-26,model,S2,21,0.0,normalized,1.0e-6,true
cf_vt_gurobi_original,3-25,physics,S2,21,0.0,normalized,1.0e-6,true
cf_vt_gurobi_original,WMM-replay,physics,S2,21,0.0,K,0.0001,true
cf_vt_gurobi_original,3-33:34,model,S2,21,0.0,K,0.0001,true
cf_vt_gurobi_original,3-39:40,model,S2,22,0.0,K,0.0001,true
cf_vt_gurobi_original,3-41,model,2,22,0.0,K,0.0001,true
cf_vt_gurobi_original,3-41,model,2,22,0.0,K,0.0001,true
cf_vt_gurobi_original,3-23-kappa,model,2,22,0.0,kPa,0.005199261864978687,true
cf_vt_gurobi_original,3-22,model,S2,22,7.926409506641524e-17,normalized,1.0e-6,true
cf_vt_gurobi_original,3-26,model,S2,22,0.0,normalized,1.0e-6,true
cf_vt_gurobi_original,3-25,physics,S2,22,0.0,normalized,1.0e-6,true
cf_vt_gurobi_original,WMM-replay,physics,S2,22,0.0,K,0.0001,true
cf_vt_gurobi_original,3-33:34,model,S2,22,0.0,K,0.0001,true
cf_vt_gurobi_original,3-39:40,model,S2,23,0.0,K,0.0001,true
cf_vt_gurobi_original,3-41,model,2,23,0.0,K,0.0001,true
cf_vt_gurobi_original,3-41,model,2,23,0.0,K,0.0001,true
cf_vt_gurobi_original,3-23-kappa,model,2,23,0.0,kPa,0.005199261864978687,true
cf_vt_gurobi_original,3-22,model,S2,23,7.926409506641524e-17,normalized,1.0e-6,true
cf_vt_gurobi_original,3-26,model,S2,23,0.0,normalized,1.0e-6,true
cf_vt_gurobi_original,3-25,physics,S2,23,0.0,normalized,1.0e-6,true
cf_vt_gurobi_original,WMM-replay,physics,S2,23,0.0,K,0.0001,true
cf_vt_gurobi_original,3-33:34,model,S2,23,0.0,K,0.0001,true
cf_vt_gurobi_original,3-39:40,model,S2,24,0.0,K,0.0001,true
cf_vt_gurobi_original,3-41,model,2,24,0.0,K,0.0001,true
cf_vt_gurobi_original,3-41,model,2,24,0.0,K,0.0001,true
cf_vt_gurobi_original,3-23-kappa,model,2,24,0.0,kPa,0.005199261864978687,true
cf_vt_gurobi_original,3-22,model,S2,24,7.926409506641524e-17,normalized,1.0e-6,true
cf_vt_gurobi_original,3-26,model,S2,24,0.0,normalized,1.0e-6,true
cf_vt_gurobi_original,3-25,physics,S2,24,0.0,normalized,1.0e-6,true
cf_vt_gurobi_original,WMM-replay,physics,S2,24,0.0,K,0.0001,true
cf_vt_gurobi_original,3-33:34,model,S2,24,0.0,K,0.0001,true
cf_vt_gurobi_original,3-39:40,model,R2,1,0.0,K,0.0001,true
cf_vt_gurobi_original,3-41,model,2,1,0.0,K,0.0001,true
cf_vt_gurobi_original,3-41,model,2,1,0.0,K,0.0001,true
cf_vt_gurobi_original,3-23-kappa,model,2,1,0.0,kPa,0.005199261864978687,true
cf_vt_gurobi_original,3-22,model,R2,1,0.0,normalized,1.0e-6,true
cf_vt_gurobi_original,3-26,model,R2,1,0.0,normalized,1.0e-6,true
cf_vt_gurobi_original,3-25,physics,R2,1,0.0,normalized,1.0e-6,true
cf_vt_gurobi_original,WMM-replay,physics,R2,1,5.684341886080802e-14,K,0.0001,true
cf_vt_gurobi_original,3-33:34,model,R2,1,5.684341886080802e-14,K,0.0001,true
cf_vt_gurobi_original,3-39:40,model,R2,2,0.0,K,0.0001,true
cf_vt_gurobi_original,3-41,model,2,2,0.0,K,0.0001,true
cf_vt_gurobi_original,3-41,model,2,2,0.0,K,0.0001,true
cf_vt_gurobi_original,3-23-kappa,model,2,2,0.0,kPa,0.005199261864978687,true
cf_vt_gurobi_original,3-22,model,R2,2,0.0,normalized,1.0e-6,true
cf_vt_gurobi_original,3-26,model,R2,2,0.0,normalized,1.0e-6,true
cf_vt_gurobi_original,3-25,physics,R2,2,0.0,normalized,1.0e-6,true
cf_vt_gurobi_original,WMM-replay,physics,R2,2,1.1368683772161603e-13,K,0.0001,true
cf_vt_gurobi_original,3-33:34,model,R2,2,1.1368683772161603e-13,K,0.0001,true
cf_vt_gurobi_original,3-39:40,model,R2,3,0.0,K,0.0001,true
cf_vt_gurobi_original,3-41,model,2,3,0.0,K,0.0001,true
cf_vt_gurobi_original,3-41,model,2,3,0.0,K,0.0001,true
cf_vt_gurobi_original,3-23-kappa,model,2,3,0.0,kPa,0.005199261864978687,true
cf_vt_gurobi_original,3-22,model,R2,3,0.0,normalized,1.0e-6,true
cf_vt_gurobi_original,3-26,model,R2,3,0.0,normalized,1.0e-6,true
cf_vt_gurobi_original,3-25,physics,R2,3,0.0,normalized,1.0e-6,true
cf_vt_gurobi_original,WMM-replay,physics,R2,3,1.7053025658242404e-13,K,0.0001,true
cf_vt_gurobi_original,3-33:34,model,R2,3,1.7053025658242404e-13,K,0.0001,true
cf_vt_gurobi_original,3-39:40,model,R2,4,0.0,K,0.0001,true
cf_vt_gurobi_original,3-41,model,2,4,0.0,K,0.0001,true
cf_vt_gurobi_original,3-41,model,2,4,0.0,K,0.0001,true
cf_vt_gurobi_original,3-23-kappa,model,2,4,0.0,kPa,0.005199261864978687,true
cf_vt_gurobi_original,3-22,model,R2,4,0.0,normalized,1.0e-6,true
cf_vt_gurobi_original,3-26,model,R2,4,0.0,normalized,1.0e-6,true
cf_vt_gurobi_original,3-25,physics,R2,4,0.0,normalized,1.0e-6,true
cf_vt_gurobi_original,WMM-replay,physics,R2,4,0.0,K,0.0001,true
cf_vt_gurobi_original,3-33:34,model,R2,4,0.0,K,0.0001,true
cf_vt_gurobi_original,3-39:40,model,R2,5,0.0,K,0.0001,true
cf_vt_gurobi_original,3-41,model,2,5,0.0,K,0.0001,true
cf_vt_gurobi_original,3-41,model,2,5,0.0,K,0.0001,true
cf_vt_gurobi_original,3-23-kappa,model,2,5,0.0,kPa,0.005199261864978687,true
cf_vt_gurobi_original,3-22,model,R2,5,0.0,normalized,1.0e-6,true
cf_vt_gurobi_original,3-26,model,R2,5,0.0,normalized,1.0e-6,true
cf_vt_gurobi_original,3-25,physics,R2,5,0.0,normalized,1.0e-6,true
cf_vt_gurobi_original,WMM-replay,physics,R2,5,5.684341886080802e-14,K,0.0001,true
cf_vt_gurobi_original,3-33:34,model,R2,5,5.684341886080802e-14,K,0.0001,true
cf_vt_gurobi_original,3-39:40,model,R2,6,0.0,K,0.0001,true
cf_vt_gurobi_original,3-41,model,2,6,0.0,K,0.0001,true
cf_vt_gurobi_original,3-41,model,2,6,0.0,K,0.0001,true
cf_vt_gurobi_original,3-23-kappa,model,2,6,0.0,kPa,0.005199261864978687,true
cf_vt_gurobi_original,3-22,model,R2,6,0.0,normalized,1.0e-6,true
cf_vt_gurobi_original,3-26,model,R2,6,0.0,normalized,1.0e-6,true
cf_vt_gurobi_original,3-25,physics,R2,6,0.0,normalized,1.0e-6,true
cf_vt_gurobi_original,WMM-replay,physics,R2,6,0.0,K,0.0001,true
cf_vt_gurobi_original,3-33:34,model,R2,6,0.0,K,0.0001,true
cf_vt_gurobi_original,3-39:40,model,R2,7,0.0,K,0.0001,true
cf_vt_gurobi_original,3-41,model,2,7,0.0,K,0.0001,true
cf_vt_gurobi_original,3-41,model,2,7,0.0,K,0.0001,true
cf_vt_gurobi_original,3-23-kappa,model,2,7,0.0,kPa,0.005199261864978687,true
cf_vt_gurobi_original,3-22,model,R2,7,0.0,normalized,1.0e-6,true
cf_vt_gurobi_original,3-26,model,R2,7,0.0,normalized,1.0e-6,true
cf_vt_gurobi_original,3-25,physics,R2,7,0.0,normalized,1.0e-6,true
cf_vt_gurobi_original,WMM-replay,physics,R2,7,0.0,K,0.0001,true
cf_vt_gurobi_original,3-33:34,model,R2,7,0.0,K,0.0001,true
cf_vt_gurobi_original,3-39:40,model,R2,8,0.0,K,0.0001,true
cf_vt_gurobi_original,3-41,model,2,8,0.0,K,0.0001,true
cf_vt_gurobi_original,3-41,model,2,8,0.0,K,0.0001,true
cf_vt_gurobi_original,3-23-kappa,model,2,8,0.0,kPa,0.005199261864978687,true
cf_vt_gurobi_original,3-22,model,R2,8,0.0,normalized,1.0e-6,true
cf_vt_gurobi_original,3-26,model,R2,8,0.0,normalized,1.0e-6,true
cf_vt_gurobi_original,3-25,physics,R2,8,0.0,normalized,1.0e-6,true
cf_vt_gurobi_original,WMM-replay,physics,R2,8,5.684341886080802e-14,K,0.0001,true
cf_vt_gurobi_original,3-33:34,model,R2,8,5.684341886080802e-14,K,0.0001,true
cf_vt_gurobi_original,3-39:40,model,R2,9,0.0,K,0.0001,true
cf_vt_gurobi_original,3-41,model,2,9,0.0,K,0.0001,true
cf_vt_gurobi_original,3-41,model,2,9,0.0,K,0.0001,true
cf_vt_gurobi_original,3-23-kappa,model,2,9,0.0,kPa,0.005199261864978687,true
cf_vt_gurobi_original,3-22,model,R2,9,0.0,normalized,1.0e-6,true
cf_vt_gurobi_original,3-26,model,R2,9,0.0,normalized,1.0e-6,true
cf_vt_gurobi_original,3-25,physics,R2,9,0.0,normalized,1.0e-6,true
cf_vt_gurobi_original,WMM-replay,physics,R2,9,5.684341886080802e-14,K,0.0001,true
cf_vt_gurobi_original,3-33:34,model,R2,9,5.684341886080802e-14,K,0.0001,true
cf_vt_gurobi_original,3-39:40,model,R2,10,0.0,K,0.0001,true
cf_vt_gurobi_original,3-41,model,2,10,0.0,K,0.0001,true
cf_vt_gurobi_original,3-41,model,2,10,0.0,K,0.0001,true
cf_vt_gurobi_original,3-23-kappa,model,2,10,0.0,kPa,0.005199261864978687,true
cf_vt_gurobi_original,3-22,model,R2,10,0.0,normalized,1.0e-6,true
cf_vt_gurobi_original,3-26,model,R2,10,0.0,normalized,1.0e-6,true
cf_vt_gurobi_original,3-25,physics,R2,10,0.0,normalized,1.0e-6,true
cf_vt_gurobi_original,WMM-replay,physics,R2,10,5.684341886080802e-14,K,0.0001,true
cf_vt_gurobi_original,3-33:34,model,R2,10,5.684341886080802e-14,K,0.0001,true
cf_vt_gurobi_original,3-39:40,model,R2,11,0.0,K,0.0001,true
cf_vt_gurobi_original,3-41,model,2,11,0.0,K,0.0001,true
cf_vt_gurobi_original,3-41,model,2,11,0.0,K,0.0001,true
cf_vt_gurobi_original,3-23-kappa,model,2,11,0.0,kPa,0.005199261864978687,true
cf_vt_gurobi_original,3-22,model,R2,11,0.0,normalized,1.0e-6,true
cf_vt_gurobi_original,3-26,model,R2,11,0.0,normalized,1.0e-6,true
cf_vt_gurobi_original,3-25,physics,R2,11,0.0,normalized,1.0e-6,true
cf_vt_gurobi_original,WMM-replay,physics,R2,11,5.684341886080802e-14,K,0.0001,true
cf_vt_gurobi_original,3-33:34,model,R2,11,5.684341886080802e-14,K,0.0001,true
cf_vt_gurobi_original,3-39:40,model,R2,12,0.0,K,0.0001,true
cf_vt_gurobi_original,3-41,model,2,12,0.0,K,0.0001,true
cf_vt_gurobi_original,3-41,model,2,12,0.0,K,0.0001,true
cf_vt_gurobi_original,3-23-kappa,model,2,12,0.0,kPa,0.005199261864978687,true
cf_vt_gurobi_original,3-22,model,R2,12,0.0,normalized,1.0e-6,true
cf_vt_gurobi_original,3-26,model,R2,12,0.0,normalized,1.0e-6,true
cf_vt_gurobi_original,3-25,physics,R2,12,0.0,normalized,1.0e-6,true
cf_vt_gurobi_original,WMM-replay,physics,R2,12,5.684341886080802e-14,K,0.0001,true
cf_vt_gurobi_original,3-33:34,model,R2,12,5.684341886080802e-14,K,0.0001,true
cf_vt_gurobi_original,3-39:40,model,R2,13,0.0,K,0.0001,true
cf_vt_gurobi_original,3-41,model,2,13,0.0,K,0.0001,true
cf_vt_gurobi_original,3-41,model,2,13,0.0,K,0.0001,true
cf_vt_gurobi_original,3-23-kappa,model,2,13,0.0,kPa,0.005199261864978687,true
cf_vt_gurobi_original,3-22,model,R2,13,0.0,normalized,1.0e-6,true
cf_vt_gurobi_original,3-26,model,R2,13,0.0,normalized,1.0e-6,true
cf_vt_gurobi_original,3-25,physics,R2,13,0.0,normalized,1.0e-6,true
cf_vt_gurobi_original,WMM-replay,physics,R2,13,5.684341886080802e-14,K,0.0001,true
cf_vt_gurobi_original,3-33:34,model,R2,13,5.684341886080802e-14,K,0.0001,true
cf_vt_gurobi_original,3-39:40,model,R2,14,0.0,K,0.0001,true
cf_vt_gurobi_original,3-41,model,2,14,0.0,K,0.0001,true
cf_vt_gurobi_original,3-41,model,2,14,0.0,K,0.0001,true
cf_vt_gurobi_original,3-23-kappa,model,2,14,0.0,kPa,0.005199261864978687,true
cf_vt_gurobi_original,3-22,model,R2,14,0.0,normalized,1.0e-6,true
cf_vt_gurobi_original,3-26,model,R2,14,0.0,normalized,1.0e-6,true
cf_vt_gurobi_original,3-25,physics,R2,14,0.0,normalized,1.0e-6,true
cf_vt_gurobi_original,WMM-replay,physics,R2,14,5.684341886080802e-14,K,0.0001,true
cf_vt_gurobi_original,3-33:34,model,R2,14,5.684341886080802e-14,K,0.0001,true
cf_vt_gurobi_original,3-39:40,model,R2,15,0.0,K,0.0001,true
cf_vt_gurobi_original,3-41,model,2,15,0.0,K,0.0001,true
cf_vt_gurobi_original,3-41,model,2,15,0.0,K,0.0001,true
cf_vt_gurobi_original,3-23-kappa,model,2,15,0.0,kPa,0.005199261864978687,true
cf_vt_gurobi_original,3-22,model,R2,15,0.0,normalized,1.0e-6,true
cf_vt_gurobi_original,3-26,model,R2,15,0.0,normalized,1.0e-6,true
cf_vt_gurobi_original,3-25,physics,R2,15,0.0,normalized,1.0e-6,true
cf_vt_gurobi_original,WMM-replay,physics,R2,15,5.684341886080802e-14,K,0.0001,true
cf_vt_gurobi_original,3-33:34,model,R2,15,5.684341886080802e-14,K,0.0001,true
cf_vt_gurobi_original,3-39:40,model,R2,16,0.0,K,0.0001,true
cf_vt_gurobi_original,3-41,model,2,16,0.0,K,0.0001,true
cf_vt_gurobi_original,3-41,model,2,16,0.0,K,0.0001,true
cf_vt_gurobi_original,3-23-kappa,model,2,16,0.0,kPa,0.005199261864978687,true
cf_vt_gurobi_original,3-22,model,R2,16,0.0,normalized,1.0e-6,true
cf_vt_gurobi_original,3-26,model,R2,16,0.0,normalized,1.0e-6,true
cf_vt_gurobi_original,3-25,physics,R2,16,0.0,normalized,1.0e-6,true
cf_vt_gurobi_original,WMM-replay,physics,R2,16,1.7053025658242404e-13,K,0.0001,true
cf_vt_gurobi_original,3-33:34,model,R2,16,1.7053025658242404e-13,K,0.0001,true
cf_vt_gurobi_original,3-39:40,model,R2,17,0.0,K,0.0001,true
cf_vt_gurobi_original,3-41,model,2,17,0.0,K,0.0001,true
cf_vt_gurobi_original,3-41,model,2,17,0.0,K,0.0001,true
cf_vt_gurobi_original,3-23-kappa,model,2,17,0.0,kPa,0.005199261864978687,true
cf_vt_gurobi_original,3-22,model,R2,17,0.0,normalized,1.0e-6,true
cf_vt_gurobi_original,3-26,model,R2,17,0.0,normalized,1.0e-6,true
cf_vt_gurobi_original,3-25,physics,R2,17,0.0,normalized,1.0e-6,true
cf_vt_gurobi_original,WMM-replay,physics,R2,17,5.684341886080802e-14,K,0.0001,true
cf_vt_gurobi_original,3-33:34,model,R2,17,5.684341886080802e-14,K,0.0001,true
cf_vt_gurobi_original,3-39:40,model,R2,18,0.0,K,0.0001,true
cf_vt_gurobi_original,3-41,model,2,18,0.0,K,0.0001,true
cf_vt_gurobi_original,3-41,model,2,18,0.0,K,0.0001,true
cf_vt_gurobi_original,3-23-kappa,model,2,18,0.0,kPa,0.005199261864978687,true
cf_vt_gurobi_original,3-22,model,R2,18,0.0,normalized,1.0e-6,true
cf_vt_gurobi_original,3-26,model,R2,18,0.0,normalized,1.0e-6,true
cf_vt_gurobi_original,3-25,physics,R2,18,0.0,normalized,1.0e-6,true
cf_vt_gurobi_original,WMM-replay,physics,R2,18,0.0,K,0.0001,true
cf_vt_gurobi_original,3-33:34,model,R2,18,0.0,K,0.0001,true
cf_vt_gurobi_original,3-39:40,model,R2,19,0.0,K,0.0001,true
cf_vt_gurobi_original,3-41,model,2,19,0.0,K,0.0001,true
cf_vt_gurobi_original,3-41,model,2,19,0.0,K,0.0001,true
cf_vt_gurobi_original,3-23-kappa,model,2,19,0.0,kPa,0.005199261864978687,true
cf_vt_gurobi_original,3-22,model,R2,19,0.0,normalized,1.0e-6,true
cf_vt_gurobi_original,3-26,model,R2,19,0.0,normalized,1.0e-6,true
cf_vt_gurobi_original,3-25,physics,R2,19,0.0,normalized,1.0e-6,true
cf_vt_gurobi_original,WMM-replay,physics,R2,19,0.0,K,0.0001,true
cf_vt_gurobi_original,3-33:34,model,R2,19,0.0,K,0.0001,true
cf_vt_gurobi_original,3-39:40,model,R2,20,0.0,K,0.0001,true
cf_vt_gurobi_original,3-41,model,2,20,0.0,K,0.0001,true
cf_vt_gurobi_original,3-41,model,2,20,0.0,K,0.0001,true
cf_vt_gurobi_original,3-23-kappa,model,2,20,0.0,kPa,0.005199261864978687,true
cf_vt_gurobi_original,3-22,model,R2,20,0.0,normalized,1.0e-6,true
cf_vt_gurobi_original,3-26,model,R2,20,0.0,normalized,1.0e-6,true
cf_vt_gurobi_original,3-25,physics,R2,20,0.0,normalized,1.0e-6,true
cf_vt_gurobi_original,WMM-replay,physics,R2,20,0.0,K,0.0001,true
cf_vt_gurobi_original,3-33:34,model,R2,20,0.0,K,0.0001,true
cf_vt_gurobi_original,3-39:40,model,R2,21,0.0,K,0.0001,true
cf_vt_gurobi_original,3-41,model,2,21,0.0,K,0.0001,true
cf_vt_gurobi_original,3-41,model,2,21,0.0,K,0.0001,true
cf_vt_gurobi_original,3-23-kappa,model,2,21,0.0,kPa,0.005199261864978687,true
cf_vt_gurobi_original,3-22,model,R2,21,0.0,normalized,1.0e-6,true
cf_vt_gurobi_original,3-26,model,R2,21,0.0,normalized,1.0e-6,true
cf_vt_gurobi_original,3-25,physics,R2,21,0.0,normalized,1.0e-6,true
cf_vt_gurobi_original,WMM-replay,physics,R2,21,5.684341886080802e-14,K,0.0001,true
cf_vt_gurobi_original,3-33:34,model,R2,21,5.684341886080802e-14,K,0.0001,true
cf_vt_gurobi_original,3-39:40,model,R2,22,0.0,K,0.0001,true
cf_vt_gurobi_original,3-41,model,2,22,0.0,K,0.0001,true
cf_vt_gurobi_original,3-41,model,2,22,0.0,K,0.0001,true
cf_vt_gurobi_original,3-23-kappa,model,2,22,0.0,kPa,0.005199261864978687,true
cf_vt_gurobi_original,3-22,model,R2,22,0.0,normalized,1.0e-6,true
cf_vt_gurobi_original,3-26,model,R2,22,0.0,normalized,1.0e-6,true
cf_vt_gurobi_original,3-25,physics,R2,22,0.0,normalized,1.0e-6,true
cf_vt_gurobi_original,WMM-replay,physics,R2,22,5.684341886080802e-14,K,0.0001,true
cf_vt_gurobi_original,3-33:34,model,R2,22,5.684341886080802e-14,K,0.0001,true
cf_vt_gurobi_original,3-39:40,model,R2,23,0.0,K,0.0001,true
cf_vt_gurobi_original,3-41,model,2,23,0.0,K,0.0001,true
cf_vt_gurobi_original,3-41,model,2,23,0.0,K,0.0001,true
cf_vt_gurobi_original,3-23-kappa,model,2,23,0.0,kPa,0.005199261864978687,true
cf_vt_gurobi_original,3-22,model,R2,23,0.0,normalized,1.0e-6,true
cf_vt_gurobi_original,3-26,model,R2,23,0.0,normalized,1.0e-6,true
cf_vt_gurobi_original,3-25,physics,R2,23,0.0,normalized,1.0e-6,true
cf_vt_gurobi_original,WMM-replay,physics,R2,23,5.684341886080802e-14,K,0.0001,true
cf_vt_gurobi_original,3-33:34,model,R2,23,5.684341886080802e-14,K,0.0001,true
cf_vt_gurobi_original,3-39:40,model,R2,24,0.0,K,0.0001,true
cf_vt_gurobi_original,3-41,model,2,24,0.0,K,0.0001,true
cf_vt_gurobi_original,3-41,model,2,24,0.0,K,0.0001,true
cf_vt_gurobi_original,3-23-kappa,model,2,24,0.0,kPa,0.005199261864978687,true
cf_vt_gurobi_original,3-22,model,R2,24,0.0,normalized,1.0e-6,true
cf_vt_gurobi_original,3-26,model,R2,24,0.0,normalized,1.0e-6,true
cf_vt_gurobi_original,3-25,physics,R2,24,0.0,normalized,1.0e-6,true
cf_vt_gurobi_original,WMM-replay,physics,R2,24,5.684341886080802e-14,K,0.0001,true
cf_vt_gurobi_original,3-33:34,model,R2,24,5.684341886080802e-14,K,0.0001,true
cf_vt_gurobi_original,3-23,model,3,1,0.0,kg/s,2.947222222222222e-5,true
cf_vt_gurobi_original,R2-fixed-flow,model,3,1,0.0,kg/s,2.947222222222222e-5,true
cf_vt_gurobi_original,3-27,model,3,1,0.0,kg/s,2.947222222222222e-5,true
cf_vt_gurobi_original,3-30,model,3,1,0.0,kg/s,2.947222222222222e-5,true
cf_vt_gurobi_original,3-32,model,3,1,0.0,1,1.0e-6,true
cf_vt_gurobi_original,3-28,model,3,1,0.0,1,1.0e-6,true
cf_vt_gurobi_original,3-29:32,model,3,1,0.0,1,1.0e-6,true
cf_vt_gurobi_original,3-31,model,3,1,0.0,1,1.0e-6,true
cf_vt_gurobi_original,3-29:32,model,3,1,0.0,1,1.0e-6,true
cf_vt_gurobi_original,3-23,model,3,2,0.0,kg/s,2.947222222222222e-5,true
cf_vt_gurobi_original,R2-fixed-flow,model,3,2,0.0,kg/s,2.947222222222222e-5,true
cf_vt_gurobi_original,3-27,model,3,2,0.0,kg/s,2.947222222222222e-5,true
cf_vt_gurobi_original,3-30,model,3,2,0.0,kg/s,2.947222222222222e-5,true
cf_vt_gurobi_original,3-32,model,3,2,0.0,1,1.0e-6,true
cf_vt_gurobi_original,3-28,model,3,2,0.0,1,1.0e-6,true
cf_vt_gurobi_original,3-29:32,model,3,2,0.0,1,1.0e-6,true
cf_vt_gurobi_original,3-31,model,3,2,0.0,1,1.0e-6,true
cf_vt_gurobi_original,3-29:32,model,3,2,0.0,1,1.0e-6,true
cf_vt_gurobi_original,3-23,model,3,3,0.0,kg/s,2.947222222222222e-5,true
cf_vt_gurobi_original,R2-fixed-flow,model,3,3,0.0,kg/s,2.947222222222222e-5,true
cf_vt_gurobi_original,3-27,model,3,3,0.0,kg/s,2.947222222222222e-5,true
cf_vt_gurobi_original,3-30,model,3,3,0.0,kg/s,2.947222222222222e-5,true
cf_vt_gurobi_original,3-32,model,3,3,0.0,1,1.0e-6,true
cf_vt_gurobi_original,3-28,model,3,3,0.0,1,1.0e-6,true
cf_vt_gurobi_original,3-29:32,model,3,3,0.0,1,1.0e-6,true
cf_vt_gurobi_original,3-31,model,3,3,0.0,1,1.0e-6,true
cf_vt_gurobi_original,3-29:32,model,3,3,0.0,1,1.0e-6,true
cf_vt_gurobi_original,3-23,model,3,4,0.0,kg/s,2.947222222222222e-5,true
cf_vt_gurobi_original,R2-fixed-flow,model,3,4,0.0,kg/s,2.947222222222222e-5,true
cf_vt_gurobi_original,3-27,model,3,4,0.0,kg/s,2.947222222222222e-5,true
cf_vt_gurobi_original,3-30,model,3,4,0.0,kg/s,2.947222222222222e-5,true
cf_vt_gurobi_original,3-32,model,3,4,0.0,1,1.0e-6,true
cf_vt_gurobi_original,3-28,model,3,4,0.0,1,1.0e-6,true
cf_vt_gurobi_original,3-29:32,model,3,4,0.0,1,1.0e-6,true
cf_vt_gurobi_original,3-31,model,3,4,0.0,1,1.0e-6,true
cf_vt_gurobi_original,3-29:32,model,3,4,0.0,1,1.0e-6,true
cf_vt_gurobi_original,3-23,model,3,5,0.0,kg/s,2.947222222222222e-5,true
cf_vt_gurobi_original,R2-fixed-flow,model,3,5,0.0,kg/s,2.947222222222222e-5,true
cf_vt_gurobi_original,3-27,model,3,5,0.0,kg/s,2.947222222222222e-5,true
cf_vt_gurobi_original,3-30,model,3,5,0.0,kg/s,2.947222222222222e-5,true
cf_vt_gurobi_original,3-32,model,3,5,0.0,1,1.0e-6,true
cf_vt_gurobi_original,3-28,model,3,5,0.0,1,1.0e-6,true
cf_vt_gurobi_original,3-29:32,model,3,5,0.0,1,1.0e-6,true
cf_vt_gurobi_original,3-31,model,3,5,0.0,1,1.0e-6,true
cf_vt_gurobi_original,3-29:32,model,3,5,0.0,1,1.0e-6,true
cf_vt_gurobi_original,3-23,model,3,6,0.0,kg/s,2.947222222222222e-5,true
cf_vt_gurobi_original,R2-fixed-flow,model,3,6,0.0,kg/s,2.947222222222222e-5,true
cf_vt_gurobi_original,3-27,model,3,6,0.0,kg/s,2.947222222222222e-5,true
cf_vt_gurobi_original,3-30,model,3,6,0.0,kg/s,2.947222222222222e-5,true
cf_vt_gurobi_original,3-32,model,3,6,0.0,1,1.0e-6,true
cf_vt_gurobi_original,3-28,model,3,6,0.0,1,1.0e-6,true
cf_vt_gurobi_original,3-29:32,model,3,6,0.0,1,1.0e-6,true
cf_vt_gurobi_original,3-31,model,3,6,0.0,1,1.0e-6,true
cf_vt_gurobi_original,3-29:32,model,3,6,0.0,1,1.0e-6,true
cf_vt_gurobi_original,3-23,model,3,7,0.0,kg/s,2.947222222222222e-5,true
cf_vt_gurobi_original,R2-fixed-flow,model,3,7,0.0,kg/s,2.947222222222222e-5,true
cf_vt_gurobi_original,3-27,model,3,7,0.0,kg/s,2.947222222222222e-5,true
cf_vt_gurobi_original,3-30,model,3,7,0.0,kg/s,2.947222222222222e-5,true
cf_vt_gurobi_original,3-32,model,3,7,0.0,1,1.0e-6,true
cf_vt_gurobi_original,3-28,model,3,7,0.0,1,1.0e-6,true
cf_vt_gurobi_original,3-29:32,model,3,7,0.0,1,1.0e-6,true
cf_vt_gurobi_original,3-31,model,3,7,0.0,1,1.0e-6,true
cf_vt_gurobi_original,3-29:32,model,3,7,0.0,1,1.0e-6,true
cf_vt_gurobi_original,3-23,model,3,8,0.0,kg/s,2.947222222222222e-5,true
cf_vt_gurobi_original,R2-fixed-flow,model,3,8,0.0,kg/s,2.947222222222222e-5,true
cf_vt_gurobi_original,3-27,model,3,8,0.0,kg/s,2.947222222222222e-5,true
cf_vt_gurobi_original,3-30,model,3,8,0.0,kg/s,2.947222222222222e-5,true
cf_vt_gurobi_original,3-32,model,3,8,0.0,1,1.0e-6,true
cf_vt_gurobi_original,3-28,model,3,8,0.0,1,1.0e-6,true
cf_vt_gurobi_original,3-29:32,model,3,8,0.0,1,1.0e-6,true
cf_vt_gurobi_original,3-31,model,3,8,0.0,1,1.0e-6,true
cf_vt_gurobi_original,3-29:32,model,3,8,0.0,1,1.0e-6,true
cf_vt_gurobi_original,3-23,model,3,9,0.0,kg/s,2.947222222222222e-5,true
cf_vt_gurobi_original,R2-fixed-flow,model,3,9,0.0,kg/s,2.947222222222222e-5,true
cf_vt_gurobi_original,3-27,model,3,9,0.0,kg/s,2.947222222222222e-5,true
cf_vt_gurobi_original,3-30,model,3,9,0.0,kg/s,2.947222222222222e-5,true
cf_vt_gurobi_original,3-32,model,3,9,0.0,1,1.0e-6,true
cf_vt_gurobi_original,3-28,model,3,9,0.0,1,1.0e-6,true
cf_vt_gurobi_original,3-29:32,model,3,9,0.0,1,1.0e-6,true
cf_vt_gurobi_original,3-31,model,3,9,0.0,1,1.0e-6,true
cf_vt_gurobi_original,3-29:32,model,3,9,0.0,1,1.0e-6,true
cf_vt_gurobi_original,3-23,model,3,10,0.0,kg/s,2.947222222222222e-5,true
cf_vt_gurobi_original,R2-fixed-flow,model,3,10,0.0,kg/s,2.947222222222222e-5,true
cf_vt_gurobi_original,3-27,model,3,10,0.0,kg/s,2.947222222222222e-5,true
cf_vt_gurobi_original,3-30,model,3,10,0.0,kg/s,2.947222222222222e-5,true
cf_vt_gurobi_original,3-32,model,3,10,0.0,1,1.0e-6,true
cf_vt_gurobi_original,3-28,model,3,10,0.0,1,1.0e-6,true
cf_vt_gurobi_original,3-29:32,model,3,10,0.0,1,1.0e-6,true
cf_vt_gurobi_original,3-31,model,3,10,0.0,1,1.0e-6,true
cf_vt_gurobi_original,3-29:32,model,3,10,0.0,1,1.0e-6,true
cf_vt_gurobi_original,3-23,model,3,11,0.0,kg/s,2.947222222222222e-5,true
cf_vt_gurobi_original,R2-fixed-flow,model,3,11,0.0,kg/s,2.947222222222222e-5,true
cf_vt_gurobi_original,3-27,model,3,11,0.0,kg/s,2.947222222222222e-5,true
cf_vt_gurobi_original,3-30,model,3,11,0.0,kg/s,2.947222222222222e-5,true
cf_vt_gurobi_original,3-32,model,3,11,0.0,1,1.0e-6,true
cf_vt_gurobi_original,3-28,model,3,11,0.0,1,1.0e-6,true
cf_vt_gurobi_original,3-29:32,model,3,11,0.0,1,1.0e-6,true
cf_vt_gurobi_original,3-31,model,3,11,0.0,1,1.0e-6,true
cf_vt_gurobi_original,3-29:32,model,3,11,0.0,1,1.0e-6,true
cf_vt_gurobi_original,3-23,model,3,12,0.0,kg/s,2.947222222222222e-5,true
cf_vt_gurobi_original,R2-fixed-flow,model,3,12,0.0,kg/s,2.947222222222222e-5,true
cf_vt_gurobi_original,3-27,model,3,12,0.0,kg/s,2.947222222222222e-5,true
cf_vt_gurobi_original,3-30,model,3,12,0.0,kg/s,2.947222222222222e-5,true
cf_vt_gurobi_original,3-32,model,3,12,0.0,1,1.0e-6,true
cf_vt_gurobi_original,3-28,model,3,12,0.0,1,1.0e-6,true
cf_vt_gurobi_original,3-29:32,model,3,12,0.0,1,1.0e-6,true
cf_vt_gurobi_original,3-31,model,3,12,0.0,1,1.0e-6,true
cf_vt_gurobi_original,3-29:32,model,3,12,0.0,1,1.0e-6,true
cf_vt_gurobi_original,3-23,model,3,13,0.0,kg/s,2.947222222222222e-5,true
cf_vt_gurobi_original,R2-fixed-flow,model,3,13,0.0,kg/s,2.947222222222222e-5,true
cf_vt_gurobi_original,3-27,model,3,13,0.0,kg/s,2.947222222222222e-5,true
cf_vt_gurobi_original,3-30,model,3,13,0.0,kg/s,2.947222222222222e-5,true
cf_vt_gurobi_original,3-32,model,3,13,0.0,1,1.0e-6,true
cf_vt_gurobi_original,3-28,model,3,13,0.0,1,1.0e-6,true
cf_vt_gurobi_original,3-29:32,model,3,13,0.0,1,1.0e-6,true
cf_vt_gurobi_original,3-31,model,3,13,0.0,1,1.0e-6,true
cf_vt_gurobi_original,3-29:32,model,3,13,0.0,1,1.0e-6,true
cf_vt_gurobi_original,3-23,model,3,14,0.0,kg/s,2.947222222222222e-5,true
cf_vt_gurobi_original,R2-fixed-flow,model,3,14,0.0,kg/s,2.947222222222222e-5,true
cf_vt_gurobi_original,3-27,model,3,14,0.0,kg/s,2.947222222222222e-5,true
cf_vt_gurobi_original,3-30,model,3,14,0.0,kg/s,2.947222222222222e-5,true
cf_vt_gurobi_original,3-32,model,3,14,0.0,1,1.0e-6,true
cf_vt_gurobi_original,3-28,model,3,14,0.0,1,1.0e-6,true
cf_vt_gurobi_original,3-29:32,model,3,14,0.0,1,1.0e-6,true
cf_vt_gurobi_original,3-31,model,3,14,0.0,1,1.0e-6,true
cf_vt_gurobi_original,3-29:32,model,3,14,0.0,1,1.0e-6,true
cf_vt_gurobi_original,3-23,model,3,15,0.0,kg/s,2.947222222222222e-5,true
cf_vt_gurobi_original,R2-fixed-flow,model,3,15,0.0,kg/s,2.947222222222222e-5,true
cf_vt_gurobi_original,3-27,model,3,15,0.0,kg/s,2.947222222222222e-5,true
cf_vt_gurobi_original,3-30,model,3,15,0.0,kg/s,2.947222222222222e-5,true
cf_vt_gurobi_original,3-32,model,3,15,0.0,1,1.0e-6,true
cf_vt_gurobi_original,3-28,model,3,15,0.0,1,1.0e-6,true
cf_vt_gurobi_original,3-29:32,model,3,15,0.0,1,1.0e-6,true
cf_vt_gurobi_original,3-31,model,3,15,0.0,1,1.0e-6,true
cf_vt_gurobi_original,3-29:32,model,3,15,0.0,1,1.0e-6,true
cf_vt_gurobi_original,3-23,model,3,16,0.0,kg/s,2.947222222222222e-5,true
cf_vt_gurobi_original,R2-fixed-flow,model,3,16,0.0,kg/s,2.947222222222222e-5,true
cf_vt_gurobi_original,3-27,model,3,16,0.0,kg/s,2.947222222222222e-5,true
cf_vt_gurobi_original,3-30,model,3,16,0.0,kg/s,2.947222222222222e-5,true
cf_vt_gurobi_original,3-32,model,3,16,0.0,1,1.0e-6,true
cf_vt_gurobi_original,3-28,model,3,16,0.0,1,1.0e-6,true
cf_vt_gurobi_original,3-29:32,model,3,16,0.0,1,1.0e-6,true
cf_vt_gurobi_original,3-31,model,3,16,0.0,1,1.0e-6,true
cf_vt_gurobi_original,3-29:32,model,3,16,0.0,1,1.0e-6,true
cf_vt_gurobi_original,3-23,model,3,17,0.0,kg/s,2.947222222222222e-5,true
cf_vt_gurobi_original,R2-fixed-flow,model,3,17,0.0,kg/s,2.947222222222222e-5,true
cf_vt_gurobi_original,3-27,model,3,17,0.0,kg/s,2.947222222222222e-5,true
cf_vt_gurobi_original,3-30,model,3,17,0.0,kg/s,2.947222222222222e-5,true
cf_vt_gurobi_original,3-32,model,3,17,0.0,1,1.0e-6,true
cf_vt_gurobi_original,3-28,model,3,17,0.0,1,1.0e-6,true
cf_vt_gurobi_original,3-29:32,model,3,17,0.0,1,1.0e-6,true
cf_vt_gurobi_original,3-31,model,3,17,0.0,1,1.0e-6,true
cf_vt_gurobi_original,3-29:32,model,3,17,0.0,1,1.0e-6,true
cf_vt_gurobi_original,3-23,model,3,18,0.0,kg/s,2.947222222222222e-5,true
cf_vt_gurobi_original,R2-fixed-flow,model,3,18,0.0,kg/s,2.947222222222222e-5,true
cf_vt_gurobi_original,3-27,model,3,18,0.0,kg/s,2.947222222222222e-5,true
cf_vt_gurobi_original,3-30,model,3,18,0.0,kg/s,2.947222222222222e-5,true
cf_vt_gurobi_original,3-32,model,3,18,0.0,1,1.0e-6,true
cf_vt_gurobi_original,3-28,model,3,18,0.0,1,1.0e-6,true
cf_vt_gurobi_original,3-29:32,model,3,18,0.0,1,1.0e-6,true
cf_vt_gurobi_original,3-31,model,3,18,0.0,1,1.0e-6,true
cf_vt_gurobi_original,3-29:32,model,3,18,0.0,1,1.0e-6,true
cf_vt_gurobi_original,3-23,model,3,19,0.0,kg/s,2.947222222222222e-5,true
cf_vt_gurobi_original,R2-fixed-flow,model,3,19,0.0,kg/s,2.947222222222222e-5,true
cf_vt_gurobi_original,3-27,model,3,19,0.0,kg/s,2.947222222222222e-5,true
cf_vt_gurobi_original,3-30,model,3,19,0.0,kg/s,2.947222222222222e-5,true
cf_vt_gurobi_original,3-32,model,3,19,0.0,1,1.0e-6,true
cf_vt_gurobi_original,3-28,model,3,19,0.0,1,1.0e-6,true
cf_vt_gurobi_original,3-29:32,model,3,19,0.0,1,1.0e-6,true
cf_vt_gurobi_original,3-31,model,3,19,0.0,1,1.0e-6,true
cf_vt_gurobi_original,3-29:32,model,3,19,0.0,1,1.0e-6,true
cf_vt_gurobi_original,3-23,model,3,20,0.0,kg/s,2.947222222222222e-5,true
cf_vt_gurobi_original,R2-fixed-flow,model,3,20,0.0,kg/s,2.947222222222222e-5,true
cf_vt_gurobi_original,3-27,model,3,20,0.0,kg/s,2.947222222222222e-5,true
cf_vt_gurobi_original,3-30,model,3,20,0.0,kg/s,2.947222222222222e-5,true
cf_vt_gurobi_original,3-32,model,3,20,0.0,1,1.0e-6,true
cf_vt_gurobi_original,3-28,model,3,20,0.0,1,1.0e-6,true
cf_vt_gurobi_original,3-29:32,model,3,20,0.0,1,1.0e-6,true
cf_vt_gurobi_original,3-31,model,3,20,0.0,1,1.0e-6,true
cf_vt_gurobi_original,3-29:32,model,3,20,0.0,1,1.0e-6,true
cf_vt_gurobi_original,3-23,model,3,21,0.0,kg/s,2.947222222222222e-5,true
cf_vt_gurobi_original,R2-fixed-flow,model,3,21,0.0,kg/s,2.947222222222222e-5,true
cf_vt_gurobi_original,3-27,model,3,21,0.0,kg/s,2.947222222222222e-5,true
cf_vt_gurobi_original,3-30,model,3,21,0.0,kg/s,2.947222222222222e-5,true
cf_vt_gurobi_original,3-32,model,3,21,0.0,1,1.0e-6,true
cf_vt_gurobi_original,3-28,model,3,21,0.0,1,1.0e-6,true
cf_vt_gurobi_original,3-29:32,model,3,21,0.0,1,1.0e-6,true
cf_vt_gurobi_original,3-31,model,3,21,0.0,1,1.0e-6,true
cf_vt_gurobi_original,3-29:32,model,3,21,0.0,1,1.0e-6,true
cf_vt_gurobi_original,3-23,model,3,22,0.0,kg/s,2.947222222222222e-5,true
cf_vt_gurobi_original,R2-fixed-flow,model,3,22,0.0,kg/s,2.947222222222222e-5,true
cf_vt_gurobi_original,3-27,model,3,22,0.0,kg/s,2.947222222222222e-5,true
cf_vt_gurobi_original,3-30,model,3,22,0.0,kg/s,2.947222222222222e-5,true
cf_vt_gurobi_original,3-32,model,3,22,0.0,1,1.0e-6,true
cf_vt_gurobi_original,3-28,model,3,22,0.0,1,1.0e-6,true
cf_vt_gurobi_original,3-29:32,model,3,22,0.0,1,1.0e-6,true
cf_vt_gurobi_original,3-31,model,3,22,0.0,1,1.0e-6,true
cf_vt_gurobi_original,3-29:32,model,3,22,0.0,1,1.0e-6,true
cf_vt_gurobi_original,3-23,model,3,23,0.0,kg/s,2.947222222222222e-5,true
cf_vt_gurobi_original,R2-fixed-flow,model,3,23,0.0,kg/s,2.947222222222222e-5,true
cf_vt_gurobi_original,3-27,model,3,23,0.0,kg/s,2.947222222222222e-5,true
cf_vt_gurobi_original,3-30,model,3,23,0.0,kg/s,2.947222222222222e-5,true
cf_vt_gurobi_original,3-32,model,3,23,0.0,1,1.0e-6,true
cf_vt_gurobi_original,3-28,model,3,23,0.0,1,1.0e-6,true
cf_vt_gurobi_original,3-29:32,model,3,23,0.0,1,1.0e-6,true
cf_vt_gurobi_original,3-31,model,3,23,0.0,1,1.0e-6,true
cf_vt_gurobi_original,3-29:32,model,3,23,0.0,1,1.0e-6,true
cf_vt_gurobi_original,3-23,model,3,24,0.0,kg/s,2.947222222222222e-5,true
cf_vt_gurobi_original,R2-fixed-flow,model,3,24,0.0,kg/s,2.947222222222222e-5,true
cf_vt_gurobi_original,3-27,model,3,24,0.0,kg/s,2.947222222222222e-5,true
cf_vt_gurobi_original,3-30,model,3,24,0.0,kg/s,2.947222222222222e-5,true
cf_vt_gurobi_original,3-32,model,3,24,0.0,1,1.0e-6,true
cf_vt_gurobi_original,3-28,model,3,24,0.0,1,1.0e-6,true
cf_vt_gurobi_original,3-29:32,model,3,24,0.0,1,1.0e-6,true
cf_vt_gurobi_original,3-31,model,3,24,0.0,1,1.0e-6,true
cf_vt_gurobi_original,3-29:32,model,3,24,0.0,1,1.0e-6,true
cf_vt_gurobi_original,3-39:40,model,S3,1,0.0,K,0.0001,true
cf_vt_gurobi_original,3-41,model,3,1,0.0,K,0.0001,true
cf_vt_gurobi_original,3-41,model,3,1,0.0,K,0.0001,true
cf_vt_gurobi_original,3-23-kappa,model,3,1,0.0,kPa,0.005199261864978687,true
cf_vt_gurobi_original,3-22,model,S3,1,0.0,normalized,1.0e-6,true
cf_vt_gurobi_original,3-26,model,S3,1,0.0,normalized,1.0e-6,true
cf_vt_gurobi_original,3-25,physics,S3,1,0.0,normalized,1.0e-6,true
cf_vt_gurobi_original,WMM-replay,physics,S3,1,1.1368683772161603e-13,K,0.0001,true
cf_vt_gurobi_original,3-33:34,model,S3,1,1.1368683772161603e-13,K,0.0001,true
cf_vt_gurobi_original,3-39:40,model,S3,2,0.0,K,0.0001,true
cf_vt_gurobi_original,3-41,model,3,2,0.0,K,0.0001,true
cf_vt_gurobi_original,3-41,model,3,2,0.0,K,0.0001,true
cf_vt_gurobi_original,3-23-kappa,model,3,2,0.0,kPa,0.005199261864978687,true
cf_vt_gurobi_original,3-22,model,S3,2,0.0,normalized,1.0e-6,true
cf_vt_gurobi_original,3-26,model,S3,2,0.0,normalized,1.0e-6,true
cf_vt_gurobi_original,3-25,physics,S3,2,0.0,normalized,1.0e-6,true
cf_vt_gurobi_original,WMM-replay,physics,S3,2,5.684341886080802e-14,K,0.0001,true
cf_vt_gurobi_original,3-33:34,model,S3,2,5.684341886080802e-14,K,0.0001,true
cf_vt_gurobi_original,3-39:40,model,S3,3,0.0,K,0.0001,true
cf_vt_gurobi_original,3-41,model,3,3,0.0,K,0.0001,true
cf_vt_gurobi_original,3-41,model,3,3,0.0,K,0.0001,true
cf_vt_gurobi_original,3-23-kappa,model,3,3,0.0,kPa,0.005199261864978687,true
cf_vt_gurobi_original,3-22,model,S3,3,0.0,normalized,1.0e-6,true
cf_vt_gurobi_original,3-26,model,S3,3,0.0,normalized,1.0e-6,true
cf_vt_gurobi_original,3-25,physics,S3,3,0.0,normalized,1.0e-6,true
cf_vt_gurobi_original,WMM-replay,physics,S3,3,5.684341886080802e-14,K,0.0001,true
cf_vt_gurobi_original,3-33:34,model,S3,3,5.684341886080802e-14,K,0.0001,true
cf_vt_gurobi_original,3-39:40,model,S3,4,0.0,K,0.0001,true
cf_vt_gurobi_original,3-41,model,3,4,0.0,K,0.0001,true
cf_vt_gurobi_original,3-41,model,3,4,0.0,K,0.0001,true
cf_vt_gurobi_original,3-23-kappa,model,3,4,0.0,kPa,0.005199261864978687,true
cf_vt_gurobi_original,3-22,model,S3,4,0.0,normalized,1.0e-6,true
cf_vt_gurobi_original,3-26,model,S3,4,0.0,normalized,1.0e-6,true
cf_vt_gurobi_original,3-25,physics,S3,4,0.0,normalized,1.0e-6,true
cf_vt_gurobi_original,WMM-replay,physics,S3,4,0.0,K,0.0001,true
cf_vt_gurobi_original,3-33:34,model,S3,4,0.0,K,0.0001,true
cf_vt_gurobi_original,3-39:40,model,S3,5,0.0,K,0.0001,true
cf_vt_gurobi_original,3-41,model,3,5,0.0,K,0.0001,true
cf_vt_gurobi_original,3-41,model,3,5,0.0,K,0.0001,true
cf_vt_gurobi_original,3-23-kappa,model,3,5,0.0,kPa,0.005199261864978687,true
cf_vt_gurobi_original,3-22,model,S3,5,0.0,normalized,1.0e-6,true
cf_vt_gurobi_original,3-26,model,S3,5,0.0,normalized,1.0e-6,true
cf_vt_gurobi_original,3-25,physics,S3,5,0.0,normalized,1.0e-6,true
cf_vt_gurobi_original,WMM-replay,physics,S3,5,5.684341886080802e-14,K,0.0001,true
cf_vt_gurobi_original,3-33:34,model,S3,5,5.684341886080802e-14,K,0.0001,true
cf_vt_gurobi_original,3-39:40,model,S3,6,0.0,K,0.0001,true
cf_vt_gurobi_original,3-41,model,3,6,0.0,K,0.0001,true
cf_vt_gurobi_original,3-41,model,3,6,0.0,K,0.0001,true
cf_vt_gurobi_original,3-23-kappa,model,3,6,0.0,kPa,0.005199261864978687,true
cf_vt_gurobi_original,3-22,model,S3,6,0.0,normalized,1.0e-6,true
cf_vt_gurobi_original,3-26,model,S3,6,0.0,normalized,1.0e-6,true
cf_vt_gurobi_original,3-25,physics,S3,6,0.0,normalized,1.0e-6,true
cf_vt_gurobi_original,WMM-replay,physics,S3,6,5.684341886080802e-14,K,0.0001,true
cf_vt_gurobi_original,3-33:34,model,S3,6,5.684341886080802e-14,K,0.0001,true
cf_vt_gurobi_original,3-39:40,model,S3,7,0.0,K,0.0001,true
cf_vt_gurobi_original,3-41,model,3,7,0.0,K,0.0001,true
cf_vt_gurobi_original,3-41,model,3,7,0.0,K,0.0001,true
cf_vt_gurobi_original,3-23-kappa,model,3,7,0.0,kPa,0.005199261864978687,true
cf_vt_gurobi_original,3-22,model,S3,7,0.0,normalized,1.0e-6,true
cf_vt_gurobi_original,3-26,model,S3,7,0.0,normalized,1.0e-6,true
cf_vt_gurobi_original,3-25,physics,S3,7,0.0,normalized,1.0e-6,true
cf_vt_gurobi_original,WMM-replay,physics,S3,7,0.0,K,0.0001,true
cf_vt_gurobi_original,3-33:34,model,S3,7,0.0,K,0.0001,true
cf_vt_gurobi_original,3-39:40,model,S3,8,0.0,K,0.0001,true
cf_vt_gurobi_original,3-41,model,3,8,0.0,K,0.0001,true
cf_vt_gurobi_original,3-41,model,3,8,0.0,K,0.0001,true
cf_vt_gurobi_original,3-23-kappa,model,3,8,0.0,kPa,0.005199261864978687,true
cf_vt_gurobi_original,3-22,model,S3,8,0.0,normalized,1.0e-6,true
cf_vt_gurobi_original,3-26,model,S3,8,0.0,normalized,1.0e-6,true
cf_vt_gurobi_original,3-25,physics,S3,8,0.0,normalized,1.0e-6,true
cf_vt_gurobi_original,WMM-replay,physics,S3,8,0.0,K,0.0001,true
cf_vt_gurobi_original,3-33:34,model,S3,8,0.0,K,0.0001,true
cf_vt_gurobi_original,3-39:40,model,S3,9,0.0,K,0.0001,true
cf_vt_gurobi_original,3-41,model,3,9,0.0,K,0.0001,true
cf_vt_gurobi_original,3-41,model,3,9,0.0,K,0.0001,true
cf_vt_gurobi_original,3-23-kappa,model,3,9,0.0,kPa,0.005199261864978687,true
cf_vt_gurobi_original,3-22,model,S3,9,0.0,normalized,1.0e-6,true
cf_vt_gurobi_original,3-26,model,S3,9,0.0,normalized,1.0e-6,true
cf_vt_gurobi_original,3-25,physics,S3,9,0.0,normalized,1.0e-6,true
cf_vt_gurobi_original,WMM-replay,physics,S3,9,5.684341886080802e-14,K,0.0001,true
cf_vt_gurobi_original,3-33:34,model,S3,9,5.684341886080802e-14,K,0.0001,true
cf_vt_gurobi_original,3-39:40,model,S3,10,0.0,K,0.0001,true
cf_vt_gurobi_original,3-41,model,3,10,0.0,K,0.0001,true
cf_vt_gurobi_original,3-41,model,3,10,0.0,K,0.0001,true
cf_vt_gurobi_original,3-23-kappa,model,3,10,0.0,kPa,0.005199261864978687,true
cf_vt_gurobi_original,3-22,model,S3,10,0.0,normalized,1.0e-6,true
cf_vt_gurobi_original,3-26,model,S3,10,0.0,normalized,1.0e-6,true
cf_vt_gurobi_original,3-25,physics,S3,10,0.0,normalized,1.0e-6,true
cf_vt_gurobi_original,WMM-replay,physics,S3,10,5.684341886080802e-14,K,0.0001,true
cf_vt_gurobi_original,3-33:34,model,S3,10,5.684341886080802e-14,K,0.0001,true
cf_vt_gurobi_original,3-39:40,model,S3,11,0.0,K,0.0001,true
cf_vt_gurobi_original,3-41,model,3,11,0.0,K,0.0001,true
cf_vt_gurobi_original,3-41,model,3,11,0.0,K,0.0001,true
cf_vt_gurobi_original,3-23-kappa,model,3,11,0.0,kPa,0.005199261864978687,true
cf_vt_gurobi_original,3-22,model,S3,11,0.0,normalized,1.0e-6,true
cf_vt_gurobi_original,3-26,model,S3,11,0.0,normalized,1.0e-6,true
cf_vt_gurobi_original,3-25,physics,S3,11,0.0,normalized,1.0e-6,true
cf_vt_gurobi_original,WMM-replay,physics,S3,11,5.684341886080802e-14,K,0.0001,true
cf_vt_gurobi_original,3-33:34,model,S3,11,5.684341886080802e-14,K,0.0001,true
cf_vt_gurobi_original,3-39:40,model,S3,12,0.0,K,0.0001,true
cf_vt_gurobi_original,3-41,model,3,12,0.0,K,0.0001,true
cf_vt_gurobi_original,3-41,model,3,12,0.0,K,0.0001,true
cf_vt_gurobi_original,3-23-kappa,model,3,12,0.0,kPa,0.005199261864978687,true
cf_vt_gurobi_original,3-22,model,S3,12,0.0,normalized,1.0e-6,true
cf_vt_gurobi_original,3-26,model,S3,12,0.0,normalized,1.0e-6,true
cf_vt_gurobi_original,3-25,physics,S3,12,0.0,normalized,1.0e-6,true
cf_vt_gurobi_original,WMM-replay,physics,S3,12,5.684341886080802e-14,K,0.0001,true
cf_vt_gurobi_original,3-33:34,model,S3,12,5.684341886080802e-14,K,0.0001,true
cf_vt_gurobi_original,3-39:40,model,S3,13,0.0,K,0.0001,true
cf_vt_gurobi_original,3-41,model,3,13,0.0,K,0.0001,true
cf_vt_gurobi_original,3-41,model,3,13,0.0,K,0.0001,true
cf_vt_gurobi_original,3-23-kappa,model,3,13,0.0,kPa,0.005199261864978687,true
cf_vt_gurobi_original,3-22,model,S3,13,0.0,normalized,1.0e-6,true
cf_vt_gurobi_original,3-26,model,S3,13,0.0,normalized,1.0e-6,true
cf_vt_gurobi_original,3-25,physics,S3,13,0.0,normalized,1.0e-6,true
cf_vt_gurobi_original,WMM-replay,physics,S3,13,5.684341886080802e-14,K,0.0001,true
cf_vt_gurobi_original,3-33:34,model,S3,13,5.684341886080802e-14,K,0.0001,true
cf_vt_gurobi_original,3-39:40,model,S3,14,0.0,K,0.0001,true
cf_vt_gurobi_original,3-41,model,3,14,0.0,K,0.0001,true
cf_vt_gurobi_original,3-41,model,3,14,0.0,K,0.0001,true
cf_vt_gurobi_original,3-23-kappa,model,3,14,0.0,kPa,0.005199261864978687,true
cf_vt_gurobi_original,3-22,model,S3,14,0.0,normalized,1.0e-6,true
cf_vt_gurobi_original,3-26,model,S3,14,0.0,normalized,1.0e-6,true
cf_vt_gurobi_original,3-25,physics,S3,14,0.0,normalized,1.0e-6,true
cf_vt_gurobi_original,WMM-replay,physics,S3,14,5.684341886080802e-14,K,0.0001,true
cf_vt_gurobi_original,3-33:34,model,S3,14,5.684341886080802e-14,K,0.0001,true
cf_vt_gurobi_original,3-39:40,model,S3,15,0.0,K,0.0001,true
cf_vt_gurobi_original,3-41,model,3,15,0.0,K,0.0001,true
cf_vt_gurobi_original,3-41,model,3,15,0.0,K,0.0001,true
cf_vt_gurobi_original,3-23-kappa,model,3,15,0.0,kPa,0.005199261864978687,true
cf_vt_gurobi_original,3-22,model,S3,15,0.0,normalized,1.0e-6,true
cf_vt_gurobi_original,3-26,model,S3,15,0.0,normalized,1.0e-6,true
cf_vt_gurobi_original,3-25,physics,S3,15,0.0,normalized,1.0e-6,true
cf_vt_gurobi_original,WMM-replay,physics,S3,15,5.684341886080802e-14,K,0.0001,true
cf_vt_gurobi_original,3-33:34,model,S3,15,5.684341886080802e-14,K,0.0001,true
cf_vt_gurobi_original,3-39:40,model,S3,16,0.0,K,0.0001,true
cf_vt_gurobi_original,3-41,model,3,16,0.0,K,0.0001,true
cf_vt_gurobi_original,3-41,model,3,16,0.0,K,0.0001,true
cf_vt_gurobi_original,3-23-kappa,model,3,16,0.0,kPa,0.005199261864978687,true
cf_vt_gurobi_original,3-22,model,S3,16,0.0,normalized,1.0e-6,true
cf_vt_gurobi_original,3-26,model,S3,16,0.0,normalized,1.0e-6,true
cf_vt_gurobi_original,3-25,physics,S3,16,0.0,normalized,1.0e-6,true
cf_vt_gurobi_original,WMM-replay,physics,S3,16,5.684341886080802e-14,K,0.0001,true
cf_vt_gurobi_original,3-33:34,model,S3,16,5.684341886080802e-14,K,0.0001,true
cf_vt_gurobi_original,3-39:40,model,S3,17,0.0,K,0.0001,true
cf_vt_gurobi_original,3-41,model,3,17,0.0,K,0.0001,true
cf_vt_gurobi_original,3-41,model,3,17,0.0,K,0.0001,true
cf_vt_gurobi_original,3-23-kappa,model,3,17,0.0,kPa,0.005199261864978687,true
cf_vt_gurobi_original,3-22,model,S3,17,0.0,normalized,1.0e-6,true
cf_vt_gurobi_original,3-26,model,S3,17,0.0,normalized,1.0e-6,true
cf_vt_gurobi_original,3-25,physics,S3,17,0.0,normalized,1.0e-6,true
cf_vt_gurobi_original,WMM-replay,physics,S3,17,5.684341886080802e-14,K,0.0001,true
cf_vt_gurobi_original,3-33:34,model,S3,17,5.684341886080802e-14,K,0.0001,true
cf_vt_gurobi_original,3-39:40,model,S3,18,0.0,K,0.0001,true
cf_vt_gurobi_original,3-41,model,3,18,0.0,K,0.0001,true
cf_vt_gurobi_original,3-41,model,3,18,0.0,K,0.0001,true
cf_vt_gurobi_original,3-23-kappa,model,3,18,0.0,kPa,0.005199261864978687,true
cf_vt_gurobi_original,3-22,model,S3,18,0.0,normalized,1.0e-6,true
cf_vt_gurobi_original,3-26,model,S3,18,0.0,normalized,1.0e-6,true
cf_vt_gurobi_original,3-25,physics,S3,18,0.0,normalized,1.0e-6,true
cf_vt_gurobi_original,WMM-replay,physics,S3,18,5.684341886080802e-14,K,0.0001,true
cf_vt_gurobi_original,3-33:34,model,S3,18,5.684341886080802e-14,K,0.0001,true
cf_vt_gurobi_original,3-39:40,model,S3,19,0.0,K,0.0001,true
cf_vt_gurobi_original,3-41,model,3,19,0.0,K,0.0001,true
cf_vt_gurobi_original,3-41,model,3,19,0.0,K,0.0001,true
cf_vt_gurobi_original,3-23-kappa,model,3,19,0.0,kPa,0.005199261864978687,true
cf_vt_gurobi_original,3-22,model,S3,19,0.0,normalized,1.0e-6,true
cf_vt_gurobi_original,3-26,model,S3,19,0.0,normalized,1.0e-6,true
cf_vt_gurobi_original,3-25,physics,S3,19,0.0,normalized,1.0e-6,true
cf_vt_gurobi_original,WMM-replay,physics,S3,19,5.684341886080802e-14,K,0.0001,true
cf_vt_gurobi_original,3-33:34,model,S3,19,5.684341886080802e-14,K,0.0001,true
cf_vt_gurobi_original,3-39:40,model,S3,20,0.0,K,0.0001,true
cf_vt_gurobi_original,3-41,model,3,20,0.0,K,0.0001,true
cf_vt_gurobi_original,3-41,model,3,20,0.0,K,0.0001,true
cf_vt_gurobi_original,3-23-kappa,model,3,20,0.0,kPa,0.005199261864978687,true
cf_vt_gurobi_original,3-22,model,S3,20,0.0,normalized,1.0e-6,true
cf_vt_gurobi_original,3-26,model,S3,20,0.0,normalized,1.0e-6,true
cf_vt_gurobi_original,3-25,physics,S3,20,0.0,normalized,1.0e-6,true
cf_vt_gurobi_original,WMM-replay,physics,S3,20,5.684341886080802e-14,K,0.0001,true
cf_vt_gurobi_original,3-33:34,model,S3,20,5.684341886080802e-14,K,0.0001,true
cf_vt_gurobi_original,3-39:40,model,S3,21,0.0,K,0.0001,true
cf_vt_gurobi_original,3-41,model,3,21,0.0,K,0.0001,true
cf_vt_gurobi_original,3-41,model,3,21,0.0,K,0.0001,true
cf_vt_gurobi_original,3-23-kappa,model,3,21,0.0,kPa,0.005199261864978687,true
cf_vt_gurobi_original,3-22,model,S3,21,0.0,normalized,1.0e-6,true
cf_vt_gurobi_original,3-26,model,S3,21,0.0,normalized,1.0e-6,true
cf_vt_gurobi_original,3-25,physics,S3,21,0.0,normalized,1.0e-6,true
cf_vt_gurobi_original,WMM-replay,physics,S3,21,5.684341886080802e-14,K,0.0001,true
cf_vt_gurobi_original,3-33:34,model,S3,21,5.684341886080802e-14,K,0.0001,true
cf_vt_gurobi_original,3-39:40,model,S3,22,0.0,K,0.0001,true
cf_vt_gurobi_original,3-41,model,3,22,0.0,K,0.0001,true
cf_vt_gurobi_original,3-41,model,3,22,0.0,K,0.0001,true
cf_vt_gurobi_original,3-23-kappa,model,3,22,0.0,kPa,0.005199261864978687,true
cf_vt_gurobi_original,3-22,model,S3,22,0.0,normalized,1.0e-6,true
cf_vt_gurobi_original,3-26,model,S3,22,0.0,normalized,1.0e-6,true
cf_vt_gurobi_original,3-25,physics,S3,22,0.0,normalized,1.0e-6,true
cf_vt_gurobi_original,WMM-replay,physics,S3,22,5.684341886080802e-14,K,0.0001,true
cf_vt_gurobi_original,3-33:34,model,S3,22,5.684341886080802e-14,K,0.0001,true
cf_vt_gurobi_original,3-39:40,model,S3,23,0.0,K,0.0001,true
cf_vt_gurobi_original,3-41,model,3,23,0.0,K,0.0001,true
cf_vt_gurobi_original,3-41,model,3,23,0.0,K,0.0001,true
cf_vt_gurobi_original,3-23-kappa,model,3,23,0.0,kPa,0.005199261864978687,true
cf_vt_gurobi_original,3-22,model,S3,23,0.0,normalized,1.0e-6,true
cf_vt_gurobi_original,3-26,model,S3,23,0.0,normalized,1.0e-6,true
cf_vt_gurobi_original,3-25,physics,S3,23,0.0,normalized,1.0e-6,true
cf_vt_gurobi_original,WMM-replay,physics,S3,23,5.684341886080802e-14,K,0.0001,true
cf_vt_gurobi_original,3-33:34,model,S3,23,5.684341886080802e-14,K,0.0001,true
cf_vt_gurobi_original,3-39:40,model,S3,24,0.0,K,0.0001,true
cf_vt_gurobi_original,3-41,model,3,24,0.0,K,0.0001,true
cf_vt_gurobi_original,3-41,model,3,24,0.0,K,0.0001,true
cf_vt_gurobi_original,3-23-kappa,model,3,24,0.0,kPa,0.005199261864978687,true
cf_vt_gurobi_original,3-22,model,S3,24,0.0,normalized,1.0e-6,true
cf_vt_gurobi_original,3-26,model,S3,24,0.0,normalized,1.0e-6,true
cf_vt_gurobi_original,3-25,physics,S3,24,0.0,normalized,1.0e-6,true
cf_vt_gurobi_original,WMM-replay,physics,S3,24,5.684341886080802e-14,K,0.0001,true
cf_vt_gurobi_original,3-33:34,model,S3,24,5.684341886080802e-14,K,0.0001,true
cf_vt_gurobi_original,3-39:40,model,R3,1,0.0,K,0.0001,true
cf_vt_gurobi_original,3-41,model,3,1,0.0,K,0.0001,true
cf_vt_gurobi_original,3-41,model,3,1,0.0,K,0.0001,true
cf_vt_gurobi_original,3-23-kappa,model,3,1,0.0,kPa,0.005199261864978687,true
cf_vt_gurobi_original,3-22,model,R3,1,0.0,normalized,1.0e-6,true
cf_vt_gurobi_original,3-26,model,R3,1,0.0,normalized,1.0e-6,true
cf_vt_gurobi_original,3-25,physics,R3,1,0.0,normalized,1.0e-6,true
cf_vt_gurobi_original,WMM-replay,physics,R3,1,0.0,K,0.0001,true
cf_vt_gurobi_original,3-33:34,model,R3,1,0.0,K,0.0001,true
cf_vt_gurobi_original,3-39:40,model,R3,2,0.0,K,0.0001,true
cf_vt_gurobi_original,3-41,model,3,2,0.0,K,0.0001,true
cf_vt_gurobi_original,3-41,model,3,2,0.0,K,0.0001,true
cf_vt_gurobi_original,3-23-kappa,model,3,2,0.0,kPa,0.005199261864978687,true
cf_vt_gurobi_original,3-22,model,R3,2,0.0,normalized,1.0e-6,true
cf_vt_gurobi_original,3-26,model,R3,2,0.0,normalized,1.0e-6,true
cf_vt_gurobi_original,3-25,physics,R3,2,0.0,normalized,1.0e-6,true
cf_vt_gurobi_original,WMM-replay,physics,R3,2,5.684341886080802e-14,K,0.0001,true
cf_vt_gurobi_original,3-33:34,model,R3,2,5.684341886080802e-14,K,0.0001,true
cf_vt_gurobi_original,3-39:40,model,R3,3,0.0,K,0.0001,true
cf_vt_gurobi_original,3-41,model,3,3,0.0,K,0.0001,true
cf_vt_gurobi_original,3-41,model,3,3,0.0,K,0.0001,true
cf_vt_gurobi_original,3-23-kappa,model,3,3,0.0,kPa,0.005199261864978687,true
cf_vt_gurobi_original,3-22,model,R3,3,0.0,normalized,1.0e-6,true
cf_vt_gurobi_original,3-26,model,R3,3,0.0,normalized,1.0e-6,true
cf_vt_gurobi_original,3-25,physics,R3,3,0.0,normalized,1.0e-6,true
cf_vt_gurobi_original,WMM-replay,physics,R3,3,5.684341886080802e-14,K,0.0001,true
cf_vt_gurobi_original,3-33:34,model,R3,3,5.684341886080802e-14,K,0.0001,true
cf_vt_gurobi_original,3-39:40,model,R3,4,0.0,K,0.0001,true
cf_vt_gurobi_original,3-41,model,3,4,0.0,K,0.0001,true
cf_vt_gurobi_original,3-41,model,3,4,0.0,K,0.0001,true
cf_vt_gurobi_original,3-23-kappa,model,3,4,0.0,kPa,0.005199261864978687,true
cf_vt_gurobi_original,3-22,model,R3,4,0.0,normalized,1.0e-6,true
cf_vt_gurobi_original,3-26,model,R3,4,0.0,normalized,1.0e-6,true
cf_vt_gurobi_original,3-25,physics,R3,4,0.0,normalized,1.0e-6,true
cf_vt_gurobi_original,WMM-replay,physics,R3,4,1.1368683772161603e-13,K,0.0001,true
cf_vt_gurobi_original,3-33:34,model,R3,4,1.1368683772161603e-13,K,0.0001,true
cf_vt_gurobi_original,3-39:40,model,R3,5,0.0,K,0.0001,true
cf_vt_gurobi_original,3-41,model,3,5,0.0,K,0.0001,true
cf_vt_gurobi_original,3-41,model,3,5,0.0,K,0.0001,true
cf_vt_gurobi_original,3-23-kappa,model,3,5,0.0,kPa,0.005199261864978687,true
cf_vt_gurobi_original,3-22,model,R3,5,0.0,normalized,1.0e-6,true
cf_vt_gurobi_original,3-26,model,R3,5,0.0,normalized,1.0e-6,true
cf_vt_gurobi_original,3-25,physics,R3,5,0.0,normalized,1.0e-6,true
cf_vt_gurobi_original,WMM-replay,physics,R3,5,1.1368683772161603e-13,K,0.0001,true
cf_vt_gurobi_original,3-33:34,model,R3,5,1.1368683772161603e-13,K,0.0001,true
cf_vt_gurobi_original,3-39:40,model,R3,6,0.0,K,0.0001,true
cf_vt_gurobi_original,3-41,model,3,6,0.0,K,0.0001,true
cf_vt_gurobi_original,3-41,model,3,6,0.0,K,0.0001,true
cf_vt_gurobi_original,3-23-kappa,model,3,6,0.0,kPa,0.005199261864978687,true
cf_vt_gurobi_original,3-22,model,R3,6,0.0,normalized,1.0e-6,true
cf_vt_gurobi_original,3-26,model,R3,6,0.0,normalized,1.0e-6,true
cf_vt_gurobi_original,3-25,physics,R3,6,0.0,normalized,1.0e-6,true
cf_vt_gurobi_original,WMM-replay,physics,R3,6,5.684341886080802e-14,K,0.0001,true
cf_vt_gurobi_original,3-33:34,model,R3,6,5.684341886080802e-14,K,0.0001,true
cf_vt_gurobi_original,3-39:40,model,R3,7,0.0,K,0.0001,true
cf_vt_gurobi_original,3-41,model,3,7,0.0,K,0.0001,true
cf_vt_gurobi_original,3-41,model,3,7,0.0,K,0.0001,true
cf_vt_gurobi_original,3-23-kappa,model,3,7,0.0,kPa,0.005199261864978687,true
cf_vt_gurobi_original,3-22,model,R3,7,0.0,normalized,1.0e-6,true
cf_vt_gurobi_original,3-26,model,R3,7,0.0,normalized,1.0e-6,true
cf_vt_gurobi_original,3-25,physics,R3,7,0.0,normalized,1.0e-6,true
cf_vt_gurobi_original,WMM-replay,physics,R3,7,0.0,K,0.0001,true
cf_vt_gurobi_original,3-33:34,model,R3,7,0.0,K,0.0001,true
cf_vt_gurobi_original,3-39:40,model,R3,8,0.0,K,0.0001,true
cf_vt_gurobi_original,3-41,model,3,8,0.0,K,0.0001,true
cf_vt_gurobi_original,3-41,model,3,8,0.0,K,0.0001,true
cf_vt_gurobi_original,3-23-kappa,model,3,8,0.0,kPa,0.005199261864978687,true
cf_vt_gurobi_original,3-22,model,R3,8,0.0,normalized,1.0e-6,true
cf_vt_gurobi_original,3-26,model,R3,8,0.0,normalized,1.0e-6,true
cf_vt_gurobi_original,3-25,physics,R3,8,0.0,normalized,1.0e-6,true
cf_vt_gurobi_original,WMM-replay,physics,R3,8,5.684341886080802e-14,K,0.0001,true
cf_vt_gurobi_original,3-33:34,model,R3,8,5.684341886080802e-14,K,0.0001,true
cf_vt_gurobi_original,3-39:40,model,R3,9,0.0,K,0.0001,true
cf_vt_gurobi_original,3-41,model,3,9,0.0,K,0.0001,true
cf_vt_gurobi_original,3-41,model,3,9,0.0,K,0.0001,true
cf_vt_gurobi_original,3-23-kappa,model,3,9,0.0,kPa,0.005199261864978687,true
cf_vt_gurobi_original,3-22,model,R3,9,0.0,normalized,1.0e-6,true
cf_vt_gurobi_original,3-26,model,R3,9,0.0,normalized,1.0e-6,true
cf_vt_gurobi_original,3-25,physics,R3,9,0.0,normalized,1.0e-6,true
cf_vt_gurobi_original,WMM-replay,physics,R3,9,0.0,K,0.0001,true
cf_vt_gurobi_original,3-33:34,model,R3,9,0.0,K,0.0001,true
cf_vt_gurobi_original,3-39:40,model,R3,10,0.0,K,0.0001,true
cf_vt_gurobi_original,3-41,model,3,10,0.0,K,0.0001,true
cf_vt_gurobi_original,3-41,model,3,10,0.0,K,0.0001,true
cf_vt_gurobi_original,3-23-kappa,model,3,10,0.0,kPa,0.005199261864978687,true
cf_vt_gurobi_original,3-22,model,R3,10,0.0,normalized,1.0e-6,true
cf_vt_gurobi_original,3-26,model,R3,10,0.0,normalized,1.0e-6,true
cf_vt_gurobi_original,3-25,physics,R3,10,0.0,normalized,1.0e-6,true
cf_vt_gurobi_original,WMM-replay,physics,R3,10,5.684341886080802e-14,K,0.0001,true
cf_vt_gurobi_original,3-33:34,model,R3,10,5.684341886080802e-14,K,0.0001,true
cf_vt_gurobi_original,3-39:40,model,R3,11,0.0,K,0.0001,true
cf_vt_gurobi_original,3-41,model,3,11,0.0,K,0.0001,true
cf_vt_gurobi_original,3-41,model,3,11,0.0,K,0.0001,true
cf_vt_gurobi_original,3-23-kappa,model,3,11,0.0,kPa,0.005199261864978687,true
cf_vt_gurobi_original,3-22,model,R3,11,0.0,normalized,1.0e-6,true
cf_vt_gurobi_original,3-26,model,R3,11,0.0,normalized,1.0e-6,true
cf_vt_gurobi_original,3-25,physics,R3,11,0.0,normalized,1.0e-6,true
cf_vt_gurobi_original,WMM-replay,physics,R3,11,5.684341886080802e-14,K,0.0001,true
cf_vt_gurobi_original,3-33:34,model,R3,11,5.684341886080802e-14,K,0.0001,true
cf_vt_gurobi_original,3-39:40,model,R3,12,0.0,K,0.0001,true
cf_vt_gurobi_original,3-41,model,3,12,0.0,K,0.0001,true
cf_vt_gurobi_original,3-41,model,3,12,0.0,K,0.0001,true
cf_vt_gurobi_original,3-23-kappa,model,3,12,0.0,kPa,0.005199261864978687,true
cf_vt_gurobi_original,3-22,model,R3,12,0.0,normalized,1.0e-6,true
cf_vt_gurobi_original,3-26,model,R3,12,0.0,normalized,1.0e-6,true
cf_vt_gurobi_original,3-25,physics,R3,12,0.0,normalized,1.0e-6,true
cf_vt_gurobi_original,WMM-replay,physics,R3,12,5.684341886080802e-14,K,0.0001,true
cf_vt_gurobi_original,3-33:34,model,R3,12,5.684341886080802e-14,K,0.0001,true
cf_vt_gurobi_original,3-39:40,model,R3,13,0.0,K,0.0001,true
cf_vt_gurobi_original,3-41,model,3,13,0.0,K,0.0001,true
cf_vt_gurobi_original,3-41,model,3,13,0.0,K,0.0001,true
cf_vt_gurobi_original,3-23-kappa,model,3,13,0.0,kPa,0.005199261864978687,true
cf_vt_gurobi_original,3-22,model,R3,13,0.0,normalized,1.0e-6,true
cf_vt_gurobi_original,3-26,model,R3,13,0.0,normalized,1.0e-6,true
cf_vt_gurobi_original,3-25,physics,R3,13,0.0,normalized,1.0e-6,true
cf_vt_gurobi_original,WMM-replay,physics,R3,13,5.684341886080802e-14,K,0.0001,true
cf_vt_gurobi_original,3-33:34,model,R3,13,5.684341886080802e-14,K,0.0001,true
cf_vt_gurobi_original,3-39:40,model,R3,14,0.0,K,0.0001,true
cf_vt_gurobi_original,3-41,model,3,14,0.0,K,0.0001,true
cf_vt_gurobi_original,3-41,model,3,14,0.0,K,0.0001,true
cf_vt_gurobi_original,3-23-kappa,model,3,14,0.0,kPa,0.005199261864978687,true
cf_vt_gurobi_original,3-22,model,R3,14,0.0,normalized,1.0e-6,true
cf_vt_gurobi_original,3-26,model,R3,14,0.0,normalized,1.0e-6,true
cf_vt_gurobi_original,3-25,physics,R3,14,0.0,normalized,1.0e-6,true
cf_vt_gurobi_original,WMM-replay,physics,R3,14,5.684341886080802e-14,K,0.0001,true
cf_vt_gurobi_original,3-33:34,model,R3,14,5.684341886080802e-14,K,0.0001,true
cf_vt_gurobi_original,3-39:40,model,R3,15,0.0,K,0.0001,true
cf_vt_gurobi_original,3-41,model,3,15,0.0,K,0.0001,true
cf_vt_gurobi_original,3-41,model,3,15,0.0,K,0.0001,true
cf_vt_gurobi_original,3-23-kappa,model,3,15,0.0,kPa,0.005199261864978687,true
cf_vt_gurobi_original,3-22,model,R3,15,0.0,normalized,1.0e-6,true
cf_vt_gurobi_original,3-26,model,R3,15,0.0,normalized,1.0e-6,true
cf_vt_gurobi_original,3-25,physics,R3,15,0.0,normalized,1.0e-6,true
cf_vt_gurobi_original,WMM-replay,physics,R3,15,0.0,K,0.0001,true
cf_vt_gurobi_original,3-33:34,model,R3,15,0.0,K,0.0001,true
cf_vt_gurobi_original,3-39:40,model,R3,16,0.0,K,0.0001,true
cf_vt_gurobi_original,3-41,model,3,16,0.0,K,0.0001,true
cf_vt_gurobi_original,3-41,model,3,16,0.0,K,0.0001,true
cf_vt_gurobi_original,3-23-kappa,model,3,16,0.0,kPa,0.005199261864978687,true
cf_vt_gurobi_original,3-22,model,R3,16,0.0,normalized,1.0e-6,true
cf_vt_gurobi_original,3-26,model,R3,16,0.0,normalized,1.0e-6,true
cf_vt_gurobi_original,3-25,physics,R3,16,0.0,normalized,1.0e-6,true
cf_vt_gurobi_original,WMM-replay,physics,R3,16,5.684341886080802e-14,K,0.0001,true
cf_vt_gurobi_original,3-33:34,model,R3,16,5.684341886080802e-14,K,0.0001,true
cf_vt_gurobi_original,3-39:40,model,R3,17,0.0,K,0.0001,true
cf_vt_gurobi_original,3-41,model,3,17,0.0,K,0.0001,true
cf_vt_gurobi_original,3-41,model,3,17,0.0,K,0.0001,true
cf_vt_gurobi_original,3-23-kappa,model,3,17,0.0,kPa,0.005199261864978687,true
cf_vt_gurobi_original,3-22,model,R3,17,0.0,normalized,1.0e-6,true
cf_vt_gurobi_original,3-26,model,R3,17,0.0,normalized,1.0e-6,true
cf_vt_gurobi_original,3-25,physics,R3,17,0.0,normalized,1.0e-6,true
cf_vt_gurobi_original,WMM-replay,physics,R3,17,5.684341886080802e-14,K,0.0001,true
cf_vt_gurobi_original,3-33:34,model,R3,17,5.684341886080802e-14,K,0.0001,true
cf_vt_gurobi_original,3-39:40,model,R3,18,0.0,K,0.0001,true
cf_vt_gurobi_original,3-41,model,3,18,0.0,K,0.0001,true
cf_vt_gurobi_original,3-41,model,3,18,0.0,K,0.0001,true
cf_vt_gurobi_original,3-23-kappa,model,3,18,0.0,kPa,0.005199261864978687,true
cf_vt_gurobi_original,3-22,model,R3,18,0.0,normalized,1.0e-6,true
cf_vt_gurobi_original,3-26,model,R3,18,0.0,normalized,1.0e-6,true
cf_vt_gurobi_original,3-25,physics,R3,18,0.0,normalized,1.0e-6,true
cf_vt_gurobi_original,WMM-replay,physics,R3,18,0.0,K,0.0001,true
cf_vt_gurobi_original,3-33:34,model,R3,18,0.0,K,0.0001,true
cf_vt_gurobi_original,3-39:40,model,R3,19,0.0,K,0.0001,true
cf_vt_gurobi_original,3-41,model,3,19,0.0,K,0.0001,true
cf_vt_gurobi_original,3-41,model,3,19,0.0,K,0.0001,true
cf_vt_gurobi_original,3-23-kappa,model,3,19,0.0,kPa,0.005199261864978687,true
cf_vt_gurobi_original,3-22,model,R3,19,0.0,normalized,1.0e-6,true
cf_vt_gurobi_original,3-26,model,R3,19,0.0,normalized,1.0e-6,true
cf_vt_gurobi_original,3-25,physics,R3,19,0.0,normalized,1.0e-6,true
cf_vt_gurobi_original,WMM-replay,physics,R3,19,5.684341886080802e-14,K,0.0001,true
cf_vt_gurobi_original,3-33:34,model,R3,19,5.684341886080802e-14,K,0.0001,true
cf_vt_gurobi_original,3-39:40,model,R3,20,0.0,K,0.0001,true
cf_vt_gurobi_original,3-41,model,3,20,0.0,K,0.0001,true
cf_vt_gurobi_original,3-41,model,3,20,0.0,K,0.0001,true
cf_vt_gurobi_original,3-23-kappa,model,3,20,0.0,kPa,0.005199261864978687,true
cf_vt_gurobi_original,3-22,model,R3,20,0.0,normalized,1.0e-6,true
cf_vt_gurobi_original,3-26,model,R3,20,0.0,normalized,1.0e-6,true
cf_vt_gurobi_original,3-25,physics,R3,20,0.0,normalized,1.0e-6,true
cf_vt_gurobi_original,WMM-replay,physics,R3,20,0.0,K,0.0001,true
cf_vt_gurobi_original,3-33:34,model,R3,20,0.0,K,0.0001,true
cf_vt_gurobi_original,3-39:40,model,R3,21,0.0,K,0.0001,true
cf_vt_gurobi_original,3-41,model,3,21,0.0,K,0.0001,true
cf_vt_gurobi_original,3-41,model,3,21,0.0,K,0.0001,true
cf_vt_gurobi_original,3-23-kappa,model,3,21,0.0,kPa,0.005199261864978687,true
cf_vt_gurobi_original,3-22,model,R3,21,0.0,normalized,1.0e-6,true
cf_vt_gurobi_original,3-26,model,R3,21,0.0,normalized,1.0e-6,true
cf_vt_gurobi_original,3-25,physics,R3,21,0.0,normalized,1.0e-6,true
cf_vt_gurobi_original,WMM-replay,physics,R3,21,5.684341886080802e-14,K,0.0001,true
cf_vt_gurobi_original,3-33:34,model,R3,21,5.684341886080802e-14,K,0.0001,true
cf_vt_gurobi_original,3-39:40,model,R3,22,0.0,K,0.0001,true
cf_vt_gurobi_original,3-41,model,3,22,0.0,K,0.0001,true
cf_vt_gurobi_original,3-41,model,3,22,0.0,K,0.0001,true
cf_vt_gurobi_original,3-23-kappa,model,3,22,0.0,kPa,0.005199261864978687,true
cf_vt_gurobi_original,3-22,model,R3,22,0.0,normalized,1.0e-6,true
cf_vt_gurobi_original,3-26,model,R3,22,0.0,normalized,1.0e-6,true
cf_vt_gurobi_original,3-25,physics,R3,22,0.0,normalized,1.0e-6,true
cf_vt_gurobi_original,WMM-replay,physics,R3,22,0.0,K,0.0001,true
cf_vt_gurobi_original,3-33:34,model,R3,22,0.0,K,0.0001,true
cf_vt_gurobi_original,3-39:40,model,R3,23,0.0,K,0.0001,true
cf_vt_gurobi_original,3-41,model,3,23,0.0,K,0.0001,true
cf_vt_gurobi_original,3-41,model,3,23,0.0,K,0.0001,true
cf_vt_gurobi_original,3-23-kappa,model,3,23,0.0,kPa,0.005199261864978687,true
cf_vt_gurobi_original,3-22,model,R3,23,0.0,normalized,1.0e-6,true
cf_vt_gurobi_original,3-26,model,R3,23,0.0,normalized,1.0e-6,true
cf_vt_gurobi_original,3-25,physics,R3,23,0.0,normalized,1.0e-6,true
cf_vt_gurobi_original,WMM-replay,physics,R3,23,0.0,K,0.0001,true
cf_vt_gurobi_original,3-33:34,model,R3,23,0.0,K,0.0001,true
cf_vt_gurobi_original,3-39:40,model,R3,24,0.0,K,0.0001,true
cf_vt_gurobi_original,3-41,model,3,24,0.0,K,0.0001,true
cf_vt_gurobi_original,3-41,model,3,24,0.0,K,0.0001,true
cf_vt_gurobi_original,3-23-kappa,model,3,24,0.0,kPa,0.005199261864978687,true
cf_vt_gurobi_original,3-22,model,R3,24,0.0,normalized,1.0e-6,true
cf_vt_gurobi_original,3-26,model,R3,24,0.0,normalized,1.0e-6,true
cf_vt_gurobi_original,3-25,physics,R3,24,0.0,normalized,1.0e-6,true
cf_vt_gurobi_original,WMM-replay,physics,R3,24,0.0,K,0.0001,true
cf_vt_gurobi_original,3-33:34,model,R3,24,0.0,K,0.0001,true
cf_vt_gurobi_original,3-23,model,4,1,0.0,kg/s,2.947222222222222e-5,true
cf_vt_gurobi_original,R2-fixed-flow,model,4,1,0.0,kg/s,2.947222222222222e-5,true
cf_vt_gurobi_original,3-27,model,4,1,5.551115123125783e-17,kg/s,2.947222222222222e-5,true
cf_vt_gurobi_original,3-30,model,4,1,5.551115123125783e-17,kg/s,2.947222222222222e-5,true
cf_vt_gurobi_original,3-32,model,4,1,0.0,1,1.0e-6,true
cf_vt_gurobi_original,3-28,model,4,1,0.0,1,1.0e-6,true
cf_vt_gurobi_original,3-29:32,model,4,1,0.0,1,1.0e-6,true
cf_vt_gurobi_original,3-31,model,4,1,0.0,1,1.0e-6,true
cf_vt_gurobi_original,3-29:32,model,4,1,0.0,1,1.0e-6,true
cf_vt_gurobi_original,3-23,model,4,2,0.0,kg/s,2.947222222222222e-5,true
cf_vt_gurobi_original,R2-fixed-flow,model,4,2,0.0,kg/s,2.947222222222222e-5,true
cf_vt_gurobi_original,3-27,model,4,2,5.551115123125783e-17,kg/s,2.947222222222222e-5,true
cf_vt_gurobi_original,3-30,model,4,2,5.551115123125783e-17,kg/s,2.947222222222222e-5,true
cf_vt_gurobi_original,3-32,model,4,2,0.0,1,1.0e-6,true
cf_vt_gurobi_original,3-28,model,4,2,0.0,1,1.0e-6,true
cf_vt_gurobi_original,3-29:32,model,4,2,0.0,1,1.0e-6,true
cf_vt_gurobi_original,3-31,model,4,2,0.0,1,1.0e-6,true
cf_vt_gurobi_original,3-29:32,model,4,2,0.0,1,1.0e-6,true
cf_vt_gurobi_original,3-23,model,4,3,0.0,kg/s,2.947222222222222e-5,true
cf_vt_gurobi_original,R2-fixed-flow,model,4,3,0.0,kg/s,2.947222222222222e-5,true
cf_vt_gurobi_original,3-27,model,4,3,5.551115123125783e-17,kg/s,2.947222222222222e-5,true
cf_vt_gurobi_original,3-30,model,4,3,5.551115123125783e-17,kg/s,2.947222222222222e-5,true
cf_vt_gurobi_original,3-32,model,4,3,0.0,1,1.0e-6,true
cf_vt_gurobi_original,3-28,model,4,3,0.0,1,1.0e-6,true
cf_vt_gurobi_original,3-29:32,model,4,3,0.0,1,1.0e-6,true
cf_vt_gurobi_original,3-31,model,4,3,0.0,1,1.0e-6,true
cf_vt_gurobi_original,3-29:32,model,4,3,0.0,1,1.0e-6,true
cf_vt_gurobi_original,3-23,model,4,4,0.0,kg/s,2.947222222222222e-5,true
cf_vt_gurobi_original,R2-fixed-flow,model,4,4,0.0,kg/s,2.947222222222222e-5,true
cf_vt_gurobi_original,3-27,model,4,4,5.551115123125783e-17,kg/s,2.947222222222222e-5,true
cf_vt_gurobi_original,3-30,model,4,4,5.551115123125783e-17,kg/s,2.947222222222222e-5,true
cf_vt_gurobi_original,3-32,model,4,4,0.0,1,1.0e-6,true
cf_vt_gurobi_original,3-28,model,4,4,0.0,1,1.0e-6,true
cf_vt_gurobi_original,3-29:32,model,4,4,0.0,1,1.0e-6,true
cf_vt_gurobi_original,3-31,model,4,4,0.0,1,1.0e-6,true
cf_vt_gurobi_original,3-29:32,model,4,4,0.0,1,1.0e-6,true
cf_vt_gurobi_original,3-23,model,4,5,0.0,kg/s,2.947222222222222e-5,true
cf_vt_gurobi_original,R2-fixed-flow,model,4,5,0.0,kg/s,2.947222222222222e-5,true
cf_vt_gurobi_original,3-27,model,4,5,5.551115123125783e-17,kg/s,2.947222222222222e-5,true
cf_vt_gurobi_original,3-30,model,4,5,5.551115123125783e-17,kg/s,2.947222222222222e-5,true
cf_vt_gurobi_original,3-32,model,4,5,0.0,1,1.0e-6,true
cf_vt_gurobi_original,3-28,model,4,5,0.0,1,1.0e-6,true
cf_vt_gurobi_original,3-29:32,model,4,5,0.0,1,1.0e-6,true
cf_vt_gurobi_original,3-31,model,4,5,0.0,1,1.0e-6,true
cf_vt_gurobi_original,3-29:32,model,4,5,0.0,1,1.0e-6,true
cf_vt_gurobi_original,3-23,model,4,6,0.0,kg/s,2.947222222222222e-5,true
cf_vt_gurobi_original,R2-fixed-flow,model,4,6,0.0,kg/s,2.947222222222222e-5,true
cf_vt_gurobi_original,3-27,model,4,6,5.551115123125783e-17,kg/s,2.947222222222222e-5,true
cf_vt_gurobi_original,3-30,model,4,6,5.551115123125783e-17,kg/s,2.947222222222222e-5,true
cf_vt_gurobi_original,3-32,model,4,6,0.0,1,1.0e-6,true
cf_vt_gurobi_original,3-28,model,4,6,0.0,1,1.0e-6,true
cf_vt_gurobi_original,3-29:32,model,4,6,0.0,1,1.0e-6,true
cf_vt_gurobi_original,3-31,model,4,6,0.0,1,1.0e-6,true
cf_vt_gurobi_original,3-29:32,model,4,6,0.0,1,1.0e-6,true
cf_vt_gurobi_original,3-23,model,4,7,0.0,kg/s,2.947222222222222e-5,true
cf_vt_gurobi_original,R2-fixed-flow,model,4,7,0.0,kg/s,2.947222222222222e-5,true
cf_vt_gurobi_original,3-27,model,4,7,5.551115123125783e-17,kg/s,2.947222222222222e-5,true
cf_vt_gurobi_original,3-30,model,4,7,5.551115123125783e-17,kg/s,2.947222222222222e-5,true
cf_vt_gurobi_original,3-32,model,4,7,0.0,1,1.0e-6,true
cf_vt_gurobi_original,3-28,model,4,7,0.0,1,1.0e-6,true
cf_vt_gurobi_original,3-29:32,model,4,7,0.0,1,1.0e-6,true
cf_vt_gurobi_original,3-31,model,4,7,0.0,1,1.0e-6,true
cf_vt_gurobi_original,3-29:32,model,4,7,0.0,1,1.0e-6,true
cf_vt_gurobi_original,3-23,model,4,8,0.0,kg/s,2.947222222222222e-5,true
cf_vt_gurobi_original,R2-fixed-flow,model,4,8,0.0,kg/s,2.947222222222222e-5,true
cf_vt_gurobi_original,3-27,model,4,8,5.551115123125783e-17,kg/s,2.947222222222222e-5,true
cf_vt_gurobi_original,3-30,model,4,8,5.551115123125783e-17,kg/s,2.947222222222222e-5,true
cf_vt_gurobi_original,3-32,model,4,8,0.0,1,1.0e-6,true
cf_vt_gurobi_original,3-28,model,4,8,0.0,1,1.0e-6,true
cf_vt_gurobi_original,3-29:32,model,4,8,0.0,1,1.0e-6,true
cf_vt_gurobi_original,3-31,model,4,8,0.0,1,1.0e-6,true
cf_vt_gurobi_original,3-29:32,model,4,8,0.0,1,1.0e-6,true
cf_vt_gurobi_original,3-23,model,4,9,0.0,kg/s,2.947222222222222e-5,true
cf_vt_gurobi_original,R2-fixed-flow,model,4,9,0.0,kg/s,2.947222222222222e-5,true
cf_vt_gurobi_original,3-27,model,4,9,5.551115123125783e-17,kg/s,2.947222222222222e-5,true
cf_vt_gurobi_original,3-30,model,4,9,5.551115123125783e-17,kg/s,2.947222222222222e-5,true
cf_vt_gurobi_original,3-32,model,4,9,0.0,1,1.0e-6,true
cf_vt_gurobi_original,3-28,model,4,9,0.0,1,1.0e-6,true
cf_vt_gurobi_original,3-29:32,model,4,9,0.0,1,1.0e-6,true
cf_vt_gurobi_original,3-31,model,4,9,0.0,1,1.0e-6,true
cf_vt_gurobi_original,3-29:32,model,4,9,0.0,1,1.0e-6,true
cf_vt_gurobi_original,3-23,model,4,10,0.0,kg/s,2.947222222222222e-5,true
cf_vt_gurobi_original,R2-fixed-flow,model,4,10,0.0,kg/s,2.947222222222222e-5,true
cf_vt_gurobi_original,3-27,model,4,10,5.551115123125783e-17,kg/s,2.947222222222222e-5,true
cf_vt_gurobi_original,3-30,model,4,10,5.551115123125783e-17,kg/s,2.947222222222222e-5,true
cf_vt_gurobi_original,3-32,model,4,10,0.0,1,1.0e-6,true
cf_vt_gurobi_original,3-28,model,4,10,0.0,1,1.0e-6,true
cf_vt_gurobi_original,3-29:32,model,4,10,0.0,1,1.0e-6,true
cf_vt_gurobi_original,3-31,model,4,10,0.0,1,1.0e-6,true
cf_vt_gurobi_original,3-29:32,model,4,10,0.0,1,1.0e-6,true
cf_vt_gurobi_original,3-23,model,4,11,0.0,kg/s,2.947222222222222e-5,true
cf_vt_gurobi_original,R2-fixed-flow,model,4,11,0.0,kg/s,2.947222222222222e-5,true
cf_vt_gurobi_original,3-27,model,4,11,5.551115123125783e-17,kg/s,2.947222222222222e-5,true
cf_vt_gurobi_original,3-30,model,4,11,5.551115123125783e-17,kg/s,2.947222222222222e-5,true
cf_vt_gurobi_original,3-32,model,4,11,0.0,1,1.0e-6,true
cf_vt_gurobi_original,3-28,model,4,11,0.0,1,1.0e-6,true
cf_vt_gurobi_original,3-29:32,model,4,11,0.0,1,1.0e-6,true
cf_vt_gurobi_original,3-31,model,4,11,0.0,1,1.0e-6,true
cf_vt_gurobi_original,3-29:32,model,4,11,0.0,1,1.0e-6,true
cf_vt_gurobi_original,3-23,model,4,12,0.0,kg/s,2.947222222222222e-5,true
cf_vt_gurobi_original,R2-fixed-flow,model,4,12,0.0,kg/s,2.947222222222222e-5,true
cf_vt_gurobi_original,3-27,model,4,12,5.551115123125783e-17,kg/s,2.947222222222222e-5,true
cf_vt_gurobi_original,3-30,model,4,12,5.551115123125783e-17,kg/s,2.947222222222222e-5,true
cf_vt_gurobi_original,3-32,model,4,12,0.0,1,1.0e-6,true
cf_vt_gurobi_original,3-28,model,4,12,0.0,1,1.0e-6,true
cf_vt_gurobi_original,3-29:32,model,4,12,0.0,1,1.0e-6,true
cf_vt_gurobi_original,3-31,model,4,12,0.0,1,1.0e-6,true
cf_vt_gurobi_original,3-29:32,model,4,12,0.0,1,1.0e-6,true
cf_vt_gurobi_original,3-23,model,4,13,0.0,kg/s,2.947222222222222e-5,true
cf_vt_gurobi_original,R2-fixed-flow,model,4,13,0.0,kg/s,2.947222222222222e-5,true
cf_vt_gurobi_original,3-27,model,4,13,5.551115123125783e-17,kg/s,2.947222222222222e-5,true
cf_vt_gurobi_original,3-30,model,4,13,5.551115123125783e-17,kg/s,2.947222222222222e-5,true
cf_vt_gurobi_original,3-32,model,4,13,0.0,1,1.0e-6,true
cf_vt_gurobi_original,3-28,model,4,13,0.0,1,1.0e-6,true
cf_vt_gurobi_original,3-29:32,model,4,13,0.0,1,1.0e-6,true
cf_vt_gurobi_original,3-31,model,4,13,0.0,1,1.0e-6,true
cf_vt_gurobi_original,3-29:32,model,4,13,0.0,1,1.0e-6,true
cf_vt_gurobi_original,3-23,model,4,14,0.0,kg/s,2.947222222222222e-5,true
cf_vt_gurobi_original,R2-fixed-flow,model,4,14,0.0,kg/s,2.947222222222222e-5,true
cf_vt_gurobi_original,3-27,model,4,14,5.551115123125783e-17,kg/s,2.947222222222222e-5,true
cf_vt_gurobi_original,3-30,model,4,14,5.551115123125783e-17,kg/s,2.947222222222222e-5,true
cf_vt_gurobi_original,3-32,model,4,14,0.0,1,1.0e-6,true
cf_vt_gurobi_original,3-28,model,4,14,0.0,1,1.0e-6,true
cf_vt_gurobi_original,3-29:32,model,4,14,0.0,1,1.0e-6,true
cf_vt_gurobi_original,3-31,model,4,14,0.0,1,1.0e-6,true
cf_vt_gurobi_original,3-29:32,model,4,14,0.0,1,1.0e-6,true
cf_vt_gurobi_original,3-23,model,4,15,0.0,kg/s,2.947222222222222e-5,true
cf_vt_gurobi_original,R2-fixed-flow,model,4,15,0.0,kg/s,2.947222222222222e-5,true
cf_vt_gurobi_original,3-27,model,4,15,5.551115123125783e-17,kg/s,2.947222222222222e-5,true
cf_vt_gurobi_original,3-30,model,4,15,5.551115123125783e-17,kg/s,2.947222222222222e-5,true
cf_vt_gurobi_original,3-32,model,4,15,0.0,1,1.0e-6,true
cf_vt_gurobi_original,3-28,model,4,15,0.0,1,1.0e-6,true
cf_vt_gurobi_original,3-29:32,model,4,15,0.0,1,1.0e-6,true
cf_vt_gurobi_original,3-31,model,4,15,0.0,1,1.0e-6,true
cf_vt_gurobi_original,3-29:32,model,4,15,0.0,1,1.0e-6,true
cf_vt_gurobi_original,3-23,model,4,16,0.0,kg/s,2.947222222222222e-5,true
cf_vt_gurobi_original,R2-fixed-flow,model,4,16,0.0,kg/s,2.947222222222222e-5,true
cf_vt_gurobi_original,3-27,model,4,16,5.551115123125783e-17,kg/s,2.947222222222222e-5,true
cf_vt_gurobi_original,3-30,model,4,16,5.551115123125783e-17,kg/s,2.947222222222222e-5,true
cf_vt_gurobi_original,3-32,model,4,16,0.0,1,1.0e-6,true
cf_vt_gurobi_original,3-28,model,4,16,0.0,1,1.0e-6,true
cf_vt_gurobi_original,3-29:32,model,4,16,0.0,1,1.0e-6,true
cf_vt_gurobi_original,3-31,model,4,16,0.0,1,1.0e-6,true
cf_vt_gurobi_original,3-29:32,model,4,16,0.0,1,1.0e-6,true
cf_vt_gurobi_original,3-23,model,4,17,0.0,kg/s,2.947222222222222e-5,true
cf_vt_gurobi_original,R2-fixed-flow,model,4,17,0.0,kg/s,2.947222222222222e-5,true
cf_vt_gurobi_original,3-27,model,4,17,5.551115123125783e-17,kg/s,2.947222222222222e-5,true
cf_vt_gurobi_original,3-30,model,4,17,5.551115123125783e-17,kg/s,2.947222222222222e-5,true
cf_vt_gurobi_original,3-32,model,4,17,0.0,1,1.0e-6,true
cf_vt_gurobi_original,3-28,model,4,17,0.0,1,1.0e-6,true
cf_vt_gurobi_original,3-29:32,model,4,17,0.0,1,1.0e-6,true
cf_vt_gurobi_original,3-31,model,4,17,0.0,1,1.0e-6,true
cf_vt_gurobi_original,3-29:32,model,4,17,0.0,1,1.0e-6,true
cf_vt_gurobi_original,3-23,model,4,18,0.0,kg/s,2.947222222222222e-5,true
cf_vt_gurobi_original,R2-fixed-flow,model,4,18,0.0,kg/s,2.947222222222222e-5,true
cf_vt_gurobi_original,3-27,model,4,18,5.551115123125783e-17,kg/s,2.947222222222222e-5,true
cf_vt_gurobi_original,3-30,model,4,18,5.551115123125783e-17,kg/s,2.947222222222222e-5,true
cf_vt_gurobi_original,3-32,model,4,18,0.0,1,1.0e-6,true
cf_vt_gurobi_original,3-28,model,4,18,0.0,1,1.0e-6,true
cf_vt_gurobi_original,3-29:32,model,4,18,0.0,1,1.0e-6,true
cf_vt_gurobi_original,3-31,model,4,18,0.0,1,1.0e-6,true
cf_vt_gurobi_original,3-29:32,model,4,18,0.0,1,1.0e-6,true
cf_vt_gurobi_original,3-23,model,4,19,0.0,kg/s,2.947222222222222e-5,true
cf_vt_gurobi_original,R2-fixed-flow,model,4,19,0.0,kg/s,2.947222222222222e-5,true
cf_vt_gurobi_original,3-27,model,4,19,5.551115123125783e-17,kg/s,2.947222222222222e-5,true
cf_vt_gurobi_original,3-30,model,4,19,5.551115123125783e-17,kg/s,2.947222222222222e-5,true
cf_vt_gurobi_original,3-32,model,4,19,0.0,1,1.0e-6,true
cf_vt_gurobi_original,3-28,model,4,19,0.0,1,1.0e-6,true
cf_vt_gurobi_original,3-29:32,model,4,19,0.0,1,1.0e-6,true
cf_vt_gurobi_original,3-31,model,4,19,0.0,1,1.0e-6,true
cf_vt_gurobi_original,3-29:32,model,4,19,0.0,1,1.0e-6,true
cf_vt_gurobi_original,3-23,model,4,20,0.0,kg/s,2.947222222222222e-5,true
cf_vt_gurobi_original,R2-fixed-flow,model,4,20,0.0,kg/s,2.947222222222222e-5,true
cf_vt_gurobi_original,3-27,model,4,20,5.551115123125783e-17,kg/s,2.947222222222222e-5,true
cf_vt_gurobi_original,3-30,model,4,20,5.551115123125783e-17,kg/s,2.947222222222222e-5,true
cf_vt_gurobi_original,3-32,model,4,20,0.0,1,1.0e-6,true
cf_vt_gurobi_original,3-28,model,4,20,0.0,1,1.0e-6,true
cf_vt_gurobi_original,3-29:32,model,4,20,0.0,1,1.0e-6,true
cf_vt_gurobi_original,3-31,model,4,20,0.0,1,1.0e-6,true
cf_vt_gurobi_original,3-29:32,model,4,20,0.0,1,1.0e-6,true
cf_vt_gurobi_original,3-23,model,4,21,0.0,kg/s,2.947222222222222e-5,true
cf_vt_gurobi_original,R2-fixed-flow,model,4,21,0.0,kg/s,2.947222222222222e-5,true
cf_vt_gurobi_original,3-27,model,4,21,5.551115123125783e-17,kg/s,2.947222222222222e-5,true
cf_vt_gurobi_original,3-30,model,4,21,5.551115123125783e-17,kg/s,2.947222222222222e-5,true
cf_vt_gurobi_original,3-32,model,4,21,0.0,1,1.0e-6,true
cf_vt_gurobi_original,3-28,model,4,21,0.0,1,1.0e-6,true
cf_vt_gurobi_original,3-29:32,model,4,21,0.0,1,1.0e-6,true
cf_vt_gurobi_original,3-31,model,4,21,0.0,1,1.0e-6,true
cf_vt_gurobi_original,3-29:32,model,4,21,0.0,1,1.0e-6,true
cf_vt_gurobi_original,3-23,model,4,22,0.0,kg/s,2.947222222222222e-5,true
cf_vt_gurobi_original,R2-fixed-flow,model,4,22,0.0,kg/s,2.947222222222222e-5,true
cf_vt_gurobi_original,3-27,model,4,22,5.551115123125783e-17,kg/s,2.947222222222222e-5,true
cf_vt_gurobi_original,3-30,model,4,22,5.551115123125783e-17,kg/s,2.947222222222222e-5,true
cf_vt_gurobi_original,3-32,model,4,22,0.0,1,1.0e-6,true
cf_vt_gurobi_original,3-28,model,4,22,0.0,1,1.0e-6,true
cf_vt_gurobi_original,3-29:32,model,4,22,0.0,1,1.0e-6,true
cf_vt_gurobi_original,3-31,model,4,22,0.0,1,1.0e-6,true
cf_vt_gurobi_original,3-29:32,model,4,22,0.0,1,1.0e-6,true
cf_vt_gurobi_original,3-23,model,4,23,0.0,kg/s,2.947222222222222e-5,true
cf_vt_gurobi_original,R2-fixed-flow,model,4,23,0.0,kg/s,2.947222222222222e-5,true
cf_vt_gurobi_original,3-27,model,4,23,5.551115123125783e-17,kg/s,2.947222222222222e-5,true
cf_vt_gurobi_original,3-30,model,4,23,5.551115123125783e-17,kg/s,2.947222222222222e-5,true
cf_vt_gurobi_original,3-32,model,4,23,0.0,1,1.0e-6,true
cf_vt_gurobi_original,3-28,model,4,23,0.0,1,1.0e-6,true
cf_vt_gurobi_original,3-29:32,model,4,23,0.0,1,1.0e-6,true
cf_vt_gurobi_original,3-31,model,4,23,0.0,1,1.0e-6,true
cf_vt_gurobi_original,3-29:32,model,4,23,0.0,1,1.0e-6,true
cf_vt_gurobi_original,3-23,model,4,24,0.0,kg/s,2.947222222222222e-5,true
cf_vt_gurobi_original,R2-fixed-flow,model,4,24,0.0,kg/s,2.947222222222222e-5,true
cf_vt_gurobi_original,3-27,model,4,24,5.551115123125783e-17,kg/s,2.947222222222222e-5,true
cf_vt_gurobi_original,3-30,model,4,24,5.551115123125783e-17,kg/s,2.947222222222222e-5,true
cf_vt_gurobi_original,3-32,model,4,24,0.0,1,1.0e-6,true
cf_vt_gurobi_original,3-28,model,4,24,0.0,1,1.0e-6,true
cf_vt_gurobi_original,3-29:32,model,4,24,0.0,1,1.0e-6,true
cf_vt_gurobi_original,3-31,model,4,24,0.0,1,1.0e-6,true
cf_vt_gurobi_original,3-29:32,model,4,24,0.0,1,1.0e-6,true
cf_vt_gurobi_original,3-39:40,model,S4,1,0.0,K,0.0001,true
cf_vt_gurobi_original,3-41,model,4,1,0.0,K,0.0001,true
cf_vt_gurobi_original,3-41,model,4,1,0.0,K,0.0001,true
cf_vt_gurobi_original,3-23-kappa,model,4,1,0.0,kPa,0.005199261864978687,true
cf_vt_gurobi_original,3-22,model,S4,1,2.4599201917163352e-17,normalized,1.0e-6,true
cf_vt_gurobi_original,3-26,model,S4,1,0.0,normalized,1.0e-6,true
cf_vt_gurobi_original,3-25,physics,S4,1,0.0,normalized,1.0e-6,true
cf_vt_gurobi_original,WMM-replay,physics,S4,1,5.684341886080802e-14,K,0.0001,true
cf_vt_gurobi_original,3-33:34,model,S4,1,5.684341886080802e-14,K,0.0001,true
cf_vt_gurobi_original,3-39:40,model,S4,2,0.0,K,0.0001,true
cf_vt_gurobi_original,3-41,model,4,2,0.0,K,0.0001,true
cf_vt_gurobi_original,3-41,model,4,2,0.0,K,0.0001,true
cf_vt_gurobi_original,3-23-kappa,model,4,2,0.0,kPa,0.005199261864978687,true
cf_vt_gurobi_original,3-22,model,S4,2,2.4599201917163352e-17,normalized,1.0e-6,true
cf_vt_gurobi_original,3-26,model,S4,2,0.0,normalized,1.0e-6,true
cf_vt_gurobi_original,3-25,physics,S4,2,0.0,normalized,1.0e-6,true
cf_vt_gurobi_original,WMM-replay,physics,S4,2,0.0,K,0.0001,true
cf_vt_gurobi_original,3-33:34,model,S4,2,0.0,K,0.0001,true
cf_vt_gurobi_original,3-39:40,model,S4,3,0.0,K,0.0001,true
cf_vt_gurobi_original,3-41,model,4,3,0.0,K,0.0001,true
cf_vt_gurobi_original,3-41,model,4,3,0.0,K,0.0001,true
cf_vt_gurobi_original,3-23-kappa,model,4,3,0.0,kPa,0.005199261864978687,true
cf_vt_gurobi_original,3-22,model,S4,3,2.4599201917163352e-17,normalized,1.0e-6,true
cf_vt_gurobi_original,3-26,model,S4,3,0.0,normalized,1.0e-6,true
cf_vt_gurobi_original,3-25,physics,S4,3,0.0,normalized,1.0e-6,true
cf_vt_gurobi_original,WMM-replay,physics,S4,3,5.684341886080802e-14,K,0.0001,true
cf_vt_gurobi_original,3-33:34,model,S4,3,5.684341886080802e-14,K,0.0001,true
cf_vt_gurobi_original,3-39:40,model,S4,4,0.0,K,0.0001,true
cf_vt_gurobi_original,3-41,model,4,4,0.0,K,0.0001,true
cf_vt_gurobi_original,3-41,model,4,4,0.0,K,0.0001,true
cf_vt_gurobi_original,3-23-kappa,model,4,4,0.0,kPa,0.005199261864978687,true
cf_vt_gurobi_original,3-22,model,S4,4,2.4599201917163352e-17,normalized,1.0e-6,true
cf_vt_gurobi_original,3-26,model,S4,4,0.0,normalized,1.0e-6,true
cf_vt_gurobi_original,3-25,physics,S4,4,0.0,normalized,1.0e-6,true
cf_vt_gurobi_original,WMM-replay,physics,S4,4,1.1368683772161603e-13,K,0.0001,true
cf_vt_gurobi_original,3-33:34,model,S4,4,1.1368683772161603e-13,K,0.0001,true
cf_vt_gurobi_original,3-39:40,model,S4,5,0.0,K,0.0001,true
cf_vt_gurobi_original,3-41,model,4,5,0.0,K,0.0001,true
cf_vt_gurobi_original,3-41,model,4,5,0.0,K,0.0001,true
cf_vt_gurobi_original,3-23-kappa,model,4,5,0.0,kPa,0.005199261864978687,true
cf_vt_gurobi_original,3-22,model,S4,5,2.4599201917163352e-17,normalized,1.0e-6,true
cf_vt_gurobi_original,3-26,model,S4,5,0.0,normalized,1.0e-6,true
cf_vt_gurobi_original,3-25,physics,S4,5,0.0,normalized,1.0e-6,true
cf_vt_gurobi_original,WMM-replay,physics,S4,5,1.1368683772161603e-13,K,0.0001,true
cf_vt_gurobi_original,3-33:34,model,S4,5,1.1368683772161603e-13,K,0.0001,true
cf_vt_gurobi_original,3-39:40,model,S4,6,0.0,K,0.0001,true
cf_vt_gurobi_original,3-41,model,4,6,0.0,K,0.0001,true
cf_vt_gurobi_original,3-41,model,4,6,0.0,K,0.0001,true
cf_vt_gurobi_original,3-23-kappa,model,4,6,0.0,kPa,0.005199261864978687,true
cf_vt_gurobi_original,3-22,model,S4,6,2.4599201917163352e-17,normalized,1.0e-6,true
cf_vt_gurobi_original,3-26,model,S4,6,0.0,normalized,1.0e-6,true
cf_vt_gurobi_original,3-25,physics,S4,6,0.0,normalized,1.0e-6,true
cf_vt_gurobi_original,WMM-replay,physics,S4,6,1.1368683772161603e-13,K,0.0001,true
cf_vt_gurobi_original,3-33:34,model,S4,6,1.1368683772161603e-13,K,0.0001,true
cf_vt_gurobi_original,3-39:40,model,S4,7,0.0,K,0.0001,true
cf_vt_gurobi_original,3-41,model,4,7,0.0,K,0.0001,true
cf_vt_gurobi_original,3-41,model,4,7,0.0,K,0.0001,true
cf_vt_gurobi_original,3-23-kappa,model,4,7,0.0,kPa,0.005199261864978687,true
cf_vt_gurobi_original,3-22,model,S4,7,2.4599201917163352e-17,normalized,1.0e-6,true
cf_vt_gurobi_original,3-26,model,S4,7,0.0,normalized,1.0e-6,true
cf_vt_gurobi_original,3-25,physics,S4,7,0.0,normalized,1.0e-6,true
cf_vt_gurobi_original,WMM-replay,physics,S4,7,5.684341886080802e-14,K,0.0001,true
cf_vt_gurobi_original,3-33:34,model,S4,7,5.684341886080802e-14,K,0.0001,true
cf_vt_gurobi_original,3-39:40,model,S4,8,0.0,K,0.0001,true
cf_vt_gurobi_original,3-41,model,4,8,0.0,K,0.0001,true
cf_vt_gurobi_original,3-41,model,4,8,0.0,K,0.0001,true
cf_vt_gurobi_original,3-23-kappa,model,4,8,0.0,kPa,0.005199261864978687,true
cf_vt_gurobi_original,3-22,model,S4,8,2.4599201917163352e-17,normalized,1.0e-6,true
cf_vt_gurobi_original,3-26,model,S4,8,0.0,normalized,1.0e-6,true
cf_vt_gurobi_original,3-25,physics,S4,8,0.0,normalized,1.0e-6,true
cf_vt_gurobi_original,WMM-replay,physics,S4,8,5.684341886080802e-14,K,0.0001,true
cf_vt_gurobi_original,3-33:34,model,S4,8,5.684341886080802e-14,K,0.0001,true
cf_vt_gurobi_original,3-39:40,model,S4,9,0.0,K,0.0001,true
cf_vt_gurobi_original,3-41,model,4,9,0.0,K,0.0001,true
cf_vt_gurobi_original,3-41,model,4,9,0.0,K,0.0001,true
cf_vt_gurobi_original,3-23-kappa,model,4,9,0.0,kPa,0.005199261864978687,true
cf_vt_gurobi_original,3-22,model,S4,9,2.4599201917163352e-17,normalized,1.0e-6,true
cf_vt_gurobi_original,3-26,model,S4,9,0.0,normalized,1.0e-6,true
cf_vt_gurobi_original,3-25,physics,S4,9,0.0,normalized,1.0e-6,true
cf_vt_gurobi_original,WMM-replay,physics,S4,9,0.0,K,0.0001,true
cf_vt_gurobi_original,3-33:34,model,S4,9,0.0,K,0.0001,true
cf_vt_gurobi_original,3-39:40,model,S4,10,0.0,K,0.0001,true
cf_vt_gurobi_original,3-41,model,4,10,0.0,K,0.0001,true
cf_vt_gurobi_original,3-41,model,4,10,0.0,K,0.0001,true
cf_vt_gurobi_original,3-23-kappa,model,4,10,0.0,kPa,0.005199261864978687,true
cf_vt_gurobi_original,3-22,model,S4,10,2.4599201917163352e-17,normalized,1.0e-6,true
cf_vt_gurobi_original,3-26,model,S4,10,0.0,normalized,1.0e-6,true
cf_vt_gurobi_original,3-25,physics,S4,10,0.0,normalized,1.0e-6,true
cf_vt_gurobi_original,WMM-replay,physics,S4,10,5.684341886080802e-14,K,0.0001,true
cf_vt_gurobi_original,3-33:34,model,S4,10,5.684341886080802e-14,K,0.0001,true
cf_vt_gurobi_original,3-39:40,model,S4,11,0.0,K,0.0001,true
cf_vt_gurobi_original,3-41,model,4,11,0.0,K,0.0001,true
cf_vt_gurobi_original,3-41,model,4,11,0.0,K,0.0001,true
cf_vt_gurobi_original,3-23-kappa,model,4,11,0.0,kPa,0.005199261864978687,true
cf_vt_gurobi_original,3-22,model,S4,11,2.4599201917163352e-17,normalized,1.0e-6,true
cf_vt_gurobi_original,3-26,model,S4,11,0.0,normalized,1.0e-6,true
cf_vt_gurobi_original,3-25,physics,S4,11,0.0,normalized,1.0e-6,true
cf_vt_gurobi_original,WMM-replay,physics,S4,11,5.684341886080802e-14,K,0.0001,true
cf_vt_gurobi_original,3-33:34,model,S4,11,5.684341886080802e-14,K,0.0001,true
cf_vt_gurobi_original,3-39:40,model,S4,12,0.0,K,0.0001,true
cf_vt_gurobi_original,3-41,model,4,12,0.0,K,0.0001,true
cf_vt_gurobi_original,3-41,model,4,12,0.0,K,0.0001,true
cf_vt_gurobi_original,3-23-kappa,model,4,12,0.0,kPa,0.005199261864978687,true
cf_vt_gurobi_original,3-22,model,S4,12,2.4599201917163352e-17,normalized,1.0e-6,true
cf_vt_gurobi_original,3-26,model,S4,12,0.0,normalized,1.0e-6,true
cf_vt_gurobi_original,3-25,physics,S4,12,0.0,normalized,1.0e-6,true
cf_vt_gurobi_original,WMM-replay,physics,S4,12,5.684341886080802e-14,K,0.0001,true
cf_vt_gurobi_original,3-33:34,model,S4,12,5.684341886080802e-14,K,0.0001,true
cf_vt_gurobi_original,3-39:40,model,S4,13,0.0,K,0.0001,true
cf_vt_gurobi_original,3-41,model,4,13,0.0,K,0.0001,true
cf_vt_gurobi_original,3-41,model,4,13,0.0,K,0.0001,true
cf_vt_gurobi_original,3-23-kappa,model,4,13,0.0,kPa,0.005199261864978687,true
cf_vt_gurobi_original,3-22,model,S4,13,2.4599201917163352e-17,normalized,1.0e-6,true
cf_vt_gurobi_original,3-26,model,S4,13,0.0,normalized,1.0e-6,true
cf_vt_gurobi_original,3-25,physics,S4,13,0.0,normalized,1.0e-6,true
cf_vt_gurobi_original,WMM-replay,physics,S4,13,5.684341886080802e-14,K,0.0001,true
cf_vt_gurobi_original,3-33:34,model,S4,13,5.684341886080802e-14,K,0.0001,true
cf_vt_gurobi_original,3-39:40,model,S4,14,0.0,K,0.0001,true
cf_vt_gurobi_original,3-41,model,4,14,0.0,K,0.0001,true
cf_vt_gurobi_original,3-41,model,4,14,0.0,K,0.0001,true
cf_vt_gurobi_original,3-23-kappa,model,4,14,0.0,kPa,0.005199261864978687,true
cf_vt_gurobi_original,3-22,model,S4,14,2.4599201917163352e-17,normalized,1.0e-6,true
cf_vt_gurobi_original,3-26,model,S4,14,0.0,normalized,1.0e-6,true
cf_vt_gurobi_original,3-25,physics,S4,14,0.0,normalized,1.0e-6,true
cf_vt_gurobi_original,WMM-replay,physics,S4,14,5.684341886080802e-14,K,0.0001,true
cf_vt_gurobi_original,3-33:34,model,S4,14,5.684341886080802e-14,K,0.0001,true
cf_vt_gurobi_original,3-39:40,model,S4,15,0.0,K,0.0001,true
cf_vt_gurobi_original,3-41,model,4,15,0.0,K,0.0001,true
cf_vt_gurobi_original,3-41,model,4,15,0.0,K,0.0001,true
cf_vt_gurobi_original,3-23-kappa,model,4,15,0.0,kPa,0.005199261864978687,true
cf_vt_gurobi_original,3-22,model,S4,15,2.4599201917163352e-17,normalized,1.0e-6,true
cf_vt_gurobi_original,3-26,model,S4,15,0.0,normalized,1.0e-6,true
cf_vt_gurobi_original,3-25,physics,S4,15,0.0,normalized,1.0e-6,true
cf_vt_gurobi_original,WMM-replay,physics,S4,15,5.684341886080802e-14,K,0.0001,true
cf_vt_gurobi_original,3-33:34,model,S4,15,5.684341886080802e-14,K,0.0001,true
cf_vt_gurobi_original,3-39:40,model,S4,16,0.0,K,0.0001,true
cf_vt_gurobi_original,3-41,model,4,16,0.0,K,0.0001,true
cf_vt_gurobi_original,3-41,model,4,16,0.0,K,0.0001,true
cf_vt_gurobi_original,3-23-kappa,model,4,16,0.0,kPa,0.005199261864978687,true
cf_vt_gurobi_original,3-22,model,S4,16,2.4599201917163352e-17,normalized,1.0e-6,true
cf_vt_gurobi_original,3-26,model,S4,16,0.0,normalized,1.0e-6,true
cf_vt_gurobi_original,3-25,physics,S4,16,0.0,normalized,1.0e-6,true
cf_vt_gurobi_original,WMM-replay,physics,S4,16,5.684341886080802e-14,K,0.0001,true
cf_vt_gurobi_original,3-33:34,model,S4,16,5.684341886080802e-14,K,0.0001,true
cf_vt_gurobi_original,3-39:40,model,S4,17,0.0,K,0.0001,true
cf_vt_gurobi_original,3-41,model,4,17,0.0,K,0.0001,true
cf_vt_gurobi_original,3-41,model,4,17,0.0,K,0.0001,true
cf_vt_gurobi_original,3-23-kappa,model,4,17,0.0,kPa,0.005199261864978687,true
cf_vt_gurobi_original,3-22,model,S4,17,2.4599201917163352e-17,normalized,1.0e-6,true
cf_vt_gurobi_original,3-26,model,S4,17,0.0,normalized,1.0e-6,true
cf_vt_gurobi_original,3-25,physics,S4,17,0.0,normalized,1.0e-6,true
cf_vt_gurobi_original,WMM-replay,physics,S4,17,5.684341886080802e-14,K,0.0001,true
cf_vt_gurobi_original,3-33:34,model,S4,17,5.684341886080802e-14,K,0.0001,true
cf_vt_gurobi_original,3-39:40,model,S4,18,0.0,K,0.0001,true
cf_vt_gurobi_original,3-41,model,4,18,0.0,K,0.0001,true
cf_vt_gurobi_original,3-41,model,4,18,0.0,K,0.0001,true
cf_vt_gurobi_original,3-23-kappa,model,4,18,0.0,kPa,0.005199261864978687,true
cf_vt_gurobi_original,3-22,model,S4,18,2.4599201917163352e-17,normalized,1.0e-6,true
cf_vt_gurobi_original,3-26,model,S4,18,0.0,normalized,1.0e-6,true
cf_vt_gurobi_original,3-25,physics,S4,18,0.0,normalized,1.0e-6,true
cf_vt_gurobi_original,WMM-replay,physics,S4,18,5.684341886080802e-14,K,0.0001,true
cf_vt_gurobi_original,3-33:34,model,S4,18,5.684341886080802e-14,K,0.0001,true
cf_vt_gurobi_original,3-39:40,model,S4,19,0.0,K,0.0001,true
cf_vt_gurobi_original,3-41,model,4,19,0.0,K,0.0001,true
cf_vt_gurobi_original,3-41,model,4,19,0.0,K,0.0001,true
cf_vt_gurobi_original,3-23-kappa,model,4,19,0.0,kPa,0.005199261864978687,true
cf_vt_gurobi_original,3-22,model,S4,19,2.4599201917163352e-17,normalized,1.0e-6,true
cf_vt_gurobi_original,3-26,model,S4,19,0.0,normalized,1.0e-6,true
cf_vt_gurobi_original,3-25,physics,S4,19,0.0,normalized,1.0e-6,true
cf_vt_gurobi_original,WMM-replay,physics,S4,19,5.684341886080802e-14,K,0.0001,true
cf_vt_gurobi_original,3-33:34,model,S4,19,5.684341886080802e-14,K,0.0001,true
cf_vt_gurobi_original,3-39:40,model,S4,20,0.0,K,0.0001,true
cf_vt_gurobi_original,3-41,model,4,20,0.0,K,0.0001,true
cf_vt_gurobi_original,3-41,model,4,20,0.0,K,0.0001,true
cf_vt_gurobi_original,3-23-kappa,model,4,20,0.0,kPa,0.005199261864978687,true
cf_vt_gurobi_original,3-22,model,S4,20,2.4599201917163352e-17,normalized,1.0e-6,true
cf_vt_gurobi_original,3-26,model,S4,20,0.0,normalized,1.0e-6,true
cf_vt_gurobi_original,3-25,physics,S4,20,0.0,normalized,1.0e-6,true
cf_vt_gurobi_original,WMM-replay,physics,S4,20,5.684341886080802e-14,K,0.0001,true
cf_vt_gurobi_original,3-33:34,model,S4,20,5.684341886080802e-14,K,0.0001,true
cf_vt_gurobi_original,3-39:40,model,S4,21,0.0,K,0.0001,true
cf_vt_gurobi_original,3-41,model,4,21,0.0,K,0.0001,true
cf_vt_gurobi_original,3-41,model,4,21,0.0,K,0.0001,true
cf_vt_gurobi_original,3-23-kappa,model,4,21,0.0,kPa,0.005199261864978687,true
cf_vt_gurobi_original,3-22,model,S4,21,2.4599201917163352e-17,normalized,1.0e-6,true
cf_vt_gurobi_original,3-26,model,S4,21,0.0,normalized,1.0e-6,true
cf_vt_gurobi_original,3-25,physics,S4,21,0.0,normalized,1.0e-6,true
cf_vt_gurobi_original,WMM-replay,physics,S4,21,5.684341886080802e-14,K,0.0001,true
cf_vt_gurobi_original,3-33:34,model,S4,21,5.684341886080802e-14,K,0.0001,true
cf_vt_gurobi_original,3-39:40,model,S4,22,0.0,K,0.0001,true
cf_vt_gurobi_original,3-41,model,4,22,0.0,K,0.0001,true
cf_vt_gurobi_original,3-41,model,4,22,0.0,K,0.0001,true
cf_vt_gurobi_original,3-23-kappa,model,4,22,0.0,kPa,0.005199261864978687,true
cf_vt_gurobi_original,3-22,model,S4,22,2.4599201917163352e-17,normalized,1.0e-6,true
cf_vt_gurobi_original,3-26,model,S4,22,0.0,normalized,1.0e-6,true
cf_vt_gurobi_original,3-25,physics,S4,22,0.0,normalized,1.0e-6,true
cf_vt_gurobi_original,WMM-replay,physics,S4,22,5.684341886080802e-14,K,0.0001,true
cf_vt_gurobi_original,3-33:34,model,S4,22,5.684341886080802e-14,K,0.0001,true
cf_vt_gurobi_original,3-39:40,model,S4,23,0.0,K,0.0001,true
cf_vt_gurobi_original,3-41,model,4,23,0.0,K,0.0001,true
cf_vt_gurobi_original,3-41,model,4,23,0.0,K,0.0001,true
cf_vt_gurobi_original,3-23-kappa,model,4,23,0.0,kPa,0.005199261864978687,true
cf_vt_gurobi_original,3-22,model,S4,23,2.4599201917163352e-17,normalized,1.0e-6,true
cf_vt_gurobi_original,3-26,model,S4,23,0.0,normalized,1.0e-6,true
cf_vt_gurobi_original,3-25,physics,S4,23,0.0,normalized,1.0e-6,true
cf_vt_gurobi_original,WMM-replay,physics,S4,23,5.684341886080802e-14,K,0.0001,true
cf_vt_gurobi_original,3-33:34,model,S4,23,5.684341886080802e-14,K,0.0001,true
cf_vt_gurobi_original,3-39:40,model,S4,24,0.0,K,0.0001,true
cf_vt_gurobi_original,3-41,model,4,24,0.0,K,0.0001,true
cf_vt_gurobi_original,3-41,model,4,24,0.0,K,0.0001,true
cf_vt_gurobi_original,3-23-kappa,model,4,24,0.0,kPa,0.005199261864978687,true
cf_vt_gurobi_original,3-22,model,S4,24,2.4599201917163352e-17,normalized,1.0e-6,true
cf_vt_gurobi_original,3-26,model,S4,24,0.0,normalized,1.0e-6,true
cf_vt_gurobi_original,3-25,physics,S4,24,0.0,normalized,1.0e-6,true
cf_vt_gurobi_original,WMM-replay,physics,S4,24,5.684341886080802e-14,K,0.0001,true
cf_vt_gurobi_original,3-33:34,model,S4,24,5.684341886080802e-14,K,0.0001,true
cf_vt_gurobi_original,3-39:40,model,R4,1,0.0,K,0.0001,true
cf_vt_gurobi_original,3-41,model,4,1,0.0,K,0.0001,true
cf_vt_gurobi_original,3-41,model,4,1,0.0,K,0.0001,true
cf_vt_gurobi_original,3-23-kappa,model,4,1,0.0,kPa,0.005199261864978687,true
cf_vt_gurobi_original,3-22,model,R4,1,2.7332446574625948e-18,normalized,1.0e-6,true
cf_vt_gurobi_original,3-26,model,R4,1,0.0,normalized,1.0e-6,true
cf_vt_gurobi_original,3-25,physics,R4,1,0.0,normalized,1.0e-6,true
cf_vt_gurobi_original,WMM-replay,physics,R4,1,5.684341886080802e-14,K,0.0001,true
cf_vt_gurobi_original,3-33:34,model,R4,1,5.684341886080802e-14,K,0.0001,true
cf_vt_gurobi_original,3-39:40,model,R4,2,0.0,K,0.0001,true
cf_vt_gurobi_original,3-41,model,4,2,0.0,K,0.0001,true
cf_vt_gurobi_original,3-41,model,4,2,0.0,K,0.0001,true
cf_vt_gurobi_original,3-23-kappa,model,4,2,0.0,kPa,0.005199261864978687,true
cf_vt_gurobi_original,3-22,model,R4,2,2.7332446574625948e-18,normalized,1.0e-6,true
cf_vt_gurobi_original,3-26,model,R4,2,0.0,normalized,1.0e-6,true
cf_vt_gurobi_original,3-25,physics,R4,2,0.0,normalized,1.0e-6,true
cf_vt_gurobi_original,WMM-replay,physics,R4,2,5.684341886080802e-14,K,0.0001,true
cf_vt_gurobi_original,3-33:34,model,R4,2,5.684341886080802e-14,K,0.0001,true
cf_vt_gurobi_original,3-39:40,model,R4,3,0.0,K,0.0001,true
cf_vt_gurobi_original,3-41,model,4,3,0.0,K,0.0001,true
cf_vt_gurobi_original,3-41,model,4,3,0.0,K,0.0001,true
cf_vt_gurobi_original,3-23-kappa,model,4,3,0.0,kPa,0.005199261864978687,true
cf_vt_gurobi_original,3-22,model,R4,3,2.7332446574625948e-18,normalized,1.0e-6,true
cf_vt_gurobi_original,3-26,model,R4,3,0.0,normalized,1.0e-6,true
cf_vt_gurobi_original,3-25,physics,R4,3,0.0,normalized,1.0e-6,true
cf_vt_gurobi_original,WMM-replay,physics,R4,3,1.1368683772161603e-13,K,0.0001,true
cf_vt_gurobi_original,3-33:34,model,R4,3,1.1368683772161603e-13,K,0.0001,true
cf_vt_gurobi_original,3-39:40,model,R4,4,0.0,K,0.0001,true
cf_vt_gurobi_original,3-41,model,4,4,0.0,K,0.0001,true
cf_vt_gurobi_original,3-41,model,4,4,0.0,K,0.0001,true
cf_vt_gurobi_original,3-23-kappa,model,4,4,0.0,kPa,0.005199261864978687,true
cf_vt_gurobi_original,3-22,model,R4,4,2.7332446574625948e-18,normalized,1.0e-6,true
cf_vt_gurobi_original,3-26,model,R4,4,0.0,normalized,1.0e-6,true
cf_vt_gurobi_original,3-25,physics,R4,4,0.0,normalized,1.0e-6,true
cf_vt_gurobi_original,WMM-replay,physics,R4,4,5.684341886080802e-14,K,0.0001,true
cf_vt_gurobi_original,3-33:34,model,R4,4,5.684341886080802e-14,K,0.0001,true
cf_vt_gurobi_original,3-39:40,model,R4,5,0.0,K,0.0001,true
cf_vt_gurobi_original,3-41,model,4,5,0.0,K,0.0001,true
cf_vt_gurobi_original,3-41,model,4,5,0.0,K,0.0001,true
cf_vt_gurobi_original,3-23-kappa,model,4,5,0.0,kPa,0.005199261864978687,true
cf_vt_gurobi_original,3-22,model,R4,5,2.7332446574625948e-18,normalized,1.0e-6,true
cf_vt_gurobi_original,3-26,model,R4,5,0.0,normalized,1.0e-6,true
cf_vt_gurobi_original,3-25,physics,R4,5,0.0,normalized,1.0e-6,true
cf_vt_gurobi_original,WMM-replay,physics,R4,5,0.0,K,0.0001,true
cf_vt_gurobi_original,3-33:34,model,R4,5,0.0,K,0.0001,true
cf_vt_gurobi_original,3-39:40,model,R4,6,0.0,K,0.0001,true
cf_vt_gurobi_original,3-41,model,4,6,0.0,K,0.0001,true
cf_vt_gurobi_original,3-41,model,4,6,0.0,K,0.0001,true
cf_vt_gurobi_original,3-23-kappa,model,4,6,0.0,kPa,0.005199261864978687,true
cf_vt_gurobi_original,3-22,model,R4,6,2.7332446574625948e-18,normalized,1.0e-6,true
cf_vt_gurobi_original,3-26,model,R4,6,0.0,normalized,1.0e-6,true
cf_vt_gurobi_original,3-25,physics,R4,6,0.0,normalized,1.0e-6,true
cf_vt_gurobi_original,WMM-replay,physics,R4,6,1.1368683772161603e-13,K,0.0001,true
cf_vt_gurobi_original,3-33:34,model,R4,6,1.1368683772161603e-13,K,0.0001,true
cf_vt_gurobi_original,3-39:40,model,R4,7,0.0,K,0.0001,true
cf_vt_gurobi_original,3-41,model,4,7,0.0,K,0.0001,true
cf_vt_gurobi_original,3-41,model,4,7,0.0,K,0.0001,true
cf_vt_gurobi_original,3-23-kappa,model,4,7,0.0,kPa,0.005199261864978687,true
cf_vt_gurobi_original,3-22,model,R4,7,2.7332446574625948e-18,normalized,1.0e-6,true
cf_vt_gurobi_original,3-26,model,R4,7,0.0,normalized,1.0e-6,true
cf_vt_gurobi_original,3-25,physics,R4,7,0.0,normalized,1.0e-6,true
cf_vt_gurobi_original,WMM-replay,physics,R4,7,5.684341886080802e-14,K,0.0001,true
cf_vt_gurobi_original,3-33:34,model,R4,7,5.684341886080802e-14,K,0.0001,true
cf_vt_gurobi_original,3-39:40,model,R4,8,0.0,K,0.0001,true
cf_vt_gurobi_original,3-41,model,4,8,0.0,K,0.0001,true
cf_vt_gurobi_original,3-41,model,4,8,0.0,K,0.0001,true
cf_vt_gurobi_original,3-23-kappa,model,4,8,0.0,kPa,0.005199261864978687,true
cf_vt_gurobi_original,3-22,model,R4,8,2.7332446574625948e-18,normalized,1.0e-6,true
cf_vt_gurobi_original,3-26,model,R4,8,0.0,normalized,1.0e-6,true
cf_vt_gurobi_original,3-25,physics,R4,8,0.0,normalized,1.0e-6,true
cf_vt_gurobi_original,WMM-replay,physics,R4,8,5.684341886080802e-14,K,0.0001,true
cf_vt_gurobi_original,3-33:34,model,R4,8,5.684341886080802e-14,K,0.0001,true
cf_vt_gurobi_original,3-39:40,model,R4,9,0.0,K,0.0001,true
cf_vt_gurobi_original,3-41,model,4,9,0.0,K,0.0001,true
cf_vt_gurobi_original,3-41,model,4,9,0.0,K,0.0001,true
cf_vt_gurobi_original,3-23-kappa,model,4,9,0.0,kPa,0.005199261864978687,true
cf_vt_gurobi_original,3-22,model,R4,9,2.7332446574625948e-18,normalized,1.0e-6,true
cf_vt_gurobi_original,3-26,model,R4,9,0.0,normalized,1.0e-6,true
cf_vt_gurobi_original,3-25,physics,R4,9,0.0,normalized,1.0e-6,true
cf_vt_gurobi_original,WMM-replay,physics,R4,9,5.684341886080802e-14,K,0.0001,true
cf_vt_gurobi_original,3-33:34,model,R4,9,5.684341886080802e-14,K,0.0001,true
cf_vt_gurobi_original,3-39:40,model,R4,10,0.0,K,0.0001,true
cf_vt_gurobi_original,3-41,model,4,10,0.0,K,0.0001,true
cf_vt_gurobi_original,3-41,model,4,10,0.0,K,0.0001,true
cf_vt_gurobi_original,3-23-kappa,model,4,10,0.0,kPa,0.005199261864978687,true
cf_vt_gurobi_original,3-22,model,R4,10,2.7332446574625948e-18,normalized,1.0e-6,true
cf_vt_gurobi_original,3-26,model,R4,10,0.0,normalized,1.0e-6,true
cf_vt_gurobi_original,3-25,physics,R4,10,0.0,normalized,1.0e-6,true
cf_vt_gurobi_original,WMM-replay,physics,R4,10,0.0,K,0.0001,true
cf_vt_gurobi_original,3-33:34,model,R4,10,0.0,K,0.0001,true
cf_vt_gurobi_original,3-39:40,model,R4,11,0.0,K,0.0001,true
cf_vt_gurobi_original,3-41,model,4,11,0.0,K,0.0001,true
cf_vt_gurobi_original,3-41,model,4,11,0.0,K,0.0001,true
cf_vt_gurobi_original,3-23-kappa,model,4,11,0.0,kPa,0.005199261864978687,true
cf_vt_gurobi_original,3-22,model,R4,11,2.7332446574625948e-18,normalized,1.0e-6,true
cf_vt_gurobi_original,3-26,model,R4,11,0.0,normalized,1.0e-6,true
cf_vt_gurobi_original,3-25,physics,R4,11,0.0,normalized,1.0e-6,true
cf_vt_gurobi_original,WMM-replay,physics,R4,11,1.1368683772161603e-13,K,0.0001,true
cf_vt_gurobi_original,3-33:34,model,R4,11,1.1368683772161603e-13,K,0.0001,true
cf_vt_gurobi_original,3-39:40,model,R4,12,0.0,K,0.0001,true
cf_vt_gurobi_original,3-41,model,4,12,0.0,K,0.0001,true
cf_vt_gurobi_original,3-41,model,4,12,0.0,K,0.0001,true
cf_vt_gurobi_original,3-23-kappa,model,4,12,0.0,kPa,0.005199261864978687,true
cf_vt_gurobi_original,3-22,model,R4,12,2.7332446574625948e-18,normalized,1.0e-6,true
cf_vt_gurobi_original,3-26,model,R4,12,0.0,normalized,1.0e-6,true
cf_vt_gurobi_original,3-25,physics,R4,12,0.0,normalized,1.0e-6,true
cf_vt_gurobi_original,WMM-replay,physics,R4,12,1.1368683772161603e-13,K,0.0001,true
cf_vt_gurobi_original,3-33:34,model,R4,12,1.1368683772161603e-13,K,0.0001,true
cf_vt_gurobi_original,3-39:40,model,R4,13,0.0,K,0.0001,true
cf_vt_gurobi_original,3-41,model,4,13,0.0,K,0.0001,true
cf_vt_gurobi_original,3-41,model,4,13,0.0,K,0.0001,true
cf_vt_gurobi_original,3-23-kappa,model,4,13,0.0,kPa,0.005199261864978687,true
cf_vt_gurobi_original,3-22,model,R4,13,2.7332446574625948e-18,normalized,1.0e-6,true
cf_vt_gurobi_original,3-26,model,R4,13,0.0,normalized,1.0e-6,true
cf_vt_gurobi_original,3-25,physics,R4,13,0.0,normalized,1.0e-6,true
cf_vt_gurobi_original,WMM-replay,physics,R4,13,0.0,K,0.0001,true
cf_vt_gurobi_original,3-33:34,model,R4,13,0.0,K,0.0001,true
cf_vt_gurobi_original,3-39:40,model,R4,14,0.0,K,0.0001,true
cf_vt_gurobi_original,3-41,model,4,14,0.0,K,0.0001,true
cf_vt_gurobi_original,3-41,model,4,14,0.0,K,0.0001,true
cf_vt_gurobi_original,3-23-kappa,model,4,14,0.0,kPa,0.005199261864978687,true
cf_vt_gurobi_original,3-22,model,R4,14,2.7332446574625948e-18,normalized,1.0e-6,true
cf_vt_gurobi_original,3-26,model,R4,14,0.0,normalized,1.0e-6,true
cf_vt_gurobi_original,3-25,physics,R4,14,0.0,normalized,1.0e-6,true
cf_vt_gurobi_original,WMM-replay,physics,R4,14,0.0,K,0.0001,true
cf_vt_gurobi_original,3-33:34,model,R4,14,0.0,K,0.0001,true
cf_vt_gurobi_original,3-39:40,model,R4,15,0.0,K,0.0001,true
cf_vt_gurobi_original,3-41,model,4,15,0.0,K,0.0001,true
cf_vt_gurobi_original,3-41,model,4,15,0.0,K,0.0001,true
cf_vt_gurobi_original,3-23-kappa,model,4,15,0.0,kPa,0.005199261864978687,true
cf_vt_gurobi_original,3-22,model,R4,15,2.7332446574625948e-18,normalized,1.0e-6,true
cf_vt_gurobi_original,3-26,model,R4,15,0.0,normalized,1.0e-6,true
cf_vt_gurobi_original,3-25,physics,R4,15,0.0,normalized,1.0e-6,true
cf_vt_gurobi_original,WMM-replay,physics,R4,15,0.0,K,0.0001,true
cf_vt_gurobi_original,3-33:34,model,R4,15,0.0,K,0.0001,true
cf_vt_gurobi_original,3-39:40,model,R4,16,0.0,K,0.0001,true
cf_vt_gurobi_original,3-41,model,4,16,0.0,K,0.0001,true
cf_vt_gurobi_original,3-41,model,4,16,0.0,K,0.0001,true
cf_vt_gurobi_original,3-23-kappa,model,4,16,0.0,kPa,0.005199261864978687,true
cf_vt_gurobi_original,3-22,model,R4,16,2.7332446574625948e-18,normalized,1.0e-6,true
cf_vt_gurobi_original,3-26,model,R4,16,0.0,normalized,1.0e-6,true
cf_vt_gurobi_original,3-25,physics,R4,16,0.0,normalized,1.0e-6,true
cf_vt_gurobi_original,WMM-replay,physics,R4,16,0.0,K,0.0001,true
cf_vt_gurobi_original,3-33:34,model,R4,16,0.0,K,0.0001,true
cf_vt_gurobi_original,3-39:40,model,R4,17,0.0,K,0.0001,true
cf_vt_gurobi_original,3-41,model,4,17,0.0,K,0.0001,true
cf_vt_gurobi_original,3-41,model,4,17,0.0,K,0.0001,true
cf_vt_gurobi_original,3-23-kappa,model,4,17,0.0,kPa,0.005199261864978687,true
cf_vt_gurobi_original,3-22,model,R4,17,2.7332446574625948e-18,normalized,1.0e-6,true
cf_vt_gurobi_original,3-26,model,R4,17,0.0,normalized,1.0e-6,true
cf_vt_gurobi_original,3-25,physics,R4,17,0.0,normalized,1.0e-6,true
cf_vt_gurobi_original,WMM-replay,physics,R4,17,1.1368683772161603e-13,K,0.0001,true
cf_vt_gurobi_original,3-33:34,model,R4,17,1.1368683772161603e-13,K,0.0001,true
cf_vt_gurobi_original,3-39:40,model,R4,18,0.0,K,0.0001,true
cf_vt_gurobi_original,3-41,model,4,18,0.0,K,0.0001,true
cf_vt_gurobi_original,3-41,model,4,18,0.0,K,0.0001,true
cf_vt_gurobi_original,3-23-kappa,model,4,18,0.0,kPa,0.005199261864978687,true
cf_vt_gurobi_original,3-22,model,R4,18,2.7332446574625948e-18,normalized,1.0e-6,true
cf_vt_gurobi_original,3-26,model,R4,18,0.0,normalized,1.0e-6,true
cf_vt_gurobi_original,3-25,physics,R4,18,0.0,normalized,1.0e-6,true
cf_vt_gurobi_original,WMM-replay,physics,R4,18,5.684341886080802e-14,K,0.0001,true
cf_vt_gurobi_original,3-33:34,model,R4,18,5.684341886080802e-14,K,0.0001,true
cf_vt_gurobi_original,3-39:40,model,R4,19,0.0,K,0.0001,true
cf_vt_gurobi_original,3-41,model,4,19,0.0,K,0.0001,true
cf_vt_gurobi_original,3-41,model,4,19,0.0,K,0.0001,true
cf_vt_gurobi_original,3-23-kappa,model,4,19,0.0,kPa,0.005199261864978687,true
cf_vt_gurobi_original,3-22,model,R4,19,2.7332446574625948e-18,normalized,1.0e-6,true
cf_vt_gurobi_original,3-26,model,R4,19,0.0,normalized,1.0e-6,true
cf_vt_gurobi_original,3-25,physics,R4,19,0.0,normalized,1.0e-6,true
cf_vt_gurobi_original,WMM-replay,physics,R4,19,5.684341886080802e-14,K,0.0001,true
cf_vt_gurobi_original,3-33:34,model,R4,19,5.684341886080802e-14,K,0.0001,true
cf_vt_gurobi_original,3-39:40,model,R4,20,0.0,K,0.0001,true
cf_vt_gurobi_original,3-41,model,4,20,0.0,K,0.0001,true
cf_vt_gurobi_original,3-41,model,4,20,0.0,K,0.0001,true
cf_vt_gurobi_original,3-23-kappa,model,4,20,0.0,kPa,0.005199261864978687,true
cf_vt_gurobi_original,3-22,model,R4,20,2.7332446574625948e-18,normalized,1.0e-6,true
cf_vt_gurobi_original,3-26,model,R4,20,0.0,normalized,1.0e-6,true
cf_vt_gurobi_original,3-25,physics,R4,20,0.0,normalized,1.0e-6,true
cf_vt_gurobi_original,WMM-replay,physics,R4,20,0.0,K,0.0001,true
cf_vt_gurobi_original,3-33:34,model,R4,20,0.0,K,0.0001,true
cf_vt_gurobi_original,3-39:40,model,R4,21,0.0,K,0.0001,true
cf_vt_gurobi_original,3-41,model,4,21,0.0,K,0.0001,true
cf_vt_gurobi_original,3-41,model,4,21,0.0,K,0.0001,true
cf_vt_gurobi_original,3-23-kappa,model,4,21,0.0,kPa,0.005199261864978687,true
cf_vt_gurobi_original,3-22,model,R4,21,2.7332446574625948e-18,normalized,1.0e-6,true
cf_vt_gurobi_original,3-26,model,R4,21,0.0,normalized,1.0e-6,true
cf_vt_gurobi_original,3-25,physics,R4,21,0.0,normalized,1.0e-6,true
cf_vt_gurobi_original,WMM-replay,physics,R4,21,0.0,K,0.0001,true
cf_vt_gurobi_original,3-33:34,model,R4,21,0.0,K,0.0001,true
cf_vt_gurobi_original,3-39:40,model,R4,22,0.0,K,0.0001,true
cf_vt_gurobi_original,3-41,model,4,22,0.0,K,0.0001,true
cf_vt_gurobi_original,3-41,model,4,22,0.0,K,0.0001,true
cf_vt_gurobi_original,3-23-kappa,model,4,22,0.0,kPa,0.005199261864978687,true
cf_vt_gurobi_original,3-22,model,R4,22,2.7332446574625948e-18,normalized,1.0e-6,true
cf_vt_gurobi_original,3-26,model,R4,22,0.0,normalized,1.0e-6,true
cf_vt_gurobi_original,3-25,physics,R4,22,0.0,normalized,1.0e-6,true
cf_vt_gurobi_original,WMM-replay,physics,R4,22,5.684341886080802e-14,K,0.0001,true
cf_vt_gurobi_original,3-33:34,model,R4,22,5.684341886080802e-14,K,0.0001,true
cf_vt_gurobi_original,3-39:40,model,R4,23,0.0,K,0.0001,true
cf_vt_gurobi_original,3-41,model,4,23,0.0,K,0.0001,true
cf_vt_gurobi_original,3-41,model,4,23,0.0,K,0.0001,true
cf_vt_gurobi_original,3-23-kappa,model,4,23,0.0,kPa,0.005199261864978687,true
cf_vt_gurobi_original,3-22,model,R4,23,2.7332446574625948e-18,normalized,1.0e-6,true
cf_vt_gurobi_original,3-26,model,R4,23,0.0,normalized,1.0e-6,true
cf_vt_gurobi_original,3-25,physics,R4,23,0.0,normalized,1.0e-6,true
cf_vt_gurobi_original,WMM-replay,physics,R4,23,5.684341886080802e-14,K,0.0001,true
cf_vt_gurobi_original,3-33:34,model,R4,23,5.684341886080802e-14,K,0.0001,true
cf_vt_gurobi_original,3-39:40,model,R4,24,0.0,K,0.0001,true
cf_vt_gurobi_original,3-41,model,4,24,0.0,K,0.0001,true
cf_vt_gurobi_original,3-41,model,4,24,0.0,K,0.0001,true
cf_vt_gurobi_original,3-23-kappa,model,4,24,0.0,kPa,0.005199261864978687,true
cf_vt_gurobi_original,3-22,model,R4,24,2.7332446574625948e-18,normalized,1.0e-6,true
cf_vt_gurobi_original,3-26,model,R4,24,0.0,normalized,1.0e-6,true
cf_vt_gurobi_original,3-25,physics,R4,24,0.0,normalized,1.0e-6,true
cf_vt_gurobi_original,WMM-replay,physics,R4,24,5.684341886080802e-14,K,0.0001,true
cf_vt_gurobi_original,3-33:34,model,R4,24,5.684341886080802e-14,K,0.0001,true
cf_vt_gurobi_original,3-23,model,5,1,0.0,kg/s,2.947222222222222e-5,true
cf_vt_gurobi_original,R2-fixed-flow,model,5,1,0.0,kg/s,2.947222222222222e-5,true
cf_vt_gurobi_original,3-27,model,5,1,0.0,kg/s,2.947222222222222e-5,true
cf_vt_gurobi_original,3-30,model,5,1,0.0,kg/s,2.947222222222222e-5,true
cf_vt_gurobi_original,3-32,model,5,1,0.0,1,1.0e-6,true
cf_vt_gurobi_original,3-28,model,5,1,0.0,1,1.0e-6,true
cf_vt_gurobi_original,3-29:32,model,5,1,0.0,1,1.0e-6,true
cf_vt_gurobi_original,3-31,model,5,1,0.0,1,1.0e-6,true
cf_vt_gurobi_original,3-29:32,model,5,1,0.0,1,1.0e-6,true
cf_vt_gurobi_original,3-23,model,5,2,0.0,kg/s,2.947222222222222e-5,true
cf_vt_gurobi_original,R2-fixed-flow,model,5,2,0.0,kg/s,2.947222222222222e-5,true
cf_vt_gurobi_original,3-27,model,5,2,0.0,kg/s,2.947222222222222e-5,true
cf_vt_gurobi_original,3-30,model,5,2,0.0,kg/s,2.947222222222222e-5,true
cf_vt_gurobi_original,3-32,model,5,2,0.0,1,1.0e-6,true
cf_vt_gurobi_original,3-28,model,5,2,0.0,1,1.0e-6,true
cf_vt_gurobi_original,3-29:32,model,5,2,0.0,1,1.0e-6,true
cf_vt_gurobi_original,3-31,model,5,2,0.0,1,1.0e-6,true
cf_vt_gurobi_original,3-29:32,model,5,2,0.0,1,1.0e-6,true
cf_vt_gurobi_original,3-23,model,5,3,0.0,kg/s,2.947222222222222e-5,true
cf_vt_gurobi_original,R2-fixed-flow,model,5,3,0.0,kg/s,2.947222222222222e-5,true
cf_vt_gurobi_original,3-27,model,5,3,0.0,kg/s,2.947222222222222e-5,true
cf_vt_gurobi_original,3-30,model,5,3,0.0,kg/s,2.947222222222222e-5,true
cf_vt_gurobi_original,3-32,model,5,3,0.0,1,1.0e-6,true
cf_vt_gurobi_original,3-28,model,5,3,0.0,1,1.0e-6,true
cf_vt_gurobi_original,3-29:32,model,5,3,0.0,1,1.0e-6,true
cf_vt_gurobi_original,3-31,model,5,3,0.0,1,1.0e-6,true
cf_vt_gurobi_original,3-29:32,model,5,3,0.0,1,1.0e-6,true
cf_vt_gurobi_original,3-23,model,5,4,0.0,kg/s,2.947222222222222e-5,true
cf_vt_gurobi_original,R2-fixed-flow,model,5,4,0.0,kg/s,2.947222222222222e-5,true
cf_vt_gurobi_original,3-27,model,5,4,0.0,kg/s,2.947222222222222e-5,true
cf_vt_gurobi_original,3-30,model,5,4,0.0,kg/s,2.947222222222222e-5,true
cf_vt_gurobi_original,3-32,model,5,4,0.0,1,1.0e-6,true
cf_vt_gurobi_original,3-28,model,5,4,0.0,1,1.0e-6,true
cf_vt_gurobi_original,3-29:32,model,5,4,0.0,1,1.0e-6,true
cf_vt_gurobi_original,3-31,model,5,4,0.0,1,1.0e-6,true
cf_vt_gurobi_original,3-29:32,model,5,4,0.0,1,1.0e-6,true
cf_vt_gurobi_original,3-23,model,5,5,0.0,kg/s,2.947222222222222e-5,true
cf_vt_gurobi_original,R2-fixed-flow,model,5,5,0.0,kg/s,2.947222222222222e-5,true
cf_vt_gurobi_original,3-27,model,5,5,0.0,kg/s,2.947222222222222e-5,true
cf_vt_gurobi_original,3-30,model,5,5,0.0,kg/s,2.947222222222222e-5,true
cf_vt_gurobi_original,3-32,model,5,5,0.0,1,1.0e-6,true
cf_vt_gurobi_original,3-28,model,5,5,0.0,1,1.0e-6,true
cf_vt_gurobi_original,3-29:32,model,5,5,0.0,1,1.0e-6,true
cf_vt_gurobi_original,3-31,model,5,5,0.0,1,1.0e-6,true
cf_vt_gurobi_original,3-29:32,model,5,5,0.0,1,1.0e-6,true
cf_vt_gurobi_original,3-23,model,5,6,0.0,kg/s,2.947222222222222e-5,true
cf_vt_gurobi_original,R2-fixed-flow,model,5,6,0.0,kg/s,2.947222222222222e-5,true
cf_vt_gurobi_original,3-27,model,5,6,0.0,kg/s,2.947222222222222e-5,true
cf_vt_gurobi_original,3-30,model,5,6,0.0,kg/s,2.947222222222222e-5,true
cf_vt_gurobi_original,3-32,model,5,6,0.0,1,1.0e-6,true
cf_vt_gurobi_original,3-28,model,5,6,0.0,1,1.0e-6,true
cf_vt_gurobi_original,3-29:32,model,5,6,0.0,1,1.0e-6,true
cf_vt_gurobi_original,3-31,model,5,6,0.0,1,1.0e-6,true
cf_vt_gurobi_original,3-29:32,model,5,6,0.0,1,1.0e-6,true
cf_vt_gurobi_original,3-23,model,5,7,0.0,kg/s,2.947222222222222e-5,true
cf_vt_gurobi_original,R2-fixed-flow,model,5,7,0.0,kg/s,2.947222222222222e-5,true
cf_vt_gurobi_original,3-27,model,5,7,0.0,kg/s,2.947222222222222e-5,true
cf_vt_gurobi_original,3-30,model,5,7,0.0,kg/s,2.947222222222222e-5,true
cf_vt_gurobi_original,3-32,model,5,7,0.0,1,1.0e-6,true
cf_vt_gurobi_original,3-28,model,5,7,0.0,1,1.0e-6,true
cf_vt_gurobi_original,3-29:32,model,5,7,0.0,1,1.0e-6,true
cf_vt_gurobi_original,3-31,model,5,7,0.0,1,1.0e-6,true
cf_vt_gurobi_original,3-29:32,model,5,7,0.0,1,1.0e-6,true
cf_vt_gurobi_original,3-23,model,5,8,0.0,kg/s,2.947222222222222e-5,true
cf_vt_gurobi_original,R2-fixed-flow,model,5,8,0.0,kg/s,2.947222222222222e-5,true
cf_vt_gurobi_original,3-27,model,5,8,0.0,kg/s,2.947222222222222e-5,true
cf_vt_gurobi_original,3-30,model,5,8,0.0,kg/s,2.947222222222222e-5,true
cf_vt_gurobi_original,3-32,model,5,8,0.0,1,1.0e-6,true
cf_vt_gurobi_original,3-28,model,5,8,0.0,1,1.0e-6,true
cf_vt_gurobi_original,3-29:32,model,5,8,0.0,1,1.0e-6,true
cf_vt_gurobi_original,3-31,model,5,8,0.0,1,1.0e-6,true
cf_vt_gurobi_original,3-29:32,model,5,8,0.0,1,1.0e-6,true
cf_vt_gurobi_original,3-23,model,5,9,0.0,kg/s,2.947222222222222e-5,true
cf_vt_gurobi_original,R2-fixed-flow,model,5,9,0.0,kg/s,2.947222222222222e-5,true
cf_vt_gurobi_original,3-27,model,5,9,0.0,kg/s,2.947222222222222e-5,true
cf_vt_gurobi_original,3-30,model,5,9,0.0,kg/s,2.947222222222222e-5,true
cf_vt_gurobi_original,3-32,model,5,9,0.0,1,1.0e-6,true
cf_vt_gurobi_original,3-28,model,5,9,0.0,1,1.0e-6,true
cf_vt_gurobi_original,3-29:32,model,5,9,0.0,1,1.0e-6,true
cf_vt_gurobi_original,3-31,model,5,9,0.0,1,1.0e-6,true
cf_vt_gurobi_original,3-29:32,model,5,9,0.0,1,1.0e-6,true
cf_vt_gurobi_original,3-23,model,5,10,0.0,kg/s,2.947222222222222e-5,true
cf_vt_gurobi_original,R2-fixed-flow,model,5,10,0.0,kg/s,2.947222222222222e-5,true
cf_vt_gurobi_original,3-27,model,5,10,0.0,kg/s,2.947222222222222e-5,true
cf_vt_gurobi_original,3-30,model,5,10,0.0,kg/s,2.947222222222222e-5,true
cf_vt_gurobi_original,3-32,model,5,10,0.0,1,1.0e-6,true
cf_vt_gurobi_original,3-28,model,5,10,0.0,1,1.0e-6,true
cf_vt_gurobi_original,3-29:32,model,5,10,0.0,1,1.0e-6,true
cf_vt_gurobi_original,3-31,model,5,10,0.0,1,1.0e-6,true
cf_vt_gurobi_original,3-29:32,model,5,10,0.0,1,1.0e-6,true
cf_vt_gurobi_original,3-23,model,5,11,0.0,kg/s,2.947222222222222e-5,true
cf_vt_gurobi_original,R2-fixed-flow,model,5,11,0.0,kg/s,2.947222222222222e-5,true
cf_vt_gurobi_original,3-27,model,5,11,0.0,kg/s,2.947222222222222e-5,true
cf_vt_gurobi_original,3-30,model,5,11,0.0,kg/s,2.947222222222222e-5,true
cf_vt_gurobi_original,3-32,model,5,11,0.0,1,1.0e-6,true
cf_vt_gurobi_original,3-28,model,5,11,0.0,1,1.0e-6,true
cf_vt_gurobi_original,3-29:32,model,5,11,0.0,1,1.0e-6,true
cf_vt_gurobi_original,3-31,model,5,11,0.0,1,1.0e-6,true
cf_vt_gurobi_original,3-29:32,model,5,11,0.0,1,1.0e-6,true
cf_vt_gurobi_original,3-23,model,5,12,0.0,kg/s,2.947222222222222e-5,true
cf_vt_gurobi_original,R2-fixed-flow,model,5,12,0.0,kg/s,2.947222222222222e-5,true
cf_vt_gurobi_original,3-27,model,5,12,0.0,kg/s,2.947222222222222e-5,true
cf_vt_gurobi_original,3-30,model,5,12,0.0,kg/s,2.947222222222222e-5,true
cf_vt_gurobi_original,3-32,model,5,12,0.0,1,1.0e-6,true
cf_vt_gurobi_original,3-28,model,5,12,0.0,1,1.0e-6,true
cf_vt_gurobi_original,3-29:32,model,5,12,0.0,1,1.0e-6,true
cf_vt_gurobi_original,3-31,model,5,12,0.0,1,1.0e-6,true
cf_vt_gurobi_original,3-29:32,model,5,12,0.0,1,1.0e-6,true
cf_vt_gurobi_original,3-23,model,5,13,0.0,kg/s,2.947222222222222e-5,true
cf_vt_gurobi_original,R2-fixed-flow,model,5,13,0.0,kg/s,2.947222222222222e-5,true
cf_vt_gurobi_original,3-27,model,5,13,0.0,kg/s,2.947222222222222e-5,true
cf_vt_gurobi_original,3-30,model,5,13,0.0,kg/s,2.947222222222222e-5,true
cf_vt_gurobi_original,3-32,model,5,13,0.0,1,1.0e-6,true
cf_vt_gurobi_original,3-28,model,5,13,0.0,1,1.0e-6,true
cf_vt_gurobi_original,3-29:32,model,5,13,0.0,1,1.0e-6,true
cf_vt_gurobi_original,3-31,model,5,13,0.0,1,1.0e-6,true
cf_vt_gurobi_original,3-29:32,model,5,13,0.0,1,1.0e-6,true
cf_vt_gurobi_original,3-23,model,5,14,0.0,kg/s,2.947222222222222e-5,true
cf_vt_gurobi_original,R2-fixed-flow,model,5,14,0.0,kg/s,2.947222222222222e-5,true
cf_vt_gurobi_original,3-27,model,5,14,0.0,kg/s,2.947222222222222e-5,true
cf_vt_gurobi_original,3-30,model,5,14,0.0,kg/s,2.947222222222222e-5,true
cf_vt_gurobi_original,3-32,model,5,14,0.0,1,1.0e-6,true
cf_vt_gurobi_original,3-28,model,5,14,0.0,1,1.0e-6,true
cf_vt_gurobi_original,3-29:32,model,5,14,0.0,1,1.0e-6,true
cf_vt_gurobi_original,3-31,model,5,14,0.0,1,1.0e-6,true
cf_vt_gurobi_original,3-29:32,model,5,14,0.0,1,1.0e-6,true
cf_vt_gurobi_original,3-23,model,5,15,0.0,kg/s,2.947222222222222e-5,true
cf_vt_gurobi_original,R2-fixed-flow,model,5,15,0.0,kg/s,2.947222222222222e-5,true
cf_vt_gurobi_original,3-27,model,5,15,0.0,kg/s,2.947222222222222e-5,true
cf_vt_gurobi_original,3-30,model,5,15,0.0,kg/s,2.947222222222222e-5,true
cf_vt_gurobi_original,3-32,model,5,15,0.0,1,1.0e-6,true
cf_vt_gurobi_original,3-28,model,5,15,0.0,1,1.0e-6,true
cf_vt_gurobi_original,3-29:32,model,5,15,0.0,1,1.0e-6,true
cf_vt_gurobi_original,3-31,model,5,15,0.0,1,1.0e-6,true
cf_vt_gurobi_original,3-29:32,model,5,15,0.0,1,1.0e-6,true
cf_vt_gurobi_original,3-23,model,5,16,0.0,kg/s,2.947222222222222e-5,true
cf_vt_gurobi_original,R2-fixed-flow,model,5,16,0.0,kg/s,2.947222222222222e-5,true
cf_vt_gurobi_original,3-27,model,5,16,0.0,kg/s,2.947222222222222e-5,true
cf_vt_gurobi_original,3-30,model,5,16,0.0,kg/s,2.947222222222222e-5,true
cf_vt_gurobi_original,3-32,model,5,16,0.0,1,1.0e-6,true
cf_vt_gurobi_original,3-28,model,5,16,0.0,1,1.0e-6,true
cf_vt_gurobi_original,3-29:32,model,5,16,0.0,1,1.0e-6,true
cf_vt_gurobi_original,3-31,model,5,16,0.0,1,1.0e-6,true
cf_vt_gurobi_original,3-29:32,model,5,16,0.0,1,1.0e-6,true
cf_vt_gurobi_original,3-23,model,5,17,0.0,kg/s,2.947222222222222e-5,true
cf_vt_gurobi_original,R2-fixed-flow,model,5,17,0.0,kg/s,2.947222222222222e-5,true
cf_vt_gurobi_original,3-27,model,5,17,0.0,kg/s,2.947222222222222e-5,true
cf_vt_gurobi_original,3-30,model,5,17,0.0,kg/s,2.947222222222222e-5,true
cf_vt_gurobi_original,3-32,model,5,17,0.0,1,1.0e-6,true
cf_vt_gurobi_original,3-28,model,5,17,0.0,1,1.0e-6,true
cf_vt_gurobi_original,3-29:32,model,5,17,0.0,1,1.0e-6,true
cf_vt_gurobi_original,3-31,model,5,17,0.0,1,1.0e-6,true
cf_vt_gurobi_original,3-29:32,model,5,17,0.0,1,1.0e-6,true
cf_vt_gurobi_original,3-23,model,5,18,0.0,kg/s,2.947222222222222e-5,true
cf_vt_gurobi_original,R2-fixed-flow,model,5,18,0.0,kg/s,2.947222222222222e-5,true
cf_vt_gurobi_original,3-27,model,5,18,0.0,kg/s,2.947222222222222e-5,true
cf_vt_gurobi_original,3-30,model,5,18,0.0,kg/s,2.947222222222222e-5,true
cf_vt_gurobi_original,3-32,model,5,18,0.0,1,1.0e-6,true
cf_vt_gurobi_original,3-28,model,5,18,0.0,1,1.0e-6,true
cf_vt_gurobi_original,3-29:32,model,5,18,0.0,1,1.0e-6,true
cf_vt_gurobi_original,3-31,model,5,18,0.0,1,1.0e-6,true
cf_vt_gurobi_original,3-29:32,model,5,18,0.0,1,1.0e-6,true
cf_vt_gurobi_original,3-23,model,5,19,0.0,kg/s,2.947222222222222e-5,true
cf_vt_gurobi_original,R2-fixed-flow,model,5,19,0.0,kg/s,2.947222222222222e-5,true
cf_vt_gurobi_original,3-27,model,5,19,0.0,kg/s,2.947222222222222e-5,true
cf_vt_gurobi_original,3-30,model,5,19,0.0,kg/s,2.947222222222222e-5,true
cf_vt_gurobi_original,3-32,model,5,19,0.0,1,1.0e-6,true
cf_vt_gurobi_original,3-28,model,5,19,0.0,1,1.0e-6,true
cf_vt_gurobi_original,3-29:32,model,5,19,0.0,1,1.0e-6,true
cf_vt_gurobi_original,3-31,model,5,19,0.0,1,1.0e-6,true
cf_vt_gurobi_original,3-29:32,model,5,19,0.0,1,1.0e-6,true
cf_vt_gurobi_original,3-23,model,5,20,0.0,kg/s,2.947222222222222e-5,true
cf_vt_gurobi_original,R2-fixed-flow,model,5,20,0.0,kg/s,2.947222222222222e-5,true
cf_vt_gurobi_original,3-27,model,5,20,0.0,kg/s,2.947222222222222e-5,true
cf_vt_gurobi_original,3-30,model,5,20,0.0,kg/s,2.947222222222222e-5,true
cf_vt_gurobi_original,3-32,model,5,20,0.0,1,1.0e-6,true
cf_vt_gurobi_original,3-28,model,5,20,0.0,1,1.0e-6,true
cf_vt_gurobi_original,3-29:32,model,5,20,0.0,1,1.0e-6,true
cf_vt_gurobi_original,3-31,model,5,20,0.0,1,1.0e-6,true
cf_vt_gurobi_original,3-29:32,model,5,20,0.0,1,1.0e-6,true
cf_vt_gurobi_original,3-23,model,5,21,0.0,kg/s,2.947222222222222e-5,true
cf_vt_gurobi_original,R2-fixed-flow,model,5,21,0.0,kg/s,2.947222222222222e-5,true
cf_vt_gurobi_original,3-27,model,5,21,0.0,kg/s,2.947222222222222e-5,true
cf_vt_gurobi_original,3-30,model,5,21,0.0,kg/s,2.947222222222222e-5,true
cf_vt_gurobi_original,3-32,model,5,21,0.0,1,1.0e-6,true
cf_vt_gurobi_original,3-28,model,5,21,0.0,1,1.0e-6,true
cf_vt_gurobi_original,3-29:32,model,5,21,0.0,1,1.0e-6,true
cf_vt_gurobi_original,3-31,model,5,21,0.0,1,1.0e-6,true
cf_vt_gurobi_original,3-29:32,model,5,21,0.0,1,1.0e-6,true
cf_vt_gurobi_original,3-23,model,5,22,0.0,kg/s,2.947222222222222e-5,true
cf_vt_gurobi_original,R2-fixed-flow,model,5,22,0.0,kg/s,2.947222222222222e-5,true
cf_vt_gurobi_original,3-27,model,5,22,0.0,kg/s,2.947222222222222e-5,true
cf_vt_gurobi_original,3-30,model,5,22,0.0,kg/s,2.947222222222222e-5,true
cf_vt_gurobi_original,3-32,model,5,22,0.0,1,1.0e-6,true
cf_vt_gurobi_original,3-28,model,5,22,0.0,1,1.0e-6,true
cf_vt_gurobi_original,3-29:32,model,5,22,0.0,1,1.0e-6,true
cf_vt_gurobi_original,3-31,model,5,22,0.0,1,1.0e-6,true
cf_vt_gurobi_original,3-29:32,model,5,22,0.0,1,1.0e-6,true
cf_vt_gurobi_original,3-23,model,5,23,0.0,kg/s,2.947222222222222e-5,true
cf_vt_gurobi_original,R2-fixed-flow,model,5,23,0.0,kg/s,2.947222222222222e-5,true
cf_vt_gurobi_original,3-27,model,5,23,0.0,kg/s,2.947222222222222e-5,true
cf_vt_gurobi_original,3-30,model,5,23,0.0,kg/s,2.947222222222222e-5,true
cf_vt_gurobi_original,3-32,model,5,23,0.0,1,1.0e-6,true
cf_vt_gurobi_original,3-28,model,5,23,0.0,1,1.0e-6,true
cf_vt_gurobi_original,3-29:32,model,5,23,0.0,1,1.0e-6,true
cf_vt_gurobi_original,3-31,model,5,23,0.0,1,1.0e-6,true
cf_vt_gurobi_original,3-29:32,model,5,23,0.0,1,1.0e-6,true
cf_vt_gurobi_original,3-23,model,5,24,0.0,kg/s,2.947222222222222e-5,true
cf_vt_gurobi_original,R2-fixed-flow,model,5,24,0.0,kg/s,2.947222222222222e-5,true
cf_vt_gurobi_original,3-27,model,5,24,0.0,kg/s,2.947222222222222e-5,true
cf_vt_gurobi_original,3-30,model,5,24,0.0,kg/s,2.947222222222222e-5,true
cf_vt_gurobi_original,3-32,model,5,24,0.0,1,1.0e-6,true
cf_vt_gurobi_original,3-28,model,5,24,0.0,1,1.0e-6,true
cf_vt_gurobi_original,3-29:32,model,5,24,0.0,1,1.0e-6,true
cf_vt_gurobi_original,3-31,model,5,24,0.0,1,1.0e-6,true
cf_vt_gurobi_original,3-29:32,model,5,24,0.0,1,1.0e-6,true
cf_vt_gurobi_original,3-39:40,model,S5,1,0.0,K,0.0001,true
cf_vt_gurobi_original,3-41,model,5,1,0.0,K,0.0001,true
cf_vt_gurobi_original,3-41,model,5,1,0.0,K,0.0001,true
cf_vt_gurobi_original,3-23-kappa,model,5,1,0.0,kPa,0.005199261864978687,true
cf_vt_gurobi_original,3-22,model,S5,1,1.0932978629850379e-17,normalized,1.0e-6,true
cf_vt_gurobi_original,3-26,model,S5,1,0.0,normalized,1.0e-6,true
cf_vt_gurobi_original,3-25,physics,S5,1,0.0,normalized,1.0e-6,true
cf_vt_gurobi_original,WMM-replay,physics,S5,1,0.0,K,0.0001,true
cf_vt_gurobi_original,3-33:34,model,S5,1,0.0,K,0.0001,true
cf_vt_gurobi_original,3-39:40,model,S5,2,0.0,K,0.0001,true
cf_vt_gurobi_original,3-41,model,5,2,0.0,K,0.0001,true
cf_vt_gurobi_original,3-41,model,5,2,0.0,K,0.0001,true
cf_vt_gurobi_original,3-23-kappa,model,5,2,0.0,kPa,0.005199261864978687,true
cf_vt_gurobi_original,3-22,model,S5,2,1.0932978629850379e-17,normalized,1.0e-6,true
cf_vt_gurobi_original,3-26,model,S5,2,0.0,normalized,1.0e-6,true
cf_vt_gurobi_original,3-25,physics,S5,2,0.0,normalized,1.0e-6,true
cf_vt_gurobi_original,WMM-replay,physics,S5,2,0.0,K,0.0001,true
cf_vt_gurobi_original,3-33:34,model,S5,2,0.0,K,0.0001,true
cf_vt_gurobi_original,3-39:40,model,S5,3,0.0,K,0.0001,true
cf_vt_gurobi_original,3-41,model,5,3,0.0,K,0.0001,true
cf_vt_gurobi_original,3-41,model,5,3,0.0,K,0.0001,true
cf_vt_gurobi_original,3-23-kappa,model,5,3,0.0,kPa,0.005199261864978687,true
cf_vt_gurobi_original,3-22,model,S5,3,1.0932978629850379e-17,normalized,1.0e-6,true
cf_vt_gurobi_original,3-26,model,S5,3,0.0,normalized,1.0e-6,true
cf_vt_gurobi_original,3-25,physics,S5,3,0.0,normalized,1.0e-6,true
cf_vt_gurobi_original,WMM-replay,physics,S5,3,5.684341886080802e-14,K,0.0001,true
cf_vt_gurobi_original,3-33:34,model,S5,3,5.684341886080802e-14,K,0.0001,true
cf_vt_gurobi_original,3-39:40,model,S5,4,0.0,K,0.0001,true
cf_vt_gurobi_original,3-41,model,5,4,0.0,K,0.0001,true
cf_vt_gurobi_original,3-41,model,5,4,0.0,K,0.0001,true
cf_vt_gurobi_original,3-23-kappa,model,5,4,0.0,kPa,0.005199261864978687,true
cf_vt_gurobi_original,3-22,model,S5,4,1.0932978629850379e-17,normalized,1.0e-6,true
cf_vt_gurobi_original,3-26,model,S5,4,0.0,normalized,1.0e-6,true
cf_vt_gurobi_original,3-25,physics,S5,4,0.0,normalized,1.0e-6,true
cf_vt_gurobi_original,WMM-replay,physics,S5,4,1.1368683772161603e-13,K,0.0001,true
cf_vt_gurobi_original,3-33:34,model,S5,4,1.1368683772161603e-13,K,0.0001,true
cf_vt_gurobi_original,3-39:40,model,S5,5,0.0,K,0.0001,true
cf_vt_gurobi_original,3-41,model,5,5,0.0,K,0.0001,true
cf_vt_gurobi_original,3-41,model,5,5,0.0,K,0.0001,true
cf_vt_gurobi_original,3-23-kappa,model,5,5,0.0,kPa,0.005199261864978687,true
cf_vt_gurobi_original,3-22,model,S5,5,1.0932978629850379e-17,normalized,1.0e-6,true
cf_vt_gurobi_original,3-26,model,S5,5,0.0,normalized,1.0e-6,true
cf_vt_gurobi_original,3-25,physics,S5,5,0.0,normalized,1.0e-6,true
cf_vt_gurobi_original,WMM-replay,physics,S5,5,5.684341886080802e-14,K,0.0001,true
cf_vt_gurobi_original,3-33:34,model,S5,5,5.684341886080802e-14,K,0.0001,true
cf_vt_gurobi_original,3-39:40,model,S5,6,0.0,K,0.0001,true
cf_vt_gurobi_original,3-41,model,5,6,0.0,K,0.0001,true
cf_vt_gurobi_original,3-41,model,5,6,0.0,K,0.0001,true
cf_vt_gurobi_original,3-23-kappa,model,5,6,0.0,kPa,0.005199261864978687,true
cf_vt_gurobi_original,3-22,model,S5,6,1.0932978629850379e-17,normalized,1.0e-6,true
cf_vt_gurobi_original,3-26,model,S5,6,0.0,normalized,1.0e-6,true
cf_vt_gurobi_original,3-25,physics,S5,6,0.0,normalized,1.0e-6,true
cf_vt_gurobi_original,WMM-replay,physics,S5,6,0.0,K,0.0001,true
cf_vt_gurobi_original,3-33:34,model,S5,6,0.0,K,0.0001,true
cf_vt_gurobi_original,3-39:40,model,S5,7,0.0,K,0.0001,true
cf_vt_gurobi_original,3-41,model,5,7,0.0,K,0.0001,true
cf_vt_gurobi_original,3-41,model,5,7,0.0,K,0.0001,true
cf_vt_gurobi_original,3-23-kappa,model,5,7,0.0,kPa,0.005199261864978687,true
cf_vt_gurobi_original,3-22,model,S5,7,1.0932978629850379e-17,normalized,1.0e-6,true
cf_vt_gurobi_original,3-26,model,S5,7,0.0,normalized,1.0e-6,true
cf_vt_gurobi_original,3-25,physics,S5,7,0.0,normalized,1.0e-6,true
cf_vt_gurobi_original,WMM-replay,physics,S5,7,5.684341886080802e-14,K,0.0001,true
cf_vt_gurobi_original,3-33:34,model,S5,7,5.684341886080802e-14,K,0.0001,true
cf_vt_gurobi_original,3-39:40,model,S5,8,0.0,K,0.0001,true
cf_vt_gurobi_original,3-41,model,5,8,0.0,K,0.0001,true
cf_vt_gurobi_original,3-41,model,5,8,0.0,K,0.0001,true
cf_vt_gurobi_original,3-23-kappa,model,5,8,0.0,kPa,0.005199261864978687,true
cf_vt_gurobi_original,3-22,model,S5,8,1.0932978629850379e-17,normalized,1.0e-6,true
cf_vt_gurobi_original,3-26,model,S5,8,0.0,normalized,1.0e-6,true
cf_vt_gurobi_original,3-25,physics,S5,8,0.0,normalized,1.0e-6,true
cf_vt_gurobi_original,WMM-replay,physics,S5,8,0.0,K,0.0001,true
cf_vt_gurobi_original,3-33:34,model,S5,8,0.0,K,0.0001,true
cf_vt_gurobi_original,3-39:40,model,S5,9,0.0,K,0.0001,true
cf_vt_gurobi_original,3-41,model,5,9,0.0,K,0.0001,true
cf_vt_gurobi_original,3-41,model,5,9,0.0,K,0.0001,true
cf_vt_gurobi_original,3-23-kappa,model,5,9,0.0,kPa,0.005199261864978687,true
cf_vt_gurobi_original,3-22,model,S5,9,1.0932978629850379e-17,normalized,1.0e-6,true
cf_vt_gurobi_original,3-26,model,S5,9,0.0,normalized,1.0e-6,true
cf_vt_gurobi_original,3-25,physics,S5,9,0.0,normalized,1.0e-6,true
cf_vt_gurobi_original,WMM-replay,physics,S5,9,0.0,K,0.0001,true
cf_vt_gurobi_original,3-33:34,model,S5,9,0.0,K,0.0001,true
cf_vt_gurobi_original,3-39:40,model,S5,10,0.0,K,0.0001,true
cf_vt_gurobi_original,3-41,model,5,10,0.0,K,0.0001,true
cf_vt_gurobi_original,3-41,model,5,10,0.0,K,0.0001,true
cf_vt_gurobi_original,3-23-kappa,model,5,10,0.0,kPa,0.005199261864978687,true
cf_vt_gurobi_original,3-22,model,S5,10,1.0932978629850379e-17,normalized,1.0e-6,true
cf_vt_gurobi_original,3-26,model,S5,10,0.0,normalized,1.0e-6,true
cf_vt_gurobi_original,3-25,physics,S5,10,0.0,normalized,1.0e-6,true
cf_vt_gurobi_original,WMM-replay,physics,S5,10,0.0,K,0.0001,true
cf_vt_gurobi_original,3-33:34,model,S5,10,0.0,K,0.0001,true
cf_vt_gurobi_original,3-39:40,model,S5,11,0.0,K,0.0001,true
cf_vt_gurobi_original,3-41,model,5,11,0.0,K,0.0001,true
cf_vt_gurobi_original,3-41,model,5,11,0.0,K,0.0001,true
cf_vt_gurobi_original,3-23-kappa,model,5,11,0.0,kPa,0.005199261864978687,true
cf_vt_gurobi_original,3-22,model,S5,11,1.0932978629850379e-17,normalized,1.0e-6,true
cf_vt_gurobi_original,3-26,model,S5,11,0.0,normalized,1.0e-6,true
cf_vt_gurobi_original,3-25,physics,S5,11,0.0,normalized,1.0e-6,true
cf_vt_gurobi_original,WMM-replay,physics,S5,11,5.684341886080802e-14,K,0.0001,true
cf_vt_gurobi_original,3-33:34,model,S5,11,5.684341886080802e-14,K,0.0001,true
cf_vt_gurobi_original,3-39:40,model,S5,12,0.0,K,0.0001,true
cf_vt_gurobi_original,3-41,model,5,12,0.0,K,0.0001,true
cf_vt_gurobi_original,3-41,model,5,12,0.0,K,0.0001,true
cf_vt_gurobi_original,3-23-kappa,model,5,12,0.0,kPa,0.005199261864978687,true
cf_vt_gurobi_original,3-22,model,S5,12,1.0932978629850379e-17,normalized,1.0e-6,true
cf_vt_gurobi_original,3-26,model,S5,12,0.0,normalized,1.0e-6,true
cf_vt_gurobi_original,3-25,physics,S5,12,0.0,normalized,1.0e-6,true
cf_vt_gurobi_original,WMM-replay,physics,S5,12,5.684341886080802e-14,K,0.0001,true
cf_vt_gurobi_original,3-33:34,model,S5,12,5.684341886080802e-14,K,0.0001,true
cf_vt_gurobi_original,3-39:40,model,S5,13,0.0,K,0.0001,true
cf_vt_gurobi_original,3-41,model,5,13,0.0,K,0.0001,true
cf_vt_gurobi_original,3-41,model,5,13,0.0,K,0.0001,true
cf_vt_gurobi_original,3-23-kappa,model,5,13,0.0,kPa,0.005199261864978687,true
cf_vt_gurobi_original,3-22,model,S5,13,1.0932978629850379e-17,normalized,1.0e-6,true
cf_vt_gurobi_original,3-26,model,S5,13,0.0,normalized,1.0e-6,true
cf_vt_gurobi_original,3-25,physics,S5,13,0.0,normalized,1.0e-6,true
cf_vt_gurobi_original,WMM-replay,physics,S5,13,0.0,K,0.0001,true
cf_vt_gurobi_original,3-33:34,model,S5,13,0.0,K,0.0001,true
cf_vt_gurobi_original,3-39:40,model,S5,14,0.0,K,0.0001,true
cf_vt_gurobi_original,3-41,model,5,14,0.0,K,0.0001,true
cf_vt_gurobi_original,3-41,model,5,14,0.0,K,0.0001,true
cf_vt_gurobi_original,3-23-kappa,model,5,14,0.0,kPa,0.005199261864978687,true
cf_vt_gurobi_original,3-22,model,S5,14,1.0932978629850379e-17,normalized,1.0e-6,true
cf_vt_gurobi_original,3-26,model,S5,14,0.0,normalized,1.0e-6,true
cf_vt_gurobi_original,3-25,physics,S5,14,0.0,normalized,1.0e-6,true
cf_vt_gurobi_original,WMM-replay,physics,S5,14,0.0,K,0.0001,true
cf_vt_gurobi_original,3-33:34,model,S5,14,0.0,K,0.0001,true
cf_vt_gurobi_original,3-39:40,model,S5,15,0.0,K,0.0001,true
cf_vt_gurobi_original,3-41,model,5,15,0.0,K,0.0001,true
cf_vt_gurobi_original,3-41,model,5,15,0.0,K,0.0001,true
cf_vt_gurobi_original,3-23-kappa,model,5,15,0.0,kPa,0.005199261864978687,true
cf_vt_gurobi_original,3-22,model,S5,15,1.0932978629850379e-17,normalized,1.0e-6,true
cf_vt_gurobi_original,3-26,model,S5,15,0.0,normalized,1.0e-6,true
cf_vt_gurobi_original,3-25,physics,S5,15,0.0,normalized,1.0e-6,true
cf_vt_gurobi_original,WMM-replay,physics,S5,15,0.0,K,0.0001,true
cf_vt_gurobi_original,3-33:34,model,S5,15,0.0,K,0.0001,true
cf_vt_gurobi_original,3-39:40,model,S5,16,0.0,K,0.0001,true
cf_vt_gurobi_original,3-41,model,5,16,0.0,K,0.0001,true
cf_vt_gurobi_original,3-41,model,5,16,0.0,K,0.0001,true
cf_vt_gurobi_original,3-23-kappa,model,5,16,0.0,kPa,0.005199261864978687,true
cf_vt_gurobi_original,3-22,model,S5,16,1.0932978629850379e-17,normalized,1.0e-6,true
cf_vt_gurobi_original,3-26,model,S5,16,0.0,normalized,1.0e-6,true
cf_vt_gurobi_original,3-25,physics,S5,16,0.0,normalized,1.0e-6,true
cf_vt_gurobi_original,WMM-replay,physics,S5,16,0.0,K,0.0001,true
cf_vt_gurobi_original,3-33:34,model,S5,16,0.0,K,0.0001,true
cf_vt_gurobi_original,3-39:40,model,S5,17,0.0,K,0.0001,true
cf_vt_gurobi_original,3-41,model,5,17,0.0,K,0.0001,true
cf_vt_gurobi_original,3-41,model,5,17,0.0,K,0.0001,true
cf_vt_gurobi_original,3-23-kappa,model,5,17,0.0,kPa,0.005199261864978687,true
cf_vt_gurobi_original,3-22,model,S5,17,1.0932978629850379e-17,normalized,1.0e-6,true
cf_vt_gurobi_original,3-26,model,S5,17,0.0,normalized,1.0e-6,true
cf_vt_gurobi_original,3-25,physics,S5,17,0.0,normalized,1.0e-6,true
cf_vt_gurobi_original,WMM-replay,physics,S5,17,0.0,K,0.0001,true
cf_vt_gurobi_original,3-33:34,model,S5,17,0.0,K,0.0001,true
cf_vt_gurobi_original,3-39:40,model,S5,18,0.0,K,0.0001,true
cf_vt_gurobi_original,3-41,model,5,18,0.0,K,0.0001,true
cf_vt_gurobi_original,3-41,model,5,18,0.0,K,0.0001,true
cf_vt_gurobi_original,3-23-kappa,model,5,18,0.0,kPa,0.005199261864978687,true
cf_vt_gurobi_original,3-22,model,S5,18,1.0932978629850379e-17,normalized,1.0e-6,true
cf_vt_gurobi_original,3-26,model,S5,18,0.0,normalized,1.0e-6,true
cf_vt_gurobi_original,3-25,physics,S5,18,0.0,normalized,1.0e-6,true
cf_vt_gurobi_original,WMM-replay,physics,S5,18,0.0,K,0.0001,true
cf_vt_gurobi_original,3-33:34,model,S5,18,0.0,K,0.0001,true
cf_vt_gurobi_original,3-39:40,model,S5,19,0.0,K,0.0001,true
cf_vt_gurobi_original,3-41,model,5,19,0.0,K,0.0001,true
cf_vt_gurobi_original,3-41,model,5,19,0.0,K,0.0001,true
cf_vt_gurobi_original,3-23-kappa,model,5,19,0.0,kPa,0.005199261864978687,true
cf_vt_gurobi_original,3-22,model,S5,19,1.0932978629850379e-17,normalized,1.0e-6,true
cf_vt_gurobi_original,3-26,model,S5,19,0.0,normalized,1.0e-6,true
cf_vt_gurobi_original,3-25,physics,S5,19,0.0,normalized,1.0e-6,true
cf_vt_gurobi_original,WMM-replay,physics,S5,19,0.0,K,0.0001,true
cf_vt_gurobi_original,3-33:34,model,S5,19,0.0,K,0.0001,true
cf_vt_gurobi_original,3-39:40,model,S5,20,0.0,K,0.0001,true
cf_vt_gurobi_original,3-41,model,5,20,0.0,K,0.0001,true
cf_vt_gurobi_original,3-41,model,5,20,0.0,K,0.0001,true
cf_vt_gurobi_original,3-23-kappa,model,5,20,0.0,kPa,0.005199261864978687,true
cf_vt_gurobi_original,3-22,model,S5,20,1.0932978629850379e-17,normalized,1.0e-6,true
cf_vt_gurobi_original,3-26,model,S5,20,0.0,normalized,1.0e-6,true
cf_vt_gurobi_original,3-25,physics,S5,20,0.0,normalized,1.0e-6,true
cf_vt_gurobi_original,WMM-replay,physics,S5,20,0.0,K,0.0001,true
cf_vt_gurobi_original,3-33:34,model,S5,20,0.0,K,0.0001,true
cf_vt_gurobi_original,3-39:40,model,S5,21,0.0,K,0.0001,true
cf_vt_gurobi_original,3-41,model,5,21,0.0,K,0.0001,true
cf_vt_gurobi_original,3-41,model,5,21,0.0,K,0.0001,true
cf_vt_gurobi_original,3-23-kappa,model,5,21,0.0,kPa,0.005199261864978687,true
cf_vt_gurobi_original,3-22,model,S5,21,1.0932978629850379e-17,normalized,1.0e-6,true
cf_vt_gurobi_original,3-26,model,S5,21,0.0,normalized,1.0e-6,true
cf_vt_gurobi_original,3-25,physics,S5,21,0.0,normalized,1.0e-6,true
cf_vt_gurobi_original,WMM-replay,physics,S5,21,0.0,K,0.0001,true
cf_vt_gurobi_original,3-33:34,model,S5,21,0.0,K,0.0001,true
cf_vt_gurobi_original,3-39:40,model,S5,22,0.0,K,0.0001,true
cf_vt_gurobi_original,3-41,model,5,22,0.0,K,0.0001,true
cf_vt_gurobi_original,3-41,model,5,22,0.0,K,0.0001,true
cf_vt_gurobi_original,3-23-kappa,model,5,22,0.0,kPa,0.005199261864978687,true
cf_vt_gurobi_original,3-22,model,S5,22,1.0932978629850379e-17,normalized,1.0e-6,true
cf_vt_gurobi_original,3-26,model,S5,22,0.0,normalized,1.0e-6,true
cf_vt_gurobi_original,3-25,physics,S5,22,0.0,normalized,1.0e-6,true
cf_vt_gurobi_original,WMM-replay,physics,S5,22,0.0,K,0.0001,true
cf_vt_gurobi_original,3-33:34,model,S5,22,0.0,K,0.0001,true
cf_vt_gurobi_original,3-39:40,model,S5,23,0.0,K,0.0001,true
cf_vt_gurobi_original,3-41,model,5,23,0.0,K,0.0001,true
cf_vt_gurobi_original,3-41,model,5,23,0.0,K,0.0001,true
cf_vt_gurobi_original,3-23-kappa,model,5,23,0.0,kPa,0.005199261864978687,true
cf_vt_gurobi_original,3-22,model,S5,23,1.0932978629850379e-17,normalized,1.0e-6,true
cf_vt_gurobi_original,3-26,model,S5,23,0.0,normalized,1.0e-6,true
cf_vt_gurobi_original,3-25,physics,S5,23,0.0,normalized,1.0e-6,true
cf_vt_gurobi_original,WMM-replay,physics,S5,23,0.0,K,0.0001,true
cf_vt_gurobi_original,3-33:34,model,S5,23,0.0,K,0.0001,true
cf_vt_gurobi_original,3-39:40,model,S5,24,0.0,K,0.0001,true
cf_vt_gurobi_original,3-41,model,5,24,0.0,K,0.0001,true
cf_vt_gurobi_original,3-41,model,5,24,0.0,K,0.0001,true
cf_vt_gurobi_original,3-23-kappa,model,5,24,0.0,kPa,0.005199261864978687,true
cf_vt_gurobi_original,3-22,model,S5,24,1.0932978629850379e-17,normalized,1.0e-6,true
cf_vt_gurobi_original,3-26,model,S5,24,0.0,normalized,1.0e-6,true
cf_vt_gurobi_original,3-25,physics,S5,24,0.0,normalized,1.0e-6,true
cf_vt_gurobi_original,WMM-replay,physics,S5,24,0.0,K,0.0001,true
cf_vt_gurobi_original,3-33:34,model,S5,24,0.0,K,0.0001,true
cf_vt_gurobi_original,3-39:40,model,R5,1,0.0,K,0.0001,true
cf_vt_gurobi_original,3-41,model,5,1,0.0,K,0.0001,true
cf_vt_gurobi_original,3-41,model,5,1,0.0,K,0.0001,true
cf_vt_gurobi_original,3-23-kappa,model,5,1,0.0,kPa,0.005199261864978687,true
cf_vt_gurobi_original,3-22,model,R5,1,0.0,normalized,1.0e-6,true
cf_vt_gurobi_original,3-26,model,R5,1,0.0,normalized,1.0e-6,true
cf_vt_gurobi_original,3-25,physics,R5,1,0.0,normalized,1.0e-6,true
cf_vt_gurobi_original,WMM-replay,physics,R5,1,5.684341886080802e-14,K,0.0001,true
cf_vt_gurobi_original,3-33:34,model,R5,1,5.684341886080802e-14,K,0.0001,true
cf_vt_gurobi_original,3-39:40,model,R5,2,0.0,K,0.0001,true
cf_vt_gurobi_original,3-41,model,5,2,0.0,K,0.0001,true
cf_vt_gurobi_original,3-41,model,5,2,0.0,K,0.0001,true
cf_vt_gurobi_original,3-23-kappa,model,5,2,0.0,kPa,0.005199261864978687,true
cf_vt_gurobi_original,3-22,model,R5,2,0.0,normalized,1.0e-6,true
cf_vt_gurobi_original,3-26,model,R5,2,0.0,normalized,1.0e-6,true
cf_vt_gurobi_original,3-25,physics,R5,2,0.0,normalized,1.0e-6,true
cf_vt_gurobi_original,WMM-replay,physics,R5,2,5.684341886080802e-14,K,0.0001,true
cf_vt_gurobi_original,3-33:34,model,R5,2,5.684341886080802e-14,K,0.0001,true
cf_vt_gurobi_original,3-39:40,model,R5,3,0.0,K,0.0001,true
cf_vt_gurobi_original,3-41,model,5,3,0.0,K,0.0001,true
cf_vt_gurobi_original,3-41,model,5,3,0.0,K,0.0001,true
cf_vt_gurobi_original,3-23-kappa,model,5,3,0.0,kPa,0.005199261864978687,true
cf_vt_gurobi_original,3-22,model,R5,3,0.0,normalized,1.0e-6,true
cf_vt_gurobi_original,3-26,model,R5,3,0.0,normalized,1.0e-6,true
cf_vt_gurobi_original,3-25,physics,R5,3,0.0,normalized,1.0e-6,true
cf_vt_gurobi_original,WMM-replay,physics,R5,3,5.684341886080802e-14,K,0.0001,true
cf_vt_gurobi_original,3-33:34,model,R5,3,5.684341886080802e-14,K,0.0001,true
cf_vt_gurobi_original,3-39:40,model,R5,4,0.0,K,0.0001,true
cf_vt_gurobi_original,3-41,model,5,4,0.0,K,0.0001,true
cf_vt_gurobi_original,3-41,model,5,4,0.0,K,0.0001,true
cf_vt_gurobi_original,3-23-kappa,model,5,4,0.0,kPa,0.005199261864978687,true
cf_vt_gurobi_original,3-22,model,R5,4,0.0,normalized,1.0e-6,true
cf_vt_gurobi_original,3-26,model,R5,4,0.0,normalized,1.0e-6,true
cf_vt_gurobi_original,3-25,physics,R5,4,0.0,normalized,1.0e-6,true
cf_vt_gurobi_original,WMM-replay,physics,R5,4,0.0,K,0.0001,true
cf_vt_gurobi_original,3-33:34,model,R5,4,0.0,K,0.0001,true
cf_vt_gurobi_original,3-39:40,model,R5,5,0.0,K,0.0001,true
cf_vt_gurobi_original,3-41,model,5,5,0.0,K,0.0001,true
cf_vt_gurobi_original,3-41,model,5,5,0.0,K,0.0001,true
cf_vt_gurobi_original,3-23-kappa,model,5,5,0.0,kPa,0.005199261864978687,true
cf_vt_gurobi_original,3-22,model,R5,5,0.0,normalized,1.0e-6,true
cf_vt_gurobi_original,3-26,model,R5,5,0.0,normalized,1.0e-6,true
cf_vt_gurobi_original,3-25,physics,R5,5,0.0,normalized,1.0e-6,true
cf_vt_gurobi_original,WMM-replay,physics,R5,5,5.684341886080802e-14,K,0.0001,true
cf_vt_gurobi_original,3-33:34,model,R5,5,5.684341886080802e-14,K,0.0001,true
cf_vt_gurobi_original,3-39:40,model,R5,6,0.0,K,0.0001,true
cf_vt_gurobi_original,3-41,model,5,6,0.0,K,0.0001,true
cf_vt_gurobi_original,3-41,model,5,6,0.0,K,0.0001,true
cf_vt_gurobi_original,3-23-kappa,model,5,6,0.0,kPa,0.005199261864978687,true
cf_vt_gurobi_original,3-22,model,R5,6,0.0,normalized,1.0e-6,true
cf_vt_gurobi_original,3-26,model,R5,6,0.0,normalized,1.0e-6,true
cf_vt_gurobi_original,3-25,physics,R5,6,0.0,normalized,1.0e-6,true
cf_vt_gurobi_original,WMM-replay,physics,R5,6,5.684341886080802e-14,K,0.0001,true
cf_vt_gurobi_original,3-33:34,model,R5,6,5.684341886080802e-14,K,0.0001,true
cf_vt_gurobi_original,3-39:40,model,R5,7,0.0,K,0.0001,true
cf_vt_gurobi_original,3-41,model,5,7,0.0,K,0.0001,true
cf_vt_gurobi_original,3-41,model,5,7,0.0,K,0.0001,true
cf_vt_gurobi_original,3-23-kappa,model,5,7,0.0,kPa,0.005199261864978687,true
cf_vt_gurobi_original,3-22,model,R5,7,0.0,normalized,1.0e-6,true
cf_vt_gurobi_original,3-26,model,R5,7,0.0,normalized,1.0e-6,true
cf_vt_gurobi_original,3-25,physics,R5,7,0.0,normalized,1.0e-6,true
cf_vt_gurobi_original,WMM-replay,physics,R5,7,5.684341886080802e-14,K,0.0001,true
cf_vt_gurobi_original,3-33:34,model,R5,7,5.684341886080802e-14,K,0.0001,true
cf_vt_gurobi_original,3-39:40,model,R5,8,0.0,K,0.0001,true
cf_vt_gurobi_original,3-41,model,5,8,0.0,K,0.0001,true
cf_vt_gurobi_original,3-41,model,5,8,0.0,K,0.0001,true
cf_vt_gurobi_original,3-23-kappa,model,5,8,0.0,kPa,0.005199261864978687,true
cf_vt_gurobi_original,3-22,model,R5,8,0.0,normalized,1.0e-6,true
cf_vt_gurobi_original,3-26,model,R5,8,0.0,normalized,1.0e-6,true
cf_vt_gurobi_original,3-25,physics,R5,8,0.0,normalized,1.0e-6,true
cf_vt_gurobi_original,WMM-replay,physics,R5,8,0.0,K,0.0001,true
cf_vt_gurobi_original,3-33:34,model,R5,8,0.0,K,0.0001,true
cf_vt_gurobi_original,3-39:40,model,R5,9,0.0,K,0.0001,true
cf_vt_gurobi_original,3-41,model,5,9,0.0,K,0.0001,true
cf_vt_gurobi_original,3-41,model,5,9,0.0,K,0.0001,true
cf_vt_gurobi_original,3-23-kappa,model,5,9,0.0,kPa,0.005199261864978687,true
cf_vt_gurobi_original,3-22,model,R5,9,0.0,normalized,1.0e-6,true
cf_vt_gurobi_original,3-26,model,R5,9,0.0,normalized,1.0e-6,true
cf_vt_gurobi_original,3-25,physics,R5,9,0.0,normalized,1.0e-6,true
cf_vt_gurobi_original,WMM-replay,physics,R5,9,5.684341886080802e-14,K,0.0001,true
cf_vt_gurobi_original,3-33:34,model,R5,9,5.684341886080802e-14,K,0.0001,true
cf_vt_gurobi_original,3-39:40,model,R5,10,0.0,K,0.0001,true
cf_vt_gurobi_original,3-41,model,5,10,0.0,K,0.0001,true
cf_vt_gurobi_original,3-41,model,5,10,0.0,K,0.0001,true
cf_vt_gurobi_original,3-23-kappa,model,5,10,0.0,kPa,0.005199261864978687,true
cf_vt_gurobi_original,3-22,model,R5,10,0.0,normalized,1.0e-6,true
cf_vt_gurobi_original,3-26,model,R5,10,0.0,normalized,1.0e-6,true
cf_vt_gurobi_original,3-25,physics,R5,10,0.0,normalized,1.0e-6,true
cf_vt_gurobi_original,WMM-replay,physics,R5,10,5.684341886080802e-14,K,0.0001,true
cf_vt_gurobi_original,3-33:34,model,R5,10,5.684341886080802e-14,K,0.0001,true
cf_vt_gurobi_original,3-39:40,model,R5,11,0.0,K,0.0001,true
cf_vt_gurobi_original,3-41,model,5,11,0.0,K,0.0001,true
cf_vt_gurobi_original,3-41,model,5,11,0.0,K,0.0001,true
cf_vt_gurobi_original,3-23-kappa,model,5,11,0.0,kPa,0.005199261864978687,true
cf_vt_gurobi_original,3-22,model,R5,11,0.0,normalized,1.0e-6,true
cf_vt_gurobi_original,3-26,model,R5,11,0.0,normalized,1.0e-6,true
cf_vt_gurobi_original,3-25,physics,R5,11,0.0,normalized,1.0e-6,true
cf_vt_gurobi_original,WMM-replay,physics,R5,11,5.684341886080802e-14,K,0.0001,true
cf_vt_gurobi_original,3-33:34,model,R5,11,5.684341886080802e-14,K,0.0001,true
cf_vt_gurobi_original,3-39:40,model,R5,12,0.0,K,0.0001,true
cf_vt_gurobi_original,3-41,model,5,12,0.0,K,0.0001,true
cf_vt_gurobi_original,3-41,model,5,12,0.0,K,0.0001,true
cf_vt_gurobi_original,3-23-kappa,model,5,12,0.0,kPa,0.005199261864978687,true
cf_vt_gurobi_original,3-22,model,R5,12,0.0,normalized,1.0e-6,true
cf_vt_gurobi_original,3-26,model,R5,12,0.0,normalized,1.0e-6,true
cf_vt_gurobi_original,3-25,physics,R5,12,0.0,normalized,1.0e-6,true
cf_vt_gurobi_original,WMM-replay,physics,R5,12,5.684341886080802e-14,K,0.0001,true
cf_vt_gurobi_original,3-33:34,model,R5,12,5.684341886080802e-14,K,0.0001,true
cf_vt_gurobi_original,3-39:40,model,R5,13,0.0,K,0.0001,true
cf_vt_gurobi_original,3-41,model,5,13,0.0,K,0.0001,true
cf_vt_gurobi_original,3-41,model,5,13,0.0,K,0.0001,true
cf_vt_gurobi_original,3-23-kappa,model,5,13,0.0,kPa,0.005199261864978687,true
cf_vt_gurobi_original,3-22,model,R5,13,0.0,normalized,1.0e-6,true
cf_vt_gurobi_original,3-26,model,R5,13,0.0,normalized,1.0e-6,true
cf_vt_gurobi_original,3-25,physics,R5,13,0.0,normalized,1.0e-6,true
cf_vt_gurobi_original,WMM-replay,physics,R5,13,5.684341886080802e-14,K,0.0001,true
cf_vt_gurobi_original,3-33:34,model,R5,13,5.684341886080802e-14,K,0.0001,true
cf_vt_gurobi_original,3-39:40,model,R5,14,0.0,K,0.0001,true
cf_vt_gurobi_original,3-41,model,5,14,0.0,K,0.0001,true
cf_vt_gurobi_original,3-41,model,5,14,0.0,K,0.0001,true
cf_vt_gurobi_original,3-23-kappa,model,5,14,0.0,kPa,0.005199261864978687,true
cf_vt_gurobi_original,3-22,model,R5,14,0.0,normalized,1.0e-6,true
cf_vt_gurobi_original,3-26,model,R5,14,0.0,normalized,1.0e-6,true
cf_vt_gurobi_original,3-25,physics,R5,14,0.0,normalized,1.0e-6,true
cf_vt_gurobi_original,WMM-replay,physics,R5,14,5.684341886080802e-14,K,0.0001,true
cf_vt_gurobi_original,3-33:34,model,R5,14,5.684341886080802e-14,K,0.0001,true
cf_vt_gurobi_original,3-39:40,model,R5,15,0.0,K,0.0001,true
cf_vt_gurobi_original,3-41,model,5,15,0.0,K,0.0001,true
cf_vt_gurobi_original,3-41,model,5,15,0.0,K,0.0001,true
cf_vt_gurobi_original,3-23-kappa,model,5,15,0.0,kPa,0.005199261864978687,true
cf_vt_gurobi_original,3-22,model,R5,15,0.0,normalized,1.0e-6,true
cf_vt_gurobi_original,3-26,model,R5,15,0.0,normalized,1.0e-6,true
cf_vt_gurobi_original,3-25,physics,R5,15,0.0,normalized,1.0e-6,true
cf_vt_gurobi_original,WMM-replay,physics,R5,15,5.684341886080802e-14,K,0.0001,true
cf_vt_gurobi_original,3-33:34,model,R5,15,5.684341886080802e-14,K,0.0001,true
cf_vt_gurobi_original,3-39:40,model,R5,16,0.0,K,0.0001,true
cf_vt_gurobi_original,3-41,model,5,16,0.0,K,0.0001,true
cf_vt_gurobi_original,3-41,model,5,16,0.0,K,0.0001,true
cf_vt_gurobi_original,3-23-kappa,model,5,16,0.0,kPa,0.005199261864978687,true
cf_vt_gurobi_original,3-22,model,R5,16,0.0,normalized,1.0e-6,true
cf_vt_gurobi_original,3-26,model,R5,16,0.0,normalized,1.0e-6,true
cf_vt_gurobi_original,3-25,physics,R5,16,0.0,normalized,1.0e-6,true
cf_vt_gurobi_original,WMM-replay,physics,R5,16,5.684341886080802e-14,K,0.0001,true
cf_vt_gurobi_original,3-33:34,model,R5,16,5.684341886080802e-14,K,0.0001,true
cf_vt_gurobi_original,3-39:40,model,R5,17,0.0,K,0.0001,true
cf_vt_gurobi_original,3-41,model,5,17,0.0,K,0.0001,true
cf_vt_gurobi_original,3-41,model,5,17,0.0,K,0.0001,true
cf_vt_gurobi_original,3-23-kappa,model,5,17,0.0,kPa,0.005199261864978687,true
cf_vt_gurobi_original,3-22,model,R5,17,0.0,normalized,1.0e-6,true
cf_vt_gurobi_original,3-26,model,R5,17,0.0,normalized,1.0e-6,true
cf_vt_gurobi_original,3-25,physics,R5,17,0.0,normalized,1.0e-6,true
cf_vt_gurobi_original,WMM-replay,physics,R5,17,5.684341886080802e-14,K,0.0001,true
cf_vt_gurobi_original,3-33:34,model,R5,17,5.684341886080802e-14,K,0.0001,true
cf_vt_gurobi_original,3-39:40,model,R5,18,0.0,K,0.0001,true
cf_vt_gurobi_original,3-41,model,5,18,0.0,K,0.0001,true
cf_vt_gurobi_original,3-41,model,5,18,0.0,K,0.0001,true
cf_vt_gurobi_original,3-23-kappa,model,5,18,0.0,kPa,0.005199261864978687,true
cf_vt_gurobi_original,3-22,model,R5,18,0.0,normalized,1.0e-6,true
cf_vt_gurobi_original,3-26,model,R5,18,0.0,normalized,1.0e-6,true
cf_vt_gurobi_original,3-25,physics,R5,18,0.0,normalized,1.0e-6,true
cf_vt_gurobi_original,WMM-replay,physics,R5,18,1.1368683772161603e-13,K,0.0001,true
cf_vt_gurobi_original,3-33:34,model,R5,18,1.1368683772161603e-13,K,0.0001,true
cf_vt_gurobi_original,3-39:40,model,R5,19,0.0,K,0.0001,true
cf_vt_gurobi_original,3-41,model,5,19,0.0,K,0.0001,true
cf_vt_gurobi_original,3-41,model,5,19,0.0,K,0.0001,true
cf_vt_gurobi_original,3-23-kappa,model,5,19,0.0,kPa,0.005199261864978687,true
cf_vt_gurobi_original,3-22,model,R5,19,0.0,normalized,1.0e-6,true
cf_vt_gurobi_original,3-26,model,R5,19,0.0,normalized,1.0e-6,true
cf_vt_gurobi_original,3-25,physics,R5,19,0.0,normalized,1.0e-6,true
cf_vt_gurobi_original,WMM-replay,physics,R5,19,5.684341886080802e-14,K,0.0001,true
cf_vt_gurobi_original,3-33:34,model,R5,19,5.684341886080802e-14,K,0.0001,true
cf_vt_gurobi_original,3-39:40,model,R5,20,0.0,K,0.0001,true
cf_vt_gurobi_original,3-41,model,5,20,0.0,K,0.0001,true
cf_vt_gurobi_original,3-41,model,5,20,0.0,K,0.0001,true
cf_vt_gurobi_original,3-23-kappa,model,5,20,0.0,kPa,0.005199261864978687,true
cf_vt_gurobi_original,3-22,model,R5,20,0.0,normalized,1.0e-6,true
cf_vt_gurobi_original,3-26,model,R5,20,0.0,normalized,1.0e-6,true
cf_vt_gurobi_original,3-25,physics,R5,20,0.0,normalized,1.0e-6,true
cf_vt_gurobi_original,WMM-replay,physics,R5,20,5.684341886080802e-14,K,0.0001,true
cf_vt_gurobi_original,3-33:34,model,R5,20,5.684341886080802e-14,K,0.0001,true
cf_vt_gurobi_original,3-39:40,model,R5,21,0.0,K,0.0001,true
cf_vt_gurobi_original,3-41,model,5,21,0.0,K,0.0001,true
cf_vt_gurobi_original,3-41,model,5,21,0.0,K,0.0001,true
cf_vt_gurobi_original,3-23-kappa,model,5,21,0.0,kPa,0.005199261864978687,true
cf_vt_gurobi_original,3-22,model,R5,21,0.0,normalized,1.0e-6,true
cf_vt_gurobi_original,3-26,model,R5,21,0.0,normalized,1.0e-6,true
cf_vt_gurobi_original,3-25,physics,R5,21,0.0,normalized,1.0e-6,true
cf_vt_gurobi_original,WMM-replay,physics,R5,21,5.684341886080802e-14,K,0.0001,true
cf_vt_gurobi_original,3-33:34,model,R5,21,5.684341886080802e-14,K,0.0001,true
cf_vt_gurobi_original,3-39:40,model,R5,22,0.0,K,0.0001,true
cf_vt_gurobi_original,3-41,model,5,22,0.0,K,0.0001,true
cf_vt_gurobi_original,3-41,model,5,22,0.0,K,0.0001,true
cf_vt_gurobi_original,3-23-kappa,model,5,22,0.0,kPa,0.005199261864978687,true
cf_vt_gurobi_original,3-22,model,R5,22,0.0,normalized,1.0e-6,true
cf_vt_gurobi_original,3-26,model,R5,22,0.0,normalized,1.0e-6,true
cf_vt_gurobi_original,3-25,physics,R5,22,0.0,normalized,1.0e-6,true
cf_vt_gurobi_original,WMM-replay,physics,R5,22,0.0,K,0.0001,true
cf_vt_gurobi_original,3-33:34,model,R5,22,0.0,K,0.0001,true
cf_vt_gurobi_original,3-39:40,model,R5,23,0.0,K,0.0001,true
cf_vt_gurobi_original,3-41,model,5,23,0.0,K,0.0001,true
cf_vt_gurobi_original,3-41,model,5,23,0.0,K,0.0001,true
cf_vt_gurobi_original,3-23-kappa,model,5,23,0.0,kPa,0.005199261864978687,true
cf_vt_gurobi_original,3-22,model,R5,23,0.0,normalized,1.0e-6,true
cf_vt_gurobi_original,3-26,model,R5,23,0.0,normalized,1.0e-6,true
cf_vt_gurobi_original,3-25,physics,R5,23,0.0,normalized,1.0e-6,true
cf_vt_gurobi_original,WMM-replay,physics,R5,23,1.1368683772161603e-13,K,0.0001,true
cf_vt_gurobi_original,3-33:34,model,R5,23,1.1368683772161603e-13,K,0.0001,true
cf_vt_gurobi_original,3-39:40,model,R5,24,0.0,K,0.0001,true
cf_vt_gurobi_original,3-41,model,5,24,0.0,K,0.0001,true
cf_vt_gurobi_original,3-41,model,5,24,0.0,K,0.0001,true
cf_vt_gurobi_original,3-23-kappa,model,5,24,0.0,kPa,0.005199261864978687,true
cf_vt_gurobi_original,3-22,model,R5,24,0.0,normalized,1.0e-6,true
cf_vt_gurobi_original,3-26,model,R5,24,0.0,normalized,1.0e-6,true
cf_vt_gurobi_original,3-25,physics,R5,24,0.0,normalized,1.0e-6,true
cf_vt_gurobi_original,WMM-replay,physics,R5,24,1.1368683772161603e-13,K,0.0001,true
cf_vt_gurobi_original,3-33:34,model,R5,24,1.1368683772161603e-13,K,0.0001,true
cf_vt_gurobi_original,3-23,model,6,1,0.0,kg/s,2.947222222222222e-5,true
cf_vt_gurobi_original,R2-fixed-flow,model,6,1,0.0,kg/s,2.947222222222222e-5,true
cf_vt_gurobi_original,3-27,model,6,1,0.0,kg/s,2.947222222222222e-5,true
cf_vt_gurobi_original,3-30,model,6,1,0.0,kg/s,2.947222222222222e-5,true
cf_vt_gurobi_original,3-32,model,6,1,0.0,1,1.0e-6,true
cf_vt_gurobi_original,3-28,model,6,1,0.0,1,1.0e-6,true
cf_vt_gurobi_original,3-29:32,model,6,1,0.0,1,1.0e-6,true
cf_vt_gurobi_original,3-31,model,6,1,0.0,1,1.0e-6,true
cf_vt_gurobi_original,3-29:32,model,6,1,0.0,1,1.0e-6,true
cf_vt_gurobi_original,3-23,model,6,2,0.0,kg/s,2.947222222222222e-5,true
cf_vt_gurobi_original,R2-fixed-flow,model,6,2,0.0,kg/s,2.947222222222222e-5,true
cf_vt_gurobi_original,3-27,model,6,2,0.0,kg/s,2.947222222222222e-5,true
cf_vt_gurobi_original,3-30,model,6,2,0.0,kg/s,2.947222222222222e-5,true
cf_vt_gurobi_original,3-32,model,6,2,0.0,1,1.0e-6,true
cf_vt_gurobi_original,3-28,model,6,2,0.0,1,1.0e-6,true
cf_vt_gurobi_original,3-29:32,model,6,2,0.0,1,1.0e-6,true
cf_vt_gurobi_original,3-31,model,6,2,0.0,1,1.0e-6,true
cf_vt_gurobi_original,3-29:32,model,6,2,0.0,1,1.0e-6,true
cf_vt_gurobi_original,3-23,model,6,3,0.0,kg/s,2.947222222222222e-5,true
cf_vt_gurobi_original,R2-fixed-flow,model,6,3,0.0,kg/s,2.947222222222222e-5,true
cf_vt_gurobi_original,3-27,model,6,3,0.0,kg/s,2.947222222222222e-5,true
cf_vt_gurobi_original,3-30,model,6,3,0.0,kg/s,2.947222222222222e-5,true
cf_vt_gurobi_original,3-32,model,6,3,0.0,1,1.0e-6,true
cf_vt_gurobi_original,3-28,model,6,3,0.0,1,1.0e-6,true
cf_vt_gurobi_original,3-29:32,model,6,3,0.0,1,1.0e-6,true
cf_vt_gurobi_original,3-31,model,6,3,0.0,1,1.0e-6,true
cf_vt_gurobi_original,3-29:32,model,6,3,0.0,1,1.0e-6,true
cf_vt_gurobi_original,3-23,model,6,4,0.0,kg/s,2.947222222222222e-5,true
cf_vt_gurobi_original,R2-fixed-flow,model,6,4,0.0,kg/s,2.947222222222222e-5,true
cf_vt_gurobi_original,3-27,model,6,4,0.0,kg/s,2.947222222222222e-5,true
cf_vt_gurobi_original,3-30,model,6,4,0.0,kg/s,2.947222222222222e-5,true
cf_vt_gurobi_original,3-32,model,6,4,0.0,1,1.0e-6,true
cf_vt_gurobi_original,3-28,model,6,4,0.0,1,1.0e-6,true
cf_vt_gurobi_original,3-29:32,model,6,4,0.0,1,1.0e-6,true
cf_vt_gurobi_original,3-31,model,6,4,0.0,1,1.0e-6,true
cf_vt_gurobi_original,3-29:32,model,6,4,0.0,1,1.0e-6,true
cf_vt_gurobi_original,3-23,model,6,5,0.0,kg/s,2.947222222222222e-5,true
cf_vt_gurobi_original,R2-fixed-flow,model,6,5,0.0,kg/s,2.947222222222222e-5,true
cf_vt_gurobi_original,3-27,model,6,5,0.0,kg/s,2.947222222222222e-5,true
cf_vt_gurobi_original,3-30,model,6,5,0.0,kg/s,2.947222222222222e-5,true
cf_vt_gurobi_original,3-32,model,6,5,0.0,1,1.0e-6,true
cf_vt_gurobi_original,3-28,model,6,5,0.0,1,1.0e-6,true
cf_vt_gurobi_original,3-29:32,model,6,5,0.0,1,1.0e-6,true
cf_vt_gurobi_original,3-31,model,6,5,0.0,1,1.0e-6,true
cf_vt_gurobi_original,3-29:32,model,6,5,0.0,1,1.0e-6,true
cf_vt_gurobi_original,3-23,model,6,6,0.0,kg/s,2.947222222222222e-5,true
cf_vt_gurobi_original,R2-fixed-flow,model,6,6,0.0,kg/s,2.947222222222222e-5,true
cf_vt_gurobi_original,3-27,model,6,6,0.0,kg/s,2.947222222222222e-5,true
cf_vt_gurobi_original,3-30,model,6,6,0.0,kg/s,2.947222222222222e-5,true
cf_vt_gurobi_original,3-32,model,6,6,0.0,1,1.0e-6,true
cf_vt_gurobi_original,3-28,model,6,6,0.0,1,1.0e-6,true
cf_vt_gurobi_original,3-29:32,model,6,6,0.0,1,1.0e-6,true
cf_vt_gurobi_original,3-31,model,6,6,0.0,1,1.0e-6,true
cf_vt_gurobi_original,3-29:32,model,6,6,0.0,1,1.0e-6,true
cf_vt_gurobi_original,3-23,model,6,7,0.0,kg/s,2.947222222222222e-5,true
cf_vt_gurobi_original,R2-fixed-flow,model,6,7,0.0,kg/s,2.947222222222222e-5,true
cf_vt_gurobi_original,3-27,model,6,7,0.0,kg/s,2.947222222222222e-5,true
cf_vt_gurobi_original,3-30,model,6,7,0.0,kg/s,2.947222222222222e-5,true
cf_vt_gurobi_original,3-32,model,6,7,0.0,1,1.0e-6,true
cf_vt_gurobi_original,3-28,model,6,7,0.0,1,1.0e-6,true
cf_vt_gurobi_original,3-29:32,model,6,7,0.0,1,1.0e-6,true
cf_vt_gurobi_original,3-31,model,6,7,0.0,1,1.0e-6,true
cf_vt_gurobi_original,3-29:32,model,6,7,0.0,1,1.0e-6,true
cf_vt_gurobi_original,3-23,model,6,8,0.0,kg/s,2.947222222222222e-5,true
cf_vt_gurobi_original,R2-fixed-flow,model,6,8,0.0,kg/s,2.947222222222222e-5,true
cf_vt_gurobi_original,3-27,model,6,8,0.0,kg/s,2.947222222222222e-5,true
cf_vt_gurobi_original,3-30,model,6,8,0.0,kg/s,2.947222222222222e-5,true
cf_vt_gurobi_original,3-32,model,6,8,0.0,1,1.0e-6,true
cf_vt_gurobi_original,3-28,model,6,8,0.0,1,1.0e-6,true
cf_vt_gurobi_original,3-29:32,model,6,8,0.0,1,1.0e-6,true
cf_vt_gurobi_original,3-31,model,6,8,0.0,1,1.0e-6,true
cf_vt_gurobi_original,3-29:32,model,6,8,0.0,1,1.0e-6,true
cf_vt_gurobi_original,3-23,model,6,9,0.0,kg/s,2.947222222222222e-5,true
cf_vt_gurobi_original,R2-fixed-flow,model,6,9,0.0,kg/s,2.947222222222222e-5,true
cf_vt_gurobi_original,3-27,model,6,9,0.0,kg/s,2.947222222222222e-5,true
cf_vt_gurobi_original,3-30,model,6,9,0.0,kg/s,2.947222222222222e-5,true
cf_vt_gurobi_original,3-32,model,6,9,0.0,1,1.0e-6,true
cf_vt_gurobi_original,3-28,model,6,9,0.0,1,1.0e-6,true
cf_vt_gurobi_original,3-29:32,model,6,9,0.0,1,1.0e-6,true
cf_vt_gurobi_original,3-31,model,6,9,0.0,1,1.0e-6,true
cf_vt_gurobi_original,3-29:32,model,6,9,0.0,1,1.0e-6,true
cf_vt_gurobi_original,3-23,model,6,10,0.0,kg/s,2.947222222222222e-5,true
cf_vt_gurobi_original,R2-fixed-flow,model,6,10,0.0,kg/s,2.947222222222222e-5,true
cf_vt_gurobi_original,3-27,model,6,10,0.0,kg/s,2.947222222222222e-5,true
cf_vt_gurobi_original,3-30,model,6,10,0.0,kg/s,2.947222222222222e-5,true
cf_vt_gurobi_original,3-32,model,6,10,0.0,1,1.0e-6,true
cf_vt_gurobi_original,3-28,model,6,10,0.0,1,1.0e-6,true
cf_vt_gurobi_original,3-29:32,model,6,10,0.0,1,1.0e-6,true
cf_vt_gurobi_original,3-31,model,6,10,0.0,1,1.0e-6,true
cf_vt_gurobi_original,3-29:32,model,6,10,0.0,1,1.0e-6,true
cf_vt_gurobi_original,3-23,model,6,11,0.0,kg/s,2.947222222222222e-5,true
cf_vt_gurobi_original,R2-fixed-flow,model,6,11,0.0,kg/s,2.947222222222222e-5,true
cf_vt_gurobi_original,3-27,model,6,11,0.0,kg/s,2.947222222222222e-5,true
cf_vt_gurobi_original,3-30,model,6,11,0.0,kg/s,2.947222222222222e-5,true
cf_vt_gurobi_original,3-32,model,6,11,0.0,1,1.0e-6,true
cf_vt_gurobi_original,3-28,model,6,11,0.0,1,1.0e-6,true
cf_vt_gurobi_original,3-29:32,model,6,11,0.0,1,1.0e-6,true
cf_vt_gurobi_original,3-31,model,6,11,0.0,1,1.0e-6,true
cf_vt_gurobi_original,3-29:32,model,6,11,0.0,1,1.0e-6,true
cf_vt_gurobi_original,3-23,model,6,12,0.0,kg/s,2.947222222222222e-5,true
cf_vt_gurobi_original,R2-fixed-flow,model,6,12,0.0,kg/s,2.947222222222222e-5,true
cf_vt_gurobi_original,3-27,model,6,12,0.0,kg/s,2.947222222222222e-5,true
cf_vt_gurobi_original,3-30,model,6,12,0.0,kg/s,2.947222222222222e-5,true
cf_vt_gurobi_original,3-32,model,6,12,0.0,1,1.0e-6,true
cf_vt_gurobi_original,3-28,model,6,12,0.0,1,1.0e-6,true
cf_vt_gurobi_original,3-29:32,model,6,12,0.0,1,1.0e-6,true
cf_vt_gurobi_original,3-31,model,6,12,0.0,1,1.0e-6,true
cf_vt_gurobi_original,3-29:32,model,6,12,0.0,1,1.0e-6,true
cf_vt_gurobi_original,3-23,model,6,13,0.0,kg/s,2.947222222222222e-5,true
cf_vt_gurobi_original,R2-fixed-flow,model,6,13,0.0,kg/s,2.947222222222222e-5,true
cf_vt_gurobi_original,3-27,model,6,13,0.0,kg/s,2.947222222222222e-5,true
cf_vt_gurobi_original,3-30,model,6,13,0.0,kg/s,2.947222222222222e-5,true
cf_vt_gurobi_original,3-32,model,6,13,0.0,1,1.0e-6,true
cf_vt_gurobi_original,3-28,model,6,13,0.0,1,1.0e-6,true
cf_vt_gurobi_original,3-29:32,model,6,13,0.0,1,1.0e-6,true
cf_vt_gurobi_original,3-31,model,6,13,0.0,1,1.0e-6,true
cf_vt_gurobi_original,3-29:32,model,6,13,0.0,1,1.0e-6,true
cf_vt_gurobi_original,3-23,model,6,14,0.0,kg/s,2.947222222222222e-5,true
cf_vt_gurobi_original,R2-fixed-flow,model,6,14,0.0,kg/s,2.947222222222222e-5,true
cf_vt_gurobi_original,3-27,model,6,14,0.0,kg/s,2.947222222222222e-5,true
cf_vt_gurobi_original,3-30,model,6,14,0.0,kg/s,2.947222222222222e-5,true
cf_vt_gurobi_original,3-32,model,6,14,0.0,1,1.0e-6,true
cf_vt_gurobi_original,3-28,model,6,14,0.0,1,1.0e-6,true
cf_vt_gurobi_original,3-29:32,model,6,14,0.0,1,1.0e-6,true
cf_vt_gurobi_original,3-31,model,6,14,0.0,1,1.0e-6,true
cf_vt_gurobi_original,3-29:32,model,6,14,0.0,1,1.0e-6,true
cf_vt_gurobi_original,3-23,model,6,15,0.0,kg/s,2.947222222222222e-5,true
cf_vt_gurobi_original,R2-fixed-flow,model,6,15,0.0,kg/s,2.947222222222222e-5,true
cf_vt_gurobi_original,3-27,model,6,15,0.0,kg/s,2.947222222222222e-5,true
cf_vt_gurobi_original,3-30,model,6,15,0.0,kg/s,2.947222222222222e-5,true
cf_vt_gurobi_original,3-32,model,6,15,0.0,1,1.0e-6,true
cf_vt_gurobi_original,3-28,model,6,15,0.0,1,1.0e-6,true
cf_vt_gurobi_original,3-29:32,model,6,15,0.0,1,1.0e-6,true
cf_vt_gurobi_original,3-31,model,6,15,0.0,1,1.0e-6,true
cf_vt_gurobi_original,3-29:32,model,6,15,0.0,1,1.0e-6,true
cf_vt_gurobi_original,3-23,model,6,16,0.0,kg/s,2.947222222222222e-5,true
cf_vt_gurobi_original,R2-fixed-flow,model,6,16,0.0,kg/s,2.947222222222222e-5,true
cf_vt_gurobi_original,3-27,model,6,16,0.0,kg/s,2.947222222222222e-5,true
cf_vt_gurobi_original,3-30,model,6,16,0.0,kg/s,2.947222222222222e-5,true
cf_vt_gurobi_original,3-32,model,6,16,0.0,1,1.0e-6,true
cf_vt_gurobi_original,3-28,model,6,16,0.0,1,1.0e-6,true
cf_vt_gurobi_original,3-29:32,model,6,16,0.0,1,1.0e-6,true
cf_vt_gurobi_original,3-31,model,6,16,0.0,1,1.0e-6,true
cf_vt_gurobi_original,3-29:32,model,6,16,0.0,1,1.0e-6,true
cf_vt_gurobi_original,3-23,model,6,17,0.0,kg/s,2.947222222222222e-5,true
cf_vt_gurobi_original,R2-fixed-flow,model,6,17,0.0,kg/s,2.947222222222222e-5,true
cf_vt_gurobi_original,3-27,model,6,17,0.0,kg/s,2.947222222222222e-5,true
cf_vt_gurobi_original,3-30,model,6,17,0.0,kg/s,2.947222222222222e-5,true
cf_vt_gurobi_original,3-32,model,6,17,0.0,1,1.0e-6,true
cf_vt_gurobi_original,3-28,model,6,17,0.0,1,1.0e-6,true
cf_vt_gurobi_original,3-29:32,model,6,17,0.0,1,1.0e-6,true
cf_vt_gurobi_original,3-31,model,6,17,0.0,1,1.0e-6,true
cf_vt_gurobi_original,3-29:32,model,6,17,0.0,1,1.0e-6,true
cf_vt_gurobi_original,3-23,model,6,18,0.0,kg/s,2.947222222222222e-5,true
cf_vt_gurobi_original,R2-fixed-flow,model,6,18,0.0,kg/s,2.947222222222222e-5,true
cf_vt_gurobi_original,3-27,model,6,18,0.0,kg/s,2.947222222222222e-5,true
cf_vt_gurobi_original,3-30,model,6,18,0.0,kg/s,2.947222222222222e-5,true
cf_vt_gurobi_original,3-32,model,6,18,0.0,1,1.0e-6,true
cf_vt_gurobi_original,3-28,model,6,18,0.0,1,1.0e-6,true
cf_vt_gurobi_original,3-29:32,model,6,18,0.0,1,1.0e-6,true
cf_vt_gurobi_original,3-31,model,6,18,0.0,1,1.0e-6,true
cf_vt_gurobi_original,3-29:32,model,6,18,0.0,1,1.0e-6,true
cf_vt_gurobi_original,3-23,model,6,19,0.0,kg/s,2.947222222222222e-5,true
cf_vt_gurobi_original,R2-fixed-flow,model,6,19,0.0,kg/s,2.947222222222222e-5,true
cf_vt_gurobi_original,3-27,model,6,19,0.0,kg/s,2.947222222222222e-5,true
cf_vt_gurobi_original,3-30,model,6,19,0.0,kg/s,2.947222222222222e-5,true
cf_vt_gurobi_original,3-32,model,6,19,0.0,1,1.0e-6,true
cf_vt_gurobi_original,3-28,model,6,19,0.0,1,1.0e-6,true
cf_vt_gurobi_original,3-29:32,model,6,19,0.0,1,1.0e-6,true
cf_vt_gurobi_original,3-31,model,6,19,0.0,1,1.0e-6,true
cf_vt_gurobi_original,3-29:32,model,6,19,0.0,1,1.0e-6,true
cf_vt_gurobi_original,3-23,model,6,20,0.0,kg/s,2.947222222222222e-5,true
cf_vt_gurobi_original,R2-fixed-flow,model,6,20,0.0,kg/s,2.947222222222222e-5,true
cf_vt_gurobi_original,3-27,model,6,20,0.0,kg/s,2.947222222222222e-5,true
cf_vt_gurobi_original,3-30,model,6,20,0.0,kg/s,2.947222222222222e-5,true
cf_vt_gurobi_original,3-32,model,6,20,0.0,1,1.0e-6,true
cf_vt_gurobi_original,3-28,model,6,20,0.0,1,1.0e-6,true
cf_vt_gurobi_original,3-29:32,model,6,20,0.0,1,1.0e-6,true
cf_vt_gurobi_original,3-31,model,6,20,0.0,1,1.0e-6,true
cf_vt_gurobi_original,3-29:32,model,6,20,0.0,1,1.0e-6,true
cf_vt_gurobi_original,3-23,model,6,21,0.0,kg/s,2.947222222222222e-5,true
cf_vt_gurobi_original,R2-fixed-flow,model,6,21,0.0,kg/s,2.947222222222222e-5,true
cf_vt_gurobi_original,3-27,model,6,21,0.0,kg/s,2.947222222222222e-5,true
cf_vt_gurobi_original,3-30,model,6,21,0.0,kg/s,2.947222222222222e-5,true
cf_vt_gurobi_original,3-32,model,6,21,0.0,1,1.0e-6,true
cf_vt_gurobi_original,3-28,model,6,21,0.0,1,1.0e-6,true
cf_vt_gurobi_original,3-29:32,model,6,21,0.0,1,1.0e-6,true
cf_vt_gurobi_original,3-31,model,6,21,0.0,1,1.0e-6,true
cf_vt_gurobi_original,3-29:32,model,6,21,0.0,1,1.0e-6,true
cf_vt_gurobi_original,3-23,model,6,22,0.0,kg/s,2.947222222222222e-5,true
cf_vt_gurobi_original,R2-fixed-flow,model,6,22,0.0,kg/s,2.947222222222222e-5,true
cf_vt_gurobi_original,3-27,model,6,22,0.0,kg/s,2.947222222222222e-5,true
cf_vt_gurobi_original,3-30,model,6,22,0.0,kg/s,2.947222222222222e-5,true
cf_vt_gurobi_original,3-32,model,6,22,0.0,1,1.0e-6,true
cf_vt_gurobi_original,3-28,model,6,22,0.0,1,1.0e-6,true
cf_vt_gurobi_original,3-29:32,model,6,22,0.0,1,1.0e-6,true
cf_vt_gurobi_original,3-31,model,6,22,0.0,1,1.0e-6,true
cf_vt_gurobi_original,3-29:32,model,6,22,0.0,1,1.0e-6,true
cf_vt_gurobi_original,3-23,model,6,23,0.0,kg/s,2.947222222222222e-5,true
cf_vt_gurobi_original,R2-fixed-flow,model,6,23,0.0,kg/s,2.947222222222222e-5,true
cf_vt_gurobi_original,3-27,model,6,23,0.0,kg/s,2.947222222222222e-5,true
cf_vt_gurobi_original,3-30,model,6,23,0.0,kg/s,2.947222222222222e-5,true
cf_vt_gurobi_original,3-32,model,6,23,0.0,1,1.0e-6,true
cf_vt_gurobi_original,3-28,model,6,23,0.0,1,1.0e-6,true
cf_vt_gurobi_original,3-29:32,model,6,23,0.0,1,1.0e-6,true
cf_vt_gurobi_original,3-31,model,6,23,0.0,1,1.0e-6,true
cf_vt_gurobi_original,3-29:32,model,6,23,0.0,1,1.0e-6,true
cf_vt_gurobi_original,3-23,model,6,24,0.0,kg/s,2.947222222222222e-5,true
cf_vt_gurobi_original,R2-fixed-flow,model,6,24,0.0,kg/s,2.947222222222222e-5,true
cf_vt_gurobi_original,3-27,model,6,24,0.0,kg/s,2.947222222222222e-5,true
cf_vt_gurobi_original,3-30,model,6,24,0.0,kg/s,2.947222222222222e-5,true
cf_vt_gurobi_original,3-32,model,6,24,0.0,1,1.0e-6,true
cf_vt_gurobi_original,3-28,model,6,24,0.0,1,1.0e-6,true
cf_vt_gurobi_original,3-29:32,model,6,24,0.0,1,1.0e-6,true
cf_vt_gurobi_original,3-31,model,6,24,0.0,1,1.0e-6,true
cf_vt_gurobi_original,3-29:32,model,6,24,0.0,1,1.0e-6,true
cf_vt_gurobi_original,3-39:40,model,S6,1,0.0,K,0.0001,true
cf_vt_gurobi_original,3-41,model,6,1,0.0,K,0.0001,true
cf_vt_gurobi_original,3-41,model,6,1,0.0,K,0.0001,true
cf_vt_gurobi_original,3-23-kappa,model,6,1,0.0,kPa,0.005199261864978687,true
cf_vt_gurobi_original,3-22,model,S6,1,1.0932978629850379e-17,normalized,1.0e-6,true
cf_vt_gurobi_original,3-26,model,S6,1,0.0,normalized,1.0e-6,true
cf_vt_gurobi_original,3-25,physics,S6,1,0.0,normalized,1.0e-6,true
cf_vt_gurobi_original,WMM-replay,physics,S6,1,0.0,K,0.0001,true
cf_vt_gurobi_original,3-33:34,model,S6,1,0.0,K,0.0001,true
cf_vt_gurobi_original,3-39:40,model,S6,2,0.0,K,0.0001,true
cf_vt_gurobi_original,3-41,model,6,2,0.0,K,0.0001,true
cf_vt_gurobi_original,3-41,model,6,2,0.0,K,0.0001,true
cf_vt_gurobi_original,3-23-kappa,model,6,2,0.0,kPa,0.005199261864978687,true
cf_vt_gurobi_original,3-22,model,S6,2,1.0932978629850379e-17,normalized,1.0e-6,true
cf_vt_gurobi_original,3-26,model,S6,2,0.0,normalized,1.0e-6,true
cf_vt_gurobi_original,3-25,physics,S6,2,0.0,normalized,1.0e-6,true
cf_vt_gurobi_original,WMM-replay,physics,S6,2,0.0,K,0.0001,true
cf_vt_gurobi_original,3-33:34,model,S6,2,0.0,K,0.0001,true
cf_vt_gurobi_original,3-39:40,model,S6,3,0.0,K,0.0001,true
cf_vt_gurobi_original,3-41,model,6,3,0.0,K,0.0001,true
cf_vt_gurobi_original,3-41,model,6,3,0.0,K,0.0001,true
cf_vt_gurobi_original,3-23-kappa,model,6,3,0.0,kPa,0.005199261864978687,true
cf_vt_gurobi_original,3-22,model,S6,3,1.0932978629850379e-17,normalized,1.0e-6,true
cf_vt_gurobi_original,3-26,model,S6,3,0.0,normalized,1.0e-6,true
cf_vt_gurobi_original,3-25,physics,S6,3,0.0,normalized,1.0e-6,true
cf_vt_gurobi_original,WMM-replay,physics,S6,3,5.684341886080802e-14,K,0.0001,true
cf_vt_gurobi_original,3-33:34,model,S6,3,5.684341886080802e-14,K,0.0001,true
cf_vt_gurobi_original,3-39:40,model,S6,4,0.0,K,0.0001,true
cf_vt_gurobi_original,3-41,model,6,4,0.0,K,0.0001,true
cf_vt_gurobi_original,3-41,model,6,4,0.0,K,0.0001,true
cf_vt_gurobi_original,3-23-kappa,model,6,4,0.0,kPa,0.005199261864978687,true
cf_vt_gurobi_original,3-22,model,S6,4,1.0932978629850379e-17,normalized,1.0e-6,true
cf_vt_gurobi_original,3-26,model,S6,4,0.0,normalized,1.0e-6,true
cf_vt_gurobi_original,3-25,physics,S6,4,0.0,normalized,1.0e-6,true
cf_vt_gurobi_original,WMM-replay,physics,S6,4,1.1368683772161603e-13,K,0.0001,true
cf_vt_gurobi_original,3-33:34,model,S6,4,1.1368683772161603e-13,K,0.0001,true
cf_vt_gurobi_original,3-39:40,model,S6,5,0.0,K,0.0001,true
cf_vt_gurobi_original,3-41,model,6,5,0.0,K,0.0001,true
cf_vt_gurobi_original,3-41,model,6,5,0.0,K,0.0001,true
cf_vt_gurobi_original,3-23-kappa,model,6,5,0.0,kPa,0.005199261864978687,true
cf_vt_gurobi_original,3-22,model,S6,5,1.0932978629850379e-17,normalized,1.0e-6,true
cf_vt_gurobi_original,3-26,model,S6,5,0.0,normalized,1.0e-6,true
cf_vt_gurobi_original,3-25,physics,S6,5,0.0,normalized,1.0e-6,true
cf_vt_gurobi_original,WMM-replay,physics,S6,5,5.684341886080802e-14,K,0.0001,true
cf_vt_gurobi_original,3-33:34,model,S6,5,5.684341886080802e-14,K,0.0001,true
cf_vt_gurobi_original,3-39:40,model,S6,6,0.0,K,0.0001,true
cf_vt_gurobi_original,3-41,model,6,6,0.0,K,0.0001,true
cf_vt_gurobi_original,3-41,model,6,6,0.0,K,0.0001,true
cf_vt_gurobi_original,3-23-kappa,model,6,6,0.0,kPa,0.005199261864978687,true
cf_vt_gurobi_original,3-22,model,S6,6,1.0932978629850379e-17,normalized,1.0e-6,true
cf_vt_gurobi_original,3-26,model,S6,6,0.0,normalized,1.0e-6,true
cf_vt_gurobi_original,3-25,physics,S6,6,0.0,normalized,1.0e-6,true
cf_vt_gurobi_original,WMM-replay,physics,S6,6,0.0,K,0.0001,true
cf_vt_gurobi_original,3-33:34,model,S6,6,0.0,K,0.0001,true
cf_vt_gurobi_original,3-39:40,model,S6,7,0.0,K,0.0001,true
cf_vt_gurobi_original,3-41,model,6,7,0.0,K,0.0001,true
cf_vt_gurobi_original,3-41,model,6,7,0.0,K,0.0001,true
cf_vt_gurobi_original,3-23-kappa,model,6,7,0.0,kPa,0.005199261864978687,true
cf_vt_gurobi_original,3-22,model,S6,7,1.0932978629850379e-17,normalized,1.0e-6,true
cf_vt_gurobi_original,3-26,model,S6,7,0.0,normalized,1.0e-6,true
cf_vt_gurobi_original,3-25,physics,S6,7,0.0,normalized,1.0e-6,true
cf_vt_gurobi_original,WMM-replay,physics,S6,7,5.684341886080802e-14,K,0.0001,true
cf_vt_gurobi_original,3-33:34,model,S6,7,5.684341886080802e-14,K,0.0001,true
cf_vt_gurobi_original,3-39:40,model,S6,8,0.0,K,0.0001,true
cf_vt_gurobi_original,3-41,model,6,8,0.0,K,0.0001,true
cf_vt_gurobi_original,3-41,model,6,8,0.0,K,0.0001,true
cf_vt_gurobi_original,3-23-kappa,model,6,8,0.0,kPa,0.005199261864978687,true
cf_vt_gurobi_original,3-22,model,S6,8,1.0932978629850379e-17,normalized,1.0e-6,true
cf_vt_gurobi_original,3-26,model,S6,8,0.0,normalized,1.0e-6,true
cf_vt_gurobi_original,3-25,physics,S6,8,0.0,normalized,1.0e-6,true
cf_vt_gurobi_original,WMM-replay,physics,S6,8,0.0,K,0.0001,true
cf_vt_gurobi_original,3-33:34,model,S6,8,0.0,K,0.0001,true
cf_vt_gurobi_original,3-39:40,model,S6,9,0.0,K,0.0001,true
cf_vt_gurobi_original,3-41,model,6,9,0.0,K,0.0001,true
cf_vt_gurobi_original,3-41,model,6,9,0.0,K,0.0001,true
cf_vt_gurobi_original,3-23-kappa,model,6,9,0.0,kPa,0.005199261864978687,true
cf_vt_gurobi_original,3-22,model,S6,9,1.0932978629850379e-17,normalized,1.0e-6,true
cf_vt_gurobi_original,3-26,model,S6,9,0.0,normalized,1.0e-6,true
cf_vt_gurobi_original,3-25,physics,S6,9,0.0,normalized,1.0e-6,true
cf_vt_gurobi_original,WMM-replay,physics,S6,9,0.0,K,0.0001,true
cf_vt_gurobi_original,3-33:34,model,S6,9,0.0,K,0.0001,true
cf_vt_gurobi_original,3-39:40,model,S6,10,0.0,K,0.0001,true
cf_vt_gurobi_original,3-41,model,6,10,0.0,K,0.0001,true
cf_vt_gurobi_original,3-41,model,6,10,0.0,K,0.0001,true
cf_vt_gurobi_original,3-23-kappa,model,6,10,0.0,kPa,0.005199261864978687,true
cf_vt_gurobi_original,3-22,model,S6,10,1.0932978629850379e-17,normalized,1.0e-6,true
cf_vt_gurobi_original,3-26,model,S6,10,0.0,normalized,1.0e-6,true
cf_vt_gurobi_original,3-25,physics,S6,10,0.0,normalized,1.0e-6,true
cf_vt_gurobi_original,WMM-replay,physics,S6,10,0.0,K,0.0001,true
cf_vt_gurobi_original,3-33:34,model,S6,10,0.0,K,0.0001,true
cf_vt_gurobi_original,3-39:40,model,S6,11,0.0,K,0.0001,true
cf_vt_gurobi_original,3-41,model,6,11,0.0,K,0.0001,true
cf_vt_gurobi_original,3-41,model,6,11,0.0,K,0.0001,true
cf_vt_gurobi_original,3-23-kappa,model,6,11,0.0,kPa,0.005199261864978687,true
cf_vt_gurobi_original,3-22,model,S6,11,1.0932978629850379e-17,normalized,1.0e-6,true
cf_vt_gurobi_original,3-26,model,S6,11,0.0,normalized,1.0e-6,true
cf_vt_gurobi_original,3-25,physics,S6,11,0.0,normalized,1.0e-6,true
cf_vt_gurobi_original,WMM-replay,physics,S6,11,5.684341886080802e-14,K,0.0001,true
cf_vt_gurobi_original,3-33:34,model,S6,11,5.684341886080802e-14,K,0.0001,true
cf_vt_gurobi_original,3-39:40,model,S6,12,0.0,K,0.0001,true
cf_vt_gurobi_original,3-41,model,6,12,0.0,K,0.0001,true
cf_vt_gurobi_original,3-41,model,6,12,0.0,K,0.0001,true
cf_vt_gurobi_original,3-23-kappa,model,6,12,0.0,kPa,0.005199261864978687,true
cf_vt_gurobi_original,3-22,model,S6,12,1.0932978629850379e-17,normalized,1.0e-6,true
cf_vt_gurobi_original,3-26,model,S6,12,0.0,normalized,1.0e-6,true
cf_vt_gurobi_original,3-25,physics,S6,12,0.0,normalized,1.0e-6,true
cf_vt_gurobi_original,WMM-replay,physics,S6,12,5.684341886080802e-14,K,0.0001,true
cf_vt_gurobi_original,3-33:34,model,S6,12,5.684341886080802e-14,K,0.0001,true
cf_vt_gurobi_original,3-39:40,model,S6,13,0.0,K,0.0001,true
cf_vt_gurobi_original,3-41,model,6,13,0.0,K,0.0001,true
cf_vt_gurobi_original,3-41,model,6,13,0.0,K,0.0001,true
cf_vt_gurobi_original,3-23-kappa,model,6,13,0.0,kPa,0.005199261864978687,true
cf_vt_gurobi_original,3-22,model,S6,13,1.0932978629850379e-17,normalized,1.0e-6,true
cf_vt_gurobi_original,3-26,model,S6,13,0.0,normalized,1.0e-6,true
cf_vt_gurobi_original,3-25,physics,S6,13,0.0,normalized,1.0e-6,true
cf_vt_gurobi_original,WMM-replay,physics,S6,13,0.0,K,0.0001,true
cf_vt_gurobi_original,3-33:34,model,S6,13,0.0,K,0.0001,true
cf_vt_gurobi_original,3-39:40,model,S6,14,0.0,K,0.0001,true
cf_vt_gurobi_original,3-41,model,6,14,0.0,K,0.0001,true
cf_vt_gurobi_original,3-41,model,6,14,0.0,K,0.0001,true
cf_vt_gurobi_original,3-23-kappa,model,6,14,0.0,kPa,0.005199261864978687,true
cf_vt_gurobi_original,3-22,model,S6,14,1.0932978629850379e-17,normalized,1.0e-6,true
cf_vt_gurobi_original,3-26,model,S6,14,0.0,normalized,1.0e-6,true
cf_vt_gurobi_original,3-25,physics,S6,14,0.0,normalized,1.0e-6,true
cf_vt_gurobi_original,WMM-replay,physics,S6,14,0.0,K,0.0001,true
cf_vt_gurobi_original,3-33:34,model,S6,14,0.0,K,0.0001,true
cf_vt_gurobi_original,3-39:40,model,S6,15,0.0,K,0.0001,true
cf_vt_gurobi_original,3-41,model,6,15,0.0,K,0.0001,true
cf_vt_gurobi_original,3-41,model,6,15,0.0,K,0.0001,true
cf_vt_gurobi_original,3-23-kappa,model,6,15,0.0,kPa,0.005199261864978687,true
cf_vt_gurobi_original,3-22,model,S6,15,1.0932978629850379e-17,normalized,1.0e-6,true
cf_vt_gurobi_original,3-26,model,S6,15,0.0,normalized,1.0e-6,true
cf_vt_gurobi_original,3-25,physics,S6,15,0.0,normalized,1.0e-6,true
cf_vt_gurobi_original,WMM-replay,physics,S6,15,0.0,K,0.0001,true
cf_vt_gurobi_original,3-33:34,model,S6,15,0.0,K,0.0001,true
cf_vt_gurobi_original,3-39:40,model,S6,16,0.0,K,0.0001,true
cf_vt_gurobi_original,3-41,model,6,16,0.0,K,0.0001,true
cf_vt_gurobi_original,3-41,model,6,16,0.0,K,0.0001,true
cf_vt_gurobi_original,3-23-kappa,model,6,16,0.0,kPa,0.005199261864978687,true
cf_vt_gurobi_original,3-22,model,S6,16,1.0932978629850379e-17,normalized,1.0e-6,true
cf_vt_gurobi_original,3-26,model,S6,16,0.0,normalized,1.0e-6,true
cf_vt_gurobi_original,3-25,physics,S6,16,0.0,normalized,1.0e-6,true
cf_vt_gurobi_original,WMM-replay,physics,S6,16,0.0,K,0.0001,true
cf_vt_gurobi_original,3-33:34,model,S6,16,0.0,K,0.0001,true
cf_vt_gurobi_original,3-39:40,model,S6,17,0.0,K,0.0001,true
cf_vt_gurobi_original,3-41,model,6,17,0.0,K,0.0001,true
cf_vt_gurobi_original,3-41,model,6,17,0.0,K,0.0001,true
cf_vt_gurobi_original,3-23-kappa,model,6,17,0.0,kPa,0.005199261864978687,true
cf_vt_gurobi_original,3-22,model,S6,17,1.0932978629850379e-17,normalized,1.0e-6,true
cf_vt_gurobi_original,3-26,model,S6,17,0.0,normalized,1.0e-6,true
cf_vt_gurobi_original,3-25,physics,S6,17,0.0,normalized,1.0e-6,true
cf_vt_gurobi_original,WMM-replay,physics,S6,17,0.0,K,0.0001,true
cf_vt_gurobi_original,3-33:34,model,S6,17,0.0,K,0.0001,true
cf_vt_gurobi_original,3-39:40,model,S6,18,0.0,K,0.0001,true
cf_vt_gurobi_original,3-41,model,6,18,0.0,K,0.0001,true
cf_vt_gurobi_original,3-41,model,6,18,0.0,K,0.0001,true
cf_vt_gurobi_original,3-23-kappa,model,6,18,0.0,kPa,0.005199261864978687,true
cf_vt_gurobi_original,3-22,model,S6,18,1.0932978629850379e-17,normalized,1.0e-6,true
cf_vt_gurobi_original,3-26,model,S6,18,0.0,normalized,1.0e-6,true
cf_vt_gurobi_original,3-25,physics,S6,18,0.0,normalized,1.0e-6,true
cf_vt_gurobi_original,WMM-replay,physics,S6,18,0.0,K,0.0001,true
cf_vt_gurobi_original,3-33:34,model,S6,18,0.0,K,0.0001,true
cf_vt_gurobi_original,3-39:40,model,S6,19,0.0,K,0.0001,true
cf_vt_gurobi_original,3-41,model,6,19,0.0,K,0.0001,true
cf_vt_gurobi_original,3-41,model,6,19,0.0,K,0.0001,true
cf_vt_gurobi_original,3-23-kappa,model,6,19,0.0,kPa,0.005199261864978687,true
cf_vt_gurobi_original,3-22,model,S6,19,1.0932978629850379e-17,normalized,1.0e-6,true
cf_vt_gurobi_original,3-26,model,S6,19,0.0,normalized,1.0e-6,true
cf_vt_gurobi_original,3-25,physics,S6,19,0.0,normalized,1.0e-6,true
cf_vt_gurobi_original,WMM-replay,physics,S6,19,0.0,K,0.0001,true
cf_vt_gurobi_original,3-33:34,model,S6,19,0.0,K,0.0001,true
cf_vt_gurobi_original,3-39:40,model,S6,20,0.0,K,0.0001,true
cf_vt_gurobi_original,3-41,model,6,20,0.0,K,0.0001,true
cf_vt_gurobi_original,3-41,model,6,20,0.0,K,0.0001,true
cf_vt_gurobi_original,3-23-kappa,model,6,20,0.0,kPa,0.005199261864978687,true
cf_vt_gurobi_original,3-22,model,S6,20,1.0932978629850379e-17,normalized,1.0e-6,true
cf_vt_gurobi_original,3-26,model,S6,20,0.0,normalized,1.0e-6,true
cf_vt_gurobi_original,3-25,physics,S6,20,0.0,normalized,1.0e-6,true
cf_vt_gurobi_original,WMM-replay,physics,S6,20,0.0,K,0.0001,true
cf_vt_gurobi_original,3-33:34,model,S6,20,0.0,K,0.0001,true
cf_vt_gurobi_original,3-39:40,model,S6,21,0.0,K,0.0001,true
cf_vt_gurobi_original,3-41,model,6,21,0.0,K,0.0001,true
cf_vt_gurobi_original,3-41,model,6,21,0.0,K,0.0001,true
cf_vt_gurobi_original,3-23-kappa,model,6,21,0.0,kPa,0.005199261864978687,true
cf_vt_gurobi_original,3-22,model,S6,21,1.0932978629850379e-17,normalized,1.0e-6,true
cf_vt_gurobi_original,3-26,model,S6,21,0.0,normalized,1.0e-6,true
cf_vt_gurobi_original,3-25,physics,S6,21,0.0,normalized,1.0e-6,true
cf_vt_gurobi_original,WMM-replay,physics,S6,21,0.0,K,0.0001,true
cf_vt_gurobi_original,3-33:34,model,S6,21,0.0,K,0.0001,true
cf_vt_gurobi_original,3-39:40,model,S6,22,0.0,K,0.0001,true
cf_vt_gurobi_original,3-41,model,6,22,0.0,K,0.0001,true
cf_vt_gurobi_original,3-41,model,6,22,0.0,K,0.0001,true
cf_vt_gurobi_original,3-23-kappa,model,6,22,0.0,kPa,0.005199261864978687,true
cf_vt_gurobi_original,3-22,model,S6,22,1.0932978629850379e-17,normalized,1.0e-6,true
cf_vt_gurobi_original,3-26,model,S6,22,0.0,normalized,1.0e-6,true
cf_vt_gurobi_original,3-25,physics,S6,22,0.0,normalized,1.0e-6,true
cf_vt_gurobi_original,WMM-replay,physics,S6,22,0.0,K,0.0001,true
cf_vt_gurobi_original,3-33:34,model,S6,22,0.0,K,0.0001,true
cf_vt_gurobi_original,3-39:40,model,S6,23,0.0,K,0.0001,true
cf_vt_gurobi_original,3-41,model,6,23,0.0,K,0.0001,true
cf_vt_gurobi_original,3-41,model,6,23,0.0,K,0.0001,true
cf_vt_gurobi_original,3-23-kappa,model,6,23,0.0,kPa,0.005199261864978687,true
cf_vt_gurobi_original,3-22,model,S6,23,1.0932978629850379e-17,normalized,1.0e-6,true
cf_vt_gurobi_original,3-26,model,S6,23,0.0,normalized,1.0e-6,true
cf_vt_gurobi_original,3-25,physics,S6,23,0.0,normalized,1.0e-6,true
cf_vt_gurobi_original,WMM-replay,physics,S6,23,0.0,K,0.0001,true
cf_vt_gurobi_original,3-33:34,model,S6,23,0.0,K,0.0001,true
cf_vt_gurobi_original,3-39:40,model,S6,24,0.0,K,0.0001,true
cf_vt_gurobi_original,3-41,model,6,24,0.0,K,0.0001,true
cf_vt_gurobi_original,3-41,model,6,24,0.0,K,0.0001,true
cf_vt_gurobi_original,3-23-kappa,model,6,24,0.0,kPa,0.005199261864978687,true
cf_vt_gurobi_original,3-22,model,S6,24,1.0932978629850379e-17,normalized,1.0e-6,true
cf_vt_gurobi_original,3-26,model,S6,24,0.0,normalized,1.0e-6,true
cf_vt_gurobi_original,3-25,physics,S6,24,0.0,normalized,1.0e-6,true
cf_vt_gurobi_original,WMM-replay,physics,S6,24,0.0,K,0.0001,true
cf_vt_gurobi_original,3-33:34,model,S6,24,0.0,K,0.0001,true
cf_vt_gurobi_original,3-39:40,model,R6,1,0.0,K,0.0001,true
cf_vt_gurobi_original,3-41,model,6,1,0.0,K,0.0001,true
cf_vt_gurobi_original,3-41,model,6,1,0.0,K,0.0001,true
cf_vt_gurobi_original,3-23-kappa,model,6,1,0.0,kPa,0.005199261864978687,true
cf_vt_gurobi_original,3-22,model,R6,1,0.0,normalized,1.0e-6,true
cf_vt_gurobi_original,3-26,model,R6,1,0.0,normalized,1.0e-6,true
cf_vt_gurobi_original,3-25,physics,R6,1,0.0,normalized,1.0e-6,true
cf_vt_gurobi_original,WMM-replay,physics,R6,1,5.684341886080802e-14,K,0.0001,true
cf_vt_gurobi_original,3-33:34,model,R6,1,5.684341886080802e-14,K,0.0001,true
cf_vt_gurobi_original,3-39:40,model,R6,2,0.0,K,0.0001,true
cf_vt_gurobi_original,3-41,model,6,2,0.0,K,0.0001,true
cf_vt_gurobi_original,3-41,model,6,2,0.0,K,0.0001,true
cf_vt_gurobi_original,3-23-kappa,model,6,2,0.0,kPa,0.005199261864978687,true
cf_vt_gurobi_original,3-22,model,R6,2,0.0,normalized,1.0e-6,true
cf_vt_gurobi_original,3-26,model,R6,2,0.0,normalized,1.0e-6,true
cf_vt_gurobi_original,3-25,physics,R6,2,0.0,normalized,1.0e-6,true
cf_vt_gurobi_original,WMM-replay,physics,R6,2,5.684341886080802e-14,K,0.0001,true
cf_vt_gurobi_original,3-33:34,model,R6,2,5.684341886080802e-14,K,0.0001,true
cf_vt_gurobi_original,3-39:40,model,R6,3,0.0,K,0.0001,true
cf_vt_gurobi_original,3-41,model,6,3,0.0,K,0.0001,true
cf_vt_gurobi_original,3-41,model,6,3,0.0,K,0.0001,true
cf_vt_gurobi_original,3-23-kappa,model,6,3,0.0,kPa,0.005199261864978687,true
cf_vt_gurobi_original,3-22,model,R6,3,0.0,normalized,1.0e-6,true
cf_vt_gurobi_original,3-26,model,R6,3,0.0,normalized,1.0e-6,true
cf_vt_gurobi_original,3-25,physics,R6,3,0.0,normalized,1.0e-6,true
cf_vt_gurobi_original,WMM-replay,physics,R6,3,5.684341886080802e-14,K,0.0001,true
cf_vt_gurobi_original,3-33:34,model,R6,3,5.684341886080802e-14,K,0.0001,true
cf_vt_gurobi_original,3-39:40,model,R6,4,0.0,K,0.0001,true
cf_vt_gurobi_original,3-41,model,6,4,0.0,K,0.0001,true
cf_vt_gurobi_original,3-41,model,6,4,0.0,K,0.0001,true
cf_vt_gurobi_original,3-23-kappa,model,6,4,0.0,kPa,0.005199261864978687,true
cf_vt_gurobi_original,3-22,model,R6,4,0.0,normalized,1.0e-6,true
cf_vt_gurobi_original,3-26,model,R6,4,0.0,normalized,1.0e-6,true
cf_vt_gurobi_original,3-25,physics,R6,4,0.0,normalized,1.0e-6,true
cf_vt_gurobi_original,WMM-replay,physics,R6,4,0.0,K,0.0001,true
cf_vt_gurobi_original,3-33:34,model,R6,4,0.0,K,0.0001,true
cf_vt_gurobi_original,3-39:40,model,R6,5,0.0,K,0.0001,true
cf_vt_gurobi_original,3-41,model,6,5,0.0,K,0.0001,true
cf_vt_gurobi_original,3-41,model,6,5,0.0,K,0.0001,true
cf_vt_gurobi_original,3-23-kappa,model,6,5,0.0,kPa,0.005199261864978687,true
cf_vt_gurobi_original,3-22,model,R6,5,0.0,normalized,1.0e-6,true
cf_vt_gurobi_original,3-26,model,R6,5,0.0,normalized,1.0e-6,true
cf_vt_gurobi_original,3-25,physics,R6,5,0.0,normalized,1.0e-6,true
cf_vt_gurobi_original,WMM-replay,physics,R6,5,5.684341886080802e-14,K,0.0001,true
cf_vt_gurobi_original,3-33:34,model,R6,5,5.684341886080802e-14,K,0.0001,true
cf_vt_gurobi_original,3-39:40,model,R6,6,0.0,K,0.0001,true
cf_vt_gurobi_original,3-41,model,6,6,0.0,K,0.0001,true
cf_vt_gurobi_original,3-41,model,6,6,0.0,K,0.0001,true
cf_vt_gurobi_original,3-23-kappa,model,6,6,0.0,kPa,0.005199261864978687,true
cf_vt_gurobi_original,3-22,model,R6,6,0.0,normalized,1.0e-6,true
cf_vt_gurobi_original,3-26,model,R6,6,0.0,normalized,1.0e-6,true
cf_vt_gurobi_original,3-25,physics,R6,6,0.0,normalized,1.0e-6,true
cf_vt_gurobi_original,WMM-replay,physics,R6,6,5.684341886080802e-14,K,0.0001,true
cf_vt_gurobi_original,3-33:34,model,R6,6,5.684341886080802e-14,K,0.0001,true
cf_vt_gurobi_original,3-39:40,model,R6,7,0.0,K,0.0001,true
cf_vt_gurobi_original,3-41,model,6,7,0.0,K,0.0001,true
cf_vt_gurobi_original,3-41,model,6,7,0.0,K,0.0001,true
cf_vt_gurobi_original,3-23-kappa,model,6,7,0.0,kPa,0.005199261864978687,true
cf_vt_gurobi_original,3-22,model,R6,7,0.0,normalized,1.0e-6,true
cf_vt_gurobi_original,3-26,model,R6,7,0.0,normalized,1.0e-6,true
cf_vt_gurobi_original,3-25,physics,R6,7,0.0,normalized,1.0e-6,true
cf_vt_gurobi_original,WMM-replay,physics,R6,7,5.684341886080802e-14,K,0.0001,true
cf_vt_gurobi_original,3-33:34,model,R6,7,5.684341886080802e-14,K,0.0001,true
cf_vt_gurobi_original,3-39:40,model,R6,8,0.0,K,0.0001,true
cf_vt_gurobi_original,3-41,model,6,8,0.0,K,0.0001,true
cf_vt_gurobi_original,3-41,model,6,8,0.0,K,0.0001,true
cf_vt_gurobi_original,3-23-kappa,model,6,8,0.0,kPa,0.005199261864978687,true
cf_vt_gurobi_original,3-22,model,R6,8,0.0,normalized,1.0e-6,true
cf_vt_gurobi_original,3-26,model,R6,8,0.0,normalized,1.0e-6,true
cf_vt_gurobi_original,3-25,physics,R6,8,0.0,normalized,1.0e-6,true
cf_vt_gurobi_original,WMM-replay,physics,R6,8,0.0,K,0.0001,true
cf_vt_gurobi_original,3-33:34,model,R6,8,0.0,K,0.0001,true
cf_vt_gurobi_original,3-39:40,model,R6,9,0.0,K,0.0001,true
cf_vt_gurobi_original,3-41,model,6,9,0.0,K,0.0001,true
cf_vt_gurobi_original,3-41,model,6,9,0.0,K,0.0001,true
cf_vt_gurobi_original,3-23-kappa,model,6,9,0.0,kPa,0.005199261864978687,true
cf_vt_gurobi_original,3-22,model,R6,9,0.0,normalized,1.0e-6,true
cf_vt_gurobi_original,3-26,model,R6,9,0.0,normalized,1.0e-6,true
cf_vt_gurobi_original,3-25,physics,R6,9,0.0,normalized,1.0e-6,true
cf_vt_gurobi_original,WMM-replay,physics,R6,9,5.684341886080802e-14,K,0.0001,true
cf_vt_gurobi_original,3-33:34,model,R6,9,5.684341886080802e-14,K,0.0001,true
cf_vt_gurobi_original,3-39:40,model,R6,10,0.0,K,0.0001,true
cf_vt_gurobi_original,3-41,model,6,10,0.0,K,0.0001,true
cf_vt_gurobi_original,3-41,model,6,10,0.0,K,0.0001,true
cf_vt_gurobi_original,3-23-kappa,model,6,10,0.0,kPa,0.005199261864978687,true
cf_vt_gurobi_original,3-22,model,R6,10,0.0,normalized,1.0e-6,true
cf_vt_gurobi_original,3-26,model,R6,10,0.0,normalized,1.0e-6,true
cf_vt_gurobi_original,3-25,physics,R6,10,0.0,normalized,1.0e-6,true
cf_vt_gurobi_original,WMM-replay,physics,R6,10,5.684341886080802e-14,K,0.0001,true
cf_vt_gurobi_original,3-33:34,model,R6,10,5.684341886080802e-14,K,0.0001,true
cf_vt_gurobi_original,3-39:40,model,R6,11,0.0,K,0.0001,true
cf_vt_gurobi_original,3-41,model,6,11,0.0,K,0.0001,true
cf_vt_gurobi_original,3-41,model,6,11,0.0,K,0.0001,true
cf_vt_gurobi_original,3-23-kappa,model,6,11,0.0,kPa,0.005199261864978687,true
cf_vt_gurobi_original,3-22,model,R6,11,0.0,normalized,1.0e-6,true
cf_vt_gurobi_original,3-26,model,R6,11,0.0,normalized,1.0e-6,true
cf_vt_gurobi_original,3-25,physics,R6,11,0.0,normalized,1.0e-6,true
cf_vt_gurobi_original,WMM-replay,physics,R6,11,5.684341886080802e-14,K,0.0001,true
cf_vt_gurobi_original,3-33:34,model,R6,11,5.684341886080802e-14,K,0.0001,true
cf_vt_gurobi_original,3-39:40,model,R6,12,0.0,K,0.0001,true
cf_vt_gurobi_original,3-41,model,6,12,0.0,K,0.0001,true
cf_vt_gurobi_original,3-41,model,6,12,0.0,K,0.0001,true
cf_vt_gurobi_original,3-23-kappa,model,6,12,0.0,kPa,0.005199261864978687,true
cf_vt_gurobi_original,3-22,model,R6,12,0.0,normalized,1.0e-6,true
cf_vt_gurobi_original,3-26,model,R6,12,0.0,normalized,1.0e-6,true
cf_vt_gurobi_original,3-25,physics,R6,12,0.0,normalized,1.0e-6,true
cf_vt_gurobi_original,WMM-replay,physics,R6,12,5.684341886080802e-14,K,0.0001,true
cf_vt_gurobi_original,3-33:34,model,R6,12,5.684341886080802e-14,K,0.0001,true
cf_vt_gurobi_original,3-39:40,model,R6,13,0.0,K,0.0001,true
cf_vt_gurobi_original,3-41,model,6,13,0.0,K,0.0001,true
cf_vt_gurobi_original,3-41,model,6,13,0.0,K,0.0001,true
cf_vt_gurobi_original,3-23-kappa,model,6,13,0.0,kPa,0.005199261864978687,true
cf_vt_gurobi_original,3-22,model,R6,13,0.0,normalized,1.0e-6,true
cf_vt_gurobi_original,3-26,model,R6,13,0.0,normalized,1.0e-6,true
cf_vt_gurobi_original,3-25,physics,R6,13,0.0,normalized,1.0e-6,true
cf_vt_gurobi_original,WMM-replay,physics,R6,13,5.684341886080802e-14,K,0.0001,true
cf_vt_gurobi_original,3-33:34,model,R6,13,5.684341886080802e-14,K,0.0001,true
cf_vt_gurobi_original,3-39:40,model,R6,14,0.0,K,0.0001,true
cf_vt_gurobi_original,3-41,model,6,14,0.0,K,0.0001,true
cf_vt_gurobi_original,3-41,model,6,14,0.0,K,0.0001,true
cf_vt_gurobi_original,3-23-kappa,model,6,14,0.0,kPa,0.005199261864978687,true
cf_vt_gurobi_original,3-22,model,R6,14,0.0,normalized,1.0e-6,true
cf_vt_gurobi_original,3-26,model,R6,14,0.0,normalized,1.0e-6,true
cf_vt_gurobi_original,3-25,physics,R6,14,0.0,normalized,1.0e-6,true
cf_vt_gurobi_original,WMM-replay,physics,R6,14,5.684341886080802e-14,K,0.0001,true
cf_vt_gurobi_original,3-33:34,model,R6,14,5.684341886080802e-14,K,0.0001,true
cf_vt_gurobi_original,3-39:40,model,R6,15,0.0,K,0.0001,true
cf_vt_gurobi_original,3-41,model,6,15,0.0,K,0.0001,true
cf_vt_gurobi_original,3-41,model,6,15,0.0,K,0.0001,true
cf_vt_gurobi_original,3-23-kappa,model,6,15,0.0,kPa,0.005199261864978687,true
cf_vt_gurobi_original,3-22,model,R6,15,0.0,normalized,1.0e-6,true
cf_vt_gurobi_original,3-26,model,R6,15,0.0,normalized,1.0e-6,true
cf_vt_gurobi_original,3-25,physics,R6,15,0.0,normalized,1.0e-6,true
cf_vt_gurobi_original,WMM-replay,physics,R6,15,5.684341886080802e-14,K,0.0001,true
cf_vt_gurobi_original,3-33:34,model,R6,15,5.684341886080802e-14,K,0.0001,true
cf_vt_gurobi_original,3-39:40,model,R6,16,0.0,K,0.0001,true
cf_vt_gurobi_original,3-41,model,6,16,0.0,K,0.0001,true
cf_vt_gurobi_original,3-41,model,6,16,0.0,K,0.0001,true
cf_vt_gurobi_original,3-23-kappa,model,6,16,0.0,kPa,0.005199261864978687,true
cf_vt_gurobi_original,3-22,model,R6,16,0.0,normalized,1.0e-6,true
cf_vt_gurobi_original,3-26,model,R6,16,0.0,normalized,1.0e-6,true
cf_vt_gurobi_original,3-25,physics,R6,16,0.0,normalized,1.0e-6,true
cf_vt_gurobi_original,WMM-replay,physics,R6,16,5.684341886080802e-14,K,0.0001,true
cf_vt_gurobi_original,3-33:34,model,R6,16,5.684341886080802e-14,K,0.0001,true
cf_vt_gurobi_original,3-39:40,model,R6,17,0.0,K,0.0001,true
cf_vt_gurobi_original,3-41,model,6,17,0.0,K,0.0001,true
cf_vt_gurobi_original,3-41,model,6,17,0.0,K,0.0001,true
cf_vt_gurobi_original,3-23-kappa,model,6,17,0.0,kPa,0.005199261864978687,true
cf_vt_gurobi_original,3-22,model,R6,17,0.0,normalized,1.0e-6,true
cf_vt_gurobi_original,3-26,model,R6,17,0.0,normalized,1.0e-6,true
cf_vt_gurobi_original,3-25,physics,R6,17,0.0,normalized,1.0e-6,true
cf_vt_gurobi_original,WMM-replay,physics,R6,17,5.684341886080802e-14,K,0.0001,true
cf_vt_gurobi_original,3-33:34,model,R6,17,5.684341886080802e-14,K,0.0001,true
cf_vt_gurobi_original,3-39:40,model,R6,18,0.0,K,0.0001,true
cf_vt_gurobi_original,3-41,model,6,18,0.0,K,0.0001,true
cf_vt_gurobi_original,3-41,model,6,18,0.0,K,0.0001,true
cf_vt_gurobi_original,3-23-kappa,model,6,18,0.0,kPa,0.005199261864978687,true
cf_vt_gurobi_original,3-22,model,R6,18,0.0,normalized,1.0e-6,true
cf_vt_gurobi_original,3-26,model,R6,18,0.0,normalized,1.0e-6,true
cf_vt_gurobi_original,3-25,physics,R6,18,0.0,normalized,1.0e-6,true
cf_vt_gurobi_original,WMM-replay,physics,R6,18,1.1368683772161603e-13,K,0.0001,true
cf_vt_gurobi_original,3-33:34,model,R6,18,1.1368683772161603e-13,K,0.0001,true
cf_vt_gurobi_original,3-39:40,model,R6,19,0.0,K,0.0001,true
cf_vt_gurobi_original,3-41,model,6,19,0.0,K,0.0001,true
cf_vt_gurobi_original,3-41,model,6,19,0.0,K,0.0001,true
cf_vt_gurobi_original,3-23-kappa,model,6,19,0.0,kPa,0.005199261864978687,true
cf_vt_gurobi_original,3-22,model,R6,19,0.0,normalized,1.0e-6,true
cf_vt_gurobi_original,3-26,model,R6,19,0.0,normalized,1.0e-6,true
cf_vt_gurobi_original,3-25,physics,R6,19,0.0,normalized,1.0e-6,true
cf_vt_gurobi_original,WMM-replay,physics,R6,19,5.684341886080802e-14,K,0.0001,true
cf_vt_gurobi_original,3-33:34,model,R6,19,5.684341886080802e-14,K,0.0001,true
cf_vt_gurobi_original,3-39:40,model,R6,20,0.0,K,0.0001,true
cf_vt_gurobi_original,3-41,model,6,20,0.0,K,0.0001,true
cf_vt_gurobi_original,3-41,model,6,20,0.0,K,0.0001,true
cf_vt_gurobi_original,3-23-kappa,model,6,20,0.0,kPa,0.005199261864978687,true
cf_vt_gurobi_original,3-22,model,R6,20,0.0,normalized,1.0e-6,true
cf_vt_gurobi_original,3-26,model,R6,20,0.0,normalized,1.0e-6,true
cf_vt_gurobi_original,3-25,physics,R6,20,0.0,normalized,1.0e-6,true
cf_vt_gurobi_original,WMM-replay,physics,R6,20,5.684341886080802e-14,K,0.0001,true
cf_vt_gurobi_original,3-33:34,model,R6,20,5.684341886080802e-14,K,0.0001,true
cf_vt_gurobi_original,3-39:40,model,R6,21,0.0,K,0.0001,true
cf_vt_gurobi_original,3-41,model,6,21,0.0,K,0.0001,true
cf_vt_gurobi_original,3-41,model,6,21,0.0,K,0.0001,true
cf_vt_gurobi_original,3-23-kappa,model,6,21,0.0,kPa,0.005199261864978687,true
cf_vt_gurobi_original,3-22,model,R6,21,0.0,normalized,1.0e-6,true
cf_vt_gurobi_original,3-26,model,R6,21,0.0,normalized,1.0e-6,true
cf_vt_gurobi_original,3-25,physics,R6,21,0.0,normalized,1.0e-6,true
cf_vt_gurobi_original,WMM-replay,physics,R6,21,5.684341886080802e-14,K,0.0001,true
cf_vt_gurobi_original,3-33:34,model,R6,21,5.684341886080802e-14,K,0.0001,true
cf_vt_gurobi_original,3-39:40,model,R6,22,0.0,K,0.0001,true
cf_vt_gurobi_original,3-41,model,6,22,0.0,K,0.0001,true
cf_vt_gurobi_original,3-41,model,6,22,0.0,K,0.0001,true
cf_vt_gurobi_original,3-23-kappa,model,6,22,0.0,kPa,0.005199261864978687,true
cf_vt_gurobi_original,3-22,model,R6,22,0.0,normalized,1.0e-6,true
cf_vt_gurobi_original,3-26,model,R6,22,0.0,normalized,1.0e-6,true
cf_vt_gurobi_original,3-25,physics,R6,22,0.0,normalized,1.0e-6,true
cf_vt_gurobi_original,WMM-replay,physics,R6,22,0.0,K,0.0001,true
cf_vt_gurobi_original,3-33:34,model,R6,22,0.0,K,0.0001,true
cf_vt_gurobi_original,3-39:40,model,R6,23,0.0,K,0.0001,true
cf_vt_gurobi_original,3-41,model,6,23,0.0,K,0.0001,true
cf_vt_gurobi_original,3-41,model,6,23,0.0,K,0.0001,true
cf_vt_gurobi_original,3-23-kappa,model,6,23,0.0,kPa,0.005199261864978687,true
cf_vt_gurobi_original,3-22,model,R6,23,0.0,normalized,1.0e-6,true
cf_vt_gurobi_original,3-26,model,R6,23,0.0,normalized,1.0e-6,true
cf_vt_gurobi_original,3-25,physics,R6,23,0.0,normalized,1.0e-6,true
cf_vt_gurobi_original,WMM-replay,physics,R6,23,1.1368683772161603e-13,K,0.0001,true
cf_vt_gurobi_original,3-33:34,model,R6,23,1.1368683772161603e-13,K,0.0001,true
cf_vt_gurobi_original,3-39:40,model,R6,24,0.0,K,0.0001,true
cf_vt_gurobi_original,3-41,model,6,24,0.0,K,0.0001,true
cf_vt_gurobi_original,3-41,model,6,24,0.0,K,0.0001,true
cf_vt_gurobi_original,3-23-kappa,model,6,24,0.0,kPa,0.005199261864978687,true
cf_vt_gurobi_original,3-22,model,R6,24,0.0,normalized,1.0e-6,true
cf_vt_gurobi_original,3-26,model,R6,24,0.0,normalized,1.0e-6,true
cf_vt_gurobi_original,3-25,physics,R6,24,0.0,normalized,1.0e-6,true
cf_vt_gurobi_original,WMM-replay,physics,R6,24,1.1368683772161603e-13,K,0.0001,true
cf_vt_gurobi_original,3-33:34,model,R6,24,1.1368683772161603e-13,K,0.0001,true
cf_vt_gurobi_original,3-23,model,7,1,0.0,kg/s,2.947222222222222e-5,true
cf_vt_gurobi_original,R2-fixed-flow,model,7,1,0.0,kg/s,2.947222222222222e-5,true
cf_vt_gurobi_original,3-27,model,7,1,0.0,kg/s,2.947222222222222e-5,true
cf_vt_gurobi_original,3-30,model,7,1,0.0,kg/s,2.947222222222222e-5,true
cf_vt_gurobi_original,3-32,model,7,1,0.0,1,1.0e-6,true
cf_vt_gurobi_original,3-28,model,7,1,0.0,1,1.0e-6,true
cf_vt_gurobi_original,3-29:32,model,7,1,0.0,1,1.0e-6,true
cf_vt_gurobi_original,3-31,model,7,1,0.0,1,1.0e-6,true
cf_vt_gurobi_original,3-29:32,model,7,1,0.0,1,1.0e-6,true
cf_vt_gurobi_original,3-23,model,7,2,0.0,kg/s,2.947222222222222e-5,true
cf_vt_gurobi_original,R2-fixed-flow,model,7,2,0.0,kg/s,2.947222222222222e-5,true
cf_vt_gurobi_original,3-27,model,7,2,0.0,kg/s,2.947222222222222e-5,true
cf_vt_gurobi_original,3-30,model,7,2,0.0,kg/s,2.947222222222222e-5,true
cf_vt_gurobi_original,3-32,model,7,2,0.0,1,1.0e-6,true
cf_vt_gurobi_original,3-28,model,7,2,0.0,1,1.0e-6,true
cf_vt_gurobi_original,3-29:32,model,7,2,0.0,1,1.0e-6,true
cf_vt_gurobi_original,3-31,model,7,2,0.0,1,1.0e-6,true
cf_vt_gurobi_original,3-29:32,model,7,2,0.0,1,1.0e-6,true
cf_vt_gurobi_original,3-23,model,7,3,0.0,kg/s,2.947222222222222e-5,true
cf_vt_gurobi_original,R2-fixed-flow,model,7,3,0.0,kg/s,2.947222222222222e-5,true
cf_vt_gurobi_original,3-27,model,7,3,0.0,kg/s,2.947222222222222e-5,true
cf_vt_gurobi_original,3-30,model,7,3,0.0,kg/s,2.947222222222222e-5,true
cf_vt_gurobi_original,3-32,model,7,3,0.0,1,1.0e-6,true
cf_vt_gurobi_original,3-28,model,7,3,0.0,1,1.0e-6,true
cf_vt_gurobi_original,3-29:32,model,7,3,0.0,1,1.0e-6,true
cf_vt_gurobi_original,3-31,model,7,3,0.0,1,1.0e-6,true
cf_vt_gurobi_original,3-29:32,model,7,3,0.0,1,1.0e-6,true
cf_vt_gurobi_original,3-23,model,7,4,0.0,kg/s,2.947222222222222e-5,true
cf_vt_gurobi_original,R2-fixed-flow,model,7,4,0.0,kg/s,2.947222222222222e-5,true
cf_vt_gurobi_original,3-27,model,7,4,0.0,kg/s,2.947222222222222e-5,true
cf_vt_gurobi_original,3-30,model,7,4,0.0,kg/s,2.947222222222222e-5,true
cf_vt_gurobi_original,3-32,model,7,4,0.0,1,1.0e-6,true
cf_vt_gurobi_original,3-28,model,7,4,0.0,1,1.0e-6,true
cf_vt_gurobi_original,3-29:32,model,7,4,0.0,1,1.0e-6,true
cf_vt_gurobi_original,3-31,model,7,4,0.0,1,1.0e-6,true
cf_vt_gurobi_original,3-29:32,model,7,4,0.0,1,1.0e-6,true
cf_vt_gurobi_original,3-23,model,7,5,0.0,kg/s,2.947222222222222e-5,true
cf_vt_gurobi_original,R2-fixed-flow,model,7,5,0.0,kg/s,2.947222222222222e-5,true
cf_vt_gurobi_original,3-27,model,7,5,0.0,kg/s,2.947222222222222e-5,true
cf_vt_gurobi_original,3-30,model,7,5,0.0,kg/s,2.947222222222222e-5,true
cf_vt_gurobi_original,3-32,model,7,5,0.0,1,1.0e-6,true
cf_vt_gurobi_original,3-28,model,7,5,0.0,1,1.0e-6,true
cf_vt_gurobi_original,3-29:32,model,7,5,0.0,1,1.0e-6,true
cf_vt_gurobi_original,3-31,model,7,5,0.0,1,1.0e-6,true
cf_vt_gurobi_original,3-29:32,model,7,5,0.0,1,1.0e-6,true
cf_vt_gurobi_original,3-23,model,7,6,0.0,kg/s,2.947222222222222e-5,true
cf_vt_gurobi_original,R2-fixed-flow,model,7,6,0.0,kg/s,2.947222222222222e-5,true
cf_vt_gurobi_original,3-27,model,7,6,0.0,kg/s,2.947222222222222e-5,true
cf_vt_gurobi_original,3-30,model,7,6,0.0,kg/s,2.947222222222222e-5,true
cf_vt_gurobi_original,3-32,model,7,6,0.0,1,1.0e-6,true
cf_vt_gurobi_original,3-28,model,7,6,0.0,1,1.0e-6,true
cf_vt_gurobi_original,3-29:32,model,7,6,0.0,1,1.0e-6,true
cf_vt_gurobi_original,3-31,model,7,6,0.0,1,1.0e-6,true
cf_vt_gurobi_original,3-29:32,model,7,6,0.0,1,1.0e-6,true
cf_vt_gurobi_original,3-23,model,7,7,0.0,kg/s,2.947222222222222e-5,true
cf_vt_gurobi_original,R2-fixed-flow,model,7,7,0.0,kg/s,2.947222222222222e-5,true
cf_vt_gurobi_original,3-27,model,7,7,0.0,kg/s,2.947222222222222e-5,true
cf_vt_gurobi_original,3-30,model,7,7,0.0,kg/s,2.947222222222222e-5,true
cf_vt_gurobi_original,3-32,model,7,7,0.0,1,1.0e-6,true
cf_vt_gurobi_original,3-28,model,7,7,0.0,1,1.0e-6,true
cf_vt_gurobi_original,3-29:32,model,7,7,0.0,1,1.0e-6,true
cf_vt_gurobi_original,3-31,model,7,7,0.0,1,1.0e-6,true
cf_vt_gurobi_original,3-29:32,model,7,7,0.0,1,1.0e-6,true
cf_vt_gurobi_original,3-23,model,7,8,0.0,kg/s,2.947222222222222e-5,true
cf_vt_gurobi_original,R2-fixed-flow,model,7,8,0.0,kg/s,2.947222222222222e-5,true
cf_vt_gurobi_original,3-27,model,7,8,0.0,kg/s,2.947222222222222e-5,true
cf_vt_gurobi_original,3-30,model,7,8,0.0,kg/s,2.947222222222222e-5,true
cf_vt_gurobi_original,3-32,model,7,8,0.0,1,1.0e-6,true
cf_vt_gurobi_original,3-28,model,7,8,0.0,1,1.0e-6,true
cf_vt_gurobi_original,3-29:32,model,7,8,0.0,1,1.0e-6,true
cf_vt_gurobi_original,3-31,model,7,8,0.0,1,1.0e-6,true
cf_vt_gurobi_original,3-29:32,model,7,8,0.0,1,1.0e-6,true
cf_vt_gurobi_original,3-23,model,7,9,0.0,kg/s,2.947222222222222e-5,true
cf_vt_gurobi_original,R2-fixed-flow,model,7,9,0.0,kg/s,2.947222222222222e-5,true
cf_vt_gurobi_original,3-27,model,7,9,0.0,kg/s,2.947222222222222e-5,true
cf_vt_gurobi_original,3-30,model,7,9,0.0,kg/s,2.947222222222222e-5,true
cf_vt_gurobi_original,3-32,model,7,9,0.0,1,1.0e-6,true
cf_vt_gurobi_original,3-28,model,7,9,0.0,1,1.0e-6,true
cf_vt_gurobi_original,3-29:32,model,7,9,0.0,1,1.0e-6,true
cf_vt_gurobi_original,3-31,model,7,9,0.0,1,1.0e-6,true
cf_vt_gurobi_original,3-29:32,model,7,9,0.0,1,1.0e-6,true
cf_vt_gurobi_original,3-23,model,7,10,0.0,kg/s,2.947222222222222e-5,true
cf_vt_gurobi_original,R2-fixed-flow,model,7,10,0.0,kg/s,2.947222222222222e-5,true
cf_vt_gurobi_original,3-27,model,7,10,0.0,kg/s,2.947222222222222e-5,true
cf_vt_gurobi_original,3-30,model,7,10,0.0,kg/s,2.947222222222222e-5,true
cf_vt_gurobi_original,3-32,model,7,10,0.0,1,1.0e-6,true
cf_vt_gurobi_original,3-28,model,7,10,0.0,1,1.0e-6,true
cf_vt_gurobi_original,3-29:32,model,7,10,0.0,1,1.0e-6,true
cf_vt_gurobi_original,3-31,model,7,10,0.0,1,1.0e-6,true
cf_vt_gurobi_original,3-29:32,model,7,10,0.0,1,1.0e-6,true
cf_vt_gurobi_original,3-23,model,7,11,0.0,kg/s,2.947222222222222e-5,true
cf_vt_gurobi_original,R2-fixed-flow,model,7,11,0.0,kg/s,2.947222222222222e-5,true
cf_vt_gurobi_original,3-27,model,7,11,0.0,kg/s,2.947222222222222e-5,true
cf_vt_gurobi_original,3-30,model,7,11,0.0,kg/s,2.947222222222222e-5,true
cf_vt_gurobi_original,3-32,model,7,11,0.0,1,1.0e-6,true
cf_vt_gurobi_original,3-28,model,7,11,0.0,1,1.0e-6,true
cf_vt_gurobi_original,3-29:32,model,7,11,0.0,1,1.0e-6,true
cf_vt_gurobi_original,3-31,model,7,11,0.0,1,1.0e-6,true
cf_vt_gurobi_original,3-29:32,model,7,11,0.0,1,1.0e-6,true
cf_vt_gurobi_original,3-23,model,7,12,0.0,kg/s,2.947222222222222e-5,true
cf_vt_gurobi_original,R2-fixed-flow,model,7,12,0.0,kg/s,2.947222222222222e-5,true
cf_vt_gurobi_original,3-27,model,7,12,0.0,kg/s,2.947222222222222e-5,true
cf_vt_gurobi_original,3-30,model,7,12,0.0,kg/s,2.947222222222222e-5,true
cf_vt_gurobi_original,3-32,model,7,12,0.0,1,1.0e-6,true
cf_vt_gurobi_original,3-28,model,7,12,0.0,1,1.0e-6,true
cf_vt_gurobi_original,3-29:32,model,7,12,0.0,1,1.0e-6,true
cf_vt_gurobi_original,3-31,model,7,12,0.0,1,1.0e-6,true
cf_vt_gurobi_original,3-29:32,model,7,12,0.0,1,1.0e-6,true
cf_vt_gurobi_original,3-23,model,7,13,0.0,kg/s,2.947222222222222e-5,true
cf_vt_gurobi_original,R2-fixed-flow,model,7,13,0.0,kg/s,2.947222222222222e-5,true
cf_vt_gurobi_original,3-27,model,7,13,0.0,kg/s,2.947222222222222e-5,true
cf_vt_gurobi_original,3-30,model,7,13,0.0,kg/s,2.947222222222222e-5,true
cf_vt_gurobi_original,3-32,model,7,13,0.0,1,1.0e-6,true
cf_vt_gurobi_original,3-28,model,7,13,0.0,1,1.0e-6,true
cf_vt_gurobi_original,3-29:32,model,7,13,0.0,1,1.0e-6,true
cf_vt_gurobi_original,3-31,model,7,13,0.0,1,1.0e-6,true
cf_vt_gurobi_original,3-29:32,model,7,13,0.0,1,1.0e-6,true
cf_vt_gurobi_original,3-23,model,7,14,0.0,kg/s,2.947222222222222e-5,true
cf_vt_gurobi_original,R2-fixed-flow,model,7,14,0.0,kg/s,2.947222222222222e-5,true
cf_vt_gurobi_original,3-27,model,7,14,0.0,kg/s,2.947222222222222e-5,true
cf_vt_gurobi_original,3-30,model,7,14,0.0,kg/s,2.947222222222222e-5,true
cf_vt_gurobi_original,3-32,model,7,14,0.0,1,1.0e-6,true
cf_vt_gurobi_original,3-28,model,7,14,0.0,1,1.0e-6,true
cf_vt_gurobi_original,3-29:32,model,7,14,0.0,1,1.0e-6,true
cf_vt_gurobi_original,3-31,model,7,14,0.0,1,1.0e-6,true
cf_vt_gurobi_original,3-29:32,model,7,14,0.0,1,1.0e-6,true
cf_vt_gurobi_original,3-23,model,7,15,0.0,kg/s,2.947222222222222e-5,true
cf_vt_gurobi_original,R2-fixed-flow,model,7,15,0.0,kg/s,2.947222222222222e-5,true
cf_vt_gurobi_original,3-27,model,7,15,0.0,kg/s,2.947222222222222e-5,true
cf_vt_gurobi_original,3-30,model,7,15,0.0,kg/s,2.947222222222222e-5,true
cf_vt_gurobi_original,3-32,model,7,15,0.0,1,1.0e-6,true
cf_vt_gurobi_original,3-28,model,7,15,0.0,1,1.0e-6,true
cf_vt_gurobi_original,3-29:32,model,7,15,0.0,1,1.0e-6,true
cf_vt_gurobi_original,3-31,model,7,15,0.0,1,1.0e-6,true
cf_vt_gurobi_original,3-29:32,model,7,15,0.0,1,1.0e-6,true
cf_vt_gurobi_original,3-23,model,7,16,0.0,kg/s,2.947222222222222e-5,true
cf_vt_gurobi_original,R2-fixed-flow,model,7,16,0.0,kg/s,2.947222222222222e-5,true
cf_vt_gurobi_original,3-27,model,7,16,0.0,kg/s,2.947222222222222e-5,true
cf_vt_gurobi_original,3-30,model,7,16,0.0,kg/s,2.947222222222222e-5,true
cf_vt_gurobi_original,3-32,model,7,16,0.0,1,1.0e-6,true
cf_vt_gurobi_original,3-28,model,7,16,0.0,1,1.0e-6,true
cf_vt_gurobi_original,3-29:32,model,7,16,0.0,1,1.0e-6,true
cf_vt_gurobi_original,3-31,model,7,16,0.0,1,1.0e-6,true
cf_vt_gurobi_original,3-29:32,model,7,16,0.0,1,1.0e-6,true
cf_vt_gurobi_original,3-23,model,7,17,0.0,kg/s,2.947222222222222e-5,true
cf_vt_gurobi_original,R2-fixed-flow,model,7,17,0.0,kg/s,2.947222222222222e-5,true
cf_vt_gurobi_original,3-27,model,7,17,0.0,kg/s,2.947222222222222e-5,true
cf_vt_gurobi_original,3-30,model,7,17,0.0,kg/s,2.947222222222222e-5,true
cf_vt_gurobi_original,3-32,model,7,17,0.0,1,1.0e-6,true
cf_vt_gurobi_original,3-28,model,7,17,0.0,1,1.0e-6,true
cf_vt_gurobi_original,3-29:32,model,7,17,0.0,1,1.0e-6,true
cf_vt_gurobi_original,3-31,model,7,17,0.0,1,1.0e-6,true
cf_vt_gurobi_original,3-29:32,model,7,17,0.0,1,1.0e-6,true
cf_vt_gurobi_original,3-23,model,7,18,0.0,kg/s,2.947222222222222e-5,true
cf_vt_gurobi_original,R2-fixed-flow,model,7,18,0.0,kg/s,2.947222222222222e-5,true
cf_vt_gurobi_original,3-27,model,7,18,0.0,kg/s,2.947222222222222e-5,true
cf_vt_gurobi_original,3-30,model,7,18,0.0,kg/s,2.947222222222222e-5,true
cf_vt_gurobi_original,3-32,model,7,18,0.0,1,1.0e-6,true
cf_vt_gurobi_original,3-28,model,7,18,0.0,1,1.0e-6,true
cf_vt_gurobi_original,3-29:32,model,7,18,0.0,1,1.0e-6,true
cf_vt_gurobi_original,3-31,model,7,18,0.0,1,1.0e-6,true
cf_vt_gurobi_original,3-29:32,model,7,18,0.0,1,1.0e-6,true
cf_vt_gurobi_original,3-23,model,7,19,0.0,kg/s,2.947222222222222e-5,true
cf_vt_gurobi_original,R2-fixed-flow,model,7,19,0.0,kg/s,2.947222222222222e-5,true
cf_vt_gurobi_original,3-27,model,7,19,0.0,kg/s,2.947222222222222e-5,true
cf_vt_gurobi_original,3-30,model,7,19,0.0,kg/s,2.947222222222222e-5,true
cf_vt_gurobi_original,3-32,model,7,19,0.0,1,1.0e-6,true
cf_vt_gurobi_original,3-28,model,7,19,0.0,1,1.0e-6,true
cf_vt_gurobi_original,3-29:32,model,7,19,0.0,1,1.0e-6,true
cf_vt_gurobi_original,3-31,model,7,19,0.0,1,1.0e-6,true
cf_vt_gurobi_original,3-29:32,model,7,19,0.0,1,1.0e-6,true
cf_vt_gurobi_original,3-23,model,7,20,0.0,kg/s,2.947222222222222e-5,true
cf_vt_gurobi_original,R2-fixed-flow,model,7,20,0.0,kg/s,2.947222222222222e-5,true
cf_vt_gurobi_original,3-27,model,7,20,0.0,kg/s,2.947222222222222e-5,true
cf_vt_gurobi_original,3-30,model,7,20,0.0,kg/s,2.947222222222222e-5,true
cf_vt_gurobi_original,3-32,model,7,20,0.0,1,1.0e-6,true
cf_vt_gurobi_original,3-28,model,7,20,0.0,1,1.0e-6,true
cf_vt_gurobi_original,3-29:32,model,7,20,0.0,1,1.0e-6,true
cf_vt_gurobi_original,3-31,model,7,20,0.0,1,1.0e-6,true
cf_vt_gurobi_original,3-29:32,model,7,20,0.0,1,1.0e-6,true
cf_vt_gurobi_original,3-23,model,7,21,0.0,kg/s,2.947222222222222e-5,true
cf_vt_gurobi_original,R2-fixed-flow,model,7,21,0.0,kg/s,2.947222222222222e-5,true
cf_vt_gurobi_original,3-27,model,7,21,0.0,kg/s,2.947222222222222e-5,true
cf_vt_gurobi_original,3-30,model,7,21,0.0,kg/s,2.947222222222222e-5,true
cf_vt_gurobi_original,3-32,model,7,21,0.0,1,1.0e-6,true
cf_vt_gurobi_original,3-28,model,7,21,0.0,1,1.0e-6,true
cf_vt_gurobi_original,3-29:32,model,7,21,0.0,1,1.0e-6,true
cf_vt_gurobi_original,3-31,model,7,21,0.0,1,1.0e-6,true
cf_vt_gurobi_original,3-29:32,model,7,21,0.0,1,1.0e-6,true
cf_vt_gurobi_original,3-23,model,7,22,0.0,kg/s,2.947222222222222e-5,true
cf_vt_gurobi_original,R2-fixed-flow,model,7,22,0.0,kg/s,2.947222222222222e-5,true
cf_vt_gurobi_original,3-27,model,7,22,0.0,kg/s,2.947222222222222e-5,true
cf_vt_gurobi_original,3-30,model,7,22,0.0,kg/s,2.947222222222222e-5,true
cf_vt_gurobi_original,3-32,model,7,22,0.0,1,1.0e-6,true
cf_vt_gurobi_original,3-28,model,7,22,0.0,1,1.0e-6,true
cf_vt_gurobi_original,3-29:32,model,7,22,0.0,1,1.0e-6,true
cf_vt_gurobi_original,3-31,model,7,22,0.0,1,1.0e-6,true
cf_vt_gurobi_original,3-29:32,model,7,22,0.0,1,1.0e-6,true
cf_vt_gurobi_original,3-23,model,7,23,0.0,kg/s,2.947222222222222e-5,true
cf_vt_gurobi_original,R2-fixed-flow,model,7,23,0.0,kg/s,2.947222222222222e-5,true
cf_vt_gurobi_original,3-27,model,7,23,0.0,kg/s,2.947222222222222e-5,true
cf_vt_gurobi_original,3-30,model,7,23,0.0,kg/s,2.947222222222222e-5,true
cf_vt_gurobi_original,3-32,model,7,23,0.0,1,1.0e-6,true
cf_vt_gurobi_original,3-28,model,7,23,0.0,1,1.0e-6,true
cf_vt_gurobi_original,3-29:32,model,7,23,0.0,1,1.0e-6,true
cf_vt_gurobi_original,3-31,model,7,23,0.0,1,1.0e-6,true
cf_vt_gurobi_original,3-29:32,model,7,23,0.0,1,1.0e-6,true
cf_vt_gurobi_original,3-23,model,7,24,0.0,kg/s,2.947222222222222e-5,true
cf_vt_gurobi_original,R2-fixed-flow,model,7,24,0.0,kg/s,2.947222222222222e-5,true
cf_vt_gurobi_original,3-27,model,7,24,0.0,kg/s,2.947222222222222e-5,true
cf_vt_gurobi_original,3-30,model,7,24,0.0,kg/s,2.947222222222222e-5,true
cf_vt_gurobi_original,3-32,model,7,24,0.0,1,1.0e-6,true
cf_vt_gurobi_original,3-28,model,7,24,0.0,1,1.0e-6,true
cf_vt_gurobi_original,3-29:32,model,7,24,0.0,1,1.0e-6,true
cf_vt_gurobi_original,3-31,model,7,24,0.0,1,1.0e-6,true
cf_vt_gurobi_original,3-29:32,model,7,24,0.0,1,1.0e-6,true
cf_vt_gurobi_original,3-39:40,model,S7,1,0.0,K,0.0001,true
cf_vt_gurobi_original,3-41,model,7,1,0.0,K,0.0001,true
cf_vt_gurobi_original,3-41,model,7,1,0.0,K,0.0001,true
cf_vt_gurobi_original,3-23-kappa,model,7,1,0.0,kPa,0.005199261864978687,true
cf_vt_gurobi_original,3-22,model,S7,1,0.0,normalized,1.0e-6,true
cf_vt_gurobi_original,3-26,model,S7,1,0.0,normalized,1.0e-6,true
cf_vt_gurobi_original,3-25,physics,S7,1,0.0,normalized,1.0e-6,true
cf_vt_gurobi_original,WMM-replay,physics,S7,1,5.684341886080802e-14,K,0.0001,true
cf_vt_gurobi_original,3-33:34,model,S7,1,5.684341886080802e-14,K,0.0001,true
cf_vt_gurobi_original,3-39:40,model,S7,2,0.0,K,0.0001,true
cf_vt_gurobi_original,3-41,model,7,2,0.0,K,0.0001,true
cf_vt_gurobi_original,3-41,model,7,2,0.0,K,0.0001,true
cf_vt_gurobi_original,3-23-kappa,model,7,2,0.0,kPa,0.005199261864978687,true
cf_vt_gurobi_original,3-22,model,S7,2,0.0,normalized,1.0e-6,true
cf_vt_gurobi_original,3-26,model,S7,2,0.0,normalized,1.0e-6,true
cf_vt_gurobi_original,3-25,physics,S7,2,0.0,normalized,1.0e-6,true
cf_vt_gurobi_original,WMM-replay,physics,S7,2,0.0,K,0.0001,true
cf_vt_gurobi_original,3-33:34,model,S7,2,0.0,K,0.0001,true
cf_vt_gurobi_original,3-39:40,model,S7,3,0.0,K,0.0001,true
cf_vt_gurobi_original,3-41,model,7,3,0.0,K,0.0001,true
cf_vt_gurobi_original,3-41,model,7,3,0.0,K,0.0001,true
cf_vt_gurobi_original,3-23-kappa,model,7,3,0.0,kPa,0.005199261864978687,true
cf_vt_gurobi_original,3-22,model,S7,3,0.0,normalized,1.0e-6,true
cf_vt_gurobi_original,3-26,model,S7,3,0.0,normalized,1.0e-6,true
cf_vt_gurobi_original,3-25,physics,S7,3,0.0,normalized,1.0e-6,true
cf_vt_gurobi_original,WMM-replay,physics,S7,3,5.684341886080802e-14,K,0.0001,true
cf_vt_gurobi_original,3-33:34,model,S7,3,5.684341886080802e-14,K,0.0001,true
cf_vt_gurobi_original,3-39:40,model,S7,4,0.0,K,0.0001,true
cf_vt_gurobi_original,3-41,model,7,4,0.0,K,0.0001,true
cf_vt_gurobi_original,3-41,model,7,4,0.0,K,0.0001,true
cf_vt_gurobi_original,3-23-kappa,model,7,4,0.0,kPa,0.005199261864978687,true
cf_vt_gurobi_original,3-22,model,S7,4,0.0,normalized,1.0e-6,true
cf_vt_gurobi_original,3-26,model,S7,4,0.0,normalized,1.0e-6,true
cf_vt_gurobi_original,3-25,physics,S7,4,0.0,normalized,1.0e-6,true
cf_vt_gurobi_original,WMM-replay,physics,S7,4,5.684341886080802e-14,K,0.0001,true
cf_vt_gurobi_original,3-33:34,model,S7,4,5.684341886080802e-14,K,0.0001,true
cf_vt_gurobi_original,3-39:40,model,S7,5,0.0,K,0.0001,true
cf_vt_gurobi_original,3-41,model,7,5,0.0,K,0.0001,true
cf_vt_gurobi_original,3-41,model,7,5,0.0,K,0.0001,true
cf_vt_gurobi_original,3-23-kappa,model,7,5,0.0,kPa,0.005199261864978687,true
cf_vt_gurobi_original,3-22,model,S7,5,0.0,normalized,1.0e-6,true
cf_vt_gurobi_original,3-26,model,S7,5,0.0,normalized,1.0e-6,true
cf_vt_gurobi_original,3-25,physics,S7,5,0.0,normalized,1.0e-6,true
cf_vt_gurobi_original,WMM-replay,physics,S7,5,0.0,K,0.0001,true
cf_vt_gurobi_original,3-33:34,model,S7,5,0.0,K,0.0001,true
cf_vt_gurobi_original,3-39:40,model,S7,6,0.0,K,0.0001,true
cf_vt_gurobi_original,3-41,model,7,6,0.0,K,0.0001,true
cf_vt_gurobi_original,3-41,model,7,6,0.0,K,0.0001,true
cf_vt_gurobi_original,3-23-kappa,model,7,6,0.0,kPa,0.005199261864978687,true
cf_vt_gurobi_original,3-22,model,S7,6,0.0,normalized,1.0e-6,true
cf_vt_gurobi_original,3-26,model,S7,6,0.0,normalized,1.0e-6,true
cf_vt_gurobi_original,3-25,physics,S7,6,0.0,normalized,1.0e-6,true
cf_vt_gurobi_original,WMM-replay,physics,S7,6,0.0,K,0.0001,true
cf_vt_gurobi_original,3-33:34,model,S7,6,0.0,K,0.0001,true
cf_vt_gurobi_original,3-39:40,model,S7,7,0.0,K,0.0001,true
cf_vt_gurobi_original,3-41,model,7,7,0.0,K,0.0001,true
cf_vt_gurobi_original,3-41,model,7,7,0.0,K,0.0001,true
cf_vt_gurobi_original,3-23-kappa,model,7,7,0.0,kPa,0.005199261864978687,true
cf_vt_gurobi_original,3-22,model,S7,7,0.0,normalized,1.0e-6,true
cf_vt_gurobi_original,3-26,model,S7,7,0.0,normalized,1.0e-6,true
cf_vt_gurobi_original,3-25,physics,S7,7,0.0,normalized,1.0e-6,true
cf_vt_gurobi_original,WMM-replay,physics,S7,7,5.684341886080802e-14,K,0.0001,true
cf_vt_gurobi_original,3-33:34,model,S7,7,5.684341886080802e-14,K,0.0001,true
cf_vt_gurobi_original,3-39:40,model,S7,8,0.0,K,0.0001,true
cf_vt_gurobi_original,3-41,model,7,8,0.0,K,0.0001,true
cf_vt_gurobi_original,3-41,model,7,8,0.0,K,0.0001,true
cf_vt_gurobi_original,3-23-kappa,model,7,8,0.0,kPa,0.005199261864978687,true
cf_vt_gurobi_original,3-22,model,S7,8,0.0,normalized,1.0e-6,true
cf_vt_gurobi_original,3-26,model,S7,8,0.0,normalized,1.0e-6,true
cf_vt_gurobi_original,3-25,physics,S7,8,0.0,normalized,1.0e-6,true
cf_vt_gurobi_original,WMM-replay,physics,S7,8,0.0,K,0.0001,true
cf_vt_gurobi_original,3-33:34,model,S7,8,0.0,K,0.0001,true
cf_vt_gurobi_original,3-39:40,model,S7,9,0.0,K,0.0001,true
cf_vt_gurobi_original,3-41,model,7,9,0.0,K,0.0001,true
cf_vt_gurobi_original,3-41,model,7,9,0.0,K,0.0001,true
cf_vt_gurobi_original,3-23-kappa,model,7,9,0.0,kPa,0.005199261864978687,true
cf_vt_gurobi_original,3-22,model,S7,9,0.0,normalized,1.0e-6,true
cf_vt_gurobi_original,3-26,model,S7,9,0.0,normalized,1.0e-6,true
cf_vt_gurobi_original,3-25,physics,S7,9,0.0,normalized,1.0e-6,true
cf_vt_gurobi_original,WMM-replay,physics,S7,9,5.684341886080802e-14,K,0.0001,true
cf_vt_gurobi_original,3-33:34,model,S7,9,5.684341886080802e-14,K,0.0001,true
cf_vt_gurobi_original,3-39:40,model,S7,10,0.0,K,0.0001,true
cf_vt_gurobi_original,3-41,model,7,10,0.0,K,0.0001,true
cf_vt_gurobi_original,3-41,model,7,10,0.0,K,0.0001,true
cf_vt_gurobi_original,3-23-kappa,model,7,10,0.0,kPa,0.005199261864978687,true
cf_vt_gurobi_original,3-22,model,S7,10,0.0,normalized,1.0e-6,true
cf_vt_gurobi_original,3-26,model,S7,10,0.0,normalized,1.0e-6,true
cf_vt_gurobi_original,3-25,physics,S7,10,0.0,normalized,1.0e-6,true
cf_vt_gurobi_original,WMM-replay,physics,S7,10,0.0,K,0.0001,true
cf_vt_gurobi_original,3-33:34,model,S7,10,0.0,K,0.0001,true
cf_vt_gurobi_original,3-39:40,model,S7,11,0.0,K,0.0001,true
cf_vt_gurobi_original,3-41,model,7,11,0.0,K,0.0001,true
cf_vt_gurobi_original,3-41,model,7,11,0.0,K,0.0001,true
cf_vt_gurobi_original,3-23-kappa,model,7,11,0.0,kPa,0.005199261864978687,true
cf_vt_gurobi_original,3-22,model,S7,11,0.0,normalized,1.0e-6,true
cf_vt_gurobi_original,3-26,model,S7,11,0.0,normalized,1.0e-6,true
cf_vt_gurobi_original,3-25,physics,S7,11,0.0,normalized,1.0e-6,true
cf_vt_gurobi_original,WMM-replay,physics,S7,11,0.0,K,0.0001,true
cf_vt_gurobi_original,3-33:34,model,S7,11,0.0,K,0.0001,true
cf_vt_gurobi_original,3-39:40,model,S7,12,0.0,K,0.0001,true
cf_vt_gurobi_original,3-41,model,7,12,0.0,K,0.0001,true
cf_vt_gurobi_original,3-41,model,7,12,0.0,K,0.0001,true
cf_vt_gurobi_original,3-23-kappa,model,7,12,0.0,kPa,0.005199261864978687,true
cf_vt_gurobi_original,3-22,model,S7,12,0.0,normalized,1.0e-6,true
cf_vt_gurobi_original,3-26,model,S7,12,0.0,normalized,1.0e-6,true
cf_vt_gurobi_original,3-25,physics,S7,12,0.0,normalized,1.0e-6,true
cf_vt_gurobi_original,WMM-replay,physics,S7,12,0.0,K,0.0001,true
cf_vt_gurobi_original,3-33:34,model,S7,12,0.0,K,0.0001,true
cf_vt_gurobi_original,3-39:40,model,S7,13,0.0,K,0.0001,true
cf_vt_gurobi_original,3-41,model,7,13,0.0,K,0.0001,true
cf_vt_gurobi_original,3-41,model,7,13,0.0,K,0.0001,true
cf_vt_gurobi_original,3-23-kappa,model,7,13,0.0,kPa,0.005199261864978687,true
cf_vt_gurobi_original,3-22,model,S7,13,0.0,normalized,1.0e-6,true
cf_vt_gurobi_original,3-26,model,S7,13,0.0,normalized,1.0e-6,true
cf_vt_gurobi_original,3-25,physics,S7,13,0.0,normalized,1.0e-6,true
cf_vt_gurobi_original,WMM-replay,physics,S7,13,0.0,K,0.0001,true
cf_vt_gurobi_original,3-33:34,model,S7,13,0.0,K,0.0001,true
cf_vt_gurobi_original,3-39:40,model,S7,14,0.0,K,0.0001,true
cf_vt_gurobi_original,3-41,model,7,14,0.0,K,0.0001,true
cf_vt_gurobi_original,3-41,model,7,14,0.0,K,0.0001,true
cf_vt_gurobi_original,3-23-kappa,model,7,14,0.0,kPa,0.005199261864978687,true
cf_vt_gurobi_original,3-22,model,S7,14,0.0,normalized,1.0e-6,true
cf_vt_gurobi_original,3-26,model,S7,14,0.0,normalized,1.0e-6,true
cf_vt_gurobi_original,3-25,physics,S7,14,0.0,normalized,1.0e-6,true
cf_vt_gurobi_original,WMM-replay,physics,S7,14,0.0,K,0.0001,true
cf_vt_gurobi_original,3-33:34,model,S7,14,0.0,K,0.0001,true
cf_vt_gurobi_original,3-39:40,model,S7,15,0.0,K,0.0001,true
cf_vt_gurobi_original,3-41,model,7,15,0.0,K,0.0001,true
cf_vt_gurobi_original,3-41,model,7,15,0.0,K,0.0001,true
cf_vt_gurobi_original,3-23-kappa,model,7,15,0.0,kPa,0.005199261864978687,true
cf_vt_gurobi_original,3-22,model,S7,15,0.0,normalized,1.0e-6,true
cf_vt_gurobi_original,3-26,model,S7,15,0.0,normalized,1.0e-6,true
cf_vt_gurobi_original,3-25,physics,S7,15,0.0,normalized,1.0e-6,true
cf_vt_gurobi_original,WMM-replay,physics,S7,15,0.0,K,0.0001,true
cf_vt_gurobi_original,3-33:34,model,S7,15,0.0,K,0.0001,true
cf_vt_gurobi_original,3-39:40,model,S7,16,0.0,K,0.0001,true
cf_vt_gurobi_original,3-41,model,7,16,0.0,K,0.0001,true
cf_vt_gurobi_original,3-41,model,7,16,0.0,K,0.0001,true
cf_vt_gurobi_original,3-23-kappa,model,7,16,0.0,kPa,0.005199261864978687,true
cf_vt_gurobi_original,3-22,model,S7,16,0.0,normalized,1.0e-6,true
cf_vt_gurobi_original,3-26,model,S7,16,0.0,normalized,1.0e-6,true
cf_vt_gurobi_original,3-25,physics,S7,16,0.0,normalized,1.0e-6,true
cf_vt_gurobi_original,WMM-replay,physics,S7,16,0.0,K,0.0001,true
cf_vt_gurobi_original,3-33:34,model,S7,16,0.0,K,0.0001,true
cf_vt_gurobi_original,3-39:40,model,S7,17,0.0,K,0.0001,true
cf_vt_gurobi_original,3-41,model,7,17,0.0,K,0.0001,true
cf_vt_gurobi_original,3-41,model,7,17,0.0,K,0.0001,true
cf_vt_gurobi_original,3-23-kappa,model,7,17,0.0,kPa,0.005199261864978687,true
cf_vt_gurobi_original,3-22,model,S7,17,0.0,normalized,1.0e-6,true
cf_vt_gurobi_original,3-26,model,S7,17,0.0,normalized,1.0e-6,true
cf_vt_gurobi_original,3-25,physics,S7,17,0.0,normalized,1.0e-6,true
cf_vt_gurobi_original,WMM-replay,physics,S7,17,0.0,K,0.0001,true
cf_vt_gurobi_original,3-33:34,model,S7,17,0.0,K,0.0001,true
cf_vt_gurobi_original,3-39:40,model,S7,18,0.0,K,0.0001,true
cf_vt_gurobi_original,3-41,model,7,18,0.0,K,0.0001,true
cf_vt_gurobi_original,3-41,model,7,18,0.0,K,0.0001,true
cf_vt_gurobi_original,3-23-kappa,model,7,18,0.0,kPa,0.005199261864978687,true
cf_vt_gurobi_original,3-22,model,S7,18,0.0,normalized,1.0e-6,true
cf_vt_gurobi_original,3-26,model,S7,18,0.0,normalized,1.0e-6,true
cf_vt_gurobi_original,3-25,physics,S7,18,0.0,normalized,1.0e-6,true
cf_vt_gurobi_original,WMM-replay,physics,S7,18,0.0,K,0.0001,true
cf_vt_gurobi_original,3-33:34,model,S7,18,0.0,K,0.0001,true
cf_vt_gurobi_original,3-39:40,model,S7,19,0.0,K,0.0001,true
cf_vt_gurobi_original,3-41,model,7,19,0.0,K,0.0001,true
cf_vt_gurobi_original,3-41,model,7,19,0.0,K,0.0001,true
cf_vt_gurobi_original,3-23-kappa,model,7,19,0.0,kPa,0.005199261864978687,true
cf_vt_gurobi_original,3-22,model,S7,19,0.0,normalized,1.0e-6,true
cf_vt_gurobi_original,3-26,model,S7,19,0.0,normalized,1.0e-6,true
cf_vt_gurobi_original,3-25,physics,S7,19,0.0,normalized,1.0e-6,true
cf_vt_gurobi_original,WMM-replay,physics,S7,19,0.0,K,0.0001,true
cf_vt_gurobi_original,3-33:34,model,S7,19,0.0,K,0.0001,true
cf_vt_gurobi_original,3-39:40,model,S7,20,0.0,K,0.0001,true
cf_vt_gurobi_original,3-41,model,7,20,0.0,K,0.0001,true
cf_vt_gurobi_original,3-41,model,7,20,0.0,K,0.0001,true
cf_vt_gurobi_original,3-23-kappa,model,7,20,0.0,kPa,0.005199261864978687,true
cf_vt_gurobi_original,3-22,model,S7,20,0.0,normalized,1.0e-6,true
cf_vt_gurobi_original,3-26,model,S7,20,0.0,normalized,1.0e-6,true
cf_vt_gurobi_original,3-25,physics,S7,20,0.0,normalized,1.0e-6,true
cf_vt_gurobi_original,WMM-replay,physics,S7,20,0.0,K,0.0001,true
cf_vt_gurobi_original,3-33:34,model,S7,20,0.0,K,0.0001,true
cf_vt_gurobi_original,3-39:40,model,S7,21,0.0,K,0.0001,true
cf_vt_gurobi_original,3-41,model,7,21,0.0,K,0.0001,true
cf_vt_gurobi_original,3-41,model,7,21,0.0,K,0.0001,true
cf_vt_gurobi_original,3-23-kappa,model,7,21,0.0,kPa,0.005199261864978687,true
cf_vt_gurobi_original,3-22,model,S7,21,0.0,normalized,1.0e-6,true
cf_vt_gurobi_original,3-26,model,S7,21,0.0,normalized,1.0e-6,true
cf_vt_gurobi_original,3-25,physics,S7,21,0.0,normalized,1.0e-6,true
cf_vt_gurobi_original,WMM-replay,physics,S7,21,0.0,K,0.0001,true
cf_vt_gurobi_original,3-33:34,model,S7,21,0.0,K,0.0001,true
cf_vt_gurobi_original,3-39:40,model,S7,22,0.0,K,0.0001,true
cf_vt_gurobi_original,3-41,model,7,22,0.0,K,0.0001,true
cf_vt_gurobi_original,3-41,model,7,22,0.0,K,0.0001,true
cf_vt_gurobi_original,3-23-kappa,model,7,22,0.0,kPa,0.005199261864978687,true
cf_vt_gurobi_original,3-22,model,S7,22,0.0,normalized,1.0e-6,true
cf_vt_gurobi_original,3-26,model,S7,22,0.0,normalized,1.0e-6,true
cf_vt_gurobi_original,3-25,physics,S7,22,0.0,normalized,1.0e-6,true
cf_vt_gurobi_original,WMM-replay,physics,S7,22,0.0,K,0.0001,true
cf_vt_gurobi_original,3-33:34,model,S7,22,0.0,K,0.0001,true
cf_vt_gurobi_original,3-39:40,model,S7,23,0.0,K,0.0001,true
cf_vt_gurobi_original,3-41,model,7,23,0.0,K,0.0001,true
cf_vt_gurobi_original,3-41,model,7,23,0.0,K,0.0001,true
cf_vt_gurobi_original,3-23-kappa,model,7,23,0.0,kPa,0.005199261864978687,true
cf_vt_gurobi_original,3-22,model,S7,23,0.0,normalized,1.0e-6,true
cf_vt_gurobi_original,3-26,model,S7,23,0.0,normalized,1.0e-6,true
cf_vt_gurobi_original,3-25,physics,S7,23,0.0,normalized,1.0e-6,true
cf_vt_gurobi_original,WMM-replay,physics,S7,23,0.0,K,0.0001,true
cf_vt_gurobi_original,3-33:34,model,S7,23,0.0,K,0.0001,true
cf_vt_gurobi_original,3-39:40,model,S7,24,0.0,K,0.0001,true
cf_vt_gurobi_original,3-41,model,7,24,0.0,K,0.0001,true
cf_vt_gurobi_original,3-41,model,7,24,0.0,K,0.0001,true
cf_vt_gurobi_original,3-23-kappa,model,7,24,0.0,kPa,0.005199261864978687,true
cf_vt_gurobi_original,3-22,model,S7,24,0.0,normalized,1.0e-6,true
cf_vt_gurobi_original,3-26,model,S7,24,0.0,normalized,1.0e-6,true
cf_vt_gurobi_original,3-25,physics,S7,24,0.0,normalized,1.0e-6,true
cf_vt_gurobi_original,WMM-replay,physics,S7,24,0.0,K,0.0001,true
cf_vt_gurobi_original,3-33:34,model,S7,24,0.0,K,0.0001,true
cf_vt_gurobi_original,3-39:40,model,R7,1,0.0,K,0.0001,true
cf_vt_gurobi_original,3-41,model,7,1,0.0,K,0.0001,true
cf_vt_gurobi_original,3-41,model,7,1,0.0,K,0.0001,true
cf_vt_gurobi_original,3-23-kappa,model,7,1,0.0,kPa,0.005199261864978687,true
cf_vt_gurobi_original,3-22,model,R7,1,0.0,normalized,1.0e-6,true
cf_vt_gurobi_original,3-26,model,R7,1,0.0,normalized,1.0e-6,true
cf_vt_gurobi_original,3-25,physics,R7,1,0.0,normalized,1.0e-6,true
cf_vt_gurobi_original,WMM-replay,physics,R7,1,5.684341886080802e-14,K,0.0001,true
cf_vt_gurobi_original,3-33:34,model,R7,1,5.684341886080802e-14,K,0.0001,true
cf_vt_gurobi_original,3-39:40,model,R7,2,0.0,K,0.0001,true
cf_vt_gurobi_original,3-41,model,7,2,0.0,K,0.0001,true
cf_vt_gurobi_original,3-41,model,7,2,0.0,K,0.0001,true
cf_vt_gurobi_original,3-23-kappa,model,7,2,0.0,kPa,0.005199261864978687,true
cf_vt_gurobi_original,3-22,model,R7,2,0.0,normalized,1.0e-6,true
cf_vt_gurobi_original,3-26,model,R7,2,0.0,normalized,1.0e-6,true
cf_vt_gurobi_original,3-25,physics,R7,2,0.0,normalized,1.0e-6,true
cf_vt_gurobi_original,WMM-replay,physics,R7,2,5.684341886080802e-14,K,0.0001,true
cf_vt_gurobi_original,3-33:34,model,R7,2,5.684341886080802e-14,K,0.0001,true
cf_vt_gurobi_original,3-39:40,model,R7,3,0.0,K,0.0001,true
cf_vt_gurobi_original,3-41,model,7,3,0.0,K,0.0001,true
cf_vt_gurobi_original,3-41,model,7,3,0.0,K,0.0001,true
cf_vt_gurobi_original,3-23-kappa,model,7,3,0.0,kPa,0.005199261864978687,true
cf_vt_gurobi_original,3-22,model,R7,3,0.0,normalized,1.0e-6,true
cf_vt_gurobi_original,3-26,model,R7,3,0.0,normalized,1.0e-6,true
cf_vt_gurobi_original,3-25,physics,R7,3,0.0,normalized,1.0e-6,true
cf_vt_gurobi_original,WMM-replay,physics,R7,3,1.1368683772161603e-13,K,0.0001,true
cf_vt_gurobi_original,3-33:34,model,R7,3,1.1368683772161603e-13,K,0.0001,true
cf_vt_gurobi_original,3-39:40,model,R7,4,0.0,K,0.0001,true
cf_vt_gurobi_original,3-41,model,7,4,0.0,K,0.0001,true
cf_vt_gurobi_original,3-41,model,7,4,0.0,K,0.0001,true
cf_vt_gurobi_original,3-23-kappa,model,7,4,0.0,kPa,0.005199261864978687,true
cf_vt_gurobi_original,3-22,model,R7,4,0.0,normalized,1.0e-6,true
cf_vt_gurobi_original,3-26,model,R7,4,0.0,normalized,1.0e-6,true
cf_vt_gurobi_original,3-25,physics,R7,4,0.0,normalized,1.0e-6,true
cf_vt_gurobi_original,WMM-replay,physics,R7,4,5.684341886080802e-14,K,0.0001,true
cf_vt_gurobi_original,3-33:34,model,R7,4,5.684341886080802e-14,K,0.0001,true
cf_vt_gurobi_original,3-39:40,model,R7,5,0.0,K,0.0001,true
cf_vt_gurobi_original,3-41,model,7,5,0.0,K,0.0001,true
cf_vt_gurobi_original,3-41,model,7,5,0.0,K,0.0001,true
cf_vt_gurobi_original,3-23-kappa,model,7,5,0.0,kPa,0.005199261864978687,true
cf_vt_gurobi_original,3-22,model,R7,5,0.0,normalized,1.0e-6,true
cf_vt_gurobi_original,3-26,model,R7,5,0.0,normalized,1.0e-6,true
cf_vt_gurobi_original,3-25,physics,R7,5,0.0,normalized,1.0e-6,true
cf_vt_gurobi_original,WMM-replay,physics,R7,5,5.684341886080802e-14,K,0.0001,true
cf_vt_gurobi_original,3-33:34,model,R7,5,5.684341886080802e-14,K,0.0001,true
cf_vt_gurobi_original,3-39:40,model,R7,6,0.0,K,0.0001,true
cf_vt_gurobi_original,3-41,model,7,6,0.0,K,0.0001,true
cf_vt_gurobi_original,3-41,model,7,6,0.0,K,0.0001,true
cf_vt_gurobi_original,3-23-kappa,model,7,6,0.0,kPa,0.005199261864978687,true
cf_vt_gurobi_original,3-22,model,R7,6,0.0,normalized,1.0e-6,true
cf_vt_gurobi_original,3-26,model,R7,6,0.0,normalized,1.0e-6,true
cf_vt_gurobi_original,3-25,physics,R7,6,0.0,normalized,1.0e-6,true
cf_vt_gurobi_original,WMM-replay,physics,R7,6,0.0,K,0.0001,true
cf_vt_gurobi_original,3-33:34,model,R7,6,0.0,K,0.0001,true
cf_vt_gurobi_original,3-39:40,model,R7,7,0.0,K,0.0001,true
cf_vt_gurobi_original,3-41,model,7,7,0.0,K,0.0001,true
cf_vt_gurobi_original,3-41,model,7,7,0.0,K,0.0001,true
cf_vt_gurobi_original,3-23-kappa,model,7,7,0.0,kPa,0.005199261864978687,true
cf_vt_gurobi_original,3-22,model,R7,7,0.0,normalized,1.0e-6,true
cf_vt_gurobi_original,3-26,model,R7,7,0.0,normalized,1.0e-6,true
cf_vt_gurobi_original,3-25,physics,R7,7,0.0,normalized,1.0e-6,true
cf_vt_gurobi_original,WMM-replay,physics,R7,7,5.684341886080802e-14,K,0.0001,true
cf_vt_gurobi_original,3-33:34,model,R7,7,5.684341886080802e-14,K,0.0001,true
cf_vt_gurobi_original,3-39:40,model,R7,8,0.0,K,0.0001,true
cf_vt_gurobi_original,3-41,model,7,8,0.0,K,0.0001,true
cf_vt_gurobi_original,3-41,model,7,8,0.0,K,0.0001,true
cf_vt_gurobi_original,3-23-kappa,model,7,8,0.0,kPa,0.005199261864978687,true
cf_vt_gurobi_original,3-22,model,R7,8,0.0,normalized,1.0e-6,true
cf_vt_gurobi_original,3-26,model,R7,8,0.0,normalized,1.0e-6,true
cf_vt_gurobi_original,3-25,physics,R7,8,0.0,normalized,1.0e-6,true
cf_vt_gurobi_original,WMM-replay,physics,R7,8,5.684341886080802e-14,K,0.0001,true
cf_vt_gurobi_original,3-33:34,model,R7,8,5.684341886080802e-14,K,0.0001,true
cf_vt_gurobi_original,3-39:40,model,R7,9,0.0,K,0.0001,true
cf_vt_gurobi_original,3-41,model,7,9,0.0,K,0.0001,true
cf_vt_gurobi_original,3-41,model,7,9,0.0,K,0.0001,true
cf_vt_gurobi_original,3-23-kappa,model,7,9,0.0,kPa,0.005199261864978687,true
cf_vt_gurobi_original,3-22,model,R7,9,0.0,normalized,1.0e-6,true
cf_vt_gurobi_original,3-26,model,R7,9,0.0,normalized,1.0e-6,true
cf_vt_gurobi_original,3-25,physics,R7,9,0.0,normalized,1.0e-6,true
cf_vt_gurobi_original,WMM-replay,physics,R7,9,0.0,K,0.0001,true
cf_vt_gurobi_original,3-33:34,model,R7,9,0.0,K,0.0001,true
cf_vt_gurobi_original,3-39:40,model,R7,10,0.0,K,0.0001,true
cf_vt_gurobi_original,3-41,model,7,10,0.0,K,0.0001,true
cf_vt_gurobi_original,3-41,model,7,10,0.0,K,0.0001,true
cf_vt_gurobi_original,3-23-kappa,model,7,10,0.0,kPa,0.005199261864978687,true
cf_vt_gurobi_original,3-22,model,R7,10,0.0,normalized,1.0e-6,true
cf_vt_gurobi_original,3-26,model,R7,10,0.0,normalized,1.0e-6,true
cf_vt_gurobi_original,3-25,physics,R7,10,0.0,normalized,1.0e-6,true
cf_vt_gurobi_original,WMM-replay,physics,R7,10,5.684341886080802e-14,K,0.0001,true
cf_vt_gurobi_original,3-33:34,model,R7,10,5.684341886080802e-14,K,0.0001,true
cf_vt_gurobi_original,3-39:40,model,R7,11,0.0,K,0.0001,true
cf_vt_gurobi_original,3-41,model,7,11,0.0,K,0.0001,true
cf_vt_gurobi_original,3-41,model,7,11,0.0,K,0.0001,true
cf_vt_gurobi_original,3-23-kappa,model,7,11,0.0,kPa,0.005199261864978687,true
cf_vt_gurobi_original,3-22,model,R7,11,0.0,normalized,1.0e-6,true
cf_vt_gurobi_original,3-26,model,R7,11,0.0,normalized,1.0e-6,true
cf_vt_gurobi_original,3-25,physics,R7,11,0.0,normalized,1.0e-6,true
cf_vt_gurobi_original,WMM-replay,physics,R7,11,0.0,K,0.0001,true
cf_vt_gurobi_original,3-33:34,model,R7,11,0.0,K,0.0001,true
cf_vt_gurobi_original,3-39:40,model,R7,12,0.0,K,0.0001,true
cf_vt_gurobi_original,3-41,model,7,12,0.0,K,0.0001,true
cf_vt_gurobi_original,3-41,model,7,12,0.0,K,0.0001,true
cf_vt_gurobi_original,3-23-kappa,model,7,12,0.0,kPa,0.005199261864978687,true
cf_vt_gurobi_original,3-22,model,R7,12,0.0,normalized,1.0e-6,true
cf_vt_gurobi_original,3-26,model,R7,12,0.0,normalized,1.0e-6,true
cf_vt_gurobi_original,3-25,physics,R7,12,0.0,normalized,1.0e-6,true
cf_vt_gurobi_original,WMM-replay,physics,R7,12,5.684341886080802e-14,K,0.0001,true
cf_vt_gurobi_original,3-33:34,model,R7,12,5.684341886080802e-14,K,0.0001,true
cf_vt_gurobi_original,3-39:40,model,R7,13,0.0,K,0.0001,true
cf_vt_gurobi_original,3-41,model,7,13,0.0,K,0.0001,true
cf_vt_gurobi_original,3-41,model,7,13,0.0,K,0.0001,true
cf_vt_gurobi_original,3-23-kappa,model,7,13,0.0,kPa,0.005199261864978687,true
cf_vt_gurobi_original,3-22,model,R7,13,0.0,normalized,1.0e-6,true
cf_vt_gurobi_original,3-26,model,R7,13,0.0,normalized,1.0e-6,true
cf_vt_gurobi_original,3-25,physics,R7,13,0.0,normalized,1.0e-6,true
cf_vt_gurobi_original,WMM-replay,physics,R7,13,5.684341886080802e-14,K,0.0001,true
cf_vt_gurobi_original,3-33:34,model,R7,13,5.684341886080802e-14,K,0.0001,true
cf_vt_gurobi_original,3-39:40,model,R7,14,0.0,K,0.0001,true
cf_vt_gurobi_original,3-41,model,7,14,0.0,K,0.0001,true
cf_vt_gurobi_original,3-41,model,7,14,0.0,K,0.0001,true
cf_vt_gurobi_original,3-23-kappa,model,7,14,0.0,kPa,0.005199261864978687,true
cf_vt_gurobi_original,3-22,model,R7,14,0.0,normalized,1.0e-6,true
cf_vt_gurobi_original,3-26,model,R7,14,0.0,normalized,1.0e-6,true
cf_vt_gurobi_original,3-25,physics,R7,14,0.0,normalized,1.0e-6,true
cf_vt_gurobi_original,WMM-replay,physics,R7,14,1.1368683772161603e-13,K,0.0001,true
cf_vt_gurobi_original,3-33:34,model,R7,14,1.1368683772161603e-13,K,0.0001,true
cf_vt_gurobi_original,3-39:40,model,R7,15,0.0,K,0.0001,true
cf_vt_gurobi_original,3-41,model,7,15,0.0,K,0.0001,true
cf_vt_gurobi_original,3-41,model,7,15,0.0,K,0.0001,true
cf_vt_gurobi_original,3-23-kappa,model,7,15,0.0,kPa,0.005199261864978687,true
cf_vt_gurobi_original,3-22,model,R7,15,0.0,normalized,1.0e-6,true
cf_vt_gurobi_original,3-26,model,R7,15,0.0,normalized,1.0e-6,true
cf_vt_gurobi_original,3-25,physics,R7,15,0.0,normalized,1.0e-6,true
cf_vt_gurobi_original,WMM-replay,physics,R7,15,0.0,K,0.0001,true
cf_vt_gurobi_original,3-33:34,model,R7,15,0.0,K,0.0001,true
cf_vt_gurobi_original,3-39:40,model,R7,16,0.0,K,0.0001,true
cf_vt_gurobi_original,3-41,model,7,16,0.0,K,0.0001,true
cf_vt_gurobi_original,3-41,model,7,16,0.0,K,0.0001,true
cf_vt_gurobi_original,3-23-kappa,model,7,16,0.0,kPa,0.005199261864978687,true
cf_vt_gurobi_original,3-22,model,R7,16,0.0,normalized,1.0e-6,true
cf_vt_gurobi_original,3-26,model,R7,16,0.0,normalized,1.0e-6,true
cf_vt_gurobi_original,3-25,physics,R7,16,0.0,normalized,1.0e-6,true
cf_vt_gurobi_original,WMM-replay,physics,R7,16,0.0,K,0.0001,true
cf_vt_gurobi_original,3-33:34,model,R7,16,0.0,K,0.0001,true
cf_vt_gurobi_original,3-39:40,model,R7,17,0.0,K,0.0001,true
cf_vt_gurobi_original,3-41,model,7,17,0.0,K,0.0001,true
cf_vt_gurobi_original,3-41,model,7,17,0.0,K,0.0001,true
cf_vt_gurobi_original,3-23-kappa,model,7,17,0.0,kPa,0.005199261864978687,true
cf_vt_gurobi_original,3-22,model,R7,17,0.0,normalized,1.0e-6,true
cf_vt_gurobi_original,3-26,model,R7,17,0.0,normalized,1.0e-6,true
cf_vt_gurobi_original,3-25,physics,R7,17,0.0,normalized,1.0e-6,true
cf_vt_gurobi_original,WMM-replay,physics,R7,17,5.684341886080802e-14,K,0.0001,true
cf_vt_gurobi_original,3-33:34,model,R7,17,5.684341886080802e-14,K,0.0001,true
cf_vt_gurobi_original,3-39:40,model,R7,18,0.0,K,0.0001,true
cf_vt_gurobi_original,3-41,model,7,18,0.0,K,0.0001,true
cf_vt_gurobi_original,3-41,model,7,18,0.0,K,0.0001,true
cf_vt_gurobi_original,3-23-kappa,model,7,18,0.0,kPa,0.005199261864978687,true
cf_vt_gurobi_original,3-22,model,R7,18,0.0,normalized,1.0e-6,true
cf_vt_gurobi_original,3-26,model,R7,18,0.0,normalized,1.0e-6,true
cf_vt_gurobi_original,3-25,physics,R7,18,0.0,normalized,1.0e-6,true
cf_vt_gurobi_original,WMM-replay,physics,R7,18,0.0,K,0.0001,true
cf_vt_gurobi_original,3-33:34,model,R7,18,0.0,K,0.0001,true
cf_vt_gurobi_original,3-39:40,model,R7,19,0.0,K,0.0001,true
cf_vt_gurobi_original,3-41,model,7,19,0.0,K,0.0001,true
cf_vt_gurobi_original,3-41,model,7,19,0.0,K,0.0001,true
cf_vt_gurobi_original,3-23-kappa,model,7,19,0.0,kPa,0.005199261864978687,true
cf_vt_gurobi_original,3-22,model,R7,19,0.0,normalized,1.0e-6,true
cf_vt_gurobi_original,3-26,model,R7,19,0.0,normalized,1.0e-6,true
cf_vt_gurobi_original,3-25,physics,R7,19,0.0,normalized,1.0e-6,true
cf_vt_gurobi_original,WMM-replay,physics,R7,19,5.684341886080802e-14,K,0.0001,true
cf_vt_gurobi_original,3-33:34,model,R7,19,5.684341886080802e-14,K,0.0001,true
cf_vt_gurobi_original,3-39:40,model,R7,20,0.0,K,0.0001,true
cf_vt_gurobi_original,3-41,model,7,20,0.0,K,0.0001,true
cf_vt_gurobi_original,3-41,model,7,20,0.0,K,0.0001,true
cf_vt_gurobi_original,3-23-kappa,model,7,20,0.0,kPa,0.005199261864978687,true
cf_vt_gurobi_original,3-22,model,R7,20,0.0,normalized,1.0e-6,true
cf_vt_gurobi_original,3-26,model,R7,20,0.0,normalized,1.0e-6,true
cf_vt_gurobi_original,3-25,physics,R7,20,0.0,normalized,1.0e-6,true
cf_vt_gurobi_original,WMM-replay,physics,R7,20,0.0,K,0.0001,true
cf_vt_gurobi_original,3-33:34,model,R7,20,0.0,K,0.0001,true
cf_vt_gurobi_original,3-39:40,model,R7,21,0.0,K,0.0001,true
cf_vt_gurobi_original,3-41,model,7,21,0.0,K,0.0001,true
cf_vt_gurobi_original,3-41,model,7,21,0.0,K,0.0001,true
cf_vt_gurobi_original,3-23-kappa,model,7,21,0.0,kPa,0.005199261864978687,true
cf_vt_gurobi_original,3-22,model,R7,21,0.0,normalized,1.0e-6,true
cf_vt_gurobi_original,3-26,model,R7,21,0.0,normalized,1.0e-6,true
cf_vt_gurobi_original,3-25,physics,R7,21,0.0,normalized,1.0e-6,true
cf_vt_gurobi_original,WMM-replay,physics,R7,21,5.684341886080802e-14,K,0.0001,true
cf_vt_gurobi_original,3-33:34,model,R7,21,5.684341886080802e-14,K,0.0001,true
cf_vt_gurobi_original,3-39:40,model,R7,22,0.0,K,0.0001,true
cf_vt_gurobi_original,3-41,model,7,22,0.0,K,0.0001,true
cf_vt_gurobi_original,3-41,model,7,22,0.0,K,0.0001,true
cf_vt_gurobi_original,3-23-kappa,model,7,22,0.0,kPa,0.005199261864978687,true
cf_vt_gurobi_original,3-22,model,R7,22,0.0,normalized,1.0e-6,true
cf_vt_gurobi_original,3-26,model,R7,22,0.0,normalized,1.0e-6,true
cf_vt_gurobi_original,3-25,physics,R7,22,0.0,normalized,1.0e-6,true
cf_vt_gurobi_original,WMM-replay,physics,R7,22,0.0,K,0.0001,true
cf_vt_gurobi_original,3-33:34,model,R7,22,0.0,K,0.0001,true
cf_vt_gurobi_original,3-39:40,model,R7,23,0.0,K,0.0001,true
cf_vt_gurobi_original,3-41,model,7,23,0.0,K,0.0001,true
cf_vt_gurobi_original,3-41,model,7,23,0.0,K,0.0001,true
cf_vt_gurobi_original,3-23-kappa,model,7,23,0.0,kPa,0.005199261864978687,true
cf_vt_gurobi_original,3-22,model,R7,23,0.0,normalized,1.0e-6,true
cf_vt_gurobi_original,3-26,model,R7,23,0.0,normalized,1.0e-6,true
cf_vt_gurobi_original,3-25,physics,R7,23,0.0,normalized,1.0e-6,true
cf_vt_gurobi_original,WMM-replay,physics,R7,23,5.684341886080802e-14,K,0.0001,true
cf_vt_gurobi_original,3-33:34,model,R7,23,5.684341886080802e-14,K,0.0001,true
cf_vt_gurobi_original,3-39:40,model,R7,24,0.0,K,0.0001,true
cf_vt_gurobi_original,3-41,model,7,24,0.0,K,0.0001,true
cf_vt_gurobi_original,3-41,model,7,24,0.0,K,0.0001,true
cf_vt_gurobi_original,3-23-kappa,model,7,24,0.0,kPa,0.005199261864978687,true
cf_vt_gurobi_original,3-22,model,R7,24,0.0,normalized,1.0e-6,true
cf_vt_gurobi_original,3-26,model,R7,24,0.0,normalized,1.0e-6,true
cf_vt_gurobi_original,3-25,physics,R7,24,0.0,normalized,1.0e-6,true
cf_vt_gurobi_original,WMM-replay,physics,R7,24,5.684341886080802e-14,K,0.0001,true
cf_vt_gurobi_original,3-33:34,model,R7,24,5.684341886080802e-14,K,0.0001,true
cf_vt_gurobi_original,3-23,model,8,1,0.0,kg/s,2.947222222222222e-5,true
cf_vt_gurobi_original,R2-fixed-flow,model,8,1,0.0,kg/s,2.947222222222222e-5,true
cf_vt_gurobi_original,3-27,model,8,1,0.0,kg/s,2.947222222222222e-5,true
cf_vt_gurobi_original,3-30,model,8,1,0.0,kg/s,2.947222222222222e-5,true
cf_vt_gurobi_original,3-32,model,8,1,0.0,1,1.0e-6,true
cf_vt_gurobi_original,3-28,model,8,1,0.0,1,1.0e-6,true
cf_vt_gurobi_original,3-29:32,model,8,1,0.0,1,1.0e-6,true
cf_vt_gurobi_original,3-31,model,8,1,0.0,1,1.0e-6,true
cf_vt_gurobi_original,3-29:32,model,8,1,0.0,1,1.0e-6,true
cf_vt_gurobi_original,3-23,model,8,2,0.0,kg/s,2.947222222222222e-5,true
cf_vt_gurobi_original,R2-fixed-flow,model,8,2,0.0,kg/s,2.947222222222222e-5,true
cf_vt_gurobi_original,3-27,model,8,2,0.0,kg/s,2.947222222222222e-5,true
cf_vt_gurobi_original,3-30,model,8,2,0.0,kg/s,2.947222222222222e-5,true
cf_vt_gurobi_original,3-32,model,8,2,0.0,1,1.0e-6,true
cf_vt_gurobi_original,3-28,model,8,2,0.0,1,1.0e-6,true
cf_vt_gurobi_original,3-29:32,model,8,2,0.0,1,1.0e-6,true
cf_vt_gurobi_original,3-31,model,8,2,0.0,1,1.0e-6,true
cf_vt_gurobi_original,3-29:32,model,8,2,0.0,1,1.0e-6,true
cf_vt_gurobi_original,3-23,model,8,3,0.0,kg/s,2.947222222222222e-5,true
cf_vt_gurobi_original,R2-fixed-flow,model,8,3,0.0,kg/s,2.947222222222222e-5,true
cf_vt_gurobi_original,3-27,model,8,3,0.0,kg/s,2.947222222222222e-5,true
cf_vt_gurobi_original,3-30,model,8,3,0.0,kg/s,2.947222222222222e-5,true
cf_vt_gurobi_original,3-32,model,8,3,0.0,1,1.0e-6,true
cf_vt_gurobi_original,3-28,model,8,3,0.0,1,1.0e-6,true
cf_vt_gurobi_original,3-29:32,model,8,3,0.0,1,1.0e-6,true
cf_vt_gurobi_original,3-31,model,8,3,0.0,1,1.0e-6,true
cf_vt_gurobi_original,3-29:32,model,8,3,0.0,1,1.0e-6,true
cf_vt_gurobi_original,3-23,model,8,4,0.0,kg/s,2.947222222222222e-5,true
cf_vt_gurobi_original,R2-fixed-flow,model,8,4,0.0,kg/s,2.947222222222222e-5,true
cf_vt_gurobi_original,3-27,model,8,4,0.0,kg/s,2.947222222222222e-5,true
cf_vt_gurobi_original,3-30,model,8,4,0.0,kg/s,2.947222222222222e-5,true
cf_vt_gurobi_original,3-32,model,8,4,0.0,1,1.0e-6,true
cf_vt_gurobi_original,3-28,model,8,4,0.0,1,1.0e-6,true
cf_vt_gurobi_original,3-29:32,model,8,4,0.0,1,1.0e-6,true
cf_vt_gurobi_original,3-31,model,8,4,0.0,1,1.0e-6,true
cf_vt_gurobi_original,3-29:32,model,8,4,0.0,1,1.0e-6,true
cf_vt_gurobi_original,3-23,model,8,5,0.0,kg/s,2.947222222222222e-5,true
cf_vt_gurobi_original,R2-fixed-flow,model,8,5,0.0,kg/s,2.947222222222222e-5,true
cf_vt_gurobi_original,3-27,model,8,5,0.0,kg/s,2.947222222222222e-5,true
cf_vt_gurobi_original,3-30,model,8,5,0.0,kg/s,2.947222222222222e-5,true
cf_vt_gurobi_original,3-32,model,8,5,0.0,1,1.0e-6,true
cf_vt_gurobi_original,3-28,model,8,5,0.0,1,1.0e-6,true
cf_vt_gurobi_original,3-29:32,model,8,5,0.0,1,1.0e-6,true
cf_vt_gurobi_original,3-31,model,8,5,0.0,1,1.0e-6,true
cf_vt_gurobi_original,3-29:32,model,8,5,0.0,1,1.0e-6,true
cf_vt_gurobi_original,3-23,model,8,6,0.0,kg/s,2.947222222222222e-5,true
cf_vt_gurobi_original,R2-fixed-flow,model,8,6,0.0,kg/s,2.947222222222222e-5,true
cf_vt_gurobi_original,3-27,model,8,6,0.0,kg/s,2.947222222222222e-5,true
cf_vt_gurobi_original,3-30,model,8,6,0.0,kg/s,2.947222222222222e-5,true
cf_vt_gurobi_original,3-32,model,8,6,0.0,1,1.0e-6,true
cf_vt_gurobi_original,3-28,model,8,6,0.0,1,1.0e-6,true
cf_vt_gurobi_original,3-29:32,model,8,6,0.0,1,1.0e-6,true
cf_vt_gurobi_original,3-31,model,8,6,0.0,1,1.0e-6,true
cf_vt_gurobi_original,3-29:32,model,8,6,0.0,1,1.0e-6,true
cf_vt_gurobi_original,3-23,model,8,7,0.0,kg/s,2.947222222222222e-5,true
cf_vt_gurobi_original,R2-fixed-flow,model,8,7,0.0,kg/s,2.947222222222222e-5,true
cf_vt_gurobi_original,3-27,model,8,7,0.0,kg/s,2.947222222222222e-5,true
cf_vt_gurobi_original,3-30,model,8,7,0.0,kg/s,2.947222222222222e-5,true
cf_vt_gurobi_original,3-32,model,8,7,0.0,1,1.0e-6,true
cf_vt_gurobi_original,3-28,model,8,7,0.0,1,1.0e-6,true
cf_vt_gurobi_original,3-29:32,model,8,7,0.0,1,1.0e-6,true
cf_vt_gurobi_original,3-31,model,8,7,0.0,1,1.0e-6,true
cf_vt_gurobi_original,3-29:32,model,8,7,0.0,1,1.0e-6,true
cf_vt_gurobi_original,3-23,model,8,8,0.0,kg/s,2.947222222222222e-5,true
cf_vt_gurobi_original,R2-fixed-flow,model,8,8,0.0,kg/s,2.947222222222222e-5,true
cf_vt_gurobi_original,3-27,model,8,8,0.0,kg/s,2.947222222222222e-5,true
cf_vt_gurobi_original,3-30,model,8,8,0.0,kg/s,2.947222222222222e-5,true
cf_vt_gurobi_original,3-32,model,8,8,0.0,1,1.0e-6,true
cf_vt_gurobi_original,3-28,model,8,8,0.0,1,1.0e-6,true
cf_vt_gurobi_original,3-29:32,model,8,8,0.0,1,1.0e-6,true
cf_vt_gurobi_original,3-31,model,8,8,0.0,1,1.0e-6,true
cf_vt_gurobi_original,3-29:32,model,8,8,0.0,1,1.0e-6,true
cf_vt_gurobi_original,3-23,model,8,9,0.0,kg/s,2.947222222222222e-5,true
cf_vt_gurobi_original,R2-fixed-flow,model,8,9,0.0,kg/s,2.947222222222222e-5,true
cf_vt_gurobi_original,3-27,model,8,9,0.0,kg/s,2.947222222222222e-5,true
cf_vt_gurobi_original,3-30,model,8,9,0.0,kg/s,2.947222222222222e-5,true
cf_vt_gurobi_original,3-32,model,8,9,0.0,1,1.0e-6,true
cf_vt_gurobi_original,3-28,model,8,9,0.0,1,1.0e-6,true
cf_vt_gurobi_original,3-29:32,model,8,9,0.0,1,1.0e-6,true
cf_vt_gurobi_original,3-31,model,8,9,0.0,1,1.0e-6,true
cf_vt_gurobi_original,3-29:32,model,8,9,0.0,1,1.0e-6,true
cf_vt_gurobi_original,3-23,model,8,10,0.0,kg/s,2.947222222222222e-5,true
cf_vt_gurobi_original,R2-fixed-flow,model,8,10,0.0,kg/s,2.947222222222222e-5,true
cf_vt_gurobi_original,3-27,model,8,10,0.0,kg/s,2.947222222222222e-5,true
cf_vt_gurobi_original,3-30,model,8,10,0.0,kg/s,2.947222222222222e-5,true
cf_vt_gurobi_original,3-32,model,8,10,0.0,1,1.0e-6,true
cf_vt_gurobi_original,3-28,model,8,10,0.0,1,1.0e-6,true
cf_vt_gurobi_original,3-29:32,model,8,10,0.0,1,1.0e-6,true
cf_vt_gurobi_original,3-31,model,8,10,0.0,1,1.0e-6,true
cf_vt_gurobi_original,3-29:32,model,8,10,0.0,1,1.0e-6,true
cf_vt_gurobi_original,3-23,model,8,11,0.0,kg/s,2.947222222222222e-5,true
cf_vt_gurobi_original,R2-fixed-flow,model,8,11,0.0,kg/s,2.947222222222222e-5,true
cf_vt_gurobi_original,3-27,model,8,11,0.0,kg/s,2.947222222222222e-5,true
cf_vt_gurobi_original,3-30,model,8,11,0.0,kg/s,2.947222222222222e-5,true
cf_vt_gurobi_original,3-32,model,8,11,0.0,1,1.0e-6,true
cf_vt_gurobi_original,3-28,model,8,11,0.0,1,1.0e-6,true
cf_vt_gurobi_original,3-29:32,model,8,11,0.0,1,1.0e-6,true
cf_vt_gurobi_original,3-31,model,8,11,0.0,1,1.0e-6,true
cf_vt_gurobi_original,3-29:32,model,8,11,0.0,1,1.0e-6,true
cf_vt_gurobi_original,3-23,model,8,12,0.0,kg/s,2.947222222222222e-5,true
cf_vt_gurobi_original,R2-fixed-flow,model,8,12,0.0,kg/s,2.947222222222222e-5,true
cf_vt_gurobi_original,3-27,model,8,12,0.0,kg/s,2.947222222222222e-5,true
cf_vt_gurobi_original,3-30,model,8,12,0.0,kg/s,2.947222222222222e-5,true
cf_vt_gurobi_original,3-32,model,8,12,0.0,1,1.0e-6,true
cf_vt_gurobi_original,3-28,model,8,12,0.0,1,1.0e-6,true
cf_vt_gurobi_original,3-29:32,model,8,12,0.0,1,1.0e-6,true
cf_vt_gurobi_original,3-31,model,8,12,0.0,1,1.0e-6,true
cf_vt_gurobi_original,3-29:32,model,8,12,0.0,1,1.0e-6,true
cf_vt_gurobi_original,3-23,model,8,13,0.0,kg/s,2.947222222222222e-5,true
cf_vt_gurobi_original,R2-fixed-flow,model,8,13,0.0,kg/s,2.947222222222222e-5,true
cf_vt_gurobi_original,3-27,model,8,13,0.0,kg/s,2.947222222222222e-5,true
cf_vt_gurobi_original,3-30,model,8,13,0.0,kg/s,2.947222222222222e-5,true
cf_vt_gurobi_original,3-32,model,8,13,0.0,1,1.0e-6,true
cf_vt_gurobi_original,3-28,model,8,13,0.0,1,1.0e-6,true
cf_vt_gurobi_original,3-29:32,model,8,13,0.0,1,1.0e-6,true
cf_vt_gurobi_original,3-31,model,8,13,0.0,1,1.0e-6,true
cf_vt_gurobi_original,3-29:32,model,8,13,0.0,1,1.0e-6,true
cf_vt_gurobi_original,3-23,model,8,14,0.0,kg/s,2.947222222222222e-5,true
cf_vt_gurobi_original,R2-fixed-flow,model,8,14,0.0,kg/s,2.947222222222222e-5,true
cf_vt_gurobi_original,3-27,model,8,14,0.0,kg/s,2.947222222222222e-5,true
cf_vt_gurobi_original,3-30,model,8,14,0.0,kg/s,2.947222222222222e-5,true
cf_vt_gurobi_original,3-32,model,8,14,0.0,1,1.0e-6,true
cf_vt_gurobi_original,3-28,model,8,14,0.0,1,1.0e-6,true
cf_vt_gurobi_original,3-29:32,model,8,14,0.0,1,1.0e-6,true
cf_vt_gurobi_original,3-31,model,8,14,0.0,1,1.0e-6,true
cf_vt_gurobi_original,3-29:32,model,8,14,0.0,1,1.0e-6,true
cf_vt_gurobi_original,3-23,model,8,15,0.0,kg/s,2.947222222222222e-5,true
cf_vt_gurobi_original,R2-fixed-flow,model,8,15,0.0,kg/s,2.947222222222222e-5,true
cf_vt_gurobi_original,3-27,model,8,15,0.0,kg/s,2.947222222222222e-5,true
cf_vt_gurobi_original,3-30,model,8,15,0.0,kg/s,2.947222222222222e-5,true
cf_vt_gurobi_original,3-32,model,8,15,0.0,1,1.0e-6,true
cf_vt_gurobi_original,3-28,model,8,15,0.0,1,1.0e-6,true
cf_vt_gurobi_original,3-29:32,model,8,15,0.0,1,1.0e-6,true
cf_vt_gurobi_original,3-31,model,8,15,0.0,1,1.0e-6,true
cf_vt_gurobi_original,3-29:32,model,8,15,0.0,1,1.0e-6,true
cf_vt_gurobi_original,3-23,model,8,16,0.0,kg/s,2.947222222222222e-5,true
cf_vt_gurobi_original,R2-fixed-flow,model,8,16,0.0,kg/s,2.947222222222222e-5,true
cf_vt_gurobi_original,3-27,model,8,16,0.0,kg/s,2.947222222222222e-5,true
cf_vt_gurobi_original,3-30,model,8,16,0.0,kg/s,2.947222222222222e-5,true
cf_vt_gurobi_original,3-32,model,8,16,0.0,1,1.0e-6,true
cf_vt_gurobi_original,3-28,model,8,16,0.0,1,1.0e-6,true
cf_vt_gurobi_original,3-29:32,model,8,16,0.0,1,1.0e-6,true
cf_vt_gurobi_original,3-31,model,8,16,0.0,1,1.0e-6,true
cf_vt_gurobi_original,3-29:32,model,8,16,0.0,1,1.0e-6,true
cf_vt_gurobi_original,3-23,model,8,17,0.0,kg/s,2.947222222222222e-5,true
cf_vt_gurobi_original,R2-fixed-flow,model,8,17,0.0,kg/s,2.947222222222222e-5,true
cf_vt_gurobi_original,3-27,model,8,17,0.0,kg/s,2.947222222222222e-5,true
cf_vt_gurobi_original,3-30,model,8,17,0.0,kg/s,2.947222222222222e-5,true
cf_vt_gurobi_original,3-32,model,8,17,0.0,1,1.0e-6,true
cf_vt_gurobi_original,3-28,model,8,17,0.0,1,1.0e-6,true
cf_vt_gurobi_original,3-29:32,model,8,17,0.0,1,1.0e-6,true
cf_vt_gurobi_original,3-31,model,8,17,0.0,1,1.0e-6,true
cf_vt_gurobi_original,3-29:32,model,8,17,0.0,1,1.0e-6,true
cf_vt_gurobi_original,3-23,model,8,18,0.0,kg/s,2.947222222222222e-5,true
cf_vt_gurobi_original,R2-fixed-flow,model,8,18,0.0,kg/s,2.947222222222222e-5,true
cf_vt_gurobi_original,3-27,model,8,18,0.0,kg/s,2.947222222222222e-5,true
cf_vt_gurobi_original,3-30,model,8,18,0.0,kg/s,2.947222222222222e-5,true
cf_vt_gurobi_original,3-32,model,8,18,0.0,1,1.0e-6,true
cf_vt_gurobi_original,3-28,model,8,18,0.0,1,1.0e-6,true
cf_vt_gurobi_original,3-29:32,model,8,18,0.0,1,1.0e-6,true
cf_vt_gurobi_original,3-31,model,8,18,0.0,1,1.0e-6,true
cf_vt_gurobi_original,3-29:32,model,8,18,0.0,1,1.0e-6,true
cf_vt_gurobi_original,3-23,model,8,19,0.0,kg/s,2.947222222222222e-5,true
cf_vt_gurobi_original,R2-fixed-flow,model,8,19,0.0,kg/s,2.947222222222222e-5,true
cf_vt_gurobi_original,3-27,model,8,19,0.0,kg/s,2.947222222222222e-5,true
cf_vt_gurobi_original,3-30,model,8,19,0.0,kg/s,2.947222222222222e-5,true
cf_vt_gurobi_original,3-32,model,8,19,0.0,1,1.0e-6,true
cf_vt_gurobi_original,3-28,model,8,19,0.0,1,1.0e-6,true
cf_vt_gurobi_original,3-29:32,model,8,19,0.0,1,1.0e-6,true
cf_vt_gurobi_original,3-31,model,8,19,0.0,1,1.0e-6,true
cf_vt_gurobi_original,3-29:32,model,8,19,0.0,1,1.0e-6,true
cf_vt_gurobi_original,3-23,model,8,20,0.0,kg/s,2.947222222222222e-5,true
cf_vt_gurobi_original,R2-fixed-flow,model,8,20,0.0,kg/s,2.947222222222222e-5,true
cf_vt_gurobi_original,3-27,model,8,20,0.0,kg/s,2.947222222222222e-5,true
cf_vt_gurobi_original,3-30,model,8,20,0.0,kg/s,2.947222222222222e-5,true
cf_vt_gurobi_original,3-32,model,8,20,0.0,1,1.0e-6,true
cf_vt_gurobi_original,3-28,model,8,20,0.0,1,1.0e-6,true
cf_vt_gurobi_original,3-29:32,model,8,20,0.0,1,1.0e-6,true
cf_vt_gurobi_original,3-31,model,8,20,0.0,1,1.0e-6,true
cf_vt_gurobi_original,3-29:32,model,8,20,0.0,1,1.0e-6,true
cf_vt_gurobi_original,3-23,model,8,21,0.0,kg/s,2.947222222222222e-5,true
cf_vt_gurobi_original,R2-fixed-flow,model,8,21,0.0,kg/s,2.947222222222222e-5,true
cf_vt_gurobi_original,3-27,model,8,21,0.0,kg/s,2.947222222222222e-5,true
cf_vt_gurobi_original,3-30,model,8,21,0.0,kg/s,2.947222222222222e-5,true
cf_vt_gurobi_original,3-32,model,8,21,0.0,1,1.0e-6,true
cf_vt_gurobi_original,3-28,model,8,21,0.0,1,1.0e-6,true
cf_vt_gurobi_original,3-29:32,model,8,21,0.0,1,1.0e-6,true
cf_vt_gurobi_original,3-31,model,8,21,0.0,1,1.0e-6,true
cf_vt_gurobi_original,3-29:32,model,8,21,0.0,1,1.0e-6,true
cf_vt_gurobi_original,3-23,model,8,22,0.0,kg/s,2.947222222222222e-5,true
cf_vt_gurobi_original,R2-fixed-flow,model,8,22,0.0,kg/s,2.947222222222222e-5,true
cf_vt_gurobi_original,3-27,model,8,22,0.0,kg/s,2.947222222222222e-5,true
cf_vt_gurobi_original,3-30,model,8,22,0.0,kg/s,2.947222222222222e-5,true
cf_vt_gurobi_original,3-32,model,8,22,0.0,1,1.0e-6,true
cf_vt_gurobi_original,3-28,model,8,22,0.0,1,1.0e-6,true
cf_vt_gurobi_original,3-29:32,model,8,22,0.0,1,1.0e-6,true
cf_vt_gurobi_original,3-31,model,8,22,0.0,1,1.0e-6,true
cf_vt_gurobi_original,3-29:32,model,8,22,0.0,1,1.0e-6,true
cf_vt_gurobi_original,3-23,model,8,23,0.0,kg/s,2.947222222222222e-5,true
cf_vt_gurobi_original,R2-fixed-flow,model,8,23,0.0,kg/s,2.947222222222222e-5,true
cf_vt_gurobi_original,3-27,model,8,23,0.0,kg/s,2.947222222222222e-5,true
cf_vt_gurobi_original,3-30,model,8,23,0.0,kg/s,2.947222222222222e-5,true
cf_vt_gurobi_original,3-32,model,8,23,0.0,1,1.0e-6,true
cf_vt_gurobi_original,3-28,model,8,23,0.0,1,1.0e-6,true
cf_vt_gurobi_original,3-29:32,model,8,23,0.0,1,1.0e-6,true
cf_vt_gurobi_original,3-31,model,8,23,0.0,1,1.0e-6,true
cf_vt_gurobi_original,3-29:32,model,8,23,0.0,1,1.0e-6,true
cf_vt_gurobi_original,3-23,model,8,24,0.0,kg/s,2.947222222222222e-5,true
cf_vt_gurobi_original,R2-fixed-flow,model,8,24,0.0,kg/s,2.947222222222222e-5,true
cf_vt_gurobi_original,3-27,model,8,24,0.0,kg/s,2.947222222222222e-5,true
cf_vt_gurobi_original,3-30,model,8,24,0.0,kg/s,2.947222222222222e-5,true
cf_vt_gurobi_original,3-32,model,8,24,0.0,1,1.0e-6,true
cf_vt_gurobi_original,3-28,model,8,24,0.0,1,1.0e-6,true
cf_vt_gurobi_original,3-29:32,model,8,24,0.0,1,1.0e-6,true
cf_vt_gurobi_original,3-31,model,8,24,0.0,1,1.0e-6,true
cf_vt_gurobi_original,3-29:32,model,8,24,0.0,1,1.0e-6,true
cf_vt_gurobi_original,3-39:40,model,S8,1,0.0,K,0.0001,true
cf_vt_gurobi_original,3-41,model,8,1,0.0,K,0.0001,true
cf_vt_gurobi_original,3-41,model,8,1,0.0,K,0.0001,true
cf_vt_gurobi_original,3-23-kappa,model,8,1,0.0,kPa,0.005199261864978687,true
cf_vt_gurobi_original,3-22,model,S8,1,5.4664893149251896e-18,normalized,1.0e-6,true
cf_vt_gurobi_original,3-26,model,S8,1,0.0,normalized,1.0e-6,true
cf_vt_gurobi_original,3-25,physics,S8,1,0.0,normalized,1.0e-6,true
cf_vt_gurobi_original,WMM-replay,physics,S8,1,0.0,K,0.0001,true
cf_vt_gurobi_original,3-33:34,model,S8,1,0.0,K,0.0001,true
cf_vt_gurobi_original,3-39:40,model,S8,2,0.0,K,0.0001,true
cf_vt_gurobi_original,3-41,model,8,2,0.0,K,0.0001,true
cf_vt_gurobi_original,3-41,model,8,2,0.0,K,0.0001,true
cf_vt_gurobi_original,3-23-kappa,model,8,2,0.0,kPa,0.005199261864978687,true
cf_vt_gurobi_original,3-22,model,S8,2,5.4664893149251896e-18,normalized,1.0e-6,true
cf_vt_gurobi_original,3-26,model,S8,2,0.0,normalized,1.0e-6,true
cf_vt_gurobi_original,3-25,physics,S8,2,0.0,normalized,1.0e-6,true
cf_vt_gurobi_original,WMM-replay,physics,S8,2,5.684341886080802e-14,K,0.0001,true
cf_vt_gurobi_original,3-33:34,model,S8,2,5.684341886080802e-14,K,0.0001,true
cf_vt_gurobi_original,3-39:40,model,S8,3,0.0,K,0.0001,true
cf_vt_gurobi_original,3-41,model,8,3,0.0,K,0.0001,true
cf_vt_gurobi_original,3-41,model,8,3,0.0,K,0.0001,true
cf_vt_gurobi_original,3-23-kappa,model,8,3,0.0,kPa,0.005199261864978687,true
cf_vt_gurobi_original,3-22,model,S8,3,5.4664893149251896e-18,normalized,1.0e-6,true
cf_vt_gurobi_original,3-26,model,S8,3,0.0,normalized,1.0e-6,true
cf_vt_gurobi_original,3-25,physics,S8,3,0.0,normalized,1.0e-6,true
cf_vt_gurobi_original,WMM-replay,physics,S8,3,1.1368683772161603e-13,K,0.0001,true
cf_vt_gurobi_original,3-33:34,model,S8,3,1.1368683772161603e-13,K,0.0001,true
cf_vt_gurobi_original,3-39:40,model,S8,4,0.0,K,0.0001,true
cf_vt_gurobi_original,3-41,model,8,4,0.0,K,0.0001,true
cf_vt_gurobi_original,3-41,model,8,4,0.0,K,0.0001,true
cf_vt_gurobi_original,3-23-kappa,model,8,4,0.0,kPa,0.005199261864978687,true
cf_vt_gurobi_original,3-22,model,S8,4,5.4664893149251896e-18,normalized,1.0e-6,true
cf_vt_gurobi_original,3-26,model,S8,4,0.0,normalized,1.0e-6,true
cf_vt_gurobi_original,3-25,physics,S8,4,0.0,normalized,1.0e-6,true
cf_vt_gurobi_original,WMM-replay,physics,S8,4,0.0,K,0.0001,true
cf_vt_gurobi_original,3-33:34,model,S8,4,0.0,K,0.0001,true
cf_vt_gurobi_original,3-39:40,model,S8,5,0.0,K,0.0001,true
cf_vt_gurobi_original,3-41,model,8,5,0.0,K,0.0001,true
cf_vt_gurobi_original,3-41,model,8,5,0.0,K,0.0001,true
cf_vt_gurobi_original,3-23-kappa,model,8,5,0.0,kPa,0.005199261864978687,true
cf_vt_gurobi_original,3-22,model,S8,5,5.4664893149251896e-18,normalized,1.0e-6,true
cf_vt_gurobi_original,3-26,model,S8,5,0.0,normalized,1.0e-6,true
cf_vt_gurobi_original,3-25,physics,S8,5,0.0,normalized,1.0e-6,true
cf_vt_gurobi_original,WMM-replay,physics,S8,5,1.1368683772161603e-13,K,0.0001,true
cf_vt_gurobi_original,3-33:34,model,S8,5,1.1368683772161603e-13,K,0.0001,true
cf_vt_gurobi_original,3-39:40,model,S8,6,0.0,K,0.0001,true
cf_vt_gurobi_original,3-41,model,8,6,0.0,K,0.0001,true
cf_vt_gurobi_original,3-41,model,8,6,0.0,K,0.0001,true
cf_vt_gurobi_original,3-23-kappa,model,8,6,0.0,kPa,0.005199261864978687,true
cf_vt_gurobi_original,3-22,model,S8,6,5.4664893149251896e-18,normalized,1.0e-6,true
cf_vt_gurobi_original,3-26,model,S8,6,0.0,normalized,1.0e-6,true
cf_vt_gurobi_original,3-25,physics,S8,6,0.0,normalized,1.0e-6,true
cf_vt_gurobi_original,WMM-replay,physics,S8,6,0.0,K,0.0001,true
cf_vt_gurobi_original,3-33:34,model,S8,6,0.0,K,0.0001,true
cf_vt_gurobi_original,3-39:40,model,S8,7,0.0,K,0.0001,true
cf_vt_gurobi_original,3-41,model,8,7,0.0,K,0.0001,true
cf_vt_gurobi_original,3-41,model,8,7,0.0,K,0.0001,true
cf_vt_gurobi_original,3-23-kappa,model,8,7,0.0,kPa,0.005199261864978687,true
cf_vt_gurobi_original,3-22,model,S8,7,5.4664893149251896e-18,normalized,1.0e-6,true
cf_vt_gurobi_original,3-26,model,S8,7,0.0,normalized,1.0e-6,true
cf_vt_gurobi_original,3-25,physics,S8,7,0.0,normalized,1.0e-6,true
cf_vt_gurobi_original,WMM-replay,physics,S8,7,5.684341886080802e-14,K,0.0001,true
cf_vt_gurobi_original,3-33:34,model,S8,7,5.684341886080802e-14,K,0.0001,true
cf_vt_gurobi_original,3-39:40,model,S8,8,0.0,K,0.0001,true
cf_vt_gurobi_original,3-41,model,8,8,0.0,K,0.0001,true
cf_vt_gurobi_original,3-41,model,8,8,0.0,K,0.0001,true
cf_vt_gurobi_original,3-23-kappa,model,8,8,0.0,kPa,0.005199261864978687,true
cf_vt_gurobi_original,3-22,model,S8,8,5.4664893149251896e-18,normalized,1.0e-6,true
cf_vt_gurobi_original,3-26,model,S8,8,0.0,normalized,1.0e-6,true
cf_vt_gurobi_original,3-25,physics,S8,8,0.0,normalized,1.0e-6,true
cf_vt_gurobi_original,WMM-replay,physics,S8,8,1.1368683772161603e-13,K,0.0001,true
cf_vt_gurobi_original,3-33:34,model,S8,8,1.1368683772161603e-13,K,0.0001,true
cf_vt_gurobi_original,3-39:40,model,S8,9,0.0,K,0.0001,true
cf_vt_gurobi_original,3-41,model,8,9,0.0,K,0.0001,true
cf_vt_gurobi_original,3-41,model,8,9,0.0,K,0.0001,true
cf_vt_gurobi_original,3-23-kappa,model,8,9,0.0,kPa,0.005199261864978687,true
cf_vt_gurobi_original,3-22,model,S8,9,5.4664893149251896e-18,normalized,1.0e-6,true
cf_vt_gurobi_original,3-26,model,S8,9,0.0,normalized,1.0e-6,true
cf_vt_gurobi_original,3-25,physics,S8,9,0.0,normalized,1.0e-6,true
cf_vt_gurobi_original,WMM-replay,physics,S8,9,5.684341886080802e-14,K,0.0001,true
cf_vt_gurobi_original,3-33:34,model,S8,9,5.684341886080802e-14,K,0.0001,true
cf_vt_gurobi_original,3-39:40,model,S8,10,0.0,K,0.0001,true
cf_vt_gurobi_original,3-41,model,8,10,0.0,K,0.0001,true
cf_vt_gurobi_original,3-41,model,8,10,0.0,K,0.0001,true
cf_vt_gurobi_original,3-23-kappa,model,8,10,0.0,kPa,0.005199261864978687,true
cf_vt_gurobi_original,3-22,model,S8,10,5.4664893149251896e-18,normalized,1.0e-6,true
cf_vt_gurobi_original,3-26,model,S8,10,0.0,normalized,1.0e-6,true
cf_vt_gurobi_original,3-25,physics,S8,10,0.0,normalized,1.0e-6,true
cf_vt_gurobi_original,WMM-replay,physics,S8,10,5.684341886080802e-14,K,0.0001,true
cf_vt_gurobi_original,3-33:34,model,S8,10,5.684341886080802e-14,K,0.0001,true
cf_vt_gurobi_original,3-39:40,model,S8,11,0.0,K,0.0001,true
cf_vt_gurobi_original,3-41,model,8,11,0.0,K,0.0001,true
cf_vt_gurobi_original,3-41,model,8,11,0.0,K,0.0001,true
cf_vt_gurobi_original,3-23-kappa,model,8,11,0.0,kPa,0.005199261864978687,true
cf_vt_gurobi_original,3-22,model,S8,11,5.4664893149251896e-18,normalized,1.0e-6,true
cf_vt_gurobi_original,3-26,model,S8,11,0.0,normalized,1.0e-6,true
cf_vt_gurobi_original,3-25,physics,S8,11,0.0,normalized,1.0e-6,true
cf_vt_gurobi_original,WMM-replay,physics,S8,11,0.0,K,0.0001,true
cf_vt_gurobi_original,3-33:34,model,S8,11,0.0,K,0.0001,true
cf_vt_gurobi_original,3-39:40,model,S8,12,0.0,K,0.0001,true
cf_vt_gurobi_original,3-41,model,8,12,0.0,K,0.0001,true
cf_vt_gurobi_original,3-41,model,8,12,0.0,K,0.0001,true
cf_vt_gurobi_original,3-23-kappa,model,8,12,0.0,kPa,0.005199261864978687,true
cf_vt_gurobi_original,3-22,model,S8,12,5.4664893149251896e-18,normalized,1.0e-6,true
cf_vt_gurobi_original,3-26,model,S8,12,0.0,normalized,1.0e-6,true
cf_vt_gurobi_original,3-25,physics,S8,12,0.0,normalized,1.0e-6,true
cf_vt_gurobi_original,WMM-replay,physics,S8,12,5.684341886080802e-14,K,0.0001,true
cf_vt_gurobi_original,3-33:34,model,S8,12,5.684341886080802e-14,K,0.0001,true
cf_vt_gurobi_original,3-39:40,model,S8,13,0.0,K,0.0001,true
cf_vt_gurobi_original,3-41,model,8,13,0.0,K,0.0001,true
cf_vt_gurobi_original,3-41,model,8,13,0.0,K,0.0001,true
cf_vt_gurobi_original,3-23-kappa,model,8,13,0.0,kPa,0.005199261864978687,true
cf_vt_gurobi_original,3-22,model,S8,13,5.4664893149251896e-18,normalized,1.0e-6,true
cf_vt_gurobi_original,3-26,model,S8,13,0.0,normalized,1.0e-6,true
cf_vt_gurobi_original,3-25,physics,S8,13,0.0,normalized,1.0e-6,true
cf_vt_gurobi_original,WMM-replay,physics,S8,13,5.684341886080802e-14,K,0.0001,true
cf_vt_gurobi_original,3-33:34,model,S8,13,5.684341886080802e-14,K,0.0001,true
cf_vt_gurobi_original,3-39:40,model,S8,14,0.0,K,0.0001,true
cf_vt_gurobi_original,3-41,model,8,14,0.0,K,0.0001,true
cf_vt_gurobi_original,3-41,model,8,14,0.0,K,0.0001,true
cf_vt_gurobi_original,3-23-kappa,model,8,14,0.0,kPa,0.005199261864978687,true
cf_vt_gurobi_original,3-22,model,S8,14,5.4664893149251896e-18,normalized,1.0e-6,true
cf_vt_gurobi_original,3-26,model,S8,14,0.0,normalized,1.0e-6,true
cf_vt_gurobi_original,3-25,physics,S8,14,0.0,normalized,1.0e-6,true
cf_vt_gurobi_original,WMM-replay,physics,S8,14,5.684341886080802e-14,K,0.0001,true
cf_vt_gurobi_original,3-33:34,model,S8,14,5.684341886080802e-14,K,0.0001,true
cf_vt_gurobi_original,3-39:40,model,S8,15,0.0,K,0.0001,true
cf_vt_gurobi_original,3-41,model,8,15,0.0,K,0.0001,true
cf_vt_gurobi_original,3-41,model,8,15,0.0,K,0.0001,true
cf_vt_gurobi_original,3-23-kappa,model,8,15,0.0,kPa,0.005199261864978687,true
cf_vt_gurobi_original,3-22,model,S8,15,5.4664893149251896e-18,normalized,1.0e-6,true
cf_vt_gurobi_original,3-26,model,S8,15,0.0,normalized,1.0e-6,true
cf_vt_gurobi_original,3-25,physics,S8,15,0.0,normalized,1.0e-6,true
cf_vt_gurobi_original,WMM-replay,physics,S8,15,5.684341886080802e-14,K,0.0001,true
cf_vt_gurobi_original,3-33:34,model,S8,15,5.684341886080802e-14,K,0.0001,true
cf_vt_gurobi_original,3-39:40,model,S8,16,0.0,K,0.0001,true
cf_vt_gurobi_original,3-41,model,8,16,0.0,K,0.0001,true
cf_vt_gurobi_original,3-41,model,8,16,0.0,K,0.0001,true
cf_vt_gurobi_original,3-23-kappa,model,8,16,0.0,kPa,0.005199261864978687,true
cf_vt_gurobi_original,3-22,model,S8,16,5.4664893149251896e-18,normalized,1.0e-6,true
cf_vt_gurobi_original,3-26,model,S8,16,0.0,normalized,1.0e-6,true
cf_vt_gurobi_original,3-25,physics,S8,16,0.0,normalized,1.0e-6,true
cf_vt_gurobi_original,WMM-replay,physics,S8,16,5.684341886080802e-14,K,0.0001,true
cf_vt_gurobi_original,3-33:34,model,S8,16,5.684341886080802e-14,K,0.0001,true
cf_vt_gurobi_original,3-39:40,model,S8,17,0.0,K,0.0001,true
cf_vt_gurobi_original,3-41,model,8,17,0.0,K,0.0001,true
cf_vt_gurobi_original,3-41,model,8,17,0.0,K,0.0001,true
cf_vt_gurobi_original,3-23-kappa,model,8,17,0.0,kPa,0.005199261864978687,true
cf_vt_gurobi_original,3-22,model,S8,17,5.4664893149251896e-18,normalized,1.0e-6,true
cf_vt_gurobi_original,3-26,model,S8,17,0.0,normalized,1.0e-6,true
cf_vt_gurobi_original,3-25,physics,S8,17,0.0,normalized,1.0e-6,true
cf_vt_gurobi_original,WMM-replay,physics,S8,17,5.684341886080802e-14,K,0.0001,true
cf_vt_gurobi_original,3-33:34,model,S8,17,5.684341886080802e-14,K,0.0001,true
cf_vt_gurobi_original,3-39:40,model,S8,18,0.0,K,0.0001,true
cf_vt_gurobi_original,3-41,model,8,18,0.0,K,0.0001,true
cf_vt_gurobi_original,3-41,model,8,18,0.0,K,0.0001,true
cf_vt_gurobi_original,3-23-kappa,model,8,18,0.0,kPa,0.005199261864978687,true
cf_vt_gurobi_original,3-22,model,S8,18,5.4664893149251896e-18,normalized,1.0e-6,true
cf_vt_gurobi_original,3-26,model,S8,18,0.0,normalized,1.0e-6,true
cf_vt_gurobi_original,3-25,physics,S8,18,0.0,normalized,1.0e-6,true
cf_vt_gurobi_original,WMM-replay,physics,S8,18,5.684341886080802e-14,K,0.0001,true
cf_vt_gurobi_original,3-33:34,model,S8,18,5.684341886080802e-14,K,0.0001,true
cf_vt_gurobi_original,3-39:40,model,S8,19,0.0,K,0.0001,true
cf_vt_gurobi_original,3-41,model,8,19,0.0,K,0.0001,true
cf_vt_gurobi_original,3-41,model,8,19,0.0,K,0.0001,true
cf_vt_gurobi_original,3-23-kappa,model,8,19,0.0,kPa,0.005199261864978687,true
cf_vt_gurobi_original,3-22,model,S8,19,5.4664893149251896e-18,normalized,1.0e-6,true
cf_vt_gurobi_original,3-26,model,S8,19,0.0,normalized,1.0e-6,true
cf_vt_gurobi_original,3-25,physics,S8,19,0.0,normalized,1.0e-6,true
cf_vt_gurobi_original,WMM-replay,physics,S8,19,5.684341886080802e-14,K,0.0001,true
cf_vt_gurobi_original,3-33:34,model,S8,19,5.684341886080802e-14,K,0.0001,true
cf_vt_gurobi_original,3-39:40,model,S8,20,0.0,K,0.0001,true
cf_vt_gurobi_original,3-41,model,8,20,0.0,K,0.0001,true
cf_vt_gurobi_original,3-41,model,8,20,0.0,K,0.0001,true
cf_vt_gurobi_original,3-23-kappa,model,8,20,0.0,kPa,0.005199261864978687,true
cf_vt_gurobi_original,3-22,model,S8,20,5.4664893149251896e-18,normalized,1.0e-6,true
cf_vt_gurobi_original,3-26,model,S8,20,0.0,normalized,1.0e-6,true
cf_vt_gurobi_original,3-25,physics,S8,20,0.0,normalized,1.0e-6,true
cf_vt_gurobi_original,WMM-replay,physics,S8,20,5.684341886080802e-14,K,0.0001,true
cf_vt_gurobi_original,3-33:34,model,S8,20,5.684341886080802e-14,K,0.0001,true
cf_vt_gurobi_original,3-39:40,model,S8,21,0.0,K,0.0001,true
cf_vt_gurobi_original,3-41,model,8,21,0.0,K,0.0001,true
cf_vt_gurobi_original,3-41,model,8,21,0.0,K,0.0001,true
cf_vt_gurobi_original,3-23-kappa,model,8,21,0.0,kPa,0.005199261864978687,true
cf_vt_gurobi_original,3-22,model,S8,21,5.4664893149251896e-18,normalized,1.0e-6,true
cf_vt_gurobi_original,3-26,model,S8,21,0.0,normalized,1.0e-6,true
cf_vt_gurobi_original,3-25,physics,S8,21,0.0,normalized,1.0e-6,true
cf_vt_gurobi_original,WMM-replay,physics,S8,21,5.684341886080802e-14,K,0.0001,true
cf_vt_gurobi_original,3-33:34,model,S8,21,5.684341886080802e-14,K,0.0001,true
cf_vt_gurobi_original,3-39:40,model,S8,22,0.0,K,0.0001,true
cf_vt_gurobi_original,3-41,model,8,22,0.0,K,0.0001,true
cf_vt_gurobi_original,3-41,model,8,22,0.0,K,0.0001,true
cf_vt_gurobi_original,3-23-kappa,model,8,22,0.0,kPa,0.005199261864978687,true
cf_vt_gurobi_original,3-22,model,S8,22,5.4664893149251896e-18,normalized,1.0e-6,true
cf_vt_gurobi_original,3-26,model,S8,22,0.0,normalized,1.0e-6,true
cf_vt_gurobi_original,3-25,physics,S8,22,0.0,normalized,1.0e-6,true
cf_vt_gurobi_original,WMM-replay,physics,S8,22,5.684341886080802e-14,K,0.0001,true
cf_vt_gurobi_original,3-33:34,model,S8,22,5.684341886080802e-14,K,0.0001,true
cf_vt_gurobi_original,3-39:40,model,S8,23,0.0,K,0.0001,true
cf_vt_gurobi_original,3-41,model,8,23,0.0,K,0.0001,true
cf_vt_gurobi_original,3-41,model,8,23,0.0,K,0.0001,true
cf_vt_gurobi_original,3-23-kappa,model,8,23,0.0,kPa,0.005199261864978687,true
cf_vt_gurobi_original,3-22,model,S8,23,5.4664893149251896e-18,normalized,1.0e-6,true
cf_vt_gurobi_original,3-26,model,S8,23,0.0,normalized,1.0e-6,true
cf_vt_gurobi_original,3-25,physics,S8,23,0.0,normalized,1.0e-6,true
cf_vt_gurobi_original,WMM-replay,physics,S8,23,5.684341886080802e-14,K,0.0001,true
cf_vt_gurobi_original,3-33:34,model,S8,23,5.684341886080802e-14,K,0.0001,true
cf_vt_gurobi_original,3-39:40,model,S8,24,0.0,K,0.0001,true
cf_vt_gurobi_original,3-41,model,8,24,0.0,K,0.0001,true
cf_vt_gurobi_original,3-41,model,8,24,0.0,K,0.0001,true
cf_vt_gurobi_original,3-23-kappa,model,8,24,0.0,kPa,0.005199261864978687,true
cf_vt_gurobi_original,3-22,model,S8,24,5.4664893149251896e-18,normalized,1.0e-6,true
cf_vt_gurobi_original,3-26,model,S8,24,0.0,normalized,1.0e-6,true
cf_vt_gurobi_original,3-25,physics,S8,24,0.0,normalized,1.0e-6,true
cf_vt_gurobi_original,WMM-replay,physics,S8,24,5.684341886080802e-14,K,0.0001,true
cf_vt_gurobi_original,3-33:34,model,S8,24,5.684341886080802e-14,K,0.0001,true
cf_vt_gurobi_original,3-39:40,model,R8,1,0.0,K,0.0001,true
cf_vt_gurobi_original,3-41,model,8,1,0.0,K,0.0001,true
cf_vt_gurobi_original,3-41,model,8,1,0.0,K,0.0001,true
cf_vt_gurobi_original,3-23-kappa,model,8,1,0.0,kPa,0.005199261864978687,true
cf_vt_gurobi_original,3-22,model,R8,1,0.0,normalized,1.0e-6,true
cf_vt_gurobi_original,3-26,model,R8,1,0.0,normalized,1.0e-6,true
cf_vt_gurobi_original,3-25,physics,R8,1,0.0,normalized,1.0e-6,true
cf_vt_gurobi_original,WMM-replay,physics,R8,1,5.684341886080802e-14,K,0.0001,true
cf_vt_gurobi_original,3-33:34,model,R8,1,5.684341886080802e-14,K,0.0001,true
cf_vt_gurobi_original,3-39:40,model,R8,2,0.0,K,0.0001,true
cf_vt_gurobi_original,3-41,model,8,2,0.0,K,0.0001,true
cf_vt_gurobi_original,3-41,model,8,2,0.0,K,0.0001,true
cf_vt_gurobi_original,3-23-kappa,model,8,2,0.0,kPa,0.005199261864978687,true
cf_vt_gurobi_original,3-22,model,R8,2,0.0,normalized,1.0e-6,true
cf_vt_gurobi_original,3-26,model,R8,2,0.0,normalized,1.0e-6,true
cf_vt_gurobi_original,3-25,physics,R8,2,0.0,normalized,1.0e-6,true
cf_vt_gurobi_original,WMM-replay,physics,R8,2,5.684341886080802e-14,K,0.0001,true
cf_vt_gurobi_original,3-33:34,model,R8,2,5.684341886080802e-14,K,0.0001,true
cf_vt_gurobi_original,3-39:40,model,R8,3,0.0,K,0.0001,true
cf_vt_gurobi_original,3-41,model,8,3,0.0,K,0.0001,true
cf_vt_gurobi_original,3-41,model,8,3,0.0,K,0.0001,true
cf_vt_gurobi_original,3-23-kappa,model,8,3,0.0,kPa,0.005199261864978687,true
cf_vt_gurobi_original,3-22,model,R8,3,0.0,normalized,1.0e-6,true
cf_vt_gurobi_original,3-26,model,R8,3,0.0,normalized,1.0e-6,true
cf_vt_gurobi_original,3-25,physics,R8,3,0.0,normalized,1.0e-6,true
cf_vt_gurobi_original,WMM-replay,physics,R8,3,5.684341886080802e-14,K,0.0001,true
cf_vt_gurobi_original,3-33:34,model,R8,3,5.684341886080802e-14,K,0.0001,true
cf_vt_gurobi_original,3-39:40,model,R8,4,0.0,K,0.0001,true
cf_vt_gurobi_original,3-41,model,8,4,0.0,K,0.0001,true
cf_vt_gurobi_original,3-41,model,8,4,0.0,K,0.0001,true
cf_vt_gurobi_original,3-23-kappa,model,8,4,0.0,kPa,0.005199261864978687,true
cf_vt_gurobi_original,3-22,model,R8,4,0.0,normalized,1.0e-6,true
cf_vt_gurobi_original,3-26,model,R8,4,0.0,normalized,1.0e-6,true
cf_vt_gurobi_original,3-25,physics,R8,4,0.0,normalized,1.0e-6,true
cf_vt_gurobi_original,WMM-replay,physics,R8,4,1.1368683772161603e-13,K,0.0001,true
cf_vt_gurobi_original,3-33:34,model,R8,4,1.1368683772161603e-13,K,0.0001,true
cf_vt_gurobi_original,3-39:40,model,R8,5,0.0,K,0.0001,true
cf_vt_gurobi_original,3-41,model,8,5,0.0,K,0.0001,true
cf_vt_gurobi_original,3-41,model,8,5,0.0,K,0.0001,true
cf_vt_gurobi_original,3-23-kappa,model,8,5,0.0,kPa,0.005199261864978687,true
cf_vt_gurobi_original,3-22,model,R8,5,0.0,normalized,1.0e-6,true
cf_vt_gurobi_original,3-26,model,R8,5,0.0,normalized,1.0e-6,true
cf_vt_gurobi_original,3-25,physics,R8,5,0.0,normalized,1.0e-6,true
cf_vt_gurobi_original,WMM-replay,physics,R8,5,1.1368683772161603e-13,K,0.0001,true
cf_vt_gurobi_original,3-33:34,model,R8,5,1.1368683772161603e-13,K,0.0001,true
cf_vt_gurobi_original,3-39:40,model,R8,6,0.0,K,0.0001,true
cf_vt_gurobi_original,3-41,model,8,6,0.0,K,0.0001,true
cf_vt_gurobi_original,3-41,model,8,6,0.0,K,0.0001,true
cf_vt_gurobi_original,3-23-kappa,model,8,6,0.0,kPa,0.005199261864978687,true
cf_vt_gurobi_original,3-22,model,R8,6,0.0,normalized,1.0e-6,true
cf_vt_gurobi_original,3-26,model,R8,6,0.0,normalized,1.0e-6,true
cf_vt_gurobi_original,3-25,physics,R8,6,0.0,normalized,1.0e-6,true
cf_vt_gurobi_original,WMM-replay,physics,R8,6,0.0,K,0.0001,true
cf_vt_gurobi_original,3-33:34,model,R8,6,0.0,K,0.0001,true
cf_vt_gurobi_original,3-39:40,model,R8,7,0.0,K,0.0001,true
cf_vt_gurobi_original,3-41,model,8,7,0.0,K,0.0001,true
cf_vt_gurobi_original,3-41,model,8,7,0.0,K,0.0001,true
cf_vt_gurobi_original,3-23-kappa,model,8,7,0.0,kPa,0.005199261864978687,true
cf_vt_gurobi_original,3-22,model,R8,7,0.0,normalized,1.0e-6,true
cf_vt_gurobi_original,3-26,model,R8,7,0.0,normalized,1.0e-6,true
cf_vt_gurobi_original,3-25,physics,R8,7,0.0,normalized,1.0e-6,true
cf_vt_gurobi_original,WMM-replay,physics,R8,7,1.1368683772161603e-13,K,0.0001,true
cf_vt_gurobi_original,3-33:34,model,R8,7,1.1368683772161603e-13,K,0.0001,true
cf_vt_gurobi_original,3-39:40,model,R8,8,0.0,K,0.0001,true
cf_vt_gurobi_original,3-41,model,8,8,0.0,K,0.0001,true
cf_vt_gurobi_original,3-41,model,8,8,0.0,K,0.0001,true
cf_vt_gurobi_original,3-23-kappa,model,8,8,0.0,kPa,0.005199261864978687,true
cf_vt_gurobi_original,3-22,model,R8,8,0.0,normalized,1.0e-6,true
cf_vt_gurobi_original,3-26,model,R8,8,0.0,normalized,1.0e-6,true
cf_vt_gurobi_original,3-25,physics,R8,8,0.0,normalized,1.0e-6,true
cf_vt_gurobi_original,WMM-replay,physics,R8,8,5.684341886080802e-14,K,0.0001,true
cf_vt_gurobi_original,3-33:34,model,R8,8,5.684341886080802e-14,K,0.0001,true
cf_vt_gurobi_original,3-39:40,model,R8,9,0.0,K,0.0001,true
cf_vt_gurobi_original,3-41,model,8,9,0.0,K,0.0001,true
cf_vt_gurobi_original,3-41,model,8,9,0.0,K,0.0001,true
cf_vt_gurobi_original,3-23-kappa,model,8,9,0.0,kPa,0.005199261864978687,true
cf_vt_gurobi_original,3-22,model,R8,9,0.0,normalized,1.0e-6,true
cf_vt_gurobi_original,3-26,model,R8,9,0.0,normalized,1.0e-6,true
cf_vt_gurobi_original,3-25,physics,R8,9,0.0,normalized,1.0e-6,true
cf_vt_gurobi_original,WMM-replay,physics,R8,9,0.0,K,0.0001,true
cf_vt_gurobi_original,3-33:34,model,R8,9,0.0,K,0.0001,true
cf_vt_gurobi_original,3-39:40,model,R8,10,0.0,K,0.0001,true
cf_vt_gurobi_original,3-41,model,8,10,0.0,K,0.0001,true
cf_vt_gurobi_original,3-41,model,8,10,0.0,K,0.0001,true
cf_vt_gurobi_original,3-23-kappa,model,8,10,0.0,kPa,0.005199261864978687,true
cf_vt_gurobi_original,3-22,model,R8,10,0.0,normalized,1.0e-6,true
cf_vt_gurobi_original,3-26,model,R8,10,0.0,normalized,1.0e-6,true
cf_vt_gurobi_original,3-25,physics,R8,10,0.0,normalized,1.0e-6,true
cf_vt_gurobi_original,WMM-replay,physics,R8,10,0.0,K,0.0001,true
cf_vt_gurobi_original,3-33:34,model,R8,10,0.0,K,0.0001,true
cf_vt_gurobi_original,3-39:40,model,R8,11,0.0,K,0.0001,true
cf_vt_gurobi_original,3-41,model,8,11,0.0,K,0.0001,true
cf_vt_gurobi_original,3-41,model,8,11,0.0,K,0.0001,true
cf_vt_gurobi_original,3-23-kappa,model,8,11,0.0,kPa,0.005199261864978687,true
cf_vt_gurobi_original,3-22,model,R8,11,0.0,normalized,1.0e-6,true
cf_vt_gurobi_original,3-26,model,R8,11,0.0,normalized,1.0e-6,true
cf_vt_gurobi_original,3-25,physics,R8,11,0.0,normalized,1.0e-6,true
cf_vt_gurobi_original,WMM-replay,physics,R8,11,5.684341886080802e-14,K,0.0001,true
cf_vt_gurobi_original,3-33:34,model,R8,11,5.684341886080802e-14,K,0.0001,true
cf_vt_gurobi_original,3-39:40,model,R8,12,0.0,K,0.0001,true
cf_vt_gurobi_original,3-41,model,8,12,0.0,K,0.0001,true
cf_vt_gurobi_original,3-41,model,8,12,0.0,K,0.0001,true
cf_vt_gurobi_original,3-23-kappa,model,8,12,0.0,kPa,0.005199261864978687,true
cf_vt_gurobi_original,3-22,model,R8,12,0.0,normalized,1.0e-6,true
cf_vt_gurobi_original,3-26,model,R8,12,0.0,normalized,1.0e-6,true
cf_vt_gurobi_original,3-25,physics,R8,12,0.0,normalized,1.0e-6,true
cf_vt_gurobi_original,WMM-replay,physics,R8,12,1.1368683772161603e-13,K,0.0001,true
cf_vt_gurobi_original,3-33:34,model,R8,12,1.1368683772161603e-13,K,0.0001,true
cf_vt_gurobi_original,3-39:40,model,R8,13,0.0,K,0.0001,true
cf_vt_gurobi_original,3-41,model,8,13,0.0,K,0.0001,true
cf_vt_gurobi_original,3-41,model,8,13,0.0,K,0.0001,true
cf_vt_gurobi_original,3-23-kappa,model,8,13,0.0,kPa,0.005199261864978687,true
cf_vt_gurobi_original,3-22,model,R8,13,0.0,normalized,1.0e-6,true
cf_vt_gurobi_original,3-26,model,R8,13,0.0,normalized,1.0e-6,true
cf_vt_gurobi_original,3-25,physics,R8,13,0.0,normalized,1.0e-6,true
cf_vt_gurobi_original,WMM-replay,physics,R8,13,0.0,K,0.0001,true
cf_vt_gurobi_original,3-33:34,model,R8,13,0.0,K,0.0001,true
cf_vt_gurobi_original,3-39:40,model,R8,14,0.0,K,0.0001,true
cf_vt_gurobi_original,3-41,model,8,14,0.0,K,0.0001,true
cf_vt_gurobi_original,3-41,model,8,14,0.0,K,0.0001,true
cf_vt_gurobi_original,3-23-kappa,model,8,14,0.0,kPa,0.005199261864978687,true
cf_vt_gurobi_original,3-22,model,R8,14,0.0,normalized,1.0e-6,true
cf_vt_gurobi_original,3-26,model,R8,14,0.0,normalized,1.0e-6,true
cf_vt_gurobi_original,3-25,physics,R8,14,0.0,normalized,1.0e-6,true
cf_vt_gurobi_original,WMM-replay,physics,R8,14,0.0,K,0.0001,true
cf_vt_gurobi_original,3-33:34,model,R8,14,0.0,K,0.0001,true
cf_vt_gurobi_original,3-39:40,model,R8,15,0.0,K,0.0001,true
cf_vt_gurobi_original,3-41,model,8,15,0.0,K,0.0001,true
cf_vt_gurobi_original,3-41,model,8,15,0.0,K,0.0001,true
cf_vt_gurobi_original,3-23-kappa,model,8,15,0.0,kPa,0.005199261864978687,true
cf_vt_gurobi_original,3-22,model,R8,15,0.0,normalized,1.0e-6,true
cf_vt_gurobi_original,3-26,model,R8,15,0.0,normalized,1.0e-6,true
cf_vt_gurobi_original,3-25,physics,R8,15,0.0,normalized,1.0e-6,true
cf_vt_gurobi_original,WMM-replay,physics,R8,15,0.0,K,0.0001,true
cf_vt_gurobi_original,3-33:34,model,R8,15,0.0,K,0.0001,true
cf_vt_gurobi_original,3-39:40,model,R8,16,0.0,K,0.0001,true
cf_vt_gurobi_original,3-41,model,8,16,0.0,K,0.0001,true
cf_vt_gurobi_original,3-41,model,8,16,0.0,K,0.0001,true
cf_vt_gurobi_original,3-23-kappa,model,8,16,0.0,kPa,0.005199261864978687,true
cf_vt_gurobi_original,3-22,model,R8,16,0.0,normalized,1.0e-6,true
cf_vt_gurobi_original,3-26,model,R8,16,0.0,normalized,1.0e-6,true
cf_vt_gurobi_original,3-25,physics,R8,16,0.0,normalized,1.0e-6,true
cf_vt_gurobi_original,WMM-replay,physics,R8,16,0.0,K,0.0001,true
cf_vt_gurobi_original,3-33:34,model,R8,16,0.0,K,0.0001,true
cf_vt_gurobi_original,3-39:40,model,R8,17,0.0,K,0.0001,true
cf_vt_gurobi_original,3-41,model,8,17,0.0,K,0.0001,true
cf_vt_gurobi_original,3-41,model,8,17,0.0,K,0.0001,true
cf_vt_gurobi_original,3-23-kappa,model,8,17,0.0,kPa,0.005199261864978687,true
cf_vt_gurobi_original,3-22,model,R8,17,0.0,normalized,1.0e-6,true
cf_vt_gurobi_original,3-26,model,R8,17,0.0,normalized,1.0e-6,true
cf_vt_gurobi_original,3-25,physics,R8,17,0.0,normalized,1.0e-6,true
cf_vt_gurobi_original,WMM-replay,physics,R8,17,0.0,K,0.0001,true
cf_vt_gurobi_original,3-33:34,model,R8,17,0.0,K,0.0001,true
cf_vt_gurobi_original,3-39:40,model,R8,18,0.0,K,0.0001,true
cf_vt_gurobi_original,3-41,model,8,18,0.0,K,0.0001,true
cf_vt_gurobi_original,3-41,model,8,18,0.0,K,0.0001,true
cf_vt_gurobi_original,3-23-kappa,model,8,18,0.0,kPa,0.005199261864978687,true
cf_vt_gurobi_original,3-22,model,R8,18,0.0,normalized,1.0e-6,true
cf_vt_gurobi_original,3-26,model,R8,18,0.0,normalized,1.0e-6,true
cf_vt_gurobi_original,3-25,physics,R8,18,0.0,normalized,1.0e-6,true
cf_vt_gurobi_original,WMM-replay,physics,R8,18,5.684341886080802e-14,K,0.0001,true
cf_vt_gurobi_original,3-33:34,model,R8,18,5.684341886080802e-14,K,0.0001,true
cf_vt_gurobi_original,3-39:40,model,R8,19,0.0,K,0.0001,true
cf_vt_gurobi_original,3-41,model,8,19,0.0,K,0.0001,true
cf_vt_gurobi_original,3-41,model,8,19,0.0,K,0.0001,true
cf_vt_gurobi_original,3-23-kappa,model,8,19,0.0,kPa,0.005199261864978687,true
cf_vt_gurobi_original,3-22,model,R8,19,0.0,normalized,1.0e-6,true
cf_vt_gurobi_original,3-26,model,R8,19,0.0,normalized,1.0e-6,true
cf_vt_gurobi_original,3-25,physics,R8,19,0.0,normalized,1.0e-6,true
cf_vt_gurobi_original,WMM-replay,physics,R8,19,5.684341886080802e-14,K,0.0001,true
cf_vt_gurobi_original,3-33:34,model,R8,19,5.684341886080802e-14,K,0.0001,true
cf_vt_gurobi_original,3-39:40,model,R8,20,0.0,K,0.0001,true
cf_vt_gurobi_original,3-41,model,8,20,0.0,K,0.0001,true
cf_vt_gurobi_original,3-41,model,8,20,0.0,K,0.0001,true
cf_vt_gurobi_original,3-23-kappa,model,8,20,0.0,kPa,0.005199261864978687,true
cf_vt_gurobi_original,3-22,model,R8,20,0.0,normalized,1.0e-6,true
cf_vt_gurobi_original,3-26,model,R8,20,0.0,normalized,1.0e-6,true
cf_vt_gurobi_original,3-25,physics,R8,20,0.0,normalized,1.0e-6,true
cf_vt_gurobi_original,WMM-replay,physics,R8,20,0.0,K,0.0001,true
cf_vt_gurobi_original,3-33:34,model,R8,20,0.0,K,0.0001,true
cf_vt_gurobi_original,3-39:40,model,R8,21,0.0,K,0.0001,true
cf_vt_gurobi_original,3-41,model,8,21,0.0,K,0.0001,true
cf_vt_gurobi_original,3-41,model,8,21,0.0,K,0.0001,true
cf_vt_gurobi_original,3-23-kappa,model,8,21,0.0,kPa,0.005199261864978687,true
cf_vt_gurobi_original,3-22,model,R8,21,0.0,normalized,1.0e-6,true
cf_vt_gurobi_original,3-26,model,R8,21,0.0,normalized,1.0e-6,true
cf_vt_gurobi_original,3-25,physics,R8,21,0.0,normalized,1.0e-6,true
cf_vt_gurobi_original,WMM-replay,physics,R8,21,0.0,K,0.0001,true
cf_vt_gurobi_original,3-33:34,model,R8,21,0.0,K,0.0001,true
cf_vt_gurobi_original,3-39:40,model,R8,22,0.0,K,0.0001,true
cf_vt_gurobi_original,3-41,model,8,22,0.0,K,0.0001,true
cf_vt_gurobi_original,3-41,model,8,22,0.0,K,0.0001,true
cf_vt_gurobi_original,3-23-kappa,model,8,22,0.0,kPa,0.005199261864978687,true
cf_vt_gurobi_original,3-22,model,R8,22,0.0,normalized,1.0e-6,true
cf_vt_gurobi_original,3-26,model,R8,22,0.0,normalized,1.0e-6,true
cf_vt_gurobi_original,3-25,physics,R8,22,0.0,normalized,1.0e-6,true
cf_vt_gurobi_original,WMM-replay,physics,R8,22,0.0,K,0.0001,true
cf_vt_gurobi_original,3-33:34,model,R8,22,0.0,K,0.0001,true
cf_vt_gurobi_original,3-39:40,model,R8,23,0.0,K,0.0001,true
cf_vt_gurobi_original,3-41,model,8,23,0.0,K,0.0001,true
cf_vt_gurobi_original,3-41,model,8,23,0.0,K,0.0001,true
cf_vt_gurobi_original,3-23-kappa,model,8,23,0.0,kPa,0.005199261864978687,true
cf_vt_gurobi_original,3-22,model,R8,23,0.0,normalized,1.0e-6,true
cf_vt_gurobi_original,3-26,model,R8,23,0.0,normalized,1.0e-6,true
cf_vt_gurobi_original,3-25,physics,R8,23,0.0,normalized,1.0e-6,true
cf_vt_gurobi_original,WMM-replay,physics,R8,23,5.684341886080802e-14,K,0.0001,true
cf_vt_gurobi_original,3-33:34,model,R8,23,5.684341886080802e-14,K,0.0001,true
cf_vt_gurobi_original,3-39:40,model,R8,24,0.0,K,0.0001,true
cf_vt_gurobi_original,3-41,model,8,24,0.0,K,0.0001,true
cf_vt_gurobi_original,3-41,model,8,24,0.0,K,0.0001,true
cf_vt_gurobi_original,3-23-kappa,model,8,24,0.0,kPa,0.005199261864978687,true
cf_vt_gurobi_original,3-22,model,R8,24,0.0,normalized,1.0e-6,true
cf_vt_gurobi_original,3-26,model,R8,24,0.0,normalized,1.0e-6,true
cf_vt_gurobi_original,3-25,physics,R8,24,0.0,normalized,1.0e-6,true
cf_vt_gurobi_original,WMM-replay,physics,R8,24,5.684341886080802e-14,K,0.0001,true
cf_vt_gurobi_original,3-33:34,model,R8,24,5.684341886080802e-14,K,0.0001,true
cf_vt_gurobi_original,3-23,model,9,1,0.0,kg/s,2.947222222222222e-5,true
cf_vt_gurobi_original,R2-fixed-flow,model,9,1,0.0,kg/s,2.947222222222222e-5,true
cf_vt_gurobi_original,3-27,model,9,1,5.551115123125783e-17,kg/s,2.947222222222222e-5,true
cf_vt_gurobi_original,3-30,model,9,1,5.551115123125783e-17,kg/s,2.947222222222222e-5,true
cf_vt_gurobi_original,3-32,model,9,1,0.0,1,1.0e-6,true
cf_vt_gurobi_original,3-28,model,9,1,0.0,1,1.0e-6,true
cf_vt_gurobi_original,3-29:32,model,9,1,0.0,1,1.0e-6,true
cf_vt_gurobi_original,3-31,model,9,1,0.0,1,1.0e-6,true
cf_vt_gurobi_original,3-29:32,model,9,1,0.0,1,1.0e-6,true
cf_vt_gurobi_original,3-23,model,9,2,0.0,kg/s,2.947222222222222e-5,true
cf_vt_gurobi_original,R2-fixed-flow,model,9,2,0.0,kg/s,2.947222222222222e-5,true
cf_vt_gurobi_original,3-27,model,9,2,5.551115123125783e-17,kg/s,2.947222222222222e-5,true
cf_vt_gurobi_original,3-30,model,9,2,5.551115123125783e-17,kg/s,2.947222222222222e-5,true
cf_vt_gurobi_original,3-32,model,9,2,0.0,1,1.0e-6,true
cf_vt_gurobi_original,3-28,model,9,2,0.0,1,1.0e-6,true
cf_vt_gurobi_original,3-29:32,model,9,2,0.0,1,1.0e-6,true
cf_vt_gurobi_original,3-31,model,9,2,0.0,1,1.0e-6,true
cf_vt_gurobi_original,3-29:32,model,9,2,0.0,1,1.0e-6,true
cf_vt_gurobi_original,3-23,model,9,3,0.0,kg/s,2.947222222222222e-5,true
cf_vt_gurobi_original,R2-fixed-flow,model,9,3,0.0,kg/s,2.947222222222222e-5,true
cf_vt_gurobi_original,3-27,model,9,3,5.551115123125783e-17,kg/s,2.947222222222222e-5,true
cf_vt_gurobi_original,3-30,model,9,3,5.551115123125783e-17,kg/s,2.947222222222222e-5,true
cf_vt_gurobi_original,3-32,model,9,3,0.0,1,1.0e-6,true
cf_vt_gurobi_original,3-28,model,9,3,0.0,1,1.0e-6,true
cf_vt_gurobi_original,3-29:32,model,9,3,0.0,1,1.0e-6,true
cf_vt_gurobi_original,3-31,model,9,3,0.0,1,1.0e-6,true
cf_vt_gurobi_original,3-29:32,model,9,3,0.0,1,1.0e-6,true
cf_vt_gurobi_original,3-23,model,9,4,0.0,kg/s,2.947222222222222e-5,true
cf_vt_gurobi_original,R2-fixed-flow,model,9,4,0.0,kg/s,2.947222222222222e-5,true
cf_vt_gurobi_original,3-27,model,9,4,5.551115123125783e-17,kg/s,2.947222222222222e-5,true
cf_vt_gurobi_original,3-30,model,9,4,5.551115123125783e-17,kg/s,2.947222222222222e-5,true
cf_vt_gurobi_original,3-32,model,9,4,0.0,1,1.0e-6,true
cf_vt_gurobi_original,3-28,model,9,4,0.0,1,1.0e-6,true
cf_vt_gurobi_original,3-29:32,model,9,4,0.0,1,1.0e-6,true
cf_vt_gurobi_original,3-31,model,9,4,0.0,1,1.0e-6,true
cf_vt_gurobi_original,3-29:32,model,9,4,0.0,1,1.0e-6,true
cf_vt_gurobi_original,3-23,model,9,5,0.0,kg/s,2.947222222222222e-5,true
cf_vt_gurobi_original,R2-fixed-flow,model,9,5,0.0,kg/s,2.947222222222222e-5,true
cf_vt_gurobi_original,3-27,model,9,5,5.551115123125783e-17,kg/s,2.947222222222222e-5,true
cf_vt_gurobi_original,3-30,model,9,5,5.551115123125783e-17,kg/s,2.947222222222222e-5,true
cf_vt_gurobi_original,3-32,model,9,5,0.0,1,1.0e-6,true
cf_vt_gurobi_original,3-28,model,9,5,0.0,1,1.0e-6,true
cf_vt_gurobi_original,3-29:32,model,9,5,0.0,1,1.0e-6,true
cf_vt_gurobi_original,3-31,model,9,5,0.0,1,1.0e-6,true
cf_vt_gurobi_original,3-29:32,model,9,5,0.0,1,1.0e-6,true
cf_vt_gurobi_original,3-23,model,9,6,0.0,kg/s,2.947222222222222e-5,true
cf_vt_gurobi_original,R2-fixed-flow,model,9,6,0.0,kg/s,2.947222222222222e-5,true
cf_vt_gurobi_original,3-27,model,9,6,5.551115123125783e-17,kg/s,2.947222222222222e-5,true
cf_vt_gurobi_original,3-30,model,9,6,5.551115123125783e-17,kg/s,2.947222222222222e-5,true
cf_vt_gurobi_original,3-32,model,9,6,0.0,1,1.0e-6,true
cf_vt_gurobi_original,3-28,model,9,6,0.0,1,1.0e-6,true
cf_vt_gurobi_original,3-29:32,model,9,6,0.0,1,1.0e-6,true
cf_vt_gurobi_original,3-31,model,9,6,0.0,1,1.0e-6,true
cf_vt_gurobi_original,3-29:32,model,9,6,0.0,1,1.0e-6,true
cf_vt_gurobi_original,3-23,model,9,7,0.0,kg/s,2.947222222222222e-5,true
cf_vt_gurobi_original,R2-fixed-flow,model,9,7,0.0,kg/s,2.947222222222222e-5,true
cf_vt_gurobi_original,3-27,model,9,7,5.551115123125783e-17,kg/s,2.947222222222222e-5,true
cf_vt_gurobi_original,3-30,model,9,7,5.551115123125783e-17,kg/s,2.947222222222222e-5,true
cf_vt_gurobi_original,3-32,model,9,7,0.0,1,1.0e-6,true
cf_vt_gurobi_original,3-28,model,9,7,0.0,1,1.0e-6,true
cf_vt_gurobi_original,3-29:32,model,9,7,0.0,1,1.0e-6,true
cf_vt_gurobi_original,3-31,model,9,7,0.0,1,1.0e-6,true
cf_vt_gurobi_original,3-29:32,model,9,7,0.0,1,1.0e-6,true
cf_vt_gurobi_original,3-23,model,9,8,0.0,kg/s,2.947222222222222e-5,true
cf_vt_gurobi_original,R2-fixed-flow,model,9,8,0.0,kg/s,2.947222222222222e-5,true
cf_vt_gurobi_original,3-27,model,9,8,5.551115123125783e-17,kg/s,2.947222222222222e-5,true
cf_vt_gurobi_original,3-30,model,9,8,5.551115123125783e-17,kg/s,2.947222222222222e-5,true
cf_vt_gurobi_original,3-32,model,9,8,0.0,1,1.0e-6,true
cf_vt_gurobi_original,3-28,model,9,8,0.0,1,1.0e-6,true
cf_vt_gurobi_original,3-29:32,model,9,8,0.0,1,1.0e-6,true
cf_vt_gurobi_original,3-31,model,9,8,0.0,1,1.0e-6,true
cf_vt_gurobi_original,3-29:32,model,9,8,0.0,1,1.0e-6,true
cf_vt_gurobi_original,3-23,model,9,9,0.0,kg/s,2.947222222222222e-5,true
cf_vt_gurobi_original,R2-fixed-flow,model,9,9,0.0,kg/s,2.947222222222222e-5,true
cf_vt_gurobi_original,3-27,model,9,9,5.551115123125783e-17,kg/s,2.947222222222222e-5,true
cf_vt_gurobi_original,3-30,model,9,9,5.551115123125783e-17,kg/s,2.947222222222222e-5,true
cf_vt_gurobi_original,3-32,model,9,9,0.0,1,1.0e-6,true
cf_vt_gurobi_original,3-28,model,9,9,0.0,1,1.0e-6,true
cf_vt_gurobi_original,3-29:32,model,9,9,0.0,1,1.0e-6,true
cf_vt_gurobi_original,3-31,model,9,9,0.0,1,1.0e-6,true
cf_vt_gurobi_original,3-29:32,model,9,9,0.0,1,1.0e-6,true
cf_vt_gurobi_original,3-23,model,9,10,0.0,kg/s,2.947222222222222e-5,true
cf_vt_gurobi_original,R2-fixed-flow,model,9,10,0.0,kg/s,2.947222222222222e-5,true
cf_vt_gurobi_original,3-27,model,9,10,5.551115123125783e-17,kg/s,2.947222222222222e-5,true
cf_vt_gurobi_original,3-30,model,9,10,5.551115123125783e-17,kg/s,2.947222222222222e-5,true
cf_vt_gurobi_original,3-32,model,9,10,0.0,1,1.0e-6,true
cf_vt_gurobi_original,3-28,model,9,10,0.0,1,1.0e-6,true
cf_vt_gurobi_original,3-29:32,model,9,10,0.0,1,1.0e-6,true
cf_vt_gurobi_original,3-31,model,9,10,0.0,1,1.0e-6,true
cf_vt_gurobi_original,3-29:32,model,9,10,0.0,1,1.0e-6,true
cf_vt_gurobi_original,3-23,model,9,11,0.0,kg/s,2.947222222222222e-5,true
cf_vt_gurobi_original,R2-fixed-flow,model,9,11,0.0,kg/s,2.947222222222222e-5,true
cf_vt_gurobi_original,3-27,model,9,11,5.551115123125783e-17,kg/s,2.947222222222222e-5,true
cf_vt_gurobi_original,3-30,model,9,11,5.551115123125783e-17,kg/s,2.947222222222222e-5,true
cf_vt_gurobi_original,3-32,model,9,11,0.0,1,1.0e-6,true
cf_vt_gurobi_original,3-28,model,9,11,0.0,1,1.0e-6,true
cf_vt_gurobi_original,3-29:32,model,9,11,0.0,1,1.0e-6,true
cf_vt_gurobi_original,3-31,model,9,11,0.0,1,1.0e-6,true
cf_vt_gurobi_original,3-29:32,model,9,11,0.0,1,1.0e-6,true
cf_vt_gurobi_original,3-23,model,9,12,0.0,kg/s,2.947222222222222e-5,true
cf_vt_gurobi_original,R2-fixed-flow,model,9,12,0.0,kg/s,2.947222222222222e-5,true
cf_vt_gurobi_original,3-27,model,9,12,5.551115123125783e-17,kg/s,2.947222222222222e-5,true
cf_vt_gurobi_original,3-30,model,9,12,5.551115123125783e-17,kg/s,2.947222222222222e-5,true
cf_vt_gurobi_original,3-32,model,9,12,0.0,1,1.0e-6,true
cf_vt_gurobi_original,3-28,model,9,12,0.0,1,1.0e-6,true
cf_vt_gurobi_original,3-29:32,model,9,12,0.0,1,1.0e-6,true
cf_vt_gurobi_original,3-31,model,9,12,0.0,1,1.0e-6,true
cf_vt_gurobi_original,3-29:32,model,9,12,0.0,1,1.0e-6,true
cf_vt_gurobi_original,3-23,model,9,13,0.0,kg/s,2.947222222222222e-5,true
cf_vt_gurobi_original,R2-fixed-flow,model,9,13,0.0,kg/s,2.947222222222222e-5,true
cf_vt_gurobi_original,3-27,model,9,13,5.551115123125783e-17,kg/s,2.947222222222222e-5,true
cf_vt_gurobi_original,3-30,model,9,13,5.551115123125783e-17,kg/s,2.947222222222222e-5,true
cf_vt_gurobi_original,3-32,model,9,13,0.0,1,1.0e-6,true
cf_vt_gurobi_original,3-28,model,9,13,0.0,1,1.0e-6,true
cf_vt_gurobi_original,3-29:32,model,9,13,0.0,1,1.0e-6,true
cf_vt_gurobi_original,3-31,model,9,13,0.0,1,1.0e-6,true
cf_vt_gurobi_original,3-29:32,model,9,13,0.0,1,1.0e-6,true
cf_vt_gurobi_original,3-23,model,9,14,0.0,kg/s,2.947222222222222e-5,true
cf_vt_gurobi_original,R2-fixed-flow,model,9,14,0.0,kg/s,2.947222222222222e-5,true
cf_vt_gurobi_original,3-27,model,9,14,5.551115123125783e-17,kg/s,2.947222222222222e-5,true
cf_vt_gurobi_original,3-30,model,9,14,5.551115123125783e-17,kg/s,2.947222222222222e-5,true
cf_vt_gurobi_original,3-32,model,9,14,0.0,1,1.0e-6,true
cf_vt_gurobi_original,3-28,model,9,14,0.0,1,1.0e-6,true
cf_vt_gurobi_original,3-29:32,model,9,14,0.0,1,1.0e-6,true
cf_vt_gurobi_original,3-31,model,9,14,0.0,1,1.0e-6,true
cf_vt_gurobi_original,3-29:32,model,9,14,0.0,1,1.0e-6,true
cf_vt_gurobi_original,3-23,model,9,15,0.0,kg/s,2.947222222222222e-5,true
cf_vt_gurobi_original,R2-fixed-flow,model,9,15,0.0,kg/s,2.947222222222222e-5,true
cf_vt_gurobi_original,3-27,model,9,15,5.551115123125783e-17,kg/s,2.947222222222222e-5,true
cf_vt_gurobi_original,3-30,model,9,15,5.551115123125783e-17,kg/s,2.947222222222222e-5,true
cf_vt_gurobi_original,3-32,model,9,15,0.0,1,1.0e-6,true
cf_vt_gurobi_original,3-28,model,9,15,0.0,1,1.0e-6,true
cf_vt_gurobi_original,3-29:32,model,9,15,0.0,1,1.0e-6,true
cf_vt_gurobi_original,3-31,model,9,15,0.0,1,1.0e-6,true
cf_vt_gurobi_original,3-29:32,model,9,15,0.0,1,1.0e-6,true
cf_vt_gurobi_original,3-23,model,9,16,0.0,kg/s,2.947222222222222e-5,true
cf_vt_gurobi_original,R2-fixed-flow,model,9,16,0.0,kg/s,2.947222222222222e-5,true
cf_vt_gurobi_original,3-27,model,9,16,5.551115123125783e-17,kg/s,2.947222222222222e-5,true
cf_vt_gurobi_original,3-30,model,9,16,5.551115123125783e-17,kg/s,2.947222222222222e-5,true
cf_vt_gurobi_original,3-32,model,9,16,0.0,1,1.0e-6,true
cf_vt_gurobi_original,3-28,model,9,16,0.0,1,1.0e-6,true
cf_vt_gurobi_original,3-29:32,model,9,16,0.0,1,1.0e-6,true
cf_vt_gurobi_original,3-31,model,9,16,0.0,1,1.0e-6,true
cf_vt_gurobi_original,3-29:32,model,9,16,0.0,1,1.0e-6,true
cf_vt_gurobi_original,3-23,model,9,17,0.0,kg/s,2.947222222222222e-5,true
cf_vt_gurobi_original,R2-fixed-flow,model,9,17,0.0,kg/s,2.947222222222222e-5,true
cf_vt_gurobi_original,3-27,model,9,17,5.551115123125783e-17,kg/s,2.947222222222222e-5,true
cf_vt_gurobi_original,3-30,model,9,17,5.551115123125783e-17,kg/s,2.947222222222222e-5,true
cf_vt_gurobi_original,3-32,model,9,17,0.0,1,1.0e-6,true
cf_vt_gurobi_original,3-28,model,9,17,0.0,1,1.0e-6,true
cf_vt_gurobi_original,3-29:32,model,9,17,0.0,1,1.0e-6,true
cf_vt_gurobi_original,3-31,model,9,17,0.0,1,1.0e-6,true
cf_vt_gurobi_original,3-29:32,model,9,17,0.0,1,1.0e-6,true
cf_vt_gurobi_original,3-23,model,9,18,0.0,kg/s,2.947222222222222e-5,true
cf_vt_gurobi_original,R2-fixed-flow,model,9,18,0.0,kg/s,2.947222222222222e-5,true
cf_vt_gurobi_original,3-27,model,9,18,5.551115123125783e-17,kg/s,2.947222222222222e-5,true
cf_vt_gurobi_original,3-30,model,9,18,5.551115123125783e-17,kg/s,2.947222222222222e-5,true
cf_vt_gurobi_original,3-32,model,9,18,0.0,1,1.0e-6,true
cf_vt_gurobi_original,3-28,model,9,18,0.0,1,1.0e-6,true
cf_vt_gurobi_original,3-29:32,model,9,18,0.0,1,1.0e-6,true
cf_vt_gurobi_original,3-31,model,9,18,0.0,1,1.0e-6,true
cf_vt_gurobi_original,3-29:32,model,9,18,0.0,1,1.0e-6,true
cf_vt_gurobi_original,3-23,model,9,19,0.0,kg/s,2.947222222222222e-5,true
cf_vt_gurobi_original,R2-fixed-flow,model,9,19,0.0,kg/s,2.947222222222222e-5,true
cf_vt_gurobi_original,3-27,model,9,19,5.551115123125783e-17,kg/s,2.947222222222222e-5,true
cf_vt_gurobi_original,3-30,model,9,19,5.551115123125783e-17,kg/s,2.947222222222222e-5,true
cf_vt_gurobi_original,3-32,model,9,19,0.0,1,1.0e-6,true
cf_vt_gurobi_original,3-28,model,9,19,0.0,1,1.0e-6,true
cf_vt_gurobi_original,3-29:32,model,9,19,0.0,1,1.0e-6,true
cf_vt_gurobi_original,3-31,model,9,19,0.0,1,1.0e-6,true
cf_vt_gurobi_original,3-29:32,model,9,19,0.0,1,1.0e-6,true
cf_vt_gurobi_original,3-23,model,9,20,0.0,kg/s,2.947222222222222e-5,true
cf_vt_gurobi_original,R2-fixed-flow,model,9,20,0.0,kg/s,2.947222222222222e-5,true
cf_vt_gurobi_original,3-27,model,9,20,5.551115123125783e-17,kg/s,2.947222222222222e-5,true
cf_vt_gurobi_original,3-30,model,9,20,5.551115123125783e-17,kg/s,2.947222222222222e-5,true
cf_vt_gurobi_original,3-32,model,9,20,0.0,1,1.0e-6,true
cf_vt_gurobi_original,3-28,model,9,20,0.0,1,1.0e-6,true
cf_vt_gurobi_original,3-29:32,model,9,20,0.0,1,1.0e-6,true
cf_vt_gurobi_original,3-31,model,9,20,0.0,1,1.0e-6,true
cf_vt_gurobi_original,3-29:32,model,9,20,0.0,1,1.0e-6,true
cf_vt_gurobi_original,3-23,model,9,21,0.0,kg/s,2.947222222222222e-5,true
cf_vt_gurobi_original,R2-fixed-flow,model,9,21,0.0,kg/s,2.947222222222222e-5,true
cf_vt_gurobi_original,3-27,model,9,21,5.551115123125783e-17,kg/s,2.947222222222222e-5,true
cf_vt_gurobi_original,3-30,model,9,21,5.551115123125783e-17,kg/s,2.947222222222222e-5,true
cf_vt_gurobi_original,3-32,model,9,21,0.0,1,1.0e-6,true
cf_vt_gurobi_original,3-28,model,9,21,0.0,1,1.0e-6,true
cf_vt_gurobi_original,3-29:32,model,9,21,0.0,1,1.0e-6,true
cf_vt_gurobi_original,3-31,model,9,21,0.0,1,1.0e-6,true
cf_vt_gurobi_original,3-29:32,model,9,21,0.0,1,1.0e-6,true
cf_vt_gurobi_original,3-23,model,9,22,0.0,kg/s,2.947222222222222e-5,true
cf_vt_gurobi_original,R2-fixed-flow,model,9,22,0.0,kg/s,2.947222222222222e-5,true
cf_vt_gurobi_original,3-27,model,9,22,5.551115123125783e-17,kg/s,2.947222222222222e-5,true
cf_vt_gurobi_original,3-30,model,9,22,5.551115123125783e-17,kg/s,2.947222222222222e-5,true
cf_vt_gurobi_original,3-32,model,9,22,0.0,1,1.0e-6,true
cf_vt_gurobi_original,3-28,model,9,22,0.0,1,1.0e-6,true
cf_vt_gurobi_original,3-29:32,model,9,22,0.0,1,1.0e-6,true
cf_vt_gurobi_original,3-31,model,9,22,0.0,1,1.0e-6,true
cf_vt_gurobi_original,3-29:32,model,9,22,0.0,1,1.0e-6,true
cf_vt_gurobi_original,3-23,model,9,23,0.0,kg/s,2.947222222222222e-5,true
cf_vt_gurobi_original,R2-fixed-flow,model,9,23,0.0,kg/s,2.947222222222222e-5,true
cf_vt_gurobi_original,3-27,model,9,23,5.551115123125783e-17,kg/s,2.947222222222222e-5,true
cf_vt_gurobi_original,3-30,model,9,23,5.551115123125783e-17,kg/s,2.947222222222222e-5,true
cf_vt_gurobi_original,3-32,model,9,23,0.0,1,1.0e-6,true
cf_vt_gurobi_original,3-28,model,9,23,0.0,1,1.0e-6,true
cf_vt_gurobi_original,3-29:32,model,9,23,0.0,1,1.0e-6,true
cf_vt_gurobi_original,3-31,model,9,23,0.0,1,1.0e-6,true
cf_vt_gurobi_original,3-29:32,model,9,23,0.0,1,1.0e-6,true
cf_vt_gurobi_original,3-23,model,9,24,0.0,kg/s,2.947222222222222e-5,true
cf_vt_gurobi_original,R2-fixed-flow,model,9,24,0.0,kg/s,2.947222222222222e-5,true
cf_vt_gurobi_original,3-27,model,9,24,5.551115123125783e-17,kg/s,2.947222222222222e-5,true
cf_vt_gurobi_original,3-30,model,9,24,5.551115123125783e-17,kg/s,2.947222222222222e-5,true
cf_vt_gurobi_original,3-32,model,9,24,0.0,1,1.0e-6,true
cf_vt_gurobi_original,3-28,model,9,24,0.0,1,1.0e-6,true
cf_vt_gurobi_original,3-29:32,model,9,24,0.0,1,1.0e-6,true
cf_vt_gurobi_original,3-31,model,9,24,0.0,1,1.0e-6,true
cf_vt_gurobi_original,3-29:32,model,9,24,0.0,1,1.0e-6,true
cf_vt_gurobi_original,3-39:40,model,S9,1,0.0,K,0.0001,true
cf_vt_gurobi_original,3-41,model,9,1,0.0,K,0.0001,true
cf_vt_gurobi_original,3-41,model,9,1,0.0,K,0.0001,true
cf_vt_gurobi_original,3-23-kappa,model,9,1,0.0,kPa,0.005199261864978687,true
cf_vt_gurobi_original,3-22,model,S9,1,2.4599201917163352e-17,normalized,1.0e-6,true
cf_vt_gurobi_original,3-26,model,S9,1,0.0,normalized,1.0e-6,true
cf_vt_gurobi_original,3-25,physics,S9,1,0.0,normalized,1.0e-6,true
cf_vt_gurobi_original,WMM-replay,physics,S9,1,0.0,K,0.0001,true
cf_vt_gurobi_original,3-33:34,model,S9,1,0.0,K,0.0001,true
cf_vt_gurobi_original,3-39:40,model,S9,2,0.0,K,0.0001,true
cf_vt_gurobi_original,3-41,model,9,2,0.0,K,0.0001,true
cf_vt_gurobi_original,3-41,model,9,2,0.0,K,0.0001,true
cf_vt_gurobi_original,3-23-kappa,model,9,2,0.0,kPa,0.005199261864978687,true
cf_vt_gurobi_original,3-22,model,S9,2,2.4599201917163352e-17,normalized,1.0e-6,true
cf_vt_gurobi_original,3-26,model,S9,2,0.0,normalized,1.0e-6,true
cf_vt_gurobi_original,3-25,physics,S9,2,0.0,normalized,1.0e-6,true
cf_vt_gurobi_original,WMM-replay,physics,S9,2,5.684341886080802e-14,K,0.0001,true
cf_vt_gurobi_original,3-33:34,model,S9,2,5.684341886080802e-14,K,0.0001,true
cf_vt_gurobi_original,3-39:40,model,S9,3,0.0,K,0.0001,true
cf_vt_gurobi_original,3-41,model,9,3,0.0,K,0.0001,true
cf_vt_gurobi_original,3-41,model,9,3,0.0,K,0.0001,true
cf_vt_gurobi_original,3-23-kappa,model,9,3,0.0,kPa,0.005199261864978687,true
cf_vt_gurobi_original,3-22,model,S9,3,2.4599201917163352e-17,normalized,1.0e-6,true
cf_vt_gurobi_original,3-26,model,S9,3,0.0,normalized,1.0e-6,true
cf_vt_gurobi_original,3-25,physics,S9,3,0.0,normalized,1.0e-6,true
cf_vt_gurobi_original,WMM-replay,physics,S9,3,5.684341886080802e-14,K,0.0001,true
cf_vt_gurobi_original,3-33:34,model,S9,3,5.684341886080802e-14,K,0.0001,true
cf_vt_gurobi_original,3-39:40,model,S9,4,0.0,K,0.0001,true
cf_vt_gurobi_original,3-41,model,9,4,0.0,K,0.0001,true
cf_vt_gurobi_original,3-41,model,9,4,0.0,K,0.0001,true
cf_vt_gurobi_original,3-23-kappa,model,9,4,0.0,kPa,0.005199261864978687,true
cf_vt_gurobi_original,3-22,model,S9,4,2.4599201917163352e-17,normalized,1.0e-6,true
cf_vt_gurobi_original,3-26,model,S9,4,0.0,normalized,1.0e-6,true
cf_vt_gurobi_original,3-25,physics,S9,4,0.0,normalized,1.0e-6,true
cf_vt_gurobi_original,WMM-replay,physics,S9,4,5.684341886080802e-14,K,0.0001,true
cf_vt_gurobi_original,3-33:34,model,S9,4,5.684341886080802e-14,K,0.0001,true
cf_vt_gurobi_original,3-39:40,model,S9,5,0.0,K,0.0001,true
cf_vt_gurobi_original,3-41,model,9,5,0.0,K,0.0001,true
cf_vt_gurobi_original,3-41,model,9,5,0.0,K,0.0001,true
cf_vt_gurobi_original,3-23-kappa,model,9,5,0.0,kPa,0.005199261864978687,true
cf_vt_gurobi_original,3-22,model,S9,5,2.4599201917163352e-17,normalized,1.0e-6,true
cf_vt_gurobi_original,3-26,model,S9,5,0.0,normalized,1.0e-6,true
cf_vt_gurobi_original,3-25,physics,S9,5,0.0,normalized,1.0e-6,true
cf_vt_gurobi_original,WMM-replay,physics,S9,5,5.684341886080802e-14,K,0.0001,true
cf_vt_gurobi_original,3-33:34,model,S9,5,5.684341886080802e-14,K,0.0001,true
cf_vt_gurobi_original,3-39:40,model,S9,6,0.0,K,0.0001,true
cf_vt_gurobi_original,3-41,model,9,6,0.0,K,0.0001,true
cf_vt_gurobi_original,3-41,model,9,6,0.0,K,0.0001,true
cf_vt_gurobi_original,3-23-kappa,model,9,6,0.0,kPa,0.005199261864978687,true
cf_vt_gurobi_original,3-22,model,S9,6,2.4599201917163352e-17,normalized,1.0e-6,true
cf_vt_gurobi_original,3-26,model,S9,6,0.0,normalized,1.0e-6,true
cf_vt_gurobi_original,3-25,physics,S9,6,0.0,normalized,1.0e-6,true
cf_vt_gurobi_original,WMM-replay,physics,S9,6,5.684341886080802e-14,K,0.0001,true
cf_vt_gurobi_original,3-33:34,model,S9,6,5.684341886080802e-14,K,0.0001,true
cf_vt_gurobi_original,3-39:40,model,S9,7,0.0,K,0.0001,true
cf_vt_gurobi_original,3-41,model,9,7,0.0,K,0.0001,true
cf_vt_gurobi_original,3-41,model,9,7,0.0,K,0.0001,true
cf_vt_gurobi_original,3-23-kappa,model,9,7,0.0,kPa,0.005199261864978687,true
cf_vt_gurobi_original,3-22,model,S9,7,2.4599201917163352e-17,normalized,1.0e-6,true
cf_vt_gurobi_original,3-26,model,S9,7,0.0,normalized,1.0e-6,true
cf_vt_gurobi_original,3-25,physics,S9,7,0.0,normalized,1.0e-6,true
cf_vt_gurobi_original,WMM-replay,physics,S9,7,5.684341886080802e-14,K,0.0001,true
cf_vt_gurobi_original,3-33:34,model,S9,7,5.684341886080802e-14,K,0.0001,true
cf_vt_gurobi_original,3-39:40,model,S9,8,0.0,K,0.0001,true
cf_vt_gurobi_original,3-41,model,9,8,0.0,K,0.0001,true
cf_vt_gurobi_original,3-41,model,9,8,0.0,K,0.0001,true
cf_vt_gurobi_original,3-23-kappa,model,9,8,0.0,kPa,0.005199261864978687,true
cf_vt_gurobi_original,3-22,model,S9,8,2.4599201917163352e-17,normalized,1.0e-6,true
cf_vt_gurobi_original,3-26,model,S9,8,0.0,normalized,1.0e-6,true
cf_vt_gurobi_original,3-25,physics,S9,8,0.0,normalized,1.0e-6,true
cf_vt_gurobi_original,WMM-replay,physics,S9,8,0.0,K,0.0001,true
cf_vt_gurobi_original,3-33:34,model,S9,8,0.0,K,0.0001,true
cf_vt_gurobi_original,3-39:40,model,S9,9,0.0,K,0.0001,true
cf_vt_gurobi_original,3-41,model,9,9,0.0,K,0.0001,true
cf_vt_gurobi_original,3-41,model,9,9,0.0,K,0.0001,true
cf_vt_gurobi_original,3-23-kappa,model,9,9,0.0,kPa,0.005199261864978687,true
cf_vt_gurobi_original,3-22,model,S9,9,2.4599201917163352e-17,normalized,1.0e-6,true
cf_vt_gurobi_original,3-26,model,S9,9,0.0,normalized,1.0e-6,true
cf_vt_gurobi_original,3-25,physics,S9,9,0.0,normalized,1.0e-6,true
cf_vt_gurobi_original,WMM-replay,physics,S9,9,5.684341886080802e-14,K,0.0001,true
cf_vt_gurobi_original,3-33:34,model,S9,9,5.684341886080802e-14,K,0.0001,true
cf_vt_gurobi_original,3-39:40,model,S9,10,0.0,K,0.0001,true
cf_vt_gurobi_original,3-41,model,9,10,0.0,K,0.0001,true
cf_vt_gurobi_original,3-41,model,9,10,0.0,K,0.0001,true
cf_vt_gurobi_original,3-23-kappa,model,9,10,0.0,kPa,0.005199261864978687,true
cf_vt_gurobi_original,3-22,model,S9,10,2.4599201917163352e-17,normalized,1.0e-6,true
cf_vt_gurobi_original,3-26,model,S9,10,0.0,normalized,1.0e-6,true
cf_vt_gurobi_original,3-25,physics,S9,10,0.0,normalized,1.0e-6,true
cf_vt_gurobi_original,WMM-replay,physics,S9,10,5.684341886080802e-14,K,0.0001,true
cf_vt_gurobi_original,3-33:34,model,S9,10,5.684341886080802e-14,K,0.0001,true
cf_vt_gurobi_original,3-39:40,model,S9,11,0.0,K,0.0001,true
cf_vt_gurobi_original,3-41,model,9,11,0.0,K,0.0001,true
cf_vt_gurobi_original,3-41,model,9,11,0.0,K,0.0001,true
cf_vt_gurobi_original,3-23-kappa,model,9,11,0.0,kPa,0.005199261864978687,true
cf_vt_gurobi_original,3-22,model,S9,11,2.4599201917163352e-17,normalized,1.0e-6,true
cf_vt_gurobi_original,3-26,model,S9,11,0.0,normalized,1.0e-6,true
cf_vt_gurobi_original,3-25,physics,S9,11,0.0,normalized,1.0e-6,true
cf_vt_gurobi_original,WMM-replay,physics,S9,11,0.0,K,0.0001,true
cf_vt_gurobi_original,3-33:34,model,S9,11,0.0,K,0.0001,true
cf_vt_gurobi_original,3-39:40,model,S9,12,0.0,K,0.0001,true
cf_vt_gurobi_original,3-41,model,9,12,0.0,K,0.0001,true
cf_vt_gurobi_original,3-41,model,9,12,0.0,K,0.0001,true
cf_vt_gurobi_original,3-23-kappa,model,9,12,0.0,kPa,0.005199261864978687,true
cf_vt_gurobi_original,3-22,model,S9,12,2.4599201917163352e-17,normalized,1.0e-6,true
cf_vt_gurobi_original,3-26,model,S9,12,0.0,normalized,1.0e-6,true
cf_vt_gurobi_original,3-25,physics,S9,12,0.0,normalized,1.0e-6,true
cf_vt_gurobi_original,WMM-replay,physics,S9,12,5.684341886080802e-14,K,0.0001,true
cf_vt_gurobi_original,3-33:34,model,S9,12,5.684341886080802e-14,K,0.0001,true
cf_vt_gurobi_original,3-39:40,model,S9,13,0.0,K,0.0001,true
cf_vt_gurobi_original,3-41,model,9,13,0.0,K,0.0001,true
cf_vt_gurobi_original,3-41,model,9,13,0.0,K,0.0001,true
cf_vt_gurobi_original,3-23-kappa,model,9,13,0.0,kPa,0.005199261864978687,true
cf_vt_gurobi_original,3-22,model,S9,13,2.4599201917163352e-17,normalized,1.0e-6,true
cf_vt_gurobi_original,3-26,model,S9,13,0.0,normalized,1.0e-6,true
cf_vt_gurobi_original,3-25,physics,S9,13,0.0,normalized,1.0e-6,true
cf_vt_gurobi_original,WMM-replay,physics,S9,13,5.684341886080802e-14,K,0.0001,true
cf_vt_gurobi_original,3-33:34,model,S9,13,5.684341886080802e-14,K,0.0001,true
cf_vt_gurobi_original,3-39:40,model,S9,14,0.0,K,0.0001,true
cf_vt_gurobi_original,3-41,model,9,14,0.0,K,0.0001,true
cf_vt_gurobi_original,3-41,model,9,14,0.0,K,0.0001,true
cf_vt_gurobi_original,3-23-kappa,model,9,14,0.0,kPa,0.005199261864978687,true
cf_vt_gurobi_original,3-22,model,S9,14,2.4599201917163352e-17,normalized,1.0e-6,true
cf_vt_gurobi_original,3-26,model,S9,14,0.0,normalized,1.0e-6,true
cf_vt_gurobi_original,3-25,physics,S9,14,0.0,normalized,1.0e-6,true
cf_vt_gurobi_original,WMM-replay,physics,S9,14,5.684341886080802e-14,K,0.0001,true
cf_vt_gurobi_original,3-33:34,model,S9,14,5.684341886080802e-14,K,0.0001,true
cf_vt_gurobi_original,3-39:40,model,S9,15,0.0,K,0.0001,true
cf_vt_gurobi_original,3-41,model,9,15,0.0,K,0.0001,true
cf_vt_gurobi_original,3-41,model,9,15,0.0,K,0.0001,true
cf_vt_gurobi_original,3-23-kappa,model,9,15,0.0,kPa,0.005199261864978687,true
cf_vt_gurobi_original,3-22,model,S9,15,2.4599201917163352e-17,normalized,1.0e-6,true
cf_vt_gurobi_original,3-26,model,S9,15,0.0,normalized,1.0e-6,true
cf_vt_gurobi_original,3-25,physics,S9,15,0.0,normalized,1.0e-6,true
cf_vt_gurobi_original,WMM-replay,physics,S9,15,5.684341886080802e-14,K,0.0001,true
cf_vt_gurobi_original,3-33:34,model,S9,15,5.684341886080802e-14,K,0.0001,true
cf_vt_gurobi_original,3-39:40,model,S9,16,0.0,K,0.0001,true
cf_vt_gurobi_original,3-41,model,9,16,0.0,K,0.0001,true
cf_vt_gurobi_original,3-41,model,9,16,0.0,K,0.0001,true
cf_vt_gurobi_original,3-23-kappa,model,9,16,0.0,kPa,0.005199261864978687,true
cf_vt_gurobi_original,3-22,model,S9,16,2.4599201917163352e-17,normalized,1.0e-6,true
cf_vt_gurobi_original,3-26,model,S9,16,0.0,normalized,1.0e-6,true
cf_vt_gurobi_original,3-25,physics,S9,16,0.0,normalized,1.0e-6,true
cf_vt_gurobi_original,WMM-replay,physics,S9,16,5.684341886080802e-14,K,0.0001,true
cf_vt_gurobi_original,3-33:34,model,S9,16,5.684341886080802e-14,K,0.0001,true
cf_vt_gurobi_original,3-39:40,model,S9,17,0.0,K,0.0001,true
cf_vt_gurobi_original,3-41,model,9,17,0.0,K,0.0001,true
cf_vt_gurobi_original,3-41,model,9,17,0.0,K,0.0001,true
cf_vt_gurobi_original,3-23-kappa,model,9,17,0.0,kPa,0.005199261864978687,true
cf_vt_gurobi_original,3-22,model,S9,17,2.4599201917163352e-17,normalized,1.0e-6,true
cf_vt_gurobi_original,3-26,model,S9,17,0.0,normalized,1.0e-6,true
cf_vt_gurobi_original,3-25,physics,S9,17,0.0,normalized,1.0e-6,true
cf_vt_gurobi_original,WMM-replay,physics,S9,17,5.684341886080802e-14,K,0.0001,true
cf_vt_gurobi_original,3-33:34,model,S9,17,5.684341886080802e-14,K,0.0001,true
cf_vt_gurobi_original,3-39:40,model,S9,18,0.0,K,0.0001,true
cf_vt_gurobi_original,3-41,model,9,18,0.0,K,0.0001,true
cf_vt_gurobi_original,3-41,model,9,18,0.0,K,0.0001,true
cf_vt_gurobi_original,3-23-kappa,model,9,18,0.0,kPa,0.005199261864978687,true
cf_vt_gurobi_original,3-22,model,S9,18,2.4599201917163352e-17,normalized,1.0e-6,true
cf_vt_gurobi_original,3-26,model,S9,18,0.0,normalized,1.0e-6,true
cf_vt_gurobi_original,3-25,physics,S9,18,0.0,normalized,1.0e-6,true
cf_vt_gurobi_original,WMM-replay,physics,S9,18,5.684341886080802e-14,K,0.0001,true
cf_vt_gurobi_original,3-33:34,model,S9,18,5.684341886080802e-14,K,0.0001,true
cf_vt_gurobi_original,3-39:40,model,S9,19,0.0,K,0.0001,true
cf_vt_gurobi_original,3-41,model,9,19,0.0,K,0.0001,true
cf_vt_gurobi_original,3-41,model,9,19,0.0,K,0.0001,true
cf_vt_gurobi_original,3-23-kappa,model,9,19,0.0,kPa,0.005199261864978687,true
cf_vt_gurobi_original,3-22,model,S9,19,2.4599201917163352e-17,normalized,1.0e-6,true
cf_vt_gurobi_original,3-26,model,S9,19,0.0,normalized,1.0e-6,true
cf_vt_gurobi_original,3-25,physics,S9,19,0.0,normalized,1.0e-6,true
cf_vt_gurobi_original,WMM-replay,physics,S9,19,5.684341886080802e-14,K,0.0001,true
cf_vt_gurobi_original,3-33:34,model,S9,19,5.684341886080802e-14,K,0.0001,true
cf_vt_gurobi_original,3-39:40,model,S9,20,0.0,K,0.0001,true
cf_vt_gurobi_original,3-41,model,9,20,0.0,K,0.0001,true
cf_vt_gurobi_original,3-41,model,9,20,0.0,K,0.0001,true
cf_vt_gurobi_original,3-23-kappa,model,9,20,0.0,kPa,0.005199261864978687,true
cf_vt_gurobi_original,3-22,model,S9,20,2.4599201917163352e-17,normalized,1.0e-6,true
cf_vt_gurobi_original,3-26,model,S9,20,0.0,normalized,1.0e-6,true
cf_vt_gurobi_original,3-25,physics,S9,20,0.0,normalized,1.0e-6,true
cf_vt_gurobi_original,WMM-replay,physics,S9,20,5.684341886080802e-14,K,0.0001,true
cf_vt_gurobi_original,3-33:34,model,S9,20,5.684341886080802e-14,K,0.0001,true
cf_vt_gurobi_original,3-39:40,model,S9,21,0.0,K,0.0001,true
cf_vt_gurobi_original,3-41,model,9,21,0.0,K,0.0001,true
cf_vt_gurobi_original,3-41,model,9,21,0.0,K,0.0001,true
cf_vt_gurobi_original,3-23-kappa,model,9,21,0.0,kPa,0.005199261864978687,true
cf_vt_gurobi_original,3-22,model,S9,21,2.4599201917163352e-17,normalized,1.0e-6,true
cf_vt_gurobi_original,3-26,model,S9,21,0.0,normalized,1.0e-6,true
cf_vt_gurobi_original,3-25,physics,S9,21,0.0,normalized,1.0e-6,true
cf_vt_gurobi_original,WMM-replay,physics,S9,21,5.684341886080802e-14,K,0.0001,true
cf_vt_gurobi_original,3-33:34,model,S9,21,5.684341886080802e-14,K,0.0001,true
cf_vt_gurobi_original,3-39:40,model,S9,22,0.0,K,0.0001,true
cf_vt_gurobi_original,3-41,model,9,22,0.0,K,0.0001,true
cf_vt_gurobi_original,3-41,model,9,22,0.0,K,0.0001,true
cf_vt_gurobi_original,3-23-kappa,model,9,22,0.0,kPa,0.005199261864978687,true
cf_vt_gurobi_original,3-22,model,S9,22,2.4599201917163352e-17,normalized,1.0e-6,true
cf_vt_gurobi_original,3-26,model,S9,22,0.0,normalized,1.0e-6,true
cf_vt_gurobi_original,3-25,physics,S9,22,0.0,normalized,1.0e-6,true
cf_vt_gurobi_original,WMM-replay,physics,S9,22,5.684341886080802e-14,K,0.0001,true
cf_vt_gurobi_original,3-33:34,model,S9,22,5.684341886080802e-14,K,0.0001,true
cf_vt_gurobi_original,3-39:40,model,S9,23,0.0,K,0.0001,true
cf_vt_gurobi_original,3-41,model,9,23,0.0,K,0.0001,true
cf_vt_gurobi_original,3-41,model,9,23,0.0,K,0.0001,true
cf_vt_gurobi_original,3-23-kappa,model,9,23,0.0,kPa,0.005199261864978687,true
cf_vt_gurobi_original,3-22,model,S9,23,2.4599201917163352e-17,normalized,1.0e-6,true
cf_vt_gurobi_original,3-26,model,S9,23,0.0,normalized,1.0e-6,true
cf_vt_gurobi_original,3-25,physics,S9,23,0.0,normalized,1.0e-6,true
cf_vt_gurobi_original,WMM-replay,physics,S9,23,5.684341886080802e-14,K,0.0001,true
cf_vt_gurobi_original,3-33:34,model,S9,23,5.684341886080802e-14,K,0.0001,true
cf_vt_gurobi_original,3-39:40,model,S9,24,0.0,K,0.0001,true
cf_vt_gurobi_original,3-41,model,9,24,0.0,K,0.0001,true
cf_vt_gurobi_original,3-41,model,9,24,0.0,K,0.0001,true
cf_vt_gurobi_original,3-23-kappa,model,9,24,0.0,kPa,0.005199261864978687,true
cf_vt_gurobi_original,3-22,model,S9,24,2.4599201917163352e-17,normalized,1.0e-6,true
cf_vt_gurobi_original,3-26,model,S9,24,0.0,normalized,1.0e-6,true
cf_vt_gurobi_original,3-25,physics,S9,24,0.0,normalized,1.0e-6,true
cf_vt_gurobi_original,WMM-replay,physics,S9,24,5.684341886080802e-14,K,0.0001,true
cf_vt_gurobi_original,3-33:34,model,S9,24,5.684341886080802e-14,K,0.0001,true
cf_vt_gurobi_original,3-39:40,model,R9,1,0.0,K,0.0001,true
cf_vt_gurobi_original,3-41,model,9,1,0.0,K,0.0001,true
cf_vt_gurobi_original,3-41,model,9,1,0.0,K,0.0001,true
cf_vt_gurobi_original,3-23-kappa,model,9,1,0.0,kPa,0.005199261864978687,true
cf_vt_gurobi_original,3-22,model,R9,1,0.0,normalized,1.0e-6,true
cf_vt_gurobi_original,3-26,model,R9,1,0.0,normalized,1.0e-6,true
cf_vt_gurobi_original,3-25,physics,R9,1,0.0,normalized,1.0e-6,true
cf_vt_gurobi_original,WMM-replay,physics,R9,1,5.684341886080802e-14,K,0.0001,true
cf_vt_gurobi_original,3-33:34,model,R9,1,5.684341886080802e-14,K,0.0001,true
cf_vt_gurobi_original,3-39:40,model,R9,2,0.0,K,0.0001,true
cf_vt_gurobi_original,3-41,model,9,2,0.0,K,0.0001,true
cf_vt_gurobi_original,3-41,model,9,2,0.0,K,0.0001,true
cf_vt_gurobi_original,3-23-kappa,model,9,2,0.0,kPa,0.005199261864978687,true
cf_vt_gurobi_original,3-22,model,R9,2,0.0,normalized,1.0e-6,true
cf_vt_gurobi_original,3-26,model,R9,2,0.0,normalized,1.0e-6,true
cf_vt_gurobi_original,3-25,physics,R9,2,0.0,normalized,1.0e-6,true
cf_vt_gurobi_original,WMM-replay,physics,R9,2,5.684341886080802e-14,K,0.0001,true
cf_vt_gurobi_original,3-33:34,model,R9,2,5.684341886080802e-14,K,0.0001,true
cf_vt_gurobi_original,3-39:40,model,R9,3,0.0,K,0.0001,true
cf_vt_gurobi_original,3-41,model,9,3,0.0,K,0.0001,true
cf_vt_gurobi_original,3-41,model,9,3,0.0,K,0.0001,true
cf_vt_gurobi_original,3-23-kappa,model,9,3,0.0,kPa,0.005199261864978687,true
cf_vt_gurobi_original,3-22,model,R9,3,0.0,normalized,1.0e-6,true
cf_vt_gurobi_original,3-26,model,R9,3,0.0,normalized,1.0e-6,true
cf_vt_gurobi_original,3-25,physics,R9,3,0.0,normalized,1.0e-6,true
cf_vt_gurobi_original,WMM-replay,physics,R9,3,0.0,K,0.0001,true
cf_vt_gurobi_original,3-33:34,model,R9,3,0.0,K,0.0001,true
cf_vt_gurobi_original,3-39:40,model,R9,4,0.0,K,0.0001,true
cf_vt_gurobi_original,3-41,model,9,4,0.0,K,0.0001,true
cf_vt_gurobi_original,3-41,model,9,4,0.0,K,0.0001,true
cf_vt_gurobi_original,3-23-kappa,model,9,4,0.0,kPa,0.005199261864978687,true
cf_vt_gurobi_original,3-22,model,R9,4,0.0,normalized,1.0e-6,true
cf_vt_gurobi_original,3-26,model,R9,4,0.0,normalized,1.0e-6,true
cf_vt_gurobi_original,3-25,physics,R9,4,0.0,normalized,1.0e-6,true
cf_vt_gurobi_original,WMM-replay,physics,R9,4,0.0,K,0.0001,true
cf_vt_gurobi_original,3-33:34,model,R9,4,0.0,K,0.0001,true
cf_vt_gurobi_original,3-39:40,model,R9,5,0.0,K,0.0001,true
cf_vt_gurobi_original,3-41,model,9,5,0.0,K,0.0001,true
cf_vt_gurobi_original,3-41,model,9,5,0.0,K,0.0001,true
cf_vt_gurobi_original,3-23-kappa,model,9,5,0.0,kPa,0.005199261864978687,true
cf_vt_gurobi_original,3-22,model,R9,5,0.0,normalized,1.0e-6,true
cf_vt_gurobi_original,3-26,model,R9,5,0.0,normalized,1.0e-6,true
cf_vt_gurobi_original,3-25,physics,R9,5,0.0,normalized,1.0e-6,true
cf_vt_gurobi_original,WMM-replay,physics,R9,5,5.684341886080802e-14,K,0.0001,true
cf_vt_gurobi_original,3-33:34,model,R9,5,5.684341886080802e-14,K,0.0001,true
cf_vt_gurobi_original,3-39:40,model,R9,6,0.0,K,0.0001,true
cf_vt_gurobi_original,3-41,model,9,6,0.0,K,0.0001,true
cf_vt_gurobi_original,3-41,model,9,6,0.0,K,0.0001,true
cf_vt_gurobi_original,3-23-kappa,model,9,6,0.0,kPa,0.005199261864978687,true
cf_vt_gurobi_original,3-22,model,R9,6,0.0,normalized,1.0e-6,true
cf_vt_gurobi_original,3-26,model,R9,6,0.0,normalized,1.0e-6,true
cf_vt_gurobi_original,3-25,physics,R9,6,0.0,normalized,1.0e-6,true
cf_vt_gurobi_original,WMM-replay,physics,R9,6,1.1368683772161603e-13,K,0.0001,true
cf_vt_gurobi_original,3-33:34,model,R9,6,1.1368683772161603e-13,K,0.0001,true
cf_vt_gurobi_original,3-39:40,model,R9,7,0.0,K,0.0001,true
cf_vt_gurobi_original,3-41,model,9,7,0.0,K,0.0001,true
cf_vt_gurobi_original,3-41,model,9,7,0.0,K,0.0001,true
cf_vt_gurobi_original,3-23-kappa,model,9,7,0.0,kPa,0.005199261864978687,true
cf_vt_gurobi_original,3-22,model,R9,7,0.0,normalized,1.0e-6,true
cf_vt_gurobi_original,3-26,model,R9,7,0.0,normalized,1.0e-6,true
cf_vt_gurobi_original,3-25,physics,R9,7,0.0,normalized,1.0e-6,true
cf_vt_gurobi_original,WMM-replay,physics,R9,7,0.0,K,0.0001,true
cf_vt_gurobi_original,3-33:34,model,R9,7,0.0,K,0.0001,true
cf_vt_gurobi_original,3-39:40,model,R9,8,0.0,K,0.0001,true
cf_vt_gurobi_original,3-41,model,9,8,0.0,K,0.0001,true
cf_vt_gurobi_original,3-41,model,9,8,0.0,K,0.0001,true
cf_vt_gurobi_original,3-23-kappa,model,9,8,0.0,kPa,0.005199261864978687,true
cf_vt_gurobi_original,3-22,model,R9,8,0.0,normalized,1.0e-6,true
cf_vt_gurobi_original,3-26,model,R9,8,0.0,normalized,1.0e-6,true
cf_vt_gurobi_original,3-25,physics,R9,8,0.0,normalized,1.0e-6,true
cf_vt_gurobi_original,WMM-replay,physics,R9,8,5.684341886080802e-14,K,0.0001,true
cf_vt_gurobi_original,3-33:34,model,R9,8,5.684341886080802e-14,K,0.0001,true
cf_vt_gurobi_original,3-39:40,model,R9,9,0.0,K,0.0001,true
cf_vt_gurobi_original,3-41,model,9,9,0.0,K,0.0001,true
cf_vt_gurobi_original,3-41,model,9,9,0.0,K,0.0001,true
cf_vt_gurobi_original,3-23-kappa,model,9,9,0.0,kPa,0.005199261864978687,true
cf_vt_gurobi_original,3-22,model,R9,9,0.0,normalized,1.0e-6,true
cf_vt_gurobi_original,3-26,model,R9,9,0.0,normalized,1.0e-6,true
cf_vt_gurobi_original,3-25,physics,R9,9,0.0,normalized,1.0e-6,true
cf_vt_gurobi_original,WMM-replay,physics,R9,9,1.1368683772161603e-13,K,0.0001,true
cf_vt_gurobi_original,3-33:34,model,R9,9,1.1368683772161603e-13,K,0.0001,true
cf_vt_gurobi_original,3-39:40,model,R9,10,0.0,K,0.0001,true
cf_vt_gurobi_original,3-41,model,9,10,0.0,K,0.0001,true
cf_vt_gurobi_original,3-41,model,9,10,0.0,K,0.0001,true
cf_vt_gurobi_original,3-23-kappa,model,9,10,0.0,kPa,0.005199261864978687,true
cf_vt_gurobi_original,3-22,model,R9,10,0.0,normalized,1.0e-6,true
cf_vt_gurobi_original,3-26,model,R9,10,0.0,normalized,1.0e-6,true
cf_vt_gurobi_original,3-25,physics,R9,10,0.0,normalized,1.0e-6,true
cf_vt_gurobi_original,WMM-replay,physics,R9,10,5.684341886080802e-14,K,0.0001,true
cf_vt_gurobi_original,3-33:34,model,R9,10,5.684341886080802e-14,K,0.0001,true
cf_vt_gurobi_original,3-39:40,model,R9,11,0.0,K,0.0001,true
cf_vt_gurobi_original,3-41,model,9,11,0.0,K,0.0001,true
cf_vt_gurobi_original,3-41,model,9,11,0.0,K,0.0001,true
cf_vt_gurobi_original,3-23-kappa,model,9,11,0.0,kPa,0.005199261864978687,true
cf_vt_gurobi_original,3-22,model,R9,11,0.0,normalized,1.0e-6,true
cf_vt_gurobi_original,3-26,model,R9,11,0.0,normalized,1.0e-6,true
cf_vt_gurobi_original,3-25,physics,R9,11,0.0,normalized,1.0e-6,true
cf_vt_gurobi_original,WMM-replay,physics,R9,11,5.684341886080802e-14,K,0.0001,true
cf_vt_gurobi_original,3-33:34,model,R9,11,5.684341886080802e-14,K,0.0001,true
cf_vt_gurobi_original,3-39:40,model,R9,12,0.0,K,0.0001,true
cf_vt_gurobi_original,3-41,model,9,12,0.0,K,0.0001,true
cf_vt_gurobi_original,3-41,model,9,12,0.0,K,0.0001,true
cf_vt_gurobi_original,3-23-kappa,model,9,12,0.0,kPa,0.005199261864978687,true
cf_vt_gurobi_original,3-22,model,R9,12,0.0,normalized,1.0e-6,true
cf_vt_gurobi_original,3-26,model,R9,12,0.0,normalized,1.0e-6,true
cf_vt_gurobi_original,3-25,physics,R9,12,0.0,normalized,1.0e-6,true
cf_vt_gurobi_original,WMM-replay,physics,R9,12,0.0,K,0.0001,true
cf_vt_gurobi_original,3-33:34,model,R9,12,0.0,K,0.0001,true
cf_vt_gurobi_original,3-39:40,model,R9,13,0.0,K,0.0001,true
cf_vt_gurobi_original,3-41,model,9,13,0.0,K,0.0001,true
cf_vt_gurobi_original,3-41,model,9,13,0.0,K,0.0001,true
cf_vt_gurobi_original,3-23-kappa,model,9,13,0.0,kPa,0.005199261864978687,true
cf_vt_gurobi_original,3-22,model,R9,13,0.0,normalized,1.0e-6,true
cf_vt_gurobi_original,3-26,model,R9,13,0.0,normalized,1.0e-6,true
cf_vt_gurobi_original,3-25,physics,R9,13,0.0,normalized,1.0e-6,true
cf_vt_gurobi_original,WMM-replay,physics,R9,13,5.684341886080802e-14,K,0.0001,true
cf_vt_gurobi_original,3-33:34,model,R9,13,5.684341886080802e-14,K,0.0001,true
cf_vt_gurobi_original,3-39:40,model,R9,14,0.0,K,0.0001,true
cf_vt_gurobi_original,3-41,model,9,14,0.0,K,0.0001,true
cf_vt_gurobi_original,3-41,model,9,14,0.0,K,0.0001,true
cf_vt_gurobi_original,3-23-kappa,model,9,14,0.0,kPa,0.005199261864978687,true
cf_vt_gurobi_original,3-22,model,R9,14,0.0,normalized,1.0e-6,true
cf_vt_gurobi_original,3-26,model,R9,14,0.0,normalized,1.0e-6,true
cf_vt_gurobi_original,3-25,physics,R9,14,0.0,normalized,1.0e-6,true
cf_vt_gurobi_original,WMM-replay,physics,R9,14,0.0,K,0.0001,true
cf_vt_gurobi_original,3-33:34,model,R9,14,0.0,K,0.0001,true
cf_vt_gurobi_original,3-39:40,model,R9,15,0.0,K,0.0001,true
cf_vt_gurobi_original,3-41,model,9,15,0.0,K,0.0001,true
cf_vt_gurobi_original,3-41,model,9,15,0.0,K,0.0001,true
cf_vt_gurobi_original,3-23-kappa,model,9,15,0.0,kPa,0.005199261864978687,true
cf_vt_gurobi_original,3-22,model,R9,15,0.0,normalized,1.0e-6,true
cf_vt_gurobi_original,3-26,model,R9,15,0.0,normalized,1.0e-6,true
cf_vt_gurobi_original,3-25,physics,R9,15,0.0,normalized,1.0e-6,true
cf_vt_gurobi_original,WMM-replay,physics,R9,15,0.0,K,0.0001,true
cf_vt_gurobi_original,3-33:34,model,R9,15,0.0,K,0.0001,true
cf_vt_gurobi_original,3-39:40,model,R9,16,0.0,K,0.0001,true
cf_vt_gurobi_original,3-41,model,9,16,0.0,K,0.0001,true
cf_vt_gurobi_original,3-41,model,9,16,0.0,K,0.0001,true
cf_vt_gurobi_original,3-23-kappa,model,9,16,0.0,kPa,0.005199261864978687,true
cf_vt_gurobi_original,3-22,model,R9,16,0.0,normalized,1.0e-6,true
cf_vt_gurobi_original,3-26,model,R9,16,0.0,normalized,1.0e-6,true
cf_vt_gurobi_original,3-25,physics,R9,16,0.0,normalized,1.0e-6,true
cf_vt_gurobi_original,WMM-replay,physics,R9,16,5.684341886080802e-14,K,0.0001,true
cf_vt_gurobi_original,3-33:34,model,R9,16,5.684341886080802e-14,K,0.0001,true
cf_vt_gurobi_original,3-39:40,model,R9,17,0.0,K,0.0001,true
cf_vt_gurobi_original,3-41,model,9,17,0.0,K,0.0001,true
cf_vt_gurobi_original,3-41,model,9,17,0.0,K,0.0001,true
cf_vt_gurobi_original,3-23-kappa,model,9,17,0.0,kPa,0.005199261864978687,true
cf_vt_gurobi_original,3-22,model,R9,17,0.0,normalized,1.0e-6,true
cf_vt_gurobi_original,3-26,model,R9,17,0.0,normalized,1.0e-6,true
cf_vt_gurobi_original,3-25,physics,R9,17,0.0,normalized,1.0e-6,true
cf_vt_gurobi_original,WMM-replay,physics,R9,17,0.0,K,0.0001,true
cf_vt_gurobi_original,3-33:34,model,R9,17,0.0,K,0.0001,true
cf_vt_gurobi_original,3-39:40,model,R9,18,0.0,K,0.0001,true
cf_vt_gurobi_original,3-41,model,9,18,0.0,K,0.0001,true
cf_vt_gurobi_original,3-41,model,9,18,0.0,K,0.0001,true
cf_vt_gurobi_original,3-23-kappa,model,9,18,0.0,kPa,0.005199261864978687,true
cf_vt_gurobi_original,3-22,model,R9,18,0.0,normalized,1.0e-6,true
cf_vt_gurobi_original,3-26,model,R9,18,0.0,normalized,1.0e-6,true
cf_vt_gurobi_original,3-25,physics,R9,18,0.0,normalized,1.0e-6,true
cf_vt_gurobi_original,WMM-replay,physics,R9,18,0.0,K,0.0001,true
cf_vt_gurobi_original,3-33:34,model,R9,18,0.0,K,0.0001,true
cf_vt_gurobi_original,3-39:40,model,R9,19,0.0,K,0.0001,true
cf_vt_gurobi_original,3-41,model,9,19,0.0,K,0.0001,true
cf_vt_gurobi_original,3-41,model,9,19,0.0,K,0.0001,true
cf_vt_gurobi_original,3-23-kappa,model,9,19,0.0,kPa,0.005199261864978687,true
cf_vt_gurobi_original,3-22,model,R9,19,0.0,normalized,1.0e-6,true
cf_vt_gurobi_original,3-26,model,R9,19,0.0,normalized,1.0e-6,true
cf_vt_gurobi_original,3-25,physics,R9,19,0.0,normalized,1.0e-6,true
cf_vt_gurobi_original,WMM-replay,physics,R9,19,5.684341886080802e-14,K,0.0001,true
cf_vt_gurobi_original,3-33:34,model,R9,19,5.684341886080802e-14,K,0.0001,true
cf_vt_gurobi_original,3-39:40,model,R9,20,0.0,K,0.0001,true
cf_vt_gurobi_original,3-41,model,9,20,0.0,K,0.0001,true
cf_vt_gurobi_original,3-41,model,9,20,0.0,K,0.0001,true
cf_vt_gurobi_original,3-23-kappa,model,9,20,0.0,kPa,0.005199261864978687,true
cf_vt_gurobi_original,3-22,model,R9,20,0.0,normalized,1.0e-6,true
cf_vt_gurobi_original,3-26,model,R9,20,0.0,normalized,1.0e-6,true
cf_vt_gurobi_original,3-25,physics,R9,20,0.0,normalized,1.0e-6,true
cf_vt_gurobi_original,WMM-replay,physics,R9,20,0.0,K,0.0001,true
cf_vt_gurobi_original,3-33:34,model,R9,20,0.0,K,0.0001,true
cf_vt_gurobi_original,3-39:40,model,R9,21,0.0,K,0.0001,true
cf_vt_gurobi_original,3-41,model,9,21,0.0,K,0.0001,true
cf_vt_gurobi_original,3-41,model,9,21,0.0,K,0.0001,true
cf_vt_gurobi_original,3-23-kappa,model,9,21,0.0,kPa,0.005199261864978687,true
cf_vt_gurobi_original,3-22,model,R9,21,0.0,normalized,1.0e-6,true
cf_vt_gurobi_original,3-26,model,R9,21,0.0,normalized,1.0e-6,true
cf_vt_gurobi_original,3-25,physics,R9,21,0.0,normalized,1.0e-6,true
cf_vt_gurobi_original,WMM-replay,physics,R9,21,5.684341886080802e-14,K,0.0001,true
cf_vt_gurobi_original,3-33:34,model,R9,21,5.684341886080802e-14,K,0.0001,true
cf_vt_gurobi_original,3-39:40,model,R9,22,0.0,K,0.0001,true
cf_vt_gurobi_original,3-41,model,9,22,0.0,K,0.0001,true
cf_vt_gurobi_original,3-41,model,9,22,0.0,K,0.0001,true
cf_vt_gurobi_original,3-23-kappa,model,9,22,0.0,kPa,0.005199261864978687,true
cf_vt_gurobi_original,3-22,model,R9,22,0.0,normalized,1.0e-6,true
cf_vt_gurobi_original,3-26,model,R9,22,0.0,normalized,1.0e-6,true
cf_vt_gurobi_original,3-25,physics,R9,22,0.0,normalized,1.0e-6,true
cf_vt_gurobi_original,WMM-replay,physics,R9,22,0.0,K,0.0001,true
cf_vt_gurobi_original,3-33:34,model,R9,22,0.0,K,0.0001,true
cf_vt_gurobi_original,3-39:40,model,R9,23,0.0,K,0.0001,true
cf_vt_gurobi_original,3-41,model,9,23,0.0,K,0.0001,true
cf_vt_gurobi_original,3-41,model,9,23,0.0,K,0.0001,true
cf_vt_gurobi_original,3-23-kappa,model,9,23,0.0,kPa,0.005199261864978687,true
cf_vt_gurobi_original,3-22,model,R9,23,0.0,normalized,1.0e-6,true
cf_vt_gurobi_original,3-26,model,R9,23,0.0,normalized,1.0e-6,true
cf_vt_gurobi_original,3-25,physics,R9,23,0.0,normalized,1.0e-6,true
cf_vt_gurobi_original,WMM-replay,physics,R9,23,5.684341886080802e-14,K,0.0001,true
cf_vt_gurobi_original,3-33:34,model,R9,23,5.684341886080802e-14,K,0.0001,true
cf_vt_gurobi_original,3-39:40,model,R9,24,0.0,K,0.0001,true
cf_vt_gurobi_original,3-41,model,9,24,0.0,K,0.0001,true
cf_vt_gurobi_original,3-41,model,9,24,0.0,K,0.0001,true
cf_vt_gurobi_original,3-23-kappa,model,9,24,0.0,kPa,0.005199261864978687,true
cf_vt_gurobi_original,3-22,model,R9,24,0.0,normalized,1.0e-6,true
cf_vt_gurobi_original,3-26,model,R9,24,0.0,normalized,1.0e-6,true
cf_vt_gurobi_original,3-25,physics,R9,24,0.0,normalized,1.0e-6,true
cf_vt_gurobi_original,WMM-replay,physics,R9,24,0.0,K,0.0001,true
cf_vt_gurobi_original,3-33:34,model,R9,24,0.0,K,0.0001,true
cf_vt_gurobi_original,3-23,model,10,1,0.0,kg/s,2.947222222222222e-5,true
cf_vt_gurobi_original,R2-fixed-flow,model,10,1,0.0,kg/s,2.947222222222222e-5,true
cf_vt_gurobi_original,3-27,model,10,1,0.0,kg/s,2.947222222222222e-5,true
cf_vt_gurobi_original,3-30,model,10,1,0.0,kg/s,2.947222222222222e-5,true
cf_vt_gurobi_original,3-32,model,10,1,0.0,1,1.0e-6,true
cf_vt_gurobi_original,3-28,model,10,1,0.0,1,1.0e-6,true
cf_vt_gurobi_original,3-29:32,model,10,1,0.0,1,1.0e-6,true
cf_vt_gurobi_original,3-31,model,10,1,0.0,1,1.0e-6,true
cf_vt_gurobi_original,3-29:32,model,10,1,0.0,1,1.0e-6,true
cf_vt_gurobi_original,3-23,model,10,2,0.0,kg/s,2.947222222222222e-5,true
cf_vt_gurobi_original,R2-fixed-flow,model,10,2,0.0,kg/s,2.947222222222222e-5,true
cf_vt_gurobi_original,3-27,model,10,2,0.0,kg/s,2.947222222222222e-5,true
cf_vt_gurobi_original,3-30,model,10,2,0.0,kg/s,2.947222222222222e-5,true
cf_vt_gurobi_original,3-32,model,10,2,0.0,1,1.0e-6,true
cf_vt_gurobi_original,3-28,model,10,2,0.0,1,1.0e-6,true
cf_vt_gurobi_original,3-29:32,model,10,2,0.0,1,1.0e-6,true
cf_vt_gurobi_original,3-31,model,10,2,0.0,1,1.0e-6,true
cf_vt_gurobi_original,3-29:32,model,10,2,0.0,1,1.0e-6,true
cf_vt_gurobi_original,3-23,model,10,3,0.0,kg/s,2.947222222222222e-5,true
cf_vt_gurobi_original,R2-fixed-flow,model,10,3,0.0,kg/s,2.947222222222222e-5,true
cf_vt_gurobi_original,3-27,model,10,3,0.0,kg/s,2.947222222222222e-5,true
cf_vt_gurobi_original,3-30,model,10,3,0.0,kg/s,2.947222222222222e-5,true
cf_vt_gurobi_original,3-32,model,10,3,0.0,1,1.0e-6,true
cf_vt_gurobi_original,3-28,model,10,3,0.0,1,1.0e-6,true
cf_vt_gurobi_original,3-29:32,model,10,3,0.0,1,1.0e-6,true
cf_vt_gurobi_original,3-31,model,10,3,0.0,1,1.0e-6,true
cf_vt_gurobi_original,3-29:32,model,10,3,0.0,1,1.0e-6,true
cf_vt_gurobi_original,3-23,model,10,4,0.0,kg/s,2.947222222222222e-5,true
cf_vt_gurobi_original,R2-fixed-flow,model,10,4,0.0,kg/s,2.947222222222222e-5,true
cf_vt_gurobi_original,3-27,model,10,4,0.0,kg/s,2.947222222222222e-5,true
cf_vt_gurobi_original,3-30,model,10,4,0.0,kg/s,2.947222222222222e-5,true
cf_vt_gurobi_original,3-32,model,10,4,0.0,1,1.0e-6,true
cf_vt_gurobi_original,3-28,model,10,4,0.0,1,1.0e-6,true
cf_vt_gurobi_original,3-29:32,model,10,4,0.0,1,1.0e-6,true
cf_vt_gurobi_original,3-31,model,10,4,0.0,1,1.0e-6,true
cf_vt_gurobi_original,3-29:32,model,10,4,0.0,1,1.0e-6,true
cf_vt_gurobi_original,3-23,model,10,5,0.0,kg/s,2.947222222222222e-5,true
cf_vt_gurobi_original,R2-fixed-flow,model,10,5,0.0,kg/s,2.947222222222222e-5,true
cf_vt_gurobi_original,3-27,model,10,5,0.0,kg/s,2.947222222222222e-5,true
cf_vt_gurobi_original,3-30,model,10,5,0.0,kg/s,2.947222222222222e-5,true
cf_vt_gurobi_original,3-32,model,10,5,0.0,1,1.0e-6,true
cf_vt_gurobi_original,3-28,model,10,5,0.0,1,1.0e-6,true
cf_vt_gurobi_original,3-29:32,model,10,5,0.0,1,1.0e-6,true
cf_vt_gurobi_original,3-31,model,10,5,0.0,1,1.0e-6,true
cf_vt_gurobi_original,3-29:32,model,10,5,0.0,1,1.0e-6,true
cf_vt_gurobi_original,3-23,model,10,6,0.0,kg/s,2.947222222222222e-5,true
cf_vt_gurobi_original,R2-fixed-flow,model,10,6,0.0,kg/s,2.947222222222222e-5,true
cf_vt_gurobi_original,3-27,model,10,6,0.0,kg/s,2.947222222222222e-5,true
cf_vt_gurobi_original,3-30,model,10,6,0.0,kg/s,2.947222222222222e-5,true
cf_vt_gurobi_original,3-32,model,10,6,0.0,1,1.0e-6,true
cf_vt_gurobi_original,3-28,model,10,6,0.0,1,1.0e-6,true
cf_vt_gurobi_original,3-29:32,model,10,6,0.0,1,1.0e-6,true
cf_vt_gurobi_original,3-31,model,10,6,0.0,1,1.0e-6,true
cf_vt_gurobi_original,3-29:32,model,10,6,0.0,1,1.0e-6,true
cf_vt_gurobi_original,3-23,model,10,7,0.0,kg/s,2.947222222222222e-5,true
cf_vt_gurobi_original,R2-fixed-flow,model,10,7,0.0,kg/s,2.947222222222222e-5,true
cf_vt_gurobi_original,3-27,model,10,7,0.0,kg/s,2.947222222222222e-5,true
cf_vt_gurobi_original,3-30,model,10,7,0.0,kg/s,2.947222222222222e-5,true
cf_vt_gurobi_original,3-32,model,10,7,0.0,1,1.0e-6,true
cf_vt_gurobi_original,3-28,model,10,7,0.0,1,1.0e-6,true
cf_vt_gurobi_original,3-29:32,model,10,7,0.0,1,1.0e-6,true
cf_vt_gurobi_original,3-31,model,10,7,0.0,1,1.0e-6,true
cf_vt_gurobi_original,3-29:32,model,10,7,0.0,1,1.0e-6,true
cf_vt_gurobi_original,3-23,model,10,8,0.0,kg/s,2.947222222222222e-5,true
cf_vt_gurobi_original,R2-fixed-flow,model,10,8,0.0,kg/s,2.947222222222222e-5,true
cf_vt_gurobi_original,3-27,model,10,8,0.0,kg/s,2.947222222222222e-5,true
cf_vt_gurobi_original,3-30,model,10,8,0.0,kg/s,2.947222222222222e-5,true
cf_vt_gurobi_original,3-32,model,10,8,0.0,1,1.0e-6,true
cf_vt_gurobi_original,3-28,model,10,8,0.0,1,1.0e-6,true
cf_vt_gurobi_original,3-29:32,model,10,8,0.0,1,1.0e-6,true
cf_vt_gurobi_original,3-31,model,10,8,0.0,1,1.0e-6,true
cf_vt_gurobi_original,3-29:32,model,10,8,0.0,1,1.0e-6,true
cf_vt_gurobi_original,3-23,model,10,9,0.0,kg/s,2.947222222222222e-5,true
cf_vt_gurobi_original,R2-fixed-flow,model,10,9,0.0,kg/s,2.947222222222222e-5,true
cf_vt_gurobi_original,3-27,model,10,9,0.0,kg/s,2.947222222222222e-5,true
cf_vt_gurobi_original,3-30,model,10,9,0.0,kg/s,2.947222222222222e-5,true
cf_vt_gurobi_original,3-32,model,10,9,0.0,1,1.0e-6,true
cf_vt_gurobi_original,3-28,model,10,9,0.0,1,1.0e-6,true
cf_vt_gurobi_original,3-29:32,model,10,9,0.0,1,1.0e-6,true
cf_vt_gurobi_original,3-31,model,10,9,0.0,1,1.0e-6,true
cf_vt_gurobi_original,3-29:32,model,10,9,0.0,1,1.0e-6,true
cf_vt_gurobi_original,3-23,model,10,10,0.0,kg/s,2.947222222222222e-5,true
cf_vt_gurobi_original,R2-fixed-flow,model,10,10,0.0,kg/s,2.947222222222222e-5,true
cf_vt_gurobi_original,3-27,model,10,10,0.0,kg/s,2.947222222222222e-5,true
cf_vt_gurobi_original,3-30,model,10,10,0.0,kg/s,2.947222222222222e-5,true
cf_vt_gurobi_original,3-32,model,10,10,0.0,1,1.0e-6,true
cf_vt_gurobi_original,3-28,model,10,10,0.0,1,1.0e-6,true
cf_vt_gurobi_original,3-29:32,model,10,10,0.0,1,1.0e-6,true
cf_vt_gurobi_original,3-31,model,10,10,0.0,1,1.0e-6,true
cf_vt_gurobi_original,3-29:32,model,10,10,0.0,1,1.0e-6,true
cf_vt_gurobi_original,3-23,model,10,11,0.0,kg/s,2.947222222222222e-5,true
cf_vt_gurobi_original,R2-fixed-flow,model,10,11,0.0,kg/s,2.947222222222222e-5,true
cf_vt_gurobi_original,3-27,model,10,11,0.0,kg/s,2.947222222222222e-5,true
cf_vt_gurobi_original,3-30,model,10,11,0.0,kg/s,2.947222222222222e-5,true
cf_vt_gurobi_original,3-32,model,10,11,0.0,1,1.0e-6,true
cf_vt_gurobi_original,3-28,model,10,11,0.0,1,1.0e-6,true
cf_vt_gurobi_original,3-29:32,model,10,11,0.0,1,1.0e-6,true
cf_vt_gurobi_original,3-31,model,10,11,0.0,1,1.0e-6,true
cf_vt_gurobi_original,3-29:32,model,10,11,0.0,1,1.0e-6,true
cf_vt_gurobi_original,3-23,model,10,12,0.0,kg/s,2.947222222222222e-5,true
cf_vt_gurobi_original,R2-fixed-flow,model,10,12,0.0,kg/s,2.947222222222222e-5,true
cf_vt_gurobi_original,3-27,model,10,12,0.0,kg/s,2.947222222222222e-5,true
cf_vt_gurobi_original,3-30,model,10,12,0.0,kg/s,2.947222222222222e-5,true
cf_vt_gurobi_original,3-32,model,10,12,0.0,1,1.0e-6,true
cf_vt_gurobi_original,3-28,model,10,12,0.0,1,1.0e-6,true
cf_vt_gurobi_original,3-29:32,model,10,12,0.0,1,1.0e-6,true
cf_vt_gurobi_original,3-31,model,10,12,0.0,1,1.0e-6,true
cf_vt_gurobi_original,3-29:32,model,10,12,0.0,1,1.0e-6,true
cf_vt_gurobi_original,3-23,model,10,13,0.0,kg/s,2.947222222222222e-5,true
cf_vt_gurobi_original,R2-fixed-flow,model,10,13,0.0,kg/s,2.947222222222222e-5,true
cf_vt_gurobi_original,3-27,model,10,13,0.0,kg/s,2.947222222222222e-5,true
cf_vt_gurobi_original,3-30,model,10,13,0.0,kg/s,2.947222222222222e-5,true
cf_vt_gurobi_original,3-32,model,10,13,0.0,1,1.0e-6,true
cf_vt_gurobi_original,3-28,model,10,13,0.0,1,1.0e-6,true
cf_vt_gurobi_original,3-29:32,model,10,13,0.0,1,1.0e-6,true
cf_vt_gurobi_original,3-31,model,10,13,0.0,1,1.0e-6,true
cf_vt_gurobi_original,3-29:32,model,10,13,0.0,1,1.0e-6,true
cf_vt_gurobi_original,3-23,model,10,14,0.0,kg/s,2.947222222222222e-5,true
cf_vt_gurobi_original,R2-fixed-flow,model,10,14,0.0,kg/s,2.947222222222222e-5,true
cf_vt_gurobi_original,3-27,model,10,14,0.0,kg/s,2.947222222222222e-5,true
cf_vt_gurobi_original,3-30,model,10,14,0.0,kg/s,2.947222222222222e-5,true
cf_vt_gurobi_original,3-32,model,10,14,0.0,1,1.0e-6,true
cf_vt_gurobi_original,3-28,model,10,14,0.0,1,1.0e-6,true
cf_vt_gurobi_original,3-29:32,model,10,14,0.0,1,1.0e-6,true
cf_vt_gurobi_original,3-31,model,10,14,0.0,1,1.0e-6,true
cf_vt_gurobi_original,3-29:32,model,10,14,0.0,1,1.0e-6,true
cf_vt_gurobi_original,3-23,model,10,15,0.0,kg/s,2.947222222222222e-5,true
cf_vt_gurobi_original,R2-fixed-flow,model,10,15,0.0,kg/s,2.947222222222222e-5,true
cf_vt_gurobi_original,3-27,model,10,15,0.0,kg/s,2.947222222222222e-5,true
cf_vt_gurobi_original,3-30,model,10,15,0.0,kg/s,2.947222222222222e-5,true
cf_vt_gurobi_original,3-32,model,10,15,0.0,1,1.0e-6,true
cf_vt_gurobi_original,3-28,model,10,15,0.0,1,1.0e-6,true
cf_vt_gurobi_original,3-29:32,model,10,15,0.0,1,1.0e-6,true
cf_vt_gurobi_original,3-31,model,10,15,0.0,1,1.0e-6,true
cf_vt_gurobi_original,3-29:32,model,10,15,0.0,1,1.0e-6,true
cf_vt_gurobi_original,3-23,model,10,16,0.0,kg/s,2.947222222222222e-5,true
cf_vt_gurobi_original,R2-fixed-flow,model,10,16,0.0,kg/s,2.947222222222222e-5,true
cf_vt_gurobi_original,3-27,model,10,16,0.0,kg/s,2.947222222222222e-5,true
cf_vt_gurobi_original,3-30,model,10,16,0.0,kg/s,2.947222222222222e-5,true
cf_vt_gurobi_original,3-32,model,10,16,0.0,1,1.0e-6,true
cf_vt_gurobi_original,3-28,model,10,16,0.0,1,1.0e-6,true
cf_vt_gurobi_original,3-29:32,model,10,16,0.0,1,1.0e-6,true
cf_vt_gurobi_original,3-31,model,10,16,0.0,1,1.0e-6,true
cf_vt_gurobi_original,3-29:32,model,10,16,0.0,1,1.0e-6,true
cf_vt_gurobi_original,3-23,model,10,17,0.0,kg/s,2.947222222222222e-5,true
cf_vt_gurobi_original,R2-fixed-flow,model,10,17,0.0,kg/s,2.947222222222222e-5,true
cf_vt_gurobi_original,3-27,model,10,17,0.0,kg/s,2.947222222222222e-5,true
cf_vt_gurobi_original,3-30,model,10,17,0.0,kg/s,2.947222222222222e-5,true
cf_vt_gurobi_original,3-32,model,10,17,0.0,1,1.0e-6,true
cf_vt_gurobi_original,3-28,model,10,17,0.0,1,1.0e-6,true
cf_vt_gurobi_original,3-29:32,model,10,17,0.0,1,1.0e-6,true
cf_vt_gurobi_original,3-31,model,10,17,0.0,1,1.0e-6,true
cf_vt_gurobi_original,3-29:32,model,10,17,0.0,1,1.0e-6,true
cf_vt_gurobi_original,3-23,model,10,18,0.0,kg/s,2.947222222222222e-5,true
cf_vt_gurobi_original,R2-fixed-flow,model,10,18,0.0,kg/s,2.947222222222222e-5,true
cf_vt_gurobi_original,3-27,model,10,18,0.0,kg/s,2.947222222222222e-5,true
cf_vt_gurobi_original,3-30,model,10,18,0.0,kg/s,2.947222222222222e-5,true
cf_vt_gurobi_original,3-32,model,10,18,0.0,1,1.0e-6,true
cf_vt_gurobi_original,3-28,model,10,18,0.0,1,1.0e-6,true
cf_vt_gurobi_original,3-29:32,model,10,18,0.0,1,1.0e-6,true
cf_vt_gurobi_original,3-31,model,10,18,0.0,1,1.0e-6,true
cf_vt_gurobi_original,3-29:32,model,10,18,0.0,1,1.0e-6,true
cf_vt_gurobi_original,3-23,model,10,19,0.0,kg/s,2.947222222222222e-5,true
cf_vt_gurobi_original,R2-fixed-flow,model,10,19,0.0,kg/s,2.947222222222222e-5,true
cf_vt_gurobi_original,3-27,model,10,19,0.0,kg/s,2.947222222222222e-5,true
cf_vt_gurobi_original,3-30,model,10,19,0.0,kg/s,2.947222222222222e-5,true
cf_vt_gurobi_original,3-32,model,10,19,0.0,1,1.0e-6,true
cf_vt_gurobi_original,3-28,model,10,19,0.0,1,1.0e-6,true
cf_vt_gurobi_original,3-29:32,model,10,19,0.0,1,1.0e-6,true
cf_vt_gurobi_original,3-31,model,10,19,0.0,1,1.0e-6,true
cf_vt_gurobi_original,3-29:32,model,10,19,0.0,1,1.0e-6,true
cf_vt_gurobi_original,3-23,model,10,20,0.0,kg/s,2.947222222222222e-5,true
cf_vt_gurobi_original,R2-fixed-flow,model,10,20,0.0,kg/s,2.947222222222222e-5,true
cf_vt_gurobi_original,3-27,model,10,20,0.0,kg/s,2.947222222222222e-5,true
cf_vt_gurobi_original,3-30,model,10,20,0.0,kg/s,2.947222222222222e-5,true
cf_vt_gurobi_original,3-32,model,10,20,0.0,1,1.0e-6,true
cf_vt_gurobi_original,3-28,model,10,20,0.0,1,1.0e-6,true
cf_vt_gurobi_original,3-29:32,model,10,20,0.0,1,1.0e-6,true
cf_vt_gurobi_original,3-31,model,10,20,0.0,1,1.0e-6,true
cf_vt_gurobi_original,3-29:32,model,10,20,0.0,1,1.0e-6,true
cf_vt_gurobi_original,3-23,model,10,21,0.0,kg/s,2.947222222222222e-5,true
cf_vt_gurobi_original,R2-fixed-flow,model,10,21,0.0,kg/s,2.947222222222222e-5,true
cf_vt_gurobi_original,3-27,model,10,21,0.0,kg/s,2.947222222222222e-5,true
cf_vt_gurobi_original,3-30,model,10,21,0.0,kg/s,2.947222222222222e-5,true
cf_vt_gurobi_original,3-32,model,10,21,0.0,1,1.0e-6,true
cf_vt_gurobi_original,3-28,model,10,21,0.0,1,1.0e-6,true
cf_vt_gurobi_original,3-29:32,model,10,21,0.0,1,1.0e-6,true
cf_vt_gurobi_original,3-31,model,10,21,0.0,1,1.0e-6,true
cf_vt_gurobi_original,3-29:32,model,10,21,0.0,1,1.0e-6,true
cf_vt_gurobi_original,3-23,model,10,22,0.0,kg/s,2.947222222222222e-5,true
cf_vt_gurobi_original,R2-fixed-flow,model,10,22,0.0,kg/s,2.947222222222222e-5,true
cf_vt_gurobi_original,3-27,model,10,22,0.0,kg/s,2.947222222222222e-5,true
cf_vt_gurobi_original,3-30,model,10,22,0.0,kg/s,2.947222222222222e-5,true
cf_vt_gurobi_original,3-32,model,10,22,0.0,1,1.0e-6,true
cf_vt_gurobi_original,3-28,model,10,22,0.0,1,1.0e-6,true
cf_vt_gurobi_original,3-29:32,model,10,22,0.0,1,1.0e-6,true
cf_vt_gurobi_original,3-31,model,10,22,0.0,1,1.0e-6,true
cf_vt_gurobi_original,3-29:32,model,10,22,0.0,1,1.0e-6,true
cf_vt_gurobi_original,3-23,model,10,23,0.0,kg/s,2.947222222222222e-5,true
cf_vt_gurobi_original,R2-fixed-flow,model,10,23,0.0,kg/s,2.947222222222222e-5,true
cf_vt_gurobi_original,3-27,model,10,23,0.0,kg/s,2.947222222222222e-5,true
cf_vt_gurobi_original,3-30,model,10,23,0.0,kg/s,2.947222222222222e-5,true
cf_vt_gurobi_original,3-32,model,10,23,0.0,1,1.0e-6,true
cf_vt_gurobi_original,3-28,model,10,23,0.0,1,1.0e-6,true
cf_vt_gurobi_original,3-29:32,model,10,23,0.0,1,1.0e-6,true
cf_vt_gurobi_original,3-31,model,10,23,0.0,1,1.0e-6,true
cf_vt_gurobi_original,3-29:32,model,10,23,0.0,1,1.0e-6,true
cf_vt_gurobi_original,3-23,model,10,24,0.0,kg/s,2.947222222222222e-5,true
cf_vt_gurobi_original,R2-fixed-flow,model,10,24,0.0,kg/s,2.947222222222222e-5,true
cf_vt_gurobi_original,3-27,model,10,24,0.0,kg/s,2.947222222222222e-5,true
cf_vt_gurobi_original,3-30,model,10,24,0.0,kg/s,2.947222222222222e-5,true
cf_vt_gurobi_original,3-32,model,10,24,0.0,1,1.0e-6,true
cf_vt_gurobi_original,3-28,model,10,24,0.0,1,1.0e-6,true
cf_vt_gurobi_original,3-29:32,model,10,24,0.0,1,1.0e-6,true
cf_vt_gurobi_original,3-31,model,10,24,0.0,1,1.0e-6,true
cf_vt_gurobi_original,3-29:32,model,10,24,0.0,1,1.0e-6,true
cf_vt_gurobi_original,3-39:40,model,S10,1,0.0,K,0.0001,true
cf_vt_gurobi_original,3-41,model,10,1,0.0,K,0.0001,true
cf_vt_gurobi_original,3-41,model,10,1,0.0,K,0.0001,true
cf_vt_gurobi_original,3-23-kappa,model,10,1,0.0,kPa,0.005199261864978687,true
cf_vt_gurobi_original,3-22,model,S10,1,1.0932978629850379e-17,normalized,1.0e-6,true
cf_vt_gurobi_original,3-26,model,S10,1,0.0,normalized,1.0e-6,true
cf_vt_gurobi_original,3-25,physics,S10,1,0.0,normalized,1.0e-6,true
cf_vt_gurobi_original,WMM-replay,physics,S10,1,5.684341886080802e-14,K,0.0001,true
cf_vt_gurobi_original,3-33:34,model,S10,1,5.684341886080802e-14,K,0.0001,true
cf_vt_gurobi_original,3-39:40,model,S10,2,0.0,K,0.0001,true
cf_vt_gurobi_original,3-41,model,10,2,0.0,K,0.0001,true
cf_vt_gurobi_original,3-41,model,10,2,0.0,K,0.0001,true
cf_vt_gurobi_original,3-23-kappa,model,10,2,0.0,kPa,0.005199261864978687,true
cf_vt_gurobi_original,3-22,model,S10,2,1.0932978629850379e-17,normalized,1.0e-6,true
cf_vt_gurobi_original,3-26,model,S10,2,0.0,normalized,1.0e-6,true
cf_vt_gurobi_original,3-25,physics,S10,2,0.0,normalized,1.0e-6,true
cf_vt_gurobi_original,WMM-replay,physics,S10,2,5.684341886080802e-14,K,0.0001,true
cf_vt_gurobi_original,3-33:34,model,S10,2,5.684341886080802e-14,K,0.0001,true
cf_vt_gurobi_original,3-39:40,model,S10,3,0.0,K,0.0001,true
cf_vt_gurobi_original,3-41,model,10,3,0.0,K,0.0001,true
cf_vt_gurobi_original,3-41,model,10,3,0.0,K,0.0001,true
cf_vt_gurobi_original,3-23-kappa,model,10,3,0.0,kPa,0.005199261864978687,true
cf_vt_gurobi_original,3-22,model,S10,3,1.0932978629850379e-17,normalized,1.0e-6,true
cf_vt_gurobi_original,3-26,model,S10,3,0.0,normalized,1.0e-6,true
cf_vt_gurobi_original,3-25,physics,S10,3,0.0,normalized,1.0e-6,true
cf_vt_gurobi_original,WMM-replay,physics,S10,3,0.0,K,0.0001,true
cf_vt_gurobi_original,3-33:34,model,S10,3,0.0,K,0.0001,true
cf_vt_gurobi_original,3-39:40,model,S10,4,0.0,K,0.0001,true
cf_vt_gurobi_original,3-41,model,10,4,0.0,K,0.0001,true
cf_vt_gurobi_original,3-41,model,10,4,0.0,K,0.0001,true
cf_vt_gurobi_original,3-23-kappa,model,10,4,0.0,kPa,0.005199261864978687,true
cf_vt_gurobi_original,3-22,model,S10,4,1.0932978629850379e-17,normalized,1.0e-6,true
cf_vt_gurobi_original,3-26,model,S10,4,0.0,normalized,1.0e-6,true
cf_vt_gurobi_original,3-25,physics,S10,4,0.0,normalized,1.0e-6,true
cf_vt_gurobi_original,WMM-replay,physics,S10,4,0.0,K,0.0001,true
cf_vt_gurobi_original,3-33:34,model,S10,4,0.0,K,0.0001,true
cf_vt_gurobi_original,3-39:40,model,S10,5,0.0,K,0.0001,true
cf_vt_gurobi_original,3-41,model,10,5,0.0,K,0.0001,true
cf_vt_gurobi_original,3-41,model,10,5,0.0,K,0.0001,true
cf_vt_gurobi_original,3-23-kappa,model,10,5,0.0,kPa,0.005199261864978687,true
cf_vt_gurobi_original,3-22,model,S10,5,1.0932978629850379e-17,normalized,1.0e-6,true
cf_vt_gurobi_original,3-26,model,S10,5,0.0,normalized,1.0e-6,true
cf_vt_gurobi_original,3-25,physics,S10,5,0.0,normalized,1.0e-6,true
cf_vt_gurobi_original,WMM-replay,physics,S10,5,5.684341886080802e-14,K,0.0001,true
cf_vt_gurobi_original,3-33:34,model,S10,5,5.684341886080802e-14,K,0.0001,true
cf_vt_gurobi_original,3-39:40,model,S10,6,0.0,K,0.0001,true
cf_vt_gurobi_original,3-41,model,10,6,0.0,K,0.0001,true
cf_vt_gurobi_original,3-41,model,10,6,0.0,K,0.0001,true
cf_vt_gurobi_original,3-23-kappa,model,10,6,0.0,kPa,0.005199261864978687,true
cf_vt_gurobi_original,3-22,model,S10,6,1.0932978629850379e-17,normalized,1.0e-6,true
cf_vt_gurobi_original,3-26,model,S10,6,0.0,normalized,1.0e-6,true
cf_vt_gurobi_original,3-25,physics,S10,6,0.0,normalized,1.0e-6,true
cf_vt_gurobi_original,WMM-replay,physics,S10,6,5.684341886080802e-14,K,0.0001,true
cf_vt_gurobi_original,3-33:34,model,S10,6,5.684341886080802e-14,K,0.0001,true
cf_vt_gurobi_original,3-39:40,model,S10,7,0.0,K,0.0001,true
cf_vt_gurobi_original,3-41,model,10,7,0.0,K,0.0001,true
cf_vt_gurobi_original,3-41,model,10,7,0.0,K,0.0001,true
cf_vt_gurobi_original,3-23-kappa,model,10,7,0.0,kPa,0.005199261864978687,true
cf_vt_gurobi_original,3-22,model,S10,7,1.0932978629850379e-17,normalized,1.0e-6,true
cf_vt_gurobi_original,3-26,model,S10,7,0.0,normalized,1.0e-6,true
cf_vt_gurobi_original,3-25,physics,S10,7,0.0,normalized,1.0e-6,true
cf_vt_gurobi_original,WMM-replay,physics,S10,7,5.684341886080802e-14,K,0.0001,true
cf_vt_gurobi_original,3-33:34,model,S10,7,5.684341886080802e-14,K,0.0001,true
cf_vt_gurobi_original,3-39:40,model,S10,8,0.0,K,0.0001,true
cf_vt_gurobi_original,3-41,model,10,8,0.0,K,0.0001,true
cf_vt_gurobi_original,3-41,model,10,8,0.0,K,0.0001,true
cf_vt_gurobi_original,3-23-kappa,model,10,8,0.0,kPa,0.005199261864978687,true
cf_vt_gurobi_original,3-22,model,S10,8,1.0932978629850379e-17,normalized,1.0e-6,true
cf_vt_gurobi_original,3-26,model,S10,8,0.0,normalized,1.0e-6,true
cf_vt_gurobi_original,3-25,physics,S10,8,0.0,normalized,1.0e-6,true
cf_vt_gurobi_original,WMM-replay,physics,S10,8,5.684341886080802e-14,K,0.0001,true
cf_vt_gurobi_original,3-33:34,model,S10,8,5.684341886080802e-14,K,0.0001,true
cf_vt_gurobi_original,3-39:40,model,S10,9,0.0,K,0.0001,true
cf_vt_gurobi_original,3-41,model,10,9,0.0,K,0.0001,true
cf_vt_gurobi_original,3-41,model,10,9,0.0,K,0.0001,true
cf_vt_gurobi_original,3-23-kappa,model,10,9,0.0,kPa,0.005199261864978687,true
cf_vt_gurobi_original,3-22,model,S10,9,1.0932978629850379e-17,normalized,1.0e-6,true
cf_vt_gurobi_original,3-26,model,S10,9,0.0,normalized,1.0e-6,true
cf_vt_gurobi_original,3-25,physics,S10,9,0.0,normalized,1.0e-6,true
cf_vt_gurobi_original,WMM-replay,physics,S10,9,5.684341886080802e-14,K,0.0001,true
cf_vt_gurobi_original,3-33:34,model,S10,9,5.684341886080802e-14,K,0.0001,true
cf_vt_gurobi_original,3-39:40,model,S10,10,0.0,K,0.0001,true
cf_vt_gurobi_original,3-41,model,10,10,0.0,K,0.0001,true
cf_vt_gurobi_original,3-41,model,10,10,0.0,K,0.0001,true
cf_vt_gurobi_original,3-23-kappa,model,10,10,0.0,kPa,0.005199261864978687,true
cf_vt_gurobi_original,3-22,model,S10,10,1.0932978629850379e-17,normalized,1.0e-6,true
cf_vt_gurobi_original,3-26,model,S10,10,0.0,normalized,1.0e-6,true
cf_vt_gurobi_original,3-25,physics,S10,10,0.0,normalized,1.0e-6,true
cf_vt_gurobi_original,WMM-replay,physics,S10,10,5.684341886080802e-14,K,0.0001,true
cf_vt_gurobi_original,3-33:34,model,S10,10,5.684341886080802e-14,K,0.0001,true
cf_vt_gurobi_original,3-39:40,model,S10,11,0.0,K,0.0001,true
cf_vt_gurobi_original,3-41,model,10,11,0.0,K,0.0001,true
cf_vt_gurobi_original,3-41,model,10,11,0.0,K,0.0001,true
cf_vt_gurobi_original,3-23-kappa,model,10,11,0.0,kPa,0.005199261864978687,true
cf_vt_gurobi_original,3-22,model,S10,11,1.0932978629850379e-17,normalized,1.0e-6,true
cf_vt_gurobi_original,3-26,model,S10,11,0.0,normalized,1.0e-6,true
cf_vt_gurobi_original,3-25,physics,S10,11,0.0,normalized,1.0e-6,true
cf_vt_gurobi_original,WMM-replay,physics,S10,11,5.684341886080802e-14,K,0.0001,true
cf_vt_gurobi_original,3-33:34,model,S10,11,5.684341886080802e-14,K,0.0001,true
cf_vt_gurobi_original,3-39:40,model,S10,12,0.0,K,0.0001,true
cf_vt_gurobi_original,3-41,model,10,12,0.0,K,0.0001,true
cf_vt_gurobi_original,3-41,model,10,12,0.0,K,0.0001,true
cf_vt_gurobi_original,3-23-kappa,model,10,12,0.0,kPa,0.005199261864978687,true
cf_vt_gurobi_original,3-22,model,S10,12,1.0932978629850379e-17,normalized,1.0e-6,true
cf_vt_gurobi_original,3-26,model,S10,12,0.0,normalized,1.0e-6,true
cf_vt_gurobi_original,3-25,physics,S10,12,0.0,normalized,1.0e-6,true
cf_vt_gurobi_original,WMM-replay,physics,S10,12,0.0,K,0.0001,true
cf_vt_gurobi_original,3-33:34,model,S10,12,0.0,K,0.0001,true
cf_vt_gurobi_original,3-39:40,model,S10,13,0.0,K,0.0001,true
cf_vt_gurobi_original,3-41,model,10,13,0.0,K,0.0001,true
cf_vt_gurobi_original,3-41,model,10,13,0.0,K,0.0001,true
cf_vt_gurobi_original,3-23-kappa,model,10,13,0.0,kPa,0.005199261864978687,true
cf_vt_gurobi_original,3-22,model,S10,13,1.0932978629850379e-17,normalized,1.0e-6,true
cf_vt_gurobi_original,3-26,model,S10,13,0.0,normalized,1.0e-6,true
cf_vt_gurobi_original,3-25,physics,S10,13,0.0,normalized,1.0e-6,true
cf_vt_gurobi_original,WMM-replay,physics,S10,13,0.0,K,0.0001,true
cf_vt_gurobi_original,3-33:34,model,S10,13,0.0,K,0.0001,true
cf_vt_gurobi_original,3-39:40,model,S10,14,0.0,K,0.0001,true
cf_vt_gurobi_original,3-41,model,10,14,0.0,K,0.0001,true
cf_vt_gurobi_original,3-41,model,10,14,0.0,K,0.0001,true
cf_vt_gurobi_original,3-23-kappa,model,10,14,0.0,kPa,0.005199261864978687,true
cf_vt_gurobi_original,3-22,model,S10,14,1.0932978629850379e-17,normalized,1.0e-6,true
cf_vt_gurobi_original,3-26,model,S10,14,0.0,normalized,1.0e-6,true
cf_vt_gurobi_original,3-25,physics,S10,14,0.0,normalized,1.0e-6,true
cf_vt_gurobi_original,WMM-replay,physics,S10,14,5.684341886080802e-14,K,0.0001,true
cf_vt_gurobi_original,3-33:34,model,S10,14,5.684341886080802e-14,K,0.0001,true
cf_vt_gurobi_original,3-39:40,model,S10,15,0.0,K,0.0001,true
cf_vt_gurobi_original,3-41,model,10,15,0.0,K,0.0001,true
cf_vt_gurobi_original,3-41,model,10,15,0.0,K,0.0001,true
cf_vt_gurobi_original,3-23-kappa,model,10,15,0.0,kPa,0.005199261864978687,true
cf_vt_gurobi_original,3-22,model,S10,15,1.0932978629850379e-17,normalized,1.0e-6,true
cf_vt_gurobi_original,3-26,model,S10,15,0.0,normalized,1.0e-6,true
cf_vt_gurobi_original,3-25,physics,S10,15,0.0,normalized,1.0e-6,true
cf_vt_gurobi_original,WMM-replay,physics,S10,15,5.684341886080802e-14,K,0.0001,true
cf_vt_gurobi_original,3-33:34,model,S10,15,5.684341886080802e-14,K,0.0001,true
cf_vt_gurobi_original,3-39:40,model,S10,16,0.0,K,0.0001,true
cf_vt_gurobi_original,3-41,model,10,16,0.0,K,0.0001,true
cf_vt_gurobi_original,3-41,model,10,16,0.0,K,0.0001,true
cf_vt_gurobi_original,3-23-kappa,model,10,16,0.0,kPa,0.005199261864978687,true
cf_vt_gurobi_original,3-22,model,S10,16,1.0932978629850379e-17,normalized,1.0e-6,true
cf_vt_gurobi_original,3-26,model,S10,16,0.0,normalized,1.0e-6,true
cf_vt_gurobi_original,3-25,physics,S10,16,0.0,normalized,1.0e-6,true
cf_vt_gurobi_original,WMM-replay,physics,S10,16,5.684341886080802e-14,K,0.0001,true
cf_vt_gurobi_original,3-33:34,model,S10,16,5.684341886080802e-14,K,0.0001,true
cf_vt_gurobi_original,3-39:40,model,S10,17,0.0,K,0.0001,true
cf_vt_gurobi_original,3-41,model,10,17,0.0,K,0.0001,true
cf_vt_gurobi_original,3-41,model,10,17,0.0,K,0.0001,true
cf_vt_gurobi_original,3-23-kappa,model,10,17,0.0,kPa,0.005199261864978687,true
cf_vt_gurobi_original,3-22,model,S10,17,1.0932978629850379e-17,normalized,1.0e-6,true
cf_vt_gurobi_original,3-26,model,S10,17,0.0,normalized,1.0e-6,true
cf_vt_gurobi_original,3-25,physics,S10,17,0.0,normalized,1.0e-6,true
cf_vt_gurobi_original,WMM-replay,physics,S10,17,5.684341886080802e-14,K,0.0001,true
cf_vt_gurobi_original,3-33:34,model,S10,17,5.684341886080802e-14,K,0.0001,true
cf_vt_gurobi_original,3-39:40,model,S10,18,0.0,K,0.0001,true
cf_vt_gurobi_original,3-41,model,10,18,0.0,K,0.0001,true
cf_vt_gurobi_original,3-41,model,10,18,0.0,K,0.0001,true
cf_vt_gurobi_original,3-23-kappa,model,10,18,0.0,kPa,0.005199261864978687,true
cf_vt_gurobi_original,3-22,model,S10,18,1.0932978629850379e-17,normalized,1.0e-6,true
cf_vt_gurobi_original,3-26,model,S10,18,0.0,normalized,1.0e-6,true
cf_vt_gurobi_original,3-25,physics,S10,18,0.0,normalized,1.0e-6,true
cf_vt_gurobi_original,WMM-replay,physics,S10,18,5.684341886080802e-14,K,0.0001,true
cf_vt_gurobi_original,3-33:34,model,S10,18,5.684341886080802e-14,K,0.0001,true
cf_vt_gurobi_original,3-39:40,model,S10,19,0.0,K,0.0001,true
cf_vt_gurobi_original,3-41,model,10,19,0.0,K,0.0001,true
cf_vt_gurobi_original,3-41,model,10,19,0.0,K,0.0001,true
cf_vt_gurobi_original,3-23-kappa,model,10,19,0.0,kPa,0.005199261864978687,true
cf_vt_gurobi_original,3-22,model,S10,19,1.0932978629850379e-17,normalized,1.0e-6,true
cf_vt_gurobi_original,3-26,model,S10,19,0.0,normalized,1.0e-6,true
cf_vt_gurobi_original,3-25,physics,S10,19,0.0,normalized,1.0e-6,true
cf_vt_gurobi_original,WMM-replay,physics,S10,19,5.684341886080802e-14,K,0.0001,true
cf_vt_gurobi_original,3-33:34,model,S10,19,5.684341886080802e-14,K,0.0001,true
cf_vt_gurobi_original,3-39:40,model,S10,20,0.0,K,0.0001,true
cf_vt_gurobi_original,3-41,model,10,20,0.0,K,0.0001,true
cf_vt_gurobi_original,3-41,model,10,20,0.0,K,0.0001,true
cf_vt_gurobi_original,3-23-kappa,model,10,20,0.0,kPa,0.005199261864978687,true
cf_vt_gurobi_original,3-22,model,S10,20,1.0932978629850379e-17,normalized,1.0e-6,true
cf_vt_gurobi_original,3-26,model,S10,20,0.0,normalized,1.0e-6,true
cf_vt_gurobi_original,3-25,physics,S10,20,0.0,normalized,1.0e-6,true
cf_vt_gurobi_original,WMM-replay,physics,S10,20,5.684341886080802e-14,K,0.0001,true
cf_vt_gurobi_original,3-33:34,model,S10,20,5.684341886080802e-14,K,0.0001,true
cf_vt_gurobi_original,3-39:40,model,S10,21,0.0,K,0.0001,true
cf_vt_gurobi_original,3-41,model,10,21,0.0,K,0.0001,true
cf_vt_gurobi_original,3-41,model,10,21,0.0,K,0.0001,true
cf_vt_gurobi_original,3-23-kappa,model,10,21,0.0,kPa,0.005199261864978687,true
cf_vt_gurobi_original,3-22,model,S10,21,1.0932978629850379e-17,normalized,1.0e-6,true
cf_vt_gurobi_original,3-26,model,S10,21,0.0,normalized,1.0e-6,true
cf_vt_gurobi_original,3-25,physics,S10,21,0.0,normalized,1.0e-6,true
cf_vt_gurobi_original,WMM-replay,physics,S10,21,5.684341886080802e-14,K,0.0001,true
cf_vt_gurobi_original,3-33:34,model,S10,21,5.684341886080802e-14,K,0.0001,true
cf_vt_gurobi_original,3-39:40,model,S10,22,0.0,K,0.0001,true
cf_vt_gurobi_original,3-41,model,10,22,0.0,K,0.0001,true
cf_vt_gurobi_original,3-41,model,10,22,0.0,K,0.0001,true
cf_vt_gurobi_original,3-23-kappa,model,10,22,0.0,kPa,0.005199261864978687,true
cf_vt_gurobi_original,3-22,model,S10,22,1.0932978629850379e-17,normalized,1.0e-6,true
cf_vt_gurobi_original,3-26,model,S10,22,0.0,normalized,1.0e-6,true
cf_vt_gurobi_original,3-25,physics,S10,22,0.0,normalized,1.0e-6,true
cf_vt_gurobi_original,WMM-replay,physics,S10,22,5.684341886080802e-14,K,0.0001,true
cf_vt_gurobi_original,3-33:34,model,S10,22,5.684341886080802e-14,K,0.0001,true
cf_vt_gurobi_original,3-39:40,model,S10,23,0.0,K,0.0001,true
cf_vt_gurobi_original,3-41,model,10,23,0.0,K,0.0001,true
cf_vt_gurobi_original,3-41,model,10,23,0.0,K,0.0001,true
cf_vt_gurobi_original,3-23-kappa,model,10,23,0.0,kPa,0.005199261864978687,true
cf_vt_gurobi_original,3-22,model,S10,23,1.0932978629850379e-17,normalized,1.0e-6,true
cf_vt_gurobi_original,3-26,model,S10,23,0.0,normalized,1.0e-6,true
cf_vt_gurobi_original,3-25,physics,S10,23,0.0,normalized,1.0e-6,true
cf_vt_gurobi_original,WMM-replay,physics,S10,23,5.684341886080802e-14,K,0.0001,true
cf_vt_gurobi_original,3-33:34,model,S10,23,5.684341886080802e-14,K,0.0001,true
cf_vt_gurobi_original,3-39:40,model,S10,24,0.0,K,0.0001,true
cf_vt_gurobi_original,3-41,model,10,24,0.0,K,0.0001,true
cf_vt_gurobi_original,3-41,model,10,24,0.0,K,0.0001,true
cf_vt_gurobi_original,3-23-kappa,model,10,24,0.0,kPa,0.005199261864978687,true
cf_vt_gurobi_original,3-22,model,S10,24,1.0932978629850379e-17,normalized,1.0e-6,true
cf_vt_gurobi_original,3-26,model,S10,24,0.0,normalized,1.0e-6,true
cf_vt_gurobi_original,3-25,physics,S10,24,0.0,normalized,1.0e-6,true
cf_vt_gurobi_original,WMM-replay,physics,S10,24,5.684341886080802e-14,K,0.0001,true
cf_vt_gurobi_original,3-33:34,model,S10,24,5.684341886080802e-14,K,0.0001,true
cf_vt_gurobi_original,3-39:40,model,R10,1,0.0,K,0.0001,true
cf_vt_gurobi_original,3-41,model,10,1,0.0,K,0.0001,true
cf_vt_gurobi_original,3-41,model,10,1,0.0,K,0.0001,true
cf_vt_gurobi_original,3-23-kappa,model,10,1,0.0,kPa,0.005199261864978687,true
cf_vt_gurobi_original,3-22,model,R10,1,0.0,normalized,1.0e-6,true
cf_vt_gurobi_original,3-26,model,R10,1,0.0,normalized,1.0e-6,true
cf_vt_gurobi_original,3-25,physics,R10,1,0.0,normalized,1.0e-6,true
cf_vt_gurobi_original,WMM-replay,physics,R10,1,0.0,K,0.0001,true
cf_vt_gurobi_original,3-33:34,model,R10,1,0.0,K,0.0001,true
cf_vt_gurobi_original,3-39:40,model,R10,2,0.0,K,0.0001,true
cf_vt_gurobi_original,3-41,model,10,2,0.0,K,0.0001,true
cf_vt_gurobi_original,3-41,model,10,2,0.0,K,0.0001,true
cf_vt_gurobi_original,3-23-kappa,model,10,2,0.0,kPa,0.005199261864978687,true
cf_vt_gurobi_original,3-22,model,R10,2,0.0,normalized,1.0e-6,true
cf_vt_gurobi_original,3-26,model,R10,2,0.0,normalized,1.0e-6,true
cf_vt_gurobi_original,3-25,physics,R10,2,0.0,normalized,1.0e-6,true
cf_vt_gurobi_original,WMM-replay,physics,R10,2,5.684341886080802e-14,K,0.0001,true
cf_vt_gurobi_original,3-33:34,model,R10,2,5.684341886080802e-14,K,0.0001,true
cf_vt_gurobi_original,3-39:40,model,R10,3,0.0,K,0.0001,true
cf_vt_gurobi_original,3-41,model,10,3,0.0,K,0.0001,true
cf_vt_gurobi_original,3-41,model,10,3,0.0,K,0.0001,true
cf_vt_gurobi_original,3-23-kappa,model,10,3,0.0,kPa,0.005199261864978687,true
cf_vt_gurobi_original,3-22,model,R10,3,0.0,normalized,1.0e-6,true
cf_vt_gurobi_original,3-26,model,R10,3,0.0,normalized,1.0e-6,true
cf_vt_gurobi_original,3-25,physics,R10,3,0.0,normalized,1.0e-6,true
cf_vt_gurobi_original,WMM-replay,physics,R10,3,5.684341886080802e-14,K,0.0001,true
cf_vt_gurobi_original,3-33:34,model,R10,3,5.684341886080802e-14,K,0.0001,true
cf_vt_gurobi_original,3-39:40,model,R10,4,0.0,K,0.0001,true
cf_vt_gurobi_original,3-41,model,10,4,0.0,K,0.0001,true
cf_vt_gurobi_original,3-41,model,10,4,0.0,K,0.0001,true
cf_vt_gurobi_original,3-23-kappa,model,10,4,0.0,kPa,0.005199261864978687,true
cf_vt_gurobi_original,3-22,model,R10,4,0.0,normalized,1.0e-6,true
cf_vt_gurobi_original,3-26,model,R10,4,0.0,normalized,1.0e-6,true
cf_vt_gurobi_original,3-25,physics,R10,4,0.0,normalized,1.0e-6,true
cf_vt_gurobi_original,WMM-replay,physics,R10,4,0.0,K,0.0001,true
cf_vt_gurobi_original,3-33:34,model,R10,4,0.0,K,0.0001,true
cf_vt_gurobi_original,3-39:40,model,R10,5,0.0,K,0.0001,true
cf_vt_gurobi_original,3-41,model,10,5,0.0,K,0.0001,true
cf_vt_gurobi_original,3-41,model,10,5,0.0,K,0.0001,true
cf_vt_gurobi_original,3-23-kappa,model,10,5,0.0,kPa,0.005199261864978687,true
cf_vt_gurobi_original,3-22,model,R10,5,0.0,normalized,1.0e-6,true
cf_vt_gurobi_original,3-26,model,R10,5,0.0,normalized,1.0e-6,true
cf_vt_gurobi_original,3-25,physics,R10,5,0.0,normalized,1.0e-6,true
cf_vt_gurobi_original,WMM-replay,physics,R10,5,1.7053025658242404e-13,K,0.0001,true
cf_vt_gurobi_original,3-33:34,model,R10,5,1.7053025658242404e-13,K,0.0001,true
cf_vt_gurobi_original,3-39:40,model,R10,6,0.0,K,0.0001,true
cf_vt_gurobi_original,3-41,model,10,6,0.0,K,0.0001,true
cf_vt_gurobi_original,3-41,model,10,6,0.0,K,0.0001,true
cf_vt_gurobi_original,3-23-kappa,model,10,6,0.0,kPa,0.005199261864978687,true
cf_vt_gurobi_original,3-22,model,R10,6,0.0,normalized,1.0e-6,true
cf_vt_gurobi_original,3-26,model,R10,6,0.0,normalized,1.0e-6,true
cf_vt_gurobi_original,3-25,physics,R10,6,0.0,normalized,1.0e-6,true
cf_vt_gurobi_original,WMM-replay,physics,R10,6,0.0,K,0.0001,true
cf_vt_gurobi_original,3-33:34,model,R10,6,0.0,K,0.0001,true
cf_vt_gurobi_original,3-39:40,model,R10,7,0.0,K,0.0001,true
cf_vt_gurobi_original,3-41,model,10,7,0.0,K,0.0001,true
cf_vt_gurobi_original,3-41,model,10,7,0.0,K,0.0001,true
cf_vt_gurobi_original,3-23-kappa,model,10,7,0.0,kPa,0.005199261864978687,true
cf_vt_gurobi_original,3-22,model,R10,7,0.0,normalized,1.0e-6,true
cf_vt_gurobi_original,3-26,model,R10,7,0.0,normalized,1.0e-6,true
cf_vt_gurobi_original,3-25,physics,R10,7,0.0,normalized,1.0e-6,true
cf_vt_gurobi_original,WMM-replay,physics,R10,7,0.0,K,0.0001,true
cf_vt_gurobi_original,3-33:34,model,R10,7,0.0,K,0.0001,true
cf_vt_gurobi_original,3-39:40,model,R10,8,0.0,K,0.0001,true
cf_vt_gurobi_original,3-41,model,10,8,0.0,K,0.0001,true
cf_vt_gurobi_original,3-41,model,10,8,0.0,K,0.0001,true
cf_vt_gurobi_original,3-23-kappa,model,10,8,0.0,kPa,0.005199261864978687,true
cf_vt_gurobi_original,3-22,model,R10,8,0.0,normalized,1.0e-6,true
cf_vt_gurobi_original,3-26,model,R10,8,0.0,normalized,1.0e-6,true
cf_vt_gurobi_original,3-25,physics,R10,8,0.0,normalized,1.0e-6,true
cf_vt_gurobi_original,WMM-replay,physics,R10,8,1.1368683772161603e-13,K,0.0001,true
cf_vt_gurobi_original,3-33:34,model,R10,8,1.1368683772161603e-13,K,0.0001,true
cf_vt_gurobi_original,3-39:40,model,R10,9,0.0,K,0.0001,true
cf_vt_gurobi_original,3-41,model,10,9,0.0,K,0.0001,true
cf_vt_gurobi_original,3-41,model,10,9,0.0,K,0.0001,true
cf_vt_gurobi_original,3-23-kappa,model,10,9,0.0,kPa,0.005199261864978687,true
cf_vt_gurobi_original,3-22,model,R10,9,0.0,normalized,1.0e-6,true
cf_vt_gurobi_original,3-26,model,R10,9,0.0,normalized,1.0e-6,true
cf_vt_gurobi_original,3-25,physics,R10,9,0.0,normalized,1.0e-6,true
cf_vt_gurobi_original,WMM-replay,physics,R10,9,1.1368683772161603e-13,K,0.0001,true
cf_vt_gurobi_original,3-33:34,model,R10,9,1.1368683772161603e-13,K,0.0001,true
cf_vt_gurobi_original,3-39:40,model,R10,10,0.0,K,0.0001,true
cf_vt_gurobi_original,3-41,model,10,10,0.0,K,0.0001,true
cf_vt_gurobi_original,3-41,model,10,10,0.0,K,0.0001,true
cf_vt_gurobi_original,3-23-kappa,model,10,10,0.0,kPa,0.005199261864978687,true
cf_vt_gurobi_original,3-22,model,R10,10,0.0,normalized,1.0e-6,true
cf_vt_gurobi_original,3-26,model,R10,10,0.0,normalized,1.0e-6,true
cf_vt_gurobi_original,3-25,physics,R10,10,0.0,normalized,1.0e-6,true
cf_vt_gurobi_original,WMM-replay,physics,R10,10,1.1368683772161603e-13,K,0.0001,true
cf_vt_gurobi_original,3-33:34,model,R10,10,1.1368683772161603e-13,K,0.0001,true
cf_vt_gurobi_original,3-39:40,model,R10,11,0.0,K,0.0001,true
cf_vt_gurobi_original,3-41,model,10,11,0.0,K,0.0001,true
cf_vt_gurobi_original,3-41,model,10,11,0.0,K,0.0001,true
cf_vt_gurobi_original,3-23-kappa,model,10,11,0.0,kPa,0.005199261864978687,true
cf_vt_gurobi_original,3-22,model,R10,11,0.0,normalized,1.0e-6,true
cf_vt_gurobi_original,3-26,model,R10,11,0.0,normalized,1.0e-6,true
cf_vt_gurobi_original,3-25,physics,R10,11,0.0,normalized,1.0e-6,true
cf_vt_gurobi_original,WMM-replay,physics,R10,11,0.0,K,0.0001,true
cf_vt_gurobi_original,3-33:34,model,R10,11,0.0,K,0.0001,true
cf_vt_gurobi_original,3-39:40,model,R10,12,0.0,K,0.0001,true
cf_vt_gurobi_original,3-41,model,10,12,0.0,K,0.0001,true
cf_vt_gurobi_original,3-41,model,10,12,0.0,K,0.0001,true
cf_vt_gurobi_original,3-23-kappa,model,10,12,0.0,kPa,0.005199261864978687,true
cf_vt_gurobi_original,3-22,model,R10,12,0.0,normalized,1.0e-6,true
cf_vt_gurobi_original,3-26,model,R10,12,0.0,normalized,1.0e-6,true
cf_vt_gurobi_original,3-25,physics,R10,12,0.0,normalized,1.0e-6,true
cf_vt_gurobi_original,WMM-replay,physics,R10,12,5.684341886080802e-14,K,0.0001,true
cf_vt_gurobi_original,3-33:34,model,R10,12,5.684341886080802e-14,K,0.0001,true
cf_vt_gurobi_original,3-39:40,model,R10,13,0.0,K,0.0001,true
cf_vt_gurobi_original,3-41,model,10,13,0.0,K,0.0001,true
cf_vt_gurobi_original,3-41,model,10,13,0.0,K,0.0001,true
cf_vt_gurobi_original,3-23-kappa,model,10,13,0.0,kPa,0.005199261864978687,true
cf_vt_gurobi_original,3-22,model,R10,13,0.0,normalized,1.0e-6,true
cf_vt_gurobi_original,3-26,model,R10,13,0.0,normalized,1.0e-6,true
cf_vt_gurobi_original,3-25,physics,R10,13,0.0,normalized,1.0e-6,true
cf_vt_gurobi_original,WMM-replay,physics,R10,13,5.684341886080802e-14,K,0.0001,true
cf_vt_gurobi_original,3-33:34,model,R10,13,5.684341886080802e-14,K,0.0001,true
cf_vt_gurobi_original,3-39:40,model,R10,14,0.0,K,0.0001,true
cf_vt_gurobi_original,3-41,model,10,14,0.0,K,0.0001,true
cf_vt_gurobi_original,3-41,model,10,14,0.0,K,0.0001,true
cf_vt_gurobi_original,3-23-kappa,model,10,14,0.0,kPa,0.005199261864978687,true
cf_vt_gurobi_original,3-22,model,R10,14,0.0,normalized,1.0e-6,true
cf_vt_gurobi_original,3-26,model,R10,14,0.0,normalized,1.0e-6,true
cf_vt_gurobi_original,3-25,physics,R10,14,0.0,normalized,1.0e-6,true
cf_vt_gurobi_original,WMM-replay,physics,R10,14,0.0,K,0.0001,true
cf_vt_gurobi_original,3-33:34,model,R10,14,0.0,K,0.0001,true
cf_vt_gurobi_original,3-39:40,model,R10,15,0.0,K,0.0001,true
cf_vt_gurobi_original,3-41,model,10,15,0.0,K,0.0001,true
cf_vt_gurobi_original,3-41,model,10,15,0.0,K,0.0001,true
cf_vt_gurobi_original,3-23-kappa,model,10,15,0.0,kPa,0.005199261864978687,true
cf_vt_gurobi_original,3-22,model,R10,15,0.0,normalized,1.0e-6,true
cf_vt_gurobi_original,3-26,model,R10,15,0.0,normalized,1.0e-6,true
cf_vt_gurobi_original,3-25,physics,R10,15,0.0,normalized,1.0e-6,true
cf_vt_gurobi_original,WMM-replay,physics,R10,15,0.0,K,0.0001,true
cf_vt_gurobi_original,3-33:34,model,R10,15,0.0,K,0.0001,true
cf_vt_gurobi_original,3-39:40,model,R10,16,0.0,K,0.0001,true
cf_vt_gurobi_original,3-41,model,10,16,0.0,K,0.0001,true
cf_vt_gurobi_original,3-41,model,10,16,0.0,K,0.0001,true
cf_vt_gurobi_original,3-23-kappa,model,10,16,0.0,kPa,0.005199261864978687,true
cf_vt_gurobi_original,3-22,model,R10,16,0.0,normalized,1.0e-6,true
cf_vt_gurobi_original,3-26,model,R10,16,0.0,normalized,1.0e-6,true
cf_vt_gurobi_original,3-25,physics,R10,16,0.0,normalized,1.0e-6,true
cf_vt_gurobi_original,WMM-replay,physics,R10,16,0.0,K,0.0001,true
cf_vt_gurobi_original,3-33:34,model,R10,16,0.0,K,0.0001,true
cf_vt_gurobi_original,3-39:40,model,R10,17,0.0,K,0.0001,true
cf_vt_gurobi_original,3-41,model,10,17,0.0,K,0.0001,true
cf_vt_gurobi_original,3-41,model,10,17,0.0,K,0.0001,true
cf_vt_gurobi_original,3-23-kappa,model,10,17,0.0,kPa,0.005199261864978687,true
cf_vt_gurobi_original,3-22,model,R10,17,0.0,normalized,1.0e-6,true
cf_vt_gurobi_original,3-26,model,R10,17,0.0,normalized,1.0e-6,true
cf_vt_gurobi_original,3-25,physics,R10,17,0.0,normalized,1.0e-6,true
cf_vt_gurobi_original,WMM-replay,physics,R10,17,0.0,K,0.0001,true
cf_vt_gurobi_original,3-33:34,model,R10,17,0.0,K,0.0001,true
cf_vt_gurobi_original,3-39:40,model,R10,18,0.0,K,0.0001,true
cf_vt_gurobi_original,3-41,model,10,18,0.0,K,0.0001,true
cf_vt_gurobi_original,3-41,model,10,18,0.0,K,0.0001,true
cf_vt_gurobi_original,3-23-kappa,model,10,18,0.0,kPa,0.005199261864978687,true
cf_vt_gurobi_original,3-22,model,R10,18,0.0,normalized,1.0e-6,true
cf_vt_gurobi_original,3-26,model,R10,18,0.0,normalized,1.0e-6,true
cf_vt_gurobi_original,3-25,physics,R10,18,0.0,normalized,1.0e-6,true
cf_vt_gurobi_original,WMM-replay,physics,R10,18,0.0,K,0.0001,true
cf_vt_gurobi_original,3-33:34,model,R10,18,0.0,K,0.0001,true
cf_vt_gurobi_original,3-39:40,model,R10,19,0.0,K,0.0001,true
cf_vt_gurobi_original,3-41,model,10,19,0.0,K,0.0001,true
cf_vt_gurobi_original,3-41,model,10,19,0.0,K,0.0001,true
cf_vt_gurobi_original,3-23-kappa,model,10,19,0.0,kPa,0.005199261864978687,true
cf_vt_gurobi_original,3-22,model,R10,19,0.0,normalized,1.0e-6,true
cf_vt_gurobi_original,3-26,model,R10,19,0.0,normalized,1.0e-6,true
cf_vt_gurobi_original,3-25,physics,R10,19,0.0,normalized,1.0e-6,true
cf_vt_gurobi_original,WMM-replay,physics,R10,19,0.0,K,0.0001,true
cf_vt_gurobi_original,3-33:34,model,R10,19,0.0,K,0.0001,true
cf_vt_gurobi_original,3-39:40,model,R10,20,0.0,K,0.0001,true
cf_vt_gurobi_original,3-41,model,10,20,0.0,K,0.0001,true
cf_vt_gurobi_original,3-41,model,10,20,0.0,K,0.0001,true
cf_vt_gurobi_original,3-23-kappa,model,10,20,0.0,kPa,0.005199261864978687,true
cf_vt_gurobi_original,3-22,model,R10,20,0.0,normalized,1.0e-6,true
cf_vt_gurobi_original,3-26,model,R10,20,0.0,normalized,1.0e-6,true
cf_vt_gurobi_original,3-25,physics,R10,20,0.0,normalized,1.0e-6,true
cf_vt_gurobi_original,WMM-replay,physics,R10,20,1.1368683772161603e-13,K,0.0001,true
cf_vt_gurobi_original,3-33:34,model,R10,20,1.1368683772161603e-13,K,0.0001,true
cf_vt_gurobi_original,3-39:40,model,R10,21,0.0,K,0.0001,true
cf_vt_gurobi_original,3-41,model,10,21,0.0,K,0.0001,true
cf_vt_gurobi_original,3-41,model,10,21,0.0,K,0.0001,true
cf_vt_gurobi_original,3-23-kappa,model,10,21,0.0,kPa,0.005199261864978687,true
cf_vt_gurobi_original,3-22,model,R10,21,0.0,normalized,1.0e-6,true
cf_vt_gurobi_original,3-26,model,R10,21,0.0,normalized,1.0e-6,true
cf_vt_gurobi_original,3-25,physics,R10,21,0.0,normalized,1.0e-6,true
cf_vt_gurobi_original,WMM-replay,physics,R10,21,5.684341886080802e-14,K,0.0001,true
cf_vt_gurobi_original,3-33:34,model,R10,21,5.684341886080802e-14,K,0.0001,true
cf_vt_gurobi_original,3-39:40,model,R10,22,0.0,K,0.0001,true
