method,equation,scope,entity,t,residual,unit,tolerance,pass
joint-mip-central,R9-T5-H-plusin,model,4,20,0.0,MW,7.599999999999999e-5,true
joint-mip-central,R9-T5-envelope,model,4,20,0.0,MW,7.599999999999999e-5,true
joint-mip-central,R9-T5-H-plusout,model,4,20,0.0,MW,7.599999999999999e-5,true
joint-mip-central,R9-T5-envelope,model,4,20,0.0,MW,7.599999999999999e-5,true
joint-mip-central,R9-T5-loss,model,4,20,3.9898639947466563e-17,MW,7.599999999999999e-5,true
joint-mip-central,R9-T5-m-minus,model,4,20,0.0,kg/s,0.0001284494047619048,true
joint-mip-central,R9-T5-H-minusin,model,4,20,0.0,MW,7.599999999999999e-5,true
joint-mip-central,R9-T5-envelope,model,4,20,0.0,MW,7.599999999999999e-5,true
joint-mip-central,R9-T5-H-minusout,model,4,20,0.0,MW,7.599999999999999e-5,true
joint-mip-central,R9-T5-envelope,model,4,20,0.0,MW,7.599999999999999e-5,true
joint-mip-central,R9-T5-loss,model,4,20,0.0,MW,7.599999999999999e-5,true
joint-mip-central,R9-T5-direction,model,5,20,0.0,1,1.0e-6,true
joint-mip-central,R9-T5-integer,model,5,20,0.0,1,1.0e-6,true
joint-mip-central,R9-T5-m-plus,model,5,20,0.0,kg/s,0.0001284494047619048,true
joint-mip-central,R9-T5-H-plusin,model,5,20,0.0,MW,7.599999999999999e-5,true
joint-mip-central,R9-T5-envelope,model,5,20,0.0,MW,7.599999999999999e-5,true
joint-mip-central,R9-T5-H-plusout,model,5,20,0.0,MW,7.599999999999999e-5,true
joint-mip-central,R9-T5-envelope,model,5,20,0.0,MW,7.599999999999999e-5,true
joint-mip-central,R9-T5-loss,model,5,20,1.734723475976807e-18,MW,7.599999999999999e-5,true
joint-mip-central,R9-T5-m-minus,model,5,20,0.0,kg/s,0.0001284494047619048,true
joint-mip-central,R9-T5-H-minusin,model,5,20,0.0,MW,7.599999999999999e-5,true
joint-mip-central,R9-T5-envelope,model,5,20,0.0,MW,7.599999999999999e-5,true
joint-mip-central,R9-T5-H-minusout,model,5,20,0.0,MW,7.599999999999999e-5,true
joint-mip-central,R9-T5-envelope,model,5,20,0.0,MW,7.599999999999999e-5,true
joint-mip-central,R9-T5-loss,model,5,20,0.0,MW,7.599999999999999e-5,true
joint-mip-central,R9-T5-direction,model,6,20,0.0,1,1.0e-6,true
joint-mip-central,R9-T5-integer,model,6,20,0.0,1,1.0e-6,true
joint-mip-central,R9-T5-m-plus,model,6,20,0.0,kg/s,0.0001284494047619048,true
joint-mip-central,R9-T5-H-plusin,model,6,20,0.0,MW,7.599999999999999e-5,true
joint-mip-central,R9-T5-envelope,model,6,20,0.0,MW,7.599999999999999e-5,true
joint-mip-central,R9-T5-H-plusout,model,6,20,0.0,MW,7.599999999999999e-5,true
joint-mip-central,R9-T5-envelope,model,6,20,0.0,MW,7.599999999999999e-5,true
joint-mip-central,R9-T5-loss,model,6,20,1.734723475976807e-18,MW,7.599999999999999e-5,true
joint-mip-central,R9-T5-m-minus,model,6,20,0.0,kg/s,0.0001284494047619048,true
joint-mip-central,R9-T5-H-minusin,model,6,20,0.0,MW,7.599999999999999e-5,true
joint-mip-central,R9-T5-envelope,model,6,20,0.0,MW,7.599999999999999e-5,true
joint-mip-central,R9-T5-H-minusout,model,6,20,0.0,MW,7.599999999999999e-5,true
joint-mip-central,R9-T5-envelope,model,6,20,0.0,MW,7.599999999999999e-5,true
joint-mip-central,R9-T5-loss,model,6,20,0.0,MW,7.599999999999999e-5,true
joint-mip-central,R9-T5-direction,model,7,20,0.0,1,1.0e-6,true
joint-mip-central,R9-T5-integer,model,7,20,0.0,1,1.0e-6,true
joint-mip-central,R9-T5-m-plus,model,7,20,0.0,kg/s,0.0001284494047619048,true
joint-mip-central,R9-T5-H-plusin,model,7,20,0.0,MW,7.599999999999999e-5,true
joint-mip-central,R9-T5-envelope,model,7,20,0.0,MW,7.599999999999999e-5,true
joint-mip-central,R9-T5-H-plusout,model,7,20,0.0,MW,7.599999999999999e-5,true
joint-mip-central,R9-T5-envelope,model,7,20,0.0,MW,7.599999999999999e-5,true
joint-mip-central,R9-T5-loss,model,7,20,0.0,MW,7.599999999999999e-5,true
joint-mip-central,R9-T5-m-minus,model,7,20,0.0,kg/s,0.0001284494047619048,true
joint-mip-central,R9-T5-H-minusin,model,7,20,0.0,MW,7.599999999999999e-5,true
joint-mip-central,R9-T5-envelope,model,7,20,0.0,MW,7.599999999999999e-5,true
joint-mip-central,R9-T5-H-minusout,model,7,20,0.0,MW,7.599999999999999e-5,true
joint-mip-central,R9-T5-envelope,model,7,20,0.0,MW,7.599999999999999e-5,true
joint-mip-central,R9-T5-loss,model,7,20,1.700029006457271e-16,MW,7.599999999999999e-5,true
joint-mip-central,R9-T5-direction,model,8,20,0.0,1,1.0e-6,true
joint-mip-central,R9-T5-integer,model,8,20,0.0,1,1.0e-6,true
joint-mip-central,R9-T5-m-plus,model,8,20,0.0,kg/s,0.0001284494047619048,true
joint-mip-central,R9-T5-H-plusin,model,8,20,0.0,MW,7.599999999999999e-5,true
joint-mip-central,R9-T5-envelope,model,8,20,0.0,MW,7.599999999999999e-5,true
joint-mip-central,R9-T5-H-plusout,model,8,20,0.0,MW,7.599999999999999e-5,true
joint-mip-central,R9-T5-envelope,model,8,20,0.0,MW,7.599999999999999e-5,true
joint-mip-central,R9-T5-loss,model,8,20,0.0,MW,7.599999999999999e-5,true
joint-mip-central,R9-T5-m-minus,model,8,20,0.0,kg/s,0.0001284494047619048,true
joint-mip-central,R9-T5-H-minusin,model,8,20,0.0,MW,7.599999999999999e-5,true
joint-mip-central,R9-T5-envelope,model,8,20,0.0,MW,7.599999999999999e-5,true
joint-mip-central,R9-T5-H-minusout,model,8,20,0.0,MW,7.599999999999999e-5,true
joint-mip-central,R9-T5-envelope,model,8,20,0.0,MW,7.599999999999999e-5,true
joint-mip-central,R9-T5-loss,model,8,20,1.6653345369377348e-16,MW,7.599999999999999e-5,true
joint-mip-central,R9-T5-direction,model,9,20,0.0,1,1.0e-6,true
joint-mip-central,R9-T5-integer,model,9,20,0.0,1,1.0e-6,true
joint-mip-central,R9-T5-m-plus,model,9,20,0.0,kg/s,0.0001284494047619048,true
joint-mip-central,R9-T5-H-plusin,model,9,20,0.0,MW,7.599999999999999e-5,true
joint-mip-central,R9-T5-envelope,model,9,20,0.0,MW,7.599999999999999e-5,true
joint-mip-central,R9-T5-H-plusout,model,9,20,0.0,MW,7.599999999999999e-5,true
joint-mip-central,R9-T5-envelope,model,9,20,0.0,MW,7.599999999999999e-5,true
joint-mip-central,R9-T5-loss,model,9,20,0.0,MW,7.599999999999999e-5,true
joint-mip-central,R9-T5-m-minus,model,9,20,0.0,kg/s,0.0001284494047619048,true
joint-mip-central,R9-T5-H-minusin,model,9,20,0.0,MW,7.599999999999999e-5,true
joint-mip-central,R9-T5-envelope,model,9,20,0.0,MW,7.599999999999999e-5,true
joint-mip-central,R9-T5-H-minusout,model,9,20,0.0,MW,7.599999999999999e-5,true
joint-mip-central,R9-T5-envelope,model,9,20,0.0,MW,7.599999999999999e-5,true
joint-mip-central,R9-T5-loss,model,9,20,1.7520707107365752e-16,MW,7.599999999999999e-5,true
joint-mip-central,R9-T5-direction,model,10,20,0.0,1,1.0e-6,true
joint-mip-central,R9-T5-integer,model,10,20,0.0,1,1.0e-6,true
joint-mip-central,R9-T5-m-plus,model,10,20,0.0,kg/s,0.0001284494047619048,true
joint-mip-central,R9-T5-H-plusin,model,10,20,0.0,MW,7.599999999999999e-5,true
joint-mip-central,R9-T5-envelope,model,10,20,0.0,MW,7.599999999999999e-5,true
joint-mip-central,R9-T5-H-plusout,model,10,20,0.0,MW,7.599999999999999e-5,true
joint-mip-central,R9-T5-envelope,model,10,20,0.0,MW,7.599999999999999e-5,true
joint-mip-central,R9-T5-loss,model,10,20,1.734723475976807e-18,MW,7.599999999999999e-5,true
joint-mip-central,R9-T5-m-minus,model,10,20,0.0,kg/s,0.0001284494047619048,true
joint-mip-central,R9-T5-H-minusin,model,10,20,0.0,MW,7.599999999999999e-5,true
joint-mip-central,R9-T5-envelope,model,10,20,0.0,MW,7.599999999999999e-5,true
joint-mip-central,R9-T5-H-minusout,model,10,20,0.0,MW,7.599999999999999e-5,true
joint-mip-central,R9-T5-envelope,model,10,20,0.0,MW,7.599999999999999e-5,true
joint-mip-central,R9-T5-loss,model,10,20,0.0,MW,7.599999999999999e-5,true
joint-mip-central,R9-T5-direction,model,11,20,0.0,1,1.0e-6,true
joint-mip-central,R9-T5-integer,model,11,20,0.0,1,1.0e-6,true
joint-mip-central,R9-T5-m-plus,model,11,20,0.0,kg/s,0.0001284494047619048,true
joint-mip-central,R9-T5-H-plusin,model,11,20,0.0,MW,7.599999999999999e-5,true
joint-mip-central,R9-T5-envelope,model,11,20,1.5265566588595902e-16,MW,7.599999999999999e-5,true
joint-mip-central,R9-T5-H-plusout,model,11,20,0.0,MW,7.599999999999999e-5,true
joint-mip-central,R9-T5-envelope,model,11,20,0.0,MW,7.599999999999999e-5,true
joint-mip-central,R9-T5-loss,model,11,20,1.734723475976807e-18,MW,7.599999999999999e-5,true
joint-mip-central,R9-T5-m-minus,model,11,20,0.0,kg/s,0.0001284494047619048,true
joint-mip-central,R9-T5-H-minusin,model,11,20,0.0,MW,7.599999999999999e-5,true
joint-mip-central,R9-T5-envelope,model,11,20,0.0,MW,7.599999999999999e-5,true
joint-mip-central,R9-T5-H-minusout,model,11,20,0.0,MW,7.599999999999999e-5,true
joint-mip-central,R9-T5-envelope,model,11,20,0.0,MW,7.599999999999999e-5,true
joint-mip-central,R9-T5-loss,model,11,20,0.0,MW,7.599999999999999e-5,true
joint-mip-central,R9-T5-direction,model,12,20,0.0,1,1.0e-6,true
joint-mip-central,R9-T5-integer,model,12,20,0.0,1,1.0e-6,true
joint-mip-central,R9-T5-m-plus,model,12,20,0.0,kg/s,0.0001284494047619048,true
joint-mip-central,R9-T5-H-plusin,model,12,20,0.0,MW,7.599999999999999e-5,true
joint-mip-central,R9-T5-envelope,model,12,20,0.0,MW,7.599999999999999e-5,true
joint-mip-central,R9-T5-H-plusout,model,12,20,0.0,MW,7.599999999999999e-5,true
joint-mip-central,R9-T5-envelope,model,12,20,0.0,MW,7.599999999999999e-5,true
joint-mip-central,R9-T5-loss,model,12,20,3.469446951953614e-17,MW,7.599999999999999e-5,true
joint-mip-central,R9-T5-m-minus,model,12,20,0.0,kg/s,0.0001284494047619048,true
joint-mip-central,R9-T5-H-minusin,model,12,20,0.0,MW,7.599999999999999e-5,true
joint-mip-central,R9-T5-envelope,model,12,20,0.0,MW,7.599999999999999e-5,true
joint-mip-central,R9-T5-H-minusout,model,12,20,0.0,MW,7.599999999999999e-5,true
joint-mip-central,R9-T5-envelope,model,12,20,0.0,MW,7.599999999999999e-5,true
joint-mip-central,R9-T5-loss,model,12,20,0.0,MW,7.599999999999999e-5,true
joint-mip-central,R9-T5-direction,model,13,20,0.0,1,1.0e-6,true
joint-mip-central,R9-T5-integer,model,13,20,0.0,1,1.0e-6,true
joint-mip-central,R9-T5-m-plus,model,13,20,0.0,kg/s,0.0001284494047619048,true
joint-mip-central,R9-T5-H-plusin,model,13,20,0.0,MW,7.599999999999999e-5,true
joint-mip-central,R9-T5-envelope,model,13,20,0.0,MW,7.599999999999999e-5,true
joint-mip-central,R9-T5-H-plusout,model,13,20,0.0,MW,7.599999999999999e-5,true
joint-mip-central,R9-T5-envelope,model,13,20,0.0,MW,7.599999999999999e-5,true
joint-mip-central,R9-T5-loss,model,13,20,1.734723475976807e-17,MW,7.599999999999999e-5,true
joint-mip-central,R9-T5-m-minus,model,13,20,0.0,kg/s,0.0001284494047619048,true
joint-mip-central,R9-T5-H-minusin,model,13,20,0.0,MW,7.599999999999999e-5,true
joint-mip-central,R9-T5-envelope,model,13,20,0.0,MW,7.599999999999999e-5,true
joint-mip-central,R9-T5-H-minusout,model,13,20,0.0,MW,7.599999999999999e-5,true
joint-mip-central,R9-T5-envelope,model,13,20,0.0,MW,7.599999999999999e-5,true
joint-mip-central,R9-T5-loss,model,13,20,0.0,MW,7.599999999999999e-5,true
joint-mip-central,R9-T5-direction,model,14,20,0.0,1,1.0e-6,true
joint-mip-central,R9-T5-integer,model,14,20,0.0,1,1.0e-6,true
joint-mip-central,R9-T5-m-plus,model,14,20,0.0,kg/s,0.0001284494047619048,true
joint-mip-central,R9-T5-H-plusin,model,14,20,0.0,MW,7.599999999999999e-5,true
joint-mip-central,R9-T5-envelope,model,14,20,0.0,MW,7.599999999999999e-5,true
joint-mip-central,R9-T5-H-plusout,model,14,20,0.0,MW,7.599999999999999e-5,true
joint-mip-central,R9-T5-envelope,model,14,20,0.0,MW,7.599999999999999e-5,true
joint-mip-central,R9-T5-loss,model,14,20,2.6020852139652106e-17,MW,7.599999999999999e-5,true
joint-mip-central,R9-T5-m-minus,model,14,20,0.0,kg/s,0.0001284494047619048,true
joint-mip-central,R9-T5-H-minusin,model,14,20,0.0,MW,7.599999999999999e-5,true
joint-mip-central,R9-T5-envelope,model,14,20,0.0,MW,7.599999999999999e-5,true
joint-mip-central,R9-T5-H-minusout,model,14,20,0.0,MW,7.599999999999999e-5,true
joint-mip-central,R9-T5-envelope,model,14,20,0.0,MW,7.599999999999999e-5,true
joint-mip-central,R9-T5-loss,model,14,20,0.0,MW,7.599999999999999e-5,true
joint-mip-central,R9-T5-direction,model,15,20,0.0,1,1.0e-6,true
joint-mip-central,R9-T5-integer,model,15,20,0.0,1,1.0e-6,true
joint-mip-central,R9-T5-m-plus,model,15,20,0.0,kg/s,0.0001284494047619048,true
joint-mip-central,R9-T5-H-plusin,model,15,20,0.0,MW,7.599999999999999e-5,true
joint-mip-central,R9-T5-envelope,model,15,20,0.0,MW,7.599999999999999e-5,true
joint-mip-central,R9-T5-H-plusout,model,15,20,0.0,MW,7.599999999999999e-5,true
joint-mip-central,R9-T5-envelope,model,15,20,0.0,MW,7.599999999999999e-5,true
joint-mip-central,R9-T5-loss,model,15,20,2.2551405187698492e-17,MW,7.599999999999999e-5,true
joint-mip-central,R9-T5-m-minus,model,15,20,0.0,kg/s,0.0001284494047619048,true
joint-mip-central,R9-T5-H-minusin,model,15,20,0.0,MW,7.599999999999999e-5,true
joint-mip-central,R9-T5-envelope,model,15,20,0.0,MW,7.599999999999999e-5,true
joint-mip-central,R9-T5-H-minusout,model,15,20,0.0,MW,7.599999999999999e-5,true
joint-mip-central,R9-T5-envelope,model,15,20,0.0,MW,7.599999999999999e-5,true
joint-mip-central,R9-T5-loss,model,15,20,0.0,MW,7.599999999999999e-5,true
joint-mip-central,R9-T5-direction,model,16,20,0.0,1,1.0e-6,true
joint-mip-central,R9-T5-integer,model,16,20,0.0,1,1.0e-6,true
joint-mip-central,R9-T5-m-plus,model,16,20,0.0,kg/s,0.0001284494047619048,true
joint-mip-central,R9-T5-H-plusin,model,16,20,0.0,MW,7.599999999999999e-5,true
joint-mip-central,R9-T5-envelope,model,16,20,0.0,MW,7.599999999999999e-5,true
joint-mip-central,R9-T5-H-plusout,model,16,20,0.0,MW,7.599999999999999e-5,true
joint-mip-central,R9-T5-envelope,model,16,20,0.0,MW,7.599999999999999e-5,true
joint-mip-central,R9-T5-loss,model,16,20,3.469446951953614e-18,MW,7.599999999999999e-5,true
joint-mip-central,R9-T5-m-minus,model,16,20,0.0,kg/s,0.0001284494047619048,true
joint-mip-central,R9-T5-H-minusin,model,16,20,0.0,MW,7.599999999999999e-5,true
joint-mip-central,R9-T5-envelope,model,16,20,0.0,MW,7.599999999999999e-5,true
joint-mip-central,R9-T5-H-minusout,model,16,20,0.0,MW,7.599999999999999e-5,true
joint-mip-central,R9-T5-envelope,model,16,20,0.0,MW,7.599999999999999e-5,true
joint-mip-central,R9-T5-loss,model,16,20,0.0,MW,7.599999999999999e-5,true
joint-mip-central,R9-T5-direction,model,17,20,0.0,1,1.0e-6,true
joint-mip-central,R9-T5-integer,model,17,20,0.0,1,1.0e-6,true
joint-mip-central,R9-T5-m-plus,model,17,20,0.0,kg/s,0.0001284494047619048,true
joint-mip-central,R9-T5-H-plusin,model,17,20,0.0,MW,7.599999999999999e-5,true
joint-mip-central,R9-T5-envelope,model,17,20,0.0,MW,7.599999999999999e-5,true
joint-mip-central,R9-T5-H-plusout,model,17,20,0.0,MW,7.599999999999999e-5,true
joint-mip-central,R9-T5-envelope,model,17,20,0.0,MW,7.599999999999999e-5,true
joint-mip-central,R9-T5-loss,model,17,20,1.734723475976807e-18,MW,7.599999999999999e-5,true
joint-mip-central,R9-T5-m-minus,model,17,20,0.0,kg/s,0.0001284494047619048,true
joint-mip-central,R9-T5-H-minusin,model,17,20,0.0,MW,7.599999999999999e-5,true
joint-mip-central,R9-T5-envelope,model,17,20,0.0,MW,7.599999999999999e-5,true
joint-mip-central,R9-T5-H-minusout,model,17,20,0.0,MW,7.599999999999999e-5,true
joint-mip-central,R9-T5-envelope,model,17,20,0.0,MW,7.599999999999999e-5,true
joint-mip-central,R9-T5-loss,model,17,20,0.0,MW,7.599999999999999e-5,true
joint-mip-central,R9-T5-direction,model,18,20,0.0,1,1.0e-6,true
joint-mip-central,R9-T5-integer,model,18,20,0.0,1,1.0e-6,true
joint-mip-central,R9-T5-m-plus,model,18,20,0.0,kg/s,0.0001284494047619048,true
joint-mip-central,R9-T5-H-plusin,model,18,20,0.0,MW,7.599999999999999e-5,true
joint-mip-central,R9-T5-envelope,model,18,20,0.0,MW,7.599999999999999e-5,true
joint-mip-central,R9-T5-H-plusout,model,18,20,0.0,MW,7.599999999999999e-5,true
joint-mip-central,R9-T5-envelope,model,18,20,0.0,MW,7.599999999999999e-5,true
joint-mip-central,R9-T5-loss,model,18,20,3.469446951953614e-18,MW,7.599999999999999e-5,true
joint-mip-central,R9-T5-m-minus,model,18,20,0.0,kg/s,0.0001284494047619048,true
joint-mip-central,R9-T5-H-minusin,model,18,20,0.0,MW,7.599999999999999e-5,true
joint-mip-central,R9-T5-envelope,model,18,20,0.0,MW,7.599999999999999e-5,true
joint-mip-central,R9-T5-H-minusout,model,18,20,0.0,MW,7.599999999999999e-5,true
joint-mip-central,R9-T5-envelope,model,18,20,0.0,MW,7.599999999999999e-5,true
joint-mip-central,R9-T5-loss,model,18,20,0.0,MW,7.599999999999999e-5,true
joint-mip-central,R9-T5-direction,model,19,20,0.0,1,1.0e-6,true
joint-mip-central,R9-T5-integer,model,19,20,0.0,1,1.0e-6,true
joint-mip-central,R9-T5-m-plus,model,19,20,0.0,kg/s,0.0001284494047619048,true
joint-mip-central,R9-T5-H-plusin,model,19,20,0.0,MW,7.599999999999999e-5,true
joint-mip-central,R9-T5-envelope,model,19,20,0.0,MW,7.599999999999999e-5,true
joint-mip-central,R9-T5-H-plusout,model,19,20,0.0,MW,7.599999999999999e-5,true
joint-mip-central,R9-T5-envelope,model,19,20,0.0,MW,7.599999999999999e-5,true
joint-mip-central,R9-T5-loss,model,19,20,3.469446951953614e-18,MW,7.599999999999999e-5,true
joint-mip-central,R9-T5-m-minus,model,19,20,0.0,kg/s,0.0001284494047619048,true
joint-mip-central,R9-T5-H-minusin,model,19,20,0.0,MW,7.599999999999999e-5,true
joint-mip-central,R9-T5-envelope,model,19,20,0.0,MW,7.599999999999999e-5,true
joint-mip-central,R9-T5-H-minusout,model,19,20,0.0,MW,7.599999999999999e-5,true
joint-mip-central,R9-T5-envelope,model,19,20,0.0,MW,7.599999999999999e-5,true
joint-mip-central,R9-T5-loss,model,19,20,0.0,MW,7.599999999999999e-5,true
joint-mip-central,R9-T5-direction,model,20,20,0.0,1,1.0e-6,true
joint-mip-central,R9-T5-integer,model,20,20,0.0,1,1.0e-6,true
joint-mip-central,R9-T5-m-plus,model,20,20,0.0,kg/s,0.0001284494047619048,true
joint-mip-central,R9-T5-H-plusin,model,20,20,0.0,MW,7.599999999999999e-5,true
joint-mip-central,R9-T5-envelope,model,20,20,0.0,MW,7.599999999999999e-5,true
joint-mip-central,R9-T5-H-plusout,model,20,20,0.0,MW,7.599999999999999e-5,true
joint-mip-central,R9-T5-envelope,model,20,20,0.0,MW,7.599999999999999e-5,true
joint-mip-central,R9-T5-loss,model,20,20,1.734723475976807e-18,MW,7.599999999999999e-5,true
joint-mip-central,R9-T5-m-minus,model,20,20,0.0,kg/s,0.0001284494047619048,true
joint-mip-central,R9-T5-H-minusin,model,20,20,0.0,MW,7.599999999999999e-5,true
joint-mip-central,R9-T5-envelope,model,20,20,0.0,MW,7.599999999999999e-5,true
joint-mip-central,R9-T5-H-minusout,model,20,20,0.0,MW,7.599999999999999e-5,true
joint-mip-central,R9-T5-envelope,model,20,20,0.0,MW,7.599999999999999e-5,true
joint-mip-central,R9-T5-loss,model,20,20,0.0,MW,7.599999999999999e-5,true
joint-mip-central,R9-T5-direction,model,21,20,0.0,1,1.0e-6,true
joint-mip-central,R9-T5-integer,model,21,20,0.0,1,1.0e-6,true
joint-mip-central,R9-T5-m-plus,model,21,20,0.0,kg/s,0.0001284494047619048,true
joint-mip-central,R9-T5-H-plusin,model,21,20,0.0,MW,7.599999999999999e-5,true
joint-mip-central,R9-T5-envelope,model,21,20,0.0,MW,7.599999999999999e-5,true
joint-mip-central,R9-T5-H-plusout,model,21,20,0.0,MW,7.599999999999999e-5,true
joint-mip-central,R9-T5-envelope,model,21,20,0.0,MW,7.599999999999999e-5,true
joint-mip-central,R9-T5-loss,model,21,20,1.734723475976807e-17,MW,7.599999999999999e-5,true
joint-mip-central,R9-T5-m-minus,model,21,20,0.0,kg/s,0.0001284494047619048,true
joint-mip-central,R9-T5-H-minusin,model,21,20,0.0,MW,7.599999999999999e-5,true
joint-mip-central,R9-T5-envelope,model,21,20,0.0,MW,7.599999999999999e-5,true
joint-mip-central,R9-T5-H-minusout,model,21,20,0.0,MW,7.599999999999999e-5,true
joint-mip-central,R9-T5-envelope,model,21,20,0.0,MW,7.599999999999999e-5,true
joint-mip-central,R9-T5-loss,model,21,20,0.0,MW,7.599999999999999e-5,true
joint-mip-central,R9-T5-direction,model,22,20,0.0,1,1.0e-6,true
joint-mip-central,R9-T5-integer,model,22,20,0.0,1,1.0e-6,true
joint-mip-central,R9-T5-m-plus,model,22,20,0.0,kg/s,0.0001284494047619048,true
joint-mip-central,R9-T5-H-plusin,model,22,20,0.0,MW,7.599999999999999e-5,true
joint-mip-central,R9-T5-envelope,model,22,20,0.0,MW,7.599999999999999e-5,true
joint-mip-central,R9-T5-H-plusout,model,22,20,0.0,MW,7.599999999999999e-5,true
joint-mip-central,R9-T5-envelope,model,22,20,0.0,MW,7.599999999999999e-5,true
joint-mip-central,R9-T5-loss,model,22,20,0.0,MW,7.599999999999999e-5,true
joint-mip-central,R9-T5-m-minus,model,22,20,0.0,kg/s,0.0001284494047619048,true
joint-mip-central,R9-T5-H-minusin,model,22,20,0.0,MW,7.599999999999999e-5,true
joint-mip-central,R9-T5-envelope,model,22,20,0.0,MW,7.599999999999999e-5,true
joint-mip-central,R9-T5-H-minusout,model,22,20,0.0,MW,7.599999999999999e-5,true
joint-mip-central,R9-T5-envelope,model,22,20,0.0,MW,7.599999999999999e-5,true
joint-mip-central,R9-T5-loss,model,22,20,0.0,MW,7.599999999999999e-5,true
joint-mip-central,R9-T5-direction,model,23,20,0.0,1,1.0e-6,true
joint-mip-central,R9-T5-integer,model,23,20,0.0,1,1.0e-6,true
joint-mip-central,R9-T5-m-plus,model,23,20,0.0,kg/s,0.0001284494047619048,true
joint-mip-central,R9-T5-H-plusin,model,23,20,0.0,MW,7.599999999999999e-5,true
joint-mip-central,R9-T5-envelope,model,23,20,0.0,MW,7.599999999999999e-5,true
joint-mip-central,R9-T5-H-plusout,model,23,20,0.0,MW,7.599999999999999e-5,true
joint-mip-central,R9-T5-envelope,model,23,20,0.0,MW,7.599999999999999e-5,true
joint-mip-central,R9-T5-loss,model,23,20,6.938893903907228e-18,MW,7.599999999999999e-5,true
joint-mip-central,R9-T5-m-minus,model,23,20,0.0,kg/s,0.0001284494047619048,true
joint-mip-central,R9-T5-H-minusin,model,23,20,0.0,MW,7.599999999999999e-5,true
joint-mip-central,R9-T5-envelope,model,23,20,0.0,MW,7.599999999999999e-5,true
joint-mip-central,R9-T5-H-minusout,model,23,20,0.0,MW,7.599999999999999e-5,true
joint-mip-central,R9-T5-envelope,model,23,20,0.0,MW,7.599999999999999e-5,true
joint-mip-central,R9-T5-loss,model,23,20,0.0,MW,7.599999999999999e-5,true
joint-mip-central,R9-T5-direction,model,24,20,0.0,1,1.0e-6,true
joint-mip-central,R9-T5-integer,model,24,20,0.0,1,1.0e-6,true
joint-mip-central,R9-T5-m-plus,model,24,20,0.0,kg/s,0.0001284494047619048,true
joint-mip-central,R9-T5-H-plusin,model,24,20,0.0,MW,7.599999999999999e-5,true
joint-mip-central,R9-T5-envelope,model,24,20,0.0,MW,7.599999999999999e-5,true
joint-mip-central,R9-T5-H-plusout,model,24,20,0.0,MW,7.599999999999999e-5,true
joint-mip-central,R9-T5-envelope,model,24,20,0.0,MW,7.599999999999999e-5,true
joint-mip-central,R9-T5-loss,model,24,20,3.469446951953614e-18,MW,7.599999999999999e-5,true
joint-mip-central,R9-T5-m-minus,model,24,20,0.0,kg/s,0.0001284494047619048,true
joint-mip-central,R9-T5-H-minusin,model,24,20,0.0,MW,7.599999999999999e-5,true
joint-mip-central,R9-T5-envelope,model,24,20,0.0,MW,7.599999999999999e-5,true
joint-mip-central,R9-T5-H-minusout,model,24,20,0.0,MW,7.599999999999999e-5,true
joint-mip-central,R9-T5-envelope,model,24,20,0.0,MW,7.599999999999999e-5,true
joint-mip-central,R9-T5-loss,model,24,20,0.0,MW,7.599999999999999e-5,true
joint-mip-central,R9-T5-direction,model,25,20,0.0,1,1.0e-6,true
joint-mip-central,R9-T5-integer,model,25,20,0.0,1,1.0e-6,true
joint-mip-central,R9-T5-m-plus,model,25,20,0.0,kg/s,0.0001284494047619048,true
joint-mip-central,R9-T5-H-plusin,model,25,20,0.0,MW,7.599999999999999e-5,true
joint-mip-central,R9-T5-envelope,model,25,20,0.0,MW,7.599999999999999e-5,true
joint-mip-central,R9-T5-H-plusout,model,25,20,0.0,MW,7.599999999999999e-5,true
joint-mip-central,R9-T5-envelope,model,25,20,0.0,MW,7.599999999999999e-5,true
joint-mip-central,R9-T5-loss,model,25,20,1.734723475976807e-18,MW,7.599999999999999e-5,true
joint-mip-central,R9-T5-m-minus,model,25,20,0.0,kg/s,0.0001284494047619048,true
joint-mip-central,R9-T5-H-minusin,model,25,20,0.0,MW,7.599999999999999e-5,true
joint-mip-central,R9-T5-envelope,model,25,20,0.0,MW,7.599999999999999e-5,true
joint-mip-central,R9-T5-H-minusout,model,25,20,0.0,MW,7.599999999999999e-5,true
joint-mip-central,R9-T5-envelope,model,25,20,0.0,MW,7.599999999999999e-5,true
joint-mip-central,R9-T5-loss,model,25,20,0.0,MW,7.599999999999999e-5,true
joint-mip-central,R9-T5-direction,model,26,20,0.0,1,1.0e-6,true
joint-mip-central,R9-T5-integer,model,26,20,0.0,1,1.0e-6,true
joint-mip-central,R9-T5-m-plus,model,26,20,0.0,kg/s,0.0001284494047619048,true
joint-mip-central,R9-T5-H-plusin,model,26,20,0.0,MW,7.599999999999999e-5,true
joint-mip-central,R9-T5-envelope,model,26,20,0.0,MW,7.599999999999999e-5,true
joint-mip-central,R9-T5-H-plusout,model,26,20,0.0,MW,7.599999999999999e-5,true
joint-mip-central,R9-T5-envelope,model,26,20,0.0,MW,7.599999999999999e-5,true
joint-mip-central,R9-T5-loss,model,26,20,0.0,MW,7.599999999999999e-5,true
joint-mip-central,R9-T5-m-minus,model,26,20,0.0,kg/s,0.0001284494047619048,true
joint-mip-central,R9-T5-H-minusin,model,26,20,0.0,MW,7.599999999999999e-5,true
joint-mip-central,R9-T5-envelope,model,26,20,0.0,MW,7.599999999999999e-5,true
joint-mip-central,R9-T5-H-minusout,model,26,20,0.0,MW,7.599999999999999e-5,true
joint-mip-central,R9-T5-envelope,model,26,20,0.0,MW,7.599999999999999e-5,true
joint-mip-central,R9-T5-loss,model,26,20,3.469446951953614e-18,MW,7.599999999999999e-5,true
joint-mip-central,R9-T5-direction,model,27,20,0.0,1,1.0e-6,true
joint-mip-central,R9-T5-integer,model,27,20,0.0,1,1.0e-6,true
joint-mip-central,R9-T5-m-plus,model,27,20,0.0,kg/s,0.0001284494047619048,true
joint-mip-central,R9-T5-H-plusin,model,27,20,0.0,MW,7.599999999999999e-5,true
joint-mip-central,R9-T5-envelope,model,27,20,0.0,MW,7.599999999999999e-5,true
joint-mip-central,R9-T5-H-plusout,model,27,20,0.0,MW,7.599999999999999e-5,true
joint-mip-central,R9-T5-envelope,model,27,20,0.0,MW,7.599999999999999e-5,true
joint-mip-central,R9-T5-loss,model,27,20,7.806255641895632e-17,MW,7.599999999999999e-5,true
joint-mip-central,R9-T5-m-minus,model,27,20,0.0,kg/s,0.0001284494047619048,true
joint-mip-central,R9-T5-H-minusin,model,27,20,0.0,MW,7.599999999999999e-5,true
joint-mip-central,R9-T5-envelope,model,27,20,0.0,MW,7.599999999999999e-5,true
joint-mip-central,R9-T5-H-minusout,model,27,20,0.0,MW,7.599999999999999e-5,true
joint-mip-central,R9-T5-envelope,model,27,20,0.0,MW,7.599999999999999e-5,true
joint-mip-central,R9-T5-loss,model,27,20,0.0,MW,7.599999999999999e-5,true
joint-mip-central,R9-T5-direction,model,28,20,0.0,1,1.0e-6,true
joint-mip-central,R9-T5-integer,model,28,20,0.0,1,1.0e-6,true
joint-mip-central,R9-T5-m-plus,model,28,20,0.0,kg/s,0.0001284494047619048,true
joint-mip-central,R9-T5-H-plusin,model,28,20,0.0,MW,7.599999999999999e-5,true
joint-mip-central,R9-T5-envelope,model,28,20,0.0,MW,7.599999999999999e-5,true
joint-mip-central,R9-T5-H-plusout,model,28,20,0.0,MW,7.599999999999999e-5,true
joint-mip-central,R9-T5-envelope,model,28,20,0.0,MW,7.599999999999999e-5,true
joint-mip-central,R9-T5-loss,model,28,20,2.42861286636753e-17,MW,7.599999999999999e-5,true
joint-mip-central,R9-T5-m-minus,model,28,20,0.0,kg/s,0.0001284494047619048,true
joint-mip-central,R9-T5-H-minusin,model,28,20,0.0,MW,7.599999999999999e-5,true
joint-mip-central,R9-T5-envelope,model,28,20,0.0,MW,7.599999999999999e-5,true
joint-mip-central,R9-T5-H-minusout,model,28,20,0.0,MW,7.599999999999999e-5,true
joint-mip-central,R9-T5-envelope,model,28,20,0.0,MW,7.599999999999999e-5,true
joint-mip-central,R9-T5-loss,model,28,20,0.0,MW,7.599999999999999e-5,true
joint-mip-central,R9-T5-direction,model,29,20,0.0,1,1.0e-6,true
joint-mip-central,R9-T5-integer,model,29,20,0.0,1,1.0e-6,true
joint-mip-central,R9-T5-m-plus,model,29,20,0.0,kg/s,0.0001284494047619048,true
joint-mip-central,R9-T5-H-plusin,model,29,20,0.0,MW,7.599999999999999e-5,true
joint-mip-central,R9-T5-envelope,model,29,20,0.0,MW,7.599999999999999e-5,true
joint-mip-central,R9-T5-H-plusout,model,29,20,0.0,MW,7.599999999999999e-5,true
joint-mip-central,R9-T5-envelope,model,29,20,0.0,MW,7.599999999999999e-5,true
joint-mip-central,R9-T5-loss,model,29,20,8.673617379884035e-18,MW,7.599999999999999e-5,true
joint-mip-central,R9-T5-m-minus,model,29,20,0.0,kg/s,0.0001284494047619048,true
joint-mip-central,R9-T5-H-minusin,model,29,20,0.0,MW,7.599999999999999e-5,true
joint-mip-central,R9-T5-envelope,model,29,20,0.0,MW,7.599999999999999e-5,true
joint-mip-central,R9-T5-H-minusout,model,29,20,0.0,MW,7.599999999999999e-5,true
joint-mip-central,R9-T5-envelope,model,29,20,0.0,MW,7.599999999999999e-5,true
joint-mip-central,R9-T5-loss,model,29,20,0.0,MW,7.599999999999999e-5,true
joint-mip-central,R9-T5-direction,model,30,20,0.0,1,1.0e-6,true
joint-mip-central,R9-T5-integer,model,30,20,0.0,1,1.0e-6,true
joint-mip-central,R9-T5-m-plus,model,30,20,0.0,kg/s,0.0001284494047619048,true
joint-mip-central,R9-T5-H-plusin,model,30,20,0.0,MW,7.599999999999999e-5,true
joint-mip-central,R9-T5-envelope,model,30,20,8.326672684688674e-17,MW,7.599999999999999e-5,true
joint-mip-central,R9-T5-H-plusout,model,30,20,0.0,MW,7.599999999999999e-5,true
joint-mip-central,R9-T5-envelope,model,30,20,0.0,MW,7.599999999999999e-5,true
joint-mip-central,R9-T5-loss,model,30,20,1.734723475976807e-18,MW,7.599999999999999e-5,true
joint-mip-central,R9-T5-m-minus,model,30,20,0.0,kg/s,0.0001284494047619048,true
joint-mip-central,R9-T5-H-minusin,model,30,20,0.0,MW,7.599999999999999e-5,true
joint-mip-central,R9-T5-envelope,model,30,20,0.0,MW,7.599999999999999e-5,true
joint-mip-central,R9-T5-H-minusout,model,30,20,0.0,MW,7.599999999999999e-5,true
joint-mip-central,R9-T5-envelope,model,30,20,0.0,MW,7.599999999999999e-5,true
joint-mip-central,R9-T5-loss,model,30,20,0.0,MW,7.599999999999999e-5,true
joint-mip-central,R9-T5-direction,model,31,20,0.0,1,1.0e-6,true
joint-mip-central,R9-T5-integer,model,31,20,0.0,1,1.0e-6,true
joint-mip-central,R9-T5-m-plus,model,31,20,0.0,kg/s,0.0001284494047619048,true
joint-mip-central,R9-T5-H-plusin,model,31,20,0.0,MW,7.599999999999999e-5,true
joint-mip-central,R9-T5-envelope,model,31,20,0.0,MW,7.599999999999999e-5,true
joint-mip-central,R9-T5-H-plusout,model,31,20,0.0,MW,7.599999999999999e-5,true
joint-mip-central,R9-T5-envelope,model,31,20,0.0,MW,7.599999999999999e-5,true
joint-mip-central,R9-T5-loss,model,31,20,3.469446951953614e-18,MW,7.599999999999999e-5,true
joint-mip-central,R9-T5-m-minus,model,31,20,0.0,kg/s,0.0001284494047619048,true
joint-mip-central,R9-T5-H-minusin,model,31,20,0.0,MW,7.599999999999999e-5,true
joint-mip-central,R9-T5-envelope,model,31,20,0.0,MW,7.599999999999999e-5,true
joint-mip-central,R9-T5-H-minusout,model,31,20,0.0,MW,7.599999999999999e-5,true
joint-mip-central,R9-T5-envelope,model,31,20,0.0,MW,7.599999999999999e-5,true
joint-mip-central,R9-T5-loss,model,31,20,0.0,MW,7.599999999999999e-5,true
joint-mip-central,R9-T5-direction,model,32,20,0.0,1,1.0e-6,true
joint-mip-central,R9-T5-integer,model,32,20,0.0,1,1.0e-6,true
joint-mip-central,R9-T5-m-plus,model,32,20,0.0,kg/s,0.0001284494047619048,true
joint-mip-central,R9-T5-H-plusin,model,32,20,0.0,MW,7.599999999999999e-5,true
joint-mip-central,R9-T5-envelope,model,32,20,0.0,MW,7.599999999999999e-5,true
joint-mip-central,R9-T5-H-plusout,model,32,20,0.0,MW,7.599999999999999e-5,true
joint-mip-central,R9-T5-envelope,model,32,20,0.0,MW,7.599999999999999e-5,true
joint-mip-central,R9-T5-loss,model,32,20,1.734723475976807e-18,MW,7.599999999999999e-5,true
joint-mip-central,R9-T5-m-minus,model,32,20,0.0,kg/s,0.0001284494047619048,true
joint-mip-central,R9-T5-H-minusin,model,32,20,0.0,MW,7.599999999999999e-5,true
joint-mip-central,R9-T5-envelope,model,32,20,0.0,MW,7.599999999999999e-5,true
joint-mip-central,R9-T5-H-minusout,model,32,20,0.0,MW,7.599999999999999e-5,true
joint-mip-central,R9-T5-envelope,model,32,20,0.0,MW,7.599999999999999e-5,true
joint-mip-central,R9-T5-loss,model,32,20,0.0,MW,7.599999999999999e-5,true
joint-mip-central,R9-T5-direction,model,33,20,0.0,1,1.0e-6,true
joint-mip-central,R9-T5-integer,model,33,20,0.0,1,1.0e-6,true
joint-mip-central,R9-T5-m-plus,model,33,20,0.0,kg/s,0.0001284494047619048,true
joint-mip-central,R9-T5-H-plusin,model,33,20,0.0,MW,7.599999999999999e-5,true
joint-mip-central,R9-T5-envelope,model,33,20,0.0,MW,7.599999999999999e-5,true
joint-mip-central,R9-T5-H-plusout,model,33,20,0.0,MW,7.599999999999999e-5,true
joint-mip-central,R9-T5-envelope,model,33,20,0.0,MW,7.599999999999999e-5,true
joint-mip-central,R9-T5-loss,model,33,20,1.9081958235744878e-17,MW,7.599999999999999e-5,true
joint-mip-central,R9-T5-m-minus,model,33,20,0.0,kg/s,0.0001284494047619048,true
joint-mip-central,R9-T5-H-minusin,model,33,20,0.0,MW,7.599999999999999e-5,true
joint-mip-central,R9-T5-envelope,model,33,20,0.0,MW,7.599999999999999e-5,true
joint-mip-central,R9-T5-H-minusout,model,33,20,0.0,MW,7.599999999999999e-5,true
joint-mip-central,R9-T5-envelope,model,33,20,0.0,MW,7.599999999999999e-5,true
joint-mip-central,R9-T5-loss,model,33,20,0.0,MW,7.599999999999999e-5,true
joint-mip-central,R9-T5-direction,model,34,20,0.0,1,1.0e-6,true
joint-mip-central,R9-T5-integer,model,34,20,0.0,1,1.0e-6,true
joint-mip-central,R9-T5-m-plus,model,34,20,0.0,kg/s,0.0001284494047619048,true
joint-mip-central,R9-T5-H-plusin,model,34,20,0.0,MW,7.599999999999999e-5,true
joint-mip-central,R9-T5-envelope,model,34,20,0.0,MW,7.599999999999999e-5,true
joint-mip-central,R9-T5-H-plusout,model,34,20,0.0,MW,7.599999999999999e-5,true
joint-mip-central,R9-T5-envelope,model,34,20,0.0,MW,7.599999999999999e-5,true
joint-mip-central,R9-T5-loss,model,34,20,8.673617379884035e-18,MW,7.599999999999999e-5,true
joint-mip-central,R9-T5-m-minus,model,34,20,0.0,kg/s,0.0001284494047619048,true
joint-mip-central,R9-T5-H-minusin,model,34,20,0.0,MW,7.599999999999999e-5,true
joint-mip-central,R9-T5-envelope,model,34,20,0.0,MW,7.599999999999999e-5,true
joint-mip-central,R9-T5-H-minusout,model,34,20,0.0,MW,7.599999999999999e-5,true
joint-mip-central,R9-T5-envelope,model,34,20,0.0,MW,7.599999999999999e-5,true
joint-mip-central,R9-T5-loss,model,34,20,0.0,MW,7.599999999999999e-5,true
joint-mip-central,R9-T5-direction,model,35,20,0.0,1,1.0e-6,true
joint-mip-central,R9-T5-integer,model,35,20,0.0,1,1.0e-6,true
joint-mip-central,R9-T5-m-plus,model,35,20,0.0,kg/s,0.0001284494047619048,true
joint-mip-central,R9-T5-H-plusin,model,35,20,0.0,MW,7.599999999999999e-5,true
joint-mip-central,R9-T5-envelope,model,35,20,0.0,MW,7.599999999999999e-5,true
joint-mip-central,R9-T5-H-plusout,model,35,20,0.0,MW,7.599999999999999e-5,true
joint-mip-central,R9-T5-envelope,model,35,20,0.0,MW,7.599999999999999e-5,true
joint-mip-central,R9-T5-loss,model,35,20,3.469446951953614e-18,MW,7.599999999999999e-5,true
joint-mip-central,R9-T5-m-minus,model,35,20,0.0,kg/s,0.0001284494047619048,true
joint-mip-central,R9-T5-H-minusin,model,35,20,0.0,MW,7.599999999999999e-5,true
joint-mip-central,R9-T5-envelope,model,35,20,0.0,MW,7.599999999999999e-5,true
joint-mip-central,R9-T5-H-minusout,model,35,20,0.0,MW,7.599999999999999e-5,true
joint-mip-central,R9-T5-envelope,model,35,20,0.0,MW,7.599999999999999e-5,true
joint-mip-central,R9-T5-loss,model,35,20,0.0,MW,7.599999999999999e-5,true
joint-mip-central,R9-T5-direction,model,36,20,0.0,1,1.0e-6,true
joint-mip-central,R9-T5-integer,model,36,20,0.0,1,1.0e-6,true
joint-mip-central,R9-T5-m-plus,model,36,20,0.0,kg/s,0.0001284494047619048,true
joint-mip-central,R9-T5-H-plusin,model,36,20,0.0,MW,7.599999999999999e-5,true
joint-mip-central,R9-T5-envelope,model,36,20,0.0,MW,7.599999999999999e-5,true
joint-mip-central,R9-T5-H-plusout,model,36,20,0.0,MW,7.599999999999999e-5,true
joint-mip-central,R9-T5-envelope,model,36,20,0.0,MW,7.599999999999999e-5,true
joint-mip-central,R9-T5-loss,model,36,20,3.469446951953614e-18,MW,7.599999999999999e-5,true
joint-mip-central,R9-T5-m-minus,model,36,20,0.0,kg/s,0.0001284494047619048,true
joint-mip-central,R9-T5-H-minusin,model,36,20,0.0,MW,7.599999999999999e-5,true
joint-mip-central,R9-T5-envelope,model,36,20,0.0,MW,7.599999999999999e-5,true
joint-mip-central,R9-T5-H-minusout,model,36,20,0.0,MW,7.599999999999999e-5,true
joint-mip-central,R9-T5-envelope,model,36,20,0.0,MW,7.599999999999999e-5,true
joint-mip-central,R9-T5-loss,model,36,20,0.0,MW,7.599999999999999e-5,true
joint-mip-central,R9-T5-direction,model,37,20,0.0,1,1.0e-6,true
joint-mip-central,R9-T5-integer,model,37,20,0.0,1,1.0e-6,true
joint-mip-central,R9-T5-m-plus,model,37,20,0.0,kg/s,0.0001284494047619048,true
joint-mip-central,R9-T5-H-plusin,model,37,20,0.0,MW,7.599999999999999e-5,true
joint-mip-central,R9-T5-envelope,model,37,20,0.0,MW,7.599999999999999e-5,true
joint-mip-central,R9-T5-H-plusout,model,37,20,0.0,MW,7.599999999999999e-5,true
joint-mip-central,R9-T5-envelope,model,37,20,0.0,MW,7.599999999999999e-5,true
joint-mip-central,R9-T5-loss,model,37,20,1.734723475976807e-18,MW,7.599999999999999e-5,true
joint-mip-central,R9-T5-m-minus,model,37,20,0.0,kg/s,0.0001284494047619048,true
joint-mip-central,R9-T5-H-minusin,model,37,20,0.0,MW,7.599999999999999e-5,true
joint-mip-central,R9-T5-envelope,model,37,20,0.0,MW,7.599999999999999e-5,true
joint-mip-central,R9-T5-H-minusout,model,37,20,0.0,MW,7.599999999999999e-5,true
joint-mip-central,R9-T5-envelope,model,37,20,0.0,MW,7.599999999999999e-5,true
joint-mip-central,R9-T5-loss,model,37,20,0.0,MW,7.599999999999999e-5,true
joint-mip-central,R9-T5-direction,model,38,20,0.0,1,1.0e-6,true
joint-mip-central,R9-T5-integer,model,38,20,0.0,1,1.0e-6,true
joint-mip-central,R9-T5-m-plus,model,38,20,0.0,kg/s,0.0001284494047619048,true
joint-mip-central,R9-T5-H-plusin,model,38,20,0.0,MW,7.599999999999999e-5,true
joint-mip-central,R9-T5-envelope,model,38,20,0.0,MW,7.599999999999999e-5,true
joint-mip-central,R9-T5-H-plusout,model,38,20,0.0,MW,7.599999999999999e-5,true
joint-mip-central,R9-T5-envelope,model,38,20,0.0,MW,7.599999999999999e-5,true
joint-mip-central,R9-T5-loss,model,38,20,0.0,MW,7.599999999999999e-5,true
joint-mip-central,R9-T5-m-minus,model,38,20,0.0,kg/s,0.0001284494047619048,true
joint-mip-central,R9-T5-H-minusin,model,38,20,0.0,MW,7.599999999999999e-5,true
joint-mip-central,R9-T5-envelope,model,38,20,0.0,MW,7.599999999999999e-5,true
joint-mip-central,R9-T5-H-minusout,model,38,20,0.0,MW,7.599999999999999e-5,true
joint-mip-central,R9-T5-envelope,model,38,20,0.0,MW,7.599999999999999e-5,true
joint-mip-central,R9-T5-loss,model,38,20,0.0,MW,7.599999999999999e-5,true
joint-mip-central,R9-T5-direction,model,39,20,0.0,1,1.0e-6,true
joint-mip-central,R9-T5-integer,model,39,20,0.0,1,1.0e-6,true
joint-mip-central,R9-T5-m-plus,model,39,20,0.0,kg/s,0.0001284494047619048,true
joint-mip-central,R9-T5-H-plusin,model,39,20,0.0,MW,7.599999999999999e-5,true
joint-mip-central,R9-T5-envelope,model,39,20,0.0,MW,7.599999999999999e-5,true
joint-mip-central,R9-T5-H-plusout,model,39,20,0.0,MW,7.599999999999999e-5,true
joint-mip-central,R9-T5-envelope,model,39,20,0.0,MW,7.599999999999999e-5,true
joint-mip-central,R9-T5-loss,model,39,20,0.0,MW,7.599999999999999e-5,true
joint-mip-central,R9-T5-m-minus,model,39,20,0.0,kg/s,0.0001284494047619048,true
joint-mip-central,R9-T5-H-minusin,model,39,20,0.0,MW,7.599999999999999e-5,true
joint-mip-central,R9-T5-envelope,model,39,20,0.0,MW,7.599999999999999e-5,true
joint-mip-central,R9-T5-H-minusout,model,39,20,0.0,MW,7.599999999999999e-5,true
joint-mip-central,R9-T5-envelope,model,39,20,0.0,MW,7.599999999999999e-5,true
joint-mip-central,R9-T5-loss,model,39,20,0.0,MW,7.599999999999999e-5,true
joint-mip-central,R9-T5-source-capacity,model,1,20,0.0,kg/s,0.0001284494047619048,true
joint-mip-central,R9-T5-load-capacity,model,1,20,0.0,kg/s,0.0001284494047619048,true
joint-mip-central,R9-T5-nonnegative-port,model,1,20,0.0,kg/s,0.0001284494047619048,true
joint-mip-central,R9-T5-port-source,model,1,20,0.0,MW,7.599999999999999e-5,true
joint-mip-central,R9-T5-nonnegative-port,model,1,20,0.0,kg/s,0.0001284494047619048,true
joint-mip-central,R9-T5-port-load,model,1,20,0.0,MW,7.599999999999999e-5,true
joint-mip-central,R9-T5-heat-balance,model,1,20,6.9155792203901e-13,MW,7.599999999999999e-5,true
joint-mip-central,R9-T5-mass-balance,model,1,20,2.6645352591003757e-15,kg/s,0.0001284494047619048,true
joint-mip-central,R9-T5-source-capacity,model,2,20,0.0,kg/s,0.0001284494047619048,true
joint-mip-central,R9-T5-load-capacity,model,2,20,0.0,kg/s,0.0001284494047619048,true
joint-mip-central,R9-T5-nonnegative-port,model,2,20,0.0,kg/s,0.0001284494047619048,true
joint-mip-central,R9-T5-port-source,model,2,20,0.0,MW,7.599999999999999e-5,true
joint-mip-central,R9-T5-nonnegative-port,model,2,20,0.0,kg/s,0.0001284494047619048,true
joint-mip-central,R9-T5-port-load,model,2,20,0.0,MW,7.599999999999999e-5,true
joint-mip-central,R9-T5-heat-balance,model,2,20,0.0,MW,7.599999999999999e-5,true
joint-mip-central,R9-T5-mass-balance,model,2,20,0.0,kg/s,0.0001284494047619048,true
joint-mip-central,R9-T5-source-capacity,model,3,20,0.0,kg/s,0.0001284494047619048,true
joint-mip-central,R9-T5-load-capacity,model,3,20,0.0,kg/s,0.0001284494047619048,true
joint-mip-central,R9-T5-nonnegative-port,model,3,20,0.0,kg/s,0.0001284494047619048,true
joint-mip-central,R9-T5-port-source,model,3,20,0.0,MW,7.599999999999999e-5,true
joint-mip-central,R9-T5-nonnegative-port,model,3,20,0.0,kg/s,0.0001284494047619048,true
joint-mip-central,R9-T5-port-load,model,3,20,0.0,MW,7.599999999999999e-5,true
joint-mip-central,R9-T5-heat-balance,model,3,20,1.446398556481654e-12,MW,7.599999999999999e-5,true
joint-mip-central,R9-T5-mass-balance,model,3,20,1.4068746168049984e-12,kg/s,0.0001284494047619048,true
joint-mip-central,R9-T5-source-capacity,model,4,20,0.0,kg/s,0.0001284494047619048,true
joint-mip-central,R9-T5-load-capacity,model,4,20,0.0,kg/s,0.0001284494047619048,true
joint-mip-central,R9-T5-nonnegative-port,model,4,20,0.0,kg/s,0.0001284494047619048,true
joint-mip-central,R9-T5-port-source,model,4,20,0.0,MW,7.599999999999999e-5,true
joint-mip-central,R9-T5-nonnegative-port,model,4,20,0.0,kg/s,0.0001284494047619048,true
joint-mip-central,R9-T5-port-load,model,4,20,0.0,MW,7.599999999999999e-5,true
joint-mip-central,R9-T5-heat-balance,model,4,20,4.440892098500626e-16,MW,7.599999999999999e-5,true
joint-mip-central,R9-T5-mass-balance,model,4,20,0.0,kg/s,0.0001284494047619048,true
joint-mip-central,R9-T5-source-capacity,model,5,20,0.0,kg/s,0.0001284494047619048,true
joint-mip-central,R9-T5-load-capacity,model,5,20,0.0,kg/s,0.0001284494047619048,true
joint-mip-central,R9-T5-nonnegative-port,model,5,20,0.0,kg/s,0.0001284494047619048,true
joint-mip-central,R9-T5-port-source,model,5,20,0.0,MW,7.599999999999999e-5,true
joint-mip-central,R9-T5-nonnegative-port,model,5,20,0.0,kg/s,0.0001284494047619048,true
joint-mip-central,R9-T5-port-load,model,5,20,0.0,MW,7.599999999999999e-5,true
joint-mip-central,R9-T5-heat-balance,model,5,20,7.025074966193756e-13,MW,7.599999999999999e-5,true
joint-mip-central,R9-T5-mass-balance,model,5,20,4.440892098500626e-16,kg/s,0.0001284494047619048,true
joint-mip-central,R9-T5-source-capacity,model,6,20,0.0,kg/s,0.0001284494047619048,true
joint-mip-central,R9-T5-load-capacity,model,6,20,0.0,kg/s,0.0001284494047619048,true
joint-mip-central,R9-T5-nonnegative-port,model,6,20,0.0,kg/s,0.0001284494047619048,true
joint-mip-central,R9-T5-port-source,model,6,20,0.0,MW,7.599999999999999e-5,true
joint-mip-central,R9-T5-nonnegative-port,model,6,20,0.0,kg/s,0.0001284494047619048,true
joint-mip-central,R9-T5-port-load,model,6,20,0.0,MW,7.599999999999999e-5,true
joint-mip-central,R9-T5-heat-balance,model,6,20,0.0,MW,7.599999999999999e-5,true
joint-mip-central,R9-T5-mass-balance,model,6,20,0.0,kg/s,0.0001284494047619048,true
joint-mip-central,R9-T5-source-capacity,model,7,20,0.0,kg/s,0.0001284494047619048,true
joint-mip-central,R9-T5-load-capacity,model,7,20,0.0,kg/s,0.0001284494047619048,true
joint-mip-central,R9-T5-nonnegative-port,model,7,20,0.0,kg/s,0.0001284494047619048,true
joint-mip-central,R9-T5-port-source,model,7,20,0.0,MW,7.599999999999999e-5,true
joint-mip-central,R9-T5-nonnegative-port,model,7,20,0.0,kg/s,0.0001284494047619048,true
joint-mip-central,R9-T5-port-load,model,7,20,6.938893903907228e-18,MW,7.599999999999999e-5,true
joint-mip-central,R9-T5-heat-balance,model,7,20,2.107369834192241e-12,MW,7.599999999999999e-5,true
joint-mip-central,R9-T5-mass-balance,model,7,20,2.220446049250313e-16,kg/s,0.0001284494047619048,true
joint-mip-central,R9-T5-source-capacity,model,8,20,0.0,kg/s,0.0001284494047619048,true
joint-mip-central,R9-T5-load-capacity,model,8,20,0.0,kg/s,0.0001284494047619048,true
joint-mip-central,R9-T5-nonnegative-port,model,8,20,0.0,kg/s,0.0001284494047619048,true
joint-mip-central,R9-T5-port-source,model,8,20,0.0,MW,7.599999999999999e-5,true
joint-mip-central,R9-T5-nonnegative-port,model,8,20,0.0,kg/s,0.0001284494047619048,true
joint-mip-central,R9-T5-port-load,model,8,20,6.938893903907228e-18,MW,7.599999999999999e-5,true
joint-mip-central,R9-T5-heat-balance,model,8,20,5.551115123125783e-17,MW,7.599999999999999e-5,true
joint-mip-central,R9-T5-mass-balance,model,8,20,0.0,kg/s,0.0001284494047619048,true
joint-mip-central,R9-T5-source-capacity,model,9,20,0.0,kg/s,0.0001284494047619048,true
joint-mip-central,R9-T5-load-capacity,model,9,20,0.0,kg/s,0.0001284494047619048,true
joint-mip-central,R9-T5-nonnegative-port,model,9,20,0.0,kg/s,0.0001284494047619048,true
joint-mip-central,R9-T5-port-source,model,9,20,0.0,MW,7.599999999999999e-5,true
joint-mip-central,R9-T5-nonnegative-port,model,9,20,0.0,kg/s,0.0001284494047619048,true
joint-mip-central,R9-T5-port-load,model,9,20,6.938893903907228e-18,MW,7.599999999999999e-5,true
joint-mip-central,R9-T5-heat-balance,model,9,20,0.0,MW,7.599999999999999e-5,true
joint-mip-central,R9-T5-mass-balance,model,9,20,0.0,kg/s,0.0001284494047619048,true
joint-mip-central,R9-T5-source-capacity,model,10,20,0.0,kg/s,0.0001284494047619048,true
joint-mip-central,R9-T5-load-capacity,model,10,20,0.0,kg/s,0.0001284494047619048,true
joint-mip-central,R9-T5-nonnegative-port,model,10,20,0.0,kg/s,0.0001284494047619048,true
joint-mip-central,R9-T5-port-source,model,10,20,0.0,MW,7.599999999999999e-5,true
joint-mip-central,R9-T5-nonnegative-port,model,10,20,0.0,kg/s,0.0001284494047619048,true
joint-mip-central,R9-T5-port-load,model,10,20,0.0,MW,7.599999999999999e-5,true
joint-mip-central,R9-T5-heat-balance,model,10,20,0.0,MW,7.599999999999999e-5,true
joint-mip-central,R9-T5-mass-balance,model,10,20,2.809530386116421e-12,kg/s,0.0001284494047619048,true
joint-mip-central,R9-T5-source-capacity,model,11,20,0.0,kg/s,0.0001284494047619048,true
joint-mip-central,R9-T5-load-capacity,model,11,20,0.0,kg/s,0.0001284494047619048,true
joint-mip-central,R9-T5-nonnegative-port,model,11,20,0.0,kg/s,0.0001284494047619048,true
joint-mip-central,R9-T5-port-source,model,11,20,0.0,MW,7.599999999999999e-5,true
joint-mip-central,R9-T5-nonnegative-port,model,11,20,0.0,kg/s,0.0001284494047619048,true
joint-mip-central,R9-T5-port-load,model,11,20,0.0,MW,7.599999999999999e-5,true
joint-mip-central,R9-T5-heat-balance,model,11,20,0.0,MW,7.599999999999999e-5,true
joint-mip-central,R9-T5-mass-balance,model,11,20,2.8096414084188837e-12,kg/s,0.0001284494047619048,true
joint-mip-central,R9-T5-source-capacity,model,12,20,0.0,kg/s,0.0001284494047619048,true
joint-mip-central,R9-T5-load-capacity,model,12,20,0.0,kg/s,0.0001284494047619048,true
joint-mip-central,R9-T5-nonnegative-port,model,12,20,0.0,kg/s,0.0001284494047619048,true
joint-mip-central,R9-T5-port-source,model,12,20,0.0,MW,7.599999999999999e-5,true
joint-mip-central,R9-T5-nonnegative-port,model,12,20,0.0,kg/s,0.0001284494047619048,true
joint-mip-central,R9-T5-port-load,model,12,20,0.0,MW,7.599999999999999e-5,true
joint-mip-central,R9-T5-heat-balance,model,12,20,0.0,MW,7.599999999999999e-5,true
joint-mip-central,R9-T5-mass-balance,model,12,20,2.809530386116421e-12,kg/s,0.0001284494047619048,true
joint-mip-central,R9-T5-source-capacity,model,13,20,0.0,kg/s,0.0001284494047619048,true
joint-mip-central,R9-T5-load-capacity,model,13,20,0.0,kg/s,0.0001284494047619048,true
joint-mip-central,R9-T5-nonnegative-port,model,13,20,0.0,kg/s,0.0001284494047619048,true
joint-mip-central,R9-T5-port-source,model,13,20,0.0,MW,7.599999999999999e-5,true
joint-mip-central,R9-T5-nonnegative-port,model,13,20,0.0,kg/s,0.0001284494047619048,true
joint-mip-central,R9-T5-port-load,model,13,20,0.0,MW,7.599999999999999e-5,true
joint-mip-central,R9-T5-heat-balance,model,13,20,1.3877787807814457e-17,MW,7.599999999999999e-5,true
joint-mip-central,R9-T5-mass-balance,model,13,20,5.551115123125783e-16,kg/s,0.0001284494047619048,true
joint-mip-central,R9-T5-source-capacity,model,14,20,0.0,kg/s,0.0001284494047619048,true
joint-mip-central,R9-T5-load-capacity,model,14,20,0.0,kg/s,0.0001284494047619048,true
joint-mip-central,R9-T5-nonnegative-port,model,14,20,0.0,kg/s,0.0001284494047619048,true
joint-mip-central,R9-T5-port-source,model,14,20,0.0,MW,7.599999999999999e-5,true
joint-mip-central,R9-T5-nonnegative-port,model,14,20,0.0,kg/s,0.0001284494047619048,true
joint-mip-central,R9-T5-port-load,model,14,20,0.0,MW,7.599999999999999e-5,true
joint-mip-central,R9-T5-heat-balance,model,14,20,0.0,MW,7.599999999999999e-5,true
joint-mip-central,R9-T5-mass-balance,model,14,20,0.0,kg/s,0.0001284494047619048,true
joint-mip-central,R9-T5-source-capacity,model,15,20,0.0,kg/s,0.0001284494047619048,true
joint-mip-central,R9-T5-load-capacity,model,15,20,0.0,kg/s,0.0001284494047619048,true
joint-mip-central,R9-T5-nonnegative-port,model,15,20,0.0,kg/s,0.0001284494047619048,true
joint-mip-central,R9-T5-port-source,model,15,20,0.0,MW,7.599999999999999e-5,true
joint-mip-central,R9-T5-nonnegative-port,model,15,20,0.0,kg/s,0.0001284494047619048,true
joint-mip-central,R9-T5-port-load,model,15,20,0.0,MW,7.599999999999999e-5,true
joint-mip-central,R9-T5-heat-balance,model,15,20,1.4577228313328305e-12,MW,7.599999999999999e-5,true
joint-mip-central,R9-T5-mass-balance,model,15,20,4.214406601477094e-12,kg/s,0.0001284494047619048,true
joint-mip-central,R9-T5-source-capacity,model,16,20,0.0,kg/s,0.0001284494047619048,true
joint-mip-central,R9-T5-load-capacity,model,16,20,0.0,kg/s,0.0001284494047619048,true
joint-mip-central,R9-T5-nonnegative-port,model,16,20,0.0,kg/s,0.0001284494047619048,true
joint-mip-central,R9-T5-port-source,model,16,20,0.0,MW,7.599999999999999e-5,true
joint-mip-central,R9-T5-nonnegative-port,model,16,20,0.0,kg/s,0.0001284494047619048,true
joint-mip-central,R9-T5-port-load,model,16,20,0.0,MW,7.599999999999999e-5,true
joint-mip-central,R9-T5-heat-balance,model,16,20,8.326672684688674e-17,MW,7.599999999999999e-5,true
joint-mip-central,R9-T5-mass-balance,model,16,20,0.0,kg/s,0.0001284494047619048,true
joint-mip-central,R9-T5-source-capacity,model,17,20,0.0,kg/s,0.0001284494047619048,true
joint-mip-central,R9-T5-load-capacity,model,17,20,0.0,kg/s,0.0001284494047619048,true
joint-mip-central,R9-T5-nonnegative-port,model,17,20,0.0,kg/s,0.0001284494047619048,true
joint-mip-central,R9-T5-port-source,model,17,20,0.0,MW,7.599999999999999e-5,true
joint-mip-central,R9-T5-nonnegative-port,model,17,20,0.0,kg/s,0.0001284494047619048,true
joint-mip-central,R9-T5-port-load,model,17,20,0.0,MW,7.599999999999999e-5,true
joint-mip-central,R9-T5-heat-balance,model,17,20,0.0,MW,7.599999999999999e-5,true
joint-mip-central,R9-T5-mass-balance,model,17,20,0.0,kg/s,0.0001284494047619048,true
joint-mip-central,R9-T5-source-capacity,model,18,20,0.0,kg/s,0.0001284494047619048,true
joint-mip-central,R9-T5-load-capacity,model,18,20,0.0,kg/s,0.0001284494047619048,true
joint-mip-central,R9-T5-nonnegative-port,model,18,20,0.0,kg/s,0.0001284494047619048,true
joint-mip-central,R9-T5-port-source,model,18,20,0.0,MW,7.599999999999999e-5,true
joint-mip-central,R9-T5-nonnegative-port,model,18,20,0.0,kg/s,0.0001284494047619048,true
joint-mip-central,R9-T5-port-load,model,18,20,0.0,MW,7.599999999999999e-5,true
joint-mip-central,R9-T5-heat-balance,model,18,20,2.7755575615628914e-17,MW,7.599999999999999e-5,true
joint-mip-central,R9-T5-mass-balance,model,18,20,2.220446049250313e-16,kg/s,0.0001284494047619048,true
joint-mip-central,R9-T5-source-capacity,model,19,20,0.0,kg/s,0.0001284494047619048,true
joint-mip-central,R9-T5-load-capacity,model,19,20,0.0,kg/s,0.0001284494047619048,true
joint-mip-central,R9-T5-nonnegative-port,model,19,20,0.0,kg/s,0.0001284494047619048,true
joint-mip-central,R9-T5-port-source,model,19,20,0.0,MW,7.599999999999999e-5,true
joint-mip-central,R9-T5-nonnegative-port,model,19,20,0.0,kg/s,0.0001284494047619048,true
joint-mip-central,R9-T5-port-load,model,19,20,0.0,MW,7.599999999999999e-5,true
joint-mip-central,R9-T5-heat-balance,model,19,20,1.3877787807814457e-17,MW,7.599999999999999e-5,true
joint-mip-central,R9-T5-mass-balance,model,19,20,4.218847493575595e-15,kg/s,0.0001284494047619048,true
joint-mip-central,R9-T5-source-capacity,model,20,20,0.0,kg/s,0.0001284494047619048,true
joint-mip-central,R9-T5-load-capacity,model,20,20,0.0,kg/s,0.0001284494047619048,true
joint-mip-central,R9-T5-nonnegative-port,model,20,20,0.0,kg/s,0.0001284494047619048,true
joint-mip-central,R9-T5-port-source,model,20,20,0.0,MW,7.599999999999999e-5,true
joint-mip-central,R9-T5-nonnegative-port,model,20,20,0.0,kg/s,0.0001284494047619048,true
joint-mip-central,R9-T5-port-load,model,20,20,0.0,MW,7.599999999999999e-5,true
joint-mip-central,R9-T5-heat-balance,model,20,20,0.0,MW,7.599999999999999e-5,true
joint-mip-central,R9-T5-mass-balance,model,20,20,0.0,kg/s,0.0001284494047619048,true
joint-mip-central,R9-T5-source-capacity,model,21,20,0.0,kg/s,0.0001284494047619048,true
joint-mip-central,R9-T5-load-capacity,model,21,20,0.0,kg/s,0.0001284494047619048,true
joint-mip-central,R9-T5-nonnegative-port,model,21,20,0.0,kg/s,0.0001284494047619048,true
joint-mip-central,R9-T5-port-source,model,21,20,0.0,MW,7.599999999999999e-5,true
joint-mip-central,R9-T5-nonnegative-port,model,21,20,0.0,kg/s,0.0001284494047619048,true
joint-mip-central,R9-T5-port-load,model,21,20,0.0,MW,7.599999999999999e-5,true
joint-mip-central,R9-T5-heat-balance,model,21,20,6.938893903907228e-18,MW,7.599999999999999e-5,true
joint-mip-central,R9-T5-mass-balance,model,21,20,0.0,kg/s,0.0001284494047619048,true
joint-mip-central,R9-T5-source-capacity,model,22,20,0.0,kg/s,0.0001284494047619048,true
joint-mip-central,R9-T5-load-capacity,model,22,20,0.0,kg/s,0.0001284494047619048,true
joint-mip-central,R9-T5-nonnegative-port,model,22,20,0.0,kg/s,0.0001284494047619048,true
joint-mip-central,R9-T5-port-source,model,22,20,0.0,MW,7.599999999999999e-5,true
joint-mip-central,R9-T5-nonnegative-port,model,22,20,0.0,kg/s,0.0001284494047619048,true
joint-mip-central,R9-T5-port-load,model,22,20,0.0,MW,7.599999999999999e-5,true
joint-mip-central,R9-T5-heat-balance,model,22,20,0.0,MW,7.599999999999999e-5,true
joint-mip-central,R9-T5-mass-balance,model,22,20,0.0,kg/s,0.0001284494047619048,true
joint-mip-central,R9-T5-source-capacity,model,23,20,0.0,kg/s,0.0001284494047619048,true
joint-mip-central,R9-T5-load-capacity,model,23,20,0.0,kg/s,0.0001284494047619048,true
joint-mip-central,R9-T5-nonnegative-port,model,23,20,0.0,kg/s,0.0001284494047619048,true
joint-mip-central,R9-T5-port-source,model,23,20,0.0,MW,7.599999999999999e-5,true
joint-mip-central,R9-T5-nonnegative-port,model,23,20,0.0,kg/s,0.0001284494047619048,true
joint-mip-central,R9-T5-port-load,model,23,20,0.0,MW,7.599999999999999e-5,true
joint-mip-central,R9-T5-heat-balance,model,23,20,0.0,MW,7.599999999999999e-5,true
joint-mip-central,R9-T5-mass-balance,model,23,20,0.0,kg/s,0.0001284494047619048,true
joint-mip-central,R9-T5-source-capacity,model,24,20,0.0,kg/s,0.0001284494047619048,true
joint-mip-central,R9-T5-load-capacity,model,24,20,0.0,kg/s,0.0001284494047619048,true
joint-mip-central,R9-T5-nonnegative-port,model,24,20,0.0,kg/s,0.0001284494047619048,true
joint-mip-central,R9-T5-port-source,model,24,20,0.0,MW,7.599999999999999e-5,true
joint-mip-central,R9-T5-nonnegative-port,model,24,20,0.0,kg/s,0.0001284494047619048,true
joint-mip-central,R9-T5-port-load,model,24,20,0.0,MW,7.599999999999999e-5,true
joint-mip-central,R9-T5-heat-balance,model,24,20,0.0,MW,7.599999999999999e-5,true
joint-mip-central,R9-T5-mass-balance,model,24,20,2.8101965199311962e-12,kg/s,0.0001284494047619048,true
joint-mip-central,R9-T5-source-capacity,model,25,20,0.0,kg/s,0.0001284494047619048,true
joint-mip-central,R9-T5-load-capacity,model,25,20,0.0,kg/s,0.0001284494047619048,true
joint-mip-central,R9-T5-nonnegative-port,model,25,20,0.0,kg/s,0.0001284494047619048,true
joint-mip-central,R9-T5-port-source,model,25,20,0.0,MW,7.599999999999999e-5,true
joint-mip-central,R9-T5-nonnegative-port,model,25,20,0.0,kg/s,0.0001284494047619048,true
joint-mip-central,R9-T5-port-load,model,25,20,0.0,MW,7.599999999999999e-5,true
joint-mip-central,R9-T5-heat-balance,model,25,20,4.440892098500626e-16,MW,7.599999999999999e-5,true
joint-mip-central,R9-T5-mass-balance,model,25,20,2.8101965199311962e-12,kg/s,0.0001284494047619048,true
joint-mip-central,R9-T5-source-capacity,model,26,20,0.0,kg/s,0.0001284494047619048,true
joint-mip-central,R9-T5-load-capacity,model,26,20,0.0,kg/s,0.0001284494047619048,true
joint-mip-central,R9-T5-nonnegative-port,model,26,20,0.0,kg/s,0.0001284494047619048,true
joint-mip-central,R9-T5-port-source,model,26,20,0.0,MW,7.599999999999999e-5,true
joint-mip-central,R9-T5-nonnegative-port,model,26,20,0.0,kg/s,0.0001284494047619048,true
joint-mip-central,R9-T5-port-load,model,26,20,0.0,MW,7.599999999999999e-5,true
joint-mip-central,R9-T5-heat-balance,model,26,20,7.127215484459271e-13,MW,7.599999999999999e-5,true
joint-mip-central,R9-T5-mass-balance,model,26,20,1.1102230246251565e-16,kg/s,0.0001284494047619048,true
joint-mip-central,R9-T5-source-capacity,model,27,20,0.0,kg/s,0.0001284494047619048,true
joint-mip-central,R9-T5-load-capacity,model,27,20,0.0,kg/s,0.0001284494047619048,true
joint-mip-central,R9-T5-nonnegative-port,model,27,20,0.0,kg/s,0.0001284494047619048,true
joint-mip-central,R9-T5-port-source,model,27,20,0.0,MW,7.599999999999999e-5,true
joint-mip-central,R9-T5-nonnegative-port,model,27,20,0.0,kg/s,0.0001284494047619048,true
joint-mip-central,R9-T5-port-load,model,27,20,0.0,MW,7.599999999999999e-5,true
joint-mip-central,R9-T5-heat-balance,model,27,20,0.0,MW,7.599999999999999e-5,true
joint-mip-central,R9-T5-mass-balance,model,27,20,0.0,kg/s,0.0001284494047619048,true
joint-mip-central,R9-T5-source-capacity,model,28,20,0.0,kg/s,0.0001284494047619048,true
joint-mip-central,R9-T5-load-capacity,model,28,20,0.0,kg/s,0.0001284494047619048,true
joint-mip-central,R9-T5-nonnegative-port,model,28,20,0.0,kg/s,0.0001284494047619048,true
joint-mip-central,R9-T5-port-source,model,28,20,0.0,MW,7.599999999999999e-5,true
joint-mip-central,R9-T5-nonnegative-port,model,28,20,0.0,kg/s,0.0001284494047619048,true
joint-mip-central,R9-T5-port-load,model,28,20,0.0,MW,7.599999999999999e-5,true
joint-mip-central,R9-T5-heat-balance,model,28,20,0.0,MW,7.599999999999999e-5,true
joint-mip-central,R9-T5-mass-balance,model,28,20,0.0,kg/s,0.0001284494047619048,true
joint-mip-central,R9-T5-source-capacity,model,29,20,0.0,kg/s,0.0001284494047619048,true
joint-mip-central,R9-T5-load-capacity,model,29,20,0.0,kg/s,0.0001284494047619048,true
joint-mip-central,R9-T5-nonnegative-port,model,29,20,0.0,kg/s,0.0001284494047619048,true
joint-mip-central,R9-T5-port-source,model,29,20,0.0,MW,7.599999999999999e-5,true
joint-mip-central,R9-T5-nonnegative-port,model,29,20,0.0,kg/s,0.0001284494047619048,true
joint-mip-central,R9-T5-port-load,model,29,20,0.0,MW,7.599999999999999e-5,true
joint-mip-central,R9-T5-heat-balance,model,29,20,2.7755575615628914e-17,MW,7.599999999999999e-5,true
joint-mip-central,R9-T5-mass-balance,model,29,20,1.5765166949677223e-14,kg/s,0.0001284494047619048,true
joint-mip-central,R9-T5-source-capacity,model,30,20,0.0,kg/s,0.0001284494047619048,true
joint-mip-central,R9-T5-load-capacity,model,30,20,0.0,kg/s,0.0001284494047619048,true
joint-mip-central,R9-T5-nonnegative-port,model,30,20,0.0,kg/s,0.0001284494047619048,true
joint-mip-central,R9-T5-port-source,model,30,20,0.0,MW,7.599999999999999e-5,true
joint-mip-central,R9-T5-nonnegative-port,model,30,20,0.0,kg/s,0.0001284494047619048,true
joint-mip-central,R9-T5-port-load,model,30,20,0.0,MW,7.599999999999999e-5,true
joint-mip-central,R9-T5-heat-balance,model,30,20,6.938893903907228e-18,MW,7.599999999999999e-5,true
joint-mip-central,R9-T5-mass-balance,model,30,20,0.0,kg/s,0.0001284494047619048,true
joint-mip-central,R9-T5-source-capacity,model,31,20,0.0,kg/s,0.0001284494047619048,true
joint-mip-central,R9-T5-load-capacity,model,31,20,0.0,kg/s,0.0001284494047619048,true
joint-mip-central,R9-T5-nonnegative-port,model,31,20,0.0,kg/s,0.0001284494047619048,true
joint-mip-central,R9-T5-port-source,model,31,20,0.0,MW,7.599999999999999e-5,true
joint-mip-central,R9-T5-nonnegative-port,model,31,20,0.0,kg/s,0.0001284494047619048,true
joint-mip-central,R9-T5-port-load,model,31,20,0.0,MW,7.599999999999999e-5,true
joint-mip-central,R9-T5-heat-balance,model,31,20,0.0,MW,7.599999999999999e-5,true
joint-mip-central,R9-T5-mass-balance,model,31,20,0.0,kg/s,0.0001284494047619048,true
joint-mip-central,R9-T5-source-capacity,model,32,20,0.0,kg/s,0.0001284494047619048,true
joint-mip-central,R9-T5-load-capacity,model,32,20,0.0,kg/s,0.0001284494047619048,true
joint-mip-central,R9-T5-nonnegative-port,model,32,20,0.0,kg/s,0.0001284494047619048,true
joint-mip-central,R9-T5-port-source,model,32,20,0.0,MW,7.599999999999999e-5,true
joint-mip-central,R9-T5-nonnegative-port,model,32,20,0.0,kg/s,0.0001284494047619048,true
joint-mip-central,R9-T5-port-load,model,32,20,0.0,MW,7.599999999999999e-5,true
joint-mip-central,R9-T5-heat-balance,model,32,20,1.3877787807814457e-17,MW,7.599999999999999e-5,true
joint-mip-central,R9-T5-mass-balance,model,32,20,2.220446049250313e-16,kg/s,0.0001284494047619048,true
joint-mip-central,R9-T5-source-capacity,model,33,20,0.0,kg/s,0.0001284494047619048,true
joint-mip-central,R9-T5-load-capacity,model,33,20,0.0,kg/s,0.0001284494047619048,true
joint-mip-central,R9-T5-nonnegative-port,model,33,20,0.0,kg/s,0.0001284494047619048,true
joint-mip-central,R9-T5-port-source,model,33,20,0.0,MW,7.599999999999999e-5,true
joint-mip-central,R9-T5-nonnegative-port,model,33,20,0.0,kg/s,0.0001284494047619048,true
joint-mip-central,R9-T5-port-load,model,33,20,0.0,MW,7.599999999999999e-5,true
joint-mip-central,R9-T5-heat-balance,model,33,20,6.938893903907228e-18,MW,7.599999999999999e-5,true
joint-mip-central,R9-T5-mass-balance,model,33,20,0.0,kg/s,0.0001284494047619048,true
joint-mip-central,R9-T5-source-capacity,model,34,20,0.0,kg/s,0.0001284494047619048,true
joint-mip-central,R9-T5-load-capacity,model,34,20,0.0,kg/s,0.0001284494047619048,true
joint-mip-central,R9-T5-nonnegative-port,model,34,20,0.0,kg/s,0.0001284494047619048,true
joint-mip-central,R9-T5-port-source,model,34,20,0.0,MW,7.599999999999999e-5,true
joint-mip-central,R9-T5-nonnegative-port,model,34,20,0.0,kg/s,0.0001284494047619048,true
joint-mip-central,R9-T5-port-load,model,34,20,0.0,MW,7.599999999999999e-5,true
joint-mip-central,R9-T5-heat-balance,model,34,20,0.0,MW,7.599999999999999e-5,true
joint-mip-central,R9-T5-mass-balance,model,34,20,0.0,kg/s,0.0001284494047619048,true
joint-mip-central,R9-T5-source-capacity,model,35,20,0.0,kg/s,0.0001284494047619048,true
joint-mip-central,R9-T5-load-capacity,model,35,20,0.0,kg/s,0.0001284494047619048,true
joint-mip-central,R9-T5-nonnegative-port,model,35,20,0.0,kg/s,0.0001284494047619048,true
joint-mip-central,R9-T5-port-source,model,35,20,0.0,MW,7.599999999999999e-5,true
joint-mip-central,R9-T5-nonnegative-port,model,35,20,0.0,kg/s,0.0001284494047619048,true
joint-mip-central,R9-T5-port-load,model,35,20,6.938893903907228e-18,MW,7.599999999999999e-5,true
joint-mip-central,R9-T5-heat-balance,model,35,20,0.0,MW,7.599999999999999e-5,true
joint-mip-central,R9-T5-mass-balance,model,35,20,0.0,kg/s,0.0001284494047619048,true
joint-mip-central,R9-T5-source-capacity,model,36,20,0.0,kg/s,0.0001284494047619048,true
joint-mip-central,R9-T5-load-capacity,model,36,20,0.0,kg/s,0.0001284494047619048,true
joint-mip-central,R9-T5-nonnegative-port,model,36,20,0.0,kg/s,0.0001284494047619048,true
joint-mip-central,R9-T5-port-source,model,36,20,0.0,MW,7.599999999999999e-5,true
joint-mip-central,R9-T5-nonnegative-port,model,36,20,0.0,kg/s,0.0001284494047619048,true
joint-mip-central,R9-T5-port-load,model,36,20,0.0,MW,7.599999999999999e-5,true
joint-mip-central,R9-T5-heat-balance,model,36,20,1.3877787807814457e-17,MW,7.599999999999999e-5,true
joint-mip-central,R9-T5-mass-balance,model,36,20,4.440892098500626e-16,kg/s,0.0001284494047619048,true
joint-mip-central,R9-T5-source-capacity,model,37,20,0.0,kg/s,0.0001284494047619048,true
joint-mip-central,R9-T5-load-capacity,model,37,20,0.0,kg/s,0.0001284494047619048,true
joint-mip-central,R9-T5-nonnegative-port,model,37,20,0.0,kg/s,0.0001284494047619048,true
joint-mip-central,R9-T5-port-source,model,37,20,0.0,MW,7.599999999999999e-5,true
joint-mip-central,R9-T5-nonnegative-port,model,37,20,0.0,kg/s,0.0001284494047619048,true
joint-mip-central,R9-T5-port-load,model,37,20,0.0,MW,7.599999999999999e-5,true
joint-mip-central,R9-T5-heat-balance,model,37,20,6.938893903907228e-18,MW,7.599999999999999e-5,true
joint-mip-central,R9-T5-mass-balance,model,37,20,4.440892098500626e-16,kg/s,0.0001284494047619048,true
joint-mip-central,R9-T5-source-capacity,model,38,20,0.0,kg/s,0.0001284494047619048,true
joint-mip-central,R9-T5-load-capacity,model,38,20,0.0,kg/s,0.0001284494047619048,true
joint-mip-central,R9-T5-nonnegative-port,model,38,20,0.0,kg/s,0.0001284494047619048,true
joint-mip-central,R9-T5-port-source,model,38,20,0.0,MW,7.599999999999999e-5,true
joint-mip-central,R9-T5-nonnegative-port,model,38,20,0.0,kg/s,0.0001284494047619048,true
joint-mip-central,R9-T5-port-load,model,38,20,0.0,MW,7.599999999999999e-5,true
joint-mip-central,R9-T5-heat-balance,model,38,20,0.0,MW,7.599999999999999e-5,true
joint-mip-central,R9-T5-mass-balance,model,38,20,0.0,kg/s,0.0001284494047619048,true
joint-mip-central,R9-T4-P-grid,model,0,21,0.0,MW,7.599999999999999e-5,true
joint-mip-central,R9-T4-Q-grid,model,0,21,0.0,Mvar,7.599999999999999e-5,true
joint-mip-central,R9-T4-root,model,44,21,0.0,1,1.0e-6,true
joint-mip-central,R9-T4-P,model,1,21,0.0,pu,1.0e-6,true
joint-mip-central,R9-T4-Q,model,1,21,0.0,pu,1.0e-6,true
joint-mip-central,R9-T4-ell,model,1,21,0.0,pu²,1.0e-6,true
joint-mip-central,ch04-032,model,1,21,7.017836815549584e-13,pu²,1.0e-6,true
joint-mip-central,R9-T4-grid,model,1,21,0.0,pu²,1.0e-6,true
joint-mip-central,R9-T4-original-grid,electric_original,1,21,7.82899196860587e-10,pu²,1.0e-6,true
joint-mip-central,R9-T4-P,model,2,21,0.0,pu,1.0e-6,true
joint-mip-central,R9-T4-Q,model,2,21,0.0,pu,1.0e-6,true
joint-mip-central,R9-T4-ell,model,2,21,0.0,pu²,1.0e-6,true
joint-mip-central,ch04-032,model,2,21,7.034615538735814e-13,pu²,1.0e-6,true
joint-mip-central,R9-T4-grid,model,2,21,0.0,pu²,1.0e-6,true
joint-mip-central,R9-T4-original-grid,electric_original,2,21,1.068502369916402e-9,pu²,1.0e-6,true
joint-mip-central,R9-T4-P,model,3,21,0.0,pu,1.0e-6,true
joint-mip-central,R9-T4-Q,model,3,21,0.0,pu,1.0e-6,true
joint-mip-central,R9-T4-ell,model,3,21,0.0,pu²,1.0e-6,true
joint-mip-central,ch04-032,model,3,21,4.44919058192883e-13,pu²,1.0e-6,true
joint-mip-central,R9-T4-grid,model,3,21,0.0,pu²,1.0e-6,true
joint-mip-central,R9-T4-original-grid,electric_original,3,21,1.6424098019107713e-10,pu²,1.0e-6,true
joint-mip-central,R9-T4-P,model,4,21,0.0,pu,1.0e-6,true
joint-mip-central,R9-T4-Q,model,4,21,0.0,pu,1.0e-6,true
joint-mip-central,R9-T4-ell,model,4,21,0.0,pu²,1.0e-6,true
joint-mip-central,ch04-032,model,4,21,4.4416116275783303e-13,pu²,1.0e-6,true
joint-mip-central,R9-T4-grid,model,4,21,0.0,pu²,1.0e-6,true
joint-mip-central,R9-T4-original-grid,electric_original,4,21,6.588432870015953e-11,pu²,1.0e-6,true
joint-mip-central,R9-T4-P,model,5,21,0.0,pu,1.0e-6,true
joint-mip-central,R9-T4-Q,model,5,21,0.0,pu,1.0e-6,true
joint-mip-central,R9-T4-ell,model,5,21,0.0,pu²,1.0e-6,true
joint-mip-central,ch04-032,model,5,21,5.176386222601175e-13,pu²,1.0e-6,true
joint-mip-central,R9-T4-grid,model,5,21,0.0,pu²,1.0e-6,true
joint-mip-central,R9-T4-original-grid,electric_original,5,21,4.9103692141040656e-11,pu²,1.0e-6,true
joint-mip-central,R9-T4-P,model,6,21,0.0,pu,1.0e-6,true
joint-mip-central,R9-T4-Q,model,6,21,0.0,pu,1.0e-6,true
joint-mip-central,R9-T4-ell,model,6,21,0.0,pu²,1.0e-6,true
joint-mip-central,ch04-032,model,6,21,5.187934788388653e-13,pu²,1.0e-6,true
joint-mip-central,R9-T4-grid,model,6,21,0.0,pu²,1.0e-6,true
joint-mip-central,R9-T4-original-grid,electric_original,6,21,3.342397685663842e-11,pu²,1.0e-6,true
joint-mip-central,R9-T4-P,model,7,21,0.0,pu,1.0e-6,true
joint-mip-central,R9-T4-Q,model,7,21,0.0,pu,1.0e-6,true
joint-mip-central,R9-T4-ell,model,7,21,0.0,pu²,1.0e-6,true
joint-mip-central,ch04-032,model,7,21,4.359170359749531e-17,pu²,1.0e-6,true
joint-mip-central,R9-T4-grid,model,7,21,0.0,pu²,1.0e-6,true
joint-mip-central,R9-T4-original-grid,electric_original,7,21,1.5162847601037522e-11,pu²,1.0e-6,true
joint-mip-central,R9-T4-P,model,8,21,0.0,pu,1.0e-6,true
joint-mip-central,R9-T4-Q,model,8,21,0.0,pu,1.0e-6,true
joint-mip-central,R9-T4-ell,model,8,21,0.0,pu²,1.0e-6,true
joint-mip-central,ch04-032,model,8,21,8.217713356380185e-13,pu²,1.0e-6,true
joint-mip-central,R9-T4-grid,model,8,21,0.0,pu²,1.0e-6,true
joint-mip-central,R9-T4-original-grid,electric_original,8,21,3.91396577474612e-10,pu²,1.0e-6,true
joint-mip-central,R9-T4-P,model,9,21,0.0,pu,1.0e-6,true
joint-mip-central,R9-T4-Q,model,9,21,0.0,pu,1.0e-6,true
joint-mip-central,R9-T4-ell,model,9,21,0.0,pu²,1.0e-6,true
joint-mip-central,ch04-032,model,9,21,8.213030509320301e-13,pu²,1.0e-6,true
joint-mip-central,R9-T4-grid,model,9,21,0.0,pu²,1.0e-6,true
joint-mip-central,R9-T4-original-grid,electric_original,9,21,3.6752902717734903e-10,pu²,1.0e-6,true
joint-mip-central,R9-T4-P,model,10,21,0.0,pu,1.0e-6,true
joint-mip-central,R9-T4-Q,model,10,21,0.0,pu,1.0e-6,true
joint-mip-central,R9-T4-ell,model,10,21,0.0,pu²,1.0e-6,true
joint-mip-central,ch04-032,model,10,21,1.2037286789621897e-12,pu²,1.0e-6,true
joint-mip-central,R9-T4-grid,model,10,21,0.0,pu²,1.0e-6,true
joint-mip-central,R9-T4-original-grid,electric_original,10,21,7.735758691604366e-11,pu²,1.0e-6,true
joint-mip-central,R9-T4-P,model,11,21,0.0,pu,1.0e-6,true
joint-mip-central,R9-T4-Q,model,11,21,0.0,pu,1.0e-6,true
joint-mip-central,R9-T4-ell,model,11,21,0.0,pu²,1.0e-6,true
joint-mip-central,ch04-032,model,11,21,1.2000655909611313e-12,pu²,1.0e-6,true
joint-mip-central,R9-T4-grid,model,11,21,0.0,pu²,1.0e-6,true
joint-mip-central,R9-T4-original-grid,electric_original,11,21,6.39073701727208e-11,pu²,1.0e-6,true
joint-mip-central,R9-T4-P,model,12,21,0.0,pu,1.0e-6,true
joint-mip-central,R9-T4-Q,model,12,21,0.0,pu,1.0e-6,true
joint-mip-central,R9-T4-ell,model,12,21,0.0,pu²,1.0e-6,true
joint-mip-central,ch04-032,model,12,21,5.4740351249256414e-17,pu²,1.0e-6,true
joint-mip-central,R9-T4-grid,model,12,21,0.0,pu²,1.0e-6,true
joint-mip-central,R9-T4-original-grid,electric_original,12,21,1.5267237059540632e-11,pu²,1.0e-6,true
joint-mip-central,R9-T4-P,model,13,21,0.0,pu,1.0e-6,true
joint-mip-central,R9-T4-Q,model,13,21,0.0,pu,1.0e-6,true
joint-mip-central,R9-T4-ell,model,13,21,0.0,pu²,1.0e-6,true
joint-mip-central,ch04-032,model,13,21,1.2077675802353517e-12,pu²,1.0e-6,true
joint-mip-central,R9-T4-grid,model,13,21,0.0,pu²,1.0e-6,true
joint-mip-central,R9-T4-original-grid,electric_original,13,21,3.278932043959161e-11,pu²,1.0e-6,true
joint-mip-central,R9-T4-P,model,14,21,0.0,pu,1.0e-6,true
joint-mip-central,R9-T4-Q,model,14,21,0.0,pu,1.0e-6,true
joint-mip-central,R9-T4-ell,model,14,21,0.0,pu²,1.0e-6,true
joint-mip-central,ch04-032,model,14,21,2.6633256960516966e-17,pu²,1.0e-6,true
joint-mip-central,R9-T4-grid,model,14,21,0.0,pu²,1.0e-6,true
joint-mip-central,R9-T4-original-grid,electric_original,14,21,1.6527566716205335e-11,pu²,1.0e-6,true
joint-mip-central,R9-T4-P,model,15,21,0.0,pu,1.0e-6,true
joint-mip-central,R9-T4-Q,model,15,21,0.0,pu,1.0e-6,true
joint-mip-central,R9-T4-ell,model,15,21,0.0,pu²,1.0e-6,true
joint-mip-central,ch04-032,model,15,21,2.204987697962922e-16,pu²,1.0e-6,true
joint-mip-central,R9-T4-grid,model,15,21,0.0,pu²,1.0e-6,true
joint-mip-central,R9-T4-original-grid,electric_original,15,21,1.440955466926186e-10,pu²,1.0e-6,true
joint-mip-central,R9-T4-P,model,16,21,0.0,pu,1.0e-6,true
joint-mip-central,R9-T4-Q,model,16,21,0.0,pu,1.0e-6,true
joint-mip-central,R9-T4-ell,model,16,21,0.0,pu²,1.0e-6,true
joint-mip-central,ch04-032,model,16,21,1.140567928291532e-12,pu²,1.0e-6,true
joint-mip-central,R9-T4-grid,model,16,21,0.0,pu²,1.0e-6,true
joint-mip-central,R9-T4-original-grid,electric_original,16,21,3.3739146621924315e-11,pu²,1.0e-6,true
joint-mip-central,R9-T4-P,model,17,21,0.0,pu,1.0e-6,true
joint-mip-central,R9-T4-Q,model,17,21,0.0,pu,1.0e-6,true
joint-mip-central,R9-T4-ell,model,17,21,0.0,pu²,1.0e-6,true
joint-mip-central,ch04-032,model,17,21,1.4730749985699537e-17,pu²,1.0e-6,true
joint-mip-central,R9-T4-grid,model,17,21,0.0,pu²,1.0e-6,true
joint-mip-central,R9-T4-original-grid,electric_original,17,21,1.6709284590731358e-11,pu²,1.0e-6,true
joint-mip-central,R9-T4-P,model,18,21,0.0,pu,1.0e-6,true
joint-mip-central,R9-T4-Q,model,18,21,0.0,pu,1.0e-6,true
joint-mip-central,R9-T4-ell,model,18,21,0.0,pu²,1.0e-6,true
joint-mip-central,ch04-032,model,18,21,3.6959774433673043e-16,pu²,1.0e-6,true
joint-mip-central,R9-T4-grid,model,18,21,0.0,pu²,1.0e-6,true
joint-mip-central,R9-T4-original-grid,electric_original,18,21,9.210354072301807e-11,pu²,1.0e-6,true
joint-mip-central,R9-T4-P,model,19,21,0.0,pu,1.0e-6,true
joint-mip-central,R9-T4-Q,model,19,21,0.0,pu,1.0e-6,true
joint-mip-central,R9-T4-ell,model,19,21,0.0,pu²,1.0e-6,true
joint-mip-central,ch04-032,model,19,21,4.565150756130989e-13,pu²,1.0e-6,true
joint-mip-central,R9-T4-grid,model,19,21,0.0,pu²,1.0e-6,true
joint-mip-central,R9-T4-original-grid,electric_original,19,21,3.3310882698034394e-11,pu²,1.0e-6,true
joint-mip-central,R9-T4-P,model,20,21,0.0,pu,1.0e-6,true
joint-mip-central,R9-T4-Q,model,20,21,0.0,pu,1.0e-6,true
joint-mip-central,R9-T4-ell,model,20,21,0.0,pu²,1.0e-6,true
joint-mip-central,ch04-032,model,20,21,1.6422274781366375e-17,pu²,1.0e-6,true
joint-mip-central,R9-T4-grid,model,20,21,0.0,pu²,1.0e-6,true
joint-mip-central,R9-T4-original-grid,electric_original,20,21,1.6492151821447237e-11,pu²,1.0e-6,true
joint-mip-central,R9-T4-P,model,21,21,0.0,pu,1.0e-6,true
joint-mip-central,R9-T4-Q,model,21,21,0.0,pu,1.0e-6,true
joint-mip-central,R9-T4-ell,model,21,21,0.0,pu²,1.0e-6,true
joint-mip-central,ch04-032,model,21,21,1.2363352190430076e-15,pu²,1.0e-6,true
joint-mip-central,R9-T4-grid,model,21,21,0.0,pu²,1.0e-6,true
joint-mip-central,R9-T4-original-grid,electric_original,21,21,4.90569496375097e-11,pu²,1.0e-6,true
joint-mip-central,R9-T4-P,model,22,21,0.0,pu,1.0e-6,true
joint-mip-central,R9-T4-Q,model,22,21,0.0,pu,1.0e-6,true
joint-mip-central,R9-T4-ell,model,22,21,0.0,pu²,1.0e-6,true
joint-mip-central,ch04-032,model,22,21,4.521207762559279e-17,pu²,1.0e-6,true
joint-mip-central,R9-T4-grid,model,22,21,0.0,pu²,1.0e-6,true
joint-mip-central,R9-T4-original-grid,electric_original,22,21,1.5452963629297885e-11,pu²,1.0e-6,true
joint-mip-central,R9-T4-P,model,23,21,0.0,pu,1.0e-6,true
joint-mip-central,R9-T4-Q,model,23,21,0.0,pu,1.0e-6,true
joint-mip-central,R9-T4-ell,model,23,21,0.0,pu²,1.0e-6,true
joint-mip-central,ch04-032,model,23,21,2.6847556296172304e-17,pu²,1.0e-6,true
joint-mip-central,R9-T4-grid,model,23,21,0.0,pu²,1.0e-6,true
joint-mip-central,R9-T4-original-grid,electric_original,23,21,1.5318645366134507e-11,pu²,1.0e-6,true
joint-mip-central,R9-T4-P,model,24,21,0.0,pu,1.0e-6,true
joint-mip-central,R9-T4-Q,model,24,21,0.0,pu,1.0e-6,true
joint-mip-central,R9-T4-ell,model,24,21,0.0,pu²,1.0e-6,true
joint-mip-central,ch04-032,model,24,21,3.968381545138393e-15,pu²,1.0e-6,true
joint-mip-central,R9-T4-grid,model,24,21,0.0,pu²,1.0e-6,true
joint-mip-central,R9-T4-original-grid,electric_original,24,21,5.022984187873919e-11,pu²,1.0e-6,true
joint-mip-central,R9-T4-P,model,25,21,0.0,pu,1.0e-6,true
joint-mip-central,R9-T4-Q,model,25,21,0.0,pu,1.0e-6,true
joint-mip-central,R9-T4-ell,model,25,21,0.0,pu²,1.0e-6,true
joint-mip-central,ch04-032,model,25,21,1.917089669520658e-17,pu²,1.0e-6,true
joint-mip-central,R9-T4-grid,model,25,21,0.0,pu²,1.0e-6,true
joint-mip-central,R9-T4-original-grid,electric_original,25,21,1.577951147974403e-11,pu²,1.0e-6,true
joint-mip-central,R9-T4-P,model,26,21,0.0,pu,1.0e-6,true
joint-mip-central,R9-T4-Q,model,26,21,0.0,pu,1.0e-6,true
joint-mip-central,R9-T4-ell,model,26,21,0.0,pu²,1.0e-6,true
joint-mip-central,ch04-032,model,26,21,3.0088304352367257e-17,pu²,1.0e-6,true
joint-mip-central,R9-T4-grid,model,26,21,0.0,pu²,1.0e-6,true
joint-mip-central,R9-T4-original-grid,electric_original,26,21,1.574922617585692e-11,pu²,1.0e-6,true
joint-mip-central,R9-T4-P,model,27,21,0.0,pu,1.0e-6,true
joint-mip-central,R9-T4-Q,model,27,21,0.0,pu,1.0e-6,true
joint-mip-central,R9-T4-ell,model,27,21,0.0,pu²,1.0e-6,true
joint-mip-central,ch04-032,model,27,21,8.19218763734985e-13,pu²,1.0e-6,true
joint-mip-central,R9-T4-grid,model,27,21,0.0,pu²,1.0e-6,true
joint-mip-central,R9-T4-original-grid,electric_original,27,21,3.311304390949711e-11,pu²,1.0e-6,true
joint-mip-central,R9-T4-P,model,28,21,0.0,pu,1.0e-6,true
joint-mip-central,R9-T4-Q,model,28,21,0.0,pu,1.0e-6,true
joint-mip-central,R9-T4-ell,model,28,21,0.0,pu²,1.0e-6,true
joint-mip-central,ch04-032,model,28,21,3.4652117872173427e-18,pu²,1.0e-6,true
joint-mip-central,R9-T4-grid,model,28,21,0.0,pu²,1.0e-6,true
joint-mip-central,R9-T4-original-grid,electric_original,28,21,1.603945938604334e-11,pu²,1.0e-6,true
joint-mip-central,R9-T4-P,model,29,21,0.0,pu,1.0e-6,true
joint-mip-central,R9-T4-Q,model,29,21,0.0,pu,1.0e-6,true
joint-mip-central,R9-T4-ell,model,29,21,0.0,pu²,1.0e-6,true
joint-mip-central,ch04-032,model,29,21,1.095058476879916e-12,pu²,1.0e-6,true
joint-mip-central,R9-T4-grid,model,29,21,0.0,pu²,1.0e-6,true
joint-mip-central,R9-T4-original-grid,electric_original,29,21,1.1899902721199118e-10,pu²,1.0e-6,true
joint-mip-central,R9-T4-P,model,30,21,0.0,pu,1.0e-6,true
joint-mip-central,R9-T4-Q,model,30,21,0.0,pu,1.0e-6,true
joint-mip-central,R9-T4-ell,model,30,21,0.0,pu²,1.0e-6,true
joint-mip-central,ch04-032,model,30,21,3.140120542061142e-17,pu²,1.0e-6,true
joint-mip-central,R9-T4-grid,model,30,21,0.0,pu²,1.0e-6,true
joint-mip-central,R9-T4-original-grid,electric_original,30,21,1.5883978716200488e-11,pu²,1.0e-6,true
joint-mip-central,R9-T4-P,model,31,21,0.0,pu,1.0e-6,true
joint-mip-central,R9-T4-Q,model,31,21,0.0,pu,1.0e-6,true
joint-mip-central,R9-T4-ell,model,31,21,0.0,pu²,1.0e-6,true
joint-mip-central,ch04-032,model,31,21,6.837723467065216e-13,pu²,1.0e-6,true
joint-mip-central,R9-T4-grid,model,31,21,0.0,pu²,1.0e-6,true
joint-mip-central,R9-T4-original-grid,electric_original,31,21,1.9420480696676068e-10,pu²,1.0e-6,true
joint-mip-central,R9-T4-P,model,32,21,0.0,pu,1.0e-6,true
joint-mip-central,R9-T4-Q,model,32,21,0.0,pu,1.0e-6,true
joint-mip-central,R9-T4-ell,model,32,21,0.0,pu²,1.0e-6,true
joint-mip-central,ch04-032,model,32,21,1.7204086191682094e-17,pu²,1.0e-6,true
joint-mip-central,R9-T4-grid,model,32,21,0.0,pu²,1.0e-6,true
joint-mip-central,R9-T4-original-grid,electric_original,32,21,2.332732093428269e-10,pu²,1.0e-6,true
joint-mip-central,R9-T4-P,model,33,21,0.0,pu,1.0e-6,true
joint-mip-central,R9-T4-Q,model,33,21,0.0,pu,1.0e-6,true
joint-mip-central,R9-T4-ell,model,33,21,0.0,pu²,1.0e-6,true
joint-mip-central,ch04-032,model,33,21,1.4186233546891207e-12,pu²,1.0e-6,true
joint-mip-central,R9-T4-grid,model,33,21,0.0,pu²,1.0e-6,true
joint-mip-central,R9-T4-original-grid,electric_original,33,21,3.1661456442733105e-10,pu²,1.0e-6,true
joint-mip-central,R9-T4-P,model,34,21,0.0,pu,1.0e-6,true
joint-mip-central,R9-T4-Q,model,34,21,0.0,pu,1.0e-6,true
joint-mip-central,R9-T4-ell,model,34,21,0.0,pu²,1.0e-6,true
joint-mip-central,ch04-032,model,34,21,1.4142400964064171e-12,pu²,1.0e-6,true
joint-mip-central,R9-T4-grid,model,34,21,0.0,pu²,1.0e-6,true
joint-mip-central,R9-T4-original-grid,electric_original,34,21,1.5655429556893363e-10,pu²,1.0e-6,true
joint-mip-central,R9-T4-P,model,35,21,0.0,pu,1.0e-6,true
joint-mip-central,R9-T4-Q,model,35,21,0.0,pu,1.0e-6,true
joint-mip-central,R9-T4-ell,model,35,21,0.0,pu²,1.0e-6,true
joint-mip-central,ch04-032,model,35,21,3.654947167402306e-18,pu²,1.0e-6,true
joint-mip-central,R9-T4-grid,model,35,21,0.0,pu²,1.0e-6,true
joint-mip-central,R9-T4-original-grid,electric_original,35,21,9.319570375837527e-11,pu²,1.0e-6,true
joint-mip-central,R9-T4-P,model,36,21,0.0,pu,1.0e-6,true
joint-mip-central,R9-T4-Q,model,36,21,0.0,pu,1.0e-6,true
joint-mip-central,R9-T4-ell,model,36,21,0.0,pu²,1.0e-6,true
joint-mip-central,ch04-032,model,36,21,1.0302435267674453e-13,pu²,1.0e-6,true
joint-mip-central,R9-T4-grid,model,36,21,0.0,pu²,1.0e-6,true
joint-mip-central,R9-T4-original-grid,electric_original,36,21,5.366326184959823e-11,pu²,1.0e-6,true
joint-mip-central,R9-T4-P,model,37,21,0.0,pu,1.0e-6,true
joint-mip-central,R9-T4-Q,model,37,21,0.0,pu,1.0e-6,true
joint-mip-central,R9-T4-ell,model,37,21,0.0,pu²,1.0e-6,true
joint-mip-central,ch04-032,model,37,21,4.638352419164549e-18,pu²,1.0e-6,true
joint-mip-central,R9-T4-grid,model,37,21,0.0,pu²,1.0e-6,true
joint-mip-central,R9-T4-original-grid,electric_original,37,21,3.8222754002420044e-11,pu²,1.0e-6,true
joint-mip-central,R9-T4-P,model,38,21,0.0,pu,1.0e-6,true
joint-mip-central,R9-T4-Q,model,38,21,0.0,pu,1.0e-6,true
joint-mip-central,R9-T4-ell,model,38,21,0.0,pu²,1.0e-6,true
joint-mip-central,ch04-032,model,38,21,1.4721724893586377e-12,pu²,1.0e-6,true
joint-mip-central,R9-T4-grid,model,38,21,0.0,pu²,1.0e-6,true
joint-mip-central,R9-T4-original-grid,electric_original,38,21,2.978984563369036e-10,pu²,1.0e-6,true
joint-mip-central,R9-T4-P,model,39,21,0.0,pu,1.0e-6,true
joint-mip-central,R9-T4-Q,model,39,21,0.0,pu,1.0e-6,true
joint-mip-central,R9-T4-ell,model,39,21,0.0,pu²,1.0e-6,true
joint-mip-central,ch04-032,model,39,21,1.472784015224001e-12,pu²,1.0e-6,true
joint-mip-central,R9-T4-grid,model,39,21,0.0,pu²,1.0e-6,true
joint-mip-central,R9-T4-original-grid,electric_original,39,21,3.234935847841458e-10,pu²,1.0e-6,true
joint-mip-central,R9-T4-P,model,40,21,0.0,pu,1.0e-6,true
joint-mip-central,R9-T4-Q,model,40,21,0.0,pu,1.0e-6,true
joint-mip-central,R9-T4-ell,model,40,21,0.0,pu²,1.0e-6,true
joint-mip-central,ch04-032,model,40,21,1.1142132909605531e-15,pu²,1.0e-6,true
joint-mip-central,R9-T4-grid,model,40,21,0.0,pu²,1.0e-6,true
joint-mip-central,R9-T4-original-grid,electric_original,40,21,2.4986380759567384e-10,pu²,1.0e-6,true
joint-mip-central,R9-T4-P,model,41,21,0.0,pu,1.0e-6,true
joint-mip-central,R9-T4-Q,model,41,21,0.0,pu,1.0e-6,true
joint-mip-central,R9-T4-ell,model,41,21,0.0,pu²,1.0e-6,true
joint-mip-central,ch04-032,model,41,21,5.3236020734932776e-17,pu²,1.0e-6,true
joint-mip-central,R9-T4-grid,model,41,21,0.0,pu²,1.0e-6,true
joint-mip-central,R9-T4-original-grid,electric_original,41,21,4.075922439188487e-11,pu²,1.0e-6,true
joint-mip-central,R9-T4-P,model,42,21,0.0,pu,1.0e-6,true
joint-mip-central,R9-T4-Q,model,42,21,0.0,pu,1.0e-6,true
joint-mip-central,R9-T4-ell,model,42,21,0.0,pu²,1.0e-6,true
joint-mip-central,ch04-032,model,42,21,5.6589704964534566e-14,pu²,1.0e-6,true
joint-mip-central,R9-T4-grid,model,42,21,0.0,pu²,1.0e-6,true
joint-mip-central,R9-T4-original-grid,electric_original,42,21,1.748462999276272e-10,pu²,1.0e-6,true
joint-mip-central,R9-T4-P,model,43,21,0.0,pu,1.0e-6,true
joint-mip-central,R9-T4-Q,model,43,21,0.0,pu,1.0e-6,true
joint-mip-central,R9-T4-ell,model,43,21,0.0,pu²,1.0e-6,true
joint-mip-central,ch04-032,model,43,21,2.7320200680740203e-17,pu²,1.0e-6,true
joint-mip-central,R9-T4-grid,model,43,21,0.0,pu²,1.0e-6,true
joint-mip-central,R9-T4-original-grid,electric_original,43,21,1.5755354455164548e-10,pu²,1.0e-6,true
joint-mip-central,R9-T4-P,model,44,21,0.0,pu,1.0e-6,true
joint-mip-central,R9-T4-Q,model,44,21,0.0,pu,1.0e-6,true
joint-mip-central,R9-T4-ell,model,44,21,0.0,pu²,1.0e-6,true
joint-mip-central,ch04-032,model,44,21,0.0,pu²,1.0e-6,true
joint-mip-central,R9-T4-grid,model,44,21,0.0,pu²,1.0e-6,true
joint-mip-central,R9-T4-original-grid,electric_original,44,21,0.0,pu²,1.0e-6,true
joint-mip-central,R9-T4-P,model,45,21,0.0,pu,1.0e-6,true
joint-mip-central,R9-T4-Q,model,45,21,0.0,pu,1.0e-6,true
joint-mip-central,R9-T4-ell,model,45,21,0.0,pu²,1.0e-6,true
joint-mip-central,ch04-032,model,45,21,0.0,pu²,1.0e-6,true
joint-mip-central,R9-T4-grid,model,45,21,0.0,pu²,1.0e-6,true
joint-mip-central,R9-T4-original-grid,electric_original,45,21,0.0,pu²,1.0e-6,true
joint-mip-central,R9-T4-P,model,46,21,0.0,pu,1.0e-6,true
joint-mip-central,R9-T4-Q,model,46,21,0.0,pu,1.0e-6,true
joint-mip-central,R9-T4-ell,model,46,21,0.0,pu²,1.0e-6,true
joint-mip-central,ch04-032,model,46,21,0.0,pu²,1.0e-6,true
joint-mip-central,R9-T4-grid,model,46,21,0.0,pu²,1.0e-6,true
joint-mip-central,R9-T4-original-grid,electric_original,46,21,0.0,pu²,1.0e-6,true
joint-mip-central,R9-T4-P,model,47,21,0.0,pu,1.0e-6,true
joint-mip-central,R9-T4-Q,model,47,21,0.0,pu,1.0e-6,true
joint-mip-central,R9-T4-ell,model,47,21,0.0,pu²,1.0e-6,true
joint-mip-central,ch04-032,model,47,21,0.0,pu²,1.0e-6,true
joint-mip-central,R9-T4-grid,model,47,21,0.0,pu²,1.0e-6,true
joint-mip-central,R9-T4-original-grid,electric_original,47,21,0.0,pu²,1.0e-6,true
joint-mip-central,R9-T4-voltage,model,1,21,0.0,pu²,1.0e-6,true
joint-mip-central,ch04-030:031-P,model,1,21,2.2524204723595176e-12,MW,7.599999999999999e-5,true
joint-mip-central,ch04-030:031-Q,model,1,21,1.000088900582341e-12,Mvar,7.599999999999999e-5,true
joint-mip-central,R9-T4-voltage,model,2,21,0.0,pu²,1.0e-6,true
joint-mip-central,ch04-030:031-P,model,2,21,1.5911716388927744e-12,MW,7.599999999999999e-5,true
joint-mip-central,ch04-030:031-Q,model,2,21,7.80042697101635e-13,Mvar,7.599999999999999e-5,true
joint-mip-central,R9-T4-voltage,model,3,21,0.0,pu²,1.0e-6,true
joint-mip-central,ch04-030:031-P,model,3,21,1.084909939663703e-12,MW,7.599999999999999e-5,true
joint-mip-central,ch04-030:031-Q,model,3,21,5.468958619303521e-13,Mvar,7.599999999999999e-5,true
joint-mip-central,R9-T4-voltage,model,4,21,0.0,pu²,1.0e-6,true
joint-mip-central,ch04-030:031-P,model,4,21,3.008038262919399e-12,MW,7.599999999999999e-5,true
joint-mip-central,ch04-030:031-Q,model,4,21,1.4859224961583095e-12,Mvar,7.599999999999999e-5,true
joint-mip-central,R9-T4-voltage,model,5,21,0.0,pu²,1.0e-6,true
joint-mip-central,ch04-030:031-P,model,5,21,8.888445535149003e-13,MW,7.599999999999999e-5,true
joint-mip-central,ch04-030:031-Q,model,5,21,4.737876757587856e-13,Mvar,7.599999999999999e-5,true
joint-mip-central,R9-T4-voltage,model,6,21,0.0,pu²,1.0e-6,true
joint-mip-central,ch04-030:031-P,model,6,21,0.0,MW,7.599999999999999e-5,true
joint-mip-central,ch04-030:031-Q,model,6,21,5.995204332975845e-15,Mvar,7.599999999999999e-5,true
joint-mip-central,R9-T4-voltage,model,7,21,0.0,pu²,1.0e-6,true
joint-mip-central,ch04-030:031-P,model,7,21,4.227729277772596e-13,MW,7.599999999999999e-5,true
joint-mip-central,ch04-030:031-Q,model,7,21,1.163513729807164e-13,Mvar,7.599999999999999e-5,true
joint-mip-central,R9-T4-voltage,model,8,21,0.0,pu²,1.0e-6,true
joint-mip-central,ch04-030:031-P,model,8,21,1.7319479184152442e-12,MW,7.599999999999999e-5,true
joint-mip-central,ch04-030:031-Q,model,8,21,7.425171588693047e-13,Mvar,7.599999999999999e-5,true
joint-mip-central,R9-T4-voltage,model,9,21,0.0,pu²,1.0e-6,true
joint-mip-central,ch04-030:031-P,model,9,21,6.847855615887966e-13,MW,7.599999999999999e-5,true
joint-mip-central,ch04-030:031-Q,model,9,21,3.1441516057384433e-13,Mvar,7.599999999999999e-5,true
joint-mip-central,R9-T4-voltage,model,10,21,0.0,pu²,1.0e-6,true
joint-mip-central,ch04-030:031-P,model,10,21,3.4759972677989026e-12,MW,7.599999999999999e-5,true
joint-mip-central,ch04-030:031-Q,model,10,21,1.7270629371068935e-12,Mvar,7.599999999999999e-5,true
joint-mip-central,R9-T4-voltage,model,11,21,0.0,pu²,1.0e-6,true
joint-mip-central,ch04-030:031-P,model,11,21,0.0,MW,7.599999999999999e-5,true
joint-mip-central,ch04-030:031-Q,model,11,21,1.2601031329495527e-14,Mvar,7.599999999999999e-5,true
joint-mip-central,R9-T4-voltage,model,12,21,0.0,pu²,1.0e-6,true
joint-mip-central,ch04-030:031-P,model,12,21,1.3440359936112145e-12,MW,7.599999999999999e-5,true
joint-mip-central,ch04-030:031-Q,model,12,21,6.725731083179198e-13,Mvar,7.599999999999999e-5,true
joint-mip-central,R9-T4-voltage,model,13,21,0.0,pu²,1.0e-6,true
joint-mip-central,ch04-030:031-P,model,13,21,3.348432642269472e-13,MW,7.599999999999999e-5,true
joint-mip-central,ch04-030:031-Q,model,13,21,1.7319479184152442e-13,Mvar,7.599999999999999e-5,true
joint-mip-central,R9-T4-voltage,model,14,21,0.0,pu²,1.0e-6,true
joint-mip-central,ch04-030:031-P,model,14,21,3.5370595341532862e-12,MW,7.599999999999999e-5,true
joint-mip-central,ch04-030:031-Q,model,14,21,1.7562618026545351e-12,Mvar,7.599999999999999e-5,true
joint-mip-central,R9-T4-voltage,model,15,21,0.0,pu²,1.0e-6,true
joint-mip-central,ch04-030:031-P,model,15,21,1.1102230246251565e-16,MW,7.599999999999999e-5,true
joint-mip-central,ch04-030:031-Q,model,15,21,1.1823875212257917e-14,Mvar,7.599999999999999e-5,true
joint-mip-central,R9-T4-voltage,model,16,21,0.0,pu²,1.0e-6,true
joint-mip-central,ch04-030:031-P,model,16,21,2.516653552220305e-12,MW,7.599999999999999e-5,true
joint-mip-central,ch04-030:031-Q,model,16,21,1.2327916465437738e-12,Mvar,7.599999999999999e-5,true
joint-mip-central,R9-T4-voltage,model,17,21,0.0,pu²,1.0e-6,true
joint-mip-central,ch04-030:031-P,model,17,21,2.6636470806806756e-12,MW,7.599999999999999e-5,true
joint-mip-central,ch04-030:031-Q,model,17,21,1.3332113191211192e-12,Mvar,7.599999999999999e-5,true
joint-mip-central,R9-T4-voltage,model,18,21,0.0,pu²,1.0e-6,true
joint-mip-central,ch04-030:031-P,model,18,21,0.0,MW,7.599999999999999e-5,true
joint-mip-central,ch04-030:031-Q,model,18,21,4.829470157119431e-15,Mvar,7.599999999999999e-5,true
joint-mip-central,R9-T4-voltage,model,19,21,0.0,pu²,1.0e-6,true
joint-mip-central,ch04-030:031-P,model,19,21,0.0,MW,7.599999999999999e-5,true
joint-mip-central,ch04-030:031-Q,model,19,21,4.440892098500626e-16,Mvar,7.599999999999999e-5,true
joint-mip-central,R9-T4-voltage,model,20,21,0.0,pu²,1.0e-6,true
joint-mip-central,ch04-030:031-P,model,20,21,1.0084377777275222e-11,MW,7.599999999999999e-5,true
joint-mip-central,ch04-030:031-Q,model,20,21,6.94910795573378e-12,Mvar,7.599999999999999e-5,true
joint-mip-central,R9-T4-voltage,model,21,21,0.0,pu²,1.0e-6,true
joint-mip-central,ch04-030:031-P,model,21,21,9.117151478221786e-13,MW,7.599999999999999e-5,true
joint-mip-central,ch04-030:031-Q,model,21,21,6.281641873329136e-13,Mvar,7.599999999999999e-5,true
joint-mip-central,R9-T4-voltage,model,22,21,0.0,pu²,1.0e-6,true
joint-mip-central,ch04-030:031-P,model,22,21,9.769962616701378e-15,MW,7.599999999999999e-5,true
joint-mip-central,ch04-030:031-Q,model,22,21,2.4913404672588513e-13,Mvar,7.599999999999999e-5,true
joint-mip-central,R9-T4-voltage,model,23,21,0.0,pu²,1.0e-6,true
joint-mip-central,ch04-030:031-P,model,23,21,3.47588624549644e-12,MW,7.599999999999999e-5,true
joint-mip-central,ch04-030:031-Q,model,23,21,1.7268964036531997e-12,Mvar,7.599999999999999e-5,true
joint-mip-central,R9-T4-voltage,model,24,21,0.0,pu²,1.0e-6,true
joint-mip-central,ch04-030:031-P,model,24,21,0.0,MW,7.599999999999999e-5,true
joint-mip-central,ch04-030:031-Q,model,24,21,8.493206138382448e-15,Mvar,7.599999999999999e-5,true
joint-mip-central,R9-T4-voltage,model,25,21,0.0,pu²,1.0e-6,true
joint-mip-central,ch04-030:031-P,model,25,21,1.1102230246251565e-16,MW,7.599999999999999e-5,true
joint-mip-central,ch04-030:031-Q,model,25,21,3.941291737419306e-15,Mvar,7.599999999999999e-5,true
joint-mip-central,R9-T4-voltage,model,26,21,0.0,pu²,1.0e-6,true
joint-mip-central,ch04-030:031-P,model,26,21,3.9013237085328e-13,MW,7.599999999999999e-5,true
joint-mip-central,ch04-030:031-Q,model,26,21,1.765254609153999e-13,Mvar,7.599999999999999e-5,true
joint-mip-central,R9-T4-voltage,model,27,21,0.0,pu²,1.0e-6,true
joint-mip-central,ch04-030:031-P,model,27,21,0.0,MW,7.599999999999999e-5,true
joint-mip-central,ch04-030:031-Q,model,27,21,1.1157741397482823e-14,Mvar,7.599999999999999e-5,true
joint-mip-central,R9-T4-voltage,model,28,21,0.0,pu²,1.0e-6,true
joint-mip-central,ch04-030:031-P,model,28,21,2.1085355683680973e-12,MW,7.599999999999999e-5,true
joint-mip-central,ch04-030:031-Q,model,28,21,1.1686207557204398e-12,Mvar,7.599999999999999e-5,true
joint-mip-central,R9-T4-voltage,model,29,21,0.0,pu²,1.0e-6,true
joint-mip-central,ch04-030:031-P,model,29,21,4.2237324748839455e-12,MW,7.599999999999999e-5,true
joint-mip-central,ch04-030:031-Q,model,29,21,3.0409008644483038e-12,Mvar,7.599999999999999e-5,true
joint-mip-central,R9-T4-voltage,model,30,21,0.0,pu²,1.0e-6,true
joint-mip-central,ch04-030:031-P,model,30,21,1.9539925233402755e-12,MW,7.599999999999999e-5,true
joint-mip-central,ch04-030:031-Q,model,30,21,1.1375345110309354e-12,Mvar,7.599999999999999e-5,true
joint-mip-central,R9-T4-voltage,model,31,21,0.0,pu²,1.0e-6,true
joint-mip-central,ch04-030:031-P,model,31,21,2.283284672444097e-12,MW,7.599999999999999e-5,true
joint-mip-central,ch04-030:031-Q,model,31,21,1.1414202916171234e-12,Mvar,7.599999999999999e-5,true
joint-mip-central,R9-T4-voltage,model,32,21,0.0,pu²,1.0e-6,true
joint-mip-central,ch04-030:031-P,model,32,21,2.644107155447273e-12,MW,7.599999999999999e-5,true
joint-mip-central,ch04-030:031-Q,model,32,21,8.243405957841787e-14,Mvar,7.599999999999999e-5,true
joint-mip-central,R9-T4-voltage,model,33,21,0.0,pu²,1.0e-6,true
joint-mip-central,ch04-030:031-P,model,33,21,1.1546319456101628e-12,MW,7.599999999999999e-5,true
joint-mip-central,ch04-030:031-Q,model,33,21,0.0,Mvar,7.599999999999999e-5,true
joint-mip-central,R9-T4-voltage,model,34,21,0.0,pu²,1.0e-6,true
joint-mip-central,ch04-030:031-P,model,34,21,2.886579864025407e-13,MW,7.599999999999999e-5,true
joint-mip-central,ch04-030:031-Q,model,34,21,1.4566126083082054e-13,Mvar,7.599999999999999e-5,true
joint-mip-central,R9-T4-voltage,model,35,21,0.0,pu²,1.0e-6,true
joint-mip-central,ch04-030:031-P,model,35,21,3.4079405963893805e-12,MW,7.599999999999999e-5,true
joint-mip-central,ch04-030:031-Q,model,35,21,1.659117287999834e-12,Mvar,7.599999999999999e-5,true
joint-mip-central,R9-T4-voltage,model,36,21,0.0,pu²,1.0e-6,true
joint-mip-central,ch04-030:031-P,model,36,21,1.8004486790346164e-12,MW,7.599999999999999e-5,true
joint-mip-central,ch04-030:031-Q,model,36,21,8.992806499463768e-13,Mvar,7.599999999999999e-5,true
joint-mip-central,R9-T4-voltage,model,37,21,0.0,pu²,1.0e-6,true
joint-mip-central,ch04-030:031-P,model,37,21,7.657208200839705e-13,MW,7.599999999999999e-5,true
joint-mip-central,ch04-030:031-Q,model,37,21,5.551115123125783e-17,Mvar,7.599999999999999e-5,true
joint-mip-central,R9-T4-voltage,model,38,21,0.0,pu²,1.0e-6,true
joint-mip-central,ch04-030:031-P,model,38,21,1.1448619829934614e-12,MW,7.599999999999999e-5,true
joint-mip-central,ch04-030:031-Q,model,38,21,5.691003224228552e-13,Mvar,7.599999999999999e-5,true
joint-mip-central,R9-T4-voltage,model,39,21,0.0,pu²,1.0e-6,true
joint-mip-central,ch04-030:031-P,model,39,21,2.62545540863357e-12,MW,7.599999999999999e-5,true
joint-mip-central,ch04-030:031-Q,model,39,21,1.3007372956508334e-12,Mvar,7.599999999999999e-5,true
joint-mip-central,R9-T4-voltage,model,40,21,0.0,pu²,1.0e-6,true
joint-mip-central,ch04-030:031-P,model,40,21,0.0,MW,7.599999999999999e-5,true
joint-mip-central,ch04-030:031-Q,model,40,21,3.3861802251067274e-15,Mvar,7.599999999999999e-5,true
joint-mip-central,R9-T4-voltage,model,41,21,0.0,pu²,1.0e-6,true
joint-mip-central,ch04-030:031-P,model,41,21,1.1932677068671182e-12,MW,7.599999999999999e-5,true
joint-mip-central,ch04-030:031-Q,model,41,21,6.066258606551855e-13,Mvar,7.599999999999999e-5,true
joint-mip-central,R9-T4-voltage,model,42,21,0.0,pu²,1.0e-6,true
joint-mip-central,ch04-030:031-P,model,42,21,1.1102230246251565e-16,MW,7.599999999999999e-5,true
joint-mip-central,ch04-030:031-Q,model,42,21,1.4377388168895777e-14,Mvar,7.599999999999999e-5,true
joint-mip-central,R9-T4-voltage,model,43,21,0.0,pu²,1.0e-6,true
joint-mip-central,ch04-030:031-P,model,43,21,0.0,MW,7.599999999999999e-5,true
joint-mip-central,ch04-030:031-Q,model,43,21,2.609024107869118e-15,Mvar,7.599999999999999e-5,true
joint-mip-central,R9-T4-voltage,model,44,21,0.0,pu²,1.0e-6,true
joint-mip-central,ch04-030:031-P,model,44,21,0.0,MW,7.599999999999999e-5,true
joint-mip-central,ch04-030:031-Q,model,44,21,0.0,Mvar,7.599999999999999e-5,true
joint-mip-central,R9-T5-direction,model,1,21,0.0,1,1.0e-6,true
joint-mip-central,R9-T5-integer,model,1,21,0.0,1,1.0e-6,true
joint-mip-central,R9-T5-m-plus,model,1,21,0.0,kg/s,0.0001284494047619048,true
joint-mip-central,R9-T5-H-plusin,model,1,21,0.0,MW,7.599999999999999e-5,true
joint-mip-central,R9-T5-envelope,model,1,21,0.0,MW,7.599999999999999e-5,true
joint-mip-central,R9-T5-H-plusout,model,1,21,0.0,MW,7.599999999999999e-5,true
joint-mip-central,R9-T5-envelope,model,1,21,0.0,MW,7.599999999999999e-5,true
joint-mip-central,R9-T5-loss,model,1,21,1.700029006457271e-16,MW,7.599999999999999e-5,true
joint-mip-central,R9-T5-m-minus,model,1,21,0.0,kg/s,0.0001284494047619048,true
joint-mip-central,R9-T5-H-minusin,model,1,21,0.0,MW,7.599999999999999e-5,true
joint-mip-central,R9-T5-envelope,model,1,21,0.0,MW,7.599999999999999e-5,true
joint-mip-central,R9-T5-H-minusout,model,1,21,0.0,MW,7.599999999999999e-5,true
joint-mip-central,R9-T5-envelope,model,1,21,0.0,MW,7.599999999999999e-5,true
joint-mip-central,R9-T5-loss,model,1,21,0.0,MW,7.599999999999999e-5,true
joint-mip-central,R9-T5-direction,model,2,21,0.0,1,1.0e-6,true
joint-mip-central,R9-T5-integer,model,2,21,0.0,1,1.0e-6,true
joint-mip-central,R9-T5-m-plus,model,2,21,0.0,kg/s,0.0001284494047619048,true
joint-mip-central,R9-T5-H-plusin,model,2,21,0.0,MW,7.599999999999999e-5,true
joint-mip-central,R9-T5-envelope,model,2,21,0.0,MW,7.599999999999999e-5,true
joint-mip-central,R9-T5-H-plusout,model,2,21,0.0,MW,7.599999999999999e-5,true
joint-mip-central,R9-T5-envelope,model,2,21,0.0,MW,7.599999999999999e-5,true
joint-mip-central,R9-T5-loss,model,2,21,8.673617379884035e-17,MW,7.599999999999999e-5,true
joint-mip-central,R9-T5-m-minus,model,2,21,0.0,kg/s,0.0001284494047619048,true
joint-mip-central,R9-T5-H-minusin,model,2,21,0.0,MW,7.599999999999999e-5,true
joint-mip-central,R9-T5-envelope,model,2,21,0.0,MW,7.599999999999999e-5,true
joint-mip-central,R9-T5-H-minusout,model,2,21,0.0,MW,7.599999999999999e-5,true
joint-mip-central,R9-T5-envelope,model,2,21,0.0,MW,7.599999999999999e-5,true
joint-mip-central,R9-T5-loss,model,2,21,0.0,MW,7.599999999999999e-5,true
joint-mip-central,R9-T5-direction,model,3,21,0.0,1,1.0e-6,true
joint-mip-central,R9-T5-integer,model,3,21,0.0,1,1.0e-6,true
joint-mip-central,R9-T5-m-plus,model,3,21,0.0,kg/s,0.0001284494047619048,true
joint-mip-central,R9-T5-H-plusin,model,3,21,0.0,MW,7.599999999999999e-5,true
joint-mip-central,R9-T5-envelope,model,3,21,0.0,MW,7.599999999999999e-5,true
joint-mip-central,R9-T5-H-plusout,model,3,21,0.0,MW,7.599999999999999e-5,true
joint-mip-central,R9-T5-envelope,model,3,21,0.0,MW,7.599999999999999e-5,true
joint-mip-central,R9-T5-loss,model,3,21,2.42861286636753e-17,MW,7.599999999999999e-5,true
joint-mip-central,R9-T5-m-minus,model,3,21,0.0,kg/s,0.0001284494047619048,true
joint-mip-central,R9-T5-H-minusin,model,3,21,0.0,MW,7.599999999999999e-5,true
joint-mip-central,R9-T5-envelope,model,3,21,0.0,MW,7.599999999999999e-5,true
joint-mip-central,R9-T5-H-minusout,model,3,21,0.0,MW,7.599999999999999e-5,true
joint-mip-central,R9-T5-envelope,model,3,21,0.0,MW,7.599999999999999e-5,true
joint-mip-central,R9-T5-loss,model,3,21,0.0,MW,7.599999999999999e-5,true
joint-mip-central,R9-T5-direction,model,4,21,0.0,1,1.0e-6,true
joint-mip-central,R9-T5-integer,model,4,21,0.0,1,1.0e-6,true
joint-mip-central,R9-T5-m-plus,model,4,21,0.0,kg/s,0.0001284494047619048,true
joint-mip-central,R9-T5-H-plusin,model,4,21,0.0,MW,7.599999999999999e-5,true
joint-mip-central,R9-T5-envelope,model,4,21,0.0,MW,7.599999999999999e-5,true
joint-mip-central,R9-T5-H-plusout,model,4,21,0.0,MW,7.599999999999999e-5,true
joint-mip-central,R9-T5-envelope,model,4,21,0.0,MW,7.599999999999999e-5,true
joint-mip-central,R9-T5-loss,model,4,21,3.9898639947466563e-17,MW,7.599999999999999e-5,true
joint-mip-central,R9-T5-m-minus,model,4,21,0.0,kg/s,0.0001284494047619048,true
joint-mip-central,R9-T5-H-minusin,model,4,21,0.0,MW,7.599999999999999e-5,true
joint-mip-central,R9-T5-envelope,model,4,21,0.0,MW,7.599999999999999e-5,true
joint-mip-central,R9-T5-H-minusout,model,4,21,0.0,MW,7.599999999999999e-5,true
joint-mip-central,R9-T5-envelope,model,4,21,0.0,MW,7.599999999999999e-5,true
joint-mip-central,R9-T5-loss,model,4,21,0.0,MW,7.599999999999999e-5,true
joint-mip-central,R9-T5-direction,model,5,21,0.0,1,1.0e-6,true
joint-mip-central,R9-T5-integer,model,5,21,0.0,1,1.0e-6,true
joint-mip-central,R9-T5-m-plus,model,5,21,0.0,kg/s,0.0001284494047619048,true
joint-mip-central,R9-T5-H-plusin,model,5,21,0.0,MW,7.599999999999999e-5,true
joint-mip-central,R9-T5-envelope,model,5,21,0.0,MW,7.599999999999999e-5,true
joint-mip-central,R9-T5-H-plusout,model,5,21,0.0,MW,7.599999999999999e-5,true
joint-mip-central,R9-T5-envelope,model,5,21,0.0,MW,7.599999999999999e-5,true
joint-mip-central,R9-T5-loss,model,5,21,1.734723475976807e-18,MW,7.599999999999999e-5,true
joint-mip-central,R9-T5-m-minus,model,5,21,0.0,kg/s,0.0001284494047619048,true
joint-mip-central,R9-T5-H-minusin,model,5,21,0.0,MW,7.599999999999999e-5,true
joint-mip-central,R9-T5-envelope,model,5,21,0.0,MW,7.599999999999999e-5,true
joint-mip-central,R9-T5-H-minusout,model,5,21,0.0,MW,7.599999999999999e-5,true
joint-mip-central,R9-T5-envelope,model,5,21,0.0,MW,7.599999999999999e-5,true
joint-mip-central,R9-T5-loss,model,5,21,0.0,MW,7.599999999999999e-5,true
joint-mip-central,R9-T5-direction,model,6,21,0.0,1,1.0e-6,true
joint-mip-central,R9-T5-integer,model,6,21,0.0,1,1.0e-6,true
joint-mip-central,R9-T5-m-plus,model,6,21,0.0,kg/s,0.0001284494047619048,true
joint-mip-central,R9-T5-H-plusin,model,6,21,0.0,MW,7.599999999999999e-5,true
joint-mip-central,R9-T5-envelope,model,6,21,0.0,MW,7.599999999999999e-5,true
joint-mip-central,R9-T5-H-plusout,model,6,21,0.0,MW,7.599999999999999e-5,true
joint-mip-central,R9-T5-envelope,model,6,21,0.0,MW,7.599999999999999e-5,true
joint-mip-central,R9-T5-loss,model,6,21,1.734723475976807e-18,MW,7.599999999999999e-5,true
joint-mip-central,R9-T5-m-minus,model,6,21,0.0,kg/s,0.0001284494047619048,true
joint-mip-central,R9-T5-H-minusin,model,6,21,0.0,MW,7.599999999999999e-5,true
joint-mip-central,R9-T5-envelope,model,6,21,0.0,MW,7.599999999999999e-5,true
joint-mip-central,R9-T5-H-minusout,model,6,21,0.0,MW,7.599999999999999e-5,true
joint-mip-central,R9-T5-envelope,model,6,21,0.0,MW,7.599999999999999e-5,true
joint-mip-central,R9-T5-loss,model,6,21,0.0,MW,7.599999999999999e-5,true
joint-mip-central,R9-T5-direction,model,7,21,0.0,1,1.0e-6,true
joint-mip-central,R9-T5-integer,model,7,21,0.0,1,1.0e-6,true
joint-mip-central,R9-T5-m-plus,model,7,21,0.0,kg/s,0.0001284494047619048,true
joint-mip-central,R9-T5-H-plusin,model,7,21,0.0,MW,7.599999999999999e-5,true
joint-mip-central,R9-T5-envelope,model,7,21,0.0,MW,7.599999999999999e-5,true
joint-mip-central,R9-T5-H-plusout,model,7,21,0.0,MW,7.599999999999999e-5,true
joint-mip-central,R9-T5-envelope,model,7,21,0.0,MW,7.599999999999999e-5,true
joint-mip-central,R9-T5-loss,model,7,21,0.0,MW,7.599999999999999e-5,true
joint-mip-central,R9-T5-m-minus,model,7,21,0.0,kg/s,0.0001284494047619048,true
joint-mip-central,R9-T5-H-minusin,model,7,21,0.0,MW,7.599999999999999e-5,true
joint-mip-central,R9-T5-envelope,model,7,21,0.0,MW,7.599999999999999e-5,true
joint-mip-central,R9-T5-H-minusout,model,7,21,0.0,MW,7.599999999999999e-5,true
joint-mip-central,R9-T5-envelope,model,7,21,0.0,MW,7.599999999999999e-5,true
joint-mip-central,R9-T5-loss,model,7,21,5.204170427930421e-17,MW,7.599999999999999e-5,true
joint-mip-central,R9-T5-direction,model,8,21,0.0,1,1.0e-6,true
joint-mip-central,R9-T5-integer,model,8,21,0.0,1,1.0e-6,true
joint-mip-central,R9-T5-m-plus,model,8,21,0.0,kg/s,0.0001284494047619048,true
joint-mip-central,R9-T5-H-plusin,model,8,21,0.0,MW,7.599999999999999e-5,true
joint-mip-central,R9-T5-envelope,model,8,21,0.0,MW,7.599999999999999e-5,true
joint-mip-central,R9-T5-H-plusout,model,8,21,0.0,MW,7.599999999999999e-5,true
joint-mip-central,R9-T5-envelope,model,8,21,0.0,MW,7.599999999999999e-5,true
joint-mip-central,R9-T5-loss,model,8,21,0.0,MW,7.599999999999999e-5,true
joint-mip-central,R9-T5-m-minus,model,8,21,0.0,kg/s,0.0001284494047619048,true
joint-mip-central,R9-T5-H-minusin,model,8,21,0.0,MW,7.599999999999999e-5,true
joint-mip-central,R9-T5-envelope,model,8,21,0.0,MW,7.599999999999999e-5,true
joint-mip-central,R9-T5-H-minusout,model,8,21,0.0,MW,7.599999999999999e-5,true
joint-mip-central,R9-T5-envelope,model,8,21,0.0,MW,7.599999999999999e-5,true
joint-mip-central,R9-T5-loss,model,8,21,5.551115123125783e-17,MW,7.599999999999999e-5,true
joint-mip-central,R9-T5-direction,model,9,21,0.0,1,1.0e-6,true
joint-mip-central,R9-T5-integer,model,9,21,0.0,1,1.0e-6,true
joint-mip-central,R9-T5-m-plus,model,9,21,0.0,kg/s,0.0001284494047619048,true
joint-mip-central,R9-T5-H-plusin,model,9,21,0.0,MW,7.599999999999999e-5,true
joint-mip-central,R9-T5-envelope,model,9,21,0.0,MW,7.599999999999999e-5,true
joint-mip-central,R9-T5-H-plusout,model,9,21,0.0,MW,7.599999999999999e-5,true
joint-mip-central,R9-T5-envelope,model,9,21,0.0,MW,7.599999999999999e-5,true
joint-mip-central,R9-T5-loss,model,9,21,0.0,MW,7.599999999999999e-5,true
joint-mip-central,R9-T5-m-minus,model,9,21,0.0,kg/s,0.0001284494047619048,true
joint-mip-central,R9-T5-H-minusin,model,9,21,0.0,MW,7.599999999999999e-5,true
joint-mip-central,R9-T5-envelope,model,9,21,0.0,MW,7.599999999999999e-5,true
joint-mip-central,R9-T5-H-minusout,model,9,21,0.0,MW,7.599999999999999e-5,true
joint-mip-central,R9-T5-envelope,model,9,21,0.0,MW,7.599999999999999e-5,true
joint-mip-central,R9-T5-loss,model,9,21,4.683753385137379e-17,MW,7.599999999999999e-5,true
joint-mip-central,R9-T5-direction,model,10,21,0.0,1,1.0e-6,true
joint-mip-central,R9-T5-integer,model,10,21,0.0,1,1.0e-6,true
joint-mip-central,R9-T5-m-plus,model,10,21,0.0,kg/s,0.0001284494047619048,true
joint-mip-central,R9-T5-H-plusin,model,10,21,0.0,MW,7.599999999999999e-5,true
joint-mip-central,R9-T5-envelope,model,10,21,0.0,MW,7.599999999999999e-5,true
joint-mip-central,R9-T5-H-plusout,model,10,21,0.0,MW,7.599999999999999e-5,true
joint-mip-central,R9-T5-envelope,model,10,21,0.0,MW,7.599999999999999e-5,true
joint-mip-central,R9-T5-loss,model,10,21,1.734723475976807e-18,MW,7.599999999999999e-5,true
joint-mip-central,R9-T5-m-minus,model,10,21,0.0,kg/s,0.0001284494047619048,true
joint-mip-central,R9-T5-H-minusin,model,10,21,0.0,MW,7.599999999999999e-5,true
joint-mip-central,R9-T5-envelope,model,10,21,0.0,MW,7.599999999999999e-5,true
joint-mip-central,R9-T5-H-minusout,model,10,21,0.0,MW,7.599999999999999e-5,true
joint-mip-central,R9-T5-envelope,model,10,21,0.0,MW,7.599999999999999e-5,true
joint-mip-central,R9-T5-loss,model,10,21,0.0,MW,7.599999999999999e-5,true
joint-mip-central,R9-T5-direction,model,11,21,0.0,1,1.0e-6,true
joint-mip-central,R9-T5-integer,model,11,21,0.0,1,1.0e-6,true
joint-mip-central,R9-T5-m-plus,model,11,21,0.0,kg/s,0.0001284494047619048,true
joint-mip-central,R9-T5-H-plusin,model,11,21,0.0,MW,7.599999999999999e-5,true
joint-mip-central,R9-T5-envelope,model,11,21,1.3877787807814457e-16,MW,7.599999999999999e-5,true
joint-mip-central,R9-T5-H-plusout,model,11,21,0.0,MW,7.599999999999999e-5,true
joint-mip-central,R9-T5-envelope,model,11,21,0.0,MW,7.599999999999999e-5,true
joint-mip-central,R9-T5-loss,model,11,21,1.734723475976807e-18,MW,7.599999999999999e-5,true
joint-mip-central,R9-T5-m-minus,model,11,21,0.0,kg/s,0.0001284494047619048,true
joint-mip-central,R9-T5-H-minusin,model,11,21,0.0,MW,7.599999999999999e-5,true
joint-mip-central,R9-T5-envelope,model,11,21,0.0,MW,7.599999999999999e-5,true
joint-mip-central,R9-T5-H-minusout,model,11,21,0.0,MW,7.599999999999999e-5,true
joint-mip-central,R9-T5-envelope,model,11,21,0.0,MW,7.599999999999999e-5,true
joint-mip-central,R9-T5-loss,model,11,21,0.0,MW,7.599999999999999e-5,true
joint-mip-central,R9-T5-direction,model,12,21,0.0,1,1.0e-6,true
joint-mip-central,R9-T5-integer,model,12,21,0.0,1,1.0e-6,true
joint-mip-central,R9-T5-m-plus,model,12,21,0.0,kg/s,0.0001284494047619048,true
joint-mip-central,R9-T5-H-plusin,model,12,21,0.0,MW,7.599999999999999e-5,true
joint-mip-central,R9-T5-envelope,model,12,21,0.0,MW,7.599999999999999e-5,true
joint-mip-central,R9-T5-H-plusout,model,12,21,0.0,MW,7.599999999999999e-5,true
joint-mip-central,R9-T5-envelope,model,12,21,0.0,MW,7.599999999999999e-5,true
joint-mip-central,R9-T5-loss,model,12,21,3.469446951953614e-17,MW,7.599999999999999e-5,true
joint-mip-central,R9-T5-m-minus,model,12,21,0.0,kg/s,0.0001284494047619048,true
joint-mip-central,R9-T5-H-minusin,model,12,21,0.0,MW,7.599999999999999e-5,true
joint-mip-central,R9-T5-envelope,model,12,21,0.0,MW,7.599999999999999e-5,true
joint-mip-central,R9-T5-H-minusout,model,12,21,0.0,MW,7.599999999999999e-5,true
joint-mip-central,R9-T5-envelope,model,12,21,0.0,MW,7.599999999999999e-5,true
joint-mip-central,R9-T5-loss,model,12,21,0.0,MW,7.599999999999999e-5,true
joint-mip-central,R9-T5-direction,model,13,21,0.0,1,1.0e-6,true
joint-mip-central,R9-T5-integer,model,13,21,0.0,1,1.0e-6,true
joint-mip-central,R9-T5-m-plus,model,13,21,0.0,kg/s,0.0001284494047619048,true
joint-mip-central,R9-T5-H-plusin,model,13,21,0.0,MW,7.599999999999999e-5,true
joint-mip-central,R9-T5-envelope,model,13,21,0.0,MW,7.599999999999999e-5,true
joint-mip-central,R9-T5-H-plusout,model,13,21,0.0,MW,7.599999999999999e-5,true
joint-mip-central,R9-T5-envelope,model,13,21,0.0,MW,7.599999999999999e-5,true
joint-mip-central,R9-T5-loss,model,13,21,1.734723475976807e-17,MW,7.599999999999999e-5,true
joint-mip-central,R9-T5-m-minus,model,13,21,0.0,kg/s,0.0001284494047619048,true
joint-mip-central,R9-T5-H-minusin,model,13,21,0.0,MW,7.599999999999999e-5,true
joint-mip-central,R9-T5-envelope,model,13,21,0.0,MW,7.599999999999999e-5,true
joint-mip-central,R9-T5-H-minusout,model,13,21,0.0,MW,7.599999999999999e-5,true
joint-mip-central,R9-T5-envelope,model,13,21,0.0,MW,7.599999999999999e-5,true
joint-mip-central,R9-T5-loss,model,13,21,0.0,MW,7.599999999999999e-5,true
joint-mip-central,R9-T5-direction,model,14,21,0.0,1,1.0e-6,true
joint-mip-central,R9-T5-integer,model,14,21,0.0,1,1.0e-6,true
joint-mip-central,R9-T5-m-plus,model,14,21,0.0,kg/s,0.0001284494047619048,true
joint-mip-central,R9-T5-H-plusin,model,14,21,0.0,MW,7.599999999999999e-5,true
joint-mip-central,R9-T5-envelope,model,14,21,0.0,MW,7.599999999999999e-5,true
joint-mip-central,R9-T5-H-plusout,model,14,21,0.0,MW,7.599999999999999e-5,true
joint-mip-central,R9-T5-envelope,model,14,21,0.0,MW,7.599999999999999e-5,true
joint-mip-central,R9-T5-loss,model,14,21,2.6020852139652106e-17,MW,7.599999999999999e-5,true
joint-mip-central,R9-T5-m-minus,model,14,21,0.0,kg/s,0.0001284494047619048,true
joint-mip-central,R9-T5-H-minusin,model,14,21,0.0,MW,7.599999999999999e-5,true
joint-mip-central,R9-T5-envelope,model,14,21,0.0,MW,7.599999999999999e-5,true
joint-mip-central,R9-T5-H-minusout,model,14,21,0.0,MW,7.599999999999999e-5,true
joint-mip-central,R9-T5-envelope,model,14,21,0.0,MW,7.599999999999999e-5,true
joint-mip-central,R9-T5-loss,model,14,21,0.0,MW,7.599999999999999e-5,true
joint-mip-central,R9-T5-direction,model,15,21,0.0,1,1.0e-6,true
joint-mip-central,R9-T5-integer,model,15,21,0.0,1,1.0e-6,true
joint-mip-central,R9-T5-m-plus,model,15,21,0.0,kg/s,0.0001284494047619048,true
joint-mip-central,R9-T5-H-plusin,model,15,21,0.0,MW,7.599999999999999e-5,true
joint-mip-central,R9-T5-envelope,model,15,21,0.0,MW,7.599999999999999e-5,true
joint-mip-central,R9-T5-H-plusout,model,15,21,0.0,MW,7.599999999999999e-5,true
joint-mip-central,R9-T5-envelope,model,15,21,0.0,MW,7.599999999999999e-5,true
joint-mip-central,R9-T5-loss,model,15,21,2.2551405187698492e-17,MW,7.599999999999999e-5,true
joint-mip-central,R9-T5-m-minus,model,15,21,0.0,kg/s,0.0001284494047619048,true
joint-mip-central,R9-T5-H-minusin,model,15,21,0.0,MW,7.599999999999999e-5,true
joint-mip-central,R9-T5-envelope,model,15,21,0.0,MW,7.599999999999999e-5,true
joint-mip-central,R9-T5-H-minusout,model,15,21,0.0,MW,7.599999999999999e-5,true
joint-mip-central,R9-T5-envelope,model,15,21,0.0,MW,7.599999999999999e-5,true
joint-mip-central,R9-T5-loss,model,15,21,0.0,MW,7.599999999999999e-5,true
joint-mip-central,R9-T5-direction,model,16,21,0.0,1,1.0e-6,true
joint-mip-central,R9-T5-integer,model,16,21,0.0,1,1.0e-6,true
joint-mip-central,R9-T5-m-plus,model,16,21,0.0,kg/s,0.0001284494047619048,true
joint-mip-central,R9-T5-H-plusin,model,16,21,0.0,MW,7.599999999999999e-5,true
joint-mip-central,R9-T5-envelope,model,16,21,0.0,MW,7.599999999999999e-5,true
joint-mip-central,R9-T5-H-plusout,model,16,21,0.0,MW,7.599999999999999e-5,true
joint-mip-central,R9-T5-envelope,model,16,21,0.0,MW,7.599999999999999e-5,true
joint-mip-central,R9-T5-loss,model,16,21,3.469446951953614e-18,MW,7.599999999999999e-5,true
joint-mip-central,R9-T5-m-minus,model,16,21,0.0,kg/s,0.0001284494047619048,true
joint-mip-central,R9-T5-H-minusin,model,16,21,0.0,MW,7.599999999999999e-5,true
joint-mip-central,R9-T5-envelope,model,16,21,0.0,MW,7.599999999999999e-5,true
joint-mip-central,R9-T5-H-minusout,model,16,21,0.0,MW,7.599999999999999e-5,true
joint-mip-central,R9-T5-envelope,model,16,21,0.0,MW,7.599999999999999e-5,true
joint-mip-central,R9-T5-loss,model,16,21,0.0,MW,7.599999999999999e-5,true
joint-mip-central,R9-T5-direction,model,17,21,0.0,1,1.0e-6,true
joint-mip-central,R9-T5-integer,model,17,21,0.0,1,1.0e-6,true
joint-mip-central,R9-T5-m-plus,model,17,21,0.0,kg/s,0.0001284494047619048,true
joint-mip-central,R9-T5-H-plusin,model,17,21,0.0,MW,7.599999999999999e-5,true
joint-mip-central,R9-T5-envelope,model,17,21,0.0,MW,7.599999999999999e-5,true
joint-mip-central,R9-T5-H-plusout,model,17,21,0.0,MW,7.599999999999999e-5,true
joint-mip-central,R9-T5-envelope,model,17,21,0.0,MW,7.599999999999999e-5,true
joint-mip-central,R9-T5-loss,model,17,21,1.734723475976807e-18,MW,7.599999999999999e-5,true
joint-mip-central,R9-T5-m-minus,model,17,21,0.0,kg/s,0.0001284494047619048,true
joint-mip-central,R9-T5-H-minusin,model,17,21,0.0,MW,7.599999999999999e-5,true
joint-mip-central,R9-T5-envelope,model,17,21,0.0,MW,7.599999999999999e-5,true
joint-mip-central,R9-T5-H-minusout,model,17,21,0.0,MW,7.599999999999999e-5,true
joint-mip-central,R9-T5-envelope,model,17,21,0.0,MW,7.599999999999999e-5,true
joint-mip-central,R9-T5-loss,model,17,21,0.0,MW,7.599999999999999e-5,true
joint-mip-central,R9-T5-direction,model,18,21,0.0,1,1.0e-6,true
joint-mip-central,R9-T5-integer,model,18,21,0.0,1,1.0e-6,true
joint-mip-central,R9-T5-m-plus,model,18,21,0.0,kg/s,0.0001284494047619048,true
joint-mip-central,R9-T5-H-plusin,model,18,21,0.0,MW,7.599999999999999e-5,true
joint-mip-central,R9-T5-envelope,model,18,21,0.0,MW,7.599999999999999e-5,true
joint-mip-central,R9-T5-H-plusout,model,18,21,0.0,MW,7.599999999999999e-5,true
joint-mip-central,R9-T5-envelope,model,18,21,0.0,MW,7.599999999999999e-5,true
joint-mip-central,R9-T5-loss,model,18,21,3.469446951953614e-18,MW,7.599999999999999e-5,true
joint-mip-central,R9-T5-m-minus,model,18,21,0.0,kg/s,0.0001284494047619048,true
joint-mip-central,R9-T5-H-minusin,model,18,21,0.0,MW,7.599999999999999e-5,true
joint-mip-central,R9-T5-envelope,model,18,21,0.0,MW,7.599999999999999e-5,true
joint-mip-central,R9-T5-H-minusout,model,18,21,0.0,MW,7.599999999999999e-5,true
joint-mip-central,R9-T5-envelope,model,18,21,0.0,MW,7.599999999999999e-5,true
joint-mip-central,R9-T5-loss,model,18,21,0.0,MW,7.599999999999999e-5,true
joint-mip-central,R9-T5-direction,model,19,21,0.0,1,1.0e-6,true
joint-mip-central,R9-T5-integer,model,19,21,0.0,1,1.0e-6,true
joint-mip-central,R9-T5-m-plus,model,19,21,0.0,kg/s,0.0001284494047619048,true
joint-mip-central,R9-T5-H-plusin,model,19,21,0.0,MW,7.599999999999999e-5,true
joint-mip-central,R9-T5-envelope,model,19,21,0.0,MW,7.599999999999999e-5,true
joint-mip-central,R9-T5-H-plusout,model,19,21,0.0,MW,7.599999999999999e-5,true
joint-mip-central,R9-T5-envelope,model,19,21,0.0,MW,7.599999999999999e-5,true
joint-mip-central,R9-T5-loss,model,19,21,3.469446951953614e-18,MW,7.599999999999999e-5,true
joint-mip-central,R9-T5-m-minus,model,19,21,0.0,kg/s,0.0001284494047619048,true
joint-mip-central,R9-T5-H-minusin,model,19,21,0.0,MW,7.599999999999999e-5,true
joint-mip-central,R9-T5-envelope,model,19,21,0.0,MW,7.599999999999999e-5,true
joint-mip-central,R9-T5-H-minusout,model,19,21,0.0,MW,7.599999999999999e-5,true
joint-mip-central,R9-T5-envelope,model,19,21,0.0,MW,7.599999999999999e-5,true
joint-mip-central,R9-T5-loss,model,19,21,0.0,MW,7.599999999999999e-5,true
joint-mip-central,R9-T5-direction,model,20,21,0.0,1,1.0e-6,true
joint-mip-central,R9-T5-integer,model,20,21,0.0,1,1.0e-6,true
joint-mip-central,R9-T5-m-plus,model,20,21,0.0,kg/s,0.0001284494047619048,true
joint-mip-central,R9-T5-H-plusin,model,20,21,0.0,MW,7.599999999999999e-5,true
joint-mip-central,R9-T5-envelope,model,20,21,0.0,MW,7.599999999999999e-5,true
joint-mip-central,R9-T5-H-plusout,model,20,21,0.0,MW,7.599999999999999e-5,true
joint-mip-central,R9-T5-envelope,model,20,21,0.0,MW,7.599999999999999e-5,true
joint-mip-central,R9-T5-loss,model,20,21,1.734723475976807e-18,MW,7.599999999999999e-5,true
joint-mip-central,R9-T5-m-minus,model,20,21,0.0,kg/s,0.0001284494047619048,true
joint-mip-central,R9-T5-H-minusin,model,20,21,0.0,MW,7.599999999999999e-5,true
joint-mip-central,R9-T5-envelope,model,20,21,0.0,MW,7.599999999999999e-5,true
joint-mip-central,R9-T5-H-minusout,model,20,21,0.0,MW,7.599999999999999e-5,true
joint-mip-central,R9-T5-envelope,model,20,21,0.0,MW,7.599999999999999e-5,true
joint-mip-central,R9-T5-loss,model,20,21,0.0,MW,7.599999999999999e-5,true
joint-mip-central,R9-T5-direction,model,21,21,0.0,1,1.0e-6,true
joint-mip-central,R9-T5-integer,model,21,21,0.0,1,1.0e-6,true
joint-mip-central,R9-T5-m-plus,model,21,21,0.0,kg/s,0.0001284494047619048,true
joint-mip-central,R9-T5-H-plusin,model,21,21,0.0,MW,7.599999999999999e-5,true
joint-mip-central,R9-T5-envelope,model,21,21,0.0,MW,7.599999999999999e-5,true
joint-mip-central,R9-T5-H-plusout,model,21,21,0.0,MW,7.599999999999999e-5,true
joint-mip-central,R9-T5-envelope,model,21,21,0.0,MW,7.599999999999999e-5,true
joint-mip-central,R9-T5-loss,model,21,21,1.0408340855860843e-17,MW,7.599999999999999e-5,true
joint-mip-central,R9-T5-m-minus,model,21,21,0.0,kg/s,0.0001284494047619048,true
joint-mip-central,R9-T5-H-minusin,model,21,21,0.0,MW,7.599999999999999e-5,true
joint-mip-central,R9-T5-envelope,model,21,21,0.0,MW,7.599999999999999e-5,true
joint-mip-central,R9-T5-H-minusout,model,21,21,0.0,MW,7.599999999999999e-5,true
joint-mip-central,R9-T5-envelope,model,21,21,0.0,MW,7.599999999999999e-5,true
joint-mip-central,R9-T5-loss,model,21,21,0.0,MW,7.599999999999999e-5,true
joint-mip-central,R9-T5-direction,model,22,21,0.0,1,1.0e-6,true
joint-mip-central,R9-T5-integer,model,22,21,0.0,1,1.0e-6,true
joint-mip-central,R9-T5-m-plus,model,22,21,0.0,kg/s,0.0001284494047619048,true
joint-mip-central,R9-T5-H-plusin,model,22,21,0.0,MW,7.599999999999999e-5,true
joint-mip-central,R9-T5-envelope,model,22,21,0.0,MW,7.599999999999999e-5,true
joint-mip-central,R9-T5-H-plusout,model,22,21,0.0,MW,7.599999999999999e-5,true
joint-mip-central,R9-T5-envelope,model,22,21,0.0,MW,7.599999999999999e-5,true
joint-mip-central,R9-T5-loss,model,22,21,0.0,MW,7.599999999999999e-5,true
joint-mip-central,R9-T5-m-minus,model,22,21,0.0,kg/s,0.0001284494047619048,true
joint-mip-central,R9-T5-H-minusin,model,22,21,0.0,MW,7.599999999999999e-5,true
joint-mip-central,R9-T5-envelope,model,22,21,0.0,MW,7.599999999999999e-5,true
joint-mip-central,R9-T5-H-minusout,model,22,21,0.0,MW,7.599999999999999e-5,true
joint-mip-central,R9-T5-envelope,model,22,21,0.0,MW,7.599999999999999e-5,true
joint-mip-central,R9-T5-loss,model,22,21,0.0,MW,7.599999999999999e-5,true
joint-mip-central,R9-T5-direction,model,23,21,0.0,1,1.0e-6,true
joint-mip-central,R9-T5-integer,model,23,21,0.0,1,1.0e-6,true
joint-mip-central,R9-T5-m-plus,model,23,21,0.0,kg/s,0.0001284494047619048,true
joint-mip-central,R9-T5-H-plusin,model,23,21,0.0,MW,7.599999999999999e-5,true
joint-mip-central,R9-T5-envelope,model,23,21,0.0,MW,7.599999999999999e-5,true
joint-mip-central,R9-T5-H-plusout,model,23,21,0.0,MW,7.599999999999999e-5,true
joint-mip-central,R9-T5-envelope,model,23,21,0.0,MW,7.599999999999999e-5,true
joint-mip-central,R9-T5-loss,model,23,21,6.938893903907228e-18,MW,7.599999999999999e-5,true
joint-mip-central,R9-T5-m-minus,model,23,21,0.0,kg/s,0.0001284494047619048,true
joint-mip-central,R9-T5-H-minusin,model,23,21,0.0,MW,7.599999999999999e-5,true
joint-mip-central,R9-T5-envelope,model,23,21,0.0,MW,7.599999999999999e-5,true
joint-mip-central,R9-T5-H-minusout,model,23,21,0.0,MW,7.599999999999999e-5,true
joint-mip-central,R9-T5-envelope,model,23,21,0.0,MW,7.599999999999999e-5,true
joint-mip-central,R9-T5-loss,model,23,21,0.0,MW,7.599999999999999e-5,true
joint-mip-central,R9-T5-direction,model,24,21,0.0,1,1.0e-6,true
joint-mip-central,R9-T5-integer,model,24,21,0.0,1,1.0e-6,true
joint-mip-central,R9-T5-m-plus,model,24,21,0.0,kg/s,0.0001284494047619048,true
joint-mip-central,R9-T5-H-plusin,model,24,21,0.0,MW,7.599999999999999e-5,true
joint-mip-central,R9-T5-envelope,model,24,21,0.0,MW,7.599999999999999e-5,true
joint-mip-central,R9-T5-H-plusout,model,24,21,0.0,MW,7.599999999999999e-5,true
joint-mip-central,R9-T5-envelope,model,24,21,0.0,MW,7.599999999999999e-5,true
joint-mip-central,R9-T5-loss,model,24,21,3.469446951953614e-18,MW,7.599999999999999e-5,true
joint-mip-central,R9-T5-m-minus,model,24,21,0.0,kg/s,0.0001284494047619048,true
joint-mip-central,R9-T5-H-minusin,model,24,21,0.0,MW,7.599999999999999e-5,true
joint-mip-central,R9-T5-envelope,model,24,21,0.0,MW,7.599999999999999e-5,true
joint-mip-central,R9-T5-H-minusout,model,24,21,0.0,MW,7.599999999999999e-5,true
joint-mip-central,R9-T5-envelope,model,24,21,0.0,MW,7.599999999999999e-5,true
joint-mip-central,R9-T5-loss,model,24,21,0.0,MW,7.599999999999999e-5,true
joint-mip-central,R9-T5-direction,model,25,21,0.0,1,1.0e-6,true
joint-mip-central,R9-T5-integer,model,25,21,0.0,1,1.0e-6,true
joint-mip-central,R9-T5-m-plus,model,25,21,0.0,kg/s,0.0001284494047619048,true
joint-mip-central,R9-T5-H-plusin,model,25,21,0.0,MW,7.599999999999999e-5,true
joint-mip-central,R9-T5-envelope,model,25,21,0.0,MW,7.599999999999999e-5,true
joint-mip-central,R9-T5-H-plusout,model,25,21,0.0,MW,7.599999999999999e-5,true
joint-mip-central,R9-T5-envelope,model,25,21,0.0,MW,7.599999999999999e-5,true
joint-mip-central,R9-T5-loss,model,25,21,1.734723475976807e-18,MW,7.599999999999999e-5,true
joint-mip-central,R9-T5-m-minus,model,25,21,0.0,kg/s,0.0001284494047619048,true
joint-mip-central,R9-T5-H-minusin,model,25,21,0.0,MW,7.599999999999999e-5,true
joint-mip-central,R9-T5-envelope,model,25,21,0.0,MW,7.599999999999999e-5,true
joint-mip-central,R9-T5-H-minusout,model,25,21,0.0,MW,7.599999999999999e-5,true
joint-mip-central,R9-T5-envelope,model,25,21,0.0,MW,7.599999999999999e-5,true
joint-mip-central,R9-T5-loss,model,25,21,0.0,MW,7.599999999999999e-5,true
joint-mip-central,R9-T5-direction,model,26,21,0.0,1,1.0e-6,true
joint-mip-central,R9-T5-integer,model,26,21,0.0,1,1.0e-6,true
joint-mip-central,R9-T5-m-plus,model,26,21,0.0,kg/s,0.0001284494047619048,true
joint-mip-central,R9-T5-H-plusin,model,26,21,0.0,MW,7.599999999999999e-5,true
joint-mip-central,R9-T5-envelope,model,26,21,0.0,MW,7.599999999999999e-5,true
joint-mip-central,R9-T5-H-plusout,model,26,21,0.0,MW,7.599999999999999e-5,true
joint-mip-central,R9-T5-envelope,model,26,21,0.0,MW,7.599999999999999e-5,true
joint-mip-central,R9-T5-loss,model,26,21,0.0,MW,7.599999999999999e-5,true
joint-mip-central,R9-T5-m-minus,model,26,21,0.0,kg/s,0.0001284494047619048,true
joint-mip-central,R9-T5-H-minusin,model,26,21,0.0,MW,7.599999999999999e-5,true
joint-mip-central,R9-T5-envelope,model,26,21,0.0,MW,7.599999999999999e-5,true
joint-mip-central,R9-T5-H-minusout,model,26,21,0.0,MW,7.599999999999999e-5,true
joint-mip-central,R9-T5-envelope,model,26,21,0.0,MW,7.599999999999999e-5,true
joint-mip-central,R9-T5-loss,model,26,21,3.469446951953614e-18,MW,7.599999999999999e-5,true
joint-mip-central,R9-T5-direction,model,27,21,0.0,1,1.0e-6,true
joint-mip-central,R9-T5-integer,model,27,21,0.0,1,1.0e-6,true
joint-mip-central,R9-T5-m-plus,model,27,21,0.0,kg/s,0.0001284494047619048,true
joint-mip-central,R9-T5-H-plusin,model,27,21,0.0,MW,7.599999999999999e-5,true
joint-mip-central,R9-T5-envelope,model,27,21,0.0,MW,7.599999999999999e-5,true
joint-mip-central,R9-T5-H-plusout,model,27,21,0.0,MW,7.599999999999999e-5,true
joint-mip-central,R9-T5-envelope,model,27,21,0.0,MW,7.599999999999999e-5,true
joint-mip-central,R9-T5-loss,model,27,21,7.806255641895632e-17,MW,7.599999999999999e-5,true
joint-mip-central,R9-T5-m-minus,model,27,21,0.0,kg/s,0.0001284494047619048,true
joint-mip-central,R9-T5-H-minusin,model,27,21,0.0,MW,7.599999999999999e-5,true
joint-mip-central,R9-T5-envelope,model,27,21,0.0,MW,7.599999999999999e-5,true
joint-mip-central,R9-T5-H-minusout,model,27,21,0.0,MW,7.599999999999999e-5,true
joint-mip-central,R9-T5-envelope,model,27,21,0.0,MW,7.599999999999999e-5,true
joint-mip-central,R9-T5-loss,model,27,21,0.0,MW,7.599999999999999e-5,true
joint-mip-central,R9-T5-direction,model,28,21,0.0,1,1.0e-6,true
joint-mip-central,R9-T5-integer,model,28,21,0.0,1,1.0e-6,true
joint-mip-central,R9-T5-m-plus,model,28,21,0.0,kg/s,0.0001284494047619048,true
joint-mip-central,R9-T5-H-plusin,model,28,21,0.0,MW,7.599999999999999e-5,true
joint-mip-central,R9-T5-envelope,model,28,21,0.0,MW,7.599999999999999e-5,true
joint-mip-central,R9-T5-H-plusout,model,28,21,0.0,MW,7.599999999999999e-5,true
joint-mip-central,R9-T5-envelope,model,28,21,0.0,MW,7.599999999999999e-5,true
joint-mip-central,R9-T5-loss,model,28,21,2.42861286636753e-17,MW,7.599999999999999e-5,true
joint-mip-central,R9-T5-m-minus,model,28,21,0.0,kg/s,0.0001284494047619048,true
joint-mip-central,R9-T5-H-minusin,model,28,21,0.0,MW,7.599999999999999e-5,true
joint-mip-central,R9-T5-envelope,model,28,21,0.0,MW,7.599999999999999e-5,true
joint-mip-central,R9-T5-H-minusout,model,28,21,0.0,MW,7.599999999999999e-5,true
joint-mip-central,R9-T5-envelope,model,28,21,0.0,MW,7.599999999999999e-5,true
joint-mip-central,R9-T5-loss,model,28,21,0.0,MW,7.599999999999999e-5,true
joint-mip-central,R9-T5-direction,model,29,21,0.0,1,1.0e-6,true
joint-mip-central,R9-T5-integer,model,29,21,0.0,1,1.0e-6,true
joint-mip-central,R9-T5-m-plus,model,29,21,0.0,kg/s,0.0001284494047619048,true
joint-mip-central,R9-T5-H-plusin,model,29,21,0.0,MW,7.599999999999999e-5,true
joint-mip-central,R9-T5-envelope,model,29,21,0.0,MW,7.599999999999999e-5,true
joint-mip-central,R9-T5-H-plusout,model,29,21,0.0,MW,7.599999999999999e-5,true
joint-mip-central,R9-T5-envelope,model,29,21,0.0,MW,7.599999999999999e-5,true
joint-mip-central,R9-T5-loss,model,29,21,8.673617379884035e-18,MW,7.599999999999999e-5,true
joint-mip-central,R9-T5-m-minus,model,29,21,0.0,kg/s,0.0001284494047619048,true
joint-mip-central,R9-T5-H-minusin,model,29,21,0.0,MW,7.599999999999999e-5,true
joint-mip-central,R9-T5-envelope,model,29,21,0.0,MW,7.599999999999999e-5,true
joint-mip-central,R9-T5-H-minusout,model,29,21,0.0,MW,7.599999999999999e-5,true
joint-mip-central,R9-T5-envelope,model,29,21,0.0,MW,7.599999999999999e-5,true
joint-mip-central,R9-T5-loss,model,29,21,0.0,MW,7.599999999999999e-5,true
joint-mip-central,R9-T5-direction,model,30,21,0.0,1,1.0e-6,true
joint-mip-central,R9-T5-integer,model,30,21,0.0,1,1.0e-6,true
joint-mip-central,R9-T5-m-plus,model,30,21,0.0,kg/s,0.0001284494047619048,true
joint-mip-central,R9-T5-H-plusin,model,30,21,0.0,MW,7.599999999999999e-5,true
joint-mip-central,R9-T5-envelope,model,30,21,4.163336342344337e-17,MW,7.599999999999999e-5,true
joint-mip-central,R9-T5-H-plusout,model,30,21,0.0,MW,7.599999999999999e-5,true
joint-mip-central,R9-T5-envelope,model,30,21,0.0,MW,7.599999999999999e-5,true
joint-mip-central,R9-T5-loss,model,30,21,1.734723475976807e-18,MW,7.599999999999999e-5,true
joint-mip-central,R9-T5-m-minus,model,30,21,0.0,kg/s,0.0001284494047619048,true
joint-mip-central,R9-T5-H-minusin,model,30,21,0.0,MW,7.599999999999999e-5,true
joint-mip-central,R9-T5-envelope,model,30,21,0.0,MW,7.599999999999999e-5,true
joint-mip-central,R9-T5-H-minusout,model,30,21,0.0,MW,7.599999999999999e-5,true
joint-mip-central,R9-T5-envelope,model,30,21,0.0,MW,7.599999999999999e-5,true
joint-mip-central,R9-T5-loss,model,30,21,0.0,MW,7.599999999999999e-5,true
joint-mip-central,R9-T5-direction,model,31,21,0.0,1,1.0e-6,true
joint-mip-central,R9-T5-integer,model,31,21,0.0,1,1.0e-6,true
joint-mip-central,R9-T5-m-plus,model,31,21,0.0,kg/s,0.0001284494047619048,true
joint-mip-central,R9-T5-H-plusin,model,31,21,0.0,MW,7.599999999999999e-5,true
joint-mip-central,R9-T5-envelope,model,31,21,0.0,MW,7.599999999999999e-5,true
joint-mip-central,R9-T5-H-plusout,model,31,21,0.0,MW,7.599999999999999e-5,true
joint-mip-central,R9-T5-envelope,model,31,21,0.0,MW,7.599999999999999e-5,true
joint-mip-central,R9-T5-loss,model,31,21,3.469446951953614e-18,MW,7.599999999999999e-5,true
joint-mip-central,R9-T5-m-minus,model,31,21,0.0,kg/s,0.0001284494047619048,true
joint-mip-central,R9-T5-H-minusin,model,31,21,0.0,MW,7.599999999999999e-5,true
joint-mip-central,R9-T5-envelope,model,31,21,0.0,MW,7.599999999999999e-5,true
joint-mip-central,R9-T5-H-minusout,model,31,21,0.0,MW,7.599999999999999e-5,true
joint-mip-central,R9-T5-envelope,model,31,21,0.0,MW,7.599999999999999e-5,true
joint-mip-central,R9-T5-loss,model,31,21,0.0,MW,7.599999999999999e-5,true
joint-mip-central,R9-T5-direction,model,32,21,0.0,1,1.0e-6,true
joint-mip-central,R9-T5-integer,model,32,21,0.0,1,1.0e-6,true
joint-mip-central,R9-T5-m-plus,model,32,21,0.0,kg/s,0.0001284494047619048,true
joint-mip-central,R9-T5-H-plusin,model,32,21,0.0,MW,7.599999999999999e-5,true
joint-mip-central,R9-T5-envelope,model,32,21,0.0,MW,7.599999999999999e-5,true
joint-mip-central,R9-T5-H-plusout,model,32,21,0.0,MW,7.599999999999999e-5,true
joint-mip-central,R9-T5-envelope,model,32,21,0.0,MW,7.599999999999999e-5,true
joint-mip-central,R9-T5-loss,model,32,21,1.734723475976807e-18,MW,7.599999999999999e-5,true
joint-mip-central,R9-T5-m-minus,model,32,21,0.0,kg/s,0.0001284494047619048,true
joint-mip-central,R9-T5-H-minusin,model,32,21,0.0,MW,7.599999999999999e-5,true
joint-mip-central,R9-T5-envelope,model,32,21,0.0,MW,7.599999999999999e-5,true
joint-mip-central,R9-T5-H-minusout,model,32,21,0.0,MW,7.599999999999999e-5,true
joint-mip-central,R9-T5-envelope,model,32,21,0.0,MW,7.599999999999999e-5,true
joint-mip-central,R9-T5-loss,model,32,21,0.0,MW,7.599999999999999e-5,true
joint-mip-central,R9-T5-direction,model,33,21,0.0,1,1.0e-6,true
joint-mip-central,R9-T5-integer,model,33,21,0.0,1,1.0e-6,true
joint-mip-central,R9-T5-m-plus,model,33,21,0.0,kg/s,0.0001284494047619048,true
joint-mip-central,R9-T5-H-plusin,model,33,21,0.0,MW,7.599999999999999e-5,true
joint-mip-central,R9-T5-envelope,model,33,21,0.0,MW,7.599999999999999e-5,true
joint-mip-central,R9-T5-H-plusout,model,33,21,0.0,MW,7.599999999999999e-5,true
joint-mip-central,R9-T5-envelope,model,33,21,0.0,MW,7.599999999999999e-5,true
joint-mip-central,R9-T5-loss,model,33,21,1.9081958235744878e-17,MW,7.599999999999999e-5,true
joint-mip-central,R9-T5-m-minus,model,33,21,0.0,kg/s,0.0001284494047619048,true
joint-mip-central,R9-T5-H-minusin,model,33,21,0.0,MW,7.599999999999999e-5,true
joint-mip-central,R9-T5-envelope,model,33,21,0.0,MW,7.599999999999999e-5,true
joint-mip-central,R9-T5-H-minusout,model,33,21,0.0,MW,7.599999999999999e-5,true
joint-mip-central,R9-T5-envelope,model,33,21,0.0,MW,7.599999999999999e-5,true
joint-mip-central,R9-T5-loss,model,33,21,0.0,MW,7.599999999999999e-5,true
joint-mip-central,R9-T5-direction,model,34,21,0.0,1,1.0e-6,true
joint-mip-central,R9-T5-integer,model,34,21,0.0,1,1.0e-6,true
joint-mip-central,R9-T5-m-plus,model,34,21,0.0,kg/s,0.0001284494047619048,true
joint-mip-central,R9-T5-H-plusin,model,34,21,0.0,MW,7.599999999999999e-5,true
joint-mip-central,R9-T5-envelope,model,34,21,0.0,MW,7.599999999999999e-5,true
joint-mip-central,R9-T5-H-plusout,model,34,21,0.0,MW,7.599999999999999e-5,true
joint-mip-central,R9-T5-envelope,model,34,21,0.0,MW,7.599999999999999e-5,true
joint-mip-central,R9-T5-loss,model,34,21,8.673617379884035e-18,MW,7.599999999999999e-5,true
joint-mip-central,R9-T5-m-minus,model,34,21,0.0,kg/s,0.0001284494047619048,true
joint-mip-central,R9-T5-H-minusin,model,34,21,0.0,MW,7.599999999999999e-5,true
joint-mip-central,R9-T5-envelope,model,34,21,0.0,MW,7.599999999999999e-5,true
joint-mip-central,R9-T5-H-minusout,model,34,21,0.0,MW,7.599999999999999e-5,true
joint-mip-central,R9-T5-envelope,model,34,21,0.0,MW,7.599999999999999e-5,true
joint-mip-central,R9-T5-loss,model,34,21,0.0,MW,7.599999999999999e-5,true
joint-mip-central,R9-T5-direction,model,35,21,0.0,1,1.0e-6,true
joint-mip-central,R9-T5-integer,model,35,21,0.0,1,1.0e-6,true
joint-mip-central,R9-T5-m-plus,model,35,21,0.0,kg/s,0.0001284494047619048,true
joint-mip-central,R9-T5-H-plusin,model,35,21,0.0,MW,7.599999999999999e-5,true
joint-mip-central,R9-T5-envelope,model,35,21,0.0,MW,7.599999999999999e-5,true
joint-mip-central,R9-T5-H-plusout,model,35,21,0.0,MW,7.599999999999999e-5,true
joint-mip-central,R9-T5-envelope,model,35,21,0.0,MW,7.599999999999999e-5,true
joint-mip-central,R9-T5-loss,model,35,21,3.469446951953614e-18,MW,7.599999999999999e-5,true
joint-mip-central,R9-T5-m-minus,model,35,21,0.0,kg/s,0.0001284494047619048,true
joint-mip-central,R9-T5-H-minusin,model,35,21,0.0,MW,7.599999999999999e-5,true
joint-mip-central,R9-T5-envelope,model,35,21,0.0,MW,7.599999999999999e-5,true
joint-mip-central,R9-T5-H-minusout,model,35,21,0.0,MW,7.599999999999999e-5,true
joint-mip-central,R9-T5-envelope,model,35,21,0.0,MW,7.599999999999999e-5,true
joint-mip-central,R9-T5-loss,model,35,21,0.0,MW,7.599999999999999e-5,true
joint-mip-central,R9-T5-direction,model,36,21,0.0,1,1.0e-6,true
joint-mip-central,R9-T5-integer,model,36,21,0.0,1,1.0e-6,true
joint-mip-central,R9-T5-m-plus,model,36,21,0.0,kg/s,0.0001284494047619048,true
joint-mip-central,R9-T5-H-plusin,model,36,21,0.0,MW,7.599999999999999e-5,true
joint-mip-central,R9-T5-envelope,model,36,21,0.0,MW,7.599999999999999e-5,true
joint-mip-central,R9-T5-H-plusout,model,36,21,0.0,MW,7.599999999999999e-5,true
joint-mip-central,R9-T5-envelope,model,36,21,0.0,MW,7.599999999999999e-5,true
joint-mip-central,R9-T5-loss,model,36,21,3.469446951953614e-18,MW,7.599999999999999e-5,true
joint-mip-central,R9-T5-m-minus,model,36,21,0.0,kg/s,0.0001284494047619048,true
joint-mip-central,R9-T5-H-minusin,model,36,21,0.0,MW,7.599999999999999e-5,true
joint-mip-central,R9-T5-envelope,model,36,21,0.0,MW,7.599999999999999e-5,true
joint-mip-central,R9-T5-H-minusout,model,36,21,0.0,MW,7.599999999999999e-5,true
joint-mip-central,R9-T5-envelope,model,36,21,0.0,MW,7.599999999999999e-5,true
joint-mip-central,R9-T5-loss,model,36,21,0.0,MW,7.599999999999999e-5,true
joint-mip-central,R9-T5-direction,model,37,21,0.0,1,1.0e-6,true
joint-mip-central,R9-T5-integer,model,37,21,0.0,1,1.0e-6,true
joint-mip-central,R9-T5-m-plus,model,37,21,0.0,kg/s,0.0001284494047619048,true
joint-mip-central,R9-T5-H-plusin,model,37,21,0.0,MW,7.599999999999999e-5,true
joint-mip-central,R9-T5-envelope,model,37,21,0.0,MW,7.599999999999999e-5,true
joint-mip-central,R9-T5-H-plusout,model,37,21,0.0,MW,7.599999999999999e-5,true
joint-mip-central,R9-T5-envelope,model,37,21,0.0,MW,7.599999999999999e-5,true
joint-mip-central,R9-T5-loss,model,37,21,1.734723475976807e-18,MW,7.599999999999999e-5,true
joint-mip-central,R9-T5-m-minus,model,37,21,0.0,kg/s,0.0001284494047619048,true
joint-mip-central,R9-T5-H-minusin,model,37,21,0.0,MW,7.599999999999999e-5,true
joint-mip-central,R9-T5-envelope,model,37,21,0.0,MW,7.599999999999999e-5,true
joint-mip-central,R9-T5-H-minusout,model,37,21,0.0,MW,7.599999999999999e-5,true
joint-mip-central,R9-T5-envelope,model,37,21,0.0,MW,7.599999999999999e-5,true
joint-mip-central,R9-T5-loss,model,37,21,0.0,MW,7.599999999999999e-5,true
joint-mip-central,R9-T5-direction,model,38,21,0.0,1,1.0e-6,true
joint-mip-central,R9-T5-integer,model,38,21,0.0,1,1.0e-6,true
joint-mip-central,R9-T5-m-plus,model,38,21,0.0,kg/s,0.0001284494047619048,true
joint-mip-central,R9-T5-H-plusin,model,38,21,0.0,MW,7.599999999999999e-5,true
joint-mip-central,R9-T5-envelope,model,38,21,0.0,MW,7.599999999999999e-5,true
joint-mip-central,R9-T5-H-plusout,model,38,21,0.0,MW,7.599999999999999e-5,true
joint-mip-central,R9-T5-envelope,model,38,21,0.0,MW,7.599999999999999e-5,true
joint-mip-central,R9-T5-loss,model,38,21,0.0,MW,7.599999999999999e-5,true
joint-mip-central,R9-T5-m-minus,model,38,21,0.0,kg/s,0.0001284494047619048,true
joint-mip-central,R9-T5-H-minusin,model,38,21,0.0,MW,7.599999999999999e-5,true
joint-mip-central,R9-T5-envelope,model,38,21,0.0,MW,7.599999999999999e-5,true
joint-mip-central,R9-T5-H-minusout,model,38,21,0.0,MW,7.599999999999999e-5,true
joint-mip-central,R9-T5-envelope,model,38,21,0.0,MW,7.599999999999999e-5,true
joint-mip-central,R9-T5-loss,model,38,21,0.0,MW,7.599999999999999e-5,true
joint-mip-central,R9-T5-direction,model,39,21,0.0,1,1.0e-6,true
joint-mip-central,R9-T5-integer,model,39,21,0.0,1,1.0e-6,true
joint-mip-central,R9-T5-m-plus,model,39,21,0.0,kg/s,0.0001284494047619048,true
joint-mip-central,R9-T5-H-plusin,model,39,21,0.0,MW,7.599999999999999e-5,true
joint-mip-central,R9-T5-envelope,model,39,21,0.0,MW,7.599999999999999e-5,true
joint-mip-central,R9-T5-H-plusout,model,39,21,0.0,MW,7.599999999999999e-5,true
joint-mip-central,R9-T5-envelope,model,39,21,0.0,MW,7.599999999999999e-5,true
joint-mip-central,R9-T5-loss,model,39,21,0.0,MW,7.599999999999999e-5,true
joint-mip-central,R9-T5-m-minus,model,39,21,0.0,kg/s,0.0001284494047619048,true
joint-mip-central,R9-T5-H-minusin,model,39,21,0.0,MW,7.599999999999999e-5,true
joint-mip-central,R9-T5-envelope,model,39,21,0.0,MW,7.599999999999999e-5,true
joint-mip-central,R9-T5-H-minusout,model,39,21,0.0,MW,7.599999999999999e-5,true
joint-mip-central,R9-T5-envelope,model,39,21,0.0,MW,7.599999999999999e-5,true
joint-mip-central,R9-T5-loss,model,39,21,0.0,MW,7.599999999999999e-5,true
joint-mip-central,R9-T5-source-capacity,model,1,21,0.0,kg/s,0.0001284494047619048,true
joint-mip-central,R9-T5-load-capacity,model,1,21,0.0,kg/s,0.0001284494047619048,true
joint-mip-central,R9-T5-nonnegative-port,model,1,21,0.0,kg/s,0.0001284494047619048,true
joint-mip-central,R9-T5-port-source,model,1,21,0.0,MW,7.599999999999999e-5,true
joint-mip-central,R9-T5-nonnegative-port,model,1,21,0.0,kg/s,0.0001284494047619048,true
joint-mip-central,R9-T5-port-load,model,1,21,0.0,MW,7.599999999999999e-5,true
joint-mip-central,R9-T5-heat-balance,model,1,21,7.457368056407176e-13,MW,7.599999999999999e-5,true
joint-mip-central,R9-T5-mass-balance,model,1,21,3.552713678800501e-15,kg/s,0.0001284494047619048,true
joint-mip-central,R9-T5-source-capacity,model,2,21,0.0,kg/s,0.0001284494047619048,true
joint-mip-central,R9-T5-load-capacity,model,2,21,0.0,kg/s,0.0001284494047619048,true
joint-mip-central,R9-T5-nonnegative-port,model,2,21,0.0,kg/s,0.0001284494047619048,true
joint-mip-central,R9-T5-port-source,model,2,21,0.0,MW,7.599999999999999e-5,true
joint-mip-central,R9-T5-nonnegative-port,model,2,21,0.0,kg/s,0.0001284494047619048,true
joint-mip-central,R9-T5-port-load,model,2,21,0.0,MW,7.599999999999999e-5,true
joint-mip-central,R9-T5-heat-balance,model,2,21,0.0,MW,7.599999999999999e-5,true
joint-mip-central,R9-T5-mass-balance,model,2,21,0.0,kg/s,0.0001284494047619048,true
joint-mip-central,R9-T5-source-capacity,model,3,21,0.0,kg/s,0.0001284494047619048,true
joint-mip-central,R9-T5-load-capacity,model,3,21,0.0,kg/s,0.0001284494047619048,true
joint-mip-central,R9-T5-nonnegative-port,model,3,21,0.0,kg/s,0.0001284494047619048,true
joint-mip-central,R9-T5-port-source,model,3,21,0.0,MW,7.599999999999999e-5,true
joint-mip-central,R9-T5-nonnegative-port,model,3,21,0.0,kg/s,0.0001284494047619048,true
joint-mip-central,R9-T5-port-load,model,3,21,0.0,MW,7.599999999999999e-5,true
joint-mip-central,R9-T5-heat-balance,model,3,21,1.4030998585212728e-12,MW,7.599999999999999e-5,true
joint-mip-central,R9-T5-mass-balance,model,3,21,1.4068746168049984e-12,kg/s,0.0001284494047619048,true
joint-mip-central,R9-T5-source-capacity,model,4,21,0.0,kg/s,0.0001284494047619048,true
joint-mip-central,R9-T5-load-capacity,model,4,21,0.0,kg/s,0.0001284494047619048,true
joint-mip-central,R9-T5-nonnegative-port,model,4,21,0.0,kg/s,0.0001284494047619048,true
joint-mip-central,R9-T5-port-source,model,4,21,0.0,MW,7.599999999999999e-5,true
joint-mip-central,R9-T5-nonnegative-port,model,4,21,0.0,kg/s,0.0001284494047619048,true
joint-mip-central,R9-T5-port-load,model,4,21,0.0,MW,7.599999999999999e-5,true
joint-mip-central,R9-T5-heat-balance,model,4,21,0.0,MW,7.599999999999999e-5,true
joint-mip-central,R9-T5-mass-balance,model,4,21,0.0,kg/s,0.0001284494047619048,true
joint-mip-central,R9-T5-source-capacity,model,5,21,0.0,kg/s,0.0001284494047619048,true
joint-mip-central,R9-T5-load-capacity,model,5,21,0.0,kg/s,0.0001284494047619048,true
joint-mip-central,R9-T5-nonnegative-port,model,5,21,0.0,kg/s,0.0001284494047619048,true
joint-mip-central,R9-T5-port-source,model,5,21,0.0,MW,7.599999999999999e-5,true
joint-mip-central,R9-T5-nonnegative-port,model,5,21,0.0,kg/s,0.0001284494047619048,true
joint-mip-central,R9-T5-port-load,model,5,21,0.0,MW,7.599999999999999e-5,true
joint-mip-central,R9-T5-heat-balance,model,5,21,7.023409631656818e-13,MW,7.599999999999999e-5,true
joint-mip-central,R9-T5-mass-balance,model,5,21,4.440892098500626e-16,kg/s,0.0001284494047619048,true
joint-mip-central,R9-T5-source-capacity,model,6,21,0.0,kg/s,0.0001284494047619048,true
joint-mip-central,R9-T5-load-capacity,model,6,21,0.0,kg/s,0.0001284494047619048,true
joint-mip-central,R9-T5-nonnegative-port,model,6,21,0.0,kg/s,0.0001284494047619048,true
joint-mip-central,R9-T5-port-source,model,6,21,0.0,MW,7.599999999999999e-5,true
joint-mip-central,R9-T5-nonnegative-port,model,6,21,0.0,kg/s,0.0001284494047619048,true
joint-mip-central,R9-T5-port-load,model,6,21,0.0,MW,7.599999999999999e-5,true
joint-mip-central,R9-T5-heat-balance,model,6,21,0.0,MW,7.599999999999999e-5,true
joint-mip-central,R9-T5-mass-balance,model,6,21,0.0,kg/s,0.0001284494047619048,true
joint-mip-central,R9-T5-source-capacity,model,7,21,0.0,kg/s,0.0001284494047619048,true
joint-mip-central,R9-T5-load-capacity,model,7,21,0.0,kg/s,0.0001284494047619048,true
joint-mip-central,R9-T5-nonnegative-port,model,7,21,0.0,kg/s,0.0001284494047619048,true
joint-mip-central,R9-T5-port-source,model,7,21,0.0,MW,7.599999999999999e-5,true
joint-mip-central,R9-T5-nonnegative-port,model,7,21,0.0,kg/s,0.0001284494047619048,true
joint-mip-central,R9-T5-port-load,model,7,21,3.469446951953614e-17,MW,7.599999999999999e-5,true
joint-mip-central,R9-T5-heat-balance,model,7,21,2.1068702338311596e-12,MW,7.599999999999999e-5,true
joint-mip-central,R9-T5-mass-balance,model,7,21,2.220446049250313e-16,kg/s,0.0001284494047619048,true
joint-mip-central,R9-T5-source-capacity,model,8,21,0.0,kg/s,0.0001284494047619048,true
joint-mip-central,R9-T5-load-capacity,model,8,21,0.0,kg/s,0.0001284494047619048,true
joint-mip-central,R9-T5-nonnegative-port,model,8,21,0.0,kg/s,0.0001284494047619048,true
joint-mip-central,R9-T5-port-source,model,8,21,0.0,MW,7.599999999999999e-5,true
joint-mip-central,R9-T5-nonnegative-port,model,8,21,0.0,kg/s,0.0001284494047619048,true
joint-mip-central,R9-T5-port-load,model,8,21,3.469446951953614e-17,MW,7.599999999999999e-5,true
joint-mip-central,R9-T5-heat-balance,model,8,21,5.551115123125783e-17,MW,7.599999999999999e-5,true
joint-mip-central,R9-T5-mass-balance,model,8,21,4.440892098500626e-16,kg/s,0.0001284494047619048,true
joint-mip-central,R9-T5-source-capacity,model,9,21,0.0,kg/s,0.0001284494047619048,true
joint-mip-central,R9-T5-load-capacity,model,9,21,0.0,kg/s,0.0001284494047619048,true
joint-mip-central,R9-T5-nonnegative-port,model,9,21,0.0,kg/s,0.0001284494047619048,true
joint-mip-central,R9-T5-port-source,model,9,21,0.0,MW,7.599999999999999e-5,true
joint-mip-central,R9-T5-nonnegative-port,model,9,21,0.0,kg/s,0.0001284494047619048,true
joint-mip-central,R9-T5-port-load,model,9,21,3.469446951953614e-17,MW,7.599999999999999e-5,true
joint-mip-central,R9-T5-heat-balance,model,9,21,5.551115123125783e-17,MW,7.599999999999999e-5,true
joint-mip-central,R9-T5-mass-balance,model,9,21,4.440892098500626e-16,kg/s,0.0001284494047619048,true
joint-mip-central,R9-T5-source-capacity,model,10,21,0.0,kg/s,0.0001284494047619048,true
joint-mip-central,R9-T5-load-capacity,model,10,21,0.0,kg/s,0.0001284494047619048,true
joint-mip-central,R9-T5-nonnegative-port,model,10,21,0.0,kg/s,0.0001284494047619048,true
joint-mip-central,R9-T5-port-source,model,10,21,0.0,MW,7.599999999999999e-5,true
joint-mip-central,R9-T5-nonnegative-port,model,10,21,0.0,kg/s,0.0001284494047619048,true
joint-mip-central,R9-T5-port-load,model,10,21,0.0,MW,7.599999999999999e-5,true
joint-mip-central,R9-T5-heat-balance,model,10,21,0.0,MW,7.599999999999999e-5,true
joint-mip-central,R9-T5-mass-balance,model,10,21,2.809530386116421e-12,kg/s,0.0001284494047619048,true
joint-mip-central,R9-T5-source-capacity,model,11,21,0.0,kg/s,0.0001284494047619048,true
joint-mip-central,R9-T5-load-capacity,model,11,21,0.0,kg/s,0.0001284494047619048,true
joint-mip-central,R9-T5-nonnegative-port,model,11,21,0.0,kg/s,0.0001284494047619048,true
joint-mip-central,R9-T5-port-source,model,11,21,0.0,MW,7.599999999999999e-5,true
joint-mip-central,R9-T5-nonnegative-port,model,11,21,0.0,kg/s,0.0001284494047619048,true
joint-mip-central,R9-T5-port-load,model,11,21,0.0,MW,7.599999999999999e-5,true
joint-mip-central,R9-T5-heat-balance,model,11,21,0.0,MW,7.599999999999999e-5,true
joint-mip-central,R9-T5-mass-balance,model,11,21,2.809530386116421e-12,kg/s,0.0001284494047619048,true
joint-mip-central,R9-T5-source-capacity,model,12,21,0.0,kg/s,0.0001284494047619048,true
joint-mip-central,R9-T5-load-capacity,model,12,21,0.0,kg/s,0.0001284494047619048,true
joint-mip-central,R9-T5-nonnegative-port,model,12,21,0.0,kg/s,0.0001284494047619048,true
joint-mip-central,R9-T5-port-source,model,12,21,0.0,MW,7.599999999999999e-5,true
joint-mip-central,R9-T5-nonnegative-port,model,12,21,0.0,kg/s,0.0001284494047619048,true
joint-mip-central,R9-T5-port-load,model,12,21,0.0,MW,7.599999999999999e-5,true
joint-mip-central,R9-T5-heat-balance,model,12,21,0.0,MW,7.599999999999999e-5,true
joint-mip-central,R9-T5-mass-balance,model,12,21,2.809530386116421e-12,kg/s,0.0001284494047619048,true
joint-mip-central,R9-T5-source-capacity,model,13,21,0.0,kg/s,0.0001284494047619048,true
joint-mip-central,R9-T5-load-capacity,model,13,21,0.0,kg/s,0.0001284494047619048,true
joint-mip-central,R9-T5-nonnegative-port,model,13,21,0.0,kg/s,0.0001284494047619048,true
joint-mip-central,R9-T5-port-source,model,13,21,0.0,MW,7.599999999999999e-5,true
joint-mip-central,R9-T5-nonnegative-port,model,13,21,0.0,kg/s,0.0001284494047619048,true
joint-mip-central,R9-T5-port-load,model,13,21,0.0,MW,7.599999999999999e-5,true
joint-mip-central,R9-T5-heat-balance,model,13,21,6.938893903907228e-18,MW,7.599999999999999e-5,true
joint-mip-central,R9-T5-mass-balance,model,13,21,3.885780586188048e-16,kg/s,0.0001284494047619048,true
joint-mip-central,R9-T5-source-capacity,model,14,21,0.0,kg/s,0.0001284494047619048,true
joint-mip-central,R9-T5-load-capacity,model,14,21,0.0,kg/s,0.0001284494047619048,true
joint-mip-central,R9-T5-nonnegative-port,model,14,21,0.0,kg/s,0.0001284494047619048,true
joint-mip-central,R9-T5-port-source,model,14,21,0.0,MW,7.599999999999999e-5,true
joint-mip-central,R9-T5-nonnegative-port,model,14,21,0.0,kg/s,0.0001284494047619048,true
joint-mip-central,R9-T5-port-load,model,14,21,0.0,MW,7.599999999999999e-5,true
joint-mip-central,R9-T5-heat-balance,model,14,21,0.0,MW,7.599999999999999e-5,true
joint-mip-central,R9-T5-mass-balance,model,14,21,0.0,kg/s,0.0001284494047619048,true
joint-mip-central,R9-T5-source-capacity,model,15,21,0.0,kg/s,0.0001284494047619048,true
joint-mip-central,R9-T5-load-capacity,model,15,21,0.0,kg/s,0.0001284494047619048,true
joint-mip-central,R9-T5-nonnegative-port,model,15,21,0.0,kg/s,0.0001284494047619048,true
joint-mip-central,R9-T5-port-source,model,15,21,0.0,MW,7.599999999999999e-5,true
joint-mip-central,R9-T5-nonnegative-port,model,15,21,0.0,kg/s,0.0001284494047619048,true
joint-mip-central,R9-T5-port-load,model,15,21,0.0,MW,7.599999999999999e-5,true
joint-mip-central,R9-T5-heat-balance,model,15,21,1.4243051182916133e-12,MW,7.599999999999999e-5,true
joint-mip-central,R9-T5-mass-balance,model,15,21,4.215294779896794e-12,kg/s,0.0001284494047619048,true
joint-mip-central,R9-T5-source-capacity,model,16,21,0.0,kg/s,0.0001284494047619048,true
joint-mip-central,R9-T5-load-capacity,model,16,21,0.0,kg/s,0.0001284494047619048,true
joint-mip-central,R9-T5-nonnegative-port,model,16,21,0.0,kg/s,0.0001284494047619048,true
joint-mip-central,R9-T5-port-source,model,16,21,0.0,MW,7.599999999999999e-5,true
joint-mip-central,R9-T5-nonnegative-port,model,16,21,0.0,kg/s,0.0001284494047619048,true
joint-mip-central,R9-T5-port-load,model,16,21,0.0,MW,7.599999999999999e-5,true
joint-mip-central,R9-T5-heat-balance,model,16,21,0.0,MW,7.599999999999999e-5,true
joint-mip-central,R9-T5-mass-balance,model,16,21,2.220446049250313e-16,kg/s,0.0001284494047619048,true
joint-mip-central,R9-T5-source-capacity,model,17,21,0.0,kg/s,0.0001284494047619048,true
joint-mip-central,R9-T5-load-capacity,model,17,21,0.0,kg/s,0.0001284494047619048,true
joint-mip-central,R9-T5-nonnegative-port,model,17,21,0.0,kg/s,0.0001284494047619048,true
joint-mip-central,R9-T5-port-source,model,17,21,0.0,MW,7.599999999999999e-5,true
joint-mip-central,R9-T5-nonnegative-port,model,17,21,0.0,kg/s,0.0001284494047619048,true
joint-mip-central,R9-T5-port-load,model,17,21,0.0,MW,7.599999999999999e-5,true
joint-mip-central,R9-T5-heat-balance,model,17,21,0.0,MW,7.599999999999999e-5,true
joint-mip-central,R9-T5-mass-balance,model,17,21,8.881784197001252e-16,kg/s,0.0001284494047619048,true
joint-mip-central,R9-T5-source-capacity,model,18,21,0.0,kg/s,0.0001284494047619048,true
joint-mip-central,R9-T5-load-capacity,model,18,21,0.0,kg/s,0.0001284494047619048,true
joint-mip-central,R9-T5-nonnegative-port,model,18,21,0.0,kg/s,0.0001284494047619048,true
joint-mip-central,R9-T5-port-source,model,18,21,0.0,MW,7.599999999999999e-5,true
joint-mip-central,R9-T5-nonnegative-port,model,18,21,0.0,kg/s,0.0001284494047619048,true
joint-mip-central,R9-T5-port-load,model,18,21,0.0,MW,7.599999999999999e-5,true
joint-mip-central,R9-T5-heat-balance,model,18,21,8.326672684688674e-17,MW,7.599999999999999e-5,true
joint-mip-central,R9-T5-mass-balance,model,18,21,4.440892098500626e-16,kg/s,0.0001284494047619048,true
joint-mip-central,R9-T5-source-capacity,model,19,21,0.0,kg/s,0.0001284494047619048,true
joint-mip-central,R9-T5-load-capacity,model,19,21,0.0,kg/s,0.0001284494047619048,true
joint-mip-central,R9-T5-nonnegative-port,model,19,21,0.0,kg/s,0.0001284494047619048,true
joint-mip-central,R9-T5-port-source,model,19,21,0.0,MW,7.599999999999999e-5,true
joint-mip-central,R9-T5-nonnegative-port,model,19,21,0.0,kg/s,0.0001284494047619048,true
joint-mip-central,R9-T5-port-load,model,19,21,0.0,MW,7.599999999999999e-5,true
joint-mip-central,R9-T5-heat-balance,model,19,21,1.3877787807814457e-17,MW,7.599999999999999e-5,true
joint-mip-central,R9-T5-mass-balance,model,19,21,4.884981308350689e-15,kg/s,0.0001284494047619048,true
joint-mip-central,R9-T5-source-capacity,model,20,21,0.0,kg/s,0.0001284494047619048,true
joint-mip-central,R9-T5-load-capacity,model,20,21,0.0,kg/s,0.0001284494047619048,true
joint-mip-central,R9-T5-nonnegative-port,model,20,21,0.0,kg/s,0.0001284494047619048,true
joint-mip-central,R9-T5-port-source,model,20,21,0.0,MW,7.599999999999999e-5,true
joint-mip-central,R9-T5-nonnegative-port,model,20,21,0.0,kg/s,0.0001284494047619048,true
joint-mip-central,R9-T5-port-load,model,20,21,0.0,MW,7.599999999999999e-5,true
joint-mip-central,R9-T5-heat-balance,model,20,21,0.0,MW,7.599999999999999e-5,true
joint-mip-central,R9-T5-mass-balance,model,20,21,0.0,kg/s,0.0001284494047619048,true
joint-mip-central,R9-T5-source-capacity,model,21,21,0.0,kg/s,0.0001284494047619048,true
joint-mip-central,R9-T5-load-capacity,model,21,21,0.0,kg/s,0.0001284494047619048,true
joint-mip-central,R9-T5-nonnegative-port,model,21,21,0.0,kg/s,0.0001284494047619048,true
joint-mip-central,R9-T5-port-source,model,21,21,0.0,MW,7.599999999999999e-5,true
joint-mip-central,R9-T5-nonnegative-port,model,21,21,0.0,kg/s,0.0001284494047619048,true
joint-mip-central,R9-T5-port-load,model,21,21,0.0,MW,7.599999999999999e-5,true
joint-mip-central,R9-T5-heat-balance,model,21,21,6.938893903907228e-18,MW,7.599999999999999e-5,true
joint-mip-central,R9-T5-mass-balance,model,21,21,0.0,kg/s,0.0001284494047619048,true
joint-mip-central,R9-T5-source-capacity,model,22,21,0.0,kg/s,0.0001284494047619048,true
joint-mip-central,R9-T5-load-capacity,model,22,21,0.0,kg/s,0.0001284494047619048,true
joint-mip-central,R9-T5-nonnegative-port,model,22,21,0.0,kg/s,0.0001284494047619048,true
joint-mip-central,R9-T5-port-source,model,22,21,0.0,MW,7.599999999999999e-5,true
joint-mip-central,R9-T5-nonnegative-port,model,22,21,0.0,kg/s,0.0001284494047619048,true
joint-mip-central,R9-T5-port-load,model,22,21,0.0,MW,7.599999999999999e-5,true
joint-mip-central,R9-T5-heat-balance,model,22,21,0.0,MW,7.599999999999999e-5,true
joint-mip-central,R9-T5-mass-balance,model,22,21,0.0,kg/s,0.0001284494047619048,true
joint-mip-central,R9-T5-source-capacity,model,23,21,0.0,kg/s,0.0001284494047619048,true
joint-mip-central,R9-T5-load-capacity,model,23,21,0.0,kg/s,0.0001284494047619048,true
joint-mip-central,R9-T5-nonnegative-port,model,23,21,0.0,kg/s,0.0001284494047619048,true
joint-mip-central,R9-T5-port-source,model,23,21,0.0,MW,7.599999999999999e-5,true
joint-mip-central,R9-T5-nonnegative-port,model,23,21,0.0,kg/s,0.0001284494047619048,true
joint-mip-central,R9-T5-port-load,model,23,21,0.0,MW,7.599999999999999e-5,true
joint-mip-central,R9-T5-heat-balance,model,23,21,0.0,MW,7.599999999999999e-5,true
joint-mip-central,R9-T5-mass-balance,model,23,21,0.0,kg/s,0.0001284494047619048,true
joint-mip-central,R9-T5-source-capacity,model,24,21,0.0,kg/s,0.0001284494047619048,true
joint-mip-central,R9-T5-load-capacity,model,24,21,0.0,kg/s,0.0001284494047619048,true
joint-mip-central,R9-T5-nonnegative-port,model,24,21,0.0,kg/s,0.0001284494047619048,true
joint-mip-central,R9-T5-port-source,model,24,21,0.0,MW,7.599999999999999e-5,true
joint-mip-central,R9-T5-nonnegative-port,model,24,21,0.0,kg/s,0.0001284494047619048,true
joint-mip-central,R9-T5-port-load,model,24,21,0.0,MW,7.599999999999999e-5,true
joint-mip-central,R9-T5-heat-balance,model,24,21,0.0,MW,7.599999999999999e-5,true
joint-mip-central,R9-T5-mass-balance,model,24,21,2.8101965199311962e-12,kg/s,0.0001284494047619048,true
joint-mip-central,R9-T5-source-capacity,model,25,21,0.0,kg/s,0.0001284494047619048,true
joint-mip-central,R9-T5-load-capacity,model,25,21,0.0,kg/s,0.0001284494047619048,true
joint-mip-central,R9-T5-nonnegative-port,model,25,21,0.0,kg/s,0.0001284494047619048,true
joint-mip-central,R9-T5-port-source,model,25,21,0.0,MW,7.599999999999999e-5,true
joint-mip-central,R9-T5-nonnegative-port,model,25,21,0.0,kg/s,0.0001284494047619048,true
joint-mip-central,R9-T5-port-load,model,25,21,0.0,MW,7.599999999999999e-5,true
joint-mip-central,R9-T5-heat-balance,model,25,21,0.0,MW,7.599999999999999e-5,true
joint-mip-central,R9-T5-mass-balance,model,25,21,2.8101965199311962e-12,kg/s,0.0001284494047619048,true
joint-mip-central,R9-T5-source-capacity,model,26,21,0.0,kg/s,0.0001284494047619048,true
joint-mip-central,R9-T5-load-capacity,model,26,21,0.0,kg/s,0.0001284494047619048,true
joint-mip-central,R9-T5-nonnegative-port,model,26,21,0.0,kg/s,0.0001284494047619048,true
joint-mip-central,R9-T5-port-source,model,26,21,0.0,MW,7.599999999999999e-5,true
joint-mip-central,R9-T5-nonnegative-port,model,26,21,0.0,kg/s,0.0001284494047619048,true
joint-mip-central,R9-T5-port-load,model,26,21,0.0,MW,7.599999999999999e-5,true
joint-mip-central,R9-T5-heat-balance,model,26,21,6.796924134633286e-13,MW,7.599999999999999e-5,true
joint-mip-central,R9-T5-mass-balance,model,26,21,1.887379141862766e-15,kg/s,0.0001284494047619048,true
joint-mip-central,R9-T5-source-capacity,model,27,21,0.0,kg/s,0.0001284494047619048,true
joint-mip-central,R9-T5-load-capacity,model,27,21,0.0,kg/s,0.0001284494047619048,true
joint-mip-central,R9-T5-nonnegative-port,model,27,21,0.0,kg/s,0.0001284494047619048,true
joint-mip-central,R9-T5-port-source,model,27,21,0.0,MW,7.599999999999999e-5,true
joint-mip-central,R9-T5-nonnegative-port,model,27,21,0.0,kg/s,0.0001284494047619048,true
joint-mip-central,R9-T5-port-load,model,27,21,0.0,MW,7.599999999999999e-5,true
joint-mip-central,R9-T5-heat-balance,model,27,21,0.0,MW,7.599999999999999e-5,true
joint-mip-central,R9-T5-mass-balance,model,27,21,0.0,kg/s,0.0001284494047619048,true
joint-mip-central,R9-T5-source-capacity,model,28,21,0.0,kg/s,0.0001284494047619048,true
joint-mip-central,R9-T5-load-capacity,model,28,21,0.0,kg/s,0.0001284494047619048,true
joint-mip-central,R9-T5-nonnegative-port,model,28,21,0.0,kg/s,0.0001284494047619048,true
joint-mip-central,R9-T5-port-source,model,28,21,0.0,MW,7.599999999999999e-5,true
joint-mip-central,R9-T5-nonnegative-port,model,28,21,0.0,kg/s,0.0001284494047619048,true
joint-mip-central,R9-T5-port-load,model,28,21,0.0,MW,7.599999999999999e-5,true
joint-mip-central,R9-T5-heat-balance,model,28,21,0.0,MW,7.599999999999999e-5,true
joint-mip-central,R9-T5-mass-balance,model,28,21,0.0,kg/s,0.0001284494047619048,true
joint-mip-central,R9-T5-source-capacity,model,29,21,0.0,kg/s,0.0001284494047619048,true
joint-mip-central,R9-T5-load-capacity,model,29,21,0.0,kg/s,0.0001284494047619048,true
joint-mip-central,R9-T5-nonnegative-port,model,29,21,0.0,kg/s,0.0001284494047619048,true
joint-mip-central,R9-T5-port-source,model,29,21,0.0,MW,7.599999999999999e-5,true
joint-mip-central,R9-T5-nonnegative-port,model,29,21,0.0,kg/s,0.0001284494047619048,true
joint-mip-central,R9-T5-port-load,model,29,21,0.0,MW,7.599999999999999e-5,true
joint-mip-central,R9-T5-heat-balance,model,29,21,2.7755575615628914e-17,MW,7.599999999999999e-5,true
joint-mip-central,R9-T5-mass-balance,model,29,21,5.10702591327572e-15,kg/s,0.0001284494047619048,true
joint-mip-central,R9-T5-source-capacity,model,30,21,0.0,kg/s,0.0001284494047619048,true
joint-mip-central,R9-T5-load-capacity,model,30,21,0.0,kg/s,0.0001284494047619048,true
joint-mip-central,R9-T5-nonnegative-port,model,30,21,0.0,kg/s,0.0001284494047619048,true
joint-mip-central,R9-T5-port-source,model,30,21,0.0,MW,7.599999999999999e-5,true
joint-mip-central,R9-T5-nonnegative-port,model,30,21,0.0,kg/s,0.0001284494047619048,true
joint-mip-central,R9-T5-port-load,model,30,21,0.0,MW,7.599999999999999e-5,true
joint-mip-central,R9-T5-heat-balance,model,30,21,6.938893903907228e-18,MW,7.599999999999999e-5,true
joint-mip-central,R9-T5-mass-balance,model,30,21,0.0,kg/s,0.0001284494047619048,true
joint-mip-central,R9-T5-source-capacity,model,31,21,0.0,kg/s,0.0001284494047619048,true
joint-mip-central,R9-T5-load-capacity,model,31,21,0.0,kg/s,0.0001284494047619048,true
joint-mip-central,R9-T5-nonnegative-port,model,31,21,0.0,kg/s,0.0001284494047619048,true
joint-mip-central,R9-T5-port-source,model,31,21,0.0,MW,7.599999999999999e-5,true
joint-mip-central,R9-T5-nonnegative-port,model,31,21,0.0,kg/s,0.0001284494047619048,true
joint-mip-central,R9-T5-port-load,model,31,21,0.0,MW,7.599999999999999e-5,true
joint-mip-central,R9-T5-heat-balance,model,31,21,0.0,MW,7.599999999999999e-5,true
joint-mip-central,R9-T5-mass-balance,model,31,21,0.0,kg/s,0.0001284494047619048,true
joint-mip-central,R9-T5-source-capacity,model,32,21,0.0,kg/s,0.0001284494047619048,true
joint-mip-central,R9-T5-load-capacity,model,32,21,0.0,kg/s,0.0001284494047619048,true
joint-mip-central,R9-T5-nonnegative-port,model,32,21,0.0,kg/s,0.0001284494047619048,true
joint-mip-central,R9-T5-port-source,model,32,21,0.0,MW,7.599999999999999e-5,true
joint-mip-central,R9-T5-nonnegative-port,model,32,21,0.0,kg/s,0.0001284494047619048,true
joint-mip-central,R9-T5-port-load,model,32,21,0.0,MW,7.599999999999999e-5,true
joint-mip-central,R9-T5-heat-balance,model,32,21,1.3877787807814457e-17,MW,7.599999999999999e-5,true
joint-mip-central,R9-T5-mass-balance,model,32,21,4.440892098500626e-16,kg/s,0.0001284494047619048,true
joint-mip-central,R9-T5-source-capacity,model,33,21,0.0,kg/s,0.0001284494047619048,true
joint-mip-central,R9-T5-load-capacity,model,33,21,0.0,kg/s,0.0001284494047619048,true
joint-mip-central,R9-T5-nonnegative-port,model,33,21,0.0,kg/s,0.0001284494047619048,true
joint-mip-central,R9-T5-port-source,model,33,21,0.0,MW,7.599999999999999e-5,true
joint-mip-central,R9-T5-nonnegative-port,model,33,21,0.0,kg/s,0.0001284494047619048,true
joint-mip-central,R9-T5-port-load,model,33,21,0.0,MW,7.599999999999999e-5,true
joint-mip-central,R9-T5-heat-balance,model,33,21,6.938893903907228e-18,MW,7.599999999999999e-5,true
joint-mip-central,R9-T5-mass-balance,model,33,21,4.440892098500626e-16,kg/s,0.0001284494047619048,true
joint-mip-central,R9-T5-source-capacity,model,34,21,0.0,kg/s,0.0001284494047619048,true
joint-mip-central,R9-T5-load-capacity,model,34,21,0.0,kg/s,0.0001284494047619048,true
joint-mip-central,R9-T5-nonnegative-port,model,34,21,0.0,kg/s,0.0001284494047619048,true
joint-mip-central,R9-T5-port-source,model,34,21,0.0,MW,7.599999999999999e-5,true
joint-mip-central,R9-T5-nonnegative-port,model,34,21,0.0,kg/s,0.0001284494047619048,true
joint-mip-central,R9-T5-port-load,model,34,21,0.0,MW,7.599999999999999e-5,true
joint-mip-central,R9-T5-heat-balance,model,34,21,0.0,MW,7.599999999999999e-5,true
joint-mip-central,R9-T5-mass-balance,model,34,21,0.0,kg/s,0.0001284494047619048,true
joint-mip-central,R9-T5-source-capacity,model,35,21,0.0,kg/s,0.0001284494047619048,true
joint-mip-central,R9-T5-load-capacity,model,35,21,0.0,kg/s,0.0001284494047619048,true
joint-mip-central,R9-T5-nonnegative-port,model,35,21,0.0,kg/s,0.0001284494047619048,true
joint-mip-central,R9-T5-port-source,model,35,21,0.0,MW,7.599999999999999e-5,true
joint-mip-central,R9-T5-nonnegative-port,model,35,21,0.0,kg/s,0.0001284494047619048,true
joint-mip-central,R9-T5-port-load,model,35,21,3.469446951953614e-17,MW,7.599999999999999e-5,true
joint-mip-central,R9-T5-heat-balance,model,35,21,0.0,MW,7.599999999999999e-5,true
joint-mip-central,R9-T5-mass-balance,model,35,21,0.0,kg/s,0.0001284494047619048,true
joint-mip-central,R9-T5-source-capacity,model,36,21,0.0,kg/s,0.0001284494047619048,true
joint-mip-central,R9-T5-load-capacity,model,36,21,0.0,kg/s,0.0001284494047619048,true
joint-mip-central,R9-T5-nonnegative-port,model,36,21,0.0,kg/s,0.0001284494047619048,true
joint-mip-central,R9-T5-port-source,model,36,21,0.0,MW,7.599999999999999e-5,true
joint-mip-central,R9-T5-nonnegative-port,model,36,21,0.0,kg/s,0.0001284494047619048,true
joint-mip-central,R9-T5-port-load,model,36,21,0.0,MW,7.599999999999999e-5,true
joint-mip-central,R9-T5-heat-balance,model,36,21,1.3877787807814457e-17,MW,7.599999999999999e-5,true
joint-mip-central,R9-T5-mass-balance,model,36,21,4.884981308350689e-15,kg/s,0.0001284494047619048,true
joint-mip-central,R9-T5-source-capacity,model,37,21,0.0,kg/s,0.0001284494047619048,true
joint-mip-central,R9-T5-load-capacity,model,37,21,0.0,kg/s,0.0001284494047619048,true
joint-mip-central,R9-T5-nonnegative-port,model,37,21,0.0,kg/s,0.0001284494047619048,true
joint-mip-central,R9-T5-port-source,model,37,21,0.0,MW,7.599999999999999e-5,true
joint-mip-central,R9-T5-nonnegative-port,model,37,21,0.0,kg/s,0.0001284494047619048,true
joint-mip-central,R9-T5-port-load,model,37,21,0.0,MW,7.599999999999999e-5,true
joint-mip-central,R9-T5-heat-balance,model,37,21,6.938893903907228e-18,MW,7.599999999999999e-5,true
joint-mip-central,R9-T5-mass-balance,model,37,21,0.0,kg/s,0.0001284494047619048,true
joint-mip-central,R9-T5-source-capacity,model,38,21,0.0,kg/s,0.0001284494047619048,true
joint-mip-central,R9-T5-load-capacity,model,38,21,0.0,kg/s,0.0001284494047619048,true
joint-mip-central,R9-T5-nonnegative-port,model,38,21,0.0,kg/s,0.0001284494047619048,true
joint-mip-central,R9-T5-port-source,model,38,21,0.0,MW,7.599999999999999e-5,true
joint-mip-central,R9-T5-nonnegative-port,model,38,21,0.0,kg/s,0.0001284494047619048,true
joint-mip-central,R9-T5-port-load,model,38,21,0.0,MW,7.599999999999999e-5,true
joint-mip-central,R9-T5-heat-balance,model,38,21,0.0,MW,7.599999999999999e-5,true
joint-mip-central,R9-T5-mass-balance,model,38,21,0.0,kg/s,0.0001284494047619048,true
joint-mip-central,R9-T4-P-grid,model,0,22,0.0,MW,7.599999999999999e-5,true
joint-mip-central,R9-T4-Q-grid,model,0,22,0.0,Mvar,7.599999999999999e-5,true
joint-mip-central,R9-T4-root,model,44,22,0.0,1,1.0e-6,true
joint-mip-central,R9-T4-P,model,1,22,0.0,pu,1.0e-6,true
joint-mip-central,R9-T4-Q,model,1,22,0.0,pu,1.0e-6,true
joint-mip-central,R9-T4-ell,model,1,22,0.0,pu²,1.0e-6,true
joint-mip-central,ch04-032,model,1,22,7.028704218616704e-13,pu²,1.0e-6,true
joint-mip-central,R9-T4-grid,model,1,22,0.0,pu²,1.0e-6,true
joint-mip-central,R9-T4-original-grid,electric_original,1,22,1.372886855588451e-8,pu²,1.0e-6,true
joint-mip-central,R9-T4-P,model,2,22,0.0,pu,1.0e-6,true
joint-mip-central,R9-T4-Q,model,2,22,0.0,pu,1.0e-6,true
joint-mip-central,R9-T4-ell,model,2,22,0.0,pu²,1.0e-6,true
joint-mip-central,ch04-032,model,2,22,7.024049313056167e-13,pu²,1.0e-6,true
joint-mip-central,R9-T4-grid,model,2,22,0.0,pu²,1.0e-6,true
joint-mip-central,R9-T4-original-grid,electric_original,2,22,4.758148132444351e-9,pu²,1.0e-6,true
joint-mip-central,R9-T4-P,model,3,22,0.0,pu,1.0e-6,true
joint-mip-central,R9-T4-Q,model,3,22,0.0,pu,1.0e-6,true
joint-mip-central,R9-T4-ell,model,3,22,0.0,pu²,1.0e-6,true
joint-mip-central,ch04-032,model,3,22,5.022960544473856e-13,pu²,1.0e-6,true
joint-mip-central,R9-T4-grid,model,3,22,0.0,pu²,1.0e-6,true
joint-mip-central,R9-T4-original-grid,electric_original,3,22,6.644682048508044e-10,pu²,1.0e-6,true
joint-mip-central,R9-T4-P,model,4,22,0.0,pu,1.0e-6,true
joint-mip-central,R9-T4-Q,model,4,22,0.0,pu,1.0e-6,true
joint-mip-central,R9-T4-ell,model,4,22,0.0,pu²,1.0e-6,true
joint-mip-central,ch04-032,model,4,22,5.016984896437566e-13,pu²,1.0e-6,true
joint-mip-central,R9-T4-grid,model,4,22,0.0,pu²,1.0e-6,true
joint-mip-central,R9-T4-original-grid,electric_original,4,22,2.7144065716921267e-10,pu²,1.0e-6,true
joint-mip-central,R9-T4-P,model,5,22,0.0,pu,1.0e-6,true
joint-mip-central,R9-T4-Q,model,5,22,0.0,pu,1.0e-6,true
joint-mip-central,R9-T4-ell,model,5,22,0.0,pu²,1.0e-6,true
joint-mip-central,ch04-032,model,5,22,7.054966343856216e-13,pu²,1.0e-6,true
joint-mip-central,R9-T4-grid,model,5,22,0.0,pu²,1.0e-6,true
joint-mip-central,R9-T4-original-grid,electric_original,5,22,1.9209673256378665e-10,pu²,1.0e-6,true
joint-mip-central,R9-T4-P,model,6,22,0.0,pu,1.0e-6,true
joint-mip-central,R9-T4-Q,model,6,22,0.0,pu,1.0e-6,true
joint-mip-central,R9-T4-ell,model,6,22,0.0,pu²,1.0e-6,true
joint-mip-central,ch04-032,model,6,22,6.97641206787072e-13,pu²,1.0e-6,true
joint-mip-central,R9-T4-grid,model,6,22,0.0,pu²,1.0e-6,true
joint-mip-central,R9-T4-original-grid,electric_original,6,22,1.319863090755392e-10,pu²,1.0e-6,true
joint-mip-central,R9-T4-P,model,7,22,0.0,pu,1.0e-6,true
joint-mip-central,R9-T4-Q,model,7,22,0.0,pu,1.0e-6,true
joint-mip-central,R9-T4-ell,model,7,22,0.0,pu²,1.0e-6,true
joint-mip-central,ch04-032,model,7,22,3.7370246599912477e-17,pu²,1.0e-6,true
joint-mip-central,R9-T4-grid,model,7,22,0.0,pu²,1.0e-6,true
joint-mip-central,R9-T4-original-grid,electric_original,7,22,6.422721478738149e-11,pu²,1.0e-6,true
joint-mip-central,R9-T4-P,model,8,22,0.0,pu,1.0e-6,true
joint-mip-central,R9-T4-Q,model,8,22,0.0,pu,1.0e-6,true
joint-mip-central,R9-T4-ell,model,8,22,0.0,pu²,1.0e-6,true
joint-mip-central,ch04-032,model,8,22,7.828746767983639e-13,pu²,1.0e-6,true
joint-mip-central,R9-T4-grid,model,8,22,0.0,pu²,1.0e-6,true
joint-mip-central,R9-T4-original-grid,electric_original,8,22,1.064668736722521e-8,pu²,1.0e-6,true
joint-mip-central,R9-T4-P,model,9,22,0.0,pu,1.0e-6,true
joint-mip-central,R9-T4-Q,model,9,22,0.0,pu,1.0e-6,true
joint-mip-central,R9-T4-ell,model,9,22,0.0,pu²,1.0e-6,true
joint-mip-central,ch04-032,model,9,22,7.821147857536902e-13,pu²,1.0e-6,true
joint-mip-central,R9-T4-grid,model,9,22,0.0,pu²,1.0e-6,true
joint-mip-central,R9-T4-original-grid,electric_original,9,22,9.91892876341105e-9,pu²,1.0e-6,true
joint-mip-central,R9-T4-P,model,10,22,0.0,pu,1.0e-6,true
joint-mip-central,R9-T4-Q,model,10,22,0.0,pu,1.0e-6,true
joint-mip-central,R9-T4-ell,model,10,22,0.0,pu²,1.0e-6,true
joint-mip-central,ch04-032,model,10,22,6.861810212643437e-13,pu²,1.0e-6,true
joint-mip-central,R9-T4-grid,model,10,22,0.0,pu²,1.0e-6,true
joint-mip-central,R9-T4-original-grid,electric_original,10,22,3.1517455507425185e-10,pu²,1.0e-6,true
joint-mip-central,R9-T4-P,model,11,22,0.0,pu,1.0e-6,true
joint-mip-central,R9-T4-Q,model,11,22,0.0,pu,1.0e-6,true
joint-mip-central,R9-T4-ell,model,11,22,0.0,pu²,1.0e-6,true
joint-mip-central,ch04-032,model,11,22,6.838273284621608e-13,pu²,1.0e-6,true
joint-mip-central,R9-T4-grid,model,11,22,0.0,pu²,1.0e-6,true
joint-mip-central,R9-T4-original-grid,electric_original,11,22,2.548333931568815e-10,pu²,1.0e-6,true
joint-mip-central,R9-T4-P,model,12,22,0.0,pu,1.0e-6,true
joint-mip-central,R9-T4-Q,model,12,22,0.0,pu,1.0e-6,true
joint-mip-central,R9-T4-ell,model,12,22,0.0,pu²,1.0e-6,true
joint-mip-central,ch04-032,model,12,22,3.1253821687789174e-17,pu²,1.0e-6,true
joint-mip-central,R9-T4-grid,model,12,22,0.0,pu²,1.0e-6,true
joint-mip-central,R9-T4-original-grid,electric_original,12,22,6.448012143753928e-11,pu²,1.0e-6,true
joint-mip-central,R9-T4-P,model,13,22,0.0,pu,1.0e-6,true
joint-mip-central,R9-T4-Q,model,13,22,0.0,pu,1.0e-6,true
joint-mip-central,R9-T4-ell,model,13,22,0.0,pu²,1.0e-6,true
joint-mip-central,ch04-032,model,13,22,2.1526331742518015e-12,pu²,1.0e-6,true
joint-mip-central,R9-T4-grid,model,13,22,0.0,pu²,1.0e-6,true
joint-mip-central,R9-T4-original-grid,electric_original,13,22,1.288364179881027e-10,pu²,1.0e-6,true
joint-mip-central,R9-T4-P,model,14,22,0.0,pu,1.0e-6,true
joint-mip-central,R9-T4-Q,model,14,22,0.0,pu,1.0e-6,true
joint-mip-central,R9-T4-ell,model,14,22,0.0,pu²,1.0e-6,true
joint-mip-central,ch04-032,model,14,22,2.0391471172200026e-17,pu²,1.0e-6,true
joint-mip-central,R9-T4-grid,model,14,22,0.0,pu²,1.0e-6,true
joint-mip-central,R9-T4-original-grid,electric_original,14,22,7.388535731178052e-11,pu²,1.0e-6,true
joint-mip-central,R9-T4-P,model,15,22,0.0,pu,1.0e-6,true
joint-mip-central,R9-T4-Q,model,15,22,0.0,pu,1.0e-6,true
joint-mip-central,R9-T4-ell,model,15,22,0.0,pu²,1.0e-6,true
joint-mip-central,ch04-032,model,15,22,9.948656075385934e-17,pu²,1.0e-6,true
joint-mip-central,R9-T4-grid,model,15,22,0.0,pu²,1.0e-6,true
joint-mip-central,R9-T4-original-grid,electric_original,15,22,5.92159309434348e-10,pu²,1.0e-6,true
joint-mip-central,R9-T4-P,model,16,22,0.0,pu,1.0e-6,true
joint-mip-central,R9-T4-Q,model,16,22,0.0,pu,1.0e-6,true
joint-mip-central,R9-T4-ell,model,16,22,0.0,pu²,1.0e-6,true
joint-mip-central,ch04-032,model,16,22,4.954910366418907e-13,pu²,1.0e-6,true
joint-mip-central,R9-T4-grid,model,16,22,0.0,pu²,1.0e-6,true
joint-mip-central,R9-T4-original-grid,electric_original,16,22,1.3240966001859967e-10,pu²,1.0e-6,true
joint-mip-central,R9-T4-P,model,17,22,0.0,pu,1.0e-6,true
joint-mip-central,R9-T4-Q,model,17,22,0.0,pu,1.0e-6,true
joint-mip-central,R9-T4-ell,model,17,22,0.0,pu²,1.0e-6,true
joint-mip-central,ch04-032,model,17,22,4.824699667560495e-18,pu²,1.0e-6,true
joint-mip-central,R9-T4-grid,model,17,22,0.0,pu²,1.0e-6,true
joint-mip-central,R9-T4-original-grid,electric_original,17,22,7.32338124164063e-11,pu²,1.0e-6,true
joint-mip-central,R9-T4-P,model,18,22,0.0,pu,1.0e-6,true
joint-mip-central,R9-T4-Q,model,18,22,0.0,pu,1.0e-6,true
joint-mip-central,R9-T4-ell,model,18,22,0.0,pu²,1.0e-6,true
joint-mip-central,ch04-032,model,18,22,1.5177475162081455e-16,pu²,1.0e-6,true
joint-mip-central,R9-T4-grid,model,18,22,0.0,pu²,1.0e-6,true
joint-mip-central,R9-T4-original-grid,electric_original,18,22,3.7639086270489786e-10,pu²,1.0e-6,true
joint-mip-central,R9-T4-P,model,19,22,0.0,pu,1.0e-6,true
joint-mip-central,R9-T4-Q,model,19,22,0.0,pu,1.0e-6,true
joint-mip-central,R9-T4-ell,model,19,22,0.0,pu²,1.0e-6,true
joint-mip-central,ch04-032,model,19,22,5.683012535632722e-13,pu²,1.0e-6,true
joint-mip-central,R9-T4-grid,model,19,22,0.0,pu²,1.0e-6,true
joint-mip-central,R9-T4-original-grid,electric_original,19,22,1.309372110383641e-10,pu²,1.0e-6,true
joint-mip-central,R9-T4-P,model,20,22,0.0,pu,1.0e-6,true
joint-mip-central,R9-T4-Q,model,20,22,0.0,pu,1.0e-6,true
joint-mip-central,R9-T4-ell,model,20,22,0.0,pu²,1.0e-6,true
joint-mip-central,ch04-032,model,20,22,4.255493527005605e-17,pu²,1.0e-6,true
joint-mip-central,R9-T4-grid,model,20,22,0.0,pu²,1.0e-6,true
joint-mip-central,R9-T4-original-grid,electric_original,20,22,7.216424034606358e-11,pu²,1.0e-6,true
joint-mip-central,R9-T4-P,model,21,22,0.0,pu,1.0e-6,true
joint-mip-central,R9-T4-Q,model,21,22,0.0,pu,1.0e-6,true
joint-mip-central,R9-T4-ell,model,21,22,0.0,pu²,1.0e-6,true
joint-mip-central,ch04-032,model,21,22,1.991410881411592e-15,pu²,1.0e-6,true
joint-mip-central,R9-T4-grid,model,21,22,0.0,pu²,1.0e-6,true
joint-mip-central,R9-T4-original-grid,electric_original,21,22,1.9134340265665115e-10,pu²,1.0e-6,true
joint-mip-central,R9-T4-P,model,22,22,0.0,pu,1.0e-6,true
joint-mip-central,R9-T4-Q,model,22,22,0.0,pu,1.0e-6,true
joint-mip-central,R9-T4-ell,model,22,22,0.0,pu²,1.0e-6,true
joint-mip-central,ch04-032,model,22,22,6.093555022547437e-18,pu²,1.0e-6,true
joint-mip-central,R9-T4-grid,model,22,22,0.0,pu²,1.0e-6,true
joint-mip-central,R9-T4-original-grid,electric_original,22,22,6.406916468375073e-11,pu²,1.0e-6,true
joint-mip-central,R9-T4-P,model,23,22,0.0,pu,1.0e-6,true
joint-mip-central,R9-T4-Q,model,23,22,0.0,pu,1.0e-6,true
joint-mip-central,R9-T4-ell,model,23,22,0.0,pu²,1.0e-6,true
joint-mip-central,ch04-032,model,23,22,1.2081230926688086e-17,pu²,1.0e-6,true
joint-mip-central,R9-T4-grid,model,23,22,0.0,pu²,1.0e-6,true
joint-mip-central,R9-T4-original-grid,electric_original,23,22,6.40480118214385e-11,pu²,1.0e-6,true
joint-mip-central,R9-T4-P,model,24,22,0.0,pu,1.0e-6,true
joint-mip-central,R9-T4-Q,model,24,22,0.0,pu,1.0e-6,true
joint-mip-central,R9-T4-ell,model,24,22,0.0,pu²,1.0e-6,true
joint-mip-central,ch04-032,model,24,22,6.77668709450803e-16,pu²,1.0e-6,true
joint-mip-central,R9-T4-grid,model,24,22,0.0,pu²,1.0e-6,true
joint-mip-central,R9-T4-original-grid,electric_original,24,22,1.9553660063733116e-10,pu²,1.0e-6,true
joint-mip-central,R9-T4-P,model,25,22,0.0,pu,1.0e-6,true
joint-mip-central,R9-T4-Q,model,25,22,0.0,pu,1.0e-6,true
joint-mip-central,R9-T4-ell,model,25,22,0.0,pu²,1.0e-6,true
joint-mip-central,ch04-032,model,25,22,3.1752724093721957e-17,pu²,1.0e-6,true
joint-mip-central,R9-T4-grid,model,25,22,0.0,pu²,1.0e-6,true
joint-mip-central,R9-T4-original-grid,electric_original,25,22,6.621228496649719e-11,pu²,1.0e-6,true
joint-mip-central,R9-T4-P,model,26,22,0.0,pu,1.0e-6,true
joint-mip-central,R9-T4-Q,model,26,22,0.0,pu,1.0e-6,true
joint-mip-central,R9-T4-ell,model,26,22,0.0,pu²,1.0e-6,true
joint-mip-central,ch04-032,model,26,22,3.529247478029768e-17,pu²,1.0e-6,true
joint-mip-central,R9-T4-grid,model,26,22,0.0,pu²,1.0e-6,true
joint-mip-central,R9-T4-original-grid,electric_original,26,22,6.610812608391485e-11,pu²,1.0e-6,true
joint-mip-central,R9-T4-P,model,27,22,0.0,pu,1.0e-6,true
joint-mip-central,R9-T4-Q,model,27,22,0.0,pu,1.0e-6,true
joint-mip-central,R9-T4-ell,model,27,22,0.0,pu²,1.0e-6,true
joint-mip-central,ch04-032,model,27,22,2.441063242722961e-13,pu²,1.0e-6,true
joint-mip-central,R9-T4-grid,model,27,22,0.0,pu²,1.0e-6,true
joint-mip-central,R9-T4-original-grid,electric_original,27,22,1.2882569505243396e-10,pu²,1.0e-6,true
joint-mip-central,R9-T4-P,model,28,22,0.0,pu,1.0e-6,true
joint-mip-central,R9-T4-Q,model,28,22,0.0,pu,1.0e-6,true
joint-mip-central,R9-T4-ell,model,28,22,0.0,pu²,1.0e-6,true
joint-mip-central,ch04-032,model,28,22,4.650210880426109e-18,pu²,1.0e-6,true
joint-mip-central,R9-T4-grid,model,28,22,0.0,pu²,1.0e-6,true
joint-mip-central,R9-T4-original-grid,electric_original,28,22,6.632493210515737e-11,pu²,1.0e-6,true
joint-mip-central,R9-T4-P,model,29,22,0.0,pu,1.0e-6,true
joint-mip-central,R9-T4-Q,model,29,22,0.0,pu,1.0e-6,true
joint-mip-central,R9-T4-ell,model,29,22,0.0,pu²,1.0e-6,true
joint-mip-central,ch04-032,model,29,22,3.0560516750132057e-13,pu²,1.0e-6,true
joint-mip-central,R9-T4-grid,model,29,22,0.0,pu²,1.0e-6,true
joint-mip-central,R9-T4-original-grid,electric_original,29,22,4.810086025233001e-10,pu²,1.0e-6,true
joint-mip-central,R9-T4-P,model,30,22,0.0,pu,1.0e-6,true
joint-mip-central,R9-T4-Q,model,30,22,0.0,pu,1.0e-6,true
joint-mip-central,R9-T4-ell,model,30,22,0.0,pu²,1.0e-6,true
joint-mip-central,ch04-032,model,30,22,5.41177820330245e-17,pu²,1.0e-6,true
joint-mip-central,R9-T4-grid,model,30,22,0.0,pu²,1.0e-6,true
joint-mip-central,R9-T4-original-grid,electric_original,30,22,6.64459828541989e-11,pu²,1.0e-6,true
joint-mip-central,R9-T4-P,model,31,22,0.0,pu,1.0e-6,true
joint-mip-central,R9-T4-Q,model,31,22,0.0,pu,1.0e-6,true
joint-mip-central,R9-T4-ell,model,31,22,0.0,pu²,1.0e-6,true
joint-mip-central,ch04-032,model,31,22,6.42833602392353e-13,pu²,1.0e-6,true
joint-mip-central,R9-T4-grid,model,31,22,0.0,pu²,1.0e-6,true
joint-mip-central,R9-T4-original-grid,electric_original,31,22,1.21616695902306e-9,pu²,1.0e-6,true
joint-mip-central,R9-T4-P,model,32,22,0.0,pu,1.0e-6,true
joint-mip-central,R9-T4-Q,model,32,22,0.0,pu,1.0e-6,true
joint-mip-central,R9-T4-ell,model,32,22,0.0,pu²,1.0e-6,true
joint-mip-central,ch04-032,model,32,22,1.503885822026329e-17,pu²,1.0e-6,true
joint-mip-central,R9-T4-grid,model,32,22,0.0,pu²,1.0e-6,true
joint-mip-central,R9-T4-original-grid,electric_original,32,22,1.1273093977401394e-9,pu²,1.0e-6,true
joint-mip-central,R9-T4-P,model,33,22,0.0,pu,1.0e-6,true
joint-mip-central,R9-T4-Q,model,33,22,0.0,pu,1.0e-6,true
joint-mip-central,R9-T4-ell,model,33,22,0.0,pu²,1.0e-6,true
joint-mip-central,ch04-032,model,33,22,7.522237257285853e-13,pu²,1.0e-6,true
joint-mip-central,R9-T4-grid,model,33,22,0.0,pu²,1.0e-6,true
joint-mip-central,R9-T4-original-grid,electric_original,33,22,1.2418108910963732e-9,pu²,1.0e-6,true
joint-mip-central,R9-T4-P,model,34,22,0.0,pu,1.0e-6,true
joint-mip-central,R9-T4-Q,model,34,22,0.0,pu,1.0e-6,true
joint-mip-central,R9-T4-ell,model,34,22,0.0,pu²,1.0e-6,true
joint-mip-central,ch04-032,model,34,22,7.519875801426709e-13,pu²,1.0e-6,true
joint-mip-central,R9-T4-grid,model,34,22,0.0,pu²,1.0e-6,true
joint-mip-central,R9-T4-original-grid,electric_original,34,22,6.132150943711362e-10,pu²,1.0e-6,true
joint-mip-central,R9-T4-P,model,35,22,0.0,pu,1.0e-6,true
joint-mip-central,R9-T4-Q,model,35,22,0.0,pu,1.0e-6,true
joint-mip-central,R9-T4-ell,model,35,22,0.0,pu²,1.0e-6,true
joint-mip-central,ch04-032,model,35,22,5.317418732978321e-17,pu²,1.0e-6,true
joint-mip-central,R9-T4-grid,model,35,22,0.0,pu²,1.0e-6,true
joint-mip-central,R9-T4-original-grid,electric_original,35,22,3.76211673033984e-10,pu²,1.0e-6,true
joint-mip-central,R9-T4-P,model,36,22,0.0,pu,1.0e-6,true
joint-mip-central,R9-T4-Q,model,36,22,0.0,pu,1.0e-6,true
joint-mip-central,R9-T4-ell,model,36,22,0.0,pu²,1.0e-6,true
joint-mip-central,ch04-032,model,36,22,1.4458588389461248e-13,pu²,1.0e-6,true
joint-mip-central,R9-T4-grid,model,36,22,0.0,pu²,1.0e-6,true
joint-mip-central,R9-T4-original-grid,electric_original,36,22,1.992847713157839e-10,pu²,1.0e-6,true
joint-mip-central,R9-T4-P,model,37,22,0.0,pu,1.0e-6,true
joint-mip-central,R9-T4-Q,model,37,22,0.0,pu,1.0e-6,true
joint-mip-central,R9-T4-ell,model,37,22,0.0,pu²,1.0e-6,true
joint-mip-central,ch04-032,model,37,22,4.430575237203069e-17,pu²,1.0e-6,true
joint-mip-central,R9-T4-grid,model,37,22,0.0,pu²,1.0e-6,true
joint-mip-central,R9-T4-original-grid,electric_original,37,22,1.360243728228518e-10,pu²,1.0e-6,true
joint-mip-central,R9-T4-P,model,38,22,0.0,pu,1.0e-6,true
joint-mip-central,R9-T4-Q,model,38,22,0.0,pu,1.0e-6,true
joint-mip-central,R9-T4-ell,model,38,22,0.0,pu²,1.0e-6,true
joint-mip-central,ch04-032,model,38,22,2.004615613133749e-13,pu²,1.0e-6,true
joint-mip-central,R9-T4-grid,model,38,22,0.0,pu²,1.0e-6,true
joint-mip-central,R9-T4-original-grid,electric_original,38,22,2.5856890433027108e-9,pu²,1.0e-6,true
joint-mip-central,R9-T4-P,model,39,22,0.0,pu,1.0e-6,true
joint-mip-central,R9-T4-Q,model,39,22,0.0,pu,1.0e-6,true
joint-mip-central,R9-T4-ell,model,39,22,0.0,pu²,1.0e-6,true
joint-mip-central,ch04-032,model,39,22,1.9992138214488948e-13,pu²,1.0e-6,true
joint-mip-central,R9-T4-grid,model,39,22,0.0,pu²,1.0e-6,true
joint-mip-central,R9-T4-original-grid,electric_original,39,22,2.115707426093849e-9,pu²,1.0e-6,true
joint-mip-central,R9-T4-P,model,40,22,0.0,pu,1.0e-6,true
joint-mip-central,R9-T4-Q,model,40,22,0.0,pu,1.0e-6,true
joint-mip-central,R9-T4-ell,model,40,22,0.0,pu²,1.0e-6,true
joint-mip-central,ch04-032,model,40,22,7.103683899097756e-16,pu²,1.0e-6,true
joint-mip-central,R9-T4-grid,model,40,22,0.0,pu²,1.0e-6,true
joint-mip-central,R9-T4-original-grid,electric_original,40,22,3.3651334518415565e-9,pu²,1.0e-6,true
joint-mip-central,R9-T4-P,model,41,22,0.0,pu,1.0e-6,true
joint-mip-central,R9-T4-Q,model,41,22,0.0,pu,1.0e-6,true
joint-mip-central,R9-T4-ell,model,41,22,0.0,pu²,1.0e-6,true
joint-mip-central,ch04-032,model,41,22,3.5619853014411465e-17,pu²,1.0e-6,true
joint-mip-central,R9-T4-grid,model,41,22,0.0,pu²,1.0e-6,true
joint-mip-central,R9-T4-original-grid,electric_original,41,22,1.575632331313366e-10,pu²,1.0e-6,true
joint-mip-central,R9-T4-P,model,42,22,0.0,pu,1.0e-6,true
joint-mip-central,R9-T4-Q,model,42,22,0.0,pu,1.0e-6,true
joint-mip-central,R9-T4-ell,model,42,22,0.0,pu²,1.0e-6,true
joint-mip-central,ch04-032,model,42,22,2.864093360090314e-13,pu²,1.0e-6,true
joint-mip-central,R9-T4-grid,model,42,22,0.0,pu²,1.0e-6,true
joint-mip-central,R9-T4-original-grid,electric_original,42,22,2.5852915639849134e-9,pu²,1.0e-6,true
joint-mip-central,R9-T4-P,model,43,22,0.0,pu,1.0e-6,true
joint-mip-central,R9-T4-Q,model,43,22,0.0,pu,1.0e-6,true
joint-mip-central,R9-T4-ell,model,43,22,0.0,pu²,1.0e-6,true
joint-mip-central,ch04-032,model,43,22,4.819103956152696e-17,pu²,1.0e-6,true
joint-mip-central,R9-T4-grid,model,43,22,0.0,pu²,1.0e-6,true
joint-mip-central,R9-T4-original-grid,electric_original,43,22,2.2378685817730332e-9,pu²,1.0e-6,true
joint-mip-central,R9-T4-P,model,44,22,0.0,pu,1.0e-6,true
joint-mip-central,R9-T4-Q,model,44,22,0.0,pu,1.0e-6,true
joint-mip-central,R9-T4-ell,model,44,22,0.0,pu²,1.0e-6,true
joint-mip-central,ch04-032,model,44,22,0.0,pu²,1.0e-6,true
joint-mip-central,R9-T4-grid,model,44,22,0.0,pu²,1.0e-6,true
joint-mip-central,R9-T4-original-grid,electric_original,44,22,0.0,pu²,1.0e-6,true
joint-mip-central,R9-T4-P,model,45,22,0.0,pu,1.0e-6,true
joint-mip-central,R9-T4-Q,model,45,22,0.0,pu,1.0e-6,true
joint-mip-central,R9-T4-ell,model,45,22,0.0,pu²,1.0e-6,true
joint-mip-central,ch04-032,model,45,22,0.0,pu²,1.0e-6,true
joint-mip-central,R9-T4-grid,model,45,22,0.0,pu²,1.0e-6,true
joint-mip-central,R9-T4-original-grid,electric_original,45,22,0.0,pu²,1.0e-6,true
joint-mip-central,R9-T4-P,model,46,22,0.0,pu,1.0e-6,true
joint-mip-central,R9-T4-Q,model,46,22,0.0,pu,1.0e-6,true
joint-mip-central,R9-T4-ell,model,46,22,0.0,pu²,1.0e-6,true
joint-mip-central,ch04-032,model,46,22,0.0,pu²,1.0e-6,true
joint-mip-central,R9-T4-grid,model,46,22,0.0,pu²,1.0e-6,true
joint-mip-central,R9-T4-original-grid,electric_original,46,22,0.0,pu²,1.0e-6,true
joint-mip-central,R9-T4-P,model,47,22,0.0,pu,1.0e-6,true
joint-mip-central,R9-T4-Q,model,47,22,0.0,pu,1.0e-6,true
joint-mip-central,R9-T4-ell,model,47,22,0.0,pu²,1.0e-6,true
joint-mip-central,ch04-032,model,47,22,0.0,pu²,1.0e-6,true
joint-mip-central,R9-T4-grid,model,47,22,0.0,pu²,1.0e-6,true
joint-mip-central,R9-T4-original-grid,electric_original,47,22,0.0,pu²,1.0e-6,true
joint-mip-central,R9-T4-voltage,model,1,22,0.0,pu²,1.0e-6,true
joint-mip-central,ch04-030:031-P,model,1,22,1.2931877790833823e-12,MW,7.599999999999999e-5,true
joint-mip-central,ch04-030:031-Q,model,1,22,4.867217739956686e-13,Mvar,7.599999999999999e-5,true
joint-mip-central,R9-T4-voltage,model,2,22,0.0,pu²,1.0e-6,true
joint-mip-central,ch04-030:031-P,model,2,22,6.132871988029365e-13,MW,7.599999999999999e-5,true
joint-mip-central,ch04-030:031-Q,model,2,22,3.064215547965432e-13,Mvar,7.599999999999999e-5,true
joint-mip-central,R9-T4-voltage,model,3,22,0.0,pu²,1.0e-6,true
joint-mip-central,ch04-030:031-P,model,3,22,9.887646257311644e-13,MW,7.599999999999999e-5,true
joint-mip-central,ch04-030:031-Q,model,3,22,5.008216064084081e-13,Mvar,7.599999999999999e-5,true
joint-mip-central,R9-T4-voltage,model,4,22,0.0,pu²,1.0e-6,true
joint-mip-central,ch04-030:031-P,model,4,22,1.7887913372760522e-12,MW,7.599999999999999e-5,true
joint-mip-central,ch04-030:031-Q,model,4,22,8.949507801503387e-13,Mvar,7.599999999999999e-5,true
joint-mip-central,R9-T4-voltage,model,5,22,0.0,pu²,1.0e-6,true
joint-mip-central,ch04-030:031-P,model,5,22,3.2199798383203415e-12,MW,7.599999999999999e-5,true
joint-mip-central,ch04-030:031-Q,model,5,22,1.6030510252562635e-12,Mvar,7.599999999999999e-5,true
joint-mip-central,R9-T4-voltage,model,6,22,0.0,pu²,1.0e-6,true
joint-mip-central,ch04-030:031-P,model,6,22,1.1102230246251565e-16,MW,7.599999999999999e-5,true
joint-mip-central,ch04-030:031-Q,model,6,22,7.105427357601002e-15,Mvar,7.599999999999999e-5,true
joint-mip-central,R9-T4-voltage,model,7,22,0.0,pu²,1.0e-6,true
joint-mip-central,ch04-030:031-P,model,7,22,1.7319479184152442e-13,MW,7.599999999999999e-5,true
joint-mip-central,ch04-030:031-Q,model,7,22,3.552713678800501e-15,Mvar,7.599999999999999e-5,true
joint-mip-central,R9-T4-voltage,model,8,22,0.0,pu²,1.0e-6,true
joint-mip-central,ch04-030:031-P,model,8,22,2.2173374247813626e-12,MW,7.599999999999999e-5,true
joint-mip-central,ch04-030:031-Q,model,8,22,2.9598545836506673e-13,Mvar,7.599999999999999e-5,true
joint-mip-central,R9-T4-voltage,model,9,22,0.0,pu²,1.0e-6,true
joint-mip-central,ch04-030:031-P,model,9,22,1.2803091919977305e-12,MW,7.599999999999999e-5,true
joint-mip-central,ch04-030:031-Q,model,9,22,6.372680161348399e-13,Mvar,7.599999999999999e-5,true
joint-mip-central,R9-T4-voltage,model,10,22,0.0,pu²,1.0e-6,true
joint-mip-central,ch04-030:031-P,model,10,22,3.953171123782795e-12,MW,7.599999999999999e-5,true
joint-mip-central,ch04-030:031-Q,model,10,22,1.9581003485313886e-12,Mvar,7.599999999999999e-5,true
joint-mip-central,R9-T4-voltage,model,11,22,0.0,pu²,1.0e-6,true
joint-mip-central,ch04-030:031-P,model,11,22,1.1102230246251565e-16,MW,7.599999999999999e-5,true
joint-mip-central,ch04-030:031-Q,model,11,22,2.0317081350640365e-14,Mvar,7.599999999999999e-5,true
joint-mip-central,R9-T4-voltage,model,12,22,0.0,pu²,1.0e-6,true
joint-mip-central,ch04-030:031-P,model,12,22,1.8887114094923163e-12,MW,7.599999999999999e-5,true
joint-mip-central,ch04-030:031-Q,model,12,22,9.36140054363932e-13,Mvar,7.599999999999999e-5,true
joint-mip-central,R9-T4-voltage,model,13,22,0.0,pu²,1.0e-6,true
joint-mip-central,ch04-030:031-P,model,13,22,6.714628852932947e-13,MW,7.599999999999999e-5,true
joint-mip-central,ch04-030:031-Q,model,13,22,3.348432642269472e-13,Mvar,7.599999999999999e-5,true
joint-mip-central,R9-T4-voltage,model,14,22,0.0,pu²,1.0e-6,true
joint-mip-central,ch04-030:031-P,model,14,22,3.166467088533409e-12,MW,7.599999999999999e-5,true
joint-mip-central,ch04-030:031-Q,model,14,22,1.5770718064800349e-12,Mvar,7.599999999999999e-5,true
joint-mip-central,R9-T4-voltage,model,15,22,0.0,pu²,1.0e-6,true
joint-mip-central,ch04-030:031-P,model,15,22,0.0,MW,7.599999999999999e-5,true
joint-mip-central,ch04-030:031-Q,model,15,22,4.6629367034256575e-15,Mvar,7.599999999999999e-5,true
joint-mip-central,R9-T4-voltage,model,16,22,0.0,pu²,1.0e-6,true
joint-mip-central,ch04-030:031-P,model,16,22,5.17808018685173e-13,MW,7.599999999999999e-5,true
joint-mip-central,ch04-030:031-Q,model,16,22,2.653433028854124e-13,Mvar,7.599999999999999e-5,true
joint-mip-central,R9-T4-voltage,model,17,22,0.0,pu²,1.0e-6,true
joint-mip-central,ch04-030:031-P,model,17,22,3.299138739976115e-12,MW,7.599999999999999e-5,true
joint-mip-central,ch04-030:031-Q,model,17,22,1.6409651415472126e-12,Mvar,7.599999999999999e-5,true
joint-mip-central,R9-T4-voltage,model,18,22,0.0,pu²,1.0e-6,true
joint-mip-central,ch04-030:031-P,model,18,22,0.0,MW,7.599999999999999e-5,true
joint-mip-central,ch04-030:031-Q,model,18,22,5.440092820663267e-15,Mvar,7.599999999999999e-5,true
joint-mip-central,R9-T4-voltage,model,19,22,0.0,pu²,1.0e-6,true
joint-mip-central,ch04-030:031-P,model,19,22,0.0,MW,7.599999999999999e-5,true
joint-mip-central,ch04-030:031-Q,model,19,22,4.996003610813204e-16,Mvar,7.599999999999999e-5,true
joint-mip-central,R9-T4-voltage,model,20,22,0.0,pu²,1.0e-6,true
joint-mip-central,ch04-030:031-P,model,20,22,5.3290705182007514e-14,MW,7.599999999999999e-5,true
joint-mip-central,ch04-030:031-Q,model,20,22,1.652011860642233e-13,Mvar,7.599999999999999e-5,true
joint-mip-central,R9-T4-voltage,model,21,22,0.0,pu²,1.0e-6,true
joint-mip-central,ch04-030:031-P,model,21,22,5.493383525845275e-13,MW,7.599999999999999e-5,true
joint-mip-central,ch04-030:031-Q,model,21,22,2.7000623958883807e-13,Mvar,7.599999999999999e-5,true
joint-mip-central,R9-T4-voltage,model,22,22,0.0,pu²,1.0e-6,true
joint-mip-central,ch04-030:031-P,model,22,22,1.284305994886381e-12,MW,7.599999999999999e-5,true
joint-mip-central,ch04-030:031-Q,model,22,22,2.220446049250313e-13,Mvar,7.599999999999999e-5,true
joint-mip-central,R9-T4-voltage,model,23,22,0.0,pu²,1.0e-6,true
joint-mip-central,ch04-030:031-P,model,23,22,3.0014879470741107e-12,MW,7.599999999999999e-5,true
joint-mip-central,ch04-030:031-Q,model,23,22,1.497024726404561e-12,Mvar,7.599999999999999e-5,true
joint-mip-central,R9-T4-voltage,model,24,22,0.0,pu²,1.0e-6,true
joint-mip-central,ch04-030:031-P,model,24,22,0.0,MW,7.599999999999999e-5,true
joint-mip-central,ch04-030:031-Q,model,24,22,2.275957200481571e-15,Mvar,7.599999999999999e-5,true
joint-mip-central,R9-T4-voltage,model,25,22,0.0,pu²,1.0e-6,true
joint-mip-central,ch04-030:031-P,model,25,22,0.0,MW,7.599999999999999e-5,true
joint-mip-central,ch04-030:031-Q,model,25,22,6.716849298982197e-15,Mvar,7.599999999999999e-5,true
joint-mip-central,R9-T4-voltage,model,26,22,0.0,pu²,1.0e-6,true
joint-mip-central,ch04-030:031-P,model,26,22,7.810418978237976e-13,MW,7.599999999999999e-5,true
joint-mip-central,ch04-030:031-Q,model,26,22,3.9046543776066756e-13,Mvar,7.599999999999999e-5,true
joint-mip-central,R9-T4-voltage,model,27,22,0.0,pu²,1.0e-6,true
joint-mip-central,ch04-030:031-P,model,27,22,0.0,MW,7.599999999999999e-5,true
joint-mip-central,ch04-030:031-Q,model,27,22,2.7755575615628914e-15,Mvar,7.599999999999999e-5,true
joint-mip-central,R9-T4-voltage,model,28,22,0.0,pu²,1.0e-6,true
joint-mip-central,ch04-030:031-P,model,28,22,2.065236870407716e-12,MW,7.599999999999999e-5,true
joint-mip-central,ch04-030:031-Q,model,28,22,1.994182596831706e-12,Mvar,7.599999999999999e-5,true
joint-mip-central,R9-T4-voltage,model,29,22,0.0,pu²,1.0e-6,true
joint-mip-central,ch04-030:031-P,model,29,22,1.7315038292053941e-12,MW,7.599999999999999e-5,true
joint-mip-central,ch04-030:031-Q,model,29,22,2.412070543300615e-12,Mvar,7.599999999999999e-5,true
joint-mip-central,R9-T4-voltage,model,30,22,0.0,pu²,1.0e-6,true
joint-mip-central,ch04-030:031-P,model,30,22,9.501843756254402e-13,MW,7.599999999999999e-5,true
joint-mip-central,ch04-030:031-Q,model,30,22,1.5165646516379638e-12,Mvar,7.599999999999999e-5,true
joint-mip-central,R9-T4-voltage,model,31,22,0.0,pu²,1.0e-6,true
joint-mip-central,ch04-030:031-P,model,31,22,2.227551476607914e-12,MW,7.599999999999999e-5,true
joint-mip-central,ch04-030:031-Q,model,31,22,1.1145528944211947e-12,Mvar,7.599999999999999e-5,true
joint-mip-central,R9-T4-voltage,model,32,22,0.0,pu²,1.0e-6,true
joint-mip-central,ch04-030:031-P,model,32,22,1.801225835151854e-12,MW,7.599999999999999e-5,true
joint-mip-central,ch04-030:031-Q,model,32,22,8.1601392309949e-14,Mvar,7.599999999999999e-5,true
joint-mip-central,R9-T4-voltage,model,33,22,0.0,pu²,1.0e-6,true
joint-mip-central,ch04-030:031-P,model,33,22,1.5798473640415978e-12,MW,7.599999999999999e-5,true
joint-mip-central,ch04-030:031-Q,model,33,22,0.0,Mvar,7.599999999999999e-5,true
joint-mip-central,R9-T4-voltage,model,34,22,0.0,pu²,1.0e-6,true
joint-mip-central,ch04-030:031-P,model,34,22,3.312905505481467e-13,MW,7.599999999999999e-5,true
joint-mip-central,ch04-030:031-Q,model,34,22,1.0547118733938987e-13,Mvar,7.599999999999999e-5,true
joint-mip-central,R9-T4-voltage,model,35,22,0.0,pu²,1.0e-6,true
joint-mip-central,ch04-030:031-P,model,35,22,1.270095140171179e-12,MW,7.599999999999999e-5,true
joint-mip-central,ch04-030:031-Q,model,35,22,5.81312775693732e-13,Mvar,7.599999999999999e-5,true
joint-mip-central,R9-T4-voltage,model,36,22,0.0,pu²,1.0e-6,true
joint-mip-central,ch04-030:031-P,model,36,22,1.3808953980287697e-12,MW,7.599999999999999e-5,true
joint-mip-central,ch04-030:031-Q,model,36,22,8.018030683842881e-13,Mvar,7.599999999999999e-5,true
joint-mip-central,R9-T4-voltage,model,37,22,0.0,pu²,1.0e-6,true
joint-mip-central,ch04-030:031-P,model,37,22,9.51017042893909e-13,MW,7.599999999999999e-5,true
joint-mip-central,ch04-030:031-Q,model,37,22,5.551115123125783e-17,Mvar,7.599999999999999e-5,true
joint-mip-central,R9-T4-voltage,model,38,22,0.0,pu²,1.0e-6,true
joint-mip-central,ch04-030:031-P,model,38,22,5.799805080641818e-13,MW,7.599999999999999e-5,true
joint-mip-central,ch04-030:031-Q,model,38,22,2.957634137601417e-13,Mvar,7.599999999999999e-5,true
joint-mip-central,R9-T4-voltage,model,39,22,0.0,pu²,1.0e-6,true
joint-mip-central,ch04-030:031-P,model,39,22,1.9411139362546237e-12,MW,7.599999999999999e-5,true
joint-mip-central,ch04-030:031-Q,model,39,22,9.690026558928366e-13,Mvar,7.599999999999999e-5,true
joint-mip-central,R9-T4-voltage,model,40,22,0.0,pu²,1.0e-6,true
joint-mip-central,ch04-030:031-P,model,40,22,1.1102230246251565e-16,MW,7.599999999999999e-5,true
joint-mip-central,ch04-030:031-Q,model,40,22,1.2545520178264269e-14,Mvar,7.599999999999999e-5,true
joint-mip-central,R9-T4-voltage,model,41,22,0.0,pu²,1.0e-6,true
joint-mip-central,ch04-030:031-P,model,41,22,1.872058064122939e-12,MW,7.599999999999999e-5,true
joint-mip-central,ch04-030:031-Q,model,41,22,9.358069874565444e-13,Mvar,7.599999999999999e-5,true
joint-mip-central,R9-T4-voltage,model,42,22,0.0,pu²,1.0e-6,true
joint-mip-central,ch04-030:031-P,model,42,22,0.0,MW,7.599999999999999e-5,true
joint-mip-central,ch04-030:031-Q,model,42,22,2.7200464103316335e-15,Mvar,7.599999999999999e-5,true
joint-mip-central,R9-T4-voltage,model,43,22,0.0,pu²,1.0e-6,true
joint-mip-central,ch04-030:031-P,model,43,22,1.1102230246251565e-16,MW,7.599999999999999e-5,true
joint-mip-central,ch04-030:031-Q,model,43,22,0.0,Mvar,7.599999999999999e-5,true
joint-mip-central,R9-T4-voltage,model,44,22,0.0,pu²,1.0e-6,true
joint-mip-central,ch04-030:031-P,model,44,22,0.0,MW,7.599999999999999e-5,true
joint-mip-central,ch04-030:031-Q,model,44,22,0.0,Mvar,7.599999999999999e-5,true
joint-mip-central,R9-T5-direction,model,1,22,0.0,1,1.0e-6,true
joint-mip-central,R9-T5-integer,model,1,22,0.0,1,1.0e-6,true
joint-mip-central,R9-T5-m-plus,model,1,22,0.0,kg/s,0.0001284494047619048,true
joint-mip-central,R9-T5-H-plusin,model,1,22,0.0,MW,7.599999999999999e-5,true
joint-mip-central,R9-T5-envelope,model,1,22,0.0,MW,7.599999999999999e-5,true
joint-mip-central,R9-T5-H-plusout,model,1,22,0.0,MW,7.599999999999999e-5,true
joint-mip-central,R9-T5-envelope,model,1,22,0.0,MW,7.599999999999999e-5,true
joint-mip-central,R9-T5-loss,model,1,22,1.700029006457271e-16,MW,7.599999999999999e-5,true
joint-mip-central,R9-T5-m-minus,model,1,22,0.0,kg/s,0.0001284494047619048,true
joint-mip-central,R9-T5-H-minusin,model,1,22,0.0,MW,7.599999999999999e-5,true
joint-mip-central,R9-T5-envelope,model,1,22,0.0,MW,7.599999999999999e-5,true
joint-mip-central,R9-T5-H-minusout,model,1,22,0.0,MW,7.599999999999999e-5,true
joint-mip-central,R9-T5-envelope,model,1,22,0.0,MW,7.599999999999999e-5,true
joint-mip-central,R9-T5-loss,model,1,22,0.0,MW,7.599999999999999e-5,true
joint-mip-central,R9-T5-direction,model,2,22,0.0,1,1.0e-6,true
joint-mip-central,R9-T5-integer,model,2,22,0.0,1,1.0e-6,true
joint-mip-central,R9-T5-m-plus,model,2,22,0.0,kg/s,0.0001284494047619048,true
joint-mip-central,R9-T5-H-plusin,model,2,22,0.0,MW,7.599999999999999e-5,true
joint-mip-central,R9-T5-envelope,model,2,22,0.0,MW,7.599999999999999e-5,true
joint-mip-central,R9-T5-H-plusout,model,2,22,0.0,MW,7.599999999999999e-5,true
joint-mip-central,R9-T5-envelope,model,2,22,0.0,MW,7.599999999999999e-5,true
joint-mip-central,R9-T5-loss,model,2,22,8.673617379884035e-17,MW,7.599999999999999e-5,true
joint-mip-central,R9-T5-m-minus,model,2,22,0.0,kg/s,0.0001284494047619048,true
joint-mip-central,R9-T5-H-minusin,model,2,22,0.0,MW,7.599999999999999e-5,true
joint-mip-central,R9-T5-envelope,model,2,22,0.0,MW,7.599999999999999e-5,true
joint-mip-central,R9-T5-H-minusout,model,2,22,0.0,MW,7.599999999999999e-5,true
joint-mip-central,R9-T5-envelope,model,2,22,0.0,MW,7.599999999999999e-5,true
joint-mip-central,R9-T5-loss,model,2,22,0.0,MW,7.599999999999999e-5,true
joint-mip-central,R9-T5-direction,model,3,22,0.0,1,1.0e-6,true
joint-mip-central,R9-T5-integer,model,3,22,0.0,1,1.0e-6,true
joint-mip-central,R9-T5-m-plus,model,3,22,0.0,kg/s,0.0001284494047619048,true
joint-mip-central,R9-T5-H-plusin,model,3,22,0.0,MW,7.599999999999999e-5,true
joint-mip-central,R9-T5-envelope,model,3,22,0.0,MW,7.599999999999999e-5,true
joint-mip-central,R9-T5-H-plusout,model,3,22,0.0,MW,7.599999999999999e-5,true
joint-mip-central,R9-T5-envelope,model,3,22,0.0,MW,7.599999999999999e-5,true
joint-mip-central,R9-T5-loss,model,3,22,2.42861286636753e-17,MW,7.599999999999999e-5,true
joint-mip-central,R9-T5-m-minus,model,3,22,0.0,kg/s,0.0001284494047619048,true
joint-mip-central,R9-T5-H-minusin,model,3,22,0.0,MW,7.599999999999999e-5,true
joint-mip-central,R9-T5-envelope,model,3,22,0.0,MW,7.599999999999999e-5,true
joint-mip-central,R9-T5-H-minusout,model,3,22,0.0,MW,7.599999999999999e-5,true
joint-mip-central,R9-T5-envelope,model,3,22,0.0,MW,7.599999999999999e-5,true
joint-mip-central,R9-T5-loss,model,3,22,0.0,MW,7.599999999999999e-5,true
joint-mip-central,R9-T5-direction,model,4,22,0.0,1,1.0e-6,true
joint-mip-central,R9-T5-integer,model,4,22,0.0,1,1.0e-6,true
joint-mip-central,R9-T5-m-plus,model,4,22,0.0,kg/s,0.0001284494047619048,true
joint-mip-central,R9-T5-H-plusin,model,4,22,0.0,MW,7.599999999999999e-5,true
joint-mip-central,R9-T5-envelope,model,4,22,0.0,MW,7.599999999999999e-5,true
joint-mip-central,R9-T5-H-plusout,model,4,22,0.0,MW,7.599999999999999e-5,true
joint-mip-central,R9-T5-envelope,model,4,22,0.0,MW,7.599999999999999e-5,true
joint-mip-central,R9-T5-loss,model,4,22,3.9898639947466563e-17,MW,7.599999999999999e-5,true
joint-mip-central,R9-T5-m-minus,model,4,22,0.0,kg/s,0.0001284494047619048,true
joint-mip-central,R9-T5-H-minusin,model,4,22,0.0,MW,7.599999999999999e-5,true
joint-mip-central,R9-T5-envelope,model,4,22,0.0,MW,7.599999999999999e-5,true
joint-mip-central,R9-T5-H-minusout,model,4,22,0.0,MW,7.599999999999999e-5,true
joint-mip-central,R9-T5-envelope,model,4,22,0.0,MW,7.599999999999999e-5,true
joint-mip-central,R9-T5-loss,model,4,22,0.0,MW,7.599999999999999e-5,true
joint-mip-central,R9-T5-direction,model,5,22,0.0,1,1.0e-6,true
joint-mip-central,R9-T5-integer,model,5,22,0.0,1,1.0e-6,true
joint-mip-central,R9-T5-m-plus,model,5,22,0.0,kg/s,0.0001284494047619048,true
joint-mip-central,R9-T5-H-plusin,model,5,22,0.0,MW,7.599999999999999e-5,true
joint-mip-central,R9-T5-envelope,model,5,22,0.0,MW,7.599999999999999e-5,true
joint-mip-central,R9-T5-H-plusout,model,5,22,0.0,MW,7.599999999999999e-5,true
joint-mip-central,R9-T5-envelope,model,5,22,0.0,MW,7.599999999999999e-5,true
joint-mip-central,R9-T5-loss,model,5,22,1.734723475976807e-18,MW,7.599999999999999e-5,true
joint-mip-central,R9-T5-m-minus,model,5,22,0.0,kg/s,0.0001284494047619048,true
joint-mip-central,R9-T5-H-minusin,model,5,22,0.0,MW,7.599999999999999e-5,true
joint-mip-central,R9-T5-envelope,model,5,22,0.0,MW,7.599999999999999e-5,true
joint-mip-central,R9-T5-H-minusout,model,5,22,0.0,MW,7.599999999999999e-5,true
joint-mip-central,R9-T5-envelope,model,5,22,0.0,MW,7.599999999999999e-5,true
joint-mip-central,R9-T5-loss,model,5,22,0.0,MW,7.599999999999999e-5,true
joint-mip-central,R9-T5-direction,model,6,22,0.0,1,1.0e-6,true
joint-mip-central,R9-T5-integer,model,6,22,0.0,1,1.0e-6,true
joint-mip-central,R9-T5-m-plus,model,6,22,0.0,kg/s,0.0001284494047619048,true
joint-mip-central,R9-T5-H-plusin,model,6,22,0.0,MW,7.599999999999999e-5,true
joint-mip-central,R9-T5-envelope,model,6,22,0.0,MW,7.599999999999999e-5,true
joint-mip-central,R9-T5-H-plusout,model,6,22,0.0,MW,7.599999999999999e-5,true
joint-mip-central,R9-T5-envelope,model,6,22,0.0,MW,7.599999999999999e-5,true
joint-mip-central,R9-T5-loss,model,6,22,1.734723475976807e-18,MW,7.599999999999999e-5,true
joint-mip-central,R9-T5-m-minus,model,6,22,0.0,kg/s,0.0001284494047619048,true
joint-mip-central,R9-T5-H-minusin,model,6,22,0.0,MW,7.599999999999999e-5,true
joint-mip-central,R9-T5-envelope,model,6,22,0.0,MW,7.599999999999999e-5,true
joint-mip-central,R9-T5-H-minusout,model,6,22,0.0,MW,7.599999999999999e-5,true
joint-mip-central,R9-T5-envelope,model,6,22,0.0,MW,7.599999999999999e-5,true
joint-mip-central,R9-T5-loss,model,6,22,0.0,MW,7.599999999999999e-5,true
joint-mip-central,R9-T5-direction,model,7,22,0.0,1,1.0e-6,true
joint-mip-central,R9-T5-integer,model,7,22,0.0,1,1.0e-6,true
joint-mip-central,R9-T5-m-plus,model,7,22,0.0,kg/s,0.0001284494047619048,true
joint-mip-central,R9-T5-H-plusin,model,7,22,0.0,MW,7.599999999999999e-5,true
joint-mip-central,R9-T5-envelope,model,7,22,0.0,MW,7.599999999999999e-5,true
joint-mip-central,R9-T5-H-plusout,model,7,22,0.0,MW,7.599999999999999e-5,true
joint-mip-central,R9-T5-envelope,model,7,22,0.0,MW,7.599999999999999e-5,true
joint-mip-central,R9-T5-loss,model,7,22,0.0,MW,7.599999999999999e-5,true
joint-mip-central,R9-T5-m-minus,model,7,22,0.0,kg/s,0.0001284494047619048,true
joint-mip-central,R9-T5-H-minusin,model,7,22,0.0,MW,7.599999999999999e-5,true
joint-mip-central,R9-T5-envelope,model,7,22,0.0,MW,7.599999999999999e-5,true
joint-mip-central,R9-T5-H-minusout,model,7,22,0.0,MW,7.599999999999999e-5,true
joint-mip-central,R9-T5-envelope,model,7,22,0.0,MW,7.599999999999999e-5,true
joint-mip-central,R9-T5-loss,model,7,22,5.204170427930421e-17,MW,7.599999999999999e-5,true
joint-mip-central,R9-T5-direction,model,8,22,0.0,1,1.0e-6,true
joint-mip-central,R9-T5-integer,model,8,22,0.0,1,1.0e-6,true
joint-mip-central,R9-T5-m-plus,model,8,22,0.0,kg/s,0.0001284494047619048,true
joint-mip-central,R9-T5-H-plusin,model,8,22,0.0,MW,7.599999999999999e-5,true
joint-mip-central,R9-T5-envelope,model,8,22,0.0,MW,7.599999999999999e-5,true
joint-mip-central,R9-T5-H-plusout,model,8,22,0.0,MW,7.599999999999999e-5,true
joint-mip-central,R9-T5-envelope,model,8,22,0.0,MW,7.599999999999999e-5,true
joint-mip-central,R9-T5-loss,model,8,22,0.0,MW,7.599999999999999e-5,true
joint-mip-central,R9-T5-m-minus,model,8,22,0.0,kg/s,0.0001284494047619048,true
joint-mip-central,R9-T5-H-minusin,model,8,22,0.0,MW,7.599999999999999e-5,true
joint-mip-central,R9-T5-envelope,model,8,22,0.0,MW,7.599999999999999e-5,true
joint-mip-central,R9-T5-H-minusout,model,8,22,0.0,MW,7.599999999999999e-5,true
joint-mip-central,R9-T5-envelope,model,8,22,0.0,MW,7.599999999999999e-5,true
joint-mip-central,R9-T5-loss,model,8,22,5.551115123125783e-17,MW,7.599999999999999e-5,true
joint-mip-central,R9-T5-direction,model,9,22,0.0,1,1.0e-6,true
joint-mip-central,R9-T5-integer,model,9,22,0.0,1,1.0e-6,true
joint-mip-central,R9-T5-m-plus,model,9,22,0.0,kg/s,0.0001284494047619048,true
joint-mip-central,R9-T5-H-plusin,model,9,22,0.0,MW,7.599999999999999e-5,true
joint-mip-central,R9-T5-envelope,model,9,22,0.0,MW,7.599999999999999e-5,true
joint-mip-central,R9-T5-H-plusout,model,9,22,0.0,MW,7.599999999999999e-5,true
joint-mip-central,R9-T5-envelope,model,9,22,0.0,MW,7.599999999999999e-5,true
joint-mip-central,R9-T5-loss,model,9,22,0.0,MW,7.599999999999999e-5,true
joint-mip-central,R9-T5-m-minus,model,9,22,0.0,kg/s,0.0001284494047619048,true
joint-mip-central,R9-T5-H-minusin,model,9,22,0.0,MW,7.599999999999999e-5,true
joint-mip-central,R9-T5-envelope,model,9,22,0.0,MW,7.599999999999999e-5,true
joint-mip-central,R9-T5-H-minusout,model,9,22,0.0,MW,7.599999999999999e-5,true
joint-mip-central,R9-T5-envelope,model,9,22,0.0,MW,7.599999999999999e-5,true
joint-mip-central,R9-T5-loss,model,9,22,4.683753385137379e-17,MW,7.599999999999999e-5,true
joint-mip-central,R9-T5-direction,model,10,22,0.0,1,1.0e-6,true
joint-mip-central,R9-T5-integer,model,10,22,0.0,1,1.0e-6,true
joint-mip-central,R9-T5-m-plus,model,10,22,0.0,kg/s,0.0001284494047619048,true
joint-mip-central,R9-T5-H-plusin,model,10,22,0.0,MW,7.599999999999999e-5,true
joint-mip-central,R9-T5-envelope,model,10,22,0.0,MW,7.599999999999999e-5,true
joint-mip-central,R9-T5-H-plusout,model,10,22,0.0,MW,7.599999999999999e-5,true
joint-mip-central,R9-T5-envelope,model,10,22,0.0,MW,7.599999999999999e-5,true
joint-mip-central,R9-T5-loss,model,10,22,1.734723475976807e-18,MW,7.599999999999999e-5,true
joint-mip-central,R9-T5-m-minus,model,10,22,0.0,kg/s,0.0001284494047619048,true
joint-mip-central,R9-T5-H-minusin,model,10,22,0.0,MW,7.599999999999999e-5,true
joint-mip-central,R9-T5-envelope,model,10,22,0.0,MW,7.599999999999999e-5,true
joint-mip-central,R9-T5-H-minusout,model,10,22,0.0,MW,7.599999999999999e-5,true
joint-mip-central,R9-T5-envelope,model,10,22,0.0,MW,7.599999999999999e-5,true
joint-mip-central,R9-T5-loss,model,10,22,0.0,MW,7.599999999999999e-5,true
joint-mip-central,R9-T5-direction,model,11,22,0.0,1,1.0e-6,true
joint-mip-central,R9-T5-integer,model,11,22,0.0,1,1.0e-6,true
joint-mip-central,R9-T5-m-plus,model,11,22,0.0,kg/s,0.0001284494047619048,true
joint-mip-central,R9-T5-H-plusin,model,11,22,0.0,MW,7.599999999999999e-5,true
joint-mip-central,R9-T5-envelope,model,11,22,0.0,MW,7.599999999999999e-5,true
joint-mip-central,R9-T5-H-plusout,model,11,22,0.0,MW,7.599999999999999e-5,true
joint-mip-central,R9-T5-envelope,model,11,22,0.0,MW,7.599999999999999e-5,true
joint-mip-central,R9-T5-loss,model,11,22,1.734723475976807e-18,MW,7.599999999999999e-5,true
joint-mip-central,R9-T5-m-minus,model,11,22,0.0,kg/s,0.0001284494047619048,true
joint-mip-central,R9-T5-H-minusin,model,11,22,0.0,MW,7.599999999999999e-5,true
joint-mip-central,R9-T5-envelope,model,11,22,0.0,MW,7.599999999999999e-5,true
joint-mip-central,R9-T5-H-minusout,model,11,22,0.0,MW,7.599999999999999e-5,true
joint-mip-central,R9-T5-envelope,model,11,22,0.0,MW,7.599999999999999e-5,true
joint-mip-central,R9-T5-loss,model,11,22,0.0,MW,7.599999999999999e-5,true
joint-mip-central,R9-T5-direction,model,12,22,0.0,1,1.0e-6,true
joint-mip-central,R9-T5-integer,model,12,22,0.0,1,1.0e-6,true
joint-mip-central,R9-T5-m-plus,model,12,22,0.0,kg/s,0.0001284494047619048,true
joint-mip-central,R9-T5-H-plusin,model,12,22,0.0,MW,7.599999999999999e-5,true
joint-mip-central,R9-T5-envelope,model,12,22,0.0,MW,7.599999999999999e-5,true
joint-mip-central,R9-T5-H-plusout,model,12,22,0.0,MW,7.599999999999999e-5,true
joint-mip-central,R9-T5-envelope,model,12,22,0.0,MW,7.599999999999999e-5,true
joint-mip-central,R9-T5-loss,model,12,22,0.0,MW,7.599999999999999e-5,true
joint-mip-central,R9-T5-m-minus,model,12,22,0.0,kg/s,0.0001284494047619048,true
joint-mip-central,R9-T5-H-minusin,model,12,22,0.0,MW,7.599999999999999e-5,true
joint-mip-central,R9-T5-envelope,model,12,22,0.0,MW,7.599999999999999e-5,true
joint-mip-central,R9-T5-H-minusout,model,12,22,0.0,MW,7.599999999999999e-5,true
joint-mip-central,R9-T5-envelope,model,12,22,0.0,MW,7.599999999999999e-5,true
joint-mip-central,R9-T5-loss,model,12,22,3.469446951953614e-17,MW,7.599999999999999e-5,true
joint-mip-central,R9-T5-direction,model,13,22,0.0,1,1.0e-6,true
joint-mip-central,R9-T5-integer,model,13,22,0.0,1,1.0e-6,true
joint-mip-central,R9-T5-m-plus,model,13,22,0.0,kg/s,0.0001284494047619048,true
joint-mip-central,R9-T5-H-plusin,model,13,22,0.0,MW,7.599999999999999e-5,true
joint-mip-central,R9-T5-envelope,model,13,22,0.0,MW,7.599999999999999e-5,true
joint-mip-central,R9-T5-H-plusout,model,13,22,0.0,MW,7.599999999999999e-5,true
joint-mip-central,R9-T5-envelope,model,13,22,0.0,MW,7.599999999999999e-5,true
joint-mip-central,R9-T5-loss,model,13,22,1.734723475976807e-17,MW,7.599999999999999e-5,true
joint-mip-central,R9-T5-m-minus,model,13,22,0.0,kg/s,0.0001284494047619048,true
joint-mip-central,R9-T5-H-minusin,model,13,22,0.0,MW,7.599999999999999e-5,true
joint-mip-central,R9-T5-envelope,model,13,22,0.0,MW,7.599999999999999e-5,true
joint-mip-central,R9-T5-H-minusout,model,13,22,0.0,MW,7.599999999999999e-5,true
joint-mip-central,R9-T5-envelope,model,13,22,0.0,MW,7.599999999999999e-5,true
joint-mip-central,R9-T5-loss,model,13,22,0.0,MW,7.599999999999999e-5,true
joint-mip-central,R9-T5-direction,model,14,22,0.0,1,1.0e-6,true
joint-mip-central,R9-T5-integer,model,14,22,0.0,1,1.0e-6,true
joint-mip-central,R9-T5-m-plus,model,14,22,0.0,kg/s,0.0001284494047619048,true
joint-mip-central,R9-T5-H-plusin,model,14,22,0.0,MW,7.599999999999999e-5,true
joint-mip-central,R9-T5-envelope,model,14,22,0.0,MW,7.599999999999999e-5,true
joint-mip-central,R9-T5-H-plusout,model,14,22,0.0,MW,7.599999999999999e-5,true
joint-mip-central,R9-T5-envelope,model,14,22,0.0,MW,7.599999999999999e-5,true
joint-mip-central,R9-T5-loss,model,14,22,2.6020852139652106e-17,MW,7.599999999999999e-5,true
joint-mip-central,R9-T5-m-minus,model,14,22,0.0,kg/s,0.0001284494047619048,true
joint-mip-central,R9-T5-H-minusin,model,14,22,0.0,MW,7.599999999999999e-5,true
joint-mip-central,R9-T5-envelope,model,14,22,0.0,MW,7.599999999999999e-5,true
joint-mip-central,R9-T5-H-minusout,model,14,22,0.0,MW,7.599999999999999e-5,true
joint-mip-central,R9-T5-envelope,model,14,22,0.0,MW,7.599999999999999e-5,true
joint-mip-central,R9-T5-loss,model,14,22,0.0,MW,7.599999999999999e-5,true
joint-mip-central,R9-T5-direction,model,15,22,0.0,1,1.0e-6,true
joint-mip-central,R9-T5-integer,model,15,22,0.0,1,1.0e-6,true
joint-mip-central,R9-T5-m-plus,model,15,22,0.0,kg/s,0.0001284494047619048,true
joint-mip-central,R9-T5-H-plusin,model,15,22,0.0,MW,7.599999999999999e-5,true
joint-mip-central,R9-T5-envelope,model,15,22,0.0,MW,7.599999999999999e-5,true
joint-mip-central,R9-T5-H-plusout,model,15,22,0.0,MW,7.599999999999999e-5,true
joint-mip-central,R9-T5-envelope,model,15,22,0.0,MW,7.599999999999999e-5,true
joint-mip-central,R9-T5-loss,model,15,22,2.2551405187698492e-17,MW,7.599999999999999e-5,true
joint-mip-central,R9-T5-m-minus,model,15,22,0.0,kg/s,0.0001284494047619048,true
joint-mip-central,R9-T5-H-minusin,model,15,22,0.0,MW,7.599999999999999e-5,true
joint-mip-central,R9-T5-envelope,model,15,22,0.0,MW,7.599999999999999e-5,true
joint-mip-central,R9-T5-H-minusout,model,15,22,0.0,MW,7.599999999999999e-5,true
joint-mip-central,R9-T5-envelope,model,15,22,0.0,MW,7.599999999999999e-5,true
joint-mip-central,R9-T5-loss,model,15,22,0.0,MW,7.599999999999999e-5,true
joint-mip-central,R9-T5-direction,model,16,22,0.0,1,1.0e-6,true
joint-mip-central,R9-T5-integer,model,16,22,0.0,1,1.0e-6,true
joint-mip-central,R9-T5-m-plus,model,16,22,0.0,kg/s,0.0001284494047619048,true
joint-mip-central,R9-T5-H-plusin,model,16,22,0.0,MW,7.599999999999999e-5,true
joint-mip-central,R9-T5-envelope,model,16,22,0.0,MW,7.599999999999999e-5,true
joint-mip-central,R9-T5-H-plusout,model,16,22,0.0,MW,7.599999999999999e-5,true
joint-mip-central,R9-T5-envelope,model,16,22,0.0,MW,7.599999999999999e-5,true
joint-mip-central,R9-T5-loss,model,16,22,3.469446951953614e-18,MW,7.599999999999999e-5,true
joint-mip-central,R9-T5-m-minus,model,16,22,0.0,kg/s,0.0001284494047619048,true
joint-mip-central,R9-T5-H-minusin,model,16,22,0.0,MW,7.599999999999999e-5,true
joint-mip-central,R9-T5-envelope,model,16,22,0.0,MW,7.599999999999999e-5,true
joint-mip-central,R9-T5-H-minusout,model,16,22,0.0,MW,7.599999999999999e-5,true
joint-mip-central,R9-T5-envelope,model,16,22,0.0,MW,7.599999999999999e-5,true
joint-mip-central,R9-T5-loss,model,16,22,0.0,MW,7.599999999999999e-5,true
joint-mip-central,R9-T5-direction,model,17,22,0.0,1,1.0e-6,true
joint-mip-central,R9-T5-integer,model,17,22,0.0,1,1.0e-6,true
joint-mip-central,R9-T5-m-plus,model,17,22,0.0,kg/s,0.0001284494047619048,true
joint-mip-central,R9-T5-H-plusin,model,17,22,0.0,MW,7.599999999999999e-5,true
joint-mip-central,R9-T5-envelope,model,17,22,0.0,MW,7.599999999999999e-5,true
joint-mip-central,R9-T5-H-plusout,model,17,22,0.0,MW,7.599999999999999e-5,true
joint-mip-central,R9-T5-envelope,model,17,22,0.0,MW,7.599999999999999e-5,true
joint-mip-central,R9-T5-loss,model,17,22,1.734723475976807e-18,MW,7.599999999999999e-5,true
joint-mip-central,R9-T5-m-minus,model,17,22,0.0,kg/s,0.0001284494047619048,true
joint-mip-central,R9-T5-H-minusin,model,17,22,0.0,MW,7.599999999999999e-5,true
joint-mip-central,R9-T5-envelope,model,17,22,0.0,MW,7.599999999999999e-5,true
joint-mip-central,R9-T5-H-minusout,model,17,22,0.0,MW,7.599999999999999e-5,true
joint-mip-central,R9-T5-envelope,model,17,22,0.0,MW,7.599999999999999e-5,true
joint-mip-central,R9-T5-loss,model,17,22,0.0,MW,7.599999999999999e-5,true
joint-mip-central,R9-T5-direction,model,18,22,0.0,1,1.0e-6,true
joint-mip-central,R9-T5-integer,model,18,22,0.0,1,1.0e-6,true
joint-mip-central,R9-T5-m-plus,model,18,22,0.0,kg/s,0.0001284494047619048,true
joint-mip-central,R9-T5-H-plusin,model,18,22,0.0,MW,7.599999999999999e-5,true
joint-mip-central,R9-T5-envelope,model,18,22,0.0,MW,7.599999999999999e-5,true
joint-mip-central,R9-T5-H-plusout,model,18,22,0.0,MW,7.599999999999999e-5,true
joint-mip-central,R9-T5-envelope,model,18,22,0.0,MW,7.599999999999999e-5,true
joint-mip-central,R9-T5-loss,model,18,22,3.469446951953614e-18,MW,7.599999999999999e-5,true
joint-mip-central,R9-T5-m-minus,model,18,22,0.0,kg/s,0.0001284494047619048,true
joint-mip-central,R9-T5-H-minusin,model,18,22,0.0,MW,7.599999999999999e-5,true
joint-mip-central,R9-T5-envelope,model,18,22,0.0,MW,7.599999999999999e-5,true
joint-mip-central,R9-T5-H-minusout,model,18,22,0.0,MW,7.599999999999999e-5,true
joint-mip-central,R9-T5-envelope,model,18,22,0.0,MW,7.599999999999999e-5,true
joint-mip-central,R9-T5-loss,model,18,22,0.0,MW,7.599999999999999e-5,true
joint-mip-central,R9-T5-direction,model,19,22,0.0,1,1.0e-6,true
joint-mip-central,R9-T5-integer,model,19,22,0.0,1,1.0e-6,true
joint-mip-central,R9-T5-m-plus,model,19,22,0.0,kg/s,0.0001284494047619048,true
joint-mip-central,R9-T5-H-plusin,model,19,22,0.0,MW,7.599999999999999e-5,true
joint-mip-central,R9-T5-envelope,model,19,22,0.0,MW,7.599999999999999e-5,true
joint-mip-central,R9-T5-H-plusout,model,19,22,0.0,MW,7.599999999999999e-5,true
joint-mip-central,R9-T5-envelope,model,19,22,0.0,MW,7.599999999999999e-5,true
joint-mip-central,R9-T5-loss,model,19,22,3.469446951953614e-18,MW,7.599999999999999e-5,true
joint-mip-central,R9-T5-m-minus,model,19,22,0.0,kg/s,0.0001284494047619048,true
joint-mip-central,R9-T5-H-minusin,model,19,22,0.0,MW,7.599999999999999e-5,true
joint-mip-central,R9-T5-envelope,model,19,22,0.0,MW,7.599999999999999e-5,true
joint-mip-central,R9-T5-H-minusout,model,19,22,0.0,MW,7.599999999999999e-5,true
joint-mip-central,R9-T5-envelope,model,19,22,0.0,MW,7.599999999999999e-5,true
joint-mip-central,R9-T5-loss,model,19,22,0.0,MW,7.599999999999999e-5,true
joint-mip-central,R9-T5-direction,model,20,22,0.0,1,1.0e-6,true
joint-mip-central,R9-T5-integer,model,20,22,0.0,1,1.0e-6,true
joint-mip-central,R9-T5-m-plus,model,20,22,0.0,kg/s,0.0001284494047619048,true
joint-mip-central,R9-T5-H-plusin,model,20,22,0.0,MW,7.599999999999999e-5,true
joint-mip-central,R9-T5-envelope,model,20,22,0.0,MW,7.599999999999999e-5,true
joint-mip-central,R9-T5-H-plusout,model,20,22,0.0,MW,7.599999999999999e-5,true
joint-mip-central,R9-T5-envelope,model,20,22,0.0,MW,7.599999999999999e-5,true
joint-mip-central,R9-T5-loss,model,20,22,1.734723475976807e-18,MW,7.599999999999999e-5,true
joint-mip-central,R9-T5-m-minus,model,20,22,0.0,kg/s,0.0001284494047619048,true
joint-mip-central,R9-T5-H-minusin,model,20,22,0.0,MW,7.599999999999999e-5,true
joint-mip-central,R9-T5-envelope,model,20,22,0.0,MW,7.599999999999999e-5,true
joint-mip-central,R9-T5-H-minusout,model,20,22,0.0,MW,7.599999999999999e-5,true
joint-mip-central,R9-T5-envelope,model,20,22,0.0,MW,7.599999999999999e-5,true
joint-mip-central,R9-T5-loss,model,20,22,0.0,MW,7.599999999999999e-5,true
joint-mip-central,R9-T5-direction,model,21,22,0.0,1,1.0e-6,true
joint-mip-central,R9-T5-integer,model,21,22,0.0,1,1.0e-6,true
joint-mip-central,R9-T5-m-plus,model,21,22,0.0,kg/s,0.0001284494047619048,true
joint-mip-central,R9-T5-H-plusin,model,21,22,0.0,MW,7.599999999999999e-5,true
joint-mip-central,R9-T5-envelope,model,21,22,0.0,MW,7.599999999999999e-5,true
joint-mip-central,R9-T5-H-plusout,model,21,22,0.0,MW,7.599999999999999e-5,true
joint-mip-central,R9-T5-envelope,model,21,22,0.0,MW,7.599999999999999e-5,true
joint-mip-central,R9-T5-loss,model,21,22,0.0,MW,7.599999999999999e-5,true
joint-mip-central,R9-T5-m-minus,model,21,22,0.0,kg/s,0.0001284494047619048,true
joint-mip-central,R9-T5-H-minusin,model,21,22,0.0,MW,7.599999999999999e-5,true
joint-mip-central,R9-T5-envelope,model,21,22,0.0,MW,7.599999999999999e-5,true
joint-mip-central,R9-T5-H-minusout,model,21,22,0.0,MW,7.599999999999999e-5,true
joint-mip-central,R9-T5-envelope,model,21,22,0.0,MW,7.599999999999999e-5,true
joint-mip-central,R9-T5-loss,model,21,22,1.0408340855860843e-17,MW,7.599999999999999e-5,true
joint-mip-central,R9-T5-direction,model,22,22,0.0,1,1.0e-6,true
joint-mip-central,R9-T5-integer,model,22,22,0.0,1,1.0e-6,true
joint-mip-central,R9-T5-m-plus,model,22,22,0.0,kg/s,0.0001284494047619048,true
joint-mip-central,R9-T5-H-plusin,model,22,22,0.0,MW,7.599999999999999e-5,true
joint-mip-central,R9-T5-envelope,model,22,22,0.0,MW,7.599999999999999e-5,true
joint-mip-central,R9-T5-H-plusout,model,22,22,0.0,MW,7.599999999999999e-5,true
joint-mip-central,R9-T5-envelope,model,22,22,0.0,MW,7.599999999999999e-5,true
joint-mip-central,R9-T5-loss,model,22,22,0.0,MW,7.599999999999999e-5,true
joint-mip-central,R9-T5-m-minus,model,22,22,0.0,kg/s,0.0001284494047619048,true
joint-mip-central,R9-T5-H-minusin,model,22,22,0.0,MW,7.599999999999999e-5,true
joint-mip-central,R9-T5-envelope,model,22,22,0.0,MW,7.599999999999999e-5,true
joint-mip-central,R9-T5-H-minusout,model,22,22,0.0,MW,7.599999999999999e-5,true
joint-mip-central,R9-T5-envelope,model,22,22,0.0,MW,7.599999999999999e-5,true
joint-mip-central,R9-T5-loss,model,22,22,0.0,MW,7.599999999999999e-5,true
joint-mip-central,R9-T5-direction,model,23,22,0.0,1,1.0e-6,true
joint-mip-central,R9-T5-integer,model,23,22,0.0,1,1.0e-6,true
joint-mip-central,R9-T5-m-plus,model,23,22,0.0,kg/s,0.0001284494047619048,true
joint-mip-central,R9-T5-H-plusin,model,23,22,0.0,MW,7.599999999999999e-5,true
joint-mip-central,R9-T5-envelope,model,23,22,0.0,MW,7.599999999999999e-5,true
joint-mip-central,R9-T5-H-plusout,model,23,22,0.0,MW,7.599999999999999e-5,true
joint-mip-central,R9-T5-envelope,model,23,22,0.0,MW,7.599999999999999e-5,true
joint-mip-central,R9-T5-loss,model,23,22,0.0,MW,7.599999999999999e-5,true
joint-mip-central,R9-T5-m-minus,model,23,22,0.0,kg/s,0.0001284494047619048,true
joint-mip-central,R9-T5-H-minusin,model,23,22,0.0,MW,7.599999999999999e-5,true
joint-mip-central,R9-T5-envelope,model,23,22,0.0,MW,7.599999999999999e-5,true
joint-mip-central,R9-T5-H-minusout,model,23,22,0.0,MW,7.599999999999999e-5,true
joint-mip-central,R9-T5-envelope,model,23,22,0.0,MW,7.599999999999999e-5,true
joint-mip-central,R9-T5-loss,model,23,22,2.0816681711721685e-17,MW,7.599999999999999e-5,true
joint-mip-central,R9-T5-direction,model,24,22,0.0,1,1.0e-6,true
joint-mip-central,R9-T5-integer,model,24,22,0.0,1,1.0e-6,true
joint-mip-central,R9-T5-m-plus,model,24,22,0.0,kg/s,0.0001284494047619048,true
joint-mip-central,R9-T5-H-plusin,model,24,22,0.0,MW,7.599999999999999e-5,true
joint-mip-central,R9-T5-envelope,model,24,22,0.0,MW,7.599999999999999e-5,true
joint-mip-central,R9-T5-H-plusout,model,24,22,0.0,MW,7.599999999999999e-5,true
joint-mip-central,R9-T5-envelope,model,24,22,0.0,MW,7.599999999999999e-5,true
joint-mip-central,R9-T5-loss,model,24,22,0.0,MW,7.599999999999999e-5,true
joint-mip-central,R9-T5-m-minus,model,24,22,0.0,kg/s,0.0001284494047619048,true
joint-mip-central,R9-T5-H-minusin,model,24,22,0.0,MW,7.599999999999999e-5,true
joint-mip-central,R9-T5-envelope,model,24,22,0.0,MW,7.599999999999999e-5,true
joint-mip-central,R9-T5-H-minusout,model,24,22,0.0,MW,7.599999999999999e-5,true
joint-mip-central,R9-T5-envelope,model,24,22,0.0,MW,7.599999999999999e-5,true
joint-mip-central,R9-T5-loss,model,24,22,1.734723475976807e-17,MW,7.599999999999999e-5,true
joint-mip-central,R9-T5-direction,model,25,22,0.0,1,1.0e-6,true
joint-mip-central,R9-T5-integer,model,25,22,0.0,1,1.0e-6,true
joint-mip-central,R9-T5-m-plus,model,25,22,0.0,kg/s,0.0001284494047619048,true
joint-mip-central,R9-T5-H-plusin,model,25,22,0.0,MW,7.599999999999999e-5,true
joint-mip-central,R9-T5-envelope,model,25,22,0.0,MW,7.599999999999999e-5,true
joint-mip-central,R9-T5-H-plusout,model,25,22,0.0,MW,7.599999999999999e-5,true
joint-mip-central,R9-T5-envelope,model,25,22,0.0,MW,7.599999999999999e-5,true
joint-mip-central,R9-T5-loss,model,25,22,1.734723475976807e-18,MW,7.599999999999999e-5,true
joint-mip-central,R9-T5-m-minus,model,25,22,0.0,kg/s,0.0001284494047619048,true
joint-mip-central,R9-T5-H-minusin,model,25,22,0.0,MW,7.599999999999999e-5,true
joint-mip-central,R9-T5-envelope,model,25,22,0.0,MW,7.599999999999999e-5,true
joint-mip-central,R9-T5-H-minusout,model,25,22,0.0,MW,7.599999999999999e-5,true
joint-mip-central,R9-T5-envelope,model,25,22,0.0,MW,7.599999999999999e-5,true
joint-mip-central,R9-T5-loss,model,25,22,0.0,MW,7.599999999999999e-5,true
joint-mip-central,R9-T5-direction,model,26,22,0.0,1,1.0e-6,true
joint-mip-central,R9-T5-integer,model,26,22,0.0,1,1.0e-6,true
joint-mip-central,R9-T5-m-plus,model,26,22,0.0,kg/s,0.0001284494047619048,true
joint-mip-central,R9-T5-H-plusin,model,26,22,0.0,MW,7.599999999999999e-5,true
joint-mip-central,R9-T5-envelope,model,26,22,0.0,MW,7.599999999999999e-5,true
joint-mip-central,R9-T5-H-plusout,model,26,22,0.0,MW,7.599999999999999e-5,true
joint-mip-central,R9-T5-envelope,model,26,22,0.0,MW,7.599999999999999e-5,true
joint-mip-central,R9-T5-loss,model,26,22,0.0,MW,7.599999999999999e-5,true
joint-mip-central,R9-T5-m-minus,model,26,22,0.0,kg/s,0.0001284494047619048,true
joint-mip-central,R9-T5-H-minusin,model,26,22,0.0,MW,7.599999999999999e-5,true
joint-mip-central,R9-T5-envelope,model,26,22,0.0,MW,7.599999999999999e-5,true
joint-mip-central,R9-T5-H-minusout,model,26,22,0.0,MW,7.599999999999999e-5,true
joint-mip-central,R9-T5-envelope,model,26,22,0.0,MW,7.599999999999999e-5,true
joint-mip-central,R9-T5-loss,model,26,22,2.42861286636753e-17,MW,7.599999999999999e-5,true
joint-mip-central,R9-T5-direction,model,27,22,0.0,1,1.0e-6,true
joint-mip-central,R9-T5-integer,model,27,22,0.0,1,1.0e-6,true
joint-mip-central,R9-T5-m-plus,model,27,22,0.0,kg/s,0.0001284494047619048,true
joint-mip-central,R9-T5-H-plusin,model,27,22,0.0,MW,7.599999999999999e-5,true
joint-mip-central,R9-T5-envelope,model,27,22,0.0,MW,7.599999999999999e-5,true
joint-mip-central,R9-T5-H-plusout,model,27,22,0.0,MW,7.599999999999999e-5,true
joint-mip-central,R9-T5-envelope,model,27,22,0.0,MW,7.599999999999999e-5,true
joint-mip-central,R9-T5-loss,model,27,22,3.2959746043559335e-17,MW,7.599999999999999e-5,true
joint-mip-central,R9-T5-m-minus,model,27,22,0.0,kg/s,0.0001284494047619048,true
joint-mip-central,R9-T5-H-minusin,model,27,22,0.0,MW,7.599999999999999e-5,true
joint-mip-central,R9-T5-envelope,model,27,22,0.0,MW,7.599999999999999e-5,true
joint-mip-central,R9-T5-H-minusout,model,27,22,0.0,MW,7.599999999999999e-5,true
joint-mip-central,R9-T5-envelope,model,27,22,0.0,MW,7.599999999999999e-5,true
joint-mip-central,R9-T5-loss,model,27,22,0.0,MW,7.599999999999999e-5,true
joint-mip-central,R9-T5-direction,model,28,22,0.0,1,1.0e-6,true
joint-mip-central,R9-T5-integer,model,28,22,0.0,1,1.0e-6,true
joint-mip-central,R9-T5-m-plus,model,28,22,0.0,kg/s,0.0001284494047619048,true
joint-mip-central,R9-T5-H-plusin,model,28,22,0.0,MW,7.599999999999999e-5,true
joint-mip-central,R9-T5-envelope,model,28,22,0.0,MW,7.599999999999999e-5,true
joint-mip-central,R9-T5-H-plusout,model,28,22,0.0,MW,7.599999999999999e-5,true
joint-mip-central,R9-T5-envelope,model,28,22,0.0,MW,7.599999999999999e-5,true
joint-mip-central,R9-T5-loss,model,28,22,2.42861286636753e-17,MW,7.599999999999999e-5,true
joint-mip-central,R9-T5-m-minus,model,28,22,0.0,kg/s,0.0001284494047619048,true
joint-mip-central,R9-T5-H-minusin,model,28,22,0.0,MW,7.599999999999999e-5,true
joint-mip-central,R9-T5-envelope,model,28,22,0.0,MW,7.599999999999999e-5,true
joint-mip-central,R9-T5-H-minusout,model,28,22,0.0,MW,7.599999999999999e-5,true
joint-mip-central,R9-T5-envelope,model,28,22,0.0,MW,7.599999999999999e-5,true
joint-mip-central,R9-T5-loss,model,28,22,0.0,MW,7.599999999999999e-5,true
joint-mip-central,R9-T5-direction,model,29,22,0.0,1,1.0e-6,true
joint-mip-central,R9-T5-integer,model,29,22,0.0,1,1.0e-6,true
joint-mip-central,R9-T5-m-plus,model,29,22,0.0,kg/s,0.0001284494047619048,true
joint-mip-central,R9-T5-H-plusin,model,29,22,0.0,MW,7.599999999999999e-5,true
joint-mip-central,R9-T5-envelope,model,29,22,0.0,MW,7.599999999999999e-5,true
joint-mip-central,R9-T5-H-plusout,model,29,22,0.0,MW,7.599999999999999e-5,true
joint-mip-central,R9-T5-envelope,model,29,22,0.0,MW,7.599999999999999e-5,true
joint-mip-central,R9-T5-loss,model,29,22,8.673617379884035e-18,MW,7.599999999999999e-5,true
joint-mip-central,R9-T5-m-minus,model,29,22,0.0,kg/s,0.0001284494047619048,true
joint-mip-central,R9-T5-H-minusin,model,29,22,0.0,MW,7.599999999999999e-5,true
joint-mip-central,R9-T5-envelope,model,29,22,0.0,MW,7.599999999999999e-5,true
joint-mip-central,R9-T5-H-minusout,model,29,22,0.0,MW,7.599999999999999e-5,true
joint-mip-central,R9-T5-envelope,model,29,22,0.0,MW,7.599999999999999e-5,true
joint-mip-central,R9-T5-loss,model,29,22,0.0,MW,7.599999999999999e-5,true
joint-mip-central,R9-T5-direction,model,30,22,0.0,1,1.0e-6,true
joint-mip-central,R9-T5-integer,model,30,22,0.0,1,1.0e-6,true
joint-mip-central,R9-T5-m-plus,model,30,22,0.0,kg/s,0.0001284494047619048,true
joint-mip-central,R9-T5-H-plusin,model,30,22,0.0,MW,7.599999999999999e-5,true
joint-mip-central,R9-T5-envelope,model,30,22,0.0,MW,7.599999999999999e-5,true
joint-mip-central,R9-T5-H-plusout,model,30,22,0.0,MW,7.599999999999999e-5,true
joint-mip-central,R9-T5-envelope,model,30,22,0.0,MW,7.599999999999999e-5,true
joint-mip-central,R9-T5-loss,model,30,22,1.734723475976807e-18,MW,7.599999999999999e-5,true
joint-mip-central,R9-T5-m-minus,model,30,22,0.0,kg/s,0.0001284494047619048,true
joint-mip-central,R9-T5-H-minusin,model,30,22,0.0,MW,7.599999999999999e-5,true
joint-mip-central,R9-T5-envelope,model,30,22,0.0,MW,7.599999999999999e-5,true
joint-mip-central,R9-T5-H-minusout,model,30,22,0.0,MW,7.599999999999999e-5,true
joint-mip-central,R9-T5-envelope,model,30,22,0.0,MW,7.599999999999999e-5,true
joint-mip-central,R9-T5-loss,model,30,22,0.0,MW,7.599999999999999e-5,true
joint-mip-central,R9-T5-direction,model,31,22,0.0,1,1.0e-6,true
joint-mip-central,R9-T5-integer,model,31,22,0.0,1,1.0e-6,true
joint-mip-central,R9-T5-m-plus,model,31,22,0.0,kg/s,0.0001284494047619048,true
joint-mip-central,R9-T5-H-plusin,model,31,22,0.0,MW,7.599999999999999e-5,true
joint-mip-central,R9-T5-envelope,model,31,22,0.0,MW,7.599999999999999e-5,true
joint-mip-central,R9-T5-H-plusout,model,31,22,0.0,MW,7.599999999999999e-5,true
joint-mip-central,R9-T5-envelope,model,31,22,0.0,MW,7.599999999999999e-5,true
joint-mip-central,R9-T5-loss,model,31,22,3.469446951953614e-18,MW,7.599999999999999e-5,true
joint-mip-central,R9-T5-m-minus,model,31,22,0.0,kg/s,0.0001284494047619048,true
joint-mip-central,R9-T5-H-minusin,model,31,22,0.0,MW,7.599999999999999e-5,true
joint-mip-central,R9-T5-envelope,model,31,22,0.0,MW,7.599999999999999e-5,true
joint-mip-central,R9-T5-H-minusout,model,31,22,0.0,MW,7.599999999999999e-5,true
joint-mip-central,R9-T5-envelope,model,31,22,0.0,MW,7.599999999999999e-5,true
joint-mip-central,R9-T5-loss,model,31,22,0.0,MW,7.599999999999999e-5,true
joint-mip-central,R9-T5-direction,model,32,22,0.0,1,1.0e-6,true
joint-mip-central,R9-T5-integer,model,32,22,0.0,1,1.0e-6,true
joint-mip-central,R9-T5-m-plus,model,32,22,0.0,kg/s,0.0001284494047619048,true
joint-mip-central,R9-T5-H-plusin,model,32,22,0.0,MW,7.599999999999999e-5,true
joint-mip-central,R9-T5-envelope,model,32,22,0.0,MW,7.599999999999999e-5,true
joint-mip-central,R9-T5-H-plusout,model,32,22,0.0,MW,7.599999999999999e-5,true
joint-mip-central,R9-T5-envelope,model,32,22,0.0,MW,7.599999999999999e-5,true
joint-mip-central,R9-T5-loss,model,32,22,1.734723475976807e-18,MW,7.599999999999999e-5,true
joint-mip-central,R9-T5-m-minus,model,32,22,0.0,kg/s,0.0001284494047619048,true
joint-mip-central,R9-T5-H-minusin,model,32,22,0.0,MW,7.599999999999999e-5,true
joint-mip-central,R9-T5-envelope,model,32,22,0.0,MW,7.599999999999999e-5,true
joint-mip-central,R9-T5-H-minusout,model,32,22,0.0,MW,7.599999999999999e-5,true
joint-mip-central,R9-T5-envelope,model,32,22,0.0,MW,7.599999999999999e-5,true
joint-mip-central,R9-T5-loss,model,32,22,0.0,MW,7.599999999999999e-5,true
joint-mip-central,R9-T5-direction,model,33,22,0.0,1,1.0e-6,true
joint-mip-central,R9-T5-integer,model,33,22,0.0,1,1.0e-6,true
joint-mip-central,R9-T5-m-plus,model,33,22,0.0,kg/s,0.0001284494047619048,true
joint-mip-central,R9-T5-H-plusin,model,33,22,0.0,MW,7.599999999999999e-5,true
joint-mip-central,R9-T5-envelope,model,33,22,0.0,MW,7.599999999999999e-5,true
joint-mip-central,R9-T5-H-plusout,model,33,22,0.0,MW,7.599999999999999e-5,true
joint-mip-central,R9-T5-envelope,model,33,22,0.0,MW,7.599999999999999e-5,true
joint-mip-central,R9-T5-loss,model,33,22,1.9081958235744878e-17,MW,7.599999999999999e-5,true
joint-mip-central,R9-T5-m-minus,model,33,22,0.0,kg/s,0.0001284494047619048,true
joint-mip-central,R9-T5-H-minusin,model,33,22,0.0,MW,7.599999999999999e-5,true
joint-mip-central,R9-T5-envelope,model,33,22,0.0,MW,7.599999999999999e-5,true
joint-mip-central,R9-T5-H-minusout,model,33,22,0.0,MW,7.599999999999999e-5,true
joint-mip-central,R9-T5-envelope,model,33,22,0.0,MW,7.599999999999999e-5,true
joint-mip-central,R9-T5-loss,model,33,22,0.0,MW,7.599999999999999e-5,true
joint-mip-central,R9-T5-direction,model,34,22,0.0,1,1.0e-6,true
joint-mip-central,R9-T5-integer,model,34,22,0.0,1,1.0e-6,true
joint-mip-central,R9-T5-m-plus,model,34,22,0.0,kg/s,0.0001284494047619048,true
joint-mip-central,R9-T5-H-plusin,model,34,22,0.0,MW,7.599999999999999e-5,true
joint-mip-central,R9-T5-envelope,model,34,22,0.0,MW,7.599999999999999e-5,true
joint-mip-central,R9-T5-H-plusout,model,34,22,0.0,MW,7.599999999999999e-5,true
joint-mip-central,R9-T5-envelope,model,34,22,0.0,MW,7.599999999999999e-5,true
joint-mip-central,R9-T5-loss,model,34,22,8.673617379884035e-18,MW,7.599999999999999e-5,true
joint-mip-central,R9-T5-m-minus,model,34,22,0.0,kg/s,0.0001284494047619048,true
joint-mip-central,R9-T5-H-minusin,model,34,22,0.0,MW,7.599999999999999e-5,true
joint-mip-central,R9-T5-envelope,model,34,22,0.0,MW,7.599999999999999e-5,true
joint-mip-central,R9-T5-H-minusout,model,34,22,0.0,MW,7.599999999999999e-5,true
joint-mip-central,R9-T5-envelope,model,34,22,0.0,MW,7.599999999999999e-5,true
joint-mip-central,R9-T5-loss,model,34,22,0.0,MW,7.599999999999999e-5,true
joint-mip-central,R9-T5-direction,model,35,22,0.0,1,1.0e-6,true
joint-mip-central,R9-T5-integer,model,35,22,0.0,1,1.0e-6,true
joint-mip-central,R9-T5-m-plus,model,35,22,0.0,kg/s,0.0001284494047619048,true
joint-mip-central,R9-T5-H-plusin,model,35,22,0.0,MW,7.599999999999999e-5,true
joint-mip-central,R9-T5-envelope,model,35,22,0.0,MW,7.599999999999999e-5,true
joint-mip-central,R9-T5-H-plusout,model,35,22,0.0,MW,7.599999999999999e-5,true
joint-mip-central,R9-T5-envelope,model,35,22,0.0,MW,7.599999999999999e-5,true
joint-mip-central,R9-T5-loss,model,35,22,3.469446951953614e-18,MW,7.599999999999999e-5,true
joint-mip-central,R9-T5-m-minus,model,35,22,0.0,kg/s,0.0001284494047619048,true
joint-mip-central,R9-T5-H-minusin,model,35,22,0.0,MW,7.599999999999999e-5,true
joint-mip-central,R9-T5-envelope,model,35,22,0.0,MW,7.599999999999999e-5,true
joint-mip-central,R9-T5-H-minusout,model,35,22,0.0,MW,7.599999999999999e-5,true
joint-mip-central,R9-T5-envelope,model,35,22,0.0,MW,7.599999999999999e-5,true
joint-mip-central,R9-T5-loss,model,35,22,0.0,MW,7.599999999999999e-5,true
joint-mip-central,R9-T5-direction,model,36,22,0.0,1,1.0e-6,true
joint-mip-central,R9-T5-integer,model,36,22,0.0,1,1.0e-6,true
joint-mip-central,R9-T5-m-plus,model,36,22,0.0,kg/s,0.0001284494047619048,true
joint-mip-central,R9-T5-H-plusin,model,36,22,0.0,MW,7.599999999999999e-5,true
joint-mip-central,R9-T5-envelope,model,36,22,0.0,MW,7.599999999999999e-5,true
joint-mip-central,R9-T5-H-plusout,model,36,22,0.0,MW,7.599999999999999e-5,true
joint-mip-central,R9-T5-envelope,model,36,22,0.0,MW,7.599999999999999e-5,true
joint-mip-central,R9-T5-loss,model,36,22,3.469446951953614e-18,MW,7.599999999999999e-5,true
joint-mip-central,R9-T5-m-minus,model,36,22,0.0,kg/s,0.0001284494047619048,true
joint-mip-central,R9-T5-H-minusin,model,36,22,0.0,MW,7.599999999999999e-5,true
joint-mip-central,R9-T5-envelope,model,36,22,0.0,MW,7.599999999999999e-5,true
joint-mip-central,R9-T5-H-minusout,model,36,22,0.0,MW,7.599999999999999e-5,true
joint-mip-central,R9-T5-envelope,model,36,22,0.0,MW,7.599999999999999e-5,true
joint-mip-central,R9-T5-loss,model,36,22,0.0,MW,7.599999999999999e-5,true
joint-mip-central,R9-T5-direction,model,37,22,0.0,1,1.0e-6,true
joint-mip-central,R9-T5-integer,model,37,22,0.0,1,1.0e-6,true
joint-mip-central,R9-T5-m-plus,model,37,22,0.0,kg/s,0.0001284494047619048,true
joint-mip-central,R9-T5-H-plusin,model,37,22,0.0,MW,7.599999999999999e-5,true
joint-mip-central,R9-T5-envelope,model,37,22,0.0,MW,7.599999999999999e-5,true
joint-mip-central,R9-T5-H-plusout,model,37,22,0.0,MW,7.599999999999999e-5,true
joint-mip-central,R9-T5-envelope,model,37,22,0.0,MW,7.599999999999999e-5,true
joint-mip-central,R9-T5-loss,model,37,22,1.734723475976807e-18,MW,7.599999999999999e-5,true
joint-mip-central,R9-T5-m-minus,model,37,22,0.0,kg/s,0.0001284494047619048,true
joint-mip-central,R9-T5-H-minusin,model,37,22,0.0,MW,7.599999999999999e-5,true
joint-mip-central,R9-T5-envelope,model,37,22,0.0,MW,7.599999999999999e-5,true
joint-mip-central,R9-T5-H-minusout,model,37,22,0.0,MW,7.599999999999999e-5,true
joint-mip-central,R9-T5-envelope,model,37,22,0.0,MW,7.599999999999999e-5,true
joint-mip-central,R9-T5-loss,model,37,22,0.0,MW,7.599999999999999e-5,true
joint-mip-central,R9-T5-direction,model,38,22,0.0,1,1.0e-6,true
joint-mip-central,R9-T5-integer,model,38,22,0.0,1,1.0e-6,true
joint-mip-central,R9-T5-m-plus,model,38,22,0.0,kg/s,0.0001284494047619048,true
joint-mip-central,R9-T5-H-plusin,model,38,22,0.0,MW,7.599999999999999e-5,true
joint-mip-central,R9-T5-envelope,model,38,22,0.0,MW,7.599999999999999e-5,true
joint-mip-central,R9-T5-H-plusout,model,38,22,0.0,MW,7.599999999999999e-5,true
joint-mip-central,R9-T5-envelope,model,38,22,0.0,MW,7.599999999999999e-5,true
joint-mip-central,R9-T5-loss,model,38,22,0.0,MW,7.599999999999999e-5,true
joint-mip-central,R9-T5-m-minus,model,38,22,0.0,kg/s,0.0001284494047619048,true
joint-mip-central,R9-T5-H-minusin,model,38,22,0.0,MW,7.599999999999999e-5,true
joint-mip-central,R9-T5-envelope,model,38,22,0.0,MW,7.599999999999999e-5,true
joint-mip-central,R9-T5-H-minusout,model,38,22,0.0,MW,7.599999999999999e-5,true
joint-mip-central,R9-T5-envelope,model,38,22,0.0,MW,7.599999999999999e-5,true
joint-mip-central,R9-T5-loss,model,38,22,0.0,MW,7.599999999999999e-5,true
joint-mip-central,R9-T5-direction,model,39,22,0.0,1,1.0e-6,true
joint-mip-central,R9-T5-integer,model,39,22,0.0,1,1.0e-6,true
joint-mip-central,R9-T5-m-plus,model,39,22,0.0,kg/s,0.0001284494047619048,true
joint-mip-central,R9-T5-H-plusin,model,39,22,0.0,MW,7.599999999999999e-5,true
joint-mip-central,R9-T5-envelope,model,39,22,0.0,MW,7.599999999999999e-5,true
joint-mip-central,R9-T5-H-plusout,model,39,22,0.0,MW,7.599999999999999e-5,true
joint-mip-central,R9-T5-envelope,model,39,22,0.0,MW,7.599999999999999e-5,true
joint-mip-central,R9-T5-loss,model,39,22,0.0,MW,7.599999999999999e-5,true
joint-mip-central,R9-T5-m-minus,model,39,22,0.0,kg/s,0.0001284494047619048,true
joint-mip-central,R9-T5-H-minusin,model,39,22,0.0,MW,7.599999999999999e-5,true
joint-mip-central,R9-T5-envelope,model,39,22,0.0,MW,7.599999999999999e-5,true
joint-mip-central,R9-T5-H-minusout,model,39,22,0.0,MW,7.599999999999999e-5,true
joint-mip-central,R9-T5-envelope,model,39,22,0.0,MW,7.599999999999999e-5,true
joint-mip-central,R9-T5-loss,model,39,22,0.0,MW,7.599999999999999e-5,true
joint-mip-central,R9-T5-source-capacity,model,1,22,0.0,kg/s,0.0001284494047619048,true
joint-mip-central,R9-T5-load-capacity,model,1,22,0.0,kg/s,0.0001284494047619048,true
joint-mip-central,R9-T5-nonnegative-port,model,1,22,0.0,kg/s,0.0001284494047619048,true
joint-mip-central,R9-T5-port-source,model,1,22,0.0,MW,7.599999999999999e-5,true
joint-mip-central,R9-T5-nonnegative-port,model,1,22,0.0,kg/s,0.0001284494047619048,true
joint-mip-central,R9-T5-port-load,model,1,22,0.0,MW,7.599999999999999e-5,true
joint-mip-central,R9-T5-heat-balance,model,1,22,2.1082025014607098e-12,MW,7.599999999999999e-5,true
joint-mip-central,R9-T5-mass-balance,model,1,22,1.7763568394002505e-15,kg/s,0.0001284494047619048,true
joint-mip-central,R9-T5-source-capacity,model,2,22,0.0,kg/s,0.0001284494047619048,true
joint-mip-central,R9-T5-load-capacity,model,2,22,0.0,kg/s,0.0001284494047619048,true
joint-mip-central,R9-T5-nonnegative-port,model,2,22,0.0,kg/s,0.0001284494047619048,true
joint-mip-central,R9-T5-port-source,model,2,22,0.0,MW,7.599999999999999e-5,true
joint-mip-central,R9-T5-nonnegative-port,model,2,22,0.0,kg/s,0.0001284494047619048,true
joint-mip-central,R9-T5-port-load,model,2,22,0.0,MW,7.599999999999999e-5,true
joint-mip-central,R9-T5-heat-balance,model,2,22,0.0,MW,7.599999999999999e-5,true
joint-mip-central,R9-T5-mass-balance,model,2,22,0.0,kg/s,0.0001284494047619048,true
joint-mip-central,R9-T5-source-capacity,model,3,22,0.0,kg/s,0.0001284494047619048,true
joint-mip-central,R9-T5-load-capacity,model,3,22,0.0,kg/s,0.0001284494047619048,true
joint-mip-central,R9-T5-nonnegative-port,model,3,22,0.0,kg/s,0.0001284494047619048,true
joint-mip-central,R9-T5-port-source,model,3,22,0.0,MW,7.599999999999999e-5,true
joint-mip-central,R9-T5-nonnegative-port,model,3,22,0.0,kg/s,0.0001284494047619048,true
joint-mip-central,R9-T5-port-load,model,3,22,0.0,MW,7.599999999999999e-5,true
joint-mip-central,R9-T5-heat-balance,model,3,22,1.4053203045705231e-12,MW,7.599999999999999e-5,true
joint-mip-central,R9-T5-mass-balance,model,3,22,1.4050982599655981e-12,kg/s,0.0001284494047619048,true
joint-mip-central,R9-T5-source-capacity,model,4,22,0.0,kg/s,0.0001284494047619048,true
joint-mip-central,R9-T5-load-capacity,model,4,22,0.0,kg/s,0.0001284494047619048,true
joint-mip-central,R9-T5-nonnegative-port,model,4,22,0.0,kg/s,0.0001284494047619048,true
joint-mip-central,R9-T5-port-source,model,4,22,0.0,MW,7.599999999999999e-5,true
joint-mip-central,R9-T5-nonnegative-port,model,4,22,0.0,kg/s,0.0001284494047619048,true
joint-mip-central,R9-T5-port-load,model,4,22,0.0,MW,7.599999999999999e-5,true
joint-mip-central,R9-T5-heat-balance,model,4,22,4.440892098500626e-16,MW,7.599999999999999e-5,true
joint-mip-central,R9-T5-mass-balance,model,4,22,0.0,kg/s,0.0001284494047619048,true
joint-mip-central,R9-T5-source-capacity,model,5,22,0.0,kg/s,0.0001284494047619048,true
joint-mip-central,R9-T5-load-capacity,model,5,22,0.0,kg/s,0.0001284494047619048,true
joint-mip-central,R9-T5-nonnegative-port,model,5,22,0.0,kg/s,0.0001284494047619048,true
joint-mip-central,R9-T5-port-source,model,5,22,0.0,MW,7.599999999999999e-5,true
joint-mip-central,R9-T5-nonnegative-port,model,5,22,0.0,kg/s,0.0001284494047619048,true
joint-mip-central,R9-T5-port-load,model,5,22,0.0,MW,7.599999999999999e-5,true
joint-mip-central,R9-T5-heat-balance,model,5,22,7.025074966193756e-13,MW,7.599999999999999e-5,true
joint-mip-central,R9-T5-mass-balance,model,5,22,2.220446049250313e-15,kg/s,0.0001284494047619048,true
joint-mip-central,R9-T5-source-capacity,model,6,22,0.0,kg/s,0.0001284494047619048,true
joint-mip-central,R9-T5-load-capacity,model,6,22,0.0,kg/s,0.0001284494047619048,true
joint-mip-central,R9-T5-nonnegative-port,model,6,22,0.0,kg/s,0.0001284494047619048,true
joint-mip-central,R9-T5-port-source,model,6,22,0.0,MW,7.599999999999999e-5,true
joint-mip-central,R9-T5-nonnegative-port,model,6,22,0.0,kg/s,0.0001284494047619048,true
joint-mip-central,R9-T5-port-load,model,6,22,0.0,MW,7.599999999999999e-5,true
joint-mip-central,R9-T5-heat-balance,model,6,22,0.0,MW,7.599999999999999e-5,true
joint-mip-central,R9-T5-mass-balance,model,6,22,0.0,kg/s,0.0001284494047619048,true
joint-mip-central,R9-T5-source-capacity,model,7,22,0.0,kg/s,0.0001284494047619048,true
joint-mip-central,R9-T5-load-capacity,model,7,22,0.0,kg/s,0.0001284494047619048,true
joint-mip-central,R9-T5-nonnegative-port,model,7,22,0.0,kg/s,0.0001284494047619048,true
joint-mip-central,R9-T5-port-source,model,7,22,0.0,MW,7.599999999999999e-5,true
joint-mip-central,R9-T5-nonnegative-port,model,7,22,0.0,kg/s,0.0001284494047619048,true
joint-mip-central,R9-T5-port-load,model,7,22,0.0,MW,7.599999999999999e-5,true
joint-mip-central,R9-T5-heat-balance,model,7,22,7.025491299827991e-13,MW,7.599999999999999e-5,true
joint-mip-central,R9-T5-mass-balance,model,7,22,0.0,kg/s,0.0001284494047619048,true
joint-mip-central,R9-T5-source-capacity,model,8,22,0.0,kg/s,0.0001284494047619048,true
joint-mip-central,R9-T5-load-capacity,model,8,22,0.0,kg/s,0.0001284494047619048,true
joint-mip-central,R9-T5-nonnegative-port,model,8,22,0.0,kg/s,0.0001284494047619048,true
joint-mip-central,R9-T5-port-source,model,8,22,0.0,MW,7.599999999999999e-5,true
joint-mip-central,R9-T5-nonnegative-port,model,8,22,0.0,kg/s,0.0001284494047619048,true
joint-mip-central,R9-T5-port-load,model,8,22,0.0,MW,7.599999999999999e-5,true
joint-mip-central,R9-T5-heat-balance,model,8,22,0.0,MW,7.599999999999999e-5,true
joint-mip-central,R9-T5-mass-balance,model,8,22,0.0,kg/s,0.0001284494047619048,true
joint-mip-central,R9-T5-source-capacity,model,9,22,0.0,kg/s,0.0001284494047619048,true
joint-mip-central,R9-T5-load-capacity,model,9,22,0.0,kg/s,0.0001284494047619048,true
joint-mip-central,R9-T5-nonnegative-port,model,9,22,0.0,kg/s,0.0001284494047619048,true
joint-mip-central,R9-T5-port-source,model,9,22,0.0,MW,7.599999999999999e-5,true
joint-mip-central,R9-T5-nonnegative-port,model,9,22,0.0,kg/s,0.0001284494047619048,true
joint-mip-central,R9-T5-port-load,model,9,22,0.0,MW,7.599999999999999e-5,true
joint-mip-central,R9-T5-heat-balance,model,9,22,5.551115123125783e-17,MW,7.599999999999999e-5,true
joint-mip-central,R9-T5-mass-balance,model,9,22,0.0,kg/s,0.0001284494047619048,true
joint-mip-central,R9-T5-source-capacity,model,10,22,0.0,kg/s,0.0001284494047619048,true
joint-mip-central,R9-T5-load-capacity,model,10,22,0.0,kg/s,0.0001284494047619048,true
joint-mip-central,R9-T5-nonnegative-port,model,10,22,0.0,kg/s,0.0001284494047619048,true
joint-mip-central,R9-T5-port-source,model,10,22,0.0,MW,7.599999999999999e-5,true
joint-mip-central,R9-T5-nonnegative-port,model,10,22,0.0,kg/s,0.0001284494047619048,true
joint-mip-central,R9-T5-port-load,model,10,22,0.0,MW,7.599999999999999e-5,true
joint-mip-central,R9-T5-heat-balance,model,10,22,0.0,MW,7.599999999999999e-5,true
joint-mip-central,R9-T5-mass-balance,model,10,22,2.809308341511496e-12,kg/s,0.0001284494047619048,true
joint-mip-central,R9-T5-source-capacity,model,11,22,0.0,kg/s,0.0001284494047619048,true
joint-mip-central,R9-T5-load-capacity,model,11,22,0.0,kg/s,0.0001284494047619048,true
joint-mip-central,R9-T5-nonnegative-port,model,11,22,0.0,kg/s,0.0001284494047619048,true
joint-mip-central,R9-T5-port-source,model,11,22,0.0,MW,7.599999999999999e-5,true
joint-mip-central,R9-T5-nonnegative-port,model,11,22,0.0,kg/s,0.0001284494047619048,true
joint-mip-central,R9-T5-port-load,model,11,22,0.0,MW,7.599999999999999e-5,true
joint-mip-central,R9-T5-heat-balance,model,11,22,0.0,MW,7.599999999999999e-5,true
joint-mip-central,R9-T5-mass-balance,model,11,22,2.809308341511496e-12,kg/s,0.0001284494047619048,true
joint-mip-central,R9-T5-source-capacity,model,12,22,0.0,kg/s,0.0001284494047619048,true
joint-mip-central,R9-T5-load-capacity,model,12,22,0.0,kg/s,0.0001284494047619048,true
joint-mip-central,R9-T5-nonnegative-port,model,12,22,0.0,kg/s,0.0001284494047619048,true
joint-mip-central,R9-T5-port-source,model,12,22,0.0,MW,7.599999999999999e-5,true
joint-mip-central,R9-T5-nonnegative-port,model,12,22,0.0,kg/s,0.0001284494047619048,true
joint-mip-central,R9-T5-port-load,model,12,22,0.0,MW,7.599999999999999e-5,true
joint-mip-central,R9-T5-heat-balance,model,12,22,0.0,MW,7.599999999999999e-5,true
joint-mip-central,R9-T5-mass-balance,model,12,22,2.809308341511496e-12,kg/s,0.0001284494047619048,true
joint-mip-central,R9-T5-source-capacity,model,13,22,0.0,kg/s,0.0001284494047619048,true
joint-mip-central,R9-T5-load-capacity,model,13,22,0.0,kg/s,0.0001284494047619048,true
joint-mip-central,R9-T5-nonnegative-port,model,13,22,0.0,kg/s,0.0001284494047619048,true
joint-mip-central,R9-T5-port-source,model,13,22,0.0,MW,7.599999999999999e-5,true
joint-mip-central,R9-T5-nonnegative-port,model,13,22,0.0,kg/s,0.0001284494047619048,true
joint-mip-central,R9-T5-port-load,model,13,22,0.0,MW,7.599999999999999e-5,true
joint-mip-central,R9-T5-heat-balance,model,13,22,0.0,MW,7.599999999999999e-5,true
joint-mip-central,R9-T5-mass-balance,model,13,22,2.809308341511496e-12,kg/s,0.0001284494047619048,true
joint-mip-central,R9-T5-source-capacity,model,14,22,0.0,kg/s,0.0001284494047619048,true
joint-mip-central,R9-T5-load-capacity,model,14,22,0.0,kg/s,0.0001284494047619048,true
joint-mip-central,R9-T5-nonnegative-port,model,14,22,0.0,kg/s,0.0001284494047619048,true
joint-mip-central,R9-T5-port-source,model,14,22,0.0,MW,7.599999999999999e-5,true
joint-mip-central,R9-T5-nonnegative-port,model,14,22,0.0,kg/s,0.0001284494047619048,true
joint-mip-central,R9-T5-port-load,model,14,22,0.0,MW,7.599999999999999e-5,true
joint-mip-central,R9-T5-heat-balance,model,14,22,0.0,MW,7.599999999999999e-5,true
joint-mip-central,R9-T5-mass-balance,model,14,22,0.0,kg/s,0.0001284494047619048,true
joint-mip-central,R9-T5-source-capacity,model,15,22,0.0,kg/s,0.0001284494047619048,true
joint-mip-central,R9-T5-load-capacity,model,15,22,0.0,kg/s,0.0001284494047619048,true
joint-mip-central,R9-T5-nonnegative-port,model,15,22,0.0,kg/s,0.0001284494047619048,true
joint-mip-central,R9-T5-port-source,model,15,22,0.0,MW,7.599999999999999e-5,true
joint-mip-central,R9-T5-nonnegative-port,model,15,22,0.0,kg/s,0.0001284494047619048,true
joint-mip-central,R9-T5-port-load,model,15,22,0.0,MW,7.599999999999999e-5,true
joint-mip-central,R9-T5-heat-balance,model,15,22,3.1086244689504383e-15,MW,7.599999999999999e-5,true
joint-mip-central,R9-T5-mass-balance,model,15,22,5.623057575121493e-12,kg/s,0.0001284494047619048,true
joint-mip-central,R9-T5-source-capacity,model,16,22,0.0,kg/s,0.0001284494047619048,true
joint-mip-central,R9-T5-load-capacity,model,16,22,0.0,kg/s,0.0001284494047619048,true
joint-mip-central,R9-T5-nonnegative-port,model,16,22,0.0,kg/s,0.0001284494047619048,true
joint-mip-central,R9-T5-port-source,model,16,22,0.0,MW,7.599999999999999e-5,true
joint-mip-central,R9-T5-nonnegative-port,model,16,22,0.0,kg/s,0.0001284494047619048,true
joint-mip-central,R9-T5-port-load,model,16,22,0.0,MW,7.599999999999999e-5,true
joint-mip-central,R9-T5-heat-balance,model,16,22,8.326672684688674e-17,MW,7.599999999999999e-5,true
joint-mip-central,R9-T5-mass-balance,model,16,22,0.0,kg/s,0.0001284494047619048,true
joint-mip-central,R9-T5-source-capacity,model,17,22,0.0,kg/s,0.0001284494047619048,true
joint-mip-central,R9-T5-load-capacity,model,17,22,0.0,kg/s,0.0001284494047619048,true
joint-mip-central,R9-T5-nonnegative-port,model,17,22,0.0,kg/s,0.0001284494047619048,true
joint-mip-central,R9-T5-port-source,model,17,22,0.0,MW,7.599999999999999e-5,true
joint-mip-central,R9-T5-nonnegative-port,model,17,22,0.0,kg/s,0.0001284494047619048,true
joint-mip-central,R9-T5-port-load,model,17,22,0.0,MW,7.599999999999999e-5,true
joint-mip-central,R9-T5-heat-balance,model,17,22,0.0,MW,7.599999999999999e-5,true
joint-mip-central,R9-T5-mass-balance,model,17,22,8.881784197001252e-16,kg/s,0.0001284494047619048,true
joint-mip-central,R9-T5-source-capacity,model,18,22,0.0,kg/s,0.0001284494047619048,true
joint-mip-central,R9-T5-load-capacity,model,18,22,0.0,kg/s,0.0001284494047619048,true
joint-mip-central,R9-T5-nonnegative-port,model,18,22,0.0,kg/s,0.0001284494047619048,true
joint-mip-central,R9-T5-port-source,model,18,22,0.0,MW,7.599999999999999e-5,true
joint-mip-central,R9-T5-nonnegative-port,model,18,22,0.0,kg/s,0.0001284494047619048,true
joint-mip-central,R9-T5-port-load,model,18,22,0.0,MW,7.599999999999999e-5,true
joint-mip-central,R9-T5-heat-balance,model,18,22,2.7755575615628914e-17,MW,7.599999999999999e-5,true
joint-mip-central,R9-T5-mass-balance,model,18,22,0.0,kg/s,0.0001284494047619048,true
joint-mip-central,R9-T5-source-capacity,model,19,22,0.0,kg/s,0.0001284494047619048,true
joint-mip-central,R9-T5-load-capacity,model,19,22,0.0,kg/s,0.0001284494047619048,true
joint-mip-central,R9-T5-nonnegative-port,model,19,22,0.0,kg/s,0.0001284494047619048,true
joint-mip-central,R9-T5-port-source,model,19,22,0.0,MW,7.599999999999999e-5,true
joint-mip-central,R9-T5-nonnegative-port,model,19,22,0.0,kg/s,0.0001284494047619048,true
joint-mip-central,R9-T5-port-load,model,19,22,0.0,MW,7.599999999999999e-5,true
joint-mip-central,R9-T5-heat-balance,model,19,22,1.3877787807814457e-17,MW,7.599999999999999e-5,true
joint-mip-central,R9-T5-mass-balance,model,19,22,5.551115123125783e-15,kg/s,0.0001284494047619048,true
joint-mip-central,R9-T5-source-capacity,model,20,22,0.0,kg/s,0.0001284494047619048,true
joint-mip-central,R9-T5-load-capacity,model,20,22,0.0,kg/s,0.0001284494047619048,true
joint-mip-central,R9-T5-nonnegative-port,model,20,22,0.0,kg/s,0.0001284494047619048,true
joint-mip-central,R9-T5-port-source,model,20,22,0.0,MW,7.599999999999999e-5,true
joint-mip-central,R9-T5-nonnegative-port,model,20,22,0.0,kg/s,0.0001284494047619048,true
joint-mip-central,R9-T5-port-load,model,20,22,0.0,MW,7.599999999999999e-5,true
joint-mip-central,R9-T5-heat-balance,model,20,22,0.0,MW,7.599999999999999e-5,true
joint-mip-central,R9-T5-mass-balance,model,20,22,0.0,kg/s,0.0001284494047619048,true
joint-mip-central,R9-T5-source-capacity,model,21,22,0.0,kg/s,0.0001284494047619048,true
joint-mip-central,R9-T5-load-capacity,model,21,22,0.0,kg/s,0.0001284494047619048,true
joint-mip-central,R9-T5-nonnegative-port,model,21,22,0.0,kg/s,0.0001284494047619048,true
joint-mip-central,R9-T5-port-source,model,21,22,0.0,MW,7.599999999999999e-5,true
joint-mip-central,R9-T5-nonnegative-port,model,21,22,0.0,kg/s,0.0001284494047619048,true
joint-mip-central,R9-T5-port-load,model,21,22,0.0,MW,7.599999999999999e-5,true
joint-mip-central,R9-T5-heat-balance,model,21,22,6.938893903907228e-18,MW,7.599999999999999e-5,true
joint-mip-central,R9-T5-mass-balance,model,21,22,0.0,kg/s,0.0001284494047619048,true
joint-mip-central,R9-T5-source-capacity,model,22,22,0.0,kg/s,0.0001284494047619048,true
joint-mip-central,R9-T5-load-capacity,model,22,22,0.0,kg/s,0.0001284494047619048,true
joint-mip-central,R9-T5-nonnegative-port,model,22,22,0.0,kg/s,0.0001284494047619048,true
joint-mip-central,R9-T5-port-source,model,22,22,0.0,MW,7.599999999999999e-5,true
joint-mip-central,R9-T5-nonnegative-port,model,22,22,0.0,kg/s,0.0001284494047619048,true
joint-mip-central,R9-T5-port-load,model,22,22,0.0,MW,7.599999999999999e-5,true
joint-mip-central,R9-T5-heat-balance,model,22,22,0.0,MW,7.599999999999999e-5,true
joint-mip-central,R9-T5-mass-balance,model,22,22,0.0,kg/s,0.0001284494047619048,true
joint-mip-central,R9-T5-source-capacity,model,23,22,0.0,kg/s,0.0001284494047619048,true
joint-mip-central,R9-T5-load-capacity,model,23,22,0.0,kg/s,0.0001284494047619048,true
joint-mip-central,R9-T5-nonnegative-port,model,23,22,0.0,kg/s,0.0001284494047619048,true
joint-mip-central,R9-T5-port-source,model,23,22,0.0,MW,7.599999999999999e-5,true
joint-mip-central,R9-T5-nonnegative-port,model,23,22,0.0,kg/s,0.0001284494047619048,true
joint-mip-central,R9-T5-port-load,model,23,22,0.0,MW,7.599999999999999e-5,true
joint-mip-central,R9-T5-heat-balance,model,23,22,0.0,MW,7.599999999999999e-5,true
joint-mip-central,R9-T5-mass-balance,model,23,22,0.0,kg/s,0.0001284494047619048,true
joint-mip-central,R9-T5-source-capacity,model,24,22,0.0,kg/s,0.0001284494047619048,true
joint-mip-central,R9-T5-load-capacity,model,24,22,0.0,kg/s,0.0001284494047619048,true
joint-mip-central,R9-T5-nonnegative-port,model,24,22,0.0,kg/s,0.0001284494047619048,true
joint-mip-central,R9-T5-port-source,model,24,22,0.0,MW,7.599999999999999e-5,true
joint-mip-central,R9-T5-nonnegative-port,model,24,22,0.0,kg/s,0.0001284494047619048,true
joint-mip-central,R9-T5-port-load,model,24,22,0.0,MW,7.599999999999999e-5,true
joint-mip-central,R9-T5-heat-balance,model,24,22,0.0,MW,7.599999999999999e-5,true
joint-mip-central,R9-T5-mass-balance,model,24,22,2.8101965199311962e-12,kg/s,0.0001284494047619048,true
joint-mip-central,R9-T5-source-capacity,model,25,22,0.0,kg/s,0.0001284494047619048,true
joint-mip-central,R9-T5-load-capacity,model,25,22,0.0,kg/s,0.0001284494047619048,true
joint-mip-central,R9-T5-nonnegative-port,model,25,22,0.0,kg/s,0.0001284494047619048,true
joint-mip-central,R9-T5-port-source,model,25,22,0.0,MW,7.599999999999999e-5,true
joint-mip-central,R9-T5-nonnegative-port,model,25,22,0.0,kg/s,0.0001284494047619048,true
joint-mip-central,R9-T5-port-load,model,25,22,0.0,MW,7.599999999999999e-5,true
joint-mip-central,R9-T5-heat-balance,model,25,22,0.0,MW,7.599999999999999e-5,true
joint-mip-central,R9-T5-mass-balance,model,25,22,2.808420163091796e-12,kg/s,0.0001284494047619048,true
joint-mip-central,R9-T5-source-capacity,model,26,22,0.0,kg/s,0.0001284494047619048,true
joint-mip-central,R9-T5-load-capacity,model,26,22,0.0,kg/s,0.0001284494047619048,true
joint-mip-central,R9-T5-nonnegative-port,model,26,22,0.0,kg/s,0.0001284494047619048,true
joint-mip-central,R9-T5-port-source,model,26,22,0.0,MW,7.599999999999999e-5,true
joint-mip-central,R9-T5-nonnegative-port,model,26,22,0.0,kg/s,0.0001284494047619048,true
joint-mip-central,R9-T5-port-load,model,26,22,0.0,MW,7.599999999999999e-5,true
joint-mip-central,R9-T5-heat-balance,model,26,22,6.999262280871221e-13,MW,7.599999999999999e-5,true
joint-mip-central,R9-T5-mass-balance,model,26,22,1.1102230246251565e-15,kg/s,0.0001284494047619048,true
joint-mip-central,R9-T5-source-capacity,model,27,22,0.0,kg/s,0.0001284494047619048,true
joint-mip-central,R9-T5-load-capacity,model,27,22,0.0,kg/s,0.0001284494047619048,true
joint-mip-central,R9-T5-nonnegative-port,model,27,22,0.0,kg/s,0.0001284494047619048,true
joint-mip-central,R9-T5-port-source,model,27,22,0.0,MW,7.599999999999999e-5,true
joint-mip-central,R9-T5-nonnegative-port,model,27,22,0.0,kg/s,0.0001284494047619048,true
joint-mip-central,R9-T5-port-load,model,27,22,0.0,MW,7.599999999999999e-5,true
joint-mip-central,R9-T5-heat-balance,model,27,22,0.0,MW,7.599999999999999e-5,true
joint-mip-central,R9-T5-mass-balance,model,27,22,0.0,kg/s,0.0001284494047619048,true
joint-mip-central,R9-T5-source-capacity,model,28,22,0.0,kg/s,0.0001284494047619048,true
joint-mip-central,R9-T5-load-capacity,model,28,22,0.0,kg/s,0.0001284494047619048,true
joint-mip-central,R9-T5-nonnegative-port,model,28,22,0.0,kg/s,0.0001284494047619048,true
joint-mip-central,R9-T5-port-source,model,28,22,0.0,MW,7.599999999999999e-5,true
joint-mip-central,R9-T5-nonnegative-port,model,28,22,0.0,kg/s,0.0001284494047619048,true
joint-mip-central,R9-T5-port-load,model,28,22,0.0,MW,7.599999999999999e-5,true
joint-mip-central,R9-T5-heat-balance,model,28,22,0.0,MW,7.599999999999999e-5,true
joint-mip-central,R9-T5-mass-balance,model,28,22,0.0,kg/s,0.0001284494047619048,true
joint-mip-central,R9-T5-source-capacity,model,29,22,0.0,kg/s,0.0001284494047619048,true
joint-mip-central,R9-T5-load-capacity,model,29,22,0.0,kg/s,0.0001284494047619048,true
joint-mip-central,R9-T5-nonnegative-port,model,29,22,0.0,kg/s,0.0001284494047619048,true
joint-mip-central,R9-T5-port-source,model,29,22,0.0,MW,7.599999999999999e-5,true
joint-mip-central,R9-T5-nonnegative-port,model,29,22,0.0,kg/s,0.0001284494047619048,true
joint-mip-central,R9-T5-port-load,model,29,22,0.0,MW,7.599999999999999e-5,true
joint-mip-central,R9-T5-heat-balance,model,29,22,0.0,MW,7.599999999999999e-5,true
joint-mip-central,R9-T5-mass-balance,model,29,22,6.217248937900877e-15,kg/s,0.0001284494047619048,true
joint-mip-central,R9-T5-source-capacity,model,30,22,0.0,kg/s,0.0001284494047619048,true
joint-mip-central,R9-T5-load-capacity,model,30,22,0.0,kg/s,0.0001284494047619048,true
joint-mip-central,R9-T5-nonnegative-port,model,30,22,0.0,kg/s,0.0001284494047619048,true
joint-mip-central,R9-T5-port-source,model,30,22,0.0,MW,7.599999999999999e-5,true
joint-mip-central,R9-T5-nonnegative-port,model,30,22,0.0,kg/s,0.0001284494047619048,true
joint-mip-central,R9-T5-port-load,model,30,22,0.0,MW,7.599999999999999e-5,true
joint-mip-central,R9-T5-heat-balance,model,30,22,6.938893903907228e-18,MW,7.599999999999999e-5,true
joint-mip-central,R9-T5-mass-balance,model,30,22,0.0,kg/s,0.0001284494047619048,true
joint-mip-central,R9-T5-source-capacity,model,31,22,0.0,kg/s,0.0001284494047619048,true
joint-mip-central,R9-T5-load-capacity,model,31,22,0.0,kg/s,0.0001284494047619048,true
joint-mip-central,R9-T5-nonnegative-port,model,31,22,0.0,kg/s,0.0001284494047619048,true
joint-mip-central,R9-T5-port-source,model,31,22,0.0,MW,7.599999999999999e-5,true
joint-mip-central,R9-T5-nonnegative-port,model,31,22,0.0,kg/s,0.0001284494047619048,true
joint-mip-central,R9-T5-port-load,model,31,22,0.0,MW,7.599999999999999e-5,true
joint-mip-central,R9-T5-heat-balance,model,31,22,0.0,MW,7.599999999999999e-5,true
joint-mip-central,R9-T5-mass-balance,model,31,22,0.0,kg/s,0.0001284494047619048,true
joint-mip-central,R9-T5-source-capacity,model,32,22,0.0,kg/s,0.0001284494047619048,true
joint-mip-central,R9-T5-load-capacity,model,32,22,0.0,kg/s,0.0001284494047619048,true
joint-mip-central,R9-T5-nonnegative-port,model,32,22,0.0,kg/s,0.0001284494047619048,true
joint-mip-central,R9-T5-port-source,model,32,22,0.0,MW,7.599999999999999e-5,true
joint-mip-central,R9-T5-nonnegative-port,model,32,22,0.0,kg/s,0.0001284494047619048,true
joint-mip-central,R9-T5-port-load,model,32,22,0.0,MW,7.599999999999999e-5,true
joint-mip-central,R9-T5-heat-balance,model,32,22,0.0,MW,7.599999999999999e-5,true
joint-mip-central,R9-T5-mass-balance,model,32,22,0.0,kg/s,0.0001284494047619048,true
joint-mip-central,R9-T5-source-capacity,model,33,22,0.0,kg/s,0.0001284494047619048,true
joint-mip-central,R9-T5-load-capacity,model,33,22,0.0,kg/s,0.0001284494047619048,true
joint-mip-central,R9-T5-nonnegative-port,model,33,22,0.0,kg/s,0.0001284494047619048,true
joint-mip-central,R9-T5-port-source,model,33,22,0.0,MW,7.599999999999999e-5,true
joint-mip-central,R9-T5-nonnegative-port,model,33,22,0.0,kg/s,0.0001284494047619048,true
joint-mip-central,R9-T5-port-load,model,33,22,0.0,MW,7.599999999999999e-5,true
joint-mip-central,R9-T5-heat-balance,model,33,22,6.938893903907228e-18,MW,7.599999999999999e-5,true
joint-mip-central,R9-T5-mass-balance,model,33,22,4.440892098500626e-16,kg/s,0.0001284494047619048,true
joint-mip-central,R9-T5-source-capacity,model,34,22,0.0,kg/s,0.0001284494047619048,true
joint-mip-central,R9-T5-load-capacity,model,34,22,0.0,kg/s,0.0001284494047619048,true
joint-mip-central,R9-T5-nonnegative-port,model,34,22,0.0,kg/s,0.0001284494047619048,true
joint-mip-central,R9-T5-port-source,model,34,22,0.0,MW,7.599999999999999e-5,true
joint-mip-central,R9-T5-nonnegative-port,model,34,22,0.0,kg/s,0.0001284494047619048,true
joint-mip-central,R9-T5-port-load,model,34,22,0.0,MW,7.599999999999999e-5,true
joint-mip-central,R9-T5-heat-balance,model,34,22,0.0,MW,7.599999999999999e-5,true
joint-mip-central,R9-T5-mass-balance,model,34,22,0.0,kg/s,0.0001284494047619048,true
joint-mip-central,R9-T5-source-capacity,model,35,22,0.0,kg/s,0.0001284494047619048,true
joint-mip-central,R9-T5-load-capacity,model,35,22,0.0,kg/s,0.0001284494047619048,true
joint-mip-central,R9-T5-nonnegative-port,model,35,22,0.0,kg/s,0.0001284494047619048,true
joint-mip-central,R9-T5-port-source,model,35,22,0.0,MW,7.599999999999999e-5,true
joint-mip-central,R9-T5-nonnegative-port,model,35,22,0.0,kg/s,0.0001284494047619048,true
joint-mip-central,R9-T5-port-load,model,35,22,0.0,MW,7.599999999999999e-5,true
joint-mip-central,R9-T5-heat-balance,model,35,22,0.0,MW,7.599999999999999e-5,true
joint-mip-central,R9-T5-mass-balance,model,35,22,0.0,kg/s,0.0001284494047619048,true
joint-mip-central,R9-T5-source-capacity,model,36,22,0.0,kg/s,0.0001284494047619048,true
joint-mip-central,R9-T5-load-capacity,model,36,22,0.0,kg/s,0.0001284494047619048,true
joint-mip-central,R9-T5-nonnegative-port,model,36,22,0.0,kg/s,0.0001284494047619048,true
joint-mip-central,R9-T5-port-source,model,36,22,0.0,MW,7.599999999999999e-5,true
joint-mip-central,R9-T5-nonnegative-port,model,36,22,0.0,kg/s,0.0001284494047619048,true
joint-mip-central,R9-T5-port-load,model,36,22,0.0,MW,7.599999999999999e-5,true
joint-mip-central,R9-T5-heat-balance,model,36,22,0.0,MW,7.599999999999999e-5,true
joint-mip-central,R9-T5-mass-balance,model,36,22,4.440892098500626e-16,kg/s,0.0001284494047619048,true
joint-mip-central,R9-T5-source-capacity,model,37,22,0.0,kg/s,0.0001284494047619048,true
joint-mip-central,R9-T5-load-capacity,model,37,22,0.0,kg/s,0.0001284494047619048,true
joint-mip-central,R9-T5-nonnegative-port,model,37,22,0.0,kg/s,0.0001284494047619048,true
joint-mip-central,R9-T5-port-source,model,37,22,0.0,MW,7.599999999999999e-5,true
joint-mip-central,R9-T5-nonnegative-port,model,37,22,0.0,kg/s,0.0001284494047619048,true
joint-mip-central,R9-T5-port-load,model,37,22,0.0,MW,7.599999999999999e-5,true
joint-mip-central,R9-T5-heat-balance,model,37,22,6.938893903907228e-18,MW,7.599999999999999e-5,true
joint-mip-central,R9-T5-mass-balance,model,37,22,4.440892098500626e-16,kg/s,0.0001284494047619048,true
joint-mip-central,R9-T5-source-capacity,model,38,22,0.0,kg/s,0.0001284494047619048,true
joint-mip-central,R9-T5-load-capacity,model,38,22,0.0,kg/s,0.0001284494047619048,true
joint-mip-central,R9-T5-nonnegative-port,model,38,22,0.0,kg/s,0.0001284494047619048,true
joint-mip-central,R9-T5-port-source,model,38,22,0.0,MW,7.599999999999999e-5,true
joint-mip-central,R9-T5-nonnegative-port,model,38,22,0.0,kg/s,0.0001284494047619048,true
joint-mip-central,R9-T5-port-load,model,38,22,0.0,MW,7.599999999999999e-5,true
joint-mip-central,R9-T5-heat-balance,model,38,22,0.0,MW,7.599999999999999e-5,true
joint-mip-central,R9-T5-mass-balance,model,38,22,0.0,kg/s,0.0001284494047619048,true
joint-mip-central,R9-T4-P-grid,model,0,23,0.0,MW,7.599999999999999e-5,true
joint-mip-central,R9-T4-Q-grid,model,0,23,0.0,Mvar,7.599999999999999e-5,true
joint-mip-central,R9-T4-root,model,44,23,0.0,1,1.0e-6,true
joint-mip-central,R9-T4-P,model,1,23,0.0,pu,1.0e-6,true
joint-mip-central,R9-T4-Q,model,1,23,0.0,pu,1.0e-6,true
joint-mip-central,R9-T4-ell,model,1,23,0.0,pu²,1.0e-6,true
joint-mip-central,ch04-032,model,1,23,7.036492911030438e-13,pu²,1.0e-6,true
joint-mip-central,R9-T4-grid,model,1,23,0.0,pu²,1.0e-6,true
joint-mip-central,R9-T4-original-grid,electric_original,1,23,1.4160469595514424e-8,pu²,1.0e-6,true
joint-mip-central,R9-T4-P,model,2,23,0.0,pu,1.0e-6,true
joint-mip-central,R9-T4-Q,model,2,23,0.0,pu,1.0e-6,true
joint-mip-central,R9-T4-ell,model,2,23,0.0,pu²,1.0e-6,true
joint-mip-central,ch04-032,model,2,23,7.026510536691004e-13,pu²,1.0e-6,true
joint-mip-central,R9-T4-grid,model,2,23,0.0,pu²,1.0e-6,true
joint-mip-central,R9-T4-original-grid,electric_original,2,23,4.7192391938732925e-9,pu²,1.0e-6,true
joint-mip-central,R9-T4-P,model,3,23,0.0,pu,1.0e-6,true
joint-mip-central,R9-T4-Q,model,3,23,0.0,pu,1.0e-6,true
joint-mip-central,R9-T4-ell,model,3,23,0.0,pu²,1.0e-6,true
joint-mip-central,ch04-032,model,3,23,5.229842213557345e-13,pu²,1.0e-6,true
joint-mip-central,R9-T4-grid,model,3,23,0.0,pu²,1.0e-6,true
joint-mip-central,R9-T4-original-grid,electric_original,3,23,6.71875650601339e-10,pu²,1.0e-6,true
joint-mip-central,R9-T4-P,model,4,23,0.0,pu,1.0e-6,true
joint-mip-central,R9-T4-Q,model,4,23,0.0,pu,1.0e-6,true
joint-mip-central,R9-T4-ell,model,4,23,0.0,pu²,1.0e-6,true
joint-mip-central,ch04-032,model,4,23,5.223353411785785e-13,pu²,1.0e-6,true
joint-mip-central,R9-T4-grid,model,4,23,0.0,pu²,1.0e-6,true
joint-mip-central,R9-T4-original-grid,electric_original,4,23,2.646867007798266e-10,pu²,1.0e-6,true
joint-mip-central,R9-T4-P,model,5,23,0.0,pu,1.0e-6,true
joint-mip-central,R9-T4-Q,model,5,23,0.0,pu,1.0e-6,true
joint-mip-central,R9-T4-ell,model,5,23,0.0,pu²,1.0e-6,true
joint-mip-central,ch04-032,model,5,23,1.5226816271215029e-13,pu²,1.0e-6,true
joint-mip-central,R9-T4-grid,model,5,23,0.0,pu²,1.0e-6,true
joint-mip-central,R9-T4-original-grid,electric_original,5,23,1.9405693436717886e-10,pu²,1.0e-6,true
joint-mip-central,R9-T4-P,model,6,23,0.0,pu,1.0e-6,true
joint-mip-central,R9-T4-Q,model,6,23,0.0,pu,1.0e-6,true
joint-mip-central,R9-T4-ell,model,6,23,0.0,pu²,1.0e-6,true
joint-mip-central,ch04-032,model,6,23,1.5577678154978262e-13,pu²,1.0e-6,true
joint-mip-central,R9-T4-grid,model,6,23,0.0,pu²,1.0e-6,true
joint-mip-central,R9-T4-original-grid,electric_original,6,23,1.3625068799171403e-10,pu²,1.0e-6,true
joint-mip-central,R9-T4-P,model,7,23,0.0,pu,1.0e-6,true
joint-mip-central,R9-T4-Q,model,7,23,0.0,pu,1.0e-6,true
joint-mip-central,R9-T4-ell,model,7,23,0.0,pu²,1.0e-6,true
joint-mip-central,ch04-032,model,7,23,8.71596902724675e-18,pu²,1.0e-6,true
joint-mip-central,R9-T4-grid,model,7,23,0.0,pu²,1.0e-6,true
joint-mip-central,R9-T4-original-grid,electric_original,7,23,6.591564340657557e-11,pu²,1.0e-6,true
joint-mip-central,R9-T4-P,model,8,23,0.0,pu,1.0e-6,true
joint-mip-central,R9-T4-Q,model,8,23,0.0,pu,1.0e-6,true
joint-mip-central,R9-T4-ell,model,8,23,0.0,pu²,1.0e-6,true
joint-mip-central,ch04-032,model,8,23,1.468220207209909e-12,pu²,1.0e-6,true
joint-mip-central,R9-T4-grid,model,8,23,0.0,pu²,1.0e-6,true
joint-mip-central,R9-T4-original-grid,electric_original,8,23,1.0734395130586327e-8,pu²,1.0e-6,true
joint-mip-central,R9-T4-P,model,9,23,0.0,pu,1.0e-6,true
joint-mip-central,R9-T4-Q,model,9,23,0.0,pu,1.0e-6,true
joint-mip-central,R9-T4-ell,model,9,23,0.0,pu²,1.0e-6,true
joint-mip-central,ch04-032,model,9,23,1.4646162209327454e-12,pu²,1.0e-6,true
joint-mip-central,R9-T4-grid,model,9,23,0.0,pu²,1.0e-6,true
joint-mip-central,R9-T4-original-grid,electric_original,9,23,1.0981852011310647e-8,pu²,1.0e-6,true
joint-mip-central,R9-T4-P,model,10,23,0.0,pu,1.0e-6,true
joint-mip-central,R9-T4-Q,model,10,23,0.0,pu,1.0e-6,true
joint-mip-central,R9-T4-ell,model,10,23,0.0,pu²,1.0e-6,true
joint-mip-central,ch04-032,model,10,23,3.339291572816987e-13,pu²,1.0e-6,true
joint-mip-central,R9-T4-grid,model,10,23,0.0,pu²,1.0e-6,true
joint-mip-central,R9-T4-original-grid,electric_original,10,23,3.1785185442868846e-10,pu²,1.0e-6,true
joint-mip-central,R9-T4-P,model,11,23,0.0,pu,1.0e-6,true
joint-mip-central,R9-T4-Q,model,11,23,0.0,pu,1.0e-6,true
joint-mip-central,R9-T4-ell,model,11,23,0.0,pu²,1.0e-6,true
joint-mip-central,ch04-032,model,11,23,3.3367146529518846e-13,pu²,1.0e-6,true
joint-mip-central,R9-T4-grid,model,11,23,0.0,pu²,1.0e-6,true
joint-mip-central,R9-T4-original-grid,electric_original,11,23,2.698199455205587e-10,pu²,1.0e-6,true
joint-mip-central,R9-T4-P,model,12,23,0.0,pu,1.0e-6,true
joint-mip-central,R9-T4-Q,model,12,23,0.0,pu,1.0e-6,true
joint-mip-central,R9-T4-ell,model,12,23,0.0,pu²,1.0e-6,true
joint-mip-central,ch04-032,model,12,23,4.38551308440914e-17,pu²,1.0e-6,true
joint-mip-central,R9-T4-grid,model,12,23,0.0,pu²,1.0e-6,true
joint-mip-central,R9-T4-original-grid,electric_original,12,23,6.661137417205473e-11,pu²,1.0e-6,true
joint-mip-central,R9-T4-P,model,13,23,0.0,pu,1.0e-6,true
joint-mip-central,R9-T4-Q,model,13,23,0.0,pu,1.0e-6,true
joint-mip-central,R9-T4-ell,model,13,23,0.0,pu²,1.0e-6,true
joint-mip-central,ch04-032,model,13,23,9.636015359051095e-13,pu²,1.0e-6,true
joint-mip-central,R9-T4-grid,model,13,23,0.0,pu²,1.0e-6,true
joint-mip-central,R9-T4-original-grid,electric_original,13,23,1.3099764640546983e-10,pu²,1.0e-6,true
joint-mip-central,R9-T4-P,model,14,23,0.0,pu,1.0e-6,true
joint-mip-central,R9-T4-Q,model,14,23,0.0,pu,1.0e-6,true
joint-mip-central,R9-T4-ell,model,14,23,0.0,pu²,1.0e-6,true
joint-mip-central,ch04-032,model,14,23,2.459953085415939e-17,pu²,1.0e-6,true
joint-mip-central,R9-T4-grid,model,14,23,0.0,pu²,1.0e-6,true
joint-mip-central,R9-T4-original-grid,electric_original,14,23,7.752085991291863e-11,pu²,1.0e-6,true
joint-mip-central,R9-T4-P,model,15,23,0.0,pu,1.0e-6,true
joint-mip-central,R9-T4-Q,model,15,23,0.0,pu,1.0e-6,true
joint-mip-central,R9-T4-ell,model,15,23,0.0,pu²,1.0e-6,true
joint-mip-central,ch04-032,model,15,23,2.9462939927409407e-16,pu²,1.0e-6,true
joint-mip-central,R9-T4-grid,model,15,23,0.0,pu²,1.0e-6,true
joint-mip-central,R9-T4-original-grid,electric_original,15,23,6.000244411573374e-10,pu²,1.0e-6,true
joint-mip-central,R9-T4-P,model,16,23,0.0,pu,1.0e-6,true
joint-mip-central,R9-T4-Q,model,16,23,0.0,pu,1.0e-6,true
joint-mip-central,R9-T4-ell,model,16,23,0.0,pu²,1.0e-6,true
joint-mip-central,ch04-032,model,16,23,2.1346724436927325e-13,pu²,1.0e-6,true
joint-mip-central,R9-T4-grid,model,16,23,0.0,pu²,1.0e-6,true
joint-mip-central,R9-T4-original-grid,electric_original,16,23,1.345930594081647e-10,pu²,1.0e-6,true
joint-mip-central,R9-T4-P,model,17,23,0.0,pu,1.0e-6,true
joint-mip-central,R9-T4-Q,model,17,23,0.0,pu,1.0e-6,true
joint-mip-central,R9-T4-ell,model,17,23,0.0,pu²,1.0e-6,true
joint-mip-central,ch04-032,model,17,23,3.6710407934001377e-17,pu²,1.0e-6,true
joint-mip-central,R9-T4-grid,model,17,23,0.0,pu²,1.0e-6,true
joint-mip-central,R9-T4-original-grid,electric_original,17,23,7.676583192156431e-11,pu²,1.0e-6,true
joint-mip-central,R9-T4-P,model,18,23,0.0,pu,1.0e-6,true
joint-mip-central,R9-T4-Q,model,18,23,0.0,pu,1.0e-6,true
joint-mip-central,R9-T4-ell,model,18,23,0.0,pu²,1.0e-6,true
joint-mip-central,ch04-032,model,18,23,4.1593383468332967e-16,pu²,1.0e-6,true
joint-mip-central,R9-T4-grid,model,18,23,0.0,pu²,1.0e-6,true
joint-mip-central,R9-T4-original-grid,electric_original,18,23,3.823308604390327e-10,pu²,1.0e-6,true
joint-mip-central,R9-T4-P,model,19,23,0.0,pu,1.0e-6,true
joint-mip-central,R9-T4-Q,model,19,23,0.0,pu,1.0e-6,true
joint-mip-central,R9-T4-ell,model,19,23,0.0,pu²,1.0e-6,true
joint-mip-central,ch04-032,model,19,23,1.2122990921537144e-13,pu²,1.0e-6,true
joint-mip-central,R9-T4-grid,model,19,23,0.0,pu²,1.0e-6,true
joint-mip-central,R9-T4-original-grid,electric_original,19,23,1.331387215102245e-10,pu²,1.0e-6,true
joint-mip-central,R9-T4-P,model,20,23,0.0,pu,1.0e-6,true
joint-mip-central,R9-T4-Q,model,20,23,0.0,pu,1.0e-6,true
joint-mip-central,R9-T4-ell,model,20,23,0.0,pu²,1.0e-6,true
joint-mip-central,ch04-032,model,20,23,3.8360428115252754e-17,pu²,1.0e-6,true
joint-mip-central,R9-T4-grid,model,20,23,0.0,pu²,1.0e-6,true
joint-mip-central,R9-T4-original-grid,electric_original,20,23,7.547692607360029e-11,pu²,1.0e-6,true
joint-mip-central,R9-T4-P,model,21,23,0.0,pu,1.0e-6,true
joint-mip-central,R9-T4-Q,model,21,23,0.0,pu,1.0e-6,true
joint-mip-central,R9-T4-ell,model,21,23,0.0,pu²,1.0e-6,true
joint-mip-central,ch04-032,model,21,23,2.8912487096306727e-15,pu²,1.0e-6,true
joint-mip-central,R9-T4-grid,model,21,23,0.0,pu²,1.0e-6,true
joint-mip-central,R9-T4-original-grid,electric_original,21,23,1.932369954966897e-10,pu²,1.0e-6,true
joint-mip-central,R9-T4-P,model,22,23,0.0,pu,1.0e-6,true
joint-mip-central,R9-T4-Q,model,22,23,0.0,pu,1.0e-6,true
joint-mip-central,R9-T4-ell,model,22,23,0.0,pu²,1.0e-6,true
joint-mip-central,ch04-032,model,22,23,3.7972487025410284e-18,pu²,1.0e-6,true
joint-mip-central,R9-T4-grid,model,22,23,0.0,pu²,1.0e-6,true
joint-mip-central,R9-T4-original-grid,electric_original,22,23,6.580000778321155e-11,pu²,1.0e-6,true
joint-mip-central,R9-T4-P,model,23,23,0.0,pu,1.0e-6,true
joint-mip-central,R9-T4-Q,model,23,23,0.0,pu,1.0e-6,true
joint-mip-central,R9-T4-ell,model,23,23,0.0,pu²,1.0e-6,true
joint-mip-central,ch04-032,model,23,23,4.672318440349446e-17,pu²,1.0e-6,true
joint-mip-central,R9-T4-grid,model,23,23,0.0,pu²,1.0e-6,true
joint-mip-central,R9-T4-original-grid,electric_original,23,23,6.577701729647278e-11,pu²,1.0e-6,true
joint-mip-central,R9-T4-P,model,24,23,0.0,pu,1.0e-6,true
joint-mip-central,R9-T4-Q,model,24,23,0.0,pu,1.0e-6,true
joint-mip-central,R9-T4-ell,model,24,23,0.0,pu²,1.0e-6,true
joint-mip-central,ch04-032,model,24,23,2.547606595896656e-15,pu²,1.0e-6,true
joint-mip-central,R9-T4-grid,model,24,23,0.0,pu²,1.0e-6,true
joint-mip-central,R9-T4-original-grid,electric_original,24,23,1.9740301141759828e-10,pu²,1.0e-6,true
joint-mip-central,R9-T4-P,model,25,23,0.0,pu,1.0e-6,true
joint-mip-central,R9-T4-Q,model,25,23,0.0,pu,1.0e-6,true
joint-mip-central,R9-T4-ell,model,25,23,0.0,pu²,1.0e-6,true
joint-mip-central,ch04-032,model,25,23,1.1995680599015401e-17,pu²,1.0e-6,true
joint-mip-central,R9-T4-grid,model,25,23,0.0,pu²,1.0e-6,true
joint-mip-central,R9-T4-original-grid,electric_original,25,23,6.82588422396479e-11,pu²,1.0e-6,true
joint-mip-central,R9-T4-P,model,26,23,0.0,pu,1.0e-6,true
joint-mip-central,R9-T4-Q,model,26,23,0.0,pu,1.0e-6,true
joint-mip-central,R9-T4-ell,model,26,23,0.0,pu²,1.0e-6,true
joint-mip-central,ch04-032,model,26,23,4.9919039713484936e-17,pu²,1.0e-6,true
joint-mip-central,R9-T4-grid,model,26,23,0.0,pu²,1.0e-6,true
joint-mip-central,R9-T4-original-grid,electric_original,26,23,6.829993337662422e-11,pu²,1.0e-6,true
joint-mip-central,R9-T4-P,model,27,23,0.0,pu,1.0e-6,true
joint-mip-central,R9-T4-Q,model,27,23,0.0,pu,1.0e-6,true
joint-mip-central,R9-T4-ell,model,27,23,0.0,pu²,1.0e-6,true
joint-mip-central,ch04-032,model,27,23,3.5193938929323817e-13,pu²,1.0e-6,true
joint-mip-central,R9-T4-grid,model,27,23,0.0,pu²,1.0e-6,true
joint-mip-central,R9-T4-original-grid,electric_original,27,23,1.3006939606321002e-10,pu²,1.0e-6,true
joint-mip-central,R9-T4-P,model,28,23,0.0,pu,1.0e-6,true
joint-mip-central,R9-T4-Q,model,28,23,0.0,pu,1.0e-6,true
joint-mip-central,R9-T4-ell,model,28,23,0.0,pu²,1.0e-6,true
joint-mip-central,ch04-032,model,28,23,4.422104907730526e-17,pu²,1.0e-6,true
joint-mip-central,R9-T4-grid,model,28,23,0.0,pu²,1.0e-6,true
joint-mip-central,R9-T4-original-grid,electric_original,28,23,6.788079640214755e-11,pu²,1.0e-6,true
joint-mip-central,R9-T4-P,model,29,23,0.0,pu,1.0e-6,true
joint-mip-central,R9-T4-Q,model,29,23,0.0,pu,1.0e-6,true
joint-mip-central,R9-T4-ell,model,29,23,0.0,pu²,1.0e-6,true
joint-mip-central,ch04-032,model,29,23,6.367382165080901e-13,pu²,1.0e-6,true
joint-mip-central,R9-T4-grid,model,29,23,0.0,pu²,1.0e-6,true
joint-mip-central,R9-T4-original-grid,electric_original,29,23,4.866044793667978e-10,pu²,1.0e-6,true
joint-mip-central,R9-T4-P,model,30,23,0.0,pu,1.0e-6,true
joint-mip-central,R9-T4-Q,model,30,23,0.0,pu,1.0e-6,true
joint-mip-central,R9-T4-ell,model,30,23,0.0,pu²,1.0e-6,true
joint-mip-central,ch04-032,model,30,23,3.3832189979231264e-17,pu²,1.0e-6,true
joint-mip-central,R9-T4-grid,model,30,23,0.0,pu²,1.0e-6,true
joint-mip-central,R9-T4-original-grid,electric_original,30,23,6.792937408726203e-11,pu²,1.0e-6,true
joint-mip-central,R9-T4-P,model,31,23,0.0,pu,1.0e-6,true
joint-mip-central,R9-T4-Q,model,31,23,0.0,pu,1.0e-6,true
joint-mip-central,R9-T4-ell,model,31,23,0.0,pu²,1.0e-6,true
joint-mip-central,ch04-032,model,31,23,5.26250000294312e-13,pu²,1.0e-6,true
joint-mip-central,R9-T4-grid,model,31,23,0.0,pu²,1.0e-6,true
joint-mip-central,R9-T4-original-grid,electric_original,31,23,7.753953186993845e-10,pu²,1.0e-6,true
joint-mip-central,R9-T4-P,model,32,23,0.0,pu,1.0e-6,true
joint-mip-central,R9-T4-Q,model,32,23,0.0,pu,1.0e-6,true
joint-mip-central,R9-T4-ell,model,32,23,0.0,pu²,1.0e-6,true
joint-mip-central,ch04-032,model,32,23,3.405411261141189e-17,pu²,1.0e-6,true
joint-mip-central,R9-T4-grid,model,32,23,0.0,pu²,1.0e-6,true
joint-mip-central,R9-T4-original-grid,electric_original,32,23,8.075477064394682e-10,pu²,1.0e-6,true
joint-mip-central,R9-T4-P,model,33,23,0.0,pu,1.0e-6,true
joint-mip-central,R9-T4-Q,model,33,23,0.0,pu,1.0e-6,true
joint-mip-central,R9-T4-ell,model,33,23,0.0,pu²,1.0e-6,true
joint-mip-central,ch04-032,model,33,23,9.076090577780579e-13,pu²,1.0e-6,true
joint-mip-central,R9-T4-grid,model,33,23,0.0,pu²,1.0e-6,true
joint-mip-central,R9-T4-original-grid,electric_original,33,23,1.2529568632624333e-9,pu²,1.0e-6,true
joint-mip-central,R9-T4-P,model,34,23,0.0,pu,1.0e-6,true
joint-mip-central,R9-T4-Q,model,34,23,0.0,pu,1.0e-6,true
joint-mip-central,R9-T4-ell,model,34,23,0.0,pu²,1.0e-6,true
joint-mip-central,ch04-032,model,34,23,9.065697106588107e-13,pu²,1.0e-6,true
joint-mip-central,R9-T4-grid,model,34,23,0.0,pu²,1.0e-6,true
joint-mip-central,R9-T4-original-grid,electric_original,34,23,6.128298606425386e-10,pu²,1.0e-6,true
joint-mip-central,R9-T4-P,model,35,23,0.0,pu,1.0e-6,true
joint-mip-central,R9-T4-Q,model,35,23,0.0,pu,1.0e-6,true
joint-mip-central,R9-T4-ell,model,35,23,0.0,pu²,1.0e-6,true
joint-mip-central,ch04-032,model,35,23,5.339145128075394e-17,pu²,1.0e-6,true
joint-mip-central,R9-T4-grid,model,35,23,0.0,pu²,1.0e-6,true
joint-mip-central,R9-T4-original-grid,electric_original,35,23,3.7970078524494216e-10,pu²,1.0e-6,true
joint-mip-central,R9-T4-P,model,36,23,0.0,pu,1.0e-6,true
joint-mip-central,R9-T4-Q,model,36,23,0.0,pu,1.0e-6,true
joint-mip-central,R9-T4-ell,model,36,23,0.0,pu²,1.0e-6,true
joint-mip-central,ch04-032,model,36,23,3.7968464465943774e-14,pu²,1.0e-6,true
joint-mip-central,R9-T4-grid,model,36,23,0.0,pu²,1.0e-6,true
joint-mip-central,R9-T4-original-grid,electric_original,36,23,2.0010623744766334e-10,pu²,1.0e-6,true
joint-mip-central,R9-T4-P,model,37,23,0.0,pu,1.0e-6,true
joint-mip-central,R9-T4-Q,model,37,23,0.0,pu,1.0e-6,true
joint-mip-central,R9-T4-ell,model,37,23,0.0,pu²,1.0e-6,true
joint-mip-central,ch04-032,model,37,23,4.2432115492704175e-17,pu²,1.0e-6,true
joint-mip-central,R9-T4-grid,model,37,23,0.0,pu²,1.0e-6,true
joint-mip-central,R9-T4-original-grid,electric_original,37,23,1.3664652524805168e-10,pu²,1.0e-6,true
joint-mip-central,R9-T4-P,model,38,23,0.0,pu,1.0e-6,true
joint-mip-central,R9-T4-Q,model,38,23,0.0,pu,1.0e-6,true
joint-mip-central,R9-T4-ell,model,38,23,0.0,pu²,1.0e-6,true
joint-mip-central,ch04-032,model,38,23,5.977435377981694e-13,pu²,1.0e-6,true
joint-mip-central,R9-T4-grid,model,38,23,0.0,pu²,1.0e-6,true
joint-mip-central,R9-T4-original-grid,electric_original,38,23,1.8691063397545393e-9,pu²,1.0e-6,true
joint-mip-central,R9-T4-P,model,39,23,0.0,pu,1.0e-6,true
joint-mip-central,R9-T4-Q,model,39,23,0.0,pu,1.0e-6,true
joint-mip-central,R9-T4-ell,model,39,23,0.0,pu²,1.0e-6,true
joint-mip-central,ch04-032,model,39,23,5.987910704320606e-13,pu²,1.0e-6,true
joint-mip-central,R9-T4-grid,model,39,23,0.0,pu²,1.0e-6,true
joint-mip-central,R9-T4-original-grid,electric_original,39,23,3.048861400975142e-9,pu²,1.0e-6,true
joint-mip-central,R9-T4-P,model,40,23,0.0,pu,1.0e-6,true
joint-mip-central,R9-T4-Q,model,40,23,0.0,pu,1.0e-6,true
joint-mip-central,R9-T4-ell,model,40,23,0.0,pu²,1.0e-6,true
joint-mip-central,ch04-032,model,40,23,1.0172288920026626e-15,pu²,1.0e-6,true
joint-mip-central,R9-T4-grid,model,40,23,0.0,pu²,1.0e-6,true
joint-mip-central,R9-T4-original-grid,electric_original,40,23,2.325955917887451e-9,pu²,1.0e-6,true
joint-mip-central,R9-T4-P,model,41,23,0.0,pu,1.0e-6,true
joint-mip-central,R9-T4-Q,model,41,23,0.0,pu,1.0e-6,true
joint-mip-central,R9-T4-ell,model,41,23,0.0,pu²,1.0e-6,true
joint-mip-central,ch04-032,model,41,23,1.6805133673525319e-18,pu²,1.0e-6,true
joint-mip-central,R9-T4-grid,model,41,23,0.0,pu²,1.0e-6,true
joint-mip-central,R9-T4-original-grid,electric_original,41,23,1.5940020149359056e-10,pu²,1.0e-6,true
joint-mip-central,R9-T4-P,model,42,23,0.0,pu,1.0e-6,true
joint-mip-central,R9-T4-Q,model,42,23,0.0,pu,1.0e-6,true
joint-mip-central,R9-T4-ell,model,42,23,0.0,pu²,1.0e-6,true
joint-mip-central,ch04-032,model,42,23,1.536952878673976e-13,pu²,1.0e-6,true
joint-mip-central,R9-T4-grid,model,42,23,0.0,pu²,1.0e-6,true
joint-mip-central,R9-T4-original-grid,electric_original,42,23,1.5706687491693228e-9,pu²,1.0e-6,true
joint-mip-central,R9-T4-P,model,43,23,0.0,pu,1.0e-6,true
joint-mip-central,R9-T4-Q,model,43,23,0.0,pu,1.0e-6,true
joint-mip-central,R9-T4-ell,model,43,23,0.0,pu²,1.0e-6,true
joint-mip-central,ch04-032,model,43,23,2.93636676659912e-17,pu²,1.0e-6,true
joint-mip-central,R9-T4-grid,model,43,23,0.0,pu²,1.0e-6,true
joint-mip-central,R9-T4-original-grid,electric_original,43,23,1.2834252329380893e-9,pu²,1.0e-6,true
joint-mip-central,R9-T4-P,model,44,23,0.0,pu,1.0e-6,true
joint-mip-central,R9-T4-Q,model,44,23,0.0,pu,1.0e-6,true
joint-mip-central,R9-T4-ell,model,44,23,0.0,pu²,1.0e-6,true
joint-mip-central,ch04-032,model,44,23,0.0,pu²,1.0e-6,true
joint-mip-central,R9-T4-grid,model,44,23,0.0,pu²,1.0e-6,true
joint-mip-central,R9-T4-original-grid,electric_original,44,23,0.0,pu²,1.0e-6,true
joint-mip-central,R9-T4-P,model,45,23,0.0,pu,1.0e-6,true
joint-mip-central,R9-T4-Q,model,45,23,0.0,pu,1.0e-6,true
joint-mip-central,R9-T4-ell,model,45,23,0.0,pu²,1.0e-6,true
joint-mip-central,ch04-032,model,45,23,0.0,pu²,1.0e-6,true
joint-mip-central,R9-T4-grid,model,45,23,0.0,pu²,1.0e-6,true
joint-mip-central,R9-T4-original-grid,electric_original,45,23,0.0,pu²,1.0e-6,true
joint-mip-central,R9-T4-P,model,46,23,0.0,pu,1.0e-6,true
joint-mip-central,R9-T4-Q,model,46,23,0.0,pu,1.0e-6,true
joint-mip-central,R9-T4-ell,model,46,23,0.0,pu²,1.0e-6,true
joint-mip-central,ch04-032,model,46,23,0.0,pu²,1.0e-6,true
joint-mip-central,R9-T4-grid,model,46,23,0.0,pu²,1.0e-6,true
joint-mip-central,R9-T4-original-grid,electric_original,46,23,0.0,pu²,1.0e-6,true
joint-mip-central,R9-T4-P,model,47,23,0.0,pu,1.0e-6,true
joint-mip-central,R9-T4-Q,model,47,23,0.0,pu,1.0e-6,true
joint-mip-central,R9-T4-ell,model,47,23,0.0,pu²,1.0e-6,true
joint-mip-central,ch04-032,model,47,23,0.0,pu²,1.0e-6,true
joint-mip-central,R9-T4-grid,model,47,23,0.0,pu²,1.0e-6,true
joint-mip-central,R9-T4-original-grid,electric_original,47,23,0.0,pu²,1.0e-6,true
joint-mip-central,R9-T4-voltage,model,1,23,0.0,pu²,1.0e-6,true
joint-mip-central,ch04-030:031-P,model,1,23,7.936762358440319e-12,MW,7.599999999999999e-5,true
joint-mip-central,ch04-030:031-Q,model,1,23,3.098854506333737e-12,Mvar,7.599999999999999e-5,true
joint-mip-central,R9-T4-voltage,model,2,23,0.0,pu²,1.0e-6,true
joint-mip-central,ch04-030:031-P,model,2,23,7.02105040772949e-13,MW,7.599999999999999e-5,true
joint-mip-central,ch04-030:031-Q,model,2,23,3.4794389591752406e-13,Mvar,7.599999999999999e-5,true
joint-mip-central,R9-T4-voltage,model,3,23,0.0,pu²,1.0e-6,true
joint-mip-central,ch04-030:031-P,model,3,23,1.3453682612407647e-12,MW,7.599999999999999e-5,true
joint-mip-central,ch04-030:031-Q,model,3,23,6.7346128673762e-13,Mvar,7.599999999999999e-5,true
joint-mip-central,R9-T4-voltage,model,4,23,0.0,pu²,1.0e-6,true
joint-mip-central,ch04-030:031-P,model,4,23,2.396971510165713e-12,MW,7.599999999999999e-5,true
joint-mip-central,ch04-030:031-Q,model,4,23,1.189770504339549e-12,Mvar,7.599999999999999e-5,true
joint-mip-central,R9-T4-voltage,model,5,23,0.0,pu²,1.0e-6,true
joint-mip-central,ch04-030:031-P,model,5,23,2.405631249757789e-12,MW,7.599999999999999e-5,true
joint-mip-central,ch04-030:031-Q,model,5,23,1.208394495577636e-12,Mvar,7.599999999999999e-5,true
joint-mip-central,R9-T4-voltage,model,6,23,0.0,pu²,1.0e-6,true
joint-mip-central,ch04-030:031-P,model,6,23,1.1102230246251565e-16,MW,7.599999999999999e-5,true
joint-mip-central,ch04-030:031-Q,model,6,23,8.43769498715119e-15,Mvar,7.599999999999999e-5,true
joint-mip-central,R9-T4-voltage,model,7,23,0.0,pu²,1.0e-6,true
joint-mip-central,ch04-030:031-P,model,7,23,3.0944136142352363e-12,MW,7.599999999999999e-5,true
joint-mip-central,ch04-030:031-Q,model,7,23,8.379963389870682e-13,Mvar,7.599999999999999e-5,true
joint-mip-central,R9-T4-voltage,model,8,23,0.0,pu²,1.0e-6,true
joint-mip-central,ch04-030:031-P,model,8,23,7.331468765414684e-12,MW,7.599999999999999e-5,true
joint-mip-central,ch04-030:031-Q,model,8,23,1.8969270598745425e-12,Mvar,7.599999999999999e-5,true
joint-mip-central,R9-T4-voltage,model,9,23,0.0,pu²,1.0e-6,true
joint-mip-central,ch04-030:031-P,model,9,23,1.56052948341312e-12,MW,7.599999999999999e-5,true
joint-mip-central,ch04-030:031-Q,model,9,23,7.732703366514215e-13,Mvar,7.599999999999999e-5,true
joint-mip-central,R9-T4-voltage,model,10,23,0.0,pu²,1.0e-6,true
joint-mip-central,ch04-030:031-P,model,10,23,3.613886967457347e-12,MW,7.599999999999999e-5,true
joint-mip-central,ch04-030:031-Q,model,10,23,1.7936208074331716e-12,Mvar,7.599999999999999e-5,true
joint-mip-central,R9-T4-voltage,model,11,23,0.0,pu²,1.0e-6,true
joint-mip-central,ch04-030:031-P,model,11,23,0.0,MW,7.599999999999999e-5,true
joint-mip-central,ch04-030:031-Q,model,11,23,8.548717289613705e-15,Mvar,7.599999999999999e-5,true
joint-mip-central,R9-T4-voltage,model,12,23,0.0,pu²,1.0e-6,true
joint-mip-central,ch04-030:031-P,model,12,23,5.089262344881718e-13,MW,7.599999999999999e-5,true
joint-mip-central,ch04-030:031-Q,model,12,23,2.674527266322002e-13,Mvar,7.599999999999999e-5,true
joint-mip-central,R9-T4-voltage,model,13,23,0.0,pu²,1.0e-6,true
joint-mip-central,ch04-030:031-P,model,13,23,1.255884285455977e-12,MW,7.599999999999999e-5,true
joint-mip-central,ch04-030:031-Q,model,13,23,6.179501355063621e-13,Mvar,7.599999999999999e-5,true
joint-mip-central,R9-T4-voltage,model,14,23,0.0,pu²,1.0e-6,true
joint-mip-central,ch04-030:031-P,model,14,23,2.4614754678964346e-12,MW,7.599999999999999e-5,true
joint-mip-central,ch04-030:031-Q,model,14,23,1.2353451595004117e-12,Mvar,7.599999999999999e-5,true
joint-mip-central,R9-T4-voltage,model,15,23,0.0,pu²,1.0e-6,true
joint-mip-central,ch04-030:031-P,model,15,23,1.1102230246251565e-16,MW,7.599999999999999e-5,true
joint-mip-central,ch04-030:031-Q,model,15,23,2.0539125955565396e-15,Mvar,7.599999999999999e-5,true
joint-mip-central,R9-T4-voltage,model,16,23,0.0,pu²,1.0e-6,true
joint-mip-central,ch04-030:031-P,model,16,23,9.50794998288984e-13,MW,7.599999999999999e-5,true
joint-mip-central,ch04-030:031-Q,model,16,23,4.75397499144492e-13,Mvar,7.599999999999999e-5,true
joint-mip-central,R9-T4-voltage,model,17,23,0.0,pu²,1.0e-6,true
joint-mip-central,ch04-030:031-P,model,17,23,2.337796622953192e-12,MW,7.599999999999999e-5,true
joint-mip-central,ch04-030:031-Q,model,17,23,1.1753653605950376e-12,Mvar,7.599999999999999e-5,true
joint-mip-central,R9-T4-voltage,model,18,23,0.0,pu²,1.0e-6,true
joint-mip-central,ch04-030:031-P,model,18,23,0.0,MW,7.599999999999999e-5,true
joint-mip-central,ch04-030:031-Q,model,18,23,9.43689570931383e-16,Mvar,7.599999999999999e-5,true
joint-mip-central,R9-T4-voltage,model,19,23,0.0,pu²,1.0e-6,true
joint-mip-central,ch04-030:031-P,model,19,23,0.0,MW,7.599999999999999e-5,true
joint-mip-central,ch04-030:031-Q,model,19,23,3.3861802251067274e-15,Mvar,7.599999999999999e-5,true
joint-mip-central,R9-T4-voltage,model,20,23,0.0,pu²,1.0e-6,true
joint-mip-central,ch04-030:031-P,model,20,23,1.5489831639570184e-12,MW,7.599999999999999e-5,true
joint-mip-central,ch04-030:031-Q,model,20,23,1.9682033780554775e-12,Mvar,7.599999999999999e-5,true
joint-mip-central,R9-T4-voltage,model,21,23,0.0,pu²,1.0e-6,true
joint-mip-central,ch04-030:031-P,model,21,23,5.577760475716786e-13,MW,7.599999999999999e-5,true
joint-mip-central,ch04-030:031-Q,model,21,23,2.6401103525586223e-13,Mvar,7.599999999999999e-5,true
joint-mip-central,R9-T4-voltage,model,22,23,0.0,pu²,1.0e-6,true
joint-mip-central,ch04-030:031-P,model,22,23,9.512390874988341e-13,MW,7.599999999999999e-5,true
joint-mip-central,ch04-030:031-Q,model,22,23,1.1146639167236572e-13,Mvar,7.599999999999999e-5,true
joint-mip-central,R9-T4-voltage,model,23,23,0.0,pu²,1.0e-6,true
joint-mip-central,ch04-030:031-P,model,23,23,2.1609380951304047e-12,MW,7.599999999999999e-5,true
joint-mip-central,ch04-030:031-Q,model,23,23,1.0900447211525943e-12,Mvar,7.599999999999999e-5,true
joint-mip-central,R9-T4-voltage,model,24,23,0.0,pu²,1.0e-6,true
joint-mip-central,ch04-030:031-P,model,24,23,0.0,MW,7.599999999999999e-5,true
joint-mip-central,ch04-030:031-Q,model,24,23,3.0531133177191805e-15,Mvar,7.599999999999999e-5,true
joint-mip-central,R9-T4-voltage,model,25,23,0.0,pu²,1.0e-6,true
joint-mip-central,ch04-030:031-P,model,25,23,0.0,MW,7.599999999999999e-5,true
joint-mip-central,ch04-030:031-Q,model,25,23,3.2751579226442118e-15,Mvar,7.599999999999999e-5,true
joint-mip-central,R9-T4-voltage,model,26,23,0.0,pu²,1.0e-6,true
joint-mip-central,ch04-030:031-P,model,26,23,3.9401815143946806e-13,MW,7.599999999999999e-5,true
joint-mip-central,ch04-030:031-Q,model,26,23,1.7930101847696278e-13,Mvar,7.599999999999999e-5,true
joint-mip-central,R9-T4-voltage,model,27,23,0.0,pu²,1.0e-6,true
joint-mip-central,ch04-030:031-P,model,27,23,0.0,MW,7.599999999999999e-5,true
joint-mip-central,ch04-030:031-Q,model,27,23,5.523359547510154e-15,Mvar,7.599999999999999e-5,true
joint-mip-central,R9-T4-voltage,model,28,23,0.0,pu²,1.0e-6,true
joint-mip-central,ch04-030:031-P,model,28,23,1.1656231535539519e-12,MW,7.599999999999999e-5,true
joint-mip-central,ch04-030:031-Q,model,28,23,1.7292833831561438e-12,Mvar,7.599999999999999e-5,true
joint-mip-central,R9-T4-voltage,model,29,23,0.0,pu²,1.0e-6,true
joint-mip-central,ch04-030:031-P,model,29,23,1.144140338027455e-12,MW,7.599999999999999e-5,true
joint-mip-central,ch04-030:031-Q,model,29,23,2.978728375069295e-12,Mvar,7.599999999999999e-5,true
joint-mip-central,R9-T4-voltage,model,30,23,0.0,pu²,1.0e-6,true
joint-mip-central,ch04-030:031-P,model,30,23,1.2423395645555502e-13,MW,7.599999999999999e-5,true
joint-mip-central,ch04-030:031-Q,model,30,23,3.0262459205232517e-12,Mvar,7.599999999999999e-5,true
joint-mip-central,R9-T4-voltage,model,31,23,0.0,pu²,1.0e-6,true
joint-mip-central,ch04-030:031-P,model,31,23,2.347677607872356e-12,MW,7.599999999999999e-5,true
joint-mip-central,ch04-030:031-Q,model,31,23,1.1727285809115529e-12,Mvar,7.599999999999999e-5,true
joint-mip-central,R9-T4-voltage,model,32,23,0.0,pu²,1.0e-6,true
joint-mip-central,ch04-030:031-P,model,32,23,6.927791673660977e-13,MW,7.599999999999999e-5,true
joint-mip-central,ch04-030:031-Q,model,32,23,6.18560758169906e-13,Mvar,7.599999999999999e-5,true
joint-mip-central,R9-T4-voltage,model,33,23,0.0,pu²,1.0e-6,true
joint-mip-central,ch04-030:031-P,model,33,23,5.648814749292796e-13,MW,7.599999999999999e-5,true
joint-mip-central,ch04-030:031-Q,model,33,23,2.7755575615628914e-17,Mvar,7.599999999999999e-5,true
joint-mip-central,R9-T4-voltage,model,34,23,0.0,pu²,1.0e-6,true
joint-mip-central,ch04-030:031-P,model,34,23,6.750155989720952e-13,MW,7.599999999999999e-5,true
joint-mip-central,ch04-030:031-Q,model,34,23,2.1538326677728037e-13,Mvar,7.599999999999999e-5,true
joint-mip-central,R9-T4-voltage,model,35,23,0.0,pu²,1.0e-6,true
joint-mip-central,ch04-030:031-P,model,35,23,2.504663143554353e-12,MW,7.599999999999999e-5,true
joint-mip-central,ch04-030:031-Q,model,35,23,1.028510610012745e-12,Mvar,7.599999999999999e-5,true
joint-mip-central,R9-T4-voltage,model,36,23,0.0,pu²,1.0e-6,true
joint-mip-central,ch04-030:031-P,model,36,23,1.4530598946294049e-12,MW,7.599999999999999e-5,true
joint-mip-central,ch04-030:031-Q,model,36,23,7.9328210667029e-13,Mvar,7.599999999999999e-5,true
joint-mip-central,R9-T4-voltage,model,37,23,0.0,pu²,1.0e-6,true
joint-mip-central,ch04-030:031-P,model,37,23,7.116529587847253e-13,MW,7.599999999999999e-5,true
joint-mip-central,ch04-030:031-Q,model,37,23,2.7755575615628914e-17,Mvar,7.599999999999999e-5,true
joint-mip-central,R9-T4-voltage,model,38,23,0.0,pu²,1.0e-6,true
joint-mip-central,ch04-030:031-P,model,38,23,3.659295089164516e-13,MW,7.599999999999999e-5,true
joint-mip-central,ch04-030:031-Q,model,38,23,1.9162449405030202e-13,Mvar,7.599999999999999e-5,true
joint-mip-central,R9-T4-voltage,model,39,23,0.0,pu²,1.0e-6,true
joint-mip-central,ch04-030:031-P,model,39,23,1.9737544931786033e-12,MW,7.599999999999999e-5,true
joint-mip-central,ch04-030:031-Q,model,39,23,9.849343562962076e-13,Mvar,7.599999999999999e-5,true
joint-mip-central,R9-T4-voltage,model,40,23,0.0,pu²,1.0e-6,true
joint-mip-central,ch04-030:031-P,model,40,23,0.0,MW,7.599999999999999e-5,true
joint-mip-central,ch04-030:031-Q,model,40,23,1.7208456881689926e-15,Mvar,7.599999999999999e-5,true
joint-mip-central,R9-T4-voltage,model,41,23,0.0,pu²,1.0e-6,true
joint-mip-central,ch04-030:031-P,model,41,23,1.4905854328617352e-12,MW,7.599999999999999e-5,true
joint-mip-central,ch04-030:031-Q,model,41,23,7.508993427052246e-13,Mvar,7.599999999999999e-5,true
joint-mip-central,R9-T4-voltage,model,42,23,0.0,pu²,1.0e-6,true
joint-mip-central,ch04-030:031-P,model,42,23,1.1102230246251565e-16,MW,7.599999999999999e-5,true
joint-mip-central,ch04-030:031-Q,model,42,23,2.55351295663786e-15,Mvar,7.599999999999999e-5,true
joint-mip-central,R9-T4-voltage,model,43,23,0.0,pu²,1.0e-6,true
joint-mip-central,ch04-030:031-P,model,43,23,0.0,MW,7.599999999999999e-5,true
joint-mip-central,ch04-030:031-Q,model,43,23,5.495603971894525e-15,Mvar,7.599999999999999e-5,true
joint-mip-central,R9-T4-voltage,model,44,23,0.0,pu²,1.0e-6,true
joint-mip-central,ch04-030:031-P,model,44,23,0.0,MW,7.599999999999999e-5,true
joint-mip-central,ch04-030:031-Q,model,44,23,3.552713678800501e-15,Mvar,7.599999999999999e-5,true
joint-mip-central,R9-T5-direction,model,1,23,0.0,1,1.0e-6,true
joint-mip-central,R9-T5-integer,model,1,23,0.0,1,1.0e-6,true
joint-mip-central,R9-T5-m-plus,model,1,23,0.0,kg/s,0.0001284494047619048,true
joint-mip-central,R9-T5-H-plusin,model,1,23,0.0,MW,7.599999999999999e-5,true
joint-mip-central,R9-T5-envelope,model,1,23,0.0,MW,7.599999999999999e-5,true
joint-mip-central,R9-T5-H-plusout,model,1,23,0.0,MW,7.599999999999999e-5,true
joint-mip-central,R9-T5-envelope,model,1,23,0.0,MW,7.599999999999999e-5,true
joint-mip-central,R9-T5-loss,model,1,23,1.700029006457271e-16,MW,7.599999999999999e-5,true
joint-mip-central,R9-T5-m-minus,model,1,23,0.0,kg/s,0.0001284494047619048,true
joint-mip-central,R9-T5-H-minusin,model,1,23,0.0,MW,7.599999999999999e-5,true
joint-mip-central,R9-T5-envelope,model,1,23,0.0,MW,7.599999999999999e-5,true
joint-mip-central,R9-T5-H-minusout,model,1,23,0.0,MW,7.599999999999999e-5,true
joint-mip-central,R9-T5-envelope,model,1,23,0.0,MW,7.599999999999999e-5,true
joint-mip-central,R9-T5-loss,model,1,23,0.0,MW,7.599999999999999e-5,true
joint-mip-central,R9-T5-direction,model,2,23,0.0,1,1.0e-6,true
joint-mip-central,R9-T5-integer,model,2,23,0.0,1,1.0e-6,true
joint-mip-central,R9-T5-m-plus,model,2,23,0.0,kg/s,0.0001284494047619048,true
joint-mip-central,R9-T5-H-plusin,model,2,23,0.0,MW,7.599999999999999e-5,true
joint-mip-central,R9-T5-envelope,model,2,23,0.0,MW,7.599999999999999e-5,true
joint-mip-central,R9-T5-H-plusout,model,2,23,0.0,MW,7.599999999999999e-5,true
joint-mip-central,R9-T5-envelope,model,2,23,0.0,MW,7.599999999999999e-5,true
joint-mip-central,R9-T5-loss,model,2,23,8.673617379884035e-17,MW,7.599999999999999e-5,true
joint-mip-central,R9-T5-m-minus,model,2,23,0.0,kg/s,0.0001284494047619048,true
joint-mip-central,R9-T5-H-minusin,model,2,23,0.0,MW,7.599999999999999e-5,true
joint-mip-central,R9-T5-envelope,model,2,23,0.0,MW,7.599999999999999e-5,true
joint-mip-central,R9-T5-H-minusout,model,2,23,0.0,MW,7.599999999999999e-5,true
joint-mip-central,R9-T5-envelope,model,2,23,0.0,MW,7.599999999999999e-5,true
joint-mip-central,R9-T5-loss,model,2,23,0.0,MW,7.599999999999999e-5,true
joint-mip-central,R9-T5-direction,model,3,23,0.0,1,1.0e-6,true
joint-mip-central,R9-T5-integer,model,3,23,0.0,1,1.0e-6,true
joint-mip-central,R9-T5-m-plus,model,3,23,0.0,kg/s,0.0001284494047619048,true
joint-mip-central,R9-T5-H-plusin,model,3,23,0.0,MW,7.599999999999999e-5,true
joint-mip-central,R9-T5-envelope,model,3,23,0.0,MW,7.599999999999999e-5,true
joint-mip-central,R9-T5-H-plusout,model,3,23,0.0,MW,7.599999999999999e-5,true
joint-mip-central,R9-T5-envelope,model,3,23,0.0,MW,7.599999999999999e-5,true
joint-mip-central,R9-T5-loss,model,3,23,2.42861286636753e-17,MW,7.599999999999999e-5,true
joint-mip-central,R9-T5-m-minus,model,3,23,0.0,kg/s,0.0001284494047619048,true
joint-mip-central,R9-T5-H-minusin,model,3,23,0.0,MW,7.599999999999999e-5,true
joint-mip-central,R9-T5-envelope,model,3,23,0.0,MW,7.599999999999999e-5,true
joint-mip-central,R9-T5-H-minusout,model,3,23,0.0,MW,7.599999999999999e-5,true
joint-mip-central,R9-T5-envelope,model,3,23,0.0,MW,7.599999999999999e-5,true
joint-mip-central,R9-T5-loss,model,3,23,0.0,MW,7.599999999999999e-5,true
joint-mip-central,R9-T5-direction,model,4,23,0.0,1,1.0e-6,true
joint-mip-central,R9-T5-integer,model,4,23,0.0,1,1.0e-6,true
joint-mip-central,R9-T5-m-plus,model,4,23,0.0,kg/s,0.0001284494047619048,true
joint-mip-central,R9-T5-H-plusin,model,4,23,0.0,MW,7.599999999999999e-5,true
joint-mip-central,R9-T5-envelope,model,4,23,0.0,MW,7.599999999999999e-5,true
joint-mip-central,R9-T5-H-plusout,model,4,23,0.0,MW,7.599999999999999e-5,true
joint-mip-central,R9-T5-envelope,model,4,23,0.0,MW,7.599999999999999e-5,true
joint-mip-central,R9-T5-loss,model,4,23,3.9898639947466563e-17,MW,7.599999999999999e-5,true
joint-mip-central,R9-T5-m-minus,model,4,23,0.0,kg/s,0.0001284494047619048,true
joint-mip-central,R9-T5-H-minusin,model,4,23,0.0,MW,7.599999999999999e-5,true
joint-mip-central,R9-T5-envelope,model,4,23,0.0,MW,7.599999999999999e-5,true
joint-mip-central,R9-T5-H-minusout,model,4,23,0.0,MW,7.599999999999999e-5,true
joint-mip-central,R9-T5-envelope,model,4,23,0.0,MW,7.599999999999999e-5,true
joint-mip-central,R9-T5-loss,model,4,23,0.0,MW,7.599999999999999e-5,true
joint-mip-central,R9-T5-direction,model,5,23,0.0,1,1.0e-6,true
joint-mip-central,R9-T5-integer,model,5,23,0.0,1,1.0e-6,true
joint-mip-central,R9-T5-m-plus,model,5,23,0.0,kg/s,0.0001284494047619048,true
joint-mip-central,R9-T5-H-plusin,model,5,23,0.0,MW,7.599999999999999e-5,true
joint-mip-central,R9-T5-envelope,model,5,23,0.0,MW,7.599999999999999e-5,true
joint-mip-central,R9-T5-H-plusout,model,5,23,0.0,MW,7.599999999999999e-5,true
joint-mip-central,R9-T5-envelope,model,5,23,0.0,MW,7.599999999999999e-5,true
joint-mip-central,R9-T5-loss,model,5,23,1.734723475976807e-18,MW,7.599999999999999e-5,true
joint-mip-central,R9-T5-m-minus,model,5,23,0.0,kg/s,0.0001284494047619048,true
joint-mip-central,R9-T5-H-minusin,model,5,23,0.0,MW,7.599999999999999e-5,true
joint-mip-central,R9-T5-envelope,model,5,23,0.0,MW,7.599999999999999e-5,true
joint-mip-central,R9-T5-H-minusout,model,5,23,0.0,MW,7.599999999999999e-5,true
joint-mip-central,R9-T5-envelope,model,5,23,0.0,MW,7.599999999999999e-5,true
joint-mip-central,R9-T5-loss,model,5,23,0.0,MW,7.599999999999999e-5,true
joint-mip-central,R9-T5-direction,model,6,23,0.0,1,1.0e-6,true
joint-mip-central,R9-T5-integer,model,6,23,0.0,1,1.0e-6,true
joint-mip-central,R9-T5-m-plus,model,6,23,0.0,kg/s,0.0001284494047619048,true
joint-mip-central,R9-T5-H-plusin,model,6,23,0.0,MW,7.599999999999999e-5,true
joint-mip-central,R9-T5-envelope,model,6,23,0.0,MW,7.599999999999999e-5,true
joint-mip-central,R9-T5-H-plusout,model,6,23,0.0,MW,7.599999999999999e-5,true
joint-mip-central,R9-T5-envelope,model,6,23,0.0,MW,7.599999999999999e-5,true
joint-mip-central,R9-T5-loss,model,6,23,1.734723475976807e-18,MW,7.599999999999999e-5,true
joint-mip-central,R9-T5-m-minus,model,6,23,0.0,kg/s,0.0001284494047619048,true
joint-mip-central,R9-T5-H-minusin,model,6,23,0.0,MW,7.599999999999999e-5,true
joint-mip-central,R9-T5-envelope,model,6,23,0.0,MW,7.599999999999999e-5,true
joint-mip-central,R9-T5-H-minusout,model,6,23,0.0,MW,7.599999999999999e-5,true
joint-mip-central,R9-T5-envelope,model,6,23,0.0,MW,7.599999999999999e-5,true
joint-mip-central,R9-T5-loss,model,6,23,0.0,MW,7.599999999999999e-5,true
joint-mip-central,R9-T5-direction,model,7,23,0.0,1,1.0e-6,true
joint-mip-central,R9-T5-integer,model,7,23,0.0,1,1.0e-6,true
joint-mip-central,R9-T5-m-plus,model,7,23,0.0,kg/s,0.0001284494047619048,true
joint-mip-central,R9-T5-H-plusin,model,7,23,0.0,MW,7.599999999999999e-5,true
joint-mip-central,R9-T5-envelope,model,7,23,0.0,MW,7.599999999999999e-5,true
joint-mip-central,R9-T5-H-plusout,model,7,23,0.0,MW,7.599999999999999e-5,true
joint-mip-central,R9-T5-envelope,model,7,23,0.0,MW,7.599999999999999e-5,true
joint-mip-central,R9-T5-loss,model,7,23,0.0,MW,7.599999999999999e-5,true
joint-mip-central,R9-T5-m-minus,model,7,23,0.0,kg/s,0.0001284494047619048,true
joint-mip-central,R9-T5-H-minusin,model,7,23,0.0,MW,7.599999999999999e-5,true
joint-mip-central,R9-T5-envelope,model,7,23,0.0,MW,7.599999999999999e-5,true
joint-mip-central,R9-T5-H-minusout,model,7,23,0.0,MW,7.599999999999999e-5,true
joint-mip-central,R9-T5-envelope,model,7,23,0.0,MW,7.599999999999999e-5,true
joint-mip-central,R9-T5-loss,model,7,23,5.204170427930421e-17,MW,7.599999999999999e-5,true
joint-mip-central,R9-T5-direction,model,8,23,0.0,1,1.0e-6,true
joint-mip-central,R9-T5-integer,model,8,23,0.0,1,1.0e-6,true
joint-mip-central,R9-T5-m-plus,model,8,23,0.0,kg/s,0.0001284494047619048,true
joint-mip-central,R9-T5-H-plusin,model,8,23,0.0,MW,7.599999999999999e-5,true
joint-mip-central,R9-T5-envelope,model,8,23,0.0,MW,7.599999999999999e-5,true
joint-mip-central,R9-T5-H-plusout,model,8,23,0.0,MW,7.599999999999999e-5,true
joint-mip-central,R9-T5-envelope,model,8,23,0.0,MW,7.599999999999999e-5,true
joint-mip-central,R9-T5-loss,model,8,23,0.0,MW,7.599999999999999e-5,true
joint-mip-central,R9-T5-m-minus,model,8,23,0.0,kg/s,0.0001284494047619048,true
joint-mip-central,R9-T5-H-minusin,model,8,23,0.0,MW,7.599999999999999e-5,true
joint-mip-central,R9-T5-envelope,model,8,23,0.0,MW,7.599999999999999e-5,true
joint-mip-central,R9-T5-H-minusout,model,8,23,0.0,MW,7.599999999999999e-5,true
joint-mip-central,R9-T5-envelope,model,8,23,0.0,MW,7.599999999999999e-5,true
joint-mip-central,R9-T5-loss,model,8,23,5.551115123125783e-17,MW,7.599999999999999e-5,true
joint-mip-central,R9-T5-direction,model,9,23,0.0,1,1.0e-6,true
joint-mip-central,R9-T5-integer,model,9,23,0.0,1,1.0e-6,true
joint-mip-central,R9-T5-m-plus,model,9,23,0.0,kg/s,0.0001284494047619048,true
joint-mip-central,R9-T5-H-plusin,model,9,23,0.0,MW,7.599999999999999e-5,true
joint-mip-central,R9-T5-envelope,model,9,23,0.0,MW,7.599999999999999e-5,true
joint-mip-central,R9-T5-H-plusout,model,9,23,0.0,MW,7.599999999999999e-5,true
joint-mip-central,R9-T5-envelope,model,9,23,0.0,MW,7.599999999999999e-5,true
joint-mip-central,R9-T5-loss,model,9,23,0.0,MW,7.599999999999999e-5,true
joint-mip-central,R9-T5-m-minus,model,9,23,0.0,kg/s,0.0001284494047619048,true
joint-mip-central,R9-T5-H-minusin,model,9,23,0.0,MW,7.599999999999999e-5,true
joint-mip-central,R9-T5-envelope,model,9,23,0.0,MW,7.599999999999999e-5,true
joint-mip-central,R9-T5-H-minusout,model,9,23,0.0,MW,7.599999999999999e-5,true
joint-mip-central,R9-T5-envelope,model,9,23,0.0,MW,7.599999999999999e-5,true
joint-mip-central,R9-T5-loss,model,9,23,4.683753385137379e-17,MW,7.599999999999999e-5,true
joint-mip-central,R9-T5-direction,model,10,23,0.0,1,1.0e-6,true
joint-mip-central,R9-T5-integer,model,10,23,0.0,1,1.0e-6,true
joint-mip-central,R9-T5-m-plus,model,10,23,0.0,kg/s,0.0001284494047619048,true
joint-mip-central,R9-T5-H-plusin,model,10,23,0.0,MW,7.599999999999999e-5,true
joint-mip-central,R9-T5-envelope,model,10,23,7.632783294297951e-17,MW,7.599999999999999e-5,true
joint-mip-central,R9-T5-H-plusout,model,10,23,0.0,MW,7.599999999999999e-5,true
joint-mip-central,R9-T5-envelope,model,10,23,0.0,MW,7.599999999999999e-5,true
joint-mip-central,R9-T5-loss,model,10,23,1.734723475976807e-18,MW,7.599999999999999e-5,true
joint-mip-central,R9-T5-m-minus,model,10,23,0.0,kg/s,0.0001284494047619048,true
joint-mip-central,R9-T5-H-minusin,model,10,23,0.0,MW,7.599999999999999e-5,true
joint-mip-central,R9-T5-envelope,model,10,23,0.0,MW,7.599999999999999e-5,true
joint-mip-central,R9-T5-H-minusout,model,10,23,0.0,MW,7.599999999999999e-5,true
joint-mip-central,R9-T5-envelope,model,10,23,0.0,MW,7.599999999999999e-5,true
joint-mip-central,R9-T5-loss,model,10,23,0.0,MW,7.599999999999999e-5,true
joint-mip-central,R9-T5-direction,model,11,23,0.0,1,1.0e-6,true
joint-mip-central,R9-T5-integer,model,11,23,0.0,1,1.0e-6,true
joint-mip-central,R9-T5-m-plus,model,11,23,0.0,kg/s,0.0001284494047619048,true
joint-mip-central,R9-T5-H-plusin,model,11,23,0.0,MW,7.599999999999999e-5,true
joint-mip-central,R9-T5-envelope,model,11,23,0.0,MW,7.599999999999999e-5,true
joint-mip-central,R9-T5-H-plusout,model,11,23,0.0,MW,7.599999999999999e-5,true
joint-mip-central,R9-T5-envelope,model,11,23,0.0,MW,7.599999999999999e-5,true
joint-mip-central,R9-T5-loss,model,11,23,1.734723475976807e-18,MW,7.599999999999999e-5,true
joint-mip-central,R9-T5-m-minus,model,11,23,0.0,kg/s,0.0001284494047619048,true
joint-mip-central,R9-T5-H-minusin,model,11,23,0.0,MW,7.599999999999999e-5,true
joint-mip-central,R9-T5-envelope,model,11,23,0.0,MW,7.599999999999999e-5,true
joint-mip-central,R9-T5-H-minusout,model,11,23,0.0,MW,7.599999999999999e-5,true
joint-mip-central,R9-T5-envelope,model,11,23,0.0,MW,7.599999999999999e-5,true
joint-mip-central,R9-T5-loss,model,11,23,0.0,MW,7.599999999999999e-5,true
joint-mip-central,R9-T5-direction,model,12,23,0.0,1,1.0e-6,true
joint-mip-central,R9-T5-integer,model,12,23,0.0,1,1.0e-6,true
joint-mip-central,R9-T5-m-plus,model,12,23,0.0,kg/s,0.0001284494047619048,true
joint-mip-central,R9-T5-H-plusin,model,12,23,0.0,MW,7.599999999999999e-5,true
joint-mip-central,R9-T5-envelope,model,12,23,0.0,MW,7.599999999999999e-5,true
joint-mip-central,R9-T5-H-plusout,model,12,23,0.0,MW,7.599999999999999e-5,true
joint-mip-central,R9-T5-envelope,model,12,23,0.0,MW,7.599999999999999e-5,true
joint-mip-central,R9-T5-loss,model,12,23,0.0,MW,7.599999999999999e-5,true
joint-mip-central,R9-T5-m-minus,model,12,23,0.0,kg/s,0.0001284494047619048,true
joint-mip-central,R9-T5-H-minusin,model,12,23,0.0,MW,7.599999999999999e-5,true
joint-mip-central,R9-T5-envelope,model,12,23,0.0,MW,7.599999999999999e-5,true
joint-mip-central,R9-T5-H-minusout,model,12,23,0.0,MW,7.599999999999999e-5,true
joint-mip-central,R9-T5-envelope,model,12,23,0.0,MW,7.599999999999999e-5,true
joint-mip-central,R9-T5-loss,model,12,23,3.469446951953614e-17,MW,7.599999999999999e-5,true
joint-mip-central,R9-T5-direction,model,13,23,0.0,1,1.0e-6,true
joint-mip-central,R9-T5-integer,model,13,23,0.0,1,1.0e-6,true
joint-mip-central,R9-T5-m-plus,model,13,23,0.0,kg/s,0.0001284494047619048,true
joint-mip-central,R9-T5-H-plusin,model,13,23,0.0,MW,7.599999999999999e-5,true
joint-mip-central,R9-T5-envelope,model,13,23,0.0,MW,7.599999999999999e-5,true
joint-mip-central,R9-T5-H-plusout,model,13,23,0.0,MW,7.599999999999999e-5,true
joint-mip-central,R9-T5-envelope,model,13,23,0.0,MW,7.599999999999999e-5,true
joint-mip-central,R9-T5-loss,model,13,23,1.734723475976807e-17,MW,7.599999999999999e-5,true
joint-mip-central,R9-T5-m-minus,model,13,23,0.0,kg/s,0.0001284494047619048,true
joint-mip-central,R9-T5-H-minusin,model,13,23,0.0,MW,7.599999999999999e-5,true
joint-mip-central,R9-T5-envelope,model,13,23,0.0,MW,7.599999999999999e-5,true
joint-mip-central,R9-T5-H-minusout,model,13,23,0.0,MW,7.599999999999999e-5,true
joint-mip-central,R9-T5-envelope,model,13,23,0.0,MW,7.599999999999999e-5,true
joint-mip-central,R9-T5-loss,model,13,23,0.0,MW,7.599999999999999e-5,true
joint-mip-central,R9-T5-direction,model,14,23,0.0,1,1.0e-6,true
joint-mip-central,R9-T5-integer,model,14,23,0.0,1,1.0e-6,true
joint-mip-central,R9-T5-m-plus,model,14,23,0.0,kg/s,0.0001284494047619048,true
joint-mip-central,R9-T5-H-plusin,model,14,23,0.0,MW,7.599999999999999e-5,true
joint-mip-central,R9-T5-envelope,model,14,23,0.0,MW,7.599999999999999e-5,true
joint-mip-central,R9-T5-H-plusout,model,14,23,0.0,MW,7.599999999999999e-5,true
joint-mip-central,R9-T5-envelope,model,14,23,0.0,MW,7.599999999999999e-5,true
joint-mip-central,R9-T5-loss,model,14,23,2.6020852139652106e-17,MW,7.599999999999999e-5,true
joint-mip-central,R9-T5-m-minus,model,14,23,0.0,kg/s,0.0001284494047619048,true
joint-mip-central,R9-T5-H-minusin,model,14,23,0.0,MW,7.599999999999999e-5,true
joint-mip-central,R9-T5-envelope,model,14,23,0.0,MW,7.599999999999999e-5,true
joint-mip-central,R9-T5-H-minusout,model,14,23,0.0,MW,7.599999999999999e-5,true
joint-mip-central,R9-T5-envelope,model,14,23,0.0,MW,7.599999999999999e-5,true
joint-mip-central,R9-T5-loss,model,14,23,0.0,MW,7.599999999999999e-5,true
joint-mip-central,R9-T5-direction,model,15,23,0.0,1,1.0e-6,true
joint-mip-central,R9-T5-integer,model,15,23,0.0,1,1.0e-6,true
joint-mip-central,R9-T5-m-plus,model,15,23,0.0,kg/s,0.0001284494047619048,true
joint-mip-central,R9-T5-H-plusin,model,15,23,0.0,MW,7.599999999999999e-5,true
joint-mip-central,R9-T5-envelope,model,15,23,0.0,MW,7.599999999999999e-5,true
joint-mip-central,R9-T5-H-plusout,model,15,23,0.0,MW,7.599999999999999e-5,true
joint-mip-central,R9-T5-envelope,model,15,23,0.0,MW,7.599999999999999e-5,true
joint-mip-central,R9-T5-loss,model,15,23,2.2551405187698492e-17,MW,7.599999999999999e-5,true
joint-mip-central,R9-T5-m-minus,model,15,23,0.0,kg/s,0.0001284494047619048,true
joint-mip-central,R9-T5-H-minusin,model,15,23,0.0,MW,7.599999999999999e-5,true
joint-mip-central,R9-T5-envelope,model,15,23,0.0,MW,7.599999999999999e-5,true
joint-mip-central,R9-T5-H-minusout,model,15,23,0.0,MW,7.599999999999999e-5,true
joint-mip-central,R9-T5-envelope,model,15,23,0.0,MW,7.599999999999999e-5,true
joint-mip-central,R9-T5-loss,model,15,23,0.0,MW,7.599999999999999e-5,true
joint-mip-central,R9-T5-direction,model,16,23,0.0,1,1.0e-6,true
joint-mip-central,R9-T5-integer,model,16,23,0.0,1,1.0e-6,true
joint-mip-central,R9-T5-m-plus,model,16,23,0.0,kg/s,0.0001284494047619048,true
joint-mip-central,R9-T5-H-plusin,model,16,23,0.0,MW,7.599999999999999e-5,true
joint-mip-central,R9-T5-envelope,model,16,23,0.0,MW,7.599999999999999e-5,true
joint-mip-central,R9-T5-H-plusout,model,16,23,0.0,MW,7.599999999999999e-5,true
joint-mip-central,R9-T5-envelope,model,16,23,0.0,MW,7.599999999999999e-5,true
joint-mip-central,R9-T5-loss,model,16,23,3.469446951953614e-18,MW,7.599999999999999e-5,true
joint-mip-central,R9-T5-m-minus,model,16,23,0.0,kg/s,0.0001284494047619048,true
joint-mip-central,R9-T5-H-minusin,model,16,23,0.0,MW,7.599999999999999e-5,true
joint-mip-central,R9-T5-envelope,model,16,23,0.0,MW,7.599999999999999e-5,true
joint-mip-central,R9-T5-H-minusout,model,16,23,0.0,MW,7.599999999999999e-5,true
joint-mip-central,R9-T5-envelope,model,16,23,0.0,MW,7.599999999999999e-5,true
joint-mip-central,R9-T5-loss,model,16,23,0.0,MW,7.599999999999999e-5,true
joint-mip-central,R9-T5-direction,model,17,23,0.0,1,1.0e-6,true
joint-mip-central,R9-T5-integer,model,17,23,0.0,1,1.0e-6,true
joint-mip-central,R9-T5-m-plus,model,17,23,0.0,kg/s,0.0001284494047619048,true
joint-mip-central,R9-T5-H-plusin,model,17,23,0.0,MW,7.599999999999999e-5,true
joint-mip-central,R9-T5-envelope,model,17,23,0.0,MW,7.599999999999999e-5,true
joint-mip-central,R9-T5-H-plusout,model,17,23,0.0,MW,7.599999999999999e-5,true
joint-mip-central,R9-T5-envelope,model,17,23,0.0,MW,7.599999999999999e-5,true
joint-mip-central,R9-T5-loss,model,17,23,1.734723475976807e-18,MW,7.599999999999999e-5,true
joint-mip-central,R9-T5-m-minus,model,17,23,0.0,kg/s,0.0001284494047619048,true
joint-mip-central,R9-T5-H-minusin,model,17,23,0.0,MW,7.599999999999999e-5,true
joint-mip-central,R9-T5-envelope,model,17,23,0.0,MW,7.599999999999999e-5,true
joint-mip-central,R9-T5-H-minusout,model,17,23,0.0,MW,7.599999999999999e-5,true
joint-mip-central,R9-T5-envelope,model,17,23,0.0,MW,7.599999999999999e-5,true
joint-mip-central,R9-T5-loss,model,17,23,0.0,MW,7.599999999999999e-5,true
joint-mip-central,R9-T5-direction,model,18,23,0.0,1,1.0e-6,true
joint-mip-central,R9-T5-integer,model,18,23,0.0,1,1.0e-6,true
joint-mip-central,R9-T5-m-plus,model,18,23,0.0,kg/s,0.0001284494047619048,true
joint-mip-central,R9-T5-H-plusin,model,18,23,0.0,MW,7.599999999999999e-5,true
joint-mip-central,R9-T5-envelope,model,18,23,0.0,MW,7.599999999999999e-5,true
joint-mip-central,R9-T5-H-plusout,model,18,23,0.0,MW,7.599999999999999e-5,true
joint-mip-central,R9-T5-envelope,model,18,23,0.0,MW,7.599999999999999e-5,true
joint-mip-central,R9-T5-loss,model,18,23,3.469446951953614e-18,MW,7.599999999999999e-5,true
joint-mip-central,R9-T5-m-minus,model,18,23,0.0,kg/s,0.0001284494047619048,true
joint-mip-central,R9-T5-H-minusin,model,18,23,0.0,MW,7.599999999999999e-5,true
joint-mip-central,R9-T5-envelope,model,18,23,0.0,MW,7.599999999999999e-5,true
joint-mip-central,R9-T5-H-minusout,model,18,23,0.0,MW,7.599999999999999e-5,true
joint-mip-central,R9-T5-envelope,model,18,23,0.0,MW,7.599999999999999e-5,true
joint-mip-central,R9-T5-loss,model,18,23,0.0,MW,7.599999999999999e-5,true
joint-mip-central,R9-T5-direction,model,19,23,0.0,1,1.0e-6,true
joint-mip-central,R9-T5-integer,model,19,23,0.0,1,1.0e-6,true
joint-mip-central,R9-T5-m-plus,model,19,23,0.0,kg/s,0.0001284494047619048,true
joint-mip-central,R9-T5-H-plusin,model,19,23,0.0,MW,7.599999999999999e-5,true
joint-mip-central,R9-T5-envelope,model,19,23,0.0,MW,7.599999999999999e-5,true
joint-mip-central,R9-T5-H-plusout,model,19,23,0.0,MW,7.599999999999999e-5,true
joint-mip-central,R9-T5-envelope,model,19,23,0.0,MW,7.599999999999999e-5,true
joint-mip-central,R9-T5-loss,model,19,23,3.469446951953614e-18,MW,7.599999999999999e-5,true
joint-mip-central,R9-T5-m-minus,model,19,23,0.0,kg/s,0.0001284494047619048,true
joint-mip-central,R9-T5-H-minusin,model,19,23,0.0,MW,7.599999999999999e-5,true
joint-mip-central,R9-T5-envelope,model,19,23,0.0,MW,7.599999999999999e-5,true
joint-mip-central,R9-T5-H-minusout,model,19,23,0.0,MW,7.599999999999999e-5,true
joint-mip-central,R9-T5-envelope,model,19,23,0.0,MW,7.599999999999999e-5,true
joint-mip-central,R9-T5-loss,model,19,23,0.0,MW,7.599999999999999e-5,true
joint-mip-central,R9-T5-direction,model,20,23,0.0,1,1.0e-6,true
joint-mip-central,R9-T5-integer,model,20,23,0.0,1,1.0e-6,true
joint-mip-central,R9-T5-m-plus,model,20,23,0.0,kg/s,0.0001284494047619048,true
joint-mip-central,R9-T5-H-plusin,model,20,23,0.0,MW,7.599999999999999e-5,true
joint-mip-central,R9-T5-envelope,model,20,23,0.0,MW,7.599999999999999e-5,true
joint-mip-central,R9-T5-H-plusout,model,20,23,0.0,MW,7.599999999999999e-5,true
joint-mip-central,R9-T5-envelope,model,20,23,0.0,MW,7.599999999999999e-5,true
joint-mip-central,R9-T5-loss,model,20,23,1.734723475976807e-18,MW,7.599999999999999e-5,true
joint-mip-central,R9-T5-m-minus,model,20,23,0.0,kg/s,0.0001284494047619048,true
joint-mip-central,R9-T5-H-minusin,model,20,23,0.0,MW,7.599999999999999e-5,true
joint-mip-central,R9-T5-envelope,model,20,23,0.0,MW,7.599999999999999e-5,true
joint-mip-central,R9-T5-H-minusout,model,20,23,0.0,MW,7.599999999999999e-5,true
joint-mip-central,R9-T5-envelope,model,20,23,0.0,MW,7.599999999999999e-5,true
joint-mip-central,R9-T5-loss,model,20,23,0.0,MW,7.599999999999999e-5,true
joint-mip-central,R9-T5-direction,model,21,23,0.0,1,1.0e-6,true
joint-mip-central,R9-T5-integer,model,21,23,0.0,1,1.0e-6,true
joint-mip-central,R9-T5-m-plus,model,21,23,0.0,kg/s,0.0001284494047619048,true
joint-mip-central,R9-T5-H-plusin,model,21,23,0.0,MW,7.599999999999999e-5,true
joint-mip-central,R9-T5-envelope,model,21,23,0.0,MW,7.599999999999999e-5,true
joint-mip-central,R9-T5-H-plusout,model,21,23,0.0,MW,7.599999999999999e-5,true
joint-mip-central,R9-T5-envelope,model,21,23,0.0,MW,7.599999999999999e-5,true
joint-mip-central,R9-T5-loss,model,21,23,0.0,MW,7.599999999999999e-5,true
joint-mip-central,R9-T5-m-minus,model,21,23,0.0,kg/s,0.0001284494047619048,true
joint-mip-central,R9-T5-H-minusin,model,21,23,0.0,MW,7.599999999999999e-5,true
joint-mip-central,R9-T5-envelope,model,21,23,0.0,MW,7.599999999999999e-5,true
joint-mip-central,R9-T5-H-minusout,model,21,23,0.0,MW,7.599999999999999e-5,true
joint-mip-central,R9-T5-envelope,model,21,23,0.0,MW,7.599999999999999e-5,true
joint-mip-central,R9-T5-loss,model,21,23,0.0,MW,7.599999999999999e-5,true
joint-mip-central,R9-T5-direction,model,22,23,0.0,1,1.0e-6,true
joint-mip-central,R9-T5-integer,model,22,23,0.0,1,1.0e-6,true
joint-mip-central,R9-T5-m-plus,model,22,23,0.0,kg/s,0.0001284494047619048,true
joint-mip-central,R9-T5-H-plusin,model,22,23,0.0,MW,7.599999999999999e-5,true
joint-mip-central,R9-T5-envelope,model,22,23,0.0,MW,7.599999999999999e-5,true
joint-mip-central,R9-T5-H-plusout,model,22,23,0.0,MW,7.599999999999999e-5,true
joint-mip-central,R9-T5-envelope,model,22,23,0.0,MW,7.599999999999999e-5,true
joint-mip-central,R9-T5-loss,model,22,23,0.0,MW,7.599999999999999e-5,true
joint-mip-central,R9-T5-m-minus,model,22,23,0.0,kg/s,0.0001284494047619048,true
joint-mip-central,R9-T5-H-minusin,model,22,23,0.0,MW,7.599999999999999e-5,true
joint-mip-central,R9-T5-envelope,model,22,23,0.0,MW,7.599999999999999e-5,true
joint-mip-central,R9-T5-H-minusout,model,22,23,0.0,MW,7.599999999999999e-5,true
joint-mip-central,R9-T5-envelope,model,22,23,0.0,MW,7.599999999999999e-5,true
joint-mip-central,R9-T5-loss,model,22,23,0.0,MW,7.599999999999999e-5,true
joint-mip-central,R9-T5-direction,model,23,23,0.0,1,1.0e-6,true
joint-mip-central,R9-T5-integer,model,23,23,0.0,1,1.0e-6,true
joint-mip-central,R9-T5-m-plus,model,23,23,0.0,kg/s,0.0001284494047619048,true
joint-mip-central,R9-T5-H-plusin,model,23,23,0.0,MW,7.599999999999999e-5,true
joint-mip-central,R9-T5-envelope,model,23,23,0.0,MW,7.599999999999999e-5,true
joint-mip-central,R9-T5-H-plusout,model,23,23,0.0,MW,7.599999999999999e-5,true
joint-mip-central,R9-T5-envelope,model,23,23,0.0,MW,7.599999999999999e-5,true
joint-mip-central,R9-T5-loss,model,23,23,0.0,MW,7.599999999999999e-5,true
joint-mip-central,R9-T5-m-minus,model,23,23,0.0,kg/s,0.0001284494047619048,true
joint-mip-central,R9-T5-H-minusin,model,23,23,0.0,MW,7.599999999999999e-5,true
joint-mip-central,R9-T5-envelope,model,23,23,0.0,MW,7.599999999999999e-5,true
joint-mip-central,R9-T5-H-minusout,model,23,23,0.0,MW,7.599999999999999e-5,true
joint-mip-central,R9-T5-envelope,model,23,23,0.0,MW,7.599999999999999e-5,true
joint-mip-central,R9-T5-loss,model,23,23,6.938893903907228e-18,MW,7.599999999999999e-5,true
joint-mip-central,R9-T5-direction,model,24,23,0.0,1,1.0e-6,true
joint-mip-central,R9-T5-integer,model,24,23,0.0,1,1.0e-6,true
joint-mip-central,R9-T5-m-plus,model,24,23,0.0,kg/s,0.0001284494047619048,true
joint-mip-central,R9-T5-H-plusin,model,24,23,0.0,MW,7.599999999999999e-5,true
joint-mip-central,R9-T5-envelope,model,24,23,0.0,MW,7.599999999999999e-5,true
joint-mip-central,R9-T5-H-plusout,model,24,23,0.0,MW,7.599999999999999e-5,true
joint-mip-central,R9-T5-envelope,model,24,23,0.0,MW,7.599999999999999e-5,true
joint-mip-central,R9-T5-loss,model,24,23,0.0,MW,7.599999999999999e-5,true
joint-mip-central,R9-T5-m-minus,model,24,23,0.0,kg/s,0.0001284494047619048,true
joint-mip-central,R9-T5-H-minusin,model,24,23,0.0,MW,7.599999999999999e-5,true
joint-mip-central,R9-T5-envelope,model,24,23,0.0,MW,7.599999999999999e-5,true
joint-mip-central,R9-T5-H-minusout,model,24,23,0.0,MW,7.599999999999999e-5,true
joint-mip-central,R9-T5-envelope,model,24,23,0.0,MW,7.599999999999999e-5,true
joint-mip-central,R9-T5-loss,model,24,23,1.0408340855860843e-17,MW,7.599999999999999e-5,true
joint-mip-central,R9-T5-direction,model,25,23,0.0,1,1.0e-6,true
joint-mip-central,R9-T5-integer,model,25,23,0.0,1,1.0e-6,true
joint-mip-central,R9-T5-m-plus,model,25,23,0.0,kg/s,0.0001284494047619048,true
joint-mip-central,R9-T5-H-plusin,model,25,23,0.0,MW,7.599999999999999e-5,true
joint-mip-central,R9-T5-envelope,model,25,23,0.0,MW,7.599999999999999e-5,true
joint-mip-central,R9-T5-H-plusout,model,25,23,0.0,MW,7.599999999999999e-5,true
joint-mip-central,R9-T5-envelope,model,25,23,0.0,MW,7.599999999999999e-5,true
joint-mip-central,R9-T5-loss,model,25,23,1.734723475976807e-18,MW,7.599999999999999e-5,true
joint-mip-central,R9-T5-m-minus,model,25,23,0.0,kg/s,0.0001284494047619048,true
joint-mip-central,R9-T5-H-minusin,model,25,23,0.0,MW,7.599999999999999e-5,true
joint-mip-central,R9-T5-envelope,model,25,23,0.0,MW,7.599999999999999e-5,true
joint-mip-central,R9-T5-H-minusout,model,25,23,0.0,MW,7.599999999999999e-5,true
joint-mip-central,R9-T5-envelope,model,25,23,0.0,MW,7.599999999999999e-5,true
joint-mip-central,R9-T5-loss,model,25,23,0.0,MW,7.599999999999999e-5,true
joint-mip-central,R9-T5-direction,model,26,23,0.0,1,1.0e-6,true
joint-mip-central,R9-T5-integer,model,26,23,0.0,1,1.0e-6,true
joint-mip-central,R9-T5-m-plus,model,26,23,0.0,kg/s,0.0001284494047619048,true
joint-mip-central,R9-T5-H-plusin,model,26,23,0.0,MW,7.599999999999999e-5,true
joint-mip-central,R9-T5-envelope,model,26,23,0.0,MW,7.599999999999999e-5,true
joint-mip-central,R9-T5-H-plusout,model,26,23,0.0,MW,7.599999999999999e-5,true
joint-mip-central,R9-T5-envelope,model,26,23,0.0,MW,7.599999999999999e-5,true
joint-mip-central,R9-T5-loss,model,26,23,0.0,MW,7.599999999999999e-5,true
joint-mip-central,R9-T5-m-minus,model,26,23,0.0,kg/s,0.0001284494047619048,true
joint-mip-central,R9-T5-H-minusin,model,26,23,0.0,MW,7.599999999999999e-5,true
joint-mip-central,R9-T5-envelope,model,26,23,0.0,MW,7.599999999999999e-5,true
joint-mip-central,R9-T5-H-minusout,model,26,23,0.0,MW,7.599999999999999e-5,true
joint-mip-central,R9-T5-envelope,model,26,23,0.0,MW,7.599999999999999e-5,true
joint-mip-central,R9-T5-loss,model,26,23,2.42861286636753e-17,MW,7.599999999999999e-5,true
joint-mip-central,R9-T5-direction,model,27,23,0.0,1,1.0e-6,true
joint-mip-central,R9-T5-integer,model,27,23,0.0,1,1.0e-6,true
joint-mip-central,R9-T5-m-plus,model,27,23,0.0,kg/s,0.0001284494047619048,true
joint-mip-central,R9-T5-H-plusin,model,27,23,0.0,MW,7.599999999999999e-5,true
joint-mip-central,R9-T5-envelope,model,27,23,0.0,MW,7.599999999999999e-5,true
joint-mip-central,R9-T5-H-plusout,model,27,23,0.0,MW,7.599999999999999e-5,true
joint-mip-central,R9-T5-envelope,model,27,23,0.0,MW,7.599999999999999e-5,true
joint-mip-central,R9-T5-loss,model,27,23,3.2959746043559335e-17,MW,7.599999999999999e-5,true
joint-mip-central,R9-T5-m-minus,model,27,23,0.0,kg/s,0.0001284494047619048,true
joint-mip-central,R9-T5-H-minusin,model,27,23,0.0,MW,7.599999999999999e-5,true
joint-mip-central,R9-T5-envelope,model,27,23,0.0,MW,7.599999999999999e-5,true
joint-mip-central,R9-T5-H-minusout,model,27,23,0.0,MW,7.599999999999999e-5,true
joint-mip-central,R9-T5-envelope,model,27,23,0.0,MW,7.599999999999999e-5,true
joint-mip-central,R9-T5-loss,model,27,23,0.0,MW,7.599999999999999e-5,true
joint-mip-central,R9-T5-direction,model,28,23,0.0,1,1.0e-6,true
joint-mip-central,R9-T5-integer,model,28,23,0.0,1,1.0e-6,true
joint-mip-central,R9-T5-m-plus,model,28,23,0.0,kg/s,0.0001284494047619048,true
joint-mip-central,R9-T5-H-plusin,model,28,23,0.0,MW,7.599999999999999e-5,true
joint-mip-central,R9-T5-envelope,model,28,23,0.0,MW,7.599999999999999e-5,true
joint-mip-central,R9-T5-H-plusout,model,28,23,0.0,MW,7.599999999999999e-5,true
joint-mip-central,R9-T5-envelope,model,28,23,0.0,MW,7.599999999999999e-5,true
joint-mip-central,R9-T5-loss,model,28,23,2.42861286636753e-17,MW,7.599999999999999e-5,true
joint-mip-central,R9-T5-m-minus,model,28,23,0.0,kg/s,0.0001284494047619048,true
joint-mip-central,R9-T5-H-minusin,model,28,23,0.0,MW,7.599999999999999e-5,true
joint-mip-central,R9-T5-envelope,model,28,23,0.0,MW,7.599999999999999e-5,true
joint-mip-central,R9-T5-H-minusout,model,28,23,0.0,MW,7.599999999999999e-5,true
joint-mip-central,R9-T5-envelope,model,28,23,0.0,MW,7.599999999999999e-5,true
joint-mip-central,R9-T5-loss,model,28,23,0.0,MW,7.599999999999999e-5,true
joint-mip-central,R9-T5-direction,model,29,23,0.0,1,1.0e-6,true
joint-mip-central,R9-T5-integer,model,29,23,0.0,1,1.0e-6,true
joint-mip-central,R9-T5-m-plus,model,29,23,0.0,kg/s,0.0001284494047619048,true
joint-mip-central,R9-T5-H-plusin,model,29,23,0.0,MW,7.599999999999999e-5,true
joint-mip-central,R9-T5-envelope,model,29,23,0.0,MW,7.599999999999999e-5,true
joint-mip-central,R9-T5-H-plusout,model,29,23,0.0,MW,7.599999999999999e-5,true
joint-mip-central,R9-T5-envelope,model,29,23,0.0,MW,7.599999999999999e-5,true
joint-mip-central,R9-T5-loss,model,29,23,8.673617379884035e-18,MW,7.599999999999999e-5,true
joint-mip-central,R9-T5-m-minus,model,29,23,0.0,kg/s,0.0001284494047619048,true
joint-mip-central,R9-T5-H-minusin,model,29,23,0.0,MW,7.599999999999999e-5,true
joint-mip-central,R9-T5-envelope,model,29,23,0.0,MW,7.599999999999999e-5,true
joint-mip-central,R9-T5-H-minusout,model,29,23,0.0,MW,7.599999999999999e-5,true
joint-mip-central,R9-T5-envelope,model,29,23,0.0,MW,7.599999999999999e-5,true
joint-mip-central,R9-T5-loss,model,29,23,0.0,MW,7.599999999999999e-5,true
joint-mip-central,R9-T5-direction,model,30,23,0.0,1,1.0e-6,true
joint-mip-central,R9-T5-integer,model,30,23,0.0,1,1.0e-6,true
joint-mip-central,R9-T5-m-plus,model,30,23,0.0,kg/s,0.0001284494047619048,true
joint-mip-central,R9-T5-H-plusin,model,30,23,0.0,MW,7.599999999999999e-5,true
joint-mip-central,R9-T5-envelope,model,30,23,7.632783294297951e-17,MW,7.599999999999999e-5,true
joint-mip-central,R9-T5-H-plusout,model,30,23,0.0,MW,7.599999999999999e-5,true
joint-mip-central,R9-T5-envelope,model,30,23,0.0,MW,7.599999999999999e-5,true
joint-mip-central,R9-T5-loss,model,30,23,1.734723475976807e-18,MW,7.599999999999999e-5,true
joint-mip-central,R9-T5-m-minus,model,30,23,0.0,kg/s,0.0001284494047619048,true
joint-mip-central,R9-T5-H-minusin,model,30,23,0.0,MW,7.599999999999999e-5,true
joint-mip-central,R9-T5-envelope,model,30,23,0.0,MW,7.599999999999999e-5,true
joint-mip-central,R9-T5-H-minusout,model,30,23,0.0,MW,7.599999999999999e-5,true
joint-mip-central,R9-T5-envelope,model,30,23,0.0,MW,7.599999999999999e-5,true
joint-mip-central,R9-T5-loss,model,30,23,0.0,MW,7.599999999999999e-5,true
joint-mip-central,R9-T5-direction,model,31,23,0.0,1,1.0e-6,true
joint-mip-central,R9-T5-integer,model,31,23,0.0,1,1.0e-6,true
joint-mip-central,R9-T5-m-plus,model,31,23,0.0,kg/s,0.0001284494047619048,true
joint-mip-central,R9-T5-H-plusin,model,31,23,0.0,MW,7.599999999999999e-5,true
joint-mip-central,R9-T5-envelope,model,31,23,0.0,MW,7.599999999999999e-5,true
joint-mip-central,R9-T5-H-plusout,model,31,23,0.0,MW,7.599999999999999e-5,true
joint-mip-central,R9-T5-envelope,model,31,23,0.0,MW,7.599999999999999e-5,true
joint-mip-central,R9-T5-loss,model,31,23,3.469446951953614e-18,MW,7.599999999999999e-5,true
joint-mip-central,R9-T5-m-minus,model,31,23,0.0,kg/s,0.0001284494047619048,true
joint-mip-central,R9-T5-H-minusin,model,31,23,0.0,MW,7.599999999999999e-5,true
joint-mip-central,R9-T5-envelope,model,31,23,0.0,MW,7.599999999999999e-5,true
joint-mip-central,R9-T5-H-minusout,model,31,23,0.0,MW,7.599999999999999e-5,true
joint-mip-central,R9-T5-envelope,model,31,23,0.0,MW,7.599999999999999e-5,true
joint-mip-central,R9-T5-loss,model,31,23,0.0,MW,7.599999999999999e-5,true
joint-mip-central,R9-T5-direction,model,32,23,0.0,1,1.0e-6,true
joint-mip-central,R9-T5-integer,model,32,23,0.0,1,1.0e-6,true
joint-mip-central,R9-T5-m-plus,model,32,23,0.0,kg/s,0.0001284494047619048,true
joint-mip-central,R9-T5-H-plusin,model,32,23,0.0,MW,7.599999999999999e-5,true
joint-mip-central,R9-T5-envelope,model,32,23,0.0,MW,7.599999999999999e-5,true
joint-mip-central,R9-T5-H-plusout,model,32,23,0.0,MW,7.599999999999999e-5,true
joint-mip-central,R9-T5-envelope,model,32,23,0.0,MW,7.599999999999999e-5,true
joint-mip-central,R9-T5-loss,model,32,23,1.734723475976807e-18,MW,7.599999999999999e-5,true
joint-mip-central,R9-T5-m-minus,model,32,23,0.0,kg/s,0.0001284494047619048,true
joint-mip-central,R9-T5-H-minusin,model,32,23,0.0,MW,7.599999999999999e-5,true
joint-mip-central,R9-T5-envelope,model,32,23,0.0,MW,7.599999999999999e-5,true
joint-mip-central,R9-T5-H-minusout,model,32,23,0.0,MW,7.599999999999999e-5,true
joint-mip-central,R9-T5-envelope,model,32,23,0.0,MW,7.599999999999999e-5,true
joint-mip-central,R9-T5-loss,model,32,23,0.0,MW,7.599999999999999e-5,true
joint-mip-central,R9-T5-direction,model,33,23,0.0,1,1.0e-6,true
joint-mip-central,R9-T5-integer,model,33,23,0.0,1,1.0e-6,true
joint-mip-central,R9-T5-m-plus,model,33,23,0.0,kg/s,0.0001284494047619048,true
joint-mip-central,R9-T5-H-plusin,model,33,23,0.0,MW,7.599999999999999e-5,true
joint-mip-central,R9-T5-envelope,model,33,23,0.0,MW,7.599999999999999e-5,true
joint-mip-central,R9-T5-H-plusout,model,33,23,0.0,MW,7.599999999999999e-5,true
joint-mip-central,R9-T5-envelope,model,33,23,0.0,MW,7.599999999999999e-5,true
joint-mip-central,R9-T5-loss,model,33,23,1.9081958235744878e-17,MW,7.599999999999999e-5,true
joint-mip-central,R9-T5-m-minus,model,33,23,0.0,kg/s,0.0001284494047619048,true
joint-mip-central,R9-T5-H-minusin,model,33,23,0.0,MW,7.599999999999999e-5,true
joint-mip-central,R9-T5-envelope,model,33,23,0.0,MW,7.599999999999999e-5,true
joint-mip-central,R9-T5-H-minusout,model,33,23,0.0,MW,7.599999999999999e-5,true
joint-mip-central,R9-T5-envelope,model,33,23,0.0,MW,7.599999999999999e-5,true
joint-mip-central,R9-T5-loss,model,33,23,0.0,MW,7.599999999999999e-5,true
joint-mip-central,R9-T5-direction,model,34,23,0.0,1,1.0e-6,true
joint-mip-central,R9-T5-integer,model,34,23,0.0,1,1.0e-6,true
joint-mip-central,R9-T5-m-plus,model,34,23,0.0,kg/s,0.0001284494047619048,true
joint-mip-central,R9-T5-H-plusin,model,34,23,0.0,MW,7.599999999999999e-5,true
joint-mip-central,R9-T5-envelope,model,34,23,0.0,MW,7.599999999999999e-5,true
joint-mip-central,R9-T5-H-plusout,model,34,23,0.0,MW,7.599999999999999e-5,true
joint-mip-central,R9-T5-envelope,model,34,23,0.0,MW,7.599999999999999e-5,true
joint-mip-central,R9-T5-loss,model,34,23,8.673617379884035e-18,MW,7.599999999999999e-5,true
joint-mip-central,R9-T5-m-minus,model,34,23,0.0,kg/s,0.0001284494047619048,true
joint-mip-central,R9-T5-H-minusin,model,34,23,0.0,MW,7.599999999999999e-5,true
joint-mip-central,R9-T5-envelope,model,34,23,0.0,MW,7.599999999999999e-5,true
joint-mip-central,R9-T5-H-minusout,model,34,23,0.0,MW,7.599999999999999e-5,true
joint-mip-central,R9-T5-envelope,model,34,23,0.0,MW,7.599999999999999e-5,true
joint-mip-central,R9-T5-loss,model,34,23,0.0,MW,7.599999999999999e-5,true
joint-mip-central,R9-T5-direction,model,35,23,0.0,1,1.0e-6,true
joint-mip-central,R9-T5-integer,model,35,23,0.0,1,1.0e-6,true
joint-mip-central,R9-T5-m-plus,model,35,23,0.0,kg/s,0.0001284494047619048,true
joint-mip-central,R9-T5-H-plusin,model,35,23,0.0,MW,7.599999999999999e-5,true
joint-mip-central,R9-T5-envelope,model,35,23,0.0,MW,7.599999999999999e-5,true
joint-mip-central,R9-T5-H-plusout,model,35,23,0.0,MW,7.599999999999999e-5,true
joint-mip-central,R9-T5-envelope,model,35,23,0.0,MW,7.599999999999999e-5,true
joint-mip-central,R9-T5-loss,model,35,23,3.469446951953614e-18,MW,7.599999999999999e-5,true
joint-mip-central,R9-T5-m-minus,model,35,23,0.0,kg/s,0.0001284494047619048,true
joint-mip-central,R9-T5-H-minusin,model,35,23,0.0,MW,7.599999999999999e-5,true
joint-mip-central,R9-T5-envelope,model,35,23,0.0,MW,7.599999999999999e-5,true
joint-mip-central,R9-T5-H-minusout,model,35,23,0.0,MW,7.599999999999999e-5,true
joint-mip-central,R9-T5-envelope,model,35,23,0.0,MW,7.599999999999999e-5,true
joint-mip-central,R9-T5-loss,model,35,23,0.0,MW,7.599999999999999e-5,true
joint-mip-central,R9-T5-direction,model,36,23,0.0,1,1.0e-6,true
joint-mip-central,R9-T5-integer,model,36,23,0.0,1,1.0e-6,true
joint-mip-central,R9-T5-m-plus,model,36,23,0.0,kg/s,0.0001284494047619048,true
joint-mip-central,R9-T5-H-plusin,model,36,23,0.0,MW,7.599999999999999e-5,true
joint-mip-central,R9-T5-envelope,model,36,23,0.0,MW,7.599999999999999e-5,true
joint-mip-central,R9-T5-H-plusout,model,36,23,0.0,MW,7.599999999999999e-5,true
joint-mip-central,R9-T5-envelope,model,36,23,0.0,MW,7.599999999999999e-5,true
joint-mip-central,R9-T5-loss,model,36,23,3.469446951953614e-18,MW,7.599999999999999e-5,true
joint-mip-central,R9-T5-m-minus,model,36,23,0.0,kg/s,0.0001284494047619048,true
joint-mip-central,R9-T5-H-minusin,model,36,23,0.0,MW,7.599999999999999e-5,true
joint-mip-central,R9-T5-envelope,model,36,23,0.0,MW,7.599999999999999e-5,true
joint-mip-central,R9-T5-H-minusout,model,36,23,0.0,MW,7.599999999999999e-5,true
joint-mip-central,R9-T5-envelope,model,36,23,0.0,MW,7.599999999999999e-5,true
joint-mip-central,R9-T5-loss,model,36,23,0.0,MW,7.599999999999999e-5,true
joint-mip-central,R9-T5-direction,model,37,23,0.0,1,1.0e-6,true
joint-mip-central,R9-T5-integer,model,37,23,0.0,1,1.0e-6,true
joint-mip-central,R9-T5-m-plus,model,37,23,0.0,kg/s,0.0001284494047619048,true
joint-mip-central,R9-T5-H-plusin,model,37,23,0.0,MW,7.599999999999999e-5,true
joint-mip-central,R9-T5-envelope,model,37,23,0.0,MW,7.599999999999999e-5,true
joint-mip-central,R9-T5-H-plusout,model,37,23,0.0,MW,7.599999999999999e-5,true
joint-mip-central,R9-T5-envelope,model,37,23,0.0,MW,7.599999999999999e-5,true
joint-mip-central,R9-T5-loss,model,37,23,1.734723475976807e-18,MW,7.599999999999999e-5,true
joint-mip-central,R9-T5-m-minus,model,37,23,0.0,kg/s,0.0001284494047619048,true
joint-mip-central,R9-T5-H-minusin,model,37,23,0.0,MW,7.599999999999999e-5,true
joint-mip-central,R9-T5-envelope,model,37,23,0.0,MW,7.599999999999999e-5,true
joint-mip-central,R9-T5-H-minusout,model,37,23,0.0,MW,7.599999999999999e-5,true
joint-mip-central,R9-T5-envelope,model,37,23,0.0,MW,7.599999999999999e-5,true
joint-mip-central,R9-T5-loss,model,37,23,0.0,MW,7.599999999999999e-5,true
joint-mip-central,R9-T5-direction,model,38,23,0.0,1,1.0e-6,true
joint-mip-central,R9-T5-integer,model,38,23,0.0,1,1.0e-6,true
joint-mip-central,R9-T5-m-plus,model,38,23,0.0,kg/s,0.0001284494047619048,true
joint-mip-central,R9-T5-H-plusin,model,38,23,0.0,MW,7.599999999999999e-5,true
joint-mip-central,R9-T5-envelope,model,38,23,0.0,MW,7.599999999999999e-5,true
joint-mip-central,R9-T5-H-plusout,model,38,23,0.0,MW,7.599999999999999e-5,true
joint-mip-central,R9-T5-envelope,model,38,23,0.0,MW,7.599999999999999e-5,true
joint-mip-central,R9-T5-loss,model,38,23,0.0,MW,7.599999999999999e-5,true
joint-mip-central,R9-T5-m-minus,model,38,23,0.0,kg/s,0.0001284494047619048,true
joint-mip-central,R9-T5-H-minusin,model,38,23,0.0,MW,7.599999999999999e-5,true
joint-mip-central,R9-T5-envelope,model,38,23,0.0,MW,7.599999999999999e-5,true
joint-mip-central,R9-T5-H-minusout,model,38,23,0.0,MW,7.599999999999999e-5,true
joint-mip-central,R9-T5-envelope,model,38,23,0.0,MW,7.599999999999999e-5,true
joint-mip-central,R9-T5-loss,model,38,23,0.0,MW,7.599999999999999e-5,true
joint-mip-central,R9-T5-direction,model,39,23,0.0,1,1.0e-6,true
joint-mip-central,R9-T5-integer,model,39,23,0.0,1,1.0e-6,true
joint-mip-central,R9-T5-m-plus,model,39,23,0.0,kg/s,0.0001284494047619048,true
joint-mip-central,R9-T5-H-plusin,model,39,23,0.0,MW,7.599999999999999e-5,true
joint-mip-central,R9-T5-envelope,model,39,23,0.0,MW,7.599999999999999e-5,true
joint-mip-central,R9-T5-H-plusout,model,39,23,0.0,MW,7.599999999999999e-5,true
joint-mip-central,R9-T5-envelope,model,39,23,0.0,MW,7.599999999999999e-5,true
joint-mip-central,R9-T5-loss,model,39,23,0.0,MW,7.599999999999999e-5,true
joint-mip-central,R9-T5-m-minus,model,39,23,0.0,kg/s,0.0001284494047619048,true
joint-mip-central,R9-T5-H-minusin,model,39,23,0.0,MW,7.599999999999999e-5,true
joint-mip-central,R9-T5-envelope,model,39,23,0.0,MW,7.599999999999999e-5,true
joint-mip-central,R9-T5-H-minusout,model,39,23,0.0,MW,7.599999999999999e-5,true
joint-mip-central,R9-T5-envelope,model,39,23,0.0,MW,7.599999999999999e-5,true
joint-mip-central,R9-T5-loss,model,39,23,0.0,MW,7.599999999999999e-5,true
joint-mip-central,R9-T5-source-capacity,model,1,23,0.0,kg/s,0.0001284494047619048,true
joint-mip-central,R9-T5-load-capacity,model,1,23,0.0,kg/s,0.0001284494047619048,true
joint-mip-central,R9-T5-nonnegative-port,model,1,23,0.0,kg/s,0.0001284494047619048,true
joint-mip-central,R9-T5-port-source,model,1,23,0.0,MW,7.599999999999999e-5,true
joint-mip-central,R9-T5-nonnegative-port,model,1,23,0.0,kg/s,0.0001284494047619048,true
joint-mip-central,R9-T5-port-load,model,1,23,0.0,MW,7.599999999999999e-5,true
joint-mip-central,R9-T5-heat-balance,model,1,23,2.1096457913927225e-12,MW,7.599999999999999e-5,true
joint-mip-central,R9-T5-mass-balance,model,1,23,1.7763568394002505e-15,kg/s,0.0001284494047619048,true
joint-mip-central,R9-T5-source-capacity,model,2,23,0.0,kg/s,0.0001284494047619048,true
joint-mip-central,R9-T5-load-capacity,model,2,23,0.0,kg/s,0.0001284494047619048,true
joint-mip-central,R9-T5-nonnegative-port,model,2,23,0.0,kg/s,0.0001284494047619048,true
joint-mip-central,R9-T5-port-source,model,2,23,0.0,MW,7.599999999999999e-5,true
joint-mip-central,R9-T5-nonnegative-port,model,2,23,0.0,kg/s,0.0001284494047619048,true
joint-mip-central,R9-T5-port-load,model,2,23,0.0,MW,7.599999999999999e-5,true
joint-mip-central,R9-T5-heat-balance,model,2,23,0.0,MW,7.599999999999999e-5,true
joint-mip-central,R9-T5-mass-balance,model,2,23,0.0,kg/s,0.0001284494047619048,true
joint-mip-central,R9-T5-source-capacity,model,3,23,0.0,kg/s,0.0001284494047619048,true
joint-mip-central,R9-T5-load-capacity,model,3,23,0.0,kg/s,0.0001284494047619048,true
joint-mip-central,R9-T5-nonnegative-port,model,3,23,0.0,kg/s,0.0001284494047619048,true
joint-mip-central,R9-T5-port-source,model,3,23,0.0,MW,7.599999999999999e-5,true
joint-mip-central,R9-T5-nonnegative-port,model,3,23,0.0,kg/s,0.0001284494047619048,true
joint-mip-central,R9-T5-port-load,model,3,23,0.0,MW,7.599999999999999e-5,true
joint-mip-central,R9-T5-heat-balance,model,3,23,1.4028778139163478e-12,MW,7.599999999999999e-5,true
joint-mip-central,R9-T5-mass-balance,model,3,23,1.4050982599655981e-12,kg/s,0.0001284494047619048,true
joint-mip-central,R9-T5-source-capacity,model,4,23,0.0,kg/s,0.0001284494047619048,true
joint-mip-central,R9-T5-load-capacity,model,4,23,0.0,kg/s,0.0001284494047619048,true
joint-mip-central,R9-T5-nonnegative-port,model,4,23,0.0,kg/s,0.0001284494047619048,true
joint-mip-central,R9-T5-port-source,model,4,23,0.0,MW,7.599999999999999e-5,true
joint-mip-central,R9-T5-nonnegative-port,model,4,23,0.0,kg/s,0.0001284494047619048,true
joint-mip-central,R9-T5-port-load,model,4,23,0.0,MW,7.599999999999999e-5,true
joint-mip-central,R9-T5-heat-balance,model,4,23,2.220446049250313e-16,MW,7.599999999999999e-5,true
joint-mip-central,R9-T5-mass-balance,model,4,23,0.0,kg/s,0.0001284494047619048,true
joint-mip-central,R9-T5-source-capacity,model,5,23,0.0,kg/s,0.0001284494047619048,true
joint-mip-central,R9-T5-load-capacity,model,5,23,0.0,kg/s,0.0001284494047619048,true
joint-mip-central,R9-T5-nonnegative-port,model,5,23,0.0,kg/s,0.0001284494047619048,true
joint-mip-central,R9-T5-port-source,model,5,23,0.0,MW,7.599999999999999e-5,true
joint-mip-central,R9-T5-nonnegative-port,model,5,23,0.0,kg/s,0.0001284494047619048,true
joint-mip-central,R9-T5-port-load,model,5,23,0.0,MW,7.599999999999999e-5,true
joint-mip-central,R9-T5-heat-balance,model,5,23,7.0247974104376e-13,MW,7.599999999999999e-5,true
joint-mip-central,R9-T5-mass-balance,model,5,23,1.5543122344752192e-15,kg/s,0.0001284494047619048,true
joint-mip-central,R9-T5-source-capacity,model,6,23,0.0,kg/s,0.0001284494047619048,true
joint-mip-central,R9-T5-load-capacity,model,6,23,0.0,kg/s,0.0001284494047619048,true
joint-mip-central,R9-T5-nonnegative-port,model,6,23,0.0,kg/s,0.0001284494047619048,true
joint-mip-central,R9-T5-port-source,model,6,23,0.0,MW,7.599999999999999e-5,true
joint-mip-central,R9-T5-nonnegative-port,model,6,23,0.0,kg/s,0.0001284494047619048,true
joint-mip-central,R9-T5-port-load,model,6,23,0.0,MW,7.599999999999999e-5,true
joint-mip-central,R9-T5-heat-balance,model,6,23,0.0,MW,7.599999999999999e-5,true
joint-mip-central,R9-T5-mass-balance,model,6,23,0.0,kg/s,0.0001284494047619048,true
joint-mip-central,R9-T5-source-capacity,model,7,23,0.0,kg/s,0.0001284494047619048,true
joint-mip-central,R9-T5-load-capacity,model,7,23,0.0,kg/s,0.0001284494047619048,true
joint-mip-central,R9-T5-nonnegative-port,model,7,23,0.0,kg/s,0.0001284494047619048,true
joint-mip-central,R9-T5-port-source,model,7,23,0.0,MW,7.599999999999999e-5,true
joint-mip-central,R9-T5-nonnegative-port,model,7,23,0.0,kg/s,0.0001284494047619048,true
joint-mip-central,R9-T5-port-load,model,7,23,0.0,MW,7.599999999999999e-5,true
joint-mip-central,R9-T5-heat-balance,model,7,23,7.022819825674986e-13,MW,7.599999999999999e-5,true
joint-mip-central,R9-T5-mass-balance,model,7,23,2.220446049250313e-16,kg/s,0.0001284494047619048,true
joint-mip-central,R9-T5-source-capacity,model,8,23,0.0,kg/s,0.0001284494047619048,true
joint-mip-central,R9-T5-load-capacity,model,8,23,0.0,kg/s,0.0001284494047619048,true
joint-mip-central,R9-T5-nonnegative-port,model,8,23,0.0,kg/s,0.0001284494047619048,true
joint-mip-central,R9-T5-port-source,model,8,23,0.0,MW,7.599999999999999e-5,true
joint-mip-central,R9-T5-nonnegative-port,model,8,23,0.0,kg/s,0.0001284494047619048,true
joint-mip-central,R9-T5-port-load,model,8,23,0.0,MW,7.599999999999999e-5,true
joint-mip-central,R9-T5-heat-balance,model,8,23,0.0,MW,7.599999999999999e-5,true
joint-mip-central,R9-T5-mass-balance,model,8,23,0.0,kg/s,0.0001284494047619048,true
joint-mip-central,R9-T5-source-capacity,model,9,23,0.0,kg/s,0.0001284494047619048,true
joint-mip-central,R9-T5-load-capacity,model,9,23,0.0,kg/s,0.0001284494047619048,true
joint-mip-central,R9-T5-nonnegative-port,model,9,23,0.0,kg/s,0.0001284494047619048,true
joint-mip-central,R9-T5-port-source,model,9,23,0.0,MW,7.599999999999999e-5,true
joint-mip-central,R9-T5-nonnegative-port,model,9,23,0.0,kg/s,0.0001284494047619048,true
joint-mip-central,R9-T5-port-load,model,9,23,0.0,MW,7.599999999999999e-5,true
joint-mip-central,R9-T5-heat-balance,model,9,23,0.0,MW,7.599999999999999e-5,true
joint-mip-central,R9-T5-mass-balance,model,9,23,0.0,kg/s,0.0001284494047619048,true
joint-mip-central,R9-T5-source-capacity,model,10,23,0.0,kg/s,0.0001284494047619048,true
joint-mip-central,R9-T5-load-capacity,model,10,23,0.0,kg/s,0.0001284494047619048,true
joint-mip-central,R9-T5-nonnegative-port,model,10,23,0.0,kg/s,0.0001284494047619048,true
joint-mip-central,R9-T5-port-source,model,10,23,0.0,MW,7.599999999999999e-5,true
joint-mip-central,R9-T5-nonnegative-port,model,10,23,0.0,kg/s,0.0001284494047619048,true
joint-mip-central,R9-T5-port-load,model,10,23,0.0,MW,7.599999999999999e-5,true
joint-mip-central,R9-T5-heat-balance,model,10,23,0.0,MW,7.599999999999999e-5,true
joint-mip-central,R9-T5-mass-balance,model,10,23,5.551115123125783e-17,kg/s,0.0001284494047619048,true
joint-mip-central,R9-T5-source-capacity,model,11,23,0.0,kg/s,0.0001284494047619048,true
joint-mip-central,R9-T5-load-capacity,model,11,23,0.0,kg/s,0.0001284494047619048,true
joint-mip-central,R9-T5-nonnegative-port,model,11,23,0.0,kg/s,0.0001284494047619048,true
joint-mip-central,R9-T5-port-source,model,11,23,0.0,MW,7.599999999999999e-5,true
joint-mip-central,R9-T5-nonnegative-port,model,11,23,0.0,kg/s,0.0001284494047619048,true
joint-mip-central,R9-T5-port-load,model,11,23,0.0,MW,7.599999999999999e-5,true
joint-mip-central,R9-T5-heat-balance,model,11,23,0.0,MW,7.599999999999999e-5,true
joint-mip-central,R9-T5-mass-balance,model,11,23,2.8096414084188837e-12,kg/s,0.0001284494047619048,true
joint-mip-central,R9-T5-source-capacity,model,12,23,0.0,kg/s,0.0001284494047619048,true
joint-mip-central,R9-T5-load-capacity,model,12,23,0.0,kg/s,0.0001284494047619048,true
joint-mip-central,R9-T5-nonnegative-port,model,12,23,0.0,kg/s,0.0001284494047619048,true
joint-mip-central,R9-T5-port-source,model,12,23,0.0,MW,7.599999999999999e-5,true
joint-mip-central,R9-T5-nonnegative-port,model,12,23,0.0,kg/s,0.0001284494047619048,true
joint-mip-central,R9-T5-port-load,model,12,23,0.0,MW,7.599999999999999e-5,true
joint-mip-central,R9-T5-heat-balance,model,12,23,0.0,MW,7.599999999999999e-5,true
joint-mip-central,R9-T5-mass-balance,model,12,23,2.809530386116421e-12,kg/s,0.0001284494047619048,true
joint-mip-central,R9-T5-source-capacity,model,13,23,0.0,kg/s,0.0001284494047619048,true
joint-mip-central,R9-T5-load-capacity,model,13,23,0.0,kg/s,0.0001284494047619048,true
joint-mip-central,R9-T5-nonnegative-port,model,13,23,0.0,kg/s,0.0001284494047619048,true
joint-mip-central,R9-T5-port-source,model,13,23,0.0,MW,7.599999999999999e-5,true
joint-mip-central,R9-T5-nonnegative-port,model,13,23,0.0,kg/s,0.0001284494047619048,true
joint-mip-central,R9-T5-port-load,model,13,23,0.0,MW,7.599999999999999e-5,true
joint-mip-central,R9-T5-heat-balance,model,13,23,5.551115123125783e-17,MW,7.599999999999999e-5,true
joint-mip-central,R9-T5-mass-balance,model,13,23,2.809308341511496e-12,kg/s,0.0001284494047619048,true
joint-mip-central,R9-T5-source-capacity,model,14,23,0.0,kg/s,0.0001284494047619048,true
joint-mip-central,R9-T5-load-capacity,model,14,23,0.0,kg/s,0.0001284494047619048,true
joint-mip-central,R9-T5-nonnegative-port,model,14,23,0.0,kg/s,0.0001284494047619048,true
joint-mip-central,R9-T5-port-source,model,14,23,0.0,MW,7.599999999999999e-5,true
joint-mip-central,R9-T5-nonnegative-port,model,14,23,0.0,kg/s,0.0001284494047619048,true
joint-mip-central,R9-T5-port-load,model,14,23,0.0,MW,7.599999999999999e-5,true
joint-mip-central,R9-T5-heat-balance,model,14,23,0.0,MW,7.599999999999999e-5,true
joint-mip-central,R9-T5-mass-balance,model,14,23,0.0,kg/s,0.0001284494047619048,true
joint-mip-central,R9-T5-source-capacity,model,15,23,0.0,kg/s,0.0001284494047619048,true
joint-mip-central,R9-T5-load-capacity,model,15,23,0.0,kg/s,0.0001284494047619048,true
joint-mip-central,R9-T5-nonnegative-port,model,15,23,0.0,kg/s,0.0001284494047619048,true
joint-mip-central,R9-T5-port-source,model,15,23,0.0,MW,7.599999999999999e-5,true
joint-mip-central,R9-T5-nonnegative-port,model,15,23,0.0,kg/s,0.0001284494047619048,true
joint-mip-central,R9-T5-port-load,model,15,23,0.0,MW,7.599999999999999e-5,true
joint-mip-central,R9-T5-heat-balance,model,15,23,5.551115123125783e-15,MW,7.599999999999999e-5,true
joint-mip-central,R9-T5-mass-balance,model,15,23,5.616840326183592e-12,kg/s,0.0001284494047619048,true
joint-mip-central,R9-T5-source-capacity,model,16,23,0.0,kg/s,0.0001284494047619048,true
joint-mip-central,R9-T5-load-capacity,model,16,23,0.0,kg/s,0.0001284494047619048,true
joint-mip-central,R9-T5-nonnegative-port,model,16,23,0.0,kg/s,0.0001284494047619048,true
joint-mip-central,R9-T5-port-source,model,16,23,0.0,MW,7.599999999999999e-5,true
joint-mip-central,R9-T5-nonnegative-port,model,16,23,0.0,kg/s,0.0001284494047619048,true
joint-mip-central,R9-T5-port-load,model,16,23,0.0,MW,7.599999999999999e-5,true
joint-mip-central,R9-T5-heat-balance,model,16,23,2.7755575615628914e-17,MW,7.599999999999999e-5,true
joint-mip-central,R9-T5-mass-balance,model,16,23,0.0,kg/s,0.0001284494047619048,true
joint-mip-central,R9-T5-source-capacity,model,17,23,0.0,kg/s,0.0001284494047619048,true
joint-mip-central,R9-T5-load-capacity,model,17,23,0.0,kg/s,0.0001284494047619048,true
joint-mip-central,R9-T5-nonnegative-port,model,17,23,0.0,kg/s,0.0001284494047619048,true
joint-mip-central,R9-T5-port-source,model,17,23,0.0,MW,7.599999999999999e-5,true
joint-mip-central,R9-T5-nonnegative-port,model,17,23,0.0,kg/s,0.0001284494047619048,true
joint-mip-central,R9-T5-port-load,model,17,23,0.0,MW,7.599999999999999e-5,true
joint-mip-central,R9-T5-heat-balance,model,17,23,0.0,MW,7.599999999999999e-5,true
joint-mip-central,R9-T5-mass-balance,model,17,23,0.0,kg/s,0.0001284494047619048,true
joint-mip-central,R9-T5-source-capacity,model,18,23,0.0,kg/s,0.0001284494047619048,true
joint-mip-central,R9-T5-load-capacity,model,18,23,0.0,kg/s,0.0001284494047619048,true
joint-mip-central,R9-T5-nonnegative-port,model,18,23,0.0,kg/s,0.0001284494047619048,true
joint-mip-central,R9-T5-port-source,model,18,23,0.0,MW,7.599999999999999e-5,true
joint-mip-central,R9-T5-nonnegative-port,model,18,23,0.0,kg/s,0.0001284494047619048,true
joint-mip-central,R9-T5-port-load,model,18,23,0.0,MW,7.599999999999999e-5,true
joint-mip-central,R9-T5-heat-balance,model,18,23,8.326672684688674e-17,MW,7.599999999999999e-5,true
joint-mip-central,R9-T5-mass-balance,model,18,23,0.0,kg/s,0.0001284494047619048,true
joint-mip-central,R9-T5-source-capacity,model,19,23,0.0,kg/s,0.0001284494047619048,true
joint-mip-central,R9-T5-load-capacity,model,19,23,0.0,kg/s,0.0001284494047619048,true
joint-mip-central,R9-T5-nonnegative-port,model,19,23,0.0,kg/s,0.0001284494047619048,true
joint-mip-central,R9-T5-port-source,model,19,23,0.0,MW,7.599999999999999e-5,true
joint-mip-central,R9-T5-nonnegative-port,model,19,23,0.0,kg/s,0.0001284494047619048,true
joint-mip-central,R9-T5-port-load,model,19,23,0.0,MW,7.599999999999999e-5,true
joint-mip-central,R9-T5-heat-balance,model,19,23,1.3877787807814457e-17,MW,7.599999999999999e-5,true
joint-mip-central,R9-T5-mass-balance,model,19,23,4.218847493575595e-15,kg/s,0.0001284494047619048,true
joint-mip-central,R9-T5-source-capacity,model,20,23,0.0,kg/s,0.0001284494047619048,true
joint-mip-central,R9-T5-load-capacity,model,20,23,0.0,kg/s,0.0001284494047619048,true
joint-mip-central,R9-T5-nonnegative-port,model,20,23,0.0,kg/s,0.0001284494047619048,true
joint-mip-central,R9-T5-port-source,model,20,23,0.0,MW,7.599999999999999e-5,true
joint-mip-central,R9-T5-nonnegative-port,model,20,23,0.0,kg/s,0.0001284494047619048,true
joint-mip-central,R9-T5-port-load,model,20,23,0.0,MW,7.599999999999999e-5,true
joint-mip-central,R9-T5-heat-balance,model,20,23,0.0,MW,7.599999999999999e-5,true
joint-mip-central,R9-T5-mass-balance,model,20,23,0.0,kg/s,0.0001284494047619048,true
joint-mip-central,R9-T5-source-capacity,model,21,23,0.0,kg/s,0.0001284494047619048,true
joint-mip-central,R9-T5-load-capacity,model,21,23,0.0,kg/s,0.0001284494047619048,true
joint-mip-central,R9-T5-nonnegative-port,model,21,23,0.0,kg/s,0.0001284494047619048,true
joint-mip-central,R9-T5-port-source,model,21,23,0.0,MW,7.599999999999999e-5,true
joint-mip-central,R9-T5-nonnegative-port,model,21,23,0.0,kg/s,0.0001284494047619048,true
joint-mip-central,R9-T5-port-load,model,21,23,0.0,MW,7.599999999999999e-5,true
joint-mip-central,R9-T5-heat-balance,model,21,23,6.938893903907228e-18,MW,7.599999999999999e-5,true
joint-mip-central,R9-T5-mass-balance,model,21,23,0.0,kg/s,0.0001284494047619048,true
joint-mip-central,R9-T5-source-capacity,model,22,23,0.0,kg/s,0.0001284494047619048,true
joint-mip-central,R9-T5-load-capacity,model,22,23,0.0,kg/s,0.0001284494047619048,true
joint-mip-central,R9-T5-nonnegative-port,model,22,23,0.0,kg/s,0.0001284494047619048,true
joint-mip-central,R9-T5-port-source,model,22,23,0.0,MW,7.599999999999999e-5,true
joint-mip-central,R9-T5-nonnegative-port,model,22,23,0.0,kg/s,0.0001284494047619048,true
joint-mip-central,R9-T5-port-load,model,22,23,0.0,MW,7.599999999999999e-5,true
joint-mip-central,R9-T5-heat-balance,model,22,23,0.0,MW,7.599999999999999e-5,true
joint-mip-central,R9-T5-mass-balance,model,22,23,0.0,kg/s,0.0001284494047619048,true
joint-mip-central,R9-T5-source-capacity,model,23,23,0.0,kg/s,0.0001284494047619048,true
joint-mip-central,R9-T5-load-capacity,model,23,23,0.0,kg/s,0.0001284494047619048,true
joint-mip-central,R9-T5-nonnegative-port,model,23,23,0.0,kg/s,0.0001284494047619048,true
joint-mip-central,R9-T5-port-source,model,23,23,0.0,MW,7.599999999999999e-5,true
joint-mip-central,R9-T5-nonnegative-port,model,23,23,0.0,kg/s,0.0001284494047619048,true
joint-mip-central,R9-T5-port-load,model,23,23,0.0,MW,7.599999999999999e-5,true
joint-mip-central,R9-T5-heat-balance,model,23,23,0.0,MW,7.599999999999999e-5,true
joint-mip-central,R9-T5-mass-balance,model,23,23,0.0,kg/s,0.0001284494047619048,true
joint-mip-central,R9-T5-source-capacity,model,24,23,0.0,kg/s,0.0001284494047619048,true
joint-mip-central,R9-T5-load-capacity,model,24,23,0.0,kg/s,0.0001284494047619048,true
joint-mip-central,R9-T5-nonnegative-port,model,24,23,0.0,kg/s,0.0001284494047619048,true
joint-mip-central,R9-T5-port-source,model,24,23,0.0,MW,7.599999999999999e-5,true
joint-mip-central,R9-T5-nonnegative-port,model,24,23,0.0,kg/s,0.0001284494047619048,true
joint-mip-central,R9-T5-port-load,model,24,23,0.0,MW,7.599999999999999e-5,true
joint-mip-central,R9-T5-heat-balance,model,24,23,0.0,MW,7.599999999999999e-5,true
joint-mip-central,R9-T5-mass-balance,model,24,23,2.8101965199311962e-12,kg/s,0.0001284494047619048,true
joint-mip-central,R9-T5-source-capacity,model,25,23,0.0,kg/s,0.0001284494047619048,true
joint-mip-central,R9-T5-load-capacity,model,25,23,0.0,kg/s,0.0001284494047619048,true
joint-mip-central,R9-T5-nonnegative-port,model,25,23,0.0,kg/s,0.0001284494047619048,true
joint-mip-central,R9-T5-port-source,model,25,23,0.0,MW,7.599999999999999e-5,true
joint-mip-central,R9-T5-nonnegative-port,model,25,23,0.0,kg/s,0.0001284494047619048,true
joint-mip-central,R9-T5-port-load,model,25,23,0.0,MW,7.599999999999999e-5,true
joint-mip-central,R9-T5-heat-balance,model,25,23,2.220446049250313e-16,MW,7.599999999999999e-5,true
joint-mip-central,R9-T5-mass-balance,model,25,23,2.808420163091796e-12,kg/s,0.0001284494047619048,true
joint-mip-central,R9-T5-source-capacity,model,26,23,0.0,kg/s,0.0001284494047619048,true
joint-mip-central,R9-T5-load-capacity,model,26,23,0.0,kg/s,0.0001284494047619048,true
joint-mip-central,R9-T5-nonnegative-port,model,26,23,0.0,kg/s,0.0001284494047619048,true
joint-mip-central,R9-T5-port-source,model,26,23,0.0,MW,7.599999999999999e-5,true
joint-mip-central,R9-T5-nonnegative-port,model,26,23,0.0,kg/s,0.0001284494047619048,true
joint-mip-central,R9-T5-port-load,model,26,23,0.0,MW,7.599999999999999e-5,true
joint-mip-central,R9-T5-heat-balance,model,26,23,6.957351361691622e-13,MW,7.599999999999999e-5,true
joint-mip-central,R9-T5-mass-balance,model,26,23,1.3322676295501878e-15,kg/s,0.0001284494047619048,true
joint-mip-central,R9-T5-source-capacity,model,27,23,0.0,kg/s,0.0001284494047619048,true
joint-mip-central,R9-T5-load-capacity,model,27,23,0.0,kg/s,0.0001284494047619048,true
joint-mip-central,R9-T5-nonnegative-port,model,27,23,0.0,kg/s,0.0001284494047619048,true
joint-mip-central,R9-T5-port-source,model,27,23,0.0,MW,7.599999999999999e-5,true
joint-mip-central,R9-T5-nonnegative-port,model,27,23,0.0,kg/s,0.0001284494047619048,true
joint-mip-central,R9-T5-port-load,model,27,23,0.0,MW,7.599999999999999e-5,true
joint-mip-central,R9-T5-heat-balance,model,27,23,0.0,MW,7.599999999999999e-5,true
joint-mip-central,R9-T5-mass-balance,model,27,23,0.0,kg/s,0.0001284494047619048,true
joint-mip-central,R9-T5-source-capacity,model,28,23,0.0,kg/s,0.0001284494047619048,true
joint-mip-central,R9-T5-load-capacity,model,28,23,0.0,kg/s,0.0001284494047619048,true
joint-mip-central,R9-T5-nonnegative-port,model,28,23,0.0,kg/s,0.0001284494047619048,true
joint-mip-central,R9-T5-port-source,model,28,23,0.0,MW,7.599999999999999e-5,true
joint-mip-central,R9-T5-nonnegative-port,model,28,23,0.0,kg/s,0.0001284494047619048,true
joint-mip-central,R9-T5-port-load,model,28,23,0.0,MW,7.599999999999999e-5,true
joint-mip-central,R9-T5-heat-balance,model,28,23,0.0,MW,7.599999999999999e-5,true
joint-mip-central,R9-T5-mass-balance,model,28,23,0.0,kg/s,0.0001284494047619048,true
joint-mip-central,R9-T5-source-capacity,model,29,23,0.0,kg/s,0.0001284494047619048,true
joint-mip-central,R9-T5-load-capacity,model,29,23,0.0,kg/s,0.0001284494047619048,true
joint-mip-central,R9-T5-nonnegative-port,model,29,23,0.0,kg/s,0.0001284494047619048,true
joint-mip-central,R9-T5-port-source,model,29,23,0.0,MW,7.599999999999999e-5,true
joint-mip-central,R9-T5-nonnegative-port,model,29,23,0.0,kg/s,0.0001284494047619048,true
joint-mip-central,R9-T5-port-load,model,29,23,0.0,MW,7.599999999999999e-5,true
joint-mip-central,R9-T5-heat-balance,model,29,23,8.326672684688674e-17,MW,7.599999999999999e-5,true
joint-mip-central,R9-T5-mass-balance,model,29,23,4.6629367034256575e-15,kg/s,0.0001284494047619048,true
joint-mip-central,R9-T5-source-capacity,model,30,23,0.0,kg/s,0.0001284494047619048,true
joint-mip-central,R9-T5-load-capacity,model,30,23,0.0,kg/s,0.0001284494047619048,true
joint-mip-central,R9-T5-nonnegative-port,model,30,23,0.0,kg/s,0.0001284494047619048,true
joint-mip-central,R9-T5-port-source,model,30,23,0.0,MW,7.599999999999999e-5,true
joint-mip-central,R9-T5-nonnegative-port,model,30,23,0.0,kg/s,0.0001284494047619048,true
joint-mip-central,R9-T5-port-load,model,30,23,0.0,MW,7.599999999999999e-5,true
joint-mip-central,R9-T5-heat-balance,model,30,23,6.938893903907228e-18,MW,7.599999999999999e-5,true
joint-mip-central,R9-T5-mass-balance,model,30,23,0.0,kg/s,0.0001284494047619048,true
joint-mip-central,R9-T5-source-capacity,model,31,23,0.0,kg/s,0.0001284494047619048,true
joint-mip-central,R9-T5-load-capacity,model,31,23,0.0,kg/s,0.0001284494047619048,true
joint-mip-central,R9-T5-nonnegative-port,model,31,23,0.0,kg/s,0.0001284494047619048,true
joint-mip-central,R9-T5-port-source,model,31,23,0.0,MW,7.599999999999999e-5,true
joint-mip-central,R9-T5-nonnegative-port,model,31,23,0.0,kg/s,0.0001284494047619048,true
joint-mip-central,R9-T5-port-load,model,31,23,0.0,MW,7.599999999999999e-5,true
joint-mip-central,R9-T5-heat-balance,model,31,23,0.0,MW,7.599999999999999e-5,true
joint-mip-central,R9-T5-mass-balance,model,31,23,0.0,kg/s,0.0001284494047619048,true
joint-mip-central,R9-T5-source-capacity,model,32,23,0.0,kg/s,0.0001284494047619048,true
joint-mip-central,R9-T5-load-capacity,model,32,23,0.0,kg/s,0.0001284494047619048,true
joint-mip-central,R9-T5-nonnegative-port,model,32,23,0.0,kg/s,0.0001284494047619048,true
joint-mip-central,R9-T5-port-source,model,32,23,0.0,MW,7.599999999999999e-5,true
joint-mip-central,R9-T5-nonnegative-port,model,32,23,0.0,kg/s,0.0001284494047619048,true
joint-mip-central,R9-T5-port-load,model,32,23,0.0,MW,7.599999999999999e-5,true
joint-mip-central,R9-T5-heat-balance,model,32,23,1.3877787807814457e-17,MW,7.599999999999999e-5,true
joint-mip-central,R9-T5-mass-balance,model,32,23,0.0,kg/s,0.0001284494047619048,true
joint-mip-central,R9-T5-source-capacity,model,33,23,0.0,kg/s,0.0001284494047619048,true
joint-mip-central,R9-T5-load-capacity,model,33,23,0.0,kg/s,0.0001284494047619048,true
joint-mip-central,R9-T5-nonnegative-port,model,33,23,0.0,kg/s,0.0001284494047619048,true
joint-mip-central,R9-T5-port-source,model,33,23,0.0,MW,7.599999999999999e-5,true
joint-mip-central,R9-T5-nonnegative-port,model,33,23,0.0,kg/s,0.0001284494047619048,true
joint-mip-central,R9-T5-port-load,model,33,23,0.0,MW,7.599999999999999e-5,true
joint-mip-central,R9-T5-heat-balance,model,33,23,6.938893903907228e-18,MW,7.599999999999999e-5,true
joint-mip-central,R9-T5-mass-balance,model,33,23,4.440892098500626e-16,kg/s,0.0001284494047619048,true
joint-mip-central,R9-T5-source-capacity,model,34,23,0.0,kg/s,0.0001284494047619048,true
joint-mip-central,R9-T5-load-capacity,model,34,23,0.0,kg/s,0.0001284494047619048,true
joint-mip-central,R9-T5-nonnegative-port,model,34,23,0.0,kg/s,0.0001284494047619048,true
joint-mip-central,R9-T5-port-source,model,34,23,0.0,MW,7.599999999999999e-5,true
joint-mip-central,R9-T5-nonnegative-port,model,34,23,0.0,kg/s,0.0001284494047619048,true
joint-mip-central,R9-T5-port-load,model,34,23,0.0,MW,7.599999999999999e-5,true
joint-mip-central,R9-T5-heat-balance,model,34,23,0.0,MW,7.599999999999999e-5,true
joint-mip-central,R9-T5-mass-balance,model,34,23,0.0,kg/s,0.0001284494047619048,true
joint-mip-central,R9-T5-source-capacity,model,35,23,0.0,kg/s,0.0001284494047619048,true
joint-mip-central,R9-T5-load-capacity,model,35,23,0.0,kg/s,0.0001284494047619048,true
joint-mip-central,R9-T5-nonnegative-port,model,35,23,0.0,kg/s,0.0001284494047619048,true
joint-mip-central,R9-T5-port-source,model,35,23,0.0,MW,7.599999999999999e-5,true
joint-mip-central,R9-T5-nonnegative-port,model,35,23,0.0,kg/s,0.0001284494047619048,true
joint-mip-central,R9-T5-port-load,model,35,23,0.0,MW,7.599999999999999e-5,true
joint-mip-central,R9-T5-heat-balance,model,35,23,0.0,MW,7.599999999999999e-5,true
joint-mip-central,R9-T5-mass-balance,model,35,23,0.0,kg/s,0.0001284494047619048,true
joint-mip-central,R9-T5-source-capacity,model,36,23,0.0,kg/s,0.0001284494047619048,true
joint-mip-central,R9-T5-load-capacity,model,36,23,0.0,kg/s,0.0001284494047619048,true
joint-mip-central,R9-T5-nonnegative-port,model,36,23,0.0,kg/s,0.0001284494047619048,true
joint-mip-central,R9-T5-port-source,model,36,23,0.0,MW,7.599999999999999e-5,true
joint-mip-central,R9-T5-nonnegative-port,model,36,23,0.0,kg/s,0.0001284494047619048,true
joint-mip-central,R9-T5-port-load,model,36,23,0.0,MW,7.599999999999999e-5,true
joint-mip-central,R9-T5-heat-balance,model,36,23,1.3877787807814457e-17,MW,7.599999999999999e-5,true
joint-mip-central,R9-T5-mass-balance,model,36,23,4.440892098500626e-16,kg/s,0.0001284494047619048,true
joint-mip-central,R9-T5-source-capacity,model,37,23,0.0,kg/s,0.0001284494047619048,true
joint-mip-central,R9-T5-load-capacity,model,37,23,0.0,kg/s,0.0001284494047619048,true
joint-mip-central,R9-T5-nonnegative-port,model,37,23,0.0,kg/s,0.0001284494047619048,true
joint-mip-central,R9-T5-port-source,model,37,23,0.0,MW,7.599999999999999e-5,true
joint-mip-central,R9-T5-nonnegative-port,model,37,23,0.0,kg/s,0.0001284494047619048,true
joint-mip-central,R9-T5-port-load,model,37,23,0.0,MW,7.599999999999999e-5,true
joint-mip-central,R9-T5-heat-balance,model,37,23,6.938893903907228e-18,MW,7.599999999999999e-5,true
joint-mip-central,R9-T5-mass-balance,model,37,23,4.440892098500626e-16,kg/s,0.0001284494047619048,true
joint-mip-central,R9-T5-source-capacity,model,38,23,0.0,kg/s,0.0001284494047619048,true
joint-mip-central,R9-T5-load-capacity,model,38,23,0.0,kg/s,0.0001284494047619048,true
joint-mip-central,R9-T5-nonnegative-port,model,38,23,0.0,kg/s,0.0001284494047619048,true
joint-mip-central,R9-T5-port-source,model,38,23,0.0,MW,7.599999999999999e-5,true
joint-mip-central,R9-T5-nonnegative-port,model,38,23,0.0,kg/s,0.0001284494047619048,true
joint-mip-central,R9-T5-port-load,model,38,23,0.0,MW,7.599999999999999e-5,true
joint-mip-central,R9-T5-heat-balance,model,38,23,0.0,MW,7.599999999999999e-5,true
joint-mip-central,R9-T5-mass-balance,model,38,23,0.0,kg/s,0.0001284494047619048,true
joint-mip-central,R9-T4-P-grid,model,0,24,0.0,MW,7.599999999999999e-5,true
joint-mip-central,R9-T4-Q-grid,model,0,24,0.0,Mvar,7.599999999999999e-5,true
joint-mip-central,R9-T4-root,model,44,24,0.0,1,1.0e-6,true
joint-mip-central,R9-T4-P,model,1,24,0.0,pu,1.0e-6,true
joint-mip-central,R9-T4-Q,model,1,24,0.0,pu,1.0e-6,true
joint-mip-central,R9-T4-ell,model,1,24,0.0,pu²,1.0e-6,true
joint-mip-central,ch04-032,model,1,24,7.031208357175813e-13,pu²,1.0e-6,true
joint-mip-central,R9-T4-grid,model,1,24,0.0,pu²,1.0e-6,true
joint-mip-central,R9-T4-original-grid,electric_original,1,24,3.003685203339934e-9,pu²,1.0e-6,true
joint-mip-central,R9-T4-P,model,2,24,0.0,pu,1.0e-6,true
joint-mip-central,R9-T4-Q,model,2,24,0.0,pu,1.0e-6,true
joint-mip-central,R9-T4-ell,model,2,24,0.0,pu²,1.0e-6,true
joint-mip-central,ch04-032,model,2,24,7.024045346824392e-13,pu²,1.0e-6,true
joint-mip-central,R9-T4-grid,model,2,24,0.0,pu²,1.0e-6,true
joint-mip-central,R9-T4-original-grid,electric_original,2,24,4.338351081156766e-9,pu²,1.0e-6,true
joint-mip-central,R9-T4-P,model,3,24,0.0,pu,1.0e-6,true
joint-mip-central,R9-T4-Q,model,3,24,0.0,pu,1.0e-6,true
joint-mip-central,R9-T4-ell,model,3,24,0.0,pu²,1.0e-6,true
joint-mip-central,ch04-032,model,3,24,6.932353636413793e-13,pu²,1.0e-6,true
joint-mip-central,R9-T4-grid,model,3,24,0.0,pu²,1.0e-6,true
joint-mip-central,R9-T4-original-grid,electric_original,3,24,6.790266838391235e-10,pu²,1.0e-6,true
joint-mip-central,R9-T4-P,model,4,24,0.0,pu,1.0e-6,true
joint-mip-central,R9-T4-Q,model,4,24,0.0,pu,1.0e-6,true
joint-mip-central,R9-T4-ell,model,4,24,0.0,pu²,1.0e-6,true
joint-mip-central,ch04-032,model,4,24,6.914106505380533e-13,pu²,1.0e-6,true
joint-mip-central,R9-T4-grid,model,4,24,0.0,pu²,1.0e-6,true
joint-mip-central,R9-T4-original-grid,electric_original,4,24,2.5587006531558806e-10,pu²,1.0e-6,true
joint-mip-central,R9-T4-P,model,5,24,0.0,pu,1.0e-6,true
joint-mip-central,R9-T4-Q,model,5,24,0.0,pu,1.0e-6,true
joint-mip-central,R9-T4-ell,model,5,24,0.0,pu²,1.0e-6,true
joint-mip-central,ch04-032,model,5,24,4.210527453158883e-13,pu²,1.0e-6,true
joint-mip-central,R9-T4-grid,model,5,24,0.0,pu²,1.0e-6,true
joint-mip-central,R9-T4-original-grid,electric_original,5,24,1.9600692027560082e-10,pu²,1.0e-6,true
joint-mip-central,R9-T4-P,model,6,24,0.0,pu,1.0e-6,true
joint-mip-central,R9-T4-Q,model,6,24,0.0,pu,1.0e-6,true
joint-mip-central,R9-T4-ell,model,6,24,0.0,pu²,1.0e-6,true
joint-mip-central,ch04-032,model,6,24,4.241853145592247e-13,pu²,1.0e-6,true
joint-mip-central,R9-T4-grid,model,6,24,0.0,pu²,1.0e-6,true
joint-mip-central,R9-T4-original-grid,electric_original,6,24,1.3815051087427612e-10,pu²,1.0e-6,true
joint-mip-central,R9-T4-P,model,7,24,0.0,pu,1.0e-6,true
joint-mip-central,R9-T4-Q,model,7,24,0.0,pu,1.0e-6,true
joint-mip-central,R9-T4-ell,model,7,24,0.0,pu²,1.0e-6,true
joint-mip-central,ch04-032,model,7,24,9.307198024430252e-18,pu²,1.0e-6,true
joint-mip-central,R9-T4-grid,model,7,24,0.0,pu²,1.0e-6,true
joint-mip-central,R9-T4-original-grid,electric_original,7,24,6.50544150409345e-11,pu²,1.0e-6,true
joint-mip-central,R9-T4-P,model,8,24,0.0,pu,1.0e-6,true
joint-mip-central,R9-T4-Q,model,8,24,0.0,pu,1.0e-6,true
joint-mip-central,R9-T4-ell,model,8,24,0.0,pu²,1.0e-6,true
joint-mip-central,ch04-032,model,8,24,8.012900709265965e-13,pu²,1.0e-6,true
joint-mip-central,R9-T4-grid,model,8,24,0.0,pu²,1.0e-6,true
joint-mip-central,R9-T4-original-grid,electric_original,8,24,1.1370711986997267e-9,pu²,1.0e-6,true
joint-mip-central,R9-T4-P,model,9,24,0.0,pu,1.0e-6,true
joint-mip-central,R9-T4-Q,model,9,24,0.0,pu,1.0e-6,true
joint-mip-central,R9-T4-ell,model,9,24,0.0,pu²,1.0e-6,true
joint-mip-central,ch04-032,model,9,24,8.010211498243045e-13,pu²,1.0e-6,true
joint-mip-central,R9-T4-grid,model,9,24,0.0,pu²,1.0e-6,true
joint-mip-central,R9-T4-original-grid,electric_original,9,24,1.0909761802724988e-9,pu²,1.0e-6,true
joint-mip-central,R9-T4-P,model,10,24,0.0,pu,1.0e-6,true
joint-mip-central,R9-T4-Q,model,10,24,0.0,pu,1.0e-6,true
joint-mip-central,R9-T4-ell,model,10,24,0.0,pu²,1.0e-6,true
joint-mip-central,ch04-032,model,10,24,7.27260935054117e-13,pu²,1.0e-6,true
joint-mip-central,R9-T4-grid,model,10,24,0.0,pu²,1.0e-6,true
joint-mip-central,R9-T4-original-grid,electric_original,10,24,3.1757773754498286e-10,pu²,1.0e-6,true
joint-mip-central,R9-T4-P,model,11,24,0.0,pu,1.0e-6,true
joint-mip-central,R9-T4-Q,model,11,24,0.0,pu,1.0e-6,true
joint-mip-central,R9-T4-ell,model,11,24,0.0,pu²,1.0e-6,true
joint-mip-central,ch04-032,model,11,24,7.252324347175275e-13,pu²,1.0e-6,true
joint-mip-central,R9-T4-grid,model,11,24,0.0,pu²,1.0e-6,true
joint-mip-central,R9-T4-original-grid,electric_original,11,24,2.681914440961358e-10,pu²,1.0e-6,true
joint-mip-central,R9-T4-P,model,12,24,0.0,pu,1.0e-6,true
joint-mip-central,R9-T4-Q,model,12,24,0.0,pu,1.0e-6,true
joint-mip-central,R9-T4-ell,model,12,24,0.0,pu²,1.0e-6,true
joint-mip-central,ch04-032,model,12,24,2.865512460561298e-17,pu²,1.0e-6,true
joint-mip-central,R9-T4-grid,model,12,24,0.0,pu²,1.0e-6,true
joint-mip-central,R9-T4-original-grid,electric_original,12,24,6.526470450228875e-11,pu²,1.0e-6,true
joint-mip-central,R9-T4-P,model,13,24,0.0,pu,1.0e-6,true
joint-mip-central,R9-T4-Q,model,13,24,0.0,pu,1.0e-6,true
joint-mip-central,R9-T4-ell,model,13,24,0.0,pu²,1.0e-6,true
joint-mip-central,ch04-032,model,13,24,1.4865279570030728e-13,pu²,1.0e-6,true
joint-mip-central,R9-T4-grid,model,13,24,0.0,pu²,1.0e-6,true
joint-mip-central,R9-T4-original-grid,electric_original,13,24,1.3311122509958567e-10,pu²,1.0e-6,true
joint-mip-central,R9-T4-P,model,14,24,0.0,pu,1.0e-6,true
joint-mip-central,R9-T4-Q,model,14,24,0.0,pu,1.0e-6,true
joint-mip-central,R9-T4-ell,model,14,24,0.0,pu²,1.0e-6,true
joint-mip-central,ch04-032,model,14,24,4.202469264507486e-17,pu²,1.0e-6,true
joint-mip-central,R9-T4-grid,model,14,24,0.0,pu²,1.0e-6,true
joint-mip-central,R9-T4-original-grid,electric_original,14,24,8.041865569256433e-11,pu²,1.0e-6,true
joint-mip-central,R9-T4-P,model,15,24,0.0,pu,1.0e-6,true
joint-mip-central,R9-T4-Q,model,15,24,0.0,pu,1.0e-6,true
joint-mip-central,R9-T4-ell,model,15,24,0.0,pu²,1.0e-6,true
joint-mip-central,ch04-032,model,15,24,5.700315741619891e-16,pu²,1.0e-6,true
joint-mip-central,R9-T4-grid,model,15,24,0.0,pu²,1.0e-6,true
joint-mip-central,R9-T4-original-grid,electric_original,15,24,6.071452147461687e-10,pu²,1.0e-6,true
joint-mip-central,R9-T4-P,model,16,24,0.0,pu,1.0e-6,true
joint-mip-central,R9-T4-Q,model,16,24,0.0,pu,1.0e-6,true
joint-mip-central,R9-T4-ell,model,16,24,0.0,pu²,1.0e-6,true
joint-mip-central,ch04-032,model,16,24,6.118657911200831e-13,pu²,1.0e-6,true
joint-mip-central,R9-T4-grid,model,16,24,0.0,pu²,1.0e-6,true
joint-mip-central,R9-T4-original-grid,electric_original,16,24,1.3681716648289086e-10,pu²,1.0e-6,true
joint-mip-central,R9-T4-P,model,17,24,0.0,pu,1.0e-6,true
joint-mip-central,R9-T4-Q,model,17,24,0.0,pu,1.0e-6,true
joint-mip-central,R9-T4-ell,model,17,24,0.0,pu²,1.0e-6,true
joint-mip-central,ch04-032,model,17,24,2.2875395290023262e-17,pu²,1.0e-6,true
joint-mip-central,R9-T4-grid,model,17,24,0.0,pu²,1.0e-6,true
joint-mip-central,R9-T4-original-grid,electric_original,17,24,8.016961788572191e-11,pu²,1.0e-6,true
joint-mip-central,R9-T4-P,model,18,24,0.0,pu,1.0e-6,true
joint-mip-central,R9-T4-Q,model,18,24,0.0,pu,1.0e-6,true
joint-mip-central,R9-T4-ell,model,18,24,0.0,pu²,1.0e-6,true
joint-mip-central,ch04-032,model,18,24,3.7690806218800867e-16,pu²,1.0e-6,true
joint-mip-central,R9-T4-grid,model,18,24,0.0,pu²,1.0e-6,true
joint-mip-central,R9-T4-original-grid,electric_original,18,24,3.8573135289175775e-10,pu²,1.0e-6,true
joint-mip-central,R9-T4-P,model,19,24,0.0,pu,1.0e-6,true
joint-mip-central,R9-T4-Q,model,19,24,0.0,pu,1.0e-6,true
joint-mip-central,R9-T4-ell,model,19,24,0.0,pu²,1.0e-6,true
joint-mip-central,ch04-032,model,19,24,2.0862061544222482e-13,pu²,1.0e-6,true
joint-mip-central,R9-T4-grid,model,19,24,0.0,pu²,1.0e-6,true
joint-mip-central,R9-T4-original-grid,electric_original,19,24,1.353528962088485e-10,pu²,1.0e-6,true
joint-mip-central,R9-T4-P,model,20,24,0.0,pu,1.0e-6,true
joint-mip-central,R9-T4-Q,model,20,24,0.0,pu,1.0e-6,true
joint-mip-central,R9-T4-ell,model,20,24,0.0,pu²,1.0e-6,true
joint-mip-central,ch04-032,model,20,24,2.6636221575832356e-17,pu²,1.0e-6,true
joint-mip-central,R9-T4-grid,model,20,24,0.0,pu²,1.0e-6,true
joint-mip-central,R9-T4-original-grid,electric_original,20,24,7.893102046529349e-11,pu²,1.0e-6,true
joint-mip-central,R9-T4-P,model,21,24,0.0,pu,1.0e-6,true
joint-mip-central,R9-T4-Q,model,21,24,0.0,pu,1.0e-6,true
joint-mip-central,R9-T4-ell,model,21,24,0.0,pu²,1.0e-6,true
joint-mip-central,ch04-032,model,21,24,2.641376531289496e-15,pu²,1.0e-6,true
joint-mip-central,R9-T4-grid,model,21,24,0.0,pu²,1.0e-6,true
joint-mip-central,R9-T4-original-grid,electric_original,21,24,1.9515342675733606e-10,pu²,1.0e-6,true
joint-mip-central,R9-T4-P,model,22,24,0.0,pu,1.0e-6,true
joint-mip-central,R9-T4-Q,model,22,24,0.0,pu,1.0e-6,true
joint-mip-central,R9-T4-ell,model,22,24,0.0,pu²,1.0e-6,true
joint-mip-central,ch04-032,model,22,24,2.9902804136918565e-17,pu²,1.0e-6,true
joint-mip-central,R9-T4-grid,model,22,24,0.0,pu²,1.0e-6,true
joint-mip-central,R9-T4-original-grid,electric_original,22,24,6.471657755250846e-11,pu²,1.0e-6,true
joint-mip-central,R9-T4-P,model,23,24,0.0,pu,1.0e-6,true
joint-mip-central,R9-T4-Q,model,23,24,0.0,pu,1.0e-6,true
joint-mip-central,R9-T4-ell,model,23,24,0.0,pu²,1.0e-6,true
joint-mip-central,ch04-032,model,23,24,1.84458364923569e-17,pu²,1.0e-6,true
joint-mip-central,R9-T4-grid,model,23,24,0.0,pu²,1.0e-6,true
joint-mip-central,R9-T4-original-grid,electric_original,23,24,6.469552307137899e-11,pu²,1.0e-6,true
joint-mip-central,R9-T4-P,model,24,24,0.0,pu,1.0e-6,true
joint-mip-central,R9-T4-Q,model,24,24,0.0,pu,1.0e-6,true
joint-mip-central,R9-T4-ell,model,24,24,0.0,pu²,1.0e-6,true
joint-mip-central,ch04-032,model,24,24,2.3702162974014503e-15,pu²,1.0e-6,true
joint-mip-central,R9-T4-grid,model,24,24,0.0,pu²,1.0e-6,true
joint-mip-central,R9-T4-original-grid,electric_original,24,24,1.991230216466782e-10,pu²,1.0e-6,true
joint-mip-central,R9-T4-P,model,25,24,0.0,pu,1.0e-6,true
joint-mip-central,R9-T4-Q,model,25,24,0.0,pu,1.0e-6,true
joint-mip-central,R9-T4-ell,model,25,24,0.0,pu²,1.0e-6,true
joint-mip-central,ch04-032,model,25,24,8.11118750290718e-18,pu²,1.0e-6,true
joint-mip-central,R9-T4-grid,model,25,24,0.0,pu²,1.0e-6,true
joint-mip-central,R9-T4-original-grid,electric_original,25,24,6.76706644042182e-11,pu²,1.0e-6,true
joint-mip-central,R9-T4-P,model,26,24,0.0,pu,1.0e-6,true
joint-mip-central,R9-T4-Q,model,26,24,0.0,pu,1.0e-6,true
joint-mip-central,R9-T4-ell,model,26,24,0.0,pu²,1.0e-6,true
joint-mip-central,ch04-032,model,26,24,4.96314720278921e-17,pu²,1.0e-6,true
joint-mip-central,R9-T4-grid,model,26,24,0.0,pu²,1.0e-6,true
joint-mip-central,R9-T4-original-grid,electric_original,26,24,6.768369088325644e-11,pu²,1.0e-6,true
joint-mip-central,R9-T4-P,model,27,24,0.0,pu,1.0e-6,true
joint-mip-central,R9-T4-Q,model,27,24,0.0,pu,1.0e-6,true
joint-mip-central,R9-T4-ell,model,27,24,0.0,pu²,1.0e-6,true
joint-mip-central,ch04-032,model,27,24,1.4353102675506812e-12,pu²,1.0e-6,true
joint-mip-central,R9-T4-grid,model,27,24,0.0,pu²,1.0e-6,true
joint-mip-central,R9-T4-original-grid,electric_original,27,24,1.3177939392917254e-10,pu²,1.0e-6,true
joint-mip-central,R9-T4-P,model,28,24,0.0,pu,1.0e-6,true
joint-mip-central,R9-T4-Q,model,28,24,0.0,pu,1.0e-6,true
joint-mip-central,R9-T4-ell,model,28,24,0.0,pu²,1.0e-6,true
joint-mip-central,ch04-032,model,28,24,2.1946200146885295e-17,pu²,1.0e-6,true
joint-mip-central,R9-T4-grid,model,28,24,0.0,pu²,1.0e-6,true
joint-mip-central,R9-T4-original-grid,electric_original,28,24,7.035912516262276e-11,pu²,1.0e-6,true
joint-mip-central,R9-T4-P,model,29,24,0.0,pu,1.0e-6,true
joint-mip-central,R9-T4-Q,model,29,24,0.0,pu,1.0e-6,true
joint-mip-central,R9-T4-ell,model,29,24,0.0,pu²,1.0e-6,true
joint-mip-central,ch04-032,model,29,24,5.149087172333128e-13,pu²,1.0e-6,true
joint-mip-central,R9-T4-grid,model,29,24,0.0,pu²,1.0e-6,true
joint-mip-central,R9-T4-original-grid,electric_original,29,24,4.909875745990472e-10,pu²,1.0e-6,true
joint-mip-central,R9-T4-P,model,30,24,0.0,pu,1.0e-6,true
joint-mip-central,R9-T4-Q,model,30,24,0.0,pu,1.0e-6,true
joint-mip-central,R9-T4-ell,model,30,24,0.0,pu²,1.0e-6,true
joint-mip-central,ch04-032,model,30,24,1.4837052620579952e-17,pu²,1.0e-6,true
joint-mip-central,R9-T4-grid,model,30,24,0.0,pu²,1.0e-6,true
joint-mip-central,R9-T4-original-grid,electric_original,30,24,7.028636586932217e-11,pu²,1.0e-6,true
joint-mip-central,R9-T4-P,model,31,24,0.0,pu,1.0e-6,true
joint-mip-central,R9-T4-Q,model,31,24,0.0,pu,1.0e-6,true
joint-mip-central,R9-T4-ell,model,31,24,0.0,pu²,1.0e-6,true
joint-mip-central,ch04-032,model,31,24,7.360739302231641e-13,pu²,1.0e-6,true
joint-mip-central,R9-T4-grid,model,31,24,0.0,pu²,1.0e-6,true
joint-mip-central,R9-T4-original-grid,electric_original,31,24,8.671127846781798e-10,pu²,1.0e-6,true
joint-mip-central,R9-T4-P,model,32,24,0.0,pu,1.0e-6,true
joint-mip-central,R9-T4-Q,model,32,24,0.0,pu,1.0e-6,true
joint-mip-central,R9-T4-ell,model,32,24,0.0,pu²,1.0e-6,true
joint-mip-central,ch04-032,model,32,24,1.2357363667492988e-17,pu²,1.0e-6,true
joint-mip-central,R9-T4-grid,model,32,24,0.0,pu²,1.0e-6,true
joint-mip-central,R9-T4-original-grid,electric_original,32,24,7.712468052980918e-10,pu²,1.0e-6,true
joint-mip-central,R9-T4-P,model,33,24,0.0,pu,1.0e-6,true
joint-mip-central,R9-T4-Q,model,33,24,0.0,pu,1.0e-6,true
joint-mip-central,R9-T4-ell,model,33,24,0.0,pu²,1.0e-6,true
joint-mip-central,ch04-032,model,33,24,5.012427626247277e-13,pu²,1.0e-6,true
joint-mip-central,R9-T4-grid,model,33,24,0.0,pu²,1.0e-6,true
joint-mip-central,R9-T4-original-grid,electric_original,33,24,1.261371923143989e-9,pu²,1.0e-6,true
joint-mip-central,R9-T4-P,model,34,24,0.0,pu,1.0e-6,true
joint-mip-central,R9-T4-Q,model,34,24,0.0,pu,1.0e-6,true
joint-mip-central,R9-T4-ell,model,34,24,0.0,pu²,1.0e-6,true
joint-mip-central,ch04-032,model,34,24,5.016321076716803e-13,pu²,1.0e-6,true
joint-mip-central,R9-T4-grid,model,34,24,0.0,pu²,1.0e-6,true
joint-mip-central,R9-T4-original-grid,electric_original,34,24,6.161441315922361e-10,pu²,1.0e-6,true
joint-mip-central,R9-T4-P,model,35,24,0.0,pu,1.0e-6,true
joint-mip-central,R9-T4-Q,model,35,24,0.0,pu,1.0e-6,true
joint-mip-central,R9-T4-ell,model,35,24,0.0,pu²,1.0e-6,true
joint-mip-central,ch04-032,model,35,24,2.811979978294826e-17,pu²,1.0e-6,true
joint-mip-central,R9-T4-grid,model,35,24,0.0,pu²,1.0e-6,true
joint-mip-central,R9-T4-original-grid,electric_original,35,24,3.813129580967564e-10,pu²,1.0e-6,true
joint-mip-central,R9-T4-P,model,36,24,0.0,pu,1.0e-6,true
joint-mip-central,R9-T4-Q,model,36,24,0.0,pu,1.0e-6,true
joint-mip-central,R9-T4-ell,model,36,24,0.0,pu²,1.0e-6,true
joint-mip-central,ch04-032,model,36,24,2.041949678191924e-13,pu²,1.0e-6,true
joint-mip-central,R9-T4-grid,model,36,24,0.0,pu²,1.0e-6,true
joint-mip-central,R9-T4-original-grid,electric_original,36,24,2.008906652004516e-10,pu²,1.0e-6,true
joint-mip-central,R9-T4-P,model,37,24,0.0,pu,1.0e-6,true
joint-mip-central,R9-T4-Q,model,37,24,0.0,pu,1.0e-6,true
joint-mip-central,R9-T4-ell,model,37,24,0.0,pu²,1.0e-6,true
joint-mip-central,ch04-032,model,37,24,5.437951521372608e-19,pu²,1.0e-6,true
joint-mip-central,R9-T4-grid,model,37,24,0.0,pu²,1.0e-6,true
joint-mip-central,R9-T4-original-grid,electric_original,37,24,1.3724749141073617e-10,pu²,1.0e-6,true
joint-mip-central,R9-T4-P,model,38,24,0.0,pu,1.0e-6,true
joint-mip-central,R9-T4-Q,model,38,24,0.0,pu,1.0e-6,true
joint-mip-central,R9-T4-ell,model,38,24,0.0,pu²,1.0e-6,true
joint-mip-central,ch04-032,model,38,24,9.568916815100848e-13,pu²,1.0e-6,true
joint-mip-central,R9-T4-grid,model,38,24,0.0,pu²,1.0e-6,true
joint-mip-central,R9-T4-original-grid,electric_original,38,24,1.3794639269846393e-9,pu²,1.0e-6,true
joint-mip-central,R9-T4-P,model,39,24,0.0,pu,1.0e-6,true
joint-mip-central,R9-T4-Q,model,39,24,0.0,pu,1.0e-6,true
joint-mip-central,R9-T4-ell,model,39,24,0.0,pu²,1.0e-6,true
joint-mip-central,ch04-032,model,39,24,9.566025839241706e-13,pu²,1.0e-6,true
joint-mip-central,R9-T4-grid,model,39,24,0.0,pu²,1.0e-6,true
joint-mip-central,R9-T4-original-grid,electric_original,39,24,1.376858986090572e-9,pu²,1.0e-6,true
joint-mip-central,R9-T4-P,model,40,24,0.0,pu,1.0e-6,true
joint-mip-central,R9-T4-Q,model,40,24,0.0,pu,1.0e-6,true
joint-mip-central,R9-T4-ell,model,40,24,0.0,pu²,1.0e-6,true
joint-mip-central,ch04-032,model,40,24,2.1119188940921718e-16,pu²,1.0e-6,true
joint-mip-central,R9-T4-grid,model,40,24,0.0,pu²,1.0e-6,true
joint-mip-central,R9-T4-original-grid,electric_original,40,24,1.3620231055196455e-9,pu²,1.0e-6,true
joint-mip-central,R9-T4-P,model,41,24,0.0,pu,1.0e-6,true
joint-mip-central,R9-T4-Q,model,41,24,0.0,pu,1.0e-6,true
joint-mip-central,R9-T4-ell,model,41,24,0.0,pu²,1.0e-6,true
joint-mip-central,ch04-032,model,41,24,2.5190336334869265e-17,pu²,1.0e-6,true
joint-mip-central,R9-T4-grid,model,41,24,0.0,pu²,1.0e-6,true
joint-mip-central,R9-T4-original-grid,electric_original,41,24,1.6180083321608047e-10,pu²,1.0e-6,true
joint-mip-central,R9-T4-P,model,42,24,0.0,pu,1.0e-6,true
joint-mip-central,R9-T4-Q,model,42,24,0.0,pu,1.0e-6,true
joint-mip-central,R9-T4-ell,model,42,24,0.0,pu²,1.0e-6,true
joint-mip-central,ch04-032,model,42,24,6.258344350699519e-14,pu²,1.0e-6,true
joint-mip-central,R9-T4-grid,model,42,24,0.0,pu²,1.0e-6,true
joint-mip-central,R9-T4-original-grid,electric_original,42,24,1.2291630290770525e-9,pu²,1.0e-6,true
joint-mip-central,R9-T4-P,model,43,24,0.0,pu,1.0e-6,true
joint-mip-central,R9-T4-Q,model,43,24,0.0,pu,1.0e-6,true
joint-mip-central,R9-T4-ell,model,43,24,0.0,pu²,1.0e-6,true
joint-mip-central,ch04-032,model,43,24,4.4874111479638323e-17,pu²,1.0e-6,true
joint-mip-central,R9-T4-grid,model,43,24,0.0,pu²,1.0e-6,true
joint-mip-central,R9-T4-original-grid,electric_original,43,24,9.964145611478768e-10,pu²,1.0e-6,true
joint-mip-central,R9-T4-P,model,44,24,0.0,pu,1.0e-6,true
joint-mip-central,R9-T4-Q,model,44,24,0.0,pu,1.0e-6,true
joint-mip-central,R9-T4-ell,model,44,24,0.0,pu²,1.0e-6,true
joint-mip-central,ch04-032,model,44,24,0.0,pu²,1.0e-6,true
joint-mip-central,R9-T4-grid,model,44,24,0.0,pu²,1.0e-6,true
joint-mip-central,R9-T4-original-grid,electric_original,44,24,0.0,pu²,1.0e-6,true
joint-mip-central,R9-T4-P,model,45,24,0.0,pu,1.0e-6,true
joint-mip-central,R9-T4-Q,model,45,24,0.0,pu,1.0e-6,true
joint-mip-central,R9-T4-ell,model,45,24,0.0,pu²,1.0e-6,true
joint-mip-central,ch04-032,model,45,24,0.0,pu²,1.0e-6,true
joint-mip-central,R9-T4-grid,model,45,24,0.0,pu²,1.0e-6,true
joint-mip-central,R9-T4-original-grid,electric_original,45,24,0.0,pu²,1.0e-6,true
joint-mip-central,R9-T4-P,model,46,24,0.0,pu,1.0e-6,true
joint-mip-central,R9-T4-Q,model,46,24,0.0,pu,1.0e-6,true
joint-mip-central,R9-T4-ell,model,46,24,0.0,pu²,1.0e-6,true
joint-mip-central,ch04-032,model,46,24,0.0,pu²,1.0e-6,true
joint-mip-central,R9-T4-grid,model,46,24,0.0,pu²,1.0e-6,true
joint-mip-central,R9-T4-original-grid,electric_original,46,24,0.0,pu²,1.0e-6,true
joint-mip-central,R9-T4-P,model,47,24,0.0,pu,1.0e-6,true
joint-mip-central,R9-T4-Q,model,47,24,0.0,pu,1.0e-6,true
joint-mip-central,R9-T4-ell,model,47,24,0.0,pu²,1.0e-6,true
joint-mip-central,ch04-032,model,47,24,0.0,pu²,1.0e-6,true
joint-mip-central,R9-T4-grid,model,47,24,0.0,pu²,1.0e-6,true
joint-mip-central,R9-T4-original-grid,electric_original,47,24,0.0,pu²,1.0e-6,true
joint-mip-central,R9-T4-voltage,model,1,24,0.0,pu²,1.0e-6,true
joint-mip-central,ch04-030:031-P,model,1,24,2.5934809855243657e-12,MW,7.599999999999999e-5,true
joint-mip-central,ch04-030:031-Q,model,1,24,1.0942358130705543e-12,Mvar,7.599999999999999e-5,true
joint-mip-central,R9-T4-voltage,model,2,24,0.0,pu²,1.0e-6,true
joint-mip-central,ch04-030:031-P,model,2,24,9.583445148564351e-13,MW,7.599999999999999e-5,true
joint-mip-central,ch04-030:031-Q,model,2,24,4.71955807768154e-13,Mvar,7.599999999999999e-5,true
joint-mip-central,R9-T4-voltage,model,3,24,0.0,pu²,1.0e-6,true
joint-mip-central,ch04-030:031-P,model,3,24,1.546540673302843e-12,MW,7.599999999999999e-5,true
joint-mip-central,ch04-030:031-Q,model,3,24,7.706058013923212e-13,Mvar,7.599999999999999e-5,true
joint-mip-central,R9-T4-voltage,model,4,24,0.0,pu²,1.0e-6,true
joint-mip-central,ch04-030:031-P,model,4,24,2.7452484729906246e-12,MW,7.599999999999999e-5,true
joint-mip-central,ch04-030:031-Q,model,4,24,1.3586909375362666e-12,Mvar,7.599999999999999e-5,true
joint-mip-central,R9-T4-voltage,model,5,24,0.0,pu²,1.0e-6,true
joint-mip-central,ch04-030:031-P,model,5,24,1.79928294485876e-12,MW,7.599999999999999e-5,true
joint-mip-central,ch04-030:031-Q,model,5,24,9.146294832618196e-13,Mvar,7.599999999999999e-5,true
joint-mip-central,R9-T4-voltage,model,6,24,0.0,pu²,1.0e-6,true
joint-mip-central,ch04-030:031-P,model,6,24,0.0,MW,7.599999999999999e-5,true
joint-mip-central,ch04-030:031-Q,model,6,24,1.970645868709653e-15,Mvar,7.599999999999999e-5,true
joint-mip-central,R9-T4-voltage,model,7,24,0.0,pu²,1.0e-6,true
joint-mip-central,ch04-030:031-P,model,7,24,1.0453859999870474e-12,MW,7.599999999999999e-5,true
joint-mip-central,ch04-030:031-Q,model,7,24,2.4069635173873394e-13,Mvar,7.599999999999999e-5,true
joint-mip-central,R9-T4-voltage,model,8,24,0.0,pu²,1.0e-6,true
joint-mip-central,ch04-030:031-P,model,8,24,2.700950574308081e-12,MW,7.599999999999999e-5,true
joint-mip-central,ch04-030:031-Q,model,8,24,4.882760862301438e-13,Mvar,7.599999999999999e-5,true
joint-mip-central,R9-T4-voltage,model,9,24,0.0,pu²,1.0e-6,true
joint-mip-central,ch04-030:031-P,model,9,24,8.173461907290402e-13,MW,7.599999999999999e-5,true
joint-mip-central,ch04-030:031-Q,model,9,24,4.135580766728708e-13,Mvar,7.599999999999999e-5,true
joint-mip-central,R9-T4-voltage,model,10,24,0.0,pu²,1.0e-6,true
joint-mip-central,ch04-030:031-P,model,10,24,2.5369706335709452e-12,MW,7.599999999999999e-5,true
joint-mip-central,ch04-030:031-Q,model,10,24,1.2721768083423513e-12,Mvar,7.599999999999999e-5,true
joint-mip-central,R9-T4-voltage,model,11,24,0.0,pu²,1.0e-6,true
joint-mip-central,ch04-030:031-P,model,11,24,0.0,MW,7.599999999999999e-5,true
joint-mip-central,ch04-030:031-Q,model,11,24,1.304512053934559e-15,Mvar,7.599999999999999e-5,true
joint-mip-central,R9-T4-voltage,model,12,24,0.0,pu²,1.0e-6,true
joint-mip-central,ch04-030:031-P,model,12,24,2.027711332175386e-12,MW,7.599999999999999e-5,true
joint-mip-central,ch04-030:031-Q,model,12,24,1.003530591958679e-12,Mvar,7.599999999999999e-5,true
joint-mip-central,R9-T4-voltage,model,13,24,0.0,pu²,1.0e-6,true
joint-mip-central,ch04-030:031-P,model,13,24,7.158718062783009e-13,MW,7.599999999999999e-5,true
joint-mip-central,ch04-030:031-Q,model,13,24,3.561595462997502e-13,Mvar,7.599999999999999e-5,true
joint-mip-central,R9-T4-voltage,model,14,24,0.0,pu²,1.0e-6,true
joint-mip-central,ch04-030:031-P,model,14,24,2.1374568781595826e-12,MW,7.599999999999999e-5,true
joint-mip-central,ch04-030:031-Q,model,14,24,1.078331868242799e-12,Mvar,7.599999999999999e-5,true
joint-mip-central,R9-T4-voltage,model,15,24,0.0,pu²,1.0e-6,true
joint-mip-central,ch04-030:031-P,model,15,24,0.0,MW,7.599999999999999e-5,true
joint-mip-central,ch04-030:031-Q,model,15,24,4.85722573273506e-15,Mvar,7.599999999999999e-5,true
joint-mip-central,R9-T4-voltage,model,16,24,0.0,pu²,1.0e-6,true
joint-mip-central,ch04-030:031-P,model,16,24,2.6201263381153694e-14,MW,7.599999999999999e-5,true
joint-mip-central,ch04-030:031-Q,model,16,24,2.6867397195928788e-14,Mvar,7.599999999999999e-5,true
joint-mip-central,R9-T4-voltage,model,17,24,0.0,pu²,1.0e-6,true
joint-mip-central,ch04-030:031-P,model,17,24,2.9678481894279685e-12,MW,7.599999999999999e-5,true
joint-mip-central,ch04-030:031-Q,model,17,24,1.4805656700644931e-12,Mvar,7.599999999999999e-5,true
joint-mip-central,R9-T4-voltage,model,18,24,0.0,pu²,1.0e-6,true
joint-mip-central,ch04-030:031-P,model,18,24,0.0,MW,7.599999999999999e-5,true
joint-mip-central,ch04-030:031-Q,model,18,24,1.7763568394002505e-15,Mvar,7.599999999999999e-5,true
joint-mip-central,R9-T4-voltage,model,19,24,0.0,pu²,1.0e-6,true
joint-mip-central,ch04-030:031-P,model,19,24,0.0,MW,7.599999999999999e-5,true
joint-mip-central,ch04-030:031-Q,model,19,24,4.524158825347513e-15,Mvar,7.599999999999999e-5,true
joint-mip-central,R9-T4-voltage,model,20,24,0.0,pu²,1.0e-6,true
joint-mip-central,ch04-030:031-P,model,20,24,2.0605739337042905e-13,MW,7.599999999999999e-5,true
joint-mip-central,ch04-030:031-Q,model,20,24,9.325873406851315e-14,Mvar,7.599999999999999e-5,true
joint-mip-central,R9-T4-voltage,model,21,24,0.0,pu²,1.0e-6,true
joint-mip-central,ch04-030:031-P,model,21,24,4.4275694222051243e-13,MW,7.599999999999999e-5,true
joint-mip-central,ch04-030:031-Q,model,21,24,2.334799020786704e-13,Mvar,7.599999999999999e-5,true
joint-mip-central,R9-T4-voltage,model,22,24,0.0,pu²,1.0e-6,true
joint-mip-central,ch04-030:031-P,model,22,24,1.532107773982716e-12,MW,7.599999999999999e-5,true
joint-mip-central,ch04-030:031-Q,model,22,24,3.1608049511078207e-13,Mvar,7.599999999999999e-5,true
joint-mip-central,R9-T4-voltage,model,23,24,0.0,pu²,1.0e-6,true
joint-mip-central,ch04-030:031-P,model,23,24,3.307909501870654e-12,MW,7.599999999999999e-5,true
joint-mip-central,ch04-030:031-Q,model,23,24,1.6457113449774852e-12,Mvar,7.599999999999999e-5,true
joint-mip-central,R9-T4-voltage,model,24,24,0.0,pu²,1.0e-6,true
joint-mip-central,ch04-030:031-P,model,24,24,0.0,MW,7.599999999999999e-5,true
joint-mip-central,ch04-030:031-Q,model,24,24,1.1407541578023483e-14,Mvar,7.599999999999999e-5,true
joint-mip-central,R9-T4-voltage,model,25,24,0.0,pu²,1.0e-6,true
joint-mip-central,ch04-030:031-P,model,25,24,0.0,MW,7.599999999999999e-5,true
joint-mip-central,ch04-030:031-Q,model,25,24,4.6074255521944e-15,Mvar,7.599999999999999e-5,true
joint-mip-central,R9-T4-voltage,model,26,24,0.0,pu²,1.0e-6,true
joint-mip-central,ch04-030:031-P,model,26,24,1.2212453270876722e-13,MW,7.599999999999999e-5,true
joint-mip-central,ch04-030:031-Q,model,26,24,7.091549569793187e-14,Mvar,7.599999999999999e-5,true
joint-mip-central,R9-T4-voltage,model,27,24,0.0,pu²,1.0e-6,true
joint-mip-central,ch04-030:031-P,model,27,24,0.0,MW,7.599999999999999e-5,true
joint-mip-central,ch04-030:031-Q,model,27,24,4.08006961549745e-15,Mvar,7.599999999999999e-5,true
joint-mip-central,R9-T4-voltage,model,28,24,0.0,pu²,1.0e-6,true
joint-mip-central,ch04-030:031-P,model,28,24,2.8438362775773385e-13,MW,7.599999999999999e-5,true
joint-mip-central,ch04-030:031-Q,model,28,24,1.0769163338864018e-13,Mvar,7.599999999999999e-5,true
joint-mip-central,R9-T4-voltage,model,29,24,0.0,pu²,1.0e-6,true
joint-mip-central,ch04-030:031-P,model,29,24,5.087063582875917e-13,MW,7.599999999999999e-5,true
joint-mip-central,ch04-030:031-Q,model,29,24,2.9198865547641617e-13,Mvar,7.599999999999999e-5,true
joint-mip-central,R9-T4-voltage,model,30,24,0.0,pu²,1.0e-6,true
joint-mip-central,ch04-030:031-P,model,30,24,6.614708780716683e-13,MW,7.599999999999999e-5,true
joint-mip-central,ch04-030:031-Q,model,30,24,5.289102489314246e-13,Mvar,7.599999999999999e-5,true
joint-mip-central,R9-T4-voltage,model,31,24,0.0,pu²,1.0e-6,true
joint-mip-central,ch04-030:031-P,model,31,24,2.1018742302203464e-12,MW,7.599999999999999e-5,true
joint-mip-central,ch04-030:031-Q,model,31,24,1.053712672671736e-12,Mvar,7.599999999999999e-5,true
joint-mip-central,R9-T4-voltage,model,32,24,0.0,pu²,1.0e-6,true
joint-mip-central,ch04-030:031-P,model,32,24,7.394085344003543e-13,MW,7.599999999999999e-5,true
joint-mip-central,ch04-030:031-Q,model,32,24,2.7652879985851087e-13,Mvar,7.599999999999999e-5,true
joint-mip-central,R9-T4-voltage,model,33,24,0.0,pu²,1.0e-6,true
joint-mip-central,ch04-030:031-P,model,33,24,5.444533712761768e-13,MW,7.599999999999999e-5,true
joint-mip-central,ch04-030:031-Q,model,33,24,5.551115123125783e-17,Mvar,7.599999999999999e-5,true
joint-mip-central,R9-T4-voltage,model,34,24,0.0,pu²,1.0e-6,true
joint-mip-central,ch04-030:031-P,model,34,24,1.908695423935569e-12,MW,7.599999999999999e-5,true
joint-mip-central,ch04-030:031-Q,model,34,24,7.742695373735842e-13,Mvar,7.599999999999999e-5,true
joint-mip-central,R9-T4-voltage,model,35,24,0.0,pu²,1.0e-6,true
joint-mip-central,ch04-030:031-P,model,35,24,1.8385293287792592e-13,MW,7.599999999999999e-5,true
joint-mip-central,ch04-030:031-Q,model,35,24,2.4447111002245947e-13,Mvar,7.599999999999999e-5,true
joint-mip-central,R9-T4-voltage,model,36,24,0.0,pu²,1.0e-6,true
joint-mip-central,ch04-030:031-P,model,36,24,2.2670754162845697e-12,MW,7.599999999999999e-5,true
joint-mip-central,ch04-030:031-Q,model,36,24,9.566514247438818e-13,Mvar,7.599999999999999e-5,true
joint-mip-central,R9-T4-voltage,model,37,24,0.0,pu²,1.0e-6,true
