bound_status = "not_available_for_local_optimization"
budget_sec = 517.7345104000415
build_sec = 25.364249999984168
case_origin = "synthetic"
class = "nonconvex"
elapsed_sec = 28.652540499984752
elastic_rows = []
fixed_flows = false
flow_sha256 = "3dbe91b98766c00bca1a70a47b7cff8de5b9e5fd8073c153ec28d4f0b39e8699"
initial_flow = [[0.9563492063492065, 0.9563492063492065, 0.9563492063492065, 0.9563492063492065, 0.9563492063492065, 0.9563492063492065, 0.9563492063492065, 0.9563492063492065, 0.9563492063492065, 0.9563492063492065, 0.9563492063492065, 0.9563492063492065, 0.9563492063492065, 0.9563492063492065, 0.9563492063492065, 0.9563492063492065, 0.9563492063492065, 0.9563492063492065, 0.9563492063492065, 0.9563492063492065, 0.9563492063492065, 0.9563492063492065, 0.9563492063492065, 0.9563492063492065], [9.563492063492065, 9.563492063492065, 9.563492063492065, 9.563492063492065, 9.563492063492065, 9.563492063492065, 9.563492063492065, 9.563492063492065, 9.563492063492065, 9.563492063492065, 9.563492063492065, 9.563492063492065, 9.563492063492065, 9.563492063492065, 9.563492063492065, 9.563492063492065, 9.563492063492065, 9.563492063492065, 9.563492063492065, 9.563492063492065, 9.563492063492065, 9.563492063492065, 9.563492063492065, 9.563492063492065], [3.825396825396826, 3.825396825396826, 3.825396825396826, 3.825396825396826, 3.825396825396826, 3.825396825396826, 3.825396825396826, 3.825396825396826, 3.825396825396826, 3.825396825396826, 3.825396825396826, 3.825396825396826, 3.825396825396826, 3.825396825396826, 3.825396825396826, 3.825396825396826, 3.825396825396826, 3.825396825396826, 3.825396825396826, 3.825396825396826, 3.825396825396826, 3.825396825396826, 3.825396825396826, 3.825396825396826], [2.8690476190476195, 2.8690476190476195, 2.8690476190476195, 2.8690476190476195, 2.8690476190476195, 2.8690476190476195, 2.8690476190476195, 2.8690476190476195, 2.8690476190476195, 2.8690476190476195, 2.8690476190476195, 2.8690476190476195, 2.8690476190476195, 2.8690476190476195, 2.8690476190476195, 2.8690476190476195, 2.8690476190476195, 2.8690476190476195, 2.8690476190476195, 2.8690476190476195, 2.8690476190476195, 2.8690476190476195, 2.8690476190476195, 2.8690476190476195], [0.9563492063492065, 0.9563492063492065, 0.9563492063492065, 0.9563492063492065, 0.9563492063492065, 0.9563492063492065, 0.9563492063492065, 0.9563492063492065, 0.9563492063492065, 0.9563492063492065, 0.9563492063492065, 0.9563492063492065, 0.9563492063492065, 0.9563492063492065, 0.9563492063492065, 0.9563492063492065, 0.9563492063492065, 0.9563492063492065, 0.9563492063492065, 0.9563492063492065, 0.9563492063492065, 0.9563492063492065, 0.9563492063492065, 0.9563492063492065], [0.9563492063492065, 0.9563492063492065, 0.9563492063492065, 0.9563492063492065, 0.9563492063492065, 0.9563492063492065, 0.9563492063492065, 0.9563492063492065, 0.9563492063492065, 0.9563492063492065, 0.9563492063492065, 0.9563492063492065, 0.9563492063492065, 0.9563492063492065, 0.9563492063492065, 0.9563492063492065, 0.9563492063492065, 0.9563492063492065, 0.9563492063492065, 0.9563492063492065, 0.9563492063492065, 0.9563492063492065, 0.9563492063492065, 0.9563492063492065], [4.7817460317460325, 4.7817460317460325, 4.7817460317460325, 4.7817460317460325, 4.7817460317460325, 4.7817460317460325, 4.7817460317460325, 4.7817460317460325, 4.7817460317460325, 4.7817460317460325, 4.7817460317460325, 4.7817460317460325, 4.7817460317460325, 4.7817460317460325, 4.7817460317460325, 4.7817460317460325, 4.7817460317460325, 4.7817460317460325, 4.7817460317460325, 4.7817460317460325, 4.7817460317460325, 4.7817460317460325, 4.7817460317460325, 4.7817460317460325], [3.825396825396826, 3.825396825396826, 3.825396825396826, 3.825396825396826, 3.825396825396826, 3.825396825396826, 3.825396825396826, 3.825396825396826, 3.825396825396826, 3.825396825396826, 3.825396825396826, 3.825396825396826, 3.825396825396826, 3.825396825396826, 3.825396825396826, 3.825396825396826, 3.825396825396826, 3.825396825396826, 3.825396825396826, 3.825396825396826, 3.825396825396826, 3.825396825396826, 3.825396825396826, 3.825396825396826], [2.8690476190476195, 2.8690476190476195, 2.8690476190476195, 2.8690476190476195, 2.8690476190476195, 2.8690476190476195, 2.8690476190476195, 2.8690476190476195, 2.8690476190476195, 2.8690476190476195, 2.8690476190476195, 2.8690476190476195, 2.8690476190476195, 2.8690476190476195, 2.8690476190476195, 2.8690476190476195, 2.8690476190476195, 2.8690476190476195, 2.8690476190476195, 2.8690476190476195, 2.8690476190476195, 2.8690476190476195, 2.8690476190476195, 2.8690476190476195], [0.9563492063492065, 0.9563492063492065, 0.9563492063492065, 0.9563492063492065, 0.9563492063492065, 0.9563492063492065, 0.9563492063492065, 0.9563492063492065, 0.9563492063492065, 0.9563492063492065, 0.9563492063492065, 0.9563492063492065, 0.9563492063492065, 0.9563492063492065, 0.9563492063492065, 0.9563492063492065, 0.9563492063492065, 0.9563492063492065, 0.9563492063492065, 0.9563492063492065, 0.9563492063492065, 0.9563492063492065, 0.9563492063492065, 0.9563492063492065], [0.9563492063492065, 0.9563492063492065, 0.9563492063492065, 0.9563492063492065, 0.9563492063492065, 0.9563492063492065, 0.9563492063492065, 0.9563492063492065, 0.9563492063492065, 0.9563492063492065, 0.9563492063492065, 0.9563492063492065, 0.9563492063492065, 0.9563492063492065, 0.9563492063492065, 0.9563492063492065, 0.9563492063492065, 0.9563492063492065, 0.9563492063492065, 0.9563492063492065, 0.9563492063492065, 0.9563492063492065, 0.9563492063492065, 0.9563492063492065], [20.33730158730159, 20.33730158730159, 20.33730158730159, 20.33730158730159, 20.33730158730159, 20.33730158730159, 20.33730158730159, 20.33730158730159, 20.33730158730159, 20.33730158730159, 20.33730158730159, 20.33730158730159, 20.33730158730159, 20.33730158730159, 20.33730158730159, 20.33730158730159, 20.33730158730159, 20.33730158730159, 20.33730158730159, 20.33730158730159, 20.33730158730159, 20.33730158730159, 20.33730158730159, 20.33730158730159], [7.650793650793652, 7.650793650793652, 7.650793650793652, 7.650793650793652, 7.650793650793652, 7.650793650793652, 7.650793650793652, 7.650793650793652, 7.650793650793652, 7.650793650793652, 7.650793650793652, 7.650793650793652, 7.650793650793652, 7.650793650793652, 7.650793650793652, 7.650793650793652, 7.650793650793652, 7.650793650793652, 7.650793650793652, 7.650793650793652, 7.650793650793652, 7.650793650793652, 7.650793650793652, 7.650793650793652], [6.6944444444444455, 6.6944444444444455, 6.6944444444444455, 6.6944444444444455, 6.6944444444444455, 6.6944444444444455, 6.6944444444444455, 6.6944444444444455, 6.6944444444444455, 6.6944444444444455, 6.6944444444444455, 6.6944444444444455, 6.6944444444444455, 6.6944444444444455, 6.6944444444444455, 6.6944444444444455, 6.6944444444444455, 6.6944444444444455, 6.6944444444444455, 6.6944444444444455, 6.6944444444444455, 6.6944444444444455, 6.6944444444444455, 6.6944444444444455], [5.738095238095239, 5.738095238095239, 5.738095238095239, 5.738095238095239, 5.738095238095239, 5.738095238095239, 5.738095238095239, 5.738095238095239, 5.738095238095239, 5.738095238095239, 5.738095238095239, 5.738095238095239, 5.738095238095239, 5.738095238095239, 5.738095238095239, 5.738095238095239, 5.738095238095239, 5.738095238095239, 5.738095238095239, 5.738095238095239, 5.738095238095239, 5.738095238095239, 5.738095238095239, 5.738095238095239], [1.912698412698413, 1.912698412698413, 1.912698412698413, 1.912698412698413, 1.912698412698413, 1.912698412698413, 1.912698412698413, 1.912698412698413, 1.912698412698413, 1.912698412698413, 1.912698412698413, 1.912698412698413, 1.912698412698413, 1.912698412698413, 1.912698412698413, 1.912698412698413, 1.912698412698413, 1.912698412698413, 1.912698412698413, 1.912698412698413, 1.912698412698413, 1.912698412698413, 1.912698412698413, 1.912698412698413], [0.9563492063492065, 0.9563492063492065, 0.9563492063492065, 0.9563492063492065, 0.9563492063492065, 0.9563492063492065, 0.9563492063492065, 0.9563492063492065, 0.9563492063492065, 0.9563492063492065, 0.9563492063492065, 0.9563492063492065, 0.9563492063492065, 0.9563492063492065, 0.9563492063492065, 0.9563492063492065, 0.9563492063492065, 0.9563492063492065, 0.9563492063492065, 0.9563492063492065, 0.9563492063492065, 0.9563492063492065, 0.9563492063492065, 0.9563492063492065], [2.8690476190476195, 2.8690476190476195, 2.8690476190476195, 2.8690476190476195, 2.8690476190476195, 2.8690476190476195, 2.8690476190476195, 2.8690476190476195, 2.8690476190476195, 2.8690476190476195, 2.8690476190476195, 2.8690476190476195, 2.8690476190476195, 2.8690476190476195, 2.8690476190476195, 2.8690476190476195, 2.8690476190476195, 2.8690476190476195, 2.8690476190476195, 2.8690476190476195, 2.8690476190476195, 2.8690476190476195, 2.8690476190476195, 2.8690476190476195], [1.912698412698413, 1.912698412698413, 1.912698412698413, 1.912698412698413, 1.912698412698413, 1.912698412698413, 1.912698412698413, 1.912698412698413, 1.912698412698413, 1.912698412698413, 1.912698412698413, 1.912698412698413, 1.912698412698413, 1.912698412698413, 1.912698412698413, 1.912698412698413, 1.912698412698413, 1.912698412698413, 1.912698412698413, 1.912698412698413, 1.912698412698413, 1.912698412698413, 1.912698412698413, 1.912698412698413], [0.9563492063492065, 0.9563492063492065, 0.9563492063492065, 0.9563492063492065, 0.9563492063492065, 0.9563492063492065, 0.9563492063492065, 0.9563492063492065, 0.9563492063492065, 0.9563492063492065, 0.9563492063492065, 0.9563492063492065, 0.9563492063492065, 0.9563492063492065, 0.9563492063492065, 0.9563492063492065, 0.9563492063492065, 0.9563492063492065, 0.9563492063492065, 0.9563492063492065, 0.9563492063492065, 0.9563492063492065, 0.9563492063492065, 0.9563492063492065], [11.730158730158731, 11.730158730158731, 11.730158730158731, 11.730158730158731, 11.730158730158731, 11.730158730158731, 11.730158730158731, 11.730158730158731, 11.730158730158731, 11.730158730158731, 11.730158730158731, 11.730158730158731, 11.730158730158731, 11.730158730158731, 11.730158730158731, 11.730158730158731, 11.730158730158731, 11.730158730158731, 11.730158730158731, 11.730158730158731, 11.730158730158731, 11.730158730158731, 11.730158730158731, 11.730158730158731], [10.773809523809526, 10.773809523809526, 10.773809523809526, 10.773809523809526, 10.773809523809526, 10.773809523809526, 10.773809523809526, 10.773809523809526, 10.773809523809526, 10.773809523809526, 10.773809523809526, 10.773809523809526, 10.773809523809526, 10.773809523809526, 10.773809523809526, 10.773809523809526, 10.773809523809526, 10.773809523809526, 10.773809523809526, 10.773809523809526, 10.773809523809526, 10.773809523809526, 10.773809523809526, 10.773809523809526], [9.81746031746032, 9.81746031746032, 9.81746031746032, 9.81746031746032, 9.81746031746032, 9.81746031746032, 9.81746031746032, 9.81746031746032, 9.81746031746032, 9.81746031746032, 9.81746031746032, 9.81746031746032, 9.81746031746032, 9.81746031746032, 9.81746031746032, 9.81746031746032, 9.81746031746032, 9.81746031746032, 9.81746031746032, 9.81746031746032, 9.81746031746032, 9.81746031746032, 9.81746031746032, 9.81746031746032], [8.861111111111112, 8.861111111111112, 8.861111111111112, 8.861111111111112, 8.861111111111112, 8.861111111111112, 8.861111111111112, 8.861111111111112, 8.861111111111112, 8.861111111111112, 8.861111111111112, 8.861111111111112, 8.861111111111112, 8.861111111111112, 8.861111111111112, 8.861111111111112, 8.861111111111112, 8.861111111111112, 8.861111111111112, 8.861111111111112, 8.861111111111112, 8.861111111111112, 8.861111111111112, 8.861111111111112], [0.9563492063492065, 0.9563492063492065, 0.9563492063492065, 0.9563492063492065, 0.9563492063492065, 0.9563492063492065, 0.9563492063492065, 0.9563492063492065, 0.9563492063492065, 0.9563492063492065, 0.9563492063492065, 0.9563492063492065, 0.9563492063492065, 0.9563492063492065, 0.9563492063492065, 0.9563492063492065, 0.9563492063492065, 0.9563492063492065, 0.9563492063492065, 0.9563492063492065, 0.9563492063492065, 0.9563492063492065, 0.9563492063492065, 0.9563492063492065], [6.9484126984126995, 6.9484126984126995, 6.9484126984126995, 6.9484126984126995, 6.9484126984126995, 6.9484126984126995, 6.9484126984126995, 6.9484126984126995, 6.9484126984126995, 6.9484126984126995, 6.9484126984126995, 6.9484126984126995, 6.9484126984126995, 6.9484126984126995, 6.9484126984126995, 6.9484126984126995, 6.9484126984126995, 6.9484126984126995, 6.9484126984126995, 6.9484126984126995, 6.9484126984126995, 6.9484126984126995, 6.9484126984126995, 6.9484126984126995], [5.738095238095239, 5.738095238095239, 5.738095238095239, 5.738095238095239, 5.738095238095239, 5.738095238095239, 5.738095238095239, 5.738095238095239, 5.738095238095239, 5.738095238095239, 5.738095238095239, 5.738095238095239, 5.738095238095239, 5.738095238095239, 5.738095238095239, 5.738095238095239, 5.738095238095239, 5.738095238095239, 5.738095238095239, 5.738095238095239, 5.738095238095239, 5.738095238095239, 5.738095238095239, 5.738095238095239], [4.7817460317460325, 4.7817460317460325, 4.7817460317460325, 4.7817460317460325, 4.7817460317460325, 4.7817460317460325, 4.7817460317460325, 4.7817460317460325, 4.7817460317460325, 4.7817460317460325, 4.7817460317460325, 4.7817460317460325, 4.7817460317460325, 4.7817460317460325, 4.7817460317460325, 4.7817460317460325, 4.7817460317460325, 4.7817460317460325, 4.7817460317460325, 4.7817460317460325, 4.7817460317460325, 4.7817460317460325, 4.7817460317460325, 4.7817460317460325], [3.825396825396826, 3.825396825396826, 3.825396825396826, 3.825396825396826, 3.825396825396826, 3.825396825396826, 3.825396825396826, 3.825396825396826, 3.825396825396826, 3.825396825396826, 3.825396825396826, 3.825396825396826, 3.825396825396826, 3.825396825396826, 3.825396825396826, 3.825396825396826, 3.825396825396826, 3.825396825396826, 3.825396825396826, 3.825396825396826, 3.825396825396826, 3.825396825396826, 3.825396825396826, 3.825396825396826], [0.9563492063492065, 0.9563492063492065, 0.9563492063492065, 0.9563492063492065, 0.9563492063492065, 0.9563492063492065, 0.9563492063492065, 0.9563492063492065, 0.9563492063492065, 0.9563492063492065, 0.9563492063492065, 0.9563492063492065, 0.9563492063492065, 0.9563492063492065, 0.9563492063492065, 0.9563492063492065, 0.9563492063492065, 0.9563492063492065, 0.9563492063492065, 0.9563492063492065, 0.9563492063492065, 0.9563492063492065, 0.9563492063492065, 0.9563492063492065], [1.912698412698413, 1.912698412698413, 1.912698412698413, 1.912698412698413, 1.912698412698413, 1.912698412698413, 1.912698412698413, 1.912698412698413, 1.912698412698413, 1.912698412698413, 1.912698412698413, 1.912698412698413, 1.912698412698413, 1.912698412698413, 1.912698412698413, 1.912698412698413, 1.912698412698413, 1.912698412698413, 1.912698412698413, 1.912698412698413, 1.912698412698413, 1.912698412698413, 1.912698412698413, 1.912698412698413], [0.9563492063492065, 0.9563492063492065, 0.9563492063492065, 0.9563492063492065, 0.9563492063492065, 0.9563492063492065, 0.9563492063492065, 0.9563492063492065, 0.9563492063492065, 0.9563492063492065, 0.9563492063492065, 0.9563492063492065, 0.9563492063492065, 0.9563492063492065, 0.9563492063492065, 0.9563492063492065, 0.9563492063492065, 0.9563492063492065, 0.9563492063492065, 0.9563492063492065, 0.9563492063492065, 0.9563492063492065, 0.9563492063492065, 0.9563492063492065], [4.7817460317460325, 4.7817460317460325, 4.7817460317460325, 4.7817460317460325, 4.7817460317460325, 4.7817460317460325, 4.7817460317460325, 4.7817460317460325, 4.7817460317460325, 4.7817460317460325, 4.7817460317460325, 4.7817460317460325, 4.7817460317460325, 4.7817460317460325, 4.7817460317460325, 4.7817460317460325, 4.7817460317460325, 4.7817460317460325, 4.7817460317460325, 4.7817460317460325, 4.7817460317460325, 4.7817460317460325, 4.7817460317460325, 4.7817460317460325], [3.825396825396826, 3.825396825396826, 3.825396825396826, 3.825396825396826, 3.825396825396826, 3.825396825396826, 3.825396825396826, 3.825396825396826, 3.825396825396826, 3.825396825396826, 3.825396825396826, 3.825396825396826, 3.825396825396826, 3.825396825396826, 3.825396825396826, 3.825396825396826, 3.825396825396826, 3.825396825396826, 3.825396825396826, 3.825396825396826, 3.825396825396826, 3.825396825396826, 3.825396825396826, 3.825396825396826], [2.8690476190476195, 2.8690476190476195, 2.8690476190476195, 2.8690476190476195, 2.8690476190476195, 2.8690476190476195, 2.8690476190476195, 2.8690476190476195, 2.8690476190476195, 2.8690476190476195, 2.8690476190476195, 2.8690476190476195, 2.8690476190476195, 2.8690476190476195, 2.8690476190476195, 2.8690476190476195, 2.8690476190476195, 2.8690476190476195, 2.8690476190476195, 2.8690476190476195, 2.8690476190476195, 2.8690476190476195, 2.8690476190476195, 2.8690476190476195], [1.912698412698413, 1.912698412698413, 1.912698412698413, 1.912698412698413, 1.912698412698413, 1.912698412698413, 1.912698412698413, 1.912698412698413, 1.912698412698413, 1.912698412698413, 1.912698412698413, 1.912698412698413, 1.912698412698413, 1.912698412698413, 1.912698412698413, 1.912698412698413, 1.912698412698413, 1.912698412698413, 1.912698412698413, 1.912698412698413, 1.912698412698413, 1.912698412698413, 1.912698412698413, 1.912698412698413], [0.9563492063492065, 0.9563492063492065, 0.9563492063492065, 0.9563492063492065, 0.9563492063492065, 0.9563492063492065, 0.9563492063492065, 0.9563492063492065, 0.9563492063492065, 0.9563492063492065, 0.9563492063492065, 0.9563492063492065, 0.9563492063492065, 0.9563492063492065, 0.9563492063492065, 0.9563492063492065, 0.9563492063492065, 0.9563492063492065, 0.9563492063492065, 0.9563492063492065, 0.9563492063492065, 0.9563492063492065, 0.9563492063492065, 0.9563492063492065]]
initial_max_raw_violation = 3.457395793809298e-7
initial_vector_count = 21576
input_sha256 = "d514c3c2e94f962feb65717da43920559b4bcbca8613d2abcef2e1ed292d51b0"
native_variable_count = 23352
objective = 492243.98675402254
objective_kind = "operating_cost"
operating_cost = 492243.98675402254
operation_sha256 = "dd2b2cb059feeebe95767375a4b9e6eb974e544f10e3a9eeacaa4beda6bc049c"
primal = "FEASIBLE_POINT"
rescale_cones = false
seed = 0
solver = "Gurobi"
solver_objective = 492243.9867540225
solver_policy = "local_NL_barrier_OptimalityTarget_1"
solver_presolve = 0
solver_version = "13.0.3"
status = "local_solution"
termination = "LOCALLY_SOLVED"
threads = 1
variant = "r9_short_pipe_literal_v1"
warm_start_attribute = "PStart"
warm_start_confirmed_by_log = true

[operation]
bounded_return = true
core_periods = 24
mode = "VF_VT"
reference_flow = [0.9563492063492065, 9.563492063492065, 3.825396825396826, 2.8690476190476195, 0.9563492063492065, 0.9563492063492065, 4.7817460317460325, 3.825396825396826, 2.8690476190476195, 0.9563492063492065, 0.9563492063492065, 20.33730158730159, 7.650793650793652, 6.6944444444444455, 5.738095238095239, 1.912698412698413, 0.9563492063492065, 2.8690476190476195, 1.912698412698413, 0.9563492063492065, 11.730158730158731, 10.773809523809526, 9.81746031746032, 8.861111111111112, 0.9563492063492065, 6.9484126984126995, 5.738095238095239, 4.7817460317460325, 3.825396825396826, 0.9563492063492065, 1.912698412698413, 0.9563492063492065, 4.7817460317460325, 3.825396825396826, 2.8690476190476195, 1.912698412698413, 0.9563492063492065]
source_temperature_K = 363.15

[source_hashes_at_solve]
"src/components/devices.jl" = "01a86d8bb7bbbf0ad27f79acb099427ec18543a0a4b1b916f411f2e1a4053e2d"
"src/core/case.jl" = "dd5de1049fc740706fa9005f48b60d75e088bc68faa9f6092b9b310e7aaed624"
"src/core/r2_case.jl" = "11026416169278767a8900e84e5fb65f80113e405a4046a44f6b92dc983498d5"
"src/core/r3.jl" = "1a29d3ac34ebf6936b9055b737167e59cf746cc6b5fb1055b8f73db2ebd26f15"
"src/core/r3_operation.jl" = "0766d65a9c5772e8ac51b06142ef33a58b2a07041783ff0902756ce6c55c40b3"
"src/core/r9_inputs.jl" = "be2d4335404b883d81cde43135e352ab399985ef73ee70e6537eb35c23c72cf7"
"src/core/r9_pv.jl" = "8f4e6f87745ba4e9474a1884e4b358dcd5357e03e02296dced3527cfc4949785"
"src/formulations/r1.jl" = "e952963689b39d28dc490066e55c7e5ca2689cd0ce78982a5397b09713466655"
"src/formulations/r2.jl" = "7118267881dc2f362004c14da042ad1e208a87657144538a8e2ec6ce82619c12"
"src/formulations/r3.jl" = "83e7255d85dc0a607a0cf37a232c1e329da070fb9f787f9295380e9ab8495578"
"src/formulations/r9_flow.jl" = "77e4908d9c55f09210552ac9dc06d7595225f082584abbdcc1d18cea67ca8ae0"
"src/formulations/r9_pv.jl" = "345d74bc66c0977a01d7cd1423c01841b13f854999e7e4bf987cdd8953c64da0"
"src/formulations/r9_reduced.jl" = "4289e33cdae925640a20f115bc3559213254d0b7d21dc6214f86cfa224a538b3"
"src/networks/fixed_flow_heat.jl" = "620c069f6b3a520d32ee546ec048074f9cbaa3c785f8c2e31ec7fd7bf245a83b"
"src/networks/r9_short_pipe.jl" = "05bdff61e581ea0c5ea21574fe12c8f357fe4c1491ebcc6fe4288cf4a2486d0a"
"src/networks/water_mass.jl" = "ef76594a25d5a310f8265137e733d811c8dbefcf0aea0b3ff8be5ed7b05bceef"
"src/reporting/r2_runs.jl" = "c0174b63fb559bd87b66604e80018ab5b4a055a4dfe7c0257884ed1955ea1971"
"src/reporting/r3_modes.jl" = "39db6cf0c2226628f47e171a0cdb4f547b81ff0857edc3bf100b65191b564d16"
"src/reporting/r3_runs.jl" = "d58b4c7d4e89bbcae9252d04e531d964e9897f79d8c7cc277c130902f6843416"
"src/reporting/r9_pv.jl" = "f106842c758d291179c246a1b62e4fbd8fc34ac684e24042d603ae282ee136d5"
"src/reporting/r9_reduced.jl" = "5e6168c0ca1fb06f89843ed3ebe46aad2ec558a46e6336ee4622fea2d0ec1ba0"
"src/reporting/runs.jl" = "7cb0ad0bf0bc5ea77af73e08a8261982510ce869caef95e26b7d51730a43b635"
"src/verification/r1.jl" = "c81ba065cd5e6e38e37cc385d89b81e0915c26b10edb2dd0321fd91633c202d3"
"src/verification/r2.jl" = "47fec7dc944afd8d2e5ac99d6885994fa7ce2465c36dfdcf6984d50466391783"
"src/verification/r3.jl" = "82afeb350db18fca6ada3179f87c3d266e21f13bb922ae6841619811ca8dfddb"
"src/verification/r9_flow.jl" = "19676e6bfba28a238962ee812ac9f9431277c202c88878967ae72b06360fbaa4"
"src/verification/r9_pv.jl" = "739b8864ab391b219780f9f7d9d80cf699d3b82b3db79fb800026c2f6f405038"
"src/verification/r9_reduced.jl" = "4dbbc7d0d0816dfa433f010209faddaac90ba5fa65fddbb83d0b1f9dcdf5be18"
"src/verification/r9_sources.jl" = "1b65bc9360e1b1a3816800ecffb442d39336da92db4d11ed7ac055e5fcbeeb60"

[spec]
dynamics = "wmm"
dynamics_product = "exact"
formulation = "wmm_checked_v1"
heat_balance = "exact"
loss = "wmm"
mixing = "exact"

[values]
H_device = [[2.4000000004641713, 2.400000005382204, 3.260412475525995, 3.3796536716730308, 3.3899072284965586, 6.799999999899789, 6.799999999896237, 6.799999999888694, 6.799999999970009, 6.799999999968387, 6.799999999966454, 6.799999999964512, 6.799999999417466, 6.58445361844268, 6.269847320931207, 6.590777948883811, 6.799999990832333, 6.799999999961355, 6.79999999996145, 6.799999999961554, 6.799999999953632, 3.39795085811062, 4.534691896306455, 4.502501297169009], [0.9999999998999627, 0.9999999999164758, 0.9999999999182627, 0.9999999999183455, 0.999999999918316, 6.162627172843128e-11, 6.01518974269804e-11, 5.769746955815237e-11, 2.4509702519888156e-11, 2.352061579826387e-11, 2.255814547337844e-11, 2.1784499221324487e-11, 4.072492316545453e-11, 3.8026400834943663e-11, 3.789769077782963e-11, 3.792491225106043e-11, 3.807369218139289e-11, 2.0675734049387752e-11, 2.0713257847792837e-11, 2.0770076235381945e-11, 1.9044723274246726e-11, 0.9999999999180281, 0.9999999999187443, 0.9999999999188122], [1.0880185584671989, 1.1496907032463999, 1.199999999761356, 1.1999999997014439, 1.1999999996667579, 0.29703049296253314, 0.3251665330193543, 0.3659946721845199, 0.34147978452113353, 0.31813417834878216, 0.2780948281189456, 0.2324558477606529, 0.18722228819598846, 0.14816352167738545, 0.1382291000637881, 0.16446530564252132, 0.17189397456507943, 0.18490999617273507, 0.18664373530947928, 0.17547769739651536, 0.19380707536003494, 0.8803115894270881, 0.595902908526527, 0.6460871602057654], [0.0, 0.0, 0.0, 0.0, 0.0, 0.0, 0.0, 0.0, 0.0, 0.0, 0.0, 0.0, 0.0, 0.0, 0.0, 0.0, 0.0, 0.0, 0.0, 0.0, 0.0, 0.0, 0.0, 0.0], [0.0, 0.0, 0.0, 0.0, 0.0, 0.0, 0.0, 0.0, 0.0, 0.0, 0.0, 0.0, 0.0, 0.0, 0.0, 0.0, 0.0, 0.0, 0.0, 0.0, 0.0, 0.0, 0.0, 0.0], [0.0, 0.0, 0.0, 0.0, 0.0, 0.0, 0.0, 0.0, 0.0, 0.0, 0.0, 0.0, 0.0, 0.0, 0.0, 0.0, 0.0, 0.0, 0.0, 0.0, 0.0, 0.0, 0.0, 0.0]]
H_port = [[3.400000000364134, 3.4000000052986796, 4.260412475444258, 4.3796536715913765, 4.389907228414875, 6.799999999961416, 6.7999999999563885, 6.799999999946392, 6.799999999994518, 6.799999999991908, 6.799999999989012, 6.799999999986296, 6.799999999458191, 6.5844536184807065, 6.269847320969105, 6.590777948921736, 6.799999990870407, 6.799999999982031, 6.799999999982163, 6.799999999982324, 6.799999999972676, 4.397950858028649, 5.534691896225199, 5.5025012970878215], [0.16066666666666668, 0.16066666666666668, 0.15665, 0.15263333333333334, 0.16066666666666668, 0.17673333333333333, 0.1928, 0.20083333333333334, 0.1928, 0.17673333333333333, 0.16468333333333332, 0.16066666666666668, 0.15665, 0.15263333333333334, 0.15665, 0.1687, 0.1847666666666667, 0.19681666666666667, 0.18878333333333333, 0.17673333333333333, 0.1687, 0.16468333333333332, 0.16066666666666668, 0.16066666666666668], [0.16066666666666668, 0.16066666666666668, 0.15665, 0.15263333333333334, 0.16066666666666668, 0.17673333333333333, 0.1928, 0.20083333333333334, 0.1928, 0.17673333333333333, 0.16468333333333332, 0.16066666666666668, 0.15665, 0.15263333333333334, 0.15665, 0.1687, 0.1847666666666667, 0.19681666666666667, 0.18878333333333333, 0.17673333333333333, 0.1687, 0.16468333333333332, 0.16066666666666668, 0.16066666666666668], [0.16066666666666668, 0.16066666666666668, 0.15665, 0.15263333333333334, 0.16066666666666668, 0.17673333333333333, 0.1928, 0.20083333333333334, 0.1928, 0.17673333333333333, 0.16468333333333332, 0.16066666666666668, 0.15665, 0.15263333333333334, 0.15665, 0.1687, 0.1847666666666667, 0.19681666666666667, 0.18878333333333333, 0.17673333333333333, 0.1687, 0.16468333333333332, 0.16066666666666668, 0.16066666666666668], [0.16066666666666668, 0.16066666666666668, 0.15665, 0.15263333333333334, 0.16066666666666668, 0.17673333333333333, 0.1928, 0.20083333333333334, 0.1928, 0.17673333333333333, 0.16468333333333332, 0.16066666666666668, 0.15665, 0.15263333333333334, 0.15665, 0.1687, 0.1847666666666667, 0.19681666666666667, 0.18878333333333333, 0.17673333333333333, 0.1687, 0.16468333333333332, 0.16066666666666668, 0.16066666666666668], [0.16066666666666668, 0.16066666666666668, 0.15665, 0.15263333333333334, 0.16066666666666668, 0.17673333333333333, 0.1928, 0.20083333333333334, 0.1928, 0.17673333333333333, 0.16468333333333332, 0.16066666666666668, 0.15665, 0.15263333333333334, 0.15665, 0.1687, 0.1847666666666667, 0.19681666666666667, 0.18878333333333333, 0.17673333333333333, 0.1687, 0.16468333333333332, 0.16066666666666668, 0.16066666666666668], [0.16066666666666668, 0.16066666666666668, 0.15665, 0.15263333333333334, 0.16066666666666668, 0.17673333333333333, 0.1928, 0.20083333333333334, 0.1928, 0.17673333333333333, 0.16468333333333332, 0.16066666666666668, 0.15665, 0.15263333333333334, 0.15665, 0.1687, 0.1847666666666667, 0.19681666666666667, 0.18878333333333333, 0.17673333333333333, 0.1687, 0.16468333333333332, 0.16066666666666668, 0.16066666666666668], [0.16066666666666668, 0.16066666666666668, 0.15665, 0.15263333333333334, 0.16066666666666668, 0.17673333333333333, 0.1928, 0.20083333333333334, 0.1928, 0.17673333333333333, 0.16468333333333332, 0.16066666666666668, 0.15665, 0.15263333333333334, 0.15665, 0.1687, 0.1847666666666667, 0.19681666666666667, 0.18878333333333333, 0.17673333333333333, 0.1687, 0.16468333333333332, 0.16066666666666668, 0.16066666666666668], [0.16066666666666668, 0.16066666666666668, 0.15665, 0.15263333333333334, 0.16066666666666668, 0.17673333333333333, 0.1928, 0.20083333333333334, 0.1928, 0.17673333333333333, 0.16468333333333332, 0.16066666666666668, 0.15665, 0.15263333333333334, 0.15665, 0.1687, 0.1847666666666667, 0.19681666666666667, 0.18878333333333333, 0.17673333333333333, 0.1687, 0.16468333333333332, 0.16066666666666668, 0.16066666666666668], [0.16066666666666668, 0.16066666666666668, 0.15665, 0.15263333333333334, 0.16066666666666668, 0.17673333333333333, 0.1928, 0.20083333333333334, 0.1928, 0.17673333333333333, 0.16468333333333332, 0.16066666666666668, 0.15665, 0.15263333333333334, 0.15665, 0.1687, 0.1847666666666667, 0.19681666666666667, 0.18878333333333333, 0.17673333333333333, 0.1687, 0.16468333333333332, 0.16066666666666668, 0.16066666666666668], [0.16066666666666668, 0.16066666666666668, 0.15665, 0.15263333333333334, 0.16066666666666668, 0.17673333333333333, 0.1928, 0.20083333333333334, 0.1928, 0.17673333333333333, 0.16468333333333332, 0.16066666666666668, 0.15665, 0.15263333333333334, 0.15665, 0.1687, 0.1847666666666667, 0.19681666666666667, 0.18878333333333333, 0.17673333333333333, 0.1687, 0.16468333333333332, 0.16066666666666668, 0.16066666666666668], [0.16066666666666668, 0.16066666666666668, 0.15665, 0.15263333333333334, 0.16066666666666668, 0.17673333333333333, 0.1928, 0.20083333333333334, 0.1928, 0.17673333333333333, 0.16468333333333332, 0.16066666666666668, 0.15665, 0.15263333333333334, 0.15665, 0.1687, 0.1847666666666667, 0.19681666666666667, 0.18878333333333333, 0.17673333333333333, 0.1687, 0.16468333333333332, 0.16066666666666668, 0.16066666666666668], [0.16066666666666668, 0.16066666666666668, 0.15665, 0.15263333333333334, 0.16066666666666668, 0.17673333333333333, 0.1928, 0.20083333333333334, 0.1928, 0.17673333333333333, 0.16468333333333332, 0.16066666666666668, 0.15665, 0.15263333333333334, 0.15665, 0.1687, 0.1847666666666667, 0.19681666666666667, 0.18878333333333333, 0.17673333333333333, 0.1687, 0.16468333333333332, 0.16066666666666668, 0.16066666666666668], [0.16066666666666668, 0.16066666666666668, 0.15665, 0.15263333333333334, 0.16066666666666668, 0.17673333333333333, 0.1928, 0.20083333333333334, 0.1928, 0.17673333333333333, 0.16468333333333332, 0.16066666666666668, 0.15665, 0.15263333333333334, 0.15665, 0.1687, 0.1847666666666667, 0.19681666666666667, 0.18878333333333333, 0.17673333333333333, 0.1687, 0.16468333333333332, 0.16066666666666668, 0.16066666666666668], [1.0880185584671989, 1.1496907032463999, 1.199999999761356, 1.1999999997014439, 1.1999999996667579, 0.29703049296253314, 0.3251665330193543, 0.3659946721845199, 0.34147978452113353, 0.31813417834878216, 0.2780948281189456, 0.2324558477606529, 0.18722228819598846, 0.14816352167738545, 0.1382291000637881, 0.16446530564252132, 0.17189397456507943, 0.18490999617273507, 0.18664373530947928, 0.17547769739651536, 0.19380707536003494, 0.8803115894270881, 0.595902908526527, 0.6460871602057654], [0.16066666666666668, 0.16066666666666668, 0.15665, 0.15263333333333334, 0.16066666666666668, 0.17673333333333333, 0.1928, 0.20083333333333334, 0.1928, 0.17673333333333333, 0.16468333333333332, 0.16066666666666668, 0.15665, 0.15263333333333334, 0.15665, 0.1687, 0.1847666666666667, 0.19681666666666667, 0.18878333333333333, 0.17673333333333333, 0.1687, 0.16468333333333332, 0.16066666666666668, 0.16066666666666668], [0.16066666666666668, 0.16066666666666668, 0.15665, 0.15263333333333334, 0.16066666666666668, 0.17673333333333333, 0.1928, 0.20083333333333334, 0.1928, 0.17673333333333333, 0.16468333333333332, 0.16066666666666668, 0.15665, 0.15263333333333334, 0.15665, 0.1687, 0.1847666666666667, 0.19681666666666667, 0.18878333333333333, 0.17673333333333333, 0.1687, 0.16468333333333332, 0.16066666666666668, 0.16066666666666668], [0.16066666666666668, 0.16066666666666668, 0.15665, 0.15263333333333334, 0.16066666666666668, 0.17673333333333333, 0.1928, 0.20083333333333334, 0.1928, 0.17673333333333333, 0.16468333333333332, 0.16066666666666668, 0.15665, 0.15263333333333334, 0.15665, 0.1687, 0.1847666666666667, 0.19681666666666667, 0.18878333333333333, 0.17673333333333333, 0.1687, 0.16468333333333332, 0.16066666666666668, 0.16066666666666668], [0.16066666666666668, 0.16066666666666668, 0.15665, 0.15263333333333334, 0.16066666666666668, 0.17673333333333333, 0.1928, 0.20083333333333334, 0.1928, 0.17673333333333333, 0.16468333333333332, 0.16066666666666668, 0.15665, 0.15263333333333334, 0.15665, 0.1687, 0.1847666666666667, 0.19681666666666667, 0.18878333333333333, 0.17673333333333333, 0.1687, 0.16468333333333332, 0.16066666666666668, 0.16066666666666668], [0.16066666666666668, 0.16066666666666668, 0.15665, 0.15263333333333334, 0.16066666666666668, 0.17673333333333333, 0.1928, 0.20083333333333334, 0.1928, 0.17673333333333333, 0.16468333333333332, 0.16066666666666668, 0.15665, 0.15263333333333334, 0.15665, 0.1687, 0.1847666666666667, 0.19681666666666667, 0.18878333333333333, 0.17673333333333333, 0.1687, 0.16468333333333332, 0.16066666666666668, 0.16066666666666668], [0.16066666666666668, 0.16066666666666668, 0.15665, 0.15263333333333334, 0.16066666666666668, 0.17673333333333333, 0.1928, 0.20083333333333334, 0.1928, 0.17673333333333333, 0.16468333333333332, 0.16066666666666668, 0.15665, 0.15263333333333334, 0.15665, 0.1687, 0.1847666666666667, 0.19681666666666667, 0.18878333333333333, 0.17673333333333333, 0.1687, 0.16468333333333332, 0.16066666666666668, 0.16066666666666668], [0.16066666666666668, 0.16066666666666668, 0.15665, 0.15263333333333334, 0.16066666666666668, 0.17673333333333333, 0.1928, 0.20083333333333334, 0.1928, 0.17673333333333333, 0.16468333333333332, 0.16066666666666668, 0.15665, 0.15263333333333334, 0.15665, 0.1687, 0.1847666666666667, 0.19681666666666667, 0.18878333333333333, 0.17673333333333333, 0.1687, 0.16468333333333332, 0.16066666666666668, 0.16066666666666668], [0.16066666666666668, 0.16066666666666668, 0.15665, 0.15263333333333334, 0.16066666666666668, 0.17673333333333333, 0.1928, 0.20083333333333334, 0.1928, 0.17673333333333333, 0.16468333333333332, 0.16066666666666668, 0.15665, 0.15263333333333334, 0.15665, 0.1687, 0.1847666666666667, 0.19681666666666667, 0.18878333333333333, 0.17673333333333333, 0.1687, 0.16468333333333332, 0.16066666666666668, 0.16066666666666668], [0.16066666666666668, 0.16066666666666668, 0.15665, 0.15263333333333334, 0.16066666666666668, 0.17673333333333333, 0.1928, 0.20083333333333334, 0.1928, 0.17673333333333333, 0.16468333333333332, 0.16066666666666668, 0.15665, 0.15263333333333334, 0.15665, 0.1687, 0.1847666666666667, 0.19681666666666667, 0.18878333333333333, 0.17673333333333333, 0.1687, 0.16468333333333332, 0.16066666666666668, 0.16066666666666668], [0.16066666666666668, 0.16066666666666668, 0.15665, 0.15263333333333334, 0.16066666666666668, 0.17673333333333333, 0.1928, 0.20083333333333334, 0.1928, 0.17673333333333333, 0.16468333333333332, 0.16066666666666668, 0.15665, 0.15263333333333334, 0.15665, 0.1687, 0.1847666666666667, 0.19681666666666667, 0.18878333333333333, 0.17673333333333333, 0.1687, 0.16468333333333332, 0.16066666666666668, 0.16066666666666668], [0.16066666666666668, 0.16066666666666668, 0.15665, 0.15263333333333334, 0.16066666666666668, 0.17673333333333333, 0.1928, 0.20083333333333334, 0.1928, 0.17673333333333333, 0.16468333333333332, 0.16066666666666668, 0.15665, 0.15263333333333334, 0.15665, 0.1687, 0.1847666666666667, 0.19681666666666667, 0.18878333333333333, 0.17673333333333333, 0.1687, 0.16468333333333332, 0.16066666666666668, 0.16066666666666668], [0.16066666666666668, 0.16066666666666668, 0.15665, 0.15263333333333334, 0.16066666666666668, 0.17673333333333333, 0.1928, 0.20083333333333334, 0.1928, 0.17673333333333333, 0.16468333333333332, 0.16066666666666668, 0.15665, 0.15263333333333334, 0.15665, 0.1687, 0.1847666666666667, 0.19681666666666667, 0.18878333333333333, 0.17673333333333333, 0.1687, 0.16468333333333332, 0.16066666666666668, 0.16066666666666668], [0.16066666666666668, 0.16066666666666668, 0.15665, 0.15263333333333334, 0.16066666666666668, 0.17673333333333333, 0.1928, 0.20083333333333334, 0.1928, 0.17673333333333333, 0.16468333333333332, 0.16066666666666668, 0.15665, 0.15263333333333334, 0.15665, 0.1687, 0.1847666666666667, 0.19681666666666667, 0.18878333333333333, 0.17673333333333333, 0.1687, 0.16468333333333332, 0.16066666666666668, 0.16066666666666668], [0.16066666666666668, 0.16066666666666668, 0.15665, 0.15263333333333334, 0.16066666666666668, 0.17673333333333333, 0.1928, 0.20083333333333334, 0.1928, 0.17673333333333333, 0.16468333333333332, 0.16066666666666668, 0.15665, 0.15263333333333334, 0.15665, 0.1687, 0.1847666666666667, 0.19681666666666667, 0.18878333333333333, 0.17673333333333333, 0.1687, 0.16468333333333332, 0.16066666666666668, 0.16066666666666668], [0.16066666666666668, 0.16066666666666668, 0.15665, 0.15263333333333334, 0.16066666666666668, 0.17673333333333333, 0.1928, 0.20083333333333334, 0.1928, 0.17673333333333333, 0.16468333333333332, 0.16066666666666668, 0.15665, 0.15263333333333334, 0.15665, 0.1687, 0.1847666666666667, 0.19681666666666667, 0.18878333333333333, 0.17673333333333333, 0.1687, 0.16468333333333332, 0.16066666666666668, 0.16066666666666668], [0.16066666666666668, 0.16066666666666668, 0.15665, 0.15263333333333334, 0.16066666666666668, 0.17673333333333333, 0.1928, 0.20083333333333334, 0.1928, 0.17673333333333333, 0.16468333333333332, 0.16066666666666668, 0.15665, 0.15263333333333334, 0.15665, 0.1687, 0.1847666666666667, 0.19681666666666667, 0.18878333333333333, 0.17673333333333333, 0.1687, 0.16468333333333332, 0.16066666666666668, 0.16066666666666668], [0.16066666666666668, 0.16066666666666668, 0.15665, 0.15263333333333334, 0.16066666666666668, 0.17673333333333333, 0.1928, 0.20083333333333334, 0.1928, 0.17673333333333333, 0.16468333333333332, 0.16066666666666668, 0.15665, 0.15263333333333334, 0.15665, 0.1687, 0.1847666666666667, 0.19681666666666667, 0.18878333333333333, 0.17673333333333333, 0.1687, 0.16468333333333332, 0.16066666666666668, 0.16066666666666668], [0.16066666666666668, 0.16066666666666668, 0.15665, 0.15263333333333334, 0.16066666666666668, 0.17673333333333333, 0.1928, 0.20083333333333334, 0.1928, 0.17673333333333333, 0.16468333333333332, 0.16066666666666668, 0.15665, 0.15263333333333334, 0.15665, 0.1687, 0.1847666666666667, 0.19681666666666667, 0.18878333333333333, 0.17673333333333333, 0.1687, 0.16468333333333332, 0.16066666666666668, 0.16066666666666668], [0.16066666666666668, 0.16066666666666668, 0.15665, 0.15263333333333334, 0.16066666666666668, 0.17673333333333333, 0.1928, 0.20083333333333334, 0.1928, 0.17673333333333333, 0.16468333333333332, 0.16066666666666668, 0.15665, 0.15263333333333334, 0.15665, 0.1687, 0.1847666666666667, 0.19681666666666667, 0.18878333333333333, 0.17673333333333333, 0.1687, 0.16468333333333332, 0.16066666666666668, 0.16066666666666668], [0.16066666666666668, 0.16066666666666668, 0.15665, 0.15263333333333334, 0.16066666666666668, 0.17673333333333333, 0.1928, 0.20083333333333334, 0.1928, 0.17673333333333333, 0.16468333333333332, 0.16066666666666668, 0.15665, 0.15263333333333334, 0.15665, 0.1687, 0.1847666666666667, 0.19681666666666667, 0.18878333333333333, 0.17673333333333333, 0.1687, 0.16468333333333332, 0.16066666666666668, 0.16066666666666668], [0.16066666666666668, 0.16066666666666668, 0.15665, 0.15263333333333334, 0.16066666666666668, 0.17673333333333333, 0.1928, 0.20083333333333334, 0.1928, 0.17673333333333333, 0.16468333333333332, 0.16066666666666668, 0.15665, 0.15263333333333334, 0.15665, 0.1687, 0.1847666666666667, 0.19681666666666667, 0.18878333333333333, 0.17673333333333333, 0.1687, 0.16468333333333332, 0.16066666666666668, 0.16066666666666668], [0.16066666666666668, 0.16066666666666668, 0.15665, 0.15263333333333334, 0.16066666666666668, 0.17673333333333333, 0.1928, 0.20083333333333334, 0.1928, 0.17673333333333333, 0.16468333333333332, 0.16066666666666668, 0.15665, 0.15263333333333334, 0.15665, 0.1687, 0.1847666666666667, 0.19681666666666667, 0.18878333333333333, 0.17673333333333333, 0.1687, 0.16468333333333332, 0.16066666666666668, 0.16066666666666668], [0.16066666666666668, 0.16066666666666668, 0.15665, 0.15263333333333334, 0.16066666666666668, 0.17673333333333333, 0.1928, 0.20083333333333334, 0.1928, 0.17673333333333333, 0.16468333333333332, 0.16066666666666668, 0.15665, 0.15263333333333334, 0.15665, 0.1687, 0.1847666666666667, 0.19681666666666667, 0.18878333333333333, 0.17673333333333333, 0.1687, 0.16468333333333332, 0.16066666666666668, 0.16066666666666668]]
P_branch = [[0.29825327219152653, 0.2837315380637588, 0.2740555453030701, 0.26921909561884005, 0.2788930258626859, 0.312784318767721, 0.358264104743734, 0.4026544048443998, 0.42950327930557575, 0.4338701513772902, 0.43152418294800443, 0.4053803895257272, 0.37375720764083337, 0.36218588111049005, 0.38583568963210874, 0.4174010243269382, 0.4520317310096071, 0.4757299081229378, 0.463488827741262, 0.43424133731381037, 0.39530382885360316, 0.3612886655529433, 0.3370234807184663, 0.312784318767721], [0.1991590079457485, 0.1901054883015987, 0.16276364839319463, 0.15632925005843307, 0.1629897279133948, 0.061492072387689535, 0.08760447789084942, 0.0994426807769824, 0.09053338468374557, 0.05886727464943092, 0.028977870745878542, -0.0055704429345004875, -0.03443326429211097, -0.031331816677936476, 0.013515112191696184, 0.05590643431163789, 0.10973344108588987, 0.15841858352020122, 0.16627215505197196, 0.14526219347664432, 0.11798680785810961, 0.21473509680359398, 0.16292386634337763, 0.14751234273182756], [0.05958299691041918, 0.05668506497764768, 0.05475396413396304, 0.05378866943060789, 0.055719429270266595, 0.06248246897394695, 0.07215853481716912, 0.08282214822088474, 0.0905907018570626, 0.09447911363365209, 0.09642433530713537, 0.09253437669952112, 0.08670477212120464, 0.0837923595305009, 0.08670484509117586, 0.09059062187123672, 0.09447924438594653, 0.0964246670566243, 0.0925347777174568, 0.08670513777262599, 0.07894208444717217, 0.0721585474216495, 0.06731835514716039, 0.06248246897394695], [0.04762422434191158, 0.04530988073648248, 0.043767556139980464, 0.04299656488627968, 0.04453866139036368, 0.04993959838851325, 0.057664980247063055, 0.06617625248982363, 0.0723751111988805, 0.0754773121566744, 0.07702909371281409, 0.07392585588964058, 0.0692745744172768, 0.06695053523013396, 0.06927462323414377, 0.07237505767989216, 0.07547739965769287, 0.0770293157412374, 0.07392612423440464, 0.06927481903804258, 0.06307964608025433, 0.05766498867447764, 0.05380085233398561, 0.04993959838851325], [0.03568646252008637, 0.03395371683906334, 0.03279889691555004, 0.03222158992169121, 0.033376272533455265, 0.03741982869115222, 0.04320221449703531, 0.04957088538091622, 0.05420797790065096, 0.056528196180317666, 0.05768871632046973, 0.055367872504048996, 0.05188876386805447, 0.050150175573085085, 0.05188879326096067, 0.05420794567141102, 0.056528248882018316, 0.057688850058474524, 0.05536803411469696, 0.05188891115568515, 0.04725404150805351, 0.04320221956821865, 0.04031015588977298, 0.03741982869115222], [0.023769787069546657, 0.022616638382843883, 0.021848045116714558, 0.02146380013910581, 0.022232324519972944, 0.02492324712046287, 0.028770372070913843, 0.03300625048050055, 0.036089568547851496, 0.037632068160480224, 0.03840352465493392, 0.036860710549613304, 0.034547573955734365, 0.03339149123915749, 0.034547588703910795, 0.03608955237391196, 0.03763209461258079, 0.0384035917862777, 0.03686079165890583, 0.03454764785879122, 0.0314654469861577, 0.028770374613912113, 0.026846374974842113, 0.02492324712046287], [0.011874274058017461, 0.01129871082794536, 0.010915059715039225, 0.010723251434550529, 0.011106879508824137, 0.01244994145141679, 0.014369588429468966, 0.016482553040974148, 0.01802015211583131, 0.018789233382807035, 0.019173843312047283, 0.018404656634151778, 0.017251240163563296, 0.016674694652111344, 0.017251245096974382, 0.018020146704611578, 0.0187892422341616, 0.019173865777237693, 0.018404683772603864, 0.017251264884886725, 0.015714040144011728, 0.014369589279617132, 0.013409619473340396, 0.01244994145141679], [0.08344573073574035, 0.0793857900498224, 0.07668044033581724, 0.07532814803513416, 0.07803298760008245, 0.08750797611063002, 0.09805052571812212, 0.10394255205582818, 0.10275850412123502, 0.09312757376014287, 0.0837964682839437, 0.0717348968267516, 0.06118150361214, 0.06012047817584526, 0.07321958941270108, 0.09070139024199159, 0.1112182683802669, 0.12782547010245082, 0.12962093438881025, 0.12145046403749093, 0.11057119288687077, 0.10106551681391157, 0.09428352302927631, 0.08750797611063002], [0.07148384399423258, 0.06800779114713824, 0.06569140864015732, 0.06453351266469014, 0.06684950140780796, 0.07496167607435864, 0.08355999654397421, 0.08732428405318872, 0.08460605368941018, 0.07423020368203524, 0.06453557389970867, 0.05326684441584466, 0.04388442109133434, 0.043401450190314224, 0.055901947484549894, 0.07257859865243221, 0.09227387902219124, 0.1084460441132592, 0.11100464813018694, 0.10401346306581508, 0.09470323626147224, 0.08656736264966364, 0.08076203001865553, 0.07496167607435864], [0.05954133908153711, 0.05664733697923307, 0.05471874813213082, 0.05375467705094178, 0.055682968061192696, 0.062436687185322526, 0.07209754023965567, 0.08274172461541028, 0.09049423448986096, 0.09437371328163045, 0.09631412734355786, 0.09243256049341655, 0.08661519555218508, 0.08370873650508256, 0.08661564503411162, 0.09049374083093796, 0.09437452035881727, 0.09631617535668177, 0.09243503589205836, 0.08661745203215453, 0.07886927086810804, 0.07209761815714956, 0.06726526892448391, 0.062436687185322526], [0.04758216966619057, 0.045271811311805785, 0.043732032603060696, 0.042962281033195465, 0.04450187599889585, 0.04989335856785716, 0.057603303888687236, 0.06609489175225823, 0.07227756257164734, 0.0753708902602877, 0.076917971231988, 0.07382335393634877, 0.06918450844358788, 0.06686645927852329, 0.06918478577507166, 0.0722772579450978, 0.0753713883505132, 0.07691923524602381, 0.07382488154491959, 0.06918590070304376, 0.06300590433210293, 0.05760335194286358, 0.05374719248124388, 0.04989335856785716], [0.0118742308926033, 0.011298673701086203, 0.010915026279765823, 0.010723219748461722, 0.011106844260362611, 0.012449891616856437, 0.014369506240639287, 0.016482408831128306, 0.018019933233497203, 0.018788943389890872, 0.019173500357036525, 0.018404329598246585, 0.01725095689695965, 0.016674441558603547, 0.017250991470415103, 0.018019895262237334, 0.01878900546829046, 0.019173657884703106, 0.018404520000413333, 0.017251130461880922, 0.01571393899682368, 0.014369512234043487, 0.013409557032335484, 0.012449891616856437], [0.023769889064708477, 0.022616726071852968, 0.021848124064075228, 0.021463874945606677, 0.02223240776053136, 0.024923364924848968, 0.028770538919455156, 0.03300644548863653, 0.03608973523832727, 0.03763213252207763, 0.038403488822977165, 0.03686060499309797, 0.03454744237369078, 0.03339137952711429, 0.034547546832090666, 0.0360896204750755, 0.037632320207833116, 0.03840396516567472, 0.03686118055417419, 0.03454796677929968, 0.03146568667847365, 0.0287705570059143, 0.026846522686134223, 0.024923364924848968], [0.011874308138413059, 0.0112987401246399, 0.01091508608908374, 0.01072327642426571, 0.01110690731820176, 0.012449980818950927, 0.014369644208643268, 0.01648261826289233, 0.018020207884608945, 0.01878925491937932, 0.019173831321064833, 0.018404621315955178, 0.017251196148149937, 0.016674657287894554, 0.017251231090440758, 0.018020169488831613, 0.018789317722667672, 0.01917399072754933, 0.018404813894264706, 0.017251371567580297, 0.01571412029810986, 0.01436965025514899, 0.013409668844898718, 0.012449980818950927], [0.10722730663940416, 0.10201317027411527, 0.09853855246025711, 0.09680168483705069, 0.10027571420101394, 0.11244409975387126, 0.129852651184001, 0.14903641888648225, 0.16301097457592967, 0.1700053671165724, 0.17350431040284317, 0.1665072565341707, 0.156020850893642, 0.1507817606738264, 0.1560209767823049, 0.16301083661382554, 0.17000559259264902, 0.1735048824257597, 0.16650794814659498, 0.15602148171916985, 0.14205639370122108, 0.1298526729470626, 0.12114467471025231, 0.11244409975387126], [0.023769327172665663, 0.022616242766805593, 0.021847688804042087, 0.021463462451307935, 0.022231948902138268, 0.024922716243374086, 0.028769551751413627, 0.03300500578777142, 0.036087935765770456, 0.03763021401676405, 0.03840155272919943, 0.03685897029366648, 0.03454614521723933, 0.033390202899772244, 0.03454615965587591, 0.03608791994678863, 0.037630239863072804, 0.03840161829101753, 0.036859049584172784, 0.03454621756885815, 0.031464370349974444, 0.02876955425006741, 0.026845709960408633, 0.024922716243374086], [0.01187412039090661, 0.01129857865480852, 0.010914940682275744, 0.010723138628187152, 0.011106754021898877, 0.012449764046490022, 0.014369314192479301, 0.016482136752382612, 0.018019605856497492, 0.018788612966434633, 0.019173183432003808, 0.01840407437278025, 0.0172507622453251, 0.01667426374930613, 0.01725076707501319, 0.01801960056424823, 0.018788621614698624, 0.019173205370950654, 0.018404100901560503, 0.017250786446780145, 0.01571368011917734, 0.01436931502778137, 0.013409397199514337, 0.012449764046490022], [0.07141463427904052, 0.0679452059951876, 0.06563304980525218, 0.06447721013278195, 0.06678904838418685, 0.07488549838877373, 0.08646544750267247, 0.09922197682623633, 0.10851175126788586, 0.11316049084402115, 0.11548580688210243, 0.11083562622450398, 0.10386532384516926, 0.10038239915029379, 0.10386539187455363, 0.10851167670188715, 0.11316061272962585, 0.11548611612583184, 0.11083600005891503, 0.10386566473929394, 0.09458101523010067, 0.08646545925615179, 0.08067347191780919, 0.07488549838877373], [0.023769556299161863, 0.022616439902732453, 0.02184786637601265, 0.021463630751305866, 0.022232136083987154, 0.02492298068608785, 0.028769960129023206, 0.033005625020800546, 0.036088747679770695, 0.037631135780936145, 0.0384025329282618, 0.03685983554617384, 0.034546855842547734, 0.033390843809585305, 0.034546870434734596, 0.03608873168477346, 0.037631161927532665, 0.03840259926794179, 0.03685991573840873, 0.03454692896377129, 0.031464906103943584, 0.028769962649704443, 0.026846041121696983, 0.02492298068608785], [0.01187419694949001, 0.011298644516575966, 0.01091500000322228, 0.010723194849477344, 0.011106816555632434, 0.01244985241575067, 0.014369450714320563, 0.0164823438536638, 0.018019877485571503, 0.01878892139519094, 0.019173511439448676, 0.018404363869137665, 0.017250999949871018, 0.016674478108536724, 0.0172510048310112, 0.018019872134328412, 0.018788930144124163, 0.019173533639198964, 0.01840439070017979, 0.017251024409207824, 0.015713859272778984, 0.014369451556997134, 0.013409507885949435, 0.01244985241575067], [0.035664992162258394, 0.033934301113684395, 0.032780792037576605, 0.032204122844466984, 0.03335751811156582, 0.03739619727104217, 0.04317060596818827, 0.04952911311989501, 0.05415788926038662, 0.056473658308253384, 0.05763188211292436, 0.05531559645553979, 0.051842949236495815, 0.050107423692644204, 0.05184297359111604, 0.054157862562719705, 0.05647370195304325, 0.05763199285296967, 0.055315730310819794, 0.051843071277160056, 0.04721613194901841, 0.04317061017424085, 0.040282684970180616, 0.03739619727104217], [0.011874196972546661, 0.01129864453543314, 0.010915000019620428, 0.010723194864741091, 0.011106816573227622, 0.01244985244367902, 0.014369450764264904, 0.016482343940844427, 0.018019877610864925, 0.018788921543686554, 0.019173511600681408, 0.01840436400556134, 0.017251000054679336, 0.016674478199814425, 0.017251004935853586, 0.01801987225958097, 0.018788930292692577, 0.019173533800624275, 0.018404390836817434, 0.017251024514186936, 0.015713859344601466, 0.014369451606945525, 0.013409507923682696, 0.01244985244367902], [0.011874196972546661, 0.01129864453543314, 0.010915000019620428, 0.010723194864741091, 0.011106816573227622, 0.01244985244367902, 0.014369450764264904, 0.016482343940844427, 0.018019877610864925, 0.018788921543686554, 0.019173511600681408, 0.01840436400556134, 0.017251000054679336, 0.016674478199814425, 0.017251004935853586, 0.01801987225958097, 0.018788930292692577, 0.019173533800624275, 0.018404390836817434, 0.017251024514186936, 0.015713859344601466, 0.014369451606945525, 0.013409507923682696, 0.01244985244367902], [0.035664230041485466, 0.0339336453308995, 0.03278020129387121, 0.03220356292700168, 0.033356895419692965, 0.03739531777423532, 0.0431692482447493, 0.049527055173800974, 0.0541551917317728, 0.05647059624717382, 0.05762862616596019, 0.05531272191622602, 0.051840587892776006, 0.05010529377963781, 0.05184061173796249, 0.05415516561794622, 0.0564706388961281, 0.057628734326682696, 0.055312852780808074, 0.051840707380125396, 0.04721435118267239, 0.04316925237766304, 0.04028158377150014, 0.03739531777423532], [0.011874044329713502, 0.011298513199921995, 0.010914881715200386, 0.010723082736310405, 0.011106691867842444, 0.01244967627958982, 0.014369178747094707, 0.016481931528674706, 0.01801933692430085, 0.01878830773307147, 0.019172858893546533, 0.018403787812464795, 0.017250526797365006, 0.01667405135575271, 0.01725053157633303, 0.01801933169016775, 0.018788316282229184, 0.019172880575823795, 0.01840381404357803, 0.017250550744608042, 0.01571350251281916, 0.014369179575109426, 0.013409287326631238, 0.01244967627958982], [0.011874044329713502, 0.011298513199921995, 0.010914881715200386, 0.010723082736310405, 0.011106691867842444, 0.01244967627958982, 0.014369178747094707, 0.016481931528674706, 0.01801933692430085, 0.01878830773307147, 0.019172858893546533, 0.018403787812464795, 0.017250526797365006, 0.01667405135575271, 0.01725053157633303, 0.01801933169016775, 0.018788316282229184, 0.019172880575823795, 0.01840381404357803, 0.017250550744608042, 0.01571350251281916, 0.014369179575109426, 0.013409287326631238, 0.01244967627958982], [0.023769004060473765, 0.022615964926022886, 0.02184743073164461, 0.021463216549218584, 0.022231675878097604, 0.02492227227952371, 0.028768880150802457, 0.033003997136137976, 0.036086610135399114, 0.037628690160637926, 0.03839991329561709, 0.03685749863164028, 0.0345449155245477, 0.033389093979977226, 0.03454496008455854, 0.036086574915109054, 0.037628746430131206, 0.03840006247023736, 0.036857680964048754, 0.034545082835084485, 0.031463503917322375, 0.02876896208346974, 0.026845208504496197, 0.024922313784585304], [0.011874012429780706, 0.011298485830972007, 0.010914854469557337, 0.010723056484316014, 0.011106662810840924, 0.01244961568824031, 0.014369089678183185, 0.016481799418255, 0.018019162373317785, 0.01878810308832353, 0.01917263483935753, 0.018403581997779955, 0.017250350922803564, 0.016673892867767024, 0.017250365827547385, 0.01801915059074032, 0.018788121915614055, 0.019172684755791317, 0.018403642999906933, 0.017250406886090124, 0.01571339039396228, 0.014369117067804442, 0.013409229596600488, 0.012449629557778985], [0.023769004060473765, 0.022615964926022886, 0.02184743073164461, 0.021463216549218584, 0.022231675878097604, 0.02492227227952371, 0.028768880150802457, 0.033003997136137976, 0.036086610135399114, 0.037628690160637926, 0.03839991329561709, 0.03685749863164028, 0.0345449155245477, 0.033389093979977226, 0.03454496008455854, 0.036086574915109054, 0.037628746430131206, 0.03840006247023736, 0.036857680964048754, 0.034545082835084485, 0.031463503917322375, 0.02876896208346974, 0.026845208504496197, 0.024922313784585304], [0.011874012429780706, 0.011298485830972007, 0.010914854469557337, 0.010723056484316014, 0.011106662810840924, 0.01244961568824031, 0.014369089678183185, 0.016481799418255, 0.018019162373317785, 0.01878810308832353, 0.01917263483935753, 0.018403581997779955, 0.017250350922803564, 0.016673892867767024, 0.017250365827547385, 0.01801915059074032, 0.018788121915614055, 0.019172684755791317, 0.018403642999906933, 0.017250406886090124, 0.01571339039396228, 0.014369117067804442, 0.013409229596600488, 0.012449629557778985], [0.04716065205200907, 0.04734079281940701, 0.04765915215751901, 0.04727594579677451, 0.04804236295558819, 0.03126392813302486, 0.02969002801046634, 0.01676223881021525, -0.004700350690770108, -0.03361851787176855, -0.05762908632441231, -0.07326802475319517, -0.08129529500864438, -0.07730683301957465, -0.05846309645268667, -0.0324576188808546, -0.0008199775189395021, 0.027831185669569197, 0.04075886688669132, 0.038219891906673194, 0.03555063728126852, 0.04766401419536978, 0.0396179112949396, 0.03878407005451572], [0.03527280088492503, 0.03602640725812494, 0.036726797331240076, 0.036535365620526096, 0.036918229588077826, 0.018820833516284177, 0.015335870989241863, 0.0003131254839088941, -0.022675779350336444, -0.05237545180482413, -0.07680100301499379, -0.09170511331507157, -0.09860308771047055, -0.09403146588492542, -0.07572370018294264, -0.05044831834715276, -0.019560186277649386, 0.00869696067619999, 0.02237661269166202, 0.020988240263578407, 0.019852020090395137, 0.033289245685615955, 0.026209809150173475, 0.026333166141438998], [0.05950378088417297, 0.05661344089749396, 0.054687152672824674, 0.05372421033977035, 0.05565021312551876, 0.062394996300397125, 0.06903465743677706, 0.07063766380695384, 0.06634420349227764, 0.05518257275082582, 0.045096882432403236, 0.034622164159239584, 0.02642529228538744, 0.026532375799525443, 0.03843803581819225, 0.05432070226859304, 0.07322010170102151, 0.08899229275141934, 0.09234090762063381, 0.08653526927901307, 0.07880165217799565, 0.0720417852848636, 0.06721682815569521, 0.06239515419052078], [0.047580822355745706, 0.0452706530792031, 0.043730968653071224, 0.04296126928541919, 0.04450075164666665, 0.049891611607294294, 0.05760065679935316, 0.06609096241869186, 0.07227249558104591, 0.07536522269388286, 0.07691200766145564, 0.07381810825126182, 0.06918019623283393, 0.06686256405999466, 0.06918045505940443, 0.0722722483633368, 0.07536562314204717, 0.07691304084899071, 0.07381936304406266, 0.06918134373860538, 0.06300244477675272, 0.0576009017925937, 0.053745149935572556, 0.04989172333462712], [0.01187406278536997, 0.01129852917247345, 0.010914893508078654, 0.010723093487356762, 0.011106703955222829, 0.01244967366387106, 0.014369176086829673, 0.016481918916484737, 0.01801930162951331, 0.018788237009806776, 0.01917275712908037, 0.018403675756755413, 0.017250419307019243, 0.01667395590909683, 0.017250451574619928, 0.018019270813055727, 0.01878828692078823, 0.019172885895362216, 0.018403832160966666, 0.017250562364717874, 0.015713507602344898, 0.014369206643535035, 0.013409302240624506, 0.012449687603231157], [0.023769382303549552, 0.022616290492510335, 0.021847723981252752, 0.021463494511364607, 0.022231984943559557, 0.024922707747921647, 0.028769542637108014, 0.033004965802712116, 0.03608782638265369, 0.037629996995979194, 0.038401241545440154, 0.036858628639296634, 0.03454581820178136, 0.03338991263126609, 0.03454591568505837, 0.036087733252767894, 0.03763014787947433, 0.038401630875316076, 0.036859101381709676, 0.034546250395547574, 0.0314643841550397, 0.02876963484334429, 0.02684575412447203, 0.024922749777267963], [0.011874138811860169, 0.011298594599593545, 0.010914952433788896, 0.010723149337947416, 0.011106766062584409, 0.012449761207564492, 0.014369311145559801, 0.016482123379576923, 0.018019569262356788, 0.018788540350741872, 0.01917307930106042, 0.01840396006366831, 0.017250652859950186, 0.016674166667071402, 0.01725068546762309, 0.018019538105815604, 0.018788590836693767, 0.01917320958203748, 0.01840411823185294, 0.017250797427249474, 0.01571368473549181, 0.014369341970216614, 0.013409411960718381, 0.012449775252520544], [0.03292902455218579, 0.02948104052628056, 0.005702213966681181, 0.0015817743570777684, 0.003620983043406844, -0.09449216116956966, -0.08307757476316188, -0.07051262260396333, -0.0613686231188989, -0.05679488612722318, -0.05450761975785999, -0.05908235332223821, -0.06594198146404891, -0.06404499730608153, -0.05283503104675384, -0.05619714477949416, -0.0567946086917006, -0.05450692001439571, -0.05908140884231952, -0.06594096669535855, -0.07508265630882298, 0.022938912025104417, -0.01112307316447631, -0.016054287604344995], [0.021056599945330122, 0.018184952599882977, -0.005203748097077252, -0.009132456632564297, -0.007476296510761688, -0.10700649080576176, -0.0974900701751805, -0.08701625889149217, -0.07939517237567378, -0.07558354358150782, -0.07367749215301274, -0.07748987128309112, -0.08320680144786656, -0.08073274458984946, -0.07008649056697669, -0.07421845169656678, -0.07558328481711919, -0.07367683895402907, -0.07748899130236266, -0.08320585938672899, -0.09082550351091806, 0.008581237362366462, -0.024519522762656502, -0.028494210213450787], [0.009191935597008422, 0.00689557922727391, -0.01610751202341801, -0.019845340524705095, -0.018571732477374033, -0.11954686750005414, -0.11192714493723156, -0.10354204561159631, -0.09744156841503875, -0.09439072370552191, -0.09286518142095065, -0.09591657750511959, -0.1004926577522034, -0.09744026717204765, -0.08735382847789139, -0.09225749346589596, -0.09439049002078713, -0.0928645904465254, -0.0959157844755113, -0.10049181417432267, -0.10659148644719434, -0.005768854003918147, -0.03791717635160984, -0.04093658076387806], [0.011873977910571792, 0.01129845414540456, 0.010914803410364741, 0.01072300425136229, 0.011106606775108123, 0.012449411007378171, 0.014368818719512634, 0.016481445480583494, 0.01801874166115206, 0.0187876471462507, 0.019172160886910396, 0.018403144323445492, 0.017249964969340437, 0.0166735437002716, 0.017250011720421975, 0.018018743915706757, 0.01878766565020375, 0.01917220994725592, 0.01840320427645597, 0.01725001996620902, 0.015713067740641486, 0.014369026686506442, 0.013409107746597131, 0.012449524774281009], [-0.014541125817890119, -0.015687558989657173, -0.03792644587898179, -0.04128248516294875, -0.04077465877466154, -0.14457080743382691, -0.14076674480914075, -0.13658175375702156, -0.1335377980901869, -0.13201579195603846, -0.13125480595337727, -0.13277709044433877, -0.13506028592303232, -0.13085119273212875, -0.12189697897732649, -0.1283439090354534, -0.13201561237778717, -0.13125435263348056, -0.13277648038312087, -0.13505963495100107, -0.1381035550017233, -0.03448420635904166, -0.06472975917420232, -0.06583513783638625], [-0.026398200491685227, -0.02697136839858293, -0.04884207071218816, -0.05201006228660121, -0.05188418834528637, -0.15724764092919843, -0.15534322920352484, -0.1532482931707927, -0.15172466026359913, -0.15096287445784007, -0.15058200368265595, -0.15134393658937298, -0.15248675813705653, -0.1476906055784996, -0.13928335748770704, -0.1465145619683219, -0.15096276881835682, -0.15058173662248117, -0.15134357887296826, -0.15248637911165372, -0.15401005363517709, -0.048839030881736196, -0.07816425241999546, -0.07831517245834056]]
P_device = [[3.000000000580214, 3.000000006727755, 4.075515594407493, 4.224567089591289, 4.237384035620698, 8.499999999874735, 8.499999999870296, 8.499999999860867, 8.49999999996251, 8.499999999960483, 8.499999999958067, 8.499999999955639, 8.49999999927183, 8.23056702305335, 7.837309151164009, 8.238472436104763, 8.499999988540416, 8.499999999951694, 8.499999999951811, 8.49999999995194, 8.49999999994204, 4.247438572638275, 5.668364870383069, 5.628126621461261], [1.0869565216303942, 1.0869565216483432, 1.0869565216502854, 1.0869565216503756, 1.0869565216503434, 6.698508054879679e-11, 6.538249291452953e-11, 6.27146338684968e-11, 2.664096730947172e-11, 2.556586047718058e-11, 2.451969142452553e-11, 2.3678776957933627e-11, 4.426619657793105e-11, 4.1333044763268645e-11, 4.119314226830434e-11, 4.1222730816441766e-11, 4.1384445821885723e-11, 2.2473607729290607e-11, 2.2514425269871846e-11, 2.257619685999499e-11, 2.070083627658578e-11, 1.0869565216500305, 1.086956521650809, 1.0869565216508827], [1.1699124284593536, 1.2362265626305373, 1.2903225803885547, 1.2903225803241332, 1.2903225802868363, 0.3193876268414335, 0.3496414333541444, 0.3935426582629246, 0.36718256400121885, 0.34207976166535714, 0.29902669690209205, 0.2499525244738203, 0.20131428838278329, 0.15931561470686606, 0.1486334409288044, 0.17684441466937775, 0.18483223071513916, 0.1988279528739087, 0.2006921885048164, 0.1886856961252853, 0.20839470468820961, 0.9465716015345034, 0.6407558156199216, 0.6947173765653392], [0.0, 0.0, 0.0, 0.0, 0.0, 0.0, 0.2999999999812902, 1.1999999999812736, 2.399999999989436, 3.899999999989413, 5.099999999989393, 5.75999999998938, 5.999999999981125, 5.699999999981131, 4.799999999981163, 3.599999999981202, 2.09999999998125, 0.7199999999894634, 0.0, 0.0, 0.0, 0.0, 0.0, 0.0], [0.0, 0.0, 0.0, 0.0, 0.0, 0.0, 0.14999999998147445, 0.5999999999814772, 1.199999999989523, 1.9499999999895168, 2.5499999999895104, 2.8799999999895043, 2.99999999998143, 2.84999999998143, 2.3999999999814445, 1.7999999999814604, 1.0499999999814802, 0.3599999999895361, 0.0, 0.0, 0.0, 0.0, 0.0, 0.0], [0.0, 0.0, 0.0, 0.0, 0.0, 0.0, 0.149999999981742, 0.5999999999817551, 1.199999999989642, 1.9499999999896365, 2.5499999999896303, 2.879999999989621, 2.999999999981704, 2.849999999981701, 2.3999999999817194, 1.7999999999817426, 1.0499999999817704, 0.3599999999896606, 0.0, 0.0, 0.0, 0.0, 0.0, 0.0]]
P_grid = [24.87061400686375, 23.691851318267876, 21.840959684813235, 21.277417283863652, 22.094137688804032, 18.713819557770524, 22.29342913172917, 25.104854281069105, 26.001833199466066, 24.636871301336054, 23.02510268469415, 19.990497329561336, 16.966197167436118, 16.54270322162768, 19.967540091190248, 23.665372931928804, 28.088258604774847, 31.70742458215695, 31.488049139661694, 28.975176539522735, 25.664531835585638, 28.801188117826864, 24.997367353092194, 23.014833074977428]
Phi_R = [[85.93638313403875, 96.08866165731725, 98.49357156266339, 98.9903216273191, 97.3079463876533, 80.69936928131489, 78.9611602910144, 74.18831022081314, 78.0879425832873, 81.65630711001124, 84.57216555081936, 85.44420474852316, 86.13641810172952, 82.94241803432952, 79.76518757457116, 63.74620850798572, 61.227515887100154, 63.471897820802305, 68.1863252428187, 63.41139425762175, 53.08562784546745, 90.37828175794796, 81.0811730110747, 82.18437822783123], [1992.0086558721293, 1977.6951503425278, 1955.320413686232, 1979.7755137048248, 1954.911268116427, 1950.7588609328168, 1953.0712027243385, 1956.2625623496685, 1954.9750039187559, 1949.5142951192822, 1945.4263303908137, 1944.6404471181402, 1944.75729593563, 1944.2184535349209, 1943.6832640582204, 1940.9966872583645, 1940.5755107801463, 1941.9879387891817, 1942.104345842654, 1941.1273234243292, 1987.9747713242205, 1954.6216492148158, 1963.0987873637125, 1963.115500638057], [447.34743362580167, 456.7560746164079, 457.58875369607006, 459.2104198123961, 456.21172252944706, 445.085510032209, 442.75095247532624, 438.10904511254, 441.4359023879803, 448.77111278910843, 455.4849235462251, 459.2018184114068, 460.52942865976695, 459.06536999078617, 457.6187258467911, 452.41262676593703, 451.53945751016323, 449.82920638469193, 453.81173859514814, 417.50577329470843, 387.0580745002514, 443.89533320368474, 435.0031917031013, 435.5026894353406], [980.7865330384126, 969.7097712211013, 969.3366740012762, 970.8787048705078, 968.687982749979, 960.5241688730936, 958.7658327429548, 955.5254254212911, 957.9095160972211, 964.1731980022182, 970.1436455764442, 974.1405122639919, 975.4473588389429, 974.6420625002613, 973.847313804348, 970.9949866639653, 972.4169558415209, 968.1697413590723, 971.0182755008808, 937.2417375782032, 910.2325992888915, 955.5200263488726, 951.1394966260609, 951.7411357800008], [1645.4185472370366, 1595.5824789432245, 1594.0202558238627, 1593.0743057729476, 1594.9000110515603, 1592.0604207347687, 1592.4069994178915, 1593.5550704095492, 1593.6720082066256, 1591.6844045825987, 1590.1117237580588, 1589.7344101465317, 1590.8213228632828, 1590.396404078195, 1589.9773205473457, 1589.6777332206236, 1591.6262777018167, 1588.0093859365854, 1588.4018170588088, 1533.5280988286236, 1606.4609561791046, 1597.0684445537613, 1600.2232215376255, 1598.373840972995], [2324.200944363046, 2308.94107750474, 2309.4430936716776, 2307.4977460209184, 2311.0001143352815, 2314.686629557205, 2317.1453518082158, 2320.5498111225893, 2318.3784157545915, 2309.966136984831, 2302.1483007404813, 2297.5901589227014, 2295.864985124529, 2295.738912772037, 2295.614594576988, 2295.525825817139, 2296.836493745961, 2298.411632102741, 2296.8531371792837, 2350.292034218842, 2384.9530499061325, 2321.550042409127, 2331.77389310695, 2331.250499008085], [267.96245389564064, 277.92002204770165, 280.8378534061834, 280.9930838888042, 276.9490792800626, 237.96809298648247, 234.729194309136, 222.9597085644691, 233.4786885284791, 237.903691202191, 240.71620535609944, 240.60932290120726, 242.1294167910085, 236.96171976243704, 231.46018483525674, 194.8329984367122, 193.05359493515675, 195.79646694694256, 196.64521544031194, 192.5334816466079, 200.66323521528577, 261.35462334773223, 245.4700451235291, 246.9650853196707], [613.9693981382795, 629.2250184112942, 629.8673094983463, 626.9188404949182, 623.1953988257188, 596.0568582175467, 591.7563756337123, 583.3786925252143, 591.5284051192687, 600.3951837701561, 608.2357478375227, 612.4959129158723, 616.0108196743201, 613.312989768294, 610.4222839863029, 595.571392635551, 594.6948048359153, 592.9910916239263, 562.7732038791521, 502.39573515090103, 517.770282993891, 605.0781852905191, 586.6157208512246, 589.3738562170594], [904.2565435657714, 898.2430695785963, 897.2496778902589, 894.1018091209794, 891.9298360993421, 869.9268834568302, 866.040418200771, 859.957487112099, 866.7270105154506, 874.4312496280135, 881.437582000034, 885.7359376718056, 889.7907663790778, 887.8484073594389, 885.7424005422353, 883.5820092065675, 885.543240331628, 871.7312087088638, 830.0231565517287, 760.1163892279061, 798.306165208765, 876.253458655594, 862.927010928919, 863.48088634761], [463.2279494808124, 468.88916475259055, 467.82899129145414, 467.7139361478816, 460.5698397712968, 414.03620291072104, 409.4624123611504, 389.92517865911356, 408.100128693635, 411.9179860806831, 412.84144302284074, 410.96592088493503, 413.489688776245, 415.8886398504729, 411.38119292960215, 353.6135687492376, 354.91208258168166, 363.4992926343743, 341.07048270579605, 337.18219750578527, 374.13000777354694, 440.08451819289263, 419.3098031364652, 422.2077417073562], [624.5826866706936, 628.3395547067562, 619.0819216808496, 618.5940632788997, 609.2846841086447, 577.1209300197135, 571.7347088960241, 546.4799739422267, 570.4653666536386, 572.9054571020774, 571.3301408306248, 567.4889356148341, 570.7795256191984, 585.8719575073094, 579.475106778677, 507.119168422965, 511.8039654513242, 525.2134199092017, 481.16626262019474, 476.50095483051086, 540.3802791472841, 586.4827857984465, 572.9209227448579, 574.8889641699477], [768.5904145495471, 769.4186465782526, 754.0777906917749, 753.289560612339, 742.0343934264575, 739.3772004298979, 733.2764098198992, 702.9265470224551, 732.0245374271636, 733.1469049054577, 729.1549713189652, 723.2553836512967, 727.2013394737764, 752.7468916262936, 745.5167006786284, 661.5818618671493, 669.291260078599, 686.7026939189461, 626.1208673145716, 620.0112983596267, 705.8754648504205, 715.6213358779551, 719.3062311287066, 718.3770235211285], [900.6006933279303, 897.7127570242154, 879.7847295588205, 878.8392066100454, 865.6171395588773, 907.191574384859, 900.2783061333048, 864.8811473459573, 898.8435018393285, 899.1917138750805, 893.3371067131442, 885.4565901650137, 889.9890637833242, 921.3403128831669, 914.168981446079, 820.3410762406083, 830.2157780204834, 850.7975471552835, 782.2634614345327, 774.0314914623325, 873.6979340764736, 832.404257420007, 861.7525855992034, 857.947474542597], [2179.3272860624124, 2117.0425311365175, 2114.1908710424764, 2113.088900237492, 2112.455137761408, 2125.364851145058, 2125.781468252739, 2119.895890879377, 2126.4541421975, 2120.0096706077784, 2112.4192543651498, 2106.903316197511, 2107.6301186157825, 2115.141156216045, 2127.6126610003453, 2144.4126814703745, 2159.2647676691863, 2166.2661103643663, 2148.7499414509216, 2146.6691375816786, 2172.2679130903675, 2094.0677177839175, 2127.593205046314, 2126.479068475012], [1026.6999745079804, 1024.3337245797686, 1008.6868915329003, 1007.8617235353908, 991.6506691084217, 1110.4067985606569, 1101.5929470462818, 1059.1874248645602, 1099.326738556485, 1101.9720060606612, 1097.369959724381, 1089.0510466882436, 1094.3586580792726, 1123.2969711897035, 1112.4263125033988, 999.0048845569585, 1007.4407444725393, 1030.259008890518, 963.7824518249176, 956.1601282871823, 1057.224298218079, 955.4493866572448, 1013.7840787154968, 1006.6821249537458], [1301.315245311848, 1299.7060377304958, 1292.5392945633985, 1291.9348497543504, 1264.4954386967947, 1376.30653088677, 1359.818558881126, 1299.0997225017916, 1361.890928485316, 1367.3064151607728, 1365.5929676279616, 1358.9228029345825, 1365.178769862112, 1389.5039240426759, 1366.4117815010125, 1202.8211336216639, 1208.556186092473, 1231.7290277943368, 1172.9833948363196, 1167.4875066946745, 1308.490199016962, 1212.20796847324, 1265.2522613530268, 1260.4288962972944], [1262.3068077409862, 1260.8724618831152, 1245.6285246802395, 1244.9814181292531, 1226.871227930579, 1339.4008014707572, 1329.994408650886, 1277.2951090214924, 1322.3679945423628, 1329.9513847279936, 1328.044965664275, 1320.203931875028, 1326.5782260767312, 1351.2857260115445, 1335.1555295942153, 1191.9161292815093, 1197.3474609291736, 1227.8727920143715, 1161.26640425096, 1153.9588935035663, 1245.2597633940359, 1182.0778347383668, 1232.8937210673841, 1229.3434084619503], [1484.4971645456344, 1483.743046958529, 1467.441444813423, 1466.9461215977271, 1467.7889108697882, 1565.2531602440688, 1556.4978477108932, 1509.3698068051137, 1540.369693807557, 1553.9076545380951, 1553.5912664409354, 1544.2113449842684, 1552.1282597013892, 1573.4195168907975, 1553.529921604643, 1410.2388714549036, 1412.800301384104, 1440.829492051988, 1383.3927376514594, 1376.5502482433203, 1464.3443676539164, 1415.8087756816544, 1456.437437221744, 1454.2661206509688], [1702.0761204367911, 1694.5494733952075, 1681.6117649903924, 1681.217640254656, 1699.668244910505, 1788.550545336072, 1781.9342385805458, 1755.6777640214466, 1753.1497264644947, 1774.2001964769493, 1774.4411613307611, 1761.4060339497682, 1771.4567560232445, 1789.84803789232, 1776.4367405990827, 1669.6172353168265, 1677.2060661126768, 1698.0953192571096, 1653.646596694529, 1648.1672916917014, 1718.5211002242304, 1672.7115041245993, 1693.4056509220534, 1688.6151077240766], [2329.3186146627295, 2327.0290393515656, 2323.102088178694, 2322.982623265998, 2331.0850629394145, 2368.766414880794, 2376.958305477551, 2374.104399903754, 2368.68227756266, 2368.2102398689826, 2361.2054580102376, 2352.7026018969423, 2351.7851099752543, 2356.2835126884465, 2362.0227685778927, 2381.5057597713294, 2407.375744013579, 2397.385198167096, 2399.880086116272, 2398.1410477016293, 2420.5845065005315, 2321.246336411155, 2361.7083728325447, 2359.016566296817], [2024.0877577774495, 2019.3017632745114, 2011.2356923991474, 2010.9879624851046, 2023.5103941605473, 2095.431671024031, 2086.203517145234, 2110.3825775614723, 2068.20012647002, 2078.220334152155, 2074.6415866567536, 2063.9304829423445, 2074.2518470010564, 2090.5590002990775, 2090.9757878562773, 2041.3514981476355, 2046.1551656044178, 2061.8059181230687, 2031.2514098037952, 2027.7861660608655, 2072.292897104709, 2053.912346701133, 2038.5775829538688, 2032.8199510800337], [2430.545028858221, 2429.245443918914, 2426.236400578458, 2426.1567499118332, 2433.3571609161418, 2466.501094437867, 2474.834328338358, 2489.1293022447585, 2470.3229464332676, 2466.4114055977175, 2458.1677690333313, 2450.1625258230415, 2449.131131289494, 2451.8676797102003, 2471.217504943036, 2526.0275019129085, 2527.623806991454, 2526.056354548361, 2522.6881868055243, 2521.541670211244, 2536.28912920751, 2456.8174486522826, 2471.09014812827, 2468.901601308619], [2324.201260103681, 2308.9410540218078, 2309.4431172362433, 2307.497822804694, 2311.000090204367, 2314.6866090792787, 2317.145334412322, 2320.5497929809135, 2318.3784471986423, 2309.9661549917705, 2302.148295790306, 2297.5901614402364, 2295.86497283452, 2295.738842439783, 2295.6144843651423, 2295.5256364531488, 2296.8361426441165, 2298.4116630340304, 2296.8531720123856, 2350.292036259124, 2384.9530499063435, 2321.5488799920786, 2331.7739622512245, 2331.250499008073], [1277.2222167414354, 1244.2822258584254, 1242.401619985643, 1243.1578053748528, 1242.2616388030913, 1235.048597370642, 1233.6314784396861, 1232.0890366861668, 1234.0055146492637, 1238.1643315003023, 1242.3779972420125, 1245.6185289916496, 1247.7580068544978, 1247.157930894838, 1246.565981601918, 1246.142638467275, 1248.7401688598404, 1241.7313904196205, 1243.701719228376, 1164.8939777215387, 1198.644848946665, 1236.830975209845, 1230.7737547263898, 1230.0630870334728], [891.4825627212051, 883.8918095517449, 882.8594528551508, 884.6685550854327, 881.8586052323787, 871.9978403350729, 869.5567843024237, 865.8227060740658, 868.8760445728908, 876.834772669059, 884.4594728292702, 889.4399066508195, 891.6437521117385, 890.7853290732197, 889.9381985210443, 889.3320246770663, 893.3708183788021, 883.2373628275955, 886.5045773605067, 814.741429119402, 806.0280802731972, 870.2552327850544, 859.5944236008947, 860.0799224678208], [1439.111027184852, 1406.1194696669224, 1404.7705827198881, 1404.5450447434212, 1405.4395048413776, 1401.0385756844637, 1400.9841641231278, 1401.094391874269, 1401.6875533937427, 1401.6859556106308, 1402.0149303797018, 1403.0002985357328, 1403.8313167309705, 1403.2981646497246, 1402.7721668360978, 1400.8855820617478, 1401.8415727176075, 1400.1436855601205, 1401.008516353395, 1377.9325120496292, 1399.875304619075, 1414.236810782146, 1405.2198470100875, 1403.622779555923], [2268.1709317058926, 2254.5470855459594, 2253.678859816215, 2251.654435337847, 2255.293245325633, 2257.392560957843, 2259.5080598619843, 2263.3047383491667, 2261.4791575975846, 2253.4729769331066, 2246.2870242840268, 2242.3557376401377, 2241.660509901417, 2241.5098661502116, 2241.361260526944, 2240.82845652838, 2241.502913783433, 2243.527996856417, 2242.0620748703705, 2256.6251380684675, 2321.0954354946507, 2264.5069370731126, 2273.7516854660125, 2273.179220958796], [2268.1706162284236, 2254.547097903634, 2253.6788549011653, 2251.654411925182, 2255.2932526009367, 2257.3925683076254, 2259.508066617424, 2263.30474881493, 2261.479143576581, 2253.472972530596, 2246.2870260112804, 2242.3557368840425, 2241.660514063143, 2241.509890325765, 2241.3612971388907, 2240.82853296799, 2241.5030228395317, 2243.5280317194697, 2242.0620791740585, 2256.625196831891, 2321.0954246582037, 2264.5082576594673, 2273.7515617808, 2273.1792209588098], [1176.4185098601324, 1141.9279456272566, 1140.588353656826, 1136.69086013782, 1136.553391750045, 1119.252740179377, 1116.4933604215373, 1112.632332249702, 1117.844437394765, 1122.3165403365451, 1126.337345517969, 1128.9747093806143, 1132.78106022129, 1131.2626479511985, 1129.5978294874997, 1133.298194954206, 1137.8279585020948, 1118.4095931192255, 1070.0191143883712, 1016.0824499711456, 1073.3082042850358, 1120.5655114608826, 1120.3672933743676, 1118.1291743626691], [1753.711801215659, 1692.9679677168078, 1691.9331666656801, 1688.699804590259, 1690.245032112592, 1681.3792780828405, 1680.4739354515073, 1679.499847228887, 1681.9417877137898, 1682.0082587785623, 1681.9381704475654, 1682.0545869849293, 1684.513814142971, 1683.672691346106, 1682.7511141801074, 1684.8004575609227, 1687.039068586147, 1676.7432260871637, 1642.9891523057534, 1622.9624555267906, 1674.2732574735264, 1649.6512488433386, 1689.2900062963872, 1686.336739179691], [2354.569619187653, 2337.1368288741296, 2338.869170050262, 2336.4336883685583, 2340.040233762289, 2342.2767931523053, 2344.741540857219, 2346.9782400976965, 2345.2884938777806, 2337.7505345608033, 2330.4962364379703, 2326.0084845780384, 2323.98194763407, 2323.726891289572, 2323.4474559406926, 2324.06883992725, 2325.5495830145287, 2325.11058918421, 2328.9966418829963, 2390.1602007852994, 2406.4412349273084, 2371.799419903228, 2358.6473083548976, 2358.309418530701], [1584.1537606960612, 1518.509117426178, 1516.8132806897445, 1511.825632768082, 1513.8498106733296, 1501.6853793884961, 1499.7628581852268, 1497.8594291399743, 1501.6380048994463, 1503.876420768139, 1505.7793444305826, 1507.1488663163937, 1510.9440402688801, 1509.9666026941707, 1508.843104278068, 1511.3408297919593, 1513.8070368065064, 1500.6014503974673, 1431.7654515172578, 1420.3728713235987, 1472.7394616297256, 1497.6239149325222, 1505.6841433377413, 1503.5845584193771], [1999.9858907659604, 1914.7640485765858, 1914.5793365126242, 1909.4450802207673, 1913.2607744565335, 1907.8737937625751, 1907.9018039235896, 1907.9914356404925, 1909.3753817445365, 1907.2942962958955, 1905.0504396748718, 1903.7421413659956, 1905.4218938984463, 1904.8482623729988, 1904.1625293207846, 1905.6870017241813, 1907.0304040003052, 1900.1431550034563, 1831.6555530153817, 1884.605620609478, 1917.296048069701, 1903.1012283965304, 1920.3400368859322, 1916.4944614450214], [2427.273496270271, 2405.5162698608588, 2408.425395919693, 2408.888951562469, 2410.274436390726, 2414.5095656187923, 2417.706161098499, 2419.7722029860615, 2417.273959956686, 2409.0725554587284, 2401.1697037978975, 2396.126569315092, 2392.590038664737, 2392.3021570568476, 2392.0850763161516, 2392.5672716062622, 2394.3787759307966, 2395.0016053502004, 2435.612631977215, 2474.410059392543, 2485.121225910824, 2408.0150196834484, 2432.292833202793, 2431.160781394752], [1561.3651182933938, 1565.4711378107274, 1560.0651477906931, 1559.6300740113306, 1546.2544835919539, 1640.6008914813353, 1613.9728628572523, 1559.5318170841035, 1625.8197223968853, 1632.1161772180558, 1635.0891385072907, 1633.9569229033561, 1640.3922257354125, 1660.3181885350361, 1621.8220069102156, 1442.6602082667828, 1442.903041406949, 1460.241320405109, 1413.3205387317635, 1411.9949617555808, 1586.4250777938714, 1485.5034286221287, 1521.0087318282594, 1518.204022647522], [1817.3339228155028, 1817.4477212112486, 1813.6275376423341, 1813.3448642128621, 1817.4180685478825, 1904.3702995093986, 1863.5030777522102, 1856.272943673757, 1893.1145789221794, 1897.8633246045179, 1908.4279630120666, 1918.884276311576, 1924.3861109251343, 1939.5847997561127, 1892.8095917516198, 1741.0940436543233, 1741.274209831288, 1748.1416059925682, 1719.488791146315, 1718.5131732890795, 1883.9129773820428, 1779.5811096768964, 1793.8700104700908, 1791.5320111412473], [2097.3103778461236, 2097.3196577697745, 2094.9503831377806, 2094.787169091107, 2098.451237316812, 2160.342184291993, 2139.072943068941, 2175.2791236090757, 2158.3187423036234, 2157.8372021257487, 2181.2494376253885, 2214.8380594417577, 2217.3391508372647, 2226.7101552323365, 2192.750326088201, 2086.565306929411, 2086.681009230475, 2093.8731182579536, 2072.9049095053183, 2072.2878352044886, 2190.913734113239, 2099.683758176943, 2100.5320892227287, 2098.599857399292], [2454.3030023252304, 2454.697586767969, 2453.4630446784795, 2453.299202105321, 2457.836703594325, 2487.914135212916, 2492.5420945753513, 2510.780777370206, 2500.1289712651283, 2492.5803679278624, 2492.8197560977337, 2498.7596398363376, 2495.0834756256363, 2496.395158834351, 2504.2215099438404, 2541.02223412391, 2541.064055678649, 2535.7800354461524, 2536.49204864152, 2536.2873604579186, 2486.0747089765327, 2487.538851862968, 2491.108000065315, 2490.4534353828367]]
Phi_S = [[5113.325525043891, 5103.173227023609, 5100.768298767257, 5100.271545128691, 5101.95391700062, 5118.562495276412, 5120.300695912189, 5125.073170708701, 5121.174023410353, 5117.605537561983, 5114.689704139403, 5113.817660612888, 5113.125449659197, 5116.319463114373, 5119.496657338689, 5135.515025143745, 5138.034346330304, 5135.789862488441, 5131.07550946504, 5135.850462766863, 5146.17623463225, 5108.883475503673, 5118.180684371393, 5117.077486750861], [3207.253052747181, 3221.566597161552, 3243.9414111236147, 3219.4862942860477, 3244.3505969266484, 3248.503004366025, 3246.1906616766883, 3242.999264945841, 3244.286869348153, 3249.747568086431, 3253.8355350301317, 3254.6214184800033, 3254.5045695904255, 3255.0434141776054, 3255.578602245057, 3258.2651376327417, 3258.6863573708556, 3257.2739340973344, 3257.157515394373, 3258.1345414667444, 3211.287092942922, 3244.64020623214, 3236.163076993578, 3236.146364340628], [4751.914515945578, 4742.505812154497, 4741.673135221245, 4740.051479912865, 4743.050136903967, 4754.176348449801, 4756.510897995133, 4761.152647528571, 4757.825999901741, 4750.490742045895, 4743.776935741722, 4740.060047770524, 4738.732437124458, 4740.196492768804, 4741.6431485667135, 4746.849096610408, 4747.722386435163, 4749.432887728838, 4745.450124221787, 4781.756138311844, 4812.203790963243, 4755.365048643232, 4764.258549551513, 4763.7591755433305], [4218.475497781763, 4229.552119723738, 4229.9252381214355, 4228.383230820172, 4230.573872532503, 4238.737682691371, 4240.4960089932265, 4243.736400045186, 4241.35234921015, 4235.088662181168, 4229.118203331086, 4225.121357538173, 4223.814501925995, 4224.619787209304, 4225.41458439343, 4228.2671212314535, 4226.845382959962, 4231.092620313988, 4228.243595617428, 4262.020115143102, 4289.029269842978, 4243.737426858556, 4248.121952443944, 4247.520729198646], [3553.843488336284, 3603.6794291716665, 3605.2416861678403, 3606.1876859772415, 3604.3618368049692, 3607.201422032612, 3606.854825687907, 3605.706843012152, 3605.5898197020333, 3607.577451658693, 3609.1501132958515, 3609.5274537868463, 3608.4405435873773, 3608.8654372829383, 3609.284624804053, 3609.5844799577653, 3607.6348880357855, 3611.253536561376, 3610.860102952773, 3665.73407030134, 3592.800913836024, 3602.1896771085035, 3599.038362904924, 3600.888024005631], [2875.0607488219525, 2890.3208457349083, 2889.8188110037486, 2891.764144717031, 2888.2617607056854, 2884.5752370274977, 2882.1164962674407, 2878.7121210062073, 2880.883383450372, 2889.2957025222695, 2897.1135476896093, 2901.6717025451057, 2903.396892886232, 2903.5230067855337, 2903.6474401278574, 2903.736486717521, 2902.4252202615107, 2900.850980963514, 2902.4087334216933, 2848.970132232708, 2814.3088202636195, 2877.70964749469, 2867.4876368223445, 2868.0113659705557], [4931.2995607196835, 4921.341931161643, 4918.42402736125, 4918.268780232927, 4922.312780733533, 4961.2937714498585, 4964.532643664577, 4976.300954681561, 4965.783503327428, 4961.358107831097, 4958.5456760280385, 4958.65254316682, 4957.132457342, 4962.300197643918, 4967.801616237185, 5004.427128568001, 5006.208263537788, 5003.465096033425, 5002.6165630613505, 5006.7283569702795, 4998.59862201419, 4937.907153368184, 4953.79181466561, 4952.296779659037], [4585.293069286814, 4570.037128203332, 4569.394639558599, 4572.343022829538, 4576.066465085712, 4603.205012734791, 4607.505486560217, 4615.88221076256, 4607.7337008743025, 4598.866644450789, 4591.026129304242, 4586.765969752225, 4583.251047402326, 4585.94890271114, 4588.83946141188, 4603.689459955122, 4604.567325246995, 4606.270585857132, 4636.488972439028, 4696.866144823957, 4681.491568914321, 4594.183573883392, 4612.6461329570875, 4609.8880087616735], [4295.006256428888, 4301.019221824463, 4302.012320084567, 4305.160053551112, 4307.332029810443, 4329.334991776042, 4333.2214561510755, 4339.303456250286, 4332.53508078046, 4324.83058907462, 4317.824294844289, 4313.5259564657645, 4309.47109744983, 4311.413477192213, 4313.519297001619, 4315.67903023389, 4313.719068948614, 4327.530492334391, 4369.2392653105435, 4439.145514622625, 4400.955682428383, 4323.008276178959, 4336.3348382608465, 4335.780978631144], [4736.034077083006, 4730.372828866438, 4731.432886011094, 4731.547925206953, 4738.692014053213, 4785.22566050366, 4789.799401242499, 4809.334544092345, 4791.1623365427195, 4787.343756468538, 4786.420452178993, 4788.295944180866, 4785.772193329843, 4783.373319635243, 4787.880565780167, 4845.6454775305865, 4844.349762118308, 4835.762079890786, 4858.191217576594, 4862.079615391238, 4825.131843484545, 4759.177255267717, 4779.952058948686, 4777.054123271369], [4574.679357111869, 4570.922467747982, 4580.179954326387, 4580.667796093849, 4589.977165059535, 4622.140932631759, 4627.527085829484, 4652.778998813384, 4628.7973137666895, 4626.356241071136, 4627.931765102309, 4631.77292869279, 4628.482362674704, 4613.390034934064, 4619.786617976534, 4692.139008680759, 4687.457868553491, 4674.04779904918, 4718.095377117569, 4722.76083834431, 4658.881567354225, 4612.778980054978, 4626.340940698439, 4624.37290080879], [4430.671646959729, 4429.843399768271, 4445.184084630799, 4445.972297064301, 4457.227451679271, 4459.884661561868, 4465.985368304801, 4496.331774922395, 4467.238330584375, 4466.114754574672, 4470.106943985435, 4476.006480046863, 4472.060554242367, 4446.51512990316, 4453.744993896811, 4537.67554657882, 4529.9705646014, 4512.558388484523, 4573.1407198393745, 4579.250477746644, 4493.386377448642, 4483.640421475816, 4479.955633412772, 4480.8848414576205], [4298.661385607961, 4301.549310058432, 4319.477145344472, 4320.422649511081, 4333.64470178225, 4292.070287001095, 4298.983456585168, 4334.376544142539, 4300.419544146185, 4300.069909156641, 4305.924817341876, 4313.805272889553, 4309.272834978723, 4277.921735730628, 4285.092684701027, 4378.915618365831, 4369.046038076792, 4348.463408757321, 4416.99807742131, 4425.230269010297, 4325.563904313233, 4366.857491203035, 4337.509279889707, 4341.314390436162], [3019.934628506751, 3082.2193688189373, 3085.070994457727, 3086.172964271065, 3086.8067228276263, 3073.8970127208904, 3073.480380951325, 3079.3649104413794, 3072.807989150511, 3079.2521442483676, 3086.8426221312275, 3092.3585472393083, 3091.631751609112, 3084.1207008154365, 3071.649167120783, 3054.8480964593455, 3039.997143655932, 3032.99859648914, 3050.5118724187414, 3052.592714243687, 3026.9939421672307, 3105.19412994743, 3071.6686603881158, 3072.782796503683], [4172.56212811744, 4174.9283667977825, 4190.5749831644935, 4191.400130748603, 4207.6111678300695, 4088.8550621507916, 4097.668798282279, 4140.069586609258, 4099.936504135672, 4097.289576538705, 4101.891974067881, 4110.21081571901, 4104.9032463271615, 4075.9651080029084, 4086.835321724225, 4200.25104933909, 4191.821062375336, 4169.001800848163, 4235.479035472272, 4243.101615499083, 4142.037535918336, 4243.812350969282, 4185.477787825315, 4192.579740025026], [3897.9468521387166, 3899.5560527542693, 3906.722577706375, 3907.3270008350073, 3934.7663593979773, 3822.955328772895, 3839.4427217131797, 3900.1553397189787, 3837.3727891933545, 3831.9550917445827, 3833.669000717851, 3840.3390714335774, 3834.0831564724, 3809.7582569397396, 3832.8501641976995, 3996.433779874104, 3990.705621411811, 3967.531259846217, 4026.2780876750726, 4031.7741876050945, 3890.77161750561, 3987.0537307502145, 3934.0096058726067, 3938.8329686814814], [3936.9553804657985, 3938.389706757954, 3953.633351738418, 3954.2804328010993, 3972.3906225375704, 3859.8610577481395, 3869.2676036735356, 3921.9611278372695, 3876.89554501812, 3869.310117701411, 3871.216972787308, 3879.057914431051, 3872.683677576337, 3847.976368635555, 3864.1056838282193, 4007.3379242694973, 4001.914312499286, 3971.3879225245482, 4037.994906272672, 4045.302833374022, 3954.0020660031473, 4017.183894284861, 3966.368148540178, 3969.918456516858], [3714.765121252323, 3715.5192049365787, 3731.8204336814297, 3732.315725907578, 3731.4729529563488, 3634.0086975064555, 3642.7644203644363, 3689.885712846909, 3658.894140293195, 3645.3537679553897, 3645.670676880499, 3655.050485916068, 3647.1336436569104, 3625.842595210894, 3645.7308825368823, 3789.0134411742497, 3786.4614413040654, 3758.431132156698, 3815.8684096352326, 3822.711462700053, 3734.9174573119494, 3783.4529427777393, 3742.8244353302384, 3744.995744327875], [3497.1863045333416, 3504.7128943701114, 3517.650116160453, 3518.044203531432, 3499.5936354277273, 3410.71131096381, 3417.3282787290186, 3443.5770370216187, 3446.1144290003485, 3425.0611388701504, 3424.820787183797, 3437.8557810655066, 3427.8051473954456, 3409.414093523417, 3422.823658711711, 3529.6334974813262, 3522.0556488459692, 3501.1652222476246, 3545.614401886475, 3551.094404538207, 3480.7407207025544, 3526.5502028132537, 3505.856224197003, 3510.6467572548], [2869.9438744754675, 2872.2334081149875, 2876.1597847624616, 2876.2792030946825, 2868.176835977204, 2830.4954417502017, 2822.3042249118853, 2825.1502502514445, 2830.581851992673, 2831.0511008125804, 2838.056486106411, 2846.559213720632, 2847.476790837803, 2842.978602822769, 2837.2376453512443, 2817.7445656558493, 2791.8859588229257, 2801.8753393062257, 2799.3808647973124, 2801.1206467811835, 2778.677312169605, 2878.015388125886, 2837.553501803773, 2840.245298682049], [3175.1750650098634, 3179.9608935596316, 3188.02619837359, 3188.2738764504143, 3175.751531612181, 3103.830182356576, 3113.0594778201294, 3088.8710200007563, 3131.0646710406586, 3121.0408234270826, 3124.6203735927033, 3135.3312992256997, 3125.0100574876556, 3108.70317703513, 3108.283844026719, 3157.897059033417, 3153.106509600441, 3137.4545028628168, 3168.009369915803, 3171.4755079979955, 3126.9689181636168, 3145.3493353524523, 3160.6842968456913, 3166.4419138989065], [2768.717879798349, 2770.017270153386, 2773.025491965065, 2773.10508846048, 2765.904775886458, 2732.7607580025406, 2724.4288447759836, 2710.123768425848, 2728.9420666925344, 2732.849693756125, 2741.094193932001, 2749.099247328312, 2750.13077292284, 2747.394508037317, 2728.041852456352, 2673.219834612524, 2671.637845626232, 2673.203998446594, 2676.5724725023624, 2677.719991804457, 2662.972682697661, 2742.444227741125, 2728.1717331887517, 2730.3602636703413], [2875.061053128403, 2890.3208183436345, 2889.8188274355375, 2891.7642101455367, 2888.2617381821997, 2884.5752185811716, 2882.1164823171744, 2878.712098392426, 2880.8834182300657, 2889.2957213750046, 2897.1135450033494, 2901.671705164388, 2903.396880524444, 2903.522938007609, 2903.6473240124087, 2903.736271760147, 2902.4249194135964, 2900.8509327366064, 2902.408764200059, 2848.970134019519, 2814.3088202638387, 2877.7087772145633, 2867.4877211409307, 2868.0113659705466], [3922.0398240551294, 3954.97968004358, 3956.8603140348187, 3956.104171270406, 3957.000209924936, 3964.213247565915, 3965.6303509301742, 3967.172842246399, 3965.2563280415093, 3961.0975269000346, 3956.883843634038, 3953.6433362679504, 3951.50386115425, 3952.103906563062, 3952.695944595712, 3953.119484695512, 3950.521047450631, 3957.5314184455337, 3955.5601916266514, 4034.368140586975, 4000.617020251269, 3962.427756250943, 3968.487891934533, 3969.1987779451624], [4307.779439998275, 4315.3700872860945, 4316.402461356612, 4314.59338786473, 4317.403248037154, 4327.26401044242, 4329.705054521169, 4333.439101353186, 4330.385821251309, 4322.427085105845, 4314.802375990307, 4309.821959045413, 4307.618115179937, 4308.476517874964, 4309.323704493157, 4309.929939581769, 4305.890650002084, 4316.025139922331, 4312.757313752054, 4384.520602640671, 4393.233787408506, 4329.004293740283, 4339.667274570291, 4339.18194251083], [3760.1510617829554, 3793.1424261474117, 3794.4913464152787, 3794.7169172003796, 3793.8223473054377, 3798.2232709084205, 3798.2776708123897, 3798.167513534113, 3797.5742906216256, 3797.5759072348515, 3797.246911273209, 3796.2615737575834, 3795.4305408378464, 3795.9636763745543, 3796.489747839961, 3798.376763840918, 3797.42108595855, 3799.1188718852673, 3798.2533600513184, 3821.329307944155, 3799.3865668194762, 3785.0186420465875, 3794.0414056822087, 3795.6390854227093], [2931.0913666455353, 2944.714781304574, 2945.583040055442, 2947.6074976457835, 2943.9686063196127, 2941.86928780705, 2939.753783723697, 2935.957142252122, 2937.7827097636286, 2945.7888916853785, 2952.974828631033, 2956.906131253176, 2957.6013476961402, 2957.7519643507235, 2957.900589089271, 2958.433541306381, 2957.7591852812334, 2955.7341328056154, 2957.199790788919, 2942.636645185234, 2878.1664457847887, 2934.750320891536, 2925.5099642393925, 2926.0826440198507], [2931.0910610080487, 2944.7147947091944, 2945.5830373126737, 2947.6074774055032, 2943.9686131492904, 2941.8692944913446, 2939.753789358025, 2935.957154816613, 2937.7826948277952, 2945.788887228296, 2952.974829659375, 2956.9061307020834, 2957.601351649613, 2957.751987861306, 2957.900627069596, 2958.4336311824904, 2957.7593164771065, 2955.7341873112987, 2957.1997954175554, 2942.6367022299974, 2878.16643548296, 2934.7513783244813, 2925.509810786053, 2926.082644019861], [4022.844594125488, 4057.334482516544, 4058.6736896869447, 4062.5710019424396, 4062.708475742513, 4080.0091388408537, 4082.768523603394, 4086.6286164614335, 4081.4176520678184, 4076.9453047966044, 4072.9245315808553, 4070.287195197462, 4066.4808010712077, 4067.9992318567647, 4069.663821879121, 4065.96293844667, 4061.434512320271, 4080.8521158368426, 4129.243521661902, 4183.179473604276, 4125.953639505811, 4078.696196190747, 4078.894550768415, 4081.132690616102], [3445.550753676847, 3506.294560956197, 3507.32889003737, 3510.5620495645007, 3509.01683792967, 3517.882601917352, 3518.7879573025407, 3519.7612166949834, 3517.320265818961, 3517.2535929918636, 3517.32370732412, 3517.2073021387646, 3514.748048586537, 3515.589181915473, 3516.510554554232, 3514.460995751469, 3512.2234717926826, 3522.5183056533447, 3556.273374522333, 3576.2994892546762, 3524.9885720579045, 3549.6105242842114, 3509.9718424876087, 3512.92512579912], [2844.6932177607346, 2862.1255921493794, 2860.392864758039, 2862.8281696420854, 2859.2216341221038, 2856.985078676412, 2854.520344874255, 2852.2829405608386, 2853.973533413791, 2861.5113231765117, 2868.765637118929, 2873.253398053945, 2875.279913496391, 2875.5349638181838, 2875.8142390910807, 2875.192720125283, 2873.7127823434616, 2874.1510061542663, 2870.2656015601874, 2809.1017436725742, 2792.8205935150772, 2827.4623635863136, 2840.6145423711, 2840.9524464480874], [3615.1103630791204, 3680.7536393294913, 3682.448879540054, 3687.4362313684596, 3685.4120596106136, 3697.576509083685, 3699.4990460725667, 3701.401445697575, 3697.6241098636833, 3695.3854357811742, 3693.482533926069, 3692.1130743118074, 3688.317813771995, 3689.2952696661823, 3690.4184073940223, 3687.9203200563493, 3685.4558446758897, 3698.6603499238977, 3767.4977272547185, 3778.889088973277, 3726.5223780441133, 3701.637666916125, 3693.5776854230885, 3695.6773065594243], [3199.279202214579, 3284.4990340414897, 3284.682938099196, 3289.8167857555786, 3286.0010984762644, 3291.3881037834194, 3291.360119254017, 3291.2693488110467, 3289.8867631082703, 3291.9675702677155, 3294.2114403789674, 3295.519834910557, 3293.8399531019713, 3294.4136035515926, 3295.098840704025, 3293.574131839014, 3292.232891014763, 3299.1187255303344, 3367.608116550597, 3314.6563699082835, 3281.9657881619637, 3296.1602324052465, 3278.9217779412047, 3282.767403533809], [2771.9917544167747, 2793.7468338001254, 2790.836887686074, 2790.3729147313147, 2788.9874368109186, 2784.7523328016496, 2781.555764354533, 2779.4885908843817, 2781.9881834325297, 2790.1893129489395, 2798.0921760420115, 2803.135408945806, 2806.6718078590866, 2806.9597077679664, 2807.1762894700746, 2806.6938873177724, 2804.884535052096, 2804.260288080145, 2763.6511115069306, 2724.8519401524773, 2714.140609193944, 2791.2464308331328, 2766.9689794002197, 2768.1010835840816], [3637.896981715507, 3633.790900497585, 3639.196724331346, 3639.631773657908, 3653.0072792955066, 3558.6609672086533, 3585.287964891393, 3639.7212096821595, 3573.444470001292, 3567.1452537313917, 3564.1728639689327, 3565.3049628585327, 3558.8697222296983, 3538.944093382948, 3577.4402362026076, 3756.593759566, 3756.358766623926, 3739.0184835665773, 3785.940938172133, 3787.2666871701394, 3612.836720985287, 3713.7582301174216, 3678.2531363281923, 3681.0578423312604], [3381.9281918856623, 3381.8140688135177, 3385.634340126018, 3385.9169828802846, 3381.8436655600726, 3294.8915584080037, 3335.757296853302, 3342.977344209467, 3306.1501678794803, 3301.3980143323274, 3290.834076421967, 3280.377619292063, 3274.875858922443, 3259.6775831800446, 3306.452936605636, 3458.1590760383383, 3457.987598580898, 3451.1177632196145, 3479.772680333357, 3480.74843513332, 3315.3488023012014, 3419.6805045148108, 3405.3918586166105, 3407.729853837543], [3101.9518113323347, 3101.9416665322533, 3104.311507201316, 3104.474679437989, 3100.810482360515, 3038.919673046812, 3060.187020130575, 3023.9679576010953, 3040.9466034131055, 3041.4240339385447, 3018.0126398663115, 2984.423843604726, 2981.92283922421, 2972.552319890318, 3006.5124509445955, 3112.68712222601, 3112.58079944649, 3105.3858972245425, 3126.3565577094832, 3126.9737404550146, 3008.3480273625933, 3099.5778142755744, 3098.7297806683964, 3100.6620075795045], [2744.9592107915923, 2744.5635753338784, 2745.7988498438726, 2745.9626472422506, 2741.4250139058245, 2711.347721922907, 2706.717680443222, 2688.464146478999, 2699.1367111328123, 2706.680813942348, 2706.4423408635266, 2700.5022664024877, 2704.178524834911, 2702.8673640703914, 2695.0413998738027, 2658.2297851953886, 2658.197753156977, 2663.478770759203, 2662.7694163156607, 2662.9741960207734, 2713.1870442492655, 2711.7227038072547, 2708.153870162828, 2708.808429595962]]
Q_branch = [[0.1444809002189395, 0.1374448268265148, 0.13275669289380995, 0.1304133992755147, 0.13510050194979814, 0.15152162983557751, 0.17501221058520405, 0.20088311717351998, 0.21970810461362894, 0.22909181575420715, 0.23376896909192468, 0.22429679727606497, 0.21013479367645727, 0.2030739240827448, 0.21017403467209514, 0.21965697712423116, 0.22917260557028696, 0.23397183167939167, 0.22455101638393618, 0.21037685851312876, 0.19150755407358303, 0.17502449098999126, 0.16326655469185147, 0.15152162983557751], [0.10366588464646577, 0.0986378349874256, 0.0952890116947218, 0.0936162779609725, 0.09696678538682034, 0.10904537864874422, 0.1257595385232942, 0.1441461724245528, 0.157523521472889, 0.16422569255447966, 0.16760362028802173, 0.16093600709669975, 0.15091468165849883, 0.1458529138836405, 0.15078876989389525, 0.15749815214126736, 0.16423125096769045, 0.16762596411542255, 0.1609499094498105, 0.15088869647284392, 0.13748551742706874, 0.12546036681006853, 0.11709192482229741, 0.10871391732360045], [0.028862351279844836, 0.027458344047750924, 0.0265227661154365, 0.026055105008522882, 0.02699051243882434, 0.030267128577316883, 0.03495529905128849, 0.04012225706074287, 0.043886643920720225, 0.045770904829959186, 0.04671354317717292, 0.0448285088524216, 0.042003624031847035, 0.040592376470787006, 0.04200366051683264, 0.043886603927807286, 0.0457709702061064, 0.04671370905191738, 0.044828709361389434, 0.04200380685755771, 0.03824217015294238, 0.03495530535352868, 0.032610140440103866, 0.030267128577316883], [0.023068794430663987, 0.021947589615382908, 0.02120040530875422, 0.02082689867771499, 0.021573968938134673, 0.02419051446653135, 0.02793331543769467, 0.03205707260515222, 0.03506058999319139, 0.03656373448884371, 0.037315647275291235, 0.03581198434694912, 0.03355827758563417, 0.03243222497949622, 0.03355830199406765, 0.035060563233697224, 0.036563778239352945, 0.03731575828950289, 0.03581211851933115, 0.03355839989601706, 0.0305567253836122, 0.027933319651401962, 0.026061196460211742, 0.02419051446653135], [0.01728574295482433, 0.016446345354887922, 0.01588691888684801, 0.015607257136776968, 0.016166614948942257, 0.018125450799782155, 0.020926726234140013, 0.02401215246063841, 0.02625876474563884, 0.027382906898038715, 0.027945183474398005, 0.02682072855362112, 0.025135124716774062, 0.024292805809864475, 0.025135139413227165, 0.026258748631018864, 0.02738293324888904, 0.027945250343400403, 0.0268208093589451, 0.0251351983605894, 0.022889697511640533, 0.020926728769731683, 0.019525655664800693, 0.018125450799782155], [0.011513234664627427, 0.010954643814992775, 0.010582336177739272, 0.01039620818684048, 0.010768481381462889, 0.012071981196368799, 0.013935598692538492, 0.015987598420370477, 0.01748130147080132, 0.018228573285493366, 0.018602312536909055, 0.017854883475871067, 0.016734282166365067, 0.016174224301793366, 0.016734289540453282, 0.017481293383831552, 0.01822858651154365, 0.018602346102580943, 0.01785492403051733, 0.016734319117893495, 0.015241174664821368, 0.013935599964037627, 0.013003572634030524, 0.012071981196368799], [0.00575130759393578, 0.0054725177257580965, 0.005286686667210609, 0.005193779775919052, 0.005379599315150277, 0.006030149543777077, 0.0069600005432752686, 0.007983513110547175, 0.008728334656353441, 0.009100886294030145, 0.009287196760744689, 0.008914592417608096, 0.00835586767603059, 0.008076586667162983, 0.008355870142736133, 0.008728331950743575, 0.009100890719707428, 0.009287207993339893, 0.00891460598683414, 0.008355880036692305, 0.007611245657877123, 0.006960000968349351, 0.006495002309974932, 0.006030149543777077], [0.040422059322359524, 0.03845503120740911, 0.0371443178357456, 0.03648915242807359, 0.03779961072520868, 0.042390239781795784, 0.048951707158663975, 0.05616693215815235, 0.06140706224957843, 0.06400767409835419, 0.06530015987491548, 0.06265329711699745, 0.05870248496562964, 0.05673491447549082, 0.05872152786591034, 0.06137850530987772, 0.06405302140833755, 0.06541466078416934, 0.06279631589813058, 0.05883696517848806, 0.053565175544534195, 0.048959202706741284, 0.04567310952777129, 0.042390239781795784], [0.034626945386678584, 0.032942869444281625, 0.03182064517822464, 0.0312596806842078, 0.03238170806833323, 0.03631191094559141, 0.04193123624304924, 0.04811556156677252, 0.05261257843522823, 0.05485271945667375, 0.05596943757807692, 0.05370700681101178, 0.05032369611097787, 0.048636161141617985, 0.0503324593075858, 0.05259885091666025, 0.054874557126673086, 0.056024672684852485, 0.05377590866828672, 0.050388217098401196, 0.04587697164596368, 0.041934919296076525, 0.03912217044915617, 0.03631191094559141], [0.028841522365403802, 0.027439480048543616, 0.026505158114520394, 0.02603810881868983, 0.02697228183428739, 0.03024423768300467, 0.034924801762531765, 0.04008204525800564, 0.04383841023711941, 0.04571820465394836, 0.04665843919538417, 0.04477760074936931, 0.04195883574733725, 0.04055056495807784, 0.041959060488300524, 0.04383816340765791, 0.04571860819254177, 0.046659463201946125, 0.04477883844869022, 0.04195996398732197, 0.03820576336341031, 0.03492484072127871, 0.032583597328765625, 0.03024423768300467], [0.023047767092803484, 0.02192855490304456, 0.021182643540294338, 0.020809756751172883, 0.02155557624240076, 0.024167394556203307, 0.027902477258506756, 0.03201639223636952, 0.035011815679574815, 0.03651052354065036, 0.037260086034878195, 0.03576073337030321, 0.03351324459878971, 0.03239018700369089, 0.0335133832645316, 0.035011663366300044, 0.03651077258576311, 0.037260718041896096, 0.035761497174588625, 0.03351394072851765, 0.030519854509536506, 0.027902501285594933, 0.026034366533840874, 0.024167394556203307], [0.005751286011228699, 0.005472499162328518, 0.005286669949573908, 0.005193763932874649, 0.005379581690919514, 0.0060301246264969, 0.006959959448860429, 0.007983441005624254, 0.008728225215186387, 0.009100741297572063, 0.00928702528323931, 0.0089144288996555, 0.008355726042728768, 0.008076460120409084, 0.008355743329456494, 0.008728206229556452, 0.009100772336771857, 0.0092871040470726, 0.008914524100738874, 0.008355812825189404, 0.007611195084283099, 0.006959962445562529, 0.006494971089472476, 0.0060301246264969], [0.011513285662208337, 0.010954687659497317, 0.010582375651419607, 0.010396245590090914, 0.010768523001742096, 0.012072040098561847, 0.013935682116809149, 0.015987695924438466, 0.017481384816039208, 0.01822860546629207, 0.018602294620930677, 0.0178548306976134, 0.016734216375343273, 0.016174168445771766, 0.016734268604543218, 0.017481327434413323, 0.018228699309169812, 0.018602532792279455, 0.01785511847815151, 0.016734478578147725, 0.015241294510979345, 0.01393569116003872, 0.01300364648967658, 0.012072040098561847], [0.0057513246341335785, 0.005472532374105367, 0.0052866998542328665, 0.0051937922707766425, 0.005379613219839088, 0.006030169227544145, 0.00696002843286242, 0.007983545721506266, 0.008728362540742258, 0.009100897062316288, 0.009287190765253464, 0.008914574758509796, 0.00835584566832391, 0.008076567985054588, 0.008355863139469321, 0.008728343342853592, 0.009100928463960463, 0.009287270468495713, 0.00891467104766456, 0.00835593337803909, 0.007611285734926189, 0.00696003145611528, 0.006495026995754093, 0.006030169227544145], [0.051941188404045525, 0.049415045943126394, 0.04773168751734752, 0.04689022894631944, 0.04857329314715085, 0.05446865923955376, 0.06290318254886755, 0.07219833875378204, 0.0789698146739049, 0.08235910998192585, 0.084054631143911, 0.08066400517187522, 0.07558265379506147, 0.073044034406879, 0.07558271673939293, 0.07896974569285284, 0.08235922271996417, 0.08405491715536927, 0.08066435097808737, 0.07558296920782541, 0.06881622712345185, 0.06290319343039837, 0.05868407051486876, 0.05446865923955376], [0.01151300471618693, 0.01095444600697363, 0.010582158021403037, 0.010396039342941542, 0.01076829357254555, 0.012071715757824406, 0.013935188532788384, 0.015986976074005912, 0.0174804850797608, 0.01822764621363528, 0.01860132657404181, 0.017854013347897654, 0.01673356779711755, 0.016173580132100743, 0.01673357501643584, 0.017480477170269886, 0.018227659136789656, 0.018601359354950858, 0.017854052993150807, 0.01673360397292696, 0.015240636346729739, 0.013935189782115276, 0.013003240126813784, 0.012071715757824406], [0.005751230760380354, 0.005472451639189677, 0.005286627150828869, 0.0051937233727373635, 0.005379536571687647, 0.006030060841313693, 0.006959863424780436, 0.007983304966251407, 0.008728061526686532, 0.009100576085843944, 0.009286866820722951, 0.008914301286922333, 0.008355628716911492, 0.008076371215760375, 0.008355631131755538, 0.008728058880561902, 0.009100580409975939, 0.009286877790196374, 0.008914314551312459, 0.008355640817639015, 0.007611065645459929, 0.00695986384243147, 0.0064948911730619025, 0.006030060841313693], [0.034592340529082555, 0.0329115768683063, 0.031791465760772075, 0.0312315294182537, 0.03235148155652268, 0.036273822102798954, 0.04188396172258095, 0.04806440795347877, 0.05256542722456964, 0.05481786303777034, 0.0559445540693775, 0.05369139771544523, 0.05031414748807828, 0.048626635621790766, 0.050314181502770464, 0.05256538994157029, 0.05481792398057269, 0.055944708691242205, 0.05369158463265076, 0.05031431793514062, 0.045815861130277885, 0.04188396759932061, 0.039077891398733, 0.036273822102798954], [0.01151311927943503, 0.01095454457493706, 0.010582246807388318, 0.010396123492940508, 0.010768387163469994, 0.012071847979181288, 0.013935392721593174, 0.015987285690520475, 0.01748089103676092, 0.018228107095721327, 0.018601816673572993, 0.017854445974151336, 0.016733923109771752, 0.016173900587007274, 0.016733930405865183, 0.0174808830392623, 0.018228120169019587, 0.01860184984341299, 0.01785448607026878, 0.01673395967038353, 0.01524090422371431, 0.013935393981933792, 0.01300340570745796, 0.012071847979181288], [0.005751269039672054, 0.0054724845700734, 0.005286656811302136, 0.00519375148338246, 0.005379567838554426, 0.006030105025944017, 0.006959931685701067, 0.007983408516892, 0.008728197341223537, 0.009100730300222097, 0.009287030824445385, 0.00891444603510104, 0.008355747569184451, 0.008076478395375673, 0.008355750009754543, 0.008728194665601992, 0.009100734674688709, 0.00928704192432053, 0.008914459450622102, 0.008355759798852854, 0.007611155222260749, 0.0069599321070393525, 0.006494946516279451, 0.006030105025944017], [0.017275007775910345, 0.01643663749219845, 0.015877866447861294, 0.015598523598164854, 0.016157237737997536, 0.018113635089727128, 0.020910921969716494, 0.023991266330127808, 0.02623372042550667, 0.027355637962006574, 0.02791676637062532, 0.026794590529366516, 0.025112217400994733, 0.024271429869644038, 0.025112229578304848, 0.026233707076673208, 0.027355659784401506, 0.027916821740647975, 0.02679465745700652, 0.025112278421326857, 0.022870742732122973, 0.02091092407274278, 0.019511920205004512, 0.018113635089727128], [0.00575126905120038, 0.005472484579501987, 0.005286656819501211, 0.005193751491014333, 0.005379567847352019, 0.006030105039908191, 0.006959931710673237, 0.007983408560482314, 0.008728197403870248, 0.009100730374469904, 0.009287030905061751, 0.008914446103312877, 0.00835574762158861, 0.008076478441014523, 0.008355750062175735, 0.008728194728228271, 0.009100734748972916, 0.009287042005033184, 0.008914459518940925, 0.00835575985134241, 0.00761115525817199, 0.006959932132013548, 0.006494946535146082, 0.006030105039908191], [0.00575126905120038, 0.005472484579501987, 0.005286656819501211, 0.005193751491014333, 0.005379567847352019, 0.006030105039908191, 0.006959931710673237, 0.007983408560482314, 0.008728197403870248, 0.009100730374469904, 0.009287030905061751, 0.008914446103312877, 0.00835574762158861, 0.008076478441014523, 0.008355750062175735, 0.008728194728228271, 0.009100734748972916, 0.009287042005033184, 0.008914459518940925, 0.00835575985134241, 0.00761115525817199, 0.006959932132013548, 0.006494946535146082, 0.006030105039908191], [0.01727462671552388, 0.016436309600806, 0.015877571076008595, 0.015598243639432205, 0.016156926392061108, 0.018113195341323704, 0.020910243107997006, 0.02399023735708079, 0.026232371661199756, 0.027354106931466792, 0.027915138397143237, 0.026793153259709632, 0.02511103672913483, 0.024270364913140836, 0.02511104865172807, 0.026232358604286465, 0.02735412825594393, 0.02791519247750449, 0.026793218692000662, 0.025111096472809524, 0.022869852348949976, 0.020910245174453872, 0.01951136960566427, 0.018113195341323704], [0.0057511927297838, 0.005472418911746414, 0.00528659766729119, 0.00519369542679899, 0.00537950549465943, 0.006030016957863591, 0.006959795702088139, 0.007983202354397454, 0.008727927060588211, 0.009100423469162362, 0.009286704551494314, 0.008914158006764605, 0.008355510992931445, 0.008076265018983666, 0.008355513382415457, 0.00872792444352166, 0.009100427743741219, 0.009286715392632944, 0.008914171122321223, 0.008355522966552963, 0.007610976842280839, 0.0069597961160954985, 0.006494836236620353, 0.006030016957863591], [0.0057511927297838, 0.005472418911746414, 0.00528659766729119, 0.00519369542679899, 0.00537950549465943, 0.006030016957863591, 0.006959795702088139, 0.007983202354397454, 0.008727927060588211, 0.009100423469162362, 0.009286704551494314, 0.008914158006764605, 0.008355510992931445, 0.008076265018983666, 0.008355513382415457, 0.00872792444352166, 0.009100427743741219, 0.009286715392632944, 0.008914171122321223, 0.008355522966552963, 0.007610976842280839, 0.0069597961160954985, 0.006494836236620353, 0.006030016957863591], [0.01151284316009098, 0.010954307086582276, 0.010582028985204299, 0.010395916391896867, 0.010768157060525219, 0.012071493775899217, 0.0139348527324828, 0.01598647174818919, 0.017479822264575128, 0.018226884285572217, 0.018600506857250638, 0.017853277516884553, 0.016732952950771735, 0.016173025672203235, 0.016732975230777155, 0.0174798046544301, 0.018226912420318857, 0.018600581444560775, 0.017853368683088792, 0.016733036606040128, 0.015240203130403708, 0.01393489369881644, 0.013002989398857566, 0.012071514528430015], [0.005751176779817402, 0.00547240522727142, 0.005286584044469665, 0.005193682300801795, 0.00537949096615867, 0.006029986662188836, 0.006959751167632378, 0.0079831362991876, 0.008727839785096678, 0.009100321146788392, 0.009286592524399812, 0.008914055099422185, 0.008355423055650724, 0.008076185774990823, 0.008355430508022635, 0.008727833893807945, 0.009100330560433655, 0.009286617482616706, 0.008914085600485674, 0.008355451037294005, 0.007610920782852399, 0.006959764862443006, 0.006494807371604978, 0.006029993596958174], [0.01151284316009098, 0.010954307086582276, 0.010582028985204299, 0.010395916391896867, 0.010768157060525219, 0.012071493775899217, 0.0139348527324828, 0.01598647174818919, 0.017479822264575128, 0.018226884285572217, 0.018600506857250638, 0.017853277516884553, 0.016732952950771735, 0.016173025672203235, 0.016732975230777155, 0.0174798046544301, 0.018226912420318857, 0.018600581444560775, 0.017853368683088792, 0.016733036606040128, 0.015240203130403708, 0.01393489369881644, 0.013002989398857566, 0.012071514528430015], [0.005751176779817402, 0.00547240522727142, 0.005286584044469665, 0.005193682300801795, 0.00537949096615867, 0.006029986662188836, 0.006959751167632378, 0.0079831362991876, 0.008727839785096678, 0.009100321146788392, 0.009286592524399812, 0.008914055099422185, 0.008355423055650724, 0.008076185774990823, 0.008355430508022635, 0.008727833893807945, 0.009100330560433655, 0.009286617482616706, 0.008914085600485674, 0.008355451037294005, 0.007610920782852399, 0.006959764862443006, 0.006494807371604978, 0.006029993596958174], [0.011509542871265094, 0.010954455406968964, 0.010584663894255952, 0.010399055212433495, 0.010770274796402149, 0.012048445434235458, 0.013899012328586199, 0.01593016600241132, 0.017414516211372688, 0.01818248265260954, 0.018595740078108942, 0.01789099057962241, 0.01679970480015912, 0.016231906025169954, 0.01674261255267814, 0.017439263609566505, 0.018154228138444615, 0.01852786351538224, 0.017797039759361914, 0.01668358418058163, 0.01519982276549468, 0.013916703739421428, 0.01298178263788005, 0.012055218897741833], [0.0057514467227960265, 0.005474100314542514, 0.005289329671425487, 0.005196611065665504, 0.0053820485519087595, 0.006021719307796436, 0.006946727489433175, 0.00796337274919804, 0.008708543283151734, 0.009097746083455118, 0.009309506628097155, 0.008960182198152011, 0.008415560854997096, 0.008130350251387258, 0.008382063093301211, 0.008725655277979642, 0.009077854156463045, 0.009260475913976591, 0.008893648561315054, 0.008337510764785293, 0.007596288584186729, 0.0069541131560037295, 0.006487538992192256, 0.006024588123134789], [0.02882274326672173, 0.027422532007674062, 0.026489360384867322, 0.026022875463104115, 0.02695590436645042, 0.030223392240541967, 0.034893360360907205, 0.04003001485359219, 0.04376339473822297, 0.04562263438844121, 0.04654981673970196, 0.04467240258217587, 0.041863884113752727, 0.040462384605113574, 0.041870255880155284, 0.04375164412630005, 0.04564139886345869, 0.046597521899210265, 0.04473177431297794, 0.041918872610751244, 0.03817195401835412, 0.03489692428513573, 0.03255937694437128, 0.0302234711856038], [0.02304709343758105, 0.021927975786743215, 0.021182111565299602, 0.020809250877284746, 0.021555014066286158, 0.02416652107592187, 0.027901153713839718, 0.032014427569586335, 0.0350092821842741, 0.03650768975744794, 0.03725710424961201, 0.035758110527759734, 0.033511088493412736, 0.032388239394426574, 0.03351121790669799, 0.035009158575419544, 0.036507889981530095, 0.037257620843379545, 0.03575873792416016, 0.03351166224629846, 0.030518124731861395, 0.027901276210459992, 0.026033345261005217, 0.024166576939588288], [0.005751201957612034, 0.005472426898022142, 0.005286603563730324, 0.005193700802322169, 0.005379511538349623, 0.006030015650004212, 0.006959794371955621, 0.00798319604830247, 0.008727909413194441, 0.009100388107530015, 0.009286653669261232, 0.008914101978909914, 0.008355457247758564, 0.008076217295655726, 0.008355473381558906, 0.00872789400496565, 0.009100413063020743, 0.009286718052402155, 0.00891418018101554, 0.00835552877660788, 0.0076109793870437065, 0.006959809650308303, 0.006494843693616987, 0.00603002261968426], [0.011513032281628874, 0.010954469869826, 0.01058217561000837, 0.010396055372969878, 0.010768311593256195, 0.012071711510098187, 0.013935183975635578, 0.01598695608147626, 0.017480430388202416, 0.01822753770324285, 0.01860117098216217, 0.01785384252071273, 0.016733404289388566, 0.016173434997847666, 0.01673345303102707, 0.017480383823259518, 0.01822761314499042, 0.018601365647100132, 0.017854078891919253, 0.016733620386271672, 0.01524064324926237, 0.013935230078753715, 0.013003262208845482, 0.012071732524771344], [0.005751239970857133, 0.005472459611582189, 0.005286633026585445, 0.005193728727617496, 0.005379542592030413, 0.006030059421850927, 0.006959861901320686, 0.007983298279848563, 0.00872804322961618, 0.009100539777997563, 0.009286814755251257, 0.008914244132366363, 0.008355574024224035, 0.008076322674643012, 0.008355590328060488, 0.008728027651345588, 0.00910056502097351, 0.009286879895739788, 0.008914323216458677, 0.00835564630787368, 0.007611067953617163, 0.0069598773136490925, 0.006494898553663924, 0.0060300664443289536], [0.034479970455153386, 0.032809928984646894, 0.03171163856905865, 0.031159917209810734, 0.032271724025836224, 0.03658499232170478, 0.042112450587712916, 0.04819710823636046, 0.05262524003053595, 0.05484017455149735, 0.05594784074873177, 0.053732407941393744, 0.050410494825744855, 0.04871860762372326, 0.050337061553344886, 0.05259570356151504, 0.05484031315489979, 0.05594819062042062, 0.05373288018132646, 0.05041100221710803, 0.045984025360029435, 0.041725514493679366, 0.038993702344912846, 0.03621563010434337], [0.028729587586798506, 0.027338722709662686, 0.026429500727488436, 0.025970647656345915, 0.026896924688013746, 0.030522648685540048, 0.03513099655316282, 0.04020305350253594, 0.04389370680371072, 0.04573957622172841, 0.046662629446434345, 0.04481638486043508, 0.042047837239587084, 0.04063549464073198, 0.04198108419898451, 0.04386679150454095, 0.04573970548956387, 0.046662956045882886, 0.04481682485077268, 0.04204830827717387, 0.038358376173110637, 0.0347714708337696, 0.03250528497251802, 0.0301904899817218], [0.022983084847710604, 0.021870873711572737, 0.02114846195462706, 0.020782051651631727, 0.021523047143969364, 0.024447281520325173, 0.028137252843596503, 0.03219792355242376, 0.035152250185590456, 0.03662971655709473, 0.037368509707744337, 0.03589076764888864, 0.03367466149316972, 0.032542494008525574, 0.033617167649278225, 0.03512901202143858, 0.036629833285103275, 0.037368805194913673, 0.03589116416366616, 0.033675083289128084, 0.03072115911910124, 0.02782121882208651, 0.026016265604736615, 0.02416412588843948], [0.005751159520212945, 0.005472389384487696, 0.005286558514873367, 0.0051936561843249325, 0.00537946294829227, 0.006029884321757767, 0.006959615688297102, 0.007982959330351848, 0.008727629429013816, 0.009100093175751977, 0.009286355548176245, 0.008913836262254953, 0.008355230078919161, 0.008076011191243111, 0.00835525345445993, 0.008727630556291164, 0.009100102427728502, 0.009286380078349006, 0.008913866238760192, 0.008355257577353453, 0.0076107594561920025, 0.006959719671794006, 0.0064947464466032995, 0.006029941205209186], [0.011488213010407238, 0.010932979979536362, 0.010580681407463178, 0.010399171215222325, 0.010769264873849198, 0.012324953917301412, 0.014167040250560325, 0.01619359629959095, 0.01766761815114081, 0.0184046432265832, 0.01877314723208895, 0.018035982978214637, 0.016930352219257372, 0.016358552546270402, 0.016885097211062787, 0.017649287039784273, 0.018404732901349995, 0.018773373891994006, 0.018036288008796954, 0.016930677712291, 0.015456673670094246, 0.013913129987443184, 0.01302958904683091, 0.01210448971604802], [0.005745505108582636, 0.005467912963288066, 0.005293712181168997, 0.005203228594752306, 0.005388340527798574, 0.006181358351546974, 0.00710359172482751, 0.008118090002645278, 0.008855928465996912, 0.009224832373055776, 0.009409273262728559, 0.009040295805165327, 0.008486868517996331, 0.008199606781977667, 0.008461660361623565, 0.008845701974912235, 0.009224885078438546, 0.009409406792772659, 0.009040474663341059, 0.008487058037715729, 0.007749198767496089, 0.006960511397555131, 0.00652214985062961, 0.006059293587002184]]
Q_grid = [12.407339243270263, 11.80413309069702, 11.402285229426587, 11.20148386182436, 11.603364366830924, 13.028350424216088, 15.038587455424912, 17.251464479903635, 18.8615813043259, 19.665875415434343, 20.068629468997322, 19.261640218638235, 18.052473766747806, 17.446341898319265, 18.048140228299516, 18.857756463274924, 19.67019282689887, 20.07988978974071, 19.27504629168733, 18.063277749298635, 16.44965357503259, 15.024242890002988, 14.017923975707445, 13.011777357958898]
alpha_1 = [[0.12113219482578799, 0.0, 0.0], [0.14141683010500147, 0.0, 0.0], [0.2072223557048435, 0.0, 0.0], [0.13900414623357127, 0.0, 0.0], [0.2083333327631202, 0.0, 0.0], [0.2157685830654884, 0.0, 0.0], [0.2013916345632686, 0.0, 0.0], [0.18409088450892575, 0.0, 0.0], [0.19194891612011536, 0.0, 0.0], [0.22497028232719046, 0.0, 0.0], [0.26615784515368435, 0.0, 0.0], [0.27777777216550414, 0.0, 0.0], [0.2777777739945933, 0.0, 0.0], [0.27777775958648543, 0.0, 0.0], [0.27777775758845424, 0.0, 0.0], [0.2777777538518954, 0.0, 0.0], [0.27777774909255276, 0.0, 0.0], [0.2648380266881163, 0.0, 0.0], [0.2730065236629535, 0.0, 0.0], [0.27529658458805406, 0.0, 0.0], [0.11904761940385594, 0.0, 0.0], [0.2035262461934875, 0.0, 0.0], [0.16617985362293275, 0.0, 0.0], [0.16666666666666666, 0.0, 0.0]]
alpha_10 = [[0.2166924661247605, 0.0, 0.0], [0.217501964243574, 0.0, 0.0], [0.21409807289879412, 0.0, 0.0], [0.2200302099745152, 0.0, 0.0], [0.20980608577925022, 0.0, 0.0], [0.19657725426849096, 0.0, 0.0], [0.19064733585780383, 0.0, 0.0], [0.18370523855800308, 0.0, 0.0], [0.1886344243730055, 0.0, 0.0], [0.21002663293383217, 0.0, 0.0], [0.23884572468966508, 0.0, 0.0], [0.26349047592749886, 0.0, 0.0], [0.27777777536261805, 0.0, 0.0], [0.2777777648468277, 0.0, 0.0], [0.27777775996738585, 0.0, 0.0], [0.2777777539863734, 0.0, 0.0], [0.27240441248288966, 0.0, 0.0], [0.2552963954487709, 0.0, 0.0], [0.26571600783333754, 0.0, 0.0], [0.1264198782437742, 0.0, 0.0], [0.11904761920573421, 0.0, 0.0], [0.18383962497735307, 0.0, 0.0], [0.16673085402872018, 0.0, 0.0], [0.16666666666666666, 0.0, 0.0]]
alpha_11 = [[0.21669246612477244, 0.0, 0.0], [0.21750196424357443, 0.0, 0.0], [0.21409807289879407, 0.0, 0.0], [0.22003020997451528, 0.0, 0.0], [0.2098060857792501, 0.0, 0.0], [0.196577254268491, 0.0, 0.0], [0.1906473358578035, 0.0, 0.0], [0.18370523855800341, 0.0, 0.0], [0.1886344243730054, 0.0, 0.0], [0.21002663293383195, 0.0, 0.0], [0.2388457246896653, 0.0, 0.0], [0.26349047592749886, 0.0, 0.0], [0.27777777536261805, 0.0, 0.0], [0.2777777648468277, 0.0, 0.0], [0.27777775996738585, 0.0, 0.0], [0.2777777539863734, 0.0, 0.0], [0.2724044124828899, 0.0, 0.0], [0.25529639544877125, 0.0, 0.0], [0.26571600783333704, 0.0, 0.0], [0.12641987824377418, 0.0, 0.0], [0.11904761920573421, 0.0, 0.0], [0.1838396249773531, 0.0, 0.0], [0.16673085402871926, 0.0, 0.0], [0.16666666666666666, 0.0, 0.0]]
alpha_12 = [[0.1571088437128718, 0.0, 0.0], [0.20622923951479458, 0.0, 0.0], [0.2312883873031708, 0.0, 0.0], [0.2439769705189223, 0.0, 0.0], [0.232100765514916, 0.0, 0.0], [0.16500778010243353, 0.0, 0.0], [0.16127878526639586, 0.0, 0.0], [0.15654368285894, 0.0, 0.0], [0.15910417113126243, 0.0, 0.0], [0.1700048562380254, 0.0, 0.0], [0.18276760228376318, 0.0, 0.0], [0.18909290501398165, 0.0, 0.0], [0.19082438814944153, 0.0, 0.0], [0.17565875302816164, 0.0, 0.0], [0.1650513120955771, 0.0, 0.0], [0.14735969911155625, 0.0, 0.0], [0.14043666620011902, 0.0, 0.0], [0.14504556695881168, 0.0, 0.0], [0.1671346082505665, 0.0, 0.0], [0.1541456325763513, 0.0, 0.0], [0.11904761910596669, 0.0, 0.0], [0.20001555644618282, 0.0, 0.0], [0.1622811862375107, 0.0, 0.0], [0.16666666666666669, 0.0, 0.0]]
alpha_13 = [[0.13605540932767804, 0.0, 0.0], [0.21172734563220408, 0.0, 0.0], [0.20506250060794498, 0.0, 0.0], [0.22693447624751734, 0.0, 0.0], [0.21300405726532762, 0.0, 0.0], [0.20206612246316968, 0.0, 0.0], [0.19461740277121803, 0.0, 0.0], [0.1860724786857383, 0.0, 0.0], [0.19141856095834925, 0.0, 0.0], [0.2147771139126094, 0.0, 0.0], [0.24605709699160982, 0.0, 0.0], [0.26856932358444263, 0.0, 0.0], [0.2776835972318832, 0.0, 0.0], [0.2777777637480472, 0.0, 0.0], [0.27777772191129546, 0.0, 0.0], [0.20468636557672829, 0.0, 0.0], [0.18994064251991266, 0.0, 0.0], [0.22738714096598395, 0.0, 0.0], [0.23337131236424172, 0.0, 0.0], [0.15833154679612818, 0.0, 0.0], [0.11904761912823339, 0.0, 0.0], [0.1993890877562986, 0.0, 0.0], [0.16548696454546, 0.0, 0.0], [0.16666666666666666, 0.0, 0.0]]
alpha_14 = [[0.13889006483946476, 0.0, 0.0], [0.22168042165897975, 0.0, 0.0], [0.21902459733583546, 0.0, 0.0], [0.2254703231446963, 0.0, 0.0], [0.2128310143126606, 0.0, 0.0], [0.20042476051098784, 0.0, 0.0], [0.19339784595262582, 0.0, 0.0], [0.18582738195673057, 0.0, 0.0], [0.1910355850683774, 0.0, 0.0], [0.21335633389141542, 0.0, 0.0], [0.24344734436714624, 0.0, 0.0], [0.2673034344903486, 0.0, 0.0], [0.27767014823336805, 0.0, 0.0], [0.2777777652250222, 0.0, 0.0], [0.27777773724194577, 0.0, 0.0], [0.2203435744166432, 0.0, 0.0], [0.20512162604687315, 0.0, 0.0], [0.26136675356851286, 0.0, 0.0], [0.22816066845443256, 0.0, 0.0], [0.14916821917991568, 0.0, 0.0], [0.11904761912988772, 0.0, 0.0], [0.19166237560422378, 0.0, 0.0], [0.16205990642287774, 0.0, 0.0], [0.16666666666666666, 0.0, 0.0]]
alpha_15 = [[0.1428585940947909, 0.0, 0.0], [0.22283212842995437, 0.0, 0.0], [0.21822123977130495, 0.0, 0.0], [0.2238884425000607, 0.0, 0.0], [0.21239004056221114, 0.0, 0.0], [0.19901560415945685, 0.0, 0.0], [0.192134004658704, 0.0, 0.0], [0.1854074069042039, 0.0, 0.0], [0.19062065868980993, 0.0, 0.0], [0.2120825095981081, 0.0, 0.0], [0.24107628263644443, 0.0, 0.0], [0.2656340294255836, 0.0, 0.0], [0.27765221820629526, 0.0, 0.0], [0.27777776566575485, 0.0, 0.0], [0.27777774663369165, 0.0, 0.0], [0.24642337424054905, 0.0, 0.0], [0.23044644601749678, 0.0, 0.0], [0.260137136295041, 0.0, 0.0], [0.2215646308855318, 0.0, 0.0], [0.13848214287479427, 0.0, 0.0], [0.11904761913307589, 0.0, 0.0], [0.199203579846363, 0.0, 0.0], [0.16208716247523847, 0.0, 0.0], [0.16666666666666666, 0.0, 0.0]]
alpha_16 = [[0.15623987573631876, 0.0, 0.0], [0.22206257031873736, 0.0, 0.0], [0.21718976556621422, 0.0, 0.0], [0.22421255004768964, 0.0, 0.0], [0.2113499290243898, 0.0, 0.0], [0.19825393410969766, 0.0, 0.0], [0.1916365417171586, 0.0, 0.0], [0.1850576010048435, 0.0, 0.0], [0.19016763521642382, 0.0, 0.0], [0.21138687596631395, 0.0, 0.0], [0.24015766751330553, 0.0, 0.0], [0.2650540322025493, 0.0, 0.0], [0.27777777638261625, 0.0, 0.0], [0.2777777653473129, 0.0, 0.0], [0.27777775486714135, 0.0, 0.0], [0.2777777463998903, 0.0, 0.0], [0.27487711373288914, 0.0, 0.0], [0.25905685056583794, 0.0, 0.0], [0.23112800123527424, 0.0, 0.0], [0.1277702603842853, 0.0, 0.0], [0.1190476191434515, 0.0, 0.0], [0.1841172934403642, 0.0, 0.0], [0.16536558886757957, 0.0, 0.0], [0.16666666666666666, 0.0, 0.0]]
alpha_17 = [[0.22722988593793716, 0.0, 0.0], [0.22233603510498473, 0.0, 0.0], [0.21501514358715673, 0.0, 0.0], [0.2201025550497595, 0.0, 0.0], [0.20950266913600968, 0.0, 0.0], [0.19549500044067905, 0.0, 0.0], [0.1888682421728112, 0.0, 0.0], [0.18331194335957907, 0.0, 0.0], [0.188650180486371, 0.0, 0.0], [0.20876997855031776, 0.0, 0.0], [0.23579416094994468, 0.0, 0.0], [0.2592998911042974, 0.0, 0.0], [0.277777775791874, 0.0, 0.0], [0.27777776420197925, 0.0, 0.0], [0.2777777587656759, 0.0, 0.0], [0.27777775743193844, 0.0, 0.0], [0.2720364139437238, 0.0, 0.0], [0.25510705514274407, 0.0, 0.0], [0.19956320778557757, 0.0, 0.0], [0.11904762014758931, 0.0, 0.0], [0.11904761917735004, 0.0, 0.0], [0.13769096469313596, 0.0, 0.0], [0.16757770468927763, 0.0, 0.0], [0.16666666666666663, 0.0, 0.0]]
alpha_18 = [[0.1442394792861668, 0.0, 0.0], [0.22470164006096638, 0.0, 0.0], [0.2177222372105823, 0.0, 0.0], [0.22086656741681748, 0.0, 0.0], [0.21192586684710402, 0.0, 0.0], [0.19744048208521925, 0.0, 0.0], [0.19042799368854013, 0.0, 0.0], [0.18467128867352714, 0.0, 0.0], [0.19010560564012158, 0.0, 0.0], [0.21063689212474018, 0.0, 0.0], [0.23821302268500977, 0.0, 0.0], [0.26219567862655013, 0.0, 0.0], [0.2775267732195369, 0.0, 0.0], [0.2777777658355656, 0.0, 0.0], [0.2777777532941964, 0.0, 0.0], [0.27777773768722475, 0.0, 0.0], [0.2741188064523874, 0.0, 0.0], [0.25854830683288266, 0.0, 0.0], [0.2023346630001043, 0.0, 0.0], [0.1246168497495723, 0.0, 0.0], [0.11904761913592428, 0.0, 0.0], [0.22407025688555537, 0.0, 0.0], [0.16490686268947932, 0.0, 0.0], [0.16666666666666666, 0.0, 0.0]]
alpha_19 = [[0.1613066605324642, 0.0, 0.0], [0.22577731125811476, 0.0, 0.0], [0.21651483772134789, 0.0, 0.0], [0.21686538745991873, 0.0, 0.0], [0.21047600296515018, 0.0, 0.0], [0.19528281205599857, 0.0, 0.0], [0.18822581513552172, 0.0, 0.0], [0.18336161154427183, 0.0, 0.0], [0.18906916324275616, 0.0, 0.0], [0.20867221161709648, 0.0, 0.0], [0.2347281219677136, 0.0, 0.0], [0.2575034570829421, 0.0, 0.0], [0.2774014412309098, 0.0, 0.0], [0.27777776530675835, 0.0, 0.0], [0.27777775731983606, 0.0, 0.0], [0.2777777532519389, 0.0, 0.0], [0.27232523940899955, 0.0, 0.0], [0.2558035621403392, 0.0, 0.0], [0.178562283229484, 0.0, 0.0], [0.11904761970750938, 0.0, 0.0], [0.11904761914987662, 0.0, 0.0], [0.2088767418246943, 0.0, 0.0], [0.16403462285870649, 0.0, 0.0], [0.16666666666666666, 0.0, 0.0]]
alpha_2 = [[0.14363312233262268, 0.0, 0.0], [0.21368796393817685, 0.0, 0.0], [0.22049855218793246, 0.0, 0.0], [0.22844758245669927, 0.0, 0.0], [0.21177676352756442, 0.0, 0.0], [0.20495074492942714, 0.0, 0.0], [0.19732228789186743, 0.0, 0.0], [0.185939676862421, 0.0, 0.0], [0.19133690166039827, 0.0, 0.0], [0.2173789328313836, 0.0, 0.0], [0.25177705733980954, 0.0, 0.0], [0.27317292036761376, 0.0, 0.0], [0.2777777760902537, 0.0, 0.0], [0.27777776312331864, 0.0, 0.0], [0.2777777503074739, 0.0, 0.0], [0.2439755642751475, 0.0, 0.0], [0.2212024907819667, 0.0, 0.0], [0.24033563166183258, 0.0, 0.0], [0.24290566031705718, 0.0, 0.0], [0.20720209106821313, 0.0, 0.0], [0.11904761916393325, 0.0, 0.0], [0.19066984712575855, 0.0, 0.0], [0.16402667413747263, 0.0, 0.0], [0.16666666666666669, 0.0, 0.0]]
alpha_20 = [[0.2500783450740353, 0.0, 0.0], [0.22587619278803453, 0.0, 0.0], [0.2154134325685001, 0.0, 0.0], [0.2088336882293134, 0.0, 0.0], [0.20833333300307416, 0.0, 0.0], [0.19265230092471097, 0.0, 0.0], [0.18560322147058964, 0.0, 0.0], [0.18148745773137467, 0.0, 0.0], [0.18752237823173226, 0.0, 0.0], [0.20628175901142445, 0.0, 0.0], [0.23079647903320047, 0.0, 0.0], [0.2522147104663016, 0.0, 0.0], [0.27702612350295314, 0.0, 0.0], [0.27777776388014286, 0.0, 0.0], [0.27777775943960936, 0.0, 0.0], [0.27777775633623114, 0.0, 0.0], [0.2684482372659726, 0.0, 0.0], [0.252132637757509, 0.0, 0.0], [0.13285795449219026, 0.0, 0.0], [0.11904761965429962, 0.0, 0.0], [0.11904761917577267, 0.0, 0.0], [0.20548067808853201, 0.0, 0.0], [0.1668277719586673, 0.0, 0.0], [0.16666666666666666, 0.0, 0.0]]
alpha_21 = [[0.1799629849929013, 0.0, 0.0], [0.20245731628473396, 0.0, 0.0], [0.25230028328120624, 0.0, 0.0], [0.2569793493088629, 0.0, 0.0], [0.24855016929634233, 0.0, 0.0], [0.1446368864323157, 0.0, 0.0], [0.14280530981786876, 0.0, 0.0], [0.140137813450505, 0.0, 0.0], [0.14136576671844098, 0.0, 0.0], [0.14686362189686822, 0.0, 0.0], [0.15291097977804907, 0.0, 0.0], [0.1551160515593633, 0.0, 0.0], [0.1551999326112513, 0.0, 0.0], [0.13834102451239527, 0.0, 0.0], [0.13142492996362737, 0.0, 0.0], [0.1251615396212689, 0.0, 0.0], [0.12097210396052495, 0.0, 0.0], [0.11904765513644645, 0.0, 0.0], [0.14452694846291256, 0.0, 0.0], [0.1463134554780508, 0.0, 0.0], [0.11904761908706119, 0.0, 0.0], [0.19594493693536474, 0.0, 0.0], [0.16508320143278718, 0.0, 0.0], [0.16666666666666666, 0.0, 0.0]]
alpha_22 = [[0.1885259565160084, 0.0, 0.0], [0.2019698717271271, 0.0, 0.0], [0.25483867999613125, 0.0, 0.0], [0.2588283538225328, 0.0, 0.0], [0.2520515250697425, 0.0, 0.0], [0.1404422052944887, 0.0, 0.0], [0.1390559625782501, 0.0, 0.0], [0.13700772382299292, 0.0, 0.0], [0.1379723929396837, 0.0, 0.0], [0.14235958862744905, 0.0, 0.0], [0.1472198909849632, 0.0, 0.0], [0.1492652225238207, 0.0, 0.0], [0.14934979192641207, 0.0, 0.0], [0.1324397614113114, 0.0, 0.0], [0.13012086833086098, 0.0, 0.0], [0.12415908386594161, 0.0, 0.0], [0.12056328671115996, 0.0, 0.0], [0.11904765780652146, 0.0, 0.0], [0.13862414381810528, 0.0, 0.0], [0.14041457228879545, 0.0, 0.0], [0.11904761908488645, 0.0, 0.0], [0.20786326777634478, 0.0, 0.0], [0.1625578035587083, 0.0, 0.0], [0.16666666666666666, 0.0, 0.0]]
alpha_23 = [[0.199890117332297, 0.0, 0.0], [0.21667164568159072, 0.0, 0.0], [0.2583617069804914, 0.0, 0.0], [0.2613555586180571, 0.0, 0.0], [0.2561215154400429, 0.0, 0.0], [0.13588958031115705, 0.0, 0.0], [0.13487889078660842, 0.0, 0.0], [0.13341436735297113, 0.0, 0.0], [0.13414095505945672, 0.0, 0.0], [0.1374230127502544, 0.0, 0.0], [0.1410724996660968, 0.0, 0.0], [0.14282828031727438, 0.0, 0.0], [0.14291325836655075, 0.0, 0.0], [0.1310123902242903, 0.0, 0.0], [0.12866218683145741, 0.0, 0.0], [0.12303649326742139, 0.0, 0.0], [0.12013252015455567, 0.0, 0.0], [0.11904766112126086, 0.0, 0.0], [0.13217412730901665, 0.0, 0.0], [0.1339614470514794, 0.0, 0.0], [0.11904761908228895, 0.0, 0.0], [0.22415367695064198, 0.0, 0.0], [0.16039908965245442, 0.0, 0.0], [0.16666666666666666, 0.0, 0.0]]
alpha_24 = [[0.21569877551737077, 0.0, 0.0], [0.23770999918579017, 0.0, 0.0], [0.26302624676689, 0.0, 0.0], [0.26487236102551504, 0.0, 0.0], [0.26113961214294096, 0.0, 0.0], [0.13086363294695097, 0.0, 0.0], [0.13019488002187074, 0.0, 0.0], [0.12927304340973847, 0.0, 0.0], [0.12977024862034622, 0.0, 0.0], [0.13194906739446255, 0.0, 0.0], [0.13437096360641926, 0.0, 0.0], [0.135712509220848, 0.0, 0.0], [0.13579751385769506, 0.0, 0.0], [0.12949694785347698, 0.0, 0.0], [0.12701680362211282, 0.0, 0.0], [0.12176266593408726, 0.0, 0.0], [0.11967668172411919, 0.0, 0.0], [0.11904766517446816, 0.0, 0.0], [0.12509710878483477, 0.0, 0.0], [0.12687211679458346, 0.0, 0.0], [0.11904761907944666, 0.0, 0.0], [0.24776229512265172, 0.0, 0.0], [0.1610036993271852, 0.0, 0.0], [0.16666666666666666, 0.0, 0.0]]
alpha_25 = [[0.11904762000174113, 0.0, 0.0], [0.22612138538061227, 0.0, 0.0], [0.21907948583574477, 0.0, 0.0], [0.22319754499858602, 0.0, 0.0], [0.21181426789558447, 0.0, 0.0], [0.20105875732105985, 0.0, 0.0], [0.19410644063734644, 0.0, 0.0], [0.18603528572943984, 0.0, 0.0], [0.1909805741113009, 0.0, 0.0], [0.21411448892117205, 0.0, 0.0], [0.2465271931397959, 0.0, 0.0], [0.27451886683277194, 0.0, 0.0], [0.2777777753861449, 0.0, 0.0], [0.2777776476392836, 0.0, 0.0], [0.19921965779060147, 0.0, 0.0], [0.13020045093831034, 0.0, 0.0], [0.12025153330853695, 0.0, 0.0], [0.11904804209547815, 0.0, 0.0], [0.11904763044298866, 0.0, 0.0], [0.11904762169632976, 0.0, 0.0], [0.11904761924420135, 0.0, 0.0], [0.27777777733119646, 0.0, 0.0], [0.16631127097300918, 0.0, 0.0], [0.16666666666666666, 0.0, 0.0]]
alpha_26 = [[0.2777777776686374, 0.0, 0.0], [0.2777777776849649, 0.0, 0.0], [0.27777777769760464, 0.0, 0.0], [0.27777777772433165, 0.0, 0.0], [0.27777777773268886, 0.0, 0.0], [0.11904761910906593, 0.0, 0.0], [0.11904761908339433, 0.0, 0.0], [0.11904761907127655, 0.0, 0.0], [0.11904761906112811, 0.0, 0.0], [0.11904761906008512, 0.0, 0.0], [0.11904761905977287, 0.0, 0.0], [0.11904761906148432, 0.0, 0.0], [0.11904761907109415, 0.0, 0.0], [0.11904761906204171, 0.0, 0.0], [0.11904761906144255, 0.0, 0.0], [0.11904761906002533, 0.0, 0.0], [0.11904761905769047, 0.0, 0.0], [0.11904761905429355, 0.0, 0.0], [0.11904761905385172, 0.0, 0.0], [0.11904761905384657, 0.0, 0.0], [0.11904761905263823, 0.0, 0.0], [0.24060556902875382, 0.0, 0.0], [0.16113489069617973, 0.0, 0.0], [0.16666666666666663, 0.0, 0.0]]
alpha_27 = [[0.19037180026643924, 0.0, 0.0], [0.19217189133786594, 0.0, 0.0], [0.20060046194978282, 0.0, 0.0], [0.20053415771830457, 0.0, 0.0], [0.19049005804723268, 0.0, 0.0], [0.1499403439215523, 0.0, 0.0], [0.14576570800219804, 0.0, 0.0], [0.1480320853863797, 0.0, 0.0], [0.15592152958430425, 0.0, 0.0], [0.15233432528492677, 0.0, 0.0], [0.155821360255197, 0.0, 0.0], [0.16323105562571688, 0.0, 0.0], [0.16163206409035952, 0.0, 0.0], [0.1609671374283341, 0.0, 0.0], [0.15495839603228825, 0.0, 0.0], [0.14747406641687233, 0.0, 0.0], [0.14586918466905968, 0.0, 0.0], [0.14128970388018916, 0.0, 0.0], [0.14529887027910898, 0.0, 0.0], [0.14633271122246394, 0.0, 0.0], [0.1388039485583177, 0.0, 0.0], [0.1856782505676892, 0.0, 0.0], [0.16786747156771437, 0.0, 0.0], [0.16666666666666666, 0.0, 0.0]]
alpha_28 = [[0.2162884572846474, 0.0, 0.0], [0.2189404739805926, 0.0, 0.0], [0.2324478582870027, 0.0, 0.0], [0.23234103788422236, 0.0, 0.0], [0.18022330495700503, 0.0, 0.0], [0.15814820026153253, 0.0, 0.0], [0.15261609302211762, 0.0, 0.0], [0.1423577167905164, 0.0, 0.0], [0.16621845875267774, 0.0, 0.0], [0.16135771763191073, 0.0, 0.0], [0.1660818796465701, 0.0, 0.0], [0.176318884297515, 0.0, 0.0], [0.17408654013949718, 0.0, 0.0], [0.1731620371554922, 0.0, 0.0], [0.16472166825342952, 0.0, 0.0], [0.13482496839731592, 0.0, 0.0], [0.13378164751785118, 0.0, 0.0], [0.1363100650620789, 0.0, 0.0], [0.13349393019007447, 0.0, 0.0], [0.1340433295797561, 0.0, 0.0], [0.126444420755893, 0.0, 0.0], [0.17413131417442632, 0.0, 0.0], [0.16564424435682487, 0.0, 0.0], [0.16666666666666669, 0.0, 0.0]]
alpha_29 = [[0.24536183190119926, 0.0, 0.0], [0.2770609256485577, 0.0, 0.0], [0.27777777540056015, 0.0, 0.0], [0.27777777404825127, 0.0, 0.0], [0.2067892995082788, 0.0, 0.0], [0.1722956022588902, 0.0, 0.0], [0.16419050349879266, 0.0, 0.0], [0.14193232626662408, 0.0, 0.0], [0.18449422855720843, 0.0, 0.0], [0.17709260941583915, 0.0, 0.0], [0.18428396562581753, 0.0, 0.0], [0.20042378388228144, 0.0, 0.0], [0.19683734105062647, 0.0, 0.0], [0.19536315992423736, 0.0, 0.0], [0.17159461610927584, 0.0, 0.0], [0.12262661539858234, 0.0, 0.0], [0.11904762070891059, 0.0, 0.0], [0.12246404874600877, 0.0, 0.0], [0.11904762141557271, 0.0, 0.0], [0.1190476203041465, 0.0, 0.0], [0.11904762061423292, 0.0, 0.0], [0.15927395175053788, 0.0, 0.0], [0.1620944069180593, 0.0, 0.0], [0.16666666666666666, 0.0, 0.0]]
alpha_3 = [[0.1492974364017403, 0.0, 0.0], [0.21263262923412418, 0.0, 0.0], [0.21946396180103814, 0.0, 0.0], [0.2278487910647328, 0.0, 0.0], [0.21156968189088277, 0.0, 0.0], [0.20429921965150843, 0.0, 0.0], [0.19728563297866678, 0.0, 0.0], [0.18584278270657167, 0.0, 0.0], [0.19097071918417186, 0.0, 0.0], [0.21688198414728893, 0.0, 0.0], [0.25128879350917943, 0.0, 0.0], [0.27418194162884113, 0.0, 0.0], [0.27777777601295195, 0.0, 0.0], [0.27777776446650565, 0.0, 0.0], [0.27777775648060526, 0.0, 0.0], [0.277777677602878, 0.0, 0.0], [0.2603349671331349, 0.0, 0.0], [0.2610138723216132, 0.0, 0.0], [0.2728952832467253, 0.0, 0.0], [0.2217078073137592, 0.0, 0.0], [0.11904761916981879, 0.0, 0.0], [0.18733593370445684, 0.0, 0.0], [0.1656275105285469, 0.0, 0.0], [0.16666666666666666, 0.0, 0.0]]
alpha_30 = [[0.27777776004825927, 0.0, 0.0], [0.2777777732995625, 0.0, 0.0], [0.27777777583141305, 0.0, 0.0], [0.2777777741229169, 0.0, 0.0], [0.2610125354917585, 0.0, 0.0], [0.2150028974833086, 0.0, 0.0], [0.18732536172783087, 0.0, 0.0], [0.17652786103126178, 0.0, 0.0], [0.18573386021414343, 0.0, 0.0], [0.2030091866372763, 0.0, 0.0], [0.2264214847188706, 0.0, 0.0], [0.24623427804904774, 0.0, 0.0], [0.2695095635670288, 0.0, 0.0], [0.2777777487790146, 0.0, 0.0], [0.2256543643949001, 0.0, 0.0], [0.13478259263325193, 0.0, 0.0], [0.11904762135216707, 0.0, 0.0], [0.12952328995623924, 0.0, 0.0], [0.11904762241809685, 0.0, 0.0], [0.11904762064742887, 0.0, 0.0], [0.11904762030064864, 0.0, 0.0], [0.2717562535215209, 0.0, 0.0], [0.16482063886122506, 0.0, 0.0], [0.16666666666666666, 0.0, 0.0]]
alpha_31 = [[0.27717657679962066, 0.0, 0.0], [0.27634780445830415, 0.0, 0.0], [0.27777777492754696, 0.0, 0.0], [0.2777777742971855, 0.0, 0.0], [0.26097477726215745, 0.0, 0.0], [0.19675715472989969, 0.0, 0.0], [0.1882593063053706, 0.0, 0.0], [0.1416669669604726, 0.0, 0.0], [0.185736545297036, 0.0, 0.0], [0.20247484247010616, 0.0, 0.0], [0.22499490032888472, 0.0, 0.0], [0.24397314858219726, 0.0, 0.0], [0.2435785374399633, 0.0, 0.0], [0.23599685753374658, 0.0, 0.0], [0.18289985453460594, 0.0, 0.0], [0.11904768555503677, 0.0, 0.0], [0.1190476205305935, 0.0, 0.0], [0.12090412625928094, 0.0, 0.0], [0.11904762103327295, 0.0, 0.0], [0.11904762011415482, 0.0, 0.0], [0.1190476198709828, 0.0, 0.0], [0.15344255209313293, 0.0, 0.0], [0.16353004490358397, 0.0, 0.0], [0.16666666666666666, 0.0, 0.0]]
alpha_32 = [[0.2765779952586296, 0.0, 0.0], [0.2749324806989009, 0.0, 0.0], [0.27777777310762036, 0.0, 0.0], [0.2777777736734221, 0.0, 0.0], [0.2580183586626204, 0.0, 0.0], [0.21641445623632283, 0.0, 0.0], [0.18691524604721416, 0.0, 0.0], [0.17489802101590424, 0.0, 0.0], [0.18410605772932934, 0.0, 0.0], [0.20041085510684556, 0.0, 0.0], [0.22167336663835793, 0.0, 0.0], [0.23948746314129638, 0.0, 0.0], [0.2616320711960517, 0.0, 0.0], [0.27777774371081076, 0.0, 0.0], [0.19877681475720943, 0.0, 0.0], [0.11904774860246023, 0.0, 0.0], [0.11904762095287126, 0.0, 0.0], [0.12281942315150675, 0.0, 0.0], [0.1190476214993611, 0.0, 0.0], [0.1190476202646738, 0.0, 0.0], [0.11904762025347101, 0.0, 0.0], [0.2048871134851055, 0.0, 0.0], [0.16621229723893965, 0.0, 0.0], [0.16666666666666666, 0.0, 0.0]]
alpha_33 = [[0.1922482564426182, 0.0, 0.0], [0.19009048211063512, 0.0, 0.0], [0.18106029053305642, 0.0, 0.0], [0.18112515473237614, 0.0, 0.0], [0.19210373498187677, 0.0, 0.0], [0.14510092489858992, 0.0, 0.0], [0.15009270853626674, 0.0, 0.0], [0.14730605832712815, 0.0, 0.0], [0.13891283652530947, 0.0, 0.0], [0.14250033531365006, 0.0, 0.0], [0.139008372350134, 0.0, 0.0], [0.13256629555653446, 0.0, 0.0], [0.13385683349107547, 0.0, 0.0], [0.13440860319924958, 0.0, 0.0], [0.1398420741650209, 0.0, 0.0], [0.14797465872959764, 0.0, 0.0], [0.1499612636657006, 0.0, 0.0], [0.15620728992909277, 0.0, 0.0], [0.1506909497115713, 0.0, 0.0], [0.14937752930715836, 0.0, 0.0], [0.16000894623165857, 0.0, 0.0], [0.17092669275650194, 0.0, 0.0], [0.16772104720291195, 0.0, 0.0], [0.16666666666666669, 0.0, 0.0]]
alpha_34 = [[0.22069920954649336, 0.0, 0.0], [0.2077242386153038, 0.0, 0.0], [0.20816949843086457, 0.0, 0.0], [0.20827669242243196, 0.0, 0.0], [0.17959921901124448, 0.0, 0.0], [0.15349916206096254, 0.0, 0.0], [0.16056039271266026, 0.0, 0.0], [0.14020035089612598, 0.0, 0.0], [0.14496013196027874, 0.0, 0.0], [0.1498821359228459, 0.0, 0.0], [0.1450902027441182, 0.0, 0.0], [0.13643971262874122, 0.0, 0.0], [0.13815331159788513, 0.0, 0.0], [0.13888888984027087, 0.0, 0.0], [0.14601556339944208, 0.0, 0.0], [0.13249609491018777, 0.0, 0.0], [0.13522088918421832, 0.0, 0.0], [0.1428386646164232, 0.0, 0.0], [0.13634202089600225, 0.0, 0.0], [0.1343676182045018, 0.0, 0.0], [0.14511176310803656, 0.0, 0.0], [0.1572441792728037, 0.0, 0.0], [0.1675597152834291, 0.0, 0.0], [0.16666666666666666, 0.0, 0.0]]
alpha_35 = [[0.2637071292312348, 0.0, 0.0], [0.2763372672697282, 0.0, 0.0], [0.27738966298500234, 0.0, 0.0], [0.2776435423207348, 0.0, 0.0], [0.21626590243259192, 0.0, 0.0], [0.16988721669943377, 0.0, 0.0], [0.1816778549472272, 0.0, 0.0], [0.13313759030386463, 0.0, 0.0], [0.15630052169057443, 0.0, 0.0], [0.1640452527417034, 0.0, 0.0], [0.15650222503650665, 0.0, 0.0], [0.14342416263571614, 0.0, 0.0], [0.1459616678751737, 0.0, 0.0], [0.1470588241090711, 0.0, 0.0], [0.14917854306197303, 0.0, 0.0], [0.11904763947933324, 0.0, 0.0], [0.1190476206356459, 0.0, 0.0], [0.12511174506677028, 0.0, 0.0], [0.11904762144117549, 0.0, 0.0], [0.11904762064226744, 0.0, 0.0], [0.14615814611527367, 0.0, 0.0], [0.15421257937161537, 0.0, 0.0], [0.1661748043941741, 0.0, 0.0], [0.16666666666666666, 0.0, 0.0]]
alpha_36 = [[0.27694656845770416, 0.0, 0.0], [0.27562260903342806, 0.0, 0.0], [0.27719601274561256, 0.0, 0.0], [0.277576474687319, 0.0, 0.0], [0.25998405618215825, 0.0, 0.0], [0.2160113145710171, 0.0, 0.0], [0.18714485757650412, 0.0, 0.0], [0.14151196589981366, 0.0, 0.0], [0.18529165895686128, 0.0, 0.0], [0.20227279962749578, 0.0, 0.0], [0.18571728987198247, 0.0, 0.0], [0.15978298097449717, 0.0, 0.0], [0.1645637950373058, 0.0, 0.0], [0.16666666541156466, 0.0, 0.0], [0.1544077583802048, 0.0, 0.0], [0.1190476468159561, 0.0, 0.0], [0.11904762062924445, 0.0, 0.0], [0.1211618090423055, 0.0, 0.0], [0.1190476212548226, 0.0, 0.0], [0.11904762076210698, 0.0, 0.0], [0.16493876908883812, 0.0, 0.0], [0.16087912220059017, 0.0, 0.0], [0.16618923648040915, 0.0, 0.0], [0.16666666666666666, 0.0, 0.0]]
alpha_37 = [[0.2761203451162236, 0.0, 0.0], [0.2735006271878887, 0.0, 0.0], [0.27661668014017476, 0.0, 0.0], [0.27737546446928496, 0.0, 0.0], [0.2568970343432605, 0.0, 0.0], [0.2158932899195192, 0.0, 0.0], [0.18615509499298724, 0.0, 0.0], [0.17442625287438465, 0.0, 0.0], [0.18364129715866034, 0.0, 0.0], [0.20019070308259115, 0.0, 0.0], [0.2224820786591746, 0.0, 0.0], [0.24289662712116628, 0.0, 0.0], [0.26642925590097005, 0.0, 0.0], [0.27777773804206163, 0.0, 0.0], [0.19982405713589213, 0.0, 0.0], [0.11904767156766644, 0.0, 0.0], [0.1190476210621769, 0.0, 0.0], [0.12335240615341615, 0.0, 0.0], [0.11904762173638102, 0.0, 0.0], [0.11904762155525252, 0.0, 0.0], [0.2684050765510673, 0.0, 0.0], [0.17171205074268076, 0.0, 0.0], [0.16663788282117117, 0.0, 0.0], [0.16666666666666666, 0.0, 0.0]]
alpha_4 = [[0.1631130250749388, 0.0, 0.0], [0.2132179535310528, 0.0, 0.0], [0.21730450283090375, 0.0, 0.0], [0.22595470717339708, 0.0, 0.0], [0.21113399566847457, 0.0, 0.0], [0.20178391066996218, 0.0, 0.0], [0.195550589710513, 0.0, 0.0], [0.18533209634322748, 0.0, 0.0], [0.19015956519060997, 0.0, 0.0], [0.21472980397658736, 0.0, 0.0], [0.24763853426322216, 0.0, 0.0], [0.273003929120542, 0.0, 0.0], [0.2777777758273602, 0.0, 0.0], [0.27777776516738995, 0.0, 0.0], [0.2777777591293944, 0.0, 0.0], [0.2777777389678179, 0.0, 0.0], [0.2756657133205216, 0.0, 0.0], [0.25861616562277295, 0.0, 0.0], [0.2713057058543982, 0.0, 0.0], [0.20773085218604598, 0.0, 0.0], [0.11904761918168268, 0.0, 0.0], [0.16899524470614538, 0.0, 0.0], [0.16412796288789344, 0.0, 0.0], [0.16666666666666666, 0.0, 0.0]]
alpha_5 = [[0.20015702559968868, 0.0, 0.0], [0.2133657034232524, 0.0, 0.0], [0.21510060470682774, 0.0, 0.0], [0.22262457327380228, 0.0, 0.0], [0.2101009266828128, 0.0, 0.0], [0.19956806369358188, 0.0, 0.0], [0.19366815757529424, 0.0, 0.0], [0.18443514886185502, 0.0, 0.0], [0.1891581162711049, 0.0, 0.0], [0.21267833986772244, 0.0, 0.0], [0.24427047085828668, 0.0, 0.0], [0.27067801291304217, 0.0, 0.0], [0.2777777754145254, 0.0, 0.0], [0.277777764686041, 0.0, 0.0], [0.27777776035423807, 0.0, 0.0], [0.2777777544576737, 0.0, 0.0], [0.2746216997830858, 0.0, 0.0], [0.25722362679856625, 0.0, 0.0], [0.2687201810619028, 0.0, 0.0], [0.1844718214391519, 0.0, 0.0], [0.11904761921084128, 0.0, 0.0], [0.1906348172467567, 0.0, 0.0], [0.1664879434018386, 0.0, 0.0], [0.16666666666666666, 0.0, 0.0]]
alpha_6 = [[0.2001570255996811, 0.0, 0.0], [0.21336570342325226, 0.0, 0.0], [0.21510060470682715, 0.0, 0.0], [0.22262457327380117, 0.0, 0.0], [0.2101009266828128, 0.0, 0.0], [0.19956806369358207, 0.0, 0.0], [0.19366815757529393, 0.0, 0.0], [0.1844351488618552, 0.0, 0.0], [0.18915811627110474, 0.0, 0.0], [0.21267833986772222, 0.0, 0.0], [0.2442704708582865, 0.0, 0.0], [0.2706780129130424, 0.0, 0.0], [0.2777777754145254, 0.0, 0.0], [0.277777764686041, 0.0, 0.0], [0.27777776035423807, 0.0, 0.0], [0.2777777544576737, 0.0, 0.0], [0.2746216997830859, 0.0, 0.0], [0.25722362679856614, 0.0, 0.0], [0.26872018106190265, 0.0, 0.0], [0.1844718214391521, 0.0, 0.0], [0.11904761921084128, 0.0, 0.0], [0.1906348172467568, 0.0, 0.0], [0.16648794340183867, 0.0, 0.0], [0.16666666666666666, 0.0, 0.0]]
alpha_7 = [[0.14522358257601153, 0.0, 0.0], [0.21523691882432683, 0.0, 0.0], [0.21924184614789205, 0.0, 0.0], [0.22695750480218668, 0.0, 0.0], [0.21202592914442245, 0.0, 0.0], [0.20280827436801288, 0.0, 0.0], [0.19597669836861492, 0.0, 0.0], [0.18586792739994748, 0.0, 0.0], [0.19099848303068087, 0.0, 0.0], [0.215673270716402, 0.0, 0.0], [0.24858017515216185, 0.0, 0.0], [0.27147360740973236, 0.0, 0.0], [0.27777777615996496, 0.0, 0.0], [0.27777776502125656, 0.0, 0.0], [0.2777777544284972, 0.0, 0.0], [0.2589587278871854, 0.0, 0.0], [0.22852704825314507, 0.0, 0.0], [0.26120012754716765, 0.0, 0.0], [0.272168000436008, 0.0, 0.0], [0.18782660533150633, 0.0, 0.0], [0.11904761915622503, 0.0, 0.0], [0.1823362192834622, 0.0, 0.0], [0.16544600990798441, 0.0, 0.0], [0.16666666666666669, 0.0, 0.0]]
alpha_8 = [[0.153670792007963, 0.0, 0.0], [0.21628667828619477, 0.0, 0.0], [0.217505700073574, 0.0, 0.0], [0.22520559035957968, 0.0, 0.0], [0.21174528438916296, 0.0, 0.0], [0.2005357462221644, 0.0, 0.0], [0.1943277029619927, 0.0, 0.0], [0.18545383450320352, 0.0, 0.0], [0.19036074562155916, 0.0, 0.0], [0.21373061713015687, 0.0, 0.0], [0.2451649333590709, 0.0, 0.0], [0.26994202322915883, 0.0, 0.0], [0.2777777760457421, 0.0, 0.0], [0.277777765758374, 0.0, 0.0], [0.27777775745944233, 0.0, 0.0], [0.277777714520155, 0.0, 0.0], [0.27506482320470715, 0.0, 0.0], [0.25932609972571313, 0.0, 0.0], [0.27080078233039695, 0.0, 0.0], [0.1737597051393348, 0.0, 0.0], [0.11904761916214127, 0.0, 0.0], [0.18258227553689615, 0.0, 0.0], [0.16475339199332056, 0.0, 0.0], [0.16666666666666666, 0.0, 0.0]]
alpha_9 = [[0.17016767668450528, 0.0, 0.0], [0.21722236805687078, 0.0, 0.0], [0.2158867112297087, 0.0, 0.0], [0.22329525683244367, 0.0, 0.0], [0.2110314883933609, 0.0, 0.0], [0.19848717285738338, 0.0, 0.0], [0.19251858443257208, 0.0, 0.0], [0.18474586552996441, 0.0, 0.0], [0.18961138036802294, 0.0, 0.0], [0.2118640285127935, 0.0, 0.0], [0.2418961984975844, 0.0, 0.0], [0.26742742863532043, 0.0, 0.0], [0.27777777581195684, 0.0, 0.0], [0.2777777656970655, 0.0, 0.0], [0.2777777589858337, 0.0, 0.0], [0.27777774115442766, 0.0, 0.0], [0.27417227348970596, 0.0, 0.0], [0.2579201473670106, 0.0, 0.0], [0.26859024751155924, 0.0, 0.0], [0.15447755609607422, 0.0, 0.0], [0.11904761917638082, 0.0, 0.0], [0.18463399271971195, 0.0, 0.0], [0.16516206352509302, 0.0, 0.0], [0.16666666666666666, 0.0, 0.0]]
beta_1 = [[1.0, 0.16666666666666666, 0.0], [1.0, 0.12113219482578799, 0.0], [1.0, 0.14141683010500147, 0.0], [1.0, 0.2072223557048435, 0.0], [1.0, 0.13900414623357127, 0.0], [1.0, 0.2083333327631202, 0.0], [1.0, 0.2157685830654884, 0.0], [1.0, 0.2013916345632686, 0.0], [1.0, 0.18409088450892575, 0.0], [1.0, 0.19194891612011536, 0.0], [1.0, 0.22497028232719046, 0.0], [1.0, 0.26615784515368435, 0.0], [1.0, 0.27777777216550414, 0.0], [1.0, 0.2777777739945933, 0.0], [1.0, 0.27777775958648543, 0.0], [1.0, 0.27777775758845424, 0.0], [1.0, 0.2777777538518954, 0.0], [1.0, 0.27777774909255276, 0.0], [1.0, 0.2648380266881163, 0.0], [1.0, 0.2730065236629535, 0.0], [1.0, 0.27529658458805406, 0.0], [1.0, 0.11904761940385594, 0.0], [1.0, 0.2035262461934875, 0.0], [1.0, 0.16617985362293275, 0.0]]
beta_10 = [[1.0, 0.16666666666666666, 0.0], [1.0, 0.2166924661247605, 0.0], [1.0, 0.217501964243574, 0.0], [1.0, 0.21409807289879412, 0.0], [1.0, 0.2200302099745152, 0.0], [1.0, 0.20980608577925022, 0.0], [1.0, 0.19657725426849096, 0.0], [1.0, 0.19064733585780383, 0.0], [1.0, 0.18370523855800308, 0.0], [1.0, 0.1886344243730055, 0.0], [1.0, 0.21002663293383217, 0.0], [1.0, 0.23884572468966508, 0.0], [1.0, 0.26349047592749886, 0.0], [1.0, 0.27777777536261805, 0.0], [1.0, 0.2777777648468277, 0.0], [1.0, 0.27777775996738585, 0.0], [1.0, 0.2777777539863734, 0.0], [1.0, 0.27240441248288966, 0.0], [1.0, 0.2552963954487709, 0.0], [1.0, 0.26571600783333754, 0.0], [1.0, 0.1264198782437742, 0.0], [1.0, 0.11904761920573421, 0.0], [1.0, 0.18383962497735307, 0.0], [1.0, 0.16673085402872018, 0.0]]
beta_11 = [[1.0, 0.16666666666666666, 0.0], [1.0, 0.21669246612477244, 0.0], [1.0, 0.21750196424357443, 0.0], [1.0, 0.21409807289879407, 0.0], [1.0, 0.22003020997451528, 0.0], [1.0, 0.2098060857792501, 0.0], [1.0, 0.196577254268491, 0.0], [1.0, 0.1906473358578035, 0.0], [1.0, 0.18370523855800341, 0.0], [1.0, 0.1886344243730054, 0.0], [1.0, 0.21002663293383195, 0.0], [1.0, 0.2388457246896653, 0.0], [1.0, 0.26349047592749886, 0.0], [1.0, 0.27777777536261805, 0.0], [1.0, 0.2777777648468277, 0.0], [1.0, 0.27777775996738585, 0.0], [1.0, 0.2777777539863734, 0.0], [1.0, 0.2724044124828899, 0.0], [1.0, 0.25529639544877125, 0.0], [1.0, 0.26571600783333704, 0.0], [1.0, 0.12641987824377418, 0.0], [1.0, 0.11904761920573421, 0.0], [1.0, 0.1838396249773531, 0.0], [1.0, 0.16673085402871926, 0.0]]
beta_12 = [[1.0, 0.16666666666666669, 0.0], [1.0, 0.1571088437128718, 0.0], [1.0, 0.20622923951479458, 0.0], [1.0, 0.2312883873031708, 0.0], [1.0, 0.2439769705189223, 0.0], [1.0, 0.232100765514916, 0.0], [1.0, 0.16500778010243353, 0.0], [1.0, 0.16127878526639586, 0.0], [1.0, 0.15654368285894, 0.0], [1.0, 0.15910417113126243, 0.0], [1.0, 0.1700048562380254, 0.0], [1.0, 0.18276760228376318, 0.0], [1.0, 0.18909290501398165, 0.0], [1.0, 0.19082438814944153, 0.0], [1.0, 0.17565875302816164, 0.0], [1.0, 0.1650513120955771, 0.0], [1.0, 0.14735969911155625, 0.0], [1.0, 0.14043666620011902, 0.0], [1.0, 0.14504556695881168, 0.0], [1.0, 0.1671346082505665, 0.0], [1.0, 0.1541456325763513, 0.0], [1.0, 0.11904761910596669, 0.0], [1.0, 0.20001555644618282, 0.0], [1.0, 0.1622811862375107, 0.0]]
beta_13 = [[1.0, 0.16666666666666666, 0.0], [1.0, 0.13605540932767804, 0.0], [1.0, 0.21172734563220408, 0.0], [1.0, 0.20506250060794498, 0.0], [1.0, 0.22693447624751734, 0.0], [1.0, 0.21300405726532762, 0.0], [1.0, 0.20206612246316968, 0.0], [1.0, 0.19461740277121803, 0.0], [1.0, 0.1860724786857383, 0.0], [1.0, 0.19141856095834925, 0.0], [1.0, 0.2147771139126094, 0.0], [1.0, 0.24605709699160982, 0.0], [1.0, 0.26856932358444263, 0.0], [1.0, 0.2776835972318832, 0.0], [1.0, 0.2777777637480472, 0.0], [1.0, 0.27777772191129546, 0.0], [1.0, 0.20468636557672829, 0.0], [1.0, 0.18994064251991266, 0.0], [1.0, 0.22738714096598395, 0.0], [1.0, 0.23337131236424172, 0.0], [1.0, 0.15833154679612818, 0.0], [1.0, 0.11904761912823339, 0.0], [1.0, 0.1993890877562986, 0.0], [1.0, 0.16548696454546, 0.0]]
beta_14 = [[1.0, 0.16666666666666666, 0.0], [1.0, 0.13889006483946476, 0.0], [1.0, 0.22168042165897975, 0.0], [1.0, 0.21902459733583546, 0.0], [1.0, 0.2254703231446963, 0.0], [1.0, 0.2128310143126606, 0.0], [1.0, 0.20042476051098784, 0.0], [1.0, 0.19339784595262582, 0.0], [1.0, 0.18582738195673057, 0.0], [1.0, 0.1910355850683774, 0.0], [1.0, 0.21335633389141542, 0.0], [1.0, 0.24344734436714624, 0.0], [1.0, 0.2673034344903486, 0.0], [1.0, 0.27767014823336805, 0.0], [1.0, 0.2777777652250222, 0.0], [1.0, 0.27777773724194577, 0.0], [1.0, 0.2203435744166432, 0.0], [1.0, 0.20512162604687315, 0.0], [1.0, 0.26136675356851286, 0.0], [1.0, 0.22816066845443256, 0.0], [1.0, 0.14916821917991568, 0.0], [1.0, 0.11904761912988772, 0.0], [1.0, 0.19166237560422378, 0.0], [1.0, 0.16205990642287774, 0.0]]
beta_15 = [[1.0, 0.16666666666666666, 0.0], [1.0, 0.1428585940947909, 0.0], [1.0, 0.22283212842995437, 0.0], [1.0, 0.21822123977130495, 0.0], [1.0, 0.2238884425000607, 0.0], [1.0, 0.21239004056221114, 0.0], [1.0, 0.19901560415945685, 0.0], [1.0, 0.192134004658704, 0.0], [1.0, 0.1854074069042039, 0.0], [1.0, 0.19062065868980993, 0.0], [1.0, 0.2120825095981081, 0.0], [1.0, 0.24107628263644443, 0.0], [1.0, 0.2656340294255836, 0.0], [1.0, 0.27765221820629526, 0.0], [1.0, 0.27777776566575485, 0.0], [1.0, 0.27777774663369165, 0.0], [1.0, 0.24642337424054905, 0.0], [1.0, 0.23044644601749678, 0.0], [1.0, 0.260137136295041, 0.0], [1.0, 0.2215646308855318, 0.0], [1.0, 0.13848214287479427, 0.0], [1.0, 0.11904761913307589, 0.0], [1.0, 0.199203579846363, 0.0], [1.0, 0.16208716247523847, 0.0]]
beta_16 = [[1.0, 0.16666666666666666, 0.0], [1.0, 0.15623987573631876, 0.0], [1.0, 0.22206257031873736, 0.0], [1.0, 0.21718976556621422, 0.0], [1.0, 0.22421255004768964, 0.0], [1.0, 0.2113499290243898, 0.0], [1.0, 0.19825393410969766, 0.0], [1.0, 0.1916365417171586, 0.0], [1.0, 0.1850576010048435, 0.0], [1.0, 0.19016763521642382, 0.0], [1.0, 0.21138687596631395, 0.0], [1.0, 0.24015766751330553, 0.0], [1.0, 0.2650540322025493, 0.0], [1.0, 0.27777777638261625, 0.0], [1.0, 0.2777777653473129, 0.0], [1.0, 0.27777775486714135, 0.0], [1.0, 0.2777777463998903, 0.0], [1.0, 0.27487711373288914, 0.0], [1.0, 0.25905685056583794, 0.0], [1.0, 0.23112800123527424, 0.0], [1.0, 0.1277702603842853, 0.0], [1.0, 0.1190476191434515, 0.0], [1.0, 0.1841172934403642, 0.0], [1.0, 0.16536558886757957, 0.0]]
beta_17 = [[1.0, 0.16666666666666666, 0.0], [1.0, 0.22722988593793716, 0.0], [1.0, 0.22233603510498473, 0.0], [1.0, 0.21501514358715673, 0.0], [1.0, 0.2201025550497595, 0.0], [1.0, 0.20950266913600968, 0.0], [1.0, 0.19549500044067905, 0.0], [1.0, 0.1888682421728112, 0.0], [1.0, 0.18331194335957907, 0.0], [1.0, 0.188650180486371, 0.0], [1.0, 0.20876997855031776, 0.0], [1.0, 0.23579416094994468, 0.0], [1.0, 0.2592998911042974, 0.0], [1.0, 0.277777775791874, 0.0], [1.0, 0.27777776420197925, 0.0], [1.0, 0.2777777587656759, 0.0], [1.0, 0.27777775743193844, 0.0], [1.0, 0.2720364139437238, 0.0], [1.0, 0.25510705514274407, 0.0], [1.0, 0.19956320778557757, 0.0], [1.0, 0.11904762014758931, 0.0], [1.0, 0.11904761917735004, 0.0], [1.0, 0.13769096469313596, 0.0], [1.0, 0.16757770468927763, 0.0]]
beta_18 = [[1.0, 0.16666666666666666, 0.0], [1.0, 0.1442394792861668, 0.0], [1.0, 0.22470164006096638, 0.0], [1.0, 0.2177222372105823, 0.0], [1.0, 0.22086656741681748, 0.0], [1.0, 0.21192586684710402, 0.0], [1.0, 0.19744048208521925, 0.0], [1.0, 0.19042799368854013, 0.0], [1.0, 0.18467128867352714, 0.0], [1.0, 0.19010560564012158, 0.0], [1.0, 0.21063689212474018, 0.0], [1.0, 0.23821302268500977, 0.0], [1.0, 0.26219567862655013, 0.0], [1.0, 0.2775267732195369, 0.0], [1.0, 0.2777777658355656, 0.0], [1.0, 0.2777777532941964, 0.0], [1.0, 0.27777773768722475, 0.0], [1.0, 0.2741188064523874, 0.0], [1.0, 0.25854830683288266, 0.0], [1.0, 0.2023346630001043, 0.0], [1.0, 0.1246168497495723, 0.0], [1.0, 0.11904761913592428, 0.0], [1.0, 0.22407025688555537, 0.0], [1.0, 0.16490686268947932, 0.0]]
beta_19 = [[1.0, 0.16666666666666666, 0.0], [1.0, 0.1613066605324642, 0.0], [1.0, 0.22577731125811476, 0.0], [1.0, 0.21651483772134789, 0.0], [1.0, 0.21686538745991873, 0.0], [1.0, 0.21047600296515018, 0.0], [1.0, 0.19528281205599857, 0.0], [1.0, 0.18822581513552172, 0.0], [1.0, 0.18336161154427183, 0.0], [1.0, 0.18906916324275616, 0.0], [1.0, 0.20867221161709648, 0.0], [1.0, 0.2347281219677136, 0.0], [1.0, 0.2575034570829421, 0.0], [1.0, 0.2774014412309098, 0.0], [1.0, 0.27777776530675835, 0.0], [1.0, 0.27777775731983606, 0.0], [1.0, 0.2777777532519389, 0.0], [1.0, 0.27232523940899955, 0.0], [1.0, 0.2558035621403392, 0.0], [1.0, 0.178562283229484, 0.0], [1.0, 0.11904761970750938, 0.0], [1.0, 0.11904761914987662, 0.0], [1.0, 0.2088767418246943, 0.0], [1.0, 0.16403462285870649, 0.0]]
beta_2 = [[1.0, 0.16666666666666669, 0.0], [1.0, 0.14363312233262268, 0.0], [1.0, 0.21368796393817685, 0.0], [1.0, 0.22049855218793246, 0.0], [1.0, 0.22844758245669927, 0.0], [1.0, 0.21177676352756442, 0.0], [1.0, 0.20495074492942714, 0.0], [1.0, 0.19732228789186743, 0.0], [1.0, 0.185939676862421, 0.0], [1.0, 0.19133690166039827, 0.0], [1.0, 0.2173789328313836, 0.0], [1.0, 0.25177705733980954, 0.0], [1.0, 0.27317292036761376, 0.0], [1.0, 0.2777777760902537, 0.0], [1.0, 0.27777776312331864, 0.0], [1.0, 0.2777777503074739, 0.0], [1.0, 0.2439755642751475, 0.0], [1.0, 0.2212024907819667, 0.0], [1.0, 0.24033563166183258, 0.0], [1.0, 0.24290566031705718, 0.0], [1.0, 0.20720209106821313, 0.0], [1.0, 0.11904761916393325, 0.0], [1.0, 0.19066984712575855, 0.0], [1.0, 0.16402667413747263, 0.0]]
beta_20 = [[1.0, 0.16666666666666666, 0.0], [1.0, 0.2500783450740353, 0.0], [1.0, 0.22587619278803453, 0.0], [1.0, 0.2154134325685001, 0.0], [1.0, 0.2088336882293134, 0.0], [1.0, 0.20833333300307416, 0.0], [1.0, 0.19265230092471097, 0.0], [1.0, 0.18560322147058964, 0.0], [1.0, 0.18148745773137467, 0.0], [1.0, 0.18752237823173226, 0.0], [1.0, 0.20628175901142445, 0.0], [1.0, 0.23079647903320047, 0.0], [1.0, 0.2522147104663016, 0.0], [1.0, 0.27702612350295314, 0.0], [1.0, 0.27777776388014286, 0.0], [1.0, 0.27777775943960936, 0.0], [1.0, 0.27777775633623114, 0.0], [1.0, 0.2684482372659726, 0.0], [1.0, 0.252132637757509, 0.0], [1.0, 0.13285795449219026, 0.0], [1.0, 0.11904761965429962, 0.0], [1.0, 0.11904761917577267, 0.0], [1.0, 0.20548067808853201, 0.0], [1.0, 0.1668277719586673, 0.0]]
beta_21 = [[1.0, 0.16666666666666666, 0.0], [1.0, 0.1799629849929013, 0.0], [1.0, 0.20245731628473396, 0.0], [1.0, 0.25230028328120624, 0.0], [1.0, 0.2569793493088629, 0.0], [1.0, 0.24855016929634233, 0.0], [1.0, 0.1446368864323157, 0.0], [1.0, 0.14280530981786876, 0.0], [1.0, 0.140137813450505, 0.0], [1.0, 0.14136576671844098, 0.0], [1.0, 0.14686362189686822, 0.0], [1.0, 0.15291097977804907, 0.0], [1.0, 0.1551160515593633, 0.0], [1.0, 0.1551999326112513, 0.0], [1.0, 0.13834102451239527, 0.0], [1.0, 0.13142492996362737, 0.0], [1.0, 0.1251615396212689, 0.0], [1.0, 0.12097210396052495, 0.0], [1.0, 0.11904765513644645, 0.0], [1.0, 0.14452694846291256, 0.0], [1.0, 0.1463134554780508, 0.0], [1.0, 0.11904761908706119, 0.0], [1.0, 0.19594493693536474, 0.0], [1.0, 0.16508320143278718, 0.0]]
beta_22 = [[1.0, 0.16666666666666666, 0.0], [1.0, 0.1885259565160084, 0.0], [1.0, 0.2019698717271271, 0.0], [1.0, 0.25483867999613125, 0.0], [1.0, 0.2588283538225328, 0.0], [1.0, 0.2520515250697425, 0.0], [1.0, 0.1404422052944887, 0.0], [1.0, 0.1390559625782501, 0.0], [1.0, 0.13700772382299292, 0.0], [1.0, 0.1379723929396837, 0.0], [1.0, 0.14235958862744905, 0.0], [1.0, 0.1472198909849632, 0.0], [1.0, 0.1492652225238207, 0.0], [1.0, 0.14934979192641207, 0.0], [1.0, 0.1324397614113114, 0.0], [1.0, 0.13012086833086098, 0.0], [1.0, 0.12415908386594161, 0.0], [1.0, 0.12056328671115996, 0.0], [1.0, 0.11904765780652146, 0.0], [1.0, 0.13862414381810528, 0.0], [1.0, 0.14041457228879545, 0.0], [1.0, 0.11904761908488645, 0.0], [1.0, 0.20786326777634478, 0.0], [1.0, 0.1625578035587083, 0.0]]
beta_23 = [[1.0, 0.16666666666666666, 0.0], [1.0, 0.199890117332297, 0.0], [1.0, 0.21667164568159072, 0.0], [1.0, 0.2583617069804914, 0.0], [1.0, 0.2613555586180571, 0.0], [1.0, 0.2561215154400429, 0.0], [1.0, 0.13588958031115705, 0.0], [1.0, 0.13487889078660842, 0.0], [1.0, 0.13341436735297113, 0.0], [1.0, 0.13414095505945672, 0.0], [1.0, 0.1374230127502544, 0.0], [1.0, 0.1410724996660968, 0.0], [1.0, 0.14282828031727438, 0.0], [1.0, 0.14291325836655075, 0.0], [1.0, 0.1310123902242903, 0.0], [1.0, 0.12866218683145741, 0.0], [1.0, 0.12303649326742139, 0.0], [1.0, 0.12013252015455567, 0.0], [1.0, 0.11904766112126086, 0.0], [1.0, 0.13217412730901665, 0.0], [1.0, 0.1339614470514794, 0.0], [1.0, 0.11904761908228895, 0.0], [1.0, 0.22415367695064198, 0.0], [1.0, 0.16039908965245442, 0.0]]
beta_24 = [[1.0, 0.16666666666666666, 0.0], [1.0, 0.21569877551737077, 0.0], [1.0, 0.23770999918579017, 0.0], [1.0, 0.26302624676689, 0.0], [1.0, 0.26487236102551504, 0.0], [1.0, 0.26113961214294096, 0.0], [1.0, 0.13086363294695097, 0.0], [1.0, 0.13019488002187074, 0.0], [1.0, 0.12927304340973847, 0.0], [1.0, 0.12977024862034622, 0.0], [1.0, 0.13194906739446255, 0.0], [1.0, 0.13437096360641926, 0.0], [1.0, 0.135712509220848, 0.0], [1.0, 0.13579751385769506, 0.0], [1.0, 0.12949694785347698, 0.0], [1.0, 0.12701680362211282, 0.0], [1.0, 0.12176266593408726, 0.0], [1.0, 0.11967668172411919, 0.0], [1.0, 0.11904766517446816, 0.0], [1.0, 0.12509710878483477, 0.0], [1.0, 0.12687211679458346, 0.0], [1.0, 0.11904761907944666, 0.0], [1.0, 0.24776229512265172, 0.0], [1.0, 0.1610036993271852, 0.0]]
beta_25 = [[1.0, 0.16666666666666666, 0.0], [1.0, 0.11904762000174113, 0.0], [1.0, 0.22612138538061227, 0.0], [1.0, 0.21907948583574477, 0.0], [1.0, 0.22319754499858602, 0.0], [1.0, 0.21181426789558447, 0.0], [1.0, 0.20105875732105985, 0.0], [1.0, 0.19410644063734644, 0.0], [1.0, 0.18603528572943984, 0.0], [1.0, 0.1909805741113009, 0.0], [1.0, 0.21411448892117205, 0.0], [1.0, 0.2465271931397959, 0.0], [1.0, 0.27451886683277194, 0.0], [1.0, 0.2777777753861449, 0.0], [1.0, 0.2777776476392836, 0.0], [1.0, 0.19921965779060147, 0.0], [1.0, 0.13020045093831034, 0.0], [1.0, 0.12025153330853695, 0.0], [1.0, 0.11904804209547815, 0.0], [1.0, 0.11904763044298866, 0.0], [1.0, 0.11904762169632976, 0.0], [1.0, 0.11904761924420135, 0.0], [1.0, 0.27777777733119646, 0.0], [1.0, 0.16631127097300918, 0.0]]
beta_26 = [[1.0, 0.16666666666666663, 0.0], [1.0, 0.2777777776686374, 0.0], [1.0, 0.2777777776849649, 0.0], [1.0, 0.27777777769760464, 0.0], [1.0, 0.27777777772433165, 0.0], [1.0, 0.27777777773268886, 0.0], [1.0, 0.11904761910906593, 0.0], [1.0, 0.11904761908339433, 0.0], [1.0, 0.11904761907127655, 0.0], [1.0, 0.11904761906112811, 0.0], [1.0, 0.11904761906008512, 0.0], [1.0, 0.11904761905977287, 0.0], [1.0, 0.11904761906148432, 0.0], [1.0, 0.11904761907109415, 0.0], [1.0, 0.11904761906204171, 0.0], [1.0, 0.11904761906144255, 0.0], [1.0, 0.11904761906002533, 0.0], [1.0, 0.11904761905769047, 0.0], [1.0, 0.11904761905429355, 0.0], [1.0, 0.11904761905385172, 0.0], [1.0, 0.11904761905384657, 0.0], [1.0, 0.11904761905263823, 0.0], [1.0, 0.24060556902875382, 0.0], [1.0, 0.16113489069617973, 0.0]]
beta_27 = [[1.0, 0.16666666666666666, 0.0], [1.0, 0.19037180026643924, 0.0], [1.0, 0.19217189133786594, 0.0], [1.0, 0.20060046194978282, 0.0], [1.0, 0.20053415771830457, 0.0], [1.0, 0.19049005804723268, 0.0], [1.0, 0.1499403439215523, 0.0], [1.0, 0.14576570800219804, 0.0], [1.0, 0.1480320853863797, 0.0], [1.0, 0.15592152958430425, 0.0], [1.0, 0.15233432528492677, 0.0], [1.0, 0.155821360255197, 0.0], [1.0, 0.16323105562571688, 0.0], [1.0, 0.16163206409035952, 0.0], [1.0, 0.1609671374283341, 0.0], [1.0, 0.15495839603228825, 0.0], [1.0, 0.14747406641687233, 0.0], [1.0, 0.14586918466905968, 0.0], [1.0, 0.14128970388018916, 0.0], [1.0, 0.14529887027910898, 0.0], [1.0, 0.14633271122246394, 0.0], [1.0, 0.1388039485583177, 0.0], [1.0, 0.1856782505676892, 0.0], [1.0, 0.16786747156771437, 0.0]]
beta_28 = [[1.0, 0.16666666666666669, 0.0], [1.0, 0.2162884572846474, 0.0], [1.0, 0.2189404739805926, 0.0], [1.0, 0.2324478582870027, 0.0], [1.0, 0.23234103788422236, 0.0], [1.0, 0.18022330495700503, 0.0], [1.0, 0.15814820026153253, 0.0], [1.0, 0.15261609302211762, 0.0], [1.0, 0.1423577167905164, 0.0], [1.0, 0.16621845875267774, 0.0], [1.0, 0.16135771763191073, 0.0], [1.0, 0.1660818796465701, 0.0], [1.0, 0.176318884297515, 0.0], [1.0, 0.17408654013949718, 0.0], [1.0, 0.1731620371554922, 0.0], [1.0, 0.16472166825342952, 0.0], [1.0, 0.13482496839731592, 0.0], [1.0, 0.13378164751785118, 0.0], [1.0, 0.1363100650620789, 0.0], [1.0, 0.13349393019007447, 0.0], [1.0, 0.1340433295797561, 0.0], [1.0, 0.126444420755893, 0.0], [1.0, 0.17413131417442632, 0.0], [1.0, 0.16564424435682487, 0.0]]
beta_29 = [[1.0, 0.16666666666666666, 0.0], [1.0, 0.24536183190119926, 0.0], [1.0, 0.2770609256485577, 0.0], [1.0, 0.27777777540056015, 0.0], [1.0, 0.27777777404825127, 0.0], [1.0, 0.2067892995082788, 0.0], [1.0, 0.1722956022588902, 0.0], [1.0, 0.16419050349879266, 0.0], [1.0, 0.14193232626662408, 0.0], [1.0, 0.18449422855720843, 0.0], [1.0, 0.17709260941583915, 0.0], [1.0, 0.18428396562581753, 0.0], [1.0, 0.20042378388228144, 0.0], [1.0, 0.19683734105062647, 0.0], [1.0, 0.19536315992423736, 0.0], [1.0, 0.17159461610927584, 0.0], [1.0, 0.12262661539858234, 0.0], [1.0, 0.11904762070891059, 0.0], [1.0, 0.12246404874600877, 0.0], [1.0, 0.11904762141557271, 0.0], [1.0, 0.1190476203041465, 0.0], [1.0, 0.11904762061423292, 0.0], [1.0, 0.15927395175053788, 0.0], [1.0, 0.1620944069180593, 0.0]]
beta_3 = [[1.0, 0.16666666666666666, 0.0], [1.0, 0.1492974364017403, 0.0], [1.0, 0.21263262923412418, 0.0], [1.0, 0.21946396180103814, 0.0], [1.0, 0.2278487910647328, 0.0], [1.0, 0.21156968189088277, 0.0], [1.0, 0.20429921965150843, 0.0], [1.0, 0.19728563297866678, 0.0], [1.0, 0.18584278270657167, 0.0], [1.0, 0.19097071918417186, 0.0], [1.0, 0.21688198414728893, 0.0], [1.0, 0.25128879350917943, 0.0], [1.0, 0.27418194162884113, 0.0], [1.0, 0.27777777601295195, 0.0], [1.0, 0.27777776446650565, 0.0], [1.0, 0.27777775648060526, 0.0], [1.0, 0.277777677602878, 0.0], [1.0, 0.2603349671331349, 0.0], [1.0, 0.2610138723216132, 0.0], [1.0, 0.2728952832467253, 0.0], [1.0, 0.2217078073137592, 0.0], [1.0, 0.11904761916981879, 0.0], [1.0, 0.18733593370445684, 0.0], [1.0, 0.1656275105285469, 0.0]]
beta_30 = [[1.0, 0.16666666666666666, 0.0], [1.0, 0.27777776004825927, 0.0], [1.0, 0.2777777732995625, 0.0], [1.0, 0.27777777583141305, 0.0], [1.0, 0.2777777741229169, 0.0], [1.0, 0.2610125354917585, 0.0], [1.0, 0.2150028974833086, 0.0], [1.0, 0.18732536172783087, 0.0], [1.0, 0.17652786103126178, 0.0], [1.0, 0.18573386021414343, 0.0], [1.0, 0.2030091866372763, 0.0], [1.0, 0.2264214847188706, 0.0], [1.0, 0.24623427804904774, 0.0], [1.0, 0.2695095635670288, 0.0], [1.0, 0.2777777487790146, 0.0], [1.0, 0.2256543643949001, 0.0], [1.0, 0.13478259263325193, 0.0], [1.0, 0.11904762135216707, 0.0], [1.0, 0.12952328995623924, 0.0], [1.0, 0.11904762241809685, 0.0], [1.0, 0.11904762064742887, 0.0], [1.0, 0.11904762030064864, 0.0], [1.0, 0.2717562535215209, 0.0], [1.0, 0.16482063886122506, 0.0]]
beta_31 = [[1.0, 0.16666666666666666, 0.0], [1.0, 0.27717657679962066, 0.0], [1.0, 0.27634780445830415, 0.0], [1.0, 0.27777777492754696, 0.0], [1.0, 0.2777777742971855, 0.0], [1.0, 0.26097477726215745, 0.0], [1.0, 0.19675715472989969, 0.0], [1.0, 0.1882593063053706, 0.0], [1.0, 0.1416669669604726, 0.0], [1.0, 0.185736545297036, 0.0], [1.0, 0.20247484247010616, 0.0], [1.0, 0.22499490032888472, 0.0], [1.0, 0.24397314858219726, 0.0], [1.0, 0.2435785374399633, 0.0], [1.0, 0.23599685753374658, 0.0], [1.0, 0.18289985453460594, 0.0], [1.0, 0.11904768555503677, 0.0], [1.0, 0.1190476205305935, 0.0], [1.0, 0.12090412625928094, 0.0], [1.0, 0.11904762103327295, 0.0], [1.0, 0.11904762011415482, 0.0], [1.0, 0.1190476198709828, 0.0], [1.0, 0.15344255209313293, 0.0], [1.0, 0.16353004490358397, 0.0]]
beta_32 = [[1.0, 0.16666666666666666, 0.0], [1.0, 0.2765779952586296, 0.0], [1.0, 0.2749324806989009, 0.0], [1.0, 0.27777777310762036, 0.0], [1.0, 0.2777777736734221, 0.0], [1.0, 0.2580183586626204, 0.0], [1.0, 0.21641445623632283, 0.0], [1.0, 0.18691524604721416, 0.0], [1.0, 0.17489802101590424, 0.0], [1.0, 0.18410605772932934, 0.0], [1.0, 0.20041085510684556, 0.0], [1.0, 0.22167336663835793, 0.0], [1.0, 0.23948746314129638, 0.0], [1.0, 0.2616320711960517, 0.0], [1.0, 0.27777774371081076, 0.0], [1.0, 0.19877681475720943, 0.0], [1.0, 0.11904774860246023, 0.0], [1.0, 0.11904762095287126, 0.0], [1.0, 0.12281942315150675, 0.0], [1.0, 0.1190476214993611, 0.0], [1.0, 0.1190476202646738, 0.0], [1.0, 0.11904762025347101, 0.0], [1.0, 0.2048871134851055, 0.0], [1.0, 0.16621229723893965, 0.0]]
beta_33 = [[1.0, 0.16666666666666669, 0.0], [1.0, 0.1922482564426182, 0.0], [1.0, 0.19009048211063512, 0.0], [1.0, 0.18106029053305642, 0.0], [1.0, 0.18112515473237614, 0.0], [1.0, 0.19210373498187677, 0.0], [1.0, 0.14510092489858992, 0.0], [1.0, 0.15009270853626674, 0.0], [1.0, 0.14730605832712815, 0.0], [1.0, 0.13891283652530947, 0.0], [1.0, 0.14250033531365006, 0.0], [1.0, 0.139008372350134, 0.0], [1.0, 0.13256629555653446, 0.0], [1.0, 0.13385683349107547, 0.0], [1.0, 0.13440860319924958, 0.0], [1.0, 0.1398420741650209, 0.0], [1.0, 0.14797465872959764, 0.0], [1.0, 0.1499612636657006, 0.0], [1.0, 0.15620728992909277, 0.0], [1.0, 0.1506909497115713, 0.0], [1.0, 0.14937752930715836, 0.0], [1.0, 0.16000894623165857, 0.0], [1.0, 0.17092669275650194, 0.0], [1.0, 0.16772104720291195, 0.0]]
beta_34 = [[1.0, 0.16666666666666666, 0.0], [1.0, 0.22069920954649336, 0.0], [1.0, 0.2077242386153038, 0.0], [1.0, 0.20816949843086457, 0.0], [1.0, 0.20827669242243196, 0.0], [1.0, 0.17959921901124448, 0.0], [1.0, 0.15349916206096254, 0.0], [1.0, 0.16056039271266026, 0.0], [1.0, 0.14020035089612598, 0.0], [1.0, 0.14496013196027874, 0.0], [1.0, 0.1498821359228459, 0.0], [1.0, 0.1450902027441182, 0.0], [1.0, 0.13643971262874122, 0.0], [1.0, 0.13815331159788513, 0.0], [1.0, 0.13888888984027087, 0.0], [1.0, 0.14601556339944208, 0.0], [1.0, 0.13249609491018777, 0.0], [1.0, 0.13522088918421832, 0.0], [1.0, 0.1428386646164232, 0.0], [1.0, 0.13634202089600225, 0.0], [1.0, 0.1343676182045018, 0.0], [1.0, 0.14511176310803656, 0.0], [1.0, 0.1572441792728037, 0.0], [1.0, 0.1675597152834291, 0.0]]
beta_35 = [[1.0, 0.16666666666666666, 0.0], [1.0, 0.2637071292312348, 0.0], [1.0, 0.2763372672697282, 0.0], [1.0, 0.27738966298500234, 0.0], [1.0, 0.2776435423207348, 0.0], [1.0, 0.21626590243259192, 0.0], [1.0, 0.16988721669943377, 0.0], [1.0, 0.1816778549472272, 0.0], [1.0, 0.13313759030386463, 0.0], [1.0, 0.15630052169057443, 0.0], [1.0, 0.1640452527417034, 0.0], [1.0, 0.15650222503650665, 0.0], [1.0, 0.14342416263571614, 0.0], [1.0, 0.1459616678751737, 0.0], [1.0, 0.1470588241090711, 0.0], [1.0, 0.14917854306197303, 0.0], [1.0, 0.11904763947933324, 0.0], [1.0, 0.1190476206356459, 0.0], [1.0, 0.12511174506677028, 0.0], [1.0, 0.11904762144117549, 0.0], [1.0, 0.11904762064226744, 0.0], [1.0, 0.14615814611527367, 0.0], [1.0, 0.15421257937161537, 0.0], [1.0, 0.1661748043941741, 0.0]]
beta_36 = [[1.0, 0.16666666666666666, 0.0], [1.0, 0.27694656845770416, 0.0], [1.0, 0.27562260903342806, 0.0], [1.0, 0.27719601274561256, 0.0], [1.0, 0.277576474687319, 0.0], [1.0, 0.25998405618215825, 0.0], [1.0, 0.2160113145710171, 0.0], [1.0, 0.18714485757650412, 0.0], [1.0, 0.14151196589981366, 0.0], [1.0, 0.18529165895686128, 0.0], [1.0, 0.20227279962749578, 0.0], [1.0, 0.18571728987198247, 0.0], [1.0, 0.15978298097449717, 0.0], [1.0, 0.1645637950373058, 0.0], [1.0, 0.16666666541156466, 0.0], [1.0, 0.1544077583802048, 0.0], [1.0, 0.1190476468159561, 0.0], [1.0, 0.11904762062924445, 0.0], [1.0, 0.1211618090423055, 0.0], [1.0, 0.1190476212548226, 0.0], [1.0, 0.11904762076210698, 0.0], [1.0, 0.16493876908883812, 0.0], [1.0, 0.16087912220059017, 0.0], [1.0, 0.16618923648040915, 0.0]]
beta_37 = [[1.0, 0.16666666666666666, 0.0], [1.0, 0.2761203451162236, 0.0], [1.0, 0.2735006271878887, 0.0], [1.0, 0.27661668014017476, 0.0], [1.0, 0.27737546446928496, 0.0], [1.0, 0.2568970343432605, 0.0], [1.0, 0.2158932899195192, 0.0], [1.0, 0.18615509499298724, 0.0], [1.0, 0.17442625287438465, 0.0], [1.0, 0.18364129715866034, 0.0], [1.0, 0.20019070308259115, 0.0], [1.0, 0.2224820786591746, 0.0], [1.0, 0.24289662712116628, 0.0], [1.0, 0.26642925590097005, 0.0], [1.0, 0.27777773804206163, 0.0], [1.0, 0.19982405713589213, 0.0], [1.0, 0.11904767156766644, 0.0], [1.0, 0.1190476210621769, 0.0], [1.0, 0.12335240615341615, 0.0], [1.0, 0.11904762173638102, 0.0], [1.0, 0.11904762155525252, 0.0], [1.0, 0.2684050765510673, 0.0], [1.0, 0.17171205074268076, 0.0], [1.0, 0.16663788282117117, 0.0]]
beta_4 = [[1.0, 0.16666666666666666, 0.0], [1.0, 0.1631130250749388, 0.0], [1.0, 0.2132179535310528, 0.0], [1.0, 0.21730450283090375, 0.0], [1.0, 0.22595470717339708, 0.0], [1.0, 0.21113399566847457, 0.0], [1.0, 0.20178391066996218, 0.0], [1.0, 0.195550589710513, 0.0], [1.0, 0.18533209634322748, 0.0], [1.0, 0.19015956519060997, 0.0], [1.0, 0.21472980397658736, 0.0], [1.0, 0.24763853426322216, 0.0], [1.0, 0.273003929120542, 0.0], [1.0, 0.2777777758273602, 0.0], [1.0, 0.27777776516738995, 0.0], [1.0, 0.2777777591293944, 0.0], [1.0, 0.2777777389678179, 0.0], [1.0, 0.2756657133205216, 0.0], [1.0, 0.25861616562277295, 0.0], [1.0, 0.2713057058543982, 0.0], [1.0, 0.20773085218604598, 0.0], [1.0, 0.11904761918168268, 0.0], [1.0, 0.16899524470614538, 0.0], [1.0, 0.16412796288789344, 0.0]]
beta_5 = [[1.0, 0.16666666666666666, 0.0], [1.0, 0.20015702559968868, 0.0], [1.0, 0.2133657034232524, 0.0], [1.0, 0.21510060470682774, 0.0], [1.0, 0.22262457327380228, 0.0], [1.0, 0.2101009266828128, 0.0], [1.0, 0.19956806369358188, 0.0], [1.0, 0.19366815757529424, 0.0], [1.0, 0.18443514886185502, 0.0], [1.0, 0.1891581162711049, 0.0], [1.0, 0.21267833986772244, 0.0], [1.0, 0.24427047085828668, 0.0], [1.0, 0.27067801291304217, 0.0], [1.0, 0.2777777754145254, 0.0], [1.0, 0.277777764686041, 0.0], [1.0, 0.27777776035423807, 0.0], [1.0, 0.2777777544576737, 0.0], [1.0, 0.2746216997830858, 0.0], [1.0, 0.25722362679856625, 0.0], [1.0, 0.2687201810619028, 0.0], [1.0, 0.1844718214391519, 0.0], [1.0, 0.11904761921084128, 0.0], [1.0, 0.1906348172467567, 0.0], [1.0, 0.1664879434018386, 0.0]]
beta_6 = [[1.0, 0.16666666666666666, 0.0], [1.0, 0.2001570255996811, 0.0], [1.0, 0.21336570342325226, 0.0], [1.0, 0.21510060470682715, 0.0], [1.0, 0.22262457327380117, 0.0], [1.0, 0.2101009266828128, 0.0], [1.0, 0.19956806369358207, 0.0], [1.0, 0.19366815757529393, 0.0], [1.0, 0.1844351488618552, 0.0], [1.0, 0.18915811627110474, 0.0], [1.0, 0.21267833986772222, 0.0], [1.0, 0.2442704708582865, 0.0], [1.0, 0.2706780129130424, 0.0], [1.0, 0.2777777754145254, 0.0], [1.0, 0.277777764686041, 0.0], [1.0, 0.27777776035423807, 0.0], [1.0, 0.2777777544576737, 0.0], [1.0, 0.2746216997830859, 0.0], [1.0, 0.25722362679856614, 0.0], [1.0, 0.26872018106190265, 0.0], [1.0, 0.1844718214391521, 0.0], [1.0, 0.11904761921084128, 0.0], [1.0, 0.1906348172467568, 0.0], [1.0, 0.16648794340183867, 0.0]]
beta_7 = [[1.0, 0.16666666666666669, 0.0], [1.0, 0.14522358257601153, 0.0], [1.0, 0.21523691882432683, 0.0], [1.0, 0.21924184614789205, 0.0], [1.0, 0.22695750480218668, 0.0], [1.0, 0.21202592914442245, 0.0], [1.0, 0.20280827436801288, 0.0], [1.0, 0.19597669836861492, 0.0], [1.0, 0.18586792739994748, 0.0], [1.0, 0.19099848303068087, 0.0], [1.0, 0.215673270716402, 0.0], [1.0, 0.24858017515216185, 0.0], [1.0, 0.27147360740973236, 0.0], [1.0, 0.27777777615996496, 0.0], [1.0, 0.27777776502125656, 0.0], [1.0, 0.2777777544284972, 0.0], [1.0, 0.2589587278871854, 0.0], [1.0, 0.22852704825314507, 0.0], [1.0, 0.26120012754716765, 0.0], [1.0, 0.272168000436008, 0.0], [1.0, 0.18782660533150633, 0.0], [1.0, 0.11904761915622503, 0.0], [1.0, 0.1823362192834622, 0.0], [1.0, 0.16544600990798441, 0.0]]
beta_8 = [[1.0, 0.16666666666666666, 0.0], [1.0, 0.153670792007963, 0.0], [1.0, 0.21628667828619477, 0.0], [1.0, 0.217505700073574, 0.0], [1.0, 0.22520559035957968, 0.0], [1.0, 0.21174528438916296, 0.0], [1.0, 0.2005357462221644, 0.0], [1.0, 0.1943277029619927, 0.0], [1.0, 0.18545383450320352, 0.0], [1.0, 0.19036074562155916, 0.0], [1.0, 0.21373061713015687, 0.0], [1.0, 0.2451649333590709, 0.0], [1.0, 0.26994202322915883, 0.0], [1.0, 0.2777777760457421, 0.0], [1.0, 0.277777765758374, 0.0], [1.0, 0.27777775745944233, 0.0], [1.0, 0.277777714520155, 0.0], [1.0, 0.27506482320470715, 0.0], [1.0, 0.25932609972571313, 0.0], [1.0, 0.27080078233039695, 0.0], [1.0, 0.1737597051393348, 0.0], [1.0, 0.11904761916214127, 0.0], [1.0, 0.18258227553689615, 0.0], [1.0, 0.16475339199332056, 0.0]]
beta_9 = [[1.0, 0.16666666666666666, 0.0], [1.0, 0.17016767668450528, 0.0], [1.0, 0.21722236805687078, 0.0], [1.0, 0.2158867112297087, 0.0], [1.0, 0.22329525683244367, 0.0], [1.0, 0.2110314883933609, 0.0], [1.0, 0.19848717285738338, 0.0], [1.0, 0.19251858443257208, 0.0], [1.0, 0.18474586552996441, 0.0], [1.0, 0.18961138036802294, 0.0], [1.0, 0.2118640285127935, 0.0], [1.0, 0.2418961984975844, 0.0], [1.0, 0.26742742863532043, 0.0], [1.0, 0.27777777581195684, 0.0], [1.0, 0.2777777656970655, 0.0], [1.0, 0.2777777589858337, 0.0], [1.0, 0.27777774115442766, 0.0], [1.0, 0.27417227348970596, 0.0], [1.0, 0.2579201473670106, 0.0], [1.0, 0.26859024751155924, 0.0], [1.0, 0.15447755609607422, 0.0], [1.0, 0.11904761917638082, 0.0], [1.0, 0.18463399271971195, 0.0], [1.0, 0.16516206352509302, 0.0]]
ell = [[0.10982974490102795, 0.09939466611339684, 0.09273078141946446, 0.08948657615642096, 0.09603346550193219, 0.12079283437501707, 0.158982442601749, 0.20248459650594797, 0.23274471816715675, 0.2407263683017123, 0.24086105137924405, 0.2146423134803305, 0.1838510817769203, 0.17241763111814642, 0.193042304244232, 0.22247280270853226, 0.2568527689834161, 0.28106176350206846, 0.265245052400028, 0.23282396162993946, 0.1929402603735651, 0.16116307230333202, 0.14024079443653772, 0.12079283437501707], [0.05041092608546906, 0.04586951917339588, 0.03557200098802032, 0.03320284192309816, 0.03596820887353614, 0.01567216957118085, 0.02349000607612024, 0.03066696578476173, 0.03300995355951478, 0.030435434119650016, 0.028930690526616218, 0.025931428214715516, 0.02396089082989641, 0.02225475522468847, 0.022919911383668223, 0.02793119732535528, 0.03901333188696299, 0.0531949114501719, 0.053551302897529206, 0.04386850357692006, 0.0328231543307353, 0.06185146543936582, 0.04025470508286533, 0.03357860707807479], [0.0043973993753237805, 0.0039794085573356015, 0.003712493772126522, 0.003582555229654324, 0.0038447776733853975, 0.004836571696427838, 0.006453851898307966, 0.008506674265866848, 0.010180657011028986, 0.011074306228078108, 0.011535040513439612, 0.010620198320809215, 0.009320996325205179, 0.008704148967722465, 0.009322000071542706, 0.010179557111365133, 0.011076103649617884, 0.01153960026346621, 0.010625711906504628, 0.00932602607525295, 0.007727452163207563, 0.006454025487360939, 0.00561571564625267, 0.004836571696427838], [0.0028193936358136044, 0.002551174161877395, 0.0023799172455173457, 0.002296552072083719, 0.0024647908831809616, 0.0031012423953539, 0.004139472625274801, 0.00545791986341915, 0.006533506268992481, 0.0071078563587293475, 0.007404010414180997, 0.006815985242444986, 0.005981096263821975, 0.005584780550323837, 0.005981742035206736, 0.006532798467402929, 0.007109013301123404, 0.007406945728278002, 0.006819533737976424, 0.005984332213184878, 0.0049573808679981715, 0.0041395842069508575, 0.003601364682507375, 0.0031012423953539], [0.0015887651598943857, 0.0014374929299615707, 0.0013409170404988875, 0.0012939085505762904, 0.0013887782534952548, 0.0017477453162918876, 0.0023335440008410533, 0.003077798893311629, 0.0036852179967286096, 0.0040096591867929245, 0.00417697422268008, 0.003844777275799753, 0.0033732248172711338, 0.003149428229895285, 0.003373589977634532, 0.0036848176643617565, 0.004010313709863984, 0.00417863503260383, 0.003846784544261344, 0.003375054631685925, 0.0027952051428799863, 0.0023336070401044663, 0.0020298957679658293, 0.0017477453162918876], [0.0007073922501553603, 0.0006399820113949714, 0.0005969504766235953, 0.0005760062016367923, 0.0006182756250681622, 0.0007782468019699962, 0.0010394039157812101, 0.0013713600028320127, 0.0016423996673962339, 0.0017872092876710986, 0.001861897979892899, 0.0017136127804820934, 0.0015031705053125963, 0.001403316231489151, 0.001503333656759546, 0.001642220758044015, 0.0017875018659525683, 0.00186264046810297, 0.0017145099410767284, 0.0015039880562872825, 0.0012452970113391508, 0.0010394320561324714, 0.0009040187384381612, 0.0007782468019699962], [0.00017716791089787665, 0.00016027058964458377, 0.0001494853434909246, 0.00014423631012236, 0.00015483006997447406, 0.00019493098884340875, 0.00026042199581410613, 0.0003437070696556202, 0.0004117379572075375, 0.0004480950047640856, 0.00046684948231577155, 0.00042961630866321913, 0.00037678817404230875, 0.00035172659094291945, 0.00037682917824002253, 0.0004116929816886069, 0.00044816857306930374, 0.0004670362024355836, 0.0004298418707409424, 0.0003769936460809898, 0.00031207404691443633, 0.0002604290618466822, 0.0002264674380404174, 0.00019493098884340875], [0.00862504457838951, 0.007804921909528073, 0.00728124293843757, 0.007026314210780808, 0.007540777719027124, 0.009486773224230851, 0.012057113521981206, 0.014020371036723977, 0.014397942351445257, 0.012831167379345988, 0.011340259268036626, 0.0091125101245251, 0.007219344761118734, 0.006861107237557617, 0.008847253332869695, 0.012049534017455366, 0.01655418758178043, 0.02072567648795957, 0.020849772160605115, 0.018298187730158202, 0.015160224896953413, 0.012660865689285731, 0.011015693714343038, 0.009486773224230851], [0.006346106762420145, 0.005742265011487163, 0.0053567244948595095, 0.005169052258170532, 0.005547794505729657, 0.006980651279901434, 0.008801987404624585, 0.01001802800971322, 0.010007100579653485, 0.008587181487429648, 0.007354246716800782, 0.005762832625847706, 0.004487334836989864, 0.004276029763620122, 0.005697561608869778, 0.00809636970055692, 0.011625220301353174, 0.015038039611199996, 0.015353439974602843, 0.013472519428445138, 0.01115993840500756, 0.009318495382280642, 0.0081066551938436, 0.006980651279901434], [0.004413891398752266, 0.003993597431633655, 0.0037252742087361115, 0.0035946681809709623, 0.003858249932985283, 0.004855606432894679, 0.0064821851111545314, 0.008545619276592382, 0.010225591640770344, 0.011116759214842733, 0.011573045704382173, 0.010648696364810287, 0.009341334834878862, 0.00872297151748726, 0.009348489003330879, 0.010217735898892178, 0.011129599987920322, 0.011605626866836026, 0.01068808429617794, 0.009377249811535733, 0.00776602469253222, 0.006483426160557324, 0.005639554365745824, 0.004855606432894679], [0.0028289647641512048, 0.0025594072798518818, 0.002387332287509956, 0.0023035794559517165, 0.0024726077479287527, 0.0031122910391423587, 0.004155862251188922, 0.0054802055236784315, 0.006558799972195097, 0.007131074518757968, 0.007424113002494502, 0.006830479202615279, 0.005991024344527623, 0.0055940407842933184, 0.0059956222709584206, 0.006553750150849953, 0.007139330397790939, 0.007445062836387813, 0.006855800956719479, 0.00601410675941442, 0.0049797915675502576, 0.004156659304143406, 0.0036152056605306404, 0.0031122910391423587], [0.00017680914023283638, 0.00015996200861485076, 0.00014920744518953207, 0.00014397295022243757, 0.00015453710130432168, 0.000194516787365029, 0.00025973888083290615, 0.0003425084650944203, 0.00040991870996759134, 0.00044568471973817895, 0.0004639990012146592, 0.000426898139696746, 0.0003744337949694184, 0.00034962299648250616, 0.0003747211533058671, 0.00040960311067540523, 0.00044620068626225715, 0.00046530829725176633, 0.0004284806731512901, 0.00037587638514126017, 0.00031123335895560277, 0.0002597886951959335, 0.0002259484577110633, 0.000194516787365029], [0.0007085212014844056, 0.0006409526704250938, 0.0005978244060862049, 0.0005768343091241497, 0.0006191970609901625, 0.0007795506625763518, 0.0010412502286890133, 0.001373517447099785, 0.001644243525595328, 0.001787921170693151, 0.0018615016699131313, 0.0017124452045969895, 0.0015017148798414915, 0.0014020803430055727, 0.0015028704503909313, 0.0016429740643784916, 0.0017899970996124892, 0.0018667701200437183, 0.0017188115506441013, 0.0015075160985161483, 0.001247949024930187, 0.0010414503695740818, 0.0009056534458713118, 0.0007795506625763518], [0.0001774511711522091, 0.00016051409002071042, 0.00014970455217162943, 0.00014444401290730744, 0.0001550612084703617, 0.00019525819331203206, 0.0002608856061338284, 0.00034424916363098764, 0.00041220148111502104, 0.00044827400664584026, 0.00046674981889700855, 0.00042932276038788525, 0.00037642233858283555, 0.00035141603710791647, 0.0003767127625057743, 0.0004118823534329132, 0.0004487959981051328, 0.00046807473078692557, 0.00043092338091996473, 0.0003778803425639095, 0.00031274025016189894, 0.00026093586185176883, 0.00022687779126319538, 0.00019525819331203206], [0.014241670163721718, 0.012888212299486055, 0.012023916542831688, 0.011603156236187111, 0.012452266868794675, 0.015663667620063552, 0.02089988456114984, 0.027545463756587257, 0.03296404856260437, 0.03585654129445853, 0.037347758119615805, 0.03438674048878794, 0.030181442763207986, 0.028184707438540343, 0.030184690791198274, 0.03296048961409153, 0.03586235685145071, 0.03736251072357199, 0.034404580254910236, 0.030197718552729423, 0.025022992555959935, 0.02090044640696577, 0.018186349378093453, 0.015663667620063552], [0.0007023017738828506, 0.0006356027838679886, 0.0005930061581267285, 0.0005722679837427339, 0.0006141176836022187, 0.0007723710125165202, 0.0010303263526772533, 0.0013575893899863817, 0.0016243383330534432, 0.0017667009622809751, 0.0018400877638077404, 0.001694363365552721, 0.0014873649618001284, 0.0013890630105702967, 0.0014875246919407795, 0.0016241633465316038, 0.00176698684643513, 0.001840812909475089, 0.0016952404269646375, 0.0014881653649289953, 0.0012333847368848694, 0.0010303540026750189, 0.0008966590341354053, 0.0007723710125165202], [0.00017589070198822417, 0.0001591720285598253, 0.00014849599902277746, 0.00014329871656982942, 0.00015378708154253903, 0.00019345648234798358, 0.0002581426666550355, 0.0003402470742463938, 0.0004071977059835262, 0.00044293839503718453, 0.000461364869075143, 0.00042477682539749116, 0.00037281594193276196, 0.0003481451290480133, 0.00037285608403360746, 0.0004071537192913408, 0.00044301027534884824, 0.0004615472153054168, 0.0004249973201690519, 0.00037301709306939313, 0.00030908168945011896, 0.00025814960929381885, 0.00022462000231100805, 0.00019345648234798358], [0.006339753596475823, 0.005736804924135559, 0.005351809898173499, 0.0051643959949786026, 0.005542612029296713, 0.006973310736028196, 0.00930686600096337, 0.012269748531722649, 0.01468649341254194, 0.015976881012974602, 0.016642215606942606, 0.015321148932067211, 0.013445319989530115, 0.012554811676971252, 0.013446770313933834, 0.01468490391534973, 0.015979478909145157, 0.016648806518008975, 0.015329117374226077, 0.013452587537296192, 0.011144972437731146, 0.009307116680660723, 0.008097445597075445, 0.006973310736028196], [0.0007048379196654286, 0.0006377849622805276, 0.0005949718521601168, 0.0005741310749834551, 0.0006161897168770629, 0.0007752978923391056, 0.0010348454278067468, 0.00136444028133836, 0.0016333195225571014, 0.0017768964745582614, 0.001850929185111826, 0.0017039341953865275, 0.0014952263526735487, 0.00139615358709411, 0.0014953877799987684, 0.0016331425907784687, 0.0017771856769834772, 0.001851662925873746, 0.0017048212217703506, 0.0014960352622049912, 0.0012393125266901973, 0.001034873321381353, 0.00090032400115888, 0.0007752978923391056], [0.00017652702100461517, 0.00015971944066200906, 0.00014898904689114332, 0.00014376600154934356, 0.00015430683258888393, 0.00019419096617092393, 0.0002592773721301088, 0.0003419684029032839, 0.00040945535937158585, 0.00044550191011443906, 0.00046409111302348014, 0.00042718298326011115, 0.0003747916305640355, 0.00034992678237424067, 0.000374832200310516, 0.0004094108823503627, 0.0004455746271415308, 0.0004642756269295816, 0.000427405990290493, 0.0003749949250928289, 0.0003105707301104438, 0.00025928437606229543, 0.00022553997601455203, 0.00019419096617092393], [0.0015868393772009294, 0.001435836938888795, 0.001339425939430348, 0.0012924955670698501, 0.0013872061680628954, 0.0017455214746957303, 0.0023301033646700334, 0.0030725710516376977, 0.003678353150879983, 0.004001859672385514, 0.0041686771380606185, 0.0038374587232075925, 0.0033672209369488408, 0.0031440164032784227, 0.003367584789292448, 0.003677954319610385, 0.004002511631625234, 0.004170331302879653, 0.0038394582971629063, 0.00336904419544193, 0.0027906854468426343, 0.0023301662170802677, 0.0020271082771618175, 0.0017455214746957303], [0.00017652721264069745, 0.00015971959739399577, 0.00014898918318485995, 0.0001437661284144423, 0.00015430697883182042, 0.00019419119829825875, 0.00025927778724401827, 0.0003419691275077454, 0.00040945640075169717, 0.0004455031443403032, 0.0004640924531142775, 0.00042718411714966274, 0.00037479250168158173, 0.00034992754103166065, 0.00037483307171122906, 0.00040941192339083676, 0.00044557586197244923, 0.00046427696862098335, 0.00042740712595846933, 0.00037499579762993875, 0.00031057132706521177, 0.00025928479120987125, 0.00022554028963571343, 0.00019419119829825875], [0.00017652721264069745, 0.00015971959739399577, 0.00014898918318485995, 0.0001437661284144423, 0.00015430697883182042, 0.00019419119829825875, 0.00025927778724401827, 0.0003419691275077454, 0.00040945640075169717, 0.0004455031443403032, 0.0004640924531142775, 0.00042718411714966274, 0.00037479250168158173, 0.00034992754103166065, 0.00037483307171122906, 0.00040941192339083676, 0.00044557586197244923, 0.00046427696862098335, 0.00042740712595846933, 0.00037499579762993875, 0.00031057132706521177, 0.00025928479120987125, 0.00022554028963571343, 0.00019419119829825875], [0.0015754483801587523, 0.001426034857436704, 0.0013305957310138145, 0.0012841260068253617, 0.0013778985560318042, 0.0017323767399751297, 0.002309814358897096, 0.003041823663671826, 0.003638054973067203, 0.003956118663000773, 0.004120041400938783, 0.003794517537602357, 0.003331942750663706, 0.003112194256387935, 0.0033322989974258485, 0.0036376648574011814, 0.003956755757758398, 0.0041216570669574855, 0.003796472468358978, 0.0033337278895081836, 0.0027640776742552066, 0.0023098761189968057, 0.002010651332233175, 0.0017323767399751297], [0.00017525851704652413, 0.00015862799826091162, 0.00014800589236556942, 0.00014283416952027837, 0.00015327048619427164, 0.00019272700506237764, 0.00025701690818260116, 0.00033854135109744705, 0.0004049624677745444, 0.00044040143856810814, 0.00045866745772370167, 0.0004223950705377754, 0.0003708590089838359, 0.00034637981350798733, 0.00037089872952328324, 0.0004049189641165789, 0.000440472495154942, 0.0004588476706368384, 0.0004226130912407687, 0.00037105804722955193, 0.0003076055087513372, 0.0002570237902523637, 0.00022370679046986893, 0.00019272700506237764], [0.00017525851704652413, 0.00015862799826091162, 0.00014800589236556942, 0.00014283416952027837, 0.00015327048619427164, 0.00019272700506237764, 0.00025701690818260116, 0.00033854135109744705, 0.0004049624677745444, 0.00044040143856810814, 0.00045866745772370167, 0.0004223950705377754, 0.0003708590089838359, 0.00034637981350798733, 0.00037089872952328324, 0.0004049189641165789, 0.000440472495154942, 0.0004588476706368384, 0.0004226130912407687, 0.00037105804722955193, 0.0003076055087513372, 0.0002570237902523637, 0.00022370679046986893, 0.00019272700506237764], [0.0006987253045019086, 0.0006325272358108319, 0.0005901493241289019, 0.0005695458208261874, 0.0006110953952268005, 0.0007674571424656462, 0.0010228944094097727, 0.0013464300378659992, 0.0016096743461203504, 0.0017498455434761414, 0.0018219546479466481, 0.0016780846171899262, 0.0014737611442122475, 0.0013767945553244958, 0.0014742541055368875, 0.0016092847395848622, 0.0017504679475115882, 0.0018236046228754662, 0.0016801014979094446, 0.0014756120763897982, 0.0012237980937480615, 0.0010238010818129394, 0.0008911093752404062, 0.000767916529460002], [0.00017499337977571215, 0.00015840052039282402, 0.0001477794393668866, 0.00014261597526293263, 0.00015302897803405407, 0.00019222339820067745, 0.0002562766091899407, 0.0003374433112880629, 0.0004035116819198289, 0.00043870052746273076, 0.0004568052244530216, 0.00042068443546592384, 0.00036939722216681445, 0.00034506253574913417, 0.00036952110340268397, 0.00040341375066547654, 0.00043885701106594467, 0.00045722010642493813, 0.000421191456517138, 0.00036986236274121927, 0.000306673629430171, 0.00025650425886791745, 0.00022322696554689047, 0.0001923386752971881], [0.0006987253045019086, 0.0006325272358108319, 0.0005901493241289019, 0.0005695458208261874, 0.0006110953952268005, 0.0007674571424656462, 0.0010228944094097727, 0.0013464300378659992, 0.0016096743461203504, 0.0017498455434761414, 0.0018219546479466481, 0.0016780846171899262, 0.0014737611442122475, 0.0013767945553244958, 0.0014742541055368875, 0.0016092847395848622, 0.0017504679475115882, 0.0018236046228754662, 0.0016801014979094446, 0.0014756120763897982, 0.0012237980937480615, 0.0010238010818129394, 0.0008911093752404062, 0.000767916529460002], [0.00017499337977571215, 0.00015840052039282402, 0.0001477794393668866, 0.00014261597526293263, 0.00015302897803405407, 0.00019222339820067745, 0.0002562766091899407, 0.0003374433112880629, 0.0004035116819198289, 0.00043870052746273076, 0.0004568052244530216, 0.00042068443546592384, 0.00036939722216681445, 0.00034506253574913417, 0.00036952110340268397, 0.00040341375066547654, 0.00043885701106594467, 0.00045722010642493813, 0.000421191456517138, 0.00036986236274121927, 0.000306673629430171, 0.00025650425886791745, 0.00022322696554689047, 0.0001923386752971881], [0.0023606989260244625, 0.0023650712698591305, 0.002386907252145411, 0.002346455741225777, 0.002427622023505517, 0.001123500786791862, 0.001075801257836712, 0.0005353786193070063, 0.0003257404778466352, 0.0014622346106429554, 0.003669778239232595, 0.005691241248637074, 0.006893111279593814, 0.006241617350226532, 0.003700526332672099, 0.0013588917858134509, 0.0003306875971355299, 0.0011197344230656021, 0.001981404641802344, 0.0017417636265329344, 0.001496817628118025, 0.002470278098989627, 0.0017407748705776205, 0.001651841225223015], [0.0012814802311703808, 0.0013321552178044054, 0.0013810074001775372, 0.0013658767968618524, 0.001396170609734638, 0.00039123029873641923, 0.0002840495096668103, 6.363542925363155e-5, 0.0005907921005927387, 0.0028266652113456176, 0.005981179058802093, 0.00847837312179118, 0.00977508186939855, 0.008892374559952048, 0.005799313680970977, 0.0026217733134564734, 0.00046574058421395095, 0.00016184237517015957, 0.0005816569412211803, 0.0005115057360085055, 0.00045296955962998, 0.0011606363833846973, 0.0007311596739896757, 0.0007317230416320437], [0.004379060073707718, 0.0039636473782435466, 0.0036977579476227566, 0.0035684999967075613, 0.0038291737432440682, 0.0048104534057202995, 0.005989571468604609, 0.006599919268260088, 0.006324200767084767, 0.005131549673141681, 0.004203896344316153, 0.0031959745484556384, 0.002451576602517745, 0.002341845444590269, 0.003232590529283272, 0.004869484708525285, 0.007454221628411894, 0.010107908234554439, 0.010545789982488915, 0.009259694018314444, 0.007676723538485229, 0.006420146740380052, 0.0055867817551655576, 0.004813341241594021], [0.0028066086730904193, 0.002540186876830645, 0.002369675421966097, 0.002286788420865655, 0.0024539490225160914, 0.00308330605028055, 0.004111955653471963, 0.0054150519997472136, 0.006474802614159466, 0.0070371322719993586, 0.007325270117091795, 0.006743524307712023, 0.005919530256173387, 0.005529454433388435, 0.005923821522507901, 0.006470704319196316, 0.007043769983020272, 0.007342394908277378, 0.006764324617330328, 0.005938555493126638, 0.004922420813385425, 0.004116019336999894, 0.0035813214682236987, 0.003085159808422027], [0.00017541191180187867, 0.00015876075461271807, 0.00014810390923534502, 0.00014292352717215013, 0.00015337095082744082, 0.0001927052644355976, 0.0002569947973080914, 0.00033843652449332086, 0.00040466911406430235, 0.00043981361998232085, 0.00045782163923886867, 0.00042146371606896125, 0.00036996559967491496, 0.00034558650569726265, 0.00037023379282866554, 0.00040441298213097224, 0.00044022845663704055, 0.0004588918841437366, 0.0004227636744726312, 0.00037115462812918176, 0.00030764781050074625, 0.0002572487703028455, 0.0002238307485827907, 0.00019282112185499788], [0.0007029120053088129, 0.0006361310800478691, 0.0005933955649349382, 0.0005726228910309365, 0.0006145166493064289, 0.0007722769837224094, 0.0010302254941453725, 0.0013571470128604496, 0.0016231283574347894, 0.0017643005075682688, 0.0018366459121355314, 0.0016905841913708618, 0.001483747283566226, 0.001385851663318192, 0.0014848257147168464, 0.0016220981707220446, 0.0017659694220941503, 0.0018409520978877364, 0.0016958133780855499, 0.001488528515987067, 0.0012335374820535692, 0.001031245843909809, 0.0008971477996719032, 0.0007727421699600772], [0.000176043808309295, 0.00015930455413009509, 0.00014859367208511893, 0.00014338773107107288, 0.0001538871580699987, 0.00019343288653127463, 0.00025811734209005847, 0.00034013592576134474, 0.00040689355265959834, 0.0004423348474773721, 0.0004604993815422181, 0.00042382674170415684, 0.00037190678203086777, 0.0003473382270735123, 0.00037217780170531407, 0.00040663459411097906, 0.00044275446301654206, 0.00046158221588287157, 0.0004251413614266883, 0.00037310835757731675, 0.0003091200580895475, 0.00025837354217153147, 0.0002247426905116107, 0.0001935496216147124], [0.0022771460755681514, 0.001948853750292439, 0.0010396578870461711, 0.0009748135470533536, 0.0010561220819341884, 0.01027548483861688, 0.008684390783388342, 0.00730366454151388, 0.00654319318783736, 0.006239193502765561, 0.006106008629629382, 0.006381204057052439, 0.006891518663689067, 0.006477128327046008, 0.005328639958409392, 0.005929955403953892, 0.006241377612430308, 0.006111453304291419, 0.006388749035577588, 0.006900023839062358, 0.007761971160532536, 0.0022715757601475825, 0.0016467567069905016, 0.0015715085633031846], [0.0012720709713623995, 0.001080737440955785, 0.000726924383357127, 0.0007591667743043767, 0.0007807464007258801, 0.012375828185305686, 0.010738294317545841, 0.009191730061094604, 0.008234962603900746, 0.007808676241785939, 0.007608258063998852, 0.0080129240323318, 0.00868780154724985, 0.008165823871311902, 0.0066754753417663645, 0.0074358009283792366, 0.007811401556205625, 0.007615019779588534, 0.008022372693115995, 0.008698503363225458, 0.009724542134535044, 0.0012861262621090036, 0.0016605843724177862, 0.0017258583362834922], [0.0006147098716767378, 0.0005274814391783718, 0.0007081062679145897, 0.0008271959128021852, 0.0008096987417055665, 0.014856582951364342, 0.013299556280546689, 0.011747802478406249, 0.010725326940124586, 0.010246244429645869, 0.01001432975077591, 0.010477160854867116, 0.011215275645770245, 0.010537769315556906, 0.008754131680467795, 0.00974020789981671, 0.010249817315125228, 0.010023220603931174, 0.01048950604098736, 0.011229085370065435, 0.012294247088535125, 0.0008098487997462593, 0.002117786025087507, 0.002262391614524978], [0.00017470647231104564, 0.0001581371648261828, 0.0001473550593200254, 0.00014218183946442095, 0.00015256323532050265, 0.0001905221869310116, 0.0002540245278808297, 0.0003345015474649589, 0.00040001491983794265, 0.00043491095092629717, 0.00045286595413762795, 0.00041704669179778775, 0.00036618935810868555, 0.00034216041939095224, 0.00036657793115822354, 0.0004000336586385101, 0.0004350647471001977, 0.00045327372070566346, 0.00041754499308499065, 0.00036664646627042324, 0.00030399188644846344, 0.0002557530519347561, 0.0002222142055030207, 0.00019146776403675657], [0.00034468464658603113, 0.00036687085673118344, 0.0015532588087023005, 0.0018152583763378024, 0.0017816784752870993, 0.020961837042284808, 0.01994729762019514, 0.01886806504882504, 0.01810684341426346, 0.017731168464225393, 0.017543754946739504, 0.01790843961340443, 0.01846831486273147, 0.017335496609773796, 0.01511119860980326, 0.016749615223008593, 0.017737359487188863, 0.01755935080052394, 0.01792956888799523, 0.01849108543175754, 0.01925877387440875, 0.001387327095022246, 0.004364195701159418, 0.004483521584597263], [0.0007324018793961316, 0.0007597378086233007, 0.002416186834117491, 0.0027340886275936606, 0.0027234825475158943, 0.02457724156862774, 0.02402247178454205, 0.02341849503869803, 0.0229824874263156, 0.02276217204796532, 0.022650345481644643, 0.02285956646861911, 0.023179265518376388, 0.021748036005286683, 0.019376855799192242, 0.021439918881495802, 0.02277012215176241, 0.02267048721394677, 0.022886545516816983, 0.023207852758647167, 0.02364072185364035, 0.00244017044527074, 0.0061499509133032485, 0.00616493722508411]]
kappa_R = [[325.5114477261494, 238.82690084236674, 111.22751294851801, 247.18944938561606, 110.04439232144094, 102.59094262098348, 117.76129850376398, 140.9356525306959, 129.63256404002277, 94.37025590331206, 67.42281730833282, 61.899972843244186, 61.8999720280561, 61.89997844945929, 61.89997933994159, 61.899981005250744, 61.899983126394154, 68.09649405071943, 64.08249164806517, 63.020782676818264, 337.01094762266297, 115.30405855618564, 172.9532372072607, 171.9443620610201], [73.21098274748866, 33.076939379660914, 31.065185767432034, 28.940918244393938, 33.67664551905634, 35.9572473039771, 38.79119464941673, 43.685900838623894, 41.25608044167074, 31.96322078500203, 23.82610945787654, 20.23998323061128, 19.57448957558226, 19.57449140309457, 19.574493209313022, 25.37422445069918, 30.867781230241818, 26.148640425687027, 25.598243695333984, 35.18010825152688, 106.57221951949312, 41.54525248569884, 56.137941193922806, 54.37358149374673], [107.13977815239679, 52.8196628872266, 49.58256774733977, 46.00044007667367, 53.35173872805604, 57.21659751553518, 61.35705758442636, 69.14551956360621, 65.48199110366447, 50.77015487899539, 37.81892686705074, 31.76711305233623, 30.949985564257208, 30.94998813726628, 30.9499899168438, 30.950007493959642, 35.23631099050912, 35.053247898416835, 32.067373120439406, 48.58402259668182, 168.50547447386535, 68.04767094131545, 87.05435363263047, 85.97218103051004], [103.64480235505859, 60.6564893373407, 58.39657294843108, 54.01097606474962, 61.8597953089942, 67.72542558469861, 72.1118358461994, 80.28298944474244, 76.25853550407558, 59.805366580423595, 44.966425155723805, 36.998747041948555, 35.73796504163311, 35.73796778458592, 35.73796933824301, 35.73797452608729, 36.287688618461694, 41.23001334327815, 37.46337995485374, 63.903229463736906, 194.5733620560425, 96.55523904230179, 102.36692404849754, 99.2721237215684], [119.21852988592765, 104.91466921954493, 103.22910851171822, 96.369418708577, 108.20055876329882, 119.9232396498089, 127.34121738366234, 140.41000610236117, 133.4859259822025, 105.59392085367605, 80.04671250698327, 65.18977471529547, 61.899971395221044, 61.899976176690075, 61.89997810728738, 61.89998073526753, 63.330911335429555, 72.18778639984995, 66.14314978437689, 140.35418527360167, 337.01094871547025, 131.4259105423706, 172.31372156608597, 171.94436206102006], [119.21852988593672, 104.9146692195451, 103.22910851171879, 96.36941870857795, 108.20055876329883, 119.92323964980868, 127.34121738366275, 140.41000610236097, 133.48592598220264, 105.59392085367628, 80.04671250698341, 65.18977471529531, 61.899971395221044, 61.899976176690075, 61.89997810728738, 61.89998073526753, 63.33091133542954, 72.18778639985003, 66.14314978437699, 140.35418527360136, 337.01094871547025, 131.42591054237053, 172.31372156608586, 171.94436206102006], [101.28057179942977, 46.10700415860428, 44.43790092560589, 41.467833010376694, 47.51409778262261, 51.93128842510713, 55.614951601854145, 61.828900691412244, 58.55184727033773, 45.92062477002689, 34.56745911527318, 28.983124958700763, 27.682508620424763, 27.682510840526135, 27.682512951812416, 31.85219246822335, 40.900179775567196, 31.30788052933545, 28.835422024514976, 60.54610621781195, 150.7158782361873, 64.24725045391705, 78.03471380277925, 76.89585638325534], [101.12831813252595, 51.05001829776925, 50.4793969679675, 47.08657587713113, 53.26328515179655, 59.384328080952116, 63.23914788965099, 69.43585842662611, 65.90231176236765, 52.27836110319796, 39.73184567419582, 32.77286782856821, 30.949985556950246, 30.949987849386442, 30.94998969871981, 30.949999267310336, 31.56351313275772, 35.51100693661676, 32.56533981937194, 79.0965064409431, 168.5054744955996, 71.63713569430243, 87.98055843897882, 85.97218103051004], [95.22931780327157, 58.44074239706402, 59.16610653426963, 55.305180744842374, 61.91990595101251, 69.99385608069284, 74.40112332049479, 80.79330163785146, 76.70011449629212, 61.43422162482692, 47.126666976372206, 38.557859366723434, 35.73796504559659, 35.7379676482933, 35.7379693751831, 35.73797396344319, 36.684089590151764, 41.45283860631645, 38.224721791129554, 115.55640753496472, 194.57336207337337, 80.89123931315996, 101.08907240528005, 99.2721237215684], [101.7180006051263, 100.96226211730581, 104.19812952805408, 98.65538891839394, 108.50488136032898, 123.60012502153927, 131.4086512837408, 141.5279961460992, 134.2281291609671, 108.27712092887872, 83.72410152624329, 68.79479733309098, 61.899971418355115, 61.89997610503068, 61.89997827969966, 61.89998094531659, 64.36609518739674, 73.28179074399944, 67.647227457918, 298.85099351728866, 337.0109487443853, 141.32115837590072, 171.8119986701911, 171.9443620610201], [101.71800060511514, 100.9622621173054, 104.1981295280541, 98.65538891839388, 108.5048813603291, 123.60012502153918, 131.4086512837412, 141.52799614609867, 134.22812916096728, 108.27712092887899, 83.72410152624313, 68.79479733309101, 61.899971418355115, 61.89997610503068, 61.89997827969966, 61.89998094531659, 64.36609518739667, 73.2817907439992, 67.64722745791825, 298.85099351728877, 337.0109487443853, 141.3211583759007, 171.81199867019302, 171.9443620610201], [41.960993390037935, 24.352667842399594, 19.361516469449757, 17.400004361913254, 19.226218787889426, 38.039796289400556, 39.81920072743832, 42.264519132702006, 40.915126193611016, 35.83639964933335, 31.006203783413962, 28.966535689366225, 28.443253288015587, 33.566606311240356, 38.01973307689377, 47.69683631463786, 52.515318437929565, 49.230937480649715, 37.07782499933054, 43.58976996865431, 73.0811878219128, 25.889250419567762, 39.32879847264153, 37.286320353852], [91.22393868184646, 37.66921241210158, 40.15761834194637, 32.789854283613444, 37.2189994692913, 41.357419259291284, 44.58380196461508, 48.77262832078764, 46.08635405593272, 36.607025476894016, 27.891293399103304, 23.411413473361478, 21.899792122052283, 21.88494660271286, 21.88495319499924, 40.305342547187585, 46.80633540392347, 32.659433221664976, 31.00598331280525, 67.36053639038411, 119.1513637507702, 42.475419142539074, 61.661326877414446, 60.79151220007112], [93.58237397689449, 36.7351435857728, 37.631422751212256, 35.51057011461875, 39.853511188414544, 44.94006256878118, 48.2650937513458, 52.27776385980237, 49.46612308570315, 39.65750054704845, 30.45975014156288, 25.26546767364039, 23.414130530273216, 23.395991784114386, 23.395996497896476, 37.182247623682336, 42.905554414385826, 26.426261749901176, 34.67806515952326, 81.13043590149921, 127.37816580281931, 49.143115502436004, 68.73615770867754, 64.98886019330124], [95.54260330452045, 39.269393796468435, 40.94640489875613, 38.899718982410796, 43.225648591628016, 49.23064837293872, 52.82035849569895, 56.72253794881418, 53.662374076021514, 43.35109847765494, 33.550642550109224, 27.633913502643786, 25.293417885113993, 25.27055927563057, 25.27056273847742, 32.11042207550053, 36.717219409474545, 28.814102991322873, 39.71997320398818, 101.67689231027137, 137.58414386044336, 49.13778057739138, 74.21856878004813, 70.19599186631096], [138.35239190266822, 68.4888252166123, 71.59648947923804, 67.18164061993947, 75.60773516414243, 85.92643887602708, 91.96314004384168, 98.61808972216593, 93.38932354445222, 75.58130750196425, 58.55682592513542, 48.073042677509726, 43.76988922372687, 43.76989270142793, 43.769896004183344, 43.76989867258073, 44.698533793361094, 50.32459388203069, 63.22157550131761, 206.8763674814947, 238.3027274406149, 99.62796911658015, 123.50375387452733, 121.58302440014224], [92.50272751850146, 96.61970920668637, 103.31118485559314, 98.59054588582073, 108.81939789740161, 124.97240535758033, 133.8959875759914, 142.13594336361754, 134.20570855903213, 109.58455445079005, 85.90517893522603, 71.03637163586424, 61.8999712270444, 61.89997639242664, 61.89997881527759, 61.899979409697515, 64.54035605017303, 73.39061051583445, 119.92907582883893, 337.01094341180544, 337.01094890509034, 251.9269065844584, 170.07988918233514, 171.94436206102006], [132.54291577081955, 54.61504898203957, 58.1727018879621, 56.52815991722105, 61.39837479089897, 70.73793970654765, 76.0436980062017, 80.85856925057368, 76.30183207353572, 62.15211835877745, 48.59524905078901, 40.11194793009713, 35.80263901033843, 35.737967612655375, 35.737970839717676, 35.737974855601145, 36.69840149306429, 41.25165870623383, 67.35723191558401, 177.57068719843102, 194.57336220561905, 54.9232702204064, 101.40219433515999, 99.2721237215684], [129.79735455339937, 66.2536559277256, 72.04355150155574, 71.81083168420342, 76.23690662931433, 88.56097741680667, 95.32615332857839, 100.45084791808365, 94.47764020525119, 77.56060778584099, 61.29713743046551, 50.933592997280925, 43.888730144327944, 43.769892714208424, 43.76989523123311, 43.76989651320355, 45.54017061552817, 51.61278165197193, 105.92317268033602, 238.30272518241722, 238.30272741489205, 77.40878886735277, 125.51608732999452, 121.58302440014224], [76.37184211030417, 93.61480165469803, 102.92950330462212, 109.51770190515792, 110.04439206794726, 128.68769994382515, 138.64825870766003, 145.00808098300266, 135.82485024607342, 112.2441685492951, 89.66585237248432, 75.08351796160184, 62.23633211202034, 61.899976535862635, 61.89997851491901, 61.899979898032235, 66.27722650716703, 75.13240739311998, 270.5891111552329, 337.01094620470496, 337.0109489140213, 113.12105815463315, 171.61242966322052, 171.94436206102006], [42.109042829913854, 33.27168490813714, 21.424281673504023, 20.651200137310187, 22.07565606706837, 65.19039571776185, 66.87334302335056, 69.44341531931552, 68.24223466863197, 63.22855795009079, 58.32629683070304, 56.67979399570537, 56.61854299044653, 71.25900773509468, 78.9561997922583, 87.05624930009311, 93.19042187616293, 96.22768871667147, 65.2896107865793, 63.70495474626317, 96.22774699502386, 35.52005696254207, 50.04215236086191, 49.0957893157077], [40.03748029000884, 34.88477003707405, 21.9118148707815, 21.241507900226395, 22.399090510256475, 72.14625010740576, 73.59186553461237, 75.8086811507864, 74.75231563596674, 70.21592072098896, 65.65624788844487, 63.86924439221679, 63.796932881042096, 81.12827920001189, 84.04563023028848, 92.3107001426556, 97.89914207280655, 100.40777261533657, 74.0510617836099, 72.1746490673615, 100.4078379329596, 32.93468718183678, 53.85095364398967, 51.22848877337971], [37.30881603015031, 31.753379157049498, 22.332524677961537, 21.823812938863433, 22.724900344584466, 80.72755484643352, 81.9419210832253, 83.75078969995847, 82.84595809275234, 78.93601217654151, 74.90475531425186, 73.07447411060318, 72.98759791532945, 86.84991002324357, 90.051770455568, 98.47505315849953, 103.29348668552835, 105.18465290929511, 85.32989472055316, 83.06813360860437, 105.18472719646664, 29.66896378409283, 57.94157747648181, 53.665677172312215], [33.725177162842215, 27.768645615846296, 22.680437274298153, 22.365381654218773, 23.009336192110872, 91.62450760221716, 92.56819335148656, 93.89309447995683, 93.17498377452242, 90.1232716637825, 86.90379377621034, 85.19416260172127, 85.0875386723681, 93.56868673688062, 97.25842674172304, 105.83304769314498, 109.55457568945623, 110.7153493441185, 100.26631503942058, 97.48038311065392, 110.71543508169874, 25.561078161207664, 60.531005696637465, 56.48746690862179], [337.0109442375664, 93.41189107114091, 99.51350281356449, 95.87527278798702, 106.45719462101725, 118.15155762044773, 126.7668058530652, 138.00498941918318, 130.95046662117522, 104.18215253123813, 78.58791691584192, 63.37836690235924, 61.899971407869664, 61.90002834210427, 120.34306267651303, 281.7477539796127, 330.2966690679455, 337.0085544467862, 337.0108851214877, 337.01093464317194, 337.0109485265927, 61.8999705409995, 172.68001368053237, 171.9443620610201], [22.96444159381596, 22.96444159111631, 22.964441589026404, 22.964441584607254, 22.964441583225444, 125.02862622790344, 125.02862628182615, 125.02862630727934, 125.02862632859588, 125.02862633078664, 125.02862633144254, 125.02862632784769, 125.02862630766244, 125.02862632667687, 125.02862632793543, 125.02862633091229, 125.0286263358166, 125.02862634295178, 125.0286263438798, 125.02862634389064, 125.02862634642875, 30.60832310344699, 68.24513701382212, 63.79011548825076], [53.80276317078553, 52.79953348643709, 48.45582103190315, 48.48786900968465, 53.73598151863212, 86.73069147431488, 91.76965128481366, 88.98116749398051, 80.20429784843623, 84.02611178691184, 80.3074492137507, 73.18199351586458, 74.63710334033496, 75.2550021664273, 81.20440517323416, 89.65582332411944, 91.63949837399088, 97.67620650429703, 92.36030087190925, 91.05985948906162, 101.20597959341552, 56.557179483962436, 69.1953190286475, 70.19599186631096], [45.659773343097804, 44.56032291154131, 39.532050284088236, 39.56840890854923, 65.76253381073313, 85.40276453746556, 91.7064272785084, 105.39946570878683, 77.31111470666126, 82.03911235109703, 77.43832213766328, 68.7072836643637, 70.4806740995575, 71.23526830980855, 78.72251732306154, 117.50592968727096, 119.34585971472245, 114.95942610157199, 119.8608625425177, 118.88033582511652, 133.598350086241, 70.44443365114665, 77.84804976031293, 76.89585638325534], [39.66810304999222, 31.110348923904812, 30.949985700722547, 30.94998600207091, 55.84693198219513, 80.44648237459018, 88.58483374629778, 118.54760978335193, 70.16004743248637, 76.14731059222424, 70.3202401333016, 59.45069411097893, 61.63685404431112, 62.57056856442971, 81.10509341080791, 158.81296744858105, 168.50547011686282, 159.2348843915609, 168.50546811637884, 168.50547126270618, 168.50547038488511, 94.13820927368886, 90.8906866234648, 85.97218103051004], [61.89997824365599, 61.8999723378173, 61.89997120942263, 61.89997197086488, 70.10721392860017, 103.32295395771793, 136.11070378942557, 153.27062258755052, 138.45328656500953, 115.89215991754693, 93.16443867637842, 78.77500117400844, 65.7562560443802, 61.89998326613182, 93.79894724606277, 262.9164909522199, 337.01093659174677, 284.70146704460967, 337.01093055668287, 337.0109405818219, 337.01094254521666, 64.67349722785353, 175.8175617969323, 171.9443620610201], [43.95997005691129, 44.2240390168375, 43.76988968228207, 43.769889880936205, 49.58763209437846, 87.23873795766238, 95.29223946290232, 168.28028921467836, 97.89842722749728, 82.38123571651113, 66.71524608826243, 56.73961434265572, 56.92360609224607, 60.63983367588807, 100.95869342365853, 238.30246156299762, 238.30272188721162, 231.04054259718052, 238.3027198747417, 238.302723554418, 238.3027245279538, 143.44282020178616, 126.29185129833863, 121.58302440014224], [62.43817356818055, 63.187815005852215, 61.89997242336203, 61.89997217119562, 71.74377473556865, 101.97950599711366, 136.70864723618124, 156.140529765441, 140.9124228811758, 118.9167296956673, 97.19824090992311, 83.27600301108319, 69.77558411773234, 61.89998552492858, 120.87987026382208, 337.0102161292757, 337.0109388524732, 316.6294691607624, 337.010935758366, 337.0109427488983, 337.01094281232605, 113.77743829490178, 172.88572498500395, 171.9443620610201], [57.79305039878932, 59.112549804645276, 65.15593950605891, 65.10928081750617, 57.88003962714469, 101.45187450328523, 94.81591654506421, 98.43719275485036, 110.69185826043434, 105.18859751800409, 110.53976088865974, 121.54418790790113, 119.211826743504, 118.23506692985487, 109.22567153067773, 97.54965620605164, 94.98220652783144, 87.53824624366086, 94.06457492716886, 95.7259959028791, 83.42801432574473, 73.11065218575023, 75.93208173150886, 76.89585638325534], [49.02909628814903, 55.34534412603892, 55.10883778840938, 55.05212653515398, 74.0366153091031, 101.3545910453604, 92.63574537045437, 121.49467470078584, 113.64708281371031, 106.30549077852996, 113.44340897648009, 128.28440130336853, 125.12175995278987, 123.79993898788761, 112.01009013582608, 136.03456961897103, 130.60742550688693, 117.04796865634225, 128.46830374507857, 132.27147784016196, 113.409701171852, 96.58424462130762, 85.05820554602204, 85.97218103051004], [39.65345836149778, 36.111530477102434, 35.8380413493062, 35.77253016781089, 58.95880988375751, 95.5439978499754, 83.54506955072686, 155.56913162325824, 112.87660974265728, 102.47017504235014, 112.5858417592129, 134.05412000021815, 129.43364375709723, 127.5095267971657, 123.91163553605597, 194.57329570644012, 194.57335730328043, 176.16865905999532, 194.5733546701392, 194.57335728163568, 129.08588618049447, 115.95385973735866, 99.86066632374977, 99.2721237215684], [44.033019227485326, 44.45706244152902, 43.953805656192976, 43.83339711153701, 49.96627929479806, 72.3798105105574, 96.43055041961921, 168.64913305234953, 98.36910097021651, 82.54589306916364, 97.91872876811604, 132.28463490279586, 124.71016483981357, 121.58302623133137, 141.65509683384485, 238.3026166541738, 238.30272149226403, 230.05884940856888, 238.3027189877709, 238.30272096035077, 124.14377380721963, 130.4881475018549, 122.28259781193947, 121.58302440014224], [62.645318893967165, 63.85115920867525, 62.42071081467475, 62.0796635390945, 72.3714473168031, 102.4724572464791, 137.82740679190508, 156.98629400985368, 141.62656954669924, 119.17842170681608, 96.49290299833967, 80.95477517116316, 67.28552040033134, 61.899988051376525, 119.61617053256089, 337.0106522826345, 337.01093823360833, 313.8991853528147, 337.01093441641035, 337.0109354419208, 66.2985435590727, 161.98839015840335, 172.0037680893992, 171.9443620610201]]
kappa_S = [[325.5114477261494, 238.82690084236674, 111.22751294851801, 247.18944938561606, 110.04439232144094, 102.59094262098348, 117.76129850376398, 140.9356525306959, 129.63256404002277, 94.37025590331206, 67.42281730833282, 61.899972843244186, 61.8999720280561, 61.89997844945929, 61.89997933994159, 61.899981005250744, 61.899983126394154, 68.09649405071943, 64.08249164806517, 63.020782676818264, 337.01094762266297, 115.30405855618564, 172.9532372072607, 171.9443620610201], [73.21098274748866, 33.076939379660914, 31.065185767432034, 28.940918244393938, 33.67664551905634, 35.9572473039771, 38.79119464941673, 43.685900838623894, 41.25608044167074, 31.96322078500203, 23.82610945787654, 20.23998323061128, 19.57448957558226, 19.57449140309457, 19.574493209313022, 25.37422445069918, 30.867781230241818, 26.148640425687027, 25.598243695333984, 35.18010825152688, 106.57221951949312, 41.54525248569884, 56.137941193922806, 54.37358149374673], [107.13977815239679, 52.8196628872266, 49.58256774733977, 46.00044007667367, 53.35173872805604, 57.21659751553518, 61.35705758442636, 69.14551956360621, 65.48199110366447, 50.77015487899539, 37.81892686705074, 31.76711305233623, 30.949985564257208, 30.94998813726628, 30.9499899168438, 30.950007493959642, 35.23631099050912, 35.053247898416835, 32.067373120439406, 48.58402259668182, 168.50547447386535, 68.04767094131545, 87.05435363263047, 85.97218103051004], [103.64480235505859, 60.6564893373407, 58.39657294843108, 54.01097606474962, 61.8597953089942, 67.72542558469861, 72.1118358461994, 80.28298944474244, 76.25853550407558, 59.805366580423595, 44.966425155723805, 36.998747041948555, 35.73796504163311, 35.73796778458592, 35.73796933824301, 35.73797452608729, 36.287688618461694, 41.23001334327815, 37.46337995485374, 63.903229463736906, 194.5733620560425, 96.55523904230179, 102.36692404849754, 99.2721237215684], [119.21852988592765, 104.91466921954493, 103.22910851171822, 96.369418708577, 108.20055876329882, 119.9232396498089, 127.34121738366234, 140.41000610236117, 133.4859259822025, 105.59392085367605, 80.04671250698327, 65.18977471529547, 61.899971395221044, 61.899976176690075, 61.89997810728738, 61.89998073526753, 63.330911335429555, 72.18778639984995, 66.14314978437689, 140.35418527360167, 337.01094871547025, 131.4259105423706, 172.31372156608597, 171.94436206102006], [119.21852988593672, 104.9146692195451, 103.22910851171879, 96.36941870857795, 108.20055876329883, 119.92323964980868, 127.34121738366275, 140.41000610236097, 133.48592598220264, 105.59392085367628, 80.04671250698341, 65.18977471529531, 61.899971395221044, 61.899976176690075, 61.89997810728738, 61.89998073526753, 63.33091133542954, 72.18778639985003, 66.14314978437699, 140.35418527360136, 337.01094871547025, 131.42591054237053, 172.31372156608586, 171.94436206102006], [101.28057179942977, 46.10700415860428, 44.43790092560589, 41.467833010376694, 47.51409778262261, 51.93128842510713, 55.614951601854145, 61.828900691412244, 58.55184727033773, 45.92062477002689, 34.56745911527318, 28.983124958700763, 27.682508620424763, 27.682510840526135, 27.682512951812416, 31.85219246822335, 40.900179775567196, 31.30788052933545, 28.835422024514976, 60.54610621781195, 150.7158782361873, 64.24725045391705, 78.03471380277925, 76.89585638325534], [101.12831813252595, 51.05001829776925, 50.4793969679675, 47.08657587713113, 53.26328515179655, 59.384328080952116, 63.23914788965099, 69.43585842662611, 65.90231176236765, 52.27836110319796, 39.73184567419582, 32.77286782856821, 30.949985556950246, 30.949987849386442, 30.94998969871981, 30.949999267310336, 31.56351313275772, 35.51100693661676, 32.56533981937194, 79.0965064409431, 168.5054744955996, 71.63713569430243, 87.98055843897882, 85.97218103051004], [95.22931780327157, 58.44074239706402, 59.16610653426963, 55.305180744842374, 61.91990595101251, 69.99385608069284, 74.40112332049479, 80.79330163785146, 76.70011449629212, 61.43422162482692, 47.126666976372206, 38.557859366723434, 35.73796504559659, 35.7379676482933, 35.7379693751831, 35.73797396344319, 36.684089590151764, 41.45283860631645, 38.224721791129554, 115.55640753496472, 194.57336207337337, 80.89123931315996, 101.08907240528005, 99.2721237215684], [101.7180006051263, 100.96226211730581, 104.19812952805408, 98.65538891839394, 108.50488136032898, 123.60012502153927, 131.4086512837408, 141.5279961460992, 134.2281291609671, 108.27712092887872, 83.72410152624329, 68.79479733309098, 61.899971418355115, 61.89997610503068, 61.89997827969966, 61.89998094531659, 64.36609518739674, 73.28179074399944, 67.647227457918, 298.85099351728866, 337.0109487443853, 141.32115837590072, 171.8119986701911, 171.9443620610201], [101.71800060511514, 100.9622621173054, 104.1981295280541, 98.65538891839388, 108.5048813603291, 123.60012502153918, 131.4086512837412, 141.52799614609867, 134.22812916096728, 108.27712092887899, 83.72410152624313, 68.79479733309101, 61.899971418355115, 61.89997610503068, 61.89997827969966, 61.89998094531659, 64.36609518739667, 73.2817907439992, 67.64722745791825, 298.85099351728877, 337.0109487443853, 141.3211583759007, 171.81199867019302, 171.9443620610201], [41.960993390037935, 24.352667842399594, 19.361516469449757, 17.400004361913254, 19.226218787889426, 38.039796289400556, 39.81920072743832, 42.264519132702006, 40.915126193611016, 35.83639964933335, 31.006203783413962, 28.966535689366225, 28.443253288015587, 33.566606311240356, 38.01973307689377, 47.69683631463786, 52.515318437929565, 49.230937480649715, 37.07782499933054, 43.58976996865431, 73.0811878219128, 25.889250419567762, 39.32879847264153, 37.286320353852], [91.22393868184646, 37.66921241210158, 40.15761834194637, 32.789854283613444, 37.2189994692913, 41.357419259291284, 44.58380196461508, 48.77262832078764, 46.08635405593272, 36.607025476894016, 27.891293399103304, 23.411413473361478, 21.899792122052283, 21.88494660271286, 21.88495319499924, 40.305342547187585, 46.80633540392347, 32.659433221664976, 31.00598331280525, 67.36053639038411, 119.1513637507702, 42.475419142539074, 61.661326877414446, 60.79151220007112], [93.58237397689449, 36.7351435857728, 37.631422751212256, 35.51057011461875, 39.853511188414544, 44.94006256878118, 48.2650937513458, 52.27776385980237, 49.46612308570315, 39.65750054704845, 30.45975014156288, 25.26546767364039, 23.414130530273216, 23.395991784114386, 23.395996497896476, 37.182247623682336, 42.905554414385826, 26.426261749901176, 34.67806515952326, 81.13043590149921, 127.37816580281931, 49.143115502436004, 68.73615770867754, 64.98886019330124], [95.54260330452045, 39.269393796468435, 40.94640489875613, 38.899718982410796, 43.225648591628016, 49.23064837293872, 52.82035849569895, 56.72253794881418, 53.662374076021514, 43.35109847765494, 33.550642550109224, 27.633913502643786, 25.293417885113993, 25.27055927563057, 25.27056273847742, 32.11042207550053, 36.717219409474545, 28.814102991322873, 39.71997320398818, 101.67689231027137, 137.58414386044336, 49.13778057739138, 74.21856878004813, 70.19599186631096], [138.35239190266822, 68.4888252166123, 71.59648947923804, 67.18164061993947, 75.60773516414243, 85.92643887602708, 91.96314004384168, 98.61808972216593, 93.38932354445222, 75.58130750196425, 58.55682592513542, 48.073042677509726, 43.76988922372687, 43.76989270142793, 43.769896004183344, 43.76989867258073, 44.698533793361094, 50.32459388203069, 63.22157550131761, 206.8763674814947, 238.3027274406149, 99.62796911658015, 123.50375387452733, 121.58302440014224], [92.50272751850146, 96.61970920668637, 103.31118485559314, 98.59054588582073, 108.81939789740161, 124.97240535758033, 133.8959875759914, 142.13594336361754, 134.20570855903213, 109.58455445079005, 85.90517893522603, 71.03637163586424, 61.8999712270444, 61.89997639242664, 61.89997881527759, 61.899979409697515, 64.54035605017303, 73.39061051583445, 119.92907582883893, 337.01094341180544, 337.01094890509034, 251.9269065844584, 170.07988918233514, 171.94436206102006], [132.54291577081955, 54.61504898203957, 58.1727018879621, 56.52815991722105, 61.39837479089897, 70.73793970654765, 76.0436980062017, 80.85856925057368, 76.30183207353572, 62.15211835877745, 48.59524905078901, 40.11194793009713, 35.80263901033843, 35.737967612655375, 35.737970839717676, 35.737974855601145, 36.69840149306429, 41.25165870623383, 67.35723191558401, 177.57068719843102, 194.57336220561905, 54.9232702204064, 101.40219433515999, 99.2721237215684], [129.79735455339937, 66.2536559277256, 72.04355150155574, 71.81083168420342, 76.23690662931433, 88.56097741680667, 95.32615332857839, 100.45084791808365, 94.47764020525119, 77.56060778584099, 61.29713743046551, 50.933592997280925, 43.888730144327944, 43.769892714208424, 43.76989523123311, 43.76989651320355, 45.54017061552817, 51.61278165197193, 105.92317268033602, 238.30272518241722, 238.30272741489205, 77.40878886735277, 125.51608732999452, 121.58302440014224], [76.37184211030417, 93.61480165469803, 102.92950330462212, 109.51770190515792, 110.04439206794726, 128.68769994382515, 138.64825870766003, 145.00808098300266, 135.82485024607342, 112.2441685492951, 89.66585237248432, 75.08351796160184, 62.23633211202034, 61.899976535862635, 61.89997851491901, 61.899979898032235, 66.27722650716703, 75.13240739311998, 270.5891111552329, 337.01094620470496, 337.0109489140213, 113.12105815463315, 171.61242966322052, 171.94436206102006], [42.109042829913854, 33.27168490813714, 21.424281673504023, 20.651200137310187, 22.07565606706837, 65.19039571776185, 66.87334302335056, 69.44341531931552, 68.24223466863197, 63.22855795009079, 58.32629683070304, 56.67979399570537, 56.61854299044653, 71.25900773509468, 78.9561997922583, 87.05624930009311, 93.19042187616293, 96.22768871667147, 65.2896107865793, 63.70495474626317, 96.22774699502386, 35.52005696254207, 50.04215236086191, 49.0957893157077], [40.03748029000884, 34.88477003707405, 21.9118148707815, 21.241507900226395, 22.399090510256475, 72.14625010740576, 73.59186553461237, 75.8086811507864, 74.75231563596674, 70.21592072098896, 65.65624788844487, 63.86924439221679, 63.796932881042096, 81.12827920001189, 84.04563023028848, 92.3107001426556, 97.89914207280655, 100.40777261533657, 74.0510617836099, 72.1746490673615, 100.4078379329596, 32.93468718183678, 53.85095364398967, 51.22848877337971], [37.30881603015031, 31.753379157049498, 22.332524677961537, 21.823812938863433, 22.724900344584466, 80.72755484643352, 81.9419210832253, 83.75078969995847, 82.84595809275234, 78.93601217654151, 74.90475531425186, 73.07447411060318, 72.98759791532945, 86.84991002324357, 90.051770455568, 98.47505315849953, 103.29348668552835, 105.18465290929511, 85.32989472055316, 83.06813360860437, 105.18472719646664, 29.66896378409283, 57.94157747648181, 53.665677172312215], [33.725177162842215, 27.768645615846296, 22.680437274298153, 22.365381654218773, 23.009336192110872, 91.62450760221716, 92.56819335148656, 93.89309447995683, 93.17498377452242, 90.1232716637825, 86.90379377621034, 85.19416260172127, 85.0875386723681, 93.56868673688062, 97.25842674172304, 105.83304769314498, 109.55457568945623, 110.7153493441185, 100.26631503942058, 97.48038311065392, 110.71543508169874, 25.561078161207664, 60.531005696637465, 56.48746690862179], [337.0109442375664, 93.41189107114091, 99.51350281356449, 95.87527278798702, 106.45719462101725, 118.15155762044773, 126.7668058530652, 138.00498941918318, 130.95046662117522, 104.18215253123813, 78.58791691584192, 63.37836690235924, 61.899971407869664, 61.90002834210427, 120.34306267651303, 281.7477539796127, 330.2966690679455, 337.0085544467862, 337.0108851214877, 337.01093464317194, 337.0109485265927, 61.8999705409995, 172.68001368053237, 171.9443620610201], [22.96444159381596, 22.96444159111631, 22.964441589026404, 22.964441584607254, 22.964441583225444, 125.02862622790344, 125.02862628182615, 125.02862630727934, 125.02862632859588, 125.02862633078664, 125.02862633144254, 125.02862632784769, 125.02862630766244, 125.02862632667687, 125.02862632793543, 125.02862633091229, 125.0286263358166, 125.02862634295178, 125.0286263438798, 125.02862634389064, 125.02862634642875, 30.60832310344699, 68.24513701382212, 63.79011548825076], [53.80276317078553, 52.79953348643709, 48.45582103190315, 48.48786900968465, 53.73598151863212, 86.73069147431488, 91.76965128481366, 88.98116749398051, 80.20429784843623, 84.02611178691184, 80.3074492137507, 73.18199351586458, 74.63710334033496, 75.2550021664273, 81.20440517323416, 89.65582332411944, 91.63949837399088, 97.67620650429703, 92.36030087190925, 91.05985948906162, 101.20597959341552, 56.557179483962436, 69.1953190286475, 70.19599186631096], [45.659773343097804, 44.56032291154131, 39.532050284088236, 39.56840890854923, 65.76253381073313, 85.40276453746556, 91.7064272785084, 105.39946570878683, 77.31111470666126, 82.03911235109703, 77.43832213766328, 68.7072836643637, 70.4806740995575, 71.23526830980855, 78.72251732306154, 117.50592968727096, 119.34585971472245, 114.95942610157199, 119.8608625425177, 118.88033582511652, 133.598350086241, 70.44443365114665, 77.84804976031293, 76.89585638325534], [39.66810304999222, 31.110348923904812, 30.949985700722547, 30.94998600207091, 55.84693198219513, 80.44648237459018, 88.58483374629778, 118.54760978335193, 70.16004743248637, 76.14731059222424, 70.3202401333016, 59.45069411097893, 61.63685404431112, 62.57056856442971, 81.10509341080791, 158.81296744858105, 168.50547011686282, 159.2348843915609, 168.50546811637884, 168.50547126270618, 168.50547038488511, 94.13820927368886, 90.8906866234648, 85.97218103051004], [61.89997824365599, 61.8999723378173, 61.89997120942263, 61.89997197086488, 70.10721392860017, 103.32295395771793, 136.11070378942557, 153.27062258755052, 138.45328656500953, 115.89215991754693, 93.16443867637842, 78.77500117400844, 65.7562560443802, 61.89998326613182, 93.79894724606277, 262.9164909522199, 337.01093659174677, 284.70146704460967, 337.01093055668287, 337.0109405818219, 337.01094254521666, 64.67349722785353, 175.8175617969323, 171.9443620610201], [43.95997005691129, 44.2240390168375, 43.76988968228207, 43.769889880936205, 49.58763209437846, 87.23873795766238, 95.29223946290232, 168.28028921467836, 97.89842722749728, 82.38123571651113, 66.71524608826243, 56.73961434265572, 56.92360609224607, 60.63983367588807, 100.95869342365853, 238.30246156299762, 238.30272188721162, 231.04054259718052, 238.3027198747417, 238.302723554418, 238.3027245279538, 143.44282020178616, 126.29185129833863, 121.58302440014224], [62.43817356818055, 63.187815005852215, 61.89997242336203, 61.89997217119562, 71.74377473556865, 101.97950599711366, 136.70864723618124, 156.140529765441, 140.9124228811758, 118.9167296956673, 97.19824090992311, 83.27600301108319, 69.77558411773234, 61.89998552492858, 120.87987026382208, 337.0102161292757, 337.0109388524732, 316.6294691607624, 337.010935758366, 337.0109427488983, 337.01094281232605, 113.77743829490178, 172.88572498500395, 171.9443620610201], [57.79305039878932, 59.112549804645276, 65.15593950605891, 65.10928081750617, 57.88003962714469, 101.45187450328523, 94.81591654506421, 98.43719275485036, 110.69185826043434, 105.18859751800409, 110.53976088865974, 121.54418790790113, 119.211826743504, 118.23506692985487, 109.22567153067773, 97.54965620605164, 94.98220652783144, 87.53824624366086, 94.06457492716886, 95.7259959028791, 83.42801432574473, 73.11065218575023, 75.93208173150886, 76.89585638325534], [49.02909628814903, 55.34534412603892, 55.10883778840938, 55.05212653515398, 74.0366153091031, 101.3545910453604, 92.63574537045437, 121.49467470078584, 113.64708281371031, 106.30549077852996, 113.44340897648009, 128.28440130336853, 125.12175995278987, 123.79993898788761, 112.01009013582608, 136.03456961897103, 130.60742550688693, 117.04796865634225, 128.46830374507857, 132.27147784016196, 113.409701171852, 96.58424462130762, 85.05820554602204, 85.97218103051004], [39.65345836149778, 36.111530477102434, 35.8380413493062, 35.77253016781089, 58.95880988375751, 95.5439978499754, 83.54506955072686, 155.56913162325824, 112.87660974265728, 102.47017504235014, 112.5858417592129, 134.05412000021815, 129.43364375709723, 127.5095267971657, 123.91163553605597, 194.57329570644012, 194.57335730328043, 176.16865905999532, 194.5733546701392, 194.57335728163568, 129.08588618049447, 115.95385973735866, 99.86066632374977, 99.2721237215684], [44.033019227485326, 44.45706244152902, 43.953805656192976, 43.83339711153701, 49.96627929479806, 72.3798105105574, 96.43055041961921, 168.64913305234953, 98.36910097021651, 82.54589306916364, 97.91872876811604, 132.28463490279586, 124.71016483981357, 121.58302623133137, 141.65509683384485, 238.3026166541738, 238.30272149226403, 230.05884940856888, 238.3027189877709, 238.30272096035077, 124.14377380721963, 130.4881475018549, 122.28259781193947, 121.58302440014224], [62.645318893967165, 63.85115920867525, 62.42071081467475, 62.0796635390945, 72.3714473168031, 102.4724572464791, 137.82740679190508, 156.98629400985368, 141.62656954669924, 119.17842170681608, 96.49290299833967, 80.95477517116316, 67.28552040033134, 61.899988051376525, 119.61617053256089, 337.0106522826345, 337.01093823360833, 313.8991853528147, 337.01093441641035, 337.0109354419208, 66.2985435590727, 161.98839015840335, 172.0037680893992, 171.9443620610201]]
m_pipe = [[1.3158478191596452, 1.1271044208329855, 0.7691811718353555, 1.1466674823044907, 0.7650793671734052, 0.7387152111165188, 0.7914506217558924, 0.8658306728044769, 0.830385175458831, 0.7085003972201085, 0.5988609289329753, 0.5738095354028778, 0.5738095316245022, 0.5738095613875388, 0.5738095655149009, 0.5738095732335652, 0.5738095830650091, 0.6018453482106638, 0.5838378228218272, 0.5789811545611557, 1.3388888848824114, 0.7831497773510976, 0.9591507689806897, 0.9563492063492065], [11.097129394877228, 7.459078717117114, 7.228688479354908, 6.977160041592738, 7.526393912936929, 7.7770653844863755, 8.07772584103023, 8.57221745681908, 8.330412639086038, 7.332427862969186, 6.330661581146868, 5.834821920746696, 5.7380952729546655, 5.738095540814511, 5.738095805553287, 6.533094200031359, 7.205684430951655, 6.632039256493118, 6.561869912108497, 7.692563987641468, 13.388888875807421, 8.35955641619652, 9.717415489260397, 9.563492063492065], [4.270442634061905, 2.9984397966698255, 2.9051062977899895, 2.7981984656877223, 3.0135042595326245, 3.1207468078130285, 3.2316906605919953, 3.4306747255974677, 3.338554414466387, 2.939691556552496, 2.5371849204363652, 2.3253396404538127, 2.295238109820599, 2.295238205227241, 2.295238271213603, 2.2952389229692796, 2.4490222907324135, 2.442652307692475, 2.336303251491938, 2.8757044927329014, 5.355555550058197, 3.403330716956677, 3.84939757611251, 3.825396825396826], [2.931553767425478, 2.242656376987328, 2.200481798330228, 2.1162409456141726, 2.2647920893110904, 2.369736028937935, 2.445273133067397, 2.580096014718591, 2.514596637278257, 2.2268664820591932, 1.9309377863880326, 1.7515301142917628, 1.7214285835155883, 1.7214286495769502, 1.7214286869952753, 1.7214288119394707, 1.7346176186177378, 1.8489741429083217, 1.7624937214966847, 2.3018949671777444, 4.01666666214336, 2.829515138168943, 2.913425566009233, 2.8690476190476195], [0.7963324490558492, 0.7470344663375925, 0.7410092343012135, 0.7159655919721918, 0.7586427004777858, 0.798682571958333, 0.8230136352155166, 0.8642145240488909, 0.842636507138248, 0.7494488366359718, 0.6525206826330034, 0.5888602944737165, 0.5738095286913281, 0.5738095508533128, 0.5738095598015809, 0.5738095719822001, 0.5804040049181556, 0.6196613288419073, 0.593150591673711, 0.8640427201729005, 1.338888887053183, 0.8361092516757777, 0.957375838362204, 0.9563492063492065], [0.7963324490558795, 0.7470344663375931, 0.7410092343012155, 0.7159655919721953, 0.7586427004777859, 0.7986825719583324, 0.8230136352155181, 0.8642145240488902, 0.8426365071382484, 0.7494488366359726, 0.652520682633004, 0.5888602944737158, 0.5738095286913281, 0.5738095508533128, 0.5738095598015809, 0.5738095719822001, 0.5804040049181555, 0.6196613288419075, 0.5931505916737114, 0.8640427201728995, 1.338888887053183, 0.8361092516757774, 0.9573758383622036, 0.9563492063492065], [5.487797903212698, 3.7026996869813824, 3.635061855025958, 3.5114841108792176, 3.75877457617375, 3.9296112273581327, 4.066594031799968, 4.287763268822554, 4.172586396037781, 3.695208355260796, 3.2060387417051075, 2.9356727512550864, 2.869047635757315, 2.8690477508042664, 2.869047860212352, 3.077547061108767, 3.487366935553565, 3.051138142395268, 2.928182852800333, 4.243049969151464, 6.694444438337171, 4.370813846472881, 4.817025641179944, 4.7817460317460325], [4.148909036227912, 2.9477827419518534, 2.931261743257639, 2.8310404575133017, 3.011005130080564, 3.1793141600790076, 3.2808813558138703, 3.437869803415278, 3.3492521553452597, 2.983036057851622, 2.6005600753365177, 2.361863225070725, 2.2952381095496586, 2.2952381945527165, 2.295238263125611, 2.295238617926915, 2.3178759469786945, 2.458549826802954, 2.3543733222611594, 3.6692404436050623, 5.355555550403583, 3.491938829721171, 3.869821008553109, 3.825396825396826], [2.8100201665275706, 2.201313830854716, 2.2149330102389393, 2.1414454115942823, 2.2658921984348126, 2.4090957430190225, 2.4837841218496997, 2.5882831088149407, 2.5218665791393877, 2.2569881566550523, 1.9767760144414934, 1.7880536997073324, 1.7214285836110448, 1.7214286462944746, 1.7214286878849416, 1.721428798388734, 1.7440662291935103, 1.8539637482998912, 1.7803126048127422, 3.0954309173379992, 4.016666662322245, 2.58985139264419, 2.8951842388549127, 2.8690476190476195], [0.7355656485988066, 0.7328280227071262, 0.7444790708923387, 0.7244075002700574, 0.7597088225516965, 0.8108340661520931, 0.8360543496417813, 0.8676482807059861, 0.8449758569854341, 0.7589110588738995, 0.6673409565887503, 0.6049233234350073, 0.573809528798554, 0.5738095505211734, 0.5738095606007073, 0.573809572955772, 0.585128313226373, 0.6243391494476416, 0.599856725574125, 1.2608106937437582, 1.3388888871106202, 0.8670140314481691, 0.9559810349443688, 0.9563492063492065], [0.7355656485987662, 0.7328280227071247, 0.7444790708923387, 0.7244075002700572, 0.7597088225516968, 0.8108340661520927, 0.8360543496417826, 0.8676482807059844, 0.8449758569854348, 0.7589110588739004, 0.6673409565887497, 0.6049233234350074, 0.573809528798554, 0.5738095505211734, 0.5738095606007073, 0.573809572955772, 0.5851283132263727, 0.6243391494476407, 0.5998567255741261, 1.2608106937437584, 1.3388888871106202, 0.867014031448169, 0.9559810349443741, 0.9563492063492065], [21.57453510857048, 16.435837481266105, 14.655081926388602, 13.892910701124471, 14.603787527501433, 20.541760288188232, 21.016714994172972, 21.65242443928291, 21.30396859145732, 19.93796141802281, 18.54568436744978, 17.9253169985391, 17.762668060519523, 19.296221828506617, 20.536342435057172, 23.00188100943571, 24.13579271185656, 23.368864940993262, 20.280361440574215, 21.98927214412874, 28.472222208267418, 16.946433191371664, 20.88689602989101, 20.33730158730159], [9.372154193893357, 6.02252047946293, 6.21826160976246, 5.618944711342533, 5.98642247243165, 6.310470352914758, 6.551995129804777, 6.852879502324859, 6.661487103174552, 5.937002560017235, 5.182261721862692, 4.747870151787281, 4.592033119145529, 4.590476422327522, 4.590477113709902, 6.229688389548751, 6.713319794096174, 5.607758951167027, 5.463963253298555, 8.053557872292934, 10.711111103857972, 6.395195893020953, 7.705333641442139, 7.650793650793652], [8.033265316927912, 5.033104558313822, 5.094134422856397, 4.948503755080489, 5.242378533711518, 5.566880748147746, 5.769147713331044, 6.004178334711395, 5.840486422157336, 5.2294709062098, 4.583088567431967, 4.17406062465324, 4.018223593135463, 4.01666684817952, 4.016667252814885, 5.063640923928235, 5.4394105694432175, 4.268870181487212, 4.890153716233403, 7.4797483463620145, 9.372222215745486, 5.821386368729495, 6.884742595305076, 6.6944444444444455], [6.6943764385266205, 4.2917922702059, 4.38247536010453, 4.271543433283509, 4.502796853457365, 4.8053981012612095, 4.977511440767663, 5.158096013086101, 5.017028127604148, 4.5093261493438, 3.966998312278736, 3.600251098916994, 3.4444140678128496, 3.442857292977023, 3.4428575288658885, 3.8809192078331622, 4.149984618450549, 3.6763271095001953, 4.316344186014467, 6.905938819952185, 8.033333327566707, 4.8008635541931355, 5.900215610815599, 5.738095238095239], [2.04034384487779, 1.4355551605365269, 1.4677628476277444, 1.4217895863334329, 1.5083187879674247, 1.6079533060195421, 1.6634774658664477, 1.722615375170271, 1.6763266179351275, 1.5080551587028006, 1.3273907599281924, 1.2027097499103911, 1.1476190533830581, 1.1476190989746278, 1.1476191422727133, 1.1476191772545632, 1.1597293949064276, 1.2305525527959422, 1.3792490182034114, 2.4949708001242876, 2.6777777756221868, 1.7314129641294287, 1.927747308046911, 1.912698412698413], [0.7014549768997758, 0.7168947414047004, 0.7413037599694683, 0.7241693961957876, 0.7608090868191136, 0.8153228166052264, 0.8439297817242027, 0.8695098173656741, 0.8449052843766011, 0.7634791913010512, 0.6759774446890171, 0.6146995809088976, 0.5738095279118337, 0.5738095518532462, 0.573809563083097, 0.5738095658382177, 0.5859198483057042, 0.624802533596523, 0.798702006047097, 1.3388888765178903, 1.3388888874298475, 1.157603440042426, 0.9511500034391686, 0.9563492063492065], [3.315143714751765, 2.128042336695292, 2.1962598276633996, 2.1649931393744906, 2.256329584908986, 2.4218670767234736, 2.5110520460384373, 2.589328349898228, 2.51531038006217, 2.270137003784816, 2.0073403115617903, 1.8237318238020077, 1.7229854893904035, 1.7214286454361696, 1.7214287231568366, 1.721428819875492, 1.7444064103557195, 1.8494594261012893, 2.363285638182306, 3.8371584912917793, 4.016666663687249, 2.1340387154500053, 2.8996646675342377, 2.8690476190476195], [1.9762548411254925, 1.4119358008415086, 1.4723382108035432, 1.4699582654331438, 1.5145815403756584, 1.6324174433316525, 1.6936203387061786, 1.7385485767619364, 1.686065899460114, 1.5276737918895522, 1.3580949147069679, 1.2379758796030012, 1.1491759645102666, 1.147619099142176, 1.1476191321395788, 1.147619148945808, 1.1705968549771297, 1.2462026178047423, 1.7852766161898614, 2.677777762934645, 2.6777777754776646, 1.526177907594023, 1.943388921359956, 1.912698412698413], [0.6373663994951134, 0.7056588497624879, 0.7399331252977871, 0.7632462738316043, 0.7650793662922026, 0.8273533906756975, 0.8587756889596408, 0.8782509622645926, 0.849986737020608, 0.7726884585209828, 0.6906151040917988, 0.6319676362129983, 0.5753664397279676, 0.5738095525180683, 0.5738095616909429, 0.5738095681016364, 0.5937514658873055, 0.6321733505395313, 1.1997138974535684, 1.338888882065755, 1.3388888874475882, 0.7757008389998599, 0.9554256615680556, 0.9563492063492065], [10.86349204034136, 9.656487060595653, 7.748808006083138, 7.6077181309876885, 7.8657216792940865, 13.516790241065712, 13.690152400634538, 13.950741822562739, 13.829560723285237, 13.311849658721679, 12.7853896290782, 12.603637311373037, 12.596825411796113, 14.131935641775483, 14.875613443868835, 15.620025616033839, 16.160969273250053, 16.422217243890287, 13.527072119205087, 13.361904745115792, 16.42222221678131, 9.977427769268408, 11.842673500746436, 11.730158730158731], [9.524603157138454, 8.890607818283545, 7.046163167468064, 6.937551060832032, 7.124078777694639, 12.785579070548716, 12.91303794056637, 13.10608533979289, 13.01445080698067, 12.61337531210522, 12.196958635286071, 12.029827780870805, 12.023015884211405, 13.558125607447366, 13.79974591061845, 14.462372504082932, 14.893712419576131, 15.083328422581998, 12.95326247779067, 12.788095219503122, 15.083333328611552, 8.638538881082997, 11.046131784048258, 10.773809523809526], [8.185714271823144, 7.551719012869474, 6.333149774269518, 6.260602968979051, 6.388543279670017, 12.040977553221898, 12.131204347106351, 12.264371661819728, 12.19794048371086, 11.906618502222855, 11.598599231715578, 11.45601825218847, 11.449206357374285, 12.489226274264396, 12.717360294729044, 13.298846080463223, 13.620320160921363, 13.744439586903972, 12.379452919843605, 12.214285693813103, 13.744444440441693, 7.299649992374128, 10.20107651351841, 9.81746031746032], [6.846825385584618, 6.212830158219678, 5.614845932697845, 5.5757114337406755, 5.655411064344625, 11.285426046902831, 11.343394237959004, 11.424283152140882, 11.380511847307208, 11.192590300292116, 10.990855555502609, 10.88220872438913, 10.875396830898353, 11.40453019420101, 11.62721631891815, 12.128938213715719, 12.340347598008417, 12.40555074883223, 11.805643361366698, 11.640476167375676, 12.405555552238908, 5.96076110418962, 9.172782103910878, 8.861111111111112], [1.3388888781581962, 0.7048936752410359, 0.7275511615498245, 0.7141276325084319, 0.7525061270665095, 0.7927609645821627, 0.8211553097783565, 0.8567811948500205, 0.8345955348246213, 0.7444219921530658, 0.6465474756009968, 0.5806214204163629, 0.5738095287499542, 0.5738097926385963, 0.8000793503975889, 1.2242010933361127, 1.3254844242407575, 1.3388841310275412, 1.3388887607289777, 1.3388888590997232, 1.3388888866779933, 0.5738095247320334, 0.9583928585177021, 0.9563492063492065], [4.169047620685659, 4.169047620440607, 4.169047620250902, 4.169047619849768, 4.169047619724339, 9.727777772756747, 9.72777777485446, 9.727777775844645, 9.727777776673905, 9.72777777675913, 9.727777776784647, 9.7277777766448, 9.727777775859549, 9.727777776599252, 9.727777776648212, 9.72777777676402, 9.727777776954808, 9.727777777232381, 9.727777777268484, 9.727777777268905, 9.727777777367644, 4.813142055454197, 7.186952360630106, 6.9484126984126995], [5.023586502889219, 4.976530124625804, 4.767432722007458, 4.769009016870904, 5.02046781943904, 6.378198030875276, 6.5608655112132785, 6.4604183873586045, 6.133528890454631, 6.277962662456061, 6.137471812484129, 5.858867987364377, 5.916828518718692, 5.941269886687231, 6.171651429264502, 6.484863607448419, 6.556211365127742, 6.768711237162557, 6.581945231316158, 6.535443773028343, 6.889927961576697, 5.150572042903692, 5.697048972131771, 5.738095238095239], [3.6846981201074107, 3.640065527711958, 3.4285438370168624, 3.4301201338129657, 4.422056693210672, 5.039309145723624, 5.221976635466447, 5.59827517555946, 4.7946400053166975, 4.939073777528834, 4.79858292580524, 4.51997909998631, 4.577939634615419, 4.602381012889319, 4.838207871544426, 5.911054023829741, 5.9571524700451155, 5.846653155030908, 5.969991825268228, 5.945522798159683, 6.302829869387729, 4.5767625181956895, 4.811260874485289, 4.7817460317460325], [2.59847317174771, 2.3011766674556933, 2.2952381148807057, 2.2952381260546404, 3.0831679351020425, 3.700420261499972, 3.883087779012906, 4.492043175340132, 3.4557511232306086, 3.600184895740284, 3.459694040124438, 3.18109021402675, 3.239050752073286, 3.26349214362313, 3.7155369557755775, 5.199247614343831, 5.355555480819588, 5.206149429931505, 5.355555449029216, 5.355555499028575, 5.355555485078821, 4.002952965998626, 3.9333012760177164, 3.825396825396826], [0.5738095604336458, 0.5738095330602373, 0.5738095278301573, 0.5738095313594224, 0.610666204560766, 0.7413459830415007, 0.8508806972070224, 0.9029256541170424, 0.8581716559800274, 0.7851444411544041, 0.7039594082224048, 0.6473165948072632, 0.5914132778145096, 0.5738095837126895, 0.7063525441617238, 1.1825824928686768, 1.3388888629704063, 1.2306013416227033, 1.3388888509822496, 1.3388888708963615, 1.338888874796483, 0.5865238879550269, 0.9670605301180647, 0.9563492063492065], [1.1501082539652214, 1.1535574505755386, 1.147619059394573, 1.1476190619988662, 1.2215091133609477, 1.6201853966666744, 1.6933190450939988, 2.250228656847115, 1.716318499804443, 1.5744329759393918, 1.4168457521352258, 1.3066317774542604, 1.3087485955598275, 1.35079370172327, 1.7429377928933936, 2.677776281805098, 2.6777777444207396, 2.636659960632221, 2.6777777331138037, 2.677777753787834, 2.6777777592575833, 2.077540189696411, 1.9493853191994222, 1.912698412698413], [0.5762986829175855, 0.579747922058347, 0.5738095334567349, 0.5738095322879502, 0.6177526871254597, 0.7365105694116855, 0.8527476370294194, 0.9113398394430103, 0.8657593148068493, 0.7953238576151855, 0.7190378204142527, 0.6655527278999745, 0.6092201680890097, 0.5738095941821528, 0.8018617995575535, 1.338887431830361, 1.338888867461153, 1.2977713972399405, 1.338888861314964, 1.33888887520108, 1.338888875327074, 0.7779480694529944, 0.9589635486621064, 0.9563492063492065], [4.145461117331622, 4.19251749539902, 4.4016148964047455, 4.400038598367121, 4.1485797870242225, 5.492436884979615, 5.309769406720408, 5.410216531541684, 5.737106029164331, 5.5926722572513965, 5.733163107257287, 6.011766932250138, 5.953806400259775, 5.929365033101703, 5.6989834905996934, 5.385771312465045, 5.314423554967374, 5.101923683071612, 5.288689688950014, 5.335191147250291, 4.980706958746224, 4.662570012356109, 4.751685523364866, 4.7817460317460325], [2.8888464932713114, 3.069291007232344, 3.0627260111205987, 3.0611497145970143, 3.549938251826253, 4.153547999909777, 3.97088053158371, 4.547535961864377, 4.398217143875397, 4.253783372118038, 4.394274220503727, 4.672878044686188, 4.614917515852712, 4.590476159031658, 4.366425898190068, 4.811961726104536, 4.714997375128548, 4.463540311569337, 4.676226253478043, 4.74493889290937, 4.39362132959177, 4.05462472769832, 3.805008480037624, 3.825396825396826], [1.8132790136110053, 1.7304021563905272, 1.7238371395276424, 1.7222608499289864, 2.211049443282654, 2.8146591159980847, 2.63199168282508, 3.591582227703298, 3.0593282607286345, 2.9148944890682733, 3.0553853343814206, 3.3339891576646097, 3.276028632281304, 3.2515872887705743, 3.205384590570481, 4.016665977300749, 4.016666613086643, 3.821980126001828, 4.016666585908074, 4.016666612863231, 3.2716247153098883, 3.1007496607803766, 2.8775397384572905, 2.8690476190476195], [1.1510634363817869, 1.1565925955820489, 1.150027612682948, 1.148451320098966, 1.2261639173738907, 1.4757702364626086, 1.7034027699786058, 2.2526933800690587, 1.7204393904060538, 1.5760056189964124, 1.7164964500764062, 1.9951002718740711, 1.937139750033124, 1.9126984271022025, 2.064553440366097, 2.6777771531754624, 2.6777777422017515, 2.6310524025913216, 2.677777728130414, 2.67777773921323, 1.932735830054414, 1.9815067637278505, 1.9181932328129314, 1.912698412698413], [0.577253857641109, 0.5827830671921496, 0.5762180874658865, 0.5746417935577159, 0.6204491024935646, 0.7382885056360596, 0.8562297711891201, 0.913804727011602, 0.8679503840240523, 0.7961984844309951, 0.7164241513389937, 0.6562113944547435, 0.5982508709583273, 0.5738096058921722, 0.7976593843409894, 1.3388882982136834, 1.3388888662318288, 1.2921639663298954, 1.33888885864928, 1.3388888606863718, 0.5938469437302473, 0.9282489708913366, 0.9565143993253129, 0.9563492063492065]]
m_port = [[33.98751232260736, 25.022020619216203, 22.652951577578868, 22.016738225021697, 22.89526080761177, 29.057540883791127, 29.885891456959094, 31.09047256890647, 30.464766406002187, 27.978889678212102, 25.475206877529622, 24.333948454688674, 24.07457286509869, 25.608126930708668, 26.84824780612536, 30.10878478270063, 31.915286725873226, 30.602749545697048, 27.426069175504537, 30.260817286331367, 43.19999996895725, 26.089139384919278, 31.563462288132094, 30.85714285714286], [1.3158478191596452, 1.1271044208329855, 0.7691811718353555, 1.1466674823044907, 0.7650793671734052, 0.7387152111165188, 0.7914506217558924, 0.8658306728044769, 0.830385175458831, 0.7085003972201085, 0.5988609289329753, 0.5738095354028778, 0.5738095316245022, 0.5738095613875388, 0.5738095655149009, 0.5738095732335652, 0.5738095830650091, 0.6018453482106638, 0.5838378228218272, 0.5789811545611557, 1.3388888848824114, 0.7831497773510976, 0.9591507689806897, 0.9563492063492065], [1.3388888576026248, 0.7579392334659063, 0.6885203265389606, 0.6674774650257983, 0.7541150772305553, 0.7267073493152135, 0.7794411486382666, 0.8537794623990572, 0.8192718285818705, 0.6975279511558935, 0.5874379190053953, 0.5738095290377966, 0.5738095273767511, 0.5738095847830034, 0.5738096741273315, 1.1603082159533125, 1.2692952046656767, 1.138248806405375, 1.2973838078162263, 0.5738095257571025, 1.338888887412054, 0.5854118527669606, 1.0509922719679432, 0.9563492063492065], [1.3388888666364271, 0.7557834196824978, 0.7046244994597611, 0.6819575200735499, 0.7487121702215341, 0.7510107788750935, 0.7864175275245983, 0.8505787108788766, 0.82395777718813, 0.7128250744933027, 0.6062471340483323, 0.5738095261620497, 0.5738095263050108, 0.5738095556502906, 0.5738095842183275, 0.573810111029809, 0.7144046721146755, 0.593678164784153, 0.573809529995253, 0.5738095255551571, 1.3388888879148364, 0.5738155787877343, 0.9359720101032771, 0.9563492063492065], [1.3388888693299978, 0.7356577854404651, 0.725974868454262, 0.6926304110541676, 0.7464745533314195, 0.7874276107148367, 0.8116754225661359, 0.8529865474029702, 0.8319148651685188, 0.7391660389072523, 0.6420941012639936, 0.5782070528373177, 0.5738095260139371, 0.5738095452521277, 0.573809566683527, 0.5738096524771901, 0.5738096027407644, 0.6052854494046088, 0.5805991536644911, 0.5738095298504828, 1.3388888881010046, 0.855823329747852, 0.9832221689661697, 0.9563492063492065], [0.7355656485987662, 0.7328280227071247, 0.7444790708923387, 0.7244075002700572, 0.7597088225516968, 0.8108340661520927, 0.8360543496417826, 0.8676482807059844, 0.8449758569854348, 0.7589110588739004, 0.6673409565887497, 0.6049233234350074, 0.573809528798554, 0.5738095505211734, 0.5738095606007073, 0.573809572955772, 0.5851283132263727, 0.6243391494476407, 0.5998567255741261, 1.2608106937437584, 1.3388888871106202, 0.867014031448169, 0.9559810349443741, 0.9563492063492065], [1.3388888743357643, 0.7568299412075192, 0.6880123105430045, 0.6662478587942493, 0.751643375775697, 0.7144996942077612, 0.7745674637336548, 0.8488031143953139, 0.8129207649975315, 0.689109199283895, 0.5780330165088873, 0.5738095353787822, 0.5738095295778827, 0.5738097644036109, 1.0702518774784346, 1.1521670038531169, 1.2615036445103338, 1.338888745935949, 1.2893260680705707, 0.5738095267200153, 1.3388888876281384, 0.5738095290823007, 1.3388888877024334, 0.9563492063492056], [1.3388888769654463, 0.9894159211491079, 1.124127186906063, 0.6704409562620445, 0.7440439387201315, 0.7435896047670125, 0.7828474164737327, 0.8487011676134641, 0.8210006810172158, 0.7075316538074348, 0.5991731544307243, 0.5738095271340412, 0.5738095260100656, 0.5738095741480015, 0.5738098608950176, 1.1660474656205158, 1.2739092246529566, 1.3388887696798162, 0.5738095370651517, 0.5738095259309204, 1.3388888881124856, 0.5738095242914583, 0.820591046137063, 0.9563492063492065], [1.33888887840129, 0.7413122881079219, 0.7116590627518675, 0.6769603217969804, 0.7395816802541533, 0.7614826468865362, 0.7916362725633816, 0.8460823216252943, 0.8234582945531874, 0.7201447568659999, 0.6160902551532311, 0.5738095257362467, 0.5738095253226134, 0.5738095552024975, 0.5738097239489959, 1.1827217160950727, 1.2894259509926675, 0.5925430719870163, 0.5738095302189369, 0.5738095264098287, 1.3388888881787782, 1.02052281453636, 0.9845269844894765, 0.9563492063492065], [1.338888883202905, 0.7658792423121088, 0.7026448386150728, 0.6701670701556572, 0.7416429015994467, 0.731211170516997, 0.7771144600681679, 0.8446564827698491, 0.8151099163045654, 0.6984743466164599, 0.5884309937921274, 0.5738095305022316, 0.573809527584706, 0.5738100343281171, 1.075867533250385, 1.1576531119509064, 1.2672568536739233, 1.3388888213082888, 0.5738096414144174, 0.5738095256126712, 1.3388888881697578, 1.3388888881854104, 0.7965417166981764, 0.9563492063492056], [1.33888888531531, 1.338888805414071, 0.7130133931985461, 0.6769480918529803, 0.7355354980246219, 0.7446015173268177, 0.7818335934600206, 0.8417136779731611, 0.8165103232698098, 0.7067568098823639, 0.5983594035704932, 0.5738095286823344, 0.5738095268371209, 1.0688993331829697, 1.0823856158894056, 1.16352642361971, 1.2733922586547683, 1.3388888356780253, 0.5738095579470665, 0.5738095256900172, 1.3388888881698588, 1.3388888887088697, 0.8450552705298485, 0.9563492063492056], [1.3388888862385266, 1.3388888546497966, 0.7183038415716739, 0.6848915352383754, 0.7331322153253926, 0.7555515063190673, 0.7878101091473474, 0.8400885096788464, 0.8174286364036543, 0.7140282019307392, 0.6077436762129701, 0.5738095277993394, 0.5738095264759326, 1.084696080063386, 1.0901439758108937, 1.1699078667475045, 1.2799725629129455, 1.3388888380717425, 0.5738095584769065, 0.5738095264374274, 1.3388888882027834, 1.3388888881845076, 1.028294409607532, 0.9563492063492074], [1.3388888867407627, 1.3388888625380346, 0.7182471508971177, 0.6925361813824751, 0.7338573175537761, 0.7648873095639211, 0.7944611533261864, 0.8397241814462165, 0.8181385358086812, 0.7203905313799203, 0.6165303031169644, 0.5738095273279673, 0.5738095262888493, 1.1029426249631613, 1.0993591918723487, 1.1769593436155874, 1.287085396812854, 1.3388888405723058, 0.7389768233692368, 0.5738095310070477, 1.3388888881932715, 0.5738095240033899, 1.0274368847630695, 0.9563492063492065], [1.3388888781581962, 0.7048936752410359, 0.7275511615498245, 0.7141276325084319, 0.7525061270665095, 0.7927609645821627, 0.8211553097783565, 0.8567811948500205, 0.8345955348246213, 0.7444219921530658, 0.6465474756009968, 0.5806214204163629, 0.5738095287499542, 0.5738097926385963, 0.8000793503975889, 1.2242010933361127, 1.3254844242407575, 1.3388841310275412, 1.3388887607289777, 1.3388888590997232, 1.3388888866779933, 0.5738095247320334, 0.9583928585177021, 0.9563492063492065], [4.999999999535182, 4.999999999584217, 4.999999998161301, 4.999999995388257, 4.999999986738923, 2.142857143098143, 2.142857143079226, 2.1428571430556436, 2.1428571429450565, 2.142857142948327, 2.142857142956769, 2.142857142969715, 2.1428571431189187, 2.1428571431896826, 2.142857143215983, 2.1428571431494445, 2.1428571431403087, 2.142857143001787, 2.1428571429976886, 2.142857143009728, 2.1428571429552763, 4.999999999805604, 3.2617821348665315, 3.571428571428572], [1.2566146240603104, 1.123226488166676, 1.3388888852841467, 1.3388888837701065, 0.5986415351979693, 1.3388888850698375, 1.3388888751366976, 0.8626805696773064, 1.3388888852889347, 1.3388888851333587, 1.3388888867535607, 1.33888888756395, 1.3388888844070634, 1.3388888740700453, 1.3325575924096262, 0.5738095863605093, 0.5994261798388256, 0.6383833715022754, 0.6124634354719714, 0.5902522543409208, 0.5870856291544536, 0.607945284657789, 0.9466770433272429, 0.9563492063492065], [1.3388883827818086, 1.3364645969138462, 1.3388888849905958, 1.3388888830579386, 0.5984111262283678, 1.338888885151652, 1.338888875746831, 0.8621432117991438, 1.3388888851379332, 1.3388888849272274, 1.338888886678889, 1.3388888873780662, 1.3388888841032738, 1.3388888737979117, 1.3334435577200756, 0.573809583618678, 0.5990588950826264, 0.9220580821316487, 0.6119534060479301, 0.5899209748686591, 0.5870980921889671, 0.5738095247080024, 0.8857880976464821, 0.9563492063492065], [1.0862249483597006, 1.3388888602562645, 1.1333057221361569, 1.134882007758325, 1.3388887581086297, 1.3388888842236513, 1.3388888564535415, 1.1062320002193284, 1.338888882086089, 1.3388888817885496, 1.338888885680803, 1.3388888859595607, 1.3388888825421321, 1.3388888692661896, 1.1226709157688484, 0.7118064094859108, 0.6015969892255273, 0.6405037250994029, 0.6144363762390118, 0.5899672991311086, 0.9472743843089076, 0.573809552197064, 0.8779595984675729, 0.9563492063492065], [0.8745553573488426, 0.5738096838199174, 0.5738095276559755, 0.5738095326963518, 1.2509926171803287, 1.3388888817917972, 1.3388880367118847, 1.338888864375975, 0.8812609674461382, 1.240607478646488, 1.3388888797668073, 1.2271418417652262, 1.338888878698949, 1.33888885818717, 1.2662466187204604, 1.3388888396700556, 1.3388888734284423, 1.3388881276765807, 1.3388888649331625, 1.3388888743443794, 1.338888851024755, 1.3388888883471872, 1.0168554267002297, 0.9563492063492065], [0.5738095604336458, 0.5738095330602373, 0.5738095278301573, 0.5738095313594224, 0.610666204560766, 0.7413459830415007, 0.8508806972070224, 0.9029256541170424, 0.8581716559800274, 0.7851444411544041, 0.7039594082224048, 0.6473165948072632, 0.5914132778145096, 0.5738095837126895, 0.7063525441617238, 1.1825824928686768, 1.3388888629704063, 1.2306013416227033, 1.3388888509822496, 1.3388888708963615, 1.338888874796483, 0.5865238879550269, 0.9670605301180647, 0.9563492063492065], [0.573809571047636, 0.5738095285171916, 0.573809525937838, 0.5738095297109161, 0.603756426235488, 0.883674827254989, 0.8405714080645794, 1.3388888174041043, 0.8505591849975936, 0.7791091183242063, 0.6978079317209731, 0.6410790495542859, 0.6995284274708178, 0.7769841075411174, 0.94107599333584, 1.3388888499747373, 1.3388888769595868, 1.338888563392281, 1.3388888717988399, 1.3388888785867539, 1.3388888839305093, 1.2995921202434166, 0.9904217705373156, 0.9563492063492065], [0.5762986829175855, 0.579747922058347, 0.5738095334567349, 0.5738095322879502, 0.6177526871254597, 0.7365105694116855, 0.8527476370294194, 0.9113398394430103, 0.8657593148068493, 0.7953238576151855, 0.7190378204142527, 0.6655527278999745, 0.6092201680890097, 0.5738095941821528, 0.8018617995575535, 1.338887431830361, 1.338888867461153, 1.2977713972399405, 1.338888861314964, 1.33888887520108, 1.338888875327074, 0.7779480694529944, 0.9589635486621064, 0.9563492063492065], [0.7355656485988066, 0.7328280227071262, 0.7444790708923387, 0.7244075002700574, 0.7597088225516965, 0.8108340661520931, 0.8360543496417813, 0.8676482807059861, 0.8449758569854341, 0.7589110588738995, 0.6673409565887503, 0.6049233234350073, 0.573809528798554, 0.5738095505211734, 0.5738095606007073, 0.573809572955772, 0.585128313226373, 0.6243391494476416, 0.599856725574125, 1.2608106937437582, 1.3388888871106202, 0.8670140314481691, 0.9559810349443688, 0.9563492063492065], [1.338888869700341, 0.7464689110971372, 0.7163287330186999, 0.6895950459190197, 0.7451129316457514, 0.7702184170599848, 0.7970972339641705, 0.8495866946003372, 0.8273855762058718, 0.7260479011965698, 0.623784060895024, 0.5738095253633927, 0.5738095259386136, 0.5738095482582418, 0.5738095752406696, 0.5738098195381808, 0.5738097177851842, 0.6045860785030629, 0.5740607174484171, 0.573809526267063, 1.338888888081338, 0.9020874370769809, 0.9746367696981963, 0.9563492063492065], [1.3388888669847867, 0.754916945029529, 0.7038001117683187, 0.6804436533659158, 0.747769446093186, 0.7502970672791253, 0.7857126759860983, 0.8498934654072771, 0.8233342406925216, 0.7121722974091739, 0.6054786663685898, 0.5738095261843613, 0.5738095262076564, 0.5738095562515501, 0.5738095970867411, 0.7823084431818523, 1.1694909885748705, 0.592588315592314, 0.5738095305391738, 0.5738095255464019, 1.3388888879335876, 0.8788750167517102, 0.9472046326268352, 0.9563492063492065], [1.3388888693137493, 0.748587444312142, 0.7184633297277994, 0.6843097616697853, 0.7475066883555187, 0.7723708850212695, 0.7992458626363622, 0.85166696662081, 0.8293236230017602, 0.7279688087872487, 0.6258964211220253, 0.5738095253443306, 0.5738095261329322, 0.5738095478703247, 0.5738095673921135, 0.5738096679750706, 0.5738096087814267, 0.6096514852245071, 0.5761925381492623, 0.5738095268319445, 1.3388888880369947, 1.1572966348173879, 0.9986738892848251, 0.9563492063492064], [0.7963324490558492, 0.7470344663375925, 0.7410092343012135, 0.7159655919721918, 0.7586427004777858, 0.798682571958333, 0.8230136352155166, 0.8642145240488909, 0.842636507138248, 0.7494488366359718, 0.6525206826330034, 0.5888602944737165, 0.5738095286913281, 0.5738095508533128, 0.5738095598015809, 0.5738095719822001, 0.5804040049181556, 0.6196613288419073, 0.593150591673711, 0.8640427201729005, 1.338888887053183, 0.8361092516757777, 0.957375838362204, 0.9563492063492065], [0.7963324490558795, 0.7470344663375931, 0.7410092343012155, 0.7159655919721953, 0.7586427004777859, 0.7986825719583324, 0.8230136352155181, 0.8642145240488902, 0.8426365071382484, 0.7494488366359726, 0.652520682633004, 0.5888602944737158, 0.5738095286913281, 0.5738095508533128, 0.5738095598015809, 0.5738095719822001, 0.5804040049181555, 0.6196613288419075, 0.5931505916737114, 0.8640427201728995, 1.338888887053183, 0.8361092516757774, 0.9573758383622036, 0.9563492063492065], [1.3388888788970659, 0.7281947729740816, 0.7184526848133856, 0.6847607075755852, 0.7381484805809541, 0.7755777185181945, 0.8029819288627779, 0.8461522880176022, 0.8253911296068507, 0.7311339868561837, 0.6322672407887537, 0.5738095252045948, 0.5738095250393882, 0.5738095485662257, 0.5738096634363384, 1.011871210703107, 1.2458488131884025, 0.596315130602964, 0.5738095296287492, 0.5738095285361186, 1.3388888882572716, 0.9354118746137016, 1.0728036352344508, 0.9563492063492065], [1.338888867978014, 0.7186604191318264, 0.7264590876582762, 0.6976201901376454, 0.7475097011483111, 0.7926304894143158, 0.8195476841422451, 0.853105557804597, 0.8314213335585263, 0.7445759674017495, 0.6514133152391753, 0.5880101690014935, 0.5738095254712243, 0.5738095471213817, 0.5738095791896163, 0.5738096114163455, 0.5738095466007233, 0.6057500191994192, 0.5805470121563145, 1.1560819236063973, 1.3388888881923393, 0.5738095240870027, 0.9765973046077424, 0.9563492063492065], [0.7014549768997758, 0.7168947414047004, 0.7413037599694683, 0.7241693961957876, 0.7608090868191136, 0.8153228166052264, 0.8439297817242027, 0.8695098173656741, 0.8449052843766011, 0.7634791913010512, 0.6759774446890171, 0.6146995809088976, 0.5738095279118337, 0.5738095518532462, 0.573809563083097, 0.5738095658382177, 0.5859198483057042, 0.624802533596523, 0.798702006047097, 1.3388888765178903, 1.3388888874298475, 1.157603440042426, 0.9511500034391686, 0.9563492063492065], [1.3388888736262723, 0.7161065358537833, 0.7239216168598565, 0.6950348739413467, 0.7417480445333279, 0.7894496333918211, 0.8174317073322587, 0.8507797731362914, 0.8292444806020561, 0.7424632118952639, 0.6492453968548222, 0.5857559441990066, 0.5738095248801368, 0.5738095462939936, 0.5738095910172579, 0.5738096709296837, 0.5738095553785898, 0.603256808296547, 0.5780090219924444, 1.1593807283571342, 1.3388888882095842, 0.6078608078559826, 0.9562757461742816, 0.9563492063492065], [1.3388884416303792, 0.7062769510790206, 0.732405085505756, 0.7067119916015395, 0.7495021740834558, 0.8050640526559549, 0.8348446497465377, 0.8602976144973437, 0.8360791624395061, 0.7549853333685694, 0.667479810615169, 0.6060082433900028, 0.5738095247822989, 0.5738095466241078, 0.5738095704486359, 0.5738095808441718, 0.5768453890898242, 0.614029267265211, 0.5855627187362932, 1.3388888808688904, 1.3388888880300764, 0.750477068594163, 0.9879632597919005, 0.9563492063492065], [0.6373663994951134, 0.7056588497624879, 0.7399331252977871, 0.7632462738316043, 0.7650793662922026, 0.8273533906756975, 0.8587756889596408, 0.8782509622645926, 0.849986737020608, 0.7726884585209828, 0.6906151040917988, 0.6319676362129983, 0.5753664397279676, 0.5738095525180683, 0.5738095616909429, 0.5738095681016364, 0.5937514658873055, 0.6321733505395313, 1.1997138974535684, 1.338888882065755, 1.3388888874475882, 0.7757008389998599, 0.9554256615680556, 0.9563492063492065], [1.075567479660306, 1.3388888508418164, 1.338888871592956, 1.338888864668028, 1.3388888085435988, 1.3388888839116924, 1.3388888487586303, 0.9559537341610796, 1.3388888831467618, 1.3388888830497647, 1.3388888861223056, 1.3388888870215783, 1.3388888835714077, 1.3388888702610837, 1.1610413076195865, 0.7952957488037863, 0.6983307620419057, 0.6415601855675084, 0.6595596675699682, 0.7282722800461388, 1.121996614281882, 0.9538750669179434, 0.9274687415803332, 0.9563492063492065], [0.6622155772292184, 0.5738095608084784, 0.5738095268446946, 0.5738095298300203, 0.9848855259087637, 1.338888879535476, 0.9285889128464737, 1.3388888476342393, 1.338888870322581, 1.3388888700718606, 1.3388888843050146, 1.3388888857905386, 1.33888888224818, 1.3388888616683718, 1.140831150204384, 1.338888824125287, 1.3388888708848912, 1.1909277234105062, 1.33888885777766, 1.338888873650001, 1.3388888852554743, 1.119242897052526, 0.9593465056443591, 0.9563492063492065], [0.5738095787406778, 0.5738095283898992, 0.5738095252170614, 0.5738095265412503, 0.6057148148803262, 0.7374817308265489, 0.8471729987894857, 1.3388886530574566, 0.8524890063820013, 0.7798071345654174, 1.0000722987374124, 1.3388888774193277, 1.3388888790747966, 1.3388888212100303, 1.2668940560251076, 1.3388888549617788, 1.3388888759699225, 1.3388884362614264, 1.338888869481134, 1.3388888785268582, 1.3388888863241668, 1.0532577928365139, 0.9616788334876186, 0.9563492063492065], [0.577253857641109, 0.5827830671921496, 0.5762180874658865, 0.5746417935577159, 0.6204491024935646, 0.7382885056360596, 0.8562297711891201, 0.913804727011602, 0.8679503840240523, 0.7961984844309951, 0.7164241513389937, 0.6562113944547435, 0.5982508709583273, 0.5738096058921722, 0.7976593843409894, 1.3388882982136834, 1.3388888662318288, 1.2921639663298954, 1.33888885864928, 1.3388888606863718, 0.5938469437302473, 0.9282489708913366, 0.9565143993253129, 0.9563492063492065]]
r9_inverse_relative = [[0.726793168954728, 0.8485009806300089, 1.2433341342290611, 0.8340248774014277, 1.2499999965787212, 1.2946114983929304, 1.2083498073796117, 1.1045453070535545, 1.1516934967206922, 1.3498216939631429, 1.5969470709221063, 1.666666632993025, 1.66666664396756, 1.6666665575189128, 1.6666665455307255, 1.6666665231113724, 1.6666664945553167, 1.5890281601286977, 1.6380391419777212, 1.6517795075283246, 0.7142857164231357, 1.221157477160925, 0.9970791217375965, 1.0], [0.861798733995736, 1.282127783629061, 1.3229913131275945, 1.3706854947401954, 1.2706605811653864, 1.2297044695765627, 1.1839337273512045, 1.1156380611745258, 1.1480214099623895, 1.3042735969883015, 1.5106623440388571, 1.6390375222056823, 1.6666666565415222, 1.6666665787399118, 1.6666665018448432, 1.4638533856508849, 1.3272149446918, 1.4420137899709953, 1.4574339619023429, 1.2432125464092787, 0.7142857149835994, 1.144019082754551, 0.9841600448248357, 1.0], [0.8957846184104419, 1.275795775404745, 1.3167837708062289, 1.3670927463883968, 1.2694180913452966, 1.2257953179090506, 1.1837137978720007, 1.1150566962394302, 1.1458243151050311, 1.3012919048837337, 1.5077327610550768, 1.645091649773047, 1.6666666560777117, 1.666666586799034, 1.6666665388836317, 1.6666660656172683, 1.5620098027988096, 1.5660832339296795, 1.6373716994803518, 1.3302468438825552, 0.7142857150189128, 1.1240156022267411, 0.9937650631712815, 1.0], [0.9786781504496328, 1.2793077211863169, 1.3038270169854225, 1.3557282430403825, 1.2668039740108474, 1.2107034640197731, 1.173303538263078, 1.111992578059365, 1.14095739114366, 1.2883788238595242, 1.485831205579333, 1.638023574723252, 1.666666654964161, 1.6666665910043397, 1.6666665547763664, 1.6666664338069075, 1.6539942799231298, 1.5516969937366378, 1.6278342351263895, 1.246385113116276, 0.7142857150900961, 1.0139714682368723, 0.9847677773273606, 1.0], [1.2009421535981322, 1.2801942205395145, 1.2906036282409665, 1.3357474396428137, 1.2606055600968769, 1.1974083821614914, 1.1620089454517655, 1.1066108931711303, 1.1349486976266294, 1.2760700392063347, 1.46562282514972, 1.624068077478253, 1.6666666524871525, 1.6666665881162461, 1.6666665621254286, 1.6666665267460423, 1.6477301986985151, 1.5433417607913977, 1.612321086371417, 1.1068309286349114, 0.7142857152650477, 1.1438089034805403, 0.9989276604110316, 1.0], [1.2009421535980866, 1.2801942205395136, 1.290603628240963, 1.335747439642807, 1.2606055600968769, 1.1974083821614925, 1.1620089454517637, 1.1066108931711311, 1.1349486976266285, 1.2760700392063333, 1.465622825149719, 1.6240680774782545, 1.6666666524871525, 1.6666665881162461, 1.6666665621254286, 1.6666665267460423, 1.6477301986985156, 1.543341760791397, 1.612321086371416, 1.1068309286349127, 0.7142857152650477, 1.1438089034805408, 0.9989276604110321, 1.0], [0.8713414954560691, 1.2914215129459607, 1.3154510768873522, 1.3617450288131199, 1.2721555748665345, 1.2168496462080771, 1.1758601902116894, 1.1152075643996848, 1.1459908981840852, 1.2940396242984118, 1.491481050912971, 1.628841644458394, 1.6666666569597897, 1.666666590127539, 1.666666526570983, 1.553752367323112, 1.3711622895188702, 1.5672007652830058, 1.6330080026160476, 1.1269596319890378, 0.71428571493735, 1.094017315700773, 0.9926760594479064, 1.0], [0.922024752047778, 1.2977200697171687, 1.3050342004414441, 1.3512335421574782, 1.2704717063349777, 1.2032144773329865, 1.1659662177719563, 1.112723007019221, 1.142164473729355, 1.2823837027809413, 1.4709896001544256, 1.619652139374953, 1.6666666562744528, 1.666666594550244, 1.666666544756654, 1.6666662871209301, 1.650388939228243, 1.555956598354279, 1.6248046939823817, 1.0425582308360088, 0.7142857149728477, 1.095493653221377, 0.9885203519599235, 1.0], [1.0210060601070317, 1.3033342083412247, 1.2953202673782522, 1.339771540994662, 1.2661889303601654, 1.1909230371443003, 1.1551115065954325, 1.1084751931797865, 1.1376682822081376, 1.271184171076761, 1.4513771909855064, 1.6045645718119226, 1.6666666548717413, 1.6666665941823933, 1.6666665539150023, 1.6666664469265662, 1.6450336409382358, 1.5475208842020636, 1.6115414850693557, 0.9268653365764453, 0.714285715058285, 1.1078039563182718, 0.9909723811505582, 1.0], [1.3001547967485632, 1.305011785461444, 1.2845884373927647, 1.3201812598470912, 1.2588365146755014, 1.1794635256109458, 1.143884015146823, 1.1022314313480186, 1.1318065462380331, 1.260159797602993, 1.4330743481379906, 1.5809428555649934, 1.6666666521757083, 1.6666665890809662, 1.666666559804315, 1.6666665239182406, 1.634426474897338, 1.5317783726926257, 1.5942960470000254, 0.7585192694626453, 0.7142857152344053, 1.1030377498641184, 1.0003851241723212, 1.0], [1.3001547967486347, 1.3050117854614467, 1.2845884373927645, 1.3201812598470917, 1.2588365146755007, 1.179463525610946, 1.143884015146821, 1.1022314313480206, 1.1318065462380325, 1.2601597976029917, 1.433074348137992, 1.5809428555649931, 1.6666666521757083, 1.6666665890809662, 1.666666559804315, 1.6666665239182406, 1.6344264748973394, 1.5317783726926277, 1.5942960470000223, 0.7585192694626451, 0.7142857152344053, 1.1030377498641186, 1.0003851241723156, 1.0], [0.9426530622772307, 1.2373754370887673, 1.3877303238190246, 1.4638618231135336, 1.392604593089496, 0.9900466806146011, 0.9676727115983751, 0.9392620971536398, 0.9546250267875745, 1.0200291374281523, 1.096605613702579, 1.1345574300838899, 1.144946328896649, 1.0539525181689697, 0.9903078725734625, 0.8841581946693373, 0.842619997200714, 0.87027340175287, 1.0028076495033988, 0.9248737954581077, 0.7142857146358, 1.2000933386770969, 0.9736871174250641, 1.0], [0.8163324559660683, 1.2703640737932245, 1.23037500364767, 1.3616068574851041, 1.2780243435919658, 1.212396734779018, 1.1677044166273083, 1.11643487211443, 1.1485113657500956, 1.2886626834756565, 1.476342581949659, 1.611415941506656, 1.6661015833912993, 1.6666665824882834, 1.6666663314677728, 1.2281181934603698, 1.139643855119476, 1.3643228457959038, 1.4002278741854504, 0.9499892807767691, 0.7142857147694004, 1.1963345265377916, 0.99292178727276, 1.0], [0.8333403890367886, 1.3300825299538785, 1.3141475840150127, 1.352821938868178, 1.2769860858759636, 1.2025485630659272, 1.160387075715755, 1.1149642917403835, 1.1462135104102644, 1.2801380033484926, 1.4606840662028775, 1.6038206069420917, 1.6660208894002084, 1.6666665913501333, 1.6666664234516746, 1.3220614464998592, 1.230729756281239, 1.5682005214110772, 1.3689640107265955, 0.8950093150794942, 0.7142857147793263, 1.1499742536253428, 0.9723594385372665, 1.0], [0.8571515645687454, 1.3369927705797262, 1.3093274386278297, 1.3433306550003643, 1.274340243373267, 1.194093624956741, 1.152804027952224, 1.1124444414252235, 1.1437239521388596, 1.2724950575886487, 1.4464576958186666, 1.5938041765535018, 1.6659133092377718, 1.666666593994529, 1.66666647980215, 1.4785402454432943, 1.3826786761049807, 1.5608228177702461, 1.3293877853131908, 0.8308928572487656, 0.7142857147984554, 1.195221479078178, 0.9725229748514309, 1.0], [0.9374392544179126, 1.3323754219124242, 1.3031385933972854, 1.345275300286138, 1.2680995741463388, 1.189523604658186, 1.1498192503029516, 1.110345606029061, 1.141005811298543, 1.2683212557978838, 1.4409460050798333, 1.5903241932152958, 1.6666666582956975, 1.6666665920838777, 1.6666665292028482, 1.6666664783993417, 1.649262682397335, 1.5543411033950278, 1.3867680074116455, 0.7666215623057118, 0.714285714860709, 1.1047037606421852, 0.9921935332054775, 1.0], [1.363379315627623, 1.3340162106299085, 1.2900908615229405, 1.320615330298557, 1.257016014816058, 1.1729700026440744, 1.1332094530368673, 1.0998716601574745, 1.131901082918226, 1.2526198713019066, 1.4147649656996681, 1.5557993466257845, 1.6666666547512443, 1.6666665852118756, 1.6666665525940554, 1.6666665445916309, 1.632218483662343, 1.5306423308564645, 1.1973792467134654, 0.7142857208855359, 0.7142857150641003, 0.8261457881588158, 1.0054662281356659, 0.9999999999999999], [0.8654368757170008, 1.3482098403657983, 1.3063334232634938, 1.325199404500905, 1.271555201082624, 1.1846428925113155, 1.1425679621312408, 1.108027732041163, 1.1406336338407295, 1.2638213527484412, 1.4292781361100586, 1.5731740717593008, 1.6651606393172214, 1.6666665950133939, 1.6666665197651784, 1.6666664261233486, 1.6447128387143244, 1.5512898409972962, 1.2140079780006259, 0.7477010984974338, 0.7142857148155457, 1.3444215413133322, 0.989441176136876, 1.0], [0.9678399631947853, 1.3546638675486886, 1.2990890263280874, 1.3011923247595125, 1.2628560177909012, 1.1716968723359915, 1.1293548908131303, 1.100169669265631, 1.134414979456537, 1.2520332697025789, 1.4083687318062816, 1.5450207424976525, 1.664408647385459, 1.6666665918405503, 1.6666665439190165, 1.6666665195116335, 1.6339514364539975, 1.5348213728420355, 1.071373699376904, 0.7142857182450563, 0.7142857148992597, 1.2532604509481657, 0.984207737152239, 1.0], [1.500470070444212, 1.3552571567282072, 1.2924805954110006, 1.2530021293758804, 1.249999998018445, 1.1559138055482658, 1.1136193288235379, 1.088924746388248, 1.1251342693903936, 1.2376905540685468, 1.3847788741992029, 1.5132882627978097, 1.662156741017719, 1.6666665832808574, 1.6666665566376562, 1.666666538017387, 1.6106894235958358, 1.512795826545054, 0.7971477269531416, 0.7142857179257978, 0.714285715054636, 1.2328840685311921, 1.0009666317520038, 1.0], [1.0797779099574079, 1.2147438977084037, 1.5138016996872377, 1.5418760958531776, 1.491301015778054, 0.8678213185938943, 0.8568318589072126, 0.84082688070303, 0.848194600310646, 0.8811817313812094, 0.9174658786682945, 0.9306963093561799, 0.931199595667508, 0.8300461470743717, 0.7885495797817642, 0.7509692377276135, 0.7258326237631497, 0.7142859308186787, 0.8671616907774754, 0.8778807328683048, 0.7142857145223671, 1.1756696216121885, 0.9904992085967231, 1.0], [1.1311557390960505, 1.2118192303627626, 1.5290320799767876, 1.5529701229351967, 1.512309150418455, 0.8426532317669322, 0.8343357754695007, 0.8220463429379575, 0.8278343576381022, 0.8541575317646943, 0.8833193459097791, 0.8955913351429243, 0.8960987515584725, 0.7946385684678684, 0.7807252099851659, 0.7449545031956497, 0.7233797202669597, 0.7142859468391288, 0.8317448629086318, 0.8424874337327728, 0.7142857145093188, 1.2471796066580687, 0.9753468213522498, 1.0], [1.199340703993782, 1.3000298740895444, 1.5501702418829484, 1.5681333517083427, 1.5367290926402575, 0.8153374818669423, 0.8092733447196505, 0.8004862041178269, 0.8048457303567403, 0.8245380765015264, 0.8464349979965808, 0.8569696819036463, 0.8574795501993046, 0.7860743413457418, 0.7719731209887445, 0.7382189596045283, 0.720795120927334, 0.7142859667275652, 0.7930447638540999, 0.8037686823088764, 0.7142857144937337, 1.344922061703852, 0.9623945379147266, 1.0], [1.2941926531042247, 1.426259995114741, 1.5781574806013403, 1.5892341661530902, 1.5668376728576459, 0.7851817976817059, 0.7811692801312244, 0.7756382604584309, 0.7786214917220774, 0.7916944043667753, 0.8062257816385157, 0.8142750553250879, 0.8147850831461704, 0.776981687120862, 0.7621008217326769, 0.7305759956045236, 0.7180600903447152, 0.714285991046809, 0.7505826527090086, 0.7612327007675008, 0.71428571447668, 1.4865737707359103, 0.9660221959631112, 1.0], [0.7142857200104468, 1.3567283122836737, 1.3144769150144686, 1.339185269991516, 1.2708856073735069, 1.2063525439263592, 1.1646386438240788, 1.116211714376639, 1.1458834446678055, 1.2846869335270323, 1.4791631588387755, 1.6471132009966316, 1.6666666523168694, 1.6666658858357017, 1.1953179467436088, 0.781202705629862, 0.7215091998512217, 0.7142882525728689, 0.714285782657932, 0.7142857301779786, 0.7142857154652081, 1.6666666639871788, 0.9978676258380552, 1.0], [1.6666666660118248, 1.6666666661097898, 1.6666666661856282, 1.6666666663459904, 1.6666666663961334, 0.7142857146543957, 0.7142857145003662, 0.7142857144276594, 0.7142857143667688, 0.7142857143605109, 0.7142857143586374, 0.7142857143689061, 0.7142857144265651, 0.7142857143722504, 0.7142857143686555, 0.7142857143601521, 0.714285714346143, 0.7142857143257615, 0.7142857143231105, 0.7142857143230796, 0.7142857143158295, 1.4436334141725233, 0.9668093441770785, 1.0], [1.1422308015986355, 1.1530313480271956, 1.203602771698697, 1.2032049463098275, 1.1429403482833962, 0.8996420635293139, 0.8745942480131883, 0.8881925123182783, 0.9355291775058255, 0.9140059517095607, 0.9349281615311821, 0.9793863337543013, 0.9697923845421571, 0.9658028245700047, 0.9297503761937296, 0.8848443985012341, 0.8752151080143582, 0.847738223281135, 0.871793221674654, 0.8779962673347836, 0.8328236913499063, 1.1140695034061352, 1.0072048294062863, 1.0], [1.2977307437078842, 1.3136428438835555, 1.3946871497220161, 1.394046227305334, 1.08133982974203, 0.9488892015691951, 0.9156965581327057, 0.8541463007430983, 0.9973107525160664, 0.9681463057914643, 0.9964912778794204, 1.0579133057850898, 1.044519240836983, 1.038972222932953, 0.9883300095205769, 0.8089498103838955, 0.8026898851071069, 0.8178603903724734, 0.8009635811404467, 0.8042599774785365, 0.7586665245353579, 1.0447878850465577, 0.9938654661409491, 1.0], [1.4721709914071957, 1.6623655538913464, 1.6666666524033609, 1.6666666442895077, 1.2407357970496729, 1.0337736135533413, 0.9851430209927561, 0.8515939575997445, 1.1069653713432506, 1.062555656495035, 1.1057037937549052, 1.2025427032936886, 1.181024046303759, 1.1721789595454242, 1.029567696655655, 0.7357596923914941, 0.7142857242534636, 0.7347842924760527, 0.7142857284934363, 0.714285721824879, 0.7142857236853976, 0.9556437105032274, 0.9725664415083558, 1.0], [1.6666665602895558, 1.666666639797375, 1.6666666549884785, 1.6666666447375014, 1.5660752129505513, 1.2900173848998517, 1.1239521703669852, 1.0591671661875708, 1.1144031612848606, 1.2180551198236578, 1.3585289083132237, 1.4774056682942864, 1.617057381402173, 1.666666492674088, 1.3539261863694008, 0.8086955557995117, 0.7142857281130024, 0.7771397397374356, 0.7142857345085811, 0.7142857238845732, 0.7142857218038918, 1.6305375211291255, 0.9889238331673503, 1.0], [1.663059460797724, 1.658086826749825, 1.666666649565282, 1.666666645783113, 1.565848663572945, 1.1805429283793982, 1.1295558378322237, 0.8500018017628356, 1.1144192717822161, 1.214849054820637, 1.3499694019733084, 1.4638388914931837, 1.4614712246397799, 1.4159811452024795, 1.0973991272076358, 0.7142861133302206, 0.7142857231835611, 0.7254247575556857, 0.7142857261996377, 0.7142857206849289, 0.7142857192258968, 0.9206553125587976, 0.9811802694215038, 1.0], [1.6594679715517775, 1.6495948841934056, 1.6666666386457223, 1.6666666420405327, 1.5481101519757225, 1.298486737417937, 1.121491476283285, 1.0493881260954254, 1.104636346375976, 1.2024651306410734, 1.3300401998301477, 1.4369247788477784, 1.5697924271763104, 1.6666664622648648, 1.1926608885432566, 0.7142864916147614, 0.7142857257172276, 0.7369165389090405, 0.7142857289961666, 0.7142857215880428, 0.7142857215208261, 1.229322680910633, 0.9972737834336379, 1.0], [1.1534895386557091, 1.1405428926638106, 1.0863617431983383, 1.0867509283942567, 1.1526224098912605, 0.8706055493915394, 0.9005562512176004, 0.8838363499627687, 0.8334770191518568, 0.8550020118819002, 0.8340502341008039, 0.7953977733392066, 0.8031410009464527, 0.8064516191954973, 0.8390524449901253, 0.8878479523775857, 0.8997675819942035, 0.9372437395745565, 0.9041456982694277, 0.8962651758429501, 0.9600536773899513, 1.0255601565390116, 1.0063262832174715, 1.0], [1.3241952572789601, 1.246345431691823, 1.2490169905851876, 1.2496601545345918, 1.077595314067467, 0.9209949723657752, 0.9633623562759617, 0.841202105376756, 0.8697607917616724, 0.8992928155370755, 0.8705412164647094, 0.8186382757724474, 0.8289198695873108, 0.8333333390416252, 0.8760933803966525, 0.7949765694611267, 0.8113253351053099, 0.8570319876985393, 0.8180521253760136, 0.8062057092270108, 0.8706705786482194, 0.9434650756368222, 1.0053582917005748, 1.0], [1.5822427753874089, 1.6580236036183693, 1.6643379779100143, 1.6658612539244089, 1.2975954145955515, 1.0193233001966027, 1.0900671296833633, 0.7988255418231878, 0.9378031301434466, 0.9842715164502204, 0.93901335021904, 0.8605449758142969, 0.8757700072510423, 0.8823529446544266, 0.8950712583718382, 0.7142858368759994, 0.7142857238138755, 0.7506704704006217, 0.714285728647053, 0.7142857238536047, 0.876948876691642, 0.9252754762296923, 0.9970488263650447, 1.0], [1.6616794107462252, 1.6537356542005686, 1.6631760764736754, 1.665458848123914, 1.5599043370929495, 1.2960678874261027, 1.1228691454590247, 0.849071795398882, 1.1117499537411677, 1.2136367977649747, 1.1143037392318949, 0.958697885846983, 0.9873827702238349, 0.9999999924693881, 0.9264465502812288, 0.7142858808957366, 0.7142857237754667, 0.726970854253833, 0.7142857275289356, 0.714285724572642, 0.9896326145330288, 0.9652747332035411, 0.9971354188824549, 1.0], [1.6567220706973416, 1.6410037631273324, 1.6597000808410487, 1.6642527868157098, 1.5413822060595632, 1.2953597395171152, 1.1169305699579235, 1.046557517246308, 1.1018477829519622, 1.201144218495547, 1.3348924719550477, 1.4573797627269978, 1.5985755354058204, 1.6666664282523698, 1.1989443428153528, 0.7142860294059986, 0.7142857263730614, 0.7401144369204969, 0.7142857304182861, 0.7142857293315151, 1.610430459306404, 1.0302723044560846, 0.9998272969270271, 1.0]]
tau_R_in = [[315.7613544035269, 309.2099607868835, 298.1319064087324, 315.0714420986701, 293.1500001410165, 293.39183377403, 293.3225717856375, 293.3221596680816, 293.3169886408207, 293.342049729032, 293.3800748315289, 297.90896583895017, 304.3510342997014, 307.5303233687116, 305.96203871975524, 300.96204004980365, 294.2953753080791, 293.15000514592697, 294.0431183488422, 293.1500006358583, 331.88499690912545, 311.9730810708223, 321.97355150508645, 321.9773456915223], [317.387080490095, 301.32220164451377, 294.42647544287877, 293.3867483937719, 293.1500000280323, 293.1928906087404, 293.18046320236516, 293.1815616310585, 293.180702534, 293.1842047094441, 293.18980961539586, 294.4861540598251, 297.8826464128525, 301.9871182108029, 303.815036018666, 309.9495353127011, 310.8890129476278, 302.5812073705324, 302.1683080456497, 302.3316197361296, 327.3418688564143, 319.8336314083658, 321.1037672197998, 320.9971846916008], [315.9755072382246, 297.04267028223103, 293.2987090394313, 293.4754899815465, 293.15000009393253, 293.2318919219308, 293.20825259640236, 293.2104185509, 293.20869465214577, 293.2153433155394, 293.22608584531065, 294.42438852201946, 298.66905222264114, 303.28911315490785, 304.3832123021549, 301.2546537826777, 300.1289660637647, 293.5306489206948, 293.29048344383284, 302.8214252846245, 329.42665148237035, 318.37453453739744, 320.9239761924462, 321.08784460657296], [313.3018538823466, 294.44448059385604, 293.15000041483637, 293.55073832645274, 293.1500001132295, 293.25011356104994, 293.22123822285516, 293.22424728993764, 293.22226603835014, 293.23001661747355, 293.2426546168594, 293.72494842944167, 298.3106377868617, 303.2544211416695, 303.94073768545377, 300.15013296378135, 294.43000904181963, 293.5284308036534, 293.1500019321422, 308.2812194175067, 331.2142096944557, 321.91230785906936, 320.7502320989046, 320.87078438421975], [303.29158760017935, 293.15000134423246, 293.3941375281295, 294.0712065589746, 293.15000045069985, 293.3788021809919, 293.3129832520274, 293.3202512655718, 293.31609262280335, 293.33325856485646, 293.36135460658215, 293.38794042946876, 298.3100835476319, 303.54624873711646, 303.4487835607611, 298.84538749299384, 293.1500090018368, 293.47096504472796, 293.35440809288656, 318.0223649878764, 332.62408684184703, 314.4488898160252, 320.85212648283397, 320.85391758750023], [303.2915876001811, 293.15000134423246, 293.3941375281295, 294.0712065589748, 293.15000045069985, 293.3788021809919, 293.31298325202744, 293.3202512655718, 293.31609262280335, 293.3332585648564, 293.3613546065822, 293.38794042946864, 298.3100835476319, 303.54624873711646, 303.4487835607611, 298.84538749299384, 293.1500090018368, 293.47096504472796, 293.3544080928866, 318.0223649878764, 332.62408684184703, 314.4488898160251, 320.85212648283397, 320.85391758750023], [317.7080678436933, 299.44905105672535, 293.80234961103434, 293.4260807374098, 293.15000007429893, 293.21937780119003, 293.1992094415636, 293.2012833540559, 293.19998454956266, 293.20537973333853, 293.21407883800464, 294.2215422510995, 297.7229125691039, 301.9389679363481, 303.55994215844566, 306.0896071484342, 309.3218153370224, 293.6998184725408, 293.2838247687761, 307.48770612143767, 330.12232734036115, 321.2250293930678, 320.6428621449467, 320.93065158841387], [316.6578150888096, 296.89063257792117, 293.2379868094138, 293.4733875957544, 293.15000008106546, 293.2308009669051, 293.20729145408666, 293.2099907927818, 293.208602696256, 293.2145897986359, 293.22431038909417, 293.6465029531269, 297.2310984653997, 301.78130498340573, 303.26976257632543, 300.4577515158623, 295.2495754742104, 293.4570060171214, 293.1500012670131, 313.22509500399656, 331.7705455141786, 320.06886619813037, 320.5475667873827, 320.7452753248605], [313.3682768340563, 294.08222165693513, 293.15000035634307, 293.54838885649383, 293.15000011390975, 293.2488777660538, 293.2201189713904, 293.22363697774176, 293.22213839714505, 293.22918120144703, 293.240617428087, 293.25159764345926, 296.7456195490329, 301.6593222424501, 302.84513296027154, 299.38772505691935, 294.0884266845013, 293.1500053884674, 293.28946551010876, 321.3013559392327, 332.8706796191077, 317.9249557824204, 320.41284213876355, 320.5288258518263], [300.6052569301448, 293.1500011973424, 293.39562652911394, 294.0662829178436, 293.15000046566496, 293.3761057138595, 293.3105162270127, 293.3187302490661, 293.31575306892097, 293.3314786656311, 293.35691707245667, 293.38150965226384, 296.3962670760692, 301.9490387125803, 302.38926645183585, 298.1136169782846, 293.15002026520636, 293.4676042370326, 293.64148717014297, 333.21246560338164, 333.097694463848, 316.08125102429983, 320.5109425252939, 320.5103051199834], [300.605256930142, 293.1500011973424, 293.39562652911394, 294.06628291784364, 293.15000046566496, 293.3761057138595, 293.3105162270128, 293.318730249066, 293.31575306892097, 293.33147866563115, 293.35691707245667, 293.38150965226384, 296.3962670760692, 301.9490387125803, 302.38926645183585, 298.1136169782846, 293.15002026520636, 293.46760423703256, 293.64148717014314, 333.2124656033817, 333.097694463848, 316.08125102429983, 320.5109425252941, 320.5103051199834], [320.46233393285013, 313.48213692360736, 306.2426124704777, 301.49739552822626, 299.2485826897529, 300.614108126735, 300.098724638754, 298.4768062845116, 298.2000691540971, 299.30012661153893, 301.44119114078643, 304.9346609947768, 309.3300426257455, 316.79291652661897, 322.9629717783615, 325.5590804236761, 326.8282699296221, 325.2389373952205, 317.29335372866274, 316.29370316093684, 327.3272283752588, 323.75758362599265, 321.43987312483216, 320.4508513055595], [319.9593038266419, 305.93798618253743, 299.1883106092603, 293.44681180181357, 293.15000005887657, 293.1996982198369, 293.1850439122314, 293.1866672591696, 293.18591509218743, 293.1895971604607, 293.195486991525, 294.0497662547847, 296.722603221816, 300.3418789091984, 302.45240362443127, 316.3287973856529, 319.08133071564635, 309.9000138180944, 297.5708691794657, 314.9377995526468, 331.1353468034289, 320.9591987898824, 319.96889859578965, 320.7771325676077], [320.01886159921236, 302.1825165871086, 294.47233968495846, 293.26244964859177, 293.17802798352665, 293.1972052344861, 293.1899068488452, 293.1897556760155, 293.189483426832, 293.1932285834757, 293.19945843350496, 293.6468139499065, 296.3777633560016, 300.32486479951234, 302.42156418072346, 314.0029435362188, 314.95024175179407, 296.4422665396075, 298.50223309457243, 319.84692502027946, 332.4472544778165, 321.6248502631888, 320.3604680599997, 320.6740952919508], [319.7258971127199, 299.27328627609285, 293.483083533003, 293.2893078102578, 293.2189089451645, 293.1929856495888, 293.19643080514567, 293.1936591288486, 293.1940747687038, 293.1979446328231, 293.20466350600634, 293.3256143979444, 296.1157586848123, 300.39209964185187, 302.34014641045945, 308.2428431633976, 307.770335342087, 293.28381978332794, 300.8993788156902, 325.5172568090105, 333.32324294190164, 318.1920549092194, 320.3182776142073, 320.55420590260655], [317.0161852293474, 293.6803244297275, 293.1500008911053, 293.2992015327813, 293.2548308371282, 293.25799274722186, 293.2507923933562, 293.2482212096608, 293.2483311548823, 293.2570979339161, 293.27200400224007, 293.286410330426, 296.4923798770201, 301.54010530662697, 302.7547992868918, 299.3234274157967, 293.9466003082233, 293.15000160036794, 301.87966217382984, 331.78055123661017, 333.56468111488414, 316.6589051623579, 321.71322619118763, 320.6493200399062], [298.9271489141122, 293.1500013717403, 293.3992221087062, 293.7121336663504, 293.244079071153, 293.352163564583, 293.314645237047, 293.31660147708715, 293.31603841447185, 293.33067127380036, 293.3545172935042, 293.37778244890325, 295.26322928118685, 300.97856602428675, 301.77042135891213, 297.8114833089081, 293.15000692842693, 293.46718867097746, 312.5416732860572, 335.52511101181744, 333.5174832542507, 327.664310640931, 320.3567474119208, 320.347739649256], [320.0327181678763, 296.6222338780152, 293.15000022966666, 293.6147336972344, 293.3072872839302, 293.21001717589866, 293.22858141994226, 293.2212042997467, 293.2228091045693, 293.22881091236036, 293.23942457849705, 293.24959176904787, 295.7229712910178, 300.157672381974, 301.9144465214082, 299.32048795318605, 294.4189304278303, 293.15000127187284, 306.3031205723248, 332.3201113675427, 333.72275430615696, 311.24407866884576, 319.50914483562633, 320.43865213630454], [317.01332452194123, 293.15000203955356, 293.29803468010675, 294.1380540873571, 293.32861566012446, 293.2388164328546, 293.2531985771941, 293.2460399107547, 293.247932327571, 293.2559035331304, 293.26945737149475, 293.2825295406817, 294.73342620149396, 299.6051705413282, 301.20209353341494, 298.13160984340425, 293.49040897273056, 293.21929697156475, 314.71153491783116, 335.40692356527285, 333.66897966048225, 312.4304274459162, 320.05749071182976, 320.15483278685264], [294.09336771436074, 293.1500042739748, 293.40161519084074, 295.77422339755464, 293.1500000808018, 293.37199136922516, 293.3068978798263, 293.3155148802729, 293.31465361550266, 293.32893143845115, 293.3504878259905, 293.3716072493434, 293.3932077877917, 298.9987850587906, 300.20437863637426, 296.62361341400714, 293.1500044155852, 293.4619632445531, 330.93836558170057, 335.6325648259676, 333.6097359264685, 310.7582078023127, 319.85487801118177, 319.85330630391127], [321.5488320644415, 317.1959251379016, 310.3860103183989, 306.2793537573392, 303.95597351104067, 304.65402991150796, 303.7273910207433, 301.08382752089705, 300.94549424215535, 302.6513151840748, 305.68797735893355, 310.0956170580176, 315.1999740097424, 324.0970359493165, 329.16384238461933, 329.6447074010994, 329.4983294484869, 328.7493211483821, 321.1091617316042, 319.6783597635486, 326.6100282301161, 325.96849254160384, 320.0186315645965, 320.3337758508433], [322.14421753771575, 318.56994913013665, 310.0276097645218, 306.80913989649844, 304.6115008613071, 305.5026852245625, 304.23191806678386, 301.2209959750399, 301.5117351545243, 303.5032806391667, 306.8336627506612, 311.35392162156944, 316.48888889560635, 326.08501193306444, 328.9220665579407, 329.07004612110984, 328.81561743398345, 327.9130858590331, 321.47021579499, 320.80574501203404, 326.80013470716545, 324.3847231610579, 319.74551801987394, 320.2955849588484], [322.59978385442275, 318.1193267904127, 309.9189996260041, 307.85049026753694, 305.39765721662, 306.4874752712902, 304.76060991350596, 301.36156709742465, 302.22839305035285, 304.47187301594465, 308.10695425156547, 312.7482641156077, 317.8836901710169, 326.23930054104596, 328.5245104360266, 328.3447318495731, 327.9874825231815, 326.91544685198176, 322.1818556945506, 322.0994852845822, 326.7621642023043, 321.67666535375395, 319.74950526384816, 320.24827456733095], [322.84023664486676, 316.99215803554955, 310.47499652038755, 309.52547628257275, 306.23404212157976, 307.647273437682, 305.31359057381576, 301.51664781757694, 303.13446943727905, 305.56452474647546, 309.5254288382251, 314.2960192831209, 319.3956263467711, 326.06623593525006, 327.9610506558019, 327.4290664223324, 326.9695180457382, 325.7066569728317, 323.33143005055683, 323.5378258575765, 326.39732140142945, 316.7342896131537, 319.75196094520743, 320.191501805387], [326.5461720968172, 294.0591726391926, 293.1500010320167, 293.40471161494276, 293.3284193768057, 293.33613776481127, 293.32430230865083, 293.3188064896207, 293.31832964499256, 293.3345502556825, 293.36323155206367, 293.3911808310402, 299.51907224711823, 304.79230585994884, 323.40926565234355, 338.14998794571295, 338.1499973001426, 336.40660982067004, 337.8130880349279, 336.95103765272415, 334.1544455676298, 293.6032044023765, 320.844078596386, 321.03233512411816], [321.3395924440031, 318.402823645328, 316.007142747727, 314.93379402139044, 309.56522643739646, 310.1466119005175, 307.0203852275344, 302.48392532040293, 305.207801722958, 307.80175796422265, 312.2505746562995, 317.3215724737361, 322.34752353889763, 326.68738648540113, 327.7912111091722, 324.87607715598534, 324.0506694981742, 322.60444487248634, 322.4118071906524, 323.6524780700399, 324.43724051563476, 319.880382764569, 319.6687408716612, 320.0712883098823], [321.9294523279749, 318.10771887986124, 313.90628124468265, 312.76127786136493, 308.1335543184921, 310.16198649295734, 306.79045781726205, 302.2272146044901, 304.13882053667334, 306.6361931928916, 311.278899853306, 314.9615910285554, 319.505408712134, 323.8973962737094, 325.40252046394295, 323.67329660423053, 324.4065817598456, 324.30540555497, 323.3441931879235, 324.43269575734513, 325.85583626213617, 319.08517386801196, 319.7287219718519, 320.26109775990216], [316.0507438381204, 311.42992166691164, 305.2828897620666, 305.1832949735298, 311.43678635551385, 308.02989100480085, 304.4113093181814, 303.58843580900526, 301.13792338058636, 304.1997023849067, 308.7327982407259, 311.4745505345151, 316.2579917122854, 320.85116509787224, 322.3027597911186, 327.1356699095073, 327.7971220970837, 325.48549279918825, 326.76571430628934, 327.8385749904586, 329.2380125110906, 321.0080414631675, 319.87045873735843, 320.10957883553357], [308.11689506529586, 294.6632469213001, 294.20653964381273, 294.37583650961943, 306.71327564077586, 304.2199063848504, 300.6414709837446, 303.74750223651307, 294.7402913690458, 300.4296450935264, 304.171742388861, 304.952704720381, 310.7029813772142, 315.4246653857992, 320.3261995497721, 331.0542794429367, 331.98322066347345, 329.311499874909, 331.00318560161764, 331.95374711706063, 331.07687948457436, 324.0594962594037, 319.76053037727337, 319.93325842070783], [294.10930034990344, 293.81298951645476, 294.0779812074571, 294.2394945889214, 293.1500026175327, 293.4214849471298, 293.30870274933187, 294.02102514638534, 293.15000103108423, 293.3679506534519, 293.3344810563589, 293.37045135513233, 293.3850367481205, 296.62751631364745, 309.7522537957583, 330.2736856617914, 332.12679381104584, 327.0014560170261, 331.5137109861429, 332.29775758389485, 331.1962326022588, 293.15000011900037, 320.1798020440352, 320.1299988664257], [297.47264492819653, 293.8730426429697, 294.0018153760751, 294.1356681359221, 293.1500039564058, 298.55271763843297, 293.15000343965437, 304.4489056236583, 293.1500007432366, 293.2775567751975, 293.25758042195173, 293.2780045000492, 298.94497365630014, 305.7116226436333, 317.65180763248105, 332.8068814432108, 331.9427891127777, 329.4403732319726, 331.0601294230591, 331.9947643765669, 331.0790741207291, 324.12798790634935, 319.6315268949804, 319.765365475759], [293.2892933522598, 293.4382934992337, 293.38232675580974, 293.5821379796896, 293.32345201872334, 293.3731547955721, 293.3204254031431, 294.0207327900135, 293.15000409512334, 293.36485976692524, 293.33130437578484, 293.36429683241187, 293.3780869468759, 294.8357629994018, 314.86103802945894, 333.6083221210687, 331.6198664010697, 328.47692000983756, 331.0265004824694, 331.9639057999404, 331.01258373375777, 309.38711803096106, 319.4594958161591, 319.4638814515267], [321.64687957480817, 317.4503818856369, 317.75077132650074, 317.2675209480773, 308.9019076326544, 311.0383335455149, 306.1609402523088, 301.44482392626657, 307.707610653702, 310.065652449563, 314.9684276438151, 321.29338915736076, 326.94447249432704, 331.06458225101994, 330.9571492796558, 325.55610944465343, 323.81830876914506, 320.0800790078272, 321.6354085133415, 323.50135456719164, 323.0325543757285, 318.99584030269926, 320.28926145719805, 320.2876359535236], [315.3167036668415, 313.1574197789784, 310.9756012063596, 310.76723790167034, 311.94177669400415, 308.9531278982882, 302.50645098229296, 303.21065079790895, 306.46666312322714, 307.9760709150583, 313.25611491406397, 320.2073142584437, 325.81992474300614, 329.86873246486005, 328.81097540185624, 329.2879590164424, 327.6875511986227, 323.51280775164713, 325.87244351059184, 327.71094115577023, 327.1336931934666, 321.5444631563952, 319.8736417375383, 320.0905426664891], [303.72671785889867, 294.7796235319421, 294.15859078380834, 294.32257149221454, 304.2504788003723, 305.17740198402555, 294.99754496453505, 306.1477513114247, 303.02712981303773, 303.98113638482783, 310.2605019658836, 318.4566131152181, 323.82482105332895, 327.7516512895379, 327.3095185710911, 332.92877789937415, 332.0694164522467, 328.3598739690491, 330.97930295127526, 331.8671543117427, 327.1091637494339, 321.2330431256892, 319.69815820730577, 319.8548100594852], [297.25434591308635, 293.71410728710634, 293.8485662031732, 293.94278584910876, 293.1500033916021, 293.3092840381345, 293.2433230002873, 304.32604705858813, 293.1500010074835, 293.27731087979856, 303.3354596049983, 314.89999930110736, 319.108068110555, 322.8714925179694, 325.32448197746055, 332.84532297063026, 331.8182631353637, 329.19461982947547, 330.8533622314245, 331.82076821193766, 322.7843987268369, 318.0909405549026, 319.4873864611892, 319.5722174820914], [293.1500079310555, 293.489255351671, 293.3613018750448, 293.4127160902039, 293.38148288506227, 293.3561960819755, 293.3236437361621, 293.9871522893481, 293.15753739964, 293.3625291846395, 293.33227799651326, 293.3666522426147, 293.38239077451055, 295.86218779650414, 315.13845350311186, 333.65774576118497, 331.4938620592276, 328.13699741042535, 330.82833621531864, 331.78973355315463, 293.15000103246484, 316.902598792165, 319.2704781637118, 319.27075451434894]]
tau_R_mix = [[319.3907813228077, 311.6053619724701, 303.7851239594595, 300.2529268318352, 297.4979318582839, 298.2435680671271, 298.07581584657237, 297.0196418577653, 296.69592510863816, 297.3809616610756, 298.8784395172857, 301.6151651146927, 305.5356483854487, 311.93009677584314, 317.54783176766483, 321.03122945622965, 322.42046618294256, 320.2447008579263, 314.1168367407543, 312.34891842067555, 325.44600604569183, 323.1037091770079, 321.38935595317395, 320.69242826321124], [315.7613544035269, 309.2099607868835, 298.1319064087324, 315.0714420986701, 293.1500001410165, 293.39183377403, 293.3225717856375, 293.3221596680816, 293.3169886408207, 293.342049729032, 293.3800748315289, 297.90896583895017, 304.3510342997014, 307.5303233687116, 305.96203871975524, 300.96204004980365, 294.2953753080791, 293.15000514592697, 294.0431183488422, 293.1500006358583, 331.88499690912545, 311.9730810708223, 321.97355150508645, 321.9773456915223], [317.387080490095, 301.32220164451377, 294.42647544287877, 293.3867483937719, 293.1500000280323, 293.1928906087404, 293.18046320236516, 293.1815616310585, 293.180702534, 293.1842047094441, 293.18980961539586, 294.4861540598251, 297.8826464128525, 301.9871182108029, 303.815036018666, 309.9495353127011, 310.8890129476278, 302.5812073705324, 302.1683080456497, 302.3316197361296, 327.3418688564143, 319.8336314083658, 321.1037672197998, 320.9971846916008], [315.9755072382246, 297.04267028223103, 293.2987090394313, 293.4754899815465, 293.15000009393253, 293.2318919219308, 293.20825259640236, 293.2104185509, 293.20869465214577, 293.2153433155394, 293.22608584531065, 294.42438852201946, 298.66905222264114, 303.28911315490785, 304.3832123021549, 301.2546537826777, 300.1289660637647, 293.5306489206948, 293.29048344383284, 302.8214252846245, 329.42665148237035, 318.37453453739744, 320.9239761924462, 321.08784460657296], [313.3682768340563, 294.08222165693513, 293.15000035634307, 293.54838885649383, 293.15000011390975, 293.2488777660538, 293.2201189713904, 293.22363697774176, 293.22213839714505, 293.22918120144703, 293.240617428087, 293.25159764345926, 296.7456195490329, 301.6593222424501, 302.84513296027154, 299.38772505691935, 294.0884266845013, 293.1500053884674, 293.28946551010876, 321.3013559392327, 332.8706796191077, 317.9249557824204, 320.41284213876355, 320.5288258518263], [300.605256930142, 293.1500011973424, 293.39562652911394, 294.06628291784364, 293.15000046566496, 293.3761057138595, 293.3105162270128, 293.318730249066, 293.31575306892097, 293.33147866563115, 293.35691707245667, 293.38150965226384, 296.3962670760692, 301.9490387125803, 302.38926645183585, 298.1136169782846, 293.15002026520636, 293.46760423703256, 293.64148717014314, 333.2124656033817, 333.097694463848, 316.08125102429983, 320.5109425252941, 320.5103051199834], [320.46233393285013, 313.48213692360736, 306.2426124704777, 301.49739552822626, 299.2485826897529, 300.614108126735, 300.098724638754, 298.4768062845116, 298.2000691540971, 299.30012661153893, 301.44119114078643, 304.9346609947768, 309.3300426257455, 316.79291652661897, 322.9629717783615, 325.5590804236761, 326.8282699296221, 325.2389373952205, 317.29335372866274, 316.29370316093684, 327.3272283752588, 323.75758362599265, 321.43987312483216, 320.4508513055595], [319.9593038266419, 305.93798618253743, 299.1883106092603, 293.44681180181357, 293.15000005887657, 293.1996982198369, 293.1850439122314, 293.1866672591696, 293.18591509218743, 293.1895971604607, 293.195486991525, 294.0497662547847, 296.722603221816, 300.3418789091984, 302.45240362443127, 316.3287973856529, 319.08133071564635, 309.9000138180944, 297.5708691794657, 314.9377995526468, 331.1353468034289, 320.9591987898824, 319.96889859578965, 320.7771325676077], [320.01886159921236, 302.1825165871086, 294.47233968495846, 293.26244964859177, 293.17802798352665, 293.1972052344861, 293.1899068488452, 293.1897556760155, 293.189483426832, 293.1932285834757, 293.19945843350496, 293.6468139499065, 296.3777633560016, 300.32486479951234, 302.42156418072346, 314.0029435362188, 314.95024175179407, 296.4422665396075, 298.50223309457243, 319.84692502027946, 332.4472544778165, 321.6248502631888, 320.3604680599997, 320.6740952919508], [321.5488320644415, 317.1959251379016, 310.3860103183989, 306.2793537573392, 303.95597351104067, 304.65402991150796, 303.7273910207433, 301.08382752089705, 300.94549424215535, 302.6513151840748, 305.68797735893355, 310.0956170580176, 315.1999740097424, 324.0970359493165, 329.16384238461933, 329.6447074010994, 329.4983294484869, 328.7493211483821, 321.1091617316042, 319.6783597635486, 326.6100282301161, 325.96849254160384, 320.0186315645965, 320.3337758508433], [322.14421753771575, 318.56994913013665, 310.0276097645218, 306.80913989649844, 304.6115008613071, 305.5026852245625, 304.23191806678386, 301.2209959750399, 301.5117351545243, 303.5032806391667, 306.8336627506612, 311.35392162156944, 316.48888889560635, 326.08501193306444, 328.9220665579407, 329.07004612110984, 328.81561743398345, 327.9130858590331, 321.47021579499, 320.80574501203404, 326.80013470716545, 324.3847231610579, 319.74551801987394, 320.2955849588484], [322.59978385442275, 318.1193267904127, 309.9189996260041, 307.85049026753694, 305.39765721662, 306.4874752712902, 304.76060991350596, 301.36156709742465, 302.22839305035285, 304.47187301594465, 308.10695425156547, 312.7482641156077, 317.8836901710169, 326.23930054104596, 328.5245104360266, 328.3447318495731, 327.9874825231815, 326.91544685198176, 322.1818556945506, 322.0994852845822, 326.7621642023043, 321.67666535375395, 319.74950526384816, 320.24827456733095], [322.84023664486676, 316.99215803554955, 310.47499652038755, 309.52547628257275, 306.23404212157976, 307.647273437682, 305.31359057381576, 301.51664781757694, 303.13446943727905, 305.56452474647546, 309.5254288382251, 314.2960192831209, 319.3956263467711, 326.06623593525006, 327.9610506558019, 327.4290664223324, 326.9695180457382, 325.7066569728317, 323.33143005055683, 323.5378258575765, 326.39732140142945, 316.7342896131537, 319.75196094520743, 320.191501805387], [326.5461720968172, 294.0591726391926, 293.1500010320167, 293.40471161494276, 293.3284193768057, 293.33613776481127, 293.32430230865083, 293.3188064896207, 293.31832964499256, 293.3345502556825, 293.36323155206367, 293.3911808310402, 299.51907224711823, 304.79230585994884, 323.40926565234355, 338.14998794571295, 338.1499973001426, 336.40660982067004, 337.8130880349279, 336.95103765272415, 334.1544455676298, 293.6032044023765, 320.844078596386, 321.03233512411816], [321.3395924440031, 318.402823645328, 316.007142747727, 314.93379402139044, 309.56522643739646, 310.1466119005175, 307.0203852275344, 302.48392532040293, 305.207801722958, 307.80175796422265, 312.2505746562995, 317.3215724737361, 322.34752353889763, 326.68738648540113, 327.7912111091722, 324.87607715598534, 324.0506694981742, 322.60444487248634, 322.4118071906524, 323.6524780700399, 324.43724051563476, 319.880382764569, 319.6687408716612, 320.0712883098823], [321.64687957480817, 317.4503818856369, 317.75077132650074, 317.2675209480773, 308.9019076326544, 311.0383335455149, 306.1609402523088, 301.44482392626657, 307.707610653702, 310.065652449563, 314.9684276438151, 321.29338915736076, 326.94447249432704, 331.06458225101994, 330.9571492796558, 325.55610944465343, 323.81830876914506, 320.0800790078272, 321.6354085133415, 323.50135456719164, 323.0325543757285, 318.99584030269926, 320.28926145719805, 320.2876359535236], [321.9294523279749, 318.10771887986124, 313.90628124468265, 312.76127786136493, 308.1335543184921, 310.16198649295734, 306.79045781726205, 302.2272146044901, 304.13882053667334, 306.6361931928916, 311.278899853306, 314.9615910285554, 319.505408712134, 323.8973962737094, 325.40252046394295, 323.67329660423053, 324.4065817598456, 324.30540555497, 323.3441931879235, 324.43269575734513, 325.85583626213617, 319.08517386801196, 319.7287219718519, 320.26109775990216], [316.0507438381204, 311.42992166691164, 305.2828897620666, 305.1832949735298, 311.43678635551385, 308.02989100480085, 304.4113093181814, 303.58843580900526, 301.13792338058636, 304.1997023849067, 308.7327982407259, 311.4745505345151, 316.2579917122854, 320.85116509787224, 322.3027597911186, 327.1356699095073, 327.7971220970837, 325.48549279918825, 326.76571430628934, 327.8385749904586, 329.2380125110906, 321.0080414631675, 319.87045873735843, 320.10957883553357], [308.11689506529586, 294.6632469213001, 294.20653964381273, 294.37583650961943, 306.71327564077586, 304.2199063848504, 300.6414709837446, 303.74750223651307, 294.7402913690458, 300.4296450935264, 304.171742388861, 304.952704720381, 310.7029813772142, 315.4246653857992, 320.3261995497721, 331.0542794429367, 331.98322066347345, 329.311499874909, 331.00318560161764, 331.95374711706063, 331.07687948457436, 324.0594962594037, 319.76053037727337, 319.93325842070783], [294.10930034990344, 293.81298951645476, 294.0779812074571, 294.2394945889214, 293.1500026175327, 293.4214849471298, 293.30870274933187, 294.02102514638534, 293.15000103108423, 293.3679506534519, 293.3344810563589, 293.37045135513233, 293.3850367481205, 296.62751631364745, 309.7522537957583, 330.2736856617914, 332.12679381104584, 327.0014560170261, 331.5137109861429, 332.29775758389485, 331.1962326022588, 293.15000011900037, 320.1798020440352, 320.1299988664257], [297.47264492819653, 293.8730426429697, 294.0018153760751, 294.1356681359221, 293.1500039564058, 298.55271763843297, 293.15000343965437, 304.4489056236583, 293.1500007432366, 293.2775567751975, 293.25758042195173, 293.2780045000492, 298.94497365630014, 305.7116226436333, 317.65180763248105, 332.8068814432108, 331.9427891127777, 329.4403732319726, 331.0601294230591, 331.9947643765669, 331.0790741207291, 324.12798790634935, 319.6315268949804, 319.765365475759], [293.2892933522598, 293.4382934992337, 293.38232675580974, 293.5821379796896, 293.32345201872334, 293.3731547955721, 293.3204254031431, 294.0207327900135, 293.15000409512334, 293.36485976692524, 293.33130437578484, 293.36429683241187, 293.3780869468759, 294.8357629994018, 314.86103802945894, 333.6083221210687, 331.6198664010697, 328.47692000983756, 331.0265004824694, 331.9639057999404, 331.01258373375777, 309.38711803096106, 319.4594958161591, 319.4638814515267], [300.6052569301448, 293.1500011973424, 293.39562652911394, 294.0662829178436, 293.15000046566496, 293.3761057138595, 293.3105162270127, 293.3187302490661, 293.31575306892097, 293.3314786656311, 293.35691707245667, 293.38150965226384, 296.3962670760692, 301.9490387125803, 302.38926645183585, 298.1136169782846, 293.15002026520636, 293.4676042370326, 293.64148717014297, 333.21246560338164, 333.097694463848, 316.08125102429983, 320.5109425252939, 320.5103051199834], [316.6578150888096, 296.89063257792117, 293.2379868094138, 293.4733875957544, 293.15000008106546, 293.2308009669051, 293.20729145408666, 293.2099907927818, 293.208602696256, 293.2145897986359, 293.22431038909417, 293.6465029531269, 297.2310984653997, 301.78130498340573, 303.26976257632543, 300.4577515158623, 295.2495754742104, 293.4570060171214, 293.1500012670131, 313.22509500399656, 331.7705455141786, 320.06886619813037, 320.5475667873827, 320.7452753248605], [317.7080678436933, 299.44905105672535, 293.80234961103434, 293.4260807374098, 293.15000007429893, 293.21937780119003, 293.1992094415636, 293.2012833540559, 293.19998454956266, 293.20537973333853, 293.21407883800464, 294.2215422510995, 297.7229125691039, 301.9389679363481, 303.55994215844566, 306.0896071484342, 309.3218153370224, 293.6998184725408, 293.2838247687761, 307.48770612143767, 330.12232734036115, 321.2250293930678, 320.6428621449467, 320.93065158841387], [313.3018538823466, 294.44448059385604, 293.15000041483637, 293.55073832645274, 293.1500001132295, 293.25011356104994, 293.22123822285516, 293.22424728993764, 293.22226603835014, 293.23001661747355, 293.2426546168594, 293.72494842944167, 298.3106377868617, 303.2544211416695, 303.94073768545377, 300.15013296378135, 294.43000904181963, 293.5284308036534, 293.1500019321422, 308.2812194175067, 331.2142096944557, 321.91230785906936, 320.7502320989046, 320.87078438421975], [303.29158760017935, 293.15000134423246, 293.3941375281295, 294.0712065589746, 293.15000045069985, 293.3788021809919, 293.3129832520274, 293.3202512655718, 293.31609262280335, 293.33325856485646, 293.36135460658215, 293.38794042946876, 298.3100835476319, 303.54624873711646, 303.4487835607611, 298.84538749299384, 293.1500090018368, 293.47096504472796, 293.35440809288656, 318.0223649878764, 332.62408684184703, 314.4488898160252, 320.85212648283397, 320.85391758750023], [303.2915876001811, 293.15000134423246, 293.3941375281295, 294.0712065589748, 293.15000045069985, 293.3788021809919, 293.31298325202744, 293.3202512655718, 293.31609262280335, 293.3332585648564, 293.3613546065822, 293.38794042946864, 298.3100835476319, 303.54624873711646, 303.4487835607611, 298.84538749299384, 293.1500090018368, 293.47096504472796, 293.3544080928866, 318.0223649878764, 332.62408684184703, 314.4488898160251, 320.85212648283397, 320.85391758750023], [319.7258971127199, 299.27328627609285, 293.483083533003, 293.2893078102578, 293.2189089451645, 293.1929856495888, 293.19643080514567, 293.1936591288486, 293.1940747687038, 293.1979446328231, 293.20466350600634, 293.3256143979444, 296.1157586848123, 300.39209964185187, 302.34014641045945, 308.2428431633976, 307.770335342087, 293.28381978332794, 300.8993788156902, 325.5172568090105, 333.32324294190164, 318.1920549092194, 320.3182776142073, 320.55420590260655], [317.0161852293474, 293.6803244297275, 293.1500008911053, 293.2992015327813, 293.2548308371282, 293.25799274722186, 293.2507923933562, 293.2482212096608, 293.2483311548823, 293.2570979339161, 293.27200400224007, 293.286410330426, 296.4923798770201, 301.54010530662697, 302.7547992868918, 299.3234274157967, 293.9466003082233, 293.15000160036794, 301.87966217382984, 331.78055123661017, 333.56468111488414, 316.6589051623579, 321.71322619118763, 320.6493200399062], [298.9271489141122, 293.1500013717403, 293.3992221087062, 293.7121336663504, 293.244079071153, 293.352163564583, 293.314645237047, 293.31660147708715, 293.31603841447185, 293.33067127380036, 293.3545172935042, 293.37778244890325, 295.26322928118685, 300.97856602428675, 301.77042135891213, 297.8114833089081, 293.15000692842693, 293.46718867097746, 312.5416732860572, 335.52511101181744, 333.5174832542507, 327.664310640931, 320.3567474119208, 320.347739649256], [320.0327181678763, 296.6222338780152, 293.15000022966666, 293.6147336972344, 293.3072872839302, 293.21001717589866, 293.22858141994226, 293.2212042997467, 293.2228091045693, 293.22881091236036, 293.23942457849705, 293.24959176904787, 295.7229712910178, 300.157672381974, 301.9144465214082, 299.32048795318605, 294.4189304278303, 293.15000127187284, 306.3031205723248, 332.3201113675427, 333.72275430615696, 311.24407866884576, 319.50914483562633, 320.43865213630454], [317.01332452194123, 293.15000203955356, 293.29803468010675, 294.1380540873571, 293.32861566012446, 293.2388164328546, 293.2531985771941, 293.2460399107547, 293.247932327571, 293.2559035331304, 293.26945737149475, 293.2825295406817, 294.73342620149396, 299.6051705413282, 301.20209353341494, 298.13160984340425, 293.49040897273056, 293.21929697156475, 314.71153491783116, 335.40692356527285, 333.66897966048225, 312.4304274459162, 320.05749071182976, 320.15483278685264], [294.09336771436074, 293.1500042739748, 293.40161519084074, 295.77422339755464, 293.1500000808018, 293.37199136922516, 293.3068978798263, 293.3155148802729, 293.31465361550266, 293.32893143845115, 293.3504878259905, 293.3716072493434, 293.3932077877917, 298.9987850587906, 300.20437863637426, 296.62361341400714, 293.1500044155852, 293.4619632445531, 330.93836558170057, 335.6325648259676, 333.6097359264685, 310.7582078023127, 319.85487801118177, 319.85330630391127], [315.3167036668415, 313.1574197789784, 310.9756012063596, 310.76723790167034, 311.94177669400415, 308.9531278982882, 302.50645098229296, 303.21065079790895, 306.46666312322714, 307.9760709150583, 313.25611491406397, 320.2073142584437, 325.81992474300614, 329.86873246486005, 328.81097540185624, 329.2879590164424, 327.6875511986227, 323.51280775164713, 325.87244351059184, 327.71094115577023, 327.1336931934666, 321.5444631563952, 319.8736417375383, 320.0905426664891], [303.72671785889867, 294.7796235319421, 294.15859078380834, 294.32257149221454, 304.2504788003723, 305.17740198402555, 294.99754496453505, 306.1477513114247, 303.02712981303773, 303.98113638482783, 310.2605019658836, 318.4566131152181, 323.82482105332895, 327.7516512895379, 327.3095185710911, 332.92877789937415, 332.0694164522467, 328.3598739690491, 330.97930295127526, 331.8671543117427, 327.1091637494339, 321.2330431256892, 319.69815820730577, 319.8548100594852], [297.25434591308635, 293.71410728710634, 293.8485662031732, 293.94278584910876, 293.1500033916021, 293.3092840381345, 293.2433230002873, 304.32604705858813, 293.1500010074835, 293.27731087979856, 303.3354596049983, 314.89999930110736, 319.108068110555, 322.8714925179694, 325.32448197746055, 332.84532297063026, 331.8182631353637, 329.19461982947547, 330.8533622314245, 331.82076821193766, 322.7843987268369, 318.0909405549026, 319.4873864611892, 319.5722174820914], [293.1500079310555, 293.489255351671, 293.3613018750448, 293.4127160902039, 293.38148288506227, 293.3561960819755, 293.3236437361621, 293.9871522893481, 293.15753739964, 293.3625291846395, 293.33227799651326, 293.3666522426147, 293.38239077451055, 295.86218779650414, 315.13845350311186, 333.65774576118497, 331.4938620592276, 328.13699741042535, 330.82833621531864, 331.78973355315463, 293.15000103246484, 316.902598792165, 319.2704781637118, 319.27075451434894]]
tau_R_out = [[316.0916331871486, 309.82437913670657, 300.16273046878723, 312.2667460148498, 297.49454011028433, 293.15000045803896, 293.15000037001766, 293.15000028397196, 293.15000024736486, 293.1500002921776, 293.150000225629, 296.32950537955827, 302.08966131873956, 306.0759536999761, 305.83250533002473, 301.884139806171, 295.8312543381712, 293.2086251646289, 293.54855597328634, 293.1500005121965, 326.50956492202874, 315.55922497997534, 319.70799841504953, 321.4084094840393], [317.8176238332212, 304.6921013904428, 295.9016648657538, 293.58592859256515, 293.16406096570614, 293.15000010563284, 293.1500000876493, 293.1500000558818, 293.15000003850673, 293.15000003943913, 293.1500000291896, 294.08503488202706, 296.8772553866017, 300.7668553799183, 303.21600909659236, 308.34525230245356, 310.57677836599356, 304.4972326039159, 302.19328079255723, 302.2275063273194, 324.2547638292165, 321.16891436211233, 320.78622276189583, 320.91279812762326], [316.57342428567466, 300.96740967267374, 294.0465900306411, 293.36360779782945, 293.150000016947, 293.1500002052791, 293.15000016736013, 293.1500001172491, 293.15000008558644, 293.1500000999301, 293.15000006021285, 294.0063735633656, 297.36689334810217, 301.84286678619367, 303.89848634387397, 301.9597825182093, 300.2774730583142, 295.154755133016, 293.2712740912406, 300.57323152583166, 326.0305493352363, 320.2669606592366, 320.2963821599629, 320.86429742390874], [314.33755852727916, 298.35451368739416, 293.34632753004604, 293.3724715921998, 293.1500000327651, 293.1500002467116, 293.1500002024002, 293.1500001457334, 293.15000010704597, 293.1500001410458, 293.15000006808884, 293.488996249144, 296.89017970875625, 301.68162757742664, 303.53066610424503, 301.0107807765162, 295.87042032983, 293.6528669813215, 293.15000013678133, 304.9358971375133, 328.19942934829135, 323.26095594840547, 320.6990711063538, 320.6110614394676], [306.4254878743393, 295.09306598471863, 293.15000019176233, 293.713633521861, 293.1500000547753, 293.1500004140996, 293.15000037751935, 293.1500002895862, 293.1500002590327, 293.15000024253254, 293.15000041791535, 293.1500000900294, 296.61174127222415, 301.63127042038394, 302.98172072090375, 299.71145549435596, 294.43452979587914, 293.15000247893835, 293.15000060626454, 312.86913875129096, 330.248231125233, 317.44005049884515, 319.2110230548921, 320.30124681993186], [306.42548787434055, 295.093065984719, 293.15000019176233, 293.71363352186114, 293.1500000547753, 293.1500004140996, 293.15000037751935, 293.1500002895862, 293.1500002590327, 293.15000024253254, 293.15000041791535, 293.1500000900294, 296.6117412722241, 301.63127042038394, 302.98172072090375, 299.71145549435596, 294.43452979587914, 293.15000247893835, 293.15000060626454, 312.8691387512909, 330.248231125233, 317.4400504988451, 319.21102305489205, 320.30124681993186], [318.03111833383633, 303.28234864164244, 294.9718542405374, 293.45019022487395, 293.1500000141573, 293.1500001752595, 293.1500001423131, 293.1500000991709, 293.1500000707877, 293.15000008107154, 293.150000048721, 293.87363754941856, 296.65135318256546, 300.63818733006246, 302.9627832934011, 305.27606632062657, 308.41885795412196, 297.6853342552996, 293.3246353703956, 304.6877126864331, 327.2474405261564, 322.6885765247385, 320.56576872956924, 320.71643962776903], [317.11558303681204, 301.0622153536329, 293.95897952767035, 293.34960742081466, 293.15000002621764, 293.1500002056853, 293.15000016509606, 293.1500001181387, 293.1500000845976, 293.150000109232, 293.1500000521504, 293.4493442923314, 296.1239196833302, 300.3673210326419, 302.68605813419043, 301.08259464655947, 296.5658247012983, 293.8323376312831, 293.15000012884025, 309.5528970376612, 329.3509914815947, 322.0218352649697, 320.2668066015331, 320.5184006980481], [314.3833178332448, 298.15908639765195, 293.2664423774542, 293.3725223257102, 293.1500000303093, 293.15000024516553, 293.1500002025792, 293.1500001425702, 293.1500001168131, 293.1500001011736, 293.150000177494, 293.1500000321839, 295.64307059753656, 300.1117860876689, 302.3094610906133, 300.1649251085516, 295.4102092540682, 293.2875308733531, 293.1500004994768, 316.69943020089795, 331.2391596972553, 320.4653673911885, 319.75429197429156, 320.27129307095595], [304.5519614759851, 294.5501319944223, 293.15000018092707, 293.71359423919745, 293.15000005427135, 293.1500004091014, 293.15000037508247, 293.1500002915779, 293.1500002606057, 293.150000240166, 293.1500004431548, 293.15000016732415, 295.26483196905787, 299.9870815495101, 301.802233146662, 298.9086474094303, 294.22878428223123, 293.1500007678158, 293.3569585467992, 327.43390323801617, 332.57101046602867, 318.7289354819492, 319.2080143124311, 319.9626710854211], [304.55196147598315, 294.5501319944217, 293.15000018092707, 293.7135942391975, 293.15000005427135, 293.1500004091014, 293.15000037508247, 293.1500002915779, 293.1500002606057, 293.150000240166, 293.1500004431548, 293.15000016732415, 295.26483196905787, 299.9870815495101, 301.802233146662, 298.9086474094303, 294.2287842822312, 293.1500007678158, 293.3569585467993, 327.43390323801617, 332.57101046602867, 318.7289354819492, 319.2080143124313, 319.9626710854211], [320.40117199821066, 314.8649408385891, 307.86380104215186, 302.6095861828743, 299.7316684420525, 300.3551547247462, 300.1545388524128, 298.70637515987227, 298.2206880803876, 299.0872975285618, 301.0188485459449, 304.23547754254975, 308.4439966125725, 315.42378116363676, 321.87965172095903, 325.1120029837218, 326.58850916670985, 325.41009354369226, 318.56692327144725, 316.39522887821215, 325.9561672265215, 324.40678500887446, 321.74716743363234, 320.5551320978547], [319.96415670469696, 308.82141107173993, 300.5033142918087, 294.7020730960679, 293.17109674927127, 293.1500000840525, 293.1500000604004, 293.1500000379469, 293.1500000275201, 293.1500000290996, 293.1500000247279, 293.76810177219, 295.91374578750936, 299.2510211615256, 301.7672642907674, 313.34924170471436, 318.42552754613564, 311.87320223308774, 300.3723072047109, 312.0798137444258, 329.08541469891287, 322.8674331931976, 320.0043359116515, 320.5238716743328], [319.99181510110674, 306.04987096109386, 296.1011611617809, 293.48702488665566, 293.15000006047694, 293.1500001451229, 293.1500001090729, 293.1500000750042, 293.15000005202495, 293.15000006139235, 293.1500000334169, 293.4718896677157, 295.54851387402647, 299.1352145676863, 301.7307551039215, 311.3038462881684, 314.6154515056476, 301.1913045225667, 297.9561484421901, 316.53083942493413, 330.8131788510999, 323.5674010460641, 320.42706359918606, 320.4930768544706], [319.7118721454305, 303.7426825382568, 294.68707084044047, 293.2802708061, 293.1826315574277, 293.1500001651884, 293.1500001219016, 293.150000085049, 293.1500000589256, 293.15000007850983, 293.15000003400064, 293.23365872142716, 295.26399133875844, 299.10046346153325, 301.678460458311, 306.64406259469024, 307.74193395371617, 296.9729058838601, 299.1219677153033, 321.9447102875153, 332.2461291106849, 321.06511034703703, 319.81865472842117, 320.3717529244738], [317.295146747737, 298.70813296843727, 293.1500000970705, 293.15000021367496, 293.15000000838734, 293.1500003091135, 293.1500002569843, 293.1500001879692, 293.1500001590881, 293.15000014061826, 293.1500002552365, 293.15000004362446, 295.42684453629084, 299.89366859407386, 302.14031484593096, 300.03030187143594, 295.2489708658967, 293.215268472402, 299.64976851407334, 327.5427601806132, 333.0302642640922, 319.48322715352606, 320.53521084431407, 320.5018841776445], [303.43743255734523, 294.21195361852784, 293.1500001694658, 293.442932806243, 293.1500000442721, 293.1500004146858, 293.1500003721571, 293.15000029069057, 293.150000259435, 293.1500002381551, 293.15000045335603, 293.15000016468036, 294.46700491550257, 298.9961425956965, 301.1031328429882, 298.5280222010845, 294.1469591464627, 293.1500006846271, 308.2249305034814, 332.09328104452555, 333.2255136148703, 327.95770900284225, 321.06510798201714, 319.8024885284393], [319.8705409065542, 301.7498592160937, 293.8146435465, 293.42485490952777, 293.28751667822365, 293.15000025012324, 293.1500001989638, 293.15000014105567, 293.1500001159442, 293.1500001000064, 293.1500001803496, 293.1500000295106, 294.9135188423128, 298.7578457277712, 301.2317765965454, 299.8611119917232, 295.6290733902815, 293.37257728955495, 303.4605454030637, 328.7894122485628, 333.31957735609575, 316.0624776670105, 317.8847601166528, 320.0471530376395], [317.2274241876153, 298.383283347091, 293.1500000674381, 293.83447195856604, 293.38431682364654, 293.15000030795863, 293.1500002567017, 293.1500001881961, 293.15000015942326, 293.15000013973673, 293.1500002676727, 293.15000009245955, 294.17609573988835, 298.0348853672939, 300.5052894583005, 298.75681779498575, 294.58907827832695, 293.1500004925866, 310.5616324686691, 332.55831737920624, 333.5619621084371, 316.57962662507134, 318.46139280324445, 319.82105852692376], [300.21734977036556, 293.15000111582543, 293.15000009351274, 295.052922120883, 293.50359464421973, 293.15000041222316, 293.1500003700536, 293.15000029412147, 293.15000025162135, 293.15000026948377, 293.15000025673083, 293.15000091393404, 293.15000007274386, 297.0947034238856, 299.46302845122614, 297.26653608453785, 293.82112125632636, 293.15001080758344, 325.23540140445874, 334.49751392922497, 333.318589027948, 314.9926593020311, 317.7617069067376, 319.3153026755031], [321.23626845777153, 317.9824474733503, 312.01076833596096, 307.24734217361754, 304.4567961640216, 304.49336740364674, 303.8174753974245, 301.4175366792256, 300.92945996718015, 302.3614161174073, 305.1766818444323, 309.35451902382755, 314.3389488793639, 322.78347533009264, 328.4111180284685, 329.49996090351584, 329.4350378695283, 328.7606541513993, 322.1402977650534, 319.8118811597626, 325.7045358017479, 325.9982120721497, 320.90390329031345, 320.1938484194538], [321.6925092659152, 319.18575858063036, 312.1047887204037, 307.54764861790926, 305.08091524275983, 305.31194883452304, 304.3639447919268, 301.59514408642315, 301.4337349303605, 303.1774570380669, 306.2928604617775, 310.617831116661, 315.648846202726, 324.72581762177543, 328.46325662494706, 328.9638940751347, 328.76218745967356, 327.9396685892434, 322.28736505339623, 320.8198363629636, 326.00273645151054, 324.7842144058385, 320.3956547732119, 320.11218929127716], [322.0152746217197, 318.9702015374401, 311.92776402612054, 308.28607888412637, 305.93110383660877, 306.2665623788937, 304.94612707940723, 301.774914894825, 302.0714561105284, 304.11783391640853, 307.5395883453306, 312.0195221604281, 317.07191488143445, 325.05242222891667, 328.13666943137935, 328.27563398734856, 327.9429265404453, 326.958923240405, 322.72766321541417, 322.0274203299277, 326.1197713978257, 322.7075274519184, 319.94492329721396, 320.06814478814994], [322.1403282085524, 318.24502556080887, 312.0642475712961, 309.6562224005618, 306.98536710101064, 307.38041002930595, 305.5669783964152, 301.96540743641185, 302.8804672649932, 305.19414876050246, 308.93400489660394, 313.577747923611, 318.62009342492286, 325.10646245549907, 327.6220444589659, 327.39895580297883, 326.9334001645865, 325.7693034424818, 323.5435604401199, 323.424168473637, 325.9661478318684, 319.0149707834446, 319.13921307228486, 320.0140912618456], [325.35220859399107, 301.1281615105433, 293.1500001125393, 293.15000004715273, 293.15000001679977, 293.15000018567605, 293.1500001547321, 293.1500000955814, 293.1500000820145, 293.1500000954048, 293.15000015002994, 293.15000015375335, 297.46238369473673, 302.83698922266217, 318.9361582626727, 335.4617400492494, 337.5431425136829, 336.05037809875256, 337.0738703085453, 336.4880951228909, 333.9487316470919, 304.48899528418616, 315.66755721456644, 320.44672010496066], [320.8161503296346, 319.01478850664387, 316.4831913976552, 315.05066859364604, 310.8988105915581, 309.96863120887554, 307.3337535853721, 302.97577477602135, 304.83081499766615, 307.4339086438868, 311.6516533981541, 316.63646174304176, 321.65557182300626, 326.06638726818795, 327.5518427451092, 325.12106654202074, 324.0494874307073, 322.68049820990205, 322.33945321951023, 323.40689669643604, 324.2438988303216, 320.8382805576453, 319.55337044485265, 319.8811819300124], [321.45186141539915, 318.6831041732037, 314.6045294968814, 312.8514719054543, 308.89728539858146, 309.75190788334146, 307.19874682538193, 302.8350870133768, 303.7674695233444, 306.1727563838816, 310.4570521375879, 314.2444267675065, 318.63614255785257, 323.0399159933906, 325.01459714604226, 323.7845895710457, 324.1589379499509, 324.18191429365567, 323.3491348868504, 324.1336406696876, 325.51703251571575, 320.20171565574077, 319.4704711554417, 320.0280602486524], [316.75707173143013, 312.27259593626894, 306.57077184071426, 305.07055380853683, 310.16118968838805, 308.4545869644819, 304.8736195541414, 303.62511986096945, 301.46992788855755, 303.61632859871577, 307.87207053067004, 310.86467089647937, 315.2752426504407, 319.88580445711455, 321.88922785321074, 326.31183110286224, 327.54978363957616, 325.6477057335346, 326.439245730199, 327.53659738624714, 328.9023303296001, 322.2844294588447, 319.89253165457995, 319.9069633925273], [310.837436184025, 298.2668819043957, 294.23691274922305, 294.23223513315185, 304.0036083413255, 304.52259116065056, 301.1342564771542, 303.21051724801197, 296.3346814662003, 299.33046944847933, 303.36770383523805, 304.666514071651, 309.4076931837083, 314.3107662373379, 319.277477977684, 329.5251420219115, 331.6890784569916, 329.463669230495, 330.62239519855893, 331.6598632451594, 331.0029938486634, 324.9948956512165, 320.27058872053067, 319.7162363992653], [300.9826865740429, 293.63407199798706, 293.74049463863844, 293.92612669856743, 293.1918082865019, 293.15000140166245, 293.1500004293646, 293.72346882354867, 293.1500030190245, 293.15000022930093, 293.15000038418736, 293.15000014320304, 293.15000119777596, 295.42557123100687, 306.2692014065947, 326.8051022151397, 331.36100879841797, 327.1778066794223, 330.45277556097085, 331.68973034285335, 330.8218803748114, 303.1402057753173, 315.1007788742363, 319.5990989390127], [303.4157864355123, 294.699891982345, 293.8109053753342, 293.94104501554295, 293.26416595389685, 297.31958022996827, 294.057075026983, 302.6795079878062, 295.14578390553567, 293.1500001422823, 293.1500002625253, 293.1500000792614, 297.38254820031995, 303.8542112837393, 315.1169057698044, 330.62746459310097, 331.743067794257, 329.45234540694605, 330.5697088185194, 331.5819124535128, 330.8908025576528, 324.8969350216123, 320.06053281766646, 319.42938156942694], [300.1906949815463, 293.1500002431854, 293.1500001379693, 293.27437124811445, 293.1500006116271, 293.15000037639606, 293.1500004173547, 293.7273471835499, 293.1500002606743, 293.1500002297574, 293.15000025061113, 293.1500001437087, 293.15000052545884, 294.16448257162364, 310.30118550670284, 330.70224650755785, 331.3455482081972, 328.375748562313, 330.2159692309913, 331.34131596406655, 330.6224647006388, 313.3809460323696, 317.2206026023882, 318.9315860822557], [321.2035417433848, 318.0701298660295, 317.52632706207135, 317.19073171066765, 310.37354558823984, 310.60496953627216, 306.7999977933152, 302.0645980263846, 306.7476580744483, 309.63036701335875, 314.17057827345, 320.32045627509746, 326.0358538869451, 330.3421802914466, 330.7981146319378, 326.19030824878627, 323.91710264060606, 320.51161956567563, 321.2452725813216, 323.06306880073885, 322.94353908817357, 319.5254179701855, 319.9064569994308, 320.1231619833581], [316.1699156946644, 313.40285284532484, 311.24669664694727, 310.6313139774207, 311.5582168867335, 309.275615815714, 303.4417575363237, 303.01837558525006, 305.89315630452415, 307.6368204712289, 312.35517823259767, 319.100475955967, 324.8652415319764, 329.1071194640869, 328.76201682535765, 329.0247815970157, 327.7172264555533, 323.9316350102097, 325.3662524041953, 327.2769468971977, 327.02552890135115, 322.23831932244593, 319.9663694556988, 319.8622569236049], [307.77467660400504, 297.10599914462784, 294.2121524755268, 294.1586310907571, 301.9238185915169, 304.8577446459617, 296.75449153784547, 304.53308385453556, 303.40158047660964, 303.6973633343391, 309.1168241116972, 317.08433628434614, 322.8193654041596, 326.9262159118802, 327.12365431820257, 332.006558588225, 331.9472494752655, 328.60952461464757, 330.4443536112844, 331.5388644335595, 327.57688530243706, 321.9141206209488, 319.7266279257692, 319.59412850304557], [303.20193610209316, 294.5248165926805, 293.65873267478105, 293.7620226535517, 293.2140685571526, 293.1500012112306, 293.15000065841485, 302.5904112448234, 295.1184161359085, 293.15000019353744, 301.2831253505244, 312.78403339015716, 318.11860719903405, 321.9080926394027, 324.59730305151464, 331.60329648163986, 331.63859332320925, 329.2230524641971, 330.3593017031066, 331.40511588782823, 323.97147475838506, 318.5440725435292, 318.9487354457872, 319.2434846641786], [300.02813648759474, 293.1500004064562, 293.1500000876409, 293.1500001425859, 293.1500006274715, 293.1500003647444, 293.1500004480662, 293.7015182064338, 293.15000021761045, 293.15000023119256, 293.1500002257466, 293.15000018116064, 293.15000136795277, 294.8869579564674, 310.69753795148125, 330.775533634415, 331.24153125474635, 328.0661515509205, 330.0021145197474, 331.1661449361692, 303.17443220534653, 312.25103558597704, 318.34440081690406, 318.74129003426486]]
tau_R_port = [[319.3907813228077, 311.6053619724701, 303.7851239594595, 300.2529268318352, 297.4979318582839, 298.2435680671271, 298.07581584657237, 297.0196418577653, 296.69592510863816, 297.3809616610756, 298.8784395172857, 301.6151651146927, 305.5356483854487, 311.93009677584314, 317.54783176766483, 321.03122945622965, 322.42046618294256, 320.2447008579263, 314.1168367407543, 312.34891842067555, 325.44600604569183, 323.1037091770079, 321.38935595317395, 320.69242826321124], [315.7613544035269, 309.2099607868835, 298.1319064087324, 315.0714420986701, 293.1500001410165, 293.39183377403, 293.3225717856375, 293.3221596680816, 293.3169886408207, 293.342049729032, 293.3800748315289, 297.90896583895017, 304.3510342997014, 307.5303233687116, 305.96203871975524, 300.96204004980365, 294.2953753080791, 293.15000514592697, 294.0431183488422, 293.1500006358583, 331.88499690912545, 311.9730810708223, 321.97355150508645, 321.9773456915223], [317.34250816931643, 293.1500249958953, 293.1500016388349, 293.15000182164226, 293.15000014148836, 293.60900421888306, 293.4657034726609, 293.46688784888335, 293.4621847807526, 293.5095597435448, 293.5790170682225, 299.56414682392943, 306.1021248211537, 309.3087778723249, 307.7424976479006, 338.1499840475041, 338.14999561799425, 331.64183604152925, 338.1499965471842, 293.72176747328604, 333.0592885929071, 295.9987938838846, 326.5267363192873, 322.93245908152807], [319.56186517582165, 293.15000222206925, 293.1500005827398, 293.79517519253034, 293.1500002789589, 293.49029254505865, 293.3893815883247, 293.39368822881715, 293.38782167760866, 293.41947547968186, 293.4684241492682, 297.2796351847498, 304.005669778558, 308.1115698386798, 306.94085079832996, 301.98627215466354, 310.468971872947, 293.15000828524654, 293.72198716363937, 294.33900751420737, 333.10831788313993, 294.2793306687088, 321.62404437896697, 322.51819410788903], [323.05538212436613, 293.1500006862309, 293.15000071611735, 293.2028192239581, 293.1500002353014, 293.45251078145014, 293.3645682322752, 293.3734417884776, 293.3686797952996, 293.3917733769677, 293.4289774372781, 293.46418129360563, 299.7071947233551, 305.00380365904124, 304.93093256537963, 300.3458802191116, 293.8021742271848, 293.15001492067614, 293.1500021583878, 294.3517121568774, 333.47001792482246, 316.29597078922944, 322.7557359194398, 321.66113538463674], [300.605256930142, 293.1500011973424, 293.39562652911394, 294.06628291784364, 293.15000046566496, 293.3761057138595, 293.3105162270128, 293.318730249066, 293.31575306892097, 293.33147866563115, 293.35691707245667, 293.38150965226384, 296.3962670760692, 301.9490387125803, 302.38926645183585, 298.1136169782846, 293.15002026520636, 293.46760423703256, 293.64148717014314, 333.2124656033817, 333.097694463848, 316.08125102429983, 320.5109425252941, 320.5103051199834], [317.6699903524719, 293.15012723108686, 293.1500054322608, 293.1500031412909, 293.15000007372106, 293.1500021716768, 293.1500012770695, 293.1500007040452, 293.150000553267, 293.1500006170318, 293.1500008183719, 300.2485863148641, 306.736432574495, 309.5909923891682, 338.14995053585795, 338.14999511958433, 338.14999717994345, 338.0237362852842, 338.14999778648587, 293.5113051619288, 333.16497118573295, 294.7182922883812, 334.442153671496, 323.0189727177325], [319.764237829709, 305.36883444672924, 313.1781459696085, 293.1500002787614, 293.15000004760054, 293.5717626671766, 293.44329714600843, 293.4460710648462, 293.441409769927, 293.482265165396, 293.5434177292941, 298.2534118792155, 304.9444143000342, 308.78852894048833, 307.5039410376304, 338.14999143491923, 338.14999754576644, 337.66658433000407, 294.2874193643304, 294.17213287763184, 333.3905224694809, 294.4985835190324, 316.12490330799034, 322.765522559567], [321.55379328729026, 293.1500099407306, 293.1500014373321, 293.1500001506275, 293.15000003390344, 293.4950966589337, 293.4408253537318, 293.43212352843483, 293.43004104665204, 293.46391225641923, 293.51792051876015, 296.239072353856, 303.06341745414824, 307.6712727457941, 306.88018545996766, 338.1499782997539, 338.1499970103653, 293.15000999511466, 293.84042846047544, 294.599563228344, 333.65400668038023, 324.2580446661, 323.607525304231, 322.4881494968126], [320.5267395338866, 294.09720697758155, 293.1500008813746, 293.1500002763455, 293.1500000434871, 293.1500010462602, 293.150000660793, 293.1500003614109, 293.1500002952524, 293.15000034845156, 293.15000049774716, 299.1474803396682, 305.7947667993656, 309.24002686121025, 338.14999093291306, 338.1499978237659, 338.1499986421281, 337.87050825765954, 294.5122282228588, 294.23906189102263, 333.4515103018316, 333.60947964075757, 314.7902198433952, 322.8300725696075], [322.9325502211037, 316.3124101157256, 293.15000038479155, 293.1500001157303, 293.1500000332212, 293.15000066149423, 293.15000044242714, 293.1500002427189, 293.1500002024383, 293.15000024753215, 293.15000037128783, 298.06531008641184, 304.85578677502724, 338.1499894882238, 338.1499961297121, 338.14999864894094, 338.1499991146659, 337.7080965562242, 294.34185774530414, 294.8007892039385, 333.78444519563226, 333.5288289555545, 317.33839914578033, 322.6303857153131], [324.94935342067225, 317.5360482689308, 293.1500002094123, 293.15000006966125, 293.1500000281185, 293.15000047041156, 293.15000033069117, 293.15000018299116, 293.1500001551795, 293.150000195215, 293.1500003045569, 297.0172323099634, 303.926658709762, 338.1499973613067, 338.14999786574305, 338.14999904984063, 338.14999934493886, 337.5351038598546, 294.165939347074, 295.2265555386226, 334.13770177748654, 333.5265847951245, 325.19354662070504, 322.4181140741728], [326.63088796919567, 319.04609106832055, 293.15000013278245, 293.1500000499015, 293.15000002509737, 293.1500003576989, 293.1500002631472, 293.15000014732544, 293.1500001269296, 293.1500001636016, 293.1500002643926, 296.01561091323003, 303.0160729973538, 338.1499987751851, 338.1499986773228, 338.1499992875437, 338.1499994811791, 337.3497115870374, 311.49091170534444, 295.5401705566296, 334.49173242493504, 294.55510931263314, 324.95103829126185, 322.1909312310454], [326.5461720968172, 294.0591726391926, 293.1500010320167, 293.40471161494276, 293.3284193768057, 293.33613776481127, 293.32430230865083, 293.3188064896207, 293.31832964499256, 293.3345502556825, 293.36323155206367, 293.3911808310402, 299.51907224711823, 304.79230585994884, 323.40926565234355, 338.14998794571295, 338.1499973001426, 336.40660982067004, 337.8130880349279, 336.95103765272415, 334.1544455676298, 293.6032044023765, 320.844078596386, 321.03233512411816], [321.3395924440031, 318.402823645328, 316.007142747727, 314.93379402139044, 309.56522643739646, 310.1466119005175, 307.0203852275344, 302.48392532040293, 305.207801722958, 307.80175796422265, 312.2505746562995, 317.3215724737361, 322.34752353889763, 326.68738648540113, 327.7912111091722, 324.87607715598534, 324.0506694981742, 322.60444487248634, 322.4118071906524, 323.6524780700399, 324.43724051563476, 319.880382764569, 319.6687408716612, 320.0712883098823], [334.23793780060157, 328.51052391025934, 332.6289280714584, 332.4401191528139, 293.1500206096185, 316.5066982340737, 314.2255002835675, 293.1500007801333, 313.66804868035047, 317.782293612117, 323.54519202887434, 328.9469114532547, 334.1112206086821, 337.7758832630988, 338.1499965179301, 296.4678578114971, 293.1500008513961, 293.15021797707215, 293.15000164722437, 293.15000095750486, 293.15000032725146, 297.37048034961043, 321.58707132012944, 321.9891520731986], [336.16414231831635, 334.0005677633852, 332.6905999736649, 332.4642627401062, 293.1500117908795, 316.58829576676663, 314.2665708878116, 293.1500007634145, 313.6962824012056, 317.77627673282785, 323.48898926504523, 328.79245746255833, 333.96922651266857, 337.68709485846654, 338.1499966250989, 296.49264223664017, 293.1500008203293, 315.7940506565234, 293.1500016145976, 293.1500008133477, 293.15000045583645, 293.5675892972395, 318.8389706651167, 322.03176959677637], [328.52204648651787, 334.05351715227226, 327.6538590078468, 327.3312274409674, 328.55376935388136, 317.7233641222318, 313.9155215437417, 305.1230383990656, 313.53537388068, 317.29275223393466, 322.5962228593663, 327.6498869615056, 332.8302890031443, 336.7931456367155, 332.3150850607675, 309.6822485657304, 293.15002680285886, 293.1500353328008, 293.15008026100514, 293.1500060545594, 319.2594301277024, 293.19534692723926, 318.07785714597384, 321.68294858060665], [318.9800849096861, 295.6187522298521, 295.46385318890054, 295.69512930520506, 326.4458566803665, 318.699403170551, 313.7298176430195, 312.30249772183186, 295.4991880745829, 314.275189360142, 321.63022445205496, 323.7458667620521, 331.47704575130297, 335.66904060259844, 335.3380235689419, 335.6610228091907, 333.08573826166486, 330.9952581273129, 332.420549203777, 332.9614332190997, 331.7040324606586, 331.9241151943533, 323.6169698501338, 321.2751716049647], [294.10930034990344, 293.81298951645476, 294.0779812074571, 294.2394945889214, 293.1500026175327, 293.4214849471298, 293.30870274933187, 294.02102514638534, 293.15000103108423, 293.3679506534519, 293.3344810563589, 293.37045135513233, 293.3850367481205, 296.62751631364745, 309.7522537957583, 330.2736856617914, 332.12679381104584, 327.0014560170261, 331.5137109861429, 332.29775758389485, 331.1962326022588, 293.15000011900037, 320.1798020440352, 320.1299988664257], [294.74280432447557, 294.6035678573527, 294.8536306253426, 294.99696502759787, 293.15000737872305, 303.0556843908003, 293.15000650573404, 311.746735899313, 293.15000123442263, 293.40776801441615, 293.3684335785357, 293.41089551965854, 303.9918228852968, 314.2392871021161, 323.9150458060009, 334.91151414964486, 332.54003001312117, 330.47230335883813, 331.90428960851693, 332.6482127874148, 331.5356835378853, 330.56126827790706, 321.96587432549546, 320.5991448692623], [293.2892933522598, 293.4382934992337, 293.38232675580974, 293.5821379796896, 293.32345201872334, 293.3731547955721, 293.3204254031431, 294.0207327900135, 293.15000409512334, 293.36485976692524, 293.33130437578484, 293.36429683241187, 293.3780869468759, 294.8357629994018, 314.86103802945894, 333.6083221210687, 331.6198664010697, 328.47692000983756, 331.0265004824694, 331.9639057999404, 331.01258373375777, 309.38711803096106, 319.4594958161591, 319.4638814515267], [300.6052569301448, 293.1500011973424, 293.39562652911394, 294.0662829178436, 293.15000046566496, 293.3761057138595, 293.3105162270127, 293.3187302490661, 293.31575306892097, 293.3314786656311, 293.35691707245667, 293.38150965226384, 296.3962670760692, 301.9490387125803, 302.38926645183585, 298.1136169782846, 293.15002026520636, 293.4676042370326, 293.64148717014297, 333.21246560338164, 333.097694463848, 316.08125102429983, 320.5109425252939, 320.5103051199834], [321.4314623283144, 293.1500013263531, 293.1500004226162, 293.7866112347634, 293.15000023541523, 293.48353015444997, 293.38581308827605, 293.3927535262571, 293.3872230285393, 293.41537294527694, 293.4597999649395, 295.19366075631154, 301.9951820850277, 306.7898616750381, 306.1506669701394, 301.33623040086826, 294.7613370529459, 293.97670169645664, 293.15000364734436, 294.482700370627, 333.3647029641856, 318.93052957484895, 322.90401054914776, 322.1672220865742], [319.54404215770273, 293.1500033195321, 293.15000063465925, 293.7442541116928, 293.1500002679054, 293.51335892066885, 293.4046914232473, 293.40872710478124, 293.4033170101165, 293.4373452509261, 293.4893003138794, 297.39999412068914, 304.1188841253489, 308.2255554677619, 307.0554780647606, 320.77983394440696, 334.60358677714277, 293.1500186432138, 293.83291492039865, 294.281787264728, 333.2076707746602, 318.05916699988273, 322.1792436111659, 322.579655149877], [321.4815818780946, 293.15000085065725, 293.150000874985, 293.20987703367973, 293.15000023187963, 293.4571607898975, 293.36795081980586, 293.3749290436878, 293.36911771887816, 293.39477142121643, 293.4358456277153, 294.90500638770004, 301.70843083128636, 306.5007226011167, 305.8587715891814, 301.02748775585906, 294.4208636259142, 294.2977142524684, 293.1500046619419, 294.46423620015486, 333.14616683148137, 328.3744293969041, 323.70134870410874, 322.0098595127955], [303.29158760017935, 293.15000134423246, 293.3941375281295, 294.0712065589746, 293.15000045069985, 293.3788021809919, 293.3129832520274, 293.3202512655718, 293.31609262280335, 293.33325856485646, 293.36135460658215, 293.38794042946876, 298.3100835476319, 303.54624873711646, 303.4487835607611, 298.84538749299384, 293.1500090018368, 293.47096504472796, 293.35440809288656, 318.0223649878764, 332.62408684184703, 314.4488898160252, 320.85212648283397, 320.85391758750023], [303.2915876001811, 293.15000134423246, 293.3941375281295, 294.0712065589748, 293.15000045069985, 293.3788021809919, 293.31298325202744, 293.3202512655718, 293.31609262280335, 293.3332585648564, 293.3613546065822, 293.38794042946864, 298.3100835476319, 303.54624873711646, 303.4487835607611, 298.84538749299384, 293.1500090018368, 293.47096504472796, 293.3544080928866, 318.0223649878764, 332.62408684184703, 314.4488898160251, 320.85212648283397, 320.85391758750023], [323.07199375466826, 293.1500023904846, 293.15000043548054, 293.150000094719, 293.150000026169, 293.41633314905545, 293.4378133721487, 293.41614274120565, 293.41790183229915, 293.4457016789102, 293.49297101171726, 294.2518566181392, 301.10356854416506, 306.2917234805024, 306.0649184009402, 331.8164197487465, 336.42605122670267, 293.15000225669434, 293.3546375596652, 294.82876189619327, 333.9201970547401, 320.6605374914529, 326.50598246260694, 322.1800079474317], [324.13020631778284, 293.1500014013789, 293.15000162749106, 293.150000304106, 293.36152673640674, 293.3690768070845, 293.3545830453171, 293.3483308063385, 293.34825677601754, 293.3669146157991, 293.3986081800919, 293.429012067838, 298.5177548471523, 304.084068038536, 304.406465684434, 300.1188325673293, 293.7420128788168, 293.1500025449114, 293.15000128904467, 331.4183706223962, 333.9038486147049, 293.86469620439345, 322.34445631436427, 321.49615155137303], [298.9271489141122, 293.1500013717403, 293.3992221087062, 293.7121336663504, 293.244079071153, 293.352163564583, 293.314645237047, 293.31660147708715, 293.31603841447185, 293.33067127380036, 293.3545172935042, 293.37778244890325, 295.26322928118685, 300.97856602428675, 301.77042135891213, 297.8114833089081, 293.15000692842693, 293.46718867097746, 312.5416732860572, 335.52511101181744, 333.5174832542507, 327.664310640931, 320.3567474119208, 320.347739649256], [324.17344703528056, 293.15000081219563, 293.15000055961303, 293.1500000765389, 293.1500000220656, 293.3341195606176, 293.3913921539884, 293.3667082370813, 293.3708482925989, 293.390969993008, 293.4264828192949, 293.4600754946448, 298.82091952360923, 304.40324643558125, 304.7327605250919, 300.4478280800819, 294.07182129239396, 293.1500028817153, 293.15000112428766, 331.76993596318374, 334.0443387014836, 297.8479272630306, 321.63843620394704, 321.67383935506604], [325.0089047514537, 293.1500029624733, 293.44759084305315, 293.1500000767638, 293.1500000204436, 293.33009145075334, 293.359354987807, 293.34408375546883, 293.34749343305674, 293.36429004863305, 293.3930549491821, 293.4207352563461, 296.3211486336318, 302.1156376845574, 302.9411585890615, 298.99668358306, 293.15000423536804, 293.29063048735173, 293.15000363353005, 336.3163332021337, 334.01937029286404, 309.78207817093624, 322.2776651353801, 320.99436289820216], [294.09336771436074, 293.1500042739748, 293.40161519084074, 295.77422339755464, 293.1500000808018, 293.37199136922516, 293.3068978798263, 293.3155148802729, 293.31465361550266, 293.32893143845115, 293.3504878259905, 293.3716072493434, 293.3932077877917, 298.9987850587906, 300.20437863637426, 296.62361341400714, 293.1500044155852, 293.4619632445531, 330.93836558170057, 335.6325648259676, 333.6097359264685, 310.7582078023127, 319.85487801118177, 319.85330630391127], [328.0316654444575, 333.9025420207149, 332.5587632759615, 332.1314855529434, 328.48549604096576, 317.5625860416622, 313.8136699734509, 298.24218120175703, 313.4703017972798, 317.2912435968749, 322.7021029593602, 327.983892887331, 333.16177247027963, 337.0148441647806, 333.46930492501247, 315.55758711101237, 303.1865714629094, 293.15002808349357, 298.0298699904648, 306.59865657791397, 325.84139138178415, 320.34282229421916, 320.3297628621673, 321.57978515681975], [304.63889376219953, 295.29322218797995, 295.16040515061724, 295.44448219650866, 317.99060154721155, 318.43442454489434, 298.38667878377936, 312.133010231795, 313.18963309405905, 316.7304629937441, 321.7697730278074, 326.9094171318966, 332.08072176764637, 336.099592450887, 332.21779433210327, 335.5797402447253, 332.93106271046054, 326.45290026369213, 332.2193054534358, 332.7912311567809, 331.6385343367551, 325.993594575287, 321.19661331315444, 321.07746085009853], [294.46390572396024, 294.28703597138946, 294.55006454603927, 294.7367214309197, 293.15000622297146, 293.4687419613397, 293.3376432249041, 311.57739291561603, 293.1500018116823, 293.40729756622267, 310.6320411631424, 325.5600305349165, 330.7068171029937, 334.8648667947812, 334.53387017457555, 334.9151114461682, 332.3949950117863, 330.2837068715346, 331.7046099362149, 332.47539147898334, 331.48214713926194, 323.2377202078776, 320.6242340124823, 320.4031449299179], [293.1500079310555, 293.489255351671, 293.3613018750448, 293.4127160902039, 293.38148288506227, 293.3561960819755, 293.3236437361621, 293.9871522893481, 293.15753739964, 293.3625291846395, 293.33227799651326, 293.3666522426147, 293.38239077451055, 295.86218779650414, 315.13845350311186, 333.65774576118497, 331.4938620592276, 328.13699741042535, 330.82833621531864, 331.78973355315463, 293.15000103246484, 316.902598792165, 319.2704781637118, 319.27075451434894]]
tau_R_star = [[316.5143110712598, 310.13643810491936, 300.4275269335992, 312.7167764024972, 297.71696720302776, 293.3396536736971, 293.3365205706929, 293.32223553516695, 293.31798121389863, 293.3364117289417, 293.36995415218655, 296.6509405845283, 302.5615708627532, 306.64718757404415, 306.3976733128027, 302.35092844960525, 296.14722643399, 293.45334271949883, 293.79929261807683, 293.39587289187784, 327.2736878151757, 316.02567855591275, 320.3116747921599, 321.97671332711633], [317.90561102850336, 304.7550728959395, 295.94697308662364, 293.6242715245552, 293.2001378306991, 293.18410015227386, 293.1829154066237, 293.1813573895822, 293.18086691096937, 293.1834434102835, 293.1883984286687, 294.132027862138, 296.93917632052097, 300.84698721596544, 303.3072811222508, 308.4528673858934, 310.6811981547481, 304.57786907162733, 302.26860362880484, 302.29778121236626, 324.3644582439475, 321.2652258947691, 320.89543106694737, 321.01494844630065], [316.7387661013399, 301.06840918304493, 294.12037360660565, 293.43521065760234, 293.2188638859137, 293.2151614853749, 293.2129162957025, 293.2100160238889, 293.20902386633065, 293.2139013402307, 293.22338636796525, 294.0958355674604, 297.4899789799595, 302.0057629574438, 304.07929589566527, 302.12369750246273, 300.4220219390701, 295.25290122901356, 293.35602346966715, 300.70834106746764, 326.2593626460542, 320.4449931846948, 320.5017185178827, 321.06053320421853], [314.53644503308914, 298.46521113539916, 293.4312967865627, 293.4601897089802, 293.2346095734044, 293.22991227803806, 293.2268848122672, 293.22368961322724, 293.2226427922905, 293.22835233713766, 293.23952496121547, 293.59328032361617, 297.0368351965224, 301.8811480498993, 303.75009421386795, 301.20307857268824, 296.006851083049, 293.7615935106169, 293.25267184424325, 305.13799871465955, 328.48409180126816, 323.484285035973, 320.9409612261418, 320.85069233666724], [306.8068113330417, 295.3138680295601, 293.3416236873424, 293.9204743549058, 293.34354670771427, 293.3331406627078, 293.32573028273356, 293.3189107884118, 293.3168792638357, 293.32960774079834, 293.3544915732406, 293.3807442317581, 296.94282158199667, 302.09175847525455, 303.47585721916164, 300.1241085155775, 294.7140835239864, 293.38840756733254, 293.3857292980894, 313.4718220482752, 330.88578661875295, 317.9137151794665, 319.78606477906175, 320.85361907005586], [306.80681133304296, 295.3138680295605, 293.3416236873424, 293.92047435490593, 293.34354670771427, 293.3331406627078, 293.32573028273356, 293.3189107884118, 293.3168792638357, 293.32960774079834, 293.3544915732406, 293.3807442317581, 296.94282158199667, 302.09175847525455, 303.47585721916164, 300.1241085155775, 294.7140835239864, 293.38840756733254, 293.3857292980894, 313.4718220482751, 330.88578661875295, 317.91371517946646, 319.7860647790617, 320.85361907005586], [318.1760630002528, 303.379065570714, 295.04034286063364, 293.5114777821023, 293.2085363334138, 293.20530742411967, 293.2031619700947, 293.2008978802393, 293.20023261925064, 293.20421613640747, 293.21191641304307, 293.9480425240133, 296.7503097086561, 300.7678414992291, 303.1096715790449, 305.43452832064605, 308.5831683403447, 297.7802860460849, 293.39704494332375, 304.8198393044358, 327.42772957374535, 322.8473290626158, 320.73917939324747, 320.88268668116933], [317.2859383405846, 301.16601082227817, 294.03245808441375, 293.42037402269546, 293.21847586233116, 293.21459750096784, 293.2118600037104, 293.20949019007014, 293.2088669353456, 293.21331017154944, 293.22192724118224, 293.5325354381996, 296.23537749597705, 300.5173587830949, 302.8563021640907, 301.2388655214432, 296.6821614963264, 293.92186606291574, 293.2331383935216, 309.73685263561384, 329.5627537846521, 322.2053854352575, 320.4686992415542, 320.7123239019475], [314.5867708241957, 298.2715842329849, 293.35125454706616, 293.45943059403356, 293.2340726832165, 293.2292518204209, 293.225655573829, 293.2229870406134, 293.2224225450806, 293.22768908455555, 293.2378510483376, 293.24866123269635, 295.7750579154644, 300.2944048869731, 302.51574111649376, 300.34811601456204, 295.5413473671675, 293.3920431474328, 293.25200788151915, 316.9741475641106, 331.49337917953767, 320.68444444847415, 320.001937694334, 320.5094952329825], [304.9185309107331, 294.7715339631651, 293.3430386189265, 293.9187182518107, 293.34224210042476, 293.33165856499375, 293.32302068794036, 293.3172212901852, 293.31631466758387, 293.3281758715032, 293.3508412177435, 293.37502974170616, 295.5588344656266, 300.4066022186854, 302.2669809765499, 299.30129728588065, 294.50212591163444, 293.386526193773, 293.59528369132653, 328.20990732786464, 333.111357694763, 319.2095476046747, 319.7723762782494, 320.51041135420184], [304.9185309107312, 294.7715339631645, 293.3430386189265, 293.91871825181073, 293.34224210042476, 293.33165856499375, 293.32302068794036, 293.3172212901852, 293.31631466758387, 293.3281758715032, 293.3508412177435, 293.37502974170616, 295.5588344656266, 300.4066022186854, 302.2669809765499, 299.30129728588065, 294.5021259116344, 293.386526193773, 293.59528369132664, 328.2099073278647, 333.111357694763, 319.20954760467475, 319.7723762782496, 320.51041135420184], [320.4605299105537, 314.9216576444869, 307.91703040608394, 302.65511918225184, 299.7705338710623, 300.3887858057052, 300.1818450616419, 298.73070735698127, 298.2440991858529, 299.113111501633, 301.0498739104411, 304.27407063150696, 308.4912966153326, 315.4819974031851, 321.9445960633592, 325.17651863484167, 326.6500291866309, 325.46946303375887, 318.62133574209497, 316.4477949300542, 326.0137134681481, 324.4715681068323, 321.81599393431566, 320.6156882754383], [320.07057385075393, 308.9066825495896, 300.5724159606089, 294.74975582655725, 293.21322216436613, 293.1896559051581, 293.187895895517, 293.1863651989811, 293.1860590709088, 293.18880633646376, 293.19403775679154, 293.8203330508988, 295.9804002379964, 299.3365246023696, 301.86614687699637, 313.4884887793569, 318.5585127663899, 311.9877272177314, 300.44813784411105, 312.1880666035604, 329.20706736750617, 322.98821165917644, 320.1327803688988, 320.642426905638], [320.1098670492818, 306.13648507024675, 296.16105807633994, 293.5352439460609, 293.19599553213243, 293.1933616385553, 293.1913183409071, 293.18978376806666, 293.18953543611406, 293.1924295305844, 293.1979417930595, 293.52723428393415, 295.61946022959336, 299.22844778141746, 301.8391477709341, 311.4510610123538, 314.75593040146396, 301.27963593594325, 298.03222974839787, 316.66297533677783, 330.94721525564455, 323.69909796471353, 320.56537372153133, 320.6218240866256], [319.8442281419195, 303.830785080768, 294.7466287541273, 293.33269195501754, 293.23386096297725, 293.19814478991964, 293.1957688736118, 293.19417301816355, 293.19399553916077, 293.1971239023289, 293.2030437450358, 293.29348572515624, 295.3410689344478, 299.2042272055804, 301.7990223687386, 306.7882807124198, 307.8792230902235, 297.052300455677, 299.2120402896979, 322.1081203114653, 332.3939588777951, 321.20624173265816, 319.97364420916534, 320.5148845212067], [317.5838257606824, 298.8623456594913, 293.2651817361329, 293.2657488764424, 293.2642085805053, 293.25736588610647, 293.2521722442702, 293.2486970267472, 293.24831024685955, 293.2552447518839, 293.2684241956396, 293.2825918750511, 295.6018327852168, 300.137959416704, 302.4173843202032, 300.2765861612095, 295.42456702459384, 293.35636595278976, 299.8619931740232, 327.96010685533713, 333.35228470063294, 319.77155087424626, 320.87741541792946, 320.82663773178643], [303.79454730358214, 294.4344694505278, 293.3456358761626, 293.6432610330083, 293.3421377581482, 293.3310335864923, 293.321731257618, 293.3162428749237, 293.3161446363359, 293.3276163720722, 293.34889454129615, 293.3717497966417, 294.7394940537413, 299.39097256212705, 301.5504615587933, 298.9111882422502, 294.4180982466564, 293.38627337069033, 308.7351079494152, 332.78898744775535, 333.7564865589834, 328.4702396245744, 321.58133208471014, 320.3492409430335], [320.0912698721069, 301.8826080925685, 293.90598270770295, 293.512089611489, 293.37244313157873, 293.2292222329209, 293.2250462681947, 293.2225666420399, 293.22250402217657, 293.2275467102201, 293.2368962650049, 293.2469259756217, 295.03654225333827, 298.9258110207797, 301.4264537479108, 300.0410318959212, 295.7625395264385, 293.47808075663653, 303.64178861126766, 329.0779559346791, 333.55577300381714, 316.2808812933452, 318.14617870414156, 320.28373425285815], [317.52007072918923, 298.5377988273124, 293.26598341695995, 293.9558829531299, 293.4989830249348, 293.25635267847633, 293.25049148635236, 293.2473525353695, 293.24757452990707, 293.25424016403707, 293.26627590447004, 293.2791634119245, 294.3309453767076, 298.25190828546323, 300.7585038460606, 298.98452190421216, 294.75432511098205, 293.28864838720193, 310.87383183843446, 332.94318680787313, 333.87587774456364, 316.86666703356843, 318.8063882654862, 320.13860910768216], [300.5353705260443, 293.36308761630454, 293.34741481956695, 295.2787428750234, 293.69671327092533, 293.32922423672517, 293.31897944115553, 293.31395100276853, 293.3148151219207, 293.3259861840185, 293.34551268764574, 293.36628062009726, 293.3872238743598, 297.44168033919516, 299.8694915535983, 297.6182703434431, 294.08248862816276, 293.3833082421337, 325.95932742546086, 335.0737315797546, 333.8505488909538, 315.4537552966234, 318.3373007879934, 319.85356825512304], [321.3301669213082, 318.07720299228606, 312.1041537564803, 307.33467968823527, 304.53345006459796, 304.5530652071903, 303.8597199746283, 301.45429072948303, 300.9650498321673, 302.400792142237, 305.2236383705209, 309.41192139119937, 314.40777815481096, 322.86620728544557, 328.4979377037204, 329.5845215952868, 329.5160370973879, 328.8384888301873, 322.21337065788134, 319.88770534359963, 325.7848296028704, 326.0941982116311, 321.00085366276085, 320.2812518031355], [321.7957023125381, 319.29184366193374, 312.2045282525341, 307.6421711542664, 305.1654191316799, 305.37752532726296, 304.4086258171216, 301.6335155574381, 301.47162117420953, 303.21976504324016, 306.3433642592687, 310.67920417533804, 315.72198260168, 324.8141036875099, 328.55290654664975, 329.0516731141159, 328.846292192737, 328.0205301291274, 322.36335314134925, 320.89904639282116, 326.0865168860931, 324.8867984980565, 320.49965701788307, 320.203907135686], [322.129740387118, 319.09011479587747, 312.0376501499992, 308.3911066864258, 306.02588053474227, 306.3393803532255, 304.9935275975017, 301.8150482443378, 302.1121161891567, 304.16356724002816, 307.5941442551671, 312.08535380930687, 317.14976970033786, 325.14461205468564, 328.2304903335695, 328.3668511764149, 328.03039978508446, 327.0430701912767, 322.80751397482175, 322.1105197438958, 326.2070833786043, 322.81659861978477, 320.0586199878837, 320.16514635008383], [322.2689077833208, 318.38230479700877, 312.18918105329425, 309.7769779498043, 307.0935659617755, 307.46233285346244, 305.61742413428595, 302.0074901633285, 302.9245243234669, 305.24388121471003, 308.99319833866406, 313.6485904833791, 318.70311238587624, 325.2024123532199, 327.7203773465413, 327.4938422408346, 327.0245152705407, 325.85699763500094, 323.6285640712413, 323.51163998464233, 326.0569052651654, 319.12842454686006, 319.2661046973932, 320.1182449953571], [325.88976292813976, 301.40517796340987, 293.34918188025324, 293.3478608381485, 293.3445791613728, 293.3345859153104, 293.3265996469195, 293.3198289058843, 293.3184207130534, 293.33107718791456, 293.35616083257116, 293.3835082266467, 297.8168802017522, 303.32751943152437, 319.7004012934012, 336.2307392559599, 338.14999617525814, 336.61415668671503, 337.64565013625077, 337.0536627005079, 334.48737319735744, 304.8674380412819, 316.3136141867645, 321.0009590361628], [320.987285740219, 319.2185927557985, 316.67260966353524, 315.23194644531543, 311.0564952104861, 310.07739934534834, 307.392555069668, 303.02398007135923, 304.88353072261697, 307.492953649754, 311.72095362147434, 316.7178822573043, 321.7491960310223, 326.1707361345643, 327.6598034158509, 325.22311691235325, 324.14893231458865, 322.77661447079214, 322.43474024801475, 323.50477915581934, 324.34381641496475, 320.97678811674723, 319.70284376494163, 320.00419707017875], [321.61184466536815, 318.84214862477444, 314.74909157515265, 312.9908901504231, 309.01508964480047, 309.8578426750965, 307.2819110817245, 302.90272101340196, 303.8407600157649, 306.25575761432157, 310.5554669862143, 314.36046146047596, 318.77098208108686, 323.1904306083017, 325.169288833595, 323.92831227856743, 324.29961805206614, 324.3197007109965, 323.48385625895367, 324.2734122251891, 325.65829874071784, 320.3423386165374, 319.6206911788281, 320.17236846189377], [316.9286229980838, 312.44160666325615, 306.71175416316976, 305.20643493006634, 310.3097614711325, 308.56868537299545, 304.9635631174747, 303.705578202979, 301.54524377959245, 303.70566071287624, 307.9799331603734, 310.99112782905405, 315.42525898768656, 320.05580183741563, 322.0636506916192, 326.48407295552846, 327.7086319336754, 325.8005911391838, 326.59481250579256, 327.69476517217737, 329.0610614444102, 322.4411371373598, 320.0588927683684, 320.0697254858377], [311.01617962458994, 298.39072712942556, 294.3334027753624, 294.3288096030823, 304.16202524511795, 304.6495029424538, 301.2290160939901, 303.3066559953508, 296.40206978949124, 299.42210259656844, 303.4821338595191, 304.7961812948282, 309.57111220977765, 314.50222227771826, 319.48512267655866, 329.7387313159124, 331.87263242139016, 329.63868961979546, 330.8017944396703, 331.8405850306944, 331.18126848981547, 325.1771826166245, 320.4573687022982, 319.90447041346874], [301.33727169871406, 293.8952980799746, 294.0043724049167, 294.1946297613272, 293.4343736793828, 293.3631154596509, 293.32982971533085, 293.89528039726883, 293.3117797023587, 293.3237048778871, 293.34205929222566, 293.3615942345827, 293.38110584522184, 295.7268276394734, 306.79059950138264, 327.5077538703408, 331.90618569376875, 327.66530663024463, 330.9765377603253, 332.2044187019558, 331.3273665300243, 303.48930171925946, 315.7247328224587, 320.13829939602726], [303.65166489712044, 294.8677848314153, 293.9660451728017, 294.0984868142083, 293.40723744611034, 297.48969506653697, 294.16711466688264, 302.8482244212674, 295.2486203013659, 293.2517298877201, 293.2620749995592, 293.27302157340887, 297.56462159750316, 304.1147147465888, 315.4679495349045, 331.00270498162763, 332.0456572486345, 329.7429256375787, 330.8673013018563, 331.8834983096762, 331.18808486622567, 325.1945803149032, 320.36683336607683, 319.74305904562925], [300.52860845547536, 293.39732851920166, 293.39787307316607, 293.5266348627653, 293.3901977457809, 293.36239839614694, 293.3302813305028, 293.898250413947, 293.31031052249136, 293.32180035801485, 293.3387427123078, 293.3563955526715, 293.3744790106667, 294.43085303446986, 310.88047764434714, 331.3765001575518, 331.8565873239057, 328.86293487260485, 330.72297899138135, 331.852309927672, 331.12583636183143, 313.8178972765782, 317.78534276582286, 319.46315051229874], [321.38556735853547, 318.24809615454757, 317.6963827270649, 317.3550497476437, 310.5089731959612, 310.7283361695815, 306.8930014222828, 302.1395364328681, 306.83762918484086, 309.7296307029692, 314.28690084406355, 320.45491243997236, 326.18803637304654, 330.5108040535952, 330.97217292920504, 326.3553264710229, 324.07891155444344, 320.66401774797487, 321.4010344330411, 323.2226241558471, 323.10756660035776, 319.6858224888058, 320.07232750669107, 320.28790687080266], [316.3702861605659, 313.60595538053906, 311.4297892842888, 310.81063512159324, 311.7308304442026, 309.41188298412504, 303.5415319596168, 303.11192173665853, 305.9946711468847, 307.74983765124006, 312.4900322597504, 319.2588946174714, 325.0445240178548, 329.306398055195, 328.96542439535045, 329.2247605501736, 327.90395976680566, 324.10912253072934, 325.5507260026389, 327.463906606113, 327.21745866302706, 322.4233370463414, 320.15360409877144, 320.054392511664], [307.979810753092, 297.25203912825776, 294.3308588485158, 294.27704330746036, 302.10341096710647, 305.0199295842605, 296.8469995515056, 304.6632397070089, 303.5148845812344, 303.8246361356413, 309.2777672806307, 317.2810927367555, 323.04126846918155, 327.1741762525251, 327.375475285869, 332.25981834071985, 332.1717213877932, 328.82398130252125, 330.6674661614072, 331.76145771979503, 327.8045828292549, 322.1392148437756, 319.9532174083857, 319.8287014174553], [303.435203859402, 294.6898770937999, 293.8112947277614, 293.9166326919437, 293.35611419057483, 293.2748776162913, 293.2556672693209, 302.7577089895728, 295.220829120871, 293.2515595555052, 301.46748748262485, 313.05218267486515, 318.4155723374942, 322.2442551214572, 324.9457213736902, 331.9499845483164, 331.94053216499606, 329.51250519869865, 330.65589289419796, 331.7056008316465, 324.27484638674133, 318.84601998568854, 319.2553121822372, 319.5580789786077], [300.3624774923279, 293.39647096936073, 293.3966959409615, 293.39845504839377, 293.38950660283615, 293.3616553330854, 293.32970352118923, 293.8714189786657, 293.3098889541281, 293.3214917350743, 293.33900834372946, 293.3583028541768, 293.37819756916855, 295.1733553889313, 311.286591883188, 331.4530671387803, 331.75146726620085, 328.55107474198644, 330.5079387313093, 331.6752814867157, 303.5211013975933, 312.8239915203809, 318.87589975846134, 319.2707084559094]]
tau_S_in = [[343.2090532200433, 343.95781755967835, 348.56445080571586, 347.61574111679295, 343.15000001109365, 353.962241079184, 352.2501282096132, 349.09500402688406, 349.8408466048138, 355.2477189794151, 362.43229510827143, 368.1496867135661, 372.7870022512437, 373.1499999831814, 373.1499999794148, 373.149999984723, 373.14999998848936, 373.1499999921013, 373.1499999944012, 365.8520212524264, 362.92396021709305, 363.2403783566274, 363.1396485156921, 363.15], [343.2090532200433, 343.95781755967835, 348.56445080571586, 347.61574111679295, 343.15000001109365, 353.962241079184, 352.2501282096132, 349.09500402688406, 349.8408466048138, 355.2477189794151, 362.43229510827143, 368.1496867135661, 372.7870022512437, 373.1499999831814, 373.1499999794148, 373.149999984723, 373.14999998848936, 373.1499999921013, 373.1499999944012, 365.8520212524264, 362.92396021709305, 363.2403783566274, 363.1396485156921, 363.15], [345.91393740838316, 343.6210476912642, 347.32068855973665, 347.5956898717478, 343.8769639816144, 351.513145575121, 352.3601587948625, 349.4736933804861, 349.49335819998436, 353.8359810857063, 360.32703620649227, 366.230812883162, 371.10212441706534, 372.6421044758061, 372.7424806202032, 372.76722291077084, 372.8086497516878, 372.8113157259402, 372.7954209987738, 367.0551005577172, 363.05928862599797, 362.97782287858143, 362.92469020941354, 362.9324590815281], [348.1332942221101, 343.7649896083216, 346.08261799274374, 347.0848138746441, 344.24302343984783, 349.52060031559944, 351.76137903000944, 349.6112489388096, 349.1003389638928, 352.45130051652745, 358.14554220586496, 363.946301578094, 369.0056694958742, 371.4448996576383, 371.9408439553417, 371.9862005187353, 372.04760539705967, 372.0835347155957, 372.0553196525309, 367.6723406244473, 363.1083179049652, 362.6119429396317, 362.4948907729176, 362.518194107889], [350.0530108672499, 344.25153687644365, 345.06304570881076, 346.31633828390864, 344.3254195958525, 347.9379366650864, 350.8030456394927, 349.5206552389721, 348.72116682439906, 351.19857368778156, 356.0825011079085, 361.5716728760489, 366.70843056809525, 369.8340532787767, 370.8587666522328, 371.02747016886315, 371.08751893949017, 371.16312382963736, 371.15936737043444, 367.7975691472204, 363.14616685056944, 362.2553863449078, 362.00611331687224, 362.0098595127955], [350.0530108672499, 344.25153687644365, 345.06304570881076, 346.31633828390864, 344.3254195958525, 347.9379366650864, 350.8030456394927, 349.5206552389721, 348.72116682439906, 351.19857368778156, 356.0825011079085, 361.5716728760489, 366.70843056809525, 369.8340532787767, 370.8587666522328, 371.02747016886315, 371.08751893949017, 371.16312382963736, 371.15936737043444, 367.7975691472204, 363.14616685056944, 362.2553863449078, 362.00611331687224, 362.0098595127955], [345.91393740838316, 343.6210476912642, 347.32068855973665, 347.5956898717478, 343.8769639816144, 351.513145575121, 352.3601587948625, 349.4736933804861, 349.49335819998436, 353.8359810857063, 360.32703620649227, 366.230812883162, 371.10212441706534, 372.6421044758061, 372.7424806202032, 372.76722291077084, 372.8086497516878, 372.8113157259402, 372.7954209987738, 367.0551005577172, 363.05928862599797, 362.97782287858143, 362.92469020941354, 362.9324590815281], [348.11547119655734, 343.8230853133029, 346.14462002155824, 347.15245280897267, 344.3074371675151, 349.5969648875182, 351.8290535441075, 349.67161447095924, 349.158027109566, 352.52327885498016, 358.24850594450004, 364.06666051144106, 369.11888385369326, 371.55888522035735, 372.05546976406447, 372.12360636145814, 372.22000616116196, 372.2287143887951, 372.16624733503704, 367.6151203760869, 363.2076707960653, 362.67338029864885, 362.5654145992453, 362.579655149877], [350.00289130922005, 344.39656723858076, 345.2177415705137, 346.4860470215128, 344.48982622592064, 348.116559107441, 350.97572803060456, 349.6759564311174, 348.8689273570903, 351.372106943152, 356.3185998580585, 361.8603272424457, 366.9951818438487, 370.12319230988237, 371.15066114412224, 371.33619432444493, 371.4279778025414, 371.48611313897254, 371.4490604060079, 367.81603338988475, 363.3647029822801, 362.3967345664293, 362.1534719313752, 362.16722208657416], [351.6268111131747, 345.1496790843385, 344.52591008751574, 345.6713064016425, 344.39617879992323, 346.8915374383449, 349.9201329672929, 349.4323098480582, 348.54831875446536, 350.31993682664836, 354.4952874736575, 359.62381747627126, 364.7071944736435, 368.3371346256806, 369.9309277086983, 370.34586452272765, 370.46883034785316, 370.5698689039599, 370.5672915476639, 367.6850447181711, 363.47001794247626, 362.11187238643157, 361.66247486552277, 361.66113538463674], [351.6268111131747, 345.1496790843385, 344.52591008751574, 345.6713064016425, 344.39617879992323, 346.8915374383449, 349.9201329672929, 349.4323098480582, 348.54831875446536, 350.31993682664836, 354.4952874736575, 359.62381747627126, 364.7071944736435, 368.3371346256806, 369.9309277086983, 370.34586452272765, 370.46883034785316, 370.5698689039599, 370.5672915476639, 367.6850447181711, 363.47001794247626, 362.11187238643157, 361.66247486552277, 361.66113538463674], [343.2090532200433, 343.95781755967835, 348.56445080571586, 347.61574111679295, 343.15000001109365, 353.962241079184, 352.2501282096132, 349.09500402688406, 349.8408466048138, 355.2477189794151, 362.43229510827143, 368.1496867135661, 372.7870022512437, 373.1499999831814, 373.1499999794148, 373.149999984723, 373.14999998848936, 373.1499999921013, 373.1499999944012, 365.8520212524264, 362.92396021709305, 363.2403783566274, 363.1396485156921, 363.15], [346.24141923445916, 343.6951257454614, 347.36069102040443, 347.69617445212845, 344.0437742847824, 352.04347045513464, 352.41502860404603, 349.48516195227586, 349.61892579335637, 354.2134215133032, 360.9840454844253, 366.9152516373846, 371.73643192106675, 372.9242991673147, 372.99933490273617, 373.01183939419025, 373.0227172735421, 373.02374002222865, 373.01194141078287, 366.8446381232989, 363.16497121398214, 363.05162499379463, 363.01358226824317, 363.0189727177325], [348.33566665557976, 344.0320168721142, 346.3573266549128, 347.35502683902087, 344.56358769105464, 350.1612642008212, 352.0814952658105, 349.7879993455888, 349.35459348115864, 352.9557386883454, 358.9841291002354, 364.92007815963115, 369.9444140507612, 372.12185671779105, 372.5039028532795, 372.5968453160276, 372.6831201896094, 372.6665874462581, 372.6207508880781, 367.50546593984893, 363.3905224868775, 362.83191679497355, 362.74248271499096, 362.765522559567], [350.1252220825206, 344.75305074773684, 345.559393799168, 346.83301327730896, 344.8737910299466, 348.75487867946214, 351.42801403587566, 349.94844480743836, 349.17635170792244, 351.8957270799978, 357.16170831177635, 362.9057387966711, 368.06341728274845, 371.00460261417703, 371.88016278857475, 372.1111934529539, 372.26755409706436, 372.2347437917118, 372.17376091883085, 367.93289622935623, 363.6540066962914, 362.67983877183127, 362.46270028331475, 362.4881494968125], [351.64342253931886, 345.68260722879177, 345.06381443606006, 346.2214883375786, 344.9742186764069, 347.6718436861055, 350.60567762256153, 349.9277908152053, 349.0336702336717, 350.99926345532674, 355.50838938354775, 360.91852312272295, 366.10356840484843, 369.6250540813535, 371.06490258429653, 371.5118535567274, 371.7369677892654, 371.73447664983524, 371.6879700985898, 368.1620946254639, 363.92019706889255, 362.5782408309687, 362.16392301908934, 362.1800079474317], [352.70163533544223, 346.37954797941467, 344.49166653507314, 345.2432028160623, 344.53673984093666, 346.45732617591466, 349.366896658047, 349.39937851081595, 348.5606503626569, 349.8814503000544, 353.5912946711884, 358.48565610331065, 363.51775465891814, 367.4173987988594, 369.40645941108806, 370.1188218800257, 370.40867650035244, 370.5104806725793, 370.5742438692652, 367.8166259883295, 363.90384863031215, 362.19802950468267, 361.5151237670389, 361.49615155137303], [351.64342253931886, 345.68260722879177, 345.06381443606006, 346.2214883375786, 344.9742186764069, 347.6718436861055, 350.60567762256153, 349.9277908152053, 349.0336702336717, 350.99926345532674, 355.50838938354775, 360.91852312272295, 366.10356840484843, 369.6250540813535, 371.06490258429653, 371.5118535567274, 371.7369677892654, 371.73447664983524, 371.6879700985898, 368.1620946254639, 363.92019706889255, 362.5782408309687, 362.16392301908934, 362.1800079474317], [352.7448759324082, 346.56938234089466, 344.6716269055762, 345.43697329730514, 344.7227254723037, 346.63627247767414, 349.5486973979642, 349.57098321788783, 348.72818015139364, 350.0663236067586, 353.82016084961487, 358.76708369970663, 363.8209194023323, 367.73657728722634, 369.73275291193454, 370.4478101326478, 370.73848374111924, 370.8302055195201, 370.91420719752824, 368.06462678402596, 364.0443387167045, 362.3533484936216, 361.64150896513416, 361.67383935506604], [353.5803428672283, 347.31284686602334, 344.37244074611397, 344.5730270992908, 344.1891691872948, 345.59843574030737, 348.3453477934131, 348.92654674462773, 348.252296670613, 349.0996311467398, 352.13688036044067, 356.5452367317321, 361.3211485234378, 365.4489684997666, 367.9411533058762, 368.996676625307, 369.41318380498615, 369.6080205684843, 369.9110597257215, 367.7449048189636, 364.0193703121071, 362.0292674605017, 360.9976963458787, 360.99436289820216], [346.24141923445916, 343.6951257454614, 347.36069102040443, 347.69617445212845, 344.0437742847824, 352.04347045513464, 352.41502860404603, 349.48516195227586, 349.61892579335637, 354.2134215133032, 360.9840454844253, 366.9152516373846, 371.73643192106675, 372.9242991673147, 372.99933490273617, 373.01183939419025, 373.0227172735421, 373.02374002222865, 373.01194141078287, 366.8446381232989, 363.16497121398214, 363.05162499379463, 363.01358226824317, 363.0189727177325], [349.09816822665215, 344.04498743770154, 346.23175285315796, 347.37717952707914, 344.73003697429135, 350.69748770406545, 352.22078657917007, 349.7617251192135, 349.4672662081475, 353.3946826094471, 359.785371295651, 365.8141462287589, 370.79476637172047, 372.5733038468984, 372.817473587526, 372.8466321194892, 372.8644003551869, 372.87051002428944, 372.8455455014195, 367.5723949939122, 363.45151031794495, 362.89519394185913, 362.81528551420354, 362.8300725696075], [351.5039788687912, 344.8838404684782, 345.4598439352803, 346.83398309556924, 345.1583237058439, 349.66259713112487, 351.86423616822833, 349.95965127821626, 349.3706756752615, 352.6886767639551, 358.67970914889554, 364.73197618694286, 369.8557864320671, 372.14876627953566, 372.6087125983075, 372.67148939575947, 372.6971413585943, 372.7080979472137, 372.6751864183674, 368.1341222969433, 363.7844452117433, 362.8145432452063, 362.6064065626007, 362.6303857153131], [353.52078204865865, 346.1074775710099, 345.07457152454066, 346.2113506214991, 345.3288123273293, 348.8435762590026, 351.41881583807907, 350.0695506429067, 349.3075163717923, 352.08235744046397, 357.6678537928046, 363.683898513083, 368.9266584077165, 371.6536400029821, 372.3634778052855, 372.48318699423425, 372.51953566683227, 372.5351051882697, 372.49926794780646, 368.55988853610774, 364.1377017928599, 362.8122990962458, 362.39492386884996, 362.41811407417276], [355.2023165864645, 347.6175202020673, 345.07866981289595, 345.62562633230544, 345.2772560174246, 348.1638103048863, 350.93100278614224, 350.09424609616383, 349.2587884257081, 351.5618798960591, 356.7483623596272, 362.6822771711149, 368.01607271650073, 371.0993734921915, 372.0766891742626, 372.2774879595617, 372.3295990640808, 372.3497128500851, 372.31611119330427, 368.87350297011346, 364.4917324405215, 362.8884426228795, 362.18346475100464, 362.19093123104534], [355.2023165864645, 347.6175202020673, 345.07866981289595, 345.62562633230544, 345.2772560174246, 348.1638103048863, 350.93100278614224, 350.09424609616383, 349.2587884257081, 351.5618798960591, 356.7483623596272, 362.6822771711149, 368.01607271650073, 371.0993734921915, 372.0766891742626, 372.2774879595617, 372.3295990640808, 372.3497128500851, 372.31611119330427, 368.87350297011346, 364.4917324405215, 362.8884426228795, 362.18346475100464, 362.19093123104534], [365.7199266027957, 362.32764319896177, 360.5460716251318, 359.8205082966964, 356.8478972777893, 346.7630574073344, 349.1223624125674, 348.789057411671, 348.10594866997695, 349.6832678706704, 353.64257647694166, 358.420780387685, 362.8395347229008, 365.5791371213433, 366.5830438108379, 366.82276703339267, 366.8798379975165, 366.89939491859275, 366.8771533687107, 364.39460625901665, 361.41323638407295, 362.3791577270069, 362.34599397711463, 362.3393331581722], [364.73558168990013, 362.6238237346276, 360.54774291191626, 359.60712000117235, 357.0759091836523, 348.0168672830646, 348.55228551006235, 348.61347790159607, 347.9819967829729, 349.2048482543938, 352.7747035990992, 357.36388606622734, 361.8263694693817, 364.8299523072581, 366.1208986041752, 366.4926349404205, 366.5852904941364, 366.6163491854575, 366.60071249256305, 364.4805126479772, 361.5655977828643, 361.9009225235756, 362.0253358416281, 362.03176959677637], [363.73940023238356, 362.62494633471124, 360.5643246651781, 359.35329633696915, 357.125200716116, 349.1519356603133, 348.201236660047, 348.3485646069313, 347.8210883405976, 348.72132382917675, 351.8819372152515, 356.221315595445, 360.6874319923389, 363.9360031773772, 365.5373040777055, 366.11144916210645, 366.2754983061275, 366.3129370846033, 366.3039728959817, 364.47491701375776, 361.6617871765216, 361.5286768799819, 361.6493020287889, 361.68294858060665], [362.7211333550729, 362.28540030610475, 360.4638527531822, 359.02846165766863, 357.024748776621, 350.1279747657169, 348.0155537509448, 348.016784089989, 347.5890497619696, 348.1935445237542, 350.9159389372978, 354.91909136577067, 359.3341888204594, 362.81189836786155, 364.7932801486659, 365.6610239120194, 365.9428814982165, 365.9952780262352, 365.99197837587377, 364.3900049890834, 361.70403330906663, 361.2098294919163, 361.2368391545688, 361.2751716049647], [362.7211333550729, 362.28540030610475, 360.4638527531822, 359.02846165766863, 357.024748776621, 350.1279747657169, 348.0155537509448, 348.016784089989, 347.5890497619696, 348.1935445237542, 350.9159389372978, 354.91909136577067, 359.3341888204594, 362.81189836786155, 364.7932801486659, 365.6610239120194, 365.9428814982165, 365.9952780262352, 365.99197837587377, 364.3900049890834, 361.70403330906663, 361.2098294919163, 361.2368391545688, 361.2751716049647], [361.4094655028973, 361.2702339770704, 359.8536303842514, 358.3302977095742, 356.50994292837424, 350.6742922559567, 347.7613833195824, 347.4610235204247, 347.1200984533384, 347.41735934081987, 349.5591354577974, 353.0821143507287, 357.31005497269115, 361.011504820027, 363.5479971422791, 364.91151502158027, 365.3971731630163, 365.4723118676727, 365.475718608463, 364.07678445781465, 361.5356836489859, 360.73251727945785, 360.5897913191768, 360.5991448692623], [365.7199266027957, 362.32764319896177, 360.5460716251318, 359.8205082966964, 356.8478972777893, 346.7630574073344, 349.1223624125674, 348.789057411671, 348.10594866997695, 349.6832678706704, 353.64257647694166, 358.420780387685, 362.8395347229008, 365.5791371213433, 366.5830438108379, 366.82276703339267, 366.8798379975165, 366.89939491859275, 366.8771533687107, 364.39460625901665, 361.41323638407295, 362.3791577270069, 362.34599397711463, 362.3393331581722], [364.6800220494415, 362.56774091589295, 360.48607100360215, 359.5829763994425, 357.05131379556116, 347.93526975229213, 348.5112149214422, 348.57893009442967, 347.9537630582509, 349.2108651288443, 352.8309063612949, 357.518340052957, 361.96836355907453, 364.9187407063735, 366.1394952533467, 366.46785018079675, 366.540294721931, 366.5561260928102, 366.53954638596446, 364.4404784946913, 361.56705002495306, 361.8669382543524, 361.9957497850881, 361.9891520731986], [363.5979771611802, 362.47397140405496, 360.41590649296637, 359.2743431868222, 357.05692632693535, 348.9911575870665, 348.0993852868043, 348.26286589464496, 347.7560162300361, 348.71981516251174, 351.9878173055884, 356.5553214986074, 361.01891543805885, 364.1577016852732, 365.59358750035693, 366.06290758717716, 366.18259839351686, 366.1924521074515, 366.1789926680495, 364.3783719842167, 361.6406675608614, 361.4491671607535, 361.5753235360359, 361.57978515681975], [362.4055328588318, 361.95988455601315, 360.16040480679914, 358.77781486533905, 356.8316315427239, 349.8629961930243, 347.8216453978503, 347.84729704653085, 347.47534785521174, 348.15903486401936, 351.0554874137854, 355.48084576944285, 359.93786476295696, 363.24245014557675, 364.91116796670036, 365.57974169586, 365.7882060094324, 365.80130923087376, 365.7907348049503, 364.2198029430642, 361.6385344181677, 361.0264882961907, 361.0716407708033, 361.0774608500985], [361.13056600858476, 360.95370210589635, 359.5500643865962, 358.07005446274303, 356.30508731757254, 350.5269216022153, 347.52346119874727, 347.291684920605, 346.99792426124395, 347.36854415422124, 349.83952397195566, 354.13145935110157, 358.5639601643302, 362.00772530966987, 363.97407385241166, 364.9151122063607, 365.2521381859684, 365.2837187037088, 365.27603899427544, 363.9039631507892, 361.4821471967287, 360.46537494444567, 360.4025538859027, 360.4031449299179]]
tau_S_mix = [[343.2090532200433, 343.95781755967835, 348.56445080571586, 347.61574111679295, 343.15000001109365, 353.962241079184, 352.2501282096132, 349.09500402688406, 349.8408466048138, 355.2477189794151, 362.43229510827143, 368.1496867135661, 372.7870022512437, 373.1499999831814, 373.1499999794148, 373.149999984723, 373.14999998848936, 373.1499999921013, 373.1499999944012, 365.8520212524264, 362.92396021709305, 363.2403783566274, 363.1396485156921, 363.15], [344.83308116171605, 343.1500000120839, 346.6219376436657, 346.76438743992435, 343.1500000041654, 350.3547397033189, 351.32336253985886, 348.5494250207593, 348.59827648341394, 352.7342042634103, 358.85490473933527, 364.5756311586712, 369.35103341443624, 370.8636525544303, 370.96203399545357, 370.96203402048127, 370.9620340576236, 371.01238499223314, 371.0309580217951, 365.82829896710456, 361.88499699889707, 362.04053763442016, 361.85671637459035, 361.9773456915223], [345.91393740838316, 343.6210476912642, 347.32068855973665, 347.5956898717478, 343.8769639816144, 351.513145575121, 352.3601587948625, 349.4736933804861, 349.49335819998436, 353.8359810857063, 360.32703620649227, 366.230812883162, 371.10212441706534, 372.6421044758061, 372.7424806202032, 372.76722291077084, 372.8086497516878, 372.8113157259402, 372.7954209987738, 367.0551005577172, 363.05928862599797, 362.97782287858143, 362.92469020941354, 362.9324590815281], [348.1332942221101, 343.7649896083216, 346.08261799274374, 347.0848138746441, 344.24302343984783, 349.52060031559944, 351.76137903000944, 349.6112489388096, 349.1003389638928, 352.45130051652745, 358.14554220586496, 363.946301578094, 369.0056694958742, 371.4448996576383, 371.9408439553417, 371.9862005187353, 372.04760539705967, 372.0835347155957, 372.0553196525309, 367.6723406244473, 363.1083179049652, 362.6119429396317, 362.4948907729176, 362.518194107889], [351.6268111131747, 345.1496790843385, 344.52591008751574, 345.6713064016425, 344.39617879992323, 346.8915374383449, 349.9201329672929, 349.4323098480582, 348.54831875446536, 350.31993682664836, 354.4952874736575, 359.62381747627126, 364.7071944736435, 368.3371346256806, 369.9309277086983, 370.34586452272765, 370.46883034785316, 370.5698689039599, 370.5672915476639, 367.6850447181711, 363.47001794247626, 362.11187238643157, 361.66247486552277, 361.66113538463674], [352.6114488000874, 345.3504726158003, 343.49457558743177, 344.2331707920331, 343.503461052685, 345.27250084074115, 348.2169489540602, 348.430301816467, 347.6424672883465, 348.77850976016276, 352.1129653461143, 356.61922387486356, 361.3962665109218, 365.282369097657, 367.3892622842041, 368.1136109828507, 368.33363811048395, 368.52474449897136, 368.57340137914423, 366.5873134597381, 363.097694503693, 361.3057987687287, 360.52634749218674, 360.51030511998334], [346.24141923445916, 343.6951257454614, 347.36069102040443, 347.69617445212845, 344.0437742847824, 352.04347045513464, 352.41502860404603, 349.48516195227586, 349.61892579335637, 354.2134215133032, 360.9840454844253, 366.9152516373846, 371.73643192106675, 372.9242991673147, 372.99933490273617, 373.01183939419025, 373.0227172735421, 373.02374002222865, 373.01194141078287, 366.8446381232989, 363.16497121398214, 363.05162499379463, 363.01358226824317, 363.0189727177325], [348.33566665557976, 344.0320168721142, 346.3573266549128, 347.35502683902087, 344.56358769105464, 350.1612642008212, 352.0814952658105, 349.7879993455888, 349.35459348115864, 352.9557386883454, 358.9841291002354, 364.92007815963115, 369.9444140507612, 372.12185671779105, 372.5039028532795, 372.5968453160276, 372.6831201896094, 372.6665874462581, 372.6207508880781, 367.50546593984893, 363.3905224868775, 362.83191679497355, 362.74248271499096, 362.765522559567], [350.1252220825206, 344.75305074773684, 345.559393799168, 346.83301327730896, 344.8737910299466, 348.75487867946214, 351.42801403587566, 349.94844480743836, 349.17635170792244, 351.8957270799978, 357.16170831177635, 362.9057387966711, 368.06341728274845, 371.00460261417703, 371.88016278857475, 372.1111934529539, 372.26755409706436, 372.2347437917118, 372.17376091883085, 367.93289622935623, 363.6540066962914, 362.67983877183127, 362.46270028331475, 362.4881494968125], [349.09816822665215, 344.04498743770154, 346.23175285315796, 347.37717952707914, 344.73003697429135, 350.69748770406545, 352.22078657917007, 349.7617251192135, 349.4672662081475, 353.3946826094471, 359.785371295651, 365.8141462287589, 370.79476637172047, 372.5733038468984, 372.817473587526, 372.8466321194892, 372.8644003551869, 372.87051002428944, 372.8455455014195, 367.5723949939122, 363.45151031794495, 362.89519394185913, 362.81528551420354, 362.8300725696075], [351.5039788687912, 344.8838404684782, 345.4598439352803, 346.83398309556924, 345.1583237058439, 349.66259713112487, 351.86423616822833, 349.95965127821626, 349.3706756752615, 352.6886767639551, 358.67970914889554, 364.73197618694286, 369.8557864320671, 372.14876627953566, 372.6087125983075, 372.67148939575947, 372.6971413585943, 372.7080979472137, 372.6751864183674, 368.1341222969433, 363.7844452117433, 362.8145432452063, 362.6064065626007, 362.6303857153131], [353.52078204865865, 346.1074775710099, 345.07457152454066, 346.2113506214991, 345.3288123273293, 348.8435762590026, 351.41881583807907, 350.0695506429067, 349.3075163717923, 352.08235744046397, 357.6678537928046, 363.683898513083, 368.9266584077165, 371.6536400029821, 372.3634778052855, 372.48318699423425, 372.51953566683227, 372.5351051882697, 372.49926794780646, 368.55988853610774, 364.1377017928599, 362.8122990962458, 362.39492386884996, 362.41811407417276], [355.2023165864645, 347.6175202020673, 345.07866981289595, 345.62562633230544, 345.2772560174246, 348.1638103048863, 350.93100278614224, 350.09424609616383, 349.2587884257081, 351.5618798960591, 356.7483623596272, 362.6822771711149, 368.01607271650073, 371.0993734921915, 372.0766891742626, 372.2774879595617, 372.3295990640808, 372.3497128500851, 372.31611119330427, 368.87350297011346, 364.4917324405215, 362.8884426228795, 362.18346475100464, 362.19093123104534], [355.11760089723504, 348.3283051305396, 344.414600717581, 344.2937518746204, 344.16384367174595, 346.4156496975711, 349.2269572122066, 349.12939220845266, 348.32073498904725, 349.86077533087183, 354.00892106445343, 359.2757088709055, 364.51907168747607, 368.12560952170554, 370.0266655753443, 370.9605015821672, 371.33942049329886, 371.4067341967406, 371.3845198198507, 368.3796097805552, 364.15444561716856, 361.9365376258508, 360.75878362990824, 361.03233512411816], [365.7199266027957, 362.32764319896177, 360.5460716251318, 359.8205082966964, 356.8478972777893, 346.7630574073344, 349.1223624125674, 348.789057411671, 348.10594866997695, 349.6832678706704, 353.64257647694166, 358.420780387685, 362.8395347229008, 365.5791371213433, 366.5830438108379, 366.82276703339267, 366.8798379975165, 366.89939491859275, 366.8771533687107, 364.39460625901665, 361.41323638407295, 362.3791577270069, 362.34599397711463, 362.3393331581722], [364.6800220494415, 362.56774091589295, 360.48607100360215, 359.5829763994425, 357.05131379556116, 347.93526975229213, 348.5112149214422, 348.57893009442967, 347.9537630582509, 349.2108651288443, 352.8309063612949, 357.518340052957, 361.96836355907453, 364.9187407063735, 366.1394952533467, 366.46785018079675, 366.540294721931, 366.5561260928102, 366.53954638596446, 364.4404784946913, 361.56705002495306, 361.8669382543524, 361.9957497850881, 361.9891520731986], [364.73558168990013, 362.6238237346276, 360.54774291191626, 359.60712000117235, 357.0759091836523, 348.0168672830646, 348.55228551006235, 348.61347790159607, 347.9819967829729, 349.2048482543938, 352.7747035990992, 357.36388606622734, 361.8263694693817, 364.8299523072581, 366.1208986041752, 366.4926349404205, 366.5852904941364, 366.6163491854575, 366.60071249256305, 364.4805126479772, 361.5655977828643, 361.9009225235756, 362.0253358416281, 362.03176959677637], [363.73940023238356, 362.62494633471124, 360.5643246651781, 359.35329633696915, 357.125200716116, 349.1519356603133, 348.201236660047, 348.3485646069313, 347.8210883405976, 348.72132382917675, 351.8819372152515, 356.221315595445, 360.6874319923389, 363.9360031773772, 365.5373040777055, 366.11144916210645, 366.2754983061275, 366.3129370846033, 366.3039728959817, 364.47491701375776, 361.6617871765216, 361.5286768799819, 361.6493020287889, 361.68294858060665], [362.7211333550729, 362.28540030610475, 360.4638527531822, 359.02846165766863, 357.024748776621, 350.1279747657169, 348.0155537509448, 348.016784089989, 347.5890497619696, 348.1935445237542, 350.9159389372978, 354.91909136577067, 359.3341888204594, 362.81189836786155, 364.7932801486659, 365.6610239120194, 365.9428814982165, 365.9952780262352, 365.99197837587377, 364.3900049890834, 361.70403330906663, 361.2098294919163, 361.2368391545688, 361.2751716049647], [360.77596276148563, 360.4796551083498, 359.07798075200776, 357.57282708894644, 355.7930111355548, 350.1822498827232, 347.25840692694715, 346.97938345576387, 346.64135277275756, 346.9623759256928, 349.0341662972011, 352.4666780869038, 356.45027462280524, 359.9608430352628, 362.55537506416493, 364.2388990053709, 364.98393730424397, 365.08130326416045, 365.0851405080462, 363.726329434816, 361.1962329180223, 360.00203848529446, 359.7367553707292, 360.12999886642564], [361.4094655028973, 361.2702339770704, 359.8536303842514, 358.3302977095742, 356.50994292837424, 350.6742922559567, 347.7613833195824, 347.4610235204247, 347.1200984533384, 347.41735934081987, 349.5591354577974, 353.0821143507287, 357.31005497269115, 361.011504820027, 363.5479971422791, 364.91151502158027, 365.3971731630163, 365.4723118676727, 365.475718608463, 364.07678445781465, 361.5356836489859, 360.73251727945785, 360.5897913191768, 360.5991448692623], [359.6680122143309, 359.4220888669699, 358.3823256629929, 356.9154703772299, 355.2478580977522, 350.5065712419613, 347.1520162647408, 346.49013909478475, 346.1725487211702, 346.27332551513246, 347.8629525688209, 350.8412879863229, 354.59999160675204, 358.1690885654667, 361.37481268264594, 363.60835476888866, 364.4770097840622, 364.5858304163806, 364.5979297452892, 363.39247754981426, 361.01258403763245, 359.78934794829695, 359.3504471535046, 359.4638814515267], [352.6114488000873, 345.35047261580024, 343.49457558743177, 344.2331707920331, 343.503461052685, 345.27250084074115, 348.2169489540602, 348.430301816467, 347.6424672883465, 348.77850976016276, 352.11296534611427, 356.6192238748636, 361.3962665109218, 365.282369097657, 367.3892622842041, 368.1136109828507, 368.33363811048395, 368.5247444989713, 368.5734013791442, 366.587313459738, 363.097694503693, 361.3057987687287, 360.52634749218674, 360.51030511998334], [350.00289130922005, 344.39656723858076, 345.2177415705137, 346.4860470215128, 344.48982622592064, 348.116559107441, 350.97572803060456, 349.6759564311174, 348.8689273570903, 351.372106943152, 356.3185998580585, 361.8603272424457, 366.9951818438487, 370.12319230988237, 371.15066114412224, 371.33619432444493, 371.4279778025414, 371.48611313897254, 371.4490604060079, 367.81603338988475, 363.3647029822801, 362.3967345664293, 362.1534719313752, 362.16722208657416], [348.11547119655734, 343.8230853133029, 346.14462002155824, 347.15245280897267, 344.3074371675151, 349.5969648875182, 351.8290535441075, 349.67161447095924, 349.158027109566, 352.52327885498016, 358.24850594450004, 364.06666051144106, 369.11888385369326, 371.55888522035735, 372.05546976406447, 372.12360636145814, 372.22000616116196, 372.2287143887951, 372.16624733503704, 367.6151203760869, 363.2076707960653, 362.67338029864885, 362.5654145992453, 362.579655149877], [350.0530108672499, 344.25153687644365, 345.06304570881076, 346.31633828390864, 344.3254195958525, 347.9379366650864, 350.8030456394927, 349.5206552389721, 348.72116682439906, 351.19857368778156, 356.0825011079085, 361.5716728760489, 366.70843056809525, 369.8340532787767, 370.8587666522328, 371.02747016886315, 371.08751893949017, 371.16312382963736, 371.15936737043444, 367.7975691472204, 363.14616685056944, 362.2553863449078, 362.00611331687224, 362.0098595127955], [351.3292737441046, 344.35777016581306, 343.7276790295271, 344.82960926540153, 343.57422285457494, 346.0647709960975, 349.0894126337121, 348.6507959241284, 347.79363010888153, 349.4803402899351, 353.4518904377207, 358.3506635285989, 363.3100829946309, 366.87957908553386, 368.4487794836528, 368.84538161632764, 368.9455981419685, 369.09471132350643, 369.1334991523432, 366.7229258478126, 362.62408688297904, 361.34505485872734, 360.80923289927523, 360.85391758750023], [351.3292737441045, 344.35777016581306, 343.727679029527, 344.8296092654015, 343.57422285457494, 346.0647709960976, 349.0894126337121, 348.6507959241284, 347.79363010888153, 349.4803402899351, 353.4518904377207, 358.3506635285989, 363.3100829946309, 366.87957908553386, 368.4487794836528, 368.84538161632764, 368.9455981419685, 369.0947113235064, 369.1334991523431, 366.7229258478126, 362.62408688297904, 361.3450548587273, 360.80923289927523, 360.85391758750023], [351.64342253931886, 345.68260722879177, 345.06381443606006, 346.2214883375786, 344.9742186764069, 347.6718436861055, 350.60567762256153, 349.9277908152053, 349.0336702336717, 350.99926345532674, 355.50838938354775, 360.91852312272295, 366.10356840484843, 369.6250540813535, 371.06490258429653, 371.5118535567274, 371.7369677892654, 371.73447664983524, 371.6879700985898, 368.1620946254639, 363.92019706889255, 362.5782408309687, 362.16392301908934, 362.1800079474317], [352.70163533544223, 346.37954797941467, 344.49166653507314, 345.2432028160623, 344.53673984093666, 346.45732617591466, 349.366896658047, 349.39937851081595, 348.5606503626569, 349.8814503000544, 353.5912946711884, 358.48565610331065, 363.51775465891814, 367.4173987988594, 369.40645941108806, 370.1188218800257, 370.40867650035244, 370.5104806725793, 370.5742438692652, 367.8166259883295, 363.90384863031215, 362.19802950468267, 361.5151237670389, 361.49615155137303], [353.4623215392171, 346.51064979693666, 343.7127657081009, 343.8955162176955, 343.52471966379534, 344.96284368092233, 347.7086989828166, 348.31018448496087, 347.6472903945467, 348.44594561108426, 351.35988088719057, 355.6097563139346, 360.26322881648537, 364.31189626233805, 366.7704169100803, 367.8114781817566, 368.23205717689467, 368.4686628829442, 368.8184978815901, 366.953682730781, 363.51748328694293, 361.53628795544245, 360.5753965373475, 360.34773964925597], [352.7448759324082, 346.56938234089466, 344.6716269055762, 345.43697329730514, 344.7227254723037, 346.63627247767414, 349.5486973979642, 349.57098321788783, 348.72818015139364, 350.0663236067586, 353.82016084961487, 358.76708369970663, 363.8209194023323, 367.73657728722634, 369.73275291193454, 370.4478101326478, 370.73848374111924, 370.8302055195201, 370.91420719752824, 368.06462678402596, 364.0443387167045, 362.3533484936216, 361.64150896513416, 361.67383935506604], [353.5803428672283, 347.31284686602334, 344.37244074611397, 344.5730270992908, 344.1891691872948, 345.59843574030737, 348.3453477934131, 348.92654674462773, 348.252296670613, 349.0996311467398, 352.13688036044067, 356.5452367317321, 361.3211485234378, 365.4489684997666, 367.9411533058762, 368.996676625307, 369.41318380498615, 369.6080205684843, 369.9110597257215, 367.7449048189636, 364.0193703121071, 362.0292674605017, 360.9976963458787, 360.99436289820216], [354.1121705321292, 347.3602905431031, 343.8083584118698, 343.3883043138381, 343.1500000015396, 344.2321988133488, 346.7606256633561, 347.76175219968525, 347.32109854624156, 347.7873158174672, 350.12642166815783, 353.90313776125583, 358.2173206874827, 362.3321152234632, 365.2043743452429, 366.62360801073737, 367.24171790099365, 367.5889587452608, 368.40430874849824, 367.0611364147027, 363.6097359587632, 361.30645461209156, 359.89354328126194, 359.85330630391127], [363.5979771611802, 362.47397140405496, 360.41590649296637, 359.2743431868222, 357.05692632693535, 348.9911575870665, 348.0993852868043, 348.26286589464496, 347.7560162300361, 348.71981516251174, 351.9878173055884, 356.5553214986074, 361.01891543805885, 364.1577016852732, 365.59358750035693, 366.06290758717716, 366.18259839351686, 366.1924521074515, 366.1789926680495, 364.3783719842167, 361.6406675608614, 361.4491671607535, 361.5753235360359, 361.57978515681975], [362.4055328588318, 361.95988455601315, 360.16040480679914, 358.77781486533905, 356.8316315427239, 349.8629961930243, 347.8216453978503, 347.84729704653085, 347.47534785521174, 348.15903486401936, 351.0554874137854, 355.48084576944285, 359.93786476295696, 363.24245014557675, 364.91116796670036, 365.57974169586, 365.7882060094324, 365.80130923087376, 365.7907348049503, 364.2198029430642, 361.6385344181677, 361.0264882961907, 361.0716407708033, 361.0774608500985], [361.13056600858476, 360.95370210589635, 359.5500643865962, 358.07005446274303, 356.30508731757254, 350.5269216022153, 347.52346119874727, 347.291684920605, 346.99792426124395, 347.36854415422124, 349.83952397195566, 354.13145935110157, 358.5639601643302, 362.00772530966987, 363.97407385241166, 364.9151122063607, 365.2521381859684, 365.2837187037088, 365.27603899427544, 363.9039631507892, 361.4821471967287, 360.46537494444567, 360.4025538859027, 360.4031449299179], [359.4188907589492, 359.1294058767643, 358.0896050278457, 356.6543219892009, 355.03677112744475, 350.35202462072857, 346.93631109414247, 346.3150281516635, 346.04623098133413, 346.2128747984436, 348.0628693466702, 351.66184275169456, 355.72683665533754, 359.1955120700942, 361.8972828729106, 363.65775899623696, 364.3510054723884, 364.4026048195297, 364.3997655449781, 363.2183056437413, 360.7880803233338, 359.14376327486445, 359.2635700407929, 359.27075451434894]]
tau_S_out = [[344.83308116171605, 343.1500000120839, 346.6219376436657, 346.76438743992435, 343.1500000041654, 350.3547397033189, 351.32336253985886, 348.5494250207593, 348.59827648341394, 352.7342042634103, 358.85490473933527, 364.5756311586712, 369.35103341443624, 370.8636525544303, 370.96203399545357, 370.96203402048127, 370.9620340576236, 371.01238499223314, 371.0309580217951, 365.82829896710456, 361.88499699889707, 362.04053763442016, 361.85671637459035, 361.9773456915223], [345.91393740838316, 343.6210476912642, 347.32068855973665, 347.5956898717478, 343.8769639816144, 351.513145575121, 352.3601587948625, 349.4736933804861, 349.49335819998436, 353.8359810857063, 360.32703620649227, 366.230812883162, 371.10212441706534, 372.6421044758061, 372.7424806202032, 372.76722291077084, 372.8086497516878, 372.8113157259402, 372.7954209987738, 367.0551005577172, 363.05928862599797, 362.97782287858143, 362.92469020941354, 362.9324590815281], [348.1332942221101, 343.7649896083216, 346.08261799274374, 347.0848138746441, 344.24302343984783, 349.52060031559944, 351.76137903000944, 349.6112489388096, 349.1003389638928, 352.45130051652745, 358.14554220586496, 363.946301578094, 369.0056694958742, 371.4448996576383, 371.9408439553417, 371.9862005187353, 372.04760539705967, 372.0835347155957, 372.0553196525309, 367.6723406244473, 363.1083179049652, 362.6119429396317, 362.4948907729176, 362.518194107889], [350.0530108672499, 344.25153687644365, 345.06304570881076, 346.31633828390864, 344.3254195958525, 347.9379366650864, 350.8030456394927, 349.5206552389721, 348.72116682439906, 351.19857368778156, 356.0825011079085, 361.5716728760489, 366.70843056809525, 369.8340532787767, 370.8587666522328, 371.02747016886315, 371.08751893949017, 371.16312382963736, 371.15936737043444, 367.7975691472204, 363.14616685056944, 362.2553863449078, 362.00611331687224, 362.0098595127955], [351.3292737441046, 344.35777016581306, 343.7276790295271, 344.82960926540153, 343.57422285457494, 346.0647709960975, 349.0894126337121, 348.6507959241284, 347.79363010888153, 349.4803402899351, 353.4518904377207, 358.3506635285989, 363.3100829946309, 366.87957908553386, 368.4487794836528, 368.84538161632764, 368.9455981419685, 369.09471132350643, 369.1334991523432, 366.7229258478126, 362.62408688297904, 361.34505485872734, 360.80923289927523, 360.85391758750023], [351.3292737441045, 344.35777016581306, 343.727679029527, 344.8296092654015, 343.57422285457494, 346.0647709960976, 349.0894126337121, 348.6507959241284, 347.79363010888153, 349.4803402899351, 353.4518904377207, 358.3506635285989, 363.3100829946309, 366.87957908553386, 368.4487794836528, 368.84538161632764, 368.9455981419685, 369.0947113235064, 369.1334991523431, 366.7229258478126, 362.62408688297904, 361.3450548587273, 360.80923289927523, 360.85391758750023], [348.11547119655734, 343.8230853133029, 346.14462002155824, 347.15245280897267, 344.3074371675151, 349.5969648875182, 351.8290535441075, 349.67161447095924, 349.158027109566, 352.52327885498016, 358.24850594450004, 364.06666051144106, 369.11888385369326, 371.55888522035735, 372.05546976406447, 372.12360636145814, 372.22000616116196, 372.2287143887951, 372.16624733503704, 367.6151203760869, 363.2076707960653, 362.67338029864885, 362.5654145992453, 362.579655149877], [350.00289130922005, 344.39656723858076, 345.2177415705137, 346.4860470215128, 344.48982622592064, 348.116559107441, 350.97572803060456, 349.6759564311174, 348.8689273570903, 351.372106943152, 356.3185998580585, 361.8603272424457, 366.9951818438487, 370.12319230988237, 371.15066114412224, 371.33619432444493, 371.4279778025414, 371.48611313897254, 371.4490604060079, 367.81603338988475, 363.3647029822801, 362.3967345664293, 362.1534719313752, 362.16722208657416], [351.6268111131747, 345.1496790843385, 344.52591008751574, 345.6713064016425, 344.39617879992323, 346.8915374383449, 349.9201329672929, 349.4323098480582, 348.54831875446536, 350.31993682664836, 354.4952874736575, 359.62381747627126, 364.7071944736435, 368.3371346256806, 369.9309277086983, 370.34586452272765, 370.46883034785316, 370.5698689039599, 370.5672915476639, 367.6850447181711, 363.47001794247626, 362.11187238643157, 361.66247486552277, 361.66113538463674], [352.6114488000873, 345.35047261580024, 343.49457558743177, 344.2331707920331, 343.503461052685, 345.27250084074115, 348.2169489540602, 348.430301816467, 347.6424672883465, 348.77850976016276, 352.11296534611427, 356.6192238748636, 361.3962665109218, 365.282369097657, 367.3892622842041, 368.1136109828507, 368.33363811048395, 368.5247444989713, 368.5734013791442, 366.587313459738, 363.097694503693, 361.3057987687287, 360.52634749218674, 360.51030511998334], [352.6114488000874, 345.3504726158003, 343.49457558743177, 344.2331707920331, 343.503461052685, 345.27250084074115, 348.2169489540602, 348.430301816467, 347.6424672883465, 348.77850976016276, 352.1129653461143, 356.61922387486356, 361.3962665109218, 365.282369097657, 367.3892622842041, 368.1136109828507, 368.33363811048395, 368.52474449897136, 368.57340137914423, 366.5873134597381, 363.097694503693, 361.3057987687287, 360.52634749218674, 360.51030511998334], [346.24141923445916, 343.6951257454614, 347.36069102040443, 347.69617445212845, 344.0437742847824, 352.04347045513464, 352.41502860404603, 349.48516195227586, 349.61892579335637, 354.2134215133032, 360.9840454844253, 366.9152516373846, 371.73643192106675, 372.9242991673147, 372.99933490273617, 373.01183939419025, 373.0227172735421, 373.02374002222865, 373.01194141078287, 366.8446381232989, 363.16497121398214, 363.05162499379463, 363.01358226824317, 363.0189727177325], [348.33566665557976, 344.0320168721142, 346.3573266549128, 347.35502683902087, 344.56358769105464, 350.1612642008212, 352.0814952658105, 349.7879993455888, 349.35459348115864, 352.9557386883454, 358.9841291002354, 364.92007815963115, 369.9444140507612, 372.12185671779105, 372.5039028532795, 372.5968453160276, 372.6831201896094, 372.6665874462581, 372.6207508880781, 367.50546593984893, 363.3905224868775, 362.83191679497355, 362.74248271499096, 362.765522559567], [350.1252220825206, 344.75305074773684, 345.559393799168, 346.83301327730896, 344.8737910299466, 348.75487867946214, 351.42801403587566, 349.94844480743836, 349.17635170792244, 351.8957270799978, 357.16170831177635, 362.9057387966711, 368.06341728274845, 371.00460261417703, 371.88016278857475, 372.1111934529539, 372.26755409706436, 372.2347437917118, 372.17376091883085, 367.93289622935623, 363.6540066962914, 362.67983877183127, 362.46270028331475, 362.4881494968125], [351.64342253931886, 345.68260722879177, 345.06381443606006, 346.2214883375786, 344.9742186764069, 347.6718436861055, 350.60567762256153, 349.9277908152053, 349.0336702336717, 350.99926345532674, 355.50838938354775, 360.91852312272295, 366.10356840484843, 369.6250540813535, 371.06490258429653, 371.5118535567274, 371.7369677892654, 371.73447664983524, 371.6879700985898, 368.1620946254639, 363.92019706889255, 362.5782408309687, 362.16392301908934, 362.1800079474317], [352.70163533544223, 346.37954797941467, 344.49166653507314, 345.2432028160623, 344.53673984093666, 346.45732617591466, 349.366896658047, 349.39937851081595, 348.5606503626569, 349.8814503000544, 353.5912946711884, 358.48565610331065, 363.51775465891814, 367.4173987988594, 369.40645941108806, 370.1188218800257, 370.40867650035244, 370.5104806725793, 370.5742438692652, 367.8166259883295, 363.90384863031215, 362.19802950468267, 361.5151237670389, 361.49615155137303], [353.4623215392171, 346.51064979693666, 343.7127657081009, 343.8955162176955, 343.52471966379534, 344.96284368092233, 347.7086989828166, 348.31018448496087, 347.6472903945467, 348.44594561108426, 351.35988088719057, 355.6097563139346, 360.26322881648537, 364.31189626233805, 366.7704169100803, 367.8114781817566, 368.23205717689467, 368.4686628829442, 368.8184978815901, 366.953682730781, 363.51748328694293, 361.53628795544245, 360.5753965373475, 360.34773964925597], [352.7448759324082, 346.56938234089466, 344.6716269055762, 345.43697329730514, 344.7227254723037, 346.63627247767414, 349.5486973979642, 349.57098321788783, 348.72818015139364, 350.0663236067586, 353.82016084961487, 358.76708369970663, 363.8209194023323, 367.73657728722634, 369.73275291193454, 370.4478101326478, 370.73848374111924, 370.8302055195201, 370.91420719752824, 368.06462678402596, 364.0443387167045, 362.3533484936216, 361.64150896513416, 361.67383935506604], [353.5803428672283, 347.31284686602334, 344.37244074611397, 344.5730270992908, 344.1891691872948, 345.59843574030737, 348.3453477934131, 348.92654674462773, 348.252296670613, 349.0996311467398, 352.13688036044067, 356.5452367317321, 361.3211485234378, 365.4489684997666, 367.9411533058762, 368.996676625307, 369.41318380498615, 369.6080205684843, 369.9110597257215, 367.7449048189636, 364.0193703121071, 362.0292674605017, 360.9976963458787, 360.99436289820216], [354.1121705321292, 347.3602905431031, 343.8083584118698, 343.3883043138381, 343.1500000015396, 344.2321988133488, 346.7606256633561, 347.76175219968525, 347.32109854624156, 347.7873158174672, 350.12642166815783, 353.90313776125583, 358.2173206874827, 362.3321152234632, 365.2043743452429, 366.62360801073737, 367.24171790099365, 367.5889587452608, 368.40430874849824, 367.0611364147027, 363.6097359587632, 361.30645461209156, 359.89354328126194, 359.85330630391127], [349.09816822665215, 344.04498743770154, 346.23175285315796, 347.37717952707914, 344.73003697429135, 350.69748770406545, 352.22078657917007, 349.7617251192135, 349.4672662081475, 353.3946826094471, 359.785371295651, 365.8141462287589, 370.79476637172047, 372.5733038468984, 372.817473587526, 372.8466321194892, 372.8644003551869, 372.87051002428944, 372.8455455014195, 367.5723949939122, 363.45151031794495, 362.89519394185913, 362.81528551420354, 362.8300725696075], [351.5039788687912, 344.8838404684782, 345.4598439352803, 346.83398309556924, 345.1583237058439, 349.66259713112487, 351.86423616822833, 349.95965127821626, 349.3706756752615, 352.6886767639551, 358.67970914889554, 364.73197618694286, 369.8557864320671, 372.14876627953566, 372.6087125983075, 372.67148939575947, 372.6971413585943, 372.7080979472137, 372.6751864183674, 368.1341222969433, 363.7844452117433, 362.8145432452063, 362.6064065626007, 362.6303857153131], [353.52078204865865, 346.1074775710099, 345.07457152454066, 346.2113506214991, 345.3288123273293, 348.8435762590026, 351.41881583807907, 350.0695506429067, 349.3075163717923, 352.08235744046397, 357.6678537928046, 363.683898513083, 368.9266584077165, 371.6536400029821, 372.3634778052855, 372.48318699423425, 372.51953566683227, 372.5351051882697, 372.49926794780646, 368.55988853610774, 364.1377017928599, 362.8122990962458, 362.39492386884996, 362.41811407417276], [355.2023165864645, 347.6175202020673, 345.07866981289595, 345.62562633230544, 345.2772560174246, 348.1638103048863, 350.93100278614224, 350.09424609616383, 349.2587884257081, 351.5618798960591, 356.7483623596272, 362.6822771711149, 368.01607271650073, 371.0993734921915, 372.0766891742626, 372.2774879595617, 372.3295990640808, 372.3497128500851, 372.31611119330427, 368.87350297011346, 364.4917324405215, 362.8884426228795, 362.18346475100464, 362.19093123104534], [355.11760089723504, 348.3283051305396, 344.414600717581, 344.2937518746204, 344.16384367174595, 346.4156496975711, 349.2269572122066, 349.12939220845266, 348.32073498904725, 349.86077533087183, 354.00892106445343, 359.2757088709055, 364.51907168747607, 368.12560952170554, 370.0266655753443, 370.9605015821672, 371.33942049329886, 371.4067341967406, 371.3845198198507, 368.3796097805552, 364.15444561716856, 361.9365376258508, 360.75878362990824, 361.03233512411816], [356.80893053438393, 349.3482318556802, 345.4299954627436, 345.12153623844847, 345.0224309946152, 347.55894995818693, 350.43796806732877, 350.0312418781534, 349.19765638041844, 351.1224310630856, 355.9539052268918, 361.7846628262995, 367.17679047568294, 370.51987875775194, 371.7449283095119, 372.0374583117114, 372.10710099820204, 372.13096596243173, 372.1038249930186, 369.07441672667727, 364.8148082404083, 362.98081819909, 361.9734100210288, 361.92586128559367], [364.73558168990013, 362.6238237346276, 360.54774291191626, 359.60712000117235, 357.0759091836523, 348.0168672830646, 348.55228551006235, 348.61347790159607, 347.9819967829729, 349.2048482543938, 352.7747035990992, 357.36388606622734, 361.8263694693817, 364.8299523072581, 366.1208986041752, 366.4926349404205, 366.5852904941364, 366.6163491854575, 366.60071249256305, 364.4805126479772, 361.5655977828643, 361.9009225235756, 362.0253358416281, 362.03176959677637], [363.73940023238356, 362.62494633471124, 360.5643246651781, 359.35329633696915, 357.125200716116, 349.1519356603133, 348.201236660047, 348.3485646069313, 347.8210883405976, 348.72132382917675, 351.8819372152515, 356.221315595445, 360.6874319923389, 363.9360031773772, 365.5373040777055, 366.11144916210645, 366.2754983061275, 366.3129370846033, 366.3039728959817, 364.47491701375776, 361.6617871765216, 361.5286768799819, 361.6493020287889, 361.68294858060665], [362.7211333550729, 362.28540030610475, 360.4638527531822, 359.02846165766863, 357.024748776621, 350.1279747657169, 348.0155537509448, 348.016784089989, 347.5890497619696, 348.1935445237542, 350.9159389372978, 354.91909136577067, 359.3341888204594, 362.81189836786155, 364.7932801486659, 365.6610239120194, 365.9428814982165, 365.9952780262352, 365.99197837587377, 364.3900049890834, 361.70403330906663, 361.2098294919163, 361.2368391545688, 361.2751716049647], [360.77596276148563, 360.4796551083498, 359.07798075200776, 357.57282708894644, 355.7930111355548, 350.1822498827232, 347.25840692694715, 346.97938345576387, 346.64135277275756, 346.9623759256928, 349.0341662972011, 352.4666780869038, 356.45027462280524, 359.9608430352628, 362.55537506416493, 364.2388990053709, 364.98393730424397, 365.08130326416045, 365.0851405080462, 363.726329434816, 361.1962329180223, 360.00203848529446, 359.7367553707292, 360.12999886642564], [361.4094655028973, 361.2702339770704, 359.8536303842514, 358.3302977095742, 356.50994292837424, 350.6742922559567, 347.7613833195824, 347.4610235204247, 347.1200984533384, 347.41735934081987, 349.5591354577974, 353.0821143507287, 357.31005497269115, 361.011504820027, 363.5479971422791, 364.91151502158027, 365.3971731630163, 365.4723118676727, 365.475718608463, 364.07678445781465, 361.5356836489859, 360.73251727945785, 360.5897913191768, 360.5991448692623], [359.6680122143309, 359.4220888669699, 358.3823256629929, 356.9154703772299, 355.2478580977522, 350.5065712419613, 347.1520162647408, 346.49013909478475, 346.1725487211702, 346.27332551513246, 347.8629525688209, 350.8412879863229, 354.59999160675204, 358.1690885654667, 361.37481268264594, 363.60835476888866, 364.4770097840622, 364.5858304163806, 364.5979297452892, 363.39247754981426, 361.01258403763245, 359.78934794829695, 359.3504471535046, 359.4638814515267], [364.6800220494415, 362.56774091589295, 360.48607100360215, 359.5829763994425, 357.05131379556116, 347.93526975229213, 348.5112149214422, 348.57893009442967, 347.9537630582509, 349.2108651288443, 352.8309063612949, 357.518340052957, 361.96836355907453, 364.9187407063735, 366.1394952533467, 366.46785018079675, 366.540294721931, 366.5561260928102, 366.53954638596446, 364.4404784946913, 361.56705002495306, 361.8669382543524, 361.9957497850881, 361.9891520731986], [363.5979771611802, 362.47397140405496, 360.41590649296637, 359.2743431868222, 357.05692632693535, 348.9911575870665, 348.0993852868043, 348.26286589464496, 347.7560162300361, 348.71981516251174, 351.9878173055884, 356.5553214986074, 361.01891543805885, 364.1577016852732, 365.59358750035693, 366.06290758717716, 366.18259839351686, 366.1924521074515, 366.1789926680495, 364.3783719842167, 361.6406675608614, 361.4491671607535, 361.5753235360359, 361.57978515681975], [362.4055328588318, 361.95988455601315, 360.16040480679914, 358.77781486533905, 356.8316315427239, 349.8629961930243, 347.8216453978503, 347.84729704653085, 347.47534785521174, 348.15903486401936, 351.0554874137854, 355.48084576944285, 359.93786476295696, 363.24245014557675, 364.91116796670036, 365.57974169586, 365.7882060094324, 365.80130923087376, 365.7907348049503, 364.2198029430642, 361.6385344181677, 361.0264882961907, 361.0716407708033, 361.0774608500985], [361.13056600858476, 360.95370210589635, 359.5500643865962, 358.07005446274303, 356.30508731757254, 350.5269216022153, 347.52346119874727, 347.291684920605, 346.99792426124395, 347.36854415422124, 349.83952397195566, 354.13145935110157, 358.5639601643302, 362.00772530966987, 363.97407385241166, 364.9151122063607, 365.2521381859684, 365.2837187037088, 365.27603899427544, 363.9039631507892, 361.4821471967287, 360.46537494444567, 360.4025538859027, 360.4031449299179], [359.4188907589492, 359.1294058767643, 358.0896050278457, 356.6543219892009, 355.03677112744475, 350.35202462072857, 346.93631109414247, 346.3150281516635, 346.04623098133413, 346.2128747984436, 348.0628693466702, 351.66184275169456, 355.72683665533754, 359.1955120700942, 361.8972828729106, 363.65775899623696, 364.3510054723884, 364.4026048195297, 364.3997655449781, 363.2183056437413, 360.7880803233338, 359.14376327486445, 359.2635700407929, 359.27075451434894]]
tau_S_port = [[343.2090532200433, 343.95781755967835, 348.56445080571586, 347.61574111679295, 343.15000001109365, 353.962241079184, 352.2501282096132, 349.09500402688406, 349.8408466048138, 355.2477189794151, 362.43229510827143, 368.1496867135661, 372.7870022512437, 373.1499999831814, 373.1499999794148, 373.149999984723, 373.14999998848936, 373.1499999921013, 373.1499999944012, 365.8520212524264, 362.92396021709305, 363.2403783566274, 363.1396485156921, 363.15], [344.83308116171605, 343.1500000120839, 346.6219376436657, 346.76438743992435, 343.1500000041654, 350.3547397033189, 351.32336253985886, 348.5494250207593, 348.59827648341394, 352.7342042634103, 358.85490473933527, 364.5756311586712, 369.35103341443624, 370.8636525544303, 370.96203399545357, 370.96203402048127, 370.9620340576236, 371.01238499223314, 371.0309580217951, 365.82829896710456, 361.88499699889707, 362.04053763442016, 361.85671637459035, 361.9773456915223], [345.91393740838316, 343.6210476912642, 347.32068855973665, 347.5956898717478, 343.8769639816144, 351.513145575121, 352.3601587948625, 349.4736933804861, 349.49335819998436, 353.8359810857063, 360.32703620649227, 366.230812883162, 371.10212441706534, 372.6421044758061, 372.7424806202032, 372.76722291077084, 372.8086497516878, 372.8113157259402, 372.7954209987738, 367.0551005577172, 363.05928862599797, 362.97782287858143, 362.92469020941354, 362.9324590815281], [348.1332942221101, 343.7649896083216, 346.08261799274374, 347.0848138746441, 344.24302343984783, 349.52060031559944, 351.76137903000944, 349.6112489388096, 349.1003389638928, 352.45130051652745, 358.14554220586496, 363.946301578094, 369.0056694958742, 371.4448996576383, 371.9408439553417, 371.9862005187353, 372.04760539705967, 372.0835347155957, 372.0553196525309, 367.6723406244473, 363.1083179049652, 362.6119429396317, 362.4948907729176, 362.518194107889], [351.6268111131747, 345.1496790843385, 344.52591008751574, 345.6713064016425, 344.39617879992323, 346.8915374383449, 349.9201329672929, 349.4323098480582, 348.54831875446536, 350.31993682664836, 354.4952874736575, 359.62381747627126, 364.7071944736435, 368.3371346256806, 369.9309277086983, 370.34586452272765, 370.46883034785316, 370.5698689039599, 370.5672915476639, 367.6850447181711, 363.47001794247626, 362.11187238643157, 361.66247486552277, 361.66113538463674], [352.6114488000874, 345.3504726158003, 343.49457558743177, 344.2331707920331, 343.503461052685, 345.27250084074115, 348.2169489540602, 348.430301816467, 347.6424672883465, 348.77850976016276, 352.1129653461143, 356.61922387486356, 361.3962665109218, 365.282369097657, 367.3892622842041, 368.1136109828507, 368.33363811048395, 368.52474449897136, 368.57340137914423, 366.5873134597381, 363.097694503693, 361.3057987687287, 360.52634749218674, 360.51030511998334], [346.24141923445916, 343.6951257454614, 347.36069102040443, 347.69617445212845, 344.0437742847824, 352.04347045513464, 352.41502860404603, 349.48516195227586, 349.61892579335637, 354.2134215133032, 360.9840454844253, 366.9152516373846, 371.73643192106675, 372.9242991673147, 372.99933490273617, 373.01183939419025, 373.0227172735421, 373.02374002222865, 373.01194141078287, 366.8446381232989, 363.16497121398214, 363.05162499379463, 363.01358226824317, 363.0189727177325], [348.33566665557976, 344.0320168721142, 346.3573266549128, 347.35502683902087, 344.56358769105464, 350.1612642008212, 352.0814952658105, 349.7879993455888, 349.35459348115864, 352.9557386883454, 358.9841291002354, 364.92007815963115, 369.9444140507612, 372.12185671779105, 372.5039028532795, 372.5968453160276, 372.6831201896094, 372.6665874462581, 372.6207508880781, 367.50546593984893, 363.3905224868775, 362.83191679497355, 362.74248271499096, 362.765522559567], [350.1252220825206, 344.75305074773684, 345.559393799168, 346.83301327730896, 344.8737910299466, 348.75487867946214, 351.42801403587566, 349.94844480743836, 349.17635170792244, 351.8957270799978, 357.16170831177635, 362.9057387966711, 368.06341728274845, 371.00460261417703, 371.88016278857475, 372.1111934529539, 372.26755409706436, 372.2347437917118, 372.17376091883085, 367.93289622935623, 363.6540066962914, 362.67983877183127, 362.46270028331475, 362.4881494968125], [349.09816822665215, 344.04498743770154, 346.23175285315796, 347.37717952707914, 344.73003697429135, 350.69748770406545, 352.22078657917007, 349.7617251192135, 349.4672662081475, 353.3946826094471, 359.785371295651, 365.8141462287589, 370.79476637172047, 372.5733038468984, 372.817473587526, 372.8466321194892, 372.8644003551869, 372.87051002428944, 372.8455455014195, 367.5723949939122, 363.45151031794495, 362.89519394185913, 362.81528551420354, 362.8300725696075], [351.5039788687912, 344.8838404684782, 345.4598439352803, 346.83398309556924, 345.1583237058439, 349.66259713112487, 351.86423616822833, 349.95965127821626, 349.3706756752615, 352.6886767639551, 358.67970914889554, 364.73197618694286, 369.8557864320671, 372.14876627953566, 372.6087125983075, 372.67148939575947, 372.6971413585943, 372.7080979472137, 372.6751864183674, 368.1341222969433, 363.7844452117433, 362.8145432452063, 362.6064065626007, 362.6303857153131], [353.52078204865865, 346.1074775710099, 345.07457152454066, 346.2113506214991, 345.3288123273293, 348.8435762590026, 351.41881583807907, 350.0695506429067, 349.3075163717923, 352.08235744046397, 357.6678537928046, 363.683898513083, 368.9266584077165, 371.6536400029821, 372.3634778052855, 372.48318699423425, 372.51953566683227, 372.5351051882697, 372.49926794780646, 368.55988853610774, 364.1377017928599, 362.8122990962458, 362.39492386884996, 362.41811407417276], [355.2023165864645, 347.6175202020673, 345.07866981289595, 345.62562633230544, 345.2772560174246, 348.1638103048863, 350.93100278614224, 350.09424609616383, 349.2587884257081, 351.5618798960591, 356.7483623596272, 362.6822771711149, 368.01607271650073, 371.0993734921915, 372.0766891742626, 372.2774879595617, 372.3295990640808, 372.3497128500851, 372.31611119330427, 368.87350297011346, 364.4917324405215, 362.8884426228795, 362.18346475100464, 362.19093123104534], [355.11760089723504, 348.3283051305396, 344.414600717581, 344.2937518746204, 344.16384367174595, 346.4156496975711, 349.2269572122066, 349.12939220845266, 348.32073498904725, 349.86077533087183, 354.00892106445343, 359.2757088709055, 364.51907168747607, 368.12560952170554, 370.0266655753443, 370.9605015821672, 371.33942049329886, 371.4067341967406, 371.3845198198507, 368.3796097805552, 364.15444561716856, 361.9365376258508, 360.75878362990824, 361.03233512411816], [373.1499999948767, 373.1499999949473, 373.14999990023387, 372.0766512027363, 366.7080837159401, 343.1500000037539, 343.1500000037182, 343.15000000380473, 343.1500000015273, 343.15000000147205, 343.1500000014124, 343.1500000013407, 343.15000000257737, 343.15000000255594, 343.15000000257675, 343.15000000266167, 343.1500000028814, 343.15000000140344, 343.15000000145653, 343.1500000015977, 345.9713599990969, 361.7999822627268, 363.1669387956234, 363.14376565693334], [364.6800220494415, 362.56774091589295, 360.48607100360215, 359.5829763994425, 357.05131379556116, 347.93526975229213, 348.5112149214422, 348.57893009442967, 347.9537630582509, 349.2108651288443, 352.8309063612949, 357.518340052957, 361.96836355907453, 364.9187407063735, 366.1394952533467, 366.46785018079675, 366.540294721931, 366.5561260928102, 366.53954638596446, 364.4404784946913, 361.56705002495306, 361.8669382543524, 361.9957497850881, 361.9891520731986], [364.73558168990013, 362.6238237346276, 360.54774291191626, 359.60712000117235, 357.0759091836523, 348.0168672830646, 348.55228551006235, 348.61347790159607, 347.9819967829729, 349.2048482543938, 352.7747035990992, 357.36388606622734, 361.8263694693817, 364.8299523072581, 366.1208986041752, 366.4926349404205, 366.5852904941364, 366.6163491854575, 366.60071249256305, 364.4805126479772, 361.5655977828643, 361.9009225235756, 362.0253358416281, 362.03176959677637], [363.73940023238356, 362.62494633471124, 360.5643246651781, 359.35329633696915, 357.125200716116, 349.1519356603133, 348.201236660047, 348.3485646069313, 347.8210883405976, 348.72132382917675, 351.8819372152515, 356.221315595445, 360.6874319923389, 363.9360031773772, 365.5373040777055, 366.11144916210645, 366.2754983061275, 366.3129370846033, 366.3039728959817, 364.47491701375776, 361.6617871765216, 361.5286768799819, 361.6493020287889, 361.68294858060665], [362.7211333550729, 362.28540030610475, 360.4638527531822, 359.02846165766863, 357.024748776621, 350.1279747657169, 348.0155537509448, 348.016784089989, 347.5890497619696, 348.1935445237542, 350.9159389372978, 354.91909136577067, 359.3341888204594, 362.81189836786155, 364.7932801486659, 365.6610239120194, 365.9428814982165, 365.9952780262352, 365.99197837587377, 364.3900049890834, 361.70403330906663, 361.2098294919163, 361.2368391545688, 361.2751716049647], [360.77596276148563, 360.4796551083498, 359.07798075200776, 357.57282708894644, 355.7930111355548, 350.1822498827232, 347.25840692694715, 346.97938345576387, 346.64135277275756, 346.9623759256928, 349.0341662972011, 352.4666780869038, 356.45027462280524, 359.9608430352628, 362.55537506416493, 364.2388990053709, 364.98393730424397, 365.08130326416045, 365.0851405080462, 363.726329434816, 361.1962329180223, 360.00203848529446, 359.7367553707292, 360.12999886642564], [361.4094655028973, 361.2702339770704, 359.8536303842514, 358.3302977095742, 356.50994292837424, 350.6742922559567, 347.7613833195824, 347.4610235204247, 347.1200984533384, 347.41735934081987, 349.5591354577974, 353.0821143507287, 357.31005497269115, 361.011504820027, 363.5479971422791, 364.91151502158027, 365.3971731630163, 365.4723118676727, 365.475718608463, 364.07678445781465, 361.5356836489859, 360.73251727945785, 360.5897913191768, 360.5991448692623], [359.6680122143309, 359.4220888669699, 358.3823256629929, 356.9154703772299, 355.2478580977522, 350.5065712419613, 347.1520162647408, 346.49013909478475, 346.1725487211702, 346.27332551513246, 347.8629525688209, 350.8412879863229, 354.59999160675204, 358.1690885654667, 361.37481268264594, 363.60835476888866, 364.4770097840622, 364.5858304163806, 364.5979297452892, 363.39247754981426, 361.01258403763245, 359.78934794829695, 359.3504471535046, 359.4638814515267], [352.6114488000873, 345.35047261580024, 343.49457558743177, 344.2331707920331, 343.503461052685, 345.27250084074115, 348.2169489540602, 348.430301816467, 347.6424672883465, 348.77850976016276, 352.11296534611427, 356.6192238748636, 361.3962665109218, 365.282369097657, 367.3892622842041, 368.1136109828507, 368.33363811048395, 368.5247444989713, 368.5734013791442, 366.587313459738, 363.097694503693, 361.3057987687287, 360.52634749218674, 360.51030511998334], [350.00289130922005, 344.39656723858076, 345.2177415705137, 346.4860470215128, 344.48982622592064, 348.116559107441, 350.97572803060456, 349.6759564311174, 348.8689273570903, 351.372106943152, 356.3185998580585, 361.8603272424457, 366.9951818438487, 370.12319230988237, 371.15066114412224, 371.33619432444493, 371.4279778025414, 371.48611313897254, 371.4490604060079, 367.81603338988475, 363.3647029822801, 362.3967345664293, 362.1534719313752, 362.16722208657416], [348.11547119655734, 343.8230853133029, 346.14462002155824, 347.15245280897267, 344.3074371675151, 349.5969648875182, 351.8290535441075, 349.67161447095924, 349.158027109566, 352.52327885498016, 358.24850594450004, 364.06666051144106, 369.11888385369326, 371.55888522035735, 372.05546976406447, 372.12360636145814, 372.22000616116196, 372.2287143887951, 372.16624733503704, 367.6151203760869, 363.2076707960653, 362.67338029864885, 362.5654145992453, 362.579655149877], [350.0530108672499, 344.25153687644365, 345.06304570881076, 346.31633828390864, 344.3254195958525, 347.9379366650864, 350.8030456394927, 349.5206552389721, 348.72116682439906, 351.19857368778156, 356.0825011079085, 361.5716728760489, 366.70843056809525, 369.8340532787767, 370.8587666522328, 371.02747016886315, 371.08751893949017, 371.16312382963736, 371.15936737043444, 367.7975691472204, 363.14616685056944, 362.2553863449078, 362.00611331687224, 362.0098595127955], [351.3292737441046, 344.35777016581306, 343.7276790295271, 344.82960926540153, 343.57422285457494, 346.0647709960975, 349.0894126337121, 348.6507959241284, 347.79363010888153, 349.4803402899351, 353.4518904377207, 358.3506635285989, 363.3100829946309, 366.87957908553386, 368.4487794836528, 368.84538161632764, 368.9455981419685, 369.09471132350643, 369.1334991523432, 366.7229258478126, 362.62408688297904, 361.34505485872734, 360.80923289927523, 360.85391758750023], [351.3292737441045, 344.35777016581306, 343.727679029527, 344.8296092654015, 343.57422285457494, 346.0647709960976, 349.0894126337121, 348.6507959241284, 347.79363010888153, 349.4803402899351, 353.4518904377207, 358.3506635285989, 363.3100829946309, 366.87957908553386, 368.4487794836528, 368.84538161632764, 368.9455981419685, 369.0947113235064, 369.1334991523431, 366.7229258478126, 362.62408688297904, 361.3450548587273, 360.80923289927523, 360.85391758750023], [351.64342253931886, 345.68260722879177, 345.06381443606006, 346.2214883375786, 344.9742186764069, 347.6718436861055, 350.60567762256153, 349.9277908152053, 349.0336702336717, 350.99926345532674, 355.50838938354775, 360.91852312272295, 366.10356840484843, 369.6250540813535, 371.06490258429653, 371.5118535567274, 371.7369677892654, 371.73447664983524, 371.6879700985898, 368.1620946254639, 363.92019706889255, 362.5782408309687, 362.16392301908934, 362.1800079474317], [352.70163533544223, 346.37954797941467, 344.49166653507314, 345.2432028160623, 344.53673984093666, 346.45732617591466, 349.366896658047, 349.39937851081595, 348.5606503626569, 349.8814503000544, 353.5912946711884, 358.48565610331065, 363.51775465891814, 367.4173987988594, 369.40645941108806, 370.1188218800257, 370.40867650035244, 370.5104806725793, 370.5742438692652, 367.8166259883295, 363.90384863031215, 362.19802950468267, 361.5151237670389, 361.49615155137303], [353.4623215392171, 346.51064979693666, 343.7127657081009, 343.8955162176955, 343.52471966379534, 344.96284368092233, 347.7086989828166, 348.31018448496087, 347.6472903945467, 348.44594561108426, 351.35988088719057, 355.6097563139346, 360.26322881648537, 364.31189626233805, 366.7704169100803, 367.8114781817566, 368.23205717689467, 368.4686628829442, 368.8184978815901, 366.953682730781, 363.51748328694293, 361.53628795544245, 360.5753965373475, 360.34773964925597], [352.7448759324082, 346.56938234089466, 344.6716269055762, 345.43697329730514, 344.7227254723037, 346.63627247767414, 349.5486973979642, 349.57098321788783, 348.72818015139364, 350.0663236067586, 353.82016084961487, 358.76708369970663, 363.8209194023323, 367.73657728722634, 369.73275291193454, 370.4478101326478, 370.73848374111924, 370.8302055195201, 370.91420719752824, 368.06462678402596, 364.0443387167045, 362.3533484936216, 361.64150896513416, 361.67383935506604], [353.5803428672283, 347.31284686602334, 344.37244074611397, 344.5730270992908, 344.1891691872948, 345.59843574030737, 348.3453477934131, 348.92654674462773, 348.252296670613, 349.0996311467398, 352.13688036044067, 356.5452367317321, 361.3211485234378, 365.4489684997666, 367.9411533058762, 368.996676625307, 369.41318380498615, 369.6080205684843, 369.9110597257215, 367.7449048189636, 364.0193703121071, 362.0292674605017, 360.9976963458787, 360.99436289820216], [354.1121705321292, 347.3602905431031, 343.8083584118698, 343.3883043138381, 343.1500000015396, 344.2321988133488, 346.7606256633561, 347.76175219968525, 347.32109854624156, 347.7873158174672, 350.12642166815783, 353.90313776125583, 358.2173206874827, 362.3321152234632, 365.2043743452429, 366.62360801073737, 367.24171790099365, 367.5889587452608, 368.40430874849824, 367.0611364147027, 363.6097359587632, 361.30645461209156, 359.89354328126194, 359.85330630391127], [363.5979771611802, 362.47397140405496, 360.41590649296637, 359.2743431868222, 357.05692632693535, 348.9911575870665, 348.0993852868043, 348.26286589464496, 347.7560162300361, 348.71981516251174, 351.9878173055884, 356.5553214986074, 361.01891543805885, 364.1577016852732, 365.59358750035693, 366.06290758717716, 366.18259839351686, 366.1924521074515, 366.1789926680495, 364.3783719842167, 361.6406675608614, 361.4491671607535, 361.5753235360359, 361.57978515681975], [362.4055328588318, 361.95988455601315, 360.16040480679914, 358.77781486533905, 356.8316315427239, 349.8629961930243, 347.8216453978503, 347.84729704653085, 347.47534785521174, 348.15903486401936, 351.0554874137854, 355.48084576944285, 359.93786476295696, 363.24245014557675, 364.91116796670036, 365.57974169586, 365.7882060094324, 365.80130923087376, 365.7907348049503, 364.2198029430642, 361.6385344181677, 361.0264882961907, 361.0716407708033, 361.0774608500985], [361.13056600858476, 360.95370210589635, 359.5500643865962, 358.07005446274303, 356.30508731757254, 350.5269216022153, 347.52346119874727, 347.291684920605, 346.99792426124395, 347.36854415422124, 349.83952397195566, 354.13145935110157, 358.5639601643302, 362.00772530966987, 363.97407385241166, 364.9151122063607, 365.2521381859684, 365.2837187037088, 365.27603899427544, 363.9039631507892, 361.4821471967287, 360.46537494444567, 360.4025538859027, 360.4031449299179], [359.4188907589492, 359.1294058767643, 358.0896050278457, 356.6543219892009, 355.03677112744475, 350.35202462072857, 346.93631109414247, 346.3150281516635, 346.04623098133413, 346.2128747984436, 348.0628693466702, 351.66184275169456, 355.72683665533754, 359.1955120700942, 361.8972828729106, 363.65775899623696, 364.3510054723884, 364.4026048195297, 364.3997655449781, 363.2183056437413, 360.7880803233338, 359.14376327486445, 359.2635700407929, 359.27075451434894]]
tau_S_star = [[345.62454387040367, 343.8519296802715, 347.60985341260374, 347.7476156971252, 344.0803627389012, 351.6292991441597, 352.5949334189729, 349.67583362841816, 349.69768293038396, 354.0313333747939, 360.52006380747247, 366.56152241084965, 371.4988590638771, 373.04916728646873, 373.1499999804611, 373.1499999832485, 373.14999998744315, 373.14999999114474, 373.14999999377335, 367.8611298744883, 363.2725389128187, 363.17597896046044, 363.1563877859142, 363.14827475261535], [346.07323366831713, 343.79781563247224, 347.54869484450376, 347.8324715516806, 344.09574020921065, 351.7462642179223, 352.587966238166, 349.6816667978816, 349.69813939682626, 354.0723788326688, 360.62338367231416, 366.5878501518625, 371.49885905415886, 373.0491672851849, 373.1499999804611, 373.14999998342796, 373.14999998765626, 373.14999999123324, 373.1499999938426, 367.3641777083349, 363.27253891211615, 363.1800469583346, 363.15617089648714, 363.14827475261535], [348.45475906553116, 344.1085908603591, 346.50875071750073, 347.5330311552649, 344.66373363522933, 349.9530796344504, 352.1930552556645, 350.01012214528015, 349.4896027952621, 352.89414441784743, 358.69590679658836, 364.61210393100964, 369.74898233291145, 372.2143322577661, 372.71459836000844, 372.7603500547584, 372.79786489641924, 372.8106198696771, 372.799758594846, 368.3277744159822, 363.5349805231195, 362.99308434043866, 362.9334904411356, 362.931164269509], [350.47965875787963, 344.6963905784738, 345.5789869089201, 346.8583629976189, 344.8430220091989, 348.4556702147489, 351.3231934309958, 350.00973705602235, 349.19749338257446, 351.7317491991972, 356.7354285401769, 362.36267147759264, 367.6002895285809, 370.7673357545746, 371.8030816596726, 371.97360147510847, 372.030678177475, 372.07424281300246, 372.0629745601314, 368.5828205930647, 363.6516539436106, 362.69582794836424, 362.51410230659195, 362.5143102187271], [352.446258127688, 345.4893724553838, 344.8884896682437, 346.03732455919027, 344.7437134571632, 347.2169936285194, 350.24816526316704, 349.75717310339115, 348.8723965468802, 350.6716829089005, 354.8895018573564, 360.0858747693103, 365.2815534435552, 368.9658247889517, 370.5741240663491, 370.98060808484445, 371.07102824403074, 371.14367646559003, 371.1603768068316, 368.4177261887676, 363.6999052199776, 362.4252001238116, 362.04761427065546, 362.0092351468083], [352.4462581276878, 345.4893724553837, 344.8884896682436, 346.0373245591902, 344.7437134571632, 347.2169936285194, 350.24816526316704, 349.75717310339115, 348.8723965468802, 350.67168290890044, 354.8895018573564, 360.0858747693103, 365.2815534435552, 368.9658247889517, 370.5741240663491, 370.98060808484445, 371.07102824403074, 371.14367646559, 371.1603768068316, 368.4177261887676, 363.6999052199776, 362.4252001238115, 362.04761427065546, 362.0092351468083], [348.38542809590473, 344.1145622091809, 346.50957246564855, 347.5332762601564, 344.6654302937033, 349.9644647633811, 352.19416394058294, 350.0101947245679, 349.48960224929107, 352.8993934044547, 358.7134885876449, 364.628093331405, 369.7489823321953, 372.2143322569118, 372.7145983602144, 372.76081567868044, 372.79918259801457, 372.81061937312546, 372.79974703488415, 368.1332854596759, 363.53498052306514, 362.9926770349665, 362.93348079752315, 362.93116426950905], [350.3381938004128, 344.75147119791455, 345.6396729895941, 346.9254832310993, 344.9098558136072, 348.53622549902457, 351.395296882665, 350.0717198197816, 349.2557939826226, 351.8040215226344, 356.8448810266323, 362.496096096181, 367.71548848959605, 370.88110709227806, 371.91752962312455, 372.10467953315896, 372.19348996729946, 372.2264561180874, 372.1831634620646, 368.4059228545257, 363.732367175144, 362.77093227346495, 362.583202314441, 362.5772817247717], [352.0728672160242, 345.6143862292993, 345.0404609446464, 346.20284043008996, 344.91109167157623, 347.3966991510791, 350.42528487686354, 349.9160838602559, 349.0219492538137, 350.841773231958, 355.12206202604744, 360.37831733784105, 365.56883335355315, 369.2543005515505, 370.86525315391935, 371.28465733670566, 371.40281331768296, 371.471118864433, 371.4590124087258, 368.37725452456647, 363.89462326947285, 362.5754544398744, 362.19364969015925, 362.164930394041], [353.80117358545334, 346.55846802327534, 344.65945782766954, 345.41928461014106, 344.663708330909, 346.40100668878875, 349.34273929830806, 349.5219255105513, 348.71506990555616, 349.94784984810303, 353.49802282253916, 358.27249866507407, 363.29514531998393, 367.32881796372, 369.4882074362461, 370.2306043064803, 370.4353339145044, 370.54407412478446, 370.56797639248964, 368.0494180114241, 363.97180684501114, 362.36155335611943, 361.7374032979823, 361.6613586314511], [353.8011735854535, 346.5584680232754, 344.65945782766954, 345.41928461014106, 344.663708330909, 346.40100668878875, 349.34273929830806, 349.5219255105513, 348.71506990555616, 349.94784984810303, 353.4980228225392, 358.27249866507407, 363.29514531998393, 367.32881796372, 369.4882074362461, 370.2306043064803, 370.4353339145044, 370.5440741247845, 370.5679763924897, 368.04941801142417, 363.97180684501114, 362.3615533561195, 361.7374032979823, 361.6613586314511], [346.3419523111822, 343.8034004593396, 347.49899003134266, 347.84720443259835, 344.1865019403179, 352.17813718260606, 352.52625569345656, 349.5889187863258, 349.72217993965785, 354.3285244186736, 361.1191873557752, 367.06856852581836, 371.9020893511105, 373.0862362542372, 373.1499999800365, 373.1499999839408, 373.1499999879604, 373.14999999157743, 373.1499999940168, 366.97697280213686, 363.2725389119464, 363.17708980637883, 363.15599507376857, 363.14827475261535], [348.52409614114293, 344.23424570708744, 346.609021038983, 347.62004169526045, 344.82175033918367, 350.42700286910804, 352.3427169221264, 350.03032950238935, 349.59332091138856, 353.22662898268925, 359.31808540526924, 365.32231161284443, 370.3976692369905, 372.59433606002244, 372.97849164708884, 373.0092798952811, 373.0206511221488, 373.02350746232895, 373.01469486822003, 367.8211167923671, 363.60302679872126, 363.07422499323843, 363.0198778434177, 363.01807430948423], [350.33983027770864, 344.9860517707854, 345.84802661605426, 347.13007505610847, 345.1576925163083, 349.0393512269333, 351.71012671411023, 350.214193687972, 349.4373894240421, 352.18741154912937, 357.5165334636524, 363.33337858909493, 368.54930595909696, 371.5170115598379, 372.3977789422415, 372.5763660415706, 372.66542334725324, 372.6709085557154, 372.6312089878321, 368.26850388617413, 363.8803967078079, 362.9389804889099, 362.7569763936239, 362.76168258547096], [351.89137251182234, 345.9501431205571, 345.38343261880374, 346.54786459601024, 345.2899103225343, 347.98248167609796, 350.9144138348532, 350.22276790141814, 349.323528603122, 351.3189951265487, 355.8922051319859, 361.3799288338251, 366.6313764102942, 370.1876067244039, 371.6369516562884, 372.0542620970846, 372.2315213423321, 372.2432789705872, 372.18727256655103, 368.5201802591967, 364.1633983077362, 362.8738965097552, 362.4978956447826, 362.4839079612296], [353.28965733416754, 347.00628119784267, 345.1982098976475, 345.9619233199954, 345.2378290307698, 347.13702891518, 350.04344783300667, 350.05323892152745, 349.2037030302603, 350.5837628447805, 354.42548821810243, 359.4845453603995, 364.6632780559365, 368.6468636594313, 370.6649446998002, 371.38770052285435, 371.6750890387652, 371.73512199657034, 371.6987190648235, 368.61259665274775, 364.42518487365277, 362.82531818141064, 362.2324369280291, 362.1773271260413], [354.70001225206755, 347.7851758157412, 344.8975896349038, 345.077787760404, 344.6847457198712, 346.0818611495117, 348.81737119560876, 349.3934241992609, 348.71887657918603, 349.60570692545457, 352.71653503044195, 357.2165487169363, 362.119949514576, 366.33416436848313, 368.8539426121741, 369.9209434309255, 370.3298254888737, 370.48450971000136, 370.5615190811959, 368.14491383433136, 364.3696554591552, 362.4329053856826, 361.62956354307244, 361.4993135873174], [353.1632141320393, 347.02201220516775, 345.19853938726334, 345.96579687676217, 345.23854738054285, 347.1392233037055, 350.04699351222683, 350.0529770454946, 349.2036475683395, 350.58523700793586, 354.43425686651887, 359.50000943551953, 364.664579518703, 368.64686365771195, 370.66494470206504, 371.38770052674846, 371.67525974452667, 371.735120729717, 371.6973799859634, 368.60147811953414, 364.4251848736209, 362.87893330992944, 362.2322468696027, 362.1773271260413], [354.1851772041337, 347.96366867967834, 345.08251911568897, 345.27099615552186, 344.8730574996365, 346.26258963746403, 349.0005038433216, 349.566896854032, 348.88752822195414, 349.7870902524666, 352.9390296834268, 357.49323396388536, 362.4189780946797, 366.64889459025466, 369.17825972368655, 370.2491831444315, 370.65932598110237, 370.8067427618794, 370.899207666108, 368.4038625494186, 364.5229444394158, 362.70655702187656, 361.75827529372555, 361.66845095674404], [355.43442872692, 348.72852500108974, 345.00584372154907, 344.5311379113484, 344.2691395855005, 345.3269372962532, 347.8355120672603, 348.8210664245356, 348.37873364801516, 348.9248415005334, 351.4358939359722, 355.4333844059146, 359.9980961935895, 364.30235189704223, 367.24887979432566, 368.70347572587497, 369.30137318679266, 369.5588958613714, 369.8707985631599, 368.00278040441555, 364.4628863253056, 362.43819514391555, 361.1697910565482, 360.9949184728149], [349.2607578401871, 344.2106414917172, 346.4358678631506, 347.60996213814013, 344.95157896471426, 350.8864193086504, 352.36196812747534, 349.8957470585565, 349.60001616540285, 353.53865723108214, 359.9487427392923, 365.99522635795296, 370.98818506593256, 372.75996839548407, 372.9894733364636, 373.0102743127877, 373.02140135359025, 373.0236182663958, 373.0136466280912, 367.7469975782718, 363.6030267985698, 363.07383461176113, 363.0198624831685, 363.01807430948423], [351.6869886276941, 345.06557771345985, 345.6744804412218, 347.0807106266437, 345.39725329179856, 349.8594057635898, 352.008962787798, 350.09863553258305, 349.50789340872973, 352.8355772261894, 358.8445348039492, 364.91425979682253, 370.0509117897047, 372.33775476802475, 372.7857020088555, 372.8430118228738, 372.86225815829215, 372.8697826824928, 372.8490061870282, 368.31282216703823, 363.94209182714224, 363.0108316817098, 362.828275252689, 362.8276080603735], [353.72803763882933, 346.318236750314, 345.3110266963706, 346.47484418771296, 345.5874961281017, 349.05051330575674, 351.5672815369913, 350.2137502663873, 349.4496814251485, 352.23270705803816, 357.8345392347714, 363.86754129387765, 369.12352601468444, 371.8483575089827, 372.54953489910923, 372.6637655587424, 372.69405972365206, 372.70679359096465, 372.6795364709711, 368.7424498178028, 364.3022639125131, 363.0319503372873, 362.6397914970139, 362.626389189861], [355.4399256719335, 347.86969417235576, 345.3462529252063, 345.9102492581233, 345.55927803517005, 348.3836214819529, 351.0835328300536, 350.2439742610535, 349.4064057486121, 351.71621974928485, 356.9173252657204, 362.86744598850925, 368.21470464827246, 371.30050420954257, 372.27331647654677, 372.46861088425106, 372.5151855783107, 372.53325167309475, 372.50375108297527, 369.05968594092695, 364.6641525957682, 363.1406839103206, 362.4621228244682, 362.4142490399523], [356.0342945270112, 349.332604868337, 345.63487985076944, 345.50354697995226, 345.3510458206277, 347.5834432869095, 350.3938729030472, 350.24991236606996, 349.41834461125745, 351.0687546429462, 355.469753395615, 361.0533056011831, 366.53446285553895, 370.24290145575577, 371.881988678527, 372.2513438671679, 372.32333262386, 372.3473183432421, 372.320111390923, 369.2833372915166, 365.0133717901438, 363.33380090484184, 362.30071051688395, 362.18968681770525], [357.1435984314187, 349.7244080859181, 345.78390603190667, 345.473693965832, 345.3740255493202, 347.8201728895349, 350.6015751097032, 350.1938599878477, 349.3582476722022, 351.2877023400363, 356.1309239710442, 361.97585874109365, 367.38109705621054, 370.7323138759933, 371.96034206924065, 372.2535833422617, 372.3233953611613, 372.3473183517511, 372.3201113905403, 369.2833372824195, 365.0133717893044, 363.27420308177125, 362.29706128333237, 362.1896868177052], [365.07635694277377, 362.9795447166306, 360.90345570583867, 359.9660085276355, 357.4141501233328, 348.27518176590416, 348.7784566480865, 348.8383972460234, 348.2124600298543, 349.4429880144738, 353.02563162424235, 357.64082911933946, 362.1253223389916, 365.13815116557424, 366.42748004046774, 366.78741407494795, 366.8715131025115, 366.89663172700506, 366.88038504078185, 364.75788410831575, 361.82706229482795, 362.19980714186494, 362.3515610919567, 362.34044329466263], [364.15077834349086, 363.08617302228726, 361.0303234527862, 359.82566530451226, 357.53209236272863, 349.44953845573633, 348.4705720721251, 348.6047666924524, 348.0869606012418, 349.0075317319625, 352.18181531338416, 356.5547265337855, 361.0495111732966, 364.3098457842861, 365.90825177652147, 366.4425156006341, 366.5728948815086, 366.6121155732228, 366.6027998961527, 364.76471129451994, 361.93417250453626, 361.84253198580035, 362.0047274915713, 362.03069730425165], [363.2348254878873, 362.933717963193, 361.1367195684832, 359.6896930902884, 357.58594704878976, 350.5256941650726, 348.3573324075765, 348.32765400870596, 347.9184046674371, 348.56189877741554, 351.29948684665567, 355.35160096078965, 359.80833351595174, 363.3013520454293, 365.2625294644383, 366.04104369365865, 366.2559686458524, 366.30835218021105, 366.305040061315, 364.69266176393984, 361.9966835901235, 361.54987788293045, 361.6297493668336, 361.67734082197035], [362.3194773390124, 362.40643726220014, 360.9698381810042, 359.4271814011762, 357.5477429561007, 351.6108011613488, 348.4112637816585, 348.0165669008692, 347.66849450985876, 348.0708265338379, 350.29953035219296, 353.93337801762533, 358.1442778323404, 361.84586803887686, 364.34617270229484, 365.5440671578533, 365.90932702301967, 365.9884914555439, 365.9923711914041, 364.58071610912134, 362.02379184576756, 361.3441324697411, 361.23238740471504, 361.2687828632321], [362.3203466269947, 362.4058141775171, 360.96983817935774, 359.42718140142637, 357.5476672994497, 351.48496439691746, 348.41323666581064, 348.0166097915883, 347.6684956583608, 348.0711495420878, 350.3034140775667, 353.9424296635417, 358.25876583979147, 361.9911698432595, 364.4308857091792, 365.55772102533734, 365.9093270232512, 365.98894306979605, 365.99237119139957, 364.58071610826704, 362.02379184461347, 361.28566138687404, 361.2324222632225, 361.2687828632321], [361.18534864652986, 361.3085132458575, 360.24713137564095, 358.75344566851004, 356.9796278812031, 351.9372114230131, 348.30585041013796, 347.5135558548901, 347.18286482342074, 347.3577850321699, 349.08436073536143, 352.2384050729603, 356.2038901108732, 359.98332443297534, 363.04380127780576, 364.74919128787025, 365.33935671668195, 365.4630833753104, 365.4753130440749, 364.2433242393563, 361.8381956531012, 360.8970757185588, 360.61351412891077, 360.59758594424807], [365.07001340732546, 362.9724839866524, 360.8686434918949, 359.9519260668274, 357.4189469571696, 348.22637699999154, 348.76824793406877, 348.83815525757376, 348.2008412429409, 349.4584993556749, 353.09219943195194, 357.787351595824, 362.24805425961387, 365.21091098964735, 366.44265541711087, 366.78729407134557, 366.8712795636179, 366.8963399849521, 366.8805049689855, 364.7654430126514, 361.8902822360895, 362.2140559863962, 362.3515562359757, 362.34044329466263], [364.08614917269233, 363.00651290610085, 360.91941118514234, 359.7710699565414, 357.50599842201825, 349.33457487424477, 348.41874093890254, 348.5694364034158, 348.04438735431256, 349.02244798543074, 352.3056738449366, 356.87878794710036, 361.35357807501595, 364.5089660997751, 365.961246090398, 366.4243444351651, 366.53049870666223, 366.55386476093474, 366.5418068967017, 364.72252524769124, 361.98401829636157, 361.81978257584694, 361.97416616167277, 361.9902516918469], [363.0657655414729, 362.7845760833744, 360.98679242505455, 359.5912908669234, 357.53647798520797, 350.361428588824, 348.26140056541726, 348.2411004804556, 347.83523709703314, 348.56170852304155, 351.47636769877283, 355.9002310343885, 360.36740182193904, 363.6961154706281, 365.37938414645936, 366.007036138681, 366.16834948781013, 366.19121929210576, 366.18059498229616, 364.5927315923063, 362.04080536399056, 361.47869893140484, 361.5543595250503, 361.57904155335575], [362.03772787334844, 362.0827153039474, 360.6592134182977, 359.1615893072277, 357.3376081770115, 351.36830027567896, 348.2036737016769, 347.8436670312975, 347.54426693791885, 348.0207435786789, 350.51756609600005, 354.7737488194955, 359.2044008028309, 362.6916859192877, 364.65350498857157, 365.50014956668053, 365.7633888289155, 365.79972162085966, 365.7919936652026, 364.4068186436011, 362.0642856713519, 361.1249537390406, 361.0641369155222, 361.0764908368826], [360.92971024929847, 361.00207449420856, 359.93833399262854, 358.480572902791, 356.75850214288016, 351.7743888082039, 348.0825706554626, 347.3321127883065, 347.0518708497832, 347.2943494972697, 349.28977524578124, 353.08896272368503, 357.38301227088124, 361.05112401724926, 363.58115010885774, 364.8030837814672, 365.21201604486, 365.279823170858, 365.2769532454191, 364.06730551654965, 362.1321748932709, 360.63996699302345, 360.4130222540948, 360.40304642258207]]
v = [[1.0, 1.0, 1.0, 1.0, 1.0, 1.0, 1.0, 1.0, 1.0, 1.0, 1.0, 1.0, 1.0, 1.0, 1.0, 1.0, 1.0, 1.0, 1.0, 1.0, 1.0, 1.0, 1.0, 1.0], [0.9967638752178267, 0.9969213244143481, 0.9970262411180447, 0.9970786846641387, 0.996973787703938, 0.9966063368720689, 0.9961070040065632, 0.9956069179178207, 0.9952906542870709, 0.9952116561496256, 0.9952117239825221, 0.9954810407245733, 0.9958186460495642, 0.9959503881863294, 0.9957131074728726, 0.9953964268269401, 0.9950529249270715, 0.9948253638137513, 0.994973171045145, 0.9952900229742612, 0.995711925789166, 0.9960805625807325, 0.9963435743004797, 0.9966063368720689], [0.9932050583794702, 0.9935354552251626, 0.993755627501947, 0.9938656859981095, 0.9936455505824995, 0.9928744950650914, 0.9917978520182572, 0.9906617233147991, 0.9898822202734819, 0.9895713946903857, 0.9894554977610486, 0.9899567196629677, 0.9906419147688306, 0.9909473317445143, 0.9905363725289497, 0.9899879968290018, 0.9894126569030567, 0.9890691209353606, 0.9894488298499828, 0.9901132733373363, 0.990998139258048, 0.9917714099598145, 0.992323185196827, 0.9928744950650914], [0.9896494185473639, 0.9901524613116449, 0.9904876964648194, 0.9906552760967559, 0.9903200915433565, 0.9891461472420751, 0.9874933609548214, 0.9857226701308378, 0.9844811344308235, 0.9839391254453983, 0.9837075957545612, 0.9844400635624188, 0.9854719120001384, 0.9859505591052281, 0.9853663668196976, 0.9845869142103371, 0.9837803823866755, 0.9833212055526357, 0.9839321575838114, 0.9849432558335275, 0.9862899322583333, 0.9874669183888534, 0.9883068523309192, 0.9891461472420751], [0.9860969633483626, 0.9867723492370786, 0.9872224539193718, 0.9874474605644197, 0.9869974168187968, 0.9854213022037052, 0.9831935443982034, 0.9807897789456934, 0.9790874237282496, 0.9783148790246222, 0.9779680505092457, 0.978931101160071, 0.9803086613544336, 0.9809600915672845, 0.9802031139611492, 0.9791932059342706, 0.9781561319978277, 0.977581650237507, 0.9784231830136317, 0.9797799940992773, 0.981587322600092, 0.9831671014505278, 0.984294586720233, 0.9854213022037052], [0.9825477004428352, 0.9833951255921681, 0.983959905802166, 0.9842422450276483, 0.9836775326666979, 0.9816999687912451, 0.9788984160028158, 0.9758630704654179, 0.9737011153162173, 0.9726986862527728, 0.9722368948043991, 0.9734298613904236, 0.9751521865944094, 0.97597595056171, 0.9750466377211338, 0.9738068991453719, 0.9725399365712735, 0.9718504877952933, 0.972921935104107, 0.9746235119230212, 0.9768903281974992, 0.9788719727999867, 0.9802863994370309, 0.9816999687912451], [0.9790016375248856, 0.9800207969952116, 0.9807000580737604, 0.981039635135326, 0.9803604453706846, 0.9779821558868175, 0.9746079894961159, 0.9709425655235224, 0.9683222365283181, 0.9670905781715855, 0.9665141616549386, 0.9679363733873659, 0.9700025116359706, 0.9709981576529763, 0.969896962020742, 0.9684280211712848, 0.9669318271589002, 0.9661277512672148, 0.9674284430196032, 0.9694738332466567, 0.9721989670697494, 0.97458154616543, 0.9762823016087704, 0.9779821558868175], [0.9941473623424861, 0.994432039014667, 0.9946217383028474, 0.9947165624404346, 0.9945268971655271, 0.9938625320495302, 0.9930145538162336, 0.9922749108556778, 0.9919224506127747, 0.9920535606402935, 0.9922726993507097, 0.9928796593807366, 0.9935333481337154, 0.9937166680566748, 0.9931238275170852, 0.9923326623228723, 0.9914380520005203, 0.9907746500523341, 0.9909101989373609, 0.9914829213826495, 0.9922455737598029, 0.9929119834174723, 0.9933874724933085, 0.9938625320495302], [0.9916429917632257, 0.99204937903632, 0.9923201881768263, 0.9924555580930818, 0.9921847951643928, 0.9912363957460587, 0.9900669259995644, 0.9891340897377063, 0.9887948828027133, 0.9891868468880266, 0.9896635135350379, 0.9906200164649885, 0.9915859094601661, 0.9918066186909648, 0.9908374196552755, 0.989544239602995, 0.9880625754704068, 0.9869273993603285, 0.9870225515485944, 0.9878399062126392, 0.9889283829902061, 0.989879561270294, 0.9905582704011225, 0.9912363957460587], [0.9880866928877935, 0.9886657897347332, 0.9890517023137652, 0.9892446130870584, 0.9888587612051388, 0.9875073218290339, 0.9857614637929694, 0.984193761396654, 0.9833922845371174, 0.9835529567656685, 0.9839139446445769, 0.9851018410270574, 0.9864145815927495, 0.9868086064155929, 0.9856660699262598, 0.9841416653487843, 0.9824286460903155, 0.9811777308484115, 0.9815042557054289, 0.982668468595901, 0.9842190046521299, 0.9855740952746355, 0.9865410920801541, 0.9875073218290339], [0.9809849531162549, 0.9819084353868455, 0.9825238948794635, 0.9828315661258535, 0.9822161846449332, 0.9800611183534607, 0.9771664839894453, 0.9743341234291397, 0.9726122374977205, 0.9723125171267206, 0.972443269311711, 0.9740916799541117, 0.9760949011636175, 0.9768340366906113, 0.975346363360068, 0.9733616470224771, 0.9711881594973034, 0.9697069363519222, 0.9704939506363468, 0.9723486569529699, 0.9748193496818431, 0.9769791109442688, 0.9785206078098657, 0.9800611183534607], [0.977438885072836, 0.9785341023838572, 0.9792640431845736, 0.979628952475241, 0.9788990931665708, 0.9763432995284127, 0.9728760490939213, 0.9694136086782932, 0.967233350322561, 0.9667044058065735, 0.9667205379656161, 0.9685981972626805, 0.9709452328248097, 0.971856249401212, 0.9701966897661676, 0.9679827656217919, 0.9655800387319513, 0.9639841810321319, 0.965000438982394, 0.9671989622322241, 0.9701279764994398, 0.97268867513939, 0.9745165025564448, 0.9763432995284127], [0.9845342262542203, 0.9852856678286992, 0.9857864509164954, 0.9860367891669749, 0.9855360771476253, 0.9837824635847364, 0.9814616291257109, 0.9792608514778666, 0.9779985626379631, 0.9779287163578323, 0.9781744214204284, 0.9795929091304402, 0.9812513627192858, 0.9818181664861373, 0.9805028353982135, 0.9787479606456603, 0.9768043775643742, 0.9754381362669047, 0.9759952375742518, 0.9775051711331986, 0.9795163681358431, 0.9812742578952547, 0.9825288099130552, 0.9837824635847364], [0.9932057952519399, 0.9935361207259045, 0.9937562475401365, 0.9938662839373206, 0.9936461931408356, 0.9928753071491612, 0.9917989428944789, 0.9906631717673882, 0.9898839630507026, 0.9895732955167046, 0.9894574803106352, 0.9899585400851277, 0.990643506088803, 0.9909488147786097, 0.9905379640303907, 0.9899897394063398, 0.9894145580577008, 0.989071104319995, 0.9894506512766963, 0.9901148655666657, 0.9909994515261338, 0.9917725008668203, 0.9923241312478622, 0.9928753071491612], [0.9896565784844235, 0.9901589367690186, 0.9904937351673571, 0.9906611022762407, 0.99032634667018, 0.9891540269971986, 0.9875038968061693, 0.9857365881874905, 0.9844978184954776, 0.9839572888237028, 0.9837265225089993, 0.9844574749612076, 0.9854871747031463, 0.9859648030544406, 0.9853816311958189, 0.9846035964386106, 0.9837985487708197, 0.983340139938587, 0.983949578195511, 0.9849585269205329, 0.9863025651557638, 0.9874774545278082, 0.9883160106858433, 0.9891540269971986], [0.9861105386770048, 0.9867846280500395, 0.9872339053407028, 0.9874585093492595, 0.9870092782465817, 0.9854362407733147, 0.9832135115429238, 0.9808161458526837, 0.9791190218614187, 0.9783492740490909, 0.9780038886011929, 0.9789640745264621, 0.9803375716204931, 0.9809870749506778, 0.980232027386812, 0.9792248006004716, 0.9781905326955653, 0.9776175027313061, 0.97845617377101, 0.9798089201981385, 0.9816112581734004, 0.9831870691389386, 0.9843119462861163, 0.9854362407733147], [0.9896512414267281, 0.9901541084633257, 0.9904892316115659, 0.9906567567785155, 0.9903216821793477, 0.9891481551663315, 0.9874960536825734, 0.9857262389268945, 0.9844854226782482, 0.9839437994782362, 0.9837124691258489, 0.9844445413893199, 0.9854758302077878, 0.9859542125158239, 0.9853702854679554, 0.9845912019730418, 0.9837850572147375, 0.9833260809452296, 0.9839366378452874, 0.984947176249096, 0.9862931676732541, 0.9874696111916976, 0.988309189530951, 0.9891481551663315], [0.9861020016726908, 0.986776904729871, 0.9872267014252117, 0.9874515582341671, 0.987001816930895, 0.9854268484840591, 0.9832009666196025, 0.9807995932093517, 0.979099196644118, 0.9783277002787385, 0.9779814129513504, 0.9789433894320515, 0.9803194275108191, 0.9809701364782121, 0.980213881306656, 0.9792049775440793, 0.97816895539121, 0.9775950181128549, 0.9784354778402177, 0.9797907662143874, 0.9815962275441665, 0.9831745238758132, 0.9843010357434244, 0.9854268484840591], [0.9825559503513607, 0.9834025861057119, 0.9839668626770739, 0.9842489568518707, 0.983684739102631, 0.9817090489700148, 0.9789105608243626, 0.9758791197278632, 0.9737203591588184, 0.9727196391184536, 0.972258729713364, 0.9734499454589423, 0.9751697886789528, 0.9759923761362195, 0.975064241740698, 0.9738261408635717, 0.9725608929151425, 0.9718723315361707, 0.9729420298318947, 0.9746411237039962, 0.9769048936182703, 0.9788841179538401, 0.9802969546971796, 0.9817090489700148], [0.9896675939568792, 0.9901689028441938, 0.9905030313295106, 0.9906700723709998, 0.9903359748239821, 0.9891661454321058, 0.9875200801210695, 0.9857579374519031, 0.9845233850381658, 0.9839851083185815, 0.9837555039522337, 0.984484149462521, 0.985510574968129, 0.9859866495807252, 0.9854050339981746, 0.9846291601991173, 0.9838263728150901, 0.983369132926452, 0.9839762666477191, 0.9849819399002715, 0.9863219527214422, 0.9874936382805044, 0.9883300868299737, 0.9891661454321058], [0.9982622744039559, 0.9983423282520891, 0.9985431532731862, 0.9985934782928181, 0.998535782784712, 0.9991966653572654, 0.9989580316475005, 0.9988124656289763, 0.9988278817641149, 0.9990239655622292, 0.999219271736147, 0.9994816151076322, 0.999716208312987, 0.9997122307569655, 0.9993845170815974, 0.9990677350706532, 0.9986717533252708, 0.9983229944455979, 0.9982917231303479, 0.9984719464661831, 0.9987071204434647, 0.9980790799204635, 0.9984666054227516, 0.9986022672629156], [0.9966986541073768, 0.9967815885377684, 0.9969784741240377, 0.9970428597382908, 0.9969570429488432, 0.9980946744941471, 0.9978752019096898, 0.9980816324534897, 0.9987095200963217, 0.9997494306066751, 1.000649022362884, 1.00138464669983, 1.001872997217719, 1.0017593289194695, 1.0008663214996938, 0.9997698392276811, 0.9984277494029641, 0.9972267089322059, 0.9968243120550213, 0.997095983897478, 0.9974319296262811, 0.9964650295823678, 0.9971040304857219, 0.9972780130832624], [0.9954134302051222, 0.9954756581898894, 0.9956520701845584, 0.9957244644435327, 0.9956226303531813, 0.9973590432429421, 0.9972413952870381, 0.9979369116074204, 0.9993271998981962, 1.0013622817500847, 1.0030826129406036, 1.0043273073220282, 1.0050577705179573, 1.0047945225194979, 1.0032791686615752, 1.001323939624557, 0.9989341600862985, 0.9967776141099729, 0.9959205170124347, 0.9962483262380573, 0.9966350343061198, 0.9952263463308502, 0.9961116476671285, 0.9962892742644478], [0.994713090051747, 0.9949651721679736, 0.9952806667895246, 0.9953883212997244, 0.9952159637033479, 0.9954754297459929, 0.9946630529441093, 0.9938859832628179, 0.9934418702404587, 0.9934081117994088, 0.993488478466947, 0.9939806976728907, 0.9945600003263221, 0.9947283303090301, 0.9942283046233767, 0.9936817270814593, 0.9930558939154173, 0.9925921862054, 0.9927907873976428, 0.9933157216900548, 0.9940103210123954, 0.9937840929963928, 0.9944585351717743, 0.9948810274876538], [0.9911670664809776, 0.9915908774090941, 0.9920208499287008, 0.9921857407266457, 0.9918989089972977, 0.991757665834222, 0.9903727014463493, 0.9889655916608634, 0.9880631403033773, 0.9878001737071387, 0.987765927063896, 0.9884873712881332, 0.9894104591038929, 0.9897506579834314, 0.9890787611593713, 0.9883029989164006, 0.9874479529916456, 0.986869627295243, 0.9872974518385634, 0.9881661720511123, 0.9893190576028146, 0.9894937373794125, 0.9904544959784323, 0.9911632614899947], [0.9809881698280675, 0.98191134481538, 0.9825266082165369, 0.9828341840400336, 0.9822189951527505, 0.9800646581751016, 0.9771712149796749, 0.9743403682241912, 0.9726197167685392, 0.972320651889688, 0.9724517398491646, 0.9740994703114494, 0.9761017303622963, 0.9768404116410161, 0.9753531978416019, 0.973369120486866, 0.9711963037600435, 0.9697154310045072, 0.970501770120017, 0.9723555126731772, 0.9748250222199705, 0.9769838428478497, 0.9785247214755146, 0.9800646581751016], [0.994713090051747, 0.9949651721679736, 0.9952806667895246, 0.9953883212997244, 0.9952159637033479, 0.9954754297459929, 0.9946630529441093, 0.9938859832628179, 0.9934418702404587, 0.9934081117994088, 0.993488478466947, 0.9939806976728907, 0.9945600003263221, 0.9947283303090301, 0.9942283046233767, 0.9936817270814593, 0.9930558939154173, 0.9925921862054, 0.9927907873976428, 0.9933157216900548, 0.9940103210123954, 0.9937840929963928, 0.9944585351717743, 0.9948810274876538], [0.9911670664809776, 0.9915908774090941, 0.9920208499287008, 0.9921857407266457, 0.9918989089972977, 0.991757665834222, 0.9903727014463493, 0.9889655916608634, 0.9880631403033773, 0.9878001737071387, 0.987765927063896, 0.9884873712881332, 0.9894104591038929, 0.9897506579834314, 0.9890787611593713, 0.9883029989164006, 0.9874479529916456, 0.986869627295243, 0.9872974518385634, 0.9881661720511123, 0.9893190576028146, 0.9894937373794125, 0.9904544959784323, 0.9911632614899947], [0.9974047303401159, 0.9975579818002474, 0.998174665171015, 0.9983001489101969, 0.9981980915505199, 1.0005004086955687, 1.000019219442866, 0.9996066857194875, 0.9994278407086586, 0.9995267637701291, 0.9996734827912697, 1.000033005566482, 1.0004133239510729, 1.0003913386383643, 0.9998580249044895, 0.999579472437351, 0.9991745458044334, 0.9987771910434744, 0.998843094093411, 0.9991690411939539, 0.9995984362213287, 0.9973303993572067, 0.9983235872798821, 0.9985673011470632], [0.9967529356008584, 0.9969718187739742, 0.9980272999307863, 0.9982293173999953, 0.9980882567143076, 1.0021902850441262, 1.0014913648560473, 1.00083922181476, 1.0004860465510783, 1.0004977850269363, 1.00060090764911, 1.0010476299836428, 1.0015587171963447, 1.0015041387625223, 1.0007623406044532, 1.0005425640242855, 1.000145561397601, 0.9997046015894624, 0.9998576992657651, 1.000314413898775, 1.0009181133278955, 0.9968526143619467, 0.9984759146797695, 0.998814091283803], [0.9963408049232165, 0.9966165248029594, 0.9981376621664579, 0.9984178378226223, 0.9982440091086637, 1.0043310044183782, 1.0034432660872357, 1.0025833582567487, 1.0020790391116394, 1.0020151945386198, 1.0020805235953028, 1.002602840697257, 1.0032273002486092, 1.0031230874012271, 1.0021693435887533, 1.0020323509556257, 1.0016629655324194, 1.0011842039170438, 1.0014128917559915, 1.001982977650118, 1.0027378062068173, 0.9966904554965731, 0.9989725970174296, 0.9993894220594861], [0.992794786543911, 0.9932422348093826, 0.9948778529846035, 0.9952152651050389, 0.9949269628300222, 1.0006132712892737, 0.9991529553398922, 0.9976630198847112, 0.9967003724469232, 0.9964073250170633, 0.9963580434716081, 0.9971095801358644, 0.9980778170710632, 0.9981454675881423, 0.9970198533801496, 0.9966536839518391, 0.996055093227989, 0.9954617164149933, 0.9959196221780573, 0.9968334862014017, 0.9980465913221912, 0.9924001134723505, 0.9949685761495333, 0.9956716718205816], [0.9965509902210314, 0.9968607286223509, 0.9989174785785964, 0.9992800303880394, 0.9990896458560053, 1.0076407354224948, 1.0066399532762684, 1.0056556882129009, 1.0050609219370508, 1.004951853833708, 1.0049945717103141, 1.005562118694091, 1.0062544184542692, 1.006056295023803, 1.0048819876099595, 1.004890150530975, 1.004599620570965, 1.0040982412777717, 1.0043721553052367, 1.0050100804792486, 1.0058553562562484, 0.9973482225798593, 1.0003638861153743, 1.0008181836545678], [0.9971750010048076, 0.9975036253348528, 1.0001430181867017, 1.0005908486526536, 1.0003946694469639, 1.0117340838092772, 1.010670450466507, 1.0096170477090858, 1.008971998760198, 1.0088377898282739, 1.0088679376573289, 1.0094606279077094, 1.0101906412780055, 1.0098688273635856, 1.0084675801742577, 1.0086628621325935, 1.0084855548124083, 1.0079716027985828, 1.008270658590133, 1.008946297021232, 1.009841856161036, 0.9985515866860005, 1.002351526438323, 1.0028159664122116], [0.9959005681015984, 0.9960952776350603, 0.9963725191282663, 0.9964610454978108, 0.9963269432586862, 0.9967202734890518, 0.9961950924303935, 0.9959163617060341, 0.9960092748568848, 0.9965321003028697, 0.9970347335781048, 0.9976616480223109, 0.9982029565039315, 0.9982179237102745, 0.9974873593617103, 0.99663324879782, 0.9956036610221035, 0.994736220918019, 0.9946278569959026, 0.9950382436988785, 0.9955800551775185, 0.9952200818566053, 0.9957989637955391, 0.9961258700073226], [0.9923481774986518, 0.9927152210877964, 0.9931073277682416, 0.9932532786687125, 0.993004322647456, 0.99299551383108, 0.9918954071612135, 0.9909836735775501, 0.9906158389854542, 0.9909081798373256, 0.9912955470126126, 0.9921530122459521, 0.99303998104128, 0.9932277036472045, 0.9923243692891803, 0.9912398268815525, 0.9899797179508166, 0.9889969760267899, 0.9891191503864937, 0.9898752034633643, 0.990877613927357, 0.9909203827603925, 0.9917867969012446, 0.9924011040442532], [0.988798955200277, 0.9893380323430974, 0.9898448118665752, 0.990048093791482, 0.9896844725611829, 0.9892742345314257, 0.9876003619873883, 0.9860570940099899, 0.9852297054072428, 0.9852921949240423, 0.9855646204412879, 0.9866519814089986, 0.9878836824715427, 0.9882437210505477, 0.9871680609370278, 0.9858537026492751, 0.9843637178952077, 0.9832660103824237, 0.9836180721071212, 0.984718861523076, 0.9861807261717592, 0.9866253283350456, 0.9877786719082378, 0.9886798205279942], [0.9852529126224673, 0.9859637212261267, 0.98658498027257, 0.9868454992538227, 0.986367402326744, 0.9855564487344977, 0.9833099771823796, 0.9811366536863657, 0.979850914276704, 0.9796841910703569, 0.979842002194096, 0.9811585981655978, 0.9827340958397361, 0.9832660075473199, 0.98201846940124, 0.9804749162044769, 0.9787557064487644, 0.9775433725418229, 0.9781246650762572, 0.9795692531492907, 0.9814894184951324, 0.9823349388942095, 0.9837746052885219, 0.9849620326187964], [0.9888021463547301, 0.9893409198106379, 0.9898475050362788, 0.9900506925306178, 0.989687261753559, 0.9892777412001524, 0.9876050426681566, 0.9860632640038414, 0.9852370881051492, 0.985300221604138, 0.9855729772179851, 0.9866596717604563, 0.9878904295343108, 0.9882500218406012, 0.9871748129293746, 0.9858610806358419, 0.9843717522113431, 0.9832743868665534, 0.9836257863788249, 0.9847256304414506, 0.9861863328903998, 0.9866300136718067, 0.9877827467827152, 0.9886833293169367], [0.9932136223251905, 0.9935432017191846, 0.9937628522879014, 0.9938726568922073, 0.9936530339000157, 0.9928839184564204, 0.9918104450142128, 0.990678348922403, 0.9899021412265766, 0.9895930771880868, 0.9894780890515732, 0.9899775068004645, 0.990660142640945, 0.990964345741883, 0.9905546023897162, 0.9900079156003485, 0.9894343429703328, 0.9890917212866646, 0.9894696279306509, 0.9901315111745966, 0.9910132329929677, 0.9917840032981757, 0.9923341347055358, 0.9928839184564204], [0.9896675939568792, 0.9901689028441938, 0.9905030313295106, 0.9906700723709998, 0.9903359748239821, 0.9891661454321058, 0.9875200801210695, 0.9857579374519031, 0.9845233850381658, 0.9839851083185815, 0.9837555039522337, 0.984484149462521, 0.985510574968129, 0.9859866495807252, 0.9854050339981746, 0.9846291601991173, 0.9838263728150901, 0.983369132926452, 0.9839762666477191, 0.9849819399002715, 0.9863219527214422, 0.9874936382805044, 0.9883300868299737, 0.9891661454321058], [0.9861009350237699, 0.9867759397250085, 0.9872258013052806, 0.9874506896950161, 0.9870008846559093, 0.9854256749978688, 0.9831993993529015, 0.980797525414854, 0.9790967201770301, 0.9783250054699517, 0.9779786055285749, 0.9789408055907683, 0.9803171609723961, 0.9809680204999951, 0.9802116145222405, 0.9792025013467408, 0.9781662601412936, 0.9775922095706111, 0.9784328926462517, 0.9797884984432974, 0.9815943498283937, 0.9831729565666822, 0.9842996726140693, 0.9854256749978688], [0.9825548836989723, 0.9834016210980133, 0.9839659625546767, 0.9842480883104241, 0.9836838068249991, 0.9817078754796243, 0.9789089935501502, 0.9758770519202541, 0.9737178826728871, 0.972716944287334, 0.9722559222663401, 0.9734473615971418, 0.9751675221247671, 0.9759902601442748, 0.9750619749405148, 0.9738236646473961, 0.9725581976428823, 0.9718695229696497, 0.9729394446173791, 0.9746388559171182, 0.9769030158916957, 0.9788825506371974, 0.9802955915621496, 0.9817078754796243], [0.9825548836989723, 0.9834016210980133, 0.9839659625546767, 0.9842480883104241, 0.9836838068249991, 0.9817078754796243, 0.9789089935501502, 0.9758770519202541, 0.9737178826728871, 0.972716944287334, 0.9722559222663401, 0.9734473615971418, 0.9751675221247671, 0.9759902601442748, 0.9750619749405148, 0.9738236646473961, 0.9725581976428823, 0.9718695229696497, 0.9729394446173791, 0.9746388559171182, 0.9769030158916957, 0.9788825506371974, 0.9802955915621496, 0.9817078754796243]]
z_mix = []
