id,run_id,path,equation,residual,tolerance,pass
legacy_ua10_energy_economic_highs,r8-energy-41647084-fe10-439c-bc86-3120b16794a3,validation/primary/normal_check/rows/1,R8-E2-capacity,0.0,2.8e-6,true
legacy_ua10_energy_economic_highs,r8-energy-41647084-fe10-439c-bc86-3120b16794a3,validation/primary/normal_check/rows/2,R8-E2-capacity,0.0,2.8e-6,true
legacy_ua10_energy_economic_highs,r8-energy-41647084-fe10-439c-bc86-3120b16794a3,validation/primary/normal_check/rows/3,R8-E2-capacity,0.0,2.8e-6,true
legacy_ua10_energy_economic_highs,r8-energy-41647084-fe10-439c-bc86-3120b16794a3,validation/primary/normal_check/rows/4,R8-E2-capacity,0.0,2.8e-6,true
legacy_ua10_energy_economic_highs,r8-energy-41647084-fe10-439c-bc86-3120b16794a3,validation/primary/normal_check/rows/5,R8-E2-capacity,0.0,2.8e-6,true
legacy_ua10_energy_economic_highs,r8-energy-41647084-fe10-439c-bc86-3120b16794a3,validation/primary/normal_check/rows/6,R8-E2-capacity,0.0,2.8e-6,true
legacy_ua10_energy_economic_highs,r8-energy-41647084-fe10-439c-bc86-3120b16794a3,validation/primary/normal_check/rows/7,R8-E2-capacity,0.0,2.8e-6,true
legacy_ua10_energy_economic_highs,r8-energy-41647084-fe10-439c-bc86-3120b16794a3,validation/primary/normal_check/rows/8,R8-E2-capacity,0.0,2.8e-6,true
legacy_ua10_energy_economic_highs,r8-energy-41647084-fe10-439c-bc86-3120b16794a3,validation/primary/normal_check/rows/9,R8-E1-balance,0.0,2.8e-6,true
legacy_ua10_energy_economic_highs,r8-energy-41647084-fe10-439c-bc86-3120b16794a3,validation/primary/normal_check/rows/10,R8-E1-balance,0.0,2.8e-6,true
legacy_ua10_energy_economic_highs,r8-energy-41647084-fe10-439c-bc86-3120b16794a3,validation/primary/normal_check/rows/11,R8-E1-balance,0.0,2.8e-6,true
legacy_ua10_energy_economic_highs,r8-energy-41647084-fe10-439c-bc86-3120b16794a3,validation/primary/normal_check/rows/12,R8-E1-balance,0.0,2.8e-6,true
legacy_ua10_energy_economic_highs,r8-energy-41647084-fe10-439c-bc86-3120b16794a3,validation/primary/normal_check/rows/13,R8-E1-balance,0.0,2.8e-6,true
legacy_ua10_energy_economic_highs,r8-energy-41647084-fe10-439c-bc86-3120b16794a3,validation/primary/normal_check/rows/14,R8-E1-balance,0.0,2.8e-6,true
legacy_ua10_energy_economic_highs,r8-energy-41647084-fe10-439c-bc86-3120b16794a3,validation/primary/normal_check/rows/15,R8-E1-balance,0.0,2.8e-6,true
legacy_ua10_energy_economic_highs,r8-energy-41647084-fe10-439c-bc86-3120b16794a3,validation/primary/normal_check/rows/16,R8-E1-balance,0.0,2.8e-6,true
legacy_ua10_energy_economic_highs,r8-energy-41647084-fe10-439c-bc86-3120b16794a3,validation/primary/normal_check/rows/17,R8-E1-balance,0.0,2.8e-6,true
legacy_ua10_energy_economic_highs,r8-energy-41647084-fe10-439c-bc86-3120b16794a3,validation/primary/normal_check/rows/18,R8-E1-balance,0.0,2.8e-6,true
legacy_ua10_energy_economic_highs,r8-energy-41647084-fe10-439c-bc86-3120b16794a3,validation/primary/normal_check/rows/19,R8-E1-balance,0.0,2.8e-6,true
legacy_ua10_energy_economic_highs,r8-energy-41647084-fe10-439c-bc86-3120b16794a3,validation/primary/normal_check/rows/20,R8-E1-balance,0.0,2.8e-6,true
legacy_ua10_energy_economic_highs,r8-energy-41647084-fe10-439c-bc86-3120b16794a3,validation/primary/normal_check/rows/21,R8-E1-balance,0.0,2.8e-6,true
legacy_ua10_energy_economic_highs,r8-energy-41647084-fe10-439c-bc86-3120b16794a3,validation/primary/normal_check/rows/22,R8-E1-balance,0.0,2.8e-6,true
legacy_ua10_energy_economic_highs,r8-energy-41647084-fe10-439c-bc86-3120b16794a3,validation/primary/normal_check/rows/23,R8-E1-balance,0.0,2.8e-6,true
legacy_ua10_energy_economic_highs,r8-energy-41647084-fe10-439c-bc86-3120b16794a3,validation/primary/normal_check/rows/24,R8-E1-balance,0.0,2.8e-6,true
legacy_ua10_energy_economic_highs,r8-energy-41647084-fe10-439c-bc86-3120b16794a3,validation/primary/normal_check/shared/rows/1,R7-B1-bounds,0.0,1.0e-6,true
legacy_ua10_energy_economic_highs,r8-energy-41647084-fe10-439c-bc86-3120b16794a3,validation/primary/normal_check/shared/rows/2,R7-B1-integer,0.0,1.0e-6,true
legacy_ua10_energy_economic_highs,r8-energy-41647084-fe10-439c-bc86-3120b16794a3,validation/primary/normal_check/shared/rows/3,R7-B1-inactive,0.0,1.0e-6,true
legacy_ua10_energy_economic_highs,r8-energy-41647084-fe10-439c-bc86-3120b16794a3,validation/primary/normal_check/shared/rows/4,R7-B1-bounds,0.0,1.0e-6,true
legacy_ua10_energy_economic_highs,r8-energy-41647084-fe10-439c-bc86-3120b16794a3,validation/primary/normal_check/shared/rows/5,R7-B1-integer,0.0,1.0e-6,true
legacy_ua10_energy_economic_highs,r8-energy-41647084-fe10-439c-bc86-3120b16794a3,validation/primary/normal_check/shared/rows/6,R7-B1-inactive,0.0,1.0e-6,true
legacy_ua10_energy_economic_highs,r8-energy-41647084-fe10-439c-bc86-3120b16794a3,validation/primary/normal_check/shared/rows/7,R7-B1-bounds,0.0,1.0e-6,true
legacy_ua10_energy_economic_highs,r8-energy-41647084-fe10-439c-bc86-3120b16794a3,validation/primary/normal_check/shared/rows/8,R7-B1-integer,0.0,1.0e-6,true
legacy_ua10_energy_economic_highs,r8-energy-41647084-fe10-439c-bc86-3120b16794a3,validation/primary/normal_check/shared/rows/9,R7-B1-inactive,0.0,1.0e-6,true
legacy_ua10_energy_economic_highs,r8-energy-41647084-fe10-439c-bc86-3120b16794a3,validation/primary/normal_check/shared/rows/10,R7-B1-bounds,0.0,1.0e-6,true
legacy_ua10_energy_economic_highs,r8-energy-41647084-fe10-439c-bc86-3120b16794a3,validation/primary/normal_check/shared/rows/11,R7-B1-integer,0.0,1.0e-6,true
legacy_ua10_energy_economic_highs,r8-energy-41647084-fe10-439c-bc86-3120b16794a3,validation/primary/normal_check/shared/rows/12,R7-B1-inactive,0.0,1.0e-6,true
legacy_ua10_energy_economic_highs,r8-energy-41647084-fe10-439c-bc86-3120b16794a3,validation/primary/normal_check/shared/rows/13,R7-B1-bounds,0.0,1.0e-6,true
legacy_ua10_energy_economic_highs,r8-energy-41647084-fe10-439c-bc86-3120b16794a3,validation/primary/normal_check/shared/rows/14,R7-B1-integer,0.0,1.0e-6,true
legacy_ua10_energy_economic_highs,r8-energy-41647084-fe10-439c-bc86-3120b16794a3,validation/primary/normal_check/shared/rows/15,R7-B1-inactive,0.0,1.0e-6,true
legacy_ua10_energy_economic_highs,r8-energy-41647084-fe10-439c-bc86-3120b16794a3,validation/primary/normal_check/shared/rows/16,R7-B1-bounds,0.0,1.0e-6,true
legacy_ua10_energy_economic_highs,r8-energy-41647084-fe10-439c-bc86-3120b16794a3,validation/primary/normal_check/shared/rows/17,R7-B1-integer,0.0,1.0e-6,true
legacy_ua10_energy_economic_highs,r8-energy-41647084-fe10-439c-bc86-3120b16794a3,validation/primary/normal_check/shared/rows/18,R7-B1-inactive,0.0,1.0e-6,true
legacy_ua10_energy_economic_highs,r8-energy-41647084-fe10-439c-bc86-3120b16794a3,validation/primary/normal_check/shared/rows/19,R7-B1-bounds,0.0,1.0e-6,true
legacy_ua10_energy_economic_highs,r8-energy-41647084-fe10-439c-bc86-3120b16794a3,validation/primary/normal_check/shared/rows/20,R7-B1-integer,0.0,1.0e-6,true
legacy_ua10_energy_economic_highs,r8-energy-41647084-fe10-439c-bc86-3120b16794a3,validation/primary/normal_check/shared/rows/21,R7-B1-inactive,0.0,1.0e-6,true
legacy_ua10_energy_economic_highs,r8-energy-41647084-fe10-439c-bc86-3120b16794a3,validation/primary/normal_check/shared/rows/22,R7-B1-bounds,0.0,1.0e-6,true
legacy_ua10_energy_economic_highs,r8-energy-41647084-fe10-439c-bc86-3120b16794a3,validation/primary/normal_check/shared/rows/23,R7-B1-integer,0.0,1.0e-6,true
legacy_ua10_energy_economic_highs,r8-energy-41647084-fe10-439c-bc86-3120b16794a3,validation/primary/normal_check/shared/rows/24,R7-B1-inactive,0.0,1.0e-6,true
legacy_ua10_energy_economic_highs,r8-energy-41647084-fe10-439c-bc86-3120b16794a3,validation/primary/normal_check/shared/rows/25,R7-B1-bounds,0.0,1.0e-6,true
legacy_ua10_energy_economic_highs,r8-energy-41647084-fe10-439c-bc86-3120b16794a3,validation/primary/normal_check/shared/rows/26,R7-B1-integer,0.0,1.0e-6,true
legacy_ua10_energy_economic_highs,r8-energy-41647084-fe10-439c-bc86-3120b16794a3,validation/primary/normal_check/shared/rows/27,R7-B1-charge,0.0,2.8e-6,true
legacy_ua10_energy_economic_highs,r8-energy-41647084-fe10-439c-bc86-3120b16794a3,validation/primary/normal_check/shared/rows/28,R7-B1-discharge,0.0,2.8e-6,true
legacy_ua10_energy_economic_highs,r8-energy-41647084-fe10-439c-bc86-3120b16794a3,validation/primary/normal_check/shared/rows/29,R7-B1-nonsimultaneous,0.0,2.8e-6,true
legacy_ua10_energy_economic_highs,r8-energy-41647084-fe10-439c-bc86-3120b16794a3,validation/primary/normal_check/shared/rows/30,R7-B1-bounds,0.0,1.0e-6,true
legacy_ua10_energy_economic_highs,r8-energy-41647084-fe10-439c-bc86-3120b16794a3,validation/primary/normal_check/shared/rows/31,R7-B1-integer,0.0,1.0e-6,true
legacy_ua10_energy_economic_highs,r8-energy-41647084-fe10-439c-bc86-3120b16794a3,validation/primary/normal_check/shared/rows/32,R7-B1-charge,0.0,2.8e-6,true
legacy_ua10_energy_economic_highs,r8-energy-41647084-fe10-439c-bc86-3120b16794a3,validation/primary/normal_check/shared/rows/33,R7-B1-discharge,0.0,2.8e-6,true
legacy_ua10_energy_economic_highs,r8-energy-41647084-fe10-439c-bc86-3120b16794a3,validation/primary/normal_check/shared/rows/34,R7-B1-nonsimultaneous,0.0,2.8e-6,true
legacy_ua10_energy_economic_highs,r8-energy-41647084-fe10-439c-bc86-3120b16794a3,validation/primary/normal_check/shared/rows/35,R7-B1-bounds,0.0,1.0e-6,true
legacy_ua10_energy_economic_highs,r8-energy-41647084-fe10-439c-bc86-3120b16794a3,validation/primary/normal_check/shared/rows/36,R7-B1-integer,0.0,1.0e-6,true
legacy_ua10_energy_economic_highs,r8-energy-41647084-fe10-439c-bc86-3120b16794a3,validation/primary/normal_check/shared/rows/37,R7-B1-charge,0.0,2.8e-6,true
legacy_ua10_energy_economic_highs,r8-energy-41647084-fe10-439c-bc86-3120b16794a3,validation/primary/normal_check/shared/rows/38,R7-B1-discharge,0.0,2.8e-6,true
legacy_ua10_energy_economic_highs,r8-energy-41647084-fe10-439c-bc86-3120b16794a3,validation/primary/normal_check/shared/rows/39,R7-B1-nonsimultaneous,0.0,2.8e-6,true
legacy_ua10_energy_economic_highs,r8-energy-41647084-fe10-439c-bc86-3120b16794a3,validation/primary/normal_check/shared/rows/40,R7-B1-bounds,0.0,1.0e-6,true
legacy_ua10_energy_economic_highs,r8-energy-41647084-fe10-439c-bc86-3120b16794a3,validation/primary/normal_check/shared/rows/41,R7-B1-integer,0.0,1.0e-6,true
legacy_ua10_energy_economic_highs,r8-energy-41647084-fe10-439c-bc86-3120b16794a3,validation/primary/normal_check/shared/rows/42,R7-B1-charge,0.0,2.8e-6,true
legacy_ua10_energy_economic_highs,r8-energy-41647084-fe10-439c-bc86-3120b16794a3,validation/primary/normal_check/shared/rows/43,R7-B1-discharge,0.0,2.8e-6,true
legacy_ua10_energy_economic_highs,r8-energy-41647084-fe10-439c-bc86-3120b16794a3,validation/primary/normal_check/shared/rows/44,R7-B1-nonsimultaneous,0.0,2.8e-6,true
legacy_ua10_energy_economic_highs,r8-energy-41647084-fe10-439c-bc86-3120b16794a3,validation/primary/normal_check/shared/rows/45,R7-B1-bounds,0.0,1.0e-6,true
legacy_ua10_energy_economic_highs,r8-energy-41647084-fe10-439c-bc86-3120b16794a3,validation/primary/normal_check/shared/rows/46,R7-B1-integer,0.0,1.0e-6,true
legacy_ua10_energy_economic_highs,r8-energy-41647084-fe10-439c-bc86-3120b16794a3,validation/primary/normal_check/shared/rows/47,R7-B1-charge,0.0,2.8e-6,true
legacy_ua10_energy_economic_highs,r8-energy-41647084-fe10-439c-bc86-3120b16794a3,validation/primary/normal_check/shared/rows/48,R7-B1-discharge,0.0,2.8e-6,true
legacy_ua10_energy_economic_highs,r8-energy-41647084-fe10-439c-bc86-3120b16794a3,validation/primary/normal_check/shared/rows/49,R7-B1-nonsimultaneous,0.0,2.8e-6,true
legacy_ua10_energy_economic_highs,r8-energy-41647084-fe10-439c-bc86-3120b16794a3,validation/primary/normal_check/shared/rows/50,R7-B1-bounds,0.0,1.0e-6,true
legacy_ua10_energy_economic_highs,r8-energy-41647084-fe10-439c-bc86-3120b16794a3,validation/primary/normal_check/shared/rows/51,R7-B1-integer,0.0,1.0e-6,true
legacy_ua10_energy_economic_highs,r8-energy-41647084-fe10-439c-bc86-3120b16794a3,validation/primary/normal_check/shared/rows/52,R7-B1-charge,0.0,2.8e-6,true
legacy_ua10_energy_economic_highs,r8-energy-41647084-fe10-439c-bc86-3120b16794a3,validation/primary/normal_check/shared/rows/53,R7-B1-discharge,0.0,2.8e-6,true
legacy_ua10_energy_economic_highs,r8-energy-41647084-fe10-439c-bc86-3120b16794a3,validation/primary/normal_check/shared/rows/54,R7-B1-nonsimultaneous,0.0,2.8e-6,true
legacy_ua10_energy_economic_highs,r8-energy-41647084-fe10-439c-bc86-3120b16794a3,validation/primary/normal_check/shared/rows/55,R7-B1-bounds,0.0,1.0e-6,true
legacy_ua10_energy_economic_highs,r8-energy-41647084-fe10-439c-bc86-3120b16794a3,validation/primary/normal_check/shared/rows/56,R7-B1-integer,0.0,1.0e-6,true
legacy_ua10_energy_economic_highs,r8-energy-41647084-fe10-439c-bc86-3120b16794a3,validation/primary/normal_check/shared/rows/57,R7-B1-charge,0.0,2.8e-6,true
legacy_ua10_energy_economic_highs,r8-energy-41647084-fe10-439c-bc86-3120b16794a3,validation/primary/normal_check/shared/rows/58,R7-B1-discharge,0.0,2.8e-6,true
legacy_ua10_energy_economic_highs,r8-energy-41647084-fe10-439c-bc86-3120b16794a3,validation/primary/normal_check/shared/rows/59,R7-B1-nonsimultaneous,0.0,2.8e-6,true
legacy_ua10_energy_economic_highs,r8-energy-41647084-fe10-439c-bc86-3120b16794a3,validation/primary/normal_check/shared/rows/60,R7-B1-bounds,0.0,1.0e-6,true
legacy_ua10_energy_economic_highs,r8-energy-41647084-fe10-439c-bc86-3120b16794a3,validation/primary/normal_check/shared/rows/61,R7-B1-integer,0.0,1.0e-6,true
legacy_ua10_energy_economic_highs,r8-energy-41647084-fe10-439c-bc86-3120b16794a3,validation/primary/normal_check/shared/rows/62,R7-B1-charge,0.0,2.8e-6,true
legacy_ua10_energy_economic_highs,r8-energy-41647084-fe10-439c-bc86-3120b16794a3,validation/primary/normal_check/shared/rows/63,R7-B1-discharge,0.0,2.8e-6,true
legacy_ua10_energy_economic_highs,r8-energy-41647084-fe10-439c-bc86-3120b16794a3,validation/primary/normal_check/shared/rows/64,R7-B1-nonsimultaneous,0.0,2.8e-6,true
legacy_ua10_energy_economic_highs,r8-energy-41647084-fe10-439c-bc86-3120b16794a3,validation/primary/normal_check/shared/rows/65,R7-N1,0.0,1.0e-6,true
legacy_ua10_energy_economic_highs,r8-energy-41647084-fe10-439c-bc86-3120b16794a3,validation/primary/normal_check/shared/rows/66,R7-N1,0.0,1.0e-6,true
legacy_ua10_energy_economic_highs,r8-energy-41647084-fe10-439c-bc86-3120b16794a3,validation/primary/normal_check/shared/rows/67,R7-N1,0.0,1.0e-6,true
legacy_ua10_energy_economic_highs,r8-energy-41647084-fe10-439c-bc86-3120b16794a3,validation/primary/normal_check/shared/rows/68,R7-N1,0.0,1.0e-6,true
legacy_ua10_energy_economic_highs,r8-energy-41647084-fe10-439c-bc86-3120b16794a3,validation/primary/normal_check/shared/rows/69,R7-N1,0.0,1.0e-6,true
legacy_ua10_energy_economic_highs,r8-energy-41647084-fe10-439c-bc86-3120b16794a3,validation/primary/normal_check/shared/rows/70,6-2,0.0,2.0e-6,true
legacy_ua10_energy_economic_highs,r8-energy-41647084-fe10-439c-bc86-3120b16794a3,validation/primary/normal_check/shared/rows/71,6-3,0.0,2.0e-6,true
legacy_ua10_energy_economic_highs,r8-energy-41647084-fe10-439c-bc86-3120b16794a3,validation/primary/normal_check/shared/rows/72,6-4,0.0,2.0e-6,true
legacy_ua10_energy_economic_highs,r8-energy-41647084-fe10-439c-bc86-3120b16794a3,validation/primary/normal_check/shared/rows/73,6-5,0.0,2.0e-6,true
legacy_ua10_energy_economic_highs,r8-energy-41647084-fe10-439c-bc86-3120b16794a3,validation/primary/normal_check/shared/rows/74,6-11,0.0,2.0e-6,true
legacy_ua10_energy_economic_highs,r8-energy-41647084-fe10-439c-bc86-3120b16794a3,validation/primary/normal_check/shared/rows/75,6-2,0.0,2.0e-6,true
legacy_ua10_energy_economic_highs,r8-energy-41647084-fe10-439c-bc86-3120b16794a3,validation/primary/normal_check/shared/rows/76,6-3,0.0,2.0e-6,true
legacy_ua10_energy_economic_highs,r8-energy-41647084-fe10-439c-bc86-3120b16794a3,validation/primary/normal_check/shared/rows/77,6-4,0.0,2.0e-6,true
legacy_ua10_energy_economic_highs,r8-energy-41647084-fe10-439c-bc86-3120b16794a3,validation/primary/normal_check/shared/rows/78,6-5,0.0,2.0e-6,true
legacy_ua10_energy_economic_highs,r8-energy-41647084-fe10-439c-bc86-3120b16794a3,validation/primary/normal_check/shared/rows/79,6-11,0.0,2.0e-6,true
legacy_ua10_energy_economic_highs,r8-energy-41647084-fe10-439c-bc86-3120b16794a3,validation/primary/normal_check/shared/rows/80,R7-N1,0.0,1.0e-6,true
legacy_ua10_energy_economic_highs,r8-energy-41647084-fe10-439c-bc86-3120b16794a3,validation/primary/normal_check/shared/rows/81,R7-N1,0.0,1.0e-6,true
legacy_ua10_energy_economic_highs,r8-energy-41647084-fe10-439c-bc86-3120b16794a3,validation/primary/normal_check/shared/rows/82,R7-N1,0.0,1.0e-6,true
legacy_ua10_energy_economic_highs,r8-energy-41647084-fe10-439c-bc86-3120b16794a3,validation/primary/normal_check/shared/rows/83,R7-N1,0.0,1.0e-6,true
legacy_ua10_energy_economic_highs,r8-energy-41647084-fe10-439c-bc86-3120b16794a3,validation/primary/normal_check/shared/rows/84,R7-N1,0.0,1.0e-6,true
legacy_ua10_energy_economic_highs,r8-energy-41647084-fe10-439c-bc86-3120b16794a3,validation/primary/normal_check/shared/rows/85,6-2,0.0,2.0e-6,true
legacy_ua10_energy_economic_highs,r8-energy-41647084-fe10-439c-bc86-3120b16794a3,validation/primary/normal_check/shared/rows/86,6-3,0.0,2.0e-6,true
legacy_ua10_energy_economic_highs,r8-energy-41647084-fe10-439c-bc86-3120b16794a3,validation/primary/normal_check/shared/rows/87,6-4,0.0,2.0e-6,true
legacy_ua10_energy_economic_highs,r8-energy-41647084-fe10-439c-bc86-3120b16794a3,validation/primary/normal_check/shared/rows/88,6-5,0.0,2.0e-6,true
legacy_ua10_energy_economic_highs,r8-energy-41647084-fe10-439c-bc86-3120b16794a3,validation/primary/normal_check/shared/rows/89,6-11,0.0,2.0e-6,true
legacy_ua10_energy_economic_highs,r8-energy-41647084-fe10-439c-bc86-3120b16794a3,validation/primary/normal_check/shared/rows/90,6-2,0.0,2.0e-6,true
legacy_ua10_energy_economic_highs,r8-energy-41647084-fe10-439c-bc86-3120b16794a3,validation/primary/normal_check/shared/rows/91,6-3,0.0,2.0e-6,true
legacy_ua10_energy_economic_highs,r8-energy-41647084-fe10-439c-bc86-3120b16794a3,validation/primary/normal_check/shared/rows/92,6-4,0.0,2.0e-6,true
legacy_ua10_energy_economic_highs,r8-energy-41647084-fe10-439c-bc86-3120b16794a3,validation/primary/normal_check/shared/rows/93,6-5,0.0,2.0e-6,true
legacy_ua10_energy_economic_highs,r8-energy-41647084-fe10-439c-bc86-3120b16794a3,validation/primary/normal_check/shared/rows/94,6-11,0.0,2.0e-6,true
legacy_ua10_energy_economic_highs,r8-energy-41647084-fe10-439c-bc86-3120b16794a3,validation/primary/normal_check/shared/rows/95,R7-N1,0.0,1.0e-6,true
legacy_ua10_energy_economic_highs,r8-energy-41647084-fe10-439c-bc86-3120b16794a3,validation/primary/normal_check/shared/rows/96,R7-N1,0.0,1.0e-6,true
legacy_ua10_energy_economic_highs,r8-energy-41647084-fe10-439c-bc86-3120b16794a3,validation/primary/normal_check/shared/rows/97,R7-N1,0.0,1.0e-6,true
legacy_ua10_energy_economic_highs,r8-energy-41647084-fe10-439c-bc86-3120b16794a3,validation/primary/normal_check/shared/rows/98,R7-N1,0.0,1.0e-6,true
legacy_ua10_energy_economic_highs,r8-energy-41647084-fe10-439c-bc86-3120b16794a3,validation/primary/normal_check/shared/rows/99,R7-N1,0.0,1.0e-6,true
legacy_ua10_energy_economic_highs,r8-energy-41647084-fe10-439c-bc86-3120b16794a3,validation/primary/normal_check/shared/rows/100,6-2,0.0,2.0e-6,true
legacy_ua10_energy_economic_highs,r8-energy-41647084-fe10-439c-bc86-3120b16794a3,validation/primary/normal_check/shared/rows/101,6-3,0.0,2.0e-6,true
legacy_ua10_energy_economic_highs,r8-energy-41647084-fe10-439c-bc86-3120b16794a3,validation/primary/normal_check/shared/rows/102,6-4,0.0,2.0e-6,true
legacy_ua10_energy_economic_highs,r8-energy-41647084-fe10-439c-bc86-3120b16794a3,validation/primary/normal_check/shared/rows/103,6-5,0.0,2.0e-6,true
legacy_ua10_energy_economic_highs,r8-energy-41647084-fe10-439c-bc86-3120b16794a3,validation/primary/normal_check/shared/rows/104,6-11,0.0,2.0e-6,true
legacy_ua10_energy_economic_highs,r8-energy-41647084-fe10-439c-bc86-3120b16794a3,validation/primary/normal_check/shared/rows/105,6-2,0.0,2.0e-6,true
legacy_ua10_energy_economic_highs,r8-energy-41647084-fe10-439c-bc86-3120b16794a3,validation/primary/normal_check/shared/rows/106,6-3,0.0,2.0e-6,true
legacy_ua10_energy_economic_highs,r8-energy-41647084-fe10-439c-bc86-3120b16794a3,validation/primary/normal_check/shared/rows/107,6-4,0.0,2.0e-6,true
legacy_ua10_energy_economic_highs,r8-energy-41647084-fe10-439c-bc86-3120b16794a3,validation/primary/normal_check/shared/rows/108,6-5,0.0,2.0e-6,true
legacy_ua10_energy_economic_highs,r8-energy-41647084-fe10-439c-bc86-3120b16794a3,validation/primary/normal_check/shared/rows/109,6-11,0.0,2.0e-6,true
legacy_ua10_energy_economic_highs,r8-energy-41647084-fe10-439c-bc86-3120b16794a3,validation/primary/normal_check/shared/rows/110,R7-N1,0.0,1.0e-6,true
legacy_ua10_energy_economic_highs,r8-energy-41647084-fe10-439c-bc86-3120b16794a3,validation/primary/normal_check/shared/rows/111,R7-N1,0.0,1.0e-6,true
legacy_ua10_energy_economic_highs,r8-energy-41647084-fe10-439c-bc86-3120b16794a3,validation/primary/normal_check/shared/rows/112,R7-N1,0.0,1.0e-6,true
legacy_ua10_energy_economic_highs,r8-energy-41647084-fe10-439c-bc86-3120b16794a3,validation/primary/normal_check/shared/rows/113,R7-N1,0.0,1.0e-6,true
legacy_ua10_energy_economic_highs,r8-energy-41647084-fe10-439c-bc86-3120b16794a3,validation/primary/normal_check/shared/rows/114,R7-N1,0.0,1.0e-6,true
legacy_ua10_energy_economic_highs,r8-energy-41647084-fe10-439c-bc86-3120b16794a3,validation/primary/normal_check/shared/rows/115,6-2,0.0,2.0e-6,true
legacy_ua10_energy_economic_highs,r8-energy-41647084-fe10-439c-bc86-3120b16794a3,validation/primary/normal_check/shared/rows/116,6-3,0.0,2.0e-6,true
legacy_ua10_energy_economic_highs,r8-energy-41647084-fe10-439c-bc86-3120b16794a3,validation/primary/normal_check/shared/rows/117,6-4,0.0,2.0e-6,true
legacy_ua10_energy_economic_highs,r8-energy-41647084-fe10-439c-bc86-3120b16794a3,validation/primary/normal_check/shared/rows/118,6-5,0.0,2.0e-6,true
legacy_ua10_energy_economic_highs,r8-energy-41647084-fe10-439c-bc86-3120b16794a3,validation/primary/normal_check/shared/rows/119,6-11,0.0,2.0e-6,true
legacy_ua10_energy_economic_highs,r8-energy-41647084-fe10-439c-bc86-3120b16794a3,validation/primary/normal_check/shared/rows/120,6-2,0.0,2.0e-6,true
legacy_ua10_energy_economic_highs,r8-energy-41647084-fe10-439c-bc86-3120b16794a3,validation/primary/normal_check/shared/rows/121,6-3,0.0,2.0e-6,true
legacy_ua10_energy_economic_highs,r8-energy-41647084-fe10-439c-bc86-3120b16794a3,validation/primary/normal_check/shared/rows/122,6-4,0.0,2.0e-6,true
legacy_ua10_energy_economic_highs,r8-energy-41647084-fe10-439c-bc86-3120b16794a3,validation/primary/normal_check/shared/rows/123,6-5,0.0,2.0e-6,true
legacy_ua10_energy_economic_highs,r8-energy-41647084-fe10-439c-bc86-3120b16794a3,validation/primary/normal_check/shared/rows/124,6-11,0.0,2.0e-6,true
legacy_ua10_energy_economic_highs,r8-energy-41647084-fe10-439c-bc86-3120b16794a3,validation/primary/normal_check/shared/rows/125,R7-D-device-link,0.0,2.8e-6,true
legacy_ua10_energy_economic_highs,r8-energy-41647084-fe10-439c-bc86-3120b16794a3,validation/primary/normal_check/shared/rows/126,R7-D-device-link,0.0,2.8e-6,true
legacy_ua10_energy_economic_highs,r8-energy-41647084-fe10-439c-bc86-3120b16794a3,validation/primary/normal_check/shared/rows/127,R7-D-device-link,0.0,2.8e-6,true
legacy_ua10_energy_economic_highs,r8-energy-41647084-fe10-439c-bc86-3120b16794a3,validation/primary/normal_check/shared/rows/128,R7-D-device-link,0.0,2.8e-6,true
legacy_ua10_energy_economic_highs,r8-energy-41647084-fe10-439c-bc86-3120b16794a3,validation/primary/normal_check/shared/rows/129,R7-D-device-link,0.0,2.8e-6,true
legacy_ua10_energy_economic_highs,r8-energy-41647084-fe10-439c-bc86-3120b16794a3,validation/primary/normal_check/shared/rows/130,R7-D-device-link,0.0,2.8e-6,true
legacy_ua10_energy_economic_highs,r8-energy-41647084-fe10-439c-bc86-3120b16794a3,validation/primary/normal_check/shared/rows/131,R7-D-device-link,0.0,2.8e-6,true
legacy_ua10_energy_economic_highs,r8-energy-41647084-fe10-439c-bc86-3120b16794a3,validation/primary/normal_check/shared/rows/132,R7-D-device-link,0.0,2.8e-6,true
legacy_ua10_energy_economic_highs,r8-energy-41647084-fe10-439c-bc86-3120b16794a3,validation/primary/normal_check/shared/rows/133,R7-D-device-link,0.0,2.8e-6,true
legacy_ua10_energy_economic_highs,r8-energy-41647084-fe10-439c-bc86-3120b16794a3,validation/primary/normal_check/shared/rows/134,R7-D-device-link,0.0,2.8e-6,true
legacy_ua10_energy_economic_highs,r8-energy-41647084-fe10-439c-bc86-3120b16794a3,validation/primary/normal_check/shared/rows/135,R7-D-device-link,0.0,2.8e-6,true
legacy_ua10_energy_economic_highs,r8-energy-41647084-fe10-439c-bc86-3120b16794a3,validation/primary/normal_check/shared/rows/136,R7-D-device-link,0.0,2.8e-6,true
legacy_ua10_energy_economic_highs,r8-energy-41647084-fe10-439c-bc86-3120b16794a3,validation/primary/normal_check/shared/rows/137,R7-D-device-link,0.0,2.8e-6,true
legacy_ua10_energy_economic_highs,r8-energy-41647084-fe10-439c-bc86-3120b16794a3,validation/primary/normal_check/shared/rows/138,R7-D-device-link,0.0,2.8e-6,true
legacy_ua10_energy_economic_highs,r8-energy-41647084-fe10-439c-bc86-3120b16794a3,validation/primary/normal_check/shared/rows/139,R7-D-device-link,0.0,2.8e-6,true
legacy_ua10_energy_economic_highs,r8-energy-41647084-fe10-439c-bc86-3120b16794a3,validation/primary/normal_check/shared/rows/140,R7-D-device-link,0.0,2.8e-6,true
legacy_ua10_energy_economic_highs,r8-energy-41647084-fe10-439c-bc86-3120b16794a3,validation/primary/normal_check/shared/rows/141,R7-D-device-link,0.0,2.8e-6,true
legacy_ua10_energy_economic_highs,r8-energy-41647084-fe10-439c-bc86-3120b16794a3,validation/primary/normal_check/shared/rows/142,R7-D-device-link,0.0,2.8e-6,true
legacy_ua10_energy_economic_highs,r8-energy-41647084-fe10-439c-bc86-3120b16794a3,validation/primary/normal_check/shared/rows/143,R7-D-device-link,0.0,2.8e-6,true
legacy_ua10_energy_economic_highs,r8-energy-41647084-fe10-439c-bc86-3120b16794a3,validation/primary/normal_check/shared/rows/144,R7-D-device-link,0.0,2.8e-6,true
legacy_ua10_energy_economic_highs,r8-energy-41647084-fe10-439c-bc86-3120b16794a3,validation/primary/normal_check/shared/rows/145,R7-D-device-link,0.0,2.8e-6,true
legacy_ua10_energy_economic_highs,r8-energy-41647084-fe10-439c-bc86-3120b16794a3,validation/primary/normal_check/shared/rows/146,R7-D-device-link,0.0,2.8e-6,true
legacy_ua10_energy_economic_highs,r8-energy-41647084-fe10-439c-bc86-3120b16794a3,validation/primary/normal_check/shared/rows/147,R7-D-device-link,0.0,2.8e-6,true
legacy_ua10_energy_economic_highs,r8-energy-41647084-fe10-439c-bc86-3120b16794a3,validation/primary/normal_check/shared/rows/148,R7-D-device-link,0.0,2.8e-6,true
legacy_ua10_energy_economic_highs,r8-energy-41647084-fe10-439c-bc86-3120b16794a3,validation/primary/normal_check/shared/rows/149,6-12-ch,0.0,2.8e-6,true
legacy_ua10_energy_economic_highs,r8-energy-41647084-fe10-439c-bc86-3120b16794a3,validation/primary/normal_check/shared/rows/150,6-12-dis,0.0,2.8e-6,true
legacy_ua10_energy_economic_highs,r8-energy-41647084-fe10-439c-bc86-3120b16794a3,validation/primary/normal_check/shared/rows/151,6-12-ch,0.0,2.8e-6,true
legacy_ua10_energy_economic_highs,r8-energy-41647084-fe10-439c-bc86-3120b16794a3,validation/primary/normal_check/shared/rows/152,6-12-dis,0.0,2.8e-6,true
legacy_ua10_energy_economic_highs,r8-energy-41647084-fe10-439c-bc86-3120b16794a3,validation/primary/normal_check/shared/rows/153,6-12-ch,0.0,2.8e-6,true
legacy_ua10_energy_economic_highs,r8-energy-41647084-fe10-439c-bc86-3120b16794a3,validation/primary/normal_check/shared/rows/154,6-12-dis,0.0,2.8e-6,true
legacy_ua10_energy_economic_highs,r8-energy-41647084-fe10-439c-bc86-3120b16794a3,validation/primary/normal_check/shared/rows/155,6-12-ch,0.0,2.8e-6,true
legacy_ua10_energy_economic_highs,r8-energy-41647084-fe10-439c-bc86-3120b16794a3,validation/primary/normal_check/shared/rows/156,6-12-dis,0.0,2.8e-6,true
legacy_ua10_energy_economic_highs,r8-energy-41647084-fe10-439c-bc86-3120b16794a3,validation/primary/normal_check/shared/rows/157,6-12-ch,0.0,2.8e-6,true
legacy_ua10_energy_economic_highs,r8-energy-41647084-fe10-439c-bc86-3120b16794a3,validation/primary/normal_check/shared/rows/158,6-12-dis,0.0,2.8e-6,true
legacy_ua10_energy_economic_highs,r8-energy-41647084-fe10-439c-bc86-3120b16794a3,validation/primary/normal_check/shared/rows/159,6-12-ch,0.0,2.8e-6,true
legacy_ua10_energy_economic_highs,r8-energy-41647084-fe10-439c-bc86-3120b16794a3,validation/primary/normal_check/shared/rows/160,6-12-dis,0.0,2.8e-6,true
legacy_ua10_energy_economic_highs,r8-energy-41647084-fe10-439c-bc86-3120b16794a3,validation/primary/normal_check/shared/rows/161,6-12-ch,0.0,2.8e-6,true
legacy_ua10_energy_economic_highs,r8-energy-41647084-fe10-439c-bc86-3120b16794a3,validation/primary/normal_check/shared/rows/162,6-12-dis,0.0,2.8e-6,true
legacy_ua10_energy_economic_highs,r8-energy-41647084-fe10-439c-bc86-3120b16794a3,validation/primary/normal_check/shared/rows/163,6-12-ch,0.0,2.8e-6,true
legacy_ua10_energy_economic_highs,r8-energy-41647084-fe10-439c-bc86-3120b16794a3,validation/primary/normal_check/shared/rows/164,6-12-dis,0.0,2.8e-6,true
legacy_ua10_energy_economic_highs,r8-energy-41647084-fe10-439c-bc86-3120b16794a3,validation/primary/normal_check/shared/rows/165,6-13-zero,0.0,2.0e-6,true
legacy_ua10_energy_economic_highs,r8-energy-41647084-fe10-439c-bc86-3120b16794a3,validation/primary/normal_check/shared/rows/166,6-13-zero,0.0,2.0e-6,true
legacy_ua10_energy_economic_highs,r8-energy-41647084-fe10-439c-bc86-3120b16794a3,validation/primary/normal_check/shared/rows/167,6-13-zero,0.0,2.0e-6,true
legacy_ua10_energy_economic_highs,r8-energy-41647084-fe10-439c-bc86-3120b16794a3,validation/primary/normal_check/shared/rows/168,6-13-zero,0.0,2.0e-6,true
legacy_ua10_energy_economic_highs,r8-energy-41647084-fe10-439c-bc86-3120b16794a3,validation/primary/normal_check/shared/rows/169,6-13-zero,0.0,2.0e-6,true
legacy_ua10_energy_economic_highs,r8-energy-41647084-fe10-439c-bc86-3120b16794a3,validation/primary/normal_check/shared/rows/170,6-13-zero,0.0,2.0e-6,true
legacy_ua10_energy_economic_highs,r8-energy-41647084-fe10-439c-bc86-3120b16794a3,validation/primary/normal_check/shared/rows/171,6-13-zero,0.0,2.0e-6,true
legacy_ua10_energy_economic_highs,r8-energy-41647084-fe10-439c-bc86-3120b16794a3,validation/primary/normal_check/shared/rows/172,6-13-zero,0.0,2.0e-6,true
legacy_ua10_energy_economic_highs,r8-energy-41647084-fe10-439c-bc86-3120b16794a3,validation/primary/normal_check/shared/rows/173,6-13-zero,0.0,2.0e-6,true
legacy_ua10_energy_economic_highs,r8-energy-41647084-fe10-439c-bc86-3120b16794a3,validation/primary/normal_check/shared/rows/174,6-13-zero,0.0,2.0e-6,true
legacy_ua10_energy_economic_highs,r8-energy-41647084-fe10-439c-bc86-3120b16794a3,validation/primary/normal_check/shared/rows/175,6-8:10,0.0,2.8e-6,true
legacy_ua10_energy_economic_highs,r8-energy-41647084-fe10-439c-bc86-3120b16794a3,validation/primary/normal_check/shared/rows/176,6-9,0.0,2.8e-6,true
legacy_ua10_energy_economic_highs,r8-energy-41647084-fe10-439c-bc86-3120b16794a3,validation/primary/normal_check/shared/rows/177,6-11,0.0,2.8e-6,true
legacy_ua10_energy_economic_highs,r8-energy-41647084-fe10-439c-bc86-3120b16794a3,validation/primary/normal_check/shared/rows/178,6-12-ch,0.0,2.8e-6,true
legacy_ua10_energy_economic_highs,r8-energy-41647084-fe10-439c-bc86-3120b16794a3,validation/primary/normal_check/shared/rows/179,6-12-dis,0.0,2.8e-6,true
legacy_ua10_energy_economic_highs,r8-energy-41647084-fe10-439c-bc86-3120b16794a3,validation/primary/normal_check/shared/rows/180,6-12,0.0,2.8e-6,true
legacy_ua10_energy_economic_highs,r8-energy-41647084-fe10-439c-bc86-3120b16794a3,validation/primary/normal_check/shared/rows/181,6-14,0.0,2.0e-6,true
legacy_ua10_energy_economic_highs,r8-energy-41647084-fe10-439c-bc86-3120b16794a3,validation/primary/normal_check/shared/rows/182,6-8:10,0.0,2.8e-6,true
legacy_ua10_energy_economic_highs,r8-energy-41647084-fe10-439c-bc86-3120b16794a3,validation/primary/normal_check/shared/rows/183,6-9,0.0,2.8e-6,true
legacy_ua10_energy_economic_highs,r8-energy-41647084-fe10-439c-bc86-3120b16794a3,validation/primary/normal_check/shared/rows/184,6-11,0.0,2.8e-6,true
legacy_ua10_energy_economic_highs,r8-energy-41647084-fe10-439c-bc86-3120b16794a3,validation/primary/normal_check/shared/rows/185,6-12-ch,0.0,2.8e-6,true
legacy_ua10_energy_economic_highs,r8-energy-41647084-fe10-439c-bc86-3120b16794a3,validation/primary/normal_check/shared/rows/186,6-12-dis,0.0,2.8e-6,true
legacy_ua10_energy_economic_highs,r8-energy-41647084-fe10-439c-bc86-3120b16794a3,validation/primary/normal_check/shared/rows/187,6-12,0.0,2.8e-6,true
legacy_ua10_energy_economic_highs,r8-energy-41647084-fe10-439c-bc86-3120b16794a3,validation/primary/normal_check/shared/rows/188,6-14,0.0,2.0e-6,true
legacy_ua10_energy_economic_highs,r8-energy-41647084-fe10-439c-bc86-3120b16794a3,validation/primary/normal_check/shared/rows/189,6-8:10,0.0,2.8e-6,true
legacy_ua10_energy_economic_highs,r8-energy-41647084-fe10-439c-bc86-3120b16794a3,validation/primary/normal_check/shared/rows/190,6-9,0.0,2.8e-6,true
legacy_ua10_energy_economic_highs,r8-energy-41647084-fe10-439c-bc86-3120b16794a3,validation/primary/normal_check/shared/rows/191,6-11,0.0,2.8e-6,true
legacy_ua10_energy_economic_highs,r8-energy-41647084-fe10-439c-bc86-3120b16794a3,validation/primary/normal_check/shared/rows/192,6-12-ch,0.0,2.8e-6,true
legacy_ua10_energy_economic_highs,r8-energy-41647084-fe10-439c-bc86-3120b16794a3,validation/primary/normal_check/shared/rows/193,6-12-dis,0.0,2.8e-6,true
legacy_ua10_energy_economic_highs,r8-energy-41647084-fe10-439c-bc86-3120b16794a3,validation/primary/normal_check/shared/rows/194,6-12,0.0,2.8e-6,true
legacy_ua10_energy_economic_highs,r8-energy-41647084-fe10-439c-bc86-3120b16794a3,validation/primary/normal_check/shared/rows/195,6-14,0.0,2.0e-6,true
legacy_ua10_energy_economic_highs,r8-energy-41647084-fe10-439c-bc86-3120b16794a3,validation/primary/normal_check/shared/rows/196,6-8:10,0.0,2.8e-6,true
legacy_ua10_energy_economic_highs,r8-energy-41647084-fe10-439c-bc86-3120b16794a3,validation/primary/normal_check/shared/rows/197,6-9,0.0,2.8e-6,true
legacy_ua10_energy_economic_highs,r8-energy-41647084-fe10-439c-bc86-3120b16794a3,validation/primary/normal_check/shared/rows/198,6-11,0.0,2.8e-6,true
legacy_ua10_energy_economic_highs,r8-energy-41647084-fe10-439c-bc86-3120b16794a3,validation/primary/normal_check/shared/rows/199,6-12-ch,0.0,2.8e-6,true
legacy_ua10_energy_economic_highs,r8-energy-41647084-fe10-439c-bc86-3120b16794a3,validation/primary/normal_check/shared/rows/200,6-12-dis,0.0,2.8e-6,true
legacy_ua10_energy_economic_highs,r8-energy-41647084-fe10-439c-bc86-3120b16794a3,validation/primary/normal_check/shared/rows/201,6-12,0.0,2.8e-6,true
legacy_ua10_energy_economic_highs,r8-energy-41647084-fe10-439c-bc86-3120b16794a3,validation/primary/normal_check/shared/rows/202,6-14,0.0,2.0e-6,true
legacy_ua10_energy_economic_highs,r8-energy-41647084-fe10-439c-bc86-3120b16794a3,validation/primary/normal_check/shared/rows/203,6-8:10,0.0,2.8e-6,true
legacy_ua10_energy_economic_highs,r8-energy-41647084-fe10-439c-bc86-3120b16794a3,validation/primary/normal_check/shared/rows/204,6-9,0.0,2.8e-6,true
legacy_ua10_energy_economic_highs,r8-energy-41647084-fe10-439c-bc86-3120b16794a3,validation/primary/normal_check/shared/rows/205,6-11,0.0,2.8e-6,true
legacy_ua10_energy_economic_highs,r8-energy-41647084-fe10-439c-bc86-3120b16794a3,validation/primary/normal_check/shared/rows/206,6-12-ch,0.0,2.8e-6,true
legacy_ua10_energy_economic_highs,r8-energy-41647084-fe10-439c-bc86-3120b16794a3,validation/primary/normal_check/shared/rows/207,6-12-dis,0.0,2.8e-6,true
legacy_ua10_energy_economic_highs,r8-energy-41647084-fe10-439c-bc86-3120b16794a3,validation/primary/normal_check/shared/rows/208,6-12,0.0,2.8e-6,true
legacy_ua10_energy_economic_highs,r8-energy-41647084-fe10-439c-bc86-3120b16794a3,validation/primary/normal_check/shared/rows/209,6-14,0.0,2.0e-6,true
legacy_ua10_energy_economic_highs,r8-energy-41647084-fe10-439c-bc86-3120b16794a3,validation/primary/normal_check/shared/rows/210,6-8:10,0.0,2.8e-6,true
legacy_ua10_energy_economic_highs,r8-energy-41647084-fe10-439c-bc86-3120b16794a3,validation/primary/normal_check/shared/rows/211,6-9,0.0,2.8e-6,true
legacy_ua10_energy_economic_highs,r8-energy-41647084-fe10-439c-bc86-3120b16794a3,validation/primary/normal_check/shared/rows/212,6-11,0.0,2.8e-6,true
legacy_ua10_energy_economic_highs,r8-energy-41647084-fe10-439c-bc86-3120b16794a3,validation/primary/normal_check/shared/rows/213,6-12-ch,0.0,2.8e-6,true
legacy_ua10_energy_economic_highs,r8-energy-41647084-fe10-439c-bc86-3120b16794a3,validation/primary/normal_check/shared/rows/214,6-12-dis,0.0,2.8e-6,true
legacy_ua10_energy_economic_highs,r8-energy-41647084-fe10-439c-bc86-3120b16794a3,validation/primary/normal_check/shared/rows/215,6-12,0.0,2.8e-6,true
legacy_ua10_energy_economic_highs,r8-energy-41647084-fe10-439c-bc86-3120b16794a3,validation/primary/normal_check/shared/rows/216,6-14,0.0,2.0e-6,true
legacy_ua10_energy_economic_highs,r8-energy-41647084-fe10-439c-bc86-3120b16794a3,validation/primary/normal_check/shared/rows/217,6-8:10,0.0,2.8e-6,true
legacy_ua10_energy_economic_highs,r8-energy-41647084-fe10-439c-bc86-3120b16794a3,validation/primary/normal_check/shared/rows/218,6-9,0.0,2.8e-6,true
legacy_ua10_energy_economic_highs,r8-energy-41647084-fe10-439c-bc86-3120b16794a3,validation/primary/normal_check/shared/rows/219,6-11,0.0,2.8e-6,true
legacy_ua10_energy_economic_highs,r8-energy-41647084-fe10-439c-bc86-3120b16794a3,validation/primary/normal_check/shared/rows/220,6-12-ch,0.0,2.8e-6,true
legacy_ua10_energy_economic_highs,r8-energy-41647084-fe10-439c-bc86-3120b16794a3,validation/primary/normal_check/shared/rows/221,6-12-dis,0.0,2.8e-6,true
legacy_ua10_energy_economic_highs,r8-energy-41647084-fe10-439c-bc86-3120b16794a3,validation/primary/normal_check/shared/rows/222,6-12,0.0,2.8e-6,true
legacy_ua10_energy_economic_highs,r8-energy-41647084-fe10-439c-bc86-3120b16794a3,validation/primary/normal_check/shared/rows/223,6-14,0.0,2.0e-6,true
legacy_ua10_energy_economic_highs,r8-energy-41647084-fe10-439c-bc86-3120b16794a3,validation/primary/normal_check/shared/rows/224,6-8:10,0.0,2.8e-6,true
legacy_ua10_energy_economic_highs,r8-energy-41647084-fe10-439c-bc86-3120b16794a3,validation/primary/normal_check/shared/rows/225,6-9,0.0,2.8e-6,true
legacy_ua10_energy_economic_highs,r8-energy-41647084-fe10-439c-bc86-3120b16794a3,validation/primary/normal_check/shared/rows/226,6-11,0.0,2.8e-6,true
legacy_ua10_energy_economic_highs,r8-energy-41647084-fe10-439c-bc86-3120b16794a3,validation/primary/normal_check/shared/rows/227,6-12-ch,0.0,2.8e-6,true
legacy_ua10_energy_economic_highs,r8-energy-41647084-fe10-439c-bc86-3120b16794a3,validation/primary/normal_check/shared/rows/228,6-12-dis,0.0,2.8e-6,true
legacy_ua10_energy_economic_highs,r8-energy-41647084-fe10-439c-bc86-3120b16794a3,validation/primary/normal_check/shared/rows/229,6-12,0.0,2.8e-6,true
legacy_ua10_energy_economic_highs,r8-energy-41647084-fe10-439c-bc86-3120b16794a3,validation/primary/normal_check/shared/rows/230,6-14,0.0,2.0e-6,true
legacy_ua10_energy_economic_highs,r8-energy-41647084-fe10-439c-bc86-3120b16794a3,validation/primary/normal_check/shared/rows/231,6-13,0.0,2.0e-6,true
legacy_ua10_energy_economic_highs,r8-energy-41647084-fe10-439c-bc86-3120b16794a3,validation/primary/normal_check/shared/rows/232,R7-D-battery-initial,0.0,2.0e-6,true
legacy_ua10_energy_economic_highs,r8-energy-41647084-fe10-439c-bc86-3120b16794a3,validation/primary/normal_check/shared/rows/233,6-13,0.0,2.0e-6,true
legacy_ua10_energy_economic_highs,r8-energy-41647084-fe10-439c-bc86-3120b16794a3,validation/primary/normal_check/shared/rows/234,R7-D-battery-initial,0.0,2.0e-6,true
legacy_ua10_energy_economic_highs,r8-energy-41647084-fe10-439c-bc86-3120b16794a3,validation/primary/normal_check/shared/rows/235,6-13,0.0,2.0e-6,true
legacy_ua10_energy_economic_highs,r8-energy-41647084-fe10-439c-bc86-3120b16794a3,validation/primary/normal_check/shared/rows/236,6-13,0.0,2.0e-6,true
legacy_ua10_energy_economic_highs,r8-energy-41647084-fe10-439c-bc86-3120b16794a3,validation/primary/normal_check/shared/rows/237,6-13,0.0,2.0e-6,true
legacy_ua10_energy_economic_highs,r8-energy-41647084-fe10-439c-bc86-3120b16794a3,validation/primary/normal_check/shared/rows/238,6-13,0.0,2.0e-6,true
legacy_ua10_energy_economic_highs,r8-energy-41647084-fe10-439c-bc86-3120b16794a3,validation/primary/normal_check/shared/rows/239,6-13,0.0,2.0e-6,true
legacy_ua10_energy_economic_highs,r8-energy-41647084-fe10-439c-bc86-3120b16794a3,validation/primary/normal_check/shared/rows/240,6-13,0.0,2.0e-6,true
legacy_ua10_energy_economic_highs,r8-energy-41647084-fe10-439c-bc86-3120b16794a3,validation/primary/normal_check/shared/rows/241,6-13,0.0,2.0e-6,true
legacy_ua10_energy_economic_highs,r8-energy-41647084-fe10-439c-bc86-3120b16794a3,validation/primary/normal_check/shared/rows/242,6-15,0.0,2.0e-6,true
legacy_ua10_energy_economic_highs,r8-energy-41647084-fe10-439c-bc86-3120b16794a3,validation/primary/normal_check/shared/rows/243,6-13,0.0,2.0e-6,true
legacy_ua10_energy_economic_highs,r8-energy-41647084-fe10-439c-bc86-3120b16794a3,validation/primary/normal_check/shared/rows/244,6-15,0.0,2.0e-6,true
legacy_ua10_energy_economic_highs,r8-energy-41647084-fe10-439c-bc86-3120b16794a3,validation/primary/normal_check/shared/rows/245,PCC-P,0.0,2.8e-6,true
legacy_ua10_energy_economic_highs,r8-energy-41647084-fe10-439c-bc86-3120b16794a3,validation/primary/normal_check/shared/rows/246,PCC-Q,0.0,2.8e-6,true
legacy_ua10_energy_economic_highs,r8-energy-41647084-fe10-439c-bc86-3120b16794a3,validation/primary/normal_check/shared/rows/247,6-22,0.0,1.0e-6,true
legacy_ua10_energy_economic_highs,r8-energy-41647084-fe10-439c-bc86-3120b16794a3,validation/primary/normal_check/shared/rows/248,root-voltage,0.0,1.0e-6,true
legacy_ua10_energy_economic_highs,r8-energy-41647084-fe10-439c-bc86-3120b16794a3,validation/primary/normal_check/shared/rows/249,6-18:19,0.0,2.8e-6,true
legacy_ua10_energy_economic_highs,r8-energy-41647084-fe10-439c-bc86-3120b16794a3,validation/primary/normal_check/shared/rows/250,6-20,0.0,2.8e-6,true
legacy_ua10_energy_economic_highs,r8-energy-41647084-fe10-439c-bc86-3120b16794a3,validation/primary/normal_check/shared/rows/251,6-22,0.0,1.0e-6,true
legacy_ua10_energy_economic_highs,r8-energy-41647084-fe10-439c-bc86-3120b16794a3,validation/primary/normal_check/shared/rows/252,6-18:19,0.0,2.8e-6,true
legacy_ua10_energy_economic_highs,r8-energy-41647084-fe10-439c-bc86-3120b16794a3,validation/primary/normal_check/shared/rows/253,6-20,0.0,2.8e-6,true
legacy_ua10_energy_economic_highs,r8-energy-41647084-fe10-439c-bc86-3120b16794a3,validation/primary/normal_check/shared/rows/254,6-24:25,0.0,2.8e-6,true
legacy_ua10_energy_economic_highs,r8-energy-41647084-fe10-439c-bc86-3120b16794a3,validation/primary/normal_check/shared/rows/255,6-24:25,0.0,2.8e-6,true
legacy_ua10_energy_economic_highs,r8-energy-41647084-fe10-439c-bc86-3120b16794a3,validation/primary/normal_check/shared/rows/256,R7-D-voltage,6.938893903907228e-18,1.0e-6,true
legacy_ua10_energy_economic_highs,r8-energy-41647084-fe10-439c-bc86-3120b16794a3,validation/primary/normal_check/shared/rows/257,PCC-P,0.0,2.8e-6,true
legacy_ua10_energy_economic_highs,r8-energy-41647084-fe10-439c-bc86-3120b16794a3,validation/primary/normal_check/shared/rows/258,PCC-Q,0.0,2.8e-6,true
legacy_ua10_energy_economic_highs,r8-energy-41647084-fe10-439c-bc86-3120b16794a3,validation/primary/normal_check/shared/rows/259,6-22,0.0,1.0e-6,true
legacy_ua10_energy_economic_highs,r8-energy-41647084-fe10-439c-bc86-3120b16794a3,validation/primary/normal_check/shared/rows/260,root-voltage,0.0,1.0e-6,true
legacy_ua10_energy_economic_highs,r8-energy-41647084-fe10-439c-bc86-3120b16794a3,validation/primary/normal_check/shared/rows/261,6-18:19,0.0,2.8e-6,true
legacy_ua10_energy_economic_highs,r8-energy-41647084-fe10-439c-bc86-3120b16794a3,validation/primary/normal_check/shared/rows/262,6-20,0.0,2.8e-6,true
legacy_ua10_energy_economic_highs,r8-energy-41647084-fe10-439c-bc86-3120b16794a3,validation/primary/normal_check/shared/rows/263,6-22,0.0,1.0e-6,true
legacy_ua10_energy_economic_highs,r8-energy-41647084-fe10-439c-bc86-3120b16794a3,validation/primary/normal_check/shared/rows/264,6-18:19,0.0,2.8e-6,true
legacy_ua10_energy_economic_highs,r8-energy-41647084-fe10-439c-bc86-3120b16794a3,validation/primary/normal_check/shared/rows/265,6-20,0.0,2.8e-6,true
legacy_ua10_energy_economic_highs,r8-energy-41647084-fe10-439c-bc86-3120b16794a3,validation/primary/normal_check/shared/rows/266,6-24:25,0.0,2.8e-6,true
legacy_ua10_energy_economic_highs,r8-energy-41647084-fe10-439c-bc86-3120b16794a3,validation/primary/normal_check/shared/rows/267,6-24:25,0.0,2.8e-6,true
legacy_ua10_energy_economic_highs,r8-energy-41647084-fe10-439c-bc86-3120b16794a3,validation/primary/normal_check/shared/rows/268,R7-D-voltage,6.938893903907228e-18,1.0e-6,true
legacy_ua10_energy_economic_highs,r8-energy-41647084-fe10-439c-bc86-3120b16794a3,validation/primary/normal_check/shared/rows/269,PCC-P,0.0,2.8e-6,true
legacy_ua10_energy_economic_highs,r8-energy-41647084-fe10-439c-bc86-3120b16794a3,validation/primary/normal_check/shared/rows/270,PCC-Q,0.0,2.8e-6,true
legacy_ua10_energy_economic_highs,r8-energy-41647084-fe10-439c-bc86-3120b16794a3,validation/primary/normal_check/shared/rows/271,6-22,0.0,1.0e-6,true
legacy_ua10_energy_economic_highs,r8-energy-41647084-fe10-439c-bc86-3120b16794a3,validation/primary/normal_check/shared/rows/272,root-voltage,0.0,1.0e-6,true
legacy_ua10_energy_economic_highs,r8-energy-41647084-fe10-439c-bc86-3120b16794a3,validation/primary/normal_check/shared/rows/273,6-18:19,0.0,2.8e-6,true
legacy_ua10_energy_economic_highs,r8-energy-41647084-fe10-439c-bc86-3120b16794a3,validation/primary/normal_check/shared/rows/274,6-20,0.0,2.8e-6,true
legacy_ua10_energy_economic_highs,r8-energy-41647084-fe10-439c-bc86-3120b16794a3,validation/primary/normal_check/shared/rows/275,6-22,0.0,1.0e-6,true
legacy_ua10_energy_economic_highs,r8-energy-41647084-fe10-439c-bc86-3120b16794a3,validation/primary/normal_check/shared/rows/276,6-18:19,0.0,2.8e-6,true
legacy_ua10_energy_economic_highs,r8-energy-41647084-fe10-439c-bc86-3120b16794a3,validation/primary/normal_check/shared/rows/277,6-20,0.0,2.8e-6,true
legacy_ua10_energy_economic_highs,r8-energy-41647084-fe10-439c-bc86-3120b16794a3,validation/primary/normal_check/shared/rows/278,6-24:25,0.0,2.8e-6,true
legacy_ua10_energy_economic_highs,r8-energy-41647084-fe10-439c-bc86-3120b16794a3,validation/primary/normal_check/shared/rows/279,6-24:25,0.0,2.8e-6,true
legacy_ua10_energy_economic_highs,r8-energy-41647084-fe10-439c-bc86-3120b16794a3,validation/primary/normal_check/shared/rows/280,R7-D-voltage,6.938893903907228e-18,1.0e-6,true
legacy_ua10_energy_economic_highs,r8-energy-41647084-fe10-439c-bc86-3120b16794a3,validation/primary/normal_check/shared/rows/281,PCC-P,0.0,2.8e-6,true
legacy_ua10_energy_economic_highs,r8-energy-41647084-fe10-439c-bc86-3120b16794a3,validation/primary/normal_check/shared/rows/282,PCC-Q,0.0,2.8e-6,true
legacy_ua10_energy_economic_highs,r8-energy-41647084-fe10-439c-bc86-3120b16794a3,validation/primary/normal_check/shared/rows/283,6-22,0.0,1.0e-6,true
legacy_ua10_energy_economic_highs,r8-energy-41647084-fe10-439c-bc86-3120b16794a3,validation/primary/normal_check/shared/rows/284,root-voltage,0.0,1.0e-6,true
legacy_ua10_energy_economic_highs,r8-energy-41647084-fe10-439c-bc86-3120b16794a3,validation/primary/normal_check/shared/rows/285,6-18:19,0.0,2.8e-6,true
legacy_ua10_energy_economic_highs,r8-energy-41647084-fe10-439c-bc86-3120b16794a3,validation/primary/normal_check/shared/rows/286,6-20,0.0,2.8e-6,true
legacy_ua10_energy_economic_highs,r8-energy-41647084-fe10-439c-bc86-3120b16794a3,validation/primary/normal_check/shared/rows/287,6-22,0.0,1.0e-6,true
legacy_ua10_energy_economic_highs,r8-energy-41647084-fe10-439c-bc86-3120b16794a3,validation/primary/normal_check/shared/rows/288,6-18:19,0.0,2.8e-6,true
legacy_ua10_energy_economic_highs,r8-energy-41647084-fe10-439c-bc86-3120b16794a3,validation/primary/normal_check/shared/rows/289,6-20,0.0,2.8e-6,true
legacy_ua10_energy_economic_highs,r8-energy-41647084-fe10-439c-bc86-3120b16794a3,validation/primary/normal_check/shared/rows/290,6-24:25,0.0,2.8e-6,true
legacy_ua10_energy_economic_highs,r8-energy-41647084-fe10-439c-bc86-3120b16794a3,validation/primary/normal_check/shared/rows/291,6-24:25,0.0,2.8e-6,true
legacy_ua10_energy_economic_highs,r8-energy-41647084-fe10-439c-bc86-3120b16794a3,validation/primary/normal_check/shared/rows/292,R7-D-voltage,6.938893903907228e-18,1.0e-6,true
legacy_ua10_energy_economic_highs,r8-energy-41647084-fe10-439c-bc86-3120b16794a3,validation/primary/normal_check/shared/rows/293,PCC-P,0.0,2.8e-6,true
legacy_ua10_energy_economic_highs,r8-energy-41647084-fe10-439c-bc86-3120b16794a3,validation/primary/normal_check/shared/rows/294,PCC-Q,0.0,2.8e-6,true
legacy_ua10_energy_economic_highs,r8-energy-41647084-fe10-439c-bc86-3120b16794a3,validation/primary/normal_check/shared/rows/295,6-22,0.0,1.0e-6,true
legacy_ua10_energy_economic_highs,r8-energy-41647084-fe10-439c-bc86-3120b16794a3,validation/primary/normal_check/shared/rows/296,root-voltage,0.0,1.0e-6,true
legacy_ua10_energy_economic_highs,r8-energy-41647084-fe10-439c-bc86-3120b16794a3,validation/primary/normal_check/shared/rows/297,6-18:19,0.0,2.8e-6,true
legacy_ua10_energy_economic_highs,r8-energy-41647084-fe10-439c-bc86-3120b16794a3,validation/primary/normal_check/shared/rows/298,6-20,0.0,2.8e-6,true
legacy_ua10_energy_economic_highs,r8-energy-41647084-fe10-439c-bc86-3120b16794a3,validation/primary/normal_check/shared/rows/299,6-22,0.0,1.0e-6,true
legacy_ua10_energy_economic_highs,r8-energy-41647084-fe10-439c-bc86-3120b16794a3,validation/primary/normal_check/shared/rows/300,6-18:19,0.0,2.8e-6,true
legacy_ua10_energy_economic_highs,r8-energy-41647084-fe10-439c-bc86-3120b16794a3,validation/primary/normal_check/shared/rows/301,6-20,0.0,2.8e-6,true
legacy_ua10_energy_economic_highs,r8-energy-41647084-fe10-439c-bc86-3120b16794a3,validation/primary/normal_check/shared/rows/302,6-24:25,0.0,2.8e-6,true
legacy_ua10_energy_economic_highs,r8-energy-41647084-fe10-439c-bc86-3120b16794a3,validation/primary/normal_check/shared/rows/303,6-24:25,0.0,2.8e-6,true
legacy_ua10_energy_economic_highs,r8-energy-41647084-fe10-439c-bc86-3120b16794a3,validation/primary/normal_check/shared/rows/304,R7-D-voltage,6.938893903907228e-18,1.0e-6,true
legacy_ua10_energy_economic_highs,r8-energy-41647084-fe10-439c-bc86-3120b16794a3,validation/primary/normal_check/shared/rows/305,PCC-P,0.0,2.8e-6,true
legacy_ua10_energy_economic_highs,r8-energy-41647084-fe10-439c-bc86-3120b16794a3,validation/primary/normal_check/shared/rows/306,PCC-Q,0.0,2.8e-6,true
legacy_ua10_energy_economic_highs,r8-energy-41647084-fe10-439c-bc86-3120b16794a3,validation/primary/normal_check/shared/rows/307,6-22,0.0,1.0e-6,true
legacy_ua10_energy_economic_highs,r8-energy-41647084-fe10-439c-bc86-3120b16794a3,validation/primary/normal_check/shared/rows/308,root-voltage,0.0,1.0e-6,true
legacy_ua10_energy_economic_highs,r8-energy-41647084-fe10-439c-bc86-3120b16794a3,validation/primary/normal_check/shared/rows/309,6-18:19,0.0,2.8e-6,true
legacy_ua10_energy_economic_highs,r8-energy-41647084-fe10-439c-bc86-3120b16794a3,validation/primary/normal_check/shared/rows/310,6-20,0.0,2.8e-6,true
legacy_ua10_energy_economic_highs,r8-energy-41647084-fe10-439c-bc86-3120b16794a3,validation/primary/normal_check/shared/rows/311,6-22,0.0,1.0e-6,true
legacy_ua10_energy_economic_highs,r8-energy-41647084-fe10-439c-bc86-3120b16794a3,validation/primary/normal_check/shared/rows/312,6-18:19,0.0,2.8e-6,true
legacy_ua10_energy_economic_highs,r8-energy-41647084-fe10-439c-bc86-3120b16794a3,validation/primary/normal_check/shared/rows/313,6-20,0.0,2.8e-6,true
legacy_ua10_energy_economic_highs,r8-energy-41647084-fe10-439c-bc86-3120b16794a3,validation/primary/normal_check/shared/rows/314,6-24:25,0.0,2.8e-6,true
legacy_ua10_energy_economic_highs,r8-energy-41647084-fe10-439c-bc86-3120b16794a3,validation/primary/normal_check/shared/rows/315,6-24:25,0.0,2.8e-6,true
legacy_ua10_energy_economic_highs,r8-energy-41647084-fe10-439c-bc86-3120b16794a3,validation/primary/normal_check/shared/rows/316,R7-D-voltage,6.938893903907228e-18,1.0e-6,true
legacy_ua10_energy_economic_highs,r8-energy-41647084-fe10-439c-bc86-3120b16794a3,validation/primary/normal_check/shared/rows/317,PCC-P,0.0,2.8e-6,true
legacy_ua10_energy_economic_highs,r8-energy-41647084-fe10-439c-bc86-3120b16794a3,validation/primary/normal_check/shared/rows/318,PCC-Q,0.0,2.8e-6,true
legacy_ua10_energy_economic_highs,r8-energy-41647084-fe10-439c-bc86-3120b16794a3,validation/primary/normal_check/shared/rows/319,6-22,0.0,1.0e-6,true
legacy_ua10_energy_economic_highs,r8-energy-41647084-fe10-439c-bc86-3120b16794a3,validation/primary/normal_check/shared/rows/320,root-voltage,0.0,1.0e-6,true
legacy_ua10_energy_economic_highs,r8-energy-41647084-fe10-439c-bc86-3120b16794a3,validation/primary/normal_check/shared/rows/321,6-18:19,0.0,2.8e-6,true
legacy_ua10_energy_economic_highs,r8-energy-41647084-fe10-439c-bc86-3120b16794a3,validation/primary/normal_check/shared/rows/322,6-20,0.0,2.8e-6,true
legacy_ua10_energy_economic_highs,r8-energy-41647084-fe10-439c-bc86-3120b16794a3,validation/primary/normal_check/shared/rows/323,6-22,0.0,1.0e-6,true
legacy_ua10_energy_economic_highs,r8-energy-41647084-fe10-439c-bc86-3120b16794a3,validation/primary/normal_check/shared/rows/324,6-18:19,0.0,2.8e-6,true
legacy_ua10_energy_economic_highs,r8-energy-41647084-fe10-439c-bc86-3120b16794a3,validation/primary/normal_check/shared/rows/325,6-20,0.0,2.8e-6,true
legacy_ua10_energy_economic_highs,r8-energy-41647084-fe10-439c-bc86-3120b16794a3,validation/primary/normal_check/shared/rows/326,6-24:25,0.0,2.8e-6,true
legacy_ua10_energy_economic_highs,r8-energy-41647084-fe10-439c-bc86-3120b16794a3,validation/primary/normal_check/shared/rows/327,6-24:25,0.0,2.8e-6,true
legacy_ua10_energy_economic_highs,r8-energy-41647084-fe10-439c-bc86-3120b16794a3,validation/primary/normal_check/shared/rows/328,R7-D-voltage,6.938893903907228e-18,1.0e-6,true
legacy_ua10_energy_economic_highs,r8-energy-41647084-fe10-439c-bc86-3120b16794a3,validation/primary/normal_check/shared/rows/329,PCC-P,0.0,2.8e-6,true
legacy_ua10_energy_economic_highs,r8-energy-41647084-fe10-439c-bc86-3120b16794a3,validation/primary/normal_check/shared/rows/330,PCC-Q,0.0,2.8e-6,true
legacy_ua10_energy_economic_highs,r8-energy-41647084-fe10-439c-bc86-3120b16794a3,validation/primary/normal_check/shared/rows/331,6-22,0.0,1.0e-6,true
legacy_ua10_energy_economic_highs,r8-energy-41647084-fe10-439c-bc86-3120b16794a3,validation/primary/normal_check/shared/rows/332,root-voltage,0.0,1.0e-6,true
legacy_ua10_energy_economic_highs,r8-energy-41647084-fe10-439c-bc86-3120b16794a3,validation/primary/normal_check/shared/rows/333,6-18:19,0.0,2.8e-6,true
legacy_ua10_energy_economic_highs,r8-energy-41647084-fe10-439c-bc86-3120b16794a3,validation/primary/normal_check/shared/rows/334,6-20,0.0,2.8e-6,true
legacy_ua10_energy_economic_highs,r8-energy-41647084-fe10-439c-bc86-3120b16794a3,validation/primary/normal_check/shared/rows/335,6-22,0.0,1.0e-6,true
legacy_ua10_energy_economic_highs,r8-energy-41647084-fe10-439c-bc86-3120b16794a3,validation/primary/normal_check/shared/rows/336,6-18:19,0.0,2.8e-6,true
legacy_ua10_energy_economic_highs,r8-energy-41647084-fe10-439c-bc86-3120b16794a3,validation/primary/normal_check/shared/rows/337,6-20,0.0,2.8e-6,true
legacy_ua10_energy_economic_highs,r8-energy-41647084-fe10-439c-bc86-3120b16794a3,validation/primary/normal_check/shared/rows/338,6-24:25,0.0,2.8e-6,true
legacy_ua10_energy_economic_highs,r8-energy-41647084-fe10-439c-bc86-3120b16794a3,validation/primary/normal_check/shared/rows/339,6-24:25,0.0,2.8e-6,true
legacy_ua10_energy_economic_highs,r8-energy-41647084-fe10-439c-bc86-3120b16794a3,validation/primary/normal_check/shared/rows/340,R7-D-voltage,6.938893903907228e-18,1.0e-6,true
legacy_ua10_energy_economic_highs,r8-energy-41647084-fe10-439c-bc86-3120b16794a3,validation/primary/normal_check/shared/rows/341,6-1,5.684341886080802e-14,0.00019174735238095239,true
legacy_ua10_energy_economic_highs,r8-energy-41647084-fe10-439c-bc86-3120b16794a3,validation/primary/rows/1,R8-E3-objective,0.0,0.00019174735238095239,true
legacy_ua10_energy_economic_gurobi,r8-energy-98efc3bc-5c1d-40af-8dd6-5d3d518a15c3,validation/primary/normal_check/rows/1,R8-E2-capacity,0.0,2.8e-6,true
legacy_ua10_energy_economic_gurobi,r8-energy-98efc3bc-5c1d-40af-8dd6-5d3d518a15c3,validation/primary/normal_check/rows/2,R8-E2-capacity,0.0,2.8e-6,true
legacy_ua10_energy_economic_gurobi,r8-energy-98efc3bc-5c1d-40af-8dd6-5d3d518a15c3,validation/primary/normal_check/rows/3,R8-E2-capacity,0.0,2.8e-6,true
legacy_ua10_energy_economic_gurobi,r8-energy-98efc3bc-5c1d-40af-8dd6-5d3d518a15c3,validation/primary/normal_check/rows/4,R8-E2-capacity,0.0,2.8e-6,true
legacy_ua10_energy_economic_gurobi,r8-energy-98efc3bc-5c1d-40af-8dd6-5d3d518a15c3,validation/primary/normal_check/rows/5,R8-E2-capacity,0.0,2.8e-6,true
legacy_ua10_energy_economic_gurobi,r8-energy-98efc3bc-5c1d-40af-8dd6-5d3d518a15c3,validation/primary/normal_check/rows/6,R8-E2-capacity,0.0,2.8e-6,true
legacy_ua10_energy_economic_gurobi,r8-energy-98efc3bc-5c1d-40af-8dd6-5d3d518a15c3,validation/primary/normal_check/rows/7,R8-E2-capacity,0.0,2.8e-6,true
legacy_ua10_energy_economic_gurobi,r8-energy-98efc3bc-5c1d-40af-8dd6-5d3d518a15c3,validation/primary/normal_check/rows/8,R8-E2-capacity,0.0,2.8e-6,true
legacy_ua10_energy_economic_gurobi,r8-energy-98efc3bc-5c1d-40af-8dd6-5d3d518a15c3,validation/primary/normal_check/rows/9,R8-E1-balance,0.0,2.8e-6,true
legacy_ua10_energy_economic_gurobi,r8-energy-98efc3bc-5c1d-40af-8dd6-5d3d518a15c3,validation/primary/normal_check/rows/10,R8-E1-balance,0.0,2.8e-6,true
legacy_ua10_energy_economic_gurobi,r8-energy-98efc3bc-5c1d-40af-8dd6-5d3d518a15c3,validation/primary/normal_check/rows/11,R8-E1-balance,0.0,2.8e-6,true
legacy_ua10_energy_economic_gurobi,r8-energy-98efc3bc-5c1d-40af-8dd6-5d3d518a15c3,validation/primary/normal_check/rows/12,R8-E1-balance,0.0,2.8e-6,true
legacy_ua10_energy_economic_gurobi,r8-energy-98efc3bc-5c1d-40af-8dd6-5d3d518a15c3,validation/primary/normal_check/rows/13,R8-E1-balance,0.0,2.8e-6,true
legacy_ua10_energy_economic_gurobi,r8-energy-98efc3bc-5c1d-40af-8dd6-5d3d518a15c3,validation/primary/normal_check/rows/14,R8-E1-balance,0.0,2.8e-6,true
legacy_ua10_energy_economic_gurobi,r8-energy-98efc3bc-5c1d-40af-8dd6-5d3d518a15c3,validation/primary/normal_check/rows/15,R8-E1-balance,0.0,2.8e-6,true
legacy_ua10_energy_economic_gurobi,r8-energy-98efc3bc-5c1d-40af-8dd6-5d3d518a15c3,validation/primary/normal_check/rows/16,R8-E1-balance,0.0,2.8e-6,true
legacy_ua10_energy_economic_gurobi,r8-energy-98efc3bc-5c1d-40af-8dd6-5d3d518a15c3,validation/primary/normal_check/rows/17,R8-E1-balance,0.0,2.8e-6,true
legacy_ua10_energy_economic_gurobi,r8-energy-98efc3bc-5c1d-40af-8dd6-5d3d518a15c3,validation/primary/normal_check/rows/18,R8-E1-balance,0.0,2.8e-6,true
legacy_ua10_energy_economic_gurobi,r8-energy-98efc3bc-5c1d-40af-8dd6-5d3d518a15c3,validation/primary/normal_check/rows/19,R8-E1-balance,0.0,2.8e-6,true
legacy_ua10_energy_economic_gurobi,r8-energy-98efc3bc-5c1d-40af-8dd6-5d3d518a15c3,validation/primary/normal_check/rows/20,R8-E1-balance,0.0,2.8e-6,true
legacy_ua10_energy_economic_gurobi,r8-energy-98efc3bc-5c1d-40af-8dd6-5d3d518a15c3,validation/primary/normal_check/rows/21,R8-E1-balance,0.0,2.8e-6,true
legacy_ua10_energy_economic_gurobi,r8-energy-98efc3bc-5c1d-40af-8dd6-5d3d518a15c3,validation/primary/normal_check/rows/22,R8-E1-balance,0.0,2.8e-6,true
legacy_ua10_energy_economic_gurobi,r8-energy-98efc3bc-5c1d-40af-8dd6-5d3d518a15c3,validation/primary/normal_check/rows/23,R8-E1-balance,0.0,2.8e-6,true
legacy_ua10_energy_economic_gurobi,r8-energy-98efc3bc-5c1d-40af-8dd6-5d3d518a15c3,validation/primary/normal_check/rows/24,R8-E1-balance,0.0,2.8e-6,true
legacy_ua10_energy_economic_gurobi,r8-energy-98efc3bc-5c1d-40af-8dd6-5d3d518a15c3,validation/primary/normal_check/shared/rows/1,R7-B1-bounds,0.0,1.0e-6,true
legacy_ua10_energy_economic_gurobi,r8-energy-98efc3bc-5c1d-40af-8dd6-5d3d518a15c3,validation/primary/normal_check/shared/rows/2,R7-B1-integer,0.0,1.0e-6,true
legacy_ua10_energy_economic_gurobi,r8-energy-98efc3bc-5c1d-40af-8dd6-5d3d518a15c3,validation/primary/normal_check/shared/rows/3,R7-B1-inactive,0.0,1.0e-6,true
legacy_ua10_energy_economic_gurobi,r8-energy-98efc3bc-5c1d-40af-8dd6-5d3d518a15c3,validation/primary/normal_check/shared/rows/4,R7-B1-bounds,0.0,1.0e-6,true
legacy_ua10_energy_economic_gurobi,r8-energy-98efc3bc-5c1d-40af-8dd6-5d3d518a15c3,validation/primary/normal_check/shared/rows/5,R7-B1-integer,0.0,1.0e-6,true
legacy_ua10_energy_economic_gurobi,r8-energy-98efc3bc-5c1d-40af-8dd6-5d3d518a15c3,validation/primary/normal_check/shared/rows/6,R7-B1-inactive,0.0,1.0e-6,true
legacy_ua10_energy_economic_gurobi,r8-energy-98efc3bc-5c1d-40af-8dd6-5d3d518a15c3,validation/primary/normal_check/shared/rows/7,R7-B1-bounds,0.0,1.0e-6,true
legacy_ua10_energy_economic_gurobi,r8-energy-98efc3bc-5c1d-40af-8dd6-5d3d518a15c3,validation/primary/normal_check/shared/rows/8,R7-B1-integer,0.0,1.0e-6,true
legacy_ua10_energy_economic_gurobi,r8-energy-98efc3bc-5c1d-40af-8dd6-5d3d518a15c3,validation/primary/normal_check/shared/rows/9,R7-B1-inactive,0.0,1.0e-6,true
legacy_ua10_energy_economic_gurobi,r8-energy-98efc3bc-5c1d-40af-8dd6-5d3d518a15c3,validation/primary/normal_check/shared/rows/10,R7-B1-bounds,0.0,1.0e-6,true
legacy_ua10_energy_economic_gurobi,r8-energy-98efc3bc-5c1d-40af-8dd6-5d3d518a15c3,validation/primary/normal_check/shared/rows/11,R7-B1-integer,0.0,1.0e-6,true
legacy_ua10_energy_economic_gurobi,r8-energy-98efc3bc-5c1d-40af-8dd6-5d3d518a15c3,validation/primary/normal_check/shared/rows/12,R7-B1-inactive,0.0,1.0e-6,true
legacy_ua10_energy_economic_gurobi,r8-energy-98efc3bc-5c1d-40af-8dd6-5d3d518a15c3,validation/primary/normal_check/shared/rows/13,R7-B1-bounds,0.0,1.0e-6,true
legacy_ua10_energy_economic_gurobi,r8-energy-98efc3bc-5c1d-40af-8dd6-5d3d518a15c3,validation/primary/normal_check/shared/rows/14,R7-B1-integer,0.0,1.0e-6,true
legacy_ua10_energy_economic_gurobi,r8-energy-98efc3bc-5c1d-40af-8dd6-5d3d518a15c3,validation/primary/normal_check/shared/rows/15,R7-B1-inactive,0.0,1.0e-6,true
legacy_ua10_energy_economic_gurobi,r8-energy-98efc3bc-5c1d-40af-8dd6-5d3d518a15c3,validation/primary/normal_check/shared/rows/16,R7-B1-bounds,0.0,1.0e-6,true
legacy_ua10_energy_economic_gurobi,r8-energy-98efc3bc-5c1d-40af-8dd6-5d3d518a15c3,validation/primary/normal_check/shared/rows/17,R7-B1-integer,0.0,1.0e-6,true
legacy_ua10_energy_economic_gurobi,r8-energy-98efc3bc-5c1d-40af-8dd6-5d3d518a15c3,validation/primary/normal_check/shared/rows/18,R7-B1-inactive,0.0,1.0e-6,true
legacy_ua10_energy_economic_gurobi,r8-energy-98efc3bc-5c1d-40af-8dd6-5d3d518a15c3,validation/primary/normal_check/shared/rows/19,R7-B1-bounds,0.0,1.0e-6,true
legacy_ua10_energy_economic_gurobi,r8-energy-98efc3bc-5c1d-40af-8dd6-5d3d518a15c3,validation/primary/normal_check/shared/rows/20,R7-B1-integer,0.0,1.0e-6,true
legacy_ua10_energy_economic_gurobi,r8-energy-98efc3bc-5c1d-40af-8dd6-5d3d518a15c3,validation/primary/normal_check/shared/rows/21,R7-B1-inactive,0.0,1.0e-6,true
legacy_ua10_energy_economic_gurobi,r8-energy-98efc3bc-5c1d-40af-8dd6-5d3d518a15c3,validation/primary/normal_check/shared/rows/22,R7-B1-bounds,0.0,1.0e-6,true
legacy_ua10_energy_economic_gurobi,r8-energy-98efc3bc-5c1d-40af-8dd6-5d3d518a15c3,validation/primary/normal_check/shared/rows/23,R7-B1-integer,0.0,1.0e-6,true
legacy_ua10_energy_economic_gurobi,r8-energy-98efc3bc-5c1d-40af-8dd6-5d3d518a15c3,validation/primary/normal_check/shared/rows/24,R7-B1-inactive,0.0,1.0e-6,true
legacy_ua10_energy_economic_gurobi,r8-energy-98efc3bc-5c1d-40af-8dd6-5d3d518a15c3,validation/primary/normal_check/shared/rows/25,R7-B1-bounds,0.0,1.0e-6,true
legacy_ua10_energy_economic_gurobi,r8-energy-98efc3bc-5c1d-40af-8dd6-5d3d518a15c3,validation/primary/normal_check/shared/rows/26,R7-B1-integer,0.0,1.0e-6,true
legacy_ua10_energy_economic_gurobi,r8-energy-98efc3bc-5c1d-40af-8dd6-5d3d518a15c3,validation/primary/normal_check/shared/rows/27,R7-B1-charge,0.0,2.8e-6,true
legacy_ua10_energy_economic_gurobi,r8-energy-98efc3bc-5c1d-40af-8dd6-5d3d518a15c3,validation/primary/normal_check/shared/rows/28,R7-B1-discharge,0.0,2.8e-6,true
legacy_ua10_energy_economic_gurobi,r8-energy-98efc3bc-5c1d-40af-8dd6-5d3d518a15c3,validation/primary/normal_check/shared/rows/29,R7-B1-nonsimultaneous,0.0,2.8e-6,true
legacy_ua10_energy_economic_gurobi,r8-energy-98efc3bc-5c1d-40af-8dd6-5d3d518a15c3,validation/primary/normal_check/shared/rows/30,R7-B1-bounds,0.0,1.0e-6,true
legacy_ua10_energy_economic_gurobi,r8-energy-98efc3bc-5c1d-40af-8dd6-5d3d518a15c3,validation/primary/normal_check/shared/rows/31,R7-B1-integer,0.0,1.0e-6,true
legacy_ua10_energy_economic_gurobi,r8-energy-98efc3bc-5c1d-40af-8dd6-5d3d518a15c3,validation/primary/normal_check/shared/rows/32,R7-B1-charge,0.0,2.8e-6,true
legacy_ua10_energy_economic_gurobi,r8-energy-98efc3bc-5c1d-40af-8dd6-5d3d518a15c3,validation/primary/normal_check/shared/rows/33,R7-B1-discharge,0.0,2.8e-6,true
legacy_ua10_energy_economic_gurobi,r8-energy-98efc3bc-5c1d-40af-8dd6-5d3d518a15c3,validation/primary/normal_check/shared/rows/34,R7-B1-nonsimultaneous,0.0,2.8e-6,true
legacy_ua10_energy_economic_gurobi,r8-energy-98efc3bc-5c1d-40af-8dd6-5d3d518a15c3,validation/primary/normal_check/shared/rows/35,R7-B1-bounds,0.0,1.0e-6,true
legacy_ua10_energy_economic_gurobi,r8-energy-98efc3bc-5c1d-40af-8dd6-5d3d518a15c3,validation/primary/normal_check/shared/rows/36,R7-B1-integer,0.0,1.0e-6,true
legacy_ua10_energy_economic_gurobi,r8-energy-98efc3bc-5c1d-40af-8dd6-5d3d518a15c3,validation/primary/normal_check/shared/rows/37,R7-B1-charge,0.0,2.8e-6,true
legacy_ua10_energy_economic_gurobi,r8-energy-98efc3bc-5c1d-40af-8dd6-5d3d518a15c3,validation/primary/normal_check/shared/rows/38,R7-B1-discharge,0.0,2.8e-6,true
legacy_ua10_energy_economic_gurobi,r8-energy-98efc3bc-5c1d-40af-8dd6-5d3d518a15c3,validation/primary/normal_check/shared/rows/39,R7-B1-nonsimultaneous,0.0,2.8e-6,true
legacy_ua10_energy_economic_gurobi,r8-energy-98efc3bc-5c1d-40af-8dd6-5d3d518a15c3,validation/primary/normal_check/shared/rows/40,R7-B1-bounds,0.0,1.0e-6,true
legacy_ua10_energy_economic_gurobi,r8-energy-98efc3bc-5c1d-40af-8dd6-5d3d518a15c3,validation/primary/normal_check/shared/rows/41,R7-B1-integer,0.0,1.0e-6,true
legacy_ua10_energy_economic_gurobi,r8-energy-98efc3bc-5c1d-40af-8dd6-5d3d518a15c3,validation/primary/normal_check/shared/rows/42,R7-B1-charge,0.0,2.8e-6,true
legacy_ua10_energy_economic_gurobi,r8-energy-98efc3bc-5c1d-40af-8dd6-5d3d518a15c3,validation/primary/normal_check/shared/rows/43,R7-B1-discharge,0.0,2.8e-6,true
legacy_ua10_energy_economic_gurobi,r8-energy-98efc3bc-5c1d-40af-8dd6-5d3d518a15c3,validation/primary/normal_check/shared/rows/44,R7-B1-nonsimultaneous,0.0,2.8e-6,true
legacy_ua10_energy_economic_gurobi,r8-energy-98efc3bc-5c1d-40af-8dd6-5d3d518a15c3,validation/primary/normal_check/shared/rows/45,R7-B1-bounds,0.0,1.0e-6,true
legacy_ua10_energy_economic_gurobi,r8-energy-98efc3bc-5c1d-40af-8dd6-5d3d518a15c3,validation/primary/normal_check/shared/rows/46,R7-B1-integer,0.0,1.0e-6,true
legacy_ua10_energy_economic_gurobi,r8-energy-98efc3bc-5c1d-40af-8dd6-5d3d518a15c3,validation/primary/normal_check/shared/rows/47,R7-B1-charge,0.0,2.8e-6,true
legacy_ua10_energy_economic_gurobi,r8-energy-98efc3bc-5c1d-40af-8dd6-5d3d518a15c3,validation/primary/normal_check/shared/rows/48,R7-B1-discharge,0.0,2.8e-6,true
legacy_ua10_energy_economic_gurobi,r8-energy-98efc3bc-5c1d-40af-8dd6-5d3d518a15c3,validation/primary/normal_check/shared/rows/49,R7-B1-nonsimultaneous,0.0,2.8e-6,true
legacy_ua10_energy_economic_gurobi,r8-energy-98efc3bc-5c1d-40af-8dd6-5d3d518a15c3,validation/primary/normal_check/shared/rows/50,R7-B1-bounds,0.0,1.0e-6,true
legacy_ua10_energy_economic_gurobi,r8-energy-98efc3bc-5c1d-40af-8dd6-5d3d518a15c3,validation/primary/normal_check/shared/rows/51,R7-B1-integer,0.0,1.0e-6,true
legacy_ua10_energy_economic_gurobi,r8-energy-98efc3bc-5c1d-40af-8dd6-5d3d518a15c3,validation/primary/normal_check/shared/rows/52,R7-B1-charge,0.0,2.8e-6,true
legacy_ua10_energy_economic_gurobi,r8-energy-98efc3bc-5c1d-40af-8dd6-5d3d518a15c3,validation/primary/normal_check/shared/rows/53,R7-B1-discharge,0.0,2.8e-6,true
legacy_ua10_energy_economic_gurobi,r8-energy-98efc3bc-5c1d-40af-8dd6-5d3d518a15c3,validation/primary/normal_check/shared/rows/54,R7-B1-nonsimultaneous,0.0,2.8e-6,true
legacy_ua10_energy_economic_gurobi,r8-energy-98efc3bc-5c1d-40af-8dd6-5d3d518a15c3,validation/primary/normal_check/shared/rows/55,R7-B1-bounds,0.0,1.0e-6,true
legacy_ua10_energy_economic_gurobi,r8-energy-98efc3bc-5c1d-40af-8dd6-5d3d518a15c3,validation/primary/normal_check/shared/rows/56,R7-B1-integer,0.0,1.0e-6,true
legacy_ua10_energy_economic_gurobi,r8-energy-98efc3bc-5c1d-40af-8dd6-5d3d518a15c3,validation/primary/normal_check/shared/rows/57,R7-B1-charge,0.0,2.8e-6,true
legacy_ua10_energy_economic_gurobi,r8-energy-98efc3bc-5c1d-40af-8dd6-5d3d518a15c3,validation/primary/normal_check/shared/rows/58,R7-B1-discharge,0.0,2.8e-6,true
legacy_ua10_energy_economic_gurobi,r8-energy-98efc3bc-5c1d-40af-8dd6-5d3d518a15c3,validation/primary/normal_check/shared/rows/59,R7-B1-nonsimultaneous,0.0,2.8e-6,true
legacy_ua10_energy_economic_gurobi,r8-energy-98efc3bc-5c1d-40af-8dd6-5d3d518a15c3,validation/primary/normal_check/shared/rows/60,R7-B1-bounds,0.0,1.0e-6,true
legacy_ua10_energy_economic_gurobi,r8-energy-98efc3bc-5c1d-40af-8dd6-5d3d518a15c3,validation/primary/normal_check/shared/rows/61,R7-B1-integer,0.0,1.0e-6,true
legacy_ua10_energy_economic_gurobi,r8-energy-98efc3bc-5c1d-40af-8dd6-5d3d518a15c3,validation/primary/normal_check/shared/rows/62,R7-B1-charge,0.0,2.8e-6,true
legacy_ua10_energy_economic_gurobi,r8-energy-98efc3bc-5c1d-40af-8dd6-5d3d518a15c3,validation/primary/normal_check/shared/rows/63,R7-B1-discharge,0.0,2.8e-6,true
legacy_ua10_energy_economic_gurobi,r8-energy-98efc3bc-5c1d-40af-8dd6-5d3d518a15c3,validation/primary/normal_check/shared/rows/64,R7-B1-nonsimultaneous,0.0,2.8e-6,true
legacy_ua10_energy_economic_gurobi,r8-energy-98efc3bc-5c1d-40af-8dd6-5d3d518a15c3,validation/primary/normal_check/shared/rows/65,R7-N1,0.0,1.0e-6,true
legacy_ua10_energy_economic_gurobi,r8-energy-98efc3bc-5c1d-40af-8dd6-5d3d518a15c3,validation/primary/normal_check/shared/rows/66,R7-N1,0.0,1.0e-6,true
legacy_ua10_energy_economic_gurobi,r8-energy-98efc3bc-5c1d-40af-8dd6-5d3d518a15c3,validation/primary/normal_check/shared/rows/67,R7-N1,0.0,1.0e-6,true
legacy_ua10_energy_economic_gurobi,r8-energy-98efc3bc-5c1d-40af-8dd6-5d3d518a15c3,validation/primary/normal_check/shared/rows/68,R7-N1,0.0,1.0e-6,true
legacy_ua10_energy_economic_gurobi,r8-energy-98efc3bc-5c1d-40af-8dd6-5d3d518a15c3,validation/primary/normal_check/shared/rows/69,R7-N1,0.0,1.0e-6,true
legacy_ua10_energy_economic_gurobi,r8-energy-98efc3bc-5c1d-40af-8dd6-5d3d518a15c3,validation/primary/normal_check/shared/rows/70,6-2,0.0,2.0e-6,true
legacy_ua10_energy_economic_gurobi,r8-energy-98efc3bc-5c1d-40af-8dd6-5d3d518a15c3,validation/primary/normal_check/shared/rows/71,6-3,0.0,2.0e-6,true
legacy_ua10_energy_economic_gurobi,r8-energy-98efc3bc-5c1d-40af-8dd6-5d3d518a15c3,validation/primary/normal_check/shared/rows/72,6-4,0.0,2.0e-6,true
legacy_ua10_energy_economic_gurobi,r8-energy-98efc3bc-5c1d-40af-8dd6-5d3d518a15c3,validation/primary/normal_check/shared/rows/73,6-5,0.0,2.0e-6,true
legacy_ua10_energy_economic_gurobi,r8-energy-98efc3bc-5c1d-40af-8dd6-5d3d518a15c3,validation/primary/normal_check/shared/rows/74,6-11,0.0,2.0e-6,true
legacy_ua10_energy_economic_gurobi,r8-energy-98efc3bc-5c1d-40af-8dd6-5d3d518a15c3,validation/primary/normal_check/shared/rows/75,6-2,0.0,2.0e-6,true
legacy_ua10_energy_economic_gurobi,r8-energy-98efc3bc-5c1d-40af-8dd6-5d3d518a15c3,validation/primary/normal_check/shared/rows/76,6-3,0.0,2.0e-6,true
legacy_ua10_energy_economic_gurobi,r8-energy-98efc3bc-5c1d-40af-8dd6-5d3d518a15c3,validation/primary/normal_check/shared/rows/77,6-4,0.0,2.0e-6,true
legacy_ua10_energy_economic_gurobi,r8-energy-98efc3bc-5c1d-40af-8dd6-5d3d518a15c3,validation/primary/normal_check/shared/rows/78,6-5,0.0,2.0e-6,true
legacy_ua10_energy_economic_gurobi,r8-energy-98efc3bc-5c1d-40af-8dd6-5d3d518a15c3,validation/primary/normal_check/shared/rows/79,6-11,0.0,2.0e-6,true
legacy_ua10_energy_economic_gurobi,r8-energy-98efc3bc-5c1d-40af-8dd6-5d3d518a15c3,validation/primary/normal_check/shared/rows/80,R7-N1,0.0,1.0e-6,true
legacy_ua10_energy_economic_gurobi,r8-energy-98efc3bc-5c1d-40af-8dd6-5d3d518a15c3,validation/primary/normal_check/shared/rows/81,R7-N1,0.0,1.0e-6,true
legacy_ua10_energy_economic_gurobi,r8-energy-98efc3bc-5c1d-40af-8dd6-5d3d518a15c3,validation/primary/normal_check/shared/rows/82,R7-N1,0.0,1.0e-6,true
legacy_ua10_energy_economic_gurobi,r8-energy-98efc3bc-5c1d-40af-8dd6-5d3d518a15c3,validation/primary/normal_check/shared/rows/83,R7-N1,0.0,1.0e-6,true
legacy_ua10_energy_economic_gurobi,r8-energy-98efc3bc-5c1d-40af-8dd6-5d3d518a15c3,validation/primary/normal_check/shared/rows/84,R7-N1,0.0,1.0e-6,true
legacy_ua10_energy_economic_gurobi,r8-energy-98efc3bc-5c1d-40af-8dd6-5d3d518a15c3,validation/primary/normal_check/shared/rows/85,6-2,0.0,2.0e-6,true
legacy_ua10_energy_economic_gurobi,r8-energy-98efc3bc-5c1d-40af-8dd6-5d3d518a15c3,validation/primary/normal_check/shared/rows/86,6-3,0.0,2.0e-6,true
legacy_ua10_energy_economic_gurobi,r8-energy-98efc3bc-5c1d-40af-8dd6-5d3d518a15c3,validation/primary/normal_check/shared/rows/87,6-4,0.0,2.0e-6,true
legacy_ua10_energy_economic_gurobi,r8-energy-98efc3bc-5c1d-40af-8dd6-5d3d518a15c3,validation/primary/normal_check/shared/rows/88,6-5,0.0,2.0e-6,true
legacy_ua10_energy_economic_gurobi,r8-energy-98efc3bc-5c1d-40af-8dd6-5d3d518a15c3,validation/primary/normal_check/shared/rows/89,6-11,0.0,2.0e-6,true
legacy_ua10_energy_economic_gurobi,r8-energy-98efc3bc-5c1d-40af-8dd6-5d3d518a15c3,validation/primary/normal_check/shared/rows/90,6-2,0.0,2.0e-6,true
legacy_ua10_energy_economic_gurobi,r8-energy-98efc3bc-5c1d-40af-8dd6-5d3d518a15c3,validation/primary/normal_check/shared/rows/91,6-3,0.0,2.0e-6,true
legacy_ua10_energy_economic_gurobi,r8-energy-98efc3bc-5c1d-40af-8dd6-5d3d518a15c3,validation/primary/normal_check/shared/rows/92,6-4,0.0,2.0e-6,true
legacy_ua10_energy_economic_gurobi,r8-energy-98efc3bc-5c1d-40af-8dd6-5d3d518a15c3,validation/primary/normal_check/shared/rows/93,6-5,0.0,2.0e-6,true
legacy_ua10_energy_economic_gurobi,r8-energy-98efc3bc-5c1d-40af-8dd6-5d3d518a15c3,validation/primary/normal_check/shared/rows/94,6-11,0.0,2.0e-6,true
legacy_ua10_energy_economic_gurobi,r8-energy-98efc3bc-5c1d-40af-8dd6-5d3d518a15c3,validation/primary/normal_check/shared/rows/95,R7-N1,0.0,1.0e-6,true
legacy_ua10_energy_economic_gurobi,r8-energy-98efc3bc-5c1d-40af-8dd6-5d3d518a15c3,validation/primary/normal_check/shared/rows/96,R7-N1,0.0,1.0e-6,true
legacy_ua10_energy_economic_gurobi,r8-energy-98efc3bc-5c1d-40af-8dd6-5d3d518a15c3,validation/primary/normal_check/shared/rows/97,R7-N1,0.0,1.0e-6,true
legacy_ua10_energy_economic_gurobi,r8-energy-98efc3bc-5c1d-40af-8dd6-5d3d518a15c3,validation/primary/normal_check/shared/rows/98,R7-N1,0.0,1.0e-6,true
legacy_ua10_energy_economic_gurobi,r8-energy-98efc3bc-5c1d-40af-8dd6-5d3d518a15c3,validation/primary/normal_check/shared/rows/99,R7-N1,0.0,1.0e-6,true
legacy_ua10_energy_economic_gurobi,r8-energy-98efc3bc-5c1d-40af-8dd6-5d3d518a15c3,validation/primary/normal_check/shared/rows/100,6-2,0.0,2.0e-6,true
legacy_ua10_energy_economic_gurobi,r8-energy-98efc3bc-5c1d-40af-8dd6-5d3d518a15c3,validation/primary/normal_check/shared/rows/101,6-3,0.0,2.0e-6,true
legacy_ua10_energy_economic_gurobi,r8-energy-98efc3bc-5c1d-40af-8dd6-5d3d518a15c3,validation/primary/normal_check/shared/rows/102,6-4,0.0,2.0e-6,true
legacy_ua10_energy_economic_gurobi,r8-energy-98efc3bc-5c1d-40af-8dd6-5d3d518a15c3,validation/primary/normal_check/shared/rows/103,6-5,0.0,2.0e-6,true
legacy_ua10_energy_economic_gurobi,r8-energy-98efc3bc-5c1d-40af-8dd6-5d3d518a15c3,validation/primary/normal_check/shared/rows/104,6-11,0.0,2.0e-6,true
legacy_ua10_energy_economic_gurobi,r8-energy-98efc3bc-5c1d-40af-8dd6-5d3d518a15c3,validation/primary/normal_check/shared/rows/105,6-2,0.0,2.0e-6,true
legacy_ua10_energy_economic_gurobi,r8-energy-98efc3bc-5c1d-40af-8dd6-5d3d518a15c3,validation/primary/normal_check/shared/rows/106,6-3,0.0,2.0e-6,true
legacy_ua10_energy_economic_gurobi,r8-energy-98efc3bc-5c1d-40af-8dd6-5d3d518a15c3,validation/primary/normal_check/shared/rows/107,6-4,0.0,2.0e-6,true
legacy_ua10_energy_economic_gurobi,r8-energy-98efc3bc-5c1d-40af-8dd6-5d3d518a15c3,validation/primary/normal_check/shared/rows/108,6-5,0.0,2.0e-6,true
legacy_ua10_energy_economic_gurobi,r8-energy-98efc3bc-5c1d-40af-8dd6-5d3d518a15c3,validation/primary/normal_check/shared/rows/109,6-11,0.0,2.0e-6,true
legacy_ua10_energy_economic_gurobi,r8-energy-98efc3bc-5c1d-40af-8dd6-5d3d518a15c3,validation/primary/normal_check/shared/rows/110,R7-N1,0.0,1.0e-6,true
legacy_ua10_energy_economic_gurobi,r8-energy-98efc3bc-5c1d-40af-8dd6-5d3d518a15c3,validation/primary/normal_check/shared/rows/111,R7-N1,0.0,1.0e-6,true
legacy_ua10_energy_economic_gurobi,r8-energy-98efc3bc-5c1d-40af-8dd6-5d3d518a15c3,validation/primary/normal_check/shared/rows/112,R7-N1,0.0,1.0e-6,true
legacy_ua10_energy_economic_gurobi,r8-energy-98efc3bc-5c1d-40af-8dd6-5d3d518a15c3,validation/primary/normal_check/shared/rows/113,R7-N1,0.0,1.0e-6,true
legacy_ua10_energy_economic_gurobi,r8-energy-98efc3bc-5c1d-40af-8dd6-5d3d518a15c3,validation/primary/normal_check/shared/rows/114,R7-N1,0.0,1.0e-6,true
legacy_ua10_energy_economic_gurobi,r8-energy-98efc3bc-5c1d-40af-8dd6-5d3d518a15c3,validation/primary/normal_check/shared/rows/115,6-2,0.0,2.0e-6,true
legacy_ua10_energy_economic_gurobi,r8-energy-98efc3bc-5c1d-40af-8dd6-5d3d518a15c3,validation/primary/normal_check/shared/rows/116,6-3,0.0,2.0e-6,true
legacy_ua10_energy_economic_gurobi,r8-energy-98efc3bc-5c1d-40af-8dd6-5d3d518a15c3,validation/primary/normal_check/shared/rows/117,6-4,0.0,2.0e-6,true
legacy_ua10_energy_economic_gurobi,r8-energy-98efc3bc-5c1d-40af-8dd6-5d3d518a15c3,validation/primary/normal_check/shared/rows/118,6-5,0.0,2.0e-6,true
legacy_ua10_energy_economic_gurobi,r8-energy-98efc3bc-5c1d-40af-8dd6-5d3d518a15c3,validation/primary/normal_check/shared/rows/119,6-11,0.0,2.0e-6,true
legacy_ua10_energy_economic_gurobi,r8-energy-98efc3bc-5c1d-40af-8dd6-5d3d518a15c3,validation/primary/normal_check/shared/rows/120,6-2,0.0,2.0e-6,true
legacy_ua10_energy_economic_gurobi,r8-energy-98efc3bc-5c1d-40af-8dd6-5d3d518a15c3,validation/primary/normal_check/shared/rows/121,6-3,0.0,2.0e-6,true
legacy_ua10_energy_economic_gurobi,r8-energy-98efc3bc-5c1d-40af-8dd6-5d3d518a15c3,validation/primary/normal_check/shared/rows/122,6-4,0.0,2.0e-6,true
legacy_ua10_energy_economic_gurobi,r8-energy-98efc3bc-5c1d-40af-8dd6-5d3d518a15c3,validation/primary/normal_check/shared/rows/123,6-5,0.0,2.0e-6,true
legacy_ua10_energy_economic_gurobi,r8-energy-98efc3bc-5c1d-40af-8dd6-5d3d518a15c3,validation/primary/normal_check/shared/rows/124,6-11,0.0,2.0e-6,true
legacy_ua10_energy_economic_gurobi,r8-energy-98efc3bc-5c1d-40af-8dd6-5d3d518a15c3,validation/primary/normal_check/shared/rows/125,R7-D-device-link,0.0,2.8e-6,true
legacy_ua10_energy_economic_gurobi,r8-energy-98efc3bc-5c1d-40af-8dd6-5d3d518a15c3,validation/primary/normal_check/shared/rows/126,R7-D-device-link,0.0,2.8e-6,true
legacy_ua10_energy_economic_gurobi,r8-energy-98efc3bc-5c1d-40af-8dd6-5d3d518a15c3,validation/primary/normal_check/shared/rows/127,R7-D-device-link,0.0,2.8e-6,true
legacy_ua10_energy_economic_gurobi,r8-energy-98efc3bc-5c1d-40af-8dd6-5d3d518a15c3,validation/primary/normal_check/shared/rows/128,R7-D-device-link,0.0,2.8e-6,true
legacy_ua10_energy_economic_gurobi,r8-energy-98efc3bc-5c1d-40af-8dd6-5d3d518a15c3,validation/primary/normal_check/shared/rows/129,R7-D-device-link,0.0,2.8e-6,true
legacy_ua10_energy_economic_gurobi,r8-energy-98efc3bc-5c1d-40af-8dd6-5d3d518a15c3,validation/primary/normal_check/shared/rows/130,R7-D-device-link,0.0,2.8e-6,true
legacy_ua10_energy_economic_gurobi,r8-energy-98efc3bc-5c1d-40af-8dd6-5d3d518a15c3,validation/primary/normal_check/shared/rows/131,R7-D-device-link,0.0,2.8e-6,true
legacy_ua10_energy_economic_gurobi,r8-energy-98efc3bc-5c1d-40af-8dd6-5d3d518a15c3,validation/primary/normal_check/shared/rows/132,R7-D-device-link,0.0,2.8e-6,true
legacy_ua10_energy_economic_gurobi,r8-energy-98efc3bc-5c1d-40af-8dd6-5d3d518a15c3,validation/primary/normal_check/shared/rows/133,R7-D-device-link,0.0,2.8e-6,true
legacy_ua10_energy_economic_gurobi,r8-energy-98efc3bc-5c1d-40af-8dd6-5d3d518a15c3,validation/primary/normal_check/shared/rows/134,R7-D-device-link,0.0,2.8e-6,true
legacy_ua10_energy_economic_gurobi,r8-energy-98efc3bc-5c1d-40af-8dd6-5d3d518a15c3,validation/primary/normal_check/shared/rows/135,R7-D-device-link,0.0,2.8e-6,true
legacy_ua10_energy_economic_gurobi,r8-energy-98efc3bc-5c1d-40af-8dd6-5d3d518a15c3,validation/primary/normal_check/shared/rows/136,R7-D-device-link,0.0,2.8e-6,true
legacy_ua10_energy_economic_gurobi,r8-energy-98efc3bc-5c1d-40af-8dd6-5d3d518a15c3,validation/primary/normal_check/shared/rows/137,R7-D-device-link,0.0,2.8e-6,true
legacy_ua10_energy_economic_gurobi,r8-energy-98efc3bc-5c1d-40af-8dd6-5d3d518a15c3,validation/primary/normal_check/shared/rows/138,R7-D-device-link,0.0,2.8e-6,true
legacy_ua10_energy_economic_gurobi,r8-energy-98efc3bc-5c1d-40af-8dd6-5d3d518a15c3,validation/primary/normal_check/shared/rows/139,R7-D-device-link,0.0,2.8e-6,true
legacy_ua10_energy_economic_gurobi,r8-energy-98efc3bc-5c1d-40af-8dd6-5d3d518a15c3,validation/primary/normal_check/shared/rows/140,R7-D-device-link,0.0,2.8e-6,true
legacy_ua10_energy_economic_gurobi,r8-energy-98efc3bc-5c1d-40af-8dd6-5d3d518a15c3,validation/primary/normal_check/shared/rows/141,R7-D-device-link,0.0,2.8e-6,true
legacy_ua10_energy_economic_gurobi,r8-energy-98efc3bc-5c1d-40af-8dd6-5d3d518a15c3,validation/primary/normal_check/shared/rows/142,R7-D-device-link,0.0,2.8e-6,true
legacy_ua10_energy_economic_gurobi,r8-energy-98efc3bc-5c1d-40af-8dd6-5d3d518a15c3,validation/primary/normal_check/shared/rows/143,R7-D-device-link,0.0,2.8e-6,true
legacy_ua10_energy_economic_gurobi,r8-energy-98efc3bc-5c1d-40af-8dd6-5d3d518a15c3,validation/primary/normal_check/shared/rows/144,R7-D-device-link,0.0,2.8e-6,true
legacy_ua10_energy_economic_gurobi,r8-energy-98efc3bc-5c1d-40af-8dd6-5d3d518a15c3,validation/primary/normal_check/shared/rows/145,R7-D-device-link,0.0,2.8e-6,true
legacy_ua10_energy_economic_gurobi,r8-energy-98efc3bc-5c1d-40af-8dd6-5d3d518a15c3,validation/primary/normal_check/shared/rows/146,R7-D-device-link,0.0,2.8e-6,true
legacy_ua10_energy_economic_gurobi,r8-energy-98efc3bc-5c1d-40af-8dd6-5d3d518a15c3,validation/primary/normal_check/shared/rows/147,R7-D-device-link,0.0,2.8e-6,true
legacy_ua10_energy_economic_gurobi,r8-energy-98efc3bc-5c1d-40af-8dd6-5d3d518a15c3,validation/primary/normal_check/shared/rows/148,R7-D-device-link,0.0,2.8e-6,true
legacy_ua10_energy_economic_gurobi,r8-energy-98efc3bc-5c1d-40af-8dd6-5d3d518a15c3,validation/primary/normal_check/shared/rows/149,6-12-ch,0.0,2.8e-6,true
legacy_ua10_energy_economic_gurobi,r8-energy-98efc3bc-5c1d-40af-8dd6-5d3d518a15c3,validation/primary/normal_check/shared/rows/150,6-12-dis,0.0,2.8e-6,true
legacy_ua10_energy_economic_gurobi,r8-energy-98efc3bc-5c1d-40af-8dd6-5d3d518a15c3,validation/primary/normal_check/shared/rows/151,6-12-ch,0.0,2.8e-6,true
legacy_ua10_energy_economic_gurobi,r8-energy-98efc3bc-5c1d-40af-8dd6-5d3d518a15c3,validation/primary/normal_check/shared/rows/152,6-12-dis,0.0,2.8e-6,true
legacy_ua10_energy_economic_gurobi,r8-energy-98efc3bc-5c1d-40af-8dd6-5d3d518a15c3,validation/primary/normal_check/shared/rows/153,6-12-ch,0.0,2.8e-6,true
legacy_ua10_energy_economic_gurobi,r8-energy-98efc3bc-5c1d-40af-8dd6-5d3d518a15c3,validation/primary/normal_check/shared/rows/154,6-12-dis,0.0,2.8e-6,true
legacy_ua10_energy_economic_gurobi,r8-energy-98efc3bc-5c1d-40af-8dd6-5d3d518a15c3,validation/primary/normal_check/shared/rows/155,6-12-ch,0.0,2.8e-6,true
legacy_ua10_energy_economic_gurobi,r8-energy-98efc3bc-5c1d-40af-8dd6-5d3d518a15c3,validation/primary/normal_check/shared/rows/156,6-12-dis,0.0,2.8e-6,true
legacy_ua10_energy_economic_gurobi,r8-energy-98efc3bc-5c1d-40af-8dd6-5d3d518a15c3,validation/primary/normal_check/shared/rows/157,6-12-ch,0.0,2.8e-6,true
legacy_ua10_energy_economic_gurobi,r8-energy-98efc3bc-5c1d-40af-8dd6-5d3d518a15c3,validation/primary/normal_check/shared/rows/158,6-12-dis,0.0,2.8e-6,true
legacy_ua10_energy_economic_gurobi,r8-energy-98efc3bc-5c1d-40af-8dd6-5d3d518a15c3,validation/primary/normal_check/shared/rows/159,6-12-ch,0.0,2.8e-6,true
legacy_ua10_energy_economic_gurobi,r8-energy-98efc3bc-5c1d-40af-8dd6-5d3d518a15c3,validation/primary/normal_check/shared/rows/160,6-12-dis,0.0,2.8e-6,true
legacy_ua10_energy_economic_gurobi,r8-energy-98efc3bc-5c1d-40af-8dd6-5d3d518a15c3,validation/primary/normal_check/shared/rows/161,6-12-ch,0.0,2.8e-6,true
legacy_ua10_energy_economic_gurobi,r8-energy-98efc3bc-5c1d-40af-8dd6-5d3d518a15c3,validation/primary/normal_check/shared/rows/162,6-12-dis,0.0,2.8e-6,true
legacy_ua10_energy_economic_gurobi,r8-energy-98efc3bc-5c1d-40af-8dd6-5d3d518a15c3,validation/primary/normal_check/shared/rows/163,6-12-ch,0.0,2.8e-6,true
legacy_ua10_energy_economic_gurobi,r8-energy-98efc3bc-5c1d-40af-8dd6-5d3d518a15c3,validation/primary/normal_check/shared/rows/164,6-12-dis,0.0,2.8e-6,true
legacy_ua10_energy_economic_gurobi,r8-energy-98efc3bc-5c1d-40af-8dd6-5d3d518a15c3,validation/primary/normal_check/shared/rows/165,6-13-zero,0.0,2.0e-6,true
legacy_ua10_energy_economic_gurobi,r8-energy-98efc3bc-5c1d-40af-8dd6-5d3d518a15c3,validation/primary/normal_check/shared/rows/166,6-13-zero,0.0,2.0e-6,true
legacy_ua10_energy_economic_gurobi,r8-energy-98efc3bc-5c1d-40af-8dd6-5d3d518a15c3,validation/primary/normal_check/shared/rows/167,6-13-zero,0.0,2.0e-6,true
legacy_ua10_energy_economic_gurobi,r8-energy-98efc3bc-5c1d-40af-8dd6-5d3d518a15c3,validation/primary/normal_check/shared/rows/168,6-13-zero,0.0,2.0e-6,true
legacy_ua10_energy_economic_gurobi,r8-energy-98efc3bc-5c1d-40af-8dd6-5d3d518a15c3,validation/primary/normal_check/shared/rows/169,6-13-zero,0.0,2.0e-6,true
legacy_ua10_energy_economic_gurobi,r8-energy-98efc3bc-5c1d-40af-8dd6-5d3d518a15c3,validation/primary/normal_check/shared/rows/170,6-13-zero,0.0,2.0e-6,true
legacy_ua10_energy_economic_gurobi,r8-energy-98efc3bc-5c1d-40af-8dd6-5d3d518a15c3,validation/primary/normal_check/shared/rows/171,6-13-zero,0.0,2.0e-6,true
legacy_ua10_energy_economic_gurobi,r8-energy-98efc3bc-5c1d-40af-8dd6-5d3d518a15c3,validation/primary/normal_check/shared/rows/172,6-13-zero,0.0,2.0e-6,true
legacy_ua10_energy_economic_gurobi,r8-energy-98efc3bc-5c1d-40af-8dd6-5d3d518a15c3,validation/primary/normal_check/shared/rows/173,6-13-zero,0.0,2.0e-6,true
legacy_ua10_energy_economic_gurobi,r8-energy-98efc3bc-5c1d-40af-8dd6-5d3d518a15c3,validation/primary/normal_check/shared/rows/174,6-13-zero,0.0,2.0e-6,true
legacy_ua10_energy_economic_gurobi,r8-energy-98efc3bc-5c1d-40af-8dd6-5d3d518a15c3,validation/primary/normal_check/shared/rows/175,6-8:10,0.0,2.8e-6,true
legacy_ua10_energy_economic_gurobi,r8-energy-98efc3bc-5c1d-40af-8dd6-5d3d518a15c3,validation/primary/normal_check/shared/rows/176,6-9,0.0,2.8e-6,true
legacy_ua10_energy_economic_gurobi,r8-energy-98efc3bc-5c1d-40af-8dd6-5d3d518a15c3,validation/primary/normal_check/shared/rows/177,6-11,0.0,2.8e-6,true
legacy_ua10_energy_economic_gurobi,r8-energy-98efc3bc-5c1d-40af-8dd6-5d3d518a15c3,validation/primary/normal_check/shared/rows/178,6-12-ch,0.0,2.8e-6,true
legacy_ua10_energy_economic_gurobi,r8-energy-98efc3bc-5c1d-40af-8dd6-5d3d518a15c3,validation/primary/normal_check/shared/rows/179,6-12-dis,0.0,2.8e-6,true
legacy_ua10_energy_economic_gurobi,r8-energy-98efc3bc-5c1d-40af-8dd6-5d3d518a15c3,validation/primary/normal_check/shared/rows/180,6-12,0.0,2.8e-6,true
legacy_ua10_energy_economic_gurobi,r8-energy-98efc3bc-5c1d-40af-8dd6-5d3d518a15c3,validation/primary/normal_check/shared/rows/181,6-14,0.0,2.0e-6,true
legacy_ua10_energy_economic_gurobi,r8-energy-98efc3bc-5c1d-40af-8dd6-5d3d518a15c3,validation/primary/normal_check/shared/rows/182,6-8:10,0.0,2.8e-6,true
legacy_ua10_energy_economic_gurobi,r8-energy-98efc3bc-5c1d-40af-8dd6-5d3d518a15c3,validation/primary/normal_check/shared/rows/183,6-9,0.0,2.8e-6,true
legacy_ua10_energy_economic_gurobi,r8-energy-98efc3bc-5c1d-40af-8dd6-5d3d518a15c3,validation/primary/normal_check/shared/rows/184,6-11,0.0,2.8e-6,true
legacy_ua10_energy_economic_gurobi,r8-energy-98efc3bc-5c1d-40af-8dd6-5d3d518a15c3,validation/primary/normal_check/shared/rows/185,6-12-ch,0.0,2.8e-6,true
legacy_ua10_energy_economic_gurobi,r8-energy-98efc3bc-5c1d-40af-8dd6-5d3d518a15c3,validation/primary/normal_check/shared/rows/186,6-12-dis,0.0,2.8e-6,true
legacy_ua10_energy_economic_gurobi,r8-energy-98efc3bc-5c1d-40af-8dd6-5d3d518a15c3,validation/primary/normal_check/shared/rows/187,6-12,0.0,2.8e-6,true
legacy_ua10_energy_economic_gurobi,r8-energy-98efc3bc-5c1d-40af-8dd6-5d3d518a15c3,validation/primary/normal_check/shared/rows/188,6-14,0.0,2.0e-6,true
legacy_ua10_energy_economic_gurobi,r8-energy-98efc3bc-5c1d-40af-8dd6-5d3d518a15c3,validation/primary/normal_check/shared/rows/189,6-8:10,0.0,2.8e-6,true
legacy_ua10_energy_economic_gurobi,r8-energy-98efc3bc-5c1d-40af-8dd6-5d3d518a15c3,validation/primary/normal_check/shared/rows/190,6-9,0.0,2.8e-6,true
legacy_ua10_energy_economic_gurobi,r8-energy-98efc3bc-5c1d-40af-8dd6-5d3d518a15c3,validation/primary/normal_check/shared/rows/191,6-11,0.0,2.8e-6,true
legacy_ua10_energy_economic_gurobi,r8-energy-98efc3bc-5c1d-40af-8dd6-5d3d518a15c3,validation/primary/normal_check/shared/rows/192,6-12-ch,0.0,2.8e-6,true
legacy_ua10_energy_economic_gurobi,r8-energy-98efc3bc-5c1d-40af-8dd6-5d3d518a15c3,validation/primary/normal_check/shared/rows/193,6-12-dis,0.0,2.8e-6,true
legacy_ua10_energy_economic_gurobi,r8-energy-98efc3bc-5c1d-40af-8dd6-5d3d518a15c3,validation/primary/normal_check/shared/rows/194,6-12,0.0,2.8e-6,true
legacy_ua10_energy_economic_gurobi,r8-energy-98efc3bc-5c1d-40af-8dd6-5d3d518a15c3,validation/primary/normal_check/shared/rows/195,6-14,0.0,2.0e-6,true
legacy_ua10_energy_economic_gurobi,r8-energy-98efc3bc-5c1d-40af-8dd6-5d3d518a15c3,validation/primary/normal_check/shared/rows/196,6-8:10,0.0,2.8e-6,true
legacy_ua10_energy_economic_gurobi,r8-energy-98efc3bc-5c1d-40af-8dd6-5d3d518a15c3,validation/primary/normal_check/shared/rows/197,6-9,0.0,2.8e-6,true
legacy_ua10_energy_economic_gurobi,r8-energy-98efc3bc-5c1d-40af-8dd6-5d3d518a15c3,validation/primary/normal_check/shared/rows/198,6-11,0.0,2.8e-6,true
legacy_ua10_energy_economic_gurobi,r8-energy-98efc3bc-5c1d-40af-8dd6-5d3d518a15c3,validation/primary/normal_check/shared/rows/199,6-12-ch,0.0,2.8e-6,true
legacy_ua10_energy_economic_gurobi,r8-energy-98efc3bc-5c1d-40af-8dd6-5d3d518a15c3,validation/primary/normal_check/shared/rows/200,6-12-dis,0.0,2.8e-6,true
legacy_ua10_energy_economic_gurobi,r8-energy-98efc3bc-5c1d-40af-8dd6-5d3d518a15c3,validation/primary/normal_check/shared/rows/201,6-12,0.0,2.8e-6,true
legacy_ua10_energy_economic_gurobi,r8-energy-98efc3bc-5c1d-40af-8dd6-5d3d518a15c3,validation/primary/normal_check/shared/rows/202,6-14,0.0,2.0e-6,true
legacy_ua10_energy_economic_gurobi,r8-energy-98efc3bc-5c1d-40af-8dd6-5d3d518a15c3,validation/primary/normal_check/shared/rows/203,6-8:10,0.0,2.8e-6,true
legacy_ua10_energy_economic_gurobi,r8-energy-98efc3bc-5c1d-40af-8dd6-5d3d518a15c3,validation/primary/normal_check/shared/rows/204,6-9,0.0,2.8e-6,true
legacy_ua10_energy_economic_gurobi,r8-energy-98efc3bc-5c1d-40af-8dd6-5d3d518a15c3,validation/primary/normal_check/shared/rows/205,6-11,0.0,2.8e-6,true
legacy_ua10_energy_economic_gurobi,r8-energy-98efc3bc-5c1d-40af-8dd6-5d3d518a15c3,validation/primary/normal_check/shared/rows/206,6-12-ch,0.0,2.8e-6,true
legacy_ua10_energy_economic_gurobi,r8-energy-98efc3bc-5c1d-40af-8dd6-5d3d518a15c3,validation/primary/normal_check/shared/rows/207,6-12-dis,0.0,2.8e-6,true
legacy_ua10_energy_economic_gurobi,r8-energy-98efc3bc-5c1d-40af-8dd6-5d3d518a15c3,validation/primary/normal_check/shared/rows/208,6-12,0.0,2.8e-6,true
legacy_ua10_energy_economic_gurobi,r8-energy-98efc3bc-5c1d-40af-8dd6-5d3d518a15c3,validation/primary/normal_check/shared/rows/209,6-14,0.0,2.0e-6,true
legacy_ua10_energy_economic_gurobi,r8-energy-98efc3bc-5c1d-40af-8dd6-5d3d518a15c3,validation/primary/normal_check/shared/rows/210,6-8:10,0.0,2.8e-6,true
legacy_ua10_energy_economic_gurobi,r8-energy-98efc3bc-5c1d-40af-8dd6-5d3d518a15c3,validation/primary/normal_check/shared/rows/211,6-9,0.0,2.8e-6,true
legacy_ua10_energy_economic_gurobi,r8-energy-98efc3bc-5c1d-40af-8dd6-5d3d518a15c3,validation/primary/normal_check/shared/rows/212,6-11,0.0,2.8e-6,true
legacy_ua10_energy_economic_gurobi,r8-energy-98efc3bc-5c1d-40af-8dd6-5d3d518a15c3,validation/primary/normal_check/shared/rows/213,6-12-ch,0.0,2.8e-6,true
legacy_ua10_energy_economic_gurobi,r8-energy-98efc3bc-5c1d-40af-8dd6-5d3d518a15c3,validation/primary/normal_check/shared/rows/214,6-12-dis,0.0,2.8e-6,true
legacy_ua10_energy_economic_gurobi,r8-energy-98efc3bc-5c1d-40af-8dd6-5d3d518a15c3,validation/primary/normal_check/shared/rows/215,6-12,0.0,2.8e-6,true
legacy_ua10_energy_economic_gurobi,r8-energy-98efc3bc-5c1d-40af-8dd6-5d3d518a15c3,validation/primary/normal_check/shared/rows/216,6-14,0.0,2.0e-6,true
legacy_ua10_energy_economic_gurobi,r8-energy-98efc3bc-5c1d-40af-8dd6-5d3d518a15c3,validation/primary/normal_check/shared/rows/217,6-8:10,0.0,2.8e-6,true
legacy_ua10_energy_economic_gurobi,r8-energy-98efc3bc-5c1d-40af-8dd6-5d3d518a15c3,validation/primary/normal_check/shared/rows/218,6-9,0.0,2.8e-6,true
legacy_ua10_energy_economic_gurobi,r8-energy-98efc3bc-5c1d-40af-8dd6-5d3d518a15c3,validation/primary/normal_check/shared/rows/219,6-11,0.0,2.8e-6,true
legacy_ua10_energy_economic_gurobi,r8-energy-98efc3bc-5c1d-40af-8dd6-5d3d518a15c3,validation/primary/normal_check/shared/rows/220,6-12-ch,0.0,2.8e-6,true
legacy_ua10_energy_economic_gurobi,r8-energy-98efc3bc-5c1d-40af-8dd6-5d3d518a15c3,validation/primary/normal_check/shared/rows/221,6-12-dis,0.0,2.8e-6,true
legacy_ua10_energy_economic_gurobi,r8-energy-98efc3bc-5c1d-40af-8dd6-5d3d518a15c3,validation/primary/normal_check/shared/rows/222,6-12,0.0,2.8e-6,true
legacy_ua10_energy_economic_gurobi,r8-energy-98efc3bc-5c1d-40af-8dd6-5d3d518a15c3,validation/primary/normal_check/shared/rows/223,6-14,0.0,2.0e-6,true
legacy_ua10_energy_economic_gurobi,r8-energy-98efc3bc-5c1d-40af-8dd6-5d3d518a15c3,validation/primary/normal_check/shared/rows/224,6-8:10,0.0,2.8e-6,true
legacy_ua10_energy_economic_gurobi,r8-energy-98efc3bc-5c1d-40af-8dd6-5d3d518a15c3,validation/primary/normal_check/shared/rows/225,6-9,0.0,2.8e-6,true
legacy_ua10_energy_economic_gurobi,r8-energy-98efc3bc-5c1d-40af-8dd6-5d3d518a15c3,validation/primary/normal_check/shared/rows/226,6-11,0.0,2.8e-6,true
legacy_ua10_energy_economic_gurobi,r8-energy-98efc3bc-5c1d-40af-8dd6-5d3d518a15c3,validation/primary/normal_check/shared/rows/227,6-12-ch,0.0,2.8e-6,true
legacy_ua10_energy_economic_gurobi,r8-energy-98efc3bc-5c1d-40af-8dd6-5d3d518a15c3,validation/primary/normal_check/shared/rows/228,6-12-dis,0.0,2.8e-6,true
legacy_ua10_energy_economic_gurobi,r8-energy-98efc3bc-5c1d-40af-8dd6-5d3d518a15c3,validation/primary/normal_check/shared/rows/229,6-12,0.0,2.8e-6,true
legacy_ua10_energy_economic_gurobi,r8-energy-98efc3bc-5c1d-40af-8dd6-5d3d518a15c3,validation/primary/normal_check/shared/rows/230,6-14,0.0,2.0e-6,true
legacy_ua10_energy_economic_gurobi,r8-energy-98efc3bc-5c1d-40af-8dd6-5d3d518a15c3,validation/primary/normal_check/shared/rows/231,6-13,0.0,2.0e-6,true
legacy_ua10_energy_economic_gurobi,r8-energy-98efc3bc-5c1d-40af-8dd6-5d3d518a15c3,validation/primary/normal_check/shared/rows/232,R7-D-battery-initial,0.0,2.0e-6,true
legacy_ua10_energy_economic_gurobi,r8-energy-98efc3bc-5c1d-40af-8dd6-5d3d518a15c3,validation/primary/normal_check/shared/rows/233,6-13,0.0,2.0e-6,true
legacy_ua10_energy_economic_gurobi,r8-energy-98efc3bc-5c1d-40af-8dd6-5d3d518a15c3,validation/primary/normal_check/shared/rows/234,R7-D-battery-initial,0.0,2.0e-6,true
legacy_ua10_energy_economic_gurobi,r8-energy-98efc3bc-5c1d-40af-8dd6-5d3d518a15c3,validation/primary/normal_check/shared/rows/235,6-13,0.0,2.0e-6,true
legacy_ua10_energy_economic_gurobi,r8-energy-98efc3bc-5c1d-40af-8dd6-5d3d518a15c3,validation/primary/normal_check/shared/rows/236,6-13,0.0,2.0e-6,true
legacy_ua10_energy_economic_gurobi,r8-energy-98efc3bc-5c1d-40af-8dd6-5d3d518a15c3,validation/primary/normal_check/shared/rows/237,6-13,0.0,2.0e-6,true
legacy_ua10_energy_economic_gurobi,r8-energy-98efc3bc-5c1d-40af-8dd6-5d3d518a15c3,validation/primary/normal_check/shared/rows/238,6-13,0.0,2.0e-6,true
legacy_ua10_energy_economic_gurobi,r8-energy-98efc3bc-5c1d-40af-8dd6-5d3d518a15c3,validation/primary/normal_check/shared/rows/239,6-13,0.0,2.0e-6,true
legacy_ua10_energy_economic_gurobi,r8-energy-98efc3bc-5c1d-40af-8dd6-5d3d518a15c3,validation/primary/normal_check/shared/rows/240,6-13,0.0,2.0e-6,true
legacy_ua10_energy_economic_gurobi,r8-energy-98efc3bc-5c1d-40af-8dd6-5d3d518a15c3,validation/primary/normal_check/shared/rows/241,6-13,0.0,2.0e-6,true
legacy_ua10_energy_economic_gurobi,r8-energy-98efc3bc-5c1d-40af-8dd6-5d3d518a15c3,validation/primary/normal_check/shared/rows/242,6-15,0.0,2.0e-6,true
legacy_ua10_energy_economic_gurobi,r8-energy-98efc3bc-5c1d-40af-8dd6-5d3d518a15c3,validation/primary/normal_check/shared/rows/243,6-13,0.0,2.0e-6,true
legacy_ua10_energy_economic_gurobi,r8-energy-98efc3bc-5c1d-40af-8dd6-5d3d518a15c3,validation/primary/normal_check/shared/rows/244,6-15,0.0,2.0e-6,true
legacy_ua10_energy_economic_gurobi,r8-energy-98efc3bc-5c1d-40af-8dd6-5d3d518a15c3,validation/primary/normal_check/shared/rows/245,PCC-P,0.0,2.8e-6,true
legacy_ua10_energy_economic_gurobi,r8-energy-98efc3bc-5c1d-40af-8dd6-5d3d518a15c3,validation/primary/normal_check/shared/rows/246,PCC-Q,0.0,2.8e-6,true
legacy_ua10_energy_economic_gurobi,r8-energy-98efc3bc-5c1d-40af-8dd6-5d3d518a15c3,validation/primary/normal_check/shared/rows/247,6-22,0.0,1.0e-6,true
legacy_ua10_energy_economic_gurobi,r8-energy-98efc3bc-5c1d-40af-8dd6-5d3d518a15c3,validation/primary/normal_check/shared/rows/248,root-voltage,0.0,1.0e-6,true
legacy_ua10_energy_economic_gurobi,r8-energy-98efc3bc-5c1d-40af-8dd6-5d3d518a15c3,validation/primary/normal_check/shared/rows/249,6-18:19,0.0,2.8e-6,true
legacy_ua10_energy_economic_gurobi,r8-energy-98efc3bc-5c1d-40af-8dd6-5d3d518a15c3,validation/primary/normal_check/shared/rows/250,6-20,0.0,2.8e-6,true
legacy_ua10_energy_economic_gurobi,r8-energy-98efc3bc-5c1d-40af-8dd6-5d3d518a15c3,validation/primary/normal_check/shared/rows/251,6-22,0.0,1.0e-6,true
legacy_ua10_energy_economic_gurobi,r8-energy-98efc3bc-5c1d-40af-8dd6-5d3d518a15c3,validation/primary/normal_check/shared/rows/252,6-18:19,0.0,2.8e-6,true
legacy_ua10_energy_economic_gurobi,r8-energy-98efc3bc-5c1d-40af-8dd6-5d3d518a15c3,validation/primary/normal_check/shared/rows/253,6-20,0.0,2.8e-6,true
legacy_ua10_energy_economic_gurobi,r8-energy-98efc3bc-5c1d-40af-8dd6-5d3d518a15c3,validation/primary/normal_check/shared/rows/254,6-24:25,0.0,2.8e-6,true
legacy_ua10_energy_economic_gurobi,r8-energy-98efc3bc-5c1d-40af-8dd6-5d3d518a15c3,validation/primary/normal_check/shared/rows/255,6-24:25,0.0,2.8e-6,true
legacy_ua10_energy_economic_gurobi,r8-energy-98efc3bc-5c1d-40af-8dd6-5d3d518a15c3,validation/primary/normal_check/shared/rows/256,R7-D-voltage,6.938893903907228e-18,1.0e-6,true
legacy_ua10_energy_economic_gurobi,r8-energy-98efc3bc-5c1d-40af-8dd6-5d3d518a15c3,validation/primary/normal_check/shared/rows/257,PCC-P,0.0,2.8e-6,true
legacy_ua10_energy_economic_gurobi,r8-energy-98efc3bc-5c1d-40af-8dd6-5d3d518a15c3,validation/primary/normal_check/shared/rows/258,PCC-Q,0.0,2.8e-6,true
legacy_ua10_energy_economic_gurobi,r8-energy-98efc3bc-5c1d-40af-8dd6-5d3d518a15c3,validation/primary/normal_check/shared/rows/259,6-22,0.0,1.0e-6,true
legacy_ua10_energy_economic_gurobi,r8-energy-98efc3bc-5c1d-40af-8dd6-5d3d518a15c3,validation/primary/normal_check/shared/rows/260,root-voltage,0.0,1.0e-6,true
legacy_ua10_energy_economic_gurobi,r8-energy-98efc3bc-5c1d-40af-8dd6-5d3d518a15c3,validation/primary/normal_check/shared/rows/261,6-18:19,0.0,2.8e-6,true
legacy_ua10_energy_economic_gurobi,r8-energy-98efc3bc-5c1d-40af-8dd6-5d3d518a15c3,validation/primary/normal_check/shared/rows/262,6-20,0.0,2.8e-6,true
legacy_ua10_energy_economic_gurobi,r8-energy-98efc3bc-5c1d-40af-8dd6-5d3d518a15c3,validation/primary/normal_check/shared/rows/263,6-22,0.0,1.0e-6,true
legacy_ua10_energy_economic_gurobi,r8-energy-98efc3bc-5c1d-40af-8dd6-5d3d518a15c3,validation/primary/normal_check/shared/rows/264,6-18:19,0.0,2.8e-6,true
legacy_ua10_energy_economic_gurobi,r8-energy-98efc3bc-5c1d-40af-8dd6-5d3d518a15c3,validation/primary/normal_check/shared/rows/265,6-20,0.0,2.8e-6,true
legacy_ua10_energy_economic_gurobi,r8-energy-98efc3bc-5c1d-40af-8dd6-5d3d518a15c3,validation/primary/normal_check/shared/rows/266,6-24:25,0.0,2.8e-6,true
legacy_ua10_energy_economic_gurobi,r8-energy-98efc3bc-5c1d-40af-8dd6-5d3d518a15c3,validation/primary/normal_check/shared/rows/267,6-24:25,0.0,2.8e-6,true
legacy_ua10_energy_economic_gurobi,r8-energy-98efc3bc-5c1d-40af-8dd6-5d3d518a15c3,validation/primary/normal_check/shared/rows/268,R7-D-voltage,6.938893903907228e-18,1.0e-6,true
legacy_ua10_energy_economic_gurobi,r8-energy-98efc3bc-5c1d-40af-8dd6-5d3d518a15c3,validation/primary/normal_check/shared/rows/269,PCC-P,0.0,2.8e-6,true
legacy_ua10_energy_economic_gurobi,r8-energy-98efc3bc-5c1d-40af-8dd6-5d3d518a15c3,validation/primary/normal_check/shared/rows/270,PCC-Q,0.0,2.8e-6,true
legacy_ua10_energy_economic_gurobi,r8-energy-98efc3bc-5c1d-40af-8dd6-5d3d518a15c3,validation/primary/normal_check/shared/rows/271,6-22,0.0,1.0e-6,true
legacy_ua10_energy_economic_gurobi,r8-energy-98efc3bc-5c1d-40af-8dd6-5d3d518a15c3,validation/primary/normal_check/shared/rows/272,root-voltage,0.0,1.0e-6,true
legacy_ua10_energy_economic_gurobi,r8-energy-98efc3bc-5c1d-40af-8dd6-5d3d518a15c3,validation/primary/normal_check/shared/rows/273,6-18:19,0.0,2.8e-6,true
legacy_ua10_energy_economic_gurobi,r8-energy-98efc3bc-5c1d-40af-8dd6-5d3d518a15c3,validation/primary/normal_check/shared/rows/274,6-20,0.0,2.8e-6,true
legacy_ua10_energy_economic_gurobi,r8-energy-98efc3bc-5c1d-40af-8dd6-5d3d518a15c3,validation/primary/normal_check/shared/rows/275,6-22,0.0,1.0e-6,true
legacy_ua10_energy_economic_gurobi,r8-energy-98efc3bc-5c1d-40af-8dd6-5d3d518a15c3,validation/primary/normal_check/shared/rows/276,6-18:19,0.0,2.8e-6,true
legacy_ua10_energy_economic_gurobi,r8-energy-98efc3bc-5c1d-40af-8dd6-5d3d518a15c3,validation/primary/normal_check/shared/rows/277,6-20,0.0,2.8e-6,true
legacy_ua10_energy_economic_gurobi,r8-energy-98efc3bc-5c1d-40af-8dd6-5d3d518a15c3,validation/primary/normal_check/shared/rows/278,6-24:25,0.0,2.8e-6,true
legacy_ua10_energy_economic_gurobi,r8-energy-98efc3bc-5c1d-40af-8dd6-5d3d518a15c3,validation/primary/normal_check/shared/rows/279,6-24:25,0.0,2.8e-6,true
legacy_ua10_energy_economic_gurobi,r8-energy-98efc3bc-5c1d-40af-8dd6-5d3d518a15c3,validation/primary/normal_check/shared/rows/280,R7-D-voltage,6.938893903907228e-18,1.0e-6,true
legacy_ua10_energy_economic_gurobi,r8-energy-98efc3bc-5c1d-40af-8dd6-5d3d518a15c3,validation/primary/normal_check/shared/rows/281,PCC-P,0.0,2.8e-6,true
legacy_ua10_energy_economic_gurobi,r8-energy-98efc3bc-5c1d-40af-8dd6-5d3d518a15c3,validation/primary/normal_check/shared/rows/282,PCC-Q,0.0,2.8e-6,true
legacy_ua10_energy_economic_gurobi,r8-energy-98efc3bc-5c1d-40af-8dd6-5d3d518a15c3,validation/primary/normal_check/shared/rows/283,6-22,0.0,1.0e-6,true
legacy_ua10_energy_economic_gurobi,r8-energy-98efc3bc-5c1d-40af-8dd6-5d3d518a15c3,validation/primary/normal_check/shared/rows/284,root-voltage,0.0,1.0e-6,true
legacy_ua10_energy_economic_gurobi,r8-energy-98efc3bc-5c1d-40af-8dd6-5d3d518a15c3,validation/primary/normal_check/shared/rows/285,6-18:19,0.0,2.8e-6,true
legacy_ua10_energy_economic_gurobi,r8-energy-98efc3bc-5c1d-40af-8dd6-5d3d518a15c3,validation/primary/normal_check/shared/rows/286,6-20,0.0,2.8e-6,true
legacy_ua10_energy_economic_gurobi,r8-energy-98efc3bc-5c1d-40af-8dd6-5d3d518a15c3,validation/primary/normal_check/shared/rows/287,6-22,0.0,1.0e-6,true
legacy_ua10_energy_economic_gurobi,r8-energy-98efc3bc-5c1d-40af-8dd6-5d3d518a15c3,validation/primary/normal_check/shared/rows/288,6-18:19,0.0,2.8e-6,true
legacy_ua10_energy_economic_gurobi,r8-energy-98efc3bc-5c1d-40af-8dd6-5d3d518a15c3,validation/primary/normal_check/shared/rows/289,6-20,0.0,2.8e-6,true
legacy_ua10_energy_economic_gurobi,r8-energy-98efc3bc-5c1d-40af-8dd6-5d3d518a15c3,validation/primary/normal_check/shared/rows/290,6-24:25,0.0,2.8e-6,true
legacy_ua10_energy_economic_gurobi,r8-energy-98efc3bc-5c1d-40af-8dd6-5d3d518a15c3,validation/primary/normal_check/shared/rows/291,6-24:25,0.0,2.8e-6,true
legacy_ua10_energy_economic_gurobi,r8-energy-98efc3bc-5c1d-40af-8dd6-5d3d518a15c3,validation/primary/normal_check/shared/rows/292,R7-D-voltage,6.938893903907228e-18,1.0e-6,true
legacy_ua10_energy_economic_gurobi,r8-energy-98efc3bc-5c1d-40af-8dd6-5d3d518a15c3,validation/primary/normal_check/shared/rows/293,PCC-P,0.0,2.8e-6,true
legacy_ua10_energy_economic_gurobi,r8-energy-98efc3bc-5c1d-40af-8dd6-5d3d518a15c3,validation/primary/normal_check/shared/rows/294,PCC-Q,0.0,2.8e-6,true
legacy_ua10_energy_economic_gurobi,r8-energy-98efc3bc-5c1d-40af-8dd6-5d3d518a15c3,validation/primary/normal_check/shared/rows/295,6-22,0.0,1.0e-6,true
legacy_ua10_energy_economic_gurobi,r8-energy-98efc3bc-5c1d-40af-8dd6-5d3d518a15c3,validation/primary/normal_check/shared/rows/296,root-voltage,0.0,1.0e-6,true
legacy_ua10_energy_economic_gurobi,r8-energy-98efc3bc-5c1d-40af-8dd6-5d3d518a15c3,validation/primary/normal_check/shared/rows/297,6-18:19,0.0,2.8e-6,true
legacy_ua10_energy_economic_gurobi,r8-energy-98efc3bc-5c1d-40af-8dd6-5d3d518a15c3,validation/primary/normal_check/shared/rows/298,6-20,0.0,2.8e-6,true
legacy_ua10_energy_economic_gurobi,r8-energy-98efc3bc-5c1d-40af-8dd6-5d3d518a15c3,validation/primary/normal_check/shared/rows/299,6-22,0.0,1.0e-6,true
legacy_ua10_energy_economic_gurobi,r8-energy-98efc3bc-5c1d-40af-8dd6-5d3d518a15c3,validation/primary/normal_check/shared/rows/300,6-18:19,0.0,2.8e-6,true
legacy_ua10_energy_economic_gurobi,r8-energy-98efc3bc-5c1d-40af-8dd6-5d3d518a15c3,validation/primary/normal_check/shared/rows/301,6-20,0.0,2.8e-6,true
legacy_ua10_energy_economic_gurobi,r8-energy-98efc3bc-5c1d-40af-8dd6-5d3d518a15c3,validation/primary/normal_check/shared/rows/302,6-24:25,0.0,2.8e-6,true
legacy_ua10_energy_economic_gurobi,r8-energy-98efc3bc-5c1d-40af-8dd6-5d3d518a15c3,validation/primary/normal_check/shared/rows/303,6-24:25,0.0,2.8e-6,true
legacy_ua10_energy_economic_gurobi,r8-energy-98efc3bc-5c1d-40af-8dd6-5d3d518a15c3,validation/primary/normal_check/shared/rows/304,R7-D-voltage,6.938893903907228e-18,1.0e-6,true
legacy_ua10_energy_economic_gurobi,r8-energy-98efc3bc-5c1d-40af-8dd6-5d3d518a15c3,validation/primary/normal_check/shared/rows/305,PCC-P,0.0,2.8e-6,true
legacy_ua10_energy_economic_gurobi,r8-energy-98efc3bc-5c1d-40af-8dd6-5d3d518a15c3,validation/primary/normal_check/shared/rows/306,PCC-Q,0.0,2.8e-6,true
legacy_ua10_energy_economic_gurobi,r8-energy-98efc3bc-5c1d-40af-8dd6-5d3d518a15c3,validation/primary/normal_check/shared/rows/307,6-22,0.0,1.0e-6,true
legacy_ua10_energy_economic_gurobi,r8-energy-98efc3bc-5c1d-40af-8dd6-5d3d518a15c3,validation/primary/normal_check/shared/rows/308,root-voltage,0.0,1.0e-6,true
legacy_ua10_energy_economic_gurobi,r8-energy-98efc3bc-5c1d-40af-8dd6-5d3d518a15c3,validation/primary/normal_check/shared/rows/309,6-18:19,0.0,2.8e-6,true
legacy_ua10_energy_economic_gurobi,r8-energy-98efc3bc-5c1d-40af-8dd6-5d3d518a15c3,validation/primary/normal_check/shared/rows/310,6-20,0.0,2.8e-6,true
legacy_ua10_energy_economic_gurobi,r8-energy-98efc3bc-5c1d-40af-8dd6-5d3d518a15c3,validation/primary/normal_check/shared/rows/311,6-22,0.0,1.0e-6,true
legacy_ua10_energy_economic_gurobi,r8-energy-98efc3bc-5c1d-40af-8dd6-5d3d518a15c3,validation/primary/normal_check/shared/rows/312,6-18:19,0.0,2.8e-6,true
legacy_ua10_energy_economic_gurobi,r8-energy-98efc3bc-5c1d-40af-8dd6-5d3d518a15c3,validation/primary/normal_check/shared/rows/313,6-20,0.0,2.8e-6,true
legacy_ua10_energy_economic_gurobi,r8-energy-98efc3bc-5c1d-40af-8dd6-5d3d518a15c3,validation/primary/normal_check/shared/rows/314,6-24:25,0.0,2.8e-6,true
legacy_ua10_energy_economic_gurobi,r8-energy-98efc3bc-5c1d-40af-8dd6-5d3d518a15c3,validation/primary/normal_check/shared/rows/315,6-24:25,0.0,2.8e-6,true
legacy_ua10_energy_economic_gurobi,r8-energy-98efc3bc-5c1d-40af-8dd6-5d3d518a15c3,validation/primary/normal_check/shared/rows/316,R7-D-voltage,6.938893903907228e-18,1.0e-6,true
legacy_ua10_energy_economic_gurobi,r8-energy-98efc3bc-5c1d-40af-8dd6-5d3d518a15c3,validation/primary/normal_check/shared/rows/317,PCC-P,0.0,2.8e-6,true
legacy_ua10_energy_economic_gurobi,r8-energy-98efc3bc-5c1d-40af-8dd6-5d3d518a15c3,validation/primary/normal_check/shared/rows/318,PCC-Q,0.0,2.8e-6,true
legacy_ua10_energy_economic_gurobi,r8-energy-98efc3bc-5c1d-40af-8dd6-5d3d518a15c3,validation/primary/normal_check/shared/rows/319,6-22,0.0,1.0e-6,true
legacy_ua10_energy_economic_gurobi,r8-energy-98efc3bc-5c1d-40af-8dd6-5d3d518a15c3,validation/primary/normal_check/shared/rows/320,root-voltage,0.0,1.0e-6,true
legacy_ua10_energy_economic_gurobi,r8-energy-98efc3bc-5c1d-40af-8dd6-5d3d518a15c3,validation/primary/normal_check/shared/rows/321,6-18:19,0.0,2.8e-6,true
legacy_ua10_energy_economic_gurobi,r8-energy-98efc3bc-5c1d-40af-8dd6-5d3d518a15c3,validation/primary/normal_check/shared/rows/322,6-20,0.0,2.8e-6,true
legacy_ua10_energy_economic_gurobi,r8-energy-98efc3bc-5c1d-40af-8dd6-5d3d518a15c3,validation/primary/normal_check/shared/rows/323,6-22,0.0,1.0e-6,true
legacy_ua10_energy_economic_gurobi,r8-energy-98efc3bc-5c1d-40af-8dd6-5d3d518a15c3,validation/primary/normal_check/shared/rows/324,6-18:19,0.0,2.8e-6,true
legacy_ua10_energy_economic_gurobi,r8-energy-98efc3bc-5c1d-40af-8dd6-5d3d518a15c3,validation/primary/normal_check/shared/rows/325,6-20,0.0,2.8e-6,true
legacy_ua10_energy_economic_gurobi,r8-energy-98efc3bc-5c1d-40af-8dd6-5d3d518a15c3,validation/primary/normal_check/shared/rows/326,6-24:25,0.0,2.8e-6,true
legacy_ua10_energy_economic_gurobi,r8-energy-98efc3bc-5c1d-40af-8dd6-5d3d518a15c3,validation/primary/normal_check/shared/rows/327,6-24:25,0.0,2.8e-6,true
legacy_ua10_energy_economic_gurobi,r8-energy-98efc3bc-5c1d-40af-8dd6-5d3d518a15c3,validation/primary/normal_check/shared/rows/328,R7-D-voltage,6.938893903907228e-18,1.0e-6,true
legacy_ua10_energy_economic_gurobi,r8-energy-98efc3bc-5c1d-40af-8dd6-5d3d518a15c3,validation/primary/normal_check/shared/rows/329,PCC-P,0.0,2.8e-6,true
legacy_ua10_energy_economic_gurobi,r8-energy-98efc3bc-5c1d-40af-8dd6-5d3d518a15c3,validation/primary/normal_check/shared/rows/330,PCC-Q,0.0,2.8e-6,true
legacy_ua10_energy_economic_gurobi,r8-energy-98efc3bc-5c1d-40af-8dd6-5d3d518a15c3,validation/primary/normal_check/shared/rows/331,6-22,0.0,1.0e-6,true
legacy_ua10_energy_economic_gurobi,r8-energy-98efc3bc-5c1d-40af-8dd6-5d3d518a15c3,validation/primary/normal_check/shared/rows/332,root-voltage,0.0,1.0e-6,true
legacy_ua10_energy_economic_gurobi,r8-energy-98efc3bc-5c1d-40af-8dd6-5d3d518a15c3,validation/primary/normal_check/shared/rows/333,6-18:19,0.0,2.8e-6,true
legacy_ua10_energy_economic_gurobi,r8-energy-98efc3bc-5c1d-40af-8dd6-5d3d518a15c3,validation/primary/normal_check/shared/rows/334,6-20,0.0,2.8e-6,true
legacy_ua10_energy_economic_gurobi,r8-energy-98efc3bc-5c1d-40af-8dd6-5d3d518a15c3,validation/primary/normal_check/shared/rows/335,6-22,0.0,1.0e-6,true
legacy_ua10_energy_economic_gurobi,r8-energy-98efc3bc-5c1d-40af-8dd6-5d3d518a15c3,validation/primary/normal_check/shared/rows/336,6-18:19,0.0,2.8e-6,true
legacy_ua10_energy_economic_gurobi,r8-energy-98efc3bc-5c1d-40af-8dd6-5d3d518a15c3,validation/primary/normal_check/shared/rows/337,6-20,0.0,2.8e-6,true
legacy_ua10_energy_economic_gurobi,r8-energy-98efc3bc-5c1d-40af-8dd6-5d3d518a15c3,validation/primary/normal_check/shared/rows/338,6-24:25,0.0,2.8e-6,true
legacy_ua10_energy_economic_gurobi,r8-energy-98efc3bc-5c1d-40af-8dd6-5d3d518a15c3,validation/primary/normal_check/shared/rows/339,6-24:25,0.0,2.8e-6,true
legacy_ua10_energy_economic_gurobi,r8-energy-98efc3bc-5c1d-40af-8dd6-5d3d518a15c3,validation/primary/normal_check/shared/rows/340,R7-D-voltage,6.938893903907228e-18,1.0e-6,true
legacy_ua10_energy_economic_gurobi,r8-energy-98efc3bc-5c1d-40af-8dd6-5d3d518a15c3,validation/primary/normal_check/shared/rows/341,6-1,5.684341886080802e-14,0.00019174735238095239,true
legacy_ua10_energy_economic_gurobi,r8-energy-98efc3bc-5c1d-40af-8dd6-5d3d518a15c3,validation/primary/rows/1,R8-E3-objective,0.0,0.00019174735238095239,true
tie_three_ua10_energy_economic_highs,r8-energy-b6eed093-ea37-473e-98c3-e2715fc8ab23,validation/evaluation/normal_check/rows/1,R8-E2-capacity,0.0,3.4e-6,true
tie_three_ua10_energy_economic_highs,r8-energy-b6eed093-ea37-473e-98c3-e2715fc8ab23,validation/evaluation/normal_check/rows/2,R8-E2-capacity,0.0,3.4e-6,true
tie_three_ua10_energy_economic_highs,r8-energy-b6eed093-ea37-473e-98c3-e2715fc8ab23,validation/evaluation/normal_check/rows/3,R8-E2-capacity,0.0,3.4e-6,true
tie_three_ua10_energy_economic_highs,r8-energy-b6eed093-ea37-473e-98c3-e2715fc8ab23,validation/evaluation/normal_check/rows/4,R8-E2-capacity,0.0,3.4e-6,true
tie_three_ua10_energy_economic_highs,r8-energy-b6eed093-ea37-473e-98c3-e2715fc8ab23,validation/evaluation/normal_check/rows/5,R8-E2-capacity,0.0,3.4e-6,true
tie_three_ua10_energy_economic_highs,r8-energy-b6eed093-ea37-473e-98c3-e2715fc8ab23,validation/evaluation/normal_check/rows/6,R8-E2-capacity,0.0,3.4e-6,true
tie_three_ua10_energy_economic_highs,r8-energy-b6eed093-ea37-473e-98c3-e2715fc8ab23,validation/evaluation/normal_check/rows/7,R8-E2-capacity,0.0,3.4e-6,true
tie_three_ua10_energy_economic_highs,r8-energy-b6eed093-ea37-473e-98c3-e2715fc8ab23,validation/evaluation/normal_check/rows/8,R8-E2-capacity,0.0,3.4e-6,true
tie_three_ua10_energy_economic_highs,r8-energy-b6eed093-ea37-473e-98c3-e2715fc8ab23,validation/evaluation/normal_check/rows/9,R8-E1-balance,0.0,3.4e-6,true
tie_three_ua10_energy_economic_highs,r8-energy-b6eed093-ea37-473e-98c3-e2715fc8ab23,validation/evaluation/normal_check/rows/10,R8-E1-balance,0.0,3.4e-6,true
tie_three_ua10_energy_economic_highs,r8-energy-b6eed093-ea37-473e-98c3-e2715fc8ab23,validation/evaluation/normal_check/rows/11,R8-E1-balance,0.0,3.4e-6,true
tie_three_ua10_energy_economic_highs,r8-energy-b6eed093-ea37-473e-98c3-e2715fc8ab23,validation/evaluation/normal_check/rows/12,R8-E1-balance,0.0,3.4e-6,true
tie_three_ua10_energy_economic_highs,r8-energy-b6eed093-ea37-473e-98c3-e2715fc8ab23,validation/evaluation/normal_check/rows/13,R8-E1-balance,0.0,3.4e-6,true
tie_three_ua10_energy_economic_highs,r8-energy-b6eed093-ea37-473e-98c3-e2715fc8ab23,validation/evaluation/normal_check/rows/14,R8-E1-balance,0.0,3.4e-6,true
tie_three_ua10_energy_economic_highs,r8-energy-b6eed093-ea37-473e-98c3-e2715fc8ab23,validation/evaluation/normal_check/rows/15,R8-E1-balance,0.0,3.4e-6,true
tie_three_ua10_energy_economic_highs,r8-energy-b6eed093-ea37-473e-98c3-e2715fc8ab23,validation/evaluation/normal_check/rows/16,R8-E1-balance,0.0,3.4e-6,true
tie_three_ua10_energy_economic_highs,r8-energy-b6eed093-ea37-473e-98c3-e2715fc8ab23,validation/evaluation/normal_check/rows/17,R8-E1-balance,0.0,3.4e-6,true
tie_three_ua10_energy_economic_highs,r8-energy-b6eed093-ea37-473e-98c3-e2715fc8ab23,validation/evaluation/normal_check/rows/18,R8-E1-balance,0.0,3.4e-6,true
tie_three_ua10_energy_economic_highs,r8-energy-b6eed093-ea37-473e-98c3-e2715fc8ab23,validation/evaluation/normal_check/rows/19,R8-E1-balance,0.0,3.4e-6,true
tie_three_ua10_energy_economic_highs,r8-energy-b6eed093-ea37-473e-98c3-e2715fc8ab23,validation/evaluation/normal_check/rows/20,R8-E1-balance,0.0,3.4e-6,true
tie_three_ua10_energy_economic_highs,r8-energy-b6eed093-ea37-473e-98c3-e2715fc8ab23,validation/evaluation/normal_check/rows/21,R8-E1-balance,0.0,3.4e-6,true
tie_three_ua10_energy_economic_highs,r8-energy-b6eed093-ea37-473e-98c3-e2715fc8ab23,validation/evaluation/normal_check/rows/22,R8-E1-balance,0.0,3.4e-6,true
tie_three_ua10_energy_economic_highs,r8-energy-b6eed093-ea37-473e-98c3-e2715fc8ab23,validation/evaluation/normal_check/rows/23,R8-E1-balance,0.0,3.4e-6,true
tie_three_ua10_energy_economic_highs,r8-energy-b6eed093-ea37-473e-98c3-e2715fc8ab23,validation/evaluation/normal_check/rows/24,R8-E1-balance,0.0,3.4e-6,true
tie_three_ua10_energy_economic_highs,r8-energy-b6eed093-ea37-473e-98c3-e2715fc8ab23,validation/evaluation/normal_check/shared/rows/1,R7-B1-bounds,0.0,1.0e-6,true
tie_three_ua10_energy_economic_highs,r8-energy-b6eed093-ea37-473e-98c3-e2715fc8ab23,validation/evaluation/normal_check/shared/rows/2,R7-B1-integer,0.0,1.0e-6,true
tie_three_ua10_energy_economic_highs,r8-energy-b6eed093-ea37-473e-98c3-e2715fc8ab23,validation/evaluation/normal_check/shared/rows/3,R7-B1-inactive,0.0,1.0e-6,true
tie_three_ua10_energy_economic_highs,r8-energy-b6eed093-ea37-473e-98c3-e2715fc8ab23,validation/evaluation/normal_check/shared/rows/4,R7-B1-bounds,0.0,1.0e-6,true
tie_three_ua10_energy_economic_highs,r8-energy-b6eed093-ea37-473e-98c3-e2715fc8ab23,validation/evaluation/normal_check/shared/rows/5,R7-B1-integer,0.0,1.0e-6,true
tie_three_ua10_energy_economic_highs,r8-energy-b6eed093-ea37-473e-98c3-e2715fc8ab23,validation/evaluation/normal_check/shared/rows/6,R7-B1-inactive,0.0,1.0e-6,true
tie_three_ua10_energy_economic_highs,r8-energy-b6eed093-ea37-473e-98c3-e2715fc8ab23,validation/evaluation/normal_check/shared/rows/7,R7-B1-bounds,0.0,1.0e-6,true
tie_three_ua10_energy_economic_highs,r8-energy-b6eed093-ea37-473e-98c3-e2715fc8ab23,validation/evaluation/normal_check/shared/rows/8,R7-B1-integer,0.0,1.0e-6,true
tie_three_ua10_energy_economic_highs,r8-energy-b6eed093-ea37-473e-98c3-e2715fc8ab23,validation/evaluation/normal_check/shared/rows/9,R7-B1-inactive,0.0,1.0e-6,true
tie_three_ua10_energy_economic_highs,r8-energy-b6eed093-ea37-473e-98c3-e2715fc8ab23,validation/evaluation/normal_check/shared/rows/10,R7-B1-bounds,0.0,1.0e-6,true
tie_three_ua10_energy_economic_highs,r8-energy-b6eed093-ea37-473e-98c3-e2715fc8ab23,validation/evaluation/normal_check/shared/rows/11,R7-B1-integer,0.0,1.0e-6,true
tie_three_ua10_energy_economic_highs,r8-energy-b6eed093-ea37-473e-98c3-e2715fc8ab23,validation/evaluation/normal_check/shared/rows/12,R7-B1-inactive,0.0,1.0e-6,true
tie_three_ua10_energy_economic_highs,r8-energy-b6eed093-ea37-473e-98c3-e2715fc8ab23,validation/evaluation/normal_check/shared/rows/13,R7-B1-bounds,0.0,1.0e-6,true
tie_three_ua10_energy_economic_highs,r8-energy-b6eed093-ea37-473e-98c3-e2715fc8ab23,validation/evaluation/normal_check/shared/rows/14,R7-B1-integer,0.0,1.0e-6,true
tie_three_ua10_energy_economic_highs,r8-energy-b6eed093-ea37-473e-98c3-e2715fc8ab23,validation/evaluation/normal_check/shared/rows/15,R7-B1-inactive,0.0,1.0e-6,true
tie_three_ua10_energy_economic_highs,r8-energy-b6eed093-ea37-473e-98c3-e2715fc8ab23,validation/evaluation/normal_check/shared/rows/16,R7-B1-bounds,0.0,1.0e-6,true
tie_three_ua10_energy_economic_highs,r8-energy-b6eed093-ea37-473e-98c3-e2715fc8ab23,validation/evaluation/normal_check/shared/rows/17,R7-B1-integer,0.0,1.0e-6,true
tie_three_ua10_energy_economic_highs,r8-energy-b6eed093-ea37-473e-98c3-e2715fc8ab23,validation/evaluation/normal_check/shared/rows/18,R7-B1-inactive,0.0,1.0e-6,true
tie_three_ua10_energy_economic_highs,r8-energy-b6eed093-ea37-473e-98c3-e2715fc8ab23,validation/evaluation/normal_check/shared/rows/19,R7-B1-bounds,0.0,1.0e-6,true
tie_three_ua10_energy_economic_highs,r8-energy-b6eed093-ea37-473e-98c3-e2715fc8ab23,validation/evaluation/normal_check/shared/rows/20,R7-B1-integer,0.0,1.0e-6,true
tie_three_ua10_energy_economic_highs,r8-energy-b6eed093-ea37-473e-98c3-e2715fc8ab23,validation/evaluation/normal_check/shared/rows/21,R7-B1-inactive,0.0,1.0e-6,true
tie_three_ua10_energy_economic_highs,r8-energy-b6eed093-ea37-473e-98c3-e2715fc8ab23,validation/evaluation/normal_check/shared/rows/22,R7-B1-bounds,0.0,1.0e-6,true
tie_three_ua10_energy_economic_highs,r8-energy-b6eed093-ea37-473e-98c3-e2715fc8ab23,validation/evaluation/normal_check/shared/rows/23,R7-B1-integer,0.0,1.0e-6,true
tie_three_ua10_energy_economic_highs,r8-energy-b6eed093-ea37-473e-98c3-e2715fc8ab23,validation/evaluation/normal_check/shared/rows/24,R7-B1-inactive,0.0,1.0e-6,true
tie_three_ua10_energy_economic_highs,r8-energy-b6eed093-ea37-473e-98c3-e2715fc8ab23,validation/evaluation/normal_check/shared/rows/25,R7-B1-bounds,0.0,1.0e-6,true
tie_three_ua10_energy_economic_highs,r8-energy-b6eed093-ea37-473e-98c3-e2715fc8ab23,validation/evaluation/normal_check/shared/rows/26,R7-B1-integer,0.0,1.0e-6,true
tie_three_ua10_energy_economic_highs,r8-energy-b6eed093-ea37-473e-98c3-e2715fc8ab23,validation/evaluation/normal_check/shared/rows/27,R7-B1-charge,0.0,3.4e-6,true
tie_three_ua10_energy_economic_highs,r8-energy-b6eed093-ea37-473e-98c3-e2715fc8ab23,validation/evaluation/normal_check/shared/rows/28,R7-B1-discharge,0.0,3.4e-6,true
tie_three_ua10_energy_economic_highs,r8-energy-b6eed093-ea37-473e-98c3-e2715fc8ab23,validation/evaluation/normal_check/shared/rows/29,R7-B1-nonsimultaneous,0.0,3.4e-6,true
tie_three_ua10_energy_economic_highs,r8-energy-b6eed093-ea37-473e-98c3-e2715fc8ab23,validation/evaluation/normal_check/shared/rows/30,R7-B1-bounds,0.0,1.0e-6,true
tie_three_ua10_energy_economic_highs,r8-energy-b6eed093-ea37-473e-98c3-e2715fc8ab23,validation/evaluation/normal_check/shared/rows/31,R7-B1-integer,0.0,1.0e-6,true
tie_three_ua10_energy_economic_highs,r8-energy-b6eed093-ea37-473e-98c3-e2715fc8ab23,validation/evaluation/normal_check/shared/rows/32,R7-B1-charge,0.0,3.4e-6,true
tie_three_ua10_energy_economic_highs,r8-energy-b6eed093-ea37-473e-98c3-e2715fc8ab23,validation/evaluation/normal_check/shared/rows/33,R7-B1-discharge,0.0,3.4e-6,true
tie_three_ua10_energy_economic_highs,r8-energy-b6eed093-ea37-473e-98c3-e2715fc8ab23,validation/evaluation/normal_check/shared/rows/34,R7-B1-nonsimultaneous,0.0,3.4e-6,true
tie_three_ua10_energy_economic_highs,r8-energy-b6eed093-ea37-473e-98c3-e2715fc8ab23,validation/evaluation/normal_check/shared/rows/35,R7-B1-bounds,0.0,1.0e-6,true
tie_three_ua10_energy_economic_highs,r8-energy-b6eed093-ea37-473e-98c3-e2715fc8ab23,validation/evaluation/normal_check/shared/rows/36,R7-B1-integer,0.0,1.0e-6,true
tie_three_ua10_energy_economic_highs,r8-energy-b6eed093-ea37-473e-98c3-e2715fc8ab23,validation/evaluation/normal_check/shared/rows/37,R7-B1-charge,0.0,3.4e-6,true
tie_three_ua10_energy_economic_highs,r8-energy-b6eed093-ea37-473e-98c3-e2715fc8ab23,validation/evaluation/normal_check/shared/rows/38,R7-B1-discharge,0.0,3.4e-6,true
tie_three_ua10_energy_economic_highs,r8-energy-b6eed093-ea37-473e-98c3-e2715fc8ab23,validation/evaluation/normal_check/shared/rows/39,R7-B1-nonsimultaneous,0.0,3.4e-6,true
tie_three_ua10_energy_economic_highs,r8-energy-b6eed093-ea37-473e-98c3-e2715fc8ab23,validation/evaluation/normal_check/shared/rows/40,R7-B1-bounds,0.0,1.0e-6,true
tie_three_ua10_energy_economic_highs,r8-energy-b6eed093-ea37-473e-98c3-e2715fc8ab23,validation/evaluation/normal_check/shared/rows/41,R7-B1-integer,0.0,1.0e-6,true
tie_three_ua10_energy_economic_highs,r8-energy-b6eed093-ea37-473e-98c3-e2715fc8ab23,validation/evaluation/normal_check/shared/rows/42,R7-B1-charge,0.0,3.4e-6,true
tie_three_ua10_energy_economic_highs,r8-energy-b6eed093-ea37-473e-98c3-e2715fc8ab23,validation/evaluation/normal_check/shared/rows/43,R7-B1-discharge,0.0,3.4e-6,true
tie_three_ua10_energy_economic_highs,r8-energy-b6eed093-ea37-473e-98c3-e2715fc8ab23,validation/evaluation/normal_check/shared/rows/44,R7-B1-nonsimultaneous,0.0,3.4e-6,true
tie_three_ua10_energy_economic_highs,r8-energy-b6eed093-ea37-473e-98c3-e2715fc8ab23,validation/evaluation/normal_check/shared/rows/45,R7-B1-bounds,0.0,1.0e-6,true
tie_three_ua10_energy_economic_highs,r8-energy-b6eed093-ea37-473e-98c3-e2715fc8ab23,validation/evaluation/normal_check/shared/rows/46,R7-B1-integer,0.0,1.0e-6,true
tie_three_ua10_energy_economic_highs,r8-energy-b6eed093-ea37-473e-98c3-e2715fc8ab23,validation/evaluation/normal_check/shared/rows/47,R7-B1-charge,0.0,3.4e-6,true
tie_three_ua10_energy_economic_highs,r8-energy-b6eed093-ea37-473e-98c3-e2715fc8ab23,validation/evaluation/normal_check/shared/rows/48,R7-B1-discharge,0.0,3.4e-6,true
tie_three_ua10_energy_economic_highs,r8-energy-b6eed093-ea37-473e-98c3-e2715fc8ab23,validation/evaluation/normal_check/shared/rows/49,R7-B1-nonsimultaneous,0.0,3.4e-6,true
tie_three_ua10_energy_economic_highs,r8-energy-b6eed093-ea37-473e-98c3-e2715fc8ab23,validation/evaluation/normal_check/shared/rows/50,R7-B1-bounds,0.0,1.0e-6,true
tie_three_ua10_energy_economic_highs,r8-energy-b6eed093-ea37-473e-98c3-e2715fc8ab23,validation/evaluation/normal_check/shared/rows/51,R7-B1-integer,0.0,1.0e-6,true
tie_three_ua10_energy_economic_highs,r8-energy-b6eed093-ea37-473e-98c3-e2715fc8ab23,validation/evaluation/normal_check/shared/rows/52,R7-B1-charge,0.0,3.4e-6,true
tie_three_ua10_energy_economic_highs,r8-energy-b6eed093-ea37-473e-98c3-e2715fc8ab23,validation/evaluation/normal_check/shared/rows/53,R7-B1-discharge,0.0,3.4e-6,true
tie_three_ua10_energy_economic_highs,r8-energy-b6eed093-ea37-473e-98c3-e2715fc8ab23,validation/evaluation/normal_check/shared/rows/54,R7-B1-nonsimultaneous,0.0,3.4e-6,true
tie_three_ua10_energy_economic_highs,r8-energy-b6eed093-ea37-473e-98c3-e2715fc8ab23,validation/evaluation/normal_check/shared/rows/55,R7-B1-bounds,0.0,1.0e-6,true
tie_three_ua10_energy_economic_highs,r8-energy-b6eed093-ea37-473e-98c3-e2715fc8ab23,validation/evaluation/normal_check/shared/rows/56,R7-B1-integer,0.0,1.0e-6,true
tie_three_ua10_energy_economic_highs,r8-energy-b6eed093-ea37-473e-98c3-e2715fc8ab23,validation/evaluation/normal_check/shared/rows/57,R7-B1-charge,0.0,3.4e-6,true
tie_three_ua10_energy_economic_highs,r8-energy-b6eed093-ea37-473e-98c3-e2715fc8ab23,validation/evaluation/normal_check/shared/rows/58,R7-B1-discharge,0.0,3.4e-6,true
tie_three_ua10_energy_economic_highs,r8-energy-b6eed093-ea37-473e-98c3-e2715fc8ab23,validation/evaluation/normal_check/shared/rows/59,R7-B1-nonsimultaneous,0.0,3.4e-6,true
tie_three_ua10_energy_economic_highs,r8-energy-b6eed093-ea37-473e-98c3-e2715fc8ab23,validation/evaluation/normal_check/shared/rows/60,R7-B1-bounds,0.0,1.0e-6,true
tie_three_ua10_energy_economic_highs,r8-energy-b6eed093-ea37-473e-98c3-e2715fc8ab23,validation/evaluation/normal_check/shared/rows/61,R7-B1-integer,0.0,1.0e-6,true
tie_three_ua10_energy_economic_highs,r8-energy-b6eed093-ea37-473e-98c3-e2715fc8ab23,validation/evaluation/normal_check/shared/rows/62,R7-B1-charge,0.0,3.4e-6,true
tie_three_ua10_energy_economic_highs,r8-energy-b6eed093-ea37-473e-98c3-e2715fc8ab23,validation/evaluation/normal_check/shared/rows/63,R7-B1-discharge,0.0,3.4e-6,true
tie_three_ua10_energy_economic_highs,r8-energy-b6eed093-ea37-473e-98c3-e2715fc8ab23,validation/evaluation/normal_check/shared/rows/64,R7-B1-nonsimultaneous,0.0,3.4e-6,true
tie_three_ua10_energy_economic_highs,r8-energy-b6eed093-ea37-473e-98c3-e2715fc8ab23,validation/evaluation/normal_check/shared/rows/65,R7-B1-bounds,0.0,1.0e-6,true
tie_three_ua10_energy_economic_highs,r8-energy-b6eed093-ea37-473e-98c3-e2715fc8ab23,validation/evaluation/normal_check/shared/rows/66,R7-B1-integer,0.0,1.0e-6,true
tie_three_ua10_energy_economic_highs,r8-energy-b6eed093-ea37-473e-98c3-e2715fc8ab23,validation/evaluation/normal_check/shared/rows/67,R7-B1-inactive,0.0,1.0e-6,true
tie_three_ua10_energy_economic_highs,r8-energy-b6eed093-ea37-473e-98c3-e2715fc8ab23,validation/evaluation/normal_check/shared/rows/68,R7-B1-bounds,0.0,1.0e-6,true
tie_three_ua10_energy_economic_highs,r8-energy-b6eed093-ea37-473e-98c3-e2715fc8ab23,validation/evaluation/normal_check/shared/rows/69,R7-B1-integer,0.0,1.0e-6,true
tie_three_ua10_energy_economic_highs,r8-energy-b6eed093-ea37-473e-98c3-e2715fc8ab23,validation/evaluation/normal_check/shared/rows/70,R7-B1-inactive,0.0,1.0e-6,true
tie_three_ua10_energy_economic_highs,r8-energy-b6eed093-ea37-473e-98c3-e2715fc8ab23,validation/evaluation/normal_check/shared/rows/71,R7-B1-bounds,0.0,1.0e-6,true
tie_three_ua10_energy_economic_highs,r8-energy-b6eed093-ea37-473e-98c3-e2715fc8ab23,validation/evaluation/normal_check/shared/rows/72,R7-B1-integer,0.0,1.0e-6,true
tie_three_ua10_energy_economic_highs,r8-energy-b6eed093-ea37-473e-98c3-e2715fc8ab23,validation/evaluation/normal_check/shared/rows/73,R7-B1-inactive,0.0,1.0e-6,true
tie_three_ua10_energy_economic_highs,r8-energy-b6eed093-ea37-473e-98c3-e2715fc8ab23,validation/evaluation/normal_check/shared/rows/74,R7-B1-bounds,0.0,1.0e-6,true
tie_three_ua10_energy_economic_highs,r8-energy-b6eed093-ea37-473e-98c3-e2715fc8ab23,validation/evaluation/normal_check/shared/rows/75,R7-B1-integer,0.0,1.0e-6,true
tie_three_ua10_energy_economic_highs,r8-energy-b6eed093-ea37-473e-98c3-e2715fc8ab23,validation/evaluation/normal_check/shared/rows/76,R7-B1-inactive,0.0,1.0e-6,true
tie_three_ua10_energy_economic_highs,r8-energy-b6eed093-ea37-473e-98c3-e2715fc8ab23,validation/evaluation/normal_check/shared/rows/77,R7-B1-bounds,0.0,1.0e-6,true
tie_three_ua10_energy_economic_highs,r8-energy-b6eed093-ea37-473e-98c3-e2715fc8ab23,validation/evaluation/normal_check/shared/rows/78,R7-B1-integer,0.0,1.0e-6,true
tie_three_ua10_energy_economic_highs,r8-energy-b6eed093-ea37-473e-98c3-e2715fc8ab23,validation/evaluation/normal_check/shared/rows/79,R7-B1-inactive,0.0,1.0e-6,true
tie_three_ua10_energy_economic_highs,r8-energy-b6eed093-ea37-473e-98c3-e2715fc8ab23,validation/evaluation/normal_check/shared/rows/80,R7-B1-bounds,0.0,1.0e-6,true
tie_three_ua10_energy_economic_highs,r8-energy-b6eed093-ea37-473e-98c3-e2715fc8ab23,validation/evaluation/normal_check/shared/rows/81,R7-B1-integer,0.0,1.0e-6,true
tie_three_ua10_energy_economic_highs,r8-energy-b6eed093-ea37-473e-98c3-e2715fc8ab23,validation/evaluation/normal_check/shared/rows/82,R7-B1-inactive,0.0,1.0e-6,true
tie_three_ua10_energy_economic_highs,r8-energy-b6eed093-ea37-473e-98c3-e2715fc8ab23,validation/evaluation/normal_check/shared/rows/83,R7-B1-bounds,0.0,1.0e-6,true
tie_three_ua10_energy_economic_highs,r8-energy-b6eed093-ea37-473e-98c3-e2715fc8ab23,validation/evaluation/normal_check/shared/rows/84,R7-B1-integer,0.0,1.0e-6,true
tie_three_ua10_energy_economic_highs,r8-energy-b6eed093-ea37-473e-98c3-e2715fc8ab23,validation/evaluation/normal_check/shared/rows/85,R7-B1-inactive,0.0,1.0e-6,true
tie_three_ua10_energy_economic_highs,r8-energy-b6eed093-ea37-473e-98c3-e2715fc8ab23,validation/evaluation/normal_check/shared/rows/86,R7-B1-bounds,0.0,1.0e-6,true
tie_three_ua10_energy_economic_highs,r8-energy-b6eed093-ea37-473e-98c3-e2715fc8ab23,validation/evaluation/normal_check/shared/rows/87,R7-B1-integer,0.0,1.0e-6,true
tie_three_ua10_energy_economic_highs,r8-energy-b6eed093-ea37-473e-98c3-e2715fc8ab23,validation/evaluation/normal_check/shared/rows/88,R7-B1-inactive,0.0,1.0e-6,true
tie_three_ua10_energy_economic_highs,r8-energy-b6eed093-ea37-473e-98c3-e2715fc8ab23,validation/evaluation/normal_check/shared/rows/89,R7-B1-bounds,0.0,1.0e-6,true
tie_three_ua10_energy_economic_highs,r8-energy-b6eed093-ea37-473e-98c3-e2715fc8ab23,validation/evaluation/normal_check/shared/rows/90,R7-B1-integer,0.0,1.0e-6,true
tie_three_ua10_energy_economic_highs,r8-energy-b6eed093-ea37-473e-98c3-e2715fc8ab23,validation/evaluation/normal_check/shared/rows/91,R7-B1-inactive,0.0,1.0e-6,true
tie_three_ua10_energy_economic_highs,r8-energy-b6eed093-ea37-473e-98c3-e2715fc8ab23,validation/evaluation/normal_check/shared/rows/92,R7-B1-bounds,0.0,1.0e-6,true
tie_three_ua10_energy_economic_highs,r8-energy-b6eed093-ea37-473e-98c3-e2715fc8ab23,validation/evaluation/normal_check/shared/rows/93,R7-B1-integer,0.0,1.0e-6,true
tie_three_ua10_energy_economic_highs,r8-energy-b6eed093-ea37-473e-98c3-e2715fc8ab23,validation/evaluation/normal_check/shared/rows/94,R7-B1-inactive,0.0,1.0e-6,true
tie_three_ua10_energy_economic_highs,r8-energy-b6eed093-ea37-473e-98c3-e2715fc8ab23,validation/evaluation/normal_check/shared/rows/95,R7-B1-bounds,0.0,1.0e-6,true
tie_three_ua10_energy_economic_highs,r8-energy-b6eed093-ea37-473e-98c3-e2715fc8ab23,validation/evaluation/normal_check/shared/rows/96,R7-B1-integer,0.0,1.0e-6,true
tie_three_ua10_energy_economic_highs,r8-energy-b6eed093-ea37-473e-98c3-e2715fc8ab23,validation/evaluation/normal_check/shared/rows/97,R7-B1-inactive,0.0,1.0e-6,true
tie_three_ua10_energy_economic_highs,r8-energy-b6eed093-ea37-473e-98c3-e2715fc8ab23,validation/evaluation/normal_check/shared/rows/98,R7-B1-bounds,0.0,1.0e-6,true
tie_three_ua10_energy_economic_highs,r8-energy-b6eed093-ea37-473e-98c3-e2715fc8ab23,validation/evaluation/normal_check/shared/rows/99,R7-B1-integer,0.0,1.0e-6,true
tie_three_ua10_energy_economic_highs,r8-energy-b6eed093-ea37-473e-98c3-e2715fc8ab23,validation/evaluation/normal_check/shared/rows/100,R7-B1-inactive,0.0,1.0e-6,true
tie_three_ua10_energy_economic_highs,r8-energy-b6eed093-ea37-473e-98c3-e2715fc8ab23,validation/evaluation/normal_check/shared/rows/101,R7-B1-bounds,0.0,1.0e-6,true
tie_three_ua10_energy_economic_highs,r8-energy-b6eed093-ea37-473e-98c3-e2715fc8ab23,validation/evaluation/normal_check/shared/rows/102,R7-B1-integer,0.0,1.0e-6,true
tie_three_ua10_energy_economic_highs,r8-energy-b6eed093-ea37-473e-98c3-e2715fc8ab23,validation/evaluation/normal_check/shared/rows/103,R7-B1-inactive,0.0,1.0e-6,true
tie_three_ua10_energy_economic_highs,r8-energy-b6eed093-ea37-473e-98c3-e2715fc8ab23,validation/evaluation/normal_check/shared/rows/104,R7-B1-bounds,0.0,1.0e-6,true
tie_three_ua10_energy_economic_highs,r8-energy-b6eed093-ea37-473e-98c3-e2715fc8ab23,validation/evaluation/normal_check/shared/rows/105,R7-B1-integer,0.0,1.0e-6,true
tie_three_ua10_energy_economic_highs,r8-energy-b6eed093-ea37-473e-98c3-e2715fc8ab23,validation/evaluation/normal_check/shared/rows/106,R7-B1-inactive,0.0,1.0e-6,true
tie_three_ua10_energy_economic_highs,r8-energy-b6eed093-ea37-473e-98c3-e2715fc8ab23,validation/evaluation/normal_check/shared/rows/107,R7-B1-bounds,0.0,1.0e-6,true
tie_three_ua10_energy_economic_highs,r8-energy-b6eed093-ea37-473e-98c3-e2715fc8ab23,validation/evaluation/normal_check/shared/rows/108,R7-B1-integer,0.0,1.0e-6,true
tie_three_ua10_energy_economic_highs,r8-energy-b6eed093-ea37-473e-98c3-e2715fc8ab23,validation/evaluation/normal_check/shared/rows/109,R7-B1-inactive,0.0,1.0e-6,true
tie_three_ua10_energy_economic_highs,r8-energy-b6eed093-ea37-473e-98c3-e2715fc8ab23,validation/evaluation/normal_check/shared/rows/110,R7-B1-bounds,0.0,1.0e-6,true
tie_three_ua10_energy_economic_highs,r8-energy-b6eed093-ea37-473e-98c3-e2715fc8ab23,validation/evaluation/normal_check/shared/rows/111,R7-B1-integer,0.0,1.0e-6,true
tie_three_ua10_energy_economic_highs,r8-energy-b6eed093-ea37-473e-98c3-e2715fc8ab23,validation/evaluation/normal_check/shared/rows/112,R7-B1-inactive,0.0,1.0e-6,true
tie_three_ua10_energy_economic_highs,r8-energy-b6eed093-ea37-473e-98c3-e2715fc8ab23,validation/evaluation/normal_check/shared/rows/113,R7-N1,0.0,1.0e-6,true
tie_three_ua10_energy_economic_highs,r8-energy-b6eed093-ea37-473e-98c3-e2715fc8ab23,validation/evaluation/normal_check/shared/rows/114,R7-N1,0.0,1.0e-6,true
tie_three_ua10_energy_economic_highs,r8-energy-b6eed093-ea37-473e-98c3-e2715fc8ab23,validation/evaluation/normal_check/shared/rows/115,R7-N1,0.0,1.0e-6,true
tie_three_ua10_energy_economic_highs,r8-energy-b6eed093-ea37-473e-98c3-e2715fc8ab23,validation/evaluation/normal_check/shared/rows/116,R7-N1,0.0,1.0e-6,true
tie_three_ua10_energy_economic_highs,r8-energy-b6eed093-ea37-473e-98c3-e2715fc8ab23,validation/evaluation/normal_check/shared/rows/117,R7-N1,0.0,1.0e-6,true
tie_three_ua10_energy_economic_highs,r8-energy-b6eed093-ea37-473e-98c3-e2715fc8ab23,validation/evaluation/normal_check/shared/rows/118,6-2,0.0,2.0e-6,true
tie_three_ua10_energy_economic_highs,r8-energy-b6eed093-ea37-473e-98c3-e2715fc8ab23,validation/evaluation/normal_check/shared/rows/119,6-3,0.0,2.0e-6,true
tie_three_ua10_energy_economic_highs,r8-energy-b6eed093-ea37-473e-98c3-e2715fc8ab23,validation/evaluation/normal_check/shared/rows/120,6-4,0.0,2.0e-6,true
tie_three_ua10_energy_economic_highs,r8-energy-b6eed093-ea37-473e-98c3-e2715fc8ab23,validation/evaluation/normal_check/shared/rows/121,6-5,0.0,2.0e-6,true
tie_three_ua10_energy_economic_highs,r8-energy-b6eed093-ea37-473e-98c3-e2715fc8ab23,validation/evaluation/normal_check/shared/rows/122,6-11,0.0,2.0e-6,true
tie_three_ua10_energy_economic_highs,r8-energy-b6eed093-ea37-473e-98c3-e2715fc8ab23,validation/evaluation/normal_check/shared/rows/123,6-2,0.0,2.0e-6,true
tie_three_ua10_energy_economic_highs,r8-energy-b6eed093-ea37-473e-98c3-e2715fc8ab23,validation/evaluation/normal_check/shared/rows/124,6-3,0.0,2.0e-6,true
tie_three_ua10_energy_economic_highs,r8-energy-b6eed093-ea37-473e-98c3-e2715fc8ab23,validation/evaluation/normal_check/shared/rows/125,6-4,0.0,2.0e-6,true
tie_three_ua10_energy_economic_highs,r8-energy-b6eed093-ea37-473e-98c3-e2715fc8ab23,validation/evaluation/normal_check/shared/rows/126,6-5,0.0,2.0e-6,true
tie_three_ua10_energy_economic_highs,r8-energy-b6eed093-ea37-473e-98c3-e2715fc8ab23,validation/evaluation/normal_check/shared/rows/127,6-11,0.0,2.0e-6,true
tie_three_ua10_energy_economic_highs,r8-energy-b6eed093-ea37-473e-98c3-e2715fc8ab23,validation/evaluation/normal_check/shared/rows/128,R7-N1,0.0,1.0e-6,true
tie_three_ua10_energy_economic_highs,r8-energy-b6eed093-ea37-473e-98c3-e2715fc8ab23,validation/evaluation/normal_check/shared/rows/129,R7-N1,0.0,1.0e-6,true
tie_three_ua10_energy_economic_highs,r8-energy-b6eed093-ea37-473e-98c3-e2715fc8ab23,validation/evaluation/normal_check/shared/rows/130,R7-N1,0.0,1.0e-6,true
tie_three_ua10_energy_economic_highs,r8-energy-b6eed093-ea37-473e-98c3-e2715fc8ab23,validation/evaluation/normal_check/shared/rows/131,R7-N1,0.0,1.0e-6,true
tie_three_ua10_energy_economic_highs,r8-energy-b6eed093-ea37-473e-98c3-e2715fc8ab23,validation/evaluation/normal_check/shared/rows/132,R7-N1,0.0,1.0e-6,true
tie_three_ua10_energy_economic_highs,r8-energy-b6eed093-ea37-473e-98c3-e2715fc8ab23,validation/evaluation/normal_check/shared/rows/133,6-2,0.0,2.0e-6,true
tie_three_ua10_energy_economic_highs,r8-energy-b6eed093-ea37-473e-98c3-e2715fc8ab23,validation/evaluation/normal_check/shared/rows/134,6-3,0.0,2.0e-6,true
tie_three_ua10_energy_economic_highs,r8-energy-b6eed093-ea37-473e-98c3-e2715fc8ab23,validation/evaluation/normal_check/shared/rows/135,6-4,0.0,2.0e-6,true
tie_three_ua10_energy_economic_highs,r8-energy-b6eed093-ea37-473e-98c3-e2715fc8ab23,validation/evaluation/normal_check/shared/rows/136,6-5,0.0,2.0e-6,true
tie_three_ua10_energy_economic_highs,r8-energy-b6eed093-ea37-473e-98c3-e2715fc8ab23,validation/evaluation/normal_check/shared/rows/137,6-11,0.0,2.0e-6,true
tie_three_ua10_energy_economic_highs,r8-energy-b6eed093-ea37-473e-98c3-e2715fc8ab23,validation/evaluation/normal_check/shared/rows/138,6-2,0.0,2.0e-6,true
tie_three_ua10_energy_economic_highs,r8-energy-b6eed093-ea37-473e-98c3-e2715fc8ab23,validation/evaluation/normal_check/shared/rows/139,6-3,0.0,2.0e-6,true
tie_three_ua10_energy_economic_highs,r8-energy-b6eed093-ea37-473e-98c3-e2715fc8ab23,validation/evaluation/normal_check/shared/rows/140,6-4,0.0,2.0e-6,true
tie_three_ua10_energy_economic_highs,r8-energy-b6eed093-ea37-473e-98c3-e2715fc8ab23,validation/evaluation/normal_check/shared/rows/141,6-5,0.0,2.0e-6,true
tie_three_ua10_energy_economic_highs,r8-energy-b6eed093-ea37-473e-98c3-e2715fc8ab23,validation/evaluation/normal_check/shared/rows/142,6-11,0.0,2.0e-6,true
tie_three_ua10_energy_economic_highs,r8-energy-b6eed093-ea37-473e-98c3-e2715fc8ab23,validation/evaluation/normal_check/shared/rows/143,R7-N1,0.0,1.0e-6,true
tie_three_ua10_energy_economic_highs,r8-energy-b6eed093-ea37-473e-98c3-e2715fc8ab23,validation/evaluation/normal_check/shared/rows/144,R7-N1,0.0,1.0e-6,true
tie_three_ua10_energy_economic_highs,r8-energy-b6eed093-ea37-473e-98c3-e2715fc8ab23,validation/evaluation/normal_check/shared/rows/145,R7-N1,0.0,1.0e-6,true
tie_three_ua10_energy_economic_highs,r8-energy-b6eed093-ea37-473e-98c3-e2715fc8ab23,validation/evaluation/normal_check/shared/rows/146,R7-N1,0.0,1.0e-6,true
tie_three_ua10_energy_economic_highs,r8-energy-b6eed093-ea37-473e-98c3-e2715fc8ab23,validation/evaluation/normal_check/shared/rows/147,R7-N1,0.0,1.0e-6,true
tie_three_ua10_energy_economic_highs,r8-energy-b6eed093-ea37-473e-98c3-e2715fc8ab23,validation/evaluation/normal_check/shared/rows/148,6-2,0.0,2.0e-6,true
tie_three_ua10_energy_economic_highs,r8-energy-b6eed093-ea37-473e-98c3-e2715fc8ab23,validation/evaluation/normal_check/shared/rows/149,6-3,0.0,2.0e-6,true
tie_three_ua10_energy_economic_highs,r8-energy-b6eed093-ea37-473e-98c3-e2715fc8ab23,validation/evaluation/normal_check/shared/rows/150,6-4,0.0,2.0e-6,true
tie_three_ua10_energy_economic_highs,r8-energy-b6eed093-ea37-473e-98c3-e2715fc8ab23,validation/evaluation/normal_check/shared/rows/151,6-5,0.0,2.0e-6,true
tie_three_ua10_energy_economic_highs,r8-energy-b6eed093-ea37-473e-98c3-e2715fc8ab23,validation/evaluation/normal_check/shared/rows/152,6-11,0.0,2.0e-6,true
tie_three_ua10_energy_economic_highs,r8-energy-b6eed093-ea37-473e-98c3-e2715fc8ab23,validation/evaluation/normal_check/shared/rows/153,6-2,0.0,2.0e-6,true
tie_three_ua10_energy_economic_highs,r8-energy-b6eed093-ea37-473e-98c3-e2715fc8ab23,validation/evaluation/normal_check/shared/rows/154,6-3,0.0,2.0e-6,true
tie_three_ua10_energy_economic_highs,r8-energy-b6eed093-ea37-473e-98c3-e2715fc8ab23,validation/evaluation/normal_check/shared/rows/155,6-4,0.0,2.0e-6,true
tie_three_ua10_energy_economic_highs,r8-energy-b6eed093-ea37-473e-98c3-e2715fc8ab23,validation/evaluation/normal_check/shared/rows/156,6-5,0.0,2.0e-6,true
tie_three_ua10_energy_economic_highs,r8-energy-b6eed093-ea37-473e-98c3-e2715fc8ab23,validation/evaluation/normal_check/shared/rows/157,6-11,0.0,2.0e-6,true
tie_three_ua10_energy_economic_highs,r8-energy-b6eed093-ea37-473e-98c3-e2715fc8ab23,validation/evaluation/normal_check/shared/rows/158,R7-N1,0.0,1.0e-6,true
tie_three_ua10_energy_economic_highs,r8-energy-b6eed093-ea37-473e-98c3-e2715fc8ab23,validation/evaluation/normal_check/shared/rows/159,R7-N1,0.0,1.0e-6,true
tie_three_ua10_energy_economic_highs,r8-energy-b6eed093-ea37-473e-98c3-e2715fc8ab23,validation/evaluation/normal_check/shared/rows/160,R7-N1,0.0,1.0e-6,true
tie_three_ua10_energy_economic_highs,r8-energy-b6eed093-ea37-473e-98c3-e2715fc8ab23,validation/evaluation/normal_check/shared/rows/161,R7-N1,0.0,1.0e-6,true
tie_three_ua10_energy_economic_highs,r8-energy-b6eed093-ea37-473e-98c3-e2715fc8ab23,validation/evaluation/normal_check/shared/rows/162,R7-N1,0.0,1.0e-6,true
tie_three_ua10_energy_economic_highs,r8-energy-b6eed093-ea37-473e-98c3-e2715fc8ab23,validation/evaluation/normal_check/shared/rows/163,6-2,0.0,2.0e-6,true
tie_three_ua10_energy_economic_highs,r8-energy-b6eed093-ea37-473e-98c3-e2715fc8ab23,validation/evaluation/normal_check/shared/rows/164,6-3,0.0,2.0e-6,true
tie_three_ua10_energy_economic_highs,r8-energy-b6eed093-ea37-473e-98c3-e2715fc8ab23,validation/evaluation/normal_check/shared/rows/165,6-4,0.0,2.0e-6,true
tie_three_ua10_energy_economic_highs,r8-energy-b6eed093-ea37-473e-98c3-e2715fc8ab23,validation/evaluation/normal_check/shared/rows/166,6-5,0.0,2.0e-6,true
tie_three_ua10_energy_economic_highs,r8-energy-b6eed093-ea37-473e-98c3-e2715fc8ab23,validation/evaluation/normal_check/shared/rows/167,6-11,0.0,2.0e-6,true
tie_three_ua10_energy_economic_highs,r8-energy-b6eed093-ea37-473e-98c3-e2715fc8ab23,validation/evaluation/normal_check/shared/rows/168,6-2,0.0,2.0e-6,true
tie_three_ua10_energy_economic_highs,r8-energy-b6eed093-ea37-473e-98c3-e2715fc8ab23,validation/evaluation/normal_check/shared/rows/169,6-3,0.0,2.0e-6,true
tie_three_ua10_energy_economic_highs,r8-energy-b6eed093-ea37-473e-98c3-e2715fc8ab23,validation/evaluation/normal_check/shared/rows/170,6-4,0.0,2.0e-6,true
tie_three_ua10_energy_economic_highs,r8-energy-b6eed093-ea37-473e-98c3-e2715fc8ab23,validation/evaluation/normal_check/shared/rows/171,6-5,0.0,2.0e-6,true
tie_three_ua10_energy_economic_highs,r8-energy-b6eed093-ea37-473e-98c3-e2715fc8ab23,validation/evaluation/normal_check/shared/rows/172,6-11,0.0,2.0e-6,true
tie_three_ua10_energy_economic_highs,r8-energy-b6eed093-ea37-473e-98c3-e2715fc8ab23,validation/evaluation/normal_check/shared/rows/173,R7-D-device-link,0.0,3.4e-6,true
tie_three_ua10_energy_economic_highs,r8-energy-b6eed093-ea37-473e-98c3-e2715fc8ab23,validation/evaluation/normal_check/shared/rows/174,R7-D-device-link,0.0,3.4e-6,true
tie_three_ua10_energy_economic_highs,r8-energy-b6eed093-ea37-473e-98c3-e2715fc8ab23,validation/evaluation/normal_check/shared/rows/175,R7-D-device-link,0.0,3.4e-6,true
tie_three_ua10_energy_economic_highs,r8-energy-b6eed093-ea37-473e-98c3-e2715fc8ab23,validation/evaluation/normal_check/shared/rows/176,R7-D-device-link,0.0,3.4e-6,true
tie_three_ua10_energy_economic_highs,r8-energy-b6eed093-ea37-473e-98c3-e2715fc8ab23,validation/evaluation/normal_check/shared/rows/177,R7-D-device-link,0.0,3.4e-6,true
tie_three_ua10_energy_economic_highs,r8-energy-b6eed093-ea37-473e-98c3-e2715fc8ab23,validation/evaluation/normal_check/shared/rows/178,R7-D-device-link,0.0,3.4e-6,true
tie_three_ua10_energy_economic_highs,r8-energy-b6eed093-ea37-473e-98c3-e2715fc8ab23,validation/evaluation/normal_check/shared/rows/179,R7-D-device-link,0.0,3.4e-6,true
tie_three_ua10_energy_economic_highs,r8-energy-b6eed093-ea37-473e-98c3-e2715fc8ab23,validation/evaluation/normal_check/shared/rows/180,R7-D-device-link,0.0,3.4e-6,true
tie_three_ua10_energy_economic_highs,r8-energy-b6eed093-ea37-473e-98c3-e2715fc8ab23,validation/evaluation/normal_check/shared/rows/181,R7-D-device-link,0.0,3.4e-6,true
tie_three_ua10_energy_economic_highs,r8-energy-b6eed093-ea37-473e-98c3-e2715fc8ab23,validation/evaluation/normal_check/shared/rows/182,R7-D-device-link,0.0,3.4e-6,true
tie_three_ua10_energy_economic_highs,r8-energy-b6eed093-ea37-473e-98c3-e2715fc8ab23,validation/evaluation/normal_check/shared/rows/183,R7-D-device-link,0.0,3.4e-6,true
tie_three_ua10_energy_economic_highs,r8-energy-b6eed093-ea37-473e-98c3-e2715fc8ab23,validation/evaluation/normal_check/shared/rows/184,R7-D-device-link,0.0,3.4e-6,true
tie_three_ua10_energy_economic_highs,r8-energy-b6eed093-ea37-473e-98c3-e2715fc8ab23,validation/evaluation/normal_check/shared/rows/185,R7-D-device-link,0.0,3.4e-6,true
tie_three_ua10_energy_economic_highs,r8-energy-b6eed093-ea37-473e-98c3-e2715fc8ab23,validation/evaluation/normal_check/shared/rows/186,R7-D-device-link,0.0,3.4e-6,true
tie_three_ua10_energy_economic_highs,r8-energy-b6eed093-ea37-473e-98c3-e2715fc8ab23,validation/evaluation/normal_check/shared/rows/187,R7-D-device-link,0.0,3.4e-6,true
tie_three_ua10_energy_economic_highs,r8-energy-b6eed093-ea37-473e-98c3-e2715fc8ab23,validation/evaluation/normal_check/shared/rows/188,R7-D-device-link,0.0,3.4e-6,true
tie_three_ua10_energy_economic_highs,r8-energy-b6eed093-ea37-473e-98c3-e2715fc8ab23,validation/evaluation/normal_check/shared/rows/189,R7-D-device-link,0.0,3.4e-6,true
tie_three_ua10_energy_economic_highs,r8-energy-b6eed093-ea37-473e-98c3-e2715fc8ab23,validation/evaluation/normal_check/shared/rows/190,R7-D-device-link,0.0,3.4e-6,true
tie_three_ua10_energy_economic_highs,r8-energy-b6eed093-ea37-473e-98c3-e2715fc8ab23,validation/evaluation/normal_check/shared/rows/191,R7-D-device-link,0.0,3.4e-6,true
tie_three_ua10_energy_economic_highs,r8-energy-b6eed093-ea37-473e-98c3-e2715fc8ab23,validation/evaluation/normal_check/shared/rows/192,R7-D-device-link,0.0,3.4e-6,true
tie_three_ua10_energy_economic_highs,r8-energy-b6eed093-ea37-473e-98c3-e2715fc8ab23,validation/evaluation/normal_check/shared/rows/193,R7-D-device-link,0.0,3.4e-6,true
tie_three_ua10_energy_economic_highs,r8-energy-b6eed093-ea37-473e-98c3-e2715fc8ab23,validation/evaluation/normal_check/shared/rows/194,R7-D-device-link,0.0,3.4e-6,true
tie_three_ua10_energy_economic_highs,r8-energy-b6eed093-ea37-473e-98c3-e2715fc8ab23,validation/evaluation/normal_check/shared/rows/195,R7-D-device-link,0.0,3.4e-6,true
tie_three_ua10_energy_economic_highs,r8-energy-b6eed093-ea37-473e-98c3-e2715fc8ab23,validation/evaluation/normal_check/shared/rows/196,R7-D-device-link,0.0,3.4e-6,true
tie_three_ua10_energy_economic_highs,r8-energy-b6eed093-ea37-473e-98c3-e2715fc8ab23,validation/evaluation/normal_check/shared/rows/197,6-12-ch,0.0,3.4e-6,true
tie_three_ua10_energy_economic_highs,r8-energy-b6eed093-ea37-473e-98c3-e2715fc8ab23,validation/evaluation/normal_check/shared/rows/198,6-12-dis,0.0,3.4e-6,true
tie_three_ua10_energy_economic_highs,r8-energy-b6eed093-ea37-473e-98c3-e2715fc8ab23,validation/evaluation/normal_check/shared/rows/199,6-12-ch,0.0,3.4e-6,true
tie_three_ua10_energy_economic_highs,r8-energy-b6eed093-ea37-473e-98c3-e2715fc8ab23,validation/evaluation/normal_check/shared/rows/200,6-12-dis,0.0,3.4e-6,true
tie_three_ua10_energy_economic_highs,r8-energy-b6eed093-ea37-473e-98c3-e2715fc8ab23,validation/evaluation/normal_check/shared/rows/201,6-12-ch,0.0,3.4e-6,true
tie_three_ua10_energy_economic_highs,r8-energy-b6eed093-ea37-473e-98c3-e2715fc8ab23,validation/evaluation/normal_check/shared/rows/202,6-12-dis,0.0,3.4e-6,true
tie_three_ua10_energy_economic_highs,r8-energy-b6eed093-ea37-473e-98c3-e2715fc8ab23,validation/evaluation/normal_check/shared/rows/203,6-12-ch,0.0,3.4e-6,true
tie_three_ua10_energy_economic_highs,r8-energy-b6eed093-ea37-473e-98c3-e2715fc8ab23,validation/evaluation/normal_check/shared/rows/204,6-12-dis,0.0,3.4e-6,true
tie_three_ua10_energy_economic_highs,r8-energy-b6eed093-ea37-473e-98c3-e2715fc8ab23,validation/evaluation/normal_check/shared/rows/205,6-12-ch,0.0,3.4e-6,true
tie_three_ua10_energy_economic_highs,r8-energy-b6eed093-ea37-473e-98c3-e2715fc8ab23,validation/evaluation/normal_check/shared/rows/206,6-12-dis,0.0,3.4e-6,true
tie_three_ua10_energy_economic_highs,r8-energy-b6eed093-ea37-473e-98c3-e2715fc8ab23,validation/evaluation/normal_check/shared/rows/207,6-12-ch,0.0,3.4e-6,true
tie_three_ua10_energy_economic_highs,r8-energy-b6eed093-ea37-473e-98c3-e2715fc8ab23,validation/evaluation/normal_check/shared/rows/208,6-12-dis,0.0,3.4e-6,true
tie_three_ua10_energy_economic_highs,r8-energy-b6eed093-ea37-473e-98c3-e2715fc8ab23,validation/evaluation/normal_check/shared/rows/209,6-12-ch,0.0,3.4e-6,true
tie_three_ua10_energy_economic_highs,r8-energy-b6eed093-ea37-473e-98c3-e2715fc8ab23,validation/evaluation/normal_check/shared/rows/210,6-12-dis,0.0,3.4e-6,true
tie_three_ua10_energy_economic_highs,r8-energy-b6eed093-ea37-473e-98c3-e2715fc8ab23,validation/evaluation/normal_check/shared/rows/211,6-12-ch,0.0,3.4e-6,true
tie_three_ua10_energy_economic_highs,r8-energy-b6eed093-ea37-473e-98c3-e2715fc8ab23,validation/evaluation/normal_check/shared/rows/212,6-12-dis,0.0,3.4e-6,true
tie_three_ua10_energy_economic_highs,r8-energy-b6eed093-ea37-473e-98c3-e2715fc8ab23,validation/evaluation/normal_check/shared/rows/213,6-13-zero,0.0,2.0e-6,true
tie_three_ua10_energy_economic_highs,r8-energy-b6eed093-ea37-473e-98c3-e2715fc8ab23,validation/evaluation/normal_check/shared/rows/214,6-13-zero,0.0,2.0e-6,true
tie_three_ua10_energy_economic_highs,r8-energy-b6eed093-ea37-473e-98c3-e2715fc8ab23,validation/evaluation/normal_check/shared/rows/215,6-13-zero,0.0,2.0e-6,true
tie_three_ua10_energy_economic_highs,r8-energy-b6eed093-ea37-473e-98c3-e2715fc8ab23,validation/evaluation/normal_check/shared/rows/216,6-13-zero,0.0,2.0e-6,true
tie_three_ua10_energy_economic_highs,r8-energy-b6eed093-ea37-473e-98c3-e2715fc8ab23,validation/evaluation/normal_check/shared/rows/217,6-13-zero,0.0,2.0e-6,true
tie_three_ua10_energy_economic_highs,r8-energy-b6eed093-ea37-473e-98c3-e2715fc8ab23,validation/evaluation/normal_check/shared/rows/218,6-13-zero,0.0,2.0e-6,true
tie_three_ua10_energy_economic_highs,r8-energy-b6eed093-ea37-473e-98c3-e2715fc8ab23,validation/evaluation/normal_check/shared/rows/219,6-13-zero,0.0,2.0e-6,true
tie_three_ua10_energy_economic_highs,r8-energy-b6eed093-ea37-473e-98c3-e2715fc8ab23,validation/evaluation/normal_check/shared/rows/220,6-13-zero,0.0,2.0e-6,true
tie_three_ua10_energy_economic_highs,r8-energy-b6eed093-ea37-473e-98c3-e2715fc8ab23,validation/evaluation/normal_check/shared/rows/221,6-13-zero,0.0,2.0e-6,true
tie_three_ua10_energy_economic_highs,r8-energy-b6eed093-ea37-473e-98c3-e2715fc8ab23,validation/evaluation/normal_check/shared/rows/222,6-13-zero,0.0,2.0e-6,true
tie_three_ua10_energy_economic_highs,r8-energy-b6eed093-ea37-473e-98c3-e2715fc8ab23,validation/evaluation/normal_check/shared/rows/223,6-8:10,0.0,3.4e-6,true
tie_three_ua10_energy_economic_highs,r8-energy-b6eed093-ea37-473e-98c3-e2715fc8ab23,validation/evaluation/normal_check/shared/rows/224,6-9,0.0,3.4e-6,true
tie_three_ua10_energy_economic_highs,r8-energy-b6eed093-ea37-473e-98c3-e2715fc8ab23,validation/evaluation/normal_check/shared/rows/225,6-11,0.0,3.4e-6,true
tie_three_ua10_energy_economic_highs,r8-energy-b6eed093-ea37-473e-98c3-e2715fc8ab23,validation/evaluation/normal_check/shared/rows/226,6-12-ch,0.0,3.4e-6,true
tie_three_ua10_energy_economic_highs,r8-energy-b6eed093-ea37-473e-98c3-e2715fc8ab23,validation/evaluation/normal_check/shared/rows/227,6-12-dis,0.0,3.4e-6,true
tie_three_ua10_energy_economic_highs,r8-energy-b6eed093-ea37-473e-98c3-e2715fc8ab23,validation/evaluation/normal_check/shared/rows/228,6-12,0.0,3.4e-6,true
tie_three_ua10_energy_economic_highs,r8-energy-b6eed093-ea37-473e-98c3-e2715fc8ab23,validation/evaluation/normal_check/shared/rows/229,6-14,0.0,2.0e-6,true
tie_three_ua10_energy_economic_highs,r8-energy-b6eed093-ea37-473e-98c3-e2715fc8ab23,validation/evaluation/normal_check/shared/rows/230,6-8:10,0.0,3.4e-6,true
tie_three_ua10_energy_economic_highs,r8-energy-b6eed093-ea37-473e-98c3-e2715fc8ab23,validation/evaluation/normal_check/shared/rows/231,6-9,0.0,3.4e-6,true
tie_three_ua10_energy_economic_highs,r8-energy-b6eed093-ea37-473e-98c3-e2715fc8ab23,validation/evaluation/normal_check/shared/rows/232,6-11,0.0,3.4e-6,true
tie_three_ua10_energy_economic_highs,r8-energy-b6eed093-ea37-473e-98c3-e2715fc8ab23,validation/evaluation/normal_check/shared/rows/233,6-12-ch,0.0,3.4e-6,true
tie_three_ua10_energy_economic_highs,r8-energy-b6eed093-ea37-473e-98c3-e2715fc8ab23,validation/evaluation/normal_check/shared/rows/234,6-12-dis,0.0,3.4e-6,true
tie_three_ua10_energy_economic_highs,r8-energy-b6eed093-ea37-473e-98c3-e2715fc8ab23,validation/evaluation/normal_check/shared/rows/235,6-12,0.0,3.4e-6,true
tie_three_ua10_energy_economic_highs,r8-energy-b6eed093-ea37-473e-98c3-e2715fc8ab23,validation/evaluation/normal_check/shared/rows/236,6-14,0.0,2.0e-6,true
tie_three_ua10_energy_economic_highs,r8-energy-b6eed093-ea37-473e-98c3-e2715fc8ab23,validation/evaluation/normal_check/shared/rows/237,6-8:10,0.0,3.4e-6,true
tie_three_ua10_energy_economic_highs,r8-energy-b6eed093-ea37-473e-98c3-e2715fc8ab23,validation/evaluation/normal_check/shared/rows/238,6-9,0.0,3.4e-6,true
tie_three_ua10_energy_economic_highs,r8-energy-b6eed093-ea37-473e-98c3-e2715fc8ab23,validation/evaluation/normal_check/shared/rows/239,6-11,0.0,3.4e-6,true
tie_three_ua10_energy_economic_highs,r8-energy-b6eed093-ea37-473e-98c3-e2715fc8ab23,validation/evaluation/normal_check/shared/rows/240,6-12-ch,0.0,3.4e-6,true
tie_three_ua10_energy_economic_highs,r8-energy-b6eed093-ea37-473e-98c3-e2715fc8ab23,validation/evaluation/normal_check/shared/rows/241,6-12-dis,0.0,3.4e-6,true
tie_three_ua10_energy_economic_highs,r8-energy-b6eed093-ea37-473e-98c3-e2715fc8ab23,validation/evaluation/normal_check/shared/rows/242,6-12,0.0,3.4e-6,true
tie_three_ua10_energy_economic_highs,r8-energy-b6eed093-ea37-473e-98c3-e2715fc8ab23,validation/evaluation/normal_check/shared/rows/243,6-14,0.0,2.0e-6,true
tie_three_ua10_energy_economic_highs,r8-energy-b6eed093-ea37-473e-98c3-e2715fc8ab23,validation/evaluation/normal_check/shared/rows/244,6-8:10,0.0,3.4e-6,true
tie_three_ua10_energy_economic_highs,r8-energy-b6eed093-ea37-473e-98c3-e2715fc8ab23,validation/evaluation/normal_check/shared/rows/245,6-9,0.0,3.4e-6,true
tie_three_ua10_energy_economic_highs,r8-energy-b6eed093-ea37-473e-98c3-e2715fc8ab23,validation/evaluation/normal_check/shared/rows/246,6-11,0.0,3.4e-6,true
tie_three_ua10_energy_economic_highs,r8-energy-b6eed093-ea37-473e-98c3-e2715fc8ab23,validation/evaluation/normal_check/shared/rows/247,6-12-ch,0.0,3.4e-6,true
tie_three_ua10_energy_economic_highs,r8-energy-b6eed093-ea37-473e-98c3-e2715fc8ab23,validation/evaluation/normal_check/shared/rows/248,6-12-dis,0.0,3.4e-6,true
tie_three_ua10_energy_economic_highs,r8-energy-b6eed093-ea37-473e-98c3-e2715fc8ab23,validation/evaluation/normal_check/shared/rows/249,6-12,0.0,3.4e-6,true
tie_three_ua10_energy_economic_highs,r8-energy-b6eed093-ea37-473e-98c3-e2715fc8ab23,validation/evaluation/normal_check/shared/rows/250,6-14,2.220446049250313e-16,2.0e-6,true
tie_three_ua10_energy_economic_highs,r8-energy-b6eed093-ea37-473e-98c3-e2715fc8ab23,validation/evaluation/normal_check/shared/rows/251,6-8:10,0.0,3.4e-6,true
tie_three_ua10_energy_economic_highs,r8-energy-b6eed093-ea37-473e-98c3-e2715fc8ab23,validation/evaluation/normal_check/shared/rows/252,6-9,0.0,3.4e-6,true
tie_three_ua10_energy_economic_highs,r8-energy-b6eed093-ea37-473e-98c3-e2715fc8ab23,validation/evaluation/normal_check/shared/rows/253,6-11,0.0,3.4e-6,true
tie_three_ua10_energy_economic_highs,r8-energy-b6eed093-ea37-473e-98c3-e2715fc8ab23,validation/evaluation/normal_check/shared/rows/254,6-12-ch,0.0,3.4e-6,true
tie_three_ua10_energy_economic_highs,r8-energy-b6eed093-ea37-473e-98c3-e2715fc8ab23,validation/evaluation/normal_check/shared/rows/255,6-12-dis,0.0,3.4e-6,true
tie_three_ua10_energy_economic_highs,r8-energy-b6eed093-ea37-473e-98c3-e2715fc8ab23,validation/evaluation/normal_check/shared/rows/256,6-12,0.0,3.4e-6,true
tie_three_ua10_energy_economic_highs,r8-energy-b6eed093-ea37-473e-98c3-e2715fc8ab23,validation/evaluation/normal_check/shared/rows/257,6-14,5.551115123125783e-17,2.0e-6,true
tie_three_ua10_energy_economic_highs,r8-energy-b6eed093-ea37-473e-98c3-e2715fc8ab23,validation/evaluation/normal_check/shared/rows/258,6-8:10,0.0,3.4e-6,true
tie_three_ua10_energy_economic_highs,r8-energy-b6eed093-ea37-473e-98c3-e2715fc8ab23,validation/evaluation/normal_check/shared/rows/259,6-9,0.0,3.4e-6,true
tie_three_ua10_energy_economic_highs,r8-energy-b6eed093-ea37-473e-98c3-e2715fc8ab23,validation/evaluation/normal_check/shared/rows/260,6-11,0.0,3.4e-6,true
tie_three_ua10_energy_economic_highs,r8-energy-b6eed093-ea37-473e-98c3-e2715fc8ab23,validation/evaluation/normal_check/shared/rows/261,6-12-ch,0.0,3.4e-6,true
tie_three_ua10_energy_economic_highs,r8-energy-b6eed093-ea37-473e-98c3-e2715fc8ab23,validation/evaluation/normal_check/shared/rows/262,6-12-dis,0.0,3.4e-6,true
tie_three_ua10_energy_economic_highs,r8-energy-b6eed093-ea37-473e-98c3-e2715fc8ab23,validation/evaluation/normal_check/shared/rows/263,6-12,0.0,3.4e-6,true
tie_three_ua10_energy_economic_highs,r8-energy-b6eed093-ea37-473e-98c3-e2715fc8ab23,validation/evaluation/normal_check/shared/rows/264,6-14,1.942890293094024e-16,2.0e-6,true
tie_three_ua10_energy_economic_highs,r8-energy-b6eed093-ea37-473e-98c3-e2715fc8ab23,validation/evaluation/normal_check/shared/rows/265,6-8:10,0.0,3.4e-6,true
tie_three_ua10_energy_economic_highs,r8-energy-b6eed093-ea37-473e-98c3-e2715fc8ab23,validation/evaluation/normal_check/shared/rows/266,6-9,0.0,3.4e-6,true
tie_three_ua10_energy_economic_highs,r8-energy-b6eed093-ea37-473e-98c3-e2715fc8ab23,validation/evaluation/normal_check/shared/rows/267,6-11,0.0,3.4e-6,true
tie_three_ua10_energy_economic_highs,r8-energy-b6eed093-ea37-473e-98c3-e2715fc8ab23,validation/evaluation/normal_check/shared/rows/268,6-12-ch,0.0,3.4e-6,true
tie_three_ua10_energy_economic_highs,r8-energy-b6eed093-ea37-473e-98c3-e2715fc8ab23,validation/evaluation/normal_check/shared/rows/269,6-12-dis,0.0,3.4e-6,true
tie_three_ua10_energy_economic_highs,r8-energy-b6eed093-ea37-473e-98c3-e2715fc8ab23,validation/evaluation/normal_check/shared/rows/270,6-12,0.0,3.4e-6,true
tie_three_ua10_energy_economic_highs,r8-energy-b6eed093-ea37-473e-98c3-e2715fc8ab23,validation/evaluation/normal_check/shared/rows/271,6-14,5.551115123125783e-17,2.0e-6,true
tie_three_ua10_energy_economic_highs,r8-energy-b6eed093-ea37-473e-98c3-e2715fc8ab23,validation/evaluation/normal_check/shared/rows/272,6-8:10,0.0,3.4e-6,true
tie_three_ua10_energy_economic_highs,r8-energy-b6eed093-ea37-473e-98c3-e2715fc8ab23,validation/evaluation/normal_check/shared/rows/273,6-9,0.0,3.4e-6,true
tie_three_ua10_energy_economic_highs,r8-energy-b6eed093-ea37-473e-98c3-e2715fc8ab23,validation/evaluation/normal_check/shared/rows/274,6-11,0.0,3.4e-6,true
tie_three_ua10_energy_economic_highs,r8-energy-b6eed093-ea37-473e-98c3-e2715fc8ab23,validation/evaluation/normal_check/shared/rows/275,6-12-ch,0.0,3.4e-6,true
tie_three_ua10_energy_economic_highs,r8-energy-b6eed093-ea37-473e-98c3-e2715fc8ab23,validation/evaluation/normal_check/shared/rows/276,6-12-dis,0.0,3.4e-6,true
tie_three_ua10_energy_economic_highs,r8-energy-b6eed093-ea37-473e-98c3-e2715fc8ab23,validation/evaluation/normal_check/shared/rows/277,6-12,0.0,3.4e-6,true
tie_three_ua10_energy_economic_highs,r8-energy-b6eed093-ea37-473e-98c3-e2715fc8ab23,validation/evaluation/normal_check/shared/rows/278,6-14,2.7755575615628914e-17,2.0e-6,true
tie_three_ua10_energy_economic_highs,r8-energy-b6eed093-ea37-473e-98c3-e2715fc8ab23,validation/evaluation/normal_check/shared/rows/279,6-13,0.0,2.0e-6,true
tie_three_ua10_energy_economic_highs,r8-energy-b6eed093-ea37-473e-98c3-e2715fc8ab23,validation/evaluation/normal_check/shared/rows/280,R7-D-battery-initial,0.0,2.0e-6,true
tie_three_ua10_energy_economic_highs,r8-energy-b6eed093-ea37-473e-98c3-e2715fc8ab23,validation/evaluation/normal_check/shared/rows/281,6-13,0.0,2.0e-6,true
tie_three_ua10_energy_economic_highs,r8-energy-b6eed093-ea37-473e-98c3-e2715fc8ab23,validation/evaluation/normal_check/shared/rows/282,R7-D-battery-initial,0.0,2.0e-6,true
tie_three_ua10_energy_economic_highs,r8-energy-b6eed093-ea37-473e-98c3-e2715fc8ab23,validation/evaluation/normal_check/shared/rows/283,6-13,0.0,2.0e-6,true
tie_three_ua10_energy_economic_highs,r8-energy-b6eed093-ea37-473e-98c3-e2715fc8ab23,validation/evaluation/normal_check/shared/rows/284,6-13,0.0,2.0e-6,true
tie_three_ua10_energy_economic_highs,r8-energy-b6eed093-ea37-473e-98c3-e2715fc8ab23,validation/evaluation/normal_check/shared/rows/285,6-13,0.0,2.0e-6,true
tie_three_ua10_energy_economic_highs,r8-energy-b6eed093-ea37-473e-98c3-e2715fc8ab23,validation/evaluation/normal_check/shared/rows/286,6-13,0.0,2.0e-6,true
tie_three_ua10_energy_economic_highs,r8-energy-b6eed093-ea37-473e-98c3-e2715fc8ab23,validation/evaluation/normal_check/shared/rows/287,6-13,0.0,2.0e-6,true
tie_three_ua10_energy_economic_highs,r8-energy-b6eed093-ea37-473e-98c3-e2715fc8ab23,validation/evaluation/normal_check/shared/rows/288,6-13,0.0,2.0e-6,true
tie_three_ua10_energy_economic_highs,r8-energy-b6eed093-ea37-473e-98c3-e2715fc8ab23,validation/evaluation/normal_check/shared/rows/289,6-13,0.0,2.0e-6,true
tie_three_ua10_energy_economic_highs,r8-energy-b6eed093-ea37-473e-98c3-e2715fc8ab23,validation/evaluation/normal_check/shared/rows/290,6-15,0.0,2.0e-6,true
tie_three_ua10_energy_economic_highs,r8-energy-b6eed093-ea37-473e-98c3-e2715fc8ab23,validation/evaluation/normal_check/shared/rows/291,6-13,0.0,2.0e-6,true
tie_three_ua10_energy_economic_highs,r8-energy-b6eed093-ea37-473e-98c3-e2715fc8ab23,validation/evaluation/normal_check/shared/rows/292,6-15,0.0,2.0e-6,true
tie_three_ua10_energy_economic_highs,r8-energy-b6eed093-ea37-473e-98c3-e2715fc8ab23,validation/evaluation/normal_check/shared/rows/293,6-8:10,0.0,3.4e-6,true
tie_three_ua10_energy_economic_highs,r8-energy-b6eed093-ea37-473e-98c3-e2715fc8ab23,validation/evaluation/normal_check/shared/rows/294,6-9,0.0,3.4e-6,true
tie_three_ua10_energy_economic_highs,r8-energy-b6eed093-ea37-473e-98c3-e2715fc8ab23,validation/evaluation/normal_check/shared/rows/295,6-11,0.0,3.4e-6,true
tie_three_ua10_energy_economic_highs,r8-energy-b6eed093-ea37-473e-98c3-e2715fc8ab23,validation/evaluation/normal_check/shared/rows/296,6-12-ch,0.0,3.4e-6,true
tie_three_ua10_energy_economic_highs,r8-energy-b6eed093-ea37-473e-98c3-e2715fc8ab23,validation/evaluation/normal_check/shared/rows/297,6-12-dis,0.0,3.4e-6,true
tie_three_ua10_energy_economic_highs,r8-energy-b6eed093-ea37-473e-98c3-e2715fc8ab23,validation/evaluation/normal_check/shared/rows/298,6-8:10,0.0,3.4e-6,true
tie_three_ua10_energy_economic_highs,r8-energy-b6eed093-ea37-473e-98c3-e2715fc8ab23,validation/evaluation/normal_check/shared/rows/299,6-9,0.0,3.4e-6,true
tie_three_ua10_energy_economic_highs,r8-energy-b6eed093-ea37-473e-98c3-e2715fc8ab23,validation/evaluation/normal_check/shared/rows/300,6-11,0.0,3.4e-6,true
tie_three_ua10_energy_economic_highs,r8-energy-b6eed093-ea37-473e-98c3-e2715fc8ab23,validation/evaluation/normal_check/shared/rows/301,6-12-ch,0.0,3.4e-6,true
tie_three_ua10_energy_economic_highs,r8-energy-b6eed093-ea37-473e-98c3-e2715fc8ab23,validation/evaluation/normal_check/shared/rows/302,6-12-dis,0.0,3.4e-6,true
tie_three_ua10_energy_economic_highs,r8-energy-b6eed093-ea37-473e-98c3-e2715fc8ab23,validation/evaluation/normal_check/shared/rows/303,6-8:10,0.0,3.4e-6,true
tie_three_ua10_energy_economic_highs,r8-energy-b6eed093-ea37-473e-98c3-e2715fc8ab23,validation/evaluation/normal_check/shared/rows/304,6-9,0.0,3.4e-6,true
tie_three_ua10_energy_economic_highs,r8-energy-b6eed093-ea37-473e-98c3-e2715fc8ab23,validation/evaluation/normal_check/shared/rows/305,6-11,0.0,3.4e-6,true
tie_three_ua10_energy_economic_highs,r8-energy-b6eed093-ea37-473e-98c3-e2715fc8ab23,validation/evaluation/normal_check/shared/rows/306,6-12-ch,0.0,3.4e-6,true
tie_three_ua10_energy_economic_highs,r8-energy-b6eed093-ea37-473e-98c3-e2715fc8ab23,validation/evaluation/normal_check/shared/rows/307,6-12-dis,0.0,3.4e-6,true
tie_three_ua10_energy_economic_highs,r8-energy-b6eed093-ea37-473e-98c3-e2715fc8ab23,validation/evaluation/normal_check/shared/rows/308,6-8:10,0.0,3.4e-6,true
tie_three_ua10_energy_economic_highs,r8-energy-b6eed093-ea37-473e-98c3-e2715fc8ab23,validation/evaluation/normal_check/shared/rows/309,6-9,0.0,3.4e-6,true
tie_three_ua10_energy_economic_highs,r8-energy-b6eed093-ea37-473e-98c3-e2715fc8ab23,validation/evaluation/normal_check/shared/rows/310,6-11,0.0,3.4e-6,true
tie_three_ua10_energy_economic_highs,r8-energy-b6eed093-ea37-473e-98c3-e2715fc8ab23,validation/evaluation/normal_check/shared/rows/311,6-12-ch,0.0,3.4e-6,true
tie_three_ua10_energy_economic_highs,r8-energy-b6eed093-ea37-473e-98c3-e2715fc8ab23,validation/evaluation/normal_check/shared/rows/312,6-12-dis,0.0,3.4e-6,true
tie_three_ua10_energy_economic_highs,r8-energy-b6eed093-ea37-473e-98c3-e2715fc8ab23,validation/evaluation/normal_check/shared/rows/313,6-8:10,0.0,3.4e-6,true
tie_three_ua10_energy_economic_highs,r8-energy-b6eed093-ea37-473e-98c3-e2715fc8ab23,validation/evaluation/normal_check/shared/rows/314,6-9,0.0,3.4e-6,true
tie_three_ua10_energy_economic_highs,r8-energy-b6eed093-ea37-473e-98c3-e2715fc8ab23,validation/evaluation/normal_check/shared/rows/315,6-11,0.0,3.4e-6,true
tie_three_ua10_energy_economic_highs,r8-energy-b6eed093-ea37-473e-98c3-e2715fc8ab23,validation/evaluation/normal_check/shared/rows/316,6-12-ch,0.0,3.4e-6,true
tie_three_ua10_energy_economic_highs,r8-energy-b6eed093-ea37-473e-98c3-e2715fc8ab23,validation/evaluation/normal_check/shared/rows/317,6-12-dis,0.0,3.4e-6,true
tie_three_ua10_energy_economic_highs,r8-energy-b6eed093-ea37-473e-98c3-e2715fc8ab23,validation/evaluation/normal_check/shared/rows/318,6-8:10,0.0,3.4e-6,true
tie_three_ua10_energy_economic_highs,r8-energy-b6eed093-ea37-473e-98c3-e2715fc8ab23,validation/evaluation/normal_check/shared/rows/319,6-9,0.0,3.4e-6,true
tie_three_ua10_energy_economic_highs,r8-energy-b6eed093-ea37-473e-98c3-e2715fc8ab23,validation/evaluation/normal_check/shared/rows/320,6-11,0.0,3.4e-6,true
tie_three_ua10_energy_economic_highs,r8-energy-b6eed093-ea37-473e-98c3-e2715fc8ab23,validation/evaluation/normal_check/shared/rows/321,6-12-ch,0.0,3.4e-6,true
tie_three_ua10_energy_economic_highs,r8-energy-b6eed093-ea37-473e-98c3-e2715fc8ab23,validation/evaluation/normal_check/shared/rows/322,6-12-dis,0.0,3.4e-6,true
tie_three_ua10_energy_economic_highs,r8-energy-b6eed093-ea37-473e-98c3-e2715fc8ab23,validation/evaluation/normal_check/shared/rows/323,6-8:10,0.0,3.4e-6,true
tie_three_ua10_energy_economic_highs,r8-energy-b6eed093-ea37-473e-98c3-e2715fc8ab23,validation/evaluation/normal_check/shared/rows/324,6-9,0.0,3.4e-6,true
tie_three_ua10_energy_economic_highs,r8-energy-b6eed093-ea37-473e-98c3-e2715fc8ab23,validation/evaluation/normal_check/shared/rows/325,6-11,0.0,3.4e-6,true
tie_three_ua10_energy_economic_highs,r8-energy-b6eed093-ea37-473e-98c3-e2715fc8ab23,validation/evaluation/normal_check/shared/rows/326,6-12-ch,0.0,3.4e-6,true
tie_three_ua10_energy_economic_highs,r8-energy-b6eed093-ea37-473e-98c3-e2715fc8ab23,validation/evaluation/normal_check/shared/rows/327,6-12-dis,0.0,3.4e-6,true
tie_three_ua10_energy_economic_highs,r8-energy-b6eed093-ea37-473e-98c3-e2715fc8ab23,validation/evaluation/normal_check/shared/rows/328,6-8:10,0.0,3.4e-6,true
tie_three_ua10_energy_economic_highs,r8-energy-b6eed093-ea37-473e-98c3-e2715fc8ab23,validation/evaluation/normal_check/shared/rows/329,6-9,0.0,3.4e-6,true
tie_three_ua10_energy_economic_highs,r8-energy-b6eed093-ea37-473e-98c3-e2715fc8ab23,validation/evaluation/normal_check/shared/rows/330,6-11,0.0,3.4e-6,true
tie_three_ua10_energy_economic_highs,r8-energy-b6eed093-ea37-473e-98c3-e2715fc8ab23,validation/evaluation/normal_check/shared/rows/331,6-12-ch,0.0,3.4e-6,true
tie_three_ua10_energy_economic_highs,r8-energy-b6eed093-ea37-473e-98c3-e2715fc8ab23,validation/evaluation/normal_check/shared/rows/332,6-12-dis,0.0,3.4e-6,true
tie_three_ua10_energy_economic_highs,r8-energy-b6eed093-ea37-473e-98c3-e2715fc8ab23,validation/evaluation/normal_check/shared/rows/333,6-13-zero,0.0,2.0e-6,true
tie_three_ua10_energy_economic_highs,r8-energy-b6eed093-ea37-473e-98c3-e2715fc8ab23,validation/evaluation/normal_check/shared/rows/334,6-13-zero,0.0,2.0e-6,true
tie_three_ua10_energy_economic_highs,r8-energy-b6eed093-ea37-473e-98c3-e2715fc8ab23,validation/evaluation/normal_check/shared/rows/335,6-13-zero,0.0,2.0e-6,true
tie_three_ua10_energy_economic_highs,r8-energy-b6eed093-ea37-473e-98c3-e2715fc8ab23,validation/evaluation/normal_check/shared/rows/336,6-13-zero,0.0,2.0e-6,true
tie_three_ua10_energy_economic_highs,r8-energy-b6eed093-ea37-473e-98c3-e2715fc8ab23,validation/evaluation/normal_check/shared/rows/337,6-13-zero,0.0,2.0e-6,true
tie_three_ua10_energy_economic_highs,r8-energy-b6eed093-ea37-473e-98c3-e2715fc8ab23,validation/evaluation/normal_check/shared/rows/338,6-13-zero,0.0,2.0e-6,true
tie_three_ua10_energy_economic_highs,r8-energy-b6eed093-ea37-473e-98c3-e2715fc8ab23,validation/evaluation/normal_check/shared/rows/339,6-13-zero,0.0,2.0e-6,true
tie_three_ua10_energy_economic_highs,r8-energy-b6eed093-ea37-473e-98c3-e2715fc8ab23,validation/evaluation/normal_check/shared/rows/340,6-13-zero,0.0,2.0e-6,true
tie_three_ua10_energy_economic_highs,r8-energy-b6eed093-ea37-473e-98c3-e2715fc8ab23,validation/evaluation/normal_check/shared/rows/341,6-13-zero,0.0,2.0e-6,true
tie_three_ua10_energy_economic_highs,r8-energy-b6eed093-ea37-473e-98c3-e2715fc8ab23,validation/evaluation/normal_check/shared/rows/342,6-13-zero,0.0,2.0e-6,true
tie_three_ua10_energy_economic_highs,r8-energy-b6eed093-ea37-473e-98c3-e2715fc8ab23,validation/evaluation/normal_check/shared/rows/343,6-8:10,0.0,3.4e-6,true
tie_three_ua10_energy_economic_highs,r8-energy-b6eed093-ea37-473e-98c3-e2715fc8ab23,validation/evaluation/normal_check/shared/rows/344,6-9,0.0,3.4e-6,true
tie_three_ua10_energy_economic_highs,r8-energy-b6eed093-ea37-473e-98c3-e2715fc8ab23,validation/evaluation/normal_check/shared/rows/345,6-11,0.0,3.4e-6,true
tie_three_ua10_energy_economic_highs,r8-energy-b6eed093-ea37-473e-98c3-e2715fc8ab23,validation/evaluation/normal_check/shared/rows/346,6-12-ch,0.0,3.4e-6,true
tie_three_ua10_energy_economic_highs,r8-energy-b6eed093-ea37-473e-98c3-e2715fc8ab23,validation/evaluation/normal_check/shared/rows/347,6-12-dis,0.0,3.4e-6,true
tie_three_ua10_energy_economic_highs,r8-energy-b6eed093-ea37-473e-98c3-e2715fc8ab23,validation/evaluation/normal_check/shared/rows/348,6-8:10,0.0,3.4e-6,true
tie_three_ua10_energy_economic_highs,r8-energy-b6eed093-ea37-473e-98c3-e2715fc8ab23,validation/evaluation/normal_check/shared/rows/349,6-9,0.0,3.4e-6,true
tie_three_ua10_energy_economic_highs,r8-energy-b6eed093-ea37-473e-98c3-e2715fc8ab23,validation/evaluation/normal_check/shared/rows/350,6-11,0.0,3.4e-6,true
tie_three_ua10_energy_economic_highs,r8-energy-b6eed093-ea37-473e-98c3-e2715fc8ab23,validation/evaluation/normal_check/shared/rows/351,6-12-ch,0.0,3.4e-6,true
tie_three_ua10_energy_economic_highs,r8-energy-b6eed093-ea37-473e-98c3-e2715fc8ab23,validation/evaluation/normal_check/shared/rows/352,6-12-dis,0.0,3.4e-6,true
tie_three_ua10_energy_economic_highs,r8-energy-b6eed093-ea37-473e-98c3-e2715fc8ab23,validation/evaluation/normal_check/shared/rows/353,6-8:10,0.0,3.4e-6,true
tie_three_ua10_energy_economic_highs,r8-energy-b6eed093-ea37-473e-98c3-e2715fc8ab23,validation/evaluation/normal_check/shared/rows/354,6-9,0.0,3.4e-6,true
tie_three_ua10_energy_economic_highs,r8-energy-b6eed093-ea37-473e-98c3-e2715fc8ab23,validation/evaluation/normal_check/shared/rows/355,6-11,0.0,3.4e-6,true
tie_three_ua10_energy_economic_highs,r8-energy-b6eed093-ea37-473e-98c3-e2715fc8ab23,validation/evaluation/normal_check/shared/rows/356,6-12-ch,0.0,3.4e-6,true
tie_three_ua10_energy_economic_highs,r8-energy-b6eed093-ea37-473e-98c3-e2715fc8ab23,validation/evaluation/normal_check/shared/rows/357,6-12-dis,0.0,3.4e-6,true
tie_three_ua10_energy_economic_highs,r8-energy-b6eed093-ea37-473e-98c3-e2715fc8ab23,validation/evaluation/normal_check/shared/rows/358,6-8:10,0.0,3.4e-6,true
tie_three_ua10_energy_economic_highs,r8-energy-b6eed093-ea37-473e-98c3-e2715fc8ab23,validation/evaluation/normal_check/shared/rows/359,6-9,0.0,3.4e-6,true
tie_three_ua10_energy_economic_highs,r8-energy-b6eed093-ea37-473e-98c3-e2715fc8ab23,validation/evaluation/normal_check/shared/rows/360,6-11,0.0,3.4e-6,true
tie_three_ua10_energy_economic_highs,r8-energy-b6eed093-ea37-473e-98c3-e2715fc8ab23,validation/evaluation/normal_check/shared/rows/361,6-12-ch,0.0,3.4e-6,true
tie_three_ua10_energy_economic_highs,r8-energy-b6eed093-ea37-473e-98c3-e2715fc8ab23,validation/evaluation/normal_check/shared/rows/362,6-12-dis,0.0,3.4e-6,true
tie_three_ua10_energy_economic_highs,r8-energy-b6eed093-ea37-473e-98c3-e2715fc8ab23,validation/evaluation/normal_check/shared/rows/363,6-8:10,0.0,3.4e-6,true
tie_three_ua10_energy_economic_highs,r8-energy-b6eed093-ea37-473e-98c3-e2715fc8ab23,validation/evaluation/normal_check/shared/rows/364,6-9,0.0,3.4e-6,true
tie_three_ua10_energy_economic_highs,r8-energy-b6eed093-ea37-473e-98c3-e2715fc8ab23,validation/evaluation/normal_check/shared/rows/365,6-11,0.0,3.4e-6,true
tie_three_ua10_energy_economic_highs,r8-energy-b6eed093-ea37-473e-98c3-e2715fc8ab23,validation/evaluation/normal_check/shared/rows/366,6-12-ch,0.0,3.4e-6,true
tie_three_ua10_energy_economic_highs,r8-energy-b6eed093-ea37-473e-98c3-e2715fc8ab23,validation/evaluation/normal_check/shared/rows/367,6-12-dis,0.0,3.4e-6,true
tie_three_ua10_energy_economic_highs,r8-energy-b6eed093-ea37-473e-98c3-e2715fc8ab23,validation/evaluation/normal_check/shared/rows/368,6-8:10,0.0,3.4e-6,true
tie_three_ua10_energy_economic_highs,r8-energy-b6eed093-ea37-473e-98c3-e2715fc8ab23,validation/evaluation/normal_check/shared/rows/369,6-9,0.0,3.4e-6,true
tie_three_ua10_energy_economic_highs,r8-energy-b6eed093-ea37-473e-98c3-e2715fc8ab23,validation/evaluation/normal_check/shared/rows/370,6-11,0.0,3.4e-6,true
tie_three_ua10_energy_economic_highs,r8-energy-b6eed093-ea37-473e-98c3-e2715fc8ab23,validation/evaluation/normal_check/shared/rows/371,6-12-ch,0.0,3.4e-6,true
tie_three_ua10_energy_economic_highs,r8-energy-b6eed093-ea37-473e-98c3-e2715fc8ab23,validation/evaluation/normal_check/shared/rows/372,6-12-dis,0.0,3.4e-6,true
tie_three_ua10_energy_economic_highs,r8-energy-b6eed093-ea37-473e-98c3-e2715fc8ab23,validation/evaluation/normal_check/shared/rows/373,6-8:10,0.0,3.4e-6,true
tie_three_ua10_energy_economic_highs,r8-energy-b6eed093-ea37-473e-98c3-e2715fc8ab23,validation/evaluation/normal_check/shared/rows/374,6-9,0.0,3.4e-6,true
tie_three_ua10_energy_economic_highs,r8-energy-b6eed093-ea37-473e-98c3-e2715fc8ab23,validation/evaluation/normal_check/shared/rows/375,6-11,0.0,3.4e-6,true
tie_three_ua10_energy_economic_highs,r8-energy-b6eed093-ea37-473e-98c3-e2715fc8ab23,validation/evaluation/normal_check/shared/rows/376,6-12-ch,0.0,3.4e-6,true
tie_three_ua10_energy_economic_highs,r8-energy-b6eed093-ea37-473e-98c3-e2715fc8ab23,validation/evaluation/normal_check/shared/rows/377,6-12-dis,0.0,3.4e-6,true
tie_three_ua10_energy_economic_highs,r8-energy-b6eed093-ea37-473e-98c3-e2715fc8ab23,validation/evaluation/normal_check/shared/rows/378,6-8:10,0.0,3.4e-6,true
tie_three_ua10_energy_economic_highs,r8-energy-b6eed093-ea37-473e-98c3-e2715fc8ab23,validation/evaluation/normal_check/shared/rows/379,6-9,0.0,3.4e-6,true
tie_three_ua10_energy_economic_highs,r8-energy-b6eed093-ea37-473e-98c3-e2715fc8ab23,validation/evaluation/normal_check/shared/rows/380,6-11,0.0,3.4e-6,true
tie_three_ua10_energy_economic_highs,r8-energy-b6eed093-ea37-473e-98c3-e2715fc8ab23,validation/evaluation/normal_check/shared/rows/381,6-12-ch,0.0,3.4e-6,true
tie_three_ua10_energy_economic_highs,r8-energy-b6eed093-ea37-473e-98c3-e2715fc8ab23,validation/evaluation/normal_check/shared/rows/382,6-12-dis,0.0,3.4e-6,true
tie_three_ua10_energy_economic_highs,r8-energy-b6eed093-ea37-473e-98c3-e2715fc8ab23,validation/evaluation/normal_check/shared/rows/383,6-13-zero,0.0,2.0e-6,true
tie_three_ua10_energy_economic_highs,r8-energy-b6eed093-ea37-473e-98c3-e2715fc8ab23,validation/evaluation/normal_check/shared/rows/384,6-13-zero,0.0,2.0e-6,true
tie_three_ua10_energy_economic_highs,r8-energy-b6eed093-ea37-473e-98c3-e2715fc8ab23,validation/evaluation/normal_check/shared/rows/385,6-13-zero,0.0,2.0e-6,true
tie_three_ua10_energy_economic_highs,r8-energy-b6eed093-ea37-473e-98c3-e2715fc8ab23,validation/evaluation/normal_check/shared/rows/386,6-13-zero,0.0,2.0e-6,true
tie_three_ua10_energy_economic_highs,r8-energy-b6eed093-ea37-473e-98c3-e2715fc8ab23,validation/evaluation/normal_check/shared/rows/387,6-13-zero,0.0,2.0e-6,true
tie_three_ua10_energy_economic_highs,r8-energy-b6eed093-ea37-473e-98c3-e2715fc8ab23,validation/evaluation/normal_check/shared/rows/388,6-13-zero,0.0,2.0e-6,true
tie_three_ua10_energy_economic_highs,r8-energy-b6eed093-ea37-473e-98c3-e2715fc8ab23,validation/evaluation/normal_check/shared/rows/389,6-13-zero,0.0,2.0e-6,true
tie_three_ua10_energy_economic_highs,r8-energy-b6eed093-ea37-473e-98c3-e2715fc8ab23,validation/evaluation/normal_check/shared/rows/390,6-13-zero,0.0,2.0e-6,true
tie_three_ua10_energy_economic_highs,r8-energy-b6eed093-ea37-473e-98c3-e2715fc8ab23,validation/evaluation/normal_check/shared/rows/391,6-13-zero,0.0,2.0e-6,true
tie_three_ua10_energy_economic_highs,r8-energy-b6eed093-ea37-473e-98c3-e2715fc8ab23,validation/evaluation/normal_check/shared/rows/392,6-13-zero,0.0,2.0e-6,true
tie_three_ua10_energy_economic_highs,r8-energy-b6eed093-ea37-473e-98c3-e2715fc8ab23,validation/evaluation/normal_check/shared/rows/393,PCC-P,0.0,3.4e-6,true
tie_three_ua10_energy_economic_highs,r8-energy-b6eed093-ea37-473e-98c3-e2715fc8ab23,validation/evaluation/normal_check/shared/rows/394,PCC-Q,0.0,3.4e-6,true
tie_three_ua10_energy_economic_highs,r8-energy-b6eed093-ea37-473e-98c3-e2715fc8ab23,validation/evaluation/normal_check/shared/rows/395,6-22,0.0,1.0e-6,true
tie_three_ua10_energy_economic_highs,r8-energy-b6eed093-ea37-473e-98c3-e2715fc8ab23,validation/evaluation/normal_check/shared/rows/396,root-voltage,0.0,1.0e-6,true
tie_three_ua10_energy_economic_highs,r8-energy-b6eed093-ea37-473e-98c3-e2715fc8ab23,validation/evaluation/normal_check/shared/rows/397,6-18:19,1.1102230246251565e-16,3.4e-6,true
tie_three_ua10_energy_economic_highs,r8-energy-b6eed093-ea37-473e-98c3-e2715fc8ab23,validation/evaluation/normal_check/shared/rows/398,6-20,0.0,3.4e-6,true
tie_three_ua10_energy_economic_highs,r8-energy-b6eed093-ea37-473e-98c3-e2715fc8ab23,validation/evaluation/normal_check/shared/rows/399,6-22,0.0,1.0e-6,true
tie_three_ua10_energy_economic_highs,r8-energy-b6eed093-ea37-473e-98c3-e2715fc8ab23,validation/evaluation/normal_check/shared/rows/400,6-18:19,0.0,3.4e-6,true
tie_three_ua10_energy_economic_highs,r8-energy-b6eed093-ea37-473e-98c3-e2715fc8ab23,validation/evaluation/normal_check/shared/rows/401,6-20,0.0,3.4e-6,true
tie_three_ua10_energy_economic_highs,r8-energy-b6eed093-ea37-473e-98c3-e2715fc8ab23,validation/evaluation/normal_check/shared/rows/402,6-22,0.0,1.0e-6,true
tie_three_ua10_energy_economic_highs,r8-energy-b6eed093-ea37-473e-98c3-e2715fc8ab23,validation/evaluation/normal_check/shared/rows/403,6-18:19,1.1102230246251565e-16,3.4e-6,true
tie_three_ua10_energy_economic_highs,r8-energy-b6eed093-ea37-473e-98c3-e2715fc8ab23,validation/evaluation/normal_check/shared/rows/404,6-20,0.0,3.4e-6,true
tie_three_ua10_energy_economic_highs,r8-energy-b6eed093-ea37-473e-98c3-e2715fc8ab23,validation/evaluation/normal_check/shared/rows/405,6-24:25,0.0,3.4e-6,true
tie_three_ua10_energy_economic_highs,r8-energy-b6eed093-ea37-473e-98c3-e2715fc8ab23,validation/evaluation/normal_check/shared/rows/406,6-24:25,0.0,3.4e-6,true
tie_three_ua10_energy_economic_highs,r8-energy-b6eed093-ea37-473e-98c3-e2715fc8ab23,validation/evaluation/normal_check/shared/rows/407,R7-D-voltage,6.938893903907228e-18,1.0e-6,true
tie_three_ua10_energy_economic_highs,r8-energy-b6eed093-ea37-473e-98c3-e2715fc8ab23,validation/evaluation/normal_check/shared/rows/408,6-24:25,0.0,3.4e-6,true
tie_three_ua10_energy_economic_highs,r8-energy-b6eed093-ea37-473e-98c3-e2715fc8ab23,validation/evaluation/normal_check/shared/rows/409,6-24:25,0.0,3.4e-6,true
tie_three_ua10_energy_economic_highs,r8-energy-b6eed093-ea37-473e-98c3-e2715fc8ab23,validation/evaluation/normal_check/shared/rows/410,R7-D-voltage,4.336808689942018e-18,1.0e-6,true
tie_three_ua10_energy_economic_highs,r8-energy-b6eed093-ea37-473e-98c3-e2715fc8ab23,validation/evaluation/normal_check/shared/rows/411,6-24:25,0.0,3.4e-6,true
tie_three_ua10_energy_economic_highs,r8-energy-b6eed093-ea37-473e-98c3-e2715fc8ab23,validation/evaluation/normal_check/shared/rows/412,6-24:25,0.0,3.4e-6,true
tie_three_ua10_energy_economic_highs,r8-energy-b6eed093-ea37-473e-98c3-e2715fc8ab23,validation/evaluation/normal_check/shared/rows/413,PCC-P,0.0,3.4e-6,true
tie_three_ua10_energy_economic_highs,r8-energy-b6eed093-ea37-473e-98c3-e2715fc8ab23,validation/evaluation/normal_check/shared/rows/414,PCC-Q,0.0,3.4e-6,true
tie_three_ua10_energy_economic_highs,r8-energy-b6eed093-ea37-473e-98c3-e2715fc8ab23,validation/evaluation/normal_check/shared/rows/415,6-22,0.0,1.0e-6,true
tie_three_ua10_energy_economic_highs,r8-energy-b6eed093-ea37-473e-98c3-e2715fc8ab23,validation/evaluation/normal_check/shared/rows/416,root-voltage,0.0,1.0e-6,true
tie_three_ua10_energy_economic_highs,r8-energy-b6eed093-ea37-473e-98c3-e2715fc8ab23,validation/evaluation/normal_check/shared/rows/417,6-18:19,1.1102230246251565e-16,3.4e-6,true
tie_three_ua10_energy_economic_highs,r8-energy-b6eed093-ea37-473e-98c3-e2715fc8ab23,validation/evaluation/normal_check/shared/rows/418,6-20,0.0,3.4e-6,true
tie_three_ua10_energy_economic_highs,r8-energy-b6eed093-ea37-473e-98c3-e2715fc8ab23,validation/evaluation/normal_check/shared/rows/419,6-22,0.0,1.0e-6,true
tie_three_ua10_energy_economic_highs,r8-energy-b6eed093-ea37-473e-98c3-e2715fc8ab23,validation/evaluation/normal_check/shared/rows/420,6-18:19,0.0,3.4e-6,true
tie_three_ua10_energy_economic_highs,r8-energy-b6eed093-ea37-473e-98c3-e2715fc8ab23,validation/evaluation/normal_check/shared/rows/421,6-20,0.0,3.4e-6,true
tie_three_ua10_energy_economic_highs,r8-energy-b6eed093-ea37-473e-98c3-e2715fc8ab23,validation/evaluation/normal_check/shared/rows/422,6-22,0.0,1.0e-6,true
tie_three_ua10_energy_economic_highs,r8-energy-b6eed093-ea37-473e-98c3-e2715fc8ab23,validation/evaluation/normal_check/shared/rows/423,6-18:19,1.1102230246251565e-16,3.4e-6,true
tie_three_ua10_energy_economic_highs,r8-energy-b6eed093-ea37-473e-98c3-e2715fc8ab23,validation/evaluation/normal_check/shared/rows/424,6-20,0.0,3.4e-6,true
tie_three_ua10_energy_economic_highs,r8-energy-b6eed093-ea37-473e-98c3-e2715fc8ab23,validation/evaluation/normal_check/shared/rows/425,6-24:25,0.0,3.4e-6,true
tie_three_ua10_energy_economic_highs,r8-energy-b6eed093-ea37-473e-98c3-e2715fc8ab23,validation/evaluation/normal_check/shared/rows/426,6-24:25,0.0,3.4e-6,true
tie_three_ua10_energy_economic_highs,r8-energy-b6eed093-ea37-473e-98c3-e2715fc8ab23,validation/evaluation/normal_check/shared/rows/427,R7-D-voltage,6.938893903907228e-18,1.0e-6,true
tie_three_ua10_energy_economic_highs,r8-energy-b6eed093-ea37-473e-98c3-e2715fc8ab23,validation/evaluation/normal_check/shared/rows/428,6-24:25,0.0,3.4e-6,true
tie_three_ua10_energy_economic_highs,r8-energy-b6eed093-ea37-473e-98c3-e2715fc8ab23,validation/evaluation/normal_check/shared/rows/429,6-24:25,0.0,3.4e-6,true
tie_three_ua10_energy_economic_highs,r8-energy-b6eed093-ea37-473e-98c3-e2715fc8ab23,validation/evaluation/normal_check/shared/rows/430,R7-D-voltage,4.336808689942018e-18,1.0e-6,true
tie_three_ua10_energy_economic_highs,r8-energy-b6eed093-ea37-473e-98c3-e2715fc8ab23,validation/evaluation/normal_check/shared/rows/431,6-24:25,0.0,3.4e-6,true
tie_three_ua10_energy_economic_highs,r8-energy-b6eed093-ea37-473e-98c3-e2715fc8ab23,validation/evaluation/normal_check/shared/rows/432,6-24:25,0.0,3.4e-6,true
tie_three_ua10_energy_economic_highs,r8-energy-b6eed093-ea37-473e-98c3-e2715fc8ab23,validation/evaluation/normal_check/shared/rows/433,PCC-P,0.0,3.4e-6,true
tie_three_ua10_energy_economic_highs,r8-energy-b6eed093-ea37-473e-98c3-e2715fc8ab23,validation/evaluation/normal_check/shared/rows/434,PCC-Q,0.0,3.4e-6,true
tie_three_ua10_energy_economic_highs,r8-energy-b6eed093-ea37-473e-98c3-e2715fc8ab23,validation/evaluation/normal_check/shared/rows/435,6-22,0.0,1.0e-6,true
tie_three_ua10_energy_economic_highs,r8-energy-b6eed093-ea37-473e-98c3-e2715fc8ab23,validation/evaluation/normal_check/shared/rows/436,root-voltage,0.0,1.0e-6,true
tie_three_ua10_energy_economic_highs,r8-energy-b6eed093-ea37-473e-98c3-e2715fc8ab23,validation/evaluation/normal_check/shared/rows/437,6-18:19,1.1102230246251565e-16,3.4e-6,true
tie_three_ua10_energy_economic_highs,r8-energy-b6eed093-ea37-473e-98c3-e2715fc8ab23,validation/evaluation/normal_check/shared/rows/438,6-20,0.0,3.4e-6,true
tie_three_ua10_energy_economic_highs,r8-energy-b6eed093-ea37-473e-98c3-e2715fc8ab23,validation/evaluation/normal_check/shared/rows/439,6-22,0.0,1.0e-6,true
tie_three_ua10_energy_economic_highs,r8-energy-b6eed093-ea37-473e-98c3-e2715fc8ab23,validation/evaluation/normal_check/shared/rows/440,6-18:19,0.0,3.4e-6,true
tie_three_ua10_energy_economic_highs,r8-energy-b6eed093-ea37-473e-98c3-e2715fc8ab23,validation/evaluation/normal_check/shared/rows/441,6-20,0.0,3.4e-6,true
tie_three_ua10_energy_economic_highs,r8-energy-b6eed093-ea37-473e-98c3-e2715fc8ab23,validation/evaluation/normal_check/shared/rows/442,6-22,0.0,1.0e-6,true
tie_three_ua10_energy_economic_highs,r8-energy-b6eed093-ea37-473e-98c3-e2715fc8ab23,validation/evaluation/normal_check/shared/rows/443,6-18:19,1.1102230246251565e-16,3.4e-6,true
tie_three_ua10_energy_economic_highs,r8-energy-b6eed093-ea37-473e-98c3-e2715fc8ab23,validation/evaluation/normal_check/shared/rows/444,6-20,0.0,3.4e-6,true
tie_three_ua10_energy_economic_highs,r8-energy-b6eed093-ea37-473e-98c3-e2715fc8ab23,validation/evaluation/normal_check/shared/rows/445,6-24:25,0.0,3.4e-6,true
tie_three_ua10_energy_economic_highs,r8-energy-b6eed093-ea37-473e-98c3-e2715fc8ab23,validation/evaluation/normal_check/shared/rows/446,6-24:25,0.0,3.4e-6,true
tie_three_ua10_energy_economic_highs,r8-energy-b6eed093-ea37-473e-98c3-e2715fc8ab23,validation/evaluation/normal_check/shared/rows/447,R7-D-voltage,6.938893903907228e-18,1.0e-6,true
tie_three_ua10_energy_economic_highs,r8-energy-b6eed093-ea37-473e-98c3-e2715fc8ab23,validation/evaluation/normal_check/shared/rows/448,6-24:25,0.0,3.4e-6,true
tie_three_ua10_energy_economic_highs,r8-energy-b6eed093-ea37-473e-98c3-e2715fc8ab23,validation/evaluation/normal_check/shared/rows/449,6-24:25,0.0,3.4e-6,true
tie_three_ua10_energy_economic_highs,r8-energy-b6eed093-ea37-473e-98c3-e2715fc8ab23,validation/evaluation/normal_check/shared/rows/450,R7-D-voltage,4.336808689942018e-18,1.0e-6,true
tie_three_ua10_energy_economic_highs,r8-energy-b6eed093-ea37-473e-98c3-e2715fc8ab23,validation/evaluation/normal_check/shared/rows/451,6-24:25,0.0,3.4e-6,true
tie_three_ua10_energy_economic_highs,r8-energy-b6eed093-ea37-473e-98c3-e2715fc8ab23,validation/evaluation/normal_check/shared/rows/452,6-24:25,0.0,3.4e-6,true
tie_three_ua10_energy_economic_highs,r8-energy-b6eed093-ea37-473e-98c3-e2715fc8ab23,validation/evaluation/normal_check/shared/rows/453,PCC-P,0.0,3.4e-6,true
tie_three_ua10_energy_economic_highs,r8-energy-b6eed093-ea37-473e-98c3-e2715fc8ab23,validation/evaluation/normal_check/shared/rows/454,PCC-Q,0.0,3.4e-6,true
tie_three_ua10_energy_economic_highs,r8-energy-b6eed093-ea37-473e-98c3-e2715fc8ab23,validation/evaluation/normal_check/shared/rows/455,6-22,0.0,1.0e-6,true
tie_three_ua10_energy_economic_highs,r8-energy-b6eed093-ea37-473e-98c3-e2715fc8ab23,validation/evaluation/normal_check/shared/rows/456,root-voltage,0.0,1.0e-6,true
tie_three_ua10_energy_economic_highs,r8-energy-b6eed093-ea37-473e-98c3-e2715fc8ab23,validation/evaluation/normal_check/shared/rows/457,6-18:19,1.1102230246251565e-16,3.4e-6,true
tie_three_ua10_energy_economic_highs,r8-energy-b6eed093-ea37-473e-98c3-e2715fc8ab23,validation/evaluation/normal_check/shared/rows/458,6-20,0.0,3.4e-6,true
tie_three_ua10_energy_economic_highs,r8-energy-b6eed093-ea37-473e-98c3-e2715fc8ab23,validation/evaluation/normal_check/shared/rows/459,6-22,0.0,1.0e-6,true
tie_three_ua10_energy_economic_highs,r8-energy-b6eed093-ea37-473e-98c3-e2715fc8ab23,validation/evaluation/normal_check/shared/rows/460,6-18:19,0.0,3.4e-6,true
tie_three_ua10_energy_economic_highs,r8-energy-b6eed093-ea37-473e-98c3-e2715fc8ab23,validation/evaluation/normal_check/shared/rows/461,6-20,0.0,3.4e-6,true
tie_three_ua10_energy_economic_highs,r8-energy-b6eed093-ea37-473e-98c3-e2715fc8ab23,validation/evaluation/normal_check/shared/rows/462,6-22,0.0,1.0e-6,true
tie_three_ua10_energy_economic_highs,r8-energy-b6eed093-ea37-473e-98c3-e2715fc8ab23,validation/evaluation/normal_check/shared/rows/463,6-18:19,1.1102230246251565e-16,3.4e-6,true
tie_three_ua10_energy_economic_highs,r8-energy-b6eed093-ea37-473e-98c3-e2715fc8ab23,validation/evaluation/normal_check/shared/rows/464,6-20,0.0,3.4e-6,true
tie_three_ua10_energy_economic_highs,r8-energy-b6eed093-ea37-473e-98c3-e2715fc8ab23,validation/evaluation/normal_check/shared/rows/465,6-24:25,0.0,3.4e-6,true
tie_three_ua10_energy_economic_highs,r8-energy-b6eed093-ea37-473e-98c3-e2715fc8ab23,validation/evaluation/normal_check/shared/rows/466,6-24:25,0.0,3.4e-6,true
tie_three_ua10_energy_economic_highs,r8-energy-b6eed093-ea37-473e-98c3-e2715fc8ab23,validation/evaluation/normal_check/shared/rows/467,R7-D-voltage,5.204170427930421e-18,1.0e-6,true
tie_three_ua10_energy_economic_highs,r8-energy-b6eed093-ea37-473e-98c3-e2715fc8ab23,validation/evaluation/normal_check/shared/rows/468,6-24:25,0.0,3.4e-6,true
tie_three_ua10_energy_economic_highs,r8-energy-b6eed093-ea37-473e-98c3-e2715fc8ab23,validation/evaluation/normal_check/shared/rows/469,6-24:25,0.0,3.4e-6,true
tie_three_ua10_energy_economic_highs,r8-energy-b6eed093-ea37-473e-98c3-e2715fc8ab23,validation/evaluation/normal_check/shared/rows/470,R7-D-voltage,1.734723475976807e-18,1.0e-6,true
tie_three_ua10_energy_economic_highs,r8-energy-b6eed093-ea37-473e-98c3-e2715fc8ab23,validation/evaluation/normal_check/shared/rows/471,6-24:25,0.0,3.4e-6,true
tie_three_ua10_energy_economic_highs,r8-energy-b6eed093-ea37-473e-98c3-e2715fc8ab23,validation/evaluation/normal_check/shared/rows/472,6-24:25,0.0,3.4e-6,true
tie_three_ua10_energy_economic_highs,r8-energy-b6eed093-ea37-473e-98c3-e2715fc8ab23,validation/evaluation/normal_check/shared/rows/473,PCC-P,0.0,3.4e-6,true
tie_three_ua10_energy_economic_highs,r8-energy-b6eed093-ea37-473e-98c3-e2715fc8ab23,validation/evaluation/normal_check/shared/rows/474,PCC-Q,0.0,3.4e-6,true
tie_three_ua10_energy_economic_highs,r8-energy-b6eed093-ea37-473e-98c3-e2715fc8ab23,validation/evaluation/normal_check/shared/rows/475,6-22,0.0,1.0e-6,true
tie_three_ua10_energy_economic_highs,r8-energy-b6eed093-ea37-473e-98c3-e2715fc8ab23,validation/evaluation/normal_check/shared/rows/476,root-voltage,0.0,1.0e-6,true
tie_three_ua10_energy_economic_highs,r8-energy-b6eed093-ea37-473e-98c3-e2715fc8ab23,validation/evaluation/normal_check/shared/rows/477,6-18:19,1.1102230246251565e-16,3.4e-6,true
tie_three_ua10_energy_economic_highs,r8-energy-b6eed093-ea37-473e-98c3-e2715fc8ab23,validation/evaluation/normal_check/shared/rows/478,6-20,0.0,3.4e-6,true
tie_three_ua10_energy_economic_highs,r8-energy-b6eed093-ea37-473e-98c3-e2715fc8ab23,validation/evaluation/normal_check/shared/rows/479,6-22,0.0,1.0e-6,true
tie_three_ua10_energy_economic_highs,r8-energy-b6eed093-ea37-473e-98c3-e2715fc8ab23,validation/evaluation/normal_check/shared/rows/480,6-18:19,0.0,3.4e-6,true
tie_three_ua10_energy_economic_highs,r8-energy-b6eed093-ea37-473e-98c3-e2715fc8ab23,validation/evaluation/normal_check/shared/rows/481,6-20,0.0,3.4e-6,true
tie_three_ua10_energy_economic_highs,r8-energy-b6eed093-ea37-473e-98c3-e2715fc8ab23,validation/evaluation/normal_check/shared/rows/482,6-22,0.0,1.0e-6,true
tie_three_ua10_energy_economic_highs,r8-energy-b6eed093-ea37-473e-98c3-e2715fc8ab23,validation/evaluation/normal_check/shared/rows/483,6-18:19,1.1102230246251565e-16,3.4e-6,true
tie_three_ua10_energy_economic_highs,r8-energy-b6eed093-ea37-473e-98c3-e2715fc8ab23,validation/evaluation/normal_check/shared/rows/484,6-20,0.0,3.4e-6,true
tie_three_ua10_energy_economic_highs,r8-energy-b6eed093-ea37-473e-98c3-e2715fc8ab23,validation/evaluation/normal_check/shared/rows/485,6-24:25,0.0,3.4e-6,true
tie_three_ua10_energy_economic_highs,r8-energy-b6eed093-ea37-473e-98c3-e2715fc8ab23,validation/evaluation/normal_check/shared/rows/486,6-24:25,0.0,3.4e-6,true
tie_three_ua10_energy_economic_highs,r8-energy-b6eed093-ea37-473e-98c3-e2715fc8ab23,validation/evaluation/normal_check/shared/rows/487,R7-D-voltage,6.938893903907228e-18,1.0e-6,true
tie_three_ua10_energy_economic_highs,r8-energy-b6eed093-ea37-473e-98c3-e2715fc8ab23,validation/evaluation/normal_check/shared/rows/488,6-24:25,0.0,3.4e-6,true
tie_three_ua10_energy_economic_highs,r8-energy-b6eed093-ea37-473e-98c3-e2715fc8ab23,validation/evaluation/normal_check/shared/rows/489,6-24:25,0.0,3.4e-6,true
tie_three_ua10_energy_economic_highs,r8-energy-b6eed093-ea37-473e-98c3-e2715fc8ab23,validation/evaluation/normal_check/shared/rows/490,R7-D-voltage,4.336808689942018e-18,1.0e-6,true
tie_three_ua10_energy_economic_highs,r8-energy-b6eed093-ea37-473e-98c3-e2715fc8ab23,validation/evaluation/normal_check/shared/rows/491,6-24:25,0.0,3.4e-6,true
tie_three_ua10_energy_economic_highs,r8-energy-b6eed093-ea37-473e-98c3-e2715fc8ab23,validation/evaluation/normal_check/shared/rows/492,6-24:25,0.0,3.4e-6,true
tie_three_ua10_energy_economic_highs,r8-energy-b6eed093-ea37-473e-98c3-e2715fc8ab23,validation/evaluation/normal_check/shared/rows/493,PCC-P,0.0,3.4e-6,true
tie_three_ua10_energy_economic_highs,r8-energy-b6eed093-ea37-473e-98c3-e2715fc8ab23,validation/evaluation/normal_check/shared/rows/494,PCC-Q,0.0,3.4e-6,true
tie_three_ua10_energy_economic_highs,r8-energy-b6eed093-ea37-473e-98c3-e2715fc8ab23,validation/evaluation/normal_check/shared/rows/495,6-22,0.0,1.0e-6,true
tie_three_ua10_energy_economic_highs,r8-energy-b6eed093-ea37-473e-98c3-e2715fc8ab23,validation/evaluation/normal_check/shared/rows/496,root-voltage,0.0,1.0e-6,true
tie_three_ua10_energy_economic_highs,r8-energy-b6eed093-ea37-473e-98c3-e2715fc8ab23,validation/evaluation/normal_check/shared/rows/497,6-18:19,1.1102230246251565e-16,3.4e-6,true
tie_three_ua10_energy_economic_highs,r8-energy-b6eed093-ea37-473e-98c3-e2715fc8ab23,validation/evaluation/normal_check/shared/rows/498,6-20,0.0,3.4e-6,true
tie_three_ua10_energy_economic_highs,r8-energy-b6eed093-ea37-473e-98c3-e2715fc8ab23,validation/evaluation/normal_check/shared/rows/499,6-22,0.0,1.0e-6,true
tie_three_ua10_energy_economic_highs,r8-energy-b6eed093-ea37-473e-98c3-e2715fc8ab23,validation/evaluation/normal_check/shared/rows/500,6-18:19,0.0,3.4e-6,true
tie_three_ua10_energy_economic_highs,r8-energy-b6eed093-ea37-473e-98c3-e2715fc8ab23,validation/evaluation/normal_check/shared/rows/501,6-20,0.0,3.4e-6,true
tie_three_ua10_energy_economic_highs,r8-energy-b6eed093-ea37-473e-98c3-e2715fc8ab23,validation/evaluation/normal_check/shared/rows/502,6-22,0.0,1.0e-6,true
tie_three_ua10_energy_economic_highs,r8-energy-b6eed093-ea37-473e-98c3-e2715fc8ab23,validation/evaluation/normal_check/shared/rows/503,6-18:19,1.1102230246251565e-16,3.4e-6,true
tie_three_ua10_energy_economic_highs,r8-energy-b6eed093-ea37-473e-98c3-e2715fc8ab23,validation/evaluation/normal_check/shared/rows/504,6-20,0.0,3.4e-6,true
tie_three_ua10_energy_economic_highs,r8-energy-b6eed093-ea37-473e-98c3-e2715fc8ab23,validation/evaluation/normal_check/shared/rows/505,6-24:25,0.0,3.4e-6,true
tie_three_ua10_energy_economic_highs,r8-energy-b6eed093-ea37-473e-98c3-e2715fc8ab23,validation/evaluation/normal_check/shared/rows/506,6-24:25,0.0,3.4e-6,true
tie_three_ua10_energy_economic_highs,r8-energy-b6eed093-ea37-473e-98c3-e2715fc8ab23,validation/evaluation/normal_check/shared/rows/507,R7-D-voltage,6.938893903907228e-18,1.0e-6,true
tie_three_ua10_energy_economic_highs,r8-energy-b6eed093-ea37-473e-98c3-e2715fc8ab23,validation/evaluation/normal_check/shared/rows/508,6-24:25,0.0,3.4e-6,true
tie_three_ua10_energy_economic_highs,r8-energy-b6eed093-ea37-473e-98c3-e2715fc8ab23,validation/evaluation/normal_check/shared/rows/509,6-24:25,0.0,3.4e-6,true
tie_three_ua10_energy_economic_highs,r8-energy-b6eed093-ea37-473e-98c3-e2715fc8ab23,validation/evaluation/normal_check/shared/rows/510,R7-D-voltage,4.336808689942018e-18,1.0e-6,true
tie_three_ua10_energy_economic_highs,r8-energy-b6eed093-ea37-473e-98c3-e2715fc8ab23,validation/evaluation/normal_check/shared/rows/511,6-24:25,0.0,3.4e-6,true
tie_three_ua10_energy_economic_highs,r8-energy-b6eed093-ea37-473e-98c3-e2715fc8ab23,validation/evaluation/normal_check/shared/rows/512,6-24:25,0.0,3.4e-6,true
tie_three_ua10_energy_economic_highs,r8-energy-b6eed093-ea37-473e-98c3-e2715fc8ab23,validation/evaluation/normal_check/shared/rows/513,PCC-P,0.0,3.4e-6,true
tie_three_ua10_energy_economic_highs,r8-energy-b6eed093-ea37-473e-98c3-e2715fc8ab23,validation/evaluation/normal_check/shared/rows/514,PCC-Q,0.0,3.4e-6,true
tie_three_ua10_energy_economic_highs,r8-energy-b6eed093-ea37-473e-98c3-e2715fc8ab23,validation/evaluation/normal_check/shared/rows/515,6-22,0.0,1.0e-6,true
tie_three_ua10_energy_economic_highs,r8-energy-b6eed093-ea37-473e-98c3-e2715fc8ab23,validation/evaluation/normal_check/shared/rows/516,root-voltage,0.0,1.0e-6,true
tie_three_ua10_energy_economic_highs,r8-energy-b6eed093-ea37-473e-98c3-e2715fc8ab23,validation/evaluation/normal_check/shared/rows/517,6-18:19,1.1102230246251565e-16,3.4e-6,true
tie_three_ua10_energy_economic_highs,r8-energy-b6eed093-ea37-473e-98c3-e2715fc8ab23,validation/evaluation/normal_check/shared/rows/518,6-20,0.0,3.4e-6,true
tie_three_ua10_energy_economic_highs,r8-energy-b6eed093-ea37-473e-98c3-e2715fc8ab23,validation/evaluation/normal_check/shared/rows/519,6-22,0.0,1.0e-6,true
tie_three_ua10_energy_economic_highs,r8-energy-b6eed093-ea37-473e-98c3-e2715fc8ab23,validation/evaluation/normal_check/shared/rows/520,6-18:19,0.0,3.4e-6,true
tie_three_ua10_energy_economic_highs,r8-energy-b6eed093-ea37-473e-98c3-e2715fc8ab23,validation/evaluation/normal_check/shared/rows/521,6-20,0.0,3.4e-6,true
tie_three_ua10_energy_economic_highs,r8-energy-b6eed093-ea37-473e-98c3-e2715fc8ab23,validation/evaluation/normal_check/shared/rows/522,6-22,0.0,1.0e-6,true
tie_three_ua10_energy_economic_highs,r8-energy-b6eed093-ea37-473e-98c3-e2715fc8ab23,validation/evaluation/normal_check/shared/rows/523,6-18:19,1.1102230246251565e-16,3.4e-6,true
tie_three_ua10_energy_economic_highs,r8-energy-b6eed093-ea37-473e-98c3-e2715fc8ab23,validation/evaluation/normal_check/shared/rows/524,6-20,0.0,3.4e-6,true
tie_three_ua10_energy_economic_highs,r8-energy-b6eed093-ea37-473e-98c3-e2715fc8ab23,validation/evaluation/normal_check/shared/rows/525,6-24:25,0.0,3.4e-6,true
tie_three_ua10_energy_economic_highs,r8-energy-b6eed093-ea37-473e-98c3-e2715fc8ab23,validation/evaluation/normal_check/shared/rows/526,6-24:25,0.0,3.4e-6,true
tie_three_ua10_energy_economic_highs,r8-energy-b6eed093-ea37-473e-98c3-e2715fc8ab23,validation/evaluation/normal_check/shared/rows/527,R7-D-voltage,6.938893903907228e-18,1.0e-6,true
tie_three_ua10_energy_economic_highs,r8-energy-b6eed093-ea37-473e-98c3-e2715fc8ab23,validation/evaluation/normal_check/shared/rows/528,6-24:25,0.0,3.4e-6,true
tie_three_ua10_energy_economic_highs,r8-energy-b6eed093-ea37-473e-98c3-e2715fc8ab23,validation/evaluation/normal_check/shared/rows/529,6-24:25,0.0,3.4e-6,true
tie_three_ua10_energy_economic_highs,r8-energy-b6eed093-ea37-473e-98c3-e2715fc8ab23,validation/evaluation/normal_check/shared/rows/530,R7-D-voltage,4.336808689942018e-18,1.0e-6,true
tie_three_ua10_energy_economic_highs,r8-energy-b6eed093-ea37-473e-98c3-e2715fc8ab23,validation/evaluation/normal_check/shared/rows/531,6-24:25,0.0,3.4e-6,true
tie_three_ua10_energy_economic_highs,r8-energy-b6eed093-ea37-473e-98c3-e2715fc8ab23,validation/evaluation/normal_check/shared/rows/532,6-24:25,0.0,3.4e-6,true
tie_three_ua10_energy_economic_highs,r8-energy-b6eed093-ea37-473e-98c3-e2715fc8ab23,validation/evaluation/normal_check/shared/rows/533,PCC-P,0.0,3.4e-6,true
tie_three_ua10_energy_economic_highs,r8-energy-b6eed093-ea37-473e-98c3-e2715fc8ab23,validation/evaluation/normal_check/shared/rows/534,PCC-Q,0.0,3.4e-6,true
tie_three_ua10_energy_economic_highs,r8-energy-b6eed093-ea37-473e-98c3-e2715fc8ab23,validation/evaluation/normal_check/shared/rows/535,6-22,0.0,1.0e-6,true
tie_three_ua10_energy_economic_highs,r8-energy-b6eed093-ea37-473e-98c3-e2715fc8ab23,validation/evaluation/normal_check/shared/rows/536,root-voltage,0.0,1.0e-6,true
tie_three_ua10_energy_economic_highs,r8-energy-b6eed093-ea37-473e-98c3-e2715fc8ab23,validation/evaluation/normal_check/shared/rows/537,6-18:19,1.1102230246251565e-16,3.4e-6,true
tie_three_ua10_energy_economic_highs,r8-energy-b6eed093-ea37-473e-98c3-e2715fc8ab23,validation/evaluation/normal_check/shared/rows/538,6-20,0.0,3.4e-6,true
tie_three_ua10_energy_economic_highs,r8-energy-b6eed093-ea37-473e-98c3-e2715fc8ab23,validation/evaluation/normal_check/shared/rows/539,6-22,0.0,1.0e-6,true
tie_three_ua10_energy_economic_highs,r8-energy-b6eed093-ea37-473e-98c3-e2715fc8ab23,validation/evaluation/normal_check/shared/rows/540,6-18:19,0.0,3.4e-6,true
tie_three_ua10_energy_economic_highs,r8-energy-b6eed093-ea37-473e-98c3-e2715fc8ab23,validation/evaluation/normal_check/shared/rows/541,6-20,0.0,3.4e-6,true
tie_three_ua10_energy_economic_highs,r8-energy-b6eed093-ea37-473e-98c3-e2715fc8ab23,validation/evaluation/normal_check/shared/rows/542,6-22,0.0,1.0e-6,true
tie_three_ua10_energy_economic_highs,r8-energy-b6eed093-ea37-473e-98c3-e2715fc8ab23,validation/evaluation/normal_check/shared/rows/543,6-18:19,1.1102230246251565e-16,3.4e-6,true
tie_three_ua10_energy_economic_highs,r8-energy-b6eed093-ea37-473e-98c3-e2715fc8ab23,validation/evaluation/normal_check/shared/rows/544,6-20,0.0,3.4e-6,true
tie_three_ua10_energy_economic_highs,r8-energy-b6eed093-ea37-473e-98c3-e2715fc8ab23,validation/evaluation/normal_check/shared/rows/545,6-24:25,0.0,3.4e-6,true
tie_three_ua10_energy_economic_highs,r8-energy-b6eed093-ea37-473e-98c3-e2715fc8ab23,validation/evaluation/normal_check/shared/rows/546,6-24:25,0.0,3.4e-6,true
tie_three_ua10_energy_economic_highs,r8-energy-b6eed093-ea37-473e-98c3-e2715fc8ab23,validation/evaluation/normal_check/shared/rows/547,R7-D-voltage,6.938893903907228e-18,1.0e-6,true
tie_three_ua10_energy_economic_highs,r8-energy-b6eed093-ea37-473e-98c3-e2715fc8ab23,validation/evaluation/normal_check/shared/rows/548,6-24:25,0.0,3.4e-6,true
tie_three_ua10_energy_economic_highs,r8-energy-b6eed093-ea37-473e-98c3-e2715fc8ab23,validation/evaluation/normal_check/shared/rows/549,6-24:25,0.0,3.4e-6,true
tie_three_ua10_energy_economic_highs,r8-energy-b6eed093-ea37-473e-98c3-e2715fc8ab23,validation/evaluation/normal_check/shared/rows/550,R7-D-voltage,4.336808689942018e-18,1.0e-6,true
tie_three_ua10_energy_economic_highs,r8-energy-b6eed093-ea37-473e-98c3-e2715fc8ab23,validation/evaluation/normal_check/shared/rows/551,6-24:25,0.0,3.4e-6,true
tie_three_ua10_energy_economic_highs,r8-energy-b6eed093-ea37-473e-98c3-e2715fc8ab23,validation/evaluation/normal_check/shared/rows/552,6-24:25,0.0,3.4e-6,true
tie_three_ua10_energy_economic_highs,r8-energy-b6eed093-ea37-473e-98c3-e2715fc8ab23,validation/evaluation/normal_check/shared/rows/553,6-1,2.842170943040401e-14,0.00019174735238095239,true
tie_three_ua10_energy_economic_highs,r8-energy-b6eed093-ea37-473e-98c3-e2715fc8ab23,validation/evaluation/rows/1,R8-E3-fixed,0.0,1.0e-6,true
tie_three_ua10_energy_economic_highs,r8-energy-b6eed093-ea37-473e-98c3-e2715fc8ab23,validation/evaluation/rows/2,R8-E3-fixed,0.0,1.0e-6,true
tie_three_ua10_energy_economic_highs,r8-energy-b6eed093-ea37-473e-98c3-e2715fc8ab23,validation/evaluation/rows/3,R8-E3-fixed,0.0,1.0e-6,true
tie_three_ua10_energy_economic_highs,r8-energy-b6eed093-ea37-473e-98c3-e2715fc8ab23,validation/evaluation/rows/4,R8-E3-fixed,0.0,1.0e-6,true
tie_three_ua10_energy_economic_highs,r8-energy-b6eed093-ea37-473e-98c3-e2715fc8ab23,validation/evaluation/rows/5,R8-E3-fixed,0.0,1.0e-6,true
tie_three_ua10_energy_economic_highs,r8-energy-b6eed093-ea37-473e-98c3-e2715fc8ab23,validation/evaluation/rows/6,R8-E3-fixed,0.0,1.0e-6,true
tie_three_ua10_energy_economic_highs,r8-energy-b6eed093-ea37-473e-98c3-e2715fc8ab23,validation/evaluation/rows/7,R8-E3-fixed,0.0,1.0e-6,true
tie_three_ua10_energy_economic_highs,r8-energy-b6eed093-ea37-473e-98c3-e2715fc8ab23,validation/evaluation/rows/8,R8-E3-fixed,0.0,1.0e-6,true
tie_three_ua10_energy_economic_highs,r8-energy-b6eed093-ea37-473e-98c3-e2715fc8ab23,validation/evaluation/rows/9,R8-E3-fixed,0.0,1.0e-6,true
tie_three_ua10_energy_economic_highs,r8-energy-b6eed093-ea37-473e-98c3-e2715fc8ab23,validation/evaluation/rows/10,R8-E3-fixed,0.0,1.0e-6,true
tie_three_ua10_energy_economic_highs,r8-energy-b6eed093-ea37-473e-98c3-e2715fc8ab23,validation/evaluation/rows/11,R8-E3-fixed,0.0,1.0e-6,true
tie_three_ua10_energy_economic_highs,r8-energy-b6eed093-ea37-473e-98c3-e2715fc8ab23,validation/evaluation/rows/12,R8-E3-fixed,0.0,1.0e-6,true
tie_three_ua10_energy_economic_highs,r8-energy-b6eed093-ea37-473e-98c3-e2715fc8ab23,validation/evaluation/rows/13,R8-E3-fixed,0.0,1.0e-6,true
tie_three_ua10_energy_economic_highs,r8-energy-b6eed093-ea37-473e-98c3-e2715fc8ab23,validation/evaluation/rows/14,R8-E3-fixed,0.0,1.0e-6,true
tie_three_ua10_energy_economic_highs,r8-energy-b6eed093-ea37-473e-98c3-e2715fc8ab23,validation/evaluation/rows/15,R8-E3-fixed,0.0,1.0e-6,true
tie_three_ua10_energy_economic_highs,r8-energy-b6eed093-ea37-473e-98c3-e2715fc8ab23,validation/evaluation/rows/16,R8-E3-fixed,0.0,1.0e-6,true
tie_three_ua10_energy_economic_highs,r8-energy-b6eed093-ea37-473e-98c3-e2715fc8ab23,validation/evaluation/rows/17,R8-E3-fixed,0.0,1.0e-6,true
tie_three_ua10_energy_economic_highs,r8-energy-b6eed093-ea37-473e-98c3-e2715fc8ab23,validation/evaluation/rows/18,R8-E3-fixed,0.0,1.0e-6,true
tie_three_ua10_energy_economic_highs,r8-energy-b6eed093-ea37-473e-98c3-e2715fc8ab23,validation/evaluation/rows/19,R8-E3-fixed,0.0,1.0e-6,true
tie_three_ua10_energy_economic_highs,r8-energy-b6eed093-ea37-473e-98c3-e2715fc8ab23,validation/evaluation/rows/20,R8-E3-inherit,0.0,1.0e-6,true
tie_three_ua10_energy_economic_highs,r8-energy-b6eed093-ea37-473e-98c3-e2715fc8ab23,validation/evaluation/rows/21,R8-E3-inherit,0.0,1.0e-6,true
tie_three_ua10_energy_economic_highs,r8-energy-b6eed093-ea37-473e-98c3-e2715fc8ab23,validation/evaluation/rows/22,R8-E3-inherit,0.0,1.0e-6,true
tie_three_ua10_energy_economic_highs,r8-energy-b6eed093-ea37-473e-98c3-e2715fc8ab23,validation/evaluation/rows/23,R8-E3-inherit,0.0,1.0e-6,true
tie_three_ua10_energy_economic_highs,r8-energy-b6eed093-ea37-473e-98c3-e2715fc8ab23,validation/evaluation/rows/24,R8-T2-epigraph,0.0,1.0e-6,true
tie_three_ua10_energy_economic_highs,r8-energy-b6eed093-ea37-473e-98c3-e2715fc8ab23,validation/evaluation/rows/25,R8-E3-inherit,0.0,1.0e-6,true
tie_three_ua10_energy_economic_highs,r8-energy-b6eed093-ea37-473e-98c3-e2715fc8ab23,validation/evaluation/rows/26,R8-E3-inherit,0.0,1.0e-6,true
tie_three_ua10_energy_economic_highs,r8-energy-b6eed093-ea37-473e-98c3-e2715fc8ab23,validation/evaluation/rows/27,R8-E3-inherit,0.0,1.0e-6,true
tie_three_ua10_energy_economic_highs,r8-energy-b6eed093-ea37-473e-98c3-e2715fc8ab23,validation/evaluation/rows/28,R8-E3-inherit,0.0,1.0e-6,true
tie_three_ua10_energy_economic_highs,r8-energy-b6eed093-ea37-473e-98c3-e2715fc8ab23,validation/evaluation/rows/29,R8-T2-epigraph,0.0,1.0e-6,true
tie_three_ua10_energy_economic_highs,r8-energy-b6eed093-ea37-473e-98c3-e2715fc8ab23,validation/evaluation/rows/30,R8-E3-inherit,0.0,1.0e-6,true
tie_three_ua10_energy_economic_highs,r8-energy-b6eed093-ea37-473e-98c3-e2715fc8ab23,validation/evaluation/rows/31,R8-E3-inherit,0.0,1.0e-6,true
tie_three_ua10_energy_economic_highs,r8-energy-b6eed093-ea37-473e-98c3-e2715fc8ab23,validation/evaluation/rows/32,R8-E3-inherit,0.0,1.0e-6,true
tie_three_ua10_energy_economic_highs,r8-energy-b6eed093-ea37-473e-98c3-e2715fc8ab23,validation/evaluation/rows/33,R8-E3-inherit,0.0,1.0e-6,true
tie_three_ua10_energy_economic_highs,r8-energy-b6eed093-ea37-473e-98c3-e2715fc8ab23,validation/evaluation/rows/34,R8-T2-epigraph,0.0,1.0e-6,true
tie_three_ua10_energy_economic_highs,r8-energy-b6eed093-ea37-473e-98c3-e2715fc8ab23,validation/evaluation/rows/35,R8-E3-inherit,0.0,1.0e-6,true
tie_three_ua10_energy_economic_highs,r8-energy-b6eed093-ea37-473e-98c3-e2715fc8ab23,validation/evaluation/rows/36,R8-E3-inherit,0.0,1.0e-6,true
tie_three_ua10_energy_economic_highs,r8-energy-b6eed093-ea37-473e-98c3-e2715fc8ab23,validation/evaluation/rows/37,R8-E3-inherit,0.0,1.0e-6,true
tie_three_ua10_energy_economic_highs,r8-energy-b6eed093-ea37-473e-98c3-e2715fc8ab23,validation/evaluation/rows/38,R8-E3-inherit,0.0,1.0e-6,true
tie_three_ua10_energy_economic_highs,r8-energy-b6eed093-ea37-473e-98c3-e2715fc8ab23,validation/evaluation/rows/39,R8-T2-epigraph,0.0,1.0e-6,true
tie_three_ua10_energy_economic_highs,r8-energy-b6eed093-ea37-473e-98c3-e2715fc8ab23,validation/evaluation/rows/40,R8-E3-inherit,0.0,1.0e-6,true
tie_three_ua10_energy_economic_highs,r8-energy-b6eed093-ea37-473e-98c3-e2715fc8ab23,validation/evaluation/rows/41,R8-E3-inherit,0.0,1.0e-6,true
tie_three_ua10_energy_economic_highs,r8-energy-b6eed093-ea37-473e-98c3-e2715fc8ab23,validation/evaluation/rows/42,R8-E3-inherit,0.0,1.0e-6,true
tie_three_ua10_energy_economic_highs,r8-energy-b6eed093-ea37-473e-98c3-e2715fc8ab23,validation/evaluation/rows/43,R8-E3-inherit,0.0,1.0e-6,true
tie_three_ua10_energy_economic_highs,r8-energy-b6eed093-ea37-473e-98c3-e2715fc8ab23,validation/evaluation/rows/44,R8-T2-epigraph,0.0,1.0e-6,true
tie_three_ua10_energy_economic_highs,r8-energy-b6eed093-ea37-473e-98c3-e2715fc8ab23,validation/evaluation/rows/45,R8-E3-inherit,0.0,1.0e-6,true
tie_three_ua10_energy_economic_highs,r8-energy-b6eed093-ea37-473e-98c3-e2715fc8ab23,validation/evaluation/rows/46,R8-E3-inherit,0.0,1.0e-6,true
tie_three_ua10_energy_economic_highs,r8-energy-b6eed093-ea37-473e-98c3-e2715fc8ab23,validation/evaluation/rows/47,R8-E3-inherit,0.0,1.0e-6,true
tie_three_ua10_energy_economic_highs,r8-energy-b6eed093-ea37-473e-98c3-e2715fc8ab23,validation/evaluation/rows/48,R8-E3-inherit,0.0,1.0e-6,true
tie_three_ua10_energy_economic_highs,r8-energy-b6eed093-ea37-473e-98c3-e2715fc8ab23,validation/evaluation/rows/49,R8-T2-epigraph,0.0,1.0e-6,true
tie_three_ua10_energy_economic_highs,r8-energy-b6eed093-ea37-473e-98c3-e2715fc8ab23,validation/evaluation/rows/50,R8-T2-bound,0.0,1.0e-6,true
tie_three_ua10_energy_economic_highs,r8-energy-b6eed093-ea37-473e-98c3-e2715fc8ab23,validation/evaluation/rows/51,R8-T2-bound,0.0,1.0e-6,true
tie_three_ua10_energy_economic_highs,r8-energy-b6eed093-ea37-473e-98c3-e2715fc8ab23,validation/evaluation/rows/52,R8-E3-objective,0.0,1.0e-6,true
tie_three_ua10_energy_economic_highs,r8-energy-b6eed093-ea37-473e-98c3-e2715fc8ab23,validation/evaluation/witness_checks/1/rows/1,R8-E2-capacity,0.0,3.4e-6,true
tie_three_ua10_energy_economic_highs,r8-energy-b6eed093-ea37-473e-98c3-e2715fc8ab23,validation/evaluation/witness_checks/1/rows/2,R8-E2-capacity,0.0,3.4e-6,true
tie_three_ua10_energy_economic_highs,r8-energy-b6eed093-ea37-473e-98c3-e2715fc8ab23,validation/evaluation/witness_checks/1/rows/3,R8-E1-balance,0.0,3.4e-6,true
tie_three_ua10_energy_economic_highs,r8-energy-b6eed093-ea37-473e-98c3-e2715fc8ab23,validation/evaluation/witness_checks/1/rows/4,R8-E1-balance,0.0,3.4e-6,true
tie_three_ua10_energy_economic_highs,r8-energy-b6eed093-ea37-473e-98c3-e2715fc8ab23,validation/evaluation/witness_checks/1/rows/5,R8-E1-balance,0.0,3.4e-6,true
tie_three_ua10_energy_economic_highs,r8-energy-b6eed093-ea37-473e-98c3-e2715fc8ab23,validation/evaluation/witness_checks/1/rows/6,R8-E1-balance,0.0,3.4e-6,true
tie_three_ua10_energy_economic_highs,r8-energy-b6eed093-ea37-473e-98c3-e2715fc8ab23,validation/evaluation/witness_checks/1/shared/rows/1,R7-B1-bounds,0.0,1.0e-6,true
tie_three_ua10_energy_economic_highs,r8-energy-b6eed093-ea37-473e-98c3-e2715fc8ab23,validation/evaluation/witness_checks/1/shared/rows/2,R7-B1-integer,0.0,1.0e-6,true
tie_three_ua10_energy_economic_highs,r8-energy-b6eed093-ea37-473e-98c3-e2715fc8ab23,validation/evaluation/witness_checks/1/shared/rows/3,R7-B1-inactive,0.0,1.0e-6,true
tie_three_ua10_energy_economic_highs,r8-energy-b6eed093-ea37-473e-98c3-e2715fc8ab23,validation/evaluation/witness_checks/1/shared/rows/4,R7-B1-bounds,0.0,1.0e-6,true
tie_three_ua10_energy_economic_highs,r8-energy-b6eed093-ea37-473e-98c3-e2715fc8ab23,validation/evaluation/witness_checks/1/shared/rows/5,R7-B1-integer,0.0,1.0e-6,true
tie_three_ua10_energy_economic_highs,r8-energy-b6eed093-ea37-473e-98c3-e2715fc8ab23,validation/evaluation/witness_checks/1/shared/rows/6,R7-B1-inactive,0.0,1.0e-6,true
tie_three_ua10_energy_economic_highs,r8-energy-b6eed093-ea37-473e-98c3-e2715fc8ab23,validation/evaluation/witness_checks/1/shared/rows/7,R7-B1-bounds,0.0,1.0e-6,true
tie_three_ua10_energy_economic_highs,r8-energy-b6eed093-ea37-473e-98c3-e2715fc8ab23,validation/evaluation/witness_checks/1/shared/rows/8,R7-B1-integer,0.0,1.0e-6,true
tie_three_ua10_energy_economic_highs,r8-energy-b6eed093-ea37-473e-98c3-e2715fc8ab23,validation/evaluation/witness_checks/1/shared/rows/9,R7-B1-charge,0.0,3.4e-6,true
tie_three_ua10_energy_economic_highs,r8-energy-b6eed093-ea37-473e-98c3-e2715fc8ab23,validation/evaluation/witness_checks/1/shared/rows/10,R7-B1-discharge,0.0,3.4e-6,true
tie_three_ua10_energy_economic_highs,r8-energy-b6eed093-ea37-473e-98c3-e2715fc8ab23,validation/evaluation/witness_checks/1/shared/rows/11,R7-B1-nonsimultaneous,0.0,3.4e-6,true
tie_three_ua10_energy_economic_highs,r8-energy-b6eed093-ea37-473e-98c3-e2715fc8ab23,validation/evaluation/witness_checks/1/shared/rows/12,R7-B1-bounds,0.0,1.0e-6,true
tie_three_ua10_energy_economic_highs,r8-energy-b6eed093-ea37-473e-98c3-e2715fc8ab23,validation/evaluation/witness_checks/1/shared/rows/13,R7-B1-integer,0.0,1.0e-6,true
tie_three_ua10_energy_economic_highs,r8-energy-b6eed093-ea37-473e-98c3-e2715fc8ab23,validation/evaluation/witness_checks/1/shared/rows/14,R7-B1-charge,0.0,3.4e-6,true
tie_three_ua10_energy_economic_highs,r8-energy-b6eed093-ea37-473e-98c3-e2715fc8ab23,validation/evaluation/witness_checks/1/shared/rows/15,R7-B1-discharge,0.0,3.4e-6,true
tie_three_ua10_energy_economic_highs,r8-energy-b6eed093-ea37-473e-98c3-e2715fc8ab23,validation/evaluation/witness_checks/1/shared/rows/16,R7-B1-nonsimultaneous,0.0,3.4e-6,true
tie_three_ua10_energy_economic_highs,r8-energy-b6eed093-ea37-473e-98c3-e2715fc8ab23,validation/evaluation/witness_checks/1/shared/rows/17,R7-B1-bounds,0.0,1.0e-6,true
tie_three_ua10_energy_economic_highs,r8-energy-b6eed093-ea37-473e-98c3-e2715fc8ab23,validation/evaluation/witness_checks/1/shared/rows/18,R7-B1-integer,0.0,1.0e-6,true
tie_three_ua10_energy_economic_highs,r8-energy-b6eed093-ea37-473e-98c3-e2715fc8ab23,validation/evaluation/witness_checks/1/shared/rows/19,R7-B1-inactive,0.0,1.0e-6,true
tie_three_ua10_energy_economic_highs,r8-energy-b6eed093-ea37-473e-98c3-e2715fc8ab23,validation/evaluation/witness_checks/1/shared/rows/20,R7-B1-bounds,0.0,1.0e-6,true
tie_three_ua10_energy_economic_highs,r8-energy-b6eed093-ea37-473e-98c3-e2715fc8ab23,validation/evaluation/witness_checks/1/shared/rows/21,R7-B1-integer,0.0,1.0e-6,true
tie_three_ua10_energy_economic_highs,r8-energy-b6eed093-ea37-473e-98c3-e2715fc8ab23,validation/evaluation/witness_checks/1/shared/rows/22,R7-B1-inactive,0.0,1.0e-6,true
tie_three_ua10_energy_economic_highs,r8-energy-b6eed093-ea37-473e-98c3-e2715fc8ab23,validation/evaluation/witness_checks/1/shared/rows/23,R7-B1-bounds,0.0,1.0e-6,true
tie_three_ua10_energy_economic_highs,r8-energy-b6eed093-ea37-473e-98c3-e2715fc8ab23,validation/evaluation/witness_checks/1/shared/rows/24,R7-B1-integer,0.0,1.0e-6,true
tie_three_ua10_energy_economic_highs,r8-energy-b6eed093-ea37-473e-98c3-e2715fc8ab23,validation/evaluation/witness_checks/1/shared/rows/25,R7-B1-inactive,0.0,1.0e-6,true
tie_three_ua10_energy_economic_highs,r8-energy-b6eed093-ea37-473e-98c3-e2715fc8ab23,validation/evaluation/witness_checks/1/shared/rows/26,R7-B1-bounds,0.0,1.0e-6,true
tie_three_ua10_energy_economic_highs,r8-energy-b6eed093-ea37-473e-98c3-e2715fc8ab23,validation/evaluation/witness_checks/1/shared/rows/27,R7-B1-integer,0.0,1.0e-6,true
tie_three_ua10_energy_economic_highs,r8-energy-b6eed093-ea37-473e-98c3-e2715fc8ab23,validation/evaluation/witness_checks/1/shared/rows/28,R7-B1-inactive,0.0,1.0e-6,true
tie_three_ua10_energy_economic_highs,r8-energy-b6eed093-ea37-473e-98c3-e2715fc8ab23,validation/evaluation/witness_checks/1/shared/rows/29,binary-z,0.0,1.0e-6,true
tie_three_ua10_energy_economic_highs,r8-energy-b6eed093-ea37-473e-98c3-e2715fc8ab23,validation/evaluation/witness_checks/1/shared/rows/30,integer-z,0.0,1.0e-6,true
tie_three_ua10_energy_economic_highs,r8-energy-b6eed093-ea37-473e-98c3-e2715fc8ab23,validation/evaluation/witness_checks/1/shared/rows/31,binary-z,0.0,1.0e-6,true
tie_three_ua10_energy_economic_highs,r8-energy-b6eed093-ea37-473e-98c3-e2715fc8ab23,validation/evaluation/witness_checks/1/shared/rows/32,integer-z,0.0,1.0e-6,true
tie_three_ua10_energy_economic_highs,r8-energy-b6eed093-ea37-473e-98c3-e2715fc8ab23,validation/evaluation/witness_checks/1/shared/rows/33,binary-z,0.0,1.0e-6,true
tie_three_ua10_energy_economic_highs,r8-energy-b6eed093-ea37-473e-98c3-e2715fc8ab23,validation/evaluation/witness_checks/1/shared/rows/34,integer-z,0.0,1.0e-6,true
tie_three_ua10_energy_economic_highs,r8-energy-b6eed093-ea37-473e-98c3-e2715fc8ab23,validation/evaluation/witness_checks/1/shared/rows/35,binary-beta,0.0,1.0e-6,true
tie_three_ua10_energy_economic_highs,r8-energy-b6eed093-ea37-473e-98c3-e2715fc8ab23,validation/evaluation/witness_checks/1/shared/rows/36,integer-beta,0.0,1.0e-6,true
tie_three_ua10_energy_economic_highs,r8-energy-b6eed093-ea37-473e-98c3-e2715fc8ab23,validation/evaluation/witness_checks/1/shared/rows/37,binary-beta,0.0,1.0e-6,true
tie_three_ua10_energy_economic_highs,r8-energy-b6eed093-ea37-473e-98c3-e2715fc8ab23,validation/evaluation/witness_checks/1/shared/rows/38,integer-beta,0.0,1.0e-6,true
tie_three_ua10_energy_economic_highs,r8-energy-b6eed093-ea37-473e-98c3-e2715fc8ab23,validation/evaluation/witness_checks/1/shared/rows/39,binary-beta,0.0,1.0e-6,true
tie_three_ua10_energy_economic_highs,r8-energy-b6eed093-ea37-473e-98c3-e2715fc8ab23,validation/evaluation/witness_checks/1/shared/rows/40,integer-beta,0.0,1.0e-6,true
tie_three_ua10_energy_economic_highs,r8-energy-b6eed093-ea37-473e-98c3-e2715fc8ab23,validation/evaluation/witness_checks/1/shared/rows/41,binary-a_on,0.0,1.0e-6,true
tie_three_ua10_energy_economic_highs,r8-energy-b6eed093-ea37-473e-98c3-e2715fc8ab23,validation/evaluation/witness_checks/1/shared/rows/42,integer-a_on,0.0,1.0e-6,true
tie_three_ua10_energy_economic_highs,r8-energy-b6eed093-ea37-473e-98c3-e2715fc8ab23,validation/evaluation/witness_checks/1/shared/rows/43,binary-a_on,0.0,1.0e-6,true
tie_three_ua10_energy_economic_highs,r8-energy-b6eed093-ea37-473e-98c3-e2715fc8ab23,validation/evaluation/witness_checks/1/shared/rows/44,integer-a_on,0.0,1.0e-6,true
tie_three_ua10_energy_economic_highs,r8-energy-b6eed093-ea37-473e-98c3-e2715fc8ab23,validation/evaluation/witness_checks/1/shared/rows/45,binary-a_on,0.0,1.0e-6,true
tie_three_ua10_energy_economic_highs,r8-energy-b6eed093-ea37-473e-98c3-e2715fc8ab23,validation/evaluation/witness_checks/1/shared/rows/46,integer-a_on,0.0,1.0e-6,true
tie_three_ua10_energy_economic_highs,r8-energy-b6eed093-ea37-473e-98c3-e2715fc8ab23,validation/evaluation/witness_checks/1/shared/rows/47,binary-a_off,0.0,1.0e-6,true
tie_three_ua10_energy_economic_highs,r8-energy-b6eed093-ea37-473e-98c3-e2715fc8ab23,validation/evaluation/witness_checks/1/shared/rows/48,integer-a_off,0.0,1.0e-6,true
tie_three_ua10_energy_economic_highs,r8-energy-b6eed093-ea37-473e-98c3-e2715fc8ab23,validation/evaluation/witness_checks/1/shared/rows/49,binary-a_off,0.0,1.0e-6,true
tie_three_ua10_energy_economic_highs,r8-energy-b6eed093-ea37-473e-98c3-e2715fc8ab23,validation/evaluation/witness_checks/1/shared/rows/50,integer-a_off,0.0,1.0e-6,true
tie_three_ua10_energy_economic_highs,r8-energy-b6eed093-ea37-473e-98c3-e2715fc8ab23,validation/evaluation/witness_checks/1/shared/rows/51,binary-a_off,0.0,1.0e-6,true
tie_three_ua10_energy_economic_highs,r8-energy-b6eed093-ea37-473e-98c3-e2715fc8ab23,validation/evaluation/witness_checks/1/shared/rows/52,integer-a_off,0.0,1.0e-6,true
tie_three_ua10_energy_economic_highs,r8-energy-b6eed093-ea37-473e-98c3-e2715fc8ab23,validation/evaluation/witness_checks/1/shared/rows/53,R7-R1,0.0,1.0e-6,true
tie_three_ua10_energy_economic_highs,r8-energy-b6eed093-ea37-473e-98c3-e2715fc8ab23,validation/evaluation/witness_checks/1/shared/rows/54,on-action,0.0,1.0e-6,true
tie_three_ua10_energy_economic_highs,r8-energy-b6eed093-ea37-473e-98c3-e2715fc8ab23,validation/evaluation/witness_checks/1/shared/rows/55,off-action,0.0,1.0e-6,true
tie_three_ua10_energy_economic_highs,r8-energy-b6eed093-ea37-473e-98c3-e2715fc8ab23,validation/evaluation/witness_checks/1/shared/rows/56,virtual-arc,0.0,1.0e-6,true
tie_three_ua10_energy_economic_highs,r8-energy-b6eed093-ea37-473e-98c3-e2715fc8ab23,validation/evaluation/witness_checks/1/shared/rows/57,R7-R1,0.0,1.0e-6,true
tie_three_ua10_energy_economic_highs,r8-energy-b6eed093-ea37-473e-98c3-e2715fc8ab23,validation/evaluation/witness_checks/1/shared/rows/58,on-action,0.0,1.0e-6,true
tie_three_ua10_energy_economic_highs,r8-energy-b6eed093-ea37-473e-98c3-e2715fc8ab23,validation/evaluation/witness_checks/1/shared/rows/59,off-action,0.0,1.0e-6,true
tie_three_ua10_energy_economic_highs,r8-energy-b6eed093-ea37-473e-98c3-e2715fc8ab23,validation/evaluation/witness_checks/1/shared/rows/60,virtual-arc,0.0,1.0e-6,true
tie_three_ua10_energy_economic_highs,r8-energy-b6eed093-ea37-473e-98c3-e2715fc8ab23,validation/evaluation/witness_checks/1/shared/rows/61,R7-R1,0.0,1.0e-6,true
tie_three_ua10_energy_economic_highs,r8-energy-b6eed093-ea37-473e-98c3-e2715fc8ab23,validation/evaluation/witness_checks/1/shared/rows/62,on-action,0.0,1.0e-6,true
tie_three_ua10_energy_economic_highs,r8-energy-b6eed093-ea37-473e-98c3-e2715fc8ab23,validation/evaluation/witness_checks/1/shared/rows/63,off-action,0.0,1.0e-6,true
tie_three_ua10_energy_economic_highs,r8-energy-b6eed093-ea37-473e-98c3-e2715fc8ab23,validation/evaluation/witness_checks/1/shared/rows/64,virtual-arc,0.0,1.0e-6,true
tie_three_ua10_energy_economic_highs,r8-energy-b6eed093-ea37-473e-98c3-e2715fc8ab23,validation/evaluation/witness_checks/1/shared/rows/65,6-63,0.0,1.0e-6,true
tie_three_ua10_energy_economic_highs,r8-energy-b6eed093-ea37-473e-98c3-e2715fc8ab23,validation/evaluation/witness_checks/1/shared/rows/66,forest-edges,0.0,1.0e-6,true
tie_three_ua10_energy_economic_highs,r8-energy-b6eed093-ea37-473e-98c3-e2715fc8ab23,validation/evaluation/witness_checks/1/shared/rows/67,forest-independent,0.0,1.0e-6,true
tie_three_ua10_energy_economic_highs,r8-energy-b6eed093-ea37-473e-98c3-e2715fc8ab23,validation/evaluation/witness_checks/1/shared/rows/68,one-root-per-component,0.0,1.0e-6,true
tie_three_ua10_energy_economic_highs,r8-energy-b6eed093-ea37-473e-98c3-e2715fc8ab23,validation/evaluation/witness_checks/1/shared/rows/69,root-eligible,0.0,1.0e-6,true
tie_three_ua10_energy_economic_highs,r8-energy-b6eed093-ea37-473e-98c3-e2715fc8ab23,validation/evaluation/witness_checks/1/shared/rows/70,root-supply,0.0,1.0e-6,true
tie_three_ua10_energy_economic_highs,r8-energy-b6eed093-ea37-473e-98c3-e2715fc8ab23,validation/evaluation/witness_checks/1/shared/rows/71,virtual-node,0.0,1.0e-6,true
tie_three_ua10_energy_economic_highs,r8-energy-b6eed093-ea37-473e-98c3-e2715fc8ab23,validation/evaluation/witness_checks/1/shared/rows/72,root-eligible,0.0,1.0e-6,true
tie_three_ua10_energy_economic_highs,r8-energy-b6eed093-ea37-473e-98c3-e2715fc8ab23,validation/evaluation/witness_checks/1/shared/rows/73,root-supply,0.0,1.0e-6,true
tie_three_ua10_energy_economic_highs,r8-energy-b6eed093-ea37-473e-98c3-e2715fc8ab23,validation/evaluation/witness_checks/1/shared/rows/74,virtual-node,0.0,1.0e-6,true
tie_three_ua10_energy_economic_highs,r8-energy-b6eed093-ea37-473e-98c3-e2715fc8ab23,validation/evaluation/witness_checks/1/shared/rows/75,root-eligible,0.0,1.0e-6,true
tie_three_ua10_energy_economic_highs,r8-energy-b6eed093-ea37-473e-98c3-e2715fc8ab23,validation/evaluation/witness_checks/1/shared/rows/76,root-supply,0.0,1.0e-6,true
tie_three_ua10_energy_economic_highs,r8-energy-b6eed093-ea37-473e-98c3-e2715fc8ab23,validation/evaluation/witness_checks/1/shared/rows/77,virtual-node,0.0,1.0e-6,true
tie_three_ua10_energy_economic_highs,r8-energy-b6eed093-ea37-473e-98c3-e2715fc8ab23,validation/evaluation/witness_checks/1/shared/rows/78,6-8/56/60,0.0,3.4e-6,true
tie_three_ua10_energy_economic_highs,r8-energy-b6eed093-ea37-473e-98c3-e2715fc8ab23,validation/evaluation/witness_checks/1/shared/rows/79,6-3/9,0.0,3.4e-6,true
tie_three_ua10_energy_economic_highs,r8-energy-b6eed093-ea37-473e-98c3-e2715fc8ab23,validation/evaluation/witness_checks/1/shared/rows/80,6-11,0.0,3.4e-6,true
tie_three_ua10_energy_economic_highs,r8-energy-b6eed093-ea37-473e-98c3-e2715fc8ab23,validation/evaluation/witness_checks/1/shared/rows/81,6-4/57,0.0,3.4e-6,true
tie_three_ua10_energy_economic_highs,r8-energy-b6eed093-ea37-473e-98c3-e2715fc8ab23,validation/evaluation/witness_checks/1/shared/rows/82,6-5/58,0.0,3.4e-6,true
tie_three_ua10_energy_economic_highs,r8-energy-b6eed093-ea37-473e-98c3-e2715fc8ab23,validation/evaluation/witness_checks/1/shared/rows/83,inactive-charge,0.0,3.4e-6,true
tie_three_ua10_energy_economic_highs,r8-energy-b6eed093-ea37-473e-98c3-e2715fc8ab23,validation/evaluation/witness_checks/1/shared/rows/84,inactive-discharge,0.0,3.4e-6,true
tie_three_ua10_energy_economic_highs,r8-energy-b6eed093-ea37-473e-98c3-e2715fc8ab23,validation/evaluation/witness_checks/1/shared/rows/85,6-8/56/60,0.0,3.4e-6,true
tie_three_ua10_energy_economic_highs,r8-energy-b6eed093-ea37-473e-98c3-e2715fc8ab23,validation/evaluation/witness_checks/1/shared/rows/86,6-3/9,0.0,3.4e-6,true
tie_three_ua10_energy_economic_highs,r8-energy-b6eed093-ea37-473e-98c3-e2715fc8ab23,validation/evaluation/witness_checks/1/shared/rows/87,6-11,0.0,3.4e-6,true
tie_three_ua10_energy_economic_highs,r8-energy-b6eed093-ea37-473e-98c3-e2715fc8ab23,validation/evaluation/witness_checks/1/shared/rows/88,6-4/57,0.0,3.4e-6,true
tie_three_ua10_energy_economic_highs,r8-energy-b6eed093-ea37-473e-98c3-e2715fc8ab23,validation/evaluation/witness_checks/1/shared/rows/89,6-5/58,0.0,3.4e-6,true
tie_three_ua10_energy_economic_highs,r8-energy-b6eed093-ea37-473e-98c3-e2715fc8ab23,validation/evaluation/witness_checks/1/shared/rows/90,inactive-charge,0.0,3.4e-6,true
tie_three_ua10_energy_economic_highs,r8-energy-b6eed093-ea37-473e-98c3-e2715fc8ab23,validation/evaluation/witness_checks/1/shared/rows/91,inactive-discharge,0.0,3.4e-6,true
tie_three_ua10_energy_economic_highs,r8-energy-b6eed093-ea37-473e-98c3-e2715fc8ab23,validation/evaluation/witness_checks/1/shared/rows/92,6-8/56/60,0.0,3.4e-6,true
tie_three_ua10_energy_economic_highs,r8-energy-b6eed093-ea37-473e-98c3-e2715fc8ab23,validation/evaluation/witness_checks/1/shared/rows/93,6-3/9,0.0,3.4e-6,true
tie_three_ua10_energy_economic_highs,r8-energy-b6eed093-ea37-473e-98c3-e2715fc8ab23,validation/evaluation/witness_checks/1/shared/rows/94,6-11,0.0,3.4e-6,true
tie_three_ua10_energy_economic_highs,r8-energy-b6eed093-ea37-473e-98c3-e2715fc8ab23,validation/evaluation/witness_checks/1/shared/rows/95,battery-charge,0.0,3.4e-6,true
tie_three_ua10_energy_economic_highs,r8-energy-b6eed093-ea37-473e-98c3-e2715fc8ab23,validation/evaluation/witness_checks/1/shared/rows/96,battery-discharge,0.0,3.4e-6,true
tie_three_ua10_energy_economic_highs,r8-energy-b6eed093-ea37-473e-98c3-e2715fc8ab23,validation/evaluation/witness_checks/1/shared/rows/97,6-12,0.0,3.4e-6,true
tie_three_ua10_energy_economic_highs,r8-energy-b6eed093-ea37-473e-98c3-e2715fc8ab23,validation/evaluation/witness_checks/1/shared/rows/98,6-14,0.0,2.0e-6,true
tie_three_ua10_energy_economic_highs,r8-energy-b6eed093-ea37-473e-98c3-e2715fc8ab23,validation/evaluation/witness_checks/1/shared/rows/99,6-8/56/60,0.0,3.4e-6,true
tie_three_ua10_energy_economic_highs,r8-energy-b6eed093-ea37-473e-98c3-e2715fc8ab23,validation/evaluation/witness_checks/1/shared/rows/100,6-3/9,0.0,3.4e-6,true
tie_three_ua10_energy_economic_highs,r8-energy-b6eed093-ea37-473e-98c3-e2715fc8ab23,validation/evaluation/witness_checks/1/shared/rows/101,6-11,0.0,3.4e-6,true
tie_three_ua10_energy_economic_highs,r8-energy-b6eed093-ea37-473e-98c3-e2715fc8ab23,validation/evaluation/witness_checks/1/shared/rows/102,battery-charge,0.0,3.4e-6,true
tie_three_ua10_energy_economic_highs,r8-energy-b6eed093-ea37-473e-98c3-e2715fc8ab23,validation/evaluation/witness_checks/1/shared/rows/103,battery-discharge,0.0,3.4e-6,true
tie_three_ua10_energy_economic_highs,r8-energy-b6eed093-ea37-473e-98c3-e2715fc8ab23,validation/evaluation/witness_checks/1/shared/rows/104,6-12,0.0,3.4e-6,true
tie_three_ua10_energy_economic_highs,r8-energy-b6eed093-ea37-473e-98c3-e2715fc8ab23,validation/evaluation/witness_checks/1/shared/rows/105,6-14,0.0,2.0e-6,true
tie_three_ua10_energy_economic_highs,r8-energy-b6eed093-ea37-473e-98c3-e2715fc8ab23,validation/evaluation/witness_checks/1/shared/rows/106,6-8/56/60,0.0,3.4e-6,true
tie_three_ua10_energy_economic_highs,r8-energy-b6eed093-ea37-473e-98c3-e2715fc8ab23,validation/evaluation/witness_checks/1/shared/rows/107,6-3/9,0.0,3.4e-6,true
tie_three_ua10_energy_economic_highs,r8-energy-b6eed093-ea37-473e-98c3-e2715fc8ab23,validation/evaluation/witness_checks/1/shared/rows/108,6-11,0.0,3.4e-6,true
tie_three_ua10_energy_economic_highs,r8-energy-b6eed093-ea37-473e-98c3-e2715fc8ab23,validation/evaluation/witness_checks/1/shared/rows/109,inactive-charge,0.0,3.4e-6,true
tie_three_ua10_energy_economic_highs,r8-energy-b6eed093-ea37-473e-98c3-e2715fc8ab23,validation/evaluation/witness_checks/1/shared/rows/110,inactive-discharge,0.0,3.4e-6,true
tie_three_ua10_energy_economic_highs,r8-energy-b6eed093-ea37-473e-98c3-e2715fc8ab23,validation/evaluation/witness_checks/1/shared/rows/111,6-8/56/60,0.0,3.4e-6,true
tie_three_ua10_energy_economic_highs,r8-energy-b6eed093-ea37-473e-98c3-e2715fc8ab23,validation/evaluation/witness_checks/1/shared/rows/112,6-3/9,0.0,3.4e-6,true
tie_three_ua10_energy_economic_highs,r8-energy-b6eed093-ea37-473e-98c3-e2715fc8ab23,validation/evaluation/witness_checks/1/shared/rows/113,6-11,0.0,3.4e-6,true
tie_three_ua10_energy_economic_highs,r8-energy-b6eed093-ea37-473e-98c3-e2715fc8ab23,validation/evaluation/witness_checks/1/shared/rows/114,inactive-charge,0.0,3.4e-6,true
tie_three_ua10_energy_economic_highs,r8-energy-b6eed093-ea37-473e-98c3-e2715fc8ab23,validation/evaluation/witness_checks/1/shared/rows/115,inactive-discharge,0.0,3.4e-6,true
tie_three_ua10_energy_economic_highs,r8-energy-b6eed093-ea37-473e-98c3-e2715fc8ab23,validation/evaluation/witness_checks/1/shared/rows/116,6-8/56/60,0.0,3.4e-6,true
tie_three_ua10_energy_economic_highs,r8-energy-b6eed093-ea37-473e-98c3-e2715fc8ab23,validation/evaluation/witness_checks/1/shared/rows/117,6-3/9,0.0,3.4e-6,true
tie_three_ua10_energy_economic_highs,r8-energy-b6eed093-ea37-473e-98c3-e2715fc8ab23,validation/evaluation/witness_checks/1/shared/rows/118,6-11,0.0,3.4e-6,true
tie_three_ua10_energy_economic_highs,r8-energy-b6eed093-ea37-473e-98c3-e2715fc8ab23,validation/evaluation/witness_checks/1/shared/rows/119,inactive-charge,0.0,3.4e-6,true
tie_three_ua10_energy_economic_highs,r8-energy-b6eed093-ea37-473e-98c3-e2715fc8ab23,validation/evaluation/witness_checks/1/shared/rows/120,inactive-discharge,0.0,3.4e-6,true
tie_three_ua10_energy_economic_highs,r8-energy-b6eed093-ea37-473e-98c3-e2715fc8ab23,validation/evaluation/witness_checks/1/shared/rows/121,6-8/56/60,0.0,3.4e-6,true
tie_three_ua10_energy_economic_highs,r8-energy-b6eed093-ea37-473e-98c3-e2715fc8ab23,validation/evaluation/witness_checks/1/shared/rows/122,6-3/9,0.0,3.4e-6,true
tie_three_ua10_energy_economic_highs,r8-energy-b6eed093-ea37-473e-98c3-e2715fc8ab23,validation/evaluation/witness_checks/1/shared/rows/123,6-11,0.0,3.4e-6,true
tie_three_ua10_energy_economic_highs,r8-energy-b6eed093-ea37-473e-98c3-e2715fc8ab23,validation/evaluation/witness_checks/1/shared/rows/124,inactive-charge,0.0,3.4e-6,true
tie_three_ua10_energy_economic_highs,r8-energy-b6eed093-ea37-473e-98c3-e2715fc8ab23,validation/evaluation/witness_checks/1/shared/rows/125,inactive-discharge,0.0,3.4e-6,true
tie_three_ua10_energy_economic_highs,r8-energy-b6eed093-ea37-473e-98c3-e2715fc8ab23,validation/evaluation/witness_checks/1/shared/rows/126,inactive-energy,0.0,2.0e-6,true
tie_three_ua10_energy_economic_highs,r8-energy-b6eed093-ea37-473e-98c3-e2715fc8ab23,validation/evaluation/witness_checks/1/shared/rows/127,inactive-energy,0.0,2.0e-6,true
tie_three_ua10_energy_economic_highs,r8-energy-b6eed093-ea37-473e-98c3-e2715fc8ab23,validation/evaluation/witness_checks/1/shared/rows/128,inactive-energy,0.0,2.0e-6,true
tie_three_ua10_energy_economic_highs,r8-energy-b6eed093-ea37-473e-98c3-e2715fc8ab23,validation/evaluation/witness_checks/1/shared/rows/129,inactive-energy,0.0,2.0e-6,true
tie_three_ua10_energy_economic_highs,r8-energy-b6eed093-ea37-473e-98c3-e2715fc8ab23,validation/evaluation/witness_checks/1/shared/rows/130,6-13,0.0,2.0e-6,true
tie_three_ua10_energy_economic_highs,r8-energy-b6eed093-ea37-473e-98c3-e2715fc8ab23,validation/evaluation/witness_checks/1/shared/rows/131,6-61,0.0,2.0e-6,true
tie_three_ua10_energy_economic_highs,r8-energy-b6eed093-ea37-473e-98c3-e2715fc8ab23,validation/evaluation/witness_checks/1/shared/rows/132,6-13,0.0,2.0e-6,true
tie_three_ua10_energy_economic_highs,r8-energy-b6eed093-ea37-473e-98c3-e2715fc8ab23,validation/evaluation/witness_checks/1/shared/rows/133,6-61,0.0,2.0e-6,true
tie_three_ua10_energy_economic_highs,r8-energy-b6eed093-ea37-473e-98c3-e2715fc8ab23,validation/evaluation/witness_checks/1/shared/rows/134,6-13,0.0,2.0e-6,true
tie_three_ua10_energy_economic_highs,r8-energy-b6eed093-ea37-473e-98c3-e2715fc8ab23,validation/evaluation/witness_checks/1/shared/rows/135,6-13,0.0,2.0e-6,true
tie_three_ua10_energy_economic_highs,r8-energy-b6eed093-ea37-473e-98c3-e2715fc8ab23,validation/evaluation/witness_checks/1/shared/rows/136,inactive-energy,0.0,2.0e-6,true
tie_three_ua10_energy_economic_highs,r8-energy-b6eed093-ea37-473e-98c3-e2715fc8ab23,validation/evaluation/witness_checks/1/shared/rows/137,inactive-energy,0.0,2.0e-6,true
tie_three_ua10_energy_economic_highs,r8-energy-b6eed093-ea37-473e-98c3-e2715fc8ab23,validation/evaluation/witness_checks/1/shared/rows/138,inactive-energy,0.0,2.0e-6,true
tie_three_ua10_energy_economic_highs,r8-energy-b6eed093-ea37-473e-98c3-e2715fc8ab23,validation/evaluation/witness_checks/1/shared/rows/139,inactive-energy,0.0,2.0e-6,true
tie_three_ua10_energy_economic_highs,r8-energy-b6eed093-ea37-473e-98c3-e2715fc8ab23,validation/evaluation/witness_checks/1/shared/rows/140,inactive-energy,0.0,2.0e-6,true
tie_three_ua10_energy_economic_highs,r8-energy-b6eed093-ea37-473e-98c3-e2715fc8ab23,validation/evaluation/witness_checks/1/shared/rows/141,inactive-energy,0.0,2.0e-6,true
tie_three_ua10_energy_economic_highs,r8-energy-b6eed093-ea37-473e-98c3-e2715fc8ab23,validation/evaluation/witness_checks/1/shared/rows/142,inactive-energy,0.0,2.0e-6,true
tie_three_ua10_energy_economic_highs,r8-energy-b6eed093-ea37-473e-98c3-e2715fc8ab23,validation/evaluation/witness_checks/1/shared/rows/143,inactive-energy,0.0,2.0e-6,true
tie_three_ua10_energy_economic_highs,r8-energy-b6eed093-ea37-473e-98c3-e2715fc8ab23,validation/evaluation/witness_checks/1/shared/rows/144,6-51-P,0.0,3.4e-6,true
tie_three_ua10_energy_economic_highs,r8-energy-b6eed093-ea37-473e-98c3-e2715fc8ab23,validation/evaluation/witness_checks/1/shared/rows/145,6-51-Q,0.0,3.4e-6,true
tie_three_ua10_energy_economic_highs,r8-energy-b6eed093-ea37-473e-98c3-e2715fc8ab23,validation/evaluation/witness_checks/1/shared/rows/146,6-24:25-P_line,0.0,3.4e-6,true
tie_three_ua10_energy_economic_highs,r8-energy-b6eed093-ea37-473e-98c3-e2715fc8ab23,validation/evaluation/witness_checks/1/shared/rows/147,6-24:25-Q_line,0.0,3.4e-6,true
tie_three_ua10_energy_economic_highs,r8-energy-b6eed093-ea37-473e-98c3-e2715fc8ab23,validation/evaluation/witness_checks/1/shared/rows/148,R7-R3,3.469446951953614e-18,1.0e-6,true
tie_three_ua10_energy_economic_highs,r8-energy-b6eed093-ea37-473e-98c3-e2715fc8ab23,validation/evaluation/witness_checks/1/shared/rows/149,6-24:25-P_line,0.0,3.4e-6,true
tie_three_ua10_energy_economic_highs,r8-energy-b6eed093-ea37-473e-98c3-e2715fc8ab23,validation/evaluation/witness_checks/1/shared/rows/150,6-24:25-Q_line,0.0,3.4e-6,true
tie_three_ua10_energy_economic_highs,r8-energy-b6eed093-ea37-473e-98c3-e2715fc8ab23,validation/evaluation/witness_checks/1/shared/rows/151,R7-R3,0.0,1.0e-6,true
tie_three_ua10_energy_economic_highs,r8-energy-b6eed093-ea37-473e-98c3-e2715fc8ab23,validation/evaluation/witness_checks/1/shared/rows/152,6-24:25-P_line,0.0,3.4e-6,true
tie_three_ua10_energy_economic_highs,r8-energy-b6eed093-ea37-473e-98c3-e2715fc8ab23,validation/evaluation/witness_checks/1/shared/rows/153,6-24:25-Q_line,0.0,3.4e-6,true
tie_three_ua10_energy_economic_highs,r8-energy-b6eed093-ea37-473e-98c3-e2715fc8ab23,validation/evaluation/witness_checks/1/shared/rows/154,R7-R3,6.331740687315346e-17,1.0e-6,true
tie_three_ua10_energy_economic_highs,r8-energy-b6eed093-ea37-473e-98c3-e2715fc8ab23,validation/evaluation/witness_checks/1/shared/rows/155,6-22,0.0,1.0e-6,true
tie_three_ua10_energy_economic_highs,r8-energy-b6eed093-ea37-473e-98c3-e2715fc8ab23,validation/evaluation/witness_checks/1/shared/rows/156,6-54,0.0,3.4e-6,true
tie_three_ua10_energy_economic_highs,r8-energy-b6eed093-ea37-473e-98c3-e2715fc8ab23,validation/evaluation/witness_checks/1/shared/rows/157,6-19,0.0,3.4e-6,true
tie_three_ua10_energy_economic_highs,r8-energy-b6eed093-ea37-473e-98c3-e2715fc8ab23,validation/evaluation/witness_checks/1/shared/rows/158,6-20,0.0,3.4e-6,true
tie_three_ua10_energy_economic_highs,r8-energy-b6eed093-ea37-473e-98c3-e2715fc8ab23,validation/evaluation/witness_checks/1/shared/rows/159,6-22,0.0,1.0e-6,true
tie_three_ua10_energy_economic_highs,r8-energy-b6eed093-ea37-473e-98c3-e2715fc8ab23,validation/evaluation/witness_checks/1/shared/rows/160,6-54,0.0,3.4e-6,true
tie_three_ua10_energy_economic_highs,r8-energy-b6eed093-ea37-473e-98c3-e2715fc8ab23,validation/evaluation/witness_checks/1/shared/rows/161,6-19,0.0,3.4e-6,true
tie_three_ua10_energy_economic_highs,r8-energy-b6eed093-ea37-473e-98c3-e2715fc8ab23,validation/evaluation/witness_checks/1/shared/rows/162,6-20,0.0,3.4e-6,true
tie_three_ua10_energy_economic_highs,r8-energy-b6eed093-ea37-473e-98c3-e2715fc8ab23,validation/evaluation/witness_checks/1/shared/rows/163,6-22,0.0,1.0e-6,true
tie_three_ua10_energy_economic_highs,r8-energy-b6eed093-ea37-473e-98c3-e2715fc8ab23,validation/evaluation/witness_checks/1/shared/rows/164,6-54,0.0,3.4e-6,true
tie_three_ua10_energy_economic_highs,r8-energy-b6eed093-ea37-473e-98c3-e2715fc8ab23,validation/evaluation/witness_checks/1/shared/rows/165,6-19,0.0,3.4e-6,true
tie_three_ua10_energy_economic_highs,r8-energy-b6eed093-ea37-473e-98c3-e2715fc8ab23,validation/evaluation/witness_checks/1/shared/rows/166,6-20,0.0,3.4e-6,true
tie_three_ua10_energy_economic_highs,r8-energy-b6eed093-ea37-473e-98c3-e2715fc8ab23,validation/evaluation/witness_checks/1/shared/rows/167,6-51-P,0.0,3.4e-6,true
tie_three_ua10_energy_economic_highs,r8-energy-b6eed093-ea37-473e-98c3-e2715fc8ab23,validation/evaluation/witness_checks/1/shared/rows/168,6-51-Q,0.0,3.4e-6,true
tie_three_ua10_energy_economic_highs,r8-energy-b6eed093-ea37-473e-98c3-e2715fc8ab23,validation/evaluation/witness_checks/1/shared/rows/169,6-24:25-P_line,0.0,3.4e-6,true
tie_three_ua10_energy_economic_highs,r8-energy-b6eed093-ea37-473e-98c3-e2715fc8ab23,validation/evaluation/witness_checks/1/shared/rows/170,6-24:25-Q_line,0.0,3.4e-6,true
tie_three_ua10_energy_economic_highs,r8-energy-b6eed093-ea37-473e-98c3-e2715fc8ab23,validation/evaluation/witness_checks/1/shared/rows/171,R7-R3,8.890457814381136e-18,1.0e-6,true
tie_three_ua10_energy_economic_highs,r8-energy-b6eed093-ea37-473e-98c3-e2715fc8ab23,validation/evaluation/witness_checks/1/shared/rows/172,6-24:25-P_line,2.7755575615628914e-17,3.4e-6,true
tie_three_ua10_energy_economic_highs,r8-energy-b6eed093-ea37-473e-98c3-e2715fc8ab23,validation/evaluation/witness_checks/1/shared/rows/173,6-24:25-Q_line,0.0,3.4e-6,true
tie_three_ua10_energy_economic_highs,r8-energy-b6eed093-ea37-473e-98c3-e2715fc8ab23,validation/evaluation/witness_checks/1/shared/rows/174,R7-R3,0.0,1.0e-6,true
tie_three_ua10_energy_economic_highs,r8-energy-b6eed093-ea37-473e-98c3-e2715fc8ab23,validation/evaluation/witness_checks/1/shared/rows/175,6-24:25-P_line,0.0,3.4e-6,true
tie_three_ua10_energy_economic_highs,r8-energy-b6eed093-ea37-473e-98c3-e2715fc8ab23,validation/evaluation/witness_checks/1/shared/rows/176,6-24:25-Q_line,0.0,3.4e-6,true
tie_three_ua10_energy_economic_highs,r8-energy-b6eed093-ea37-473e-98c3-e2715fc8ab23,validation/evaluation/witness_checks/1/shared/rows/177,R7-R3,5.334274688628682e-17,1.0e-6,true
tie_three_ua10_energy_economic_highs,r8-energy-b6eed093-ea37-473e-98c3-e2715fc8ab23,validation/evaluation/witness_checks/1/shared/rows/178,6-22,0.0,1.0e-6,true
tie_three_ua10_energy_economic_highs,r8-energy-b6eed093-ea37-473e-98c3-e2715fc8ab23,validation/evaluation/witness_checks/1/shared/rows/179,6-54,0.0,3.4e-6,true
tie_three_ua10_energy_economic_highs,r8-energy-b6eed093-ea37-473e-98c3-e2715fc8ab23,validation/evaluation/witness_checks/1/shared/rows/180,6-19,0.0,3.4e-6,true
tie_three_ua10_energy_economic_highs,r8-energy-b6eed093-ea37-473e-98c3-e2715fc8ab23,validation/evaluation/witness_checks/1/shared/rows/181,6-20,0.0,3.4e-6,true
tie_three_ua10_energy_economic_highs,r8-energy-b6eed093-ea37-473e-98c3-e2715fc8ab23,validation/evaluation/witness_checks/1/shared/rows/182,6-22,0.0,1.0e-6,true
tie_three_ua10_energy_economic_highs,r8-energy-b6eed093-ea37-473e-98c3-e2715fc8ab23,validation/evaluation/witness_checks/1/shared/rows/183,6-54,0.0,3.4e-6,true
tie_three_ua10_energy_economic_highs,r8-energy-b6eed093-ea37-473e-98c3-e2715fc8ab23,validation/evaluation/witness_checks/1/shared/rows/184,6-19,2.7755575615628914e-17,3.4e-6,true
tie_three_ua10_energy_economic_highs,r8-energy-b6eed093-ea37-473e-98c3-e2715fc8ab23,validation/evaluation/witness_checks/1/shared/rows/185,6-20,0.0,3.4e-6,true
tie_three_ua10_energy_economic_highs,r8-energy-b6eed093-ea37-473e-98c3-e2715fc8ab23,validation/evaluation/witness_checks/1/shared/rows/186,6-22,0.0,1.0e-6,true
tie_three_ua10_energy_economic_highs,r8-energy-b6eed093-ea37-473e-98c3-e2715fc8ab23,validation/evaluation/witness_checks/1/shared/rows/187,6-54,0.0,3.4e-6,true
tie_three_ua10_energy_economic_highs,r8-energy-b6eed093-ea37-473e-98c3-e2715fc8ab23,validation/evaluation/witness_checks/1/shared/rows/188,6-19,2.7755575615628914e-17,3.4e-6,true
tie_three_ua10_energy_economic_highs,r8-energy-b6eed093-ea37-473e-98c3-e2715fc8ab23,validation/evaluation/witness_checks/1/shared/rows/189,6-20,0.0,3.4e-6,true
tie_three_ua10_energy_economic_highs,r8-energy-b6eed093-ea37-473e-98c3-e2715fc8ab23,validation/evaluation/witness_checks/1/shared/rows/190,6-55,0.0,3.4e-6,true
tie_three_ua10_energy_economic_highs,r8-energy-b6eed093-ea37-473e-98c3-e2715fc8ab23,validation/evaluation/witness_checks/1/shared/rows/191,6-55,0.0,3.4e-6,true
tie_three_ua10_energy_economic_highs,r8-energy-b6eed093-ea37-473e-98c3-e2715fc8ab23,validation/evaluation/witness_checks/1/shared/rows/192,6-55,0.0,3.4e-6,true
tie_three_ua10_energy_economic_highs,r8-energy-b6eed093-ea37-473e-98c3-e2715fc8ab23,validation/evaluation/witness_checks/1/shared/rows/193,6-55,0.0,3.4e-6,true
tie_three_ua10_energy_economic_highs,r8-energy-b6eed093-ea37-473e-98c3-e2715fc8ab23,validation/evaluation/witness_checks/1/shared/rows/194,6-53,0.0,1.0e-6,true
tie_three_ua10_energy_economic_highs,r8-energy-b6eed093-ea37-473e-98c3-e2715fc8ab23,validation/evaluation/witness_checks/2/rows/1,R8-E2-capacity,0.0,3.4e-6,true
tie_three_ua10_energy_economic_highs,r8-energy-b6eed093-ea37-473e-98c3-e2715fc8ab23,validation/evaluation/witness_checks/2/rows/2,R8-E2-capacity,0.0,3.4e-6,true
tie_three_ua10_energy_economic_highs,r8-energy-b6eed093-ea37-473e-98c3-e2715fc8ab23,validation/evaluation/witness_checks/2/rows/3,R8-E1-balance,5.551115123125783e-17,3.4e-6,true
tie_three_ua10_energy_economic_highs,r8-energy-b6eed093-ea37-473e-98c3-e2715fc8ab23,validation/evaluation/witness_checks/2/rows/4,R8-E1-balance,0.0,3.4e-6,true
tie_three_ua10_energy_economic_highs,r8-energy-b6eed093-ea37-473e-98c3-e2715fc8ab23,validation/evaluation/witness_checks/2/rows/5,R8-E1-balance,0.0,3.4e-6,true
tie_three_ua10_energy_economic_highs,r8-energy-b6eed093-ea37-473e-98c3-e2715fc8ab23,validation/evaluation/witness_checks/2/rows/6,R8-E1-balance,0.0,3.4e-6,true
tie_three_ua10_energy_economic_highs,r8-energy-b6eed093-ea37-473e-98c3-e2715fc8ab23,validation/evaluation/witness_checks/2/shared/rows/1,R7-B1-bounds,0.0,1.0e-6,true
tie_three_ua10_energy_economic_highs,r8-energy-b6eed093-ea37-473e-98c3-e2715fc8ab23,validation/evaluation/witness_checks/2/shared/rows/2,R7-B1-integer,0.0,1.0e-6,true
tie_three_ua10_energy_economic_highs,r8-energy-b6eed093-ea37-473e-98c3-e2715fc8ab23,validation/evaluation/witness_checks/2/shared/rows/3,R7-B1-inactive,0.0,1.0e-6,true
tie_three_ua10_energy_economic_highs,r8-energy-b6eed093-ea37-473e-98c3-e2715fc8ab23,validation/evaluation/witness_checks/2/shared/rows/4,R7-B1-bounds,0.0,1.0e-6,true
tie_three_ua10_energy_economic_highs,r8-energy-b6eed093-ea37-473e-98c3-e2715fc8ab23,validation/evaluation/witness_checks/2/shared/rows/5,R7-B1-integer,0.0,1.0e-6,true
tie_three_ua10_energy_economic_highs,r8-energy-b6eed093-ea37-473e-98c3-e2715fc8ab23,validation/evaluation/witness_checks/2/shared/rows/6,R7-B1-inactive,0.0,1.0e-6,true
tie_three_ua10_energy_economic_highs,r8-energy-b6eed093-ea37-473e-98c3-e2715fc8ab23,validation/evaluation/witness_checks/2/shared/rows/7,R7-B1-bounds,0.0,1.0e-6,true
tie_three_ua10_energy_economic_highs,r8-energy-b6eed093-ea37-473e-98c3-e2715fc8ab23,validation/evaluation/witness_checks/2/shared/rows/8,R7-B1-integer,0.0,1.0e-6,true
tie_three_ua10_energy_economic_highs,r8-energy-b6eed093-ea37-473e-98c3-e2715fc8ab23,validation/evaluation/witness_checks/2/shared/rows/9,R7-B1-charge,0.0,3.4e-6,true
tie_three_ua10_energy_economic_highs,r8-energy-b6eed093-ea37-473e-98c3-e2715fc8ab23,validation/evaluation/witness_checks/2/shared/rows/10,R7-B1-discharge,0.0,3.4e-6,true
tie_three_ua10_energy_economic_highs,r8-energy-b6eed093-ea37-473e-98c3-e2715fc8ab23,validation/evaluation/witness_checks/2/shared/rows/11,R7-B1-nonsimultaneous,0.0,3.4e-6,true
tie_three_ua10_energy_economic_highs,r8-energy-b6eed093-ea37-473e-98c3-e2715fc8ab23,validation/evaluation/witness_checks/2/shared/rows/12,R7-B1-bounds,0.0,1.0e-6,true
tie_three_ua10_energy_economic_highs,r8-energy-b6eed093-ea37-473e-98c3-e2715fc8ab23,validation/evaluation/witness_checks/2/shared/rows/13,R7-B1-integer,0.0,1.0e-6,true
tie_three_ua10_energy_economic_highs,r8-energy-b6eed093-ea37-473e-98c3-e2715fc8ab23,validation/evaluation/witness_checks/2/shared/rows/14,R7-B1-charge,0.0,3.4e-6,true
tie_three_ua10_energy_economic_highs,r8-energy-b6eed093-ea37-473e-98c3-e2715fc8ab23,validation/evaluation/witness_checks/2/shared/rows/15,R7-B1-discharge,0.0,3.4e-6,true
tie_three_ua10_energy_economic_highs,r8-energy-b6eed093-ea37-473e-98c3-e2715fc8ab23,validation/evaluation/witness_checks/2/shared/rows/16,R7-B1-nonsimultaneous,0.0,3.4e-6,true
tie_three_ua10_energy_economic_highs,r8-energy-b6eed093-ea37-473e-98c3-e2715fc8ab23,validation/evaluation/witness_checks/2/shared/rows/17,R7-B1-bounds,0.0,1.0e-6,true
tie_three_ua10_energy_economic_highs,r8-energy-b6eed093-ea37-473e-98c3-e2715fc8ab23,validation/evaluation/witness_checks/2/shared/rows/18,R7-B1-integer,0.0,1.0e-6,true
tie_three_ua10_energy_economic_highs,r8-energy-b6eed093-ea37-473e-98c3-e2715fc8ab23,validation/evaluation/witness_checks/2/shared/rows/19,R7-B1-inactive,0.0,1.0e-6,true
tie_three_ua10_energy_economic_highs,r8-energy-b6eed093-ea37-473e-98c3-e2715fc8ab23,validation/evaluation/witness_checks/2/shared/rows/20,R7-B1-bounds,0.0,1.0e-6,true
tie_three_ua10_energy_economic_highs,r8-energy-b6eed093-ea37-473e-98c3-e2715fc8ab23,validation/evaluation/witness_checks/2/shared/rows/21,R7-B1-integer,0.0,1.0e-6,true
tie_three_ua10_energy_economic_highs,r8-energy-b6eed093-ea37-473e-98c3-e2715fc8ab23,validation/evaluation/witness_checks/2/shared/rows/22,R7-B1-inactive,0.0,1.0e-6,true
tie_three_ua10_energy_economic_highs,r8-energy-b6eed093-ea37-473e-98c3-e2715fc8ab23,validation/evaluation/witness_checks/2/shared/rows/23,R7-B1-bounds,0.0,1.0e-6,true
tie_three_ua10_energy_economic_highs,r8-energy-b6eed093-ea37-473e-98c3-e2715fc8ab23,validation/evaluation/witness_checks/2/shared/rows/24,R7-B1-integer,0.0,1.0e-6,true
tie_three_ua10_energy_economic_highs,r8-energy-b6eed093-ea37-473e-98c3-e2715fc8ab23,validation/evaluation/witness_checks/2/shared/rows/25,R7-B1-inactive,0.0,1.0e-6,true
tie_three_ua10_energy_economic_highs,r8-energy-b6eed093-ea37-473e-98c3-e2715fc8ab23,validation/evaluation/witness_checks/2/shared/rows/26,R7-B1-bounds,0.0,1.0e-6,true
tie_three_ua10_energy_economic_highs,r8-energy-b6eed093-ea37-473e-98c3-e2715fc8ab23,validation/evaluation/witness_checks/2/shared/rows/27,R7-B1-integer,0.0,1.0e-6,true
tie_three_ua10_energy_economic_highs,r8-energy-b6eed093-ea37-473e-98c3-e2715fc8ab23,validation/evaluation/witness_checks/2/shared/rows/28,R7-B1-inactive,0.0,1.0e-6,true
tie_three_ua10_energy_economic_highs,r8-energy-b6eed093-ea37-473e-98c3-e2715fc8ab23,validation/evaluation/witness_checks/2/shared/rows/29,binary-z,0.0,1.0e-6,true
tie_three_ua10_energy_economic_highs,r8-energy-b6eed093-ea37-473e-98c3-e2715fc8ab23,validation/evaluation/witness_checks/2/shared/rows/30,integer-z,0.0,1.0e-6,true
tie_three_ua10_energy_economic_highs,r8-energy-b6eed093-ea37-473e-98c3-e2715fc8ab23,validation/evaluation/witness_checks/2/shared/rows/31,binary-z,0.0,1.0e-6,true
tie_three_ua10_energy_economic_highs,r8-energy-b6eed093-ea37-473e-98c3-e2715fc8ab23,validation/evaluation/witness_checks/2/shared/rows/32,integer-z,0.0,1.0e-6,true
tie_three_ua10_energy_economic_highs,r8-energy-b6eed093-ea37-473e-98c3-e2715fc8ab23,validation/evaluation/witness_checks/2/shared/rows/33,binary-z,0.0,1.0e-6,true
tie_three_ua10_energy_economic_highs,r8-energy-b6eed093-ea37-473e-98c3-e2715fc8ab23,validation/evaluation/witness_checks/2/shared/rows/34,integer-z,0.0,1.0e-6,true
tie_three_ua10_energy_economic_highs,r8-energy-b6eed093-ea37-473e-98c3-e2715fc8ab23,validation/evaluation/witness_checks/2/shared/rows/35,binary-beta,0.0,1.0e-6,true
tie_three_ua10_energy_economic_highs,r8-energy-b6eed093-ea37-473e-98c3-e2715fc8ab23,validation/evaluation/witness_checks/2/shared/rows/36,integer-beta,0.0,1.0e-6,true
tie_three_ua10_energy_economic_highs,r8-energy-b6eed093-ea37-473e-98c3-e2715fc8ab23,validation/evaluation/witness_checks/2/shared/rows/37,binary-beta,0.0,1.0e-6,true
tie_three_ua10_energy_economic_highs,r8-energy-b6eed093-ea37-473e-98c3-e2715fc8ab23,validation/evaluation/witness_checks/2/shared/rows/38,integer-beta,0.0,1.0e-6,true
tie_three_ua10_energy_economic_highs,r8-energy-b6eed093-ea37-473e-98c3-e2715fc8ab23,validation/evaluation/witness_checks/2/shared/rows/39,binary-beta,0.0,1.0e-6,true
tie_three_ua10_energy_economic_highs,r8-energy-b6eed093-ea37-473e-98c3-e2715fc8ab23,validation/evaluation/witness_checks/2/shared/rows/40,integer-beta,0.0,1.0e-6,true
tie_three_ua10_energy_economic_highs,r8-energy-b6eed093-ea37-473e-98c3-e2715fc8ab23,validation/evaluation/witness_checks/2/shared/rows/41,binary-a_on,0.0,1.0e-6,true
tie_three_ua10_energy_economic_highs,r8-energy-b6eed093-ea37-473e-98c3-e2715fc8ab23,validation/evaluation/witness_checks/2/shared/rows/42,integer-a_on,0.0,1.0e-6,true
tie_three_ua10_energy_economic_highs,r8-energy-b6eed093-ea37-473e-98c3-e2715fc8ab23,validation/evaluation/witness_checks/2/shared/rows/43,binary-a_on,0.0,1.0e-6,true
tie_three_ua10_energy_economic_highs,r8-energy-b6eed093-ea37-473e-98c3-e2715fc8ab23,validation/evaluation/witness_checks/2/shared/rows/44,integer-a_on,0.0,1.0e-6,true
tie_three_ua10_energy_economic_highs,r8-energy-b6eed093-ea37-473e-98c3-e2715fc8ab23,validation/evaluation/witness_checks/2/shared/rows/45,binary-a_on,0.0,1.0e-6,true
tie_three_ua10_energy_economic_highs,r8-energy-b6eed093-ea37-473e-98c3-e2715fc8ab23,validation/evaluation/witness_checks/2/shared/rows/46,integer-a_on,0.0,1.0e-6,true
tie_three_ua10_energy_economic_highs,r8-energy-b6eed093-ea37-473e-98c3-e2715fc8ab23,validation/evaluation/witness_checks/2/shared/rows/47,binary-a_off,0.0,1.0e-6,true
tie_three_ua10_energy_economic_highs,r8-energy-b6eed093-ea37-473e-98c3-e2715fc8ab23,validation/evaluation/witness_checks/2/shared/rows/48,integer-a_off,0.0,1.0e-6,true
tie_three_ua10_energy_economic_highs,r8-energy-b6eed093-ea37-473e-98c3-e2715fc8ab23,validation/evaluation/witness_checks/2/shared/rows/49,binary-a_off,0.0,1.0e-6,true
tie_three_ua10_energy_economic_highs,r8-energy-b6eed093-ea37-473e-98c3-e2715fc8ab23,validation/evaluation/witness_checks/2/shared/rows/50,integer-a_off,0.0,1.0e-6,true
tie_three_ua10_energy_economic_highs,r8-energy-b6eed093-ea37-473e-98c3-e2715fc8ab23,validation/evaluation/witness_checks/2/shared/rows/51,binary-a_off,0.0,1.0e-6,true
tie_three_ua10_energy_economic_highs,r8-energy-b6eed093-ea37-473e-98c3-e2715fc8ab23,validation/evaluation/witness_checks/2/shared/rows/52,integer-a_off,0.0,1.0e-6,true
tie_three_ua10_energy_economic_highs,r8-energy-b6eed093-ea37-473e-98c3-e2715fc8ab23,validation/evaluation/witness_checks/2/shared/rows/53,R7-R1,0.0,1.0e-6,true
tie_three_ua10_energy_economic_highs,r8-energy-b6eed093-ea37-473e-98c3-e2715fc8ab23,validation/evaluation/witness_checks/2/shared/rows/54,on-action,0.0,1.0e-6,true
tie_three_ua10_energy_economic_highs,r8-energy-b6eed093-ea37-473e-98c3-e2715fc8ab23,validation/evaluation/witness_checks/2/shared/rows/55,off-action,0.0,1.0e-6,true
tie_three_ua10_energy_economic_highs,r8-energy-b6eed093-ea37-473e-98c3-e2715fc8ab23,validation/evaluation/witness_checks/2/shared/rows/56,virtual-arc,0.0,1.0e-6,true
tie_three_ua10_energy_economic_highs,r8-energy-b6eed093-ea37-473e-98c3-e2715fc8ab23,validation/evaluation/witness_checks/2/shared/rows/57,R7-R1,0.0,1.0e-6,true
tie_three_ua10_energy_economic_highs,r8-energy-b6eed093-ea37-473e-98c3-e2715fc8ab23,validation/evaluation/witness_checks/2/shared/rows/58,on-action,0.0,1.0e-6,true
tie_three_ua10_energy_economic_highs,r8-energy-b6eed093-ea37-473e-98c3-e2715fc8ab23,validation/evaluation/witness_checks/2/shared/rows/59,off-action,0.0,1.0e-6,true
tie_three_ua10_energy_economic_highs,r8-energy-b6eed093-ea37-473e-98c3-e2715fc8ab23,validation/evaluation/witness_checks/2/shared/rows/60,virtual-arc,0.0,1.0e-6,true
tie_three_ua10_energy_economic_highs,r8-energy-b6eed093-ea37-473e-98c3-e2715fc8ab23,validation/evaluation/witness_checks/2/shared/rows/61,R7-R1,0.0,1.0e-6,true
tie_three_ua10_energy_economic_highs,r8-energy-b6eed093-ea37-473e-98c3-e2715fc8ab23,validation/evaluation/witness_checks/2/shared/rows/62,on-action,0.0,1.0e-6,true
tie_three_ua10_energy_economic_highs,r8-energy-b6eed093-ea37-473e-98c3-e2715fc8ab23,validation/evaluation/witness_checks/2/shared/rows/63,off-action,0.0,1.0e-6,true
tie_three_ua10_energy_economic_highs,r8-energy-b6eed093-ea37-473e-98c3-e2715fc8ab23,validation/evaluation/witness_checks/2/shared/rows/64,virtual-arc,0.0,1.0e-6,true
tie_three_ua10_energy_economic_highs,r8-energy-b6eed093-ea37-473e-98c3-e2715fc8ab23,validation/evaluation/witness_checks/2/shared/rows/65,6-63,0.0,1.0e-6,true
tie_three_ua10_energy_economic_highs,r8-energy-b6eed093-ea37-473e-98c3-e2715fc8ab23,validation/evaluation/witness_checks/2/shared/rows/66,forest-edges,0.0,1.0e-6,true
tie_three_ua10_energy_economic_highs,r8-energy-b6eed093-ea37-473e-98c3-e2715fc8ab23,validation/evaluation/witness_checks/2/shared/rows/67,forest-independent,0.0,1.0e-6,true
tie_three_ua10_energy_economic_highs,r8-energy-b6eed093-ea37-473e-98c3-e2715fc8ab23,validation/evaluation/witness_checks/2/shared/rows/68,one-root-per-component,0.0,1.0e-6,true
tie_three_ua10_energy_economic_highs,r8-energy-b6eed093-ea37-473e-98c3-e2715fc8ab23,validation/evaluation/witness_checks/2/shared/rows/69,root-eligible,0.0,1.0e-6,true
tie_three_ua10_energy_economic_highs,r8-energy-b6eed093-ea37-473e-98c3-e2715fc8ab23,validation/evaluation/witness_checks/2/shared/rows/70,root-supply,0.0,1.0e-6,true
tie_three_ua10_energy_economic_highs,r8-energy-b6eed093-ea37-473e-98c3-e2715fc8ab23,validation/evaluation/witness_checks/2/shared/rows/71,virtual-node,0.0,1.0e-6,true
tie_three_ua10_energy_economic_highs,r8-energy-b6eed093-ea37-473e-98c3-e2715fc8ab23,validation/evaluation/witness_checks/2/shared/rows/72,root-eligible,0.0,1.0e-6,true
tie_three_ua10_energy_economic_highs,r8-energy-b6eed093-ea37-473e-98c3-e2715fc8ab23,validation/evaluation/witness_checks/2/shared/rows/73,root-supply,0.0,1.0e-6,true
tie_three_ua10_energy_economic_highs,r8-energy-b6eed093-ea37-473e-98c3-e2715fc8ab23,validation/evaluation/witness_checks/2/shared/rows/74,virtual-node,0.0,1.0e-6,true
tie_three_ua10_energy_economic_highs,r8-energy-b6eed093-ea37-473e-98c3-e2715fc8ab23,validation/evaluation/witness_checks/2/shared/rows/75,root-eligible,0.0,1.0e-6,true
tie_three_ua10_energy_economic_highs,r8-energy-b6eed093-ea37-473e-98c3-e2715fc8ab23,validation/evaluation/witness_checks/2/shared/rows/76,root-supply,0.0,1.0e-6,true
tie_three_ua10_energy_economic_highs,r8-energy-b6eed093-ea37-473e-98c3-e2715fc8ab23,validation/evaluation/witness_checks/2/shared/rows/77,virtual-node,0.0,1.0e-6,true
tie_three_ua10_energy_economic_highs,r8-energy-b6eed093-ea37-473e-98c3-e2715fc8ab23,validation/evaluation/witness_checks/2/shared/rows/78,6-8/56/60,0.0,3.4e-6,true
tie_three_ua10_energy_economic_highs,r8-energy-b6eed093-ea37-473e-98c3-e2715fc8ab23,validation/evaluation/witness_checks/2/shared/rows/79,6-3/9,0.0,3.4e-6,true
tie_three_ua10_energy_economic_highs,r8-energy-b6eed093-ea37-473e-98c3-e2715fc8ab23,validation/evaluation/witness_checks/2/shared/rows/80,6-11,0.0,3.4e-6,true
tie_three_ua10_energy_economic_highs,r8-energy-b6eed093-ea37-473e-98c3-e2715fc8ab23,validation/evaluation/witness_checks/2/shared/rows/81,6-4/57,0.0,3.4e-6,true
tie_three_ua10_energy_economic_highs,r8-energy-b6eed093-ea37-473e-98c3-e2715fc8ab23,validation/evaluation/witness_checks/2/shared/rows/82,6-5/58,0.0,3.4e-6,true
tie_three_ua10_energy_economic_highs,r8-energy-b6eed093-ea37-473e-98c3-e2715fc8ab23,validation/evaluation/witness_checks/2/shared/rows/83,inactive-charge,0.0,3.4e-6,true
tie_three_ua10_energy_economic_highs,r8-energy-b6eed093-ea37-473e-98c3-e2715fc8ab23,validation/evaluation/witness_checks/2/shared/rows/84,inactive-discharge,0.0,3.4e-6,true
tie_three_ua10_energy_economic_highs,r8-energy-b6eed093-ea37-473e-98c3-e2715fc8ab23,validation/evaluation/witness_checks/2/shared/rows/85,6-8/56/60,0.0,3.4e-6,true
tie_three_ua10_energy_economic_highs,r8-energy-b6eed093-ea37-473e-98c3-e2715fc8ab23,validation/evaluation/witness_checks/2/shared/rows/86,6-3/9,0.0,3.4e-6,true
tie_three_ua10_energy_economic_highs,r8-energy-b6eed093-ea37-473e-98c3-e2715fc8ab23,validation/evaluation/witness_checks/2/shared/rows/87,6-11,0.0,3.4e-6,true
tie_three_ua10_energy_economic_highs,r8-energy-b6eed093-ea37-473e-98c3-e2715fc8ab23,validation/evaluation/witness_checks/2/shared/rows/88,6-4/57,0.0,3.4e-6,true
tie_three_ua10_energy_economic_highs,r8-energy-b6eed093-ea37-473e-98c3-e2715fc8ab23,validation/evaluation/witness_checks/2/shared/rows/89,6-5/58,0.0,3.4e-6,true
tie_three_ua10_energy_economic_highs,r8-energy-b6eed093-ea37-473e-98c3-e2715fc8ab23,validation/evaluation/witness_checks/2/shared/rows/90,inactive-charge,0.0,3.4e-6,true
tie_three_ua10_energy_economic_highs,r8-energy-b6eed093-ea37-473e-98c3-e2715fc8ab23,validation/evaluation/witness_checks/2/shared/rows/91,inactive-discharge,0.0,3.4e-6,true
tie_three_ua10_energy_economic_highs,r8-energy-b6eed093-ea37-473e-98c3-e2715fc8ab23,validation/evaluation/witness_checks/2/shared/rows/92,6-8/56/60,0.0,3.4e-6,true
tie_three_ua10_energy_economic_highs,r8-energy-b6eed093-ea37-473e-98c3-e2715fc8ab23,validation/evaluation/witness_checks/2/shared/rows/93,6-3/9,0.0,3.4e-6,true
tie_three_ua10_energy_economic_highs,r8-energy-b6eed093-ea37-473e-98c3-e2715fc8ab23,validation/evaluation/witness_checks/2/shared/rows/94,6-11,0.0,3.4e-6,true
tie_three_ua10_energy_economic_highs,r8-energy-b6eed093-ea37-473e-98c3-e2715fc8ab23,validation/evaluation/witness_checks/2/shared/rows/95,battery-charge,0.0,3.4e-6,true
tie_three_ua10_energy_economic_highs,r8-energy-b6eed093-ea37-473e-98c3-e2715fc8ab23,validation/evaluation/witness_checks/2/shared/rows/96,battery-discharge,0.0,3.4e-6,true
tie_three_ua10_energy_economic_highs,r8-energy-b6eed093-ea37-473e-98c3-e2715fc8ab23,validation/evaluation/witness_checks/2/shared/rows/97,6-12,0.0,3.4e-6,true
tie_three_ua10_energy_economic_highs,r8-energy-b6eed093-ea37-473e-98c3-e2715fc8ab23,validation/evaluation/witness_checks/2/shared/rows/98,6-14,0.0,2.0e-6,true
tie_three_ua10_energy_economic_highs,r8-energy-b6eed093-ea37-473e-98c3-e2715fc8ab23,validation/evaluation/witness_checks/2/shared/rows/99,6-8/56/60,0.0,3.4e-6,true
tie_three_ua10_energy_economic_highs,r8-energy-b6eed093-ea37-473e-98c3-e2715fc8ab23,validation/evaluation/witness_checks/2/shared/rows/100,6-3/9,0.0,3.4e-6,true
tie_three_ua10_energy_economic_highs,r8-energy-b6eed093-ea37-473e-98c3-e2715fc8ab23,validation/evaluation/witness_checks/2/shared/rows/101,6-11,0.0,3.4e-6,true
tie_three_ua10_energy_economic_highs,r8-energy-b6eed093-ea37-473e-98c3-e2715fc8ab23,validation/evaluation/witness_checks/2/shared/rows/102,battery-charge,0.0,3.4e-6,true
tie_three_ua10_energy_economic_highs,r8-energy-b6eed093-ea37-473e-98c3-e2715fc8ab23,validation/evaluation/witness_checks/2/shared/rows/103,battery-discharge,0.0,3.4e-6,true
tie_three_ua10_energy_economic_highs,r8-energy-b6eed093-ea37-473e-98c3-e2715fc8ab23,validation/evaluation/witness_checks/2/shared/rows/104,6-12,0.0,3.4e-6,true
tie_three_ua10_energy_economic_highs,r8-energy-b6eed093-ea37-473e-98c3-e2715fc8ab23,validation/evaluation/witness_checks/2/shared/rows/105,6-14,0.0,2.0e-6,true
tie_three_ua10_energy_economic_highs,r8-energy-b6eed093-ea37-473e-98c3-e2715fc8ab23,validation/evaluation/witness_checks/2/shared/rows/106,6-8/56/60,3.3306690738754696e-16,3.4e-6,true
tie_three_ua10_energy_economic_highs,r8-energy-b6eed093-ea37-473e-98c3-e2715fc8ab23,validation/evaluation/witness_checks/2/shared/rows/107,6-3/9,0.0,3.4e-6,true
tie_three_ua10_energy_economic_highs,r8-energy-b6eed093-ea37-473e-98c3-e2715fc8ab23,validation/evaluation/witness_checks/2/shared/rows/108,6-11,0.0,3.4e-6,true
tie_three_ua10_energy_economic_highs,r8-energy-b6eed093-ea37-473e-98c3-e2715fc8ab23,validation/evaluation/witness_checks/2/shared/rows/109,inactive-charge,0.0,3.4e-6,true
tie_three_ua10_energy_economic_highs,r8-energy-b6eed093-ea37-473e-98c3-e2715fc8ab23,validation/evaluation/witness_checks/2/shared/rows/110,inactive-discharge,0.0,3.4e-6,true
tie_three_ua10_energy_economic_highs,r8-energy-b6eed093-ea37-473e-98c3-e2715fc8ab23,validation/evaluation/witness_checks/2/shared/rows/111,6-8/56/60,3.3306690738754696e-16,3.4e-6,true
tie_three_ua10_energy_economic_highs,r8-energy-b6eed093-ea37-473e-98c3-e2715fc8ab23,validation/evaluation/witness_checks/2/shared/rows/112,6-3/9,0.0,3.4e-6,true
tie_three_ua10_energy_economic_highs,r8-energy-b6eed093-ea37-473e-98c3-e2715fc8ab23,validation/evaluation/witness_checks/2/shared/rows/113,6-11,0.0,3.4e-6,true
tie_three_ua10_energy_economic_highs,r8-energy-b6eed093-ea37-473e-98c3-e2715fc8ab23,validation/evaluation/witness_checks/2/shared/rows/114,inactive-charge,0.0,3.4e-6,true
tie_three_ua10_energy_economic_highs,r8-energy-b6eed093-ea37-473e-98c3-e2715fc8ab23,validation/evaluation/witness_checks/2/shared/rows/115,inactive-discharge,0.0,3.4e-6,true
tie_three_ua10_energy_economic_highs,r8-energy-b6eed093-ea37-473e-98c3-e2715fc8ab23,validation/evaluation/witness_checks/2/shared/rows/116,6-8/56/60,0.0,3.4e-6,true
tie_three_ua10_energy_economic_highs,r8-energy-b6eed093-ea37-473e-98c3-e2715fc8ab23,validation/evaluation/witness_checks/2/shared/rows/117,6-3/9,0.0,3.4e-6,true
tie_three_ua10_energy_economic_highs,r8-energy-b6eed093-ea37-473e-98c3-e2715fc8ab23,validation/evaluation/witness_checks/2/shared/rows/118,6-11,0.0,3.4e-6,true
tie_three_ua10_energy_economic_highs,r8-energy-b6eed093-ea37-473e-98c3-e2715fc8ab23,validation/evaluation/witness_checks/2/shared/rows/119,inactive-charge,0.0,3.4e-6,true
tie_three_ua10_energy_economic_highs,r8-energy-b6eed093-ea37-473e-98c3-e2715fc8ab23,validation/evaluation/witness_checks/2/shared/rows/120,inactive-discharge,0.0,3.4e-6,true
tie_three_ua10_energy_economic_highs,r8-energy-b6eed093-ea37-473e-98c3-e2715fc8ab23,validation/evaluation/witness_checks/2/shared/rows/121,6-8/56/60,0.0,3.4e-6,true
tie_three_ua10_energy_economic_highs,r8-energy-b6eed093-ea37-473e-98c3-e2715fc8ab23,validation/evaluation/witness_checks/2/shared/rows/122,6-3/9,0.0,3.4e-6,true
tie_three_ua10_energy_economic_highs,r8-energy-b6eed093-ea37-473e-98c3-e2715fc8ab23,validation/evaluation/witness_checks/2/shared/rows/123,6-11,0.0,3.4e-6,true
tie_three_ua10_energy_economic_highs,r8-energy-b6eed093-ea37-473e-98c3-e2715fc8ab23,validation/evaluation/witness_checks/2/shared/rows/124,inactive-charge,0.0,3.4e-6,true
tie_three_ua10_energy_economic_highs,r8-energy-b6eed093-ea37-473e-98c3-e2715fc8ab23,validation/evaluation/witness_checks/2/shared/rows/125,inactive-discharge,0.0,3.4e-6,true
tie_three_ua10_energy_economic_highs,r8-energy-b6eed093-ea37-473e-98c3-e2715fc8ab23,validation/evaluation/witness_checks/2/shared/rows/126,inactive-energy,0.0,2.0e-6,true
tie_three_ua10_energy_economic_highs,r8-energy-b6eed093-ea37-473e-98c3-e2715fc8ab23,validation/evaluation/witness_checks/2/shared/rows/127,inactive-energy,0.0,2.0e-6,true
tie_three_ua10_energy_economic_highs,r8-energy-b6eed093-ea37-473e-98c3-e2715fc8ab23,validation/evaluation/witness_checks/2/shared/rows/128,inactive-energy,0.0,2.0e-6,true
tie_three_ua10_energy_economic_highs,r8-energy-b6eed093-ea37-473e-98c3-e2715fc8ab23,validation/evaluation/witness_checks/2/shared/rows/129,inactive-energy,0.0,2.0e-6,true
tie_three_ua10_energy_economic_highs,r8-energy-b6eed093-ea37-473e-98c3-e2715fc8ab23,validation/evaluation/witness_checks/2/shared/rows/130,6-13,0.0,2.0e-6,true
tie_three_ua10_energy_economic_highs,r8-energy-b6eed093-ea37-473e-98c3-e2715fc8ab23,validation/evaluation/witness_checks/2/shared/rows/131,6-61,0.0,2.0e-6,true
tie_three_ua10_energy_economic_highs,r8-energy-b6eed093-ea37-473e-98c3-e2715fc8ab23,validation/evaluation/witness_checks/2/shared/rows/132,6-13,0.0,2.0e-6,true
tie_three_ua10_energy_economic_highs,r8-energy-b6eed093-ea37-473e-98c3-e2715fc8ab23,validation/evaluation/witness_checks/2/shared/rows/133,6-61,0.0,2.0e-6,true
tie_three_ua10_energy_economic_highs,r8-energy-b6eed093-ea37-473e-98c3-e2715fc8ab23,validation/evaluation/witness_checks/2/shared/rows/134,6-13,0.0,2.0e-6,true
tie_three_ua10_energy_economic_highs,r8-energy-b6eed093-ea37-473e-98c3-e2715fc8ab23,validation/evaluation/witness_checks/2/shared/rows/135,6-13,0.0,2.0e-6,true
tie_three_ua10_energy_economic_highs,r8-energy-b6eed093-ea37-473e-98c3-e2715fc8ab23,validation/evaluation/witness_checks/2/shared/rows/136,inactive-energy,0.0,2.0e-6,true
tie_three_ua10_energy_economic_highs,r8-energy-b6eed093-ea37-473e-98c3-e2715fc8ab23,validation/evaluation/witness_checks/2/shared/rows/137,inactive-energy,0.0,2.0e-6,true
tie_three_ua10_energy_economic_highs,r8-energy-b6eed093-ea37-473e-98c3-e2715fc8ab23,validation/evaluation/witness_checks/2/shared/rows/138,inactive-energy,0.0,2.0e-6,true
tie_three_ua10_energy_economic_highs,r8-energy-b6eed093-ea37-473e-98c3-e2715fc8ab23,validation/evaluation/witness_checks/2/shared/rows/139,inactive-energy,0.0,2.0e-6,true
tie_three_ua10_energy_economic_highs,r8-energy-b6eed093-ea37-473e-98c3-e2715fc8ab23,validation/evaluation/witness_checks/2/shared/rows/140,inactive-energy,0.0,2.0e-6,true
tie_three_ua10_energy_economic_highs,r8-energy-b6eed093-ea37-473e-98c3-e2715fc8ab23,validation/evaluation/witness_checks/2/shared/rows/141,inactive-energy,0.0,2.0e-6,true
tie_three_ua10_energy_economic_highs,r8-energy-b6eed093-ea37-473e-98c3-e2715fc8ab23,validation/evaluation/witness_checks/2/shared/rows/142,inactive-energy,0.0,2.0e-6,true
tie_three_ua10_energy_economic_highs,r8-energy-b6eed093-ea37-473e-98c3-e2715fc8ab23,validation/evaluation/witness_checks/2/shared/rows/143,inactive-energy,0.0,2.0e-6,true
tie_three_ua10_energy_economic_highs,r8-energy-b6eed093-ea37-473e-98c3-e2715fc8ab23,validation/evaluation/witness_checks/2/shared/rows/144,6-51-P,0.0,3.4e-6,true
tie_three_ua10_energy_economic_highs,r8-energy-b6eed093-ea37-473e-98c3-e2715fc8ab23,validation/evaluation/witness_checks/2/shared/rows/145,6-51-Q,0.0,3.4e-6,true
tie_three_ua10_energy_economic_highs,r8-energy-b6eed093-ea37-473e-98c3-e2715fc8ab23,validation/evaluation/witness_checks/2/shared/rows/146,6-24:25-P_line,0.0,3.4e-6,true
tie_three_ua10_energy_economic_highs,r8-energy-b6eed093-ea37-473e-98c3-e2715fc8ab23,validation/evaluation/witness_checks/2/shared/rows/147,6-24:25-Q_line,0.0,3.4e-6,true
tie_three_ua10_energy_economic_highs,r8-energy-b6eed093-ea37-473e-98c3-e2715fc8ab23,validation/evaluation/witness_checks/2/shared/rows/148,R7-R3,0.0,1.0e-6,true
tie_three_ua10_energy_economic_highs,r8-energy-b6eed093-ea37-473e-98c3-e2715fc8ab23,validation/evaluation/witness_checks/2/shared/rows/149,6-24:25-P_line,0.0,3.4e-6,true
tie_three_ua10_energy_economic_highs,r8-energy-b6eed093-ea37-473e-98c3-e2715fc8ab23,validation/evaluation/witness_checks/2/shared/rows/150,6-24:25-Q_line,0.0,3.4e-6,true
tie_three_ua10_energy_economic_highs,r8-energy-b6eed093-ea37-473e-98c3-e2715fc8ab23,validation/evaluation/witness_checks/2/shared/rows/151,R7-R3,3.3306690738754695e-18,1.0e-6,true
tie_three_ua10_energy_economic_highs,r8-energy-b6eed093-ea37-473e-98c3-e2715fc8ab23,validation/evaluation/witness_checks/2/shared/rows/152,6-24:25-P_line,0.0,3.4e-6,true
tie_three_ua10_energy_economic_highs,r8-energy-b6eed093-ea37-473e-98c3-e2715fc8ab23,validation/evaluation/witness_checks/2/shared/rows/153,6-24:25-Q_line,0.0,3.4e-6,true
tie_three_ua10_energy_economic_highs,r8-energy-b6eed093-ea37-473e-98c3-e2715fc8ab23,validation/evaluation/witness_checks/2/shared/rows/154,R7-R3,6.938893903907228e-18,1.0e-6,true
tie_three_ua10_energy_economic_highs,r8-energy-b6eed093-ea37-473e-98c3-e2715fc8ab23,validation/evaluation/witness_checks/2/shared/rows/155,6-22,0.0,1.0e-6,true
tie_three_ua10_energy_economic_highs,r8-energy-b6eed093-ea37-473e-98c3-e2715fc8ab23,validation/evaluation/witness_checks/2/shared/rows/156,6-54,0.0,3.4e-6,true
tie_three_ua10_energy_economic_highs,r8-energy-b6eed093-ea37-473e-98c3-e2715fc8ab23,validation/evaluation/witness_checks/2/shared/rows/157,6-19,0.0,3.4e-6,true
tie_three_ua10_energy_economic_highs,r8-energy-b6eed093-ea37-473e-98c3-e2715fc8ab23,validation/evaluation/witness_checks/2/shared/rows/158,6-20,0.0,3.4e-6,true
tie_three_ua10_energy_economic_highs,r8-energy-b6eed093-ea37-473e-98c3-e2715fc8ab23,validation/evaluation/witness_checks/2/shared/rows/159,6-22,0.0,1.0e-6,true
tie_three_ua10_energy_economic_highs,r8-energy-b6eed093-ea37-473e-98c3-e2715fc8ab23,validation/evaluation/witness_checks/2/shared/rows/160,6-54,0.0,3.4e-6,true
tie_three_ua10_energy_economic_highs,r8-energy-b6eed093-ea37-473e-98c3-e2715fc8ab23,validation/evaluation/witness_checks/2/shared/rows/161,6-19,0.0,3.4e-6,true
tie_three_ua10_energy_economic_highs,r8-energy-b6eed093-ea37-473e-98c3-e2715fc8ab23,validation/evaluation/witness_checks/2/shared/rows/162,6-20,0.0,3.4e-6,true
tie_three_ua10_energy_economic_highs,r8-energy-b6eed093-ea37-473e-98c3-e2715fc8ab23,validation/evaluation/witness_checks/2/shared/rows/163,6-22,0.0,1.0e-6,true
tie_three_ua10_energy_economic_highs,r8-energy-b6eed093-ea37-473e-98c3-e2715fc8ab23,validation/evaluation/witness_checks/2/shared/rows/164,6-54,0.0,3.4e-6,true
tie_three_ua10_energy_economic_highs,r8-energy-b6eed093-ea37-473e-98c3-e2715fc8ab23,validation/evaluation/witness_checks/2/shared/rows/165,6-19,0.0,3.4e-6,true
tie_three_ua10_energy_economic_highs,r8-energy-b6eed093-ea37-473e-98c3-e2715fc8ab23,validation/evaluation/witness_checks/2/shared/rows/166,6-20,0.0,3.4e-6,true
tie_three_ua10_energy_economic_highs,r8-energy-b6eed093-ea37-473e-98c3-e2715fc8ab23,validation/evaluation/witness_checks/2/shared/rows/167,6-51-P,0.0,3.4e-6,true
tie_three_ua10_energy_economic_highs,r8-energy-b6eed093-ea37-473e-98c3-e2715fc8ab23,validation/evaluation/witness_checks/2/shared/rows/168,6-51-Q,0.0,3.4e-6,true
tie_three_ua10_energy_economic_highs,r8-energy-b6eed093-ea37-473e-98c3-e2715fc8ab23,validation/evaluation/witness_checks/2/shared/rows/169,6-24:25-P_line,0.0,3.4e-6,true
tie_three_ua10_energy_economic_highs,r8-energy-b6eed093-ea37-473e-98c3-e2715fc8ab23,validation/evaluation/witness_checks/2/shared/rows/170,6-24:25-Q_line,0.0,3.4e-6,true
tie_three_ua10_energy_economic_highs,r8-energy-b6eed093-ea37-473e-98c3-e2715fc8ab23,validation/evaluation/witness_checks/2/shared/rows/171,R7-R3,0.0,1.0e-6,true
tie_three_ua10_energy_economic_highs,r8-energy-b6eed093-ea37-473e-98c3-e2715fc8ab23,validation/evaluation/witness_checks/2/shared/rows/172,6-24:25-P_line,0.0,3.4e-6,true
tie_three_ua10_energy_economic_highs,r8-energy-b6eed093-ea37-473e-98c3-e2715fc8ab23,validation/evaluation/witness_checks/2/shared/rows/173,6-24:25-Q_line,0.0,3.4e-6,true
tie_three_ua10_energy_economic_highs,r8-energy-b6eed093-ea37-473e-98c3-e2715fc8ab23,validation/evaluation/witness_checks/2/shared/rows/174,R7-R3,3.3306690738754695e-18,1.0e-6,true
tie_three_ua10_energy_economic_highs,r8-energy-b6eed093-ea37-473e-98c3-e2715fc8ab23,validation/evaluation/witness_checks/2/shared/rows/175,6-24:25-P_line,0.0,3.4e-6,true
tie_three_ua10_energy_economic_highs,r8-energy-b6eed093-ea37-473e-98c3-e2715fc8ab23,validation/evaluation/witness_checks/2/shared/rows/176,6-24:25-Q_line,0.0,3.4e-6,true
tie_three_ua10_energy_economic_highs,r8-energy-b6eed093-ea37-473e-98c3-e2715fc8ab23,validation/evaluation/witness_checks/2/shared/rows/177,R7-R3,6.071532165918825e-18,1.0e-6,true
tie_three_ua10_energy_economic_highs,r8-energy-b6eed093-ea37-473e-98c3-e2715fc8ab23,validation/evaluation/witness_checks/2/shared/rows/178,6-22,0.0,1.0e-6,true
tie_three_ua10_energy_economic_highs,r8-energy-b6eed093-ea37-473e-98c3-e2715fc8ab23,validation/evaluation/witness_checks/2/shared/rows/179,6-54,0.0,3.4e-6,true
tie_three_ua10_energy_economic_highs,r8-energy-b6eed093-ea37-473e-98c3-e2715fc8ab23,validation/evaluation/witness_checks/2/shared/rows/180,6-19,0.0,3.4e-6,true
tie_three_ua10_energy_economic_highs,r8-energy-b6eed093-ea37-473e-98c3-e2715fc8ab23,validation/evaluation/witness_checks/2/shared/rows/181,6-20,0.0,3.4e-6,true
tie_three_ua10_energy_economic_highs,r8-energy-b6eed093-ea37-473e-98c3-e2715fc8ab23,validation/evaluation/witness_checks/2/shared/rows/182,6-22,0.0,1.0e-6,true
tie_three_ua10_energy_economic_highs,r8-energy-b6eed093-ea37-473e-98c3-e2715fc8ab23,validation/evaluation/witness_checks/2/shared/rows/183,6-54,0.0,3.4e-6,true
tie_three_ua10_energy_economic_highs,r8-energy-b6eed093-ea37-473e-98c3-e2715fc8ab23,validation/evaluation/witness_checks/2/shared/rows/184,6-19,0.0,3.4e-6,true
tie_three_ua10_energy_economic_highs,r8-energy-b6eed093-ea37-473e-98c3-e2715fc8ab23,validation/evaluation/witness_checks/2/shared/rows/185,6-20,0.0,3.4e-6,true
tie_three_ua10_energy_economic_highs,r8-energy-b6eed093-ea37-473e-98c3-e2715fc8ab23,validation/evaluation/witness_checks/2/shared/rows/186,6-22,0.0,1.0e-6,true
tie_three_ua10_energy_economic_highs,r8-energy-b6eed093-ea37-473e-98c3-e2715fc8ab23,validation/evaluation/witness_checks/2/shared/rows/187,6-54,0.0,3.4e-6,true
tie_three_ua10_energy_economic_highs,r8-energy-b6eed093-ea37-473e-98c3-e2715fc8ab23,validation/evaluation/witness_checks/2/shared/rows/188,6-19,5.551115123125783e-17,3.4e-6,true
tie_three_ua10_energy_economic_highs,r8-energy-b6eed093-ea37-473e-98c3-e2715fc8ab23,validation/evaluation/witness_checks/2/shared/rows/189,6-20,0.0,3.4e-6,true
tie_three_ua10_energy_economic_highs,r8-energy-b6eed093-ea37-473e-98c3-e2715fc8ab23,validation/evaluation/witness_checks/2/shared/rows/190,6-55,0.0,3.4e-6,true
tie_three_ua10_energy_economic_highs,r8-energy-b6eed093-ea37-473e-98c3-e2715fc8ab23,validation/evaluation/witness_checks/2/shared/rows/191,6-55,0.0,3.4e-6,true
tie_three_ua10_energy_economic_highs,r8-energy-b6eed093-ea37-473e-98c3-e2715fc8ab23,validation/evaluation/witness_checks/2/shared/rows/192,6-55,0.0,3.4e-6,true
tie_three_ua10_energy_economic_highs,r8-energy-b6eed093-ea37-473e-98c3-e2715fc8ab23,validation/evaluation/witness_checks/2/shared/rows/193,6-55,0.0,3.4e-6,true
tie_three_ua10_energy_economic_highs,r8-energy-b6eed093-ea37-473e-98c3-e2715fc8ab23,validation/evaluation/witness_checks/2/shared/rows/194,6-53,0.0,1.0e-6,true
tie_three_ua10_energy_economic_highs,r8-energy-b6eed093-ea37-473e-98c3-e2715fc8ab23,validation/evaluation/witness_checks/3/rows/1,R8-E2-capacity,0.0,3.4e-6,true
tie_three_ua10_energy_economic_highs,r8-energy-b6eed093-ea37-473e-98c3-e2715fc8ab23,validation/evaluation/witness_checks/3/rows/2,R8-E2-capacity,0.0,3.4e-6,true
tie_three_ua10_energy_economic_highs,r8-energy-b6eed093-ea37-473e-98c3-e2715fc8ab23,validation/evaluation/witness_checks/3/rows/3,R8-E1-balance,0.0,3.4e-6,true
tie_three_ua10_energy_economic_highs,r8-energy-b6eed093-ea37-473e-98c3-e2715fc8ab23,validation/evaluation/witness_checks/3/rows/4,R8-E1-balance,0.0,3.4e-6,true
tie_three_ua10_energy_economic_highs,r8-energy-b6eed093-ea37-473e-98c3-e2715fc8ab23,validation/evaluation/witness_checks/3/rows/5,R8-E1-balance,0.0,3.4e-6,true
tie_three_ua10_energy_economic_highs,r8-energy-b6eed093-ea37-473e-98c3-e2715fc8ab23,validation/evaluation/witness_checks/3/rows/6,R8-E1-balance,0.0,3.4e-6,true
tie_three_ua10_energy_economic_highs,r8-energy-b6eed093-ea37-473e-98c3-e2715fc8ab23,validation/evaluation/witness_checks/3/shared/rows/1,R7-B1-bounds,0.0,1.0e-6,true
tie_three_ua10_energy_economic_highs,r8-energy-b6eed093-ea37-473e-98c3-e2715fc8ab23,validation/evaluation/witness_checks/3/shared/rows/2,R7-B1-integer,0.0,1.0e-6,true
tie_three_ua10_energy_economic_highs,r8-energy-b6eed093-ea37-473e-98c3-e2715fc8ab23,validation/evaluation/witness_checks/3/shared/rows/3,R7-B1-inactive,0.0,1.0e-6,true
tie_three_ua10_energy_economic_highs,r8-energy-b6eed093-ea37-473e-98c3-e2715fc8ab23,validation/evaluation/witness_checks/3/shared/rows/4,R7-B1-bounds,0.0,1.0e-6,true
tie_three_ua10_energy_economic_highs,r8-energy-b6eed093-ea37-473e-98c3-e2715fc8ab23,validation/evaluation/witness_checks/3/shared/rows/5,R7-B1-integer,0.0,1.0e-6,true
tie_three_ua10_energy_economic_highs,r8-energy-b6eed093-ea37-473e-98c3-e2715fc8ab23,validation/evaluation/witness_checks/3/shared/rows/6,R7-B1-inactive,0.0,1.0e-6,true
tie_three_ua10_energy_economic_highs,r8-energy-b6eed093-ea37-473e-98c3-e2715fc8ab23,validation/evaluation/witness_checks/3/shared/rows/7,R7-B1-bounds,0.0,1.0e-6,true
tie_three_ua10_energy_economic_highs,r8-energy-b6eed093-ea37-473e-98c3-e2715fc8ab23,validation/evaluation/witness_checks/3/shared/rows/8,R7-B1-integer,0.0,1.0e-6,true
tie_three_ua10_energy_economic_highs,r8-energy-b6eed093-ea37-473e-98c3-e2715fc8ab23,validation/evaluation/witness_checks/3/shared/rows/9,R7-B1-charge,0.0,3.4e-6,true
tie_three_ua10_energy_economic_highs,r8-energy-b6eed093-ea37-473e-98c3-e2715fc8ab23,validation/evaluation/witness_checks/3/shared/rows/10,R7-B1-discharge,0.0,3.4e-6,true
tie_three_ua10_energy_economic_highs,r8-energy-b6eed093-ea37-473e-98c3-e2715fc8ab23,validation/evaluation/witness_checks/3/shared/rows/11,R7-B1-nonsimultaneous,0.0,3.4e-6,true
tie_three_ua10_energy_economic_highs,r8-energy-b6eed093-ea37-473e-98c3-e2715fc8ab23,validation/evaluation/witness_checks/3/shared/rows/12,R7-B1-bounds,0.0,1.0e-6,true
tie_three_ua10_energy_economic_highs,r8-energy-b6eed093-ea37-473e-98c3-e2715fc8ab23,validation/evaluation/witness_checks/3/shared/rows/13,R7-B1-integer,0.0,1.0e-6,true
tie_three_ua10_energy_economic_highs,r8-energy-b6eed093-ea37-473e-98c3-e2715fc8ab23,validation/evaluation/witness_checks/3/shared/rows/14,R7-B1-charge,0.0,3.4e-6,true
tie_three_ua10_energy_economic_highs,r8-energy-b6eed093-ea37-473e-98c3-e2715fc8ab23,validation/evaluation/witness_checks/3/shared/rows/15,R7-B1-discharge,0.0,3.4e-6,true
tie_three_ua10_energy_economic_highs,r8-energy-b6eed093-ea37-473e-98c3-e2715fc8ab23,validation/evaluation/witness_checks/3/shared/rows/16,R7-B1-nonsimultaneous,0.0,3.4e-6,true
tie_three_ua10_energy_economic_highs,r8-energy-b6eed093-ea37-473e-98c3-e2715fc8ab23,validation/evaluation/witness_checks/3/shared/rows/17,R7-B1-bounds,0.0,1.0e-6,true
tie_three_ua10_energy_economic_highs,r8-energy-b6eed093-ea37-473e-98c3-e2715fc8ab23,validation/evaluation/witness_checks/3/shared/rows/18,R7-B1-integer,0.0,1.0e-6,true
tie_three_ua10_energy_economic_highs,r8-energy-b6eed093-ea37-473e-98c3-e2715fc8ab23,validation/evaluation/witness_checks/3/shared/rows/19,R7-B1-inactive,0.0,1.0e-6,true
tie_three_ua10_energy_economic_highs,r8-energy-b6eed093-ea37-473e-98c3-e2715fc8ab23,validation/evaluation/witness_checks/3/shared/rows/20,R7-B1-bounds,0.0,1.0e-6,true
tie_three_ua10_energy_economic_highs,r8-energy-b6eed093-ea37-473e-98c3-e2715fc8ab23,validation/evaluation/witness_checks/3/shared/rows/21,R7-B1-integer,0.0,1.0e-6,true
tie_three_ua10_energy_economic_highs,r8-energy-b6eed093-ea37-473e-98c3-e2715fc8ab23,validation/evaluation/witness_checks/3/shared/rows/22,R7-B1-inactive,0.0,1.0e-6,true
tie_three_ua10_energy_economic_highs,r8-energy-b6eed093-ea37-473e-98c3-e2715fc8ab23,validation/evaluation/witness_checks/3/shared/rows/23,R7-B1-bounds,0.0,1.0e-6,true
tie_three_ua10_energy_economic_highs,r8-energy-b6eed093-ea37-473e-98c3-e2715fc8ab23,validation/evaluation/witness_checks/3/shared/rows/24,R7-B1-integer,0.0,1.0e-6,true
tie_three_ua10_energy_economic_highs,r8-energy-b6eed093-ea37-473e-98c3-e2715fc8ab23,validation/evaluation/witness_checks/3/shared/rows/25,R7-B1-inactive,0.0,1.0e-6,true
tie_three_ua10_energy_economic_highs,r8-energy-b6eed093-ea37-473e-98c3-e2715fc8ab23,validation/evaluation/witness_checks/3/shared/rows/26,R7-B1-bounds,0.0,1.0e-6,true
tie_three_ua10_energy_economic_highs,r8-energy-b6eed093-ea37-473e-98c3-e2715fc8ab23,validation/evaluation/witness_checks/3/shared/rows/27,R7-B1-integer,0.0,1.0e-6,true
tie_three_ua10_energy_economic_highs,r8-energy-b6eed093-ea37-473e-98c3-e2715fc8ab23,validation/evaluation/witness_checks/3/shared/rows/28,R7-B1-inactive,0.0,1.0e-6,true
tie_three_ua10_energy_economic_highs,r8-energy-b6eed093-ea37-473e-98c3-e2715fc8ab23,validation/evaluation/witness_checks/3/shared/rows/29,binary-z,0.0,1.0e-6,true
tie_three_ua10_energy_economic_highs,r8-energy-b6eed093-ea37-473e-98c3-e2715fc8ab23,validation/evaluation/witness_checks/3/shared/rows/30,integer-z,0.0,1.0e-6,true
tie_three_ua10_energy_economic_highs,r8-energy-b6eed093-ea37-473e-98c3-e2715fc8ab23,validation/evaluation/witness_checks/3/shared/rows/31,binary-z,0.0,1.0e-6,true
tie_three_ua10_energy_economic_highs,r8-energy-b6eed093-ea37-473e-98c3-e2715fc8ab23,validation/evaluation/witness_checks/3/shared/rows/32,integer-z,0.0,1.0e-6,true
tie_three_ua10_energy_economic_highs,r8-energy-b6eed093-ea37-473e-98c3-e2715fc8ab23,validation/evaluation/witness_checks/3/shared/rows/33,binary-z,0.0,1.0e-6,true
tie_three_ua10_energy_economic_highs,r8-energy-b6eed093-ea37-473e-98c3-e2715fc8ab23,validation/evaluation/witness_checks/3/shared/rows/34,integer-z,0.0,1.0e-6,true
tie_three_ua10_energy_economic_highs,r8-energy-b6eed093-ea37-473e-98c3-e2715fc8ab23,validation/evaluation/witness_checks/3/shared/rows/35,binary-beta,0.0,1.0e-6,true
tie_three_ua10_energy_economic_highs,r8-energy-b6eed093-ea37-473e-98c3-e2715fc8ab23,validation/evaluation/witness_checks/3/shared/rows/36,integer-beta,0.0,1.0e-6,true
tie_three_ua10_energy_economic_highs,r8-energy-b6eed093-ea37-473e-98c3-e2715fc8ab23,validation/evaluation/witness_checks/3/shared/rows/37,binary-beta,0.0,1.0e-6,true
tie_three_ua10_energy_economic_highs,r8-energy-b6eed093-ea37-473e-98c3-e2715fc8ab23,validation/evaluation/witness_checks/3/shared/rows/38,integer-beta,0.0,1.0e-6,true
tie_three_ua10_energy_economic_highs,r8-energy-b6eed093-ea37-473e-98c3-e2715fc8ab23,validation/evaluation/witness_checks/3/shared/rows/39,binary-beta,0.0,1.0e-6,true
tie_three_ua10_energy_economic_highs,r8-energy-b6eed093-ea37-473e-98c3-e2715fc8ab23,validation/evaluation/witness_checks/3/shared/rows/40,integer-beta,0.0,1.0e-6,true
tie_three_ua10_energy_economic_highs,r8-energy-b6eed093-ea37-473e-98c3-e2715fc8ab23,validation/evaluation/witness_checks/3/shared/rows/41,binary-a_on,0.0,1.0e-6,true
tie_three_ua10_energy_economic_highs,r8-energy-b6eed093-ea37-473e-98c3-e2715fc8ab23,validation/evaluation/witness_checks/3/shared/rows/42,integer-a_on,0.0,1.0e-6,true
tie_three_ua10_energy_economic_highs,r8-energy-b6eed093-ea37-473e-98c3-e2715fc8ab23,validation/evaluation/witness_checks/3/shared/rows/43,binary-a_on,0.0,1.0e-6,true
tie_three_ua10_energy_economic_highs,r8-energy-b6eed093-ea37-473e-98c3-e2715fc8ab23,validation/evaluation/witness_checks/3/shared/rows/44,integer-a_on,0.0,1.0e-6,true
tie_three_ua10_energy_economic_highs,r8-energy-b6eed093-ea37-473e-98c3-e2715fc8ab23,validation/evaluation/witness_checks/3/shared/rows/45,binary-a_on,0.0,1.0e-6,true
tie_three_ua10_energy_economic_highs,r8-energy-b6eed093-ea37-473e-98c3-e2715fc8ab23,validation/evaluation/witness_checks/3/shared/rows/46,integer-a_on,0.0,1.0e-6,true
tie_three_ua10_energy_economic_highs,r8-energy-b6eed093-ea37-473e-98c3-e2715fc8ab23,validation/evaluation/witness_checks/3/shared/rows/47,binary-a_off,0.0,1.0e-6,true
tie_three_ua10_energy_economic_highs,r8-energy-b6eed093-ea37-473e-98c3-e2715fc8ab23,validation/evaluation/witness_checks/3/shared/rows/48,integer-a_off,0.0,1.0e-6,true
tie_three_ua10_energy_economic_highs,r8-energy-b6eed093-ea37-473e-98c3-e2715fc8ab23,validation/evaluation/witness_checks/3/shared/rows/49,binary-a_off,0.0,1.0e-6,true
tie_three_ua10_energy_economic_highs,r8-energy-b6eed093-ea37-473e-98c3-e2715fc8ab23,validation/evaluation/witness_checks/3/shared/rows/50,integer-a_off,0.0,1.0e-6,true
tie_three_ua10_energy_economic_highs,r8-energy-b6eed093-ea37-473e-98c3-e2715fc8ab23,validation/evaluation/witness_checks/3/shared/rows/51,binary-a_off,0.0,1.0e-6,true
tie_three_ua10_energy_economic_highs,r8-energy-b6eed093-ea37-473e-98c3-e2715fc8ab23,validation/evaluation/witness_checks/3/shared/rows/52,integer-a_off,0.0,1.0e-6,true
tie_three_ua10_energy_economic_highs,r8-energy-b6eed093-ea37-473e-98c3-e2715fc8ab23,validation/evaluation/witness_checks/3/shared/rows/53,R7-R1,0.0,1.0e-6,true
tie_three_ua10_energy_economic_highs,r8-energy-b6eed093-ea37-473e-98c3-e2715fc8ab23,validation/evaluation/witness_checks/3/shared/rows/54,on-action,0.0,1.0e-6,true
tie_three_ua10_energy_economic_highs,r8-energy-b6eed093-ea37-473e-98c3-e2715fc8ab23,validation/evaluation/witness_checks/3/shared/rows/55,off-action,0.0,1.0e-6,true
tie_three_ua10_energy_economic_highs,r8-energy-b6eed093-ea37-473e-98c3-e2715fc8ab23,validation/evaluation/witness_checks/3/shared/rows/56,virtual-arc,0.0,1.0e-6,true
tie_three_ua10_energy_economic_highs,r8-energy-b6eed093-ea37-473e-98c3-e2715fc8ab23,validation/evaluation/witness_checks/3/shared/rows/57,R7-R1,0.0,1.0e-6,true
tie_three_ua10_energy_economic_highs,r8-energy-b6eed093-ea37-473e-98c3-e2715fc8ab23,validation/evaluation/witness_checks/3/shared/rows/58,on-action,0.0,1.0e-6,true
tie_three_ua10_energy_economic_highs,r8-energy-b6eed093-ea37-473e-98c3-e2715fc8ab23,validation/evaluation/witness_checks/3/shared/rows/59,off-action,0.0,1.0e-6,true
tie_three_ua10_energy_economic_highs,r8-energy-b6eed093-ea37-473e-98c3-e2715fc8ab23,validation/evaluation/witness_checks/3/shared/rows/60,virtual-arc,0.0,1.0e-6,true
tie_three_ua10_energy_economic_highs,r8-energy-b6eed093-ea37-473e-98c3-e2715fc8ab23,validation/evaluation/witness_checks/3/shared/rows/61,R7-R1,0.0,1.0e-6,true
tie_three_ua10_energy_economic_highs,r8-energy-b6eed093-ea37-473e-98c3-e2715fc8ab23,validation/evaluation/witness_checks/3/shared/rows/62,on-action,0.0,1.0e-6,true
tie_three_ua10_energy_economic_highs,r8-energy-b6eed093-ea37-473e-98c3-e2715fc8ab23,validation/evaluation/witness_checks/3/shared/rows/63,off-action,0.0,1.0e-6,true
tie_three_ua10_energy_economic_highs,r8-energy-b6eed093-ea37-473e-98c3-e2715fc8ab23,validation/evaluation/witness_checks/3/shared/rows/64,virtual-arc,0.0,1.0e-6,true
tie_three_ua10_energy_economic_highs,r8-energy-b6eed093-ea37-473e-98c3-e2715fc8ab23,validation/evaluation/witness_checks/3/shared/rows/65,6-63,0.0,1.0e-6,true
tie_three_ua10_energy_economic_highs,r8-energy-b6eed093-ea37-473e-98c3-e2715fc8ab23,validation/evaluation/witness_checks/3/shared/rows/66,forest-edges,0.0,1.0e-6,true
tie_three_ua10_energy_economic_highs,r8-energy-b6eed093-ea37-473e-98c3-e2715fc8ab23,validation/evaluation/witness_checks/3/shared/rows/67,forest-independent,0.0,1.0e-6,true
tie_three_ua10_energy_economic_highs,r8-energy-b6eed093-ea37-473e-98c3-e2715fc8ab23,validation/evaluation/witness_checks/3/shared/rows/68,one-root-per-component,0.0,1.0e-6,true
tie_three_ua10_energy_economic_highs,r8-energy-b6eed093-ea37-473e-98c3-e2715fc8ab23,validation/evaluation/witness_checks/3/shared/rows/69,root-eligible,0.0,1.0e-6,true
tie_three_ua10_energy_economic_highs,r8-energy-b6eed093-ea37-473e-98c3-e2715fc8ab23,validation/evaluation/witness_checks/3/shared/rows/70,root-supply,0.0,1.0e-6,true
tie_three_ua10_energy_economic_highs,r8-energy-b6eed093-ea37-473e-98c3-e2715fc8ab23,validation/evaluation/witness_checks/3/shared/rows/71,virtual-node,0.0,1.0e-6,true
tie_three_ua10_energy_economic_highs,r8-energy-b6eed093-ea37-473e-98c3-e2715fc8ab23,validation/evaluation/witness_checks/3/shared/rows/72,root-eligible,0.0,1.0e-6,true
tie_three_ua10_energy_economic_highs,r8-energy-b6eed093-ea37-473e-98c3-e2715fc8ab23,validation/evaluation/witness_checks/3/shared/rows/73,root-supply,0.0,1.0e-6,true
tie_three_ua10_energy_economic_highs,r8-energy-b6eed093-ea37-473e-98c3-e2715fc8ab23,validation/evaluation/witness_checks/3/shared/rows/74,virtual-node,0.0,1.0e-6,true
tie_three_ua10_energy_economic_highs,r8-energy-b6eed093-ea37-473e-98c3-e2715fc8ab23,validation/evaluation/witness_checks/3/shared/rows/75,root-eligible,0.0,1.0e-6,true
tie_three_ua10_energy_economic_highs,r8-energy-b6eed093-ea37-473e-98c3-e2715fc8ab23,validation/evaluation/witness_checks/3/shared/rows/76,root-supply,0.0,1.0e-6,true
tie_three_ua10_energy_economic_highs,r8-energy-b6eed093-ea37-473e-98c3-e2715fc8ab23,validation/evaluation/witness_checks/3/shared/rows/77,virtual-node,0.0,1.0e-6,true
tie_three_ua10_energy_economic_highs,r8-energy-b6eed093-ea37-473e-98c3-e2715fc8ab23,validation/evaluation/witness_checks/3/shared/rows/78,6-8/56/60,0.0,3.4e-6,true
tie_three_ua10_energy_economic_highs,r8-energy-b6eed093-ea37-473e-98c3-e2715fc8ab23,validation/evaluation/witness_checks/3/shared/rows/79,6-3/9,0.0,3.4e-6,true
tie_three_ua10_energy_economic_highs,r8-energy-b6eed093-ea37-473e-98c3-e2715fc8ab23,validation/evaluation/witness_checks/3/shared/rows/80,6-11,0.0,3.4e-6,true
tie_three_ua10_energy_economic_highs,r8-energy-b6eed093-ea37-473e-98c3-e2715fc8ab23,validation/evaluation/witness_checks/3/shared/rows/81,6-4/57,0.0,3.4e-6,true
tie_three_ua10_energy_economic_highs,r8-energy-b6eed093-ea37-473e-98c3-e2715fc8ab23,validation/evaluation/witness_checks/3/shared/rows/82,6-5/58,0.0,3.4e-6,true
tie_three_ua10_energy_economic_highs,r8-energy-b6eed093-ea37-473e-98c3-e2715fc8ab23,validation/evaluation/witness_checks/3/shared/rows/83,inactive-charge,0.0,3.4e-6,true
tie_three_ua10_energy_economic_highs,r8-energy-b6eed093-ea37-473e-98c3-e2715fc8ab23,validation/evaluation/witness_checks/3/shared/rows/84,inactive-discharge,0.0,3.4e-6,true
tie_three_ua10_energy_economic_highs,r8-energy-b6eed093-ea37-473e-98c3-e2715fc8ab23,validation/evaluation/witness_checks/3/shared/rows/85,6-8/56/60,0.0,3.4e-6,true
tie_three_ua10_energy_economic_highs,r8-energy-b6eed093-ea37-473e-98c3-e2715fc8ab23,validation/evaluation/witness_checks/3/shared/rows/86,6-3/9,0.0,3.4e-6,true
tie_three_ua10_energy_economic_highs,r8-energy-b6eed093-ea37-473e-98c3-e2715fc8ab23,validation/evaluation/witness_checks/3/shared/rows/87,6-11,0.0,3.4e-6,true
tie_three_ua10_energy_economic_highs,r8-energy-b6eed093-ea37-473e-98c3-e2715fc8ab23,validation/evaluation/witness_checks/3/shared/rows/88,6-4/57,0.0,3.4e-6,true
tie_three_ua10_energy_economic_highs,r8-energy-b6eed093-ea37-473e-98c3-e2715fc8ab23,validation/evaluation/witness_checks/3/shared/rows/89,6-5/58,0.0,3.4e-6,true
tie_three_ua10_energy_economic_highs,r8-energy-b6eed093-ea37-473e-98c3-e2715fc8ab23,validation/evaluation/witness_checks/3/shared/rows/90,inactive-charge,0.0,3.4e-6,true
tie_three_ua10_energy_economic_highs,r8-energy-b6eed093-ea37-473e-98c3-e2715fc8ab23,validation/evaluation/witness_checks/3/shared/rows/91,inactive-discharge,0.0,3.4e-6,true
tie_three_ua10_energy_economic_highs,r8-energy-b6eed093-ea37-473e-98c3-e2715fc8ab23,validation/evaluation/witness_checks/3/shared/rows/92,6-8/56/60,0.0,3.4e-6,true
tie_three_ua10_energy_economic_highs,r8-energy-b6eed093-ea37-473e-98c3-e2715fc8ab23,validation/evaluation/witness_checks/3/shared/rows/93,6-3/9,0.0,3.4e-6,true
tie_three_ua10_energy_economic_highs,r8-energy-b6eed093-ea37-473e-98c3-e2715fc8ab23,validation/evaluation/witness_checks/3/shared/rows/94,6-11,0.0,3.4e-6,true
tie_three_ua10_energy_economic_highs,r8-energy-b6eed093-ea37-473e-98c3-e2715fc8ab23,validation/evaluation/witness_checks/3/shared/rows/95,battery-charge,0.0,3.4e-6,true
tie_three_ua10_energy_economic_highs,r8-energy-b6eed093-ea37-473e-98c3-e2715fc8ab23,validation/evaluation/witness_checks/3/shared/rows/96,battery-discharge,0.0,3.4e-6,true
tie_three_ua10_energy_economic_highs,r8-energy-b6eed093-ea37-473e-98c3-e2715fc8ab23,validation/evaluation/witness_checks/3/shared/rows/97,6-12,0.0,3.4e-6,true
tie_three_ua10_energy_economic_highs,r8-energy-b6eed093-ea37-473e-98c3-e2715fc8ab23,validation/evaluation/witness_checks/3/shared/rows/98,6-14,0.0,2.0e-6,true
tie_three_ua10_energy_economic_highs,r8-energy-b6eed093-ea37-473e-98c3-e2715fc8ab23,validation/evaluation/witness_checks/3/shared/rows/99,6-8/56/60,0.0,3.4e-6,true
tie_three_ua10_energy_economic_highs,r8-energy-b6eed093-ea37-473e-98c3-e2715fc8ab23,validation/evaluation/witness_checks/3/shared/rows/100,6-3/9,0.0,3.4e-6,true
tie_three_ua10_energy_economic_highs,r8-energy-b6eed093-ea37-473e-98c3-e2715fc8ab23,validation/evaluation/witness_checks/3/shared/rows/101,6-11,0.0,3.4e-6,true
tie_three_ua10_energy_economic_highs,r8-energy-b6eed093-ea37-473e-98c3-e2715fc8ab23,validation/evaluation/witness_checks/3/shared/rows/102,battery-charge,0.0,3.4e-6,true
tie_three_ua10_energy_economic_highs,r8-energy-b6eed093-ea37-473e-98c3-e2715fc8ab23,validation/evaluation/witness_checks/3/shared/rows/103,battery-discharge,0.0,3.4e-6,true
tie_three_ua10_energy_economic_highs,r8-energy-b6eed093-ea37-473e-98c3-e2715fc8ab23,validation/evaluation/witness_checks/3/shared/rows/104,6-12,0.0,3.4e-6,true
tie_three_ua10_energy_economic_highs,r8-energy-b6eed093-ea37-473e-98c3-e2715fc8ab23,validation/evaluation/witness_checks/3/shared/rows/105,6-14,0.0,2.0e-6,true
tie_three_ua10_energy_economic_highs,r8-energy-b6eed093-ea37-473e-98c3-e2715fc8ab23,validation/evaluation/witness_checks/3/shared/rows/106,6-8/56/60,0.0,3.4e-6,true
tie_three_ua10_energy_economic_highs,r8-energy-b6eed093-ea37-473e-98c3-e2715fc8ab23,validation/evaluation/witness_checks/3/shared/rows/107,6-3/9,0.0,3.4e-6,true
tie_three_ua10_energy_economic_highs,r8-energy-b6eed093-ea37-473e-98c3-e2715fc8ab23,validation/evaluation/witness_checks/3/shared/rows/108,6-11,0.0,3.4e-6,true
tie_three_ua10_energy_economic_highs,r8-energy-b6eed093-ea37-473e-98c3-e2715fc8ab23,validation/evaluation/witness_checks/3/shared/rows/109,inactive-charge,0.0,3.4e-6,true
tie_three_ua10_energy_economic_highs,r8-energy-b6eed093-ea37-473e-98c3-e2715fc8ab23,validation/evaluation/witness_checks/3/shared/rows/110,inactive-discharge,0.0,3.4e-6,true
tie_three_ua10_energy_economic_highs,r8-energy-b6eed093-ea37-473e-98c3-e2715fc8ab23,validation/evaluation/witness_checks/3/shared/rows/111,6-8/56/60,0.0,3.4e-6,true
tie_three_ua10_energy_economic_highs,r8-energy-b6eed093-ea37-473e-98c3-e2715fc8ab23,validation/evaluation/witness_checks/3/shared/rows/112,6-3/9,0.0,3.4e-6,true
tie_three_ua10_energy_economic_highs,r8-energy-b6eed093-ea37-473e-98c3-e2715fc8ab23,validation/evaluation/witness_checks/3/shared/rows/113,6-11,0.0,3.4e-6,true
tie_three_ua10_energy_economic_highs,r8-energy-b6eed093-ea37-473e-98c3-e2715fc8ab23,validation/evaluation/witness_checks/3/shared/rows/114,inactive-charge,0.0,3.4e-6,true
tie_three_ua10_energy_economic_highs,r8-energy-b6eed093-ea37-473e-98c3-e2715fc8ab23,validation/evaluation/witness_checks/3/shared/rows/115,inactive-discharge,0.0,3.4e-6,true
tie_three_ua10_energy_economic_highs,r8-energy-b6eed093-ea37-473e-98c3-e2715fc8ab23,validation/evaluation/witness_checks/3/shared/rows/116,6-8/56/60,0.0,3.4e-6,true
tie_three_ua10_energy_economic_highs,r8-energy-b6eed093-ea37-473e-98c3-e2715fc8ab23,validation/evaluation/witness_checks/3/shared/rows/117,6-3/9,0.0,3.4e-6,true
tie_three_ua10_energy_economic_highs,r8-energy-b6eed093-ea37-473e-98c3-e2715fc8ab23,validation/evaluation/witness_checks/3/shared/rows/118,6-11,0.0,3.4e-6,true
tie_three_ua10_energy_economic_highs,r8-energy-b6eed093-ea37-473e-98c3-e2715fc8ab23,validation/evaluation/witness_checks/3/shared/rows/119,inactive-charge,0.0,3.4e-6,true
tie_three_ua10_energy_economic_highs,r8-energy-b6eed093-ea37-473e-98c3-e2715fc8ab23,validation/evaluation/witness_checks/3/shared/rows/120,inactive-discharge,0.0,3.4e-6,true
tie_three_ua10_energy_economic_highs,r8-energy-b6eed093-ea37-473e-98c3-e2715fc8ab23,validation/evaluation/witness_checks/3/shared/rows/121,6-8/56/60,0.0,3.4e-6,true
tie_three_ua10_energy_economic_highs,r8-energy-b6eed093-ea37-473e-98c3-e2715fc8ab23,validation/evaluation/witness_checks/3/shared/rows/122,6-3/9,0.0,3.4e-6,true
tie_three_ua10_energy_economic_highs,r8-energy-b6eed093-ea37-473e-98c3-e2715fc8ab23,validation/evaluation/witness_checks/3/shared/rows/123,6-11,0.0,3.4e-6,true
tie_three_ua10_energy_economic_highs,r8-energy-b6eed093-ea37-473e-98c3-e2715fc8ab23,validation/evaluation/witness_checks/3/shared/rows/124,inactive-charge,0.0,3.4e-6,true
tie_three_ua10_energy_economic_highs,r8-energy-b6eed093-ea37-473e-98c3-e2715fc8ab23,validation/evaluation/witness_checks/3/shared/rows/125,inactive-discharge,0.0,3.4e-6,true
tie_three_ua10_energy_economic_highs,r8-energy-b6eed093-ea37-473e-98c3-e2715fc8ab23,validation/evaluation/witness_checks/3/shared/rows/126,inactive-energy,0.0,2.0e-6,true
tie_three_ua10_energy_economic_highs,r8-energy-b6eed093-ea37-473e-98c3-e2715fc8ab23,validation/evaluation/witness_checks/3/shared/rows/127,inactive-energy,0.0,2.0e-6,true
tie_three_ua10_energy_economic_highs,r8-energy-b6eed093-ea37-473e-98c3-e2715fc8ab23,validation/evaluation/witness_checks/3/shared/rows/128,inactive-energy,0.0,2.0e-6,true
tie_three_ua10_energy_economic_highs,r8-energy-b6eed093-ea37-473e-98c3-e2715fc8ab23,validation/evaluation/witness_checks/3/shared/rows/129,inactive-energy,0.0,2.0e-6,true
tie_three_ua10_energy_economic_highs,r8-energy-b6eed093-ea37-473e-98c3-e2715fc8ab23,validation/evaluation/witness_checks/3/shared/rows/130,6-13,0.0,2.0e-6,true
tie_three_ua10_energy_economic_highs,r8-energy-b6eed093-ea37-473e-98c3-e2715fc8ab23,validation/evaluation/witness_checks/3/shared/rows/131,6-61,0.0,2.0e-6,true
tie_three_ua10_energy_economic_highs,r8-energy-b6eed093-ea37-473e-98c3-e2715fc8ab23,validation/evaluation/witness_checks/3/shared/rows/132,6-13,0.0,2.0e-6,true
tie_three_ua10_energy_economic_highs,r8-energy-b6eed093-ea37-473e-98c3-e2715fc8ab23,validation/evaluation/witness_checks/3/shared/rows/133,6-61,0.0,2.0e-6,true
tie_three_ua10_energy_economic_highs,r8-energy-b6eed093-ea37-473e-98c3-e2715fc8ab23,validation/evaluation/witness_checks/3/shared/rows/134,6-13,0.0,2.0e-6,true
tie_three_ua10_energy_economic_highs,r8-energy-b6eed093-ea37-473e-98c3-e2715fc8ab23,validation/evaluation/witness_checks/3/shared/rows/135,6-13,0.0,2.0e-6,true
tie_three_ua10_energy_economic_highs,r8-energy-b6eed093-ea37-473e-98c3-e2715fc8ab23,validation/evaluation/witness_checks/3/shared/rows/136,inactive-energy,0.0,2.0e-6,true
tie_three_ua10_energy_economic_highs,r8-energy-b6eed093-ea37-473e-98c3-e2715fc8ab23,validation/evaluation/witness_checks/3/shared/rows/137,inactive-energy,0.0,2.0e-6,true
tie_three_ua10_energy_economic_highs,r8-energy-b6eed093-ea37-473e-98c3-e2715fc8ab23,validation/evaluation/witness_checks/3/shared/rows/138,inactive-energy,0.0,2.0e-6,true
tie_three_ua10_energy_economic_highs,r8-energy-b6eed093-ea37-473e-98c3-e2715fc8ab23,validation/evaluation/witness_checks/3/shared/rows/139,inactive-energy,0.0,2.0e-6,true
tie_three_ua10_energy_economic_highs,r8-energy-b6eed093-ea37-473e-98c3-e2715fc8ab23,validation/evaluation/witness_checks/3/shared/rows/140,inactive-energy,0.0,2.0e-6,true
tie_three_ua10_energy_economic_highs,r8-energy-b6eed093-ea37-473e-98c3-e2715fc8ab23,validation/evaluation/witness_checks/3/shared/rows/141,inactive-energy,0.0,2.0e-6,true
tie_three_ua10_energy_economic_highs,r8-energy-b6eed093-ea37-473e-98c3-e2715fc8ab23,validation/evaluation/witness_checks/3/shared/rows/142,inactive-energy,0.0,2.0e-6,true
tie_three_ua10_energy_economic_highs,r8-energy-b6eed093-ea37-473e-98c3-e2715fc8ab23,validation/evaluation/witness_checks/3/shared/rows/143,inactive-energy,0.0,2.0e-6,true
tie_three_ua10_energy_economic_highs,r8-energy-b6eed093-ea37-473e-98c3-e2715fc8ab23,validation/evaluation/witness_checks/3/shared/rows/144,6-51-P,0.0,3.4e-6,true
tie_three_ua10_energy_economic_highs,r8-energy-b6eed093-ea37-473e-98c3-e2715fc8ab23,validation/evaluation/witness_checks/3/shared/rows/145,6-51-Q,0.0,3.4e-6,true
tie_three_ua10_energy_economic_highs,r8-energy-b6eed093-ea37-473e-98c3-e2715fc8ab23,validation/evaluation/witness_checks/3/shared/rows/146,6-24:25-P_line,0.0,3.4e-6,true
tie_three_ua10_energy_economic_highs,r8-energy-b6eed093-ea37-473e-98c3-e2715fc8ab23,validation/evaluation/witness_checks/3/shared/rows/147,6-24:25-Q_line,0.0,3.4e-6,true
tie_three_ua10_energy_economic_highs,r8-energy-b6eed093-ea37-473e-98c3-e2715fc8ab23,validation/evaluation/witness_checks/3/shared/rows/148,R7-R3,3.469446951953614e-18,1.0e-6,true
tie_three_ua10_energy_economic_highs,r8-energy-b6eed093-ea37-473e-98c3-e2715fc8ab23,validation/evaluation/witness_checks/3/shared/rows/149,6-24:25-P_line,0.0,3.4e-6,true
tie_three_ua10_energy_economic_highs,r8-energy-b6eed093-ea37-473e-98c3-e2715fc8ab23,validation/evaluation/witness_checks/3/shared/rows/150,6-24:25-Q_line,0.0,3.4e-6,true
tie_three_ua10_energy_economic_highs,r8-energy-b6eed093-ea37-473e-98c3-e2715fc8ab23,validation/evaluation/witness_checks/3/shared/rows/151,R7-R3,0.0,1.0e-6,true
tie_three_ua10_energy_economic_highs,r8-energy-b6eed093-ea37-473e-98c3-e2715fc8ab23,validation/evaluation/witness_checks/3/shared/rows/152,6-24:25-P_line,0.0,3.4e-6,true
tie_three_ua10_energy_economic_highs,r8-energy-b6eed093-ea37-473e-98c3-e2715fc8ab23,validation/evaluation/witness_checks/3/shared/rows/153,6-24:25-Q_line,0.0,3.4e-6,true
tie_three_ua10_energy_economic_highs,r8-energy-b6eed093-ea37-473e-98c3-e2715fc8ab23,validation/evaluation/witness_checks/3/shared/rows/154,R7-R3,6.331740687315346e-17,1.0e-6,true
tie_three_ua10_energy_economic_highs,r8-energy-b6eed093-ea37-473e-98c3-e2715fc8ab23,validation/evaluation/witness_checks/3/shared/rows/155,6-22,0.0,1.0e-6,true
tie_three_ua10_energy_economic_highs,r8-energy-b6eed093-ea37-473e-98c3-e2715fc8ab23,validation/evaluation/witness_checks/3/shared/rows/156,6-54,0.0,3.4e-6,true
tie_three_ua10_energy_economic_highs,r8-energy-b6eed093-ea37-473e-98c3-e2715fc8ab23,validation/evaluation/witness_checks/3/shared/rows/157,6-19,0.0,3.4e-6,true
tie_three_ua10_energy_economic_highs,r8-energy-b6eed093-ea37-473e-98c3-e2715fc8ab23,validation/evaluation/witness_checks/3/shared/rows/158,6-20,0.0,3.4e-6,true
tie_three_ua10_energy_economic_highs,r8-energy-b6eed093-ea37-473e-98c3-e2715fc8ab23,validation/evaluation/witness_checks/3/shared/rows/159,6-22,0.0,1.0e-6,true
tie_three_ua10_energy_economic_highs,r8-energy-b6eed093-ea37-473e-98c3-e2715fc8ab23,validation/evaluation/witness_checks/3/shared/rows/160,6-54,0.0,3.4e-6,true
tie_three_ua10_energy_economic_highs,r8-energy-b6eed093-ea37-473e-98c3-e2715fc8ab23,validation/evaluation/witness_checks/3/shared/rows/161,6-19,0.0,3.4e-6,true
tie_three_ua10_energy_economic_highs,r8-energy-b6eed093-ea37-473e-98c3-e2715fc8ab23,validation/evaluation/witness_checks/3/shared/rows/162,6-20,0.0,3.4e-6,true
tie_three_ua10_energy_economic_highs,r8-energy-b6eed093-ea37-473e-98c3-e2715fc8ab23,validation/evaluation/witness_checks/3/shared/rows/163,6-22,0.0,1.0e-6,true
tie_three_ua10_energy_economic_highs,r8-energy-b6eed093-ea37-473e-98c3-e2715fc8ab23,validation/evaluation/witness_checks/3/shared/rows/164,6-54,0.0,3.4e-6,true
tie_three_ua10_energy_economic_highs,r8-energy-b6eed093-ea37-473e-98c3-e2715fc8ab23,validation/evaluation/witness_checks/3/shared/rows/165,6-19,0.0,3.4e-6,true
tie_three_ua10_energy_economic_highs,r8-energy-b6eed093-ea37-473e-98c3-e2715fc8ab23,validation/evaluation/witness_checks/3/shared/rows/166,6-20,0.0,3.4e-6,true
tie_three_ua10_energy_economic_highs,r8-energy-b6eed093-ea37-473e-98c3-e2715fc8ab23,validation/evaluation/witness_checks/3/shared/rows/167,6-51-P,0.0,3.4e-6,true
tie_three_ua10_energy_economic_highs,r8-energy-b6eed093-ea37-473e-98c3-e2715fc8ab23,validation/evaluation/witness_checks/3/shared/rows/168,6-51-Q,0.0,3.4e-6,true
tie_three_ua10_energy_economic_highs,r8-energy-b6eed093-ea37-473e-98c3-e2715fc8ab23,validation/evaluation/witness_checks/3/shared/rows/169,6-24:25-P_line,0.0,3.4e-6,true
tie_three_ua10_energy_economic_highs,r8-energy-b6eed093-ea37-473e-98c3-e2715fc8ab23,validation/evaluation/witness_checks/3/shared/rows/170,6-24:25-Q_line,0.0,3.4e-6,true
tie_three_ua10_energy_economic_highs,r8-energy-b6eed093-ea37-473e-98c3-e2715fc8ab23,validation/evaluation/witness_checks/3/shared/rows/171,R7-R3,8.890457814381136e-18,1.0e-6,true
tie_three_ua10_energy_economic_highs,r8-energy-b6eed093-ea37-473e-98c3-e2715fc8ab23,validation/evaluation/witness_checks/3/shared/rows/172,6-24:25-P_line,0.0,3.4e-6,true
tie_three_ua10_energy_economic_highs,r8-energy-b6eed093-ea37-473e-98c3-e2715fc8ab23,validation/evaluation/witness_checks/3/shared/rows/173,6-24:25-Q_line,0.0,3.4e-6,true
tie_three_ua10_energy_economic_highs,r8-energy-b6eed093-ea37-473e-98c3-e2715fc8ab23,validation/evaluation/witness_checks/3/shared/rows/174,R7-R3,0.0,1.0e-6,true
tie_three_ua10_energy_economic_highs,r8-energy-b6eed093-ea37-473e-98c3-e2715fc8ab23,validation/evaluation/witness_checks/3/shared/rows/175,6-24:25-P_line,0.0,3.4e-6,true
tie_three_ua10_energy_economic_highs,r8-energy-b6eed093-ea37-473e-98c3-e2715fc8ab23,validation/evaluation/witness_checks/3/shared/rows/176,6-24:25-Q_line,0.0,3.4e-6,true
tie_three_ua10_energy_economic_highs,r8-energy-b6eed093-ea37-473e-98c3-e2715fc8ab23,validation/evaluation/witness_checks/3/shared/rows/177,R7-R3,5.767955557622884e-17,1.0e-6,true
tie_three_ua10_energy_economic_highs,r8-energy-b6eed093-ea37-473e-98c3-e2715fc8ab23,validation/evaluation/witness_checks/3/shared/rows/178,6-22,0.0,1.0e-6,true
tie_three_ua10_energy_economic_highs,r8-energy-b6eed093-ea37-473e-98c3-e2715fc8ab23,validation/evaluation/witness_checks/3/shared/rows/179,6-54,0.0,3.4e-6,true
tie_three_ua10_energy_economic_highs,r8-energy-b6eed093-ea37-473e-98c3-e2715fc8ab23,validation/evaluation/witness_checks/3/shared/rows/180,6-19,0.0,3.4e-6,true
tie_three_ua10_energy_economic_highs,r8-energy-b6eed093-ea37-473e-98c3-e2715fc8ab23,validation/evaluation/witness_checks/3/shared/rows/181,6-20,0.0,3.4e-6,true
tie_three_ua10_energy_economic_highs,r8-energy-b6eed093-ea37-473e-98c3-e2715fc8ab23,validation/evaluation/witness_checks/3/shared/rows/182,6-22,0.0,1.0e-6,true
tie_three_ua10_energy_economic_highs,r8-energy-b6eed093-ea37-473e-98c3-e2715fc8ab23,validation/evaluation/witness_checks/3/shared/rows/183,6-54,0.0,3.4e-6,true
tie_three_ua10_energy_economic_highs,r8-energy-b6eed093-ea37-473e-98c3-e2715fc8ab23,validation/evaluation/witness_checks/3/shared/rows/184,6-19,0.0,3.4e-6,true
tie_three_ua10_energy_economic_highs,r8-energy-b6eed093-ea37-473e-98c3-e2715fc8ab23,validation/evaluation/witness_checks/3/shared/rows/185,6-20,0.0,3.4e-6,true
tie_three_ua10_energy_economic_highs,r8-energy-b6eed093-ea37-473e-98c3-e2715fc8ab23,validation/evaluation/witness_checks/3/shared/rows/186,6-22,0.0,1.0e-6,true
tie_three_ua10_energy_economic_highs,r8-energy-b6eed093-ea37-473e-98c3-e2715fc8ab23,validation/evaluation/witness_checks/3/shared/rows/187,6-54,0.0,3.4e-6,true
tie_three_ua10_energy_economic_highs,r8-energy-b6eed093-ea37-473e-98c3-e2715fc8ab23,validation/evaluation/witness_checks/3/shared/rows/188,6-19,0.0,3.4e-6,true
tie_three_ua10_energy_economic_highs,r8-energy-b6eed093-ea37-473e-98c3-e2715fc8ab23,validation/evaluation/witness_checks/3/shared/rows/189,6-20,0.0,3.4e-6,true
tie_three_ua10_energy_economic_highs,r8-energy-b6eed093-ea37-473e-98c3-e2715fc8ab23,validation/evaluation/witness_checks/3/shared/rows/190,6-55,0.0,3.4e-6,true
tie_three_ua10_energy_economic_highs,r8-energy-b6eed093-ea37-473e-98c3-e2715fc8ab23,validation/evaluation/witness_checks/3/shared/rows/191,6-55,0.0,3.4e-6,true
tie_three_ua10_energy_economic_highs,r8-energy-b6eed093-ea37-473e-98c3-e2715fc8ab23,validation/evaluation/witness_checks/3/shared/rows/192,6-55,0.0,3.4e-6,true
tie_three_ua10_energy_economic_highs,r8-energy-b6eed093-ea37-473e-98c3-e2715fc8ab23,validation/evaluation/witness_checks/3/shared/rows/193,6-55,0.0,3.4e-6,true
tie_three_ua10_energy_economic_highs,r8-energy-b6eed093-ea37-473e-98c3-e2715fc8ab23,validation/evaluation/witness_checks/3/shared/rows/194,6-53,0.0,1.0e-6,true
tie_three_ua10_energy_economic_highs,r8-energy-b6eed093-ea37-473e-98c3-e2715fc8ab23,validation/evaluation/witness_checks/4/rows/1,R8-E2-capacity,0.0,3.4e-6,true
tie_three_ua10_energy_economic_highs,r8-energy-b6eed093-ea37-473e-98c3-e2715fc8ab23,validation/evaluation/witness_checks/4/rows/2,R8-E2-capacity,0.0,3.4e-6,true
tie_three_ua10_energy_economic_highs,r8-energy-b6eed093-ea37-473e-98c3-e2715fc8ab23,validation/evaluation/witness_checks/4/rows/3,R8-E1-balance,0.0,3.4e-6,true
tie_three_ua10_energy_economic_highs,r8-energy-b6eed093-ea37-473e-98c3-e2715fc8ab23,validation/evaluation/witness_checks/4/rows/4,R8-E1-balance,0.0,3.4e-6,true
tie_three_ua10_energy_economic_highs,r8-energy-b6eed093-ea37-473e-98c3-e2715fc8ab23,validation/evaluation/witness_checks/4/rows/5,R8-E1-balance,0.0,3.4e-6,true
tie_three_ua10_energy_economic_highs,r8-energy-b6eed093-ea37-473e-98c3-e2715fc8ab23,validation/evaluation/witness_checks/4/rows/6,R8-E1-balance,0.0,3.4e-6,true
tie_three_ua10_energy_economic_highs,r8-energy-b6eed093-ea37-473e-98c3-e2715fc8ab23,validation/evaluation/witness_checks/4/shared/rows/1,R7-B1-bounds,0.0,1.0e-6,true
tie_three_ua10_energy_economic_highs,r8-energy-b6eed093-ea37-473e-98c3-e2715fc8ab23,validation/evaluation/witness_checks/4/shared/rows/2,R7-B1-integer,0.0,1.0e-6,true
tie_three_ua10_energy_economic_highs,r8-energy-b6eed093-ea37-473e-98c3-e2715fc8ab23,validation/evaluation/witness_checks/4/shared/rows/3,R7-B1-inactive,0.0,1.0e-6,true
tie_three_ua10_energy_economic_highs,r8-energy-b6eed093-ea37-473e-98c3-e2715fc8ab23,validation/evaluation/witness_checks/4/shared/rows/4,R7-B1-bounds,0.0,1.0e-6,true
tie_three_ua10_energy_economic_highs,r8-energy-b6eed093-ea37-473e-98c3-e2715fc8ab23,validation/evaluation/witness_checks/4/shared/rows/5,R7-B1-integer,0.0,1.0e-6,true
tie_three_ua10_energy_economic_highs,r8-energy-b6eed093-ea37-473e-98c3-e2715fc8ab23,validation/evaluation/witness_checks/4/shared/rows/6,R7-B1-inactive,0.0,1.0e-6,true
tie_three_ua10_energy_economic_highs,r8-energy-b6eed093-ea37-473e-98c3-e2715fc8ab23,validation/evaluation/witness_checks/4/shared/rows/7,R7-B1-bounds,0.0,1.0e-6,true
tie_three_ua10_energy_economic_highs,r8-energy-b6eed093-ea37-473e-98c3-e2715fc8ab23,validation/evaluation/witness_checks/4/shared/rows/8,R7-B1-integer,0.0,1.0e-6,true
tie_three_ua10_energy_economic_highs,r8-energy-b6eed093-ea37-473e-98c3-e2715fc8ab23,validation/evaluation/witness_checks/4/shared/rows/9,R7-B1-charge,0.0,3.4e-6,true
tie_three_ua10_energy_economic_highs,r8-energy-b6eed093-ea37-473e-98c3-e2715fc8ab23,validation/evaluation/witness_checks/4/shared/rows/10,R7-B1-discharge,0.0,3.4e-6,true
tie_three_ua10_energy_economic_highs,r8-energy-b6eed093-ea37-473e-98c3-e2715fc8ab23,validation/evaluation/witness_checks/4/shared/rows/11,R7-B1-nonsimultaneous,0.0,3.4e-6,true
tie_three_ua10_energy_economic_highs,r8-energy-b6eed093-ea37-473e-98c3-e2715fc8ab23,validation/evaluation/witness_checks/4/shared/rows/12,R7-B1-bounds,0.0,1.0e-6,true
tie_three_ua10_energy_economic_highs,r8-energy-b6eed093-ea37-473e-98c3-e2715fc8ab23,validation/evaluation/witness_checks/4/shared/rows/13,R7-B1-integer,0.0,1.0e-6,true
tie_three_ua10_energy_economic_highs,r8-energy-b6eed093-ea37-473e-98c3-e2715fc8ab23,validation/evaluation/witness_checks/4/shared/rows/14,R7-B1-charge,0.0,3.4e-6,true
tie_three_ua10_energy_economic_highs,r8-energy-b6eed093-ea37-473e-98c3-e2715fc8ab23,validation/evaluation/witness_checks/4/shared/rows/15,R7-B1-discharge,0.0,3.4e-6,true
tie_three_ua10_energy_economic_highs,r8-energy-b6eed093-ea37-473e-98c3-e2715fc8ab23,validation/evaluation/witness_checks/4/shared/rows/16,R7-B1-nonsimultaneous,0.0,3.4e-6,true
tie_three_ua10_energy_economic_highs,r8-energy-b6eed093-ea37-473e-98c3-e2715fc8ab23,validation/evaluation/witness_checks/4/shared/rows/17,R7-B1-bounds,0.0,1.0e-6,true
tie_three_ua10_energy_economic_highs,r8-energy-b6eed093-ea37-473e-98c3-e2715fc8ab23,validation/evaluation/witness_checks/4/shared/rows/18,R7-B1-integer,0.0,1.0e-6,true
tie_three_ua10_energy_economic_highs,r8-energy-b6eed093-ea37-473e-98c3-e2715fc8ab23,validation/evaluation/witness_checks/4/shared/rows/19,R7-B1-inactive,0.0,1.0e-6,true
tie_three_ua10_energy_economic_highs,r8-energy-b6eed093-ea37-473e-98c3-e2715fc8ab23,validation/evaluation/witness_checks/4/shared/rows/20,R7-B1-bounds,0.0,1.0e-6,true
tie_three_ua10_energy_economic_highs,r8-energy-b6eed093-ea37-473e-98c3-e2715fc8ab23,validation/evaluation/witness_checks/4/shared/rows/21,R7-B1-integer,0.0,1.0e-6,true
tie_three_ua10_energy_economic_highs,r8-energy-b6eed093-ea37-473e-98c3-e2715fc8ab23,validation/evaluation/witness_checks/4/shared/rows/22,R7-B1-inactive,0.0,1.0e-6,true
tie_three_ua10_energy_economic_highs,r8-energy-b6eed093-ea37-473e-98c3-e2715fc8ab23,validation/evaluation/witness_checks/4/shared/rows/23,R7-B1-bounds,0.0,1.0e-6,true
tie_three_ua10_energy_economic_highs,r8-energy-b6eed093-ea37-473e-98c3-e2715fc8ab23,validation/evaluation/witness_checks/4/shared/rows/24,R7-B1-integer,0.0,1.0e-6,true
tie_three_ua10_energy_economic_highs,r8-energy-b6eed093-ea37-473e-98c3-e2715fc8ab23,validation/evaluation/witness_checks/4/shared/rows/25,R7-B1-inactive,0.0,1.0e-6,true
tie_three_ua10_energy_economic_highs,r8-energy-b6eed093-ea37-473e-98c3-e2715fc8ab23,validation/evaluation/witness_checks/4/shared/rows/26,R7-B1-bounds,0.0,1.0e-6,true
tie_three_ua10_energy_economic_highs,r8-energy-b6eed093-ea37-473e-98c3-e2715fc8ab23,validation/evaluation/witness_checks/4/shared/rows/27,R7-B1-integer,0.0,1.0e-6,true
tie_three_ua10_energy_economic_highs,r8-energy-b6eed093-ea37-473e-98c3-e2715fc8ab23,validation/evaluation/witness_checks/4/shared/rows/28,R7-B1-inactive,0.0,1.0e-6,true
tie_three_ua10_energy_economic_highs,r8-energy-b6eed093-ea37-473e-98c3-e2715fc8ab23,validation/evaluation/witness_checks/4/shared/rows/29,binary-z,0.0,1.0e-6,true
tie_three_ua10_energy_economic_highs,r8-energy-b6eed093-ea37-473e-98c3-e2715fc8ab23,validation/evaluation/witness_checks/4/shared/rows/30,integer-z,0.0,1.0e-6,true
tie_three_ua10_energy_economic_highs,r8-energy-b6eed093-ea37-473e-98c3-e2715fc8ab23,validation/evaluation/witness_checks/4/shared/rows/31,binary-z,0.0,1.0e-6,true
tie_three_ua10_energy_economic_highs,r8-energy-b6eed093-ea37-473e-98c3-e2715fc8ab23,validation/evaluation/witness_checks/4/shared/rows/32,integer-z,0.0,1.0e-6,true
tie_three_ua10_energy_economic_highs,r8-energy-b6eed093-ea37-473e-98c3-e2715fc8ab23,validation/evaluation/witness_checks/4/shared/rows/33,binary-z,0.0,1.0e-6,true
tie_three_ua10_energy_economic_highs,r8-energy-b6eed093-ea37-473e-98c3-e2715fc8ab23,validation/evaluation/witness_checks/4/shared/rows/34,integer-z,0.0,1.0e-6,true
tie_three_ua10_energy_economic_highs,r8-energy-b6eed093-ea37-473e-98c3-e2715fc8ab23,validation/evaluation/witness_checks/4/shared/rows/35,binary-beta,0.0,1.0e-6,true
tie_three_ua10_energy_economic_highs,r8-energy-b6eed093-ea37-473e-98c3-e2715fc8ab23,validation/evaluation/witness_checks/4/shared/rows/36,integer-beta,0.0,1.0e-6,true
tie_three_ua10_energy_economic_highs,r8-energy-b6eed093-ea37-473e-98c3-e2715fc8ab23,validation/evaluation/witness_checks/4/shared/rows/37,binary-beta,0.0,1.0e-6,true
tie_three_ua10_energy_economic_highs,r8-energy-b6eed093-ea37-473e-98c3-e2715fc8ab23,validation/evaluation/witness_checks/4/shared/rows/38,integer-beta,0.0,1.0e-6,true
tie_three_ua10_energy_economic_highs,r8-energy-b6eed093-ea37-473e-98c3-e2715fc8ab23,validation/evaluation/witness_checks/4/shared/rows/39,binary-beta,0.0,1.0e-6,true
tie_three_ua10_energy_economic_highs,r8-energy-b6eed093-ea37-473e-98c3-e2715fc8ab23,validation/evaluation/witness_checks/4/shared/rows/40,integer-beta,0.0,1.0e-6,true
tie_three_ua10_energy_economic_highs,r8-energy-b6eed093-ea37-473e-98c3-e2715fc8ab23,validation/evaluation/witness_checks/4/shared/rows/41,binary-a_on,0.0,1.0e-6,true
tie_three_ua10_energy_economic_highs,r8-energy-b6eed093-ea37-473e-98c3-e2715fc8ab23,validation/evaluation/witness_checks/4/shared/rows/42,integer-a_on,0.0,1.0e-6,true
tie_three_ua10_energy_economic_highs,r8-energy-b6eed093-ea37-473e-98c3-e2715fc8ab23,validation/evaluation/witness_checks/4/shared/rows/43,binary-a_on,0.0,1.0e-6,true
tie_three_ua10_energy_economic_highs,r8-energy-b6eed093-ea37-473e-98c3-e2715fc8ab23,validation/evaluation/witness_checks/4/shared/rows/44,integer-a_on,0.0,1.0e-6,true
tie_three_ua10_energy_economic_highs,r8-energy-b6eed093-ea37-473e-98c3-e2715fc8ab23,validation/evaluation/witness_checks/4/shared/rows/45,binary-a_on,0.0,1.0e-6,true
tie_three_ua10_energy_economic_highs,r8-energy-b6eed093-ea37-473e-98c3-e2715fc8ab23,validation/evaluation/witness_checks/4/shared/rows/46,integer-a_on,0.0,1.0e-6,true
tie_three_ua10_energy_economic_highs,r8-energy-b6eed093-ea37-473e-98c3-e2715fc8ab23,validation/evaluation/witness_checks/4/shared/rows/47,binary-a_off,0.0,1.0e-6,true
tie_three_ua10_energy_economic_highs,r8-energy-b6eed093-ea37-473e-98c3-e2715fc8ab23,validation/evaluation/witness_checks/4/shared/rows/48,integer-a_off,0.0,1.0e-6,true
tie_three_ua10_energy_economic_highs,r8-energy-b6eed093-ea37-473e-98c3-e2715fc8ab23,validation/evaluation/witness_checks/4/shared/rows/49,binary-a_off,0.0,1.0e-6,true
tie_three_ua10_energy_economic_highs,r8-energy-b6eed093-ea37-473e-98c3-e2715fc8ab23,validation/evaluation/witness_checks/4/shared/rows/50,integer-a_off,0.0,1.0e-6,true
tie_three_ua10_energy_economic_highs,r8-energy-b6eed093-ea37-473e-98c3-e2715fc8ab23,validation/evaluation/witness_checks/4/shared/rows/51,binary-a_off,0.0,1.0e-6,true
tie_three_ua10_energy_economic_highs,r8-energy-b6eed093-ea37-473e-98c3-e2715fc8ab23,validation/evaluation/witness_checks/4/shared/rows/52,integer-a_off,0.0,1.0e-6,true
tie_three_ua10_energy_economic_highs,r8-energy-b6eed093-ea37-473e-98c3-e2715fc8ab23,validation/evaluation/witness_checks/4/shared/rows/53,R7-R1,0.0,1.0e-6,true
tie_three_ua10_energy_economic_highs,r8-energy-b6eed093-ea37-473e-98c3-e2715fc8ab23,validation/evaluation/witness_checks/4/shared/rows/54,on-action,0.0,1.0e-6,true
tie_three_ua10_energy_economic_highs,r8-energy-b6eed093-ea37-473e-98c3-e2715fc8ab23,validation/evaluation/witness_checks/4/shared/rows/55,off-action,0.0,1.0e-6,true
tie_three_ua10_energy_economic_highs,r8-energy-b6eed093-ea37-473e-98c3-e2715fc8ab23,validation/evaluation/witness_checks/4/shared/rows/56,virtual-arc,0.0,1.0e-6,true
tie_three_ua10_energy_economic_highs,r8-energy-b6eed093-ea37-473e-98c3-e2715fc8ab23,validation/evaluation/witness_checks/4/shared/rows/57,R7-R1,0.0,1.0e-6,true
tie_three_ua10_energy_economic_highs,r8-energy-b6eed093-ea37-473e-98c3-e2715fc8ab23,validation/evaluation/witness_checks/4/shared/rows/58,on-action,0.0,1.0e-6,true
tie_three_ua10_energy_economic_highs,r8-energy-b6eed093-ea37-473e-98c3-e2715fc8ab23,validation/evaluation/witness_checks/4/shared/rows/59,off-action,0.0,1.0e-6,true
tie_three_ua10_energy_economic_highs,r8-energy-b6eed093-ea37-473e-98c3-e2715fc8ab23,validation/evaluation/witness_checks/4/shared/rows/60,virtual-arc,0.0,1.0e-6,true
tie_three_ua10_energy_economic_highs,r8-energy-b6eed093-ea37-473e-98c3-e2715fc8ab23,validation/evaluation/witness_checks/4/shared/rows/61,R7-R1,0.0,1.0e-6,true
tie_three_ua10_energy_economic_highs,r8-energy-b6eed093-ea37-473e-98c3-e2715fc8ab23,validation/evaluation/witness_checks/4/shared/rows/62,on-action,0.0,1.0e-6,true
tie_three_ua10_energy_economic_highs,r8-energy-b6eed093-ea37-473e-98c3-e2715fc8ab23,validation/evaluation/witness_checks/4/shared/rows/63,off-action,0.0,1.0e-6,true
tie_three_ua10_energy_economic_highs,r8-energy-b6eed093-ea37-473e-98c3-e2715fc8ab23,validation/evaluation/witness_checks/4/shared/rows/64,virtual-arc,0.0,1.0e-6,true
tie_three_ua10_energy_economic_highs,r8-energy-b6eed093-ea37-473e-98c3-e2715fc8ab23,validation/evaluation/witness_checks/4/shared/rows/65,6-63,0.0,1.0e-6,true
tie_three_ua10_energy_economic_highs,r8-energy-b6eed093-ea37-473e-98c3-e2715fc8ab23,validation/evaluation/witness_checks/4/shared/rows/66,forest-edges,0.0,1.0e-6,true
tie_three_ua10_energy_economic_highs,r8-energy-b6eed093-ea37-473e-98c3-e2715fc8ab23,validation/evaluation/witness_checks/4/shared/rows/67,forest-independent,0.0,1.0e-6,true
tie_three_ua10_energy_economic_highs,r8-energy-b6eed093-ea37-473e-98c3-e2715fc8ab23,validation/evaluation/witness_checks/4/shared/rows/68,one-root-per-component,0.0,1.0e-6,true
tie_three_ua10_energy_economic_highs,r8-energy-b6eed093-ea37-473e-98c3-e2715fc8ab23,validation/evaluation/witness_checks/4/shared/rows/69,root-eligible,0.0,1.0e-6,true
tie_three_ua10_energy_economic_highs,r8-energy-b6eed093-ea37-473e-98c3-e2715fc8ab23,validation/evaluation/witness_checks/4/shared/rows/70,root-supply,0.0,1.0e-6,true
tie_three_ua10_energy_economic_highs,r8-energy-b6eed093-ea37-473e-98c3-e2715fc8ab23,validation/evaluation/witness_checks/4/shared/rows/71,virtual-node,0.0,1.0e-6,true
tie_three_ua10_energy_economic_highs,r8-energy-b6eed093-ea37-473e-98c3-e2715fc8ab23,validation/evaluation/witness_checks/4/shared/rows/72,root-eligible,0.0,1.0e-6,true
tie_three_ua10_energy_economic_highs,r8-energy-b6eed093-ea37-473e-98c3-e2715fc8ab23,validation/evaluation/witness_checks/4/shared/rows/73,root-supply,0.0,1.0e-6,true
tie_three_ua10_energy_economic_highs,r8-energy-b6eed093-ea37-473e-98c3-e2715fc8ab23,validation/evaluation/witness_checks/4/shared/rows/74,virtual-node,0.0,1.0e-6,true
tie_three_ua10_energy_economic_highs,r8-energy-b6eed093-ea37-473e-98c3-e2715fc8ab23,validation/evaluation/witness_checks/4/shared/rows/75,root-eligible,0.0,1.0e-6,true
tie_three_ua10_energy_economic_highs,r8-energy-b6eed093-ea37-473e-98c3-e2715fc8ab23,validation/evaluation/witness_checks/4/shared/rows/76,root-supply,0.0,1.0e-6,true
tie_three_ua10_energy_economic_highs,r8-energy-b6eed093-ea37-473e-98c3-e2715fc8ab23,validation/evaluation/witness_checks/4/shared/rows/77,virtual-node,0.0,1.0e-6,true
tie_three_ua10_energy_economic_highs,r8-energy-b6eed093-ea37-473e-98c3-e2715fc8ab23,validation/evaluation/witness_checks/4/shared/rows/78,6-8/56/60,0.0,3.4e-6,true
tie_three_ua10_energy_economic_highs,r8-energy-b6eed093-ea37-473e-98c3-e2715fc8ab23,validation/evaluation/witness_checks/4/shared/rows/79,6-3/9,0.0,3.4e-6,true
tie_three_ua10_energy_economic_highs,r8-energy-b6eed093-ea37-473e-98c3-e2715fc8ab23,validation/evaluation/witness_checks/4/shared/rows/80,6-11,0.0,3.4e-6,true
tie_three_ua10_energy_economic_highs,r8-energy-b6eed093-ea37-473e-98c3-e2715fc8ab23,validation/evaluation/witness_checks/4/shared/rows/81,6-4/57,0.0,3.4e-6,true
tie_three_ua10_energy_economic_highs,r8-energy-b6eed093-ea37-473e-98c3-e2715fc8ab23,validation/evaluation/witness_checks/4/shared/rows/82,6-5/58,0.0,3.4e-6,true
tie_three_ua10_energy_economic_highs,r8-energy-b6eed093-ea37-473e-98c3-e2715fc8ab23,validation/evaluation/witness_checks/4/shared/rows/83,inactive-charge,0.0,3.4e-6,true
tie_three_ua10_energy_economic_highs,r8-energy-b6eed093-ea37-473e-98c3-e2715fc8ab23,validation/evaluation/witness_checks/4/shared/rows/84,inactive-discharge,0.0,3.4e-6,true
tie_three_ua10_energy_economic_highs,r8-energy-b6eed093-ea37-473e-98c3-e2715fc8ab23,validation/evaluation/witness_checks/4/shared/rows/85,6-8/56/60,0.0,3.4e-6,true
tie_three_ua10_energy_economic_highs,r8-energy-b6eed093-ea37-473e-98c3-e2715fc8ab23,validation/evaluation/witness_checks/4/shared/rows/86,6-3/9,0.0,3.4e-6,true
tie_three_ua10_energy_economic_highs,r8-energy-b6eed093-ea37-473e-98c3-e2715fc8ab23,validation/evaluation/witness_checks/4/shared/rows/87,6-11,0.0,3.4e-6,true
tie_three_ua10_energy_economic_highs,r8-energy-b6eed093-ea37-473e-98c3-e2715fc8ab23,validation/evaluation/witness_checks/4/shared/rows/88,6-4/57,0.0,3.4e-6,true
tie_three_ua10_energy_economic_highs,r8-energy-b6eed093-ea37-473e-98c3-e2715fc8ab23,validation/evaluation/witness_checks/4/shared/rows/89,6-5/58,0.0,3.4e-6,true
tie_three_ua10_energy_economic_highs,r8-energy-b6eed093-ea37-473e-98c3-e2715fc8ab23,validation/evaluation/witness_checks/4/shared/rows/90,inactive-charge,0.0,3.4e-6,true
tie_three_ua10_energy_economic_highs,r8-energy-b6eed093-ea37-473e-98c3-e2715fc8ab23,validation/evaluation/witness_checks/4/shared/rows/91,inactive-discharge,0.0,3.4e-6,true
tie_three_ua10_energy_economic_highs,r8-energy-b6eed093-ea37-473e-98c3-e2715fc8ab23,validation/evaluation/witness_checks/4/shared/rows/92,6-8/56/60,0.0,3.4e-6,true
tie_three_ua10_energy_economic_highs,r8-energy-b6eed093-ea37-473e-98c3-e2715fc8ab23,validation/evaluation/witness_checks/4/shared/rows/93,6-3/9,0.0,3.4e-6,true
tie_three_ua10_energy_economic_highs,r8-energy-b6eed093-ea37-473e-98c3-e2715fc8ab23,validation/evaluation/witness_checks/4/shared/rows/94,6-11,0.0,3.4e-6,true
tie_three_ua10_energy_economic_highs,r8-energy-b6eed093-ea37-473e-98c3-e2715fc8ab23,validation/evaluation/witness_checks/4/shared/rows/95,battery-charge,0.0,3.4e-6,true
tie_three_ua10_energy_economic_highs,r8-energy-b6eed093-ea37-473e-98c3-e2715fc8ab23,validation/evaluation/witness_checks/4/shared/rows/96,battery-discharge,0.0,3.4e-6,true
tie_three_ua10_energy_economic_highs,r8-energy-b6eed093-ea37-473e-98c3-e2715fc8ab23,validation/evaluation/witness_checks/4/shared/rows/97,6-12,0.0,3.4e-6,true
tie_three_ua10_energy_economic_highs,r8-energy-b6eed093-ea37-473e-98c3-e2715fc8ab23,validation/evaluation/witness_checks/4/shared/rows/98,6-14,0.0,2.0e-6,true
tie_three_ua10_energy_economic_highs,r8-energy-b6eed093-ea37-473e-98c3-e2715fc8ab23,validation/evaluation/witness_checks/4/shared/rows/99,6-8/56/60,0.0,3.4e-6,true
tie_three_ua10_energy_economic_highs,r8-energy-b6eed093-ea37-473e-98c3-e2715fc8ab23,validation/evaluation/witness_checks/4/shared/rows/100,6-3/9,0.0,3.4e-6,true
tie_three_ua10_energy_economic_highs,r8-energy-b6eed093-ea37-473e-98c3-e2715fc8ab23,validation/evaluation/witness_checks/4/shared/rows/101,6-11,0.0,3.4e-6,true
tie_three_ua10_energy_economic_highs,r8-energy-b6eed093-ea37-473e-98c3-e2715fc8ab23,validation/evaluation/witness_checks/4/shared/rows/102,battery-charge,0.0,3.4e-6,true
tie_three_ua10_energy_economic_highs,r8-energy-b6eed093-ea37-473e-98c3-e2715fc8ab23,validation/evaluation/witness_checks/4/shared/rows/103,battery-discharge,0.0,3.4e-6,true
tie_three_ua10_energy_economic_highs,r8-energy-b6eed093-ea37-473e-98c3-e2715fc8ab23,validation/evaluation/witness_checks/4/shared/rows/104,6-12,0.0,3.4e-6,true
tie_three_ua10_energy_economic_highs,r8-energy-b6eed093-ea37-473e-98c3-e2715fc8ab23,validation/evaluation/witness_checks/4/shared/rows/105,6-14,0.0,2.0e-6,true
tie_three_ua10_energy_economic_highs,r8-energy-b6eed093-ea37-473e-98c3-e2715fc8ab23,validation/evaluation/witness_checks/4/shared/rows/106,6-8/56/60,0.0,3.4e-6,true
tie_three_ua10_energy_economic_highs,r8-energy-b6eed093-ea37-473e-98c3-e2715fc8ab23,validation/evaluation/witness_checks/4/shared/rows/107,6-3/9,0.0,3.4e-6,true
tie_three_ua10_energy_economic_highs,r8-energy-b6eed093-ea37-473e-98c3-e2715fc8ab23,validation/evaluation/witness_checks/4/shared/rows/108,6-11,0.0,3.4e-6,true
tie_three_ua10_energy_economic_highs,r8-energy-b6eed093-ea37-473e-98c3-e2715fc8ab23,validation/evaluation/witness_checks/4/shared/rows/109,inactive-charge,0.0,3.4e-6,true
tie_three_ua10_energy_economic_highs,r8-energy-b6eed093-ea37-473e-98c3-e2715fc8ab23,validation/evaluation/witness_checks/4/shared/rows/110,inactive-discharge,0.0,3.4e-6,true
tie_three_ua10_energy_economic_highs,r8-energy-b6eed093-ea37-473e-98c3-e2715fc8ab23,validation/evaluation/witness_checks/4/shared/rows/111,6-8/56/60,0.0,3.4e-6,true
tie_three_ua10_energy_economic_highs,r8-energy-b6eed093-ea37-473e-98c3-e2715fc8ab23,validation/evaluation/witness_checks/4/shared/rows/112,6-3/9,0.0,3.4e-6,true
tie_three_ua10_energy_economic_highs,r8-energy-b6eed093-ea37-473e-98c3-e2715fc8ab23,validation/evaluation/witness_checks/4/shared/rows/113,6-11,0.0,3.4e-6,true
tie_three_ua10_energy_economic_highs,r8-energy-b6eed093-ea37-473e-98c3-e2715fc8ab23,validation/evaluation/witness_checks/4/shared/rows/114,inactive-charge,0.0,3.4e-6,true
tie_three_ua10_energy_economic_highs,r8-energy-b6eed093-ea37-473e-98c3-e2715fc8ab23,validation/evaluation/witness_checks/4/shared/rows/115,inactive-discharge,0.0,3.4e-6,true
tie_three_ua10_energy_economic_highs,r8-energy-b6eed093-ea37-473e-98c3-e2715fc8ab23,validation/evaluation/witness_checks/4/shared/rows/116,6-8/56/60,0.0,3.4e-6,true
tie_three_ua10_energy_economic_highs,r8-energy-b6eed093-ea37-473e-98c3-e2715fc8ab23,validation/evaluation/witness_checks/4/shared/rows/117,6-3/9,0.0,3.4e-6,true
tie_three_ua10_energy_economic_highs,r8-energy-b6eed093-ea37-473e-98c3-e2715fc8ab23,validation/evaluation/witness_checks/4/shared/rows/118,6-11,0.0,3.4e-6,true
tie_three_ua10_energy_economic_highs,r8-energy-b6eed093-ea37-473e-98c3-e2715fc8ab23,validation/evaluation/witness_checks/4/shared/rows/119,inactive-charge,0.0,3.4e-6,true
tie_three_ua10_energy_economic_highs,r8-energy-b6eed093-ea37-473e-98c3-e2715fc8ab23,validation/evaluation/witness_checks/4/shared/rows/120,inactive-discharge,0.0,3.4e-6,true
tie_three_ua10_energy_economic_highs,r8-energy-b6eed093-ea37-473e-98c3-e2715fc8ab23,validation/evaluation/witness_checks/4/shared/rows/121,6-8/56/60,0.0,3.4e-6,true
tie_three_ua10_energy_economic_highs,r8-energy-b6eed093-ea37-473e-98c3-e2715fc8ab23,validation/evaluation/witness_checks/4/shared/rows/122,6-3/9,0.0,3.4e-6,true
tie_three_ua10_energy_economic_highs,r8-energy-b6eed093-ea37-473e-98c3-e2715fc8ab23,validation/evaluation/witness_checks/4/shared/rows/123,6-11,0.0,3.4e-6,true
tie_three_ua10_energy_economic_highs,r8-energy-b6eed093-ea37-473e-98c3-e2715fc8ab23,validation/evaluation/witness_checks/4/shared/rows/124,inactive-charge,0.0,3.4e-6,true
tie_three_ua10_energy_economic_highs,r8-energy-b6eed093-ea37-473e-98c3-e2715fc8ab23,validation/evaluation/witness_checks/4/shared/rows/125,inactive-discharge,0.0,3.4e-6,true
tie_three_ua10_energy_economic_highs,r8-energy-b6eed093-ea37-473e-98c3-e2715fc8ab23,validation/evaluation/witness_checks/4/shared/rows/126,inactive-energy,0.0,2.0e-6,true
tie_three_ua10_energy_economic_highs,r8-energy-b6eed093-ea37-473e-98c3-e2715fc8ab23,validation/evaluation/witness_checks/4/shared/rows/127,inactive-energy,0.0,2.0e-6,true
tie_three_ua10_energy_economic_highs,r8-energy-b6eed093-ea37-473e-98c3-e2715fc8ab23,validation/evaluation/witness_checks/4/shared/rows/128,inactive-energy,0.0,2.0e-6,true
tie_three_ua10_energy_economic_highs,r8-energy-b6eed093-ea37-473e-98c3-e2715fc8ab23,validation/evaluation/witness_checks/4/shared/rows/129,inactive-energy,0.0,2.0e-6,true
tie_three_ua10_energy_economic_highs,r8-energy-b6eed093-ea37-473e-98c3-e2715fc8ab23,validation/evaluation/witness_checks/4/shared/rows/130,6-13,0.0,2.0e-6,true
tie_three_ua10_energy_economic_highs,r8-energy-b6eed093-ea37-473e-98c3-e2715fc8ab23,validation/evaluation/witness_checks/4/shared/rows/131,6-61,0.0,2.0e-6,true
tie_three_ua10_energy_economic_highs,r8-energy-b6eed093-ea37-473e-98c3-e2715fc8ab23,validation/evaluation/witness_checks/4/shared/rows/132,6-13,0.0,2.0e-6,true
tie_three_ua10_energy_economic_highs,r8-energy-b6eed093-ea37-473e-98c3-e2715fc8ab23,validation/evaluation/witness_checks/4/shared/rows/133,6-61,0.0,2.0e-6,true
tie_three_ua10_energy_economic_highs,r8-energy-b6eed093-ea37-473e-98c3-e2715fc8ab23,validation/evaluation/witness_checks/4/shared/rows/134,6-13,0.0,2.0e-6,true
tie_three_ua10_energy_economic_highs,r8-energy-b6eed093-ea37-473e-98c3-e2715fc8ab23,validation/evaluation/witness_checks/4/shared/rows/135,6-13,0.0,2.0e-6,true
tie_three_ua10_energy_economic_highs,r8-energy-b6eed093-ea37-473e-98c3-e2715fc8ab23,validation/evaluation/witness_checks/4/shared/rows/136,inactive-energy,0.0,2.0e-6,true
tie_three_ua10_energy_economic_highs,r8-energy-b6eed093-ea37-473e-98c3-e2715fc8ab23,validation/evaluation/witness_checks/4/shared/rows/137,inactive-energy,0.0,2.0e-6,true
tie_three_ua10_energy_economic_highs,r8-energy-b6eed093-ea37-473e-98c3-e2715fc8ab23,validation/evaluation/witness_checks/4/shared/rows/138,inactive-energy,0.0,2.0e-6,true
tie_three_ua10_energy_economic_highs,r8-energy-b6eed093-ea37-473e-98c3-e2715fc8ab23,validation/evaluation/witness_checks/4/shared/rows/139,inactive-energy,0.0,2.0e-6,true
tie_three_ua10_energy_economic_highs,r8-energy-b6eed093-ea37-473e-98c3-e2715fc8ab23,validation/evaluation/witness_checks/4/shared/rows/140,inactive-energy,0.0,2.0e-6,true
tie_three_ua10_energy_economic_highs,r8-energy-b6eed093-ea37-473e-98c3-e2715fc8ab23,validation/evaluation/witness_checks/4/shared/rows/141,inactive-energy,0.0,2.0e-6,true
tie_three_ua10_energy_economic_highs,r8-energy-b6eed093-ea37-473e-98c3-e2715fc8ab23,validation/evaluation/witness_checks/4/shared/rows/142,inactive-energy,0.0,2.0e-6,true
tie_three_ua10_energy_economic_highs,r8-energy-b6eed093-ea37-473e-98c3-e2715fc8ab23,validation/evaluation/witness_checks/4/shared/rows/143,inactive-energy,0.0,2.0e-6,true
tie_three_ua10_energy_economic_highs,r8-energy-b6eed093-ea37-473e-98c3-e2715fc8ab23,validation/evaluation/witness_checks/4/shared/rows/144,6-51-P,0.0,3.4e-6,true
tie_three_ua10_energy_economic_highs,r8-energy-b6eed093-ea37-473e-98c3-e2715fc8ab23,validation/evaluation/witness_checks/4/shared/rows/145,6-51-Q,0.0,3.4e-6,true
tie_three_ua10_energy_economic_highs,r8-energy-b6eed093-ea37-473e-98c3-e2715fc8ab23,validation/evaluation/witness_checks/4/shared/rows/146,6-24:25-P_line,6.938893903907228e-17,3.4e-6,true
tie_three_ua10_energy_economic_highs,r8-energy-b6eed093-ea37-473e-98c3-e2715fc8ab23,validation/evaluation/witness_checks/4/shared/rows/147,6-24:25-Q_line,0.0,3.4e-6,true
tie_three_ua10_energy_economic_highs,r8-energy-b6eed093-ea37-473e-98c3-e2715fc8ab23,validation/evaluation/witness_checks/4/shared/rows/148,R7-R3,0.0,1.0e-6,true
tie_three_ua10_energy_economic_highs,r8-energy-b6eed093-ea37-473e-98c3-e2715fc8ab23,validation/evaluation/witness_checks/4/shared/rows/149,6-24:25-P_line,0.0,3.4e-6,true
tie_three_ua10_energy_economic_highs,r8-energy-b6eed093-ea37-473e-98c3-e2715fc8ab23,validation/evaluation/witness_checks/4/shared/rows/150,6-24:25-Q_line,0.0,3.4e-6,true
tie_three_ua10_energy_economic_highs,r8-energy-b6eed093-ea37-473e-98c3-e2715fc8ab23,validation/evaluation/witness_checks/4/shared/rows/151,R7-R3,1.6653345369377347e-18,1.0e-6,true
tie_three_ua10_energy_economic_highs,r8-energy-b6eed093-ea37-473e-98c3-e2715fc8ab23,validation/evaluation/witness_checks/4/shared/rows/152,6-24:25-P_line,0.0,3.4e-6,true
tie_three_ua10_energy_economic_highs,r8-energy-b6eed093-ea37-473e-98c3-e2715fc8ab23,validation/evaluation/witness_checks/4/shared/rows/153,6-24:25-Q_line,0.0,3.4e-6,true
tie_three_ua10_energy_economic_highs,r8-energy-b6eed093-ea37-473e-98c3-e2715fc8ab23,validation/evaluation/witness_checks/4/shared/rows/154,R7-R3,0.0,1.0e-6,true
tie_three_ua10_energy_economic_highs,r8-energy-b6eed093-ea37-473e-98c3-e2715fc8ab23,validation/evaluation/witness_checks/4/shared/rows/155,6-22,0.0,1.0e-6,true
tie_three_ua10_energy_economic_highs,r8-energy-b6eed093-ea37-473e-98c3-e2715fc8ab23,validation/evaluation/witness_checks/4/shared/rows/156,6-54,0.0,3.4e-6,true
tie_three_ua10_energy_economic_highs,r8-energy-b6eed093-ea37-473e-98c3-e2715fc8ab23,validation/evaluation/witness_checks/4/shared/rows/157,6-19,0.0,3.4e-6,true
tie_three_ua10_energy_economic_highs,r8-energy-b6eed093-ea37-473e-98c3-e2715fc8ab23,validation/evaluation/witness_checks/4/shared/rows/158,6-20,0.0,3.4e-6,true
tie_three_ua10_energy_economic_highs,r8-energy-b6eed093-ea37-473e-98c3-e2715fc8ab23,validation/evaluation/witness_checks/4/shared/rows/159,6-22,0.0,1.0e-6,true
tie_three_ua10_energy_economic_highs,r8-energy-b6eed093-ea37-473e-98c3-e2715fc8ab23,validation/evaluation/witness_checks/4/shared/rows/160,6-54,0.0,3.4e-6,true
tie_three_ua10_energy_economic_highs,r8-energy-b6eed093-ea37-473e-98c3-e2715fc8ab23,validation/evaluation/witness_checks/4/shared/rows/161,6-19,4.163336342344337e-17,3.4e-6,true
tie_three_ua10_energy_economic_highs,r8-energy-b6eed093-ea37-473e-98c3-e2715fc8ab23,validation/evaluation/witness_checks/4/shared/rows/162,6-20,0.0,3.4e-6,true
tie_three_ua10_energy_economic_highs,r8-energy-b6eed093-ea37-473e-98c3-e2715fc8ab23,validation/evaluation/witness_checks/4/shared/rows/163,6-22,0.0,1.0e-6,true
tie_three_ua10_energy_economic_highs,r8-energy-b6eed093-ea37-473e-98c3-e2715fc8ab23,validation/evaluation/witness_checks/4/shared/rows/164,6-54,0.0,3.4e-6,true
tie_three_ua10_energy_economic_highs,r8-energy-b6eed093-ea37-473e-98c3-e2715fc8ab23,validation/evaluation/witness_checks/4/shared/rows/165,6-19,0.0,3.4e-6,true
tie_three_ua10_energy_economic_highs,r8-energy-b6eed093-ea37-473e-98c3-e2715fc8ab23,validation/evaluation/witness_checks/4/shared/rows/166,6-20,0.0,3.4e-6,true
tie_three_ua10_energy_economic_highs,r8-energy-b6eed093-ea37-473e-98c3-e2715fc8ab23,validation/evaluation/witness_checks/4/shared/rows/167,6-51-P,0.0,3.4e-6,true
tie_three_ua10_energy_economic_highs,r8-energy-b6eed093-ea37-473e-98c3-e2715fc8ab23,validation/evaluation/witness_checks/4/shared/rows/168,6-51-Q,0.0,3.4e-6,true
tie_three_ua10_energy_economic_highs,r8-energy-b6eed093-ea37-473e-98c3-e2715fc8ab23,validation/evaluation/witness_checks/4/shared/rows/169,6-24:25-P_line,3.507394027990607e-17,3.4e-6,true
tie_three_ua10_energy_economic_highs,r8-energy-b6eed093-ea37-473e-98c3-e2715fc8ab23,validation/evaluation/witness_checks/4/shared/rows/170,6-24:25-Q_line,0.0,3.4e-6,true
tie_three_ua10_energy_economic_highs,r8-energy-b6eed093-ea37-473e-98c3-e2715fc8ab23,validation/evaluation/witness_checks/4/shared/rows/171,R7-R3,0.0,1.0e-6,true
tie_three_ua10_energy_economic_highs,r8-energy-b6eed093-ea37-473e-98c3-e2715fc8ab23,validation/evaluation/witness_checks/4/shared/rows/172,6-24:25-P_line,0.0,3.4e-6,true
tie_three_ua10_energy_economic_highs,r8-energy-b6eed093-ea37-473e-98c3-e2715fc8ab23,validation/evaluation/witness_checks/4/shared/rows/173,6-24:25-Q_line,0.0,3.4e-6,true
tie_three_ua10_energy_economic_highs,r8-energy-b6eed093-ea37-473e-98c3-e2715fc8ab23,validation/evaluation/witness_checks/4/shared/rows/174,R7-R3,3.3306690738754695e-18,1.0e-6,true
tie_three_ua10_energy_economic_highs,r8-energy-b6eed093-ea37-473e-98c3-e2715fc8ab23,validation/evaluation/witness_checks/4/shared/rows/175,6-24:25-P_line,0.0,3.4e-6,true
tie_three_ua10_energy_economic_highs,r8-energy-b6eed093-ea37-473e-98c3-e2715fc8ab23,validation/evaluation/witness_checks/4/shared/rows/176,6-24:25-Q_line,0.0,3.4e-6,true
tie_three_ua10_energy_economic_highs,r8-energy-b6eed093-ea37-473e-98c3-e2715fc8ab23,validation/evaluation/witness_checks/4/shared/rows/177,R7-R3,0.0,1.0e-6,true
tie_three_ua10_energy_economic_highs,r8-energy-b6eed093-ea37-473e-98c3-e2715fc8ab23,validation/evaluation/witness_checks/4/shared/rows/178,6-22,0.0,1.0e-6,true
tie_three_ua10_energy_economic_highs,r8-energy-b6eed093-ea37-473e-98c3-e2715fc8ab23,validation/evaluation/witness_checks/4/shared/rows/179,6-54,0.0,3.4e-6,true
tie_three_ua10_energy_economic_highs,r8-energy-b6eed093-ea37-473e-98c3-e2715fc8ab23,validation/evaluation/witness_checks/4/shared/rows/180,6-19,0.0,3.4e-6,true
tie_three_ua10_energy_economic_highs,r8-energy-b6eed093-ea37-473e-98c3-e2715fc8ab23,validation/evaluation/witness_checks/4/shared/rows/181,6-20,0.0,3.4e-6,true
tie_three_ua10_energy_economic_highs,r8-energy-b6eed093-ea37-473e-98c3-e2715fc8ab23,validation/evaluation/witness_checks/4/shared/rows/182,6-22,0.0,1.0e-6,true
tie_three_ua10_energy_economic_highs,r8-energy-b6eed093-ea37-473e-98c3-e2715fc8ab23,validation/evaluation/witness_checks/4/shared/rows/183,6-54,0.0,3.4e-6,true
tie_three_ua10_energy_economic_highs,r8-energy-b6eed093-ea37-473e-98c3-e2715fc8ab23,validation/evaluation/witness_checks/4/shared/rows/184,6-19,2.043721095135176e-17,3.4e-6,true
tie_three_ua10_energy_economic_highs,r8-energy-b6eed093-ea37-473e-98c3-e2715fc8ab23,validation/evaluation/witness_checks/4/shared/rows/185,6-20,0.0,3.4e-6,true
tie_three_ua10_energy_economic_highs,r8-energy-b6eed093-ea37-473e-98c3-e2715fc8ab23,validation/evaluation/witness_checks/4/shared/rows/186,6-22,0.0,1.0e-6,true
tie_three_ua10_energy_economic_highs,r8-energy-b6eed093-ea37-473e-98c3-e2715fc8ab23,validation/evaluation/witness_checks/4/shared/rows/187,6-54,0.0,3.4e-6,true
tie_three_ua10_energy_economic_highs,r8-energy-b6eed093-ea37-473e-98c3-e2715fc8ab23,validation/evaluation/witness_checks/4/shared/rows/188,6-19,0.0,3.4e-6,true
tie_three_ua10_energy_economic_highs,r8-energy-b6eed093-ea37-473e-98c3-e2715fc8ab23,validation/evaluation/witness_checks/4/shared/rows/189,6-20,0.0,3.4e-6,true
tie_three_ua10_energy_economic_highs,r8-energy-b6eed093-ea37-473e-98c3-e2715fc8ab23,validation/evaluation/witness_checks/4/shared/rows/190,6-55,0.0,3.4e-6,true
tie_three_ua10_energy_economic_highs,r8-energy-b6eed093-ea37-473e-98c3-e2715fc8ab23,validation/evaluation/witness_checks/4/shared/rows/191,6-55,0.0,3.4e-6,true
tie_three_ua10_energy_economic_highs,r8-energy-b6eed093-ea37-473e-98c3-e2715fc8ab23,validation/evaluation/witness_checks/4/shared/rows/192,6-55,0.0,3.4e-6,true
tie_three_ua10_energy_economic_highs,r8-energy-b6eed093-ea37-473e-98c3-e2715fc8ab23,validation/evaluation/witness_checks/4/shared/rows/193,6-55,0.0,3.4e-6,true
tie_three_ua10_energy_economic_highs,r8-energy-b6eed093-ea37-473e-98c3-e2715fc8ab23,validation/evaluation/witness_checks/4/shared/rows/194,6-53,0.0,1.0e-6,true
tie_three_ua10_energy_economic_highs,r8-energy-b6eed093-ea37-473e-98c3-e2715fc8ab23,validation/evaluation/witness_checks/5/rows/1,R8-E2-capacity,0.0,3.4e-6,true
tie_three_ua10_energy_economic_highs,r8-energy-b6eed093-ea37-473e-98c3-e2715fc8ab23,validation/evaluation/witness_checks/5/rows/2,R8-E2-capacity,0.0,3.4e-6,true
tie_three_ua10_energy_economic_highs,r8-energy-b6eed093-ea37-473e-98c3-e2715fc8ab23,validation/evaluation/witness_checks/5/rows/3,R8-E1-balance,0.0,3.4e-6,true
tie_three_ua10_energy_economic_highs,r8-energy-b6eed093-ea37-473e-98c3-e2715fc8ab23,validation/evaluation/witness_checks/5/rows/4,R8-E1-balance,5.551115123125783e-17,3.4e-6,true
tie_three_ua10_energy_economic_highs,r8-energy-b6eed093-ea37-473e-98c3-e2715fc8ab23,validation/evaluation/witness_checks/5/rows/5,R8-E1-balance,0.0,3.4e-6,true
tie_three_ua10_energy_economic_highs,r8-energy-b6eed093-ea37-473e-98c3-e2715fc8ab23,validation/evaluation/witness_checks/5/rows/6,R8-E1-balance,0.0,3.4e-6,true
tie_three_ua10_energy_economic_highs,r8-energy-b6eed093-ea37-473e-98c3-e2715fc8ab23,validation/evaluation/witness_checks/5/shared/rows/1,R7-B1-bounds,0.0,1.0e-6,true
tie_three_ua10_energy_economic_highs,r8-energy-b6eed093-ea37-473e-98c3-e2715fc8ab23,validation/evaluation/witness_checks/5/shared/rows/2,R7-B1-integer,0.0,1.0e-6,true
tie_three_ua10_energy_economic_highs,r8-energy-b6eed093-ea37-473e-98c3-e2715fc8ab23,validation/evaluation/witness_checks/5/shared/rows/3,R7-B1-inactive,0.0,1.0e-6,true
tie_three_ua10_energy_economic_highs,r8-energy-b6eed093-ea37-473e-98c3-e2715fc8ab23,validation/evaluation/witness_checks/5/shared/rows/4,R7-B1-bounds,0.0,1.0e-6,true
tie_three_ua10_energy_economic_highs,r8-energy-b6eed093-ea37-473e-98c3-e2715fc8ab23,validation/evaluation/witness_checks/5/shared/rows/5,R7-B1-integer,0.0,1.0e-6,true
tie_three_ua10_energy_economic_highs,r8-energy-b6eed093-ea37-473e-98c3-e2715fc8ab23,validation/evaluation/witness_checks/5/shared/rows/6,R7-B1-inactive,0.0,1.0e-6,true
tie_three_ua10_energy_economic_highs,r8-energy-b6eed093-ea37-473e-98c3-e2715fc8ab23,validation/evaluation/witness_checks/5/shared/rows/7,R7-B1-bounds,0.0,1.0e-6,true
tie_three_ua10_energy_economic_highs,r8-energy-b6eed093-ea37-473e-98c3-e2715fc8ab23,validation/evaluation/witness_checks/5/shared/rows/8,R7-B1-integer,0.0,1.0e-6,true
tie_three_ua10_energy_economic_highs,r8-energy-b6eed093-ea37-473e-98c3-e2715fc8ab23,validation/evaluation/witness_checks/5/shared/rows/9,R7-B1-charge,0.0,3.4e-6,true
tie_three_ua10_energy_economic_highs,r8-energy-b6eed093-ea37-473e-98c3-e2715fc8ab23,validation/evaluation/witness_checks/5/shared/rows/10,R7-B1-discharge,0.0,3.4e-6,true
tie_three_ua10_energy_economic_highs,r8-energy-b6eed093-ea37-473e-98c3-e2715fc8ab23,validation/evaluation/witness_checks/5/shared/rows/11,R7-B1-nonsimultaneous,0.0,3.4e-6,true
tie_three_ua10_energy_economic_highs,r8-energy-b6eed093-ea37-473e-98c3-e2715fc8ab23,validation/evaluation/witness_checks/5/shared/rows/12,R7-B1-bounds,0.0,1.0e-6,true
tie_three_ua10_energy_economic_highs,r8-energy-b6eed093-ea37-473e-98c3-e2715fc8ab23,validation/evaluation/witness_checks/5/shared/rows/13,R7-B1-integer,0.0,1.0e-6,true
tie_three_ua10_energy_economic_highs,r8-energy-b6eed093-ea37-473e-98c3-e2715fc8ab23,validation/evaluation/witness_checks/5/shared/rows/14,R7-B1-charge,0.0,3.4e-6,true
tie_three_ua10_energy_economic_highs,r8-energy-b6eed093-ea37-473e-98c3-e2715fc8ab23,validation/evaluation/witness_checks/5/shared/rows/15,R7-B1-discharge,0.0,3.4e-6,true
tie_three_ua10_energy_economic_highs,r8-energy-b6eed093-ea37-473e-98c3-e2715fc8ab23,validation/evaluation/witness_checks/5/shared/rows/16,R7-B1-nonsimultaneous,0.0,3.4e-6,true
tie_three_ua10_energy_economic_highs,r8-energy-b6eed093-ea37-473e-98c3-e2715fc8ab23,validation/evaluation/witness_checks/5/shared/rows/17,R7-B1-bounds,0.0,1.0e-6,true
tie_three_ua10_energy_economic_highs,r8-energy-b6eed093-ea37-473e-98c3-e2715fc8ab23,validation/evaluation/witness_checks/5/shared/rows/18,R7-B1-integer,0.0,1.0e-6,true
tie_three_ua10_energy_economic_highs,r8-energy-b6eed093-ea37-473e-98c3-e2715fc8ab23,validation/evaluation/witness_checks/5/shared/rows/19,R7-B1-inactive,0.0,1.0e-6,true
tie_three_ua10_energy_economic_highs,r8-energy-b6eed093-ea37-473e-98c3-e2715fc8ab23,validation/evaluation/witness_checks/5/shared/rows/20,R7-B1-bounds,0.0,1.0e-6,true
tie_three_ua10_energy_economic_highs,r8-energy-b6eed093-ea37-473e-98c3-e2715fc8ab23,validation/evaluation/witness_checks/5/shared/rows/21,R7-B1-integer,0.0,1.0e-6,true
tie_three_ua10_energy_economic_highs,r8-energy-b6eed093-ea37-473e-98c3-e2715fc8ab23,validation/evaluation/witness_checks/5/shared/rows/22,R7-B1-inactive,0.0,1.0e-6,true
tie_three_ua10_energy_economic_highs,r8-energy-b6eed093-ea37-473e-98c3-e2715fc8ab23,validation/evaluation/witness_checks/5/shared/rows/23,R7-B1-bounds,0.0,1.0e-6,true
tie_three_ua10_energy_economic_highs,r8-energy-b6eed093-ea37-473e-98c3-e2715fc8ab23,validation/evaluation/witness_checks/5/shared/rows/24,R7-B1-integer,0.0,1.0e-6,true
tie_three_ua10_energy_economic_highs,r8-energy-b6eed093-ea37-473e-98c3-e2715fc8ab23,validation/evaluation/witness_checks/5/shared/rows/25,R7-B1-inactive,0.0,1.0e-6,true
tie_three_ua10_energy_economic_highs,r8-energy-b6eed093-ea37-473e-98c3-e2715fc8ab23,validation/evaluation/witness_checks/5/shared/rows/26,R7-B1-bounds,0.0,1.0e-6,true
tie_three_ua10_energy_economic_highs,r8-energy-b6eed093-ea37-473e-98c3-e2715fc8ab23,validation/evaluation/witness_checks/5/shared/rows/27,R7-B1-integer,0.0,1.0e-6,true
tie_three_ua10_energy_economic_highs,r8-energy-b6eed093-ea37-473e-98c3-e2715fc8ab23,validation/evaluation/witness_checks/5/shared/rows/28,R7-B1-inactive,0.0,1.0e-6,true
tie_three_ua10_energy_economic_highs,r8-energy-b6eed093-ea37-473e-98c3-e2715fc8ab23,validation/evaluation/witness_checks/5/shared/rows/29,binary-z,0.0,1.0e-6,true
tie_three_ua10_energy_economic_highs,r8-energy-b6eed093-ea37-473e-98c3-e2715fc8ab23,validation/evaluation/witness_checks/5/shared/rows/30,integer-z,0.0,1.0e-6,true
tie_three_ua10_energy_economic_highs,r8-energy-b6eed093-ea37-473e-98c3-e2715fc8ab23,validation/evaluation/witness_checks/5/shared/rows/31,binary-z,0.0,1.0e-6,true
tie_three_ua10_energy_economic_highs,r8-energy-b6eed093-ea37-473e-98c3-e2715fc8ab23,validation/evaluation/witness_checks/5/shared/rows/32,integer-z,0.0,1.0e-6,true
tie_three_ua10_energy_economic_highs,r8-energy-b6eed093-ea37-473e-98c3-e2715fc8ab23,validation/evaluation/witness_checks/5/shared/rows/33,binary-z,0.0,1.0e-6,true
tie_three_ua10_energy_economic_highs,r8-energy-b6eed093-ea37-473e-98c3-e2715fc8ab23,validation/evaluation/witness_checks/5/shared/rows/34,integer-z,0.0,1.0e-6,true
tie_three_ua10_energy_economic_highs,r8-energy-b6eed093-ea37-473e-98c3-e2715fc8ab23,validation/evaluation/witness_checks/5/shared/rows/35,binary-beta,0.0,1.0e-6,true
tie_three_ua10_energy_economic_highs,r8-energy-b6eed093-ea37-473e-98c3-e2715fc8ab23,validation/evaluation/witness_checks/5/shared/rows/36,integer-beta,0.0,1.0e-6,true
tie_three_ua10_energy_economic_highs,r8-energy-b6eed093-ea37-473e-98c3-e2715fc8ab23,validation/evaluation/witness_checks/5/shared/rows/37,binary-beta,0.0,1.0e-6,true
tie_three_ua10_energy_economic_highs,r8-energy-b6eed093-ea37-473e-98c3-e2715fc8ab23,validation/evaluation/witness_checks/5/shared/rows/38,integer-beta,0.0,1.0e-6,true
tie_three_ua10_energy_economic_highs,r8-energy-b6eed093-ea37-473e-98c3-e2715fc8ab23,validation/evaluation/witness_checks/5/shared/rows/39,binary-beta,0.0,1.0e-6,true
tie_three_ua10_energy_economic_highs,r8-energy-b6eed093-ea37-473e-98c3-e2715fc8ab23,validation/evaluation/witness_checks/5/shared/rows/40,integer-beta,0.0,1.0e-6,true
tie_three_ua10_energy_economic_highs,r8-energy-b6eed093-ea37-473e-98c3-e2715fc8ab23,validation/evaluation/witness_checks/5/shared/rows/41,binary-a_on,0.0,1.0e-6,true
tie_three_ua10_energy_economic_highs,r8-energy-b6eed093-ea37-473e-98c3-e2715fc8ab23,validation/evaluation/witness_checks/5/shared/rows/42,integer-a_on,0.0,1.0e-6,true
tie_three_ua10_energy_economic_highs,r8-energy-b6eed093-ea37-473e-98c3-e2715fc8ab23,validation/evaluation/witness_checks/5/shared/rows/43,binary-a_on,0.0,1.0e-6,true
tie_three_ua10_energy_economic_highs,r8-energy-b6eed093-ea37-473e-98c3-e2715fc8ab23,validation/evaluation/witness_checks/5/shared/rows/44,integer-a_on,0.0,1.0e-6,true
tie_three_ua10_energy_economic_highs,r8-energy-b6eed093-ea37-473e-98c3-e2715fc8ab23,validation/evaluation/witness_checks/5/shared/rows/45,binary-a_on,0.0,1.0e-6,true
tie_three_ua10_energy_economic_highs,r8-energy-b6eed093-ea37-473e-98c3-e2715fc8ab23,validation/evaluation/witness_checks/5/shared/rows/46,integer-a_on,0.0,1.0e-6,true
tie_three_ua10_energy_economic_highs,r8-energy-b6eed093-ea37-473e-98c3-e2715fc8ab23,validation/evaluation/witness_checks/5/shared/rows/47,binary-a_off,0.0,1.0e-6,true
tie_three_ua10_energy_economic_highs,r8-energy-b6eed093-ea37-473e-98c3-e2715fc8ab23,validation/evaluation/witness_checks/5/shared/rows/48,integer-a_off,0.0,1.0e-6,true
tie_three_ua10_energy_economic_highs,r8-energy-b6eed093-ea37-473e-98c3-e2715fc8ab23,validation/evaluation/witness_checks/5/shared/rows/49,binary-a_off,0.0,1.0e-6,true
tie_three_ua10_energy_economic_highs,r8-energy-b6eed093-ea37-473e-98c3-e2715fc8ab23,validation/evaluation/witness_checks/5/shared/rows/50,integer-a_off,0.0,1.0e-6,true
tie_three_ua10_energy_economic_highs,r8-energy-b6eed093-ea37-473e-98c3-e2715fc8ab23,validation/evaluation/witness_checks/5/shared/rows/51,binary-a_off,0.0,1.0e-6,true
tie_three_ua10_energy_economic_highs,r8-energy-b6eed093-ea37-473e-98c3-e2715fc8ab23,validation/evaluation/witness_checks/5/shared/rows/52,integer-a_off,0.0,1.0e-6,true
tie_three_ua10_energy_economic_highs,r8-energy-b6eed093-ea37-473e-98c3-e2715fc8ab23,validation/evaluation/witness_checks/5/shared/rows/53,R7-R1,0.0,1.0e-6,true
tie_three_ua10_energy_economic_highs,r8-energy-b6eed093-ea37-473e-98c3-e2715fc8ab23,validation/evaluation/witness_checks/5/shared/rows/54,on-action,0.0,1.0e-6,true
tie_three_ua10_energy_economic_highs,r8-energy-b6eed093-ea37-473e-98c3-e2715fc8ab23,validation/evaluation/witness_checks/5/shared/rows/55,off-action,0.0,1.0e-6,true
tie_three_ua10_energy_economic_highs,r8-energy-b6eed093-ea37-473e-98c3-e2715fc8ab23,validation/evaluation/witness_checks/5/shared/rows/56,virtual-arc,0.0,1.0e-6,true
tie_three_ua10_energy_economic_highs,r8-energy-b6eed093-ea37-473e-98c3-e2715fc8ab23,validation/evaluation/witness_checks/5/shared/rows/57,R7-R1,0.0,1.0e-6,true
tie_three_ua10_energy_economic_highs,r8-energy-b6eed093-ea37-473e-98c3-e2715fc8ab23,validation/evaluation/witness_checks/5/shared/rows/58,on-action,0.0,1.0e-6,true
tie_three_ua10_energy_economic_highs,r8-energy-b6eed093-ea37-473e-98c3-e2715fc8ab23,validation/evaluation/witness_checks/5/shared/rows/59,off-action,0.0,1.0e-6,true
tie_three_ua10_energy_economic_highs,r8-energy-b6eed093-ea37-473e-98c3-e2715fc8ab23,validation/evaluation/witness_checks/5/shared/rows/60,virtual-arc,0.0,1.0e-6,true
tie_three_ua10_energy_economic_highs,r8-energy-b6eed093-ea37-473e-98c3-e2715fc8ab23,validation/evaluation/witness_checks/5/shared/rows/61,R7-R1,0.0,1.0e-6,true
tie_three_ua10_energy_economic_highs,r8-energy-b6eed093-ea37-473e-98c3-e2715fc8ab23,validation/evaluation/witness_checks/5/shared/rows/62,on-action,0.0,1.0e-6,true
tie_three_ua10_energy_economic_highs,r8-energy-b6eed093-ea37-473e-98c3-e2715fc8ab23,validation/evaluation/witness_checks/5/shared/rows/63,off-action,0.0,1.0e-6,true
tie_three_ua10_energy_economic_highs,r8-energy-b6eed093-ea37-473e-98c3-e2715fc8ab23,validation/evaluation/witness_checks/5/shared/rows/64,virtual-arc,0.0,1.0e-6,true
tie_three_ua10_energy_economic_highs,r8-energy-b6eed093-ea37-473e-98c3-e2715fc8ab23,validation/evaluation/witness_checks/5/shared/rows/65,6-63,0.0,1.0e-6,true
tie_three_ua10_energy_economic_highs,r8-energy-b6eed093-ea37-473e-98c3-e2715fc8ab23,validation/evaluation/witness_checks/5/shared/rows/66,forest-edges,0.0,1.0e-6,true
tie_three_ua10_energy_economic_highs,r8-energy-b6eed093-ea37-473e-98c3-e2715fc8ab23,validation/evaluation/witness_checks/5/shared/rows/67,forest-independent,0.0,1.0e-6,true
tie_three_ua10_energy_economic_highs,r8-energy-b6eed093-ea37-473e-98c3-e2715fc8ab23,validation/evaluation/witness_checks/5/shared/rows/68,one-root-per-component,0.0,1.0e-6,true
tie_three_ua10_energy_economic_highs,r8-energy-b6eed093-ea37-473e-98c3-e2715fc8ab23,validation/evaluation/witness_checks/5/shared/rows/69,root-eligible,0.0,1.0e-6,true
tie_three_ua10_energy_economic_highs,r8-energy-b6eed093-ea37-473e-98c3-e2715fc8ab23,validation/evaluation/witness_checks/5/shared/rows/70,root-supply,0.0,1.0e-6,true
tie_three_ua10_energy_economic_highs,r8-energy-b6eed093-ea37-473e-98c3-e2715fc8ab23,validation/evaluation/witness_checks/5/shared/rows/71,virtual-node,0.0,1.0e-6,true
tie_three_ua10_energy_economic_highs,r8-energy-b6eed093-ea37-473e-98c3-e2715fc8ab23,validation/evaluation/witness_checks/5/shared/rows/72,root-eligible,0.0,1.0e-6,true
tie_three_ua10_energy_economic_highs,r8-energy-b6eed093-ea37-473e-98c3-e2715fc8ab23,validation/evaluation/witness_checks/5/shared/rows/73,root-supply,0.0,1.0e-6,true
tie_three_ua10_energy_economic_highs,r8-energy-b6eed093-ea37-473e-98c3-e2715fc8ab23,validation/evaluation/witness_checks/5/shared/rows/74,virtual-node,0.0,1.0e-6,true
tie_three_ua10_energy_economic_highs,r8-energy-b6eed093-ea37-473e-98c3-e2715fc8ab23,validation/evaluation/witness_checks/5/shared/rows/75,root-eligible,0.0,1.0e-6,true
tie_three_ua10_energy_economic_highs,r8-energy-b6eed093-ea37-473e-98c3-e2715fc8ab23,validation/evaluation/witness_checks/5/shared/rows/76,root-supply,0.0,1.0e-6,true
tie_three_ua10_energy_economic_highs,r8-energy-b6eed093-ea37-473e-98c3-e2715fc8ab23,validation/evaluation/witness_checks/5/shared/rows/77,virtual-node,0.0,1.0e-6,true
tie_three_ua10_energy_economic_highs,r8-energy-b6eed093-ea37-473e-98c3-e2715fc8ab23,validation/evaluation/witness_checks/5/shared/rows/78,6-8/56/60,0.0,3.4e-6,true
tie_three_ua10_energy_economic_highs,r8-energy-b6eed093-ea37-473e-98c3-e2715fc8ab23,validation/evaluation/witness_checks/5/shared/rows/79,6-3/9,0.0,3.4e-6,true
tie_three_ua10_energy_economic_highs,r8-energy-b6eed093-ea37-473e-98c3-e2715fc8ab23,validation/evaluation/witness_checks/5/shared/rows/80,6-11,0.0,3.4e-6,true
tie_three_ua10_energy_economic_highs,r8-energy-b6eed093-ea37-473e-98c3-e2715fc8ab23,validation/evaluation/witness_checks/5/shared/rows/81,6-4/57,0.0,3.4e-6,true
tie_three_ua10_energy_economic_highs,r8-energy-b6eed093-ea37-473e-98c3-e2715fc8ab23,validation/evaluation/witness_checks/5/shared/rows/82,6-5/58,0.0,3.4e-6,true
tie_three_ua10_energy_economic_highs,r8-energy-b6eed093-ea37-473e-98c3-e2715fc8ab23,validation/evaluation/witness_checks/5/shared/rows/83,inactive-charge,0.0,3.4e-6,true
tie_three_ua10_energy_economic_highs,r8-energy-b6eed093-ea37-473e-98c3-e2715fc8ab23,validation/evaluation/witness_checks/5/shared/rows/84,inactive-discharge,0.0,3.4e-6,true
tie_three_ua10_energy_economic_highs,r8-energy-b6eed093-ea37-473e-98c3-e2715fc8ab23,validation/evaluation/witness_checks/5/shared/rows/85,6-8/56/60,0.0,3.4e-6,true
tie_three_ua10_energy_economic_highs,r8-energy-b6eed093-ea37-473e-98c3-e2715fc8ab23,validation/evaluation/witness_checks/5/shared/rows/86,6-3/9,0.0,3.4e-6,true
tie_three_ua10_energy_economic_highs,r8-energy-b6eed093-ea37-473e-98c3-e2715fc8ab23,validation/evaluation/witness_checks/5/shared/rows/87,6-11,0.0,3.4e-6,true
tie_three_ua10_energy_economic_highs,r8-energy-b6eed093-ea37-473e-98c3-e2715fc8ab23,validation/evaluation/witness_checks/5/shared/rows/88,6-4/57,0.0,3.4e-6,true
tie_three_ua10_energy_economic_highs,r8-energy-b6eed093-ea37-473e-98c3-e2715fc8ab23,validation/evaluation/witness_checks/5/shared/rows/89,6-5/58,0.0,3.4e-6,true
tie_three_ua10_energy_economic_highs,r8-energy-b6eed093-ea37-473e-98c3-e2715fc8ab23,validation/evaluation/witness_checks/5/shared/rows/90,inactive-charge,0.0,3.4e-6,true
tie_three_ua10_energy_economic_highs,r8-energy-b6eed093-ea37-473e-98c3-e2715fc8ab23,validation/evaluation/witness_checks/5/shared/rows/91,inactive-discharge,0.0,3.4e-6,true
tie_three_ua10_energy_economic_highs,r8-energy-b6eed093-ea37-473e-98c3-e2715fc8ab23,validation/evaluation/witness_checks/5/shared/rows/92,6-8/56/60,0.0,3.4e-6,true
tie_three_ua10_energy_economic_highs,r8-energy-b6eed093-ea37-473e-98c3-e2715fc8ab23,validation/evaluation/witness_checks/5/shared/rows/93,6-3/9,0.0,3.4e-6,true
tie_three_ua10_energy_economic_highs,r8-energy-b6eed093-ea37-473e-98c3-e2715fc8ab23,validation/evaluation/witness_checks/5/shared/rows/94,6-11,0.0,3.4e-6,true
tie_three_ua10_energy_economic_highs,r8-energy-b6eed093-ea37-473e-98c3-e2715fc8ab23,validation/evaluation/witness_checks/5/shared/rows/95,battery-charge,0.0,3.4e-6,true
tie_three_ua10_energy_economic_highs,r8-energy-b6eed093-ea37-473e-98c3-e2715fc8ab23,validation/evaluation/witness_checks/5/shared/rows/96,battery-discharge,0.0,3.4e-6,true
tie_three_ua10_energy_economic_highs,r8-energy-b6eed093-ea37-473e-98c3-e2715fc8ab23,validation/evaluation/witness_checks/5/shared/rows/97,6-12,0.0,3.4e-6,true
tie_three_ua10_energy_economic_highs,r8-energy-b6eed093-ea37-473e-98c3-e2715fc8ab23,validation/evaluation/witness_checks/5/shared/rows/98,6-14,0.0,2.0e-6,true
tie_three_ua10_energy_economic_highs,r8-energy-b6eed093-ea37-473e-98c3-e2715fc8ab23,validation/evaluation/witness_checks/5/shared/rows/99,6-8/56/60,0.0,3.4e-6,true
tie_three_ua10_energy_economic_highs,r8-energy-b6eed093-ea37-473e-98c3-e2715fc8ab23,validation/evaluation/witness_checks/5/shared/rows/100,6-3/9,0.0,3.4e-6,true
tie_three_ua10_energy_economic_highs,r8-energy-b6eed093-ea37-473e-98c3-e2715fc8ab23,validation/evaluation/witness_checks/5/shared/rows/101,6-11,0.0,3.4e-6,true
tie_three_ua10_energy_economic_highs,r8-energy-b6eed093-ea37-473e-98c3-e2715fc8ab23,validation/evaluation/witness_checks/5/shared/rows/102,battery-charge,0.0,3.4e-6,true
tie_three_ua10_energy_economic_highs,r8-energy-b6eed093-ea37-473e-98c3-e2715fc8ab23,validation/evaluation/witness_checks/5/shared/rows/103,battery-discharge,0.0,3.4e-6,true
tie_three_ua10_energy_economic_highs,r8-energy-b6eed093-ea37-473e-98c3-e2715fc8ab23,validation/evaluation/witness_checks/5/shared/rows/104,6-12,0.0,3.4e-6,true
tie_three_ua10_energy_economic_highs,r8-energy-b6eed093-ea37-473e-98c3-e2715fc8ab23,validation/evaluation/witness_checks/5/shared/rows/105,6-14,0.0,2.0e-6,true
tie_three_ua10_energy_economic_highs,r8-energy-b6eed093-ea37-473e-98c3-e2715fc8ab23,validation/evaluation/witness_checks/5/shared/rows/106,6-8/56/60,0.0,3.4e-6,true
tie_three_ua10_energy_economic_highs,r8-energy-b6eed093-ea37-473e-98c3-e2715fc8ab23,validation/evaluation/witness_checks/5/shared/rows/107,6-3/9,0.0,3.4e-6,true
tie_three_ua10_energy_economic_highs,r8-energy-b6eed093-ea37-473e-98c3-e2715fc8ab23,validation/evaluation/witness_checks/5/shared/rows/108,6-11,0.0,3.4e-6,true
tie_three_ua10_energy_economic_highs,r8-energy-b6eed093-ea37-473e-98c3-e2715fc8ab23,validation/evaluation/witness_checks/5/shared/rows/109,inactive-charge,0.0,3.4e-6,true
tie_three_ua10_energy_economic_highs,r8-energy-b6eed093-ea37-473e-98c3-e2715fc8ab23,validation/evaluation/witness_checks/5/shared/rows/110,inactive-discharge,0.0,3.4e-6,true
tie_three_ua10_energy_economic_highs,r8-energy-b6eed093-ea37-473e-98c3-e2715fc8ab23,validation/evaluation/witness_checks/5/shared/rows/111,6-8/56/60,3.3306690738754696e-16,3.4e-6,true
tie_three_ua10_energy_economic_highs,r8-energy-b6eed093-ea37-473e-98c3-e2715fc8ab23,validation/evaluation/witness_checks/5/shared/rows/112,6-3/9,0.0,3.4e-6,true
tie_three_ua10_energy_economic_highs,r8-energy-b6eed093-ea37-473e-98c3-e2715fc8ab23,validation/evaluation/witness_checks/5/shared/rows/113,6-11,0.0,3.4e-6,true
tie_three_ua10_energy_economic_highs,r8-energy-b6eed093-ea37-473e-98c3-e2715fc8ab23,validation/evaluation/witness_checks/5/shared/rows/114,inactive-charge,0.0,3.4e-6,true
tie_three_ua10_energy_economic_highs,r8-energy-b6eed093-ea37-473e-98c3-e2715fc8ab23,validation/evaluation/witness_checks/5/shared/rows/115,inactive-discharge,0.0,3.4e-6,true
tie_three_ua10_energy_economic_highs,r8-energy-b6eed093-ea37-473e-98c3-e2715fc8ab23,validation/evaluation/witness_checks/5/shared/rows/116,6-8/56/60,0.0,3.4e-6,true
tie_three_ua10_energy_economic_highs,r8-energy-b6eed093-ea37-473e-98c3-e2715fc8ab23,validation/evaluation/witness_checks/5/shared/rows/117,6-3/9,0.0,3.4e-6,true
tie_three_ua10_energy_economic_highs,r8-energy-b6eed093-ea37-473e-98c3-e2715fc8ab23,validation/evaluation/witness_checks/5/shared/rows/118,6-11,0.0,3.4e-6,true
tie_three_ua10_energy_economic_highs,r8-energy-b6eed093-ea37-473e-98c3-e2715fc8ab23,validation/evaluation/witness_checks/5/shared/rows/119,inactive-charge,0.0,3.4e-6,true
tie_three_ua10_energy_economic_highs,r8-energy-b6eed093-ea37-473e-98c3-e2715fc8ab23,validation/evaluation/witness_checks/5/shared/rows/120,inactive-discharge,0.0,3.4e-6,true
tie_three_ua10_energy_economic_highs,r8-energy-b6eed093-ea37-473e-98c3-e2715fc8ab23,validation/evaluation/witness_checks/5/shared/rows/121,6-8/56/60,0.0,3.4e-6,true
tie_three_ua10_energy_economic_highs,r8-energy-b6eed093-ea37-473e-98c3-e2715fc8ab23,validation/evaluation/witness_checks/5/shared/rows/122,6-3/9,0.0,3.4e-6,true
tie_three_ua10_energy_economic_highs,r8-energy-b6eed093-ea37-473e-98c3-e2715fc8ab23,validation/evaluation/witness_checks/5/shared/rows/123,6-11,0.0,3.4e-6,true
tie_three_ua10_energy_economic_highs,r8-energy-b6eed093-ea37-473e-98c3-e2715fc8ab23,validation/evaluation/witness_checks/5/shared/rows/124,inactive-charge,0.0,3.4e-6,true
tie_three_ua10_energy_economic_highs,r8-energy-b6eed093-ea37-473e-98c3-e2715fc8ab23,validation/evaluation/witness_checks/5/shared/rows/125,inactive-discharge,0.0,3.4e-6,true
tie_three_ua10_energy_economic_highs,r8-energy-b6eed093-ea37-473e-98c3-e2715fc8ab23,validation/evaluation/witness_checks/5/shared/rows/126,inactive-energy,0.0,2.0e-6,true
tie_three_ua10_energy_economic_highs,r8-energy-b6eed093-ea37-473e-98c3-e2715fc8ab23,validation/evaluation/witness_checks/5/shared/rows/127,inactive-energy,0.0,2.0e-6,true
tie_three_ua10_energy_economic_highs,r8-energy-b6eed093-ea37-473e-98c3-e2715fc8ab23,validation/evaluation/witness_checks/5/shared/rows/128,inactive-energy,0.0,2.0e-6,true
tie_three_ua10_energy_economic_highs,r8-energy-b6eed093-ea37-473e-98c3-e2715fc8ab23,validation/evaluation/witness_checks/5/shared/rows/129,inactive-energy,0.0,2.0e-6,true
tie_three_ua10_energy_economic_highs,r8-energy-b6eed093-ea37-473e-98c3-e2715fc8ab23,validation/evaluation/witness_checks/5/shared/rows/130,6-13,0.0,2.0e-6,true
tie_three_ua10_energy_economic_highs,r8-energy-b6eed093-ea37-473e-98c3-e2715fc8ab23,validation/evaluation/witness_checks/5/shared/rows/131,6-61,0.0,2.0e-6,true
tie_three_ua10_energy_economic_highs,r8-energy-b6eed093-ea37-473e-98c3-e2715fc8ab23,validation/evaluation/witness_checks/5/shared/rows/132,6-13,0.0,2.0e-6,true
tie_three_ua10_energy_economic_highs,r8-energy-b6eed093-ea37-473e-98c3-e2715fc8ab23,validation/evaluation/witness_checks/5/shared/rows/133,6-61,0.0,2.0e-6,true
tie_three_ua10_energy_economic_highs,r8-energy-b6eed093-ea37-473e-98c3-e2715fc8ab23,validation/evaluation/witness_checks/5/shared/rows/134,6-13,0.0,2.0e-6,true
tie_three_ua10_energy_economic_highs,r8-energy-b6eed093-ea37-473e-98c3-e2715fc8ab23,validation/evaluation/witness_checks/5/shared/rows/135,6-13,0.0,2.0e-6,true
tie_three_ua10_energy_economic_highs,r8-energy-b6eed093-ea37-473e-98c3-e2715fc8ab23,validation/evaluation/witness_checks/5/shared/rows/136,inactive-energy,0.0,2.0e-6,true
tie_three_ua10_energy_economic_highs,r8-energy-b6eed093-ea37-473e-98c3-e2715fc8ab23,validation/evaluation/witness_checks/5/shared/rows/137,inactive-energy,0.0,2.0e-6,true
tie_three_ua10_energy_economic_highs,r8-energy-b6eed093-ea37-473e-98c3-e2715fc8ab23,validation/evaluation/witness_checks/5/shared/rows/138,inactive-energy,0.0,2.0e-6,true
tie_three_ua10_energy_economic_highs,r8-energy-b6eed093-ea37-473e-98c3-e2715fc8ab23,validation/evaluation/witness_checks/5/shared/rows/139,inactive-energy,0.0,2.0e-6,true
tie_three_ua10_energy_economic_highs,r8-energy-b6eed093-ea37-473e-98c3-e2715fc8ab23,validation/evaluation/witness_checks/5/shared/rows/140,inactive-energy,0.0,2.0e-6,true
tie_three_ua10_energy_economic_highs,r8-energy-b6eed093-ea37-473e-98c3-e2715fc8ab23,validation/evaluation/witness_checks/5/shared/rows/141,inactive-energy,0.0,2.0e-6,true
tie_three_ua10_energy_economic_highs,r8-energy-b6eed093-ea37-473e-98c3-e2715fc8ab23,validation/evaluation/witness_checks/5/shared/rows/142,inactive-energy,0.0,2.0e-6,true
tie_three_ua10_energy_economic_highs,r8-energy-b6eed093-ea37-473e-98c3-e2715fc8ab23,validation/evaluation/witness_checks/5/shared/rows/143,inactive-energy,0.0,2.0e-6,true
tie_three_ua10_energy_economic_highs,r8-energy-b6eed093-ea37-473e-98c3-e2715fc8ab23,validation/evaluation/witness_checks/5/shared/rows/144,6-51-P,0.0,3.4e-6,true
tie_three_ua10_energy_economic_highs,r8-energy-b6eed093-ea37-473e-98c3-e2715fc8ab23,validation/evaluation/witness_checks/5/shared/rows/145,6-51-Q,0.0,3.4e-6,true
tie_three_ua10_energy_economic_highs,r8-energy-b6eed093-ea37-473e-98c3-e2715fc8ab23,validation/evaluation/witness_checks/5/shared/rows/146,6-24:25-P_line,0.0,3.4e-6,true
tie_three_ua10_energy_economic_highs,r8-energy-b6eed093-ea37-473e-98c3-e2715fc8ab23,validation/evaluation/witness_checks/5/shared/rows/147,6-24:25-Q_line,0.0,3.4e-6,true
tie_three_ua10_energy_economic_highs,r8-energy-b6eed093-ea37-473e-98c3-e2715fc8ab23,validation/evaluation/witness_checks/5/shared/rows/148,R7-R3,0.0,1.0e-6,true
tie_three_ua10_energy_economic_highs,r8-energy-b6eed093-ea37-473e-98c3-e2715fc8ab23,validation/evaluation/witness_checks/5/shared/rows/149,6-24:25-P_line,0.0,3.4e-6,true
tie_three_ua10_energy_economic_highs,r8-energy-b6eed093-ea37-473e-98c3-e2715fc8ab23,validation/evaluation/witness_checks/5/shared/rows/150,6-24:25-Q_line,0.0,3.4e-6,true
tie_three_ua10_energy_economic_highs,r8-energy-b6eed093-ea37-473e-98c3-e2715fc8ab23,validation/evaluation/witness_checks/5/shared/rows/151,R7-R3,4.7740470973146876e-17,1.0e-6,true
tie_three_ua10_energy_economic_highs,r8-energy-b6eed093-ea37-473e-98c3-e2715fc8ab23,validation/evaluation/witness_checks/5/shared/rows/152,6-24:25-P_line,0.0,3.4e-6,true
tie_three_ua10_energy_economic_highs,r8-energy-b6eed093-ea37-473e-98c3-e2715fc8ab23,validation/evaluation/witness_checks/5/shared/rows/153,6-24:25-Q_line,0.0,3.4e-6,true
tie_three_ua10_energy_economic_highs,r8-energy-b6eed093-ea37-473e-98c3-e2715fc8ab23,validation/evaluation/witness_checks/5/shared/rows/154,R7-R3,4.423544863740858e-17,1.0e-6,true
tie_three_ua10_energy_economic_highs,r8-energy-b6eed093-ea37-473e-98c3-e2715fc8ab23,validation/evaluation/witness_checks/5/shared/rows/155,6-22,0.0,1.0e-6,true
tie_three_ua10_energy_economic_highs,r8-energy-b6eed093-ea37-473e-98c3-e2715fc8ab23,validation/evaluation/witness_checks/5/shared/rows/156,6-54,0.0,3.4e-6,true
tie_three_ua10_energy_economic_highs,r8-energy-b6eed093-ea37-473e-98c3-e2715fc8ab23,validation/evaluation/witness_checks/5/shared/rows/157,6-19,0.0,3.4e-6,true
tie_three_ua10_energy_economic_highs,r8-energy-b6eed093-ea37-473e-98c3-e2715fc8ab23,validation/evaluation/witness_checks/5/shared/rows/158,6-20,0.0,3.4e-6,true
tie_three_ua10_energy_economic_highs,r8-energy-b6eed093-ea37-473e-98c3-e2715fc8ab23,validation/evaluation/witness_checks/5/shared/rows/159,6-22,0.0,1.0e-6,true
tie_three_ua10_energy_economic_highs,r8-energy-b6eed093-ea37-473e-98c3-e2715fc8ab23,validation/evaluation/witness_checks/5/shared/rows/160,6-54,0.0,3.4e-6,true
tie_three_ua10_energy_economic_highs,r8-energy-b6eed093-ea37-473e-98c3-e2715fc8ab23,validation/evaluation/witness_checks/5/shared/rows/161,6-19,0.0,3.4e-6,true
tie_three_ua10_energy_economic_highs,r8-energy-b6eed093-ea37-473e-98c3-e2715fc8ab23,validation/evaluation/witness_checks/5/shared/rows/162,6-20,0.0,3.4e-6,true
tie_three_ua10_energy_economic_highs,r8-energy-b6eed093-ea37-473e-98c3-e2715fc8ab23,validation/evaluation/witness_checks/5/shared/rows/163,6-22,0.0,1.0e-6,true
tie_three_ua10_energy_economic_highs,r8-energy-b6eed093-ea37-473e-98c3-e2715fc8ab23,validation/evaluation/witness_checks/5/shared/rows/164,6-54,0.0,3.4e-6,true
tie_three_ua10_energy_economic_highs,r8-energy-b6eed093-ea37-473e-98c3-e2715fc8ab23,validation/evaluation/witness_checks/5/shared/rows/165,6-19,0.0,3.4e-6,true
tie_three_ua10_energy_economic_highs,r8-energy-b6eed093-ea37-473e-98c3-e2715fc8ab23,validation/evaluation/witness_checks/5/shared/rows/166,6-20,0.0,3.4e-6,true
tie_three_ua10_energy_economic_highs,r8-energy-b6eed093-ea37-473e-98c3-e2715fc8ab23,validation/evaluation/witness_checks/5/shared/rows/167,6-51-P,0.0,3.4e-6,true
tie_three_ua10_energy_economic_highs,r8-energy-b6eed093-ea37-473e-98c3-e2715fc8ab23,validation/evaluation/witness_checks/5/shared/rows/168,6-51-Q,0.0,3.4e-6,true
tie_three_ua10_energy_economic_highs,r8-energy-b6eed093-ea37-473e-98c3-e2715fc8ab23,validation/evaluation/witness_checks/5/shared/rows/169,6-24:25-P_line,0.0,3.4e-6,true
tie_three_ua10_energy_economic_highs,r8-energy-b6eed093-ea37-473e-98c3-e2715fc8ab23,validation/evaluation/witness_checks/5/shared/rows/170,6-24:25-Q_line,0.0,3.4e-6,true
tie_three_ua10_energy_economic_highs,r8-energy-b6eed093-ea37-473e-98c3-e2715fc8ab23,validation/evaluation/witness_checks/5/shared/rows/171,R7-R3,0.0,1.0e-6,true
tie_three_ua10_energy_economic_highs,r8-energy-b6eed093-ea37-473e-98c3-e2715fc8ab23,validation/evaluation/witness_checks/5/shared/rows/172,6-24:25-P_line,0.0,3.4e-6,true
tie_three_ua10_energy_economic_highs,r8-energy-b6eed093-ea37-473e-98c3-e2715fc8ab23,validation/evaluation/witness_checks/5/shared/rows/173,6-24:25-Q_line,0.0,3.4e-6,true
tie_three_ua10_energy_economic_highs,r8-energy-b6eed093-ea37-473e-98c3-e2715fc8ab23,validation/evaluation/witness_checks/5/shared/rows/174,R7-R3,3.3306690738754695e-18,1.0e-6,true
tie_three_ua10_energy_economic_highs,r8-energy-b6eed093-ea37-473e-98c3-e2715fc8ab23,validation/evaluation/witness_checks/5/shared/rows/175,6-24:25-P_line,0.0,3.4e-6,true
tie_three_ua10_energy_economic_highs,r8-energy-b6eed093-ea37-473e-98c3-e2715fc8ab23,validation/evaluation/witness_checks/5/shared/rows/176,6-24:25-Q_line,0.0,3.4e-6,true
tie_three_ua10_energy_economic_highs,r8-energy-b6eed093-ea37-473e-98c3-e2715fc8ab23,validation/evaluation/witness_checks/5/shared/rows/177,R7-R3,6.938893903907228e-18,1.0e-6,true
tie_three_ua10_energy_economic_highs,r8-energy-b6eed093-ea37-473e-98c3-e2715fc8ab23,validation/evaluation/witness_checks/5/shared/rows/178,6-22,0.0,1.0e-6,true
tie_three_ua10_energy_economic_highs,r8-energy-b6eed093-ea37-473e-98c3-e2715fc8ab23,validation/evaluation/witness_checks/5/shared/rows/179,6-54,0.0,3.4e-6,true
tie_three_ua10_energy_economic_highs,r8-energy-b6eed093-ea37-473e-98c3-e2715fc8ab23,validation/evaluation/witness_checks/5/shared/rows/180,6-19,0.0,3.4e-6,true
tie_three_ua10_energy_economic_highs,r8-energy-b6eed093-ea37-473e-98c3-e2715fc8ab23,validation/evaluation/witness_checks/5/shared/rows/181,6-20,0.0,3.4e-6,true
tie_three_ua10_energy_economic_highs,r8-energy-b6eed093-ea37-473e-98c3-e2715fc8ab23,validation/evaluation/witness_checks/5/shared/rows/182,6-22,0.0,1.0e-6,true
tie_three_ua10_energy_economic_highs,r8-energy-b6eed093-ea37-473e-98c3-e2715fc8ab23,validation/evaluation/witness_checks/5/shared/rows/183,6-54,0.0,3.4e-6,true
tie_three_ua10_energy_economic_highs,r8-energy-b6eed093-ea37-473e-98c3-e2715fc8ab23,validation/evaluation/witness_checks/5/shared/rows/184,6-19,0.0,3.4e-6,true
tie_three_ua10_energy_economic_highs,r8-energy-b6eed093-ea37-473e-98c3-e2715fc8ab23,validation/evaluation/witness_checks/5/shared/rows/185,6-20,0.0,3.4e-6,true
tie_three_ua10_energy_economic_highs,r8-energy-b6eed093-ea37-473e-98c3-e2715fc8ab23,validation/evaluation/witness_checks/5/shared/rows/186,6-22,0.0,1.0e-6,true
tie_three_ua10_energy_economic_highs,r8-energy-b6eed093-ea37-473e-98c3-e2715fc8ab23,validation/evaluation/witness_checks/5/shared/rows/187,6-54,0.0,3.4e-6,true
tie_three_ua10_energy_economic_highs,r8-energy-b6eed093-ea37-473e-98c3-e2715fc8ab23,validation/evaluation/witness_checks/5/shared/rows/188,6-19,0.0,3.4e-6,true
tie_three_ua10_energy_economic_highs,r8-energy-b6eed093-ea37-473e-98c3-e2715fc8ab23,validation/evaluation/witness_checks/5/shared/rows/189,6-20,0.0,3.4e-6,true
tie_three_ua10_energy_economic_highs,r8-energy-b6eed093-ea37-473e-98c3-e2715fc8ab23,validation/evaluation/witness_checks/5/shared/rows/190,6-55,0.0,3.4e-6,true
tie_three_ua10_energy_economic_highs,r8-energy-b6eed093-ea37-473e-98c3-e2715fc8ab23,validation/evaluation/witness_checks/5/shared/rows/191,6-55,0.0,3.4e-6,true
tie_three_ua10_energy_economic_highs,r8-energy-b6eed093-ea37-473e-98c3-e2715fc8ab23,validation/evaluation/witness_checks/5/shared/rows/192,6-55,0.0,3.4e-6,true
tie_three_ua10_energy_economic_highs,r8-energy-b6eed093-ea37-473e-98c3-e2715fc8ab23,validation/evaluation/witness_checks/5/shared/rows/193,6-55,0.0,3.4e-6,true
tie_three_ua10_energy_economic_highs,r8-energy-b6eed093-ea37-473e-98c3-e2715fc8ab23,validation/evaluation/witness_checks/5/shared/rows/194,6-53,0.0,1.0e-6,true
tie_three_ua10_energy_economic_highs,r8-energy-b6eed093-ea37-473e-98c3-e2715fc8ab23,validation/evaluation/witness_checks/6/rows/1,R8-E2-capacity,0.0,3.4e-6,true
tie_three_ua10_energy_economic_highs,r8-energy-b6eed093-ea37-473e-98c3-e2715fc8ab23,validation/evaluation/witness_checks/6/rows/2,R8-E2-capacity,0.0,3.4e-6,true
tie_three_ua10_energy_economic_highs,r8-energy-b6eed093-ea37-473e-98c3-e2715fc8ab23,validation/evaluation/witness_checks/6/rows/3,R8-E1-balance,0.0,3.4e-6,true
tie_three_ua10_energy_economic_highs,r8-energy-b6eed093-ea37-473e-98c3-e2715fc8ab23,validation/evaluation/witness_checks/6/rows/4,R8-E1-balance,0.0,3.4e-6,true
tie_three_ua10_energy_economic_highs,r8-energy-b6eed093-ea37-473e-98c3-e2715fc8ab23,validation/evaluation/witness_checks/6/rows/5,R8-E1-balance,0.0,3.4e-6,true
tie_three_ua10_energy_economic_highs,r8-energy-b6eed093-ea37-473e-98c3-e2715fc8ab23,validation/evaluation/witness_checks/6/rows/6,R8-E1-balance,0.0,3.4e-6,true
tie_three_ua10_energy_economic_highs,r8-energy-b6eed093-ea37-473e-98c3-e2715fc8ab23,validation/evaluation/witness_checks/6/shared/rows/1,R7-B1-bounds,0.0,1.0e-6,true
tie_three_ua10_energy_economic_highs,r8-energy-b6eed093-ea37-473e-98c3-e2715fc8ab23,validation/evaluation/witness_checks/6/shared/rows/2,R7-B1-integer,0.0,1.0e-6,true
tie_three_ua10_energy_economic_highs,r8-energy-b6eed093-ea37-473e-98c3-e2715fc8ab23,validation/evaluation/witness_checks/6/shared/rows/3,R7-B1-inactive,0.0,1.0e-6,true
tie_three_ua10_energy_economic_highs,r8-energy-b6eed093-ea37-473e-98c3-e2715fc8ab23,validation/evaluation/witness_checks/6/shared/rows/4,R7-B1-bounds,0.0,1.0e-6,true
tie_three_ua10_energy_economic_highs,r8-energy-b6eed093-ea37-473e-98c3-e2715fc8ab23,validation/evaluation/witness_checks/6/shared/rows/5,R7-B1-integer,0.0,1.0e-6,true
tie_three_ua10_energy_economic_highs,r8-energy-b6eed093-ea37-473e-98c3-e2715fc8ab23,validation/evaluation/witness_checks/6/shared/rows/6,R7-B1-inactive,0.0,1.0e-6,true
tie_three_ua10_energy_economic_highs,r8-energy-b6eed093-ea37-473e-98c3-e2715fc8ab23,validation/evaluation/witness_checks/6/shared/rows/7,R7-B1-bounds,0.0,1.0e-6,true
tie_three_ua10_energy_economic_highs,r8-energy-b6eed093-ea37-473e-98c3-e2715fc8ab23,validation/evaluation/witness_checks/6/shared/rows/8,R7-B1-integer,0.0,1.0e-6,true
tie_three_ua10_energy_economic_highs,r8-energy-b6eed093-ea37-473e-98c3-e2715fc8ab23,validation/evaluation/witness_checks/6/shared/rows/9,R7-B1-charge,0.0,3.4e-6,true
tie_three_ua10_energy_economic_highs,r8-energy-b6eed093-ea37-473e-98c3-e2715fc8ab23,validation/evaluation/witness_checks/6/shared/rows/10,R7-B1-discharge,0.0,3.4e-6,true
tie_three_ua10_energy_economic_highs,r8-energy-b6eed093-ea37-473e-98c3-e2715fc8ab23,validation/evaluation/witness_checks/6/shared/rows/11,R7-B1-nonsimultaneous,0.0,3.4e-6,true
tie_three_ua10_energy_economic_highs,r8-energy-b6eed093-ea37-473e-98c3-e2715fc8ab23,validation/evaluation/witness_checks/6/shared/rows/12,R7-B1-bounds,0.0,1.0e-6,true
tie_three_ua10_energy_economic_highs,r8-energy-b6eed093-ea37-473e-98c3-e2715fc8ab23,validation/evaluation/witness_checks/6/shared/rows/13,R7-B1-integer,0.0,1.0e-6,true
tie_three_ua10_energy_economic_highs,r8-energy-b6eed093-ea37-473e-98c3-e2715fc8ab23,validation/evaluation/witness_checks/6/shared/rows/14,R7-B1-charge,0.0,3.4e-6,true
tie_three_ua10_energy_economic_highs,r8-energy-b6eed093-ea37-473e-98c3-e2715fc8ab23,validation/evaluation/witness_checks/6/shared/rows/15,R7-B1-discharge,0.0,3.4e-6,true
tie_three_ua10_energy_economic_highs,r8-energy-b6eed093-ea37-473e-98c3-e2715fc8ab23,validation/evaluation/witness_checks/6/shared/rows/16,R7-B1-nonsimultaneous,0.0,3.4e-6,true
tie_three_ua10_energy_economic_highs,r8-energy-b6eed093-ea37-473e-98c3-e2715fc8ab23,validation/evaluation/witness_checks/6/shared/rows/17,R7-B1-bounds,0.0,1.0e-6,true
tie_three_ua10_energy_economic_highs,r8-energy-b6eed093-ea37-473e-98c3-e2715fc8ab23,validation/evaluation/witness_checks/6/shared/rows/18,R7-B1-integer,0.0,1.0e-6,true
tie_three_ua10_energy_economic_highs,r8-energy-b6eed093-ea37-473e-98c3-e2715fc8ab23,validation/evaluation/witness_checks/6/shared/rows/19,R7-B1-inactive,0.0,1.0e-6,true
tie_three_ua10_energy_economic_highs,r8-energy-b6eed093-ea37-473e-98c3-e2715fc8ab23,validation/evaluation/witness_checks/6/shared/rows/20,R7-B1-bounds,0.0,1.0e-6,true
tie_three_ua10_energy_economic_highs,r8-energy-b6eed093-ea37-473e-98c3-e2715fc8ab23,validation/evaluation/witness_checks/6/shared/rows/21,R7-B1-integer,0.0,1.0e-6,true
tie_three_ua10_energy_economic_highs,r8-energy-b6eed093-ea37-473e-98c3-e2715fc8ab23,validation/evaluation/witness_checks/6/shared/rows/22,R7-B1-inactive,0.0,1.0e-6,true
tie_three_ua10_energy_economic_highs,r8-energy-b6eed093-ea37-473e-98c3-e2715fc8ab23,validation/evaluation/witness_checks/6/shared/rows/23,R7-B1-bounds,0.0,1.0e-6,true
tie_three_ua10_energy_economic_highs,r8-energy-b6eed093-ea37-473e-98c3-e2715fc8ab23,validation/evaluation/witness_checks/6/shared/rows/24,R7-B1-integer,0.0,1.0e-6,true
tie_three_ua10_energy_economic_highs,r8-energy-b6eed093-ea37-473e-98c3-e2715fc8ab23,validation/evaluation/witness_checks/6/shared/rows/25,R7-B1-inactive,0.0,1.0e-6,true
tie_three_ua10_energy_economic_highs,r8-energy-b6eed093-ea37-473e-98c3-e2715fc8ab23,validation/evaluation/witness_checks/6/shared/rows/26,R7-B1-bounds,0.0,1.0e-6,true
tie_three_ua10_energy_economic_highs,r8-energy-b6eed093-ea37-473e-98c3-e2715fc8ab23,validation/evaluation/witness_checks/6/shared/rows/27,R7-B1-integer,0.0,1.0e-6,true
tie_three_ua10_energy_economic_highs,r8-energy-b6eed093-ea37-473e-98c3-e2715fc8ab23,validation/evaluation/witness_checks/6/shared/rows/28,R7-B1-inactive,0.0,1.0e-6,true
tie_three_ua10_energy_economic_highs,r8-energy-b6eed093-ea37-473e-98c3-e2715fc8ab23,validation/evaluation/witness_checks/6/shared/rows/29,binary-z,0.0,1.0e-6,true
tie_three_ua10_energy_economic_highs,r8-energy-b6eed093-ea37-473e-98c3-e2715fc8ab23,validation/evaluation/witness_checks/6/shared/rows/30,integer-z,0.0,1.0e-6,true
tie_three_ua10_energy_economic_highs,r8-energy-b6eed093-ea37-473e-98c3-e2715fc8ab23,validation/evaluation/witness_checks/6/shared/rows/31,binary-z,0.0,1.0e-6,true
tie_three_ua10_energy_economic_highs,r8-energy-b6eed093-ea37-473e-98c3-e2715fc8ab23,validation/evaluation/witness_checks/6/shared/rows/32,integer-z,0.0,1.0e-6,true
tie_three_ua10_energy_economic_highs,r8-energy-b6eed093-ea37-473e-98c3-e2715fc8ab23,validation/evaluation/witness_checks/6/shared/rows/33,binary-z,0.0,1.0e-6,true
tie_three_ua10_energy_economic_highs,r8-energy-b6eed093-ea37-473e-98c3-e2715fc8ab23,validation/evaluation/witness_checks/6/shared/rows/34,integer-z,0.0,1.0e-6,true
tie_three_ua10_energy_economic_highs,r8-energy-b6eed093-ea37-473e-98c3-e2715fc8ab23,validation/evaluation/witness_checks/6/shared/rows/35,binary-beta,0.0,1.0e-6,true
tie_three_ua10_energy_economic_highs,r8-energy-b6eed093-ea37-473e-98c3-e2715fc8ab23,validation/evaluation/witness_checks/6/shared/rows/36,integer-beta,0.0,1.0e-6,true
tie_three_ua10_energy_economic_highs,r8-energy-b6eed093-ea37-473e-98c3-e2715fc8ab23,validation/evaluation/witness_checks/6/shared/rows/37,binary-beta,0.0,1.0e-6,true
tie_three_ua10_energy_economic_highs,r8-energy-b6eed093-ea37-473e-98c3-e2715fc8ab23,validation/evaluation/witness_checks/6/shared/rows/38,integer-beta,0.0,1.0e-6,true
tie_three_ua10_energy_economic_highs,r8-energy-b6eed093-ea37-473e-98c3-e2715fc8ab23,validation/evaluation/witness_checks/6/shared/rows/39,binary-beta,0.0,1.0e-6,true
tie_three_ua10_energy_economic_highs,r8-energy-b6eed093-ea37-473e-98c3-e2715fc8ab23,validation/evaluation/witness_checks/6/shared/rows/40,integer-beta,0.0,1.0e-6,true
tie_three_ua10_energy_economic_highs,r8-energy-b6eed093-ea37-473e-98c3-e2715fc8ab23,validation/evaluation/witness_checks/6/shared/rows/41,binary-a_on,0.0,1.0e-6,true
tie_three_ua10_energy_economic_highs,r8-energy-b6eed093-ea37-473e-98c3-e2715fc8ab23,validation/evaluation/witness_checks/6/shared/rows/42,integer-a_on,0.0,1.0e-6,true
tie_three_ua10_energy_economic_highs,r8-energy-b6eed093-ea37-473e-98c3-e2715fc8ab23,validation/evaluation/witness_checks/6/shared/rows/43,binary-a_on,0.0,1.0e-6,true
tie_three_ua10_energy_economic_highs,r8-energy-b6eed093-ea37-473e-98c3-e2715fc8ab23,validation/evaluation/witness_checks/6/shared/rows/44,integer-a_on,0.0,1.0e-6,true
tie_three_ua10_energy_economic_highs,r8-energy-b6eed093-ea37-473e-98c3-e2715fc8ab23,validation/evaluation/witness_checks/6/shared/rows/45,binary-a_on,0.0,1.0e-6,true
tie_three_ua10_energy_economic_highs,r8-energy-b6eed093-ea37-473e-98c3-e2715fc8ab23,validation/evaluation/witness_checks/6/shared/rows/46,integer-a_on,0.0,1.0e-6,true
tie_three_ua10_energy_economic_highs,r8-energy-b6eed093-ea37-473e-98c3-e2715fc8ab23,validation/evaluation/witness_checks/6/shared/rows/47,binary-a_off,0.0,1.0e-6,true
tie_three_ua10_energy_economic_highs,r8-energy-b6eed093-ea37-473e-98c3-e2715fc8ab23,validation/evaluation/witness_checks/6/shared/rows/48,integer-a_off,0.0,1.0e-6,true
tie_three_ua10_energy_economic_highs,r8-energy-b6eed093-ea37-473e-98c3-e2715fc8ab23,validation/evaluation/witness_checks/6/shared/rows/49,binary-a_off,0.0,1.0e-6,true
tie_three_ua10_energy_economic_highs,r8-energy-b6eed093-ea37-473e-98c3-e2715fc8ab23,validation/evaluation/witness_checks/6/shared/rows/50,integer-a_off,0.0,1.0e-6,true
tie_three_ua10_energy_economic_highs,r8-energy-b6eed093-ea37-473e-98c3-e2715fc8ab23,validation/evaluation/witness_checks/6/shared/rows/51,binary-a_off,0.0,1.0e-6,true
tie_three_ua10_energy_economic_highs,r8-energy-b6eed093-ea37-473e-98c3-e2715fc8ab23,validation/evaluation/witness_checks/6/shared/rows/52,integer-a_off,0.0,1.0e-6,true
tie_three_ua10_energy_economic_highs,r8-energy-b6eed093-ea37-473e-98c3-e2715fc8ab23,validation/evaluation/witness_checks/6/shared/rows/53,R7-R1,0.0,1.0e-6,true
tie_three_ua10_energy_economic_highs,r8-energy-b6eed093-ea37-473e-98c3-e2715fc8ab23,validation/evaluation/witness_checks/6/shared/rows/54,on-action,0.0,1.0e-6,true
tie_three_ua10_energy_economic_highs,r8-energy-b6eed093-ea37-473e-98c3-e2715fc8ab23,validation/evaluation/witness_checks/6/shared/rows/55,off-action,0.0,1.0e-6,true
tie_three_ua10_energy_economic_highs,r8-energy-b6eed093-ea37-473e-98c3-e2715fc8ab23,validation/evaluation/witness_checks/6/shared/rows/56,virtual-arc,0.0,1.0e-6,true
tie_three_ua10_energy_economic_highs,r8-energy-b6eed093-ea37-473e-98c3-e2715fc8ab23,validation/evaluation/witness_checks/6/shared/rows/57,R7-R1,0.0,1.0e-6,true
tie_three_ua10_energy_economic_highs,r8-energy-b6eed093-ea37-473e-98c3-e2715fc8ab23,validation/evaluation/witness_checks/6/shared/rows/58,on-action,0.0,1.0e-6,true
tie_three_ua10_energy_economic_highs,r8-energy-b6eed093-ea37-473e-98c3-e2715fc8ab23,validation/evaluation/witness_checks/6/shared/rows/59,off-action,0.0,1.0e-6,true
tie_three_ua10_energy_economic_highs,r8-energy-b6eed093-ea37-473e-98c3-e2715fc8ab23,validation/evaluation/witness_checks/6/shared/rows/60,virtual-arc,0.0,1.0e-6,true
tie_three_ua10_energy_economic_highs,r8-energy-b6eed093-ea37-473e-98c3-e2715fc8ab23,validation/evaluation/witness_checks/6/shared/rows/61,R7-R1,0.0,1.0e-6,true
tie_three_ua10_energy_economic_highs,r8-energy-b6eed093-ea37-473e-98c3-e2715fc8ab23,validation/evaluation/witness_checks/6/shared/rows/62,on-action,0.0,1.0e-6,true
tie_three_ua10_energy_economic_highs,r8-energy-b6eed093-ea37-473e-98c3-e2715fc8ab23,validation/evaluation/witness_checks/6/shared/rows/63,off-action,0.0,1.0e-6,true
tie_three_ua10_energy_economic_highs,r8-energy-b6eed093-ea37-473e-98c3-e2715fc8ab23,validation/evaluation/witness_checks/6/shared/rows/64,virtual-arc,0.0,1.0e-6,true
tie_three_ua10_energy_economic_highs,r8-energy-b6eed093-ea37-473e-98c3-e2715fc8ab23,validation/evaluation/witness_checks/6/shared/rows/65,6-63,0.0,1.0e-6,true
tie_three_ua10_energy_economic_highs,r8-energy-b6eed093-ea37-473e-98c3-e2715fc8ab23,validation/evaluation/witness_checks/6/shared/rows/66,forest-edges,0.0,1.0e-6,true
tie_three_ua10_energy_economic_highs,r8-energy-b6eed093-ea37-473e-98c3-e2715fc8ab23,validation/evaluation/witness_checks/6/shared/rows/67,forest-independent,0.0,1.0e-6,true
tie_three_ua10_energy_economic_highs,r8-energy-b6eed093-ea37-473e-98c3-e2715fc8ab23,validation/evaluation/witness_checks/6/shared/rows/68,one-root-per-component,0.0,1.0e-6,true
tie_three_ua10_energy_economic_highs,r8-energy-b6eed093-ea37-473e-98c3-e2715fc8ab23,validation/evaluation/witness_checks/6/shared/rows/69,root-eligible,0.0,1.0e-6,true
tie_three_ua10_energy_economic_highs,r8-energy-b6eed093-ea37-473e-98c3-e2715fc8ab23,validation/evaluation/witness_checks/6/shared/rows/70,root-supply,0.0,1.0e-6,true
tie_three_ua10_energy_economic_highs,r8-energy-b6eed093-ea37-473e-98c3-e2715fc8ab23,validation/evaluation/witness_checks/6/shared/rows/71,virtual-node,0.0,1.0e-6,true
tie_three_ua10_energy_economic_highs,r8-energy-b6eed093-ea37-473e-98c3-e2715fc8ab23,validation/evaluation/witness_checks/6/shared/rows/72,root-eligible,0.0,1.0e-6,true
tie_three_ua10_energy_economic_highs,r8-energy-b6eed093-ea37-473e-98c3-e2715fc8ab23,validation/evaluation/witness_checks/6/shared/rows/73,root-supply,0.0,1.0e-6,true
tie_three_ua10_energy_economic_highs,r8-energy-b6eed093-ea37-473e-98c3-e2715fc8ab23,validation/evaluation/witness_checks/6/shared/rows/74,virtual-node,0.0,1.0e-6,true
tie_three_ua10_energy_economic_highs,r8-energy-b6eed093-ea37-473e-98c3-e2715fc8ab23,validation/evaluation/witness_checks/6/shared/rows/75,root-eligible,0.0,1.0e-6,true
tie_three_ua10_energy_economic_highs,r8-energy-b6eed093-ea37-473e-98c3-e2715fc8ab23,validation/evaluation/witness_checks/6/shared/rows/76,root-supply,0.0,1.0e-6,true
tie_three_ua10_energy_economic_highs,r8-energy-b6eed093-ea37-473e-98c3-e2715fc8ab23,validation/evaluation/witness_checks/6/shared/rows/77,virtual-node,0.0,1.0e-6,true
tie_three_ua10_energy_economic_highs,r8-energy-b6eed093-ea37-473e-98c3-e2715fc8ab23,validation/evaluation/witness_checks/6/shared/rows/78,6-8/56/60,0.0,3.4e-6,true
tie_three_ua10_energy_economic_highs,r8-energy-b6eed093-ea37-473e-98c3-e2715fc8ab23,validation/evaluation/witness_checks/6/shared/rows/79,6-3/9,0.0,3.4e-6,true
tie_three_ua10_energy_economic_highs,r8-energy-b6eed093-ea37-473e-98c3-e2715fc8ab23,validation/evaluation/witness_checks/6/shared/rows/80,6-11,0.0,3.4e-6,true
tie_three_ua10_energy_economic_highs,r8-energy-b6eed093-ea37-473e-98c3-e2715fc8ab23,validation/evaluation/witness_checks/6/shared/rows/81,6-4/57,0.0,3.4e-6,true
tie_three_ua10_energy_economic_highs,r8-energy-b6eed093-ea37-473e-98c3-e2715fc8ab23,validation/evaluation/witness_checks/6/shared/rows/82,6-5/58,0.0,3.4e-6,true
tie_three_ua10_energy_economic_highs,r8-energy-b6eed093-ea37-473e-98c3-e2715fc8ab23,validation/evaluation/witness_checks/6/shared/rows/83,inactive-charge,0.0,3.4e-6,true
tie_three_ua10_energy_economic_highs,r8-energy-b6eed093-ea37-473e-98c3-e2715fc8ab23,validation/evaluation/witness_checks/6/shared/rows/84,inactive-discharge,0.0,3.4e-6,true
tie_three_ua10_energy_economic_highs,r8-energy-b6eed093-ea37-473e-98c3-e2715fc8ab23,validation/evaluation/witness_checks/6/shared/rows/85,6-8/56/60,0.0,3.4e-6,true
tie_three_ua10_energy_economic_highs,r8-energy-b6eed093-ea37-473e-98c3-e2715fc8ab23,validation/evaluation/witness_checks/6/shared/rows/86,6-3/9,0.0,3.4e-6,true
tie_three_ua10_energy_economic_highs,r8-energy-b6eed093-ea37-473e-98c3-e2715fc8ab23,validation/evaluation/witness_checks/6/shared/rows/87,6-11,0.0,3.4e-6,true
tie_three_ua10_energy_economic_highs,r8-energy-b6eed093-ea37-473e-98c3-e2715fc8ab23,validation/evaluation/witness_checks/6/shared/rows/88,6-4/57,0.0,3.4e-6,true
tie_three_ua10_energy_economic_highs,r8-energy-b6eed093-ea37-473e-98c3-e2715fc8ab23,validation/evaluation/witness_checks/6/shared/rows/89,6-5/58,0.0,3.4e-6,true
tie_three_ua10_energy_economic_highs,r8-energy-b6eed093-ea37-473e-98c3-e2715fc8ab23,validation/evaluation/witness_checks/6/shared/rows/90,inactive-charge,0.0,3.4e-6,true
tie_three_ua10_energy_economic_highs,r8-energy-b6eed093-ea37-473e-98c3-e2715fc8ab23,validation/evaluation/witness_checks/6/shared/rows/91,inactive-discharge,0.0,3.4e-6,true
tie_three_ua10_energy_economic_highs,r8-energy-b6eed093-ea37-473e-98c3-e2715fc8ab23,validation/evaluation/witness_checks/6/shared/rows/92,6-8/56/60,0.0,3.4e-6,true
tie_three_ua10_energy_economic_highs,r8-energy-b6eed093-ea37-473e-98c3-e2715fc8ab23,validation/evaluation/witness_checks/6/shared/rows/93,6-3/9,0.0,3.4e-6,true
tie_three_ua10_energy_economic_highs,r8-energy-b6eed093-ea37-473e-98c3-e2715fc8ab23,validation/evaluation/witness_checks/6/shared/rows/94,6-11,0.0,3.4e-6,true
tie_three_ua10_energy_economic_highs,r8-energy-b6eed093-ea37-473e-98c3-e2715fc8ab23,validation/evaluation/witness_checks/6/shared/rows/95,battery-charge,0.0,3.4e-6,true
tie_three_ua10_energy_economic_highs,r8-energy-b6eed093-ea37-473e-98c3-e2715fc8ab23,validation/evaluation/witness_checks/6/shared/rows/96,battery-discharge,0.0,3.4e-6,true
tie_three_ua10_energy_economic_highs,r8-energy-b6eed093-ea37-473e-98c3-e2715fc8ab23,validation/evaluation/witness_checks/6/shared/rows/97,6-12,0.0,3.4e-6,true
tie_three_ua10_energy_economic_highs,r8-energy-b6eed093-ea37-473e-98c3-e2715fc8ab23,validation/evaluation/witness_checks/6/shared/rows/98,6-14,0.0,2.0e-6,true
tie_three_ua10_energy_economic_highs,r8-energy-b6eed093-ea37-473e-98c3-e2715fc8ab23,validation/evaluation/witness_checks/6/shared/rows/99,6-8/56/60,0.0,3.4e-6,true
tie_three_ua10_energy_economic_highs,r8-energy-b6eed093-ea37-473e-98c3-e2715fc8ab23,validation/evaluation/witness_checks/6/shared/rows/100,6-3/9,0.0,3.4e-6,true
tie_three_ua10_energy_economic_highs,r8-energy-b6eed093-ea37-473e-98c3-e2715fc8ab23,validation/evaluation/witness_checks/6/shared/rows/101,6-11,0.0,3.4e-6,true
tie_three_ua10_energy_economic_highs,r8-energy-b6eed093-ea37-473e-98c3-e2715fc8ab23,validation/evaluation/witness_checks/6/shared/rows/102,battery-charge,0.0,3.4e-6,true
tie_three_ua10_energy_economic_highs,r8-energy-b6eed093-ea37-473e-98c3-e2715fc8ab23,validation/evaluation/witness_checks/6/shared/rows/103,battery-discharge,0.0,3.4e-6,true
tie_three_ua10_energy_economic_highs,r8-energy-b6eed093-ea37-473e-98c3-e2715fc8ab23,validation/evaluation/witness_checks/6/shared/rows/104,6-12,0.0,3.4e-6,true
tie_three_ua10_energy_economic_highs,r8-energy-b6eed093-ea37-473e-98c3-e2715fc8ab23,validation/evaluation/witness_checks/6/shared/rows/105,6-14,0.0,2.0e-6,true
tie_three_ua10_energy_economic_highs,r8-energy-b6eed093-ea37-473e-98c3-e2715fc8ab23,validation/evaluation/witness_checks/6/shared/rows/106,6-8/56/60,0.0,3.4e-6,true
tie_three_ua10_energy_economic_highs,r8-energy-b6eed093-ea37-473e-98c3-e2715fc8ab23,validation/evaluation/witness_checks/6/shared/rows/107,6-3/9,0.0,3.4e-6,true
tie_three_ua10_energy_economic_highs,r8-energy-b6eed093-ea37-473e-98c3-e2715fc8ab23,validation/evaluation/witness_checks/6/shared/rows/108,6-11,0.0,3.4e-6,true
tie_three_ua10_energy_economic_highs,r8-energy-b6eed093-ea37-473e-98c3-e2715fc8ab23,validation/evaluation/witness_checks/6/shared/rows/109,inactive-charge,0.0,3.4e-6,true
tie_three_ua10_energy_economic_highs,r8-energy-b6eed093-ea37-473e-98c3-e2715fc8ab23,validation/evaluation/witness_checks/6/shared/rows/110,inactive-discharge,0.0,3.4e-6,true
tie_three_ua10_energy_economic_highs,r8-energy-b6eed093-ea37-473e-98c3-e2715fc8ab23,validation/evaluation/witness_checks/6/shared/rows/111,6-8/56/60,0.0,3.4e-6,true
tie_three_ua10_energy_economic_highs,r8-energy-b6eed093-ea37-473e-98c3-e2715fc8ab23,validation/evaluation/witness_checks/6/shared/rows/112,6-3/9,0.0,3.4e-6,true
tie_three_ua10_energy_economic_highs,r8-energy-b6eed093-ea37-473e-98c3-e2715fc8ab23,validation/evaluation/witness_checks/6/shared/rows/113,6-11,0.0,3.4e-6,true
tie_three_ua10_energy_economic_highs,r8-energy-b6eed093-ea37-473e-98c3-e2715fc8ab23,validation/evaluation/witness_checks/6/shared/rows/114,inactive-charge,0.0,3.4e-6,true
tie_three_ua10_energy_economic_highs,r8-energy-b6eed093-ea37-473e-98c3-e2715fc8ab23,validation/evaluation/witness_checks/6/shared/rows/115,inactive-discharge,0.0,3.4e-6,true
tie_three_ua10_energy_economic_highs,r8-energy-b6eed093-ea37-473e-98c3-e2715fc8ab23,validation/evaluation/witness_checks/6/shared/rows/116,6-8/56/60,0.0,3.4e-6,true
tie_three_ua10_energy_economic_highs,r8-energy-b6eed093-ea37-473e-98c3-e2715fc8ab23,validation/evaluation/witness_checks/6/shared/rows/117,6-3/9,0.0,3.4e-6,true
tie_three_ua10_energy_economic_highs,r8-energy-b6eed093-ea37-473e-98c3-e2715fc8ab23,validation/evaluation/witness_checks/6/shared/rows/118,6-11,0.0,3.4e-6,true
tie_three_ua10_energy_economic_highs,r8-energy-b6eed093-ea37-473e-98c3-e2715fc8ab23,validation/evaluation/witness_checks/6/shared/rows/119,inactive-charge,0.0,3.4e-6,true
tie_three_ua10_energy_economic_highs,r8-energy-b6eed093-ea37-473e-98c3-e2715fc8ab23,validation/evaluation/witness_checks/6/shared/rows/120,inactive-discharge,0.0,3.4e-6,true
tie_three_ua10_energy_economic_highs,r8-energy-b6eed093-ea37-473e-98c3-e2715fc8ab23,validation/evaluation/witness_checks/6/shared/rows/121,6-8/56/60,0.0,3.4e-6,true
tie_three_ua10_energy_economic_highs,r8-energy-b6eed093-ea37-473e-98c3-e2715fc8ab23,validation/evaluation/witness_checks/6/shared/rows/122,6-3/9,0.0,3.4e-6,true
tie_three_ua10_energy_economic_highs,r8-energy-b6eed093-ea37-473e-98c3-e2715fc8ab23,validation/evaluation/witness_checks/6/shared/rows/123,6-11,0.0,3.4e-6,true
tie_three_ua10_energy_economic_highs,r8-energy-b6eed093-ea37-473e-98c3-e2715fc8ab23,validation/evaluation/witness_checks/6/shared/rows/124,inactive-charge,0.0,3.4e-6,true
tie_three_ua10_energy_economic_highs,r8-energy-b6eed093-ea37-473e-98c3-e2715fc8ab23,validation/evaluation/witness_checks/6/shared/rows/125,inactive-discharge,0.0,3.4e-6,true
tie_three_ua10_energy_economic_highs,r8-energy-b6eed093-ea37-473e-98c3-e2715fc8ab23,validation/evaluation/witness_checks/6/shared/rows/126,inactive-energy,0.0,2.0e-6,true
tie_three_ua10_energy_economic_highs,r8-energy-b6eed093-ea37-473e-98c3-e2715fc8ab23,validation/evaluation/witness_checks/6/shared/rows/127,inactive-energy,0.0,2.0e-6,true
tie_three_ua10_energy_economic_highs,r8-energy-b6eed093-ea37-473e-98c3-e2715fc8ab23,validation/evaluation/witness_checks/6/shared/rows/128,inactive-energy,0.0,2.0e-6,true
tie_three_ua10_energy_economic_highs,r8-energy-b6eed093-ea37-473e-98c3-e2715fc8ab23,validation/evaluation/witness_checks/6/shared/rows/129,inactive-energy,0.0,2.0e-6,true
tie_three_ua10_energy_economic_highs,r8-energy-b6eed093-ea37-473e-98c3-e2715fc8ab23,validation/evaluation/witness_checks/6/shared/rows/130,6-13,0.0,2.0e-6,true
tie_three_ua10_energy_economic_highs,r8-energy-b6eed093-ea37-473e-98c3-e2715fc8ab23,validation/evaluation/witness_checks/6/shared/rows/131,6-61,0.0,2.0e-6,true
tie_three_ua10_energy_economic_highs,r8-energy-b6eed093-ea37-473e-98c3-e2715fc8ab23,validation/evaluation/witness_checks/6/shared/rows/132,6-13,0.0,2.0e-6,true
tie_three_ua10_energy_economic_highs,r8-energy-b6eed093-ea37-473e-98c3-e2715fc8ab23,validation/evaluation/witness_checks/6/shared/rows/133,6-61,0.0,2.0e-6,true
tie_three_ua10_energy_economic_highs,r8-energy-b6eed093-ea37-473e-98c3-e2715fc8ab23,validation/evaluation/witness_checks/6/shared/rows/134,6-13,0.0,2.0e-6,true
tie_three_ua10_energy_economic_highs,r8-energy-b6eed093-ea37-473e-98c3-e2715fc8ab23,validation/evaluation/witness_checks/6/shared/rows/135,6-13,0.0,2.0e-6,true
tie_three_ua10_energy_economic_highs,r8-energy-b6eed093-ea37-473e-98c3-e2715fc8ab23,validation/evaluation/witness_checks/6/shared/rows/136,inactive-energy,0.0,2.0e-6,true
tie_three_ua10_energy_economic_highs,r8-energy-b6eed093-ea37-473e-98c3-e2715fc8ab23,validation/evaluation/witness_checks/6/shared/rows/137,inactive-energy,0.0,2.0e-6,true
tie_three_ua10_energy_economic_highs,r8-energy-b6eed093-ea37-473e-98c3-e2715fc8ab23,validation/evaluation/witness_checks/6/shared/rows/138,inactive-energy,0.0,2.0e-6,true
tie_three_ua10_energy_economic_highs,r8-energy-b6eed093-ea37-473e-98c3-e2715fc8ab23,validation/evaluation/witness_checks/6/shared/rows/139,inactive-energy,0.0,2.0e-6,true
tie_three_ua10_energy_economic_highs,r8-energy-b6eed093-ea37-473e-98c3-e2715fc8ab23,validation/evaluation/witness_checks/6/shared/rows/140,inactive-energy,0.0,2.0e-6,true
tie_three_ua10_energy_economic_highs,r8-energy-b6eed093-ea37-473e-98c3-e2715fc8ab23,validation/evaluation/witness_checks/6/shared/rows/141,inactive-energy,0.0,2.0e-6,true
tie_three_ua10_energy_economic_highs,r8-energy-b6eed093-ea37-473e-98c3-e2715fc8ab23,validation/evaluation/witness_checks/6/shared/rows/142,inactive-energy,0.0,2.0e-6,true
tie_three_ua10_energy_economic_highs,r8-energy-b6eed093-ea37-473e-98c3-e2715fc8ab23,validation/evaluation/witness_checks/6/shared/rows/143,inactive-energy,0.0,2.0e-6,true
tie_three_ua10_energy_economic_highs,r8-energy-b6eed093-ea37-473e-98c3-e2715fc8ab23,validation/evaluation/witness_checks/6/shared/rows/144,6-51-P,0.0,3.4e-6,true
tie_three_ua10_energy_economic_highs,r8-energy-b6eed093-ea37-473e-98c3-e2715fc8ab23,validation/evaluation/witness_checks/6/shared/rows/145,6-51-Q,0.0,3.4e-6,true
tie_three_ua10_energy_economic_highs,r8-energy-b6eed093-ea37-473e-98c3-e2715fc8ab23,validation/evaluation/witness_checks/6/shared/rows/146,6-24:25-P_line,0.0,3.4e-6,true
tie_three_ua10_energy_economic_highs,r8-energy-b6eed093-ea37-473e-98c3-e2715fc8ab23,validation/evaluation/witness_checks/6/shared/rows/147,6-24:25-Q_line,0.0,3.4e-6,true
tie_three_ua10_energy_economic_highs,r8-energy-b6eed093-ea37-473e-98c3-e2715fc8ab23,validation/evaluation/witness_checks/6/shared/rows/148,R7-R3,1.1449174941446927e-16,1.0e-6,true
tie_three_ua10_energy_economic_highs,r8-energy-b6eed093-ea37-473e-98c3-e2715fc8ab23,validation/evaluation/witness_checks/6/shared/rows/149,6-24:25-P_line,0.0,3.4e-6,true
tie_three_ua10_energy_economic_highs,r8-energy-b6eed093-ea37-473e-98c3-e2715fc8ab23,validation/evaluation/witness_checks/6/shared/rows/150,6-24:25-Q_line,0.0,3.4e-6,true
tie_three_ua10_energy_economic_highs,r8-energy-b6eed093-ea37-473e-98c3-e2715fc8ab23,validation/evaluation/witness_checks/6/shared/rows/151,R7-R3,0.0,1.0e-6,true
tie_three_ua10_energy_economic_highs,r8-energy-b6eed093-ea37-473e-98c3-e2715fc8ab23,validation/evaluation/witness_checks/6/shared/rows/152,6-24:25-P_line,0.0,3.4e-6,true
tie_three_ua10_energy_economic_highs,r8-energy-b6eed093-ea37-473e-98c3-e2715fc8ab23,validation/evaluation/witness_checks/6/shared/rows/153,6-24:25-Q_line,0.0,3.4e-6,true
tie_three_ua10_energy_economic_highs,r8-energy-b6eed093-ea37-473e-98c3-e2715fc8ab23,validation/evaluation/witness_checks/6/shared/rows/154,R7-R3,4.7704895589362195e-17,1.0e-6,true
tie_three_ua10_energy_economic_highs,r8-energy-b6eed093-ea37-473e-98c3-e2715fc8ab23,validation/evaluation/witness_checks/6/shared/rows/155,6-22,0.0,1.0e-6,true
tie_three_ua10_energy_economic_highs,r8-energy-b6eed093-ea37-473e-98c3-e2715fc8ab23,validation/evaluation/witness_checks/6/shared/rows/156,6-54,0.0,3.4e-6,true
tie_three_ua10_energy_economic_highs,r8-energy-b6eed093-ea37-473e-98c3-e2715fc8ab23,validation/evaluation/witness_checks/6/shared/rows/157,6-19,0.0,3.4e-6,true
tie_three_ua10_energy_economic_highs,r8-energy-b6eed093-ea37-473e-98c3-e2715fc8ab23,validation/evaluation/witness_checks/6/shared/rows/158,6-20,0.0,3.4e-6,true
tie_three_ua10_energy_economic_highs,r8-energy-b6eed093-ea37-473e-98c3-e2715fc8ab23,validation/evaluation/witness_checks/6/shared/rows/159,6-22,0.0,1.0e-6,true
tie_three_ua10_energy_economic_highs,r8-energy-b6eed093-ea37-473e-98c3-e2715fc8ab23,validation/evaluation/witness_checks/6/shared/rows/160,6-54,0.0,3.4e-6,true
tie_three_ua10_energy_economic_highs,r8-energy-b6eed093-ea37-473e-98c3-e2715fc8ab23,validation/evaluation/witness_checks/6/shared/rows/161,6-19,0.0,3.4e-6,true
tie_three_ua10_energy_economic_highs,r8-energy-b6eed093-ea37-473e-98c3-e2715fc8ab23,validation/evaluation/witness_checks/6/shared/rows/162,6-20,0.0,3.4e-6,true
tie_three_ua10_energy_economic_highs,r8-energy-b6eed093-ea37-473e-98c3-e2715fc8ab23,validation/evaluation/witness_checks/6/shared/rows/163,6-22,0.0,1.0e-6,true
tie_three_ua10_energy_economic_highs,r8-energy-b6eed093-ea37-473e-98c3-e2715fc8ab23,validation/evaluation/witness_checks/6/shared/rows/164,6-54,0.0,3.4e-6,true
tie_three_ua10_energy_economic_highs,r8-energy-b6eed093-ea37-473e-98c3-e2715fc8ab23,validation/evaluation/witness_checks/6/shared/rows/165,6-19,0.0,3.4e-6,true
tie_three_ua10_energy_economic_highs,r8-energy-b6eed093-ea37-473e-98c3-e2715fc8ab23,validation/evaluation/witness_checks/6/shared/rows/166,6-20,0.0,3.4e-6,true
tie_three_ua10_energy_economic_highs,r8-energy-b6eed093-ea37-473e-98c3-e2715fc8ab23,validation/evaluation/witness_checks/6/shared/rows/167,6-51-P,0.0,3.4e-6,true
tie_three_ua10_energy_economic_highs,r8-energy-b6eed093-ea37-473e-98c3-e2715fc8ab23,validation/evaluation/witness_checks/6/shared/rows/168,6-51-Q,0.0,3.4e-6,true
tie_three_ua10_energy_economic_highs,r8-energy-b6eed093-ea37-473e-98c3-e2715fc8ab23,validation/evaluation/witness_checks/6/shared/rows/169,6-24:25-P_line,0.0,3.4e-6,true
tie_three_ua10_energy_economic_highs,r8-energy-b6eed093-ea37-473e-98c3-e2715fc8ab23,validation/evaluation/witness_checks/6/shared/rows/170,6-24:25-Q_line,0.0,3.4e-6,true
tie_three_ua10_energy_economic_highs,r8-energy-b6eed093-ea37-473e-98c3-e2715fc8ab23,validation/evaluation/witness_checks/6/shared/rows/171,R7-R3,6.7220534694101275e-18,1.0e-6,true
tie_three_ua10_energy_economic_highs,r8-energy-b6eed093-ea37-473e-98c3-e2715fc8ab23,validation/evaluation/witness_checks/6/shared/rows/172,6-24:25-P_line,0.0,3.4e-6,true
tie_three_ua10_energy_economic_highs,r8-energy-b6eed093-ea37-473e-98c3-e2715fc8ab23,validation/evaluation/witness_checks/6/shared/rows/173,6-24:25-Q_line,0.0,3.4e-6,true
tie_three_ua10_energy_economic_highs,r8-energy-b6eed093-ea37-473e-98c3-e2715fc8ab23,validation/evaluation/witness_checks/6/shared/rows/174,R7-R3,0.0,1.0e-6,true
tie_three_ua10_energy_economic_highs,r8-energy-b6eed093-ea37-473e-98c3-e2715fc8ab23,validation/evaluation/witness_checks/6/shared/rows/175,6-24:25-P_line,0.0,3.4e-6,true
tie_three_ua10_energy_economic_highs,r8-energy-b6eed093-ea37-473e-98c3-e2715fc8ab23,validation/evaluation/witness_checks/6/shared/rows/176,6-24:25-Q_line,0.0,3.4e-6,true
tie_three_ua10_energy_economic_highs,r8-energy-b6eed093-ea37-473e-98c3-e2715fc8ab23,validation/evaluation/witness_checks/6/shared/rows/177,R7-R3,5.984795992119984e-17,1.0e-6,true
tie_three_ua10_energy_economic_highs,r8-energy-b6eed093-ea37-473e-98c3-e2715fc8ab23,validation/evaluation/witness_checks/6/shared/rows/178,6-22,0.0,1.0e-6,true
tie_three_ua10_energy_economic_highs,r8-energy-b6eed093-ea37-473e-98c3-e2715fc8ab23,validation/evaluation/witness_checks/6/shared/rows/179,6-54,0.0,3.4e-6,true
tie_three_ua10_energy_economic_highs,r8-energy-b6eed093-ea37-473e-98c3-e2715fc8ab23,validation/evaluation/witness_checks/6/shared/rows/180,6-19,0.0,3.4e-6,true
tie_three_ua10_energy_economic_highs,r8-energy-b6eed093-ea37-473e-98c3-e2715fc8ab23,validation/evaluation/witness_checks/6/shared/rows/181,6-20,0.0,3.4e-6,true
tie_three_ua10_energy_economic_highs,r8-energy-b6eed093-ea37-473e-98c3-e2715fc8ab23,validation/evaluation/witness_checks/6/shared/rows/182,6-22,0.0,1.0e-6,true
tie_three_ua10_energy_economic_highs,r8-energy-b6eed093-ea37-473e-98c3-e2715fc8ab23,validation/evaluation/witness_checks/6/shared/rows/183,6-54,0.0,3.4e-6,true
tie_three_ua10_energy_economic_highs,r8-energy-b6eed093-ea37-473e-98c3-e2715fc8ab23,validation/evaluation/witness_checks/6/shared/rows/184,6-19,0.0,3.4e-6,true
tie_three_ua10_energy_economic_highs,r8-energy-b6eed093-ea37-473e-98c3-e2715fc8ab23,validation/evaluation/witness_checks/6/shared/rows/185,6-20,0.0,3.4e-6,true
tie_three_ua10_energy_economic_highs,r8-energy-b6eed093-ea37-473e-98c3-e2715fc8ab23,validation/evaluation/witness_checks/6/shared/rows/186,6-22,0.0,1.0e-6,true
tie_three_ua10_energy_economic_highs,r8-energy-b6eed093-ea37-473e-98c3-e2715fc8ab23,validation/evaluation/witness_checks/6/shared/rows/187,6-54,0.0,3.4e-6,true
tie_three_ua10_energy_economic_highs,r8-energy-b6eed093-ea37-473e-98c3-e2715fc8ab23,validation/evaluation/witness_checks/6/shared/rows/188,6-19,2.7755575615628914e-17,3.4e-6,true
tie_three_ua10_energy_economic_highs,r8-energy-b6eed093-ea37-473e-98c3-e2715fc8ab23,validation/evaluation/witness_checks/6/shared/rows/189,6-20,0.0,3.4e-6,true
tie_three_ua10_energy_economic_highs,r8-energy-b6eed093-ea37-473e-98c3-e2715fc8ab23,validation/evaluation/witness_checks/6/shared/rows/190,6-55,0.0,3.4e-6,true
tie_three_ua10_energy_economic_highs,r8-energy-b6eed093-ea37-473e-98c3-e2715fc8ab23,validation/evaluation/witness_checks/6/shared/rows/191,6-55,0.0,3.4e-6,true
tie_three_ua10_energy_economic_highs,r8-energy-b6eed093-ea37-473e-98c3-e2715fc8ab23,validation/evaluation/witness_checks/6/shared/rows/192,6-55,0.0,3.4e-6,true
tie_three_ua10_energy_economic_highs,r8-energy-b6eed093-ea37-473e-98c3-e2715fc8ab23,validation/evaluation/witness_checks/6/shared/rows/193,6-55,0.0,3.4e-6,true
tie_three_ua10_energy_economic_highs,r8-energy-b6eed093-ea37-473e-98c3-e2715fc8ab23,validation/evaluation/witness_checks/6/shared/rows/194,6-53,0.0,1.0e-6,true
tie_three_ua10_energy_economic_highs,r8-energy-b6eed093-ea37-473e-98c3-e2715fc8ab23,validation/primary/normal_check/rows/1,R8-E2-capacity,0.0,3.4e-6,true
tie_three_ua10_energy_economic_highs,r8-energy-b6eed093-ea37-473e-98c3-e2715fc8ab23,validation/primary/normal_check/rows/2,R8-E2-capacity,0.0,3.4e-6,true
tie_three_ua10_energy_economic_highs,r8-energy-b6eed093-ea37-473e-98c3-e2715fc8ab23,validation/primary/normal_check/rows/3,R8-E2-capacity,0.0,3.4e-6,true
tie_three_ua10_energy_economic_highs,r8-energy-b6eed093-ea37-473e-98c3-e2715fc8ab23,validation/primary/normal_check/rows/4,R8-E2-capacity,0.0,3.4e-6,true
tie_three_ua10_energy_economic_highs,r8-energy-b6eed093-ea37-473e-98c3-e2715fc8ab23,validation/primary/normal_check/rows/5,R8-E2-capacity,0.0,3.4e-6,true
tie_three_ua10_energy_economic_highs,r8-energy-b6eed093-ea37-473e-98c3-e2715fc8ab23,validation/primary/normal_check/rows/6,R8-E2-capacity,0.0,3.4e-6,true
tie_three_ua10_energy_economic_highs,r8-energy-b6eed093-ea37-473e-98c3-e2715fc8ab23,validation/primary/normal_check/rows/7,R8-E2-capacity,0.0,3.4e-6,true
tie_three_ua10_energy_economic_highs,r8-energy-b6eed093-ea37-473e-98c3-e2715fc8ab23,validation/primary/normal_check/rows/8,R8-E2-capacity,0.0,3.4e-6,true
tie_three_ua10_energy_economic_highs,r8-energy-b6eed093-ea37-473e-98c3-e2715fc8ab23,validation/primary/normal_check/rows/9,R8-E1-balance,0.0,3.4e-6,true
tie_three_ua10_energy_economic_highs,r8-energy-b6eed093-ea37-473e-98c3-e2715fc8ab23,validation/primary/normal_check/rows/10,R8-E1-balance,0.0,3.4e-6,true
tie_three_ua10_energy_economic_highs,r8-energy-b6eed093-ea37-473e-98c3-e2715fc8ab23,validation/primary/normal_check/rows/11,R8-E1-balance,0.0,3.4e-6,true
tie_three_ua10_energy_economic_highs,r8-energy-b6eed093-ea37-473e-98c3-e2715fc8ab23,validation/primary/normal_check/rows/12,R8-E1-balance,0.0,3.4e-6,true
tie_three_ua10_energy_economic_highs,r8-energy-b6eed093-ea37-473e-98c3-e2715fc8ab23,validation/primary/normal_check/rows/13,R8-E1-balance,0.0,3.4e-6,true
tie_three_ua10_energy_economic_highs,r8-energy-b6eed093-ea37-473e-98c3-e2715fc8ab23,validation/primary/normal_check/rows/14,R8-E1-balance,0.0,3.4e-6,true
tie_three_ua10_energy_economic_highs,r8-energy-b6eed093-ea37-473e-98c3-e2715fc8ab23,validation/primary/normal_check/rows/15,R8-E1-balance,0.0,3.4e-6,true
tie_three_ua10_energy_economic_highs,r8-energy-b6eed093-ea37-473e-98c3-e2715fc8ab23,validation/primary/normal_check/rows/16,R8-E1-balance,0.0,3.4e-6,true
tie_three_ua10_energy_economic_highs,r8-energy-b6eed093-ea37-473e-98c3-e2715fc8ab23,validation/primary/normal_check/rows/17,R8-E1-balance,0.0,3.4e-6,true
tie_three_ua10_energy_economic_highs,r8-energy-b6eed093-ea37-473e-98c3-e2715fc8ab23,validation/primary/normal_check/rows/18,R8-E1-balance,0.0,3.4e-6,true
tie_three_ua10_energy_economic_highs,r8-energy-b6eed093-ea37-473e-98c3-e2715fc8ab23,validation/primary/normal_check/rows/19,R8-E1-balance,0.0,3.4e-6,true
tie_three_ua10_energy_economic_highs,r8-energy-b6eed093-ea37-473e-98c3-e2715fc8ab23,validation/primary/normal_check/rows/20,R8-E1-balance,0.0,3.4e-6,true
tie_three_ua10_energy_economic_highs,r8-energy-b6eed093-ea37-473e-98c3-e2715fc8ab23,validation/primary/normal_check/rows/21,R8-E1-balance,0.0,3.4e-6,true
tie_three_ua10_energy_economic_highs,r8-energy-b6eed093-ea37-473e-98c3-e2715fc8ab23,validation/primary/normal_check/rows/22,R8-E1-balance,0.0,3.4e-6,true
tie_three_ua10_energy_economic_highs,r8-energy-b6eed093-ea37-473e-98c3-e2715fc8ab23,validation/primary/normal_check/rows/23,R8-E1-balance,0.0,3.4e-6,true
tie_three_ua10_energy_economic_highs,r8-energy-b6eed093-ea37-473e-98c3-e2715fc8ab23,validation/primary/normal_check/rows/24,R8-E1-balance,0.0,3.4e-6,true
tie_three_ua10_energy_economic_highs,r8-energy-b6eed093-ea37-473e-98c3-e2715fc8ab23,validation/primary/normal_check/shared/rows/1,R7-B1-bounds,0.0,1.0e-6,true
tie_three_ua10_energy_economic_highs,r8-energy-b6eed093-ea37-473e-98c3-e2715fc8ab23,validation/primary/normal_check/shared/rows/2,R7-B1-integer,0.0,1.0e-6,true
tie_three_ua10_energy_economic_highs,r8-energy-b6eed093-ea37-473e-98c3-e2715fc8ab23,validation/primary/normal_check/shared/rows/3,R7-B1-inactive,0.0,1.0e-6,true
tie_three_ua10_energy_economic_highs,r8-energy-b6eed093-ea37-473e-98c3-e2715fc8ab23,validation/primary/normal_check/shared/rows/4,R7-B1-bounds,0.0,1.0e-6,true
tie_three_ua10_energy_economic_highs,r8-energy-b6eed093-ea37-473e-98c3-e2715fc8ab23,validation/primary/normal_check/shared/rows/5,R7-B1-integer,0.0,1.0e-6,true
tie_three_ua10_energy_economic_highs,r8-energy-b6eed093-ea37-473e-98c3-e2715fc8ab23,validation/primary/normal_check/shared/rows/6,R7-B1-inactive,0.0,1.0e-6,true
tie_three_ua10_energy_economic_highs,r8-energy-b6eed093-ea37-473e-98c3-e2715fc8ab23,validation/primary/normal_check/shared/rows/7,R7-B1-bounds,0.0,1.0e-6,true
tie_three_ua10_energy_economic_highs,r8-energy-b6eed093-ea37-473e-98c3-e2715fc8ab23,validation/primary/normal_check/shared/rows/8,R7-B1-integer,0.0,1.0e-6,true
tie_three_ua10_energy_economic_highs,r8-energy-b6eed093-ea37-473e-98c3-e2715fc8ab23,validation/primary/normal_check/shared/rows/9,R7-B1-inactive,0.0,1.0e-6,true
tie_three_ua10_energy_economic_highs,r8-energy-b6eed093-ea37-473e-98c3-e2715fc8ab23,validation/primary/normal_check/shared/rows/10,R7-B1-bounds,0.0,1.0e-6,true
tie_three_ua10_energy_economic_highs,r8-energy-b6eed093-ea37-473e-98c3-e2715fc8ab23,validation/primary/normal_check/shared/rows/11,R7-B1-integer,0.0,1.0e-6,true
tie_three_ua10_energy_economic_highs,r8-energy-b6eed093-ea37-473e-98c3-e2715fc8ab23,validation/primary/normal_check/shared/rows/12,R7-B1-inactive,0.0,1.0e-6,true
tie_three_ua10_energy_economic_highs,r8-energy-b6eed093-ea37-473e-98c3-e2715fc8ab23,validation/primary/normal_check/shared/rows/13,R7-B1-bounds,0.0,1.0e-6,true
tie_three_ua10_energy_economic_highs,r8-energy-b6eed093-ea37-473e-98c3-e2715fc8ab23,validation/primary/normal_check/shared/rows/14,R7-B1-integer,0.0,1.0e-6,true
tie_three_ua10_energy_economic_highs,r8-energy-b6eed093-ea37-473e-98c3-e2715fc8ab23,validation/primary/normal_check/shared/rows/15,R7-B1-inactive,0.0,1.0e-6,true
tie_three_ua10_energy_economic_highs,r8-energy-b6eed093-ea37-473e-98c3-e2715fc8ab23,validation/primary/normal_check/shared/rows/16,R7-B1-bounds,0.0,1.0e-6,true
tie_three_ua10_energy_economic_highs,r8-energy-b6eed093-ea37-473e-98c3-e2715fc8ab23,validation/primary/normal_check/shared/rows/17,R7-B1-integer,0.0,1.0e-6,true
tie_three_ua10_energy_economic_highs,r8-energy-b6eed093-ea37-473e-98c3-e2715fc8ab23,validation/primary/normal_check/shared/rows/18,R7-B1-inactive,0.0,1.0e-6,true
tie_three_ua10_energy_economic_highs,r8-energy-b6eed093-ea37-473e-98c3-e2715fc8ab23,validation/primary/normal_check/shared/rows/19,R7-B1-bounds,0.0,1.0e-6,true
tie_three_ua10_energy_economic_highs,r8-energy-b6eed093-ea37-473e-98c3-e2715fc8ab23,validation/primary/normal_check/shared/rows/20,R7-B1-integer,0.0,1.0e-6,true
tie_three_ua10_energy_economic_highs,r8-energy-b6eed093-ea37-473e-98c3-e2715fc8ab23,validation/primary/normal_check/shared/rows/21,R7-B1-inactive,0.0,1.0e-6,true
tie_three_ua10_energy_economic_highs,r8-energy-b6eed093-ea37-473e-98c3-e2715fc8ab23,validation/primary/normal_check/shared/rows/22,R7-B1-bounds,0.0,1.0e-6,true
tie_three_ua10_energy_economic_highs,r8-energy-b6eed093-ea37-473e-98c3-e2715fc8ab23,validation/primary/normal_check/shared/rows/23,R7-B1-integer,0.0,1.0e-6,true
tie_three_ua10_energy_economic_highs,r8-energy-b6eed093-ea37-473e-98c3-e2715fc8ab23,validation/primary/normal_check/shared/rows/24,R7-B1-inactive,0.0,1.0e-6,true
tie_three_ua10_energy_economic_highs,r8-energy-b6eed093-ea37-473e-98c3-e2715fc8ab23,validation/primary/normal_check/shared/rows/25,R7-B1-bounds,0.0,1.0e-6,true
tie_three_ua10_energy_economic_highs,r8-energy-b6eed093-ea37-473e-98c3-e2715fc8ab23,validation/primary/normal_check/shared/rows/26,R7-B1-integer,0.0,1.0e-6,true
tie_three_ua10_energy_economic_highs,r8-energy-b6eed093-ea37-473e-98c3-e2715fc8ab23,validation/primary/normal_check/shared/rows/27,R7-B1-charge,0.0,3.4e-6,true
tie_three_ua10_energy_economic_highs,r8-energy-b6eed093-ea37-473e-98c3-e2715fc8ab23,validation/primary/normal_check/shared/rows/28,R7-B1-discharge,0.0,3.4e-6,true
tie_three_ua10_energy_economic_highs,r8-energy-b6eed093-ea37-473e-98c3-e2715fc8ab23,validation/primary/normal_check/shared/rows/29,R7-B1-nonsimultaneous,0.0,3.4e-6,true
tie_three_ua10_energy_economic_highs,r8-energy-b6eed093-ea37-473e-98c3-e2715fc8ab23,validation/primary/normal_check/shared/rows/30,R7-B1-bounds,0.0,1.0e-6,true
tie_three_ua10_energy_economic_highs,r8-energy-b6eed093-ea37-473e-98c3-e2715fc8ab23,validation/primary/normal_check/shared/rows/31,R7-B1-integer,0.0,1.0e-6,true
tie_three_ua10_energy_economic_highs,r8-energy-b6eed093-ea37-473e-98c3-e2715fc8ab23,validation/primary/normal_check/shared/rows/32,R7-B1-charge,0.0,3.4e-6,true
tie_three_ua10_energy_economic_highs,r8-energy-b6eed093-ea37-473e-98c3-e2715fc8ab23,validation/primary/normal_check/shared/rows/33,R7-B1-discharge,0.0,3.4e-6,true
tie_three_ua10_energy_economic_highs,r8-energy-b6eed093-ea37-473e-98c3-e2715fc8ab23,validation/primary/normal_check/shared/rows/34,R7-B1-nonsimultaneous,0.0,3.4e-6,true
tie_three_ua10_energy_economic_highs,r8-energy-b6eed093-ea37-473e-98c3-e2715fc8ab23,validation/primary/normal_check/shared/rows/35,R7-B1-bounds,0.0,1.0e-6,true
tie_three_ua10_energy_economic_highs,r8-energy-b6eed093-ea37-473e-98c3-e2715fc8ab23,validation/primary/normal_check/shared/rows/36,R7-B1-integer,0.0,1.0e-6,true
tie_three_ua10_energy_economic_highs,r8-energy-b6eed093-ea37-473e-98c3-e2715fc8ab23,validation/primary/normal_check/shared/rows/37,R7-B1-charge,0.0,3.4e-6,true
tie_three_ua10_energy_economic_highs,r8-energy-b6eed093-ea37-473e-98c3-e2715fc8ab23,validation/primary/normal_check/shared/rows/38,R7-B1-discharge,0.0,3.4e-6,true
tie_three_ua10_energy_economic_highs,r8-energy-b6eed093-ea37-473e-98c3-e2715fc8ab23,validation/primary/normal_check/shared/rows/39,R7-B1-nonsimultaneous,0.0,3.4e-6,true
tie_three_ua10_energy_economic_highs,r8-energy-b6eed093-ea37-473e-98c3-e2715fc8ab23,validation/primary/normal_check/shared/rows/40,R7-B1-bounds,0.0,1.0e-6,true
tie_three_ua10_energy_economic_highs,r8-energy-b6eed093-ea37-473e-98c3-e2715fc8ab23,validation/primary/normal_check/shared/rows/41,R7-B1-integer,0.0,1.0e-6,true
tie_three_ua10_energy_economic_highs,r8-energy-b6eed093-ea37-473e-98c3-e2715fc8ab23,validation/primary/normal_check/shared/rows/42,R7-B1-charge,0.0,3.4e-6,true
tie_three_ua10_energy_economic_highs,r8-energy-b6eed093-ea37-473e-98c3-e2715fc8ab23,validation/primary/normal_check/shared/rows/43,R7-B1-discharge,0.0,3.4e-6,true
tie_three_ua10_energy_economic_highs,r8-energy-b6eed093-ea37-473e-98c3-e2715fc8ab23,validation/primary/normal_check/shared/rows/44,R7-B1-nonsimultaneous,0.0,3.4e-6,true
tie_three_ua10_energy_economic_highs,r8-energy-b6eed093-ea37-473e-98c3-e2715fc8ab23,validation/primary/normal_check/shared/rows/45,R7-B1-bounds,0.0,1.0e-6,true
tie_three_ua10_energy_economic_highs,r8-energy-b6eed093-ea37-473e-98c3-e2715fc8ab23,validation/primary/normal_check/shared/rows/46,R7-B1-integer,0.0,1.0e-6,true
tie_three_ua10_energy_economic_highs,r8-energy-b6eed093-ea37-473e-98c3-e2715fc8ab23,validation/primary/normal_check/shared/rows/47,R7-B1-charge,0.0,3.4e-6,true
tie_three_ua10_energy_economic_highs,r8-energy-b6eed093-ea37-473e-98c3-e2715fc8ab23,validation/primary/normal_check/shared/rows/48,R7-B1-discharge,0.0,3.4e-6,true
tie_three_ua10_energy_economic_highs,r8-energy-b6eed093-ea37-473e-98c3-e2715fc8ab23,validation/primary/normal_check/shared/rows/49,R7-B1-nonsimultaneous,0.0,3.4e-6,true
tie_three_ua10_energy_economic_highs,r8-energy-b6eed093-ea37-473e-98c3-e2715fc8ab23,validation/primary/normal_check/shared/rows/50,R7-B1-bounds,0.0,1.0e-6,true
tie_three_ua10_energy_economic_highs,r8-energy-b6eed093-ea37-473e-98c3-e2715fc8ab23,validation/primary/normal_check/shared/rows/51,R7-B1-integer,0.0,1.0e-6,true
tie_three_ua10_energy_economic_highs,r8-energy-b6eed093-ea37-473e-98c3-e2715fc8ab23,validation/primary/normal_check/shared/rows/52,R7-B1-charge,0.0,3.4e-6,true
tie_three_ua10_energy_economic_highs,r8-energy-b6eed093-ea37-473e-98c3-e2715fc8ab23,validation/primary/normal_check/shared/rows/53,R7-B1-discharge,0.0,3.4e-6,true
tie_three_ua10_energy_economic_highs,r8-energy-b6eed093-ea37-473e-98c3-e2715fc8ab23,validation/primary/normal_check/shared/rows/54,R7-B1-nonsimultaneous,0.0,3.4e-6,true
tie_three_ua10_energy_economic_highs,r8-energy-b6eed093-ea37-473e-98c3-e2715fc8ab23,validation/primary/normal_check/shared/rows/55,R7-B1-bounds,0.0,1.0e-6,true
tie_three_ua10_energy_economic_highs,r8-energy-b6eed093-ea37-473e-98c3-e2715fc8ab23,validation/primary/normal_check/shared/rows/56,R7-B1-integer,0.0,1.0e-6,true
tie_three_ua10_energy_economic_highs,r8-energy-b6eed093-ea37-473e-98c3-e2715fc8ab23,validation/primary/normal_check/shared/rows/57,R7-B1-charge,0.0,3.4e-6,true
tie_three_ua10_energy_economic_highs,r8-energy-b6eed093-ea37-473e-98c3-e2715fc8ab23,validation/primary/normal_check/shared/rows/58,R7-B1-discharge,0.0,3.4e-6,true
tie_three_ua10_energy_economic_highs,r8-energy-b6eed093-ea37-473e-98c3-e2715fc8ab23,validation/primary/normal_check/shared/rows/59,R7-B1-nonsimultaneous,0.0,3.4e-6,true
tie_three_ua10_energy_economic_highs,r8-energy-b6eed093-ea37-473e-98c3-e2715fc8ab23,validation/primary/normal_check/shared/rows/60,R7-B1-bounds,0.0,1.0e-6,true
tie_three_ua10_energy_economic_highs,r8-energy-b6eed093-ea37-473e-98c3-e2715fc8ab23,validation/primary/normal_check/shared/rows/61,R7-B1-integer,0.0,1.0e-6,true
tie_three_ua10_energy_economic_highs,r8-energy-b6eed093-ea37-473e-98c3-e2715fc8ab23,validation/primary/normal_check/shared/rows/62,R7-B1-charge,0.0,3.4e-6,true
tie_three_ua10_energy_economic_highs,r8-energy-b6eed093-ea37-473e-98c3-e2715fc8ab23,validation/primary/normal_check/shared/rows/63,R7-B1-discharge,0.0,3.4e-6,true
tie_three_ua10_energy_economic_highs,r8-energy-b6eed093-ea37-473e-98c3-e2715fc8ab23,validation/primary/normal_check/shared/rows/64,R7-B1-nonsimultaneous,0.0,3.4e-6,true
tie_three_ua10_energy_economic_highs,r8-energy-b6eed093-ea37-473e-98c3-e2715fc8ab23,validation/primary/normal_check/shared/rows/65,R7-B1-bounds,0.0,1.0e-6,true
tie_three_ua10_energy_economic_highs,r8-energy-b6eed093-ea37-473e-98c3-e2715fc8ab23,validation/primary/normal_check/shared/rows/66,R7-B1-integer,0.0,1.0e-6,true
tie_three_ua10_energy_economic_highs,r8-energy-b6eed093-ea37-473e-98c3-e2715fc8ab23,validation/primary/normal_check/shared/rows/67,R7-B1-inactive,0.0,1.0e-6,true
tie_three_ua10_energy_economic_highs,r8-energy-b6eed093-ea37-473e-98c3-e2715fc8ab23,validation/primary/normal_check/shared/rows/68,R7-B1-bounds,0.0,1.0e-6,true
tie_three_ua10_energy_economic_highs,r8-energy-b6eed093-ea37-473e-98c3-e2715fc8ab23,validation/primary/normal_check/shared/rows/69,R7-B1-integer,0.0,1.0e-6,true
tie_three_ua10_energy_economic_highs,r8-energy-b6eed093-ea37-473e-98c3-e2715fc8ab23,validation/primary/normal_check/shared/rows/70,R7-B1-inactive,0.0,1.0e-6,true
tie_three_ua10_energy_economic_highs,r8-energy-b6eed093-ea37-473e-98c3-e2715fc8ab23,validation/primary/normal_check/shared/rows/71,R7-B1-bounds,0.0,1.0e-6,true
tie_three_ua10_energy_economic_highs,r8-energy-b6eed093-ea37-473e-98c3-e2715fc8ab23,validation/primary/normal_check/shared/rows/72,R7-B1-integer,0.0,1.0e-6,true
tie_three_ua10_energy_economic_highs,r8-energy-b6eed093-ea37-473e-98c3-e2715fc8ab23,validation/primary/normal_check/shared/rows/73,R7-B1-inactive,0.0,1.0e-6,true
tie_three_ua10_energy_economic_highs,r8-energy-b6eed093-ea37-473e-98c3-e2715fc8ab23,validation/primary/normal_check/shared/rows/74,R7-B1-bounds,0.0,1.0e-6,true
tie_three_ua10_energy_economic_highs,r8-energy-b6eed093-ea37-473e-98c3-e2715fc8ab23,validation/primary/normal_check/shared/rows/75,R7-B1-integer,0.0,1.0e-6,true
tie_three_ua10_energy_economic_highs,r8-energy-b6eed093-ea37-473e-98c3-e2715fc8ab23,validation/primary/normal_check/shared/rows/76,R7-B1-inactive,0.0,1.0e-6,true
tie_three_ua10_energy_economic_highs,r8-energy-b6eed093-ea37-473e-98c3-e2715fc8ab23,validation/primary/normal_check/shared/rows/77,R7-B1-bounds,0.0,1.0e-6,true
tie_three_ua10_energy_economic_highs,r8-energy-b6eed093-ea37-473e-98c3-e2715fc8ab23,validation/primary/normal_check/shared/rows/78,R7-B1-integer,0.0,1.0e-6,true
tie_three_ua10_energy_economic_highs,r8-energy-b6eed093-ea37-473e-98c3-e2715fc8ab23,validation/primary/normal_check/shared/rows/79,R7-B1-inactive,0.0,1.0e-6,true
tie_three_ua10_energy_economic_highs,r8-energy-b6eed093-ea37-473e-98c3-e2715fc8ab23,validation/primary/normal_check/shared/rows/80,R7-B1-bounds,0.0,1.0e-6,true
tie_three_ua10_energy_economic_highs,r8-energy-b6eed093-ea37-473e-98c3-e2715fc8ab23,validation/primary/normal_check/shared/rows/81,R7-B1-integer,0.0,1.0e-6,true
tie_three_ua10_energy_economic_highs,r8-energy-b6eed093-ea37-473e-98c3-e2715fc8ab23,validation/primary/normal_check/shared/rows/82,R7-B1-inactive,0.0,1.0e-6,true
tie_three_ua10_energy_economic_highs,r8-energy-b6eed093-ea37-473e-98c3-e2715fc8ab23,validation/primary/normal_check/shared/rows/83,R7-B1-bounds,0.0,1.0e-6,true
tie_three_ua10_energy_economic_highs,r8-energy-b6eed093-ea37-473e-98c3-e2715fc8ab23,validation/primary/normal_check/shared/rows/84,R7-B1-integer,0.0,1.0e-6,true
tie_three_ua10_energy_economic_highs,r8-energy-b6eed093-ea37-473e-98c3-e2715fc8ab23,validation/primary/normal_check/shared/rows/85,R7-B1-inactive,0.0,1.0e-6,true
tie_three_ua10_energy_economic_highs,r8-energy-b6eed093-ea37-473e-98c3-e2715fc8ab23,validation/primary/normal_check/shared/rows/86,R7-B1-bounds,0.0,1.0e-6,true
tie_three_ua10_energy_economic_highs,r8-energy-b6eed093-ea37-473e-98c3-e2715fc8ab23,validation/primary/normal_check/shared/rows/87,R7-B1-integer,0.0,1.0e-6,true
tie_three_ua10_energy_economic_highs,r8-energy-b6eed093-ea37-473e-98c3-e2715fc8ab23,validation/primary/normal_check/shared/rows/88,R7-B1-inactive,0.0,1.0e-6,true
tie_three_ua10_energy_economic_highs,r8-energy-b6eed093-ea37-473e-98c3-e2715fc8ab23,validation/primary/normal_check/shared/rows/89,R7-B1-bounds,0.0,1.0e-6,true
tie_three_ua10_energy_economic_highs,r8-energy-b6eed093-ea37-473e-98c3-e2715fc8ab23,validation/primary/normal_check/shared/rows/90,R7-B1-integer,0.0,1.0e-6,true
tie_three_ua10_energy_economic_highs,r8-energy-b6eed093-ea37-473e-98c3-e2715fc8ab23,validation/primary/normal_check/shared/rows/91,R7-B1-inactive,0.0,1.0e-6,true
tie_three_ua10_energy_economic_highs,r8-energy-b6eed093-ea37-473e-98c3-e2715fc8ab23,validation/primary/normal_check/shared/rows/92,R7-B1-bounds,0.0,1.0e-6,true
tie_three_ua10_energy_economic_highs,r8-energy-b6eed093-ea37-473e-98c3-e2715fc8ab23,validation/primary/normal_check/shared/rows/93,R7-B1-integer,0.0,1.0e-6,true
tie_three_ua10_energy_economic_highs,r8-energy-b6eed093-ea37-473e-98c3-e2715fc8ab23,validation/primary/normal_check/shared/rows/94,R7-B1-inactive,0.0,1.0e-6,true
tie_three_ua10_energy_economic_highs,r8-energy-b6eed093-ea37-473e-98c3-e2715fc8ab23,validation/primary/normal_check/shared/rows/95,R7-B1-bounds,0.0,1.0e-6,true
tie_three_ua10_energy_economic_highs,r8-energy-b6eed093-ea37-473e-98c3-e2715fc8ab23,validation/primary/normal_check/shared/rows/96,R7-B1-integer,0.0,1.0e-6,true
tie_three_ua10_energy_economic_highs,r8-energy-b6eed093-ea37-473e-98c3-e2715fc8ab23,validation/primary/normal_check/shared/rows/97,R7-B1-inactive,0.0,1.0e-6,true
tie_three_ua10_energy_economic_highs,r8-energy-b6eed093-ea37-473e-98c3-e2715fc8ab23,validation/primary/normal_check/shared/rows/98,R7-B1-bounds,0.0,1.0e-6,true
tie_three_ua10_energy_economic_highs,r8-energy-b6eed093-ea37-473e-98c3-e2715fc8ab23,validation/primary/normal_check/shared/rows/99,R7-B1-integer,0.0,1.0e-6,true
tie_three_ua10_energy_economic_highs,r8-energy-b6eed093-ea37-473e-98c3-e2715fc8ab23,validation/primary/normal_check/shared/rows/100,R7-B1-inactive,0.0,1.0e-6,true
tie_three_ua10_energy_economic_highs,r8-energy-b6eed093-ea37-473e-98c3-e2715fc8ab23,validation/primary/normal_check/shared/rows/101,R7-B1-bounds,0.0,1.0e-6,true
tie_three_ua10_energy_economic_highs,r8-energy-b6eed093-ea37-473e-98c3-e2715fc8ab23,validation/primary/normal_check/shared/rows/102,R7-B1-integer,0.0,1.0e-6,true
tie_three_ua10_energy_economic_highs,r8-energy-b6eed093-ea37-473e-98c3-e2715fc8ab23,validation/primary/normal_check/shared/rows/103,R7-B1-inactive,0.0,1.0e-6,true
tie_three_ua10_energy_economic_highs,r8-energy-b6eed093-ea37-473e-98c3-e2715fc8ab23,validation/primary/normal_check/shared/rows/104,R7-B1-bounds,0.0,1.0e-6,true
tie_three_ua10_energy_economic_highs,r8-energy-b6eed093-ea37-473e-98c3-e2715fc8ab23,validation/primary/normal_check/shared/rows/105,R7-B1-integer,0.0,1.0e-6,true
tie_three_ua10_energy_economic_highs,r8-energy-b6eed093-ea37-473e-98c3-e2715fc8ab23,validation/primary/normal_check/shared/rows/106,R7-B1-inactive,0.0,1.0e-6,true
tie_three_ua10_energy_economic_highs,r8-energy-b6eed093-ea37-473e-98c3-e2715fc8ab23,validation/primary/normal_check/shared/rows/107,R7-B1-bounds,0.0,1.0e-6,true
tie_three_ua10_energy_economic_highs,r8-energy-b6eed093-ea37-473e-98c3-e2715fc8ab23,validation/primary/normal_check/shared/rows/108,R7-B1-integer,0.0,1.0e-6,true
tie_three_ua10_energy_economic_highs,r8-energy-b6eed093-ea37-473e-98c3-e2715fc8ab23,validation/primary/normal_check/shared/rows/109,R7-B1-inactive,0.0,1.0e-6,true
tie_three_ua10_energy_economic_highs,r8-energy-b6eed093-ea37-473e-98c3-e2715fc8ab23,validation/primary/normal_check/shared/rows/110,R7-B1-bounds,0.0,1.0e-6,true
tie_three_ua10_energy_economic_highs,r8-energy-b6eed093-ea37-473e-98c3-e2715fc8ab23,validation/primary/normal_check/shared/rows/111,R7-B1-integer,0.0,1.0e-6,true
tie_three_ua10_energy_economic_highs,r8-energy-b6eed093-ea37-473e-98c3-e2715fc8ab23,validation/primary/normal_check/shared/rows/112,R7-B1-inactive,0.0,1.0e-6,true
tie_three_ua10_energy_economic_highs,r8-energy-b6eed093-ea37-473e-98c3-e2715fc8ab23,validation/primary/normal_check/shared/rows/113,R7-N1,0.0,1.0e-6,true
tie_three_ua10_energy_economic_highs,r8-energy-b6eed093-ea37-473e-98c3-e2715fc8ab23,validation/primary/normal_check/shared/rows/114,R7-N1,0.0,1.0e-6,true
tie_three_ua10_energy_economic_highs,r8-energy-b6eed093-ea37-473e-98c3-e2715fc8ab23,validation/primary/normal_check/shared/rows/115,R7-N1,0.0,1.0e-6,true
tie_three_ua10_energy_economic_highs,r8-energy-b6eed093-ea37-473e-98c3-e2715fc8ab23,validation/primary/normal_check/shared/rows/116,R7-N1,0.0,1.0e-6,true
tie_three_ua10_energy_economic_highs,r8-energy-b6eed093-ea37-473e-98c3-e2715fc8ab23,validation/primary/normal_check/shared/rows/117,R7-N1,0.0,1.0e-6,true
tie_three_ua10_energy_economic_highs,r8-energy-b6eed093-ea37-473e-98c3-e2715fc8ab23,validation/primary/normal_check/shared/rows/118,6-2,0.0,2.0e-6,true
tie_three_ua10_energy_economic_highs,r8-energy-b6eed093-ea37-473e-98c3-e2715fc8ab23,validation/primary/normal_check/shared/rows/119,6-3,0.0,2.0e-6,true
tie_three_ua10_energy_economic_highs,r8-energy-b6eed093-ea37-473e-98c3-e2715fc8ab23,validation/primary/normal_check/shared/rows/120,6-4,0.0,2.0e-6,true
tie_three_ua10_energy_economic_highs,r8-energy-b6eed093-ea37-473e-98c3-e2715fc8ab23,validation/primary/normal_check/shared/rows/121,6-5,0.0,2.0e-6,true
tie_three_ua10_energy_economic_highs,r8-energy-b6eed093-ea37-473e-98c3-e2715fc8ab23,validation/primary/normal_check/shared/rows/122,6-11,0.0,2.0e-6,true
tie_three_ua10_energy_economic_highs,r8-energy-b6eed093-ea37-473e-98c3-e2715fc8ab23,validation/primary/normal_check/shared/rows/123,6-2,0.0,2.0e-6,true
tie_three_ua10_energy_economic_highs,r8-energy-b6eed093-ea37-473e-98c3-e2715fc8ab23,validation/primary/normal_check/shared/rows/124,6-3,0.0,2.0e-6,true
tie_three_ua10_energy_economic_highs,r8-energy-b6eed093-ea37-473e-98c3-e2715fc8ab23,validation/primary/normal_check/shared/rows/125,6-4,0.0,2.0e-6,true
tie_three_ua10_energy_economic_highs,r8-energy-b6eed093-ea37-473e-98c3-e2715fc8ab23,validation/primary/normal_check/shared/rows/126,6-5,0.0,2.0e-6,true
tie_three_ua10_energy_economic_highs,r8-energy-b6eed093-ea37-473e-98c3-e2715fc8ab23,validation/primary/normal_check/shared/rows/127,6-11,0.0,2.0e-6,true
tie_three_ua10_energy_economic_highs,r8-energy-b6eed093-ea37-473e-98c3-e2715fc8ab23,validation/primary/normal_check/shared/rows/128,R7-N1,0.0,1.0e-6,true
tie_three_ua10_energy_economic_highs,r8-energy-b6eed093-ea37-473e-98c3-e2715fc8ab23,validation/primary/normal_check/shared/rows/129,R7-N1,0.0,1.0e-6,true
tie_three_ua10_energy_economic_highs,r8-energy-b6eed093-ea37-473e-98c3-e2715fc8ab23,validation/primary/normal_check/shared/rows/130,R7-N1,0.0,1.0e-6,true
tie_three_ua10_energy_economic_highs,r8-energy-b6eed093-ea37-473e-98c3-e2715fc8ab23,validation/primary/normal_check/shared/rows/131,R7-N1,0.0,1.0e-6,true
tie_three_ua10_energy_economic_highs,r8-energy-b6eed093-ea37-473e-98c3-e2715fc8ab23,validation/primary/normal_check/shared/rows/132,R7-N1,0.0,1.0e-6,true
tie_three_ua10_energy_economic_highs,r8-energy-b6eed093-ea37-473e-98c3-e2715fc8ab23,validation/primary/normal_check/shared/rows/133,6-2,0.0,2.0e-6,true
tie_three_ua10_energy_economic_highs,r8-energy-b6eed093-ea37-473e-98c3-e2715fc8ab23,validation/primary/normal_check/shared/rows/134,6-3,0.0,2.0e-6,true
tie_three_ua10_energy_economic_highs,r8-energy-b6eed093-ea37-473e-98c3-e2715fc8ab23,validation/primary/normal_check/shared/rows/135,6-4,0.0,2.0e-6,true
tie_three_ua10_energy_economic_highs,r8-energy-b6eed093-ea37-473e-98c3-e2715fc8ab23,validation/primary/normal_check/shared/rows/136,6-5,0.0,2.0e-6,true
tie_three_ua10_energy_economic_highs,r8-energy-b6eed093-ea37-473e-98c3-e2715fc8ab23,validation/primary/normal_check/shared/rows/137,6-11,0.0,2.0e-6,true
tie_three_ua10_energy_economic_highs,r8-energy-b6eed093-ea37-473e-98c3-e2715fc8ab23,validation/primary/normal_check/shared/rows/138,6-2,0.0,2.0e-6,true
tie_three_ua10_energy_economic_highs,r8-energy-b6eed093-ea37-473e-98c3-e2715fc8ab23,validation/primary/normal_check/shared/rows/139,6-3,0.0,2.0e-6,true
tie_three_ua10_energy_economic_highs,r8-energy-b6eed093-ea37-473e-98c3-e2715fc8ab23,validation/primary/normal_check/shared/rows/140,6-4,0.0,2.0e-6,true
tie_three_ua10_energy_economic_highs,r8-energy-b6eed093-ea37-473e-98c3-e2715fc8ab23,validation/primary/normal_check/shared/rows/141,6-5,0.0,2.0e-6,true
tie_three_ua10_energy_economic_highs,r8-energy-b6eed093-ea37-473e-98c3-e2715fc8ab23,validation/primary/normal_check/shared/rows/142,6-11,0.0,2.0e-6,true
tie_three_ua10_energy_economic_highs,r8-energy-b6eed093-ea37-473e-98c3-e2715fc8ab23,validation/primary/normal_check/shared/rows/143,R7-N1,0.0,1.0e-6,true
tie_three_ua10_energy_economic_highs,r8-energy-b6eed093-ea37-473e-98c3-e2715fc8ab23,validation/primary/normal_check/shared/rows/144,R7-N1,0.0,1.0e-6,true
tie_three_ua10_energy_economic_highs,r8-energy-b6eed093-ea37-473e-98c3-e2715fc8ab23,validation/primary/normal_check/shared/rows/145,R7-N1,0.0,1.0e-6,true
tie_three_ua10_energy_economic_highs,r8-energy-b6eed093-ea37-473e-98c3-e2715fc8ab23,validation/primary/normal_check/shared/rows/146,R7-N1,0.0,1.0e-6,true
tie_three_ua10_energy_economic_highs,r8-energy-b6eed093-ea37-473e-98c3-e2715fc8ab23,validation/primary/normal_check/shared/rows/147,R7-N1,0.0,1.0e-6,true
tie_three_ua10_energy_economic_highs,r8-energy-b6eed093-ea37-473e-98c3-e2715fc8ab23,validation/primary/normal_check/shared/rows/148,6-2,0.0,2.0e-6,true
tie_three_ua10_energy_economic_highs,r8-energy-b6eed093-ea37-473e-98c3-e2715fc8ab23,validation/primary/normal_check/shared/rows/149,6-3,0.0,2.0e-6,true
tie_three_ua10_energy_economic_highs,r8-energy-b6eed093-ea37-473e-98c3-e2715fc8ab23,validation/primary/normal_check/shared/rows/150,6-4,0.0,2.0e-6,true
tie_three_ua10_energy_economic_highs,r8-energy-b6eed093-ea37-473e-98c3-e2715fc8ab23,validation/primary/normal_check/shared/rows/151,6-5,0.0,2.0e-6,true
tie_three_ua10_energy_economic_highs,r8-energy-b6eed093-ea37-473e-98c3-e2715fc8ab23,validation/primary/normal_check/shared/rows/152,6-11,0.0,2.0e-6,true
tie_three_ua10_energy_economic_highs,r8-energy-b6eed093-ea37-473e-98c3-e2715fc8ab23,validation/primary/normal_check/shared/rows/153,6-2,0.0,2.0e-6,true
tie_three_ua10_energy_economic_highs,r8-energy-b6eed093-ea37-473e-98c3-e2715fc8ab23,validation/primary/normal_check/shared/rows/154,6-3,0.0,2.0e-6,true
tie_three_ua10_energy_economic_highs,r8-energy-b6eed093-ea37-473e-98c3-e2715fc8ab23,validation/primary/normal_check/shared/rows/155,6-4,0.0,2.0e-6,true
tie_three_ua10_energy_economic_highs,r8-energy-b6eed093-ea37-473e-98c3-e2715fc8ab23,validation/primary/normal_check/shared/rows/156,6-5,0.0,2.0e-6,true
tie_three_ua10_energy_economic_highs,r8-energy-b6eed093-ea37-473e-98c3-e2715fc8ab23,validation/primary/normal_check/shared/rows/157,6-11,0.0,2.0e-6,true
tie_three_ua10_energy_economic_highs,r8-energy-b6eed093-ea37-473e-98c3-e2715fc8ab23,validation/primary/normal_check/shared/rows/158,R7-N1,0.0,1.0e-6,true
tie_three_ua10_energy_economic_highs,r8-energy-b6eed093-ea37-473e-98c3-e2715fc8ab23,validation/primary/normal_check/shared/rows/159,R7-N1,0.0,1.0e-6,true
tie_three_ua10_energy_economic_highs,r8-energy-b6eed093-ea37-473e-98c3-e2715fc8ab23,validation/primary/normal_check/shared/rows/160,R7-N1,0.0,1.0e-6,true
tie_three_ua10_energy_economic_highs,r8-energy-b6eed093-ea37-473e-98c3-e2715fc8ab23,validation/primary/normal_check/shared/rows/161,R7-N1,0.0,1.0e-6,true
tie_three_ua10_energy_economic_highs,r8-energy-b6eed093-ea37-473e-98c3-e2715fc8ab23,validation/primary/normal_check/shared/rows/162,R7-N1,0.0,1.0e-6,true
tie_three_ua10_energy_economic_highs,r8-energy-b6eed093-ea37-473e-98c3-e2715fc8ab23,validation/primary/normal_check/shared/rows/163,6-2,0.0,2.0e-6,true
tie_three_ua10_energy_economic_highs,r8-energy-b6eed093-ea37-473e-98c3-e2715fc8ab23,validation/primary/normal_check/shared/rows/164,6-3,0.0,2.0e-6,true
tie_three_ua10_energy_economic_highs,r8-energy-b6eed093-ea37-473e-98c3-e2715fc8ab23,validation/primary/normal_check/shared/rows/165,6-4,0.0,2.0e-6,true
tie_three_ua10_energy_economic_highs,r8-energy-b6eed093-ea37-473e-98c3-e2715fc8ab23,validation/primary/normal_check/shared/rows/166,6-5,0.0,2.0e-6,true
tie_three_ua10_energy_economic_highs,r8-energy-b6eed093-ea37-473e-98c3-e2715fc8ab23,validation/primary/normal_check/shared/rows/167,6-11,0.0,2.0e-6,true
tie_three_ua10_energy_economic_highs,r8-energy-b6eed093-ea37-473e-98c3-e2715fc8ab23,validation/primary/normal_check/shared/rows/168,6-2,0.0,2.0e-6,true
tie_three_ua10_energy_economic_highs,r8-energy-b6eed093-ea37-473e-98c3-e2715fc8ab23,validation/primary/normal_check/shared/rows/169,6-3,0.0,2.0e-6,true
tie_three_ua10_energy_economic_highs,r8-energy-b6eed093-ea37-473e-98c3-e2715fc8ab23,validation/primary/normal_check/shared/rows/170,6-4,0.0,2.0e-6,true
tie_three_ua10_energy_economic_highs,r8-energy-b6eed093-ea37-473e-98c3-e2715fc8ab23,validation/primary/normal_check/shared/rows/171,6-5,0.0,2.0e-6,true
tie_three_ua10_energy_economic_highs,r8-energy-b6eed093-ea37-473e-98c3-e2715fc8ab23,validation/primary/normal_check/shared/rows/172,6-11,0.0,2.0e-6,true
tie_three_ua10_energy_economic_highs,r8-energy-b6eed093-ea37-473e-98c3-e2715fc8ab23,validation/primary/normal_check/shared/rows/173,R7-D-device-link,0.0,3.4e-6,true
tie_three_ua10_energy_economic_highs,r8-energy-b6eed093-ea37-473e-98c3-e2715fc8ab23,validation/primary/normal_check/shared/rows/174,R7-D-device-link,0.0,3.4e-6,true
tie_three_ua10_energy_economic_highs,r8-energy-b6eed093-ea37-473e-98c3-e2715fc8ab23,validation/primary/normal_check/shared/rows/175,R7-D-device-link,0.0,3.4e-6,true
tie_three_ua10_energy_economic_highs,r8-energy-b6eed093-ea37-473e-98c3-e2715fc8ab23,validation/primary/normal_check/shared/rows/176,R7-D-device-link,0.0,3.4e-6,true
tie_three_ua10_energy_economic_highs,r8-energy-b6eed093-ea37-473e-98c3-e2715fc8ab23,validation/primary/normal_check/shared/rows/177,R7-D-device-link,0.0,3.4e-6,true
tie_three_ua10_energy_economic_highs,r8-energy-b6eed093-ea37-473e-98c3-e2715fc8ab23,validation/primary/normal_check/shared/rows/178,R7-D-device-link,0.0,3.4e-6,true
tie_three_ua10_energy_economic_highs,r8-energy-b6eed093-ea37-473e-98c3-e2715fc8ab23,validation/primary/normal_check/shared/rows/179,R7-D-device-link,0.0,3.4e-6,true
tie_three_ua10_energy_economic_highs,r8-energy-b6eed093-ea37-473e-98c3-e2715fc8ab23,validation/primary/normal_check/shared/rows/180,R7-D-device-link,0.0,3.4e-6,true
tie_three_ua10_energy_economic_highs,r8-energy-b6eed093-ea37-473e-98c3-e2715fc8ab23,validation/primary/normal_check/shared/rows/181,R7-D-device-link,0.0,3.4e-6,true
tie_three_ua10_energy_economic_highs,r8-energy-b6eed093-ea37-473e-98c3-e2715fc8ab23,validation/primary/normal_check/shared/rows/182,R7-D-device-link,0.0,3.4e-6,true
tie_three_ua10_energy_economic_highs,r8-energy-b6eed093-ea37-473e-98c3-e2715fc8ab23,validation/primary/normal_check/shared/rows/183,R7-D-device-link,0.0,3.4e-6,true
tie_three_ua10_energy_economic_highs,r8-energy-b6eed093-ea37-473e-98c3-e2715fc8ab23,validation/primary/normal_check/shared/rows/184,R7-D-device-link,0.0,3.4e-6,true
tie_three_ua10_energy_economic_highs,r8-energy-b6eed093-ea37-473e-98c3-e2715fc8ab23,validation/primary/normal_check/shared/rows/185,R7-D-device-link,0.0,3.4e-6,true
tie_three_ua10_energy_economic_highs,r8-energy-b6eed093-ea37-473e-98c3-e2715fc8ab23,validation/primary/normal_check/shared/rows/186,R7-D-device-link,0.0,3.4e-6,true
tie_three_ua10_energy_economic_highs,r8-energy-b6eed093-ea37-473e-98c3-e2715fc8ab23,validation/primary/normal_check/shared/rows/187,R7-D-device-link,0.0,3.4e-6,true
tie_three_ua10_energy_economic_highs,r8-energy-b6eed093-ea37-473e-98c3-e2715fc8ab23,validation/primary/normal_check/shared/rows/188,R7-D-device-link,0.0,3.4e-6,true
tie_three_ua10_energy_economic_highs,r8-energy-b6eed093-ea37-473e-98c3-e2715fc8ab23,validation/primary/normal_check/shared/rows/189,R7-D-device-link,0.0,3.4e-6,true
tie_three_ua10_energy_economic_highs,r8-energy-b6eed093-ea37-473e-98c3-e2715fc8ab23,validation/primary/normal_check/shared/rows/190,R7-D-device-link,0.0,3.4e-6,true
tie_three_ua10_energy_economic_highs,r8-energy-b6eed093-ea37-473e-98c3-e2715fc8ab23,validation/primary/normal_check/shared/rows/191,R7-D-device-link,0.0,3.4e-6,true
tie_three_ua10_energy_economic_highs,r8-energy-b6eed093-ea37-473e-98c3-e2715fc8ab23,validation/primary/normal_check/shared/rows/192,R7-D-device-link,0.0,3.4e-6,true
tie_three_ua10_energy_economic_highs,r8-energy-b6eed093-ea37-473e-98c3-e2715fc8ab23,validation/primary/normal_check/shared/rows/193,R7-D-device-link,0.0,3.4e-6,true
tie_three_ua10_energy_economic_highs,r8-energy-b6eed093-ea37-473e-98c3-e2715fc8ab23,validation/primary/normal_check/shared/rows/194,R7-D-device-link,0.0,3.4e-6,true
tie_three_ua10_energy_economic_highs,r8-energy-b6eed093-ea37-473e-98c3-e2715fc8ab23,validation/primary/normal_check/shared/rows/195,R7-D-device-link,0.0,3.4e-6,true
tie_three_ua10_energy_economic_highs,r8-energy-b6eed093-ea37-473e-98c3-e2715fc8ab23,validation/primary/normal_check/shared/rows/196,R7-D-device-link,0.0,3.4e-6,true
tie_three_ua10_energy_economic_highs,r8-energy-b6eed093-ea37-473e-98c3-e2715fc8ab23,validation/primary/normal_check/shared/rows/197,6-12-ch,0.0,3.4e-6,true
tie_three_ua10_energy_economic_highs,r8-energy-b6eed093-ea37-473e-98c3-e2715fc8ab23,validation/primary/normal_check/shared/rows/198,6-12-dis,0.0,3.4e-6,true
tie_three_ua10_energy_economic_highs,r8-energy-b6eed093-ea37-473e-98c3-e2715fc8ab23,validation/primary/normal_check/shared/rows/199,6-12-ch,0.0,3.4e-6,true
tie_three_ua10_energy_economic_highs,r8-energy-b6eed093-ea37-473e-98c3-e2715fc8ab23,validation/primary/normal_check/shared/rows/200,6-12-dis,0.0,3.4e-6,true
tie_three_ua10_energy_economic_highs,r8-energy-b6eed093-ea37-473e-98c3-e2715fc8ab23,validation/primary/normal_check/shared/rows/201,6-12-ch,0.0,3.4e-6,true
tie_three_ua10_energy_economic_highs,r8-energy-b6eed093-ea37-473e-98c3-e2715fc8ab23,validation/primary/normal_check/shared/rows/202,6-12-dis,0.0,3.4e-6,true
tie_three_ua10_energy_economic_highs,r8-energy-b6eed093-ea37-473e-98c3-e2715fc8ab23,validation/primary/normal_check/shared/rows/203,6-12-ch,0.0,3.4e-6,true
tie_three_ua10_energy_economic_highs,r8-energy-b6eed093-ea37-473e-98c3-e2715fc8ab23,validation/primary/normal_check/shared/rows/204,6-12-dis,0.0,3.4e-6,true
tie_three_ua10_energy_economic_highs,r8-energy-b6eed093-ea37-473e-98c3-e2715fc8ab23,validation/primary/normal_check/shared/rows/205,6-12-ch,0.0,3.4e-6,true
tie_three_ua10_energy_economic_highs,r8-energy-b6eed093-ea37-473e-98c3-e2715fc8ab23,validation/primary/normal_check/shared/rows/206,6-12-dis,0.0,3.4e-6,true
tie_three_ua10_energy_economic_highs,r8-energy-b6eed093-ea37-473e-98c3-e2715fc8ab23,validation/primary/normal_check/shared/rows/207,6-12-ch,0.0,3.4e-6,true
tie_three_ua10_energy_economic_highs,r8-energy-b6eed093-ea37-473e-98c3-e2715fc8ab23,validation/primary/normal_check/shared/rows/208,6-12-dis,0.0,3.4e-6,true
tie_three_ua10_energy_economic_highs,r8-energy-b6eed093-ea37-473e-98c3-e2715fc8ab23,validation/primary/normal_check/shared/rows/209,6-12-ch,0.0,3.4e-6,true
tie_three_ua10_energy_economic_highs,r8-energy-b6eed093-ea37-473e-98c3-e2715fc8ab23,validation/primary/normal_check/shared/rows/210,6-12-dis,0.0,3.4e-6,true
tie_three_ua10_energy_economic_highs,r8-energy-b6eed093-ea37-473e-98c3-e2715fc8ab23,validation/primary/normal_check/shared/rows/211,6-12-ch,0.0,3.4e-6,true
tie_three_ua10_energy_economic_highs,r8-energy-b6eed093-ea37-473e-98c3-e2715fc8ab23,validation/primary/normal_check/shared/rows/212,6-12-dis,0.0,3.4e-6,true
tie_three_ua10_energy_economic_highs,r8-energy-b6eed093-ea37-473e-98c3-e2715fc8ab23,validation/primary/normal_check/shared/rows/213,6-13-zero,0.0,2.0e-6,true
tie_three_ua10_energy_economic_highs,r8-energy-b6eed093-ea37-473e-98c3-e2715fc8ab23,validation/primary/normal_check/shared/rows/214,6-13-zero,0.0,2.0e-6,true
tie_three_ua10_energy_economic_highs,r8-energy-b6eed093-ea37-473e-98c3-e2715fc8ab23,validation/primary/normal_check/shared/rows/215,6-13-zero,0.0,2.0e-6,true
tie_three_ua10_energy_economic_highs,r8-energy-b6eed093-ea37-473e-98c3-e2715fc8ab23,validation/primary/normal_check/shared/rows/216,6-13-zero,0.0,2.0e-6,true
tie_three_ua10_energy_economic_highs,r8-energy-b6eed093-ea37-473e-98c3-e2715fc8ab23,validation/primary/normal_check/shared/rows/217,6-13-zero,0.0,2.0e-6,true
tie_three_ua10_energy_economic_highs,r8-energy-b6eed093-ea37-473e-98c3-e2715fc8ab23,validation/primary/normal_check/shared/rows/218,6-13-zero,0.0,2.0e-6,true
tie_three_ua10_energy_economic_highs,r8-energy-b6eed093-ea37-473e-98c3-e2715fc8ab23,validation/primary/normal_check/shared/rows/219,6-13-zero,0.0,2.0e-6,true
tie_three_ua10_energy_economic_highs,r8-energy-b6eed093-ea37-473e-98c3-e2715fc8ab23,validation/primary/normal_check/shared/rows/220,6-13-zero,0.0,2.0e-6,true
tie_three_ua10_energy_economic_highs,r8-energy-b6eed093-ea37-473e-98c3-e2715fc8ab23,validation/primary/normal_check/shared/rows/221,6-13-zero,0.0,2.0e-6,true
tie_three_ua10_energy_economic_highs,r8-energy-b6eed093-ea37-473e-98c3-e2715fc8ab23,validation/primary/normal_check/shared/rows/222,6-13-zero,0.0,2.0e-6,true
tie_three_ua10_energy_economic_highs,r8-energy-b6eed093-ea37-473e-98c3-e2715fc8ab23,validation/primary/normal_check/shared/rows/223,6-8:10,0.0,3.4e-6,true
tie_three_ua10_energy_economic_highs,r8-energy-b6eed093-ea37-473e-98c3-e2715fc8ab23,validation/primary/normal_check/shared/rows/224,6-9,0.0,3.4e-6,true
tie_three_ua10_energy_economic_highs,r8-energy-b6eed093-ea37-473e-98c3-e2715fc8ab23,validation/primary/normal_check/shared/rows/225,6-11,0.0,3.4e-6,true
tie_three_ua10_energy_economic_highs,r8-energy-b6eed093-ea37-473e-98c3-e2715fc8ab23,validation/primary/normal_check/shared/rows/226,6-12-ch,0.0,3.4e-6,true
tie_three_ua10_energy_economic_highs,r8-energy-b6eed093-ea37-473e-98c3-e2715fc8ab23,validation/primary/normal_check/shared/rows/227,6-12-dis,0.0,3.4e-6,true
tie_three_ua10_energy_economic_highs,r8-energy-b6eed093-ea37-473e-98c3-e2715fc8ab23,validation/primary/normal_check/shared/rows/228,6-12,0.0,3.4e-6,true
tie_three_ua10_energy_economic_highs,r8-energy-b6eed093-ea37-473e-98c3-e2715fc8ab23,validation/primary/normal_check/shared/rows/229,6-14,0.0,2.0e-6,true
tie_three_ua10_energy_economic_highs,r8-energy-b6eed093-ea37-473e-98c3-e2715fc8ab23,validation/primary/normal_check/shared/rows/230,6-8:10,0.0,3.4e-6,true
tie_three_ua10_energy_economic_highs,r8-energy-b6eed093-ea37-473e-98c3-e2715fc8ab23,validation/primary/normal_check/shared/rows/231,6-9,0.0,3.4e-6,true
tie_three_ua10_energy_economic_highs,r8-energy-b6eed093-ea37-473e-98c3-e2715fc8ab23,validation/primary/normal_check/shared/rows/232,6-11,0.0,3.4e-6,true
tie_three_ua10_energy_economic_highs,r8-energy-b6eed093-ea37-473e-98c3-e2715fc8ab23,validation/primary/normal_check/shared/rows/233,6-12-ch,0.0,3.4e-6,true
tie_three_ua10_energy_economic_highs,r8-energy-b6eed093-ea37-473e-98c3-e2715fc8ab23,validation/primary/normal_check/shared/rows/234,6-12-dis,0.0,3.4e-6,true
tie_three_ua10_energy_economic_highs,r8-energy-b6eed093-ea37-473e-98c3-e2715fc8ab23,validation/primary/normal_check/shared/rows/235,6-12,0.0,3.4e-6,true
tie_three_ua10_energy_economic_highs,r8-energy-b6eed093-ea37-473e-98c3-e2715fc8ab23,validation/primary/normal_check/shared/rows/236,6-14,0.0,2.0e-6,true
tie_three_ua10_energy_economic_highs,r8-energy-b6eed093-ea37-473e-98c3-e2715fc8ab23,validation/primary/normal_check/shared/rows/237,6-8:10,0.0,3.4e-6,true
tie_three_ua10_energy_economic_highs,r8-energy-b6eed093-ea37-473e-98c3-e2715fc8ab23,validation/primary/normal_check/shared/rows/238,6-9,0.0,3.4e-6,true
tie_three_ua10_energy_economic_highs,r8-energy-b6eed093-ea37-473e-98c3-e2715fc8ab23,validation/primary/normal_check/shared/rows/239,6-11,0.0,3.4e-6,true
tie_three_ua10_energy_economic_highs,r8-energy-b6eed093-ea37-473e-98c3-e2715fc8ab23,validation/primary/normal_check/shared/rows/240,6-12-ch,0.0,3.4e-6,true
tie_three_ua10_energy_economic_highs,r8-energy-b6eed093-ea37-473e-98c3-e2715fc8ab23,validation/primary/normal_check/shared/rows/241,6-12-dis,0.0,3.4e-6,true
tie_three_ua10_energy_economic_highs,r8-energy-b6eed093-ea37-473e-98c3-e2715fc8ab23,validation/primary/normal_check/shared/rows/242,6-12,0.0,3.4e-6,true
tie_three_ua10_energy_economic_highs,r8-energy-b6eed093-ea37-473e-98c3-e2715fc8ab23,validation/primary/normal_check/shared/rows/243,6-14,0.0,2.0e-6,true
tie_three_ua10_energy_economic_highs,r8-energy-b6eed093-ea37-473e-98c3-e2715fc8ab23,validation/primary/normal_check/shared/rows/244,6-8:10,0.0,3.4e-6,true
tie_three_ua10_energy_economic_highs,r8-energy-b6eed093-ea37-473e-98c3-e2715fc8ab23,validation/primary/normal_check/shared/rows/245,6-9,0.0,3.4e-6,true
tie_three_ua10_energy_economic_highs,r8-energy-b6eed093-ea37-473e-98c3-e2715fc8ab23,validation/primary/normal_check/shared/rows/246,6-11,0.0,3.4e-6,true
tie_three_ua10_energy_economic_highs,r8-energy-b6eed093-ea37-473e-98c3-e2715fc8ab23,validation/primary/normal_check/shared/rows/247,6-12-ch,0.0,3.4e-6,true
tie_three_ua10_energy_economic_highs,r8-energy-b6eed093-ea37-473e-98c3-e2715fc8ab23,validation/primary/normal_check/shared/rows/248,6-12-dis,0.0,3.4e-6,true
tie_three_ua10_energy_economic_highs,r8-energy-b6eed093-ea37-473e-98c3-e2715fc8ab23,validation/primary/normal_check/shared/rows/249,6-12,0.0,3.4e-6,true
tie_three_ua10_energy_economic_highs,r8-energy-b6eed093-ea37-473e-98c3-e2715fc8ab23,validation/primary/normal_check/shared/rows/250,6-14,2.220446049250313e-16,2.0e-6,true
tie_three_ua10_energy_economic_highs,r8-energy-b6eed093-ea37-473e-98c3-e2715fc8ab23,validation/primary/normal_check/shared/rows/251,6-8:10,0.0,3.4e-6,true
tie_three_ua10_energy_economic_highs,r8-energy-b6eed093-ea37-473e-98c3-e2715fc8ab23,validation/primary/normal_check/shared/rows/252,6-9,0.0,3.4e-6,true
tie_three_ua10_energy_economic_highs,r8-energy-b6eed093-ea37-473e-98c3-e2715fc8ab23,validation/primary/normal_check/shared/rows/253,6-11,0.0,3.4e-6,true
tie_three_ua10_energy_economic_highs,r8-energy-b6eed093-ea37-473e-98c3-e2715fc8ab23,validation/primary/normal_check/shared/rows/254,6-12-ch,0.0,3.4e-6,true
tie_three_ua10_energy_economic_highs,r8-energy-b6eed093-ea37-473e-98c3-e2715fc8ab23,validation/primary/normal_check/shared/rows/255,6-12-dis,0.0,3.4e-6,true
tie_three_ua10_energy_economic_highs,r8-energy-b6eed093-ea37-473e-98c3-e2715fc8ab23,validation/primary/normal_check/shared/rows/256,6-12,0.0,3.4e-6,true
tie_three_ua10_energy_economic_highs,r8-energy-b6eed093-ea37-473e-98c3-e2715fc8ab23,validation/primary/normal_check/shared/rows/257,6-14,5.551115123125783e-17,2.0e-6,true
tie_three_ua10_energy_economic_highs,r8-energy-b6eed093-ea37-473e-98c3-e2715fc8ab23,validation/primary/normal_check/shared/rows/258,6-8:10,0.0,3.4e-6,true
tie_three_ua10_energy_economic_highs,r8-energy-b6eed093-ea37-473e-98c3-e2715fc8ab23,validation/primary/normal_check/shared/rows/259,6-9,0.0,3.4e-6,true
tie_three_ua10_energy_economic_highs,r8-energy-b6eed093-ea37-473e-98c3-e2715fc8ab23,validation/primary/normal_check/shared/rows/260,6-11,0.0,3.4e-6,true
tie_three_ua10_energy_economic_highs,r8-energy-b6eed093-ea37-473e-98c3-e2715fc8ab23,validation/primary/normal_check/shared/rows/261,6-12-ch,0.0,3.4e-6,true
tie_three_ua10_energy_economic_highs,r8-energy-b6eed093-ea37-473e-98c3-e2715fc8ab23,validation/primary/normal_check/shared/rows/262,6-12-dis,0.0,3.4e-6,true
tie_three_ua10_energy_economic_highs,r8-energy-b6eed093-ea37-473e-98c3-e2715fc8ab23,validation/primary/normal_check/shared/rows/263,6-12,0.0,3.4e-6,true
tie_three_ua10_energy_economic_highs,r8-energy-b6eed093-ea37-473e-98c3-e2715fc8ab23,validation/primary/normal_check/shared/rows/264,6-14,1.942890293094024e-16,2.0e-6,true
tie_three_ua10_energy_economic_highs,r8-energy-b6eed093-ea37-473e-98c3-e2715fc8ab23,validation/primary/normal_check/shared/rows/265,6-8:10,0.0,3.4e-6,true
tie_three_ua10_energy_economic_highs,r8-energy-b6eed093-ea37-473e-98c3-e2715fc8ab23,validation/primary/normal_check/shared/rows/266,6-9,0.0,3.4e-6,true
tie_three_ua10_energy_economic_highs,r8-energy-b6eed093-ea37-473e-98c3-e2715fc8ab23,validation/primary/normal_check/shared/rows/267,6-11,0.0,3.4e-6,true
tie_three_ua10_energy_economic_highs,r8-energy-b6eed093-ea37-473e-98c3-e2715fc8ab23,validation/primary/normal_check/shared/rows/268,6-12-ch,0.0,3.4e-6,true
tie_three_ua10_energy_economic_highs,r8-energy-b6eed093-ea37-473e-98c3-e2715fc8ab23,validation/primary/normal_check/shared/rows/269,6-12-dis,0.0,3.4e-6,true
tie_three_ua10_energy_economic_highs,r8-energy-b6eed093-ea37-473e-98c3-e2715fc8ab23,validation/primary/normal_check/shared/rows/270,6-12,0.0,3.4e-6,true
tie_three_ua10_energy_economic_highs,r8-energy-b6eed093-ea37-473e-98c3-e2715fc8ab23,validation/primary/normal_check/shared/rows/271,6-14,5.551115123125783e-17,2.0e-6,true
tie_three_ua10_energy_economic_highs,r8-energy-b6eed093-ea37-473e-98c3-e2715fc8ab23,validation/primary/normal_check/shared/rows/272,6-8:10,0.0,3.4e-6,true
tie_three_ua10_energy_economic_highs,r8-energy-b6eed093-ea37-473e-98c3-e2715fc8ab23,validation/primary/normal_check/shared/rows/273,6-9,0.0,3.4e-6,true
tie_three_ua10_energy_economic_highs,r8-energy-b6eed093-ea37-473e-98c3-e2715fc8ab23,validation/primary/normal_check/shared/rows/274,6-11,0.0,3.4e-6,true
tie_three_ua10_energy_economic_highs,r8-energy-b6eed093-ea37-473e-98c3-e2715fc8ab23,validation/primary/normal_check/shared/rows/275,6-12-ch,0.0,3.4e-6,true
tie_three_ua10_energy_economic_highs,r8-energy-b6eed093-ea37-473e-98c3-e2715fc8ab23,validation/primary/normal_check/shared/rows/276,6-12-dis,0.0,3.4e-6,true
tie_three_ua10_energy_economic_highs,r8-energy-b6eed093-ea37-473e-98c3-e2715fc8ab23,validation/primary/normal_check/shared/rows/277,6-12,0.0,3.4e-6,true
tie_three_ua10_energy_economic_highs,r8-energy-b6eed093-ea37-473e-98c3-e2715fc8ab23,validation/primary/normal_check/shared/rows/278,6-14,2.7755575615628914e-17,2.0e-6,true
tie_three_ua10_energy_economic_highs,r8-energy-b6eed093-ea37-473e-98c3-e2715fc8ab23,validation/primary/normal_check/shared/rows/279,6-13,0.0,2.0e-6,true
tie_three_ua10_energy_economic_highs,r8-energy-b6eed093-ea37-473e-98c3-e2715fc8ab23,validation/primary/normal_check/shared/rows/280,R7-D-battery-initial,0.0,2.0e-6,true
tie_three_ua10_energy_economic_highs,r8-energy-b6eed093-ea37-473e-98c3-e2715fc8ab23,validation/primary/normal_check/shared/rows/281,6-13,0.0,2.0e-6,true
tie_three_ua10_energy_economic_highs,r8-energy-b6eed093-ea37-473e-98c3-e2715fc8ab23,validation/primary/normal_check/shared/rows/282,R7-D-battery-initial,0.0,2.0e-6,true
tie_three_ua10_energy_economic_highs,r8-energy-b6eed093-ea37-473e-98c3-e2715fc8ab23,validation/primary/normal_check/shared/rows/283,6-13,0.0,2.0e-6,true
tie_three_ua10_energy_economic_highs,r8-energy-b6eed093-ea37-473e-98c3-e2715fc8ab23,validation/primary/normal_check/shared/rows/284,6-13,0.0,2.0e-6,true
tie_three_ua10_energy_economic_highs,r8-energy-b6eed093-ea37-473e-98c3-e2715fc8ab23,validation/primary/normal_check/shared/rows/285,6-13,0.0,2.0e-6,true
tie_three_ua10_energy_economic_highs,r8-energy-b6eed093-ea37-473e-98c3-e2715fc8ab23,validation/primary/normal_check/shared/rows/286,6-13,0.0,2.0e-6,true
tie_three_ua10_energy_economic_highs,r8-energy-b6eed093-ea37-473e-98c3-e2715fc8ab23,validation/primary/normal_check/shared/rows/287,6-13,0.0,2.0e-6,true
tie_three_ua10_energy_economic_highs,r8-energy-b6eed093-ea37-473e-98c3-e2715fc8ab23,validation/primary/normal_check/shared/rows/288,6-13,0.0,2.0e-6,true
tie_three_ua10_energy_economic_highs,r8-energy-b6eed093-ea37-473e-98c3-e2715fc8ab23,validation/primary/normal_check/shared/rows/289,6-13,0.0,2.0e-6,true
tie_three_ua10_energy_economic_highs,r8-energy-b6eed093-ea37-473e-98c3-e2715fc8ab23,validation/primary/normal_check/shared/rows/290,6-15,0.0,2.0e-6,true
tie_three_ua10_energy_economic_highs,r8-energy-b6eed093-ea37-473e-98c3-e2715fc8ab23,validation/primary/normal_check/shared/rows/291,6-13,0.0,2.0e-6,true
tie_three_ua10_energy_economic_highs,r8-energy-b6eed093-ea37-473e-98c3-e2715fc8ab23,validation/primary/normal_check/shared/rows/292,6-15,0.0,2.0e-6,true
tie_three_ua10_energy_economic_highs,r8-energy-b6eed093-ea37-473e-98c3-e2715fc8ab23,validation/primary/normal_check/shared/rows/293,6-8:10,0.0,3.4e-6,true
tie_three_ua10_energy_economic_highs,r8-energy-b6eed093-ea37-473e-98c3-e2715fc8ab23,validation/primary/normal_check/shared/rows/294,6-9,0.0,3.4e-6,true
tie_three_ua10_energy_economic_highs,r8-energy-b6eed093-ea37-473e-98c3-e2715fc8ab23,validation/primary/normal_check/shared/rows/295,6-11,0.0,3.4e-6,true
tie_three_ua10_energy_economic_highs,r8-energy-b6eed093-ea37-473e-98c3-e2715fc8ab23,validation/primary/normal_check/shared/rows/296,6-12-ch,0.0,3.4e-6,true
tie_three_ua10_energy_economic_highs,r8-energy-b6eed093-ea37-473e-98c3-e2715fc8ab23,validation/primary/normal_check/shared/rows/297,6-12-dis,0.0,3.4e-6,true
tie_three_ua10_energy_economic_highs,r8-energy-b6eed093-ea37-473e-98c3-e2715fc8ab23,validation/primary/normal_check/shared/rows/298,6-8:10,0.0,3.4e-6,true
tie_three_ua10_energy_economic_highs,r8-energy-b6eed093-ea37-473e-98c3-e2715fc8ab23,validation/primary/normal_check/shared/rows/299,6-9,0.0,3.4e-6,true
tie_three_ua10_energy_economic_highs,r8-energy-b6eed093-ea37-473e-98c3-e2715fc8ab23,validation/primary/normal_check/shared/rows/300,6-11,0.0,3.4e-6,true
tie_three_ua10_energy_economic_highs,r8-energy-b6eed093-ea37-473e-98c3-e2715fc8ab23,validation/primary/normal_check/shared/rows/301,6-12-ch,0.0,3.4e-6,true
tie_three_ua10_energy_economic_highs,r8-energy-b6eed093-ea37-473e-98c3-e2715fc8ab23,validation/primary/normal_check/shared/rows/302,6-12-dis,0.0,3.4e-6,true
tie_three_ua10_energy_economic_highs,r8-energy-b6eed093-ea37-473e-98c3-e2715fc8ab23,validation/primary/normal_check/shared/rows/303,6-8:10,0.0,3.4e-6,true
tie_three_ua10_energy_economic_highs,r8-energy-b6eed093-ea37-473e-98c3-e2715fc8ab23,validation/primary/normal_check/shared/rows/304,6-9,0.0,3.4e-6,true
tie_three_ua10_energy_economic_highs,r8-energy-b6eed093-ea37-473e-98c3-e2715fc8ab23,validation/primary/normal_check/shared/rows/305,6-11,0.0,3.4e-6,true
tie_three_ua10_energy_economic_highs,r8-energy-b6eed093-ea37-473e-98c3-e2715fc8ab23,validation/primary/normal_check/shared/rows/306,6-12-ch,0.0,3.4e-6,true
tie_three_ua10_energy_economic_highs,r8-energy-b6eed093-ea37-473e-98c3-e2715fc8ab23,validation/primary/normal_check/shared/rows/307,6-12-dis,0.0,3.4e-6,true
tie_three_ua10_energy_economic_highs,r8-energy-b6eed093-ea37-473e-98c3-e2715fc8ab23,validation/primary/normal_check/shared/rows/308,6-8:10,0.0,3.4e-6,true
tie_three_ua10_energy_economic_highs,r8-energy-b6eed093-ea37-473e-98c3-e2715fc8ab23,validation/primary/normal_check/shared/rows/309,6-9,0.0,3.4e-6,true
tie_three_ua10_energy_economic_highs,r8-energy-b6eed093-ea37-473e-98c3-e2715fc8ab23,validation/primary/normal_check/shared/rows/310,6-11,0.0,3.4e-6,true
tie_three_ua10_energy_economic_highs,r8-energy-b6eed093-ea37-473e-98c3-e2715fc8ab23,validation/primary/normal_check/shared/rows/311,6-12-ch,0.0,3.4e-6,true
tie_three_ua10_energy_economic_highs,r8-energy-b6eed093-ea37-473e-98c3-e2715fc8ab23,validation/primary/normal_check/shared/rows/312,6-12-dis,0.0,3.4e-6,true
tie_three_ua10_energy_economic_highs,r8-energy-b6eed093-ea37-473e-98c3-e2715fc8ab23,validation/primary/normal_check/shared/rows/313,6-8:10,0.0,3.4e-6,true
tie_three_ua10_energy_economic_highs,r8-energy-b6eed093-ea37-473e-98c3-e2715fc8ab23,validation/primary/normal_check/shared/rows/314,6-9,0.0,3.4e-6,true
tie_three_ua10_energy_economic_highs,r8-energy-b6eed093-ea37-473e-98c3-e2715fc8ab23,validation/primary/normal_check/shared/rows/315,6-11,0.0,3.4e-6,true
tie_three_ua10_energy_economic_highs,r8-energy-b6eed093-ea37-473e-98c3-e2715fc8ab23,validation/primary/normal_check/shared/rows/316,6-12-ch,0.0,3.4e-6,true
tie_three_ua10_energy_economic_highs,r8-energy-b6eed093-ea37-473e-98c3-e2715fc8ab23,validation/primary/normal_check/shared/rows/317,6-12-dis,0.0,3.4e-6,true
tie_three_ua10_energy_economic_highs,r8-energy-b6eed093-ea37-473e-98c3-e2715fc8ab23,validation/primary/normal_check/shared/rows/318,6-8:10,0.0,3.4e-6,true
tie_three_ua10_energy_economic_highs,r8-energy-b6eed093-ea37-473e-98c3-e2715fc8ab23,validation/primary/normal_check/shared/rows/319,6-9,0.0,3.4e-6,true
tie_three_ua10_energy_economic_highs,r8-energy-b6eed093-ea37-473e-98c3-e2715fc8ab23,validation/primary/normal_check/shared/rows/320,6-11,0.0,3.4e-6,true
tie_three_ua10_energy_economic_highs,r8-energy-b6eed093-ea37-473e-98c3-e2715fc8ab23,validation/primary/normal_check/shared/rows/321,6-12-ch,0.0,3.4e-6,true
tie_three_ua10_energy_economic_highs,r8-energy-b6eed093-ea37-473e-98c3-e2715fc8ab23,validation/primary/normal_check/shared/rows/322,6-12-dis,0.0,3.4e-6,true
tie_three_ua10_energy_economic_highs,r8-energy-b6eed093-ea37-473e-98c3-e2715fc8ab23,validation/primary/normal_check/shared/rows/323,6-8:10,0.0,3.4e-6,true
tie_three_ua10_energy_economic_highs,r8-energy-b6eed093-ea37-473e-98c3-e2715fc8ab23,validation/primary/normal_check/shared/rows/324,6-9,0.0,3.4e-6,true
tie_three_ua10_energy_economic_highs,r8-energy-b6eed093-ea37-473e-98c3-e2715fc8ab23,validation/primary/normal_check/shared/rows/325,6-11,0.0,3.4e-6,true
tie_three_ua10_energy_economic_highs,r8-energy-b6eed093-ea37-473e-98c3-e2715fc8ab23,validation/primary/normal_check/shared/rows/326,6-12-ch,0.0,3.4e-6,true
tie_three_ua10_energy_economic_highs,r8-energy-b6eed093-ea37-473e-98c3-e2715fc8ab23,validation/primary/normal_check/shared/rows/327,6-12-dis,0.0,3.4e-6,true
tie_three_ua10_energy_economic_highs,r8-energy-b6eed093-ea37-473e-98c3-e2715fc8ab23,validation/primary/normal_check/shared/rows/328,6-8:10,0.0,3.4e-6,true
tie_three_ua10_energy_economic_highs,r8-energy-b6eed093-ea37-473e-98c3-e2715fc8ab23,validation/primary/normal_check/shared/rows/329,6-9,0.0,3.4e-6,true
tie_three_ua10_energy_economic_highs,r8-energy-b6eed093-ea37-473e-98c3-e2715fc8ab23,validation/primary/normal_check/shared/rows/330,6-11,0.0,3.4e-6,true
tie_three_ua10_energy_economic_highs,r8-energy-b6eed093-ea37-473e-98c3-e2715fc8ab23,validation/primary/normal_check/shared/rows/331,6-12-ch,0.0,3.4e-6,true
tie_three_ua10_energy_economic_highs,r8-energy-b6eed093-ea37-473e-98c3-e2715fc8ab23,validation/primary/normal_check/shared/rows/332,6-12-dis,0.0,3.4e-6,true
tie_three_ua10_energy_economic_highs,r8-energy-b6eed093-ea37-473e-98c3-e2715fc8ab23,validation/primary/normal_check/shared/rows/333,6-13-zero,0.0,2.0e-6,true
tie_three_ua10_energy_economic_highs,r8-energy-b6eed093-ea37-473e-98c3-e2715fc8ab23,validation/primary/normal_check/shared/rows/334,6-13-zero,0.0,2.0e-6,true
tie_three_ua10_energy_economic_highs,r8-energy-b6eed093-ea37-473e-98c3-e2715fc8ab23,validation/primary/normal_check/shared/rows/335,6-13-zero,0.0,2.0e-6,true
tie_three_ua10_energy_economic_highs,r8-energy-b6eed093-ea37-473e-98c3-e2715fc8ab23,validation/primary/normal_check/shared/rows/336,6-13-zero,0.0,2.0e-6,true
tie_three_ua10_energy_economic_highs,r8-energy-b6eed093-ea37-473e-98c3-e2715fc8ab23,validation/primary/normal_check/shared/rows/337,6-13-zero,0.0,2.0e-6,true
tie_three_ua10_energy_economic_highs,r8-energy-b6eed093-ea37-473e-98c3-e2715fc8ab23,validation/primary/normal_check/shared/rows/338,6-13-zero,0.0,2.0e-6,true
tie_three_ua10_energy_economic_highs,r8-energy-b6eed093-ea37-473e-98c3-e2715fc8ab23,validation/primary/normal_check/shared/rows/339,6-13-zero,0.0,2.0e-6,true
tie_three_ua10_energy_economic_highs,r8-energy-b6eed093-ea37-473e-98c3-e2715fc8ab23,validation/primary/normal_check/shared/rows/340,6-13-zero,0.0,2.0e-6,true
tie_three_ua10_energy_economic_highs,r8-energy-b6eed093-ea37-473e-98c3-e2715fc8ab23,validation/primary/normal_check/shared/rows/341,6-13-zero,0.0,2.0e-6,true
tie_three_ua10_energy_economic_highs,r8-energy-b6eed093-ea37-473e-98c3-e2715fc8ab23,validation/primary/normal_check/shared/rows/342,6-13-zero,0.0,2.0e-6,true
tie_three_ua10_energy_economic_highs,r8-energy-b6eed093-ea37-473e-98c3-e2715fc8ab23,validation/primary/normal_check/shared/rows/343,6-8:10,0.0,3.4e-6,true
tie_three_ua10_energy_economic_highs,r8-energy-b6eed093-ea37-473e-98c3-e2715fc8ab23,validation/primary/normal_check/shared/rows/344,6-9,0.0,3.4e-6,true
tie_three_ua10_energy_economic_highs,r8-energy-b6eed093-ea37-473e-98c3-e2715fc8ab23,validation/primary/normal_check/shared/rows/345,6-11,0.0,3.4e-6,true
tie_three_ua10_energy_economic_highs,r8-energy-b6eed093-ea37-473e-98c3-e2715fc8ab23,validation/primary/normal_check/shared/rows/346,6-12-ch,0.0,3.4e-6,true
tie_three_ua10_energy_economic_highs,r8-energy-b6eed093-ea37-473e-98c3-e2715fc8ab23,validation/primary/normal_check/shared/rows/347,6-12-dis,0.0,3.4e-6,true
tie_three_ua10_energy_economic_highs,r8-energy-b6eed093-ea37-473e-98c3-e2715fc8ab23,validation/primary/normal_check/shared/rows/348,6-8:10,0.0,3.4e-6,true
tie_three_ua10_energy_economic_highs,r8-energy-b6eed093-ea37-473e-98c3-e2715fc8ab23,validation/primary/normal_check/shared/rows/349,6-9,0.0,3.4e-6,true
tie_three_ua10_energy_economic_highs,r8-energy-b6eed093-ea37-473e-98c3-e2715fc8ab23,validation/primary/normal_check/shared/rows/350,6-11,0.0,3.4e-6,true
tie_three_ua10_energy_economic_highs,r8-energy-b6eed093-ea37-473e-98c3-e2715fc8ab23,validation/primary/normal_check/shared/rows/351,6-12-ch,0.0,3.4e-6,true
tie_three_ua10_energy_economic_highs,r8-energy-b6eed093-ea37-473e-98c3-e2715fc8ab23,validation/primary/normal_check/shared/rows/352,6-12-dis,0.0,3.4e-6,true
tie_three_ua10_energy_economic_highs,r8-energy-b6eed093-ea37-473e-98c3-e2715fc8ab23,validation/primary/normal_check/shared/rows/353,6-8:10,0.0,3.4e-6,true
tie_three_ua10_energy_economic_highs,r8-energy-b6eed093-ea37-473e-98c3-e2715fc8ab23,validation/primary/normal_check/shared/rows/354,6-9,0.0,3.4e-6,true
tie_three_ua10_energy_economic_highs,r8-energy-b6eed093-ea37-473e-98c3-e2715fc8ab23,validation/primary/normal_check/shared/rows/355,6-11,0.0,3.4e-6,true
tie_three_ua10_energy_economic_highs,r8-energy-b6eed093-ea37-473e-98c3-e2715fc8ab23,validation/primary/normal_check/shared/rows/356,6-12-ch,0.0,3.4e-6,true
tie_three_ua10_energy_economic_highs,r8-energy-b6eed093-ea37-473e-98c3-e2715fc8ab23,validation/primary/normal_check/shared/rows/357,6-12-dis,0.0,3.4e-6,true
tie_three_ua10_energy_economic_highs,r8-energy-b6eed093-ea37-473e-98c3-e2715fc8ab23,validation/primary/normal_check/shared/rows/358,6-8:10,0.0,3.4e-6,true
tie_three_ua10_energy_economic_highs,r8-energy-b6eed093-ea37-473e-98c3-e2715fc8ab23,validation/primary/normal_check/shared/rows/359,6-9,0.0,3.4e-6,true
tie_three_ua10_energy_economic_highs,r8-energy-b6eed093-ea37-473e-98c3-e2715fc8ab23,validation/primary/normal_check/shared/rows/360,6-11,0.0,3.4e-6,true
tie_three_ua10_energy_economic_highs,r8-energy-b6eed093-ea37-473e-98c3-e2715fc8ab23,validation/primary/normal_check/shared/rows/361,6-12-ch,0.0,3.4e-6,true
tie_three_ua10_energy_economic_highs,r8-energy-b6eed093-ea37-473e-98c3-e2715fc8ab23,validation/primary/normal_check/shared/rows/362,6-12-dis,0.0,3.4e-6,true
tie_three_ua10_energy_economic_highs,r8-energy-b6eed093-ea37-473e-98c3-e2715fc8ab23,validation/primary/normal_check/shared/rows/363,6-8:10,0.0,3.4e-6,true
tie_three_ua10_energy_economic_highs,r8-energy-b6eed093-ea37-473e-98c3-e2715fc8ab23,validation/primary/normal_check/shared/rows/364,6-9,0.0,3.4e-6,true
tie_three_ua10_energy_economic_highs,r8-energy-b6eed093-ea37-473e-98c3-e2715fc8ab23,validation/primary/normal_check/shared/rows/365,6-11,0.0,3.4e-6,true
tie_three_ua10_energy_economic_highs,r8-energy-b6eed093-ea37-473e-98c3-e2715fc8ab23,validation/primary/normal_check/shared/rows/366,6-12-ch,0.0,3.4e-6,true
tie_three_ua10_energy_economic_highs,r8-energy-b6eed093-ea37-473e-98c3-e2715fc8ab23,validation/primary/normal_check/shared/rows/367,6-12-dis,0.0,3.4e-6,true
tie_three_ua10_energy_economic_highs,r8-energy-b6eed093-ea37-473e-98c3-e2715fc8ab23,validation/primary/normal_check/shared/rows/368,6-8:10,0.0,3.4e-6,true
tie_three_ua10_energy_economic_highs,r8-energy-b6eed093-ea37-473e-98c3-e2715fc8ab23,validation/primary/normal_check/shared/rows/369,6-9,0.0,3.4e-6,true
tie_three_ua10_energy_economic_highs,r8-energy-b6eed093-ea37-473e-98c3-e2715fc8ab23,validation/primary/normal_check/shared/rows/370,6-11,0.0,3.4e-6,true
tie_three_ua10_energy_economic_highs,r8-energy-b6eed093-ea37-473e-98c3-e2715fc8ab23,validation/primary/normal_check/shared/rows/371,6-12-ch,0.0,3.4e-6,true
tie_three_ua10_energy_economic_highs,r8-energy-b6eed093-ea37-473e-98c3-e2715fc8ab23,validation/primary/normal_check/shared/rows/372,6-12-dis,0.0,3.4e-6,true
tie_three_ua10_energy_economic_highs,r8-energy-b6eed093-ea37-473e-98c3-e2715fc8ab23,validation/primary/normal_check/shared/rows/373,6-8:10,0.0,3.4e-6,true
tie_three_ua10_energy_economic_highs,r8-energy-b6eed093-ea37-473e-98c3-e2715fc8ab23,validation/primary/normal_check/shared/rows/374,6-9,0.0,3.4e-6,true
tie_three_ua10_energy_economic_highs,r8-energy-b6eed093-ea37-473e-98c3-e2715fc8ab23,validation/primary/normal_check/shared/rows/375,6-11,0.0,3.4e-6,true
tie_three_ua10_energy_economic_highs,r8-energy-b6eed093-ea37-473e-98c3-e2715fc8ab23,validation/primary/normal_check/shared/rows/376,6-12-ch,0.0,3.4e-6,true
tie_three_ua10_energy_economic_highs,r8-energy-b6eed093-ea37-473e-98c3-e2715fc8ab23,validation/primary/normal_check/shared/rows/377,6-12-dis,0.0,3.4e-6,true
tie_three_ua10_energy_economic_highs,r8-energy-b6eed093-ea37-473e-98c3-e2715fc8ab23,validation/primary/normal_check/shared/rows/378,6-8:10,0.0,3.4e-6,true
tie_three_ua10_energy_economic_highs,r8-energy-b6eed093-ea37-473e-98c3-e2715fc8ab23,validation/primary/normal_check/shared/rows/379,6-9,0.0,3.4e-6,true
tie_three_ua10_energy_economic_highs,r8-energy-b6eed093-ea37-473e-98c3-e2715fc8ab23,validation/primary/normal_check/shared/rows/380,6-11,0.0,3.4e-6,true
tie_three_ua10_energy_economic_highs,r8-energy-b6eed093-ea37-473e-98c3-e2715fc8ab23,validation/primary/normal_check/shared/rows/381,6-12-ch,0.0,3.4e-6,true
tie_three_ua10_energy_economic_highs,r8-energy-b6eed093-ea37-473e-98c3-e2715fc8ab23,validation/primary/normal_check/shared/rows/382,6-12-dis,0.0,3.4e-6,true
tie_three_ua10_energy_economic_highs,r8-energy-b6eed093-ea37-473e-98c3-e2715fc8ab23,validation/primary/normal_check/shared/rows/383,6-13-zero,0.0,2.0e-6,true
tie_three_ua10_energy_economic_highs,r8-energy-b6eed093-ea37-473e-98c3-e2715fc8ab23,validation/primary/normal_check/shared/rows/384,6-13-zero,0.0,2.0e-6,true
tie_three_ua10_energy_economic_highs,r8-energy-b6eed093-ea37-473e-98c3-e2715fc8ab23,validation/primary/normal_check/shared/rows/385,6-13-zero,0.0,2.0e-6,true
tie_three_ua10_energy_economic_highs,r8-energy-b6eed093-ea37-473e-98c3-e2715fc8ab23,validation/primary/normal_check/shared/rows/386,6-13-zero,0.0,2.0e-6,true
tie_three_ua10_energy_economic_highs,r8-energy-b6eed093-ea37-473e-98c3-e2715fc8ab23,validation/primary/normal_check/shared/rows/387,6-13-zero,0.0,2.0e-6,true
tie_three_ua10_energy_economic_highs,r8-energy-b6eed093-ea37-473e-98c3-e2715fc8ab23,validation/primary/normal_check/shared/rows/388,6-13-zero,0.0,2.0e-6,true
tie_three_ua10_energy_economic_highs,r8-energy-b6eed093-ea37-473e-98c3-e2715fc8ab23,validation/primary/normal_check/shared/rows/389,6-13-zero,0.0,2.0e-6,true
tie_three_ua10_energy_economic_highs,r8-energy-b6eed093-ea37-473e-98c3-e2715fc8ab23,validation/primary/normal_check/shared/rows/390,6-13-zero,0.0,2.0e-6,true
tie_three_ua10_energy_economic_highs,r8-energy-b6eed093-ea37-473e-98c3-e2715fc8ab23,validation/primary/normal_check/shared/rows/391,6-13-zero,0.0,2.0e-6,true
tie_three_ua10_energy_economic_highs,r8-energy-b6eed093-ea37-473e-98c3-e2715fc8ab23,validation/primary/normal_check/shared/rows/392,6-13-zero,0.0,2.0e-6,true
tie_three_ua10_energy_economic_highs,r8-energy-b6eed093-ea37-473e-98c3-e2715fc8ab23,validation/primary/normal_check/shared/rows/393,PCC-P,0.0,3.4e-6,true
tie_three_ua10_energy_economic_highs,r8-energy-b6eed093-ea37-473e-98c3-e2715fc8ab23,validation/primary/normal_check/shared/rows/394,PCC-Q,0.0,3.4e-6,true
tie_three_ua10_energy_economic_highs,r8-energy-b6eed093-ea37-473e-98c3-e2715fc8ab23,validation/primary/normal_check/shared/rows/395,6-22,0.0,1.0e-6,true
tie_three_ua10_energy_economic_highs,r8-energy-b6eed093-ea37-473e-98c3-e2715fc8ab23,validation/primary/normal_check/shared/rows/396,root-voltage,0.0,1.0e-6,true
tie_three_ua10_energy_economic_highs,r8-energy-b6eed093-ea37-473e-98c3-e2715fc8ab23,validation/primary/normal_check/shared/rows/397,6-18:19,1.1102230246251565e-16,3.4e-6,true
tie_three_ua10_energy_economic_highs,r8-energy-b6eed093-ea37-473e-98c3-e2715fc8ab23,validation/primary/normal_check/shared/rows/398,6-20,0.0,3.4e-6,true
tie_three_ua10_energy_economic_highs,r8-energy-b6eed093-ea37-473e-98c3-e2715fc8ab23,validation/primary/normal_check/shared/rows/399,6-22,0.0,1.0e-6,true
tie_three_ua10_energy_economic_highs,r8-energy-b6eed093-ea37-473e-98c3-e2715fc8ab23,validation/primary/normal_check/shared/rows/400,6-18:19,0.0,3.4e-6,true
tie_three_ua10_energy_economic_highs,r8-energy-b6eed093-ea37-473e-98c3-e2715fc8ab23,validation/primary/normal_check/shared/rows/401,6-20,0.0,3.4e-6,true
tie_three_ua10_energy_economic_highs,r8-energy-b6eed093-ea37-473e-98c3-e2715fc8ab23,validation/primary/normal_check/shared/rows/402,6-22,0.0,1.0e-6,true
tie_three_ua10_energy_economic_highs,r8-energy-b6eed093-ea37-473e-98c3-e2715fc8ab23,validation/primary/normal_check/shared/rows/403,6-18:19,1.1102230246251565e-16,3.4e-6,true
tie_three_ua10_energy_economic_highs,r8-energy-b6eed093-ea37-473e-98c3-e2715fc8ab23,validation/primary/normal_check/shared/rows/404,6-20,0.0,3.4e-6,true
tie_three_ua10_energy_economic_highs,r8-energy-b6eed093-ea37-473e-98c3-e2715fc8ab23,validation/primary/normal_check/shared/rows/405,6-24:25,0.0,3.4e-6,true
tie_three_ua10_energy_economic_highs,r8-energy-b6eed093-ea37-473e-98c3-e2715fc8ab23,validation/primary/normal_check/shared/rows/406,6-24:25,0.0,3.4e-6,true
tie_three_ua10_energy_economic_highs,r8-energy-b6eed093-ea37-473e-98c3-e2715fc8ab23,validation/primary/normal_check/shared/rows/407,R7-D-voltage,6.938893903907228e-18,1.0e-6,true
tie_three_ua10_energy_economic_highs,r8-energy-b6eed093-ea37-473e-98c3-e2715fc8ab23,validation/primary/normal_check/shared/rows/408,6-24:25,0.0,3.4e-6,true
tie_three_ua10_energy_economic_highs,r8-energy-b6eed093-ea37-473e-98c3-e2715fc8ab23,validation/primary/normal_check/shared/rows/409,6-24:25,0.0,3.4e-6,true
tie_three_ua10_energy_economic_highs,r8-energy-b6eed093-ea37-473e-98c3-e2715fc8ab23,validation/primary/normal_check/shared/rows/410,R7-D-voltage,4.336808689942018e-18,1.0e-6,true
tie_three_ua10_energy_economic_highs,r8-energy-b6eed093-ea37-473e-98c3-e2715fc8ab23,validation/primary/normal_check/shared/rows/411,6-24:25,0.0,3.4e-6,true
tie_three_ua10_energy_economic_highs,r8-energy-b6eed093-ea37-473e-98c3-e2715fc8ab23,validation/primary/normal_check/shared/rows/412,6-24:25,0.0,3.4e-6,true
tie_three_ua10_energy_economic_highs,r8-energy-b6eed093-ea37-473e-98c3-e2715fc8ab23,validation/primary/normal_check/shared/rows/413,PCC-P,0.0,3.4e-6,true
tie_three_ua10_energy_economic_highs,r8-energy-b6eed093-ea37-473e-98c3-e2715fc8ab23,validation/primary/normal_check/shared/rows/414,PCC-Q,0.0,3.4e-6,true
tie_three_ua10_energy_economic_highs,r8-energy-b6eed093-ea37-473e-98c3-e2715fc8ab23,validation/primary/normal_check/shared/rows/415,6-22,0.0,1.0e-6,true
tie_three_ua10_energy_economic_highs,r8-energy-b6eed093-ea37-473e-98c3-e2715fc8ab23,validation/primary/normal_check/shared/rows/416,root-voltage,0.0,1.0e-6,true
tie_three_ua10_energy_economic_highs,r8-energy-b6eed093-ea37-473e-98c3-e2715fc8ab23,validation/primary/normal_check/shared/rows/417,6-18:19,1.1102230246251565e-16,3.4e-6,true
tie_three_ua10_energy_economic_highs,r8-energy-b6eed093-ea37-473e-98c3-e2715fc8ab23,validation/primary/normal_check/shared/rows/418,6-20,0.0,3.4e-6,true
tie_three_ua10_energy_economic_highs,r8-energy-b6eed093-ea37-473e-98c3-e2715fc8ab23,validation/primary/normal_check/shared/rows/419,6-22,0.0,1.0e-6,true
tie_three_ua10_energy_economic_highs,r8-energy-b6eed093-ea37-473e-98c3-e2715fc8ab23,validation/primary/normal_check/shared/rows/420,6-18:19,0.0,3.4e-6,true
tie_three_ua10_energy_economic_highs,r8-energy-b6eed093-ea37-473e-98c3-e2715fc8ab23,validation/primary/normal_check/shared/rows/421,6-20,0.0,3.4e-6,true
tie_three_ua10_energy_economic_highs,r8-energy-b6eed093-ea37-473e-98c3-e2715fc8ab23,validation/primary/normal_check/shared/rows/422,6-22,0.0,1.0e-6,true
tie_three_ua10_energy_economic_highs,r8-energy-b6eed093-ea37-473e-98c3-e2715fc8ab23,validation/primary/normal_check/shared/rows/423,6-18:19,1.1102230246251565e-16,3.4e-6,true
tie_three_ua10_energy_economic_highs,r8-energy-b6eed093-ea37-473e-98c3-e2715fc8ab23,validation/primary/normal_check/shared/rows/424,6-20,0.0,3.4e-6,true
tie_three_ua10_energy_economic_highs,r8-energy-b6eed093-ea37-473e-98c3-e2715fc8ab23,validation/primary/normal_check/shared/rows/425,6-24:25,0.0,3.4e-6,true
tie_three_ua10_energy_economic_highs,r8-energy-b6eed093-ea37-473e-98c3-e2715fc8ab23,validation/primary/normal_check/shared/rows/426,6-24:25,0.0,3.4e-6,true
tie_three_ua10_energy_economic_highs,r8-energy-b6eed093-ea37-473e-98c3-e2715fc8ab23,validation/primary/normal_check/shared/rows/427,R7-D-voltage,6.938893903907228e-18,1.0e-6,true
tie_three_ua10_energy_economic_highs,r8-energy-b6eed093-ea37-473e-98c3-e2715fc8ab23,validation/primary/normal_check/shared/rows/428,6-24:25,0.0,3.4e-6,true
tie_three_ua10_energy_economic_highs,r8-energy-b6eed093-ea37-473e-98c3-e2715fc8ab23,validation/primary/normal_check/shared/rows/429,6-24:25,0.0,3.4e-6,true
tie_three_ua10_energy_economic_highs,r8-energy-b6eed093-ea37-473e-98c3-e2715fc8ab23,validation/primary/normal_check/shared/rows/430,R7-D-voltage,4.336808689942018e-18,1.0e-6,true
tie_three_ua10_energy_economic_highs,r8-energy-b6eed093-ea37-473e-98c3-e2715fc8ab23,validation/primary/normal_check/shared/rows/431,6-24:25,0.0,3.4e-6,true
tie_three_ua10_energy_economic_highs,r8-energy-b6eed093-ea37-473e-98c3-e2715fc8ab23,validation/primary/normal_check/shared/rows/432,6-24:25,0.0,3.4e-6,true
tie_three_ua10_energy_economic_highs,r8-energy-b6eed093-ea37-473e-98c3-e2715fc8ab23,validation/primary/normal_check/shared/rows/433,PCC-P,0.0,3.4e-6,true
tie_three_ua10_energy_economic_highs,r8-energy-b6eed093-ea37-473e-98c3-e2715fc8ab23,validation/primary/normal_check/shared/rows/434,PCC-Q,0.0,3.4e-6,true
tie_three_ua10_energy_economic_highs,r8-energy-b6eed093-ea37-473e-98c3-e2715fc8ab23,validation/primary/normal_check/shared/rows/435,6-22,0.0,1.0e-6,true
tie_three_ua10_energy_economic_highs,r8-energy-b6eed093-ea37-473e-98c3-e2715fc8ab23,validation/primary/normal_check/shared/rows/436,root-voltage,0.0,1.0e-6,true
tie_three_ua10_energy_economic_highs,r8-energy-b6eed093-ea37-473e-98c3-e2715fc8ab23,validation/primary/normal_check/shared/rows/437,6-18:19,1.1102230246251565e-16,3.4e-6,true
tie_three_ua10_energy_economic_highs,r8-energy-b6eed093-ea37-473e-98c3-e2715fc8ab23,validation/primary/normal_check/shared/rows/438,6-20,0.0,3.4e-6,true
tie_three_ua10_energy_economic_highs,r8-energy-b6eed093-ea37-473e-98c3-e2715fc8ab23,validation/primary/normal_check/shared/rows/439,6-22,0.0,1.0e-6,true
tie_three_ua10_energy_economic_highs,r8-energy-b6eed093-ea37-473e-98c3-e2715fc8ab23,validation/primary/normal_check/shared/rows/440,6-18:19,0.0,3.4e-6,true
tie_three_ua10_energy_economic_highs,r8-energy-b6eed093-ea37-473e-98c3-e2715fc8ab23,validation/primary/normal_check/shared/rows/441,6-20,0.0,3.4e-6,true
tie_three_ua10_energy_economic_highs,r8-energy-b6eed093-ea37-473e-98c3-e2715fc8ab23,validation/primary/normal_check/shared/rows/442,6-22,0.0,1.0e-6,true
tie_three_ua10_energy_economic_highs,r8-energy-b6eed093-ea37-473e-98c3-e2715fc8ab23,validation/primary/normal_check/shared/rows/443,6-18:19,1.1102230246251565e-16,3.4e-6,true
tie_three_ua10_energy_economic_highs,r8-energy-b6eed093-ea37-473e-98c3-e2715fc8ab23,validation/primary/normal_check/shared/rows/444,6-20,0.0,3.4e-6,true
tie_three_ua10_energy_economic_highs,r8-energy-b6eed093-ea37-473e-98c3-e2715fc8ab23,validation/primary/normal_check/shared/rows/445,6-24:25,0.0,3.4e-6,true
tie_three_ua10_energy_economic_highs,r8-energy-b6eed093-ea37-473e-98c3-e2715fc8ab23,validation/primary/normal_check/shared/rows/446,6-24:25,0.0,3.4e-6,true
tie_three_ua10_energy_economic_highs,r8-energy-b6eed093-ea37-473e-98c3-e2715fc8ab23,validation/primary/normal_check/shared/rows/447,R7-D-voltage,6.938893903907228e-18,1.0e-6,true
tie_three_ua10_energy_economic_highs,r8-energy-b6eed093-ea37-473e-98c3-e2715fc8ab23,validation/primary/normal_check/shared/rows/448,6-24:25,0.0,3.4e-6,true
tie_three_ua10_energy_economic_highs,r8-energy-b6eed093-ea37-473e-98c3-e2715fc8ab23,validation/primary/normal_check/shared/rows/449,6-24:25,0.0,3.4e-6,true
tie_three_ua10_energy_economic_highs,r8-energy-b6eed093-ea37-473e-98c3-e2715fc8ab23,validation/primary/normal_check/shared/rows/450,R7-D-voltage,4.336808689942018e-18,1.0e-6,true
tie_three_ua10_energy_economic_highs,r8-energy-b6eed093-ea37-473e-98c3-e2715fc8ab23,validation/primary/normal_check/shared/rows/451,6-24:25,0.0,3.4e-6,true
tie_three_ua10_energy_economic_highs,r8-energy-b6eed093-ea37-473e-98c3-e2715fc8ab23,validation/primary/normal_check/shared/rows/452,6-24:25,0.0,3.4e-6,true
tie_three_ua10_energy_economic_highs,r8-energy-b6eed093-ea37-473e-98c3-e2715fc8ab23,validation/primary/normal_check/shared/rows/453,PCC-P,0.0,3.4e-6,true
tie_three_ua10_energy_economic_highs,r8-energy-b6eed093-ea37-473e-98c3-e2715fc8ab23,validation/primary/normal_check/shared/rows/454,PCC-Q,0.0,3.4e-6,true
tie_three_ua10_energy_economic_highs,r8-energy-b6eed093-ea37-473e-98c3-e2715fc8ab23,validation/primary/normal_check/shared/rows/455,6-22,0.0,1.0e-6,true
tie_three_ua10_energy_economic_highs,r8-energy-b6eed093-ea37-473e-98c3-e2715fc8ab23,validation/primary/normal_check/shared/rows/456,root-voltage,0.0,1.0e-6,true
tie_three_ua10_energy_economic_highs,r8-energy-b6eed093-ea37-473e-98c3-e2715fc8ab23,validation/primary/normal_check/shared/rows/457,6-18:19,1.1102230246251565e-16,3.4e-6,true
tie_three_ua10_energy_economic_highs,r8-energy-b6eed093-ea37-473e-98c3-e2715fc8ab23,validation/primary/normal_check/shared/rows/458,6-20,0.0,3.4e-6,true
tie_three_ua10_energy_economic_highs,r8-energy-b6eed093-ea37-473e-98c3-e2715fc8ab23,validation/primary/normal_check/shared/rows/459,6-22,0.0,1.0e-6,true
tie_three_ua10_energy_economic_highs,r8-energy-b6eed093-ea37-473e-98c3-e2715fc8ab23,validation/primary/normal_check/shared/rows/460,6-18:19,0.0,3.4e-6,true
tie_three_ua10_energy_economic_highs,r8-energy-b6eed093-ea37-473e-98c3-e2715fc8ab23,validation/primary/normal_check/shared/rows/461,6-20,0.0,3.4e-6,true
tie_three_ua10_energy_economic_highs,r8-energy-b6eed093-ea37-473e-98c3-e2715fc8ab23,validation/primary/normal_check/shared/rows/462,6-22,0.0,1.0e-6,true
tie_three_ua10_energy_economic_highs,r8-energy-b6eed093-ea37-473e-98c3-e2715fc8ab23,validation/primary/normal_check/shared/rows/463,6-18:19,1.1102230246251565e-16,3.4e-6,true
tie_three_ua10_energy_economic_highs,r8-energy-b6eed093-ea37-473e-98c3-e2715fc8ab23,validation/primary/normal_check/shared/rows/464,6-20,0.0,3.4e-6,true
tie_three_ua10_energy_economic_highs,r8-energy-b6eed093-ea37-473e-98c3-e2715fc8ab23,validation/primary/normal_check/shared/rows/465,6-24:25,0.0,3.4e-6,true
tie_three_ua10_energy_economic_highs,r8-energy-b6eed093-ea37-473e-98c3-e2715fc8ab23,validation/primary/normal_check/shared/rows/466,6-24:25,0.0,3.4e-6,true
tie_three_ua10_energy_economic_highs,r8-energy-b6eed093-ea37-473e-98c3-e2715fc8ab23,validation/primary/normal_check/shared/rows/467,R7-D-voltage,5.204170427930421e-18,1.0e-6,true
tie_three_ua10_energy_economic_highs,r8-energy-b6eed093-ea37-473e-98c3-e2715fc8ab23,validation/primary/normal_check/shared/rows/468,6-24:25,0.0,3.4e-6,true
tie_three_ua10_energy_economic_highs,r8-energy-b6eed093-ea37-473e-98c3-e2715fc8ab23,validation/primary/normal_check/shared/rows/469,6-24:25,0.0,3.4e-6,true
tie_three_ua10_energy_economic_highs,r8-energy-b6eed093-ea37-473e-98c3-e2715fc8ab23,validation/primary/normal_check/shared/rows/470,R7-D-voltage,1.734723475976807e-18,1.0e-6,true
tie_three_ua10_energy_economic_highs,r8-energy-b6eed093-ea37-473e-98c3-e2715fc8ab23,validation/primary/normal_check/shared/rows/471,6-24:25,0.0,3.4e-6,true
tie_three_ua10_energy_economic_highs,r8-energy-b6eed093-ea37-473e-98c3-e2715fc8ab23,validation/primary/normal_check/shared/rows/472,6-24:25,0.0,3.4e-6,true
tie_three_ua10_energy_economic_highs,r8-energy-b6eed093-ea37-473e-98c3-e2715fc8ab23,validation/primary/normal_check/shared/rows/473,PCC-P,0.0,3.4e-6,true
tie_three_ua10_energy_economic_highs,r8-energy-b6eed093-ea37-473e-98c3-e2715fc8ab23,validation/primary/normal_check/shared/rows/474,PCC-Q,0.0,3.4e-6,true
tie_three_ua10_energy_economic_highs,r8-energy-b6eed093-ea37-473e-98c3-e2715fc8ab23,validation/primary/normal_check/shared/rows/475,6-22,0.0,1.0e-6,true
tie_three_ua10_energy_economic_highs,r8-energy-b6eed093-ea37-473e-98c3-e2715fc8ab23,validation/primary/normal_check/shared/rows/476,root-voltage,0.0,1.0e-6,true
tie_three_ua10_energy_economic_highs,r8-energy-b6eed093-ea37-473e-98c3-e2715fc8ab23,validation/primary/normal_check/shared/rows/477,6-18:19,1.1102230246251565e-16,3.4e-6,true
tie_three_ua10_energy_economic_highs,r8-energy-b6eed093-ea37-473e-98c3-e2715fc8ab23,validation/primary/normal_check/shared/rows/478,6-20,0.0,3.4e-6,true
tie_three_ua10_energy_economic_highs,r8-energy-b6eed093-ea37-473e-98c3-e2715fc8ab23,validation/primary/normal_check/shared/rows/479,6-22,0.0,1.0e-6,true
tie_three_ua10_energy_economic_highs,r8-energy-b6eed093-ea37-473e-98c3-e2715fc8ab23,validation/primary/normal_check/shared/rows/480,6-18:19,0.0,3.4e-6,true
tie_three_ua10_energy_economic_highs,r8-energy-b6eed093-ea37-473e-98c3-e2715fc8ab23,validation/primary/normal_check/shared/rows/481,6-20,0.0,3.4e-6,true
tie_three_ua10_energy_economic_highs,r8-energy-b6eed093-ea37-473e-98c3-e2715fc8ab23,validation/primary/normal_check/shared/rows/482,6-22,0.0,1.0e-6,true
tie_three_ua10_energy_economic_highs,r8-energy-b6eed093-ea37-473e-98c3-e2715fc8ab23,validation/primary/normal_check/shared/rows/483,6-18:19,1.1102230246251565e-16,3.4e-6,true
tie_three_ua10_energy_economic_highs,r8-energy-b6eed093-ea37-473e-98c3-e2715fc8ab23,validation/primary/normal_check/shared/rows/484,6-20,0.0,3.4e-6,true
tie_three_ua10_energy_economic_highs,r8-energy-b6eed093-ea37-473e-98c3-e2715fc8ab23,validation/primary/normal_check/shared/rows/485,6-24:25,0.0,3.4e-6,true
tie_three_ua10_energy_economic_highs,r8-energy-b6eed093-ea37-473e-98c3-e2715fc8ab23,validation/primary/normal_check/shared/rows/486,6-24:25,0.0,3.4e-6,true
tie_three_ua10_energy_economic_highs,r8-energy-b6eed093-ea37-473e-98c3-e2715fc8ab23,validation/primary/normal_check/shared/rows/487,R7-D-voltage,6.938893903907228e-18,1.0e-6,true
tie_three_ua10_energy_economic_highs,r8-energy-b6eed093-ea37-473e-98c3-e2715fc8ab23,validation/primary/normal_check/shared/rows/488,6-24:25,0.0,3.4e-6,true
tie_three_ua10_energy_economic_highs,r8-energy-b6eed093-ea37-473e-98c3-e2715fc8ab23,validation/primary/normal_check/shared/rows/489,6-24:25,0.0,3.4e-6,true
tie_three_ua10_energy_economic_highs,r8-energy-b6eed093-ea37-473e-98c3-e2715fc8ab23,validation/primary/normal_check/shared/rows/490,R7-D-voltage,4.336808689942018e-18,1.0e-6,true
tie_three_ua10_energy_economic_highs,r8-energy-b6eed093-ea37-473e-98c3-e2715fc8ab23,validation/primary/normal_check/shared/rows/491,6-24:25,0.0,3.4e-6,true
tie_three_ua10_energy_economic_highs,r8-energy-b6eed093-ea37-473e-98c3-e2715fc8ab23,validation/primary/normal_check/shared/rows/492,6-24:25,0.0,3.4e-6,true
tie_three_ua10_energy_economic_highs,r8-energy-b6eed093-ea37-473e-98c3-e2715fc8ab23,validation/primary/normal_check/shared/rows/493,PCC-P,0.0,3.4e-6,true
tie_three_ua10_energy_economic_highs,r8-energy-b6eed093-ea37-473e-98c3-e2715fc8ab23,validation/primary/normal_check/shared/rows/494,PCC-Q,0.0,3.4e-6,true
tie_three_ua10_energy_economic_highs,r8-energy-b6eed093-ea37-473e-98c3-e2715fc8ab23,validation/primary/normal_check/shared/rows/495,6-22,0.0,1.0e-6,true
tie_three_ua10_energy_economic_highs,r8-energy-b6eed093-ea37-473e-98c3-e2715fc8ab23,validation/primary/normal_check/shared/rows/496,root-voltage,0.0,1.0e-6,true
tie_three_ua10_energy_economic_highs,r8-energy-b6eed093-ea37-473e-98c3-e2715fc8ab23,validation/primary/normal_check/shared/rows/497,6-18:19,1.1102230246251565e-16,3.4e-6,true
tie_three_ua10_energy_economic_highs,r8-energy-b6eed093-ea37-473e-98c3-e2715fc8ab23,validation/primary/normal_check/shared/rows/498,6-20,0.0,3.4e-6,true
tie_three_ua10_energy_economic_highs,r8-energy-b6eed093-ea37-473e-98c3-e2715fc8ab23,validation/primary/normal_check/shared/rows/499,6-22,0.0,1.0e-6,true
tie_three_ua10_energy_economic_highs,r8-energy-b6eed093-ea37-473e-98c3-e2715fc8ab23,validation/primary/normal_check/shared/rows/500,6-18:19,0.0,3.4e-6,true
tie_three_ua10_energy_economic_highs,r8-energy-b6eed093-ea37-473e-98c3-e2715fc8ab23,validation/primary/normal_check/shared/rows/501,6-20,0.0,3.4e-6,true
tie_three_ua10_energy_economic_highs,r8-energy-b6eed093-ea37-473e-98c3-e2715fc8ab23,validation/primary/normal_check/shared/rows/502,6-22,0.0,1.0e-6,true
tie_three_ua10_energy_economic_highs,r8-energy-b6eed093-ea37-473e-98c3-e2715fc8ab23,validation/primary/normal_check/shared/rows/503,6-18:19,1.1102230246251565e-16,3.4e-6,true
tie_three_ua10_energy_economic_highs,r8-energy-b6eed093-ea37-473e-98c3-e2715fc8ab23,validation/primary/normal_check/shared/rows/504,6-20,0.0,3.4e-6,true
tie_three_ua10_energy_economic_highs,r8-energy-b6eed093-ea37-473e-98c3-e2715fc8ab23,validation/primary/normal_check/shared/rows/505,6-24:25,0.0,3.4e-6,true
tie_three_ua10_energy_economic_highs,r8-energy-b6eed093-ea37-473e-98c3-e2715fc8ab23,validation/primary/normal_check/shared/rows/506,6-24:25,0.0,3.4e-6,true
tie_three_ua10_energy_economic_highs,r8-energy-b6eed093-ea37-473e-98c3-e2715fc8ab23,validation/primary/normal_check/shared/rows/507,R7-D-voltage,6.938893903907228e-18,1.0e-6,true
tie_three_ua10_energy_economic_highs,r8-energy-b6eed093-ea37-473e-98c3-e2715fc8ab23,validation/primary/normal_check/shared/rows/508,6-24:25,0.0,3.4e-6,true
tie_three_ua10_energy_economic_highs,r8-energy-b6eed093-ea37-473e-98c3-e2715fc8ab23,validation/primary/normal_check/shared/rows/509,6-24:25,0.0,3.4e-6,true
tie_three_ua10_energy_economic_highs,r8-energy-b6eed093-ea37-473e-98c3-e2715fc8ab23,validation/primary/normal_check/shared/rows/510,R7-D-voltage,4.336808689942018e-18,1.0e-6,true
tie_three_ua10_energy_economic_highs,r8-energy-b6eed093-ea37-473e-98c3-e2715fc8ab23,validation/primary/normal_check/shared/rows/511,6-24:25,0.0,3.4e-6,true
tie_three_ua10_energy_economic_highs,r8-energy-b6eed093-ea37-473e-98c3-e2715fc8ab23,validation/primary/normal_check/shared/rows/512,6-24:25,0.0,3.4e-6,true
tie_three_ua10_energy_economic_highs,r8-energy-b6eed093-ea37-473e-98c3-e2715fc8ab23,validation/primary/normal_check/shared/rows/513,PCC-P,0.0,3.4e-6,true
tie_three_ua10_energy_economic_highs,r8-energy-b6eed093-ea37-473e-98c3-e2715fc8ab23,validation/primary/normal_check/shared/rows/514,PCC-Q,0.0,3.4e-6,true
tie_three_ua10_energy_economic_highs,r8-energy-b6eed093-ea37-473e-98c3-e2715fc8ab23,validation/primary/normal_check/shared/rows/515,6-22,0.0,1.0e-6,true
tie_three_ua10_energy_economic_highs,r8-energy-b6eed093-ea37-473e-98c3-e2715fc8ab23,validation/primary/normal_check/shared/rows/516,root-voltage,0.0,1.0e-6,true
tie_three_ua10_energy_economic_highs,r8-energy-b6eed093-ea37-473e-98c3-e2715fc8ab23,validation/primary/normal_check/shared/rows/517,6-18:19,1.1102230246251565e-16,3.4e-6,true
tie_three_ua10_energy_economic_highs,r8-energy-b6eed093-ea37-473e-98c3-e2715fc8ab23,validation/primary/normal_check/shared/rows/518,6-20,0.0,3.4e-6,true
tie_three_ua10_energy_economic_highs,r8-energy-b6eed093-ea37-473e-98c3-e2715fc8ab23,validation/primary/normal_check/shared/rows/519,6-22,0.0,1.0e-6,true
tie_three_ua10_energy_economic_highs,r8-energy-b6eed093-ea37-473e-98c3-e2715fc8ab23,validation/primary/normal_check/shared/rows/520,6-18:19,0.0,3.4e-6,true
tie_three_ua10_energy_economic_highs,r8-energy-b6eed093-ea37-473e-98c3-e2715fc8ab23,validation/primary/normal_check/shared/rows/521,6-20,0.0,3.4e-6,true
tie_three_ua10_energy_economic_highs,r8-energy-b6eed093-ea37-473e-98c3-e2715fc8ab23,validation/primary/normal_check/shared/rows/522,6-22,0.0,1.0e-6,true
tie_three_ua10_energy_economic_highs,r8-energy-b6eed093-ea37-473e-98c3-e2715fc8ab23,validation/primary/normal_check/shared/rows/523,6-18:19,1.1102230246251565e-16,3.4e-6,true
tie_three_ua10_energy_economic_highs,r8-energy-b6eed093-ea37-473e-98c3-e2715fc8ab23,validation/primary/normal_check/shared/rows/524,6-20,0.0,3.4e-6,true
tie_three_ua10_energy_economic_highs,r8-energy-b6eed093-ea37-473e-98c3-e2715fc8ab23,validation/primary/normal_check/shared/rows/525,6-24:25,0.0,3.4e-6,true
tie_three_ua10_energy_economic_highs,r8-energy-b6eed093-ea37-473e-98c3-e2715fc8ab23,validation/primary/normal_check/shared/rows/526,6-24:25,0.0,3.4e-6,true
tie_three_ua10_energy_economic_highs,r8-energy-b6eed093-ea37-473e-98c3-e2715fc8ab23,validation/primary/normal_check/shared/rows/527,R7-D-voltage,6.938893903907228e-18,1.0e-6,true
tie_three_ua10_energy_economic_highs,r8-energy-b6eed093-ea37-473e-98c3-e2715fc8ab23,validation/primary/normal_check/shared/rows/528,6-24:25,0.0,3.4e-6,true
tie_three_ua10_energy_economic_highs,r8-energy-b6eed093-ea37-473e-98c3-e2715fc8ab23,validation/primary/normal_check/shared/rows/529,6-24:25,0.0,3.4e-6,true
tie_three_ua10_energy_economic_highs,r8-energy-b6eed093-ea37-473e-98c3-e2715fc8ab23,validation/primary/normal_check/shared/rows/530,R7-D-voltage,4.336808689942018e-18,1.0e-6,true
tie_three_ua10_energy_economic_highs,r8-energy-b6eed093-ea37-473e-98c3-e2715fc8ab23,validation/primary/normal_check/shared/rows/531,6-24:25,0.0,3.4e-6,true
tie_three_ua10_energy_economic_highs,r8-energy-b6eed093-ea37-473e-98c3-e2715fc8ab23,validation/primary/normal_check/shared/rows/532,6-24:25,0.0,3.4e-6,true
tie_three_ua10_energy_economic_highs,r8-energy-b6eed093-ea37-473e-98c3-e2715fc8ab23,validation/primary/normal_check/shared/rows/533,PCC-P,0.0,3.4e-6,true
tie_three_ua10_energy_economic_highs,r8-energy-b6eed093-ea37-473e-98c3-e2715fc8ab23,validation/primary/normal_check/shared/rows/534,PCC-Q,0.0,3.4e-6,true
tie_three_ua10_energy_economic_highs,r8-energy-b6eed093-ea37-473e-98c3-e2715fc8ab23,validation/primary/normal_check/shared/rows/535,6-22,0.0,1.0e-6,true
tie_three_ua10_energy_economic_highs,r8-energy-b6eed093-ea37-473e-98c3-e2715fc8ab23,validation/primary/normal_check/shared/rows/536,root-voltage,0.0,1.0e-6,true
tie_three_ua10_energy_economic_highs,r8-energy-b6eed093-ea37-473e-98c3-e2715fc8ab23,validation/primary/normal_check/shared/rows/537,6-18:19,1.1102230246251565e-16,3.4e-6,true
tie_three_ua10_energy_economic_highs,r8-energy-b6eed093-ea37-473e-98c3-e2715fc8ab23,validation/primary/normal_check/shared/rows/538,6-20,0.0,3.4e-6,true
tie_three_ua10_energy_economic_highs,r8-energy-b6eed093-ea37-473e-98c3-e2715fc8ab23,validation/primary/normal_check/shared/rows/539,6-22,0.0,1.0e-6,true
tie_three_ua10_energy_economic_highs,r8-energy-b6eed093-ea37-473e-98c3-e2715fc8ab23,validation/primary/normal_check/shared/rows/540,6-18:19,0.0,3.4e-6,true
tie_three_ua10_energy_economic_highs,r8-energy-b6eed093-ea37-473e-98c3-e2715fc8ab23,validation/primary/normal_check/shared/rows/541,6-20,0.0,3.4e-6,true
tie_three_ua10_energy_economic_highs,r8-energy-b6eed093-ea37-473e-98c3-e2715fc8ab23,validation/primary/normal_check/shared/rows/542,6-22,0.0,1.0e-6,true
tie_three_ua10_energy_economic_highs,r8-energy-b6eed093-ea37-473e-98c3-e2715fc8ab23,validation/primary/normal_check/shared/rows/543,6-18:19,1.1102230246251565e-16,3.4e-6,true
tie_three_ua10_energy_economic_highs,r8-energy-b6eed093-ea37-473e-98c3-e2715fc8ab23,validation/primary/normal_check/shared/rows/544,6-20,0.0,3.4e-6,true
tie_three_ua10_energy_economic_highs,r8-energy-b6eed093-ea37-473e-98c3-e2715fc8ab23,validation/primary/normal_check/shared/rows/545,6-24:25,0.0,3.4e-6,true
tie_three_ua10_energy_economic_highs,r8-energy-b6eed093-ea37-473e-98c3-e2715fc8ab23,validation/primary/normal_check/shared/rows/546,6-24:25,0.0,3.4e-6,true
tie_three_ua10_energy_economic_highs,r8-energy-b6eed093-ea37-473e-98c3-e2715fc8ab23,validation/primary/normal_check/shared/rows/547,R7-D-voltage,6.938893903907228e-18,1.0e-6,true
tie_three_ua10_energy_economic_highs,r8-energy-b6eed093-ea37-473e-98c3-e2715fc8ab23,validation/primary/normal_check/shared/rows/548,6-24:25,0.0,3.4e-6,true
tie_three_ua10_energy_economic_highs,r8-energy-b6eed093-ea37-473e-98c3-e2715fc8ab23,validation/primary/normal_check/shared/rows/549,6-24:25,0.0,3.4e-6,true
tie_three_ua10_energy_economic_highs,r8-energy-b6eed093-ea37-473e-98c3-e2715fc8ab23,validation/primary/normal_check/shared/rows/550,R7-D-voltage,4.336808689942018e-18,1.0e-6,true
tie_three_ua10_energy_economic_highs,r8-energy-b6eed093-ea37-473e-98c3-e2715fc8ab23,validation/primary/normal_check/shared/rows/551,6-24:25,0.0,3.4e-6,true
tie_three_ua10_energy_economic_highs,r8-energy-b6eed093-ea37-473e-98c3-e2715fc8ab23,validation/primary/normal_check/shared/rows/552,6-24:25,0.0,3.4e-6,true
tie_three_ua10_energy_economic_highs,r8-energy-b6eed093-ea37-473e-98c3-e2715fc8ab23,validation/primary/normal_check/shared/rows/553,6-1,2.842170943040401e-14,0.00019174735238095239,true
tie_three_ua10_energy_economic_highs,r8-energy-b6eed093-ea37-473e-98c3-e2715fc8ab23,validation/primary/rows/1,R8-E3-objective,0.0,0.00019174735238095239,true
tie_three_ua10_energy_economic_gurobi,r8-energy-bfff1dbe-659a-4bb0-920f-ea40ebebf7d7,validation/evaluation/normal_check/rows/1,R8-E2-capacity,0.0,3.4e-6,true
tie_three_ua10_energy_economic_gurobi,r8-energy-bfff1dbe-659a-4bb0-920f-ea40ebebf7d7,validation/evaluation/normal_check/rows/2,R8-E2-capacity,0.0,3.4e-6,true
tie_three_ua10_energy_economic_gurobi,r8-energy-bfff1dbe-659a-4bb0-920f-ea40ebebf7d7,validation/evaluation/normal_check/rows/3,R8-E2-capacity,0.0,3.4e-6,true
tie_three_ua10_energy_economic_gurobi,r8-energy-bfff1dbe-659a-4bb0-920f-ea40ebebf7d7,validation/evaluation/normal_check/rows/4,R8-E2-capacity,0.0,3.4e-6,true
tie_three_ua10_energy_economic_gurobi,r8-energy-bfff1dbe-659a-4bb0-920f-ea40ebebf7d7,validation/evaluation/normal_check/rows/5,R8-E2-capacity,0.0,3.4e-6,true
tie_three_ua10_energy_economic_gurobi,r8-energy-bfff1dbe-659a-4bb0-920f-ea40ebebf7d7,validation/evaluation/normal_check/rows/6,R8-E2-capacity,0.0,3.4e-6,true
tie_three_ua10_energy_economic_gurobi,r8-energy-bfff1dbe-659a-4bb0-920f-ea40ebebf7d7,validation/evaluation/normal_check/rows/7,R8-E2-capacity,0.0,3.4e-6,true
tie_three_ua10_energy_economic_gurobi,r8-energy-bfff1dbe-659a-4bb0-920f-ea40ebebf7d7,validation/evaluation/normal_check/rows/8,R8-E2-capacity,0.0,3.4e-6,true
tie_three_ua10_energy_economic_gurobi,r8-energy-bfff1dbe-659a-4bb0-920f-ea40ebebf7d7,validation/evaluation/normal_check/rows/9,R8-E1-balance,0.0,3.4e-6,true
tie_three_ua10_energy_economic_gurobi,r8-energy-bfff1dbe-659a-4bb0-920f-ea40ebebf7d7,validation/evaluation/normal_check/rows/10,R8-E1-balance,0.0,3.4e-6,true
tie_three_ua10_energy_economic_gurobi,r8-energy-bfff1dbe-659a-4bb0-920f-ea40ebebf7d7,validation/evaluation/normal_check/rows/11,R8-E1-balance,0.0,3.4e-6,true
tie_three_ua10_energy_economic_gurobi,r8-energy-bfff1dbe-659a-4bb0-920f-ea40ebebf7d7,validation/evaluation/normal_check/rows/12,R8-E1-balance,0.0,3.4e-6,true
tie_three_ua10_energy_economic_gurobi,r8-energy-bfff1dbe-659a-4bb0-920f-ea40ebebf7d7,validation/evaluation/normal_check/rows/13,R8-E1-balance,0.0,3.4e-6,true
tie_three_ua10_energy_economic_gurobi,r8-energy-bfff1dbe-659a-4bb0-920f-ea40ebebf7d7,validation/evaluation/normal_check/rows/14,R8-E1-balance,0.0,3.4e-6,true
tie_three_ua10_energy_economic_gurobi,r8-energy-bfff1dbe-659a-4bb0-920f-ea40ebebf7d7,validation/evaluation/normal_check/rows/15,R8-E1-balance,0.0,3.4e-6,true
tie_three_ua10_energy_economic_gurobi,r8-energy-bfff1dbe-659a-4bb0-920f-ea40ebebf7d7,validation/evaluation/normal_check/rows/16,R8-E1-balance,0.0,3.4e-6,true
tie_three_ua10_energy_economic_gurobi,r8-energy-bfff1dbe-659a-4bb0-920f-ea40ebebf7d7,validation/evaluation/normal_check/rows/17,R8-E1-balance,0.0,3.4e-6,true
tie_three_ua10_energy_economic_gurobi,r8-energy-bfff1dbe-659a-4bb0-920f-ea40ebebf7d7,validation/evaluation/normal_check/rows/18,R8-E1-balance,0.0,3.4e-6,true
tie_three_ua10_energy_economic_gurobi,r8-energy-bfff1dbe-659a-4bb0-920f-ea40ebebf7d7,validation/evaluation/normal_check/rows/19,R8-E1-balance,0.0,3.4e-6,true
tie_three_ua10_energy_economic_gurobi,r8-energy-bfff1dbe-659a-4bb0-920f-ea40ebebf7d7,validation/evaluation/normal_check/rows/20,R8-E1-balance,0.0,3.4e-6,true
tie_three_ua10_energy_economic_gurobi,r8-energy-bfff1dbe-659a-4bb0-920f-ea40ebebf7d7,validation/evaluation/normal_check/rows/21,R8-E1-balance,0.0,3.4e-6,true
tie_three_ua10_energy_economic_gurobi,r8-energy-bfff1dbe-659a-4bb0-920f-ea40ebebf7d7,validation/evaluation/normal_check/rows/22,R8-E1-balance,0.0,3.4e-6,true
tie_three_ua10_energy_economic_gurobi,r8-energy-bfff1dbe-659a-4bb0-920f-ea40ebebf7d7,validation/evaluation/normal_check/rows/23,R8-E1-balance,0.0,3.4e-6,true
tie_three_ua10_energy_economic_gurobi,r8-energy-bfff1dbe-659a-4bb0-920f-ea40ebebf7d7,validation/evaluation/normal_check/rows/24,R8-E1-balance,0.0,3.4e-6,true
tie_three_ua10_energy_economic_gurobi,r8-energy-bfff1dbe-659a-4bb0-920f-ea40ebebf7d7,validation/evaluation/normal_check/shared/rows/1,R7-B1-bounds,0.0,1.0e-6,true
tie_three_ua10_energy_economic_gurobi,r8-energy-bfff1dbe-659a-4bb0-920f-ea40ebebf7d7,validation/evaluation/normal_check/shared/rows/2,R7-B1-integer,0.0,1.0e-6,true
tie_three_ua10_energy_economic_gurobi,r8-energy-bfff1dbe-659a-4bb0-920f-ea40ebebf7d7,validation/evaluation/normal_check/shared/rows/3,R7-B1-inactive,0.0,1.0e-6,true
tie_three_ua10_energy_economic_gurobi,r8-energy-bfff1dbe-659a-4bb0-920f-ea40ebebf7d7,validation/evaluation/normal_check/shared/rows/4,R7-B1-bounds,0.0,1.0e-6,true
tie_three_ua10_energy_economic_gurobi,r8-energy-bfff1dbe-659a-4bb0-920f-ea40ebebf7d7,validation/evaluation/normal_check/shared/rows/5,R7-B1-integer,0.0,1.0e-6,true
tie_three_ua10_energy_economic_gurobi,r8-energy-bfff1dbe-659a-4bb0-920f-ea40ebebf7d7,validation/evaluation/normal_check/shared/rows/6,R7-B1-inactive,0.0,1.0e-6,true
tie_three_ua10_energy_economic_gurobi,r8-energy-bfff1dbe-659a-4bb0-920f-ea40ebebf7d7,validation/evaluation/normal_check/shared/rows/7,R7-B1-bounds,0.0,1.0e-6,true
tie_three_ua10_energy_economic_gurobi,r8-energy-bfff1dbe-659a-4bb0-920f-ea40ebebf7d7,validation/evaluation/normal_check/shared/rows/8,R7-B1-integer,0.0,1.0e-6,true
tie_three_ua10_energy_economic_gurobi,r8-energy-bfff1dbe-659a-4bb0-920f-ea40ebebf7d7,validation/evaluation/normal_check/shared/rows/9,R7-B1-inactive,0.0,1.0e-6,true
tie_three_ua10_energy_economic_gurobi,r8-energy-bfff1dbe-659a-4bb0-920f-ea40ebebf7d7,validation/evaluation/normal_check/shared/rows/10,R7-B1-bounds,0.0,1.0e-6,true
tie_three_ua10_energy_economic_gurobi,r8-energy-bfff1dbe-659a-4bb0-920f-ea40ebebf7d7,validation/evaluation/normal_check/shared/rows/11,R7-B1-integer,0.0,1.0e-6,true
tie_three_ua10_energy_economic_gurobi,r8-energy-bfff1dbe-659a-4bb0-920f-ea40ebebf7d7,validation/evaluation/normal_check/shared/rows/12,R7-B1-inactive,0.0,1.0e-6,true
tie_three_ua10_energy_economic_gurobi,r8-energy-bfff1dbe-659a-4bb0-920f-ea40ebebf7d7,validation/evaluation/normal_check/shared/rows/13,R7-B1-bounds,0.0,1.0e-6,true
tie_three_ua10_energy_economic_gurobi,r8-energy-bfff1dbe-659a-4bb0-920f-ea40ebebf7d7,validation/evaluation/normal_check/shared/rows/14,R7-B1-integer,0.0,1.0e-6,true
tie_three_ua10_energy_economic_gurobi,r8-energy-bfff1dbe-659a-4bb0-920f-ea40ebebf7d7,validation/evaluation/normal_check/shared/rows/15,R7-B1-inactive,0.0,1.0e-6,true
tie_three_ua10_energy_economic_gurobi,r8-energy-bfff1dbe-659a-4bb0-920f-ea40ebebf7d7,validation/evaluation/normal_check/shared/rows/16,R7-B1-bounds,0.0,1.0e-6,true
tie_three_ua10_energy_economic_gurobi,r8-energy-bfff1dbe-659a-4bb0-920f-ea40ebebf7d7,validation/evaluation/normal_check/shared/rows/17,R7-B1-integer,0.0,1.0e-6,true
tie_three_ua10_energy_economic_gurobi,r8-energy-bfff1dbe-659a-4bb0-920f-ea40ebebf7d7,validation/evaluation/normal_check/shared/rows/18,R7-B1-inactive,0.0,1.0e-6,true
tie_three_ua10_energy_economic_gurobi,r8-energy-bfff1dbe-659a-4bb0-920f-ea40ebebf7d7,validation/evaluation/normal_check/shared/rows/19,R7-B1-bounds,0.0,1.0e-6,true
tie_three_ua10_energy_economic_gurobi,r8-energy-bfff1dbe-659a-4bb0-920f-ea40ebebf7d7,validation/evaluation/normal_check/shared/rows/20,R7-B1-integer,0.0,1.0e-6,true
tie_three_ua10_energy_economic_gurobi,r8-energy-bfff1dbe-659a-4bb0-920f-ea40ebebf7d7,validation/evaluation/normal_check/shared/rows/21,R7-B1-inactive,0.0,1.0e-6,true
tie_three_ua10_energy_economic_gurobi,r8-energy-bfff1dbe-659a-4bb0-920f-ea40ebebf7d7,validation/evaluation/normal_check/shared/rows/22,R7-B1-bounds,0.0,1.0e-6,true
tie_three_ua10_energy_economic_gurobi,r8-energy-bfff1dbe-659a-4bb0-920f-ea40ebebf7d7,validation/evaluation/normal_check/shared/rows/23,R7-B1-integer,0.0,1.0e-6,true
tie_three_ua10_energy_economic_gurobi,r8-energy-bfff1dbe-659a-4bb0-920f-ea40ebebf7d7,validation/evaluation/normal_check/shared/rows/24,R7-B1-inactive,0.0,1.0e-6,true
tie_three_ua10_energy_economic_gurobi,r8-energy-bfff1dbe-659a-4bb0-920f-ea40ebebf7d7,validation/evaluation/normal_check/shared/rows/25,R7-B1-bounds,0.0,1.0e-6,true
tie_three_ua10_energy_economic_gurobi,r8-energy-bfff1dbe-659a-4bb0-920f-ea40ebebf7d7,validation/evaluation/normal_check/shared/rows/26,R7-B1-integer,0.0,1.0e-6,true
tie_three_ua10_energy_economic_gurobi,r8-energy-bfff1dbe-659a-4bb0-920f-ea40ebebf7d7,validation/evaluation/normal_check/shared/rows/27,R7-B1-charge,0.0,3.4e-6,true
tie_three_ua10_energy_economic_gurobi,r8-energy-bfff1dbe-659a-4bb0-920f-ea40ebebf7d7,validation/evaluation/normal_check/shared/rows/28,R7-B1-discharge,0.0,3.4e-6,true
tie_three_ua10_energy_economic_gurobi,r8-energy-bfff1dbe-659a-4bb0-920f-ea40ebebf7d7,validation/evaluation/normal_check/shared/rows/29,R7-B1-nonsimultaneous,0.0,3.4e-6,true
tie_three_ua10_energy_economic_gurobi,r8-energy-bfff1dbe-659a-4bb0-920f-ea40ebebf7d7,validation/evaluation/normal_check/shared/rows/30,R7-B1-bounds,0.0,1.0e-6,true
tie_three_ua10_energy_economic_gurobi,r8-energy-bfff1dbe-659a-4bb0-920f-ea40ebebf7d7,validation/evaluation/normal_check/shared/rows/31,R7-B1-integer,0.0,1.0e-6,true
tie_three_ua10_energy_economic_gurobi,r8-energy-bfff1dbe-659a-4bb0-920f-ea40ebebf7d7,validation/evaluation/normal_check/shared/rows/32,R7-B1-charge,0.0,3.4e-6,true
tie_three_ua10_energy_economic_gurobi,r8-energy-bfff1dbe-659a-4bb0-920f-ea40ebebf7d7,validation/evaluation/normal_check/shared/rows/33,R7-B1-discharge,0.0,3.4e-6,true
tie_three_ua10_energy_economic_gurobi,r8-energy-bfff1dbe-659a-4bb0-920f-ea40ebebf7d7,validation/evaluation/normal_check/shared/rows/34,R7-B1-nonsimultaneous,0.0,3.4e-6,true
tie_three_ua10_energy_economic_gurobi,r8-energy-bfff1dbe-659a-4bb0-920f-ea40ebebf7d7,validation/evaluation/normal_check/shared/rows/35,R7-B1-bounds,0.0,1.0e-6,true
tie_three_ua10_energy_economic_gurobi,r8-energy-bfff1dbe-659a-4bb0-920f-ea40ebebf7d7,validation/evaluation/normal_check/shared/rows/36,R7-B1-integer,0.0,1.0e-6,true
tie_three_ua10_energy_economic_gurobi,r8-energy-bfff1dbe-659a-4bb0-920f-ea40ebebf7d7,validation/evaluation/normal_check/shared/rows/37,R7-B1-charge,0.0,3.4e-6,true
tie_three_ua10_energy_economic_gurobi,r8-energy-bfff1dbe-659a-4bb0-920f-ea40ebebf7d7,validation/evaluation/normal_check/shared/rows/38,R7-B1-discharge,0.0,3.4e-6,true
tie_three_ua10_energy_economic_gurobi,r8-energy-bfff1dbe-659a-4bb0-920f-ea40ebebf7d7,validation/evaluation/normal_check/shared/rows/39,R7-B1-nonsimultaneous,0.0,3.4e-6,true
tie_three_ua10_energy_economic_gurobi,r8-energy-bfff1dbe-659a-4bb0-920f-ea40ebebf7d7,validation/evaluation/normal_check/shared/rows/40,R7-B1-bounds,0.0,1.0e-6,true
tie_three_ua10_energy_economic_gurobi,r8-energy-bfff1dbe-659a-4bb0-920f-ea40ebebf7d7,validation/evaluation/normal_check/shared/rows/41,R7-B1-integer,0.0,1.0e-6,true
tie_three_ua10_energy_economic_gurobi,r8-energy-bfff1dbe-659a-4bb0-920f-ea40ebebf7d7,validation/evaluation/normal_check/shared/rows/42,R7-B1-charge,0.0,3.4e-6,true
tie_three_ua10_energy_economic_gurobi,r8-energy-bfff1dbe-659a-4bb0-920f-ea40ebebf7d7,validation/evaluation/normal_check/shared/rows/43,R7-B1-discharge,0.0,3.4e-6,true
tie_three_ua10_energy_economic_gurobi,r8-energy-bfff1dbe-659a-4bb0-920f-ea40ebebf7d7,validation/evaluation/normal_check/shared/rows/44,R7-B1-nonsimultaneous,0.0,3.4e-6,true
tie_three_ua10_energy_economic_gurobi,r8-energy-bfff1dbe-659a-4bb0-920f-ea40ebebf7d7,validation/evaluation/normal_check/shared/rows/45,R7-B1-bounds,0.0,1.0e-6,true
tie_three_ua10_energy_economic_gurobi,r8-energy-bfff1dbe-659a-4bb0-920f-ea40ebebf7d7,validation/evaluation/normal_check/shared/rows/46,R7-B1-integer,0.0,1.0e-6,true
tie_three_ua10_energy_economic_gurobi,r8-energy-bfff1dbe-659a-4bb0-920f-ea40ebebf7d7,validation/evaluation/normal_check/shared/rows/47,R7-B1-charge,0.0,3.4e-6,true
tie_three_ua10_energy_economic_gurobi,r8-energy-bfff1dbe-659a-4bb0-920f-ea40ebebf7d7,validation/evaluation/normal_check/shared/rows/48,R7-B1-discharge,0.0,3.4e-6,true
tie_three_ua10_energy_economic_gurobi,r8-energy-bfff1dbe-659a-4bb0-920f-ea40ebebf7d7,validation/evaluation/normal_check/shared/rows/49,R7-B1-nonsimultaneous,0.0,3.4e-6,true
tie_three_ua10_energy_economic_gurobi,r8-energy-bfff1dbe-659a-4bb0-920f-ea40ebebf7d7,validation/evaluation/normal_check/shared/rows/50,R7-B1-bounds,0.0,1.0e-6,true
tie_three_ua10_energy_economic_gurobi,r8-energy-bfff1dbe-659a-4bb0-920f-ea40ebebf7d7,validation/evaluation/normal_check/shared/rows/51,R7-B1-integer,0.0,1.0e-6,true
tie_three_ua10_energy_economic_gurobi,r8-energy-bfff1dbe-659a-4bb0-920f-ea40ebebf7d7,validation/evaluation/normal_check/shared/rows/52,R7-B1-charge,0.0,3.4e-6,true
tie_three_ua10_energy_economic_gurobi,r8-energy-bfff1dbe-659a-4bb0-920f-ea40ebebf7d7,validation/evaluation/normal_check/shared/rows/53,R7-B1-discharge,0.0,3.4e-6,true
tie_three_ua10_energy_economic_gurobi,r8-energy-bfff1dbe-659a-4bb0-920f-ea40ebebf7d7,validation/evaluation/normal_check/shared/rows/54,R7-B1-nonsimultaneous,0.0,3.4e-6,true
tie_three_ua10_energy_economic_gurobi,r8-energy-bfff1dbe-659a-4bb0-920f-ea40ebebf7d7,validation/evaluation/normal_check/shared/rows/55,R7-B1-bounds,0.0,1.0e-6,true
tie_three_ua10_energy_economic_gurobi,r8-energy-bfff1dbe-659a-4bb0-920f-ea40ebebf7d7,validation/evaluation/normal_check/shared/rows/56,R7-B1-integer,0.0,1.0e-6,true
tie_three_ua10_energy_economic_gurobi,r8-energy-bfff1dbe-659a-4bb0-920f-ea40ebebf7d7,validation/evaluation/normal_check/shared/rows/57,R7-B1-charge,0.0,3.4e-6,true
tie_three_ua10_energy_economic_gurobi,r8-energy-bfff1dbe-659a-4bb0-920f-ea40ebebf7d7,validation/evaluation/normal_check/shared/rows/58,R7-B1-discharge,0.0,3.4e-6,true
tie_three_ua10_energy_economic_gurobi,r8-energy-bfff1dbe-659a-4bb0-920f-ea40ebebf7d7,validation/evaluation/normal_check/shared/rows/59,R7-B1-nonsimultaneous,0.0,3.4e-6,true
tie_three_ua10_energy_economic_gurobi,r8-energy-bfff1dbe-659a-4bb0-920f-ea40ebebf7d7,validation/evaluation/normal_check/shared/rows/60,R7-B1-bounds,0.0,1.0e-6,true
tie_three_ua10_energy_economic_gurobi,r8-energy-bfff1dbe-659a-4bb0-920f-ea40ebebf7d7,validation/evaluation/normal_check/shared/rows/61,R7-B1-integer,0.0,1.0e-6,true
tie_three_ua10_energy_economic_gurobi,r8-energy-bfff1dbe-659a-4bb0-920f-ea40ebebf7d7,validation/evaluation/normal_check/shared/rows/62,R7-B1-charge,0.0,3.4e-6,true
tie_three_ua10_energy_economic_gurobi,r8-energy-bfff1dbe-659a-4bb0-920f-ea40ebebf7d7,validation/evaluation/normal_check/shared/rows/63,R7-B1-discharge,0.0,3.4e-6,true
tie_three_ua10_energy_economic_gurobi,r8-energy-bfff1dbe-659a-4bb0-920f-ea40ebebf7d7,validation/evaluation/normal_check/shared/rows/64,R7-B1-nonsimultaneous,0.0,3.4e-6,true
tie_three_ua10_energy_economic_gurobi,r8-energy-bfff1dbe-659a-4bb0-920f-ea40ebebf7d7,validation/evaluation/normal_check/shared/rows/65,R7-B1-bounds,0.0,1.0e-6,true
tie_three_ua10_energy_economic_gurobi,r8-energy-bfff1dbe-659a-4bb0-920f-ea40ebebf7d7,validation/evaluation/normal_check/shared/rows/66,R7-B1-integer,0.0,1.0e-6,true
tie_three_ua10_energy_economic_gurobi,r8-energy-bfff1dbe-659a-4bb0-920f-ea40ebebf7d7,validation/evaluation/normal_check/shared/rows/67,R7-B1-inactive,0.0,1.0e-6,true
tie_three_ua10_energy_economic_gurobi,r8-energy-bfff1dbe-659a-4bb0-920f-ea40ebebf7d7,validation/evaluation/normal_check/shared/rows/68,R7-B1-bounds,0.0,1.0e-6,true
tie_three_ua10_energy_economic_gurobi,r8-energy-bfff1dbe-659a-4bb0-920f-ea40ebebf7d7,validation/evaluation/normal_check/shared/rows/69,R7-B1-integer,0.0,1.0e-6,true
tie_three_ua10_energy_economic_gurobi,r8-energy-bfff1dbe-659a-4bb0-920f-ea40ebebf7d7,validation/evaluation/normal_check/shared/rows/70,R7-B1-inactive,0.0,1.0e-6,true
tie_three_ua10_energy_economic_gurobi,r8-energy-bfff1dbe-659a-4bb0-920f-ea40ebebf7d7,validation/evaluation/normal_check/shared/rows/71,R7-B1-bounds,0.0,1.0e-6,true
tie_three_ua10_energy_economic_gurobi,r8-energy-bfff1dbe-659a-4bb0-920f-ea40ebebf7d7,validation/evaluation/normal_check/shared/rows/72,R7-B1-integer,0.0,1.0e-6,true
tie_three_ua10_energy_economic_gurobi,r8-energy-bfff1dbe-659a-4bb0-920f-ea40ebebf7d7,validation/evaluation/normal_check/shared/rows/73,R7-B1-inactive,0.0,1.0e-6,true
tie_three_ua10_energy_economic_gurobi,r8-energy-bfff1dbe-659a-4bb0-920f-ea40ebebf7d7,validation/evaluation/normal_check/shared/rows/74,R7-B1-bounds,0.0,1.0e-6,true
tie_three_ua10_energy_economic_gurobi,r8-energy-bfff1dbe-659a-4bb0-920f-ea40ebebf7d7,validation/evaluation/normal_check/shared/rows/75,R7-B1-integer,0.0,1.0e-6,true
tie_three_ua10_energy_economic_gurobi,r8-energy-bfff1dbe-659a-4bb0-920f-ea40ebebf7d7,validation/evaluation/normal_check/shared/rows/76,R7-B1-inactive,0.0,1.0e-6,true
tie_three_ua10_energy_economic_gurobi,r8-energy-bfff1dbe-659a-4bb0-920f-ea40ebebf7d7,validation/evaluation/normal_check/shared/rows/77,R7-B1-bounds,0.0,1.0e-6,true
tie_three_ua10_energy_economic_gurobi,r8-energy-bfff1dbe-659a-4bb0-920f-ea40ebebf7d7,validation/evaluation/normal_check/shared/rows/78,R7-B1-integer,0.0,1.0e-6,true
tie_three_ua10_energy_economic_gurobi,r8-energy-bfff1dbe-659a-4bb0-920f-ea40ebebf7d7,validation/evaluation/normal_check/shared/rows/79,R7-B1-inactive,0.0,1.0e-6,true
tie_three_ua10_energy_economic_gurobi,r8-energy-bfff1dbe-659a-4bb0-920f-ea40ebebf7d7,validation/evaluation/normal_check/shared/rows/80,R7-B1-bounds,0.0,1.0e-6,true
tie_three_ua10_energy_economic_gurobi,r8-energy-bfff1dbe-659a-4bb0-920f-ea40ebebf7d7,validation/evaluation/normal_check/shared/rows/81,R7-B1-integer,0.0,1.0e-6,true
tie_three_ua10_energy_economic_gurobi,r8-energy-bfff1dbe-659a-4bb0-920f-ea40ebebf7d7,validation/evaluation/normal_check/shared/rows/82,R7-B1-inactive,0.0,1.0e-6,true
tie_three_ua10_energy_economic_gurobi,r8-energy-bfff1dbe-659a-4bb0-920f-ea40ebebf7d7,validation/evaluation/normal_check/shared/rows/83,R7-B1-bounds,0.0,1.0e-6,true
tie_three_ua10_energy_economic_gurobi,r8-energy-bfff1dbe-659a-4bb0-920f-ea40ebebf7d7,validation/evaluation/normal_check/shared/rows/84,R7-B1-integer,0.0,1.0e-6,true
tie_three_ua10_energy_economic_gurobi,r8-energy-bfff1dbe-659a-4bb0-920f-ea40ebebf7d7,validation/evaluation/normal_check/shared/rows/85,R7-B1-inactive,0.0,1.0e-6,true
tie_three_ua10_energy_economic_gurobi,r8-energy-bfff1dbe-659a-4bb0-920f-ea40ebebf7d7,validation/evaluation/normal_check/shared/rows/86,R7-B1-bounds,0.0,1.0e-6,true
tie_three_ua10_energy_economic_gurobi,r8-energy-bfff1dbe-659a-4bb0-920f-ea40ebebf7d7,validation/evaluation/normal_check/shared/rows/87,R7-B1-integer,0.0,1.0e-6,true
tie_three_ua10_energy_economic_gurobi,r8-energy-bfff1dbe-659a-4bb0-920f-ea40ebebf7d7,validation/evaluation/normal_check/shared/rows/88,R7-B1-inactive,0.0,1.0e-6,true
tie_three_ua10_energy_economic_gurobi,r8-energy-bfff1dbe-659a-4bb0-920f-ea40ebebf7d7,validation/evaluation/normal_check/shared/rows/89,R7-B1-bounds,0.0,1.0e-6,true
tie_three_ua10_energy_economic_gurobi,r8-energy-bfff1dbe-659a-4bb0-920f-ea40ebebf7d7,validation/evaluation/normal_check/shared/rows/90,R7-B1-integer,0.0,1.0e-6,true
tie_three_ua10_energy_economic_gurobi,r8-energy-bfff1dbe-659a-4bb0-920f-ea40ebebf7d7,validation/evaluation/normal_check/shared/rows/91,R7-B1-inactive,0.0,1.0e-6,true
tie_three_ua10_energy_economic_gurobi,r8-energy-bfff1dbe-659a-4bb0-920f-ea40ebebf7d7,validation/evaluation/normal_check/shared/rows/92,R7-B1-bounds,0.0,1.0e-6,true
tie_three_ua10_energy_economic_gurobi,r8-energy-bfff1dbe-659a-4bb0-920f-ea40ebebf7d7,validation/evaluation/normal_check/shared/rows/93,R7-B1-integer,0.0,1.0e-6,true
tie_three_ua10_energy_economic_gurobi,r8-energy-bfff1dbe-659a-4bb0-920f-ea40ebebf7d7,validation/evaluation/normal_check/shared/rows/94,R7-B1-inactive,0.0,1.0e-6,true
tie_three_ua10_energy_economic_gurobi,r8-energy-bfff1dbe-659a-4bb0-920f-ea40ebebf7d7,validation/evaluation/normal_check/shared/rows/95,R7-B1-bounds,0.0,1.0e-6,true
tie_three_ua10_energy_economic_gurobi,r8-energy-bfff1dbe-659a-4bb0-920f-ea40ebebf7d7,validation/evaluation/normal_check/shared/rows/96,R7-B1-integer,0.0,1.0e-6,true
tie_three_ua10_energy_economic_gurobi,r8-energy-bfff1dbe-659a-4bb0-920f-ea40ebebf7d7,validation/evaluation/normal_check/shared/rows/97,R7-B1-inactive,0.0,1.0e-6,true
tie_three_ua10_energy_economic_gurobi,r8-energy-bfff1dbe-659a-4bb0-920f-ea40ebebf7d7,validation/evaluation/normal_check/shared/rows/98,R7-B1-bounds,0.0,1.0e-6,true
tie_three_ua10_energy_economic_gurobi,r8-energy-bfff1dbe-659a-4bb0-920f-ea40ebebf7d7,validation/evaluation/normal_check/shared/rows/99,R7-B1-integer,0.0,1.0e-6,true
tie_three_ua10_energy_economic_gurobi,r8-energy-bfff1dbe-659a-4bb0-920f-ea40ebebf7d7,validation/evaluation/normal_check/shared/rows/100,R7-B1-inactive,0.0,1.0e-6,true
tie_three_ua10_energy_economic_gurobi,r8-energy-bfff1dbe-659a-4bb0-920f-ea40ebebf7d7,validation/evaluation/normal_check/shared/rows/101,R7-B1-bounds,0.0,1.0e-6,true
tie_three_ua10_energy_economic_gurobi,r8-energy-bfff1dbe-659a-4bb0-920f-ea40ebebf7d7,validation/evaluation/normal_check/shared/rows/102,R7-B1-integer,0.0,1.0e-6,true
tie_three_ua10_energy_economic_gurobi,r8-energy-bfff1dbe-659a-4bb0-920f-ea40ebebf7d7,validation/evaluation/normal_check/shared/rows/103,R7-B1-inactive,0.0,1.0e-6,true
tie_three_ua10_energy_economic_gurobi,r8-energy-bfff1dbe-659a-4bb0-920f-ea40ebebf7d7,validation/evaluation/normal_check/shared/rows/104,R7-B1-bounds,0.0,1.0e-6,true
tie_three_ua10_energy_economic_gurobi,r8-energy-bfff1dbe-659a-4bb0-920f-ea40ebebf7d7,validation/evaluation/normal_check/shared/rows/105,R7-B1-integer,0.0,1.0e-6,true
tie_three_ua10_energy_economic_gurobi,r8-energy-bfff1dbe-659a-4bb0-920f-ea40ebebf7d7,validation/evaluation/normal_check/shared/rows/106,R7-B1-inactive,0.0,1.0e-6,true
tie_three_ua10_energy_economic_gurobi,r8-energy-bfff1dbe-659a-4bb0-920f-ea40ebebf7d7,validation/evaluation/normal_check/shared/rows/107,R7-B1-bounds,0.0,1.0e-6,true
tie_three_ua10_energy_economic_gurobi,r8-energy-bfff1dbe-659a-4bb0-920f-ea40ebebf7d7,validation/evaluation/normal_check/shared/rows/108,R7-B1-integer,0.0,1.0e-6,true
tie_three_ua10_energy_economic_gurobi,r8-energy-bfff1dbe-659a-4bb0-920f-ea40ebebf7d7,validation/evaluation/normal_check/shared/rows/109,R7-B1-inactive,0.0,1.0e-6,true
tie_three_ua10_energy_economic_gurobi,r8-energy-bfff1dbe-659a-4bb0-920f-ea40ebebf7d7,validation/evaluation/normal_check/shared/rows/110,R7-B1-bounds,0.0,1.0e-6,true
tie_three_ua10_energy_economic_gurobi,r8-energy-bfff1dbe-659a-4bb0-920f-ea40ebebf7d7,validation/evaluation/normal_check/shared/rows/111,R7-B1-integer,0.0,1.0e-6,true
tie_three_ua10_energy_economic_gurobi,r8-energy-bfff1dbe-659a-4bb0-920f-ea40ebebf7d7,validation/evaluation/normal_check/shared/rows/112,R7-B1-inactive,0.0,1.0e-6,true
tie_three_ua10_energy_economic_gurobi,r8-energy-bfff1dbe-659a-4bb0-920f-ea40ebebf7d7,validation/evaluation/normal_check/shared/rows/113,R7-N1,0.0,1.0e-6,true
tie_three_ua10_energy_economic_gurobi,r8-energy-bfff1dbe-659a-4bb0-920f-ea40ebebf7d7,validation/evaluation/normal_check/shared/rows/114,R7-N1,0.0,1.0e-6,true
tie_three_ua10_energy_economic_gurobi,r8-energy-bfff1dbe-659a-4bb0-920f-ea40ebebf7d7,validation/evaluation/normal_check/shared/rows/115,R7-N1,0.0,1.0e-6,true
tie_three_ua10_energy_economic_gurobi,r8-energy-bfff1dbe-659a-4bb0-920f-ea40ebebf7d7,validation/evaluation/normal_check/shared/rows/116,R7-N1,0.0,1.0e-6,true
tie_three_ua10_energy_economic_gurobi,r8-energy-bfff1dbe-659a-4bb0-920f-ea40ebebf7d7,validation/evaluation/normal_check/shared/rows/117,R7-N1,0.0,1.0e-6,true
tie_three_ua10_energy_economic_gurobi,r8-energy-bfff1dbe-659a-4bb0-920f-ea40ebebf7d7,validation/evaluation/normal_check/shared/rows/118,6-2,0.0,2.0e-6,true
tie_three_ua10_energy_economic_gurobi,r8-energy-bfff1dbe-659a-4bb0-920f-ea40ebebf7d7,validation/evaluation/normal_check/shared/rows/119,6-3,0.0,2.0e-6,true
tie_three_ua10_energy_economic_gurobi,r8-energy-bfff1dbe-659a-4bb0-920f-ea40ebebf7d7,validation/evaluation/normal_check/shared/rows/120,6-4,0.0,2.0e-6,true
tie_three_ua10_energy_economic_gurobi,r8-energy-bfff1dbe-659a-4bb0-920f-ea40ebebf7d7,validation/evaluation/normal_check/shared/rows/121,6-5,0.0,2.0e-6,true
tie_three_ua10_energy_economic_gurobi,r8-energy-bfff1dbe-659a-4bb0-920f-ea40ebebf7d7,validation/evaluation/normal_check/shared/rows/122,6-11,0.0,2.0e-6,true
tie_three_ua10_energy_economic_gurobi,r8-energy-bfff1dbe-659a-4bb0-920f-ea40ebebf7d7,validation/evaluation/normal_check/shared/rows/123,6-2,0.0,2.0e-6,true
tie_three_ua10_energy_economic_gurobi,r8-energy-bfff1dbe-659a-4bb0-920f-ea40ebebf7d7,validation/evaluation/normal_check/shared/rows/124,6-3,0.0,2.0e-6,true
tie_three_ua10_energy_economic_gurobi,r8-energy-bfff1dbe-659a-4bb0-920f-ea40ebebf7d7,validation/evaluation/normal_check/shared/rows/125,6-4,0.0,2.0e-6,true
tie_three_ua10_energy_economic_gurobi,r8-energy-bfff1dbe-659a-4bb0-920f-ea40ebebf7d7,validation/evaluation/normal_check/shared/rows/126,6-5,0.0,2.0e-6,true
tie_three_ua10_energy_economic_gurobi,r8-energy-bfff1dbe-659a-4bb0-920f-ea40ebebf7d7,validation/evaluation/normal_check/shared/rows/127,6-11,0.0,2.0e-6,true
tie_three_ua10_energy_economic_gurobi,r8-energy-bfff1dbe-659a-4bb0-920f-ea40ebebf7d7,validation/evaluation/normal_check/shared/rows/128,R7-N1,0.0,1.0e-6,true
tie_three_ua10_energy_economic_gurobi,r8-energy-bfff1dbe-659a-4bb0-920f-ea40ebebf7d7,validation/evaluation/normal_check/shared/rows/129,R7-N1,0.0,1.0e-6,true
tie_three_ua10_energy_economic_gurobi,r8-energy-bfff1dbe-659a-4bb0-920f-ea40ebebf7d7,validation/evaluation/normal_check/shared/rows/130,R7-N1,0.0,1.0e-6,true
tie_three_ua10_energy_economic_gurobi,r8-energy-bfff1dbe-659a-4bb0-920f-ea40ebebf7d7,validation/evaluation/normal_check/shared/rows/131,R7-N1,0.0,1.0e-6,true
tie_three_ua10_energy_economic_gurobi,r8-energy-bfff1dbe-659a-4bb0-920f-ea40ebebf7d7,validation/evaluation/normal_check/shared/rows/132,R7-N1,0.0,1.0e-6,true
tie_three_ua10_energy_economic_gurobi,r8-energy-bfff1dbe-659a-4bb0-920f-ea40ebebf7d7,validation/evaluation/normal_check/shared/rows/133,6-2,0.0,2.0e-6,true
tie_three_ua10_energy_economic_gurobi,r8-energy-bfff1dbe-659a-4bb0-920f-ea40ebebf7d7,validation/evaluation/normal_check/shared/rows/134,6-3,0.0,2.0e-6,true
tie_three_ua10_energy_economic_gurobi,r8-energy-bfff1dbe-659a-4bb0-920f-ea40ebebf7d7,validation/evaluation/normal_check/shared/rows/135,6-4,0.0,2.0e-6,true
tie_three_ua10_energy_economic_gurobi,r8-energy-bfff1dbe-659a-4bb0-920f-ea40ebebf7d7,validation/evaluation/normal_check/shared/rows/136,6-5,0.0,2.0e-6,true
tie_three_ua10_energy_economic_gurobi,r8-energy-bfff1dbe-659a-4bb0-920f-ea40ebebf7d7,validation/evaluation/normal_check/shared/rows/137,6-11,0.0,2.0e-6,true
tie_three_ua10_energy_economic_gurobi,r8-energy-bfff1dbe-659a-4bb0-920f-ea40ebebf7d7,validation/evaluation/normal_check/shared/rows/138,6-2,0.0,2.0e-6,true
tie_three_ua10_energy_economic_gurobi,r8-energy-bfff1dbe-659a-4bb0-920f-ea40ebebf7d7,validation/evaluation/normal_check/shared/rows/139,6-3,0.0,2.0e-6,true
tie_three_ua10_energy_economic_gurobi,r8-energy-bfff1dbe-659a-4bb0-920f-ea40ebebf7d7,validation/evaluation/normal_check/shared/rows/140,6-4,0.0,2.0e-6,true
tie_three_ua10_energy_economic_gurobi,r8-energy-bfff1dbe-659a-4bb0-920f-ea40ebebf7d7,validation/evaluation/normal_check/shared/rows/141,6-5,0.0,2.0e-6,true
tie_three_ua10_energy_economic_gurobi,r8-energy-bfff1dbe-659a-4bb0-920f-ea40ebebf7d7,validation/evaluation/normal_check/shared/rows/142,6-11,0.0,2.0e-6,true
tie_three_ua10_energy_economic_gurobi,r8-energy-bfff1dbe-659a-4bb0-920f-ea40ebebf7d7,validation/evaluation/normal_check/shared/rows/143,R7-N1,0.0,1.0e-6,true
tie_three_ua10_energy_economic_gurobi,r8-energy-bfff1dbe-659a-4bb0-920f-ea40ebebf7d7,validation/evaluation/normal_check/shared/rows/144,R7-N1,0.0,1.0e-6,true
tie_three_ua10_energy_economic_gurobi,r8-energy-bfff1dbe-659a-4bb0-920f-ea40ebebf7d7,validation/evaluation/normal_check/shared/rows/145,R7-N1,0.0,1.0e-6,true
tie_three_ua10_energy_economic_gurobi,r8-energy-bfff1dbe-659a-4bb0-920f-ea40ebebf7d7,validation/evaluation/normal_check/shared/rows/146,R7-N1,0.0,1.0e-6,true
tie_three_ua10_energy_economic_gurobi,r8-energy-bfff1dbe-659a-4bb0-920f-ea40ebebf7d7,validation/evaluation/normal_check/shared/rows/147,R7-N1,0.0,1.0e-6,true
tie_three_ua10_energy_economic_gurobi,r8-energy-bfff1dbe-659a-4bb0-920f-ea40ebebf7d7,validation/evaluation/normal_check/shared/rows/148,6-2,0.0,2.0e-6,true
tie_three_ua10_energy_economic_gurobi,r8-energy-bfff1dbe-659a-4bb0-920f-ea40ebebf7d7,validation/evaluation/normal_check/shared/rows/149,6-3,0.0,2.0e-6,true
tie_three_ua10_energy_economic_gurobi,r8-energy-bfff1dbe-659a-4bb0-920f-ea40ebebf7d7,validation/evaluation/normal_check/shared/rows/150,6-4,0.0,2.0e-6,true
tie_three_ua10_energy_economic_gurobi,r8-energy-bfff1dbe-659a-4bb0-920f-ea40ebebf7d7,validation/evaluation/normal_check/shared/rows/151,6-5,0.0,2.0e-6,true
tie_three_ua10_energy_economic_gurobi,r8-energy-bfff1dbe-659a-4bb0-920f-ea40ebebf7d7,validation/evaluation/normal_check/shared/rows/152,6-11,0.0,2.0e-6,true
tie_three_ua10_energy_economic_gurobi,r8-energy-bfff1dbe-659a-4bb0-920f-ea40ebebf7d7,validation/evaluation/normal_check/shared/rows/153,6-2,0.0,2.0e-6,true
tie_three_ua10_energy_economic_gurobi,r8-energy-bfff1dbe-659a-4bb0-920f-ea40ebebf7d7,validation/evaluation/normal_check/shared/rows/154,6-3,0.0,2.0e-6,true
tie_three_ua10_energy_economic_gurobi,r8-energy-bfff1dbe-659a-4bb0-920f-ea40ebebf7d7,validation/evaluation/normal_check/shared/rows/155,6-4,0.0,2.0e-6,true
tie_three_ua10_energy_economic_gurobi,r8-energy-bfff1dbe-659a-4bb0-920f-ea40ebebf7d7,validation/evaluation/normal_check/shared/rows/156,6-5,0.0,2.0e-6,true
tie_three_ua10_energy_economic_gurobi,r8-energy-bfff1dbe-659a-4bb0-920f-ea40ebebf7d7,validation/evaluation/normal_check/shared/rows/157,6-11,0.0,2.0e-6,true
tie_three_ua10_energy_economic_gurobi,r8-energy-bfff1dbe-659a-4bb0-920f-ea40ebebf7d7,validation/evaluation/normal_check/shared/rows/158,R7-N1,0.0,1.0e-6,true
tie_three_ua10_energy_economic_gurobi,r8-energy-bfff1dbe-659a-4bb0-920f-ea40ebebf7d7,validation/evaluation/normal_check/shared/rows/159,R7-N1,0.0,1.0e-6,true
tie_three_ua10_energy_economic_gurobi,r8-energy-bfff1dbe-659a-4bb0-920f-ea40ebebf7d7,validation/evaluation/normal_check/shared/rows/160,R7-N1,0.0,1.0e-6,true
tie_three_ua10_energy_economic_gurobi,r8-energy-bfff1dbe-659a-4bb0-920f-ea40ebebf7d7,validation/evaluation/normal_check/shared/rows/161,R7-N1,0.0,1.0e-6,true
tie_three_ua10_energy_economic_gurobi,r8-energy-bfff1dbe-659a-4bb0-920f-ea40ebebf7d7,validation/evaluation/normal_check/shared/rows/162,R7-N1,0.0,1.0e-6,true
tie_three_ua10_energy_economic_gurobi,r8-energy-bfff1dbe-659a-4bb0-920f-ea40ebebf7d7,validation/evaluation/normal_check/shared/rows/163,6-2,0.0,2.0e-6,true
tie_three_ua10_energy_economic_gurobi,r8-energy-bfff1dbe-659a-4bb0-920f-ea40ebebf7d7,validation/evaluation/normal_check/shared/rows/164,6-3,0.0,2.0e-6,true
tie_three_ua10_energy_economic_gurobi,r8-energy-bfff1dbe-659a-4bb0-920f-ea40ebebf7d7,validation/evaluation/normal_check/shared/rows/165,6-4,0.0,2.0e-6,true
tie_three_ua10_energy_economic_gurobi,r8-energy-bfff1dbe-659a-4bb0-920f-ea40ebebf7d7,validation/evaluation/normal_check/shared/rows/166,6-5,0.0,2.0e-6,true
tie_three_ua10_energy_economic_gurobi,r8-energy-bfff1dbe-659a-4bb0-920f-ea40ebebf7d7,validation/evaluation/normal_check/shared/rows/167,6-11,0.0,2.0e-6,true
tie_three_ua10_energy_economic_gurobi,r8-energy-bfff1dbe-659a-4bb0-920f-ea40ebebf7d7,validation/evaluation/normal_check/shared/rows/168,6-2,0.0,2.0e-6,true
tie_three_ua10_energy_economic_gurobi,r8-energy-bfff1dbe-659a-4bb0-920f-ea40ebebf7d7,validation/evaluation/normal_check/shared/rows/169,6-3,0.0,2.0e-6,true
tie_three_ua10_energy_economic_gurobi,r8-energy-bfff1dbe-659a-4bb0-920f-ea40ebebf7d7,validation/evaluation/normal_check/shared/rows/170,6-4,0.0,2.0e-6,true
tie_three_ua10_energy_economic_gurobi,r8-energy-bfff1dbe-659a-4bb0-920f-ea40ebebf7d7,validation/evaluation/normal_check/shared/rows/171,6-5,0.0,2.0e-6,true
tie_three_ua10_energy_economic_gurobi,r8-energy-bfff1dbe-659a-4bb0-920f-ea40ebebf7d7,validation/evaluation/normal_check/shared/rows/172,6-11,0.0,2.0e-6,true
tie_three_ua10_energy_economic_gurobi,r8-energy-bfff1dbe-659a-4bb0-920f-ea40ebebf7d7,validation/evaluation/normal_check/shared/rows/173,R7-D-device-link,0.0,3.4e-6,true
tie_three_ua10_energy_economic_gurobi,r8-energy-bfff1dbe-659a-4bb0-920f-ea40ebebf7d7,validation/evaluation/normal_check/shared/rows/174,R7-D-device-link,0.0,3.4e-6,true
tie_three_ua10_energy_economic_gurobi,r8-energy-bfff1dbe-659a-4bb0-920f-ea40ebebf7d7,validation/evaluation/normal_check/shared/rows/175,R7-D-device-link,0.0,3.4e-6,true
tie_three_ua10_energy_economic_gurobi,r8-energy-bfff1dbe-659a-4bb0-920f-ea40ebebf7d7,validation/evaluation/normal_check/shared/rows/176,R7-D-device-link,0.0,3.4e-6,true
tie_three_ua10_energy_economic_gurobi,r8-energy-bfff1dbe-659a-4bb0-920f-ea40ebebf7d7,validation/evaluation/normal_check/shared/rows/177,R7-D-device-link,0.0,3.4e-6,true
tie_three_ua10_energy_economic_gurobi,r8-energy-bfff1dbe-659a-4bb0-920f-ea40ebebf7d7,validation/evaluation/normal_check/shared/rows/178,R7-D-device-link,0.0,3.4e-6,true
tie_three_ua10_energy_economic_gurobi,r8-energy-bfff1dbe-659a-4bb0-920f-ea40ebebf7d7,validation/evaluation/normal_check/shared/rows/179,R7-D-device-link,0.0,3.4e-6,true
tie_three_ua10_energy_economic_gurobi,r8-energy-bfff1dbe-659a-4bb0-920f-ea40ebebf7d7,validation/evaluation/normal_check/shared/rows/180,R7-D-device-link,0.0,3.4e-6,true
tie_three_ua10_energy_economic_gurobi,r8-energy-bfff1dbe-659a-4bb0-920f-ea40ebebf7d7,validation/evaluation/normal_check/shared/rows/181,R7-D-device-link,0.0,3.4e-6,true
tie_three_ua10_energy_economic_gurobi,r8-energy-bfff1dbe-659a-4bb0-920f-ea40ebebf7d7,validation/evaluation/normal_check/shared/rows/182,R7-D-device-link,0.0,3.4e-6,true
tie_three_ua10_energy_economic_gurobi,r8-energy-bfff1dbe-659a-4bb0-920f-ea40ebebf7d7,validation/evaluation/normal_check/shared/rows/183,R7-D-device-link,0.0,3.4e-6,true
tie_three_ua10_energy_economic_gurobi,r8-energy-bfff1dbe-659a-4bb0-920f-ea40ebebf7d7,validation/evaluation/normal_check/shared/rows/184,R7-D-device-link,0.0,3.4e-6,true
tie_three_ua10_energy_economic_gurobi,r8-energy-bfff1dbe-659a-4bb0-920f-ea40ebebf7d7,validation/evaluation/normal_check/shared/rows/185,R7-D-device-link,0.0,3.4e-6,true
tie_three_ua10_energy_economic_gurobi,r8-energy-bfff1dbe-659a-4bb0-920f-ea40ebebf7d7,validation/evaluation/normal_check/shared/rows/186,R7-D-device-link,0.0,3.4e-6,true
tie_three_ua10_energy_economic_gurobi,r8-energy-bfff1dbe-659a-4bb0-920f-ea40ebebf7d7,validation/evaluation/normal_check/shared/rows/187,R7-D-device-link,0.0,3.4e-6,true
tie_three_ua10_energy_economic_gurobi,r8-energy-bfff1dbe-659a-4bb0-920f-ea40ebebf7d7,validation/evaluation/normal_check/shared/rows/188,R7-D-device-link,0.0,3.4e-6,true
tie_three_ua10_energy_economic_gurobi,r8-energy-bfff1dbe-659a-4bb0-920f-ea40ebebf7d7,validation/evaluation/normal_check/shared/rows/189,R7-D-device-link,0.0,3.4e-6,true
tie_three_ua10_energy_economic_gurobi,r8-energy-bfff1dbe-659a-4bb0-920f-ea40ebebf7d7,validation/evaluation/normal_check/shared/rows/190,R7-D-device-link,0.0,3.4e-6,true
tie_three_ua10_energy_economic_gurobi,r8-energy-bfff1dbe-659a-4bb0-920f-ea40ebebf7d7,validation/evaluation/normal_check/shared/rows/191,R7-D-device-link,0.0,3.4e-6,true
tie_three_ua10_energy_economic_gurobi,r8-energy-bfff1dbe-659a-4bb0-920f-ea40ebebf7d7,validation/evaluation/normal_check/shared/rows/192,R7-D-device-link,0.0,3.4e-6,true
tie_three_ua10_energy_economic_gurobi,r8-energy-bfff1dbe-659a-4bb0-920f-ea40ebebf7d7,validation/evaluation/normal_check/shared/rows/193,R7-D-device-link,0.0,3.4e-6,true
tie_three_ua10_energy_economic_gurobi,r8-energy-bfff1dbe-659a-4bb0-920f-ea40ebebf7d7,validation/evaluation/normal_check/shared/rows/194,R7-D-device-link,0.0,3.4e-6,true
tie_three_ua10_energy_economic_gurobi,r8-energy-bfff1dbe-659a-4bb0-920f-ea40ebebf7d7,validation/evaluation/normal_check/shared/rows/195,R7-D-device-link,0.0,3.4e-6,true
tie_three_ua10_energy_economic_gurobi,r8-energy-bfff1dbe-659a-4bb0-920f-ea40ebebf7d7,validation/evaluation/normal_check/shared/rows/196,R7-D-device-link,0.0,3.4e-6,true
tie_three_ua10_energy_economic_gurobi,r8-energy-bfff1dbe-659a-4bb0-920f-ea40ebebf7d7,validation/evaluation/normal_check/shared/rows/197,6-12-ch,0.0,3.4e-6,true
tie_three_ua10_energy_economic_gurobi,r8-energy-bfff1dbe-659a-4bb0-920f-ea40ebebf7d7,validation/evaluation/normal_check/shared/rows/198,6-12-dis,0.0,3.4e-6,true
tie_three_ua10_energy_economic_gurobi,r8-energy-bfff1dbe-659a-4bb0-920f-ea40ebebf7d7,validation/evaluation/normal_check/shared/rows/199,6-12-ch,0.0,3.4e-6,true
tie_three_ua10_energy_economic_gurobi,r8-energy-bfff1dbe-659a-4bb0-920f-ea40ebebf7d7,validation/evaluation/normal_check/shared/rows/200,6-12-dis,0.0,3.4e-6,true
tie_three_ua10_energy_economic_gurobi,r8-energy-bfff1dbe-659a-4bb0-920f-ea40ebebf7d7,validation/evaluation/normal_check/shared/rows/201,6-12-ch,0.0,3.4e-6,true
tie_three_ua10_energy_economic_gurobi,r8-energy-bfff1dbe-659a-4bb0-920f-ea40ebebf7d7,validation/evaluation/normal_check/shared/rows/202,6-12-dis,0.0,3.4e-6,true
tie_three_ua10_energy_economic_gurobi,r8-energy-bfff1dbe-659a-4bb0-920f-ea40ebebf7d7,validation/evaluation/normal_check/shared/rows/203,6-12-ch,0.0,3.4e-6,true
tie_three_ua10_energy_economic_gurobi,r8-energy-bfff1dbe-659a-4bb0-920f-ea40ebebf7d7,validation/evaluation/normal_check/shared/rows/204,6-12-dis,0.0,3.4e-6,true
tie_three_ua10_energy_economic_gurobi,r8-energy-bfff1dbe-659a-4bb0-920f-ea40ebebf7d7,validation/evaluation/normal_check/shared/rows/205,6-12-ch,0.0,3.4e-6,true
tie_three_ua10_energy_economic_gurobi,r8-energy-bfff1dbe-659a-4bb0-920f-ea40ebebf7d7,validation/evaluation/normal_check/shared/rows/206,6-12-dis,0.0,3.4e-6,true
tie_three_ua10_energy_economic_gurobi,r8-energy-bfff1dbe-659a-4bb0-920f-ea40ebebf7d7,validation/evaluation/normal_check/shared/rows/207,6-12-ch,0.0,3.4e-6,true
tie_three_ua10_energy_economic_gurobi,r8-energy-bfff1dbe-659a-4bb0-920f-ea40ebebf7d7,validation/evaluation/normal_check/shared/rows/208,6-12-dis,0.0,3.4e-6,true
tie_three_ua10_energy_economic_gurobi,r8-energy-bfff1dbe-659a-4bb0-920f-ea40ebebf7d7,validation/evaluation/normal_check/shared/rows/209,6-12-ch,0.0,3.4e-6,true
tie_three_ua10_energy_economic_gurobi,r8-energy-bfff1dbe-659a-4bb0-920f-ea40ebebf7d7,validation/evaluation/normal_check/shared/rows/210,6-12-dis,0.0,3.4e-6,true
tie_three_ua10_energy_economic_gurobi,r8-energy-bfff1dbe-659a-4bb0-920f-ea40ebebf7d7,validation/evaluation/normal_check/shared/rows/211,6-12-ch,0.0,3.4e-6,true
tie_three_ua10_energy_economic_gurobi,r8-energy-bfff1dbe-659a-4bb0-920f-ea40ebebf7d7,validation/evaluation/normal_check/shared/rows/212,6-12-dis,0.0,3.4e-6,true
tie_three_ua10_energy_economic_gurobi,r8-energy-bfff1dbe-659a-4bb0-920f-ea40ebebf7d7,validation/evaluation/normal_check/shared/rows/213,6-13-zero,0.0,2.0e-6,true
tie_three_ua10_energy_economic_gurobi,r8-energy-bfff1dbe-659a-4bb0-920f-ea40ebebf7d7,validation/evaluation/normal_check/shared/rows/214,6-13-zero,0.0,2.0e-6,true
tie_three_ua10_energy_economic_gurobi,r8-energy-bfff1dbe-659a-4bb0-920f-ea40ebebf7d7,validation/evaluation/normal_check/shared/rows/215,6-13-zero,0.0,2.0e-6,true
tie_three_ua10_energy_economic_gurobi,r8-energy-bfff1dbe-659a-4bb0-920f-ea40ebebf7d7,validation/evaluation/normal_check/shared/rows/216,6-13-zero,0.0,2.0e-6,true
tie_three_ua10_energy_economic_gurobi,r8-energy-bfff1dbe-659a-4bb0-920f-ea40ebebf7d7,validation/evaluation/normal_check/shared/rows/217,6-13-zero,0.0,2.0e-6,true
tie_three_ua10_energy_economic_gurobi,r8-energy-bfff1dbe-659a-4bb0-920f-ea40ebebf7d7,validation/evaluation/normal_check/shared/rows/218,6-13-zero,0.0,2.0e-6,true
tie_three_ua10_energy_economic_gurobi,r8-energy-bfff1dbe-659a-4bb0-920f-ea40ebebf7d7,validation/evaluation/normal_check/shared/rows/219,6-13-zero,0.0,2.0e-6,true
tie_three_ua10_energy_economic_gurobi,r8-energy-bfff1dbe-659a-4bb0-920f-ea40ebebf7d7,validation/evaluation/normal_check/shared/rows/220,6-13-zero,0.0,2.0e-6,true
tie_three_ua10_energy_economic_gurobi,r8-energy-bfff1dbe-659a-4bb0-920f-ea40ebebf7d7,validation/evaluation/normal_check/shared/rows/221,6-13-zero,0.0,2.0e-6,true
tie_three_ua10_energy_economic_gurobi,r8-energy-bfff1dbe-659a-4bb0-920f-ea40ebebf7d7,validation/evaluation/normal_check/shared/rows/222,6-13-zero,0.0,2.0e-6,true
tie_three_ua10_energy_economic_gurobi,r8-energy-bfff1dbe-659a-4bb0-920f-ea40ebebf7d7,validation/evaluation/normal_check/shared/rows/223,6-8:10,0.0,3.4e-6,true
tie_three_ua10_energy_economic_gurobi,r8-energy-bfff1dbe-659a-4bb0-920f-ea40ebebf7d7,validation/evaluation/normal_check/shared/rows/224,6-9,0.0,3.4e-6,true
tie_three_ua10_energy_economic_gurobi,r8-energy-bfff1dbe-659a-4bb0-920f-ea40ebebf7d7,validation/evaluation/normal_check/shared/rows/225,6-11,0.0,3.4e-6,true
tie_three_ua10_energy_economic_gurobi,r8-energy-bfff1dbe-659a-4bb0-920f-ea40ebebf7d7,validation/evaluation/normal_check/shared/rows/226,6-12-ch,0.0,3.4e-6,true
tie_three_ua10_energy_economic_gurobi,r8-energy-bfff1dbe-659a-4bb0-920f-ea40ebebf7d7,validation/evaluation/normal_check/shared/rows/227,6-12-dis,0.0,3.4e-6,true
tie_three_ua10_energy_economic_gurobi,r8-energy-bfff1dbe-659a-4bb0-920f-ea40ebebf7d7,validation/evaluation/normal_check/shared/rows/228,6-12,0.0,3.4e-6,true
tie_three_ua10_energy_economic_gurobi,r8-energy-bfff1dbe-659a-4bb0-920f-ea40ebebf7d7,validation/evaluation/normal_check/shared/rows/229,6-14,0.0,2.0e-6,true
tie_three_ua10_energy_economic_gurobi,r8-energy-bfff1dbe-659a-4bb0-920f-ea40ebebf7d7,validation/evaluation/normal_check/shared/rows/230,6-8:10,0.0,3.4e-6,true
tie_three_ua10_energy_economic_gurobi,r8-energy-bfff1dbe-659a-4bb0-920f-ea40ebebf7d7,validation/evaluation/normal_check/shared/rows/231,6-9,0.0,3.4e-6,true
tie_three_ua10_energy_economic_gurobi,r8-energy-bfff1dbe-659a-4bb0-920f-ea40ebebf7d7,validation/evaluation/normal_check/shared/rows/232,6-11,0.0,3.4e-6,true
tie_three_ua10_energy_economic_gurobi,r8-energy-bfff1dbe-659a-4bb0-920f-ea40ebebf7d7,validation/evaluation/normal_check/shared/rows/233,6-12-ch,0.0,3.4e-6,true
tie_three_ua10_energy_economic_gurobi,r8-energy-bfff1dbe-659a-4bb0-920f-ea40ebebf7d7,validation/evaluation/normal_check/shared/rows/234,6-12-dis,0.0,3.4e-6,true
tie_three_ua10_energy_economic_gurobi,r8-energy-bfff1dbe-659a-4bb0-920f-ea40ebebf7d7,validation/evaluation/normal_check/shared/rows/235,6-12,0.0,3.4e-6,true
tie_three_ua10_energy_economic_gurobi,r8-energy-bfff1dbe-659a-4bb0-920f-ea40ebebf7d7,validation/evaluation/normal_check/shared/rows/236,6-14,0.0,2.0e-6,true
tie_three_ua10_energy_economic_gurobi,r8-energy-bfff1dbe-659a-4bb0-920f-ea40ebebf7d7,validation/evaluation/normal_check/shared/rows/237,6-8:10,0.0,3.4e-6,true
tie_three_ua10_energy_economic_gurobi,r8-energy-bfff1dbe-659a-4bb0-920f-ea40ebebf7d7,validation/evaluation/normal_check/shared/rows/238,6-9,0.0,3.4e-6,true
tie_three_ua10_energy_economic_gurobi,r8-energy-bfff1dbe-659a-4bb0-920f-ea40ebebf7d7,validation/evaluation/normal_check/shared/rows/239,6-11,0.0,3.4e-6,true
tie_three_ua10_energy_economic_gurobi,r8-energy-bfff1dbe-659a-4bb0-920f-ea40ebebf7d7,validation/evaluation/normal_check/shared/rows/240,6-12-ch,0.0,3.4e-6,true
tie_three_ua10_energy_economic_gurobi,r8-energy-bfff1dbe-659a-4bb0-920f-ea40ebebf7d7,validation/evaluation/normal_check/shared/rows/241,6-12-dis,0.0,3.4e-6,true
tie_three_ua10_energy_economic_gurobi,r8-energy-bfff1dbe-659a-4bb0-920f-ea40ebebf7d7,validation/evaluation/normal_check/shared/rows/242,6-12,0.0,3.4e-6,true
tie_three_ua10_energy_economic_gurobi,r8-energy-bfff1dbe-659a-4bb0-920f-ea40ebebf7d7,validation/evaluation/normal_check/shared/rows/243,6-14,0.0,2.0e-6,true
tie_three_ua10_energy_economic_gurobi,r8-energy-bfff1dbe-659a-4bb0-920f-ea40ebebf7d7,validation/evaluation/normal_check/shared/rows/244,6-8:10,0.0,3.4e-6,true
tie_three_ua10_energy_economic_gurobi,r8-energy-bfff1dbe-659a-4bb0-920f-ea40ebebf7d7,validation/evaluation/normal_check/shared/rows/245,6-9,0.0,3.4e-6,true
tie_three_ua10_energy_economic_gurobi,r8-energy-bfff1dbe-659a-4bb0-920f-ea40ebebf7d7,validation/evaluation/normal_check/shared/rows/246,6-11,0.0,3.4e-6,true
tie_three_ua10_energy_economic_gurobi,r8-energy-bfff1dbe-659a-4bb0-920f-ea40ebebf7d7,validation/evaluation/normal_check/shared/rows/247,6-12-ch,0.0,3.4e-6,true
tie_three_ua10_energy_economic_gurobi,r8-energy-bfff1dbe-659a-4bb0-920f-ea40ebebf7d7,validation/evaluation/normal_check/shared/rows/248,6-12-dis,0.0,3.4e-6,true
tie_three_ua10_energy_economic_gurobi,r8-energy-bfff1dbe-659a-4bb0-920f-ea40ebebf7d7,validation/evaluation/normal_check/shared/rows/249,6-12,0.0,3.4e-6,true
tie_three_ua10_energy_economic_gurobi,r8-energy-bfff1dbe-659a-4bb0-920f-ea40ebebf7d7,validation/evaluation/normal_check/shared/rows/250,6-14,0.0,2.0e-6,true
tie_three_ua10_energy_economic_gurobi,r8-energy-bfff1dbe-659a-4bb0-920f-ea40ebebf7d7,validation/evaluation/normal_check/shared/rows/251,6-8:10,0.0,3.4e-6,true
tie_three_ua10_energy_economic_gurobi,r8-energy-bfff1dbe-659a-4bb0-920f-ea40ebebf7d7,validation/evaluation/normal_check/shared/rows/252,6-9,0.0,3.4e-6,true
tie_three_ua10_energy_economic_gurobi,r8-energy-bfff1dbe-659a-4bb0-920f-ea40ebebf7d7,validation/evaluation/normal_check/shared/rows/253,6-11,0.0,3.4e-6,true
tie_three_ua10_energy_economic_gurobi,r8-energy-bfff1dbe-659a-4bb0-920f-ea40ebebf7d7,validation/evaluation/normal_check/shared/rows/254,6-12-ch,0.0,3.4e-6,true
tie_three_ua10_energy_economic_gurobi,r8-energy-bfff1dbe-659a-4bb0-920f-ea40ebebf7d7,validation/evaluation/normal_check/shared/rows/255,6-12-dis,0.0,3.4e-6,true
tie_three_ua10_energy_economic_gurobi,r8-energy-bfff1dbe-659a-4bb0-920f-ea40ebebf7d7,validation/evaluation/normal_check/shared/rows/256,6-12,0.0,3.4e-6,true
tie_three_ua10_energy_economic_gurobi,r8-energy-bfff1dbe-659a-4bb0-920f-ea40ebebf7d7,validation/evaluation/normal_check/shared/rows/257,6-14,0.0,2.0e-6,true
tie_three_ua10_energy_economic_gurobi,r8-energy-bfff1dbe-659a-4bb0-920f-ea40ebebf7d7,validation/evaluation/normal_check/shared/rows/258,6-8:10,0.0,3.4e-6,true
tie_three_ua10_energy_economic_gurobi,r8-energy-bfff1dbe-659a-4bb0-920f-ea40ebebf7d7,validation/evaluation/normal_check/shared/rows/259,6-9,0.0,3.4e-6,true
tie_three_ua10_energy_economic_gurobi,r8-energy-bfff1dbe-659a-4bb0-920f-ea40ebebf7d7,validation/evaluation/normal_check/shared/rows/260,6-11,0.0,3.4e-6,true
tie_three_ua10_energy_economic_gurobi,r8-energy-bfff1dbe-659a-4bb0-920f-ea40ebebf7d7,validation/evaluation/normal_check/shared/rows/261,6-12-ch,0.0,3.4e-6,true
tie_three_ua10_energy_economic_gurobi,r8-energy-bfff1dbe-659a-4bb0-920f-ea40ebebf7d7,validation/evaluation/normal_check/shared/rows/262,6-12-dis,0.0,3.4e-6,true
tie_three_ua10_energy_economic_gurobi,r8-energy-bfff1dbe-659a-4bb0-920f-ea40ebebf7d7,validation/evaluation/normal_check/shared/rows/263,6-12,0.0,3.4e-6,true
tie_three_ua10_energy_economic_gurobi,r8-energy-bfff1dbe-659a-4bb0-920f-ea40ebebf7d7,validation/evaluation/normal_check/shared/rows/264,6-14,0.0,2.0e-6,true
tie_three_ua10_energy_economic_gurobi,r8-energy-bfff1dbe-659a-4bb0-920f-ea40ebebf7d7,validation/evaluation/normal_check/shared/rows/265,6-8:10,0.0,3.4e-6,true
tie_three_ua10_energy_economic_gurobi,r8-energy-bfff1dbe-659a-4bb0-920f-ea40ebebf7d7,validation/evaluation/normal_check/shared/rows/266,6-9,0.0,3.4e-6,true
tie_three_ua10_energy_economic_gurobi,r8-energy-bfff1dbe-659a-4bb0-920f-ea40ebebf7d7,validation/evaluation/normal_check/shared/rows/267,6-11,0.0,3.4e-6,true
tie_three_ua10_energy_economic_gurobi,r8-energy-bfff1dbe-659a-4bb0-920f-ea40ebebf7d7,validation/evaluation/normal_check/shared/rows/268,6-12-ch,0.0,3.4e-6,true
tie_three_ua10_energy_economic_gurobi,r8-energy-bfff1dbe-659a-4bb0-920f-ea40ebebf7d7,validation/evaluation/normal_check/shared/rows/269,6-12-dis,0.0,3.4e-6,true
tie_three_ua10_energy_economic_gurobi,r8-energy-bfff1dbe-659a-4bb0-920f-ea40ebebf7d7,validation/evaluation/normal_check/shared/rows/270,6-12,0.0,3.4e-6,true
tie_three_ua10_energy_economic_gurobi,r8-energy-bfff1dbe-659a-4bb0-920f-ea40ebebf7d7,validation/evaluation/normal_check/shared/rows/271,6-14,0.0,2.0e-6,true
tie_three_ua10_energy_economic_gurobi,r8-energy-bfff1dbe-659a-4bb0-920f-ea40ebebf7d7,validation/evaluation/normal_check/shared/rows/272,6-8:10,0.0,3.4e-6,true
tie_three_ua10_energy_economic_gurobi,r8-energy-bfff1dbe-659a-4bb0-920f-ea40ebebf7d7,validation/evaluation/normal_check/shared/rows/273,6-9,0.0,3.4e-6,true
tie_three_ua10_energy_economic_gurobi,r8-energy-bfff1dbe-659a-4bb0-920f-ea40ebebf7d7,validation/evaluation/normal_check/shared/rows/274,6-11,0.0,3.4e-6,true
tie_three_ua10_energy_economic_gurobi,r8-energy-bfff1dbe-659a-4bb0-920f-ea40ebebf7d7,validation/evaluation/normal_check/shared/rows/275,6-12-ch,0.0,3.4e-6,true
tie_three_ua10_energy_economic_gurobi,r8-energy-bfff1dbe-659a-4bb0-920f-ea40ebebf7d7,validation/evaluation/normal_check/shared/rows/276,6-12-dis,0.0,3.4e-6,true
tie_three_ua10_energy_economic_gurobi,r8-energy-bfff1dbe-659a-4bb0-920f-ea40ebebf7d7,validation/evaluation/normal_check/shared/rows/277,6-12,0.0,3.4e-6,true
tie_three_ua10_energy_economic_gurobi,r8-energy-bfff1dbe-659a-4bb0-920f-ea40ebebf7d7,validation/evaluation/normal_check/shared/rows/278,6-14,0.0,2.0e-6,true
tie_three_ua10_energy_economic_gurobi,r8-energy-bfff1dbe-659a-4bb0-920f-ea40ebebf7d7,validation/evaluation/normal_check/shared/rows/279,6-13,0.0,2.0e-6,true
tie_three_ua10_energy_economic_gurobi,r8-energy-bfff1dbe-659a-4bb0-920f-ea40ebebf7d7,validation/evaluation/normal_check/shared/rows/280,R7-D-battery-initial,0.0,2.0e-6,true
tie_three_ua10_energy_economic_gurobi,r8-energy-bfff1dbe-659a-4bb0-920f-ea40ebebf7d7,validation/evaluation/normal_check/shared/rows/281,6-13,0.0,2.0e-6,true
tie_three_ua10_energy_economic_gurobi,r8-energy-bfff1dbe-659a-4bb0-920f-ea40ebebf7d7,validation/evaluation/normal_check/shared/rows/282,R7-D-battery-initial,0.0,2.0e-6,true
tie_three_ua10_energy_economic_gurobi,r8-energy-bfff1dbe-659a-4bb0-920f-ea40ebebf7d7,validation/evaluation/normal_check/shared/rows/283,6-13,0.0,2.0e-6,true
tie_three_ua10_energy_economic_gurobi,r8-energy-bfff1dbe-659a-4bb0-920f-ea40ebebf7d7,validation/evaluation/normal_check/shared/rows/284,6-13,0.0,2.0e-6,true
tie_three_ua10_energy_economic_gurobi,r8-energy-bfff1dbe-659a-4bb0-920f-ea40ebebf7d7,validation/evaluation/normal_check/shared/rows/285,6-13,0.0,2.0e-6,true
tie_three_ua10_energy_economic_gurobi,r8-energy-bfff1dbe-659a-4bb0-920f-ea40ebebf7d7,validation/evaluation/normal_check/shared/rows/286,6-13,0.0,2.0e-6,true
tie_three_ua10_energy_economic_gurobi,r8-energy-bfff1dbe-659a-4bb0-920f-ea40ebebf7d7,validation/evaluation/normal_check/shared/rows/287,6-13,0.0,2.0e-6,true
tie_three_ua10_energy_economic_gurobi,r8-energy-bfff1dbe-659a-4bb0-920f-ea40ebebf7d7,validation/evaluation/normal_check/shared/rows/288,6-13,0.0,2.0e-6,true
tie_three_ua10_energy_economic_gurobi,r8-energy-bfff1dbe-659a-4bb0-920f-ea40ebebf7d7,validation/evaluation/normal_check/shared/rows/289,6-13,0.0,2.0e-6,true
tie_three_ua10_energy_economic_gurobi,r8-energy-bfff1dbe-659a-4bb0-920f-ea40ebebf7d7,validation/evaluation/normal_check/shared/rows/290,6-15,0.0,2.0e-6,true
tie_three_ua10_energy_economic_gurobi,r8-energy-bfff1dbe-659a-4bb0-920f-ea40ebebf7d7,validation/evaluation/normal_check/shared/rows/291,6-13,0.0,2.0e-6,true
tie_three_ua10_energy_economic_gurobi,r8-energy-bfff1dbe-659a-4bb0-920f-ea40ebebf7d7,validation/evaluation/normal_check/shared/rows/292,6-15,0.0,2.0e-6,true
tie_three_ua10_energy_economic_gurobi,r8-energy-bfff1dbe-659a-4bb0-920f-ea40ebebf7d7,validation/evaluation/normal_check/shared/rows/293,6-8:10,0.0,3.4e-6,true
tie_three_ua10_energy_economic_gurobi,r8-energy-bfff1dbe-659a-4bb0-920f-ea40ebebf7d7,validation/evaluation/normal_check/shared/rows/294,6-9,0.0,3.4e-6,true
tie_three_ua10_energy_economic_gurobi,r8-energy-bfff1dbe-659a-4bb0-920f-ea40ebebf7d7,validation/evaluation/normal_check/shared/rows/295,6-11,0.0,3.4e-6,true
tie_three_ua10_energy_economic_gurobi,r8-energy-bfff1dbe-659a-4bb0-920f-ea40ebebf7d7,validation/evaluation/normal_check/shared/rows/296,6-12-ch,0.0,3.4e-6,true
tie_three_ua10_energy_economic_gurobi,r8-energy-bfff1dbe-659a-4bb0-920f-ea40ebebf7d7,validation/evaluation/normal_check/shared/rows/297,6-12-dis,0.0,3.4e-6,true
tie_three_ua10_energy_economic_gurobi,r8-energy-bfff1dbe-659a-4bb0-920f-ea40ebebf7d7,validation/evaluation/normal_check/shared/rows/298,6-8:10,0.0,3.4e-6,true
tie_three_ua10_energy_economic_gurobi,r8-energy-bfff1dbe-659a-4bb0-920f-ea40ebebf7d7,validation/evaluation/normal_check/shared/rows/299,6-9,0.0,3.4e-6,true
tie_three_ua10_energy_economic_gurobi,r8-energy-bfff1dbe-659a-4bb0-920f-ea40ebebf7d7,validation/evaluation/normal_check/shared/rows/300,6-11,0.0,3.4e-6,true
tie_three_ua10_energy_economic_gurobi,r8-energy-bfff1dbe-659a-4bb0-920f-ea40ebebf7d7,validation/evaluation/normal_check/shared/rows/301,6-12-ch,0.0,3.4e-6,true
tie_three_ua10_energy_economic_gurobi,r8-energy-bfff1dbe-659a-4bb0-920f-ea40ebebf7d7,validation/evaluation/normal_check/shared/rows/302,6-12-dis,0.0,3.4e-6,true
tie_three_ua10_energy_economic_gurobi,r8-energy-bfff1dbe-659a-4bb0-920f-ea40ebebf7d7,validation/evaluation/normal_check/shared/rows/303,6-8:10,0.0,3.4e-6,true
tie_three_ua10_energy_economic_gurobi,r8-energy-bfff1dbe-659a-4bb0-920f-ea40ebebf7d7,validation/evaluation/normal_check/shared/rows/304,6-9,0.0,3.4e-6,true
tie_three_ua10_energy_economic_gurobi,r8-energy-bfff1dbe-659a-4bb0-920f-ea40ebebf7d7,validation/evaluation/normal_check/shared/rows/305,6-11,0.0,3.4e-6,true
tie_three_ua10_energy_economic_gurobi,r8-energy-bfff1dbe-659a-4bb0-920f-ea40ebebf7d7,validation/evaluation/normal_check/shared/rows/306,6-12-ch,0.0,3.4e-6,true
tie_three_ua10_energy_economic_gurobi,r8-energy-bfff1dbe-659a-4bb0-920f-ea40ebebf7d7,validation/evaluation/normal_check/shared/rows/307,6-12-dis,0.0,3.4e-6,true
tie_three_ua10_energy_economic_gurobi,r8-energy-bfff1dbe-659a-4bb0-920f-ea40ebebf7d7,validation/evaluation/normal_check/shared/rows/308,6-8:10,0.0,3.4e-6,true
tie_three_ua10_energy_economic_gurobi,r8-energy-bfff1dbe-659a-4bb0-920f-ea40ebebf7d7,validation/evaluation/normal_check/shared/rows/309,6-9,0.0,3.4e-6,true
tie_three_ua10_energy_economic_gurobi,r8-energy-bfff1dbe-659a-4bb0-920f-ea40ebebf7d7,validation/evaluation/normal_check/shared/rows/310,6-11,0.0,3.4e-6,true
tie_three_ua10_energy_economic_gurobi,r8-energy-bfff1dbe-659a-4bb0-920f-ea40ebebf7d7,validation/evaluation/normal_check/shared/rows/311,6-12-ch,0.0,3.4e-6,true
tie_three_ua10_energy_economic_gurobi,r8-energy-bfff1dbe-659a-4bb0-920f-ea40ebebf7d7,validation/evaluation/normal_check/shared/rows/312,6-12-dis,0.0,3.4e-6,true
tie_three_ua10_energy_economic_gurobi,r8-energy-bfff1dbe-659a-4bb0-920f-ea40ebebf7d7,validation/evaluation/normal_check/shared/rows/313,6-8:10,0.0,3.4e-6,true
tie_three_ua10_energy_economic_gurobi,r8-energy-bfff1dbe-659a-4bb0-920f-ea40ebebf7d7,validation/evaluation/normal_check/shared/rows/314,6-9,0.0,3.4e-6,true
tie_three_ua10_energy_economic_gurobi,r8-energy-bfff1dbe-659a-4bb0-920f-ea40ebebf7d7,validation/evaluation/normal_check/shared/rows/315,6-11,0.0,3.4e-6,true
tie_three_ua10_energy_economic_gurobi,r8-energy-bfff1dbe-659a-4bb0-920f-ea40ebebf7d7,validation/evaluation/normal_check/shared/rows/316,6-12-ch,0.0,3.4e-6,true
tie_three_ua10_energy_economic_gurobi,r8-energy-bfff1dbe-659a-4bb0-920f-ea40ebebf7d7,validation/evaluation/normal_check/shared/rows/317,6-12-dis,0.0,3.4e-6,true
tie_three_ua10_energy_economic_gurobi,r8-energy-bfff1dbe-659a-4bb0-920f-ea40ebebf7d7,validation/evaluation/normal_check/shared/rows/318,6-8:10,0.0,3.4e-6,true
tie_three_ua10_energy_economic_gurobi,r8-energy-bfff1dbe-659a-4bb0-920f-ea40ebebf7d7,validation/evaluation/normal_check/shared/rows/319,6-9,0.0,3.4e-6,true
tie_three_ua10_energy_economic_gurobi,r8-energy-bfff1dbe-659a-4bb0-920f-ea40ebebf7d7,validation/evaluation/normal_check/shared/rows/320,6-11,0.0,3.4e-6,true
tie_three_ua10_energy_economic_gurobi,r8-energy-bfff1dbe-659a-4bb0-920f-ea40ebebf7d7,validation/evaluation/normal_check/shared/rows/321,6-12-ch,0.0,3.4e-6,true
tie_three_ua10_energy_economic_gurobi,r8-energy-bfff1dbe-659a-4bb0-920f-ea40ebebf7d7,validation/evaluation/normal_check/shared/rows/322,6-12-dis,0.0,3.4e-6,true
tie_three_ua10_energy_economic_gurobi,r8-energy-bfff1dbe-659a-4bb0-920f-ea40ebebf7d7,validation/evaluation/normal_check/shared/rows/323,6-8:10,0.0,3.4e-6,true
tie_three_ua10_energy_economic_gurobi,r8-energy-bfff1dbe-659a-4bb0-920f-ea40ebebf7d7,validation/evaluation/normal_check/shared/rows/324,6-9,0.0,3.4e-6,true
tie_three_ua10_energy_economic_gurobi,r8-energy-bfff1dbe-659a-4bb0-920f-ea40ebebf7d7,validation/evaluation/normal_check/shared/rows/325,6-11,0.0,3.4e-6,true
tie_three_ua10_energy_economic_gurobi,r8-energy-bfff1dbe-659a-4bb0-920f-ea40ebebf7d7,validation/evaluation/normal_check/shared/rows/326,6-12-ch,0.0,3.4e-6,true
tie_three_ua10_energy_economic_gurobi,r8-energy-bfff1dbe-659a-4bb0-920f-ea40ebebf7d7,validation/evaluation/normal_check/shared/rows/327,6-12-dis,0.0,3.4e-6,true
tie_three_ua10_energy_economic_gurobi,r8-energy-bfff1dbe-659a-4bb0-920f-ea40ebebf7d7,validation/evaluation/normal_check/shared/rows/328,6-8:10,0.0,3.4e-6,true
tie_three_ua10_energy_economic_gurobi,r8-energy-bfff1dbe-659a-4bb0-920f-ea40ebebf7d7,validation/evaluation/normal_check/shared/rows/329,6-9,0.0,3.4e-6,true
tie_three_ua10_energy_economic_gurobi,r8-energy-bfff1dbe-659a-4bb0-920f-ea40ebebf7d7,validation/evaluation/normal_check/shared/rows/330,6-11,0.0,3.4e-6,true
tie_three_ua10_energy_economic_gurobi,r8-energy-bfff1dbe-659a-4bb0-920f-ea40ebebf7d7,validation/evaluation/normal_check/shared/rows/331,6-12-ch,0.0,3.4e-6,true
tie_three_ua10_energy_economic_gurobi,r8-energy-bfff1dbe-659a-4bb0-920f-ea40ebebf7d7,validation/evaluation/normal_check/shared/rows/332,6-12-dis,0.0,3.4e-6,true
tie_three_ua10_energy_economic_gurobi,r8-energy-bfff1dbe-659a-4bb0-920f-ea40ebebf7d7,validation/evaluation/normal_check/shared/rows/333,6-13-zero,0.0,2.0e-6,true
tie_three_ua10_energy_economic_gurobi,r8-energy-bfff1dbe-659a-4bb0-920f-ea40ebebf7d7,validation/evaluation/normal_check/shared/rows/334,6-13-zero,0.0,2.0e-6,true
tie_three_ua10_energy_economic_gurobi,r8-energy-bfff1dbe-659a-4bb0-920f-ea40ebebf7d7,validation/evaluation/normal_check/shared/rows/335,6-13-zero,0.0,2.0e-6,true
tie_three_ua10_energy_economic_gurobi,r8-energy-bfff1dbe-659a-4bb0-920f-ea40ebebf7d7,validation/evaluation/normal_check/shared/rows/336,6-13-zero,0.0,2.0e-6,true
tie_three_ua10_energy_economic_gurobi,r8-energy-bfff1dbe-659a-4bb0-920f-ea40ebebf7d7,validation/evaluation/normal_check/shared/rows/337,6-13-zero,0.0,2.0e-6,true
tie_three_ua10_energy_economic_gurobi,r8-energy-bfff1dbe-659a-4bb0-920f-ea40ebebf7d7,validation/evaluation/normal_check/shared/rows/338,6-13-zero,0.0,2.0e-6,true
tie_three_ua10_energy_economic_gurobi,r8-energy-bfff1dbe-659a-4bb0-920f-ea40ebebf7d7,validation/evaluation/normal_check/shared/rows/339,6-13-zero,0.0,2.0e-6,true
tie_three_ua10_energy_economic_gurobi,r8-energy-bfff1dbe-659a-4bb0-920f-ea40ebebf7d7,validation/evaluation/normal_check/shared/rows/340,6-13-zero,0.0,2.0e-6,true
tie_three_ua10_energy_economic_gurobi,r8-energy-bfff1dbe-659a-4bb0-920f-ea40ebebf7d7,validation/evaluation/normal_check/shared/rows/341,6-13-zero,0.0,2.0e-6,true
tie_three_ua10_energy_economic_gurobi,r8-energy-bfff1dbe-659a-4bb0-920f-ea40ebebf7d7,validation/evaluation/normal_check/shared/rows/342,6-13-zero,0.0,2.0e-6,true
tie_three_ua10_energy_economic_gurobi,r8-energy-bfff1dbe-659a-4bb0-920f-ea40ebebf7d7,validation/evaluation/normal_check/shared/rows/343,6-8:10,0.0,3.4e-6,true
tie_three_ua10_energy_economic_gurobi,r8-energy-bfff1dbe-659a-4bb0-920f-ea40ebebf7d7,validation/evaluation/normal_check/shared/rows/344,6-9,0.0,3.4e-6,true
tie_three_ua10_energy_economic_gurobi,r8-energy-bfff1dbe-659a-4bb0-920f-ea40ebebf7d7,validation/evaluation/normal_check/shared/rows/345,6-11,0.0,3.4e-6,true
tie_three_ua10_energy_economic_gurobi,r8-energy-bfff1dbe-659a-4bb0-920f-ea40ebebf7d7,validation/evaluation/normal_check/shared/rows/346,6-12-ch,0.0,3.4e-6,true
tie_three_ua10_energy_economic_gurobi,r8-energy-bfff1dbe-659a-4bb0-920f-ea40ebebf7d7,validation/evaluation/normal_check/shared/rows/347,6-12-dis,0.0,3.4e-6,true
tie_three_ua10_energy_economic_gurobi,r8-energy-bfff1dbe-659a-4bb0-920f-ea40ebebf7d7,validation/evaluation/normal_check/shared/rows/348,6-8:10,0.0,3.4e-6,true
tie_three_ua10_energy_economic_gurobi,r8-energy-bfff1dbe-659a-4bb0-920f-ea40ebebf7d7,validation/evaluation/normal_check/shared/rows/349,6-9,0.0,3.4e-6,true
tie_three_ua10_energy_economic_gurobi,r8-energy-bfff1dbe-659a-4bb0-920f-ea40ebebf7d7,validation/evaluation/normal_check/shared/rows/350,6-11,0.0,3.4e-6,true
tie_three_ua10_energy_economic_gurobi,r8-energy-bfff1dbe-659a-4bb0-920f-ea40ebebf7d7,validation/evaluation/normal_check/shared/rows/351,6-12-ch,0.0,3.4e-6,true
tie_three_ua10_energy_economic_gurobi,r8-energy-bfff1dbe-659a-4bb0-920f-ea40ebebf7d7,validation/evaluation/normal_check/shared/rows/352,6-12-dis,0.0,3.4e-6,true
tie_three_ua10_energy_economic_gurobi,r8-energy-bfff1dbe-659a-4bb0-920f-ea40ebebf7d7,validation/evaluation/normal_check/shared/rows/353,6-8:10,0.0,3.4e-6,true
tie_three_ua10_energy_economic_gurobi,r8-energy-bfff1dbe-659a-4bb0-920f-ea40ebebf7d7,validation/evaluation/normal_check/shared/rows/354,6-9,0.0,3.4e-6,true
tie_three_ua10_energy_economic_gurobi,r8-energy-bfff1dbe-659a-4bb0-920f-ea40ebebf7d7,validation/evaluation/normal_check/shared/rows/355,6-11,0.0,3.4e-6,true
tie_three_ua10_energy_economic_gurobi,r8-energy-bfff1dbe-659a-4bb0-920f-ea40ebebf7d7,validation/evaluation/normal_check/shared/rows/356,6-12-ch,0.0,3.4e-6,true
tie_three_ua10_energy_economic_gurobi,r8-energy-bfff1dbe-659a-4bb0-920f-ea40ebebf7d7,validation/evaluation/normal_check/shared/rows/357,6-12-dis,0.0,3.4e-6,true
tie_three_ua10_energy_economic_gurobi,r8-energy-bfff1dbe-659a-4bb0-920f-ea40ebebf7d7,validation/evaluation/normal_check/shared/rows/358,6-8:10,0.0,3.4e-6,true
tie_three_ua10_energy_economic_gurobi,r8-energy-bfff1dbe-659a-4bb0-920f-ea40ebebf7d7,validation/evaluation/normal_check/shared/rows/359,6-9,0.0,3.4e-6,true
tie_three_ua10_energy_economic_gurobi,r8-energy-bfff1dbe-659a-4bb0-920f-ea40ebebf7d7,validation/evaluation/normal_check/shared/rows/360,6-11,0.0,3.4e-6,true
tie_three_ua10_energy_economic_gurobi,r8-energy-bfff1dbe-659a-4bb0-920f-ea40ebebf7d7,validation/evaluation/normal_check/shared/rows/361,6-12-ch,0.0,3.4e-6,true
tie_three_ua10_energy_economic_gurobi,r8-energy-bfff1dbe-659a-4bb0-920f-ea40ebebf7d7,validation/evaluation/normal_check/shared/rows/362,6-12-dis,0.0,3.4e-6,true
tie_three_ua10_energy_economic_gurobi,r8-energy-bfff1dbe-659a-4bb0-920f-ea40ebebf7d7,validation/evaluation/normal_check/shared/rows/363,6-8:10,0.0,3.4e-6,true
tie_three_ua10_energy_economic_gurobi,r8-energy-bfff1dbe-659a-4bb0-920f-ea40ebebf7d7,validation/evaluation/normal_check/shared/rows/364,6-9,0.0,3.4e-6,true
tie_three_ua10_energy_economic_gurobi,r8-energy-bfff1dbe-659a-4bb0-920f-ea40ebebf7d7,validation/evaluation/normal_check/shared/rows/365,6-11,0.0,3.4e-6,true
tie_three_ua10_energy_economic_gurobi,r8-energy-bfff1dbe-659a-4bb0-920f-ea40ebebf7d7,validation/evaluation/normal_check/shared/rows/366,6-12-ch,0.0,3.4e-6,true
tie_three_ua10_energy_economic_gurobi,r8-energy-bfff1dbe-659a-4bb0-920f-ea40ebebf7d7,validation/evaluation/normal_check/shared/rows/367,6-12-dis,0.0,3.4e-6,true
tie_three_ua10_energy_economic_gurobi,r8-energy-bfff1dbe-659a-4bb0-920f-ea40ebebf7d7,validation/evaluation/normal_check/shared/rows/368,6-8:10,0.0,3.4e-6,true
tie_three_ua10_energy_economic_gurobi,r8-energy-bfff1dbe-659a-4bb0-920f-ea40ebebf7d7,validation/evaluation/normal_check/shared/rows/369,6-9,0.0,3.4e-6,true
tie_three_ua10_energy_economic_gurobi,r8-energy-bfff1dbe-659a-4bb0-920f-ea40ebebf7d7,validation/evaluation/normal_check/shared/rows/370,6-11,0.0,3.4e-6,true
tie_three_ua10_energy_economic_gurobi,r8-energy-bfff1dbe-659a-4bb0-920f-ea40ebebf7d7,validation/evaluation/normal_check/shared/rows/371,6-12-ch,0.0,3.4e-6,true
tie_three_ua10_energy_economic_gurobi,r8-energy-bfff1dbe-659a-4bb0-920f-ea40ebebf7d7,validation/evaluation/normal_check/shared/rows/372,6-12-dis,0.0,3.4e-6,true
tie_three_ua10_energy_economic_gurobi,r8-energy-bfff1dbe-659a-4bb0-920f-ea40ebebf7d7,validation/evaluation/normal_check/shared/rows/373,6-8:10,0.0,3.4e-6,true
tie_three_ua10_energy_economic_gurobi,r8-energy-bfff1dbe-659a-4bb0-920f-ea40ebebf7d7,validation/evaluation/normal_check/shared/rows/374,6-9,0.0,3.4e-6,true
tie_three_ua10_energy_economic_gurobi,r8-energy-bfff1dbe-659a-4bb0-920f-ea40ebebf7d7,validation/evaluation/normal_check/shared/rows/375,6-11,0.0,3.4e-6,true
tie_three_ua10_energy_economic_gurobi,r8-energy-bfff1dbe-659a-4bb0-920f-ea40ebebf7d7,validation/evaluation/normal_check/shared/rows/376,6-12-ch,0.0,3.4e-6,true
tie_three_ua10_energy_economic_gurobi,r8-energy-bfff1dbe-659a-4bb0-920f-ea40ebebf7d7,validation/evaluation/normal_check/shared/rows/377,6-12-dis,0.0,3.4e-6,true
tie_three_ua10_energy_economic_gurobi,r8-energy-bfff1dbe-659a-4bb0-920f-ea40ebebf7d7,validation/evaluation/normal_check/shared/rows/378,6-8:10,0.0,3.4e-6,true
tie_three_ua10_energy_economic_gurobi,r8-energy-bfff1dbe-659a-4bb0-920f-ea40ebebf7d7,validation/evaluation/normal_check/shared/rows/379,6-9,0.0,3.4e-6,true
tie_three_ua10_energy_economic_gurobi,r8-energy-bfff1dbe-659a-4bb0-920f-ea40ebebf7d7,validation/evaluation/normal_check/shared/rows/380,6-11,0.0,3.4e-6,true
tie_three_ua10_energy_economic_gurobi,r8-energy-bfff1dbe-659a-4bb0-920f-ea40ebebf7d7,validation/evaluation/normal_check/shared/rows/381,6-12-ch,0.0,3.4e-6,true
tie_three_ua10_energy_economic_gurobi,r8-energy-bfff1dbe-659a-4bb0-920f-ea40ebebf7d7,validation/evaluation/normal_check/shared/rows/382,6-12-dis,0.0,3.4e-6,true
tie_three_ua10_energy_economic_gurobi,r8-energy-bfff1dbe-659a-4bb0-920f-ea40ebebf7d7,validation/evaluation/normal_check/shared/rows/383,6-13-zero,0.0,2.0e-6,true
tie_three_ua10_energy_economic_gurobi,r8-energy-bfff1dbe-659a-4bb0-920f-ea40ebebf7d7,validation/evaluation/normal_check/shared/rows/384,6-13-zero,0.0,2.0e-6,true
tie_three_ua10_energy_economic_gurobi,r8-energy-bfff1dbe-659a-4bb0-920f-ea40ebebf7d7,validation/evaluation/normal_check/shared/rows/385,6-13-zero,0.0,2.0e-6,true
tie_three_ua10_energy_economic_gurobi,r8-energy-bfff1dbe-659a-4bb0-920f-ea40ebebf7d7,validation/evaluation/normal_check/shared/rows/386,6-13-zero,0.0,2.0e-6,true
tie_three_ua10_energy_economic_gurobi,r8-energy-bfff1dbe-659a-4bb0-920f-ea40ebebf7d7,validation/evaluation/normal_check/shared/rows/387,6-13-zero,0.0,2.0e-6,true
tie_three_ua10_energy_economic_gurobi,r8-energy-bfff1dbe-659a-4bb0-920f-ea40ebebf7d7,validation/evaluation/normal_check/shared/rows/388,6-13-zero,0.0,2.0e-6,true
tie_three_ua10_energy_economic_gurobi,r8-energy-bfff1dbe-659a-4bb0-920f-ea40ebebf7d7,validation/evaluation/normal_check/shared/rows/389,6-13-zero,0.0,2.0e-6,true
tie_three_ua10_energy_economic_gurobi,r8-energy-bfff1dbe-659a-4bb0-920f-ea40ebebf7d7,validation/evaluation/normal_check/shared/rows/390,6-13-zero,0.0,2.0e-6,true
tie_three_ua10_energy_economic_gurobi,r8-energy-bfff1dbe-659a-4bb0-920f-ea40ebebf7d7,validation/evaluation/normal_check/shared/rows/391,6-13-zero,0.0,2.0e-6,true
tie_three_ua10_energy_economic_gurobi,r8-energy-bfff1dbe-659a-4bb0-920f-ea40ebebf7d7,validation/evaluation/normal_check/shared/rows/392,6-13-zero,0.0,2.0e-6,true
tie_three_ua10_energy_economic_gurobi,r8-energy-bfff1dbe-659a-4bb0-920f-ea40ebebf7d7,validation/evaluation/normal_check/shared/rows/393,PCC-P,0.0,3.4e-6,true
tie_three_ua10_energy_economic_gurobi,r8-energy-bfff1dbe-659a-4bb0-920f-ea40ebebf7d7,validation/evaluation/normal_check/shared/rows/394,PCC-Q,0.0,3.4e-6,true
tie_three_ua10_energy_economic_gurobi,r8-energy-bfff1dbe-659a-4bb0-920f-ea40ebebf7d7,validation/evaluation/normal_check/shared/rows/395,6-22,0.0,1.0e-6,true
tie_three_ua10_energy_economic_gurobi,r8-energy-bfff1dbe-659a-4bb0-920f-ea40ebebf7d7,validation/evaluation/normal_check/shared/rows/396,root-voltage,0.0,1.0e-6,true
tie_three_ua10_energy_economic_gurobi,r8-energy-bfff1dbe-659a-4bb0-920f-ea40ebebf7d7,validation/evaluation/normal_check/shared/rows/397,6-18:19,1.1102230246251565e-16,3.4e-6,true
tie_three_ua10_energy_economic_gurobi,r8-energy-bfff1dbe-659a-4bb0-920f-ea40ebebf7d7,validation/evaluation/normal_check/shared/rows/398,6-20,0.0,3.4e-6,true
tie_three_ua10_energy_economic_gurobi,r8-energy-bfff1dbe-659a-4bb0-920f-ea40ebebf7d7,validation/evaluation/normal_check/shared/rows/399,6-22,0.0,1.0e-6,true
tie_three_ua10_energy_economic_gurobi,r8-energy-bfff1dbe-659a-4bb0-920f-ea40ebebf7d7,validation/evaluation/normal_check/shared/rows/400,6-18:19,0.0,3.4e-6,true
tie_three_ua10_energy_economic_gurobi,r8-energy-bfff1dbe-659a-4bb0-920f-ea40ebebf7d7,validation/evaluation/normal_check/shared/rows/401,6-20,0.0,3.4e-6,true
tie_three_ua10_energy_economic_gurobi,r8-energy-bfff1dbe-659a-4bb0-920f-ea40ebebf7d7,validation/evaluation/normal_check/shared/rows/402,6-22,0.0,1.0e-6,true
tie_three_ua10_energy_economic_gurobi,r8-energy-bfff1dbe-659a-4bb0-920f-ea40ebebf7d7,validation/evaluation/normal_check/shared/rows/403,6-18:19,0.0,3.4e-6,true
tie_three_ua10_energy_economic_gurobi,r8-energy-bfff1dbe-659a-4bb0-920f-ea40ebebf7d7,validation/evaluation/normal_check/shared/rows/404,6-20,0.0,3.4e-6,true
tie_three_ua10_energy_economic_gurobi,r8-energy-bfff1dbe-659a-4bb0-920f-ea40ebebf7d7,validation/evaluation/normal_check/shared/rows/405,6-24:25,0.0,3.4e-6,true
tie_three_ua10_energy_economic_gurobi,r8-energy-bfff1dbe-659a-4bb0-920f-ea40ebebf7d7,validation/evaluation/normal_check/shared/rows/406,6-24:25,0.0,3.4e-6,true
tie_three_ua10_energy_economic_gurobi,r8-energy-bfff1dbe-659a-4bb0-920f-ea40ebebf7d7,validation/evaluation/normal_check/shared/rows/407,R7-D-voltage,6.938893903907228e-18,1.0e-6,true
tie_three_ua10_energy_economic_gurobi,r8-energy-bfff1dbe-659a-4bb0-920f-ea40ebebf7d7,validation/evaluation/normal_check/shared/rows/408,6-24:25,0.0,3.4e-6,true
tie_three_ua10_energy_economic_gurobi,r8-energy-bfff1dbe-659a-4bb0-920f-ea40ebebf7d7,validation/evaluation/normal_check/shared/rows/409,6-24:25,0.0,3.4e-6,true
tie_three_ua10_energy_economic_gurobi,r8-energy-bfff1dbe-659a-4bb0-920f-ea40ebebf7d7,validation/evaluation/normal_check/shared/rows/410,R7-D-voltage,3.469446951953614e-18,1.0e-6,true
tie_three_ua10_energy_economic_gurobi,r8-energy-bfff1dbe-659a-4bb0-920f-ea40ebebf7d7,validation/evaluation/normal_check/shared/rows/411,6-24:25,0.0,3.4e-6,true
tie_three_ua10_energy_economic_gurobi,r8-energy-bfff1dbe-659a-4bb0-920f-ea40ebebf7d7,validation/evaluation/normal_check/shared/rows/412,6-24:25,0.0,3.4e-6,true
tie_three_ua10_energy_economic_gurobi,r8-energy-bfff1dbe-659a-4bb0-920f-ea40ebebf7d7,validation/evaluation/normal_check/shared/rows/413,PCC-P,0.0,3.4e-6,true
tie_three_ua10_energy_economic_gurobi,r8-energy-bfff1dbe-659a-4bb0-920f-ea40ebebf7d7,validation/evaluation/normal_check/shared/rows/414,PCC-Q,0.0,3.4e-6,true
tie_three_ua10_energy_economic_gurobi,r8-energy-bfff1dbe-659a-4bb0-920f-ea40ebebf7d7,validation/evaluation/normal_check/shared/rows/415,6-22,0.0,1.0e-6,true
tie_three_ua10_energy_economic_gurobi,r8-energy-bfff1dbe-659a-4bb0-920f-ea40ebebf7d7,validation/evaluation/normal_check/shared/rows/416,root-voltage,0.0,1.0e-6,true
tie_three_ua10_energy_economic_gurobi,r8-energy-bfff1dbe-659a-4bb0-920f-ea40ebebf7d7,validation/evaluation/normal_check/shared/rows/417,6-18:19,1.1102230246251565e-16,3.4e-6,true
tie_three_ua10_energy_economic_gurobi,r8-energy-bfff1dbe-659a-4bb0-920f-ea40ebebf7d7,validation/evaluation/normal_check/shared/rows/418,6-20,0.0,3.4e-6,true
tie_three_ua10_energy_economic_gurobi,r8-energy-bfff1dbe-659a-4bb0-920f-ea40ebebf7d7,validation/evaluation/normal_check/shared/rows/419,6-22,0.0,1.0e-6,true
tie_three_ua10_energy_economic_gurobi,r8-energy-bfff1dbe-659a-4bb0-920f-ea40ebebf7d7,validation/evaluation/normal_check/shared/rows/420,6-18:19,0.0,3.4e-6,true
tie_three_ua10_energy_economic_gurobi,r8-energy-bfff1dbe-659a-4bb0-920f-ea40ebebf7d7,validation/evaluation/normal_check/shared/rows/421,6-20,0.0,3.4e-6,true
tie_three_ua10_energy_economic_gurobi,r8-energy-bfff1dbe-659a-4bb0-920f-ea40ebebf7d7,validation/evaluation/normal_check/shared/rows/422,6-22,0.0,1.0e-6,true
tie_three_ua10_energy_economic_gurobi,r8-energy-bfff1dbe-659a-4bb0-920f-ea40ebebf7d7,validation/evaluation/normal_check/shared/rows/423,6-18:19,0.0,3.4e-6,true
tie_three_ua10_energy_economic_gurobi,r8-energy-bfff1dbe-659a-4bb0-920f-ea40ebebf7d7,validation/evaluation/normal_check/shared/rows/424,6-20,0.0,3.4e-6,true
tie_three_ua10_energy_economic_gurobi,r8-energy-bfff1dbe-659a-4bb0-920f-ea40ebebf7d7,validation/evaluation/normal_check/shared/rows/425,6-24:25,0.0,3.4e-6,true
tie_three_ua10_energy_economic_gurobi,r8-energy-bfff1dbe-659a-4bb0-920f-ea40ebebf7d7,validation/evaluation/normal_check/shared/rows/426,6-24:25,0.0,3.4e-6,true
tie_three_ua10_energy_economic_gurobi,r8-energy-bfff1dbe-659a-4bb0-920f-ea40ebebf7d7,validation/evaluation/normal_check/shared/rows/427,R7-D-voltage,6.938893903907228e-18,1.0e-6,true
tie_three_ua10_energy_economic_gurobi,r8-energy-bfff1dbe-659a-4bb0-920f-ea40ebebf7d7,validation/evaluation/normal_check/shared/rows/428,6-24:25,0.0,3.4e-6,true
tie_three_ua10_energy_economic_gurobi,r8-energy-bfff1dbe-659a-4bb0-920f-ea40ebebf7d7,validation/evaluation/normal_check/shared/rows/429,6-24:25,0.0,3.4e-6,true
tie_three_ua10_energy_economic_gurobi,r8-energy-bfff1dbe-659a-4bb0-920f-ea40ebebf7d7,validation/evaluation/normal_check/shared/rows/430,R7-D-voltage,3.469446951953614e-18,1.0e-6,true
tie_three_ua10_energy_economic_gurobi,r8-energy-bfff1dbe-659a-4bb0-920f-ea40ebebf7d7,validation/evaluation/normal_check/shared/rows/431,6-24:25,0.0,3.4e-6,true
tie_three_ua10_energy_economic_gurobi,r8-energy-bfff1dbe-659a-4bb0-920f-ea40ebebf7d7,validation/evaluation/normal_check/shared/rows/432,6-24:25,0.0,3.4e-6,true
tie_three_ua10_energy_economic_gurobi,r8-energy-bfff1dbe-659a-4bb0-920f-ea40ebebf7d7,validation/evaluation/normal_check/shared/rows/433,PCC-P,0.0,3.4e-6,true
tie_three_ua10_energy_economic_gurobi,r8-energy-bfff1dbe-659a-4bb0-920f-ea40ebebf7d7,validation/evaluation/normal_check/shared/rows/434,PCC-Q,0.0,3.4e-6,true
tie_three_ua10_energy_economic_gurobi,r8-energy-bfff1dbe-659a-4bb0-920f-ea40ebebf7d7,validation/evaluation/normal_check/shared/rows/435,6-22,0.0,1.0e-6,true
tie_three_ua10_energy_economic_gurobi,r8-energy-bfff1dbe-659a-4bb0-920f-ea40ebebf7d7,validation/evaluation/normal_check/shared/rows/436,root-voltage,0.0,1.0e-6,true
tie_three_ua10_energy_economic_gurobi,r8-energy-bfff1dbe-659a-4bb0-920f-ea40ebebf7d7,validation/evaluation/normal_check/shared/rows/437,6-18:19,0.0,3.4e-6,true
tie_three_ua10_energy_economic_gurobi,r8-energy-bfff1dbe-659a-4bb0-920f-ea40ebebf7d7,validation/evaluation/normal_check/shared/rows/438,6-20,0.0,3.4e-6,true
tie_three_ua10_energy_economic_gurobi,r8-energy-bfff1dbe-659a-4bb0-920f-ea40ebebf7d7,validation/evaluation/normal_check/shared/rows/439,6-22,0.0,1.0e-6,true
tie_three_ua10_energy_economic_gurobi,r8-energy-bfff1dbe-659a-4bb0-920f-ea40ebebf7d7,validation/evaluation/normal_check/shared/rows/440,6-18:19,0.0,3.4e-6,true
tie_three_ua10_energy_economic_gurobi,r8-energy-bfff1dbe-659a-4bb0-920f-ea40ebebf7d7,validation/evaluation/normal_check/shared/rows/441,6-20,0.0,3.4e-6,true
tie_three_ua10_energy_economic_gurobi,r8-energy-bfff1dbe-659a-4bb0-920f-ea40ebebf7d7,validation/evaluation/normal_check/shared/rows/442,6-22,0.0,1.0e-6,true
tie_three_ua10_energy_economic_gurobi,r8-energy-bfff1dbe-659a-4bb0-920f-ea40ebebf7d7,validation/evaluation/normal_check/shared/rows/443,6-18:19,0.0,3.4e-6,true
tie_three_ua10_energy_economic_gurobi,r8-energy-bfff1dbe-659a-4bb0-920f-ea40ebebf7d7,validation/evaluation/normal_check/shared/rows/444,6-20,0.0,3.4e-6,true
tie_three_ua10_energy_economic_gurobi,r8-energy-bfff1dbe-659a-4bb0-920f-ea40ebebf7d7,validation/evaluation/normal_check/shared/rows/445,6-24:25,0.0,3.4e-6,true
tie_three_ua10_energy_economic_gurobi,r8-energy-bfff1dbe-659a-4bb0-920f-ea40ebebf7d7,validation/evaluation/normal_check/shared/rows/446,6-24:25,0.0,3.4e-6,true
tie_three_ua10_energy_economic_gurobi,r8-energy-bfff1dbe-659a-4bb0-920f-ea40ebebf7d7,validation/evaluation/normal_check/shared/rows/447,R7-D-voltage,6.938893903907228e-18,1.0e-6,true
tie_three_ua10_energy_economic_gurobi,r8-energy-bfff1dbe-659a-4bb0-920f-ea40ebebf7d7,validation/evaluation/normal_check/shared/rows/448,6-24:25,0.0,3.4e-6,true
tie_three_ua10_energy_economic_gurobi,r8-energy-bfff1dbe-659a-4bb0-920f-ea40ebebf7d7,validation/evaluation/normal_check/shared/rows/449,6-24:25,0.0,3.4e-6,true
tie_three_ua10_energy_economic_gurobi,r8-energy-bfff1dbe-659a-4bb0-920f-ea40ebebf7d7,validation/evaluation/normal_check/shared/rows/450,R7-D-voltage,3.469446951953614e-18,1.0e-6,true
tie_three_ua10_energy_economic_gurobi,r8-energy-bfff1dbe-659a-4bb0-920f-ea40ebebf7d7,validation/evaluation/normal_check/shared/rows/451,6-24:25,0.0,3.4e-6,true
tie_three_ua10_energy_economic_gurobi,r8-energy-bfff1dbe-659a-4bb0-920f-ea40ebebf7d7,validation/evaluation/normal_check/shared/rows/452,6-24:25,0.0,3.4e-6,true
tie_three_ua10_energy_economic_gurobi,r8-energy-bfff1dbe-659a-4bb0-920f-ea40ebebf7d7,validation/evaluation/normal_check/shared/rows/453,PCC-P,0.0,3.4e-6,true
tie_three_ua10_energy_economic_gurobi,r8-energy-bfff1dbe-659a-4bb0-920f-ea40ebebf7d7,validation/evaluation/normal_check/shared/rows/454,PCC-Q,0.0,3.4e-6,true
tie_three_ua10_energy_economic_gurobi,r8-energy-bfff1dbe-659a-4bb0-920f-ea40ebebf7d7,validation/evaluation/normal_check/shared/rows/455,6-22,0.0,1.0e-6,true
tie_three_ua10_energy_economic_gurobi,r8-energy-bfff1dbe-659a-4bb0-920f-ea40ebebf7d7,validation/evaluation/normal_check/shared/rows/456,root-voltage,0.0,1.0e-6,true
tie_three_ua10_energy_economic_gurobi,r8-energy-bfff1dbe-659a-4bb0-920f-ea40ebebf7d7,validation/evaluation/normal_check/shared/rows/457,6-18:19,0.0,3.4e-6,true
tie_three_ua10_energy_economic_gurobi,r8-energy-bfff1dbe-659a-4bb0-920f-ea40ebebf7d7,validation/evaluation/normal_check/shared/rows/458,6-20,0.0,3.4e-6,true
tie_three_ua10_energy_economic_gurobi,r8-energy-bfff1dbe-659a-4bb0-920f-ea40ebebf7d7,validation/evaluation/normal_check/shared/rows/459,6-22,0.0,1.0e-6,true
tie_three_ua10_energy_economic_gurobi,r8-energy-bfff1dbe-659a-4bb0-920f-ea40ebebf7d7,validation/evaluation/normal_check/shared/rows/460,6-18:19,0.0,3.4e-6,true
tie_three_ua10_energy_economic_gurobi,r8-energy-bfff1dbe-659a-4bb0-920f-ea40ebebf7d7,validation/evaluation/normal_check/shared/rows/461,6-20,0.0,3.4e-6,true
tie_three_ua10_energy_economic_gurobi,r8-energy-bfff1dbe-659a-4bb0-920f-ea40ebebf7d7,validation/evaluation/normal_check/shared/rows/462,6-22,0.0,1.0e-6,true
tie_three_ua10_energy_economic_gurobi,r8-energy-bfff1dbe-659a-4bb0-920f-ea40ebebf7d7,validation/evaluation/normal_check/shared/rows/463,6-18:19,0.0,3.4e-6,true
tie_three_ua10_energy_economic_gurobi,r8-energy-bfff1dbe-659a-4bb0-920f-ea40ebebf7d7,validation/evaluation/normal_check/shared/rows/464,6-20,0.0,3.4e-6,true
tie_three_ua10_energy_economic_gurobi,r8-energy-bfff1dbe-659a-4bb0-920f-ea40ebebf7d7,validation/evaluation/normal_check/shared/rows/465,6-24:25,0.0,3.4e-6,true
tie_three_ua10_energy_economic_gurobi,r8-energy-bfff1dbe-659a-4bb0-920f-ea40ebebf7d7,validation/evaluation/normal_check/shared/rows/466,6-24:25,0.0,3.4e-6,true
tie_three_ua10_energy_economic_gurobi,r8-energy-bfff1dbe-659a-4bb0-920f-ea40ebebf7d7,validation/evaluation/normal_check/shared/rows/467,R7-D-voltage,6.938893903907228e-18,1.0e-6,true
tie_three_ua10_energy_economic_gurobi,r8-energy-bfff1dbe-659a-4bb0-920f-ea40ebebf7d7,validation/evaluation/normal_check/shared/rows/468,6-24:25,0.0,3.4e-6,true
tie_three_ua10_energy_economic_gurobi,r8-energy-bfff1dbe-659a-4bb0-920f-ea40ebebf7d7,validation/evaluation/normal_check/shared/rows/469,6-24:25,0.0,3.4e-6,true
tie_three_ua10_energy_economic_gurobi,r8-energy-bfff1dbe-659a-4bb0-920f-ea40ebebf7d7,validation/evaluation/normal_check/shared/rows/470,R7-D-voltage,3.469446951953614e-18,1.0e-6,true
tie_three_ua10_energy_economic_gurobi,r8-energy-bfff1dbe-659a-4bb0-920f-ea40ebebf7d7,validation/evaluation/normal_check/shared/rows/471,6-24:25,0.0,3.4e-6,true
tie_three_ua10_energy_economic_gurobi,r8-energy-bfff1dbe-659a-4bb0-920f-ea40ebebf7d7,validation/evaluation/normal_check/shared/rows/472,6-24:25,0.0,3.4e-6,true
tie_three_ua10_energy_economic_gurobi,r8-energy-bfff1dbe-659a-4bb0-920f-ea40ebebf7d7,validation/evaluation/normal_check/shared/rows/473,PCC-P,0.0,3.4e-6,true
tie_three_ua10_energy_economic_gurobi,r8-energy-bfff1dbe-659a-4bb0-920f-ea40ebebf7d7,validation/evaluation/normal_check/shared/rows/474,PCC-Q,0.0,3.4e-6,true
tie_three_ua10_energy_economic_gurobi,r8-energy-bfff1dbe-659a-4bb0-920f-ea40ebebf7d7,validation/evaluation/normal_check/shared/rows/475,6-22,0.0,1.0e-6,true
tie_three_ua10_energy_economic_gurobi,r8-energy-bfff1dbe-659a-4bb0-920f-ea40ebebf7d7,validation/evaluation/normal_check/shared/rows/476,root-voltage,0.0,1.0e-6,true
tie_three_ua10_energy_economic_gurobi,r8-energy-bfff1dbe-659a-4bb0-920f-ea40ebebf7d7,validation/evaluation/normal_check/shared/rows/477,6-18:19,0.0,3.4e-6,true
tie_three_ua10_energy_economic_gurobi,r8-energy-bfff1dbe-659a-4bb0-920f-ea40ebebf7d7,validation/evaluation/normal_check/shared/rows/478,6-20,0.0,3.4e-6,true
tie_three_ua10_energy_economic_gurobi,r8-energy-bfff1dbe-659a-4bb0-920f-ea40ebebf7d7,validation/evaluation/normal_check/shared/rows/479,6-22,0.0,1.0e-6,true
tie_three_ua10_energy_economic_gurobi,r8-energy-bfff1dbe-659a-4bb0-920f-ea40ebebf7d7,validation/evaluation/normal_check/shared/rows/480,6-18:19,0.0,3.4e-6,true
tie_three_ua10_energy_economic_gurobi,r8-energy-bfff1dbe-659a-4bb0-920f-ea40ebebf7d7,validation/evaluation/normal_check/shared/rows/481,6-20,0.0,3.4e-6,true
tie_three_ua10_energy_economic_gurobi,r8-energy-bfff1dbe-659a-4bb0-920f-ea40ebebf7d7,validation/evaluation/normal_check/shared/rows/482,6-22,0.0,1.0e-6,true
tie_three_ua10_energy_economic_gurobi,r8-energy-bfff1dbe-659a-4bb0-920f-ea40ebebf7d7,validation/evaluation/normal_check/shared/rows/483,6-18:19,0.0,3.4e-6,true
tie_three_ua10_energy_economic_gurobi,r8-energy-bfff1dbe-659a-4bb0-920f-ea40ebebf7d7,validation/evaluation/normal_check/shared/rows/484,6-20,0.0,3.4e-6,true
tie_three_ua10_energy_economic_gurobi,r8-energy-bfff1dbe-659a-4bb0-920f-ea40ebebf7d7,validation/evaluation/normal_check/shared/rows/485,6-24:25,0.0,3.4e-6,true
tie_three_ua10_energy_economic_gurobi,r8-energy-bfff1dbe-659a-4bb0-920f-ea40ebebf7d7,validation/evaluation/normal_check/shared/rows/486,6-24:25,0.0,3.4e-6,true
tie_three_ua10_energy_economic_gurobi,r8-energy-bfff1dbe-659a-4bb0-920f-ea40ebebf7d7,validation/evaluation/normal_check/shared/rows/487,R7-D-voltage,6.938893903907228e-18,1.0e-6,true
tie_three_ua10_energy_economic_gurobi,r8-energy-bfff1dbe-659a-4bb0-920f-ea40ebebf7d7,validation/evaluation/normal_check/shared/rows/488,6-24:25,0.0,3.4e-6,true
tie_three_ua10_energy_economic_gurobi,r8-energy-bfff1dbe-659a-4bb0-920f-ea40ebebf7d7,validation/evaluation/normal_check/shared/rows/489,6-24:25,0.0,3.4e-6,true
tie_three_ua10_energy_economic_gurobi,r8-energy-bfff1dbe-659a-4bb0-920f-ea40ebebf7d7,validation/evaluation/normal_check/shared/rows/490,R7-D-voltage,3.469446951953614e-18,1.0e-6,true
tie_three_ua10_energy_economic_gurobi,r8-energy-bfff1dbe-659a-4bb0-920f-ea40ebebf7d7,validation/evaluation/normal_check/shared/rows/491,6-24:25,0.0,3.4e-6,true
tie_three_ua10_energy_economic_gurobi,r8-energy-bfff1dbe-659a-4bb0-920f-ea40ebebf7d7,validation/evaluation/normal_check/shared/rows/492,6-24:25,0.0,3.4e-6,true
tie_three_ua10_energy_economic_gurobi,r8-energy-bfff1dbe-659a-4bb0-920f-ea40ebebf7d7,validation/evaluation/normal_check/shared/rows/493,PCC-P,0.0,3.4e-6,true
tie_three_ua10_energy_economic_gurobi,r8-energy-bfff1dbe-659a-4bb0-920f-ea40ebebf7d7,validation/evaluation/normal_check/shared/rows/494,PCC-Q,0.0,3.4e-6,true
tie_three_ua10_energy_economic_gurobi,r8-energy-bfff1dbe-659a-4bb0-920f-ea40ebebf7d7,validation/evaluation/normal_check/shared/rows/495,6-22,0.0,1.0e-6,true
tie_three_ua10_energy_economic_gurobi,r8-energy-bfff1dbe-659a-4bb0-920f-ea40ebebf7d7,validation/evaluation/normal_check/shared/rows/496,root-voltage,0.0,1.0e-6,true
tie_three_ua10_energy_economic_gurobi,r8-energy-bfff1dbe-659a-4bb0-920f-ea40ebebf7d7,validation/evaluation/normal_check/shared/rows/497,6-18:19,0.0,3.4e-6,true
tie_three_ua10_energy_economic_gurobi,r8-energy-bfff1dbe-659a-4bb0-920f-ea40ebebf7d7,validation/evaluation/normal_check/shared/rows/498,6-20,0.0,3.4e-6,true
tie_three_ua10_energy_economic_gurobi,r8-energy-bfff1dbe-659a-4bb0-920f-ea40ebebf7d7,validation/evaluation/normal_check/shared/rows/499,6-22,0.0,1.0e-6,true
tie_three_ua10_energy_economic_gurobi,r8-energy-bfff1dbe-659a-4bb0-920f-ea40ebebf7d7,validation/evaluation/normal_check/shared/rows/500,6-18:19,0.0,3.4e-6,true
tie_three_ua10_energy_economic_gurobi,r8-energy-bfff1dbe-659a-4bb0-920f-ea40ebebf7d7,validation/evaluation/normal_check/shared/rows/501,6-20,0.0,3.4e-6,true
tie_three_ua10_energy_economic_gurobi,r8-energy-bfff1dbe-659a-4bb0-920f-ea40ebebf7d7,validation/evaluation/normal_check/shared/rows/502,6-22,0.0,1.0e-6,true
tie_three_ua10_energy_economic_gurobi,r8-energy-bfff1dbe-659a-4bb0-920f-ea40ebebf7d7,validation/evaluation/normal_check/shared/rows/503,6-18:19,0.0,3.4e-6,true
tie_three_ua10_energy_economic_gurobi,r8-energy-bfff1dbe-659a-4bb0-920f-ea40ebebf7d7,validation/evaluation/normal_check/shared/rows/504,6-20,0.0,3.4e-6,true
tie_three_ua10_energy_economic_gurobi,r8-energy-bfff1dbe-659a-4bb0-920f-ea40ebebf7d7,validation/evaluation/normal_check/shared/rows/505,6-24:25,0.0,3.4e-6,true
tie_three_ua10_energy_economic_gurobi,r8-energy-bfff1dbe-659a-4bb0-920f-ea40ebebf7d7,validation/evaluation/normal_check/shared/rows/506,6-24:25,0.0,3.4e-6,true
tie_three_ua10_energy_economic_gurobi,r8-energy-bfff1dbe-659a-4bb0-920f-ea40ebebf7d7,validation/evaluation/normal_check/shared/rows/507,R7-D-voltage,6.938893903907228e-18,1.0e-6,true
tie_three_ua10_energy_economic_gurobi,r8-energy-bfff1dbe-659a-4bb0-920f-ea40ebebf7d7,validation/evaluation/normal_check/shared/rows/508,6-24:25,0.0,3.4e-6,true
tie_three_ua10_energy_economic_gurobi,r8-energy-bfff1dbe-659a-4bb0-920f-ea40ebebf7d7,validation/evaluation/normal_check/shared/rows/509,6-24:25,0.0,3.4e-6,true
tie_three_ua10_energy_economic_gurobi,r8-energy-bfff1dbe-659a-4bb0-920f-ea40ebebf7d7,validation/evaluation/normal_check/shared/rows/510,R7-D-voltage,3.469446951953614e-18,1.0e-6,true
tie_three_ua10_energy_economic_gurobi,r8-energy-bfff1dbe-659a-4bb0-920f-ea40ebebf7d7,validation/evaluation/normal_check/shared/rows/511,6-24:25,0.0,3.4e-6,true
tie_three_ua10_energy_economic_gurobi,r8-energy-bfff1dbe-659a-4bb0-920f-ea40ebebf7d7,validation/evaluation/normal_check/shared/rows/512,6-24:25,0.0,3.4e-6,true
tie_three_ua10_energy_economic_gurobi,r8-energy-bfff1dbe-659a-4bb0-920f-ea40ebebf7d7,validation/evaluation/normal_check/shared/rows/513,PCC-P,0.0,3.4e-6,true
tie_three_ua10_energy_economic_gurobi,r8-energy-bfff1dbe-659a-4bb0-920f-ea40ebebf7d7,validation/evaluation/normal_check/shared/rows/514,PCC-Q,0.0,3.4e-6,true
tie_three_ua10_energy_economic_gurobi,r8-energy-bfff1dbe-659a-4bb0-920f-ea40ebebf7d7,validation/evaluation/normal_check/shared/rows/515,6-22,0.0,1.0e-6,true
tie_three_ua10_energy_economic_gurobi,r8-energy-bfff1dbe-659a-4bb0-920f-ea40ebebf7d7,validation/evaluation/normal_check/shared/rows/516,root-voltage,0.0,1.0e-6,true
tie_three_ua10_energy_economic_gurobi,r8-energy-bfff1dbe-659a-4bb0-920f-ea40ebebf7d7,validation/evaluation/normal_check/shared/rows/517,6-18:19,2.220446049250313e-16,3.4e-6,true
tie_three_ua10_energy_economic_gurobi,r8-energy-bfff1dbe-659a-4bb0-920f-ea40ebebf7d7,validation/evaluation/normal_check/shared/rows/518,6-20,0.0,3.4e-6,true
tie_three_ua10_energy_economic_gurobi,r8-energy-bfff1dbe-659a-4bb0-920f-ea40ebebf7d7,validation/evaluation/normal_check/shared/rows/519,6-22,0.0,1.0e-6,true
tie_three_ua10_energy_economic_gurobi,r8-energy-bfff1dbe-659a-4bb0-920f-ea40ebebf7d7,validation/evaluation/normal_check/shared/rows/520,6-18:19,0.0,3.4e-6,true
tie_three_ua10_energy_economic_gurobi,r8-energy-bfff1dbe-659a-4bb0-920f-ea40ebebf7d7,validation/evaluation/normal_check/shared/rows/521,6-20,0.0,3.4e-6,true
tie_three_ua10_energy_economic_gurobi,r8-energy-bfff1dbe-659a-4bb0-920f-ea40ebebf7d7,validation/evaluation/normal_check/shared/rows/522,6-22,0.0,1.0e-6,true
tie_three_ua10_energy_economic_gurobi,r8-energy-bfff1dbe-659a-4bb0-920f-ea40ebebf7d7,validation/evaluation/normal_check/shared/rows/523,6-18:19,0.0,3.4e-6,true
tie_three_ua10_energy_economic_gurobi,r8-energy-bfff1dbe-659a-4bb0-920f-ea40ebebf7d7,validation/evaluation/normal_check/shared/rows/524,6-20,0.0,3.4e-6,true
tie_three_ua10_energy_economic_gurobi,r8-energy-bfff1dbe-659a-4bb0-920f-ea40ebebf7d7,validation/evaluation/normal_check/shared/rows/525,6-24:25,0.0,3.4e-6,true
tie_three_ua10_energy_economic_gurobi,r8-energy-bfff1dbe-659a-4bb0-920f-ea40ebebf7d7,validation/evaluation/normal_check/shared/rows/526,6-24:25,0.0,3.4e-6,true
tie_three_ua10_energy_economic_gurobi,r8-energy-bfff1dbe-659a-4bb0-920f-ea40ebebf7d7,validation/evaluation/normal_check/shared/rows/527,R7-D-voltage,6.938893903907228e-18,1.0e-6,true
tie_three_ua10_energy_economic_gurobi,r8-energy-bfff1dbe-659a-4bb0-920f-ea40ebebf7d7,validation/evaluation/normal_check/shared/rows/528,6-24:25,0.0,3.4e-6,true
tie_three_ua10_energy_economic_gurobi,r8-energy-bfff1dbe-659a-4bb0-920f-ea40ebebf7d7,validation/evaluation/normal_check/shared/rows/529,6-24:25,0.0,3.4e-6,true
tie_three_ua10_energy_economic_gurobi,r8-energy-bfff1dbe-659a-4bb0-920f-ea40ebebf7d7,validation/evaluation/normal_check/shared/rows/530,R7-D-voltage,3.469446951953614e-18,1.0e-6,true
tie_three_ua10_energy_economic_gurobi,r8-energy-bfff1dbe-659a-4bb0-920f-ea40ebebf7d7,validation/evaluation/normal_check/shared/rows/531,6-24:25,0.0,3.4e-6,true
tie_three_ua10_energy_economic_gurobi,r8-energy-bfff1dbe-659a-4bb0-920f-ea40ebebf7d7,validation/evaluation/normal_check/shared/rows/532,6-24:25,0.0,3.4e-6,true
tie_three_ua10_energy_economic_gurobi,r8-energy-bfff1dbe-659a-4bb0-920f-ea40ebebf7d7,validation/evaluation/normal_check/shared/rows/533,PCC-P,0.0,3.4e-6,true
tie_three_ua10_energy_economic_gurobi,r8-energy-bfff1dbe-659a-4bb0-920f-ea40ebebf7d7,validation/evaluation/normal_check/shared/rows/534,PCC-Q,0.0,3.4e-6,true
tie_three_ua10_energy_economic_gurobi,r8-energy-bfff1dbe-659a-4bb0-920f-ea40ebebf7d7,validation/evaluation/normal_check/shared/rows/535,6-22,0.0,1.0e-6,true
tie_three_ua10_energy_economic_gurobi,r8-energy-bfff1dbe-659a-4bb0-920f-ea40ebebf7d7,validation/evaluation/normal_check/shared/rows/536,root-voltage,0.0,1.0e-6,true
tie_three_ua10_energy_economic_gurobi,r8-energy-bfff1dbe-659a-4bb0-920f-ea40ebebf7d7,validation/evaluation/normal_check/shared/rows/537,6-18:19,1.1102230246251565e-16,3.4e-6,true
tie_three_ua10_energy_economic_gurobi,r8-energy-bfff1dbe-659a-4bb0-920f-ea40ebebf7d7,validation/evaluation/normal_check/shared/rows/538,6-20,0.0,3.4e-6,true
tie_three_ua10_energy_economic_gurobi,r8-energy-bfff1dbe-659a-4bb0-920f-ea40ebebf7d7,validation/evaluation/normal_check/shared/rows/539,6-22,0.0,1.0e-6,true
tie_three_ua10_energy_economic_gurobi,r8-energy-bfff1dbe-659a-4bb0-920f-ea40ebebf7d7,validation/evaluation/normal_check/shared/rows/540,6-18:19,0.0,3.4e-6,true
tie_three_ua10_energy_economic_gurobi,r8-energy-bfff1dbe-659a-4bb0-920f-ea40ebebf7d7,validation/evaluation/normal_check/shared/rows/541,6-20,0.0,3.4e-6,true
tie_three_ua10_energy_economic_gurobi,r8-energy-bfff1dbe-659a-4bb0-920f-ea40ebebf7d7,validation/evaluation/normal_check/shared/rows/542,6-22,0.0,1.0e-6,true
tie_three_ua10_energy_economic_gurobi,r8-energy-bfff1dbe-659a-4bb0-920f-ea40ebebf7d7,validation/evaluation/normal_check/shared/rows/543,6-18:19,0.0,3.4e-6,true
tie_three_ua10_energy_economic_gurobi,r8-energy-bfff1dbe-659a-4bb0-920f-ea40ebebf7d7,validation/evaluation/normal_check/shared/rows/544,6-20,0.0,3.4e-6,true
tie_three_ua10_energy_economic_gurobi,r8-energy-bfff1dbe-659a-4bb0-920f-ea40ebebf7d7,validation/evaluation/normal_check/shared/rows/545,6-24:25,0.0,3.4e-6,true
tie_three_ua10_energy_economic_gurobi,r8-energy-bfff1dbe-659a-4bb0-920f-ea40ebebf7d7,validation/evaluation/normal_check/shared/rows/546,6-24:25,0.0,3.4e-6,true
tie_three_ua10_energy_economic_gurobi,r8-energy-bfff1dbe-659a-4bb0-920f-ea40ebebf7d7,validation/evaluation/normal_check/shared/rows/547,R7-D-voltage,6.938893903907228e-18,1.0e-6,true
tie_three_ua10_energy_economic_gurobi,r8-energy-bfff1dbe-659a-4bb0-920f-ea40ebebf7d7,validation/evaluation/normal_check/shared/rows/548,6-24:25,0.0,3.4e-6,true
tie_three_ua10_energy_economic_gurobi,r8-energy-bfff1dbe-659a-4bb0-920f-ea40ebebf7d7,validation/evaluation/normal_check/shared/rows/549,6-24:25,0.0,3.4e-6,true
tie_three_ua10_energy_economic_gurobi,r8-energy-bfff1dbe-659a-4bb0-920f-ea40ebebf7d7,validation/evaluation/normal_check/shared/rows/550,R7-D-voltage,3.469446951953614e-18,1.0e-6,true
tie_three_ua10_energy_economic_gurobi,r8-energy-bfff1dbe-659a-4bb0-920f-ea40ebebf7d7,validation/evaluation/normal_check/shared/rows/551,6-24:25,0.0,3.4e-6,true
tie_three_ua10_energy_economic_gurobi,r8-energy-bfff1dbe-659a-4bb0-920f-ea40ebebf7d7,validation/evaluation/normal_check/shared/rows/552,6-24:25,0.0,3.4e-6,true
tie_three_ua10_energy_economic_gurobi,r8-energy-bfff1dbe-659a-4bb0-920f-ea40ebebf7d7,validation/evaluation/normal_check/shared/rows/553,6-1,2.842170943040401e-14,0.00019174735238095239,true
tie_three_ua10_energy_economic_gurobi,r8-energy-bfff1dbe-659a-4bb0-920f-ea40ebebf7d7,validation/evaluation/rows/1,R8-E3-fixed,0.0,1.0e-6,true
tie_three_ua10_energy_economic_gurobi,r8-energy-bfff1dbe-659a-4bb0-920f-ea40ebebf7d7,validation/evaluation/rows/2,R8-E3-fixed,0.0,1.0e-6,true
tie_three_ua10_energy_economic_gurobi,r8-energy-bfff1dbe-659a-4bb0-920f-ea40ebebf7d7,validation/evaluation/rows/3,R8-E3-fixed,0.0,1.0e-6,true
tie_three_ua10_energy_economic_gurobi,r8-energy-bfff1dbe-659a-4bb0-920f-ea40ebebf7d7,validation/evaluation/rows/4,R8-E3-fixed,0.0,1.0e-6,true
tie_three_ua10_energy_economic_gurobi,r8-energy-bfff1dbe-659a-4bb0-920f-ea40ebebf7d7,validation/evaluation/rows/5,R8-E3-fixed,0.0,1.0e-6,true
tie_three_ua10_energy_economic_gurobi,r8-energy-bfff1dbe-659a-4bb0-920f-ea40ebebf7d7,validation/evaluation/rows/6,R8-E3-fixed,0.0,1.0e-6,true
tie_three_ua10_energy_economic_gurobi,r8-energy-bfff1dbe-659a-4bb0-920f-ea40ebebf7d7,validation/evaluation/rows/7,R8-E3-fixed,0.0,1.0e-6,true
tie_three_ua10_energy_economic_gurobi,r8-energy-bfff1dbe-659a-4bb0-920f-ea40ebebf7d7,validation/evaluation/rows/8,R8-E3-fixed,0.0,1.0e-6,true
tie_three_ua10_energy_economic_gurobi,r8-energy-bfff1dbe-659a-4bb0-920f-ea40ebebf7d7,validation/evaluation/rows/9,R8-E3-fixed,0.0,1.0e-6,true
tie_three_ua10_energy_economic_gurobi,r8-energy-bfff1dbe-659a-4bb0-920f-ea40ebebf7d7,validation/evaluation/rows/10,R8-E3-fixed,0.0,1.0e-6,true
tie_three_ua10_energy_economic_gurobi,r8-energy-bfff1dbe-659a-4bb0-920f-ea40ebebf7d7,validation/evaluation/rows/11,R8-E3-fixed,0.0,1.0e-6,true
tie_three_ua10_energy_economic_gurobi,r8-energy-bfff1dbe-659a-4bb0-920f-ea40ebebf7d7,validation/evaluation/rows/12,R8-E3-fixed,0.0,1.0e-6,true
tie_three_ua10_energy_economic_gurobi,r8-energy-bfff1dbe-659a-4bb0-920f-ea40ebebf7d7,validation/evaluation/rows/13,R8-E3-fixed,0.0,1.0e-6,true
tie_three_ua10_energy_economic_gurobi,r8-energy-bfff1dbe-659a-4bb0-920f-ea40ebebf7d7,validation/evaluation/rows/14,R8-E3-fixed,0.0,1.0e-6,true
tie_three_ua10_energy_economic_gurobi,r8-energy-bfff1dbe-659a-4bb0-920f-ea40ebebf7d7,validation/evaluation/rows/15,R8-E3-fixed,0.0,1.0e-6,true
tie_three_ua10_energy_economic_gurobi,r8-energy-bfff1dbe-659a-4bb0-920f-ea40ebebf7d7,validation/evaluation/rows/16,R8-E3-fixed,0.0,1.0e-6,true
tie_three_ua10_energy_economic_gurobi,r8-energy-bfff1dbe-659a-4bb0-920f-ea40ebebf7d7,validation/evaluation/rows/17,R8-E3-fixed,0.0,1.0e-6,true
tie_three_ua10_energy_economic_gurobi,r8-energy-bfff1dbe-659a-4bb0-920f-ea40ebebf7d7,validation/evaluation/rows/18,R8-E3-fixed,0.0,1.0e-6,true
tie_three_ua10_energy_economic_gurobi,r8-energy-bfff1dbe-659a-4bb0-920f-ea40ebebf7d7,validation/evaluation/rows/19,R8-E3-fixed,0.0,1.0e-6,true
tie_three_ua10_energy_economic_gurobi,r8-energy-bfff1dbe-659a-4bb0-920f-ea40ebebf7d7,validation/evaluation/rows/20,R8-E3-inherit,0.0,1.0e-6,true
tie_three_ua10_energy_economic_gurobi,r8-energy-bfff1dbe-659a-4bb0-920f-ea40ebebf7d7,validation/evaluation/rows/21,R8-E3-inherit,0.0,1.0e-6,true
tie_three_ua10_energy_economic_gurobi,r8-energy-bfff1dbe-659a-4bb0-920f-ea40ebebf7d7,validation/evaluation/rows/22,R8-E3-inherit,0.0,1.0e-6,true
tie_three_ua10_energy_economic_gurobi,r8-energy-bfff1dbe-659a-4bb0-920f-ea40ebebf7d7,validation/evaluation/rows/23,R8-E3-inherit,0.0,1.0e-6,true
tie_three_ua10_energy_economic_gurobi,r8-energy-bfff1dbe-659a-4bb0-920f-ea40ebebf7d7,validation/evaluation/rows/24,R8-T2-epigraph,0.0,1.0e-6,true
tie_three_ua10_energy_economic_gurobi,r8-energy-bfff1dbe-659a-4bb0-920f-ea40ebebf7d7,validation/evaluation/rows/25,R8-E3-inherit,0.0,1.0e-6,true
tie_three_ua10_energy_economic_gurobi,r8-energy-bfff1dbe-659a-4bb0-920f-ea40ebebf7d7,validation/evaluation/rows/26,R8-E3-inherit,0.0,1.0e-6,true
tie_three_ua10_energy_economic_gurobi,r8-energy-bfff1dbe-659a-4bb0-920f-ea40ebebf7d7,validation/evaluation/rows/27,R8-E3-inherit,0.0,1.0e-6,true
tie_three_ua10_energy_economic_gurobi,r8-energy-bfff1dbe-659a-4bb0-920f-ea40ebebf7d7,validation/evaluation/rows/28,R8-E3-inherit,0.0,1.0e-6,true
tie_three_ua10_energy_economic_gurobi,r8-energy-bfff1dbe-659a-4bb0-920f-ea40ebebf7d7,validation/evaluation/rows/29,R8-T2-epigraph,0.0,1.0e-6,true
tie_three_ua10_energy_economic_gurobi,r8-energy-bfff1dbe-659a-4bb0-920f-ea40ebebf7d7,validation/evaluation/rows/30,R8-E3-inherit,0.0,1.0e-6,true
tie_three_ua10_energy_economic_gurobi,r8-energy-bfff1dbe-659a-4bb0-920f-ea40ebebf7d7,validation/evaluation/rows/31,R8-E3-inherit,0.0,1.0e-6,true
tie_three_ua10_energy_economic_gurobi,r8-energy-bfff1dbe-659a-4bb0-920f-ea40ebebf7d7,validation/evaluation/rows/32,R8-E3-inherit,0.0,1.0e-6,true
tie_three_ua10_energy_economic_gurobi,r8-energy-bfff1dbe-659a-4bb0-920f-ea40ebebf7d7,validation/evaluation/rows/33,R8-E3-inherit,0.0,1.0e-6,true
tie_three_ua10_energy_economic_gurobi,r8-energy-bfff1dbe-659a-4bb0-920f-ea40ebebf7d7,validation/evaluation/rows/34,R8-T2-epigraph,0.0,1.0e-6,true
tie_three_ua10_energy_economic_gurobi,r8-energy-bfff1dbe-659a-4bb0-920f-ea40ebebf7d7,validation/evaluation/rows/35,R8-E3-inherit,0.0,1.0e-6,true
tie_three_ua10_energy_economic_gurobi,r8-energy-bfff1dbe-659a-4bb0-920f-ea40ebebf7d7,validation/evaluation/rows/36,R8-E3-inherit,0.0,1.0e-6,true
tie_three_ua10_energy_economic_gurobi,r8-energy-bfff1dbe-659a-4bb0-920f-ea40ebebf7d7,validation/evaluation/rows/37,R8-E3-inherit,0.0,1.0e-6,true
tie_three_ua10_energy_economic_gurobi,r8-energy-bfff1dbe-659a-4bb0-920f-ea40ebebf7d7,validation/evaluation/rows/38,R8-E3-inherit,0.0,1.0e-6,true
tie_three_ua10_energy_economic_gurobi,r8-energy-bfff1dbe-659a-4bb0-920f-ea40ebebf7d7,validation/evaluation/rows/39,R8-T2-epigraph,0.0,1.0e-6,true
tie_three_ua10_energy_economic_gurobi,r8-energy-bfff1dbe-659a-4bb0-920f-ea40ebebf7d7,validation/evaluation/rows/40,R8-E3-inherit,0.0,1.0e-6,true
tie_three_ua10_energy_economic_gurobi,r8-energy-bfff1dbe-659a-4bb0-920f-ea40ebebf7d7,validation/evaluation/rows/41,R8-E3-inherit,0.0,1.0e-6,true
tie_three_ua10_energy_economic_gurobi,r8-energy-bfff1dbe-659a-4bb0-920f-ea40ebebf7d7,validation/evaluation/rows/42,R8-E3-inherit,0.0,1.0e-6,true
tie_three_ua10_energy_economic_gurobi,r8-energy-bfff1dbe-659a-4bb0-920f-ea40ebebf7d7,validation/evaluation/rows/43,R8-E3-inherit,0.0,1.0e-6,true
tie_three_ua10_energy_economic_gurobi,r8-energy-bfff1dbe-659a-4bb0-920f-ea40ebebf7d7,validation/evaluation/rows/44,R8-T2-epigraph,0.0,1.0e-6,true
tie_three_ua10_energy_economic_gurobi,r8-energy-bfff1dbe-659a-4bb0-920f-ea40ebebf7d7,validation/evaluation/rows/45,R8-E3-inherit,0.0,1.0e-6,true
tie_three_ua10_energy_economic_gurobi,r8-energy-bfff1dbe-659a-4bb0-920f-ea40ebebf7d7,validation/evaluation/rows/46,R8-E3-inherit,0.0,1.0e-6,true
tie_three_ua10_energy_economic_gurobi,r8-energy-bfff1dbe-659a-4bb0-920f-ea40ebebf7d7,validation/evaluation/rows/47,R8-E3-inherit,0.0,1.0e-6,true
tie_three_ua10_energy_economic_gurobi,r8-energy-bfff1dbe-659a-4bb0-920f-ea40ebebf7d7,validation/evaluation/rows/48,R8-E3-inherit,0.0,1.0e-6,true
tie_three_ua10_energy_economic_gurobi,r8-energy-bfff1dbe-659a-4bb0-920f-ea40ebebf7d7,validation/evaluation/rows/49,R8-T2-epigraph,0.0,1.0e-6,true
tie_three_ua10_energy_economic_gurobi,r8-energy-bfff1dbe-659a-4bb0-920f-ea40ebebf7d7,validation/evaluation/rows/50,R8-T2-bound,0.0,1.0e-6,true
tie_three_ua10_energy_economic_gurobi,r8-energy-bfff1dbe-659a-4bb0-920f-ea40ebebf7d7,validation/evaluation/rows/51,R8-T2-bound,0.0,1.0e-6,true
tie_three_ua10_energy_economic_gurobi,r8-energy-bfff1dbe-659a-4bb0-920f-ea40ebebf7d7,validation/evaluation/rows/52,R8-E3-objective,0.0,1.0e-6,true
tie_three_ua10_energy_economic_gurobi,r8-energy-bfff1dbe-659a-4bb0-920f-ea40ebebf7d7,validation/evaluation/witness_checks/1/rows/1,R8-E2-capacity,0.0,3.4e-6,true
tie_three_ua10_energy_economic_gurobi,r8-energy-bfff1dbe-659a-4bb0-920f-ea40ebebf7d7,validation/evaluation/witness_checks/1/rows/2,R8-E2-capacity,0.0,3.4e-6,true
tie_three_ua10_energy_economic_gurobi,r8-energy-bfff1dbe-659a-4bb0-920f-ea40ebebf7d7,validation/evaluation/witness_checks/1/rows/3,R8-E1-balance,0.0,3.4e-6,true
tie_three_ua10_energy_economic_gurobi,r8-energy-bfff1dbe-659a-4bb0-920f-ea40ebebf7d7,validation/evaluation/witness_checks/1/rows/4,R8-E1-balance,5.551115123125783e-17,3.4e-6,true
tie_three_ua10_energy_economic_gurobi,r8-energy-bfff1dbe-659a-4bb0-920f-ea40ebebf7d7,validation/evaluation/witness_checks/1/rows/5,R8-E1-balance,0.0,3.4e-6,true
tie_three_ua10_energy_economic_gurobi,r8-energy-bfff1dbe-659a-4bb0-920f-ea40ebebf7d7,validation/evaluation/witness_checks/1/rows/6,R8-E1-balance,0.0,3.4e-6,true
tie_three_ua10_energy_economic_gurobi,r8-energy-bfff1dbe-659a-4bb0-920f-ea40ebebf7d7,validation/evaluation/witness_checks/1/shared/rows/1,R7-B1-bounds,0.0,1.0e-6,true
tie_three_ua10_energy_economic_gurobi,r8-energy-bfff1dbe-659a-4bb0-920f-ea40ebebf7d7,validation/evaluation/witness_checks/1/shared/rows/2,R7-B1-integer,0.0,1.0e-6,true
tie_three_ua10_energy_economic_gurobi,r8-energy-bfff1dbe-659a-4bb0-920f-ea40ebebf7d7,validation/evaluation/witness_checks/1/shared/rows/3,R7-B1-inactive,0.0,1.0e-6,true
tie_three_ua10_energy_economic_gurobi,r8-energy-bfff1dbe-659a-4bb0-920f-ea40ebebf7d7,validation/evaluation/witness_checks/1/shared/rows/4,R7-B1-bounds,0.0,1.0e-6,true
tie_three_ua10_energy_economic_gurobi,r8-energy-bfff1dbe-659a-4bb0-920f-ea40ebebf7d7,validation/evaluation/witness_checks/1/shared/rows/5,R7-B1-integer,0.0,1.0e-6,true
tie_three_ua10_energy_economic_gurobi,r8-energy-bfff1dbe-659a-4bb0-920f-ea40ebebf7d7,validation/evaluation/witness_checks/1/shared/rows/6,R7-B1-inactive,0.0,1.0e-6,true
tie_three_ua10_energy_economic_gurobi,r8-energy-bfff1dbe-659a-4bb0-920f-ea40ebebf7d7,validation/evaluation/witness_checks/1/shared/rows/7,R7-B1-bounds,0.0,1.0e-6,true
tie_three_ua10_energy_economic_gurobi,r8-energy-bfff1dbe-659a-4bb0-920f-ea40ebebf7d7,validation/evaluation/witness_checks/1/shared/rows/8,R7-B1-integer,0.0,1.0e-6,true
tie_three_ua10_energy_economic_gurobi,r8-energy-bfff1dbe-659a-4bb0-920f-ea40ebebf7d7,validation/evaluation/witness_checks/1/shared/rows/9,R7-B1-charge,0.0,3.4e-6,true
tie_three_ua10_energy_economic_gurobi,r8-energy-bfff1dbe-659a-4bb0-920f-ea40ebebf7d7,validation/evaluation/witness_checks/1/shared/rows/10,R7-B1-discharge,0.0,3.4e-6,true
tie_three_ua10_energy_economic_gurobi,r8-energy-bfff1dbe-659a-4bb0-920f-ea40ebebf7d7,validation/evaluation/witness_checks/1/shared/rows/11,R7-B1-nonsimultaneous,0.0,3.4e-6,true
tie_three_ua10_energy_economic_gurobi,r8-energy-bfff1dbe-659a-4bb0-920f-ea40ebebf7d7,validation/evaluation/witness_checks/1/shared/rows/12,R7-B1-bounds,0.0,1.0e-6,true
tie_three_ua10_energy_economic_gurobi,r8-energy-bfff1dbe-659a-4bb0-920f-ea40ebebf7d7,validation/evaluation/witness_checks/1/shared/rows/13,R7-B1-integer,0.0,1.0e-6,true
tie_three_ua10_energy_economic_gurobi,r8-energy-bfff1dbe-659a-4bb0-920f-ea40ebebf7d7,validation/evaluation/witness_checks/1/shared/rows/14,R7-B1-charge,0.0,3.4e-6,true
tie_three_ua10_energy_economic_gurobi,r8-energy-bfff1dbe-659a-4bb0-920f-ea40ebebf7d7,validation/evaluation/witness_checks/1/shared/rows/15,R7-B1-discharge,0.0,3.4e-6,true
tie_three_ua10_energy_economic_gurobi,r8-energy-bfff1dbe-659a-4bb0-920f-ea40ebebf7d7,validation/evaluation/witness_checks/1/shared/rows/16,R7-B1-nonsimultaneous,0.0,3.4e-6,true
tie_three_ua10_energy_economic_gurobi,r8-energy-bfff1dbe-659a-4bb0-920f-ea40ebebf7d7,validation/evaluation/witness_checks/1/shared/rows/17,R7-B1-bounds,0.0,1.0e-6,true
tie_three_ua10_energy_economic_gurobi,r8-energy-bfff1dbe-659a-4bb0-920f-ea40ebebf7d7,validation/evaluation/witness_checks/1/shared/rows/18,R7-B1-integer,0.0,1.0e-6,true
tie_three_ua10_energy_economic_gurobi,r8-energy-bfff1dbe-659a-4bb0-920f-ea40ebebf7d7,validation/evaluation/witness_checks/1/shared/rows/19,R7-B1-inactive,0.0,1.0e-6,true
tie_three_ua10_energy_economic_gurobi,r8-energy-bfff1dbe-659a-4bb0-920f-ea40ebebf7d7,validation/evaluation/witness_checks/1/shared/rows/20,R7-B1-bounds,0.0,1.0e-6,true
tie_three_ua10_energy_economic_gurobi,r8-energy-bfff1dbe-659a-4bb0-920f-ea40ebebf7d7,validation/evaluation/witness_checks/1/shared/rows/21,R7-B1-integer,0.0,1.0e-6,true
tie_three_ua10_energy_economic_gurobi,r8-energy-bfff1dbe-659a-4bb0-920f-ea40ebebf7d7,validation/evaluation/witness_checks/1/shared/rows/22,R7-B1-inactive,0.0,1.0e-6,true
tie_three_ua10_energy_economic_gurobi,r8-energy-bfff1dbe-659a-4bb0-920f-ea40ebebf7d7,validation/evaluation/witness_checks/1/shared/rows/23,R7-B1-bounds,0.0,1.0e-6,true
tie_three_ua10_energy_economic_gurobi,r8-energy-bfff1dbe-659a-4bb0-920f-ea40ebebf7d7,validation/evaluation/witness_checks/1/shared/rows/24,R7-B1-integer,0.0,1.0e-6,true
tie_three_ua10_energy_economic_gurobi,r8-energy-bfff1dbe-659a-4bb0-920f-ea40ebebf7d7,validation/evaluation/witness_checks/1/shared/rows/25,R7-B1-inactive,0.0,1.0e-6,true
tie_three_ua10_energy_economic_gurobi,r8-energy-bfff1dbe-659a-4bb0-920f-ea40ebebf7d7,validation/evaluation/witness_checks/1/shared/rows/26,R7-B1-bounds,0.0,1.0e-6,true
tie_three_ua10_energy_economic_gurobi,r8-energy-bfff1dbe-659a-4bb0-920f-ea40ebebf7d7,validation/evaluation/witness_checks/1/shared/rows/27,R7-B1-integer,0.0,1.0e-6,true
tie_three_ua10_energy_economic_gurobi,r8-energy-bfff1dbe-659a-4bb0-920f-ea40ebebf7d7,validation/evaluation/witness_checks/1/shared/rows/28,R7-B1-inactive,0.0,1.0e-6,true
tie_three_ua10_energy_economic_gurobi,r8-energy-bfff1dbe-659a-4bb0-920f-ea40ebebf7d7,validation/evaluation/witness_checks/1/shared/rows/29,binary-z,0.0,1.0e-6,true
tie_three_ua10_energy_economic_gurobi,r8-energy-bfff1dbe-659a-4bb0-920f-ea40ebebf7d7,validation/evaluation/witness_checks/1/shared/rows/30,integer-z,0.0,1.0e-6,true
tie_three_ua10_energy_economic_gurobi,r8-energy-bfff1dbe-659a-4bb0-920f-ea40ebebf7d7,validation/evaluation/witness_checks/1/shared/rows/31,binary-z,0.0,1.0e-6,true
tie_three_ua10_energy_economic_gurobi,r8-energy-bfff1dbe-659a-4bb0-920f-ea40ebebf7d7,validation/evaluation/witness_checks/1/shared/rows/32,integer-z,0.0,1.0e-6,true
tie_three_ua10_energy_economic_gurobi,r8-energy-bfff1dbe-659a-4bb0-920f-ea40ebebf7d7,validation/evaluation/witness_checks/1/shared/rows/33,binary-z,0.0,1.0e-6,true
tie_three_ua10_energy_economic_gurobi,r8-energy-bfff1dbe-659a-4bb0-920f-ea40ebebf7d7,validation/evaluation/witness_checks/1/shared/rows/34,integer-z,0.0,1.0e-6,true
tie_three_ua10_energy_economic_gurobi,r8-energy-bfff1dbe-659a-4bb0-920f-ea40ebebf7d7,validation/evaluation/witness_checks/1/shared/rows/35,binary-beta,0.0,1.0e-6,true
tie_three_ua10_energy_economic_gurobi,r8-energy-bfff1dbe-659a-4bb0-920f-ea40ebebf7d7,validation/evaluation/witness_checks/1/shared/rows/36,integer-beta,0.0,1.0e-6,true
tie_three_ua10_energy_economic_gurobi,r8-energy-bfff1dbe-659a-4bb0-920f-ea40ebebf7d7,validation/evaluation/witness_checks/1/shared/rows/37,binary-beta,0.0,1.0e-6,true
tie_three_ua10_energy_economic_gurobi,r8-energy-bfff1dbe-659a-4bb0-920f-ea40ebebf7d7,validation/evaluation/witness_checks/1/shared/rows/38,integer-beta,0.0,1.0e-6,true
tie_three_ua10_energy_economic_gurobi,r8-energy-bfff1dbe-659a-4bb0-920f-ea40ebebf7d7,validation/evaluation/witness_checks/1/shared/rows/39,binary-beta,0.0,1.0e-6,true
tie_three_ua10_energy_economic_gurobi,r8-energy-bfff1dbe-659a-4bb0-920f-ea40ebebf7d7,validation/evaluation/witness_checks/1/shared/rows/40,integer-beta,0.0,1.0e-6,true
tie_three_ua10_energy_economic_gurobi,r8-energy-bfff1dbe-659a-4bb0-920f-ea40ebebf7d7,validation/evaluation/witness_checks/1/shared/rows/41,binary-a_on,0.0,1.0e-6,true
tie_three_ua10_energy_economic_gurobi,r8-energy-bfff1dbe-659a-4bb0-920f-ea40ebebf7d7,validation/evaluation/witness_checks/1/shared/rows/42,integer-a_on,0.0,1.0e-6,true
tie_three_ua10_energy_economic_gurobi,r8-energy-bfff1dbe-659a-4bb0-920f-ea40ebebf7d7,validation/evaluation/witness_checks/1/shared/rows/43,binary-a_on,0.0,1.0e-6,true
tie_three_ua10_energy_economic_gurobi,r8-energy-bfff1dbe-659a-4bb0-920f-ea40ebebf7d7,validation/evaluation/witness_checks/1/shared/rows/44,integer-a_on,0.0,1.0e-6,true
tie_three_ua10_energy_economic_gurobi,r8-energy-bfff1dbe-659a-4bb0-920f-ea40ebebf7d7,validation/evaluation/witness_checks/1/shared/rows/45,binary-a_on,0.0,1.0e-6,true
tie_three_ua10_energy_economic_gurobi,r8-energy-bfff1dbe-659a-4bb0-920f-ea40ebebf7d7,validation/evaluation/witness_checks/1/shared/rows/46,integer-a_on,0.0,1.0e-6,true
tie_three_ua10_energy_economic_gurobi,r8-energy-bfff1dbe-659a-4bb0-920f-ea40ebebf7d7,validation/evaluation/witness_checks/1/shared/rows/47,binary-a_off,0.0,1.0e-6,true
tie_three_ua10_energy_economic_gurobi,r8-energy-bfff1dbe-659a-4bb0-920f-ea40ebebf7d7,validation/evaluation/witness_checks/1/shared/rows/48,integer-a_off,0.0,1.0e-6,true
tie_three_ua10_energy_economic_gurobi,r8-energy-bfff1dbe-659a-4bb0-920f-ea40ebebf7d7,validation/evaluation/witness_checks/1/shared/rows/49,binary-a_off,0.0,1.0e-6,true
tie_three_ua10_energy_economic_gurobi,r8-energy-bfff1dbe-659a-4bb0-920f-ea40ebebf7d7,validation/evaluation/witness_checks/1/shared/rows/50,integer-a_off,0.0,1.0e-6,true
tie_three_ua10_energy_economic_gurobi,r8-energy-bfff1dbe-659a-4bb0-920f-ea40ebebf7d7,validation/evaluation/witness_checks/1/shared/rows/51,binary-a_off,0.0,1.0e-6,true
tie_three_ua10_energy_economic_gurobi,r8-energy-bfff1dbe-659a-4bb0-920f-ea40ebebf7d7,validation/evaluation/witness_checks/1/shared/rows/52,integer-a_off,0.0,1.0e-6,true
tie_three_ua10_energy_economic_gurobi,r8-energy-bfff1dbe-659a-4bb0-920f-ea40ebebf7d7,validation/evaluation/witness_checks/1/shared/rows/53,R7-R1,0.0,1.0e-6,true
tie_three_ua10_energy_economic_gurobi,r8-energy-bfff1dbe-659a-4bb0-920f-ea40ebebf7d7,validation/evaluation/witness_checks/1/shared/rows/54,on-action,0.0,1.0e-6,true
tie_three_ua10_energy_economic_gurobi,r8-energy-bfff1dbe-659a-4bb0-920f-ea40ebebf7d7,validation/evaluation/witness_checks/1/shared/rows/55,off-action,0.0,1.0e-6,true
tie_three_ua10_energy_economic_gurobi,r8-energy-bfff1dbe-659a-4bb0-920f-ea40ebebf7d7,validation/evaluation/witness_checks/1/shared/rows/56,virtual-arc,0.0,1.0e-6,true
tie_three_ua10_energy_economic_gurobi,r8-energy-bfff1dbe-659a-4bb0-920f-ea40ebebf7d7,validation/evaluation/witness_checks/1/shared/rows/57,R7-R1,0.0,1.0e-6,true
tie_three_ua10_energy_economic_gurobi,r8-energy-bfff1dbe-659a-4bb0-920f-ea40ebebf7d7,validation/evaluation/witness_checks/1/shared/rows/58,on-action,0.0,1.0e-6,true
tie_three_ua10_energy_economic_gurobi,r8-energy-bfff1dbe-659a-4bb0-920f-ea40ebebf7d7,validation/evaluation/witness_checks/1/shared/rows/59,off-action,0.0,1.0e-6,true
tie_three_ua10_energy_economic_gurobi,r8-energy-bfff1dbe-659a-4bb0-920f-ea40ebebf7d7,validation/evaluation/witness_checks/1/shared/rows/60,virtual-arc,0.0,1.0e-6,true
tie_three_ua10_energy_economic_gurobi,r8-energy-bfff1dbe-659a-4bb0-920f-ea40ebebf7d7,validation/evaluation/witness_checks/1/shared/rows/61,R7-R1,0.0,1.0e-6,true
tie_three_ua10_energy_economic_gurobi,r8-energy-bfff1dbe-659a-4bb0-920f-ea40ebebf7d7,validation/evaluation/witness_checks/1/shared/rows/62,on-action,0.0,1.0e-6,true
tie_three_ua10_energy_economic_gurobi,r8-energy-bfff1dbe-659a-4bb0-920f-ea40ebebf7d7,validation/evaluation/witness_checks/1/shared/rows/63,off-action,0.0,1.0e-6,true
tie_three_ua10_energy_economic_gurobi,r8-energy-bfff1dbe-659a-4bb0-920f-ea40ebebf7d7,validation/evaluation/witness_checks/1/shared/rows/64,virtual-arc,0.0,1.0e-6,true
tie_three_ua10_energy_economic_gurobi,r8-energy-bfff1dbe-659a-4bb0-920f-ea40ebebf7d7,validation/evaluation/witness_checks/1/shared/rows/65,6-63,0.0,1.0e-6,true
tie_three_ua10_energy_economic_gurobi,r8-energy-bfff1dbe-659a-4bb0-920f-ea40ebebf7d7,validation/evaluation/witness_checks/1/shared/rows/66,forest-edges,0.0,1.0e-6,true
tie_three_ua10_energy_economic_gurobi,r8-energy-bfff1dbe-659a-4bb0-920f-ea40ebebf7d7,validation/evaluation/witness_checks/1/shared/rows/67,forest-independent,0.0,1.0e-6,true
tie_three_ua10_energy_economic_gurobi,r8-energy-bfff1dbe-659a-4bb0-920f-ea40ebebf7d7,validation/evaluation/witness_checks/1/shared/rows/68,one-root-per-component,0.0,1.0e-6,true
tie_three_ua10_energy_economic_gurobi,r8-energy-bfff1dbe-659a-4bb0-920f-ea40ebebf7d7,validation/evaluation/witness_checks/1/shared/rows/69,root-eligible,0.0,1.0e-6,true
tie_three_ua10_energy_economic_gurobi,r8-energy-bfff1dbe-659a-4bb0-920f-ea40ebebf7d7,validation/evaluation/witness_checks/1/shared/rows/70,root-supply,0.0,1.0e-6,true
tie_three_ua10_energy_economic_gurobi,r8-energy-bfff1dbe-659a-4bb0-920f-ea40ebebf7d7,validation/evaluation/witness_checks/1/shared/rows/71,virtual-node,0.0,1.0e-6,true
tie_three_ua10_energy_economic_gurobi,r8-energy-bfff1dbe-659a-4bb0-920f-ea40ebebf7d7,validation/evaluation/witness_checks/1/shared/rows/72,root-eligible,0.0,1.0e-6,true
tie_three_ua10_energy_economic_gurobi,r8-energy-bfff1dbe-659a-4bb0-920f-ea40ebebf7d7,validation/evaluation/witness_checks/1/shared/rows/73,root-supply,0.0,1.0e-6,true
tie_three_ua10_energy_economic_gurobi,r8-energy-bfff1dbe-659a-4bb0-920f-ea40ebebf7d7,validation/evaluation/witness_checks/1/shared/rows/74,virtual-node,0.0,1.0e-6,true
tie_three_ua10_energy_economic_gurobi,r8-energy-bfff1dbe-659a-4bb0-920f-ea40ebebf7d7,validation/evaluation/witness_checks/1/shared/rows/75,root-eligible,0.0,1.0e-6,true
tie_three_ua10_energy_economic_gurobi,r8-energy-bfff1dbe-659a-4bb0-920f-ea40ebebf7d7,validation/evaluation/witness_checks/1/shared/rows/76,root-supply,0.0,1.0e-6,true
tie_three_ua10_energy_economic_gurobi,r8-energy-bfff1dbe-659a-4bb0-920f-ea40ebebf7d7,validation/evaluation/witness_checks/1/shared/rows/77,virtual-node,0.0,1.0e-6,true
tie_three_ua10_energy_economic_gurobi,r8-energy-bfff1dbe-659a-4bb0-920f-ea40ebebf7d7,validation/evaluation/witness_checks/1/shared/rows/78,6-8/56/60,0.0,3.4e-6,true
tie_three_ua10_energy_economic_gurobi,r8-energy-bfff1dbe-659a-4bb0-920f-ea40ebebf7d7,validation/evaluation/witness_checks/1/shared/rows/79,6-3/9,0.0,3.4e-6,true
tie_three_ua10_energy_economic_gurobi,r8-energy-bfff1dbe-659a-4bb0-920f-ea40ebebf7d7,validation/evaluation/witness_checks/1/shared/rows/80,6-11,0.0,3.4e-6,true
tie_three_ua10_energy_economic_gurobi,r8-energy-bfff1dbe-659a-4bb0-920f-ea40ebebf7d7,validation/evaluation/witness_checks/1/shared/rows/81,6-4/57,0.0,3.4e-6,true
tie_three_ua10_energy_economic_gurobi,r8-energy-bfff1dbe-659a-4bb0-920f-ea40ebebf7d7,validation/evaluation/witness_checks/1/shared/rows/82,6-5/58,0.0,3.4e-6,true
tie_three_ua10_energy_economic_gurobi,r8-energy-bfff1dbe-659a-4bb0-920f-ea40ebebf7d7,validation/evaluation/witness_checks/1/shared/rows/83,inactive-charge,0.0,3.4e-6,true
tie_three_ua10_energy_economic_gurobi,r8-energy-bfff1dbe-659a-4bb0-920f-ea40ebebf7d7,validation/evaluation/witness_checks/1/shared/rows/84,inactive-discharge,0.0,3.4e-6,true
tie_three_ua10_energy_economic_gurobi,r8-energy-bfff1dbe-659a-4bb0-920f-ea40ebebf7d7,validation/evaluation/witness_checks/1/shared/rows/85,6-8/56/60,0.0,3.4e-6,true
tie_three_ua10_energy_economic_gurobi,r8-energy-bfff1dbe-659a-4bb0-920f-ea40ebebf7d7,validation/evaluation/witness_checks/1/shared/rows/86,6-3/9,0.0,3.4e-6,true
tie_three_ua10_energy_economic_gurobi,r8-energy-bfff1dbe-659a-4bb0-920f-ea40ebebf7d7,validation/evaluation/witness_checks/1/shared/rows/87,6-11,0.0,3.4e-6,true
tie_three_ua10_energy_economic_gurobi,r8-energy-bfff1dbe-659a-4bb0-920f-ea40ebebf7d7,validation/evaluation/witness_checks/1/shared/rows/88,6-4/57,0.0,3.4e-6,true
tie_three_ua10_energy_economic_gurobi,r8-energy-bfff1dbe-659a-4bb0-920f-ea40ebebf7d7,validation/evaluation/witness_checks/1/shared/rows/89,6-5/58,0.0,3.4e-6,true
tie_three_ua10_energy_economic_gurobi,r8-energy-bfff1dbe-659a-4bb0-920f-ea40ebebf7d7,validation/evaluation/witness_checks/1/shared/rows/90,inactive-charge,0.0,3.4e-6,true
tie_three_ua10_energy_economic_gurobi,r8-energy-bfff1dbe-659a-4bb0-920f-ea40ebebf7d7,validation/evaluation/witness_checks/1/shared/rows/91,inactive-discharge,0.0,3.4e-6,true
tie_three_ua10_energy_economic_gurobi,r8-energy-bfff1dbe-659a-4bb0-920f-ea40ebebf7d7,validation/evaluation/witness_checks/1/shared/rows/92,6-8/56/60,0.0,3.4e-6,true
tie_three_ua10_energy_economic_gurobi,r8-energy-bfff1dbe-659a-4bb0-920f-ea40ebebf7d7,validation/evaluation/witness_checks/1/shared/rows/93,6-3/9,0.0,3.4e-6,true
tie_three_ua10_energy_economic_gurobi,r8-energy-bfff1dbe-659a-4bb0-920f-ea40ebebf7d7,validation/evaluation/witness_checks/1/shared/rows/94,6-11,0.0,3.4e-6,true
tie_three_ua10_energy_economic_gurobi,r8-energy-bfff1dbe-659a-4bb0-920f-ea40ebebf7d7,validation/evaluation/witness_checks/1/shared/rows/95,battery-charge,0.0,3.4e-6,true
tie_three_ua10_energy_economic_gurobi,r8-energy-bfff1dbe-659a-4bb0-920f-ea40ebebf7d7,validation/evaluation/witness_checks/1/shared/rows/96,battery-discharge,0.0,3.4e-6,true
tie_three_ua10_energy_economic_gurobi,r8-energy-bfff1dbe-659a-4bb0-920f-ea40ebebf7d7,validation/evaluation/witness_checks/1/shared/rows/97,6-12,0.0,3.4e-6,true
tie_three_ua10_energy_economic_gurobi,r8-energy-bfff1dbe-659a-4bb0-920f-ea40ebebf7d7,validation/evaluation/witness_checks/1/shared/rows/98,6-14,0.0,2.0e-6,true
tie_three_ua10_energy_economic_gurobi,r8-energy-bfff1dbe-659a-4bb0-920f-ea40ebebf7d7,validation/evaluation/witness_checks/1/shared/rows/99,6-8/56/60,0.0,3.4e-6,true
tie_three_ua10_energy_economic_gurobi,r8-energy-bfff1dbe-659a-4bb0-920f-ea40ebebf7d7,validation/evaluation/witness_checks/1/shared/rows/100,6-3/9,0.0,3.4e-6,true
tie_three_ua10_energy_economic_gurobi,r8-energy-bfff1dbe-659a-4bb0-920f-ea40ebebf7d7,validation/evaluation/witness_checks/1/shared/rows/101,6-11,0.0,3.4e-6,true
tie_three_ua10_energy_economic_gurobi,r8-energy-bfff1dbe-659a-4bb0-920f-ea40ebebf7d7,validation/evaluation/witness_checks/1/shared/rows/102,battery-charge,0.0,3.4e-6,true
tie_three_ua10_energy_economic_gurobi,r8-energy-bfff1dbe-659a-4bb0-920f-ea40ebebf7d7,validation/evaluation/witness_checks/1/shared/rows/103,battery-discharge,0.0,3.4e-6,true
tie_three_ua10_energy_economic_gurobi,r8-energy-bfff1dbe-659a-4bb0-920f-ea40ebebf7d7,validation/evaluation/witness_checks/1/shared/rows/104,6-12,0.0,3.4e-6,true
tie_three_ua10_energy_economic_gurobi,r8-energy-bfff1dbe-659a-4bb0-920f-ea40ebebf7d7,validation/evaluation/witness_checks/1/shared/rows/105,6-14,0.0,2.0e-6,true
tie_three_ua10_energy_economic_gurobi,r8-energy-bfff1dbe-659a-4bb0-920f-ea40ebebf7d7,validation/evaluation/witness_checks/1/shared/rows/106,6-8/56/60,0.0,3.4e-6,true
tie_three_ua10_energy_economic_gurobi,r8-energy-bfff1dbe-659a-4bb0-920f-ea40ebebf7d7,validation/evaluation/witness_checks/1/shared/rows/107,6-3/9,0.0,3.4e-6,true
tie_three_ua10_energy_economic_gurobi,r8-energy-bfff1dbe-659a-4bb0-920f-ea40ebebf7d7,validation/evaluation/witness_checks/1/shared/rows/108,6-11,0.0,3.4e-6,true
tie_three_ua10_energy_economic_gurobi,r8-energy-bfff1dbe-659a-4bb0-920f-ea40ebebf7d7,validation/evaluation/witness_checks/1/shared/rows/109,inactive-charge,0.0,3.4e-6,true
tie_three_ua10_energy_economic_gurobi,r8-energy-bfff1dbe-659a-4bb0-920f-ea40ebebf7d7,validation/evaluation/witness_checks/1/shared/rows/110,inactive-discharge,0.0,3.4e-6,true
tie_three_ua10_energy_economic_gurobi,r8-energy-bfff1dbe-659a-4bb0-920f-ea40ebebf7d7,validation/evaluation/witness_checks/1/shared/rows/111,6-8/56/60,0.0,3.4e-6,true
tie_three_ua10_energy_economic_gurobi,r8-energy-bfff1dbe-659a-4bb0-920f-ea40ebebf7d7,validation/evaluation/witness_checks/1/shared/rows/112,6-3/9,0.0,3.4e-6,true
tie_three_ua10_energy_economic_gurobi,r8-energy-bfff1dbe-659a-4bb0-920f-ea40ebebf7d7,validation/evaluation/witness_checks/1/shared/rows/113,6-11,0.0,3.4e-6,true
tie_three_ua10_energy_economic_gurobi,r8-energy-bfff1dbe-659a-4bb0-920f-ea40ebebf7d7,validation/evaluation/witness_checks/1/shared/rows/114,inactive-charge,0.0,3.4e-6,true
tie_three_ua10_energy_economic_gurobi,r8-energy-bfff1dbe-659a-4bb0-920f-ea40ebebf7d7,validation/evaluation/witness_checks/1/shared/rows/115,inactive-discharge,0.0,3.4e-6,true
tie_three_ua10_energy_economic_gurobi,r8-energy-bfff1dbe-659a-4bb0-920f-ea40ebebf7d7,validation/evaluation/witness_checks/1/shared/rows/116,6-8/56/60,0.0,3.4e-6,true
tie_three_ua10_energy_economic_gurobi,r8-energy-bfff1dbe-659a-4bb0-920f-ea40ebebf7d7,validation/evaluation/witness_checks/1/shared/rows/117,6-3/9,0.0,3.4e-6,true
tie_three_ua10_energy_economic_gurobi,r8-energy-bfff1dbe-659a-4bb0-920f-ea40ebebf7d7,validation/evaluation/witness_checks/1/shared/rows/118,6-11,0.0,3.4e-6,true
tie_three_ua10_energy_economic_gurobi,r8-energy-bfff1dbe-659a-4bb0-920f-ea40ebebf7d7,validation/evaluation/witness_checks/1/shared/rows/119,inactive-charge,0.0,3.4e-6,true
tie_three_ua10_energy_economic_gurobi,r8-energy-bfff1dbe-659a-4bb0-920f-ea40ebebf7d7,validation/evaluation/witness_checks/1/shared/rows/120,inactive-discharge,0.0,3.4e-6,true
tie_three_ua10_energy_economic_gurobi,r8-energy-bfff1dbe-659a-4bb0-920f-ea40ebebf7d7,validation/evaluation/witness_checks/1/shared/rows/121,6-8/56/60,0.0,3.4e-6,true
tie_three_ua10_energy_economic_gurobi,r8-energy-bfff1dbe-659a-4bb0-920f-ea40ebebf7d7,validation/evaluation/witness_checks/1/shared/rows/122,6-3/9,0.0,3.4e-6,true
tie_three_ua10_energy_economic_gurobi,r8-energy-bfff1dbe-659a-4bb0-920f-ea40ebebf7d7,validation/evaluation/witness_checks/1/shared/rows/123,6-11,0.0,3.4e-6,true
tie_three_ua10_energy_economic_gurobi,r8-energy-bfff1dbe-659a-4bb0-920f-ea40ebebf7d7,validation/evaluation/witness_checks/1/shared/rows/124,inactive-charge,0.0,3.4e-6,true
tie_three_ua10_energy_economic_gurobi,r8-energy-bfff1dbe-659a-4bb0-920f-ea40ebebf7d7,validation/evaluation/witness_checks/1/shared/rows/125,inactive-discharge,0.0,3.4e-6,true
tie_three_ua10_energy_economic_gurobi,r8-energy-bfff1dbe-659a-4bb0-920f-ea40ebebf7d7,validation/evaluation/witness_checks/1/shared/rows/126,inactive-energy,0.0,2.0e-6,true
tie_three_ua10_energy_economic_gurobi,r8-energy-bfff1dbe-659a-4bb0-920f-ea40ebebf7d7,validation/evaluation/witness_checks/1/shared/rows/127,inactive-energy,0.0,2.0e-6,true
tie_three_ua10_energy_economic_gurobi,r8-energy-bfff1dbe-659a-4bb0-920f-ea40ebebf7d7,validation/evaluation/witness_checks/1/shared/rows/128,inactive-energy,0.0,2.0e-6,true
tie_three_ua10_energy_economic_gurobi,r8-energy-bfff1dbe-659a-4bb0-920f-ea40ebebf7d7,validation/evaluation/witness_checks/1/shared/rows/129,inactive-energy,0.0,2.0e-6,true
tie_three_ua10_energy_economic_gurobi,r8-energy-bfff1dbe-659a-4bb0-920f-ea40ebebf7d7,validation/evaluation/witness_checks/1/shared/rows/130,6-13,0.0,2.0e-6,true
tie_three_ua10_energy_economic_gurobi,r8-energy-bfff1dbe-659a-4bb0-920f-ea40ebebf7d7,validation/evaluation/witness_checks/1/shared/rows/131,6-61,0.0,2.0e-6,true
tie_three_ua10_energy_economic_gurobi,r8-energy-bfff1dbe-659a-4bb0-920f-ea40ebebf7d7,validation/evaluation/witness_checks/1/shared/rows/132,6-13,0.0,2.0e-6,true
tie_three_ua10_energy_economic_gurobi,r8-energy-bfff1dbe-659a-4bb0-920f-ea40ebebf7d7,validation/evaluation/witness_checks/1/shared/rows/133,6-61,0.0,2.0e-6,true
tie_three_ua10_energy_economic_gurobi,r8-energy-bfff1dbe-659a-4bb0-920f-ea40ebebf7d7,validation/evaluation/witness_checks/1/shared/rows/134,6-13,0.0,2.0e-6,true
tie_three_ua10_energy_economic_gurobi,r8-energy-bfff1dbe-659a-4bb0-920f-ea40ebebf7d7,validation/evaluation/witness_checks/1/shared/rows/135,6-13,0.0,2.0e-6,true
tie_three_ua10_energy_economic_gurobi,r8-energy-bfff1dbe-659a-4bb0-920f-ea40ebebf7d7,validation/evaluation/witness_checks/1/shared/rows/136,inactive-energy,0.0,2.0e-6,true
tie_three_ua10_energy_economic_gurobi,r8-energy-bfff1dbe-659a-4bb0-920f-ea40ebebf7d7,validation/evaluation/witness_checks/1/shared/rows/137,inactive-energy,0.0,2.0e-6,true
tie_three_ua10_energy_economic_gurobi,r8-energy-bfff1dbe-659a-4bb0-920f-ea40ebebf7d7,validation/evaluation/witness_checks/1/shared/rows/138,inactive-energy,0.0,2.0e-6,true
tie_three_ua10_energy_economic_gurobi,r8-energy-bfff1dbe-659a-4bb0-920f-ea40ebebf7d7,validation/evaluation/witness_checks/1/shared/rows/139,inactive-energy,0.0,2.0e-6,true
tie_three_ua10_energy_economic_gurobi,r8-energy-bfff1dbe-659a-4bb0-920f-ea40ebebf7d7,validation/evaluation/witness_checks/1/shared/rows/140,inactive-energy,0.0,2.0e-6,true
tie_three_ua10_energy_economic_gurobi,r8-energy-bfff1dbe-659a-4bb0-920f-ea40ebebf7d7,validation/evaluation/witness_checks/1/shared/rows/141,inactive-energy,0.0,2.0e-6,true
tie_three_ua10_energy_economic_gurobi,r8-energy-bfff1dbe-659a-4bb0-920f-ea40ebebf7d7,validation/evaluation/witness_checks/1/shared/rows/142,inactive-energy,0.0,2.0e-6,true
tie_three_ua10_energy_economic_gurobi,r8-energy-bfff1dbe-659a-4bb0-920f-ea40ebebf7d7,validation/evaluation/witness_checks/1/shared/rows/143,inactive-energy,0.0,2.0e-6,true
tie_three_ua10_energy_economic_gurobi,r8-energy-bfff1dbe-659a-4bb0-920f-ea40ebebf7d7,validation/evaluation/witness_checks/1/shared/rows/144,6-51-P,0.0,3.4e-6,true
tie_three_ua10_energy_economic_gurobi,r8-energy-bfff1dbe-659a-4bb0-920f-ea40ebebf7d7,validation/evaluation/witness_checks/1/shared/rows/145,6-51-Q,0.0,3.4e-6,true
tie_three_ua10_energy_economic_gurobi,r8-energy-bfff1dbe-659a-4bb0-920f-ea40ebebf7d7,validation/evaluation/witness_checks/1/shared/rows/146,6-24:25-P_line,0.0,3.4e-6,true
tie_three_ua10_energy_economic_gurobi,r8-energy-bfff1dbe-659a-4bb0-920f-ea40ebebf7d7,validation/evaluation/witness_checks/1/shared/rows/147,6-24:25-Q_line,0.0,3.4e-6,true
tie_three_ua10_energy_economic_gurobi,r8-energy-bfff1dbe-659a-4bb0-920f-ea40ebebf7d7,validation/evaluation/witness_checks/1/shared/rows/148,R7-R3,1.734723475976807e-18,1.0e-6,true
tie_three_ua10_energy_economic_gurobi,r8-energy-bfff1dbe-659a-4bb0-920f-ea40ebebf7d7,validation/evaluation/witness_checks/1/shared/rows/149,6-24:25-P_line,0.0,3.4e-6,true
tie_three_ua10_energy_economic_gurobi,r8-energy-bfff1dbe-659a-4bb0-920f-ea40ebebf7d7,validation/evaluation/witness_checks/1/shared/rows/150,6-24:25-Q_line,0.0,3.4e-6,true
tie_three_ua10_energy_economic_gurobi,r8-energy-bfff1dbe-659a-4bb0-920f-ea40ebebf7d7,validation/evaluation/witness_checks/1/shared/rows/151,R7-R3,1.734723475976807e-18,1.0e-6,true
tie_three_ua10_energy_economic_gurobi,r8-energy-bfff1dbe-659a-4bb0-920f-ea40ebebf7d7,validation/evaluation/witness_checks/1/shared/rows/152,6-24:25-P_line,0.0,3.4e-6,true
tie_three_ua10_energy_economic_gurobi,r8-energy-bfff1dbe-659a-4bb0-920f-ea40ebebf7d7,validation/evaluation/witness_checks/1/shared/rows/153,6-24:25-Q_line,0.0,3.4e-6,true
tie_three_ua10_energy_economic_gurobi,r8-energy-bfff1dbe-659a-4bb0-920f-ea40ebebf7d7,validation/evaluation/witness_checks/1/shared/rows/154,R7-R3,0.0,1.0e-6,true
tie_three_ua10_energy_economic_gurobi,r8-energy-bfff1dbe-659a-4bb0-920f-ea40ebebf7d7,validation/evaluation/witness_checks/1/shared/rows/155,6-22,0.0,1.0e-6,true
tie_three_ua10_energy_economic_gurobi,r8-energy-bfff1dbe-659a-4bb0-920f-ea40ebebf7d7,validation/evaluation/witness_checks/1/shared/rows/156,6-54,0.0,3.4e-6,true
tie_three_ua10_energy_economic_gurobi,r8-energy-bfff1dbe-659a-4bb0-920f-ea40ebebf7d7,validation/evaluation/witness_checks/1/shared/rows/157,6-19,0.0,3.4e-6,true
tie_three_ua10_energy_economic_gurobi,r8-energy-bfff1dbe-659a-4bb0-920f-ea40ebebf7d7,validation/evaluation/witness_checks/1/shared/rows/158,6-20,0.0,3.4e-6,true
tie_three_ua10_energy_economic_gurobi,r8-energy-bfff1dbe-659a-4bb0-920f-ea40ebebf7d7,validation/evaluation/witness_checks/1/shared/rows/159,6-22,0.0,1.0e-6,true
tie_three_ua10_energy_economic_gurobi,r8-energy-bfff1dbe-659a-4bb0-920f-ea40ebebf7d7,validation/evaluation/witness_checks/1/shared/rows/160,6-54,0.0,3.4e-6,true
tie_three_ua10_energy_economic_gurobi,r8-energy-bfff1dbe-659a-4bb0-920f-ea40ebebf7d7,validation/evaluation/witness_checks/1/shared/rows/161,6-19,0.0,3.4e-6,true
tie_three_ua10_energy_economic_gurobi,r8-energy-bfff1dbe-659a-4bb0-920f-ea40ebebf7d7,validation/evaluation/witness_checks/1/shared/rows/162,6-20,0.0,3.4e-6,true
tie_three_ua10_energy_economic_gurobi,r8-energy-bfff1dbe-659a-4bb0-920f-ea40ebebf7d7,validation/evaluation/witness_checks/1/shared/rows/163,6-22,0.0,1.0e-6,true
tie_three_ua10_energy_economic_gurobi,r8-energy-bfff1dbe-659a-4bb0-920f-ea40ebebf7d7,validation/evaluation/witness_checks/1/shared/rows/164,6-54,0.0,3.4e-6,true
tie_three_ua10_energy_economic_gurobi,r8-energy-bfff1dbe-659a-4bb0-920f-ea40ebebf7d7,validation/evaluation/witness_checks/1/shared/rows/165,6-19,0.0,3.4e-6,true
tie_three_ua10_energy_economic_gurobi,r8-energy-bfff1dbe-659a-4bb0-920f-ea40ebebf7d7,validation/evaluation/witness_checks/1/shared/rows/166,6-20,0.0,3.4e-6,true
tie_three_ua10_energy_economic_gurobi,r8-energy-bfff1dbe-659a-4bb0-920f-ea40ebebf7d7,validation/evaluation/witness_checks/1/shared/rows/167,6-51-P,0.0,3.4e-6,true
tie_three_ua10_energy_economic_gurobi,r8-energy-bfff1dbe-659a-4bb0-920f-ea40ebebf7d7,validation/evaluation/witness_checks/1/shared/rows/168,6-51-Q,0.0,3.4e-6,true
tie_three_ua10_energy_economic_gurobi,r8-energy-bfff1dbe-659a-4bb0-920f-ea40ebebf7d7,validation/evaluation/witness_checks/1/shared/rows/169,6-24:25-P_line,0.0,3.4e-6,true
tie_three_ua10_energy_economic_gurobi,r8-energy-bfff1dbe-659a-4bb0-920f-ea40ebebf7d7,validation/evaluation/witness_checks/1/shared/rows/170,6-24:25-Q_line,0.0,3.4e-6,true
tie_three_ua10_energy_economic_gurobi,r8-energy-bfff1dbe-659a-4bb0-920f-ea40ebebf7d7,validation/evaluation/witness_checks/1/shared/rows/171,R7-R3,5.334274688628682e-17,1.0e-6,true
tie_three_ua10_energy_economic_gurobi,r8-energy-bfff1dbe-659a-4bb0-920f-ea40ebebf7d7,validation/evaluation/witness_checks/1/shared/rows/172,6-24:25-P_line,0.0,3.4e-6,true
tie_three_ua10_energy_economic_gurobi,r8-energy-bfff1dbe-659a-4bb0-920f-ea40ebebf7d7,validation/evaluation/witness_checks/1/shared/rows/173,6-24:25-Q_line,0.0,3.4e-6,true
tie_three_ua10_energy_economic_gurobi,r8-energy-bfff1dbe-659a-4bb0-920f-ea40ebebf7d7,validation/evaluation/witness_checks/1/shared/rows/174,R7-R3,5.334274688628682e-17,1.0e-6,true
tie_three_ua10_energy_economic_gurobi,r8-energy-bfff1dbe-659a-4bb0-920f-ea40ebebf7d7,validation/evaluation/witness_checks/1/shared/rows/175,6-24:25-P_line,0.0,3.4e-6,true
tie_three_ua10_energy_economic_gurobi,r8-energy-bfff1dbe-659a-4bb0-920f-ea40ebebf7d7,validation/evaluation/witness_checks/1/shared/rows/176,6-24:25-Q_line,0.0,3.4e-6,true
tie_three_ua10_energy_economic_gurobi,r8-energy-bfff1dbe-659a-4bb0-920f-ea40ebebf7d7,validation/evaluation/witness_checks/1/shared/rows/177,R7-R3,0.0,1.0e-6,true
tie_three_ua10_energy_economic_gurobi,r8-energy-bfff1dbe-659a-4bb0-920f-ea40ebebf7d7,validation/evaluation/witness_checks/1/shared/rows/178,6-22,0.0,1.0e-6,true
tie_three_ua10_energy_economic_gurobi,r8-energy-bfff1dbe-659a-4bb0-920f-ea40ebebf7d7,validation/evaluation/witness_checks/1/shared/rows/179,6-54,0.0,3.4e-6,true
tie_three_ua10_energy_economic_gurobi,r8-energy-bfff1dbe-659a-4bb0-920f-ea40ebebf7d7,validation/evaluation/witness_checks/1/shared/rows/180,6-19,0.0,3.4e-6,true
tie_three_ua10_energy_economic_gurobi,r8-energy-bfff1dbe-659a-4bb0-920f-ea40ebebf7d7,validation/evaluation/witness_checks/1/shared/rows/181,6-20,0.0,3.4e-6,true
tie_three_ua10_energy_economic_gurobi,r8-energy-bfff1dbe-659a-4bb0-920f-ea40ebebf7d7,validation/evaluation/witness_checks/1/shared/rows/182,6-22,0.0,1.0e-6,true
tie_three_ua10_energy_economic_gurobi,r8-energy-bfff1dbe-659a-4bb0-920f-ea40ebebf7d7,validation/evaluation/witness_checks/1/shared/rows/183,6-54,0.0,3.4e-6,true
tie_three_ua10_energy_economic_gurobi,r8-energy-bfff1dbe-659a-4bb0-920f-ea40ebebf7d7,validation/evaluation/witness_checks/1/shared/rows/184,6-19,0.0,3.4e-6,true
tie_three_ua10_energy_economic_gurobi,r8-energy-bfff1dbe-659a-4bb0-920f-ea40ebebf7d7,validation/evaluation/witness_checks/1/shared/rows/185,6-20,0.0,3.4e-6,true
tie_three_ua10_energy_economic_gurobi,r8-energy-bfff1dbe-659a-4bb0-920f-ea40ebebf7d7,validation/evaluation/witness_checks/1/shared/rows/186,6-22,0.0,1.0e-6,true
tie_three_ua10_energy_economic_gurobi,r8-energy-bfff1dbe-659a-4bb0-920f-ea40ebebf7d7,validation/evaluation/witness_checks/1/shared/rows/187,6-54,0.0,3.4e-6,true
tie_three_ua10_energy_economic_gurobi,r8-energy-bfff1dbe-659a-4bb0-920f-ea40ebebf7d7,validation/evaluation/witness_checks/1/shared/rows/188,6-19,0.0,3.4e-6,true
tie_three_ua10_energy_economic_gurobi,r8-energy-bfff1dbe-659a-4bb0-920f-ea40ebebf7d7,validation/evaluation/witness_checks/1/shared/rows/189,6-20,0.0,3.4e-6,true
tie_three_ua10_energy_economic_gurobi,r8-energy-bfff1dbe-659a-4bb0-920f-ea40ebebf7d7,validation/evaluation/witness_checks/1/shared/rows/190,6-55,0.0,3.4e-6,true
tie_three_ua10_energy_economic_gurobi,r8-energy-bfff1dbe-659a-4bb0-920f-ea40ebebf7d7,validation/evaluation/witness_checks/1/shared/rows/191,6-55,0.0,3.4e-6,true
tie_three_ua10_energy_economic_gurobi,r8-energy-bfff1dbe-659a-4bb0-920f-ea40ebebf7d7,validation/evaluation/witness_checks/1/shared/rows/192,6-55,0.0,3.4e-6,true
tie_three_ua10_energy_economic_gurobi,r8-energy-bfff1dbe-659a-4bb0-920f-ea40ebebf7d7,validation/evaluation/witness_checks/1/shared/rows/193,6-55,0.0,3.4e-6,true
tie_three_ua10_energy_economic_gurobi,r8-energy-bfff1dbe-659a-4bb0-920f-ea40ebebf7d7,validation/evaluation/witness_checks/1/shared/rows/194,6-53,0.0,1.0e-6,true
tie_three_ua10_energy_economic_gurobi,r8-energy-bfff1dbe-659a-4bb0-920f-ea40ebebf7d7,validation/evaluation/witness_checks/2/rows/1,R8-E2-capacity,0.0,3.4e-6,true
tie_three_ua10_energy_economic_gurobi,r8-energy-bfff1dbe-659a-4bb0-920f-ea40ebebf7d7,validation/evaluation/witness_checks/2/rows/2,R8-E2-capacity,0.0,3.4e-6,true
tie_three_ua10_energy_economic_gurobi,r8-energy-bfff1dbe-659a-4bb0-920f-ea40ebebf7d7,validation/evaluation/witness_checks/2/rows/3,R8-E1-balance,0.0,3.4e-6,true
tie_three_ua10_energy_economic_gurobi,r8-energy-bfff1dbe-659a-4bb0-920f-ea40ebebf7d7,validation/evaluation/witness_checks/2/rows/4,R8-E1-balance,1.942890293094024e-15,3.4e-6,true
tie_three_ua10_energy_economic_gurobi,r8-energy-bfff1dbe-659a-4bb0-920f-ea40ebebf7d7,validation/evaluation/witness_checks/2/rows/5,R8-E1-balance,0.0,3.4e-6,true
tie_three_ua10_energy_economic_gurobi,r8-energy-bfff1dbe-659a-4bb0-920f-ea40ebebf7d7,validation/evaluation/witness_checks/2/rows/6,R8-E1-balance,0.0,3.4e-6,true
tie_three_ua10_energy_economic_gurobi,r8-energy-bfff1dbe-659a-4bb0-920f-ea40ebebf7d7,validation/evaluation/witness_checks/2/shared/rows/1,R7-B1-bounds,0.0,1.0e-6,true
tie_three_ua10_energy_economic_gurobi,r8-energy-bfff1dbe-659a-4bb0-920f-ea40ebebf7d7,validation/evaluation/witness_checks/2/shared/rows/2,R7-B1-integer,0.0,1.0e-6,true
tie_three_ua10_energy_economic_gurobi,r8-energy-bfff1dbe-659a-4bb0-920f-ea40ebebf7d7,validation/evaluation/witness_checks/2/shared/rows/3,R7-B1-inactive,0.0,1.0e-6,true
tie_three_ua10_energy_economic_gurobi,r8-energy-bfff1dbe-659a-4bb0-920f-ea40ebebf7d7,validation/evaluation/witness_checks/2/shared/rows/4,R7-B1-bounds,0.0,1.0e-6,true
tie_three_ua10_energy_economic_gurobi,r8-energy-bfff1dbe-659a-4bb0-920f-ea40ebebf7d7,validation/evaluation/witness_checks/2/shared/rows/5,R7-B1-integer,0.0,1.0e-6,true
tie_three_ua10_energy_economic_gurobi,r8-energy-bfff1dbe-659a-4bb0-920f-ea40ebebf7d7,validation/evaluation/witness_checks/2/shared/rows/6,R7-B1-inactive,0.0,1.0e-6,true
tie_three_ua10_energy_economic_gurobi,r8-energy-bfff1dbe-659a-4bb0-920f-ea40ebebf7d7,validation/evaluation/witness_checks/2/shared/rows/7,R7-B1-bounds,0.0,1.0e-6,true
tie_three_ua10_energy_economic_gurobi,r8-energy-bfff1dbe-659a-4bb0-920f-ea40ebebf7d7,validation/evaluation/witness_checks/2/shared/rows/8,R7-B1-integer,0.0,1.0e-6,true
tie_three_ua10_energy_economic_gurobi,r8-energy-bfff1dbe-659a-4bb0-920f-ea40ebebf7d7,validation/evaluation/witness_checks/2/shared/rows/9,R7-B1-charge,0.0,3.4e-6,true
tie_three_ua10_energy_economic_gurobi,r8-energy-bfff1dbe-659a-4bb0-920f-ea40ebebf7d7,validation/evaluation/witness_checks/2/shared/rows/10,R7-B1-discharge,0.0,3.4e-6,true
tie_three_ua10_energy_economic_gurobi,r8-energy-bfff1dbe-659a-4bb0-920f-ea40ebebf7d7,validation/evaluation/witness_checks/2/shared/rows/11,R7-B1-nonsimultaneous,0.0,3.4e-6,true
tie_three_ua10_energy_economic_gurobi,r8-energy-bfff1dbe-659a-4bb0-920f-ea40ebebf7d7,validation/evaluation/witness_checks/2/shared/rows/12,R7-B1-bounds,0.0,1.0e-6,true
tie_three_ua10_energy_economic_gurobi,r8-energy-bfff1dbe-659a-4bb0-920f-ea40ebebf7d7,validation/evaluation/witness_checks/2/shared/rows/13,R7-B1-integer,0.0,1.0e-6,true
tie_three_ua10_energy_economic_gurobi,r8-energy-bfff1dbe-659a-4bb0-920f-ea40ebebf7d7,validation/evaluation/witness_checks/2/shared/rows/14,R7-B1-charge,0.0,3.4e-6,true
tie_three_ua10_energy_economic_gurobi,r8-energy-bfff1dbe-659a-4bb0-920f-ea40ebebf7d7,validation/evaluation/witness_checks/2/shared/rows/15,R7-B1-discharge,0.0,3.4e-6,true
tie_three_ua10_energy_economic_gurobi,r8-energy-bfff1dbe-659a-4bb0-920f-ea40ebebf7d7,validation/evaluation/witness_checks/2/shared/rows/16,R7-B1-nonsimultaneous,0.0,3.4e-6,true
tie_three_ua10_energy_economic_gurobi,r8-energy-bfff1dbe-659a-4bb0-920f-ea40ebebf7d7,validation/evaluation/witness_checks/2/shared/rows/17,R7-B1-bounds,0.0,1.0e-6,true
tie_three_ua10_energy_economic_gurobi,r8-energy-bfff1dbe-659a-4bb0-920f-ea40ebebf7d7,validation/evaluation/witness_checks/2/shared/rows/18,R7-B1-integer,0.0,1.0e-6,true
tie_three_ua10_energy_economic_gurobi,r8-energy-bfff1dbe-659a-4bb0-920f-ea40ebebf7d7,validation/evaluation/witness_checks/2/shared/rows/19,R7-B1-inactive,0.0,1.0e-6,true
tie_three_ua10_energy_economic_gurobi,r8-energy-bfff1dbe-659a-4bb0-920f-ea40ebebf7d7,validation/evaluation/witness_checks/2/shared/rows/20,R7-B1-bounds,0.0,1.0e-6,true
tie_three_ua10_energy_economic_gurobi,r8-energy-bfff1dbe-659a-4bb0-920f-ea40ebebf7d7,validation/evaluation/witness_checks/2/shared/rows/21,R7-B1-integer,0.0,1.0e-6,true
tie_three_ua10_energy_economic_gurobi,r8-energy-bfff1dbe-659a-4bb0-920f-ea40ebebf7d7,validation/evaluation/witness_checks/2/shared/rows/22,R7-B1-inactive,0.0,1.0e-6,true
tie_three_ua10_energy_economic_gurobi,r8-energy-bfff1dbe-659a-4bb0-920f-ea40ebebf7d7,validation/evaluation/witness_checks/2/shared/rows/23,R7-B1-bounds,0.0,1.0e-6,true
tie_three_ua10_energy_economic_gurobi,r8-energy-bfff1dbe-659a-4bb0-920f-ea40ebebf7d7,validation/evaluation/witness_checks/2/shared/rows/24,R7-B1-integer,0.0,1.0e-6,true
tie_three_ua10_energy_economic_gurobi,r8-energy-bfff1dbe-659a-4bb0-920f-ea40ebebf7d7,validation/evaluation/witness_checks/2/shared/rows/25,R7-B1-inactive,0.0,1.0e-6,true
tie_three_ua10_energy_economic_gurobi,r8-energy-bfff1dbe-659a-4bb0-920f-ea40ebebf7d7,validation/evaluation/witness_checks/2/shared/rows/26,R7-B1-bounds,0.0,1.0e-6,true
tie_three_ua10_energy_economic_gurobi,r8-energy-bfff1dbe-659a-4bb0-920f-ea40ebebf7d7,validation/evaluation/witness_checks/2/shared/rows/27,R7-B1-integer,0.0,1.0e-6,true
tie_three_ua10_energy_economic_gurobi,r8-energy-bfff1dbe-659a-4bb0-920f-ea40ebebf7d7,validation/evaluation/witness_checks/2/shared/rows/28,R7-B1-inactive,0.0,1.0e-6,true
tie_three_ua10_energy_economic_gurobi,r8-energy-bfff1dbe-659a-4bb0-920f-ea40ebebf7d7,validation/evaluation/witness_checks/2/shared/rows/29,binary-z,0.0,1.0e-6,true
tie_three_ua10_energy_economic_gurobi,r8-energy-bfff1dbe-659a-4bb0-920f-ea40ebebf7d7,validation/evaluation/witness_checks/2/shared/rows/30,integer-z,0.0,1.0e-6,true
tie_three_ua10_energy_economic_gurobi,r8-energy-bfff1dbe-659a-4bb0-920f-ea40ebebf7d7,validation/evaluation/witness_checks/2/shared/rows/31,binary-z,0.0,1.0e-6,true
tie_three_ua10_energy_economic_gurobi,r8-energy-bfff1dbe-659a-4bb0-920f-ea40ebebf7d7,validation/evaluation/witness_checks/2/shared/rows/32,integer-z,0.0,1.0e-6,true
tie_three_ua10_energy_economic_gurobi,r8-energy-bfff1dbe-659a-4bb0-920f-ea40ebebf7d7,validation/evaluation/witness_checks/2/shared/rows/33,binary-z,0.0,1.0e-6,true
tie_three_ua10_energy_economic_gurobi,r8-energy-bfff1dbe-659a-4bb0-920f-ea40ebebf7d7,validation/evaluation/witness_checks/2/shared/rows/34,integer-z,0.0,1.0e-6,true
tie_three_ua10_energy_economic_gurobi,r8-energy-bfff1dbe-659a-4bb0-920f-ea40ebebf7d7,validation/evaluation/witness_checks/2/shared/rows/35,binary-beta,0.0,1.0e-6,true
tie_three_ua10_energy_economic_gurobi,r8-energy-bfff1dbe-659a-4bb0-920f-ea40ebebf7d7,validation/evaluation/witness_checks/2/shared/rows/36,integer-beta,0.0,1.0e-6,true
tie_three_ua10_energy_economic_gurobi,r8-energy-bfff1dbe-659a-4bb0-920f-ea40ebebf7d7,validation/evaluation/witness_checks/2/shared/rows/37,binary-beta,0.0,1.0e-6,true
tie_three_ua10_energy_economic_gurobi,r8-energy-bfff1dbe-659a-4bb0-920f-ea40ebebf7d7,validation/evaluation/witness_checks/2/shared/rows/38,integer-beta,0.0,1.0e-6,true
tie_three_ua10_energy_economic_gurobi,r8-energy-bfff1dbe-659a-4bb0-920f-ea40ebebf7d7,validation/evaluation/witness_checks/2/shared/rows/39,binary-beta,0.0,1.0e-6,true
tie_three_ua10_energy_economic_gurobi,r8-energy-bfff1dbe-659a-4bb0-920f-ea40ebebf7d7,validation/evaluation/witness_checks/2/shared/rows/40,integer-beta,0.0,1.0e-6,true
tie_three_ua10_energy_economic_gurobi,r8-energy-bfff1dbe-659a-4bb0-920f-ea40ebebf7d7,validation/evaluation/witness_checks/2/shared/rows/41,binary-a_on,0.0,1.0e-6,true
tie_three_ua10_energy_economic_gurobi,r8-energy-bfff1dbe-659a-4bb0-920f-ea40ebebf7d7,validation/evaluation/witness_checks/2/shared/rows/42,integer-a_on,0.0,1.0e-6,true
tie_three_ua10_energy_economic_gurobi,r8-energy-bfff1dbe-659a-4bb0-920f-ea40ebebf7d7,validation/evaluation/witness_checks/2/shared/rows/43,binary-a_on,0.0,1.0e-6,true
tie_three_ua10_energy_economic_gurobi,r8-energy-bfff1dbe-659a-4bb0-920f-ea40ebebf7d7,validation/evaluation/witness_checks/2/shared/rows/44,integer-a_on,0.0,1.0e-6,true
tie_three_ua10_energy_economic_gurobi,r8-energy-bfff1dbe-659a-4bb0-920f-ea40ebebf7d7,validation/evaluation/witness_checks/2/shared/rows/45,binary-a_on,0.0,1.0e-6,true
tie_three_ua10_energy_economic_gurobi,r8-energy-bfff1dbe-659a-4bb0-920f-ea40ebebf7d7,validation/evaluation/witness_checks/2/shared/rows/46,integer-a_on,0.0,1.0e-6,true
tie_three_ua10_energy_economic_gurobi,r8-energy-bfff1dbe-659a-4bb0-920f-ea40ebebf7d7,validation/evaluation/witness_checks/2/shared/rows/47,binary-a_off,0.0,1.0e-6,true
tie_three_ua10_energy_economic_gurobi,r8-energy-bfff1dbe-659a-4bb0-920f-ea40ebebf7d7,validation/evaluation/witness_checks/2/shared/rows/48,integer-a_off,0.0,1.0e-6,true
tie_three_ua10_energy_economic_gurobi,r8-energy-bfff1dbe-659a-4bb0-920f-ea40ebebf7d7,validation/evaluation/witness_checks/2/shared/rows/49,binary-a_off,0.0,1.0e-6,true
tie_three_ua10_energy_economic_gurobi,r8-energy-bfff1dbe-659a-4bb0-920f-ea40ebebf7d7,validation/evaluation/witness_checks/2/shared/rows/50,integer-a_off,0.0,1.0e-6,true
tie_three_ua10_energy_economic_gurobi,r8-energy-bfff1dbe-659a-4bb0-920f-ea40ebebf7d7,validation/evaluation/witness_checks/2/shared/rows/51,binary-a_off,0.0,1.0e-6,true
tie_three_ua10_energy_economic_gurobi,r8-energy-bfff1dbe-659a-4bb0-920f-ea40ebebf7d7,validation/evaluation/witness_checks/2/shared/rows/52,integer-a_off,0.0,1.0e-6,true
tie_three_ua10_energy_economic_gurobi,r8-energy-bfff1dbe-659a-4bb0-920f-ea40ebebf7d7,validation/evaluation/witness_checks/2/shared/rows/53,R7-R1,0.0,1.0e-6,true
tie_three_ua10_energy_economic_gurobi,r8-energy-bfff1dbe-659a-4bb0-920f-ea40ebebf7d7,validation/evaluation/witness_checks/2/shared/rows/54,on-action,0.0,1.0e-6,true
tie_three_ua10_energy_economic_gurobi,r8-energy-bfff1dbe-659a-4bb0-920f-ea40ebebf7d7,validation/evaluation/witness_checks/2/shared/rows/55,off-action,0.0,1.0e-6,true
tie_three_ua10_energy_economic_gurobi,r8-energy-bfff1dbe-659a-4bb0-920f-ea40ebebf7d7,validation/evaluation/witness_checks/2/shared/rows/56,virtual-arc,0.0,1.0e-6,true
tie_three_ua10_energy_economic_gurobi,r8-energy-bfff1dbe-659a-4bb0-920f-ea40ebebf7d7,validation/evaluation/witness_checks/2/shared/rows/57,R7-R1,0.0,1.0e-6,true
tie_three_ua10_energy_economic_gurobi,r8-energy-bfff1dbe-659a-4bb0-920f-ea40ebebf7d7,validation/evaluation/witness_checks/2/shared/rows/58,on-action,0.0,1.0e-6,true
tie_three_ua10_energy_economic_gurobi,r8-energy-bfff1dbe-659a-4bb0-920f-ea40ebebf7d7,validation/evaluation/witness_checks/2/shared/rows/59,off-action,0.0,1.0e-6,true
tie_three_ua10_energy_economic_gurobi,r8-energy-bfff1dbe-659a-4bb0-920f-ea40ebebf7d7,validation/evaluation/witness_checks/2/shared/rows/60,virtual-arc,0.0,1.0e-6,true
tie_three_ua10_energy_economic_gurobi,r8-energy-bfff1dbe-659a-4bb0-920f-ea40ebebf7d7,validation/evaluation/witness_checks/2/shared/rows/61,R7-R1,0.0,1.0e-6,true
tie_three_ua10_energy_economic_gurobi,r8-energy-bfff1dbe-659a-4bb0-920f-ea40ebebf7d7,validation/evaluation/witness_checks/2/shared/rows/62,on-action,0.0,1.0e-6,true
tie_three_ua10_energy_economic_gurobi,r8-energy-bfff1dbe-659a-4bb0-920f-ea40ebebf7d7,validation/evaluation/witness_checks/2/shared/rows/63,off-action,0.0,1.0e-6,true
tie_three_ua10_energy_economic_gurobi,r8-energy-bfff1dbe-659a-4bb0-920f-ea40ebebf7d7,validation/evaluation/witness_checks/2/shared/rows/64,virtual-arc,0.0,1.0e-6,true
tie_three_ua10_energy_economic_gurobi,r8-energy-bfff1dbe-659a-4bb0-920f-ea40ebebf7d7,validation/evaluation/witness_checks/2/shared/rows/65,6-63,0.0,1.0e-6,true
tie_three_ua10_energy_economic_gurobi,r8-energy-bfff1dbe-659a-4bb0-920f-ea40ebebf7d7,validation/evaluation/witness_checks/2/shared/rows/66,forest-edges,0.0,1.0e-6,true
tie_three_ua10_energy_economic_gurobi,r8-energy-bfff1dbe-659a-4bb0-920f-ea40ebebf7d7,validation/evaluation/witness_checks/2/shared/rows/67,forest-independent,0.0,1.0e-6,true
tie_three_ua10_energy_economic_gurobi,r8-energy-bfff1dbe-659a-4bb0-920f-ea40ebebf7d7,validation/evaluation/witness_checks/2/shared/rows/68,one-root-per-component,0.0,1.0e-6,true
tie_three_ua10_energy_economic_gurobi,r8-energy-bfff1dbe-659a-4bb0-920f-ea40ebebf7d7,validation/evaluation/witness_checks/2/shared/rows/69,root-eligible,0.0,1.0e-6,true
tie_three_ua10_energy_economic_gurobi,r8-energy-bfff1dbe-659a-4bb0-920f-ea40ebebf7d7,validation/evaluation/witness_checks/2/shared/rows/70,root-supply,0.0,1.0e-6,true
tie_three_ua10_energy_economic_gurobi,r8-energy-bfff1dbe-659a-4bb0-920f-ea40ebebf7d7,validation/evaluation/witness_checks/2/shared/rows/71,virtual-node,0.0,1.0e-6,true
tie_three_ua10_energy_economic_gurobi,r8-energy-bfff1dbe-659a-4bb0-920f-ea40ebebf7d7,validation/evaluation/witness_checks/2/shared/rows/72,root-eligible,0.0,1.0e-6,true
tie_three_ua10_energy_economic_gurobi,r8-energy-bfff1dbe-659a-4bb0-920f-ea40ebebf7d7,validation/evaluation/witness_checks/2/shared/rows/73,root-supply,0.0,1.0e-6,true
tie_three_ua10_energy_economic_gurobi,r8-energy-bfff1dbe-659a-4bb0-920f-ea40ebebf7d7,validation/evaluation/witness_checks/2/shared/rows/74,virtual-node,0.0,1.0e-6,true
tie_three_ua10_energy_economic_gurobi,r8-energy-bfff1dbe-659a-4bb0-920f-ea40ebebf7d7,validation/evaluation/witness_checks/2/shared/rows/75,root-eligible,0.0,1.0e-6,true
tie_three_ua10_energy_economic_gurobi,r8-energy-bfff1dbe-659a-4bb0-920f-ea40ebebf7d7,validation/evaluation/witness_checks/2/shared/rows/76,root-supply,0.0,1.0e-6,true
tie_three_ua10_energy_economic_gurobi,r8-energy-bfff1dbe-659a-4bb0-920f-ea40ebebf7d7,validation/evaluation/witness_checks/2/shared/rows/77,virtual-node,0.0,1.0e-6,true
tie_three_ua10_energy_economic_gurobi,r8-energy-bfff1dbe-659a-4bb0-920f-ea40ebebf7d7,validation/evaluation/witness_checks/2/shared/rows/78,6-8/56/60,0.0,3.4e-6,true
tie_three_ua10_energy_economic_gurobi,r8-energy-bfff1dbe-659a-4bb0-920f-ea40ebebf7d7,validation/evaluation/witness_checks/2/shared/rows/79,6-3/9,0.0,3.4e-6,true
tie_three_ua10_energy_economic_gurobi,r8-energy-bfff1dbe-659a-4bb0-920f-ea40ebebf7d7,validation/evaluation/witness_checks/2/shared/rows/80,6-11,0.0,3.4e-6,true
tie_three_ua10_energy_economic_gurobi,r8-energy-bfff1dbe-659a-4bb0-920f-ea40ebebf7d7,validation/evaluation/witness_checks/2/shared/rows/81,6-4/57,0.0,3.4e-6,true
tie_three_ua10_energy_economic_gurobi,r8-energy-bfff1dbe-659a-4bb0-920f-ea40ebebf7d7,validation/evaluation/witness_checks/2/shared/rows/82,6-5/58,0.0,3.4e-6,true
tie_three_ua10_energy_economic_gurobi,r8-energy-bfff1dbe-659a-4bb0-920f-ea40ebebf7d7,validation/evaluation/witness_checks/2/shared/rows/83,inactive-charge,0.0,3.4e-6,true
tie_three_ua10_energy_economic_gurobi,r8-energy-bfff1dbe-659a-4bb0-920f-ea40ebebf7d7,validation/evaluation/witness_checks/2/shared/rows/84,inactive-discharge,0.0,3.4e-6,true
tie_three_ua10_energy_economic_gurobi,r8-energy-bfff1dbe-659a-4bb0-920f-ea40ebebf7d7,validation/evaluation/witness_checks/2/shared/rows/85,6-8/56/60,0.0,3.4e-6,true
tie_three_ua10_energy_economic_gurobi,r8-energy-bfff1dbe-659a-4bb0-920f-ea40ebebf7d7,validation/evaluation/witness_checks/2/shared/rows/86,6-3/9,0.0,3.4e-6,true
tie_three_ua10_energy_economic_gurobi,r8-energy-bfff1dbe-659a-4bb0-920f-ea40ebebf7d7,validation/evaluation/witness_checks/2/shared/rows/87,6-11,0.0,3.4e-6,true
tie_three_ua10_energy_economic_gurobi,r8-energy-bfff1dbe-659a-4bb0-920f-ea40ebebf7d7,validation/evaluation/witness_checks/2/shared/rows/88,6-4/57,0.0,3.4e-6,true
tie_three_ua10_energy_economic_gurobi,r8-energy-bfff1dbe-659a-4bb0-920f-ea40ebebf7d7,validation/evaluation/witness_checks/2/shared/rows/89,6-5/58,0.0,3.4e-6,true
tie_three_ua10_energy_economic_gurobi,r8-energy-bfff1dbe-659a-4bb0-920f-ea40ebebf7d7,validation/evaluation/witness_checks/2/shared/rows/90,inactive-charge,0.0,3.4e-6,true
tie_three_ua10_energy_economic_gurobi,r8-energy-bfff1dbe-659a-4bb0-920f-ea40ebebf7d7,validation/evaluation/witness_checks/2/shared/rows/91,inactive-discharge,0.0,3.4e-6,true
tie_three_ua10_energy_economic_gurobi,r8-energy-bfff1dbe-659a-4bb0-920f-ea40ebebf7d7,validation/evaluation/witness_checks/2/shared/rows/92,6-8/56/60,0.0,3.4e-6,true
tie_three_ua10_energy_economic_gurobi,r8-energy-bfff1dbe-659a-4bb0-920f-ea40ebebf7d7,validation/evaluation/witness_checks/2/shared/rows/93,6-3/9,0.0,3.4e-6,true
tie_three_ua10_energy_economic_gurobi,r8-energy-bfff1dbe-659a-4bb0-920f-ea40ebebf7d7,validation/evaluation/witness_checks/2/shared/rows/94,6-11,0.0,3.4e-6,true
tie_three_ua10_energy_economic_gurobi,r8-energy-bfff1dbe-659a-4bb0-920f-ea40ebebf7d7,validation/evaluation/witness_checks/2/shared/rows/95,battery-charge,0.0,3.4e-6,true
tie_three_ua10_energy_economic_gurobi,r8-energy-bfff1dbe-659a-4bb0-920f-ea40ebebf7d7,validation/evaluation/witness_checks/2/shared/rows/96,battery-discharge,0.0,3.4e-6,true
tie_three_ua10_energy_economic_gurobi,r8-energy-bfff1dbe-659a-4bb0-920f-ea40ebebf7d7,validation/evaluation/witness_checks/2/shared/rows/97,6-12,0.0,3.4e-6,true
tie_three_ua10_energy_economic_gurobi,r8-energy-bfff1dbe-659a-4bb0-920f-ea40ebebf7d7,validation/evaluation/witness_checks/2/shared/rows/98,6-14,0.0,2.0e-6,true
tie_three_ua10_energy_economic_gurobi,r8-energy-bfff1dbe-659a-4bb0-920f-ea40ebebf7d7,validation/evaluation/witness_checks/2/shared/rows/99,6-8/56/60,0.0,3.4e-6,true
tie_three_ua10_energy_economic_gurobi,r8-energy-bfff1dbe-659a-4bb0-920f-ea40ebebf7d7,validation/evaluation/witness_checks/2/shared/rows/100,6-3/9,0.0,3.4e-6,true
tie_three_ua10_energy_economic_gurobi,r8-energy-bfff1dbe-659a-4bb0-920f-ea40ebebf7d7,validation/evaluation/witness_checks/2/shared/rows/101,6-11,0.0,3.4e-6,true
tie_three_ua10_energy_economic_gurobi,r8-energy-bfff1dbe-659a-4bb0-920f-ea40ebebf7d7,validation/evaluation/witness_checks/2/shared/rows/102,battery-charge,0.0,3.4e-6,true
tie_three_ua10_energy_economic_gurobi,r8-energy-bfff1dbe-659a-4bb0-920f-ea40ebebf7d7,validation/evaluation/witness_checks/2/shared/rows/103,battery-discharge,0.0,3.4e-6,true
tie_three_ua10_energy_economic_gurobi,r8-energy-bfff1dbe-659a-4bb0-920f-ea40ebebf7d7,validation/evaluation/witness_checks/2/shared/rows/104,6-12,0.0,3.4e-6,true
tie_three_ua10_energy_economic_gurobi,r8-energy-bfff1dbe-659a-4bb0-920f-ea40ebebf7d7,validation/evaluation/witness_checks/2/shared/rows/105,6-14,0.0,2.0e-6,true
tie_three_ua10_energy_economic_gurobi,r8-energy-bfff1dbe-659a-4bb0-920f-ea40ebebf7d7,validation/evaluation/witness_checks/2/shared/rows/106,6-8/56/60,0.0,3.4e-6,true
tie_three_ua10_energy_economic_gurobi,r8-energy-bfff1dbe-659a-4bb0-920f-ea40ebebf7d7,validation/evaluation/witness_checks/2/shared/rows/107,6-3/9,0.0,3.4e-6,true
tie_three_ua10_energy_economic_gurobi,r8-energy-bfff1dbe-659a-4bb0-920f-ea40ebebf7d7,validation/evaluation/witness_checks/2/shared/rows/108,6-11,0.0,3.4e-6,true
tie_three_ua10_energy_economic_gurobi,r8-energy-bfff1dbe-659a-4bb0-920f-ea40ebebf7d7,validation/evaluation/witness_checks/2/shared/rows/109,inactive-charge,0.0,3.4e-6,true
tie_three_ua10_energy_economic_gurobi,r8-energy-bfff1dbe-659a-4bb0-920f-ea40ebebf7d7,validation/evaluation/witness_checks/2/shared/rows/110,inactive-discharge,0.0,3.4e-6,true
tie_three_ua10_energy_economic_gurobi,r8-energy-bfff1dbe-659a-4bb0-920f-ea40ebebf7d7,validation/evaluation/witness_checks/2/shared/rows/111,6-8/56/60,0.0,3.4e-6,true
tie_three_ua10_energy_economic_gurobi,r8-energy-bfff1dbe-659a-4bb0-920f-ea40ebebf7d7,validation/evaluation/witness_checks/2/shared/rows/112,6-3/9,0.0,3.4e-6,true
tie_three_ua10_energy_economic_gurobi,r8-energy-bfff1dbe-659a-4bb0-920f-ea40ebebf7d7,validation/evaluation/witness_checks/2/shared/rows/113,6-11,0.0,3.4e-6,true
tie_three_ua10_energy_economic_gurobi,r8-energy-bfff1dbe-659a-4bb0-920f-ea40ebebf7d7,validation/evaluation/witness_checks/2/shared/rows/114,inactive-charge,0.0,3.4e-6,true
tie_three_ua10_energy_economic_gurobi,r8-energy-bfff1dbe-659a-4bb0-920f-ea40ebebf7d7,validation/evaluation/witness_checks/2/shared/rows/115,inactive-discharge,0.0,3.4e-6,true
tie_three_ua10_energy_economic_gurobi,r8-energy-bfff1dbe-659a-4bb0-920f-ea40ebebf7d7,validation/evaluation/witness_checks/2/shared/rows/116,6-8/56/60,0.0,3.4e-6,true
tie_three_ua10_energy_economic_gurobi,r8-energy-bfff1dbe-659a-4bb0-920f-ea40ebebf7d7,validation/evaluation/witness_checks/2/shared/rows/117,6-3/9,0.0,3.4e-6,true
tie_three_ua10_energy_economic_gurobi,r8-energy-bfff1dbe-659a-4bb0-920f-ea40ebebf7d7,validation/evaluation/witness_checks/2/shared/rows/118,6-11,0.0,3.4e-6,true
tie_three_ua10_energy_economic_gurobi,r8-energy-bfff1dbe-659a-4bb0-920f-ea40ebebf7d7,validation/evaluation/witness_checks/2/shared/rows/119,inactive-charge,0.0,3.4e-6,true
tie_three_ua10_energy_economic_gurobi,r8-energy-bfff1dbe-659a-4bb0-920f-ea40ebebf7d7,validation/evaluation/witness_checks/2/shared/rows/120,inactive-discharge,0.0,3.4e-6,true
tie_three_ua10_energy_economic_gurobi,r8-energy-bfff1dbe-659a-4bb0-920f-ea40ebebf7d7,validation/evaluation/witness_checks/2/shared/rows/121,6-8/56/60,0.0,3.4e-6,true
tie_three_ua10_energy_economic_gurobi,r8-energy-bfff1dbe-659a-4bb0-920f-ea40ebebf7d7,validation/evaluation/witness_checks/2/shared/rows/122,6-3/9,0.0,3.4e-6,true
tie_three_ua10_energy_economic_gurobi,r8-energy-bfff1dbe-659a-4bb0-920f-ea40ebebf7d7,validation/evaluation/witness_checks/2/shared/rows/123,6-11,0.0,3.4e-6,true
tie_three_ua10_energy_economic_gurobi,r8-energy-bfff1dbe-659a-4bb0-920f-ea40ebebf7d7,validation/evaluation/witness_checks/2/shared/rows/124,inactive-charge,0.0,3.4e-6,true
tie_three_ua10_energy_economic_gurobi,r8-energy-bfff1dbe-659a-4bb0-920f-ea40ebebf7d7,validation/evaluation/witness_checks/2/shared/rows/125,inactive-discharge,0.0,3.4e-6,true
tie_three_ua10_energy_economic_gurobi,r8-energy-bfff1dbe-659a-4bb0-920f-ea40ebebf7d7,validation/evaluation/witness_checks/2/shared/rows/126,inactive-energy,0.0,2.0e-6,true
tie_three_ua10_energy_economic_gurobi,r8-energy-bfff1dbe-659a-4bb0-920f-ea40ebebf7d7,validation/evaluation/witness_checks/2/shared/rows/127,inactive-energy,0.0,2.0e-6,true
tie_three_ua10_energy_economic_gurobi,r8-energy-bfff1dbe-659a-4bb0-920f-ea40ebebf7d7,validation/evaluation/witness_checks/2/shared/rows/128,inactive-energy,0.0,2.0e-6,true
tie_three_ua10_energy_economic_gurobi,r8-energy-bfff1dbe-659a-4bb0-920f-ea40ebebf7d7,validation/evaluation/witness_checks/2/shared/rows/129,inactive-energy,0.0,2.0e-6,true
tie_three_ua10_energy_economic_gurobi,r8-energy-bfff1dbe-659a-4bb0-920f-ea40ebebf7d7,validation/evaluation/witness_checks/2/shared/rows/130,6-13,0.0,2.0e-6,true
tie_three_ua10_energy_economic_gurobi,r8-energy-bfff1dbe-659a-4bb0-920f-ea40ebebf7d7,validation/evaluation/witness_checks/2/shared/rows/131,6-61,0.0,2.0e-6,true
tie_three_ua10_energy_economic_gurobi,r8-energy-bfff1dbe-659a-4bb0-920f-ea40ebebf7d7,validation/evaluation/witness_checks/2/shared/rows/132,6-13,0.0,2.0e-6,true
tie_three_ua10_energy_economic_gurobi,r8-energy-bfff1dbe-659a-4bb0-920f-ea40ebebf7d7,validation/evaluation/witness_checks/2/shared/rows/133,6-61,0.0,2.0e-6,true
tie_three_ua10_energy_economic_gurobi,r8-energy-bfff1dbe-659a-4bb0-920f-ea40ebebf7d7,validation/evaluation/witness_checks/2/shared/rows/134,6-13,0.0,2.0e-6,true
tie_three_ua10_energy_economic_gurobi,r8-energy-bfff1dbe-659a-4bb0-920f-ea40ebebf7d7,validation/evaluation/witness_checks/2/shared/rows/135,6-13,0.0,2.0e-6,true
tie_three_ua10_energy_economic_gurobi,r8-energy-bfff1dbe-659a-4bb0-920f-ea40ebebf7d7,validation/evaluation/witness_checks/2/shared/rows/136,inactive-energy,0.0,2.0e-6,true
tie_three_ua10_energy_economic_gurobi,r8-energy-bfff1dbe-659a-4bb0-920f-ea40ebebf7d7,validation/evaluation/witness_checks/2/shared/rows/137,inactive-energy,0.0,2.0e-6,true
tie_three_ua10_energy_economic_gurobi,r8-energy-bfff1dbe-659a-4bb0-920f-ea40ebebf7d7,validation/evaluation/witness_checks/2/shared/rows/138,inactive-energy,0.0,2.0e-6,true
tie_three_ua10_energy_economic_gurobi,r8-energy-bfff1dbe-659a-4bb0-920f-ea40ebebf7d7,validation/evaluation/witness_checks/2/shared/rows/139,inactive-energy,0.0,2.0e-6,true
tie_three_ua10_energy_economic_gurobi,r8-energy-bfff1dbe-659a-4bb0-920f-ea40ebebf7d7,validation/evaluation/witness_checks/2/shared/rows/140,inactive-energy,0.0,2.0e-6,true
tie_three_ua10_energy_economic_gurobi,r8-energy-bfff1dbe-659a-4bb0-920f-ea40ebebf7d7,validation/evaluation/witness_checks/2/shared/rows/141,inactive-energy,0.0,2.0e-6,true
tie_three_ua10_energy_economic_gurobi,r8-energy-bfff1dbe-659a-4bb0-920f-ea40ebebf7d7,validation/evaluation/witness_checks/2/shared/rows/142,inactive-energy,0.0,2.0e-6,true
tie_three_ua10_energy_economic_gurobi,r8-energy-bfff1dbe-659a-4bb0-920f-ea40ebebf7d7,validation/evaluation/witness_checks/2/shared/rows/143,inactive-energy,0.0,2.0e-6,true
tie_three_ua10_energy_economic_gurobi,r8-energy-bfff1dbe-659a-4bb0-920f-ea40ebebf7d7,validation/evaluation/witness_checks/2/shared/rows/144,6-51-P,0.0,3.4e-6,true
tie_three_ua10_energy_economic_gurobi,r8-energy-bfff1dbe-659a-4bb0-920f-ea40ebebf7d7,validation/evaluation/witness_checks/2/shared/rows/145,6-51-Q,0.0,3.4e-6,true
tie_three_ua10_energy_economic_gurobi,r8-energy-bfff1dbe-659a-4bb0-920f-ea40ebebf7d7,validation/evaluation/witness_checks/2/shared/rows/146,6-24:25-P_line,0.0,3.4e-6,true
tie_three_ua10_energy_economic_gurobi,r8-energy-bfff1dbe-659a-4bb0-920f-ea40ebebf7d7,validation/evaluation/witness_checks/2/shared/rows/147,6-24:25-Q_line,0.0,3.4e-6,true
tie_three_ua10_energy_economic_gurobi,r8-energy-bfff1dbe-659a-4bb0-920f-ea40ebebf7d7,validation/evaluation/witness_checks/2/shared/rows/148,R7-R3,0.0,1.0e-6,true
tie_three_ua10_energy_economic_gurobi,r8-energy-bfff1dbe-659a-4bb0-920f-ea40ebebf7d7,validation/evaluation/witness_checks/2/shared/rows/149,6-24:25-P_line,0.0,3.4e-6,true
tie_three_ua10_energy_economic_gurobi,r8-energy-bfff1dbe-659a-4bb0-920f-ea40ebebf7d7,validation/evaluation/witness_checks/2/shared/rows/150,6-24:25-Q_line,0.0,3.4e-6,true
tie_three_ua10_energy_economic_gurobi,r8-energy-bfff1dbe-659a-4bb0-920f-ea40ebebf7d7,validation/evaluation/witness_checks/2/shared/rows/151,R7-R3,0.0,1.0e-6,true
tie_three_ua10_energy_economic_gurobi,r8-energy-bfff1dbe-659a-4bb0-920f-ea40ebebf7d7,validation/evaluation/witness_checks/2/shared/rows/152,6-24:25-P_line,0.0,3.4e-6,true
tie_three_ua10_energy_economic_gurobi,r8-energy-bfff1dbe-659a-4bb0-920f-ea40ebebf7d7,validation/evaluation/witness_checks/2/shared/rows/153,6-24:25-Q_line,0.0,3.4e-6,true
tie_three_ua10_energy_economic_gurobi,r8-energy-bfff1dbe-659a-4bb0-920f-ea40ebebf7d7,validation/evaluation/witness_checks/2/shared/rows/154,R7-R3,1.734723475976807e-18,1.0e-6,true
tie_three_ua10_energy_economic_gurobi,r8-energy-bfff1dbe-659a-4bb0-920f-ea40ebebf7d7,validation/evaluation/witness_checks/2/shared/rows/155,6-22,0.0,1.0e-6,true
tie_three_ua10_energy_economic_gurobi,r8-energy-bfff1dbe-659a-4bb0-920f-ea40ebebf7d7,validation/evaluation/witness_checks/2/shared/rows/156,6-54,0.0,3.4e-6,true
tie_three_ua10_energy_economic_gurobi,r8-energy-bfff1dbe-659a-4bb0-920f-ea40ebebf7d7,validation/evaluation/witness_checks/2/shared/rows/157,6-19,0.0,3.4e-6,true
tie_three_ua10_energy_economic_gurobi,r8-energy-bfff1dbe-659a-4bb0-920f-ea40ebebf7d7,validation/evaluation/witness_checks/2/shared/rows/158,6-20,0.0,3.4e-6,true
tie_three_ua10_energy_economic_gurobi,r8-energy-bfff1dbe-659a-4bb0-920f-ea40ebebf7d7,validation/evaluation/witness_checks/2/shared/rows/159,6-22,0.0,1.0e-6,true
tie_three_ua10_energy_economic_gurobi,r8-energy-bfff1dbe-659a-4bb0-920f-ea40ebebf7d7,validation/evaluation/witness_checks/2/shared/rows/160,6-54,0.0,3.4e-6,true
tie_three_ua10_energy_economic_gurobi,r8-energy-bfff1dbe-659a-4bb0-920f-ea40ebebf7d7,validation/evaluation/witness_checks/2/shared/rows/161,6-19,0.0,3.4e-6,true
tie_three_ua10_energy_economic_gurobi,r8-energy-bfff1dbe-659a-4bb0-920f-ea40ebebf7d7,validation/evaluation/witness_checks/2/shared/rows/162,6-20,0.0,3.4e-6,true
tie_three_ua10_energy_economic_gurobi,r8-energy-bfff1dbe-659a-4bb0-920f-ea40ebebf7d7,validation/evaluation/witness_checks/2/shared/rows/163,6-22,0.0,1.0e-6,true
tie_three_ua10_energy_economic_gurobi,r8-energy-bfff1dbe-659a-4bb0-920f-ea40ebebf7d7,validation/evaluation/witness_checks/2/shared/rows/164,6-54,0.0,3.4e-6,true
tie_three_ua10_energy_economic_gurobi,r8-energy-bfff1dbe-659a-4bb0-920f-ea40ebebf7d7,validation/evaluation/witness_checks/2/shared/rows/165,6-19,0.0,3.4e-6,true
tie_three_ua10_energy_economic_gurobi,r8-energy-bfff1dbe-659a-4bb0-920f-ea40ebebf7d7,validation/evaluation/witness_checks/2/shared/rows/166,6-20,0.0,3.4e-6,true
tie_three_ua10_energy_economic_gurobi,r8-energy-bfff1dbe-659a-4bb0-920f-ea40ebebf7d7,validation/evaluation/witness_checks/2/shared/rows/167,6-51-P,0.0,3.4e-6,true
tie_three_ua10_energy_economic_gurobi,r8-energy-bfff1dbe-659a-4bb0-920f-ea40ebebf7d7,validation/evaluation/witness_checks/2/shared/rows/168,6-51-Q,0.0,3.4e-6,true
tie_three_ua10_energy_economic_gurobi,r8-energy-bfff1dbe-659a-4bb0-920f-ea40ebebf7d7,validation/evaluation/witness_checks/2/shared/rows/169,6-24:25-P_line,0.0,3.4e-6,true
tie_three_ua10_energy_economic_gurobi,r8-energy-bfff1dbe-659a-4bb0-920f-ea40ebebf7d7,validation/evaluation/witness_checks/2/shared/rows/170,6-24:25-Q_line,0.0,3.4e-6,true
tie_three_ua10_energy_economic_gurobi,r8-energy-bfff1dbe-659a-4bb0-920f-ea40ebebf7d7,validation/evaluation/witness_checks/2/shared/rows/171,R7-R3,0.0,1.0e-6,true
tie_three_ua10_energy_economic_gurobi,r8-energy-bfff1dbe-659a-4bb0-920f-ea40ebebf7d7,validation/evaluation/witness_checks/2/shared/rows/172,6-24:25-P_line,0.0,3.4e-6,true
tie_three_ua10_energy_economic_gurobi,r8-energy-bfff1dbe-659a-4bb0-920f-ea40ebebf7d7,validation/evaluation/witness_checks/2/shared/rows/173,6-24:25-Q_line,0.0,3.4e-6,true
tie_three_ua10_energy_economic_gurobi,r8-energy-bfff1dbe-659a-4bb0-920f-ea40ebebf7d7,validation/evaluation/witness_checks/2/shared/rows/174,R7-R3,3.0791341698588326e-17,1.0e-6,true
tie_three_ua10_energy_economic_gurobi,r8-energy-bfff1dbe-659a-4bb0-920f-ea40ebebf7d7,validation/evaluation/witness_checks/2/shared/rows/175,6-24:25-P_line,0.0,3.4e-6,true
tie_three_ua10_energy_economic_gurobi,r8-energy-bfff1dbe-659a-4bb0-920f-ea40ebebf7d7,validation/evaluation/witness_checks/2/shared/rows/176,6-24:25-Q_line,0.0,3.4e-6,true
tie_three_ua10_energy_economic_gurobi,r8-energy-bfff1dbe-659a-4bb0-920f-ea40ebebf7d7,validation/evaluation/witness_checks/2/shared/rows/177,R7-R3,2.688821387764051e-17,1.0e-6,true
tie_three_ua10_energy_economic_gurobi,r8-energy-bfff1dbe-659a-4bb0-920f-ea40ebebf7d7,validation/evaluation/witness_checks/2/shared/rows/178,6-22,0.0,1.0e-6,true
tie_three_ua10_energy_economic_gurobi,r8-energy-bfff1dbe-659a-4bb0-920f-ea40ebebf7d7,validation/evaluation/witness_checks/2/shared/rows/179,6-54,0.0,3.4e-6,true
tie_three_ua10_energy_economic_gurobi,r8-energy-bfff1dbe-659a-4bb0-920f-ea40ebebf7d7,validation/evaluation/witness_checks/2/shared/rows/180,6-19,2.0539125955565396e-15,3.4e-6,true
tie_three_ua10_energy_economic_gurobi,r8-energy-bfff1dbe-659a-4bb0-920f-ea40ebebf7d7,validation/evaluation/witness_checks/2/shared/rows/181,6-20,0.0,3.4e-6,true
tie_three_ua10_energy_economic_gurobi,r8-energy-bfff1dbe-659a-4bb0-920f-ea40ebebf7d7,validation/evaluation/witness_checks/2/shared/rows/182,6-22,0.0,1.0e-6,true
tie_three_ua10_energy_economic_gurobi,r8-energy-bfff1dbe-659a-4bb0-920f-ea40ebebf7d7,validation/evaluation/witness_checks/2/shared/rows/183,6-54,0.0,3.4e-6,true
tie_three_ua10_energy_economic_gurobi,r8-energy-bfff1dbe-659a-4bb0-920f-ea40ebebf7d7,validation/evaluation/witness_checks/2/shared/rows/184,6-19,0.0,3.4e-6,true
tie_three_ua10_energy_economic_gurobi,r8-energy-bfff1dbe-659a-4bb0-920f-ea40ebebf7d7,validation/evaluation/witness_checks/2/shared/rows/185,6-20,0.0,3.4e-6,true
tie_three_ua10_energy_economic_gurobi,r8-energy-bfff1dbe-659a-4bb0-920f-ea40ebebf7d7,validation/evaluation/witness_checks/2/shared/rows/186,6-22,0.0,1.0e-6,true
tie_three_ua10_energy_economic_gurobi,r8-energy-bfff1dbe-659a-4bb0-920f-ea40ebebf7d7,validation/evaluation/witness_checks/2/shared/rows/187,6-54,0.0,3.4e-6,true
tie_three_ua10_energy_economic_gurobi,r8-energy-bfff1dbe-659a-4bb0-920f-ea40ebebf7d7,validation/evaluation/witness_checks/2/shared/rows/188,6-19,0.0,3.4e-6,true
tie_three_ua10_energy_economic_gurobi,r8-energy-bfff1dbe-659a-4bb0-920f-ea40ebebf7d7,validation/evaluation/witness_checks/2/shared/rows/189,6-20,0.0,3.4e-6,true
tie_three_ua10_energy_economic_gurobi,r8-energy-bfff1dbe-659a-4bb0-920f-ea40ebebf7d7,validation/evaluation/witness_checks/2/shared/rows/190,6-55,0.0,3.4e-6,true
tie_three_ua10_energy_economic_gurobi,r8-energy-bfff1dbe-659a-4bb0-920f-ea40ebebf7d7,validation/evaluation/witness_checks/2/shared/rows/191,6-55,0.0,3.4e-6,true
tie_three_ua10_energy_economic_gurobi,r8-energy-bfff1dbe-659a-4bb0-920f-ea40ebebf7d7,validation/evaluation/witness_checks/2/shared/rows/192,6-55,0.0,3.4e-6,true
tie_three_ua10_energy_economic_gurobi,r8-energy-bfff1dbe-659a-4bb0-920f-ea40ebebf7d7,validation/evaluation/witness_checks/2/shared/rows/193,6-55,0.0,3.4e-6,true
tie_three_ua10_energy_economic_gurobi,r8-energy-bfff1dbe-659a-4bb0-920f-ea40ebebf7d7,validation/evaluation/witness_checks/2/shared/rows/194,6-53,0.0,1.0e-6,true
tie_three_ua10_energy_economic_gurobi,r8-energy-bfff1dbe-659a-4bb0-920f-ea40ebebf7d7,validation/evaluation/witness_checks/3/rows/1,R8-E2-capacity,0.0,3.4e-6,true
tie_three_ua10_energy_economic_gurobi,r8-energy-bfff1dbe-659a-4bb0-920f-ea40ebebf7d7,validation/evaluation/witness_checks/3/rows/2,R8-E2-capacity,0.0,3.4e-6,true
tie_three_ua10_energy_economic_gurobi,r8-energy-bfff1dbe-659a-4bb0-920f-ea40ebebf7d7,validation/evaluation/witness_checks/3/rows/3,R8-E1-balance,0.0,3.4e-6,true
tie_three_ua10_energy_economic_gurobi,r8-energy-bfff1dbe-659a-4bb0-920f-ea40ebebf7d7,validation/evaluation/witness_checks/3/rows/4,R8-E1-balance,5.551115123125783e-17,3.4e-6,true
tie_three_ua10_energy_economic_gurobi,r8-energy-bfff1dbe-659a-4bb0-920f-ea40ebebf7d7,validation/evaluation/witness_checks/3/rows/5,R8-E1-balance,0.0,3.4e-6,true
tie_three_ua10_energy_economic_gurobi,r8-energy-bfff1dbe-659a-4bb0-920f-ea40ebebf7d7,validation/evaluation/witness_checks/3/rows/6,R8-E1-balance,0.0,3.4e-6,true
tie_three_ua10_energy_economic_gurobi,r8-energy-bfff1dbe-659a-4bb0-920f-ea40ebebf7d7,validation/evaluation/witness_checks/3/shared/rows/1,R7-B1-bounds,0.0,1.0e-6,true
tie_three_ua10_energy_economic_gurobi,r8-energy-bfff1dbe-659a-4bb0-920f-ea40ebebf7d7,validation/evaluation/witness_checks/3/shared/rows/2,R7-B1-integer,0.0,1.0e-6,true
tie_three_ua10_energy_economic_gurobi,r8-energy-bfff1dbe-659a-4bb0-920f-ea40ebebf7d7,validation/evaluation/witness_checks/3/shared/rows/3,R7-B1-inactive,0.0,1.0e-6,true
tie_three_ua10_energy_economic_gurobi,r8-energy-bfff1dbe-659a-4bb0-920f-ea40ebebf7d7,validation/evaluation/witness_checks/3/shared/rows/4,R7-B1-bounds,0.0,1.0e-6,true
tie_three_ua10_energy_economic_gurobi,r8-energy-bfff1dbe-659a-4bb0-920f-ea40ebebf7d7,validation/evaluation/witness_checks/3/shared/rows/5,R7-B1-integer,0.0,1.0e-6,true
tie_three_ua10_energy_economic_gurobi,r8-energy-bfff1dbe-659a-4bb0-920f-ea40ebebf7d7,validation/evaluation/witness_checks/3/shared/rows/6,R7-B1-inactive,0.0,1.0e-6,true
tie_three_ua10_energy_economic_gurobi,r8-energy-bfff1dbe-659a-4bb0-920f-ea40ebebf7d7,validation/evaluation/witness_checks/3/shared/rows/7,R7-B1-bounds,0.0,1.0e-6,true
tie_three_ua10_energy_economic_gurobi,r8-energy-bfff1dbe-659a-4bb0-920f-ea40ebebf7d7,validation/evaluation/witness_checks/3/shared/rows/8,R7-B1-integer,0.0,1.0e-6,true
tie_three_ua10_energy_economic_gurobi,r8-energy-bfff1dbe-659a-4bb0-920f-ea40ebebf7d7,validation/evaluation/witness_checks/3/shared/rows/9,R7-B1-charge,0.0,3.4e-6,true
tie_three_ua10_energy_economic_gurobi,r8-energy-bfff1dbe-659a-4bb0-920f-ea40ebebf7d7,validation/evaluation/witness_checks/3/shared/rows/10,R7-B1-discharge,0.0,3.4e-6,true
tie_three_ua10_energy_economic_gurobi,r8-energy-bfff1dbe-659a-4bb0-920f-ea40ebebf7d7,validation/evaluation/witness_checks/3/shared/rows/11,R7-B1-nonsimultaneous,0.0,3.4e-6,true
tie_three_ua10_energy_economic_gurobi,r8-energy-bfff1dbe-659a-4bb0-920f-ea40ebebf7d7,validation/evaluation/witness_checks/3/shared/rows/12,R7-B1-bounds,0.0,1.0e-6,true
tie_three_ua10_energy_economic_gurobi,r8-energy-bfff1dbe-659a-4bb0-920f-ea40ebebf7d7,validation/evaluation/witness_checks/3/shared/rows/13,R7-B1-integer,0.0,1.0e-6,true
tie_three_ua10_energy_economic_gurobi,r8-energy-bfff1dbe-659a-4bb0-920f-ea40ebebf7d7,validation/evaluation/witness_checks/3/shared/rows/14,R7-B1-charge,0.0,3.4e-6,true
tie_three_ua10_energy_economic_gurobi,r8-energy-bfff1dbe-659a-4bb0-920f-ea40ebebf7d7,validation/evaluation/witness_checks/3/shared/rows/15,R7-B1-discharge,0.0,3.4e-6,true
tie_three_ua10_energy_economic_gurobi,r8-energy-bfff1dbe-659a-4bb0-920f-ea40ebebf7d7,validation/evaluation/witness_checks/3/shared/rows/16,R7-B1-nonsimultaneous,0.0,3.4e-6,true
tie_three_ua10_energy_economic_gurobi,r8-energy-bfff1dbe-659a-4bb0-920f-ea40ebebf7d7,validation/evaluation/witness_checks/3/shared/rows/17,R7-B1-bounds,0.0,1.0e-6,true
tie_three_ua10_energy_economic_gurobi,r8-energy-bfff1dbe-659a-4bb0-920f-ea40ebebf7d7,validation/evaluation/witness_checks/3/shared/rows/18,R7-B1-integer,0.0,1.0e-6,true
tie_three_ua10_energy_economic_gurobi,r8-energy-bfff1dbe-659a-4bb0-920f-ea40ebebf7d7,validation/evaluation/witness_checks/3/shared/rows/19,R7-B1-inactive,0.0,1.0e-6,true
tie_three_ua10_energy_economic_gurobi,r8-energy-bfff1dbe-659a-4bb0-920f-ea40ebebf7d7,validation/evaluation/witness_checks/3/shared/rows/20,R7-B1-bounds,0.0,1.0e-6,true
tie_three_ua10_energy_economic_gurobi,r8-energy-bfff1dbe-659a-4bb0-920f-ea40ebebf7d7,validation/evaluation/witness_checks/3/shared/rows/21,R7-B1-integer,0.0,1.0e-6,true
tie_three_ua10_energy_economic_gurobi,r8-energy-bfff1dbe-659a-4bb0-920f-ea40ebebf7d7,validation/evaluation/witness_checks/3/shared/rows/22,R7-B1-inactive,0.0,1.0e-6,true
tie_three_ua10_energy_economic_gurobi,r8-energy-bfff1dbe-659a-4bb0-920f-ea40ebebf7d7,validation/evaluation/witness_checks/3/shared/rows/23,R7-B1-bounds,0.0,1.0e-6,true
tie_three_ua10_energy_economic_gurobi,r8-energy-bfff1dbe-659a-4bb0-920f-ea40ebebf7d7,validation/evaluation/witness_checks/3/shared/rows/24,R7-B1-integer,0.0,1.0e-6,true
tie_three_ua10_energy_economic_gurobi,r8-energy-bfff1dbe-659a-4bb0-920f-ea40ebebf7d7,validation/evaluation/witness_checks/3/shared/rows/25,R7-B1-inactive,0.0,1.0e-6,true
tie_three_ua10_energy_economic_gurobi,r8-energy-bfff1dbe-659a-4bb0-920f-ea40ebebf7d7,validation/evaluation/witness_checks/3/shared/rows/26,R7-B1-bounds,0.0,1.0e-6,true
tie_three_ua10_energy_economic_gurobi,r8-energy-bfff1dbe-659a-4bb0-920f-ea40ebebf7d7,validation/evaluation/witness_checks/3/shared/rows/27,R7-B1-integer,0.0,1.0e-6,true
tie_three_ua10_energy_economic_gurobi,r8-energy-bfff1dbe-659a-4bb0-920f-ea40ebebf7d7,validation/evaluation/witness_checks/3/shared/rows/28,R7-B1-inactive,0.0,1.0e-6,true
tie_three_ua10_energy_economic_gurobi,r8-energy-bfff1dbe-659a-4bb0-920f-ea40ebebf7d7,validation/evaluation/witness_checks/3/shared/rows/29,binary-z,0.0,1.0e-6,true
tie_three_ua10_energy_economic_gurobi,r8-energy-bfff1dbe-659a-4bb0-920f-ea40ebebf7d7,validation/evaluation/witness_checks/3/shared/rows/30,integer-z,0.0,1.0e-6,true
tie_three_ua10_energy_economic_gurobi,r8-energy-bfff1dbe-659a-4bb0-920f-ea40ebebf7d7,validation/evaluation/witness_checks/3/shared/rows/31,binary-z,0.0,1.0e-6,true
tie_three_ua10_energy_economic_gurobi,r8-energy-bfff1dbe-659a-4bb0-920f-ea40ebebf7d7,validation/evaluation/witness_checks/3/shared/rows/32,integer-z,0.0,1.0e-6,true
tie_three_ua10_energy_economic_gurobi,r8-energy-bfff1dbe-659a-4bb0-920f-ea40ebebf7d7,validation/evaluation/witness_checks/3/shared/rows/33,binary-z,0.0,1.0e-6,true
tie_three_ua10_energy_economic_gurobi,r8-energy-bfff1dbe-659a-4bb0-920f-ea40ebebf7d7,validation/evaluation/witness_checks/3/shared/rows/34,integer-z,0.0,1.0e-6,true
tie_three_ua10_energy_economic_gurobi,r8-energy-bfff1dbe-659a-4bb0-920f-ea40ebebf7d7,validation/evaluation/witness_checks/3/shared/rows/35,binary-beta,0.0,1.0e-6,true
tie_three_ua10_energy_economic_gurobi,r8-energy-bfff1dbe-659a-4bb0-920f-ea40ebebf7d7,validation/evaluation/witness_checks/3/shared/rows/36,integer-beta,0.0,1.0e-6,true
tie_three_ua10_energy_economic_gurobi,r8-energy-bfff1dbe-659a-4bb0-920f-ea40ebebf7d7,validation/evaluation/witness_checks/3/shared/rows/37,binary-beta,0.0,1.0e-6,true
tie_three_ua10_energy_economic_gurobi,r8-energy-bfff1dbe-659a-4bb0-920f-ea40ebebf7d7,validation/evaluation/witness_checks/3/shared/rows/38,integer-beta,0.0,1.0e-6,true
tie_three_ua10_energy_economic_gurobi,r8-energy-bfff1dbe-659a-4bb0-920f-ea40ebebf7d7,validation/evaluation/witness_checks/3/shared/rows/39,binary-beta,0.0,1.0e-6,true
tie_three_ua10_energy_economic_gurobi,r8-energy-bfff1dbe-659a-4bb0-920f-ea40ebebf7d7,validation/evaluation/witness_checks/3/shared/rows/40,integer-beta,0.0,1.0e-6,true
tie_three_ua10_energy_economic_gurobi,r8-energy-bfff1dbe-659a-4bb0-920f-ea40ebebf7d7,validation/evaluation/witness_checks/3/shared/rows/41,binary-a_on,0.0,1.0e-6,true
tie_three_ua10_energy_economic_gurobi,r8-energy-bfff1dbe-659a-4bb0-920f-ea40ebebf7d7,validation/evaluation/witness_checks/3/shared/rows/42,integer-a_on,0.0,1.0e-6,true
tie_three_ua10_energy_economic_gurobi,r8-energy-bfff1dbe-659a-4bb0-920f-ea40ebebf7d7,validation/evaluation/witness_checks/3/shared/rows/43,binary-a_on,0.0,1.0e-6,true
tie_three_ua10_energy_economic_gurobi,r8-energy-bfff1dbe-659a-4bb0-920f-ea40ebebf7d7,validation/evaluation/witness_checks/3/shared/rows/44,integer-a_on,0.0,1.0e-6,true
tie_three_ua10_energy_economic_gurobi,r8-energy-bfff1dbe-659a-4bb0-920f-ea40ebebf7d7,validation/evaluation/witness_checks/3/shared/rows/45,binary-a_on,0.0,1.0e-6,true
tie_three_ua10_energy_economic_gurobi,r8-energy-bfff1dbe-659a-4bb0-920f-ea40ebebf7d7,validation/evaluation/witness_checks/3/shared/rows/46,integer-a_on,0.0,1.0e-6,true
tie_three_ua10_energy_economic_gurobi,r8-energy-bfff1dbe-659a-4bb0-920f-ea40ebebf7d7,validation/evaluation/witness_checks/3/shared/rows/47,binary-a_off,0.0,1.0e-6,true
tie_three_ua10_energy_economic_gurobi,r8-energy-bfff1dbe-659a-4bb0-920f-ea40ebebf7d7,validation/evaluation/witness_checks/3/shared/rows/48,integer-a_off,0.0,1.0e-6,true
tie_three_ua10_energy_economic_gurobi,r8-energy-bfff1dbe-659a-4bb0-920f-ea40ebebf7d7,validation/evaluation/witness_checks/3/shared/rows/49,binary-a_off,0.0,1.0e-6,true
tie_three_ua10_energy_economic_gurobi,r8-energy-bfff1dbe-659a-4bb0-920f-ea40ebebf7d7,validation/evaluation/witness_checks/3/shared/rows/50,integer-a_off,0.0,1.0e-6,true
tie_three_ua10_energy_economic_gurobi,r8-energy-bfff1dbe-659a-4bb0-920f-ea40ebebf7d7,validation/evaluation/witness_checks/3/shared/rows/51,binary-a_off,0.0,1.0e-6,true
tie_three_ua10_energy_economic_gurobi,r8-energy-bfff1dbe-659a-4bb0-920f-ea40ebebf7d7,validation/evaluation/witness_checks/3/shared/rows/52,integer-a_off,0.0,1.0e-6,true
tie_three_ua10_energy_economic_gurobi,r8-energy-bfff1dbe-659a-4bb0-920f-ea40ebebf7d7,validation/evaluation/witness_checks/3/shared/rows/53,R7-R1,0.0,1.0e-6,true
tie_three_ua10_energy_economic_gurobi,r8-energy-bfff1dbe-659a-4bb0-920f-ea40ebebf7d7,validation/evaluation/witness_checks/3/shared/rows/54,on-action,0.0,1.0e-6,true
tie_three_ua10_energy_economic_gurobi,r8-energy-bfff1dbe-659a-4bb0-920f-ea40ebebf7d7,validation/evaluation/witness_checks/3/shared/rows/55,off-action,0.0,1.0e-6,true
tie_three_ua10_energy_economic_gurobi,r8-energy-bfff1dbe-659a-4bb0-920f-ea40ebebf7d7,validation/evaluation/witness_checks/3/shared/rows/56,virtual-arc,0.0,1.0e-6,true
tie_three_ua10_energy_economic_gurobi,r8-energy-bfff1dbe-659a-4bb0-920f-ea40ebebf7d7,validation/evaluation/witness_checks/3/shared/rows/57,R7-R1,0.0,1.0e-6,true
tie_three_ua10_energy_economic_gurobi,r8-energy-bfff1dbe-659a-4bb0-920f-ea40ebebf7d7,validation/evaluation/witness_checks/3/shared/rows/58,on-action,0.0,1.0e-6,true
tie_three_ua10_energy_economic_gurobi,r8-energy-bfff1dbe-659a-4bb0-920f-ea40ebebf7d7,validation/evaluation/witness_checks/3/shared/rows/59,off-action,0.0,1.0e-6,true
tie_three_ua10_energy_economic_gurobi,r8-energy-bfff1dbe-659a-4bb0-920f-ea40ebebf7d7,validation/evaluation/witness_checks/3/shared/rows/60,virtual-arc,0.0,1.0e-6,true
tie_three_ua10_energy_economic_gurobi,r8-energy-bfff1dbe-659a-4bb0-920f-ea40ebebf7d7,validation/evaluation/witness_checks/3/shared/rows/61,R7-R1,0.0,1.0e-6,true
tie_three_ua10_energy_economic_gurobi,r8-energy-bfff1dbe-659a-4bb0-920f-ea40ebebf7d7,validation/evaluation/witness_checks/3/shared/rows/62,on-action,0.0,1.0e-6,true
tie_three_ua10_energy_economic_gurobi,r8-energy-bfff1dbe-659a-4bb0-920f-ea40ebebf7d7,validation/evaluation/witness_checks/3/shared/rows/63,off-action,0.0,1.0e-6,true
tie_three_ua10_energy_economic_gurobi,r8-energy-bfff1dbe-659a-4bb0-920f-ea40ebebf7d7,validation/evaluation/witness_checks/3/shared/rows/64,virtual-arc,0.0,1.0e-6,true
tie_three_ua10_energy_economic_gurobi,r8-energy-bfff1dbe-659a-4bb0-920f-ea40ebebf7d7,validation/evaluation/witness_checks/3/shared/rows/65,6-63,0.0,1.0e-6,true
tie_three_ua10_energy_economic_gurobi,r8-energy-bfff1dbe-659a-4bb0-920f-ea40ebebf7d7,validation/evaluation/witness_checks/3/shared/rows/66,forest-edges,0.0,1.0e-6,true
tie_three_ua10_energy_economic_gurobi,r8-energy-bfff1dbe-659a-4bb0-920f-ea40ebebf7d7,validation/evaluation/witness_checks/3/shared/rows/67,forest-independent,0.0,1.0e-6,true
tie_three_ua10_energy_economic_gurobi,r8-energy-bfff1dbe-659a-4bb0-920f-ea40ebebf7d7,validation/evaluation/witness_checks/3/shared/rows/68,one-root-per-component,0.0,1.0e-6,true
tie_three_ua10_energy_economic_gurobi,r8-energy-bfff1dbe-659a-4bb0-920f-ea40ebebf7d7,validation/evaluation/witness_checks/3/shared/rows/69,root-eligible,0.0,1.0e-6,true
tie_three_ua10_energy_economic_gurobi,r8-energy-bfff1dbe-659a-4bb0-920f-ea40ebebf7d7,validation/evaluation/witness_checks/3/shared/rows/70,root-supply,0.0,1.0e-6,true
tie_three_ua10_energy_economic_gurobi,r8-energy-bfff1dbe-659a-4bb0-920f-ea40ebebf7d7,validation/evaluation/witness_checks/3/shared/rows/71,virtual-node,0.0,1.0e-6,true
tie_three_ua10_energy_economic_gurobi,r8-energy-bfff1dbe-659a-4bb0-920f-ea40ebebf7d7,validation/evaluation/witness_checks/3/shared/rows/72,root-eligible,0.0,1.0e-6,true
tie_three_ua10_energy_economic_gurobi,r8-energy-bfff1dbe-659a-4bb0-920f-ea40ebebf7d7,validation/evaluation/witness_checks/3/shared/rows/73,root-supply,0.0,1.0e-6,true
tie_three_ua10_energy_economic_gurobi,r8-energy-bfff1dbe-659a-4bb0-920f-ea40ebebf7d7,validation/evaluation/witness_checks/3/shared/rows/74,virtual-node,0.0,1.0e-6,true
tie_three_ua10_energy_economic_gurobi,r8-energy-bfff1dbe-659a-4bb0-920f-ea40ebebf7d7,validation/evaluation/witness_checks/3/shared/rows/75,root-eligible,0.0,1.0e-6,true
tie_three_ua10_energy_economic_gurobi,r8-energy-bfff1dbe-659a-4bb0-920f-ea40ebebf7d7,validation/evaluation/witness_checks/3/shared/rows/76,root-supply,0.0,1.0e-6,true
tie_three_ua10_energy_economic_gurobi,r8-energy-bfff1dbe-659a-4bb0-920f-ea40ebebf7d7,validation/evaluation/witness_checks/3/shared/rows/77,virtual-node,0.0,1.0e-6,true
tie_three_ua10_energy_economic_gurobi,r8-energy-bfff1dbe-659a-4bb0-920f-ea40ebebf7d7,validation/evaluation/witness_checks/3/shared/rows/78,6-8/56/60,0.0,3.4e-6,true
tie_three_ua10_energy_economic_gurobi,r8-energy-bfff1dbe-659a-4bb0-920f-ea40ebebf7d7,validation/evaluation/witness_checks/3/shared/rows/79,6-3/9,0.0,3.4e-6,true
tie_three_ua10_energy_economic_gurobi,r8-energy-bfff1dbe-659a-4bb0-920f-ea40ebebf7d7,validation/evaluation/witness_checks/3/shared/rows/80,6-11,0.0,3.4e-6,true
tie_three_ua10_energy_economic_gurobi,r8-energy-bfff1dbe-659a-4bb0-920f-ea40ebebf7d7,validation/evaluation/witness_checks/3/shared/rows/81,6-4/57,0.0,3.4e-6,true
tie_three_ua10_energy_economic_gurobi,r8-energy-bfff1dbe-659a-4bb0-920f-ea40ebebf7d7,validation/evaluation/witness_checks/3/shared/rows/82,6-5/58,0.0,3.4e-6,true
tie_three_ua10_energy_economic_gurobi,r8-energy-bfff1dbe-659a-4bb0-920f-ea40ebebf7d7,validation/evaluation/witness_checks/3/shared/rows/83,inactive-charge,0.0,3.4e-6,true
tie_three_ua10_energy_economic_gurobi,r8-energy-bfff1dbe-659a-4bb0-920f-ea40ebebf7d7,validation/evaluation/witness_checks/3/shared/rows/84,inactive-discharge,0.0,3.4e-6,true
tie_three_ua10_energy_economic_gurobi,r8-energy-bfff1dbe-659a-4bb0-920f-ea40ebebf7d7,validation/evaluation/witness_checks/3/shared/rows/85,6-8/56/60,0.0,3.4e-6,true
tie_three_ua10_energy_economic_gurobi,r8-energy-bfff1dbe-659a-4bb0-920f-ea40ebebf7d7,validation/evaluation/witness_checks/3/shared/rows/86,6-3/9,0.0,3.4e-6,true
tie_three_ua10_energy_economic_gurobi,r8-energy-bfff1dbe-659a-4bb0-920f-ea40ebebf7d7,validation/evaluation/witness_checks/3/shared/rows/87,6-11,0.0,3.4e-6,true
tie_three_ua10_energy_economic_gurobi,r8-energy-bfff1dbe-659a-4bb0-920f-ea40ebebf7d7,validation/evaluation/witness_checks/3/shared/rows/88,6-4/57,0.0,3.4e-6,true
tie_three_ua10_energy_economic_gurobi,r8-energy-bfff1dbe-659a-4bb0-920f-ea40ebebf7d7,validation/evaluation/witness_checks/3/shared/rows/89,6-5/58,0.0,3.4e-6,true
tie_three_ua10_energy_economic_gurobi,r8-energy-bfff1dbe-659a-4bb0-920f-ea40ebebf7d7,validation/evaluation/witness_checks/3/shared/rows/90,inactive-charge,0.0,3.4e-6,true
tie_three_ua10_energy_economic_gurobi,r8-energy-bfff1dbe-659a-4bb0-920f-ea40ebebf7d7,validation/evaluation/witness_checks/3/shared/rows/91,inactive-discharge,0.0,3.4e-6,true
tie_three_ua10_energy_economic_gurobi,r8-energy-bfff1dbe-659a-4bb0-920f-ea40ebebf7d7,validation/evaluation/witness_checks/3/shared/rows/92,6-8/56/60,0.0,3.4e-6,true
tie_three_ua10_energy_economic_gurobi,r8-energy-bfff1dbe-659a-4bb0-920f-ea40ebebf7d7,validation/evaluation/witness_checks/3/shared/rows/93,6-3/9,0.0,3.4e-6,true
tie_three_ua10_energy_economic_gurobi,r8-energy-bfff1dbe-659a-4bb0-920f-ea40ebebf7d7,validation/evaluation/witness_checks/3/shared/rows/94,6-11,0.0,3.4e-6,true
tie_three_ua10_energy_economic_gurobi,r8-energy-bfff1dbe-659a-4bb0-920f-ea40ebebf7d7,validation/evaluation/witness_checks/3/shared/rows/95,battery-charge,0.0,3.4e-6,true
tie_three_ua10_energy_economic_gurobi,r8-energy-bfff1dbe-659a-4bb0-920f-ea40ebebf7d7,validation/evaluation/witness_checks/3/shared/rows/96,battery-discharge,0.0,3.4e-6,true
tie_three_ua10_energy_economic_gurobi,r8-energy-bfff1dbe-659a-4bb0-920f-ea40ebebf7d7,validation/evaluation/witness_checks/3/shared/rows/97,6-12,0.0,3.4e-6,true
tie_three_ua10_energy_economic_gurobi,r8-energy-bfff1dbe-659a-4bb0-920f-ea40ebebf7d7,validation/evaluation/witness_checks/3/shared/rows/98,6-14,0.0,2.0e-6,true
tie_three_ua10_energy_economic_gurobi,r8-energy-bfff1dbe-659a-4bb0-920f-ea40ebebf7d7,validation/evaluation/witness_checks/3/shared/rows/99,6-8/56/60,0.0,3.4e-6,true
tie_three_ua10_energy_economic_gurobi,r8-energy-bfff1dbe-659a-4bb0-920f-ea40ebebf7d7,validation/evaluation/witness_checks/3/shared/rows/100,6-3/9,0.0,3.4e-6,true
tie_three_ua10_energy_economic_gurobi,r8-energy-bfff1dbe-659a-4bb0-920f-ea40ebebf7d7,validation/evaluation/witness_checks/3/shared/rows/101,6-11,0.0,3.4e-6,true
tie_three_ua10_energy_economic_gurobi,r8-energy-bfff1dbe-659a-4bb0-920f-ea40ebebf7d7,validation/evaluation/witness_checks/3/shared/rows/102,battery-charge,0.0,3.4e-6,true
tie_three_ua10_energy_economic_gurobi,r8-energy-bfff1dbe-659a-4bb0-920f-ea40ebebf7d7,validation/evaluation/witness_checks/3/shared/rows/103,battery-discharge,0.0,3.4e-6,true
tie_three_ua10_energy_economic_gurobi,r8-energy-bfff1dbe-659a-4bb0-920f-ea40ebebf7d7,validation/evaluation/witness_checks/3/shared/rows/104,6-12,0.0,3.4e-6,true
tie_three_ua10_energy_economic_gurobi,r8-energy-bfff1dbe-659a-4bb0-920f-ea40ebebf7d7,validation/evaluation/witness_checks/3/shared/rows/105,6-14,0.0,2.0e-6,true
tie_three_ua10_energy_economic_gurobi,r8-energy-bfff1dbe-659a-4bb0-920f-ea40ebebf7d7,validation/evaluation/witness_checks/3/shared/rows/106,6-8/56/60,0.0,3.4e-6,true
tie_three_ua10_energy_economic_gurobi,r8-energy-bfff1dbe-659a-4bb0-920f-ea40ebebf7d7,validation/evaluation/witness_checks/3/shared/rows/107,6-3/9,0.0,3.4e-6,true
tie_three_ua10_energy_economic_gurobi,r8-energy-bfff1dbe-659a-4bb0-920f-ea40ebebf7d7,validation/evaluation/witness_checks/3/shared/rows/108,6-11,0.0,3.4e-6,true
tie_three_ua10_energy_economic_gurobi,r8-energy-bfff1dbe-659a-4bb0-920f-ea40ebebf7d7,validation/evaluation/witness_checks/3/shared/rows/109,inactive-charge,0.0,3.4e-6,true
tie_three_ua10_energy_economic_gurobi,r8-energy-bfff1dbe-659a-4bb0-920f-ea40ebebf7d7,validation/evaluation/witness_checks/3/shared/rows/110,inactive-discharge,0.0,3.4e-6,true
tie_three_ua10_energy_economic_gurobi,r8-energy-bfff1dbe-659a-4bb0-920f-ea40ebebf7d7,validation/evaluation/witness_checks/3/shared/rows/111,6-8/56/60,0.0,3.4e-6,true
tie_three_ua10_energy_economic_gurobi,r8-energy-bfff1dbe-659a-4bb0-920f-ea40ebebf7d7,validation/evaluation/witness_checks/3/shared/rows/112,6-3/9,0.0,3.4e-6,true
tie_three_ua10_energy_economic_gurobi,r8-energy-bfff1dbe-659a-4bb0-920f-ea40ebebf7d7,validation/evaluation/witness_checks/3/shared/rows/113,6-11,0.0,3.4e-6,true
tie_three_ua10_energy_economic_gurobi,r8-energy-bfff1dbe-659a-4bb0-920f-ea40ebebf7d7,validation/evaluation/witness_checks/3/shared/rows/114,inactive-charge,0.0,3.4e-6,true
tie_three_ua10_energy_economic_gurobi,r8-energy-bfff1dbe-659a-4bb0-920f-ea40ebebf7d7,validation/evaluation/witness_checks/3/shared/rows/115,inactive-discharge,0.0,3.4e-6,true
tie_three_ua10_energy_economic_gurobi,r8-energy-bfff1dbe-659a-4bb0-920f-ea40ebebf7d7,validation/evaluation/witness_checks/3/shared/rows/116,6-8/56/60,0.0,3.4e-6,true
tie_three_ua10_energy_economic_gurobi,r8-energy-bfff1dbe-659a-4bb0-920f-ea40ebebf7d7,validation/evaluation/witness_checks/3/shared/rows/117,6-3/9,0.0,3.4e-6,true
tie_three_ua10_energy_economic_gurobi,r8-energy-bfff1dbe-659a-4bb0-920f-ea40ebebf7d7,validation/evaluation/witness_checks/3/shared/rows/118,6-11,0.0,3.4e-6,true
tie_three_ua10_energy_economic_gurobi,r8-energy-bfff1dbe-659a-4bb0-920f-ea40ebebf7d7,validation/evaluation/witness_checks/3/shared/rows/119,inactive-charge,0.0,3.4e-6,true
tie_three_ua10_energy_economic_gurobi,r8-energy-bfff1dbe-659a-4bb0-920f-ea40ebebf7d7,validation/evaluation/witness_checks/3/shared/rows/120,inactive-discharge,0.0,3.4e-6,true
tie_three_ua10_energy_economic_gurobi,r8-energy-bfff1dbe-659a-4bb0-920f-ea40ebebf7d7,validation/evaluation/witness_checks/3/shared/rows/121,6-8/56/60,0.0,3.4e-6,true
tie_three_ua10_energy_economic_gurobi,r8-energy-bfff1dbe-659a-4bb0-920f-ea40ebebf7d7,validation/evaluation/witness_checks/3/shared/rows/122,6-3/9,0.0,3.4e-6,true
tie_three_ua10_energy_economic_gurobi,r8-energy-bfff1dbe-659a-4bb0-920f-ea40ebebf7d7,validation/evaluation/witness_checks/3/shared/rows/123,6-11,0.0,3.4e-6,true
tie_three_ua10_energy_economic_gurobi,r8-energy-bfff1dbe-659a-4bb0-920f-ea40ebebf7d7,validation/evaluation/witness_checks/3/shared/rows/124,inactive-charge,0.0,3.4e-6,true
tie_three_ua10_energy_economic_gurobi,r8-energy-bfff1dbe-659a-4bb0-920f-ea40ebebf7d7,validation/evaluation/witness_checks/3/shared/rows/125,inactive-discharge,0.0,3.4e-6,true
tie_three_ua10_energy_economic_gurobi,r8-energy-bfff1dbe-659a-4bb0-920f-ea40ebebf7d7,validation/evaluation/witness_checks/3/shared/rows/126,inactive-energy,0.0,2.0e-6,true
tie_three_ua10_energy_economic_gurobi,r8-energy-bfff1dbe-659a-4bb0-920f-ea40ebebf7d7,validation/evaluation/witness_checks/3/shared/rows/127,inactive-energy,0.0,2.0e-6,true
tie_three_ua10_energy_economic_gurobi,r8-energy-bfff1dbe-659a-4bb0-920f-ea40ebebf7d7,validation/evaluation/witness_checks/3/shared/rows/128,inactive-energy,0.0,2.0e-6,true
tie_three_ua10_energy_economic_gurobi,r8-energy-bfff1dbe-659a-4bb0-920f-ea40ebebf7d7,validation/evaluation/witness_checks/3/shared/rows/129,inactive-energy,0.0,2.0e-6,true
tie_three_ua10_energy_economic_gurobi,r8-energy-bfff1dbe-659a-4bb0-920f-ea40ebebf7d7,validation/evaluation/witness_checks/3/shared/rows/130,6-13,0.0,2.0e-6,true
tie_three_ua10_energy_economic_gurobi,r8-energy-bfff1dbe-659a-4bb0-920f-ea40ebebf7d7,validation/evaluation/witness_checks/3/shared/rows/131,6-61,0.0,2.0e-6,true
tie_three_ua10_energy_economic_gurobi,r8-energy-bfff1dbe-659a-4bb0-920f-ea40ebebf7d7,validation/evaluation/witness_checks/3/shared/rows/132,6-13,0.0,2.0e-6,true
tie_three_ua10_energy_economic_gurobi,r8-energy-bfff1dbe-659a-4bb0-920f-ea40ebebf7d7,validation/evaluation/witness_checks/3/shared/rows/133,6-61,0.0,2.0e-6,true
tie_three_ua10_energy_economic_gurobi,r8-energy-bfff1dbe-659a-4bb0-920f-ea40ebebf7d7,validation/evaluation/witness_checks/3/shared/rows/134,6-13,0.0,2.0e-6,true
tie_three_ua10_energy_economic_gurobi,r8-energy-bfff1dbe-659a-4bb0-920f-ea40ebebf7d7,validation/evaluation/witness_checks/3/shared/rows/135,6-13,0.0,2.0e-6,true
tie_three_ua10_energy_economic_gurobi,r8-energy-bfff1dbe-659a-4bb0-920f-ea40ebebf7d7,validation/evaluation/witness_checks/3/shared/rows/136,inactive-energy,0.0,2.0e-6,true
tie_three_ua10_energy_economic_gurobi,r8-energy-bfff1dbe-659a-4bb0-920f-ea40ebebf7d7,validation/evaluation/witness_checks/3/shared/rows/137,inactive-energy,0.0,2.0e-6,true
tie_three_ua10_energy_economic_gurobi,r8-energy-bfff1dbe-659a-4bb0-920f-ea40ebebf7d7,validation/evaluation/witness_checks/3/shared/rows/138,inactive-energy,0.0,2.0e-6,true
tie_three_ua10_energy_economic_gurobi,r8-energy-bfff1dbe-659a-4bb0-920f-ea40ebebf7d7,validation/evaluation/witness_checks/3/shared/rows/139,inactive-energy,0.0,2.0e-6,true
tie_three_ua10_energy_economic_gurobi,r8-energy-bfff1dbe-659a-4bb0-920f-ea40ebebf7d7,validation/evaluation/witness_checks/3/shared/rows/140,inactive-energy,0.0,2.0e-6,true
tie_three_ua10_energy_economic_gurobi,r8-energy-bfff1dbe-659a-4bb0-920f-ea40ebebf7d7,validation/evaluation/witness_checks/3/shared/rows/141,inactive-energy,0.0,2.0e-6,true
tie_three_ua10_energy_economic_gurobi,r8-energy-bfff1dbe-659a-4bb0-920f-ea40ebebf7d7,validation/evaluation/witness_checks/3/shared/rows/142,inactive-energy,0.0,2.0e-6,true
tie_three_ua10_energy_economic_gurobi,r8-energy-bfff1dbe-659a-4bb0-920f-ea40ebebf7d7,validation/evaluation/witness_checks/3/shared/rows/143,inactive-energy,0.0,2.0e-6,true
tie_three_ua10_energy_economic_gurobi,r8-energy-bfff1dbe-659a-4bb0-920f-ea40ebebf7d7,validation/evaluation/witness_checks/3/shared/rows/144,6-51-P,0.0,3.4e-6,true
tie_three_ua10_energy_economic_gurobi,r8-energy-bfff1dbe-659a-4bb0-920f-ea40ebebf7d7,validation/evaluation/witness_checks/3/shared/rows/145,6-51-Q,0.0,3.4e-6,true
tie_three_ua10_energy_economic_gurobi,r8-energy-bfff1dbe-659a-4bb0-920f-ea40ebebf7d7,validation/evaluation/witness_checks/3/shared/rows/146,6-24:25-P_line,0.0,3.4e-6,true
tie_three_ua10_energy_economic_gurobi,r8-energy-bfff1dbe-659a-4bb0-920f-ea40ebebf7d7,validation/evaluation/witness_checks/3/shared/rows/147,6-24:25-Q_line,0.0,3.4e-6,true
tie_three_ua10_energy_economic_gurobi,r8-energy-bfff1dbe-659a-4bb0-920f-ea40ebebf7d7,validation/evaluation/witness_checks/3/shared/rows/148,R7-R3,0.0,1.0e-6,true
tie_three_ua10_energy_economic_gurobi,r8-energy-bfff1dbe-659a-4bb0-920f-ea40ebebf7d7,validation/evaluation/witness_checks/3/shared/rows/149,6-24:25-P_line,0.0,3.4e-6,true
tie_three_ua10_energy_economic_gurobi,r8-energy-bfff1dbe-659a-4bb0-920f-ea40ebebf7d7,validation/evaluation/witness_checks/3/shared/rows/150,6-24:25-Q_line,0.0,3.4e-6,true
tie_three_ua10_energy_economic_gurobi,r8-energy-bfff1dbe-659a-4bb0-920f-ea40ebebf7d7,validation/evaluation/witness_checks/3/shared/rows/151,R7-R3,0.0,1.0e-6,true
tie_three_ua10_energy_economic_gurobi,r8-energy-bfff1dbe-659a-4bb0-920f-ea40ebebf7d7,validation/evaluation/witness_checks/3/shared/rows/152,6-24:25-P_line,0.0,3.4e-6,true
tie_three_ua10_energy_economic_gurobi,r8-energy-bfff1dbe-659a-4bb0-920f-ea40ebebf7d7,validation/evaluation/witness_checks/3/shared/rows/153,6-24:25-Q_line,0.0,3.4e-6,true
tie_three_ua10_energy_economic_gurobi,r8-energy-bfff1dbe-659a-4bb0-920f-ea40ebebf7d7,validation/evaluation/witness_checks/3/shared/rows/154,R7-R3,1.734723475976807e-18,1.0e-6,true
tie_three_ua10_energy_economic_gurobi,r8-energy-bfff1dbe-659a-4bb0-920f-ea40ebebf7d7,validation/evaluation/witness_checks/3/shared/rows/155,6-22,0.0,1.0e-6,true
tie_three_ua10_energy_economic_gurobi,r8-energy-bfff1dbe-659a-4bb0-920f-ea40ebebf7d7,validation/evaluation/witness_checks/3/shared/rows/156,6-54,0.0,3.4e-6,true
tie_three_ua10_energy_economic_gurobi,r8-energy-bfff1dbe-659a-4bb0-920f-ea40ebebf7d7,validation/evaluation/witness_checks/3/shared/rows/157,6-19,0.0,3.4e-6,true
tie_three_ua10_energy_economic_gurobi,r8-energy-bfff1dbe-659a-4bb0-920f-ea40ebebf7d7,validation/evaluation/witness_checks/3/shared/rows/158,6-20,0.0,3.4e-6,true
tie_three_ua10_energy_economic_gurobi,r8-energy-bfff1dbe-659a-4bb0-920f-ea40ebebf7d7,validation/evaluation/witness_checks/3/shared/rows/159,6-22,0.0,1.0e-6,true
tie_three_ua10_energy_economic_gurobi,r8-energy-bfff1dbe-659a-4bb0-920f-ea40ebebf7d7,validation/evaluation/witness_checks/3/shared/rows/160,6-54,0.0,3.4e-6,true
tie_three_ua10_energy_economic_gurobi,r8-energy-bfff1dbe-659a-4bb0-920f-ea40ebebf7d7,validation/evaluation/witness_checks/3/shared/rows/161,6-19,0.0,3.4e-6,true
tie_three_ua10_energy_economic_gurobi,r8-energy-bfff1dbe-659a-4bb0-920f-ea40ebebf7d7,validation/evaluation/witness_checks/3/shared/rows/162,6-20,0.0,3.4e-6,true
tie_three_ua10_energy_economic_gurobi,r8-energy-bfff1dbe-659a-4bb0-920f-ea40ebebf7d7,validation/evaluation/witness_checks/3/shared/rows/163,6-22,0.0,1.0e-6,true
tie_three_ua10_energy_economic_gurobi,r8-energy-bfff1dbe-659a-4bb0-920f-ea40ebebf7d7,validation/evaluation/witness_checks/3/shared/rows/164,6-54,0.0,3.4e-6,true
tie_three_ua10_energy_economic_gurobi,r8-energy-bfff1dbe-659a-4bb0-920f-ea40ebebf7d7,validation/evaluation/witness_checks/3/shared/rows/165,6-19,0.0,3.4e-6,true
tie_three_ua10_energy_economic_gurobi,r8-energy-bfff1dbe-659a-4bb0-920f-ea40ebebf7d7,validation/evaluation/witness_checks/3/shared/rows/166,6-20,0.0,3.4e-6,true
tie_three_ua10_energy_economic_gurobi,r8-energy-bfff1dbe-659a-4bb0-920f-ea40ebebf7d7,validation/evaluation/witness_checks/3/shared/rows/167,6-51-P,0.0,3.4e-6,true
tie_three_ua10_energy_economic_gurobi,r8-energy-bfff1dbe-659a-4bb0-920f-ea40ebebf7d7,validation/evaluation/witness_checks/3/shared/rows/168,6-51-Q,0.0,3.4e-6,true
tie_three_ua10_energy_economic_gurobi,r8-energy-bfff1dbe-659a-4bb0-920f-ea40ebebf7d7,validation/evaluation/witness_checks/3/shared/rows/169,6-24:25-P_line,0.0,3.4e-6,true
tie_three_ua10_energy_economic_gurobi,r8-energy-bfff1dbe-659a-4bb0-920f-ea40ebebf7d7,validation/evaluation/witness_checks/3/shared/rows/170,6-24:25-Q_line,0.0,3.4e-6,true
tie_three_ua10_energy_economic_gurobi,r8-energy-bfff1dbe-659a-4bb0-920f-ea40ebebf7d7,validation/evaluation/witness_checks/3/shared/rows/171,R7-R3,0.0,1.0e-6,true
tie_three_ua10_energy_economic_gurobi,r8-energy-bfff1dbe-659a-4bb0-920f-ea40ebebf7d7,validation/evaluation/witness_checks/3/shared/rows/172,6-24:25-P_line,0.0,3.4e-6,true
tie_three_ua10_energy_economic_gurobi,r8-energy-bfff1dbe-659a-4bb0-920f-ea40ebebf7d7,validation/evaluation/witness_checks/3/shared/rows/173,6-24:25-Q_line,0.0,3.4e-6,true
tie_three_ua10_energy_economic_gurobi,r8-energy-bfff1dbe-659a-4bb0-920f-ea40ebebf7d7,validation/evaluation/witness_checks/3/shared/rows/174,R7-R3,0.0,1.0e-6,true
tie_three_ua10_energy_economic_gurobi,r8-energy-bfff1dbe-659a-4bb0-920f-ea40ebebf7d7,validation/evaluation/witness_checks/3/shared/rows/175,6-24:25-P_line,0.0,3.4e-6,true
tie_three_ua10_energy_economic_gurobi,r8-energy-bfff1dbe-659a-4bb0-920f-ea40ebebf7d7,validation/evaluation/witness_checks/3/shared/rows/176,6-24:25-Q_line,0.0,3.4e-6,true
tie_three_ua10_energy_economic_gurobi,r8-energy-bfff1dbe-659a-4bb0-920f-ea40ebebf7d7,validation/evaluation/witness_checks/3/shared/rows/177,R7-R3,5.334274688628682e-17,1.0e-6,true
tie_three_ua10_energy_economic_gurobi,r8-energy-bfff1dbe-659a-4bb0-920f-ea40ebebf7d7,validation/evaluation/witness_checks/3/shared/rows/178,6-22,0.0,1.0e-6,true
tie_three_ua10_energy_economic_gurobi,r8-energy-bfff1dbe-659a-4bb0-920f-ea40ebebf7d7,validation/evaluation/witness_checks/3/shared/rows/179,6-54,0.0,3.4e-6,true
tie_three_ua10_energy_economic_gurobi,r8-energy-bfff1dbe-659a-4bb0-920f-ea40ebebf7d7,validation/evaluation/witness_checks/3/shared/rows/180,6-19,0.0,3.4e-6,true
tie_three_ua10_energy_economic_gurobi,r8-energy-bfff1dbe-659a-4bb0-920f-ea40ebebf7d7,validation/evaluation/witness_checks/3/shared/rows/181,6-20,0.0,3.4e-6,true
tie_three_ua10_energy_economic_gurobi,r8-energy-bfff1dbe-659a-4bb0-920f-ea40ebebf7d7,validation/evaluation/witness_checks/3/shared/rows/182,6-22,0.0,1.0e-6,true
tie_three_ua10_energy_economic_gurobi,r8-energy-bfff1dbe-659a-4bb0-920f-ea40ebebf7d7,validation/evaluation/witness_checks/3/shared/rows/183,6-54,0.0,3.4e-6,true
tie_three_ua10_energy_economic_gurobi,r8-energy-bfff1dbe-659a-4bb0-920f-ea40ebebf7d7,validation/evaluation/witness_checks/3/shared/rows/184,6-19,0.0,3.4e-6,true
tie_three_ua10_energy_economic_gurobi,r8-energy-bfff1dbe-659a-4bb0-920f-ea40ebebf7d7,validation/evaluation/witness_checks/3/shared/rows/185,6-20,0.0,3.4e-6,true
tie_three_ua10_energy_economic_gurobi,r8-energy-bfff1dbe-659a-4bb0-920f-ea40ebebf7d7,validation/evaluation/witness_checks/3/shared/rows/186,6-22,0.0,1.0e-6,true
tie_three_ua10_energy_economic_gurobi,r8-energy-bfff1dbe-659a-4bb0-920f-ea40ebebf7d7,validation/evaluation/witness_checks/3/shared/rows/187,6-54,0.0,3.4e-6,true
tie_three_ua10_energy_economic_gurobi,r8-energy-bfff1dbe-659a-4bb0-920f-ea40ebebf7d7,validation/evaluation/witness_checks/3/shared/rows/188,6-19,0.0,3.4e-6,true
tie_three_ua10_energy_economic_gurobi,r8-energy-bfff1dbe-659a-4bb0-920f-ea40ebebf7d7,validation/evaluation/witness_checks/3/shared/rows/189,6-20,0.0,3.4e-6,true
tie_three_ua10_energy_economic_gurobi,r8-energy-bfff1dbe-659a-4bb0-920f-ea40ebebf7d7,validation/evaluation/witness_checks/3/shared/rows/190,6-55,0.0,3.4e-6,true
tie_three_ua10_energy_economic_gurobi,r8-energy-bfff1dbe-659a-4bb0-920f-ea40ebebf7d7,validation/evaluation/witness_checks/3/shared/rows/191,6-55,0.0,3.4e-6,true
tie_three_ua10_energy_economic_gurobi,r8-energy-bfff1dbe-659a-4bb0-920f-ea40ebebf7d7,validation/evaluation/witness_checks/3/shared/rows/192,6-55,0.0,3.4e-6,true
tie_three_ua10_energy_economic_gurobi,r8-energy-bfff1dbe-659a-4bb0-920f-ea40ebebf7d7,validation/evaluation/witness_checks/3/shared/rows/193,6-55,0.0,3.4e-6,true
tie_three_ua10_energy_economic_gurobi,r8-energy-bfff1dbe-659a-4bb0-920f-ea40ebebf7d7,validation/evaluation/witness_checks/3/shared/rows/194,6-53,0.0,1.0e-6,true
tie_three_ua10_energy_economic_gurobi,r8-energy-bfff1dbe-659a-4bb0-920f-ea40ebebf7d7,validation/evaluation/witness_checks/4/rows/1,R8-E2-capacity,0.0,3.4e-6,true
tie_three_ua10_energy_economic_gurobi,r8-energy-bfff1dbe-659a-4bb0-920f-ea40ebebf7d7,validation/evaluation/witness_checks/4/rows/2,R8-E2-capacity,0.0,3.4e-6,true
tie_three_ua10_energy_economic_gurobi,r8-energy-bfff1dbe-659a-4bb0-920f-ea40ebebf7d7,validation/evaluation/witness_checks/4/rows/3,R8-E1-balance,0.0,3.4e-6,true
tie_three_ua10_energy_economic_gurobi,r8-energy-bfff1dbe-659a-4bb0-920f-ea40ebebf7d7,validation/evaluation/witness_checks/4/rows/4,R8-E1-balance,5.551115123125783e-17,3.4e-6,true
tie_three_ua10_energy_economic_gurobi,r8-energy-bfff1dbe-659a-4bb0-920f-ea40ebebf7d7,validation/evaluation/witness_checks/4/rows/5,R8-E1-balance,0.0,3.4e-6,true
tie_three_ua10_energy_economic_gurobi,r8-energy-bfff1dbe-659a-4bb0-920f-ea40ebebf7d7,validation/evaluation/witness_checks/4/rows/6,R8-E1-balance,0.0,3.4e-6,true
tie_three_ua10_energy_economic_gurobi,r8-energy-bfff1dbe-659a-4bb0-920f-ea40ebebf7d7,validation/evaluation/witness_checks/4/shared/rows/1,R7-B1-bounds,0.0,1.0e-6,true
tie_three_ua10_energy_economic_gurobi,r8-energy-bfff1dbe-659a-4bb0-920f-ea40ebebf7d7,validation/evaluation/witness_checks/4/shared/rows/2,R7-B1-integer,0.0,1.0e-6,true
tie_three_ua10_energy_economic_gurobi,r8-energy-bfff1dbe-659a-4bb0-920f-ea40ebebf7d7,validation/evaluation/witness_checks/4/shared/rows/3,R7-B1-inactive,0.0,1.0e-6,true
tie_three_ua10_energy_economic_gurobi,r8-energy-bfff1dbe-659a-4bb0-920f-ea40ebebf7d7,validation/evaluation/witness_checks/4/shared/rows/4,R7-B1-bounds,0.0,1.0e-6,true
tie_three_ua10_energy_economic_gurobi,r8-energy-bfff1dbe-659a-4bb0-920f-ea40ebebf7d7,validation/evaluation/witness_checks/4/shared/rows/5,R7-B1-integer,0.0,1.0e-6,true
tie_three_ua10_energy_economic_gurobi,r8-energy-bfff1dbe-659a-4bb0-920f-ea40ebebf7d7,validation/evaluation/witness_checks/4/shared/rows/6,R7-B1-inactive,0.0,1.0e-6,true
tie_three_ua10_energy_economic_gurobi,r8-energy-bfff1dbe-659a-4bb0-920f-ea40ebebf7d7,validation/evaluation/witness_checks/4/shared/rows/7,R7-B1-bounds,0.0,1.0e-6,true
tie_three_ua10_energy_economic_gurobi,r8-energy-bfff1dbe-659a-4bb0-920f-ea40ebebf7d7,validation/evaluation/witness_checks/4/shared/rows/8,R7-B1-integer,0.0,1.0e-6,true
tie_three_ua10_energy_economic_gurobi,r8-energy-bfff1dbe-659a-4bb0-920f-ea40ebebf7d7,validation/evaluation/witness_checks/4/shared/rows/9,R7-B1-charge,0.0,3.4e-6,true
tie_three_ua10_energy_economic_gurobi,r8-energy-bfff1dbe-659a-4bb0-920f-ea40ebebf7d7,validation/evaluation/witness_checks/4/shared/rows/10,R7-B1-discharge,0.0,3.4e-6,true
tie_three_ua10_energy_economic_gurobi,r8-energy-bfff1dbe-659a-4bb0-920f-ea40ebebf7d7,validation/evaluation/witness_checks/4/shared/rows/11,R7-B1-nonsimultaneous,0.0,3.4e-6,true
tie_three_ua10_energy_economic_gurobi,r8-energy-bfff1dbe-659a-4bb0-920f-ea40ebebf7d7,validation/evaluation/witness_checks/4/shared/rows/12,R7-B1-bounds,0.0,1.0e-6,true
tie_three_ua10_energy_economic_gurobi,r8-energy-bfff1dbe-659a-4bb0-920f-ea40ebebf7d7,validation/evaluation/witness_checks/4/shared/rows/13,R7-B1-integer,0.0,1.0e-6,true
tie_three_ua10_energy_economic_gurobi,r8-energy-bfff1dbe-659a-4bb0-920f-ea40ebebf7d7,validation/evaluation/witness_checks/4/shared/rows/14,R7-B1-charge,0.0,3.4e-6,true
tie_three_ua10_energy_economic_gurobi,r8-energy-bfff1dbe-659a-4bb0-920f-ea40ebebf7d7,validation/evaluation/witness_checks/4/shared/rows/15,R7-B1-discharge,0.0,3.4e-6,true
tie_three_ua10_energy_economic_gurobi,r8-energy-bfff1dbe-659a-4bb0-920f-ea40ebebf7d7,validation/evaluation/witness_checks/4/shared/rows/16,R7-B1-nonsimultaneous,0.0,3.4e-6,true
tie_three_ua10_energy_economic_gurobi,r8-energy-bfff1dbe-659a-4bb0-920f-ea40ebebf7d7,validation/evaluation/witness_checks/4/shared/rows/17,R7-B1-bounds,0.0,1.0e-6,true
tie_three_ua10_energy_economic_gurobi,r8-energy-bfff1dbe-659a-4bb0-920f-ea40ebebf7d7,validation/evaluation/witness_checks/4/shared/rows/18,R7-B1-integer,0.0,1.0e-6,true
tie_three_ua10_energy_economic_gurobi,r8-energy-bfff1dbe-659a-4bb0-920f-ea40ebebf7d7,validation/evaluation/witness_checks/4/shared/rows/19,R7-B1-inactive,0.0,1.0e-6,true
tie_three_ua10_energy_economic_gurobi,r8-energy-bfff1dbe-659a-4bb0-920f-ea40ebebf7d7,validation/evaluation/witness_checks/4/shared/rows/20,R7-B1-bounds,0.0,1.0e-6,true
tie_three_ua10_energy_economic_gurobi,r8-energy-bfff1dbe-659a-4bb0-920f-ea40ebebf7d7,validation/evaluation/witness_checks/4/shared/rows/21,R7-B1-integer,0.0,1.0e-6,true
tie_three_ua10_energy_economic_gurobi,r8-energy-bfff1dbe-659a-4bb0-920f-ea40ebebf7d7,validation/evaluation/witness_checks/4/shared/rows/22,R7-B1-inactive,0.0,1.0e-6,true
tie_three_ua10_energy_economic_gurobi,r8-energy-bfff1dbe-659a-4bb0-920f-ea40ebebf7d7,validation/evaluation/witness_checks/4/shared/rows/23,R7-B1-bounds,0.0,1.0e-6,true
tie_three_ua10_energy_economic_gurobi,r8-energy-bfff1dbe-659a-4bb0-920f-ea40ebebf7d7,validation/evaluation/witness_checks/4/shared/rows/24,R7-B1-integer,0.0,1.0e-6,true
tie_three_ua10_energy_economic_gurobi,r8-energy-bfff1dbe-659a-4bb0-920f-ea40ebebf7d7,validation/evaluation/witness_checks/4/shared/rows/25,R7-B1-inactive,0.0,1.0e-6,true
tie_three_ua10_energy_economic_gurobi,r8-energy-bfff1dbe-659a-4bb0-920f-ea40ebebf7d7,validation/evaluation/witness_checks/4/shared/rows/26,R7-B1-bounds,0.0,1.0e-6,true
tie_three_ua10_energy_economic_gurobi,r8-energy-bfff1dbe-659a-4bb0-920f-ea40ebebf7d7,validation/evaluation/witness_checks/4/shared/rows/27,R7-B1-integer,0.0,1.0e-6,true
tie_three_ua10_energy_economic_gurobi,r8-energy-bfff1dbe-659a-4bb0-920f-ea40ebebf7d7,validation/evaluation/witness_checks/4/shared/rows/28,R7-B1-inactive,0.0,1.0e-6,true
tie_three_ua10_energy_economic_gurobi,r8-energy-bfff1dbe-659a-4bb0-920f-ea40ebebf7d7,validation/evaluation/witness_checks/4/shared/rows/29,binary-z,0.0,1.0e-6,true
tie_three_ua10_energy_economic_gurobi,r8-energy-bfff1dbe-659a-4bb0-920f-ea40ebebf7d7,validation/evaluation/witness_checks/4/shared/rows/30,integer-z,0.0,1.0e-6,true
tie_three_ua10_energy_economic_gurobi,r8-energy-bfff1dbe-659a-4bb0-920f-ea40ebebf7d7,validation/evaluation/witness_checks/4/shared/rows/31,binary-z,0.0,1.0e-6,true
tie_three_ua10_energy_economic_gurobi,r8-energy-bfff1dbe-659a-4bb0-920f-ea40ebebf7d7,validation/evaluation/witness_checks/4/shared/rows/32,integer-z,0.0,1.0e-6,true
tie_three_ua10_energy_economic_gurobi,r8-energy-bfff1dbe-659a-4bb0-920f-ea40ebebf7d7,validation/evaluation/witness_checks/4/shared/rows/33,binary-z,0.0,1.0e-6,true
tie_three_ua10_energy_economic_gurobi,r8-energy-bfff1dbe-659a-4bb0-920f-ea40ebebf7d7,validation/evaluation/witness_checks/4/shared/rows/34,integer-z,0.0,1.0e-6,true
tie_three_ua10_energy_economic_gurobi,r8-energy-bfff1dbe-659a-4bb0-920f-ea40ebebf7d7,validation/evaluation/witness_checks/4/shared/rows/35,binary-beta,0.0,1.0e-6,true
tie_three_ua10_energy_economic_gurobi,r8-energy-bfff1dbe-659a-4bb0-920f-ea40ebebf7d7,validation/evaluation/witness_checks/4/shared/rows/36,integer-beta,0.0,1.0e-6,true
tie_three_ua10_energy_economic_gurobi,r8-energy-bfff1dbe-659a-4bb0-920f-ea40ebebf7d7,validation/evaluation/witness_checks/4/shared/rows/37,binary-beta,0.0,1.0e-6,true
tie_three_ua10_energy_economic_gurobi,r8-energy-bfff1dbe-659a-4bb0-920f-ea40ebebf7d7,validation/evaluation/witness_checks/4/shared/rows/38,integer-beta,0.0,1.0e-6,true
tie_three_ua10_energy_economic_gurobi,r8-energy-bfff1dbe-659a-4bb0-920f-ea40ebebf7d7,validation/evaluation/witness_checks/4/shared/rows/39,binary-beta,0.0,1.0e-6,true
tie_three_ua10_energy_economic_gurobi,r8-energy-bfff1dbe-659a-4bb0-920f-ea40ebebf7d7,validation/evaluation/witness_checks/4/shared/rows/40,integer-beta,0.0,1.0e-6,true
tie_three_ua10_energy_economic_gurobi,r8-energy-bfff1dbe-659a-4bb0-920f-ea40ebebf7d7,validation/evaluation/witness_checks/4/shared/rows/41,binary-a_on,0.0,1.0e-6,true
tie_three_ua10_energy_economic_gurobi,r8-energy-bfff1dbe-659a-4bb0-920f-ea40ebebf7d7,validation/evaluation/witness_checks/4/shared/rows/42,integer-a_on,0.0,1.0e-6,true
tie_three_ua10_energy_economic_gurobi,r8-energy-bfff1dbe-659a-4bb0-920f-ea40ebebf7d7,validation/evaluation/witness_checks/4/shared/rows/43,binary-a_on,0.0,1.0e-6,true
tie_three_ua10_energy_economic_gurobi,r8-energy-bfff1dbe-659a-4bb0-920f-ea40ebebf7d7,validation/evaluation/witness_checks/4/shared/rows/44,integer-a_on,0.0,1.0e-6,true
tie_three_ua10_energy_economic_gurobi,r8-energy-bfff1dbe-659a-4bb0-920f-ea40ebebf7d7,validation/evaluation/witness_checks/4/shared/rows/45,binary-a_on,0.0,1.0e-6,true
tie_three_ua10_energy_economic_gurobi,r8-energy-bfff1dbe-659a-4bb0-920f-ea40ebebf7d7,validation/evaluation/witness_checks/4/shared/rows/46,integer-a_on,0.0,1.0e-6,true
tie_three_ua10_energy_economic_gurobi,r8-energy-bfff1dbe-659a-4bb0-920f-ea40ebebf7d7,validation/evaluation/witness_checks/4/shared/rows/47,binary-a_off,0.0,1.0e-6,true
tie_three_ua10_energy_economic_gurobi,r8-energy-bfff1dbe-659a-4bb0-920f-ea40ebebf7d7,validation/evaluation/witness_checks/4/shared/rows/48,integer-a_off,0.0,1.0e-6,true
tie_three_ua10_energy_economic_gurobi,r8-energy-bfff1dbe-659a-4bb0-920f-ea40ebebf7d7,validation/evaluation/witness_checks/4/shared/rows/49,binary-a_off,0.0,1.0e-6,true
tie_three_ua10_energy_economic_gurobi,r8-energy-bfff1dbe-659a-4bb0-920f-ea40ebebf7d7,validation/evaluation/witness_checks/4/shared/rows/50,integer-a_off,0.0,1.0e-6,true
tie_three_ua10_energy_economic_gurobi,r8-energy-bfff1dbe-659a-4bb0-920f-ea40ebebf7d7,validation/evaluation/witness_checks/4/shared/rows/51,binary-a_off,0.0,1.0e-6,true
tie_three_ua10_energy_economic_gurobi,r8-energy-bfff1dbe-659a-4bb0-920f-ea40ebebf7d7,validation/evaluation/witness_checks/4/shared/rows/52,integer-a_off,0.0,1.0e-6,true
tie_three_ua10_energy_economic_gurobi,r8-energy-bfff1dbe-659a-4bb0-920f-ea40ebebf7d7,validation/evaluation/witness_checks/4/shared/rows/53,R7-R1,0.0,1.0e-6,true
tie_three_ua10_energy_economic_gurobi,r8-energy-bfff1dbe-659a-4bb0-920f-ea40ebebf7d7,validation/evaluation/witness_checks/4/shared/rows/54,on-action,0.0,1.0e-6,true
tie_three_ua10_energy_economic_gurobi,r8-energy-bfff1dbe-659a-4bb0-920f-ea40ebebf7d7,validation/evaluation/witness_checks/4/shared/rows/55,off-action,0.0,1.0e-6,true
tie_three_ua10_energy_economic_gurobi,r8-energy-bfff1dbe-659a-4bb0-920f-ea40ebebf7d7,validation/evaluation/witness_checks/4/shared/rows/56,virtual-arc,0.0,1.0e-6,true
tie_three_ua10_energy_economic_gurobi,r8-energy-bfff1dbe-659a-4bb0-920f-ea40ebebf7d7,validation/evaluation/witness_checks/4/shared/rows/57,R7-R1,0.0,1.0e-6,true
tie_three_ua10_energy_economic_gurobi,r8-energy-bfff1dbe-659a-4bb0-920f-ea40ebebf7d7,validation/evaluation/witness_checks/4/shared/rows/58,on-action,0.0,1.0e-6,true
tie_three_ua10_energy_economic_gurobi,r8-energy-bfff1dbe-659a-4bb0-920f-ea40ebebf7d7,validation/evaluation/witness_checks/4/shared/rows/59,off-action,0.0,1.0e-6,true
tie_three_ua10_energy_economic_gurobi,r8-energy-bfff1dbe-659a-4bb0-920f-ea40ebebf7d7,validation/evaluation/witness_checks/4/shared/rows/60,virtual-arc,0.0,1.0e-6,true
tie_three_ua10_energy_economic_gurobi,r8-energy-bfff1dbe-659a-4bb0-920f-ea40ebebf7d7,validation/evaluation/witness_checks/4/shared/rows/61,R7-R1,0.0,1.0e-6,true
tie_three_ua10_energy_economic_gurobi,r8-energy-bfff1dbe-659a-4bb0-920f-ea40ebebf7d7,validation/evaluation/witness_checks/4/shared/rows/62,on-action,0.0,1.0e-6,true
tie_three_ua10_energy_economic_gurobi,r8-energy-bfff1dbe-659a-4bb0-920f-ea40ebebf7d7,validation/evaluation/witness_checks/4/shared/rows/63,off-action,0.0,1.0e-6,true
tie_three_ua10_energy_economic_gurobi,r8-energy-bfff1dbe-659a-4bb0-920f-ea40ebebf7d7,validation/evaluation/witness_checks/4/shared/rows/64,virtual-arc,0.0,1.0e-6,true
tie_three_ua10_energy_economic_gurobi,r8-energy-bfff1dbe-659a-4bb0-920f-ea40ebebf7d7,validation/evaluation/witness_checks/4/shared/rows/65,6-63,0.0,1.0e-6,true
tie_three_ua10_energy_economic_gurobi,r8-energy-bfff1dbe-659a-4bb0-920f-ea40ebebf7d7,validation/evaluation/witness_checks/4/shared/rows/66,forest-edges,0.0,1.0e-6,true
tie_three_ua10_energy_economic_gurobi,r8-energy-bfff1dbe-659a-4bb0-920f-ea40ebebf7d7,validation/evaluation/witness_checks/4/shared/rows/67,forest-independent,0.0,1.0e-6,true
tie_three_ua10_energy_economic_gurobi,r8-energy-bfff1dbe-659a-4bb0-920f-ea40ebebf7d7,validation/evaluation/witness_checks/4/shared/rows/68,one-root-per-component,0.0,1.0e-6,true
tie_three_ua10_energy_economic_gurobi,r8-energy-bfff1dbe-659a-4bb0-920f-ea40ebebf7d7,validation/evaluation/witness_checks/4/shared/rows/69,root-eligible,0.0,1.0e-6,true
tie_three_ua10_energy_economic_gurobi,r8-energy-bfff1dbe-659a-4bb0-920f-ea40ebebf7d7,validation/evaluation/witness_checks/4/shared/rows/70,root-supply,0.0,1.0e-6,true
tie_three_ua10_energy_economic_gurobi,r8-energy-bfff1dbe-659a-4bb0-920f-ea40ebebf7d7,validation/evaluation/witness_checks/4/shared/rows/71,virtual-node,0.0,1.0e-6,true
tie_three_ua10_energy_economic_gurobi,r8-energy-bfff1dbe-659a-4bb0-920f-ea40ebebf7d7,validation/evaluation/witness_checks/4/shared/rows/72,root-eligible,0.0,1.0e-6,true
tie_three_ua10_energy_economic_gurobi,r8-energy-bfff1dbe-659a-4bb0-920f-ea40ebebf7d7,validation/evaluation/witness_checks/4/shared/rows/73,root-supply,0.0,1.0e-6,true
tie_three_ua10_energy_economic_gurobi,r8-energy-bfff1dbe-659a-4bb0-920f-ea40ebebf7d7,validation/evaluation/witness_checks/4/shared/rows/74,virtual-node,0.0,1.0e-6,true
tie_three_ua10_energy_economic_gurobi,r8-energy-bfff1dbe-659a-4bb0-920f-ea40ebebf7d7,validation/evaluation/witness_checks/4/shared/rows/75,root-eligible,0.0,1.0e-6,true
tie_three_ua10_energy_economic_gurobi,r8-energy-bfff1dbe-659a-4bb0-920f-ea40ebebf7d7,validation/evaluation/witness_checks/4/shared/rows/76,root-supply,0.0,1.0e-6,true
tie_three_ua10_energy_economic_gurobi,r8-energy-bfff1dbe-659a-4bb0-920f-ea40ebebf7d7,validation/evaluation/witness_checks/4/shared/rows/77,virtual-node,0.0,1.0e-6,true
tie_three_ua10_energy_economic_gurobi,r8-energy-bfff1dbe-659a-4bb0-920f-ea40ebebf7d7,validation/evaluation/witness_checks/4/shared/rows/78,6-8/56/60,0.0,3.4e-6,true
tie_three_ua10_energy_economic_gurobi,r8-energy-bfff1dbe-659a-4bb0-920f-ea40ebebf7d7,validation/evaluation/witness_checks/4/shared/rows/79,6-3/9,0.0,3.4e-6,true
tie_three_ua10_energy_economic_gurobi,r8-energy-bfff1dbe-659a-4bb0-920f-ea40ebebf7d7,validation/evaluation/witness_checks/4/shared/rows/80,6-11,0.0,3.4e-6,true
tie_three_ua10_energy_economic_gurobi,r8-energy-bfff1dbe-659a-4bb0-920f-ea40ebebf7d7,validation/evaluation/witness_checks/4/shared/rows/81,6-4/57,0.0,3.4e-6,true
tie_three_ua10_energy_economic_gurobi,r8-energy-bfff1dbe-659a-4bb0-920f-ea40ebebf7d7,validation/evaluation/witness_checks/4/shared/rows/82,6-5/58,0.0,3.4e-6,true
tie_three_ua10_energy_economic_gurobi,r8-energy-bfff1dbe-659a-4bb0-920f-ea40ebebf7d7,validation/evaluation/witness_checks/4/shared/rows/83,inactive-charge,0.0,3.4e-6,true
tie_three_ua10_energy_economic_gurobi,r8-energy-bfff1dbe-659a-4bb0-920f-ea40ebebf7d7,validation/evaluation/witness_checks/4/shared/rows/84,inactive-discharge,0.0,3.4e-6,true
tie_three_ua10_energy_economic_gurobi,r8-energy-bfff1dbe-659a-4bb0-920f-ea40ebebf7d7,validation/evaluation/witness_checks/4/shared/rows/85,6-8/56/60,0.0,3.4e-6,true
tie_three_ua10_energy_economic_gurobi,r8-energy-bfff1dbe-659a-4bb0-920f-ea40ebebf7d7,validation/evaluation/witness_checks/4/shared/rows/86,6-3/9,0.0,3.4e-6,true
tie_three_ua10_energy_economic_gurobi,r8-energy-bfff1dbe-659a-4bb0-920f-ea40ebebf7d7,validation/evaluation/witness_checks/4/shared/rows/87,6-11,0.0,3.4e-6,true
tie_three_ua10_energy_economic_gurobi,r8-energy-bfff1dbe-659a-4bb0-920f-ea40ebebf7d7,validation/evaluation/witness_checks/4/shared/rows/88,6-4/57,0.0,3.4e-6,true
tie_three_ua10_energy_economic_gurobi,r8-energy-bfff1dbe-659a-4bb0-920f-ea40ebebf7d7,validation/evaluation/witness_checks/4/shared/rows/89,6-5/58,0.0,3.4e-6,true
tie_three_ua10_energy_economic_gurobi,r8-energy-bfff1dbe-659a-4bb0-920f-ea40ebebf7d7,validation/evaluation/witness_checks/4/shared/rows/90,inactive-charge,0.0,3.4e-6,true
tie_three_ua10_energy_economic_gurobi,r8-energy-bfff1dbe-659a-4bb0-920f-ea40ebebf7d7,validation/evaluation/witness_checks/4/shared/rows/91,inactive-discharge,0.0,3.4e-6,true
tie_three_ua10_energy_economic_gurobi,r8-energy-bfff1dbe-659a-4bb0-920f-ea40ebebf7d7,validation/evaluation/witness_checks/4/shared/rows/92,6-8/56/60,0.0,3.4e-6,true
tie_three_ua10_energy_economic_gurobi,r8-energy-bfff1dbe-659a-4bb0-920f-ea40ebebf7d7,validation/evaluation/witness_checks/4/shared/rows/93,6-3/9,0.0,3.4e-6,true
tie_three_ua10_energy_economic_gurobi,r8-energy-bfff1dbe-659a-4bb0-920f-ea40ebebf7d7,validation/evaluation/witness_checks/4/shared/rows/94,6-11,0.0,3.4e-6,true
tie_three_ua10_energy_economic_gurobi,r8-energy-bfff1dbe-659a-4bb0-920f-ea40ebebf7d7,validation/evaluation/witness_checks/4/shared/rows/95,battery-charge,0.0,3.4e-6,true
tie_three_ua10_energy_economic_gurobi,r8-energy-bfff1dbe-659a-4bb0-920f-ea40ebebf7d7,validation/evaluation/witness_checks/4/shared/rows/96,battery-discharge,0.0,3.4e-6,true
tie_three_ua10_energy_economic_gurobi,r8-energy-bfff1dbe-659a-4bb0-920f-ea40ebebf7d7,validation/evaluation/witness_checks/4/shared/rows/97,6-12,0.0,3.4e-6,true
tie_three_ua10_energy_economic_gurobi,r8-energy-bfff1dbe-659a-4bb0-920f-ea40ebebf7d7,validation/evaluation/witness_checks/4/shared/rows/98,6-14,0.0,2.0e-6,true
tie_three_ua10_energy_economic_gurobi,r8-energy-bfff1dbe-659a-4bb0-920f-ea40ebebf7d7,validation/evaluation/witness_checks/4/shared/rows/99,6-8/56/60,0.0,3.4e-6,true
tie_three_ua10_energy_economic_gurobi,r8-energy-bfff1dbe-659a-4bb0-920f-ea40ebebf7d7,validation/evaluation/witness_checks/4/shared/rows/100,6-3/9,0.0,3.4e-6,true
tie_three_ua10_energy_economic_gurobi,r8-energy-bfff1dbe-659a-4bb0-920f-ea40ebebf7d7,validation/evaluation/witness_checks/4/shared/rows/101,6-11,0.0,3.4e-6,true
tie_three_ua10_energy_economic_gurobi,r8-energy-bfff1dbe-659a-4bb0-920f-ea40ebebf7d7,validation/evaluation/witness_checks/4/shared/rows/102,battery-charge,0.0,3.4e-6,true
tie_three_ua10_energy_economic_gurobi,r8-energy-bfff1dbe-659a-4bb0-920f-ea40ebebf7d7,validation/evaluation/witness_checks/4/shared/rows/103,battery-discharge,0.0,3.4e-6,true
tie_three_ua10_energy_economic_gurobi,r8-energy-bfff1dbe-659a-4bb0-920f-ea40ebebf7d7,validation/evaluation/witness_checks/4/shared/rows/104,6-12,0.0,3.4e-6,true
tie_three_ua10_energy_economic_gurobi,r8-energy-bfff1dbe-659a-4bb0-920f-ea40ebebf7d7,validation/evaluation/witness_checks/4/shared/rows/105,6-14,0.0,2.0e-6,true
tie_three_ua10_energy_economic_gurobi,r8-energy-bfff1dbe-659a-4bb0-920f-ea40ebebf7d7,validation/evaluation/witness_checks/4/shared/rows/106,6-8/56/60,0.0,3.4e-6,true
tie_three_ua10_energy_economic_gurobi,r8-energy-bfff1dbe-659a-4bb0-920f-ea40ebebf7d7,validation/evaluation/witness_checks/4/shared/rows/107,6-3/9,0.0,3.4e-6,true
tie_three_ua10_energy_economic_gurobi,r8-energy-bfff1dbe-659a-4bb0-920f-ea40ebebf7d7,validation/evaluation/witness_checks/4/shared/rows/108,6-11,0.0,3.4e-6,true
tie_three_ua10_energy_economic_gurobi,r8-energy-bfff1dbe-659a-4bb0-920f-ea40ebebf7d7,validation/evaluation/witness_checks/4/shared/rows/109,inactive-charge,0.0,3.4e-6,true
tie_three_ua10_energy_economic_gurobi,r8-energy-bfff1dbe-659a-4bb0-920f-ea40ebebf7d7,validation/evaluation/witness_checks/4/shared/rows/110,inactive-discharge,0.0,3.4e-6,true
tie_three_ua10_energy_economic_gurobi,r8-energy-bfff1dbe-659a-4bb0-920f-ea40ebebf7d7,validation/evaluation/witness_checks/4/shared/rows/111,6-8/56/60,0.0,3.4e-6,true
tie_three_ua10_energy_economic_gurobi,r8-energy-bfff1dbe-659a-4bb0-920f-ea40ebebf7d7,validation/evaluation/witness_checks/4/shared/rows/112,6-3/9,0.0,3.4e-6,true
tie_three_ua10_energy_economic_gurobi,r8-energy-bfff1dbe-659a-4bb0-920f-ea40ebebf7d7,validation/evaluation/witness_checks/4/shared/rows/113,6-11,0.0,3.4e-6,true
tie_three_ua10_energy_economic_gurobi,r8-energy-bfff1dbe-659a-4bb0-920f-ea40ebebf7d7,validation/evaluation/witness_checks/4/shared/rows/114,inactive-charge,0.0,3.4e-6,true
tie_three_ua10_energy_economic_gurobi,r8-energy-bfff1dbe-659a-4bb0-920f-ea40ebebf7d7,validation/evaluation/witness_checks/4/shared/rows/115,inactive-discharge,0.0,3.4e-6,true
tie_three_ua10_energy_economic_gurobi,r8-energy-bfff1dbe-659a-4bb0-920f-ea40ebebf7d7,validation/evaluation/witness_checks/4/shared/rows/116,6-8/56/60,0.0,3.4e-6,true
tie_three_ua10_energy_economic_gurobi,r8-energy-bfff1dbe-659a-4bb0-920f-ea40ebebf7d7,validation/evaluation/witness_checks/4/shared/rows/117,6-3/9,0.0,3.4e-6,true
tie_three_ua10_energy_economic_gurobi,r8-energy-bfff1dbe-659a-4bb0-920f-ea40ebebf7d7,validation/evaluation/witness_checks/4/shared/rows/118,6-11,0.0,3.4e-6,true
tie_three_ua10_energy_economic_gurobi,r8-energy-bfff1dbe-659a-4bb0-920f-ea40ebebf7d7,validation/evaluation/witness_checks/4/shared/rows/119,inactive-charge,0.0,3.4e-6,true
tie_three_ua10_energy_economic_gurobi,r8-energy-bfff1dbe-659a-4bb0-920f-ea40ebebf7d7,validation/evaluation/witness_checks/4/shared/rows/120,inactive-discharge,0.0,3.4e-6,true
tie_three_ua10_energy_economic_gurobi,r8-energy-bfff1dbe-659a-4bb0-920f-ea40ebebf7d7,validation/evaluation/witness_checks/4/shared/rows/121,6-8/56/60,0.0,3.4e-6,true
tie_three_ua10_energy_economic_gurobi,r8-energy-bfff1dbe-659a-4bb0-920f-ea40ebebf7d7,validation/evaluation/witness_checks/4/shared/rows/122,6-3/9,0.0,3.4e-6,true
tie_three_ua10_energy_economic_gurobi,r8-energy-bfff1dbe-659a-4bb0-920f-ea40ebebf7d7,validation/evaluation/witness_checks/4/shared/rows/123,6-11,0.0,3.4e-6,true
tie_three_ua10_energy_economic_gurobi,r8-energy-bfff1dbe-659a-4bb0-920f-ea40ebebf7d7,validation/evaluation/witness_checks/4/shared/rows/124,inactive-charge,0.0,3.4e-6,true
tie_three_ua10_energy_economic_gurobi,r8-energy-bfff1dbe-659a-4bb0-920f-ea40ebebf7d7,validation/evaluation/witness_checks/4/shared/rows/125,inactive-discharge,0.0,3.4e-6,true
tie_three_ua10_energy_economic_gurobi,r8-energy-bfff1dbe-659a-4bb0-920f-ea40ebebf7d7,validation/evaluation/witness_checks/4/shared/rows/126,inactive-energy,0.0,2.0e-6,true
tie_three_ua10_energy_economic_gurobi,r8-energy-bfff1dbe-659a-4bb0-920f-ea40ebebf7d7,validation/evaluation/witness_checks/4/shared/rows/127,inactive-energy,0.0,2.0e-6,true
tie_three_ua10_energy_economic_gurobi,r8-energy-bfff1dbe-659a-4bb0-920f-ea40ebebf7d7,validation/evaluation/witness_checks/4/shared/rows/128,inactive-energy,0.0,2.0e-6,true
tie_three_ua10_energy_economic_gurobi,r8-energy-bfff1dbe-659a-4bb0-920f-ea40ebebf7d7,validation/evaluation/witness_checks/4/shared/rows/129,inactive-energy,0.0,2.0e-6,true
tie_three_ua10_energy_economic_gurobi,r8-energy-bfff1dbe-659a-4bb0-920f-ea40ebebf7d7,validation/evaluation/witness_checks/4/shared/rows/130,6-13,0.0,2.0e-6,true
tie_three_ua10_energy_economic_gurobi,r8-energy-bfff1dbe-659a-4bb0-920f-ea40ebebf7d7,validation/evaluation/witness_checks/4/shared/rows/131,6-61,0.0,2.0e-6,true
tie_three_ua10_energy_economic_gurobi,r8-energy-bfff1dbe-659a-4bb0-920f-ea40ebebf7d7,validation/evaluation/witness_checks/4/shared/rows/132,6-13,0.0,2.0e-6,true
tie_three_ua10_energy_economic_gurobi,r8-energy-bfff1dbe-659a-4bb0-920f-ea40ebebf7d7,validation/evaluation/witness_checks/4/shared/rows/133,6-61,0.0,2.0e-6,true
tie_three_ua10_energy_economic_gurobi,r8-energy-bfff1dbe-659a-4bb0-920f-ea40ebebf7d7,validation/evaluation/witness_checks/4/shared/rows/134,6-13,0.0,2.0e-6,true
tie_three_ua10_energy_economic_gurobi,r8-energy-bfff1dbe-659a-4bb0-920f-ea40ebebf7d7,validation/evaluation/witness_checks/4/shared/rows/135,6-13,0.0,2.0e-6,true
tie_three_ua10_energy_economic_gurobi,r8-energy-bfff1dbe-659a-4bb0-920f-ea40ebebf7d7,validation/evaluation/witness_checks/4/shared/rows/136,inactive-energy,0.0,2.0e-6,true
tie_three_ua10_energy_economic_gurobi,r8-energy-bfff1dbe-659a-4bb0-920f-ea40ebebf7d7,validation/evaluation/witness_checks/4/shared/rows/137,inactive-energy,0.0,2.0e-6,true
tie_three_ua10_energy_economic_gurobi,r8-energy-bfff1dbe-659a-4bb0-920f-ea40ebebf7d7,validation/evaluation/witness_checks/4/shared/rows/138,inactive-energy,0.0,2.0e-6,true
tie_three_ua10_energy_economic_gurobi,r8-energy-bfff1dbe-659a-4bb0-920f-ea40ebebf7d7,validation/evaluation/witness_checks/4/shared/rows/139,inactive-energy,0.0,2.0e-6,true
tie_three_ua10_energy_economic_gurobi,r8-energy-bfff1dbe-659a-4bb0-920f-ea40ebebf7d7,validation/evaluation/witness_checks/4/shared/rows/140,inactive-energy,0.0,2.0e-6,true
tie_three_ua10_energy_economic_gurobi,r8-energy-bfff1dbe-659a-4bb0-920f-ea40ebebf7d7,validation/evaluation/witness_checks/4/shared/rows/141,inactive-energy,0.0,2.0e-6,true
tie_three_ua10_energy_economic_gurobi,r8-energy-bfff1dbe-659a-4bb0-920f-ea40ebebf7d7,validation/evaluation/witness_checks/4/shared/rows/142,inactive-energy,0.0,2.0e-6,true
tie_three_ua10_energy_economic_gurobi,r8-energy-bfff1dbe-659a-4bb0-920f-ea40ebebf7d7,validation/evaluation/witness_checks/4/shared/rows/143,inactive-energy,0.0,2.0e-6,true
tie_three_ua10_energy_economic_gurobi,r8-energy-bfff1dbe-659a-4bb0-920f-ea40ebebf7d7,validation/evaluation/witness_checks/4/shared/rows/144,6-51-P,0.0,3.4e-6,true
tie_three_ua10_energy_economic_gurobi,r8-energy-bfff1dbe-659a-4bb0-920f-ea40ebebf7d7,validation/evaluation/witness_checks/4/shared/rows/145,6-51-Q,0.0,3.4e-6,true
tie_three_ua10_energy_economic_gurobi,r8-energy-bfff1dbe-659a-4bb0-920f-ea40ebebf7d7,validation/evaluation/witness_checks/4/shared/rows/146,6-24:25-P_line,0.0,3.4e-6,true
tie_three_ua10_energy_economic_gurobi,r8-energy-bfff1dbe-659a-4bb0-920f-ea40ebebf7d7,validation/evaluation/witness_checks/4/shared/rows/147,6-24:25-Q_line,0.0,3.4e-6,true
tie_three_ua10_energy_economic_gurobi,r8-energy-bfff1dbe-659a-4bb0-920f-ea40ebebf7d7,validation/evaluation/witness_checks/4/shared/rows/148,R7-R3,1.734723475976807e-18,1.0e-6,true
tie_three_ua10_energy_economic_gurobi,r8-energy-bfff1dbe-659a-4bb0-920f-ea40ebebf7d7,validation/evaluation/witness_checks/4/shared/rows/149,6-24:25-P_line,0.0,3.4e-6,true
tie_three_ua10_energy_economic_gurobi,r8-energy-bfff1dbe-659a-4bb0-920f-ea40ebebf7d7,validation/evaluation/witness_checks/4/shared/rows/150,6-24:25-Q_line,0.0,3.4e-6,true
tie_three_ua10_energy_economic_gurobi,r8-energy-bfff1dbe-659a-4bb0-920f-ea40ebebf7d7,validation/evaluation/witness_checks/4/shared/rows/151,R7-R3,1.734723475976807e-18,1.0e-6,true
tie_three_ua10_energy_economic_gurobi,r8-energy-bfff1dbe-659a-4bb0-920f-ea40ebebf7d7,validation/evaluation/witness_checks/4/shared/rows/152,6-24:25-P_line,0.0,3.4e-6,true
tie_three_ua10_energy_economic_gurobi,r8-energy-bfff1dbe-659a-4bb0-920f-ea40ebebf7d7,validation/evaluation/witness_checks/4/shared/rows/153,6-24:25-Q_line,0.0,3.4e-6,true
tie_three_ua10_energy_economic_gurobi,r8-energy-bfff1dbe-659a-4bb0-920f-ea40ebebf7d7,validation/evaluation/witness_checks/4/shared/rows/154,R7-R3,0.0,1.0e-6,true
tie_three_ua10_energy_economic_gurobi,r8-energy-bfff1dbe-659a-4bb0-920f-ea40ebebf7d7,validation/evaluation/witness_checks/4/shared/rows/155,6-22,0.0,1.0e-6,true
tie_three_ua10_energy_economic_gurobi,r8-energy-bfff1dbe-659a-4bb0-920f-ea40ebebf7d7,validation/evaluation/witness_checks/4/shared/rows/156,6-54,0.0,3.4e-6,true
tie_three_ua10_energy_economic_gurobi,r8-energy-bfff1dbe-659a-4bb0-920f-ea40ebebf7d7,validation/evaluation/witness_checks/4/shared/rows/157,6-19,0.0,3.4e-6,true
tie_three_ua10_energy_economic_gurobi,r8-energy-bfff1dbe-659a-4bb0-920f-ea40ebebf7d7,validation/evaluation/witness_checks/4/shared/rows/158,6-20,0.0,3.4e-6,true
tie_three_ua10_energy_economic_gurobi,r8-energy-bfff1dbe-659a-4bb0-920f-ea40ebebf7d7,validation/evaluation/witness_checks/4/shared/rows/159,6-22,0.0,1.0e-6,true
tie_three_ua10_energy_economic_gurobi,r8-energy-bfff1dbe-659a-4bb0-920f-ea40ebebf7d7,validation/evaluation/witness_checks/4/shared/rows/160,6-54,0.0,3.4e-6,true
tie_three_ua10_energy_economic_gurobi,r8-energy-bfff1dbe-659a-4bb0-920f-ea40ebebf7d7,validation/evaluation/witness_checks/4/shared/rows/161,6-19,0.0,3.4e-6,true
tie_three_ua10_energy_economic_gurobi,r8-energy-bfff1dbe-659a-4bb0-920f-ea40ebebf7d7,validation/evaluation/witness_checks/4/shared/rows/162,6-20,0.0,3.4e-6,true
tie_three_ua10_energy_economic_gurobi,r8-energy-bfff1dbe-659a-4bb0-920f-ea40ebebf7d7,validation/evaluation/witness_checks/4/shared/rows/163,6-22,0.0,1.0e-6,true
tie_three_ua10_energy_economic_gurobi,r8-energy-bfff1dbe-659a-4bb0-920f-ea40ebebf7d7,validation/evaluation/witness_checks/4/shared/rows/164,6-54,0.0,3.4e-6,true
tie_three_ua10_energy_economic_gurobi,r8-energy-bfff1dbe-659a-4bb0-920f-ea40ebebf7d7,validation/evaluation/witness_checks/4/shared/rows/165,6-19,0.0,3.4e-6,true
tie_three_ua10_energy_economic_gurobi,r8-energy-bfff1dbe-659a-4bb0-920f-ea40ebebf7d7,validation/evaluation/witness_checks/4/shared/rows/166,6-20,0.0,3.4e-6,true
tie_three_ua10_energy_economic_gurobi,r8-energy-bfff1dbe-659a-4bb0-920f-ea40ebebf7d7,validation/evaluation/witness_checks/4/shared/rows/167,6-51-P,0.0,3.4e-6,true
tie_three_ua10_energy_economic_gurobi,r8-energy-bfff1dbe-659a-4bb0-920f-ea40ebebf7d7,validation/evaluation/witness_checks/4/shared/rows/168,6-51-Q,0.0,3.4e-6,true
tie_three_ua10_energy_economic_gurobi,r8-energy-bfff1dbe-659a-4bb0-920f-ea40ebebf7d7,validation/evaluation/witness_checks/4/shared/rows/169,6-24:25-P_line,0.0,3.4e-6,true
tie_three_ua10_energy_economic_gurobi,r8-energy-bfff1dbe-659a-4bb0-920f-ea40ebebf7d7,validation/evaluation/witness_checks/4/shared/rows/170,6-24:25-Q_line,0.0,3.4e-6,true
tie_three_ua10_energy_economic_gurobi,r8-energy-bfff1dbe-659a-4bb0-920f-ea40ebebf7d7,validation/evaluation/witness_checks/4/shared/rows/171,R7-R3,5.334274688628682e-17,1.0e-6,true
tie_three_ua10_energy_economic_gurobi,r8-energy-bfff1dbe-659a-4bb0-920f-ea40ebebf7d7,validation/evaluation/witness_checks/4/shared/rows/172,6-24:25-P_line,0.0,3.4e-6,true
tie_three_ua10_energy_economic_gurobi,r8-energy-bfff1dbe-659a-4bb0-920f-ea40ebebf7d7,validation/evaluation/witness_checks/4/shared/rows/173,6-24:25-Q_line,0.0,3.4e-6,true
tie_three_ua10_energy_economic_gurobi,r8-energy-bfff1dbe-659a-4bb0-920f-ea40ebebf7d7,validation/evaluation/witness_checks/4/shared/rows/174,R7-R3,5.334274688628682e-17,1.0e-6,true
tie_three_ua10_energy_economic_gurobi,r8-energy-bfff1dbe-659a-4bb0-920f-ea40ebebf7d7,validation/evaluation/witness_checks/4/shared/rows/175,6-24:25-P_line,0.0,3.4e-6,true
tie_three_ua10_energy_economic_gurobi,r8-energy-bfff1dbe-659a-4bb0-920f-ea40ebebf7d7,validation/evaluation/witness_checks/4/shared/rows/176,6-24:25-Q_line,0.0,3.4e-6,true
tie_three_ua10_energy_economic_gurobi,r8-energy-bfff1dbe-659a-4bb0-920f-ea40ebebf7d7,validation/evaluation/witness_checks/4/shared/rows/177,R7-R3,0.0,1.0e-6,true
tie_three_ua10_energy_economic_gurobi,r8-energy-bfff1dbe-659a-4bb0-920f-ea40ebebf7d7,validation/evaluation/witness_checks/4/shared/rows/178,6-22,0.0,1.0e-6,true
tie_three_ua10_energy_economic_gurobi,r8-energy-bfff1dbe-659a-4bb0-920f-ea40ebebf7d7,validation/evaluation/witness_checks/4/shared/rows/179,6-54,0.0,3.4e-6,true
tie_three_ua10_energy_economic_gurobi,r8-energy-bfff1dbe-659a-4bb0-920f-ea40ebebf7d7,validation/evaluation/witness_checks/4/shared/rows/180,6-19,0.0,3.4e-6,true
tie_three_ua10_energy_economic_gurobi,r8-energy-bfff1dbe-659a-4bb0-920f-ea40ebebf7d7,validation/evaluation/witness_checks/4/shared/rows/181,6-20,0.0,3.4e-6,true
tie_three_ua10_energy_economic_gurobi,r8-energy-bfff1dbe-659a-4bb0-920f-ea40ebebf7d7,validation/evaluation/witness_checks/4/shared/rows/182,6-22,0.0,1.0e-6,true
tie_three_ua10_energy_economic_gurobi,r8-energy-bfff1dbe-659a-4bb0-920f-ea40ebebf7d7,validation/evaluation/witness_checks/4/shared/rows/183,6-54,0.0,3.4e-6,true
tie_three_ua10_energy_economic_gurobi,r8-energy-bfff1dbe-659a-4bb0-920f-ea40ebebf7d7,validation/evaluation/witness_checks/4/shared/rows/184,6-19,0.0,3.4e-6,true
tie_three_ua10_energy_economic_gurobi,r8-energy-bfff1dbe-659a-4bb0-920f-ea40ebebf7d7,validation/evaluation/witness_checks/4/shared/rows/185,6-20,0.0,3.4e-6,true
tie_three_ua10_energy_economic_gurobi,r8-energy-bfff1dbe-659a-4bb0-920f-ea40ebebf7d7,validation/evaluation/witness_checks/4/shared/rows/186,6-22,0.0,1.0e-6,true
tie_three_ua10_energy_economic_gurobi,r8-energy-bfff1dbe-659a-4bb0-920f-ea40ebebf7d7,validation/evaluation/witness_checks/4/shared/rows/187,6-54,0.0,3.4e-6,true
tie_three_ua10_energy_economic_gurobi,r8-energy-bfff1dbe-659a-4bb0-920f-ea40ebebf7d7,validation/evaluation/witness_checks/4/shared/rows/188,6-19,0.0,3.4e-6,true
tie_three_ua10_energy_economic_gurobi,r8-energy-bfff1dbe-659a-4bb0-920f-ea40ebebf7d7,validation/evaluation/witness_checks/4/shared/rows/189,6-20,0.0,3.4e-6,true
tie_three_ua10_energy_economic_gurobi,r8-energy-bfff1dbe-659a-4bb0-920f-ea40ebebf7d7,validation/evaluation/witness_checks/4/shared/rows/190,6-55,0.0,3.4e-6,true
tie_three_ua10_energy_economic_gurobi,r8-energy-bfff1dbe-659a-4bb0-920f-ea40ebebf7d7,validation/evaluation/witness_checks/4/shared/rows/191,6-55,0.0,3.4e-6,true
tie_three_ua10_energy_economic_gurobi,r8-energy-bfff1dbe-659a-4bb0-920f-ea40ebebf7d7,validation/evaluation/witness_checks/4/shared/rows/192,6-55,0.0,3.4e-6,true
tie_three_ua10_energy_economic_gurobi,r8-energy-bfff1dbe-659a-4bb0-920f-ea40ebebf7d7,validation/evaluation/witness_checks/4/shared/rows/193,6-55,0.0,3.4e-6,true
tie_three_ua10_energy_economic_gurobi,r8-energy-bfff1dbe-659a-4bb0-920f-ea40ebebf7d7,validation/evaluation/witness_checks/4/shared/rows/194,6-53,0.0,1.0e-6,true
tie_three_ua10_energy_economic_gurobi,r8-energy-bfff1dbe-659a-4bb0-920f-ea40ebebf7d7,validation/evaluation/witness_checks/5/rows/1,R8-E2-capacity,0.0,3.4e-6,true
tie_three_ua10_energy_economic_gurobi,r8-energy-bfff1dbe-659a-4bb0-920f-ea40ebebf7d7,validation/evaluation/witness_checks/5/rows/2,R8-E2-capacity,0.0,3.4e-6,true
tie_three_ua10_energy_economic_gurobi,r8-energy-bfff1dbe-659a-4bb0-920f-ea40ebebf7d7,validation/evaluation/witness_checks/5/rows/3,R8-E1-balance,0.0,3.4e-6,true
tie_three_ua10_energy_economic_gurobi,r8-energy-bfff1dbe-659a-4bb0-920f-ea40ebebf7d7,validation/evaluation/witness_checks/5/rows/4,R8-E1-balance,1.942890293094024e-15,3.4e-6,true
tie_three_ua10_energy_economic_gurobi,r8-energy-bfff1dbe-659a-4bb0-920f-ea40ebebf7d7,validation/evaluation/witness_checks/5/rows/5,R8-E1-balance,0.0,3.4e-6,true
tie_three_ua10_energy_economic_gurobi,r8-energy-bfff1dbe-659a-4bb0-920f-ea40ebebf7d7,validation/evaluation/witness_checks/5/rows/6,R8-E1-balance,0.0,3.4e-6,true
tie_three_ua10_energy_economic_gurobi,r8-energy-bfff1dbe-659a-4bb0-920f-ea40ebebf7d7,validation/evaluation/witness_checks/5/shared/rows/1,R7-B1-bounds,0.0,1.0e-6,true
tie_three_ua10_energy_economic_gurobi,r8-energy-bfff1dbe-659a-4bb0-920f-ea40ebebf7d7,validation/evaluation/witness_checks/5/shared/rows/2,R7-B1-integer,0.0,1.0e-6,true
tie_three_ua10_energy_economic_gurobi,r8-energy-bfff1dbe-659a-4bb0-920f-ea40ebebf7d7,validation/evaluation/witness_checks/5/shared/rows/3,R7-B1-inactive,0.0,1.0e-6,true
tie_three_ua10_energy_economic_gurobi,r8-energy-bfff1dbe-659a-4bb0-920f-ea40ebebf7d7,validation/evaluation/witness_checks/5/shared/rows/4,R7-B1-bounds,0.0,1.0e-6,true
tie_three_ua10_energy_economic_gurobi,r8-energy-bfff1dbe-659a-4bb0-920f-ea40ebebf7d7,validation/evaluation/witness_checks/5/shared/rows/5,R7-B1-integer,0.0,1.0e-6,true
tie_three_ua10_energy_economic_gurobi,r8-energy-bfff1dbe-659a-4bb0-920f-ea40ebebf7d7,validation/evaluation/witness_checks/5/shared/rows/6,R7-B1-inactive,0.0,1.0e-6,true
tie_three_ua10_energy_economic_gurobi,r8-energy-bfff1dbe-659a-4bb0-920f-ea40ebebf7d7,validation/evaluation/witness_checks/5/shared/rows/7,R7-B1-bounds,0.0,1.0e-6,true
tie_three_ua10_energy_economic_gurobi,r8-energy-bfff1dbe-659a-4bb0-920f-ea40ebebf7d7,validation/evaluation/witness_checks/5/shared/rows/8,R7-B1-integer,0.0,1.0e-6,true
tie_three_ua10_energy_economic_gurobi,r8-energy-bfff1dbe-659a-4bb0-920f-ea40ebebf7d7,validation/evaluation/witness_checks/5/shared/rows/9,R7-B1-charge,0.0,3.4e-6,true
tie_three_ua10_energy_economic_gurobi,r8-energy-bfff1dbe-659a-4bb0-920f-ea40ebebf7d7,validation/evaluation/witness_checks/5/shared/rows/10,R7-B1-discharge,0.0,3.4e-6,true
tie_three_ua10_energy_economic_gurobi,r8-energy-bfff1dbe-659a-4bb0-920f-ea40ebebf7d7,validation/evaluation/witness_checks/5/shared/rows/11,R7-B1-nonsimultaneous,0.0,3.4e-6,true
tie_three_ua10_energy_economic_gurobi,r8-energy-bfff1dbe-659a-4bb0-920f-ea40ebebf7d7,validation/evaluation/witness_checks/5/shared/rows/12,R7-B1-bounds,0.0,1.0e-6,true
tie_three_ua10_energy_economic_gurobi,r8-energy-bfff1dbe-659a-4bb0-920f-ea40ebebf7d7,validation/evaluation/witness_checks/5/shared/rows/13,R7-B1-integer,0.0,1.0e-6,true
tie_three_ua10_energy_economic_gurobi,r8-energy-bfff1dbe-659a-4bb0-920f-ea40ebebf7d7,validation/evaluation/witness_checks/5/shared/rows/14,R7-B1-charge,0.0,3.4e-6,true
tie_three_ua10_energy_economic_gurobi,r8-energy-bfff1dbe-659a-4bb0-920f-ea40ebebf7d7,validation/evaluation/witness_checks/5/shared/rows/15,R7-B1-discharge,0.0,3.4e-6,true
tie_three_ua10_energy_economic_gurobi,r8-energy-bfff1dbe-659a-4bb0-920f-ea40ebebf7d7,validation/evaluation/witness_checks/5/shared/rows/16,R7-B1-nonsimultaneous,0.0,3.4e-6,true
tie_three_ua10_energy_economic_gurobi,r8-energy-bfff1dbe-659a-4bb0-920f-ea40ebebf7d7,validation/evaluation/witness_checks/5/shared/rows/17,R7-B1-bounds,0.0,1.0e-6,true
tie_three_ua10_energy_economic_gurobi,r8-energy-bfff1dbe-659a-4bb0-920f-ea40ebebf7d7,validation/evaluation/witness_checks/5/shared/rows/18,R7-B1-integer,0.0,1.0e-6,true
tie_three_ua10_energy_economic_gurobi,r8-energy-bfff1dbe-659a-4bb0-920f-ea40ebebf7d7,validation/evaluation/witness_checks/5/shared/rows/19,R7-B1-inactive,0.0,1.0e-6,true
tie_three_ua10_energy_economic_gurobi,r8-energy-bfff1dbe-659a-4bb0-920f-ea40ebebf7d7,validation/evaluation/witness_checks/5/shared/rows/20,R7-B1-bounds,0.0,1.0e-6,true
tie_three_ua10_energy_economic_gurobi,r8-energy-bfff1dbe-659a-4bb0-920f-ea40ebebf7d7,validation/evaluation/witness_checks/5/shared/rows/21,R7-B1-integer,0.0,1.0e-6,true
tie_three_ua10_energy_economic_gurobi,r8-energy-bfff1dbe-659a-4bb0-920f-ea40ebebf7d7,validation/evaluation/witness_checks/5/shared/rows/22,R7-B1-inactive,0.0,1.0e-6,true
tie_three_ua10_energy_economic_gurobi,r8-energy-bfff1dbe-659a-4bb0-920f-ea40ebebf7d7,validation/evaluation/witness_checks/5/shared/rows/23,R7-B1-bounds,0.0,1.0e-6,true
tie_three_ua10_energy_economic_gurobi,r8-energy-bfff1dbe-659a-4bb0-920f-ea40ebebf7d7,validation/evaluation/witness_checks/5/shared/rows/24,R7-B1-integer,0.0,1.0e-6,true
tie_three_ua10_energy_economic_gurobi,r8-energy-bfff1dbe-659a-4bb0-920f-ea40ebebf7d7,validation/evaluation/witness_checks/5/shared/rows/25,R7-B1-inactive,0.0,1.0e-6,true
tie_three_ua10_energy_economic_gurobi,r8-energy-bfff1dbe-659a-4bb0-920f-ea40ebebf7d7,validation/evaluation/witness_checks/5/shared/rows/26,R7-B1-bounds,0.0,1.0e-6,true
tie_three_ua10_energy_economic_gurobi,r8-energy-bfff1dbe-659a-4bb0-920f-ea40ebebf7d7,validation/evaluation/witness_checks/5/shared/rows/27,R7-B1-integer,0.0,1.0e-6,true
tie_three_ua10_energy_economic_gurobi,r8-energy-bfff1dbe-659a-4bb0-920f-ea40ebebf7d7,validation/evaluation/witness_checks/5/shared/rows/28,R7-B1-inactive,0.0,1.0e-6,true
tie_three_ua10_energy_economic_gurobi,r8-energy-bfff1dbe-659a-4bb0-920f-ea40ebebf7d7,validation/evaluation/witness_checks/5/shared/rows/29,binary-z,0.0,1.0e-6,true
tie_three_ua10_energy_economic_gurobi,r8-energy-bfff1dbe-659a-4bb0-920f-ea40ebebf7d7,validation/evaluation/witness_checks/5/shared/rows/30,integer-z,0.0,1.0e-6,true
tie_three_ua10_energy_economic_gurobi,r8-energy-bfff1dbe-659a-4bb0-920f-ea40ebebf7d7,validation/evaluation/witness_checks/5/shared/rows/31,binary-z,0.0,1.0e-6,true
tie_three_ua10_energy_economic_gurobi,r8-energy-bfff1dbe-659a-4bb0-920f-ea40ebebf7d7,validation/evaluation/witness_checks/5/shared/rows/32,integer-z,0.0,1.0e-6,true
tie_three_ua10_energy_economic_gurobi,r8-energy-bfff1dbe-659a-4bb0-920f-ea40ebebf7d7,validation/evaluation/witness_checks/5/shared/rows/33,binary-z,0.0,1.0e-6,true
tie_three_ua10_energy_economic_gurobi,r8-energy-bfff1dbe-659a-4bb0-920f-ea40ebebf7d7,validation/evaluation/witness_checks/5/shared/rows/34,integer-z,0.0,1.0e-6,true
tie_three_ua10_energy_economic_gurobi,r8-energy-bfff1dbe-659a-4bb0-920f-ea40ebebf7d7,validation/evaluation/witness_checks/5/shared/rows/35,binary-beta,0.0,1.0e-6,true
tie_three_ua10_energy_economic_gurobi,r8-energy-bfff1dbe-659a-4bb0-920f-ea40ebebf7d7,validation/evaluation/witness_checks/5/shared/rows/36,integer-beta,0.0,1.0e-6,true
tie_three_ua10_energy_economic_gurobi,r8-energy-bfff1dbe-659a-4bb0-920f-ea40ebebf7d7,validation/evaluation/witness_checks/5/shared/rows/37,binary-beta,0.0,1.0e-6,true
tie_three_ua10_energy_economic_gurobi,r8-energy-bfff1dbe-659a-4bb0-920f-ea40ebebf7d7,validation/evaluation/witness_checks/5/shared/rows/38,integer-beta,0.0,1.0e-6,true
tie_three_ua10_energy_economic_gurobi,r8-energy-bfff1dbe-659a-4bb0-920f-ea40ebebf7d7,validation/evaluation/witness_checks/5/shared/rows/39,binary-beta,0.0,1.0e-6,true
tie_three_ua10_energy_economic_gurobi,r8-energy-bfff1dbe-659a-4bb0-920f-ea40ebebf7d7,validation/evaluation/witness_checks/5/shared/rows/40,integer-beta,0.0,1.0e-6,true
tie_three_ua10_energy_economic_gurobi,r8-energy-bfff1dbe-659a-4bb0-920f-ea40ebebf7d7,validation/evaluation/witness_checks/5/shared/rows/41,binary-a_on,0.0,1.0e-6,true
tie_three_ua10_energy_economic_gurobi,r8-energy-bfff1dbe-659a-4bb0-920f-ea40ebebf7d7,validation/evaluation/witness_checks/5/shared/rows/42,integer-a_on,0.0,1.0e-6,true
tie_three_ua10_energy_economic_gurobi,r8-energy-bfff1dbe-659a-4bb0-920f-ea40ebebf7d7,validation/evaluation/witness_checks/5/shared/rows/43,binary-a_on,0.0,1.0e-6,true
tie_three_ua10_energy_economic_gurobi,r8-energy-bfff1dbe-659a-4bb0-920f-ea40ebebf7d7,validation/evaluation/witness_checks/5/shared/rows/44,integer-a_on,0.0,1.0e-6,true
tie_three_ua10_energy_economic_gurobi,r8-energy-bfff1dbe-659a-4bb0-920f-ea40ebebf7d7,validation/evaluation/witness_checks/5/shared/rows/45,binary-a_on,0.0,1.0e-6,true
tie_three_ua10_energy_economic_gurobi,r8-energy-bfff1dbe-659a-4bb0-920f-ea40ebebf7d7,validation/evaluation/witness_checks/5/shared/rows/46,integer-a_on,0.0,1.0e-6,true
tie_three_ua10_energy_economic_gurobi,r8-energy-bfff1dbe-659a-4bb0-920f-ea40ebebf7d7,validation/evaluation/witness_checks/5/shared/rows/47,binary-a_off,0.0,1.0e-6,true
tie_three_ua10_energy_economic_gurobi,r8-energy-bfff1dbe-659a-4bb0-920f-ea40ebebf7d7,validation/evaluation/witness_checks/5/shared/rows/48,integer-a_off,0.0,1.0e-6,true
tie_three_ua10_energy_economic_gurobi,r8-energy-bfff1dbe-659a-4bb0-920f-ea40ebebf7d7,validation/evaluation/witness_checks/5/shared/rows/49,binary-a_off,0.0,1.0e-6,true
tie_three_ua10_energy_economic_gurobi,r8-energy-bfff1dbe-659a-4bb0-920f-ea40ebebf7d7,validation/evaluation/witness_checks/5/shared/rows/50,integer-a_off,0.0,1.0e-6,true
tie_three_ua10_energy_economic_gurobi,r8-energy-bfff1dbe-659a-4bb0-920f-ea40ebebf7d7,validation/evaluation/witness_checks/5/shared/rows/51,binary-a_off,0.0,1.0e-6,true
tie_three_ua10_energy_economic_gurobi,r8-energy-bfff1dbe-659a-4bb0-920f-ea40ebebf7d7,validation/evaluation/witness_checks/5/shared/rows/52,integer-a_off,0.0,1.0e-6,true
tie_three_ua10_energy_economic_gurobi,r8-energy-bfff1dbe-659a-4bb0-920f-ea40ebebf7d7,validation/evaluation/witness_checks/5/shared/rows/53,R7-R1,0.0,1.0e-6,true
tie_three_ua10_energy_economic_gurobi,r8-energy-bfff1dbe-659a-4bb0-920f-ea40ebebf7d7,validation/evaluation/witness_checks/5/shared/rows/54,on-action,0.0,1.0e-6,true
tie_three_ua10_energy_economic_gurobi,r8-energy-bfff1dbe-659a-4bb0-920f-ea40ebebf7d7,validation/evaluation/witness_checks/5/shared/rows/55,off-action,0.0,1.0e-6,true
tie_three_ua10_energy_economic_gurobi,r8-energy-bfff1dbe-659a-4bb0-920f-ea40ebebf7d7,validation/evaluation/witness_checks/5/shared/rows/56,virtual-arc,0.0,1.0e-6,true
tie_three_ua10_energy_economic_gurobi,r8-energy-bfff1dbe-659a-4bb0-920f-ea40ebebf7d7,validation/evaluation/witness_checks/5/shared/rows/57,R7-R1,0.0,1.0e-6,true
tie_three_ua10_energy_economic_gurobi,r8-energy-bfff1dbe-659a-4bb0-920f-ea40ebebf7d7,validation/evaluation/witness_checks/5/shared/rows/58,on-action,0.0,1.0e-6,true
tie_three_ua10_energy_economic_gurobi,r8-energy-bfff1dbe-659a-4bb0-920f-ea40ebebf7d7,validation/evaluation/witness_checks/5/shared/rows/59,off-action,0.0,1.0e-6,true
tie_three_ua10_energy_economic_gurobi,r8-energy-bfff1dbe-659a-4bb0-920f-ea40ebebf7d7,validation/evaluation/witness_checks/5/shared/rows/60,virtual-arc,0.0,1.0e-6,true
tie_three_ua10_energy_economic_gurobi,r8-energy-bfff1dbe-659a-4bb0-920f-ea40ebebf7d7,validation/evaluation/witness_checks/5/shared/rows/61,R7-R1,0.0,1.0e-6,true
tie_three_ua10_energy_economic_gurobi,r8-energy-bfff1dbe-659a-4bb0-920f-ea40ebebf7d7,validation/evaluation/witness_checks/5/shared/rows/62,on-action,0.0,1.0e-6,true
tie_three_ua10_energy_economic_gurobi,r8-energy-bfff1dbe-659a-4bb0-920f-ea40ebebf7d7,validation/evaluation/witness_checks/5/shared/rows/63,off-action,0.0,1.0e-6,true
tie_three_ua10_energy_economic_gurobi,r8-energy-bfff1dbe-659a-4bb0-920f-ea40ebebf7d7,validation/evaluation/witness_checks/5/shared/rows/64,virtual-arc,0.0,1.0e-6,true
tie_three_ua10_energy_economic_gurobi,r8-energy-bfff1dbe-659a-4bb0-920f-ea40ebebf7d7,validation/evaluation/witness_checks/5/shared/rows/65,6-63,0.0,1.0e-6,true
tie_three_ua10_energy_economic_gurobi,r8-energy-bfff1dbe-659a-4bb0-920f-ea40ebebf7d7,validation/evaluation/witness_checks/5/shared/rows/66,forest-edges,0.0,1.0e-6,true
tie_three_ua10_energy_economic_gurobi,r8-energy-bfff1dbe-659a-4bb0-920f-ea40ebebf7d7,validation/evaluation/witness_checks/5/shared/rows/67,forest-independent,0.0,1.0e-6,true
tie_three_ua10_energy_economic_gurobi,r8-energy-bfff1dbe-659a-4bb0-920f-ea40ebebf7d7,validation/evaluation/witness_checks/5/shared/rows/68,one-root-per-component,0.0,1.0e-6,true
tie_three_ua10_energy_economic_gurobi,r8-energy-bfff1dbe-659a-4bb0-920f-ea40ebebf7d7,validation/evaluation/witness_checks/5/shared/rows/69,root-eligible,0.0,1.0e-6,true
tie_three_ua10_energy_economic_gurobi,r8-energy-bfff1dbe-659a-4bb0-920f-ea40ebebf7d7,validation/evaluation/witness_checks/5/shared/rows/70,root-supply,0.0,1.0e-6,true
tie_three_ua10_energy_economic_gurobi,r8-energy-bfff1dbe-659a-4bb0-920f-ea40ebebf7d7,validation/evaluation/witness_checks/5/shared/rows/71,virtual-node,0.0,1.0e-6,true
tie_three_ua10_energy_economic_gurobi,r8-energy-bfff1dbe-659a-4bb0-920f-ea40ebebf7d7,validation/evaluation/witness_checks/5/shared/rows/72,root-eligible,0.0,1.0e-6,true
tie_three_ua10_energy_economic_gurobi,r8-energy-bfff1dbe-659a-4bb0-920f-ea40ebebf7d7,validation/evaluation/witness_checks/5/shared/rows/73,root-supply,0.0,1.0e-6,true
tie_three_ua10_energy_economic_gurobi,r8-energy-bfff1dbe-659a-4bb0-920f-ea40ebebf7d7,validation/evaluation/witness_checks/5/shared/rows/74,virtual-node,0.0,1.0e-6,true
tie_three_ua10_energy_economic_gurobi,r8-energy-bfff1dbe-659a-4bb0-920f-ea40ebebf7d7,validation/evaluation/witness_checks/5/shared/rows/75,root-eligible,0.0,1.0e-6,true
tie_three_ua10_energy_economic_gurobi,r8-energy-bfff1dbe-659a-4bb0-920f-ea40ebebf7d7,validation/evaluation/witness_checks/5/shared/rows/76,root-supply,0.0,1.0e-6,true
tie_three_ua10_energy_economic_gurobi,r8-energy-bfff1dbe-659a-4bb0-920f-ea40ebebf7d7,validation/evaluation/witness_checks/5/shared/rows/77,virtual-node,0.0,1.0e-6,true
tie_three_ua10_energy_economic_gurobi,r8-energy-bfff1dbe-659a-4bb0-920f-ea40ebebf7d7,validation/evaluation/witness_checks/5/shared/rows/78,6-8/56/60,0.0,3.4e-6,true
tie_three_ua10_energy_economic_gurobi,r8-energy-bfff1dbe-659a-4bb0-920f-ea40ebebf7d7,validation/evaluation/witness_checks/5/shared/rows/79,6-3/9,0.0,3.4e-6,true
tie_three_ua10_energy_economic_gurobi,r8-energy-bfff1dbe-659a-4bb0-920f-ea40ebebf7d7,validation/evaluation/witness_checks/5/shared/rows/80,6-11,0.0,3.4e-6,true
tie_three_ua10_energy_economic_gurobi,r8-energy-bfff1dbe-659a-4bb0-920f-ea40ebebf7d7,validation/evaluation/witness_checks/5/shared/rows/81,6-4/57,0.0,3.4e-6,true
tie_three_ua10_energy_economic_gurobi,r8-energy-bfff1dbe-659a-4bb0-920f-ea40ebebf7d7,validation/evaluation/witness_checks/5/shared/rows/82,6-5/58,0.0,3.4e-6,true
tie_three_ua10_energy_economic_gurobi,r8-energy-bfff1dbe-659a-4bb0-920f-ea40ebebf7d7,validation/evaluation/witness_checks/5/shared/rows/83,inactive-charge,0.0,3.4e-6,true
tie_three_ua10_energy_economic_gurobi,r8-energy-bfff1dbe-659a-4bb0-920f-ea40ebebf7d7,validation/evaluation/witness_checks/5/shared/rows/84,inactive-discharge,0.0,3.4e-6,true
tie_three_ua10_energy_economic_gurobi,r8-energy-bfff1dbe-659a-4bb0-920f-ea40ebebf7d7,validation/evaluation/witness_checks/5/shared/rows/85,6-8/56/60,0.0,3.4e-6,true
tie_three_ua10_energy_economic_gurobi,r8-energy-bfff1dbe-659a-4bb0-920f-ea40ebebf7d7,validation/evaluation/witness_checks/5/shared/rows/86,6-3/9,0.0,3.4e-6,true
tie_three_ua10_energy_economic_gurobi,r8-energy-bfff1dbe-659a-4bb0-920f-ea40ebebf7d7,validation/evaluation/witness_checks/5/shared/rows/87,6-11,0.0,3.4e-6,true
tie_three_ua10_energy_economic_gurobi,r8-energy-bfff1dbe-659a-4bb0-920f-ea40ebebf7d7,validation/evaluation/witness_checks/5/shared/rows/88,6-4/57,0.0,3.4e-6,true
tie_three_ua10_energy_economic_gurobi,r8-energy-bfff1dbe-659a-4bb0-920f-ea40ebebf7d7,validation/evaluation/witness_checks/5/shared/rows/89,6-5/58,0.0,3.4e-6,true
tie_three_ua10_energy_economic_gurobi,r8-energy-bfff1dbe-659a-4bb0-920f-ea40ebebf7d7,validation/evaluation/witness_checks/5/shared/rows/90,inactive-charge,0.0,3.4e-6,true
tie_three_ua10_energy_economic_gurobi,r8-energy-bfff1dbe-659a-4bb0-920f-ea40ebebf7d7,validation/evaluation/witness_checks/5/shared/rows/91,inactive-discharge,0.0,3.4e-6,true
tie_three_ua10_energy_economic_gurobi,r8-energy-bfff1dbe-659a-4bb0-920f-ea40ebebf7d7,validation/evaluation/witness_checks/5/shared/rows/92,6-8/56/60,0.0,3.4e-6,true
tie_three_ua10_energy_economic_gurobi,r8-energy-bfff1dbe-659a-4bb0-920f-ea40ebebf7d7,validation/evaluation/witness_checks/5/shared/rows/93,6-3/9,0.0,3.4e-6,true
tie_three_ua10_energy_economic_gurobi,r8-energy-bfff1dbe-659a-4bb0-920f-ea40ebebf7d7,validation/evaluation/witness_checks/5/shared/rows/94,6-11,0.0,3.4e-6,true
tie_three_ua10_energy_economic_gurobi,r8-energy-bfff1dbe-659a-4bb0-920f-ea40ebebf7d7,validation/evaluation/witness_checks/5/shared/rows/95,battery-charge,0.0,3.4e-6,true
tie_three_ua10_energy_economic_gurobi,r8-energy-bfff1dbe-659a-4bb0-920f-ea40ebebf7d7,validation/evaluation/witness_checks/5/shared/rows/96,battery-discharge,0.0,3.4e-6,true
tie_three_ua10_energy_economic_gurobi,r8-energy-bfff1dbe-659a-4bb0-920f-ea40ebebf7d7,validation/evaluation/witness_checks/5/shared/rows/97,6-12,0.0,3.4e-6,true
tie_three_ua10_energy_economic_gurobi,r8-energy-bfff1dbe-659a-4bb0-920f-ea40ebebf7d7,validation/evaluation/witness_checks/5/shared/rows/98,6-14,0.0,2.0e-6,true
tie_three_ua10_energy_economic_gurobi,r8-energy-bfff1dbe-659a-4bb0-920f-ea40ebebf7d7,validation/evaluation/witness_checks/5/shared/rows/99,6-8/56/60,0.0,3.4e-6,true
tie_three_ua10_energy_economic_gurobi,r8-energy-bfff1dbe-659a-4bb0-920f-ea40ebebf7d7,validation/evaluation/witness_checks/5/shared/rows/100,6-3/9,0.0,3.4e-6,true
tie_three_ua10_energy_economic_gurobi,r8-energy-bfff1dbe-659a-4bb0-920f-ea40ebebf7d7,validation/evaluation/witness_checks/5/shared/rows/101,6-11,0.0,3.4e-6,true
tie_three_ua10_energy_economic_gurobi,r8-energy-bfff1dbe-659a-4bb0-920f-ea40ebebf7d7,validation/evaluation/witness_checks/5/shared/rows/102,battery-charge,0.0,3.4e-6,true
tie_three_ua10_energy_economic_gurobi,r8-energy-bfff1dbe-659a-4bb0-920f-ea40ebebf7d7,validation/evaluation/witness_checks/5/shared/rows/103,battery-discharge,0.0,3.4e-6,true
tie_three_ua10_energy_economic_gurobi,r8-energy-bfff1dbe-659a-4bb0-920f-ea40ebebf7d7,validation/evaluation/witness_checks/5/shared/rows/104,6-12,0.0,3.4e-6,true
tie_three_ua10_energy_economic_gurobi,r8-energy-bfff1dbe-659a-4bb0-920f-ea40ebebf7d7,validation/evaluation/witness_checks/5/shared/rows/105,6-14,0.0,2.0e-6,true
tie_three_ua10_energy_economic_gurobi,r8-energy-bfff1dbe-659a-4bb0-920f-ea40ebebf7d7,validation/evaluation/witness_checks/5/shared/rows/106,6-8/56/60,0.0,3.4e-6,true
tie_three_ua10_energy_economic_gurobi,r8-energy-bfff1dbe-659a-4bb0-920f-ea40ebebf7d7,validation/evaluation/witness_checks/5/shared/rows/107,6-3/9,0.0,3.4e-6,true
tie_three_ua10_energy_economic_gurobi,r8-energy-bfff1dbe-659a-4bb0-920f-ea40ebebf7d7,validation/evaluation/witness_checks/5/shared/rows/108,6-11,0.0,3.4e-6,true
tie_three_ua10_energy_economic_gurobi,r8-energy-bfff1dbe-659a-4bb0-920f-ea40ebebf7d7,validation/evaluation/witness_checks/5/shared/rows/109,inactive-charge,0.0,3.4e-6,true
tie_three_ua10_energy_economic_gurobi,r8-energy-bfff1dbe-659a-4bb0-920f-ea40ebebf7d7,validation/evaluation/witness_checks/5/shared/rows/110,inactive-discharge,0.0,3.4e-6,true
tie_three_ua10_energy_economic_gurobi,r8-energy-bfff1dbe-659a-4bb0-920f-ea40ebebf7d7,validation/evaluation/witness_checks/5/shared/rows/111,6-8/56/60,0.0,3.4e-6,true
tie_three_ua10_energy_economic_gurobi,r8-energy-bfff1dbe-659a-4bb0-920f-ea40ebebf7d7,validation/evaluation/witness_checks/5/shared/rows/112,6-3/9,0.0,3.4e-6,true
tie_three_ua10_energy_economic_gurobi,r8-energy-bfff1dbe-659a-4bb0-920f-ea40ebebf7d7,validation/evaluation/witness_checks/5/shared/rows/113,6-11,0.0,3.4e-6,true
tie_three_ua10_energy_economic_gurobi,r8-energy-bfff1dbe-659a-4bb0-920f-ea40ebebf7d7,validation/evaluation/witness_checks/5/shared/rows/114,inactive-charge,0.0,3.4e-6,true
tie_three_ua10_energy_economic_gurobi,r8-energy-bfff1dbe-659a-4bb0-920f-ea40ebebf7d7,validation/evaluation/witness_checks/5/shared/rows/115,inactive-discharge,0.0,3.4e-6,true
tie_three_ua10_energy_economic_gurobi,r8-energy-bfff1dbe-659a-4bb0-920f-ea40ebebf7d7,validation/evaluation/witness_checks/5/shared/rows/116,6-8/56/60,0.0,3.4e-6,true
tie_three_ua10_energy_economic_gurobi,r8-energy-bfff1dbe-659a-4bb0-920f-ea40ebebf7d7,validation/evaluation/witness_checks/5/shared/rows/117,6-3/9,0.0,3.4e-6,true
tie_three_ua10_energy_economic_gurobi,r8-energy-bfff1dbe-659a-4bb0-920f-ea40ebebf7d7,validation/evaluation/witness_checks/5/shared/rows/118,6-11,0.0,3.4e-6,true
tie_three_ua10_energy_economic_gurobi,r8-energy-bfff1dbe-659a-4bb0-920f-ea40ebebf7d7,validation/evaluation/witness_checks/5/shared/rows/119,inactive-charge,0.0,3.4e-6,true
tie_three_ua10_energy_economic_gurobi,r8-energy-bfff1dbe-659a-4bb0-920f-ea40ebebf7d7,validation/evaluation/witness_checks/5/shared/rows/120,inactive-discharge,0.0,3.4e-6,true
tie_three_ua10_energy_economic_gurobi,r8-energy-bfff1dbe-659a-4bb0-920f-ea40ebebf7d7,validation/evaluation/witness_checks/5/shared/rows/121,6-8/56/60,0.0,3.4e-6,true
tie_three_ua10_energy_economic_gurobi,r8-energy-bfff1dbe-659a-4bb0-920f-ea40ebebf7d7,validation/evaluation/witness_checks/5/shared/rows/122,6-3/9,0.0,3.4e-6,true
tie_three_ua10_energy_economic_gurobi,r8-energy-bfff1dbe-659a-4bb0-920f-ea40ebebf7d7,validation/evaluation/witness_checks/5/shared/rows/123,6-11,0.0,3.4e-6,true
tie_three_ua10_energy_economic_gurobi,r8-energy-bfff1dbe-659a-4bb0-920f-ea40ebebf7d7,validation/evaluation/witness_checks/5/shared/rows/124,inactive-charge,0.0,3.4e-6,true
tie_three_ua10_energy_economic_gurobi,r8-energy-bfff1dbe-659a-4bb0-920f-ea40ebebf7d7,validation/evaluation/witness_checks/5/shared/rows/125,inactive-discharge,0.0,3.4e-6,true
tie_three_ua10_energy_economic_gurobi,r8-energy-bfff1dbe-659a-4bb0-920f-ea40ebebf7d7,validation/evaluation/witness_checks/5/shared/rows/126,inactive-energy,0.0,2.0e-6,true
tie_three_ua10_energy_economic_gurobi,r8-energy-bfff1dbe-659a-4bb0-920f-ea40ebebf7d7,validation/evaluation/witness_checks/5/shared/rows/127,inactive-energy,0.0,2.0e-6,true
tie_three_ua10_energy_economic_gurobi,r8-energy-bfff1dbe-659a-4bb0-920f-ea40ebebf7d7,validation/evaluation/witness_checks/5/shared/rows/128,inactive-energy,0.0,2.0e-6,true
tie_three_ua10_energy_economic_gurobi,r8-energy-bfff1dbe-659a-4bb0-920f-ea40ebebf7d7,validation/evaluation/witness_checks/5/shared/rows/129,inactive-energy,0.0,2.0e-6,true
tie_three_ua10_energy_economic_gurobi,r8-energy-bfff1dbe-659a-4bb0-920f-ea40ebebf7d7,validation/evaluation/witness_checks/5/shared/rows/130,6-13,0.0,2.0e-6,true
tie_three_ua10_energy_economic_gurobi,r8-energy-bfff1dbe-659a-4bb0-920f-ea40ebebf7d7,validation/evaluation/witness_checks/5/shared/rows/131,6-61,0.0,2.0e-6,true
tie_three_ua10_energy_economic_gurobi,r8-energy-bfff1dbe-659a-4bb0-920f-ea40ebebf7d7,validation/evaluation/witness_checks/5/shared/rows/132,6-13,0.0,2.0e-6,true
tie_three_ua10_energy_economic_gurobi,r8-energy-bfff1dbe-659a-4bb0-920f-ea40ebebf7d7,validation/evaluation/witness_checks/5/shared/rows/133,6-61,0.0,2.0e-6,true
tie_three_ua10_energy_economic_gurobi,r8-energy-bfff1dbe-659a-4bb0-920f-ea40ebebf7d7,validation/evaluation/witness_checks/5/shared/rows/134,6-13,0.0,2.0e-6,true
tie_three_ua10_energy_economic_gurobi,r8-energy-bfff1dbe-659a-4bb0-920f-ea40ebebf7d7,validation/evaluation/witness_checks/5/shared/rows/135,6-13,0.0,2.0e-6,true
tie_three_ua10_energy_economic_gurobi,r8-energy-bfff1dbe-659a-4bb0-920f-ea40ebebf7d7,validation/evaluation/witness_checks/5/shared/rows/136,inactive-energy,0.0,2.0e-6,true
tie_three_ua10_energy_economic_gurobi,r8-energy-bfff1dbe-659a-4bb0-920f-ea40ebebf7d7,validation/evaluation/witness_checks/5/shared/rows/137,inactive-energy,0.0,2.0e-6,true
tie_three_ua10_energy_economic_gurobi,r8-energy-bfff1dbe-659a-4bb0-920f-ea40ebebf7d7,validation/evaluation/witness_checks/5/shared/rows/138,inactive-energy,0.0,2.0e-6,true
tie_three_ua10_energy_economic_gurobi,r8-energy-bfff1dbe-659a-4bb0-920f-ea40ebebf7d7,validation/evaluation/witness_checks/5/shared/rows/139,inactive-energy,0.0,2.0e-6,true
tie_three_ua10_energy_economic_gurobi,r8-energy-bfff1dbe-659a-4bb0-920f-ea40ebebf7d7,validation/evaluation/witness_checks/5/shared/rows/140,inactive-energy,0.0,2.0e-6,true
tie_three_ua10_energy_economic_gurobi,r8-energy-bfff1dbe-659a-4bb0-920f-ea40ebebf7d7,validation/evaluation/witness_checks/5/shared/rows/141,inactive-energy,0.0,2.0e-6,true
tie_three_ua10_energy_economic_gurobi,r8-energy-bfff1dbe-659a-4bb0-920f-ea40ebebf7d7,validation/evaluation/witness_checks/5/shared/rows/142,inactive-energy,0.0,2.0e-6,true
tie_three_ua10_energy_economic_gurobi,r8-energy-bfff1dbe-659a-4bb0-920f-ea40ebebf7d7,validation/evaluation/witness_checks/5/shared/rows/143,inactive-energy,0.0,2.0e-6,true
tie_three_ua10_energy_economic_gurobi,r8-energy-bfff1dbe-659a-4bb0-920f-ea40ebebf7d7,validation/evaluation/witness_checks/5/shared/rows/144,6-51-P,0.0,3.4e-6,true
tie_three_ua10_energy_economic_gurobi,r8-energy-bfff1dbe-659a-4bb0-920f-ea40ebebf7d7,validation/evaluation/witness_checks/5/shared/rows/145,6-51-Q,0.0,3.4e-6,true
tie_three_ua10_energy_economic_gurobi,r8-energy-bfff1dbe-659a-4bb0-920f-ea40ebebf7d7,validation/evaluation/witness_checks/5/shared/rows/146,6-24:25-P_line,0.0,3.4e-6,true
tie_three_ua10_energy_economic_gurobi,r8-energy-bfff1dbe-659a-4bb0-920f-ea40ebebf7d7,validation/evaluation/witness_checks/5/shared/rows/147,6-24:25-Q_line,0.0,3.4e-6,true
tie_three_ua10_energy_economic_gurobi,r8-energy-bfff1dbe-659a-4bb0-920f-ea40ebebf7d7,validation/evaluation/witness_checks/5/shared/rows/148,R7-R3,0.0,1.0e-6,true
tie_three_ua10_energy_economic_gurobi,r8-energy-bfff1dbe-659a-4bb0-920f-ea40ebebf7d7,validation/evaluation/witness_checks/5/shared/rows/149,6-24:25-P_line,0.0,3.4e-6,true
tie_three_ua10_energy_economic_gurobi,r8-energy-bfff1dbe-659a-4bb0-920f-ea40ebebf7d7,validation/evaluation/witness_checks/5/shared/rows/150,6-24:25-Q_line,0.0,3.4e-6,true
tie_three_ua10_energy_economic_gurobi,r8-energy-bfff1dbe-659a-4bb0-920f-ea40ebebf7d7,validation/evaluation/witness_checks/5/shared/rows/151,R7-R3,0.0,1.0e-6,true
tie_three_ua10_energy_economic_gurobi,r8-energy-bfff1dbe-659a-4bb0-920f-ea40ebebf7d7,validation/evaluation/witness_checks/5/shared/rows/152,6-24:25-P_line,0.0,3.4e-6,true
tie_three_ua10_energy_economic_gurobi,r8-energy-bfff1dbe-659a-4bb0-920f-ea40ebebf7d7,validation/evaluation/witness_checks/5/shared/rows/153,6-24:25-Q_line,0.0,3.4e-6,true
tie_three_ua10_energy_economic_gurobi,r8-energy-bfff1dbe-659a-4bb0-920f-ea40ebebf7d7,validation/evaluation/witness_checks/5/shared/rows/154,R7-R3,1.734723475976807e-18,1.0e-6,true
tie_three_ua10_energy_economic_gurobi,r8-energy-bfff1dbe-659a-4bb0-920f-ea40ebebf7d7,validation/evaluation/witness_checks/5/shared/rows/155,6-22,0.0,1.0e-6,true
tie_three_ua10_energy_economic_gurobi,r8-energy-bfff1dbe-659a-4bb0-920f-ea40ebebf7d7,validation/evaluation/witness_checks/5/shared/rows/156,6-54,0.0,3.4e-6,true
tie_three_ua10_energy_economic_gurobi,r8-energy-bfff1dbe-659a-4bb0-920f-ea40ebebf7d7,validation/evaluation/witness_checks/5/shared/rows/157,6-19,0.0,3.4e-6,true
tie_three_ua10_energy_economic_gurobi,r8-energy-bfff1dbe-659a-4bb0-920f-ea40ebebf7d7,validation/evaluation/witness_checks/5/shared/rows/158,6-20,0.0,3.4e-6,true
tie_three_ua10_energy_economic_gurobi,r8-energy-bfff1dbe-659a-4bb0-920f-ea40ebebf7d7,validation/evaluation/witness_checks/5/shared/rows/159,6-22,0.0,1.0e-6,true
tie_three_ua10_energy_economic_gurobi,r8-energy-bfff1dbe-659a-4bb0-920f-ea40ebebf7d7,validation/evaluation/witness_checks/5/shared/rows/160,6-54,0.0,3.4e-6,true
tie_three_ua10_energy_economic_gurobi,r8-energy-bfff1dbe-659a-4bb0-920f-ea40ebebf7d7,validation/evaluation/witness_checks/5/shared/rows/161,6-19,0.0,3.4e-6,true
tie_three_ua10_energy_economic_gurobi,r8-energy-bfff1dbe-659a-4bb0-920f-ea40ebebf7d7,validation/evaluation/witness_checks/5/shared/rows/162,6-20,0.0,3.4e-6,true
tie_three_ua10_energy_economic_gurobi,r8-energy-bfff1dbe-659a-4bb0-920f-ea40ebebf7d7,validation/evaluation/witness_checks/5/shared/rows/163,6-22,0.0,1.0e-6,true
tie_three_ua10_energy_economic_gurobi,r8-energy-bfff1dbe-659a-4bb0-920f-ea40ebebf7d7,validation/evaluation/witness_checks/5/shared/rows/164,6-54,0.0,3.4e-6,true
tie_three_ua10_energy_economic_gurobi,r8-energy-bfff1dbe-659a-4bb0-920f-ea40ebebf7d7,validation/evaluation/witness_checks/5/shared/rows/165,6-19,0.0,3.4e-6,true
tie_three_ua10_energy_economic_gurobi,r8-energy-bfff1dbe-659a-4bb0-920f-ea40ebebf7d7,validation/evaluation/witness_checks/5/shared/rows/166,6-20,0.0,3.4e-6,true
tie_three_ua10_energy_economic_gurobi,r8-energy-bfff1dbe-659a-4bb0-920f-ea40ebebf7d7,validation/evaluation/witness_checks/5/shared/rows/167,6-51-P,0.0,3.4e-6,true
tie_three_ua10_energy_economic_gurobi,r8-energy-bfff1dbe-659a-4bb0-920f-ea40ebebf7d7,validation/evaluation/witness_checks/5/shared/rows/168,6-51-Q,0.0,3.4e-6,true
tie_three_ua10_energy_economic_gurobi,r8-energy-bfff1dbe-659a-4bb0-920f-ea40ebebf7d7,validation/evaluation/witness_checks/5/shared/rows/169,6-24:25-P_line,0.0,3.4e-6,true
tie_three_ua10_energy_economic_gurobi,r8-energy-bfff1dbe-659a-4bb0-920f-ea40ebebf7d7,validation/evaluation/witness_checks/5/shared/rows/170,6-24:25-Q_line,0.0,3.4e-6,true
tie_three_ua10_energy_economic_gurobi,r8-energy-bfff1dbe-659a-4bb0-920f-ea40ebebf7d7,validation/evaluation/witness_checks/5/shared/rows/171,R7-R3,0.0,1.0e-6,true
tie_three_ua10_energy_economic_gurobi,r8-energy-bfff1dbe-659a-4bb0-920f-ea40ebebf7d7,validation/evaluation/witness_checks/5/shared/rows/172,6-24:25-P_line,0.0,3.4e-6,true
tie_three_ua10_energy_economic_gurobi,r8-energy-bfff1dbe-659a-4bb0-920f-ea40ebebf7d7,validation/evaluation/witness_checks/5/shared/rows/173,6-24:25-Q_line,0.0,3.4e-6,true
tie_three_ua10_energy_economic_gurobi,r8-energy-bfff1dbe-659a-4bb0-920f-ea40ebebf7d7,validation/evaluation/witness_checks/5/shared/rows/174,R7-R3,3.0791341698588326e-17,1.0e-6,true
tie_three_ua10_energy_economic_gurobi,r8-energy-bfff1dbe-659a-4bb0-920f-ea40ebebf7d7,validation/evaluation/witness_checks/5/shared/rows/175,6-24:25-P_line,0.0,3.4e-6,true
tie_three_ua10_energy_economic_gurobi,r8-energy-bfff1dbe-659a-4bb0-920f-ea40ebebf7d7,validation/evaluation/witness_checks/5/shared/rows/176,6-24:25-Q_line,0.0,3.4e-6,true
tie_three_ua10_energy_economic_gurobi,r8-energy-bfff1dbe-659a-4bb0-920f-ea40ebebf7d7,validation/evaluation/witness_checks/5/shared/rows/177,R7-R3,2.688821387764051e-17,1.0e-6,true
tie_three_ua10_energy_economic_gurobi,r8-energy-bfff1dbe-659a-4bb0-920f-ea40ebebf7d7,validation/evaluation/witness_checks/5/shared/rows/178,6-22,0.0,1.0e-6,true
tie_three_ua10_energy_economic_gurobi,r8-energy-bfff1dbe-659a-4bb0-920f-ea40ebebf7d7,validation/evaluation/witness_checks/5/shared/rows/179,6-54,0.0,3.4e-6,true
tie_three_ua10_energy_economic_gurobi,r8-energy-bfff1dbe-659a-4bb0-920f-ea40ebebf7d7,validation/evaluation/witness_checks/5/shared/rows/180,6-19,2.0539125955565396e-15,3.4e-6,true
tie_three_ua10_energy_economic_gurobi,r8-energy-bfff1dbe-659a-4bb0-920f-ea40ebebf7d7,validation/evaluation/witness_checks/5/shared/rows/181,6-20,0.0,3.4e-6,true
tie_three_ua10_energy_economic_gurobi,r8-energy-bfff1dbe-659a-4bb0-920f-ea40ebebf7d7,validation/evaluation/witness_checks/5/shared/rows/182,6-22,0.0,1.0e-6,true
tie_three_ua10_energy_economic_gurobi,r8-energy-bfff1dbe-659a-4bb0-920f-ea40ebebf7d7,validation/evaluation/witness_checks/5/shared/rows/183,6-54,0.0,3.4e-6,true
tie_three_ua10_energy_economic_gurobi,r8-energy-bfff1dbe-659a-4bb0-920f-ea40ebebf7d7,validation/evaluation/witness_checks/5/shared/rows/184,6-19,0.0,3.4e-6,true
tie_three_ua10_energy_economic_gurobi,r8-energy-bfff1dbe-659a-4bb0-920f-ea40ebebf7d7,validation/evaluation/witness_checks/5/shared/rows/185,6-20,0.0,3.4e-6,true
tie_three_ua10_energy_economic_gurobi,r8-energy-bfff1dbe-659a-4bb0-920f-ea40ebebf7d7,validation/evaluation/witness_checks/5/shared/rows/186,6-22,0.0,1.0e-6,true
tie_three_ua10_energy_economic_gurobi,r8-energy-bfff1dbe-659a-4bb0-920f-ea40ebebf7d7,validation/evaluation/witness_checks/5/shared/rows/187,6-54,0.0,3.4e-6,true
tie_three_ua10_energy_economic_gurobi,r8-energy-bfff1dbe-659a-4bb0-920f-ea40ebebf7d7,validation/evaluation/witness_checks/5/shared/rows/188,6-19,0.0,3.4e-6,true
tie_three_ua10_energy_economic_gurobi,r8-energy-bfff1dbe-659a-4bb0-920f-ea40ebebf7d7,validation/evaluation/witness_checks/5/shared/rows/189,6-20,0.0,3.4e-6,true
tie_three_ua10_energy_economic_gurobi,r8-energy-bfff1dbe-659a-4bb0-920f-ea40ebebf7d7,validation/evaluation/witness_checks/5/shared/rows/190,6-55,0.0,3.4e-6,true
tie_three_ua10_energy_economic_gurobi,r8-energy-bfff1dbe-659a-4bb0-920f-ea40ebebf7d7,validation/evaluation/witness_checks/5/shared/rows/191,6-55,0.0,3.4e-6,true
tie_three_ua10_energy_economic_gurobi,r8-energy-bfff1dbe-659a-4bb0-920f-ea40ebebf7d7,validation/evaluation/witness_checks/5/shared/rows/192,6-55,0.0,3.4e-6,true
tie_three_ua10_energy_economic_gurobi,r8-energy-bfff1dbe-659a-4bb0-920f-ea40ebebf7d7,validation/evaluation/witness_checks/5/shared/rows/193,6-55,0.0,3.4e-6,true
tie_three_ua10_energy_economic_gurobi,r8-energy-bfff1dbe-659a-4bb0-920f-ea40ebebf7d7,validation/evaluation/witness_checks/5/shared/rows/194,6-53,0.0,1.0e-6,true
tie_three_ua10_energy_economic_gurobi,r8-energy-bfff1dbe-659a-4bb0-920f-ea40ebebf7d7,validation/evaluation/witness_checks/6/rows/1,R8-E2-capacity,0.0,3.4e-6,true
tie_three_ua10_energy_economic_gurobi,r8-energy-bfff1dbe-659a-4bb0-920f-ea40ebebf7d7,validation/evaluation/witness_checks/6/rows/2,R8-E2-capacity,0.0,3.4e-6,true
tie_three_ua10_energy_economic_gurobi,r8-energy-bfff1dbe-659a-4bb0-920f-ea40ebebf7d7,validation/evaluation/witness_checks/6/rows/3,R8-E1-balance,0.0,3.4e-6,true
tie_three_ua10_energy_economic_gurobi,r8-energy-bfff1dbe-659a-4bb0-920f-ea40ebebf7d7,validation/evaluation/witness_checks/6/rows/4,R8-E1-balance,5.551115123125783e-17,3.4e-6,true
tie_three_ua10_energy_economic_gurobi,r8-energy-bfff1dbe-659a-4bb0-920f-ea40ebebf7d7,validation/evaluation/witness_checks/6/rows/5,R8-E1-balance,0.0,3.4e-6,true
tie_three_ua10_energy_economic_gurobi,r8-energy-bfff1dbe-659a-4bb0-920f-ea40ebebf7d7,validation/evaluation/witness_checks/6/rows/6,R8-E1-balance,0.0,3.4e-6,true
tie_three_ua10_energy_economic_gurobi,r8-energy-bfff1dbe-659a-4bb0-920f-ea40ebebf7d7,validation/evaluation/witness_checks/6/shared/rows/1,R7-B1-bounds,0.0,1.0e-6,true
tie_three_ua10_energy_economic_gurobi,r8-energy-bfff1dbe-659a-4bb0-920f-ea40ebebf7d7,validation/evaluation/witness_checks/6/shared/rows/2,R7-B1-integer,0.0,1.0e-6,true
tie_three_ua10_energy_economic_gurobi,r8-energy-bfff1dbe-659a-4bb0-920f-ea40ebebf7d7,validation/evaluation/witness_checks/6/shared/rows/3,R7-B1-inactive,0.0,1.0e-6,true
tie_three_ua10_energy_economic_gurobi,r8-energy-bfff1dbe-659a-4bb0-920f-ea40ebebf7d7,validation/evaluation/witness_checks/6/shared/rows/4,R7-B1-bounds,0.0,1.0e-6,true
tie_three_ua10_energy_economic_gurobi,r8-energy-bfff1dbe-659a-4bb0-920f-ea40ebebf7d7,validation/evaluation/witness_checks/6/shared/rows/5,R7-B1-integer,0.0,1.0e-6,true
tie_three_ua10_energy_economic_gurobi,r8-energy-bfff1dbe-659a-4bb0-920f-ea40ebebf7d7,validation/evaluation/witness_checks/6/shared/rows/6,R7-B1-inactive,0.0,1.0e-6,true
tie_three_ua10_energy_economic_gurobi,r8-energy-bfff1dbe-659a-4bb0-920f-ea40ebebf7d7,validation/evaluation/witness_checks/6/shared/rows/7,R7-B1-bounds,0.0,1.0e-6,true
tie_three_ua10_energy_economic_gurobi,r8-energy-bfff1dbe-659a-4bb0-920f-ea40ebebf7d7,validation/evaluation/witness_checks/6/shared/rows/8,R7-B1-integer,0.0,1.0e-6,true
tie_three_ua10_energy_economic_gurobi,r8-energy-bfff1dbe-659a-4bb0-920f-ea40ebebf7d7,validation/evaluation/witness_checks/6/shared/rows/9,R7-B1-charge,0.0,3.4e-6,true
tie_three_ua10_energy_economic_gurobi,r8-energy-bfff1dbe-659a-4bb0-920f-ea40ebebf7d7,validation/evaluation/witness_checks/6/shared/rows/10,R7-B1-discharge,0.0,3.4e-6,true
tie_three_ua10_energy_economic_gurobi,r8-energy-bfff1dbe-659a-4bb0-920f-ea40ebebf7d7,validation/evaluation/witness_checks/6/shared/rows/11,R7-B1-nonsimultaneous,0.0,3.4e-6,true
tie_three_ua10_energy_economic_gurobi,r8-energy-bfff1dbe-659a-4bb0-920f-ea40ebebf7d7,validation/evaluation/witness_checks/6/shared/rows/12,R7-B1-bounds,0.0,1.0e-6,true
tie_three_ua10_energy_economic_gurobi,r8-energy-bfff1dbe-659a-4bb0-920f-ea40ebebf7d7,validation/evaluation/witness_checks/6/shared/rows/13,R7-B1-integer,0.0,1.0e-6,true
tie_three_ua10_energy_economic_gurobi,r8-energy-bfff1dbe-659a-4bb0-920f-ea40ebebf7d7,validation/evaluation/witness_checks/6/shared/rows/14,R7-B1-charge,0.0,3.4e-6,true
tie_three_ua10_energy_economic_gurobi,r8-energy-bfff1dbe-659a-4bb0-920f-ea40ebebf7d7,validation/evaluation/witness_checks/6/shared/rows/15,R7-B1-discharge,0.0,3.4e-6,true
tie_three_ua10_energy_economic_gurobi,r8-energy-bfff1dbe-659a-4bb0-920f-ea40ebebf7d7,validation/evaluation/witness_checks/6/shared/rows/16,R7-B1-nonsimultaneous,0.0,3.4e-6,true
tie_three_ua10_energy_economic_gurobi,r8-energy-bfff1dbe-659a-4bb0-920f-ea40ebebf7d7,validation/evaluation/witness_checks/6/shared/rows/17,R7-B1-bounds,0.0,1.0e-6,true
tie_three_ua10_energy_economic_gurobi,r8-energy-bfff1dbe-659a-4bb0-920f-ea40ebebf7d7,validation/evaluation/witness_checks/6/shared/rows/18,R7-B1-integer,0.0,1.0e-6,true
tie_three_ua10_energy_economic_gurobi,r8-energy-bfff1dbe-659a-4bb0-920f-ea40ebebf7d7,validation/evaluation/witness_checks/6/shared/rows/19,R7-B1-inactive,0.0,1.0e-6,true
tie_three_ua10_energy_economic_gurobi,r8-energy-bfff1dbe-659a-4bb0-920f-ea40ebebf7d7,validation/evaluation/witness_checks/6/shared/rows/20,R7-B1-bounds,0.0,1.0e-6,true
tie_three_ua10_energy_economic_gurobi,r8-energy-bfff1dbe-659a-4bb0-920f-ea40ebebf7d7,validation/evaluation/witness_checks/6/shared/rows/21,R7-B1-integer,0.0,1.0e-6,true
tie_three_ua10_energy_economic_gurobi,r8-energy-bfff1dbe-659a-4bb0-920f-ea40ebebf7d7,validation/evaluation/witness_checks/6/shared/rows/22,R7-B1-inactive,0.0,1.0e-6,true
tie_three_ua10_energy_economic_gurobi,r8-energy-bfff1dbe-659a-4bb0-920f-ea40ebebf7d7,validation/evaluation/witness_checks/6/shared/rows/23,R7-B1-bounds,0.0,1.0e-6,true
tie_three_ua10_energy_economic_gurobi,r8-energy-bfff1dbe-659a-4bb0-920f-ea40ebebf7d7,validation/evaluation/witness_checks/6/shared/rows/24,R7-B1-integer,0.0,1.0e-6,true
tie_three_ua10_energy_economic_gurobi,r8-energy-bfff1dbe-659a-4bb0-920f-ea40ebebf7d7,validation/evaluation/witness_checks/6/shared/rows/25,R7-B1-inactive,0.0,1.0e-6,true
tie_three_ua10_energy_economic_gurobi,r8-energy-bfff1dbe-659a-4bb0-920f-ea40ebebf7d7,validation/evaluation/witness_checks/6/shared/rows/26,R7-B1-bounds,0.0,1.0e-6,true
tie_three_ua10_energy_economic_gurobi,r8-energy-bfff1dbe-659a-4bb0-920f-ea40ebebf7d7,validation/evaluation/witness_checks/6/shared/rows/27,R7-B1-integer,0.0,1.0e-6,true
tie_three_ua10_energy_economic_gurobi,r8-energy-bfff1dbe-659a-4bb0-920f-ea40ebebf7d7,validation/evaluation/witness_checks/6/shared/rows/28,R7-B1-inactive,0.0,1.0e-6,true
tie_three_ua10_energy_economic_gurobi,r8-energy-bfff1dbe-659a-4bb0-920f-ea40ebebf7d7,validation/evaluation/witness_checks/6/shared/rows/29,binary-z,0.0,1.0e-6,true
tie_three_ua10_energy_economic_gurobi,r8-energy-bfff1dbe-659a-4bb0-920f-ea40ebebf7d7,validation/evaluation/witness_checks/6/shared/rows/30,integer-z,0.0,1.0e-6,true
tie_three_ua10_energy_economic_gurobi,r8-energy-bfff1dbe-659a-4bb0-920f-ea40ebebf7d7,validation/evaluation/witness_checks/6/shared/rows/31,binary-z,0.0,1.0e-6,true
tie_three_ua10_energy_economic_gurobi,r8-energy-bfff1dbe-659a-4bb0-920f-ea40ebebf7d7,validation/evaluation/witness_checks/6/shared/rows/32,integer-z,0.0,1.0e-6,true
tie_three_ua10_energy_economic_gurobi,r8-energy-bfff1dbe-659a-4bb0-920f-ea40ebebf7d7,validation/evaluation/witness_checks/6/shared/rows/33,binary-z,0.0,1.0e-6,true
tie_three_ua10_energy_economic_gurobi,r8-energy-bfff1dbe-659a-4bb0-920f-ea40ebebf7d7,validation/evaluation/witness_checks/6/shared/rows/34,integer-z,0.0,1.0e-6,true
tie_three_ua10_energy_economic_gurobi,r8-energy-bfff1dbe-659a-4bb0-920f-ea40ebebf7d7,validation/evaluation/witness_checks/6/shared/rows/35,binary-beta,0.0,1.0e-6,true
tie_three_ua10_energy_economic_gurobi,r8-energy-bfff1dbe-659a-4bb0-920f-ea40ebebf7d7,validation/evaluation/witness_checks/6/shared/rows/36,integer-beta,0.0,1.0e-6,true
tie_three_ua10_energy_economic_gurobi,r8-energy-bfff1dbe-659a-4bb0-920f-ea40ebebf7d7,validation/evaluation/witness_checks/6/shared/rows/37,binary-beta,0.0,1.0e-6,true
tie_three_ua10_energy_economic_gurobi,r8-energy-bfff1dbe-659a-4bb0-920f-ea40ebebf7d7,validation/evaluation/witness_checks/6/shared/rows/38,integer-beta,0.0,1.0e-6,true
tie_three_ua10_energy_economic_gurobi,r8-energy-bfff1dbe-659a-4bb0-920f-ea40ebebf7d7,validation/evaluation/witness_checks/6/shared/rows/39,binary-beta,0.0,1.0e-6,true
tie_three_ua10_energy_economic_gurobi,r8-energy-bfff1dbe-659a-4bb0-920f-ea40ebebf7d7,validation/evaluation/witness_checks/6/shared/rows/40,integer-beta,0.0,1.0e-6,true
tie_three_ua10_energy_economic_gurobi,r8-energy-bfff1dbe-659a-4bb0-920f-ea40ebebf7d7,validation/evaluation/witness_checks/6/shared/rows/41,binary-a_on,0.0,1.0e-6,true
tie_three_ua10_energy_economic_gurobi,r8-energy-bfff1dbe-659a-4bb0-920f-ea40ebebf7d7,validation/evaluation/witness_checks/6/shared/rows/42,integer-a_on,0.0,1.0e-6,true
tie_three_ua10_energy_economic_gurobi,r8-energy-bfff1dbe-659a-4bb0-920f-ea40ebebf7d7,validation/evaluation/witness_checks/6/shared/rows/43,binary-a_on,0.0,1.0e-6,true
tie_three_ua10_energy_economic_gurobi,r8-energy-bfff1dbe-659a-4bb0-920f-ea40ebebf7d7,validation/evaluation/witness_checks/6/shared/rows/44,integer-a_on,0.0,1.0e-6,true
tie_three_ua10_energy_economic_gurobi,r8-energy-bfff1dbe-659a-4bb0-920f-ea40ebebf7d7,validation/evaluation/witness_checks/6/shared/rows/45,binary-a_on,0.0,1.0e-6,true
tie_three_ua10_energy_economic_gurobi,r8-energy-bfff1dbe-659a-4bb0-920f-ea40ebebf7d7,validation/evaluation/witness_checks/6/shared/rows/46,integer-a_on,0.0,1.0e-6,true
tie_three_ua10_energy_economic_gurobi,r8-energy-bfff1dbe-659a-4bb0-920f-ea40ebebf7d7,validation/evaluation/witness_checks/6/shared/rows/47,binary-a_off,0.0,1.0e-6,true
tie_three_ua10_energy_economic_gurobi,r8-energy-bfff1dbe-659a-4bb0-920f-ea40ebebf7d7,validation/evaluation/witness_checks/6/shared/rows/48,integer-a_off,0.0,1.0e-6,true
tie_three_ua10_energy_economic_gurobi,r8-energy-bfff1dbe-659a-4bb0-920f-ea40ebebf7d7,validation/evaluation/witness_checks/6/shared/rows/49,binary-a_off,0.0,1.0e-6,true
tie_three_ua10_energy_economic_gurobi,r8-energy-bfff1dbe-659a-4bb0-920f-ea40ebebf7d7,validation/evaluation/witness_checks/6/shared/rows/50,integer-a_off,0.0,1.0e-6,true
tie_three_ua10_energy_economic_gurobi,r8-energy-bfff1dbe-659a-4bb0-920f-ea40ebebf7d7,validation/evaluation/witness_checks/6/shared/rows/51,binary-a_off,0.0,1.0e-6,true
tie_three_ua10_energy_economic_gurobi,r8-energy-bfff1dbe-659a-4bb0-920f-ea40ebebf7d7,validation/evaluation/witness_checks/6/shared/rows/52,integer-a_off,0.0,1.0e-6,true
tie_three_ua10_energy_economic_gurobi,r8-energy-bfff1dbe-659a-4bb0-920f-ea40ebebf7d7,validation/evaluation/witness_checks/6/shared/rows/53,R7-R1,0.0,1.0e-6,true
tie_three_ua10_energy_economic_gurobi,r8-energy-bfff1dbe-659a-4bb0-920f-ea40ebebf7d7,validation/evaluation/witness_checks/6/shared/rows/54,on-action,0.0,1.0e-6,true
tie_three_ua10_energy_economic_gurobi,r8-energy-bfff1dbe-659a-4bb0-920f-ea40ebebf7d7,validation/evaluation/witness_checks/6/shared/rows/55,off-action,0.0,1.0e-6,true
tie_three_ua10_energy_economic_gurobi,r8-energy-bfff1dbe-659a-4bb0-920f-ea40ebebf7d7,validation/evaluation/witness_checks/6/shared/rows/56,virtual-arc,0.0,1.0e-6,true
tie_three_ua10_energy_economic_gurobi,r8-energy-bfff1dbe-659a-4bb0-920f-ea40ebebf7d7,validation/evaluation/witness_checks/6/shared/rows/57,R7-R1,0.0,1.0e-6,true
tie_three_ua10_energy_economic_gurobi,r8-energy-bfff1dbe-659a-4bb0-920f-ea40ebebf7d7,validation/evaluation/witness_checks/6/shared/rows/58,on-action,0.0,1.0e-6,true
tie_three_ua10_energy_economic_gurobi,r8-energy-bfff1dbe-659a-4bb0-920f-ea40ebebf7d7,validation/evaluation/witness_checks/6/shared/rows/59,off-action,0.0,1.0e-6,true
tie_three_ua10_energy_economic_gurobi,r8-energy-bfff1dbe-659a-4bb0-920f-ea40ebebf7d7,validation/evaluation/witness_checks/6/shared/rows/60,virtual-arc,0.0,1.0e-6,true
tie_three_ua10_energy_economic_gurobi,r8-energy-bfff1dbe-659a-4bb0-920f-ea40ebebf7d7,validation/evaluation/witness_checks/6/shared/rows/61,R7-R1,0.0,1.0e-6,true
tie_three_ua10_energy_economic_gurobi,r8-energy-bfff1dbe-659a-4bb0-920f-ea40ebebf7d7,validation/evaluation/witness_checks/6/shared/rows/62,on-action,0.0,1.0e-6,true
tie_three_ua10_energy_economic_gurobi,r8-energy-bfff1dbe-659a-4bb0-920f-ea40ebebf7d7,validation/evaluation/witness_checks/6/shared/rows/63,off-action,0.0,1.0e-6,true
tie_three_ua10_energy_economic_gurobi,r8-energy-bfff1dbe-659a-4bb0-920f-ea40ebebf7d7,validation/evaluation/witness_checks/6/shared/rows/64,virtual-arc,0.0,1.0e-6,true
tie_three_ua10_energy_economic_gurobi,r8-energy-bfff1dbe-659a-4bb0-920f-ea40ebebf7d7,validation/evaluation/witness_checks/6/shared/rows/65,6-63,0.0,1.0e-6,true
tie_three_ua10_energy_economic_gurobi,r8-energy-bfff1dbe-659a-4bb0-920f-ea40ebebf7d7,validation/evaluation/witness_checks/6/shared/rows/66,forest-edges,0.0,1.0e-6,true
tie_three_ua10_energy_economic_gurobi,r8-energy-bfff1dbe-659a-4bb0-920f-ea40ebebf7d7,validation/evaluation/witness_checks/6/shared/rows/67,forest-independent,0.0,1.0e-6,true
tie_three_ua10_energy_economic_gurobi,r8-energy-bfff1dbe-659a-4bb0-920f-ea40ebebf7d7,validation/evaluation/witness_checks/6/shared/rows/68,one-root-per-component,0.0,1.0e-6,true
tie_three_ua10_energy_economic_gurobi,r8-energy-bfff1dbe-659a-4bb0-920f-ea40ebebf7d7,validation/evaluation/witness_checks/6/shared/rows/69,root-eligible,0.0,1.0e-6,true
tie_three_ua10_energy_economic_gurobi,r8-energy-bfff1dbe-659a-4bb0-920f-ea40ebebf7d7,validation/evaluation/witness_checks/6/shared/rows/70,root-supply,0.0,1.0e-6,true
tie_three_ua10_energy_economic_gurobi,r8-energy-bfff1dbe-659a-4bb0-920f-ea40ebebf7d7,validation/evaluation/witness_checks/6/shared/rows/71,virtual-node,0.0,1.0e-6,true
tie_three_ua10_energy_economic_gurobi,r8-energy-bfff1dbe-659a-4bb0-920f-ea40ebebf7d7,validation/evaluation/witness_checks/6/shared/rows/72,root-eligible,0.0,1.0e-6,true
tie_three_ua10_energy_economic_gurobi,r8-energy-bfff1dbe-659a-4bb0-920f-ea40ebebf7d7,validation/evaluation/witness_checks/6/shared/rows/73,root-supply,0.0,1.0e-6,true
tie_three_ua10_energy_economic_gurobi,r8-energy-bfff1dbe-659a-4bb0-920f-ea40ebebf7d7,validation/evaluation/witness_checks/6/shared/rows/74,virtual-node,0.0,1.0e-6,true
tie_three_ua10_energy_economic_gurobi,r8-energy-bfff1dbe-659a-4bb0-920f-ea40ebebf7d7,validation/evaluation/witness_checks/6/shared/rows/75,root-eligible,0.0,1.0e-6,true
tie_three_ua10_energy_economic_gurobi,r8-energy-bfff1dbe-659a-4bb0-920f-ea40ebebf7d7,validation/evaluation/witness_checks/6/shared/rows/76,root-supply,0.0,1.0e-6,true
tie_three_ua10_energy_economic_gurobi,r8-energy-bfff1dbe-659a-4bb0-920f-ea40ebebf7d7,validation/evaluation/witness_checks/6/shared/rows/77,virtual-node,0.0,1.0e-6,true
tie_three_ua10_energy_economic_gurobi,r8-energy-bfff1dbe-659a-4bb0-920f-ea40ebebf7d7,validation/evaluation/witness_checks/6/shared/rows/78,6-8/56/60,0.0,3.4e-6,true
tie_three_ua10_energy_economic_gurobi,r8-energy-bfff1dbe-659a-4bb0-920f-ea40ebebf7d7,validation/evaluation/witness_checks/6/shared/rows/79,6-3/9,0.0,3.4e-6,true
tie_three_ua10_energy_economic_gurobi,r8-energy-bfff1dbe-659a-4bb0-920f-ea40ebebf7d7,validation/evaluation/witness_checks/6/shared/rows/80,6-11,0.0,3.4e-6,true
tie_three_ua10_energy_economic_gurobi,r8-energy-bfff1dbe-659a-4bb0-920f-ea40ebebf7d7,validation/evaluation/witness_checks/6/shared/rows/81,6-4/57,0.0,3.4e-6,true
tie_three_ua10_energy_economic_gurobi,r8-energy-bfff1dbe-659a-4bb0-920f-ea40ebebf7d7,validation/evaluation/witness_checks/6/shared/rows/82,6-5/58,0.0,3.4e-6,true
tie_three_ua10_energy_economic_gurobi,r8-energy-bfff1dbe-659a-4bb0-920f-ea40ebebf7d7,validation/evaluation/witness_checks/6/shared/rows/83,inactive-charge,0.0,3.4e-6,true
tie_three_ua10_energy_economic_gurobi,r8-energy-bfff1dbe-659a-4bb0-920f-ea40ebebf7d7,validation/evaluation/witness_checks/6/shared/rows/84,inactive-discharge,0.0,3.4e-6,true
tie_three_ua10_energy_economic_gurobi,r8-energy-bfff1dbe-659a-4bb0-920f-ea40ebebf7d7,validation/evaluation/witness_checks/6/shared/rows/85,6-8/56/60,0.0,3.4e-6,true
tie_three_ua10_energy_economic_gurobi,r8-energy-bfff1dbe-659a-4bb0-920f-ea40ebebf7d7,validation/evaluation/witness_checks/6/shared/rows/86,6-3/9,0.0,3.4e-6,true
tie_three_ua10_energy_economic_gurobi,r8-energy-bfff1dbe-659a-4bb0-920f-ea40ebebf7d7,validation/evaluation/witness_checks/6/shared/rows/87,6-11,0.0,3.4e-6,true
tie_three_ua10_energy_economic_gurobi,r8-energy-bfff1dbe-659a-4bb0-920f-ea40ebebf7d7,validation/evaluation/witness_checks/6/shared/rows/88,6-4/57,0.0,3.4e-6,true
tie_three_ua10_energy_economic_gurobi,r8-energy-bfff1dbe-659a-4bb0-920f-ea40ebebf7d7,validation/evaluation/witness_checks/6/shared/rows/89,6-5/58,0.0,3.4e-6,true
tie_three_ua10_energy_economic_gurobi,r8-energy-bfff1dbe-659a-4bb0-920f-ea40ebebf7d7,validation/evaluation/witness_checks/6/shared/rows/90,inactive-charge,0.0,3.4e-6,true
tie_three_ua10_energy_economic_gurobi,r8-energy-bfff1dbe-659a-4bb0-920f-ea40ebebf7d7,validation/evaluation/witness_checks/6/shared/rows/91,inactive-discharge,0.0,3.4e-6,true
tie_three_ua10_energy_economic_gurobi,r8-energy-bfff1dbe-659a-4bb0-920f-ea40ebebf7d7,validation/evaluation/witness_checks/6/shared/rows/92,6-8/56/60,0.0,3.4e-6,true
tie_three_ua10_energy_economic_gurobi,r8-energy-bfff1dbe-659a-4bb0-920f-ea40ebebf7d7,validation/evaluation/witness_checks/6/shared/rows/93,6-3/9,0.0,3.4e-6,true
tie_three_ua10_energy_economic_gurobi,r8-energy-bfff1dbe-659a-4bb0-920f-ea40ebebf7d7,validation/evaluation/witness_checks/6/shared/rows/94,6-11,0.0,3.4e-6,true
tie_three_ua10_energy_economic_gurobi,r8-energy-bfff1dbe-659a-4bb0-920f-ea40ebebf7d7,validation/evaluation/witness_checks/6/shared/rows/95,battery-charge,0.0,3.4e-6,true
tie_three_ua10_energy_economic_gurobi,r8-energy-bfff1dbe-659a-4bb0-920f-ea40ebebf7d7,validation/evaluation/witness_checks/6/shared/rows/96,battery-discharge,0.0,3.4e-6,true
tie_three_ua10_energy_economic_gurobi,r8-energy-bfff1dbe-659a-4bb0-920f-ea40ebebf7d7,validation/evaluation/witness_checks/6/shared/rows/97,6-12,0.0,3.4e-6,true
tie_three_ua10_energy_economic_gurobi,r8-energy-bfff1dbe-659a-4bb0-920f-ea40ebebf7d7,validation/evaluation/witness_checks/6/shared/rows/98,6-14,0.0,2.0e-6,true
tie_three_ua10_energy_economic_gurobi,r8-energy-bfff1dbe-659a-4bb0-920f-ea40ebebf7d7,validation/evaluation/witness_checks/6/shared/rows/99,6-8/56/60,0.0,3.4e-6,true
tie_three_ua10_energy_economic_gurobi,r8-energy-bfff1dbe-659a-4bb0-920f-ea40ebebf7d7,validation/evaluation/witness_checks/6/shared/rows/100,6-3/9,0.0,3.4e-6,true
tie_three_ua10_energy_economic_gurobi,r8-energy-bfff1dbe-659a-4bb0-920f-ea40ebebf7d7,validation/evaluation/witness_checks/6/shared/rows/101,6-11,0.0,3.4e-6,true
tie_three_ua10_energy_economic_gurobi,r8-energy-bfff1dbe-659a-4bb0-920f-ea40ebebf7d7,validation/evaluation/witness_checks/6/shared/rows/102,battery-charge,0.0,3.4e-6,true
tie_three_ua10_energy_economic_gurobi,r8-energy-bfff1dbe-659a-4bb0-920f-ea40ebebf7d7,validation/evaluation/witness_checks/6/shared/rows/103,battery-discharge,0.0,3.4e-6,true
tie_three_ua10_energy_economic_gurobi,r8-energy-bfff1dbe-659a-4bb0-920f-ea40ebebf7d7,validation/evaluation/witness_checks/6/shared/rows/104,6-12,0.0,3.4e-6,true
tie_three_ua10_energy_economic_gurobi,r8-energy-bfff1dbe-659a-4bb0-920f-ea40ebebf7d7,validation/evaluation/witness_checks/6/shared/rows/105,6-14,0.0,2.0e-6,true
tie_three_ua10_energy_economic_gurobi,r8-energy-bfff1dbe-659a-4bb0-920f-ea40ebebf7d7,validation/evaluation/witness_checks/6/shared/rows/106,6-8/56/60,0.0,3.4e-6,true
tie_three_ua10_energy_economic_gurobi,r8-energy-bfff1dbe-659a-4bb0-920f-ea40ebebf7d7,validation/evaluation/witness_checks/6/shared/rows/107,6-3/9,0.0,3.4e-6,true
tie_three_ua10_energy_economic_gurobi,r8-energy-bfff1dbe-659a-4bb0-920f-ea40ebebf7d7,validation/evaluation/witness_checks/6/shared/rows/108,6-11,0.0,3.4e-6,true
tie_three_ua10_energy_economic_gurobi,r8-energy-bfff1dbe-659a-4bb0-920f-ea40ebebf7d7,validation/evaluation/witness_checks/6/shared/rows/109,inactive-charge,0.0,3.4e-6,true
tie_three_ua10_energy_economic_gurobi,r8-energy-bfff1dbe-659a-4bb0-920f-ea40ebebf7d7,validation/evaluation/witness_checks/6/shared/rows/110,inactive-discharge,0.0,3.4e-6,true
tie_three_ua10_energy_economic_gurobi,r8-energy-bfff1dbe-659a-4bb0-920f-ea40ebebf7d7,validation/evaluation/witness_checks/6/shared/rows/111,6-8/56/60,0.0,3.4e-6,true
tie_three_ua10_energy_economic_gurobi,r8-energy-bfff1dbe-659a-4bb0-920f-ea40ebebf7d7,validation/evaluation/witness_checks/6/shared/rows/112,6-3/9,0.0,3.4e-6,true
tie_three_ua10_energy_economic_gurobi,r8-energy-bfff1dbe-659a-4bb0-920f-ea40ebebf7d7,validation/evaluation/witness_checks/6/shared/rows/113,6-11,0.0,3.4e-6,true
tie_three_ua10_energy_economic_gurobi,r8-energy-bfff1dbe-659a-4bb0-920f-ea40ebebf7d7,validation/evaluation/witness_checks/6/shared/rows/114,inactive-charge,0.0,3.4e-6,true
tie_three_ua10_energy_economic_gurobi,r8-energy-bfff1dbe-659a-4bb0-920f-ea40ebebf7d7,validation/evaluation/witness_checks/6/shared/rows/115,inactive-discharge,0.0,3.4e-6,true
tie_three_ua10_energy_economic_gurobi,r8-energy-bfff1dbe-659a-4bb0-920f-ea40ebebf7d7,validation/evaluation/witness_checks/6/shared/rows/116,6-8/56/60,0.0,3.4e-6,true
tie_three_ua10_energy_economic_gurobi,r8-energy-bfff1dbe-659a-4bb0-920f-ea40ebebf7d7,validation/evaluation/witness_checks/6/shared/rows/117,6-3/9,0.0,3.4e-6,true
tie_three_ua10_energy_economic_gurobi,r8-energy-bfff1dbe-659a-4bb0-920f-ea40ebebf7d7,validation/evaluation/witness_checks/6/shared/rows/118,6-11,0.0,3.4e-6,true
tie_three_ua10_energy_economic_gurobi,r8-energy-bfff1dbe-659a-4bb0-920f-ea40ebebf7d7,validation/evaluation/witness_checks/6/shared/rows/119,inactive-charge,0.0,3.4e-6,true
tie_three_ua10_energy_economic_gurobi,r8-energy-bfff1dbe-659a-4bb0-920f-ea40ebebf7d7,validation/evaluation/witness_checks/6/shared/rows/120,inactive-discharge,0.0,3.4e-6,true
tie_three_ua10_energy_economic_gurobi,r8-energy-bfff1dbe-659a-4bb0-920f-ea40ebebf7d7,validation/evaluation/witness_checks/6/shared/rows/121,6-8/56/60,0.0,3.4e-6,true
tie_three_ua10_energy_economic_gurobi,r8-energy-bfff1dbe-659a-4bb0-920f-ea40ebebf7d7,validation/evaluation/witness_checks/6/shared/rows/122,6-3/9,0.0,3.4e-6,true
tie_three_ua10_energy_economic_gurobi,r8-energy-bfff1dbe-659a-4bb0-920f-ea40ebebf7d7,validation/evaluation/witness_checks/6/shared/rows/123,6-11,0.0,3.4e-6,true
tie_three_ua10_energy_economic_gurobi,r8-energy-bfff1dbe-659a-4bb0-920f-ea40ebebf7d7,validation/evaluation/witness_checks/6/shared/rows/124,inactive-charge,0.0,3.4e-6,true
tie_three_ua10_energy_economic_gurobi,r8-energy-bfff1dbe-659a-4bb0-920f-ea40ebebf7d7,validation/evaluation/witness_checks/6/shared/rows/125,inactive-discharge,0.0,3.4e-6,true
tie_three_ua10_energy_economic_gurobi,r8-energy-bfff1dbe-659a-4bb0-920f-ea40ebebf7d7,validation/evaluation/witness_checks/6/shared/rows/126,inactive-energy,0.0,2.0e-6,true
tie_three_ua10_energy_economic_gurobi,r8-energy-bfff1dbe-659a-4bb0-920f-ea40ebebf7d7,validation/evaluation/witness_checks/6/shared/rows/127,inactive-energy,0.0,2.0e-6,true
tie_three_ua10_energy_economic_gurobi,r8-energy-bfff1dbe-659a-4bb0-920f-ea40ebebf7d7,validation/evaluation/witness_checks/6/shared/rows/128,inactive-energy,0.0,2.0e-6,true
tie_three_ua10_energy_economic_gurobi,r8-energy-bfff1dbe-659a-4bb0-920f-ea40ebebf7d7,validation/evaluation/witness_checks/6/shared/rows/129,inactive-energy,0.0,2.0e-6,true
tie_three_ua10_energy_economic_gurobi,r8-energy-bfff1dbe-659a-4bb0-920f-ea40ebebf7d7,validation/evaluation/witness_checks/6/shared/rows/130,6-13,0.0,2.0e-6,true
tie_three_ua10_energy_economic_gurobi,r8-energy-bfff1dbe-659a-4bb0-920f-ea40ebebf7d7,validation/evaluation/witness_checks/6/shared/rows/131,6-61,0.0,2.0e-6,true
tie_three_ua10_energy_economic_gurobi,r8-energy-bfff1dbe-659a-4bb0-920f-ea40ebebf7d7,validation/evaluation/witness_checks/6/shared/rows/132,6-13,0.0,2.0e-6,true
tie_three_ua10_energy_economic_gurobi,r8-energy-bfff1dbe-659a-4bb0-920f-ea40ebebf7d7,validation/evaluation/witness_checks/6/shared/rows/133,6-61,0.0,2.0e-6,true
tie_three_ua10_energy_economic_gurobi,r8-energy-bfff1dbe-659a-4bb0-920f-ea40ebebf7d7,validation/evaluation/witness_checks/6/shared/rows/134,6-13,0.0,2.0e-6,true
tie_three_ua10_energy_economic_gurobi,r8-energy-bfff1dbe-659a-4bb0-920f-ea40ebebf7d7,validation/evaluation/witness_checks/6/shared/rows/135,6-13,0.0,2.0e-6,true
tie_three_ua10_energy_economic_gurobi,r8-energy-bfff1dbe-659a-4bb0-920f-ea40ebebf7d7,validation/evaluation/witness_checks/6/shared/rows/136,inactive-energy,0.0,2.0e-6,true
tie_three_ua10_energy_economic_gurobi,r8-energy-bfff1dbe-659a-4bb0-920f-ea40ebebf7d7,validation/evaluation/witness_checks/6/shared/rows/137,inactive-energy,0.0,2.0e-6,true
tie_three_ua10_energy_economic_gurobi,r8-energy-bfff1dbe-659a-4bb0-920f-ea40ebebf7d7,validation/evaluation/witness_checks/6/shared/rows/138,inactive-energy,0.0,2.0e-6,true
tie_three_ua10_energy_economic_gurobi,r8-energy-bfff1dbe-659a-4bb0-920f-ea40ebebf7d7,validation/evaluation/witness_checks/6/shared/rows/139,inactive-energy,0.0,2.0e-6,true
tie_three_ua10_energy_economic_gurobi,r8-energy-bfff1dbe-659a-4bb0-920f-ea40ebebf7d7,validation/evaluation/witness_checks/6/shared/rows/140,inactive-energy,0.0,2.0e-6,true
tie_three_ua10_energy_economic_gurobi,r8-energy-bfff1dbe-659a-4bb0-920f-ea40ebebf7d7,validation/evaluation/witness_checks/6/shared/rows/141,inactive-energy,0.0,2.0e-6,true
tie_three_ua10_energy_economic_gurobi,r8-energy-bfff1dbe-659a-4bb0-920f-ea40ebebf7d7,validation/evaluation/witness_checks/6/shared/rows/142,inactive-energy,0.0,2.0e-6,true
tie_three_ua10_energy_economic_gurobi,r8-energy-bfff1dbe-659a-4bb0-920f-ea40ebebf7d7,validation/evaluation/witness_checks/6/shared/rows/143,inactive-energy,0.0,2.0e-6,true
tie_three_ua10_energy_economic_gurobi,r8-energy-bfff1dbe-659a-4bb0-920f-ea40ebebf7d7,validation/evaluation/witness_checks/6/shared/rows/144,6-51-P,0.0,3.4e-6,true
tie_three_ua10_energy_economic_gurobi,r8-energy-bfff1dbe-659a-4bb0-920f-ea40ebebf7d7,validation/evaluation/witness_checks/6/shared/rows/145,6-51-Q,0.0,3.4e-6,true
tie_three_ua10_energy_economic_gurobi,r8-energy-bfff1dbe-659a-4bb0-920f-ea40ebebf7d7,validation/evaluation/witness_checks/6/shared/rows/146,6-24:25-P_line,0.0,3.4e-6,true
tie_three_ua10_energy_economic_gurobi,r8-energy-bfff1dbe-659a-4bb0-920f-ea40ebebf7d7,validation/evaluation/witness_checks/6/shared/rows/147,6-24:25-Q_line,0.0,3.4e-6,true
tie_three_ua10_energy_economic_gurobi,r8-energy-bfff1dbe-659a-4bb0-920f-ea40ebebf7d7,validation/evaluation/witness_checks/6/shared/rows/148,R7-R3,0.0,1.0e-6,true
tie_three_ua10_energy_economic_gurobi,r8-energy-bfff1dbe-659a-4bb0-920f-ea40ebebf7d7,validation/evaluation/witness_checks/6/shared/rows/149,6-24:25-P_line,0.0,3.4e-6,true
tie_three_ua10_energy_economic_gurobi,r8-energy-bfff1dbe-659a-4bb0-920f-ea40ebebf7d7,validation/evaluation/witness_checks/6/shared/rows/150,6-24:25-Q_line,0.0,3.4e-6,true
tie_three_ua10_energy_economic_gurobi,r8-energy-bfff1dbe-659a-4bb0-920f-ea40ebebf7d7,validation/evaluation/witness_checks/6/shared/rows/151,R7-R3,0.0,1.0e-6,true
tie_three_ua10_energy_economic_gurobi,r8-energy-bfff1dbe-659a-4bb0-920f-ea40ebebf7d7,validation/evaluation/witness_checks/6/shared/rows/152,6-24:25-P_line,0.0,3.4e-6,true
tie_three_ua10_energy_economic_gurobi,r8-energy-bfff1dbe-659a-4bb0-920f-ea40ebebf7d7,validation/evaluation/witness_checks/6/shared/rows/153,6-24:25-Q_line,0.0,3.4e-6,true
tie_three_ua10_energy_economic_gurobi,r8-energy-bfff1dbe-659a-4bb0-920f-ea40ebebf7d7,validation/evaluation/witness_checks/6/shared/rows/154,R7-R3,1.734723475976807e-18,1.0e-6,true
tie_three_ua10_energy_economic_gurobi,r8-energy-bfff1dbe-659a-4bb0-920f-ea40ebebf7d7,validation/evaluation/witness_checks/6/shared/rows/155,6-22,0.0,1.0e-6,true
tie_three_ua10_energy_economic_gurobi,r8-energy-bfff1dbe-659a-4bb0-920f-ea40ebebf7d7,validation/evaluation/witness_checks/6/shared/rows/156,6-54,0.0,3.4e-6,true
tie_three_ua10_energy_economic_gurobi,r8-energy-bfff1dbe-659a-4bb0-920f-ea40ebebf7d7,validation/evaluation/witness_checks/6/shared/rows/157,6-19,0.0,3.4e-6,true
tie_three_ua10_energy_economic_gurobi,r8-energy-bfff1dbe-659a-4bb0-920f-ea40ebebf7d7,validation/evaluation/witness_checks/6/shared/rows/158,6-20,0.0,3.4e-6,true
tie_three_ua10_energy_economic_gurobi,r8-energy-bfff1dbe-659a-4bb0-920f-ea40ebebf7d7,validation/evaluation/witness_checks/6/shared/rows/159,6-22,0.0,1.0e-6,true
tie_three_ua10_energy_economic_gurobi,r8-energy-bfff1dbe-659a-4bb0-920f-ea40ebebf7d7,validation/evaluation/witness_checks/6/shared/rows/160,6-54,0.0,3.4e-6,true
tie_three_ua10_energy_economic_gurobi,r8-energy-bfff1dbe-659a-4bb0-920f-ea40ebebf7d7,validation/evaluation/witness_checks/6/shared/rows/161,6-19,0.0,3.4e-6,true
tie_three_ua10_energy_economic_gurobi,r8-energy-bfff1dbe-659a-4bb0-920f-ea40ebebf7d7,validation/evaluation/witness_checks/6/shared/rows/162,6-20,0.0,3.4e-6,true
tie_three_ua10_energy_economic_gurobi,r8-energy-bfff1dbe-659a-4bb0-920f-ea40ebebf7d7,validation/evaluation/witness_checks/6/shared/rows/163,6-22,0.0,1.0e-6,true
tie_three_ua10_energy_economic_gurobi,r8-energy-bfff1dbe-659a-4bb0-920f-ea40ebebf7d7,validation/evaluation/witness_checks/6/shared/rows/164,6-54,0.0,3.4e-6,true
tie_three_ua10_energy_economic_gurobi,r8-energy-bfff1dbe-659a-4bb0-920f-ea40ebebf7d7,validation/evaluation/witness_checks/6/shared/rows/165,6-19,0.0,3.4e-6,true
tie_three_ua10_energy_economic_gurobi,r8-energy-bfff1dbe-659a-4bb0-920f-ea40ebebf7d7,validation/evaluation/witness_checks/6/shared/rows/166,6-20,0.0,3.4e-6,true
tie_three_ua10_energy_economic_gurobi,r8-energy-bfff1dbe-659a-4bb0-920f-ea40ebebf7d7,validation/evaluation/witness_checks/6/shared/rows/167,6-51-P,0.0,3.4e-6,true
tie_three_ua10_energy_economic_gurobi,r8-energy-bfff1dbe-659a-4bb0-920f-ea40ebebf7d7,validation/evaluation/witness_checks/6/shared/rows/168,6-51-Q,0.0,3.4e-6,true
tie_three_ua10_energy_economic_gurobi,r8-energy-bfff1dbe-659a-4bb0-920f-ea40ebebf7d7,validation/evaluation/witness_checks/6/shared/rows/169,6-24:25-P_line,0.0,3.4e-6,true
tie_three_ua10_energy_economic_gurobi,r8-energy-bfff1dbe-659a-4bb0-920f-ea40ebebf7d7,validation/evaluation/witness_checks/6/shared/rows/170,6-24:25-Q_line,0.0,3.4e-6,true
tie_three_ua10_energy_economic_gurobi,r8-energy-bfff1dbe-659a-4bb0-920f-ea40ebebf7d7,validation/evaluation/witness_checks/6/shared/rows/171,R7-R3,0.0,1.0e-6,true
tie_three_ua10_energy_economic_gurobi,r8-energy-bfff1dbe-659a-4bb0-920f-ea40ebebf7d7,validation/evaluation/witness_checks/6/shared/rows/172,6-24:25-P_line,0.0,3.4e-6,true
tie_three_ua10_energy_economic_gurobi,r8-energy-bfff1dbe-659a-4bb0-920f-ea40ebebf7d7,validation/evaluation/witness_checks/6/shared/rows/173,6-24:25-Q_line,0.0,3.4e-6,true
tie_three_ua10_energy_economic_gurobi,r8-energy-bfff1dbe-659a-4bb0-920f-ea40ebebf7d7,validation/evaluation/witness_checks/6/shared/rows/174,R7-R3,0.0,1.0e-6,true
tie_three_ua10_energy_economic_gurobi,r8-energy-bfff1dbe-659a-4bb0-920f-ea40ebebf7d7,validation/evaluation/witness_checks/6/shared/rows/175,6-24:25-P_line,0.0,3.4e-6,true
tie_three_ua10_energy_economic_gurobi,r8-energy-bfff1dbe-659a-4bb0-920f-ea40ebebf7d7,validation/evaluation/witness_checks/6/shared/rows/176,6-24:25-Q_line,0.0,3.4e-6,true
tie_three_ua10_energy_economic_gurobi,r8-energy-bfff1dbe-659a-4bb0-920f-ea40ebebf7d7,validation/evaluation/witness_checks/6/shared/rows/177,R7-R3,5.334274688628682e-17,1.0e-6,true
tie_three_ua10_energy_economic_gurobi,r8-energy-bfff1dbe-659a-4bb0-920f-ea40ebebf7d7,validation/evaluation/witness_checks/6/shared/rows/178,6-22,0.0,1.0e-6,true
tie_three_ua10_energy_economic_gurobi,r8-energy-bfff1dbe-659a-4bb0-920f-ea40ebebf7d7,validation/evaluation/witness_checks/6/shared/rows/179,6-54,0.0,3.4e-6,true
tie_three_ua10_energy_economic_gurobi,r8-energy-bfff1dbe-659a-4bb0-920f-ea40ebebf7d7,validation/evaluation/witness_checks/6/shared/rows/180,6-19,0.0,3.4e-6,true
tie_three_ua10_energy_economic_gurobi,r8-energy-bfff1dbe-659a-4bb0-920f-ea40ebebf7d7,validation/evaluation/witness_checks/6/shared/rows/181,6-20,0.0,3.4e-6,true
tie_three_ua10_energy_economic_gurobi,r8-energy-bfff1dbe-659a-4bb0-920f-ea40ebebf7d7,validation/evaluation/witness_checks/6/shared/rows/182,6-22,0.0,1.0e-6,true
tie_three_ua10_energy_economic_gurobi,r8-energy-bfff1dbe-659a-4bb0-920f-ea40ebebf7d7,validation/evaluation/witness_checks/6/shared/rows/183,6-54,0.0,3.4e-6,true
tie_three_ua10_energy_economic_gurobi,r8-energy-bfff1dbe-659a-4bb0-920f-ea40ebebf7d7,validation/evaluation/witness_checks/6/shared/rows/184,6-19,0.0,3.4e-6,true
tie_three_ua10_energy_economic_gurobi,r8-energy-bfff1dbe-659a-4bb0-920f-ea40ebebf7d7,validation/evaluation/witness_checks/6/shared/rows/185,6-20,0.0,3.4e-6,true
tie_three_ua10_energy_economic_gurobi,r8-energy-bfff1dbe-659a-4bb0-920f-ea40ebebf7d7,validation/evaluation/witness_checks/6/shared/rows/186,6-22,0.0,1.0e-6,true
tie_three_ua10_energy_economic_gurobi,r8-energy-bfff1dbe-659a-4bb0-920f-ea40ebebf7d7,validation/evaluation/witness_checks/6/shared/rows/187,6-54,0.0,3.4e-6,true
tie_three_ua10_energy_economic_gurobi,r8-energy-bfff1dbe-659a-4bb0-920f-ea40ebebf7d7,validation/evaluation/witness_checks/6/shared/rows/188,6-19,0.0,3.4e-6,true
tie_three_ua10_energy_economic_gurobi,r8-energy-bfff1dbe-659a-4bb0-920f-ea40ebebf7d7,validation/evaluation/witness_checks/6/shared/rows/189,6-20,0.0,3.4e-6,true
tie_three_ua10_energy_economic_gurobi,r8-energy-bfff1dbe-659a-4bb0-920f-ea40ebebf7d7,validation/evaluation/witness_checks/6/shared/rows/190,6-55,0.0,3.4e-6,true
tie_three_ua10_energy_economic_gurobi,r8-energy-bfff1dbe-659a-4bb0-920f-ea40ebebf7d7,validation/evaluation/witness_checks/6/shared/rows/191,6-55,0.0,3.4e-6,true
tie_three_ua10_energy_economic_gurobi,r8-energy-bfff1dbe-659a-4bb0-920f-ea40ebebf7d7,validation/evaluation/witness_checks/6/shared/rows/192,6-55,0.0,3.4e-6,true
tie_three_ua10_energy_economic_gurobi,r8-energy-bfff1dbe-659a-4bb0-920f-ea40ebebf7d7,validation/evaluation/witness_checks/6/shared/rows/193,6-55,0.0,3.4e-6,true
tie_three_ua10_energy_economic_gurobi,r8-energy-bfff1dbe-659a-4bb0-920f-ea40ebebf7d7,validation/evaluation/witness_checks/6/shared/rows/194,6-53,0.0,1.0e-6,true
tie_three_ua10_energy_economic_gurobi,r8-energy-bfff1dbe-659a-4bb0-920f-ea40ebebf7d7,validation/primary/normal_check/rows/1,R8-E2-capacity,0.0,3.4e-6,true
tie_three_ua10_energy_economic_gurobi,r8-energy-bfff1dbe-659a-4bb0-920f-ea40ebebf7d7,validation/primary/normal_check/rows/2,R8-E2-capacity,0.0,3.4e-6,true
tie_three_ua10_energy_economic_gurobi,r8-energy-bfff1dbe-659a-4bb0-920f-ea40ebebf7d7,validation/primary/normal_check/rows/3,R8-E2-capacity,0.0,3.4e-6,true
tie_three_ua10_energy_economic_gurobi,r8-energy-bfff1dbe-659a-4bb0-920f-ea40ebebf7d7,validation/primary/normal_check/rows/4,R8-E2-capacity,0.0,3.4e-6,true
tie_three_ua10_energy_economic_gurobi,r8-energy-bfff1dbe-659a-4bb0-920f-ea40ebebf7d7,validation/primary/normal_check/rows/5,R8-E2-capacity,0.0,3.4e-6,true
tie_three_ua10_energy_economic_gurobi,r8-energy-bfff1dbe-659a-4bb0-920f-ea40ebebf7d7,validation/primary/normal_check/rows/6,R8-E2-capacity,0.0,3.4e-6,true
tie_three_ua10_energy_economic_gurobi,r8-energy-bfff1dbe-659a-4bb0-920f-ea40ebebf7d7,validation/primary/normal_check/rows/7,R8-E2-capacity,0.0,3.4e-6,true
tie_three_ua10_energy_economic_gurobi,r8-energy-bfff1dbe-659a-4bb0-920f-ea40ebebf7d7,validation/primary/normal_check/rows/8,R8-E2-capacity,0.0,3.4e-6,true
tie_three_ua10_energy_economic_gurobi,r8-energy-bfff1dbe-659a-4bb0-920f-ea40ebebf7d7,validation/primary/normal_check/rows/9,R8-E1-balance,0.0,3.4e-6,true
tie_three_ua10_energy_economic_gurobi,r8-energy-bfff1dbe-659a-4bb0-920f-ea40ebebf7d7,validation/primary/normal_check/rows/10,R8-E1-balance,0.0,3.4e-6,true
tie_three_ua10_energy_economic_gurobi,r8-energy-bfff1dbe-659a-4bb0-920f-ea40ebebf7d7,validation/primary/normal_check/rows/11,R8-E1-balance,0.0,3.4e-6,true
tie_three_ua10_energy_economic_gurobi,r8-energy-bfff1dbe-659a-4bb0-920f-ea40ebebf7d7,validation/primary/normal_check/rows/12,R8-E1-balance,0.0,3.4e-6,true
tie_three_ua10_energy_economic_gurobi,r8-energy-bfff1dbe-659a-4bb0-920f-ea40ebebf7d7,validation/primary/normal_check/rows/13,R8-E1-balance,0.0,3.4e-6,true
tie_three_ua10_energy_economic_gurobi,r8-energy-bfff1dbe-659a-4bb0-920f-ea40ebebf7d7,validation/primary/normal_check/rows/14,R8-E1-balance,0.0,3.4e-6,true
tie_three_ua10_energy_economic_gurobi,r8-energy-bfff1dbe-659a-4bb0-920f-ea40ebebf7d7,validation/primary/normal_check/rows/15,R8-E1-balance,0.0,3.4e-6,true
tie_three_ua10_energy_economic_gurobi,r8-energy-bfff1dbe-659a-4bb0-920f-ea40ebebf7d7,validation/primary/normal_check/rows/16,R8-E1-balance,0.0,3.4e-6,true
tie_three_ua10_energy_economic_gurobi,r8-energy-bfff1dbe-659a-4bb0-920f-ea40ebebf7d7,validation/primary/normal_check/rows/17,R8-E1-balance,0.0,3.4e-6,true
tie_three_ua10_energy_economic_gurobi,r8-energy-bfff1dbe-659a-4bb0-920f-ea40ebebf7d7,validation/primary/normal_check/rows/18,R8-E1-balance,0.0,3.4e-6,true
tie_three_ua10_energy_economic_gurobi,r8-energy-bfff1dbe-659a-4bb0-920f-ea40ebebf7d7,validation/primary/normal_check/rows/19,R8-E1-balance,0.0,3.4e-6,true
tie_three_ua10_energy_economic_gurobi,r8-energy-bfff1dbe-659a-4bb0-920f-ea40ebebf7d7,validation/primary/normal_check/rows/20,R8-E1-balance,0.0,3.4e-6,true
tie_three_ua10_energy_economic_gurobi,r8-energy-bfff1dbe-659a-4bb0-920f-ea40ebebf7d7,validation/primary/normal_check/rows/21,R8-E1-balance,0.0,3.4e-6,true
tie_three_ua10_energy_economic_gurobi,r8-energy-bfff1dbe-659a-4bb0-920f-ea40ebebf7d7,validation/primary/normal_check/rows/22,R8-E1-balance,0.0,3.4e-6,true
tie_three_ua10_energy_economic_gurobi,r8-energy-bfff1dbe-659a-4bb0-920f-ea40ebebf7d7,validation/primary/normal_check/rows/23,R8-E1-balance,0.0,3.4e-6,true
tie_three_ua10_energy_economic_gurobi,r8-energy-bfff1dbe-659a-4bb0-920f-ea40ebebf7d7,validation/primary/normal_check/rows/24,R8-E1-balance,0.0,3.4e-6,true
tie_three_ua10_energy_economic_gurobi,r8-energy-bfff1dbe-659a-4bb0-920f-ea40ebebf7d7,validation/primary/normal_check/shared/rows/1,R7-B1-bounds,0.0,1.0e-6,true
tie_three_ua10_energy_economic_gurobi,r8-energy-bfff1dbe-659a-4bb0-920f-ea40ebebf7d7,validation/primary/normal_check/shared/rows/2,R7-B1-integer,0.0,1.0e-6,true
tie_three_ua10_energy_economic_gurobi,r8-energy-bfff1dbe-659a-4bb0-920f-ea40ebebf7d7,validation/primary/normal_check/shared/rows/3,R7-B1-inactive,0.0,1.0e-6,true
tie_three_ua10_energy_economic_gurobi,r8-energy-bfff1dbe-659a-4bb0-920f-ea40ebebf7d7,validation/primary/normal_check/shared/rows/4,R7-B1-bounds,0.0,1.0e-6,true
tie_three_ua10_energy_economic_gurobi,r8-energy-bfff1dbe-659a-4bb0-920f-ea40ebebf7d7,validation/primary/normal_check/shared/rows/5,R7-B1-integer,0.0,1.0e-6,true
tie_three_ua10_energy_economic_gurobi,r8-energy-bfff1dbe-659a-4bb0-920f-ea40ebebf7d7,validation/primary/normal_check/shared/rows/6,R7-B1-inactive,0.0,1.0e-6,true
tie_three_ua10_energy_economic_gurobi,r8-energy-bfff1dbe-659a-4bb0-920f-ea40ebebf7d7,validation/primary/normal_check/shared/rows/7,R7-B1-bounds,0.0,1.0e-6,true
tie_three_ua10_energy_economic_gurobi,r8-energy-bfff1dbe-659a-4bb0-920f-ea40ebebf7d7,validation/primary/normal_check/shared/rows/8,R7-B1-integer,0.0,1.0e-6,true
