id,t,pv_fraction,activation_signed
train_000601,1,0.0,-0.5126573803220011
train_000601,2,0.0,-0.09537106312121228
train_000601,3,0.0,-0.0724956894838384
train_000601,4,0.0,-0.5027752125648342
train_000601,5,0.0,-0.647632806413303
train_000601,6,0.0,-0.8158170570675058
train_000601,7,0.039673607854640136,-0.7539735179961349
train_000601,8,0.14704339091270788,-0.14521645276570622
train_000601,9,0.2928619231045199,-0.005247894110417121
train_000601,10,0.4204604388373841,-0.6767518854764386
train_000601,11,0.5231687194252335,-0.23742008130415793
train_000601,12,0.5567913505800287,-0.48359154369581026
train_000601,13,0.5624688515554775,-0.5365121967256921
train_000601,14,0.5373069115577762,-0.7432604594877509
train_000601,15,0.5783328150557145,-0.10983464899354566
train_000601,16,0.41783134526655363,-0.12451735538052996
train_000601,17,0.2481751206142347,-0.39587168092081804
train_000601,18,0.08140745934009318,0.052065879937984595
train_000601,19,0.0,-0.2992885979976232
train_000601,20,0.0,0.8226364652488
train_000601,21,0.0,0.9658151358031579
train_000601,22,0.0,0.8487298634742928
train_000601,23,0.0,0.7386485244213306
train_000601,24,0.0,0.6964755726909329
train_000602,1,0.0,-0.026550745065827833
train_000602,2,0.0,-0.709414639011346
train_000602,3,0.0,-0.24394385146448833
train_000602,4,0.0,-0.6671484864985913
train_000602,5,0.0,-0.6153479654454757
train_000602,6,0.0,-0.5871729443822562
train_000602,7,0.039626565770375155,-0.9583482001715475
train_000602,8,0.15271546772581293,-0.9670472221388502
train_000602,9,0.3201459036116972,-0.941862039702176
train_000602,10,0.5409826576067747,-0.013144144906857929
train_000602,11,0.722121253138157,-0.19563686393323787
train_000602,12,0.8250012086210498,-0.580213434722898
train_000602,13,0.8532010779638208,-0.6721605435589186
train_000602,14,0.8200632725781802,-0.7371965806597166
train_000602,15,0.6416990961451124,-0.44992160747078763
train_000602,16,0.46442044169401436,-0.5224739207454678
train_000602,17,0.2905574233589326,-0.8573445316709591
train_000602,18,0.09854473049849312,-0.4370669016129791
train_000602,19,0.0,0.3691185535572487
train_000602,20,0.0,-0.17797278053354776
train_000602,21,0.0,0.2516887741909048
train_000602,22,0.0,-0.18160084561377762
train_000602,23,0.0,0.0132042833850626
train_000602,24,0.0,0.6787336720270822
train_000603,1,0.0,0.669432597452952
train_000603,2,0.0,0.8230263877833659
train_000603,3,0.0,0.7672230989635189
train_000603,4,0.0,0.9336750381310678
train_000603,5,0.0,0.9542045881763118
train_000603,6,0.0,0.7890741382378018
train_000603,7,0.04208108101954769,0.3119018137474658
train_000603,8,0.17209364626818624,-0.2115669030313136
train_000603,9,0.34159140675931154,-0.25054336875576394
train_000603,10,0.573657178284975,0.0173541274191993
train_000603,11,0.7200615820661708,0.32292670684534214
train_000603,12,0.8393179418323466,-0.12584240925623533
train_000603,13,0.8345671826904366,-0.9147030916294101
train_000603,14,0.7952482799813873,-0.7606411908541065
train_000603,15,0.6723548996456017,-0.9223070934883816
train_000603,16,0.525451943909423,-0.7113981001951977
train_000603,17,0.3017230481428056,0.6607378260394645
train_000603,18,0.1011362465631285,0.46484311918642796
train_000603,19,0.0,-0.42784512443064027
train_000603,20,0.0,-0.4312454434420616
train_000603,21,0.0,0.18242169446749615
train_000603,22,0.0,0.18923921678617578
train_000603,23,0.0,-0.7191476481278145
train_000603,24,0.0,-0.4749402424259884
train_000604,1,0.0,0.020104945139692833
train_000604,2,0.0,0.342474215088493
train_000604,3,0.0,0.8093749482417324
train_000604,4,0.0,0.8267282920775075
train_000604,5,0.0,0.8296648777501483
train_000604,6,0.0,0.6137450199769592
train_000604,7,0.03767419527711593,0.05745791485960757
train_000604,8,0.15181291634733574,-0.406714077488953
train_000604,9,0.32299644888660617,0.6505733305339878
train_000604,10,0.5140296840964362,0.5479751936798574
train_000604,11,0.6830966253677222,0.13244939450299098
train_000604,12,0.8226892870107924,0.17700140006623372
train_000604,13,0.8115376050893313,-0.6554655495694346
train_000604,14,0.7598275649381335,-0.511511884307106
train_000604,15,0.6806978275184273,-0.8044753831455274
train_000604,16,0.49712124360077076,-0.2812083311552843
train_000604,17,0.28939186080929674,-0.3707865464949984
train_000604,18,0.10050512981540345,0.6089321575772231
train_000604,19,0.0,0.7639691070232905
train_000604,20,0.0,0.8325581641194936
train_000604,21,0.0,0.6369567958019378
train_000604,22,0.0,0.7935919614552231
train_000604,23,0.0,0.1930999438610238
train_000604,24,0.0,-0.6041799951642179
train_000605,1,0.0,0.4154550277459907
train_000605,2,0.0,0.880400706278397
train_000605,3,0.0,0.8726572395954015
train_000605,4,0.0,0.9355638096878205
train_000605,5,0.0,0.8077145286108187
train_000605,6,0.0,0.497263095900508
train_000605,7,0.04111460361589525,-0.0695609132693585
train_000605,8,0.1497516476950859,-0.2400364669612381
train_000605,9,0.32581692625759456,-0.6681125999980551
train_000605,10,0.5516811044868764,-0.1565869951239176
train_000605,11,0.7054400724678702,0.5156711565705941
train_000605,12,0.8275903039899968,0.6529921007197038
train_000605,13,0.8220180146275163,0.6631829519501604
train_000605,14,0.7925968205896579,-0.4049680905960595
train_000605,15,0.6649989587266742,-0.2849475930920982
train_000605,16,0.4550622410911524,-0.35507316106133957
train_000605,17,0.2481557419880732,-0.5932413860661145
train_000605,18,0.07908332473093126,0.05336713846396365
train_000605,19,0.0,0.6125562973317082
train_000605,20,0.0,0.25140775378973973
train_000605,21,0.0,0.09085641011032981
train_000605,22,0.0,0.5110107374595211
train_000605,23,0.0,-0.16244509305985394
train_000605,24,0.0,0.3641431768486614
train_000606,1,0.0,-0.9289521494487595
train_000606,2,0.0,-0.9128899234462732
train_000606,3,0.0,-0.9012706334345817
train_000606,4,0.0,-0.8628899809458527
train_000606,5,0.0,-0.7494466843780303
train_000606,6,0.0,-0.6065753454760476
train_000606,7,0.042949900228681615,-0.5637924395939742
train_000606,8,0.1719186001847377,-0.5922659095799421
train_000606,9,0.32955822769268706,0.24520566976929226
train_000606,10,0.4952878618574718,-0.3857298768311061
train_000606,11,0.6463531638751583,-0.7401128747172862
train_000606,12,0.6897002249297222,-0.8355408819140605
train_000606,13,0.817432437772196,-0.4711593451979845
train_000606,14,0.8218294808343192,-0.5810675967556023
train_000606,15,0.7198949769014757,-0.33070728446132214
train_000606,16,0.5466356827850204,0.6426051978965761
train_000606,17,0.3228482718040905,0.6029451345795336
train_000606,18,0.10535996640020319,0.5965481500247084
train_000606,19,0.0,0.6288374168328923
train_000606,20,0.0,0.0603892671950088
train_000606,21,0.0,0.03359474886052331
train_000606,22,0.0,-0.22746426432054495
train_000606,23,0.0,0.6679769635973132
train_000606,24,0.0,0.4155185131169537
train_000607,1,0.0,0.7919955878360933
train_000607,2,0.0,0.3805338949870587
train_000607,3,0.0,0.7747136826222779
train_000607,4,0.0,0.9379518250524289
train_000607,5,0.0,0.7444820822979131
train_000607,6,0.0,0.7333688897441375
train_000607,7,0.038460010452104565,0.4192057938927063
train_000607,8,0.15370627492335845,0.6997914570730657
train_000607,9,0.3051860443857335,0.6423191366008161
train_000607,10,0.5199479287640524,0.6768742843656814
train_000607,11,0.6612957354776694,-0.29349832677925985
train_000607,12,0.7334191929397075,-0.1405790771192568
train_000607,13,0.7952138490467212,0.6253073062622196
train_000607,14,0.7276493573211146,0.7127897720241293
train_000607,15,0.6114624256929218,0.8927733776256148
train_000607,16,0.464546674782744,-0.28826534694431233
train_000607,17,0.27980924696677695,0.06993328529228003
train_000607,18,0.09652584103257875,-0.2908714420993754
train_000607,19,0.0,0.3151375583907749
train_000607,20,0.0,0.7686232139029388
train_000607,21,0.0,0.8512896186860264
train_000607,22,0.0,0.880336096691766
train_000607,23,0.0,0.5770444456030621
train_000607,24,0.0,0.2927580913888758
train_000608,1,0.0,-0.6471605022814889
train_000608,2,0.0,0.8323969986607238
train_000608,3,0.0,0.6965489919560495
train_000608,4,0.0,0.9235377820651558
train_000608,5,0.0,0.9383846420845006
train_000608,6,0.0,0.9052340776837143
train_000608,7,0.036454641000327415,0.6324905567501315
train_000608,8,0.16328099043924715,0.41095305285837835
train_000608,9,0.32640987993675075,0.6421461075918041
train_000608,10,0.5634991952026486,0.725270290891928
train_000608,11,0.7439673821878501,-0.5852777404151668
train_000608,12,0.7327729862849596,-0.37314126966718164
train_000608,13,0.7576289981979287,-0.8422104120049527
train_000608,14,0.7607957326950634,-0.8182994248836963
train_000608,15,0.6531212063465599,-0.5875965261195008
train_000608,16,0.4874836180134931,-0.7505335376117661
train_000608,17,0.2825881452962398,-0.33289312988642583
train_000608,18,0.0918754545697091,-0.6954907759189342
train_000608,19,0.0,-0.293557332862234
train_000608,20,0.0,-0.6675351825606752
train_000608,21,0.0,-0.5942456835186485
train_000608,22,0.0,-0.25258617693753055
train_000608,23,0.0,-0.4207541825888188
train_000608,24,0.0,0.1325202799305446
train_000609,1,0.0,-0.315583243006315
train_000609,2,0.0,0.21992951027958751
train_000609,3,0.0,-0.3886257604924748
train_000609,4,0.0,0.062253159137260185
train_000609,5,0.0,0.6406623687921877
train_000609,6,0.0,0.662030824327841
train_000609,7,0.03869023610541538,0.3658694594790687
train_000609,8,0.149435127856708,0.3772118096757942
train_000609,9,0.3016632527100274,-0.3594626468225111
train_000609,10,0.49778711429948486,-0.005542592512098266
train_000609,11,0.5785171403187244,0.02224035444444529
train_000609,12,0.5978210660617399,0.3404964987645068
train_000609,13,0.6074757797405629,0.27725712352451454
train_000609,14,0.4570756190052996,0.036587271427541604
train_000609,15,0.40301803822487775,-0.27327723236639606
train_000609,16,0.30585333580884744,-0.5831849039828697
train_000609,17,0.19528369619332897,-0.21494723857235162
train_000609,18,0.07573498523021285,-0.5444542850458072
train_000609,19,0.0,-0.05885983918600582
train_000609,20,0.0,0.551476737851216
train_000609,21,0.0,0.9040262517303256
train_000609,22,0.0,0.9391453201209414
train_000609,23,0.0,0.7985402425887804
train_000609,24,0.0,0.4698259451547674
train_000610,1,0.0,-0.7862905121979509
train_000610,2,0.0,0.4036856706488546
train_000610,3,0.0,0.6907164631996184
train_000610,4,0.0,0.6011682631397003
train_000610,5,0.0,0.6867024822009262
train_000610,6,0.0,0.17272499564388916
train_000610,7,0.045193041983809856,-0.6131380618976571
train_000610,8,0.18456797058822927,-0.5158654550679324
train_000610,9,0.36962865408730305,-0.7481395310337648
train_000610,10,0.5908626690803518,-0.8541162396574454
train_000610,11,0.7804251684709093,-0.7906216951309424
train_000610,12,0.8593954195088462,-0.7995333847999132
train_000610,13,0.9368424497171205,-0.643554343626535
train_000610,14,0.8723807270147802,-0.23479161124527878
train_000610,15,0.7277571838531987,-0.7351451413576628
train_000610,16,0.5580510597439589,0.18149738597953366
train_000610,17,0.3257917552555364,-0.11432421555718723
train_000610,18,0.10904392860283459,0.5883746347219401
train_000610,19,0.0,0.0003729083450017191
train_000610,20,0.0,0.6937048021707715
train_000610,21,0.0,0.4191916018764889
train_000610,22,0.0,0.39231153910138616
train_000610,23,0.0,0.5568437775040542
train_000610,24,0.0,0.1296823651217748
train_000611,1,0.0,-0.12533484618658267
train_000611,2,0.0,-0.7411951962460956
train_000611,3,0.0,-0.33988557263680297
train_000611,4,0.0,-0.029336764677418015
train_000611,5,0.0,0.7497981071707894
train_000611,6,0.0,0.790319858555442
train_000611,7,0.024046332136020213,0.9172665524438084
train_000611,8,0.0972903800985913,0.9582396870695132
train_000611,9,0.18654820807614056,0.9896084387718393
train_000611,10,0.32009254744211274,0.8800900060633241
train_000611,11,0.32494437405967447,-0.04175623439944825
train_000611,12,0.318457638887939,-0.6221080904727385
train_000611,13,0.2905525785068902,-0.7889628598179633
train_000611,14,0.23847744731780465,-0.8994350595507187
train_000611,15,0.21063350682017293,-0.6051489494361615
train_000611,16,0.2084303639911168,-0.3252837170295999
train_000611,17,0.11386321536116535,0.2720829803612004
train_000611,18,0.04852232006632174,-0.0542213331049145
train_000611,19,0.0,0.43547405783739074
train_000611,20,0.0,-0.19290151959314178
train_000611,21,0.0,-0.6065274126612339
train_000611,22,0.0,-0.30210882377193593
train_000611,23,0.0,-0.5717541092073208
train_000611,24,0.0,-0.08797461867042831
train_000612,1,0.0,-0.23232261135603074
train_000612,2,0.0,-0.49779418756972604
train_000612,3,0.0,-0.7012952772351294
train_000612,4,0.0,-0.8250202760899006
train_000612,5,0.0,-0.6913148787373455
train_000612,6,0.0,-0.5385886622095479
train_000612,7,0.027419075473643598,-0.7873061637481593
train_000612,8,0.10408343554409819,-0.6553614480892528
train_000612,9,0.2107341119619105,-0.6835249542579801
train_000612,10,0.35511212823155786,-0.5912353920470479
train_000612,11,0.441831903130462,-0.7765430673715933
train_000612,12,0.46990477666252145,-0.2933551432322298
train_000612,13,0.5796379075069947,0.033832458994609065
train_000612,14,0.4279139502714583,0.396262156771968
train_000612,15,0.373210057204221,0.17571929323261887
train_000612,16,0.2939032472833065,0.11094120976492265
train_000612,17,0.1514722925301906,0.17689108779381055
train_000612,18,0.058276968670037434,0.2278553162220456
train_000612,19,0.0,-0.38180288838189935
train_000612,20,0.0,-0.6180057862846593
train_000612,21,0.0,-0.6611464269538645
train_000612,22,0.0,-0.30227150906905637
train_000612,23,0.0,-0.2880966744082723
train_000612,24,0.0,-0.7397271079083002
train_000613,1,0.0,-0.7734015993464703
train_000613,2,0.0,-0.08918230244679193
train_000613,3,0.0,0.09741359589999411
train_000613,4,0.0,-0.4606284443781764
train_000613,5,0.0,-0.676885335253538
train_000613,6,0.0,-0.4210522305059312
train_000613,7,0.047820706420603244,-0.09389455188862707
train_000613,8,0.19064920888092762,0.2809897759465983
train_000613,9,0.38317770705426824,-0.3080469257984247
train_000613,10,0.6119044155838601,-0.17603490188942109
train_000613,11,0.8176072106638952,-0.29595841412473023
train_000613,12,0.9320763220472831,-0.42608173465300225
train_000613,13,0.9784280596504944,0.10549404034056227
train_000613,14,0.9243249169364098,-0.23956943262522876
train_000613,15,0.7723203799653379,-0.39380042306415847
train_000613,16,0.5752188787548386,-0.40502909113265784
train_000613,17,0.33725539712539027,-0.46269237821705056
train_000613,18,0.1150682879298401,0.33519422851875913
train_000613,19,0.0,-0.30251089096848555
train_000613,20,0.0,0.043970347943669295
train_000613,21,0.0,0.19041110722051052
train_000613,22,0.0,0.29014254354676494
train_000613,23,0.0,0.20257105387231963
train_000613,24,0.0,-0.21572628092831214
train_000614,1,0.0,0.3462035361893975
train_000614,2,0.0,0.6440304101373723
train_000614,3,0.0,0.40224013868099046
train_000614,4,0.0,0.3517026358901645
train_000614,5,0.0,-0.3716505693469478
train_000614,6,0.0,-0.7046003643116613
train_000614,7,0.027563553094041245,-0.4270362851679584
train_000614,8,0.11820686602896933,0.5240760235863743
train_000614,9,0.20947187448514218,0.18321168609923819
train_000614,10,0.33896573357652166,-0.05143404331345258
train_000614,11,0.5888625720517967,-0.6818637478834513
train_000614,12,0.6127203964131739,-0.9162587797632575
train_000614,13,0.6554962828285182,-0.5969760009290532
train_000614,14,0.5202707308872283,-0.6482137442310851
train_000614,15,0.40945325534231714,0.19841033873438063
train_000614,16,0.31465554584798583,0.20093155280787375
train_000614,17,0.20472261647681234,0.002242958172502691
train_000614,18,0.07352705879705194,0.402661918046842
train_000614,19,0.0,-0.03407414306614121
train_000614,20,0.0,0.2026103066535808
train_000614,21,0.0,0.16932623161172056
train_000614,22,0.0,-0.26568839988722764
train_000614,23,0.0,-0.5998070245633497
train_000614,24,0.0,-0.6572433329600335
train_000615,1,0.0,-0.5276220931436612
train_000615,2,0.0,-0.5461664364437755
train_000615,3,0.0,-0.06980269271126562
train_000615,4,0.0,-0.5023919698550977
train_000615,5,0.0,-0.3160269937796528
train_000615,6,0.0,-0.3754252414609534
train_000615,7,0.03917868047163536,-0.6330686103912692
train_000615,8,0.17621034779771594,-0.9147443756389618
train_000615,9,0.3487445558285278,-0.8728328226965927
train_000615,10,0.5744300192056735,-0.8426002433954314
train_000615,11,0.7705222759432564,0.5257615365973294
train_000615,12,0.8368645366097819,0.5724313128887124
train_000615,13,0.8972717506460376,0.9378770926617659
train_000615,14,0.8597638918738525,0.4825136143258567
train_000615,15,0.6876033743115135,0.5473573932280833
train_000615,16,0.4815769185715545,0.596135021859616
train_000615,17,0.30189766844516674,0.1462931297033003
train_000615,18,0.1101651298807172,0.4883606977715448
train_000615,19,0.0,0.3742762772122569
train_000615,20,0.0,0.33658695163246993
train_000615,21,0.0,0.3901661927381744
train_000615,22,0.0,0.5765166182594614
train_000615,23,0.0,-0.4722908126794807
train_000615,24,0.0,0.3537016798321369
train_000616,1,0.0,-0.29773909779501184
train_000616,2,0.0,-0.4211994933321644
train_000616,3,0.0,-0.9140812117206039
train_000616,4,0.0,-0.7802407345599509
train_000616,5,0.0,-0.6756797948105957
train_000616,6,0.0,-0.9116533745393458
train_000616,7,0.03337395152500779,-0.9714436975912807
train_000616,8,0.13735756296835472,-0.9515969066337132
train_000616,9,0.2475161770353123,-0.9481394406689682
train_000616,10,0.40466163920572584,-0.748909745191657
train_000616,11,0.4896214902586798,-0.7363696731479181
train_000616,12,0.6181995657654256,-0.831348331089937
train_000616,13,0.6994270098567759,-0.7739858660909963
train_000616,14,0.659283423433355,-0.6660167935391132
train_000616,15,0.5910089845761441,-0.7480698797788851
train_000616,16,0.48690103125513134,-0.8798603693334736
train_000616,17,0.27901726104599556,-0.8068714469266034
train_000616,18,0.09730342489944828,-0.527531502089251
train_000616,19,0.0,-0.754070380818532
train_000616,20,0.0,-0.6835519351666663
train_000616,21,0.0,-0.5038740403749675
train_000616,22,0.0,-0.4308984734352051
train_000616,23,0.0,-0.589618557595549
train_000616,24,0.0,0.0832225294029775
train_000617,1,0.0,-0.48598445108087973
train_000617,2,0.0,-0.701548396806875
train_000617,3,0.0,0.2007774165714746
train_000617,4,0.0,-0.4007863609737849
train_000617,5,0.0,-0.44661820818009057
train_000617,6,0.0,-0.4269397027904497
train_000617,7,0.044292244639535995,-0.42867203427315564
train_000617,8,0.1782700029590347,0.4000075474579381
train_000617,9,0.3432961872673399,-0.1105025146469865
train_000617,10,0.578447728167629,0.3250476941150058
train_000617,11,0.7634346930843623,-0.2053774154899179
train_000617,12,0.8896885272262454,-0.2190269980557293
train_000617,13,0.9305055587218086,-0.352043748897072
train_000617,14,0.858910523665919,-0.713510632168168
train_000617,15,0.6886001184627002,-0.957264865723739
train_000617,16,0.5251198598629073,-0.9311145577548327
train_000617,17,0.3061839438838392,-0.8581923848101101
train_000617,18,0.10424805001065994,-0.6774709994666647
train_000617,19,0.0,-0.5786412055971922
train_000617,20,0.0,-0.8968582335904672
train_000617,21,0.0,-0.9539140443767915
train_000617,22,0.0,-0.9172566483123522
train_000617,23,0.0,-0.9545542359823297
train_000617,24,0.0,-0.9238499041094625
train_000618,1,0.0,-0.6879629852799503
train_000618,2,0.0,-0.2820073405511538
train_000618,3,0.0,-0.1918521711645643
train_000618,4,0.0,0.8563718618504778
train_000618,5,0.0,0.774531067551721
train_000618,6,0.0,-0.7051560116907942
train_000618,7,0.045471618121169184,-0.8274842289259283
train_000618,8,0.17890174926730784,-0.34694224419199055
train_000618,9,0.3631644649168255,-0.1057459802290627
train_000618,10,0.5881389021423187,-0.552279555512071
train_000618,11,0.7483541439448204,-0.5571382822496808
train_000618,12,0.8713492098917917,-0.3487491733780981
train_000618,13,0.9059444109327875,-0.06734573568324258
train_000618,14,0.8474380884326705,-0.2383199612153082
train_000618,15,0.742452275997757,-0.02603209887386821
train_000618,16,0.5577452284697948,-0.4626165441250417
train_000618,17,0.3247682256128456,-0.2991609215178121
train_000618,18,0.11467990903556578,-0.7552372585852356
train_000618,19,0.0,0.01847676812336606
train_000618,20,0.0,0.41091352289916677
train_000618,21,0.0,-0.5825672794170902
train_000618,22,0.0,-0.3883776866773193
train_000618,23,0.0,-0.3228808982494047
train_000618,24,0.0,-0.1538614521325233
train_000619,1,0.0,0.2605023002228096
train_000619,2,0.0,-0.3321648260887094
train_000619,3,0.0,0.6541161201282577
train_000619,4,0.0,0.5305627847127872
train_000619,5,0.0,0.812028868444298
train_000619,6,0.0,0.6240642549280121
train_000619,7,0.035548748402587975,0.5848126252794297
train_000619,8,0.15372414803994117,0.746798237755782
train_000619,9,0.30879104388217093,0.22332066699205297
train_000619,10,0.42894307719403196,-0.17778085187509984
train_000619,11,0.610690097454565,-0.2434284378289339
train_000619,12,0.7223067478954979,0.7940347339462066
train_000619,13,0.7052835261076009,0.4298923617113732
train_000619,14,0.5482626002076663,0.535121581550398
train_000619,15,0.5037172212242419,-0.07860515029870613
train_000619,16,0.38682320289867395,-0.5146425781579567
train_000619,17,0.24515085492088096,-0.12732940722132474
train_000619,18,0.09257545510983828,0.4166136191505723
train_000619,19,0.0,-0.47894983191740226
train_000619,20,0.0,0.6090068441276233
train_000619,21,0.0,-0.6927311020938853
train_000619,22,0.0,-0.7439843702450526
train_000619,23,0.0,-0.5281145933503587
train_000619,24,0.0,-0.6054958292837069
train_000620,1,0.0,0.08627556618330329
train_000620,2,0.0,0.7237457723909348
train_000620,3,0.0,0.48090248685199743
train_000620,4,0.0,-0.34745531901129806
train_000620,5,0.0,-0.07814386650797503
train_000620,6,0.0,-0.017672285454783467
train_000620,7,0.03061386811553279,0.5348870512075166
train_000620,8,0.13024974964209587,0.8433730207336299
train_000620,9,0.23032137127189609,0.9143357836223166
train_000620,10,0.28926870469887944,0.9636595843418829
train_000620,11,0.4822547739272253,0.3189649648563339
train_000620,12,0.5848968412857162,-0.6348225932630864
train_000620,13,0.5306244857829793,-0.2566993659279144
train_000620,14,0.5997954832425338,-0.4224587453009407
train_000620,15,0.5202614480847606,-0.4262912179115713
train_000620,16,0.3127816909168914,-0.8364740103238676
train_000620,17,0.19702925622814055,-0.5473833567808211
train_000620,18,0.0627603197335293,-0.7268588602227541
train_000620,19,0.0,0.06695292379978376
train_000620,20,0.0,0.6008032130068266
train_000620,21,0.0,0.1023956852562732
train_000620,22,0.0,-0.35716192123412516
train_000620,23,0.0,-0.7062178152754335
train_000620,24,0.0,0.07507525785785503
train_000621,1,0.0,0.8556439447603955
train_000621,2,0.0,0.579402299792471
train_000621,3,0.0,0.4839103338988593
train_000621,4,0.0,-0.17313515665340184
train_000621,5,0.0,-0.01133783975303331
train_000621,6,0.0,-0.5862253607126939
train_000621,7,0.04354443635975409,-0.3641678454404833
train_000621,8,0.17009592038196641,-0.697351418709697
train_000621,9,0.31579878727543376,-0.24381850402375585
train_000621,10,0.5083485113053534,0.42421631946468724
train_000621,11,0.6920611779108583,0.632362812360733
train_000621,12,0.8398517372045097,0.8799734978361547
train_000621,13,0.8399925810862016,0.9545228954711734
train_000621,14,0.8206479655216619,0.7509105363795524
train_000621,15,0.6527709271650854,0.7486399026357855
train_000621,16,0.45689741720996124,-0.043197076923747135
train_000621,17,0.2673531153517719,0.03243168771882391
train_000621,18,0.09321748985317817,0.8357242448680953
train_000621,19,0.0,0.6192051953663329
train_000621,20,0.0,0.34154929197615536
train_000621,21,0.0,0.2867121284831602
train_000621,22,0.0,0.2955602144479294
train_000621,23,0.0,-0.7392311434496539
train_000621,24,0.0,-0.05235954055915723
train_000622,1,0.0,-0.54343205484203
train_000622,2,0.0,-0.32282791956857715
train_000622,3,0.0,0.032046558988679426
train_000622,4,0.0,-0.27601080621334884
train_000622,5,0.0,0.34735337582016024
train_000622,6,0.0,0.49829941023801116
train_000622,7,0.045566497288248735,0.26995884665489056
train_000622,8,0.17870455637263116,0.533486585834561
train_000622,9,0.36275251187296564,0.492124115425847
train_000622,10,0.6045172493078299,-0.5778887513024069
train_000622,11,0.7893473465748821,-0.4270268333102051
train_000622,12,0.8974369800516955,0.4963699838729859
train_000622,13,0.958827384032861,0.44470575513761773
train_000622,14,0.9048789691675068,-0.2709552691264824
train_000622,15,0.7722845984618925,0.07179026093302288
train_000622,16,0.5810831134924315,-0.6713248637186797
train_000622,17,0.3347893457139457,0.21563317455123188
train_000622,18,0.11455498916344065,0.314791572096821
train_000622,19,0.0,-0.0778301158352389
train_000622,20,0.0,0.36338988399487987
train_000622,21,0.0,0.6908477826835431
train_000622,22,0.0,0.9270953981024346
train_000622,23,0.0,0.1570743236530751
train_000622,24,0.0,0.426354847029286
train_000623,1,0.0,-0.38034867094120667
train_000623,2,0.0,0.19782125629379504
train_000623,3,0.0,0.5681427479178234
train_000623,4,0.0,0.6680613326709102
train_000623,5,0.0,0.5454120000728104
train_000623,6,0.0,0.4373767137893432
train_000623,7,0.04499479160723453,0.2730400316100109
train_000623,8,0.17986601323617427,0.3636214582866329
train_000623,9,0.33498048941291186,0.3968295520743583
train_000623,10,0.5741477413359631,0.24397083004238765
train_000623,11,0.7338272105760302,0.38642774219509074
train_000623,12,0.839268381764876,-0.16401480490351353
train_000623,13,0.8642563089053257,0.4490386914394368
train_000623,14,0.8064194415323586,0.8882350833340376
train_000623,15,0.6084201689331974,0.649895847562797
train_000623,16,0.428948636444963,0.7161027516929555
train_000623,17,0.2704373922821798,0.846590120655921
train_000623,18,0.0892951641274093,0.7287579651073801
train_000623,19,0.0,0.7817755185006285
train_000623,20,0.0,0.9672577995759906
train_000623,21,0.0,0.9482272253617311
train_000623,22,0.0,0.9180946578564859
train_000623,23,0.0,0.9466898795487033
train_000623,24,0.0,0.8349688932499257
train_000624,1,0.0,0.735089244656403
train_000624,2,0.0,0.6236737768123629
train_000624,3,0.0,0.20929849250515883
train_000624,4,0.0,-0.5170242966561471
train_000624,5,0.0,-0.12758721396102476
train_000624,6,0.0,-0.6501966070516383
train_000624,7,0.04771445789705307,-0.04034161381577379
train_000624,8,0.19311956037044103,-0.5854456993709981
train_000624,9,0.38178345653821477,-0.5724270346014526
train_000624,10,0.6241246647575437,-0.16979411640679093
train_000624,11,0.8148757082876771,0.15793470032509477
train_000624,12,0.9257979454352042,0.030576277662094965
train_000624,13,0.9672666572352534,0.5307586862909087
train_000624,14,0.9087915478244964,0.8020374388017613
train_000624,15,0.759590327200029,0.9203588075492755
train_000624,16,0.5718322724877106,0.7712927364402891
train_000624,17,0.3312727010651087,0.09498660488078212
train_000624,18,0.11618537154726859,0.47911717589380876
train_000624,19,0.0,0.44035933762675816
train_000624,20,0.0,-0.24267445885545277
train_000624,21,0.0,-0.4377260534732767
train_000624,22,0.0,-0.6833742320211453
train_000624,23,0.0,0.050770006012924376
train_000624,24,0.0,0.4956410971965516
train_000625,1,0.0,0.22586423701489172
train_000625,2,0.0,-0.28064514308621347
train_000625,3,0.0,-0.028547785279248977
train_000625,4,0.0,-0.04782251068996511
train_000625,5,0.0,-0.3644197196518612
train_000625,6,0.0,0.8058373237645452
train_000625,7,0.035811858072468776,0.5293476692430792
train_000625,8,0.1428317613991238,0.6837601996425094
train_000625,9,0.30038574195201556,0.9294926451063139
train_000625,10,0.47437874270777364,0.8525982820657387
train_000625,11,0.6257356827654609,0.6939984553536619
train_000625,12,0.699237942870836,0.29558815153478124
train_000625,13,0.7797359835860858,0.43471299039202926
train_000625,14,0.7078359765185769,0.6005846109465856
train_000625,15,0.5437500931264018,0.6379481155341833
train_000625,16,0.41341728995515237,0.8061349974866469
train_000625,17,0.2616892076266763,0.8990184330938065
train_000625,18,0.0853317566896382,0.7449785424159507
train_000625,19,0.0,0.7724253017177775
train_000625,20,0.0,0.8830994701254383
train_000625,21,0.0,0.5638952069987662
train_000625,22,0.0,0.37411662331663836
train_000625,23,0.0,0.29601001823436474
train_000625,24,0.0,-0.05823457107921969
train_000626,1,0.0,-0.8938625586396435
train_000626,2,0.0,-0.31022988581248867
train_000626,3,0.0,-0.34714028126065577
train_000626,4,0.0,-0.8731590741884817
train_000626,5,0.0,0.16466618412934186
train_000626,6,0.0,0.7373699333528082
train_000626,7,0.021634911803385753,-0.054124199049692484
train_000626,8,0.0771450840967345,0.6350955464025303
train_000626,9,0.1397120872519164,0.4116463345364185
train_000626,10,0.25311381920180337,0.7612138951295785
train_000626,11,0.2565129515565968,0.5959941336752067
train_000626,12,0.33686687122736214,0.16347090952989682
train_000626,13,0.32467411270466806,0.4707002358294695
train_000626,14,0.38560808988303114,0.714645793897073
train_000626,15,0.3283789019732367,0.6186685536860366
train_000626,16,0.33936187087921027,-0.22394363932488132
train_000626,17,0.14415206295671343,0.3748680700913003
train_000626,18,0.06692846767607472,0.7427478433699701
train_000626,19,0.0,0.599575776826438
train_000626,20,0.0,0.8641802927852822
train_000626,21,0.0,0.37515967645065734
train_000626,22,0.0,-0.07504494500898741
train_000626,23,0.0,0.359388459317979
train_000626,24,0.0,0.5751302298933156
train_000627,1,0.0,0.0010363644585209728
train_000627,2,0.0,-0.15950256866371837
train_000627,3,0.0,0.10364393040958236
train_000627,4,0.0,-0.2078595593319335
train_000627,5,0.0,0.36188318949861464
train_000627,6,0.0,0.8215392674976586
train_000627,7,0.04423575529530855,0.6171449468362482
train_000627,8,0.1693773844708425,0.6110603508889192
train_000627,9,0.3397629942981797,0.7266044031911008
train_000627,10,0.5559722112965776,0.1251470512931983
train_000627,11,0.7308039810824256,0.697904578788572
train_000627,12,0.7826932039901917,0.6086391460302407
train_000627,13,0.8306562449330925,0.18000008496087103
train_000627,14,0.8192951734131838,0.828355117673212
train_000627,15,0.7077560733088584,0.6954599154941199
train_000627,16,0.5110234288457983,0.8560544536893995
train_000627,17,0.30140753519870406,0.8163139766240416
train_000627,18,0.09969902866937884,0.8802363592964846
train_000627,19,0.0,0.7736663922218254
train_000627,20,0.0,0.8100489741145378
train_000627,21,0.0,0.649852351157045
train_000627,22,0.0,0.7666820788298986
train_000627,23,0.0,0.6928017563644528
train_000627,24,0.0,0.09489303729221145
train_000628,1,0.0,-0.8539036611844474
train_000628,2,0.0,-0.1607522334487328
train_000628,3,0.0,0.17703479284369872
train_000628,4,0.0,-0.6470535740320087
train_000628,5,0.0,-0.3864127537290572
train_000628,6,0.0,0.17054400323803495
train_000628,7,0.03797170763386662,0.14614801694623045
train_000628,8,0.1473758021193978,-0.7887575069365054
train_000628,9,0.30671478033942917,0.08144412185841281
train_000628,10,0.5421829990137075,-0.4396994161475457
train_000628,11,0.6992131574129012,-0.6260606042939313
train_000628,12,0.7685138137561052,-0.76046619330045
train_000628,13,0.8024491628499326,-0.34085245862460894
train_000628,14,0.7691519139283366,-0.19584668482118764
train_000628,15,0.6484506053609222,0.5670369496772787
train_000628,16,0.4779550485592676,-0.07681476932936482
train_000628,17,0.2697564669151051,-0.5176815236048027
train_000628,18,0.08940723297755558,-0.4148546982369756
train_000628,19,0.0,-0.565806127255182
train_000628,20,0.0,-0.7053954674518705
train_000628,21,0.0,0.5919291609109918
train_000628,22,0.0,0.08775311303803787
train_000628,23,0.0,-0.19405104863157155
train_000628,24,0.0,0.5603714386394323
train_000629,1,0.0,-0.554191800754583
train_000629,2,0.0,-0.47372126099149237
train_000629,3,0.0,-0.2982924246832188
train_000629,4,0.0,-0.7569743102948219
train_000629,5,0.0,-0.3459239032532858
train_000629,6,0.0,-0.2623241794983439
train_000629,7,0.045142824967827344,-0.8298233334480986
train_000629,8,0.17876924231791913,-0.8245971708657653
train_000629,9,0.3607045354217003,-0.7639173480601568
train_000629,10,0.5881352449655186,-0.7899220692303934
train_000629,11,0.7341030373884523,-0.1551060406197519
train_000629,12,0.8109962639523746,0.05842130811541374
train_000629,13,0.9175857581221288,-0.27887074495738445
train_000629,14,0.867806598882161,-0.7494288230314883
train_000629,15,0.735319165920066,-0.7072351577774669
train_000629,16,0.5469030343886085,-0.3361273559124452
train_000629,17,0.3283498710550333,-0.7375787278961028
train_000629,18,0.11349920609014653,-0.4379427408214541
train_000629,19,0.0,0.2247482770809667
train_000629,20,0.0,0.005914249580976162
train_000629,21,0.0,-0.23554944694092095
train_000629,22,0.0,0.5537878990078935
train_000629,23,0.0,0.7264423243597713
train_000629,24,0.0,0.6739037811845818
train_000630,1,0.0,-0.10429312256166165
train_000630,2,0.0,-0.33234220551735555
train_000630,3,0.0,0.2925035827134358
train_000630,4,0.0,0.4285119211203186
train_000630,5,0.0,0.8611072571888676
train_000630,6,0.0,0.8473141687332364
train_000630,7,0.011242783342710479,0.5687584148076996
train_000630,8,0.04895345795536109,0.317790426674972
train_000630,9,0.12076655033019885,0.5249692580642809
train_000630,10,0.26412291475469846,0.7879311202325125
train_000630,11,0.3255863826438535,0.8412972330229371
train_000630,12,0.29917948764952607,0.7338495691123569
train_000630,13,0.35619531553031214,0.6245770114661834
train_000630,14,0.2701152333599934,0.481409383957178
train_000630,15,0.26643005881007026,0.5767627466985058
train_000630,16,0.168186086609267,-0.3358690191342694
train_000630,17,0.09043633655590083,-0.516921198204427
train_000630,18,0.030124983259704377,-0.4348939696676088
train_000630,19,0.0,-0.6969287823799926
train_000630,20,0.0,-0.5262431734329529
train_000630,21,0.0,0.037333757689661115
train_000630,22,0.0,0.7755329234527676
train_000630,23,0.0,0.22007403923236382
train_000630,24,0.0,-0.39647802472155647
train_000631,1,0.0,0.6766787831375112
train_000631,2,0.0,0.38424555840074015
train_000631,3,0.0,-0.04826605029080523
train_000631,4,0.0,0.06110448186295841
train_000631,5,0.0,0.4438824284265506
train_000631,6,0.0,0.11160154935815864
train_000631,7,0.04491502029050685,0.4243342749800304
train_000631,8,0.18061438372509822,0.26573510670937794
train_000631,9,0.355051950209194,0.8186156048813895
train_000631,10,0.5870573064633026,0.7478912956253017
train_000631,11,0.7822940091048135,0.24612635625405116
train_000631,12,0.8783963468968163,0.12245885648040883
train_000631,13,0.9250405295840546,0.23578745957035785
train_000631,14,0.8623466013417792,0.08722417181804094
train_000631,15,0.7179523705545883,-0.7252572154194399
train_000631,16,0.5428219670483968,-0.6834480412729063
train_000631,17,0.30085450432500255,-0.3351462635442815
train_000631,18,0.10425645175759736,0.5544649741683202
train_000631,19,0.0,0.4347436915856541
train_000631,20,0.0,0.1637142169403262
train_000631,21,0.0,0.12094673788380705
train_000631,22,0.0,-0.2709750064853475
train_000631,23,0.0,0.2584098187711864
train_000631,24,0.0,-0.7239366103234945
train_000632,1,0.0,0.7211491984728166
train_000632,2,0.0,0.42687397267394783
train_000632,3,0.0,0.45721682736368385
train_000632,4,0.0,-0.30700252023814545
train_000632,5,0.0,-0.13145263680973235
train_000632,6,0.0,0.700107662706892
train_000632,7,0.04481753175868115,0.26015748648262915
train_000632,8,0.17436006310868785,0.23868024724122947
train_000632,9,0.3557962726164581,-0.5107122575031448
train_000632,10,0.5676775959842272,-0.44278970711974075
train_000632,11,0.7824976522837266,-0.12595835390444862
train_000632,12,0.8509805834954736,0.11363928313541254
train_000632,13,0.8352844766855787,-0.03733429940067691
train_000632,14,0.8350829398988985,0.19738706553829605
train_000632,15,0.7322264834578549,0.2413961570632719
train_000632,16,0.5357650448817288,-0.5469199519586507
train_000632,17,0.3226495408952386,-0.621235329892116
train_000632,18,0.10777054646031736,-0.2818960813476902
train_000632,19,0.0,-0.07635909279311136
train_000632,20,0.0,0.3385926416460753
train_000632,21,0.0,0.23719061395284158
train_000632,22,0.0,0.07754988639694367
train_000632,23,0.0,0.14126564663776434
train_000632,24,0.0,-0.28670781703690784
train_000633,1,0.0,0.6621139154336331
train_000633,2,0.0,0.13093206806283358
train_000633,3,0.0,0.19022818470521802
train_000633,4,0.0,-0.7675928150953807
train_000633,5,0.0,-0.7804646084249725
train_000633,6,0.0,-0.44161114878997865
train_000633,7,0.03722753888484782,0.2834750685623182
train_000633,8,0.1521678759839044,0.5638184912646275
train_000633,9,0.30770764823271246,0.5829214453342311
train_000633,10,0.46773578485615824,0.45168532609034917
train_000633,11,0.6418833181798871,-0.07284861222830788
train_000633,12,0.701637851309345,0.4348514137370169
train_000633,13,0.7172164389368624,-0.44337322363939763
train_000633,14,0.6642659615208812,-0.10510274354879655
train_000633,15,0.5884898926921222,0.7800431726438065
train_000633,16,0.42594840773279136,0.6626376685678704
train_000633,17,0.2352495640924923,0.3805228508150811
train_000633,18,0.0848084513489146,0.7902363648659047
train_000633,19,0.0,0.8498550036597662
train_000633,20,0.0,0.43251405733734183
train_000633,21,0.0,0.35482655427558984
train_000633,22,0.0,0.7295819006146398
train_000633,23,0.0,0.9160817255155723
train_000633,24,0.0,0.901970248807937
train_000634,1,0.0,-0.8803758018041277
train_000634,2,0.0,-0.9137087974868764
train_000634,3,0.0,-0.8573781822303659
train_000634,4,0.0,-0.865659911348001
train_000634,5,0.0,-0.7489957744003202
train_000634,6,0.0,-0.6177300476563702
train_000634,7,0.04363958537466597,-0.4294335539200953
train_000634,8,0.17621480484233742,-0.2909311859814433
train_000634,9,0.34068666950814097,0.8925090350003332
train_000634,10,0.558975729264497,0.6823519682229523
train_000634,11,0.6652277250403426,-0.3407982627084831
train_000634,12,0.7898624990136169,-0.5111862124668873
train_000634,13,0.8390886076710987,-0.704906454480692
train_000634,14,0.8154866824908922,-0.7693820278646212
train_000634,15,0.6192856461208907,-0.6614780178072389
train_000634,16,0.42679829272106856,-0.1797364745851315
train_000634,17,0.24924574012743078,0.46679728522833297
train_000634,18,0.0865618073997954,0.6596484181463571
train_000634,19,0.0,0.7630946606480629
train_000634,20,0.0,0.790895727299112
train_000634,21,0.0,0.8504096391236371
train_000634,22,0.0,0.8228355439757346
train_000634,23,0.0,0.767932560897958
train_000634,24,0.0,0.8585023396063691
train_000635,1,0.0,0.6076636456511927
train_000635,2,0.0,0.7571482734410055
train_000635,3,0.0,0.4877400914595733
train_000635,4,0.0,0.6700040453665091
train_000635,5,0.0,0.8696512865975885
train_000635,6,0.0,0.5307088815473447
train_000635,7,0.03373706753243271,0.41616867888232945
train_000635,8,0.1355017038914843,0.3925702654205663
train_000635,9,0.28634128442458934,0.3724080434169138
train_000635,10,0.5382873738657626,0.807159014492175
train_000635,11,0.6118807664642251,0.81807212451995
train_000635,12,0.646683207090697,0.5512751174209656
train_000635,13,0.7229529266506317,-0.5600911402482667
train_000635,14,0.6242833700414314,-0.5793725084949704
train_000635,15,0.5487755693052856,-0.722755777586682
train_000635,16,0.42450535669000056,-0.1040115144570822
train_000635,17,0.2214782911101295,0.6325791701781617
train_000635,18,0.07541373318653746,0.35805889879862957
train_000635,19,0.0,0.39664666076990013
train_000635,20,0.0,0.2137900539949199
train_000635,21,0.0,-0.3984281327230805
train_000635,22,0.0,-0.9254024840072297
train_000635,23,0.0,-0.8561094763326494
train_000635,24,0.0,-0.8346325502123991
train_000636,1,0.0,-0.16224119922498584
train_000636,2,0.0,0.6505776013622515
train_000636,3,0.0,0.5206295485198092
train_000636,4,0.0,0.7578111837163782
train_000636,5,0.0,0.828832855667921
train_000636,6,0.0,0.7519470957272889
train_000636,7,0.04704901544143303,-0.3151900458985293
train_000636,8,0.18878677214771064,-0.26977592632150876
train_000636,9,0.3742898445583561,-0.5666661346497472
train_000636,10,0.6062473872784009,-0.4006534968629459
train_000636,11,0.7675870411538115,0.13144593780274239
train_000636,12,0.8776125425994892,-0.2146356043102558
train_000636,13,0.8970124854454826,0.22736145367001034
train_000636,14,0.858372108038499,-0.5901176580723805
train_000636,15,0.732977018517018,-0.00347640351788109
train_000636,16,0.5470428366272501,-0.0709170454521429
train_000636,17,0.3251833572923018,0.5456765636214672
train_000636,18,0.11152495030475511,0.636421279966414
train_000636,19,0.0,0.8568946190388735
train_000636,20,0.0,0.9071732518342649
train_000636,21,0.0,0.8640929380000558
train_000636,22,0.0,0.6319973126787122
train_000636,23,0.0,0.5718010442561314
train_000636,24,0.0,0.3788725292333031
train_000637,1,0.0,0.03238721657641006
train_000637,2,0.0,-0.43497699486961044
train_000637,3,0.0,-0.1710840267392155
train_000637,4,0.0,-0.24113531494066126
train_000637,5,0.0,0.039124486426461026
train_000637,6,0.0,-0.14426087955285055
train_000637,7,0.02577460059771826,-0.08368353283995221
train_000637,8,0.10656866617414479,0.4546006838280294
train_000637,9,0.21599385083615155,0.419664732079607
train_000637,10,0.29592968754982585,0.45495303991022484
train_000637,11,0.42157899823930817,-0.06839328606517457
train_000637,12,0.39229067118995825,-0.21554144006376097
train_000637,13,0.4200002051685086,-0.6824250288208424
train_000637,14,0.381173040633734,-0.09455315328453788
train_000637,15,0.3443309538410703,0.24433593921928382
train_000637,16,0.2854038743480044,0.5370591126175972
train_000637,17,0.21572527239518127,0.06360203561153649
train_000637,18,0.06756605476074791,-0.26057976230251384
train_000637,19,0.0,-0.8447433605231907
train_000637,20,0.0,-0.06007397048541862
train_000637,21,0.0,-0.6821793138292791
train_000637,22,0.0,-0.0796663148478043
train_000637,23,0.0,-0.8836701699151134
train_000637,24,0.0,-0.5783807123232045
train_000638,1,0.0,0.3729916665623085
train_000638,2,0.0,0.09518962985203575
train_000638,3,0.0,-0.38483057027587
train_000638,4,0.0,0.4587064093861766
train_000638,5,0.0,0.389928718320116
train_000638,6,0.0,-0.03927012575159124
train_000638,7,0.04298083472584498,0.6045862737192385
train_000638,8,0.16901207809475394,0.7991179989860773
train_000638,9,0.3466897140382463,0.870556298118022
train_000638,10,0.5624664676927873,0.9501316339074155
train_000638,11,0.7504382638643978,0.9535189877296707
train_000638,12,0.837700731057805,0.9912967366381814
train_000638,13,0.8395690878456563,0.9567300557723495
train_000638,14,0.809177968505112,0.8127018611242406
train_000638,15,0.7030696883399659,0.7209391688118345
train_000638,16,0.5356909157469304,0.7357735477333265
train_000638,17,0.3085235931167849,0.7501056757247642
train_000638,18,0.10194283824452272,0.5157720123377254
train_000638,19,0.0,0.6033590989838757
train_000638,20,0.0,-0.08124011872943597
train_000638,21,0.0,0.3560269313916239
train_000638,22,0.0,0.760182045297105
train_000638,23,0.0,0.7443060097987011
train_000638,24,0.0,0.7213754736625104
train_000639,1,0.0,0.46405545505877
train_000639,2,0.0,0.4612151632554455
train_000639,3,0.0,0.7337465466718369
train_000639,4,0.0,0.25820486575170915
train_000639,5,0.0,0.3003797070315258
train_000639,6,0.0,-0.3374221775005196
train_000639,7,0.045412848436245816,-0.27330817334669383
train_000639,8,0.18686767537057314,0.5239111201293868
train_000639,9,0.37835502804748233,0.6173773837278919
train_000639,10,0.6053840206207707,0.5302574647547078
train_000639,11,0.7820313136510181,0.4084156947343413
train_000639,12,0.8860279493910577,0.06706486534124588
train_000639,13,0.920231990484167,-0.6742717280525685
train_000639,14,0.8282044567590836,-0.8029193086721372
train_000639,15,0.7130930720528232,-0.9455538745056168
train_000639,16,0.5389095254631387,-0.8862467277293844
train_000639,17,0.30733221533905747,-0.9126488539381203
train_000639,18,0.11115507155138914,-0.8617221447803759
train_000639,19,0.0,-0.9101768473080891
train_000639,20,0.0,-0.3135506072759291
train_000639,21,0.0,-0.5954959065922028
train_000639,22,0.0,-0.27688600796685287
train_000639,23,0.0,-0.25384055833469193
train_000639,24,0.0,0.2284553490473258
train_000640,1,0.0,-0.01596941755862787
train_000640,2,0.0,-0.42676165776367764
train_000640,3,0.0,-0.367928131770307
train_000640,4,0.0,-0.040658141479095904
train_000640,5,0.0,-0.9241934649783767
train_000640,6,0.0,-0.9205769676381358
train_000640,7,0.03345721604798907,-0.8258293769709522
train_000640,8,0.1250897392956882,-0.9364560955448838
train_000640,9,0.26204737048773796,-0.9335098338239767
train_000640,10,0.47611240777851227,-0.7112446272610451
train_000640,11,0.5085674303700009,-0.7521448252833277
train_000640,12,0.5504114276921542,-0.631601952054006
train_000640,13,0.6511883619257148,-0.7766335126925699
train_000640,14,0.6053894307514361,-0.04449083539400971
train_000640,15,0.4952965484632239,-0.6421803734679399
train_000640,16,0.2855724594681688,-0.84760747251262
train_000640,17,0.15562279730218828,0.0017575508601725468
train_000640,18,0.060409524520833736,-0.05649554988364084
train_000640,19,0.0,-0.6556899598609367
train_000640,20,0.0,-0.42497132697751056
train_000640,21,0.0,-0.24638184762450255
train_000640,22,0.0,0.05396671363351514
train_000640,23,0.0,-0.1089877215021607
train_000640,24,0.0,-0.7601090048740125
train_000641,1,0.0,0.6918391758402667
train_000641,2,0.0,0.09495067504058143
train_000641,3,0.0,0.7285265551845612
train_000641,4,0.0,-0.49392548582215934
train_000641,5,0.0,-0.7654705837806131
train_000641,6,0.0,-0.2124634537897518
train_000641,7,0.046247709209574855,-0.29851349909865116
train_000641,8,0.18878846416395337,-0.31026792731361613
train_000641,9,0.3534814699952211,0.3751490694838493
train_000641,10,0.5638116155351088,0.6263581042525553
train_000641,11,0.7572049796954315,-0.4477199756158356
train_000641,12,0.8736383438793173,-0.5888784992239076
train_000641,13,0.9391206016712634,0.09913983089814873
train_000641,14,0.8578107617042873,-0.8023140161222013
train_000641,15,0.7287397406244085,-0.5542490855379679
train_000641,16,0.5485357950269794,0.11733652770517988
train_000641,17,0.3203848879850419,-0.445421482298995
train_000641,18,0.11066380473279826,-0.26310608438833616
train_000641,19,0.0,0.22235814315692573
train_000641,20,0.0,0.10789774907859156
train_000641,21,0.0,0.6562982701828262
train_000641,22,0.0,0.20701929084846915
train_000641,23,0.0,0.09017479607053897
train_000641,24,0.0,-0.26121870567794253
train_000642,1,0.0,-0.9485888961495678
train_000642,2,0.0,-0.8511825252620968
train_000642,3,0.0,-0.8461664769654998
train_000642,4,0.0,-0.8768280833859938
train_000642,5,0.0,-0.7472386232000792
train_000642,6,0.0,-0.4345482564902643
train_000642,7,0.037679871343751115,0.4518260949330691
train_000642,8,0.1456960465772599,0.7669807576650538
train_000642,9,0.3004724453539624,0.6867961836199785
train_000642,10,0.508496686684346,0.8031637574858906
train_000642,11,0.7226803120751156,0.852783608619554
train_000642,12,0.7898593151013319,0.7452467575277939
train_000642,13,0.8051195024734462,-0.2834773038473102
train_000642,14,0.773678291896823,-0.20326783610370133
train_000642,15,0.667975027093755,0.4973808689378604
train_000642,16,0.4592059343829052,0.2486652015082879
train_000642,17,0.26987774578716345,0.36083856317204976
train_000642,18,0.09831753897148454,-0.3118724057756118
train_000642,19,0.0,-0.6309211717949337
train_000642,20,0.0,-0.09343210641192413
train_000642,21,0.0,0.44395939285326613
train_000642,22,0.0,0.07933492826664447
train_000642,23,0.0,0.545324919347806
train_000642,24,0.0,0.14280247195776108
train_000643,1,0.0,0.41435091078628233
train_000643,2,0.0,0.06486318313270228
train_000643,3,0.0,-0.4892184248250556
train_000643,4,0.0,-0.8984951402726645
train_000643,5,0.0,-0.8179097084058098
train_000643,6,0.0,-0.9000340974259005
train_000643,7,0.038137478382163956,-0.6512979439599053
train_000643,8,0.15045162885573757,-0.5553809473855618
train_000643,9,0.3351369303159033,-0.4961505413693318
train_000643,10,0.5036417834791451,-0.29105019199518245
train_000643,11,0.6046136074696644,0.3383433633023431
train_000643,12,0.658579994954171,-0.4204227006190527
train_000643,13,0.6877066685039224,0.017837674716846073
train_000643,14,0.6809055363988804,0.7239785538658379
train_000643,15,0.6017794171480453,0.4041862362973069
train_000643,16,0.4530801524077852,0.11687355420348901
train_000643,17,0.24605033254868722,0.4386638511392718
train_000643,18,0.0885455977754276,-0.1009006172786295
train_000643,19,0.0,0.1082947644177758
train_000643,20,0.0,0.6452621423159716
train_000643,21,0.0,0.4717374413743889
train_000643,22,0.0,0.8244232296979754
train_000643,23,0.0,0.6808386410769661
train_000643,24,0.0,0.767224714624042
train_000644,1,0.0,0.771316760356502
train_000644,2,0.0,0.7563365250128794
train_000644,3,0.0,0.40181971299928504
train_000644,4,0.0,-0.02948544468136161
train_000644,5,0.0,-0.3285338096526807
train_000644,6,0.0,0.5104906906969895
train_000644,7,0.03696779526938518,0.5143961926864835
train_000644,8,0.15528710542257518,0.6110254921954259
train_000644,9,0.31583608561196996,0.6441671350770293
train_000644,10,0.5015368026599992,0.7909551003271129
train_000644,11,0.6157328127787877,0.6883020505738446
train_000644,12,0.7315722504174932,0.8400092013229611
train_000644,13,0.7371461026277857,0.756080588193998
train_000644,14,0.6961137517512721,0.06213623863016907
train_000644,15,0.5838607459694084,0.03457612260644632
train_000644,16,0.45794287780074194,0.18932642900707894
train_000644,17,0.27032186719898366,0.19658793673386654
train_000644,18,0.08546506931349777,-0.616393926334672
train_000644,19,0.0,-0.06709750848224989
train_000644,20,0.0,-0.7627464466093671
train_000644,21,0.0,-0.01616486353507035
train_000644,22,0.0,-0.017499731304420743
train_000644,23,0.0,0.08990131745758663
train_000644,24,0.0,0.33146922106717164
train_000645,1,0.0,-0.6732630239019064
train_000645,2,0.0,-0.2739188640890061
train_000645,3,0.0,-0.04221210737355205
train_000645,4,0.0,0.5888275051343057
train_000645,5,0.0,0.6226439259828576
train_000645,6,0.0,-0.2538842796063887
train_000645,7,0.04799571358158601,-0.047468783269882145
train_000645,8,0.1898573754776898,-0.5419734939669427
train_000645,9,0.37362658211979294,-0.8596676917838896
train_000645,10,0.5936658842924271,-0.7429270377110575
train_000645,11,0.7618661381345873,-0.8595313685932304
train_000645,12,0.8595851394199926,-0.6385150167452255
train_000645,13,0.8929596825831381,-0.6013050870743717
train_000645,14,0.8355762198043175,-0.4739580583994848
train_000645,15,0.7057761051212994,-0.22087854174165936
train_000645,16,0.5285533796628704,-0.1522296926043925
train_000645,17,0.31418535441146483,0.7898463053406284
train_000645,18,0.10886772123032039,0.6024650704663363
train_000645,19,0.0,-0.11891324033060913
train_000645,20,0.0,0.2298019643351342
train_000645,21,0.0,0.27693309342720007
train_000645,22,0.0,0.07952631087579948
train_000645,23,0.0,-0.5314055228813759
train_000645,24,0.0,-0.22590567465783706
train_000646,1,0.0,-0.0343474869223948
train_000646,2,0.0,-0.6870511085417743
train_000646,3,0.0,-0.33262385461928795
train_000646,4,0.0,0.5146158045180262
train_000646,5,0.0,0.6447271309241009
train_000646,6,0.0,-0.33083645187318983
train_000646,7,0.038176044872079436,-0.5017820992400773
train_000646,8,0.15470880678481547,-0.33789109867191985
train_000646,9,0.29715095129310176,-0.13521083292232386
train_000646,10,0.5246200284021943,-0.6524078189962851
train_000646,11,0.6812155629300964,-0.5296630247023402
train_000646,12,0.7780430201904786,-0.04418136994580065
train_000646,13,0.7929935870494326,0.12902027062433685
train_000646,14,0.668986970839078,0.7951608049563482
train_000646,15,0.5776415058631217,0.7883849495812248
train_000646,16,0.4195305064583623,0.4011876756342954
train_000646,17,0.2249047576272178,0.07831555216236386
train_000646,18,0.08237313892391795,0.4917049985819574
train_000646,19,0.0,0.542420104797558
train_000646,20,0.0,-0.16066493907454651
train_000646,21,0.0,0.1157275072653707
train_000646,22,0.0,-0.007851797889054215
train_000646,23,0.0,0.7028631188130523
train_000646,24,0.0,0.2623114297686355
train_000647,1,0.0,-0.19520446051892926
train_000647,2,0.0,-0.4919676679613867
train_000647,3,0.0,-0.9227822799710673
train_000647,4,0.0,-0.9202204500315214
train_000647,5,0.0,-0.9456719917619073
train_000647,6,0.0,-0.6800873560115411
train_000647,7,0.04434063421583891,-0.7287723582748314
train_000647,8,0.17585757882242808,-0.42675035082959933
train_000647,9,0.33475681190568285,0.2696784065799868
train_000647,10,0.553911610408621,0.6591218295146762
train_000647,11,0.7230839659297736,0.7197857853369913
train_000647,12,0.7918815857443909,0.4054660500466364
train_000647,13,0.8957366570436238,-0.365923130186349
train_000647,14,0.8574067123174853,0.2884980381058183
train_000647,15,0.7161619892785303,0.8560124857732565
train_000647,16,0.5202283074961465,0.4678343283539972
train_000647,17,0.3051043243230791,0.38532547094315783
train_000647,18,0.10250962626406296,-0.16212135503712793
train_000647,19,0.0,0.1478079923901579
train_000647,20,0.0,-0.36585373729429527
train_000647,21,0.0,-0.44450467972904634
train_000647,22,0.0,-0.4697812612782617
train_000647,23,0.0,-0.6590762960185841
train_000647,24,0.0,-0.3256319749649773
train_000648,1,0.0,-0.18964559019928903
train_000648,2,0.0,-0.09366496216974263
train_000648,3,0.0,-0.2184390977753184
train_000648,4,0.0,0.7038971378069716
train_000648,5,0.0,-0.09040186843090868
train_000648,6,0.0,0.11850512500620855
train_000648,7,0.03778700875171151,-0.435296997738864
train_000648,8,0.152364609542076,-0.01771169862441065
train_000648,9,0.3343666041384936,0.3146608211629702
train_000648,10,0.5792851098582088,-0.054058978516571494
train_000648,11,0.7556945941411113,0.1799546654437073
train_000648,12,0.8367321639901925,-0.233399162969736
train_000648,13,0.8209729186126983,0.6248116312831378
train_000648,14,0.75666544962922,0.36994801439694597
train_000648,15,0.661087361679547,-0.014389939145380353
train_000648,16,0.5025406866475179,0.2039432847598946
train_000648,17,0.28908323847697387,0.2960793131078273
train_000648,18,0.0973851068253534,0.7138276218346512
train_000648,19,0.0,0.11517301113493794
train_000648,20,0.0,-0.15314638658103172
train_000648,21,0.0,0.38959097940943677
train_000648,22,0.0,0.31491805430544745
train_000648,23,0.0,0.5590017466610397
train_000648,24,0.0,0.4077964239105918
train_000649,1,0.0,-0.3178362456812908
train_000649,2,0.0,-0.431205807679681
train_000649,3,0.0,-0.4676529444815506
train_000649,4,0.0,0.237716497039933
train_000649,5,0.0,0.3586778496681868
train_000649,6,0.0,0.5989904568229989
train_000649,7,0.024696098899269582,0.1792576279973662
train_000649,8,0.09802277110641208,0.16268942320542676
train_000649,9,0.1961148582916582,0.5634002247361147
train_000649,10,0.2836023138028822,-0.05305278783769844
train_000649,11,0.4599915669449891,0.06700886565561666
train_000649,12,0.47849497470586194,-0.18811619442414074
train_000649,13,0.4993860772689771,0.09608724908401285
train_000649,14,0.4681151100289332,0.18492360889494294
train_000649,15,0.39014887986076163,-0.5147955216073821
train_000649,16,0.2896484610131434,-0.8897160007874372
train_000649,17,0.15803663097055975,-0.8186909038365754
train_000649,18,0.06306295818818343,-0.8352220227323324
train_000649,19,0.0,0.13950070543624887
train_000649,20,0.0,-0.07685974194452794
train_000649,21,0.0,0.13943645650640324
train_000649,22,0.0,0.12795780444826216
train_000649,23,0.0,-0.8834743111614691
train_000649,24,0.0,-0.8965972350667285
train_000650,1,0.0,0.5587289637232835
train_000650,2,0.0,0.583678638446658
train_000650,3,0.0,0.19692797762309858
train_000650,4,0.0,0.32820377972515363
train_000650,5,0.0,-0.6357688589586599
train_000650,6,0.0,-0.4675116385945327
train_000650,7,0.03076301406112061,0.02032720200617827
train_000650,8,0.1244735032589929,0.13551804221537617
train_000650,9,0.22630485230484476,0.22050357450862962
train_000650,10,0.315479207913733,0.17749500076038585
train_000650,11,0.49331919160882803,-0.5749693018452561
train_000650,12,0.5837590414590884,-0.6771045805261324
train_000650,13,0.6595915631692675,-0.6352377510558733
train_000650,14,0.6153358525369709,0.3287221059766373
train_000650,15,0.4841108527963461,-0.2795888963156109
train_000650,16,0.3350435130054596,-0.3311713238510723
train_000650,17,0.2046277841840125,-0.7538134115667626
train_000650,18,0.0648070020141392,-0.24487094769479775
train_000650,19,0.0,0.3783394373592714
train_000650,20,0.0,0.18833361344412922
train_000650,21,0.0,0.33809162890677835
train_000650,22,0.0,0.2857672023566369
train_000650,23,0.0,0.7063094840512651
train_000650,24,0.0,0.35102229432390125
train_000651,1,0.0,0.02283870539718106
train_000651,2,0.0,-0.4339594609348981
train_000651,3,0.0,0.10584318267327744
train_000651,4,0.0,0.10570330243804155
train_000651,5,0.0,0.12716710353329977
train_000651,6,0.0,-0.1327449001418836
train_000651,7,0.03497997494555305,-0.7371374600563951
train_000651,8,0.14052046251174538,-0.8147004521086795
train_000651,9,0.28700276617895315,-0.6312398073268621
train_000651,10,0.4371579382329481,-0.5855659770658898
train_000651,11,0.6556874716852603,-0.4426387051616921
train_000651,12,0.7514833970397745,-0.25305599146396407
train_000651,13,0.7212090510960613,0.11495664906749098
train_000651,14,0.7730164662168197,0.8463468438122124
train_000651,15,0.6322160530886474,0.7710810684678753
train_000651,16,0.4984744782632392,0.9434903795490089
train_000651,17,0.2912650310339744,-0.10242369124404363
train_000651,18,0.09534447620098227,-0.13076755413694127
train_000651,19,0.0,-0.43852278566281605
train_000651,20,0.0,0.9083510214340295
train_000651,21,0.0,0.9269810392519838
train_000651,22,0.0,0.9611785147688638
train_000651,23,0.0,0.8719367610422505
train_000651,24,0.0,0.36566109749025005
train_000652,1,0.0,0.8782583303379095
train_000652,2,0.0,0.8845476028598597
train_000652,3,0.0,0.8821470648290672
train_000652,4,0.0,0.8616433444774714
train_000652,5,0.0,0.49494140674385045
train_000652,6,0.0,0.020924968503690067
train_000652,7,0.04813401654380371,0.13617420459998386
train_000652,8,0.19209588036012212,-0.6098717775737075
train_000652,9,0.38696173263331746,-0.5603809051188311
train_000652,10,0.6241059290503567,-0.8752152714057516
train_000652,11,0.8224357341163935,-0.8997669844758239
train_000652,12,0.9356377261161808,-0.46199406970190904
train_000652,13,0.9785903880002812,-0.2799338853175658
train_000652,14,0.9286892746242416,-0.5079540015761341
train_000652,15,0.7861832799547294,-0.031706680188557476
train_000652,16,0.588348836134902,-0.07316473696949687
train_000652,17,0.3433760705472651,0.18653864155682262
train_000652,18,0.11801276833279921,-0.5721358970015797
train_000652,19,0.0,-0.9344352577413858
train_000652,20,0.0,-0.9040833827719257
train_000652,21,0.0,-0.625197195645742
train_000652,22,0.0,0.2846751276148567
train_000652,23,0.0,-0.10350824921086943
train_000652,24,0.0,0.5580845375367861
train_000653,1,0.0,-0.5297435082346693
train_000653,2,0.0,-0.8038856650043407
train_000653,3,0.0,-0.769131590395923
train_000653,4,0.0,-0.693414031212101
train_000653,5,0.0,-0.8468912106574338
train_000653,6,0.0,-0.7668909947333264
train_000653,7,0.04030227284619776,-0.7488712757838547
train_000653,8,0.13640594200042003,-0.3732411882670058
train_000653,9,0.2490563695117003,0.8042768164339686
train_000653,10,0.4189502906859623,0.9221571034025339
train_000653,11,0.5662411440731266,0.8676838172552991
train_000653,12,0.5613183676706093,0.533769385789786
train_000653,13,0.5977470781755949,0.18915487516088259
train_000653,14,0.555078863828212,0.6037681211694743
train_000653,15,0.5041511534288541,0.8743880761957497
train_000653,16,0.35012730561083955,0.7121916625309124
train_000653,17,0.21244268576329992,-0.10648429847732135
train_000653,18,0.07936356698342799,0.19331322110370228
train_000653,19,0.0,0.4487931382803901
train_000653,20,0.0,0.45737330493738376
train_000653,21,0.0,0.17971835687453264
train_000653,22,0.0,-0.6105479576365791
train_000653,23,0.0,-0.5991078629667717
train_000653,24,0.0,-0.5794467693064291
train_000654,1,0.0,0.7532880353257024
train_000654,2,0.0,0.7549470348074042
train_000654,3,0.0,-0.07540184159989385
train_000654,4,0.0,-0.7005039213198028
train_000654,5,0.0,-0.5616133547376532
train_000654,6,0.0,-0.47933511768383685
train_000654,7,0.03329700062432934,0.5112624019924406
train_000654,8,0.13361069760729075,-0.07337394611646224
train_000654,9,0.24922017591494053,0.23497045378224157
train_000654,10,0.4062121047506401,0.4199585452363092
train_000654,11,0.48991168355124454,0.8303463795673987
train_000654,12,0.7316492787748687,0.31337165691122676
train_000654,13,0.6954389985687036,0.4254656739885689
train_000654,14,0.6663157687927194,0.8224708791280975
train_000654,15,0.4811786289486792,0.7570445947555502
train_000654,16,0.2835906034388127,0.7002332028216967
train_000654,17,0.18458781153196557,-0.08683608290736773
train_000654,18,0.06741056388929337,-0.08792140374625311
train_000654,19,0.0,0.2941695837257314
train_000654,20,0.0,0.17169143478774024
train_000654,21,0.0,-0.4631245348470864
train_000654,22,0.0,0.5861160582572703
train_000654,23,0.0,0.6110722123681605
train_000654,24,0.0,0.4043908728611918
train_000655,1,0.0,-0.17529776386059864
train_000655,2,0.0,-0.09360698829550754
train_000655,3,0.0,-0.2208012718816108
train_000655,4,0.0,-0.48570146614958587
train_000655,5,0.0,-0.10770444673587591
train_000655,6,0.0,0.491693040525893
train_000655,7,0.018773385565414198,-0.35120607991356306
train_000655,8,0.08155566411484177,-0.37051295993727107
train_000655,9,0.1911752541144922,-0.2767353825205895
train_000655,10,0.33253910336743536,-0.8198430237504194
train_000655,11,0.4874197828243314,-0.9144001735931211
train_000655,12,0.6724715884052297,-0.907671701141363
train_000655,13,0.6628710494621999,-0.8886214017985032
train_000655,14,0.5213089794014257,0.26894106235174575
train_000655,15,0.4446407848473718,-0.7182056017547183
train_000655,16,0.3081398277254049,-0.10890910532010233
train_000655,17,0.1359667866476988,-0.5776473043644907
train_000655,18,0.04675154948716057,-0.42877892571966786
train_000655,19,0.0,-0.4675232980021383
train_000655,20,0.0,-0.13324688304347002
train_000655,21,0.0,-0.07616122225551762
train_000655,22,0.0,-0.42698396079386963
train_000655,23,0.0,0.01070242615162445
train_000655,24,0.0,-0.08758778805436837
train_000656,1,0.0,-0.17954124854205686
train_000656,2,0.0,-0.6439483262996109
train_000656,3,0.0,-0.5965573373473325
train_000656,4,0.0,-0.03567507838993968
train_000656,5,0.0,0.0332693681072509
train_000656,6,0.0,0.6669203472808285
train_000656,7,0.040987412896660275,0.7385970852035173
train_000656,8,0.17470660959459883,0.8869832399426878
train_000656,9,0.35679162395233655,0.9787350772763821
train_000656,10,0.5424084917687331,0.8689769133888582
train_000656,11,0.6222254321472993,0.4411763062631685
train_000656,12,0.6773864838330736,0.8644178184933384
train_000656,13,0.6489942382218582,0.3694455238626063
train_000656,14,0.6670548178759087,-0.13888753912713736
train_000656,15,0.5895272339439454,0.13243532656888213
train_000656,16,0.4591476030908659,-0.19157906036149494
train_000656,17,0.26796589966350814,0.027413615704909553
train_000656,18,0.09294423484670802,0.03898349658275002
train_000656,19,0.0,0.5325236524000725
train_000656,20,0.0,0.10256788187969983
train_000656,21,0.0,-0.5943921098019647
train_000656,22,0.0,-0.4547741865777838
train_000656,23,0.0,-0.7683432038909687
train_000656,24,0.0,-0.8969409390704556
train_000657,1,0.0,0.38768558181014157
train_000657,2,0.0,0.4130509324225591
train_000657,3,0.0,-0.060169469910243266
train_000657,4,0.0,-0.04031499174862054
train_000657,5,0.0,-0.6425397882662189
train_000657,6,0.0,-0.8208973322467255
train_000657,7,0.04012949421536971,-0.0582189787493343
train_000657,8,0.16938390576370335,-0.5024695012895573
train_000657,9,0.3465252303219455,-0.4910855853079834
train_000657,10,0.5413493247397362,-0.5236707031726873
train_000657,11,0.7135907508368297,-0.7658412714504137
train_000657,12,0.7223357679874286,-0.37100054623348827
train_000657,13,0.7139067976815489,0.3550360816236652
train_000657,14,0.6766004550584965,0.39224061437172086
train_000657,15,0.5478581867870845,-0.38847899822347415
train_000657,16,0.4324957406193696,-0.2425176317310389
train_000657,17,0.258636668675164,-0.2836439811656416
train_000657,18,0.09119657286595993,0.6364797667450097
train_000657,19,0.0,0.0969855329131144
train_000657,20,0.0,-0.6968237575705735
train_000657,21,0.0,-0.5548947351009679
train_000657,22,0.0,-0.7785031936415384
train_000657,23,0.0,-0.45874294473543814
train_000657,24,0.0,-0.038930699059463246
train_000658,1,0.0,-0.7667485280516376
train_000658,2,0.0,-0.4209480664681012
train_000658,3,0.0,0.15514501670641045
train_000658,4,0.0,-0.18480452169573577
train_000658,5,0.0,-0.4192845467926121
train_000658,6,0.0,0.5185446400199596
train_000658,7,0.04585797727065875,0.34765820213452603
train_000658,8,0.18595947480604252,0.0881344998106194
train_000658,9,0.3791764846822975,0.5623124490588407
train_000658,10,0.6130597330611093,0.594470768860192
train_000658,11,0.802407627940804,0.7175065824310246
train_000658,12,0.9146767463035137,0.6641982616393248
train_000658,13,0.9415832696086245,0.4713811660231906
train_000658,14,0.879627965919278,0.5423370156210193
train_000658,15,0.7385512740216883,-0.31541638604835387
train_000658,16,0.5447059606598676,-0.8079323156798576
train_000658,17,0.3246095435824444,-0.4392401407091247
train_000658,18,0.110532173894612,-0.4951015779240685
train_000658,19,0.0,0.03186766909402334
train_000658,20,0.0,-0.41015669488554396
train_000658,21,0.0,0.7407876209940172
train_000658,22,0.0,0.14859219054468606
train_000658,23,0.0,-0.7032454289556094
train_000658,24,0.0,-0.3825572029342021
train_000659,1,0.0,-0.10587801170837086
train_000659,2,0.0,0.4671459975176766
train_000659,3,0.0,-0.25261831939935797
train_000659,4,0.0,0.005472876658796585
train_000659,5,0.0,0.7277723402453081
train_000659,6,0.0,0.8006228948306073
train_000659,7,0.03651750744518153,0.694902223135462
train_000659,8,0.12909506083664987,0.8853036822774338
train_000659,9,0.2531925801349086,0.7182968986388816
train_000659,10,0.39025261203949835,0.7396439742275073
train_000659,11,0.44650712172542556,0.6855123309214537
train_000659,12,0.5966418585642328,0.7785410399090794
train_000659,13,0.6607978663673832,0.6017348321038147
train_000659,14,0.5637049554313808,0.29664869108606123
train_000659,15,0.45004738479766565,0.3810299451084531
train_000659,16,0.27651838646763105,0.30071921764559195
train_000659,17,0.16711702082155605,-0.36752544116488683
train_000659,18,0.06299073896916085,-0.39053026359522375
train_000659,19,0.0,-0.7016365802645019
train_000659,20,0.0,-0.6665137807187964
train_000659,21,0.0,-0.20074916331752524
train_000659,22,0.0,0.40896730809976845
train_000659,23,0.0,0.11890493845418172
train_000659,24,0.0,0.5899689299745368
train_000660,1,0.0,-0.6400085510877852
train_000660,2,0.0,-0.5682588742479726
train_000660,3,0.0,-0.6130151702591816
train_000660,4,0.0,0.339832541551526
train_000660,5,0.0,-0.2384903084887324
train_000660,6,0.0,0.18733184896243818
train_000660,7,0.04266033732004577,0.7725526759201958
train_000660,8,0.16651358875359537,0.884183103671626
train_000660,9,0.2985655078611527,0.8546269316312489
train_000660,10,0.5144021248018611,0.5441728626548286
train_000660,11,0.7093938570687873,0.6003809603335812
train_000660,12,0.8459119554365345,-0.22159254031630354
train_000660,13,0.8530185638616649,-0.09429769928456883
train_000660,14,0.8272838821425752,-0.1666036894022572
train_000660,15,0.6545845785739214,-0.12476192622633467
train_000660,16,0.48443903457104853,-0.1597815250388057
train_000660,17,0.2907865436534111,0.1181655406068358
train_000660,18,0.10169841780850357,0.6163057095910107
train_000660,19,0.0,0.8694032002971233
train_000660,20,0.0,0.8610979256570742
train_000660,21,0.0,0.7480715384430658
train_000660,22,0.0,0.3248593356803548
train_000660,23,0.0,0.47412670601112916
train_000660,24,0.0,0.20642874565500438
train_000661,1,0.0,-0.0531052746489937
train_000661,2,0.0,-0.5355582542168316
train_000661,3,0.0,0.23300726757062554
train_000661,4,0.0,-0.340898383669576
train_000661,5,0.0,0.1686989260639045
train_000661,6,0.0,-0.027373207793445625
train_000661,7,0.03777542928394727,-0.061399677564601525
train_000661,8,0.1487421106038663,-0.16274905125872688
train_000661,9,0.3243318274834398,0.44728880525018305
train_000661,10,0.5166600604213567,0.11591592996176027
train_000661,11,0.6908294928726828,0.32040542489920215
train_000661,12,0.7603855430322982,0.2206814551329612
train_000661,13,0.8240077196307873,-0.4406538773744326
train_000661,14,0.7733353574204902,0.4136765784975329
train_000661,15,0.6300421765470254,-0.08340799151271881
train_000661,16,0.4700528935609812,-0.22466270122386708
train_000661,17,0.28841339128079696,-0.27893150170286884
train_000661,18,0.08724551914145369,0.004694851280270478
train_000661,19,0.0,-0.7195771623635876
train_000661,20,0.0,-0.9459003646033173
train_000661,21,0.0,-0.9448598160254159
train_000661,22,0.0,-0.8639292664690519
train_000661,23,0.0,-0.8816655099162967
train_000661,24,0.0,-0.717424264518745
train_000662,1,0.0,0.8748000548011686
train_000662,2,0.0,0.7432713604232062
train_000662,3,0.0,0.8198456579977274
train_000662,4,0.0,0.43487507225912625
train_000662,5,0.0,0.9126988614529582
train_000662,6,0.0,0.867213543036718
train_000662,7,0.042240043588726184,0.8178778622031899
train_000662,8,0.17151304616497953,0.6095052823917848
train_000662,9,0.34120659403213544,0.2567560570673214
train_000662,10,0.519613931576433,0.5968826343946705
train_000662,11,0.6402630799995556,0.6248197343820242
train_000662,12,0.7728888326739813,0.5853685584255361
train_000662,13,0.8029288478416499,0.3673952818613932
train_000662,14,0.7371404105150041,0.7252232507608216
train_000662,15,0.6203378596851924,0.31562873347550796
train_000662,16,0.477007784521351,-0.3333564556939318
train_000662,17,0.28290585055376294,-0.24158828364740315
train_000662,18,0.10513770763815006,-0.09326943659072115
train_000662,19,0.0,-0.23486129563218955
train_000662,20,0.0,-0.7253976860348661
train_000662,21,0.0,-0.11827492523036787
train_000662,22,0.0,0.46785324589644606
train_000662,23,0.0,0.06800960622332998
train_000662,24,0.0,0.5320014952568729
train_000663,1,0.0,0.2827372204265078
train_000663,2,0.0,0.44632344006650776
train_000663,3,0.0,-0.025795934868190627
train_000663,4,0.0,0.24394966004521135
train_000663,5,0.0,-0.6111576762286123
train_000663,6,0.0,0.16865618941075472
train_000663,7,0.04362467376219656,0.5321405179569791
train_000663,8,0.17436049839067136,0.0864436067079893
train_000663,9,0.3643902591569477,-0.026185975680266177
train_000663,10,0.5883582572003571,0.5039540684463168
train_000663,11,0.7508583906053735,0.6155321350995406
train_000663,12,0.8186180353717893,0.23958836573627537
train_000663,13,0.8336298136083965,0.5184338823640604
train_000663,14,0.7573963738118856,0.2407953741074617
train_000663,15,0.6034657165885193,-0.05059954775609482
train_000663,16,0.4617556703026866,0.06992507242228592
train_000663,17,0.25596752120367783,-0.5300022113460628
train_000663,18,0.08693314435499697,0.20074425157033726
train_000663,19,0.0,0.5859759502716468
train_000663,20,0.0,0.6881380802611021
train_000663,21,0.0,0.36957255937865463
train_000663,22,0.0,0.15291879773605724
train_000663,23,0.0,-0.3923416323553692
train_000663,24,0.0,-0.43005989872107536
train_000664,1,0.0,-0.9729876212932075
train_000664,2,0.0,-0.9530903292398311
train_000664,3,0.0,-0.9453971899138474
train_000664,4,0.0,-0.8202589714852334
train_000664,5,0.0,-0.95470523971309
train_000664,6,0.0,-0.9189256629024238
train_000664,7,0.033662061139740775,-0.4989936661992451
train_000664,8,0.1437161589353581,0.820300385055288
train_000664,9,0.28043802564218573,0.8740298375989285
train_000664,10,0.4800682878897408,0.7912531835317413
train_000664,11,0.6207640540118521,0.42204652736338927
train_000664,12,0.7145670876663467,0.09959694329068568
train_000664,13,0.7490042783484162,0.6011596200250895
train_000664,14,0.6660893922254248,0.8549447001958649
train_000664,15,0.5777905002346913,0.7014212924508446
train_000664,16,0.43211856784998265,0.04427180046309705
train_000664,17,0.2128289868159425,0.22326145699210834
train_000664,18,0.07252880651389118,-0.5484110598256855
train_000664,19,0.0,-0.37489635442642777
train_000664,20,0.0,-0.6492040545495638
train_000664,21,0.0,-0.9112756666839554
train_000664,22,0.0,-0.9045333833502164
train_000664,23,0.0,-0.8416815319357711
train_000664,24,0.0,-0.3911057663371787
train_000665,1,0.0,0.7420888120110023
train_000665,2,0.0,0.4315127607939479
train_000665,3,0.0,0.05605472015703912
train_000665,4,0.0,0.7510562363081734
train_000665,5,0.0,0.8997744597487994
train_000665,6,0.0,0.5548279105203759
train_000665,7,0.041984626908444705,0.05158321145975522
train_000665,8,0.17062889087358946,-0.4142340947371785
train_000665,9,0.330189961626879,0.3548157950614526
train_000665,10,0.5407435101750578,0.3452045892238373
train_000665,11,0.7066868686512315,0.06858225463564092
train_000665,12,0.7197319302091623,0.47481568175607136
train_000665,13,0.7667019907981588,0.048022290864219115
train_000665,14,0.735327885013633,0.3024671625815511
train_000665,15,0.6493380750220099,0.41135237371831523
train_000665,16,0.4826075967978686,-0.011882355397381337
train_000665,17,0.2868034010367549,0.3850917147070845
train_000665,18,0.09693186562172762,0.28897265859637233
train_000665,19,0.0,-0.5354057808518627
train_000665,20,0.0,0.04556191905223785
train_000665,21,0.0,-0.8088874528644191
train_000665,22,0.0,-0.8590403693671913
train_000665,23,0.0,-0.7949308882258737
train_000665,24,0.0,-0.298154100534367
train_000666,1,0.0,0.44853995017350823
train_000666,2,0.0,-0.4287834903422711
train_000666,3,0.0,-0.2995973110035577
train_000666,4,0.0,-0.1337149182717247
train_000666,5,0.0,0.1366389577027267
train_000666,6,0.0,0.2598688934236316
train_000666,7,0.03936183298164066,0.23736458368089589
train_000666,8,0.16266283983812002,-0.020486590394903983
train_000666,9,0.3015358215746423,-0.14630633470273985
train_000666,10,0.4968802918564921,0.5317067134669899
train_000666,11,0.6541093837090778,0.28234888222199367
train_000666,12,0.7070679585870334,0.17851020872663584
train_000666,13,0.7305770076981704,-0.4739840414181523
train_000666,14,0.7145705403793496,0.29451358822012386
train_000666,15,0.5758039483858018,0.28384942619062026
train_000666,16,0.3490491200472923,0.1494068619505231
train_000666,17,0.19897146271751245,0.26576965079855974
train_000666,18,0.07269477462815993,-0.06314461066499388
train_000666,19,0.0,-0.6511323618973428
train_000666,20,0.0,-0.45313137309550877
train_000666,21,0.0,-0.5912964149420401
train_000666,22,0.0,-0.34152021553392026
train_000666,23,0.0,-0.35576139419529745
train_000666,24,0.0,-0.31553310892332587
train_000667,1,0.0,-0.17142585024162113
train_000667,2,0.0,-0.9171711482527545
train_000667,3,0.0,-0.9088988207316265
train_000667,4,0.0,-0.9218201058151946
train_000667,5,0.0,-0.2072723143458624
train_000667,6,0.0,0.01121003267850323
train_000667,7,0.04663540048317479,-0.48245102430213926
train_000667,8,0.18824327312753608,-0.652592338876421
train_000667,9,0.3811653154796504,-0.5816137923705995
train_000667,10,0.6119043897211408,0.4847663521557767
train_000667,11,0.7755422707178847,-0.31244619830646025
train_000667,12,0.8820304080635517,-0.6408315010879524
train_000667,13,0.9317639413786772,-0.269589446733201
train_000667,14,0.869216768839471,0.60868596677525
train_000667,15,0.7256712876285452,0.5805984548576855
train_000667,16,0.5518852726494138,-0.6230475846670485
train_000667,17,0.3172736857930099,0.5434850268514793
train_000667,18,0.1087565108140041,0.29323517786915404
train_000667,19,0.0,0.5265296203577479
train_000667,20,0.0,-0.08977916881145637
train_000667,21,0.0,-0.2785985173300787
train_000667,22,0.0,-0.6601368126809817
train_000667,23,0.0,0.26169061143210776
train_000667,24,0.0,0.7878373348241918
train_000668,1,0.0,-0.39807797118130367
train_000668,2,0.0,-0.43674858256214444
train_000668,3,0.0,0.44482190856137493
train_000668,4,0.0,0.20666704805114736
train_000668,5,0.0,0.26996048858281213
train_000668,6,0.0,0.9163054317501088
train_000668,7,0.03653979174002708,0.8982015100756364
train_000668,8,0.13670420843854508,0.4993160800626396
train_000668,9,0.26437459068303254,-0.048902288701450136
train_000668,10,0.4117499319683543,0.2983910097033812
train_000668,11,0.5447675246278182,0.28461103087967404
train_000668,12,0.6489660929422987,0.4522809735480067
train_000668,13,0.7209768142333868,0.6294058225597754
train_000668,14,0.652233834272914,0.7665512014370381
train_000668,15,0.5558279608852787,-0.4009641029291437
train_000668,16,0.4271154286118235,-0.46068882689581386
train_000668,17,0.272844865267017,0.37757634494431797
train_000668,18,0.0983960942270544,-0.5049011429277703
train_000668,19,0.0,0.1414865564402069
train_000668,20,0.0,0.14018496085246335
train_000668,21,0.0,0.7927210115568379
train_000668,22,0.0,0.9492536080566514
train_000668,23,0.0,0.9116261457324227
train_000668,24,0.0,0.9552013192573007
train_000669,1,0.0,0.6292913281330262
train_000669,2,0.0,0.5953909133188315
train_000669,3,0.0,0.11051089246461522
train_000669,4,0.0,-0.29491465524520766
train_000669,5,0.0,-0.7330011424210079
train_000669,6,0.0,-0.3076548805449947
train_000669,7,0.03286484605718715,-0.7961103811754436
train_000669,8,0.12854079885928998,-0.5879658659248042
train_000669,9,0.25170065311275486,-0.30477652242417835
train_000669,10,0.3743366451222286,0.15465871536306394
train_000669,11,0.48917222121215975,0.11156661894175392
train_000669,12,0.5678485777051978,0.183908171002608
train_000669,13,0.662986509181818,0.1679587595012044
train_000669,14,0.6907526176413222,-0.21885016050333675
train_000669,15,0.5818236089136964,-0.40179877018790294
train_000669,16,0.4361087005480159,-0.09757220565665528
train_000669,17,0.26073153390032333,-0.1442964550717212
train_000669,18,0.08957288882172665,-0.5486691248908429
train_000669,19,0.0,-0.627414146655466
train_000669,20,0.0,-0.4064883480015352
train_000669,21,0.0,-0.8120453600743642
train_000669,22,0.0,-0.8196884075863117
train_000669,23,0.0,0.277863790648802
train_000669,24,0.0,0.4541547344855319
train_000670,1,0.0,-0.6310479099389452
train_000670,2,0.0,-0.9127642403055802
train_000670,3,0.0,-0.8179946829824207
train_000670,4,0.0,-0.22537785569454774
train_000670,5,0.0,-0.2352454674284233
train_000670,6,0.0,0.6719569446984455
train_000670,7,0.023995787596329827,0.3873496187940688
train_000670,8,0.11098013293247007,-0.10570953453543487
train_000670,9,0.16907690543282378,-0.7920598695837122
train_000670,10,0.29071116221426013,-0.6072616782029894
train_000670,11,0.335334735454512,-0.522433533085622
train_000670,12,0.4158684328134651,-0.22357548537840125
train_000670,13,0.40990236241558026,0.4611405748962931
train_000670,14,0.4442092517386418,0.42658997447419245
train_000670,15,0.3440691410021759,0.34232878023052943
train_000670,16,0.2983681815268359,-0.14443664780001075
train_000670,17,0.15982985126537624,-0.8689388338078214
train_000670,18,0.038592281688732216,-0.7056045330742511
train_000670,19,0.0,-0.045257006461654016
train_000670,20,0.0,0.5475212355354444
train_000670,21,0.0,0.0072156413906246004
train_000670,22,0.0,-0.30514315192846003
train_000670,23,0.0,-0.6428381278138752
train_000670,24,0.0,-0.8563055555947479
train_000671,1,0.0,0.6578602098198072
train_000671,2,0.0,0.5242014606220036
train_000671,3,0.0,0.00985748689531349
train_000671,4,0.0,-0.3909307833435496
train_000671,5,0.0,0.3599905102574049
train_000671,6,0.0,-0.7074615636390762
train_000671,7,0.04156296426790641,-0.15516671004881832
train_000671,8,0.1665152023152738,0.290478861101147
train_000671,9,0.3263843135923517,0.7010135427831127
train_000671,10,0.5397394355535622,-0.3015162333051827
train_000671,11,0.6805129744732487,-0.018364184760388036
train_000671,12,0.7529548297617327,0.06179529943102634
train_000671,13,0.7262936367077878,0.5583439936291297
train_000671,14,0.6659431602239568,0.26917334481582406
train_000671,15,0.582292672372612,-0.738241364320743
train_000671,16,0.4575436889525073,-0.32703250472219275
train_000671,17,0.2770673042723997,-0.621053938344294
train_000671,18,0.09213988041660577,-0.7819487717571617
train_000671,19,0.0,-0.6512957504539556
train_000671,20,0.0,-0.3885797776872265
train_000671,21,0.0,0.7767340340126201
train_000671,22,0.0,0.6317140675523328
train_000671,23,0.0,0.5285165819578524
train_000671,24,0.0,-0.1596118704508309
train_000672,1,0.0,-0.4104331450857393
train_000672,2,0.0,-0.3290959809127558
train_000672,3,0.0,-0.5677000112312469
train_000672,4,0.0,-0.784848424832348
train_000672,5,0.0,-0.1846617394428234
train_000672,6,0.0,-0.6774968742358451
train_000672,7,0.027072882879727894,0.006814009203780905
train_000672,8,0.1243854964872603,0.3198089521825894
train_000672,9,0.22430634803439828,0.10232763897790796
train_000672,10,0.3935565503412222,-0.17805431016145734
train_000672,11,0.5513781363053071,0.7404382141185718
train_000672,12,0.6329385142080544,0.7993084239356106
train_000672,13,0.7295278805939472,0.6769367956647905
train_000672,14,0.6884976848728979,0.9712965193743063
train_000672,15,0.5274998293729697,0.8884205795952745
train_000672,16,0.4415840225122097,0.8220605908805306
train_000672,17,0.25364269185445476,0.6391710866497196
train_000672,18,0.08657608045804359,0.9073862724803614
train_000672,19,0.0,-0.1477213688273822
train_000672,20,0.0,0.0846132846582825
train_000672,21,0.0,0.6263521787877718
train_000672,22,0.0,-0.07562288625428798
train_000672,23,0.0,-0.4313214319012357
train_000672,24,0.0,-0.8705914038242313
train_000673,1,0.0,0.254092787287158
train_000673,2,0.0,-0.2587829780425454
train_000673,3,0.0,-0.40699714716633534
train_000673,4,0.0,0.05455073674400201
train_000673,5,0.0,0.6337349608038465
train_000673,6,0.0,0.23747422665613083
train_000673,7,0.04110313867980226,0.7691021395122807
train_000673,8,0.1702242868017182,0.5721406936714921
train_000673,9,0.3335340706028467,-0.5425337096634475
train_000673,10,0.5233898066197382,-0.19557863560589653
train_000673,11,0.6376998058707857,-0.2266978465278307
train_000673,12,0.7721655631349154,-0.6958720479241816
train_000673,13,0.7695996379522465,-0.6644765264685364
train_000673,14,0.700990937722758,-0.6852933527540186
train_000673,15,0.5824039930315211,-0.5524883198550239
train_000673,16,0.4440960774460991,-0.7185666651043191
train_000673,17,0.25569262672698984,-0.41760277790808537
train_000673,18,0.07598121798761476,-0.6995838314758891
train_000673,19,0.0,0.450481724758844
train_000673,20,0.0,0.8960945256245736
train_000673,21,0.0,0.5751859659592071
train_000673,22,0.0,-0.18420895596505538
train_000673,23,0.0,-0.3328737855718484
train_000673,24,0.0,-0.07723199216970987
train_000674,1,0.0,0.3713698309081478
train_000674,2,0.0,0.08504264281231
train_000674,3,0.0,0.34651099898657184
train_000674,4,0.0,-0.09674008416531905
train_000674,5,0.0,-0.303956296043395
train_000674,6,0.0,-0.7437399779812641
train_000674,7,0.02935114491256943,-0.5562487228490729
train_000674,8,0.095625714365491,-0.5252342161356789
train_000674,9,0.1840234936387393,0.12812775261202647
train_000674,10,0.3063954715354581,0.3120671528745632
train_000674,11,0.41017098541650515,-0.43405355975552196
train_000674,12,0.4697214474457744,0.007798332107302341
train_000674,13,0.48935225992294723,-0.7481395079397356
train_000674,14,0.37300091353545506,-0.6102960007435698
train_000674,15,0.36517869273248094,-0.47082802423936587
train_000674,16,0.2666751530213065,-0.6640102641422261
train_000674,17,0.15999245433340817,-0.6629084479247954
train_000674,18,0.059624811431273385,-0.08021245611908952
train_000674,19,0.0,-0.5836941340461375
train_000674,20,0.0,-0.7434251960957285
train_000674,21,0.0,-0.7510487071165279
train_000674,22,0.0,-0.557029191441514
train_000674,23,0.0,-0.43263336060931346
train_000674,24,0.0,0.0036720965588153227
train_000675,1,0.0,-0.29634517870772703
train_000675,2,0.0,0.09918103143338032
train_000675,3,0.0,0.3801784494507956
train_000675,4,0.0,0.7128018706582793
train_000675,5,0.0,0.08945550342230886
train_000675,6,0.0,-0.2274604569051954
train_000675,7,0.028520438549710148,-0.7358785315394409
train_000675,8,0.110680466968973,-0.7793038561258425
train_000675,9,0.222004689942208,-0.5516311718266049
train_000675,10,0.35152593379247776,-0.918077140705272
train_000675,11,0.3863297626490742,-0.056757505748148085
train_000675,12,0.45253637429286037,0.01548146831796191
train_000675,13,0.40804991443509053,-0.13176518006322563
train_000675,14,0.35761533387019095,0.396355825897602
train_000675,15,0.3169067945474366,0.7524514831189164
train_000675,16,0.26315285380903525,0.8331377878569872
train_000675,17,0.1593727819748173,0.7155705086647757
train_000675,18,0.046729134909322116,0.5731362246727023
train_000675,19,0.0,0.19000350898022564
train_000675,20,0.0,0.8072216737091924
train_000675,21,0.0,0.6560455640608196
train_000675,22,0.0,-0.5344980334736631
train_000675,23,0.0,-0.5914806292346176
train_000675,24,0.0,0.6297245476962015
train_000676,1,0.0,-0.8764395190137824
train_000676,2,0.0,-0.3743323266994409
train_000676,3,0.0,0.20698656052268008
train_000676,4,0.0,0.2144861782784612
train_000676,5,0.0,0.5057309756505464
train_000676,6,0.0,-0.3612785573314378
train_000676,7,0.04129970658917433,-0.8140932039504123
train_000676,8,0.1645416652394243,-0.7679488552797512
train_000676,9,0.3239851563363221,-0.7966582331831761
train_000676,10,0.5268119832954988,-0.6742224856888078
train_000676,11,0.6782091708238679,-0.8027136452199434
train_000676,12,0.7791246228575643,-0.8368642115931465
train_000676,13,0.7447791213593765,-0.4423135634717644
train_000676,14,0.7371767994187224,-0.5837300100576199
train_000676,15,0.6064375641604454,-0.7280361610340321
train_000676,16,0.5015759548307985,-0.8127884867678707
train_000676,17,0.2992494786224508,0.51590740482921
train_000676,18,0.0971615016228812,0.49616716027150165
train_000676,19,0.0,0.6777815429362937
train_000676,20,0.0,0.24476025303590185
train_000676,21,0.0,0.13650565525501537
train_000676,22,0.0,-0.17209016282258746
train_000676,23,0.0,-0.28072928800111563
train_000676,24,0.0,0.22846562189043548
train_000677,1,0.0,0.25365190892584905
train_000677,2,0.0,0.4883796355332135
train_000677,3,0.0,-0.037731959088428725
train_000677,4,0.0,-0.6739120996374806
train_000677,5,0.0,-0.49010709998848156
train_000677,6,0.0,-0.6412028768694074
train_000677,7,0.04062113787682466,0.13666396659707924
train_000677,8,0.17233860649710026,0.3349555704735535
train_000677,9,0.34634270543392975,0.4110491982261327
train_000677,10,0.5474425325761915,-0.3180045495015519
train_000677,11,0.7373443201151975,-0.0023439759518391356
train_000677,12,0.8494094409739675,-0.3389687727942066
train_000677,13,0.9113101701749052,-0.09926074254477464
train_000677,14,0.839006598901836,-0.3499870956559152
train_000677,15,0.7060562161457615,-0.0006864987127832141
train_000677,16,0.522688043649854,-0.5646285036634525
train_000677,17,0.3012718939869343,-0.5997051546313237
train_000677,18,0.10536069315289759,0.2496641981731457
train_000677,19,0.0,0.5230757513691073
train_000677,20,0.0,0.13520559711384916
train_000677,21,0.0,0.7324777985904436
train_000677,22,0.0,0.11676245941742397
train_000677,23,0.0,0.8287938964964774
train_000677,24,0.0,0.6459210403115954
train_000678,1,0.0,0.767848140639849
train_000678,2,0.0,-0.076065969560801
train_000678,3,0.0,0.5520130243931356
train_000678,4,0.0,-0.14424774274197413
train_000678,5,0.0,-0.5445970632466044
train_000678,6,0.0,-0.087718384731442
train_000678,7,0.03850442016547347,0.07082975832950393
train_000678,8,0.16251589744552253,0.7843183777061524
train_000678,9,0.3243271875699234,0.2783452803196951
train_000678,10,0.5633924810667618,-0.15165975903511497
train_000678,11,0.7151459850848084,0.16823048578430763
train_000678,12,0.7979014454685452,-0.44329920899412173
train_000678,13,0.8342296418625382,-0.5955225142713692
train_000678,14,0.8335448039623359,-0.6341989631113308
train_000678,15,0.7260183200840057,-0.4214668438829567
train_000678,16,0.5403360688106493,-0.08195981637850815
train_000678,17,0.3135848201097758,0.6844598751792151
train_000678,18,0.10817374740179313,0.9073215111156085
train_000678,19,0.0,0.967840965259907
train_000678,20,0.0,0.8991450845063205
train_000678,21,0.0,0.7696614410125554
train_000678,22,0.0,-0.6970255642894982
train_000678,23,0.0,-0.6825348682273524
train_000678,24,0.0,-0.45555480804363013
train_000679,1,0.0,0.2227671527909669
train_000679,2,0.0,0.6002974411782833
train_000679,3,0.0,0.4420559309402524
train_000679,4,0.0,0.6069337743698012
train_000679,5,0.0,0.669551135358617
train_000679,6,0.0,0.15017540096795498
train_000679,7,0.03703228610722833,-0.74957018465812
train_000679,8,0.15309690754266636,-0.26751470409966727
train_000679,9,0.2969630196996575,-0.5488648047042127
train_000679,10,0.4877658783374549,-0.660859727633922
train_000679,11,0.6273544006516742,-0.4964894291826524
train_000679,12,0.6439707808765046,-0.8955803554508086
train_000679,13,0.5467942610013262,-0.9142525584527679
train_000679,14,0.5160442610992615,-0.33378279647945364
train_000679,15,0.48526673145320615,-0.10324519524155124
train_000679,16,0.40107200938448345,0.540992690955598
train_000679,17,0.218657689848814,0.4665722399257911
train_000679,18,0.07101045072552764,0.5178688121501569
train_000679,19,0.0,0.8742104036884397
train_000679,20,0.0,0.7505720271520184
train_000679,21,0.0,0.4998710282003115
train_000679,22,0.0,0.7973831510708559
train_000679,23,0.0,0.39948415491930295
train_000679,24,0.0,0.568819205342562
train_000680,1,0.0,0.569833467395737
train_000680,2,0.0,0.9132232483110322
train_000680,3,0.0,0.34566754701259245
train_000680,4,0.0,0.7091010115279175
train_000680,5,0.0,0.6804192348242983
train_000680,6,0.0,0.31332612642037133
train_000680,7,0.03931598364065766,0.42628617810518693
train_000680,8,0.1618255014405764,0.6803559399187292
train_000680,9,0.3159555650828158,0.029252368560230568
train_000680,10,0.5105460034452083,-0.7329818322772702
train_000680,11,0.7149470123583941,-0.16852258770432496
train_000680,12,0.8085232403980318,-0.49346111660218483
train_000680,13,0.8603907199187968,-0.3950408931924613
train_000680,14,0.828287610826036,-0.39000061547735676
train_000680,15,0.6756302306172819,-0.257295447118434
train_000680,16,0.44235250900957246,-0.3018339512531806
train_000680,17,0.28638236645746085,-0.40519005079681614
train_000680,18,0.09423499851127506,-0.6073037026169351
train_000680,19,0.0,-0.43586893922229125
train_000680,20,0.0,-0.772824537203717
train_000680,21,0.0,-0.7802717277455643
train_000680,22,0.0,-0.8931342409740859
train_000680,23,0.0,-0.8052737211844676
train_000680,24,0.0,-0.8331076059834845
train_000681,1,0.0,-0.5863578133609783
train_000681,2,0.0,0.12603532224992497
train_000681,3,0.0,0.3708402738922559
train_000681,4,0.0,-0.31187550604022124
train_000681,5,0.0,-0.6697164858594726
train_000681,6,0.0,-0.5357949804799992
train_000681,7,0.03920920120593043,-0.2591035012575144
train_000681,8,0.1541907350032723,0.19818064200346522
train_000681,9,0.29126757999202424,0.3486808698682731
train_000681,10,0.45767288265755746,0.19087493285199325
train_000681,11,0.6421472515318127,0.6571619650470364
train_000681,12,0.7819487033253143,0.3412658933770395
train_000681,13,0.8513659884925243,0.16963104800586862
train_000681,14,0.7957796739956964,0.010929019353852553
train_000681,15,0.6787876777915098,-0.2872433175366846
train_000681,16,0.5007354530812745,-0.7661533187794145
train_000681,17,0.274748297324805,-0.7430078091227874
train_000681,18,0.09228912130870073,0.002589492941812941
train_000681,19,0.0,0.12655065206993327
train_000681,20,0.0,-0.03638089729395393
train_000681,21,0.0,-0.13543952867400594
train_000681,22,0.0,0.7455465332962521
train_000681,23,0.0,0.9490428026803074
train_000681,24,0.0,0.6303466630448566
train_000682,1,0.0,-0.30834164974065625
train_000682,2,0.0,0.05925159785298556
train_000682,3,0.0,-0.0029693735642078024
train_000682,4,0.0,0.8366900567693731
train_000682,5,0.0,0.8486660791425394
train_000682,6,0.0,0.2783909338249401
train_000682,7,0.04600931118619888,0.09976225904335763
train_000682,8,0.18643651030492223,0.35336158294794007
train_000682,9,0.3674230745727303,0.3330960752745773
train_000682,10,0.5701808172195116,0.5155701878178244
train_000682,11,0.7163343926995409,0.605033540923427
train_000682,12,0.8180883675601899,-0.2930430834554444
train_000682,13,0.8370764603751571,-0.10916214499834771
train_000682,14,0.8185851857847941,-0.07875176537879995
train_000682,15,0.6909493778005317,0.7124918543913153
train_000682,16,0.5350000487689611,0.027457994439985797
train_000682,17,0.29762369511777476,-0.4129969938716369
train_000682,18,0.10469028663121453,-0.6110658762810899
train_000682,19,0.0,-0.8690454733417015
train_000682,20,0.0,-0.4300357669614115
train_000682,21,0.0,-0.3833610951300803
train_000682,22,0.0,0.2382894505098845
train_000682,23,0.0,-0.22125417832755245
train_000682,24,0.0,-0.3470618269116487
train_000683,1,0.0,0.7311422099125185
train_000683,2,0.0,0.823949470605817
train_000683,3,0.0,0.23818946198076138
train_000683,4,0.0,0.16524395244873286
train_000683,5,0.0,-0.443533891673381
train_000683,6,0.0,-0.4497856026606185
train_000683,7,0.045945025487766245,-0.5209296840574876
train_000683,8,0.1852320851845273,-0.4643132904805002
train_000683,9,0.3498946405832697,-0.19677727376366058
train_000683,10,0.5600788102066244,0.11112394645389016
train_000683,11,0.7383907207864874,0.30373259235376954
train_000683,12,0.8179904603982947,-0.006151330591179839
train_000683,13,0.8613552867759873,-0.4561583216732873
train_000683,14,0.8413509750172914,0.47747809003163144
train_000683,15,0.6941141209229769,0.23823256915556382
train_000683,16,0.5160472888780834,0.20533904935567904
train_000683,17,0.30356864177110704,-0.34271908116344996
train_000683,18,0.10580447141408891,-0.3376868769288745
train_000683,19,0.0,-0.5345715181056234
train_000683,20,0.0,0.3249070628162326
train_000683,21,0.0,0.5651915021945186
train_000683,22,0.0,0.776057110532308
train_000683,23,0.0,0.7589196285395661
train_000683,24,0.0,0.8171187133534932
train_000684,1,0.0,0.8347802480528873
train_000684,2,0.0,0.8645336237404162
train_000684,3,0.0,0.13666777346504572
train_000684,4,0.0,0.09491459664606057
train_000684,5,0.0,-0.24651605224383277
train_000684,6,0.0,-0.6979731099105929
train_000684,7,0.03534351130856339,-0.5492571301214426
train_000684,8,0.15467374681800392,-0.0271570396118536
train_000684,9,0.33465012215377704,-0.5659092673669929
train_000684,10,0.5102623421032333,-0.8306455067871036
train_000684,11,0.6460237743416603,-0.8552113987639614
train_000684,12,0.7962795727923857,-0.6583008858276851
train_000684,13,0.812920621277134,-0.4077629437081951
train_000684,14,0.725819526243487,-0.6085812667070518
train_000684,15,0.6315357153791721,-0.17107103131894277
train_000684,16,0.46845444011656057,-0.29386099241307917
train_000684,17,0.26748232212638684,0.6742482275752353
train_000684,18,0.09434248888228264,0.5053168059968587
train_000684,19,0.0,0.30962070782132933
train_000684,20,0.0,0.8270272100887015
train_000684,21,0.0,0.7920131607522176
train_000684,22,0.0,0.393640228399266
train_000684,23,0.0,0.4172764077371518
train_000684,24,0.0,0.5943960113069128
train_000685,1,0.0,0.1350333808602537
train_000685,2,0.0,0.018088867356553483
train_000685,3,0.0,-0.31098330708178
train_000685,4,0.0,-0.27654418496061706
train_000685,5,0.0,0.8649822266254645
train_000685,6,0.0,0.33517265828344417
train_000685,7,0.030050104601452757,-0.3138905965957233
train_000685,8,0.13000122078844273,0.14020093753269258
train_000685,9,0.2646281958502777,0.5822988238407192
train_000685,10,0.40287625551406353,0.9443950296071738
train_000685,11,0.5666245460978737,0.7750458483322411
train_000685,12,0.636563067633595,-0.03393200449326788
train_000685,13,0.6802046266272146,0.05653156690523864
train_000685,14,0.6312303415005933,-0.7693621375849248
train_000685,15,0.45921112707700984,-0.670644127587495
train_000685,16,0.38952634960010224,-0.1513838814382465
train_000685,17,0.2363781112812719,0.7031141108874499
train_000685,18,0.08258461312448115,0.7218833619551458
train_000685,19,0.0,-0.09046938401700749
train_000685,20,0.0,-0.4923835629169333
train_000685,21,0.0,-0.5419122342760099
train_000685,22,0.0,-0.5832672083116842
train_000685,23,0.0,-0.0036459934110469132
train_000685,24,0.0,0.3491283492008687
train_000686,1,0.0,0.3741102619798991
train_000686,2,0.0,-0.12361499458251661
train_000686,3,0.0,-0.15872818232387917
train_000686,4,0.0,-0.31973683669578656
train_000686,5,0.0,-0.5967093478842274
train_000686,6,0.0,-0.6775201919447338
train_000686,7,0.03845332009309312,0.2283227401386607
train_000686,8,0.1480407745312082,-0.6395235886682697
train_000686,9,0.3259937841322157,-0.7563198231721657
train_000686,10,0.538715073701503,0.36819673105952444
train_000686,11,0.6537968742139302,0.16224771236610097
train_000686,12,0.7705170715219227,-0.06331743808851814
train_000686,13,0.7432841041475888,-0.33616607964990414
train_000686,14,0.7461721287988068,0.24364262915769982
train_000686,15,0.6295342788157052,-0.3131184729695167
train_000686,16,0.4720802588728578,-0.07282990301571518
train_000686,17,0.2880671871587701,-0.07140644089026973
train_000686,18,0.09632489902710403,-0.28375305027411746
train_000686,19,0.0,-0.4434316858020692
train_000686,20,0.0,-0.6354271296211442
train_000686,21,0.0,-0.1646012444440811
train_000686,22,0.0,0.6285006400833522
train_000686,23,0.0,-0.7190079240504237
train_000686,24,0.0,-0.4792033038020841
train_000687,1,0.0,-0.7337212569520626
train_000687,2,0.0,-0.3283521325345708
train_000687,3,0.0,0.3447705713690256
train_000687,4,0.0,-0.41094678279723323
train_000687,5,0.0,0.06633359960732033
train_000687,6,0.0,-0.4511458053172457
train_000687,7,0.0462144488748045,0.04550859971980188
train_000687,8,0.18255922571177832,0.4649373898886401
train_000687,9,0.360360567595181,0.2626955826580429
train_000687,10,0.5982402506891186,0.7493068398653401
train_000687,11,0.8079387272344838,0.13378955952092134
train_000687,12,0.9180312657138792,0.7671748198295882
train_000687,13,0.9494127289829006,0.8913141448465733
train_000687,14,0.9079415641051088,0.749090012824442
train_000687,15,0.7519778436879858,0.32240874123250823
train_000687,16,0.5649677704942911,0.3325209446821724
train_000687,17,0.3323907554431591,0.8245104020570945
train_000687,18,0.11403517295176353,0.19681077897847532
train_000687,19,0.0,0.5145606759943503
train_000687,20,0.0,0.5354667999367348
train_000687,21,0.0,-0.13821323327722349
train_000687,22,0.0,0.9303891656650138
train_000687,23,0.0,0.3296121206444317
train_000687,24,0.0,0.6948201888452434
train_000688,1,0.0,-0.11210503856123943
train_000688,2,0.0,-0.31787358589647763
train_000688,3,0.0,-0.8480880181198086
train_000688,4,0.0,-0.6822176267367299
train_000688,5,0.0,-0.10417923590598845
train_000688,6,0.0,-0.04874548858587307
train_000688,7,0.04137947365871139,0.05448695295732704
train_000688,8,0.162642438422007,0.785564277295917
train_000688,9,0.3117302998676865,0.5723368867149504
train_000688,10,0.4612651044859283,0.38170190382390784
train_000688,11,0.6745593142643725,-0.09239735875865282
train_000688,12,0.7445824156626973,-0.22980162929301268
train_000688,13,0.8201404926714805,-0.08801848058990304
train_000688,14,0.7556638086416103,-0.0377845976051267
train_000688,15,0.7037928546707003,-0.034579528788811216
train_000688,16,0.5169998260563319,0.577477456886309
train_000688,17,0.2909831616172053,0.7084462040588446
train_000688,18,0.10220475913305607,0.3307912203313187
train_000688,19,0.0,0.38375318945901776
train_000688,20,0.0,0.4829813933839221
train_000688,21,0.0,0.12250625990183993
train_000688,22,0.0,0.3651130238337625
train_000688,23,0.0,-0.2327431150968282
train_000688,24,0.0,-0.669598905443094
train_000689,1,0.0,0.21913702158653955
train_000689,2,0.0,-0.436253318917625
train_000689,3,0.0,0.1692875912544208
train_000689,4,0.0,0.3613872255089912
train_000689,5,0.0,0.6252843067182684
train_000689,6,0.0,-0.5361951404712992
train_000689,7,0.028496011771518632,0.3833097521165601
train_000689,8,0.13407030001354353,0.5452280485038417
train_000689,9,0.25586021162209766,0.8144963774248353
train_000689,10,0.4643171826791767,0.8959013904923737
train_000689,11,0.6342350009947393,0.8078786754424387
train_000689,12,0.6926635955774736,0.5385054667360979
train_000689,13,0.6964186180946171,0.564350757670413
train_000689,14,0.6240543279127958,0.14929425208859518
train_000689,15,0.5091711991408621,0.049198506111716674
train_000689,16,0.37026209748001293,0.4122159450896069
train_000689,17,0.21226152001262127,-0.3995306402168993
train_000689,18,0.06806861053418951,-0.5821427351021733
train_000689,19,0.0,-0.4603525071846257
train_000689,20,0.0,0.7496048515052423
train_000689,21,0.0,0.8797754157869404
train_000689,22,0.0,0.4114074177781458
train_000689,23,0.0,0.1466313506430519
train_000689,24,0.0,-0.6117817350140844
train_000690,1,0.0,-0.7603158954405919
train_000690,2,0.0,-0.7019047567009732
train_000690,3,0.0,-0.9046150530759584
train_000690,4,0.0,-0.6785056605111868
train_000690,5,0.0,-0.7755643813205367
train_000690,6,0.0,-0.5414349538505412
train_000690,7,0.044082183574158884,-0.31515735738133144
train_000690,8,0.17948253309419848,0.5565066379313379
train_000690,9,0.3526036657949343,0.4548632100209986
train_000690,10,0.5678727600581559,-0.2560922568758877
train_000690,11,0.727652303662769,0.20368065193807625
train_000690,12,0.8330006676055592,-0.13038723914597308
train_000690,13,0.8965736684182869,-0.5236265371946902
train_000690,14,0.8831203402324617,-0.35622987875499595
train_000690,15,0.7564687340176383,-0.3015699883736336
train_000690,16,0.5569502425333194,-0.25691111647891796
train_000690,17,0.3190587152342048,0.4010956206655251
train_000690,18,0.11456884006883675,0.2820032569630946
train_000690,19,0.0,-0.6098375832806184
train_000690,20,0.0,-0.15876598756374027
train_000690,21,0.0,-0.4841904460731451
train_000690,22,0.0,-0.5658254486233665
train_000690,23,0.0,-0.20074546149724118
train_000690,24,0.0,0.7247416523111787
train_000691,1,0.0,-0.6847711420533749
train_000691,2,0.0,-0.9672184984992983
train_000691,3,0.0,-0.9658156801489294
train_000691,4,0.0,-0.11491848542538664
train_000691,5,0.0,-0.7304080930121393
train_000691,6,0.0,-0.9252587573084524
train_000691,7,0.042897921123973455,-0.966985125206248
train_000691,8,0.16912425595490674,-0.8564281269979
train_000691,9,0.3472492216547248,-0.8559947430932481
train_000691,10,0.581079336670541,-0.503026240432404
train_000691,11,0.766599777123248,-0.7137995266189187
train_000691,12,0.8501685278860956,0.4626388403952282
train_000691,13,0.8543374815909023,0.6448088790568982
train_000691,14,0.807283211230154,0.3624141777369925
train_000691,15,0.6609493526890041,0.5251631174415742
train_000691,16,0.45840506654614815,0.8366626330762308
train_000691,17,0.29223680834099486,0.9121346870784249
train_000691,18,0.09998704150808924,0.1384746508373654
train_000691,19,0.0,-0.6750053775766555
train_000691,20,0.0,-0.49044775696458676
train_000691,21,0.0,-0.1693155437686024
train_000691,22,0.0,-0.7855147368485296
train_000691,23,0.0,-0.44886744214068364
train_000691,24,0.0,-0.5437229998223689
train_000692,1,0.0,0.7656445176269453
train_000692,2,0.0,0.5695594640906119
train_000692,3,0.0,0.441325783911831
train_000692,4,0.0,-0.7685155549107751
train_000692,5,0.0,-0.7105386461668306
train_000692,6,0.0,-0.3039220655036666
train_000692,7,0.03840208296488459,0.4185689737735847
train_000692,8,0.16526320161068198,-0.1875529225429286
train_000692,9,0.3180730432868225,-0.29108301743741277
train_000692,10,0.545771691919282,-0.04405775474497473
train_000692,11,0.7126374107115626,-0.24749590655195752
train_000692,12,0.7690463411299127,0.3548615007164729
train_000692,13,0.8180032349480927,0.5868353049567528
train_000692,14,0.7448696301655255,0.5746377373050862
train_000692,15,0.5713278878978002,0.551405123820216
train_000692,16,0.45695089784228426,0.7239392683313817
train_000692,17,0.2750366644712412,0.6438946257585112
train_000692,18,0.09595695001519308,0.6467598017520397
train_000692,19,0.0,0.5805485609291443
train_000692,20,0.0,-0.12320161509034692
train_000692,21,0.0,-0.4179698830248479
train_000692,22,0.0,0.6337736518580108
train_000692,23,0.0,0.44415948394694726
train_000692,24,0.0,0.2994636317284023
train_000693,1,0.0,0.5296501228357496
train_000693,2,0.0,0.2283177991812034
train_000693,3,0.0,-0.10421903846301897
train_000693,4,0.0,-0.698132319916482
train_000693,5,0.0,0.1331682640658797
train_000693,6,0.0,-0.554938464490344
train_000693,7,0.04362469514232567,-0.04030730195885563
train_000693,8,0.17398119127005585,-0.6117919572493493
train_000693,9,0.36137173233336906,-0.32542323553080893
train_000693,10,0.5735484987631215,0.19740704447156804
train_000693,11,0.7181196501880412,-0.42549654532672077
train_000693,12,0.8106751652654326,-0.302104920739156
train_000693,13,0.82424100505274,0.29741685593732603
train_000693,14,0.759069295950901,-0.28437218600458863
train_000693,15,0.631308384215923,-0.0832008856442184
train_000693,16,0.45513578219424267,0.5730755172337263
train_000693,17,0.2980723879347963,-0.10490722322412739
train_000693,18,0.1006059310723942,-0.3783055221962403
train_000693,19,0.0,0.21301888211950762
train_000693,20,0.0,0.3805474445837431
train_000693,21,0.0,-0.0559355304581411
train_000693,22,0.0,-0.4087969286210415
train_000693,23,0.0,0.5201634324871405
train_000693,24,0.0,-0.638267001663588
train_000694,1,0.0,0.11709997877717844
train_000694,2,0.0,0.1644875821729077
train_000694,3,0.0,0.721045232395302
train_000694,4,0.0,0.628396538094872
train_000694,5,0.0,0.08849489386213469
train_000694,6,0.0,0.4606992945526065
train_000694,7,0.040339949999923554,0.5399093856148705
train_000694,8,0.16664690454089723,-0.5384924595346233
train_000694,9,0.33480636662388347,-0.09267325675579322
train_000694,10,0.547032829490788,0.012105089355800954
train_000694,11,0.7125400154859136,-0.8753210482703644
train_000694,12,0.7606611984641537,-0.24455625927648578
train_000694,13,0.852723849706383,0.2645209988079074
train_000694,14,0.8136026354286554,0.4854992724909968
train_000694,15,0.6736199624875752,0.4452749868793539
train_000694,16,0.4765822716892142,0.5899127075139237
train_000694,17,0.30507332751898913,0.47106731088725873
train_000694,18,0.10851193930955513,0.3079929429120312
train_000694,19,0.0,-0.05417208636397926
train_000694,20,0.0,-0.20728024618631385
train_000694,21,0.0,-0.6106728097220218
train_000694,22,0.0,-0.005324252378092364
train_000694,23,0.0,0.08529535807247556
train_000694,24,0.0,-0.285980317469991
train_000695,1,0.0,0.5526879126815528
train_000695,2,0.0,-0.46033020703707067
train_000695,3,0.0,0.10998034386981606
train_000695,4,0.0,-0.5789606222724837
train_000695,5,0.0,-0.6450843511900066
train_000695,6,0.0,-0.027111922116635285
train_000695,7,0.03756803362665702,0.5097484486026381
train_000695,8,0.13620224123356733,0.4494678535548083
train_000695,9,0.24169534215397714,0.43382161999764274
train_000695,10,0.4693855962369149,0.9477700166917576
train_000695,11,0.6732602376067469,0.5334799794335121
train_000695,12,0.7423131448442691,0.686275047139225
train_000695,13,0.8052322714816187,0.23975783705881898
train_000695,14,0.7325215529439547,-0.18417289538094092
train_000695,15,0.6532071055675918,-0.8091772173915234
train_000695,16,0.48439886641048036,-0.704545314747651
train_000695,17,0.29794826035683813,0.09075838253661668
train_000695,18,0.10849606744519008,0.19391979929933806
train_000695,19,0.0,-0.3212335740241198
train_000695,20,0.0,0.16197354746001838
train_000695,21,0.0,0.815959291920169
train_000695,22,0.0,0.7395514721734171
train_000695,23,0.0,0.28474605633271827
train_000695,24,0.0,0.8658796775937737
train_000696,1,0.0,-0.5420816430375113
train_000696,2,0.0,0.2080466640155898
train_000696,3,0.0,-0.46638574781784237
train_000696,4,0.0,0.15092535866961995
train_000696,5,0.0,0.5128179619185074
train_000696,6,0.0,0.4465642647654788
train_000696,7,0.024703501555398313,0.41345524490364877
train_000696,8,0.10786422513973398,-0.6268531769615837
train_000696,9,0.21695118093043436,-0.42454477199004553
train_000696,10,0.314443043710787,-0.7159020296751732
train_000696,11,0.45606539746291375,-0.9287460215159995
train_000696,12,0.5002118797197168,-0.1564134749200077
train_000696,13,0.6192784140299852,0.4416982598487148
train_000696,14,0.6580250975513466,0.6487310918030512
train_000696,15,0.5609536873469227,0.07194439236640585
train_000696,16,0.39902026431953724,0.36028729221502986
train_000696,17,0.23118367658426892,0.5206645089421129
train_000696,18,0.08387157288720148,0.507501410383272
train_000696,19,0.0,0.4359205466825587
train_000696,20,0.0,0.6571213913112557
train_000696,21,0.0,0.44918283856972174
train_000696,22,0.0,0.4775319701055506
train_000696,23,0.0,-0.41275653623530484
train_000696,24,0.0,-0.28011460387637804
train_000697,1,0.0,0.5606508813430852
train_000697,2,0.0,-0.12209376795326941
train_000697,3,0.0,0.6719752811917855
train_000697,4,0.0,0.21229435907499639
train_000697,5,0.0,0.866895297504404
train_000697,6,0.0,0.42251320231445283
train_000697,7,0.042784913735360634,-0.00934652082842782
train_000697,8,0.1720097703449711,0.21287016810987552
train_000697,9,0.33484983549953934,0.23711334923420768
train_000697,10,0.5366743448859063,0.5586146355817305
train_000697,11,0.6926787309317436,0.27148116318146653
train_000697,12,0.7982221973178911,0.007730408263215988
train_000697,13,0.8111719003241641,-0.8666829026193965
train_000697,14,0.7823533088186369,-0.8530248523415014
train_000697,15,0.6652635147974085,-0.5365359549115905
train_000697,16,0.49065298177609984,-0.6181384927849474
train_000697,17,0.27391149951886146,-0.5767185263112025
train_000697,18,0.092790176957644,-0.3579543422019814
train_000697,19,0.0,-0.3481231875818095
train_000697,20,0.0,0.11046402138356332
train_000697,21,0.0,-0.5931507684783711
train_000697,22,0.0,-0.8431572520056769
train_000697,23,0.0,-0.6853902442275526
train_000697,24,0.0,-0.41780142527074876
train_000698,1,0.0,-0.7791705523887873
train_000698,2,0.0,-0.6701660023398492
train_000698,3,0.0,-0.4156060944699106
train_000698,4,0.0,0.5349851837826348
train_000698,5,0.0,0.6201862255036822
train_000698,6,0.0,0.8452679734240353
train_000698,7,0.030875056513340507,0.9189152374583224
train_000698,8,0.13991012892786703,0.7443017207970111
train_000698,9,0.2942319368826418,0.6851495505857215
train_000698,10,0.4157265831104075,0.7096490484287794
train_000698,11,0.547204794161165,0.18412126057547196
train_000698,12,0.65753918781125,0.27285793555357374
train_000698,13,0.7709281743720233,-0.6624634096870299
train_000698,14,0.7693886523062397,-0.020492665332531086
train_000698,15,0.6359551739644632,0.5482731651312684
train_000698,16,0.4419874747178581,-0.1694307218077143
train_000698,17,0.251285431633721,-0.039700314363500334
train_000698,18,0.08039906344329249,-0.17889444615509048
train_000698,19,0.0,-0.4097672161694582
train_000698,20,0.0,-0.55739701946527
train_000698,21,0.0,-0.3450551210163877
train_000698,22,0.0,-0.3928050696341607
train_000698,23,0.0,-0.40282097476454287
train_000698,24,0.0,-0.6942878905711563
train_000699,1,0.0,0.21801039866234306
train_000699,2,0.0,-0.22843175859047574
train_000699,3,0.0,0.3987778453213823
train_000699,4,0.0,-0.37686822178669677
train_000699,5,0.0,-0.6036428544192991
train_000699,6,0.0,-0.8035707214093734
train_000699,7,0.04004445676115024,-0.83259120388398
train_000699,8,0.1620896208073536,-0.32321685292949404
train_000699,9,0.3007100314436188,-0.4066549826293015
train_000699,10,0.5229187684135201,-0.5381440509488016
train_000699,11,0.6437065113791626,-0.38330171069880437
train_000699,12,0.7042999338645426,-0.007045715450336017
train_000699,13,0.720991989769512,0.23211636105326694
train_000699,14,0.679842585028294,0.8159105442090445
train_000699,15,0.5749457072551565,0.9126602225445737
train_000699,16,0.4222393812448834,0.8007197247253427
train_000699,17,0.26197145304457115,0.8420690878076025
train_000699,18,0.08932532389825708,0.9707023607936315
train_000699,19,0.0,0.9202621324982683
train_000699,20,0.0,-0.23199466526478502
train_000699,21,0.0,-0.6672938415112639
train_000699,22,0.0,-0.25283466763987866
train_000699,23,0.0,-0.3419381217528925
train_000699,24,0.0,-0.39335168029214296
train_000700,1,0.0,-0.6398034270803036
train_000700,2,0.0,-0.525151568806221
train_000700,3,0.0,-0.5620195871221114
train_000700,4,0.0,-0.013014392661185623
train_000700,5,0.0,0.006392181422547332
train_000700,6,0.0,-0.021174505289742903
train_000700,7,0.032219377338420147,0.13949061166126794
train_000700,8,0.13641786358400357,0.14092648471316752
train_000700,9,0.25137953577820843,0.009863595175049636
train_000700,10,0.38294504712160543,-0.3519434298653511
train_000700,11,0.5034471146313484,-0.27985090336199986
train_000700,12,0.6071242454533671,-0.08671777367288719
train_000700,13,0.599682694054658,-0.8061877432348935
train_000700,14,0.6104898158071295,-0.5572725681290355
train_000700,15,0.5381106201868396,-0.548513140119546
train_000700,16,0.36234242240962233,-0.25087948924308234
train_000700,17,0.22182851198936004,-0.04226505527463758
train_000700,18,0.08506279617708493,-0.19245490784483052
train_000700,19,0.0,-0.9439477859572236
train_000700,20,0.0,-0.8150633815450105
train_000700,21,0.0,-0.8918425118043931
train_000700,22,0.0,-0.6989644548038574
train_000700,23,0.0,-0.46743436564004215
train_000700,24,0.0,-0.08845704865622635
train_000701,1,0.0,-0.10660259335863535
train_000701,2,0.0,0.40034533198660166
train_000701,3,0.0,0.3002073639028561
train_000701,4,0.0,-0.42714552830491387
train_000701,5,0.0,-0.4906257363177823
train_000701,6,0.0,-0.13928514682245213
train_000701,7,0.036292155308453616,-0.7975975821971084
train_000701,8,0.14773261075007035,-0.5945834328725358
train_000701,9,0.2776218565234498,-0.4611349412948069
train_000701,10,0.3625644120488157,-0.2419619597804397
train_000701,11,0.48577309529480667,0.1611282432870549
train_000701,12,0.5873056783922651,0.439754899781413
train_000701,13,0.5136183173388168,0.36551573359514017
train_000701,14,0.5619519527777728,0.5297321762981189
train_000701,15,0.47108848070700904,0.47509877557600955
train_000701,16,0.3994173109889842,0.3634534985197203
train_000701,17,0.21302882334924142,0.20798994811916663
train_000701,18,0.07668486914380007,0.44429656019098823
train_000701,19,0.0,-0.47180465482373013
train_000701,20,0.0,0.16957664316292975
train_000701,21,0.0,0.5497698468944394
train_000701,22,0.0,0.6330447291375749
train_000701,23,0.0,0.15864356115667855
train_000701,24,0.0,0.31741571805055124
train_000702,1,0.0,0.6715492342712174
train_000702,2,0.0,-0.05613297529870846
train_000702,3,0.0,0.13551316637821087
train_000702,4,0.0,0.6213789754744757
train_000702,5,0.0,0.008182746814870022
train_000702,6,0.0,-0.42486957584733565
train_000702,7,0.04178632524128318,0.35419487177575754
train_000702,8,0.1678391086029244,0.6849818080973178
train_000702,9,0.3305813773914962,0.5227074149226258
train_000702,10,0.5692599978427887,0.7420888025120251
train_000702,11,0.7482461138724018,0.28507368603134847
train_000702,12,0.8546799239635677,-0.4070080348899095
train_000702,13,0.8943600329266146,-0.10386085701602162
train_000702,14,0.9017714987883914,0.42816439867292744
train_000702,15,0.7697756887842215,0.029174710402671188
train_000702,16,0.5640969304735709,0.6214695560306864
train_000702,17,0.3299638826581518,0.38028643257889616
train_000702,18,0.11214915852057339,-0.2881238102381962
train_000702,19,0.0,-0.8883657857097425
train_000702,20,0.0,-0.7546005266390559
train_000702,21,0.0,-0.47778928563660195
train_000702,22,0.0,0.3728950845230414
train_000702,23,0.0,-0.09711592813598444
train_000702,24,0.0,0.20286465780558952
train_000703,1,0.0,-0.08339270302073853
train_000703,2,0.0,0.6250758912480756
train_000703,3,0.0,0.11613772774527313
train_000703,4,0.0,0.672820195979162
train_000703,5,0.0,0.2897328293735867
train_000703,6,0.0,-0.24606786499305106
train_000703,7,0.02589430761848925,-0.44413873009062366
train_000703,8,0.10447142295071735,-0.22688476503887486
train_000703,9,0.20417213829340375,-0.08276208845459543
train_000703,10,0.30464919704699384,-0.39181778288349983
train_000703,11,0.4358808107008363,0.05104087743809614
train_000703,12,0.5393455671260462,-0.2883413840072711
train_000703,13,0.5183949776699348,0.36538581465052716
train_000703,14,0.5160871163731887,0.5332156115724744
train_000703,15,0.3632807910362985,0.8830993061768816
train_000703,16,0.3149265941899498,0.6828822723877586
train_000703,17,0.20106507329383402,0.18265570017679067
train_000703,18,0.07765530515243646,0.15948728549810423
train_000703,19,0.0,0.2336251736443744
train_000703,20,0.0,-0.06444747231694059
train_000703,21,0.0,0.5513273918711995
train_000703,22,0.0,0.10662896337730413
train_000703,23,0.0,0.5453075345208417
train_000703,24,0.0,0.5599386331466318
train_000704,1,0.0,-0.8883618003286907
train_000704,2,0.0,-0.783774095957617
train_000704,3,0.0,-0.7771818711413825
train_000704,4,0.0,-0.7813430500992765
train_000704,5,0.0,-0.693530682180975
train_000704,6,0.0,-0.8908392041055201
train_000704,7,0.04215021127338618,-0.63477680546775
train_000704,8,0.17616200016165506,-0.36032890377124005
train_000704,9,0.3389783056330036,0.4769853480703852
train_000704,10,0.5772688742644589,0.17773276545586755
train_000704,11,0.7568953524779192,0.34188192179976434
train_000704,12,0.8890804075408901,-0.2862819682962202
train_000704,13,0.9140827067801406,-0.3406097217531433
train_000704,14,0.8375713870782959,-0.04965818460431729
train_000704,15,0.6872492447251415,0.36379504517504707
train_000704,16,0.4948291248631704,-0.2671176079385825
train_000704,17,0.28343254500100945,-0.8279589109325917
train_000704,18,0.10412831708342736,-0.8978029831737457
train_000704,19,0.0,-0.9126810503805343
train_000704,20,0.0,-0.7554150767458228
train_000704,21,0.0,-0.798262873051678
train_000704,22,0.0,-0.9044476087467426
train_000704,23,0.0,0.27598391412290313
train_000704,24,0.0,0.05669759316670833
train_000705,1,0.0,0.6342810834788941
train_000705,2,0.0,0.3885776803617442
train_000705,3,0.0,-0.4755927508378194
train_000705,4,0.0,-0.5528951213876196
train_000705,5,0.0,0.33775068420945065
train_000705,6,0.0,0.6503428268999701
train_000705,7,0.0287002044659128,-0.13345179649818112
train_000705,8,0.11893840815378952,-0.5603624736432049
train_000705,9,0.25214174215553165,-0.2889315801582658
train_000705,10,0.3656704593430077,-0.39170478574871426
train_000705,11,0.5059330814969517,-0.7008518117403567
train_000705,12,0.5290999637502475,-0.8410391240760381
train_000705,13,0.5154926595889564,-0.5931966340261196
train_000705,14,0.5634664286677914,-0.7489798714583614
train_000705,15,0.5098473676010878,-0.9409937273312994
train_000705,16,0.3563171985639788,-0.7539092431368282
train_000705,17,0.20144240847439857,-0.8725183677609615
train_000705,18,0.06731207002009246,-0.854130688829191
train_000705,19,0.0,-0.5001797573431798
train_000705,20,0.0,-0.8743523494202197
train_000705,21,0.0,-0.06142351431019463
train_000705,22,0.0,0.19557789987205937
train_000705,23,0.0,0.6692127861036937
train_000705,24,0.0,0.5344944613576731
train_000706,1,0.0,0.6941451337401512
train_000706,2,0.0,0.7128998447783633
train_000706,3,0.0,0.8351300646318333
train_000706,4,0.0,0.9228239320828737
train_000706,5,0.0,0.8808459897665164
train_000706,6,0.0,0.3173685972180955
train_000706,7,0.040178169128426484,0.5654907668897037
train_000706,8,0.1715451349671294,-0.5002934603453317
train_000706,9,0.35426273605358133,-0.19634511673644645
train_000706,10,0.5584537214826543,0.5051305066135432
train_000706,11,0.6418114348378342,0.24963833139130048
train_000706,12,0.7618506841464716,0.42648216556586344
train_000706,13,0.8037699038038654,0.5786111659940247
train_000706,14,0.7646339003500656,0.1848073071481814
train_000706,15,0.6491487448308673,0.09477226442640356
train_000706,16,0.4910791549486866,0.8832844173620741
train_000706,17,0.26979534833637364,-0.5670921180376999
train_000706,18,0.08015324522629254,-0.4614882214908332
train_000706,19,0.0,0.0867740785712726
train_000706,20,0.0,0.047950957373752615
train_000706,21,0.0,-0.7649235620812649
train_000706,22,0.0,-0.9319812287011966
train_000706,23,0.0,-0.7560588414917709
train_000706,24,0.0,-0.7650258470208456
train_000707,1,0.0,0.8927920331600252
train_000707,2,0.0,0.9377029893176314
train_000707,3,0.0,0.6573513935598378
train_000707,4,0.0,0.5857167930296039
train_000707,5,0.0,0.8727283923465481
train_000707,6,0.0,0.8091274385550637
train_000707,7,0.04025920867386355,0.5551772116136091
train_000707,8,0.1487755352396607,0.7557977109908356
train_000707,9,0.3052196452585194,0.3162787243957465
train_000707,10,0.500119440741729,0.09563497857821136
train_000707,11,0.68113368407545,0.4245846303375335
train_000707,12,0.70189753826471,-0.34566640380314584
train_000707,13,0.6834557076175888,0.1291760710018016
train_000707,14,0.5684141229342672,-0.38444370464520927
train_000707,15,0.43260965827959635,-0.458038674960187
train_000707,16,0.2525526640524641,-0.7851085189001138
train_000707,17,0.15516178249855486,-0.8765326355819498
train_000707,18,0.05191779878095407,-0.5244389635865552
train_000707,19,0.0,0.3088415204092766
train_000707,20,0.0,0.8564851866773081
train_000707,21,0.0,0.9756480158349843
train_000707,22,0.0,0.8693722845751654
train_000707,23,0.0,0.78701312216792
train_000707,24,0.0,0.9329303837932467
train_000708,1,0.0,-0.7962008382496112
train_000708,2,0.0,-0.9321662429523423
train_000708,3,0.0,-0.3342458314618852
train_000708,4,0.0,-0.7937058654374108
train_000708,5,0.0,-0.6565322511558347
train_000708,6,0.0,-0.817652980551435
train_000708,7,0.03684500274477775,-0.6669004169519024
train_000708,8,0.14061332582084338,0.3437315183552618
train_000708,9,0.26660018429600635,0.7101242676764401
train_000708,10,0.39083785343346145,0.6453139468438835
train_000708,11,0.46850446535080686,-0.35657203731928855
train_000708,12,0.5399624921172346,0.42966849109017213
train_000708,13,0.6154933965476717,-0.4154372821286678
train_000708,14,0.6472046802454614,-0.7785738065007153
train_000708,15,0.5983245715279101,-0.7237778462939575
train_000708,16,0.46904397391842334,0.1952633774949551
train_000708,17,0.27639259586670406,-0.0011403786011791
train_000708,18,0.09559581795226574,0.06364919937208352
train_000708,19,0.0,0.5967524196692287
train_000708,20,0.0,0.5269389907090096
train_000708,21,0.0,-0.14633730604036765
train_000708,22,0.0,0.10120967954328082
train_000708,23,0.0,0.2221950894958709
train_000708,24,0.0,0.06443399457250308
train_000709,1,0.0,-0.3478271396930804
train_000709,2,0.0,0.21914990105980073
train_000709,3,0.0,-0.41837867500607084
train_000709,4,0.0,-0.5453944567977134
train_000709,5,0.0,-0.5873846835554797
train_000709,6,0.0,-0.2099440548895565
train_000709,7,0.04225760193766244,0.6311310985928773
train_000709,8,0.16420472288231172,-0.19562832754708787
train_000709,9,0.31404994981451206,-0.2513863165683197
train_000709,10,0.4856537386235288,-0.4919562496138955
train_000709,11,0.629367502406479,-0.5562701963891512
train_000709,12,0.7910993862656776,-0.4171879674547798
train_000709,13,0.8268555453306018,-0.5282905251076082
train_000709,14,0.8270276932408674,0.26421033261085153
train_000709,15,0.7043743349522454,0.5337986404672375
train_000709,16,0.5332087398661851,0.8380380132754427
train_000709,17,0.31540778062589436,0.8066022574287951
train_000709,18,0.10909735367636715,0.4708354044317187
train_000709,19,0.0,0.4404482358406571
train_000709,20,0.0,0.631054807190806
train_000709,21,0.0,0.1375785080094749
train_000709,22,0.0,0.4229106206190741
train_000709,23,0.0,0.16084359711244006
train_000709,24,0.0,-0.6013509622129656
train_000710,1,0.0,-0.18841082633367187
train_000710,2,0.0,0.6879641619635566
train_000710,3,0.0,-0.7621938715187422
train_000710,4,0.0,-0.593760965044372
train_000710,5,0.0,-0.7985136763696725
train_000710,6,0.0,-0.848357193544564
train_000710,7,0.045464393424075204,-0.6337354728904241
train_000710,8,0.17861533462110246,-0.8135097682329041
train_000710,9,0.3572525415375196,-0.7233733385729477
train_000710,10,0.5804311125107836,-0.4838994538718743
train_000710,11,0.7259473229280344,-0.2334129631659505
train_000710,12,0.7910066522077387,0.034263796001653773
train_000710,13,0.8758625299727032,-0.20538133429224387
train_000710,14,0.8556506311710232,0.5871725240045567
train_000710,15,0.705008664445597,-0.7966216853952465
train_000710,16,0.534159181526014,-0.7383699348726006
train_000710,17,0.3112181186379086,-0.5362227589695222
train_000710,18,0.10689975596410246,-0.8537594811758135
train_000710,19,0.0,-0.505666812998128
train_000710,20,0.0,-0.15837761205009
train_000710,21,0.0,0.13353290768581133
train_000710,22,0.0,0.8979847234335524
train_000710,23,0.0,0.8500025118927207
train_000710,24,0.0,0.7430805696321101
train_000711,1,0.0,0.3492962156737645
train_000711,2,0.0,-0.07570431384780217
train_000711,3,0.0,0.281006071442368
train_000711,4,0.0,-0.1941156545483747
train_000711,5,0.0,-0.8058719296806495
train_000711,6,0.0,-0.5806774870320323
train_000711,7,0.03216243937085662,-0.6977354777449445
train_000711,8,0.1256860831883456,-0.7519403231116873
train_000711,9,0.26865824055039095,-0.6062431501820889
train_000711,10,0.41886077156872303,0.2441617443954481
train_000711,11,0.580071316321229,0.08592089141059665
train_000711,12,0.7161737886174356,0.2028015618016908
train_000711,13,0.7367910549794063,0.7325879280571643
train_000711,14,0.758025017928921,0.10415106114978646
train_000711,15,0.599082519704994,-0.2569220572675689
train_000711,16,0.4594756120050819,0.38573153327554505
train_000711,17,0.26643567498103093,0.38215090070958235
train_000711,18,0.081965773222486,0.34563400267554895
train_000711,19,0.0,0.3213663176015159
train_000711,20,0.0,0.13811353286912856
train_000711,21,0.0,0.08213279964531728
train_000711,22,0.0,-0.5276165291717568
train_000711,23,0.0,-0.07789736907921448
train_000711,24,0.0,0.2641867023177176
train_000712,1,0.0,-0.7322889579332388
train_000712,2,0.0,-0.863743247375141
train_000712,3,0.0,-0.2787520246898367
train_000712,4,0.0,-0.11561113530014192
train_000712,5,0.0,-0.4049529388357905
train_000712,6,0.0,0.20980212057737402
train_000712,7,0.017040008475897424,-0.10874439530126317
train_000712,8,0.0873334687311451,-0.5503868399859726
train_000712,9,0.22120284481510952,-0.672208725731293
train_000712,10,0.38184271626551686,-0.6112479495223497
train_000712,11,0.35567014064227453,-0.33046205394453493
train_000712,12,0.392654694253307,-0.6124686562518435
train_000712,13,0.45103561760087585,0.1767919922366353
train_000712,14,0.4246824040011219,-0.7025712572555181
train_000712,15,0.35093606555489676,-0.7823653032315536
train_000712,16,0.27039209159818395,-0.5335587272386483
train_000712,17,0.14432620239383884,-0.5028194618545198
train_000712,18,0.0530429465532051,-0.2915648067829483
train_000712,19,0.0,0.2024495142872963
train_000712,20,0.0,-0.031244379668581394
train_000712,21,0.0,0.22178026403654075
train_000712,22,0.0,0.23658586395285108
train_000712,23,0.0,0.7095681107083116
train_000712,24,0.0,0.34036234258392456
train_000713,1,0.0,0.2804946062983786
train_000713,2,0.0,0.9265287081707637
train_000713,3,0.0,0.9162834675065835
train_000713,4,0.0,0.8078696179663767
train_000713,5,0.0,-0.1521910875109617
train_000713,6,0.0,0.4744463117025495
train_000713,7,0.0485659822191762,-0.3281339670034763
train_000713,8,0.19181125372723384,-0.19958508545854695
train_000713,9,0.3794783127362278,0.2239279002928979
train_000713,10,0.612442220691457,0.1578252239119982
train_000713,11,0.8039173496132995,0.7456308755678416
train_000713,12,0.902286600420925,0.45457941362238136
train_000713,13,0.947224492574518,-0.1234859905410641
train_000713,14,0.9184273934503291,0.4625314691903003
train_000713,15,0.7619926681558082,0.46234414551072633
train_000713,16,0.5753244727101217,0.8441545209453514
train_000713,17,0.33594838495126006,0.7422825815518779
train_000713,18,0.11570644083432707,0.6035486854141396
train_000713,19,0.0,0.2837063113513296
train_000713,20,0.0,0.5809908888478044
train_000713,21,0.0,0.5296295628842829
train_000713,22,0.0,-0.06430310591856725
train_000713,23,0.0,-0.18027237409610844
train_000713,24,0.0,0.0616447265667955
train_000714,1,0.0,0.28586608436890837
train_000714,2,0.0,-0.23962380362686284
train_000714,3,0.0,-0.616935588639769
train_000714,4,0.0,0.20310377472475874
train_000714,5,0.0,-0.5945384838782226
train_000714,6,0.0,0.21543331183552256
train_000714,7,0.044718928237801756,0.392052561672247
train_000714,8,0.18082937865072224,0.14470614714103414
train_000714,9,0.3719459297439832,-0.17458785584490108
train_000714,10,0.5969326321308783,-0.3189680298843504
train_000714,11,0.7876962533708224,-0.016870176809215584
train_000714,12,0.8832339957133838,0.0729274365902369
train_000714,13,0.9181573588887165,0.3674357512954312
train_000714,14,0.8579116797515922,0.0961638692829402
train_000714,15,0.6813989376286664,0.6426718768403111
train_000714,16,0.5330382356762738,0.665323070388693
train_000714,17,0.29395085767563806,0.2623359491295371
train_000714,18,0.09739860565096665,0.5231828038069006
train_000714,19,0.0,0.44224085978762523
train_000714,20,0.0,0.6426947173895285
train_000714,21,0.0,0.7782159819217533
train_000714,22,0.0,0.8945823630609789
train_000714,23,0.0,0.933257663136394
train_000714,24,0.0,0.5765685405913599
train_000715,1,0.0,-0.8814802538319169
train_000715,2,0.0,-0.7357230767779848
train_000715,3,0.0,-0.1340293937350346
train_000715,4,0.0,0.2477536772684336
train_000715,5,0.0,0.37282690563855797
train_000715,6,0.0,0.6512662777066034
train_000715,7,0.04276919127574161,-0.2861055309715008
train_000715,8,0.1602096382113587,0.6735223776749939
train_000715,9,0.32161934184049096,-0.34073097312558653
train_000715,10,0.5415612472952361,-0.11608116289773503
train_000715,11,0.7156194774062641,-0.5071184700895852
train_000715,12,0.8470742131051994,-0.5143915223056919
train_000715,13,0.8749838882525919,-0.21103197622358222
train_000715,14,0.8243515361819292,0.7337535732785998
train_000715,15,0.703912973612874,0.9185886738084156
train_000715,16,0.491667364299261,0.6909308378305489
train_000715,17,0.28183122863972854,0.9322719548459106
train_000715,18,0.10270737911588361,0.47984084647982206
train_000715,19,0.0,0.18260607095790954
train_000715,20,0.0,-0.0006600257991094958
train_000715,21,0.0,0.3330166620031492
train_000715,22,0.0,0.47171399613768716
train_000715,23,0.0,-0.0019018172050939454
train_000715,24,0.0,0.07650949447932051
train_000716,1,0.0,-0.4442014488103778
train_000716,2,0.0,-0.4105286200610903
train_000716,3,0.0,-0.3994046377639068
train_000716,4,0.0,0.19439915823302473
train_000716,5,0.0,0.7461435930294988
train_000716,6,0.0,0.242404618386012
train_000716,7,0.042206909159068724,-0.1192052801468629
train_000716,8,0.17725216733355498,0.17557365271491654
train_000716,9,0.3640770818787564,0.17290947605675977
train_000716,10,0.579472826161497,0.8586582132595122
train_000716,11,0.7618424228724956,0.6424251325473643
train_000716,12,0.8580649645684093,-0.07849123965911481
train_000716,13,0.9238163484263526,0.22769284961257993
train_000716,14,0.8653349979690853,0.5509463239441883
train_000716,15,0.7435397878868181,0.4784511328273803
train_000716,16,0.5758747432966375,-0.11844706898840639
train_000716,17,0.3300062386826344,-0.08593112885260663
train_000716,18,0.11188097933897012,-0.9228392499816529
train_000716,19,0.0,-0.8162636792004767
train_000716,20,0.0,-0.40362494814751737
train_000716,21,0.0,-0.30659323761521656
train_000716,22,0.0,-0.8676307798541056
train_000716,23,0.0,-0.22974807095010003
train_000716,24,0.0,-0.13524566615197867
train_000717,1,0.0,-0.5084299935075645
train_000717,2,0.0,0.04923899293241769
train_000717,3,0.0,0.7664003923185925
train_000717,4,0.0,0.6915669498353638
train_000717,5,0.0,0.3737791117675536
train_000717,6,0.0,-0.5783116644049748
train_000717,7,0.042408861008416454,-0.478789362392644
train_000717,8,0.1716955945174363,0.04410736460663969
train_000717,9,0.3555828440471813,0.829193142293475
train_000717,10,0.5864202580246588,0.9637007117698209
train_000717,11,0.7893363475128556,0.8432589214434439
train_000717,12,0.8640460229724338,0.8129006893559143
train_000717,13,0.9064562742488634,0.5979583794519641
train_000717,14,0.8489547682275796,-0.1530328162809842
train_000717,15,0.6930580521538512,-0.14478126020446275
train_000717,16,0.5300853479371193,-0.22266921273998286
train_000717,17,0.3121400449501354,-0.4434840070873864
train_000717,18,0.10436854811111763,0.33949565098029655
train_000717,19,0.0,0.6504364300856229
train_000717,20,0.0,0.7754819531302364
train_000717,21,0.0,0.18466645087641367
train_000717,22,0.0,0.4043868905142068
train_000717,23,0.0,-0.5374492987826263
train_000717,24,0.0,-0.6047198761447522
train_000718,1,0.0,0.7209507080999968
train_000718,2,0.0,0.8945767726765691
train_000718,3,0.0,0.6854654148202579
train_000718,4,0.0,-0.3409951376860113
train_000718,5,0.0,-0.5915015098424089
train_000718,6,0.0,-0.3590063498263059
train_000718,7,0.04174063919808584,-0.6011280853293469
train_000718,8,0.1658146892116621,-0.2849272110918788
train_000718,9,0.3280327200781714,-0.1359955533619197
train_000718,10,0.516508658030161,-0.8285591213278692
train_000718,11,0.6296881383352703,-0.926937667263483
train_000718,12,0.7138630764338314,-0.7431928364257905
train_000718,13,0.7314036777058355,0.29861578440231723
train_000718,14,0.7038079652203963,-0.18253861402853022
train_000718,15,0.6173056848405879,-0.5440205074752642
train_000718,16,0.43306333398044805,-0.7612465507012087
train_000718,17,0.27231048267277663,-0.7761027190378151
train_000718,18,0.09165910452275465,-0.390557436261715
train_000718,19,0.0,-0.11971460315410958
train_000718,20,0.0,-0.31860105408766864
train_000718,21,0.0,-0.35629997447909767
train_000718,22,0.0,-0.1158093719215829
train_000718,23,0.0,-0.3021837033025156
train_000718,24,0.0,0.4833815603932605
train_000719,1,0.0,0.5915731210280358
train_000719,2,0.0,0.5426706822076199
train_000719,3,0.0,0.056358438279149374
train_000719,4,0.0,0.2512450210166228
train_000719,5,0.0,-0.6179003782223349
train_000719,6,0.0,-0.7774098490236026
train_000719,7,0.031110656298075086,-0.7522481560596841
train_000719,8,0.12671427046774128,-0.30354699814347297
train_000719,9,0.26493746142020785,-0.04937749267219267
train_000719,10,0.48259429679928806,-0.5925918172430219
train_000719,11,0.6652377649677957,-0.7764742277826066
train_000719,12,0.768172358035242,-0.6771568174052529
train_000719,13,0.7548360515938639,0.037441197922319404
train_000719,14,0.6996376818759767,-0.45934163979365533
train_000719,15,0.5471301648980166,-0.8951426326092982
train_000719,16,0.4454240509552176,-0.9671207815176959
train_000719,17,0.25575431150822214,-0.9742089366012886
train_000719,18,0.08250738376304136,-0.86501743147723
train_000719,19,0.0,-0.8234982570406355
train_000719,20,0.0,-0.17416323431991035
train_000719,21,0.0,-0.26736765545596175
train_000719,22,0.0,0.345899087815265
train_000719,23,0.0,0.27216028620507415
train_000719,24,0.0,0.4679125092906681
train_000720,1,0.0,0.6355937501414675
train_000720,2,0.0,0.5841644461241375
train_000720,3,0.0,0.34002133596252687
train_000720,4,0.0,0.4589468731488347
train_000720,5,0.0,0.38658396164561404
train_000720,6,0.0,0.39763847285689835
train_000720,7,0.028294777453383914,-0.10583545836052985
train_000720,8,0.12278168908785106,0.1917576027427634
train_000720,9,0.20309950264824536,-0.07481506374961462
train_000720,10,0.30951059235053424,0.4394762698421994
train_000720,11,0.44832817628634514,0.5430716304727787
train_000720,12,0.5350409013654733,0.7346758531189939
train_000720,13,0.5492135439772646,0.8088677054339772
train_000720,14,0.45938772136637746,0.41244132458901783
train_000720,15,0.3267030541985083,0.10551344436258672
train_000720,16,0.22155188263505615,0.014039649357850702
train_000720,17,0.13407461291428208,0.9078662366833987
train_000720,18,0.05451103237771953,0.32030062270431
train_000720,19,0.0,0.4842214589425864
train_000720,20,0.0,0.46269879133105707
train_000720,21,0.0,-0.3049366981106468
train_000720,22,0.0,0.06532815689757887
train_000720,23,0.0,0.4928549780435145
train_000720,24,0.0,0.1887906533199578
train_000721,1,0.0,0.6649053138583607
train_000721,2,0.0,0.8896373503626026
train_000721,3,0.0,0.8694962341210879
train_000721,4,0.0,0.7058740569450118
train_000721,5,0.0,0.5991815073827504
train_000721,6,0.0,0.3102881764603423
train_000721,7,0.04044382699921067,0.2867702551579307
train_000721,8,0.16320083263620666,0.2569530093405724
train_000721,9,0.3118688672780083,0.92041325564266
train_000721,10,0.5116910164051306,0.9113563675966913
train_000721,11,0.6767430992017476,0.7016292471966825
train_000721,12,0.7897950889655823,0.6902438032118088
train_000721,13,0.8469220864971254,0.7383013112640164
train_000721,14,0.787533414310915,0.7655597408017571
train_000721,15,0.6369098399017266,0.8908069441509974
train_000721,16,0.47919614831175983,0.8272186369695662
train_000721,17,0.28075196928822965,0.4562355531373694
train_000721,18,0.09626093211754991,-0.2007964012526401
train_000721,19,0.0,-0.1146980242985205
train_000721,20,0.0,-0.2717136221200943
train_000721,21,0.0,-0.14777513011922824
train_000721,22,0.0,-0.8173094147240897
train_000721,23,0.0,-0.2074990895551941
train_000721,24,0.0,-0.05860882686231516
train_000722,1,0.0,-0.7428591724928281
train_000722,2,0.0,-0.83267660368655
train_000722,3,0.0,-0.9673139842476736
train_000722,4,0.0,-0.9336432701516514
train_000722,5,0.0,-0.735472623140063
train_000722,6,0.0,-0.41290404782279666
train_000722,7,0.04408408324318541,0.1637532993477337
train_000722,8,0.17295589768169362,0.5564763563444696
train_000722,9,0.33280038208134216,0.8568314099644042
train_000722,10,0.5090195730463442,0.8906325875747951
train_000722,11,0.6272308784890357,0.8171556607838019
train_000722,12,0.6664003170018271,0.7625728331511956
train_000722,13,0.6936938893160983,0.33421988904886085
train_000722,14,0.6651926858774344,0.3788830435682222
train_000722,15,0.5484360336463594,-0.17681911650799287
train_000722,16,0.4364819838507121,-0.10919592687962197
train_000722,17,0.24401371262227176,-0.03743548852078301
train_000722,18,0.08082061522648223,-0.22279678700902303
train_000722,19,0.0,0.3577008619129986
train_000722,20,0.0,0.03178191672314357
train_000722,21,0.0,0.1811792780021177
train_000722,22,0.0,-0.2944982052846714
train_000722,23,0.0,-0.24258922279850498
train_000722,24,0.0,-0.7462595919096991
train_000723,1,0.0,0.06239365550445406
train_000723,2,0.0,-0.03363797087118124
train_000723,3,0.0,-0.7031177210388176
train_000723,4,0.0,-0.0022496005961061497
train_000723,5,0.0,-0.563666813380346
train_000723,6,0.0,0.23011023452943757
train_000723,7,0.039366440668794606,-0.5875036692993286
train_000723,8,0.14933585162606997,-0.03472690587766796
train_000723,9,0.28097845275367855,-0.4739170563464369
train_000723,10,0.47781170835838427,-0.42585212955829066
train_000723,11,0.6787412170331103,-0.041677504052287824
train_000723,12,0.7750791961793672,-0.5990890514157285
train_000723,13,0.820508659242922,-0.5867055112948482
train_000723,14,0.8022457438724958,-0.01683376688202419
train_000723,15,0.6737895696724335,-0.22068213878758866
train_000723,16,0.4884739843896257,-0.4792849046680546
train_000723,17,0.26649250844264943,-0.20325679444057093
train_000723,18,0.0905062485061978,-0.82846822974268
train_000723,19,0.0,-0.8080072937096363
train_000723,20,0.0,-0.5401683816191616
train_000723,21,0.0,-0.08817507981032358
train_000723,22,0.0,-0.23284859679658002
train_000723,23,0.0,-0.3467594041562887
train_000723,24,0.0,-0.8748175729006282
train_000724,1,0.0,0.05971293139663319
train_000724,2,0.0,-0.5071369883365873
train_000724,3,0.0,-0.23370225890237745
train_000724,4,0.0,-0.328734590232743
train_000724,5,0.0,0.6322919430819386
train_000724,6,0.0,0.777240247938688
train_000724,7,0.03648706276754234,0.28569873342186847
train_000724,8,0.12938052246973406,0.6987398799692417
train_000724,9,0.244729007633602,0.4899101474328751
train_000724,10,0.47118382752760746,0.13782962010794805
train_000724,11,0.6036194418159516,-0.11104288197180784
train_000724,12,0.7155573026398486,-0.5649690777338521
train_000724,13,0.7597164553057187,-0.36605936699225056
train_000724,14,0.7201055461833893,0.0788491136143813
train_000724,15,0.6462157929926278,0.06499643111028516
train_000724,16,0.49685013875985296,-0.122043511553114
train_000724,17,0.2776088527481482,0.14895666717113662
train_000724,18,0.09203003668202207,-0.51039937320995
train_000724,19,0.0,-0.48485799013620157
train_000724,20,0.0,-0.037138351315592476
train_000724,21,0.0,0.7769041754366698
train_000724,22,0.0,0.6359741447303975
train_000724,23,0.0,0.07938943839362586
train_000724,24,0.0,0.2825054046687541
train_000725,1,0.0,0.5754303769598977
train_000725,2,0.0,0.6771998974374751
train_000725,3,0.0,-0.39427255790856625
train_000725,4,0.0,-0.7390361682328903
train_000725,5,0.0,-0.5607434921188656
train_000725,6,0.0,-0.8302046610903678
train_000725,7,0.025229496667244736,-0.3656497117333123
train_000725,8,0.09615768980448841,-0.7708622807472534
train_000725,9,0.19798406633658727,-0.8917796477825067
train_000725,10,0.3452414349799143,-0.8681517103825855
train_000725,11,0.5120970418928457,-0.13901961220667092
train_000725,12,0.6039465329957374,-0.32849286014068535
train_000725,13,0.48388164919481513,-0.5857713683671211
train_000725,14,0.4802370780747987,0.1551151800083899
train_000725,15,0.4653719545281478,0.5346611452583003
train_000725,16,0.3701828278221283,0.2967769656341829
train_000725,17,0.20354369349463233,-0.0720447046668719
train_000725,18,0.0823606258707189,0.0630478060305105
train_000725,19,0.0,0.0920203441946161
train_000725,20,0.0,-0.3897218092216495
train_000725,21,0.0,-0.10221435344614467
train_000725,22,0.0,0.1920399691027927
train_000725,23,0.0,0.09228205121272937
train_000725,24,0.0,0.07660856198233802
train_000726,1,0.0,-0.7123432365982887
train_000726,2,0.0,-0.7438926856268995
train_000726,3,0.0,-0.19396766766872298
train_000726,4,0.0,0.3373782959955319
train_000726,5,0.0,0.28197262359806874
train_000726,6,0.0,0.7660076688363604
train_000726,7,0.034096445696194785,0.7317996465898742
train_000726,8,0.13563776436034897,0.11532745207998515
train_000726,9,0.27688162093957674,0.7431745929988126
train_000726,10,0.37453713500759156,0.7513543621470238
train_000726,11,0.49111216448673384,0.7477554634375175
train_000726,12,0.5429267907575859,0.6626053481585166
train_000726,13,0.5568131487299783,0.6114623385933026
train_000726,14,0.5716516436652922,0.4248654197282495
train_000726,15,0.4765738440416488,-0.10471116995432066
train_000726,16,0.4051538004547224,-0.08525079658005116
train_000726,17,0.2319914676590461,0.7496038729013396
train_000726,18,0.07033768781558516,0.7120356091774285
train_000726,19,0.0,0.38134818074079435
train_000726,20,0.0,0.8049188034378385
train_000726,21,0.0,0.7734626656769463
train_000726,22,0.0,0.5435650208458669
train_000726,23,0.0,0.11592964540058613
train_000726,24,0.0,-0.45969112609003404
train_000727,1,0.0,-0.12925069857402174
train_000727,2,0.0,-0.21583182906884144
train_000727,3,0.0,0.7033928752189942
train_000727,4,0.0,0.03383325550081681
train_000727,5,0.0,0.3255298647319232
train_000727,6,0.0,-0.22103065543798023
train_000727,7,0.045626724897669405,-0.3573197842594289
train_000727,8,0.18297846670993434,-0.46908770404786415
train_000727,9,0.36031584535901007,-0.32807502464077654
train_000727,10,0.5856567242452135,0.05638301003482385
train_000727,11,0.7586639210036241,0.2599031242776217
train_000727,12,0.8570728977558933,0.5042173923519194
train_000727,13,0.87771009548785,-0.0408913800450215
train_000727,14,0.8721391762326146,0.7962867494166154
train_000727,15,0.73660498519303,-0.07809125255962991
train_000727,16,0.5568828065384414,-0.05890665504113142
train_000727,17,0.3227176805137035,0.39139662661035485
train_000727,18,0.10978285037893816,0.5049165748121287
train_000727,19,0.0,0.7758798459449063
train_000727,20,0.0,-0.49287046177852734
train_000727,21,0.0,-0.5101214369767075
train_000727,22,0.0,0.19287389040756048
train_000727,23,0.0,0.09886408529380995
train_000727,24,0.0,0.03702770980343354
train_000728,1,0.0,-0.2005128407075028
train_000728,2,0.0,-0.2162433798754504
train_000728,3,0.0,-0.31798916243972847
train_000728,4,0.0,0.07021076847646045
train_000728,5,0.0,0.3484494050805027
train_000728,6,0.0,-0.13411290504757606
train_000728,7,0.04004696989998104,-0.24230788079289617
train_000728,8,0.1646590666822255,-0.6256224628999876
train_000728,9,0.2729145139949393,0.432888260120975
train_000728,10,0.4947424459519404,-0.014077868722760942
train_000728,11,0.7073719874263187,-0.04642260192905837
train_000728,12,0.7789279209556477,-0.023219200765199302
train_000728,13,0.8226545982877156,0.2948212245085311
train_000728,14,0.7254837767353924,0.7443485052510578
train_000728,15,0.6100707342735487,0.6869878705047194
train_000728,16,0.43554633591823566,0.9393815538811108
train_000728,17,0.2615859748469249,0.9760753007195566
train_000728,18,0.09020391491717582,0.895667311651294
train_000728,19,0.0,0.6173512409498219
train_000728,20,0.0,0.36053373742194816
train_000728,21,0.0,0.1927964685897114
train_000728,22,0.0,-0.029035899563801284
train_000728,23,0.0,0.13986489447260503
train_000728,24,0.0,-0.02772735357793624
train_000729,1,0.0,0.7484161640048804
train_000729,2,0.0,0.7776210825694406
train_000729,3,0.0,0.44544720482814304
train_000729,4,0.0,0.5157336890417425
train_000729,5,0.0,0.5589557145146837
train_000729,6,0.0,0.595937600416527
train_000729,7,0.03502427226305801,0.7750547767998432
train_000729,8,0.12900329141009365,0.6745884996941584
train_000729,9,0.27207016185361266,-0.2212403905953631
train_000729,10,0.45736405571190897,0.0031461112533619964
train_000729,11,0.6711235395325464,0.5059350954928048
train_000729,12,0.7859825022984572,0.5407563570930882
train_000729,13,0.792602905584171,0.6912664196852207
train_000729,14,0.7954315555793469,0.7076297542587238
train_000729,15,0.6621035788550113,0.6441763497761959
train_000729,16,0.5154996642669064,0.7716901999116188
train_000729,17,0.2768456970817995,0.3933193754700391
train_000729,18,0.09617109769922845,0.7886126091751667
train_000729,19,0.0,0.2532241858481875
train_000729,20,0.0,-0.04721241659262135
train_000729,21,0.0,0.6364322749220976
train_000729,22,0.0,0.1911049328040902
train_000729,23,0.0,-0.39603186972638943
train_000729,24,0.0,-0.2532300292754253
train_000730,1,0.0,-0.5713213232190327
train_000730,2,0.0,0.19306385843632537
train_000730,3,0.0,0.44096709109901555
train_000730,4,0.0,0.5866110387701413
train_000730,5,0.0,0.6342613632382077
train_000730,6,0.0,0.7396080912184959
train_000730,7,0.04258174192532571,0.7290008622543667
train_000730,8,0.16249126274263284,0.8768234799749557
train_000730,9,0.3182164092260574,0.39490502842048697
train_000730,10,0.4781616079271368,0.5520675332135554
train_000730,11,0.6452433873752117,0.5896832185675032
train_000730,12,0.7713292125711525,0.17285695269590134
train_000730,13,0.7975352499849768,-0.435872276781094
train_000730,14,0.670081518663893,-0.5928927529896306
train_000730,15,0.5648683130262556,0.019395658335751888
train_000730,16,0.44354378817349044,-0.34289243348199805
train_000730,17,0.27367417773144714,-0.38916526234463866
train_000730,18,0.08934696074038773,-0.00636765584865286
train_000730,19,0.0,-0.5335673451224943
train_000730,20,0.0,-0.661606376189949
train_000730,21,0.0,0.2780441017055292
train_000730,22,0.0,-0.2880074560809585
train_000730,23,0.0,0.3716704682839371
train_000730,24,0.0,0.7985237545771711
train_000731,1,0.0,0.5340402956103161
train_000731,2,0.0,0.5075141076137105
train_000731,3,0.0,0.7511926493791184
train_000731,4,0.0,-0.012480759605588133
train_000731,5,0.0,0.12880560572760064
train_000731,6,0.0,0.4012096232298073
train_000731,7,0.0456439926686923,0.9337896051595213
train_000731,8,0.18585669309983177,0.933124807113737
train_000731,9,0.3780909721648725,0.8633557076383258
train_000731,10,0.6063981240950596,0.7562091382678162
train_000731,11,0.8082991398378313,0.8804131913878404
train_000731,12,0.9207859923469228,0.37378263622908414
train_000731,13,0.9506187061020879,-0.29611756666090844
train_000731,14,0.9049651191143664,-0.6863341451893032
train_000731,15,0.7385970566638624,-0.8827244629509139
train_000731,16,0.5660942276513309,-0.7456888310762592
train_000731,17,0.3341563351532783,-0.6003282471769769
train_000731,18,0.11383982333811801,-0.5015144997177061
train_000731,19,0.0,-0.3973979891917705
train_000731,20,0.0,-0.1380077495364654
train_000731,21,0.0,-0.4451660561462619
train_000731,22,0.0,-0.27074312413791835
train_000731,23,0.0,-0.7154426873424897
train_000731,24,0.0,-0.17437916811198387
train_000732,1,0.0,-0.20483763057020105
train_000732,2,0.0,-0.6512797658308793
train_000732,3,0.0,-0.580105985839247
train_000732,4,0.0,-0.23916979551675652
train_000732,5,0.0,-0.6914012067660715
train_000732,6,0.0,-0.8299157813052208
train_000732,7,0.03768175283970623,-0.24435113550974719
train_000732,8,0.15831056422515993,-0.6299664077184357
train_000732,9,0.3002432696349713,0.05054843052981691
train_000732,10,0.4929403227122678,0.45582324267758945
train_000732,11,0.6034372586843081,-0.06306389660364067
train_000732,12,0.6554896785311787,0.2912349569771577
train_000732,13,0.6953129771226327,-0.5664802789464085
train_000732,14,0.7282337303644973,-0.5502181087571492
train_000732,15,0.6043559782949899,-0.10955121344351268
train_000732,16,0.4724534772517796,0.16883614124550578
train_000732,17,0.272478440460701,0.4119385924432065
train_000732,18,0.088064390160632,0.07226464213445076
train_000732,19,0.0,0.575553396154681
train_000732,20,0.0,0.708696761105438
train_000732,21,0.0,0.48216805627215886
train_000732,22,0.0,0.5614560659070731
train_000732,23,0.0,-0.36681939891117615
train_000732,24,0.0,-0.6205271805014694
train_000733,1,0.0,0.9575570933707874
train_000733,2,0.0,0.8026061106387796
train_000733,3,0.0,0.44133763915661695
train_000733,4,0.0,0.22354773864251853
train_000733,5,0.0,0.0036107691340507638
train_000733,6,0.0,0.8490644938861156
train_000733,7,0.04282871941944168,0.9877615739282382
train_000733,8,0.17196555557282364,0.8978706240795209
train_000733,9,0.34165996380555796,0.3675696860627749
train_000733,10,0.5658784526849358,-0.03960878651094305
train_000733,11,0.7337089571696075,0.25819347985912694
train_000733,12,0.8520067520160006,-0.741874802815637
train_000733,13,0.9109054004553827,-0.8313696199159464
train_000733,14,0.872892273815967,-0.5548699564511461
train_000733,15,0.7133760614830904,-0.6874806078030009
train_000733,16,0.5402934434260386,-0.655929340339725
train_000733,17,0.313833833630113,-0.8438599181058162
train_000733,18,0.10867471677461601,-0.8685396653673348
train_000733,19,0.0,-0.6793383763860246
train_000733,20,0.0,-0.3844254962536615
train_000733,21,0.0,-0.6846534282392776
train_000733,22,0.0,-0.6681636624440008
train_000733,23,0.0,-0.7559090793592096
train_000733,24,0.0,-0.9199910067407124
train_000734,1,0.0,-0.42857079766148376
train_000734,2,0.0,-0.8255855452998696
train_000734,3,0.0,-0.005516347935565794
train_000734,4,0.0,-0.37157647333443516
train_000734,5,0.0,-0.4603897314053626
train_000734,6,0.0,-0.5732245995934444
train_000734,7,0.03694452289913133,-0.5883114075132813
train_000734,8,0.14918027173713644,0.10096085355058533
train_000734,9,0.2933296275964729,0.5778705353194071
train_000734,10,0.446476851007316,0.43049471346506674
train_000734,11,0.6004140710565495,0.8128539320651034
train_000734,12,0.7596802213898713,0.5363268997293464
train_000734,13,0.7478175392302271,0.26341737154763994
train_000734,14,0.7081289931381861,0.24830413688626837
train_000734,15,0.5981771600677123,0.21163891869166299
train_000734,16,0.44306987550681903,0.28327771116861344
train_000734,17,0.24230070602495257,-0.5505216828847912
train_000734,18,0.08297157358329546,0.23333969700506946
train_000734,19,0.0,-0.3484499144581476
train_000734,20,0.0,0.07187455066505592
train_000734,21,0.0,0.3936257312056532
train_000734,22,0.0,0.6224143413116126
train_000734,23,0.0,0.7775152505988192
train_000734,24,0.0,0.6199563720298439
train_000735,1,0.0,-0.7753669089207729
train_000735,2,0.0,-0.892700668284476
train_000735,3,0.0,-0.7454306749446902
train_000735,4,0.0,-0.3704454626525036
train_000735,5,0.0,-0.09977909362111444
train_000735,6,0.0,-0.3385446959524079
train_000735,7,0.03713987043733765,0.14901026865732908
train_000735,8,0.1460520358189932,-0.38311871170167044
train_000735,9,0.28745987788731747,0.1176307164126177
train_000735,10,0.4649438475008723,-0.21370361926464881
train_000735,11,0.5861838796081068,-0.40731317086182517
train_000735,12,0.6287059842029411,0.10169884965788055
train_000735,13,0.6668144453401498,-0.11824254558302807
train_000735,14,0.6443671814336426,0.00961182196924067
train_000735,15,0.5589326817267003,-0.633382909741894
train_000735,16,0.36611889630546085,-0.15141527153322945
train_000735,17,0.2001856947948362,-0.5264197869555801
train_000735,18,0.05876657335740688,-0.07189967201560434
train_000735,19,0.0,0.2691894721289809
train_000735,20,0.0,0.09259987412739151
train_000735,21,0.0,0.3237486491298466
train_000735,22,0.0,0.07480370757157684
train_000735,23,0.0,0.06980659279141767
train_000735,24,0.0,0.4179265126428981
train_000736,1,0.0,0.29739352279809295
train_000736,2,0.0,0.4867683155111048
train_000736,3,0.0,0.8807667558521355
train_000736,4,0.0,0.947219533138133
train_000736,5,0.0,0.6490927564071736
train_000736,6,0.0,0.5677176726474003
train_000736,7,0.04723542856046467,0.29598323676500554
train_000736,8,0.18844507937460972,0.04192570714931095
train_000736,9,0.3787333175544152,-0.4964214896320335
train_000736,10,0.6195708602567198,-0.15963373824969962
train_000736,11,0.814635913393363,0.04649456788355068
train_000736,12,0.9356947413023886,-0.560800237225521
train_000736,13,0.959784723055033,-0.3947303297837678
train_000736,14,0.9161632295333159,0.739536031900951
train_000736,15,0.7666880557708522,0.5871244477513842
train_000736,16,0.5582438541741361,0.4291381417407156
train_000736,17,0.3226772615735945,0.029361691949132577
train_000736,18,0.11057540485031678,-0.2604734305179181
train_000736,19,0.0,0.292153562267598
train_000736,20,0.0,-0.0182246612023669
train_000736,21,0.0,0.6146181499162245
train_000736,22,0.0,0.5719201587811398
train_000736,23,0.0,-0.08803394050378079
train_000736,24,0.0,-0.3493550667461789
train_000737,1,0.0,0.8859012029520306
train_000737,2,0.0,0.924126796754613
train_000737,3,0.0,0.8396396360591316
train_000737,4,0.0,0.2482728781568679
train_000737,5,0.0,0.15859310329236817
train_000737,6,0.0,0.11428329695105174
train_000737,7,0.038265651439067246,-0.5351528267035599
train_000737,8,0.1609435800572269,-0.4513711926994202
train_000737,9,0.3111255034261955,0.25361448576051326
train_000737,10,0.5256632864699723,0.1589680537566455
train_000737,11,0.7243818094270925,-0.01628023072250134
train_000737,12,0.8410875336650765,0.2777518915474844
train_000737,13,0.8909317864633451,0.3108173323420183
train_000737,14,0.8606276292911321,0.02450735913562309
train_000737,15,0.7299772273921779,-0.30686928863698754
train_000737,16,0.5469431321291243,-0.5590076006564559
train_000737,17,0.3098549342999441,-0.2736227839715883
train_000737,18,0.10766064183514502,-0.32690223920955674
train_000737,19,0.0,-0.6926992956582301
train_000737,20,0.0,-0.9036374061514226
train_000737,21,0.0,-0.8788725454699183
train_000737,22,0.0,-0.47104502975531715
train_000737,23,0.0,0.35585069428376565
train_000737,24,0.0,-0.01079343228032459
train_000738,1,0.0,-0.5063197393311023
train_000738,2,0.0,0.254020504522894
train_000738,3,0.0,-0.03779010389012782
train_000738,4,0.0,0.5926931933317977
train_000738,5,0.0,0.7602037726694095
train_000738,6,0.0,0.7111293036532655
train_000738,7,0.033520868161579474,0.5828859536967244
train_000738,8,0.13323813729061715,0.6317070225602157
train_000738,9,0.252117131013515,-0.44659401466648296
train_000738,10,0.4501005646923918,0.11610719143439101
train_000738,11,0.6129095155153365,0.2660961130885517
train_000738,12,0.7403170099892967,0.14934234295988238
train_000738,13,0.8438472773601076,0.7708853180835785
train_000738,14,0.8073928352183072,0.37448542640110105
train_000738,15,0.6741238964544695,0.24946641700144676
train_000738,16,0.5021617141371455,0.6556406369289851
train_000738,17,0.28224852964235736,0.8690288352258976
train_000738,18,0.0892347461719351,0.34556545972845515
train_000738,19,0.0,0.03411257585957631
train_000738,20,0.0,0.20736690082206063
train_000738,21,0.0,0.08535514450367937
train_000738,22,0.0,0.28734625674843206
train_000738,23,0.0,-0.8332027014823452
train_000738,24,0.0,-0.7315198164343175
train_000739,1,0.0,0.5550951750577102
train_000739,2,0.0,0.8549999679935774
train_000739,3,0.0,0.749172229091547
train_000739,4,0.0,-0.23110337602370767
train_000739,5,0.0,-0.43793665944652066
train_000739,6,0.0,-0.25494568321160455
train_000739,7,0.04063198369298871,-0.3196779392726504
train_000739,8,0.1598541207369097,-0.31986968261208826
train_000739,9,0.320606734658595,-0.2621659375691025
train_000739,10,0.5168021914409598,-0.2865443253742838
train_000739,11,0.674046672205687,0.437762747944964
train_000739,12,0.7522966303152694,0.07530129132392997
train_000739,13,0.8597738463857217,0.2103663257956017
train_000739,14,0.8198389867755007,0.3529118575429192
train_000739,15,0.7016597678988626,-0.10664038023549255
train_000739,16,0.5069693407704913,0.4088361841381062
train_000739,17,0.30091083579772354,-0.2663407027233152
train_000739,18,0.10056607555192346,0.27407617364037457
train_000739,19,0.0,-0.11291408362348528
train_000739,20,0.0,-0.6691356893576579
train_000739,21,0.0,-0.558437063478323
train_000739,22,0.0,-0.7191384148679542
train_000739,23,0.0,-0.7212688037058508
train_000739,24,0.0,-0.69329212562756
train_000740,1,0.0,0.7241607545551587
train_000740,2,0.0,0.7783788702550499
train_000740,3,0.0,0.40906601956020955
train_000740,4,0.0,-0.03196478301249508
train_000740,5,0.0,0.12227786939842955
train_000740,6,0.0,-0.10330873923434072
train_000740,7,0.04672326687489256,-0.08181909019597171
train_000740,8,0.18961326249897212,-0.2942405435906471
train_000740,9,0.3825337964832197,0.6501790478715738
train_000740,10,0.6236341971239606,0.3811842536531332
train_000740,11,0.8048203131677816,-0.07995286689896004
train_000740,12,0.9023524139336443,0.06474989251813876
train_000740,13,0.9313495183799622,-0.5723088662229083
train_000740,14,0.8701219576874201,-0.8062868576116885
train_000740,15,0.7517731601371767,0.4408004104050461
train_000740,16,0.5636985066859942,0.5276191715546092
train_000740,17,0.32370034842077,-0.24476641880807035
train_000740,18,0.11082011515623368,-0.11064885122449755
train_000740,19,0.0,0.16458635591788473
train_000740,20,0.0,-0.14234047215554857
train_000740,21,0.0,0.153499765767839
train_000740,22,0.0,-0.24602516993268672
train_000740,23,0.0,-0.05853614120507492
train_000740,24,0.0,-0.20375349001382143
train_000741,1,0.0,-0.5738929285056785
train_000741,2,0.0,-0.5165421461662822
train_000741,3,0.0,-0.8344737842624814
train_000741,4,0.0,0.15117619829509527
train_000741,5,0.0,-0.4764392287769065
train_000741,6,0.0,-0.29202702881473885
train_000741,7,0.04084572868740066,-0.33095291103451757
train_000741,8,0.18076408419168247,-0.5889809626023599
train_000741,9,0.37589323929507135,0.45138232574619847
train_000741,10,0.59066792212383,0.5813304425326788
train_000741,11,0.7752163998964842,-0.10681351930832464
train_000741,12,0.8131688846658887,-0.2717455506306151
train_000741,13,0.8267282524908045,-0.4317086539501954
train_000741,14,0.7626508757482279,-0.5739569565919279
train_000741,15,0.6608339263391949,-0.522600216816526
train_000741,16,0.5225605150177329,-0.48443412173646805
train_000741,17,0.31833967265556246,0.342387306408385
train_000741,18,0.10929869566242348,-0.478749122168158
train_000741,19,0.0,-0.6137351944380748
train_000741,20,0.0,-0.9153431435893445
train_000741,21,0.0,-0.9720247016519801
train_000741,22,0.0,-0.9632848822384366
train_000741,23,0.0,-0.7010559871599014
train_000741,24,0.0,-0.3534052278290971
train_000742,1,0.0,-0.1409896934870471
train_000742,2,0.0,-0.5071582079149801
train_000742,3,0.0,-0.5349791701905529
train_000742,4,0.0,-0.6248168188264155
train_000742,5,0.0,-0.38882671973970434
train_000742,6,0.0,0.694944565800065
train_000742,7,0.03940056518501151,0.40064064550186523
train_000742,8,0.16222590639557322,-0.25505833923797927
train_000742,9,0.32238308049066633,-0.7233811678452349
train_000742,10,0.5377505157176234,-0.1452256005012723
train_000742,11,0.7224232713736954,-0.7088627577301823
train_000742,12,0.8043118247978651,-0.5415385711923938
train_000742,13,0.8451471874077064,-0.6333318137591348
train_000742,14,0.8211511807185378,-0.3692322928941456
train_000742,15,0.6934707540057228,0.19681707253657785
train_000742,16,0.47176531608353384,-0.6368336423257897
train_000742,17,0.29536650076887333,-0.8320745432667468
train_000742,18,0.10104923999943004,-0.8764214308033375
train_000742,19,0.0,-0.3708470908019776
train_000742,20,0.0,0.29420033246375454
train_000742,21,0.0,0.8187707134227339
train_000742,22,0.0,0.7509367416190171
train_000742,23,0.0,0.829085144211887
train_000742,24,0.0,0.6183570630892248
train_000743,1,0.0,-0.6989542199754386
train_000743,2,0.0,0.3175170015113467
train_000743,3,0.0,-0.3437918210193614
train_000743,4,0.0,-0.20276471462607673
train_000743,5,0.0,0.22943314185384076
train_000743,6,0.0,0.14231736945601212
train_000743,7,0.03061576603527194,-0.18408976729992244
train_000743,8,0.08838092847946684,-0.3866029172431182
train_000743,9,0.18791627224622248,-0.572061479812948
train_000743,10,0.25995178950639647,-0.5013605986780731
train_000743,11,0.38297763374349497,-0.8069055621143486
train_000743,12,0.4155306109888061,-0.7767126648618519
train_000743,13,0.3691521357841258,-0.9357239845190543
train_000743,14,0.46758466893803013,-0.7753839298545764
train_000743,15,0.40065805228924856,-0.6830862223191867
train_000743,16,0.3307546158141659,0.6399460362209565
train_000743,17,0.22090979058982896,0.013107429300474286
train_000743,18,0.08042836578679065,0.30694583273209963
train_000743,19,0.0,0.2457362572293861
train_000743,20,0.0,0.40006317654404966
train_000743,21,0.0,-0.31826545366269554
train_000743,22,0.0,0.8351739333898888
train_000743,23,0.0,0.9001340006713455
train_000743,24,0.0,0.821190714493736
train_000744,1,0.0,0.3138397218300524
train_000744,2,0.0,0.398217094759737
train_000744,3,0.0,0.6184989036594886
train_000744,4,0.0,-0.10247017943078189
train_000744,5,0.0,-0.3785904061930559
train_000744,6,0.0,-0.06703195371441886
train_000744,7,0.030989905656640834,-0.0744003267556779
train_000744,8,0.12227273178961572,0.34641554083981535
train_000744,9,0.221765605485763,-0.863946147691925
train_000744,10,0.3056839498890708,-0.627821053614694
train_000744,11,0.40548939821222174,-0.33867861131365934
train_000744,12,0.44276796223199577,-0.8474356040715505
train_000744,13,0.5178384605434718,-0.4555439347870168
train_000744,14,0.49286818943750127,-0.4594051327873648
train_000744,15,0.3752924706189979,-0.9665214018863942
train_000744,16,0.28341403858085445,-0.4458947056437596
train_000744,17,0.19043928176319494,-0.5982839673118534
train_000744,18,0.07353531482496661,-0.7949538017192701
train_000744,19,0.0,-0.401749681924077
train_000744,20,0.0,0.15546561835939773
train_000744,21,0.0,0.8794307067062519
train_000744,22,0.0,0.6426123628087825
train_000744,23,0.0,0.8277166236567162
train_000744,24,0.0,0.6773511935098749
train_000745,1,0.0,0.7680722029662956
train_000745,2,0.0,0.2283339034410118
train_000745,3,0.0,-0.7455290449858506
train_000745,4,0.0,-0.760984684805997
train_000745,5,0.0,-0.6633562643230635
train_000745,6,0.0,-0.7812511526389153
train_000745,7,0.03377614729813181,-0.7376397172311329
train_000745,8,0.13020630120320487,-0.7472829040158085
train_000745,9,0.2788842348374983,-0.39849511015104705
train_000745,10,0.46655558097147737,0.4016436386724482
train_000745,11,0.6220729680444564,0.27880471811226054
train_000745,12,0.7917935779956277,-0.16090837901275523
train_000745,13,0.7035613578647739,0.35833422961898753
train_000745,14,0.7255620913720792,0.37835189824700094
train_000745,15,0.5983886021389527,-0.2230455384247806
train_000745,16,0.4087305862838138,-0.4399518860414377
train_000745,17,0.2317359324143383,0.053046901211051656
train_000745,18,0.08450300984534846,-0.3190767721790702
train_000745,19,0.0,0.1541871513174817
train_000745,20,0.0,0.20197166904752026
train_000745,21,0.0,-0.34127536041249235
train_000745,22,0.0,-0.1512866991690266
train_000745,23,0.0,-0.17374853550097763
train_000745,24,0.0,0.22362907004770072
train_000746,1,0.0,0.5547635069774669
train_000746,2,0.0,0.22963423373743455
train_000746,3,0.0,0.5355342489385368
train_000746,4,0.0,-0.2310704123714221
train_000746,5,0.0,0.05958974223194541
train_000746,6,0.0,0.11242672273106505
train_000746,7,0.04023375390091187,0.1565991043633455
train_000746,8,0.17054824653513176,0.07353201948513888
train_000746,9,0.30563339847275944,0.14026310143126017
train_000746,10,0.5094436261789537,0.1140390508558064
train_000746,11,0.7106521894340476,0.3879576777323985
train_000746,12,0.7987534040986698,0.9042566811765709
train_000746,13,0.8566325342563185,0.16446806083887516
train_000746,14,0.809461976337517,-0.03683564109584102
train_000746,15,0.6167777558114611,-0.45182964327265646
train_000746,16,0.46046974347442965,0.08313901606818443
train_000746,17,0.27280085030638307,-0.7516883361818127
train_000746,18,0.09285218456854434,-0.5777337952307211
train_000746,19,0.0,0.19681866731550915
train_000746,20,0.0,-0.0602887789285403
train_000746,21,0.0,-0.6663523848183814
train_000746,22,0.0,0.46265786240277784
train_000746,23,0.0,0.20147866934990263
train_000746,24,0.0,0.7208366351897233
train_000747,1,0.0,-0.5825785703426299
train_000747,2,0.0,-0.6855781678422046
train_000747,3,0.0,-0.5356162635087613
train_000747,4,0.0,-0.495543401947137
train_000747,5,0.0,-0.815687738836333
train_000747,6,0.0,-0.5810383882311831
train_000747,7,0.018455283210697337,-0.728215884238838
train_000747,8,0.05208745963775731,-0.3605822683968596
train_000747,9,0.14654152013550686,-0.43086409863838687
train_000747,10,0.2496737266142621,-0.41506382824163585
train_000747,11,0.35551760920559655,-0.13237382750482077
train_000747,12,0.35462448913561234,0.5206921016580475
train_000747,13,0.3994250118041589,0.329401326348917
train_000747,14,0.430339298529428,0.13542803470279605
train_000747,15,0.35183149112251,0.6732756828151829
train_000747,16,0.2645557412912226,-0.34198114614297975
train_000747,17,0.15231357105383214,-0.64992525632171
train_000747,18,0.05323426235057274,-0.6444560407930707
train_000747,19,0.0,-0.8129296824810898
train_000747,20,0.0,-0.654722018936621
train_000747,21,0.0,-0.08236027646047674
train_000747,22,0.0,-0.48942644125134016
train_000747,23,0.0,-0.10693787030575719
train_000747,24,0.0,-0.5809551420112664
train_000748,1,0.0,0.6920105491620996
train_000748,2,0.0,0.21953555159992644
train_000748,3,0.0,0.31345120719623987
train_000748,4,0.0,0.2887901269965024
train_000748,5,0.0,0.5788121845945254
train_000748,6,0.0,0.8444838961704044
train_000748,7,0.03482980872662667,0.6950188660156537
train_000748,8,0.1378397570151715,0.3814869995938124
train_000748,9,0.28748674734104845,0.9059230975750372
train_000748,10,0.5254109580124035,0.8210852536052626
train_000748,11,0.6592402468150137,0.7102177410055912
train_000748,12,0.7755779829880493,0.9387675339599291
train_000748,13,0.7885330441215639,0.6297892178285015
train_000748,14,0.6710517439436083,-0.42327710028016474
train_000748,15,0.5710244113552453,0.5170186901469493
train_000748,16,0.41425519584926995,0.48554561493268245
train_000748,17,0.20930625682861045,-0.06404310275558264
train_000748,18,0.08325157010429093,-0.6534294882594638
train_000748,19,0.0,-0.8314070226782702
train_000748,20,0.0,-0.8786589306659532
train_000748,21,0.0,-0.6424796301718152
train_000748,22,0.0,-0.5859757845872373
train_000748,23,0.0,-0.5724988089764274
train_000748,24,0.0,-0.02645579530957944
train_000749,1,0.0,-0.46801898739342485
train_000749,2,0.0,-0.6514428699345263
train_000749,3,0.0,-0.751741360690511
train_000749,4,0.0,-0.476364076555144
train_000749,5,0.0,-0.11498049141671127
train_000749,6,0.0,-0.3829285905491086
train_000749,7,0.04147630317641432,-0.43315905450143755
train_000749,8,0.15939533216645552,0.11752378336131201
train_000749,9,0.30362091824686743,-0.11687390524155493
train_000749,10,0.47751003875752457,0.5028710359752759
train_000749,11,0.6273767776597252,0.6271138746792664
train_000749,12,0.7693220917834263,-0.41719597378401807
train_000749,13,0.8421410195617746,-0.24541794760755717
train_000749,14,0.7489861651957688,-0.7233830560093448
train_000749,15,0.6399424240064472,-0.7890957439665292
train_000749,16,0.5053261363486556,-0.7633980205536188
train_000749,17,0.3006422232690981,-0.8223606051549934
train_000749,18,0.09601549424318881,-0.622477447472074
train_000749,19,0.0,0.5394426721032217
train_000749,20,0.0,0.4087617076983568
train_000749,21,0.0,0.8255926368719637
train_000749,22,0.0,0.14029482135785074
train_000749,23,0.0,-0.011142354233914525
train_000749,24,0.0,-0.3827125584153123
train_000750,1,0.0,-0.032112734253041626
train_000750,2,0.0,-0.8411959733077068
train_000750,3,0.0,-0.49912290749293486
train_000750,4,0.0,0.5645161042717305
train_000750,5,0.0,0.3912310696226721
train_000750,6,0.0,-0.118082127066388
train_000750,7,0.042538296014171716,0.5095981475032914
train_000750,8,0.17361820847310266,0.5626405003265058
train_000750,9,0.3446357056936104,0.3997051516583804
train_000750,10,0.5424494947996282,-0.46124418568945924
train_000750,11,0.6575115400163823,-0.5416451516291954
train_000750,12,0.7512790519885775,-0.8001215750051255
train_000750,13,0.8504004912896631,-0.6040708940116
train_000750,14,0.7822760926581571,-0.5341086969067153
train_000750,15,0.6534769599689717,0.7785465217031529
train_000750,16,0.5169265923934665,0.641004369406708
train_000750,17,0.2997134704343134,0.44008712853284176
train_000750,18,0.10554289037514474,0.6437647922897652
train_000750,19,0.0,0.22213582981054394
train_000750,20,0.0,0.32545617083482425
train_000750,21,0.0,0.15848414035937514
train_000750,22,0.0,0.6371340725181347
train_000750,23,0.0,0.9006821810294108
train_000750,24,0.0,0.5940301767971632
train_000751,1,0.0,0.6777241084078705
train_000751,2,0.0,0.6586828386123167
train_000751,3,0.0,0.687295944250533
train_000751,4,0.0,0.7999177087089213
train_000751,5,0.0,0.6720367830085539
train_000751,6,0.0,0.6588286038611391
train_000751,7,0.04039223848072007,0.04346474541190725
train_000751,8,0.1489005371278159,-0.060717705788033184
train_000751,9,0.3143824466827574,0.4903839664483919
train_000751,10,0.5254187589181131,0.04737205429697563
train_000751,11,0.6890084202266548,-0.33519682420899605
train_000751,12,0.8155671890128599,-0.6147640715298972
train_000751,13,0.823869697511927,-0.5944394423327843
train_000751,14,0.7313506202239666,-0.5639789578548089
train_000751,15,0.6263581903203174,-0.6004555292387284
train_000751,16,0.48099603704543636,-0.06641289767826607
train_000751,17,0.28374760751746075,0.1616274317112383
train_000751,18,0.10189332732810855,0.4117713170681314
train_000751,19,0.0,0.2968599949176807
train_000751,20,0.0,-0.2199842191911458
train_000751,21,0.0,-0.6870621033876099
train_000751,22,0.0,-0.08688134705935362
train_000751,23,0.0,0.3920399360438325
train_000751,24,0.0,0.44982293791261474
train_000752,1,0.0,0.4357028490267404
train_000752,2,0.0,-0.1359357054184604
train_000752,3,0.0,-0.4992524240521644
train_000752,4,0.0,-0.19813351921998162
train_000752,5,0.0,0.4642981414774878
train_000752,6,0.0,-0.10864376544843472
train_000752,7,0.04417953004103878,0.6145000395559492
train_000752,8,0.1784003129217023,0.414378951764318
train_000752,9,0.34787046792065124,-0.02805402410979834
train_000752,10,0.566398376439933,0.25324880311968295
train_000752,11,0.7196584977147175,0.5387541758812184
train_000752,12,0.8254268522558053,0.6956410561667363
train_000752,13,0.8991829456734658,0.3746584372204671
train_000752,14,0.8279999948030031,0.4729655503987058
train_000752,15,0.7129242142750429,0.599058385862127
train_000752,16,0.5129684879027192,0.024014917637430595
train_000752,17,0.2987589232905659,0.09684913031035294
train_000752,18,0.10255901587688529,0.07486942513207843
train_000752,19,0.0,0.7053902030336381
train_000752,20,0.0,0.5118822887773922
train_000752,21,0.0,0.3584362258393923
train_000752,22,0.0,0.5622355545308464
train_000752,23,0.0,-0.5194689418269409
train_000752,24,0.0,-0.23807741062293752
train_000753,1,0.0,-0.6192725594224382
train_000753,2,0.0,-0.8086818135268562
train_000753,3,0.0,0.07065482293400753
train_000753,4,0.0,0.3042685359626621
train_000753,5,0.0,0.7133458294892847
train_000753,6,0.0,0.8087606772832696
train_000753,7,0.044240350956409574,0.7998515399271756
train_000753,8,0.18155962179007368,0.43731482618141715
train_000753,9,0.3663524426226926,0.4626229229391511
train_000753,10,0.5810296153089347,0.3021876909897794
train_000753,11,0.7533666273192308,0.48835496196116424
train_000753,12,0.8611566243668938,-0.452601259177489
train_000753,13,0.9193518008490862,0.06794906856757713
train_000753,14,0.8629211642671174,0.6303516880358568
train_000753,15,0.7434945888479454,0.891465627614154
train_000753,16,0.5598239950448081,0.9685569774298126
train_000753,17,0.32952506217162325,0.8426315131366672
train_000753,18,0.1104721564338835,0.8353119250694693
train_000753,19,0.0,0.7785037143195257
train_000753,20,0.0,0.8497233097301934
train_000753,21,0.0,0.8398624616170702
train_000753,22,0.0,0.04090987353537903
train_000753,23,0.0,0.8498447212233667
train_000753,24,0.0,0.771610752416936
train_000754,1,0.0,0.9115661087241306
train_000754,2,0.0,0.868861231486291
train_000754,3,0.0,0.679098139661789
train_000754,4,0.0,0.6140273550458166
train_000754,5,0.0,0.2878309510583033
train_000754,6,0.0,0.5800384380071395
train_000754,7,0.009514573477745501,-0.1437393769664752
train_000754,8,0.03352224317210509,0.49779071312953826
train_000754,9,0.0902178886894921,0.19988224836622803
train_000754,10,0.1488058678740638,0.1185318312182308
train_000754,11,0.19115881639686969,-0.02680648391664093
train_000754,12,0.18610424184832522,-0.4039571030973738
train_000754,13,0.12487304690312086,-0.798078217832315
train_000754,14,0.10394919175305066,-0.526021643403368
train_000754,15,0.1285945183472744,-0.7686585272321061
train_000754,16,0.12006629609210352,-0.7687659092326822
train_000754,17,0.0690410475096702,-0.5770709218052428
train_000754,18,0.023288102561184867,-0.24553446657549005
train_000754,19,0.0,-0.27265938961728053
train_000754,20,0.0,-0.14650634081100875
train_000754,21,0.0,-0.6078754373554378
train_000754,22,0.0,-0.344469725279868
train_000754,23,0.0,0.5021500284451146
train_000754,24,0.0,0.5282142496071474
train_000755,1,0.0,0.007753620846347232
train_000755,2,0.0,0.26171380570133074
train_000755,3,0.0,-0.3863527494257801
train_000755,4,0.0,0.3134101461052407
train_000755,5,0.0,-0.18873990577748972
train_000755,6,0.0,-0.7460699778767408
train_000755,7,0.042105218009265595,-0.7444102709672324
train_000755,8,0.17356244070415444,-0.6387741394433144
train_000755,9,0.32247538150073674,-0.2605625408209974
train_000755,10,0.5520207043839951,-0.01703079952596728
train_000755,11,0.7417787936948376,0.0276212246696397
train_000755,12,0.8407186598195184,0.4080148625068003
train_000755,13,0.8476380845922473,-0.22810646874523346
train_000755,14,0.8612413990065418,-0.09452720502122575
train_000755,15,0.7197766158069574,-0.3274002914445945
train_000755,16,0.524529732703475,-0.07747569009526682
train_000755,17,0.29875981764693715,0.15007280772480405
train_000755,18,0.10560584375037703,0.18153102241276312
train_000755,19,0.0,0.5535456331008116
train_000755,20,0.0,0.6167131441222007
train_000755,21,0.0,0.3596614041053588
train_000755,22,0.0,0.5934066831871214
train_000755,23,0.0,0.5891949224495827
train_000755,24,0.0,0.7395020349626797
train_000756,1,0.0,-0.5144291874663105
train_000756,2,0.0,-0.631255990575624
train_000756,3,0.0,-0.6697998961998322
train_000756,4,0.0,-0.4289126779603418
train_000756,5,0.0,0.566319080517634
train_000756,6,0.0,0.7334577484587019
train_000756,7,0.036591601441676815,0.7448898386653493
train_000756,8,0.14483714256525967,0.8045371491974174
train_000756,9,0.2879028101950107,0.7514742587423509
train_000756,10,0.47112580700833373,0.6759946835008133
train_000756,11,0.6659860916386603,-0.23522211236209684
train_000756,12,0.7199040029793496,-0.7082434933864212
train_000756,13,0.8273545375555731,-0.8435325450757277
train_000756,14,0.7889978426036698,-0.6423232393396598
train_000756,15,0.6702962786257769,0.382533451672332
train_000756,16,0.48789047593213375,0.6530387974080276
train_000756,17,0.3064782589811332,-0.002930661191188931
train_000756,18,0.10103930072533802,0.2588086979232069
train_000756,19,0.0,0.293757899630233
train_000756,20,0.0,-0.2633605563259281
train_000756,21,0.0,-0.7593189999933276
train_000756,22,0.0,-0.2898047031293889
train_000756,23,0.0,0.15339427146617177
train_000756,24,0.0,-0.22856843445529776
train_000757,1,0.0,-0.6114905032103427
train_000757,2,0.0,-0.5816524242576429
train_000757,3,0.0,-0.5418124753358926
train_000757,4,0.0,-0.2675787040057191
train_000757,5,0.0,-0.636982709487136
train_000757,6,0.0,-0.19615514206489867
train_000757,7,0.04236856019130553,0.5993890683703897
train_000757,8,0.1815640264970238,0.8585246828565211
train_000757,9,0.3449440228013173,0.7676108303094633
train_000757,10,0.5814974769534381,0.8396863338059257
train_000757,11,0.7561954073245781,0.49782359132824483
train_000757,12,0.8234806639290785,0.5739168697359383
train_000757,13,0.877920683406251,-0.38880220740372373
train_000757,14,0.8374242776579963,-0.2968164188213765
train_000757,15,0.7222386761009449,0.24018972046914458
train_000757,16,0.5388160638815105,0.7910536655095274
train_000757,17,0.3153839649828651,0.8223053902989091
train_000757,18,0.10688714906799306,0.8456109046226168
train_000757,19,0.0,0.33136364292575865
train_000757,20,0.0,0.6929020038293721
train_000757,21,0.0,-0.2282566793233788
train_000757,22,0.0,0.7304303771539002
train_000757,23,0.0,0.7514333966918152
train_000757,24,0.0,0.12091637199739744
train_000758,1,0.0,-0.5628941970041152
train_000758,2,0.0,0.32056086366530145
train_000758,3,0.0,0.6096696781904398
train_000758,4,0.0,0.8476968473931983
train_000758,5,0.0,0.20505716222813614
train_000758,6,0.0,0.67649658317742
train_000758,7,0.039715617006888145,-0.19235412494388912
train_000758,8,0.14713663053552,0.11338613243268789
train_000758,9,0.30368152885791844,0.6335767381093274
train_000758,10,0.52893214582323,0.6186894233642883
train_000758,11,0.6868247572701895,0.7521620062403995
train_000758,12,0.8065777501812581,0.889899596561218
train_000758,13,0.871929938093411,0.731023309105888
train_000758,14,0.801142820913978,0.8405621825095227
train_000758,15,0.6761341157059841,0.4161077866880355
train_000758,16,0.53657221016733,0.19658370401085729
train_000758,17,0.30567427250823165,-0.3724584114526892
train_000758,18,0.10597845664716098,-0.6938131053665517
train_000758,19,0.0,-0.3877316120357965
train_000758,20,0.0,-0.028284439340862402
train_000758,21,0.0,-0.45552274886550737
train_000758,22,0.0,-0.4825624343315129
train_000758,23,0.0,0.769936339227317
train_000758,24,0.0,0.8078287375867349
train_000759,1,0.0,-0.6683172250965277
train_000759,2,0.0,-0.8353026647084172
train_000759,3,0.0,-0.7920411945286581
train_000759,4,0.0,-0.6388005366771132
train_000759,5,0.0,-0.4244615720037277
train_000759,6,0.0,-0.7066085270691684
train_000759,7,0.03876596768144637,-0.24979969791954199
train_000759,8,0.16190696930813098,-0.417862543791591
train_000759,9,0.3287818325935698,-0.043171232595760486
train_000759,10,0.5069161981174927,-0.35446144299154236
train_000759,11,0.700840672696825,-0.714857521356506
train_000759,12,0.8193148829307879,0.1433862498559099
train_000759,13,0.815074982913223,-0.05075696840836676
train_000759,14,0.799380148003495,-0.17367411219401177
train_000759,15,0.6863716367408719,0.01728578617579911
train_000759,16,0.5259431526033856,0.47068528459613146
train_000759,17,0.32249493517371786,0.2216328671674502
train_000759,18,0.11010295541998659,-0.7761716097353604
train_000759,19,0.0,-0.5046852475329853
train_000759,20,0.0,-0.11024101370045059
train_000759,21,0.0,0.30617517043175635
train_000759,22,0.0,-0.6775244925989391
train_000759,23,0.0,-0.6859371170950044
train_000759,24,0.0,-0.7698360634360414
train_000760,1,0.0,-0.31194317719116155
train_000760,2,0.0,-0.5723383107357156
train_000760,3,0.0,-0.19986459015124564
train_000760,4,0.0,0.2181839381813304
train_000760,5,0.0,0.21628293653141306
train_000760,6,0.0,0.3935365181309532
train_000760,7,0.04325368028613615,0.2728565797881306
train_000760,8,0.17875655858461684,-0.4385151501350118
train_000760,9,0.3369670743837195,0.3348534960684907
train_000760,10,0.5370174470547892,0.23487330444698012
train_000760,11,0.723073305993465,0.07990801375227678
train_000760,12,0.8303190897258217,0.7578078127814705
train_000760,13,0.8792188294872012,0.06138392690822242
train_000760,14,0.8625898525846472,0.5278397676161686
train_000760,15,0.7416371861867939,0.925827024884603
train_000760,16,0.5548174736667109,0.886991653699613
train_000760,17,0.30495224551339134,0.7846306083860015
train_000760,18,0.10668284060805024,0.5681579924905285
train_000760,19,0.0,0.6954815116614221
train_000760,20,0.0,0.8884622462135175
train_000760,21,0.0,0.8654303596191775
train_000760,22,0.0,0.5544877632807648
train_000760,23,0.0,0.6412123879298305
train_000760,24,0.0,0.30702891632027735
train_000761,1,0.0,0.38066508887194767
train_000761,2,0.0,0.7465324984767914
train_000761,3,0.0,0.07666120182317306
train_000761,4,0.0,-0.0162580802767906
train_000761,5,0.0,-0.4566182314931192
train_000761,6,0.0,0.09303339957884976
train_000761,7,0.03579699493734997,0.10332570625461597
train_000761,8,0.1457376491837132,-0.14594081876032633
train_000761,9,0.26038749849778403,0.2651425172714359
train_000761,10,0.43089491747666636,0.001529565104054226
train_000761,11,0.5390017849718699,-0.6796729198369582
train_000761,12,0.6123709106251743,-0.23882223893011698
train_000761,13,0.6098369353893356,0.5905210614952778
train_000761,14,0.620228818937818,0.3877583519783807
train_000761,15,0.4914061844215156,0.5780618635674504
train_000761,16,0.39591136651065056,0.66192380611239
train_000761,17,0.2541358275549746,-0.40566454056258994
train_000761,18,0.08796922584203765,-0.5729220023244428
train_000761,19,0.0,-0.7175779129741087
train_000761,20,0.0,-0.6878025516443973
train_000761,21,0.0,-0.8320311625160505
train_000761,22,0.0,-0.8532509477833197
train_000761,23,0.0,-0.4929783093429795
train_000761,24,0.0,-0.14266293226547344
train_000762,1,0.0,-0.6717400300891703
train_000762,2,0.0,-0.6887831369268975
train_000762,3,0.0,-0.9529370536124435
train_000762,4,0.0,-0.9792408489310992
train_000762,5,0.0,-0.9377781834206543
train_000762,6,0.0,-0.6907349278778401
train_000762,7,0.04791645728943613,-0.3129469851787204
train_000762,8,0.19317701839482967,-0.7202622829366537
train_000762,9,0.3856633912473808,-0.7269030901060209
train_000762,10,0.6274857899287215,-0.7495081686265083
train_000762,11,0.8049496230372456,-0.7800043399390707
train_000762,12,0.9137987611304476,-0.7169623161100348
train_000762,13,0.9390693280354718,-0.7859379781202651
train_000762,14,0.89699253707486,-0.09246879132149136
train_000762,15,0.7705123301630161,0.1846121435401664
train_000762,16,0.567089561861088,0.2894828936873481
train_000762,17,0.3298241311499333,-0.5216251069677582
train_000762,18,0.10634837813375597,-0.7042048446930075
train_000762,19,0.0,-0.8360984826699213
train_000762,20,0.0,-0.21353789465575507
train_000762,21,0.0,-0.40294429092644335
train_000762,22,0.0,0.2135646381923276
train_000762,23,0.0,0.8777911751647258
train_000762,24,0.0,0.88801987430773
train_000763,1,0.0,-0.7009261375329685
train_000763,2,0.0,-0.5409303627838506
train_000763,3,0.0,-0.3994879613089899
train_000763,4,0.0,-0.11863714587635232
train_000763,5,0.0,0.3001461932237579
train_000763,6,0.0,0.11058915626616338
train_000763,7,0.04637637222681234,0.7667019000157498
train_000763,8,0.1863961552832054,0.2868519914330688
train_000763,9,0.38358322513959653,-0.7735606093468754
train_000763,10,0.6132331767223015,-0.8153986359778815
train_000763,11,0.7903131652824333,0.004835771504161968
train_000763,12,0.8877814592167963,0.540320450424769
train_000763,13,0.9340973036849676,0.06468074773184254
train_000763,14,0.9064476602742143,-0.411182958938063
train_000763,15,0.7706203850969916,-0.7065871657093517
train_000763,16,0.5803702340511584,-0.6543694073805861
train_000763,17,0.3427518871516168,-0.7423857481810211
train_000763,18,0.11625024148558834,-0.5816825932044338
train_000763,19,0.0,-0.515595267794833
train_000763,20,0.0,-0.611244649956673
train_000763,21,0.0,-0.20075670859578545
train_000763,22,0.0,0.11385987135355102
train_000763,23,0.0,0.3440830491613711
train_000763,24,0.0,0.5203011161101933
train_000764,1,0.0,-0.10014753895988897
train_000764,2,0.0,0.47758490629246186
train_000764,3,0.0,-0.06526067671990325
train_000764,4,0.0,0.637699880354453
train_000764,5,0.0,0.06347274620086554
train_000764,6,0.0,0.005501694545430655
train_000764,7,0.039052169299074346,0.3437287360186012
train_000764,8,0.1677547844628697,0.7227446562582599
train_000764,9,0.33953490191515795,-0.08347713711567055
train_000764,10,0.5396197911764545,-0.3964372815694221
train_000764,11,0.704329935991108,-0.7660367037290938
train_000764,12,0.7693996016001137,-0.46396489657002393
train_000764,13,0.8064530245964636,0.6834988391194605
train_000764,14,0.7519075548778726,0.7728346196590744
train_000764,15,0.6008749261460339,0.4602857606925263
train_000764,16,0.4870289971206997,-0.18270044694540072
train_000764,17,0.2807347854672734,0.5419169961275841
train_000764,18,0.09650761117542156,0.6380675640788238
train_000764,19,0.0,0.6371163977776446
train_000764,20,0.0,0.1088868943382429
train_000764,21,0.0,0.20681525405305698
train_000764,22,0.0,0.5860816431363729
train_000764,23,0.0,-0.33858049540236457
train_000764,24,0.0,-0.3290231039235139
train_000765,1,0.0,0.6245386924306343
train_000765,2,0.0,-0.028190476472018118
train_000765,3,0.0,-0.46397336341063034
train_000765,4,0.0,0.25380140138616686
train_000765,5,0.0,0.31093722173618576
train_000765,6,0.0,0.4701419754827646
train_000765,7,0.030294556212271447,0.7016297959932217
train_000765,8,0.13748409005904802,0.5848047553947857
train_000765,9,0.3073268004119065,0.11586030296210649
train_000765,10,0.4715777300775886,0.2522322895084397
train_000765,11,0.6194191362860763,0.3709792974508584
train_000765,12,0.711089733244256,-0.0687751004616636
train_000765,13,0.7188156513395004,0.4014254568483364
train_000765,14,0.6661885063492787,0.09897041591026758
train_000765,15,0.5367654500914066,-0.26775206072988855
train_000765,16,0.3986611299054215,-0.8271032213850427
train_000765,17,0.223388528590868,-0.8266076645256567
train_000765,18,0.06682210025724339,-0.8082459346096725
train_000765,19,0.0,-0.7503010524701212
train_000765,20,0.0,0.584699409704639
train_000765,21,0.0,0.5032734812213784
train_000765,22,0.0,0.8118694362053781
train_000765,23,0.0,0.8477398952126558
train_000765,24,0.0,0.6383638049294622
train_000766,1,0.0,-0.8587311374903207
train_000766,2,0.0,-0.9083333772329317
train_000766,3,0.0,-0.8930947043390682
train_000766,4,0.0,-0.8558105511402025
train_000766,5,0.0,-0.7660141709855902
train_000766,6,0.0,-0.30678480922969237
train_000766,7,0.03623860145972362,0.46181473875125967
train_000766,8,0.15445263191104927,0.46490758529167964
train_000766,9,0.31246851739605525,0.03757772383541683
train_000766,10,0.5243111726471845,-0.1526229272192328
train_000766,11,0.6618676326242435,0.05117048075185638
train_000766,12,0.7706817654535735,0.3988809777390631
train_000766,13,0.7776892089571081,-0.25148865280432986
train_000766,14,0.7077752583370789,0.597352756262096
train_000766,15,0.6105503103595643,-0.025069506286731914
train_000766,16,0.4863135031433266,-0.3871567453244741
train_000766,17,0.28215986731007253,-0.029144016739910156
train_000766,18,0.09887513295716442,-0.8636816509222278
train_000766,19,0.0,0.3200162524868779
train_000766,20,0.0,-0.34045348857714625
train_000766,21,0.0,-0.5215419926235815
train_000766,22,0.0,-0.396703862036051
train_000766,23,0.0,-0.6365959013125926
train_000766,24,0.0,-0.2350890763065513
train_000767,1,0.0,-0.7906984015186924
train_000767,2,0.0,-0.6560073205646901
train_000767,3,0.0,-0.44005080672510416
train_000767,4,0.0,0.01693384722456167
train_000767,5,0.0,-0.8717904329162856
train_000767,6,0.0,-0.5843841862389273
train_000767,7,0.04608675847695818,-0.40224221947581246
train_000767,8,0.1871443167697471,-0.7324426182263749
train_000767,9,0.3749660126081633,-0.5062294776442495
train_000767,10,0.6085610612985218,-0.3796016759182392
train_000767,11,0.7664532478120215,-0.4384601451512577
train_000767,12,0.8762591634792497,-0.5087404678327795
train_000767,13,0.9027934956303574,-0.7853653961844704
train_000767,14,0.8689489785115337,-0.4357268214222704
train_000767,15,0.7312397790210245,-0.5064263626361285
train_000767,16,0.5388319046233581,-0.9006193029971423
train_000767,17,0.3111799200845281,-0.669582062194119
train_000767,18,0.10793689255312959,-0.35042475894872815
train_000767,19,0.0,0.006580434421694338
train_000767,20,0.0,-0.1951374796025197
train_000767,21,0.0,-0.5389053189633963
train_000767,22,0.0,0.6171522619045462
train_000767,23,0.0,0.8837582194488511
train_000767,24,0.0,0.692292471632311
train_000768,1,0.0,-0.17027941383490852
train_000768,2,0.0,0.32545909840247156
train_000768,3,0.0,-0.5924064674565217
train_000768,4,0.0,-0.7938198172518305
train_000768,5,0.0,-0.6922168726224627
train_000768,6,0.0,-0.20789719393274977
train_000768,7,0.04479351583694611,-0.4027469880909839
train_000768,8,0.17309621362015484,0.4692643096903645
train_000768,9,0.3585196838203371,-0.23450417190993203
train_000768,10,0.5485950660810264,-0.3191899346100442
train_000768,11,0.7195101455971397,-0.38447297409714476
train_000768,12,0.811058184582478,-0.869750448011684
train_000768,13,0.8764050689633048,-0.7693258271065171
train_000768,14,0.8292427238373415,0.1399695996558804
train_000768,15,0.6979877059581396,0.6018456754912962
train_000768,16,0.5004978462115561,-0.09902952475647635
train_000768,17,0.29449023675867325,0.16942307891982594
train_000768,18,0.10429541230891096,0.8494298464477632
train_000768,19,0.0,0.16479769316866436
train_000768,20,0.0,0.08123373541213448
train_000768,21,0.0,0.03952071838072514
train_000768,22,0.0,0.6603713369524998
train_000768,23,0.0,0.05211668990734978
train_000768,24,0.0,-0.29041757055897366
train_000769,1,0.0,-0.02241604685235268
train_000769,2,0.0,-0.28919620274642044
train_000769,3,0.0,-0.300240932167437
train_000769,4,0.0,0.4346031655134627
train_000769,5,0.0,0.07747096451652365
train_000769,6,0.0,-0.08193096989816911
train_000769,7,0.03970670801317818,0.2869521948015233
train_000769,8,0.14348944257928897,0.26331130957874843
train_000769,9,0.25302483079737864,0.10240102404189641
train_000769,10,0.4098365868100425,0.599888732033294
train_000769,11,0.4476526674818151,0.5947182159778793
train_000769,12,0.5689326304189257,0.5718838164825886
train_000769,13,0.5102234530408706,0.27007983231769556
train_000769,14,0.4349917024013508,-0.4845122326613899
train_000769,15,0.3113238709060784,0.3646180201906812
train_000769,16,0.2662059936396337,0.1813215013478808
train_000769,17,0.15206314047435687,-0.05818561968523811
train_000769,18,0.05279413448068708,-0.9212450983505919
train_000769,19,0.0,-0.9521819720752104
train_000769,20,0.0,-0.6431329740174956
train_000769,21,0.0,0.8596260444579769
train_000769,22,0.0,-0.27145792096624627
train_000769,23,0.0,-0.8050782187017074
train_000769,24,0.0,-0.37098568938961507
train_000770,1,0.0,0.4603533271576738
train_000770,2,0.0,-0.6987225070243539
train_000770,3,0.0,0.25103305390552766
train_000770,4,0.0,0.6936100492277659
train_000770,5,0.0,0.6959343987946924
train_000770,6,0.0,-0.6372980214583378
train_000770,7,0.04830474082013983,0.35105013696828086
train_000770,8,0.19644733266069736,0.17278065215456645
train_000770,9,0.3930603705270881,0.8641059534374503
train_000770,10,0.6395379957693879,0.7899158258988505
train_000770,11,0.8343347382684239,0.2515428032820427
train_000770,12,0.9377701791047324,0.5202940090147712
train_000770,13,0.9757389412969766,0.6489716593573271
train_000770,14,0.897750896603551,0.9350820671973528
train_000770,15,0.7683533280880441,0.8654575283564817
train_000770,16,0.5764896694284519,0.5483775829119064
train_000770,17,0.3378893451551565,0.018203231905262667
train_000770,18,0.11556726812424628,0.4648310139853935
train_000770,19,0.0,-0.570047984782106
train_000770,20,0.0,-0.5546527182658594
train_000770,21,0.0,-0.6872574371027285
train_000770,22,0.0,0.21989747657130468
train_000770,23,0.0,0.6358006635406072
train_000770,24,0.0,0.07009793077361036
train_000771,1,0.0,-0.13201020772262737
train_000771,2,0.0,0.16564496580295546
train_000771,3,0.0,0.48224594981170155
train_000771,4,0.0,0.5472971081805413
train_000771,5,0.0,-0.0932152327961418
train_000771,6,0.0,-0.5590470267612644
train_000771,7,0.03804098718821591,0.5936220759238791
train_000771,8,0.16676086018191894,0.5421955666502678
train_000771,9,0.33986936133189777,-0.27554052261568307
train_000771,10,0.5514020078030121,-0.6409513741189765
train_000771,11,0.7248453804123512,-0.6452567776097913
train_000771,12,0.8260168771952358,0.029938407388316667
train_000771,13,0.8198217017791594,-0.794766037744308
train_000771,14,0.7813267803150132,-0.5680951898213529
train_000771,15,0.6989741176904971,0.35754815308078214
train_000771,16,0.4849637283185594,-0.5475644964888973
train_000771,17,0.29425060837354367,-0.29235938887413915
train_000771,18,0.10024125517832023,-0.6886256875997674
train_000771,19,0.0,0.6760549791797286
train_000771,20,0.0,0.5151220494146835
train_000771,21,0.0,-0.43891511432034236
train_000771,22,0.0,-0.8224730698030881
train_000771,23,0.0,-0.6511948355837427
train_000771,24,0.0,-0.6513273144113334
train_000772,1,0.0,-0.3289143749935419
train_000772,2,0.0,0.26428093910621775
train_000772,3,0.0,0.45128998412143173
train_000772,4,0.0,-0.798760020638141
train_000772,5,0.0,-0.4513008902197138
train_000772,6,0.0,-0.3935151945595385
train_000772,7,0.037331008330058875,-0.14224620311091193
train_000772,8,0.15838534269720073,-0.22319005403681833
train_000772,9,0.3280056334025465,0.15082322285162947
train_000772,10,0.5246205117776993,-0.7315640558708506
train_000772,11,0.6856376922198785,0.0843967181209665
train_000772,12,0.714861517722138,-0.06717927165036355
train_000772,13,0.8024578418026429,-0.3965816281125849
train_000772,14,0.7856355840063948,-0.6685397792032347
train_000772,15,0.6100808351967075,-0.6535915012155518
train_000772,16,0.4680129853628346,-0.687105887281726
train_000772,17,0.2792777003500095,-0.12624636049473328
train_000772,18,0.09373557560002567,0.15382550388095606
train_000772,19,0.0,0.6756910691074474
train_000772,20,0.0,-0.06175588166383491
train_000772,21,0.0,-0.4186685160955109
train_000772,22,0.0,-0.2983006574395113
train_000772,23,0.0,-0.351877408521898
train_000772,24,0.0,-0.07438306010480855
train_000773,1,0.0,0.10829862522289817
train_000773,2,0.0,0.02571617382321044
train_000773,3,0.0,-0.782903843484543
train_000773,4,0.0,-0.12646134925270686
train_000773,5,0.0,0.48306990429840424
train_000773,6,0.0,-0.3302333706076707
train_000773,7,0.02653913510127085,-0.38951650009159305
train_000773,8,0.12080763964083217,-0.7508649142525725
train_000773,9,0.2502447635103624,-0.8291831051816483
train_000773,10,0.3762050961883378,-0.8684629831777488
train_000773,11,0.5519759992552182,-0.7071413066900967
train_000773,12,0.631987148387037,-0.6848753858005965
train_000773,13,0.6550452692246406,-0.04825122567007171
train_000773,14,0.6288782448561817,0.1308921559662595
train_000773,15,0.5247928794812132,-0.6616457843854237
train_000773,16,0.39993530878128875,0.10875519442570408
train_000773,17,0.21549936491885385,0.5009044353223057
train_000773,18,0.06567669604421221,0.49681812738516906
train_000773,19,0.0,0.6343811717490622
train_000773,20,0.0,0.33634086980964645
train_000773,21,0.0,0.7372013638901849
train_000773,22,0.0,0.11866293977537395
train_000773,23,0.0,0.39370422741073385
train_000773,24,0.0,-0.2231464242366129
train_000774,1,0.0,-0.5812217493794232
train_000774,2,0.0,-0.2358591326292221
train_000774,3,0.0,0.34019175983344024
train_000774,4,0.0,0.672456467955638
train_000774,5,0.0,-0.24150776067769247
train_000774,6,0.0,-0.6819653058482962
train_000774,7,0.03570809279074569,-0.27261172289390556
train_000774,8,0.12772419892281925,-0.08347727350922468
train_000774,9,0.27920668721888536,-0.19471023414919977
train_000774,10,0.5056594928269837,-0.3227273784519616
train_000774,11,0.6443635590104811,-0.65153259074081
train_000774,12,0.7135501656521451,-0.9003216518567664
train_000774,13,0.6624807366558999,-0.8004605320473998
train_000774,14,0.5843953041633606,-0.872835599068124
train_000774,15,0.4154775123436125,-0.24948582092406527
train_000774,16,0.29315538126859236,0.41189368854253794
train_000774,17,0.1534513753556842,0.234780090091505
train_000774,18,0.05068554847642198,0.7453779451672656
train_000774,19,0.0,0.5024384864034056
train_000774,20,0.0,0.3912859904634308
train_000774,21,0.0,-0.7455484023278705
train_000774,22,0.0,0.002932969073688253
train_000774,23,0.0,-0.8102995802219042
train_000774,24,0.0,-0.7440039111784249
train_000775,1,0.0,0.4050621685577416
train_000775,2,0.0,-0.4741726101008523
train_000775,3,0.0,-0.41075066329774956
train_000775,4,0.0,0.08477943751253286
train_000775,5,0.0,0.2606506940795045
train_000775,6,0.0,0.06403801941626096
train_000775,7,0.0133897301536162,0.5067402756755512
train_000775,8,0.08025154210286661,-0.2494599358987964
train_000775,9,0.13743913206516392,-0.4542187244305872
train_000775,10,0.2024233853919757,-0.1753679731466073
train_000775,11,0.2447214065967632,0.2892112699111436
train_000775,12,0.31383293803114665,0.25635819525512415
train_000775,13,0.3683143167219127,0.8282213551597891
train_000775,14,0.37903868149030634,-0.0866485074956069
train_000775,15,0.3677697903344048,-0.2816294219739808
train_000775,16,0.23878384801433783,-0.8450021306874567
train_000775,17,0.16941330867507798,-0.3241200997335354
train_000775,18,0.06296481555241633,-0.4372594880930123
train_000775,19,0.0,-0.23944711616991252
train_000775,20,0.0,0.19758925428433785
train_000775,21,0.0,0.1284914836921577
train_000775,22,0.0,-0.008884738724569349
train_000775,23,0.0,0.18004933776569848
train_000775,24,0.0,-0.28677036631052133
train_000776,1,0.0,0.17431720273017234
train_000776,2,0.0,0.6457969476836228
train_000776,3,0.0,0.5751827975200408
train_000776,4,0.0,0.6801502143615812
train_000776,5,0.0,0.7525723971320686
train_000776,6,0.0,0.8529602267448844
train_000776,7,0.03810475666966607,0.9173097104947295
train_000776,8,0.14503052638198163,0.8430348103141313
train_000776,9,0.2864731571983447,0.6278234894442534
train_000776,10,0.48654785736998535,0.7515525938014267
train_000776,11,0.6814643331116123,0.4585565120173247
train_000776,12,0.7273385184374328,0.6145287535095232
train_000776,13,0.7551741857854004,-0.12347994188637185
train_000776,14,0.7201259151317643,0.7918903766894214
train_000776,15,0.6082825109096787,0.8455101212885059
train_000776,16,0.45214535802162337,0.6526753874376257
train_000776,17,0.2473255395083642,0.7396550589624964
train_000776,18,0.08706863970193755,-0.13490814628237136
train_000776,19,0.0,0.1811449480961324
train_000776,20,0.0,-0.48984472566389403
train_000776,21,0.0,0.02967157131085937
train_000776,22,0.0,0.5060728598422048
train_000776,23,0.0,-0.2850584070473355
train_000776,24,0.0,-0.75091361535117
train_000777,1,0.0,-0.4618906944863905
train_000777,2,0.0,-0.7456145613901042
train_000777,3,0.0,-0.4141127382887724
train_000777,4,0.0,-0.3665532736484343
train_000777,5,0.0,-0.6739774061797984
train_000777,6,0.0,-0.1801617776354297
train_000777,7,0.03313647173798693,0.571817789885707
train_000777,8,0.11372319551769859,0.9175549350974951
train_000777,9,0.25857675704330013,0.7837941078431025
train_000777,10,0.37653075564840777,0.6364435376245232
train_000777,11,0.5715511119357759,-0.08561454622458327
train_000777,12,0.6996427256705565,-0.6470095536223843
train_000777,13,0.7482022226101007,-0.7129792219442974
train_000777,14,0.7438713747657543,-0.18416275025880638
train_000777,15,0.5877047329901935,-0.4620938534627868
train_000777,16,0.46142373609387277,0.08582394866872516
train_000777,17,0.26304352348892,0.369118129727713
train_000777,18,0.09442590350258544,-0.4897476138223029
train_000777,19,0.0,0.17440187472919827
train_000777,20,0.0,-0.5164534216224475
train_000777,21,0.0,-0.6563242366371462
train_000777,22,0.0,-0.5278451631593293
train_000777,23,0.0,-0.3725591197385899
train_000777,24,0.0,0.09839375441793578
train_000778,1,0.0,0.6174907753476919
train_000778,2,0.0,0.8204394412606626
train_000778,3,0.0,0.8299294651090436
train_000778,4,0.0,0.9599992724587689
train_000778,5,0.0,0.9742973645226012
train_000778,6,0.0,0.5859961886273681
train_000778,7,0.019315170276990812,0.6061436704149119
train_000778,8,0.09828880767454963,0.6219949713694934
train_000778,9,0.14896333184539692,-0.8284487666994108
train_000778,10,0.18846444297174936,0.11283697121336703
train_000778,11,0.31392516605982257,-0.7968860876755348
train_000778,12,0.40528285817259346,0.7415738406147154
train_000778,13,0.4252328392031543,0.4162900569294776
train_000778,14,0.36862687380292963,0.6522180128134658
train_000778,15,0.28151115620423267,0.47963133682315184
train_000778,16,0.2169469449498335,0.8763109627685771
train_000778,17,0.11180009125604161,0.777429033712999
train_000778,18,0.040167769682855174,0.42481128698531107
train_000778,19,0.0,-0.3077990583140419
train_000778,20,0.0,0.26014474253874775
train_000778,21,0.0,0.54950685850891
train_000778,22,0.0,0.44134514452938944
train_000778,23,0.0,-0.5570730323580464
train_000778,24,0.0,-0.7560500195952634
train_000779,1,0.0,-0.7133157340369212
train_000779,2,0.0,-0.7652276954546254
train_000779,3,0.0,-0.5580851717370399
train_000779,4,0.0,-0.5617893556447187
train_000779,5,0.0,-0.5838605080523778
train_000779,6,0.0,-0.15416231095343144
train_000779,7,0.0398239620579845,0.4959187074725807
train_000779,8,0.16261078716367086,-0.24542153394772706
train_000779,9,0.3296880027646527,0.27441281367720743
train_000779,10,0.5445899174433567,0.7613061139653865
train_000779,11,0.7385769589832469,0.8800205089287133
train_000779,12,0.7926213052035479,0.9536811122292019
train_000779,13,0.8046827136919656,0.45329420184185604
train_000779,14,0.8143952622154147,0.6039936447911312
train_000779,15,0.6713618860726412,0.929887570571397
train_000779,16,0.4884889709189806,0.9622930572111091
train_000779,17,0.2696104280596426,0.9011453415226859
train_000779,18,0.09299130498451463,0.9586507281599345
train_000779,19,0.0,0.11867757007882555
train_000779,20,0.0,0.35256399047013687
train_000779,21,0.0,0.03353220572773439
train_000779,22,0.0,-0.20314692652323413
train_000779,23,0.0,-0.3248861338491052
train_000779,24,0.0,-0.7687769084418912
train_000780,1,0.0,-0.4727346333638629
train_000780,2,0.0,-0.4283555422674544
train_000780,3,0.0,0.6833344230933336
train_000780,4,0.0,-0.029868098036123232
train_000780,5,0.0,-0.04355393015347544
train_000780,6,0.0,0.09313219851732464
train_000780,7,0.020071642507052123,-0.526668704812478
train_000780,8,0.09379574636387694,-0.1808345000189232
train_000780,9,0.16545359788366015,0.37242530620028785
train_000780,10,0.3519951733437167,-0.2669631558616242
train_000780,11,0.46833173660560523,-0.6039197881332166
train_000780,12,0.5824561966505387,-0.7191818335585767
train_000780,13,0.565979190442411,-0.03458772262077373
train_000780,14,0.4772797146203345,-0.06445638776201229
train_000780,15,0.45730794392790186,0.23405558910499866
train_000780,16,0.28724748759704694,0.11292399620098086
train_000780,17,0.17739714242735374,-0.10294339823576334
train_000780,18,0.067519104945556,-0.5232077479846755
train_000780,19,0.0,-0.7588129437438615
train_000780,20,0.0,-0.8329167150560696
train_000780,21,0.0,-0.8928481295274823
train_000780,22,0.0,-0.6964572370712874
train_000780,23,0.0,-0.7501706511034327
train_000780,24,0.0,-0.725803761177279
train_000781,1,0.0,0.44679891861994464
train_000781,2,0.0,0.1721987075125995
train_000781,3,0.0,0.05044398150002101
train_000781,4,0.0,0.7063199501161833
train_000781,5,0.0,0.5855759171664945
train_000781,6,0.0,0.7650037684861525
train_000781,7,0.02714028860855443,0.5561629488224489
train_000781,8,0.12676886466285806,0.5585632931408161
train_000781,9,0.24992280662020527,0.16699702452992635
train_000781,10,0.3195674788770463,0.03129430349413455
train_000781,11,0.3970192809490926,-0.4249464495939211
train_000781,12,0.488558907748301,-0.4034417983242102
train_000781,13,0.46786674739006856,0.11243733104282083
train_000781,14,0.4207277732862632,0.5856123477526696
train_000781,15,0.2841983078674412,0.839120325320273
train_000781,16,0.22395471045088847,0.7635430781131006
train_000781,17,0.14930772966563577,0.9290588374343516
train_000781,18,0.04932334495799379,0.909158193919217
train_000781,19,0.0,0.9088562087342134
train_000781,20,0.0,0.7097629116206761
train_000781,21,0.0,0.5485158702230732
train_000781,22,0.0,-0.14118287459813564
train_000781,23,0.0,-0.2436700848199072
train_000781,24,0.0,0.18502048974239063
train_000782,1,0.0,-0.5689951879081652
train_000782,2,0.0,-0.4635927854703521
train_000782,3,0.0,-0.21469002068043808
train_000782,4,0.0,-0.29155268726762923
train_000782,5,0.0,-0.20756879520342159
train_000782,6,0.0,-0.26905429946739745
train_000782,7,0.04723731996877675,0.7450029181559887
train_000782,8,0.1873053336369472,0.8412666583157102
train_000782,9,0.3778431786107796,0.6604410167168172
train_000782,10,0.593418008764064,0.30139890861735913
train_000782,11,0.7990712078992234,0.047956565471893135
train_000782,12,0.897296986031305,0.1286097631357922
train_000782,13,0.9319244036756041,-0.584619562358649
train_000782,14,0.8988305168149073,-0.12399679447865722
train_000782,15,0.7605828743643726,0.529092180669569
train_000782,16,0.5728829546173714,0.9072234744244293
train_000782,17,0.3348827786279162,0.7817094759257723
train_000782,18,0.11261822913303599,0.7309854605928853
train_000782,19,0.0,0.4494654962971145
train_000782,20,0.0,0.7773454996871221
train_000782,21,0.0,0.9568023141457894
train_000782,22,0.0,0.8924986528893083
train_000782,23,0.0,0.7674098074503414
train_000782,24,0.0,-0.4029889458661968
train_000783,1,0.0,0.132695249790141
train_000783,2,0.0,-0.18897740026589108
train_000783,3,0.0,0.7384684661601371
train_000783,4,0.0,0.4478477278933479
train_000783,5,0.0,0.4044361644255987
train_000783,6,0.0,0.8478841190682949
train_000783,7,0.037902647981532256,0.09611599104223978
train_000783,8,0.14631518144610578,-0.26176591853290704
train_000783,9,0.3110498696985031,0.8781398240784275
train_000783,10,0.5290622557290064,0.8951054972112111
train_000783,11,0.7279353095524768,-0.09903912408306285
train_000783,12,0.7973234434469065,0.015018126131143244
train_000783,13,0.8348868601003153,0.5409069179619751
train_000783,14,0.7725838779445782,0.612284560876285
train_000783,15,0.6385163306175724,0.8963212160792967
train_000783,16,0.48433088164750726,0.9628321874538552
train_000783,17,0.2792118273794353,0.9341914728357472
train_000783,18,0.09581614468926469,0.7782393967025489
train_000783,19,0.0,-0.067946691304947
train_000783,20,0.0,-0.03755925562510665
train_000783,21,0.0,-0.30759586285477863
train_000783,22,0.0,0.4326521898450751
train_000783,23,0.0,0.38622767283849624
train_000783,24,0.0,0.4093841332119956
train_000784,1,0.0,-0.5941395925529322
train_000784,2,0.0,0.2820648853995652
train_000784,3,0.0,-0.36328049843945426
train_000784,4,0.0,0.47206439173705983
train_000784,5,0.0,0.6721112637422011
train_000784,6,0.0,0.8429373521682306
train_000784,7,0.025925848269252833,0.8468360093818972
train_000784,8,0.1264354358525657,0.839096666104677
train_000784,9,0.2635011233876164,0.9464685508163275
train_000784,10,0.42050735708861325,0.42132799048880964
train_000784,11,0.522181633872576,0.4387386931898088
train_000784,12,0.5779903535438099,0.40632505421061915
train_000784,13,0.4255819597207629,-0.32960351458068565
train_000784,14,0.4603109625030431,-0.8550785295304315
train_000784,15,0.33056659226270824,-0.7512860465077378
train_000784,16,0.21114764446643924,-0.12963649857091186
train_000784,17,0.10172604186740128,0.3840125406967192
train_000784,18,0.040876011142511263,-0.1886471238941348
train_000784,19,0.0,-0.37894616306152085
train_000784,20,0.0,0.5177719992138768
train_000784,21,0.0,-0.7322849346792106
train_000784,22,0.0,0.35757364744227954
train_000784,23,0.0,-0.5190197087186814
train_000784,24,0.0,0.11630998030747525
train_000785,1,0.0,0.6413457474311519
train_000785,2,0.0,0.2910173036162222
train_000785,3,0.0,0.6910802408737068
train_000785,4,0.0,0.8966540819401084
train_000785,5,0.0,0.8781153702153798
train_000785,6,0.0,0.6422184729211302
train_000785,7,0.043661354634439625,0.11236112630574502
train_000785,8,0.14752699686033285,0.3877227355136429
train_000785,9,0.2923891624226653,0.7920044178430952
train_000785,10,0.4923143845263261,0.2520727924876042
train_000785,11,0.6641904426230967,-0.5465578946533725
train_000785,12,0.7933266905621763,0.43542572660326356
train_000785,13,0.7837235515523348,0.9245390121361017
train_000785,14,0.7330722772138564,0.9756669806809618
train_000785,15,0.6369353891126068,0.9595806509871457
train_000785,16,0.4739606574651443,0.973353878671754
train_000785,17,0.2616604049716204,0.9645668112401491
train_000785,18,0.0871896697333378,0.5460452480181817
train_000785,19,0.0,0.10305845124267486
train_000785,20,0.0,-0.2302007765680997
train_000785,21,0.0,-0.31281100316613203
train_000785,22,0.0,-0.2593758133816658
train_000785,23,0.0,-0.3580075987723107
train_000785,24,0.0,-0.932505996673652
train_000786,1,0.0,-0.02472121664217602
train_000786,2,0.0,-0.12093687764166444
train_000786,3,0.0,0.2018803644998209
train_000786,4,0.0,-0.17069026855140507
train_000786,5,0.0,0.40544130987629484
train_000786,6,0.0,-0.2278088919077973
train_000786,7,0.03669089570440646,0.6396880899157074
train_000786,8,0.15133345617702904,0.16820818381654654
train_000786,9,0.2941135127731276,0.6362616823651641
train_000786,10,0.5003562471336687,0.3441275718218832
train_000786,11,0.6463203617716259,0.08356646340504638
train_000786,12,0.714523205016405,-0.1540123641254386
train_000786,13,0.7558429569170061,-0.27375328058375475
train_000786,14,0.6971605435652501,0.6651571425061831
train_000786,15,0.6039155391489058,-0.1348863294071711
train_000786,16,0.5018849445312592,0.4059004261218557
train_000786,17,0.29309816545144146,-0.19076878230000727
train_000786,18,0.09570471275776138,-0.5513223208772575
train_000786,19,0.0,-0.19189561974290933
train_000786,20,0.0,0.5650724288199296
train_000786,21,0.0,-0.10164695225023024
train_000786,22,0.0,-0.4970698348328392
train_000786,23,0.0,-0.614200503137833
train_000786,24,0.0,-0.6760665120954477
train_000787,1,0.0,-0.2598832501315576
train_000787,2,0.0,-0.41303638195632714
train_000787,3,0.0,-0.5231916740938193
train_000787,4,0.0,-0.3035382915318989
train_000787,5,0.0,0.07736175011413021
train_000787,6,0.0,-0.13182922444816442
train_000787,7,0.036256989969337954,-0.36764593572367416
train_000787,8,0.14137951734116222,-0.09906645781945929
train_000787,9,0.3094910590864805,-0.2088210133603158
train_000787,10,0.5344955078949666,-0.37717276165868624
train_000787,11,0.6886945906824821,-0.23037149521038885
train_000787,12,0.8339779353128309,-0.6469410785711494
train_000787,13,0.8730921230097645,0.4534266182811043
train_000787,14,0.8399543587862245,0.43144740570922924
train_000787,15,0.6864582407607277,0.08220284220636188
train_000787,16,0.5110200909718329,0.33673558986183955
train_000787,17,0.30513347560920484,-0.08757070368493562
train_000787,18,0.10579924733306248,-0.36872612900543467
train_000787,19,0.0,-0.1678862907820857
train_000787,20,0.0,0.5381484075316205
train_000787,21,0.0,0.19284412650229116
train_000787,22,0.0,0.6572944511956931
train_000787,23,0.0,0.7428768518740554
train_000787,24,0.0,0.9454187748821649
train_000788,1,0.0,-0.9269445637507964
train_000788,2,0.0,-0.9554007207576888
train_000788,3,0.0,-0.8922452998673973
train_000788,4,0.0,-0.628075560783468
train_000788,5,0.0,-0.5087141348306614
train_000788,6,0.0,-0.47139893207791916
train_000788,7,0.041917889663481096,-0.9310560548532693
train_000788,8,0.16506016519519745,-0.9472115512922004
train_000788,9,0.3463743475991632,-0.8400691487377184
train_000788,10,0.5496050713482739,-0.5995904659806957
train_000788,11,0.7093860844036161,-0.5954631203980898
train_000788,12,0.8052773495779265,-0.5858805747473392
train_000788,13,0.8121080099089798,0.20757718461571512
train_000788,14,0.8323749712522898,-0.4616138419699802
train_000788,15,0.7080631319005897,-0.28824407430452
train_000788,16,0.536019956384191,-0.24149287393136767
train_000788,17,0.31558119268699725,0.12738306282123615
train_000788,18,0.1073705494055596,-0.554908946190374
train_000788,19,0.0,-0.5035201969207814
train_000788,20,0.0,-0.38257934299296714
train_000788,21,0.0,0.6760691086060193
train_000788,22,0.0,0.6327443315537272
train_000788,23,0.0,0.7446456209593101
train_000788,24,0.0,0.58919239214304
train_000789,1,0.0,0.15003735451093644
train_000789,2,0.0,-0.6372588362163778
train_000789,3,0.0,-0.5266111992458402
train_000789,4,0.0,-0.4601874158205828
train_000789,5,0.0,-0.44898343668828666
train_000789,6,0.0,-0.47095910107005845
train_000789,7,0.043946491947000385,-0.6069399947794092
train_000789,8,0.17219615096147128,0.5119899206400507
train_000789,9,0.3556981327844843,0.9320150624773944
train_000789,10,0.5719091043816424,0.7029031379937283
train_000789,11,0.7218577576706119,0.810361905695057
train_000789,12,0.7963524010911595,0.37913831253376695
train_000789,13,0.8677647198247528,0.1343301414102045
train_000789,14,0.8225975638970681,0.4148053892246719
train_000789,15,0.6860836432707007,-0.4071971362039872
train_000789,16,0.5236974584112489,0.5783575099933814
train_000789,17,0.3193245124471643,0.8356452229489766
train_000789,18,0.10818221515324353,0.8298316061169108
train_000789,19,0.0,0.667741043157063
train_000789,20,0.0,0.7509953965078839
train_000789,21,0.0,0.022539688785411932
train_000789,22,0.0,0.2958915822494165
train_000789,23,0.0,0.840521426714248
train_000789,24,0.0,0.6284638791736719
train_000790,1,0.0,-0.2603488987976831
train_000790,2,0.0,-0.057752585470840515
train_000790,3,0.0,0.7005021007794736
train_000790,4,0.0,0.28102550968100926
train_000790,5,0.0,0.21591284155703866
train_000790,6,0.0,-0.3554250675462276
train_000790,7,0.044904194662041326,-0.157817747108587
train_000790,8,0.17742809399277004,0.039705464442200473
train_000790,9,0.3554883742795508,0.34948349437321163
train_000790,10,0.5709246018450522,0.7170512768669168
train_000790,11,0.7669662523317299,0.7775178037068545
train_000790,12,0.8838662584359469,0.6265159082645775
train_000790,13,0.9294704104688094,0.7039364169068999
train_000790,14,0.8751307120899674,-0.23055165456369575
train_000790,15,0.7418216178304261,-0.6929530582022392
train_000790,16,0.5154677853402984,-0.5520544534108037
train_000790,17,0.28999435945368646,0.21822195442768724
train_000790,18,0.09858982152622214,0.019599894220764302
train_000790,19,0.0,0.40333950113464295
train_000790,20,0.0,0.2032470539264018
train_000790,21,0.0,0.10918099164196748
train_000790,22,0.0,0.07640825819825046
train_000790,23,0.0,0.2751558050948315
train_000790,24,0.0,0.8612630176253443
train_000791,1,0.0,-0.7376140785733452
train_000791,2,0.0,-0.6405564188486892
train_000791,3,0.0,-0.8197416624118239
train_000791,4,0.0,-0.8590971121909601
train_000791,5,0.0,-0.8702804107397603
train_000791,6,0.0,0.028211346399571714
train_000791,7,0.040593354748652256,-0.5328342583319952
train_000791,8,0.16738689916695904,0.40509616020749184
train_000791,9,0.3441968999683978,0.7255866536920699
train_000791,10,0.5551929150004239,0.5038858209190227
train_000791,11,0.7048261548967297,0.5995828827283003
train_000791,12,0.8324559168240718,0.3504457851900977
train_000791,13,0.8693173306252584,0.37764781254060237
train_000791,14,0.8095271641622338,0.593105348057535
train_000791,15,0.6470857544007163,0.5546788076644118
train_000791,16,0.4918695322907611,0.32505626864017856
train_000791,17,0.2925035191390584,0.4325846872161623
train_000791,18,0.09766725314781419,0.36983946877993773
train_000791,19,0.0,0.596104413137765
train_000791,20,0.0,0.5470298468580101
train_000791,21,0.0,0.32591594090753656
train_000791,22,0.0,0.33704997398336334
train_000791,23,0.0,-0.31532610395233235
train_000791,24,0.0,0.11102092783092465
train_000792,1,0.0,0.372195018355739
train_000792,2,0.0,0.2964138528818352
train_000792,3,0.0,0.24504891529877512
train_000792,4,0.0,0.5715947513492139
train_000792,5,0.0,0.6157610910272924
train_000792,6,0.0,-0.32899384032427975
train_000792,7,0.040245511381268834,0.171472271594836
train_000792,8,0.16592619090364877,-0.5521109127166557
train_000792,9,0.3406016873166191,-0.7337664991190179
train_000792,10,0.48611276835263534,-0.5497822296101804
train_000792,11,0.5986277505857919,0.09633175173855302
train_000792,12,0.7415268842920749,0.5960951065048401
train_000792,13,0.810931605517699,0.8410705091959663
train_000792,14,0.7829151627991321,0.8996646248833644
train_000792,15,0.6581714653984647,0.8584740842509422
train_000792,16,0.49584988658128004,0.6217010859885603
train_000792,17,0.27400344321884124,0.677900959432505
train_000792,18,0.0967794979496388,0.6630843555533865
train_000792,19,0.0,0.8388178165545355
train_000792,20,0.0,0.7518006953755867
train_000792,21,0.0,0.6762342272092464
train_000792,22,0.0,-0.1306475403500521
train_000792,23,0.0,0.19469099404343565
train_000792,24,0.0,-0.22994698220621188
train_000793,1,0.0,-0.5241074108055663
train_000793,2,0.0,-0.45399006434045897
train_000793,3,0.0,-0.37726443845801333
train_000793,4,0.0,-0.628453898306403
train_000793,5,0.0,-0.5815241925612675
train_000793,6,0.0,-0.7388960494168209
train_000793,7,0.02593285165744852,-0.8042937730047655
train_000793,8,0.09368466623851546,0.5548834919940515
train_000793,9,0.21463424658115843,0.042223797312950555
train_000793,10,0.34149753502098984,-0.26986878946352244
train_000793,11,0.4509267904983066,-0.9096817784372031
train_000793,12,0.6159411086664494,-0.6192139997513192
train_000793,13,0.669533978333898,0.11508264389137743
train_000793,14,0.6361939747448186,0.1826034786876573
train_000793,15,0.5251453697743358,0.24684861326722374
train_000793,16,0.41213579359277364,-0.26414485053827685
train_000793,17,0.21762216853934901,0.4680695433319202
train_000793,18,0.07902284948614978,-0.2581044196036413
train_000793,19,0.0,0.7322452935225665
train_000793,20,0.0,0.8151592250870809
train_000793,21,0.0,0.4635585520762867
train_000793,22,0.0,0.6577140603302014
train_000793,23,0.0,-0.015556342783474094
train_000793,24,0.0,0.1286038249048005
train_000794,1,0.0,-0.044586393498259075
train_000794,2,0.0,0.05219559571263699
train_000794,3,0.0,0.16319109371139798
train_000794,4,0.0,0.21536298983313054
train_000794,5,0.0,0.798665124480716
train_000794,6,0.0,0.8254551724438955
train_000794,7,0.025552563847994304,0.8219053225255767
train_000794,8,0.12051693253762377,0.6235152079325712
train_000794,9,0.2400430767714212,0.5695880513956417
train_000794,10,0.352537894419028,0.40833038846246505
train_000794,11,0.4799873971202864,0.7746264792601378
train_000794,12,0.5952525550812128,0.5289345267675836
train_000794,13,0.6762281119625684,0.017651417361544387
train_000794,14,0.5938660542596135,-0.48520535407864496
train_000794,15,0.487068573643053,-0.4763278352842154
train_000794,16,0.33511128804709905,0.19136972671813365
train_000794,17,0.17468154334808692,0.1371868220870076
train_000794,18,0.05381736909835256,0.5800345785252548
train_000794,19,0.0,0.8102085383970317
train_000794,20,0.0,0.7019270919180982
train_000794,21,0.0,0.474762391710291
train_000794,22,0.0,-0.02414673672564546
train_000794,23,0.0,-0.09485901896963413
train_000794,24,0.0,0.155102056026875
train_000795,1,0.0,0.8095328383542761
train_000795,2,0.0,0.6895432725497785
train_000795,3,0.0,0.36439436414398496
train_000795,4,0.0,0.7985877251834805
train_000795,5,0.0,0.8122789390430485
train_000795,6,0.0,0.7704652636535543
train_000795,7,0.0447328820642949,-0.7795760881098195
train_000795,8,0.1797028937742977,-0.9472643476110504
train_000795,9,0.3594862568425168,-0.621549120838249
train_000795,10,0.5683566242862554,-0.8696459580619412
train_000795,11,0.7402295311228011,-0.6272839122928011
train_000795,12,0.8437189408625905,0.28293204818729917
train_000795,13,0.896016850405743,-0.14815194896821715
train_000795,14,0.8404056762547203,-0.7025964396495094
train_000795,15,0.7115079304789323,-0.5657311401451672
train_000795,16,0.5361272399189579,-0.5680868422505035
train_000795,17,0.3104258497823367,-0.19460942909027615
train_000795,18,0.10505830095274621,0.2077297796116246
train_000795,19,0.0,-0.23495897545972774
train_000795,20,0.0,-0.08477838882933857
train_000795,21,0.0,-0.48781213232932785
train_000795,22,0.0,-0.5162719895556449
train_000795,23,0.0,-0.12173359352684708
train_000795,24,0.0,-0.4481362727992599
train_000796,1,0.0,0.42166323731660565
train_000796,2,0.0,-0.11340997716134839
train_000796,3,0.0,0.6177663460803929
train_000796,4,0.0,-0.026114195409500933
train_000796,5,0.0,0.10818329296550003
train_000796,6,0.0,0.7539352683295517
train_000796,7,0.03560195259738553,0.9570041350329866
train_000796,8,0.14264503097793022,0.8071482203302188
train_000796,9,0.2912288189846105,0.8402292350297598
train_000796,10,0.498290284051127,0.7635925079205489
train_000796,11,0.5917560095248924,-0.18040472190280724
train_000796,12,0.7031463199727516,0.5288229178979293
train_000796,13,0.7290499943906845,0.15652022435332097
train_000796,14,0.6193677190817738,0.5808767780526437
train_000796,15,0.5166002479366639,0.6957925592749797
train_000796,16,0.3586852505371961,0.8694712220306725
train_000796,17,0.22743981490148737,0.9400095213738884
train_000796,18,0.08257559560122725,0.7176691315104979
train_000796,19,0.0,0.6932746280233173
train_000796,20,0.0,0.843625108626053
train_000796,21,0.0,0.7564944197816659
train_000796,22,0.0,0.48440605814108706
train_000796,23,0.0,0.32109840342770424
train_000796,24,0.0,0.6440122088643088
train_000797,1,0.0,-0.6371514295983982
train_000797,2,0.0,-0.5033281383734273
train_000797,3,0.0,-0.4848469452982631
train_000797,4,0.0,-0.7746270106548527
train_000797,5,0.0,-0.39120068569471955
train_000797,6,0.0,-0.24359102226319304
train_000797,7,0.047076332144977064,-0.6150463426734567
train_000797,8,0.18739427593293193,-0.714912808657119
train_000797,9,0.3772264673045198,-0.8331254561811773
train_000797,10,0.6126284085774492,-0.7654113304170964
train_000797,11,0.7881583449591677,-0.5774997424634872
train_000797,12,0.8625305627067061,-0.7885310926544862
train_000797,13,0.8864634802978493,-0.857631424950527
train_000797,14,0.8552397123753507,-0.8120330576928385
train_000797,15,0.6841186975108484,-0.6589842835690403
train_000797,16,0.49338325319330434,0.08971452232481539
train_000797,17,0.29815060115352804,0.03875665398063656
train_000797,18,0.11000387022700524,0.36037529754572034
train_000797,19,0.0,-0.16276418739502044
train_000797,20,0.0,0.1105673115665052
train_000797,21,0.0,0.6599727687319836
train_000797,22,0.0,0.7813043672427298
train_000797,23,0.0,0.32981293101609177
train_000797,24,0.0,0.4097826532829221
train_000798,1,0.0,0.42285820103040306
train_000798,2,0.0,0.7842153627492239
train_000798,3,0.0,0.8468235100825665
train_000798,4,0.0,0.7619138090790698
train_000798,5,0.0,0.9231258265840196
train_000798,6,0.0,0.8026397004251904
train_000798,7,0.04831490144992606,0.7244195695722296
train_000798,8,0.1946255063484127,0.42652989182145834
train_000798,9,0.38520850849413835,-0.198222563470409
train_000798,10,0.6274662685662024,0.18630800267207853
train_000798,11,0.8145707111994681,0.46411256191220884
train_000798,12,0.8959023423369751,0.5474572052770104
train_000798,13,0.9359405161566721,0.3827441279635574
train_000798,14,0.9058301380813437,0.3635642359729461
train_000798,15,0.7644618396978959,0.7774191797731077
train_000798,16,0.5692885956682395,0.8966127258479661
train_000798,17,0.33969345022164993,0.8998029993169403
train_000798,18,0.11713728409243165,0.6961306979816879
train_000798,19,0.0,0.12503343400267294
train_000798,20,0.0,-0.39658667676446
train_000798,21,0.0,-0.8735593856798155
train_000798,22,0.0,-0.6805638700641414
train_000798,23,0.0,-0.6411951592572398
train_000798,24,0.0,-0.9371281375668328
train_000799,1,0.0,-0.42407289138911136
train_000799,2,0.0,-0.7536060916328101
train_000799,3,0.0,-0.8674991206108498
train_000799,4,0.0,-0.8687428953262943
train_000799,5,0.0,-0.11002074634400906
train_000799,6,0.0,-0.27301413744839237
train_000799,7,0.035294559223834995,-0.7412958257098503
train_000799,8,0.15635535910415585,-0.45614855773766
train_000799,9,0.29677894066841837,-0.7351709671337416
train_000799,10,0.4647370324541422,-0.2800641409419799
train_000799,11,0.637565447243841,0.13719313168940175
train_000799,12,0.7376463013830165,0.5565029383938674
train_000799,13,0.7434895660637105,0.7715798993717078
train_000799,14,0.7257106787107913,0.3304586252162482
train_000799,15,0.594209909800531,-0.5459850324749079
train_000799,16,0.4694508712018907,-0.20296249191763574
train_000799,17,0.26466898946242223,-0.7202369245973903
train_000799,18,0.0887569428261454,-0.4963183804396655
train_000799,19,0.0,0.10712338671371009
train_000799,20,0.0,0.8087201510858189
train_000799,21,0.0,0.3056554094605198
train_000799,22,0.0,-0.4863285901246105
train_000799,23,0.0,-0.09785776101002588
train_000799,24,0.0,-0.2500852563381357
train_000800,1,0.0,-0.9437598553072599
train_000800,2,0.0,-0.9848878490724633
train_000800,3,0.0,-0.976649366530775
train_000800,4,0.0,-0.9284788850428304
train_000800,5,0.0,-0.7776026259362895
train_000800,6,0.0,-0.8792333412091767
train_000800,7,0.035726230924075585,0.34412469007896895
train_000800,8,0.14930377802787886,-0.006202425338267818
train_000800,9,0.29751487213471545,-0.07781323519149076
train_000800,10,0.5142440298833455,0.31371046343086995
train_000800,11,0.6577933663114313,0.5519408908992576
train_000800,12,0.7617398473768886,0.5921254122287695
train_000800,13,0.7889438479571748,-0.5178202258897574
train_000800,14,0.6816924759450298,0.05933311223274062
train_000800,15,0.5885742839063889,-0.046210915342179984
train_000800,16,0.429907227236019,0.6026015800806481
train_000800,17,0.23856942444034396,0.7402683455571251
train_000800,18,0.09364492519155972,0.6979541578600094
train_000800,19,0.0,0.5632598516192739
train_000800,20,0.0,-0.4775421496962231
train_000800,21,0.0,-0.806754030612399
train_000800,22,0.0,-0.8671214271387759
train_000800,23,0.0,-0.8571640660882518
train_000800,24,0.0,-0.13449769485042756
