id,t,pv_fraction,activation_signed
test_000801,1,0.0,-0.124000714398299
test_000801,2,0.0,0.7853765870295304
test_000801,3,0.0,0.5522884679219888
test_000801,4,0.0,-0.5026643877111546
test_000801,5,0.0,-0.7088632132559267
test_000801,6,0.0,-0.13078349048304785
test_000801,7,0.03639614327617442,-0.4851915021070673
test_000801,8,0.15841353094447078,-0.692516248716357
test_000801,9,0.30145527412893014,-0.08149348713952287
test_000801,10,0.5059724460852547,-0.46353258371882344
test_000801,11,0.6186705395900138,-0.3197177283914118
test_000801,12,0.7183124176683138,-0.1309661828082685
test_000801,13,0.7764087098089084,0.6473947817670185
test_000801,14,0.5651018794836319,0.2565216742655383
test_000801,15,0.5162904254532951,0.48885320075375394
test_000801,16,0.38610492902363613,0.4910563757228804
test_000801,17,0.24103532629598148,-0.1072595924097278
test_000801,18,0.08683743320629472,0.4636242456240822
test_000801,19,0.0,0.19849437175052118
test_000801,20,0.0,0.3071896983250875
test_000801,21,0.0,-0.27907991415930544
test_000801,22,0.0,0.6984872521612051
test_000801,23,0.0,0.4872701958495642
test_000801,24,0.0,-0.14572672104147372
test_000802,1,0.0,0.46007910696237025
test_000802,2,0.0,0.8961070627581104
test_000802,3,0.0,0.8650681217517366
test_000802,4,0.0,0.36829472114837974
test_000802,5,0.0,0.8912179049360808
test_000802,6,0.0,0.45971829719381685
test_000802,7,0.038747660121262316,-0.5102686338696621
test_000802,8,0.153063936726712,-0.636044512991427
test_000802,9,0.2854731747651514,-0.562384498934348
test_000802,10,0.5030738668782433,-0.5171922404679113
test_000802,11,0.6902727375616766,-0.8952787897879976
test_000802,12,0.7694701877000245,-0.3974462882391711
test_000802,13,0.8497723159189795,-0.3166702528302904
test_000802,14,0.7538552047562407,-0.6657035492225982
test_000802,15,0.6471118648057013,-0.8052817226425689
test_000802,16,0.5072306312771845,-0.1819231577578564
test_000802,17,0.26475454259338693,-0.6090098829986766
test_000802,18,0.08729455684196069,-0.856478598505297
test_000802,19,0.0,-0.570557247000735
test_000802,20,0.0,-0.9164517957362046
test_000802,21,0.0,-0.7140074614008791
test_000802,22,0.0,-0.39527533110584456
test_000802,23,0.0,-0.7182815727708308
test_000802,24,0.0,-0.7149364788502848
test_000803,1,0.0,-0.008783255212029972
test_000803,2,0.0,0.26296001213181763
test_000803,3,0.0,-0.1350094968804442
test_000803,4,0.0,0.33733618230691764
test_000803,5,0.0,0.08353005533477414
test_000803,6,0.0,-0.7150483324467044
test_000803,7,0.039571622829365466,-0.5949318258072851
test_000803,8,0.1625903259574477,-0.4303349033002836
test_000803,9,0.30974649280561334,-0.7051845981130532
test_000803,10,0.48810983125918517,-0.07341272005642759
test_000803,11,0.6766304003948425,0.3186640998846662
test_000803,12,0.7307622324590761,0.18898554603717435
test_000803,13,0.7896654555646738,-0.27472305805832364
test_000803,14,0.7453688623138726,-0.22340822980515118
test_000803,15,0.6083199156752226,-0.014821461914018778
test_000803,16,0.48998154326018617,0.08226374254074685
test_000803,17,0.28974653601266087,0.012920554069010387
test_000803,18,0.09810221963491503,0.142546588000979
test_000803,19,0.0,0.07317880056486979
test_000803,20,0.0,0.006949108438928627
test_000803,21,0.0,-0.6341675068412627
test_000803,22,0.0,-0.6195017299628499
test_000803,23,0.0,-0.0446563072570253
test_000803,24,0.0,-0.13447770694391942
test_000804,1,0.0,0.07772584804094637
test_000804,2,0.0,-0.41677110816568047
test_000804,3,0.0,0.025672586431516722
test_000804,4,0.0,0.05049723828133909
test_000804,5,0.0,-0.18734004288674178
test_000804,6,0.0,0.18509592845973533
test_000804,7,0.04748437568614294,0.12923676648837581
test_000804,8,0.18837008973512004,0.006318673232558011
test_000804,9,0.3749112599264614,0.3761723567929699
test_000804,10,0.591318749080532,-0.5863590077565561
test_000804,11,0.7895749473338389,-0.260027889804221
test_000804,12,0.9024789909039739,-0.625663726642407
test_000804,13,0.9214314182581523,-0.6200371268592312
test_000804,14,0.8662530812508014,-0.5147800554298299
test_000804,15,0.7299421724626267,-0.7953310210908644
test_000804,16,0.5210334575703375,-0.9155230278860749
test_000804,17,0.29181454404177837,-0.8943332481419506
test_000804,18,0.1042056947071218,-0.8382199664228382
test_000804,19,0.0,-0.8037879616220154
test_000804,20,0.0,-0.602641673945381
test_000804,21,0.0,-0.5667423001164429
test_000804,22,0.0,-0.5895280585563698
test_000804,23,0.0,0.269682783445109
test_000804,24,0.0,-0.13557002527522719
test_000805,1,0.0,0.7146061435415207
test_000805,2,0.0,-0.1555341057637538
test_000805,3,0.0,-0.3544215392879335
test_000805,4,0.0,-0.5311039111759612
test_000805,5,0.0,-0.527299127001102
test_000805,6,0.0,-0.034154911997154744
test_000805,7,0.042139066183240835,-0.4990845081095854
test_000805,8,0.16734283545796777,-0.491489083565698
test_000805,9,0.34204582713605197,-0.8627231073540963
test_000805,10,0.5448989336771413,-0.008990143021208225
test_000805,11,0.7538847269755735,-0.09403722938334243
test_000805,12,0.8433282208516432,-0.3725919806722379
test_000805,13,0.9137091931498427,-0.7417119936698985
test_000805,14,0.8445098193267494,-0.3583052478515668
test_000805,15,0.7050128823144108,0.09193143344080904
test_000805,16,0.5427064552328991,0.562959514469645
test_000805,17,0.3029592567402507,0.33332162221357153
test_000805,18,0.10359129022970169,0.29884611455182936
test_000805,19,0.0,-0.4057591530521601
test_000805,20,0.0,-0.8913011228785628
test_000805,21,0.0,-0.6293720406316334
test_000805,22,0.0,-0.08622051793904549
test_000805,23,0.0,-0.09571142383990512
test_000805,24,0.0,0.5639364994387315
test_000806,1,0.0,0.2631331314884894
test_000806,2,0.0,0.501229131196671
test_000806,3,0.0,0.6509685895475984
test_000806,4,0.0,-0.2596903940528251
test_000806,5,0.0,-0.33556720565324355
test_000806,6,0.0,-0.6411672496498373
test_000806,7,0.04623874071382161,0.14352376140132725
test_000806,8,0.18578815277103897,0.17791747891907092
test_000806,9,0.3716963515782746,-0.4326571042271017
test_000806,10,0.6054440763157922,-0.3778395597786546
test_000806,11,0.7676642189372621,0.2161682143856572
test_000806,12,0.858229479721358,0.3269515220690845
test_000806,13,0.881191094718343,0.11181881836238616
test_000806,14,0.8407809470386161,0.08478087746321201
test_000806,15,0.7127046132645436,0.019737063704906625
test_000806,16,0.5380799333667495,-0.8123833361557247
test_000806,17,0.30566768518872,-0.7169020612245443
test_000806,18,0.09084053160670495,0.4318293399519649
test_000806,19,0.0,0.7263586746798054
test_000806,20,0.0,0.676657610987971
test_000806,21,0.0,-0.24388536081326861
test_000806,22,0.0,-0.2698491874216026
test_000806,23,0.0,-0.15096693057818247
test_000806,24,0.0,-0.354016175941022
test_000807,1,0.0,-0.2333732894055102
test_000807,2,0.0,0.01274948095397493
test_000807,3,0.0,0.06423620825682207
test_000807,4,0.0,0.690312556498825
test_000807,5,0.0,0.7591463833145141
test_000807,6,0.0,0.6815319010072178
test_000807,7,0.04286126351783133,0.8655247091599195
test_000807,8,0.1691580245847386,0.8264623561236196
test_000807,9,0.3221520360635991,0.8906954739212782
test_000807,10,0.5099743108721797,0.2967835578592531
test_000807,11,0.6700787693272868,-0.586517624741423
test_000807,12,0.7401611211046358,-0.8769252698873856
test_000807,13,0.8046297300450022,-0.9558947336089632
test_000807,14,0.7249228407992269,-0.8531684045223946
test_000807,15,0.6236595889298833,-0.6025904685609806
test_000807,16,0.45376362139020027,-0.14164646463420866
test_000807,17,0.2611548555072661,-0.6461489509783127
test_000807,18,0.09012011853632564,-0.8176577571394976
test_000807,19,0.0,-0.8717196805966572
test_000807,20,0.0,-0.8691522986227131
test_000807,21,0.0,-0.6796547133814543
test_000807,22,0.0,-0.8411423368887654
test_000807,23,0.0,-0.687588976847045
test_000807,24,0.0,0.010235102440235249
test_000808,1,0.0,-0.945905875813344
test_000808,2,0.0,-0.9524558373005713
test_000808,3,0.0,-0.8031890964865748
test_000808,4,0.0,-0.37483028972842397
test_000808,5,0.0,-0.22134000123687292
test_000808,6,0.0,-0.17057595237103343
test_000808,7,0.0394170591461138,0.019349974114676042
test_000808,8,0.15825800301600232,-0.13476119145704699
test_000808,9,0.35520799705922024,0.1961895861086653
test_000808,10,0.5704788407484346,-0.3899115316654346
test_000808,11,0.6974141810190578,0.012937152820344987
test_000808,12,0.7856374504151069,-0.5009008616772733
test_000808,13,0.8391350818122499,-0.4605265130810293
test_000808,14,0.7793858465579577,-0.3518593323005708
test_000808,15,0.6781161022531159,0.5206258244757993
test_000808,16,0.5023005871751628,0.13463124903910093
test_000808,17,0.2928786289062991,0.4206831470932621
test_000808,18,0.10422908649342186,0.45005480782852153
test_000808,19,0.0,0.4647293750281285
test_000808,20,0.0,0.33186226749879516
test_000808,21,0.0,-0.4473640323643076
test_000808,22,0.0,-0.5811556606171238
test_000808,23,0.0,-0.33915386247167617
test_000808,24,0.0,-0.17297959717127123
test_000809,1,0.0,-0.6065412956229934
test_000809,2,0.0,-0.21887154559710256
test_000809,3,0.0,-0.24991438776201114
test_000809,4,0.0,0.08040645829913884
test_000809,5,0.0,-0.18839555387733561
test_000809,6,0.0,-0.8585176840569745
test_000809,7,0.04970871332663719,-0.6333626975012545
test_000809,8,0.19878598076509488,-0.7162076692542001
test_000809,9,0.39726756101338645,-0.8412697154308066
test_000809,10,0.6446359566309992,-0.8353488683328402
test_000809,11,0.8400109962080042,-0.18939221297015055
test_000809,12,0.9458460449855574,-0.0033562506720606297
test_000809,13,0.9858662624820493,0.8143277465158842
test_000809,14,0.9352792910442225,0.9214011904476807
test_000809,15,0.7839791330292587,0.8860573681085551
test_000809,16,0.5878251549637007,0.8635592691111925
test_000809,17,0.34253107357382107,-0.0340481270509008
test_000809,18,0.11754705145414919,-0.675971668082416
test_000809,19,0.0,-0.6698094647612947
test_000809,20,0.0,0.454583905201417
test_000809,21,0.0,-0.36336566848245344
test_000809,22,0.0,-0.04635188726130532
test_000809,23,0.0,0.42613373724918807
test_000809,24,0.0,0.9232203973368321
test_000810,1,0.0,0.8075456026846017
test_000810,2,0.0,0.8769984570981777
test_000810,3,0.0,0.80151706198429
test_000810,4,0.0,0.6128543820343458
test_000810,5,0.0,-0.1016639717384311
test_000810,6,0.0,0.7830233405620263
test_000810,7,0.04269856851687878,0.6425262855889005
test_000810,8,0.1662383004668999,0.02757643282323295
test_000810,9,0.3339762769350635,-0.14893922477161003
test_000810,10,0.5411352092732961,-0.008011431609921432
test_000810,11,0.7200740302134878,-0.036113151803584376
test_000810,12,0.7274131982497654,0.8237924094216477
test_000810,13,0.8284887850682927,0.6928393828890105
test_000810,14,0.8023409390568704,0.7706025598846687
test_000810,15,0.6802157144962351,0.8691267803487513
test_000810,16,0.4883238607497993,0.9297460305119534
test_000810,17,0.3036924140400236,0.9467112895930879
test_000810,18,0.10332420542735077,0.9555510518312497
test_000810,19,0.0,0.8247215146319867
test_000810,20,0.0,0.7860200119645638
test_000810,21,0.0,0.8522736935917808
test_000810,22,0.0,0.6466047498734808
test_000810,23,0.0,0.6824000284377401
test_000810,24,0.0,0.5876079724214507
test_000811,1,0.0,-0.09054084064054908
test_000811,2,0.0,-0.635104389645418
test_000811,3,0.0,0.5679063395572694
test_000811,4,0.0,0.7956485643332173
test_000811,5,0.0,0.61710806656558
test_000811,6,0.0,0.7367763347709247
test_000811,7,0.04600113924522527,0.970376507466682
test_000811,8,0.1846749898302275,0.8885420124356371
test_000811,9,0.3661180824453189,0.25544966941428143
test_000811,10,0.6133449732877475,0.5327552918303342
test_000811,11,0.8070573625192932,-0.08789027838989558
test_000811,12,0.8954759090007725,-0.7283832041235911
test_000811,13,0.943624075364187,-0.7543356008809983
test_000811,14,0.897349562257589,-0.9253265399821939
test_000811,15,0.7534286638664245,-0.8193647080364985
test_000811,16,0.5594992739744632,-0.751816804035945
test_000811,17,0.3231097378840905,-0.25950936172633887
test_000811,18,0.11206562268084708,-0.4663052457433312
test_000811,19,0.0,-0.28264855565684566
test_000811,20,0.0,-0.33240892379111214
test_000811,21,0.0,-0.1885204046244255
test_000811,22,0.0,-0.5998726593455026
test_000811,23,0.0,-0.3825955860068392
test_000811,24,0.0,0.06717864001872877
test_000812,1,0.0,0.8123409403879877
test_000812,2,0.0,0.6127977279943633
test_000812,3,0.0,0.5568430066701584
test_000812,4,0.0,0.833903389933994
test_000812,5,0.0,0.41506223619071264
test_000812,6,0.0,0.8343081425372972
test_000812,7,0.03599468820639495,0.9446604723164299
test_000812,8,0.16219919731263377,0.9946160327923843
test_000812,9,0.3149291336321325,0.9619327949627038
test_000812,10,0.5228445461060944,0.9101367135496465
test_000812,11,0.6989318853030894,0.9589527030949409
test_000812,12,0.7697000851336802,0.8414466861119635
test_000812,13,0.8188287979524231,0.8515018373819591
test_000812,14,0.7005942340906935,0.5259570620744154
test_000812,15,0.5874222939681234,0.21256731438210344
test_000812,16,0.45738378816288805,0.008975998446658853
test_000812,17,0.25372230327566375,0.8806456509114434
test_000812,18,0.0932017774870112,0.8518437302887019
test_000812,19,0.0,0.8262964372695945
test_000812,20,0.0,0.8329279888322549
test_000812,21,0.0,0.8636930988648804
test_000812,22,0.0,0.8823367420941943
test_000812,23,0.0,0.8626291128488724
test_000812,24,0.0,0.9489909746624212
test_000813,1,0.0,-0.9055605098531881
test_000813,2,0.0,-0.9570964753832882
test_000813,3,0.0,-0.8599839677902889
test_000813,4,0.0,-0.9413031746704784
test_000813,5,0.0,-0.9953363108088188
test_000813,6,0.0,-0.9761678930603964
test_000813,7,0.04347161974283737,-0.9813844549587467
test_000813,8,0.17229171622025244,-0.8580068240670399
test_000813,9,0.338814228198538,-0.3974451599210212
test_000813,10,0.5470400976999673,-0.39624908949990584
test_000813,11,0.725593379588985,-0.3420332511721436
test_000813,12,0.7879856255395181,0.19221072776563275
test_000813,13,0.8202816195594488,0.12223024880052964
test_000813,14,0.7616484593802177,0.09698703086834322
test_000813,15,0.6941810536132286,-0.523558231389043
test_000813,16,0.531559090624299,-0.5601808141532991
test_000813,17,0.29819047118902386,0.2584145903673533
test_000813,18,0.10812519998470506,0.3826642569483283
test_000813,19,0.0,-0.39513198452932846
test_000813,20,0.0,-0.6665424429505792
test_000813,21,0.0,-0.0772504512769503
test_000813,22,0.0,0.5135912145194474
test_000813,23,0.0,0.13337279845552671
test_000813,24,0.0,0.6186214417941165
test_000814,1,0.0,0.03596196885725093
test_000814,2,0.0,-0.24852095006739747
test_000814,3,0.0,-0.17661543458022105
test_000814,4,0.0,-0.1876706490384262
test_000814,5,0.0,-0.77994659043003
test_000814,6,0.0,-0.7165017782907969
test_000814,7,0.02625336594072087,0.30887229855842196
test_000814,8,0.11734647630219038,-0.3233777325662739
test_000814,9,0.2663409021335919,-0.11419406559243318
test_000814,10,0.48051325522073984,0.2609739348901883
test_000814,11,0.5453545962373865,-0.013523633222245004
test_000814,12,0.6031834228352493,0.09722993881442565
test_000814,13,0.6525764282050871,0.0047887517399762
test_000814,14,0.6525245228353459,-0.6975586752653797
test_000814,15,0.5371992745793338,-0.31310458379777595
test_000814,16,0.36421106430541683,-0.515838446651439
test_000814,17,0.2285689369771483,-0.5084339593466076
test_000814,18,0.08019044554809028,-0.8256075790730049
test_000814,19,0.0,-0.9038488749555493
test_000814,20,0.0,-0.7879019704811097
test_000814,21,0.0,-0.04071036606668405
test_000814,22,0.0,-0.12752951615381072
test_000814,23,0.0,-0.07414653575150862
test_000814,24,0.0,0.4812334823187534
test_000815,1,0.0,-0.637313630446183
test_000815,2,0.0,-0.8151801003746583
test_000815,3,0.0,-0.8097764608713998
test_000815,4,0.0,-0.17196897129042632
test_000815,5,0.0,0.5944727124830318
test_000815,6,0.0,-0.3995814308597406
test_000815,7,0.04205852682383296,0.006745551001565212
test_000815,8,0.1712137051764464,-0.16583311128099365
test_000815,9,0.33923177811129746,0.12823863103646016
test_000815,10,0.5496595978264189,0.13321095488183238
test_000815,11,0.7170216241338352,0.129703380771249
test_000815,12,0.8521146787529069,0.1123285402678004
test_000815,13,0.8775245286680381,-0.797094500732318
test_000815,14,0.8896192059641475,0.037162405219174646
test_000815,15,0.7634585635295027,0.7228610101060767
test_000815,16,0.5712278334550142,0.48074244911018305
test_000815,17,0.33490517901550004,0.9025540870314729
test_000815,18,0.11208918665553055,0.8877377431772917
test_000815,19,0.0,0.8134482089257393
test_000815,20,0.0,-0.6494349029602782
test_000815,21,0.0,0.21598384921622724
test_000815,22,0.0,0.04168834696136185
test_000815,23,0.0,0.2903407704342185
test_000815,24,0.0,0.7107040764850971
test_000816,1,0.0,-0.4421642550766817
test_000816,2,0.0,-0.09463503964117792
test_000816,3,0.0,0.4550420444316705
test_000816,4,0.0,-0.40181593217559414
test_000816,5,0.0,0.2652942006473278
test_000816,6,0.0,0.5113332675288611
test_000816,7,0.03796279019942986,-0.2140108479648614
test_000816,8,0.15674314325568917,0.16378249898724886
test_000816,9,0.30909011569310674,0.6576168700308851
test_000816,10,0.49207231689839326,0.9255318880633854
test_000816,11,0.6215527108197186,0.6054864765724275
test_000816,12,0.657678401029958,0.21381771417946568
test_000816,13,0.6380190047694168,0.3046898746059444
test_000816,14,0.5227231496284306,0.35400231524000514
test_000816,15,0.4959876285525418,0.7736613851434562
test_000816,16,0.4022909116245133,0.8166071724085071
test_000816,17,0.23762911616095936,0.09116079063161346
test_000816,18,0.07961623020099709,0.745659898775854
test_000816,19,0.0,0.2279580478957478
test_000816,20,0.0,-0.6068415466334683
test_000816,21,0.0,-0.6935019246919218
test_000816,22,0.0,-0.7628466210855142
test_000816,23,0.0,-0.7540488248165806
test_000816,24,0.0,-0.8222591798727519
test_000817,1,0.0,0.5254490766738149
test_000817,2,0.0,0.12557158074205416
test_000817,3,0.0,0.2832747085388418
test_000817,4,0.0,0.09531944114768384
test_000817,5,0.0,-0.16536868468030186
test_000817,6,0.0,-0.41785690752355803
test_000817,7,0.037194583119845616,0.15246998280074328
test_000817,8,0.1520876360631771,0.47421643113057865
test_000817,9,0.3429283829088523,0.34320890057062853
test_000817,10,0.5546967981217213,0.495188325502663
test_000817,11,0.7055371974238367,0.7412907195713647
test_000817,12,0.798462767160429,0.9259969846172804
test_000817,13,0.7505829421969061,0.5308434115963714
test_000817,14,0.7012477482523679,0.4260115942866161
test_000817,15,0.6211083654708309,0.23112994808015933
test_000817,16,0.42155543986822414,0.7226831913270886
test_000817,17,0.249334861209651,0.812526579721877
test_000817,18,0.09062810185967181,0.8398068526825897
test_000817,19,0.0,0.9166877815723679
test_000817,20,0.0,0.9358375531423078
test_000817,21,0.0,0.8611770943404982
test_000817,22,0.0,0.43986370608576814
test_000817,23,0.0,0.2678822317254569
test_000817,24,0.0,-0.4105786859372496
test_000818,1,0.0,-0.5418644005349993
test_000818,2,0.0,-0.6101980623861084
test_000818,3,0.0,-0.6627564574731284
test_000818,4,0.0,-0.6867055350072329
test_000818,5,0.0,-0.4335115679526031
test_000818,6,0.0,0.42443812663730063
test_000818,7,0.042865458755346725,-0.22282889209767348
test_000818,8,0.17349312208594836,-0.08812866117530223
test_000818,9,0.360179204155766,-0.12027712985571258
test_000818,10,0.583847864614211,-0.31105573903876044
test_000818,11,0.7781310857568872,0.13944797476227644
test_000818,12,0.8626670785534359,-0.22446960492828724
test_000818,13,0.8310181031687651,-0.012278791989924962
test_000818,14,0.7768419875369917,0.08625640720056998
test_000818,15,0.6350306343819643,0.4619417272823766
test_000818,16,0.48462515178614274,0.5944915316444795
test_000818,17,0.2968707557092386,0.7314621142242139
test_000818,18,0.10184274208521746,-0.3519583632980096
test_000818,19,0.0,-0.5821547470358771
test_000818,20,0.0,0.15050350223657577
test_000818,21,0.0,0.2522873148970985
test_000818,22,0.0,-0.24007890599448972
test_000818,23,0.0,-0.2009409581037807
test_000818,24,0.0,0.11548493223169178
test_000819,1,0.0,-0.5332618925588116
test_000819,2,0.0,-0.452799458678353
test_000819,3,0.0,0.11556174448058827
test_000819,4,0.0,0.4341396667530283
test_000819,5,0.0,0.35475454018584457
test_000819,6,0.0,0.24255431453351872
test_000819,7,0.04632255058669284,0.18492785969775644
test_000819,8,0.18886505690371044,0.0653847135631803
test_000819,9,0.3653850860944612,-0.8551876650164396
test_000819,10,0.5944522523030811,-0.6306157333507487
test_000819,11,0.7732325047798378,-0.48611796717822364
test_000819,12,0.8671116417023222,-0.6575482524818763
test_000819,13,0.9121861919516133,-0.5083837963699775
test_000819,14,0.8593316116844346,-0.13651043264350732
test_000819,15,0.723976537835967,-0.1309778770869186
test_000819,16,0.5609155840452689,0.47913945224041177
test_000819,17,0.33509685734950484,-0.13955304164195914
test_000819,18,0.11300230798659244,-0.027590897992939734
test_000819,19,0.0,-0.013172212156466424
test_000819,20,0.0,-0.4667611890551159
test_000819,21,0.0,-0.6982580412946311
test_000819,22,0.0,-0.5519264451711503
test_000819,23,0.0,-0.6052025424210185
test_000819,24,0.0,0.32648995660856617
test_000820,1,0.0,0.5363370849478382
test_000820,2,0.0,0.8563249994023238
test_000820,3,0.0,0.8014362177877473
test_000820,4,0.0,0.6397493442673738
test_000820,5,0.0,0.16830203391083845
test_000820,6,0.0,0.14889715943967458
test_000820,7,0.03650742979077325,-0.11196804525348077
test_000820,8,0.16085823978770816,0.48976462307600777
test_000820,9,0.31438366356424763,0.47480448405250086
test_000820,10,0.52287031842807,-0.035702795461294956
test_000820,11,0.7103918238319125,-0.3483168448416105
test_000820,12,0.8258546682143596,-0.4434888108785637
test_000820,13,0.8270474935539626,0.5232134278502419
test_000820,14,0.7241266616744825,0.7581052336365967
test_000820,15,0.6265876750885544,0.5567171950290281
test_000820,16,0.4526447584962176,-0.42629780114409105
test_000820,17,0.24585170759395902,-0.5267987340827188
test_000820,18,0.07956404317840124,-0.604457432942231
test_000820,19,0.0,-0.8498645488686738
test_000820,20,0.0,-0.7160361348668574
test_000820,21,0.0,-0.3822323428769329
test_000820,22,0.0,-0.3594967888489869
test_000820,23,0.0,-0.7432421749080045
test_000820,24,0.0,0.1737494311855174
test_000821,1,0.0,0.4964630048650983
test_000821,2,0.0,-0.4076466611281642
test_000821,3,0.0,0.06845991467255634
test_000821,4,0.0,0.7436920091583782
test_000821,5,0.0,0.5983306048572289
test_000821,6,0.0,0.49122822439799674
test_000821,7,0.036961980657675184,0.07746097519707298
test_000821,8,0.14302311527217984,0.2148208340226528
test_000821,9,0.30291258654844905,-0.10798163902305564
test_000821,10,0.4529258796142234,-0.34308920726996006
test_000821,11,0.6002042847890302,-0.2153299699352113
test_000821,12,0.5067179509133493,-0.21377759693809353
test_000821,13,0.6099809036201845,0.16220980261941811
test_000821,14,0.5506412965189291,-0.6437939877544372
test_000821,15,0.4877139561641173,-0.6351623391437504
test_000821,16,0.43368724202074244,-0.03565650567758835
test_000821,17,0.2318177919900392,-0.6722642362456515
test_000821,18,0.07715791185247194,-0.8926802383117919
test_000821,19,0.0,-0.4442196374068515
test_000821,20,0.0,-0.6995830316807072
test_000821,21,0.0,-0.11388536261137787
test_000821,22,0.0,-0.7196649218688367
test_000821,23,0.0,-0.2533816357904195
test_000821,24,0.0,-0.5483793533629495
test_000822,1,0.0,-0.26113414834129206
test_000822,2,0.0,-0.21188463738811722
test_000822,3,0.0,-0.26887487247119063
test_000822,4,0.0,-0.6911188985973113
test_000822,5,0.0,-0.8961837984396721
test_000822,6,0.0,-0.8877465416571726
test_000822,7,0.03192753674294219,-0.47650817137013624
test_000822,8,0.11821493996793087,-0.15127231748210376
test_000822,9,0.24251499370565172,-0.33565332778397194
test_000822,10,0.3943962869853666,-0.2696583833863333
test_000822,11,0.5820159183897804,-0.6918539634049969
test_000822,12,0.6178265071347162,-0.06972935336234978
test_000822,13,0.6947797467867071,0.36275041687084736
test_000822,14,0.7016082589723752,-0.3035683041651019
test_000822,15,0.5400006598024601,0.3175016353007153
test_000822,16,0.42871319086371285,-0.37021024001908237
test_000822,17,0.2295539568692613,-0.5661740547454872
test_000822,18,0.08238055264047923,-0.448659082859606
test_000822,19,0.0,-0.6050001982584206
test_000822,20,0.0,-0.6095173268764406
test_000822,21,0.0,0.3926215916476543
test_000822,22,0.0,0.6052556086968297
test_000822,23,0.0,0.2472805434434665
test_000822,24,0.0,0.28719761018932444
test_000823,1,0.0,-0.36768040567637944
test_000823,2,0.0,-0.014510223839697212
test_000823,3,0.0,0.1372393103375421
test_000823,4,0.0,0.17046433394470675
test_000823,5,0.0,-0.012608195796310373
test_000823,6,0.0,0.4888409157195863
test_000823,7,0.040264536820387054,0.5394721845552706
test_000823,8,0.16588253273906226,-0.12633977942146882
test_000823,9,0.33884034178719324,-0.3243411528852242
test_000823,10,0.5331349344799302,0.18536108960119063
test_000823,11,0.672412022928983,-0.5962206022804474
test_000823,12,0.8124890594183155,-0.24498864117027158
test_000823,13,0.8103773872427218,-0.1987920624367991
test_000823,14,0.7619839815473552,0.36059024252462923
test_000823,15,0.6053001713776506,0.6666999731262458
test_000823,16,0.4595079445766171,0.21922884610961263
test_000823,17,0.2628618806099388,-0.38797216052993605
test_000823,18,0.09142377325733685,-0.733622027726589
test_000823,19,0.0,-0.8023603935312745
test_000823,20,0.0,-0.8755911624889153
test_000823,21,0.0,-0.6498284674473539
test_000823,22,0.0,-0.37330194705583414
test_000823,23,0.0,0.04620040854780465
test_000823,24,0.0,-0.30791279057297755
test_000824,1,0.0,0.3947637451532572
test_000824,2,0.0,0.3762445012881948
test_000824,3,0.0,0.7935389863189596
test_000824,4,0.0,0.7459068814601
test_000824,5,0.0,0.39807990514936836
test_000824,6,0.0,-0.021665723944166597
test_000824,7,0.03211860415745806,-0.6570515082375741
test_000824,8,0.11984609847735204,0.2963113357261883
test_000824,9,0.23877853380452332,0.6793378257837729
test_000824,10,0.3868284215216571,0.0456072138039219
test_000824,11,0.4944733440090423,-0.6655444367524126
test_000824,12,0.6092247428271166,-0.5724847237346524
test_000824,13,0.5488434065187626,-0.40009692871245717
test_000824,14,0.519786776525718,0.16139631293319256
test_000824,15,0.4404440827278345,0.4705441100686234
test_000824,16,0.38410974218652344,0.04736977249855536
test_000824,17,0.2024234719503095,0.7274545815331209
test_000824,18,0.07076716517109848,0.6544038369411319
test_000824,19,0.0,0.759799208335609
test_000824,20,0.0,0.12342794011727809
test_000824,21,0.0,-0.028434759401596774
test_000824,22,0.0,-0.5147191999983269
test_000824,23,0.0,-0.3982326863981657
test_000824,24,0.0,-0.8321465561664003
test_000825,1,0.0,-0.01300406392983396
test_000825,2,0.0,-0.3169727757237615
test_000825,3,0.0,-0.33280789790393617
test_000825,4,0.0,-0.8289688034015907
test_000825,5,0.0,-0.4092293393063895
test_000825,6,0.0,-0.7858411602376401
test_000825,7,0.03439095042689659,-0.7847470142965374
test_000825,8,0.140023670723337,-0.22362952169744185
test_000825,9,0.265119747995157,-0.04042475461191477
test_000825,10,0.4778206386456129,0.2685070424060755
test_000825,11,0.6127852607222887,-0.32607332634429476
test_000825,12,0.6870029231812907,-0.5956233744747503
test_000825,13,0.5877289813189612,-0.8463399462633225
test_000825,14,0.5454961845447195,-0.8523333581907043
test_000825,15,0.5065306877280301,-0.8695780191088767
test_000825,16,0.40441060215475716,-0.629667312878311
test_000825,17,0.25053631238504515,-0.6762123962859478
test_000825,18,0.0809462715187819,-0.5531650972263636
test_000825,19,0.0,-0.8840752863388768
test_000825,20,0.0,-0.8342233348455177
test_000825,21,0.0,-0.4651922017258452
test_000825,22,0.0,-0.0759906750452952
test_000825,23,0.0,0.5579741497207675
test_000825,24,0.0,0.12955910131675277
test_000826,1,0.0,0.1996696816863822
test_000826,2,0.0,0.546517879421128
test_000826,3,0.0,0.44777169144905493
test_000826,4,0.0,0.43961590120139205
test_000826,5,0.0,-0.4891505605804305
test_000826,6,0.0,-0.31939511971027895
test_000826,7,0.04584868399704892,0.25468085953559055
test_000826,8,0.18729469682146554,-0.263173684497751
test_000826,9,0.36599213606791736,0.024187252637486174
test_000826,10,0.5704169827376285,-0.10622793783497572
test_000826,11,0.6571910602886176,-0.19705005596942846
test_000826,12,0.7508111985586968,-0.6023823049000467
test_000826,13,0.8034803051548874,-0.43046808945707793
test_000826,14,0.7867029848733983,-0.5259569677446263
test_000826,15,0.6716990546643585,-0.48104994507234455
test_000826,16,0.5134777149385482,-0.19489390408662696
test_000826,17,0.3025793505743325,-0.7721382738073381
test_000826,18,0.0989283969809515,-0.7310585873569917
test_000826,19,0.0,-0.5338913966575303
test_000826,20,0.0,-0.4127901325638317
test_000826,21,0.0,0.4861065683824386
test_000826,22,0.0,0.6435148764474629
test_000826,23,0.0,0.632748317517994
test_000826,24,0.0,0.5035622436926059
test_000827,1,0.0,0.39636313184575445
test_000827,2,0.0,0.5806382406014519
test_000827,3,0.0,0.22962173899114122
test_000827,4,0.0,0.6734695299179059
test_000827,5,0.0,-0.45092196677805013
test_000827,6,0.0,0.054276020544935556
test_000827,7,0.04320650042965889,0.2576134519166548
test_000827,8,0.17811217203831958,0.14734082203373086
test_000827,9,0.3603655757548141,0.006483307581140885
test_000827,10,0.5939233033078778,-0.6238663904761643
test_000827,11,0.7714403571902244,-0.14368158166075265
test_000827,12,0.8851507525365068,-0.8037548750373276
test_000827,13,0.9215053716586966,-0.7055741798676809
test_000827,14,0.830245252808372,-0.28181567350428377
test_000827,15,0.7217180117118427,-0.6413325030596448
test_000827,16,0.5499369376233664,-0.862914203687013
test_000827,17,0.3215093550774713,-0.40516481734938187
test_000827,18,0.11179391125537329,-0.3050493696475169
test_000827,19,0.0,-0.7015230640033814
test_000827,20,0.0,-0.21607423172151
test_000827,21,0.0,-0.6328022784307847
test_000827,22,0.0,-0.21621773531081612
test_000827,23,0.0,-0.0006843800704198814
test_000827,24,0.0,-0.35584581368152135
test_000828,1,0.0,0.42568358156567293
test_000828,2,0.0,0.5540706574786479
test_000828,3,0.0,0.5017191618129716
test_000828,4,0.0,0.6796137751268552
test_000828,5,0.0,-0.380954882966317
test_000828,6,0.0,-0.4945526923434582
test_000828,7,0.043118245926583115,-0.14629322042582132
test_000828,8,0.17233299673190397,0.2802090162538323
test_000828,9,0.359756982772825,0.6748727873194149
test_000828,10,0.5779663733158775,-0.04244511166936711
test_000828,11,0.7649354082818702,-0.4168851991701673
test_000828,12,0.8540464172412665,-0.5708560683415373
test_000828,13,0.8099933302168953,-0.8418613368014518
test_000828,14,0.7474970487655423,-0.8612913524039157
test_000828,15,0.6395495165779534,-0.7732477632250514
test_000828,16,0.5381315589876429,-0.29808371069938855
test_000828,17,0.31168619346921866,0.07360368359595079
test_000828,18,0.10401937217604763,0.08304632747282586
test_000828,19,0.0,0.46491500739677527
test_000828,20,0.0,0.6609453892809236
test_000828,21,0.0,0.8072709077745152
test_000828,22,0.0,0.6986783304453826
test_000828,23,0.0,0.9314706040929239
test_000828,24,0.0,0.7249784004357417
test_000829,1,0.0,-0.6210596716222798
test_000829,2,0.0,0.08317783203246923
test_000829,3,0.0,0.3257684735279141
test_000829,4,0.0,-0.2374458058037698
test_000829,5,0.0,-0.23214323061075928
test_000829,6,0.0,-0.09619367215673903
test_000829,7,0.036334450870173306,-0.26414646169393247
test_000829,8,0.1485180266845044,-0.7648772200394995
test_000829,9,0.29973111613179193,-0.8769184149834112
test_000829,10,0.538104051787114,-0.24367602248241435
test_000829,11,0.6962201726857551,-0.3439703213531659
test_000829,12,0.7788285535119618,-0.24486106727302465
test_000829,13,0.8011426732489537,-0.48932291891301816
test_000829,14,0.6968837515302545,0.30295056040469054
test_000829,15,0.5568896945564914,0.04033568759883491
test_000829,16,0.38294604808997473,0.029920695937680857
test_000829,17,0.23775991952736578,0.17315615855301358
test_000829,18,0.08382575852709397,-0.17737371976160862
test_000829,19,0.0,0.5841659106886916
test_000829,20,0.0,0.7050494160536404
test_000829,21,0.0,0.7248441615120063
test_000829,22,0.0,0.8634919430951273
test_000829,23,0.0,0.44263024474523877
test_000829,24,0.0,0.01654480604237071
test_000830,1,0.0,0.7243736748688412
test_000830,2,0.0,0.3419034789178485
test_000830,3,0.0,0.18875591910302195
test_000830,4,0.0,0.05191480253914882
test_000830,5,0.0,-0.7355979998721247
test_000830,6,0.0,-0.44476475730410914
test_000830,7,0.04120884940332474,0.24906296789934476
test_000830,8,0.16070313593637547,-0.3644535124822943
test_000830,9,0.35391729580092246,0.44357768753319615
test_000830,10,0.5951620482605718,0.23257714055281326
test_000830,11,0.7397408705482733,-0.2633455475033797
test_000830,12,0.8464508040001057,-0.001385819851057819
test_000830,13,0.8593183925158578,-0.4003983387237133
test_000830,14,0.7822160781469173,-0.016081281444604325
test_000830,15,0.6937482378536826,0.7170380429131207
test_000830,16,0.48156539962864164,0.32057290252469756
test_000830,17,0.2893546540624326,0.43316768990767945
test_000830,18,0.10855566774978403,-0.31736632431501005
test_000830,19,0.0,-0.6477463799496539
test_000830,20,0.0,-0.8300247372892167
test_000830,21,0.0,-0.9812782201194359
test_000830,22,0.0,-0.8462197992421222
test_000830,23,0.0,-0.8980252666370838
test_000830,24,0.0,-0.9294542518970617
test_000831,1,0.0,-0.9214500047597546
test_000831,2,0.0,-0.6196320074451955
test_000831,3,0.0,-0.7977999082495836
test_000831,4,0.0,-0.2768313670688579
test_000831,5,0.0,0.7877937646797324
test_000831,6,0.0,0.7169993572711524
test_000831,7,0.038388373681645487,0.6160243201760629
test_000831,8,0.15269825304923332,0.1291805933926238
test_000831,9,0.30282808003243616,-0.8580539434632302
test_000831,10,0.48374388581107647,-0.4834414907200044
test_000831,11,0.647173982875975,-0.08501808972805718
test_000831,12,0.7054557493614548,-0.09011525312914452
test_000831,13,0.7937602514591371,0.5035106240127671
test_000831,14,0.7389475109439528,0.5519953130009064
test_000831,15,0.577748769747089,0.4282917010572154
test_000831,16,0.467182432569311,0.7210298433692761
test_000831,17,0.29941650150273563,-0.5987137390644873
test_000831,18,0.10297972267678589,-0.47853902690035777
test_000831,19,0.0,-0.33897896638925773
test_000831,20,0.0,0.10186505378837972
test_000831,21,0.0,0.8639788515644687
test_000831,22,0.0,0.7966775258182092
test_000831,23,0.0,0.8086344293143568
test_000831,24,0.0,0.7074016918982358
test_000832,1,0.0,0.647757474215691
test_000832,2,0.0,0.8834359706997974
test_000832,3,0.0,0.4120276018501913
test_000832,4,0.0,-0.07555191582320266
test_000832,5,0.0,0.2404343192436726
test_000832,6,0.0,0.2589005999569878
test_000832,7,0.02903941484405987,-0.3796232011665383
test_000832,8,0.12737460400392206,-0.2599961094279652
test_000832,9,0.24940312187631253,-0.893585399424939
test_000832,10,0.41068265695254325,-0.5835697266958801
test_000832,11,0.5222350741815531,-0.3938310514706674
test_000832,12,0.6519880852236873,-0.5761459952551096
test_000832,13,0.6700471016617969,0.612298704725651
test_000832,14,0.6117917302938913,-0.5427212636130652
test_000832,15,0.5705462931174717,-0.44109417193684336
test_000832,16,0.4331065837944415,-0.264344195864613
test_000832,17,0.2365199089412632,-0.30552496247507455
test_000832,18,0.06824278252663249,-0.23242108675397924
test_000832,19,0.0,-0.30208459557132145
test_000832,20,0.0,0.31472583770700113
test_000832,21,0.0,-0.18956344706300313
test_000832,22,0.0,0.07017008534451279
test_000832,23,0.0,0.11553804175220363
test_000832,24,0.0,-0.0730269256355031
test_000833,1,0.0,-0.8123624423610396
test_000833,2,0.0,-0.4203127240729657
test_000833,3,0.0,-0.3588532380699617
test_000833,4,0.0,-0.3411506421280394
test_000833,5,0.0,0.0243294397544913
test_000833,6,0.0,0.21124549171429963
test_000833,7,0.04801737785979472,0.5659471468137773
test_000833,8,0.19126885459872217,0.20613003694896587
test_000833,9,0.37869946454298775,0.7995464851985936
test_000833,10,0.6107282722059774,0.581927356109485
test_000833,11,0.8125785662601753,-0.14927387593410768
test_000833,12,0.9210700018610931,-0.19604234532630727
test_000833,13,0.9519743192617585,-0.5104013141067643
test_000833,14,0.9044312212028823,-0.8294116803676618
test_000833,15,0.7561997828932046,-0.8248321969299265
test_000833,16,0.5688823269204372,-0.6345638374051443
test_000833,17,0.3272119524409907,-0.7244753493400794
test_000833,18,0.10628033285661011,-0.9081323617660635
test_000833,19,0.0,-0.9253888238387298
test_000833,20,0.0,-0.8205740626058178
test_000833,21,0.0,-0.4045614370240427
test_000833,22,0.0,-0.06855383174015929
test_000833,23,0.0,-0.17978134374209942
test_000833,24,0.0,-0.40432650264994596
test_000834,1,0.0,-0.37736357838960055
test_000834,2,0.0,-0.17398491031411212
test_000834,3,0.0,-0.48806367233763503
test_000834,4,0.0,-0.6695176468383031
test_000834,5,0.0,-0.5234860590855137
test_000834,6,0.0,-0.7483295156986838
test_000834,7,0.04217104785815251,-0.39423319675129986
test_000834,8,0.17591086235965364,0.07177356565363628
test_000834,9,0.3512393312041347,-0.43653388448689856
test_000834,10,0.559029465015326,0.5003306830276845
test_000834,11,0.7306684274073024,0.3823894193253224
test_000834,12,0.8247353944214086,0.6619117228694793
test_000834,13,0.8246381442014316,0.837492664406207
test_000834,14,0.8132132805143103,0.41055783780197586
test_000834,15,0.6841742058629934,0.29430785604799825
test_000834,16,0.46824045059176606,-0.6245911099315836
test_000834,17,0.2879549372450844,-0.5643929617615268
test_000834,18,0.09521562048934006,-0.09969767305464748
test_000834,19,0.0,0.7145098929584365
test_000834,20,0.0,0.8655014631231044
test_000834,21,0.0,0.7711479569259372
test_000834,22,0.0,0.4552201301941036
test_000834,23,0.0,-0.09136832338696109
test_000834,24,0.0,0.031541707533777906
test_000835,1,0.0,-0.6467561640837314
test_000835,2,0.0,-0.7745379141651693
test_000835,3,0.0,-0.8610973475364178
test_000835,4,0.0,-0.6296934315078562
test_000835,5,0.0,-0.8317667748879507
test_000835,6,0.0,-0.6776503552844142
test_000835,7,0.03996411932395479,-0.8059480822851307
test_000835,8,0.15284672097623264,-0.4524039907713873
test_000835,9,0.29589002270289505,-0.4401547627639445
test_000835,10,0.4885679015433773,-0.7460455191462414
test_000835,11,0.6585510947195232,-0.5684707251645613
test_000835,12,0.8016699724823855,-0.037002020374214184
test_000835,13,0.841561049242966,-0.8668207760922427
test_000835,14,0.8187071201541953,-0.7993918573525345
test_000835,15,0.660784490173458,-0.6777846563147438
test_000835,16,0.49232651138924344,-0.8861325133763611
test_000835,17,0.29690966288180687,-0.7352885000483893
test_000835,18,0.10377674105466371,-0.5340937349844248
test_000835,19,0.0,-0.6735803816964441
test_000835,20,0.0,0.49510672753191254
test_000835,21,0.0,0.043280983309511196
test_000835,22,0.0,0.00862465371352159
test_000835,23,0.0,-0.01085928824798562
test_000835,24,0.0,-0.11528122029685219
test_000836,1,0.0,-0.5487153811142575
test_000836,2,0.0,-0.5210827520549365
test_000836,3,0.0,-0.5513820029554659
test_000836,4,0.0,-0.4376151376649124
test_000836,5,0.0,0.5404850318243931
test_000836,6,0.0,0.5607547491477126
test_000836,7,0.03662854241054942,0.37684308467043126
test_000836,8,0.13256983067577754,-0.1359738095880434
test_000836,9,0.23385321719597862,-0.014210859145930685
test_000836,10,0.4245113787205104,0.5033600288677493
test_000836,11,0.5062199699830546,0.18672767270236468
test_000836,12,0.5458190178518036,0.11328744598036683
test_000836,13,0.4915343154079465,-0.06115251362715807
test_000836,14,0.3348776211238239,-0.19327451416280608
test_000836,15,0.2983353427117041,-0.26552878030719357
test_000836,16,0.27308114408578366,-0.70246678115951
test_000836,17,0.16825991810545918,-0.2097759175139043
test_000836,18,0.054610349364148915,-0.5224984853490953
test_000836,19,0.0,-0.9110302208977088
test_000836,20,0.0,-0.9452399870427878
test_000836,21,0.0,-0.9603224276577641
test_000836,22,0.0,-0.6941536228412883
test_000836,23,0.0,-0.7933535547262448
test_000836,24,0.0,-0.9042808129251131
test_000837,1,0.0,-0.5928496186077039
test_000837,2,0.0,-0.3122790088823469
test_000837,3,0.0,-0.1052895909857273
test_000837,4,0.0,-0.7172440346791336
test_000837,5,0.0,-0.568777515990813
test_000837,6,0.0,-0.44922939196823386
test_000837,7,0.04632525509285665,0.015718862019465565
test_000837,8,0.18761336001490878,-0.24227728486240172
test_000837,9,0.3797173941626797,0.08478806592058338
test_000837,10,0.6227747787578365,0.011898586005347019
test_000837,11,0.8137675058772282,0.5086685715103099
test_000837,12,0.8862520022358915,0.5485187779223399
test_000837,13,0.9014923595782789,0.22210225020622965
test_000837,14,0.8564210911820582,0.5959333467934489
test_000837,15,0.7532240206300699,0.6055228990117227
test_000837,16,0.5642876692700067,0.07576375024739776
test_000837,17,0.3190920518815849,0.7702227403684914
test_000837,18,0.11207765932270905,0.6354888284850415
test_000837,19,0.0,0.27027955191064046
test_000837,20,0.0,-0.39224496247923013
test_000837,21,0.0,0.11577079476246196
test_000837,22,0.0,0.3960977791637777
test_000837,23,0.0,0.5249296229820808
test_000837,24,0.0,0.2121045828215309
test_000838,1,0.0,-0.775165923907593
test_000838,2,0.0,-0.8395924406706706
test_000838,3,0.0,-0.36012763201737286
test_000838,4,0.0,-0.7903899041034338
test_000838,5,0.0,-0.6371241234115699
test_000838,6,0.0,0.2893406477885189
test_000838,7,0.026022276416063375,0.7620934813534959
test_000838,8,0.10820422209809731,0.7604831672467527
test_000838,9,0.22768849561188476,0.7569063561616296
test_000838,10,0.33050853615322323,0.7844975385646187
test_000838,11,0.4495766160084075,0.11536324053216067
test_000838,12,0.47731345135430864,0.24495159310331735
test_000838,13,0.5440106790002028,0.04723389082511752
test_000838,14,0.4715792644141505,-0.1883749324216634
test_000838,15,0.396173364023621,0.29153708091730385
test_000838,16,0.30167514597458644,-0.16324800011357785
test_000838,17,0.1918320321826014,0.07099445305337018
test_000838,18,0.06204515083233018,-0.27458689428091493
test_000838,19,0.0,0.30188834003182197
test_000838,20,0.0,-0.2946865630286339
test_000838,21,0.0,0.5090738412198281
test_000838,22,0.0,0.6043851148544345
test_000838,23,0.0,0.6242062123172447
test_000838,24,0.0,0.23773654973366803
test_000839,1,0.0,0.28183013259160417
test_000839,2,0.0,0.19853404011103676
test_000839,3,0.0,-0.20261291297404682
test_000839,4,0.0,0.5699405811206484
test_000839,5,0.0,0.18030721462301214
test_000839,6,0.0,-0.14187758900542652
test_000839,7,0.03403742643566728,-0.06387842695450832
test_000839,8,0.14386846101874065,-0.5033638728261756
test_000839,9,0.27437380508976816,-0.594123837662254
test_000839,10,0.44398306414005495,0.01848734959671178
test_000839,11,0.5687991734942789,-0.8513607336264867
test_000839,12,0.6713390877064106,-0.7039831179909954
test_000839,13,0.6927423197710777,-0.653051300933088
test_000839,14,0.5939905601722918,-0.14131841238316803
test_000839,15,0.4744457403482981,-0.46849236073018996
test_000839,16,0.3555633672523806,-0.10393412135172571
test_000839,17,0.2197635895205446,-0.18761175865515228
test_000839,18,0.08722166618260593,-0.3104711333708694
test_000839,19,0.0,-0.2290357147478344
test_000839,20,0.0,-0.14966523829869868
test_000839,21,0.0,-0.43253103360051426
test_000839,22,0.0,-0.882071787683055
test_000839,23,0.0,-0.9144891674670178
test_000839,24,0.0,-0.8602970173641769
test_000840,1,0.0,0.6056696312777228
test_000840,2,0.0,0.885052513261364
test_000840,3,0.0,0.10974584327825823
test_000840,4,0.0,0.09368215377318828
test_000840,5,0.0,-0.10940424086666294
test_000840,6,0.0,-0.1860410010321482
test_000840,7,0.028997193120428838,-0.6542105294332026
test_000840,8,0.12118809557463157,-0.10358354198847848
test_000840,9,0.2720383715190441,-0.2580862399613585
test_000840,10,0.4396691650760567,-0.5389072757709987
test_000840,11,0.5588016695382437,-0.8189704099579347
test_000840,12,0.6488121724147108,-0.6954567663587644
test_000840,13,0.6482141628683638,-0.7381480488437704
test_000840,14,0.6417084105959656,-0.5419000719446317
test_000840,15,0.5011780681739009,-0.8645798230558088
test_000840,16,0.3917548650202886,-0.909372951259204
test_000840,17,0.23755916835197632,-0.9264830309102021
test_000840,18,0.08030024134595615,-0.781620279484273
test_000840,19,0.0,-0.8318876256373069
test_000840,20,0.0,-0.7397077561047688
test_000840,21,0.0,-0.49689711287731275
test_000840,22,0.0,-0.12029639393341951
test_000840,23,0.0,0.6378693381964854
test_000840,24,0.0,-0.30457769507293964
test_000841,1,0.0,-0.40717169646817686
test_000841,2,0.0,0.19494793458333343
test_000841,3,0.0,0.5786692840355269
test_000841,4,0.0,0.11159214714944232
test_000841,5,0.0,0.5236514426065109
test_000841,6,0.0,-0.17988138885045452
test_000841,7,0.03495209010238431,-0.007521237347853694
test_000841,8,0.10009218199217103,-0.21486855672796384
test_000841,9,0.18039285767580104,-0.5109004834415186
test_000841,10,0.31454771374457496,0.40448775890991057
test_000841,11,0.39283785428884554,-0.4642889947206055
test_000841,12,0.4307757989696889,-0.04286501850439272
test_000841,13,0.4323848517394687,0.06528608581959136
test_000841,14,0.5489520028990957,0.6490871679856521
test_000841,15,0.44685845559908266,0.7234503863591926
test_000841,16,0.3309915839051177,0.6740936926409058
test_000841,17,0.21367871789995724,0.07447392859660408
test_000841,18,0.074456672141126,-0.06076348975336857
test_000841,19,0.0,-0.6238853072764114
test_000841,20,0.0,-0.8328824539551354
test_000841,21,0.0,-0.6227699380809577
test_000841,22,0.0,-0.6136218078541285
test_000841,23,0.0,-0.1322349899652188
test_000841,24,0.0,-0.3870378761305295
test_000842,1,0.0,0.6745022152272976
test_000842,2,0.0,0.17657237534300207
test_000842,3,0.0,0.5697987003048016
test_000842,4,0.0,0.36813189742075597
test_000842,5,0.0,0.22728027174512327
test_000842,6,0.0,-0.3116132998753634
test_000842,7,0.04363716845583903,-0.8352333480687849
test_000842,8,0.1699333810884729,-0.49699245695419925
test_000842,9,0.2972702863690639,-0.7173102749302789
test_000842,10,0.524287730790684,-0.823605253913442
test_000842,11,0.6983830982700703,-0.5584220430453576
test_000842,12,0.8268626158857608,-0.7155433605333987
test_000842,13,0.8648146301171581,-0.5900677567501653
test_000842,14,0.8029498805873717,-0.8360071470152569
test_000842,15,0.6720424014020213,-0.36986424151030606
test_000842,16,0.47291642412744606,0.18742609997702891
test_000842,17,0.27788958052564483,0.3579375572403871
test_000842,18,0.09055267387354238,0.6984743873983705
test_000842,19,0.0,-0.7371999490379479
test_000842,20,0.0,-0.3993357170555674
test_000842,21,0.0,-0.3023117944548405
test_000842,22,0.0,-0.4525608595148286
test_000842,23,0.0,0.2459932902145583
test_000842,24,0.0,-0.4653948342860572
test_000843,1,0.0,0.7458938769034013
test_000843,2,0.0,0.9253915400182359
test_000843,3,0.0,0.649697174044554
test_000843,4,0.0,0.4738083669973293
test_000843,5,0.0,0.61434297198421
test_000843,6,0.0,0.47190243142294364
test_000843,7,0.03957616475847084,-0.12945879902167742
test_000843,8,0.15400380106951433,-0.20812405940617518
test_000843,9,0.3019315993294145,-0.005635480816383834
test_000843,10,0.49209117325070817,0.5378344317467091
test_000843,11,0.6365764507069662,0.2684925457348723
test_000843,12,0.6559386945882067,0.48247401724915306
test_000843,13,0.7174730978343139,0.17206536876396675
test_000843,14,0.6364776895842239,-0.41157013173344476
test_000843,15,0.5274858625729928,0.3972517078930144
test_000843,16,0.433469185269624,0.20017820825579008
test_000843,17,0.23992830430039655,-0.3017469945795432
test_000843,18,0.08380300965026147,0.06672223261234064
test_000843,19,0.0,0.3302837755655749
test_000843,20,0.0,-0.1312925112414039
test_000843,21,0.0,-0.12982654647305883
test_000843,22,0.0,0.09061295569696055
test_000843,23,0.0,-0.43508202560477355
test_000843,24,0.0,-0.7696681777557253
test_000844,1,0.0,-0.5256217783691184
test_000844,2,0.0,-0.3919481239675741
test_000844,3,0.0,-0.804268153866796
test_000844,4,0.0,-0.2588292175038835
test_000844,5,0.0,-0.42493196451674914
test_000844,6,0.0,-0.4299866835249364
test_000844,7,0.03689388335782914,0.29889275956981953
test_000844,8,0.14951612036576747,0.5702606755455143
test_000844,9,0.28988798522883574,0.05091903266859059
test_000844,10,0.49314813671112623,-0.0619894240197258
test_000844,11,0.5724777797598058,0.9041837966188027
test_000844,12,0.6569350539090985,0.9071381539902856
test_000844,13,0.7401424801992961,0.392658298474199
test_000844,14,0.7237101680293297,0.7242637358001955
test_000844,15,0.6007697571155023,0.6857345668950094
test_000844,16,0.4656535490088215,0.4754715803244537
test_000844,17,0.2746857842232986,0.7628609112710567
test_000844,18,0.09985361048279467,0.8330729579526872
test_000844,19,0.0,0.8739231260786042
test_000844,20,0.0,-0.10338486405383784
test_000844,21,0.0,0.07045004029842172
test_000844,22,0.0,-0.25126575918069094
test_000844,23,0.0,-0.06490858661953869
test_000844,24,0.0,-0.3423270263340803
test_000845,1,0.0,-0.08786389957471268
test_000845,2,0.0,-0.7293704645161811
test_000845,3,0.0,-0.5818192850053088
test_000845,4,0.0,0.6032708855317652
test_000845,5,0.0,-0.17456312956421927
test_000845,6,0.0,0.13130553633489045
test_000845,7,0.03541800628778144,0.046339630094622886
test_000845,8,0.14691843998763396,0.0728230538104344
test_000845,9,0.3185616547717779,-0.013717300746994841
test_000845,10,0.5353576541843337,-0.3629787133256007
test_000845,11,0.7207996878094506,-0.37661459109162687
test_000845,12,0.8463897616926561,-0.6608665234698032
test_000845,13,0.9058386843205455,-0.5936501254018933
test_000845,14,0.837365965131159,-0.6858912613230779
test_000845,15,0.726321166323721,-0.5193088003947534
test_000845,16,0.5326181865381291,-0.6591186185456925
test_000845,17,0.29021056046345456,-0.2080847740053361
test_000845,18,0.09245554285693003,-0.26767049457087155
test_000845,19,0.0,-0.2893438691170695
test_000845,20,0.0,-0.3156678074894376
test_000845,21,0.0,-0.8506605603276909
test_000845,22,0.0,-0.16400508051348447
test_000845,23,0.0,-0.03214689059734753
test_000845,24,0.0,0.5202085675720098
test_000846,1,0.0,-0.5233084590296632
test_000846,2,0.0,0.17439420713872575
test_000846,3,0.0,0.5647425937259029
test_000846,4,0.0,0.5784665343209762
test_000846,5,0.0,0.7303118196373499
test_000846,6,0.0,0.7924575676970363
test_000846,7,0.04029403357894635,0.7383648951804003
test_000846,8,0.15758528856772544,0.16949215473302592
test_000846,9,0.2981157559421004,0.37446362006110895
test_000846,10,0.5198623956148417,0.19658660117626886
test_000846,11,0.6751448133385094,-0.20242308628416947
test_000846,12,0.7558074972877941,0.24844029521882433
test_000846,13,0.7333332946846974,-0.43113732043506947
test_000846,14,0.7493675298864876,-0.06874673004033899
test_000846,15,0.5789665021672529,0.0812297730081939
test_000846,16,0.44094499797660003,-0.24127987570285975
test_000846,17,0.288012756438614,-0.1341372633532505
test_000846,18,0.09842227372402758,-0.3807266063497644
test_000846,19,0.0,-0.7925068246568012
test_000846,20,0.0,-0.7581212656666958
test_000846,21,0.0,-0.6368748284568488
test_000846,22,0.0,0.12576961812581422
test_000846,23,0.0,-0.16371697646269073
test_000846,24,0.0,0.35507257003881093
test_000847,1,0.0,0.9589563636549643
test_000847,2,0.0,0.745193591141397
test_000847,3,0.0,-0.4678424668673079
test_000847,4,0.0,-0.4827368962344819
test_000847,5,0.0,-0.3303787621549554
test_000847,6,0.0,-0.1957909632368208
test_000847,7,0.031694000764162344,-0.23396195821489874
test_000847,8,0.14270294669207215,-0.5668590336690253
test_000847,9,0.3065495351779064,-0.5771633148074313
test_000847,10,0.5184284052689674,-0.6606654785074562
test_000847,11,0.6134616069073279,-0.5927698601344127
test_000847,12,0.6899291374258284,-0.39077435587341486
test_000847,13,0.6610165783303201,0.1671219057977282
test_000847,14,0.5096490618403793,0.4366175774931279
test_000847,15,0.45646670459807326,0.23712507834143393
test_000847,16,0.38536342696681836,-0.9503822038924729
test_000847,17,0.21340039077312578,-0.9816790585617495
test_000847,18,0.06445999037926117,-0.6625576888810709
test_000847,19,0.0,-0.7057794641015773
test_000847,20,0.0,-0.8058138813585414
test_000847,21,0.0,-0.5490963476318128
test_000847,22,0.0,-0.9178536793393675
test_000847,23,0.0,-0.7526463253959768
test_000847,24,0.0,-0.3518614367909801
test_000848,1,0.0,-0.47720740590943966
test_000848,2,0.0,-0.8117915611461087
test_000848,3,0.0,0.1687944536690599
test_000848,4,0.0,-0.22670529693536828
test_000848,5,0.0,0.3501418357389091
test_000848,6,0.0,0.2807667363552584
test_000848,7,0.03156890002609073,-0.4238625285135663
test_000848,8,0.12294663734646985,-0.4618572638985525
test_000848,9,0.2292595995171881,0.19488988876046048
test_000848,10,0.352964397135193,-0.4470392017223002
test_000848,11,0.5837971591903974,-0.6658253999031247
test_000848,12,0.5901468836423182,0.0784737738418691
test_000848,13,0.46602773847672424,0.3592274807075512
test_000848,14,0.4683286334530068,0.5515971503937653
test_000848,15,0.4027958319690414,0.3448031189068845
test_000848,16,0.31116943564792693,0.7928062037894132
test_000848,17,0.2300137926329164,0.07537114704670549
test_000848,18,0.09016132136376122,-0.4658097111148185
test_000848,19,0.0,0.22004181948460547
test_000848,20,0.0,-0.37278359827795643
test_000848,21,0.0,-0.158753699092623
test_000848,22,0.0,-0.07370624637804923
test_000848,23,0.0,0.17847141243538733
test_000848,24,0.0,-0.8608750986273654
test_000849,1,0.0,-0.2170561432741649
test_000849,2,0.0,-0.34211206121299237
test_000849,3,0.0,0.22701899217348837
test_000849,4,0.0,-0.17130124124917023
test_000849,5,0.0,0.2503535743547061
test_000849,6,0.0,-0.6099968108569389
test_000849,7,0.0431366592253692,-0.04684658816050471
test_000849,8,0.17565282826726325,0.8222085861866105
test_000849,9,0.35568649585971324,0.8719826674585845
test_000849,10,0.5499233827404388,0.7901246195519752
test_000849,11,0.7321131018248634,-0.47124732220572396
test_000849,12,0.8214822971352789,-0.4313272652683622
test_000849,13,0.8652150643697198,-0.5316469633391055
test_000849,14,0.8294426567881087,-0.8195955884836713
test_000849,15,0.6953723330145074,-0.8983191231172952
test_000849,16,0.52400497993786,0.31386739749444414
test_000849,17,0.28369326508775333,0.03751669843970021
test_000849,18,0.10034534912640294,-0.049191819753105534
test_000849,19,0.0,0.14008908642707857
test_000849,20,0.0,-0.5251201333393299
test_000849,21,0.0,-0.8703863701431902
test_000849,22,0.0,-0.4513950967211452
test_000849,23,0.0,-0.4631798452715491
test_000849,24,0.0,0.5753602847830006
test_000850,1,0.0,0.27817225260383616
test_000850,2,0.0,-0.6812366906055929
test_000850,3,0.0,-0.8483660442771691
test_000850,4,0.0,-0.29700191466716497
test_000850,5,0.0,-0.31763856235859644
test_000850,6,0.0,-0.49785552230777286
test_000850,7,0.03854164927959125,0.146809601473518
test_000850,8,0.15456658493977762,0.5843349808034779
test_000850,9,0.3422625624696797,0.3841742311478997
test_000850,10,0.5893806614700301,0.1335825421768218
test_000850,11,0.75223471007369,-0.30597754900637575
test_000850,12,0.8582751673547857,-0.6484541477511501
test_000850,13,0.8650987245080316,0.18364823935652486
test_000850,14,0.7602553382684202,0.691533742898776
test_000850,15,0.5812209654816818,0.373140105765538
test_000850,16,0.45947186093287073,-0.056227000603559105
test_000850,17,0.2776414561011885,-0.5857208055889787
test_000850,18,0.09009534141787408,-0.9338823982814397
test_000850,19,0.0,-0.6563243797626245
test_000850,20,0.0,-0.4216720328664239
test_000850,21,0.0,-0.09049322561067842
test_000850,22,0.0,-0.43956906335019685
test_000850,23,0.0,0.011768891783716422
test_000850,24,0.0,0.4256979435288256
test_000851,1,0.0,0.6077250088854562
test_000851,2,0.0,0.5125588442923557
test_000851,3,0.0,0.7060673495700471
test_000851,4,0.0,0.16525459338837564
test_000851,5,0.0,-0.8075409458672039
test_000851,6,0.0,0.376846557023299
test_000851,7,0.028453733020907774,-0.08856619691682478
test_000851,8,0.09458732996266961,-0.11497617025708905
test_000851,9,0.174370433123137,0.40855187022930195
test_000851,10,0.2653727773817705,0.44255577067307594
test_000851,11,0.4519919653076143,0.04093447003066939
test_000851,12,0.6022219516155646,-0.7029884426872384
test_000851,13,0.6676949290556528,-0.6325138213005533
test_000851,14,0.6843659306333866,-0.8470133368456826
test_000851,15,0.5614713751995636,-0.717764676690108
test_000851,16,0.3756614888126842,0.05936246688576868
test_000851,17,0.20974474780927166,-0.002220675382248249
test_000851,18,0.07616191666558235,0.018535873679790985
test_000851,19,0.0,0.6967216058314116
test_000851,20,0.0,0.7010893921465047
test_000851,21,0.0,0.8248430049838441
test_000851,22,0.0,0.8676438145026717
test_000851,23,0.0,0.9145405134943241
test_000851,24,0.0,0.8168252399466147
test_000852,1,0.0,0.46977858473496237
test_000852,2,0.0,0.17462587916871294
test_000852,3,0.0,-0.17335487304929742
test_000852,4,0.0,-0.5458283527742129
test_000852,5,0.0,0.2673694492057053
test_000852,6,0.0,-0.8646981090252639
test_000852,7,0.025258943877733305,-0.8765806813811527
test_000852,8,0.11099756505864161,-0.684005042478639
test_000852,9,0.23849226563939008,-0.4410309009625903
test_000852,10,0.3507505407271184,-0.39869362943129677
test_000852,11,0.474066975366644,-0.702521402595673
test_000852,12,0.5257160066039201,-0.4147877953378695
test_000852,13,0.5623628458767008,0.7363956015754058
test_000852,14,0.5876089582608082,0.975544401832631
test_000852,15,0.4308953550421579,0.8664735274192301
test_000852,16,0.3643859629689175,0.7767209166055897
test_000852,17,0.24264468855499857,-0.4071256142634058
test_000852,18,0.08002115056465937,0.4462569551144374
test_000852,19,0.0,0.6807578822443108
test_000852,20,0.0,-0.03607985525465208
test_000852,21,0.0,-0.3311059905784179
test_000852,22,0.0,-0.7841839449071973
test_000852,23,0.0,-0.06943301639498922
test_000852,24,0.0,-0.5620195983757234
test_000853,1,0.0,0.761905363769185
test_000853,2,0.0,0.6720867566956195
test_000853,3,0.0,0.45201400969214534
test_000853,4,0.0,0.11802291772772128
test_000853,5,0.0,-0.2489681351516285
test_000853,6,0.0,-0.2653601319761356
test_000853,7,0.03387764517062887,0.2166030241431819
test_000853,8,0.1383056443346253,0.15583310280100587
test_000853,9,0.24254883728591903,-0.3399759976762165
test_000853,10,0.3383536662801632,0.07973232673757706
test_000853,11,0.48173664889630363,0.210845398295623
test_000853,12,0.5325060798445599,-0.1444601246931489
test_000853,13,0.44219241241713253,0.5068876007660201
test_000853,14,0.4007593457590632,-0.41939423003986764
test_000853,15,0.3432042100964565,-0.1030336260656416
test_000853,16,0.2722415539458227,0.48729118904140833
test_000853,17,0.15989036545112853,0.4368146356905838
test_000853,18,0.04544407099829544,-0.6391654805698814
test_000853,19,0.0,-0.7255978357155772
test_000853,20,0.0,-0.850635897408121
test_000853,21,0.0,-0.7966728428528931
test_000853,22,0.0,-0.9699912498764983
test_000853,23,0.0,-0.9594086725863125
test_000853,24,0.0,-0.8506648361226226
test_000854,1,0.0,0.01828527629400518
test_000854,2,0.0,-0.6180033441503949
test_000854,3,0.0,-0.9045856912592671
test_000854,4,0.0,-0.8765325026807479
test_000854,5,0.0,-0.8427620179528363
test_000854,6,0.0,-0.556608894326562
test_000854,7,0.04795383887384816,-0.014784692319056028
test_000854,8,0.19248543721791234,0.07052518140199553
test_000854,9,0.3847619549978885,-0.8002900890096223
test_000854,10,0.6247663208247803,-0.45780335841637415
test_000854,11,0.8184891011009883,-0.6468931890308773
test_000854,12,0.9300928461325632,-0.2246378636514877
test_000854,13,0.9554790661508881,-0.001333966398519649
test_000854,14,0.9205279316474237,0.6091335115162732
test_000854,15,0.781635240603998,0.01796890667941529
test_000854,16,0.5782132673884658,-0.8630269411377451
test_000854,17,0.33871784365974356,-0.7656020532448174
test_000854,18,0.11587627029491927,-0.24014885720424858
test_000854,19,0.0,-0.5096543471184862
test_000854,20,0.0,-0.6201822847002507
test_000854,21,0.0,-0.7766886321080041
test_000854,22,0.0,-0.7789260776801378
test_000854,23,0.0,-0.8609200592933467
test_000854,24,0.0,-0.3739276431951369
test_000855,1,0.0,-0.10994086773875734
test_000855,2,0.0,-0.47807764490437854
test_000855,3,0.0,-0.6929991655476182
test_000855,4,0.0,-0.7235505303599925
test_000855,5,0.0,-0.7707656406241936
test_000855,6,0.0,0.06796453896114799
test_000855,7,0.04359412997312964,-0.7562241219895532
test_000855,8,0.17525322935099052,-0.7236616728301796
test_000855,9,0.3218899001415557,-0.20105636211783412
test_000855,10,0.5366058599810559,-0.4053103653599481
test_000855,11,0.704882390114978,0.10640018566253841
test_000855,12,0.836987151339752,0.6118088954601411
test_000855,13,0.91874747923936,-0.025102494067756137
test_000855,14,0.8382993956353215,0.6251699423596793
test_000855,15,0.7131625630687708,-0.833555688299608
test_000855,16,0.5199911933973346,-0.5546054965985184
test_000855,17,0.28733450914734904,-0.8355316986528862
test_000855,18,0.09522729713155707,-0.860011980297108
test_000855,19,0.0,0.17819099733143365
test_000855,20,0.0,0.15522163102573241
test_000855,21,0.0,-0.0025300453686320037
test_000855,22,0.0,-0.0645773968539096
test_000855,23,0.0,-0.4717055212729515
test_000855,24,0.0,0.11139070863724237
test_000856,1,0.0,-0.5257305071848397
test_000856,2,0.0,-0.14745256443270977
test_000856,3,0.0,0.6556176461412411
test_000856,4,0.0,-0.058272666785345165
test_000856,5,0.0,-0.6159781398597779
test_000856,6,0.0,-0.9247097217760856
test_000856,7,0.0436203051475023,-0.96845145715422
test_000856,8,0.1757751146955458,-0.7109255640200113
test_000856,9,0.35605048046889143,-0.9304526009319992
test_000856,10,0.5903251634033237,-0.8766250050146132
test_000856,11,0.76333842252748,-0.09295005963808535
test_000856,12,0.8837837404491701,-0.2571215095911539
test_000856,13,0.9200031970294172,0.11967499219575245
test_000856,14,0.8926040271458271,0.00398120918388915
test_000856,15,0.7584750338924395,0.4468815575833972
test_000856,16,0.5626706718836272,0.8451312882300744
test_000856,17,0.33462573289459085,0.7084488834137417
test_000856,18,0.11286756437562574,0.3641468689393408
test_000856,19,0.0,-0.3142706335582404
test_000856,20,0.0,0.0387500598914536
test_000856,21,0.0,-0.408734189317191
test_000856,22,0.0,0.30387434364342697
test_000856,23,0.0,0.38743778694252656
test_000856,24,0.0,0.2830725095907956
test_000857,1,0.0,0.8372478108742921
test_000857,2,0.0,0.5122344076612126
test_000857,3,0.0,0.282390618031185
test_000857,4,0.0,-0.03657079928096397
test_000857,5,0.0,0.06457976911710316
test_000857,6,0.0,-0.285280351299386
test_000857,7,0.02062575882346945,-0.5957387161325611
test_000857,8,0.08634695811645776,-0.7854214436884498
test_000857,9,0.17699131237000776,-0.6139278699536415
test_000857,10,0.30267195272196956,-0.7187758028916438
test_000857,11,0.44795719135437734,0.0833551379278086
test_000857,12,0.6118861118284938,-0.5803696847181757
test_000857,13,0.64491753524246,-0.2034812436791914
test_000857,14,0.672207182017952,-0.3266239843753651
test_000857,15,0.5348234673370564,-0.10611849728426251
test_000857,16,0.39840483883059147,-0.34501183691042564
test_000857,17,0.2578903647595287,-0.6566759127016634
test_000857,18,0.07897265587210427,-0.967351803762965
test_000857,19,0.0,-0.9850406726625329
test_000857,20,0.0,-0.7952331378389603
test_000857,21,0.0,-0.8465353848874803
test_000857,22,0.0,-0.6026796555671661
test_000857,23,0.0,-0.634929707351273
test_000857,24,0.0,-0.33175673274079454
test_000858,1,0.0,0.5538777486213937
test_000858,2,0.0,0.676855413013665
test_000858,3,0.0,0.5464952245134266
test_000858,4,0.0,0.34726154826820804
test_000858,5,0.0,-0.01498384678061706
test_000858,6,0.0,-0.46411654292262194
test_000858,7,0.04069658847854881,-0.21881278748415384
test_000858,8,0.16890714607347734,-0.15570389662352752
test_000858,9,0.3593699999843261,-0.0726251661245921
test_000858,10,0.5650380839362212,-0.7180992727442985
test_000858,11,0.7056353709046699,-0.38768334029409296
test_000858,12,0.7653624088326376,-0.4104066226375154
test_000858,13,0.8139086402048015,-0.624995509532086
test_000858,14,0.7362014573558662,-0.4836028979318707
test_000858,15,0.5776436993906237,-0.4321447549414678
test_000858,16,0.4379631115449036,-0.778852625051382
test_000858,17,0.23534642135457431,-0.8929082843410212
test_000858,18,0.09134891088866993,-0.9003371627831238
test_000858,19,0.0,-0.7666099281690522
test_000858,20,0.0,-0.8332394183174499
test_000858,21,0.0,-0.8261007993048296
test_000858,22,0.0,-0.8881329125147801
test_000858,23,0.0,-0.7135261503697705
test_000858,24,0.0,-0.7777546166974223
test_000859,1,0.0,-0.004515507052856286
test_000859,2,0.0,-0.15348998695199548
test_000859,3,0.0,-0.27415007431312777
test_000859,4,0.0,-0.7912751306611409
test_000859,5,0.0,-0.7349181981757826
test_000859,6,0.0,-0.8502445965038798
test_000859,7,0.020132517721725984,-0.8789273550644716
test_000859,8,0.09643211028358258,-0.5258931088750887
test_000859,9,0.17612252708938647,-0.5279380162306445
test_000859,10,0.2905332692679163,-0.8615151916582164
test_000859,11,0.41048902517653446,-0.9036485633764894
test_000859,12,0.4041459245534487,-0.912373558729791
test_000859,13,0.4159130765719281,-0.8472286892262372
test_000859,14,0.30728011597783755,-0.7817701613769485
test_000859,15,0.32217199338835206,-0.4498491195915925
test_000859,16,0.24403949646414644,-0.17609820615577831
test_000859,17,0.13355454999919184,-0.14875974692797797
test_000859,18,0.04388056175669515,-0.5718817257524906
test_000859,19,0.0,-0.28366146050879376
test_000859,20,0.0,-0.358895017498464
test_000859,21,0.0,-0.5156751179226233
test_000859,22,0.0,0.30110454113729296
test_000859,23,0.0,0.14734298782145644
test_000859,24,0.0,0.1971917729027975
test_000860,1,0.0,-0.04296708902204835
test_000860,2,0.0,-0.6669186973625408
test_000860,3,0.0,-0.369268266569047
test_000860,4,0.0,-0.13543132611835845
test_000860,5,0.0,0.2965146033546128
test_000860,6,0.0,0.22683814271015112
test_000860,7,0.03147715272156142,0.06121122537698265
test_000860,8,0.13570864134607807,-0.5885842983630725
test_000860,9,0.27273104066365067,-0.3421077003110149
test_000860,10,0.4482595280050125,-0.7898151325727442
test_000860,11,0.611832733175343,-0.9311626608681857
test_000860,12,0.6753280458970742,-0.8863346582650466
test_000860,13,0.6899891858663699,-0.6305700250501342
test_000860,14,0.6978601346482814,-0.9102317885310566
test_000860,15,0.6173448078110064,-0.3997660361371774
test_000860,16,0.4161311435079836,-0.3125543009982234
test_000860,17,0.19001702378316454,0.044584427725068314
test_000860,18,0.054695536440671454,-0.42962337467898687
test_000860,19,0.0,-0.2801400239473927
test_000860,20,0.0,0.22738029414498814
test_000860,21,0.0,0.5751336765182954
test_000860,22,0.0,0.8708466754221802
test_000860,23,0.0,0.5319046031156863
test_000860,24,0.0,0.5329890430936659
test_000861,1,0.0,0.48083287596439905
test_000861,2,0.0,-0.1690048938079328
test_000861,3,0.0,0.002513254530141766
test_000861,4,0.0,0.4760554854890554
test_000861,5,0.0,0.14308683201232802
test_000861,6,0.0,-0.41899429651502673
test_000861,7,0.0410163115743542,-0.25485784807365897
test_000861,8,0.16913954596178102,0.18374832666742236
test_000861,9,0.3283802753835634,0.619630363221642
test_000861,10,0.5021825457786426,0.5161891510185214
test_000861,11,0.6383833816879669,0.05192986021488161
test_000861,12,0.6591546741671994,0.05955713469429024
test_000861,13,0.7321780313328525,0.5393494396740465
test_000861,14,0.6824527005493652,0.8987067914054881
test_000861,15,0.5765352201278108,0.9565971848731251
test_000861,16,0.4376779138534126,0.5515312131446454
test_000861,17,0.22489552142815847,0.6191157992148442
test_000861,18,0.08796840498635118,0.764669737341408
test_000861,19,0.0,0.4584134090681657
test_000861,20,0.0,0.0224346183410688
test_000861,21,0.0,-0.3477835390848768
test_000861,22,0.0,-0.321603708620259
test_000861,23,0.0,-0.6491973230366312
test_000861,24,0.0,-0.9480970139552173
test_000862,1,0.0,0.33244765796476367
test_000862,2,0.0,0.6388956856983743
test_000862,3,0.0,0.67415102008037
test_000862,4,0.0,0.21785133754857453
test_000862,5,0.0,0.47498655795895406
test_000862,6,0.0,0.6816061005015193
test_000862,7,0.04575856142260895,0.1273999903060034
test_000862,8,0.18800247296752806,0.4288608229332938
test_000862,9,0.3710439934508658,0.6980786415422722
test_000862,10,0.592889016601455,0.6681067982381332
test_000862,11,0.7477234379883464,0.8329776876118717
test_000862,12,0.843052234268782,0.8829990429948339
test_000862,13,0.8414037279627428,0.8680095035984514
test_000862,14,0.8354860113799438,0.08184054459747363
test_000862,15,0.6782159999446612,-0.26070283732187655
test_000862,16,0.5021436961656042,0.1602425170763839
test_000862,17,0.30058661226548916,0.3791214456841561
test_000862,18,0.10110591538331973,0.4218371736552072
test_000862,19,0.0,0.3731139071618459
test_000862,20,0.0,0.7790314416409689
test_000862,21,0.0,0.8135299981260511
test_000862,22,0.0,0.14784166657789238
test_000862,23,0.0,-0.35632779969218425
test_000862,24,0.0,-0.15131013818982472
test_000863,1,0.0,0.16034477961391075
test_000863,2,0.0,0.3986943505601473
test_000863,3,0.0,0.7253803048236906
test_000863,4,0.0,0.21304895612614314
test_000863,5,0.0,0.4887110369993132
test_000863,6,0.0,0.42257863033202847
test_000863,7,0.03973177525756086,-0.018863911832406748
test_000863,8,0.16607507709603747,-0.40876128427395586
test_000863,9,0.30480072371053774,0.272484383864403
test_000863,10,0.4908556583870945,0.5813655688845811
test_000863,11,0.5895170709445617,-0.11181989027443676
test_000863,12,0.7139410131422012,-0.40854290240726776
test_000863,13,0.8045545759504839,-0.19582874036182282
test_000863,14,0.6941308226192476,-0.7359848734221908
test_000863,15,0.5398170876579315,-0.9304715059404275
test_000863,16,0.4024191531085236,-0.9836090142107626
test_000863,17,0.24718785094435655,-0.9181551470852
test_000863,18,0.08478060306624546,-0.8882784672018738
test_000863,19,0.0,-0.8920261284377811
test_000863,20,0.0,-0.17162486505387922
test_000863,21,0.0,-0.18729469799008314
test_000863,22,0.0,0.12753080749784582
test_000863,23,0.0,0.18692130082724057
test_000863,24,0.0,0.5796634676494385
test_000864,1,0.0,0.9200713678514031
test_000864,2,0.0,0.8238639960807606
test_000864,3,0.0,0.6623800438819132
test_000864,4,0.0,0.5139774853018428
test_000864,5,0.0,0.6567343918162183
test_000864,6,0.0,0.9029096676923207
test_000864,7,0.04196957548526006,0.9153037793941502
test_000864,8,0.15728320819182523,0.46002413164891126
test_000864,9,0.3042736433246014,0.36616000259426723
test_000864,10,0.4438985957176008,0.42228807575046307
test_000864,11,0.5265430314108461,0.5622843628492566
test_000864,12,0.5900452149588348,0.6162206122281044
test_000864,13,0.6677422359832448,-0.38098262308217035
test_000864,14,0.6547804762544917,-0.49445923332698394
test_000864,15,0.5817980180314091,-0.4397392330555675
test_000864,16,0.4699998856794163,-0.22293500149932344
test_000864,17,0.2705483718068369,-0.36125083396508745
test_000864,18,0.08108909427143032,-0.23096973380985608
test_000864,19,0.0,-0.7131664530050714
test_000864,20,0.0,0.6024816382502587
test_000864,21,0.0,0.11301438370403594
test_000864,22,0.0,-0.15779275957694772
test_000864,23,0.0,-0.38229741936736694
test_000864,24,0.0,0.11398874022119829
test_000865,1,0.0,0.4061960754722206
test_000865,2,0.0,0.44026896014849337
test_000865,3,0.0,0.46058703210610435
test_000865,4,0.0,0.47785448611001535
test_000865,5,0.0,0.7357246904731913
test_000865,6,0.0,-0.6105401060099878
test_000865,7,0.04096060733199919,0.03050551278837492
test_000865,8,0.15900406112546125,-0.11407654492741712
test_000865,9,0.31489343244199147,0.36903036107567166
test_000865,10,0.5236920426388023,0.5979607826887392
test_000865,11,0.6737194028954785,0.7703547610631956
test_000865,12,0.712158654916871,0.7891653983595611
test_000865,13,0.8237876808149843,0.8162675925496762
test_000865,14,0.7515344281635228,0.7341016555172457
test_000865,15,0.6801284499971185,0.3035375419477942
test_000865,16,0.49262423385645804,0.5717738548344444
test_000865,17,0.2803117828581436,0.517007287241728
test_000865,18,0.10164780983127318,-0.39687600569644416
test_000865,19,0.0,-0.5940929572478176
test_000865,20,0.0,-0.854007754314714
test_000865,21,0.0,-0.8987046368485232
test_000865,22,0.0,-0.8461490358165724
test_000865,23,0.0,-0.7917676167046683
test_000865,24,0.0,-0.8262407076746363
test_000866,1,0.0,-0.0898906702646938
test_000866,2,0.0,0.3553444747052496
test_000866,3,0.0,0.44216774254260566
test_000866,4,0.0,0.0007196755857641696
test_000866,5,0.0,-0.6612019858689167
test_000866,6,0.0,0.04941509470347751
test_000866,7,0.040776422017494096,0.3712786346767522
test_000866,8,0.15976089081340974,0.42805775421409376
test_000866,9,0.29831355208953636,0.3388312946834756
test_000866,10,0.5122890822146481,0.2615789150147674
test_000866,11,0.6244283903037888,0.23161383405569616
test_000866,12,0.7470331109380719,-0.6202688546335924
test_000866,13,0.8233026244284083,-0.7889880017056303
test_000866,14,0.7514354137255594,-0.26302610409087257
test_000866,15,0.6844777612158746,-0.6682442372693591
test_000866,16,0.5283142202897777,-0.3570471815181098
test_000866,17,0.3165719879557869,0.44900582478396284
test_000866,18,0.10770459375794322,0.27778293875165
test_000866,19,0.0,-0.23641491851993435
test_000866,20,0.0,-0.668821739544357
test_000866,21,0.0,-0.47109960763396497
test_000866,22,0.0,-0.19364051586801462
test_000866,23,0.0,0.5741104899116842
test_000866,24,0.0,0.5318512528248627
test_000867,1,0.0,-0.8935279469683473
test_000867,2,0.0,-0.7730962794807271
test_000867,3,0.0,-0.4058289671618309
test_000867,4,0.0,0.7306311183948866
test_000867,5,0.0,0.9824298117738646
test_000867,6,0.0,0.9921124562227038
test_000867,7,0.045092903040282815,0.9749730503276813
test_000867,8,0.1845999613372719,0.9091389706447597
test_000867,9,0.35731466421757824,0.9169004240860527
test_000867,10,0.5643506276286153,0.43393301578656623
test_000867,11,0.7348063020714983,0.40780779923101246
test_000867,12,0.8284944594876796,0.0997355384584269
test_000867,13,0.8422729422570381,-0.5577410457872128
test_000867,14,0.7295378730543592,-0.2649913969852732
test_000867,15,0.638924438039747,-0.878573611900496
test_000867,16,0.49621275950311183,0.11376301350378595
test_000867,17,0.29175703026666344,-0.7051255423813305
test_000867,18,0.09864729203189802,-0.8837200540828861
test_000867,19,0.0,-0.14092875761223508
test_000867,20,0.0,0.11941041062536412
test_000867,21,0.0,0.496237260375766
test_000867,22,0.0,0.5843127184560548
test_000867,23,0.0,0.8949049794365035
test_000867,24,0.0,0.7335399798336748
test_000868,1,0.0,0.18442274092831076
test_000868,2,0.0,0.20331952806749737
test_000868,3,0.0,0.4205096822186932
test_000868,4,0.0,-0.06196437012907822
test_000868,5,0.0,-0.6637971880012177
test_000868,6,0.0,-0.8527870173272982
test_000868,7,0.0325714681048966,-0.42335752126255727
test_000868,8,0.13521125524716038,-0.6892574348975724
test_000868,9,0.25698108824978916,-0.697827965684507
test_000868,10,0.4755728999718686,-0.6883764368047491
test_000868,11,0.6151751695536697,0.0263835626296071
test_000868,12,0.7418597918596481,0.21813310437462122
test_000868,13,0.8063594689556138,0.25402272519219743
test_000868,14,0.8002557973183586,0.3273682485577249
test_000868,15,0.6517755641185596,0.1420325605766605
test_000868,16,0.4595655247060727,-0.6528504012553145
test_000868,17,0.2987196645799986,-0.6221145268329178
test_000868,18,0.10262417261006804,-0.2161231825340058
test_000868,19,0.0,-0.040992196032871325
test_000868,20,0.0,0.5418928631141755
test_000868,21,0.0,0.4416574235006314
test_000868,22,0.0,0.6956114719915292
test_000868,23,0.0,0.8185848987340011
test_000868,24,0.0,0.71609560239871
test_000869,1,0.0,-0.26163787689684637
test_000869,2,0.0,0.33872564023429963
test_000869,3,0.0,0.7693877502446285
test_000869,4,0.0,0.9730168819566584
test_000869,5,0.0,0.9919587910231765
test_000869,6,0.0,0.901004734810241
test_000869,7,0.043208851045863805,0.5487379620792828
test_000869,8,0.17316616250962202,-0.0982826599743382
test_000869,9,0.35334432515791275,-0.6598496556449973
test_000869,10,0.5511240348114423,-0.7079930130273369
test_000869,11,0.7077468912020028,-0.7995747116084531
test_000869,12,0.8024091656867997,-0.8906448695230846
test_000869,13,0.857961435002375,-0.7081834713252279
test_000869,14,0.7822629272729079,0.48563326716825395
test_000869,15,0.6841937163744843,-0.2589786747571984
test_000869,16,0.5265847076650697,0.46341141184342505
test_000869,17,0.30452811833233173,0.20315335964150247
test_000869,18,0.10636654097607218,-0.0834850639471778
test_000869,19,0.0,-0.35507192642001584
test_000869,20,0.0,-0.7292364893135549
test_000869,21,0.0,-0.2491682127377366
test_000869,22,0.0,-0.6199723940926627
test_000869,23,0.0,-0.08890870865759866
test_000869,24,0.0,0.5304964639221421
test_000870,1,0.0,-0.055867886814548975
test_000870,2,0.0,-0.4913181284590652
test_000870,3,0.0,-0.7069524867746739
test_000870,4,0.0,-0.6124154596563958
test_000870,5,0.0,-0.8364950923317936
test_000870,6,0.0,-0.9096173317505432
test_000870,7,0.04342899987246245,-0.7658541929222928
test_000870,8,0.17698539025898077,-0.5716182678603148
test_000870,9,0.3577014184477689,-0.4282085877036772
test_000870,10,0.5314559036124565,-0.599331819718
test_000870,11,0.6879238922552373,-0.39608779865581106
test_000870,12,0.7603839006999555,-0.12593389260244742
test_000870,13,0.8505161005806234,-0.503217950790374
test_000870,14,0.8126871295984927,-0.5624021604558787
test_000870,15,0.6421815264830254,0.7733594678127379
test_000870,16,0.47057595648676315,0.9703667515066293
test_000870,17,0.26008771382614254,0.9781890406054883
test_000870,18,0.09388266168398603,0.8076847020648936
test_000870,19,0.0,0.592580436363056
test_000870,20,0.0,0.48378935734695216
test_000870,21,0.0,0.25630875376902745
test_000870,22,0.0,0.5651188754580599
test_000870,23,0.0,0.16969133651007376
test_000870,24,0.0,0.3981555060753242
test_000871,1,0.0,0.5766289752875629
test_000871,2,0.0,0.42911932124498897
test_000871,3,0.0,0.8258496288523157
test_000871,4,0.0,0.8801918414090081
test_000871,5,0.0,0.8625480227614213
test_000871,6,0.0,0.5571258909822593
test_000871,7,0.04486468278260061,0.7994149028922409
test_000871,8,0.17241426089885545,0.480361193293674
test_000871,9,0.3371914619937818,0.2771549942799766
test_000871,10,0.557043922166435,0.002563452501930169
test_000871,11,0.6704199162493432,-0.7213060698225464
test_000871,12,0.7559664198136823,-0.3172278428690633
test_000871,13,0.7362992450615605,-0.6024851950850192
test_000871,14,0.7683658809034245,-0.7070717498075108
test_000871,15,0.6721891780653289,-0.44719687550582277
test_000871,16,0.5109635971852317,-0.8097644396919741
test_000871,17,0.29366080434640873,-0.7849727920652584
test_000871,18,0.09152957850064881,-0.23756560303958893
test_000871,19,0.0,-0.2147653212318421
test_000871,20,0.0,0.8080301504726825
test_000871,21,0.0,0.4545818104339787
test_000871,22,0.0,0.4818539874458475
test_000871,23,0.0,0.6752307020312271
test_000871,24,0.0,0.22875723384969768
test_000872,1,0.0,0.13334838734360782
test_000872,2,0.0,0.45747427519878436
test_000872,3,0.0,-0.09878748541871854
test_000872,4,0.0,-0.2009743074171512
test_000872,5,0.0,-0.7354821857424764
test_000872,6,0.0,-0.670286534780824
test_000872,7,0.03883342033169492,-0.3623414944716189
test_000872,8,0.15676571286198734,0.3347078449104115
test_000872,9,0.32273771566607845,-0.15709334630325464
test_000872,10,0.5027787444479263,0.24543591619544017
test_000872,11,0.696759483118117,0.6392577401564155
test_000872,12,0.8284176804416797,0.7115260587050851
test_000872,13,0.7842805504732651,0.2980863127792388
test_000872,14,0.7746244116625977,-0.1945499694013766
test_000872,15,0.6758776166018731,-0.22826793795948586
test_000872,16,0.5055755074179459,-0.19244978476390004
test_000872,17,0.29620421722861784,0.86190757614094
test_000872,18,0.10205225766057201,0.8442040343971181
test_000872,19,0.0,0.7798957564347292
test_000872,20,0.0,0.6815248424390826
test_000872,21,0.0,0.7804160698903063
test_000872,22,0.0,0.8330278172680621
test_000872,23,0.0,0.662097479014009
test_000872,24,0.0,0.7309800429859254
test_000873,1,0.0,-0.6200284903215484
test_000873,2,0.0,-0.80379361010451
test_000873,3,0.0,-0.9479407880674443
test_000873,4,0.0,-0.963079134171409
test_000873,5,0.0,-0.9218205501954926
test_000873,6,0.0,-0.8894466914260938
test_000873,7,0.04788927350111982,-0.917293757816
test_000873,8,0.19033252470957848,-0.8857724529465963
test_000873,9,0.3802089532977828,-0.9566295343621664
test_000873,10,0.618390843576686,-0.9394771474015743
test_000873,11,0.7878256805218733,-0.9100570150439337
test_000873,12,0.9123159394032491,-0.8896518217601632
test_000873,13,0.940945866631829,-0.7656602461984403
test_000873,14,0.8877262282193629,-0.3969378894142445
test_000873,15,0.7342116755983861,-0.10076160545443223
test_000873,16,0.5537188925727772,0.5774189161367533
test_000873,17,0.3153795819626122,0.2951958808669936
test_000873,18,0.10675857283552376,0.43020831050212816
test_000873,19,0.0,0.5551016910443723
test_000873,20,0.0,0.4444857689602127
test_000873,21,0.0,0.7786793376480148
test_000873,22,0.0,0.03977838979733003
test_000873,23,0.0,0.07146364922092223
test_000873,24,0.0,0.8357284155251181
test_000874,1,0.0,0.35129591914107766
test_000874,2,0.0,0.6472496315146588
test_000874,3,0.0,0.5505478891265434
test_000874,4,0.0,0.29340041417764656
test_000874,5,0.0,0.395880815407743
test_000874,6,0.0,0.36814994225861675
test_000874,7,0.04711637504437914,-0.585118755004626
test_000874,8,0.1895704727894522,-0.44989416450461306
test_000874,9,0.3794114102725977,-0.7742820025713355
test_000874,10,0.6248423245074015,-0.9456945424813383
test_000874,11,0.8226043434361356,-0.941728300159066
test_000874,12,0.924072469707966,-0.8262897921141183
test_000874,13,0.9518219616494157,0.616454905476026
test_000874,14,0.8945237638688376,0.544261296641863
test_000874,15,0.727557505844039,-0.374497525413792
test_000874,16,0.54540742982943,0.07576618089970025
test_000874,17,0.3147962158930934,0.29707848206075027
test_000874,18,0.11226836026819086,0.014799185538232177
test_000874,19,0.0,-0.5871793894368529
test_000874,20,0.0,-0.39646736808745736
test_000874,21,0.0,0.36798360096463417
test_000874,22,0.0,-0.12008791876134342
test_000874,23,0.0,0.19399750809161734
test_000874,24,0.0,-0.46513991822139833
test_000875,1,0.0,0.5923963046543412
test_000875,2,0.0,0.520318055866378
test_000875,3,0.0,-0.19424262511905122
test_000875,4,0.0,-0.42556204918701773
test_000875,5,0.0,-0.2257987492003066
test_000875,6,0.0,-0.7493339492141435
test_000875,7,0.0320279615786308,-0.32890439967619767
test_000875,8,0.12067140435657651,0.05820774946840079
test_000875,9,0.18138478139080524,-0.039607018812320115
test_000875,10,0.26550771386767713,-0.5517524027581842
test_000875,11,0.31540905240868516,-0.55004988554274
test_000875,12,0.4307045704459209,-0.8689918603134595
test_000875,13,0.49070012053544265,-0.8953079238251137
test_000875,14,0.48772916075042677,-0.609336483003091
test_000875,15,0.32712826026461794,-0.37651547863059087
test_000875,16,0.25902758309508456,0.43783957709436044
test_000875,17,0.15089634532942459,0.41315790745017866
test_000875,18,0.05288412860305306,0.8115734369274682
test_000875,19,0.0,0.5689181976872304
test_000875,20,0.0,0.5360991536687508
test_000875,21,0.0,0.22297541793827985
test_000875,22,0.0,0.32534679081197193
test_000875,23,0.0,-0.17917683775567858
test_000875,24,0.0,-0.44443524334036466
test_000876,1,0.0,0.5917825144571972
test_000876,2,0.0,0.5402394719613324
test_000876,3,0.0,0.2507020306275258
test_000876,4,0.0,0.7232762255174479
test_000876,5,0.0,0.3911948180605199
test_000876,6,0.0,0.8530075920375817
test_000876,7,0.02915308519188203,0.09835047758502762
test_000876,8,0.12515432706828597,-0.45001167733893044
test_000876,9,0.2697676990341858,-0.7328073939997589
test_000876,10,0.42989619819295455,-0.11498374735791533
test_000876,11,0.6127781701601017,-0.6057270644983863
test_000876,12,0.7315441869394765,-0.4179172035143471
test_000876,13,0.7435242859082155,-0.613781073759956
test_000876,14,0.6891715036970287,-0.46539305770797845
test_000876,15,0.581382693571103,-0.7475323817081345
test_000876,16,0.4423617730101157,-0.694303538648653
test_000876,17,0.2636583814816121,0.2717572799113082
test_000876,18,0.08300694825810263,0.42317492827707986
test_000876,19,0.0,0.4840554988067829
test_000876,20,0.0,0.20293314806673846
test_000876,21,0.0,0.46677832099731953
test_000876,22,0.0,-0.16326974134725297
test_000876,23,0.0,-0.8348648575230352
test_000876,24,0.0,-0.31725065798814533
test_000877,1,0.0,0.4301766369391153
test_000877,2,0.0,0.5987624481480951
test_000877,3,0.0,-0.20040734926426504
test_000877,4,0.0,-0.03552969639631425
test_000877,5,0.0,0.14158841193083593
test_000877,6,0.0,-0.14368882059459467
test_000877,7,0.04111799035803942,0.20473837706527487
test_000877,8,0.16250483969375296,0.5508363849959242
test_000877,9,0.31181502117802307,0.06491658216962108
test_000877,10,0.4822279240756971,-0.19754104722250257
test_000877,11,0.537485811425024,-0.1000167070367522
test_000877,12,0.6865635131672273,0.30002576035717066
test_000877,13,0.7652653375157024,0.09515262028689712
test_000877,14,0.7827158472716107,-0.3691265481415423
test_000877,15,0.6949252101493546,-0.548499410202097
test_000877,16,0.5115469108248736,-0.12634907170930165
test_000877,17,0.28194615618520785,-0.5244241832171922
test_000877,18,0.08551104449749088,-0.40539123832577595
test_000877,19,0.0,-0.3038020406521611
test_000877,20,0.0,-0.16382629801734502
test_000877,21,0.0,-0.4588747176473024
test_000877,22,0.0,0.07693814225549249
test_000877,23,0.0,0.7781540588676052
test_000877,24,0.0,0.34274070020101643
test_000878,1,0.0,0.37490931776225145
test_000878,2,0.0,0.6589336468585113
test_000878,3,0.0,0.8171323037682451
test_000878,4,0.0,0.8223987582759444
test_000878,5,0.0,0.8633281837763835
test_000878,6,0.0,0.7213979856190966
test_000878,7,0.042021005695044356,0.6204837451025211
test_000878,8,0.1766292665849481,0.7153675294667752
test_000878,9,0.3637130169261782,0.6853413579194576
test_000878,10,0.6066774830081508,0.9116837898943871
test_000878,11,0.7801108361376895,0.9675502675675814
test_000878,12,0.8942056292975882,0.8123027403974592
test_000878,13,0.9320289532032653,-0.15256889268920448
test_000878,14,0.8923862350573225,-0.9116313539172722
test_000878,15,0.7570919675507136,-0.9139188353533011
test_000878,16,0.5579605133654325,-0.7302576561145688
test_000878,17,0.32926206502544136,-0.23434436573228207
test_000878,18,0.11016795115294027,0.5325317859530179
test_000878,19,0.0,-0.1268249298606654
test_000878,20,0.0,-0.22261561890541942
test_000878,21,0.0,0.741399181798571
test_000878,22,0.0,-0.005838986606343837
test_000878,23,0.0,0.035779395017893977
test_000878,24,0.0,0.4177997877387342
test_000879,1,0.0,-0.025604514273052423
test_000879,2,0.0,0.1411252672400303
test_000879,3,0.0,0.6697919321459826
test_000879,4,0.0,0.8613419487396469
test_000879,5,0.0,0.9015566308777734
test_000879,6,0.0,0.8077794165618302
test_000879,7,0.023979555722393457,0.20013525844350408
test_000879,8,0.10492412319280359,0.5819919039831957
test_000879,9,0.26363997713717147,0.7335387465115533
test_000879,10,0.5147629567551748,0.48713857164295604
test_000879,11,0.6612385574448889,0.6328204793137655
test_000879,12,0.6909887345783206,0.8609062393067126
test_000879,13,0.716944741223798,0.2658508559865001
test_000879,14,0.6385871730331585,0.13598726632623723
test_000879,15,0.48824332447325913,0.17240515196691816
test_000879,16,0.32994803013151297,0.07762956025622407
test_000879,17,0.21177395129530868,0.2546866469880199
test_000879,18,0.06798907761984126,0.13437384076013298
test_000879,19,0.0,0.1637303215644936
test_000879,20,0.0,0.05731220613635986
test_000879,21,0.0,0.3955926450047158
test_000879,22,0.0,-0.6052192720590356
test_000879,23,0.0,-0.4497733802224967
test_000879,24,0.0,-0.8635038589795091
test_000880,1,0.0,0.06665392933934108
test_000880,2,0.0,0.3849213365177565
test_000880,3,0.0,0.5025079196682493
test_000880,4,0.0,-0.2597787846787696
test_000880,5,0.0,-0.5955748373648366
test_000880,6,0.0,0.06412269585058027
test_000880,7,0.04278123914329934,0.23125970456659295
test_000880,8,0.17599462556004852,-0.6268169915690073
test_000880,9,0.33868562023104015,0.28307847416510573
test_000880,10,0.5828503710480408,0.6453517448290271
test_000880,11,0.7679763252044627,0.9001450181456538
test_000880,12,0.8881349885507445,0.8928869848508689
test_000880,13,0.9280045646694705,0.4976708063482892
test_000880,14,0.8936440227512891,-0.5214094936556566
test_000880,15,0.736165036085889,-0.5130971929925136
test_000880,16,0.549594202844664,-0.4906973205805927
test_000880,17,0.30684431648797694,-0.6742597747493915
test_000880,18,0.10813625057541756,-0.13664546615562934
test_000880,19,0.0,-0.14701829278153883
test_000880,20,0.0,-0.4340793090715271
test_000880,21,0.0,-0.802518674850847
test_000880,22,0.0,-0.700376440974394
test_000880,23,0.0,-0.03628953561812095
test_000880,24,0.0,0.2816001885208768
test_000881,1,0.0,0.0525319338600656
test_000881,2,0.0,-0.43701937557913895
test_000881,3,0.0,0.47907305211364126
test_000881,4,0.0,-0.3063205181314823
test_000881,5,0.0,0.23172200833140963
test_000881,6,0.0,0.04386592114163709
test_000881,7,0.038520060236649695,-0.649172479788009
test_000881,8,0.1515975305505068,-0.7239991931570893
test_000881,9,0.3155554578965516,0.563046952998695
test_000881,10,0.5391116216530294,-0.716711406536156
test_000881,11,0.6967522077571295,0.1681801432408943
test_000881,12,0.7326399518956737,0.11115502182384963
test_000881,13,0.7202791143576579,-0.5000548168608823
test_000881,14,0.7511857346728218,0.22481102964378952
test_000881,15,0.6292985598060467,0.30512919540826705
test_000881,16,0.4906507670969945,0.17691008652377743
test_000881,17,0.268043727122957,0.5140579942979553
test_000881,18,0.09233476750600021,0.47693438148390666
test_000881,19,0.0,0.3389468215985567
test_000881,20,0.0,0.14038921460422127
test_000881,21,0.0,0.5519714229978219
test_000881,22,0.0,-0.006682854989215972
test_000881,23,0.0,-0.21782678634163616
test_000881,24,0.0,-0.402445496800645
test_000882,1,0.0,0.5681234167077729
test_000882,2,0.0,0.5769348135901725
test_000882,3,0.0,0.3432083825556721
test_000882,4,0.0,-0.49178621518877097
test_000882,5,0.0,0.2849977933873144
test_000882,6,0.0,0.46307388365698465
test_000882,7,0.04091832723631913,0.7503651145927842
test_000882,8,0.1483486452873675,0.6974651682832431
test_000882,9,0.27577003065013195,0.8518458019915525
test_000882,10,0.43762089318391634,0.5637082905520996
test_000882,11,0.5428781561888154,0.8143465326770339
test_000882,12,0.588130498386452,0.8772463338931398
test_000882,13,0.5993122487534112,0.5635006527977338
test_000882,14,0.6018438473958053,0.24317388502372944
test_000882,15,0.5301371875313959,-0.6729322609186735
test_000882,16,0.42673060753166386,-0.09965388093194609
test_000882,17,0.22322705535600013,-0.1599932669519304
test_000882,18,0.0673675470741175,-0.0963406778695802
test_000882,19,0.0,0.31102353715666925
test_000882,20,0.0,-0.03943385119803607
test_000882,21,0.0,0.012467689415049487
test_000882,22,0.0,0.058167279178591096
test_000882,23,0.0,-0.5020699620309939
test_000882,24,0.0,0.4559185135431517
test_000883,1,0.0,-0.009434614389065924
test_000883,2,0.0,-0.0511678926305218
test_000883,3,0.0,0.3489067549378696
test_000883,4,0.0,0.6074467566142256
test_000883,5,0.0,-0.8067508364027767
test_000883,6,0.0,-0.8371038970274216
test_000883,7,0.03297509066159861,-0.9062563549305583
test_000883,8,0.12431354163925856,-0.9272484635018087
test_000883,9,0.245194905121974,-0.8846864685273615
test_000883,10,0.4121198156567756,-0.875019008905703
test_000883,11,0.5977078079847874,-0.5805146694873073
test_000883,12,0.7196230058158197,-0.41398206870716214
test_000883,13,0.760654555956157,-0.5913777071637243
test_000883,14,0.6952306295134173,-0.7735440889282885
test_000883,15,0.5203795910490044,-0.8730421383174208
test_000883,16,0.3767411048429367,-0.5596293286925405
test_000883,17,0.22606715677440536,-0.47686900153172684
test_000883,18,0.07113335035153708,-0.18138087411214415
test_000883,19,0.0,-0.6046297198921702
test_000883,20,0.0,-0.9142010176177549
test_000883,21,0.0,-0.924557236933506
test_000883,22,0.0,-0.9534668555582698
test_000883,23,0.0,-0.6692768845731542
test_000883,24,0.0,-0.14226090242700373
test_000884,1,0.0,-0.152890762931009
test_000884,2,0.0,-0.09514731335482832
test_000884,3,0.0,0.6757972326560275
test_000884,4,0.0,0.7527967761217433
test_000884,5,0.0,0.8821503381256823
test_000884,6,0.0,0.9495874618622813
test_000884,7,0.0453722426513466,0.25885737719710883
test_000884,8,0.17974643968543544,0.5216849137732402
test_000884,9,0.3470879455613722,0.4943318594478753
test_000884,10,0.5580538348013906,0.834692039530381
test_000884,11,0.7141191611335594,0.7164222039967322
test_000884,12,0.8083772832667697,0.8299614973289424
test_000884,13,0.8526310717494415,0.7352644762886726
test_000884,14,0.783921455382775,0.43890338142699115
test_000884,15,0.6733005341559575,-0.09549302247251472
test_000884,16,0.5097337749381912,0.5529935102038341
test_000884,17,0.29427924948283307,0.1004597357121993
test_000884,18,0.1009025370502007,-0.6898163139717557
test_000884,19,0.0,0.42198517802906527
test_000884,20,0.0,0.11962173630504389
test_000884,21,0.0,0.23265051394134284
test_000884,22,0.0,-0.42346096578311443
test_000884,23,0.0,-0.650565886672104
test_000884,24,0.0,-0.2669618014498084
test_000885,1,0.0,-0.3611219876460749
test_000885,2,0.0,-0.5617353394603448
test_000885,3,0.0,-0.7448925723178481
test_000885,4,0.0,-0.07369989625220745
test_000885,5,0.0,0.3001959685497567
test_000885,6,0.0,0.11135637159936654
test_000885,7,0.036828480581355676,0.2755544010160524
test_000885,8,0.15018370191364463,-0.42274661212688647
test_000885,9,0.3287608287941721,0.16881287535111483
test_000885,10,0.5516728484859357,-0.8340321654409024
test_000885,11,0.7467886370936216,-0.5785245809003763
test_000885,12,0.8505015383061899,0.4606109886628658
test_000885,13,0.9126552028533651,-0.49177317831519374
test_000885,14,0.8579085445571194,0.35150247103382865
test_000885,15,0.6863018896017213,-0.11468825883514978
test_000885,16,0.48124855896140906,-0.7613520936704086
test_000885,17,0.29608131415807526,-0.5961484123868944
test_000885,18,0.1021947977536667,-0.1279161082889786
test_000885,19,0.0,-0.6132600009394715
test_000885,20,0.0,-0.18596587117836208
test_000885,21,0.0,0.48384762925060587
test_000885,22,0.0,0.18168461232875746
test_000885,23,0.0,-0.30055483555790824
test_000885,24,0.0,-0.12129529439261141
test_000886,1,0.0,-0.947818406558328
test_000886,2,0.0,-0.9415270734855231
test_000886,3,0.0,-0.8914020818252061
test_000886,4,0.0,-0.963058424075223
test_000886,5,0.0,-0.9598022832571725
test_000886,6,0.0,-0.7923337079179842
test_000886,7,0.03861960747960773,-0.03275484815927058
test_000886,8,0.1544287768576358,-0.06796127357946499
test_000886,9,0.31844214300750917,0.5333404259690837
test_000886,10,0.5121625925798688,0.6621354208776074
test_000886,11,0.6573774479638462,0.5346936346126973
test_000886,12,0.7146362165678519,0.8544025356287159
test_000886,13,0.7552690898134108,0.1576504154998089
test_000886,14,0.6911150212568398,0.16836305361908663
test_000886,15,0.5901101371900624,0.3614531286515986
test_000886,16,0.4430506926764244,0.40109728017220697
test_000886,17,0.25516824999303306,-0.2710070984538133
test_000886,18,0.08925703093671998,-0.7338717227054194
test_000886,19,0.0,-0.8675726138034705
test_000886,20,0.0,-0.9687417340600941
test_000886,21,0.0,-0.5388220185330459
test_000886,22,0.0,-0.698698994336294
test_000886,23,0.0,-0.4608847006307301
test_000886,24,0.0,-0.7130860143196147
test_000887,1,0.0,-0.8723667874476687
test_000887,2,0.0,-0.5419619171504895
test_000887,3,0.0,0.6951873950754002
test_000887,4,0.0,0.5694714312493165
test_000887,5,0.0,0.766121585837672
test_000887,6,0.0,0.5411385004370679
test_000887,7,0.034539435644070936,-0.09986454810009342
test_000887,8,0.12072374185071998,-0.41032183842722825
test_000887,9,0.23277456958276269,-0.5518082471638088
test_000887,10,0.37638373338981435,0.6099335146000993
test_000887,11,0.5221635963922452,0.1311883310315456
test_000887,12,0.5561615674434272,-0.4086326849104097
test_000887,13,0.47412479161823906,0.8783638496946524
test_000887,14,0.44769977215025475,0.7612429032366952
test_000887,15,0.35485408033622945,-0.28247339992673204
test_000887,16,0.3000174254854377,0.09152213211803079
test_000887,17,0.20173712776582056,0.12026733663739736
test_000887,18,0.07544005170183218,0.16826327736073945
test_000887,19,0.0,-0.17191420085073364
test_000887,20,0.0,0.3606781636886854
test_000887,21,0.0,0.5708018357769119
test_000887,22,0.0,0.3058924848154527
test_000887,23,0.0,-0.044236094551679456
test_000887,24,0.0,-0.46738288126024286
test_000888,1,0.0,0.6894216271963693
test_000888,2,0.0,-0.46731768610832425
test_000888,3,0.0,-0.434649471741727
test_000888,4,0.0,-0.673193318086286
test_000888,5,0.0,-0.5685528542874697
test_000888,6,0.0,0.1021076418962868
test_000888,7,0.025079303949326122,0.4254520290188302
test_000888,8,0.12803944919248586,0.783465894005944
test_000888,9,0.2452410443889214,0.4793862247005357
test_000888,10,0.3303803279014301,0.8607045167079749
test_000888,11,0.350229532057478,0.6857317761560624
test_000888,12,0.4511937563017997,0.37543983019889365
test_000888,13,0.5149720259502705,-0.05160712403747599
test_000888,14,0.5136497364861448,0.13839637993926665
test_000888,15,0.43903566791341175,-0.5624196553175533
test_000888,16,0.36643408446988796,-0.6710517515725287
test_000888,17,0.16877561934474353,-0.008352136807723936
test_000888,18,0.04651158099825486,-0.05715750907662667
test_000888,19,0.0,-0.06322633306171088
test_000888,20,0.0,-0.2022807297728931
test_000888,21,0.0,-0.04280069533309898
test_000888,22,0.0,0.7822042476640388
test_000888,23,0.0,-0.1548237008173393
test_000888,24,0.0,-0.033321089526201865
test_000889,1,0.0,0.6869951223505558
test_000889,2,0.0,0.05357803511295185
test_000889,3,0.0,0.4710959338947861
test_000889,4,0.0,0.18464144591046303
test_000889,5,0.0,0.4515975367130162
test_000889,6,0.0,0.3237737492080385
test_000889,7,0.02693943357112044,-0.33619403721814045
test_000889,8,0.10954024521765122,-0.7377248729710394
test_000889,9,0.21357014849483155,-0.7749343001435836
test_000889,10,0.3710891809859965,-0.5513697135979088
test_000889,11,0.5284480126933206,0.3329602471420633
test_000889,12,0.5990428706011378,-0.12702460885749528
test_000889,13,0.6158408424802253,0.32421022703773233
test_000889,14,0.5805949899981031,0.11011545000217174
test_000889,15,0.5432869591229287,-0.2723677173189331
test_000889,16,0.4413018842151086,-0.30783790970438085
test_000889,17,0.26257056870778994,-0.03726556618615102
test_000889,18,0.08467722404730577,-0.055617066870479785
test_000889,19,0.0,0.48676103954064864
test_000889,20,0.0,0.8386119482948781
test_000889,21,0.0,0.062393676601852584
test_000889,22,0.0,0.6357577883395293
test_000889,23,0.0,0.4457470885444283
test_000889,24,0.0,-0.0487591364387632
test_000890,1,0.0,0.599108581652646
test_000890,2,0.0,0.0724596024984414
test_000890,3,0.0,0.0032319291663563537
test_000890,4,0.0,0.051939176586074706
test_000890,5,0.0,-0.15093014773277239
test_000890,6,0.0,0.43531754596588923
test_000890,7,0.029876438515183186,-0.03413446880658607
test_000890,8,0.11192718727933484,0.35893796982987525
test_000890,9,0.19750471202692108,0.2356604784000278
test_000890,10,0.33426503888696935,-0.1865009503489279
test_000890,11,0.4152196375121354,-0.7147449403797665
test_000890,12,0.4722515744929602,-0.5669005427226663
test_000890,13,0.5070935207947355,-0.636951334813166
test_000890,14,0.4330478719522177,0.2724426568469066
test_000890,15,0.34528207553465784,0.7999296658844872
test_000890,16,0.2527758016901139,0.29866826942535407
test_000890,17,0.19085133078280644,0.8341757130167345
test_000890,18,0.07559930665485395,0.6129773642247311
test_000890,19,0.0,0.8521143421113181
test_000890,20,0.0,0.7563510029224891
test_000890,21,0.0,0.6883944886984668
test_000890,22,0.0,0.7812389384325402
test_000890,23,0.0,0.44350970485033814
test_000890,24,0.0,0.8227510948468983
test_000891,1,0.0,0.31608911441273174
test_000891,2,0.0,-0.1766150074665663
test_000891,3,0.0,-0.005839744369491666
test_000891,4,0.0,-0.5569039120404649
test_000891,5,0.0,-0.555736321383102
test_000891,6,0.0,-0.9189870401627729
test_000891,7,0.045933491812688,-0.5771676575444259
test_000891,8,0.18861961869237695,-0.051046974590418945
test_000891,9,0.36982489971137456,0.4716528901119045
test_000891,10,0.5974935157877242,0.2936488106994914
test_000891,11,0.784686932080146,0.43056641261435313
test_000891,12,0.8806654501159755,0.5195689688401961
test_000891,13,0.9193450460263574,0.6909650903641241
test_000891,14,0.8491116826854062,0.7406242784965776
test_000891,15,0.6976636884030859,0.25630630073711025
test_000891,16,0.5530701605932976,0.5909151302684994
test_000891,17,0.316239510972783,-0.026126811882594105
test_000891,18,0.11203255357330788,-0.4191107520413236
test_000891,19,0.0,-0.6013601737582035
test_000891,20,0.0,-0.76069829443986
test_000891,21,0.0,-0.9497058325800664
test_000891,22,0.0,-0.335127712166222
test_000891,23,0.0,0.622280224976399
test_000891,24,0.0,0.6125752733954581
test_000892,1,0.0,0.02946395421896098
test_000892,2,0.0,0.49529837707458446
test_000892,3,0.0,0.10982036509465669
test_000892,4,0.0,-0.7854379678329388
test_000892,5,0.0,-0.5811972560542743
test_000892,6,0.0,-0.680964927366958
test_000892,7,0.04112883904609543,-0.8737982570848611
test_000892,8,0.16982426828477534,-0.7923864759031144
test_000892,9,0.33546794843184996,-0.02688903074289971
test_000892,10,0.5646860357552068,0.13942703343265714
test_000892,11,0.7842616837327924,0.37290353080961025
test_000892,12,0.8496126387815045,0.789497839609953
test_000892,13,0.8615611162050633,0.33429428007367534
test_000892,14,0.8071718714586148,-0.0672687266618224
test_000892,15,0.6938405532090854,-0.7291289566476987
test_000892,16,0.5518711805891423,-0.861638680752098
test_000892,17,0.31801954952799405,0.1111541098982527
test_000892,18,0.10371661974690015,0.7593219155910474
test_000892,19,0.0,0.3613861956032397
test_000892,20,0.0,0.011357289813514717
test_000892,21,0.0,0.4948088236803627
test_000892,22,0.0,0.40513987568065307
test_000892,23,0.0,0.8411850711587976
test_000892,24,0.0,0.9330660252818003
test_000893,1,0.0,0.7199697697927769
test_000893,2,0.0,0.4805013274093449
test_000893,3,0.0,0.22511727163013187
test_000893,4,0.0,-0.026962959847530655
test_000893,5,0.0,0.19617584522341297
test_000893,6,0.0,-0.2364978880202622
test_000893,7,0.04399484182179436,-0.28853025328043264
test_000893,8,0.17950781664073168,0.43488939188283215
test_000893,9,0.361670653362068,-0.09372660206717628
test_000893,10,0.5868418098761015,-0.7430297855121382
test_000893,11,0.7938758523820446,-0.63555433153872
test_000893,12,0.8955994490618655,-0.16704355956196548
test_000893,13,0.9390363872365318,-0.843732672770582
test_000893,14,0.8941800830840128,-0.6788298710040421
test_000893,15,0.7499466950610859,-0.9477417730328415
test_000893,16,0.5613124151736111,-0.686003970699385
test_000893,17,0.326040015526172,-0.059371368672366025
test_000893,18,0.11200080139903701,-0.6284233683011089
test_000893,19,0.0,0.005770909177024488
test_000893,20,0.0,-0.20799176883484374
test_000893,21,0.0,-0.367718625885325
test_000893,22,0.0,-0.00048770404100636474
test_000893,23,0.0,-0.8782653070545361
test_000893,24,0.0,-0.8804229912357561
test_000894,1,0.0,0.11209718295062523
test_000894,2,0.0,0.4342589360199333
test_000894,3,0.0,0.37124843525327655
test_000894,4,0.0,0.6350264167791738
test_000894,5,0.0,0.40791607519703904
test_000894,6,0.0,0.8219096191858409
test_000894,7,0.01546127283670892,0.4353255457569616
test_000894,8,0.06281573017477918,-0.03249787994587986
test_000894,9,0.1196718738871335,0.6508818076421843
test_000894,10,0.14207814957324827,0.9289621680866594
test_000894,11,0.24041456692504964,0.37433362172039863
test_000894,12,0.3167929098712732,0.5488159760465809
test_000894,13,0.4519579112309204,-0.31593413126553754
test_000894,14,0.3297192203887405,0.6392152080283919
test_000894,15,0.2921148842744564,0.7940314483513895
test_000894,16,0.2386661677951081,0.47618727584675036
test_000894,17,0.1331108680906682,0.5095984615025222
test_000894,18,0.052915503262064095,-0.024721336355359905
test_000894,19,0.0,0.6196491572146723
test_000894,20,0.0,0.8151671987911739
test_000894,21,0.0,0.90960281718814
test_000894,22,0.0,0.8372071474632989
test_000894,23,0.0,0.8565865870531909
test_000894,24,0.0,0.9443964438548174
test_000895,1,0.0,-0.5774672749400549
test_000895,2,0.0,-0.5759145984165233
test_000895,3,0.0,0.1380488758914455
test_000895,4,0.0,-0.18760620628573163
test_000895,5,0.0,-0.8576858833527322
test_000895,6,0.0,-0.551299262059945
test_000895,7,0.023404609569881697,-0.4182806882509935
test_000895,8,0.11300300736741922,-0.7345389764861214
test_000895,9,0.2038231578902975,-0.4238951008254214
test_000895,10,0.38934283416167503,-0.09502341439278261
test_000895,11,0.4399867995404731,-0.38153390454913944
test_000895,12,0.4770273755993129,0.73398434902503
test_000895,13,0.5315410619924598,0.8384980495285468
test_000895,14,0.43899535875151413,0.7393930128988115
test_000895,15,0.31138109814529874,0.06158951852611186
test_000895,16,0.228272671584252,-0.3326306557005815
test_000895,17,0.12704376643154253,-0.41754091937400734
test_000895,18,0.057864398015029954,0.35608160049787096
test_000895,19,0.0,0.1538464753942886
test_000895,20,0.0,0.38836453277373895
test_000895,21,0.0,-0.5148039829982887
test_000895,22,0.0,-0.21873999614222014
test_000895,23,0.0,-0.6026584784495029
test_000895,24,0.0,-0.40301735552614504
test_000896,1,0.0,-0.3797439529808152
test_000896,2,0.0,0.2550689875126911
test_000896,3,0.0,0.6525581911966235
test_000896,4,0.0,0.4005872273686743
test_000896,5,0.0,-0.7634036973540957
test_000896,6,0.0,-0.76495354071251
test_000896,7,0.037015719133465845,-0.43340481082163834
test_000896,8,0.1459126355812995,-0.11181514277011578
test_000896,9,0.2966907096558899,-0.5851287302033206
test_000896,10,0.48085431266119427,-0.34302753413167836
test_000896,11,0.5876985545247962,-0.22480232167613293
test_000896,12,0.6099943059871711,-0.9057444522059683
test_000896,13,0.5866671722329583,-0.5628080609166608
test_000896,14,0.5541558902216281,-0.6688245831266267
test_000896,15,0.4251293039022726,-0.12643683409270587
test_000896,16,0.2856317855972491,0.6726043343019863
test_000896,17,0.1858637015692724,0.01846086871666534
test_000896,18,0.05666212453265328,-0.011065925102968843
test_000896,19,0.0,-0.4611535937427465
test_000896,20,0.0,0.3598462897094203
test_000896,21,0.0,0.5673856789395947
test_000896,22,0.0,-0.11528769186597784
test_000896,23,0.0,0.022826956541732467
test_000896,24,0.0,0.4748437428797613
test_000897,1,0.0,-0.9495590792453884
test_000897,2,0.0,-0.9458308813974627
test_000897,3,0.0,-0.9114677571849972
test_000897,4,0.0,-0.5609930279537838
test_000897,5,0.0,0.060698850175540324
test_000897,6,0.0,-0.5430106902871628
test_000897,7,0.019686081977490943,-0.3662008837549591
test_000897,8,0.08620820617696484,0.17951239038007588
test_000897,9,0.1729917888724317,-0.3168975109271634
test_000897,10,0.30324028738270675,0.3623247280150817
test_000897,11,0.38256079357948586,-0.7398069042854494
test_000897,12,0.4605443579208665,-0.5537159442259936
test_000897,13,0.4540909160266112,0.06288711878589913
test_000897,14,0.5196446137833061,0.6679074107047704
test_000897,15,0.4239198509326186,0.5352941317990912
test_000897,16,0.31176820724070475,0.3228952421454319
test_000897,17,0.1720248906827012,0.2712459765642037
test_000897,18,0.06767502126213998,0.2753327821865593
test_000897,19,0.0,0.07571371901141749
test_000897,20,0.0,0.3102066466400463
test_000897,21,0.0,0.41605474779881324
test_000897,22,0.0,-0.03677006834717176
test_000897,23,0.0,0.01601441682815334
test_000897,24,0.0,-0.38887950761552437
test_000898,1,0.0,-0.25585105899266186
test_000898,2,0.0,-0.18941226512907094
test_000898,3,0.0,0.5668185965300554
test_000898,4,0.0,0.6562036311078583
test_000898,5,0.0,0.617880587811789
test_000898,6,0.0,-0.6372297387469011
test_000898,7,0.038527322152885554,-0.7656182046292773
test_000898,8,0.15859917948821378,-0.8579075916800625
test_000898,9,0.3283637403081585,-0.32218839748038447
test_000898,10,0.5223875996727232,0.16602307961115548
test_000898,11,0.6673838625861492,0.3017244244539944
test_000898,12,0.7143377110540092,-0.24707332527764655
test_000898,13,0.8460106930819467,0.4896297704901268
test_000898,14,0.7620479671781754,0.011282179460852521
test_000898,15,0.6138930892482493,0.5275176185198336
test_000898,16,0.4558690992319335,-0.43199986716833166
test_000898,17,0.25177660306516814,-0.31719797216772366
test_000898,18,0.09477258770534654,-0.4045292677804298
test_000898,19,0.0,-0.30828867408122185
test_000898,20,0.0,-0.32083110686014593
test_000898,21,0.0,-0.647080218101733
test_000898,22,0.0,-0.1626539290417372
test_000898,23,0.0,0.30029700966655404
test_000898,24,0.0,0.17407755648281278
test_000899,1,0.0,0.533151608632602
test_000899,2,0.0,-0.3183026572335602
test_000899,3,0.0,-0.19883986197180445
test_000899,4,0.0,0.16895935908552978
test_000899,5,0.0,0.8126315565230791
test_000899,6,0.0,0.47321835907197607
test_000899,7,0.037639016273322785,-0.2388346348641458
test_000899,8,0.1743999108374032,-0.6013136907504444
test_000899,9,0.3464213239484326,0.35114489081467604
test_000899,10,0.5262075800999468,0.4368472436303557
test_000899,11,0.6398304704349715,0.5970610032515563
test_000899,12,0.7407759895440393,0.7904918858801875
test_000899,13,0.8400796964547632,-0.5752698462535271
test_000899,14,0.7487483719274205,0.5027145338519913
test_000899,15,0.6296558222936673,0.4193331320719087
test_000899,16,0.47326721250349,0.5312713905777053
test_000899,17,0.2806213880541729,0.24999439920932617
test_000899,18,0.09398870379869503,0.6725980700675196
test_000899,19,0.0,0.8789354235139928
test_000899,20,0.0,0.513523141052241
test_000899,21,0.0,0.8752077738099079
test_000899,22,0.0,0.7417156989406446
test_000899,23,0.0,0.5382667342815213
test_000899,24,0.0,0.4158431225304003
test_000900,1,0.0,-0.4101243370248136
test_000900,2,0.0,0.5747776993068316
test_000900,3,0.0,0.013588008617939544
test_000900,4,0.0,-0.33172163639342633
test_000900,5,0.0,-0.13826896318022505
test_000900,6,0.0,-0.7932489767056771
test_000900,7,0.02999849940348261,-0.9447673681950232
test_000900,8,0.11033711793471544,-0.9294902165896919
test_000900,9,0.24297742407634157,-0.9376001766060272
test_000900,10,0.4211657777769616,-0.9394923814732135
test_000900,11,0.5454017430988344,-0.6323949746664476
test_000900,12,0.5453252098663979,-0.23438344431579866
test_000900,13,0.5011601405332371,-0.38775914915117965
test_000900,14,0.5408517973365402,-0.8467088561365947
test_000900,15,0.39674273614852634,-0.10537637908125191
test_000900,16,0.34518276794524383,0.4874927309042978
test_000900,17,0.2008890269400943,0.7579575400898685
test_000900,18,0.07528743169203427,0.5425008716925317
test_000900,19,0.0,0.796599008211981
test_000900,20,0.0,0.7186684200875412
test_000900,21,0.0,-0.21516730210466656
test_000900,22,0.0,-0.9068733612978704
test_000900,23,0.0,-0.9477109570574808
test_000900,24,0.0,-0.2864482165579506
test_000901,1,0.0,0.0811948744572245
test_000901,2,0.0,0.03193137004303529
test_000901,3,0.0,0.20950232738189473
test_000901,4,0.0,0.022431422528786656
test_000901,5,0.0,0.03220161127066926
test_000901,6,0.0,0.5432963988025181
test_000901,7,0.04404331276805503,0.7440158935687108
test_000901,8,0.17350591773876345,0.661925098221515
test_000901,9,0.3286663821865789,0.40148353550533583
test_000901,10,0.5452962326452061,0.5486972624865614
test_000901,11,0.737311138839885,0.45616074916501176
test_000901,12,0.812638060802884,0.013436592250464422
test_000901,13,0.8205167305971917,0.5318021062465421
test_000901,14,0.7998960545622403,0.28746462411034757
test_000901,15,0.7020504027546668,0.5832256720472336
test_000901,16,0.49498490299583997,0.07714508083458325
test_000901,17,0.2938646112709705,0.15153550938668453
test_000901,18,0.10548493347054945,-0.1661835159711195
test_000901,19,0.0,0.4384956006559456
test_000901,20,0.0,0.25589918416056856
test_000901,21,0.0,-0.3566015956202345
test_000901,22,0.0,0.29275539770414405
test_000901,23,0.0,0.6218727834291525
test_000901,24,0.0,-0.3683153404913093
test_000902,1,0.0,0.6025802303040567
test_000902,2,0.0,-0.26578264067403357
test_000902,3,0.0,-0.8750061649447362
test_000902,4,0.0,-0.8795409299465293
test_000902,5,0.0,-0.40202585303114
test_000902,6,0.0,-0.2934422387480951
test_000902,7,0.04118260442927511,0.04703878362897418
test_000902,8,0.157162110602836,-0.01793710994577874
test_000902,9,0.3258078491010337,0.738621328216376
test_000902,10,0.525974864654824,0.9086025835926159
test_000902,11,0.7195638980914248,0.7988988095558941
test_000902,12,0.7901218785835497,0.733482818328995
test_000902,13,0.8036238493533933,-0.35088510646353827
test_000902,14,0.7909951069921288,-0.0977469605832391
test_000902,15,0.6508612786993264,0.0991252746028778
test_000902,16,0.4648156053500577,0.6093282136793435
test_000902,17,0.2956003545930877,0.7408097297747163
test_000902,18,0.0969664481446743,0.7346017540045215
test_000902,19,0.0,0.40718694900275976
test_000902,20,0.0,0.3197448604932486
test_000902,21,0.0,-0.23280436501877355
test_000902,22,0.0,-0.16016546671268256
test_000902,23,0.0,-0.35965119003996404
test_000902,24,0.0,0.17273600703356512
test_000903,1,0.0,0.7322598316037161
test_000903,2,0.0,0.7369140792818135
test_000903,3,0.0,0.8276965510458953
test_000903,4,0.0,0.958619261866269
test_000903,5,0.0,0.7353811299657611
test_000903,6,0.0,0.8802652824915667
test_000903,7,0.04279329148206002,0.8891799310609592
test_000903,8,0.17458905832010793,0.8756532816667578
test_000903,9,0.357437837840464,0.2159063159244687
test_000903,10,0.5949827645411111,0.5195674919613731
test_000903,11,0.7844613475525783,0.43391432906632865
test_000903,12,0.8642577381204871,0.8189029239630161
test_000903,13,0.9298555518936478,0.5889736296554999
test_000903,14,0.8920711614677332,0.7477677998021205
test_000903,15,0.7269362939773357,0.32081136120850456
test_000903,16,0.5544362457510423,0.10959424793423272
test_000903,17,0.3116438249509984,-0.5774072219916238
test_000903,18,0.10754536995338884,0.6317532269143251
test_000903,19,0.0,0.7360367754554056
test_000903,20,0.0,0.5358384475490545
test_000903,21,0.0,0.21170540908722893
test_000903,22,0.0,-0.1724741792323216
test_000903,23,0.0,-0.31483005344099285
test_000903,24,0.0,-0.8166251354557015
test_000904,1,0.0,0.6240948817896574
test_000904,2,0.0,0.59028264032018
test_000904,3,0.0,-0.18062708934989893
test_000904,4,0.0,0.558327362175095
test_000904,5,0.0,0.6511014366983643
test_000904,6,0.0,0.6687734776789649
test_000904,7,0.030655587627271903,0.7255925147047378
test_000904,8,0.13313665831416352,0.7188140087888104
test_000904,9,0.26081295102817514,0.8393127439436247
test_000904,10,0.41772212454869384,0.30702425014185025
test_000904,11,0.5758488805533996,-0.2568259148182744
test_000904,12,0.6024526655563678,-0.48234071797887623
test_000904,13,0.6570949814863515,0.23907336767314394
test_000904,14,0.5864227951691392,-0.16190415478396458
test_000904,15,0.43679040704874617,0.6178598747160788
test_000904,16,0.33926633084764385,0.3771248174088224
test_000904,17,0.2115610316934777,-0.5531081255297134
test_000904,18,0.07642728327046587,0.14504228083707654
test_000904,19,0.0,-0.3241431970474434
test_000904,20,0.0,-0.2676493165073198
test_000904,21,0.0,0.48962204586243663
test_000904,22,0.0,0.15667578072843313
test_000904,23,0.0,0.31955516642880205
test_000904,24,0.0,0.47688938263705427
test_000905,1,0.0,-0.09118279604364499
test_000905,2,0.0,-0.48711552503828437
test_000905,3,0.0,-0.7186567836808113
test_000905,4,0.0,-0.34311733501055985
test_000905,5,0.0,0.12030654797487941
test_000905,6,0.0,-0.7132925483379347
test_000905,7,0.044815091360516646,-0.2789851952390179
test_000905,8,0.17230662103203553,-0.7993103344167092
test_000905,9,0.34395077622487563,-0.7072451149380858
test_000905,10,0.5896564680297876,-0.7547770497837486
test_000905,11,0.7812469285875407,-0.2935790938124922
test_000905,12,0.8942742603937481,-0.5056993332687505
test_000905,13,0.907249926181276,0.6755859412488058
test_000905,14,0.8500839182116919,0.6591373873527508
test_000905,15,0.7460401716962403,-0.16531106978561377
test_000905,16,0.5501892799576935,0.18014871092065837
test_000905,17,0.31404279453286227,-0.3103550358451818
test_000905,18,0.10122689527267945,-0.3050400242904892
test_000905,19,0.0,0.8413554704966084
test_000905,20,0.0,0.49707704786409324
test_000905,21,0.0,0.45203752622788157
test_000905,22,0.0,0.7300253291142564
test_000905,23,0.0,0.296523998307373
test_000905,24,0.0,-0.3583671885364582
test_000906,1,0.0,0.07560719228023112
test_000906,2,0.0,0.6972524644113014
test_000906,3,0.0,0.9106776623801289
test_000906,4,0.0,0.8685348652489071
test_000906,5,0.0,0.9619475942474897
test_000906,6,0.0,0.7547057580249155
test_000906,7,0.038798260375998435,0.6999405834368932
test_000906,8,0.15401598385065046,0.8274036770487503
test_000906,9,0.33450748336165564,0.9500318718620098
test_000906,10,0.5094917375543098,0.5016822481758922
test_000906,11,0.6739700366179331,-0.5163141029242015
test_000906,12,0.7976895879066132,-0.5496321552922984
test_000906,13,0.849097524558592,-0.40108917941502575
test_000906,14,0.7556295276355558,-0.6462940033159783
test_000906,15,0.6708202744462243,-0.6991571314853412
test_000906,16,0.47673797428838227,-0.5188699840932671
test_000906,17,0.2611969943400293,-0.48345232011562533
test_000906,18,0.0818710459772986,0.3504748558842055
test_000906,19,0.0,0.669374558594787
test_000906,20,0.0,0.6919650775315136
test_000906,21,0.0,0.8011380262548475
test_000906,22,0.0,0.40228000227395405
test_000906,23,0.0,0.29278610732884514
test_000906,24,0.0,0.5019565703721445
test_000907,1,0.0,0.8198156971785842
test_000907,2,0.0,-0.6313574358539467
test_000907,3,0.0,0.0001575970984606892
test_000907,4,0.0,-0.510274873132169
test_000907,5,0.0,-0.8080654651637404
test_000907,6,0.0,-0.8903168668901904
test_000907,7,0.03264189178806063,-0.7813579988287909
test_000907,8,0.1300495148629674,-0.8586403660535897
test_000907,9,0.2391333326591228,-0.44139857627222656
test_000907,10,0.3828904531435043,-0.4880209771377785
test_000907,11,0.5374206805806885,-0.4384767617215555
test_000907,12,0.6858140170284819,-0.16753526004676073
test_000907,13,0.6997241667022706,-0.1369255088270556
test_000907,14,0.7300515680249541,0.3972096125946207
test_000907,15,0.6379138837200529,0.15772103505441576
test_000907,16,0.4567037230793097,0.8245974525817147
test_000907,17,0.2659444940360108,0.11161915656588405
test_000907,18,0.09176548253858993,0.21778268731173744
test_000907,19,0.0,-0.22623550333448994
test_000907,20,0.0,0.04872764211611918
test_000907,21,0.0,0.6093488830881266
test_000907,22,0.0,0.8997668227338377
test_000907,23,0.0,0.8568276754213414
test_000907,24,0.0,0.6315100181044564
test_000908,1,0.0,0.10991855490406317
test_000908,2,0.0,-0.7097917395105913
test_000908,3,0.0,-0.9439846748368408
test_000908,4,0.0,-0.9105284489551122
test_000908,5,0.0,-0.8745145862399212
test_000908,6,0.0,-0.8457842497054446
test_000908,7,0.033694867622636626,-0.36769544477626703
test_000908,8,0.1340996275063666,-0.24646454847040936
test_000908,9,0.26033662598244955,0.35657679251508256
test_000908,10,0.4370319485221472,0.42655332301887267
test_000908,11,0.5878919409100005,0.36759102997930265
test_000908,12,0.6173450821951547,0.4040188739440179
test_000908,13,0.6264025461846977,0.7697505986267253
test_000908,14,0.6159586017928697,0.5119276269454511
test_000908,15,0.5496408006407771,0.45142699436462935
test_000908,16,0.470081389079485,0.880143671491515
test_000908,17,0.2716396182878975,0.30103112566079987
test_000908,18,0.09717899207009797,0.10729673810231567
test_000908,19,0.0,0.7155623298902278
test_000908,20,0.0,0.36041633852145954
test_000908,21,0.0,-0.6945421596139378
test_000908,22,0.0,-0.44549463784583115
test_000908,23,0.0,-0.53233126477784
test_000908,24,0.0,-0.11791412747999479
test_000909,1,0.0,-0.021215787749391406
test_000909,2,0.0,0.37280319412186164
test_000909,3,0.0,0.7007583001907565
test_000909,4,0.0,0.6521452807606585
test_000909,5,0.0,0.7981363247706714
test_000909,6,0.0,0.8567638865850358
test_000909,7,0.033358235311137845,0.8737751791134027
test_000909,8,0.14006689983943066,0.3964484383799464
test_000909,9,0.29139309880460246,0.0963106977147313
test_000909,10,0.47851558779902187,-0.4809150756751023
test_000909,11,0.6683246940406234,-0.087356992214626
test_000909,12,0.7408548202371459,0.3327712766961204
test_000909,13,0.8313194746180752,-0.04090573585769589
test_000909,14,0.7926174581188677,0.4922578968783139
test_000909,15,0.6829833022731258,0.5206865684270248
test_000909,16,0.4872868414485217,0.5756875239474022
test_000909,17,0.30352919571004144,0.08659667498351972
test_000909,18,0.09700678354241178,0.3150531371928191
test_000909,19,0.0,0.7470015364821623
test_000909,20,0.0,-0.09400977142556981
test_000909,21,0.0,-0.7812514575211051
test_000909,22,0.0,-0.1813458689244982
test_000909,23,0.0,-0.26317320631743163
test_000909,24,0.0,-0.13041487238466334
test_000910,1,0.0,0.34752020340841067
test_000910,2,0.0,0.16800765697949727
test_000910,3,0.0,0.5562509527725498
test_000910,4,0.0,0.6590748302978358
test_000910,5,0.0,0.28922507465859926
test_000910,6,0.0,-0.22830233160780655
test_000910,7,0.04225127564691165,-0.9219146153263296
test_000910,8,0.1710687372607429,-0.9372829738208691
test_000910,9,0.3431665983139618,-0.9830106478761054
test_000910,10,0.5658431511889506,-0.7277749311858117
test_000910,11,0.712938981992423,-0.7512802536275435
test_000910,12,0.8148521312383561,-0.9450406439858525
test_000910,13,0.8517986994672447,-0.8111183083149911
test_000910,14,0.8047934853121493,-0.7913718775712052
test_000910,15,0.6902348040679115,0.11631507997239467
test_000910,16,0.5188631263019318,-0.6506520763760923
test_000910,17,0.3028280292175642,0.4854943256131571
test_000910,18,0.09922168321946907,0.8686759625006154
test_000910,19,0.0,0.06747699669978771
test_000910,20,0.0,-0.4347984609156284
test_000910,21,0.0,-0.22168061505671066
test_000910,22,0.0,-0.8064995305047998
test_000910,23,0.0,-0.6888747737275132
test_000910,24,0.0,0.058518849686738685
test_000911,1,0.0,-0.8831365781958139
test_000911,2,0.0,-0.8685051486603776
test_000911,3,0.0,-0.5206004560692465
test_000911,4,0.0,-0.6928756222026213
test_000911,5,0.0,0.16699870603982447
test_000911,6,0.0,0.8453995301523487
test_000911,7,0.03566546536178984,0.674268236006534
test_000911,8,0.1428327088811322,0.5307782794853778
test_000911,9,0.2863692513513054,0.7221327651831015
test_000911,10,0.48270163080606476,0.6467618002875353
test_000911,11,0.6825463169036061,0.6776637453844396
test_000911,12,0.7721715227594598,0.32550159634411024
test_000911,13,0.7999547439298527,-0.2621805167138676
test_000911,14,0.7549941337645509,-0.042631350853181815
test_000911,15,0.6203143241563321,-0.7475277268225495
test_000911,16,0.48092655315044375,-0.8161238354901187
test_000911,17,0.27214510705540107,-0.9004519441965493
test_000911,18,0.09310478655365405,-0.8028553362464168
test_000911,19,0.0,-0.4595511682785785
test_000911,20,0.0,0.3564449653163162
test_000911,21,0.0,0.44599255495915924
test_000911,22,0.0,0.41295382951223253
test_000911,23,0.0,0.6096254350832352
test_000911,24,0.0,0.8392061207653816
test_000912,1,0.0,-0.23113804624814774
test_000912,2,0.0,-0.13532217222665338
test_000912,3,0.0,-0.2858823661876805
test_000912,4,0.0,0.3049223822005812
test_000912,5,0.0,0.44559679076283343
test_000912,6,0.0,0.4683477619563321
test_000912,7,0.025991201561637263,0.4481936060669541
test_000912,8,0.1315269506997018,0.7910804902558717
test_000912,9,0.2732936937839527,0.8693510751147687
test_000912,10,0.42828535468915774,0.500063521727659
test_000912,11,0.5510384461384543,0.8433504147763119
test_000912,12,0.6024782559218312,0.7696849153856459
test_000912,13,0.5781334291355016,0.9269838032172192
test_000912,14,0.5325210466282743,0.9307890231474368
test_000912,15,0.496829947731413,0.6481443026408247
test_000912,16,0.3037695929426979,0.2579540818017581
test_000912,17,0.1677753437393944,0.3468726615360114
test_000912,18,0.05874508813725921,0.5784137672378723
test_000912,19,0.0,0.4864181542273285
test_000912,20,0.0,0.021779343585574554
test_000912,21,0.0,-0.2754297252158033
test_000912,22,0.0,-0.19483320028265474
test_000912,23,0.0,-0.7399114946695861
test_000912,24,0.0,-0.8983980803329283
test_000913,1,0.0,0.6179921258928417
test_000913,2,0.0,-0.02524723120683939
test_000913,3,0.0,-0.0526978929276384
test_000913,4,0.0,0.4269725031017144
test_000913,5,0.0,0.12720196642581466
test_000913,6,0.0,-0.5753808988055271
test_000913,7,0.03936638317510883,-0.03781068209383756
test_000913,8,0.14570819646465036,0.023007967976647208
test_000913,9,0.3048982188671918,-0.5037574950742477
test_000913,10,0.5322839388596933,0.2990949928720894
test_000913,11,0.6642069140521363,0.49990833915500965
test_000913,12,0.7576738215424537,-0.5103282758000003
test_000913,13,0.7682487552164083,-0.5142568284667002
test_000913,14,0.7320189076957305,-0.3887414680746742
test_000913,15,0.6773411473609888,-0.3007151961319525
test_000913,16,0.49374165020354166,-0.8413204925906416
test_000913,17,0.2744678707379138,-0.8259285507873045
test_000913,18,0.09282862269335246,-0.34608573616540417
test_000913,19,0.0,-0.6796424724391892
test_000913,20,0.0,-0.07628334873235477
test_000913,21,0.0,0.13537946585312527
test_000913,22,0.0,-0.48990661236858135
test_000913,23,0.0,-0.9345402733577985
test_000913,24,0.0,-0.32867485299601934
test_000914,1,0.0,-0.5300971240867064
test_000914,2,0.0,-0.76342366437583
test_000914,3,0.0,-0.7412293269660303
test_000914,4,0.0,-0.048765547181099274
test_000914,5,0.0,-0.1493640116631471
test_000914,6,0.0,0.40661006625258156
test_000914,7,0.0194554933603815,0.6890854887822219
test_000914,8,0.10577053419701699,0.8082617319416967
test_000914,9,0.2211304938096843,0.7724250254800582
test_000914,10,0.3732264376572654,0.9329005319318969
test_000914,11,0.5010458770141298,0.5609544538449545
test_000914,12,0.5694214988568608,0.9551330639621893
test_000914,13,0.5777334099812176,0.5498132072515595
test_000914,14,0.6196805152311956,-0.08114834527299589
test_000914,15,0.49486755607659705,0.41699007988765296
test_000914,16,0.4125934001364176,0.7638976167677551
test_000914,17,0.25000997467117575,0.09954712918688043
test_000914,18,0.08137834024820909,0.5264630922214637
test_000914,19,0.0,0.4861639307340815
test_000914,20,0.0,0.5684207471216609
test_000914,21,0.0,0.7489716215919012
test_000914,22,0.0,0.920758616685952
test_000914,23,0.0,0.9553926553409271
test_000914,24,0.0,0.7661913607526503
test_000915,1,0.0,-0.884301079148793
test_000915,2,0.0,-0.5182790475882768
test_000915,3,0.0,-0.24773048443385376
test_000915,4,0.0,-0.10681368576643081
test_000915,5,0.0,-0.5563702282113596
test_000915,6,0.0,0.2908772878342278
test_000915,7,0.03306534751868358,0.4845836824740851
test_000915,8,0.14019942076828074,-0.02368850830916804
test_000915,9,0.2691534309062147,-0.06714541925163041
test_000915,10,0.41126636310279535,0.2856821668187066
test_000915,11,0.5794061222965399,0.5135794878742048
test_000915,12,0.6664416906167261,-0.4722432323450464
test_000915,13,0.6777696360068239,-0.7717824304689342
test_000915,14,0.6288385533122176,-0.8250475757263942
test_000915,15,0.5171471343262443,-0.8636118765623887
test_000915,16,0.3958810297519719,-0.8094252078092635
test_000915,17,0.26201115403246417,-0.7428324098934186
test_000915,18,0.08718131286375978,-0.5676889781456398
test_000915,19,0.0,-0.248794076547395
test_000915,20,0.0,0.5273720415071348
test_000915,21,0.0,0.3129408552981517
test_000915,22,0.0,0.3361276664964053
test_000915,23,0.0,0.6292125331843343
test_000915,24,0.0,-0.581351087213538
test_000916,1,0.0,-0.2311659044768685
test_000916,2,0.0,0.575807222765739
test_000916,3,0.0,-0.2629990657357516
test_000916,4,0.0,-0.5888635396844553
test_000916,5,0.0,-0.48680115240634725
test_000916,6,0.0,-0.40640844425083317
test_000916,7,0.036741932986321876,-0.4499021438361392
test_000916,8,0.1370336874871947,-0.8912798986386982
test_000916,9,0.25821787559968296,-0.2803505773987373
test_000916,10,0.4263997866954542,0.12552868455095684
test_000916,11,0.47823773136226866,0.30395751300049567
test_000916,12,0.5651878746737174,0.24112663640510978
test_000916,13,0.5251125005211517,-0.3205592069734285
test_000916,14,0.5963753228851604,-0.952101869761298
test_000916,15,0.5438156291803316,-0.9633782718464455
test_000916,16,0.4175937566619578,-0.533210869308469
test_000916,17,0.24000790847579556,-0.7899543685701834
test_000916,18,0.08552635317957132,-0.7463880474888605
test_000916,19,0.0,-0.4790451392396591
test_000916,20,0.0,0.055781477012101524
test_000916,21,0.0,-0.17187079910489894
test_000916,22,0.0,0.4341853506164372
test_000916,23,0.0,-0.16912968863116126
test_000916,24,0.0,-0.0013395516002964935
test_000917,1,0.0,0.13614651112764375
test_000917,2,0.0,0.14479320148066807
test_000917,3,0.0,-0.6176451907975613
test_000917,4,0.0,-0.04037701841454812
test_000917,5,0.0,-0.7172427926257348
test_000917,6,0.0,0.051777734866129674
test_000917,7,0.03965954719200708,0.6354562513524529
test_000917,8,0.14553771142019117,-0.0008309374983062149
test_000917,9,0.281936085837175,-0.2669061900817269
test_000917,10,0.43497187367948636,-0.6082259884547843
test_000917,11,0.5621619584754035,-0.4315443601105587
test_000917,12,0.6492884893726152,0.5156366237343042
test_000917,13,0.7020688345161772,0.23020029848769072
test_000917,14,0.7280944397605297,-0.2711831084466526
test_000917,15,0.5397623412076265,0.04510695703983856
test_000917,16,0.40490023678028453,-0.2332155865569002
test_000917,17,0.24069658108900863,-0.085865270709314
test_000917,18,0.08661773948208415,-0.36446933190740366
test_000917,19,0.0,-0.0401605144118033
test_000917,20,0.0,-0.07022572551935405
test_000917,21,0.0,-0.7039279630776862
test_000917,22,0.0,-0.6777967524597664
test_000917,23,0.0,-0.07849309406251762
test_000917,24,0.0,0.13936884904042388
test_000918,1,0.0,-0.32157795412595525
test_000918,2,0.0,-0.5886843491721705
test_000918,3,0.0,-0.3214668722355649
test_000918,4,0.0,0.14740325832547474
test_000918,5,0.0,-0.312949547455428
test_000918,6,0.0,-0.36782279836187676
test_000918,7,0.04771345470083311,-0.3683285583776374
test_000918,8,0.18711619823034192,0.18110880961538828
test_000918,9,0.3745060152027636,0.6251752288069481
test_000918,10,0.6186915429593624,0.8838056597608669
test_000918,11,0.7944698176013445,0.7455172639928516
test_000918,12,0.9198624570505414,0.5510053417272833
test_000918,13,0.9529900132201821,0.49540506890691827
test_000918,14,0.907468860886773,0.44549228952624415
test_000918,15,0.7658646263716792,-0.14203381199829404
test_000918,16,0.583235504181658,0.004248365851706017
test_000918,17,0.3411107994205538,0.6224899901204607
test_000918,18,0.11636567194744095,0.343466485088663
test_000918,19,0.0,-0.7449873198613137
test_000918,20,0.0,-0.1942517854097739
test_000918,21,0.0,0.45144686440014936
test_000918,22,0.0,-0.13333803785635706
test_000918,23,0.0,-0.051103040554583784
test_000918,24,0.0,-0.14021552274470386
test_000919,1,0.0,0.49972292005796004
test_000919,2,0.0,0.6946224512251225
test_000919,3,0.0,0.8944949344252127
test_000919,4,0.0,0.976635604396272
test_000919,5,0.0,0.7880709811634296
test_000919,6,0.0,0.40982347055932766
test_000919,7,0.009697281307674038,0.6197958830146082
test_000919,8,0.05937966770549841,0.3746265872367997
test_000919,9,0.12539472619097947,0.13756574281609368
test_000919,10,0.1986593073196623,0.2945966110333939
test_000919,11,0.2029916895138774,0.120838296114718
test_000919,12,0.25676331890019916,-0.4657545973788799
test_000919,13,0.24899309938795403,0.00810822807440653
test_000919,14,0.23462440347761881,0.3657286490585224
test_000919,15,0.22235083968750283,-0.7274031025937148
test_000919,16,0.1786325490187186,-0.5690653711942972
test_000919,17,0.07618705431867705,0.1288386026227224
test_000919,18,0.024068893502564824,0.7819777482178003
test_000919,19,0.0,0.7479734877095057
test_000919,20,0.0,0.6699143980587514
test_000919,21,0.0,0.08612196775878936
test_000919,22,0.0,-0.1767913909939403
test_000919,23,0.0,-0.717016350877812
test_000919,24,0.0,0.2857123571673272
test_000920,1,0.0,0.5757157448949177
test_000920,2,0.0,0.37984499007838657
test_000920,3,0.0,0.569559503639468
test_000920,4,0.0,-0.13138477772792068
test_000920,5,0.0,-0.1618877096350562
test_000920,6,0.0,-0.6180802291203775
test_000920,7,0.035769602556941234,-0.5808515756132069
test_000920,8,0.13896712312523204,-0.4553273260525398
test_000920,9,0.285600433363668,0.64303613446775
test_000920,10,0.36518664508926457,-0.00628539919656055
test_000920,11,0.5135012597777937,0.1951770593180356
test_000920,12,0.5832828087002122,0.30418135261259543
test_000920,13,0.6452080648256342,0.6756737459822681
test_000920,14,0.6933127939041949,0.8871947422518758
test_000920,15,0.5148212166196809,0.6465406554951708
test_000920,16,0.42495493230643544,-0.018502701743644805
test_000920,17,0.20731869145816512,-0.842670926815272
test_000920,18,0.0830215920773215,-0.822039436366237
test_000920,19,0.0,-0.6796108434106112
test_000920,20,0.0,-0.942452122430826
test_000920,21,0.0,-0.9641096620421767
test_000920,22,0.0,-0.8485727920635615
test_000920,23,0.0,-0.8468296280751451
test_000920,24,0.0,-0.531001419108257
test_000921,1,0.0,-0.4494635661640876
test_000921,2,0.0,-0.7890413278239259
test_000921,3,0.0,-0.35587796595909654
test_000921,4,0.0,-0.33465550387970533
test_000921,5,0.0,-0.08705962552581077
test_000921,6,0.0,-0.8561199385601429
test_000921,7,0.03337164337343923,-0.6258096680227033
test_000921,8,0.13060503086697178,0.16490597766341356
test_000921,9,0.2785618193818027,-0.48761445794192104
test_000921,10,0.44559118776675893,-0.6414099882591624
test_000921,11,0.46798677316596643,-0.05877649108206151
test_000921,12,0.4585980033644881,0.634502413818644
test_000921,13,0.5551654636378798,-0.12691465064429694
test_000921,14,0.4722171251135197,0.6733661502216746
test_000921,15,0.3690076581995361,0.8263272210966459
test_000921,16,0.25750426910256036,0.9017892173230666
test_000921,17,0.13112916975692732,0.01138573506054177
test_000921,18,0.06032540390852714,-0.4487201607064993
test_000921,19,0.0,-0.25653294422149675
test_000921,20,0.0,-0.33548721605443377
test_000921,21,0.0,0.53522471694943
test_000921,22,0.0,0.3467525470289675
test_000921,23,0.0,-0.08670904934695368
test_000921,24,0.0,-0.04316717138855314
test_000922,1,0.0,0.8029797941925159
test_000922,2,0.0,0.8973568411418544
test_000922,3,0.0,0.8315103494917395
test_000922,4,0.0,0.42036479983424274
test_000922,5,0.0,0.7431692306945212
test_000922,6,0.0,-0.33182459258427244
test_000922,7,0.04498801463230142,0.22420057512387184
test_000922,8,0.1718856246744561,0.21392179885413173
test_000922,9,0.3398078340612585,0.6688257826546462
test_000922,10,0.5820950769511212,0.7378867670948552
test_000922,11,0.7543083038953516,0.3103197493432558
test_000922,12,0.8511785527360455,-0.12767892179811585
test_000922,13,0.8412890060669842,0.31932044349146554
test_000922,14,0.8281802466844314,0.28099862639960865
test_000922,15,0.713503279032893,-0.38365182336730197
test_000922,16,0.531239484807716,-0.7514138711400828
test_000922,17,0.293934810674227,-0.021619702402114752
test_000922,18,0.10406885409274141,0.4053150600141247
test_000922,19,0.0,-0.34718085907349266
test_000922,20,0.0,-0.26923542842433007
test_000922,21,0.0,0.23398710295986253
test_000922,22,0.0,-0.12332339071728779
test_000922,23,0.0,-0.32970439122412076
test_000922,24,0.0,-0.05347964060770559
test_000923,1,0.0,0.5793477733600718
test_000923,2,0.0,0.6492687876808035
test_000923,3,0.0,0.7655111552738257
test_000923,4,0.0,0.8022594343885677
test_000923,5,0.0,0.7946446603423178
test_000923,6,0.0,0.8915111069085546
test_000923,7,0.0391978273137496,0.5293718439156289
test_000923,8,0.15976973798038313,0.6832828884471762
test_000923,9,0.31645161698312363,-0.18631542986969843
test_000923,10,0.5016757681171932,0.08523287820915185
test_000923,11,0.6726782575444884,-0.2280081466583318
test_000923,12,0.8055488596415875,-0.5179927952960932
test_000923,13,0.8232159051546876,-0.9284350030489841
test_000923,14,0.8040230944530599,-0.8010570920128991
test_000923,15,0.6837130700226323,-0.6322104685986898
test_000923,16,0.4924461584133969,-0.03244636046324451
test_000923,17,0.2731258292491269,-0.760992871459873
test_000923,18,0.08793094163507353,-0.18918103038537976
test_000923,19,0.0,-0.8402809554860192
test_000923,20,0.0,-0.679106114056915
test_000923,21,0.0,-0.6517457529643993
test_000923,22,0.0,0.6048936277068786
test_000923,23,0.0,0.7057802056724807
test_000923,24,0.0,0.7822929666256792
test_000924,1,0.0,0.35983159950628485
test_000924,2,0.0,0.7028054141742752
test_000924,3,0.0,-0.6645963951237617
test_000924,4,0.0,-0.820589660659643
test_000924,5,0.0,-0.021179604457675225
test_000924,6,0.0,0.29478325425293733
test_000924,7,0.04128027765132062,-0.5661818011469233
test_000924,8,0.15694689950086288,-0.1813703860028379
test_000924,9,0.30901561788891396,-0.05655600706364866
test_000924,10,0.5231096330458395,-0.26439580642963867
test_000924,11,0.7131225908771778,0.2661238783370341
test_000924,12,0.8265281888410657,0.642053290890342
test_000924,13,0.8321683591671659,0.13829754931595808
test_000924,14,0.7492285561808532,0.4943662579839426
test_000924,15,0.638884156510777,0.6280233852874249
test_000924,16,0.504709453114384,0.7788569853510201
test_000924,17,0.2771850224906921,0.8162150896875331
test_000924,18,0.09355661179903865,0.6327038028968092
test_000924,19,0.0,0.6830052323257703
test_000924,20,0.0,0.7095414644678136
test_000924,21,0.0,0.7343282464592783
test_000924,22,0.0,0.7546789538689578
test_000924,23,0.0,0.22954356028570538
test_000924,24,0.0,-0.37578370552711365
test_000925,1,0.0,-0.8859437721531621
test_000925,2,0.0,-0.1399872307404822
test_000925,3,0.0,-0.836883299166576
test_000925,4,0.0,-0.6728322405250444
test_000925,5,0.0,-0.1580819629312631
test_000925,6,0.0,0.4764100262216494
test_000925,7,0.040010682925897774,-0.5534464775978797
test_000925,8,0.1596751584827151,-0.43898977201618
test_000925,9,0.35014890379340735,-0.31182127919390495
test_000925,10,0.5400199690848586,0.1737474689061631
test_000925,11,0.717276500735616,0.5434013201421382
test_000925,12,0.7501163574036345,0.043171556801721286
test_000925,13,0.8074086079066938,-0.5337230033200739
test_000925,14,0.7324350577298951,-0.8262043677234145
test_000925,15,0.6046308209226035,-0.9051380823738036
test_000925,16,0.42766024843413364,-0.8642758794196863
test_000925,17,0.21842360932816668,-0.7127815319240328
test_000925,18,0.07988578808725592,-0.7013478226651335
test_000925,19,0.0,0.25280161068322093
test_000925,20,0.0,-0.15438177055232272
test_000925,21,0.0,0.7752273774701797
test_000925,22,0.0,0.34892775472727255
test_000925,23,0.0,0.8312567169650632
test_000925,24,0.0,0.9127060806774486
test_000926,1,0.0,-0.9042559674549021
test_000926,2,0.0,-0.853982867190296
test_000926,3,0.0,-0.7550567757547461
test_000926,4,0.0,-0.49800063094677327
test_000926,5,0.0,-0.40069328986873104
test_000926,6,0.0,-0.21604806813742522
test_000926,7,0.043680486443849476,0.1139707798455442
test_000926,8,0.18192317655798634,-0.5454815793398367
test_000926,9,0.34739215540782564,-0.8233684857992494
test_000926,10,0.5671057475288245,-0.926683050052487
test_000926,11,0.7615968149087049,-0.9396276997983513
test_000926,12,0.8331100037459186,-0.9611344534971178
test_000926,13,0.8561763459670148,-0.2199016719463318
test_000926,14,0.8120208038177089,-0.08024723440431597
test_000926,15,0.6667216819870198,-0.5110757560132801
test_000926,16,0.5033806212893157,-0.3166483295824611
test_000926,17,0.28572488279293184,-0.49186375624438305
test_000926,18,0.09734387672429867,-0.442986412861523
test_000926,19,0.0,0.23397464138030244
test_000926,20,0.0,0.6246221506243094
test_000926,21,0.0,0.267773623796811
test_000926,22,0.0,-0.36739468635588024
test_000926,23,0.0,0.06032252481587813
test_000926,24,0.0,-0.4590706408924742
test_000927,1,0.0,-0.24278384943428521
test_000927,2,0.0,-0.1137331918953401
test_000927,3,0.0,-0.501216314223256
test_000927,4,0.0,-0.8336182117218534
test_000927,5,0.0,-0.3538278652753856
test_000927,6,0.0,0.3781927141708946
test_000927,7,0.03351724710575426,0.8820901152752799
test_000927,8,0.15750133874837707,0.8758647006799845
test_000927,9,0.32468110909184855,0.10339531651753489
test_000927,10,0.4940904852335296,0.3750281994597184
test_000927,11,0.6341246634021455,-0.39113170004790576
test_000927,12,0.7527601043724449,-0.7174654014438311
test_000927,13,0.7576447231360494,-0.31202154704172236
test_000927,14,0.5873484138935613,-0.24801872354607205
test_000927,15,0.4870732219828071,0.6483703433510781
test_000927,16,0.389521446026222,0.5613508232463802
test_000927,17,0.20007338147161594,0.6656235624070309
test_000927,18,0.06676520490298501,-0.6826456918709979
test_000927,19,0.0,0.7725311025080469
test_000927,20,0.0,0.01424130292555813
test_000927,21,0.0,-0.33716529098024994
test_000927,22,0.0,-0.4334759778590618
test_000927,23,0.0,0.32719196144361046
test_000927,24,0.0,0.17848702397110597
test_000928,1,0.0,0.881267772844851
test_000928,2,0.0,0.7091677025083543
test_000928,3,0.0,-0.019543428175733235
test_000928,4,0.0,0.4776800382699098
test_000928,5,0.0,0.6337201384772879
test_000928,6,0.0,0.21621004936420818
test_000928,7,0.039112158438656834,0.5634276245918775
test_000928,8,0.1746681111431935,0.36702219892182414
test_000928,9,0.33278274411053976,0.24950827194690864
test_000928,10,0.5522254672693525,-0.12741788421717998
test_000928,11,0.7001039248345302,0.3279672959881384
test_000928,12,0.755191030563126,0.8593740354396388
test_000928,13,0.8734318215500047,0.7839938739288846
test_000928,14,0.8502007260665579,0.7746984733525596
test_000928,15,0.678472447124639,0.4284122644132887
test_000928,16,0.4852221705138851,-0.025893120811990366
test_000928,17,0.27848541071674593,-0.1477754875417832
test_000928,18,0.09261247066806394,-0.3537187961089261
test_000928,19,0.0,0.29959460770002005
test_000928,20,0.0,0.3043173786799448
test_000928,21,0.0,-0.5644740921512167
test_000928,22,0.0,-0.809733965411884
test_000928,23,0.0,-0.3907774679153961
test_000928,24,0.0,0.700172366740008
test_000929,1,0.0,-0.7416300747883257
test_000929,2,0.0,0.26418132056748156
test_000929,3,0.0,-0.058268630176505534
test_000929,4,0.0,-0.6697204237513583
test_000929,5,0.0,-0.2490979064354909
test_000929,6,0.0,-0.5501656764468073
test_000929,7,0.038771957456435885,0.1132586193834086
test_000929,8,0.15919363250429483,0.4046213421176627
test_000929,9,0.31502249471014493,0.489479941966129
test_000929,10,0.5279323497718361,0.15312157474129118
test_000929,11,0.6982267373524047,0.6905177466538723
test_000929,12,0.8141285367779133,0.7220715645899982
test_000929,13,0.8099540563430703,0.8430050677934826
test_000929,14,0.7609440250152748,0.8964767777724691
test_000929,15,0.6099678614217422,0.8915391694091791
test_000929,16,0.49060424392333213,-0.011987108551924478
test_000929,17,0.2711253614095524,-0.634934790891579
test_000929,18,0.09285001205149067,-0.2982368429631945
test_000929,19,0.0,-0.40706098917117994
test_000929,20,0.0,-0.5644290132263592
test_000929,21,0.0,0.3548029247137843
test_000929,22,0.0,0.1280745585427528
test_000929,23,0.0,0.24895225024252088
test_000929,24,0.0,0.4024524332573756
test_000930,1,0.0,0.8091636957451205
test_000930,2,0.0,0.9465610509577869
test_000930,3,0.0,0.6415965389512239
test_000930,4,0.0,-0.05766460646289879
test_000930,5,0.0,0.5294399685733496
test_000930,6,0.0,-0.24509804452763864
test_000930,7,0.0302850888317883,-0.21963999351168723
test_000930,8,0.13355417623198357,-0.070965728615445
test_000930,9,0.2571708351420618,-0.8579780823481905
test_000930,10,0.41716142555150504,-0.717012915896008
test_000930,11,0.5253285520737438,0.505231177314603
test_000930,12,0.6241937647797684,0.4783722626593392
test_000930,13,0.5578911793417838,0.8700492249373546
test_000930,14,0.49960583726437635,0.8636823544672241
test_000930,15,0.36527753785276373,0.4882081576000471
test_000930,16,0.3230123219037558,-0.5561963089442155
test_000930,17,0.17560501919803823,-0.12378170416406574
test_000930,18,0.07505550915298326,-0.6950398174481371
test_000930,19,0.0,-0.3073768988367705
test_000930,20,0.0,-0.2511083122517442
test_000930,21,0.0,-0.44968345184893244
test_000930,22,0.0,-0.7272848722298486
test_000930,23,0.0,-0.7741248210808757
test_000930,24,0.0,-0.8672689979311193
test_000931,1,0.0,-0.6131342744005763
test_000931,2,0.0,-0.6983215457306076
test_000931,3,0.0,-0.544328167915117
test_000931,4,0.0,-0.0018994280568873383
test_000931,5,0.0,0.08952052780755036
test_000931,6,0.0,0.6379751072907924
test_000931,7,0.04092087682531149,0.3878940764785848
test_000931,8,0.16889911209615785,0.5253200267678143
test_000931,9,0.32188008716850086,0.8502653464030729
test_000931,10,0.4937047715795338,0.7250718671079338
test_000931,11,0.6457576486584191,0.7514606958217108
test_000931,12,0.6628542301705624,0.8131363288063023
test_000931,13,0.8054805358974896,0.7642100265382822
test_000931,14,0.7572682242212049,0.27733015590650584
test_000931,15,0.6530173830289345,0.18687937254114986
test_000931,16,0.4945374845859451,-0.10206139850751057
test_000931,17,0.28819705176842514,0.800919565708077
test_000931,18,0.08848761057232919,0.5945701584618288
test_000931,19,0.0,-0.002491134818417926
test_000931,20,0.0,-0.43675210220212024
test_000931,21,0.0,-0.22322579225129913
test_000931,22,0.0,-0.43390120528367543
test_000931,23,0.0,0.48462647546561854
test_000931,24,0.0,-0.2783297396642246
test_000932,1,0.0,0.010502483654619676
test_000932,2,0.0,-0.16291605227042677
test_000932,3,0.0,-0.3245862624164578
test_000932,4,0.0,0.5047380551991942
test_000932,5,0.0,0.7265929340186353
test_000932,6,0.0,0.3557886004801071
test_000932,7,0.04211957691723421,0.4239796345282034
test_000932,8,0.1715418617636845,-0.16542617606065427
test_000932,9,0.35177112830191404,0.3174960592288771
test_000932,10,0.5809787427676995,-0.3633454276733711
test_000932,11,0.7730985681398326,0.039540409372529436
test_000932,12,0.8755986264446293,-0.5075886639091636
test_000932,13,0.88402581125057,-0.22307035319555474
test_000932,14,0.8078019162592993,0.6150821726603748
test_000932,15,0.6644338007790973,0.7205360354241448
test_000932,16,0.49934861501262195,0.4883147562751853
test_000932,17,0.3015743704321756,0.8288550577707399
test_000932,18,0.1036992777719214,0.9204184018542438
test_000932,19,0.0,0.5521225852131334
test_000932,20,0.0,0.6647421043847247
test_000932,21,0.0,0.4773359456735503
test_000932,22,0.0,-0.27897228425841814
test_000932,23,0.0,-0.2749683104001021
test_000932,24,0.0,-0.7001525314428725
test_000933,1,0.0,0.1312062603522553
test_000933,2,0.0,0.3035476727733145
test_000933,3,0.0,0.1950663013795797
test_000933,4,0.0,0.3433415688446168
test_000933,5,0.0,0.1417194846156615
test_000933,6,0.0,0.5898905188765193
test_000933,7,0.04262346854754052,0.7145086721080438
test_000933,8,0.17610043776442486,0.9396440407458513
test_000933,9,0.3608838279133469,0.8989652014108233
test_000933,10,0.55123108357506,0.6654347648916915
test_000933,11,0.7480952432867813,0.3683469407126496
test_000933,12,0.8618110035710145,0.6546454658086436
test_000933,13,0.8542048772001392,0.2343295252124392
test_000933,14,0.805659498219643,0.57210050855935
test_000933,15,0.6872934247568996,0.007611673732288812
test_000933,16,0.5096569685291102,0.05003224047553076
test_000933,17,0.30132033148561077,-0.605885471972335
test_000933,18,0.10207753745605175,-0.1447046394863252
test_000933,19,0.0,-0.6229047085292948
test_000933,20,0.0,-0.41649738648948514
test_000933,21,0.0,-0.8874958661807419
test_000933,22,0.0,-0.4050656629780462
test_000933,23,0.0,-0.285825815100069
test_000933,24,0.0,-0.48484197743769575
test_000934,1,0.0,0.006395150760972096
test_000934,2,0.0,-0.09887549734586688
test_000934,3,0.0,0.09427854338416676
test_000934,4,0.0,0.09207633747023214
test_000934,5,0.0,-0.16429637748007966
test_000934,6,0.0,-0.5246846244188474
test_000934,7,0.018452579125459268,0.6001770840070749
test_000934,8,0.09072133211680261,0.105374362986861
test_000934,9,0.1982053181872441,0.3837799952859273
test_000934,10,0.34140476309923723,0.05372065329697157
test_000934,11,0.47529265505067664,-0.02523486191700341
test_000934,12,0.6093216054212233,-0.002233618429595295
test_000934,13,0.5834808569590074,-0.38245649846612556
test_000934,14,0.5289610720747335,-0.1847328694500997
test_000934,15,0.3726755877114063,-0.36664100167090863
test_000934,16,0.298406606565935,-0.13981570627008935
test_000934,17,0.16895083666409313,0.4467905518596344
test_000934,18,0.06066232760098112,0.28292943779792606
test_000934,19,0.0,-0.19181933772617119
test_000934,20,0.0,0.8116049120579627
test_000934,21,0.0,0.8660734693545689
test_000934,22,0.0,0.8376107538258254
test_000934,23,0.0,0.753880182391149
test_000934,24,0.0,0.7535718519932574
test_000935,1,0.0,-0.06541247596628712
test_000935,2,0.0,0.32026540367161543
test_000935,3,0.0,0.2619374391230127
test_000935,4,0.0,0.14193781558272364
test_000935,5,0.0,-0.22206123342750014
test_000935,6,0.0,0.43812565214838484
test_000935,7,0.036028956642566876,0.4876802549095476
test_000935,8,0.13827764804330178,0.08028989167396569
test_000935,9,0.30219772159420627,0.22586147780357319
test_000935,10,0.5033270027875281,0.16180574409106263
test_000935,11,0.7052789570459232,0.3830697339883341
test_000935,12,0.8183165771146477,-0.8500591339445821
test_000935,13,0.8350060059766848,0.12498225908867759
test_000935,14,0.7481176254820632,0.3408712089982829
test_000935,15,0.6253208874766725,-0.7018509249248909
test_000935,16,0.4073592271606471,-0.516145175805975
test_000935,17,0.2301973273723105,-0.5052695484454426
test_000935,18,0.06834557676749747,-0.8651739086137651
test_000935,19,0.0,-0.7728477429126414
test_000935,20,0.0,-0.6431402890054632
test_000935,21,0.0,-0.7074021000401511
test_000935,22,0.0,-0.8917123760313481
test_000935,23,0.0,-0.9052308439714084
test_000935,24,0.0,-0.791360712870733
test_000936,1,0.0,-0.8459621309023182
test_000936,2,0.0,-0.8596995567353222
test_000936,3,0.0,-0.8183310838168326
test_000936,4,0.0,-0.7423618467046014
test_000936,5,0.0,-0.35088010941736075
test_000936,6,0.0,-0.236994631563308
test_000936,7,0.040638981474103025,0.3921721371301867
test_000936,8,0.1584479284356829,0.156790710651934
test_000936,9,0.3284203142457787,0.7588335948141218
test_000936,10,0.5622146648612587,-0.5146018902390732
test_000936,11,0.7537822360106319,0.16274468882430762
test_000936,12,0.7847969977901539,0.6746131226924535
test_000936,13,0.7902531270282936,0.8321451184069677
test_000936,14,0.7678225168828182,0.8695253123208271
test_000936,15,0.6135950513135014,0.8720402355234688
test_000936,16,0.4308014614143166,0.8560800195739839
test_000936,17,0.2683593047516931,0.6108364820294001
test_000936,18,0.0900905175859016,-0.22646103436137313
test_000936,19,0.0,-0.7770288398561283
test_000936,20,0.0,-0.5929337170449245
test_000936,21,0.0,-0.675444260098002
test_000936,22,0.0,-0.8725814065224845
test_000936,23,0.0,-0.8226809489913112
test_000936,24,0.0,-0.5110550253194408
test_000937,1,0.0,-0.4723671166338358
test_000937,2,0.0,-0.289841524301657
test_000937,3,0.0,-0.35591970650633203
test_000937,4,0.0,-0.4953775425910688
test_000937,5,0.0,0.26222614301500136
test_000937,6,0.0,0.691590887535803
test_000937,7,0.03861104439428753,0.6201655600379101
test_000937,8,0.14780141024002583,0.46936885136109463
test_000937,9,0.3069589952956505,-0.02203842190030007
test_000937,10,0.5151733109557439,0.6269835281367422
test_000937,11,0.6764363838035626,0.21344503989150895
test_000937,12,0.7753992455011515,0.5475978352601797
test_000937,13,0.7433790317460767,0.3196436986414685
test_000937,14,0.7132159915479167,0.09213285680945033
test_000937,15,0.5227744638632533,0.41854229475987365
test_000937,16,0.4046107096096712,0.6708848605947892
test_000937,17,0.24122380210153557,-0.168084076377207
test_000937,18,0.07008684347984678,0.11465245354518039
test_000937,19,0.0,-0.785409565200089
test_000937,20,0.0,-0.8574638546652854
test_000937,21,0.0,-0.8103002096717759
test_000937,22,0.0,-0.46824933973897165
test_000937,23,0.0,-0.07659522041359294
test_000937,24,0.0,0.6678056604271894
test_000938,1,0.0,-0.06718388675799734
test_000938,2,0.0,-0.607871061678442
test_000938,3,0.0,-0.32941785267299595
test_000938,4,0.0,-0.670929261052368
test_000938,5,0.0,-0.7935714407489917
test_000938,6,0.0,-0.8013128168471771
test_000938,7,0.040616521274276916,-0.7888508178930133
test_000938,8,0.1611623020243179,-0.5761270222500204
test_000938,9,0.3204308045980827,-0.3230526040174172
test_000938,10,0.5531211912282639,-0.8436753893739918
test_000938,11,0.748474124876354,-0.4719024512953389
test_000938,12,0.8448596521071733,-0.05059503103790824
test_000938,13,0.9069925266265845,-0.1448071103648792
test_000938,14,0.8393522978514171,-0.9250870537670131
test_000938,15,0.7139544809869754,-0.890635426056819
test_000938,16,0.5340022223872456,-0.7559018912343185
test_000938,17,0.3167586731079266,0.14352619844096137
test_000938,18,0.1047713369343224,-0.21719455842811433
test_000938,19,0.0,-0.1068790989152913
test_000938,20,0.0,-0.24680611900298297
test_000938,21,0.0,-0.3950148575061764
test_000938,22,0.0,-0.8440651029906814
test_000938,23,0.0,-0.6863184004002105
test_000938,24,0.0,-0.81413411359806
test_000939,1,0.0,-0.010542481213775944
test_000939,2,0.0,0.3640812491874771
test_000939,3,0.0,0.658615590954905
test_000939,4,0.0,0.20444944123843553
test_000939,5,0.0,0.02992744062588869
test_000939,6,0.0,0.5280072137442051
test_000939,7,0.044232375055389725,-0.14989822832314825
test_000939,8,0.18013260156301958,-0.5191933894510753
test_000939,9,0.36331139018852826,-0.5138224339545232
test_000939,10,0.6102039525243258,0.04984521989064022
test_000939,11,0.792796603135012,-0.6647261888553349
test_000939,12,0.9105427893408297,-0.06177943244345085
test_000939,13,0.9329544655666344,-0.4531205842064471
test_000939,14,0.8722373899192514,-0.5745331948516903
test_000939,15,0.7419643987560268,0.07117937341378847
test_000939,16,0.5517928509446157,0.40209460853941104
test_000939,17,0.32968592635943555,-0.5295700030940442
test_000939,18,0.11154638243257946,0.12348194737619733
test_000939,19,0.0,0.8446861895174365
test_000939,20,0.0,0.9188678689738087
test_000939,21,0.0,0.6420459908718956
test_000939,22,0.0,0.9572751298106695
test_000939,23,0.0,0.8736386620531157
test_000939,24,0.0,0.7936723121644419
test_000940,1,0.0,0.5493160240538959
test_000940,2,0.0,0.4452847533187998
test_000940,3,0.0,-0.2635626688547116
test_000940,4,0.0,0.395796029317021
test_000940,5,0.0,0.7967462924898548
test_000940,6,0.0,0.4800392891992721
test_000940,7,0.04300379800783688,-0.6876274309848882
test_000940,8,0.16578591551691244,-0.7474218165956867
test_000940,9,0.31910491510644323,-0.9247435750539426
test_000940,10,0.5511999339315664,-0.8311403072397422
test_000940,11,0.7398403388945088,-0.8787132947864948
test_000940,12,0.8026684680770425,-0.8491371563811206
test_000940,13,0.7952416132641525,-0.5212630622822396
test_000940,14,0.7519316719293335,0.2881960910939232
test_000940,15,0.5972654267141525,0.25967743134227267
test_000940,16,0.4551767616503192,0.23112349574282698
test_000940,17,0.27867382573459515,-0.25517976338202436
test_000940,18,0.09009725994390165,0.36222523402871126
test_000940,19,0.0,0.26951405895710495
test_000940,20,0.0,0.28001201742272286
test_000940,21,0.0,-0.4929103454909425
test_000940,22,0.0,-0.6113500170973182
test_000940,23,0.0,-0.3873887456008657
test_000940,24,0.0,0.2971842051521488
test_000941,1,0.0,-0.78631895702269
test_000941,2,0.0,-0.09202806230959841
test_000941,3,0.0,-0.786531269219766
test_000941,4,0.0,-0.3976372931029584
test_000941,5,0.0,-0.30465250659702114
test_000941,6,0.0,-0.1343401864383158
test_000941,7,0.04543222666655251,-0.026240847941281602
test_000941,8,0.18271220792308995,-0.12142468062467184
test_000941,9,0.35775303726890545,0.19386718264476877
test_000941,10,0.576491988505837,0.08864083357879612
test_000941,11,0.7501023141683844,-0.47333811605028275
test_000941,12,0.8416790663229793,-0.09586164854154287
test_000941,13,0.9012652737006797,-0.48122566277964307
test_000941,14,0.8416849931488319,-0.6026261472958105
test_000941,15,0.7080301717987743,-0.49283231769929936
test_000941,16,0.5384674543375563,-0.1925580812871167
test_000941,17,0.3178458947278883,-0.7756425976490465
test_000941,18,0.11248796627850356,-0.7110833842216728
test_000941,19,0.0,-0.7699561306408497
test_000941,20,0.0,-0.7741495790228645
test_000941,21,0.0,-0.9850152583954762
test_000941,22,0.0,-0.8431172406287036
test_000941,23,0.0,-0.7940704349005048
test_000941,24,0.0,0.776667425158059
test_000942,1,0.0,0.22839959296920956
test_000942,2,0.0,-0.12585276459970485
test_000942,3,0.0,0.07122061513029582
test_000942,4,0.0,0.5222185839001597
test_000942,5,0.0,0.651661804729625
test_000942,6,0.0,0.13880663813606336
test_000942,7,0.04780905648323411,0.7785103043103427
test_000942,8,0.19109186342741533,0.25084299266151805
test_000942,9,0.3793707636592017,0.7916201795529176
test_000942,10,0.6291031359057372,0.7552736064719106
test_000942,11,0.8080863672464716,0.34682812410722413
test_000942,12,0.9131625426368781,0.5880253132581922
test_000942,13,0.960417287261721,0.06125891831955376
test_000942,14,0.9168495598207447,0.6626235312876475
test_000942,15,0.7776639722517601,0.7498263480773755
test_000942,16,0.5853783859727354,-0.15953393761568807
test_000942,17,0.3392488661815435,-0.8962518605929654
test_000942,18,0.11569075034085,-0.6199143834400416
test_000942,19,0.0,0.3201319416757009
test_000942,20,0.0,0.4921625104616464
test_000942,21,0.0,0.7098787315196833
test_000942,22,0.0,0.4634771735983587
test_000942,23,0.0,0.6216584753997174
test_000942,24,0.0,0.5902134212217187
test_000943,1,0.0,0.42991197627618866
test_000943,2,0.0,-0.09695531225710355
test_000943,3,0.0,-0.6291075799334558
test_000943,4,0.0,-0.1397195850927486
test_000943,5,0.0,-0.6328563024092051
test_000943,6,0.0,-0.29238955089882923
test_000943,7,0.04223215296350647,-0.7411821551249569
test_000943,8,0.176769276357436,-0.7532952821918975
test_000943,9,0.34886578951405256,-0.6857136411917377
test_000943,10,0.5418453476976116,-0.26843400945685925
test_000943,11,0.6600360112186409,0.043315057852098215
test_000943,12,0.7432871350477366,-0.12296255425700903
test_000943,13,0.6955056568835819,-0.7074955928280132
test_000943,14,0.6701922862759898,-0.5166139444036474
test_000943,15,0.557488808095699,-0.7041048932635448
test_000943,16,0.3648071784447325,-0.6442662135792261
test_000943,17,0.23586488475821774,-0.7526681723005089
test_000943,18,0.08196305563244577,-0.49154229693084983
test_000943,19,0.0,-0.6931800356950546
test_000943,20,0.0,-0.7962494650792146
test_000943,21,0.0,0.27547495665003513
test_000943,22,0.0,0.42383982123239233
test_000943,23,0.0,-0.3097971572143716
test_000943,24,0.0,0.12008184056404642
test_000944,1,0.0,0.5887832984443068
test_000944,2,0.0,-0.118703930424491
test_000944,3,0.0,-0.5551330593083799
test_000944,4,0.0,-0.5903590798813184
test_000944,5,0.0,-0.19748652180740858
test_000944,6,0.0,-0.2262268889977841
test_000944,7,0.04170053644003952,-0.07743750663402854
test_000944,8,0.16911572230786368,-0.6928045547078994
test_000944,9,0.3253081084948317,-0.2718667387638067
test_000944,10,0.5096259452683849,0.002919710954484736
test_000944,11,0.6118771565098865,-0.5158949144880334
test_000944,12,0.7253628395940316,0.3132371560137387
test_000944,13,0.7628371345303196,0.2956210844834473
test_000944,14,0.7531269367891188,0.09452045047427221
test_000944,15,0.6263427962548657,0.6569454241337453
test_000944,16,0.5153314097545051,0.8945440169852596
test_000944,17,0.2861470928688782,0.4023495057530957
test_000944,18,0.10556669997736932,-0.6221725310883242
test_000944,19,0.0,0.36371608478739414
test_000944,20,0.0,-0.11382961715636891
test_000944,21,0.0,0.508039654984441
test_000944,22,0.0,0.6603080501455664
test_000944,23,0.0,0.26132743374856804
test_000944,24,0.0,0.48838178721730197
test_000945,1,0.0,-0.6617275091267186
test_000945,2,0.0,0.23200131395939916
test_000945,3,0.0,0.22730360767042007
test_000945,4,0.0,0.5163257435086968
test_000945,5,0.0,-0.19181471826251179
test_000945,6,0.0,-0.15804001716990335
test_000945,7,0.046694238091578494,0.48789265352644173
test_000945,8,0.17599495208105873,-0.1535120614882093
test_000945,9,0.3477441883311241,-0.0651150706254732
test_000945,10,0.5721321662654698,0.514115482782202
test_000945,11,0.7487797095338753,0.43908656210911007
test_000945,12,0.8525905429219686,0.33827876818480235
test_000945,13,0.8845544969871845,0.6402489166356792
test_000945,14,0.8431145460870001,-0.04693844999802489
test_000945,15,0.6818022240081244,-0.36250490545128544
test_000945,16,0.5374670045665254,0.056728045094041994
test_000945,17,0.32506056824306956,0.6694296215030207
test_000945,18,0.11022882220432928,0.7037518615053895
test_000945,19,0.0,0.3146374009683847
test_000945,20,0.0,-0.47290840634326226
test_000945,21,0.0,-0.47918169126722343
test_000945,22,0.0,-0.5621312485660958
test_000945,23,0.0,-0.119782129594363
test_000945,24,0.0,0.13159117885441846
test_000946,1,0.0,0.41607543977100697
test_000946,2,0.0,0.6279713475385156
test_000946,3,0.0,0.17822809732203856
test_000946,4,0.0,0.2642190740461076
test_000946,5,0.0,-0.42467251864958333
test_000946,6,0.0,-0.5554033158301069
test_000946,7,0.03990496381690907,-0.2777472443934556
test_000946,8,0.16406319906840025,0.12878150915407177
test_000946,9,0.34499632012156994,0.19570140469976943
test_000946,10,0.5523258158039024,0.2526118736109028
test_000946,11,0.6718535821356248,0.022059676256653244
test_000946,12,0.7722249524189078,-0.2573144949082235
test_000946,13,0.8254661896440266,-0.3126003803294712
test_000946,14,0.8424338176549299,-0.3991079349686663
test_000946,15,0.7230191877080889,0.4290230190475051
test_000946,16,0.5314397201579532,0.3150756571705202
test_000946,17,0.31181393755692416,0.3850266752745971
test_000946,18,0.10611275531210683,0.6292641677713503
test_000946,19,0.0,0.09351006079706473
test_000946,20,0.0,0.19900532130041626
test_000946,21,0.0,0.880215929051908
test_000946,22,0.0,0.8652469850353173
test_000946,23,0.0,-0.0030383210224959388
test_000946,24,0.0,-0.0710329822789736
test_000947,1,0.0,-0.12589228801989405
test_000947,2,0.0,-0.889610646552085
test_000947,3,0.0,-0.9251081167929345
test_000947,4,0.0,-0.3101616891520431
test_000947,5,0.0,-0.19561362998969983
test_000947,6,0.0,-0.4942103282116569
test_000947,7,0.04416361606943285,-0.38968785443215204
test_000947,8,0.16837168210701778,-0.5725627748568247
test_000947,9,0.30674139529729993,-0.1439216399884927
test_000947,10,0.4485056304046731,-0.5150287191450784
test_000947,11,0.6141555978953793,-0.20087944920978026
test_000947,12,0.7125218830387058,-0.41030123985929917
test_000947,13,0.7622944971908742,0.019215083369124586
test_000947,14,0.7702318118635325,0.5187683065782811
test_000947,15,0.6609929437606106,-0.5960479650083659
test_000947,16,0.5110074380016719,-0.9509971922914655
test_000947,17,0.2792895118790366,-0.870109707949471
test_000947,18,0.08996984803034404,-0.8877267827295938
test_000947,19,0.0,-0.8886143577757367
test_000947,20,0.0,-0.9022197055350268
test_000947,21,0.0,-0.6331581971340746
test_000947,22,0.0,-0.9049785081673921
test_000947,23,0.0,-0.8569923342992019
test_000947,24,0.0,-0.6469800283814381
test_000948,1,0.0,0.6492286939632536
test_000948,2,0.0,0.8566959696836787
test_000948,3,0.0,0.9780507635313965
test_000948,4,0.0,0.9874979519739893
test_000948,5,0.0,0.9764962960813849
test_000948,6,0.0,0.877924874491755
test_000948,7,0.03552694121872489,0.7782649313206362
test_000948,8,0.13684810793297975,0.867612081924209
test_000948,9,0.3029468244266241,0.8673067056152134
test_000948,10,0.4899755237654866,0.42877944895494313
test_000948,11,0.6446095699239199,-0.09120967270605783
test_000948,12,0.681134489813226,-0.21032643257232395
test_000948,13,0.7818582003560098,0.45565515217224944
test_000948,14,0.7296777334686821,-0.08341148997713095
test_000948,15,0.6374837712009485,-0.5371281067795444
test_000948,16,0.4654646813333033,0.0045129749948556895
test_000948,17,0.2844635966905558,-0.5201864313562423
test_000948,18,0.10207473067148329,-0.8001274898706194
test_000948,19,0.0,0.11525701529598968
test_000948,20,0.0,0.08187251384993416
test_000948,21,0.0,-0.0872491362501611
test_000948,22,0.0,-0.1567161732250092
test_000948,23,0.0,0.4110748276620181
test_000948,24,0.0,0.6600103471270236
test_000949,1,0.0,-0.22248208419347268
test_000949,2,0.0,0.2838172479585049
test_000949,3,0.0,0.6439425248702062
test_000949,4,0.0,0.421225015828017
test_000949,5,0.0,-0.4868445199308813
test_000949,6,0.0,-0.7370345916264169
test_000949,7,0.04240353393300552,-0.04299338564171286
test_000949,8,0.172799643171132,-0.4835268633432078
test_000949,9,0.348004226657763,-0.49851235857482423
test_000949,10,0.5389752037165285,-0.21560516462794155
test_000949,11,0.6820722734315088,0.4086308791217961
test_000949,12,0.7356264100081312,0.6322750010064648
test_000949,13,0.7988513653269488,-0.5307529883471958
test_000949,14,0.6463008310572971,0.05560662322970037
test_000949,15,0.6014267751325981,0.4283598728759235
test_000949,16,0.44737943454347956,-0.40423014045632816
test_000949,17,0.25420919467266556,0.055241205313020555
test_000949,18,0.08596444438017815,-0.7433061470151662
test_000949,19,0.0,-0.8445100589568204
test_000949,20,0.0,-0.3294717634901506
test_000949,21,0.0,-0.25865381514070085
test_000949,22,0.0,-0.1704641775574367
test_000949,23,0.0,0.056346920876263064
test_000949,24,0.0,-0.09723628504006394
test_000950,1,0.0,-0.3438947016499871
test_000950,2,0.0,-0.6850894778844199
test_000950,3,0.0,0.33570187760127324
test_000950,4,0.0,0.5315875448878609
test_000950,5,0.0,-0.8811305003072601
test_000950,6,0.0,-0.8243812008611696
test_000950,7,0.030734241984137378,-0.8322348581792227
test_000950,8,0.13116997197655125,-0.8695003048854868
test_000950,9,0.3034552312759997,-0.9869988656529118
test_000950,10,0.49870251303906565,-0.8441056322387475
test_000950,11,0.6492867727435524,-0.9401942689561533
test_000950,12,0.6687674723122725,-0.8252230705392666
test_000950,13,0.663082789068176,-0.5601525685263818
test_000950,14,0.5691783230896693,-0.25948255368467193
test_000950,15,0.5253954926888347,-0.3408808023341454
test_000950,16,0.4116795271601899,-0.24502588238718723
test_000950,17,0.2518995946703883,-0.2722771128045087
test_000950,18,0.08642676571751749,0.006365202174151109
test_000950,19,0.0,0.635429451954976
test_000950,20,0.0,0.4225750837390979
test_000950,21,0.0,-0.5757809782221102
test_000950,22,0.0,-0.32841676171555945
test_000950,23,0.0,-0.1138184060711615
test_000950,24,0.0,-0.3655460888176494
test_000951,1,0.0,0.17464304779719536
test_000951,2,0.0,-0.43451438981487506
test_000951,3,0.0,-0.037079518541261146
test_000951,4,0.0,-0.5425016662570359
test_000951,5,0.0,-0.5880574483605838
test_000951,6,0.0,-0.40964601881739193
test_000951,7,0.042550581600054614,0.030272648483621795
test_000951,8,0.17587982632739851,-0.11428459646681449
test_000951,9,0.3523153544128544,-0.5843378649444644
test_000951,10,0.5720639888058486,-0.20318903162583174
test_000951,11,0.763971249609322,-0.38751520414242524
test_000951,12,0.8758952549830051,0.50355733031084
test_000951,13,0.8786775896521464,0.6923136313423459
test_000951,14,0.8198397210635946,-0.14353424001882423
test_000951,15,0.6912312081393062,-0.7629474290681633
test_000951,16,0.5073073923196677,-0.7310276420492372
test_000951,17,0.3014147548205306,-0.7183722000104744
test_000951,18,0.09444143939786316,-0.773876163544892
test_000951,19,0.0,-0.7373816108940107
test_000951,20,0.0,-0.8023403707760256
test_000951,21,0.0,-0.8597786413157467
test_000951,22,0.0,-0.6042637214459898
test_000951,23,0.0,-0.5513981695574268
test_000951,24,0.0,0.00749006681259821
test_000952,1,0.0,-0.7525217842639986
test_000952,2,0.0,-0.48163738393891686
test_000952,3,0.0,-0.522124402259035
test_000952,4,0.0,0.015491357884206464
test_000952,5,0.0,-0.17568249762144159
test_000952,6,0.0,0.7307483289945622
test_000952,7,0.03139414328591596,0.8943218772887473
test_000952,8,0.11394129809262131,0.7578579335808162
test_000952,9,0.23370512771283766,0.5552081273297955
test_000952,10,0.37669728984274403,0.6358219139095662
test_000952,11,0.4895313982497879,0.31207770637936727
test_000952,12,0.6217657102994595,-0.3203079693310296
test_000952,13,0.595553898320084,0.5605599905469314
test_000952,14,0.549470851565043,0.7674945711313703
test_000952,15,0.4081566378821016,0.27024747318331016
test_000952,16,0.3236091167702407,0.0674253530042302
test_000952,17,0.20056838361941243,-0.8302608373369114
test_000952,18,0.07495897747797321,-0.574976539045148
test_000952,19,0.0,-0.36630451226683663
test_000952,20,0.0,-0.5200493146960432
test_000952,21,0.0,-0.27065816413978877
test_000952,22,0.0,-0.1291080329085771
test_000952,23,0.0,0.07377651811478124
test_000952,24,0.0,0.39618441326450615
test_000953,1,0.0,0.6281277426770004
test_000953,2,0.0,0.5220832693857249
test_000953,3,0.0,-0.048117549257827984
test_000953,4,0.0,0.3190372799644416
test_000953,5,0.0,0.7162279524497311
test_000953,6,0.0,0.82486534491592
test_000953,7,0.036800013739412885,0.6517226814362242
test_000953,8,0.15491940350503125,0.6741506136064054
test_000953,9,0.30803702851117487,0.23361875032694834
test_000953,10,0.4990536949397956,0.2256422694205375
test_000953,11,0.6911855279355844,-0.049654301676948835
test_000953,12,0.7972554126157261,0.05182647652457202
test_000953,13,0.802578052065389,-0.21614956737858415
test_000953,14,0.7448846523020763,0.584455118559716
test_000953,15,0.5773313031140828,-0.37302810499497013
test_000953,16,0.41969600539874874,-0.8430049361012846
test_000953,17,0.26534317890779074,-0.6602178554134597
test_000953,18,0.09702820801711735,-0.4512580774684809
test_000953,19,0.0,-0.9031019551174093
test_000953,20,0.0,-0.7145813001340982
test_000953,21,0.0,-0.2532256358176167
test_000953,22,0.0,-0.09577594110086975
test_000953,23,0.0,-0.521117841733445
test_000953,24,0.0,-0.3129549799407723
test_000954,1,0.0,-0.3066183431211257
test_000954,2,0.0,-0.30920731699203663
test_000954,3,0.0,-0.2453197378131192
test_000954,4,0.0,-0.4781517037912184
test_000954,5,0.0,0.36842525675820537
test_000954,6,0.0,0.4324934324790895
test_000954,7,0.028712913122514366,0.3286926215057132
test_000954,8,0.12988806788142782,0.6256293421471031
test_000954,9,0.2373058894633335,0.6810877679730224
test_000954,10,0.3988322145302421,0.1826841666799643
test_000954,11,0.5238553342648707,0.6115202033068359
test_000954,12,0.5797817000261436,-0.07016796105648593
test_000954,13,0.5687130831136308,0.5790225331352956
test_000954,14,0.466322240572927,-0.3813304418531399
test_000954,15,0.4432780480804569,-0.5717521913267702
test_000954,16,0.34935741971302897,-0.03208979918059941
test_000954,17,0.18779486949237464,-0.3507186481600716
test_000954,18,0.07319401093235482,0.11328694456360325
test_000954,19,0.0,0.1753199222648505
test_000954,20,0.0,-0.07929683927270267
test_000954,21,0.0,-0.6418013844607222
test_000954,22,0.0,-0.8727474913424171
test_000954,23,0.0,-0.31735903991033976
test_000954,24,0.0,0.2856123509479424
test_000955,1,0.0,0.1643061335514534
test_000955,2,0.0,0.11124884971103897
test_000955,3,0.0,0.33842142130115754
test_000955,4,0.0,0.23785479021740522
test_000955,5,0.0,0.5738828580267115
test_000955,6,0.0,-0.0027580658396071955
test_000955,7,0.0459111706677198,-0.6962919936170071
test_000955,8,0.18370559780698636,-0.6039667052721455
test_000955,9,0.35630561237976566,-0.45062918218016323
test_000955,10,0.5406749590499651,-0.17914559865138302
test_000955,11,0.7308201655176612,-0.8129198066718101
test_000955,12,0.8307628628372743,-0.40179611712381225
test_000955,13,0.862824277954349,-0.3998893393013762
test_000955,14,0.8153834990615015,-0.6712340148074958
test_000955,15,0.6334311964411039,-0.21342812432836672
test_000955,16,0.4673345542127365,-0.2107527155678844
test_000955,17,0.29085368813667245,-0.31659281169990644
test_000955,18,0.09753188642807414,-0.2472703784441562
test_000955,19,0.0,-0.9105605334183463
test_000955,20,0.0,-0.7868676955750258
test_000955,21,0.0,-0.09606843716281027
test_000955,22,0.0,0.5396902972444502
test_000955,23,0.0,0.1564146075014435
test_000955,24,0.0,0.4935983221034361
test_000956,1,0.0,0.9693728526096437
test_000956,2,0.0,0.9428665594918066
test_000956,3,0.0,0.972983485260051
test_000956,4,0.0,0.7495895471641183
test_000956,5,0.0,0.7314883553163645
test_000956,6,0.0,0.5744861114532965
test_000956,7,0.04336795888397612,-0.46074195496501946
test_000956,8,0.17084853124633104,-0.05081277149608475
test_000956,9,0.34642222899880104,0.2512317638923399
test_000956,10,0.5517175145590423,0.013880474221934896
test_000956,11,0.7089257216414766,-0.7747120612856209
test_000956,12,0.755795207538588,-0.5912491360450765
test_000956,13,0.7643193951812026,-0.7156974522080986
test_000956,14,0.7517027359860113,-0.04509333630584434
test_000956,15,0.6607968185901218,0.36363987371196693
test_000956,16,0.47679372863600683,0.35572380114452895
test_000956,17,0.25220354839346626,0.6666038257018776
test_000956,18,0.0931906567265471,-0.6422623592278167
test_000956,19,0.0,-0.2005207761671839
test_000956,20,0.0,0.24212004277619215
test_000956,21,0.0,-0.7202865090722834
test_000956,22,0.0,-0.5106695996823495
test_000956,23,0.0,0.07040321496952888
test_000956,24,0.0,-0.3578045742342172
test_000957,1,0.0,-0.5508018269357504
test_000957,2,0.0,-0.30478505460058586
test_000957,3,0.0,0.18738144585121133
test_000957,4,0.0,0.5962806594716616
test_000957,5,0.0,0.2590712809606998
test_000957,6,0.0,-0.3579696355451412
test_000957,7,0.04250421237683705,-0.5736795534560355
test_000957,8,0.1640179232119359,-0.8483801063951668
test_000957,9,0.3161775285153958,-0.62408613423275
test_000957,10,0.49630405695847907,-0.37608229236006985
test_000957,11,0.6537867954585533,-0.5812396239525777
test_000957,12,0.7590155300433433,0.46430696633415325
test_000957,13,0.8203940070344797,0.48404553251069526
test_000957,14,0.7567945285531099,0.7840988648048324
test_000957,15,0.651602171190934,0.655982501765866
test_000957,16,0.49340544641678263,0.7195562150253548
test_000957,17,0.2605423259775435,0.5217806336519977
test_000957,18,0.09623902698281564,0.5490298848801723
test_000957,19,0.0,0.30278373962675037
test_000957,20,0.0,0.6728173765520985
test_000957,21,0.0,0.3191993193634823
test_000957,22,0.0,-0.4847632094103269
test_000957,23,0.0,-0.5676776790778951
test_000957,24,0.0,-0.11826897968595167
test_000958,1,0.0,-0.5325263015683936
test_000958,2,0.0,0.22507650547109234
test_000958,3,0.0,0.17496435551075787
test_000958,4,0.0,-0.2789937795297012
test_000958,5,0.0,0.3670538281662428
test_000958,6,0.0,0.0822780860738916
test_000958,7,0.04468283829460991,-0.22942483973438532
test_000958,8,0.1808326280384998,0.3288054891219112
test_000958,9,0.3487601648634761,0.007360529625921795
test_000958,10,0.5637363566865949,-0.7642387953875467
test_000958,11,0.7306886908228453,-0.8025161025696375
test_000958,12,0.8120400264819108,-0.7096622731746367
test_000958,13,0.7567101714493247,-0.2604934219811752
test_000958,14,0.7841135391633607,-0.5090267924597947
test_000958,15,0.6771772228485395,-0.8802723604876008
test_000958,16,0.5099483336105886,-0.2613228963342878
test_000958,17,0.29180315006440205,-0.6156929269264377
test_000958,18,0.09755116074349576,-0.5683297237207315
test_000958,19,0.0,-0.16544811164134435
test_000958,20,0.0,-0.1884110671214732
test_000958,21,0.0,0.34662965821457
test_000958,22,0.0,0.7424536861821729
test_000958,23,0.0,0.9321455811333482
test_000958,24,0.0,0.10820533852017321
test_000959,1,0.0,0.782518518309375
test_000959,2,0.0,0.03438188813677171
test_000959,3,0.0,0.4918188106561113
test_000959,4,0.0,-0.10563399596759182
test_000959,5,0.0,-0.5069762857308799
test_000959,6,0.0,-0.3855436112303443
test_000959,7,0.04321541934928266,-0.13064844448452154
test_000959,8,0.1674388995670326,0.5214987287554913
test_000959,9,0.3349375540973772,0.23009215761031312
test_000959,10,0.540898836188713,0.7772178384050286
test_000959,11,0.7347348032765886,0.8120720999582467
test_000959,12,0.8276532487360593,0.9045918668923985
test_000959,13,0.878521084164695,0.9763449813486372
test_000959,14,0.8503235712434419,0.7006176839685146
test_000959,15,0.7188390343214727,0.7624620889975546
test_000959,16,0.5293081021671915,0.5828750176383402
test_000959,17,0.29778737023747753,0.5455799409719647
test_000959,18,0.09925016504073135,0.6777843326160551
test_000959,19,0.0,0.5010349295566374
test_000959,20,0.0,0.20988968432764324
test_000959,21,0.0,0.6680434389165236
test_000959,22,0.0,-0.4333806574202315
test_000959,23,0.0,-0.7775939887762165
test_000959,24,0.0,-0.8889593258823366
test_000960,1,0.0,-0.039249615619769335
test_000960,2,0.0,-0.39372961366046016
test_000960,3,0.0,0.13132156912359705
test_000960,4,0.0,0.37237188456293935
test_000960,5,0.0,0.5117641687653615
test_000960,6,0.0,0.6004094842434873
test_000960,7,0.0396428154881046,-0.1540779376861459
test_000960,8,0.14865889533423848,-0.5252270275711617
test_000960,9,0.3026209696737628,-0.5061529604211144
test_000960,10,0.5051779349647796,0.1356719560903481
test_000960,11,0.7048766334004387,-0.290466597983785
test_000960,12,0.7683720647772674,0.16018214676442474
test_000960,13,0.7180733600785288,0.6077849694516612
test_000960,14,0.7271545493886158,0.7313013234960821
test_000960,15,0.6347163518378689,-0.5465414342431554
test_000960,16,0.454141566727046,-0.8515570220981675
test_000960,17,0.26941558883228395,-0.40781012986871784
test_000960,18,0.09392277686287893,-0.4071325333266079
test_000960,19,0.0,-0.2735687224469488
test_000960,20,0.0,0.040017802143635504
test_000960,21,0.0,-0.5879071428405862
test_000960,22,0.0,-0.32813715886782957
test_000960,23,0.0,-0.18072911222379584
test_000960,24,0.0,-0.5060513145595791
test_000961,1,0.0,0.16305118749752587
test_000961,2,0.0,-0.38568726756028515
test_000961,3,0.0,-0.09207647777682641
test_000961,4,0.0,-0.24745687666503355
test_000961,5,0.0,0.0312557720697678
test_000961,6,0.0,-0.4698737406622907
test_000961,7,0.030044152971423918,-0.021638898226467373
test_000961,8,0.11188076224990572,0.32818334648557185
test_000961,9,0.21989014240393498,-0.2043156848057623
test_000961,10,0.36027440530827654,0.06847062203325756
test_000961,11,0.4716254015878389,-0.5271084719132249
test_000961,12,0.5768879911266563,-0.12767146427051265
test_000961,13,0.5076260499926234,0.07206859440426834
test_000961,14,0.45707176907613606,0.08252024494216446
test_000961,15,0.36469907097536425,-0.47654988347388405
test_000961,16,0.29324117248581927,0.43028024867914694
test_000961,17,0.2252707317711165,0.15950261305756314
test_000961,18,0.07023034719350128,0.33971690988484643
test_000961,19,0.0,0.2876370630287165
test_000961,20,0.0,-0.22934984082045837
test_000961,21,0.0,0.3255259889961781
test_000961,22,0.0,0.265887268295749
test_000961,23,0.0,0.6276751538543812
test_000961,24,0.0,0.40484289807421914
test_000962,1,0.0,0.7568896576750174
test_000962,2,0.0,0.15562955018000438
test_000962,3,0.0,-0.056617031630944926
test_000962,4,0.0,-0.3446473761299029
test_000962,5,0.0,-0.7440373141888186
test_000962,6,0.0,-0.7361156603494581
test_000962,7,0.029332200715325482,-0.9098430367875983
test_000962,8,0.12842163896604977,-0.896832123381414
test_000962,9,0.23087226317932613,-0.932655469593475
test_000962,10,0.39631443624996293,-0.9625605583862531
test_000962,11,0.513234648089869,-0.9044441930618546
test_000962,12,0.4942624773440351,-0.4046070470959711
test_000962,13,0.502375312654527,0.7713514628957325
test_000962,14,0.43048480172379083,0.6133012436827423
test_000962,15,0.3769940395007147,0.8114949213405221
test_000962,16,0.3301646806462412,0.8369141394533123
test_000962,17,0.18338924898224557,0.8253688471929395
test_000962,18,0.06513594048793114,0.15653022382350695
test_000962,19,0.0,0.0629023760917897
test_000962,20,0.0,0.17097900025109675
test_000962,21,0.0,-0.004272329960234151
test_000962,22,0.0,0.46125783087611
test_000962,23,0.0,0.9398764029675182
test_000962,24,0.0,0.674042328001013
test_000963,1,0.0,0.2453887849958124
test_000963,2,0.0,0.17990594641346222
test_000963,3,0.0,0.09650485617975511
test_000963,4,0.0,0.6174741834661099
test_000963,5,0.0,0.2720124589498063
test_000963,6,0.0,0.5590018923191917
test_000963,7,0.03501673418296924,0.228452945664819
test_000963,8,0.14067428012935135,-0.08623506013445252
test_000963,9,0.2366387962429125,0.390784202671562
test_000963,10,0.418097250760217,-0.04608573356978189
test_000963,11,0.5706601147980225,0.007221972182077748
test_000963,12,0.6159963930217155,0.3773522257625283
test_000963,13,0.580090225074149,0.6018962734043505
test_000963,14,0.424190751007347,0.5545015922913324
test_000963,15,0.3333785610381351,-0.09241512297350782
test_000963,16,0.22800118651681153,-0.5669729518806653
test_000963,17,0.13771984226251138,-0.4691791747464178
test_000963,18,0.05394391137798011,-0.6838927033882092
test_000963,19,0.0,-0.7217198696384467
test_000963,20,0.0,-0.798616894469911
test_000963,21,0.0,-0.5581513099199308
test_000963,22,0.0,-0.3632243700697404
test_000963,23,0.0,-0.7858972490110897
test_000963,24,0.0,-0.16419349213281423
test_000964,1,0.0,-0.12286715403132206
test_000964,2,0.0,0.015540634698042233
test_000964,3,0.0,0.1733844377374864
test_000964,4,0.0,0.40376675485391833
test_000964,5,0.0,0.8876832257161956
test_000964,6,0.0,0.5490811723568017
test_000964,7,0.03711305304208916,-0.24327751430903877
test_000964,8,0.14950724207302044,-0.5291703502297556
test_000964,9,0.3263014620927126,0.3366808622954011
test_000964,10,0.49720303443986585,0.5124829150613306
test_000964,11,0.6440752590499811,0.8165395007979677
test_000964,12,0.7131140269831495,0.3782920095550895
test_000964,13,0.6969023359511022,0.36384061539172136
test_000964,14,0.697063570203298,0.506228451592374
test_000964,15,0.5563083373148799,-0.9299858985065005
test_000964,16,0.44493114350574475,-0.6483610093880956
test_000964,17,0.2852490314216002,-0.6911284717355595
test_000964,18,0.09504338070779858,-0.022337905058982647
test_000964,19,0.0,-0.40746147928859866
test_000964,20,0.0,-0.5837506610269415
test_000964,21,0.0,-0.8006409074866778
test_000964,22,0.0,-0.15977616238371922
test_000964,23,0.0,-0.20988961220945565
test_000964,24,0.0,-0.8187352340235029
test_000965,1,0.0,0.18781267411835206
test_000965,2,0.0,0.04474736379490299
test_000965,3,0.0,-0.8184527088919942
test_000965,4,0.0,-0.07988861254933685
test_000965,5,0.0,-0.8032996526899505
test_000965,6,0.0,-0.6177421091002953
test_000965,7,0.03936553432440118,-0.8784920879093319
test_000965,8,0.16015659245184888,-0.5447038102406134
test_000965,9,0.30742826561829667,-0.007706069280171467
test_000965,10,0.5386734091464965,0.27651427883043045
test_000965,11,0.6725219204117244,0.04047921587873342
test_000965,12,0.7709855051615009,0.7279322914257442
test_000965,13,0.785767842382363,-0.29784877576721475
test_000965,14,0.8132273765723005,-0.03411169798739308
test_000965,15,0.7124836594039321,0.14655043092264186
test_000965,16,0.518281561556886,-0.6588764844087995
test_000965,17,0.30327414768325117,0.03667190091838423
test_000965,18,0.1054900511946866,0.29479926232611453
test_000965,19,0.0,0.31521823947866445
test_000965,20,0.0,0.5868706863198181
test_000965,21,0.0,0.46427673699467664
test_000965,22,0.0,0.610198052290234
test_000965,23,0.0,0.3835777657546118
test_000965,24,0.0,0.29524598553920883
test_000966,1,0.0,0.15042586162926885
test_000966,2,0.0,-0.5215923320148517
test_000966,3,0.0,-0.7273974093520624
test_000966,4,0.0,-0.3110483040669043
test_000966,5,0.0,-0.50708273174882
test_000966,6,0.0,-0.7611203740699808
test_000966,7,0.047912213201643655,-0.5137437239814804
test_000966,8,0.1896112043229841,-0.49374532654508474
test_000966,9,0.3794059968121479,0.05899238120016659
test_000966,10,0.6290617022097128,0.2232343444756393
test_000966,11,0.829349730697803,-0.022105497689776443
test_000966,12,0.93522452538465,0.02277941514112679
test_000966,13,0.9683210449101092,0.6129008832929947
test_000966,14,0.9169010475007211,-0.22905685810034404
test_000966,15,0.7740536898410686,0.25789005274046245
test_000966,16,0.5767534345731116,0.5538750077848024
test_000966,17,0.3337851926355545,0.41067033387740315
test_000966,18,0.11309692907762786,-0.31591999289549344
test_000966,19,0.0,-0.27570145505128285
test_000966,20,0.0,0.5181014257495542
test_000966,21,0.0,0.21267951838552124
test_000966,22,0.0,0.07123119174799245
test_000966,23,0.0,0.49863745372371204
test_000966,24,0.0,0.6743648806382403
test_000967,1,0.0,0.14261558833512267
test_000967,2,0.0,0.49976772300348526
test_000967,3,0.0,-0.03614403687437146
test_000967,4,0.0,-0.1751187869840652
test_000967,5,0.0,-0.6093636195281236
test_000967,6,0.0,0.08880862261016073
test_000967,7,0.044490302280821604,-0.31733471108384725
test_000967,8,0.17911067029040642,-0.8614570112704077
test_000967,9,0.3497470474727215,-0.8950181988828657
test_000967,10,0.5750516788118917,-0.697694932759974
test_000967,11,0.7646008416471163,-0.2508693650794439
test_000967,12,0.8674435790460695,-0.08151626794047243
test_000967,13,0.8512379617051017,-0.5019287888998044
test_000967,14,0.7449969697406685,-0.791441242066988
test_000967,15,0.6699797308722147,-0.7533959979957049
test_000967,16,0.5087250079317156,-0.4118284908180294
test_000967,17,0.291067929630674,-0.015872361226078626
test_000967,18,0.10028558119369121,0.6713033478888397
test_000967,19,0.0,0.6796792726083667
test_000967,20,0.0,0.784903628682141
test_000967,21,0.0,0.9160912213463358
test_000967,22,0.0,0.7938956741589285
test_000967,23,0.0,0.731954605405765
test_000967,24,0.0,0.776112933209651
test_000968,1,0.0,0.6744397599265182
test_000968,2,0.0,0.9529281744916923
test_000968,3,0.0,0.7644274153692932
test_000968,4,0.0,0.9871595671408554
test_000968,5,0.0,0.8367667670720589
test_000968,6,0.0,0.4523406068956083
test_000968,7,0.040461390750903124,0.24342911281311513
test_000968,8,0.17042705773638414,0.20121809648301384
test_000968,9,0.33492498784956226,0.4135289011712995
test_000968,10,0.5430582751435652,0.34293291242313567
test_000968,11,0.71233371313876,0.4710644230054519
test_000968,12,0.7947427998080616,0.4189727202435971
test_000968,13,0.8475030227093563,0.02877456014356112
test_000968,14,0.7961680552345785,-0.19576847930925706
test_000968,15,0.6731443603866063,0.2387514773472678
test_000968,16,0.498165409064852,0.4307334977540876
test_000968,17,0.2829266940575433,0.19330331131056738
test_000968,18,0.10108889821593484,0.5275937770531378
test_000968,19,0.0,0.17173725033378714
test_000968,20,0.0,-0.8000083551207962
test_000968,21,0.0,-0.34117161067581514
test_000968,22,0.0,-0.5854380400712016
test_000968,23,0.0,-0.21935643449222159
test_000968,24,0.0,-0.199764139198819
test_000969,1,0.0,-0.3470502024889753
test_000969,2,0.0,-0.7100147906168364
test_000969,3,0.0,-0.8827188370318243
test_000969,4,0.0,-0.07135714109511741
test_000969,5,0.0,-0.02083521397043724
test_000969,6,0.0,0.021241502711274313
test_000969,7,0.026974337590214382,-0.4615059904284381
test_000969,8,0.11153733810135934,0.7638152340364474
test_000969,9,0.19534890357278237,-0.2884971620223666
test_000969,10,0.3026622602072719,0.32776177560302716
test_000969,11,0.3957559744662428,0.5758798852089122
test_000969,12,0.5101694601838004,0.4433145370989715
test_000969,13,0.44168655799290973,0.3110724200218454
test_000969,14,0.46431881920308193,0.625171147395813
test_000969,15,0.37709539390505376,-0.10967829471678167
test_000969,16,0.3919223619603096,-0.4654960399859931
test_000969,17,0.2494167833553224,-0.551410352374373
test_000969,18,0.07486672458042928,-0.3219229302614896
test_000969,19,0.0,-0.7261711284731351
test_000969,20,0.0,-0.912574966205877
test_000969,21,0.0,-0.543634230473004
test_000969,22,0.0,-0.01889231174392081
test_000969,23,0.0,0.5178952174648507
test_000969,24,0.0,-0.02132736725901495
test_000970,1,0.0,-0.5024911440932027
test_000970,2,0.0,-0.6832458829857906
test_000970,3,0.0,0.05069454185407871
test_000970,4,0.0,-0.5917019788750189
test_000970,5,0.0,0.3424070101544361
test_000970,6,0.0,-0.05552258016793698
test_000970,7,0.02067494595488694,-0.5788864091882406
test_000970,8,0.0955478117685733,-0.533260432323703
test_000970,9,0.18351469222386319,-0.4451114714786548
test_000970,10,0.33327845873781897,-0.7193113890027767
test_000970,11,0.3918474423145731,-0.7411949989545837
test_000970,12,0.3931827816833037,-0.5024197196050045
test_000970,13,0.5540861099799732,-0.4565081563864882
test_000970,14,0.5982817104426906,-0.5051112206482014
test_000970,15,0.46585847188318913,-0.36511108549970556
test_000970,16,0.3546798097103564,-0.09945750801778654
test_000970,17,0.20848227408031053,0.4716254047342112
test_000970,18,0.07478655261955829,-0.23579563261013103
test_000970,19,0.0,-0.2635455520418172
test_000970,20,0.0,-0.45463136439582896
test_000970,21,0.0,-0.5288558491527534
test_000970,22,0.0,-0.8105097406062903
test_000970,23,0.0,-0.4754880911431618
test_000970,24,0.0,-0.4426687796536004
test_000971,1,0.0,0.07301605256462973
test_000971,2,0.0,-0.07665909585397489
test_000971,3,0.0,-0.07975866358468808
test_000971,4,0.0,0.17471277952629496
test_000971,5,0.0,0.006036277500704908
test_000971,6,0.0,0.8395315124388625
test_000971,7,0.043680452374735765,0.8053111098494833
test_000971,8,0.16131582569193903,0.2633123272091117
test_000971,9,0.30345275614786454,-0.1835602367682717
test_000971,10,0.5455324809868324,0.005105870898771917
test_000971,11,0.7188126477008963,-0.5039878240189862
test_000971,12,0.8073228683101498,-0.8073489818366278
test_000971,13,0.8103642072669602,-0.8976775502589823
test_000971,14,0.7728727781641319,-0.5924689336242317
test_000971,15,0.6654587518976142,-0.18600947644569796
test_000971,16,0.5364296263612282,-0.37099915962667385
test_000971,17,0.30768150343717815,-0.6197650395052201
test_000971,18,0.10402236048202362,0.43460864207350947
test_000971,19,0.0,0.6452871216786378
test_000971,20,0.0,0.8197003453587289
test_000971,21,0.0,0.7744416637240725
test_000971,22,0.0,0.7106673101087767
test_000971,23,0.0,-0.1086037651488475
test_000971,24,0.0,-0.41162596056621403
test_000972,1,0.0,-0.07990713135502205
test_000972,2,0.0,0.6715947366110528
test_000972,3,0.0,0.7669115717250131
test_000972,4,0.0,0.6830791399817762
test_000972,5,0.0,0.6464540635693468
test_000972,6,0.0,-0.18678848207275295
test_000972,7,0.027444974058570257,-0.6806479992572079
test_000972,8,0.11895806910103253,-0.7125534442753427
test_000972,9,0.2704211570286605,-0.878343334994964
test_000972,10,0.4637985639430183,-0.7548187878689688
test_000972,11,0.5809509233307579,-0.12816471383771177
test_000972,12,0.618886021455742,0.43386482052924563
test_000972,13,0.7011773535727952,0.4167792874783744
test_000972,14,0.6975591235685648,0.8827614924297832
test_000972,15,0.6198675355573605,0.8589526955855405
test_000972,16,0.4539183686098972,0.20229779847238008
test_000972,17,0.2800646190395559,-0.00026552719299746924
test_000972,18,0.08838504700756263,-0.6722055393160526
test_000972,19,0.0,-0.5750106158520827
test_000972,20,0.0,-0.49446337376605365
test_000972,21,0.0,-0.8867520282766104
test_000972,22,0.0,-0.6180233273270497
test_000972,23,0.0,-0.22096677435338247
test_000972,24,0.0,0.3711822994072451
test_000973,1,0.0,-0.3162833461098031
test_000973,2,0.0,0.44005118121225784
test_000973,3,0.0,-0.0775514366834929
test_000973,4,0.0,-0.2416276442666056
test_000973,5,0.0,-0.3367533018968861
test_000973,6,0.0,-0.6258766407085181
test_000973,7,0.02330422197613451,0.5555231334709742
test_000973,8,0.08479992584021007,0.3319497583676785
test_000973,9,0.22863827869733644,0.32721173579734003
test_000973,10,0.3390786498941415,-0.47646809570293513
test_000973,11,0.4457002060745779,0.1211482381795169
test_000973,12,0.45624346674913774,0.3540626857827212
test_000973,13,0.47534218013280344,0.847798017160652
test_000973,14,0.40664958588648054,0.796346186039851
test_000973,15,0.41554525316291824,0.587196762144959
test_000973,16,0.33159754593569496,0.5662810986593783
test_000973,17,0.20939958780167514,0.07548902465397406
test_000973,18,0.06461462212037457,-0.8271133353893438
test_000973,19,0.0,-0.6815193687287415
test_000973,20,0.0,0.06880664892497505
test_000973,21,0.0,0.42788877340289483
test_000973,22,0.0,-0.3250540499337738
test_000973,23,0.0,-0.8745055562365418
test_000973,24,0.0,0.20031120118773812
test_000974,1,0.0,0.7650655868753993
test_000974,2,0.0,0.0768769745226189
test_000974,3,0.0,-0.11711759722085702
test_000974,4,0.0,-0.35568747108468146
test_000974,5,0.0,-0.3823689753911385
test_000974,6,0.0,-0.5258222111097063
test_000974,7,0.04669714666846364,0.014462104205633434
test_000974,8,0.18737152086916753,0.37642705616764344
test_000974,9,0.37143940788814134,0.538065237426963
test_000974,10,0.614039630136481,0.8362005141229621
test_000974,11,0.7761561731281648,0.35131983726938787
test_000974,12,0.8716334639521831,0.5535642150411294
test_000974,13,0.8933124912105979,0.5501549665885992
test_000974,14,0.8778575826060471,-0.554014944769998
test_000974,15,0.7288637969494778,-0.12508691629030802
test_000974,16,0.5659113218434034,-0.2401536489296399
test_000974,17,0.3214611172413837,-0.17228724132292195
test_000974,18,0.11130240135311324,0.08335494592992132
test_000974,19,0.0,0.09244313899683683
test_000974,20,0.0,0.5872221192504806
test_000974,21,0.0,0.7991544160167259
test_000974,22,0.0,0.8306126143080862
test_000974,23,0.0,0.84719457195164
test_000974,24,0.0,0.9228981209724746
test_000975,1,0.0,-0.08796516795835327
test_000975,2,0.0,0.1448048887240224
test_000975,3,0.0,-0.28661728845428686
test_000975,4,0.0,-0.14246103487848963
test_000975,5,0.0,-0.19423743009591896
test_000975,6,0.0,0.2944537041371093
test_000975,7,0.03693345889708916,0.5032670399857291
test_000975,8,0.15428981189931237,0.32110517799224697
test_000975,9,0.29172501213465957,0.19793980998550834
test_000975,10,0.5150956680278476,-0.35446789449633953
test_000975,11,0.666670333089857,-0.18903968152869502
test_000975,12,0.7482910919433255,0.21454242437494883
test_000975,13,0.7766955330401984,-0.23981967798475623
test_000975,14,0.7361206158173277,-0.18071623119592214
test_000975,15,0.5544893151495217,-0.701836154412393
test_000975,16,0.4490119387060119,-0.9191094630863831
test_000975,17,0.24747125086129723,-0.9508382520294887
test_000975,18,0.07298602696199243,-0.9218317408716658
test_000975,19,0.0,-0.9600680285772841
test_000975,20,0.0,-0.6579467726835918
test_000975,21,0.0,-0.4176203436015017
test_000975,22,0.0,0.5644401722943315
test_000975,23,0.0,-0.02263502849760085
test_000975,24,0.0,-0.08236011766803779
test_000976,1,0.0,-0.1456352820202691
test_000976,2,0.0,-0.09419435862925991
test_000976,3,0.0,0.13950375819347996
test_000976,4,0.0,-0.03686650816059273
test_000976,5,0.0,-0.4619602349648043
test_000976,6,0.0,-0.9178604074391966
test_000976,7,0.037113967544265256,-0.5792908149902531
test_000976,8,0.16085734184226483,-0.48518877930994997
test_000976,9,0.3352858971169964,0.18214580202775493
test_000976,10,0.5092339648699635,0.6802101437634342
test_000976,11,0.5966283395416059,0.8687569662354799
test_000976,12,0.6941025889166038,0.37460429555742714
test_000976,13,0.7369183038080419,0.8036864212859715
test_000976,14,0.7728731415437621,0.7907643515133284
test_000976,15,0.6397799927364458,0.14000275853252622
test_000976,16,0.44277156232211545,0.6479292576530673
test_000976,17,0.2473663735282157,0.0927705056994015
test_000976,18,0.09176570295362642,0.42355854569290063
test_000976,19,0.0,0.5033987835131792
test_000976,20,0.0,0.61709266640157
test_000976,21,0.0,0.0769558626936135
test_000976,22,0.0,-0.36981120548871116
test_000976,23,0.0,0.07923637119651669
test_000976,24,0.0,-0.6216127515901854
test_000977,1,0.0,-0.3566920945937898
test_000977,2,0.0,-0.1522107230389948
test_000977,3,0.0,0.07525020324022708
test_000977,4,0.0,-0.23650230826973967
test_000977,5,0.0,-0.6101727680262623
test_000977,6,0.0,-0.8952336696163983
test_000977,7,0.04655692651332571,-0.5518688641036607
test_000977,8,0.18374330375071996,-0.8121729447896752
test_000977,9,0.34769768264534856,-0.5985136813855594
test_000977,10,0.5554173165827013,-0.7191970785303848
test_000977,11,0.7276861445641664,-0.8093087410069744
test_000977,12,0.8171083147365371,-0.2605078421304733
test_000977,13,0.8518706663705016,-0.37368716671193397
test_000977,14,0.7992948678772271,0.6147177133122239
test_000977,15,0.6964557100047902,0.24581348474077255
test_000977,16,0.522363348529619,0.750476068730302
test_000977,17,0.31641079133187644,0.24008097960266603
test_000977,18,0.10244692451821469,0.28875615236864366
test_000977,19,0.0,-0.36211636885208986
test_000977,20,0.0,-0.1665140989938494
test_000977,21,0.0,-0.4992954664914565
test_000977,22,0.0,-0.034112991423708786
test_000977,23,0.0,0.21897274382846732
test_000977,24,0.0,0.053612735296816656
test_000978,1,0.0,0.19415209788837853
test_000978,2,0.0,-0.009218229792475028
test_000978,3,0.0,0.8856160621377563
test_000978,4,0.0,0.1775876520973701
test_000978,5,0.0,-0.11999398939308265
test_000978,6,0.0,-0.5311869122327886
test_000978,7,0.022726014214277005,0.11387169670954198
test_000978,8,0.12464526927874209,-0.6103629721530772
test_000978,9,0.2073958229876617,-0.7521632383620407
test_000978,10,0.3173135403496897,0.24192651331393858
test_000978,11,0.4054912910881587,0.3863210620607443
test_000978,12,0.47626367624593313,-0.27843511114533204
test_000978,13,0.5711541544287805,-0.5705266044776434
test_000978,14,0.4959689643716246,-0.621854872158851
test_000978,15,0.5384379995358737,-0.08220110253433267
test_000978,16,0.3485645246045865,0.1272925013953707
test_000978,17,0.20172709618661416,-0.2652030495935262
test_000978,18,0.0747180583985984,-0.15275915259102218
test_000978,19,0.0,0.37273354827686345
test_000978,20,0.0,-0.3468069292531374
test_000978,21,0.0,0.46899804036807824
test_000978,22,0.0,0.308106321851248
test_000978,23,0.0,-0.09965788212832905
test_000978,24,0.0,0.3719839612688291
test_000979,1,0.0,0.9123502695761464
test_000979,2,0.0,0.9198296716092366
test_000979,3,0.0,0.9253658321306396
test_000979,4,0.0,0.39423360214623177
test_000979,5,0.0,0.6340037461242987
test_000979,6,0.0,0.07059479026709986
test_000979,7,0.030802620112511354,0.7967425857480035
test_000979,8,0.13589612850126298,0.9344805599677076
test_000979,9,0.2936647922984091,0.8567954705769325
test_000979,10,0.48610712949293805,0.6523064093363483
test_000979,11,0.6918751943724487,0.9173636864577417
test_000979,12,0.7748045261425761,0.40133024151634894
test_000979,13,0.7827852336680932,0.671957427557013
test_000979,14,0.766014325959982,0.4667634535666181
test_000979,15,0.6402315242719293,0.36791481742363397
test_000979,16,0.4974378819600542,-0.12149153332133465
test_000979,17,0.293047862687712,0.1936405692958396
test_000979,18,0.1016962227802522,-0.2561566255005534
test_000979,19,0.0,-0.09419741173526988
test_000979,20,0.0,-0.2355469789928624
test_000979,21,0.0,0.1651754532514391
test_000979,22,0.0,0.8130974547983455
test_000979,23,0.0,0.6796861121680937
test_000979,24,0.0,0.6603055860057498
test_000980,1,0.0,-0.39750437426811064
test_000980,2,0.0,-0.282069403853558
test_000980,3,0.0,0.004881000670668198
test_000980,4,0.0,0.08868235076071661
test_000980,5,0.0,-0.32997002468307224
test_000980,6,0.0,-0.31134444413090456
test_000980,7,0.04578832380016851,-0.5341396895612254
test_000980,8,0.18496552184737713,-0.002452756401228496
test_000980,9,0.3639360918316798,0.7239435199029423
test_000980,10,0.5644611209853782,0.6189693567372934
test_000980,11,0.7692385097880069,-0.1693402795562383
test_000980,12,0.8441884173415386,0.06343541503131096
test_000980,13,0.8775904834233355,-0.7993595485231528
test_000980,14,0.8352694464749504,-0.619045745846461
test_000980,15,0.7071318730977679,0.09502345072901952
test_000980,16,0.5251943154911247,0.4978329479226663
test_000980,17,0.32012513301652096,0.21076696684765217
test_000980,18,0.10479075507259558,0.39433797009990673
test_000980,19,0.0,0.6391279980911146
test_000980,20,0.0,0.8566038415624913
test_000980,21,0.0,-0.09638742009447247
test_000980,22,0.0,-0.5409429524451682
test_000980,23,0.0,-0.7638057606423939
test_000980,24,0.0,0.3727337591760644
test_000981,1,0.0,0.4805178539246223
test_000981,2,0.0,0.5053103876287786
test_000981,3,0.0,0.06650190531584814
test_000981,4,0.0,0.3008774750312901
test_000981,5,0.0,-0.4408159664826066
test_000981,6,0.0,-0.11499322957101184
test_000981,7,0.04505982210851023,0.1270555406915759
test_000981,8,0.17512562001768733,-0.045528857373737894
test_000981,9,0.33666879970983893,-0.24884224593135187
test_000981,10,0.5257122231367805,0.42007065263448
test_000981,11,0.6773078844689859,-0.05868491157633888
test_000981,12,0.7161988709843683,-0.3007652599733584
test_000981,13,0.7594001660357328,0.3503850163582042
test_000981,14,0.7248294206611229,-0.03885854148891765
test_000981,15,0.5551660468739754,-0.1508561489104061
test_000981,16,0.4227139105565016,-0.2673954407468553
test_000981,17,0.24713150096756265,-0.3973779015308474
test_000981,18,0.08688080520808303,0.1113692597734395
test_000981,19,0.0,-0.05150860513161229
test_000981,20,0.0,-0.014814317064269326
test_000981,21,0.0,-0.659706849791772
test_000981,22,0.0,-0.4020976323345726
test_000981,23,0.0,0.3686507709751216
test_000981,24,0.0,0.018641304340937893
test_000982,1,0.0,-0.06671726467044499
test_000982,2,0.0,0.18650714920617759
test_000982,3,0.0,-0.030724226194744905
test_000982,4,0.0,0.16358457887045333
test_000982,5,0.0,0.18006355489634082
test_000982,6,0.0,0.0822685592788486
test_000982,7,0.03523504711554104,0.7793052483019995
test_000982,8,0.14177114650684422,0.5737024940638971
test_000982,9,0.289373192423615,0.42674198567294386
test_000982,10,0.46305498175594423,-0.32785042660810404
test_000982,11,0.6380887278032176,0.24242851826432202
test_000982,12,0.745726255401258,-0.1542471556293117
test_000982,13,0.7287201337122577,-0.08448565061773126
test_000982,14,0.7002151460746046,-0.19719999124795526
test_000982,15,0.564305839636857,0.2976162851024945
test_000982,16,0.47382122106758606,-0.7406854825030601
test_000982,17,0.2699585957852776,-0.7365705290170163
test_000982,18,0.08467478395781035,-0.2557187673661349
test_000982,19,0.0,-0.570834188475517
test_000982,20,0.0,-0.4188280638266667
test_000982,21,0.0,-0.6863897695719114
test_000982,22,0.0,-0.7850222987944219
test_000982,23,0.0,-0.6668390118963188
test_000982,24,0.0,-0.8811442120193662
test_000983,1,0.0,-0.015723059730717262
test_000983,2,0.0,0.3824893693614102
test_000983,3,0.0,0.8127223916010982
test_000983,4,0.0,0.3621939682384542
test_000983,5,0.0,0.08229227031916092
test_000983,6,0.0,-0.14132881533868247
test_000983,7,0.03692109886335828,0.5474420312561522
test_000983,8,0.13491612530902478,0.1737756316980707
test_000983,9,0.27029106230142125,-0.7679665520248949
test_000983,10,0.45703144583153554,-0.8180818358872248
test_000983,11,0.5766091159834256,-0.8163441631373014
test_000983,12,0.7608495599276096,-0.6956228600166251
test_000983,13,0.6960745606176258,-0.21045439547951508
test_000983,14,0.577310075593814,0.3633788595770211
test_000983,15,0.4715572544888873,0.4250718823530847
test_000983,16,0.31227107134029053,0.5534840090044005
test_000983,17,0.16983457443282413,-0.0460969684363317
test_000983,18,0.06407242268654793,0.39392814596938625
test_000983,19,0.0,0.6634187877088655
test_000983,20,0.0,0.359916141224212
test_000983,21,0.0,0.05692065924864766
test_000983,22,0.0,0.3564428571718527
test_000983,23,0.0,0.4514965142875082
test_000983,24,0.0,0.6818634276525772
test_000984,1,0.0,-0.015721086022305417
test_000984,2,0.0,-0.2640503327379903
test_000984,3,0.0,-0.18352516199412755
test_000984,4,0.0,0.5114309466249732
test_000984,5,0.0,-0.17041036911003024
test_000984,6,0.0,0.5581488361084849
test_000984,7,0.038896470320780877,0.2665825899755345
test_000984,8,0.16291491579104522,0.575945918679143
test_000984,9,0.29718642245495824,-0.3547077502921907
test_000984,10,0.4775098767836302,0.5716854385819122
test_000984,11,0.5996745120537815,0.4489402720840648
test_000984,12,0.6901988100373428,0.10111098038829153
test_000984,13,0.7216929601839241,0.15904465992109854
test_000984,14,0.6872508177767374,0.7437316144471285
test_000984,15,0.5583704266825822,0.4921124069639089
test_000984,16,0.4221987230656616,0.38019395766838043
test_000984,17,0.23819378950244724,0.7500347799250282
test_000984,18,0.0889793270636309,0.08531991012192187
test_000984,19,0.0,0.528919851890925
test_000984,20,0.0,0.00012383759271958512
test_000984,21,0.0,-0.343948754616434
test_000984,22,0.0,0.1663872557841527
test_000984,23,0.0,0.29197968881796277
test_000984,24,0.0,0.1770915103109906
test_000985,1,0.0,-0.7255455953257087
test_000985,2,0.0,-0.46437855882812984
test_000985,3,0.0,0.44236915790547915
test_000985,4,0.0,-0.12921738317033368
test_000985,5,0.0,-0.29743995662488865
test_000985,6,0.0,-0.548555930986139
test_000985,7,0.04179937258226893,0.6300229933862018
test_000985,8,0.1662548562640235,0.9285168056694252
test_000985,9,0.3348128021802023,-0.2621460467061318
test_000985,10,0.5575893228883314,-0.38849762608853705
test_000985,11,0.7510451423951786,-0.09717063708665813
test_000985,12,0.8643342501853343,-0.6936835727825952
test_000985,13,0.8925900074296965,-0.20916965104321206
test_000985,14,0.8253089019687551,0.7007328038108944
test_000985,15,0.6667581116747083,0.5146781056534915
test_000985,16,0.4910255464326293,0.534586100995545
test_000985,17,0.29898815895976755,0.7571725833508571
test_000985,18,0.09304460765491918,0.755359666628332
test_000985,19,0.0,0.8752800888808122
test_000985,20,0.0,0.8457096679523892
test_000985,21,0.0,0.7247453373895217
test_000985,22,0.0,0.09496059387571772
test_000985,23,0.0,-0.1791150905404691
test_000985,24,0.0,-0.5233807209320107
test_000986,1,0.0,-0.5684722356509362
test_000986,2,0.0,0.013411180641806497
test_000986,3,0.0,0.42282345091742607
test_000986,4,0.0,0.5712920669334458
test_000986,5,0.0,-0.10507402676052732
test_000986,6,0.0,0.11282516601243706
test_000986,7,0.04219585710328992,-0.2584288725044773
test_000986,8,0.1639590630960369,-0.37380177064709547
test_000986,9,0.32874636479016023,-0.2733692465985786
test_000986,10,0.5595101228442781,-0.4243713126295669
test_000986,11,0.7631937515287054,-0.26703159883365063
test_000986,12,0.7973585904409679,-0.08008798469831391
test_000986,13,0.8746627347646295,0.111775544769945
test_000986,14,0.8517048916799568,0.600498854896865
test_000986,15,0.6690541446882521,0.687640836560576
test_000986,16,0.5138033104846921,0.2619853732552974
test_000986,17,0.2970083113964694,0.6756111946536882
test_000986,18,0.10630542556820133,0.4022117077855054
test_000986,19,0.0,-0.7319230630504561
test_000986,20,0.0,-0.2479282170305297
test_000986,21,0.0,0.1701585767337043
test_000986,22,0.0,0.32083409843040733
test_000986,23,0.0,0.5717797141965922
test_000986,24,0.0,0.5219831595174638
test_000987,1,0.0,0.36818310699342316
test_000987,2,0.0,-0.5045206943142235
test_000987,3,0.0,-0.6069344945111215
test_000987,4,0.0,-0.0024885618942072935
test_000987,5,0.0,-0.4119490581468267
test_000987,6,0.0,-0.3637556745829269
test_000987,7,0.044030183650006646,-0.29572895061942917
test_000987,8,0.17678436908400874,-0.3503211868634901
test_000987,9,0.3650298306598826,-0.7727607083805373
test_000987,10,0.5852375834479353,-0.7595313886400674
test_000987,11,0.7752853917879918,-0.8762290977167844
test_000987,12,0.8628661739238903,-0.9753450506963088
test_000987,13,0.8824720486069414,-0.9467970832078396
test_000987,14,0.7880156183851335,-0.9462585785082188
test_000987,15,0.691147338460226,-0.8033611516706529
test_000987,16,0.5315420065566742,-0.4900056851098016
test_000987,17,0.31010583911667033,-0.6606540499860718
test_000987,18,0.10316264757903845,0.050324396909848655
test_000987,19,0.0,-0.43290930674348477
test_000987,20,0.0,0.15492180623872182
test_000987,21,0.0,0.23948971953044207
test_000987,22,0.0,-0.16030902416606357
test_000987,23,0.0,-0.1333071063743512
test_000987,24,0.0,0.7327566272272854
test_000988,1,0.0,-0.0484095725295126
test_000988,2,0.0,-0.6203079601329795
test_000988,3,0.0,0.6499137668632886
test_000988,4,0.0,0.21970252947477834
test_000988,5,0.0,0.13210617130262192
test_000988,6,0.0,0.29189667885844894
test_000988,7,0.026567219016858507,0.5414330071576479
test_000988,8,0.1096583597104318,0.5631388460793412
test_000988,9,0.25608193153991865,0.45583672501161215
test_000988,10,0.3836828916641469,0.46518395586388916
test_000988,11,0.3740764272841119,0.5559158820084109
test_000988,12,0.41178564347630986,0.8208607385186731
test_000988,13,0.4542538926391674,0.5902244354967359
test_000988,14,0.4675889412019493,-0.12649895517949641
test_000988,15,0.36598653455326485,-0.10005348982025958
test_000988,16,0.23581677336980647,0.13546997917774864
test_000988,17,0.1745049852145237,-0.8426428991435378
test_000988,18,0.0637384582543326,-0.9781716670463553
test_000988,19,0.0,-0.9293984373162649
test_000988,20,0.0,-0.9053225278499786
test_000988,21,0.0,-0.9206828360870216
test_000988,22,0.0,-0.8937776411354276
test_000988,23,0.0,-0.5193656345314435
test_000988,24,0.0,-0.3730223979970694
test_000989,1,0.0,-0.8157638456588863
test_000989,2,0.0,-0.22623468899568072
test_000989,3,0.0,-0.23460126852891539
test_000989,4,0.0,0.8179239151470469
test_000989,5,0.0,0.591294518862524
test_000989,6,0.0,0.45741623561549527
test_000989,7,0.03593949892518571,0.21100590009024808
test_000989,8,0.14166088894968235,0.7191762193517468
test_000989,9,0.2903161065994859,0.6129742992211373
test_000989,10,0.46214424160396017,0.1925297176055333
test_000989,11,0.5655309004601529,-0.2668451258259025
test_000989,12,0.6198623428905178,-0.37884734987410046
test_000989,13,0.6276265841976238,-0.7828766137046806
test_000989,14,0.6347886737935206,-0.7159336564293715
test_000989,15,0.5174579342695471,-0.8450427097788072
test_000989,16,0.3457278596585638,-0.640466357635
test_000989,17,0.24461687147179503,-0.5172987924590376
test_000989,18,0.09657815713960655,0.07549635154825314
test_000989,19,0.0,0.5219153349737953
test_000989,20,0.0,0.1666318235225838
test_000989,21,0.0,0.06715213322427023
test_000989,22,0.0,-0.15915490845524
test_000989,23,0.0,-0.46310643859694245
test_000989,24,0.0,-0.5780240892337069
test_000990,1,0.0,0.5048229182248687
test_000990,2,0.0,0.826716641947993
test_000990,3,0.0,0.8707361882955484
test_000990,4,0.0,0.3668051521145899
test_000990,5,0.0,0.11611101079041469
test_000990,6,0.0,-0.10626647908674212
test_000990,7,0.03340447866968256,0.6112820094583176
test_000990,8,0.1479584044772061,0.5782349213167675
test_000990,9,0.28231031049589106,0.7397182517520748
test_000990,10,0.47069781437635266,0.9068540581801069
test_000990,11,0.6376662230278612,0.5343589053723687
test_000990,12,0.6566433931064287,0.1433681586668939
test_000990,13,0.6486873444592244,0.25664781170079426
test_000990,14,0.6809627699573662,-0.4540401360824046
test_000990,15,0.5953518437729332,0.007608214654570006
test_000990,16,0.41391914080038655,0.22192207440498485
test_000990,17,0.2523270989174416,0.1496410366448487
test_000990,18,0.09765828427117045,-0.5100106934462881
test_000990,19,0.0,0.4099801181952319
test_000990,20,0.0,0.10105315564827207
test_000990,21,0.0,-0.2090529839997879
test_000990,22,0.0,0.2659327097964495
test_000990,23,0.0,0.3091649331150269
test_000990,24,0.0,0.5322844578092627
test_000991,1,0.0,-0.7512102731222882
test_000991,2,0.0,-0.2329614232234023
test_000991,3,0.0,0.2571138964287994
test_000991,4,0.0,-0.2935321954324871
test_000991,5,0.0,-0.16699332220946705
test_000991,6,0.0,-0.9098089026367916
test_000991,7,0.03783700716827496,-0.6897691052822016
test_000991,8,0.14827547181908188,-0.357699735663387
test_000991,9,0.2617331635281394,-0.7691985458654222
test_000991,10,0.43311999736219253,-0.8268316543404279
test_000991,11,0.5186485052050124,-0.8255213838945802
test_000991,12,0.49637228061351046,-0.14174723513850704
test_000991,13,0.6445218886829898,-0.023779897940652613
test_000991,14,0.7016337717411733,0.3015637735474952
test_000991,15,0.5930317169752456,-0.09329657086092703
test_000991,16,0.44120636873163444,0.3598411863952182
test_000991,17,0.24975416997191086,-0.2408537169679181
test_000991,18,0.08421530588873016,0.4206749245649291
test_000991,19,0.0,-0.3613585210349397
test_000991,20,0.0,-0.03063106058009838
test_000991,21,0.0,0.5284443245209447
test_000991,22,0.0,0.12046481254347612
test_000991,23,0.0,0.46105821962365484
test_000991,24,0.0,0.7216579289452427
test_000992,1,0.0,-0.8654861151764444
test_000992,2,0.0,-0.17195177744537424
test_000992,3,0.0,-0.7344795772857613
test_000992,4,0.0,-0.8918591452666458
test_000992,5,0.0,-0.4614562313302699
test_000992,6,0.0,-0.4869371724795736
test_000992,7,0.038220355658024896,0.004727685270286924
test_000992,8,0.1480554499665669,0.2318407996269352
test_000992,9,0.3040439604635766,-0.2905043322933712
test_000992,10,0.4835414821884378,-0.6466255814791887
test_000992,11,0.6299624474514587,-0.7829266118482638
test_000992,12,0.6620259953308681,-0.9345111073664545
test_000992,13,0.6319278433247105,-0.9294613004497756
test_000992,14,0.7044698524527893,-0.5415402031922395
test_000992,15,0.5678392670308421,-0.7491757054988056
test_000992,16,0.4426773283293114,-0.2901546608507719
test_000992,17,0.2570935720171425,-0.5929477864361858
test_000992,18,0.08842372781244524,-0.337601112843115
test_000992,19,0.0,0.7173810943485596
test_000992,20,0.0,0.15051623018306912
test_000992,21,0.0,0.242727256135264
test_000992,22,0.0,0.0026204180550514545
test_000992,23,0.0,-0.11616793704492205
test_000992,24,0.0,-0.035729128944685135
test_000993,1,0.0,0.1208496288821267
test_000993,2,0.0,0.2701660176765817
test_000993,3,0.0,-0.020499970875138995
test_000993,4,0.0,0.5473225475417178
test_000993,5,0.0,0.5230624471848808
test_000993,6,0.0,0.7012971168034416
test_000993,7,0.0401752527751075,0.33394019268552594
test_000993,8,0.1662673751795935,-0.5319714386324477
test_000993,9,0.32713108885809994,-0.6020998022745969
test_000993,10,0.5473220471328549,0.4974894496317216
test_000993,11,0.722945003312616,0.6519291136822911
test_000993,12,0.819366386485251,0.8073145391926517
test_000993,13,0.8255535565892201,0.7506976334940254
test_000993,14,0.7727373486185084,0.7219686879018292
test_000993,15,0.6369787558823662,0.4475841827305725
test_000993,16,0.49885193955473217,0.8947567046098505
test_000993,17,0.2974664820351287,0.927947186522172
test_000993,18,0.09996774472183374,0.8659597079833654
test_000993,19,0.0,0.09573186525749482
test_000993,20,0.0,-0.5737780349377697
test_000993,21,0.0,0.2928932516182434
test_000993,22,0.0,-0.21914296551960513
test_000993,23,0.0,-0.20632207959512297
test_000993,24,0.0,0.20625864815097075
test_000994,1,0.0,-0.8348246945064152
test_000994,2,0.0,-0.6849678437724573
test_000994,3,0.0,0.09402181717650658
test_000994,4,0.0,0.5987568009520942
test_000994,5,0.0,0.7854545061996876
test_000994,6,0.0,-0.4677895422996172
test_000994,7,0.04442224522813139,-0.6332350791377899
test_000994,8,0.17560218387192225,-0.7879537397978036
test_000994,9,0.3509202739488343,-0.6363183813205224
test_000994,10,0.5905965481971682,-0.2670128269176249
test_000994,11,0.7634433365049234,0.1243630738513156
test_000994,12,0.8393676811852189,0.5422092633990401
test_000994,13,0.8716959486917475,-0.28740371553393484
test_000994,14,0.8023452944726953,0.5007227416836005
test_000994,15,0.6559754326305254,0.2744435845883586
test_000994,16,0.49095559990723536,-0.05368245528864984
test_000994,17,0.29808282390899116,-0.33648111500192024
test_000994,18,0.10128215794743307,0.08881268001866742
test_000994,19,0.0,0.5809068481624495
test_000994,20,0.0,0.3654212790294474
test_000994,21,0.0,0.6956886600534395
test_000994,22,0.0,0.6033588664198746
test_000994,23,0.0,0.6138494820168112
test_000994,24,0.0,0.8536676605604913
test_000995,1,0.0,0.7338317870619353
test_000995,2,0.0,0.6224732542319286
test_000995,3,0.0,0.8782711598899045
test_000995,4,0.0,0.8504719909466198
test_000995,5,0.0,0.3789437982702087
test_000995,6,0.0,0.10736389377500154
test_000995,7,0.036802761938917954,-0.6686895097408396
test_000995,8,0.1446070913111678,-0.7237625632677428
test_000995,9,0.31078739401668776,-0.9560520655996565
test_000995,10,0.520393752183799,-0.9640144182994264
test_000995,11,0.6742567841186613,-0.9263487722437067
test_000995,12,0.7858532440356797,-0.3899276239413097
test_000995,13,0.8454346532645121,-0.6564788765857424
test_000995,14,0.805970315020612,-0.19027996516345655
test_000995,15,0.6442117862689338,0.08609636740447757
test_000995,16,0.44128904525489693,-0.4120362396059297
test_000995,17,0.2828112476893658,0.02975893036743102
test_000995,18,0.09805417139488826,-0.04507739564959737
test_000995,19,0.0,-0.50090166095907
test_000995,20,0.0,-0.42086126446118044
test_000995,21,0.0,-0.5201529078159186
test_000995,22,0.0,-0.32529412202762464
test_000995,23,0.0,0.3444166680738577
test_000995,24,0.0,0.3764828831384612
test_000996,1,0.0,0.13626452798586486
test_000996,2,0.0,0.7734513738434181
test_000996,3,0.0,0.7945042232574117
test_000996,4,0.0,0.6611173649104254
test_000996,5,0.0,0.3176300191858586
test_000996,6,0.0,-0.7245321331600805
test_000996,7,0.03632325848048079,-0.9412803438013114
test_000996,8,0.1479063205215491,-0.814765852163596
test_000996,9,0.28639490200502643,-0.7643647299163301
test_000996,10,0.44353746712524467,-0.5369329303469281
test_000996,11,0.5727891507105994,-0.5945238523724745
test_000996,12,0.6663185740069428,-0.06621582472008238
test_000996,13,0.7552973326082928,0.7396819245093202
test_000996,14,0.6935598736676785,0.8064954302000469
test_000996,15,0.6101423302593134,0.7741035090122901
test_000996,16,0.4554425949692965,0.9344562974628665
test_000996,17,0.25284300619913974,0.9702994115769115
test_000996,18,0.09286750601937363,0.9763934509525454
test_000996,19,0.0,0.6032905781080993
test_000996,20,0.0,0.8518714355346255
test_000996,21,0.0,0.8904743193058351
test_000996,22,0.0,0.7793051759447617
test_000996,23,0.0,-0.09583009437322822
test_000996,24,0.0,0.4655110121795746
test_000997,1,0.0,0.2535426567803777
test_000997,2,0.0,-0.08885590503893757
test_000997,3,0.0,-0.005303972161970238
test_000997,4,0.0,0.41769726424164505
test_000997,5,0.0,0.6312349870022425
test_000997,6,0.0,0.7458979367746752
test_000997,7,0.03405947018791257,0.9542506685905676
test_000997,8,0.12838303869054576,0.7891662491870947
test_000997,9,0.2658812082866388,-0.12905611626803856
test_000997,10,0.3880967899283107,0.3312670086916295
test_000997,11,0.5295462626397145,0.1899690588198012
test_000997,12,0.5850023766418346,0.7154953673628022
test_000997,13,0.5984539474123801,0.7682151187146316
test_000997,14,0.4933671266677877,0.6056401985546824
test_000997,15,0.4949041573290243,0.10728215159450327
test_000997,16,0.3376466975473316,-0.8987394141782913
test_000997,17,0.20137942910819806,-0.23391030294130233
test_000997,18,0.07820571130430791,-0.6246776576069317
test_000997,19,0.0,-0.37827905701948467
test_000997,20,0.0,-0.34923666474667636
test_000997,21,0.0,-0.16521985972637157
test_000997,22,0.0,-0.6063265554683597
test_000997,23,0.0,-0.8558930024345819
test_000997,24,0.0,-0.6556894482689408
test_000998,1,0.0,0.7635750936476865
test_000998,2,0.0,0.4580629886954749
test_000998,3,0.0,0.6935812291411516
test_000998,4,0.0,0.917569196853641
test_000998,5,0.0,0.9215779116002016
test_000998,6,0.0,0.8314795287858978
test_000998,7,0.036424182050775855,0.7888520698736183
test_000998,8,0.1502721312464112,0.5193006424630022
test_000998,9,0.3120297764069351,0.1889385293647516
test_000998,10,0.502070768673122,0.47240766941054013
test_000998,11,0.6015543524827764,0.7419363899465836
test_000998,12,0.6849307085384877,0.5929526469223416
test_000998,13,0.7103147046764171,0.710611477975687
test_000998,14,0.6586320268002704,-0.5407048666606193
test_000998,15,0.507000020358855,-0.9512945969517953
test_000998,16,0.40257847285211007,-0.6919394136376793
test_000998,17,0.21739227603497058,-0.5668583746267006
test_000998,18,0.06132489957065535,-0.5407726185774255
test_000998,19,0.0,-0.13615710786545637
test_000998,20,0.0,0.12216037315744167
test_000998,21,0.0,0.29373243129104964
test_000998,22,0.0,0.41336810626615217
test_000998,23,0.0,0.8598462987773631
test_000998,24,0.0,0.6474868611688207
test_000999,1,0.0,-0.6657877216570228
test_000999,2,0.0,-0.7371261354595553
test_000999,3,0.0,0.39038079065442305
test_000999,4,0.0,0.7292641866531067
test_000999,5,0.0,-0.05646566805396582
test_000999,6,0.0,-0.7449071748175717
test_000999,7,0.040959934584670725,-0.9595923056561007
test_000999,8,0.16818099043362175,-0.8676555543080089
test_000999,9,0.3447153900152499,-0.8680532054598518
test_000999,10,0.5761187397625314,-0.8029804431294502
test_000999,11,0.7491925547839872,-0.9084984827064323
test_000999,12,0.7985016884459466,-0.8740925893450802
test_000999,13,0.8443109147615175,-0.8004976502128246
test_000999,14,0.7780070304907829,-0.4445852399928295
test_000999,15,0.6339042058651683,0.2055948283663425
test_000999,16,0.4953904061944747,0.8400418862048152
test_000999,17,0.30056482937552226,0.8488922132224688
test_000999,18,0.09571001927749169,0.7470180267917217
test_000999,19,0.0,0.9211763543041924
test_000999,20,0.0,0.8293292186227299
test_000999,21,0.0,0.6677944281710464
test_000999,22,0.0,-0.010108827413680016
test_000999,23,0.0,0.04275279552579026
test_000999,24,0.0,-0.17468057991534533
test_001000,1,0.0,-0.6435682234053128
test_001000,2,0.0,-0.4823897311255504
test_001000,3,0.0,0.23105018594996177
test_001000,4,0.0,0.5992692606386982
test_001000,5,0.0,0.7721345079430193
test_001000,6,0.0,0.5411990478731612
test_001000,7,0.03242792313165512,0.15514923787270013
test_001000,8,0.13174563638180342,0.655699454387398
test_001000,9,0.24407354222837735,0.2834096630180496
test_001000,10,0.4125931359379672,0.22897192175156073
test_001000,11,0.48724867193063676,0.2694592199553326
test_001000,12,0.525887709916586,-0.055251340871405645
test_001000,13,0.6600699809488384,-0.38346197874902527
test_001000,14,0.5798062102264303,0.3507960614138235
test_001000,15,0.40970930421135465,0.32917757569066214
test_001000,16,0.28483639831574814,0.2646659457501716
test_001000,17,0.1447101236578391,-0.21276096824594234
test_001000,18,0.05760280658858785,-0.6811097278003816
test_001000,19,0.0,-0.8353740170422695
test_001000,20,0.0,-0.5033765567830943
test_001000,21,0.0,-0.6254512943239695
test_001000,22,0.0,-0.47468732790730306
test_001000,23,0.0,0.3255735080435025
test_001000,24,0.0,0.8582464746039807
