id,t,pv_fraction,activation_signed
test_000001,1,0.0,0.10038695661779558
test_000001,2,0.0,-0.6725929306164232
test_000001,3,0.0,-0.3219396945756325
test_000001,4,0.0,0.07523839549968318
test_000001,5,0.0,-0.3700562276076384
test_000001,6,0.0,0.2146722511043502
test_000001,7,0.03763276302425151,-0.446895905712559
test_000001,8,0.15562379110336397,-0.6383888419525896
test_000001,9,0.3043373298947338,-0.4196900537976493
test_000001,10,0.46001620875722915,-0.23660222458738886
test_000001,11,0.5810102582558933,0.20257444255686072
test_000001,12,0.6769790490358201,-0.07735020766689048
test_000001,13,0.6850272476497393,0.09800818447057595
test_000001,14,0.6403032536032843,0.7527228373041164
test_000001,15,0.5915309206415366,0.829809582464349
test_000001,16,0.43747208628152273,0.5895282360316676
test_000001,17,0.23958378857488444,0.563057984249955
test_000001,18,0.0794358567478189,0.6205583971440062
test_000001,19,0.0,0.6081569150617749
test_000001,20,0.0,0.09454337361521478
test_000001,21,0.0,0.6481045042674082
test_000001,22,0.0,0.838768305191554
test_000001,23,0.0,0.36375553427183316
test_000001,24,0.0,0.3190062008442977
test_000002,1,0.0,0.24157329596550808
test_000002,2,0.0,0.517711759558299
test_000002,3,0.0,0.8421232867759281
test_000002,4,0.0,0.013015910406335337
test_000002,5,0.0,0.36323365012439757
test_000002,6,0.0,0.1287185590701228
test_000002,7,0.045009593158616135,0.6021947936221792
test_000002,8,0.16543625915270307,0.6241319457238241
test_000002,9,0.2980139058703041,-0.4722839018090367
test_000002,10,0.4973302379393787,-0.2811632138116722
test_000002,11,0.6421827141874843,-0.6165816698247523
test_000002,12,0.721733263832409,0.35954246417973706
test_000002,13,0.7540358973097724,-0.2369611321489768
test_000002,14,0.7572852412279832,-0.20853530722082322
test_000002,15,0.6059499043129197,0.3811063179457266
test_000002,16,0.5128921362138644,0.07109171772195401
test_000002,17,0.2877768576904083,-0.11885086978976203
test_000002,18,0.10002568759559388,-0.16352055140327448
test_000002,19,0.0,0.2738487367084656
test_000002,20,0.0,0.7399016897860471
test_000002,21,0.0,0.38844758486487724
test_000002,22,0.0,0.6710827761997287
test_000002,23,0.0,0.875972530661686
test_000002,24,0.0,0.5766399802668358
test_000003,1,0.0,-0.9789549333621221
test_000003,2,0.0,-0.9383957096524016
test_000003,3,0.0,-0.6789196960736228
test_000003,4,0.0,-0.6753023437417898
test_000003,5,0.0,-0.6216654709433441
test_000003,6,0.0,-0.2912896471704569
test_000003,7,0.03503746919557929,0.7690871090922442
test_000003,8,0.13505393841614444,0.754695836191123
test_000003,9,0.2413331039872921,0.6581947322459312
test_000003,10,0.371748940793362,0.7323156507575848
test_000003,11,0.523322127142759,0.6315421428726675
test_000003,12,0.5747005613729267,0.0700841705144908
test_000003,13,0.5428389218734241,-0.6724377823134129
test_000003,14,0.5998960117852412,-0.5439167707009069
test_000003,15,0.5389091166271023,-0.6370122687075036
test_000003,16,0.3865855109035514,-0.6329675078089226
test_000003,17,0.1887468461764428,0.5021163291504734
test_000003,18,0.06328623637575734,0.5100516581918757
test_000003,19,0.0,0.5209369367475307
test_000003,20,0.0,0.8369975042993748
test_000003,21,0.0,0.37279025825993867
test_000003,22,0.0,0.45745178568195494
test_000003,23,0.0,0.12294939553253909
test_000003,24,0.0,0.16022381011079984
test_000004,1,0.0,0.2816842566323513
test_000004,2,0.0,0.18499177105017175
test_000004,3,0.0,-0.24467523842521294
test_000004,4,0.0,0.6085699869222181
test_000004,5,0.0,-0.25263306008957903
test_000004,6,0.0,0.02364589108338475
test_000004,7,0.035099269339296905,-0.7032252747542015
test_000004,8,0.16084135931030508,-0.8111191623739586
test_000004,9,0.30366298758526766,-0.7254431856207073
test_000004,10,0.47271571084135827,-0.5382442809746444
test_000004,11,0.5606951792218853,-0.8190982539403104
test_000004,12,0.754890419195759,0.40733074201408237
test_000004,13,0.7735761922273078,0.39384001331527213
test_000004,14,0.7181597923606123,-0.5064283077626133
test_000004,15,0.6028742164126717,-0.17987895152388325
test_000004,16,0.45904343323718977,0.5465206271186478
test_000004,17,0.2595495323420467,-0.41625975605714866
test_000004,18,0.09062759391876973,-0.7463515999862305
test_000004,19,0.0,-0.8600516526536109
test_000004,20,0.0,-0.7525377952671318
test_000004,21,0.0,-0.8969038497774324
test_000004,22,0.0,-0.735163271255632
test_000004,23,0.0,-0.6280314134662761
test_000004,24,0.0,-0.33328853583386425
test_000005,1,0.0,0.1450393321432213
test_000005,2,0.0,0.6518187333598309
test_000005,3,0.0,0.7828136485643754
test_000005,4,0.0,0.05047659426177319
test_000005,5,0.0,0.6817152457463347
test_000005,6,0.0,0.824653305307523
test_000005,7,0.03633057115043914,0.8693469511952361
test_000005,8,0.14252017911723686,0.6321908439080252
test_000005,9,0.2591764408420991,0.3146340751900273
test_000005,10,0.4917790385761678,0.8460416244061025
test_000005,11,0.6449391763668405,-0.009910639527642455
test_000005,12,0.7679178627422077,0.03337833016582658
test_000005,13,0.6916680747454736,0.8404949458276006
test_000005,14,0.6123129331992891,0.671324594774573
test_000005,15,0.4828076641249068,0.3294545074498839
test_000005,16,0.3820916086136179,-0.04615036958284024
test_000005,17,0.21783850044968778,-0.2957113820839064
test_000005,18,0.07970819012586468,0.32681971042278546
test_000005,19,0.0,0.8882519139995579
test_000005,20,0.0,0.9547910878439339
test_000005,21,0.0,0.9465957462875031
test_000005,22,0.0,0.9725655731571118
test_000005,23,0.0,0.859911947667327
test_000005,24,0.0,0.7350983773691635
test_000006,1,0.0,0.5751214698357128
test_000006,2,0.0,0.7772833663747591
test_000006,3,0.0,0.03406531005399389
test_000006,4,0.0,0.3440988169460849
test_000006,5,0.0,0.7291920150486377
test_000006,6,0.0,0.8495257245433776
test_000006,7,0.04418163566581106,0.5938292537940781
test_000006,8,0.17926641527036533,0.21803768946970042
test_000006,9,0.3681297576874267,0.2071907511047758
test_000006,10,0.5886460640927258,0.5326182920480397
test_000006,11,0.7557965039296328,0.6307782941734175
test_000006,12,0.8447064639116714,0.7760553141497013
test_000006,13,0.8946632864099264,0.6878119051039651
test_000006,14,0.8280484945220872,0.7896668480227039
test_000006,15,0.6717563453332631,0.9555149426161991
test_000006,16,0.515961147141742,0.6958770959170931
test_000006,17,0.30230546047357065,0.7795824798216988
test_000006,18,0.10095992037404235,0.37021977999411904
test_000006,19,0.0,0.5590765677224585
test_000006,20,0.0,0.5634152833248814
test_000006,21,0.0,0.279891903342113
test_000006,22,0.0,-0.7033480209894425
test_000006,23,0.0,-0.5887637669052457
test_000006,24,0.0,-0.7212999498443028
test_000007,1,0.0,0.4895999370202391
test_000007,2,0.0,0.26828904696898287
test_000007,3,0.0,-0.36749474022368156
test_000007,4,0.0,-0.11719805797291954
test_000007,5,0.0,-0.1203782368599834
test_000007,6,0.0,0.5613384998994061
test_000007,7,0.046245832287303355,0.8087447525362912
test_000007,8,0.18528453922811178,0.8647455010799647
test_000007,9,0.38238412294841306,0.690858337115839
test_000007,10,0.6199106194299207,-0.45587335489480896
test_000007,11,0.8030535675817583,-0.8711224116913993
test_000007,12,0.913527775034313,-0.7862896167497679
test_000007,13,0.9410362447534912,-0.8339558976367768
test_000007,14,0.9010409298409843,-0.8121752730747478
test_000007,15,0.7427282457098269,-0.7511458397087674
test_000007,16,0.5586720783784186,-0.5869874882188768
test_000007,17,0.323696867116956,-0.45203306687443695
test_000007,18,0.11038406172554767,0.12963603958651151
test_000007,19,0.0,0.36719571577384663
test_000007,20,0.0,0.04179039632754093
test_000007,21,0.0,0.45774699858692963
test_000007,22,0.0,0.41601731861125524
test_000007,23,0.0,0.36781768818247895
test_000007,24,0.0,0.6020835607361543
test_000008,1,0.0,0.55320077930388
test_000008,2,0.0,0.9301657763478243
test_000008,3,0.0,0.2190514888017927
test_000008,4,0.0,-0.5410087421007432
test_000008,5,0.0,-0.528268103150557
test_000008,6,0.0,-0.2934719662914321
test_000008,7,0.044983705103293234,0.42803374605482736
test_000008,8,0.18450678985233232,0.07203856684864121
test_000008,9,0.37127703557070874,0.49536079145015455
test_000008,10,0.5949512485670279,0.4901068066643044
test_000008,11,0.8031299384167879,-0.20276899294797882
test_000008,12,0.8828099325412733,0.44313655185691103
test_000008,13,0.9432757072166716,0.059617650544674675
test_000008,14,0.8981983857896694,0.6483856304072844
test_000008,15,0.7558687816942642,0.48958026770486307
test_000008,16,0.5650951093139682,0.10100714173983501
test_000008,17,0.32244693616832404,0.4688939433382313
test_000008,18,0.11108757785817847,0.3680047736829141
test_000008,19,0.0,0.02604869813168462
test_000008,20,0.0,0.2200373288061363
test_000008,21,0.0,0.5966277774860533
test_000008,22,0.0,0.6525921729903856
test_000008,23,0.0,0.34331915897730175
test_000008,24,0.0,-0.47003620166106086
test_000009,1,0.0,-0.41579002386312897
test_000009,2,0.0,0.013677442507871158
test_000009,3,0.0,0.419900112658552
test_000009,4,0.0,0.7891794998209403
test_000009,5,0.0,0.5934702972987405
test_000009,6,0.0,0.9098575224248253
test_000009,7,0.04680648345963752,0.7857091307636663
test_000009,8,0.18831998908910536,0.7141634349287098
test_000009,9,0.3747121208295258,-0.032483646479665965
test_000009,10,0.6149670402031556,0.04112399649465346
test_000009,11,0.7956859433276231,-0.15536834370268077
test_000009,12,0.883366050450573,0.0714991467658232
test_000009,13,0.9036091320487711,-0.2774921000909174
test_000009,14,0.8121972526875482,-0.07481424817793818
test_000009,15,0.716107579570266,0.30110708665854224
test_000009,16,0.53160592341799,-0.2424702994914916
test_000009,17,0.3086975436763477,-0.8289004661458053
test_000009,18,0.1049277671784967,-0.7244186090366987
test_000009,19,0.0,-0.5619344924884219
test_000009,20,0.0,0.0673811489713755
test_000009,21,0.0,-0.5097070560025228
test_000009,22,0.0,-0.5745074423858909
test_000009,23,0.0,-0.8363649547490066
test_000009,24,0.0,-0.2174465481583733
test_000010,1,0.0,-0.052027863891311886
test_000010,2,0.0,-0.16544574966884446
test_000010,3,0.0,-0.3152197335857693
test_000010,4,0.0,-0.3818548720935734
test_000010,5,0.0,-0.4324421050909923
test_000010,6,0.0,-0.5884153825644022
test_000010,7,0.039651410747640524,-0.2823432509800327
test_000010,8,0.16253496898892417,0.7133847380100222
test_000010,9,0.3310287374028448,0.3016182877820769
test_000010,10,0.5037489716043061,0.09902257197895416
test_000010,11,0.6707355722116722,0.2924436354046631
test_000010,12,0.7336395435378151,0.8809023643178252
test_000010,13,0.7729925743172366,0.7831182726133642
test_000010,14,0.7294000660113055,0.1739158180534955
test_000010,15,0.6201205302360823,0.4157182494874268
test_000010,16,0.4453554432766534,0.7331772977631712
test_000010,17,0.2669953402082778,0.4403238241750687
test_000010,18,0.09980267343552257,-0.10340568421010994
test_000010,19,0.0,0.5776893632681659
test_000010,20,0.0,0.4976497041807352
test_000010,21,0.0,0.8217090640665924
test_000010,22,0.0,0.8182366511804448
test_000010,23,0.0,0.3146428705284092
test_000010,24,0.0,0.6737687354062443
test_000011,1,0.0,-0.434834966952065
test_000011,2,0.0,-0.21712782941443176
test_000011,3,0.0,0.4447447998318057
test_000011,4,0.0,0.13622027026149178
test_000011,5,0.0,0.20429030151515368
test_000011,6,0.0,-0.03261616640022102
test_000011,7,0.041387722927276036,0.0945802077963984
test_000011,8,0.16847068258065295,-0.2637709625860413
test_000011,9,0.3283174946097602,-0.6788430657578324
test_000011,10,0.5391923864498354,-0.23739766154013212
test_000011,11,0.7002172596739794,-0.5841272981574523
test_000011,12,0.7873251721058758,-0.3192481986667062
test_000011,13,0.8385882678008211,-0.5698683233299726
test_000011,14,0.8399764001827037,0.41962396059626994
test_000011,15,0.6924517417282341,-0.09020306113681088
test_000011,16,0.5262929061923219,0.2180280774910916
test_000011,17,0.3109595593211251,0.5640414478243632
test_000011,18,0.10661306213699705,0.4563960483610771
test_000011,19,0.0,0.2718073590997375
test_000011,20,0.0,0.4852609088064722
test_000011,21,0.0,0.6299346706472833
test_000011,22,0.0,0.4369295017672103
test_000011,23,0.0,0.26250945857037356
test_000011,24,0.0,0.3771390973787641
test_000012,1,0.0,-0.619638174422259
test_000012,2,0.0,0.29130579284874625
test_000012,3,0.0,-0.6593904421494309
test_000012,4,0.0,-0.08342909029021872
test_000012,5,0.0,-0.20726487378826292
test_000012,6,0.0,0.11434038292221409
test_000012,7,0.04741291129388262,-0.12020912481742609
test_000012,8,0.18977413345614988,0.2619108293917141
test_000012,9,0.37821302940045054,0.08866096865129236
test_000012,10,0.6153140196297823,-0.6211991098767488
test_000012,11,0.8008413942976162,-0.4376063176991428
test_000012,12,0.8878860861087984,-0.7888067689401472
test_000012,13,0.9407583309696563,-0.8030257646746064
test_000012,14,0.8867810174974254,-0.11386670663055833
test_000012,15,0.7250916867759636,0.29677491460249034
test_000012,16,0.5234497239276932,0.5188183713652007
test_000012,17,0.28429877608958065,0.7872359782099084
test_000012,18,0.10149010265759909,-0.0456156255311227
test_000012,19,0.0,-0.7079938709828812
test_000012,20,0.0,-0.8770829159315275
test_000012,21,0.0,-0.9696093096997959
test_000012,22,0.0,-0.9728012523921534
test_000012,23,0.0,-0.8121260433288034
test_000012,24,0.0,-0.8410886498685863
test_000013,1,0.0,-0.7088789101292088
test_000013,2,0.0,-0.7503930053927995
test_000013,3,0.0,0.5406794196802018
test_000013,4,0.0,-0.31555854496274266
test_000013,5,0.0,-0.2128213420549742
test_000013,6,0.0,-0.49783607834348165
test_000013,7,0.0448928197214683,-0.6135675267684038
test_000013,8,0.16928976988401748,0.05070788838032547
test_000013,9,0.3562230589589383,0.2504656560392771
test_000013,10,0.5590644448667733,0.8254121686539613
test_000013,11,0.714816355039505,0.68018280812807
test_000013,12,0.8087732461116468,0.29900023119598373
test_000013,13,0.9027697585188978,0.6459226858296127
test_000013,14,0.8501765253924902,0.5939685814501369
test_000013,15,0.6735815101646899,0.2228517450441009
test_000013,16,0.5196193776291665,-0.6373504099660124
test_000013,17,0.29271627894723573,-0.7212564488027621
test_000013,18,0.09853999591923561,-0.6665326806004613
test_000013,19,0.0,-0.5073303393851174
test_000013,20,0.0,-0.18455358250642062
test_000013,21,0.0,-0.7111301544700309
test_000013,22,0.0,-0.8053801728093706
test_000013,23,0.0,-0.1348006926131147
test_000013,24,0.0,-0.06435769095588012
test_000014,1,0.0,0.6276701615241524
test_000014,2,0.0,0.8448932176468612
test_000014,3,0.0,0.5330499206642364
test_000014,4,0.0,-0.036897086969659355
test_000014,5,0.0,0.24605747762861468
test_000014,6,0.0,0.18388607101887358
test_000014,7,0.03935601696543742,-0.6106154182434012
test_000014,8,0.1728559580536928,-0.43925409742126065
test_000014,9,0.34005802305940125,-0.32452151354967096
test_000014,10,0.5463037344576912,-0.33813496145128896
test_000014,11,0.6935340864762031,-0.6528441745333338
test_000014,12,0.7204101938540852,0.12250239826517041
test_000014,13,0.6711329733249974,0.4285974024532929
test_000014,14,0.7393569314447928,0.5048778294380398
test_000014,15,0.6362562356422176,0.594450058686555
test_000014,16,0.4681400270480362,0.7322550918074143
test_000014,17,0.2947903280799917,0.8590246234333353
test_000014,18,0.10062218297157406,0.6028210632277149
test_000014,19,0.0,-0.334664790399361
test_000014,20,0.0,-0.1712328833827992
test_000014,21,0.0,-0.2733521666882514
test_000014,22,0.0,0.05871347145989053
test_000014,23,0.0,-0.45495257088656293
test_000014,24,0.0,0.20156404805143793
test_000015,1,0.0,-0.5549452110029452
test_000015,2,0.0,-0.3178759949618412
test_000015,3,0.0,-0.6748185582570794
test_000015,4,0.0,0.19629478920380442
test_000015,5,0.0,-0.09563249869337034
test_000015,6,0.0,0.33188495236584803
test_000015,7,0.03039087758075784,0.5498510737748205
test_000015,8,0.11580181739974071,0.8365386882325764
test_000015,9,0.24414231195264793,0.3930116053601052
test_000015,10,0.4217984652183429,0.20395724053524225
test_000015,11,0.5253138919145064,0.9076090850537035
test_000015,12,0.6371974995297932,0.7784524037350798
test_000015,13,0.6794527948457023,-0.7676073256519109
test_000015,14,0.6907706293825921,-0.7613629288886982
test_000015,15,0.564017930590929,-0.12202634919699232
test_000015,16,0.4277467736968292,0.2055828960521149
test_000015,17,0.2268814237237557,0.3514584198019788
test_000015,18,0.07861357865595887,0.02941718469045012
test_000015,19,0.0,0.284834057647698
test_000015,20,0.0,-0.080784063078978
test_000015,21,0.0,0.8742700102762666
test_000015,22,0.0,0.5689850245019996
test_000015,23,0.0,-0.327276511027511
test_000015,24,0.0,-0.5459825975921893
test_000016,1,0.0,-0.2916779907545824
test_000016,2,0.0,0.2569678971354813
test_000016,3,0.0,0.3966769946020803
test_000016,4,0.0,-0.42477970821863187
test_000016,5,0.0,-0.5940417286884969
test_000016,6,0.0,-0.09694834896682625
test_000016,7,0.027622422692459715,-0.36902966368883683
test_000016,8,0.10698293983760901,-0.1072961600387185
test_000016,9,0.24738548967114582,-0.25971560821992956
test_000016,10,0.3287675520896121,0.1610721202370631
test_000016,11,0.4639779261727976,-0.3004364992290729
test_000016,12,0.5773001458870483,-0.24678873728130798
test_000016,13,0.618038422596204,-0.10129073776381065
test_000016,14,0.6471996364816631,-0.5948937640370655
test_000016,15,0.4919533239738496,-0.6142627475081589
test_000016,16,0.37610720572901046,0.830552840200106
test_000016,17,0.18831997911243387,0.8869574640049076
test_000016,18,0.06000042477189441,0.4938701488698567
test_000016,19,0.0,0.5819473567630424
test_000016,20,0.0,0.5549096790468815
test_000016,21,0.0,0.7017997996712146
test_000016,22,0.0,0.5360532969298477
test_000016,23,0.0,0.7505340642925349
test_000016,24,0.0,0.7754114583926977
test_000017,1,0.0,0.6999989288488726
test_000017,2,0.0,0.7189324790240099
test_000017,3,0.0,-0.06314548576481215
test_000017,4,0.0,0.32704341245942875
test_000017,5,0.0,-0.37805774532356423
test_000017,6,0.0,-0.28854798053897546
test_000017,7,0.04223412007807573,-0.5437207804041198
test_000017,8,0.17909806058326655,-0.9493109410590633
test_000017,9,0.3546982009918507,-0.914694455266534
test_000017,10,0.5565308295930514,-0.7971587861491899
test_000017,11,0.7086145734298047,-0.8806192403583513
test_000017,12,0.8115509065087073,-0.8509343618800481
test_000017,13,0.8239053325280196,0.18648149770668862
test_000017,14,0.8324201355320513,0.4846996563663659
test_000017,15,0.6353531504541838,0.3338033344696443
test_000017,16,0.4747622690650021,-0.42229886306859676
test_000017,17,0.27775852440569776,-0.6798017494932611
test_000017,18,0.09692596407237589,-0.2090174691654029
test_000017,19,0.0,-0.015709047785328677
test_000017,20,0.0,-0.668258719193366
test_000017,21,0.0,-0.22377898673633842
test_000017,22,0.0,0.6070070041317649
test_000017,23,0.0,0.45863443374237617
test_000017,24,0.0,-0.5233106875775123
test_000018,1,0.0,-0.6876580972336339
test_000018,2,0.0,-0.26533658522710574
test_000018,3,0.0,-0.06485916519944722
test_000018,4,0.0,-0.5467836704506268
test_000018,5,0.0,-0.17182005226167382
test_000018,6,0.0,0.4623509939254842
test_000018,7,0.040854554119072344,0.41297537059723444
test_000018,8,0.16774352521479277,0.6643231002220418
test_000018,9,0.3168048562915636,0.7990720568080099
test_000018,10,0.5044339490871836,0.6083603878704543
test_000018,11,0.6940008259426659,-0.27366229999419167
test_000018,12,0.8285667272129329,-0.10929967980067605
test_000018,13,0.8805877414862667,0.03866949791998291
test_000018,14,0.8356114649454154,-0.23915967430583054
test_000018,15,0.7039954540942851,-0.6441119501576402
test_000018,16,0.5346710927714111,0.020295493774777892
test_000018,17,0.3124632369284244,-0.2770927967291976
test_000018,18,0.10620647705725553,0.674586955980784
test_000018,19,0.0,0.2693581958967314
test_000018,20,0.0,0.8170256737325148
test_000018,21,0.0,0.8121646493643464
test_000018,22,0.0,0.5802201819300148
test_000018,23,0.0,0.7812451924393349
test_000018,24,0.0,0.9120249747173118
test_000019,1,0.0,0.4384262672359042
test_000019,2,0.0,0.5773311625340635
test_000019,3,0.0,0.472997990898232
test_000019,4,0.0,-0.46383141295974784
test_000019,5,0.0,0.26840781644055184
test_000019,6,0.0,-0.5666663893325761
test_000019,7,0.04684722462671581,-0.5554143875931278
test_000019,8,0.18893804456133323,-0.662087899400482
test_000019,9,0.37700359922122606,-0.6362785850975123
test_000019,10,0.6102565946768549,-0.22918643638825076
test_000019,11,0.7704271930477935,-0.35092982950490753
test_000019,12,0.8699467559239432,-0.3136352135830585
test_000019,13,0.9432024668024014,0.07883331898256415
test_000019,14,0.8617755376398158,-0.17148559779737277
test_000019,15,0.7351624682402738,0.1580286266779615
test_000019,16,0.5501291936219171,0.09273226929342958
test_000019,17,0.32208347464215786,0.3575152251941695
test_000019,18,0.10959679611725835,0.1427367805839735
test_000019,19,0.0,0.40062219387511705
test_000019,20,0.0,0.4040217311697753
test_000019,21,0.0,0.4038905633439046
test_000019,22,0.0,0.7015839231306031
test_000019,23,0.0,0.10351150058380783
test_000019,24,0.0,0.14228731290058103
test_000020,1,0.0,0.5043705207240787
test_000020,2,0.0,0.4623243960242637
test_000020,3,0.0,0.04722379602537939
test_000020,4,0.0,0.09212090834509484
test_000020,5,0.0,-0.5299351646997863
test_000020,6,0.0,-0.3455463815183432
test_000020,7,0.044317988127134465,-0.5106259248529891
test_000020,8,0.17809682617543432,0.028284335019741206
test_000020,9,0.3628141533763436,0.6256421522992931
test_000020,10,0.5960020158543402,-0.0831897763597195
test_000020,11,0.790286668920887,-0.6108800276599924
test_000020,12,0.8860653201570202,-0.3732302983241067
test_000020,13,0.8835655512740073,-0.770869991724122
test_000020,14,0.8218154802602117,-0.5267422208362962
test_000020,15,0.6884043729275275,0.7372058818707625
test_000020,16,0.5180658489332612,0.4662702236449441
test_000020,17,0.31218278593507703,-0.6789672210968827
test_000020,18,0.10977510895658343,0.035069451710394536
test_000020,19,0.0,-0.017240519781530433
test_000020,20,0.0,-0.7766300973937426
test_000020,21,0.0,-0.34601138948264043
test_000020,22,0.0,-0.40509798514602535
test_000020,23,0.0,-0.5786358074123273
test_000020,24,0.0,0.19603501788004066
test_000021,1,0.0,0.6016167956775441
test_000021,2,0.0,-0.31209896728082753
test_000021,3,0.0,-0.4668762786941437
test_000021,4,0.0,-0.3416917696982879
test_000021,5,0.0,0.42525867273558077
test_000021,6,0.0,-0.21927299306923653
test_000021,7,0.03989806368915635,0.3683260585620204
test_000021,8,0.16007108951730098,0.41290155638643244
test_000021,9,0.3301125243854922,-0.12453592999912662
test_000021,10,0.573265142708581,-0.13795810778174206
test_000021,11,0.7602733013460033,0.5832331782270003
test_000021,12,0.8427200172630542,-0.43674499409991174
test_000021,13,0.8739909796044304,-0.26007752812802903
test_000021,14,0.8357048286657247,-0.25313403585769756
test_000021,15,0.6871677560192694,0.5945612839514958
test_000021,16,0.5130759963471523,-0.7351821999554087
test_000021,17,0.3010484452668725,-0.6072845313908704
test_000021,18,0.10715841243768547,-0.30723820739812935
test_000021,19,0.0,-0.7187969123896567
test_000021,20,0.0,0.05157825555309792
test_000021,21,0.0,0.8611525863664251
test_000021,22,0.0,0.5467413893439025
test_000021,23,0.0,-0.21280386902579826
test_000021,24,0.0,-0.3541191621192764
test_000022,1,0.0,-0.675105320896904
test_000022,2,0.0,0.2855463679023143
test_000022,3,0.0,-0.12540976004686807
test_000022,4,0.0,-0.26763071489806173
test_000022,5,0.0,-0.45622831936770014
test_000022,6,0.0,-0.5724165275478201
test_000022,7,0.029900325482629487,-0.9601187804659693
test_000022,8,0.12413837892394425,-0.7226765880960866
test_000022,9,0.25914260561516955,-0.43070913237384173
test_000022,10,0.46976704113089834,0.4113749044322368
test_000022,11,0.6228479721719113,0.5387237949045914
test_000022,12,0.8080590606909762,0.09802957135178507
test_000022,13,0.8119895637239,0.37353883539471444
test_000022,14,0.6968225244003625,0.3798241663508244
test_000022,15,0.550722737898337,0.22804875380719378
test_000022,16,0.4273915849558591,0.12540894437445657
test_000022,17,0.24497821507955586,0.4723043423201241
test_000022,18,0.08450845311161692,0.6045582417712592
test_000022,19,0.0,0.33445149063700963
test_000022,20,0.0,-0.02826542802583611
test_000022,21,0.0,-0.41337713830145245
test_000022,22,0.0,-0.7583163973543118
test_000022,23,0.0,-0.6092472865040023
test_000022,24,0.0,-0.332843542111313
test_000023,1,0.0,-0.07437021924011007
test_000023,2,0.0,-0.5163545311222011
test_000023,3,0.0,-0.10915647048960704
test_000023,4,0.0,-0.18429152769970902
test_000023,5,0.0,0.200114762110351
test_000023,6,0.0,-0.26787556997163764
test_000023,7,0.0449130853582029,-0.7506678939225289
test_000023,8,0.17742829483567205,-0.836963410261092
test_000023,9,0.34923489457041484,-0.8068227483493455
test_000023,10,0.5539759117508425,-0.8909733594228357
test_000023,11,0.6724239222919587,-0.6078381557231674
test_000023,12,0.795396071550297,-0.1813586633785042
test_000023,13,0.8283764478757939,-0.5856538393841997
test_000023,14,0.8269016597402417,-0.7622777189103934
test_000023,15,0.7092668342309699,-0.36541885173399047
test_000023,16,0.51790823397787,-0.10688634869213737
test_000023,17,0.2923099712248049,0.44240835090201475
test_000023,18,0.10301938691008238,0.5281118981538913
test_000023,19,0.0,0.46533456584398936
test_000023,20,0.0,0.5298385809159565
test_000023,21,0.0,0.18697152572936576
test_000023,22,0.0,0.04716049737921976
test_000023,23,0.0,0.03735352108656917
test_000023,24,0.0,-0.5677169664319153
test_000024,1,0.0,0.2504286334989232
test_000024,2,0.0,0.27757844726375946
test_000024,3,0.0,-0.05013003435476097
test_000024,4,0.0,0.511314547096334
test_000024,5,0.0,0.478673463527162
test_000024,6,0.0,0.884197306953947
test_000024,7,0.046268011695924975,0.49997253635842287
test_000024,8,0.18661623988010478,0.4815814808600646
test_000024,9,0.3754572667534024,-0.628034889275155
test_000024,10,0.6155251162876844,-0.7910386923594462
test_000024,11,0.8150866350904304,-0.48538556900075414
test_000024,12,0.9134721350510261,0.5068743594463001
test_000024,13,0.9373247500762176,-0.45610042877264273
test_000024,14,0.9028472138081782,-0.6127123738768905
test_000024,15,0.7640742100864005,-0.13616794722468947
test_000024,16,0.5680899194658784,-0.4824530314594512
test_000024,17,0.3331103502686789,-0.24134948075294702
test_000024,18,0.11357494350388193,-0.6051610380583983
test_000024,19,0.0,0.15265614441150038
test_000024,20,0.0,0.32795341663116107
test_000024,21,0.0,-0.1366185720280987
test_000024,22,0.0,-0.09929283053687606
test_000024,23,0.0,-0.3300267514206818
test_000024,24,0.0,-0.7778094560655846
test_000025,1,0.0,-0.9116109432368568
test_000025,2,0.0,-0.7822975412684559
test_000025,3,0.0,-0.5024614933430245
test_000025,4,0.0,-0.4251836594431319
test_000025,5,0.0,-0.0719636748539015
test_000025,6,0.0,-0.794271885596413
test_000025,7,0.04065664721479717,-0.8785218369226783
test_000025,8,0.14873907362772384,-0.4645776714518419
test_000025,9,0.27614272329190753,-0.3528707979772867
test_000025,10,0.40009714913745165,-0.5884100855645307
test_000025,11,0.4931063471237973,-0.8678335127920306
test_000025,12,0.6417245811630147,-0.5904733580744819
test_000025,13,0.7299917671425514,-0.4968574446336044
test_000025,14,0.7059636812335389,-0.5191893397456596
test_000025,15,0.5677561428925795,-0.2617763627170672
test_000025,16,0.47311033849940826,0.3979206741559369
test_000025,17,0.28068383346806725,0.4210362790574673
test_000025,18,0.09983431979241976,0.7635532954255273
test_000025,19,0.0,0.08066148970318607
test_000025,20,0.0,-0.6471252809060205
test_000025,21,0.0,-0.8427230187382415
test_000025,22,0.0,-0.5055332803603556
test_000025,23,0.0,-0.14362459356865784
test_000025,24,0.0,-0.05857543901461963
test_000026,1,0.0,0.35546655126511284
test_000026,2,0.0,-0.5049766078356015
test_000026,3,0.0,-0.514710979065381
test_000026,4,0.0,-0.25121631157579577
test_000026,5,0.0,0.6363650360203976
test_000026,6,0.0,0.7791261714185266
test_000026,7,0.04592243781651629,0.8263549675618019
test_000026,8,0.18418941103945452,0.44085522313851994
test_000026,9,0.36324383622666584,0.557876596710817
test_000026,10,0.584646816907291,0.4037273670686305
test_000026,11,0.7744126288182565,0.12663677626985417
test_000026,12,0.8371847814209965,-0.6339936213472259
test_000026,13,0.8972030000317582,0.13396582571179555
test_000026,14,0.8363512052380109,-0.7423662476735706
test_000026,15,0.711339631998745,-0.027088794823961565
test_000026,16,0.5351936570478184,0.6908595498257358
test_000026,17,0.299110397495769,0.7685158311609023
test_000026,18,0.10015507863847935,0.5385325268054955
test_000026,19,0.0,-0.1831672678731679
test_000026,20,0.0,-0.3505583496482785
test_000026,21,0.0,0.2807149039717583
test_000026,22,0.0,-0.1473153324296855
test_000026,23,0.0,0.13792750031205542
test_000026,24,0.0,0.11191554850915847
test_000027,1,0.0,0.7942992460926328
test_000027,2,0.0,0.28709502387063496
test_000027,3,0.0,0.7629471563893685
test_000027,4,0.0,0.8720115293758668
test_000027,5,0.0,0.31119843446562506
test_000027,6,0.0,0.5855717955155837
test_000027,7,0.03497436820695213,0.14804042590153244
test_000027,8,0.12811090754814186,-0.1481748601165082
test_000027,9,0.2979257888155491,-0.2360274762769432
test_000027,10,0.5191612357555864,-0.7926561212811022
test_000027,11,0.683885642922299,-0.8426993716209288
test_000027,12,0.7700727745120749,-0.8480121274508275
test_000027,13,0.7498183125015222,-0.5059915986690808
test_000027,14,0.7759695202716064,0.2789291345379943
test_000027,15,0.6017376109988865,-0.04295437198272941
test_000027,16,0.4670147577623902,-0.14417130098224498
test_000027,17,0.25488542909218265,0.2828757377162308
test_000027,18,0.0855726116705897,-0.9018549668462786
test_000027,19,0.0,-0.7735613348845386
test_000027,20,0.0,-0.34852425303316265
test_000027,21,0.0,-0.6206569132177167
test_000027,22,0.0,-0.5790835967242656
test_000027,23,0.0,0.48663922592586273
test_000027,24,0.0,0.7478522861652822
test_000028,1,0.0,0.7157825011082868
test_000028,2,0.0,0.5932847418514631
test_000028,3,0.0,0.9809523283900354
test_000028,4,0.0,0.9825589898051774
test_000028,5,0.0,0.9592366593797718
test_000028,6,0.0,0.8619384585694304
test_000028,7,0.035885977866206765,0.9017372814007882
test_000028,8,0.15192382634865717,0.840505754492815
test_000028,9,0.2785968177775323,0.7657832739875476
test_000028,10,0.46120247157657157,0.3918273336012274
test_000028,11,0.5412116858849987,0.05076787821001366
test_000028,12,0.6589004135348162,-0.6990128778876936
test_000028,13,0.6597297394639373,0.195154178415167
test_000028,14,0.6522242915085955,0.247236023741541
test_000028,15,0.5921348281645367,0.8306873139549135
test_000028,16,0.4438451059621361,0.6188256343828469
test_000028,17,0.23772894800989583,0.20953123539329102
test_000028,18,0.08510269958055722,-0.15685386056603526
test_000028,19,0.0,-0.16540111783117847
test_000028,20,0.0,0.6774610203748965
test_000028,21,0.0,0.33346260262912286
test_000028,22,0.0,0.7933787241782625
test_000028,23,0.0,0.22861667801474472
test_000028,24,0.0,-0.4981878107845582
test_000029,1,0.0,-0.11664168781249028
test_000029,2,0.0,0.3764898808383523
test_000029,3,0.0,0.4268874054584496
test_000029,4,0.0,0.571725156697681
test_000029,5,0.0,0.36444008345578255
test_000029,6,0.0,0.36438005135031615
test_000029,7,0.03183946228700801,-0.5783506714600527
test_000029,8,0.1299346566549321,-0.9000737365789483
test_000029,9,0.2767451601539012,-0.7215909909081151
test_000029,10,0.5005681286438343,0.6687403526517626
test_000029,11,0.6505010691434854,0.5839663277525495
test_000029,12,0.7816827409607761,-0.14498122500790467
test_000029,13,0.7815616945130996,0.4061163817787081
test_000029,14,0.6825141494322176,-0.5013296843528673
test_000029,15,0.5230785602659376,0.6195031051171032
test_000029,16,0.4103259138256048,-0.4841746878183436
test_000029,17,0.23553914547810853,0.18940695131322596
test_000029,18,0.07741597114423412,0.6307756389977666
test_000029,19,0.0,0.1326890834798644
test_000029,20,0.0,-0.285399909489432
test_000029,21,0.0,-0.22886545031761094
test_000029,22,0.0,0.1575866882067615
test_000029,23,0.0,0.34846634872393206
test_000029,24,0.0,0.0525886669538858
test_000030,1,0.0,-0.8563983119855085
test_000030,2,0.0,-0.8496044642113701
test_000030,3,0.0,-0.8813710813916679
test_000030,4,0.0,-0.8774114032315345
test_000030,5,0.0,-0.9572846577347425
test_000030,6,0.0,-0.7249287616774744
test_000030,7,0.0419574969334372,-0.8622725814632408
test_000030,8,0.16364406499008222,-0.6688603519682106
test_000030,9,0.3369666190728551,-0.2770596842263058
test_000030,10,0.5469679142835033,-0.3699501657814659
test_000030,11,0.7420407188084222,-0.3104980983663001
test_000030,12,0.8280795788297589,-0.7434085400979136
test_000030,13,0.8040089309203243,-0.7255927026926678
test_000030,14,0.7424327067792422,-0.5321111234920657
test_000030,15,0.592265578341434,-0.36384173223214006
test_000030,16,0.47258821335700896,0.4695122924193955
test_000030,17,0.2475444101755536,-0.868175985759517
test_000030,18,0.08290157771983814,-0.7297680145445917
test_000030,19,0.0,-0.8523718273973553
test_000030,20,0.0,-0.7542366949182865
test_000030,21,0.0,-0.7571337950280008
test_000030,22,0.0,-0.875644956575067
test_000030,23,0.0,-0.0008136399655694788
test_000030,24,0.0,-0.5051039910504668
test_000031,1,0.0,0.7899582727248544
test_000031,2,0.0,0.2659679414072953
test_000031,3,0.0,0.7411676581074892
test_000031,4,0.0,0.5200556106275669
test_000031,5,0.0,0.3979956106461736
test_000031,6,0.0,0.6145603282379244
test_000031,7,0.04084204472926127,0.2341450132662366
test_000031,8,0.16595488092541108,0.46563735326691547
test_000031,9,0.33161378917702133,0.2499387398125926
test_000031,10,0.5362924479646524,0.5375415756678552
test_000031,11,0.7199411159241971,0.8279579738821976
test_000031,12,0.7611856365751091,0.7225952947555103
test_000031,13,0.8053480469479146,0.21727089443985442
test_000031,14,0.7694699129782444,-0.8830462273127455
test_000031,15,0.699057188626586,-0.7565255341846977
test_000031,16,0.4955793526603421,-0.5310236397141651
test_000031,17,0.28257500682491055,-0.5516186252158732
test_000031,18,0.10495539720316252,-0.39007611086960114
test_000031,19,0.0,0.10900717396656198
test_000031,20,0.0,0.7718791279095527
test_000031,21,0.0,0.7424430432394808
test_000031,22,0.0,-0.23215400846617512
test_000031,23,0.0,-0.6037173968576516
test_000031,24,0.0,-0.8678474484962758
test_000032,1,0.0,0.5138182544827435
test_000032,2,0.0,0.11379153648977372
test_000032,3,0.0,0.6585169827483436
test_000032,4,0.0,0.1913700684536858
test_000032,5,0.0,-0.16503990398324725
test_000032,6,0.0,-0.0736319609014876
test_000032,7,0.0360279694510428,-0.46843382158397895
test_000032,8,0.15524520332624034,-0.5268116931832478
test_000032,9,0.30684842965167924,-0.2525644383412439
test_000032,10,0.4845951479592178,-0.018361484630478174
test_000032,11,0.6208724232831929,-0.014875291391101393
test_000032,12,0.7249583698592719,-0.08630329150857084
test_000032,13,0.7249046072976506,-0.7178377942071662
test_000032,14,0.6738472279485588,-0.4625839055428287
test_000032,15,0.5496066720266444,-0.19883382378895637
test_000032,16,0.4746852833828512,-0.3422996754395935
test_000032,17,0.27134867198290497,-0.1768367434859817
test_000032,18,0.09253799924107885,0.6299771990510574
test_000032,19,0.0,0.4494072929661238
test_000032,20,0.0,0.2116807438448838
test_000032,21,0.0,0.29875610307600636
test_000032,22,0.0,0.1005582092047841
test_000032,23,0.0,0.3763055871628757
test_000032,24,0.0,0.9382658030988597
test_000033,1,0.0,-0.16068621812730874
test_000033,2,0.0,-0.36946108707522113
test_000033,3,0.0,0.36788777941852363
test_000033,4,0.0,0.3701081425507133
test_000033,5,0.0,0.4866370530116956
test_000033,6,0.0,0.18300572886152358
test_000033,7,0.0356457750567375,0.2098563186691116
test_000033,8,0.13268720625614885,-0.1515177622615602
test_000033,9,0.25778506129711104,0.14341250789030116
test_000033,10,0.46587180338872053,-0.7973331364776903
test_000033,11,0.5664566339110891,-0.8632270984362775
test_000033,12,0.6666243586856699,-0.5433122124331207
test_000033,13,0.6963819826708157,-0.6369911531713277
test_000033,14,0.7037517747407841,0.04029553244924308
test_000033,15,0.5385641118763972,-0.44212990033224
test_000033,16,0.42342861766969936,-0.46500560363161514
test_000033,17,0.2506182710843578,0.7950450720689813
test_000033,18,0.09104241915034031,0.8023309319556114
test_000033,19,0.0,0.5219905718055544
test_000033,20,0.0,0.5438499686817029
test_000033,21,0.0,0.9097361361268244
test_000033,22,0.0,0.7151327750790348
test_000033,23,0.0,0.7084996179414285
test_000033,24,0.0,0.8878446084145483
test_000034,1,0.0,0.7269561516089247
test_000034,2,0.0,0.5828247397044715
test_000034,3,0.0,0.33235709840284416
test_000034,4,0.0,0.735100123923079
test_000034,5,0.0,0.18487556159111623
test_000034,6,0.0,0.04804410562986841
test_000034,7,0.03700903949650436,0.017899682694395385
test_000034,8,0.14925923343491737,0.07378843323769578
test_000034,9,0.2760882590173037,0.9098030909231608
test_000034,10,0.48861228606165197,0.7908354584695629
test_000034,11,0.668461303699484,0.7463626597675146
test_000034,12,0.8244987481687409,0.5299225788513207
test_000034,13,0.8113382091087247,0.8529160178743914
test_000034,14,0.6895089545494898,0.7765290634430302
test_000034,15,0.6255030297932631,0.6485835541496121
test_000034,16,0.46696609654428956,0.6790540551354234
test_000034,17,0.2504227320117607,0.38304669746551795
test_000034,18,0.09538615788425314,0.3120576266320994
test_000034,19,0.0,0.8749351944360519
test_000034,20,0.0,0.4919112059477315
test_000034,21,0.0,-0.016722410702331755
test_000034,22,0.0,-0.3444728571459857
test_000034,23,0.0,-0.6736880632045585
test_000034,24,0.0,-0.3699389203793749
test_000035,1,0.0,-0.4555229991185626
test_000035,2,0.0,0.8747747869779692
test_000035,3,0.0,0.8327428686732742
test_000035,4,0.0,0.8686613158660278
test_000035,5,0.0,0.6334951114401677
test_000035,6,0.0,-0.3215072157318754
test_000035,7,0.031808709539043606,0.6490821138173024
test_000035,8,0.11591914956013989,-0.3730421498569791
test_000035,9,0.22450516666638293,0.11735906978659341
test_000035,10,0.34655617614727785,-0.5653515044199259
test_000035,11,0.5228486548300136,-0.8618450347645168
test_000035,12,0.5787895742126189,-0.7977831165763511
test_000035,13,0.6526363597342743,-0.6712114881217328
test_000035,14,0.6416822764484615,-0.29918895652475264
test_000035,15,0.5674634787795698,-0.08102961403788514
test_000035,16,0.42452228933431546,-0.05147809250143357
test_000035,17,0.26598595299917654,-0.36289359680063993
test_000035,18,0.09067973674559096,-0.10229917959441476
test_000035,19,0.0,0.7882174188050761
test_000035,20,0.0,0.7005421515524094
test_000035,21,0.0,0.649145601344775
test_000035,22,0.0,0.49882415595000007
test_000035,23,0.0,0.08710436911879081
test_000035,24,0.0,0.6856541610553615
test_000036,1,0.0,0.771483841725997
test_000036,2,0.0,0.8615653129063026
test_000036,3,0.0,0.3805293283684387
test_000036,4,0.0,0.363404122189783
test_000036,5,0.0,0.43400582272927357
test_000036,6,0.0,0.32737704927201255
test_000036,7,0.04548848934942456,0.21051060356972878
test_000036,8,0.1733254429989865,-0.44785683038236357
test_000036,9,0.35099107477498476,-0.042970657793946924
test_000036,10,0.5637257741849772,0.31247013523570855
test_000036,11,0.7366074646443463,0.02739396190342557
test_000036,12,0.8314255707765907,0.2914580752178856
test_000036,13,0.873961191947451,0.21112429706045063
test_000036,14,0.8506272432940748,0.040453034020662866
test_000036,15,0.705061460093522,0.46331454278542406
test_000036,16,0.5056663699101024,0.4725387193953222
test_000036,17,0.29520990088984334,-0.1499004670969097
test_000036,18,0.09066031279331384,-0.20048623861439202
test_000036,19,0.0,0.24163785643973973
test_000036,20,0.0,0.4297538634505917
test_000036,21,0.0,0.15031771267206676
test_000036,22,0.0,0.7929264374573356
test_000036,23,0.0,0.8404441471068472
test_000036,24,0.0,0.5969445636208883
test_000037,1,0.0,0.7968388268204166
test_000037,2,0.0,0.31990124136632475
test_000037,3,0.0,0.49413635185339333
test_000037,4,0.0,0.34018615544937214
test_000037,5,0.0,-0.2838608144185545
test_000037,6,0.0,-0.427747669722932
test_000037,7,0.04057320840906245,-0.6797899114953644
test_000037,8,0.16978661187302657,-0.03217055443235961
test_000037,9,0.3413272002279344,0.6181002695098268
test_000037,10,0.5642541564777824,0.8050228447779608
test_000037,11,0.6562114030389773,0.8154171665044142
test_000037,12,0.7615250152979746,0.18240613612836076
test_000037,13,0.8150732127839956,0.48501687802752547
test_000037,14,0.800126846951033,0.8856421711140142
test_000037,15,0.7046002589906499,-0.5787524012802239
test_000037,16,0.5415081149165846,-0.2587282406842103
test_000037,17,0.30848240251355435,-0.005078774656281393
test_000037,18,0.10791163801720503,-0.3786487038941796
test_000037,19,0.0,0.5479817460177219
test_000037,20,0.0,0.5508390945476551
test_000037,21,0.0,0.3043829684405911
test_000037,22,0.0,0.4760641100341474
test_000037,23,0.0,-0.20600540177040008
test_000037,24,0.0,-0.15780825417959018
test_000038,1,0.0,-0.673212557167971
test_000038,2,0.0,0.029521878382577086
test_000038,3,0.0,-0.10702211305554889
test_000038,4,0.0,0.14106148879008748
test_000038,5,0.0,0.007459219514230605
test_000038,6,0.0,0.26027579698113035
test_000038,7,0.04321396470661535,0.5377529577831028
test_000038,8,0.1785390342993446,-0.13638760133859265
test_000038,9,0.3652371474397372,-0.46195410993400315
test_000038,10,0.6032888512555024,0.07052828039304153
test_000038,11,0.7844456989757655,0.5259780766717976
test_000038,12,0.8728952483411349,0.8341331717482563
test_000038,13,0.9247718182856772,0.8575299973055721
test_000038,14,0.8727668401102633,0.5047870480666535
test_000038,15,0.7301951402346121,-0.8116263290806919
test_000038,16,0.5515768998371612,-0.5992489555186338
test_000038,17,0.3223834521561389,-0.5719793193576703
test_000038,18,0.11033964189236715,0.711410429472948
test_000038,19,0.0,0.7726352497687976
test_000038,20,0.0,-0.05205152364189486
test_000038,21,0.0,-0.23176925560517753
test_000038,22,0.0,-0.5005156894296404
test_000038,23,0.0,0.024112055840728713
test_000038,24,0.0,0.3917988347985861
test_000039,1,0.0,-0.44755277061686477
test_000039,2,0.0,0.37615145465867106
test_000039,3,0.0,-0.2945824677023867
test_000039,4,0.0,-0.5230801602783963
test_000039,5,0.0,-0.4992132244356353
test_000039,6,0.0,-0.3626711632536229
test_000039,7,0.03038359909984949,-0.4595925239571791
test_000039,8,0.10228966644077125,0.2616775736968095
test_000039,9,0.2090760440091303,0.17445687248153458
test_000039,10,0.38410297474405486,0.6506878902591835
test_000039,11,0.5531466186188242,0.33686586290559223
test_000039,12,0.527520776659788,0.14560762056278342
test_000039,13,0.5635539347698911,0.7326037550236737
test_000039,14,0.5201037247691112,0.8136535358546084
test_000039,15,0.43070230173730534,0.9790704380017536
test_000039,16,0.3749774641775577,0.6006320199760795
test_000039,17,0.19287946687697927,0.7373240581056901
test_000039,18,0.06432616049054418,0.8025407362757276
test_000039,19,0.0,0.6736900583977139
test_000039,20,0.0,0.2776598476509506
test_000039,21,0.0,-0.19484735723318725
test_000039,22,0.0,0.223291114772961
test_000039,23,0.0,-0.36897857001523027
test_000039,24,0.0,-0.7080455327175146
test_000040,1,0.0,0.06815588970050591
test_000040,2,0.0,-0.1776023154239907
test_000040,3,0.0,0.48460356275065364
test_000040,4,0.0,0.8748785199581539
test_000040,5,0.0,0.6498026504014736
test_000040,6,0.0,0.4711163796553116
test_000040,7,0.048204482392981085,0.944940406148175
test_000040,8,0.194211111719256,0.9785347770726981
test_000040,9,0.38478773449347153,0.9726887439081573
test_000040,10,0.6203414006004471,0.8019694759664173
test_000040,11,0.8223857643344188,0.06672193906363186
test_000040,12,0.923693314165124,0.19992222753357386
test_000040,13,0.9575549608948977,0.4264857081023032
test_000040,14,0.9148924993208603,0.1841588122136375
test_000040,15,0.770949189196434,-0.11272406739906268
test_000040,16,0.5786215716503031,-0.5144912827621305
test_000040,17,0.3340270677353484,0.1753402989305263
test_000040,18,0.11315763793150695,0.25581712799325235
test_000040,19,0.0,0.7448731659780738
test_000040,20,0.0,0.8664566626623842
test_000040,21,0.0,0.6139844182303928
test_000040,22,0.0,0.8067237170563095
test_000040,23,0.0,0.9567389734251812
test_000040,24,0.0,0.9613481554724053
test_000041,1,0.0,0.6775665422551849
test_000041,2,0.0,0.9129490630823628
test_000041,3,0.0,0.685346491294784
test_000041,4,0.0,-0.35964123293261857
test_000041,5,0.0,0.6103117181316337
test_000041,6,0.0,-0.5443151538556811
test_000041,7,0.03791457203314731,-0.19860040675837642
test_000041,8,0.14918248562836348,-0.6733781251818904
test_000041,9,0.322226468887076,-0.20272058430652035
test_000041,10,0.5399908880527614,-0.015163874172337022
test_000041,11,0.6610158025540086,-0.3064224293484706
test_000041,12,0.7775216445076395,-0.587526659601161
test_000041,13,0.7867861811776743,-0.6781137782108231
test_000041,14,0.6608971990579738,0.35096189925171023
test_000041,15,0.5620591458183822,0.6877581669383843
test_000041,16,0.37827735071596463,0.371332936220749
test_000041,17,0.2208773159817205,-0.21756131435442447
test_000041,18,0.08622130731112645,-0.37690321730298415
test_000041,19,0.0,-0.5528308416980023
test_000041,20,0.0,0.22660783571493875
test_000041,21,0.0,-0.1363848547157424
test_000041,22,0.0,-0.22754659657855122
test_000041,23,0.0,-0.5299000875525843
test_000041,24,0.0,-0.7886409160569459
test_000042,1,0.0,0.39491852930040366
test_000042,2,0.0,0.12071428070770285
test_000042,3,0.0,0.28613948970108477
test_000042,4,0.0,-0.20424682700663044
test_000042,5,0.0,-0.8196968388980526
test_000042,6,0.0,-0.8861880702121488
test_000042,7,0.03493284494677928,-0.8450912231623702
test_000042,8,0.13709856830183584,-0.16945749089205409
test_000042,9,0.2789498952468573,-0.19252117349967984
test_000042,10,0.5177105353951605,-0.07575898243635769
test_000042,11,0.6218002952785636,-0.051640054281070755
test_000042,12,0.6156007221577615,0.42387882253983517
test_000042,13,0.7357302490706342,-0.5326715379101786
test_000042,14,0.7286540381398463,-0.22195795347141933
test_000042,15,0.6100643046882138,0.06076018041316238
test_000042,16,0.47134661393690325,-0.2809100433455725
test_000042,17,0.2830240779151875,-0.599478194179761
test_000042,18,0.09210597110079004,-0.881073545265915
test_000042,19,0.0,-0.7906227663092491
test_000042,20,0.0,-0.5997964121892266
test_000042,21,0.0,0.02542708762347803
test_000042,22,0.0,0.22531357188318357
test_000042,23,0.0,-0.3552121238369792
test_000042,24,0.0,0.8722599719117555
test_000043,1,0.0,0.45560954024863465
test_000043,2,0.0,0.5577254780961887
test_000043,3,0.0,0.5474718067867761
test_000043,4,0.0,0.8552972755472753
test_000043,5,0.0,0.6852990249878975
test_000043,6,0.0,0.5193589502566549
test_000043,7,0.03184601387972081,-0.2622888427762873
test_000043,8,0.12219747414921021,0.251015358316093
test_000043,9,0.25795440319297946,0.5266674502807953
test_000043,10,0.4009279842811386,0.7144301180946375
test_000043,11,0.5604658648054541,0.42509611829581406
test_000043,12,0.6130901382752679,0.8820462309751071
test_000043,13,0.6065942828861906,0.8470262066996034
test_000043,14,0.5373386114137784,0.7465024677073653
test_000043,15,0.4706174046167424,0.7442407564918396
test_000043,16,0.35120357963984095,0.8440642494905509
test_000043,17,0.23836610328228863,0.9451249893347812
test_000043,18,0.08119825871611691,0.8427468146289547
test_000043,19,0.0,0.9366990944702612
test_000043,20,0.0,0.9663837208659812
test_000043,21,0.0,0.8451903438936414
test_000043,22,0.0,0.8630303868357475
test_000043,23,0.0,0.7404348766967899
test_000043,24,0.0,0.8924591094485924
test_000044,1,0.0,-0.531838575632942
test_000044,2,0.0,0.41275458195579456
test_000044,3,0.0,0.30550809744464996
test_000044,4,0.0,-0.11524422976298436
test_000044,5,0.0,-0.029429616694009793
test_000044,6,0.0,0.37650440903123455
test_000044,7,0.028134107873350203,0.49802399160720645
test_000044,8,0.09839939303476374,0.14532068431412717
test_000044,9,0.21193432905901705,-0.3707082590578074
test_000044,10,0.3241026107436457,0.19713806190536176
test_000044,11,0.4385376828035422,-0.28621643170954786
test_000044,12,0.4203079245850881,-0.1353622627266742
test_000044,13,0.42478708296962014,0.46564167830016134
test_000044,14,0.4366117993227403,0.843651468424135
test_000044,15,0.3395276940100307,0.924275714012565
test_000044,16,0.3417607377450096,0.9703988922892309
test_000044,17,0.18498357480776037,0.9011709300479687
test_000044,18,0.06549098272684815,-0.20721302074701034
test_000044,19,0.0,0.37059588173671887
test_000044,20,0.0,0.21941408148951944
test_000044,21,0.0,0.5919298574997343
test_000044,22,0.0,0.5326822136545614
test_000044,23,0.0,0.3330140541002464
test_000044,24,0.0,0.32837789786567395
test_000045,1,0.0,0.5566446256589983
test_000045,2,0.0,0.5497222787786842
test_000045,3,0.0,0.35802538419743973
test_000045,4,0.0,0.5717197468169495
test_000045,5,0.0,0.6654642109311065
test_000045,6,0.0,0.5755066477723324
test_000045,7,0.04109686828398312,0.2699584700811516
test_000045,8,0.1594382293430232,-0.3796046457539389
test_000045,9,0.3469515694683399,-0.07083924612135198
test_000045,10,0.5703519462931329,-0.10959462590299056
test_000045,11,0.7386499244146885,0.6995364664983154
test_000045,12,0.8397567963425293,0.025725101962110305
test_000045,13,0.8876330062914058,-0.2954040308354557
test_000045,14,0.7911519254613937,0.4312216793722652
test_000045,15,0.699490242911665,0.2536711185915743
test_000045,16,0.5380662424668702,-0.2915326342266025
test_000045,17,0.31897879235800786,-0.8670887541593955
test_000045,18,0.1131299716044627,-0.5634322596058415
test_000045,19,0.0,-0.4102089160466901
test_000045,20,0.0,-0.3668851789577363
test_000045,21,0.0,-0.011567976401759923
test_000045,22,0.0,0.23625686516045266
test_000045,23,0.0,0.42651128025734103
test_000045,24,0.0,0.572652850864056
test_000046,1,0.0,0.40922029488294903
test_000046,2,0.0,-0.14666365399912581
test_000046,3,0.0,-0.27969529969061313
test_000046,4,0.0,0.38224036994748295
test_000046,5,0.0,-0.36294164119469446
test_000046,6,0.0,-0.48034442415965184
test_000046,7,0.032041334475376854,-0.8383047591584497
test_000046,8,0.11127541307704024,-0.9375914176012237
test_000046,9,0.2693781784263643,-0.8937347371219371
test_000046,10,0.4349779452475503,-0.7934634866946361
test_000046,11,0.5899206508989087,-0.6930874383603189
test_000046,12,0.68444049307092,0.4913459746291101
test_000046,13,0.678448093890343,0.31239639718691464
test_000046,14,0.6561528722256954,0.6046570904966597
test_000046,15,0.5147988239904854,-0.40348616283897365
test_000046,16,0.3621404261583086,-0.5786606606138367
test_000046,17,0.23087260490867523,-0.49089040577584253
test_000046,18,0.08941054677879094,-0.19109028057182226
test_000046,19,0.0,0.33894197719629726
test_000046,20,0.0,0.2870540534759251
test_000046,21,0.0,-0.11792265973156608
test_000046,22,0.0,0.3502540340175471
test_000046,23,0.0,0.6900550460110313
test_000046,24,0.0,0.5701182358826697
test_000047,1,0.0,0.28866612089243965
test_000047,2,0.0,-0.27059727834879554
test_000047,3,0.0,-0.08867021670342784
test_000047,4,0.0,-0.5945944087297708
test_000047,5,0.0,-0.8097343148719628
test_000047,6,0.0,-0.29381581039715843
test_000047,7,0.045169436163654895,-0.49884526477736835
test_000047,8,0.1846680576255489,-0.898117402516092
test_000047,9,0.37941939886714277,-0.9706287826828804
test_000047,10,0.6168775956345646,-0.9790757463511417
test_000047,11,0.7776026631302791,-0.8788342745012686
test_000047,12,0.865018926374485,-0.8702148901339452
test_000047,13,0.9092015347722003,-0.8336439568442562
test_000047,14,0.8823764213135883,0.25276020771876007
test_000047,15,0.753250394398341,0.7282925893620114
test_000047,16,0.5637364770624502,0.76126929990549
test_000047,17,0.316775967037875,0.9426130894743792
test_000047,18,0.10387752591586984,0.8297222492894596
test_000047,19,0.0,-0.26187542286697757
test_000047,20,0.0,0.2588352377675659
test_000047,21,0.0,-0.5847015347484223
test_000047,22,0.0,0.011450428536215328
test_000047,23,0.0,-0.3150523603165652
test_000047,24,0.0,-0.7242103745820834
test_000048,1,0.0,-0.5022706252641256
test_000048,2,0.0,0.10926782720404654
test_000048,3,0.0,0.2631323377787632
test_000048,4,0.0,0.5923806415795045
test_000048,5,0.0,0.1946670606755884
test_000048,6,0.0,-0.0019134847911267349
test_000048,7,0.04057954034962036,0.31626609970187863
test_000048,8,0.16546669611923048,0.09618151750577082
test_000048,9,0.3279146168495865,0.14084297132787393
test_000048,10,0.5197087519120512,0.8586002195954048
test_000048,11,0.5963209070960023,0.43592550984051015
test_000048,12,0.6808690749019134,0.09539678771867699
test_000048,13,0.7628381514572818,0.08835826285829927
test_000048,14,0.7858651566177646,0.10313272076813963
test_000048,15,0.6641736636630083,0.6004795152528566
test_000048,16,0.5076760015961086,-0.22498540244030743
test_000048,17,0.3057433350705728,0.41723738368803004
test_000048,18,0.10125203395141825,-0.03230197997633178
test_000048,19,0.0,-0.3542824488393696
test_000048,20,0.0,0.7297531403566311
test_000048,21,0.0,-0.2686706183672734
test_000048,22,0.0,0.19468529190348416
test_000048,23,0.0,-0.5360798136467799
test_000048,24,0.0,0.6006549404315404
test_000049,1,0.0,0.5927047618310235
test_000049,2,0.0,-0.5660453172100635
test_000049,3,0.0,-0.8384895889885987
test_000049,4,0.0,-0.31946922802424743
test_000049,5,0.0,-0.7137780615418369
test_000049,6,0.0,-0.116216200297452
test_000049,7,0.040808735050132876,0.09894767302007229
test_000049,8,0.16027880512881867,-0.8626817051584952
test_000049,9,0.313499471078478,-0.7728789435065224
test_000049,10,0.49826223498307426,-0.8304290460007498
test_000049,11,0.6787735376356971,-0.8601562271668541
test_000049,12,0.7248201037257943,-0.06323220225119631
test_000049,13,0.836458623962832,-0.38138957524839856
test_000049,14,0.8386587985056106,-0.7902079886336818
test_000049,15,0.6995146742837973,-0.5642785404232964
test_000049,16,0.5316332882624383,-0.23232798978249838
test_000049,17,0.3086847636537555,-0.22175780383372404
test_000049,18,0.10466530305821202,-0.1494140955503267
test_000049,19,0.0,-0.16244520038176719
test_000049,20,0.0,-0.20390363127713979
test_000049,21,0.0,-0.30930062084721494
test_000049,22,0.0,-0.765338049261093
test_000049,23,0.0,-0.9222299968743577
test_000049,24,0.0,-0.7608477728309252
test_000050,1,0.0,-0.7878516955513577
test_000050,2,0.0,-0.13735147209604057
test_000050,3,0.0,-0.4705124698412232
test_000050,4,0.0,-0.5932821659394759
test_000050,5,0.0,-0.3371183449780958
test_000050,6,0.0,0.3026548094660473
test_000050,7,0.04363095720952989,-0.5684659421026022
test_000050,8,0.17450473452877044,-0.6147674354055478
test_000050,9,0.3544016581574578,-0.16847107048448318
test_000050,10,0.5936532983758835,0.4442499872444998
test_000050,11,0.7718077709561979,0.11752986951810901
test_000050,12,0.8215059251445577,-0.2774629317431486
test_000050,13,0.8017555519096479,-0.24310081790766302
test_000050,14,0.7730784947243337,-0.5180130610884515
test_000050,15,0.6523928535773833,-0.6287063657503363
test_000050,16,0.5199723218381106,0.2711151259123226
test_000050,17,0.30529458281746513,0.6160946411024462
test_000050,18,0.10383637860979728,-0.08791334996214602
test_000050,19,0.0,-0.07242445610650315
test_000050,20,0.0,-0.3967142243676552
test_000050,21,0.0,-0.3486482328564792
test_000050,22,0.0,-0.028470779344011137
test_000050,23,0.0,-0.32299806704099293
test_000050,24,0.0,0.365415806964099
test_000051,1,0.0,-0.20923879344392765
test_000051,2,0.0,-0.6721607752148266
test_000051,3,0.0,0.29427061513444136
test_000051,4,0.0,-0.22915509394921407
test_000051,5,0.0,0.4752864844716297
test_000051,6,0.0,0.6725922853191726
test_000051,7,0.04590557629402741,0.8990220503985145
test_000051,8,0.18855570665595903,0.7168336888119724
test_000051,9,0.381771000073286,0.8008916196448529
test_000051,10,0.5937021960226142,0.8900579695875294
test_000051,11,0.7959180773152932,0.8187047612011304
test_000051,12,0.8950188581815554,0.8693510161480068
test_000051,13,0.9302865603275554,0.695705389867213
test_000051,14,0.8941021643750439,0.5928127793449325
test_000051,15,0.7147741133872723,0.25509293513834963
test_000051,16,0.5254779192020399,0.5726096265991489
test_000051,17,0.3097833304213236,0.8140586692271311
test_000051,18,0.10642715985216053,0.8441104825183374
test_000051,19,0.0,0.5839676672860749
test_000051,20,0.0,0.5009415494974605
test_000051,21,0.0,-0.5133882327264718
test_000051,22,0.0,-0.540852826063912
test_000051,23,0.0,-0.7337099198560956
test_000051,24,0.0,-0.9223376945481829
test_000052,1,0.0,-0.28901629347665736
test_000052,2,0.0,-0.0924429857343369
test_000052,3,0.0,0.22006618074761647
test_000052,4,0.0,-0.2759879215607214
test_000052,5,0.0,0.2089866109426931
test_000052,6,0.0,-0.1802275263183753
test_000052,7,0.045747414268132676,-0.005298264919682664
test_000052,8,0.18480885636411412,0.4670534901442285
test_000052,9,0.3395900839873487,0.2814537572572065
test_000052,10,0.5586841043969649,0.7853218844010446
test_000052,11,0.6847121414756432,0.777449087056618
test_000052,12,0.7872394499839958,0.6149544110184423
test_000052,13,0.7909101015239186,0.4460397910209823
test_000052,14,0.7171791374064705,0.17993057115781547
test_000052,15,0.6069008624808411,-0.292223110160569
test_000052,16,0.42973686538916844,-0.061391293631504106
test_000052,17,0.2613999813332671,-0.07780420217010031
test_000052,18,0.10025113463205916,-0.40093435601881955
test_000052,19,0.0,-0.5918009109191131
test_000052,20,0.0,-0.40339677188970924
test_000052,21,0.0,-0.6571470796687151
test_000052,22,0.0,0.5413057194056443
test_000052,23,0.0,-0.2251674888867101
test_000052,24,0.0,0.5405067306782698
test_000053,1,0.0,-0.017753937603248282
test_000053,2,0.0,0.08109582905809186
test_000053,3,0.0,-0.029099061926393447
test_000053,4,0.0,-0.5223051371210943
test_000053,5,0.0,-0.5940889662643999
test_000053,6,0.0,0.46616896045205647
test_000053,7,0.04223006398085077,-0.5463922313794205
test_000053,8,0.16873155291369157,0.0621754726174329
test_000053,9,0.35219679964145434,0.023196535223123673
test_000053,10,0.5435013234762797,0.0377281815388446
test_000053,11,0.7239407997536874,-0.3245450875032541
test_000053,12,0.8017981525387666,-0.31800610920957395
test_000053,13,0.8300014010794805,-0.4226550840666232
test_000053,14,0.8463020640590964,-0.70296738656642
test_000053,15,0.6852849221770979,-0.4589401838098775
test_000053,16,0.5220705643976299,-0.769990863276738
test_000053,17,0.2999394101594373,-0.16997898133549835
test_000053,18,0.11021039810413172,-0.7837924307684423
test_000053,19,0.0,-0.22255974078525162
test_000053,20,0.0,-0.5740798072000807
test_000053,21,0.0,0.5834226681107009
test_000053,22,0.0,-0.13160128994945122
test_000053,23,0.0,-0.14358442081202674
test_000053,24,0.0,-0.11091004433811391
test_000054,1,0.0,0.6589225599271846
test_000054,2,0.0,-0.17051390965490773
test_000054,3,0.0,0.24004793850677697
test_000054,4,0.0,0.6274196942695855
test_000054,5,0.0,-0.31739729567875297
test_000054,6,0.0,0.10916322414423786
test_000054,7,0.015440318861302333,0.3588776402781703
test_000054,8,0.062309316869337134,0.24700165559668977
test_000054,9,0.17244319616175663,0.06426760290320903
test_000054,10,0.27235720058213964,0.21772664314538076
test_000054,11,0.32361635315287407,0.40367965401513745
test_000054,12,0.33747394391733765,0.7696466781198055
test_000054,13,0.40800716113077995,0.3227266063873068
test_000054,14,0.4537606892067087,-0.29535121997200575
test_000054,15,0.3356317259469587,0.04305066692334492
test_000054,16,0.32432023936987064,-0.03398826928400606
test_000054,17,0.16203126006539176,0.34111735058641823
test_000054,18,0.056787737247599536,-0.5815965358293191
test_000054,19,0.0,-0.6891622691030376
test_000054,20,0.0,-0.38982154169720373
test_000054,21,0.0,0.548365714880809
test_000054,22,0.0,0.1087215849291286
test_000054,23,0.0,0.819868074695516
test_000054,24,0.0,0.8336111623010678
test_000055,1,0.0,0.5739536315142683
test_000055,2,0.0,0.3214141179460106
test_000055,3,0.0,-0.09550568304049589
test_000055,4,0.0,0.08662680373481323
test_000055,5,0.0,-0.449989572002242
test_000055,6,0.0,0.3664513536221483
test_000055,7,0.03090510661334966,-0.14883445539053272
test_000055,8,0.14589646894957997,-0.3182858149173917
test_000055,9,0.290981189861525,0.198267933909111
test_000055,10,0.43005323977140203,0.4292414617244982
test_000055,11,0.5895462912529259,0.6603473890642381
test_000055,12,0.7181932253933325,0.6695903790833244
test_000055,13,0.7606944703027065,0.9129466942621418
test_000055,14,0.7230099816924815,0.7500641225458416
test_000055,15,0.6488595769256335,0.2092718643571626
test_000055,16,0.5035289206877328,-0.4760868006375135
test_000055,17,0.28503855506835973,-0.9216093161907399
test_000055,18,0.10048782164195673,-0.8298583524429404
test_000055,19,0.0,0.7495769395057108
test_000055,20,0.0,0.5052764892337727
test_000055,21,0.0,0.1716244365326826
test_000055,22,0.0,-0.05943085444777892
test_000055,23,0.0,0.42670274491753585
test_000055,24,0.0,0.29464581145499974
test_000056,1,0.0,-0.7409202316478047
test_000056,2,0.0,-0.5661083054090933
test_000056,3,0.0,-0.6450332442601173
test_000056,4,0.0,-0.6770635459482759
test_000056,5,0.0,-0.03201357514076652
test_000056,6,0.0,0.3009227324153247
test_000056,7,0.024249079498138103,0.019993338129101527
test_000056,8,0.11793601637683071,0.33794089427040286
test_000056,9,0.2337473379526283,0.29482634693174337
test_000056,10,0.3643512368103789,-0.49944246941369497
test_000056,11,0.45956312707616387,-0.7319243884116265
test_000056,12,0.525431183282304,-0.3018523296170648
test_000056,13,0.6418793816645345,-0.6924999373010015
test_000056,14,0.6337948155853206,-0.7804701948470358
test_000056,15,0.5801702427680256,-0.573519446256848
test_000056,16,0.4204313444516253,-0.37406404847828256
test_000056,17,0.2600126105958195,0.609721607771758
test_000056,18,0.07771766659167077,-0.5886224833203965
test_000056,19,0.0,-0.26695206984603087
test_000056,20,0.0,-0.5918351200805241
test_000056,21,0.0,-0.32379938576086653
test_000056,22,0.0,-0.30320267384275024
test_000056,23,0.0,0.3325414627058031
test_000056,24,0.0,0.4423749287073812
test_000057,1,0.0,0.7144870110913164
test_000057,2,0.0,0.07759412416815079
test_000057,3,0.0,0.7046151519862549
test_000057,4,0.0,0.951424749468622
test_000057,5,0.0,0.6651579613593074
test_000057,6,0.0,0.3145450866531967
test_000057,7,0.04419292895966539,0.3559103196212567
test_000057,8,0.17831084137032877,-0.09354545712785922
test_000057,9,0.34980668112777863,-0.31317082804844343
test_000057,10,0.5459441850137633,-0.22072187272107932
test_000057,11,0.6760126514671678,-0.4979075262761872
test_000057,12,0.7468627844645562,-0.7177446115189188
test_000057,13,0.814647946447485,-0.11765217567620971
test_000057,14,0.7392266267918561,0.24984552536640664
test_000057,15,0.6025818670396715,0.3964359508125793
test_000057,16,0.5064854687088076,0.3064720222560561
test_000057,17,0.3086451666852941,0.28942451781469974
test_000057,18,0.10675343657584968,-0.46055936942803527
test_000057,19,0.0,-0.4827532306443545
test_000057,20,0.0,-0.5195698670297325
test_000057,21,0.0,0.39485195705866094
test_000057,22,0.0,0.3083961794576962
test_000057,23,0.0,0.7356903716879338
test_000057,24,0.0,0.3839230001010487
test_000058,1,0.0,0.19551512674433041
test_000058,2,0.0,-0.3869254747357482
test_000058,3,0.0,-0.35230887860074267
test_000058,4,0.0,-0.47540823010943645
test_000058,5,0.0,-0.29958327346988706
test_000058,6,0.0,-0.7924370127420711
test_000058,7,0.03245375884058949,-0.5530696023264343
test_000058,8,0.12481010014344934,-0.09214155584076764
test_000058,9,0.2521831338414204,-0.5378341636785344
test_000058,10,0.41091510250417224,-0.6703066042878179
test_000058,11,0.5665757556139986,-0.4021195379457777
test_000058,12,0.6590210826453836,-0.1332912397009948
test_000058,13,0.7737935906573181,-0.596096031073388
test_000058,14,0.7145298394218808,0.4502176075121885
test_000058,15,0.5469966468111663,-0.3909748205978577
test_000058,16,0.3887940961469821,-0.823328561507684
test_000058,17,0.2501351069093414,-0.2811309112252397
test_000058,18,0.07813047808050255,-0.11539677113430405
test_000058,19,0.0,-0.6492504776521273
test_000058,20,0.0,-0.8155727513097935
test_000058,21,0.0,-0.18030980789785842
test_000058,22,0.0,0.5093414924953206
test_000058,23,0.0,0.4050753807453798
test_000058,24,0.0,-0.15277569696249177
test_000059,1,0.0,-0.6048587292477423
test_000059,2,0.0,-0.7688149510277147
test_000059,3,0.0,-0.670414791884166
test_000059,4,0.0,0.6230774678466384
test_000059,5,0.0,0.532485614569798
test_000059,6,0.0,0.5200342078521705
test_000059,7,0.04223577518336705,0.2162932476984518
test_000059,8,0.1499995322594034,0.33566925984065904
test_000059,9,0.3355940790033247,0.2973521089222926
test_000059,10,0.5272972357429547,0.5957704710532596
test_000059,11,0.7126949989048867,0.3484190487003096
test_000059,12,0.7592845961815501,0.20596592478812512
test_000059,13,0.8287886103433456,0.6644982849033312
test_000059,14,0.7996180029717749,0.02232665801521997
test_000059,15,0.6652086940175358,-0.2778843182076555
test_000059,16,0.4748837848364058,-0.27830462750419555
test_000059,17,0.2736408365291633,0.7692491338288302
test_000059,18,0.09558613534714142,0.7489496026146145
test_000059,19,0.0,0.5205295995237427
test_000059,20,0.0,0.2590942013404699
test_000059,21,0.0,0.4795395325236722
test_000059,22,0.0,0.19444803025328375
test_000059,23,0.0,-0.19827002952489517
test_000059,24,0.0,-0.546064427197595
test_000060,1,0.0,-0.11347482934786642
test_000060,2,0.0,0.40748695523310136
test_000060,3,0.0,0.48564535228281314
test_000060,4,0.0,0.6752423507522893
test_000060,5,0.0,0.8837915260316426
test_000060,6,0.0,0.683490708950928
test_000060,7,0.032173947658409884,0.8599451772279543
test_000060,8,0.14427569464224183,0.6090763042497375
test_000060,9,0.30939185901229077,-0.1739878191359252
test_000060,10,0.4562157632752646,-0.8117443245759762
test_000060,11,0.6267887195094897,-0.7837045664561252
test_000060,12,0.6664068819835616,0.44492120892031917
test_000060,13,0.6523767486369909,0.19560220883621915
test_000060,14,0.608069846747014,-0.4288909962388378
test_000060,15,0.47340938632377405,0.7901431591262308
test_000060,16,0.35651455841578733,0.49657166814291664
test_000060,17,0.21197300339311292,0.5424060496682173
test_000060,18,0.07459854046068763,0.7676379706104102
test_000060,19,0.0,0.6053615241322094
test_000060,20,0.0,0.7131500400507511
test_000060,21,0.0,0.7574531492480892
test_000060,22,0.0,0.7674326269911362
test_000060,23,0.0,0.8587562221942473
test_000060,24,0.0,0.7848376863857859
test_000061,1,0.0,-0.26940079559583047
test_000061,2,0.0,0.6561003559639129
test_000061,3,0.0,0.5062448131201525
test_000061,4,0.0,0.7065163393302878
test_000061,5,0.0,0.6995306618575361
test_000061,6,0.0,0.9418826890681307
test_000061,7,0.037685443219277866,0.7329233945857345
test_000061,8,0.15313192289201127,0.8840876413858875
test_000061,9,0.30127265392218106,0.6581862611995294
test_000061,10,0.4631287018916359,-0.8212004314107562
test_000061,11,0.6417056679443301,-0.7842034681358429
test_000061,12,0.7367277043111006,-0.8951279701197948
test_000061,13,0.787377451627608,-0.8034592957419965
test_000061,14,0.720882288202871,-0.7188150558395393
test_000061,15,0.5520561495502175,-0.8223126980273667
test_000061,16,0.5065502847425507,-0.9665073835026342
test_000061,17,0.29188098056035877,-0.38898262413652235
test_000061,18,0.0990790699497789,0.09447044937721512
test_000061,19,0.0,0.1725383179720015
test_000061,20,0.0,0.6534815783534973
test_000061,21,0.0,0.2988973336381788
test_000061,22,0.0,0.2249818746958376
test_000061,23,0.0,0.2276889545476327
test_000061,24,0.0,0.28125519466539506
test_000062,1,0.0,0.12121888537107986
test_000062,2,0.0,0.9081599434513372
test_000062,3,0.0,0.5873032648685041
test_000062,4,0.0,0.3052911215818297
test_000062,5,0.0,0.31938004045350293
test_000062,6,0.0,0.6589889598821553
test_000062,7,0.04218356665520506,0.2844783986623725
test_000062,8,0.16680721089613615,0.5353255530226317
test_000062,9,0.3222841857743075,0.6562150901498717
test_000062,10,0.5457132506437713,0.7232247571985979
test_000062,11,0.7379119397454469,0.8100674315110363
test_000062,12,0.8081803628319615,0.8274185213778588
test_000062,13,0.8327335278299333,0.622326626900263
test_000062,14,0.7639165881348424,0.5990086394335729
test_000062,15,0.6447988345111655,0.6170013314334541
test_000062,16,0.4865789412399537,0.526899334275267
test_000062,17,0.3107073617394596,0.3380927467704303
test_000062,18,0.1076882390483799,-0.390552923238518
test_000062,19,0.0,0.3937921242171871
test_000062,20,0.0,-0.4239912215387699
test_000062,21,0.0,0.027915159057175117
test_000062,22,0.0,0.48690769856289906
test_000062,23,0.0,0.5731568999991707
test_000062,24,0.0,0.15663531530960423
test_000063,1,0.0,0.4050196456208962
test_000063,2,0.0,0.5416735381319142
test_000063,3,0.0,0.7128795950309585
test_000063,4,0.0,0.5201671663935736
test_000063,5,0.0,-0.11910246963698817
test_000063,6,0.0,-0.4140210252903968
test_000063,7,0.04277549351681183,-0.8361382615111408
test_000063,8,0.17004938948984086,-0.608072413938058
test_000063,9,0.34590905662643967,-0.3804428737210659
test_000063,10,0.5557495679180258,-0.14766579346994924
test_000063,11,0.746676376510724,0.5193375401097031
test_000063,12,0.8589238457821808,0.7782284338724705
test_000063,13,0.8481184815476394,0.9052719368859157
test_000063,14,0.8236056583108751,0.3733271163621826
test_000063,15,0.6571017694825544,0.7853629119160592
test_000063,16,0.5093182780914758,0.6577106009040343
test_000063,17,0.25624314098731515,0.49017603783889774
test_000063,18,0.09295427578270733,-0.4218226299653757
test_000063,19,0.0,0.45316310772875484
test_000063,20,0.0,-0.4075497523481109
test_000063,21,0.0,-0.6938957591016974
test_000063,22,0.0,-0.8390010636002947
test_000063,23,0.0,-0.5187561837351479
test_000063,24,0.0,-0.11797577881737538
test_000064,1,0.0,0.11909203830587695
test_000064,2,0.0,0.20172106621066382
test_000064,3,0.0,0.261026728669889
test_000064,4,0.0,0.26825374491033793
test_000064,5,0.0,0.10289089833662714
test_000064,6,0.0,-0.3166850334925829
test_000064,7,0.01744990054278402,0.07022587187201923
test_000064,8,0.07536804567385101,0.7026311113199218
test_000064,9,0.168328898298159,0.8548148032882226
test_000064,10,0.28401822846606695,0.6647455738086192
test_000064,11,0.4072501547790206,0.32767946492543726
test_000064,12,0.48613922204927434,0.6257624454172054
test_000064,13,0.5438450409113335,0.263558237473127
test_000064,14,0.5417458443379561,-0.23726459470759342
test_000064,15,0.40006049564308754,-0.506802843717393
test_000064,16,0.2265168349157572,0.5374846662404771
test_000064,17,0.1306879744207553,0.5573138117001322
test_000064,18,0.048357184099254574,-0.05957526612675381
test_000064,19,0.0,-0.3368314683538736
test_000064,20,0.0,-0.4396854707774769
test_000064,21,0.0,-0.7590943499773132
test_000064,22,0.0,-0.7681354712974462
test_000064,23,0.0,-0.9636125630359781
test_000064,24,0.0,-0.8425825387840364
test_000065,1,0.0,0.8408698400946876
test_000065,2,0.0,0.5340723065346666
test_000065,3,0.0,0.35153342454792164
test_000065,4,0.0,0.2880841720417982
test_000065,5,0.0,-0.04621973430870823
test_000065,6,0.0,-0.029507389815622686
test_000065,7,0.04106619441107346,-0.1161708740502958
test_000065,8,0.1679758960139187,-0.5545385463496018
test_000065,9,0.3067920466294125,-0.6665600751611138
test_000065,10,0.4587172138504212,-0.139285908214174
test_000065,11,0.5506781480842013,-0.2605681622928428
test_000065,12,0.6376501417277398,-0.5651211095003972
test_000065,13,0.6079952270713737,-0.3741550220776501
test_000065,14,0.546703744257758,-0.5272470534455376
test_000065,15,0.45644389087364656,-0.745037018525621
test_000065,16,0.39079438305795344,-0.6644181550800369
test_000065,17,0.2579214455126611,-0.6660416693843313
test_000065,18,0.07920646395778412,-0.44953550709755163
test_000065,19,0.0,-0.009305295066349905
test_000065,20,0.0,0.31219025768008224
test_000065,21,0.0,-0.4095065233007652
test_000065,22,0.0,-0.5389707581061358
test_000065,23,0.0,0.4035359107504164
test_000065,24,0.0,0.22683440677875558
test_000066,1,0.0,-0.2255794053586458
test_000066,2,0.0,-0.253448586352915
test_000066,3,0.0,-0.6444851970821219
test_000066,4,0.0,-0.4599464106035955
test_000066,5,0.0,-0.862640971640063
test_000066,6,0.0,-0.50963572697362
test_000066,7,0.0440833772755846,-0.9017846120243133
test_000066,8,0.17386605617285356,-0.8795705487028151
test_000066,9,0.3570769417623232,-0.8816438439673683
test_000066,10,0.5445756245679095,-0.7176583273590106
test_000066,11,0.6858746512573586,-0.44507001374369454
test_000066,12,0.78393045536251,-0.3612752453750968
test_000066,13,0.8733757315261559,0.6901228528565775
test_000066,14,0.7956962410984261,0.21568824153826255
test_000066,15,0.6681505261173127,-0.5137346987349138
test_000066,16,0.5437618978882027,-0.35902397404631126
test_000066,17,0.29742348541751923,0.35416753179391625
test_000066,18,0.10821745879223554,0.4499873892267929
test_000066,19,0.0,0.5420425318354911
test_000066,20,0.0,0.2825200361956658
test_000066,21,0.0,-0.5966148123036521
test_000066,22,0.0,-0.589998564227123
test_000066,23,0.0,-0.7605113642050615
test_000066,24,0.0,-0.28730529658190607
test_000067,1,0.0,0.40945229512500464
test_000067,2,0.0,0.12053017242427695
test_000067,3,0.0,0.49315494923958236
test_000067,4,0.0,0.7637054112476304
test_000067,5,0.0,0.5110078022300875
test_000067,6,0.0,0.12186080226909073
test_000067,7,0.026736855471344467,0.7620132521646915
test_000067,8,0.12151561679520427,0.47193183680576256
test_000067,9,0.24834401545786633,0.598871024034024
test_000067,10,0.4284648265543373,0.5801344861210451
test_000067,11,0.5126605481369962,0.7160853847901847
test_000067,12,0.5879564859629743,0.6002583327803481
test_000067,13,0.6058080661203875,0.4944572618113491
test_000067,14,0.5145655498072597,0.731853758319218
test_000067,15,0.5329627746719687,0.7674909427443045
test_000067,16,0.39787051516657,0.23612697663097418
test_000067,17,0.23524889153110554,0.07406380217035545
test_000067,18,0.08181612590172624,-0.03957678863951644
test_000067,19,0.0,-0.5429948213308573
test_000067,20,0.0,-0.5435644292508593
test_000067,21,0.0,-0.2291170606295818
test_000067,22,0.0,0.2788677008763801
test_000067,23,0.0,0.3548566144730124
test_000067,24,0.0,-0.04410965677684135
test_000068,1,0.0,-0.07689578465965095
test_000068,2,0.0,0.02531830280255463
test_000068,3,0.0,0.6084007851399471
test_000068,4,0.0,0.05528910875809156
test_000068,5,0.0,0.3600208787497152
test_000068,6,0.0,0.7175240130173658
test_000068,7,0.0308777780745324,-0.18239375222343754
test_000068,8,0.13273933728110757,0.5359728736357182
test_000068,9,0.2941120854720527,-0.3883306770208536
test_000068,10,0.37573475094612935,-0.01887921771074659
test_000068,11,0.5159545810431752,0.683989117482926
test_000068,12,0.5870515160060106,-0.06432891293787084
test_000068,13,0.5984296317340335,-0.07436281558340416
test_000068,14,0.5004966830031539,-0.35454447704522213
test_000068,15,0.4518339649462326,-0.5753552979300021
test_000068,16,0.34138623061450885,-0.5842900746502213
test_000068,17,0.18358373753020135,-0.3779517393918687
test_000068,18,0.05930525368607575,0.10585444544251843
test_000068,19,0.0,-0.22511762461612086
test_000068,20,0.0,0.34156090202537304
test_000068,21,0.0,0.6771305368646603
test_000068,22,0.0,0.037746161973633584
test_000068,23,0.0,0.06588617295155667
test_000068,24,0.0,-0.7264783748963326
test_000069,1,0.0,0.38356059085368865
test_000069,2,0.0,0.12174005111506525
test_000069,3,0.0,0.387951233433528
test_000069,4,0.0,0.026268141002993156
test_000069,5,0.0,-0.26141547319433756
test_000069,6,0.0,-0.7766627801486768
test_000069,7,0.04730180418603177,-0.733753579927034
test_000069,8,0.18631491824939825,-0.902733212926707
test_000069,9,0.3699720654593932,-0.8217165159745758
test_000069,10,0.5825761045276435,-0.7518423457439041
test_000069,11,0.782106689049978,-0.5686352452160434
test_000069,12,0.8914856570893941,-0.5060404380133066
test_000069,13,0.9377637417894411,-0.674514322579437
test_000069,14,0.8916477568318242,-0.48478961646127383
test_000069,15,0.7480398130710398,0.28997657368243324
test_000069,16,0.5605728606326633,0.5969700472322148
test_000069,17,0.3201132505481961,0.6869680631434649
test_000069,18,0.10739665431819943,0.5296463066443764
test_000069,19,0.0,-0.15271779649366435
test_000069,20,0.0,-0.5661990593212096
test_000069,21,0.0,-0.5271156534167405
test_000069,22,0.0,-0.5128855641863661
test_000069,23,0.0,-0.7457547741704775
test_000069,24,0.0,-0.21521783004711523
test_000070,1,0.0,-0.16269106626173488
test_000070,2,0.0,0.7674926309669257
test_000070,3,0.0,-0.010590207176347777
test_000070,4,0.0,-0.2618176956475849
test_000070,5,0.0,0.6826038803095157
test_000070,6,0.0,0.815488607732441
test_000070,7,0.034177732320513014,0.7159565083848831
test_000070,8,0.14057931671918475,0.7889490807879785
test_000070,9,0.2827115803388232,0.21315374132314557
test_000070,10,0.45286303419984786,-0.35728105444469194
test_000070,11,0.5404230208342736,0.23950151626705354
test_000070,12,0.6082883475672699,0.13451918349735345
test_000070,13,0.5388782185460345,0.576007766592826
test_000070,14,0.595246325478518,0.7042190642175408
test_000070,15,0.4828736387517486,0.7315618535645501
test_000070,16,0.3463735184111488,-0.20330642816071137
test_000070,17,0.1781547603268078,0.19859215098923028
test_000070,18,0.06368148795923974,-0.05931699961688773
test_000070,19,0.0,0.007702286578160578
test_000070,20,0.0,0.2296730683633662
test_000070,21,0.0,0.6903544919631388
test_000070,22,0.0,0.668429243735024
test_000070,23,0.0,-0.7860610391406094
test_000070,24,0.0,0.2836840264620775
test_000071,1,0.0,0.7701249597141219
test_000071,2,0.0,0.5488725384847689
test_000071,3,0.0,0.6521975472911987
test_000071,4,0.0,0.29112374046399425
test_000071,5,0.0,0.2635222315386009
test_000071,6,0.0,0.4586116722794433
test_000071,7,0.03771650361898541,0.44619228525297927
test_000071,8,0.14577257051247258,0.795519640766124
test_000071,9,0.3219236943417003,0.4122802323172011
test_000071,10,0.5132811704622506,0.5449057036836156
test_000071,11,0.6629055430212993,0.265937271039769
test_000071,12,0.7493509102414544,0.0696588828635007
test_000071,13,0.7333524603418266,-0.16073012322913272
test_000071,14,0.7180789439053963,0.20472413752210603
test_000071,15,0.6481409464745863,-0.11771983092463328
test_000071,16,0.5099768719052757,0.31032790763452256
test_000071,17,0.309759089527124,0.6399721248660719
test_000071,18,0.10474867054121488,0.9684448043428001
test_000071,19,0.0,0.8491329391592026
test_000071,20,0.0,0.5762935299866463
test_000071,21,0.0,-0.6425575844387343
test_000071,22,0.0,-0.7980876975488416
test_000071,23,0.0,-0.7764581904124067
test_000071,24,0.0,-0.8631601421726982
test_000072,1,0.0,-0.37845609335029484
test_000072,2,0.0,-0.41832020151550436
test_000072,3,0.0,-0.39833445664762357
test_000072,4,0.0,-0.511914374095974
test_000072,5,0.0,-0.498196184830177
test_000072,6,0.0,0.4939983459533367
test_000072,7,0.03127536067712904,0.4340983066297963
test_000072,8,0.13906085764751597,0.12925955902219272
test_000072,9,0.2790978096696267,-0.4697960793179762
test_000072,10,0.5314349007770994,0.5196188102603432
test_000072,11,0.6693596288255349,0.5992525252867198
test_000072,12,0.6944275400250659,0.8409962857927316
test_000072,13,0.7737046154946843,0.7417840940510588
test_000072,14,0.7566384336754921,0.6535677666255701
test_000072,15,0.6305999776423299,0.8417824260042577
test_000072,16,0.5151844808821388,0.28318926733953065
test_000072,17,0.2973098515381085,0.3952249642606952
test_000072,18,0.09674480516159215,0.6864825664936132
test_000072,19,0.0,0.7937559796953504
test_000072,20,0.0,0.8816898413124967
test_000072,21,0.0,0.48861185453231704
test_000072,22,0.0,0.6909766787320238
test_000072,23,0.0,0.3565408095384341
test_000072,24,0.0,-0.08809557684825012
test_000073,1,0.0,0.041639677969136146
test_000073,2,0.0,-0.6524633038230214
test_000073,3,0.0,-0.4458411998880143
test_000073,4,0.0,-0.7724920182566696
test_000073,5,0.0,-0.11909207180502829
test_000073,6,0.0,0.3112923765603551
test_000073,7,0.03550609711416421,-0.24419887782497554
test_000073,8,0.15371886940989668,0.4882881507697734
test_000073,9,0.3075575300968987,0.8160925464965842
test_000073,10,0.5315967998107127,0.5763436911362225
test_000073,11,0.6984371322156998,0.6685423284835113
test_000073,12,0.7413107846475254,0.6226854242582867
test_000073,13,0.689018117759689,0.397556786518805
test_000073,14,0.5744065361002189,0.3079356086403424
test_000073,15,0.4744674832942732,0.05347992405228443
test_000073,16,0.33610279451800795,0.24997240996665504
test_000073,17,0.21805135935708828,-0.5487661079946757
test_000073,18,0.07380621359573572,-0.5724172352626969
test_000073,19,0.0,-0.2537974749905409
test_000073,20,0.0,-0.6456112915141679
test_000073,21,0.0,0.008564644321558455
test_000073,22,0.0,0.3081141211754308
test_000073,23,0.0,0.30861013781472496
test_000073,24,0.0,-0.010703374815226265
test_000074,1,0.0,-0.4382053793205806
test_000074,2,0.0,-0.6641425260527498
test_000074,3,0.0,0.1333174246645132
test_000074,4,0.0,-0.14985559470977686
test_000074,5,0.0,-0.0860453379368161
test_000074,6,0.0,-0.27786740552274264
test_000074,7,0.03541277935155616,-0.11824346293940519
test_000074,8,0.1438501115537537,0.1300208195402722
test_000074,9,0.2722395691834789,-0.4784853717951766
test_000074,10,0.4181438043953413,-0.0873423440242089
test_000074,11,0.6135767213991169,-0.2692582021022677
test_000074,12,0.6532412934744531,-0.06894141427394189
test_000074,13,0.6943172633593784,-0.22308284600493766
test_000074,14,0.6951490304398497,0.3964196383736627
test_000074,15,0.5882390357465733,-0.5797102368028806
test_000074,16,0.44165692693121894,-0.2604793117618976
test_000074,17,0.2432807780544466,-0.1556227248070975
test_000074,18,0.08679476585970781,0.7237185301784206
test_000074,19,0.0,0.5256840756273493
test_000074,20,0.0,0.159843114732408
test_000074,21,0.0,0.6505426424044738
test_000074,22,0.0,0.7053950016402695
test_000074,23,0.0,0.4730336403150174
test_000074,24,0.0,0.4267341894254736
test_000075,1,0.0,-0.0878470109702694
test_000075,2,0.0,-0.31644739143143585
test_000075,3,0.0,0.041296913861490085
test_000075,4,0.0,-0.8516682071534681
test_000075,5,0.0,-0.2695506348531174
test_000075,6,0.0,-0.2904397220337043
test_000075,7,0.04337208861601277,-0.3179891135116709
test_000075,8,0.17331953016536836,0.8887378944044739
test_000075,9,0.3351407761465206,0.8816090304690579
test_000075,10,0.5518485488406051,0.7052981793417115
test_000075,11,0.6716930770624726,0.933321199877219
test_000075,12,0.7600662281613095,0.6048099754017289
test_000075,13,0.8346587840900669,-0.27422548384017054
test_000075,14,0.7696279040709976,0.23245188105083298
test_000075,15,0.6626596387495989,0.22422487144570297
test_000075,16,0.49416482536816053,0.15878997763997235
test_000075,17,0.30349298618628917,-0.024480236212975574
test_000075,18,0.1022950021792104,0.0007294171063264802
test_000075,19,0.0,0.4604604183889304
test_000075,20,0.0,0.2735282049911806
test_000075,21,0.0,-0.16087139980421963
test_000075,22,0.0,0.646894840075866
test_000075,23,0.0,-0.002377806088584806
test_000075,24,0.0,-0.4859508940618781
test_000076,1,0.0,-0.3074298908199073
test_000076,2,0.0,-0.4730090603577368
test_000076,3,0.0,-0.8690386051524579
test_000076,4,0.0,-0.1587464743309639
test_000076,5,0.0,-0.7433726148749681
test_000076,6,0.0,0.053650399381741945
test_000076,7,0.03668678671999492,0.4542376821978026
test_000076,8,0.14211418760477787,0.6420968663363449
test_000076,9,0.28105358236988276,0.5424805999307909
test_000076,10,0.4568253663579535,0.31057167369260386
test_000076,11,0.5910260529714014,0.014217811655049
test_000076,12,0.669348376282437,-0.20895762638480112
test_000076,13,0.8032932584061306,-0.6382144250044621
test_000076,14,0.7848834470113296,0.16076114338570427
test_000076,15,0.632595843354799,-0.2799775238874383
test_000076,16,0.4632875518019593,-0.11863627624841755
test_000076,17,0.2632813830631447,0.26716303848605294
test_000076,18,0.09496898844044283,0.12619805115616442
test_000076,19,0.0,0.5415837446132485
test_000076,20,0.0,-0.28301241190309684
test_000076,21,0.0,-0.11215464724549645
test_000076,22,0.0,-0.1925796617819855
test_000076,23,0.0,-0.48647568684137443
test_000076,24,0.0,0.35088563682847956
test_000077,1,0.0,0.15467248908668596
test_000077,2,0.0,-0.11118388274514744
test_000077,3,0.0,-0.772711076997807
test_000077,4,0.0,-0.9112322591838081
test_000077,5,0.0,-0.513160595885396
test_000077,6,0.0,-0.19604826995522323
test_000077,7,0.03775081221005527,-0.33700736592436714
test_000077,8,0.1431292616131105,-0.6850768897915022
test_000077,9,0.2982159800675774,-0.6252481488748146
test_000077,10,0.5080112246673602,0.3864005819591316
test_000077,11,0.6482585428889808,-0.0417895653163514
test_000077,12,0.7522569091903142,-0.25640312155399864
test_000077,13,0.7238542970192211,0.2649272665805105
test_000077,14,0.7033676395030123,0.6291836066555103
test_000077,15,0.5813301827619903,0.28295055998140334
test_000077,16,0.38887582340788623,0.8460212039755547
test_000077,17,0.1989170031384021,0.2668702028296363
test_000077,18,0.06653156589541628,-0.3625794182028231
test_000077,19,0.0,-0.12475693578360435
test_000077,20,0.0,0.46417290741433614
test_000077,21,0.0,-0.02277273357089001
test_000077,22,0.0,0.39021689573678137
test_000077,23,0.0,0.3237704585298753
test_000077,24,0.0,0.37560085628976786
test_000078,1,0.0,-0.14187863749667562
test_000078,2,0.0,0.6604329845267576
test_000078,3,0.0,-0.07893140846133793
test_000078,4,0.0,-0.40701824460131475
test_000078,5,0.0,-0.6563088597659292
test_000078,6,0.0,-0.6123329618834208
test_000078,7,0.04187492445846435,-0.4386975870533182
test_000078,8,0.17915742834499832,0.3262670427792533
test_000078,9,0.349221982039618,-0.6830013296259798
test_000078,10,0.5529840892568352,-0.7083926389786015
test_000078,11,0.7298954225273772,-0.7832171349927567
test_000078,12,0.8518321156832975,-0.3342895656979243
test_000078,13,0.8339116935360099,0.2978984060046579
test_000078,14,0.7591561212998563,0.20971161883849568
test_000078,15,0.6491921995009219,0.15289440796834491
test_000078,16,0.4731644397983273,-0.7127036925661323
test_000078,17,0.25162794849810866,-0.9516398984757092
test_000078,18,0.08948043568547866,-0.34090244465142266
test_000078,19,0.0,0.7455647413035351
test_000078,20,0.0,0.5165459760872694
test_000078,21,0.0,0.4924641955499083
test_000078,22,0.0,-0.3313832806743268
test_000078,23,0.0,-0.5455761648076567
test_000078,24,0.0,-0.8017255865661321
test_000079,1,0.0,0.8604925328922979
test_000079,2,0.0,0.628464580509473
test_000079,3,0.0,0.8316822412640296
test_000079,4,0.0,0.641015721585265
test_000079,5,0.0,0.8112919403159274
test_000079,6,0.0,-0.3701065687079382
test_000079,7,0.04829816323640268,0.2843359312452599
test_000079,8,0.19453307087744642,0.5440408996593928
test_000079,9,0.3914634419760488,-0.5216805160713056
test_000079,10,0.6302190639852815,-0.018709050358329645
test_000079,11,0.8321024804367737,-0.13614260161336791
test_000079,12,0.9414476398344676,0.023099464208330353
test_000079,13,0.9777307395734502,-0.26943666810939243
test_000079,14,0.925959873964575,-0.2920869932858204
test_000079,15,0.7842662438953312,-0.41224710393767355
test_000079,16,0.5919031293137957,-0.4951339236490887
test_000079,17,0.3428034247412601,-0.24848077760921516
test_000079,18,0.11737463423856148,0.23081143439591376
test_000079,19,0.0,-0.21323200585034932
test_000079,20,0.0,-0.32342499734379476
test_000079,21,0.0,0.2786793125755734
test_000079,22,0.0,0.6511438113859292
test_000079,23,0.0,0.09335552218431753
test_000079,24,0.0,-0.22565454977842023
test_000080,1,0.0,0.854944740346868
test_000080,2,0.0,0.8551769830648266
test_000080,3,0.0,0.7317215629862065
test_000080,4,0.0,0.8394035572400569
test_000080,5,0.0,0.8001872672119014
test_000080,6,0.0,0.2776740132524222
test_000080,7,0.04626846106015335,0.5117234442993095
test_000080,8,0.18116304685132623,0.8260957297752769
test_000080,9,0.3610128049248775,0.8084739699437821
test_000080,10,0.5907280000286114,0.5151539455191876
test_000080,11,0.7500494865379277,0.744214981690598
test_000080,12,0.8684378817852073,0.6194164979150318
test_000080,13,0.9152597560656466,0.3667621595185282
test_000080,14,0.8545701011002469,0.44424025396262434
test_000080,15,0.6852597688125122,0.7491129865939576
test_000080,16,0.5121806982839745,0.7524966017054755
test_000080,17,0.2796197153294235,-0.39746348157660444
test_000080,18,0.0976458550255498,-0.555106349369756
test_000080,19,0.0,-0.4692952530984773
test_000080,20,0.0,-0.5331179049257448
test_000080,21,0.0,-0.201831629845577
test_000080,22,0.0,-0.22822245772656785
test_000080,23,0.0,0.48901110898428923
test_000080,24,0.0,0.9116854715783743
test_000081,1,0.0,0.7124514067395528
test_000081,2,0.0,-0.1688588456457233
test_000081,3,0.0,0.4979261622368538
test_000081,4,0.0,0.484474846087117
test_000081,5,0.0,0.5900034422081113
test_000081,6,0.0,0.4791941695096008
test_000081,7,0.04413313553879442,-0.04451855005382272
test_000081,8,0.18110713392318697,0.7263297118434455
test_000081,9,0.3450718370607515,0.2714660467146905
test_000081,10,0.5428281972618718,0.535827057008079
test_000081,11,0.6851447690746344,0.5263530253737045
test_000081,12,0.8287637516404548,0.7571304065996797
test_000081,13,0.8462012756098086,0.7675703698649501
test_000081,14,0.8710115394105707,-0.14497849438551966
test_000081,15,0.7068498682506236,0.4970214409860523
test_000081,16,0.5146772915787698,0.05635262085222672
test_000081,17,0.3143676997145806,0.3661539049333641
test_000081,18,0.10839312164362527,0.6127574013875015
test_000081,19,0.0,0.4080053808135864
test_000081,20,0.0,-0.6332522396508331
test_000081,21,0.0,-0.8023697219809601
test_000081,22,0.0,-0.31723241788648177
test_000081,23,0.0,-0.5081606130936404
test_000081,24,0.0,-0.26852094686248484
test_000082,1,0.0,-0.5975098269053369
test_000082,2,0.0,-0.09504683997963177
test_000082,3,0.0,0.6099774480454272
test_000082,4,0.0,0.03220293300208888
test_000082,5,0.0,0.494989149563572
test_000082,6,0.0,0.2960148006995239
test_000082,7,0.04056691323622304,0.41474045523997977
test_000082,8,0.15805349425932358,-0.5507335641995404
test_000082,9,0.31138372283089455,-0.41617514596055677
test_000082,10,0.5141786577584695,-0.5138541885364255
test_000082,11,0.6341600992176644,0.0837739607556805
test_000082,12,0.6893092125467324,0.16592056459851182
test_000082,13,0.773524485926313,-0.11991477092119344
test_000082,14,0.7879917288550334,-0.6224891160097878
test_000082,15,0.6738721226664579,-0.5443702745741967
test_000082,16,0.5175155773404231,0.3582333227919404
test_000082,17,0.2790806884569451,0.12835392649202476
test_000082,18,0.09962858246603216,-0.807805958794227
test_000082,19,0.0,-0.8044972882126846
test_000082,20,0.0,-0.452877481865643
test_000082,21,0.0,0.0016655341537198701
test_000082,22,0.0,0.15062513977798345
test_000082,23,0.0,0.3084054013346298
test_000082,24,0.0,0.7011753821536353
test_000083,1,0.0,0.8230136958934479
test_000083,2,0.0,0.942867668580452
test_000083,3,0.0,0.9839845502948174
test_000083,4,0.0,0.9118171679681302
test_000083,5,0.0,0.9300631039434439
test_000083,6,0.0,0.8236646110033483
test_000083,7,0.019951050786066623,0.9040496647764881
test_000083,8,0.07309055057121058,0.7692364574171732
test_000083,9,0.17797955611864646,0.9077633547551991
test_000083,10,0.2846839963362897,0.4173424966924614
test_000083,11,0.32502300735939077,0.29395592894060046
test_000083,12,0.3789694470478634,-0.5833353129559296
test_000083,13,0.4259148528895263,-0.035162837356144575
test_000083,14,0.41765058208270833,-0.6131494239030473
test_000083,15,0.3882803523108618,-0.8343756013261672
test_000083,16,0.2190162797510363,-0.2747893294094462
test_000083,17,0.10133407224946168,-0.24615530259704993
test_000083,18,0.04393413404617606,0.034475960159647344
test_000083,19,0.0,-0.549626341955932
test_000083,20,0.0,0.47281508340506906
test_000083,21,0.0,-0.2526683010257071
test_000083,22,0.0,0.021076598697808268
test_000083,23,0.0,-0.33718674332453435
test_000083,24,0.0,-0.11508924454969083
test_000084,1,0.0,0.5171491866782038
test_000084,2,0.0,0.2596306881875012
test_000084,3,0.0,0.579915636160929
test_000084,4,0.0,0.6455593240730035
test_000084,5,0.0,0.5255885985676553
test_000084,6,0.0,-0.7943516007742484
test_000084,7,0.04277972710496253,-0.7796794956910393
test_000084,8,0.18290881898053582,-0.5029728927163231
test_000084,9,0.3713527592994784,-0.288655970135492
test_000084,10,0.5856715125647461,0.4649246133348479
test_000084,11,0.734371125280782,0.008853856515820057
test_000084,12,0.8329809303464365,0.3085986375658381
test_000084,13,0.905953448493529,-0.18953577498696905
test_000084,14,0.8473507425069685,0.005384333231836382
test_000084,15,0.6981528901614412,-0.18778525798431275
test_000084,16,0.5241615600233904,0.4101931114548304
test_000084,17,0.31400517447431375,0.2292111012130703
test_000084,18,0.10987648667996065,0.2582492733712086
test_000084,19,0.0,-0.2764844755757149
test_000084,20,0.0,-0.6954832957281546
test_000084,21,0.0,-0.6792243959588469
test_000084,22,0.0,-0.6987674994195534
test_000084,23,0.0,-0.9012376255936309
test_000084,24,0.0,-0.7681724011630473
test_000085,1,0.0,0.9208882346215769
test_000085,2,0.0,0.5211634557725972
test_000085,3,0.0,0.6792386151462286
test_000085,4,0.0,0.6559522876497678
test_000085,5,0.0,0.8566006111152706
test_000085,6,0.0,0.6088687734361913
test_000085,7,0.03550955351791517,0.6569221179248608
test_000085,8,0.1407443161926758,0.8479546723171216
test_000085,9,0.33232715574076993,0.6284818410756629
test_000085,10,0.5494392933300624,0.71526862099285
test_000085,11,0.6974067746833762,-0.05900925041080917
test_000085,12,0.7816317189258835,0.21656275447054754
test_000085,13,0.8676120943497908,-0.41511823112067947
test_000085,14,0.751374913087527,-0.702628256450953
test_000085,15,0.5983229884773487,0.05433806424794912
test_000085,16,0.40737312818020294,0.4833257896879001
test_000085,17,0.24506934978925432,0.38509731522707724
test_000085,18,0.07922630467950631,0.5422451835869759
test_000085,19,0.0,0.6177507597855021
test_000085,20,0.0,0.502189669704526
test_000085,21,0.0,0.6874504594855597
test_000085,22,0.0,0.5289325576568282
test_000085,23,0.0,0.1471161501035673
test_000085,24,0.0,0.7901629029420018
test_000086,1,0.0,0.7798054812195375
test_000086,2,0.0,0.4734380372149056
test_000086,3,0.0,-0.4262897725910246
test_000086,4,0.0,-0.28754154589015957
test_000086,5,0.0,-0.47240597992299316
test_000086,6,0.0,0.24231216094483465
test_000086,7,0.0391470075608355,0.44001092310251555
test_000086,8,0.1584093200634924,0.7385261314571377
test_000086,9,0.2805487820333163,-0.4970031655644581
test_000086,10,0.44608150779483563,-0.46013239253195465
test_000086,11,0.6589534581658711,-0.5932941789415375
test_000086,12,0.7342929715176595,0.2797191781620374
test_000086,13,0.788378371190601,0.4852184441554508
test_000086,14,0.7382571947138767,0.31865528003861676
test_000086,15,0.6631522032581166,0.20505915948510592
test_000086,16,0.4645587878440907,-0.24394944879895136
test_000086,17,0.2540728924307781,-0.39282593646468467
test_000086,18,0.0849859057016062,0.16683947226840357
test_000086,19,0.0,0.33992606194125546
test_000086,20,0.0,-0.3984344710792182
test_000086,21,0.0,0.12685346329754607
test_000086,22,0.0,0.32899942511912234
test_000086,23,0.0,0.44210134544511115
test_000086,24,0.0,0.004300625939507669
test_000087,1,0.0,-0.7034226967507518
test_000087,2,0.0,0.16125025411135158
test_000087,3,0.0,-0.4257747167394723
test_000087,4,0.0,-0.6139353633487803
test_000087,5,0.0,-0.7052554164122691
test_000087,6,0.0,-0.7157007575675642
test_000087,7,0.04414983308341969,-0.8394734363812519
test_000087,8,0.17221816104787158,-0.6741759231018444
test_000087,9,0.343421221750962,-0.21983311831488497
test_000087,10,0.571762645565241,0.3492136164487645
test_000087,11,0.7255628874267758,0.6532738362093509
test_000087,12,0.7780566364466197,-0.0666230788455809
test_000087,13,0.7995545819833585,0.28120389509527755
test_000087,14,0.7429652077798153,0.2538772834716928
test_000087,15,0.6527434008694116,-0.6457049742585886
test_000087,16,0.49316977453388505,-0.6635681055662455
test_000087,17,0.28298398221765864,-0.34533299128316014
test_000087,18,0.09633416265632368,-0.23363777060830387
test_000087,19,0.0,0.1821519666648267
test_000087,20,0.0,0.00046128755010530994
test_000087,21,0.0,0.6065098639844266
test_000087,22,0.0,0.10007267386199985
test_000087,23,0.0,0.08750701026933469
test_000087,24,0.0,-0.017182754791585198
test_000088,1,0.0,0.8143072567673698
test_000088,2,0.0,0.08239771563741467
test_000088,3,0.0,0.5398822259613597
test_000088,4,0.0,0.4500736339952958
test_000088,5,0.0,-0.3990254648175632
test_000088,6,0.0,-0.5771521675545718
test_000088,7,0.04522520042588507,-0.42382113749102074
test_000088,8,0.17477760505553608,-0.7561365446013437
test_000088,9,0.3341172302157607,-0.3661715892834114
test_000088,10,0.5064647045233407,0.43557902146856226
test_000088,11,0.6260537234728941,0.22625624488438262
test_000088,12,0.6305429064232607,0.6611742798424151
test_000088,13,0.7750675464477155,0.07044276893169635
test_000088,14,0.7682556219587022,-0.6651620085802414
test_000088,15,0.6739202368960346,-0.7456312861673984
test_000088,16,0.4886961670702381,0.29033632068841636
test_000088,17,0.29962733201171227,0.2104138258720923
test_000088,18,0.10114316540494311,0.2915501414000856
test_000088,19,0.0,0.07051227064729783
test_000088,20,0.0,0.5520171776529056
test_000088,21,0.0,0.5291524253795467
test_000088,22,0.0,0.27900259690733764
test_000088,23,0.0,-0.6479045110941403
test_000088,24,0.0,-0.2564249774596657
test_000089,1,0.0,-0.6592630623896787
test_000089,2,0.0,-0.7146441208874256
test_000089,3,0.0,-0.3891411539519513
test_000089,4,0.0,-0.08557091371143521
test_000089,5,0.0,0.01042357340411753
test_000089,6,0.0,-0.09369566971727214
test_000089,7,0.04295786712873059,-0.2738555684820417
test_000089,8,0.17353626730888844,0.8294909707534077
test_000089,9,0.3604133027970194,0.6003590560389456
test_000089,10,0.5749497915614341,0.5401628793100225
test_000089,11,0.7506431247042668,0.7827470479907023
test_000089,12,0.8172483675631868,0.6771952258212501
test_000089,13,0.8493015440481472,0.49097249328109516
test_000089,14,0.8193912585544424,0.1529388524368128
test_000089,15,0.6736553574479349,0.4162182850852752
test_000089,16,0.502219769886234,0.8057057194651931
test_000089,17,0.2842974777687124,0.8406455647888152
test_000089,18,0.09800916087687259,0.4405385321403001
test_000089,19,0.0,0.3372180450940309
test_000089,20,0.0,-0.30068611422869357
test_000089,21,0.0,0.1772030413250067
test_000089,22,0.0,0.38263211449713974
test_000089,23,0.0,-0.8353850907183576
test_000089,24,0.0,0.07596499319743662
test_000090,1,0.0,0.13265216460398893
test_000090,2,0.0,-0.9095770518343276
test_000090,3,0.0,-0.34170021636987086
test_000090,4,0.0,-0.5236032511715769
test_000090,5,0.0,-0.3511821979020007
test_000090,6,0.0,0.46585475513643704
test_000090,7,0.04509394901667912,0.1464265245283846
test_000090,8,0.17968130493300027,-0.21491682010740318
test_000090,9,0.3512450752699215,0.5054771636966645
test_000090,10,0.5601073338538122,0.8683504409428422
test_000090,11,0.7189307720070349,0.31269057390594507
test_000090,12,0.8327595244200698,0.08532583924168714
test_000090,13,0.8137699748112484,0.1479521099710871
test_000090,14,0.7571284502123209,-0.1884560241405916
test_000090,15,0.6390037542652113,-0.41259275575670246
test_000090,16,0.5100825882897432,-0.2062463834969475
test_000090,17,0.30620107283070747,-0.7162966763406242
test_000090,18,0.10434856235177248,-0.7895325337064658
test_000090,19,0.0,-0.37998574408876484
test_000090,20,0.0,0.5531706119986419
test_000090,21,0.0,0.7891344860359284
test_000090,22,0.0,0.6019074181928952
test_000090,23,0.0,0.27957016025133197
test_000090,24,0.0,0.6388795914596374
test_000091,1,0.0,0.4931004165898235
test_000091,2,0.0,0.710826151436762
test_000091,3,0.0,0.7301793499035507
test_000091,4,0.0,0.7693803274439535
test_000091,5,0.0,0.4756656330723321
test_000091,6,0.0,0.8030159116763931
test_000091,7,0.03539057636396197,0.6837937713449012
test_000091,8,0.15562202677211778,-0.0172213155682991
test_000091,9,0.2936921150157298,0.21337719568965893
test_000091,10,0.4654390229979649,0.6744301597445123
test_000091,11,0.549756668305096,0.8055553665453138
test_000091,12,0.604790500150809,0.38800069657771724
test_000091,13,0.7247942442154474,-0.02802553201477936
test_000091,14,0.6967714099234066,0.11715884916834741
test_000091,15,0.5675607242671107,-0.02525752572658118
test_000091,16,0.46060632475621754,-0.07627521620162689
test_000091,17,0.28610867686840086,0.015506570604095916
test_000091,18,0.09714522609534465,0.0898933394218904
test_000091,19,0.0,-0.24468036651187916
test_000091,20,0.0,0.32953266747442683
test_000091,21,0.0,0.8419880209629123
test_000091,22,0.0,0.6099994017270436
test_000091,23,0.0,0.33779539464487796
test_000091,24,0.0,0.22685683800442505
test_000092,1,0.0,0.9652823841901932
test_000092,2,0.0,0.9003612144868659
test_000092,3,0.0,0.8050848062302873
test_000092,4,0.0,0.7946107606335742
test_000092,5,0.0,0.17925388140604268
test_000092,6,0.0,0.08325039508643375
test_000092,7,0.03646388047055844,0.7299395245513602
test_000092,8,0.1425988783939004,0.31713198094776124
test_000092,9,0.28799662419284655,0.1311310621584613
test_000092,10,0.4798324385853112,-0.3714480658095217
test_000092,11,0.6552239297950618,0.3262569988582194
test_000092,12,0.7696490488890587,-0.37631591044908475
test_000092,13,0.828661139606801,-0.46639264197376673
test_000092,14,0.7485003352808577,-0.5896572186598813
test_000092,15,0.6470225398253503,-0.2421711918770628
test_000092,16,0.46457593576932843,-0.7875818468374882
test_000092,17,0.2614771601504799,-0.9113363298632542
test_000092,18,0.09259681781074779,-0.8014123801380488
test_000092,19,0.0,-0.4602814161698271
test_000092,20,0.0,0.12486838477589085
test_000092,21,0.0,0.5258379811893821
test_000092,22,0.0,0.7545885190877518
test_000092,23,0.0,0.6341186026903131
test_000092,24,0.0,0.6091830859146741
test_000093,1,0.0,-0.41099779427565014
test_000093,2,0.0,-0.30182773358347365
test_000093,3,0.0,-0.23299900824099004
test_000093,4,0.0,0.13261669330063028
test_000093,5,0.0,0.023830339875672266
test_000093,6,0.0,-0.0723910377873329
test_000093,7,0.04525801235877182,-0.47252191995309745
test_000093,8,0.17816688026058597,0.28394572508361776
test_000093,9,0.34585447058141505,0.3482537110493129
test_000093,10,0.5296815586955381,0.6161468012004333
test_000093,11,0.7029151737860126,0.3513673677241676
test_000093,12,0.741046810932316,0.13360020660515706
test_000093,13,0.8314927349693682,0.4062044437995487
test_000093,14,0.7391895338460732,-0.10288635170230312
test_000093,15,0.6951032525487101,-0.6599769142357708
test_000093,16,0.5446281427814459,-0.25236741788614375
test_000093,17,0.31345349268871764,-0.6911652395619662
test_000093,18,0.10854967465320463,-0.6076599908229046
test_000093,19,0.0,-0.7147978701174278
test_000093,20,0.0,-0.9001793580795987
test_000093,21,0.0,-0.9720062177204405
test_000093,22,0.0,-0.9319730291519736
test_000093,23,0.0,-0.6574485922365154
test_000093,24,0.0,-0.8983225504401892
test_000094,1,0.0,0.33506486484171977
test_000094,2,0.0,-0.5646701091381165
test_000094,3,0.0,-2.618168093602889e-5
test_000094,4,0.0,-0.6029851701876042
test_000094,5,0.0,0.002304203353902685
test_000094,6,0.0,-0.25616949168159536
test_000094,7,0.043037766024180996,-0.19481316155448677
test_000094,8,0.17225635193734332,0.5156619677384261
test_000094,9,0.3472510248123246,0.36875374720596943
test_000094,10,0.5691816336181368,-0.5492982999708824
test_000094,11,0.7295569759893548,0.7284017405656942
test_000094,12,0.8187467420524258,-0.15514473725447717
test_000094,13,0.884586929239355,-0.4619373952408461
test_000094,14,0.8638931582982916,-0.2574496233342861
test_000094,15,0.7345514207668233,0.02543672144265692
test_000094,16,0.5382347628964009,-0.4066186463787705
test_000094,17,0.3172703426972587,-0.091449885707202
test_000094,18,0.10451988600511217,-0.8748657926305204
test_000094,19,0.0,-0.3297921538865587
test_000094,20,0.0,0.8322619738349695
test_000094,21,0.0,0.7901185701088423
test_000094,22,0.0,0.47529751780127893
test_000094,23,0.0,-0.046070874930212204
test_000094,24,0.0,0.445978885578945
test_000095,1,0.0,0.8867365694359345
test_000095,2,0.0,0.04949942393673426
test_000095,3,0.0,0.8065754008926053
test_000095,4,0.0,0.765915576588111
test_000095,5,0.0,0.33621029917278744
test_000095,6,0.0,0.471724837241119
test_000095,7,0.03691131565232372,0.6671211296452829
test_000095,8,0.1485392365343687,0.643718995283234
test_000095,9,0.2932694372631048,0.7655836036116432
test_000095,10,0.45880644951344507,0.6976749536839292
test_000095,11,0.5775979747393892,0.4753871255600548
test_000095,12,0.7230445731309104,0.8252335305627239
test_000095,13,0.7125952530703255,0.910413349818429
test_000095,14,0.6146258427845702,0.47186915370022586
test_000095,15,0.5679196616883372,0.8943155711807804
test_000095,16,0.3447097739765562,0.9269803477310314
test_000095,17,0.1802655000822955,0.3232720635861527
test_000095,18,0.06135489783836486,0.0019015516004440602
test_000095,19,0.0,0.3883343348645525
test_000095,20,0.0,0.7893188090196949
test_000095,21,0.0,0.8835454831686519
test_000095,22,0.0,0.6126302441648181
test_000095,23,0.0,0.5538301783422699
test_000095,24,0.0,0.5793348432998303
test_000096,1,0.0,0.27255807931355897
test_000096,2,0.0,-0.49672142789983653
test_000096,3,0.0,0.01020399477222416
test_000096,4,0.0,-0.07343440242085182
test_000096,5,0.0,0.31728555218041654
test_000096,6,0.0,0.14014977825201078
test_000096,7,0.02265077429145907,0.4950401166968197
test_000096,8,0.10641584130735236,-0.5501636550771606
test_000096,9,0.20592600263094174,0.45006045794013483
test_000096,10,0.31407879987518283,0.06446832753469378
test_000096,11,0.3873578904595146,0.9362203083105278
test_000096,12,0.3634092832869669,0.5762189517198246
test_000096,13,0.4570211119341773,0.47348880841663465
test_000096,14,0.40622855312300055,0.26140265627917625
test_000096,15,0.38661440296399774,-0.1660463905088449
test_000096,16,0.28843573346365803,-0.20739502416310202
test_000096,17,0.17832536555895934,-0.3958400324089329
test_000096,18,0.0714577414457249,-0.4556866094172534
test_000096,19,0.0,-0.20779629705628358
test_000096,20,0.0,-0.8325634275677272
test_000096,21,0.0,-0.7075847088941485
test_000096,22,0.0,0.15081697992289314
test_000096,23,0.0,0.3406679830330243
test_000096,24,0.0,-0.7125000836822573
test_000097,1,0.0,0.7127073811341071
test_000097,2,0.0,0.7138808348865551
test_000097,3,0.0,0.16073550706654743
test_000097,4,0.0,0.8881529834838502
test_000097,5,0.0,0.5781033539002471
test_000097,6,0.0,-0.313200884660276
test_000097,7,0.038688653829271835,0.2882809368035136
test_000097,8,0.15075924343939945,0.07810841117865047
test_000097,9,0.32501524795802594,-0.03618225704223343
test_000097,10,0.543468573845731,0.06696678781571667
test_000097,11,0.686177259715693,-0.42354590228655914
test_000097,12,0.7780153101590578,-0.5924430091487308
test_000097,13,0.8179119972904277,0.0816676242737952
test_000097,14,0.7949135505663434,-0.05409460091277235
test_000097,15,0.6544980792143728,0.7097372207049364
test_000097,16,0.5117223938371972,0.3206057982426733
test_000097,17,0.31711876335629224,0.06797770970962683
test_000097,18,0.10721535843971938,0.43032522458169703
test_000097,19,0.0,0.6678124957410974
test_000097,20,0.0,0.2606103624063733
test_000097,21,0.0,0.3655183063329451
test_000097,22,0.0,0.39835348844839163
test_000097,23,0.0,0.39503929970526686
test_000097,24,0.0,-0.39500211141968383
test_000098,1,0.0,-0.849343303642466
test_000098,2,0.0,-0.3522345829728502
test_000098,3,0.0,-0.16242241885875053
test_000098,4,0.0,-0.7229862933730526
test_000098,5,0.0,0.11330556087549241
test_000098,6,0.0,0.7082901640976385
test_000098,7,0.04248359040689859,0.8303895439820521
test_000098,8,0.1683743458918899,0.2721250916143109
test_000098,9,0.3416568293749552,0.34655238600085536
test_000098,10,0.5810593588814141,0.7878962951813229
test_000098,11,0.7931340720901551,0.3533811768444882
test_000098,12,0.9137591427324349,-0.4982476589836936
test_000098,13,0.9425471981860548,-0.4349834917758638
test_000098,14,0.8859354286623418,0.06718610412611951
test_000098,15,0.7366609222962897,-0.4940047840602645
test_000098,16,0.5324253803969361,-0.3961993841598024
test_000098,17,0.30155948852937087,-0.49721307660366476
test_000098,18,0.10310638456780788,-0.8009622201085069
test_000098,19,0.0,-0.06185729996799589
test_000098,20,0.0,0.3010626955240673
test_000098,21,0.0,0.8833575810257493
test_000098,22,0.0,0.8777947471512246
test_000098,23,0.0,0.7713715229427927
test_000098,24,0.0,0.8514067026067991
test_000099,1,0.0,0.4888359512402545
test_000099,2,0.0,-0.3399007941187148
test_000099,3,0.0,-0.3651359405168369
test_000099,4,0.0,-0.03520004395575557
test_000099,5,0.0,0.27072945137122645
test_000099,6,0.0,0.19611434450400664
test_000099,7,0.039233550148699295,0.13201063753467907
test_000099,8,0.1670785528757566,0.18854415926279117
test_000099,9,0.35096828643590944,0.7189434787136861
test_000099,10,0.5353226480301202,0.5107298172699677
test_000099,11,0.6643257771895604,0.6176282906721031
test_000099,12,0.7310232029273143,0.7772754846366047
test_000099,13,0.7632264202290477,0.7320102745451802
test_000099,14,0.7280516101287459,0.16544804774508817
test_000099,15,0.6300873276549508,0.30782683813808115
test_000099,16,0.43455735381814137,0.04652049873841065
test_000099,17,0.2716659946811649,0.47740918711052116
test_000099,18,0.09104197599459557,0.7235925546432633
test_000099,19,0.0,0.7550402581453641
test_000099,20,0.0,0.484106748816194
test_000099,21,0.0,-0.07770373514717857
test_000099,22,0.0,0.289953307392275
test_000099,23,0.0,-0.3177849230026701
test_000099,24,0.0,-0.6374936072433857
test_000100,1,0.0,-0.4307651818362719
test_000100,2,0.0,-0.5793056567070888
test_000100,3,0.0,0.3068652424863252
test_000100,4,0.0,-0.21278360684495434
test_000100,5,0.0,-0.41087680626146544
test_000100,6,0.0,-0.47649424445508104
test_000100,7,0.04304142054648512,-0.4868131914621515
test_000100,8,0.16255871926500293,0.06418821140959287
test_000100,9,0.35937123941235966,-0.021873425036078555
test_000100,10,0.5809251412398138,0.21284257585207828
test_000100,11,0.7625494728839638,0.16451444016771966
test_000100,12,0.8526730144229896,0.7564389098459556
test_000100,13,0.8708208026089804,0.06145699518410956
test_000100,14,0.8560466500897649,0.5215690740489459
test_000100,15,0.6930467742958966,0.5864113238901957
test_000100,16,0.5318289911076952,-0.1306512543624823
test_000100,17,0.3005086966893772,-0.1455245657893182
test_000100,18,0.10493279729386824,0.3643417971309055
test_000100,19,0.0,0.6199399460663881
test_000100,20,0.0,0.13116225668943934
test_000100,21,0.0,0.20386035653250117
test_000100,22,0.0,0.15320097514610445
test_000100,23,0.0,0.4220613897600443
test_000100,24,0.0,0.32002615493671627
test_000101,1,0.0,-0.4340423186521977
test_000101,2,0.0,-0.6958619036488363
test_000101,3,0.0,-0.31147485731256214
test_000101,4,0.0,-0.22985004538419282
test_000101,5,0.0,0.2388779911581309
test_000101,6,0.0,0.4971866823757556
test_000101,7,0.03618230173681479,0.34385569572021374
test_000101,8,0.14648077437564885,-0.5126214283839656
test_000101,9,0.2963925222845666,-0.1055044616909826
test_000101,10,0.4882599782396678,-0.16059596159751818
test_000101,11,0.5884295056366096,-0.4784980241128449
test_000101,12,0.7233572299055605,-0.41119710856052283
test_000101,13,0.7200351496340207,-0.005521091241845678
test_000101,14,0.680921386890854,-0.41585519990480985
test_000101,15,0.5454349973198354,-0.18549330553716012
test_000101,16,0.4080432458034893,0.32261286807192846
test_000101,17,0.25197560166808386,-0.049752572380971874
test_000101,18,0.08461832839060716,-0.628517064043104
test_000101,19,0.0,-0.3532357788827933
test_000101,20,0.0,0.022489728009946114
test_000101,21,0.0,0.6765595375615626
test_000101,22,0.0,0.8917560943582706
test_000101,23,0.0,0.30817473008337776
test_000101,24,0.0,0.1793131777675745
test_000102,1,0.0,0.7576774796452157
test_000102,2,0.0,0.9171354835997966
test_000102,3,0.0,0.6883936855053727
test_000102,4,0.0,0.5889970054114975
test_000102,5,0.0,-0.5348335918159979
test_000102,6,0.0,0.4970548536713142
test_000102,7,0.04845857349803512,0.4916973443052488
test_000102,8,0.19097267261772352,0.7091910649322337
test_000102,9,0.3839502418834115,-0.033689479891315786
test_000102,10,0.6248045905990088,-0.42643315346627775
test_000102,11,0.8033219690809669,0.3545094196768274
test_000102,12,0.9192921881589373,0.44656735289074573
test_000102,13,0.9512069226058285,0.5238709218819013
test_000102,14,0.9045304871267397,0.6266472941585803
test_000102,15,0.754524361785923,0.7722250010592796
test_000102,16,0.5817141699741077,0.9430185856756862
test_000102,17,0.334978343439429,0.6924580428694707
test_000102,18,0.11500836529452257,0.41513525372408744
test_000102,19,0.0,-0.5603164081842087
test_000102,20,0.0,-0.7866439935218208
test_000102,21,0.0,-0.8713215666025979
test_000102,22,0.0,-0.8666448574466938
test_000102,23,0.0,-0.5538143102816879
test_000102,24,0.0,-0.5954313054666245
test_000103,1,0.0,-0.6296147517432227
test_000103,2,0.0,-0.07312551584927107
test_000103,3,0.0,0.4724158984740703
test_000103,4,0.0,0.6840187045653514
test_000103,5,0.0,0.35044235447393124
test_000103,6,0.0,-0.17297661301213355
test_000103,7,0.031812873628290134,0.12565583403598302
test_000103,8,0.11757437825776301,0.7672126388641305
test_000103,9,0.198815368173674,0.3744755200421447
test_000103,10,0.2663911321669189,-0.15652807596610266
test_000103,11,0.39318338812705494,0.06228750328571002
test_000103,12,0.3684255994077802,0.7577760399813962
test_000103,13,0.2836507124451239,0.9659579478600577
test_000103,14,0.30557737353051395,0.5814265074770704
test_000103,15,0.2854181984375889,-0.1016008295130227
test_000103,16,0.23877377016928045,-0.3299371742908752
test_000103,17,0.14225659711195424,0.009140210169638148
test_000103,18,0.05195975360461493,0.3842844473986264
test_000103,19,0.0,-0.28967756636554604
test_000103,20,0.0,-0.044964656260414536
test_000103,21,0.0,0.303353478453631
test_000103,22,0.0,0.04938518916393258
test_000103,23,0.0,0.4193236108055707
test_000103,24,0.0,0.03661657299031029
test_000104,1,0.0,0.05373449920430666
test_000104,2,0.0,-0.051261825627063023
test_000104,3,0.0,-0.5888172564434628
test_000104,4,0.0,-0.758876324196852
test_000104,5,0.0,-0.8647894021886893
test_000104,6,0.0,-0.8295374031666422
test_000104,7,0.02894966222673173,-0.4037643207293035
test_000104,8,0.12737801123927825,-0.1534613068004482
test_000104,9,0.20746534865684738,-0.06369373918494771
test_000104,10,0.3687860125395391,-0.5742689795877884
test_000104,11,0.37355120328638436,-0.5957051291876829
test_000104,12,0.5418351465963084,0.029122205059453867
test_000104,13,0.7168410580727846,0.41840653117160365
test_000104,14,0.6381336205146179,0.3912372560272816
test_000104,15,0.5135445982184309,0.6025624739875737
test_000104,16,0.3473698489035391,0.9322418446201436
test_000104,17,0.19954771621599912,0.8637564159464752
test_000104,18,0.07733755689885166,0.8049782324014115
test_000104,19,0.0,0.5031624428910157
test_000104,20,0.0,0.8417846495999225
test_000104,21,0.0,0.6377413723521514
test_000104,22,0.0,0.5338035208940097
test_000104,23,0.0,0.14906803935366342
test_000104,24,0.0,-0.18535529666146955
test_000105,1,0.0,-0.7259809779489492
test_000105,2,0.0,-0.8840657346689581
test_000105,3,0.0,-0.8544809964652911
test_000105,4,0.0,-0.8629613941081041
test_000105,5,0.0,-0.796239825111887
test_000105,6,0.0,-0.13098143261841233
test_000105,7,0.04214785079493508,-0.2968273388773633
test_000105,8,0.17009755853811628,0.2850318024776807
test_000105,9,0.3480149465440457,-0.17196515007911883
test_000105,10,0.5388693809050749,0.3254123426770939
test_000105,11,0.7111140006503608,-0.15966355736135984
test_000105,12,0.8340540369505286,0.059430586530537115
test_000105,13,0.8089643846647194,-0.526874380883029
test_000105,14,0.7925718593190685,-0.7993519801950391
test_000105,15,0.6530044972042921,-0.766129913763983
test_000105,16,0.460890770980067,0.21299549133705856
test_000105,17,0.2755003745464091,-0.19999728776080528
test_000105,18,0.09192520431395586,-0.11435490873541074
test_000105,19,0.0,0.8160917376398915
test_000105,20,0.0,0.9118284487847006
test_000105,21,0.0,0.18613914167845552
test_000105,22,0.0,0.10746130461504165
test_000105,23,0.0,-0.11012572476736314
test_000105,24,0.0,0.10930524589023724
test_000106,1,0.0,0.5209920599239023
test_000106,2,0.0,0.716156575549074
test_000106,3,0.0,-0.07536093459551738
test_000106,4,0.0,-0.23251125535318048
test_000106,5,0.0,0.5316440616603091
test_000106,6,0.0,0.7553382593902965
test_000106,7,0.03897920844691722,0.2773612072971256
test_000106,8,0.1534883976195107,-0.2461082275592366
test_000106,9,0.32126444501524587,0.25087210922094794
test_000106,10,0.5152747790781833,-0.6513083343854869
test_000106,11,0.6961149607585819,-0.5941771696332333
test_000106,12,0.7233093865328195,-0.31124641422650495
test_000106,13,0.7686531452969456,0.5383484802501419
test_000106,14,0.7115068555314876,0.0973654729988215
test_000106,15,0.6495897884369262,-0.16971082526162246
test_000106,16,0.4660983692206593,-0.4493438975233828
test_000106,17,0.24937107875085873,0.4593216346561025
test_000106,18,0.08598542346953901,-0.2948204231172113
test_000106,19,0.0,-0.8036221327599529
test_000106,20,0.0,-0.7267941822419683
test_000106,21,0.0,-0.4200300773298706
test_000106,22,0.0,0.5125321366865696
test_000106,23,0.0,0.05102558776364369
test_000106,24,0.0,-0.21525655545747724
test_000107,1,0.0,-0.870192929766576
test_000107,2,0.0,-0.7714656530428049
test_000107,3,0.0,-0.5866873248711928
test_000107,4,0.0,-0.7015226740539906
test_000107,5,0.0,-0.8168044808159861
test_000107,6,0.0,-0.6581342711981664
test_000107,7,0.04829921855863062,0.16149434131953794
test_000107,8,0.19514267505110594,0.1297440691915769
test_000107,9,0.38683270166569805,-0.37404675059507747
test_000107,10,0.625442072975079,-0.4447826872101108
test_000107,11,0.8171456466759708,-0.41919083236608
test_000107,12,0.9389496094242756,-0.5638342819226619
test_000107,13,0.9650816006196337,-0.7411862040404663
test_000107,14,0.921506464475216,-0.45940072879968596
test_000107,15,0.7716427506765178,-0.7619432197355894
test_000107,16,0.5725532897029203,-0.25669449371821723
test_000107,17,0.3358292514657222,0.03893402410256008
test_000107,18,0.1143079556809977,-0.7924112510749836
test_000107,19,0.0,-0.0323470389726171
test_000107,20,0.0,0.26343697110024283
test_000107,21,0.0,-0.0911402668294761
test_000107,22,0.0,-0.12598686329686168
test_000107,23,0.0,0.49910193121108215
test_000107,24,0.0,0.845768981205325
test_000108,1,0.0,0.11450848118759467
test_000108,2,0.0,0.045734214808167174
test_000108,3,0.0,0.3377183376637828
test_000108,4,0.0,0.06087526888167717
test_000108,5,0.0,-0.22259013906392844
test_000108,6,0.0,-0.5598281117483743
test_000108,7,0.04488572357276301,-0.7592630968279037
test_000108,8,0.18088211917117547,-0.8614503053409085
test_000108,9,0.35777297836407534,-0.4406669600473127
test_000108,10,0.5862061059577788,-0.4386182212533973
test_000108,11,0.7668082381708377,-0.4357025244651874
test_000108,12,0.8643384767528767,-0.1566715761198093
test_000108,13,0.9141254071122594,-0.7191797597132443
test_000108,14,0.8871876796537917,-0.8855285113435707
test_000108,15,0.7566052015083419,-0.8535953755503991
test_000108,16,0.5580037294173863,-0.9118828774280856
test_000108,17,0.3195190993295834,-0.9448871720274102
test_000108,18,0.11066194717486305,-0.6606782169404273
test_000108,19,0.0,-0.016952261417000937
test_000108,20,0.0,-0.3580064030479817
test_000108,21,0.0,-0.6022001889630236
test_000108,22,0.0,0.1891124798488963
test_000108,23,0.0,-0.1434112103958281
test_000108,24,0.0,-0.2253802212076273
test_000109,1,0.0,-0.3738802292478323
test_000109,2,0.0,0.08354516174349318
test_000109,3,0.0,0.4360835292357765
test_000109,4,0.0,0.1916416491600364
test_000109,5,0.0,0.3216875313117769
test_000109,6,0.0,0.1251158667752846
test_000109,7,0.025670035495361954,0.5636827437654699
test_000109,8,0.11162760556798755,0.10866109279614461
test_000109,9,0.2440661100528705,-0.4584211510524761
test_000109,10,0.3823429424076722,0.17241826609719244
test_000109,11,0.5190090795979934,0.02420463372288587
test_000109,12,0.5538772474783852,-0.46861128963352705
test_000109,13,0.5778029184490471,-0.09807968581814383
test_000109,14,0.6141814673724071,0.4321019841113834
test_000109,15,0.43691198443884,0.07717494774183528
test_000109,16,0.36542741121328653,0.6496024659326312
test_000109,17,0.21806094778198234,0.40333057177110065
test_000109,18,0.07181355657289804,0.9078858071855335
test_000109,19,0.0,0.6120852731549747
test_000109,20,0.0,0.6091465689395659
test_000109,21,0.0,0.7792885145674089
test_000109,22,0.0,0.7810586779950314
test_000109,23,0.0,0.7237988418462805
test_000109,24,0.0,0.4677072650089723
test_000110,1,0.0,0.7939338029076287
test_000110,2,0.0,-0.4113927747548988
test_000110,3,0.0,-0.19803854585934244
test_000110,4,0.0,-0.00912442463794324
test_000110,5,0.0,0.008427012574816841
test_000110,6,0.0,0.5595805165535479
test_000110,7,0.038100424430993346,0.528509977652994
test_000110,8,0.1500028707563292,-0.6268974842162276
test_000110,9,0.32977928858404787,-0.2232612291023225
test_000110,10,0.5269136102124962,-0.3610212601506299
test_000110,11,0.6646902482649041,-0.7060832057841788
test_000110,12,0.6755678015699798,-0.1442370281420102
test_000110,13,0.7014485726046931,-0.7638230621775535
test_000110,14,0.6951543568938334,-0.5555706681802108
test_000110,15,0.5863843500729854,-0.30272578084056706
test_000110,16,0.43254849768328535,0.2553700722647815
test_000110,17,0.2851366044752258,-0.37635699131605205
test_000110,18,0.09945257488165198,-0.5781877037976233
test_000110,19,0.0,0.5248340103289763
test_000110,20,0.0,-0.2747160095306497
test_000110,21,0.0,0.13584353287620124
test_000110,22,0.0,0.6654560847181945
test_000110,23,0.0,0.7488463350993576
test_000110,24,0.0,0.7135337534429519
test_000111,1,0.0,0.21332409440130942
test_000111,2,0.0,0.24273745463606708
test_000111,3,0.0,0.8491958886986323
test_000111,4,0.0,0.25366149916146397
test_000111,5,0.0,-0.04815435649292773
test_000111,6,0.0,-0.3986797420738999
test_000111,7,0.041472784891196435,-0.6507099041362305
test_000111,8,0.17727675084486325,-0.7608280309790787
test_000111,9,0.35509891347543077,-0.5688465344083367
test_000111,10,0.577481516497335,-0.051846742681858606
test_000111,11,0.747112365145572,-0.3614331121632853
test_000111,12,0.8182965678193047,-0.36312508492939805
test_000111,13,0.7745873531960309,-0.3647494142770371
test_000111,14,0.7843595065504937,-0.11425757499138914
test_000111,15,0.6800286259123005,0.2199009923867575
test_000111,16,0.5027512852825479,0.5797361735139748
test_000111,17,0.2780527422705625,-0.0029741487634293955
test_000111,18,0.09670032139410623,0.015493906628425907
test_000111,19,0.0,0.32781855991642067
test_000111,20,0.0,0.2886347961105755
test_000111,21,0.0,0.11838116831285038
test_000111,22,0.0,0.32945712913342196
test_000111,23,0.0,0.26266819139622016
test_000111,24,0.0,0.9283975778360187
test_000112,1,0.0,-0.49745177047243494
test_000112,2,0.0,-0.2170575983097587
test_000112,3,0.0,0.11804927214248342
test_000112,4,0.0,-0.31581802514443086
test_000112,5,0.0,-0.12129120706658884
test_000112,6,0.0,0.3610891827189695
test_000112,7,0.024961693928857723,0.23457857916310706
test_000112,8,0.09074667281642858,0.17898366004625374
test_000112,9,0.1845358090007109,0.05051357701218576
test_000112,10,0.28998254882082913,-0.5428351817158051
test_000112,11,0.41810607030978103,-0.6574450916473391
test_000112,12,0.43428783500188,-0.3160705141893019
test_000112,13,0.49300389597166655,0.424822366063735
test_000112,14,0.5252630543184215,0.4121081159084791
test_000112,15,0.42372546543526096,-0.2939994775651916
test_000112,16,0.3000902808663204,-0.6017659736625074
test_000112,17,0.18140596510447032,0.2452034934277132
test_000112,18,0.06470781136141403,-0.11808952887145932
test_000112,19,0.0,-0.35561788368035213
test_000112,20,0.0,0.06849250387047827
test_000112,21,0.0,-0.4237767668664468
test_000112,22,0.0,-0.7453994136327022
test_000112,23,0.0,-0.6812385138949063
test_000112,24,0.0,-0.6465540367876945
test_000113,1,0.0,-0.23940208656110545
test_000113,2,0.0,0.3044910305843417
test_000113,3,0.0,0.2614120590630926
test_000113,4,0.0,-0.11780115759364283
test_000113,5,0.0,-0.7918379931679026
test_000113,6,0.0,-0.5929931080244151
test_000113,7,0.03184270374505684,0.0375496804121354
test_000113,8,0.1072107350569782,-0.4418465991418512
test_000113,9,0.2198262965532614,-0.40062406715295334
test_000113,10,0.3752621174666298,-0.8463193584488429
test_000113,11,0.5126186544570406,-0.9363285876295983
test_000113,12,0.6597451378413404,-0.9303428760218126
test_000113,13,0.6426185737553878,-0.5874705307231949
test_000113,14,0.621345798455512,-0.4557615166271718
test_000113,15,0.6095650632131933,0.20316561667591057
test_000113,16,0.40923830326680005,0.22321166364881725
test_000113,17,0.22693530559155553,-0.13717216809406785
test_000113,18,0.08232886710085009,-0.5366556871288182
test_000113,19,0.0,0.1587066760750425
test_000113,20,0.0,0.010713729347169836
test_000113,21,0.0,-0.29629238332395924
test_000113,22,0.0,-0.07142008926811738
test_000113,23,0.0,0.24487966093260788
test_000113,24,0.0,0.6233061714749164
test_000114,1,0.0,-0.6618183671539495
test_000114,2,0.0,0.29974449964536115
test_000114,3,0.0,-0.2659047204521262
test_000114,4,0.0,0.2289569774233853
test_000114,5,0.0,-0.07038732916407285
test_000114,6,0.0,-0.46345655288237975
test_000114,7,0.046005892875744,-0.7491957267282029
test_000114,8,0.17887931690087414,-0.2608255770553526
test_000114,9,0.3583938060385194,0.10476546326941161
test_000114,10,0.5876819767157606,0.316351173276547
test_000114,11,0.7482795749217588,0.773689094361975
test_000114,12,0.8287577848045129,0.06867772791323362
test_000114,13,0.8203812582746244,0.6682541451443585
test_000114,14,0.8453138295497721,0.30308427938126364
test_000114,15,0.7185871213924211,0.2879772377886815
test_000114,16,0.545035678529562,0.5378735490211295
test_000114,17,0.31307824055775335,0.4299400378865113
test_000114,18,0.10779887417325744,0.46184595310358584
test_000114,19,0.0,0.3039751332004008
test_000114,20,0.0,0.3783651993152907
test_000114,21,0.0,0.5888518267200114
test_000114,22,0.0,-0.072621687786864
test_000114,23,0.0,-0.3018657725247461
test_000114,24,0.0,-0.048309995673276984
test_000115,1,0.0,0.2158350114633491
test_000115,2,0.0,0.44908524209276024
test_000115,3,0.0,0.315994356611473
test_000115,4,0.0,0.6694968975487662
test_000115,5,0.0,0.8130821141490091
test_000115,6,0.0,0.7821450496964771
test_000115,7,0.035875979578629424,0.5814831580470526
test_000115,8,0.14520184752956403,0.19436724254275836
test_000115,9,0.2828381839924576,-0.6374466254529152
test_000115,10,0.42954203989268286,-0.16460163051270552
test_000115,11,0.5614433473491897,0.1298898115810496
test_000115,12,0.6138905133868678,0.5901838209284971
test_000115,13,0.5988977286101432,0.48734101209345926
test_000115,14,0.640948125373475,0.4708194065747403
test_000115,15,0.576318950929306,0.7898087174697436
test_000115,16,0.4140324939795687,0.4304098820058277
test_000115,17,0.23930922603062574,0.2660858056960796
test_000115,18,0.06544991908602696,0.46434832756705346
test_000115,19,0.0,-0.6528347387735122
test_000115,20,0.0,-0.45459252031106007
test_000115,21,0.0,-0.8391593653984114
test_000115,22,0.0,-0.8141720722237393
test_000115,23,0.0,-0.009317977056472821
test_000115,24,0.0,-0.22016645259224138
test_000116,1,0.0,0.3373158634471885
test_000116,2,0.0,0.41506371287673716
test_000116,3,0.0,0.4613986589852572
test_000116,4,0.0,0.34789150698116494
test_000116,5,0.0,-0.16495810393921298
test_000116,6,0.0,0.14231609004919507
test_000116,7,0.034124661511298345,-0.5853104459142162
test_000116,8,0.14029886798839716,0.23393500943263196
test_000116,9,0.26911868988076115,-0.36235858854816455
test_000116,10,0.45035977154775547,-0.1320478148749709
test_000116,11,0.6251318713248142,-0.7791592102884514
test_000116,12,0.727515736706382,-0.4327371270827614
test_000116,13,0.7020083942570304,0.128433692933173
test_000116,14,0.7241019997947525,-0.6468451025419804
test_000116,15,0.6253749992747811,-0.2727468257997836
test_000116,16,0.4689058493659453,-0.4700833446908601
test_000116,17,0.27394245255564365,0.29665617950727896
test_000116,18,0.09352573048504151,-0.17384541873030204
test_000116,19,0.0,-0.3344209253642106
test_000116,20,0.0,-0.6825126702805792
test_000116,21,0.0,-0.8414036419756882
test_000116,22,0.0,-0.8754867373400516
test_000116,23,0.0,-0.8433469450043358
test_000116,24,0.0,-0.6087677630266871
test_000117,1,0.0,-0.7001578500103818
test_000117,2,0.0,-0.8407001089639736
test_000117,3,0.0,-0.9660104289148526
test_000117,4,0.0,-0.9417197570157202
test_000117,5,0.0,-0.8930267087022594
test_000117,6,0.0,-0.3254195000423936
test_000117,7,0.04838805542676485,-0.48626411962066696
test_000117,8,0.19450554510167878,-0.5832272939506178
test_000117,9,0.3861779160530151,-0.5826495281718347
test_000117,10,0.6304272418965156,-0.7349703531617564
test_000117,11,0.8249884235270935,-0.7937813703548567
test_000117,12,0.9356522426610151,-0.3938244635054271
test_000117,13,0.9597494332397889,0.5405085039708133
test_000117,14,0.898048478358787,0.7394851902975494
test_000117,15,0.7674071837406666,0.9318638151500211
test_000117,16,0.5702717404664898,-0.03731542464285652
test_000117,17,0.33532621917625977,-0.1500467463988326
test_000117,18,0.11139310177187628,-0.332629547026352
test_000117,19,0.0,0.13030604769999712
test_000117,20,0.0,0.9037615271709756
test_000117,21,0.0,0.6618950472049199
test_000117,22,0.0,0.15884632809060298
test_000117,23,0.0,-0.5863382733588673
test_000117,24,0.0,0.3664425682866374
test_000118,1,0.0,0.6798756439579514
test_000118,2,0.0,0.6411272399503986
test_000118,3,0.0,0.7605747188188571
test_000118,4,0.0,0.9235379901778156
test_000118,5,0.0,0.7887368525370257
test_000118,6,0.0,0.3452211393657556
test_000118,7,0.04448445850927166,0.7126998326213403
test_000118,8,0.18200197251225197,0.9203974753336263
test_000118,9,0.35213248581168877,0.9536338250037673
test_000118,10,0.5903537484607857,0.8726525634766282
test_000118,11,0.7943371766835466,0.3453409628031101
test_000118,12,0.8829175437737109,0.46329293545365813
test_000118,13,0.9349611956636643,0.46464952692151973
test_000118,14,0.885424356486328,0.31659363631288023
test_000118,15,0.7365402267990571,-0.1365276926648719
test_000118,16,0.5239136812365968,0.20730959384105122
test_000118,17,0.3262855045160711,0.8206861037566395
test_000118,18,0.11083839700716223,-0.4328560195551689
test_000118,19,0.0,-0.7541379180736066
test_000118,20,0.0,-0.5351592424992861
test_000118,21,0.0,-0.6832149281020314
test_000118,22,0.0,-0.8274546798754975
test_000118,23,0.0,-0.6671892525560409
test_000118,24,0.0,-0.07728209535663269
test_000119,1,0.0,0.021702093354002652
test_000119,2,0.0,0.30072676889503397
test_000119,3,0.0,0.6551340162150867
test_000119,4,0.0,0.09969934117714449
test_000119,5,0.0,-0.367135304976874
test_000119,6,0.0,-0.2628998826753571
test_000119,7,0.03533155564607047,-0.3279119410474799
test_000119,8,0.141219946803191,0.1744062180774776
test_000119,9,0.2709762579313235,0.5325273110518409
test_000119,10,0.46316159231184484,-0.2563706559618526
test_000119,11,0.5806942116012699,-0.17296470512725945
test_000119,12,0.681379593227809,0.09656358261488406
test_000119,13,0.6843721791126316,0.1925048857655521
test_000119,14,0.6422935540229101,0.016188135919080998
test_000119,15,0.5848105015355388,-0.41500280815262
test_000119,16,0.41504080729842246,-0.31626364440903626
test_000119,17,0.21702696147782063,-0.2829045966768867
test_000119,18,0.07313321858869219,-0.45759995197665465
test_000119,19,0.0,0.30926603900996547
test_000119,20,0.0,0.2847423007385258
test_000119,21,0.0,0.5683303526189081
test_000119,22,0.0,0.542143111291076
test_000119,23,0.0,0.7058841059504253
test_000119,24,0.0,0.8542990491182763
test_000120,1,0.0,0.28837158683167485
test_000120,2,0.0,-0.24697951505215876
test_000120,3,0.0,-0.16378147692987222
test_000120,4,0.0,-0.6515646385864762
test_000120,5,0.0,-0.47736603508116193
test_000120,6,0.0,-0.36600502016268177
test_000120,7,0.04259747002986744,-0.361453696561427
test_000120,8,0.17671348255293254,0.20264359481316876
test_000120,9,0.33533103685279253,-0.31200602336129724
test_000120,10,0.5660924466454886,-0.00507877985628964
test_000120,11,0.7478299277005446,-0.4145709974540302
test_000120,12,0.8492665313993483,-0.6114619709863618
test_000120,13,0.8347908073097978,0.4002973118313305
test_000120,14,0.7925454862942821,-0.5292024409578318
test_000120,15,0.6876421206335608,-0.16405140902025944
test_000120,16,0.505249677931162,-0.04142672177805224
test_000120,17,0.309944217284288,0.2942248131570316
test_000120,18,0.10365436822861467,0.4269378960282917
test_000120,19,0.0,-0.13770194941947986
test_000120,20,0.0,0.30164229969936246
test_000120,21,0.0,-0.16567513709231962
test_000120,22,0.0,-0.3199151298493481
test_000120,23,0.0,-0.6501780682516568
test_000120,24,0.0,-0.5786627430830718
test_000121,1,0.0,0.6999215333103628
test_000121,2,0.0,0.48652976762754296
test_000121,3,0.0,0.2342822539423417
test_000121,4,0.0,0.3030778580748626
test_000121,5,0.0,-0.43904869658506485
test_000121,6,0.0,-0.401464775527953
test_000121,7,0.04197338784466188,0.22329169952919567
test_000121,8,0.1789246334556106,-0.5231266684543178
test_000121,9,0.35708941985949105,0.6101730977859132
test_000121,10,0.5880698010337352,0.5105106267219237
test_000121,11,0.7758660937428085,0.7679336521779305
test_000121,12,0.8815646064107445,0.7918164609253842
test_000121,13,0.9271833041052794,0.1663101218577065
test_000121,14,0.869600698617884,0.5831426226072911
test_000121,15,0.7307840887495408,-0.0341029606391185
test_000121,16,0.5586308987870428,-0.45241736066473953
test_000121,17,0.33157163037689,-0.4077368965122867
test_000121,18,0.11652659575369452,-0.2892894720898139
test_000121,19,0.0,-0.8278249143954906
test_000121,20,0.0,-0.8606410545894756
test_000121,21,0.0,-0.543097163206393
test_000121,22,0.0,-0.31484903112298895
test_000121,23,0.0,-0.46230892672431845
test_000121,24,0.0,-0.8446710474805816
test_000122,1,0.0,-0.9448087466144427
test_000122,2,0.0,-0.6186379284886694
test_000122,3,0.0,-0.6162525587752055
test_000122,4,0.0,-0.6614060916206008
test_000122,5,0.0,-0.4858489498567745
test_000122,6,0.0,-0.7228056819092614
test_000122,7,0.03633293817093364,-0.8305972199135048
test_000122,8,0.14285018969386237,-0.019175944424298128
test_000122,9,0.3002612243319945,0.12209448020242693
test_000122,10,0.4364349274772452,-0.6181385655011589
test_000122,11,0.5483717332615815,-0.8489369972741031
test_000122,12,0.6012064390938205,-0.8932822291652857
test_000122,13,0.5789826678449552,-0.2162966609990327
test_000122,14,0.6067823525259085,0.3669205924549347
test_000122,15,0.48705513740949447,0.1827415975089564
test_000122,16,0.3981101097063605,-0.2721729931934997
test_000122,17,0.23878923913474726,0.13583694877799396
test_000122,18,0.08408050369628563,-0.04380926627626672
test_000122,19,0.0,0.7080444329348579
test_000122,20,0.0,0.5298054603056777
test_000122,21,0.0,0.7934406500027986
test_000122,22,0.0,0.46727929154128156
test_000122,23,0.0,-0.10589685535856029
test_000122,24,0.0,-0.5354256642562769
test_000123,1,0.0,0.5217889065419579
test_000123,2,0.0,0.6163521930224916
test_000123,3,0.0,-0.01416435733439439
test_000123,4,0.0,0.07187530827693675
test_000123,5,0.0,-0.13163750255105097
test_000123,6,0.0,0.3712694969138136
test_000123,7,0.04129801060272826,-0.29404794834083325
test_000123,8,0.15791466874401586,-0.037082721079350824
test_000123,9,0.33055399328130636,0.26443338661794574
test_000123,10,0.5205276171975274,0.7078904400628372
test_000123,11,0.6606100772792121,-0.11079632859380965
test_000123,12,0.6950802838298842,-0.3567056245140977
test_000123,13,0.7420479141744217,-0.4596132409597117
test_000123,14,0.6808579178376608,-0.729299379890405
test_000123,15,0.5443288650491594,-0.556170384702601
test_000123,16,0.45337009461936434,-0.7302913159956217
test_000123,17,0.23440335670674892,-0.5397648950114143
test_000123,18,0.06729277864016289,-0.7151230123950135
test_000123,19,0.0,-0.21822332205715342
test_000123,20,0.0,-0.5055797581679737
test_000123,21,0.0,-0.44756333336413834
test_000123,22,0.0,-0.18071235539621244
test_000123,23,0.0,0.8100212098294197
test_000123,24,0.0,0.6603449026508879
test_000124,1,0.0,-0.9197889015245322
test_000124,2,0.0,-0.8531964802701129
test_000124,3,0.0,-0.635771672692148
test_000124,4,0.0,-0.18854696834029958
test_000124,5,0.0,-0.05023599822646226
test_000124,6,0.0,0.07815378079026467
test_000124,7,0.03695324511602794,-0.1673988167302385
test_000124,8,0.16333052176670576,0.021550625987167293
test_000124,9,0.3201811507616854,-0.08260053027037872
test_000124,10,0.5357120886013441,0.6712744551468219
test_000124,11,0.6658517990915153,0.150123639078416
test_000124,12,0.77456207348468,0.6527359867782436
test_000124,13,0.8058974803098514,0.4679822668837714
test_000124,14,0.7711040234777287,0.6516745236338686
test_000124,15,0.6879177168943292,0.8635980772028866
test_000124,16,0.531344323560415,0.8039408094603894
test_000124,17,0.3041153103566561,0.17708897666508155
test_000124,18,0.09953254238140212,-0.4323582977236364
test_000124,19,0.0,-0.44897014064196217
test_000124,20,0.0,-0.5557255703213877
test_000124,21,0.0,-0.35786374170911944
test_000124,22,0.0,-0.4640495098919365
test_000124,23,0.0,-0.9478764201914078
test_000124,24,0.0,-0.6095728524239055
test_000125,1,0.0,-0.43875799712359065
test_000125,2,0.0,-0.8206067410039066
test_000125,3,0.0,-0.48585922272088833
test_000125,4,0.0,-0.850957842812452
test_000125,5,0.0,-0.9491275930961013
test_000125,6,0.0,-0.6508987051120931
test_000125,7,0.045557866726181145,-0.6281781739744103
test_000125,8,0.18006868085815458,-0.33592273870872785
test_000125,9,0.37457202911073895,0.20620846154929354
test_000125,10,0.5915656391500689,0.1632232151437799
test_000125,11,0.7389408945622349,0.1317480259841442
test_000125,12,0.862979146020347,0.08679965679196021
test_000125,13,0.890411927008443,0.2639461435558318
test_000125,14,0.8616215786754315,-0.05575957472297771
test_000125,15,0.7258379098523111,-0.2904718042832552
test_000125,16,0.5532634841265152,0.05713755790598698
test_000125,17,0.3173700364879764,0.20918947199420052
test_000125,18,0.11124216689776963,0.4197381926418152
test_000125,19,0.0,-0.10557516327310545
test_000125,20,0.0,0.5452762843755863
test_000125,21,0.0,0.8609254465730988
test_000125,22,0.0,0.3675441589698623
test_000125,23,0.0,-0.5442537407460355
test_000125,24,0.0,-0.7926163439837085
test_000126,1,0.0,0.10924205832793372
test_000126,2,0.0,0.26615720355119116
test_000126,3,0.0,0.8811996410533319
test_000126,4,0.0,0.9122274345062483
test_000126,5,0.0,0.4922590774172717
test_000126,6,0.0,0.48661942215674514
test_000126,7,0.024345247814246018,0.33131902701579935
test_000126,8,0.0915758222208728,-0.2905250961807581
test_000126,9,0.18238456547688728,-0.017842011146266115
test_000126,10,0.250945923341031,0.025322010914558025
test_000126,11,0.34577780446202433,-0.6884431232198174
test_000126,12,0.388359023795031,0.1692782704735838
test_000126,13,0.38236685691671907,0.13857141502101097
test_000126,14,0.4472666742272218,0.9248802929264132
test_000126,15,0.4061687475109513,0.047270743528762156
test_000126,16,0.3600841113671467,0.9081131697921477
test_000126,17,0.17273994287183259,0.8213805726242174
test_000126,18,0.055318614833872876,0.7316636970797694
test_000126,19,0.0,0.6479103655593998
test_000126,20,0.0,0.2100632204125333
test_000126,21,0.0,0.660991432744858
test_000126,22,0.0,0.6071116380431949
test_000126,23,0.0,0.19310979965682404
test_000126,24,0.0,0.06042005688859004
test_000127,1,0.0,-0.6766778946239292
test_000127,2,0.0,-0.9059475127509022
test_000127,3,0.0,-0.5318241717292098
test_000127,4,0.0,-0.3954401017365178
test_000127,5,0.0,0.13878357706337643
test_000127,6,0.0,0.4651584391628031
test_000127,7,0.03139944439305075,0.6069660257377143
test_000127,8,0.11182537106738495,0.016011955912175448
test_000127,9,0.1883269854817488,-0.1602496461446847
test_000127,10,0.29851038785848927,0.1667400392744283
test_000127,11,0.46669438704481825,0.6538343744631004
test_000127,12,0.5681449243449018,0.44213646138510015
test_000127,13,0.5659668272735525,0.4647091665763948
test_000127,14,0.6115244666115898,0.9071586460526382
test_000127,15,0.5523307486796278,0.42268209091069264
test_000127,16,0.3812559307518492,0.6659345942866597
test_000127,17,0.2124523354181281,0.21997413296613882
test_000127,18,0.07006721896376684,0.11619752148544263
test_000127,19,0.0,0.174896742685423
test_000127,20,0.0,-0.14845632783769497
test_000127,21,0.0,-0.31457540069033224
test_000127,22,0.0,-0.8004224186068705
test_000127,23,0.0,-0.796428072402199
test_000127,24,0.0,-0.8910562493828089
test_000128,1,0.0,0.2602323789011712
test_000128,2,0.0,-0.4848686411030827
test_000128,3,0.0,-0.5546310900027744
test_000128,4,0.0,0.09326823842322725
test_000128,5,0.0,0.11354463077096706
test_000128,6,0.0,0.43516785038479416
test_000128,7,0.04345950312903671,-0.18147214951681157
test_000128,8,0.17779103627029702,0.07174798303619896
test_000128,9,0.3624897375736238,0.18328244227875004
test_000128,10,0.5831811326324787,-0.78944335743442
test_000128,11,0.7447053871688502,-0.46450003362906567
test_000128,12,0.8114344633612515,-0.38967688519885935
test_000128,13,0.8704119339399004,-0.245267755238044
test_000128,14,0.792903221168126,-0.12765548408499952
test_000128,15,0.6440641640530093,0.6618061313265875
test_000128,16,0.4577634760807048,0.7624933248996346
test_000128,17,0.25873616465642657,0.22542218718504511
test_000128,18,0.09308058288703719,0.3201175699207459
test_000128,19,0.0,0.9162795298399475
test_000128,20,0.0,0.31953661024907115
test_000128,21,0.0,0.7722563812697874
test_000128,22,0.0,0.08506952965994857
test_000128,23,0.0,0.2848859980654104
test_000128,24,0.0,-0.034864929224067254
test_000129,1,0.0,-0.7977166914989321
test_000129,2,0.0,-0.802037701495151
test_000129,3,0.0,-0.647122924725355
test_000129,4,0.0,-0.7283583416486895
test_000129,5,0.0,-0.5471001589929896
test_000129,6,0.0,-0.11123978745631756
test_000129,7,0.04455061840225846,0.44640080954606726
test_000129,8,0.1729581786603053,-0.41769855568727987
test_000129,9,0.3307927236071048,-0.2630671970538447
test_000129,10,0.5872959833601955,-0.19385459208284317
test_000129,11,0.7833860136238606,-0.6135688649375565
test_000129,12,0.8930535449124497,-0.07027167642939297
test_000129,13,0.9531887684798988,-0.7743884352741826
test_000129,14,0.8926700718799282,-0.22690774471210262
test_000129,15,0.7491600912268901,-0.314454692633532
test_000129,16,0.5582841107458509,-0.15113352243591355
test_000129,17,0.3259018963351146,0.06136494502368741
test_000129,18,0.1120340000501283,0.43145607276016146
test_000129,19,0.0,-0.3243311909085649
test_000129,20,0.0,-0.36050906975425934
test_000129,21,0.0,-0.07524646574963324
test_000129,22,0.0,-0.3508072202974534
test_000129,23,0.0,-0.6589834188820669
test_000129,24,0.0,-0.2808277141416806
test_000130,1,0.0,0.7907742862396703
test_000130,2,0.0,0.8353395100807754
test_000130,3,0.0,0.9161705915789834
test_000130,4,0.0,0.9265254330473605
test_000130,5,0.0,0.9177907345227732
test_000130,6,0.0,0.9697246610123342
test_000130,7,0.03669992028272472,0.9546129167210883
test_000130,8,0.15067674127859687,0.6553734299520322
test_000130,9,0.3315559961662366,0.7169714442324229
test_000130,10,0.4962878347225801,0.7365680033034603
test_000130,11,0.644071840709585,0.5759504820982285
test_000130,12,0.7852144233780739,-0.3547416116985501
test_000130,13,0.8169432455436506,-0.15513571889320507
test_000130,14,0.7873804031401437,0.17173951538289808
test_000130,15,0.6642410260871396,-0.7069981673775283
test_000130,16,0.5152305027593378,0.18769680685456594
test_000130,17,0.2698153022301948,0.25481715784733433
test_000130,18,0.09760857519725338,0.41301157849321657
test_000130,19,0.0,0.8596680386982226
test_000130,20,0.0,0.8727688201458627
test_000130,21,0.0,0.7607542487926908
test_000130,22,0.0,0.21091992088113307
test_000130,23,0.0,-0.20440905441599933
test_000130,24,0.0,0.4775066830573058
test_000131,1,0.0,0.11774337325762131
test_000131,2,0.0,-0.0673885060583223
test_000131,3,0.0,0.3083248621937418
test_000131,4,0.0,0.7304826405988536
test_000131,5,0.0,0.028616542808385877
test_000131,6,0.0,-0.3835581806458909
test_000131,7,0.04472639941611162,0.06234114266152562
test_000131,8,0.17006805641287887,0.1965861622423915
test_000131,9,0.34396469554420817,0.7822313606625535
test_000131,10,0.5655510999770477,0.8636636194880503
test_000131,11,0.707965555911799,0.8600573802924892
test_000131,12,0.8006524412294985,0.1928543806073112
test_000131,13,0.796653645801727,-0.2042447116596309
test_000131,14,0.7864101576270167,-0.8475277857743517
test_000131,15,0.6441983354452389,-0.7436377583429612
test_000131,16,0.48023109668342057,-0.4072061840624068
test_000131,17,0.2933927006652078,-0.6196933209548199
test_000131,18,0.09308645619109857,-0.5067237673843445
test_000131,19,0.0,-0.804188013664509
test_000131,20,0.0,-0.8467053262710378
test_000131,21,0.0,-0.4744775289783316
test_000131,22,0.0,-0.3532796017796946
test_000131,23,0.0,-0.7848336556762263
test_000131,24,0.0,-0.7586570343592391
test_000132,1,0.0,0.5150227926473008
test_000132,2,0.0,-0.2751390813709667
test_000132,3,0.0,0.639040739201268
test_000132,4,0.0,0.8686963370289081
test_000132,5,0.0,0.8370667119846927
test_000132,6,0.0,0.5716799546969071
test_000132,7,0.04493015137978372,0.023073452035575193
test_000132,8,0.1730837770065721,-0.36291702302826806
test_000132,9,0.33713882481253626,-0.25124444589528155
test_000132,10,0.5221936507959878,0.5445313957918455
test_000132,11,0.6566090018968977,0.5115474971092789
test_000132,12,0.6797419453667463,0.10279293702265285
test_000132,13,0.7391898521276598,0.39981793342743027
test_000132,14,0.7186541228607616,0.7998724442671252
test_000132,15,0.6145597291995947,0.8282394336546328
test_000132,16,0.4959709524148255,0.9097799687379727
test_000132,17,0.29758368404551694,0.8862891281528472
test_000132,18,0.10648285788518215,0.44050583971223856
test_000132,19,0.0,0.042418644278427946
test_000132,20,0.0,-0.3042325238029827
test_000132,21,0.0,-0.17765981696122965
test_000132,22,0.0,-0.6718759220138151
test_000132,23,0.0,-0.8098889678115979
test_000132,24,0.0,-0.8529187514217746
test_000133,1,0.0,0.8595181969874893
test_000133,2,0.0,-0.5775587704100106
test_000133,3,0.0,0.10244877321827202
test_000133,4,0.0,0.3371650328916539
test_000133,5,0.0,0.7284648781628673
test_000133,6,0.0,0.0032686664058693775
test_000133,7,0.04786197149920716,-0.11886946185571597
test_000133,8,0.19043152538508967,0.3962920144083394
test_000133,9,0.37700820887600717,-0.539363469130479
test_000133,10,0.5995349612042266,-0.38799917035803033
test_000133,11,0.8001576264206219,-0.3511693486167109
test_000133,12,0.8787734652373721,-0.2269888637666124
test_000133,13,0.925193299051669,0.02456039429967889
test_000133,14,0.88753899865008,0.6441049241081351
test_000133,15,0.7594834664660659,0.6980557786555273
test_000133,16,0.5718327397157255,0.7574763893993537
test_000133,17,0.3344873507926415,0.6097678063354672
test_000133,18,0.11574129971647722,0.8747994684051006
test_000133,19,0.0,0.2841745149676283
test_000133,20,0.0,0.31868494539508846
test_000133,21,0.0,0.46983902422036516
test_000133,22,0.0,0.4018073086357042
test_000133,23,0.0,-0.08567576414634531
test_000133,24,0.0,0.05933210923870161
test_000134,1,0.0,-0.4037275178030823
test_000134,2,0.0,-0.6590519741803411
test_000134,3,0.0,-0.5685775255830101
test_000134,4,0.0,-0.8338490696182289
test_000134,5,0.0,-0.7182114580445806
test_000134,6,0.0,-0.9648703718889622
test_000134,7,0.04642133004290411,-0.8970977728487275
test_000134,8,0.18860357161473268,-0.46068614669432795
test_000134,9,0.37340799715307993,-0.6435750274274115
test_000134,10,0.605493118460476,0.057736447904107556
test_000134,11,0.8147433388342397,-0.16045372952556458
test_000134,12,0.9132240500363948,0.1818140286658579
test_000134,13,0.9575522530717037,-0.42195584938632374
test_000134,14,0.9106523581441028,-0.1717734662191197
test_000134,15,0.7608069146212749,0.3317372764820144
test_000134,16,0.5685422380504562,-0.7551727312015665
test_000134,17,0.33329518236259553,-0.7876310931343324
test_000134,18,0.11345301707224843,-0.20668867386495252
test_000134,19,0.0,0.007868078008670608
test_000134,20,0.0,-0.33010475949654206
test_000134,21,0.0,-0.48006539853247254
test_000134,22,0.0,-0.22480443535878292
test_000134,23,0.0,-0.5004297333150824
test_000134,24,0.0,-0.2936023615545703
test_000135,1,0.0,-0.32422186695401667
test_000135,2,0.0,-0.2562824238481714
test_000135,3,0.0,-0.6236802878520091
test_000135,4,0.0,-0.29642728618845315
test_000135,5,0.0,-0.3560271643178963
test_000135,6,0.0,0.17189611819415365
test_000135,7,0.04572079214922742,-0.15336671226432774
test_000135,8,0.17912696610586018,-0.5959412686045233
test_000135,9,0.3736008158775179,-0.6951360806015738
test_000135,10,0.5991997757840442,0.383595140296068
test_000135,11,0.7624850567323959,0.6165254348751052
test_000135,12,0.8564002428044529,-0.5857049786964492
test_000135,13,0.8617443766382135,-0.5566176050056745
test_000135,14,0.8208148639075012,-0.44929069194843185
test_000135,15,0.6610155116357447,0.3782654476730433
test_000135,16,0.49000294447996684,-0.8722557434259034
test_000135,17,0.2890737987830059,-0.807254582318916
test_000135,18,0.10058024833239662,-0.5529792351765608
test_000135,19,0.0,-0.5902500924967164
test_000135,20,0.0,-0.48477084342472965
test_000135,21,0.0,-0.7261910825610914
test_000135,22,0.0,-0.5462137106301361
test_000135,23,0.0,-0.42667941981087265
test_000135,24,0.0,-0.10179778903494674
test_000136,1,0.0,-0.2456967100958608
test_000136,2,0.0,-0.7637579066021145
test_000136,3,0.0,-0.7733831319117405
test_000136,4,0.0,0.08531242360802686
test_000136,5,0.0,0.6693582475281541
test_000136,6,0.0,0.9618172662171242
test_000136,7,0.028072688114846908,0.937027419517555
test_000136,8,0.12747918081188694,0.5447288319615302
test_000136,9,0.22029321526363474,0.8466568913672469
test_000136,10,0.3226205844779119,0.41085074715177694
test_000136,11,0.4165093756851913,0.7390035572273742
test_000136,12,0.525989002829339,0.6659954801504064
test_000136,13,0.575310321022096,0.3551267949700083
test_000136,14,0.4838534315171654,0.669471195746767
test_000136,15,0.4423297025594514,0.7119490430782718
test_000136,16,0.3625766017325613,0.3553376771084107
test_000136,17,0.24378907143103007,-0.0938512332856984
test_000136,18,0.0900963422847186,0.051966468082232216
test_000136,19,0.0,0.2928731084134361
test_000136,20,0.0,-0.42815290370560805
test_000136,21,0.0,0.5361301523706808
test_000136,22,0.0,0.10217329751905527
test_000136,23,0.0,-0.43537961957357546
test_000136,24,0.0,-0.23799400327835307
test_000137,1,0.0,-0.0972224309694638
test_000137,2,0.0,0.08256546435493559
test_000137,3,0.0,-0.6064377333450652
test_000137,4,0.0,0.06605800399597485
test_000137,5,0.0,-0.11278701799599032
test_000137,6,0.0,-0.004103636247656754
test_000137,7,0.04733637443448247,0.1911761376153281
test_000137,8,0.1943409931488609,0.005462301969083146
test_000137,9,0.3867325123334375,0.027466264367916392
test_000137,10,0.6226324339084475,-0.10172510642656617
test_000137,11,0.8192865381841512,-0.8319343549557054
test_000137,12,0.9296130935043087,-0.5343640756979322
test_000137,13,0.9536421615799768,0.19471311396143942
test_000137,14,0.9044748240227751,0.5689074613826112
test_000137,15,0.7731981892502775,0.564008886435261
test_000137,16,0.5813935047572433,0.3018755613997291
test_000137,17,0.3414217524732285,0.4636547232074063
test_000137,18,0.11537711126395528,0.6393351019448354
test_000137,19,0.0,0.27202204836205274
test_000137,20,0.0,-0.030362358518040384
test_000137,21,0.0,0.0497850716530691
test_000137,22,0.0,-0.6356327577292467
test_000137,23,0.0,-0.7548526219637968
test_000137,24,0.0,-0.6659806684777898
test_000138,1,0.0,0.33821342290083795
test_000138,2,0.0,-0.3869136762653684
test_000138,3,0.0,-0.18557666642876222
test_000138,4,0.0,0.27729260591199734
test_000138,5,0.0,-0.3345293363105475
test_000138,6,0.0,-0.43520740147283454
test_000138,7,0.03584860487586485,0.0592576522495439
test_000138,8,0.13341764555258925,0.7159801258882166
test_000138,9,0.26905188695917087,0.8800701358008431
test_000138,10,0.4597051604928705,0.15642306009101328
test_000138,11,0.6057614008466097,-0.47890026941446595
test_000138,12,0.6435137823477962,-0.36948396093712893
test_000138,13,0.7230933093590319,0.008566943307477806
test_000138,14,0.675344775679421,-0.427197826462231
test_000138,15,0.5612753974269226,-0.6864836784047691
test_000138,16,0.40444501669036714,-0.7345303687552944
test_000138,17,0.20689228337959836,0.2897379755964326
test_000138,18,0.07245506670796642,0.587842095501508
test_000138,19,0.0,0.03405712723206958
test_000138,20,0.0,-0.3673708741224378
test_000138,21,0.0,-0.4708197741615213
test_000138,22,0.0,-0.46177492952153376
test_000138,23,0.0,-0.6096712298594497
test_000138,24,0.0,-0.43007006530651554
test_000139,1,0.0,0.23917007994985537
test_000139,2,0.0,0.51115513881053
test_000139,3,0.0,0.20675959068588454
test_000139,4,0.0,-0.6681344052101927
test_000139,5,0.0,-0.5818118618273489
test_000139,6,0.0,-0.18592703591268223
test_000139,7,0.03629912274438899,0.7910417408250141
test_000139,8,0.1543411465784621,0.891446807534373
test_000139,9,0.29938286568711864,-0.2567225340319555
test_000139,10,0.44143400313587017,-0.7365920534587969
test_000139,11,0.6323877023244057,-0.8630481506146709
test_000139,12,0.67439746698336,-0.9359144735224874
test_000139,13,0.7275830029180848,-0.2240517155903512
test_000139,14,0.6477246849755899,0.5419325418813137
test_000139,15,0.6018539739779725,0.36248497922616435
test_000139,16,0.4031494099845724,-0.030523036561296513
test_000139,17,0.23658416373595742,-0.19013173909434783
test_000139,18,0.0801858958629632,0.4074524181731836
test_000139,19,0.0,0.1387833341205744
test_000139,20,0.0,-0.279684923180637
test_000139,21,0.0,-0.7410484163757526
test_000139,22,0.0,-0.1811673165005477
test_000139,23,0.0,0.42811335967027125
test_000139,24,0.0,0.3306020472227665
test_000140,1,0.0,0.6615351415223607
test_000140,2,0.0,-0.46921845049655264
test_000140,3,0.0,-0.7770296730453469
test_000140,4,0.0,-0.34490683845781545
test_000140,5,0.0,0.05935032963153559
test_000140,6,0.0,0.35603175536455534
test_000140,7,0.04591777858753083,0.5208301287272588
test_000140,8,0.18334569411681265,0.7622476760975199
test_000140,9,0.36286477346962487,0.888869326345797
test_000140,10,0.5930801439049156,0.17774894652029405
test_000140,11,0.7785054468961853,0.5443511117592434
test_000140,12,0.8646162022334217,0.8257638131818645
test_000140,13,0.9028981043746416,0.19579379745006584
test_000140,14,0.8880571583038857,0.05567397763081807
test_000140,15,0.7573588653303781,-0.5147040847177073
test_000140,16,0.5581742501220626,-0.9051284815911268
test_000140,17,0.33254273730069556,-0.7925968426723756
test_000140,18,0.11460398442140823,-0.2882938074168506
test_000140,19,0.0,0.4510604394503567
test_000140,20,0.0,0.6656854896498208
test_000140,21,0.0,0.8128586139645869
test_000140,22,0.0,0.836265662158032
test_000140,23,0.0,0.8386570401353022
test_000140,24,0.0,0.5435125039388136
test_000141,1,0.0,-0.20477070220610896
test_000141,2,0.0,-0.16779185537981994
test_000141,3,0.0,0.4831157030510991
test_000141,4,0.0,0.6604929690395918
test_000141,5,0.0,0.7177820370310729
test_000141,6,0.0,0.7783334254188965
test_000141,7,0.03554184641697228,-0.5891427066423116
test_000141,8,0.1499789333472702,0.18876743937236604
test_000141,9,0.3032409958536846,0.020593282638886518
test_000141,10,0.5225147006525569,-0.3220991884414832
test_000141,11,0.697126148261799,-0.8244204668699893
test_000141,12,0.766468293058354,-0.44796563407111034
test_000141,13,0.7260539043279413,-0.9756901627221717
test_000141,14,0.7095461682994645,-0.9730964745497976
test_000141,15,0.6120509381136203,-0.8157604541108481
test_000141,16,0.48301178456272814,-0.9307839646621449
test_000141,17,0.297565535940624,-0.8894979749896341
test_000141,18,0.10244906397285632,-0.8684085311290305
test_000141,19,0.0,-0.9044624533580862
test_000141,20,0.0,-0.5934420028910523
test_000141,21,0.0,-0.777609025950901
test_000141,22,0.0,-0.06586443835913626
test_000141,23,0.0,-0.22123355240659706
test_000141,24,0.0,0.4114141073001537
test_000142,1,0.0,-0.31939513469464514
test_000142,2,0.0,-0.689489299227463
test_000142,3,0.0,-0.220653238579887
test_000142,4,0.0,-0.5659791122596178
test_000142,5,0.0,-0.1928850082852687
test_000142,6,0.0,0.6692250528376475
test_000142,7,0.03830723561906408,-0.45548166794096084
test_000142,8,0.1529243527421904,-0.16402559603806735
test_000142,9,0.30023622151410606,0.23049635867727336
test_000142,10,0.5232807627448612,-0.20036906068857482
test_000142,11,0.720680813300037,0.3364286610853622
test_000142,12,0.8123679327829361,-0.21203315275259935
test_000142,13,0.8900502969327292,0.6597238286259413
test_000142,14,0.8498330381583121,-0.2563208349266259
test_000142,15,0.7152272360402862,-0.24766319289868638
test_000142,16,0.5233253569888853,-0.12178278768440624
test_000142,17,0.29589202344832916,0.11946646991127885
test_000142,18,0.10434353141051093,0.2588019565514336
test_000142,19,0.0,0.5369794763863339
test_000142,20,0.0,-0.2929927894420795
test_000142,21,0.0,0.35647885645622784
test_000142,22,0.0,-0.10843528898777327
test_000142,23,0.0,0.3632912941578654
test_000142,24,0.0,-0.14180655042587867
test_000143,1,0.0,0.6764483876006795
test_000143,2,0.0,0.8685818158284588
test_000143,3,0.0,0.6579743153004772
test_000143,4,0.0,0.8202330470247717
test_000143,5,0.0,0.8957404407567718
test_000143,6,0.0,0.6544568576701935
test_000143,7,0.04257095007195183,0.14138547506090843
test_000143,8,0.1688014941212963,0.11785308170167107
test_000143,9,0.3208486408111186,0.27864845518701126
test_000143,10,0.5487210563128687,-0.25081913799956995
test_000143,11,0.7203618252218353,-0.05121074304150008
test_000143,12,0.8259336440112192,0.5593993949184524
test_000143,13,0.8858421521394712,0.9230558528318181
test_000143,14,0.8099411401021366,0.6132878404011555
test_000143,15,0.6779862281424619,0.7131004219160993
test_000143,16,0.4630746364950662,0.36452814189239646
test_000143,17,0.2925498937948105,0.3505132630944867
test_000143,18,0.10342969948819436,-0.5277756475382239
test_000143,19,0.0,-0.8420705294590097
test_000143,20,0.0,-0.9491545440749494
test_000143,21,0.0,-0.9239683239268041
test_000143,22,0.0,-0.9624138932783667
test_000143,23,0.0,-0.8285576463258952
test_000143,24,0.0,-0.9591603906460479
test_000144,1,0.0,0.5290832678021138
test_000144,2,0.0,-0.5474549788611438
test_000144,3,0.0,-0.8269823151644078
test_000144,4,0.0,-0.7672830943696451
test_000144,5,0.0,-0.45919806402074054
test_000144,6,0.0,0.08776030184074043
test_000144,7,0.025529354665218718,0.6157240469846805
test_000144,8,0.10087880253186171,0.6051415137292264
test_000144,9,0.23346397353737142,0.8268086129519832
test_000144,10,0.3710585036233532,0.9496370972734743
test_000144,11,0.4656985401828482,0.7048442763666791
test_000144,12,0.5323349849172455,0.6955888058942197
test_000144,13,0.4982818240976197,0.749122073083377
test_000144,14,0.5054008260236518,-0.16561974638727361
test_000144,15,0.4759285581216136,-0.035096827214015025
test_000144,16,0.3349021891448923,-0.7212897687095254
test_000144,17,0.19963615192412892,-0.7829131854280977
test_000144,18,0.08439640974571741,-0.4790557736666059
test_000144,19,0.0,0.4561775470967557
test_000144,20,0.0,0.8557119729842612
test_000144,21,0.0,0.8420961010918289
test_000144,22,0.0,0.6757409421071265
test_000144,23,0.0,0.4248547716013081
test_000144,24,0.0,0.4879694546293788
test_000145,1,0.0,0.9254268317589298
test_000145,2,0.0,0.9039851916753434
test_000145,3,0.0,0.8049608144480119
test_000145,4,0.0,0.9009482913140576
test_000145,5,0.0,0.7744845002034442
test_000145,6,0.0,0.8090955860508431
test_000145,7,0.03200401199546902,0.7397834535196934
test_000145,8,0.11228498896770674,0.6096113525041997
test_000145,9,0.2626995286463014,0.7511489552156747
test_000145,10,0.38108054931113355,0.3597558771750492
test_000145,11,0.42329475050903653,0.7384818721339435
test_000145,12,0.5684812538458404,0.5775351556749964
test_000145,13,0.4910851684011863,-0.1742674034990293
test_000145,14,0.4580927776688039,0.4946103072624112
test_000145,15,0.46044819647949525,0.64273207064367
test_000145,16,0.3276333884112661,0.8168836979928444
test_000145,17,0.2102156501513917,0.8137145512186182
test_000145,18,0.07128340217718282,0.2169814132976282
test_000145,19,0.0,-0.7474954486615616
test_000145,20,0.0,-0.8729281091395392
test_000145,21,0.0,-0.9346473028993573
test_000145,22,0.0,-0.8668405957752507
test_000145,23,0.0,-0.8410095039527448
test_000145,24,0.0,-0.7424264788790512
test_000146,1,0.0,0.47528009703894036
test_000146,2,0.0,0.10593401185165274
test_000146,3,0.0,0.6307197323374107
test_000146,4,0.0,-0.12085083698333264
test_000146,5,0.0,0.07378029614053515
test_000146,6,0.0,-0.0814549378844049
test_000146,7,0.04404729030009957,-0.743981113475872
test_000146,8,0.18169800672058745,-0.4191248836221479
test_000146,9,0.3714046799762832,0.2200010010940482
test_000146,10,0.5955056595180597,0.44320666286838223
test_000146,11,0.7874429918443199,-0.2018734420442315
test_000146,12,0.8750044045855844,0.28115895867040036
test_000146,13,0.8909599286423502,-0.31735171573621895
test_000146,14,0.848250373677125,0.5372425867398565
test_000146,15,0.726468604156861,0.7349182106707883
test_000146,16,0.5471708791487102,0.7727361101908585
test_000146,17,0.30953887792286366,0.6369264830071104
test_000146,18,0.10454399783518795,0.4326943743453886
test_000146,19,0.0,0.5918909618929578
test_000146,20,0.0,0.5592467617468974
test_000146,21,0.0,0.015567188346436903
test_000146,22,0.0,-0.6728985404310412
test_000146,23,0.0,-0.8533379593114538
test_000146,24,0.0,-0.7000349714865506
test_000147,1,0.0,-0.8215185997046917
test_000147,2,0.0,-0.5745151178134613
test_000147,3,0.0,-0.05723806369912026
test_000147,4,0.0,0.058213641646485445
test_000147,5,0.0,-0.8436138224317205
test_000147,6,0.0,0.4491457598511992
test_000147,7,0.042518600138303005,0.03622689798310028
test_000147,8,0.16259356755297746,-0.013546264551289789
test_000147,9,0.33057403045820677,0.15795315179018143
test_000147,10,0.4867567680181906,0.13716954424132743
test_000147,11,0.6506960206658655,-0.13040711545088282
test_000147,12,0.7273777668699082,-0.24392875975516565
test_000147,13,0.7626802767011692,-0.5917517324009688
test_000147,14,0.8113508499878136,0.3726005673884021
test_000147,15,0.7204564073460072,-0.30917065470592087
test_000147,16,0.5491120010631116,0.34000449637740693
test_000147,17,0.312009963741064,0.19154290106735597
test_000147,18,0.11004930130428144,0.10342583757651201
test_000147,19,0.0,0.7361537893751802
test_000147,20,0.0,0.588074215616311
test_000147,21,0.0,0.2489851776272069
test_000147,22,0.0,-0.5768738692251969
test_000147,23,0.0,-0.9411356734339188
test_000147,24,0.0,-0.5627166030885258
test_000148,1,0.0,-0.700007436572736
test_000148,2,0.0,-0.06310293049377162
test_000148,3,0.0,0.012867422807109176
test_000148,4,0.0,-0.5924764450564919
test_000148,5,0.0,-0.8692069724388646
test_000148,6,0.0,-0.7846042746747168
test_000148,7,0.04351638870894628,-0.7108677794149696
test_000148,8,0.17657173877105767,-0.9653498328037781
test_000148,9,0.3645045088238011,-0.7748826798894529
test_000148,10,0.5965909431770499,-0.09206680761337936
test_000148,11,0.7993578494414504,-0.12129219537975422
test_000148,12,0.9021084805421319,-0.7771940181458679
test_000148,13,0.9513539266889568,-0.8929573055724019
test_000148,14,0.9041018471496698,-0.8367171265336335
test_000148,15,0.7588183909134821,-0.7434571218709103
test_000148,16,0.5652243615146844,-0.14233688868564429
test_000148,17,0.327999843740425,0.2528933759441581
test_000148,18,0.11398788628776951,0.027987123088228285
test_000148,19,0.0,0.2625447123387601
test_000148,20,0.0,-0.027341928763498193
test_000148,21,0.0,0.5072871780577666
test_000148,22,0.0,0.428057189705476
test_000148,23,0.0,0.6886170475591427
test_000148,24,0.0,0.523446497425365
test_000149,1,0.0,0.7108240226990934
test_000149,2,0.0,0.852012789086817
test_000149,3,0.0,0.37770920729968144
test_000149,4,0.0,-0.1222971707527417
test_000149,5,0.0,0.34125034167841256
test_000149,6,0.0,0.08775370262441887
test_000149,7,0.03911531079503988,-0.5010989969642812
test_000149,8,0.14597775929667006,-0.4204098909724137
test_000149,9,0.3011507258044159,-0.8088010663193661
test_000149,10,0.5129539202562566,-0.8230694031142066
test_000149,11,0.6789843753534822,-0.8661953307012275
test_000149,12,0.7623114787558806,-0.3744632642480743
test_000149,13,0.8277574451485096,-0.4448854172465698
test_000149,14,0.7750181229806617,-0.2914096664405143
test_000149,15,0.6933356616902948,-0.13494602318826512
test_000149,16,0.540493181741344,-0.04929977787711146
test_000149,17,0.31076119420849807,0.6577351973737217
test_000149,18,0.10994215107040956,0.1487143773272431
test_000149,19,0.0,0.39117816175193354
test_000149,20,0.0,-0.5301898814661801
test_000149,21,0.0,-0.6226842878065502
test_000149,22,0.0,-0.5297275228636582
test_000149,23,0.0,0.49397454298096777
test_000149,24,0.0,0.801047771165725
test_000150,1,0.0,0.8858878032877978
test_000150,2,0.0,0.9122518777170312
test_000150,3,0.0,-0.06238172117080553
test_000150,4,0.0,0.04191419173604383
test_000150,5,0.0,-0.308007174775636
test_000150,6,0.0,0.15785040136852263
test_000150,7,0.03096586822554155,0.4998558066646043
test_000150,8,0.13497591771835069,0.7753121250236288
test_000150,9,0.242604025034681,0.2350950493249577
test_000150,10,0.42642164140139566,0.12159563140049828
test_000150,11,0.5744664948379957,0.25538200819548273
test_000150,12,0.6880304193843002,-0.1361109412639323
test_000150,13,0.7102745007562696,0.04207220589036278
test_000150,14,0.7575386303439505,-0.259148140341561
test_000150,15,0.6168468852880574,-0.6706254055429388
test_000150,16,0.47954221863762686,-0.49778170003765243
test_000150,17,0.2786946521794333,-0.2908541457324143
test_000150,18,0.09458737344289811,0.10930394224248843
test_000150,19,0.0,0.7946240854953038
test_000150,20,0.0,0.20683771948434512
test_000150,21,0.0,0.025290919734082106
test_000150,22,0.0,-0.3057650509361917
test_000150,23,0.0,-0.21403427071067307
test_000150,24,0.0,0.7487749640357688
test_000151,1,0.0,0.6775740023046863
test_000151,2,0.0,0.7623102211392987
test_000151,3,0.0,0.436200952424225
test_000151,4,0.0,0.40881018750799036
test_000151,5,0.0,-0.1700162046496896
test_000151,6,0.0,-0.5771502284614494
test_000151,7,0.047482257810613805,0.17797595345274503
test_000151,8,0.1914080081879116,0.1838616341263933
test_000151,9,0.38259851767776637,0.3028539056770255
test_000151,10,0.6135847822853824,-0.18217182837367504
test_000151,11,0.7868191630083247,-0.9130615668778196
test_000151,12,0.8800683408947427,-0.9490042667775505
test_000151,13,0.9170973419255682,-0.231257883419372
test_000151,14,0.8917068878213995,0.3544509745002497
test_000151,15,0.7576232239459391,0.8525376827305076
test_000151,16,0.5694316418794624,0.4840614726197833
test_000151,17,0.3295618510392406,0.5876859832511971
test_000151,18,0.11303121559360668,0.1125439657852022
test_000151,19,0.0,0.11716773574722282
test_000151,20,0.0,-0.5492865786297407
test_000151,21,0.0,-0.33383427630519336
test_000151,22,0.0,-0.43946467782465637
test_000151,23,0.0,-0.4112813781989941
test_000151,24,0.0,-0.8498769668032282
test_000152,1,0.0,-0.6924873943915025
test_000152,2,0.0,-0.8764581114713543
test_000152,3,0.0,-0.4147968425893136
test_000152,4,0.0,-0.21565136422020365
test_000152,5,0.0,0.6472808212422041
test_000152,6,0.0,-0.33097431096229246
test_000152,7,0.04682388635963641,-0.11599359363082946
test_000152,8,0.18815820255995694,0.1336507530628982
test_000152,9,0.3736406679106359,-0.32742248518656336
test_000152,10,0.5901123325367909,-0.5185310528522993
test_000152,11,0.7815626389187061,-0.507071833412203
test_000152,12,0.8691845589515955,-0.76147840056682
test_000152,13,0.9213870714140611,0.11013072712911802
test_000152,14,0.8659045446695531,-0.06331475936762544
test_000152,15,0.7288328052438025,-0.5027690689002363
test_000152,16,0.546860639030855,-0.6394797130055211
test_000152,17,0.3122768706395148,-0.824672801907097
test_000152,18,0.11257815009496,-0.5523375723662496
test_000152,19,0.0,-0.7673404070036289
test_000152,20,0.0,-0.9307815050707801
test_000152,21,0.0,-0.6587877755206432
test_000152,22,0.0,-0.39356980804613506
test_000152,23,0.0,-0.8248908086317072
test_000152,24,0.0,-0.6671227362955383
test_000153,1,0.0,0.515202991015721
test_000153,2,0.0,0.5935615296693854
test_000153,3,0.0,0.8513010719349188
test_000153,4,0.0,0.9623543786072902
test_000153,5,0.0,0.9797386946741709
test_000153,6,0.0,0.93693848738995
test_000153,7,0.04236398271596555,0.9538968695174062
test_000153,8,0.17153251971657887,0.8183316384078452
test_000153,9,0.35986890714305764,0.5245166206278757
test_000153,10,0.5817408165314661,-0.18639548230229686
test_000153,11,0.7877386469785036,0.740702125668782
test_000153,12,0.8254379548502204,-0.11460432218553228
test_000153,13,0.856496722598102,-0.5051760264064604
test_000153,14,0.7951761678806726,-0.17904291496634248
test_000153,15,0.7213534305855301,-0.6303969753624332
test_000153,16,0.49891323847194247,-0.3005533071643249
test_000153,17,0.2819666493104811,0.27312790842366974
test_000153,18,0.09606876494304127,0.3540744327285602
test_000153,19,0.0,0.08397427691597319
test_000153,20,0.0,-0.4046949200033397
test_000153,21,0.0,0.23717616931554805
test_000153,22,0.0,-0.2677704557788374
test_000153,23,0.0,-0.6489851252293265
test_000153,24,0.0,-0.8479250806471693
test_000154,1,0.0,0.6177223936681444
test_000154,2,0.0,0.08710634120683781
test_000154,3,0.0,-0.4049964689747373
test_000154,4,0.0,-0.5070641404517755
test_000154,5,0.0,0.014701321868831026
test_000154,6,0.0,0.2082430973002969
test_000154,7,0.03903004123757257,0.31738724805532714
test_000154,8,0.16127222913181918,0.03669442702818152
test_000154,9,0.34325098612437704,-0.5689190667554503
test_000154,10,0.5502907929491765,-0.7203050434245448
test_000154,11,0.6916182044001571,-0.8194829466491569
test_000154,12,0.7589364471868786,0.11658640733876809
test_000154,13,0.7870603020751781,0.41867530690225235
test_000154,14,0.77958314616378,0.8601942920371952
test_000154,15,0.6702990299153107,0.7070220464842313
test_000154,16,0.5163029578998055,-0.5289775328213268
test_000154,17,0.2910186654063414,0.27087348843460896
test_000154,18,0.09377993290708081,-0.08358170015895938
test_000154,19,0.0,0.09425419433764544
test_000154,20,0.0,-0.03453702591849548
test_000154,21,0.0,-0.6605705090378707
test_000154,22,0.0,-0.9493984213325795
test_000154,23,0.0,-0.8305847813146471
test_000154,24,0.0,-0.7800522015832195
test_000155,1,0.0,-0.5328567867664844
test_000155,2,0.0,-0.36495575661209845
test_000155,3,0.0,-0.33551993541880204
test_000155,4,0.0,0.017859154325535826
test_000155,5,0.0,0.1623924147882706
test_000155,6,0.0,0.6635160510602385
test_000155,7,0.030769065665483195,-0.2806499095818142
test_000155,8,0.13098000594224557,-0.2757819592603658
test_000155,9,0.2358952777788421,-0.7888960652669161
test_000155,10,0.4294344478642534,-0.6565574322453143
test_000155,11,0.5878740708952362,-0.5257097323055144
test_000155,12,0.7187471598752005,-0.3943248680238331
test_000155,13,0.785060909662985,-0.5300571690498137
test_000155,14,0.6949346721012482,0.607729804188532
test_000155,15,0.6499325396293343,-0.07109346943961611
test_000155,16,0.49334630295651133,0.569339918125505
test_000155,17,0.30328573423703875,0.5602718952138739
test_000155,18,0.10042105830666255,0.48706336128782
test_000155,19,0.0,-0.03292945172572862
test_000155,20,0.0,-0.051481293990305474
test_000155,21,0.0,-0.5669016661968787
test_000155,22,0.0,0.13840708602398455
test_000155,23,0.0,0.1068057907597334
test_000155,24,0.0,0.12940242796440618
test_000156,1,0.0,-0.2869695061142232
test_000156,2,0.0,0.15522141343121523
test_000156,3,0.0,0.784337676820814
test_000156,4,0.0,0.3419193310079486
test_000156,5,0.0,0.8130406983807925
test_000156,6,0.0,0.7230888448031543
test_000156,7,0.038412995125644,0.1172020176728761
test_000156,8,0.16768848146190404,-0.5921162706505815
test_000156,9,0.35683976245201654,0.34348614659166643
test_000156,10,0.5958607406310723,0.5224810651902657
test_000156,11,0.7748855024032697,0.2887466330765182
test_000156,12,0.8456397971860948,-0.11611142155054106
test_000156,13,0.9131169885607854,0.13762805905657371
test_000156,14,0.8332422179371756,-0.829410176853099
test_000156,15,0.7070462424463234,-0.3614834672829832
test_000156,16,0.5402426278447844,-0.4633823123450297
test_000156,17,0.30750168436244707,-0.5589187292900613
test_000156,18,0.10683918548342926,-0.4998757398701721
test_000156,19,0.0,-0.45640555279895817
test_000156,20,0.0,-0.5917144354128695
test_000156,21,0.0,0.04167627768189797
test_000156,22,0.0,-0.22392475640751908
test_000156,23,0.0,0.7079138697691356
test_000156,24,0.0,0.13384101610830548
test_000157,1,0.0,-0.1646296763186394
test_000157,2,0.0,-0.4043006846874249
test_000157,3,0.0,0.2859784654689087
test_000157,4,0.0,0.8513993262360515
test_000157,5,0.0,0.6019072953217863
test_000157,6,0.0,0.6265797133554655
test_000157,7,0.04115911975138625,-0.6861994896532642
test_000157,8,0.17683140561533114,-0.04245941256773309
test_000157,9,0.36963706659450835,0.1521563376348381
test_000157,10,0.5950950770813853,-0.19015529581721838
test_000157,11,0.7847240436189166,-0.24872913491741627
test_000157,12,0.8683966953547552,-0.07260162126092272
test_000157,13,0.8892983603756368,0.6525283302523948
test_000157,14,0.8539215903699839,0.8064303809310599
test_000157,15,0.7370332152905005,0.5797246551039601
test_000157,16,0.5383755804208222,0.9154427492740546
test_000157,17,0.2886516961286299,0.9004245009842825
test_000157,18,0.10321150450762383,0.6967824185846656
test_000157,19,0.0,0.5821153607838176
test_000157,20,0.0,-0.02113901824767828
test_000157,21,0.0,0.44812205756871015
test_000157,22,0.0,-0.1026589229451161
test_000157,23,0.0,-0.40870292320735174
test_000157,24,0.0,-0.7451067037327304
test_000158,1,0.0,0.1669501141311688
test_000158,2,0.0,-0.32000414093077645
test_000158,3,0.0,-0.046601446057638635
test_000158,4,0.0,0.006960722501186661
test_000158,5,0.0,0.0499029156500995
test_000158,6,0.0,-0.042847277286536284
test_000158,7,0.04436263863656563,-0.4487238339391136
test_000158,8,0.17437428889751366,-0.5601340072706358
test_000158,9,0.3551537763028978,0.15611942497423942
test_000158,10,0.5686804837249856,0.4520350473873543
test_000158,11,0.7063330823951005,-0.11090125575864082
test_000158,12,0.8309149237001864,0.385933536974416
test_000158,13,0.8245384216083385,0.10085702743066963
test_000158,14,0.8245642391847186,0.26139739199991574
test_000158,15,0.657349507779486,-0.0020130803856914874
test_000158,16,0.4856928705667203,0.14219877932176897
test_000158,17,0.26059091605311424,0.14863470347475924
test_000158,18,0.08671109919214849,0.38372885249553834
test_000158,19,0.0,-0.6703041036487054
test_000158,20,0.0,0.278526447029255
test_000158,21,0.0,0.3763716072328581
test_000158,22,0.0,-0.40468731925648255
test_000158,23,0.0,0.19483270312952816
test_000158,24,0.0,-0.14298524319620184
test_000159,1,0.0,-0.4023764353570601
test_000159,2,0.0,0.6116226469068988
test_000159,3,0.0,-0.13105017234857144
test_000159,4,0.0,0.16108639541489128
test_000159,5,0.0,-0.013196353987649132
test_000159,6,0.0,-0.0340416979093302
test_000159,7,0.047147235327024556,0.2577764490352445
test_000159,8,0.1911462271525286,0.026855335324683576
test_000159,9,0.3638321412561474,0.05090077502854933
test_000159,10,0.5814515644896495,0.20476413351223868
test_000159,11,0.7477592571561118,-0.5824126953589226
test_000159,12,0.8105052481103273,-0.5209762383144565
test_000159,13,0.8541334831369598,0.5914372447569646
test_000159,14,0.8582164185753578,0.8413539956806546
test_000159,15,0.7434517494367896,0.6101051384083744
test_000159,16,0.555637107514253,0.8853210577332824
test_000159,17,0.3095505376692077,0.5366969039479541
test_000159,18,0.10730020464212281,0.4758273100957412
test_000159,19,0.0,0.040845497233332764
test_000159,20,0.0,0.09297047137341828
test_000159,21,0.0,-0.4416525471237042
test_000159,22,0.0,-0.15499170373083
test_000159,23,0.0,0.020040739656407725
test_000159,24,0.0,-0.1845415896412066
test_000160,1,0.0,-0.09986047835136078
test_000160,2,0.0,-0.6647493199787587
test_000160,3,0.0,-0.8363294572529335
test_000160,4,0.0,-0.5553193752176441
test_000160,5,0.0,-0.8842960302657343
test_000160,6,0.0,0.7499266267955468
test_000160,7,0.01656613476234143,-0.38639310798078114
test_000160,8,0.07031598461588491,0.02656947168241094
test_000160,9,0.1466786519246708,-0.00970791949686596
test_000160,10,0.26383922375068936,0.06060091471817878
test_000160,11,0.41697368487918224,-0.30485955354873334
test_000160,12,0.5097149384729759,0.2759293977993674
test_000160,13,0.5597041941462461,0.12179111835471816
test_000160,14,0.5330708377285068,0.27488340659454463
test_000160,15,0.5565028648373638,-0.04701879180959333
test_000160,16,0.3460637719061445,-0.7850023462370975
test_000160,17,0.22750302610354656,-0.3772000199316468
test_000160,18,0.07498345451168878,0.13583384277741997
test_000160,19,0.0,0.5978432563483891
test_000160,20,0.0,0.3200686078203269
test_000160,21,0.0,-0.022001846685182114
test_000160,22,0.0,-0.21753332535596734
test_000160,23,0.0,0.10693282157805617
test_000160,24,0.0,0.03463474799694423
test_000161,1,0.0,0.08280100814579958
test_000161,2,0.0,0.5169855500171149
test_000161,3,0.0,0.39904948943747187
test_000161,4,0.0,-0.5004672508751038
test_000161,5,0.0,-0.6415437282212029
test_000161,6,0.0,0.09648547298750068
test_000161,7,0.04044518063463236,0.40783891072384565
test_000161,8,0.16653993272186987,0.43563215683218653
test_000161,9,0.33669746934971184,0.1006899213985144
test_000161,10,0.5441783428468545,-0.11884714740835133
test_000161,11,0.6555584557563622,0.5387919452060126
test_000161,12,0.7549456991981633,0.4920935956780831
test_000161,13,0.7881082395128602,0.686669594825195
test_000161,14,0.7695503854522902,0.8265091597678084
test_000161,15,0.6626354751206905,0.43603593634659477
test_000161,16,0.5009837857583801,0.3016462072416939
test_000161,17,0.29894743456198725,-0.042699054725396625
test_000161,18,0.09463792601507957,0.06696475125657755
test_000161,19,0.0,0.47886628786360197
test_000161,20,0.0,0.2913595966379474
test_000161,21,0.0,0.578731204989704
test_000161,22,0.0,-0.5109810179083923
test_000161,23,0.0,-0.7185927610274803
test_000161,24,0.0,-0.8200031907703749
test_000162,1,0.0,0.0008742859123382407
test_000162,2,0.0,0.09841784474107657
test_000162,3,0.0,-0.2359083857312071
test_000162,4,0.0,-0.11375487149758189
test_000162,5,0.0,0.20319189746323182
test_000162,6,0.0,0.28360382782264393
test_000162,7,0.038719200510795554,0.8240734309251908
test_000162,8,0.15554928510672147,0.47945081522543087
test_000162,9,0.2978125795847399,0.5398524199232663
test_000162,10,0.5281872699956444,0.5106260896364891
test_000162,11,0.7286994802115608,0.32909626902496575
test_000162,12,0.8369882656583932,-0.08330033535848264
test_000162,13,0.8647568671238397,-0.41798698070739604
test_000162,14,0.812223306345489,-0.08879272137967258
test_000162,15,0.6528295478173067,0.5428237928413647
test_000162,16,0.49736097456389633,0.5972956945137837
test_000162,17,0.28960406116803405,0.7510758519801299
test_000162,18,0.10102078227059506,0.8699380414009281
test_000162,19,0.0,0.15676609576699754
test_000162,20,0.0,-0.19770641991896962
test_000162,21,0.0,-0.2986128490469278
test_000162,22,0.0,0.0907226206727464
test_000162,23,0.0,-0.17010695406786636
test_000162,24,0.0,0.6732477531953059
test_000163,1,0.0,0.1349134360457685
test_000163,2,0.0,-0.4638450942136766
test_000163,3,0.0,-0.6062406713809668
test_000163,4,0.0,-0.6050029759016966
test_000163,5,0.0,-0.6074618725857144
test_000163,6,0.0,-0.1573693972384875
test_000163,7,0.03109362257153155,-0.3571896133871615
test_000163,8,0.12757626313999235,-0.22623798858935154
test_000163,9,0.25693761788464553,0.3956262029177207
test_000163,10,0.4197021536509987,-0.7143953771960128
test_000163,11,0.5422448739774832,-0.4420032406891529
test_000163,12,0.6971533626071619,-0.5071423159855186
test_000163,13,0.7070222811414527,-0.29738154003464895
test_000163,14,0.675156928585778,0.10702803388119189
test_000163,15,0.5083376840228262,-0.10201624081412525
test_000163,16,0.3979798302656225,-0.3133089464457458
test_000163,17,0.2098477385150215,-0.6862556178077454
test_000163,18,0.056096703027706814,0.15861214076818111
test_000163,19,0.0,0.22566802352683957
test_000163,20,0.0,0.3857209853666214
test_000163,21,0.0,-0.0690927720496369
test_000163,22,0.0,-0.06037361489321077
test_000163,23,0.0,0.3022568244173964
test_000163,24,0.0,0.3070270603292064
test_000164,1,0.0,-0.31926918392455794
test_000164,2,0.0,-0.2572767134211202
test_000164,3,0.0,-0.8404882089460574
test_000164,4,0.0,-0.3789124917426935
test_000164,5,0.0,-0.44091811591833646
test_000164,6,0.0,-0.594936124384705
test_000164,7,0.04668488621346539,0.28656680588465355
test_000164,8,0.18643353620670244,-0.7348536794147797
test_000164,9,0.3672857572222945,-0.8996560473560157
test_000164,10,0.6003800731308576,-0.6927759446340037
test_000164,11,0.789003002641488,-0.3920910715197722
test_000164,12,0.885442456358845,-0.32588165802252206
test_000164,13,0.9279246393445847,-0.7279236742644722
test_000164,14,0.869043891885971,-0.4331814510638298
test_000164,15,0.7372366376193163,0.5314043381257705
test_000164,16,0.5385524477355598,0.26030240134881133
test_000164,17,0.30870446494114884,0.7366469882666125
test_000164,18,0.10689386475880248,0.5305282656272232
test_000164,19,0.0,0.9385029456774896
test_000164,20,0.0,0.7552662376242559
test_000164,21,0.0,0.3076530096848136
test_000164,22,0.0,0.3316158096444765
test_000164,23,0.0,-0.06928841348225434
test_000164,24,0.0,-0.6119471282055784
test_000165,1,0.0,-0.3396569574384752
test_000165,2,0.0,-0.234739556603318
test_000165,3,0.0,-0.3721999882344029
test_000165,4,0.0,-0.36262320697946304
test_000165,5,0.0,-0.4800988291500625
test_000165,6,0.0,-0.5479073774365464
test_000165,7,0.035983116457661,-0.4447567442279986
test_000165,8,0.1315635221521728,-0.8144516584803806
test_000165,9,0.26636195474281443,-0.6711785978875667
test_000165,10,0.43255947275581014,-0.2284597618921527
test_000165,11,0.5623078015320695,-0.6592088564114884
test_000165,12,0.7610264365680783,-0.304264402518486
test_000165,13,0.6799233576792767,0.3346284871270325
test_000165,14,0.5856619361856915,0.8431497453663572
test_000165,15,0.47240405620901005,0.5379017999801422
test_000165,16,0.35360240586070535,0.8561328083881699
test_000165,17,0.2114137855200754,-0.20520405015934956
test_000165,18,0.06877983236463883,-0.014185440781984712
test_000165,19,0.0,0.09223594482274412
test_000165,20,0.0,0.25104473768193275
test_000165,21,0.0,-0.7187762305743508
test_000165,22,0.0,0.2920777729003055
test_000165,23,0.0,-0.37971911406005826
test_000165,24,0.0,-0.3053986589972879
test_000166,1,0.0,-0.1149415717953764
test_000166,2,0.0,0.640963268829905
test_000166,3,0.0,0.7750533388791537
test_000166,4,0.0,0.6168493542167857
test_000166,5,0.0,-0.5057637611717203
test_000166,6,0.0,0.23715184389974456
test_000166,7,0.0475300575925889,-0.3525566945304912
test_000166,8,0.18992617323728578,-0.12448925697151901
test_000166,9,0.3754101889744644,-0.2413987658678895
test_000166,10,0.6211886070991924,-0.7959276393745559
test_000166,11,0.8194619535152534,-0.2885132099177254
test_000166,12,0.923616754279579,-0.3827632058820186
test_000166,13,0.9634595519530652,-0.02798577427242042
test_000166,14,0.8998283332352492,-0.0570574051337434
test_000166,15,0.7500590013349528,0.34809510911775476
test_000166,16,0.5475695120707263,0.9164414908700231
test_000166,17,0.31755173466925424,0.44673012027362846
test_000166,18,0.10852105751029317,0.6912468728835253
test_000166,19,0.0,0.6929159951191515
test_000166,20,0.0,0.8763342151680529
test_000166,21,0.0,0.2038745769363095
test_000166,22,0.0,-0.12409275018960182
test_000166,23,0.0,-0.8213477478767153
test_000166,24,0.0,-0.9129026039227053
test_000167,1,0.0,-0.39446062610184807
test_000167,2,0.0,-0.7237573088468146
test_000167,3,0.0,-0.0913294867407137
test_000167,4,0.0,-0.021958852131724205
test_000167,5,0.0,0.11863975778164139
test_000167,6,0.0,0.4193509715897759
test_000167,7,0.0379588374055984,0.3045321589233993
test_000167,8,0.16318442208504677,-0.42484596209578696
test_000167,9,0.3197895525645351,-0.20477087954344653
test_000167,10,0.5068621676286995,-0.0851422068657422
test_000167,11,0.7053141630764495,0.5214850529464647
test_000167,12,0.8196373692425972,0.6044978763723623
test_000167,13,0.8264822930885745,-0.2668011629711816
test_000167,14,0.7430346415976572,-0.2640161558258656
test_000167,15,0.6405995487189129,0.21861234514439606
test_000167,16,0.47982989118724595,-0.9014612861132479
test_000167,17,0.2824158206119658,-0.13951781634105617
test_000167,18,0.10019581566619043,0.6253294542265548
test_000167,19,0.0,-0.30926322562976705
test_000167,20,0.0,0.2063666046163543
test_000167,21,0.0,0.7201294567096781
test_000167,22,0.0,0.780155383420002
test_000167,23,0.0,0.7474867649351862
test_000167,24,0.0,0.9294525323469477
test_000168,1,0.0,-0.9234366132741236
test_000168,2,0.0,-0.9438156107796933
test_000168,3,0.0,-0.9647250771134841
test_000168,4,0.0,-0.9692374536268022
test_000168,5,0.0,-0.9595151197276267
test_000168,6,0.0,-0.9777464855243051
test_000168,7,0.043586034159497154,-0.9913570171609825
test_000168,8,0.17095724856631636,-0.9923919473051138
test_000168,9,0.332917576248233,-0.9884901378099005
test_000168,10,0.536171328782212,-0.846817614352071
test_000168,11,0.6661247431806243,-0.8956003461136273
test_000168,12,0.7580442947593662,-0.789345629893323
test_000168,13,0.8004591426056095,-0.5185793469434149
test_000168,14,0.7677758538406303,-0.31295080929962077
test_000168,15,0.6736959482314122,-0.37115203672286123
test_000168,16,0.48321970275223947,-0.6231457527145029
test_000168,17,0.2763313356812965,0.07227889041336008
test_000168,18,0.09821895218530462,-0.36250779455661186
test_000168,19,0.0,-0.2942498842108057
test_000168,20,0.0,-0.25750340450680953
test_000168,21,0.0,-0.6257876745559598
test_000168,22,0.0,-0.43112303850913064
test_000168,23,0.0,-0.5690839495178213
test_000168,24,0.0,-0.14878963457131417
test_000169,1,0.0,0.9029156965596042
test_000169,2,0.0,0.9729178844139335
test_000169,3,0.0,0.9893345528652273
test_000169,4,0.0,0.9874123440959925
test_000169,5,0.0,0.9582442980061603
test_000169,6,0.0,0.5654273756308937
test_000169,7,0.0360564824210365,0.009193673430804279
test_000169,8,0.1253109420841167,-0.39470454043561404
test_000169,9,0.2668360269434129,-0.6689827873276237
test_000169,10,0.37130038356070005,-0.41764967508704254
test_000169,11,0.5128170166927891,-0.7663029283061061
test_000169,12,0.5624661896218128,-0.8204615875374057
test_000169,13,0.5438017819868123,-0.5839660007498579
test_000169,14,0.58516305530168,-0.4915729053075226
test_000169,15,0.47756053243629415,0.01781412681943044
test_000169,16,0.3248398937948902,-0.392270633955797
test_000169,17,0.1786356983916606,-0.8877898642774957
test_000169,18,0.06437353909389198,-0.7793210257068661
test_000169,19,0.0,-0.8772221286749846
test_000169,20,0.0,-0.404381465161736
test_000169,21,0.0,-0.39850829419083206
test_000169,22,0.0,-0.4813559539835859
test_000169,23,0.0,-0.3288813219806449
test_000169,24,0.0,-0.06558409868248138
test_000170,1,0.0,0.7008583892882578
test_000170,2,0.0,0.23844994164876063
test_000170,3,0.0,-0.6871256021457379
test_000170,4,0.0,-0.6671871946993435
test_000170,5,0.0,-0.48747727888003967
test_000170,6,0.0,0.663597278270445
test_000170,7,0.03961072841937418,0.5788982314227797
test_000170,8,0.16211531720786712,-0.1555472977104738
test_000170,9,0.3060906656330511,-0.4481765235944288
test_000170,10,0.5486709469089096,-0.4264340547226113
test_000170,11,0.7407650143344201,-0.5641238207976107
test_000170,12,0.8364067065832734,0.21454020621543396
test_000170,13,0.8933667966862308,0.4807481090936383
test_000170,14,0.8405905732910879,0.4189066581271164
test_000170,15,0.6828488225398628,0.2149884575480629
test_000170,16,0.4967357325936976,-0.37833563985394864
test_000170,17,0.3073866592794278,0.5640140193763975
test_000170,18,0.09654406742800321,-0.0662566281651283
test_000170,19,0.0,-0.7873918404048997
test_000170,20,0.0,-0.6325860324878012
test_000170,21,0.0,-0.9082679611601954
test_000170,22,0.0,-0.9660301785653941
test_000170,23,0.0,-0.9502224865771168
test_000170,24,0.0,-0.8880858812644056
test_000171,1,0.0,-0.7152681542523391
test_000171,2,0.0,-0.48485350298547436
test_000171,3,0.0,-0.532187309485366
test_000171,4,0.0,-0.5695577078315948
test_000171,5,0.0,0.3164911108353498
test_000171,6,0.0,-0.2816162022439934
test_000171,7,0.02382095971182584,-0.43891870210595163
test_000171,8,0.09866692894040023,-0.5944472545629337
test_000171,9,0.17885732015132727,-0.20981002408298874
test_000171,10,0.2960000186847996,-0.17646212303475955
test_000171,11,0.30230844757816,0.6492893238303055
test_000171,12,0.2874489624845528,0.4601981892188261
test_000171,13,0.3536997945984399,0.6021472025789047
test_000171,14,0.3019735995193248,0.644028461358776
test_000171,15,0.2234247950810135,0.48813544092869465
test_000171,16,0.25254458817325526,-0.1619397408886116
test_000171,17,0.1702757266485243,0.3362336829275212
test_000171,18,0.06538020345659362,-0.22499100056194296
test_000171,19,0.0,0.36885581816344615
test_000171,20,0.0,-0.010811912253624729
test_000171,21,0.0,-0.07468553914392494
test_000171,22,0.0,0.5839972337680883
test_000171,23,0.0,0.9782001805523329
test_000171,24,0.0,0.9390491234837424
test_000172,1,0.0,0.5415253195055583
test_000172,2,0.0,0.5735243268100781
test_000172,3,0.0,0.653386149795134
test_000172,4,0.0,-0.0569144024200334
test_000172,5,0.0,0.04375981135572763
test_000172,6,0.0,0.1048759239649662
test_000172,7,0.04501654116659087,0.9522648587123632
test_000172,8,0.1818747385272162,0.9482377214039031
test_000172,9,0.35385324594869805,0.9268240121354967
test_000172,10,0.5919652076451567,0.6691691828583267
test_000172,11,0.7787803177217463,0.3420655895215641
test_000172,12,0.8742975218914811,0.678918973068083
test_000172,13,0.913226765219373,0.6813527905944272
test_000172,14,0.8227314546151632,0.7707448783994214
test_000172,15,0.6268136707284387,0.9223596576474371
test_000172,16,0.5167539565428594,-0.07187898208590066
test_000172,17,0.3090837580800068,0.12212516086421259
test_000172,18,0.10718147607583998,-0.3878286212619938
test_000172,19,0.0,-0.06387417451718645
test_000172,20,0.0,-0.5057014855665238
test_000172,21,0.0,-0.47048725448192097
test_000172,22,0.0,-0.28151957513329695
test_000172,23,0.0,-0.37781073572230445
test_000172,24,0.0,-0.7033055630039899
test_000173,1,0.0,0.7160020521132466
test_000173,2,0.0,0.26451901065507066
test_000173,3,0.0,0.49881739126584357
test_000173,4,0.0,-0.029341223983309683
test_000173,5,0.0,-0.2807159573309375
test_000173,6,0.0,-0.16576710780748125
test_000173,7,0.04245358115854351,0.5716661944657407
test_000173,8,0.16941569714168003,0.6440233277950551
test_000173,9,0.3402024570378764,0.6373756151212747
test_000173,10,0.5719731879726493,0.6510562629335764
test_000173,11,0.7650584649569734,0.3524618258852019
test_000173,12,0.8522375117825698,0.6548222318855699
test_000173,13,0.8731494135383363,0.6648329231031821
test_000173,14,0.8026818382343393,-0.13513646915683886
test_000173,15,0.6679654747350284,-0.22104948650119627
test_000173,16,0.512643130856579,0.3586552981506213
test_000173,17,0.30102767288280863,0.26556030759426125
test_000173,18,0.10380757227317831,0.6372051856515043
test_000173,19,0.0,-0.5619680666759308
test_000173,20,0.0,0.041335933761819946
test_000173,21,0.0,0.4462050886765822
test_000173,22,0.0,-0.32426781330581783
test_000173,23,0.0,-0.25436559273371095
test_000173,24,0.0,0.023455023544068473
test_000174,1,0.0,-0.05240180563185965
test_000174,2,0.0,0.4678409924046737
test_000174,3,0.0,0.6230644298157386
test_000174,4,0.0,0.708027114795963
test_000174,5,0.0,0.7892943940631343
test_000174,6,0.0,0.7818788687421239
test_000174,7,0.03793072405825359,0.6190858863283821
test_000174,8,0.15990974564846305,-0.31575936848342917
test_000174,9,0.30066098867561336,-0.6785955494432075
test_000174,10,0.4326611043627814,-0.38031998103153253
test_000174,11,0.5696407054833271,-0.5170982507073334
test_000174,12,0.7129662750166521,0.2505375094947115
test_000174,13,0.7272542175984361,0.364503122890942
test_000174,14,0.743455985394022,0.3376108714499693
test_000174,15,0.5991301363059204,0.039016211717447215
test_000174,16,0.4764414747315029,0.6589699564746476
test_000174,17,0.26271072148282343,0.5947674136279961
test_000174,18,0.08034483743568979,0.7019135688300131
test_000174,19,0.0,0.6096690519445653
test_000174,20,0.0,0.5961530863828871
test_000174,21,0.0,0.4979291933778821
test_000174,22,0.0,0.7397923267866062
test_000174,23,0.0,0.273985034865824
test_000174,24,0.0,-0.3191983093579094
test_000175,1,0.0,0.5076041039174796
test_000175,2,0.0,0.4996042808969142
test_000175,3,0.0,0.2584883295012808
test_000175,4,0.0,0.6027959495835694
test_000175,5,0.0,0.8100740154504774
test_000175,6,0.0,0.3580539446604124
test_000175,7,0.03905662306522853,-0.3777464329584631
test_000175,8,0.16190812109799796,0.18396785402771468
test_000175,9,0.33566390070909985,-0.4805671619778702
test_000175,10,0.573641556572567,-0.3536926281271847
test_000175,11,0.7783694040990672,-0.14771086046191464
test_000175,12,0.8725873852688953,-0.40055150061058253
test_000175,13,0.8832665608659207,-0.3606329607830604
test_000175,14,0.8454495007944428,-0.5717085083526012
test_000175,15,0.7041863482360509,0.33182898309113695
test_000175,16,0.5382095472411057,-0.22949868486589564
test_000175,17,0.31090757010778747,-0.16666364226226352
test_000175,18,0.10461711447020862,-0.535255806242027
test_000175,19,0.0,-0.04861191858776435
test_000175,20,0.0,0.047255606579159504
test_000175,21,0.0,-0.21745460453115298
test_000175,22,0.0,0.5381336012518707
test_000175,23,0.0,-0.04064780093703598
test_000175,24,0.0,-0.21008269992533285
test_000176,1,0.0,-0.4892641253168878
test_000176,2,0.0,-0.5543569997643266
test_000176,3,0.0,-0.3380474747701982
test_000176,4,0.0,0.416438693991073
test_000176,5,0.0,0.5592905913315986
test_000176,6,0.0,0.6344652096908574
test_000176,7,0.0438452361925121,0.765457204030494
test_000176,8,0.17929177598785032,0.6490025358466232
test_000176,9,0.32295331631253765,-0.0016946249563482166
test_000176,10,0.5294038661666921,-0.3563171556643755
test_000176,11,0.7456630329428677,-0.18272778503912068
test_000176,12,0.8412037435246499,-0.43818292522157787
test_000176,13,0.8613866725529813,-0.8404741153959399
test_000176,14,0.8199777721651402,-0.15016470009210195
test_000176,15,0.6954384657761026,-0.014021833941483307
test_000176,16,0.5184305000738585,-0.5059761717847779
test_000176,17,0.29929666248317155,-0.7852663425081376
test_000176,18,0.10347407158478042,-0.0034436015751628008
test_000176,19,0.0,-0.38663363592971234
test_000176,20,0.0,0.20145326045277748
test_000176,21,0.0,0.46473738917639107
test_000176,22,0.0,-0.47308504260200357
test_000176,23,0.0,-0.051536607406685656
test_000176,24,0.0,-0.7064138505490152
test_000177,1,0.0,0.3257458094790127
test_000177,2,0.0,0.854176583474003
test_000177,3,0.0,0.8717661343023995
test_000177,4,0.0,0.894674589072274
test_000177,5,0.0,0.7925969562171244
test_000177,6,0.0,0.6342879803656699
test_000177,7,0.04799216822175878,0.6069987967670633
test_000177,8,0.18549714265476502,0.7870085278633243
test_000177,9,0.3679719670057647,0.7010771330271938
test_000177,10,0.6168965347688903,-0.042097409171960296
test_000177,11,0.8220495497766236,-0.5437313925565632
test_000177,12,0.9042997913256057,0.20473320266895528
test_000177,13,0.9516758518754727,0.1795393822076431
test_000177,14,0.9043411362078412,-0.29324995749047555
test_000177,15,0.7666614286766826,0.14748186673985494
test_000177,16,0.5739545651397823,0.017279293476025595
test_000177,17,0.33110186430413097,-0.4098902472936263
test_000177,18,0.11113470117733097,-0.6640940078154813
test_000177,19,0.0,-0.6219056212044388
test_000177,20,0.0,0.02264807364466377
test_000177,21,0.0,-0.5676225660023388
test_000177,22,0.0,-0.29171385270629263
test_000177,23,0.0,-0.17829392058827204
test_000177,24,0.0,0.47743013370978027
test_000178,1,0.0,-0.614168523456559
test_000178,2,0.0,-0.5766715457873527
test_000178,3,0.0,-0.07574380532925248
test_000178,4,0.0,-0.2540249985830612
test_000178,5,0.0,-0.017298363829549936
test_000178,6,0.0,0.41359121223169637
test_000178,7,0.03120964414806368,0.5856103123566891
test_000178,8,0.1346842024451856,-0.19988854187329871
test_000178,9,0.27051453493128313,-0.03469080140624763
test_000178,10,0.4343689027585025,-0.18742986735285047
test_000178,11,0.49035105517084154,-0.4846358359294799
test_000178,12,0.5935891818993364,0.16619947296822998
test_000178,13,0.5348202366530856,0.518916267812985
test_000178,14,0.6245918251558399,0.24536832723427018
test_000178,15,0.5453809868862675,0.549074612333621
test_000178,16,0.4248323168058758,0.8495217895708209
test_000178,17,0.25595093591698975,-0.1364577381355617
test_000178,18,0.08140420444897233,0.15807755339408888
test_000178,19,0.0,0.5565615087589721
test_000178,20,0.0,0.06968596197984095
test_000178,21,0.0,-0.5705729496244785
test_000178,22,0.0,-0.6364645391126053
test_000178,23,0.0,-0.30252308186101384
test_000178,24,0.0,-0.8037840271896806
test_000179,1,0.0,0.9497047213625058
test_000179,2,0.0,0.3076822165243034
test_000179,3,0.0,-0.12774376481136412
test_000179,4,0.0,-0.6405169997359683
test_000179,5,0.0,-0.2928477565528559
test_000179,6,0.0,0.47269380345607903
test_000179,7,0.03363427589916755,0.7635795345193626
test_000179,8,0.12952661451097042,0.7167620425822598
test_000179,9,0.2788032641948152,0.3452493724896317
test_000179,10,0.4025245290383953,0.3273314813161146
test_000179,11,0.5276021394916893,0.6825116321941184
test_000179,12,0.5441693635995001,0.6946564588886879
test_000179,13,0.6296086110402688,0.7467399201352112
test_000179,14,0.5900965337817091,0.6837843628846612
test_000179,15,0.5303897984696618,0.5981024878835888
test_000179,16,0.39842802509484115,-0.7002917073122576
test_000179,17,0.22951945511900454,-0.8978055085892079
test_000179,18,0.06313952778855218,-0.7499040150807281
test_000179,19,0.0,-0.15221423351117203
test_000179,20,0.0,-0.7697611955045679
test_000179,21,0.0,-0.8048921066622376
test_000179,22,0.0,-0.9758070883319322
test_000179,23,0.0,-0.31304086801460074
test_000179,24,0.0,-0.21640352311288164
test_000180,1,0.0,0.3021123323900092
test_000180,2,0.0,0.3910081213466727
test_000180,3,0.0,0.1244113838187195
test_000180,4,0.0,-0.2090652993905317
test_000180,5,0.0,-0.30687945985043774
test_000180,6,0.0,-0.7495012589720997
test_000180,7,0.04895799424399057,-0.20777759847001256
test_000180,8,0.19514186176341142,-0.4405054440155858
test_000180,9,0.39432596044050783,0.23121175865475654
test_000180,10,0.6368323367269285,0.4474067776337799
test_000180,11,0.8250253758154535,0.4598755375041788
test_000180,12,0.9330078413315581,0.5462676238273306
test_000180,13,0.9613038154821782,0.39208944560239006
test_000180,14,0.9105598373651819,0.02045347506164306
test_000180,15,0.7741582185768963,0.10129052882525379
test_000180,16,0.5736196602773401,-0.34571642729796076
test_000180,17,0.3292710236582141,0.3787974250992912
test_000180,18,0.11187684207837507,-0.09186848194499617
test_000180,19,0.0,0.35175802180702287
test_000180,20,0.0,0.6389807543929906
test_000180,21,0.0,0.10817569344202345
test_000180,22,0.0,0.2739741775140524
test_000180,23,0.0,-0.7308682622757978
test_000180,24,0.0,-0.5358837619270316
test_000181,1,0.0,0.4799390933974764
test_000181,2,0.0,-0.025837567543781952
test_000181,3,0.0,-0.6748364866079735
test_000181,4,0.0,-0.48361538375107693
test_000181,5,0.0,-0.4917140346327563
test_000181,6,0.0,-0.2975185364319442
test_000181,7,0.04548921970504582,-0.1039771648624038
test_000181,8,0.18073617934375918,0.2073182043708406
test_000181,9,0.3696661682180943,-0.07482871626657382
test_000181,10,0.6053913641324339,-0.311062066411758
test_000181,11,0.8069178187998081,-0.2803931833155248
test_000181,12,0.9063217908564394,0.47584702830230485
test_000181,13,0.9561579072025914,0.3790233000250596
test_000181,14,0.9050420795630643,0.19089443342535511
test_000181,15,0.7581066036310862,0.34659509718954673
test_000181,16,0.5658160046720923,-0.2835999970913454
test_000181,17,0.33109586813069336,-0.8795728141747786
test_000181,18,0.11314368215030703,-0.4197135502028204
test_000181,19,0.0,0.2722986466959006
test_000181,20,0.0,-0.7796375120182383
test_000181,21,0.0,-0.036401300589960404
test_000181,22,0.0,0.13139400228752515
test_000181,23,0.0,-0.30962655198788047
test_000181,24,0.0,0.1728715926652199
test_000182,1,0.0,-0.2855264745151742
test_000182,2,0.0,-0.15841796213317288
test_000182,3,0.0,0.19279212271777085
test_000182,4,0.0,0.013545127358418112
test_000182,5,0.0,0.48625404654810966
test_000182,6,0.0,-0.349556629740242
test_000182,7,0.03624651978619491,-0.15143264713437307
test_000182,8,0.13862312585839012,0.07766495072948831
test_000182,9,0.2917684710970096,0.7424225544917133
test_000182,10,0.4411136160760479,0.04309833824732047
test_000182,11,0.5590185788217742,-0.08942468684902412
test_000182,12,0.7315085720970133,0.5797321603544572
test_000182,13,0.8148602473245569,0.5502771025185762
test_000182,14,0.6963810575167539,-0.29416704438960517
test_000182,15,0.6211484873429043,0.7161790221058602
test_000182,16,0.48610362750848946,0.18092210041370244
test_000182,17,0.2773129421678577,-0.2591708797707686
test_000182,18,0.09140067170245963,0.22325933398897574
test_000182,19,0.0,0.8931513515112502
test_000182,20,0.0,0.5457904700877583
test_000182,21,0.0,0.0191516757158516
test_000182,22,0.0,0.414870137001517
test_000182,23,0.0,0.47770814693302965
test_000182,24,0.0,-0.2296996350887842
test_000183,1,0.0,0.5723928650423848
test_000183,2,0.0,-0.2634491747574596
test_000183,3,0.0,0.8441845001903102
test_000183,4,0.0,0.557990724009312
test_000183,5,0.0,0.6868684942171341
test_000183,6,0.0,0.4578024512115723
test_000183,7,0.04252000271031087,0.4868294161360025
test_000183,8,0.16572238645500748,0.6418159287062901
test_000183,9,0.32086741280266184,0.9127781093847186
test_000183,10,0.5756321204819044,0.33782478078843
test_000183,11,0.7445061048140751,0.8956202483895904
test_000183,12,0.7750876096463644,-0.03236099194901138
test_000183,13,0.7881629376498115,-0.6789714831776587
test_000183,14,0.760998977412224,-0.936339783052488
test_000183,15,0.5936234041163633,-0.770554969691507
test_000183,16,0.48854005904853326,-0.6396896271818258
test_000183,17,0.28659563741424954,-0.5882832814956096
test_000183,18,0.09196129999655651,-0.4089600498951604
test_000183,19,0.0,0.3725599307336769
test_000183,20,0.0,0.21529067352114076
test_000183,21,0.0,0.5253298150050092
test_000183,22,0.0,-0.7077418374950406
test_000183,23,0.0,0.25621570531871446
test_000183,24,0.0,0.045731795534450344
test_000184,1,0.0,-0.014192795756643777
test_000184,2,0.0,0.4246114457132223
test_000184,3,0.0,0.8497445562459305
test_000184,4,0.0,0.9618482082529615
test_000184,5,0.0,0.7092365411362405
test_000184,6,0.0,-0.23178871465736675
test_000184,7,0.040701403146224405,0.2798905268183535
test_000184,8,0.1803844186903667,0.18464361566576026
test_000184,9,0.3558490140233764,-0.3152364966234576
test_000184,10,0.6022314464122863,-0.10427104206655605
test_000184,11,0.7887398525283287,-0.8987062921153296
test_000184,12,0.888607629217753,-0.5854890715680441
test_000184,13,0.9275504558562917,-0.6396191165235343
test_000184,14,0.8683359124342253,0.08010578667469188
test_000184,15,0.7422594887997626,0.5797623729060892
test_000184,16,0.5581295685621637,0.7412913966305971
test_000184,17,0.33392313825017084,0.568952209228127
test_000184,18,0.1145160871288197,0.26360607321211965
test_000184,19,0.0,0.03440952802241527
test_000184,20,0.0,-0.21021528602811923
test_000184,21,0.0,-0.46344845133410606
test_000184,22,0.0,-0.07306818061933851
test_000184,23,0.0,-0.23144946380843884
test_000184,24,0.0,-0.4328803199257073
test_000185,1,0.0,-0.24108558901381547
test_000185,2,0.0,-0.3370494135956563
test_000185,3,0.0,-0.7755637845820543
test_000185,4,0.0,-0.5347001343170282
test_000185,5,0.0,-0.8265057869776653
test_000185,6,0.0,-0.8652269211307482
test_000185,7,0.03999798723454383,-0.7921655149321364
test_000185,8,0.16536399462116652,-0.49413059699285267
test_000185,9,0.3253012918162358,-0.012209404157083171
test_000185,10,0.5077050756279501,-0.32293098815143495
test_000185,11,0.6366672377278282,0.08454863259798893
test_000185,12,0.6823713998461736,-0.008459272998509071
test_000185,13,0.6480539807646192,-0.4358170089728329
test_000185,14,0.6761384535573759,-0.80361024920013
test_000185,15,0.5640267663951029,0.10140025932418789
test_000185,16,0.4139527273834351,0.08292867375644425
test_000185,17,0.24509687579997486,0.782772335931171
test_000185,18,0.08549494919682797,0.3847103226784059
test_000185,19,0.0,0.1515281838309809
test_000185,20,0.0,-0.19555172779491378
test_000185,21,0.0,-0.7888951952721711
test_000185,22,0.0,-0.3707720060302973
test_000185,23,0.0,0.323697500717519
test_000185,24,0.0,0.4028002804584992
test_000186,1,0.0,0.7033548827705529
test_000186,2,0.0,0.8986856549517785
test_000186,3,0.0,0.7886511415730473
test_000186,4,0.0,0.9046562215980938
test_000186,5,0.0,0.870428929919539
test_000186,6,0.0,0.6804882411641967
test_000186,7,0.042070916205542895,0.18466916309053613
test_000186,8,0.16065608188878927,0.30524786739139764
test_000186,9,0.30596668440260444,0.004357279921217474
test_000186,10,0.47206776949045726,0.34828040585532394
test_000186,11,0.5508350287205398,0.023142264482023774
test_000186,12,0.5525080891878638,0.194897846538606
test_000186,13,0.49301314091527343,-0.05296290252098703
test_000186,14,0.555260947450481,-0.539111879043971
test_000186,15,0.5058145646576063,0.4477590061577841
test_000186,16,0.42034066767411404,0.6832328477538567
test_000186,17,0.24211571460632025,0.5402634613128824
test_000186,18,0.08030461737059845,-0.17750687522372194
test_000186,19,0.0,0.07664775997098822
test_000186,20,0.0,-0.18908438299494837
test_000186,21,0.0,-0.2838615595159958
test_000186,22,0.0,-0.23618619772868635
test_000186,23,0.0,-0.5417562970497038
test_000186,24,0.0,0.2806370797909429
test_000187,1,0.0,0.8892266754678445
test_000187,2,0.0,0.9170404143248323
test_000187,3,0.0,0.5582608379496219
test_000187,4,0.0,0.9087479946655052
test_000187,5,0.0,0.8293526557835547
test_000187,6,0.0,0.7362136826413517
test_000187,7,0.03969049327241188,0.8590028764132571
test_000187,8,0.15882312318811004,0.9603686499216295
test_000187,9,0.276355087939515,0.9433650770221227
test_000187,10,0.4947582489815409,0.5126118136441893
test_000187,11,0.6475758954036891,0.4497149547471433
test_000187,12,0.6696703715986034,0.6328048987953285
test_000187,13,0.6342252304546252,0.8921653845861606
test_000187,14,0.7093762412973253,0.5042030462518421
test_000187,15,0.5736224626518804,-0.21476418015313176
test_000187,16,0.4342001885839409,0.43288665930626324
test_000187,17,0.263227271725717,-0.16733081542741976
test_000187,18,0.08797977595815593,0.4998818717278126
test_000187,19,0.0,0.2863951436398437
test_000187,20,0.0,0.16015510446498965
test_000187,21,0.0,-0.34836000060225947
test_000187,22,0.0,-0.7426448625579097
test_000187,23,0.0,-0.8603483306264668
test_000187,24,0.0,-0.7803521594265713
test_000188,1,0.0,-0.7880934002378717
test_000188,2,0.0,-0.5018775823282751
test_000188,3,0.0,-0.361669257115758
test_000188,4,0.0,-0.22996147916208565
test_000188,5,0.0,-0.10882354309296256
test_000188,6,0.0,0.045938229977631896
test_000188,7,0.027124711359442638,0.6588205626697944
test_000188,8,0.09726510580847494,0.47547010214738306
test_000188,9,0.20842444149608175,0.8440093526825814
test_000188,10,0.27248817262290764,0.6653807086189769
test_000188,11,0.4130372467602347,0.4405421454140907
test_000188,12,0.42449852696578966,-0.19818352206804088
test_000188,13,0.37115402326380115,-0.21463985301945324
test_000188,14,0.3979460068036111,0.20526468261055297
test_000188,15,0.3921051246995882,0.3996406998401025
test_000188,16,0.3519788835923406,-0.24285126413922822
test_000188,17,0.17434543138343525,0.23531375197833287
test_000188,18,0.06312930853872158,0.28065541118138404
test_000188,19,0.0,0.4308269008428563
test_000188,20,0.0,0.008901001331148701
test_000188,21,0.0,-0.4701968713511725
test_000188,22,0.0,-0.16601530180768298
test_000188,23,0.0,-0.7840556211802753
test_000188,24,0.0,-0.8352903007561769
test_000189,1,0.0,-0.2432417635287109
test_000189,2,0.0,-0.38366565320062396
test_000189,3,0.0,0.009226906435093305
test_000189,4,0.0,-0.5481470013669281
test_000189,5,0.0,0.47729907400936356
test_000189,6,0.0,0.6657401402892984
test_000189,7,0.030512233420202112,0.589313116603284
test_000189,8,0.11211957671214823,-0.2822436904014336
test_000189,9,0.2603588916009843,0.29701074975179453
test_000189,10,0.4297422709985204,-0.2333281388755841
test_000189,11,0.5090318513306423,-0.24360360364330555
test_000189,12,0.5677842059163067,-0.5342156127169629
test_000189,13,0.6463253701899314,0.4288093407409826
test_000189,14,0.7366671535060102,0.7630069119654128
test_000189,15,0.5914848697319418,0.5642139530397081
test_000189,16,0.4925550074455817,0.5777141456402755
test_000189,17,0.2845457235526668,-0.6778360999592112
test_000189,18,0.10038257149815237,0.2253659147477087
test_000189,19,0.0,0.5467707784946046
test_000189,20,0.0,0.1640574191697616
test_000189,21,0.0,0.36819786862234
test_000189,22,0.0,-0.030336327849430116
test_000189,23,0.0,-0.040117843233425744
test_000189,24,0.0,0.569984881292307
test_000190,1,0.0,-0.17445646941000661
test_000190,2,0.0,-0.7760237845167949
test_000190,3,0.0,-0.7639849323139325
test_000190,4,0.0,-0.5077913792144764
test_000190,5,0.0,-0.7180661463641101
test_000190,6,0.0,-0.6407484147231759
test_000190,7,0.04370961253216313,-0.7943626366856791
test_000190,8,0.17206053313979475,-0.430596538496397
test_000190,9,0.3323557907419002,-0.4316802803293676
test_000190,10,0.5153536246633429,-0.688435133986497
test_000190,11,0.6903635529009896,-0.37697550791078954
test_000190,12,0.7667151933698609,0.12933158174518156
test_000190,13,0.7945869879589227,0.09697205742418828
test_000190,14,0.7599419329813892,0.8983287740859627
test_000190,15,0.643242686469987,0.9408782266651793
test_000190,16,0.5030125413911727,0.81826910368087
test_000190,17,0.29567245572215023,0.3157235099531366
test_000190,18,0.10493335905006844,0.29334335259086647
test_000190,19,0.0,0.5360797853919839
test_000190,20,0.0,0.5628828132807097
test_000190,21,0.0,0.023018120520067083
test_000190,22,0.0,-0.2626760330481737
test_000190,23,0.0,-0.25643275917998304
test_000190,24,0.0,-0.36243010278437315
test_000191,1,0.0,0.4544135625376864
test_000191,2,0.0,0.8595083301381334
test_000191,3,0.0,0.3573515631423476
test_000191,4,0.0,0.1385774044781408
test_000191,5,0.0,0.009399731685069242
test_000191,6,0.0,-0.4631235448174962
test_000191,7,0.03602408789989926,0.799267664583367
test_000191,8,0.14360451274423344,0.3576974210185651
test_000191,9,0.2888984704103179,0.09586427213542145
test_000191,10,0.471368033364848,0.08157092233191263
test_000191,11,0.6527512559432954,-0.7292695132854128
test_000191,12,0.6936332495613423,-0.41137449047794056
test_000191,13,0.7925711170229401,-0.5953745457803384
test_000191,14,0.7879255785251473,-0.8235286361704914
test_000191,15,0.6816201176268941,-0.4833679902952591
test_000191,16,0.4808774921987257,0.5195646939966757
test_000191,17,0.28284414633377497,0.9387857654200924
test_000191,18,0.08950112638240929,0.9329940648420263
test_000191,19,0.0,0.9427664378190619
test_000191,20,0.0,0.7115804463159805
test_000191,21,0.0,-0.12012698779861837
test_000191,22,0.0,0.15387334235816544
test_000191,23,0.0,-0.419007243988335
test_000191,24,0.0,0.4690640115837661
test_000192,1,0.0,0.505285190026058
test_000192,2,0.0,0.3037252581508024
test_000192,3,0.0,-0.12899630710587598
test_000192,4,0.0,0.5292103849103043
test_000192,5,0.0,0.530567441150866
test_000192,6,0.0,-0.574999591598897
test_000192,7,0.02156513976233669,-0.6679163218160011
test_000192,8,0.0965041255346431,-0.4111307210444504
test_000192,9,0.17047625780683906,0.3781745805567906
test_000192,10,0.29874439306718703,-0.3802318734596012
test_000192,11,0.4893797134581131,0.12303681693888509
test_000192,12,0.5715164033411457,0.28678176830659197
test_000192,13,0.6508365350791804,0.16511939757844796
test_000192,14,0.553088897184732,0.5536051740384292
test_000192,15,0.4855746622903319,-0.5925942997893578
test_000192,16,0.4072125738044012,0.1372830601789468
test_000192,17,0.24503986638375833,-0.2322808732393593
test_000192,18,0.08988884700736263,0.025120681999302605
test_000192,19,0.0,-0.0017211010432997215
test_000192,20,0.0,0.22066724593756
test_000192,21,0.0,0.4673800451946145
test_000192,22,0.0,0.8641205609176577
test_000192,23,0.0,0.9028558480539906
test_000192,24,0.0,0.5836791308075302
test_000193,1,0.0,0.9593566316448694
test_000193,2,0.0,0.9044614449127636
test_000193,3,0.0,0.7790187782129087
test_000193,4,0.0,0.6175981674306438
test_000193,5,0.0,0.9364848670006493
test_000193,6,0.0,0.8432664932010355
test_000193,7,0.041718367825579104,0.03625478605174289
test_000193,8,0.14795753994849317,-0.08084349951189945
test_000193,9,0.2800860375719575,-0.5103421585805317
test_000193,10,0.47263489754441534,-0.40272634678604885
test_000193,11,0.668075217462833,-0.44342470781607235
test_000193,12,0.7384536997195477,-0.4117581181659225
test_000193,13,0.7581578640963743,-0.5831611727218857
test_000193,14,0.6764135259565499,-0.1485865745230213
test_000193,15,0.5305799929428969,0.33589666409237107
test_000193,16,0.38206719718123666,0.08213405818436663
test_000193,17,0.24409539883831585,0.10075084477720535
test_000193,18,0.09341283710349076,0.2046990592012671
test_000193,19,0.0,-0.3814291833450614
test_000193,20,0.0,-0.23375713498011574
test_000193,21,0.0,-0.22911182169830155
test_000193,22,0.0,-0.07161062323443615
test_000193,23,0.0,-0.041589950056798566
test_000193,24,0.0,0.7794840512196745
test_000194,1,0.0,-0.22488482139643648
test_000194,2,0.0,0.7869769232659484
test_000194,3,0.0,0.7667442696548377
test_000194,4,0.0,0.5329243979449625
test_000194,5,0.0,0.5356791725972447
test_000194,6,0.0,-0.18763241481643805
test_000194,7,0.041482128357082246,-0.5773560362518311
test_000194,8,0.16505465101432598,-0.6726077834900921
test_000194,9,0.3454892483617018,-0.6373737756946358
test_000194,10,0.5642040979957385,0.17337952827795283
test_000194,11,0.7611900246185671,0.9131281857446283
test_000194,12,0.849096168317946,0.7822225151824271
test_000194,13,0.8829641885583702,0.8160194219114656
test_000194,14,0.8427375667217905,0.8085145428359912
test_000194,15,0.7055716138251059,0.8310758182738966
test_000194,16,0.5397568685945765,0.25494029017942066
test_000194,17,0.3106839898633125,-0.3368939037508934
test_000194,18,0.1069774018362874,-0.7762695738620067
test_000194,19,0.0,-0.737681950590233
test_000194,20,0.0,-0.8888385708033533
test_000194,21,0.0,-0.30031616792519433
test_000194,22,0.0,0.4012677164646534
test_000194,23,0.0,0.07967099854026895
test_000194,24,0.0,0.2682694545149725
test_000195,1,0.0,-0.0913694173924131
test_000195,2,0.0,0.35512062193708693
test_000195,3,0.0,0.5228344411987869
test_000195,4,0.0,0.7963675709173063
test_000195,5,0.0,0.5423416055513165
test_000195,6,0.0,0.5042052667862922
test_000195,7,0.036148309818040424,-0.11197532044019139
test_000195,8,0.14005771199330727,0.43453622561049815
test_000195,9,0.23887884446923047,-0.43775791457451985
test_000195,10,0.3325646372225868,-0.2178015169224566
test_000195,11,0.2989795963798169,-0.2216433916766422
test_000195,12,0.43496495892292214,0.07268762323587699
test_000195,13,0.36331378910740714,-0.12943072263033256
test_000195,14,0.35355342199323136,0.17770098909189658
test_000195,15,0.2825959101834204,-0.10559618118230828
test_000195,16,0.2221273883474282,-0.3111141896051672
test_000195,17,0.09151565202807116,0.34984535965897434
test_000195,18,0.042206450870817994,0.6781648582851173
test_000195,19,0.0,0.500842927493082
test_000195,20,0.0,0.39906596420182106
test_000195,21,0.0,0.47486024732839105
test_000195,22,0.0,0.688648644473826
test_000195,23,0.0,0.7694140789878255
test_000195,24,0.0,0.8649163552715115
test_000196,1,0.0,0.6425947274853139
test_000196,2,0.0,0.9053394111396356
test_000196,3,0.0,0.20820769062845612
test_000196,4,0.0,-0.34315117722184385
test_000196,5,0.0,-0.6298954614922718
test_000196,6,0.0,-0.04574142407383391
test_000196,7,0.03359260701253676,-0.10325661286744872
test_000196,8,0.13083103945964422,0.2999455930409566
test_000196,9,0.2868856954841569,0.29743840250822945
test_000196,10,0.45750623462443185,0.4051381941971431
test_000196,11,0.5689688729049768,-0.0571374798242213
test_000196,12,0.5598027493331912,0.4625939777117505
test_000196,13,0.5751146977439351,0.5847341019161684
test_000196,14,0.5983094351677428,0.2641255295688723
test_000196,15,0.500740108401336,-0.5432784685040997
test_000196,16,0.3903027074159056,0.3706793777575658
test_000196,17,0.2378381410309645,0.10761833779323916
test_000196,18,0.07994689094745981,0.5201504763289498
test_000196,19,0.0,0.020949843092065597
test_000196,20,0.0,-0.1834798046628701
test_000196,21,0.0,-0.2601528202013635
test_000196,22,0.0,0.5578865498253717
test_000196,23,0.0,0.8320995699148532
test_000196,24,0.0,-0.07825485067838345
test_000197,1,0.0,-0.4428224230252425
test_000197,2,0.0,-0.6626664233080549
test_000197,3,0.0,-0.6167669449048998
test_000197,4,0.0,-0.564924935038422
test_000197,5,0.0,-0.41681153280430494
test_000197,6,0.0,0.47344654151857
test_000197,7,0.0365508536339669,0.40756334077420914
test_000197,8,0.1476291808828987,0.17374208017529943
test_000197,9,0.2757621939380015,0.11574500785984415
test_000197,10,0.42525742495484364,-0.031775168039424484
test_000197,11,0.6020377685931572,0.3702778112708365
test_000197,12,0.7191444439181779,-0.16238431797512712
test_000197,13,0.7548055252645497,0.4188172757990496
test_000197,14,0.7667544608722212,0.0637267590933976
test_000197,15,0.6031484267476445,0.07477524376345397
test_000197,16,0.4370822841365154,0.17133652646318637
test_000197,17,0.25560379526352295,0.25770409036002806
test_000197,18,0.08781237723788834,-0.8093882785284403
test_000197,19,0.0,-0.8422921924677222
test_000197,20,0.0,-0.9028694500954277
test_000197,21,0.0,-0.8109791248780386
test_000197,22,0.0,-0.7034017225814925
test_000197,23,0.0,0.2535066524277956
test_000197,24,0.0,0.19820102906918247
test_000198,1,0.0,-0.6620332320554144
test_000198,2,0.0,0.43464095799786634
test_000198,3,0.0,0.7545308138463962
test_000198,4,0.0,0.31202315746085785
test_000198,5,0.0,0.3566066050939474
test_000198,6,0.0,-0.2769620026925482
test_000198,7,0.03994819211873012,0.48134957549130375
test_000198,8,0.15392601532115247,-0.7116519476894863
test_000198,9,0.30371957591406423,-0.6736543135336814
test_000198,10,0.4738943983368381,-0.3291781459905965
test_000198,11,0.6916558554342527,-0.7114244946764494
test_000198,12,0.7647674326400586,-0.507279195570959
test_000198,13,0.7453259993537574,-0.47361731717375444
test_000198,14,0.6776304087313618,-0.5368431982015411
test_000198,15,0.6143389338008224,-0.5887578383178984
test_000198,16,0.4911519641556568,-0.8100418440658541
test_000198,17,0.29090527403610345,-0.30371096036059275
test_000198,18,0.10051918958094802,-0.23366022331580333
test_000198,19,0.0,-0.7806219055240449
test_000198,20,0.0,-0.46937949728738826
test_000198,21,0.0,0.21277525539361214
test_000198,22,0.0,0.3155860626101592
test_000198,23,0.0,0.019940907169111784
test_000198,24,0.0,-0.2952610436719358
test_000199,1,0.0,0.2909922969250362
test_000199,2,0.0,-0.24756196072795386
test_000199,3,0.0,-0.432040002645864
test_000199,4,0.0,-0.6765083487664667
test_000199,5,0.0,-0.2104434380229972
test_000199,6,0.0,-0.6601347450066658
test_000199,7,0.02444953012142394,-0.8242184938943757
test_000199,8,0.0979326088570687,-0.6450958825262849
test_000199,9,0.20931844688882273,-0.26550816838267594
test_000199,10,0.3914283859228464,0.1941302182431537
test_000199,11,0.5117291853136141,-0.7406586423332182
test_000199,12,0.5666414975726397,-0.8933988122288729
test_000199,13,0.6363568082215872,-0.5647422617036354
test_000199,14,0.6438130156083879,0.03592227984002592
test_000199,15,0.532219196216225,-0.7509817351227609
test_000199,16,0.36983130041894713,-0.8694250963149407
test_000199,17,0.22514536847196936,-0.5180717230503099
test_000199,18,0.0799178395205703,-0.13029775318551182
test_000199,19,0.0,0.1069839439692894
test_000199,20,0.0,0.6381083816517574
test_000199,21,0.0,0.6211505425378454
test_000199,22,0.0,-0.2622144007278691
test_000199,23,0.0,-0.35304232881527264
test_000199,24,0.0,-0.26605150750994416
test_000200,1,0.0,0.25064185831909425
test_000200,2,0.0,0.5888046107957896
test_000200,3,0.0,0.9141604794069748
test_000200,4,0.0,0.8797401133311231
test_000200,5,0.0,0.9218212770054683
test_000200,6,0.0,0.7109292832668265
test_000200,7,0.031217771655456153,-0.4873142640111735
test_000200,8,0.12599285122287657,0.1754629939683215
test_000200,9,0.2749289230857606,-0.7335887572319967
test_000200,10,0.39494349135058465,-0.42596028559087434
test_000200,11,0.5534638981553135,-0.7250769415551545
test_000200,12,0.651965303379716,-0.3386811281044621
test_000200,13,0.53994508974164,-0.1729473143905476
test_000200,14,0.5621487729578546,-0.48192149031891385
test_000200,15,0.4890024024080418,-0.42585889828777196
test_000200,16,0.38381864980904995,-0.34591645365001467
test_000200,17,0.23739942249928042,0.5524133578798596
test_000200,18,0.07876030897955401,-0.1449391332429187
test_000200,19,0.0,0.26890403355129333
test_000200,20,0.0,-0.18710004580081463
test_000200,21,0.0,0.05962566447128029
test_000200,22,0.0,0.1596222371919411
test_000200,23,0.0,-0.14197763223461118
test_000200,24,0.0,0.4546235926786392
