equation,scope,entity,t,residual,unit,tolerance,pass
R9-P2-pu,input,1,0,0.0,pu,1.0e-12,true
R9-P2-transformer,input,1,0,1.734723475976807e-18,1,1.0e-12,true
R9-P2-pu,input,2,0,0.0,pu,1.0e-12,true
R9-P2-transformer,input,2,0,0.0,1,1.0e-12,true
R9-P2-pu,input,3,0,0.0,pu,1.0e-12,true
R9-P2-transformer,input,3,0,0.0,1,1.0e-12,true
R9-P2-pu,input,4,0,0.0,pu,1.0e-12,true
R9-P2-transformer,input,4,0,0.0,1,1.0e-12,true
R9-P2-pu,input,5,0,0.0,pu,1.0e-12,true
R9-P2-transformer,input,5,0,0.0,1,1.0e-12,true
R9-P2-pu,input,6,0,0.0,pu,1.0e-12,true
R9-P2-transformer,input,6,0,0.0,1,1.0e-12,true
R9-P2-pu,input,7,0,0.0,pu,1.0e-12,true
R9-P2-transformer,input,7,0,0.0,1,1.0e-12,true
R9-P2-pu,input,8,0,0.0,pu,1.0e-12,true
R9-P2-transformer,input,8,0,0.0,1,1.0e-12,true
R9-P2-pu,input,9,0,0.0,pu,1.0e-12,true
R9-P2-transformer,input,9,0,0.0,1,1.0e-12,true
R9-P2-pu,input,10,0,0.0,pu,1.0e-12,true
R9-P2-transformer,input,10,0,0.0,1,1.0e-12,true
R9-P2-pu,input,11,0,0.0,pu,1.0e-12,true
R9-P2-transformer,input,11,0,0.0,1,1.0e-12,true
R9-P2-pu,input,12,0,0.0,pu,1.0e-12,true
R9-P2-transformer,input,12,0,0.0,1,1.0e-12,true
R9-P2-pu,input,13,0,0.0,pu,1.0e-12,true
R9-P2-transformer,input,13,0,0.0,1,1.0e-12,true
R9-P2-pu,input,14,0,0.0,pu,1.0e-12,true
R9-P2-transformer,input,14,0,0.0,1,1.0e-12,true
R9-P2-pu,input,15,0,1.734723475976807e-18,pu,1.0e-12,true
R9-P2-transformer,input,15,0,0.0,1,1.0e-12,true
R9-P2-pu,input,16,0,0.0,pu,1.0e-12,true
R9-P2-transformer,input,16,0,0.0,1,1.0e-12,true
R9-P2-pu,input,17,0,0.0,pu,1.0e-12,true
R9-P2-transformer,input,17,0,0.0,1,1.0e-12,true
R9-P2-pu,input,18,0,0.0,pu,1.0e-12,true
R9-P2-transformer,input,18,0,0.0,1,1.0e-12,true
R9-P2-pu,input,19,0,0.0,pu,1.0e-12,true
R9-P2-transformer,input,19,0,0.0,1,1.0e-12,true
R9-P2-pu,input,20,0,0.0,pu,1.0e-12,true
R9-P2-transformer,input,20,0,0.0,1,1.0e-12,true
R9-P2-pu,input,21,0,0.0,pu,1.0e-12,true
R9-P2-transformer,input,21,0,0.0,1,1.0e-12,true
R9-P2-pu,input,22,0,0.0,pu,1.0e-12,true
R9-P2-transformer,input,22,0,0.0,1,1.0e-12,true
R9-P2-pu,input,23,0,0.0,pu,1.0e-12,true
R9-P2-transformer,input,23,0,0.0,1,1.0e-12,true
R9-P2-pu,input,24,0,0.0,pu,1.0e-12,true
R9-P2-transformer,input,24,0,0.0,1,1.0e-12,true
R9-P2-pu,input,25,0,0.0,pu,1.0e-12,true
R9-P2-transformer,input,25,0,0.0,1,1.0e-12,true
R9-P2-pu,input,26,0,0.0,pu,1.0e-12,true
R9-P2-transformer,input,26,0,0.0,1,1.0e-12,true
R9-P2-pu,input,27,0,0.0,pu,1.0e-12,true
R9-P2-transformer,input,27,0,0.0,1,1.0e-12,true
R9-P2-pu,input,28,0,0.0,pu,1.0e-12,true
R9-P2-transformer,input,28,0,0.0,1,1.0e-12,true
R9-P2-pu,input,29,0,0.0,pu,1.0e-12,true
R9-P2-transformer,input,29,0,0.0,1,1.0e-12,true
R9-P2-pu,input,30,0,0.0,pu,1.0e-12,true
R9-P2-transformer,input,30,0,0.0,1,1.0e-12,true
R9-P2-pu,input,31,0,0.0,pu,1.0e-12,true
R9-P2-transformer,input,31,0,0.0,1,1.0e-12,true
R9-P2-pu,input,32,0,0.0,pu,1.0e-12,true
R9-P2-transformer,input,32,0,0.0,1,1.0e-12,true
R9-P2-pu,input,33,0,0.0,pu,1.0e-12,true
R9-P2-transformer,input,33,0,0.0,1,1.0e-12,true
R9-P2-pu,input,34,0,0.0,pu,1.0e-12,true
R9-P2-transformer,input,34,0,0.0,1,1.0e-12,true
R9-P2-pu,input,35,0,0.0,pu,1.0e-12,true
R9-P2-transformer,input,35,0,0.0,1,1.0e-12,true
R9-P2-pu,input,36,0,0.0,pu,1.0e-12,true
R9-P2-transformer,input,36,0,0.0,1,1.0e-12,true
R9-P2-pu,input,37,0,0.0,pu,1.0e-12,true
R9-P2-transformer,input,37,0,0.0,1,1.0e-12,true
R9-P2-pu,input,38,0,0.0,pu,1.0e-12,true
R9-P2-transformer,input,38,0,0.0,1,1.0e-12,true
R9-P2-pu,input,39,0,0.0,pu,1.0e-12,true
R9-P2-transformer,input,39,0,0.0,1,1.0e-12,true
R9-P2-pu,input,40,0,0.0,pu,1.0e-12,true
R9-P2-transformer,input,40,0,0.0,1,1.0e-12,true
R9-P2-pu,input,41,0,0.0,pu,1.0e-12,true
R9-P2-transformer,input,41,0,0.0,1,1.0e-12,true
R9-P2-pu,input,42,0,1.734723475976807e-18,pu,1.0e-12,true
R9-P2-transformer,input,42,0,0.0,1,1.0e-12,true
R9-P2-pu,input,43,0,0.0,pu,1.0e-12,true
R9-P2-transformer,input,43,0,0.0,1,1.0e-12,true
R9-P3-mass,input,1,1,0.0,kg/s,1.0e-9,true
R9-P4-capacity,input,1,1,0.0,MW,1.0e-8,true
R9-P4-source,input,1,1,0.0,MW,1.0e-8,true
R9-P3-mass,input,1,2,0.0,kg/s,1.0e-9,true
R9-P4-capacity,input,1,2,0.0,MW,1.0e-8,true
R9-P4-source,input,1,2,0.0,MW,1.0e-8,true
R9-P3-mass,input,1,3,0.0,kg/s,1.0e-9,true
R9-P4-capacity,input,1,3,0.0,MW,1.0e-8,true
R9-P4-source,input,1,3,0.0,MW,1.0e-8,true
R9-P3-mass,input,1,4,0.0,kg/s,1.0e-9,true
R9-P4-capacity,input,1,4,0.0,MW,1.0e-8,true
R9-P4-source,input,1,4,0.0,MW,1.0e-8,true
R9-P3-mass,input,1,5,0.0,kg/s,1.0e-9,true
R9-P4-capacity,input,1,5,0.0,MW,1.0e-8,true
R9-P4-source,input,1,5,0.0,MW,1.0e-8,true
R9-P3-mass,input,1,6,0.0,kg/s,1.0e-9,true
R9-P4-capacity,input,1,6,0.0,MW,1.0e-8,true
R9-P4-source,input,1,6,0.0,MW,1.0e-8,true
R9-P3-mass,input,1,7,0.0,kg/s,1.0e-9,true
R9-P4-capacity,input,1,7,0.0,MW,1.0e-8,true
R9-P4-source,input,1,7,0.0,MW,1.0e-8,true
R9-P3-mass,input,1,8,0.0,kg/s,1.0e-9,true
R9-P4-capacity,input,1,8,0.0,MW,1.0e-8,true
R9-P4-source,input,1,8,0.0,MW,1.0e-8,true
R9-P3-mass,input,1,9,0.0,kg/s,1.0e-9,true
R9-P4-capacity,input,1,9,0.0,MW,1.0e-8,true
R9-P4-source,input,1,9,0.0,MW,1.0e-8,true
R9-P3-mass,input,1,10,0.0,kg/s,1.0e-9,true
R9-P4-capacity,input,1,10,0.0,MW,1.0e-8,true
R9-P4-source,input,1,10,0.0,MW,1.0e-8,true
R9-P3-mass,input,1,11,0.0,kg/s,1.0e-9,true
R9-P4-capacity,input,1,11,0.0,MW,1.0e-8,true
R9-P4-source,input,1,11,0.0,MW,1.0e-8,true
R9-P3-mass,input,1,12,0.0,kg/s,1.0e-9,true
R9-P4-capacity,input,1,12,0.0,MW,1.0e-8,true
R9-P4-source,input,1,12,0.0,MW,1.0e-8,true
R9-P3-mass,input,1,13,0.0,kg/s,1.0e-9,true
R9-P4-capacity,input,1,13,0.0,MW,1.0e-8,true
R9-P4-source,input,1,13,0.0,MW,1.0e-8,true
R9-P3-mass,input,1,14,0.0,kg/s,1.0e-9,true
R9-P4-capacity,input,1,14,0.0,MW,1.0e-8,true
R9-P4-source,input,1,14,0.0,MW,1.0e-8,true
R9-P3-mass,input,1,15,0.0,kg/s,1.0e-9,true
R9-P4-capacity,input,1,15,0.0,MW,1.0e-8,true
R9-P4-source,input,1,15,0.0,MW,1.0e-8,true
R9-P3-mass,input,1,16,0.0,kg/s,1.0e-9,true
R9-P4-capacity,input,1,16,0.0,MW,1.0e-8,true
R9-P4-source,input,1,16,0.0,MW,1.0e-8,true
R9-P3-mass,input,1,17,0.0,kg/s,1.0e-9,true
R9-P4-capacity,input,1,17,0.0,MW,1.0e-8,true
R9-P4-source,input,1,17,0.0,MW,1.0e-8,true
R9-P3-mass,input,1,18,0.0,kg/s,1.0e-9,true
R9-P4-capacity,input,1,18,0.0,MW,1.0e-8,true
R9-P4-source,input,1,18,0.0,MW,1.0e-8,true
R9-P3-mass,input,1,19,0.0,kg/s,1.0e-9,true
R9-P4-capacity,input,1,19,0.0,MW,1.0e-8,true
R9-P4-source,input,1,19,0.0,MW,1.0e-8,true
R9-P3-mass,input,1,20,0.0,kg/s,1.0e-9,true
R9-P4-capacity,input,1,20,0.0,MW,1.0e-8,true
R9-P4-source,input,1,20,0.0,MW,1.0e-8,true
R9-P3-mass,input,1,21,0.0,kg/s,1.0e-9,true
R9-P4-capacity,input,1,21,0.0,MW,1.0e-8,true
R9-P4-source,input,1,21,0.0,MW,1.0e-8,true
R9-P3-mass,input,1,22,0.0,kg/s,1.0e-9,true
R9-P4-capacity,input,1,22,0.0,MW,1.0e-8,true
R9-P4-source,input,1,22,0.0,MW,1.0e-8,true
R9-P3-mass,input,1,23,0.0,kg/s,1.0e-9,true
R9-P4-capacity,input,1,23,0.0,MW,1.0e-8,true
R9-P4-source,input,1,23,0.0,MW,1.0e-8,true
R9-P3-mass,input,1,24,0.0,kg/s,1.0e-9,true
R9-P4-capacity,input,1,24,0.0,MW,1.0e-8,true
R9-P4-source,input,1,24,0.0,MW,1.0e-8,true
R9-P3-mass,input,2,1,0.0,kg/s,1.0e-9,true
R9-P4-load,input,2,1,0.0,MW,1.0e-8,true
R9-P4-return-bound,input,2,1,0.0,K,1.0e-8,true
R9-P3-mass,input,2,2,0.0,kg/s,1.0e-9,true
R9-P4-load,input,2,2,0.0,MW,1.0e-8,true
R9-P4-return-bound,input,2,2,0.0,K,1.0e-8,true
R9-P3-mass,input,2,3,0.0,kg/s,1.0e-9,true
R9-P4-load,input,2,3,0.0,MW,1.0e-8,true
R9-P4-return-bound,input,2,3,0.0,K,1.0e-8,true
R9-P3-mass,input,2,4,0.0,kg/s,1.0e-9,true
R9-P4-load,input,2,4,0.0,MW,1.0e-8,true
R9-P4-return-bound,input,2,4,0.0,K,1.0e-8,true
R9-P3-mass,input,2,5,0.0,kg/s,1.0e-9,true
R9-P4-load,input,2,5,0.0,MW,1.0e-8,true
R9-P4-return-bound,input,2,5,0.0,K,1.0e-8,true
R9-P3-mass,input,2,6,0.0,kg/s,1.0e-9,true
R9-P4-load,input,2,6,0.0,MW,1.0e-8,true
R9-P4-return-bound,input,2,6,0.0,K,1.0e-8,true
R9-P3-mass,input,2,7,0.0,kg/s,1.0e-9,true
R9-P4-load,input,2,7,0.0,MW,1.0e-8,true
R9-P4-return-bound,input,2,7,0.0,K,1.0e-8,true
R9-P3-mass,input,2,8,0.0,kg/s,1.0e-9,true
R9-P4-load,input,2,8,0.0,MW,1.0e-8,true
R9-P4-return-bound,input,2,8,0.0,K,1.0e-8,true
R9-P3-mass,input,2,9,0.0,kg/s,1.0e-9,true
R9-P4-load,input,2,9,0.0,MW,1.0e-8,true
R9-P4-return-bound,input,2,9,0.0,K,1.0e-8,true
R9-P3-mass,input,2,10,0.0,kg/s,1.0e-9,true
R9-P4-load,input,2,10,0.0,MW,1.0e-8,true
R9-P4-return-bound,input,2,10,0.0,K,1.0e-8,true
R9-P3-mass,input,2,11,0.0,kg/s,1.0e-9,true
R9-P4-load,input,2,11,0.0,MW,1.0e-8,true
R9-P4-return-bound,input,2,11,0.0,K,1.0e-8,true
R9-P3-mass,input,2,12,0.0,kg/s,1.0e-9,true
R9-P4-load,input,2,12,0.0,MW,1.0e-8,true
R9-P4-return-bound,input,2,12,0.0,K,1.0e-8,true
R9-P3-mass,input,2,13,0.0,kg/s,1.0e-9,true
R9-P4-load,input,2,13,0.0,MW,1.0e-8,true
R9-P4-return-bound,input,2,13,0.0,K,1.0e-8,true
R9-P3-mass,input,2,14,0.0,kg/s,1.0e-9,true
R9-P4-load,input,2,14,0.0,MW,1.0e-8,true
R9-P4-return-bound,input,2,14,0.0,K,1.0e-8,true
R9-P3-mass,input,2,15,0.0,kg/s,1.0e-9,true
R9-P4-load,input,2,15,0.0,MW,1.0e-8,true
R9-P4-return-bound,input,2,15,0.0,K,1.0e-8,true
R9-P3-mass,input,2,16,0.0,kg/s,1.0e-9,true
R9-P4-load,input,2,16,0.0,MW,1.0e-8,true
R9-P4-return-bound,input,2,16,0.0,K,1.0e-8,true
R9-P3-mass,input,2,17,0.0,kg/s,1.0e-9,true
R9-P4-load,input,2,17,2.7755575615628914e-17,MW,1.0e-8,true
R9-P4-return-bound,input,2,17,0.0,K,1.0e-8,true
R9-P3-mass,input,2,18,0.0,kg/s,1.0e-9,true
R9-P4-load,input,2,18,0.0,MW,1.0e-8,true
R9-P4-return-bound,input,2,18,0.0,K,1.0e-8,true
R9-P3-mass,input,2,19,0.0,kg/s,1.0e-9,true
R9-P4-load,input,2,19,0.0,MW,1.0e-8,true
R9-P4-return-bound,input,2,19,0.0,K,1.0e-8,true
R9-P3-mass,input,2,20,0.0,kg/s,1.0e-9,true
R9-P4-load,input,2,20,0.0,MW,1.0e-8,true
R9-P4-return-bound,input,2,20,0.0,K,1.0e-8,true
R9-P3-mass,input,2,21,0.0,kg/s,1.0e-9,true
R9-P4-load,input,2,21,0.0,MW,1.0e-8,true
R9-P4-return-bound,input,2,21,0.0,K,1.0e-8,true
R9-P3-mass,input,2,22,0.0,kg/s,1.0e-9,true
R9-P4-load,input,2,22,0.0,MW,1.0e-8,true
R9-P4-return-bound,input,2,22,0.0,K,1.0e-8,true
R9-P3-mass,input,2,23,0.0,kg/s,1.0e-9,true
R9-P4-load,input,2,23,0.0,MW,1.0e-8,true
R9-P4-return-bound,input,2,23,0.0,K,1.0e-8,true
R9-P3-mass,input,2,24,0.0,kg/s,1.0e-9,true
R9-P4-load,input,2,24,0.0,MW,1.0e-8,true
R9-P4-return-bound,input,2,24,0.0,K,1.0e-8,true
R9-P3-mass,input,3,1,0.0,kg/s,1.0e-9,true
R9-P4-load,input,3,1,5.551115123125783e-17,MW,1.0e-8,true
R9-P4-return-bound,input,3,1,0.0,K,1.0e-8,true
R9-P3-mass,input,3,2,0.0,kg/s,1.0e-9,true
R9-P4-load,input,3,2,5.551115123125783e-17,MW,1.0e-8,true
R9-P4-return-bound,input,3,2,0.0,K,1.0e-8,true
R9-P3-mass,input,3,3,0.0,kg/s,1.0e-9,true
R9-P4-load,input,3,3,8.326672684688674e-17,MW,1.0e-8,true
R9-P4-return-bound,input,3,3,0.0,K,1.0e-8,true
R9-P3-mass,input,3,4,0.0,kg/s,1.0e-9,true
R9-P4-load,input,3,4,8.326672684688674e-17,MW,1.0e-8,true
R9-P4-return-bound,input,3,4,0.0,K,1.0e-8,true
R9-P3-mass,input,3,5,0.0,kg/s,1.0e-9,true
R9-P4-load,input,3,5,5.551115123125783e-17,MW,1.0e-8,true
R9-P4-return-bound,input,3,5,0.0,K,1.0e-8,true
R9-P3-mass,input,3,6,0.0,kg/s,1.0e-9,true
R9-P4-load,input,3,6,2.7755575615628914e-17,MW,1.0e-8,true
R9-P4-return-bound,input,3,6,0.0,K,1.0e-8,true
R9-P3-mass,input,3,7,0.0,kg/s,1.0e-9,true
R9-P4-load,input,3,7,2.7755575615628914e-17,MW,1.0e-8,true
R9-P4-return-bound,input,3,7,0.0,K,1.0e-8,true
R9-P3-mass,input,3,8,0.0,kg/s,1.0e-9,true
R9-P4-load,input,3,8,2.7755575615628914e-17,MW,1.0e-8,true
R9-P4-return-bound,input,3,8,0.0,K,1.0e-8,true
R9-P3-mass,input,3,9,0.0,kg/s,1.0e-9,true
R9-P4-load,input,3,9,2.7755575615628914e-17,MW,1.0e-8,true
R9-P4-return-bound,input,3,9,0.0,K,1.0e-8,true
R9-P3-mass,input,3,10,0.0,kg/s,1.0e-9,true
R9-P4-load,input,3,10,2.7755575615628914e-17,MW,1.0e-8,true
R9-P4-return-bound,input,3,10,0.0,K,1.0e-8,true
R9-P3-mass,input,3,11,0.0,kg/s,1.0e-9,true
R9-P4-load,input,3,11,2.7755575615628914e-17,MW,1.0e-8,true
R9-P4-return-bound,input,3,11,0.0,K,1.0e-8,true
R9-P3-mass,input,3,12,0.0,kg/s,1.0e-9,true
R9-P4-load,input,3,12,5.551115123125783e-17,MW,1.0e-8,true
R9-P4-return-bound,input,3,12,0.0,K,1.0e-8,true
R9-P3-mass,input,3,13,0.0,kg/s,1.0e-9,true
R9-P4-load,input,3,13,8.326672684688674e-17,MW,1.0e-8,true
R9-P4-return-bound,input,3,13,0.0,K,1.0e-8,true
R9-P3-mass,input,3,14,0.0,kg/s,1.0e-9,true
R9-P4-load,input,3,14,8.326672684688674e-17,MW,1.0e-8,true
R9-P4-return-bound,input,3,14,0.0,K,1.0e-8,true
R9-P3-mass,input,3,15,0.0,kg/s,1.0e-9,true
R9-P4-load,input,3,15,8.326672684688674e-17,MW,1.0e-8,true
R9-P4-return-bound,input,3,15,0.0,K,1.0e-8,true
R9-P3-mass,input,3,16,0.0,kg/s,1.0e-9,true
R9-P4-load,input,3,16,2.7755575615628914e-17,MW,1.0e-8,true
R9-P4-return-bound,input,3,16,0.0,K,1.0e-8,true
R9-P3-mass,input,3,17,0.0,kg/s,1.0e-9,true
R9-P4-load,input,3,17,5.551115123125783e-17,MW,1.0e-8,true
R9-P4-return-bound,input,3,17,0.0,K,1.0e-8,true
R9-P3-mass,input,3,18,0.0,kg/s,1.0e-9,true
R9-P4-load,input,3,18,2.7755575615628914e-17,MW,1.0e-8,true
R9-P4-return-bound,input,3,18,0.0,K,1.0e-8,true
R9-P3-mass,input,3,19,0.0,kg/s,1.0e-9,true
R9-P4-load,input,3,19,2.7755575615628914e-17,MW,1.0e-8,true
R9-P4-return-bound,input,3,19,0.0,K,1.0e-8,true
R9-P3-mass,input,3,20,0.0,kg/s,1.0e-9,true
R9-P4-load,input,3,20,2.7755575615628914e-17,MW,1.0e-8,true
R9-P4-return-bound,input,3,20,0.0,K,1.0e-8,true
R9-P3-mass,input,3,21,0.0,kg/s,1.0e-9,true
R9-P4-load,input,3,21,2.7755575615628914e-17,MW,1.0e-8,true
R9-P4-return-bound,input,3,21,0.0,K,1.0e-8,true
R9-P3-mass,input,3,22,0.0,kg/s,1.0e-9,true
R9-P4-load,input,3,22,2.7755575615628914e-17,MW,1.0e-8,true
R9-P4-return-bound,input,3,22,0.0,K,1.0e-8,true
R9-P3-mass,input,3,23,0.0,kg/s,1.0e-9,true
R9-P4-load,input,3,23,5.551115123125783e-17,MW,1.0e-8,true
R9-P4-return-bound,input,3,23,0.0,K,1.0e-8,true
R9-P3-mass,input,3,24,0.0,kg/s,1.0e-9,true
R9-P4-load,input,3,24,5.551115123125783e-17,MW,1.0e-8,true
R9-P4-return-bound,input,3,24,0.0,K,1.0e-8,true
R9-P3-mass,input,4,1,0.0,kg/s,1.0e-9,true
R9-P4-load,input,4,1,0.0,MW,1.0e-8,true
R9-P4-return-bound,input,4,1,0.0,K,1.0e-8,true
R9-P3-mass,input,4,2,0.0,kg/s,1.0e-9,true
R9-P4-load,input,4,2,0.0,MW,1.0e-8,true
R9-P4-return-bound,input,4,2,0.0,K,1.0e-8,true
R9-P3-mass,input,4,3,0.0,kg/s,1.0e-9,true
R9-P4-load,input,4,3,0.0,MW,1.0e-8,true
R9-P4-return-bound,input,4,3,0.0,K,1.0e-8,true
R9-P3-mass,input,4,4,0.0,kg/s,1.0e-9,true
R9-P4-load,input,4,4,0.0,MW,1.0e-8,true
R9-P4-return-bound,input,4,4,0.0,K,1.0e-8,true
R9-P3-mass,input,4,5,0.0,kg/s,1.0e-9,true
R9-P4-load,input,4,5,0.0,MW,1.0e-8,true
R9-P4-return-bound,input,4,5,0.0,K,1.0e-8,true
R9-P3-mass,input,4,6,0.0,kg/s,1.0e-9,true
R9-P4-load,input,4,6,0.0,MW,1.0e-8,true
R9-P4-return-bound,input,4,6,0.0,K,1.0e-8,true
R9-P3-mass,input,4,7,0.0,kg/s,1.0e-9,true
R9-P4-load,input,4,7,0.0,MW,1.0e-8,true
R9-P4-return-bound,input,4,7,0.0,K,1.0e-8,true
R9-P3-mass,input,4,8,0.0,kg/s,1.0e-9,true
R9-P4-load,input,4,8,0.0,MW,1.0e-8,true
R9-P4-return-bound,input,4,8,0.0,K,1.0e-8,true
R9-P3-mass,input,4,9,0.0,kg/s,1.0e-9,true
R9-P4-load,input,4,9,0.0,MW,1.0e-8,true
R9-P4-return-bound,input,4,9,0.0,K,1.0e-8,true
R9-P3-mass,input,4,10,0.0,kg/s,1.0e-9,true
R9-P4-load,input,4,10,0.0,MW,1.0e-8,true
R9-P4-return-bound,input,4,10,0.0,K,1.0e-8,true
R9-P3-mass,input,4,11,0.0,kg/s,1.0e-9,true
R9-P4-load,input,4,11,0.0,MW,1.0e-8,true
R9-P4-return-bound,input,4,11,0.0,K,1.0e-8,true
R9-P3-mass,input,4,12,0.0,kg/s,1.0e-9,true
R9-P4-load,input,4,12,0.0,MW,1.0e-8,true
R9-P4-return-bound,input,4,12,0.0,K,1.0e-8,true
R9-P3-mass,input,4,13,0.0,kg/s,1.0e-9,true
R9-P4-load,input,4,13,0.0,MW,1.0e-8,true
R9-P4-return-bound,input,4,13,0.0,K,1.0e-8,true
R9-P3-mass,input,4,14,0.0,kg/s,1.0e-9,true
R9-P4-load,input,4,14,0.0,MW,1.0e-8,true
R9-P4-return-bound,input,4,14,0.0,K,1.0e-8,true
R9-P3-mass,input,4,15,0.0,kg/s,1.0e-9,true
R9-P4-load,input,4,15,0.0,MW,1.0e-8,true
R9-P4-return-bound,input,4,15,0.0,K,1.0e-8,true
R9-P3-mass,input,4,16,0.0,kg/s,1.0e-9,true
R9-P4-load,input,4,16,0.0,MW,1.0e-8,true
R9-P4-return-bound,input,4,16,0.0,K,1.0e-8,true
R9-P3-mass,input,4,17,0.0,kg/s,1.0e-9,true
R9-P4-load,input,4,17,2.7755575615628914e-17,MW,1.0e-8,true
R9-P4-return-bound,input,4,17,0.0,K,1.0e-8,true
R9-P3-mass,input,4,18,0.0,kg/s,1.0e-9,true
R9-P4-load,input,4,18,0.0,MW,1.0e-8,true
R9-P4-return-bound,input,4,18,0.0,K,1.0e-8,true
R9-P3-mass,input,4,19,0.0,kg/s,1.0e-9,true
R9-P4-load,input,4,19,0.0,MW,1.0e-8,true
R9-P4-return-bound,input,4,19,0.0,K,1.0e-8,true
R9-P3-mass,input,4,20,0.0,kg/s,1.0e-9,true
R9-P4-load,input,4,20,0.0,MW,1.0e-8,true
R9-P4-return-bound,input,4,20,0.0,K,1.0e-8,true
R9-P3-mass,input,4,21,0.0,kg/s,1.0e-9,true
R9-P4-load,input,4,21,0.0,MW,1.0e-8,true
R9-P4-return-bound,input,4,21,0.0,K,1.0e-8,true
R9-P3-mass,input,4,22,0.0,kg/s,1.0e-9,true
R9-P4-load,input,4,22,0.0,MW,1.0e-8,true
R9-P4-return-bound,input,4,22,0.0,K,1.0e-8,true
R9-P3-mass,input,4,23,0.0,kg/s,1.0e-9,true
R9-P4-load,input,4,23,0.0,MW,1.0e-8,true
R9-P4-return-bound,input,4,23,0.0,K,1.0e-8,true
R9-P3-mass,input,4,24,0.0,kg/s,1.0e-9,true
R9-P4-load,input,4,24,0.0,MW,1.0e-8,true
R9-P4-return-bound,input,4,24,0.0,K,1.0e-8,true
R9-P3-mass,input,5,1,0.0,kg/s,1.0e-9,true
R9-P4-load,input,5,1,0.0,MW,1.0e-8,true
R9-P4-return-bound,input,5,1,0.0,K,1.0e-8,true
R9-P3-mass,input,5,2,0.0,kg/s,1.0e-9,true
R9-P4-load,input,5,2,0.0,MW,1.0e-8,true
R9-P4-return-bound,input,5,2,0.0,K,1.0e-8,true
R9-P3-mass,input,5,3,0.0,kg/s,1.0e-9,true
R9-P4-load,input,5,3,0.0,MW,1.0e-8,true
R9-P4-return-bound,input,5,3,0.0,K,1.0e-8,true
R9-P3-mass,input,5,4,0.0,kg/s,1.0e-9,true
R9-P4-load,input,5,4,0.0,MW,1.0e-8,true
R9-P4-return-bound,input,5,4,0.0,K,1.0e-8,true
R9-P3-mass,input,5,5,0.0,kg/s,1.0e-9,true
R9-P4-load,input,5,5,0.0,MW,1.0e-8,true
R9-P4-return-bound,input,5,5,0.0,K,1.0e-8,true
R9-P3-mass,input,5,6,0.0,kg/s,1.0e-9,true
R9-P4-load,input,5,6,0.0,MW,1.0e-8,true
R9-P4-return-bound,input,5,6,0.0,K,1.0e-8,true
R9-P3-mass,input,5,7,0.0,kg/s,1.0e-9,true
R9-P4-load,input,5,7,0.0,MW,1.0e-8,true
R9-P4-return-bound,input,5,7,0.0,K,1.0e-8,true
R9-P3-mass,input,5,8,0.0,kg/s,1.0e-9,true
R9-P4-load,input,5,8,0.0,MW,1.0e-8,true
R9-P4-return-bound,input,5,8,0.0,K,1.0e-8,true
R9-P3-mass,input,5,9,0.0,kg/s,1.0e-9,true
R9-P4-load,input,5,9,0.0,MW,1.0e-8,true
R9-P4-return-bound,input,5,9,0.0,K,1.0e-8,true
R9-P3-mass,input,5,10,0.0,kg/s,1.0e-9,true
R9-P4-load,input,5,10,0.0,MW,1.0e-8,true
R9-P4-return-bound,input,5,10,0.0,K,1.0e-8,true
R9-P3-mass,input,5,11,0.0,kg/s,1.0e-9,true
R9-P4-load,input,5,11,0.0,MW,1.0e-8,true
R9-P4-return-bound,input,5,11,0.0,K,1.0e-8,true
R9-P3-mass,input,5,12,0.0,kg/s,1.0e-9,true
R9-P4-load,input,5,12,0.0,MW,1.0e-8,true
R9-P4-return-bound,input,5,12,0.0,K,1.0e-8,true
R9-P3-mass,input,5,13,0.0,kg/s,1.0e-9,true
R9-P4-load,input,5,13,0.0,MW,1.0e-8,true
R9-P4-return-bound,input,5,13,0.0,K,1.0e-8,true
R9-P3-mass,input,5,14,0.0,kg/s,1.0e-9,true
R9-P4-load,input,5,14,0.0,MW,1.0e-8,true
R9-P4-return-bound,input,5,14,0.0,K,1.0e-8,true
R9-P3-mass,input,5,15,0.0,kg/s,1.0e-9,true
R9-P4-load,input,5,15,0.0,MW,1.0e-8,true
R9-P4-return-bound,input,5,15,0.0,K,1.0e-8,true
R9-P3-mass,input,5,16,0.0,kg/s,1.0e-9,true
R9-P4-load,input,5,16,0.0,MW,1.0e-8,true
R9-P4-return-bound,input,5,16,0.0,K,1.0e-8,true
R9-P3-mass,input,5,17,0.0,kg/s,1.0e-9,true
R9-P4-load,input,5,17,2.7755575615628914e-17,MW,1.0e-8,true
R9-P4-return-bound,input,5,17,0.0,K,1.0e-8,true
R9-P3-mass,input,5,18,0.0,kg/s,1.0e-9,true
R9-P4-load,input,5,18,0.0,MW,1.0e-8,true
R9-P4-return-bound,input,5,18,0.0,K,1.0e-8,true
R9-P3-mass,input,5,19,0.0,kg/s,1.0e-9,true
R9-P4-load,input,5,19,0.0,MW,1.0e-8,true
R9-P4-return-bound,input,5,19,0.0,K,1.0e-8,true
R9-P3-mass,input,5,20,0.0,kg/s,1.0e-9,true
R9-P4-load,input,5,20,0.0,MW,1.0e-8,true
R9-P4-return-bound,input,5,20,0.0,K,1.0e-8,true
R9-P3-mass,input,5,21,0.0,kg/s,1.0e-9,true
R9-P4-load,input,5,21,0.0,MW,1.0e-8,true
R9-P4-return-bound,input,5,21,0.0,K,1.0e-8,true
R9-P3-mass,input,5,22,0.0,kg/s,1.0e-9,true
R9-P4-load,input,5,22,0.0,MW,1.0e-8,true
R9-P4-return-bound,input,5,22,0.0,K,1.0e-8,true
R9-P3-mass,input,5,23,0.0,kg/s,1.0e-9,true
R9-P4-load,input,5,23,0.0,MW,1.0e-8,true
R9-P4-return-bound,input,5,23,0.0,K,1.0e-8,true
R9-P3-mass,input,5,24,0.0,kg/s,1.0e-9,true
R9-P4-load,input,5,24,0.0,MW,1.0e-8,true
R9-P4-return-bound,input,5,24,0.0,K,1.0e-8,true
R9-P3-mass,input,6,1,0.0,kg/s,1.0e-9,true
R9-P4-load,input,6,1,0.0,MW,1.0e-8,true
R9-P4-return-bound,input,6,1,0.0,K,1.0e-8,true
R9-P3-mass,input,6,2,0.0,kg/s,1.0e-9,true
R9-P4-load,input,6,2,0.0,MW,1.0e-8,true
R9-P4-return-bound,input,6,2,0.0,K,1.0e-8,true
R9-P3-mass,input,6,3,0.0,kg/s,1.0e-9,true
R9-P4-load,input,6,3,0.0,MW,1.0e-8,true
R9-P4-return-bound,input,6,3,0.0,K,1.0e-8,true
R9-P3-mass,input,6,4,0.0,kg/s,1.0e-9,true
R9-P4-load,input,6,4,0.0,MW,1.0e-8,true
R9-P4-return-bound,input,6,4,0.0,K,1.0e-8,true
R9-P3-mass,input,6,5,0.0,kg/s,1.0e-9,true
R9-P4-load,input,6,5,0.0,MW,1.0e-8,true
R9-P4-return-bound,input,6,5,0.0,K,1.0e-8,true
R9-P3-mass,input,6,6,0.0,kg/s,1.0e-9,true
R9-P4-load,input,6,6,0.0,MW,1.0e-8,true
R9-P4-return-bound,input,6,6,0.0,K,1.0e-8,true
R9-P3-mass,input,6,7,0.0,kg/s,1.0e-9,true
R9-P4-load,input,6,7,0.0,MW,1.0e-8,true
R9-P4-return-bound,input,6,7,0.0,K,1.0e-8,true
R9-P3-mass,input,6,8,0.0,kg/s,1.0e-9,true
R9-P4-load,input,6,8,0.0,MW,1.0e-8,true
R9-P4-return-bound,input,6,8,0.0,K,1.0e-8,true
R9-P3-mass,input,6,9,0.0,kg/s,1.0e-9,true
R9-P4-load,input,6,9,0.0,MW,1.0e-8,true
R9-P4-return-bound,input,6,9,0.0,K,1.0e-8,true
R9-P3-mass,input,6,10,0.0,kg/s,1.0e-9,true
R9-P4-load,input,6,10,0.0,MW,1.0e-8,true
R9-P4-return-bound,input,6,10,0.0,K,1.0e-8,true
R9-P3-mass,input,6,11,0.0,kg/s,1.0e-9,true
R9-P4-load,input,6,11,0.0,MW,1.0e-8,true
R9-P4-return-bound,input,6,11,0.0,K,1.0e-8,true
R9-P3-mass,input,6,12,0.0,kg/s,1.0e-9,true
R9-P4-load,input,6,12,0.0,MW,1.0e-8,true
R9-P4-return-bound,input,6,12,0.0,K,1.0e-8,true
R9-P3-mass,input,6,13,0.0,kg/s,1.0e-9,true
R9-P4-load,input,6,13,0.0,MW,1.0e-8,true
R9-P4-return-bound,input,6,13,0.0,K,1.0e-8,true
R9-P3-mass,input,6,14,0.0,kg/s,1.0e-9,true
R9-P4-load,input,6,14,0.0,MW,1.0e-8,true
R9-P4-return-bound,input,6,14,0.0,K,1.0e-8,true
R9-P3-mass,input,6,15,0.0,kg/s,1.0e-9,true
R9-P4-load,input,6,15,0.0,MW,1.0e-8,true
R9-P4-return-bound,input,6,15,0.0,K,1.0e-8,true
R9-P3-mass,input,6,16,0.0,kg/s,1.0e-9,true
R9-P4-load,input,6,16,0.0,MW,1.0e-8,true
R9-P4-return-bound,input,6,16,0.0,K,1.0e-8,true
R9-P3-mass,input,6,17,0.0,kg/s,1.0e-9,true
R9-P4-load,input,6,17,2.7755575615628914e-17,MW,1.0e-8,true
R9-P4-return-bound,input,6,17,0.0,K,1.0e-8,true
R9-P3-mass,input,6,18,0.0,kg/s,1.0e-9,true
R9-P4-load,input,6,18,0.0,MW,1.0e-8,true
R9-P4-return-bound,input,6,18,0.0,K,1.0e-8,true
R9-P3-mass,input,6,19,0.0,kg/s,1.0e-9,true
R9-P4-load,input,6,19,0.0,MW,1.0e-8,true
R9-P4-return-bound,input,6,19,0.0,K,1.0e-8,true
R9-P3-mass,input,6,20,0.0,kg/s,1.0e-9,true
R9-P4-load,input,6,20,0.0,MW,1.0e-8,true
R9-P4-return-bound,input,6,20,0.0,K,1.0e-8,true
R9-P3-mass,input,6,21,0.0,kg/s,1.0e-9,true
R9-P4-load,input,6,21,0.0,MW,1.0e-8,true
R9-P4-return-bound,input,6,21,0.0,K,1.0e-8,true
R9-P3-mass,input,6,22,0.0,kg/s,1.0e-9,true
R9-P4-load,input,6,22,0.0,MW,1.0e-8,true
R9-P4-return-bound,input,6,22,0.0,K,1.0e-8,true
R9-P3-mass,input,6,23,0.0,kg/s,1.0e-9,true
R9-P4-load,input,6,23,0.0,MW,1.0e-8,true
R9-P4-return-bound,input,6,23,0.0,K,1.0e-8,true
R9-P3-mass,input,6,24,0.0,kg/s,1.0e-9,true
R9-P4-load,input,6,24,0.0,MW,1.0e-8,true
R9-P4-return-bound,input,6,24,0.0,K,1.0e-8,true
R9-P3-mass,input,7,1,0.0,kg/s,1.0e-9,true
R9-P4-load,input,7,1,8.326672684688674e-17,MW,1.0e-8,true
R9-P4-return-bound,input,7,1,0.0,K,1.0e-8,true
R9-P3-mass,input,7,2,0.0,kg/s,1.0e-9,true
R9-P4-load,input,7,2,8.326672684688674e-17,MW,1.0e-8,true
R9-P4-return-bound,input,7,2,0.0,K,1.0e-8,true
R9-P3-mass,input,7,3,0.0,kg/s,1.0e-9,true
R9-P4-load,input,7,3,8.326672684688674e-17,MW,1.0e-8,true
R9-P4-return-bound,input,7,3,0.0,K,1.0e-8,true
R9-P3-mass,input,7,4,0.0,kg/s,1.0e-9,true
R9-P4-load,input,7,4,8.326672684688674e-17,MW,1.0e-8,true
R9-P4-return-bound,input,7,4,0.0,K,1.0e-8,true
R9-P3-mass,input,7,5,0.0,kg/s,1.0e-9,true
R9-P4-load,input,7,5,8.326672684688674e-17,MW,1.0e-8,true
R9-P4-return-bound,input,7,5,0.0,K,1.0e-8,true
R9-P3-mass,input,7,6,0.0,kg/s,1.0e-9,true
R9-P4-load,input,7,6,8.326672684688674e-17,MW,1.0e-8,true
R9-P4-return-bound,input,7,6,0.0,K,1.0e-8,true
R9-P3-mass,input,7,7,0.0,kg/s,1.0e-9,true
R9-P4-load,input,7,7,5.551115123125783e-17,MW,1.0e-8,true
R9-P4-return-bound,input,7,7,0.0,K,1.0e-8,true
R9-P3-mass,input,7,8,0.0,kg/s,1.0e-9,true
R9-P4-load,input,7,8,5.551115123125783e-17,MW,1.0e-8,true
R9-P4-return-bound,input,7,8,0.0,K,1.0e-8,true
R9-P3-mass,input,7,9,0.0,kg/s,1.0e-9,true
R9-P4-load,input,7,9,5.551115123125783e-17,MW,1.0e-8,true
R9-P4-return-bound,input,7,9,0.0,K,1.0e-8,true
R9-P3-mass,input,7,10,0.0,kg/s,1.0e-9,true
R9-P4-load,input,7,10,8.326672684688674e-17,MW,1.0e-8,true
R9-P4-return-bound,input,7,10,0.0,K,1.0e-8,true
R9-P3-mass,input,7,11,0.0,kg/s,1.0e-9,true
R9-P4-load,input,7,11,1.1102230246251565e-16,MW,1.0e-8,true
R9-P4-return-bound,input,7,11,0.0,K,1.0e-8,true
R9-P3-mass,input,7,12,0.0,kg/s,1.0e-9,true
R9-P4-load,input,7,12,8.326672684688674e-17,MW,1.0e-8,true
R9-P4-return-bound,input,7,12,0.0,K,1.0e-8,true
R9-P3-mass,input,7,13,0.0,kg/s,1.0e-9,true
R9-P4-load,input,7,13,8.326672684688674e-17,MW,1.0e-8,true
R9-P4-return-bound,input,7,13,0.0,K,1.0e-8,true
R9-P3-mass,input,7,14,0.0,kg/s,1.0e-9,true
R9-P4-load,input,7,14,8.326672684688674e-17,MW,1.0e-8,true
R9-P4-return-bound,input,7,14,0.0,K,1.0e-8,true
R9-P3-mass,input,7,15,0.0,kg/s,1.0e-9,true
R9-P4-load,input,7,15,8.326672684688674e-17,MW,1.0e-8,true
R9-P4-return-bound,input,7,15,0.0,K,1.0e-8,true
R9-P3-mass,input,7,16,0.0,kg/s,1.0e-9,true
R9-P4-load,input,7,16,8.326672684688674e-17,MW,1.0e-8,true
R9-P4-return-bound,input,7,16,0.0,K,1.0e-8,true
R9-P3-mass,input,7,17,0.0,kg/s,1.0e-9,true
R9-P4-load,input,7,17,5.551115123125783e-17,MW,1.0e-8,true
R9-P4-return-bound,input,7,17,0.0,K,1.0e-8,true
R9-P3-mass,input,7,18,0.0,kg/s,1.0e-9,true
R9-P4-load,input,7,18,5.551115123125783e-17,MW,1.0e-8,true
R9-P4-return-bound,input,7,18,0.0,K,1.0e-8,true
R9-P3-mass,input,7,19,0.0,kg/s,1.0e-9,true
R9-P4-load,input,7,19,5.551115123125783e-17,MW,1.0e-8,true
R9-P4-return-bound,input,7,19,0.0,K,1.0e-8,true
R9-P3-mass,input,7,20,0.0,kg/s,1.0e-9,true
R9-P4-load,input,7,20,8.326672684688674e-17,MW,1.0e-8,true
R9-P4-return-bound,input,7,20,0.0,K,1.0e-8,true
R9-P3-mass,input,7,21,0.0,kg/s,1.0e-9,true
R9-P4-load,input,7,21,8.326672684688674e-17,MW,1.0e-8,true
R9-P4-return-bound,input,7,21,0.0,K,1.0e-8,true
R9-P3-mass,input,7,22,0.0,kg/s,1.0e-9,true
R9-P4-load,input,7,22,1.1102230246251565e-16,MW,1.0e-8,true
R9-P4-return-bound,input,7,22,0.0,K,1.0e-8,true
R9-P3-mass,input,7,23,0.0,kg/s,1.0e-9,true
R9-P4-load,input,7,23,8.326672684688674e-17,MW,1.0e-8,true
R9-P4-return-bound,input,7,23,0.0,K,1.0e-8,true
R9-P3-mass,input,7,24,0.0,kg/s,1.0e-9,true
R9-P4-load,input,7,24,8.326672684688674e-17,MW,1.0e-8,true
R9-P4-return-bound,input,7,24,0.0,K,1.0e-8,true
R9-P3-mass,input,8,1,0.0,kg/s,1.0e-9,true
R9-P4-load,input,8,1,0.0,MW,1.0e-8,true
R9-P4-return-bound,input,8,1,0.0,K,1.0e-8,true
R9-P3-mass,input,8,2,0.0,kg/s,1.0e-9,true
R9-P4-load,input,8,2,0.0,MW,1.0e-8,true
R9-P4-return-bound,input,8,2,0.0,K,1.0e-8,true
R9-P3-mass,input,8,3,0.0,kg/s,1.0e-9,true
R9-P4-load,input,8,3,0.0,MW,1.0e-8,true
R9-P4-return-bound,input,8,3,0.0,K,1.0e-8,true
R9-P3-mass,input,8,4,0.0,kg/s,1.0e-9,true
R9-P4-load,input,8,4,0.0,MW,1.0e-8,true
R9-P4-return-bound,input,8,4,0.0,K,1.0e-8,true
R9-P3-mass,input,8,5,0.0,kg/s,1.0e-9,true
R9-P4-load,input,8,5,0.0,MW,1.0e-8,true
R9-P4-return-bound,input,8,5,0.0,K,1.0e-8,true
R9-P3-mass,input,8,6,0.0,kg/s,1.0e-9,true
R9-P4-load,input,8,6,0.0,MW,1.0e-8,true
R9-P4-return-bound,input,8,6,0.0,K,1.0e-8,true
R9-P3-mass,input,8,7,0.0,kg/s,1.0e-9,true
R9-P4-load,input,8,7,0.0,MW,1.0e-8,true
R9-P4-return-bound,input,8,7,0.0,K,1.0e-8,true
R9-P3-mass,input,8,8,0.0,kg/s,1.0e-9,true
R9-P4-load,input,8,8,0.0,MW,1.0e-8,true
R9-P4-return-bound,input,8,8,0.0,K,1.0e-8,true
R9-P3-mass,input,8,9,0.0,kg/s,1.0e-9,true
R9-P4-load,input,8,9,0.0,MW,1.0e-8,true
R9-P4-return-bound,input,8,9,0.0,K,1.0e-8,true
R9-P3-mass,input,8,10,0.0,kg/s,1.0e-9,true
R9-P4-load,input,8,10,0.0,MW,1.0e-8,true
R9-P4-return-bound,input,8,10,0.0,K,1.0e-8,true
R9-P3-mass,input,8,11,0.0,kg/s,1.0e-9,true
R9-P4-load,input,8,11,0.0,MW,1.0e-8,true
R9-P4-return-bound,input,8,11,0.0,K,1.0e-8,true
R9-P3-mass,input,8,12,0.0,kg/s,1.0e-9,true
R9-P4-load,input,8,12,0.0,MW,1.0e-8,true
R9-P4-return-bound,input,8,12,0.0,K,1.0e-8,true
R9-P3-mass,input,8,13,0.0,kg/s,1.0e-9,true
R9-P4-load,input,8,13,0.0,MW,1.0e-8,true
R9-P4-return-bound,input,8,13,0.0,K,1.0e-8,true
R9-P3-mass,input,8,14,0.0,kg/s,1.0e-9,true
R9-P4-load,input,8,14,0.0,MW,1.0e-8,true
R9-P4-return-bound,input,8,14,0.0,K,1.0e-8,true
R9-P3-mass,input,8,15,0.0,kg/s,1.0e-9,true
R9-P4-load,input,8,15,0.0,MW,1.0e-8,true
R9-P4-return-bound,input,8,15,0.0,K,1.0e-8,true
R9-P3-mass,input,8,16,0.0,kg/s,1.0e-9,true
R9-P4-load,input,8,16,0.0,MW,1.0e-8,true
R9-P4-return-bound,input,8,16,0.0,K,1.0e-8,true
R9-P3-mass,input,8,17,0.0,kg/s,1.0e-9,true
R9-P4-load,input,8,17,2.7755575615628914e-17,MW,1.0e-8,true
R9-P4-return-bound,input,8,17,0.0,K,1.0e-8,true
R9-P3-mass,input,8,18,0.0,kg/s,1.0e-9,true
R9-P4-load,input,8,18,0.0,MW,1.0e-8,true
R9-P4-return-bound,input,8,18,0.0,K,1.0e-8,true
R9-P3-mass,input,8,19,0.0,kg/s,1.0e-9,true
R9-P4-load,input,8,19,0.0,MW,1.0e-8,true
R9-P4-return-bound,input,8,19,0.0,K,1.0e-8,true
R9-P3-mass,input,8,20,0.0,kg/s,1.0e-9,true
R9-P4-load,input,8,20,0.0,MW,1.0e-8,true
R9-P4-return-bound,input,8,20,0.0,K,1.0e-8,true
R9-P3-mass,input,8,21,0.0,kg/s,1.0e-9,true
R9-P4-load,input,8,21,0.0,MW,1.0e-8,true
R9-P4-return-bound,input,8,21,0.0,K,1.0e-8,true
R9-P3-mass,input,8,22,0.0,kg/s,1.0e-9,true
R9-P4-load,input,8,22,0.0,MW,1.0e-8,true
R9-P4-return-bound,input,8,22,0.0,K,1.0e-8,true
R9-P3-mass,input,8,23,0.0,kg/s,1.0e-9,true
R9-P4-load,input,8,23,0.0,MW,1.0e-8,true
R9-P4-return-bound,input,8,23,0.0,K,1.0e-8,true
R9-P3-mass,input,8,24,0.0,kg/s,1.0e-9,true
R9-P4-load,input,8,24,0.0,MW,1.0e-8,true
R9-P4-return-bound,input,8,24,0.0,K,1.0e-8,true
R9-P3-mass,input,9,1,0.0,kg/s,1.0e-9,true
R9-P4-load,input,9,1,0.0,MW,1.0e-8,true
R9-P4-return-bound,input,9,1,0.0,K,1.0e-8,true
R9-P3-mass,input,9,2,0.0,kg/s,1.0e-9,true
R9-P4-load,input,9,2,0.0,MW,1.0e-8,true
R9-P4-return-bound,input,9,2,0.0,K,1.0e-8,true
R9-P3-mass,input,9,3,0.0,kg/s,1.0e-9,true
R9-P4-load,input,9,3,0.0,MW,1.0e-8,true
R9-P4-return-bound,input,9,3,0.0,K,1.0e-8,true
R9-P3-mass,input,9,4,0.0,kg/s,1.0e-9,true
R9-P4-load,input,9,4,0.0,MW,1.0e-8,true
R9-P4-return-bound,input,9,4,0.0,K,1.0e-8,true
R9-P3-mass,input,9,5,0.0,kg/s,1.0e-9,true
R9-P4-load,input,9,5,0.0,MW,1.0e-8,true
R9-P4-return-bound,input,9,5,0.0,K,1.0e-8,true
R9-P3-mass,input,9,6,0.0,kg/s,1.0e-9,true
R9-P4-load,input,9,6,0.0,MW,1.0e-8,true
R9-P4-return-bound,input,9,6,0.0,K,1.0e-8,true
R9-P3-mass,input,9,7,0.0,kg/s,1.0e-9,true
R9-P4-load,input,9,7,0.0,MW,1.0e-8,true
R9-P4-return-bound,input,9,7,0.0,K,1.0e-8,true
R9-P3-mass,input,9,8,0.0,kg/s,1.0e-9,true
R9-P4-load,input,9,8,0.0,MW,1.0e-8,true
R9-P4-return-bound,input,9,8,0.0,K,1.0e-8,true
R9-P3-mass,input,9,9,0.0,kg/s,1.0e-9,true
R9-P4-load,input,9,9,0.0,MW,1.0e-8,true
R9-P4-return-bound,input,9,9,0.0,K,1.0e-8,true
R9-P3-mass,input,9,10,0.0,kg/s,1.0e-9,true
R9-P4-load,input,9,10,0.0,MW,1.0e-8,true
R9-P4-return-bound,input,9,10,0.0,K,1.0e-8,true
R9-P3-mass,input,9,11,0.0,kg/s,1.0e-9,true
R9-P4-load,input,9,11,0.0,MW,1.0e-8,true
R9-P4-return-bound,input,9,11,0.0,K,1.0e-8,true
R9-P3-mass,input,9,12,0.0,kg/s,1.0e-9,true
R9-P4-load,input,9,12,0.0,MW,1.0e-8,true
R9-P4-return-bound,input,9,12,0.0,K,1.0e-8,true
R9-P3-mass,input,9,13,0.0,kg/s,1.0e-9,true
R9-P4-load,input,9,13,0.0,MW,1.0e-8,true
R9-P4-return-bound,input,9,13,0.0,K,1.0e-8,true
R9-P3-mass,input,9,14,0.0,kg/s,1.0e-9,true
R9-P4-load,input,9,14,0.0,MW,1.0e-8,true
R9-P4-return-bound,input,9,14,0.0,K,1.0e-8,true
R9-P3-mass,input,9,15,0.0,kg/s,1.0e-9,true
R9-P4-load,input,9,15,0.0,MW,1.0e-8,true
R9-P4-return-bound,input,9,15,0.0,K,1.0e-8,true
R9-P3-mass,input,9,16,0.0,kg/s,1.0e-9,true
R9-P4-load,input,9,16,0.0,MW,1.0e-8,true
R9-P4-return-bound,input,9,16,0.0,K,1.0e-8,true
R9-P3-mass,input,9,17,0.0,kg/s,1.0e-9,true
R9-P4-load,input,9,17,2.7755575615628914e-17,MW,1.0e-8,true
R9-P4-return-bound,input,9,17,0.0,K,1.0e-8,true
R9-P3-mass,input,9,18,0.0,kg/s,1.0e-9,true
R9-P4-load,input,9,18,0.0,MW,1.0e-8,true
R9-P4-return-bound,input,9,18,0.0,K,1.0e-8,true
R9-P3-mass,input,9,19,0.0,kg/s,1.0e-9,true
R9-P4-load,input,9,19,0.0,MW,1.0e-8,true
R9-P4-return-bound,input,9,19,0.0,K,1.0e-8,true
R9-P3-mass,input,9,20,0.0,kg/s,1.0e-9,true
R9-P4-load,input,9,20,0.0,MW,1.0e-8,true
R9-P4-return-bound,input,9,20,0.0,K,1.0e-8,true
R9-P3-mass,input,9,21,0.0,kg/s,1.0e-9,true
R9-P4-load,input,9,21,0.0,MW,1.0e-8,true
R9-P4-return-bound,input,9,21,0.0,K,1.0e-8,true
R9-P3-mass,input,9,22,0.0,kg/s,1.0e-9,true
R9-P4-load,input,9,22,0.0,MW,1.0e-8,true
R9-P4-return-bound,input,9,22,0.0,K,1.0e-8,true
R9-P3-mass,input,9,23,0.0,kg/s,1.0e-9,true
R9-P4-load,input,9,23,0.0,MW,1.0e-8,true
R9-P4-return-bound,input,9,23,0.0,K,1.0e-8,true
R9-P3-mass,input,9,24,0.0,kg/s,1.0e-9,true
R9-P4-load,input,9,24,0.0,MW,1.0e-8,true
R9-P4-return-bound,input,9,24,0.0,K,1.0e-8,true
R9-P3-mass,input,10,1,0.0,kg/s,1.0e-9,true
R9-P4-load,input,10,1,8.326672684688674e-17,MW,1.0e-8,true
R9-P4-return-bound,input,10,1,0.0,K,1.0e-8,true
R9-P3-mass,input,10,2,0.0,kg/s,1.0e-9,true
R9-P4-load,input,10,2,8.326672684688674e-17,MW,1.0e-8,true
R9-P4-return-bound,input,10,2,0.0,K,1.0e-8,true
R9-P3-mass,input,10,3,0.0,kg/s,1.0e-9,true
R9-P4-load,input,10,3,8.326672684688674e-17,MW,1.0e-8,true
R9-P4-return-bound,input,10,3,0.0,K,1.0e-8,true
R9-P3-mass,input,10,4,0.0,kg/s,1.0e-9,true
R9-P4-load,input,10,4,8.326672684688674e-17,MW,1.0e-8,true
R9-P4-return-bound,input,10,4,0.0,K,1.0e-8,true
R9-P3-mass,input,10,5,0.0,kg/s,1.0e-9,true
R9-P4-load,input,10,5,8.326672684688674e-17,MW,1.0e-8,true
R9-P4-return-bound,input,10,5,0.0,K,1.0e-8,true
R9-P3-mass,input,10,6,0.0,kg/s,1.0e-9,true
R9-P4-load,input,10,6,8.326672684688674e-17,MW,1.0e-8,true
R9-P4-return-bound,input,10,6,0.0,K,1.0e-8,true
R9-P3-mass,input,10,7,0.0,kg/s,1.0e-9,true
R9-P4-load,input,10,7,5.551115123125783e-17,MW,1.0e-8,true
R9-P4-return-bound,input,10,7,0.0,K,1.0e-8,true
R9-P3-mass,input,10,8,0.0,kg/s,1.0e-9,true
R9-P4-load,input,10,8,5.551115123125783e-17,MW,1.0e-8,true
R9-P4-return-bound,input,10,8,0.0,K,1.0e-8,true
R9-P3-mass,input,10,9,0.0,kg/s,1.0e-9,true
R9-P4-load,input,10,9,5.551115123125783e-17,MW,1.0e-8,true
R9-P4-return-bound,input,10,9,0.0,K,1.0e-8,true
R9-P3-mass,input,10,10,0.0,kg/s,1.0e-9,true
R9-P4-load,input,10,10,8.326672684688674e-17,MW,1.0e-8,true
R9-P4-return-bound,input,10,10,0.0,K,1.0e-8,true
R9-P3-mass,input,10,11,0.0,kg/s,1.0e-9,true
R9-P4-load,input,10,11,1.1102230246251565e-16,MW,1.0e-8,true
R9-P4-return-bound,input,10,11,0.0,K,1.0e-8,true
R9-P3-mass,input,10,12,0.0,kg/s,1.0e-9,true
R9-P4-load,input,10,12,8.326672684688674e-17,MW,1.0e-8,true
R9-P4-return-bound,input,10,12,0.0,K,1.0e-8,true
R9-P3-mass,input,10,13,0.0,kg/s,1.0e-9,true
R9-P4-load,input,10,13,8.326672684688674e-17,MW,1.0e-8,true
R9-P4-return-bound,input,10,13,0.0,K,1.0e-8,true
R9-P3-mass,input,10,14,0.0,kg/s,1.0e-9,true
R9-P4-load,input,10,14,8.326672684688674e-17,MW,1.0e-8,true
R9-P4-return-bound,input,10,14,0.0,K,1.0e-8,true
R9-P3-mass,input,10,15,0.0,kg/s,1.0e-9,true
R9-P4-load,input,10,15,8.326672684688674e-17,MW,1.0e-8,true
R9-P4-return-bound,input,10,15,0.0,K,1.0e-8,true
R9-P3-mass,input,10,16,0.0,kg/s,1.0e-9,true
R9-P4-load,input,10,16,8.326672684688674e-17,MW,1.0e-8,true
R9-P4-return-bound,input,10,16,0.0,K,1.0e-8,true
R9-P3-mass,input,10,17,0.0,kg/s,1.0e-9,true
R9-P4-load,input,10,17,5.551115123125783e-17,MW,1.0e-8,true
R9-P4-return-bound,input,10,17,0.0,K,1.0e-8,true
R9-P3-mass,input,10,18,0.0,kg/s,1.0e-9,true
R9-P4-load,input,10,18,5.551115123125783e-17,MW,1.0e-8,true
R9-P4-return-bound,input,10,18,0.0,K,1.0e-8,true
R9-P3-mass,input,10,19,0.0,kg/s,1.0e-9,true
R9-P4-load,input,10,19,5.551115123125783e-17,MW,1.0e-8,true
R9-P4-return-bound,input,10,19,0.0,K,1.0e-8,true
R9-P3-mass,input,10,20,0.0,kg/s,1.0e-9,true
R9-P4-load,input,10,20,8.326672684688674e-17,MW,1.0e-8,true
R9-P4-return-bound,input,10,20,0.0,K,1.0e-8,true
R9-P3-mass,input,10,21,0.0,kg/s,1.0e-9,true
R9-P4-load,input,10,21,8.326672684688674e-17,MW,1.0e-8,true
R9-P4-return-bound,input,10,21,0.0,K,1.0e-8,true
R9-P3-mass,input,10,22,0.0,kg/s,1.0e-9,true
R9-P4-load,input,10,22,1.1102230246251565e-16,MW,1.0e-8,true
R9-P4-return-bound,input,10,22,0.0,K,1.0e-8,true
R9-P3-mass,input,10,23,0.0,kg/s,1.0e-9,true
R9-P4-load,input,10,23,8.326672684688674e-17,MW,1.0e-8,true
R9-P4-return-bound,input,10,23,0.0,K,1.0e-8,true
R9-P3-mass,input,10,24,0.0,kg/s,1.0e-9,true
R9-P4-load,input,10,24,8.326672684688674e-17,MW,1.0e-8,true
R9-P4-return-bound,input,10,24,0.0,K,1.0e-8,true
R9-P3-mass,input,11,1,0.0,kg/s,1.0e-9,true
R9-P4-load,input,11,1,8.326672684688674e-17,MW,1.0e-8,true
R9-P4-return-bound,input,11,1,0.0,K,1.0e-8,true
R9-P3-mass,input,11,2,0.0,kg/s,1.0e-9,true
R9-P4-load,input,11,2,8.326672684688674e-17,MW,1.0e-8,true
R9-P4-return-bound,input,11,2,0.0,K,1.0e-8,true
R9-P3-mass,input,11,3,0.0,kg/s,1.0e-9,true
R9-P4-load,input,11,3,8.326672684688674e-17,MW,1.0e-8,true
R9-P4-return-bound,input,11,3,0.0,K,1.0e-8,true
R9-P3-mass,input,11,4,0.0,kg/s,1.0e-9,true
R9-P4-load,input,11,4,8.326672684688674e-17,MW,1.0e-8,true
R9-P4-return-bound,input,11,4,0.0,K,1.0e-8,true
R9-P3-mass,input,11,5,0.0,kg/s,1.0e-9,true
R9-P4-load,input,11,5,8.326672684688674e-17,MW,1.0e-8,true
R9-P4-return-bound,input,11,5,0.0,K,1.0e-8,true
R9-P3-mass,input,11,6,0.0,kg/s,1.0e-9,true
R9-P4-load,input,11,6,8.326672684688674e-17,MW,1.0e-8,true
R9-P4-return-bound,input,11,6,0.0,K,1.0e-8,true
R9-P3-mass,input,11,7,0.0,kg/s,1.0e-9,true
R9-P4-load,input,11,7,5.551115123125783e-17,MW,1.0e-8,true
R9-P4-return-bound,input,11,7,0.0,K,1.0e-8,true
R9-P3-mass,input,11,8,0.0,kg/s,1.0e-9,true
R9-P4-load,input,11,8,5.551115123125783e-17,MW,1.0e-8,true
R9-P4-return-bound,input,11,8,0.0,K,1.0e-8,true
R9-P3-mass,input,11,9,0.0,kg/s,1.0e-9,true
R9-P4-load,input,11,9,5.551115123125783e-17,MW,1.0e-8,true
R9-P4-return-bound,input,11,9,0.0,K,1.0e-8,true
R9-P3-mass,input,11,10,0.0,kg/s,1.0e-9,true
R9-P4-load,input,11,10,8.326672684688674e-17,MW,1.0e-8,true
R9-P4-return-bound,input,11,10,0.0,K,1.0e-8,true
R9-P3-mass,input,11,11,0.0,kg/s,1.0e-9,true
R9-P4-load,input,11,11,1.1102230246251565e-16,MW,1.0e-8,true
R9-P4-return-bound,input,11,11,0.0,K,1.0e-8,true
R9-P3-mass,input,11,12,0.0,kg/s,1.0e-9,true
R9-P4-load,input,11,12,8.326672684688674e-17,MW,1.0e-8,true
R9-P4-return-bound,input,11,12,0.0,K,1.0e-8,true
R9-P3-mass,input,11,13,0.0,kg/s,1.0e-9,true
R9-P4-load,input,11,13,8.326672684688674e-17,MW,1.0e-8,true
R9-P4-return-bound,input,11,13,0.0,K,1.0e-8,true
R9-P3-mass,input,11,14,0.0,kg/s,1.0e-9,true
R9-P4-load,input,11,14,8.326672684688674e-17,MW,1.0e-8,true
R9-P4-return-bound,input,11,14,0.0,K,1.0e-8,true
R9-P3-mass,input,11,15,0.0,kg/s,1.0e-9,true
R9-P4-load,input,11,15,8.326672684688674e-17,MW,1.0e-8,true
R9-P4-return-bound,input,11,15,0.0,K,1.0e-8,true
R9-P3-mass,input,11,16,0.0,kg/s,1.0e-9,true
R9-P4-load,input,11,16,8.326672684688674e-17,MW,1.0e-8,true
R9-P4-return-bound,input,11,16,0.0,K,1.0e-8,true
R9-P3-mass,input,11,17,0.0,kg/s,1.0e-9,true
R9-P4-load,input,11,17,5.551115123125783e-17,MW,1.0e-8,true
R9-P4-return-bound,input,11,17,0.0,K,1.0e-8,true
R9-P3-mass,input,11,18,0.0,kg/s,1.0e-9,true
R9-P4-load,input,11,18,5.551115123125783e-17,MW,1.0e-8,true
R9-P4-return-bound,input,11,18,0.0,K,1.0e-8,true
R9-P3-mass,input,11,19,0.0,kg/s,1.0e-9,true
R9-P4-load,input,11,19,5.551115123125783e-17,MW,1.0e-8,true
R9-P4-return-bound,input,11,19,0.0,K,1.0e-8,true
R9-P3-mass,input,11,20,0.0,kg/s,1.0e-9,true
R9-P4-load,input,11,20,8.326672684688674e-17,MW,1.0e-8,true
R9-P4-return-bound,input,11,20,0.0,K,1.0e-8,true
R9-P3-mass,input,11,21,0.0,kg/s,1.0e-9,true
R9-P4-load,input,11,21,8.326672684688674e-17,MW,1.0e-8,true
R9-P4-return-bound,input,11,21,0.0,K,1.0e-8,true
R9-P3-mass,input,11,22,0.0,kg/s,1.0e-9,true
R9-P4-load,input,11,22,1.1102230246251565e-16,MW,1.0e-8,true
R9-P4-return-bound,input,11,22,0.0,K,1.0e-8,true
R9-P3-mass,input,11,23,0.0,kg/s,1.0e-9,true
R9-P4-load,input,11,23,8.326672684688674e-17,MW,1.0e-8,true
R9-P4-return-bound,input,11,23,0.0,K,1.0e-8,true
R9-P3-mass,input,11,24,0.0,kg/s,1.0e-9,true
R9-P4-load,input,11,24,8.326672684688674e-17,MW,1.0e-8,true
R9-P4-return-bound,input,11,24,0.0,K,1.0e-8,true
R9-P3-mass,input,12,1,0.0,kg/s,1.0e-9,true
R9-P4-load,input,12,1,5.551115123125783e-17,MW,1.0e-8,true
R9-P4-return-bound,input,12,1,0.0,K,1.0e-8,true
R9-P3-mass,input,12,2,0.0,kg/s,1.0e-9,true
R9-P4-load,input,12,2,5.551115123125783e-17,MW,1.0e-8,true
R9-P4-return-bound,input,12,2,0.0,K,1.0e-8,true
R9-P3-mass,input,12,3,0.0,kg/s,1.0e-9,true
R9-P4-load,input,12,3,8.326672684688674e-17,MW,1.0e-8,true
R9-P4-return-bound,input,12,3,0.0,K,1.0e-8,true
R9-P3-mass,input,12,4,0.0,kg/s,1.0e-9,true
R9-P4-load,input,12,4,8.326672684688674e-17,MW,1.0e-8,true
R9-P4-return-bound,input,12,4,0.0,K,1.0e-8,true
R9-P3-mass,input,12,5,0.0,kg/s,1.0e-9,true
R9-P4-load,input,12,5,5.551115123125783e-17,MW,1.0e-8,true
R9-P4-return-bound,input,12,5,0.0,K,1.0e-8,true
R9-P3-mass,input,12,6,0.0,kg/s,1.0e-9,true
R9-P4-load,input,12,6,2.7755575615628914e-17,MW,1.0e-8,true
R9-P4-return-bound,input,12,6,0.0,K,1.0e-8,true
R9-P3-mass,input,12,7,0.0,kg/s,1.0e-9,true
R9-P4-load,input,12,7,2.7755575615628914e-17,MW,1.0e-8,true
R9-P4-return-bound,input,12,7,0.0,K,1.0e-8,true
R9-P3-mass,input,12,8,0.0,kg/s,1.0e-9,true
R9-P4-load,input,12,8,2.7755575615628914e-17,MW,1.0e-8,true
R9-P4-return-bound,input,12,8,0.0,K,1.0e-8,true
R9-P3-mass,input,12,9,0.0,kg/s,1.0e-9,true
R9-P4-load,input,12,9,2.7755575615628914e-17,MW,1.0e-8,true
R9-P4-return-bound,input,12,9,0.0,K,1.0e-8,true
R9-P3-mass,input,12,10,0.0,kg/s,1.0e-9,true
R9-P4-load,input,12,10,2.7755575615628914e-17,MW,1.0e-8,true
R9-P4-return-bound,input,12,10,0.0,K,1.0e-8,true
R9-P3-mass,input,12,11,0.0,kg/s,1.0e-9,true
R9-P4-load,input,12,11,2.7755575615628914e-17,MW,1.0e-8,true
R9-P4-return-bound,input,12,11,0.0,K,1.0e-8,true
R9-P3-mass,input,12,12,0.0,kg/s,1.0e-9,true
R9-P4-load,input,12,12,5.551115123125783e-17,MW,1.0e-8,true
R9-P4-return-bound,input,12,12,0.0,K,1.0e-8,true
R9-P3-mass,input,12,13,0.0,kg/s,1.0e-9,true
R9-P4-load,input,12,13,8.326672684688674e-17,MW,1.0e-8,true
R9-P4-return-bound,input,12,13,0.0,K,1.0e-8,true
R9-P3-mass,input,12,14,0.0,kg/s,1.0e-9,true
R9-P4-load,input,12,14,8.326672684688674e-17,MW,1.0e-8,true
R9-P4-return-bound,input,12,14,0.0,K,1.0e-8,true
R9-P3-mass,input,12,15,0.0,kg/s,1.0e-9,true
R9-P4-load,input,12,15,8.326672684688674e-17,MW,1.0e-8,true
R9-P4-return-bound,input,12,15,0.0,K,1.0e-8,true
R9-P3-mass,input,12,16,0.0,kg/s,1.0e-9,true
R9-P4-load,input,12,16,2.7755575615628914e-17,MW,1.0e-8,true
R9-P4-return-bound,input,12,16,0.0,K,1.0e-8,true
R9-P3-mass,input,12,17,0.0,kg/s,1.0e-9,true
R9-P4-load,input,12,17,5.551115123125783e-17,MW,1.0e-8,true
R9-P4-return-bound,input,12,17,0.0,K,1.0e-8,true
R9-P3-mass,input,12,18,0.0,kg/s,1.0e-9,true
R9-P4-load,input,12,18,2.7755575615628914e-17,MW,1.0e-8,true
R9-P4-return-bound,input,12,18,0.0,K,1.0e-8,true
R9-P3-mass,input,12,19,0.0,kg/s,1.0e-9,true
R9-P4-load,input,12,19,2.7755575615628914e-17,MW,1.0e-8,true
R9-P4-return-bound,input,12,19,0.0,K,1.0e-8,true
R9-P3-mass,input,12,20,0.0,kg/s,1.0e-9,true
R9-P4-load,input,12,20,2.7755575615628914e-17,MW,1.0e-8,true
R9-P4-return-bound,input,12,20,0.0,K,1.0e-8,true
R9-P3-mass,input,12,21,0.0,kg/s,1.0e-9,true
R9-P4-load,input,12,21,2.7755575615628914e-17,MW,1.0e-8,true
R9-P4-return-bound,input,12,21,0.0,K,1.0e-8,true
R9-P3-mass,input,12,22,0.0,kg/s,1.0e-9,true
R9-P4-load,input,12,22,2.7755575615628914e-17,MW,1.0e-8,true
R9-P4-return-bound,input,12,22,0.0,K,1.0e-8,true
R9-P3-mass,input,12,23,0.0,kg/s,1.0e-9,true
R9-P4-load,input,12,23,5.551115123125783e-17,MW,1.0e-8,true
R9-P4-return-bound,input,12,23,0.0,K,1.0e-8,true
R9-P3-mass,input,12,24,0.0,kg/s,1.0e-9,true
R9-P4-load,input,12,24,5.551115123125783e-17,MW,1.0e-8,true
R9-P4-return-bound,input,12,24,0.0,K,1.0e-8,true
R9-P3-mass,input,13,1,0.0,kg/s,1.0e-9,true
R9-P4-load,input,13,1,0.0,MW,1.0e-8,true
R9-P4-return-bound,input,13,1,0.0,K,1.0e-8,true
R9-P3-mass,input,13,2,0.0,kg/s,1.0e-9,true
R9-P4-load,input,13,2,0.0,MW,1.0e-8,true
R9-P4-return-bound,input,13,2,0.0,K,1.0e-8,true
R9-P3-mass,input,13,3,0.0,kg/s,1.0e-9,true
R9-P4-load,input,13,3,0.0,MW,1.0e-8,true
R9-P4-return-bound,input,13,3,0.0,K,1.0e-8,true
R9-P3-mass,input,13,4,0.0,kg/s,1.0e-9,true
R9-P4-load,input,13,4,0.0,MW,1.0e-8,true
R9-P4-return-bound,input,13,4,0.0,K,1.0e-8,true
R9-P3-mass,input,13,5,0.0,kg/s,1.0e-9,true
R9-P4-load,input,13,5,0.0,MW,1.0e-8,true
R9-P4-return-bound,input,13,5,0.0,K,1.0e-8,true
R9-P3-mass,input,13,6,0.0,kg/s,1.0e-9,true
R9-P4-load,input,13,6,0.0,MW,1.0e-8,true
R9-P4-return-bound,input,13,6,0.0,K,1.0e-8,true
R9-P3-mass,input,13,7,0.0,kg/s,1.0e-9,true
R9-P4-load,input,13,7,0.0,MW,1.0e-8,true
R9-P4-return-bound,input,13,7,0.0,K,1.0e-8,true
R9-P3-mass,input,13,8,0.0,kg/s,1.0e-9,true
R9-P4-load,input,13,8,0.0,MW,1.0e-8,true
R9-P4-return-bound,input,13,8,0.0,K,1.0e-8,true
R9-P3-mass,input,13,9,0.0,kg/s,1.0e-9,true
R9-P4-load,input,13,9,0.0,MW,1.0e-8,true
R9-P4-return-bound,input,13,9,0.0,K,1.0e-8,true
R9-P3-mass,input,13,10,0.0,kg/s,1.0e-9,true
R9-P4-load,input,13,10,0.0,MW,1.0e-8,true
R9-P4-return-bound,input,13,10,0.0,K,1.0e-8,true
R9-P3-mass,input,13,11,0.0,kg/s,1.0e-9,true
R9-P4-load,input,13,11,0.0,MW,1.0e-8,true
R9-P4-return-bound,input,13,11,0.0,K,1.0e-8,true
R9-P3-mass,input,13,12,0.0,kg/s,1.0e-9,true
R9-P4-load,input,13,12,0.0,MW,1.0e-8,true
R9-P4-return-bound,input,13,12,0.0,K,1.0e-8,true
R9-P3-mass,input,13,13,0.0,kg/s,1.0e-9,true
R9-P4-load,input,13,13,0.0,MW,1.0e-8,true
R9-P4-return-bound,input,13,13,0.0,K,1.0e-8,true
R9-P3-mass,input,13,14,0.0,kg/s,1.0e-9,true
R9-P4-load,input,13,14,0.0,MW,1.0e-8,true
R9-P4-return-bound,input,13,14,0.0,K,1.0e-8,true
R9-P3-mass,input,13,15,0.0,kg/s,1.0e-9,true
R9-P4-load,input,13,15,0.0,MW,1.0e-8,true
R9-P4-return-bound,input,13,15,0.0,K,1.0e-8,true
R9-P3-mass,input,13,16,0.0,kg/s,1.0e-9,true
R9-P4-load,input,13,16,0.0,MW,1.0e-8,true
R9-P4-return-bound,input,13,16,0.0,K,1.0e-8,true
R9-P3-mass,input,13,17,0.0,kg/s,1.0e-9,true
R9-P4-load,input,13,17,2.7755575615628914e-17,MW,1.0e-8,true
R9-P4-return-bound,input,13,17,0.0,K,1.0e-8,true
R9-P3-mass,input,13,18,0.0,kg/s,1.0e-9,true
R9-P4-load,input,13,18,0.0,MW,1.0e-8,true
R9-P4-return-bound,input,13,18,0.0,K,1.0e-8,true
R9-P3-mass,input,13,19,0.0,kg/s,1.0e-9,true
R9-P4-load,input,13,19,0.0,MW,1.0e-8,true
R9-P4-return-bound,input,13,19,0.0,K,1.0e-8,true
R9-P3-mass,input,13,20,0.0,kg/s,1.0e-9,true
R9-P4-load,input,13,20,0.0,MW,1.0e-8,true
R9-P4-return-bound,input,13,20,0.0,K,1.0e-8,true
R9-P3-mass,input,13,21,0.0,kg/s,1.0e-9,true
R9-P4-load,input,13,21,0.0,MW,1.0e-8,true
R9-P4-return-bound,input,13,21,0.0,K,1.0e-8,true
R9-P3-mass,input,13,22,0.0,kg/s,1.0e-9,true
R9-P4-load,input,13,22,0.0,MW,1.0e-8,true
R9-P4-return-bound,input,13,22,0.0,K,1.0e-8,true
R9-P3-mass,input,13,23,0.0,kg/s,1.0e-9,true
R9-P4-load,input,13,23,0.0,MW,1.0e-8,true
R9-P4-return-bound,input,13,23,0.0,K,1.0e-8,true
R9-P3-mass,input,13,24,0.0,kg/s,1.0e-9,true
R9-P4-load,input,13,24,0.0,MW,1.0e-8,true
R9-P4-return-bound,input,13,24,0.0,K,1.0e-8,true
R9-P3-mass,input,14,1,0.0,kg/s,1.0e-9,true
R9-P4-load,input,14,1,0.0,MW,1.0e-8,true
R9-P4-return-bound,input,14,1,0.0,K,1.0e-8,true
R9-P3-mass,input,14,2,0.0,kg/s,1.0e-9,true
R9-P4-load,input,14,2,0.0,MW,1.0e-8,true
R9-P4-return-bound,input,14,2,0.0,K,1.0e-8,true
R9-P3-mass,input,14,3,0.0,kg/s,1.0e-9,true
R9-P4-load,input,14,3,0.0,MW,1.0e-8,true
R9-P4-return-bound,input,14,3,0.0,K,1.0e-8,true
R9-P3-mass,input,14,4,0.0,kg/s,1.0e-9,true
R9-P4-load,input,14,4,0.0,MW,1.0e-8,true
R9-P4-return-bound,input,14,4,0.0,K,1.0e-8,true
R9-P3-mass,input,14,5,0.0,kg/s,1.0e-9,true
R9-P4-load,input,14,5,0.0,MW,1.0e-8,true
R9-P4-return-bound,input,14,5,0.0,K,1.0e-8,true
R9-P3-mass,input,14,6,0.0,kg/s,1.0e-9,true
R9-P4-load,input,14,6,0.0,MW,1.0e-8,true
R9-P4-return-bound,input,14,6,0.0,K,1.0e-8,true
R9-P3-mass,input,14,7,0.0,kg/s,1.0e-9,true
R9-P4-load,input,14,7,0.0,MW,1.0e-8,true
R9-P4-return-bound,input,14,7,0.0,K,1.0e-8,true
R9-P3-mass,input,14,8,0.0,kg/s,1.0e-9,true
R9-P4-load,input,14,8,0.0,MW,1.0e-8,true
R9-P4-return-bound,input,14,8,0.0,K,1.0e-8,true
R9-P3-mass,input,14,9,0.0,kg/s,1.0e-9,true
R9-P4-load,input,14,9,0.0,MW,1.0e-8,true
R9-P4-return-bound,input,14,9,0.0,K,1.0e-8,true
R9-P3-mass,input,14,10,0.0,kg/s,1.0e-9,true
R9-P4-load,input,14,10,0.0,MW,1.0e-8,true
R9-P4-return-bound,input,14,10,0.0,K,1.0e-8,true
R9-P3-mass,input,14,11,0.0,kg/s,1.0e-9,true
R9-P4-load,input,14,11,0.0,MW,1.0e-8,true
R9-P4-return-bound,input,14,11,0.0,K,1.0e-8,true
R9-P3-mass,input,14,12,0.0,kg/s,1.0e-9,true
R9-P4-load,input,14,12,0.0,MW,1.0e-8,true
R9-P4-return-bound,input,14,12,0.0,K,1.0e-8,true
R9-P3-mass,input,14,13,0.0,kg/s,1.0e-9,true
R9-P4-load,input,14,13,0.0,MW,1.0e-8,true
R9-P4-return-bound,input,14,13,0.0,K,1.0e-8,true
R9-P3-mass,input,14,14,0.0,kg/s,1.0e-9,true
R9-P4-load,input,14,14,0.0,MW,1.0e-8,true
R9-P4-return-bound,input,14,14,0.0,K,1.0e-8,true
R9-P3-mass,input,14,15,0.0,kg/s,1.0e-9,true
R9-P4-load,input,14,15,0.0,MW,1.0e-8,true
R9-P4-return-bound,input,14,15,0.0,K,1.0e-8,true
R9-P3-mass,input,14,16,0.0,kg/s,1.0e-9,true
R9-P4-load,input,14,16,0.0,MW,1.0e-8,true
R9-P4-return-bound,input,14,16,0.0,K,1.0e-8,true
R9-P3-mass,input,14,17,0.0,kg/s,1.0e-9,true
R9-P4-load,input,14,17,2.7755575615628914e-17,MW,1.0e-8,true
R9-P4-return-bound,input,14,17,0.0,K,1.0e-8,true
R9-P3-mass,input,14,18,0.0,kg/s,1.0e-9,true
R9-P4-load,input,14,18,0.0,MW,1.0e-8,true
R9-P4-return-bound,input,14,18,0.0,K,1.0e-8,true
R9-P3-mass,input,14,19,0.0,kg/s,1.0e-9,true
R9-P4-load,input,14,19,0.0,MW,1.0e-8,true
R9-P4-return-bound,input,14,19,0.0,K,1.0e-8,true
R9-P3-mass,input,14,20,0.0,kg/s,1.0e-9,true
R9-P4-load,input,14,20,0.0,MW,1.0e-8,true
R9-P4-return-bound,input,14,20,0.0,K,1.0e-8,true
R9-P3-mass,input,14,21,0.0,kg/s,1.0e-9,true
R9-P4-load,input,14,21,0.0,MW,1.0e-8,true
R9-P4-return-bound,input,14,21,0.0,K,1.0e-8,true
R9-P3-mass,input,14,22,0.0,kg/s,1.0e-9,true
R9-P4-load,input,14,22,0.0,MW,1.0e-8,true
R9-P4-return-bound,input,14,22,0.0,K,1.0e-8,true
R9-P3-mass,input,14,23,0.0,kg/s,1.0e-9,true
R9-P4-load,input,14,23,0.0,MW,1.0e-8,true
R9-P4-return-bound,input,14,23,0.0,K,1.0e-8,true
R9-P3-mass,input,14,24,0.0,kg/s,1.0e-9,true
R9-P4-load,input,14,24,0.0,MW,1.0e-8,true
R9-P4-return-bound,input,14,24,0.0,K,1.0e-8,true
R9-P3-mass,input,15,1,0.0,kg/s,1.0e-9,true
R9-P4-capacity,input,15,1,0.0,MW,1.0e-8,true
R9-P4-source,input,15,1,0.0,MW,1.0e-8,true
R9-P3-mass,input,15,2,0.0,kg/s,1.0e-9,true
R9-P4-capacity,input,15,2,0.0,MW,1.0e-8,true
R9-P4-source,input,15,2,0.0,MW,1.0e-8,true
R9-P3-mass,input,15,3,0.0,kg/s,1.0e-9,true
R9-P4-capacity,input,15,3,0.0,MW,1.0e-8,true
R9-P4-source,input,15,3,0.0,MW,1.0e-8,true
R9-P3-mass,input,15,4,0.0,kg/s,1.0e-9,true
R9-P4-capacity,input,15,4,0.0,MW,1.0e-8,true
R9-P4-source,input,15,4,0.0,MW,1.0e-8,true
R9-P3-mass,input,15,5,0.0,kg/s,1.0e-9,true
R9-P4-capacity,input,15,5,0.0,MW,1.0e-8,true
R9-P4-source,input,15,5,0.0,MW,1.0e-8,true
R9-P3-mass,input,15,6,0.0,kg/s,1.0e-9,true
R9-P4-capacity,input,15,6,0.0,MW,1.0e-8,true
R9-P4-source,input,15,6,0.0,MW,1.0e-8,true
R9-P3-mass,input,15,7,0.0,kg/s,1.0e-9,true
R9-P4-capacity,input,15,7,0.0,MW,1.0e-8,true
R9-P4-source,input,15,7,0.0,MW,1.0e-8,true
R9-P3-mass,input,15,8,0.0,kg/s,1.0e-9,true
R9-P4-capacity,input,15,8,0.0,MW,1.0e-8,true
R9-P4-source,input,15,8,0.0,MW,1.0e-8,true
R9-P3-mass,input,15,9,0.0,kg/s,1.0e-9,true
R9-P4-capacity,input,15,9,0.0,MW,1.0e-8,true
R9-P4-source,input,15,9,0.0,MW,1.0e-8,true
R9-P3-mass,input,15,10,0.0,kg/s,1.0e-9,true
R9-P4-capacity,input,15,10,0.0,MW,1.0e-8,true
R9-P4-source,input,15,10,0.0,MW,1.0e-8,true
R9-P3-mass,input,15,11,0.0,kg/s,1.0e-9,true
R9-P4-capacity,input,15,11,0.0,MW,1.0e-8,true
R9-P4-source,input,15,11,0.0,MW,1.0e-8,true
R9-P3-mass,input,15,12,0.0,kg/s,1.0e-9,true
R9-P4-capacity,input,15,12,0.0,MW,1.0e-8,true
R9-P4-source,input,15,12,0.0,MW,1.0e-8,true
R9-P3-mass,input,15,13,0.0,kg/s,1.0e-9,true
R9-P4-capacity,input,15,13,0.0,MW,1.0e-8,true
R9-P4-source,input,15,13,0.0,MW,1.0e-8,true
R9-P3-mass,input,15,14,0.0,kg/s,1.0e-9,true
R9-P4-capacity,input,15,14,0.0,MW,1.0e-8,true
R9-P4-source,input,15,14,0.0,MW,1.0e-8,true
R9-P3-mass,input,15,15,0.0,kg/s,1.0e-9,true
R9-P4-capacity,input,15,15,0.0,MW,1.0e-8,true
R9-P4-source,input,15,15,0.0,MW,1.0e-8,true
R9-P3-mass,input,15,16,0.0,kg/s,1.0e-9,true
R9-P4-capacity,input,15,16,0.0,MW,1.0e-8,true
R9-P4-source,input,15,16,0.0,MW,1.0e-8,true
R9-P3-mass,input,15,17,0.0,kg/s,1.0e-9,true
R9-P4-capacity,input,15,17,0.0,MW,1.0e-8,true
R9-P4-source,input,15,17,0.0,MW,1.0e-8,true
R9-P3-mass,input,15,18,0.0,kg/s,1.0e-9,true
R9-P4-capacity,input,15,18,0.0,MW,1.0e-8,true
R9-P4-source,input,15,18,0.0,MW,1.0e-8,true
R9-P3-mass,input,15,19,0.0,kg/s,1.0e-9,true
R9-P4-capacity,input,15,19,0.0,MW,1.0e-8,true
R9-P4-source,input,15,19,0.0,MW,1.0e-8,true
R9-P3-mass,input,15,20,0.0,kg/s,1.0e-9,true
R9-P4-capacity,input,15,20,0.0,MW,1.0e-8,true
R9-P4-source,input,15,20,0.0,MW,1.0e-8,true
R9-P3-mass,input,15,21,0.0,kg/s,1.0e-9,true
R9-P4-capacity,input,15,21,0.0,MW,1.0e-8,true
R9-P4-source,input,15,21,0.0,MW,1.0e-8,true
R9-P3-mass,input,15,22,0.0,kg/s,1.0e-9,true
R9-P4-capacity,input,15,22,0.0,MW,1.0e-8,true
R9-P4-source,input,15,22,0.0,MW,1.0e-8,true
R9-P3-mass,input,15,23,0.0,kg/s,1.0e-9,true
R9-P4-capacity,input,15,23,0.0,MW,1.0e-8,true
R9-P4-source,input,15,23,0.0,MW,1.0e-8,true
R9-P3-mass,input,15,24,0.0,kg/s,1.0e-9,true
R9-P4-capacity,input,15,24,0.0,MW,1.0e-8,true
R9-P4-source,input,15,24,0.0,MW,1.0e-8,true
R9-P3-mass,input,16,1,0.0,kg/s,1.0e-9,true
R9-P4-load,input,16,1,0.0,MW,1.0e-8,true
R9-P4-return-bound,input,16,1,0.0,K,1.0e-8,true
R9-P3-mass,input,16,2,0.0,kg/s,1.0e-9,true
R9-P4-load,input,16,2,0.0,MW,1.0e-8,true
R9-P4-return-bound,input,16,2,0.0,K,1.0e-8,true
R9-P3-mass,input,16,3,0.0,kg/s,1.0e-9,true
R9-P4-load,input,16,3,0.0,MW,1.0e-8,true
R9-P4-return-bound,input,16,3,0.0,K,1.0e-8,true
R9-P3-mass,input,16,4,0.0,kg/s,1.0e-9,true
R9-P4-load,input,16,4,0.0,MW,1.0e-8,true
R9-P4-return-bound,input,16,4,0.0,K,1.0e-8,true
R9-P3-mass,input,16,5,0.0,kg/s,1.0e-9,true
R9-P4-load,input,16,5,0.0,MW,1.0e-8,true
R9-P4-return-bound,input,16,5,0.0,K,1.0e-8,true
R9-P3-mass,input,16,6,0.0,kg/s,1.0e-9,true
R9-P4-load,input,16,6,0.0,MW,1.0e-8,true
R9-P4-return-bound,input,16,6,0.0,K,1.0e-8,true
R9-P3-mass,input,16,7,0.0,kg/s,1.0e-9,true
R9-P4-load,input,16,7,0.0,MW,1.0e-8,true
R9-P4-return-bound,input,16,7,0.0,K,1.0e-8,true
R9-P3-mass,input,16,8,0.0,kg/s,1.0e-9,true
R9-P4-load,input,16,8,0.0,MW,1.0e-8,true
R9-P4-return-bound,input,16,8,0.0,K,1.0e-8,true
R9-P3-mass,input,16,9,0.0,kg/s,1.0e-9,true
R9-P4-load,input,16,9,0.0,MW,1.0e-8,true
R9-P4-return-bound,input,16,9,0.0,K,1.0e-8,true
R9-P3-mass,input,16,10,0.0,kg/s,1.0e-9,true
R9-P4-load,input,16,10,0.0,MW,1.0e-8,true
R9-P4-return-bound,input,16,10,0.0,K,1.0e-8,true
R9-P3-mass,input,16,11,0.0,kg/s,1.0e-9,true
R9-P4-load,input,16,11,0.0,MW,1.0e-8,true
R9-P4-return-bound,input,16,11,0.0,K,1.0e-8,true
R9-P3-mass,input,16,12,0.0,kg/s,1.0e-9,true
R9-P4-load,input,16,12,0.0,MW,1.0e-8,true
R9-P4-return-bound,input,16,12,0.0,K,1.0e-8,true
R9-P3-mass,input,16,13,0.0,kg/s,1.0e-9,true
R9-P4-load,input,16,13,0.0,MW,1.0e-8,true
R9-P4-return-bound,input,16,13,0.0,K,1.0e-8,true
R9-P3-mass,input,16,14,0.0,kg/s,1.0e-9,true
R9-P4-load,input,16,14,0.0,MW,1.0e-8,true
R9-P4-return-bound,input,16,14,0.0,K,1.0e-8,true
R9-P3-mass,input,16,15,0.0,kg/s,1.0e-9,true
R9-P4-load,input,16,15,0.0,MW,1.0e-8,true
R9-P4-return-bound,input,16,15,0.0,K,1.0e-8,true
R9-P3-mass,input,16,16,0.0,kg/s,1.0e-9,true
R9-P4-load,input,16,16,0.0,MW,1.0e-8,true
R9-P4-return-bound,input,16,16,0.0,K,1.0e-8,true
R9-P3-mass,input,16,17,0.0,kg/s,1.0e-9,true
R9-P4-load,input,16,17,2.7755575615628914e-17,MW,1.0e-8,true
R9-P4-return-bound,input,16,17,0.0,K,1.0e-8,true
R9-P3-mass,input,16,18,0.0,kg/s,1.0e-9,true
R9-P4-load,input,16,18,0.0,MW,1.0e-8,true
R9-P4-return-bound,input,16,18,0.0,K,1.0e-8,true
R9-P3-mass,input,16,19,0.0,kg/s,1.0e-9,true
R9-P4-load,input,16,19,0.0,MW,1.0e-8,true
R9-P4-return-bound,input,16,19,0.0,K,1.0e-8,true
R9-P3-mass,input,16,20,0.0,kg/s,1.0e-9,true
R9-P4-load,input,16,20,0.0,MW,1.0e-8,true
R9-P4-return-bound,input,16,20,0.0,K,1.0e-8,true
R9-P3-mass,input,16,21,0.0,kg/s,1.0e-9,true
R9-P4-load,input,16,21,0.0,MW,1.0e-8,true
R9-P4-return-bound,input,16,21,0.0,K,1.0e-8,true
R9-P3-mass,input,16,22,0.0,kg/s,1.0e-9,true
R9-P4-load,input,16,22,0.0,MW,1.0e-8,true
R9-P4-return-bound,input,16,22,0.0,K,1.0e-8,true
R9-P3-mass,input,16,23,0.0,kg/s,1.0e-9,true
R9-P4-load,input,16,23,0.0,MW,1.0e-8,true
R9-P4-return-bound,input,16,23,0.0,K,1.0e-8,true
R9-P3-mass,input,16,24,0.0,kg/s,1.0e-9,true
R9-P4-load,input,16,24,0.0,MW,1.0e-8,true
R9-P4-return-bound,input,16,24,0.0,K,1.0e-8,true
R9-P3-mass,input,17,1,0.0,kg/s,1.0e-9,true
R9-P4-load,input,17,1,0.0,MW,1.0e-8,true
R9-P4-return-bound,input,17,1,0.0,K,1.0e-8,true
R9-P3-mass,input,17,2,0.0,kg/s,1.0e-9,true
R9-P4-load,input,17,2,0.0,MW,1.0e-8,true
R9-P4-return-bound,input,17,2,0.0,K,1.0e-8,true
R9-P3-mass,input,17,3,0.0,kg/s,1.0e-9,true
R9-P4-load,input,17,3,0.0,MW,1.0e-8,true
R9-P4-return-bound,input,17,3,0.0,K,1.0e-8,true
R9-P3-mass,input,17,4,0.0,kg/s,1.0e-9,true
R9-P4-load,input,17,4,0.0,MW,1.0e-8,true
R9-P4-return-bound,input,17,4,0.0,K,1.0e-8,true
R9-P3-mass,input,17,5,0.0,kg/s,1.0e-9,true
R9-P4-load,input,17,5,0.0,MW,1.0e-8,true
R9-P4-return-bound,input,17,5,0.0,K,1.0e-8,true
R9-P3-mass,input,17,6,0.0,kg/s,1.0e-9,true
R9-P4-load,input,17,6,0.0,MW,1.0e-8,true
R9-P4-return-bound,input,17,6,0.0,K,1.0e-8,true
R9-P3-mass,input,17,7,0.0,kg/s,1.0e-9,true
R9-P4-load,input,17,7,0.0,MW,1.0e-8,true
R9-P4-return-bound,input,17,7,0.0,K,1.0e-8,true
R9-P3-mass,input,17,8,0.0,kg/s,1.0e-9,true
R9-P4-load,input,17,8,0.0,MW,1.0e-8,true
R9-P4-return-bound,input,17,8,0.0,K,1.0e-8,true
R9-P3-mass,input,17,9,0.0,kg/s,1.0e-9,true
R9-P4-load,input,17,9,0.0,MW,1.0e-8,true
R9-P4-return-bound,input,17,9,0.0,K,1.0e-8,true
R9-P3-mass,input,17,10,0.0,kg/s,1.0e-9,true
R9-P4-load,input,17,10,0.0,MW,1.0e-8,true
R9-P4-return-bound,input,17,10,0.0,K,1.0e-8,true
R9-P3-mass,input,17,11,0.0,kg/s,1.0e-9,true
R9-P4-load,input,17,11,0.0,MW,1.0e-8,true
R9-P4-return-bound,input,17,11,0.0,K,1.0e-8,true
R9-P3-mass,input,17,12,0.0,kg/s,1.0e-9,true
R9-P4-load,input,17,12,0.0,MW,1.0e-8,true
R9-P4-return-bound,input,17,12,0.0,K,1.0e-8,true
R9-P3-mass,input,17,13,0.0,kg/s,1.0e-9,true
R9-P4-load,input,17,13,0.0,MW,1.0e-8,true
R9-P4-return-bound,input,17,13,0.0,K,1.0e-8,true
R9-P3-mass,input,17,14,0.0,kg/s,1.0e-9,true
R9-P4-load,input,17,14,0.0,MW,1.0e-8,true
R9-P4-return-bound,input,17,14,0.0,K,1.0e-8,true
R9-P3-mass,input,17,15,0.0,kg/s,1.0e-9,true
R9-P4-load,input,17,15,0.0,MW,1.0e-8,true
R9-P4-return-bound,input,17,15,0.0,K,1.0e-8,true
R9-P3-mass,input,17,16,0.0,kg/s,1.0e-9,true
R9-P4-load,input,17,16,0.0,MW,1.0e-8,true
R9-P4-return-bound,input,17,16,0.0,K,1.0e-8,true
R9-P3-mass,input,17,17,0.0,kg/s,1.0e-9,true
R9-P4-load,input,17,17,2.7755575615628914e-17,MW,1.0e-8,true
R9-P4-return-bound,input,17,17,0.0,K,1.0e-8,true
R9-P3-mass,input,17,18,0.0,kg/s,1.0e-9,true
R9-P4-load,input,17,18,0.0,MW,1.0e-8,true
R9-P4-return-bound,input,17,18,0.0,K,1.0e-8,true
R9-P3-mass,input,17,19,0.0,kg/s,1.0e-9,true
R9-P4-load,input,17,19,0.0,MW,1.0e-8,true
R9-P4-return-bound,input,17,19,0.0,K,1.0e-8,true
R9-P3-mass,input,17,20,0.0,kg/s,1.0e-9,true
R9-P4-load,input,17,20,0.0,MW,1.0e-8,true
R9-P4-return-bound,input,17,20,0.0,K,1.0e-8,true
R9-P3-mass,input,17,21,0.0,kg/s,1.0e-9,true
R9-P4-load,input,17,21,0.0,MW,1.0e-8,true
R9-P4-return-bound,input,17,21,0.0,K,1.0e-8,true
R9-P3-mass,input,17,22,0.0,kg/s,1.0e-9,true
R9-P4-load,input,17,22,0.0,MW,1.0e-8,true
R9-P4-return-bound,input,17,22,0.0,K,1.0e-8,true
R9-P3-mass,input,17,23,0.0,kg/s,1.0e-9,true
R9-P4-load,input,17,23,0.0,MW,1.0e-8,true
R9-P4-return-bound,input,17,23,0.0,K,1.0e-8,true
R9-P3-mass,input,17,24,0.0,kg/s,1.0e-9,true
R9-P4-load,input,17,24,0.0,MW,1.0e-8,true
R9-P4-return-bound,input,17,24,0.0,K,1.0e-8,true
R9-P3-mass,input,18,1,0.0,kg/s,1.0e-9,true
R9-P4-load,input,18,1,0.0,MW,1.0e-8,true
R9-P4-return-bound,input,18,1,0.0,K,1.0e-8,true
R9-P3-mass,input,18,2,0.0,kg/s,1.0e-9,true
R9-P4-load,input,18,2,0.0,MW,1.0e-8,true
R9-P4-return-bound,input,18,2,0.0,K,1.0e-8,true
R9-P3-mass,input,18,3,0.0,kg/s,1.0e-9,true
R9-P4-load,input,18,3,0.0,MW,1.0e-8,true
R9-P4-return-bound,input,18,3,0.0,K,1.0e-8,true
R9-P3-mass,input,18,4,0.0,kg/s,1.0e-9,true
R9-P4-load,input,18,4,0.0,MW,1.0e-8,true
R9-P4-return-bound,input,18,4,0.0,K,1.0e-8,true
R9-P3-mass,input,18,5,0.0,kg/s,1.0e-9,true
R9-P4-load,input,18,5,0.0,MW,1.0e-8,true
R9-P4-return-bound,input,18,5,0.0,K,1.0e-8,true
R9-P3-mass,input,18,6,0.0,kg/s,1.0e-9,true
R9-P4-load,input,18,6,0.0,MW,1.0e-8,true
R9-P4-return-bound,input,18,6,0.0,K,1.0e-8,true
R9-P3-mass,input,18,7,0.0,kg/s,1.0e-9,true
R9-P4-load,input,18,7,0.0,MW,1.0e-8,true
R9-P4-return-bound,input,18,7,0.0,K,1.0e-8,true
R9-P3-mass,input,18,8,0.0,kg/s,1.0e-9,true
R9-P4-load,input,18,8,0.0,MW,1.0e-8,true
R9-P4-return-bound,input,18,8,0.0,K,1.0e-8,true
R9-P3-mass,input,18,9,0.0,kg/s,1.0e-9,true
R9-P4-load,input,18,9,0.0,MW,1.0e-8,true
R9-P4-return-bound,input,18,9,0.0,K,1.0e-8,true
R9-P3-mass,input,18,10,0.0,kg/s,1.0e-9,true
R9-P4-load,input,18,10,0.0,MW,1.0e-8,true
R9-P4-return-bound,input,18,10,0.0,K,1.0e-8,true
R9-P3-mass,input,18,11,0.0,kg/s,1.0e-9,true
R9-P4-load,input,18,11,0.0,MW,1.0e-8,true
R9-P4-return-bound,input,18,11,0.0,K,1.0e-8,true
R9-P3-mass,input,18,12,0.0,kg/s,1.0e-9,true
R9-P4-load,input,18,12,0.0,MW,1.0e-8,true
R9-P4-return-bound,input,18,12,0.0,K,1.0e-8,true
R9-P3-mass,input,18,13,0.0,kg/s,1.0e-9,true
R9-P4-load,input,18,13,0.0,MW,1.0e-8,true
R9-P4-return-bound,input,18,13,0.0,K,1.0e-8,true
R9-P3-mass,input,18,14,0.0,kg/s,1.0e-9,true
R9-P4-load,input,18,14,0.0,MW,1.0e-8,true
R9-P4-return-bound,input,18,14,0.0,K,1.0e-8,true
R9-P3-mass,input,18,15,0.0,kg/s,1.0e-9,true
R9-P4-load,input,18,15,0.0,MW,1.0e-8,true
R9-P4-return-bound,input,18,15,0.0,K,1.0e-8,true
R9-P3-mass,input,18,16,0.0,kg/s,1.0e-9,true
R9-P4-load,input,18,16,0.0,MW,1.0e-8,true
R9-P4-return-bound,input,18,16,0.0,K,1.0e-8,true
R9-P3-mass,input,18,17,0.0,kg/s,1.0e-9,true
R9-P4-load,input,18,17,2.7755575615628914e-17,MW,1.0e-8,true
R9-P4-return-bound,input,18,17,0.0,K,1.0e-8,true
R9-P3-mass,input,18,18,0.0,kg/s,1.0e-9,true
R9-P4-load,input,18,18,0.0,MW,1.0e-8,true
R9-P4-return-bound,input,18,18,0.0,K,1.0e-8,true
R9-P3-mass,input,18,19,0.0,kg/s,1.0e-9,true
R9-P4-load,input,18,19,0.0,MW,1.0e-8,true
R9-P4-return-bound,input,18,19,0.0,K,1.0e-8,true
R9-P3-mass,input,18,20,0.0,kg/s,1.0e-9,true
R9-P4-load,input,18,20,0.0,MW,1.0e-8,true
R9-P4-return-bound,input,18,20,0.0,K,1.0e-8,true
R9-P3-mass,input,18,21,0.0,kg/s,1.0e-9,true
R9-P4-load,input,18,21,0.0,MW,1.0e-8,true
R9-P4-return-bound,input,18,21,0.0,K,1.0e-8,true
R9-P3-mass,input,18,22,0.0,kg/s,1.0e-9,true
R9-P4-load,input,18,22,0.0,MW,1.0e-8,true
R9-P4-return-bound,input,18,22,0.0,K,1.0e-8,true
R9-P3-mass,input,18,23,0.0,kg/s,1.0e-9,true
R9-P4-load,input,18,23,0.0,MW,1.0e-8,true
R9-P4-return-bound,input,18,23,0.0,K,1.0e-8,true
R9-P3-mass,input,18,24,0.0,kg/s,1.0e-9,true
R9-P4-load,input,18,24,0.0,MW,1.0e-8,true
R9-P4-return-bound,input,18,24,0.0,K,1.0e-8,true
R9-P3-mass,input,19,1,0.0,kg/s,1.0e-9,true
R9-P4-load,input,19,1,0.0,MW,1.0e-8,true
R9-P4-return-bound,input,19,1,0.0,K,1.0e-8,true
R9-P3-mass,input,19,2,0.0,kg/s,1.0e-9,true
R9-P4-load,input,19,2,0.0,MW,1.0e-8,true
R9-P4-return-bound,input,19,2,0.0,K,1.0e-8,true
R9-P3-mass,input,19,3,0.0,kg/s,1.0e-9,true
R9-P4-load,input,19,3,0.0,MW,1.0e-8,true
R9-P4-return-bound,input,19,3,0.0,K,1.0e-8,true
R9-P3-mass,input,19,4,0.0,kg/s,1.0e-9,true
R9-P4-load,input,19,4,0.0,MW,1.0e-8,true
R9-P4-return-bound,input,19,4,0.0,K,1.0e-8,true
R9-P3-mass,input,19,5,0.0,kg/s,1.0e-9,true
R9-P4-load,input,19,5,0.0,MW,1.0e-8,true
R9-P4-return-bound,input,19,5,0.0,K,1.0e-8,true
R9-P3-mass,input,19,6,0.0,kg/s,1.0e-9,true
R9-P4-load,input,19,6,0.0,MW,1.0e-8,true
R9-P4-return-bound,input,19,6,0.0,K,1.0e-8,true
R9-P3-mass,input,19,7,0.0,kg/s,1.0e-9,true
R9-P4-load,input,19,7,0.0,MW,1.0e-8,true
R9-P4-return-bound,input,19,7,0.0,K,1.0e-8,true
R9-P3-mass,input,19,8,0.0,kg/s,1.0e-9,true
R9-P4-load,input,19,8,0.0,MW,1.0e-8,true
R9-P4-return-bound,input,19,8,0.0,K,1.0e-8,true
R9-P3-mass,input,19,9,0.0,kg/s,1.0e-9,true
R9-P4-load,input,19,9,0.0,MW,1.0e-8,true
R9-P4-return-bound,input,19,9,0.0,K,1.0e-8,true
R9-P3-mass,input,19,10,0.0,kg/s,1.0e-9,true
R9-P4-load,input,19,10,0.0,MW,1.0e-8,true
R9-P4-return-bound,input,19,10,0.0,K,1.0e-8,true
R9-P3-mass,input,19,11,0.0,kg/s,1.0e-9,true
R9-P4-load,input,19,11,0.0,MW,1.0e-8,true
R9-P4-return-bound,input,19,11,0.0,K,1.0e-8,true
R9-P3-mass,input,19,12,0.0,kg/s,1.0e-9,true
R9-P4-load,input,19,12,0.0,MW,1.0e-8,true
R9-P4-return-bound,input,19,12,0.0,K,1.0e-8,true
R9-P3-mass,input,19,13,0.0,kg/s,1.0e-9,true
R9-P4-load,input,19,13,0.0,MW,1.0e-8,true
R9-P4-return-bound,input,19,13,0.0,K,1.0e-8,true
R9-P3-mass,input,19,14,0.0,kg/s,1.0e-9,true
R9-P4-load,input,19,14,0.0,MW,1.0e-8,true
R9-P4-return-bound,input,19,14,0.0,K,1.0e-8,true
R9-P3-mass,input,19,15,0.0,kg/s,1.0e-9,true
R9-P4-load,input,19,15,0.0,MW,1.0e-8,true
R9-P4-return-bound,input,19,15,0.0,K,1.0e-8,true
R9-P3-mass,input,19,16,0.0,kg/s,1.0e-9,true
R9-P4-load,input,19,16,0.0,MW,1.0e-8,true
R9-P4-return-bound,input,19,16,0.0,K,1.0e-8,true
R9-P3-mass,input,19,17,0.0,kg/s,1.0e-9,true
R9-P4-load,input,19,17,2.7755575615628914e-17,MW,1.0e-8,true
R9-P4-return-bound,input,19,17,0.0,K,1.0e-8,true
R9-P3-mass,input,19,18,0.0,kg/s,1.0e-9,true
R9-P4-load,input,19,18,0.0,MW,1.0e-8,true
R9-P4-return-bound,input,19,18,0.0,K,1.0e-8,true
R9-P3-mass,input,19,19,0.0,kg/s,1.0e-9,true
R9-P4-load,input,19,19,0.0,MW,1.0e-8,true
R9-P4-return-bound,input,19,19,0.0,K,1.0e-8,true
R9-P3-mass,input,19,20,0.0,kg/s,1.0e-9,true
R9-P4-load,input,19,20,0.0,MW,1.0e-8,true
R9-P4-return-bound,input,19,20,0.0,K,1.0e-8,true
R9-P3-mass,input,19,21,0.0,kg/s,1.0e-9,true
R9-P4-load,input,19,21,0.0,MW,1.0e-8,true
R9-P4-return-bound,input,19,21,0.0,K,1.0e-8,true
R9-P3-mass,input,19,22,0.0,kg/s,1.0e-9,true
R9-P4-load,input,19,22,0.0,MW,1.0e-8,true
R9-P4-return-bound,input,19,22,0.0,K,1.0e-8,true
R9-P3-mass,input,19,23,0.0,kg/s,1.0e-9,true
R9-P4-load,input,19,23,0.0,MW,1.0e-8,true
R9-P4-return-bound,input,19,23,0.0,K,1.0e-8,true
R9-P3-mass,input,19,24,0.0,kg/s,1.0e-9,true
R9-P4-load,input,19,24,0.0,MW,1.0e-8,true
R9-P4-return-bound,input,19,24,0.0,K,1.0e-8,true
R9-P3-mass,input,20,1,0.0,kg/s,1.0e-9,true
R9-P4-load,input,20,1,0.0,MW,1.0e-8,true
R9-P4-return-bound,input,20,1,0.0,K,1.0e-8,true
R9-P3-mass,input,20,2,0.0,kg/s,1.0e-9,true
R9-P4-load,input,20,2,0.0,MW,1.0e-8,true
R9-P4-return-bound,input,20,2,0.0,K,1.0e-8,true
R9-P3-mass,input,20,3,0.0,kg/s,1.0e-9,true
R9-P4-load,input,20,3,0.0,MW,1.0e-8,true
R9-P4-return-bound,input,20,3,0.0,K,1.0e-8,true
R9-P3-mass,input,20,4,0.0,kg/s,1.0e-9,true
R9-P4-load,input,20,4,0.0,MW,1.0e-8,true
R9-P4-return-bound,input,20,4,0.0,K,1.0e-8,true
R9-P3-mass,input,20,5,0.0,kg/s,1.0e-9,true
R9-P4-load,input,20,5,0.0,MW,1.0e-8,true
R9-P4-return-bound,input,20,5,0.0,K,1.0e-8,true
R9-P3-mass,input,20,6,0.0,kg/s,1.0e-9,true
R9-P4-load,input,20,6,0.0,MW,1.0e-8,true
R9-P4-return-bound,input,20,6,0.0,K,1.0e-8,true
R9-P3-mass,input,20,7,0.0,kg/s,1.0e-9,true
R9-P4-load,input,20,7,0.0,MW,1.0e-8,true
R9-P4-return-bound,input,20,7,0.0,K,1.0e-8,true
R9-P3-mass,input,20,8,0.0,kg/s,1.0e-9,true
R9-P4-load,input,20,8,0.0,MW,1.0e-8,true
R9-P4-return-bound,input,20,8,0.0,K,1.0e-8,true
R9-P3-mass,input,20,9,0.0,kg/s,1.0e-9,true
R9-P4-load,input,20,9,0.0,MW,1.0e-8,true
R9-P4-return-bound,input,20,9,0.0,K,1.0e-8,true
R9-P3-mass,input,20,10,0.0,kg/s,1.0e-9,true
R9-P4-load,input,20,10,0.0,MW,1.0e-8,true
R9-P4-return-bound,input,20,10,0.0,K,1.0e-8,true
R9-P3-mass,input,20,11,0.0,kg/s,1.0e-9,true
R9-P4-load,input,20,11,0.0,MW,1.0e-8,true
R9-P4-return-bound,input,20,11,0.0,K,1.0e-8,true
R9-P3-mass,input,20,12,0.0,kg/s,1.0e-9,true
R9-P4-load,input,20,12,0.0,MW,1.0e-8,true
R9-P4-return-bound,input,20,12,0.0,K,1.0e-8,true
R9-P3-mass,input,20,13,0.0,kg/s,1.0e-9,true
R9-P4-load,input,20,13,0.0,MW,1.0e-8,true
R9-P4-return-bound,input,20,13,0.0,K,1.0e-8,true
R9-P3-mass,input,20,14,0.0,kg/s,1.0e-9,true
R9-P4-load,input,20,14,0.0,MW,1.0e-8,true
R9-P4-return-bound,input,20,14,0.0,K,1.0e-8,true
R9-P3-mass,input,20,15,0.0,kg/s,1.0e-9,true
R9-P4-load,input,20,15,0.0,MW,1.0e-8,true
R9-P4-return-bound,input,20,15,0.0,K,1.0e-8,true
R9-P3-mass,input,20,16,0.0,kg/s,1.0e-9,true
R9-P4-load,input,20,16,0.0,MW,1.0e-8,true
R9-P4-return-bound,input,20,16,0.0,K,1.0e-8,true
R9-P3-mass,input,20,17,0.0,kg/s,1.0e-9,true
R9-P4-load,input,20,17,2.7755575615628914e-17,MW,1.0e-8,true
R9-P4-return-bound,input,20,17,0.0,K,1.0e-8,true
R9-P3-mass,input,20,18,0.0,kg/s,1.0e-9,true
R9-P4-load,input,20,18,0.0,MW,1.0e-8,true
R9-P4-return-bound,input,20,18,0.0,K,1.0e-8,true
R9-P3-mass,input,20,19,0.0,kg/s,1.0e-9,true
R9-P4-load,input,20,19,0.0,MW,1.0e-8,true
R9-P4-return-bound,input,20,19,0.0,K,1.0e-8,true
R9-P3-mass,input,20,20,0.0,kg/s,1.0e-9,true
R9-P4-load,input,20,20,0.0,MW,1.0e-8,true
R9-P4-return-bound,input,20,20,0.0,K,1.0e-8,true
R9-P3-mass,input,20,21,0.0,kg/s,1.0e-9,true
R9-P4-load,input,20,21,0.0,MW,1.0e-8,true
R9-P4-return-bound,input,20,21,0.0,K,1.0e-8,true
R9-P3-mass,input,20,22,0.0,kg/s,1.0e-9,true
R9-P4-load,input,20,22,0.0,MW,1.0e-8,true
R9-P4-return-bound,input,20,22,0.0,K,1.0e-8,true
R9-P3-mass,input,20,23,0.0,kg/s,1.0e-9,true
R9-P4-load,input,20,23,0.0,MW,1.0e-8,true
R9-P4-return-bound,input,20,23,0.0,K,1.0e-8,true
R9-P3-mass,input,20,24,0.0,kg/s,1.0e-9,true
R9-P4-load,input,20,24,0.0,MW,1.0e-8,true
R9-P4-return-bound,input,20,24,0.0,K,1.0e-8,true
R9-P3-mass,input,21,1,0.0,kg/s,1.0e-9,true
R9-P4-load,input,21,1,0.0,MW,1.0e-8,true
R9-P4-return-bound,input,21,1,0.0,K,1.0e-8,true
R9-P3-mass,input,21,2,0.0,kg/s,1.0e-9,true
R9-P4-load,input,21,2,0.0,MW,1.0e-8,true
R9-P4-return-bound,input,21,2,0.0,K,1.0e-8,true
R9-P3-mass,input,21,3,0.0,kg/s,1.0e-9,true
R9-P4-load,input,21,3,0.0,MW,1.0e-8,true
R9-P4-return-bound,input,21,3,0.0,K,1.0e-8,true
R9-P3-mass,input,21,4,0.0,kg/s,1.0e-9,true
R9-P4-load,input,21,4,0.0,MW,1.0e-8,true
R9-P4-return-bound,input,21,4,0.0,K,1.0e-8,true
R9-P3-mass,input,21,5,0.0,kg/s,1.0e-9,true
R9-P4-load,input,21,5,0.0,MW,1.0e-8,true
R9-P4-return-bound,input,21,5,0.0,K,1.0e-8,true
R9-P3-mass,input,21,6,0.0,kg/s,1.0e-9,true
R9-P4-load,input,21,6,0.0,MW,1.0e-8,true
R9-P4-return-bound,input,21,6,0.0,K,1.0e-8,true
R9-P3-mass,input,21,7,0.0,kg/s,1.0e-9,true
R9-P4-load,input,21,7,0.0,MW,1.0e-8,true
R9-P4-return-bound,input,21,7,0.0,K,1.0e-8,true
R9-P3-mass,input,21,8,0.0,kg/s,1.0e-9,true
R9-P4-load,input,21,8,0.0,MW,1.0e-8,true
R9-P4-return-bound,input,21,8,0.0,K,1.0e-8,true
R9-P3-mass,input,21,9,0.0,kg/s,1.0e-9,true
R9-P4-load,input,21,9,0.0,MW,1.0e-8,true
R9-P4-return-bound,input,21,9,0.0,K,1.0e-8,true
R9-P3-mass,input,21,10,0.0,kg/s,1.0e-9,true
R9-P4-load,input,21,10,0.0,MW,1.0e-8,true
R9-P4-return-bound,input,21,10,0.0,K,1.0e-8,true
R9-P3-mass,input,21,11,0.0,kg/s,1.0e-9,true
R9-P4-load,input,21,11,0.0,MW,1.0e-8,true
R9-P4-return-bound,input,21,11,0.0,K,1.0e-8,true
R9-P3-mass,input,21,12,0.0,kg/s,1.0e-9,true
R9-P4-load,input,21,12,0.0,MW,1.0e-8,true
R9-P4-return-bound,input,21,12,0.0,K,1.0e-8,true
R9-P3-mass,input,21,13,0.0,kg/s,1.0e-9,true
R9-P4-load,input,21,13,0.0,MW,1.0e-8,true
R9-P4-return-bound,input,21,13,0.0,K,1.0e-8,true
R9-P3-mass,input,21,14,0.0,kg/s,1.0e-9,true
R9-P4-load,input,21,14,0.0,MW,1.0e-8,true
R9-P4-return-bound,input,21,14,0.0,K,1.0e-8,true
R9-P3-mass,input,21,15,0.0,kg/s,1.0e-9,true
R9-P4-load,input,21,15,0.0,MW,1.0e-8,true
R9-P4-return-bound,input,21,15,0.0,K,1.0e-8,true
R9-P3-mass,input,21,16,0.0,kg/s,1.0e-9,true
R9-P4-load,input,21,16,0.0,MW,1.0e-8,true
R9-P4-return-bound,input,21,16,0.0,K,1.0e-8,true
R9-P3-mass,input,21,17,0.0,kg/s,1.0e-9,true
R9-P4-load,input,21,17,2.7755575615628914e-17,MW,1.0e-8,true
R9-P4-return-bound,input,21,17,0.0,K,1.0e-8,true
R9-P3-mass,input,21,18,0.0,kg/s,1.0e-9,true
R9-P4-load,input,21,18,0.0,MW,1.0e-8,true
R9-P4-return-bound,input,21,18,0.0,K,1.0e-8,true
R9-P3-mass,input,21,19,0.0,kg/s,1.0e-9,true
R9-P4-load,input,21,19,0.0,MW,1.0e-8,true
R9-P4-return-bound,input,21,19,0.0,K,1.0e-8,true
R9-P3-mass,input,21,20,0.0,kg/s,1.0e-9,true
R9-P4-load,input,21,20,0.0,MW,1.0e-8,true
R9-P4-return-bound,input,21,20,0.0,K,1.0e-8,true
R9-P3-mass,input,21,21,0.0,kg/s,1.0e-9,true
R9-P4-load,input,21,21,0.0,MW,1.0e-8,true
R9-P4-return-bound,input,21,21,0.0,K,1.0e-8,true
R9-P3-mass,input,21,22,0.0,kg/s,1.0e-9,true
R9-P4-load,input,21,22,0.0,MW,1.0e-8,true
R9-P4-return-bound,input,21,22,0.0,K,1.0e-8,true
R9-P3-mass,input,21,23,0.0,kg/s,1.0e-9,true
R9-P4-load,input,21,23,0.0,MW,1.0e-8,true
R9-P4-return-bound,input,21,23,0.0,K,1.0e-8,true
R9-P3-mass,input,21,24,0.0,kg/s,1.0e-9,true
R9-P4-load,input,21,24,0.0,MW,1.0e-8,true
R9-P4-return-bound,input,21,24,0.0,K,1.0e-8,true
R9-P3-mass,input,22,1,0.0,kg/s,1.0e-9,true
R9-P4-load,input,22,1,0.0,MW,1.0e-8,true
R9-P4-return-bound,input,22,1,0.0,K,1.0e-8,true
R9-P3-mass,input,22,2,0.0,kg/s,1.0e-9,true
R9-P4-load,input,22,2,0.0,MW,1.0e-8,true
R9-P4-return-bound,input,22,2,0.0,K,1.0e-8,true
R9-P3-mass,input,22,3,0.0,kg/s,1.0e-9,true
R9-P4-load,input,22,3,0.0,MW,1.0e-8,true
R9-P4-return-bound,input,22,3,0.0,K,1.0e-8,true
R9-P3-mass,input,22,4,0.0,kg/s,1.0e-9,true
R9-P4-load,input,22,4,0.0,MW,1.0e-8,true
R9-P4-return-bound,input,22,4,0.0,K,1.0e-8,true
R9-P3-mass,input,22,5,0.0,kg/s,1.0e-9,true
R9-P4-load,input,22,5,0.0,MW,1.0e-8,true
R9-P4-return-bound,input,22,5,0.0,K,1.0e-8,true
R9-P3-mass,input,22,6,0.0,kg/s,1.0e-9,true
R9-P4-load,input,22,6,0.0,MW,1.0e-8,true
R9-P4-return-bound,input,22,6,0.0,K,1.0e-8,true
R9-P3-mass,input,22,7,0.0,kg/s,1.0e-9,true
R9-P4-load,input,22,7,0.0,MW,1.0e-8,true
R9-P4-return-bound,input,22,7,0.0,K,1.0e-8,true
R9-P3-mass,input,22,8,0.0,kg/s,1.0e-9,true
R9-P4-load,input,22,8,0.0,MW,1.0e-8,true
R9-P4-return-bound,input,22,8,0.0,K,1.0e-8,true
R9-P3-mass,input,22,9,0.0,kg/s,1.0e-9,true
R9-P4-load,input,22,9,0.0,MW,1.0e-8,true
R9-P4-return-bound,input,22,9,0.0,K,1.0e-8,true
R9-P3-mass,input,22,10,0.0,kg/s,1.0e-9,true
R9-P4-load,input,22,10,0.0,MW,1.0e-8,true
R9-P4-return-bound,input,22,10,0.0,K,1.0e-8,true
R9-P3-mass,input,22,11,0.0,kg/s,1.0e-9,true
R9-P4-load,input,22,11,0.0,MW,1.0e-8,true
R9-P4-return-bound,input,22,11,0.0,K,1.0e-8,true
R9-P3-mass,input,22,12,0.0,kg/s,1.0e-9,true
R9-P4-load,input,22,12,0.0,MW,1.0e-8,true
R9-P4-return-bound,input,22,12,0.0,K,1.0e-8,true
R9-P3-mass,input,22,13,0.0,kg/s,1.0e-9,true
R9-P4-load,input,22,13,0.0,MW,1.0e-8,true
R9-P4-return-bound,input,22,13,0.0,K,1.0e-8,true
R9-P3-mass,input,22,14,0.0,kg/s,1.0e-9,true
R9-P4-load,input,22,14,0.0,MW,1.0e-8,true
R9-P4-return-bound,input,22,14,0.0,K,1.0e-8,true
R9-P3-mass,input,22,15,0.0,kg/s,1.0e-9,true
R9-P4-load,input,22,15,0.0,MW,1.0e-8,true
R9-P4-return-bound,input,22,15,0.0,K,1.0e-8,true
R9-P3-mass,input,22,16,0.0,kg/s,1.0e-9,true
R9-P4-load,input,22,16,0.0,MW,1.0e-8,true
R9-P4-return-bound,input,22,16,0.0,K,1.0e-8,true
R9-P3-mass,input,22,17,0.0,kg/s,1.0e-9,true
R9-P4-load,input,22,17,2.7755575615628914e-17,MW,1.0e-8,true
R9-P4-return-bound,input,22,17,0.0,K,1.0e-8,true
R9-P3-mass,input,22,18,0.0,kg/s,1.0e-9,true
R9-P4-load,input,22,18,0.0,MW,1.0e-8,true
R9-P4-return-bound,input,22,18,0.0,K,1.0e-8,true
R9-P3-mass,input,22,19,0.0,kg/s,1.0e-9,true
R9-P4-load,input,22,19,0.0,MW,1.0e-8,true
R9-P4-return-bound,input,22,19,0.0,K,1.0e-8,true
R9-P3-mass,input,22,20,0.0,kg/s,1.0e-9,true
R9-P4-load,input,22,20,0.0,MW,1.0e-8,true
R9-P4-return-bound,input,22,20,0.0,K,1.0e-8,true
R9-P3-mass,input,22,21,0.0,kg/s,1.0e-9,true
R9-P4-load,input,22,21,0.0,MW,1.0e-8,true
R9-P4-return-bound,input,22,21,0.0,K,1.0e-8,true
R9-P3-mass,input,22,22,0.0,kg/s,1.0e-9,true
R9-P4-load,input,22,22,0.0,MW,1.0e-8,true
R9-P4-return-bound,input,22,22,0.0,K,1.0e-8,true
R9-P3-mass,input,22,23,0.0,kg/s,1.0e-9,true
R9-P4-load,input,22,23,0.0,MW,1.0e-8,true
R9-P4-return-bound,input,22,23,0.0,K,1.0e-8,true
R9-P3-mass,input,22,24,0.0,kg/s,1.0e-9,true
R9-P4-load,input,22,24,0.0,MW,1.0e-8,true
R9-P4-return-bound,input,22,24,0.0,K,1.0e-8,true
R9-P3-mass,input,23,1,0.0,kg/s,1.0e-9,true
R9-P4-load,input,23,1,0.0,MW,1.0e-8,true
R9-P4-return-bound,input,23,1,0.0,K,1.0e-8,true
R9-P3-mass,input,23,2,0.0,kg/s,1.0e-9,true
R9-P4-load,input,23,2,0.0,MW,1.0e-8,true
R9-P4-return-bound,input,23,2,0.0,K,1.0e-8,true
R9-P3-mass,input,23,3,0.0,kg/s,1.0e-9,true
R9-P4-load,input,23,3,0.0,MW,1.0e-8,true
R9-P4-return-bound,input,23,3,0.0,K,1.0e-8,true
R9-P3-mass,input,23,4,0.0,kg/s,1.0e-9,true
R9-P4-load,input,23,4,0.0,MW,1.0e-8,true
R9-P4-return-bound,input,23,4,0.0,K,1.0e-8,true
R9-P3-mass,input,23,5,0.0,kg/s,1.0e-9,true
R9-P4-load,input,23,5,0.0,MW,1.0e-8,true
R9-P4-return-bound,input,23,5,0.0,K,1.0e-8,true
R9-P3-mass,input,23,6,0.0,kg/s,1.0e-9,true
R9-P4-load,input,23,6,0.0,MW,1.0e-8,true
R9-P4-return-bound,input,23,6,0.0,K,1.0e-8,true
R9-P3-mass,input,23,7,0.0,kg/s,1.0e-9,true
R9-P4-load,input,23,7,0.0,MW,1.0e-8,true
R9-P4-return-bound,input,23,7,0.0,K,1.0e-8,true
R9-P3-mass,input,23,8,0.0,kg/s,1.0e-9,true
R9-P4-load,input,23,8,0.0,MW,1.0e-8,true
R9-P4-return-bound,input,23,8,0.0,K,1.0e-8,true
R9-P3-mass,input,23,9,0.0,kg/s,1.0e-9,true
R9-P4-load,input,23,9,0.0,MW,1.0e-8,true
R9-P4-return-bound,input,23,9,0.0,K,1.0e-8,true
R9-P3-mass,input,23,10,0.0,kg/s,1.0e-9,true
R9-P4-load,input,23,10,0.0,MW,1.0e-8,true
R9-P4-return-bound,input,23,10,0.0,K,1.0e-8,true
R9-P3-mass,input,23,11,0.0,kg/s,1.0e-9,true
R9-P4-load,input,23,11,0.0,MW,1.0e-8,true
R9-P4-return-bound,input,23,11,0.0,K,1.0e-8,true
R9-P3-mass,input,23,12,0.0,kg/s,1.0e-9,true
R9-P4-load,input,23,12,0.0,MW,1.0e-8,true
R9-P4-return-bound,input,23,12,0.0,K,1.0e-8,true
R9-P3-mass,input,23,13,0.0,kg/s,1.0e-9,true
R9-P4-load,input,23,13,0.0,MW,1.0e-8,true
R9-P4-return-bound,input,23,13,0.0,K,1.0e-8,true
R9-P3-mass,input,23,14,0.0,kg/s,1.0e-9,true
R9-P4-load,input,23,14,0.0,MW,1.0e-8,true
R9-P4-return-bound,input,23,14,0.0,K,1.0e-8,true
R9-P3-mass,input,23,15,0.0,kg/s,1.0e-9,true
R9-P4-load,input,23,15,0.0,MW,1.0e-8,true
R9-P4-return-bound,input,23,15,0.0,K,1.0e-8,true
R9-P3-mass,input,23,16,0.0,kg/s,1.0e-9,true
R9-P4-load,input,23,16,0.0,MW,1.0e-8,true
R9-P4-return-bound,input,23,16,0.0,K,1.0e-8,true
R9-P3-mass,input,23,17,0.0,kg/s,1.0e-9,true
R9-P4-load,input,23,17,2.7755575615628914e-17,MW,1.0e-8,true
R9-P4-return-bound,input,23,17,0.0,K,1.0e-8,true
R9-P3-mass,input,23,18,0.0,kg/s,1.0e-9,true
R9-P4-load,input,23,18,0.0,MW,1.0e-8,true
R9-P4-return-bound,input,23,18,0.0,K,1.0e-8,true
R9-P3-mass,input,23,19,0.0,kg/s,1.0e-9,true
R9-P4-load,input,23,19,0.0,MW,1.0e-8,true
R9-P4-return-bound,input,23,19,0.0,K,1.0e-8,true
R9-P3-mass,input,23,20,0.0,kg/s,1.0e-9,true
R9-P4-load,input,23,20,0.0,MW,1.0e-8,true
R9-P4-return-bound,input,23,20,0.0,K,1.0e-8,true
R9-P3-mass,input,23,21,0.0,kg/s,1.0e-9,true
R9-P4-load,input,23,21,0.0,MW,1.0e-8,true
R9-P4-return-bound,input,23,21,0.0,K,1.0e-8,true
R9-P3-mass,input,23,22,0.0,kg/s,1.0e-9,true
R9-P4-load,input,23,22,0.0,MW,1.0e-8,true
R9-P4-return-bound,input,23,22,0.0,K,1.0e-8,true
R9-P3-mass,input,23,23,0.0,kg/s,1.0e-9,true
R9-P4-load,input,23,23,0.0,MW,1.0e-8,true
R9-P4-return-bound,input,23,23,0.0,K,1.0e-8,true
R9-P3-mass,input,23,24,0.0,kg/s,1.0e-9,true
R9-P4-load,input,23,24,0.0,MW,1.0e-8,true
R9-P4-return-bound,input,23,24,0.0,K,1.0e-8,true
R9-P3-mass,input,24,1,0.0,kg/s,1.0e-9,true
R9-P4-load,input,24,1,0.0,MW,1.0e-8,true
R9-P4-return-bound,input,24,1,0.0,K,1.0e-8,true
R9-P3-mass,input,24,2,0.0,kg/s,1.0e-9,true
R9-P4-load,input,24,2,0.0,MW,1.0e-8,true
R9-P4-return-bound,input,24,2,0.0,K,1.0e-8,true
R9-P3-mass,input,24,3,0.0,kg/s,1.0e-9,true
R9-P4-load,input,24,3,0.0,MW,1.0e-8,true
R9-P4-return-bound,input,24,3,0.0,K,1.0e-8,true
R9-P3-mass,input,24,4,0.0,kg/s,1.0e-9,true
R9-P4-load,input,24,4,0.0,MW,1.0e-8,true
R9-P4-return-bound,input,24,4,0.0,K,1.0e-8,true
R9-P3-mass,input,24,5,0.0,kg/s,1.0e-9,true
R9-P4-load,input,24,5,0.0,MW,1.0e-8,true
R9-P4-return-bound,input,24,5,0.0,K,1.0e-8,true
R9-P3-mass,input,24,6,0.0,kg/s,1.0e-9,true
R9-P4-load,input,24,6,0.0,MW,1.0e-8,true
R9-P4-return-bound,input,24,6,0.0,K,1.0e-8,true
R9-P3-mass,input,24,7,0.0,kg/s,1.0e-9,true
R9-P4-load,input,24,7,0.0,MW,1.0e-8,true
R9-P4-return-bound,input,24,7,0.0,K,1.0e-8,true
R9-P3-mass,input,24,8,0.0,kg/s,1.0e-9,true
R9-P4-load,input,24,8,0.0,MW,1.0e-8,true
R9-P4-return-bound,input,24,8,0.0,K,1.0e-8,true
R9-P3-mass,input,24,9,0.0,kg/s,1.0e-9,true
R9-P4-load,input,24,9,0.0,MW,1.0e-8,true
R9-P4-return-bound,input,24,9,0.0,K,1.0e-8,true
R9-P3-mass,input,24,10,0.0,kg/s,1.0e-9,true
R9-P4-load,input,24,10,0.0,MW,1.0e-8,true
R9-P4-return-bound,input,24,10,0.0,K,1.0e-8,true
R9-P3-mass,input,24,11,0.0,kg/s,1.0e-9,true
R9-P4-load,input,24,11,0.0,MW,1.0e-8,true
R9-P4-return-bound,input,24,11,0.0,K,1.0e-8,true
R9-P3-mass,input,24,12,0.0,kg/s,1.0e-9,true
R9-P4-load,input,24,12,0.0,MW,1.0e-8,true
R9-P4-return-bound,input,24,12,0.0,K,1.0e-8,true
R9-P3-mass,input,24,13,0.0,kg/s,1.0e-9,true
R9-P4-load,input,24,13,0.0,MW,1.0e-8,true
R9-P4-return-bound,input,24,13,0.0,K,1.0e-8,true
R9-P3-mass,input,24,14,0.0,kg/s,1.0e-9,true
R9-P4-load,input,24,14,0.0,MW,1.0e-8,true
R9-P4-return-bound,input,24,14,0.0,K,1.0e-8,true
R9-P3-mass,input,24,15,0.0,kg/s,1.0e-9,true
R9-P4-load,input,24,15,0.0,MW,1.0e-8,true
R9-P4-return-bound,input,24,15,0.0,K,1.0e-8,true
R9-P3-mass,input,24,16,0.0,kg/s,1.0e-9,true
R9-P4-load,input,24,16,0.0,MW,1.0e-8,true
R9-P4-return-bound,input,24,16,0.0,K,1.0e-8,true
R9-P3-mass,input,24,17,0.0,kg/s,1.0e-9,true
R9-P4-load,input,24,17,2.7755575615628914e-17,MW,1.0e-8,true
R9-P4-return-bound,input,24,17,0.0,K,1.0e-8,true
R9-P3-mass,input,24,18,0.0,kg/s,1.0e-9,true
R9-P4-load,input,24,18,0.0,MW,1.0e-8,true
R9-P4-return-bound,input,24,18,0.0,K,1.0e-8,true
R9-P3-mass,input,24,19,0.0,kg/s,1.0e-9,true
R9-P4-load,input,24,19,0.0,MW,1.0e-8,true
R9-P4-return-bound,input,24,19,0.0,K,1.0e-8,true
R9-P3-mass,input,24,20,0.0,kg/s,1.0e-9,true
R9-P4-load,input,24,20,0.0,MW,1.0e-8,true
R9-P4-return-bound,input,24,20,0.0,K,1.0e-8,true
R9-P3-mass,input,24,21,0.0,kg/s,1.0e-9,true
R9-P4-load,input,24,21,0.0,MW,1.0e-8,true
R9-P4-return-bound,input,24,21,0.0,K,1.0e-8,true
R9-P3-mass,input,24,22,0.0,kg/s,1.0e-9,true
R9-P4-load,input,24,22,0.0,MW,1.0e-8,true
R9-P4-return-bound,input,24,22,0.0,K,1.0e-8,true
R9-P3-mass,input,24,23,0.0,kg/s,1.0e-9,true
R9-P4-load,input,24,23,0.0,MW,1.0e-8,true
R9-P4-return-bound,input,24,23,0.0,K,1.0e-8,true
R9-P3-mass,input,24,24,0.0,kg/s,1.0e-9,true
R9-P4-load,input,24,24,0.0,MW,1.0e-8,true
R9-P4-return-bound,input,24,24,0.0,K,1.0e-8,true
R9-P3-mass,input,25,1,0.0,kg/s,1.0e-9,true
R9-P4-load,input,25,1,0.0,MW,1.0e-8,true
R9-P4-return-bound,input,25,1,0.0,K,1.0e-8,true
R9-P3-mass,input,25,2,0.0,kg/s,1.0e-9,true
R9-P4-load,input,25,2,0.0,MW,1.0e-8,true
R9-P4-return-bound,input,25,2,0.0,K,1.0e-8,true
R9-P3-mass,input,25,3,0.0,kg/s,1.0e-9,true
R9-P4-load,input,25,3,0.0,MW,1.0e-8,true
R9-P4-return-bound,input,25,3,0.0,K,1.0e-8,true
R9-P3-mass,input,25,4,0.0,kg/s,1.0e-9,true
R9-P4-load,input,25,4,0.0,MW,1.0e-8,true
R9-P4-return-bound,input,25,4,0.0,K,1.0e-8,true
R9-P3-mass,input,25,5,0.0,kg/s,1.0e-9,true
R9-P4-load,input,25,5,0.0,MW,1.0e-8,true
R9-P4-return-bound,input,25,5,0.0,K,1.0e-8,true
R9-P3-mass,input,25,6,0.0,kg/s,1.0e-9,true
R9-P4-load,input,25,6,0.0,MW,1.0e-8,true
R9-P4-return-bound,input,25,6,0.0,K,1.0e-8,true
R9-P3-mass,input,25,7,0.0,kg/s,1.0e-9,true
R9-P4-load,input,25,7,0.0,MW,1.0e-8,true
R9-P4-return-bound,input,25,7,0.0,K,1.0e-8,true
R9-P3-mass,input,25,8,0.0,kg/s,1.0e-9,true
R9-P4-load,input,25,8,0.0,MW,1.0e-8,true
R9-P4-return-bound,input,25,8,0.0,K,1.0e-8,true
R9-P3-mass,input,25,9,0.0,kg/s,1.0e-9,true
R9-P4-load,input,25,9,0.0,MW,1.0e-8,true
R9-P4-return-bound,input,25,9,0.0,K,1.0e-8,true
R9-P3-mass,input,25,10,0.0,kg/s,1.0e-9,true
R9-P4-load,input,25,10,0.0,MW,1.0e-8,true
R9-P4-return-bound,input,25,10,0.0,K,1.0e-8,true
R9-P3-mass,input,25,11,0.0,kg/s,1.0e-9,true
R9-P4-load,input,25,11,0.0,MW,1.0e-8,true
R9-P4-return-bound,input,25,11,0.0,K,1.0e-8,true
R9-P3-mass,input,25,12,0.0,kg/s,1.0e-9,true
R9-P4-load,input,25,12,0.0,MW,1.0e-8,true
R9-P4-return-bound,input,25,12,0.0,K,1.0e-8,true
R9-P3-mass,input,25,13,0.0,kg/s,1.0e-9,true
R9-P4-load,input,25,13,0.0,MW,1.0e-8,true
R9-P4-return-bound,input,25,13,0.0,K,1.0e-8,true
R9-P3-mass,input,25,14,0.0,kg/s,1.0e-9,true
R9-P4-load,input,25,14,0.0,MW,1.0e-8,true
R9-P4-return-bound,input,25,14,0.0,K,1.0e-8,true
R9-P3-mass,input,25,15,0.0,kg/s,1.0e-9,true
R9-P4-load,input,25,15,0.0,MW,1.0e-8,true
R9-P4-return-bound,input,25,15,0.0,K,1.0e-8,true
R9-P3-mass,input,25,16,0.0,kg/s,1.0e-9,true
R9-P4-load,input,25,16,0.0,MW,1.0e-8,true
R9-P4-return-bound,input,25,16,0.0,K,1.0e-8,true
R9-P3-mass,input,25,17,0.0,kg/s,1.0e-9,true
R9-P4-load,input,25,17,2.7755575615628914e-17,MW,1.0e-8,true
R9-P4-return-bound,input,25,17,0.0,K,1.0e-8,true
R9-P3-mass,input,25,18,0.0,kg/s,1.0e-9,true
R9-P4-load,input,25,18,0.0,MW,1.0e-8,true
R9-P4-return-bound,input,25,18,0.0,K,1.0e-8,true
R9-P3-mass,input,25,19,0.0,kg/s,1.0e-9,true
R9-P4-load,input,25,19,0.0,MW,1.0e-8,true
R9-P4-return-bound,input,25,19,0.0,K,1.0e-8,true
R9-P3-mass,input,25,20,0.0,kg/s,1.0e-9,true
R9-P4-load,input,25,20,0.0,MW,1.0e-8,true
R9-P4-return-bound,input,25,20,0.0,K,1.0e-8,true
R9-P3-mass,input,25,21,0.0,kg/s,1.0e-9,true
R9-P4-load,input,25,21,0.0,MW,1.0e-8,true
R9-P4-return-bound,input,25,21,0.0,K,1.0e-8,true
R9-P3-mass,input,25,22,0.0,kg/s,1.0e-9,true
R9-P4-load,input,25,22,0.0,MW,1.0e-8,true
R9-P4-return-bound,input,25,22,0.0,K,1.0e-8,true
R9-P3-mass,input,25,23,0.0,kg/s,1.0e-9,true
R9-P4-load,input,25,23,0.0,MW,1.0e-8,true
R9-P4-return-bound,input,25,23,0.0,K,1.0e-8,true
R9-P3-mass,input,25,24,0.0,kg/s,1.0e-9,true
R9-P4-load,input,25,24,0.0,MW,1.0e-8,true
R9-P4-return-bound,input,25,24,0.0,K,1.0e-8,true
R9-P3-mass,input,26,1,0.0,kg/s,1.0e-9,true
R9-P4-load,input,26,1,0.0,MW,1.0e-8,true
R9-P4-return-bound,input,26,1,0.0,K,1.0e-8,true
R9-P3-mass,input,26,2,0.0,kg/s,1.0e-9,true
R9-P4-load,input,26,2,0.0,MW,1.0e-8,true
R9-P4-return-bound,input,26,2,0.0,K,1.0e-8,true
R9-P3-mass,input,26,3,0.0,kg/s,1.0e-9,true
R9-P4-load,input,26,3,0.0,MW,1.0e-8,true
R9-P4-return-bound,input,26,3,0.0,K,1.0e-8,true
R9-P3-mass,input,26,4,0.0,kg/s,1.0e-9,true
R9-P4-load,input,26,4,0.0,MW,1.0e-8,true
R9-P4-return-bound,input,26,4,0.0,K,1.0e-8,true
R9-P3-mass,input,26,5,0.0,kg/s,1.0e-9,true
R9-P4-load,input,26,5,0.0,MW,1.0e-8,true
R9-P4-return-bound,input,26,5,0.0,K,1.0e-8,true
R9-P3-mass,input,26,6,0.0,kg/s,1.0e-9,true
R9-P4-load,input,26,6,0.0,MW,1.0e-8,true
R9-P4-return-bound,input,26,6,0.0,K,1.0e-8,true
R9-P3-mass,input,26,7,0.0,kg/s,1.0e-9,true
R9-P4-load,input,26,7,0.0,MW,1.0e-8,true
R9-P4-return-bound,input,26,7,0.0,K,1.0e-8,true
R9-P3-mass,input,26,8,0.0,kg/s,1.0e-9,true
R9-P4-load,input,26,8,0.0,MW,1.0e-8,true
R9-P4-return-bound,input,26,8,0.0,K,1.0e-8,true
R9-P3-mass,input,26,9,0.0,kg/s,1.0e-9,true
R9-P4-load,input,26,9,0.0,MW,1.0e-8,true
R9-P4-return-bound,input,26,9,0.0,K,1.0e-8,true
R9-P3-mass,input,26,10,0.0,kg/s,1.0e-9,true
R9-P4-load,input,26,10,0.0,MW,1.0e-8,true
R9-P4-return-bound,input,26,10,0.0,K,1.0e-8,true
R9-P3-mass,input,26,11,0.0,kg/s,1.0e-9,true
R9-P4-load,input,26,11,0.0,MW,1.0e-8,true
R9-P4-return-bound,input,26,11,0.0,K,1.0e-8,true
R9-P3-mass,input,26,12,0.0,kg/s,1.0e-9,true
R9-P4-load,input,26,12,0.0,MW,1.0e-8,true
R9-P4-return-bound,input,26,12,0.0,K,1.0e-8,true
R9-P3-mass,input,26,13,0.0,kg/s,1.0e-9,true
R9-P4-load,input,26,13,0.0,MW,1.0e-8,true
R9-P4-return-bound,input,26,13,0.0,K,1.0e-8,true
R9-P3-mass,input,26,14,0.0,kg/s,1.0e-9,true
R9-P4-load,input,26,14,0.0,MW,1.0e-8,true
R9-P4-return-bound,input,26,14,0.0,K,1.0e-8,true
R9-P3-mass,input,26,15,0.0,kg/s,1.0e-9,true
R9-P4-load,input,26,15,0.0,MW,1.0e-8,true
R9-P4-return-bound,input,26,15,0.0,K,1.0e-8,true
R9-P3-mass,input,26,16,0.0,kg/s,1.0e-9,true
R9-P4-load,input,26,16,0.0,MW,1.0e-8,true
R9-P4-return-bound,input,26,16,0.0,K,1.0e-8,true
R9-P3-mass,input,26,17,0.0,kg/s,1.0e-9,true
R9-P4-load,input,26,17,2.7755575615628914e-17,MW,1.0e-8,true
R9-P4-return-bound,input,26,17,0.0,K,1.0e-8,true
R9-P3-mass,input,26,18,0.0,kg/s,1.0e-9,true
R9-P4-load,input,26,18,0.0,MW,1.0e-8,true
R9-P4-return-bound,input,26,18,0.0,K,1.0e-8,true
R9-P3-mass,input,26,19,0.0,kg/s,1.0e-9,true
R9-P4-load,input,26,19,0.0,MW,1.0e-8,true
R9-P4-return-bound,input,26,19,0.0,K,1.0e-8,true
R9-P3-mass,input,26,20,0.0,kg/s,1.0e-9,true
R9-P4-load,input,26,20,0.0,MW,1.0e-8,true
R9-P4-return-bound,input,26,20,0.0,K,1.0e-8,true
R9-P3-mass,input,26,21,0.0,kg/s,1.0e-9,true
R9-P4-load,input,26,21,0.0,MW,1.0e-8,true
R9-P4-return-bound,input,26,21,0.0,K,1.0e-8,true
R9-P3-mass,input,26,22,0.0,kg/s,1.0e-9,true
R9-P4-load,input,26,22,0.0,MW,1.0e-8,true
R9-P4-return-bound,input,26,22,0.0,K,1.0e-8,true
R9-P3-mass,input,26,23,0.0,kg/s,1.0e-9,true
R9-P4-load,input,26,23,0.0,MW,1.0e-8,true
R9-P4-return-bound,input,26,23,0.0,K,1.0e-8,true
R9-P3-mass,input,26,24,0.0,kg/s,1.0e-9,true
R9-P4-load,input,26,24,0.0,MW,1.0e-8,true
R9-P4-return-bound,input,26,24,0.0,K,1.0e-8,true
R9-P3-mass,input,27,1,0.0,kg/s,1.0e-9,true
R9-P4-load,input,27,1,0.0,MW,1.0e-8,true
R9-P4-return-bound,input,27,1,0.0,K,1.0e-8,true
R9-P3-mass,input,27,2,0.0,kg/s,1.0e-9,true
R9-P4-load,input,27,2,0.0,MW,1.0e-8,true
R9-P4-return-bound,input,27,2,0.0,K,1.0e-8,true
R9-P3-mass,input,27,3,0.0,kg/s,1.0e-9,true
R9-P4-load,input,27,3,0.0,MW,1.0e-8,true
R9-P4-return-bound,input,27,3,0.0,K,1.0e-8,true
R9-P3-mass,input,27,4,0.0,kg/s,1.0e-9,true
R9-P4-load,input,27,4,0.0,MW,1.0e-8,true
R9-P4-return-bound,input,27,4,0.0,K,1.0e-8,true
R9-P3-mass,input,27,5,0.0,kg/s,1.0e-9,true
R9-P4-load,input,27,5,0.0,MW,1.0e-8,true
R9-P4-return-bound,input,27,5,0.0,K,1.0e-8,true
R9-P3-mass,input,27,6,0.0,kg/s,1.0e-9,true
R9-P4-load,input,27,6,0.0,MW,1.0e-8,true
R9-P4-return-bound,input,27,6,0.0,K,1.0e-8,true
R9-P3-mass,input,27,7,0.0,kg/s,1.0e-9,true
R9-P4-load,input,27,7,0.0,MW,1.0e-8,true
R9-P4-return-bound,input,27,7,0.0,K,1.0e-8,true
R9-P3-mass,input,27,8,0.0,kg/s,1.0e-9,true
R9-P4-load,input,27,8,0.0,MW,1.0e-8,true
R9-P4-return-bound,input,27,8,0.0,K,1.0e-8,true
R9-P3-mass,input,27,9,0.0,kg/s,1.0e-9,true
R9-P4-load,input,27,9,0.0,MW,1.0e-8,true
R9-P4-return-bound,input,27,9,0.0,K,1.0e-8,true
R9-P3-mass,input,27,10,0.0,kg/s,1.0e-9,true
R9-P4-load,input,27,10,0.0,MW,1.0e-8,true
R9-P4-return-bound,input,27,10,0.0,K,1.0e-8,true
R9-P3-mass,input,27,11,0.0,kg/s,1.0e-9,true
R9-P4-load,input,27,11,0.0,MW,1.0e-8,true
R9-P4-return-bound,input,27,11,0.0,K,1.0e-8,true
R9-P3-mass,input,27,12,0.0,kg/s,1.0e-9,true
R9-P4-load,input,27,12,0.0,MW,1.0e-8,true
R9-P4-return-bound,input,27,12,0.0,K,1.0e-8,true
R9-P3-mass,input,27,13,0.0,kg/s,1.0e-9,true
R9-P4-load,input,27,13,0.0,MW,1.0e-8,true
R9-P4-return-bound,input,27,13,0.0,K,1.0e-8,true
R9-P3-mass,input,27,14,0.0,kg/s,1.0e-9,true
R9-P4-load,input,27,14,0.0,MW,1.0e-8,true
R9-P4-return-bound,input,27,14,0.0,K,1.0e-8,true
R9-P3-mass,input,27,15,0.0,kg/s,1.0e-9,true
R9-P4-load,input,27,15,0.0,MW,1.0e-8,true
R9-P4-return-bound,input,27,15,0.0,K,1.0e-8,true
R9-P3-mass,input,27,16,0.0,kg/s,1.0e-9,true
R9-P4-load,input,27,16,0.0,MW,1.0e-8,true
R9-P4-return-bound,input,27,16,0.0,K,1.0e-8,true
R9-P3-mass,input,27,17,0.0,kg/s,1.0e-9,true
R9-P4-load,input,27,17,2.7755575615628914e-17,MW,1.0e-8,true
R9-P4-return-bound,input,27,17,0.0,K,1.0e-8,true
R9-P3-mass,input,27,18,0.0,kg/s,1.0e-9,true
R9-P4-load,input,27,18,0.0,MW,1.0e-8,true
R9-P4-return-bound,input,27,18,0.0,K,1.0e-8,true
R9-P3-mass,input,27,19,0.0,kg/s,1.0e-9,true
R9-P4-load,input,27,19,0.0,MW,1.0e-8,true
R9-P4-return-bound,input,27,19,0.0,K,1.0e-8,true
R9-P3-mass,input,27,20,0.0,kg/s,1.0e-9,true
R9-P4-load,input,27,20,0.0,MW,1.0e-8,true
R9-P4-return-bound,input,27,20,0.0,K,1.0e-8,true
R9-P3-mass,input,27,21,0.0,kg/s,1.0e-9,true
R9-P4-load,input,27,21,0.0,MW,1.0e-8,true
R9-P4-return-bound,input,27,21,0.0,K,1.0e-8,true
R9-P3-mass,input,27,22,0.0,kg/s,1.0e-9,true
R9-P4-load,input,27,22,0.0,MW,1.0e-8,true
R9-P4-return-bound,input,27,22,0.0,K,1.0e-8,true
R9-P3-mass,input,27,23,0.0,kg/s,1.0e-9,true
R9-P4-load,input,27,23,0.0,MW,1.0e-8,true
R9-P4-return-bound,input,27,23,0.0,K,1.0e-8,true
R9-P3-mass,input,27,24,0.0,kg/s,1.0e-9,true
R9-P4-load,input,27,24,0.0,MW,1.0e-8,true
R9-P4-return-bound,input,27,24,0.0,K,1.0e-8,true
R9-P3-mass,input,28,1,0.0,kg/s,1.0e-9,true
R9-P4-load,input,28,1,0.0,MW,1.0e-8,true
R9-P4-return-bound,input,28,1,0.0,K,1.0e-8,true
R9-P3-mass,input,28,2,0.0,kg/s,1.0e-9,true
R9-P4-load,input,28,2,0.0,MW,1.0e-8,true
R9-P4-return-bound,input,28,2,0.0,K,1.0e-8,true
R9-P3-mass,input,28,3,0.0,kg/s,1.0e-9,true
R9-P4-load,input,28,3,0.0,MW,1.0e-8,true
R9-P4-return-bound,input,28,3,0.0,K,1.0e-8,true
R9-P3-mass,input,28,4,0.0,kg/s,1.0e-9,true
R9-P4-load,input,28,4,0.0,MW,1.0e-8,true
R9-P4-return-bound,input,28,4,0.0,K,1.0e-8,true
R9-P3-mass,input,28,5,0.0,kg/s,1.0e-9,true
R9-P4-load,input,28,5,0.0,MW,1.0e-8,true
R9-P4-return-bound,input,28,5,0.0,K,1.0e-8,true
R9-P3-mass,input,28,6,0.0,kg/s,1.0e-9,true
R9-P4-load,input,28,6,0.0,MW,1.0e-8,true
R9-P4-return-bound,input,28,6,0.0,K,1.0e-8,true
R9-P3-mass,input,28,7,0.0,kg/s,1.0e-9,true
R9-P4-load,input,28,7,0.0,MW,1.0e-8,true
R9-P4-return-bound,input,28,7,0.0,K,1.0e-8,true
R9-P3-mass,input,28,8,0.0,kg/s,1.0e-9,true
R9-P4-load,input,28,8,0.0,MW,1.0e-8,true
R9-P4-return-bound,input,28,8,0.0,K,1.0e-8,true
R9-P3-mass,input,28,9,0.0,kg/s,1.0e-9,true
R9-P4-load,input,28,9,0.0,MW,1.0e-8,true
R9-P4-return-bound,input,28,9,0.0,K,1.0e-8,true
R9-P3-mass,input,28,10,0.0,kg/s,1.0e-9,true
R9-P4-load,input,28,10,0.0,MW,1.0e-8,true
R9-P4-return-bound,input,28,10,0.0,K,1.0e-8,true
R9-P3-mass,input,28,11,0.0,kg/s,1.0e-9,true
R9-P4-load,input,28,11,0.0,MW,1.0e-8,true
R9-P4-return-bound,input,28,11,0.0,K,1.0e-8,true
R9-P3-mass,input,28,12,0.0,kg/s,1.0e-9,true
R9-P4-load,input,28,12,0.0,MW,1.0e-8,true
R9-P4-return-bound,input,28,12,0.0,K,1.0e-8,true
R9-P3-mass,input,28,13,0.0,kg/s,1.0e-9,true
R9-P4-load,input,28,13,0.0,MW,1.0e-8,true
R9-P4-return-bound,input,28,13,0.0,K,1.0e-8,true
R9-P3-mass,input,28,14,0.0,kg/s,1.0e-9,true
R9-P4-load,input,28,14,0.0,MW,1.0e-8,true
R9-P4-return-bound,input,28,14,0.0,K,1.0e-8,true
R9-P3-mass,input,28,15,0.0,kg/s,1.0e-9,true
R9-P4-load,input,28,15,0.0,MW,1.0e-8,true
R9-P4-return-bound,input,28,15,0.0,K,1.0e-8,true
R9-P3-mass,input,28,16,0.0,kg/s,1.0e-9,true
R9-P4-load,input,28,16,0.0,MW,1.0e-8,true
R9-P4-return-bound,input,28,16,0.0,K,1.0e-8,true
R9-P3-mass,input,28,17,0.0,kg/s,1.0e-9,true
R9-P4-load,input,28,17,2.7755575615628914e-17,MW,1.0e-8,true
R9-P4-return-bound,input,28,17,0.0,K,1.0e-8,true
R9-P3-mass,input,28,18,0.0,kg/s,1.0e-9,true
R9-P4-load,input,28,18,0.0,MW,1.0e-8,true
R9-P4-return-bound,input,28,18,0.0,K,1.0e-8,true
R9-P3-mass,input,28,19,0.0,kg/s,1.0e-9,true
R9-P4-load,input,28,19,0.0,MW,1.0e-8,true
R9-P4-return-bound,input,28,19,0.0,K,1.0e-8,true
R9-P3-mass,input,28,20,0.0,kg/s,1.0e-9,true
R9-P4-load,input,28,20,0.0,MW,1.0e-8,true
R9-P4-return-bound,input,28,20,0.0,K,1.0e-8,true
R9-P3-mass,input,28,21,0.0,kg/s,1.0e-9,true
R9-P4-load,input,28,21,0.0,MW,1.0e-8,true
R9-P4-return-bound,input,28,21,0.0,K,1.0e-8,true
R9-P3-mass,input,28,22,0.0,kg/s,1.0e-9,true
R9-P4-load,input,28,22,0.0,MW,1.0e-8,true
R9-P4-return-bound,input,28,22,0.0,K,1.0e-8,true
R9-P3-mass,input,28,23,0.0,kg/s,1.0e-9,true
R9-P4-load,input,28,23,0.0,MW,1.0e-8,true
R9-P4-return-bound,input,28,23,0.0,K,1.0e-8,true
R9-P3-mass,input,28,24,0.0,kg/s,1.0e-9,true
R9-P4-load,input,28,24,0.0,MW,1.0e-8,true
R9-P4-return-bound,input,28,24,0.0,K,1.0e-8,true
R9-P3-mass,input,29,1,0.0,kg/s,1.0e-9,true
R9-P4-load,input,29,1,0.0,MW,1.0e-8,true
R9-P4-return-bound,input,29,1,0.0,K,1.0e-8,true
R9-P3-mass,input,29,2,0.0,kg/s,1.0e-9,true
R9-P4-load,input,29,2,0.0,MW,1.0e-8,true
R9-P4-return-bound,input,29,2,0.0,K,1.0e-8,true
R9-P3-mass,input,29,3,0.0,kg/s,1.0e-9,true
R9-P4-load,input,29,3,0.0,MW,1.0e-8,true
R9-P4-return-bound,input,29,3,0.0,K,1.0e-8,true
R9-P3-mass,input,29,4,0.0,kg/s,1.0e-9,true
R9-P4-load,input,29,4,0.0,MW,1.0e-8,true
R9-P4-return-bound,input,29,4,0.0,K,1.0e-8,true
R9-P3-mass,input,29,5,0.0,kg/s,1.0e-9,true
R9-P4-load,input,29,5,0.0,MW,1.0e-8,true
R9-P4-return-bound,input,29,5,0.0,K,1.0e-8,true
R9-P3-mass,input,29,6,0.0,kg/s,1.0e-9,true
R9-P4-load,input,29,6,0.0,MW,1.0e-8,true
R9-P4-return-bound,input,29,6,0.0,K,1.0e-8,true
R9-P3-mass,input,29,7,0.0,kg/s,1.0e-9,true
R9-P4-load,input,29,7,0.0,MW,1.0e-8,true
R9-P4-return-bound,input,29,7,0.0,K,1.0e-8,true
R9-P3-mass,input,29,8,0.0,kg/s,1.0e-9,true
R9-P4-load,input,29,8,0.0,MW,1.0e-8,true
R9-P4-return-bound,input,29,8,0.0,K,1.0e-8,true
R9-P3-mass,input,29,9,0.0,kg/s,1.0e-9,true
R9-P4-load,input,29,9,0.0,MW,1.0e-8,true
R9-P4-return-bound,input,29,9,0.0,K,1.0e-8,true
R9-P3-mass,input,29,10,0.0,kg/s,1.0e-9,true
R9-P4-load,input,29,10,0.0,MW,1.0e-8,true
R9-P4-return-bound,input,29,10,0.0,K,1.0e-8,true
R9-P3-mass,input,29,11,0.0,kg/s,1.0e-9,true
R9-P4-load,input,29,11,0.0,MW,1.0e-8,true
R9-P4-return-bound,input,29,11,0.0,K,1.0e-8,true
R9-P3-mass,input,29,12,0.0,kg/s,1.0e-9,true
R9-P4-load,input,29,12,0.0,MW,1.0e-8,true
R9-P4-return-bound,input,29,12,0.0,K,1.0e-8,true
R9-P3-mass,input,29,13,0.0,kg/s,1.0e-9,true
R9-P4-load,input,29,13,0.0,MW,1.0e-8,true
R9-P4-return-bound,input,29,13,0.0,K,1.0e-8,true
R9-P3-mass,input,29,14,0.0,kg/s,1.0e-9,true
R9-P4-load,input,29,14,0.0,MW,1.0e-8,true
R9-P4-return-bound,input,29,14,0.0,K,1.0e-8,true
R9-P3-mass,input,29,15,0.0,kg/s,1.0e-9,true
R9-P4-load,input,29,15,0.0,MW,1.0e-8,true
R9-P4-return-bound,input,29,15,0.0,K,1.0e-8,true
R9-P3-mass,input,29,16,0.0,kg/s,1.0e-9,true
R9-P4-load,input,29,16,0.0,MW,1.0e-8,true
R9-P4-return-bound,input,29,16,0.0,K,1.0e-8,true
R9-P3-mass,input,29,17,0.0,kg/s,1.0e-9,true
R9-P4-load,input,29,17,2.7755575615628914e-17,MW,1.0e-8,true
R9-P4-return-bound,input,29,17,0.0,K,1.0e-8,true
R9-P3-mass,input,29,18,0.0,kg/s,1.0e-9,true
R9-P4-load,input,29,18,0.0,MW,1.0e-8,true
R9-P4-return-bound,input,29,18,0.0,K,1.0e-8,true
R9-P3-mass,input,29,19,0.0,kg/s,1.0e-9,true
R9-P4-load,input,29,19,0.0,MW,1.0e-8,true
R9-P4-return-bound,input,29,19,0.0,K,1.0e-8,true
R9-P3-mass,input,29,20,0.0,kg/s,1.0e-9,true
R9-P4-load,input,29,20,0.0,MW,1.0e-8,true
R9-P4-return-bound,input,29,20,0.0,K,1.0e-8,true
R9-P3-mass,input,29,21,0.0,kg/s,1.0e-9,true
R9-P4-load,input,29,21,0.0,MW,1.0e-8,true
R9-P4-return-bound,input,29,21,0.0,K,1.0e-8,true
R9-P3-mass,input,29,22,0.0,kg/s,1.0e-9,true
R9-P4-load,input,29,22,0.0,MW,1.0e-8,true
R9-P4-return-bound,input,29,22,0.0,K,1.0e-8,true
R9-P3-mass,input,29,23,0.0,kg/s,1.0e-9,true
R9-P4-load,input,29,23,0.0,MW,1.0e-8,true
R9-P4-return-bound,input,29,23,0.0,K,1.0e-8,true
R9-P3-mass,input,29,24,0.0,kg/s,1.0e-9,true
R9-P4-load,input,29,24,0.0,MW,1.0e-8,true
R9-P4-return-bound,input,29,24,0.0,K,1.0e-8,true
R9-P3-mass,input,30,1,0.0,kg/s,1.0e-9,true
R9-P4-load,input,30,1,0.0,MW,1.0e-8,true
R9-P4-return-bound,input,30,1,0.0,K,1.0e-8,true
R9-P3-mass,input,30,2,0.0,kg/s,1.0e-9,true
R9-P4-load,input,30,2,0.0,MW,1.0e-8,true
R9-P4-return-bound,input,30,2,0.0,K,1.0e-8,true
R9-P3-mass,input,30,3,0.0,kg/s,1.0e-9,true
R9-P4-load,input,30,3,0.0,MW,1.0e-8,true
R9-P4-return-bound,input,30,3,0.0,K,1.0e-8,true
R9-P3-mass,input,30,4,0.0,kg/s,1.0e-9,true
R9-P4-load,input,30,4,0.0,MW,1.0e-8,true
R9-P4-return-bound,input,30,4,0.0,K,1.0e-8,true
R9-P3-mass,input,30,5,0.0,kg/s,1.0e-9,true
R9-P4-load,input,30,5,0.0,MW,1.0e-8,true
R9-P4-return-bound,input,30,5,0.0,K,1.0e-8,true
R9-P3-mass,input,30,6,0.0,kg/s,1.0e-9,true
R9-P4-load,input,30,6,0.0,MW,1.0e-8,true
R9-P4-return-bound,input,30,6,0.0,K,1.0e-8,true
R9-P3-mass,input,30,7,0.0,kg/s,1.0e-9,true
R9-P4-load,input,30,7,0.0,MW,1.0e-8,true
R9-P4-return-bound,input,30,7,0.0,K,1.0e-8,true
R9-P3-mass,input,30,8,0.0,kg/s,1.0e-9,true
R9-P4-load,input,30,8,0.0,MW,1.0e-8,true
R9-P4-return-bound,input,30,8,0.0,K,1.0e-8,true
R9-P3-mass,input,30,9,0.0,kg/s,1.0e-9,true
R9-P4-load,input,30,9,0.0,MW,1.0e-8,true
R9-P4-return-bound,input,30,9,0.0,K,1.0e-8,true
R9-P3-mass,input,30,10,0.0,kg/s,1.0e-9,true
R9-P4-load,input,30,10,0.0,MW,1.0e-8,true
R9-P4-return-bound,input,30,10,0.0,K,1.0e-8,true
R9-P3-mass,input,30,11,0.0,kg/s,1.0e-9,true
R9-P4-load,input,30,11,0.0,MW,1.0e-8,true
R9-P4-return-bound,input,30,11,0.0,K,1.0e-8,true
R9-P3-mass,input,30,12,0.0,kg/s,1.0e-9,true
R9-P4-load,input,30,12,0.0,MW,1.0e-8,true
R9-P4-return-bound,input,30,12,0.0,K,1.0e-8,true
R9-P3-mass,input,30,13,0.0,kg/s,1.0e-9,true
R9-P4-load,input,30,13,0.0,MW,1.0e-8,true
R9-P4-return-bound,input,30,13,0.0,K,1.0e-8,true
R9-P3-mass,input,30,14,0.0,kg/s,1.0e-9,true
R9-P4-load,input,30,14,0.0,MW,1.0e-8,true
R9-P4-return-bound,input,30,14,0.0,K,1.0e-8,true
R9-P3-mass,input,30,15,0.0,kg/s,1.0e-9,true
R9-P4-load,input,30,15,0.0,MW,1.0e-8,true
R9-P4-return-bound,input,30,15,0.0,K,1.0e-8,true
R9-P3-mass,input,30,16,0.0,kg/s,1.0e-9,true
R9-P4-load,input,30,16,0.0,MW,1.0e-8,true
R9-P4-return-bound,input,30,16,0.0,K,1.0e-8,true
R9-P3-mass,input,30,17,0.0,kg/s,1.0e-9,true
R9-P4-load,input,30,17,2.7755575615628914e-17,MW,1.0e-8,true
R9-P4-return-bound,input,30,17,0.0,K,1.0e-8,true
R9-P3-mass,input,30,18,0.0,kg/s,1.0e-9,true
R9-P4-load,input,30,18,0.0,MW,1.0e-8,true
R9-P4-return-bound,input,30,18,0.0,K,1.0e-8,true
R9-P3-mass,input,30,19,0.0,kg/s,1.0e-9,true
R9-P4-load,input,30,19,0.0,MW,1.0e-8,true
R9-P4-return-bound,input,30,19,0.0,K,1.0e-8,true
R9-P3-mass,input,30,20,0.0,kg/s,1.0e-9,true
R9-P4-load,input,30,20,0.0,MW,1.0e-8,true
R9-P4-return-bound,input,30,20,0.0,K,1.0e-8,true
R9-P3-mass,input,30,21,0.0,kg/s,1.0e-9,true
R9-P4-load,input,30,21,0.0,MW,1.0e-8,true
R9-P4-return-bound,input,30,21,0.0,K,1.0e-8,true
R9-P3-mass,input,30,22,0.0,kg/s,1.0e-9,true
R9-P4-load,input,30,22,0.0,MW,1.0e-8,true
R9-P4-return-bound,input,30,22,0.0,K,1.0e-8,true
R9-P3-mass,input,30,23,0.0,kg/s,1.0e-9,true
R9-P4-load,input,30,23,0.0,MW,1.0e-8,true
R9-P4-return-bound,input,30,23,0.0,K,1.0e-8,true
R9-P3-mass,input,30,24,0.0,kg/s,1.0e-9,true
R9-P4-load,input,30,24,0.0,MW,1.0e-8,true
R9-P4-return-bound,input,30,24,0.0,K,1.0e-8,true
R9-P3-mass,input,31,1,0.0,kg/s,1.0e-9,true
R9-P4-load,input,31,1,0.0,MW,1.0e-8,true
R9-P4-return-bound,input,31,1,0.0,K,1.0e-8,true
R9-P3-mass,input,31,2,0.0,kg/s,1.0e-9,true
R9-P4-load,input,31,2,0.0,MW,1.0e-8,true
R9-P4-return-bound,input,31,2,0.0,K,1.0e-8,true
R9-P3-mass,input,31,3,0.0,kg/s,1.0e-9,true
R9-P4-load,input,31,3,0.0,MW,1.0e-8,true
R9-P4-return-bound,input,31,3,0.0,K,1.0e-8,true
R9-P3-mass,input,31,4,0.0,kg/s,1.0e-9,true
R9-P4-load,input,31,4,0.0,MW,1.0e-8,true
R9-P4-return-bound,input,31,4,0.0,K,1.0e-8,true
R9-P3-mass,input,31,5,0.0,kg/s,1.0e-9,true
R9-P4-load,input,31,5,0.0,MW,1.0e-8,true
R9-P4-return-bound,input,31,5,0.0,K,1.0e-8,true
R9-P3-mass,input,31,6,0.0,kg/s,1.0e-9,true
R9-P4-load,input,31,6,0.0,MW,1.0e-8,true
R9-P4-return-bound,input,31,6,0.0,K,1.0e-8,true
R9-P3-mass,input,31,7,0.0,kg/s,1.0e-9,true
R9-P4-load,input,31,7,0.0,MW,1.0e-8,true
R9-P4-return-bound,input,31,7,0.0,K,1.0e-8,true
R9-P3-mass,input,31,8,0.0,kg/s,1.0e-9,true
R9-P4-load,input,31,8,0.0,MW,1.0e-8,true
R9-P4-return-bound,input,31,8,0.0,K,1.0e-8,true
R9-P3-mass,input,31,9,0.0,kg/s,1.0e-9,true
R9-P4-load,input,31,9,0.0,MW,1.0e-8,true
R9-P4-return-bound,input,31,9,0.0,K,1.0e-8,true
R9-P3-mass,input,31,10,0.0,kg/s,1.0e-9,true
R9-P4-load,input,31,10,0.0,MW,1.0e-8,true
R9-P4-return-bound,input,31,10,0.0,K,1.0e-8,true
R9-P3-mass,input,31,11,0.0,kg/s,1.0e-9,true
R9-P4-load,input,31,11,0.0,MW,1.0e-8,true
R9-P4-return-bound,input,31,11,0.0,K,1.0e-8,true
R9-P3-mass,input,31,12,0.0,kg/s,1.0e-9,true
R9-P4-load,input,31,12,0.0,MW,1.0e-8,true
R9-P4-return-bound,input,31,12,0.0,K,1.0e-8,true
R9-P3-mass,input,31,13,0.0,kg/s,1.0e-9,true
R9-P4-load,input,31,13,0.0,MW,1.0e-8,true
R9-P4-return-bound,input,31,13,0.0,K,1.0e-8,true
R9-P3-mass,input,31,14,0.0,kg/s,1.0e-9,true
R9-P4-load,input,31,14,0.0,MW,1.0e-8,true
R9-P4-return-bound,input,31,14,0.0,K,1.0e-8,true
R9-P3-mass,input,31,15,0.0,kg/s,1.0e-9,true
R9-P4-load,input,31,15,0.0,MW,1.0e-8,true
R9-P4-return-bound,input,31,15,0.0,K,1.0e-8,true
R9-P3-mass,input,31,16,0.0,kg/s,1.0e-9,true
R9-P4-load,input,31,16,0.0,MW,1.0e-8,true
R9-P4-return-bound,input,31,16,0.0,K,1.0e-8,true
R9-P3-mass,input,31,17,0.0,kg/s,1.0e-9,true
R9-P4-load,input,31,17,2.7755575615628914e-17,MW,1.0e-8,true
R9-P4-return-bound,input,31,17,0.0,K,1.0e-8,true
R9-P3-mass,input,31,18,0.0,kg/s,1.0e-9,true
R9-P4-load,input,31,18,0.0,MW,1.0e-8,true
R9-P4-return-bound,input,31,18,0.0,K,1.0e-8,true
R9-P3-mass,input,31,19,0.0,kg/s,1.0e-9,true
R9-P4-load,input,31,19,0.0,MW,1.0e-8,true
R9-P4-return-bound,input,31,19,0.0,K,1.0e-8,true
R9-P3-mass,input,31,20,0.0,kg/s,1.0e-9,true
R9-P4-load,input,31,20,0.0,MW,1.0e-8,true
R9-P4-return-bound,input,31,20,0.0,K,1.0e-8,true
R9-P3-mass,input,31,21,0.0,kg/s,1.0e-9,true
R9-P4-load,input,31,21,0.0,MW,1.0e-8,true
R9-P4-return-bound,input,31,21,0.0,K,1.0e-8,true
R9-P3-mass,input,31,22,0.0,kg/s,1.0e-9,true
R9-P4-load,input,31,22,0.0,MW,1.0e-8,true
R9-P4-return-bound,input,31,22,0.0,K,1.0e-8,true
R9-P3-mass,input,31,23,0.0,kg/s,1.0e-9,true
R9-P4-load,input,31,23,0.0,MW,1.0e-8,true
R9-P4-return-bound,input,31,23,0.0,K,1.0e-8,true
R9-P3-mass,input,31,24,0.0,kg/s,1.0e-9,true
R9-P4-load,input,31,24,0.0,MW,1.0e-8,true
R9-P4-return-bound,input,31,24,0.0,K,1.0e-8,true
R9-P3-mass,input,32,1,0.0,kg/s,1.0e-9,true
R9-P4-load,input,32,1,0.0,MW,1.0e-8,true
R9-P4-return-bound,input,32,1,0.0,K,1.0e-8,true
R9-P3-mass,input,32,2,0.0,kg/s,1.0e-9,true
R9-P4-load,input,32,2,0.0,MW,1.0e-8,true
R9-P4-return-bound,input,32,2,0.0,K,1.0e-8,true
R9-P3-mass,input,32,3,0.0,kg/s,1.0e-9,true
R9-P4-load,input,32,3,0.0,MW,1.0e-8,true
R9-P4-return-bound,input,32,3,0.0,K,1.0e-8,true
R9-P3-mass,input,32,4,0.0,kg/s,1.0e-9,true
R9-P4-load,input,32,4,0.0,MW,1.0e-8,true
R9-P4-return-bound,input,32,4,0.0,K,1.0e-8,true
R9-P3-mass,input,32,5,0.0,kg/s,1.0e-9,true
R9-P4-load,input,32,5,0.0,MW,1.0e-8,true
R9-P4-return-bound,input,32,5,0.0,K,1.0e-8,true
R9-P3-mass,input,32,6,0.0,kg/s,1.0e-9,true
R9-P4-load,input,32,6,0.0,MW,1.0e-8,true
R9-P4-return-bound,input,32,6,0.0,K,1.0e-8,true
R9-P3-mass,input,32,7,0.0,kg/s,1.0e-9,true
R9-P4-load,input,32,7,0.0,MW,1.0e-8,true
R9-P4-return-bound,input,32,7,0.0,K,1.0e-8,true
R9-P3-mass,input,32,8,0.0,kg/s,1.0e-9,true
R9-P4-load,input,32,8,0.0,MW,1.0e-8,true
R9-P4-return-bound,input,32,8,0.0,K,1.0e-8,true
R9-P3-mass,input,32,9,0.0,kg/s,1.0e-9,true
R9-P4-load,input,32,9,0.0,MW,1.0e-8,true
R9-P4-return-bound,input,32,9,0.0,K,1.0e-8,true
R9-P3-mass,input,32,10,0.0,kg/s,1.0e-9,true
R9-P4-load,input,32,10,0.0,MW,1.0e-8,true
R9-P4-return-bound,input,32,10,0.0,K,1.0e-8,true
R9-P3-mass,input,32,11,0.0,kg/s,1.0e-9,true
R9-P4-load,input,32,11,0.0,MW,1.0e-8,true
R9-P4-return-bound,input,32,11,0.0,K,1.0e-8,true
R9-P3-mass,input,32,12,0.0,kg/s,1.0e-9,true
R9-P4-load,input,32,12,0.0,MW,1.0e-8,true
R9-P4-return-bound,input,32,12,0.0,K,1.0e-8,true
R9-P3-mass,input,32,13,0.0,kg/s,1.0e-9,true
R9-P4-load,input,32,13,0.0,MW,1.0e-8,true
R9-P4-return-bound,input,32,13,0.0,K,1.0e-8,true
R9-P3-mass,input,32,14,0.0,kg/s,1.0e-9,true
R9-P4-load,input,32,14,0.0,MW,1.0e-8,true
R9-P4-return-bound,input,32,14,0.0,K,1.0e-8,true
R9-P3-mass,input,32,15,0.0,kg/s,1.0e-9,true
R9-P4-load,input,32,15,0.0,MW,1.0e-8,true
R9-P4-return-bound,input,32,15,0.0,K,1.0e-8,true
R9-P3-mass,input,32,16,0.0,kg/s,1.0e-9,true
R9-P4-load,input,32,16,0.0,MW,1.0e-8,true
R9-P4-return-bound,input,32,16,0.0,K,1.0e-8,true
R9-P3-mass,input,32,17,0.0,kg/s,1.0e-9,true
R9-P4-load,input,32,17,2.7755575615628914e-17,MW,1.0e-8,true
R9-P4-return-bound,input,32,17,0.0,K,1.0e-8,true
R9-P3-mass,input,32,18,0.0,kg/s,1.0e-9,true
R9-P4-load,input,32,18,0.0,MW,1.0e-8,true
R9-P4-return-bound,input,32,18,0.0,K,1.0e-8,true
R9-P3-mass,input,32,19,0.0,kg/s,1.0e-9,true
R9-P4-load,input,32,19,0.0,MW,1.0e-8,true
R9-P4-return-bound,input,32,19,0.0,K,1.0e-8,true
R9-P3-mass,input,32,20,0.0,kg/s,1.0e-9,true
R9-P4-load,input,32,20,0.0,MW,1.0e-8,true
R9-P4-return-bound,input,32,20,0.0,K,1.0e-8,true
R9-P3-mass,input,32,21,0.0,kg/s,1.0e-9,true
R9-P4-load,input,32,21,0.0,MW,1.0e-8,true
R9-P4-return-bound,input,32,21,0.0,K,1.0e-8,true
R9-P3-mass,input,32,22,0.0,kg/s,1.0e-9,true
R9-P4-load,input,32,22,0.0,MW,1.0e-8,true
R9-P4-return-bound,input,32,22,0.0,K,1.0e-8,true
R9-P3-mass,input,32,23,0.0,kg/s,1.0e-9,true
R9-P4-load,input,32,23,0.0,MW,1.0e-8,true
R9-P4-return-bound,input,32,23,0.0,K,1.0e-8,true
R9-P3-mass,input,32,24,0.0,kg/s,1.0e-9,true
R9-P4-load,input,32,24,0.0,MW,1.0e-8,true
R9-P4-return-bound,input,32,24,0.0,K,1.0e-8,true
R9-P3-mass,input,33,1,0.0,kg/s,1.0e-9,true
R9-P4-load,input,33,1,0.0,MW,1.0e-8,true
R9-P4-return-bound,input,33,1,0.0,K,1.0e-8,true
R9-P3-mass,input,33,2,0.0,kg/s,1.0e-9,true
R9-P4-load,input,33,2,0.0,MW,1.0e-8,true
R9-P4-return-bound,input,33,2,0.0,K,1.0e-8,true
R9-P3-mass,input,33,3,0.0,kg/s,1.0e-9,true
R9-P4-load,input,33,3,0.0,MW,1.0e-8,true
R9-P4-return-bound,input,33,3,0.0,K,1.0e-8,true
R9-P3-mass,input,33,4,0.0,kg/s,1.0e-9,true
R9-P4-load,input,33,4,0.0,MW,1.0e-8,true
R9-P4-return-bound,input,33,4,0.0,K,1.0e-8,true
R9-P3-mass,input,33,5,0.0,kg/s,1.0e-9,true
R9-P4-load,input,33,5,0.0,MW,1.0e-8,true
R9-P4-return-bound,input,33,5,0.0,K,1.0e-8,true
R9-P3-mass,input,33,6,0.0,kg/s,1.0e-9,true
R9-P4-load,input,33,6,0.0,MW,1.0e-8,true
R9-P4-return-bound,input,33,6,0.0,K,1.0e-8,true
R9-P3-mass,input,33,7,0.0,kg/s,1.0e-9,true
R9-P4-load,input,33,7,0.0,MW,1.0e-8,true
R9-P4-return-bound,input,33,7,0.0,K,1.0e-8,true
R9-P3-mass,input,33,8,0.0,kg/s,1.0e-9,true
R9-P4-load,input,33,8,0.0,MW,1.0e-8,true
R9-P4-return-bound,input,33,8,0.0,K,1.0e-8,true
R9-P3-mass,input,33,9,0.0,kg/s,1.0e-9,true
R9-P4-load,input,33,9,0.0,MW,1.0e-8,true
R9-P4-return-bound,input,33,9,0.0,K,1.0e-8,true
R9-P3-mass,input,33,10,0.0,kg/s,1.0e-9,true
R9-P4-load,input,33,10,0.0,MW,1.0e-8,true
R9-P4-return-bound,input,33,10,0.0,K,1.0e-8,true
R9-P3-mass,input,33,11,0.0,kg/s,1.0e-9,true
R9-P4-load,input,33,11,0.0,MW,1.0e-8,true
R9-P4-return-bound,input,33,11,0.0,K,1.0e-8,true
R9-P3-mass,input,33,12,0.0,kg/s,1.0e-9,true
R9-P4-load,input,33,12,0.0,MW,1.0e-8,true
R9-P4-return-bound,input,33,12,0.0,K,1.0e-8,true
R9-P3-mass,input,33,13,0.0,kg/s,1.0e-9,true
R9-P4-load,input,33,13,0.0,MW,1.0e-8,true
R9-P4-return-bound,input,33,13,0.0,K,1.0e-8,true
R9-P3-mass,input,33,14,0.0,kg/s,1.0e-9,true
R9-P4-load,input,33,14,0.0,MW,1.0e-8,true
R9-P4-return-bound,input,33,14,0.0,K,1.0e-8,true
R9-P3-mass,input,33,15,0.0,kg/s,1.0e-9,true
R9-P4-load,input,33,15,0.0,MW,1.0e-8,true
R9-P4-return-bound,input,33,15,0.0,K,1.0e-8,true
R9-P3-mass,input,33,16,0.0,kg/s,1.0e-9,true
R9-P4-load,input,33,16,0.0,MW,1.0e-8,true
R9-P4-return-bound,input,33,16,0.0,K,1.0e-8,true
R9-P3-mass,input,33,17,0.0,kg/s,1.0e-9,true
R9-P4-load,input,33,17,2.7755575615628914e-17,MW,1.0e-8,true
R9-P4-return-bound,input,33,17,0.0,K,1.0e-8,true
R9-P3-mass,input,33,18,0.0,kg/s,1.0e-9,true
R9-P4-load,input,33,18,0.0,MW,1.0e-8,true
R9-P4-return-bound,input,33,18,0.0,K,1.0e-8,true
R9-P3-mass,input,33,19,0.0,kg/s,1.0e-9,true
R9-P4-load,input,33,19,0.0,MW,1.0e-8,true
R9-P4-return-bound,input,33,19,0.0,K,1.0e-8,true
R9-P3-mass,input,33,20,0.0,kg/s,1.0e-9,true
R9-P4-load,input,33,20,0.0,MW,1.0e-8,true
R9-P4-return-bound,input,33,20,0.0,K,1.0e-8,true
R9-P3-mass,input,33,21,0.0,kg/s,1.0e-9,true
R9-P4-load,input,33,21,0.0,MW,1.0e-8,true
R9-P4-return-bound,input,33,21,0.0,K,1.0e-8,true
R9-P3-mass,input,33,22,0.0,kg/s,1.0e-9,true
R9-P4-load,input,33,22,0.0,MW,1.0e-8,true
R9-P4-return-bound,input,33,22,0.0,K,1.0e-8,true
R9-P3-mass,input,33,23,0.0,kg/s,1.0e-9,true
R9-P4-load,input,33,23,0.0,MW,1.0e-8,true
R9-P4-return-bound,input,33,23,0.0,K,1.0e-8,true
R9-P3-mass,input,33,24,0.0,kg/s,1.0e-9,true
R9-P4-load,input,33,24,0.0,MW,1.0e-8,true
R9-P4-return-bound,input,33,24,0.0,K,1.0e-8,true
R9-P3-mass,input,34,1,0.0,kg/s,1.0e-9,true
R9-P4-load,input,34,1,0.0,MW,1.0e-8,true
R9-P4-return-bound,input,34,1,0.0,K,1.0e-8,true
R9-P3-mass,input,34,2,0.0,kg/s,1.0e-9,true
R9-P4-load,input,34,2,0.0,MW,1.0e-8,true
R9-P4-return-bound,input,34,2,0.0,K,1.0e-8,true
R9-P3-mass,input,34,3,0.0,kg/s,1.0e-9,true
R9-P4-load,input,34,3,0.0,MW,1.0e-8,true
R9-P4-return-bound,input,34,3,0.0,K,1.0e-8,true
R9-P3-mass,input,34,4,0.0,kg/s,1.0e-9,true
R9-P4-load,input,34,4,0.0,MW,1.0e-8,true
R9-P4-return-bound,input,34,4,0.0,K,1.0e-8,true
R9-P3-mass,input,34,5,0.0,kg/s,1.0e-9,true
R9-P4-load,input,34,5,0.0,MW,1.0e-8,true
R9-P4-return-bound,input,34,5,0.0,K,1.0e-8,true
R9-P3-mass,input,34,6,0.0,kg/s,1.0e-9,true
R9-P4-load,input,34,6,0.0,MW,1.0e-8,true
R9-P4-return-bound,input,34,6,0.0,K,1.0e-8,true
R9-P3-mass,input,34,7,0.0,kg/s,1.0e-9,true
R9-P4-load,input,34,7,0.0,MW,1.0e-8,true
R9-P4-return-bound,input,34,7,0.0,K,1.0e-8,true
R9-P3-mass,input,34,8,0.0,kg/s,1.0e-9,true
R9-P4-load,input,34,8,0.0,MW,1.0e-8,true
R9-P4-return-bound,input,34,8,0.0,K,1.0e-8,true
R9-P3-mass,input,34,9,0.0,kg/s,1.0e-9,true
R9-P4-load,input,34,9,0.0,MW,1.0e-8,true
R9-P4-return-bound,input,34,9,0.0,K,1.0e-8,true
R9-P3-mass,input,34,10,0.0,kg/s,1.0e-9,true
R9-P4-load,input,34,10,0.0,MW,1.0e-8,true
R9-P4-return-bound,input,34,10,0.0,K,1.0e-8,true
R9-P3-mass,input,34,11,0.0,kg/s,1.0e-9,true
R9-P4-load,input,34,11,0.0,MW,1.0e-8,true
R9-P4-return-bound,input,34,11,0.0,K,1.0e-8,true
R9-P3-mass,input,34,12,0.0,kg/s,1.0e-9,true
R9-P4-load,input,34,12,0.0,MW,1.0e-8,true
R9-P4-return-bound,input,34,12,0.0,K,1.0e-8,true
R9-P3-mass,input,34,13,0.0,kg/s,1.0e-9,true
R9-P4-load,input,34,13,0.0,MW,1.0e-8,true
R9-P4-return-bound,input,34,13,0.0,K,1.0e-8,true
R9-P3-mass,input,34,14,0.0,kg/s,1.0e-9,true
R9-P4-load,input,34,14,0.0,MW,1.0e-8,true
R9-P4-return-bound,input,34,14,0.0,K,1.0e-8,true
R9-P3-mass,input,34,15,0.0,kg/s,1.0e-9,true
R9-P4-load,input,34,15,0.0,MW,1.0e-8,true
R9-P4-return-bound,input,34,15,0.0,K,1.0e-8,true
R9-P3-mass,input,34,16,0.0,kg/s,1.0e-9,true
R9-P4-load,input,34,16,0.0,MW,1.0e-8,true
R9-P4-return-bound,input,34,16,0.0,K,1.0e-8,true
R9-P3-mass,input,34,17,0.0,kg/s,1.0e-9,true
R9-P4-load,input,34,17,2.7755575615628914e-17,MW,1.0e-8,true
R9-P4-return-bound,input,34,17,0.0,K,1.0e-8,true
R9-P3-mass,input,34,18,0.0,kg/s,1.0e-9,true
R9-P4-load,input,34,18,0.0,MW,1.0e-8,true
R9-P4-return-bound,input,34,18,0.0,K,1.0e-8,true
R9-P3-mass,input,34,19,0.0,kg/s,1.0e-9,true
R9-P4-load,input,34,19,0.0,MW,1.0e-8,true
R9-P4-return-bound,input,34,19,0.0,K,1.0e-8,true
R9-P3-mass,input,34,20,0.0,kg/s,1.0e-9,true
R9-P4-load,input,34,20,0.0,MW,1.0e-8,true
R9-P4-return-bound,input,34,20,0.0,K,1.0e-8,true
R9-P3-mass,input,34,21,0.0,kg/s,1.0e-9,true
R9-P4-load,input,34,21,0.0,MW,1.0e-8,true
R9-P4-return-bound,input,34,21,0.0,K,1.0e-8,true
R9-P3-mass,input,34,22,0.0,kg/s,1.0e-9,true
R9-P4-load,input,34,22,0.0,MW,1.0e-8,true
R9-P4-return-bound,input,34,22,0.0,K,1.0e-8,true
R9-P3-mass,input,34,23,0.0,kg/s,1.0e-9,true
R9-P4-load,input,34,23,0.0,MW,1.0e-8,true
R9-P4-return-bound,input,34,23,0.0,K,1.0e-8,true
R9-P3-mass,input,34,24,0.0,kg/s,1.0e-9,true
R9-P4-load,input,34,24,0.0,MW,1.0e-8,true
R9-P4-return-bound,input,34,24,0.0,K,1.0e-8,true
R9-P3-mass,input,35,1,0.0,kg/s,1.0e-9,true
R9-P4-load,input,35,1,0.0,MW,1.0e-8,true
R9-P4-return-bound,input,35,1,0.0,K,1.0e-8,true
R9-P3-mass,input,35,2,0.0,kg/s,1.0e-9,true
R9-P4-load,input,35,2,0.0,MW,1.0e-8,true
R9-P4-return-bound,input,35,2,0.0,K,1.0e-8,true
R9-P3-mass,input,35,3,0.0,kg/s,1.0e-9,true
R9-P4-load,input,35,3,0.0,MW,1.0e-8,true
R9-P4-return-bound,input,35,3,0.0,K,1.0e-8,true
R9-P3-mass,input,35,4,0.0,kg/s,1.0e-9,true
R9-P4-load,input,35,4,0.0,MW,1.0e-8,true
R9-P4-return-bound,input,35,4,0.0,K,1.0e-8,true
R9-P3-mass,input,35,5,0.0,kg/s,1.0e-9,true
R9-P4-load,input,35,5,0.0,MW,1.0e-8,true
R9-P4-return-bound,input,35,5,0.0,K,1.0e-8,true
R9-P3-mass,input,35,6,0.0,kg/s,1.0e-9,true
R9-P4-load,input,35,6,0.0,MW,1.0e-8,true
R9-P4-return-bound,input,35,6,0.0,K,1.0e-8,true
R9-P3-mass,input,35,7,0.0,kg/s,1.0e-9,true
R9-P4-load,input,35,7,0.0,MW,1.0e-8,true
R9-P4-return-bound,input,35,7,0.0,K,1.0e-8,true
R9-P3-mass,input,35,8,0.0,kg/s,1.0e-9,true
R9-P4-load,input,35,8,0.0,MW,1.0e-8,true
R9-P4-return-bound,input,35,8,0.0,K,1.0e-8,true
R9-P3-mass,input,35,9,0.0,kg/s,1.0e-9,true
R9-P4-load,input,35,9,0.0,MW,1.0e-8,true
R9-P4-return-bound,input,35,9,0.0,K,1.0e-8,true
R9-P3-mass,input,35,10,0.0,kg/s,1.0e-9,true
R9-P4-load,input,35,10,0.0,MW,1.0e-8,true
R9-P4-return-bound,input,35,10,0.0,K,1.0e-8,true
R9-P3-mass,input,35,11,0.0,kg/s,1.0e-9,true
R9-P4-load,input,35,11,0.0,MW,1.0e-8,true
R9-P4-return-bound,input,35,11,0.0,K,1.0e-8,true
R9-P3-mass,input,35,12,0.0,kg/s,1.0e-9,true
R9-P4-load,input,35,12,0.0,MW,1.0e-8,true
R9-P4-return-bound,input,35,12,0.0,K,1.0e-8,true
R9-P3-mass,input,35,13,0.0,kg/s,1.0e-9,true
R9-P4-load,input,35,13,0.0,MW,1.0e-8,true
R9-P4-return-bound,input,35,13,0.0,K,1.0e-8,true
R9-P3-mass,input,35,14,0.0,kg/s,1.0e-9,true
R9-P4-load,input,35,14,0.0,MW,1.0e-8,true
R9-P4-return-bound,input,35,14,0.0,K,1.0e-8,true
R9-P3-mass,input,35,15,0.0,kg/s,1.0e-9,true
R9-P4-load,input,35,15,0.0,MW,1.0e-8,true
R9-P4-return-bound,input,35,15,0.0,K,1.0e-8,true
R9-P3-mass,input,35,16,0.0,kg/s,1.0e-9,true
R9-P4-load,input,35,16,0.0,MW,1.0e-8,true
R9-P4-return-bound,input,35,16,0.0,K,1.0e-8,true
R9-P3-mass,input,35,17,0.0,kg/s,1.0e-9,true
R9-P4-load,input,35,17,2.7755575615628914e-17,MW,1.0e-8,true
R9-P4-return-bound,input,35,17,0.0,K,1.0e-8,true
R9-P3-mass,input,35,18,0.0,kg/s,1.0e-9,true
R9-P4-load,input,35,18,0.0,MW,1.0e-8,true
R9-P4-return-bound,input,35,18,0.0,K,1.0e-8,true
R9-P3-mass,input,35,19,0.0,kg/s,1.0e-9,true
R9-P4-load,input,35,19,0.0,MW,1.0e-8,true
R9-P4-return-bound,input,35,19,0.0,K,1.0e-8,true
R9-P3-mass,input,35,20,0.0,kg/s,1.0e-9,true
R9-P4-load,input,35,20,0.0,MW,1.0e-8,true
R9-P4-return-bound,input,35,20,0.0,K,1.0e-8,true
R9-P3-mass,input,35,21,0.0,kg/s,1.0e-9,true
R9-P4-load,input,35,21,0.0,MW,1.0e-8,true
R9-P4-return-bound,input,35,21,0.0,K,1.0e-8,true
R9-P3-mass,input,35,22,0.0,kg/s,1.0e-9,true
R9-P4-load,input,35,22,0.0,MW,1.0e-8,true
R9-P4-return-bound,input,35,22,0.0,K,1.0e-8,true
R9-P3-mass,input,35,23,0.0,kg/s,1.0e-9,true
R9-P4-load,input,35,23,0.0,MW,1.0e-8,true
R9-P4-return-bound,input,35,23,0.0,K,1.0e-8,true
R9-P3-mass,input,35,24,0.0,kg/s,1.0e-9,true
R9-P4-load,input,35,24,0.0,MW,1.0e-8,true
R9-P4-return-bound,input,35,24,0.0,K,1.0e-8,true
R9-P3-mass,input,36,1,0.0,kg/s,1.0e-9,true
R9-P4-load,input,36,1,0.0,MW,1.0e-8,true
R9-P4-return-bound,input,36,1,0.0,K,1.0e-8,true
R9-P3-mass,input,36,2,0.0,kg/s,1.0e-9,true
R9-P4-load,input,36,2,0.0,MW,1.0e-8,true
R9-P4-return-bound,input,36,2,0.0,K,1.0e-8,true
R9-P3-mass,input,36,3,0.0,kg/s,1.0e-9,true
R9-P4-load,input,36,3,0.0,MW,1.0e-8,true
R9-P4-return-bound,input,36,3,0.0,K,1.0e-8,true
R9-P3-mass,input,36,4,0.0,kg/s,1.0e-9,true
R9-P4-load,input,36,4,0.0,MW,1.0e-8,true
R9-P4-return-bound,input,36,4,0.0,K,1.0e-8,true
R9-P3-mass,input,36,5,0.0,kg/s,1.0e-9,true
R9-P4-load,input,36,5,0.0,MW,1.0e-8,true
R9-P4-return-bound,input,36,5,0.0,K,1.0e-8,true
R9-P3-mass,input,36,6,0.0,kg/s,1.0e-9,true
R9-P4-load,input,36,6,0.0,MW,1.0e-8,true
R9-P4-return-bound,input,36,6,0.0,K,1.0e-8,true
R9-P3-mass,input,36,7,0.0,kg/s,1.0e-9,true
R9-P4-load,input,36,7,0.0,MW,1.0e-8,true
R9-P4-return-bound,input,36,7,0.0,K,1.0e-8,true
R9-P3-mass,input,36,8,0.0,kg/s,1.0e-9,true
R9-P4-load,input,36,8,0.0,MW,1.0e-8,true
R9-P4-return-bound,input,36,8,0.0,K,1.0e-8,true
R9-P3-mass,input,36,9,0.0,kg/s,1.0e-9,true
R9-P4-load,input,36,9,0.0,MW,1.0e-8,true
R9-P4-return-bound,input,36,9,0.0,K,1.0e-8,true
R9-P3-mass,input,36,10,0.0,kg/s,1.0e-9,true
R9-P4-load,input,36,10,0.0,MW,1.0e-8,true
R9-P4-return-bound,input,36,10,0.0,K,1.0e-8,true
R9-P3-mass,input,36,11,0.0,kg/s,1.0e-9,true
R9-P4-load,input,36,11,0.0,MW,1.0e-8,true
R9-P4-return-bound,input,36,11,0.0,K,1.0e-8,true
R9-P3-mass,input,36,12,0.0,kg/s,1.0e-9,true
R9-P4-load,input,36,12,0.0,MW,1.0e-8,true
R9-P4-return-bound,input,36,12,0.0,K,1.0e-8,true
R9-P3-mass,input,36,13,0.0,kg/s,1.0e-9,true
R9-P4-load,input,36,13,0.0,MW,1.0e-8,true
R9-P4-return-bound,input,36,13,0.0,K,1.0e-8,true
R9-P3-mass,input,36,14,0.0,kg/s,1.0e-9,true
R9-P4-load,input,36,14,0.0,MW,1.0e-8,true
R9-P4-return-bound,input,36,14,0.0,K,1.0e-8,true
R9-P3-mass,input,36,15,0.0,kg/s,1.0e-9,true
R9-P4-load,input,36,15,0.0,MW,1.0e-8,true
R9-P4-return-bound,input,36,15,0.0,K,1.0e-8,true
R9-P3-mass,input,36,16,0.0,kg/s,1.0e-9,true
R9-P4-load,input,36,16,0.0,MW,1.0e-8,true
R9-P4-return-bound,input,36,16,0.0,K,1.0e-8,true
R9-P3-mass,input,36,17,0.0,kg/s,1.0e-9,true
R9-P4-load,input,36,17,2.7755575615628914e-17,MW,1.0e-8,true
R9-P4-return-bound,input,36,17,0.0,K,1.0e-8,true
R9-P3-mass,input,36,18,0.0,kg/s,1.0e-9,true
R9-P4-load,input,36,18,0.0,MW,1.0e-8,true
R9-P4-return-bound,input,36,18,0.0,K,1.0e-8,true
R9-P3-mass,input,36,19,0.0,kg/s,1.0e-9,true
R9-P4-load,input,36,19,0.0,MW,1.0e-8,true
R9-P4-return-bound,input,36,19,0.0,K,1.0e-8,true
R9-P3-mass,input,36,20,0.0,kg/s,1.0e-9,true
R9-P4-load,input,36,20,0.0,MW,1.0e-8,true
R9-P4-return-bound,input,36,20,0.0,K,1.0e-8,true
R9-P3-mass,input,36,21,0.0,kg/s,1.0e-9,true
R9-P4-load,input,36,21,0.0,MW,1.0e-8,true
R9-P4-return-bound,input,36,21,0.0,K,1.0e-8,true
R9-P3-mass,input,36,22,0.0,kg/s,1.0e-9,true
R9-P4-load,input,36,22,0.0,MW,1.0e-8,true
R9-P4-return-bound,input,36,22,0.0,K,1.0e-8,true
R9-P3-mass,input,36,23,0.0,kg/s,1.0e-9,true
R9-P4-load,input,36,23,0.0,MW,1.0e-8,true
R9-P4-return-bound,input,36,23,0.0,K,1.0e-8,true
R9-P3-mass,input,36,24,0.0,kg/s,1.0e-9,true
R9-P4-load,input,36,24,0.0,MW,1.0e-8,true
R9-P4-return-bound,input,36,24,0.0,K,1.0e-8,true
R9-P3-mass,input,37,1,0.0,kg/s,1.0e-9,true
R9-P4-load,input,37,1,0.0,MW,1.0e-8,true
R9-P4-return-bound,input,37,1,0.0,K,1.0e-8,true
R9-P3-mass,input,37,2,0.0,kg/s,1.0e-9,true
R9-P4-load,input,37,2,0.0,MW,1.0e-8,true
R9-P4-return-bound,input,37,2,0.0,K,1.0e-8,true
R9-P3-mass,input,37,3,0.0,kg/s,1.0e-9,true
R9-P4-load,input,37,3,0.0,MW,1.0e-8,true
R9-P4-return-bound,input,37,3,0.0,K,1.0e-8,true
R9-P3-mass,input,37,4,0.0,kg/s,1.0e-9,true
R9-P4-load,input,37,4,0.0,MW,1.0e-8,true
R9-P4-return-bound,input,37,4,0.0,K,1.0e-8,true
R9-P3-mass,input,37,5,0.0,kg/s,1.0e-9,true
R9-P4-load,input,37,5,0.0,MW,1.0e-8,true
R9-P4-return-bound,input,37,5,0.0,K,1.0e-8,true
R9-P3-mass,input,37,6,0.0,kg/s,1.0e-9,true
R9-P4-load,input,37,6,0.0,MW,1.0e-8,true
R9-P4-return-bound,input,37,6,0.0,K,1.0e-8,true
R9-P3-mass,input,37,7,0.0,kg/s,1.0e-9,true
R9-P4-load,input,37,7,0.0,MW,1.0e-8,true
R9-P4-return-bound,input,37,7,0.0,K,1.0e-8,true
R9-P3-mass,input,37,8,0.0,kg/s,1.0e-9,true
R9-P4-load,input,37,8,0.0,MW,1.0e-8,true
R9-P4-return-bound,input,37,8,0.0,K,1.0e-8,true
R9-P3-mass,input,37,9,0.0,kg/s,1.0e-9,true
R9-P4-load,input,37,9,0.0,MW,1.0e-8,true
R9-P4-return-bound,input,37,9,0.0,K,1.0e-8,true
R9-P3-mass,input,37,10,0.0,kg/s,1.0e-9,true
R9-P4-load,input,37,10,0.0,MW,1.0e-8,true
R9-P4-return-bound,input,37,10,0.0,K,1.0e-8,true
R9-P3-mass,input,37,11,0.0,kg/s,1.0e-9,true
R9-P4-load,input,37,11,0.0,MW,1.0e-8,true
R9-P4-return-bound,input,37,11,0.0,K,1.0e-8,true
R9-P3-mass,input,37,12,0.0,kg/s,1.0e-9,true
R9-P4-load,input,37,12,0.0,MW,1.0e-8,true
R9-P4-return-bound,input,37,12,0.0,K,1.0e-8,true
R9-P3-mass,input,37,13,0.0,kg/s,1.0e-9,true
R9-P4-load,input,37,13,0.0,MW,1.0e-8,true
R9-P4-return-bound,input,37,13,0.0,K,1.0e-8,true
R9-P3-mass,input,37,14,0.0,kg/s,1.0e-9,true
R9-P4-load,input,37,14,0.0,MW,1.0e-8,true
R9-P4-return-bound,input,37,14,0.0,K,1.0e-8,true
R9-P3-mass,input,37,15,0.0,kg/s,1.0e-9,true
R9-P4-load,input,37,15,0.0,MW,1.0e-8,true
R9-P4-return-bound,input,37,15,0.0,K,1.0e-8,true
R9-P3-mass,input,37,16,0.0,kg/s,1.0e-9,true
R9-P4-load,input,37,16,0.0,MW,1.0e-8,true
R9-P4-return-bound,input,37,16,0.0,K,1.0e-8,true
R9-P3-mass,input,37,17,0.0,kg/s,1.0e-9,true
R9-P4-load,input,37,17,2.7755575615628914e-17,MW,1.0e-8,true
R9-P4-return-bound,input,37,17,0.0,K,1.0e-8,true
R9-P3-mass,input,37,18,0.0,kg/s,1.0e-9,true
R9-P4-load,input,37,18,0.0,MW,1.0e-8,true
R9-P4-return-bound,input,37,18,0.0,K,1.0e-8,true
R9-P3-mass,input,37,19,0.0,kg/s,1.0e-9,true
R9-P4-load,input,37,19,0.0,MW,1.0e-8,true
R9-P4-return-bound,input,37,19,0.0,K,1.0e-8,true
R9-P3-mass,input,37,20,0.0,kg/s,1.0e-9,true
R9-P4-load,input,37,20,0.0,MW,1.0e-8,true
R9-P4-return-bound,input,37,20,0.0,K,1.0e-8,true
R9-P3-mass,input,37,21,0.0,kg/s,1.0e-9,true
R9-P4-load,input,37,21,0.0,MW,1.0e-8,true
R9-P4-return-bound,input,37,21,0.0,K,1.0e-8,true
R9-P3-mass,input,37,22,0.0,kg/s,1.0e-9,true
R9-P4-load,input,37,22,0.0,MW,1.0e-8,true
R9-P4-return-bound,input,37,22,0.0,K,1.0e-8,true
R9-P3-mass,input,37,23,0.0,kg/s,1.0e-9,true
R9-P4-load,input,37,23,0.0,MW,1.0e-8,true
R9-P4-return-bound,input,37,23,0.0,K,1.0e-8,true
R9-P3-mass,input,37,24,0.0,kg/s,1.0e-9,true
R9-P4-load,input,37,24,0.0,MW,1.0e-8,true
R9-P4-return-bound,input,37,24,0.0,K,1.0e-8,true
R9-P3-mass,input,38,1,0.0,kg/s,1.0e-9,true
R9-P4-load,input,38,1,0.0,MW,1.0e-8,true
R9-P4-return-bound,input,38,1,0.0,K,1.0e-8,true
R9-P3-mass,input,38,2,0.0,kg/s,1.0e-9,true
R9-P4-load,input,38,2,0.0,MW,1.0e-8,true
R9-P4-return-bound,input,38,2,0.0,K,1.0e-8,true
R9-P3-mass,input,38,3,0.0,kg/s,1.0e-9,true
R9-P4-load,input,38,3,0.0,MW,1.0e-8,true
R9-P4-return-bound,input,38,3,0.0,K,1.0e-8,true
R9-P3-mass,input,38,4,0.0,kg/s,1.0e-9,true
R9-P4-load,input,38,4,0.0,MW,1.0e-8,true
R9-P4-return-bound,input,38,4,0.0,K,1.0e-8,true
R9-P3-mass,input,38,5,0.0,kg/s,1.0e-9,true
R9-P4-load,input,38,5,0.0,MW,1.0e-8,true
R9-P4-return-bound,input,38,5,0.0,K,1.0e-8,true
R9-P3-mass,input,38,6,0.0,kg/s,1.0e-9,true
R9-P4-load,input,38,6,0.0,MW,1.0e-8,true
R9-P4-return-bound,input,38,6,0.0,K,1.0e-8,true
R9-P3-mass,input,38,7,0.0,kg/s,1.0e-9,true
R9-P4-load,input,38,7,0.0,MW,1.0e-8,true
R9-P4-return-bound,input,38,7,0.0,K,1.0e-8,true
R9-P3-mass,input,38,8,0.0,kg/s,1.0e-9,true
R9-P4-load,input,38,8,0.0,MW,1.0e-8,true
R9-P4-return-bound,input,38,8,0.0,K,1.0e-8,true
R9-P3-mass,input,38,9,0.0,kg/s,1.0e-9,true
R9-P4-load,input,38,9,0.0,MW,1.0e-8,true
R9-P4-return-bound,input,38,9,0.0,K,1.0e-8,true
R9-P3-mass,input,38,10,0.0,kg/s,1.0e-9,true
R9-P4-load,input,38,10,0.0,MW,1.0e-8,true
R9-P4-return-bound,input,38,10,0.0,K,1.0e-8,true
R9-P3-mass,input,38,11,0.0,kg/s,1.0e-9,true
R9-P4-load,input,38,11,0.0,MW,1.0e-8,true
R9-P4-return-bound,input,38,11,0.0,K,1.0e-8,true
R9-P3-mass,input,38,12,0.0,kg/s,1.0e-9,true
R9-P4-load,input,38,12,0.0,MW,1.0e-8,true
R9-P4-return-bound,input,38,12,0.0,K,1.0e-8,true
R9-P3-mass,input,38,13,0.0,kg/s,1.0e-9,true
R9-P4-load,input,38,13,0.0,MW,1.0e-8,true
R9-P4-return-bound,input,38,13,0.0,K,1.0e-8,true
R9-P3-mass,input,38,14,0.0,kg/s,1.0e-9,true
R9-P4-load,input,38,14,0.0,MW,1.0e-8,true
R9-P4-return-bound,input,38,14,0.0,K,1.0e-8,true
R9-P3-mass,input,38,15,0.0,kg/s,1.0e-9,true
R9-P4-load,input,38,15,0.0,MW,1.0e-8,true
R9-P4-return-bound,input,38,15,0.0,K,1.0e-8,true
R9-P3-mass,input,38,16,0.0,kg/s,1.0e-9,true
R9-P4-load,input,38,16,0.0,MW,1.0e-8,true
R9-P4-return-bound,input,38,16,0.0,K,1.0e-8,true
R9-P3-mass,input,38,17,0.0,kg/s,1.0e-9,true
R9-P4-load,input,38,17,2.7755575615628914e-17,MW,1.0e-8,true
R9-P4-return-bound,input,38,17,0.0,K,1.0e-8,true
R9-P3-mass,input,38,18,0.0,kg/s,1.0e-9,true
R9-P4-load,input,38,18,0.0,MW,1.0e-8,true
R9-P4-return-bound,input,38,18,0.0,K,1.0e-8,true
R9-P3-mass,input,38,19,0.0,kg/s,1.0e-9,true
R9-P4-load,input,38,19,0.0,MW,1.0e-8,true
R9-P4-return-bound,input,38,19,0.0,K,1.0e-8,true
R9-P3-mass,input,38,20,0.0,kg/s,1.0e-9,true
R9-P4-load,input,38,20,0.0,MW,1.0e-8,true
R9-P4-return-bound,input,38,20,0.0,K,1.0e-8,true
R9-P3-mass,input,38,21,0.0,kg/s,1.0e-9,true
R9-P4-load,input,38,21,0.0,MW,1.0e-8,true
R9-P4-return-bound,input,38,21,0.0,K,1.0e-8,true
R9-P3-mass,input,38,22,0.0,kg/s,1.0e-9,true
R9-P4-load,input,38,22,0.0,MW,1.0e-8,true
R9-P4-return-bound,input,38,22,0.0,K,1.0e-8,true
R9-P3-mass,input,38,23,0.0,kg/s,1.0e-9,true
R9-P4-load,input,38,23,0.0,MW,1.0e-8,true
R9-P4-return-bound,input,38,23,0.0,K,1.0e-8,true
R9-P3-mass,input,38,24,0.0,kg/s,1.0e-9,true
R9-P4-load,input,38,24,0.0,MW,1.0e-8,true
R9-P4-return-bound,input,38,24,0.0,K,1.0e-8,true
R9-P5-cyclic-replay,input,S1,1,0.0,K,1.0e-8,true
R9-P5-temperature,input,S_in1,1,0.0,K,1.0e-8,true
R9-P5-temperature,input,S_out1,1,0.0,K,1.0e-8,true
R9-P5-cyclic-replay,input,S1,2,0.0,K,1.0e-8,true
R9-P5-temperature,input,S_in1,2,0.0,K,1.0e-8,true
R9-P5-temperature,input,S_out1,2,0.0,K,1.0e-8,true
R9-P5-cyclic-replay,input,S1,3,0.0,K,1.0e-8,true
R9-P5-temperature,input,S_in1,3,0.0,K,1.0e-8,true
R9-P5-temperature,input,S_out1,3,0.0,K,1.0e-8,true
R9-P5-cyclic-replay,input,S1,4,0.0,K,1.0e-8,true
R9-P5-temperature,input,S_in1,4,0.0,K,1.0e-8,true
R9-P5-temperature,input,S_out1,4,0.0,K,1.0e-8,true
R9-P5-cyclic-replay,input,S1,5,0.0,K,1.0e-8,true
R9-P5-temperature,input,S_in1,5,0.0,K,1.0e-8,true
R9-P5-temperature,input,S_out1,5,0.0,K,1.0e-8,true
R9-P5-cyclic-replay,input,S1,6,0.0,K,1.0e-8,true
R9-P5-temperature,input,S_in1,6,0.0,K,1.0e-8,true
R9-P5-temperature,input,S_out1,6,0.0,K,1.0e-8,true
R9-P5-cyclic-replay,input,S1,7,0.0,K,1.0e-8,true
R9-P5-temperature,input,S_in1,7,0.0,K,1.0e-8,true
R9-P5-temperature,input,S_out1,7,0.0,K,1.0e-8,true
R9-P5-cyclic-replay,input,S1,8,0.0,K,1.0e-8,true
R9-P5-temperature,input,S_in1,8,0.0,K,1.0e-8,true
R9-P5-temperature,input,S_out1,8,0.0,K,1.0e-8,true
R9-P5-cyclic-replay,input,S1,9,0.0,K,1.0e-8,true
R9-P5-temperature,input,S_in1,9,0.0,K,1.0e-8,true
R9-P5-temperature,input,S_out1,9,0.0,K,1.0e-8,true
R9-P5-cyclic-replay,input,S1,10,0.0,K,1.0e-8,true
R9-P5-temperature,input,S_in1,10,0.0,K,1.0e-8,true
R9-P5-temperature,input,S_out1,10,0.0,K,1.0e-8,true
R9-P5-cyclic-replay,input,S1,11,0.0,K,1.0e-8,true
R9-P5-temperature,input,S_in1,11,0.0,K,1.0e-8,true
R9-P5-temperature,input,S_out1,11,0.0,K,1.0e-8,true
R9-P5-cyclic-replay,input,S1,12,0.0,K,1.0e-8,true
R9-P5-temperature,input,S_in1,12,0.0,K,1.0e-8,true
R9-P5-temperature,input,S_out1,12,0.0,K,1.0e-8,true
R9-P5-cyclic-replay,input,S1,13,0.0,K,1.0e-8,true
R9-P5-temperature,input,S_in1,13,0.0,K,1.0e-8,true
R9-P5-temperature,input,S_out1,13,0.0,K,1.0e-8,true
R9-P5-cyclic-replay,input,S1,14,0.0,K,1.0e-8,true
R9-P5-temperature,input,S_in1,14,0.0,K,1.0e-8,true
R9-P5-temperature,input,S_out1,14,0.0,K,1.0e-8,true
R9-P5-cyclic-replay,input,S1,15,0.0,K,1.0e-8,true
R9-P5-temperature,input,S_in1,15,0.0,K,1.0e-8,true
R9-P5-temperature,input,S_out1,15,0.0,K,1.0e-8,true
R9-P5-cyclic-replay,input,S1,16,0.0,K,1.0e-8,true
R9-P5-temperature,input,S_in1,16,0.0,K,1.0e-8,true
R9-P5-temperature,input,S_out1,16,0.0,K,1.0e-8,true
R9-P5-cyclic-replay,input,S1,17,0.0,K,1.0e-8,true
R9-P5-temperature,input,S_in1,17,0.0,K,1.0e-8,true
R9-P5-temperature,input,S_out1,17,0.0,K,1.0e-8,true
R9-P5-cyclic-replay,input,S1,18,0.0,K,1.0e-8,true
R9-P5-temperature,input,S_in1,18,0.0,K,1.0e-8,true
R9-P5-temperature,input,S_out1,18,0.0,K,1.0e-8,true
R9-P5-cyclic-replay,input,S1,19,0.0,K,1.0e-8,true
R9-P5-temperature,input,S_in1,19,0.0,K,1.0e-8,true
R9-P5-temperature,input,S_out1,19,0.0,K,1.0e-8,true
R9-P5-cyclic-replay,input,S1,20,0.0,K,1.0e-8,true
R9-P5-temperature,input,S_in1,20,0.0,K,1.0e-8,true
R9-P5-temperature,input,S_out1,20,0.0,K,1.0e-8,true
R9-P5-cyclic-replay,input,S1,21,0.0,K,1.0e-8,true
R9-P5-temperature,input,S_in1,21,0.0,K,1.0e-8,true
R9-P5-temperature,input,S_out1,21,0.0,K,1.0e-8,true
R9-P5-cyclic-replay,input,S1,22,0.0,K,1.0e-8,true
R9-P5-temperature,input,S_in1,22,0.0,K,1.0e-8,true
R9-P5-temperature,input,S_out1,22,0.0,K,1.0e-8,true
R9-P5-cyclic-replay,input,S1,23,0.0,K,1.0e-8,true
R9-P5-temperature,input,S_in1,23,0.0,K,1.0e-8,true
R9-P5-temperature,input,S_out1,23,0.0,K,1.0e-8,true
R9-P5-cyclic-replay,input,S1,24,0.0,K,1.0e-8,true
R9-P5-temperature,input,S_in1,24,0.0,K,1.0e-8,true
R9-P5-temperature,input,S_out1,24,0.0,K,1.0e-8,true
R9-P5-cyclic-replay,input,R1,1,0.0,K,1.0e-8,true
R9-P5-temperature,input,R_in1,1,0.0,K,1.0e-8,true
R9-P5-temperature,input,R_out1,1,0.0,K,1.0e-8,true
R9-P5-cyclic-replay,input,R1,2,0.0,K,1.0e-8,true
R9-P5-temperature,input,R_in1,2,0.0,K,1.0e-8,true
R9-P5-temperature,input,R_out1,2,0.0,K,1.0e-8,true
R9-P5-cyclic-replay,input,R1,3,0.0,K,1.0e-8,true
R9-P5-temperature,input,R_in1,3,0.0,K,1.0e-8,true
R9-P5-temperature,input,R_out1,3,0.0,K,1.0e-8,true
R9-P5-cyclic-replay,input,R1,4,0.0,K,1.0e-8,true
R9-P5-temperature,input,R_in1,4,0.0,K,1.0e-8,true
R9-P5-temperature,input,R_out1,4,0.0,K,1.0e-8,true
R9-P5-cyclic-replay,input,R1,5,0.0,K,1.0e-8,true
R9-P5-temperature,input,R_in1,5,0.0,K,1.0e-8,true
R9-P5-temperature,input,R_out1,5,0.0,K,1.0e-8,true
R9-P5-cyclic-replay,input,R1,6,0.0,K,1.0e-8,true
R9-P5-temperature,input,R_in1,6,0.0,K,1.0e-8,true
R9-P5-temperature,input,R_out1,6,0.0,K,1.0e-8,true
R9-P5-cyclic-replay,input,R1,7,0.0,K,1.0e-8,true
R9-P5-temperature,input,R_in1,7,0.0,K,1.0e-8,true
R9-P5-temperature,input,R_out1,7,0.0,K,1.0e-8,true
R9-P5-cyclic-replay,input,R1,8,0.0,K,1.0e-8,true
R9-P5-temperature,input,R_in1,8,0.0,K,1.0e-8,true
R9-P5-temperature,input,R_out1,8,0.0,K,1.0e-8,true
R9-P5-cyclic-replay,input,R1,9,0.0,K,1.0e-8,true
R9-P5-temperature,input,R_in1,9,0.0,K,1.0e-8,true
R9-P5-temperature,input,R_out1,9,0.0,K,1.0e-8,true
R9-P5-cyclic-replay,input,R1,10,0.0,K,1.0e-8,true
R9-P5-temperature,input,R_in1,10,0.0,K,1.0e-8,true
R9-P5-temperature,input,R_out1,10,0.0,K,1.0e-8,true
R9-P5-cyclic-replay,input,R1,11,0.0,K,1.0e-8,true
R9-P5-temperature,input,R_in1,11,0.0,K,1.0e-8,true
R9-P5-temperature,input,R_out1,11,0.0,K,1.0e-8,true
R9-P5-cyclic-replay,input,R1,12,0.0,K,1.0e-8,true
R9-P5-temperature,input,R_in1,12,0.0,K,1.0e-8,true
R9-P5-temperature,input,R_out1,12,0.0,K,1.0e-8,true
R9-P5-cyclic-replay,input,R1,13,0.0,K,1.0e-8,true
R9-P5-temperature,input,R_in1,13,0.0,K,1.0e-8,true
R9-P5-temperature,input,R_out1,13,0.0,K,1.0e-8,true
R9-P5-cyclic-replay,input,R1,14,0.0,K,1.0e-8,true
R9-P5-temperature,input,R_in1,14,0.0,K,1.0e-8,true
R9-P5-temperature,input,R_out1,14,0.0,K,1.0e-8,true
R9-P5-cyclic-replay,input,R1,15,0.0,K,1.0e-8,true
R9-P5-temperature,input,R_in1,15,0.0,K,1.0e-8,true
R9-P5-temperature,input,R_out1,15,0.0,K,1.0e-8,true
R9-P5-cyclic-replay,input,R1,16,0.0,K,1.0e-8,true
R9-P5-temperature,input,R_in1,16,0.0,K,1.0e-8,true
R9-P5-temperature,input,R_out1,16,0.0,K,1.0e-8,true
R9-P5-cyclic-replay,input,R1,17,0.0,K,1.0e-8,true
R9-P5-temperature,input,R_in1,17,0.0,K,1.0e-8,true
R9-P5-temperature,input,R_out1,17,0.0,K,1.0e-8,true
R9-P5-cyclic-replay,input,R1,18,0.0,K,1.0e-8,true
R9-P5-temperature,input,R_in1,18,0.0,K,1.0e-8,true
R9-P5-temperature,input,R_out1,18,0.0,K,1.0e-8,true
R9-P5-cyclic-replay,input,R1,19,0.0,K,1.0e-8,true
R9-P5-temperature,input,R_in1,19,0.0,K,1.0e-8,true
R9-P5-temperature,input,R_out1,19,0.0,K,1.0e-8,true
R9-P5-cyclic-replay,input,R1,20,0.0,K,1.0e-8,true
R9-P5-temperature,input,R_in1,20,0.0,K,1.0e-8,true
R9-P5-temperature,input,R_out1,20,0.0,K,1.0e-8,true
R9-P5-cyclic-replay,input,R1,21,0.0,K,1.0e-8,true
R9-P5-temperature,input,R_in1,21,0.0,K,1.0e-8,true
R9-P5-temperature,input,R_out1,21,0.0,K,1.0e-8,true
R9-P5-cyclic-replay,input,R1,22,0.0,K,1.0e-8,true
R9-P5-temperature,input,R_in1,22,0.0,K,1.0e-8,true
R9-P5-temperature,input,R_out1,22,0.0,K,1.0e-8,true
R9-P5-cyclic-replay,input,R1,23,0.0,K,1.0e-8,true
R9-P5-temperature,input,R_in1,23,0.0,K,1.0e-8,true
R9-P5-temperature,input,R_out1,23,0.0,K,1.0e-8,true
R9-P5-cyclic-replay,input,R1,24,0.0,K,1.0e-8,true
R9-P5-temperature,input,R_in1,24,0.0,K,1.0e-8,true
R9-P5-temperature,input,R_out1,24,0.0,K,1.0e-8,true
R9-P5-cyclic-replay,input,S2,1,0.0,K,1.0e-8,true
R9-P5-temperature,input,S_in2,1,0.0,K,1.0e-8,true
R9-P5-temperature,input,S_out2,1,0.0,K,1.0e-8,true
R9-P5-cyclic-replay,input,S2,2,0.0,K,1.0e-8,true
R9-P5-temperature,input,S_in2,2,0.0,K,1.0e-8,true
R9-P5-temperature,input,S_out2,2,0.0,K,1.0e-8,true
R9-P5-cyclic-replay,input,S2,3,0.0,K,1.0e-8,true
R9-P5-temperature,input,S_in2,3,0.0,K,1.0e-8,true
R9-P5-temperature,input,S_out2,3,0.0,K,1.0e-8,true
R9-P5-cyclic-replay,input,S2,4,0.0,K,1.0e-8,true
R9-P5-temperature,input,S_in2,4,0.0,K,1.0e-8,true
R9-P5-temperature,input,S_out2,4,0.0,K,1.0e-8,true
R9-P5-cyclic-replay,input,S2,5,0.0,K,1.0e-8,true
R9-P5-temperature,input,S_in2,5,0.0,K,1.0e-8,true
R9-P5-temperature,input,S_out2,5,0.0,K,1.0e-8,true
R9-P5-cyclic-replay,input,S2,6,0.0,K,1.0e-8,true
R9-P5-temperature,input,S_in2,6,0.0,K,1.0e-8,true
R9-P5-temperature,input,S_out2,6,0.0,K,1.0e-8,true
R9-P5-cyclic-replay,input,S2,7,0.0,K,1.0e-8,true
R9-P5-temperature,input,S_in2,7,0.0,K,1.0e-8,true
R9-P5-temperature,input,S_out2,7,0.0,K,1.0e-8,true
R9-P5-cyclic-replay,input,S2,8,0.0,K,1.0e-8,true
R9-P5-temperature,input,S_in2,8,0.0,K,1.0e-8,true
R9-P5-temperature,input,S_out2,8,0.0,K,1.0e-8,true
R9-P5-cyclic-replay,input,S2,9,0.0,K,1.0e-8,true
R9-P5-temperature,input,S_in2,9,0.0,K,1.0e-8,true
R9-P5-temperature,input,S_out2,9,0.0,K,1.0e-8,true
R9-P5-cyclic-replay,input,S2,10,0.0,K,1.0e-8,true
R9-P5-temperature,input,S_in2,10,0.0,K,1.0e-8,true
R9-P5-temperature,input,S_out2,10,0.0,K,1.0e-8,true
R9-P5-cyclic-replay,input,S2,11,0.0,K,1.0e-8,true
R9-P5-temperature,input,S_in2,11,0.0,K,1.0e-8,true
R9-P5-temperature,input,S_out2,11,0.0,K,1.0e-8,true
R9-P5-cyclic-replay,input,S2,12,0.0,K,1.0e-8,true
R9-P5-temperature,input,S_in2,12,0.0,K,1.0e-8,true
R9-P5-temperature,input,S_out2,12,0.0,K,1.0e-8,true
R9-P5-cyclic-replay,input,S2,13,0.0,K,1.0e-8,true
R9-P5-temperature,input,S_in2,13,0.0,K,1.0e-8,true
R9-P5-temperature,input,S_out2,13,0.0,K,1.0e-8,true
R9-P5-cyclic-replay,input,S2,14,0.0,K,1.0e-8,true
R9-P5-temperature,input,S_in2,14,0.0,K,1.0e-8,true
R9-P5-temperature,input,S_out2,14,0.0,K,1.0e-8,true
R9-P5-cyclic-replay,input,S2,15,0.0,K,1.0e-8,true
R9-P5-temperature,input,S_in2,15,0.0,K,1.0e-8,true
R9-P5-temperature,input,S_out2,15,0.0,K,1.0e-8,true
R9-P5-cyclic-replay,input,S2,16,0.0,K,1.0e-8,true
R9-P5-temperature,input,S_in2,16,0.0,K,1.0e-8,true
R9-P5-temperature,input,S_out2,16,0.0,K,1.0e-8,true
R9-P5-cyclic-replay,input,S2,17,0.0,K,1.0e-8,true
R9-P5-temperature,input,S_in2,17,0.0,K,1.0e-8,true
R9-P5-temperature,input,S_out2,17,0.0,K,1.0e-8,true
R9-P5-cyclic-replay,input,S2,18,0.0,K,1.0e-8,true
R9-P5-temperature,input,S_in2,18,0.0,K,1.0e-8,true
R9-P5-temperature,input,S_out2,18,0.0,K,1.0e-8,true
R9-P5-cyclic-replay,input,S2,19,0.0,K,1.0e-8,true
R9-P5-temperature,input,S_in2,19,0.0,K,1.0e-8,true
R9-P5-temperature,input,S_out2,19,0.0,K,1.0e-8,true
R9-P5-cyclic-replay,input,S2,20,0.0,K,1.0e-8,true
R9-P5-temperature,input,S_in2,20,0.0,K,1.0e-8,true
R9-P5-temperature,input,S_out2,20,0.0,K,1.0e-8,true
R9-P5-cyclic-replay,input,S2,21,0.0,K,1.0e-8,true
R9-P5-temperature,input,S_in2,21,0.0,K,1.0e-8,true
R9-P5-temperature,input,S_out2,21,0.0,K,1.0e-8,true
R9-P5-cyclic-replay,input,S2,22,0.0,K,1.0e-8,true
R9-P5-temperature,input,S_in2,22,0.0,K,1.0e-8,true
R9-P5-temperature,input,S_out2,22,0.0,K,1.0e-8,true
R9-P5-cyclic-replay,input,S2,23,0.0,K,1.0e-8,true
R9-P5-temperature,input,S_in2,23,0.0,K,1.0e-8,true
R9-P5-temperature,input,S_out2,23,0.0,K,1.0e-8,true
R9-P5-cyclic-replay,input,S2,24,0.0,K,1.0e-8,true
R9-P5-temperature,input,S_in2,24,0.0,K,1.0e-8,true
R9-P5-temperature,input,S_out2,24,0.0,K,1.0e-8,true
R9-P5-cyclic-replay,input,R2,1,0.0,K,1.0e-8,true
R9-P5-temperature,input,R_in2,1,0.0,K,1.0e-8,true
R9-P5-temperature,input,R_out2,1,0.0,K,1.0e-8,true
R9-P5-cyclic-replay,input,R2,2,0.0,K,1.0e-8,true
R9-P5-temperature,input,R_in2,2,0.0,K,1.0e-8,true
R9-P5-temperature,input,R_out2,2,0.0,K,1.0e-8,true
R9-P5-cyclic-replay,input,R2,3,0.0,K,1.0e-8,true
R9-P5-temperature,input,R_in2,3,0.0,K,1.0e-8,true
R9-P5-temperature,input,R_out2,3,0.0,K,1.0e-8,true
R9-P5-cyclic-replay,input,R2,4,0.0,K,1.0e-8,true
R9-P5-temperature,input,R_in2,4,0.0,K,1.0e-8,true
R9-P5-temperature,input,R_out2,4,0.0,K,1.0e-8,true
R9-P5-cyclic-replay,input,R2,5,0.0,K,1.0e-8,true
R9-P5-temperature,input,R_in2,5,0.0,K,1.0e-8,true
R9-P5-temperature,input,R_out2,5,0.0,K,1.0e-8,true
R9-P5-cyclic-replay,input,R2,6,0.0,K,1.0e-8,true
R9-P5-temperature,input,R_in2,6,0.0,K,1.0e-8,true
R9-P5-temperature,input,R_out2,6,0.0,K,1.0e-8,true
R9-P5-cyclic-replay,input,R2,7,0.0,K,1.0e-8,true
R9-P5-temperature,input,R_in2,7,0.0,K,1.0e-8,true
R9-P5-temperature,input,R_out2,7,0.0,K,1.0e-8,true
R9-P5-cyclic-replay,input,R2,8,0.0,K,1.0e-8,true
R9-P5-temperature,input,R_in2,8,0.0,K,1.0e-8,true
R9-P5-temperature,input,R_out2,8,0.0,K,1.0e-8,true
R9-P5-cyclic-replay,input,R2,9,0.0,K,1.0e-8,true
R9-P5-temperature,input,R_in2,9,0.0,K,1.0e-8,true
R9-P5-temperature,input,R_out2,9,0.0,K,1.0e-8,true
R9-P5-cyclic-replay,input,R2,10,0.0,K,1.0e-8,true
R9-P5-temperature,input,R_in2,10,0.0,K,1.0e-8,true
R9-P5-temperature,input,R_out2,10,0.0,K,1.0e-8,true
R9-P5-cyclic-replay,input,R2,11,0.0,K,1.0e-8,true
R9-P5-temperature,input,R_in2,11,0.0,K,1.0e-8,true
R9-P5-temperature,input,R_out2,11,0.0,K,1.0e-8,true
R9-P5-cyclic-replay,input,R2,12,0.0,K,1.0e-8,true
R9-P5-temperature,input,R_in2,12,0.0,K,1.0e-8,true
R9-P5-temperature,input,R_out2,12,0.0,K,1.0e-8,true
R9-P5-cyclic-replay,input,R2,13,0.0,K,1.0e-8,true
R9-P5-temperature,input,R_in2,13,0.0,K,1.0e-8,true
R9-P5-temperature,input,R_out2,13,0.0,K,1.0e-8,true
R9-P5-cyclic-replay,input,R2,14,0.0,K,1.0e-8,true
R9-P5-temperature,input,R_in2,14,0.0,K,1.0e-8,true
R9-P5-temperature,input,R_out2,14,0.0,K,1.0e-8,true
R9-P5-cyclic-replay,input,R2,15,0.0,K,1.0e-8,true
R9-P5-temperature,input,R_in2,15,0.0,K,1.0e-8,true
R9-P5-temperature,input,R_out2,15,0.0,K,1.0e-8,true
R9-P5-cyclic-replay,input,R2,16,0.0,K,1.0e-8,true
R9-P5-temperature,input,R_in2,16,0.0,K,1.0e-8,true
R9-P5-temperature,input,R_out2,16,0.0,K,1.0e-8,true
R9-P5-cyclic-replay,input,R2,17,0.0,K,1.0e-8,true
R9-P5-temperature,input,R_in2,17,0.0,K,1.0e-8,true
R9-P5-temperature,input,R_out2,17,0.0,K,1.0e-8,true
R9-P5-cyclic-replay,input,R2,18,0.0,K,1.0e-8,true
R9-P5-temperature,input,R_in2,18,0.0,K,1.0e-8,true
R9-P5-temperature,input,R_out2,18,0.0,K,1.0e-8,true
R9-P5-cyclic-replay,input,R2,19,0.0,K,1.0e-8,true
R9-P5-temperature,input,R_in2,19,0.0,K,1.0e-8,true
R9-P5-temperature,input,R_out2,19,0.0,K,1.0e-8,true
R9-P5-cyclic-replay,input,R2,20,0.0,K,1.0e-8,true
R9-P5-temperature,input,R_in2,20,0.0,K,1.0e-8,true
R9-P5-temperature,input,R_out2,20,0.0,K,1.0e-8,true
R9-P5-cyclic-replay,input,R2,21,0.0,K,1.0e-8,true
R9-P5-temperature,input,R_in2,21,0.0,K,1.0e-8,true
R9-P5-temperature,input,R_out2,21,0.0,K,1.0e-8,true
R9-P5-cyclic-replay,input,R2,22,0.0,K,1.0e-8,true
R9-P5-temperature,input,R_in2,22,0.0,K,1.0e-8,true
R9-P5-temperature,input,R_out2,22,0.0,K,1.0e-8,true
R9-P5-cyclic-replay,input,R2,23,0.0,K,1.0e-8,true
R9-P5-temperature,input,R_in2,23,0.0,K,1.0e-8,true
R9-P5-temperature,input,R_out2,23,0.0,K,1.0e-8,true
R9-P5-cyclic-replay,input,R2,24,0.0,K,1.0e-8,true
R9-P5-temperature,input,R_in2,24,0.0,K,1.0e-8,true
R9-P5-temperature,input,R_out2,24,0.0,K,1.0e-8,true
R9-P5-cyclic-replay,input,S3,1,0.0,K,1.0e-8,true
R9-P5-temperature,input,S_in3,1,0.0,K,1.0e-8,true
R9-P5-temperature,input,S_out3,1,0.0,K,1.0e-8,true
R9-P5-cyclic-replay,input,S3,2,0.0,K,1.0e-8,true
R9-P5-temperature,input,S_in3,2,0.0,K,1.0e-8,true
R9-P5-temperature,input,S_out3,2,0.0,K,1.0e-8,true
R9-P5-cyclic-replay,input,S3,3,0.0,K,1.0e-8,true
R9-P5-temperature,input,S_in3,3,0.0,K,1.0e-8,true
R9-P5-temperature,input,S_out3,3,0.0,K,1.0e-8,true
R9-P5-cyclic-replay,input,S3,4,0.0,K,1.0e-8,true
R9-P5-temperature,input,S_in3,4,0.0,K,1.0e-8,true
R9-P5-temperature,input,S_out3,4,0.0,K,1.0e-8,true
R9-P5-cyclic-replay,input,S3,5,0.0,K,1.0e-8,true
R9-P5-temperature,input,S_in3,5,0.0,K,1.0e-8,true
R9-P5-temperature,input,S_out3,5,0.0,K,1.0e-8,true
R9-P5-cyclic-replay,input,S3,6,0.0,K,1.0e-8,true
R9-P5-temperature,input,S_in3,6,0.0,K,1.0e-8,true
R9-P5-temperature,input,S_out3,6,0.0,K,1.0e-8,true
R9-P5-cyclic-replay,input,S3,7,0.0,K,1.0e-8,true
R9-P5-temperature,input,S_in3,7,0.0,K,1.0e-8,true
R9-P5-temperature,input,S_out3,7,0.0,K,1.0e-8,true
R9-P5-cyclic-replay,input,S3,8,0.0,K,1.0e-8,true
R9-P5-temperature,input,S_in3,8,0.0,K,1.0e-8,true
R9-P5-temperature,input,S_out3,8,0.0,K,1.0e-8,true
R9-P5-cyclic-replay,input,S3,9,0.0,K,1.0e-8,true
R9-P5-temperature,input,S_in3,9,0.0,K,1.0e-8,true
R9-P5-temperature,input,S_out3,9,0.0,K,1.0e-8,true
R9-P5-cyclic-replay,input,S3,10,0.0,K,1.0e-8,true
R9-P5-temperature,input,S_in3,10,0.0,K,1.0e-8,true
R9-P5-temperature,input,S_out3,10,0.0,K,1.0e-8,true
R9-P5-cyclic-replay,input,S3,11,0.0,K,1.0e-8,true
R9-P5-temperature,input,S_in3,11,0.0,K,1.0e-8,true
R9-P5-temperature,input,S_out3,11,0.0,K,1.0e-8,true
R9-P5-cyclic-replay,input,S3,12,0.0,K,1.0e-8,true
R9-P5-temperature,input,S_in3,12,0.0,K,1.0e-8,true
R9-P5-temperature,input,S_out3,12,0.0,K,1.0e-8,true
R9-P5-cyclic-replay,input,S3,13,0.0,K,1.0e-8,true
R9-P5-temperature,input,S_in3,13,0.0,K,1.0e-8,true
R9-P5-temperature,input,S_out3,13,0.0,K,1.0e-8,true
R9-P5-cyclic-replay,input,S3,14,0.0,K,1.0e-8,true
R9-P5-temperature,input,S_in3,14,0.0,K,1.0e-8,true
R9-P5-temperature,input,S_out3,14,0.0,K,1.0e-8,true
R9-P5-cyclic-replay,input,S3,15,0.0,K,1.0e-8,true
R9-P5-temperature,input,S_in3,15,0.0,K,1.0e-8,true
R9-P5-temperature,input,S_out3,15,0.0,K,1.0e-8,true
R9-P5-cyclic-replay,input,S3,16,0.0,K,1.0e-8,true
R9-P5-temperature,input,S_in3,16,0.0,K,1.0e-8,true
R9-P5-temperature,input,S_out3,16,0.0,K,1.0e-8,true
R9-P5-cyclic-replay,input,S3,17,0.0,K,1.0e-8,true
R9-P5-temperature,input,S_in3,17,0.0,K,1.0e-8,true
R9-P5-temperature,input,S_out3,17,0.0,K,1.0e-8,true
R9-P5-cyclic-replay,input,S3,18,0.0,K,1.0e-8,true
R9-P5-temperature,input,S_in3,18,0.0,K,1.0e-8,true
R9-P5-temperature,input,S_out3,18,0.0,K,1.0e-8,true
R9-P5-cyclic-replay,input,S3,19,0.0,K,1.0e-8,true
R9-P5-temperature,input,S_in3,19,0.0,K,1.0e-8,true
R9-P5-temperature,input,S_out3,19,0.0,K,1.0e-8,true
R9-P5-cyclic-replay,input,S3,20,0.0,K,1.0e-8,true
R9-P5-temperature,input,S_in3,20,0.0,K,1.0e-8,true
R9-P5-temperature,input,S_out3,20,0.0,K,1.0e-8,true
R9-P5-cyclic-replay,input,S3,21,0.0,K,1.0e-8,true
R9-P5-temperature,input,S_in3,21,0.0,K,1.0e-8,true
R9-P5-temperature,input,S_out3,21,0.0,K,1.0e-8,true
R9-P5-cyclic-replay,input,S3,22,0.0,K,1.0e-8,true
R9-P5-temperature,input,S_in3,22,0.0,K,1.0e-8,true
R9-P5-temperature,input,S_out3,22,0.0,K,1.0e-8,true
R9-P5-cyclic-replay,input,S3,23,0.0,K,1.0e-8,true
R9-P5-temperature,input,S_in3,23,0.0,K,1.0e-8,true
R9-P5-temperature,input,S_out3,23,0.0,K,1.0e-8,true
R9-P5-cyclic-replay,input,S3,24,0.0,K,1.0e-8,true
R9-P5-temperature,input,S_in3,24,0.0,K,1.0e-8,true
R9-P5-temperature,input,S_out3,24,0.0,K,1.0e-8,true
R9-P5-cyclic-replay,input,R3,1,0.0,K,1.0e-8,true
R9-P5-temperature,input,R_in3,1,0.0,K,1.0e-8,true
R9-P5-temperature,input,R_out3,1,0.0,K,1.0e-8,true
R9-P5-cyclic-replay,input,R3,2,0.0,K,1.0e-8,true
R9-P5-temperature,input,R_in3,2,0.0,K,1.0e-8,true
R9-P5-temperature,input,R_out3,2,0.0,K,1.0e-8,true
R9-P5-cyclic-replay,input,R3,3,0.0,K,1.0e-8,true
R9-P5-temperature,input,R_in3,3,0.0,K,1.0e-8,true
R9-P5-temperature,input,R_out3,3,0.0,K,1.0e-8,true
R9-P5-cyclic-replay,input,R3,4,0.0,K,1.0e-8,true
R9-P5-temperature,input,R_in3,4,0.0,K,1.0e-8,true
R9-P5-temperature,input,R_out3,4,0.0,K,1.0e-8,true
R9-P5-cyclic-replay,input,R3,5,0.0,K,1.0e-8,true
R9-P5-temperature,input,R_in3,5,0.0,K,1.0e-8,true
R9-P5-temperature,input,R_out3,5,0.0,K,1.0e-8,true
R9-P5-cyclic-replay,input,R3,6,0.0,K,1.0e-8,true
R9-P5-temperature,input,R_in3,6,0.0,K,1.0e-8,true
R9-P5-temperature,input,R_out3,6,0.0,K,1.0e-8,true
R9-P5-cyclic-replay,input,R3,7,0.0,K,1.0e-8,true
R9-P5-temperature,input,R_in3,7,0.0,K,1.0e-8,true
R9-P5-temperature,input,R_out3,7,0.0,K,1.0e-8,true
R9-P5-cyclic-replay,input,R3,8,0.0,K,1.0e-8,true
R9-P5-temperature,input,R_in3,8,0.0,K,1.0e-8,true
R9-P5-temperature,input,R_out3,8,0.0,K,1.0e-8,true
R9-P5-cyclic-replay,input,R3,9,0.0,K,1.0e-8,true
R9-P5-temperature,input,R_in3,9,0.0,K,1.0e-8,true
R9-P5-temperature,input,R_out3,9,0.0,K,1.0e-8,true
R9-P5-cyclic-replay,input,R3,10,0.0,K,1.0e-8,true
R9-P5-temperature,input,R_in3,10,0.0,K,1.0e-8,true
R9-P5-temperature,input,R_out3,10,0.0,K,1.0e-8,true
R9-P5-cyclic-replay,input,R3,11,0.0,K,1.0e-8,true
R9-P5-temperature,input,R_in3,11,0.0,K,1.0e-8,true
R9-P5-temperature,input,R_out3,11,0.0,K,1.0e-8,true
R9-P5-cyclic-replay,input,R3,12,0.0,K,1.0e-8,true
R9-P5-temperature,input,R_in3,12,0.0,K,1.0e-8,true
R9-P5-temperature,input,R_out3,12,0.0,K,1.0e-8,true
R9-P5-cyclic-replay,input,R3,13,0.0,K,1.0e-8,true
R9-P5-temperature,input,R_in3,13,0.0,K,1.0e-8,true
R9-P5-temperature,input,R_out3,13,0.0,K,1.0e-8,true
R9-P5-cyclic-replay,input,R3,14,0.0,K,1.0e-8,true
R9-P5-temperature,input,R_in3,14,0.0,K,1.0e-8,true
R9-P5-temperature,input,R_out3,14,0.0,K,1.0e-8,true
R9-P5-cyclic-replay,input,R3,15,0.0,K,1.0e-8,true
R9-P5-temperature,input,R_in3,15,0.0,K,1.0e-8,true
R9-P5-temperature,input,R_out3,15,0.0,K,1.0e-8,true
R9-P5-cyclic-replay,input,R3,16,0.0,K,1.0e-8,true
R9-P5-temperature,input,R_in3,16,0.0,K,1.0e-8,true
R9-P5-temperature,input,R_out3,16,0.0,K,1.0e-8,true
R9-P5-cyclic-replay,input,R3,17,0.0,K,1.0e-8,true
R9-P5-temperature,input,R_in3,17,0.0,K,1.0e-8,true
R9-P5-temperature,input,R_out3,17,0.0,K,1.0e-8,true
R9-P5-cyclic-replay,input,R3,18,0.0,K,1.0e-8,true
R9-P5-temperature,input,R_in3,18,0.0,K,1.0e-8,true
R9-P5-temperature,input,R_out3,18,0.0,K,1.0e-8,true
R9-P5-cyclic-replay,input,R3,19,0.0,K,1.0e-8,true
R9-P5-temperature,input,R_in3,19,0.0,K,1.0e-8,true
R9-P5-temperature,input,R_out3,19,0.0,K,1.0e-8,true
R9-P5-cyclic-replay,input,R3,20,0.0,K,1.0e-8,true
R9-P5-temperature,input,R_in3,20,0.0,K,1.0e-8,true
R9-P5-temperature,input,R_out3,20,0.0,K,1.0e-8,true
R9-P5-cyclic-replay,input,R3,21,0.0,K,1.0e-8,true
R9-P5-temperature,input,R_in3,21,0.0,K,1.0e-8,true
R9-P5-temperature,input,R_out3,21,0.0,K,1.0e-8,true
R9-P5-cyclic-replay,input,R3,22,0.0,K,1.0e-8,true
R9-P5-temperature,input,R_in3,22,0.0,K,1.0e-8,true
R9-P5-temperature,input,R_out3,22,0.0,K,1.0e-8,true
R9-P5-cyclic-replay,input,R3,23,0.0,K,1.0e-8,true
R9-P5-temperature,input,R_in3,23,0.0,K,1.0e-8,true
R9-P5-temperature,input,R_out3,23,0.0,K,1.0e-8,true
R9-P5-cyclic-replay,input,R3,24,0.0,K,1.0e-8,true
R9-P5-temperature,input,R_in3,24,0.0,K,1.0e-8,true
R9-P5-temperature,input,R_out3,24,0.0,K,1.0e-8,true
R9-P5-cyclic-replay,input,S4,1,1.1368683772161603e-13,K,1.0e-8,true
R9-P5-temperature,input,S_in4,1,0.0,K,1.0e-8,true
R9-P5-temperature,input,S_out4,1,0.0,K,1.0e-8,true
R9-P5-cyclic-replay,input,S4,2,1.1368683772161603e-13,K,1.0e-8,true
R9-P5-temperature,input,S_in4,2,0.0,K,1.0e-8,true
R9-P5-temperature,input,S_out4,2,0.0,K,1.0e-8,true
R9-P5-cyclic-replay,input,S4,3,1.1368683772161603e-13,K,1.0e-8,true
R9-P5-temperature,input,S_in4,3,0.0,K,1.0e-8,true
R9-P5-temperature,input,S_out4,3,0.0,K,1.0e-8,true
R9-P5-cyclic-replay,input,S4,4,1.1368683772161603e-13,K,1.0e-8,true
R9-P5-temperature,input,S_in4,4,0.0,K,1.0e-8,true
R9-P5-temperature,input,S_out4,4,0.0,K,1.0e-8,true
R9-P5-cyclic-replay,input,S4,5,1.1368683772161603e-13,K,1.0e-8,true
R9-P5-temperature,input,S_in4,5,0.0,K,1.0e-8,true
R9-P5-temperature,input,S_out4,5,0.0,K,1.0e-8,true
R9-P5-cyclic-replay,input,S4,6,1.1368683772161603e-13,K,1.0e-8,true
R9-P5-temperature,input,S_in4,6,0.0,K,1.0e-8,true
R9-P5-temperature,input,S_out4,6,0.0,K,1.0e-8,true
R9-P5-cyclic-replay,input,S4,7,1.1368683772161603e-13,K,1.0e-8,true
R9-P5-temperature,input,S_in4,7,0.0,K,1.0e-8,true
R9-P5-temperature,input,S_out4,7,0.0,K,1.0e-8,true
R9-P5-cyclic-replay,input,S4,8,1.1368683772161603e-13,K,1.0e-8,true
R9-P5-temperature,input,S_in4,8,0.0,K,1.0e-8,true
R9-P5-temperature,input,S_out4,8,0.0,K,1.0e-8,true
R9-P5-cyclic-replay,input,S4,9,1.1368683772161603e-13,K,1.0e-8,true
R9-P5-temperature,input,S_in4,9,0.0,K,1.0e-8,true
R9-P5-temperature,input,S_out4,9,0.0,K,1.0e-8,true
R9-P5-cyclic-replay,input,S4,10,1.1368683772161603e-13,K,1.0e-8,true
R9-P5-temperature,input,S_in4,10,0.0,K,1.0e-8,true
R9-P5-temperature,input,S_out4,10,0.0,K,1.0e-8,true
R9-P5-cyclic-replay,input,S4,11,1.1368683772161603e-13,K,1.0e-8,true
R9-P5-temperature,input,S_in4,11,0.0,K,1.0e-8,true
R9-P5-temperature,input,S_out4,11,0.0,K,1.0e-8,true
R9-P5-cyclic-replay,input,S4,12,1.1368683772161603e-13,K,1.0e-8,true
R9-P5-temperature,input,S_in4,12,0.0,K,1.0e-8,true
R9-P5-temperature,input,S_out4,12,0.0,K,1.0e-8,true
R9-P5-cyclic-replay,input,S4,13,1.1368683772161603e-13,K,1.0e-8,true
R9-P5-temperature,input,S_in4,13,0.0,K,1.0e-8,true
R9-P5-temperature,input,S_out4,13,0.0,K,1.0e-8,true
R9-P5-cyclic-replay,input,S4,14,1.1368683772161603e-13,K,1.0e-8,true
R9-P5-temperature,input,S_in4,14,0.0,K,1.0e-8,true
R9-P5-temperature,input,S_out4,14,0.0,K,1.0e-8,true
R9-P5-cyclic-replay,input,S4,15,1.1368683772161603e-13,K,1.0e-8,true
R9-P5-temperature,input,S_in4,15,0.0,K,1.0e-8,true
R9-P5-temperature,input,S_out4,15,0.0,K,1.0e-8,true
R9-P5-cyclic-replay,input,S4,16,1.1368683772161603e-13,K,1.0e-8,true
R9-P5-temperature,input,S_in4,16,0.0,K,1.0e-8,true
R9-P5-temperature,input,S_out4,16,0.0,K,1.0e-8,true
R9-P5-cyclic-replay,input,S4,17,1.1368683772161603e-13,K,1.0e-8,true
R9-P5-temperature,input,S_in4,17,0.0,K,1.0e-8,true
R9-P5-temperature,input,S_out4,17,0.0,K,1.0e-8,true
R9-P5-cyclic-replay,input,S4,18,1.1368683772161603e-13,K,1.0e-8,true
R9-P5-temperature,input,S_in4,18,0.0,K,1.0e-8,true
R9-P5-temperature,input,S_out4,18,0.0,K,1.0e-8,true
R9-P5-cyclic-replay,input,S4,19,1.1368683772161603e-13,K,1.0e-8,true
R9-P5-temperature,input,S_in4,19,0.0,K,1.0e-8,true
R9-P5-temperature,input,S_out4,19,0.0,K,1.0e-8,true
R9-P5-cyclic-replay,input,S4,20,1.1368683772161603e-13,K,1.0e-8,true
R9-P5-temperature,input,S_in4,20,0.0,K,1.0e-8,true
R9-P5-temperature,input,S_out4,20,0.0,K,1.0e-8,true
R9-P5-cyclic-replay,input,S4,21,1.1368683772161603e-13,K,1.0e-8,true
R9-P5-temperature,input,S_in4,21,0.0,K,1.0e-8,true
R9-P5-temperature,input,S_out4,21,0.0,K,1.0e-8,true
R9-P5-cyclic-replay,input,S4,22,1.1368683772161603e-13,K,1.0e-8,true
R9-P5-temperature,input,S_in4,22,0.0,K,1.0e-8,true
R9-P5-temperature,input,S_out4,22,0.0,K,1.0e-8,true
R9-P5-cyclic-replay,input,S4,23,1.1368683772161603e-13,K,1.0e-8,true
R9-P5-temperature,input,S_in4,23,0.0,K,1.0e-8,true
R9-P5-temperature,input,S_out4,23,0.0,K,1.0e-8,true
R9-P5-cyclic-replay,input,S4,24,1.1368683772161603e-13,K,1.0e-8,true
R9-P5-temperature,input,S_in4,24,0.0,K,1.0e-8,true
R9-P5-temperature,input,S_out4,24,0.0,K,1.0e-8,true
R9-P5-cyclic-replay,input,R4,1,5.684341886080802e-14,K,1.0e-8,true
R9-P5-temperature,input,R_in4,1,0.0,K,1.0e-8,true
R9-P5-temperature,input,R_out4,1,0.0,K,1.0e-8,true
R9-P5-cyclic-replay,input,R4,2,5.684341886080802e-14,K,1.0e-8,true
R9-P5-temperature,input,R_in4,2,0.0,K,1.0e-8,true
R9-P5-temperature,input,R_out4,2,0.0,K,1.0e-8,true
R9-P5-cyclic-replay,input,R4,3,0.0,K,1.0e-8,true
R9-P5-temperature,input,R_in4,3,0.0,K,1.0e-8,true
R9-P5-temperature,input,R_out4,3,0.0,K,1.0e-8,true
R9-P5-cyclic-replay,input,R4,4,0.0,K,1.0e-8,true
R9-P5-temperature,input,R_in4,4,0.0,K,1.0e-8,true
R9-P5-temperature,input,R_out4,4,0.0,K,1.0e-8,true
R9-P5-cyclic-replay,input,R4,5,5.684341886080802e-14,K,1.0e-8,true
R9-P5-temperature,input,R_in4,5,0.0,K,1.0e-8,true
R9-P5-temperature,input,R_out4,5,0.0,K,1.0e-8,true
R9-P5-cyclic-replay,input,R4,6,0.0,K,1.0e-8,true
R9-P5-temperature,input,R_in4,6,0.0,K,1.0e-8,true
R9-P5-temperature,input,R_out4,6,0.0,K,1.0e-8,true
R9-P5-cyclic-replay,input,R4,7,0.0,K,1.0e-8,true
R9-P5-temperature,input,R_in4,7,0.0,K,1.0e-8,true
R9-P5-temperature,input,R_out4,7,0.0,K,1.0e-8,true
R9-P5-cyclic-replay,input,R4,8,5.684341886080802e-14,K,1.0e-8,true
R9-P5-temperature,input,R_in4,8,0.0,K,1.0e-8,true
R9-P5-temperature,input,R_out4,8,0.0,K,1.0e-8,true
R9-P5-cyclic-replay,input,R4,9,5.684341886080802e-14,K,1.0e-8,true
R9-P5-temperature,input,R_in4,9,0.0,K,1.0e-8,true
R9-P5-temperature,input,R_out4,9,0.0,K,1.0e-8,true
R9-P5-cyclic-replay,input,R4,10,5.684341886080802e-14,K,1.0e-8,true
R9-P5-temperature,input,R_in4,10,0.0,K,1.0e-8,true
R9-P5-temperature,input,R_out4,10,0.0,K,1.0e-8,true
R9-P5-cyclic-replay,input,R4,11,5.684341886080802e-14,K,1.0e-8,true
R9-P5-temperature,input,R_in4,11,0.0,K,1.0e-8,true
R9-P5-temperature,input,R_out4,11,0.0,K,1.0e-8,true
R9-P5-cyclic-replay,input,R4,12,5.684341886080802e-14,K,1.0e-8,true
R9-P5-temperature,input,R_in4,12,0.0,K,1.0e-8,true
R9-P5-temperature,input,R_out4,12,0.0,K,1.0e-8,true
R9-P5-cyclic-replay,input,R4,13,0.0,K,1.0e-8,true
R9-P5-temperature,input,R_in4,13,0.0,K,1.0e-8,true
R9-P5-temperature,input,R_out4,13,0.0,K,1.0e-8,true
R9-P5-cyclic-replay,input,R4,14,0.0,K,1.0e-8,true
R9-P5-temperature,input,R_in4,14,0.0,K,1.0e-8,true
R9-P5-temperature,input,R_out4,14,0.0,K,1.0e-8,true
R9-P5-cyclic-replay,input,R4,15,0.0,K,1.0e-8,true
R9-P5-temperature,input,R_in4,15,0.0,K,1.0e-8,true
R9-P5-temperature,input,R_out4,15,0.0,K,1.0e-8,true
R9-P5-cyclic-replay,input,R4,16,1.1368683772161603e-13,K,1.0e-8,true
R9-P5-temperature,input,R_in4,16,0.0,K,1.0e-8,true
R9-P5-temperature,input,R_out4,16,0.0,K,1.0e-8,true
R9-P5-cyclic-replay,input,R4,17,5.684341886080802e-14,K,1.0e-8,true
R9-P5-temperature,input,R_in4,17,0.0,K,1.0e-8,true
R9-P5-temperature,input,R_out4,17,0.0,K,1.0e-8,true
R9-P5-cyclic-replay,input,R4,18,5.684341886080802e-14,K,1.0e-8,true
R9-P5-temperature,input,R_in4,18,0.0,K,1.0e-8,true
R9-P5-temperature,input,R_out4,18,0.0,K,1.0e-8,true
R9-P5-cyclic-replay,input,R4,19,5.684341886080802e-14,K,1.0e-8,true
R9-P5-temperature,input,R_in4,19,0.0,K,1.0e-8,true
R9-P5-temperature,input,R_out4,19,0.0,K,1.0e-8,true
R9-P5-cyclic-replay,input,R4,20,0.0,K,1.0e-8,true
R9-P5-temperature,input,R_in4,20,0.0,K,1.0e-8,true
R9-P5-temperature,input,R_out4,20,0.0,K,1.0e-8,true
R9-P5-cyclic-replay,input,R4,21,5.684341886080802e-14,K,1.0e-8,true
R9-P5-temperature,input,R_in4,21,0.0,K,1.0e-8,true
R9-P5-temperature,input,R_out4,21,0.0,K,1.0e-8,true
R9-P5-cyclic-replay,input,R4,22,5.684341886080802e-14,K,1.0e-8,true
R9-P5-temperature,input,R_in4,22,0.0,K,1.0e-8,true
R9-P5-temperature,input,R_out4,22,0.0,K,1.0e-8,true
R9-P5-cyclic-replay,input,R4,23,5.684341886080802e-14,K,1.0e-8,true
R9-P5-temperature,input,R_in4,23,0.0,K,1.0e-8,true
R9-P5-temperature,input,R_out4,23,0.0,K,1.0e-8,true
R9-P5-cyclic-replay,input,R4,24,1.1368683772161603e-13,K,1.0e-8,true
R9-P5-temperature,input,R_in4,24,0.0,K,1.0e-8,true
R9-P5-temperature,input,R_out4,24,0.0,K,1.0e-8,true
R9-P5-cyclic-replay,input,S5,1,5.684341886080802e-14,K,1.0e-8,true
R9-P5-temperature,input,S_in5,1,0.0,K,1.0e-8,true
R9-P5-temperature,input,S_out5,1,0.0,K,1.0e-8,true
R9-P5-cyclic-replay,input,S5,2,5.684341886080802e-14,K,1.0e-8,true
R9-P5-temperature,input,S_in5,2,0.0,K,1.0e-8,true
R9-P5-temperature,input,S_out5,2,0.0,K,1.0e-8,true
R9-P5-cyclic-replay,input,S5,3,5.684341886080802e-14,K,1.0e-8,true
R9-P5-temperature,input,S_in5,3,0.0,K,1.0e-8,true
R9-P5-temperature,input,S_out5,3,0.0,K,1.0e-8,true
R9-P5-cyclic-replay,input,S5,4,5.684341886080802e-14,K,1.0e-8,true
R9-P5-temperature,input,S_in5,4,0.0,K,1.0e-8,true
R9-P5-temperature,input,S_out5,4,0.0,K,1.0e-8,true
R9-P5-cyclic-replay,input,S5,5,5.684341886080802e-14,K,1.0e-8,true
R9-P5-temperature,input,S_in5,5,0.0,K,1.0e-8,true
R9-P5-temperature,input,S_out5,5,0.0,K,1.0e-8,true
R9-P5-cyclic-replay,input,S5,6,5.684341886080802e-14,K,1.0e-8,true
R9-P5-temperature,input,S_in5,6,0.0,K,1.0e-8,true
R9-P5-temperature,input,S_out5,6,0.0,K,1.0e-8,true
R9-P5-cyclic-replay,input,S5,7,5.684341886080802e-14,K,1.0e-8,true
R9-P5-temperature,input,S_in5,7,0.0,K,1.0e-8,true
R9-P5-temperature,input,S_out5,7,0.0,K,1.0e-8,true
R9-P5-cyclic-replay,input,S5,8,5.684341886080802e-14,K,1.0e-8,true
R9-P5-temperature,input,S_in5,8,0.0,K,1.0e-8,true
R9-P5-temperature,input,S_out5,8,0.0,K,1.0e-8,true
R9-P5-cyclic-replay,input,S5,9,5.684341886080802e-14,K,1.0e-8,true
R9-P5-temperature,input,S_in5,9,0.0,K,1.0e-8,true
R9-P5-temperature,input,S_out5,9,0.0,K,1.0e-8,true
R9-P5-cyclic-replay,input,S5,10,5.684341886080802e-14,K,1.0e-8,true
R9-P5-temperature,input,S_in5,10,0.0,K,1.0e-8,true
R9-P5-temperature,input,S_out5,10,0.0,K,1.0e-8,true
R9-P5-cyclic-replay,input,S5,11,5.684341886080802e-14,K,1.0e-8,true
R9-P5-temperature,input,S_in5,11,0.0,K,1.0e-8,true
R9-P5-temperature,input,S_out5,11,0.0,K,1.0e-8,true
R9-P5-cyclic-replay,input,S5,12,5.684341886080802e-14,K,1.0e-8,true
R9-P5-temperature,input,S_in5,12,0.0,K,1.0e-8,true
R9-P5-temperature,input,S_out5,12,0.0,K,1.0e-8,true
R9-P5-cyclic-replay,input,S5,13,5.684341886080802e-14,K,1.0e-8,true
R9-P5-temperature,input,S_in5,13,0.0,K,1.0e-8,true
R9-P5-temperature,input,S_out5,13,0.0,K,1.0e-8,true
R9-P5-cyclic-replay,input,S5,14,5.684341886080802e-14,K,1.0e-8,true
R9-P5-temperature,input,S_in5,14,0.0,K,1.0e-8,true
R9-P5-temperature,input,S_out5,14,0.0,K,1.0e-8,true
R9-P5-cyclic-replay,input,S5,15,5.684341886080802e-14,K,1.0e-8,true
R9-P5-temperature,input,S_in5,15,0.0,K,1.0e-8,true
R9-P5-temperature,input,S_out5,15,0.0,K,1.0e-8,true
R9-P5-cyclic-replay,input,S5,16,5.684341886080802e-14,K,1.0e-8,true
R9-P5-temperature,input,S_in5,16,0.0,K,1.0e-8,true
R9-P5-temperature,input,S_out5,16,0.0,K,1.0e-8,true
R9-P5-cyclic-replay,input,S5,17,5.684341886080802e-14,K,1.0e-8,true
R9-P5-temperature,input,S_in5,17,0.0,K,1.0e-8,true
R9-P5-temperature,input,S_out5,17,0.0,K,1.0e-8,true
R9-P5-cyclic-replay,input,S5,18,5.684341886080802e-14,K,1.0e-8,true
R9-P5-temperature,input,S_in5,18,0.0,K,1.0e-8,true
R9-P5-temperature,input,S_out5,18,0.0,K,1.0e-8,true
R9-P5-cyclic-replay,input,S5,19,5.684341886080802e-14,K,1.0e-8,true
R9-P5-temperature,input,S_in5,19,0.0,K,1.0e-8,true
R9-P5-temperature,input,S_out5,19,0.0,K,1.0e-8,true
R9-P5-cyclic-replay,input,S5,20,5.684341886080802e-14,K,1.0e-8,true
R9-P5-temperature,input,S_in5,20,0.0,K,1.0e-8,true
R9-P5-temperature,input,S_out5,20,0.0,K,1.0e-8,true
R9-P5-cyclic-replay,input,S5,21,5.684341886080802e-14,K,1.0e-8,true
R9-P5-temperature,input,S_in5,21,0.0,K,1.0e-8,true
R9-P5-temperature,input,S_out5,21,0.0,K,1.0e-8,true
R9-P5-cyclic-replay,input,S5,22,5.684341886080802e-14,K,1.0e-8,true
R9-P5-temperature,input,S_in5,22,0.0,K,1.0e-8,true
R9-P5-temperature,input,S_out5,22,0.0,K,1.0e-8,true
R9-P5-cyclic-replay,input,S5,23,5.684341886080802e-14,K,1.0e-8,true
R9-P5-temperature,input,S_in5,23,0.0,K,1.0e-8,true
R9-P5-temperature,input,S_out5,23,0.0,K,1.0e-8,true
R9-P5-cyclic-replay,input,S5,24,5.684341886080802e-14,K,1.0e-8,true
R9-P5-temperature,input,S_in5,24,0.0,K,1.0e-8,true
R9-P5-temperature,input,S_out5,24,0.0,K,1.0e-8,true
R9-P5-cyclic-replay,input,R5,1,0.0,K,1.0e-8,true
R9-P5-temperature,input,R_in5,1,0.0,K,1.0e-8,true
R9-P5-temperature,input,R_out5,1,0.0,K,1.0e-8,true
R9-P5-cyclic-replay,input,R5,2,0.0,K,1.0e-8,true
R9-P5-temperature,input,R_in5,2,0.0,K,1.0e-8,true
R9-P5-temperature,input,R_out5,2,0.0,K,1.0e-8,true
R9-P5-cyclic-replay,input,R5,3,0.0,K,1.0e-8,true
R9-P5-temperature,input,R_in5,3,0.0,K,1.0e-8,true
R9-P5-temperature,input,R_out5,3,0.0,K,1.0e-8,true
R9-P5-cyclic-replay,input,R5,4,0.0,K,1.0e-8,true
R9-P5-temperature,input,R_in5,4,0.0,K,1.0e-8,true
R9-P5-temperature,input,R_out5,4,0.0,K,1.0e-8,true
R9-P5-cyclic-replay,input,R5,5,0.0,K,1.0e-8,true
R9-P5-temperature,input,R_in5,5,0.0,K,1.0e-8,true
R9-P5-temperature,input,R_out5,5,0.0,K,1.0e-8,true
R9-P5-cyclic-replay,input,R5,6,0.0,K,1.0e-8,true
R9-P5-temperature,input,R_in5,6,0.0,K,1.0e-8,true
R9-P5-temperature,input,R_out5,6,0.0,K,1.0e-8,true
R9-P5-cyclic-replay,input,R5,7,0.0,K,1.0e-8,true
R9-P5-temperature,input,R_in5,7,0.0,K,1.0e-8,true
R9-P5-temperature,input,R_out5,7,0.0,K,1.0e-8,true
R9-P5-cyclic-replay,input,R5,8,0.0,K,1.0e-8,true
R9-P5-temperature,input,R_in5,8,0.0,K,1.0e-8,true
R9-P5-temperature,input,R_out5,8,0.0,K,1.0e-8,true
R9-P5-cyclic-replay,input,R5,9,0.0,K,1.0e-8,true
R9-P5-temperature,input,R_in5,9,0.0,K,1.0e-8,true
R9-P5-temperature,input,R_out5,9,0.0,K,1.0e-8,true
R9-P5-cyclic-replay,input,R5,10,0.0,K,1.0e-8,true
R9-P5-temperature,input,R_in5,10,0.0,K,1.0e-8,true
R9-P5-temperature,input,R_out5,10,0.0,K,1.0e-8,true
R9-P5-cyclic-replay,input,R5,11,0.0,K,1.0e-8,true
R9-P5-temperature,input,R_in5,11,0.0,K,1.0e-8,true
R9-P5-temperature,input,R_out5,11,0.0,K,1.0e-8,true
R9-P5-cyclic-replay,input,R5,12,0.0,K,1.0e-8,true
R9-P5-temperature,input,R_in5,12,0.0,K,1.0e-8,true
R9-P5-temperature,input,R_out5,12,0.0,K,1.0e-8,true
R9-P5-cyclic-replay,input,R5,13,0.0,K,1.0e-8,true
R9-P5-temperature,input,R_in5,13,0.0,K,1.0e-8,true
R9-P5-temperature,input,R_out5,13,0.0,K,1.0e-8,true
R9-P5-cyclic-replay,input,R5,14,0.0,K,1.0e-8,true
R9-P5-temperature,input,R_in5,14,0.0,K,1.0e-8,true
R9-P5-temperature,input,R_out5,14,0.0,K,1.0e-8,true
R9-P5-cyclic-replay,input,R5,15,0.0,K,1.0e-8,true
R9-P5-temperature,input,R_in5,15,0.0,K,1.0e-8,true
R9-P5-temperature,input,R_out5,15,0.0,K,1.0e-8,true
R9-P5-cyclic-replay,input,R5,16,0.0,K,1.0e-8,true
R9-P5-temperature,input,R_in5,16,0.0,K,1.0e-8,true
R9-P5-temperature,input,R_out5,16,0.0,K,1.0e-8,true
R9-P5-cyclic-replay,input,R5,17,0.0,K,1.0e-8,true
R9-P5-temperature,input,R_in5,17,0.0,K,1.0e-8,true
R9-P5-temperature,input,R_out5,17,0.0,K,1.0e-8,true
R9-P5-cyclic-replay,input,R5,18,0.0,K,1.0e-8,true
R9-P5-temperature,input,R_in5,18,0.0,K,1.0e-8,true
R9-P5-temperature,input,R_out5,18,0.0,K,1.0e-8,true
R9-P5-cyclic-replay,input,R5,19,0.0,K,1.0e-8,true
R9-P5-temperature,input,R_in5,19,0.0,K,1.0e-8,true
R9-P5-temperature,input,R_out5,19,0.0,K,1.0e-8,true
R9-P5-cyclic-replay,input,R5,20,0.0,K,1.0e-8,true
R9-P5-temperature,input,R_in5,20,0.0,K,1.0e-8,true
R9-P5-temperature,input,R_out5,20,0.0,K,1.0e-8,true
R9-P5-cyclic-replay,input,R5,21,0.0,K,1.0e-8,true
R9-P5-temperature,input,R_in5,21,0.0,K,1.0e-8,true
R9-P5-temperature,input,R_out5,21,0.0,K,1.0e-8,true
R9-P5-cyclic-replay,input,R5,22,0.0,K,1.0e-8,true
R9-P5-temperature,input,R_in5,22,0.0,K,1.0e-8,true
R9-P5-temperature,input,R_out5,22,0.0,K,1.0e-8,true
R9-P5-cyclic-replay,input,R5,23,0.0,K,1.0e-8,true
R9-P5-temperature,input,R_in5,23,0.0,K,1.0e-8,true
R9-P5-temperature,input,R_out5,23,0.0,K,1.0e-8,true
R9-P5-cyclic-replay,input,R5,24,0.0,K,1.0e-8,true
R9-P5-temperature,input,R_in5,24,0.0,K,1.0e-8,true
R9-P5-temperature,input,R_out5,24,0.0,K,1.0e-8,true
R9-P5-cyclic-replay,input,S6,1,5.684341886080802e-14,K,1.0e-8,true
R9-P5-temperature,input,S_in6,1,0.0,K,1.0e-8,true
R9-P5-temperature,input,S_out6,1,0.0,K,1.0e-8,true
R9-P5-cyclic-replay,input,S6,2,5.684341886080802e-14,K,1.0e-8,true
R9-P5-temperature,input,S_in6,2,0.0,K,1.0e-8,true
R9-P5-temperature,input,S_out6,2,0.0,K,1.0e-8,true
R9-P5-cyclic-replay,input,S6,3,5.684341886080802e-14,K,1.0e-8,true
R9-P5-temperature,input,S_in6,3,0.0,K,1.0e-8,true
R9-P5-temperature,input,S_out6,3,0.0,K,1.0e-8,true
R9-P5-cyclic-replay,input,S6,4,5.684341886080802e-14,K,1.0e-8,true
R9-P5-temperature,input,S_in6,4,0.0,K,1.0e-8,true
R9-P5-temperature,input,S_out6,4,0.0,K,1.0e-8,true
R9-P5-cyclic-replay,input,S6,5,5.684341886080802e-14,K,1.0e-8,true
R9-P5-temperature,input,S_in6,5,0.0,K,1.0e-8,true
R9-P5-temperature,input,S_out6,5,0.0,K,1.0e-8,true
R9-P5-cyclic-replay,input,S6,6,5.684341886080802e-14,K,1.0e-8,true
R9-P5-temperature,input,S_in6,6,0.0,K,1.0e-8,true
R9-P5-temperature,input,S_out6,6,0.0,K,1.0e-8,true
R9-P5-cyclic-replay,input,S6,7,5.684341886080802e-14,K,1.0e-8,true
R9-P5-temperature,input,S_in6,7,0.0,K,1.0e-8,true
R9-P5-temperature,input,S_out6,7,0.0,K,1.0e-8,true
R9-P5-cyclic-replay,input,S6,8,5.684341886080802e-14,K,1.0e-8,true
R9-P5-temperature,input,S_in6,8,0.0,K,1.0e-8,true
R9-P5-temperature,input,S_out6,8,0.0,K,1.0e-8,true
R9-P5-cyclic-replay,input,S6,9,5.684341886080802e-14,K,1.0e-8,true
R9-P5-temperature,input,S_in6,9,0.0,K,1.0e-8,true
R9-P5-temperature,input,S_out6,9,0.0,K,1.0e-8,true
R9-P5-cyclic-replay,input,S6,10,5.684341886080802e-14,K,1.0e-8,true
R9-P5-temperature,input,S_in6,10,0.0,K,1.0e-8,true
R9-P5-temperature,input,S_out6,10,0.0,K,1.0e-8,true
R9-P5-cyclic-replay,input,S6,11,5.684341886080802e-14,K,1.0e-8,true
R9-P5-temperature,input,S_in6,11,0.0,K,1.0e-8,true
R9-P5-temperature,input,S_out6,11,0.0,K,1.0e-8,true
R9-P5-cyclic-replay,input,S6,12,5.684341886080802e-14,K,1.0e-8,true
R9-P5-temperature,input,S_in6,12,0.0,K,1.0e-8,true
R9-P5-temperature,input,S_out6,12,0.0,K,1.0e-8,true
R9-P5-cyclic-replay,input,S6,13,5.684341886080802e-14,K,1.0e-8,true
R9-P5-temperature,input,S_in6,13,0.0,K,1.0e-8,true
R9-P5-temperature,input,S_out6,13,0.0,K,1.0e-8,true
R9-P5-cyclic-replay,input,S6,14,5.684341886080802e-14,K,1.0e-8,true
R9-P5-temperature,input,S_in6,14,0.0,K,1.0e-8,true
R9-P5-temperature,input,S_out6,14,0.0,K,1.0e-8,true
R9-P5-cyclic-replay,input,S6,15,5.684341886080802e-14,K,1.0e-8,true
R9-P5-temperature,input,S_in6,15,0.0,K,1.0e-8,true
R9-P5-temperature,input,S_out6,15,0.0,K,1.0e-8,true
R9-P5-cyclic-replay,input,S6,16,5.684341886080802e-14,K,1.0e-8,true
R9-P5-temperature,input,S_in6,16,0.0,K,1.0e-8,true
R9-P5-temperature,input,S_out6,16,0.0,K,1.0e-8,true
R9-P5-cyclic-replay,input,S6,17,5.684341886080802e-14,K,1.0e-8,true
R9-P5-temperature,input,S_in6,17,0.0,K,1.0e-8,true
R9-P5-temperature,input,S_out6,17,0.0,K,1.0e-8,true
R9-P5-cyclic-replay,input,S6,18,5.684341886080802e-14,K,1.0e-8,true
R9-P5-temperature,input,S_in6,18,0.0,K,1.0e-8,true
R9-P5-temperature,input,S_out6,18,0.0,K,1.0e-8,true
R9-P5-cyclic-replay,input,S6,19,5.684341886080802e-14,K,1.0e-8,true
R9-P5-temperature,input,S_in6,19,0.0,K,1.0e-8,true
R9-P5-temperature,input,S_out6,19,0.0,K,1.0e-8,true
R9-P5-cyclic-replay,input,S6,20,5.684341886080802e-14,K,1.0e-8,true
R9-P5-temperature,input,S_in6,20,0.0,K,1.0e-8,true
R9-P5-temperature,input,S_out6,20,0.0,K,1.0e-8,true
R9-P5-cyclic-replay,input,S6,21,5.684341886080802e-14,K,1.0e-8,true
R9-P5-temperature,input,S_in6,21,0.0,K,1.0e-8,true
R9-P5-temperature,input,S_out6,21,0.0,K,1.0e-8,true
R9-P5-cyclic-replay,input,S6,22,5.684341886080802e-14,K,1.0e-8,true
R9-P5-temperature,input,S_in6,22,0.0,K,1.0e-8,true
R9-P5-temperature,input,S_out6,22,0.0,K,1.0e-8,true
R9-P5-cyclic-replay,input,S6,23,5.684341886080802e-14,K,1.0e-8,true
R9-P5-temperature,input,S_in6,23,0.0,K,1.0e-8,true
R9-P5-temperature,input,S_out6,23,0.0,K,1.0e-8,true
R9-P5-cyclic-replay,input,S6,24,5.684341886080802e-14,K,1.0e-8,true
R9-P5-temperature,input,S_in6,24,0.0,K,1.0e-8,true
R9-P5-temperature,input,S_out6,24,0.0,K,1.0e-8,true
R9-P5-cyclic-replay,input,R6,1,0.0,K,1.0e-8,true
R9-P5-temperature,input,R_in6,1,0.0,K,1.0e-8,true
R9-P5-temperature,input,R_out6,1,0.0,K,1.0e-8,true
R9-P5-cyclic-replay,input,R6,2,0.0,K,1.0e-8,true
R9-P5-temperature,input,R_in6,2,0.0,K,1.0e-8,true
R9-P5-temperature,input,R_out6,2,0.0,K,1.0e-8,true
R9-P5-cyclic-replay,input,R6,3,0.0,K,1.0e-8,true
R9-P5-temperature,input,R_in6,3,0.0,K,1.0e-8,true
R9-P5-temperature,input,R_out6,3,0.0,K,1.0e-8,true
R9-P5-cyclic-replay,input,R6,4,0.0,K,1.0e-8,true
R9-P5-temperature,input,R_in6,4,0.0,K,1.0e-8,true
R9-P5-temperature,input,R_out6,4,0.0,K,1.0e-8,true
R9-P5-cyclic-replay,input,R6,5,0.0,K,1.0e-8,true
R9-P5-temperature,input,R_in6,5,0.0,K,1.0e-8,true
R9-P5-temperature,input,R_out6,5,0.0,K,1.0e-8,true
R9-P5-cyclic-replay,input,R6,6,0.0,K,1.0e-8,true
R9-P5-temperature,input,R_in6,6,0.0,K,1.0e-8,true
R9-P5-temperature,input,R_out6,6,0.0,K,1.0e-8,true
R9-P5-cyclic-replay,input,R6,7,0.0,K,1.0e-8,true
R9-P5-temperature,input,R_in6,7,0.0,K,1.0e-8,true
R9-P5-temperature,input,R_out6,7,0.0,K,1.0e-8,true
R9-P5-cyclic-replay,input,R6,8,0.0,K,1.0e-8,true
R9-P5-temperature,input,R_in6,8,0.0,K,1.0e-8,true
R9-P5-temperature,input,R_out6,8,0.0,K,1.0e-8,true
R9-P5-cyclic-replay,input,R6,9,0.0,K,1.0e-8,true
R9-P5-temperature,input,R_in6,9,0.0,K,1.0e-8,true
R9-P5-temperature,input,R_out6,9,0.0,K,1.0e-8,true
R9-P5-cyclic-replay,input,R6,10,0.0,K,1.0e-8,true
R9-P5-temperature,input,R_in6,10,0.0,K,1.0e-8,true
R9-P5-temperature,input,R_out6,10,0.0,K,1.0e-8,true
R9-P5-cyclic-replay,input,R6,11,0.0,K,1.0e-8,true
R9-P5-temperature,input,R_in6,11,0.0,K,1.0e-8,true
R9-P5-temperature,input,R_out6,11,0.0,K,1.0e-8,true
R9-P5-cyclic-replay,input,R6,12,0.0,K,1.0e-8,true
R9-P5-temperature,input,R_in6,12,0.0,K,1.0e-8,true
R9-P5-temperature,input,R_out6,12,0.0,K,1.0e-8,true
R9-P5-cyclic-replay,input,R6,13,0.0,K,1.0e-8,true
R9-P5-temperature,input,R_in6,13,0.0,K,1.0e-8,true
R9-P5-temperature,input,R_out6,13,0.0,K,1.0e-8,true
R9-P5-cyclic-replay,input,R6,14,0.0,K,1.0e-8,true
R9-P5-temperature,input,R_in6,14,0.0,K,1.0e-8,true
R9-P5-temperature,input,R_out6,14,0.0,K,1.0e-8,true
R9-P5-cyclic-replay,input,R6,15,0.0,K,1.0e-8,true
R9-P5-temperature,input,R_in6,15,0.0,K,1.0e-8,true
R9-P5-temperature,input,R_out6,15,0.0,K,1.0e-8,true
R9-P5-cyclic-replay,input,R6,16,0.0,K,1.0e-8,true
R9-P5-temperature,input,R_in6,16,0.0,K,1.0e-8,true
R9-P5-temperature,input,R_out6,16,0.0,K,1.0e-8,true
R9-P5-cyclic-replay,input,R6,17,0.0,K,1.0e-8,true
R9-P5-temperature,input,R_in6,17,0.0,K,1.0e-8,true
R9-P5-temperature,input,R_out6,17,0.0,K,1.0e-8,true
R9-P5-cyclic-replay,input,R6,18,0.0,K,1.0e-8,true
R9-P5-temperature,input,R_in6,18,0.0,K,1.0e-8,true
R9-P5-temperature,input,R_out6,18,0.0,K,1.0e-8,true
R9-P5-cyclic-replay,input,R6,19,0.0,K,1.0e-8,true
R9-P5-temperature,input,R_in6,19,0.0,K,1.0e-8,true
R9-P5-temperature,input,R_out6,19,0.0,K,1.0e-8,true
R9-P5-cyclic-replay,input,R6,20,0.0,K,1.0e-8,true
R9-P5-temperature,input,R_in6,20,0.0,K,1.0e-8,true
R9-P5-temperature,input,R_out6,20,0.0,K,1.0e-8,true
R9-P5-cyclic-replay,input,R6,21,0.0,K,1.0e-8,true
R9-P5-temperature,input,R_in6,21,0.0,K,1.0e-8,true
R9-P5-temperature,input,R_out6,21,0.0,K,1.0e-8,true
R9-P5-cyclic-replay,input,R6,22,0.0,K,1.0e-8,true
R9-P5-temperature,input,R_in6,22,0.0,K,1.0e-8,true
R9-P5-temperature,input,R_out6,22,0.0,K,1.0e-8,true
R9-P5-cyclic-replay,input,R6,23,0.0,K,1.0e-8,true
R9-P5-temperature,input,R_in6,23,0.0,K,1.0e-8,true
R9-P5-temperature,input,R_out6,23,0.0,K,1.0e-8,true
R9-P5-cyclic-replay,input,R6,24,0.0,K,1.0e-8,true
R9-P5-temperature,input,R_in6,24,0.0,K,1.0e-8,true
R9-P5-temperature,input,R_out6,24,0.0,K,1.0e-8,true
R9-P5-cyclic-replay,input,S7,1,0.0,K,1.0e-8,true
R9-P5-temperature,input,S_in7,1,0.0,K,1.0e-8,true
R9-P5-temperature,input,S_out7,1,0.0,K,1.0e-8,true
R9-P5-cyclic-replay,input,S7,2,0.0,K,1.0e-8,true
R9-P5-temperature,input,S_in7,2,0.0,K,1.0e-8,true
R9-P5-temperature,input,S_out7,2,0.0,K,1.0e-8,true
R9-P5-cyclic-replay,input,S7,3,0.0,K,1.0e-8,true
R9-P5-temperature,input,S_in7,3,0.0,K,1.0e-8,true
R9-P5-temperature,input,S_out7,3,0.0,K,1.0e-8,true
R9-P5-cyclic-replay,input,S7,4,0.0,K,1.0e-8,true
R9-P5-temperature,input,S_in7,4,0.0,K,1.0e-8,true
R9-P5-temperature,input,S_out7,4,0.0,K,1.0e-8,true
R9-P5-cyclic-replay,input,S7,5,0.0,K,1.0e-8,true
R9-P5-temperature,input,S_in7,5,0.0,K,1.0e-8,true
R9-P5-temperature,input,S_out7,5,0.0,K,1.0e-8,true
R9-P5-cyclic-replay,input,S7,6,0.0,K,1.0e-8,true
R9-P5-temperature,input,S_in7,6,0.0,K,1.0e-8,true
R9-P5-temperature,input,S_out7,6,0.0,K,1.0e-8,true
R9-P5-cyclic-replay,input,S7,7,0.0,K,1.0e-8,true
R9-P5-temperature,input,S_in7,7,0.0,K,1.0e-8,true
R9-P5-temperature,input,S_out7,7,0.0,K,1.0e-8,true
R9-P5-cyclic-replay,input,S7,8,0.0,K,1.0e-8,true
R9-P5-temperature,input,S_in7,8,0.0,K,1.0e-8,true
R9-P5-temperature,input,S_out7,8,0.0,K,1.0e-8,true
R9-P5-cyclic-replay,input,S7,9,0.0,K,1.0e-8,true
R9-P5-temperature,input,S_in7,9,0.0,K,1.0e-8,true
R9-P5-temperature,input,S_out7,9,0.0,K,1.0e-8,true
R9-P5-cyclic-replay,input,S7,10,0.0,K,1.0e-8,true
R9-P5-temperature,input,S_in7,10,0.0,K,1.0e-8,true
R9-P5-temperature,input,S_out7,10,0.0,K,1.0e-8,true
R9-P5-cyclic-replay,input,S7,11,0.0,K,1.0e-8,true
R9-P5-temperature,input,S_in7,11,0.0,K,1.0e-8,true
R9-P5-temperature,input,S_out7,11,0.0,K,1.0e-8,true
R9-P5-cyclic-replay,input,S7,12,0.0,K,1.0e-8,true
R9-P5-temperature,input,S_in7,12,0.0,K,1.0e-8,true
R9-P5-temperature,input,S_out7,12,0.0,K,1.0e-8,true
R9-P5-cyclic-replay,input,S7,13,0.0,K,1.0e-8,true
R9-P5-temperature,input,S_in7,13,0.0,K,1.0e-8,true
R9-P5-temperature,input,S_out7,13,0.0,K,1.0e-8,true
R9-P5-cyclic-replay,input,S7,14,0.0,K,1.0e-8,true
R9-P5-temperature,input,S_in7,14,0.0,K,1.0e-8,true
R9-P5-temperature,input,S_out7,14,0.0,K,1.0e-8,true
R9-P5-cyclic-replay,input,S7,15,0.0,K,1.0e-8,true
R9-P5-temperature,input,S_in7,15,0.0,K,1.0e-8,true
R9-P5-temperature,input,S_out7,15,0.0,K,1.0e-8,true
R9-P5-cyclic-replay,input,S7,16,0.0,K,1.0e-8,true
R9-P5-temperature,input,S_in7,16,0.0,K,1.0e-8,true
R9-P5-temperature,input,S_out7,16,0.0,K,1.0e-8,true
R9-P5-cyclic-replay,input,S7,17,0.0,K,1.0e-8,true
R9-P5-temperature,input,S_in7,17,0.0,K,1.0e-8,true
R9-P5-temperature,input,S_out7,17,0.0,K,1.0e-8,true
R9-P5-cyclic-replay,input,S7,18,0.0,K,1.0e-8,true
R9-P5-temperature,input,S_in7,18,0.0,K,1.0e-8,true
R9-P5-temperature,input,S_out7,18,0.0,K,1.0e-8,true
R9-P5-cyclic-replay,input,S7,19,0.0,K,1.0e-8,true
R9-P5-temperature,input,S_in7,19,0.0,K,1.0e-8,true
R9-P5-temperature,input,S_out7,19,0.0,K,1.0e-8,true
R9-P5-cyclic-replay,input,S7,20,0.0,K,1.0e-8,true
R9-P5-temperature,input,S_in7,20,0.0,K,1.0e-8,true
R9-P5-temperature,input,S_out7,20,0.0,K,1.0e-8,true
R9-P5-cyclic-replay,input,S7,21,0.0,K,1.0e-8,true
R9-P5-temperature,input,S_in7,21,0.0,K,1.0e-8,true
R9-P5-temperature,input,S_out7,21,0.0,K,1.0e-8,true
R9-P5-cyclic-replay,input,S7,22,0.0,K,1.0e-8,true
R9-P5-temperature,input,S_in7,22,0.0,K,1.0e-8,true
R9-P5-temperature,input,S_out7,22,0.0,K,1.0e-8,true
R9-P5-cyclic-replay,input,S7,23,0.0,K,1.0e-8,true
R9-P5-temperature,input,S_in7,23,0.0,K,1.0e-8,true
R9-P5-temperature,input,S_out7,23,0.0,K,1.0e-8,true
R9-P5-cyclic-replay,input,S7,24,0.0,K,1.0e-8,true
R9-P5-temperature,input,S_in7,24,0.0,K,1.0e-8,true
R9-P5-temperature,input,S_out7,24,0.0,K,1.0e-8,true
R9-P5-cyclic-replay,input,R7,1,0.0,K,1.0e-8,true
R9-P5-temperature,input,R_in7,1,0.0,K,1.0e-8,true
R9-P5-temperature,input,R_out7,1,0.0,K,1.0e-8,true
R9-P5-cyclic-replay,input,R7,2,0.0,K,1.0e-8,true
R9-P5-temperature,input,R_in7,2,0.0,K,1.0e-8,true
R9-P5-temperature,input,R_out7,2,0.0,K,1.0e-8,true
R9-P5-cyclic-replay,input,R7,3,0.0,K,1.0e-8,true
R9-P5-temperature,input,R_in7,3,0.0,K,1.0e-8,true
R9-P5-temperature,input,R_out7,3,0.0,K,1.0e-8,true
R9-P5-cyclic-replay,input,R7,4,0.0,K,1.0e-8,true
R9-P5-temperature,input,R_in7,4,0.0,K,1.0e-8,true
R9-P5-temperature,input,R_out7,4,0.0,K,1.0e-8,true
R9-P5-cyclic-replay,input,R7,5,0.0,K,1.0e-8,true
R9-P5-temperature,input,R_in7,5,0.0,K,1.0e-8,true
R9-P5-temperature,input,R_out7,5,0.0,K,1.0e-8,true
R9-P5-cyclic-replay,input,R7,6,0.0,K,1.0e-8,true
R9-P5-temperature,input,R_in7,6,0.0,K,1.0e-8,true
R9-P5-temperature,input,R_out7,6,0.0,K,1.0e-8,true
R9-P5-cyclic-replay,input,R7,7,0.0,K,1.0e-8,true
R9-P5-temperature,input,R_in7,7,0.0,K,1.0e-8,true
R9-P5-temperature,input,R_out7,7,0.0,K,1.0e-8,true
R9-P5-cyclic-replay,input,R7,8,0.0,K,1.0e-8,true
R9-P5-temperature,input,R_in7,8,0.0,K,1.0e-8,true
R9-P5-temperature,input,R_out7,8,0.0,K,1.0e-8,true
R9-P5-cyclic-replay,input,R7,9,0.0,K,1.0e-8,true
R9-P5-temperature,input,R_in7,9,0.0,K,1.0e-8,true
R9-P5-temperature,input,R_out7,9,0.0,K,1.0e-8,true
R9-P5-cyclic-replay,input,R7,10,0.0,K,1.0e-8,true
R9-P5-temperature,input,R_in7,10,0.0,K,1.0e-8,true
R9-P5-temperature,input,R_out7,10,0.0,K,1.0e-8,true
R9-P5-cyclic-replay,input,R7,11,0.0,K,1.0e-8,true
R9-P5-temperature,input,R_in7,11,0.0,K,1.0e-8,true
R9-P5-temperature,input,R_out7,11,0.0,K,1.0e-8,true
R9-P5-cyclic-replay,input,R7,12,0.0,K,1.0e-8,true
R9-P5-temperature,input,R_in7,12,0.0,K,1.0e-8,true
R9-P5-temperature,input,R_out7,12,0.0,K,1.0e-8,true
R9-P5-cyclic-replay,input,R7,13,0.0,K,1.0e-8,true
R9-P5-temperature,input,R_in7,13,0.0,K,1.0e-8,true
R9-P5-temperature,input,R_out7,13,0.0,K,1.0e-8,true
R9-P5-cyclic-replay,input,R7,14,0.0,K,1.0e-8,true
R9-P5-temperature,input,R_in7,14,0.0,K,1.0e-8,true
R9-P5-temperature,input,R_out7,14,0.0,K,1.0e-8,true
R9-P5-cyclic-replay,input,R7,15,0.0,K,1.0e-8,true
R9-P5-temperature,input,R_in7,15,0.0,K,1.0e-8,true
R9-P5-temperature,input,R_out7,15,0.0,K,1.0e-8,true
R9-P5-cyclic-replay,input,R7,16,0.0,K,1.0e-8,true
R9-P5-temperature,input,R_in7,16,0.0,K,1.0e-8,true
R9-P5-temperature,input,R_out7,16,0.0,K,1.0e-8,true
R9-P5-cyclic-replay,input,R7,17,0.0,K,1.0e-8,true
R9-P5-temperature,input,R_in7,17,0.0,K,1.0e-8,true
R9-P5-temperature,input,R_out7,17,0.0,K,1.0e-8,true
R9-P5-cyclic-replay,input,R7,18,0.0,K,1.0e-8,true
R9-P5-temperature,input,R_in7,18,0.0,K,1.0e-8,true
R9-P5-temperature,input,R_out7,18,0.0,K,1.0e-8,true
R9-P5-cyclic-replay,input,R7,19,0.0,K,1.0e-8,true
R9-P5-temperature,input,R_in7,19,0.0,K,1.0e-8,true
R9-P5-temperature,input,R_out7,19,0.0,K,1.0e-8,true
R9-P5-cyclic-replay,input,R7,20,0.0,K,1.0e-8,true
R9-P5-temperature,input,R_in7,20,0.0,K,1.0e-8,true
R9-P5-temperature,input,R_out7,20,0.0,K,1.0e-8,true
R9-P5-cyclic-replay,input,R7,21,0.0,K,1.0e-8,true
R9-P5-temperature,input,R_in7,21,0.0,K,1.0e-8,true
R9-P5-temperature,input,R_out7,21,0.0,K,1.0e-8,true
R9-P5-cyclic-replay,input,R7,22,0.0,K,1.0e-8,true
R9-P5-temperature,input,R_in7,22,0.0,K,1.0e-8,true
R9-P5-temperature,input,R_out7,22,0.0,K,1.0e-8,true
R9-P5-cyclic-replay,input,R7,23,0.0,K,1.0e-8,true
R9-P5-temperature,input,R_in7,23,0.0,K,1.0e-8,true
R9-P5-temperature,input,R_out7,23,0.0,K,1.0e-8,true
R9-P5-cyclic-replay,input,R7,24,0.0,K,1.0e-8,true
R9-P5-temperature,input,R_in7,24,0.0,K,1.0e-8,true
R9-P5-temperature,input,R_out7,24,0.0,K,1.0e-8,true
R9-P5-cyclic-replay,input,S8,1,0.0,K,1.0e-8,true
R9-P5-temperature,input,S_in8,1,0.0,K,1.0e-8,true
R9-P5-temperature,input,S_out8,1,0.0,K,1.0e-8,true
R9-P5-cyclic-replay,input,S8,2,0.0,K,1.0e-8,true
R9-P5-temperature,input,S_in8,2,0.0,K,1.0e-8,true
R9-P5-temperature,input,S_out8,2,0.0,K,1.0e-8,true
R9-P5-cyclic-replay,input,S8,3,0.0,K,1.0e-8,true
R9-P5-temperature,input,S_in8,3,0.0,K,1.0e-8,true
R9-P5-temperature,input,S_out8,3,0.0,K,1.0e-8,true
R9-P5-cyclic-replay,input,S8,4,0.0,K,1.0e-8,true
R9-P5-temperature,input,S_in8,4,0.0,K,1.0e-8,true
R9-P5-temperature,input,S_out8,4,0.0,K,1.0e-8,true
R9-P5-cyclic-replay,input,S8,5,0.0,K,1.0e-8,true
R9-P5-temperature,input,S_in8,5,0.0,K,1.0e-8,true
R9-P5-temperature,input,S_out8,5,0.0,K,1.0e-8,true
R9-P5-cyclic-replay,input,S8,6,0.0,K,1.0e-8,true
R9-P5-temperature,input,S_in8,6,0.0,K,1.0e-8,true
R9-P5-temperature,input,S_out8,6,0.0,K,1.0e-8,true
R9-P5-cyclic-replay,input,S8,7,0.0,K,1.0e-8,true
R9-P5-temperature,input,S_in8,7,0.0,K,1.0e-8,true
R9-P5-temperature,input,S_out8,7,0.0,K,1.0e-8,true
R9-P5-cyclic-replay,input,S8,8,0.0,K,1.0e-8,true
R9-P5-temperature,input,S_in8,8,0.0,K,1.0e-8,true
R9-P5-temperature,input,S_out8,8,0.0,K,1.0e-8,true
R9-P5-cyclic-replay,input,S8,9,0.0,K,1.0e-8,true
R9-P5-temperature,input,S_in8,9,0.0,K,1.0e-8,true
R9-P5-temperature,input,S_out8,9,0.0,K,1.0e-8,true
R9-P5-cyclic-replay,input,S8,10,0.0,K,1.0e-8,true
R9-P5-temperature,input,S_in8,10,0.0,K,1.0e-8,true
R9-P5-temperature,input,S_out8,10,0.0,K,1.0e-8,true
R9-P5-cyclic-replay,input,S8,11,0.0,K,1.0e-8,true
R9-P5-temperature,input,S_in8,11,0.0,K,1.0e-8,true
R9-P5-temperature,input,S_out8,11,0.0,K,1.0e-8,true
R9-P5-cyclic-replay,input,S8,12,0.0,K,1.0e-8,true
R9-P5-temperature,input,S_in8,12,0.0,K,1.0e-8,true
R9-P5-temperature,input,S_out8,12,0.0,K,1.0e-8,true
R9-P5-cyclic-replay,input,S8,13,0.0,K,1.0e-8,true
R9-P5-temperature,input,S_in8,13,0.0,K,1.0e-8,true
R9-P5-temperature,input,S_out8,13,0.0,K,1.0e-8,true
R9-P5-cyclic-replay,input,S8,14,0.0,K,1.0e-8,true
R9-P5-temperature,input,S_in8,14,0.0,K,1.0e-8,true
R9-P5-temperature,input,S_out8,14,0.0,K,1.0e-8,true
R9-P5-cyclic-replay,input,S8,15,0.0,K,1.0e-8,true
R9-P5-temperature,input,S_in8,15,0.0,K,1.0e-8,true
R9-P5-temperature,input,S_out8,15,0.0,K,1.0e-8,true
R9-P5-cyclic-replay,input,S8,16,0.0,K,1.0e-8,true
R9-P5-temperature,input,S_in8,16,0.0,K,1.0e-8,true
R9-P5-temperature,input,S_out8,16,0.0,K,1.0e-8,true
R9-P5-cyclic-replay,input,S8,17,0.0,K,1.0e-8,true
R9-P5-temperature,input,S_in8,17,0.0,K,1.0e-8,true
R9-P5-temperature,input,S_out8,17,0.0,K,1.0e-8,true
R9-P5-cyclic-replay,input,S8,18,0.0,K,1.0e-8,true
R9-P5-temperature,input,S_in8,18,0.0,K,1.0e-8,true
R9-P5-temperature,input,S_out8,18,0.0,K,1.0e-8,true
R9-P5-cyclic-replay,input,S8,19,0.0,K,1.0e-8,true
R9-P5-temperature,input,S_in8,19,0.0,K,1.0e-8,true
R9-P5-temperature,input,S_out8,19,0.0,K,1.0e-8,true
R9-P5-cyclic-replay,input,S8,20,0.0,K,1.0e-8,true
R9-P5-temperature,input,S_in8,20,0.0,K,1.0e-8,true
R9-P5-temperature,input,S_out8,20,0.0,K,1.0e-8,true
R9-P5-cyclic-replay,input,S8,21,0.0,K,1.0e-8,true
R9-P5-temperature,input,S_in8,21,0.0,K,1.0e-8,true
R9-P5-temperature,input,S_out8,21,0.0,K,1.0e-8,true
R9-P5-cyclic-replay,input,S8,22,0.0,K,1.0e-8,true
R9-P5-temperature,input,S_in8,22,0.0,K,1.0e-8,true
R9-P5-temperature,input,S_out8,22,0.0,K,1.0e-8,true
R9-P5-cyclic-replay,input,S8,23,0.0,K,1.0e-8,true
R9-P5-temperature,input,S_in8,23,0.0,K,1.0e-8,true
R9-P5-temperature,input,S_out8,23,0.0,K,1.0e-8,true
R9-P5-cyclic-replay,input,S8,24,0.0,K,1.0e-8,true
R9-P5-temperature,input,S_in8,24,0.0,K,1.0e-8,true
R9-P5-temperature,input,S_out8,24,0.0,K,1.0e-8,true
R9-P5-cyclic-replay,input,R8,1,0.0,K,1.0e-8,true
R9-P5-temperature,input,R_in8,1,0.0,K,1.0e-8,true
R9-P5-temperature,input,R_out8,1,0.0,K,1.0e-8,true
R9-P5-cyclic-replay,input,R8,2,0.0,K,1.0e-8,true
R9-P5-temperature,input,R_in8,2,0.0,K,1.0e-8,true
R9-P5-temperature,input,R_out8,2,0.0,K,1.0e-8,true
R9-P5-cyclic-replay,input,R8,3,0.0,K,1.0e-8,true
R9-P5-temperature,input,R_in8,3,0.0,K,1.0e-8,true
R9-P5-temperature,input,R_out8,3,0.0,K,1.0e-8,true
R9-P5-cyclic-replay,input,R8,4,0.0,K,1.0e-8,true
R9-P5-temperature,input,R_in8,4,0.0,K,1.0e-8,true
R9-P5-temperature,input,R_out8,4,0.0,K,1.0e-8,true
R9-P5-cyclic-replay,input,R8,5,0.0,K,1.0e-8,true
R9-P5-temperature,input,R_in8,5,0.0,K,1.0e-8,true
R9-P5-temperature,input,R_out8,5,0.0,K,1.0e-8,true
R9-P5-cyclic-replay,input,R8,6,0.0,K,1.0e-8,true
R9-P5-temperature,input,R_in8,6,0.0,K,1.0e-8,true
R9-P5-temperature,input,R_out8,6,0.0,K,1.0e-8,true
R9-P5-cyclic-replay,input,R8,7,0.0,K,1.0e-8,true
R9-P5-temperature,input,R_in8,7,0.0,K,1.0e-8,true
R9-P5-temperature,input,R_out8,7,0.0,K,1.0e-8,true
R9-P5-cyclic-replay,input,R8,8,0.0,K,1.0e-8,true
R9-P5-temperature,input,R_in8,8,0.0,K,1.0e-8,true
R9-P5-temperature,input,R_out8,8,0.0,K,1.0e-8,true
R9-P5-cyclic-replay,input,R8,9,0.0,K,1.0e-8,true
R9-P5-temperature,input,R_in8,9,0.0,K,1.0e-8,true
R9-P5-temperature,input,R_out8,9,0.0,K,1.0e-8,true
R9-P5-cyclic-replay,input,R8,10,0.0,K,1.0e-8,true
R9-P5-temperature,input,R_in8,10,0.0,K,1.0e-8,true
R9-P5-temperature,input,R_out8,10,0.0,K,1.0e-8,true
R9-P5-cyclic-replay,input,R8,11,0.0,K,1.0e-8,true
R9-P5-temperature,input,R_in8,11,0.0,K,1.0e-8,true
R9-P5-temperature,input,R_out8,11,0.0,K,1.0e-8,true
R9-P5-cyclic-replay,input,R8,12,0.0,K,1.0e-8,true
R9-P5-temperature,input,R_in8,12,0.0,K,1.0e-8,true
R9-P5-temperature,input,R_out8,12,0.0,K,1.0e-8,true
R9-P5-cyclic-replay,input,R8,13,0.0,K,1.0e-8,true
R9-P5-temperature,input,R_in8,13,0.0,K,1.0e-8,true
R9-P5-temperature,input,R_out8,13,0.0,K,1.0e-8,true
R9-P5-cyclic-replay,input,R8,14,0.0,K,1.0e-8,true
R9-P5-temperature,input,R_in8,14,0.0,K,1.0e-8,true
R9-P5-temperature,input,R_out8,14,0.0,K,1.0e-8,true
R9-P5-cyclic-replay,input,R8,15,0.0,K,1.0e-8,true
R9-P5-temperature,input,R_in8,15,0.0,K,1.0e-8,true
R9-P5-temperature,input,R_out8,15,0.0,K,1.0e-8,true
R9-P5-cyclic-replay,input,R8,16,0.0,K,1.0e-8,true
R9-P5-temperature,input,R_in8,16,0.0,K,1.0e-8,true
R9-P5-temperature,input,R_out8,16,0.0,K,1.0e-8,true
R9-P5-cyclic-replay,input,R8,17,0.0,K,1.0e-8,true
R9-P5-temperature,input,R_in8,17,0.0,K,1.0e-8,true
R9-P5-temperature,input,R_out8,17,0.0,K,1.0e-8,true
R9-P5-cyclic-replay,input,R8,18,0.0,K,1.0e-8,true
R9-P5-temperature,input,R_in8,18,0.0,K,1.0e-8,true
R9-P5-temperature,input,R_out8,18,0.0,K,1.0e-8,true
R9-P5-cyclic-replay,input,R8,19,0.0,K,1.0e-8,true
R9-P5-temperature,input,R_in8,19,0.0,K,1.0e-8,true
R9-P5-temperature,input,R_out8,19,0.0,K,1.0e-8,true
R9-P5-cyclic-replay,input,R8,20,0.0,K,1.0e-8,true
R9-P5-temperature,input,R_in8,20,0.0,K,1.0e-8,true
R9-P5-temperature,input,R_out8,20,0.0,K,1.0e-8,true
R9-P5-cyclic-replay,input,R8,21,0.0,K,1.0e-8,true
R9-P5-temperature,input,R_in8,21,0.0,K,1.0e-8,true
R9-P5-temperature,input,R_out8,21,0.0,K,1.0e-8,true
R9-P5-cyclic-replay,input,R8,22,0.0,K,1.0e-8,true
R9-P5-temperature,input,R_in8,22,0.0,K,1.0e-8,true
R9-P5-temperature,input,R_out8,22,0.0,K,1.0e-8,true
R9-P5-cyclic-replay,input,R8,23,0.0,K,1.0e-8,true
R9-P5-temperature,input,R_in8,23,0.0,K,1.0e-8,true
R9-P5-temperature,input,R_out8,23,0.0,K,1.0e-8,true
R9-P5-cyclic-replay,input,R8,24,0.0,K,1.0e-8,true
R9-P5-temperature,input,R_in8,24,0.0,K,1.0e-8,true
R9-P5-temperature,input,R_out8,24,0.0,K,1.0e-8,true
R9-P5-cyclic-replay,input,S9,1,0.0,K,1.0e-8,true
R9-P5-temperature,input,S_in9,1,0.0,K,1.0e-8,true
R9-P5-temperature,input,S_out9,1,0.0,K,1.0e-8,true
R9-P5-cyclic-replay,input,S9,2,0.0,K,1.0e-8,true
R9-P5-temperature,input,S_in9,2,0.0,K,1.0e-8,true
R9-P5-temperature,input,S_out9,2,0.0,K,1.0e-8,true
R9-P5-cyclic-replay,input,S9,3,0.0,K,1.0e-8,true
R9-P5-temperature,input,S_in9,3,0.0,K,1.0e-8,true
R9-P5-temperature,input,S_out9,3,0.0,K,1.0e-8,true
R9-P5-cyclic-replay,input,S9,4,0.0,K,1.0e-8,true
R9-P5-temperature,input,S_in9,4,0.0,K,1.0e-8,true
R9-P5-temperature,input,S_out9,4,0.0,K,1.0e-8,true
R9-P5-cyclic-replay,input,S9,5,0.0,K,1.0e-8,true
R9-P5-temperature,input,S_in9,5,0.0,K,1.0e-8,true
R9-P5-temperature,input,S_out9,5,0.0,K,1.0e-8,true
R9-P5-cyclic-replay,input,S9,6,0.0,K,1.0e-8,true
R9-P5-temperature,input,S_in9,6,0.0,K,1.0e-8,true
R9-P5-temperature,input,S_out9,6,0.0,K,1.0e-8,true
R9-P5-cyclic-replay,input,S9,7,0.0,K,1.0e-8,true
R9-P5-temperature,input,S_in9,7,0.0,K,1.0e-8,true
R9-P5-temperature,input,S_out9,7,0.0,K,1.0e-8,true
R9-P5-cyclic-replay,input,S9,8,0.0,K,1.0e-8,true
R9-P5-temperature,input,S_in9,8,0.0,K,1.0e-8,true
R9-P5-temperature,input,S_out9,8,0.0,K,1.0e-8,true
R9-P5-cyclic-replay,input,S9,9,0.0,K,1.0e-8,true
R9-P5-temperature,input,S_in9,9,0.0,K,1.0e-8,true
R9-P5-temperature,input,S_out9,9,0.0,K,1.0e-8,true
R9-P5-cyclic-replay,input,S9,10,0.0,K,1.0e-8,true
R9-P5-temperature,input,S_in9,10,0.0,K,1.0e-8,true
R9-P5-temperature,input,S_out9,10,0.0,K,1.0e-8,true
R9-P5-cyclic-replay,input,S9,11,0.0,K,1.0e-8,true
R9-P5-temperature,input,S_in9,11,0.0,K,1.0e-8,true
R9-P5-temperature,input,S_out9,11,0.0,K,1.0e-8,true
R9-P5-cyclic-replay,input,S9,12,0.0,K,1.0e-8,true
R9-P5-temperature,input,S_in9,12,0.0,K,1.0e-8,true
R9-P5-temperature,input,S_out9,12,0.0,K,1.0e-8,true
R9-P5-cyclic-replay,input,S9,13,0.0,K,1.0e-8,true
R9-P5-temperature,input,S_in9,13,0.0,K,1.0e-8,true
R9-P5-temperature,input,S_out9,13,0.0,K,1.0e-8,true
R9-P5-cyclic-replay,input,S9,14,0.0,K,1.0e-8,true
R9-P5-temperature,input,S_in9,14,0.0,K,1.0e-8,true
R9-P5-temperature,input,S_out9,14,0.0,K,1.0e-8,true
R9-P5-cyclic-replay,input,S9,15,0.0,K,1.0e-8,true
R9-P5-temperature,input,S_in9,15,0.0,K,1.0e-8,true
R9-P5-temperature,input,S_out9,15,0.0,K,1.0e-8,true
R9-P5-cyclic-replay,input,S9,16,0.0,K,1.0e-8,true
R9-P5-temperature,input,S_in9,16,0.0,K,1.0e-8,true
R9-P5-temperature,input,S_out9,16,0.0,K,1.0e-8,true
R9-P5-cyclic-replay,input,S9,17,0.0,K,1.0e-8,true
R9-P5-temperature,input,S_in9,17,0.0,K,1.0e-8,true
R9-P5-temperature,input,S_out9,17,0.0,K,1.0e-8,true
R9-P5-cyclic-replay,input,S9,18,0.0,K,1.0e-8,true
R9-P5-temperature,input,S_in9,18,0.0,K,1.0e-8,true
R9-P5-temperature,input,S_out9,18,0.0,K,1.0e-8,true
R9-P5-cyclic-replay,input,S9,19,0.0,K,1.0e-8,true
R9-P5-temperature,input,S_in9,19,0.0,K,1.0e-8,true
R9-P5-temperature,input,S_out9,19,0.0,K,1.0e-8,true
R9-P5-cyclic-replay,input,S9,20,0.0,K,1.0e-8,true
R9-P5-temperature,input,S_in9,20,0.0,K,1.0e-8,true
R9-P5-temperature,input,S_out9,20,0.0,K,1.0e-8,true
R9-P5-cyclic-replay,input,S9,21,0.0,K,1.0e-8,true
R9-P5-temperature,input,S_in9,21,0.0,K,1.0e-8,true
R9-P5-temperature,input,S_out9,21,0.0,K,1.0e-8,true
R9-P5-cyclic-replay,input,S9,22,0.0,K,1.0e-8,true
R9-P5-temperature,input,S_in9,22,0.0,K,1.0e-8,true
R9-P5-temperature,input,S_out9,22,0.0,K,1.0e-8,true
R9-P5-cyclic-replay,input,S9,23,0.0,K,1.0e-8,true
R9-P5-temperature,input,S_in9,23,0.0,K,1.0e-8,true
R9-P5-temperature,input,S_out9,23,0.0,K,1.0e-8,true
R9-P5-cyclic-replay,input,S9,24,0.0,K,1.0e-8,true
R9-P5-temperature,input,S_in9,24,0.0,K,1.0e-8,true
R9-P5-temperature,input,S_out9,24,0.0,K,1.0e-8,true
R9-P5-cyclic-replay,input,R9,1,5.684341886080802e-14,K,1.0e-8,true
R9-P5-temperature,input,R_in9,1,0.0,K,1.0e-8,true
R9-P5-temperature,input,R_out9,1,0.0,K,1.0e-8,true
R9-P5-cyclic-replay,input,R9,2,5.684341886080802e-14,K,1.0e-8,true
R9-P5-temperature,input,R_in9,2,0.0,K,1.0e-8,true
R9-P5-temperature,input,R_out9,2,0.0,K,1.0e-8,true
R9-P5-cyclic-replay,input,R9,3,5.684341886080802e-14,K,1.0e-8,true
R9-P5-temperature,input,R_in9,3,0.0,K,1.0e-8,true
R9-P5-temperature,input,R_out9,3,0.0,K,1.0e-8,true
R9-P5-cyclic-replay,input,R9,4,5.684341886080802e-14,K,1.0e-8,true
R9-P5-temperature,input,R_in9,4,0.0,K,1.0e-8,true
R9-P5-temperature,input,R_out9,4,0.0,K,1.0e-8,true
R9-P5-cyclic-replay,input,R9,5,0.0,K,1.0e-8,true
R9-P5-temperature,input,R_in9,5,0.0,K,1.0e-8,true
R9-P5-temperature,input,R_out9,5,0.0,K,1.0e-8,true
R9-P5-cyclic-replay,input,R9,6,5.684341886080802e-14,K,1.0e-8,true
R9-P5-temperature,input,R_in9,6,0.0,K,1.0e-8,true
R9-P5-temperature,input,R_out9,6,0.0,K,1.0e-8,true
R9-P5-cyclic-replay,input,R9,7,5.684341886080802e-14,K,1.0e-8,true
R9-P5-temperature,input,R_in9,7,0.0,K,1.0e-8,true
R9-P5-temperature,input,R_out9,7,0.0,K,1.0e-8,true
R9-P5-cyclic-replay,input,R9,8,0.0,K,1.0e-8,true
R9-P5-temperature,input,R_in9,8,0.0,K,1.0e-8,true
R9-P5-temperature,input,R_out9,8,0.0,K,1.0e-8,true
R9-P5-cyclic-replay,input,R9,9,5.684341886080802e-14,K,1.0e-8,true
R9-P5-temperature,input,R_in9,9,0.0,K,1.0e-8,true
R9-P5-temperature,input,R_out9,9,0.0,K,1.0e-8,true
R9-P5-cyclic-replay,input,R9,10,0.0,K,1.0e-8,true
R9-P5-temperature,input,R_in9,10,0.0,K,1.0e-8,true
R9-P5-temperature,input,R_out9,10,0.0,K,1.0e-8,true
R9-P5-cyclic-replay,input,R9,11,0.0,K,1.0e-8,true
R9-P5-temperature,input,R_in9,11,0.0,K,1.0e-8,true
R9-P5-temperature,input,R_out9,11,0.0,K,1.0e-8,true
R9-P5-cyclic-replay,input,R9,12,5.684341886080802e-14,K,1.0e-8,true
R9-P5-temperature,input,R_in9,12,0.0,K,1.0e-8,true
R9-P5-temperature,input,R_out9,12,0.0,K,1.0e-8,true
R9-P5-cyclic-replay,input,R9,13,5.684341886080802e-14,K,1.0e-8,true
R9-P5-temperature,input,R_in9,13,0.0,K,1.0e-8,true
R9-P5-temperature,input,R_out9,13,0.0,K,1.0e-8,true
R9-P5-cyclic-replay,input,R9,14,5.684341886080802e-14,K,1.0e-8,true
R9-P5-temperature,input,R_in9,14,0.0,K,1.0e-8,true
R9-P5-temperature,input,R_out9,14,0.0,K,1.0e-8,true
R9-P5-cyclic-replay,input,R9,15,0.0,K,1.0e-8,true
R9-P5-temperature,input,R_in9,15,0.0,K,1.0e-8,true
R9-P5-temperature,input,R_out9,15,0.0,K,1.0e-8,true
R9-P5-cyclic-replay,input,R9,16,0.0,K,1.0e-8,true
R9-P5-temperature,input,R_in9,16,0.0,K,1.0e-8,true
R9-P5-temperature,input,R_out9,16,0.0,K,1.0e-8,true
R9-P5-cyclic-replay,input,R9,17,0.0,K,1.0e-8,true
R9-P5-temperature,input,R_in9,17,0.0,K,1.0e-8,true
R9-P5-temperature,input,R_out9,17,0.0,K,1.0e-8,true
R9-P5-cyclic-replay,input,R9,18,0.0,K,1.0e-8,true
R9-P5-temperature,input,R_in9,18,0.0,K,1.0e-8,true
R9-P5-temperature,input,R_out9,18,0.0,K,1.0e-8,true
R9-P5-cyclic-replay,input,R9,19,5.684341886080802e-14,K,1.0e-8,true
R9-P5-temperature,input,R_in9,19,0.0,K,1.0e-8,true
R9-P5-temperature,input,R_out9,19,0.0,K,1.0e-8,true
R9-P5-cyclic-replay,input,R9,20,5.684341886080802e-14,K,1.0e-8,true
R9-P5-temperature,input,R_in9,20,0.0,K,1.0e-8,true
R9-P5-temperature,input,R_out9,20,0.0,K,1.0e-8,true
R9-P5-cyclic-replay,input,R9,21,5.684341886080802e-14,K,1.0e-8,true
R9-P5-temperature,input,R_in9,21,0.0,K,1.0e-8,true
R9-P5-temperature,input,R_out9,21,0.0,K,1.0e-8,true
R9-P5-cyclic-replay,input,R9,22,0.0,K,1.0e-8,true
R9-P5-temperature,input,R_in9,22,0.0,K,1.0e-8,true
R9-P5-temperature,input,R_out9,22,0.0,K,1.0e-8,true
R9-P5-cyclic-replay,input,R9,23,5.684341886080802e-14,K,1.0e-8,true
R9-P5-temperature,input,R_in9,23,0.0,K,1.0e-8,true
R9-P5-temperature,input,R_out9,23,0.0,K,1.0e-8,true
R9-P5-cyclic-replay,input,R9,24,5.684341886080802e-14,K,1.0e-8,true
R9-P5-temperature,input,R_in9,24,0.0,K,1.0e-8,true
R9-P5-temperature,input,R_out9,24,0.0,K,1.0e-8,true
R9-P5-cyclic-replay,input,S10,1,0.0,K,1.0e-8,true
R9-P5-temperature,input,S_in10,1,0.0,K,1.0e-8,true
R9-P5-temperature,input,S_out10,1,0.0,K,1.0e-8,true
R9-P5-cyclic-replay,input,S10,2,0.0,K,1.0e-8,true
R9-P5-temperature,input,S_in10,2,0.0,K,1.0e-8,true
R9-P5-temperature,input,S_out10,2,0.0,K,1.0e-8,true
R9-P5-cyclic-replay,input,S10,3,0.0,K,1.0e-8,true
R9-P5-temperature,input,S_in10,3,0.0,K,1.0e-8,true
R9-P5-temperature,input,S_out10,3,0.0,K,1.0e-8,true
R9-P5-cyclic-replay,input,S10,4,0.0,K,1.0e-8,true
R9-P5-temperature,input,S_in10,4,0.0,K,1.0e-8,true
R9-P5-temperature,input,S_out10,4,0.0,K,1.0e-8,true
R9-P5-cyclic-replay,input,S10,5,0.0,K,1.0e-8,true
R9-P5-temperature,input,S_in10,5,0.0,K,1.0e-8,true
R9-P5-temperature,input,S_out10,5,0.0,K,1.0e-8,true
R9-P5-cyclic-replay,input,S10,6,0.0,K,1.0e-8,true
R9-P5-temperature,input,S_in10,6,0.0,K,1.0e-8,true
R9-P5-temperature,input,S_out10,6,0.0,K,1.0e-8,true
R9-P5-cyclic-replay,input,S10,7,0.0,K,1.0e-8,true
R9-P5-temperature,input,S_in10,7,0.0,K,1.0e-8,true
R9-P5-temperature,input,S_out10,7,0.0,K,1.0e-8,true
R9-P5-cyclic-replay,input,S10,8,0.0,K,1.0e-8,true
R9-P5-temperature,input,S_in10,8,0.0,K,1.0e-8,true
R9-P5-temperature,input,S_out10,8,0.0,K,1.0e-8,true
R9-P5-cyclic-replay,input,S10,9,0.0,K,1.0e-8,true
R9-P5-temperature,input,S_in10,9,0.0,K,1.0e-8,true
R9-P5-temperature,input,S_out10,9,0.0,K,1.0e-8,true
R9-P5-cyclic-replay,input,S10,10,0.0,K,1.0e-8,true
R9-P5-temperature,input,S_in10,10,0.0,K,1.0e-8,true
R9-P5-temperature,input,S_out10,10,0.0,K,1.0e-8,true
R9-P5-cyclic-replay,input,S10,11,0.0,K,1.0e-8,true
R9-P5-temperature,input,S_in10,11,0.0,K,1.0e-8,true
R9-P5-temperature,input,S_out10,11,0.0,K,1.0e-8,true
R9-P5-cyclic-replay,input,S10,12,0.0,K,1.0e-8,true
R9-P5-temperature,input,S_in10,12,0.0,K,1.0e-8,true
R9-P5-temperature,input,S_out10,12,0.0,K,1.0e-8,true
R9-P5-cyclic-replay,input,S10,13,0.0,K,1.0e-8,true
R9-P5-temperature,input,S_in10,13,0.0,K,1.0e-8,true
R9-P5-temperature,input,S_out10,13,0.0,K,1.0e-8,true
R9-P5-cyclic-replay,input,S10,14,0.0,K,1.0e-8,true
R9-P5-temperature,input,S_in10,14,0.0,K,1.0e-8,true
R9-P5-temperature,input,S_out10,14,0.0,K,1.0e-8,true
R9-P5-cyclic-replay,input,S10,15,0.0,K,1.0e-8,true
R9-P5-temperature,input,S_in10,15,0.0,K,1.0e-8,true
R9-P5-temperature,input,S_out10,15,0.0,K,1.0e-8,true
R9-P5-cyclic-replay,input,S10,16,0.0,K,1.0e-8,true
R9-P5-temperature,input,S_in10,16,0.0,K,1.0e-8,true
R9-P5-temperature,input,S_out10,16,0.0,K,1.0e-8,true
R9-P5-cyclic-replay,input,S10,17,0.0,K,1.0e-8,true
R9-P5-temperature,input,S_in10,17,0.0,K,1.0e-8,true
R9-P5-temperature,input,S_out10,17,0.0,K,1.0e-8,true
R9-P5-cyclic-replay,input,S10,18,0.0,K,1.0e-8,true
R9-P5-temperature,input,S_in10,18,0.0,K,1.0e-8,true
R9-P5-temperature,input,S_out10,18,0.0,K,1.0e-8,true
R9-P5-cyclic-replay,input,S10,19,0.0,K,1.0e-8,true
R9-P5-temperature,input,S_in10,19,0.0,K,1.0e-8,true
R9-P5-temperature,input,S_out10,19,0.0,K,1.0e-8,true
R9-P5-cyclic-replay,input,S10,20,0.0,K,1.0e-8,true
R9-P5-temperature,input,S_in10,20,0.0,K,1.0e-8,true
R9-P5-temperature,input,S_out10,20,0.0,K,1.0e-8,true
R9-P5-cyclic-replay,input,S10,21,0.0,K,1.0e-8,true
R9-P5-temperature,input,S_in10,21,0.0,K,1.0e-8,true
R9-P5-temperature,input,S_out10,21,0.0,K,1.0e-8,true
R9-P5-cyclic-replay,input,S10,22,0.0,K,1.0e-8,true
R9-P5-temperature,input,S_in10,22,0.0,K,1.0e-8,true
R9-P5-temperature,input,S_out10,22,0.0,K,1.0e-8,true
R9-P5-cyclic-replay,input,S10,23,0.0,K,1.0e-8,true
R9-P5-temperature,input,S_in10,23,0.0,K,1.0e-8,true
R9-P5-temperature,input,S_out10,23,0.0,K,1.0e-8,true
R9-P5-cyclic-replay,input,S10,24,0.0,K,1.0e-8,true
R9-P5-temperature,input,S_in10,24,0.0,K,1.0e-8,true
R9-P5-temperature,input,S_out10,24,0.0,K,1.0e-8,true
R9-P5-cyclic-replay,input,R10,1,0.0,K,1.0e-8,true
R9-P5-temperature,input,R_in10,1,0.0,K,1.0e-8,true
R9-P5-temperature,input,R_out10,1,0.0,K,1.0e-8,true
R9-P5-cyclic-replay,input,R10,2,0.0,K,1.0e-8,true
R9-P5-temperature,input,R_in10,2,0.0,K,1.0e-8,true
R9-P5-temperature,input,R_out10,2,0.0,K,1.0e-8,true
R9-P5-cyclic-replay,input,R10,3,0.0,K,1.0e-8,true
R9-P5-temperature,input,R_in10,3,0.0,K,1.0e-8,true
R9-P5-temperature,input,R_out10,3,0.0,K,1.0e-8,true
R9-P5-cyclic-replay,input,R10,4,0.0,K,1.0e-8,true
R9-P5-temperature,input,R_in10,4,0.0,K,1.0e-8,true
R9-P5-temperature,input,R_out10,4,0.0,K,1.0e-8,true
R9-P5-cyclic-replay,input,R10,5,0.0,K,1.0e-8,true
R9-P5-temperature,input,R_in10,5,0.0,K,1.0e-8,true
R9-P5-temperature,input,R_out10,5,0.0,K,1.0e-8,true
R9-P5-cyclic-replay,input,R10,6,0.0,K,1.0e-8,true
R9-P5-temperature,input,R_in10,6,0.0,K,1.0e-8,true
R9-P5-temperature,input,R_out10,6,0.0,K,1.0e-8,true
R9-P5-cyclic-replay,input,R10,7,0.0,K,1.0e-8,true
R9-P5-temperature,input,R_in10,7,0.0,K,1.0e-8,true
R9-P5-temperature,input,R_out10,7,0.0,K,1.0e-8,true
R9-P5-cyclic-replay,input,R10,8,0.0,K,1.0e-8,true
R9-P5-temperature,input,R_in10,8,0.0,K,1.0e-8,true
R9-P5-temperature,input,R_out10,8,0.0,K,1.0e-8,true
R9-P5-cyclic-replay,input,R10,9,0.0,K,1.0e-8,true
R9-P5-temperature,input,R_in10,9,0.0,K,1.0e-8,true
R9-P5-temperature,input,R_out10,9,0.0,K,1.0e-8,true
R9-P5-cyclic-replay,input,R10,10,0.0,K,1.0e-8,true
R9-P5-temperature,input,R_in10,10,0.0,K,1.0e-8,true
R9-P5-temperature,input,R_out10,10,0.0,K,1.0e-8,true
R9-P5-cyclic-replay,input,R10,11,0.0,K,1.0e-8,true
R9-P5-temperature,input,R_in10,11,0.0,K,1.0e-8,true
R9-P5-temperature,input,R_out10,11,0.0,K,1.0e-8,true
R9-P5-cyclic-replay,input,R10,12,0.0,K,1.0e-8,true
R9-P5-temperature,input,R_in10,12,0.0,K,1.0e-8,true
R9-P5-temperature,input,R_out10,12,0.0,K,1.0e-8,true
R9-P5-cyclic-replay,input,R10,13,0.0,K,1.0e-8,true
R9-P5-temperature,input,R_in10,13,0.0,K,1.0e-8,true
R9-P5-temperature,input,R_out10,13,0.0,K,1.0e-8,true
R9-P5-cyclic-replay,input,R10,14,0.0,K,1.0e-8,true
R9-P5-temperature,input,R_in10,14,0.0,K,1.0e-8,true
R9-P5-temperature,input,R_out10,14,0.0,K,1.0e-8,true
R9-P5-cyclic-replay,input,R10,15,0.0,K,1.0e-8,true
R9-P5-temperature,input,R_in10,15,0.0,K,1.0e-8,true
R9-P5-temperature,input,R_out10,15,0.0,K,1.0e-8,true
R9-P5-cyclic-replay,input,R10,16,0.0,K,1.0e-8,true
R9-P5-temperature,input,R_in10,16,0.0,K,1.0e-8,true
R9-P5-temperature,input,R_out10,16,0.0,K,1.0e-8,true
R9-P5-cyclic-replay,input,R10,17,0.0,K,1.0e-8,true
R9-P5-temperature,input,R_in10,17,0.0,K,1.0e-8,true
R9-P5-temperature,input,R_out10,17,0.0,K,1.0e-8,true
R9-P5-cyclic-replay,input,R10,18,0.0,K,1.0e-8,true
R9-P5-temperature,input,R_in10,18,0.0,K,1.0e-8,true
R9-P5-temperature,input,R_out10,18,0.0,K,1.0e-8,true
R9-P5-cyclic-replay,input,R10,19,0.0,K,1.0e-8,true
R9-P5-temperature,input,R_in10,19,0.0,K,1.0e-8,true
R9-P5-temperature,input,R_out10,19,0.0,K,1.0e-8,true
R9-P5-cyclic-replay,input,R10,20,0.0,K,1.0e-8,true
R9-P5-temperature,input,R_in10,20,0.0,K,1.0e-8,true
R9-P5-temperature,input,R_out10,20,0.0,K,1.0e-8,true
R9-P5-cyclic-replay,input,R10,21,0.0,K,1.0e-8,true
R9-P5-temperature,input,R_in10,21,0.0,K,1.0e-8,true
R9-P5-temperature,input,R_out10,21,0.0,K,1.0e-8,true
R9-P5-cyclic-replay,input,R10,22,0.0,K,1.0e-8,true
R9-P5-temperature,input,R_in10,22,0.0,K,1.0e-8,true
R9-P5-temperature,input,R_out10,22,0.0,K,1.0e-8,true
R9-P5-cyclic-replay,input,R10,23,0.0,K,1.0e-8,true
R9-P5-temperature,input,R_in10,23,0.0,K,1.0e-8,true
R9-P5-temperature,input,R_out10,23,0.0,K,1.0e-8,true
R9-P5-cyclic-replay,input,R10,24,0.0,K,1.0e-8,true
R9-P5-temperature,input,R_in10,24,0.0,K,1.0e-8,true
R9-P5-temperature,input,R_out10,24,0.0,K,1.0e-8,true
R9-P5-cyclic-replay,input,S11,1,0.0,K,1.0e-8,true
R9-P5-temperature,input,S_in11,1,0.0,K,1.0e-8,true
R9-P5-temperature,input,S_out11,1,0.0,K,1.0e-8,true
R9-P5-cyclic-replay,input,S11,2,0.0,K,1.0e-8,true
R9-P5-temperature,input,S_in11,2,0.0,K,1.0e-8,true
R9-P5-temperature,input,S_out11,2,0.0,K,1.0e-8,true
R9-P5-cyclic-replay,input,S11,3,0.0,K,1.0e-8,true
R9-P5-temperature,input,S_in11,3,0.0,K,1.0e-8,true
R9-P5-temperature,input,S_out11,3,0.0,K,1.0e-8,true
R9-P5-cyclic-replay,input,S11,4,0.0,K,1.0e-8,true
R9-P5-temperature,input,S_in11,4,0.0,K,1.0e-8,true
R9-P5-temperature,input,S_out11,4,0.0,K,1.0e-8,true
R9-P5-cyclic-replay,input,S11,5,0.0,K,1.0e-8,true
R9-P5-temperature,input,S_in11,5,0.0,K,1.0e-8,true
R9-P5-temperature,input,S_out11,5,0.0,K,1.0e-8,true
R9-P5-cyclic-replay,input,S11,6,0.0,K,1.0e-8,true
R9-P5-temperature,input,S_in11,6,0.0,K,1.0e-8,true
R9-P5-temperature,input,S_out11,6,0.0,K,1.0e-8,true
R9-P5-cyclic-replay,input,S11,7,0.0,K,1.0e-8,true
R9-P5-temperature,input,S_in11,7,0.0,K,1.0e-8,true
R9-P5-temperature,input,S_out11,7,0.0,K,1.0e-8,true
R9-P5-cyclic-replay,input,S11,8,0.0,K,1.0e-8,true
R9-P5-temperature,input,S_in11,8,0.0,K,1.0e-8,true
R9-P5-temperature,input,S_out11,8,0.0,K,1.0e-8,true
R9-P5-cyclic-replay,input,S11,9,0.0,K,1.0e-8,true
R9-P5-temperature,input,S_in11,9,0.0,K,1.0e-8,true
R9-P5-temperature,input,S_out11,9,0.0,K,1.0e-8,true
R9-P5-cyclic-replay,input,S11,10,0.0,K,1.0e-8,true
R9-P5-temperature,input,S_in11,10,0.0,K,1.0e-8,true
R9-P5-temperature,input,S_out11,10,0.0,K,1.0e-8,true
R9-P5-cyclic-replay,input,S11,11,0.0,K,1.0e-8,true
R9-P5-temperature,input,S_in11,11,0.0,K,1.0e-8,true
R9-P5-temperature,input,S_out11,11,0.0,K,1.0e-8,true
R9-P5-cyclic-replay,input,S11,12,0.0,K,1.0e-8,true
R9-P5-temperature,input,S_in11,12,0.0,K,1.0e-8,true
R9-P5-temperature,input,S_out11,12,0.0,K,1.0e-8,true
R9-P5-cyclic-replay,input,S11,13,0.0,K,1.0e-8,true
R9-P5-temperature,input,S_in11,13,0.0,K,1.0e-8,true
R9-P5-temperature,input,S_out11,13,0.0,K,1.0e-8,true
R9-P5-cyclic-replay,input,S11,14,0.0,K,1.0e-8,true
R9-P5-temperature,input,S_in11,14,0.0,K,1.0e-8,true
R9-P5-temperature,input,S_out11,14,0.0,K,1.0e-8,true
R9-P5-cyclic-replay,input,S11,15,0.0,K,1.0e-8,true
R9-P5-temperature,input,S_in11,15,0.0,K,1.0e-8,true
R9-P5-temperature,input,S_out11,15,0.0,K,1.0e-8,true
R9-P5-cyclic-replay,input,S11,16,0.0,K,1.0e-8,true
R9-P5-temperature,input,S_in11,16,0.0,K,1.0e-8,true
R9-P5-temperature,input,S_out11,16,0.0,K,1.0e-8,true
R9-P5-cyclic-replay,input,S11,17,0.0,K,1.0e-8,true
R9-P5-temperature,input,S_in11,17,0.0,K,1.0e-8,true
R9-P5-temperature,input,S_out11,17,0.0,K,1.0e-8,true
R9-P5-cyclic-replay,input,S11,18,0.0,K,1.0e-8,true
R9-P5-temperature,input,S_in11,18,0.0,K,1.0e-8,true
R9-P5-temperature,input,S_out11,18,0.0,K,1.0e-8,true
R9-P5-cyclic-replay,input,S11,19,0.0,K,1.0e-8,true
R9-P5-temperature,input,S_in11,19,0.0,K,1.0e-8,true
R9-P5-temperature,input,S_out11,19,0.0,K,1.0e-8,true
R9-P5-cyclic-replay,input,S11,20,0.0,K,1.0e-8,true
R9-P5-temperature,input,S_in11,20,0.0,K,1.0e-8,true
R9-P5-temperature,input,S_out11,20,0.0,K,1.0e-8,true
R9-P5-cyclic-replay,input,S11,21,0.0,K,1.0e-8,true
R9-P5-temperature,input,S_in11,21,0.0,K,1.0e-8,true
R9-P5-temperature,input,S_out11,21,0.0,K,1.0e-8,true
R9-P5-cyclic-replay,input,S11,22,0.0,K,1.0e-8,true
R9-P5-temperature,input,S_in11,22,0.0,K,1.0e-8,true
R9-P5-temperature,input,S_out11,22,0.0,K,1.0e-8,true
R9-P5-cyclic-replay,input,S11,23,0.0,K,1.0e-8,true
R9-P5-temperature,input,S_in11,23,0.0,K,1.0e-8,true
R9-P5-temperature,input,S_out11,23,0.0,K,1.0e-8,true
R9-P5-cyclic-replay,input,S11,24,0.0,K,1.0e-8,true
R9-P5-temperature,input,S_in11,24,0.0,K,1.0e-8,true
R9-P5-temperature,input,S_out11,24,0.0,K,1.0e-8,true
R9-P5-cyclic-replay,input,R11,1,0.0,K,1.0e-8,true
R9-P5-temperature,input,R_in11,1,0.0,K,1.0e-8,true
R9-P5-temperature,input,R_out11,1,0.0,K,1.0e-8,true
R9-P5-cyclic-replay,input,R11,2,0.0,K,1.0e-8,true
R9-P5-temperature,input,R_in11,2,0.0,K,1.0e-8,true
R9-P5-temperature,input,R_out11,2,0.0,K,1.0e-8,true
R9-P5-cyclic-replay,input,R11,3,0.0,K,1.0e-8,true
R9-P5-temperature,input,R_in11,3,0.0,K,1.0e-8,true
R9-P5-temperature,input,R_out11,3,0.0,K,1.0e-8,true
R9-P5-cyclic-replay,input,R11,4,0.0,K,1.0e-8,true
R9-P5-temperature,input,R_in11,4,0.0,K,1.0e-8,true
R9-P5-temperature,input,R_out11,4,0.0,K,1.0e-8,true
R9-P5-cyclic-replay,input,R11,5,0.0,K,1.0e-8,true
R9-P5-temperature,input,R_in11,5,0.0,K,1.0e-8,true
R9-P5-temperature,input,R_out11,5,0.0,K,1.0e-8,true
R9-P5-cyclic-replay,input,R11,6,0.0,K,1.0e-8,true
R9-P5-temperature,input,R_in11,6,0.0,K,1.0e-8,true
R9-P5-temperature,input,R_out11,6,0.0,K,1.0e-8,true
R9-P5-cyclic-replay,input,R11,7,0.0,K,1.0e-8,true
R9-P5-temperature,input,R_in11,7,0.0,K,1.0e-8,true
R9-P5-temperature,input,R_out11,7,0.0,K,1.0e-8,true
R9-P5-cyclic-replay,input,R11,8,0.0,K,1.0e-8,true
R9-P5-temperature,input,R_in11,8,0.0,K,1.0e-8,true
R9-P5-temperature,input,R_out11,8,0.0,K,1.0e-8,true
R9-P5-cyclic-replay,input,R11,9,0.0,K,1.0e-8,true
R9-P5-temperature,input,R_in11,9,0.0,K,1.0e-8,true
R9-P5-temperature,input,R_out11,9,0.0,K,1.0e-8,true
R9-P5-cyclic-replay,input,R11,10,0.0,K,1.0e-8,true
R9-P5-temperature,input,R_in11,10,0.0,K,1.0e-8,true
R9-P5-temperature,input,R_out11,10,0.0,K,1.0e-8,true
R9-P5-cyclic-replay,input,R11,11,0.0,K,1.0e-8,true
R9-P5-temperature,input,R_in11,11,0.0,K,1.0e-8,true
R9-P5-temperature,input,R_out11,11,0.0,K,1.0e-8,true
R9-P5-cyclic-replay,input,R11,12,0.0,K,1.0e-8,true
R9-P5-temperature,input,R_in11,12,0.0,K,1.0e-8,true
R9-P5-temperature,input,R_out11,12,0.0,K,1.0e-8,true
R9-P5-cyclic-replay,input,R11,13,0.0,K,1.0e-8,true
R9-P5-temperature,input,R_in11,13,0.0,K,1.0e-8,true
R9-P5-temperature,input,R_out11,13,0.0,K,1.0e-8,true
R9-P5-cyclic-replay,input,R11,14,0.0,K,1.0e-8,true
R9-P5-temperature,input,R_in11,14,0.0,K,1.0e-8,true
R9-P5-temperature,input,R_out11,14,0.0,K,1.0e-8,true
R9-P5-cyclic-replay,input,R11,15,0.0,K,1.0e-8,true
R9-P5-temperature,input,R_in11,15,0.0,K,1.0e-8,true
R9-P5-temperature,input,R_out11,15,0.0,K,1.0e-8,true
R9-P5-cyclic-replay,input,R11,16,0.0,K,1.0e-8,true
R9-P5-temperature,input,R_in11,16,0.0,K,1.0e-8,true
R9-P5-temperature,input,R_out11,16,0.0,K,1.0e-8,true
R9-P5-cyclic-replay,input,R11,17,0.0,K,1.0e-8,true
R9-P5-temperature,input,R_in11,17,0.0,K,1.0e-8,true
R9-P5-temperature,input,R_out11,17,0.0,K,1.0e-8,true
R9-P5-cyclic-replay,input,R11,18,0.0,K,1.0e-8,true
R9-P5-temperature,input,R_in11,18,0.0,K,1.0e-8,true
R9-P5-temperature,input,R_out11,18,0.0,K,1.0e-8,true
R9-P5-cyclic-replay,input,R11,19,0.0,K,1.0e-8,true
R9-P5-temperature,input,R_in11,19,0.0,K,1.0e-8,true
R9-P5-temperature,input,R_out11,19,0.0,K,1.0e-8,true
R9-P5-cyclic-replay,input,R11,20,0.0,K,1.0e-8,true
R9-P5-temperature,input,R_in11,20,0.0,K,1.0e-8,true
R9-P5-temperature,input,R_out11,20,0.0,K,1.0e-8,true
R9-P5-cyclic-replay,input,R11,21,0.0,K,1.0e-8,true
R9-P5-temperature,input,R_in11,21,0.0,K,1.0e-8,true
R9-P5-temperature,input,R_out11,21,0.0,K,1.0e-8,true
R9-P5-cyclic-replay,input,R11,22,0.0,K,1.0e-8,true
R9-P5-temperature,input,R_in11,22,0.0,K,1.0e-8,true
R9-P5-temperature,input,R_out11,22,0.0,K,1.0e-8,true
R9-P5-cyclic-replay,input,R11,23,0.0,K,1.0e-8,true
R9-P5-temperature,input,R_in11,23,0.0,K,1.0e-8,true
R9-P5-temperature,input,R_out11,23,0.0,K,1.0e-8,true
R9-P5-cyclic-replay,input,R11,24,0.0,K,1.0e-8,true
R9-P5-temperature,input,R_in11,24,0.0,K,1.0e-8,true
R9-P5-temperature,input,R_out11,24,0.0,K,1.0e-8,true
R9-P5-cyclic-replay,input,S12,1,0.0,K,1.0e-8,true
R9-P5-temperature,input,S_in12,1,0.0,K,1.0e-8,true
R9-P5-temperature,input,S_out12,1,0.0,K,1.0e-8,true
R9-P5-cyclic-replay,input,S12,2,0.0,K,1.0e-8,true
R9-P5-temperature,input,S_in12,2,0.0,K,1.0e-8,true
R9-P5-temperature,input,S_out12,2,0.0,K,1.0e-8,true
R9-P5-cyclic-replay,input,S12,3,0.0,K,1.0e-8,true
R9-P5-temperature,input,S_in12,3,0.0,K,1.0e-8,true
R9-P5-temperature,input,S_out12,3,0.0,K,1.0e-8,true
R9-P5-cyclic-replay,input,S12,4,0.0,K,1.0e-8,true
R9-P5-temperature,input,S_in12,4,0.0,K,1.0e-8,true
R9-P5-temperature,input,S_out12,4,0.0,K,1.0e-8,true
R9-P5-cyclic-replay,input,S12,5,0.0,K,1.0e-8,true
R9-P5-temperature,input,S_in12,5,0.0,K,1.0e-8,true
R9-P5-temperature,input,S_out12,5,0.0,K,1.0e-8,true
R9-P5-cyclic-replay,input,S12,6,0.0,K,1.0e-8,true
R9-P5-temperature,input,S_in12,6,0.0,K,1.0e-8,true
R9-P5-temperature,input,S_out12,6,0.0,K,1.0e-8,true
R9-P5-cyclic-replay,input,S12,7,0.0,K,1.0e-8,true
R9-P5-temperature,input,S_in12,7,0.0,K,1.0e-8,true
R9-P5-temperature,input,S_out12,7,0.0,K,1.0e-8,true
R9-P5-cyclic-replay,input,S12,8,0.0,K,1.0e-8,true
R9-P5-temperature,input,S_in12,8,0.0,K,1.0e-8,true
R9-P5-temperature,input,S_out12,8,0.0,K,1.0e-8,true
R9-P5-cyclic-replay,input,S12,9,0.0,K,1.0e-8,true
R9-P5-temperature,input,S_in12,9,0.0,K,1.0e-8,true
R9-P5-temperature,input,S_out12,9,0.0,K,1.0e-8,true
R9-P5-cyclic-replay,input,S12,10,0.0,K,1.0e-8,true
R9-P5-temperature,input,S_in12,10,0.0,K,1.0e-8,true
R9-P5-temperature,input,S_out12,10,0.0,K,1.0e-8,true
R9-P5-cyclic-replay,input,S12,11,0.0,K,1.0e-8,true
R9-P5-temperature,input,S_in12,11,0.0,K,1.0e-8,true
R9-P5-temperature,input,S_out12,11,0.0,K,1.0e-8,true
R9-P5-cyclic-replay,input,S12,12,0.0,K,1.0e-8,true
R9-P5-temperature,input,S_in12,12,0.0,K,1.0e-8,true
R9-P5-temperature,input,S_out12,12,0.0,K,1.0e-8,true
R9-P5-cyclic-replay,input,S12,13,0.0,K,1.0e-8,true
R9-P5-temperature,input,S_in12,13,0.0,K,1.0e-8,true
R9-P5-temperature,input,S_out12,13,0.0,K,1.0e-8,true
R9-P5-cyclic-replay,input,S12,14,0.0,K,1.0e-8,true
R9-P5-temperature,input,S_in12,14,0.0,K,1.0e-8,true
R9-P5-temperature,input,S_out12,14,0.0,K,1.0e-8,true
R9-P5-cyclic-replay,input,S12,15,0.0,K,1.0e-8,true
R9-P5-temperature,input,S_in12,15,0.0,K,1.0e-8,true
R9-P5-temperature,input,S_out12,15,0.0,K,1.0e-8,true
R9-P5-cyclic-replay,input,S12,16,0.0,K,1.0e-8,true
R9-P5-temperature,input,S_in12,16,0.0,K,1.0e-8,true
R9-P5-temperature,input,S_out12,16,0.0,K,1.0e-8,true
R9-P5-cyclic-replay,input,S12,17,0.0,K,1.0e-8,true
R9-P5-temperature,input,S_in12,17,0.0,K,1.0e-8,true
R9-P5-temperature,input,S_out12,17,0.0,K,1.0e-8,true
R9-P5-cyclic-replay,input,S12,18,0.0,K,1.0e-8,true
R9-P5-temperature,input,S_in12,18,0.0,K,1.0e-8,true
R9-P5-temperature,input,S_out12,18,0.0,K,1.0e-8,true
R9-P5-cyclic-replay,input,S12,19,0.0,K,1.0e-8,true
R9-P5-temperature,input,S_in12,19,0.0,K,1.0e-8,true
R9-P5-temperature,input,S_out12,19,0.0,K,1.0e-8,true
R9-P5-cyclic-replay,input,S12,20,0.0,K,1.0e-8,true
R9-P5-temperature,input,S_in12,20,0.0,K,1.0e-8,true
R9-P5-temperature,input,S_out12,20,0.0,K,1.0e-8,true
R9-P5-cyclic-replay,input,S12,21,0.0,K,1.0e-8,true
R9-P5-temperature,input,S_in12,21,0.0,K,1.0e-8,true
R9-P5-temperature,input,S_out12,21,0.0,K,1.0e-8,true
R9-P5-cyclic-replay,input,S12,22,0.0,K,1.0e-8,true
R9-P5-temperature,input,S_in12,22,0.0,K,1.0e-8,true
R9-P5-temperature,input,S_out12,22,0.0,K,1.0e-8,true
R9-P5-cyclic-replay,input,S12,23,0.0,K,1.0e-8,true
R9-P5-temperature,input,S_in12,23,0.0,K,1.0e-8,true
R9-P5-temperature,input,S_out12,23,0.0,K,1.0e-8,true
R9-P5-cyclic-replay,input,S12,24,0.0,K,1.0e-8,true
R9-P5-temperature,input,S_in12,24,0.0,K,1.0e-8,true
R9-P5-temperature,input,S_out12,24,0.0,K,1.0e-8,true
R9-P5-cyclic-replay,input,R12,1,1.1368683772161603e-13,K,1.0e-8,true
R9-P5-temperature,input,R_in12,1,0.0,K,1.0e-8,true
R9-P5-temperature,input,R_out12,1,0.0,K,1.0e-8,true
R9-P5-cyclic-replay,input,R12,2,0.0,K,1.0e-8,true
R9-P5-temperature,input,R_in12,2,0.0,K,1.0e-8,true
R9-P5-temperature,input,R_out12,2,0.0,K,1.0e-8,true
R9-P5-cyclic-replay,input,R12,3,0.0,K,1.0e-8,true
R9-P5-temperature,input,R_in12,3,0.0,K,1.0e-8,true
R9-P5-temperature,input,R_out12,3,0.0,K,1.0e-8,true
R9-P5-cyclic-replay,input,R12,4,0.0,K,1.0e-8,true
R9-P5-temperature,input,R_in12,4,0.0,K,1.0e-8,true
R9-P5-temperature,input,R_out12,4,0.0,K,1.0e-8,true
R9-P5-cyclic-replay,input,R12,5,0.0,K,1.0e-8,true
R9-P5-temperature,input,R_in12,5,0.0,K,1.0e-8,true
R9-P5-temperature,input,R_out12,5,0.0,K,1.0e-8,true
R9-P5-cyclic-replay,input,R12,6,0.0,K,1.0e-8,true
R9-P5-temperature,input,R_in12,6,0.0,K,1.0e-8,true
R9-P5-temperature,input,R_out12,6,0.0,K,1.0e-8,true
R9-P5-cyclic-replay,input,R12,7,5.684341886080802e-14,K,1.0e-8,true
R9-P5-temperature,input,R_in12,7,0.0,K,1.0e-8,true
R9-P5-temperature,input,R_out12,7,0.0,K,1.0e-8,true
R9-P5-cyclic-replay,input,R12,8,5.684341886080802e-14,K,1.0e-8,true
R9-P5-temperature,input,R_in12,8,0.0,K,1.0e-8,true
R9-P5-temperature,input,R_out12,8,0.0,K,1.0e-8,true
R9-P5-cyclic-replay,input,R12,9,5.684341886080802e-14,K,1.0e-8,true
R9-P5-temperature,input,R_in12,9,0.0,K,1.0e-8,true
R9-P5-temperature,input,R_out12,9,0.0,K,1.0e-8,true
R9-P5-cyclic-replay,input,R12,10,5.684341886080802e-14,K,1.0e-8,true
R9-P5-temperature,input,R_in12,10,0.0,K,1.0e-8,true
R9-P5-temperature,input,R_out12,10,0.0,K,1.0e-8,true
R9-P5-cyclic-replay,input,R12,11,5.684341886080802e-14,K,1.0e-8,true
R9-P5-temperature,input,R_in12,11,0.0,K,1.0e-8,true
R9-P5-temperature,input,R_out12,11,0.0,K,1.0e-8,true
R9-P5-cyclic-replay,input,R12,12,5.684341886080802e-14,K,1.0e-8,true
R9-P5-temperature,input,R_in12,12,0.0,K,1.0e-8,true
R9-P5-temperature,input,R_out12,12,0.0,K,1.0e-8,true
R9-P5-cyclic-replay,input,R12,13,5.684341886080802e-14,K,1.0e-8,true
R9-P5-temperature,input,R_in12,13,0.0,K,1.0e-8,true
R9-P5-temperature,input,R_out12,13,0.0,K,1.0e-8,true
R9-P5-cyclic-replay,input,R12,14,0.0,K,1.0e-8,true
R9-P5-temperature,input,R_in12,14,0.0,K,1.0e-8,true
R9-P5-temperature,input,R_out12,14,0.0,K,1.0e-8,true
R9-P5-cyclic-replay,input,R12,15,1.1368683772161603e-13,K,1.0e-8,true
R9-P5-temperature,input,R_in12,15,0.0,K,1.0e-8,true
R9-P5-temperature,input,R_out12,15,0.0,K,1.0e-8,true
R9-P5-cyclic-replay,input,R12,16,0.0,K,1.0e-8,true
R9-P5-temperature,input,R_in12,16,0.0,K,1.0e-8,true
R9-P5-temperature,input,R_out12,16,0.0,K,1.0e-8,true
R9-P5-cyclic-replay,input,R12,17,0.0,K,1.0e-8,true
R9-P5-temperature,input,R_in12,17,0.0,K,1.0e-8,true
R9-P5-temperature,input,R_out12,17,0.0,K,1.0e-8,true
R9-P5-cyclic-replay,input,R12,18,0.0,K,1.0e-8,true
R9-P5-temperature,input,R_in12,18,0.0,K,1.0e-8,true
R9-P5-temperature,input,R_out12,18,0.0,K,1.0e-8,true
R9-P5-cyclic-replay,input,R12,19,5.684341886080802e-14,K,1.0e-8,true
R9-P5-temperature,input,R_in12,19,0.0,K,1.0e-8,true
R9-P5-temperature,input,R_out12,19,0.0,K,1.0e-8,true
R9-P5-cyclic-replay,input,R12,20,0.0,K,1.0e-8,true
R9-P5-temperature,input,R_in12,20,0.0,K,1.0e-8,true
R9-P5-temperature,input,R_out12,20,0.0,K,1.0e-8,true
R9-P5-cyclic-replay,input,R12,21,0.0,K,1.0e-8,true
R9-P5-temperature,input,R_in12,21,0.0,K,1.0e-8,true
R9-P5-temperature,input,R_out12,21,0.0,K,1.0e-8,true
R9-P5-cyclic-replay,input,R12,22,0.0,K,1.0e-8,true
R9-P5-temperature,input,R_in12,22,0.0,K,1.0e-8,true
R9-P5-temperature,input,R_out12,22,0.0,K,1.0e-8,true
R9-P5-cyclic-replay,input,R12,23,5.684341886080802e-14,K,1.0e-8,true
R9-P5-temperature,input,R_in12,23,0.0,K,1.0e-8,true
R9-P5-temperature,input,R_out12,23,0.0,K,1.0e-8,true
R9-P5-cyclic-replay,input,R12,24,5.684341886080802e-14,K,1.0e-8,true
R9-P5-temperature,input,R_in12,24,0.0,K,1.0e-8,true
R9-P5-temperature,input,R_out12,24,0.0,K,1.0e-8,true
R9-P5-cyclic-replay,input,S13,1,0.0,K,1.0e-8,true
R9-P5-temperature,input,S_in13,1,0.0,K,1.0e-8,true
R9-P5-temperature,input,S_out13,1,0.0,K,1.0e-8,true
R9-P5-cyclic-replay,input,S13,2,0.0,K,1.0e-8,true
R9-P5-temperature,input,S_in13,2,0.0,K,1.0e-8,true
R9-P5-temperature,input,S_out13,2,0.0,K,1.0e-8,true
R9-P5-cyclic-replay,input,S13,3,0.0,K,1.0e-8,true
R9-P5-temperature,input,S_in13,3,0.0,K,1.0e-8,true
R9-P5-temperature,input,S_out13,3,0.0,K,1.0e-8,true
R9-P5-cyclic-replay,input,S13,4,0.0,K,1.0e-8,true
R9-P5-temperature,input,S_in13,4,0.0,K,1.0e-8,true
R9-P5-temperature,input,S_out13,4,0.0,K,1.0e-8,true
R9-P5-cyclic-replay,input,S13,5,0.0,K,1.0e-8,true
R9-P5-temperature,input,S_in13,5,0.0,K,1.0e-8,true
R9-P5-temperature,input,S_out13,5,0.0,K,1.0e-8,true
R9-P5-cyclic-replay,input,S13,6,0.0,K,1.0e-8,true
R9-P5-temperature,input,S_in13,6,0.0,K,1.0e-8,true
R9-P5-temperature,input,S_out13,6,0.0,K,1.0e-8,true
R9-P5-cyclic-replay,input,S13,7,0.0,K,1.0e-8,true
R9-P5-temperature,input,S_in13,7,0.0,K,1.0e-8,true
R9-P5-temperature,input,S_out13,7,0.0,K,1.0e-8,true
R9-P5-cyclic-replay,input,S13,8,0.0,K,1.0e-8,true
R9-P5-temperature,input,S_in13,8,0.0,K,1.0e-8,true
R9-P5-temperature,input,S_out13,8,0.0,K,1.0e-8,true
R9-P5-cyclic-replay,input,S13,9,0.0,K,1.0e-8,true
R9-P5-temperature,input,S_in13,9,0.0,K,1.0e-8,true
R9-P5-temperature,input,S_out13,9,0.0,K,1.0e-8,true
R9-P5-cyclic-replay,input,S13,10,0.0,K,1.0e-8,true
R9-P5-temperature,input,S_in13,10,0.0,K,1.0e-8,true
R9-P5-temperature,input,S_out13,10,0.0,K,1.0e-8,true
R9-P5-cyclic-replay,input,S13,11,0.0,K,1.0e-8,true
R9-P5-temperature,input,S_in13,11,0.0,K,1.0e-8,true
R9-P5-temperature,input,S_out13,11,0.0,K,1.0e-8,true
R9-P5-cyclic-replay,input,S13,12,0.0,K,1.0e-8,true
R9-P5-temperature,input,S_in13,12,0.0,K,1.0e-8,true
R9-P5-temperature,input,S_out13,12,0.0,K,1.0e-8,true
R9-P5-cyclic-replay,input,S13,13,0.0,K,1.0e-8,true
R9-P5-temperature,input,S_in13,13,0.0,K,1.0e-8,true
R9-P5-temperature,input,S_out13,13,0.0,K,1.0e-8,true
R9-P5-cyclic-replay,input,S13,14,0.0,K,1.0e-8,true
R9-P5-temperature,input,S_in13,14,0.0,K,1.0e-8,true
R9-P5-temperature,input,S_out13,14,0.0,K,1.0e-8,true
R9-P5-cyclic-replay,input,S13,15,0.0,K,1.0e-8,true
R9-P5-temperature,input,S_in13,15,0.0,K,1.0e-8,true
R9-P5-temperature,input,S_out13,15,0.0,K,1.0e-8,true
R9-P5-cyclic-replay,input,S13,16,0.0,K,1.0e-8,true
R9-P5-temperature,input,S_in13,16,0.0,K,1.0e-8,true
R9-P5-temperature,input,S_out13,16,0.0,K,1.0e-8,true
R9-P5-cyclic-replay,input,S13,17,0.0,K,1.0e-8,true
R9-P5-temperature,input,S_in13,17,0.0,K,1.0e-8,true
R9-P5-temperature,input,S_out13,17,0.0,K,1.0e-8,true
R9-P5-cyclic-replay,input,S13,18,0.0,K,1.0e-8,true
R9-P5-temperature,input,S_in13,18,0.0,K,1.0e-8,true
R9-P5-temperature,input,S_out13,18,0.0,K,1.0e-8,true
R9-P5-cyclic-replay,input,S13,19,0.0,K,1.0e-8,true
R9-P5-temperature,input,S_in13,19,0.0,K,1.0e-8,true
R9-P5-temperature,input,S_out13,19,0.0,K,1.0e-8,true
R9-P5-cyclic-replay,input,S13,20,0.0,K,1.0e-8,true
R9-P5-temperature,input,S_in13,20,0.0,K,1.0e-8,true
R9-P5-temperature,input,S_out13,20,0.0,K,1.0e-8,true
R9-P5-cyclic-replay,input,S13,21,0.0,K,1.0e-8,true
R9-P5-temperature,input,S_in13,21,0.0,K,1.0e-8,true
R9-P5-temperature,input,S_out13,21,0.0,K,1.0e-8,true
R9-P5-cyclic-replay,input,S13,22,0.0,K,1.0e-8,true
R9-P5-temperature,input,S_in13,22,0.0,K,1.0e-8,true
R9-P5-temperature,input,S_out13,22,0.0,K,1.0e-8,true
R9-P5-cyclic-replay,input,S13,23,0.0,K,1.0e-8,true
R9-P5-temperature,input,S_in13,23,0.0,K,1.0e-8,true
R9-P5-temperature,input,S_out13,23,0.0,K,1.0e-8,true
R9-P5-cyclic-replay,input,S13,24,0.0,K,1.0e-8,true
R9-P5-temperature,input,S_in13,24,0.0,K,1.0e-8,true
R9-P5-temperature,input,S_out13,24,0.0,K,1.0e-8,true
R9-P5-cyclic-replay,input,R13,1,0.0,K,1.0e-8,true
R9-P5-temperature,input,R_in13,1,0.0,K,1.0e-8,true
R9-P5-temperature,input,R_out13,1,0.0,K,1.0e-8,true
R9-P5-cyclic-replay,input,R13,2,0.0,K,1.0e-8,true
R9-P5-temperature,input,R_in13,2,0.0,K,1.0e-8,true
R9-P5-temperature,input,R_out13,2,0.0,K,1.0e-8,true
R9-P5-cyclic-replay,input,R13,3,0.0,K,1.0e-8,true
R9-P5-temperature,input,R_in13,3,0.0,K,1.0e-8,true
R9-P5-temperature,input,R_out13,3,0.0,K,1.0e-8,true
R9-P5-cyclic-replay,input,R13,4,0.0,K,1.0e-8,true
R9-P5-temperature,input,R_in13,4,0.0,K,1.0e-8,true
R9-P5-temperature,input,R_out13,4,0.0,K,1.0e-8,true
R9-P5-cyclic-replay,input,R13,5,0.0,K,1.0e-8,true
R9-P5-temperature,input,R_in13,5,0.0,K,1.0e-8,true
R9-P5-temperature,input,R_out13,5,0.0,K,1.0e-8,true
R9-P5-cyclic-replay,input,R13,6,0.0,K,1.0e-8,true
R9-P5-temperature,input,R_in13,6,0.0,K,1.0e-8,true
R9-P5-temperature,input,R_out13,6,0.0,K,1.0e-8,true
R9-P5-cyclic-replay,input,R13,7,0.0,K,1.0e-8,true
R9-P5-temperature,input,R_in13,7,0.0,K,1.0e-8,true
R9-P5-temperature,input,R_out13,7,0.0,K,1.0e-8,true
R9-P5-cyclic-replay,input,R13,8,0.0,K,1.0e-8,true
R9-P5-temperature,input,R_in13,8,0.0,K,1.0e-8,true
R9-P5-temperature,input,R_out13,8,0.0,K,1.0e-8,true
R9-P5-cyclic-replay,input,R13,9,0.0,K,1.0e-8,true
R9-P5-temperature,input,R_in13,9,0.0,K,1.0e-8,true
R9-P5-temperature,input,R_out13,9,0.0,K,1.0e-8,true
R9-P5-cyclic-replay,input,R13,10,0.0,K,1.0e-8,true
R9-P5-temperature,input,R_in13,10,0.0,K,1.0e-8,true
R9-P5-temperature,input,R_out13,10,0.0,K,1.0e-8,true
R9-P5-cyclic-replay,input,R13,11,0.0,K,1.0e-8,true
R9-P5-temperature,input,R_in13,11,0.0,K,1.0e-8,true
R9-P5-temperature,input,R_out13,11,0.0,K,1.0e-8,true
R9-P5-cyclic-replay,input,R13,12,0.0,K,1.0e-8,true
R9-P5-temperature,input,R_in13,12,0.0,K,1.0e-8,true
R9-P5-temperature,input,R_out13,12,0.0,K,1.0e-8,true
R9-P5-cyclic-replay,input,R13,13,0.0,K,1.0e-8,true
R9-P5-temperature,input,R_in13,13,0.0,K,1.0e-8,true
R9-P5-temperature,input,R_out13,13,0.0,K,1.0e-8,true
R9-P5-cyclic-replay,input,R13,14,0.0,K,1.0e-8,true
R9-P5-temperature,input,R_in13,14,0.0,K,1.0e-8,true
R9-P5-temperature,input,R_out13,14,0.0,K,1.0e-8,true
R9-P5-cyclic-replay,input,R13,15,0.0,K,1.0e-8,true
R9-P5-temperature,input,R_in13,15,0.0,K,1.0e-8,true
R9-P5-temperature,input,R_out13,15,0.0,K,1.0e-8,true
R9-P5-cyclic-replay,input,R13,16,0.0,K,1.0e-8,true
R9-P5-temperature,input,R_in13,16,0.0,K,1.0e-8,true
R9-P5-temperature,input,R_out13,16,0.0,K,1.0e-8,true
R9-P5-cyclic-replay,input,R13,17,0.0,K,1.0e-8,true
R9-P5-temperature,input,R_in13,17,0.0,K,1.0e-8,true
R9-P5-temperature,input,R_out13,17,0.0,K,1.0e-8,true
R9-P5-cyclic-replay,input,R13,18,0.0,K,1.0e-8,true
R9-P5-temperature,input,R_in13,18,0.0,K,1.0e-8,true
R9-P5-temperature,input,R_out13,18,0.0,K,1.0e-8,true
R9-P5-cyclic-replay,input,R13,19,0.0,K,1.0e-8,true
R9-P5-temperature,input,R_in13,19,0.0,K,1.0e-8,true
R9-P5-temperature,input,R_out13,19,0.0,K,1.0e-8,true
R9-P5-cyclic-replay,input,R13,20,0.0,K,1.0e-8,true
R9-P5-temperature,input,R_in13,20,0.0,K,1.0e-8,true
R9-P5-temperature,input,R_out13,20,0.0,K,1.0e-8,true
R9-P5-cyclic-replay,input,R13,21,0.0,K,1.0e-8,true
R9-P5-temperature,input,R_in13,21,0.0,K,1.0e-8,true
R9-P5-temperature,input,R_out13,21,0.0,K,1.0e-8,true
R9-P5-cyclic-replay,input,R13,22,0.0,K,1.0e-8,true
R9-P5-temperature,input,R_in13,22,0.0,K,1.0e-8,true
R9-P5-temperature,input,R_out13,22,0.0,K,1.0e-8,true
R9-P5-cyclic-replay,input,R13,23,0.0,K,1.0e-8,true
R9-P5-temperature,input,R_in13,23,0.0,K,1.0e-8,true
R9-P5-temperature,input,R_out13,23,0.0,K,1.0e-8,true
R9-P5-cyclic-replay,input,R13,24,0.0,K,1.0e-8,true
R9-P5-temperature,input,R_in13,24,0.0,K,1.0e-8,true
R9-P5-temperature,input,R_out13,24,0.0,K,1.0e-8,true
R9-P5-cyclic-replay,input,S14,1,0.0,K,1.0e-8,true
R9-P5-temperature,input,S_in14,1,0.0,K,1.0e-8,true
R9-P5-temperature,input,S_out14,1,0.0,K,1.0e-8,true
R9-P5-cyclic-replay,input,S14,2,0.0,K,1.0e-8,true
R9-P5-temperature,input,S_in14,2,0.0,K,1.0e-8,true
R9-P5-temperature,input,S_out14,2,0.0,K,1.0e-8,true
R9-P5-cyclic-replay,input,S14,3,0.0,K,1.0e-8,true
R9-P5-temperature,input,S_in14,3,0.0,K,1.0e-8,true
R9-P5-temperature,input,S_out14,3,0.0,K,1.0e-8,true
R9-P5-cyclic-replay,input,S14,4,0.0,K,1.0e-8,true
R9-P5-temperature,input,S_in14,4,0.0,K,1.0e-8,true
R9-P5-temperature,input,S_out14,4,0.0,K,1.0e-8,true
R9-P5-cyclic-replay,input,S14,5,0.0,K,1.0e-8,true
R9-P5-temperature,input,S_in14,5,0.0,K,1.0e-8,true
R9-P5-temperature,input,S_out14,5,0.0,K,1.0e-8,true
R9-P5-cyclic-replay,input,S14,6,0.0,K,1.0e-8,true
R9-P5-temperature,input,S_in14,6,0.0,K,1.0e-8,true
R9-P5-temperature,input,S_out14,6,0.0,K,1.0e-8,true
R9-P5-cyclic-replay,input,S14,7,0.0,K,1.0e-8,true
R9-P5-temperature,input,S_in14,7,0.0,K,1.0e-8,true
R9-P5-temperature,input,S_out14,7,0.0,K,1.0e-8,true
R9-P5-cyclic-replay,input,S14,8,0.0,K,1.0e-8,true
R9-P5-temperature,input,S_in14,8,0.0,K,1.0e-8,true
R9-P5-temperature,input,S_out14,8,0.0,K,1.0e-8,true
R9-P5-cyclic-replay,input,S14,9,0.0,K,1.0e-8,true
R9-P5-temperature,input,S_in14,9,0.0,K,1.0e-8,true
R9-P5-temperature,input,S_out14,9,0.0,K,1.0e-8,true
R9-P5-cyclic-replay,input,S14,10,0.0,K,1.0e-8,true
R9-P5-temperature,input,S_in14,10,0.0,K,1.0e-8,true
R9-P5-temperature,input,S_out14,10,0.0,K,1.0e-8,true
R9-P5-cyclic-replay,input,S14,11,0.0,K,1.0e-8,true
R9-P5-temperature,input,S_in14,11,0.0,K,1.0e-8,true
R9-P5-temperature,input,S_out14,11,0.0,K,1.0e-8,true
R9-P5-cyclic-replay,input,S14,12,0.0,K,1.0e-8,true
R9-P5-temperature,input,S_in14,12,0.0,K,1.0e-8,true
R9-P5-temperature,input,S_out14,12,0.0,K,1.0e-8,true
R9-P5-cyclic-replay,input,S14,13,0.0,K,1.0e-8,true
R9-P5-temperature,input,S_in14,13,0.0,K,1.0e-8,true
R9-P5-temperature,input,S_out14,13,0.0,K,1.0e-8,true
R9-P5-cyclic-replay,input,S14,14,0.0,K,1.0e-8,true
R9-P5-temperature,input,S_in14,14,0.0,K,1.0e-8,true
R9-P5-temperature,input,S_out14,14,0.0,K,1.0e-8,true
R9-P5-cyclic-replay,input,S14,15,0.0,K,1.0e-8,true
R9-P5-temperature,input,S_in14,15,0.0,K,1.0e-8,true
R9-P5-temperature,input,S_out14,15,0.0,K,1.0e-8,true
R9-P5-cyclic-replay,input,S14,16,0.0,K,1.0e-8,true
R9-P5-temperature,input,S_in14,16,0.0,K,1.0e-8,true
R9-P5-temperature,input,S_out14,16,0.0,K,1.0e-8,true
R9-P5-cyclic-replay,input,S14,17,0.0,K,1.0e-8,true
R9-P5-temperature,input,S_in14,17,0.0,K,1.0e-8,true
R9-P5-temperature,input,S_out14,17,0.0,K,1.0e-8,true
R9-P5-cyclic-replay,input,S14,18,0.0,K,1.0e-8,true
R9-P5-temperature,input,S_in14,18,0.0,K,1.0e-8,true
R9-P5-temperature,input,S_out14,18,0.0,K,1.0e-8,true
R9-P5-cyclic-replay,input,S14,19,0.0,K,1.0e-8,true
R9-P5-temperature,input,S_in14,19,0.0,K,1.0e-8,true
R9-P5-temperature,input,S_out14,19,0.0,K,1.0e-8,true
R9-P5-cyclic-replay,input,S14,20,0.0,K,1.0e-8,true
R9-P5-temperature,input,S_in14,20,0.0,K,1.0e-8,true
R9-P5-temperature,input,S_out14,20,0.0,K,1.0e-8,true
R9-P5-cyclic-replay,input,S14,21,0.0,K,1.0e-8,true
R9-P5-temperature,input,S_in14,21,0.0,K,1.0e-8,true
R9-P5-temperature,input,S_out14,21,0.0,K,1.0e-8,true
R9-P5-cyclic-replay,input,S14,22,0.0,K,1.0e-8,true
R9-P5-temperature,input,S_in14,22,0.0,K,1.0e-8,true
R9-P5-temperature,input,S_out14,22,0.0,K,1.0e-8,true
R9-P5-cyclic-replay,input,S14,23,0.0,K,1.0e-8,true
R9-P5-temperature,input,S_in14,23,0.0,K,1.0e-8,true
R9-P5-temperature,input,S_out14,23,0.0,K,1.0e-8,true
R9-P5-cyclic-replay,input,S14,24,0.0,K,1.0e-8,true
R9-P5-temperature,input,S_in14,24,0.0,K,1.0e-8,true
R9-P5-temperature,input,S_out14,24,0.0,K,1.0e-8,true
R9-P5-cyclic-replay,input,R14,1,0.0,K,1.0e-8,true
R9-P5-temperature,input,R_in14,1,0.0,K,1.0e-8,true
R9-P5-temperature,input,R_out14,1,0.0,K,1.0e-8,true
R9-P5-cyclic-replay,input,R14,2,0.0,K,1.0e-8,true
R9-P5-temperature,input,R_in14,2,0.0,K,1.0e-8,true
R9-P5-temperature,input,R_out14,2,0.0,K,1.0e-8,true
R9-P5-cyclic-replay,input,R14,3,0.0,K,1.0e-8,true
R9-P5-temperature,input,R_in14,3,0.0,K,1.0e-8,true
R9-P5-temperature,input,R_out14,3,0.0,K,1.0e-8,true
R9-P5-cyclic-replay,input,R14,4,0.0,K,1.0e-8,true
R9-P5-temperature,input,R_in14,4,0.0,K,1.0e-8,true
R9-P5-temperature,input,R_out14,4,0.0,K,1.0e-8,true
R9-P5-cyclic-replay,input,R14,5,0.0,K,1.0e-8,true
R9-P5-temperature,input,R_in14,5,0.0,K,1.0e-8,true
R9-P5-temperature,input,R_out14,5,0.0,K,1.0e-8,true
R9-P5-cyclic-replay,input,R14,6,0.0,K,1.0e-8,true
R9-P5-temperature,input,R_in14,6,0.0,K,1.0e-8,true
R9-P5-temperature,input,R_out14,6,0.0,K,1.0e-8,true
R9-P5-cyclic-replay,input,R14,7,0.0,K,1.0e-8,true
R9-P5-temperature,input,R_in14,7,0.0,K,1.0e-8,true
R9-P5-temperature,input,R_out14,7,0.0,K,1.0e-8,true
R9-P5-cyclic-replay,input,R14,8,0.0,K,1.0e-8,true
R9-P5-temperature,input,R_in14,8,0.0,K,1.0e-8,true
R9-P5-temperature,input,R_out14,8,0.0,K,1.0e-8,true
R9-P5-cyclic-replay,input,R14,9,0.0,K,1.0e-8,true
R9-P5-temperature,input,R_in14,9,0.0,K,1.0e-8,true
R9-P5-temperature,input,R_out14,9,0.0,K,1.0e-8,true
R9-P5-cyclic-replay,input,R14,10,0.0,K,1.0e-8,true
R9-P5-temperature,input,R_in14,10,0.0,K,1.0e-8,true
R9-P5-temperature,input,R_out14,10,0.0,K,1.0e-8,true
R9-P5-cyclic-replay,input,R14,11,5.684341886080802e-14,K,1.0e-8,true
R9-P5-temperature,input,R_in14,11,0.0,K,1.0e-8,true
R9-P5-temperature,input,R_out14,11,0.0,K,1.0e-8,true
R9-P5-cyclic-replay,input,R14,12,0.0,K,1.0e-8,true
R9-P5-temperature,input,R_in14,12,0.0,K,1.0e-8,true
R9-P5-temperature,input,R_out14,12,0.0,K,1.0e-8,true
R9-P5-cyclic-replay,input,R14,13,0.0,K,1.0e-8,true
R9-P5-temperature,input,R_in14,13,0.0,K,1.0e-8,true
R9-P5-temperature,input,R_out14,13,0.0,K,1.0e-8,true
R9-P5-cyclic-replay,input,R14,14,0.0,K,1.0e-8,true
R9-P5-temperature,input,R_in14,14,0.0,K,1.0e-8,true
R9-P5-temperature,input,R_out14,14,0.0,K,1.0e-8,true
R9-P5-cyclic-replay,input,R14,15,0.0,K,1.0e-8,true
R9-P5-temperature,input,R_in14,15,0.0,K,1.0e-8,true
R9-P5-temperature,input,R_out14,15,0.0,K,1.0e-8,true
R9-P5-cyclic-replay,input,R14,16,0.0,K,1.0e-8,true
R9-P5-temperature,input,R_in14,16,0.0,K,1.0e-8,true
R9-P5-temperature,input,R_out14,16,0.0,K,1.0e-8,true
R9-P5-cyclic-replay,input,R14,17,0.0,K,1.0e-8,true
R9-P5-temperature,input,R_in14,17,0.0,K,1.0e-8,true
R9-P5-temperature,input,R_out14,17,0.0,K,1.0e-8,true
R9-P5-cyclic-replay,input,R14,18,0.0,K,1.0e-8,true
R9-P5-temperature,input,R_in14,18,0.0,K,1.0e-8,true
R9-P5-temperature,input,R_out14,18,0.0,K,1.0e-8,true
R9-P5-cyclic-replay,input,R14,19,0.0,K,1.0e-8,true
R9-P5-temperature,input,R_in14,19,0.0,K,1.0e-8,true
R9-P5-temperature,input,R_out14,19,0.0,K,1.0e-8,true
R9-P5-cyclic-replay,input,R14,20,5.684341886080802e-14,K,1.0e-8,true
R9-P5-temperature,input,R_in14,20,0.0,K,1.0e-8,true
R9-P5-temperature,input,R_out14,20,0.0,K,1.0e-8,true
R9-P5-cyclic-replay,input,R14,21,5.684341886080802e-14,K,1.0e-8,true
R9-P5-temperature,input,R_in14,21,0.0,K,1.0e-8,true
R9-P5-temperature,input,R_out14,21,0.0,K,1.0e-8,true
R9-P5-cyclic-replay,input,R14,22,0.0,K,1.0e-8,true
R9-P5-temperature,input,R_in14,22,0.0,K,1.0e-8,true
R9-P5-temperature,input,R_out14,22,0.0,K,1.0e-8,true
R9-P5-cyclic-replay,input,R14,23,0.0,K,1.0e-8,true
R9-P5-temperature,input,R_in14,23,0.0,K,1.0e-8,true
R9-P5-temperature,input,R_out14,23,0.0,K,1.0e-8,true
R9-P5-cyclic-replay,input,R14,24,0.0,K,1.0e-8,true
R9-P5-temperature,input,R_in14,24,0.0,K,1.0e-8,true
R9-P5-temperature,input,R_out14,24,0.0,K,1.0e-8,true
R9-P5-cyclic-replay,input,S15,1,0.0,K,1.0e-8,true
R9-P5-temperature,input,S_in15,1,0.0,K,1.0e-8,true
R9-P5-temperature,input,S_out15,1,0.0,K,1.0e-8,true
R9-P5-cyclic-replay,input,S15,2,0.0,K,1.0e-8,true
R9-P5-temperature,input,S_in15,2,0.0,K,1.0e-8,true
R9-P5-temperature,input,S_out15,2,0.0,K,1.0e-8,true
R9-P5-cyclic-replay,input,S15,3,0.0,K,1.0e-8,true
R9-P5-temperature,input,S_in15,3,0.0,K,1.0e-8,true
R9-P5-temperature,input,S_out15,3,0.0,K,1.0e-8,true
R9-P5-cyclic-replay,input,S15,4,0.0,K,1.0e-8,true
R9-P5-temperature,input,S_in15,4,0.0,K,1.0e-8,true
R9-P5-temperature,input,S_out15,4,0.0,K,1.0e-8,true
R9-P5-cyclic-replay,input,S15,5,0.0,K,1.0e-8,true
R9-P5-temperature,input,S_in15,5,0.0,K,1.0e-8,true
R9-P5-temperature,input,S_out15,5,0.0,K,1.0e-8,true
R9-P5-cyclic-replay,input,S15,6,0.0,K,1.0e-8,true
R9-P5-temperature,input,S_in15,6,0.0,K,1.0e-8,true
R9-P5-temperature,input,S_out15,6,0.0,K,1.0e-8,true
R9-P5-cyclic-replay,input,S15,7,0.0,K,1.0e-8,true
R9-P5-temperature,input,S_in15,7,0.0,K,1.0e-8,true
R9-P5-temperature,input,S_out15,7,0.0,K,1.0e-8,true
R9-P5-cyclic-replay,input,S15,8,0.0,K,1.0e-8,true
R9-P5-temperature,input,S_in15,8,0.0,K,1.0e-8,true
R9-P5-temperature,input,S_out15,8,0.0,K,1.0e-8,true
R9-P5-cyclic-replay,input,S15,9,0.0,K,1.0e-8,true
R9-P5-temperature,input,S_in15,9,0.0,K,1.0e-8,true
R9-P5-temperature,input,S_out15,9,0.0,K,1.0e-8,true
R9-P5-cyclic-replay,input,S15,10,0.0,K,1.0e-8,true
R9-P5-temperature,input,S_in15,10,0.0,K,1.0e-8,true
R9-P5-temperature,input,S_out15,10,0.0,K,1.0e-8,true
R9-P5-cyclic-replay,input,S15,11,0.0,K,1.0e-8,true
R9-P5-temperature,input,S_in15,11,0.0,K,1.0e-8,true
R9-P5-temperature,input,S_out15,11,0.0,K,1.0e-8,true
R9-P5-cyclic-replay,input,S15,12,0.0,K,1.0e-8,true
R9-P5-temperature,input,S_in15,12,0.0,K,1.0e-8,true
R9-P5-temperature,input,S_out15,12,0.0,K,1.0e-8,true
R9-P5-cyclic-replay,input,S15,13,0.0,K,1.0e-8,true
R9-P5-temperature,input,S_in15,13,0.0,K,1.0e-8,true
R9-P5-temperature,input,S_out15,13,0.0,K,1.0e-8,true
R9-P5-cyclic-replay,input,S15,14,0.0,K,1.0e-8,true
R9-P5-temperature,input,S_in15,14,0.0,K,1.0e-8,true
R9-P5-temperature,input,S_out15,14,0.0,K,1.0e-8,true
R9-P5-cyclic-replay,input,S15,15,0.0,K,1.0e-8,true
R9-P5-temperature,input,S_in15,15,0.0,K,1.0e-8,true
R9-P5-temperature,input,S_out15,15,0.0,K,1.0e-8,true
R9-P5-cyclic-replay,input,S15,16,0.0,K,1.0e-8,true
R9-P5-temperature,input,S_in15,16,0.0,K,1.0e-8,true
R9-P5-temperature,input,S_out15,16,0.0,K,1.0e-8,true
R9-P5-cyclic-replay,input,S15,17,0.0,K,1.0e-8,true
R9-P5-temperature,input,S_in15,17,0.0,K,1.0e-8,true
R9-P5-temperature,input,S_out15,17,0.0,K,1.0e-8,true
R9-P5-cyclic-replay,input,S15,18,0.0,K,1.0e-8,true
R9-P5-temperature,input,S_in15,18,0.0,K,1.0e-8,true
R9-P5-temperature,input,S_out15,18,0.0,K,1.0e-8,true
R9-P5-cyclic-replay,input,S15,19,0.0,K,1.0e-8,true
R9-P5-temperature,input,S_in15,19,0.0,K,1.0e-8,true
R9-P5-temperature,input,S_out15,19,0.0,K,1.0e-8,true
R9-P5-cyclic-replay,input,S15,20,0.0,K,1.0e-8,true
R9-P5-temperature,input,S_in15,20,0.0,K,1.0e-8,true
R9-P5-temperature,input,S_out15,20,0.0,K,1.0e-8,true
R9-P5-cyclic-replay,input,S15,21,0.0,K,1.0e-8,true
R9-P5-temperature,input,S_in15,21,0.0,K,1.0e-8,true
R9-P5-temperature,input,S_out15,21,0.0,K,1.0e-8,true
R9-P5-cyclic-replay,input,S15,22,0.0,K,1.0e-8,true
R9-P5-temperature,input,S_in15,22,0.0,K,1.0e-8,true
R9-P5-temperature,input,S_out15,22,0.0,K,1.0e-8,true
R9-P5-cyclic-replay,input,S15,23,0.0,K,1.0e-8,true
R9-P5-temperature,input,S_in15,23,0.0,K,1.0e-8,true
R9-P5-temperature,input,S_out15,23,0.0,K,1.0e-8,true
R9-P5-cyclic-replay,input,S15,24,0.0,K,1.0e-8,true
R9-P5-temperature,input,S_in15,24,0.0,K,1.0e-8,true
R9-P5-temperature,input,S_out15,24,0.0,K,1.0e-8,true
R9-P5-cyclic-replay,input,R15,1,0.0,K,1.0e-8,true
R9-P5-temperature,input,R_in15,1,0.0,K,1.0e-8,true
R9-P5-temperature,input,R_out15,1,0.0,K,1.0e-8,true
R9-P5-cyclic-replay,input,R15,2,1.1368683772161603e-13,K,1.0e-8,true
R9-P5-temperature,input,R_in15,2,0.0,K,1.0e-8,true
R9-P5-temperature,input,R_out15,2,0.0,K,1.0e-8,true
R9-P5-cyclic-replay,input,R15,3,0.0,K,1.0e-8,true
R9-P5-temperature,input,R_in15,3,0.0,K,1.0e-8,true
R9-P5-temperature,input,R_out15,3,0.0,K,1.0e-8,true
R9-P5-cyclic-replay,input,R15,4,5.684341886080802e-14,K,1.0e-8,true
R9-P5-temperature,input,R_in15,4,0.0,K,1.0e-8,true
R9-P5-temperature,input,R_out15,4,0.0,K,1.0e-8,true
R9-P5-cyclic-replay,input,R15,5,0.0,K,1.0e-8,true
R9-P5-temperature,input,R_in15,5,0.0,K,1.0e-8,true
R9-P5-temperature,input,R_out15,5,0.0,K,1.0e-8,true
R9-P5-cyclic-replay,input,R15,6,5.684341886080802e-14,K,1.0e-8,true
R9-P5-temperature,input,R_in15,6,0.0,K,1.0e-8,true
R9-P5-temperature,input,R_out15,6,0.0,K,1.0e-8,true
R9-P5-cyclic-replay,input,R15,7,5.684341886080802e-14,K,1.0e-8,true
R9-P5-temperature,input,R_in15,7,0.0,K,1.0e-8,true
R9-P5-temperature,input,R_out15,7,0.0,K,1.0e-8,true
R9-P5-cyclic-replay,input,R15,8,5.684341886080802e-14,K,1.0e-8,true
R9-P5-temperature,input,R_in15,8,0.0,K,1.0e-8,true
R9-P5-temperature,input,R_out15,8,0.0,K,1.0e-8,true
R9-P5-cyclic-replay,input,R15,9,5.684341886080802e-14,K,1.0e-8,true
R9-P5-temperature,input,R_in15,9,0.0,K,1.0e-8,true
R9-P5-temperature,input,R_out15,9,0.0,K,1.0e-8,true
R9-P5-cyclic-replay,input,R15,10,5.684341886080802e-14,K,1.0e-8,true
R9-P5-temperature,input,R_in15,10,0.0,K,1.0e-8,true
R9-P5-temperature,input,R_out15,10,0.0,K,1.0e-8,true
R9-P5-cyclic-replay,input,R15,11,0.0,K,1.0e-8,true
R9-P5-temperature,input,R_in15,11,0.0,K,1.0e-8,true
R9-P5-temperature,input,R_out15,11,0.0,K,1.0e-8,true
R9-P5-cyclic-replay,input,R15,12,0.0,K,1.0e-8,true
R9-P5-temperature,input,R_in15,12,0.0,K,1.0e-8,true
R9-P5-temperature,input,R_out15,12,0.0,K,1.0e-8,true
R9-P5-cyclic-replay,input,R15,13,0.0,K,1.0e-8,true
R9-P5-temperature,input,R_in15,13,0.0,K,1.0e-8,true
R9-P5-temperature,input,R_out15,13,0.0,K,1.0e-8,true
R9-P5-cyclic-replay,input,R15,14,5.684341886080802e-14,K,1.0e-8,true
R9-P5-temperature,input,R_in15,14,0.0,K,1.0e-8,true
R9-P5-temperature,input,R_out15,14,0.0,K,1.0e-8,true
R9-P5-cyclic-replay,input,R15,15,0.0,K,1.0e-8,true
R9-P5-temperature,input,R_in15,15,0.0,K,1.0e-8,true
R9-P5-temperature,input,R_out15,15,0.0,K,1.0e-8,true
R9-P5-cyclic-replay,input,R15,16,0.0,K,1.0e-8,true
R9-P5-temperature,input,R_in15,16,0.0,K,1.0e-8,true
R9-P5-temperature,input,R_out15,16,0.0,K,1.0e-8,true
R9-P5-cyclic-replay,input,R15,17,0.0,K,1.0e-8,true
R9-P5-temperature,input,R_in15,17,0.0,K,1.0e-8,true
R9-P5-temperature,input,R_out15,17,0.0,K,1.0e-8,true
R9-P5-cyclic-replay,input,R15,18,0.0,K,1.0e-8,true
R9-P5-temperature,input,R_in15,18,0.0,K,1.0e-8,true
R9-P5-temperature,input,R_out15,18,0.0,K,1.0e-8,true
R9-P5-cyclic-replay,input,R15,19,0.0,K,1.0e-8,true
R9-P5-temperature,input,R_in15,19,0.0,K,1.0e-8,true
R9-P5-temperature,input,R_out15,19,0.0,K,1.0e-8,true
R9-P5-cyclic-replay,input,R15,20,5.684341886080802e-14,K,1.0e-8,true
R9-P5-temperature,input,R_in15,20,0.0,K,1.0e-8,true
R9-P5-temperature,input,R_out15,20,0.0,K,1.0e-8,true
R9-P5-cyclic-replay,input,R15,21,5.684341886080802e-14,K,1.0e-8,true
R9-P5-temperature,input,R_in15,21,0.0,K,1.0e-8,true
R9-P5-temperature,input,R_out15,21,0.0,K,1.0e-8,true
R9-P5-cyclic-replay,input,R15,22,0.0,K,1.0e-8,true
R9-P5-temperature,input,R_in15,22,0.0,K,1.0e-8,true
R9-P5-temperature,input,R_out15,22,0.0,K,1.0e-8,true
R9-P5-cyclic-replay,input,R15,23,5.684341886080802e-14,K,1.0e-8,true
R9-P5-temperature,input,R_in15,23,0.0,K,1.0e-8,true
R9-P5-temperature,input,R_out15,23,0.0,K,1.0e-8,true
R9-P5-cyclic-replay,input,R15,24,5.684341886080802e-14,K,1.0e-8,true
R9-P5-temperature,input,R_in15,24,0.0,K,1.0e-8,true
R9-P5-temperature,input,R_out15,24,0.0,K,1.0e-8,true
R9-P5-cyclic-replay,input,S16,1,0.0,K,1.0e-8,true
R9-P5-temperature,input,S_in16,1,0.0,K,1.0e-8,true
R9-P5-temperature,input,S_out16,1,0.0,K,1.0e-8,true
R9-P5-cyclic-replay,input,S16,2,0.0,K,1.0e-8,true
R9-P5-temperature,input,S_in16,2,0.0,K,1.0e-8,true
R9-P5-temperature,input,S_out16,2,0.0,K,1.0e-8,true
R9-P5-cyclic-replay,input,S16,3,0.0,K,1.0e-8,true
R9-P5-temperature,input,S_in16,3,0.0,K,1.0e-8,true
R9-P5-temperature,input,S_out16,3,0.0,K,1.0e-8,true
R9-P5-cyclic-replay,input,S16,4,0.0,K,1.0e-8,true
R9-P5-temperature,input,S_in16,4,0.0,K,1.0e-8,true
R9-P5-temperature,input,S_out16,4,0.0,K,1.0e-8,true
R9-P5-cyclic-replay,input,S16,5,0.0,K,1.0e-8,true
R9-P5-temperature,input,S_in16,5,0.0,K,1.0e-8,true
R9-P5-temperature,input,S_out16,5,0.0,K,1.0e-8,true
R9-P5-cyclic-replay,input,S16,6,0.0,K,1.0e-8,true
R9-P5-temperature,input,S_in16,6,0.0,K,1.0e-8,true
R9-P5-temperature,input,S_out16,6,0.0,K,1.0e-8,true
R9-P5-cyclic-replay,input,S16,7,0.0,K,1.0e-8,true
R9-P5-temperature,input,S_in16,7,0.0,K,1.0e-8,true
R9-P5-temperature,input,S_out16,7,0.0,K,1.0e-8,true
R9-P5-cyclic-replay,input,S16,8,0.0,K,1.0e-8,true
R9-P5-temperature,input,S_in16,8,0.0,K,1.0e-8,true
R9-P5-temperature,input,S_out16,8,0.0,K,1.0e-8,true
R9-P5-cyclic-replay,input,S16,9,0.0,K,1.0e-8,true
R9-P5-temperature,input,S_in16,9,0.0,K,1.0e-8,true
R9-P5-temperature,input,S_out16,9,0.0,K,1.0e-8,true
R9-P5-cyclic-replay,input,S16,10,0.0,K,1.0e-8,true
R9-P5-temperature,input,S_in16,10,0.0,K,1.0e-8,true
R9-P5-temperature,input,S_out16,10,0.0,K,1.0e-8,true
R9-P5-cyclic-replay,input,S16,11,0.0,K,1.0e-8,true
R9-P5-temperature,input,S_in16,11,0.0,K,1.0e-8,true
R9-P5-temperature,input,S_out16,11,0.0,K,1.0e-8,true
R9-P5-cyclic-replay,input,S16,12,0.0,K,1.0e-8,true
R9-P5-temperature,input,S_in16,12,0.0,K,1.0e-8,true
R9-P5-temperature,input,S_out16,12,0.0,K,1.0e-8,true
R9-P5-cyclic-replay,input,S16,13,0.0,K,1.0e-8,true
R9-P5-temperature,input,S_in16,13,0.0,K,1.0e-8,true
R9-P5-temperature,input,S_out16,13,0.0,K,1.0e-8,true
R9-P5-cyclic-replay,input,S16,14,0.0,K,1.0e-8,true
R9-P5-temperature,input,S_in16,14,0.0,K,1.0e-8,true
R9-P5-temperature,input,S_out16,14,0.0,K,1.0e-8,true
R9-P5-cyclic-replay,input,S16,15,0.0,K,1.0e-8,true
R9-P5-temperature,input,S_in16,15,0.0,K,1.0e-8,true
R9-P5-temperature,input,S_out16,15,0.0,K,1.0e-8,true
R9-P5-cyclic-replay,input,S16,16,0.0,K,1.0e-8,true
R9-P5-temperature,input,S_in16,16,0.0,K,1.0e-8,true
R9-P5-temperature,input,S_out16,16,0.0,K,1.0e-8,true
R9-P5-cyclic-replay,input,S16,17,0.0,K,1.0e-8,true
R9-P5-temperature,input,S_in16,17,0.0,K,1.0e-8,true
R9-P5-temperature,input,S_out16,17,0.0,K,1.0e-8,true
R9-P5-cyclic-replay,input,S16,18,0.0,K,1.0e-8,true
R9-P5-temperature,input,S_in16,18,0.0,K,1.0e-8,true
R9-P5-temperature,input,S_out16,18,0.0,K,1.0e-8,true
R9-P5-cyclic-replay,input,S16,19,0.0,K,1.0e-8,true
R9-P5-temperature,input,S_in16,19,0.0,K,1.0e-8,true
R9-P5-temperature,input,S_out16,19,0.0,K,1.0e-8,true
R9-P5-cyclic-replay,input,S16,20,0.0,K,1.0e-8,true
R9-P5-temperature,input,S_in16,20,0.0,K,1.0e-8,true
R9-P5-temperature,input,S_out16,20,0.0,K,1.0e-8,true
R9-P5-cyclic-replay,input,S16,21,0.0,K,1.0e-8,true
R9-P5-temperature,input,S_in16,21,0.0,K,1.0e-8,true
R9-P5-temperature,input,S_out16,21,0.0,K,1.0e-8,true
R9-P5-cyclic-replay,input,S16,22,0.0,K,1.0e-8,true
R9-P5-temperature,input,S_in16,22,0.0,K,1.0e-8,true
R9-P5-temperature,input,S_out16,22,0.0,K,1.0e-8,true
R9-P5-cyclic-replay,input,S16,23,0.0,K,1.0e-8,true
R9-P5-temperature,input,S_in16,23,0.0,K,1.0e-8,true
R9-P5-temperature,input,S_out16,23,0.0,K,1.0e-8,true
R9-P5-cyclic-replay,input,S16,24,0.0,K,1.0e-8,true
R9-P5-temperature,input,S_in16,24,0.0,K,1.0e-8,true
R9-P5-temperature,input,S_out16,24,0.0,K,1.0e-8,true
R9-P5-cyclic-replay,input,R16,1,0.0,K,1.0e-8,true
R9-P5-temperature,input,R_in16,1,0.0,K,1.0e-8,true
R9-P5-temperature,input,R_out16,1,0.0,K,1.0e-8,true
R9-P5-cyclic-replay,input,R16,2,0.0,K,1.0e-8,true
R9-P5-temperature,input,R_in16,2,0.0,K,1.0e-8,true
R9-P5-temperature,input,R_out16,2,0.0,K,1.0e-8,true
R9-P5-cyclic-replay,input,R16,3,0.0,K,1.0e-8,true
R9-P5-temperature,input,R_in16,3,0.0,K,1.0e-8,true
R9-P5-temperature,input,R_out16,3,0.0,K,1.0e-8,true
R9-P5-cyclic-replay,input,R16,4,0.0,K,1.0e-8,true
R9-P5-temperature,input,R_in16,4,0.0,K,1.0e-8,true
R9-P5-temperature,input,R_out16,4,0.0,K,1.0e-8,true
R9-P5-cyclic-replay,input,R16,5,0.0,K,1.0e-8,true
R9-P5-temperature,input,R_in16,5,0.0,K,1.0e-8,true
R9-P5-temperature,input,R_out16,5,0.0,K,1.0e-8,true
R9-P5-cyclic-replay,input,R16,6,0.0,K,1.0e-8,true
R9-P5-temperature,input,R_in16,6,0.0,K,1.0e-8,true
R9-P5-temperature,input,R_out16,6,0.0,K,1.0e-8,true
R9-P5-cyclic-replay,input,R16,7,0.0,K,1.0e-8,true
R9-P5-temperature,input,R_in16,7,0.0,K,1.0e-8,true
R9-P5-temperature,input,R_out16,7,0.0,K,1.0e-8,true
R9-P5-cyclic-replay,input,R16,8,0.0,K,1.0e-8,true
R9-P5-temperature,input,R_in16,8,0.0,K,1.0e-8,true
R9-P5-temperature,input,R_out16,8,0.0,K,1.0e-8,true
R9-P5-cyclic-replay,input,R16,9,0.0,K,1.0e-8,true
R9-P5-temperature,input,R_in16,9,0.0,K,1.0e-8,true
R9-P5-temperature,input,R_out16,9,0.0,K,1.0e-8,true
R9-P5-cyclic-replay,input,R16,10,0.0,K,1.0e-8,true
R9-P5-temperature,input,R_in16,10,0.0,K,1.0e-8,true
R9-P5-temperature,input,R_out16,10,0.0,K,1.0e-8,true
R9-P5-cyclic-replay,input,R16,11,0.0,K,1.0e-8,true
R9-P5-temperature,input,R_in16,11,0.0,K,1.0e-8,true
R9-P5-temperature,input,R_out16,11,0.0,K,1.0e-8,true
R9-P5-cyclic-replay,input,R16,12,0.0,K,1.0e-8,true
R9-P5-temperature,input,R_in16,12,0.0,K,1.0e-8,true
R9-P5-temperature,input,R_out16,12,0.0,K,1.0e-8,true
R9-P5-cyclic-replay,input,R16,13,0.0,K,1.0e-8,true
R9-P5-temperature,input,R_in16,13,0.0,K,1.0e-8,true
R9-P5-temperature,input,R_out16,13,0.0,K,1.0e-8,true
R9-P5-cyclic-replay,input,R16,14,0.0,K,1.0e-8,true
R9-P5-temperature,input,R_in16,14,0.0,K,1.0e-8,true
R9-P5-temperature,input,R_out16,14,0.0,K,1.0e-8,true
R9-P5-cyclic-replay,input,R16,15,0.0,K,1.0e-8,true
R9-P5-temperature,input,R_in16,15,0.0,K,1.0e-8,true
R9-P5-temperature,input,R_out16,15,0.0,K,1.0e-8,true
R9-P5-cyclic-replay,input,R16,16,0.0,K,1.0e-8,true
R9-P5-temperature,input,R_in16,16,0.0,K,1.0e-8,true
R9-P5-temperature,input,R_out16,16,0.0,K,1.0e-8,true
R9-P5-cyclic-replay,input,R16,17,0.0,K,1.0e-8,true
R9-P5-temperature,input,R_in16,17,0.0,K,1.0e-8,true
R9-P5-temperature,input,R_out16,17,0.0,K,1.0e-8,true
R9-P5-cyclic-replay,input,R16,18,0.0,K,1.0e-8,true
R9-P5-temperature,input,R_in16,18,0.0,K,1.0e-8,true
R9-P5-temperature,input,R_out16,18,0.0,K,1.0e-8,true
R9-P5-cyclic-replay,input,R16,19,0.0,K,1.0e-8,true
R9-P5-temperature,input,R_in16,19,0.0,K,1.0e-8,true
R9-P5-temperature,input,R_out16,19,0.0,K,1.0e-8,true
R9-P5-cyclic-replay,input,R16,20,0.0,K,1.0e-8,true
R9-P5-temperature,input,R_in16,20,0.0,K,1.0e-8,true
R9-P5-temperature,input,R_out16,20,0.0,K,1.0e-8,true
R9-P5-cyclic-replay,input,R16,21,0.0,K,1.0e-8,true
R9-P5-temperature,input,R_in16,21,0.0,K,1.0e-8,true
R9-P5-temperature,input,R_out16,21,0.0,K,1.0e-8,true
R9-P5-cyclic-replay,input,R16,22,0.0,K,1.0e-8,true
R9-P5-temperature,input,R_in16,22,0.0,K,1.0e-8,true
R9-P5-temperature,input,R_out16,22,0.0,K,1.0e-8,true
R9-P5-cyclic-replay,input,R16,23,0.0,K,1.0e-8,true
R9-P5-temperature,input,R_in16,23,0.0,K,1.0e-8,true
R9-P5-temperature,input,R_out16,23,0.0,K,1.0e-8,true
R9-P5-cyclic-replay,input,R16,24,0.0,K,1.0e-8,true
R9-P5-temperature,input,R_in16,24,0.0,K,1.0e-8,true
R9-P5-temperature,input,R_out16,24,0.0,K,1.0e-8,true
R9-P5-cyclic-replay,input,S17,1,0.0,K,1.0e-8,true
R9-P5-temperature,input,S_in17,1,0.0,K,1.0e-8,true
R9-P5-temperature,input,S_out17,1,0.0,K,1.0e-8,true
R9-P5-cyclic-replay,input,S17,2,0.0,K,1.0e-8,true
R9-P5-temperature,input,S_in17,2,0.0,K,1.0e-8,true
R9-P5-temperature,input,S_out17,2,0.0,K,1.0e-8,true
R9-P5-cyclic-replay,input,S17,3,0.0,K,1.0e-8,true
R9-P5-temperature,input,S_in17,3,0.0,K,1.0e-8,true
R9-P5-temperature,input,S_out17,3,0.0,K,1.0e-8,true
R9-P5-cyclic-replay,input,S17,4,0.0,K,1.0e-8,true
R9-P5-temperature,input,S_in17,4,0.0,K,1.0e-8,true
R9-P5-temperature,input,S_out17,4,0.0,K,1.0e-8,true
R9-P5-cyclic-replay,input,S17,5,0.0,K,1.0e-8,true
R9-P5-temperature,input,S_in17,5,0.0,K,1.0e-8,true
R9-P5-temperature,input,S_out17,5,0.0,K,1.0e-8,true
R9-P5-cyclic-replay,input,S17,6,0.0,K,1.0e-8,true
R9-P5-temperature,input,S_in17,6,0.0,K,1.0e-8,true
R9-P5-temperature,input,S_out17,6,0.0,K,1.0e-8,true
R9-P5-cyclic-replay,input,S17,7,0.0,K,1.0e-8,true
R9-P5-temperature,input,S_in17,7,0.0,K,1.0e-8,true
R9-P5-temperature,input,S_out17,7,0.0,K,1.0e-8,true
R9-P5-cyclic-replay,input,S17,8,0.0,K,1.0e-8,true
R9-P5-temperature,input,S_in17,8,0.0,K,1.0e-8,true
R9-P5-temperature,input,S_out17,8,0.0,K,1.0e-8,true
R9-P5-cyclic-replay,input,S17,9,0.0,K,1.0e-8,true
R9-P5-temperature,input,S_in17,9,0.0,K,1.0e-8,true
R9-P5-temperature,input,S_out17,9,0.0,K,1.0e-8,true
R9-P5-cyclic-replay,input,S17,10,0.0,K,1.0e-8,true
R9-P5-temperature,input,S_in17,10,0.0,K,1.0e-8,true
R9-P5-temperature,input,S_out17,10,0.0,K,1.0e-8,true
R9-P5-cyclic-replay,input,S17,11,0.0,K,1.0e-8,true
R9-P5-temperature,input,S_in17,11,0.0,K,1.0e-8,true
R9-P5-temperature,input,S_out17,11,0.0,K,1.0e-8,true
R9-P5-cyclic-replay,input,S17,12,0.0,K,1.0e-8,true
R9-P5-temperature,input,S_in17,12,0.0,K,1.0e-8,true
R9-P5-temperature,input,S_out17,12,0.0,K,1.0e-8,true
R9-P5-cyclic-replay,input,S17,13,0.0,K,1.0e-8,true
R9-P5-temperature,input,S_in17,13,0.0,K,1.0e-8,true
R9-P5-temperature,input,S_out17,13,0.0,K,1.0e-8,true
R9-P5-cyclic-replay,input,S17,14,0.0,K,1.0e-8,true
R9-P5-temperature,input,S_in17,14,0.0,K,1.0e-8,true
R9-P5-temperature,input,S_out17,14,0.0,K,1.0e-8,true
R9-P5-cyclic-replay,input,S17,15,0.0,K,1.0e-8,true
R9-P5-temperature,input,S_in17,15,0.0,K,1.0e-8,true
R9-P5-temperature,input,S_out17,15,0.0,K,1.0e-8,true
R9-P5-cyclic-replay,input,S17,16,0.0,K,1.0e-8,true
R9-P5-temperature,input,S_in17,16,0.0,K,1.0e-8,true
R9-P5-temperature,input,S_out17,16,0.0,K,1.0e-8,true
R9-P5-cyclic-replay,input,S17,17,0.0,K,1.0e-8,true
R9-P5-temperature,input,S_in17,17,0.0,K,1.0e-8,true
R9-P5-temperature,input,S_out17,17,0.0,K,1.0e-8,true
R9-P5-cyclic-replay,input,S17,18,0.0,K,1.0e-8,true
R9-P5-temperature,input,S_in17,18,0.0,K,1.0e-8,true
R9-P5-temperature,input,S_out17,18,0.0,K,1.0e-8,true
R9-P5-cyclic-replay,input,S17,19,0.0,K,1.0e-8,true
R9-P5-temperature,input,S_in17,19,0.0,K,1.0e-8,true
R9-P5-temperature,input,S_out17,19,0.0,K,1.0e-8,true
R9-P5-cyclic-replay,input,S17,20,0.0,K,1.0e-8,true
R9-P5-temperature,input,S_in17,20,0.0,K,1.0e-8,true
R9-P5-temperature,input,S_out17,20,0.0,K,1.0e-8,true
R9-P5-cyclic-replay,input,S17,21,0.0,K,1.0e-8,true
R9-P5-temperature,input,S_in17,21,0.0,K,1.0e-8,true
R9-P5-temperature,input,S_out17,21,0.0,K,1.0e-8,true
R9-P5-cyclic-replay,input,S17,22,0.0,K,1.0e-8,true
R9-P5-temperature,input,S_in17,22,0.0,K,1.0e-8,true
R9-P5-temperature,input,S_out17,22,0.0,K,1.0e-8,true
R9-P5-cyclic-replay,input,S17,23,0.0,K,1.0e-8,true
R9-P5-temperature,input,S_in17,23,0.0,K,1.0e-8,true
R9-P5-temperature,input,S_out17,23,0.0,K,1.0e-8,true
R9-P5-cyclic-replay,input,S17,24,0.0,K,1.0e-8,true
R9-P5-temperature,input,S_in17,24,0.0,K,1.0e-8,true
R9-P5-temperature,input,S_out17,24,0.0,K,1.0e-8,true
R9-P5-cyclic-replay,input,R17,1,0.0,K,1.0e-8,true
R9-P5-temperature,input,R_in17,1,0.0,K,1.0e-8,true
R9-P5-temperature,input,R_out17,1,0.0,K,1.0e-8,true
R9-P5-cyclic-replay,input,R17,2,0.0,K,1.0e-8,true
R9-P5-temperature,input,R_in17,2,0.0,K,1.0e-8,true
R9-P5-temperature,input,R_out17,2,0.0,K,1.0e-8,true
R9-P5-cyclic-replay,input,R17,3,0.0,K,1.0e-8,true
R9-P5-temperature,input,R_in17,3,0.0,K,1.0e-8,true
R9-P5-temperature,input,R_out17,3,0.0,K,1.0e-8,true
R9-P5-cyclic-replay,input,R17,4,0.0,K,1.0e-8,true
R9-P5-temperature,input,R_in17,4,0.0,K,1.0e-8,true
R9-P5-temperature,input,R_out17,4,0.0,K,1.0e-8,true
R9-P5-cyclic-replay,input,R17,5,0.0,K,1.0e-8,true
R9-P5-temperature,input,R_in17,5,0.0,K,1.0e-8,true
R9-P5-temperature,input,R_out17,5,0.0,K,1.0e-8,true
R9-P5-cyclic-replay,input,R17,6,0.0,K,1.0e-8,true
R9-P5-temperature,input,R_in17,6,0.0,K,1.0e-8,true
R9-P5-temperature,input,R_out17,6,0.0,K,1.0e-8,true
R9-P5-cyclic-replay,input,R17,7,0.0,K,1.0e-8,true
R9-P5-temperature,input,R_in17,7,0.0,K,1.0e-8,true
R9-P5-temperature,input,R_out17,7,0.0,K,1.0e-8,true
R9-P5-cyclic-replay,input,R17,8,0.0,K,1.0e-8,true
R9-P5-temperature,input,R_in17,8,0.0,K,1.0e-8,true
R9-P5-temperature,input,R_out17,8,0.0,K,1.0e-8,true
R9-P5-cyclic-replay,input,R17,9,0.0,K,1.0e-8,true
R9-P5-temperature,input,R_in17,9,0.0,K,1.0e-8,true
R9-P5-temperature,input,R_out17,9,0.0,K,1.0e-8,true
R9-P5-cyclic-replay,input,R17,10,0.0,K,1.0e-8,true
R9-P5-temperature,input,R_in17,10,0.0,K,1.0e-8,true
R9-P5-temperature,input,R_out17,10,0.0,K,1.0e-8,true
R9-P5-cyclic-replay,input,R17,11,0.0,K,1.0e-8,true
R9-P5-temperature,input,R_in17,11,0.0,K,1.0e-8,true
R9-P5-temperature,input,R_out17,11,0.0,K,1.0e-8,true
R9-P5-cyclic-replay,input,R17,12,0.0,K,1.0e-8,true
R9-P5-temperature,input,R_in17,12,0.0,K,1.0e-8,true
R9-P5-temperature,input,R_out17,12,0.0,K,1.0e-8,true
R9-P5-cyclic-replay,input,R17,13,0.0,K,1.0e-8,true
R9-P5-temperature,input,R_in17,13,0.0,K,1.0e-8,true
R9-P5-temperature,input,R_out17,13,0.0,K,1.0e-8,true
R9-P5-cyclic-replay,input,R17,14,0.0,K,1.0e-8,true
R9-P5-temperature,input,R_in17,14,0.0,K,1.0e-8,true
R9-P5-temperature,input,R_out17,14,0.0,K,1.0e-8,true
R9-P5-cyclic-replay,input,R17,15,0.0,K,1.0e-8,true
R9-P5-temperature,input,R_in17,15,0.0,K,1.0e-8,true
R9-P5-temperature,input,R_out17,15,0.0,K,1.0e-8,true
R9-P5-cyclic-replay,input,R17,16,0.0,K,1.0e-8,true
R9-P5-temperature,input,R_in17,16,0.0,K,1.0e-8,true
R9-P5-temperature,input,R_out17,16,0.0,K,1.0e-8,true
R9-P5-cyclic-replay,input,R17,17,0.0,K,1.0e-8,true
R9-P5-temperature,input,R_in17,17,0.0,K,1.0e-8,true
R9-P5-temperature,input,R_out17,17,0.0,K,1.0e-8,true
R9-P5-cyclic-replay,input,R17,18,0.0,K,1.0e-8,true
R9-P5-temperature,input,R_in17,18,0.0,K,1.0e-8,true
R9-P5-temperature,input,R_out17,18,0.0,K,1.0e-8,true
R9-P5-cyclic-replay,input,R17,19,0.0,K,1.0e-8,true
R9-P5-temperature,input,R_in17,19,0.0,K,1.0e-8,true
R9-P5-temperature,input,R_out17,19,0.0,K,1.0e-8,true
R9-P5-cyclic-replay,input,R17,20,0.0,K,1.0e-8,true
R9-P5-temperature,input,R_in17,20,0.0,K,1.0e-8,true
R9-P5-temperature,input,R_out17,20,0.0,K,1.0e-8,true
R9-P5-cyclic-replay,input,R17,21,0.0,K,1.0e-8,true
R9-P5-temperature,input,R_in17,21,0.0,K,1.0e-8,true
R9-P5-temperature,input,R_out17,21,0.0,K,1.0e-8,true
R9-P5-cyclic-replay,input,R17,22,0.0,K,1.0e-8,true
R9-P5-temperature,input,R_in17,22,0.0,K,1.0e-8,true
R9-P5-temperature,input,R_out17,22,0.0,K,1.0e-8,true
R9-P5-cyclic-replay,input,R17,23,0.0,K,1.0e-8,true
R9-P5-temperature,input,R_in17,23,0.0,K,1.0e-8,true
R9-P5-temperature,input,R_out17,23,0.0,K,1.0e-8,true
R9-P5-cyclic-replay,input,R17,24,0.0,K,1.0e-8,true
R9-P5-temperature,input,R_in17,24,0.0,K,1.0e-8,true
R9-P5-temperature,input,R_out17,24,0.0,K,1.0e-8,true
R9-P5-cyclic-replay,input,S18,1,0.0,K,1.0e-8,true
R9-P5-temperature,input,S_in18,1,0.0,K,1.0e-8,true
R9-P5-temperature,input,S_out18,1,0.0,K,1.0e-8,true
R9-P5-cyclic-replay,input,S18,2,0.0,K,1.0e-8,true
R9-P5-temperature,input,S_in18,2,0.0,K,1.0e-8,true
R9-P5-temperature,input,S_out18,2,0.0,K,1.0e-8,true
R9-P5-cyclic-replay,input,S18,3,0.0,K,1.0e-8,true
R9-P5-temperature,input,S_in18,3,0.0,K,1.0e-8,true
R9-P5-temperature,input,S_out18,3,0.0,K,1.0e-8,true
R9-P5-cyclic-replay,input,S18,4,0.0,K,1.0e-8,true
R9-P5-temperature,input,S_in18,4,0.0,K,1.0e-8,true
R9-P5-temperature,input,S_out18,4,0.0,K,1.0e-8,true
R9-P5-cyclic-replay,input,S18,5,0.0,K,1.0e-8,true
R9-P5-temperature,input,S_in18,5,0.0,K,1.0e-8,true
R9-P5-temperature,input,S_out18,5,0.0,K,1.0e-8,true
R9-P5-cyclic-replay,input,S18,6,0.0,K,1.0e-8,true
R9-P5-temperature,input,S_in18,6,0.0,K,1.0e-8,true
R9-P5-temperature,input,S_out18,6,0.0,K,1.0e-8,true
R9-P5-cyclic-replay,input,S18,7,0.0,K,1.0e-8,true
R9-P5-temperature,input,S_in18,7,0.0,K,1.0e-8,true
R9-P5-temperature,input,S_out18,7,0.0,K,1.0e-8,true
R9-P5-cyclic-replay,input,S18,8,0.0,K,1.0e-8,true
R9-P5-temperature,input,S_in18,8,0.0,K,1.0e-8,true
R9-P5-temperature,input,S_out18,8,0.0,K,1.0e-8,true
R9-P5-cyclic-replay,input,S18,9,0.0,K,1.0e-8,true
R9-P5-temperature,input,S_in18,9,0.0,K,1.0e-8,true
R9-P5-temperature,input,S_out18,9,0.0,K,1.0e-8,true
R9-P5-cyclic-replay,input,S18,10,0.0,K,1.0e-8,true
R9-P5-temperature,input,S_in18,10,0.0,K,1.0e-8,true
R9-P5-temperature,input,S_out18,10,0.0,K,1.0e-8,true
R9-P5-cyclic-replay,input,S18,11,0.0,K,1.0e-8,true
R9-P5-temperature,input,S_in18,11,0.0,K,1.0e-8,true
R9-P5-temperature,input,S_out18,11,0.0,K,1.0e-8,true
R9-P5-cyclic-replay,input,S18,12,0.0,K,1.0e-8,true
R9-P5-temperature,input,S_in18,12,0.0,K,1.0e-8,true
R9-P5-temperature,input,S_out18,12,0.0,K,1.0e-8,true
R9-P5-cyclic-replay,input,S18,13,0.0,K,1.0e-8,true
R9-P5-temperature,input,S_in18,13,0.0,K,1.0e-8,true
R9-P5-temperature,input,S_out18,13,0.0,K,1.0e-8,true
R9-P5-cyclic-replay,input,S18,14,0.0,K,1.0e-8,true
R9-P5-temperature,input,S_in18,14,0.0,K,1.0e-8,true
R9-P5-temperature,input,S_out18,14,0.0,K,1.0e-8,true
R9-P5-cyclic-replay,input,S18,15,0.0,K,1.0e-8,true
R9-P5-temperature,input,S_in18,15,0.0,K,1.0e-8,true
R9-P5-temperature,input,S_out18,15,0.0,K,1.0e-8,true
R9-P5-cyclic-replay,input,S18,16,0.0,K,1.0e-8,true
R9-P5-temperature,input,S_in18,16,0.0,K,1.0e-8,true
R9-P5-temperature,input,S_out18,16,0.0,K,1.0e-8,true
R9-P5-cyclic-replay,input,S18,17,0.0,K,1.0e-8,true
R9-P5-temperature,input,S_in18,17,0.0,K,1.0e-8,true
R9-P5-temperature,input,S_out18,17,0.0,K,1.0e-8,true
R9-P5-cyclic-replay,input,S18,18,0.0,K,1.0e-8,true
R9-P5-temperature,input,S_in18,18,0.0,K,1.0e-8,true
R9-P5-temperature,input,S_out18,18,0.0,K,1.0e-8,true
R9-P5-cyclic-replay,input,S18,19,0.0,K,1.0e-8,true
R9-P5-temperature,input,S_in18,19,0.0,K,1.0e-8,true
R9-P5-temperature,input,S_out18,19,0.0,K,1.0e-8,true
R9-P5-cyclic-replay,input,S18,20,0.0,K,1.0e-8,true
R9-P5-temperature,input,S_in18,20,0.0,K,1.0e-8,true
R9-P5-temperature,input,S_out18,20,0.0,K,1.0e-8,true
R9-P5-cyclic-replay,input,S18,21,0.0,K,1.0e-8,true
R9-P5-temperature,input,S_in18,21,0.0,K,1.0e-8,true
R9-P5-temperature,input,S_out18,21,0.0,K,1.0e-8,true
R9-P5-cyclic-replay,input,S18,22,0.0,K,1.0e-8,true
R9-P5-temperature,input,S_in18,22,0.0,K,1.0e-8,true
R9-P5-temperature,input,S_out18,22,0.0,K,1.0e-8,true
R9-P5-cyclic-replay,input,S18,23,0.0,K,1.0e-8,true
R9-P5-temperature,input,S_in18,23,0.0,K,1.0e-8,true
R9-P5-temperature,input,S_out18,23,0.0,K,1.0e-8,true
R9-P5-cyclic-replay,input,S18,24,0.0,K,1.0e-8,true
R9-P5-temperature,input,S_in18,24,0.0,K,1.0e-8,true
R9-P5-temperature,input,S_out18,24,0.0,K,1.0e-8,true
R9-P5-cyclic-replay,input,R18,1,5.684341886080802e-14,K,1.0e-8,true
R9-P5-temperature,input,R_in18,1,0.0,K,1.0e-8,true
R9-P5-temperature,input,R_out18,1,0.0,K,1.0e-8,true
R9-P5-cyclic-replay,input,R18,2,5.684341886080802e-14,K,1.0e-8,true
R9-P5-temperature,input,R_in18,2,0.0,K,1.0e-8,true
R9-P5-temperature,input,R_out18,2,0.0,K,1.0e-8,true
R9-P5-cyclic-replay,input,R18,3,1.1368683772161603e-13,K,1.0e-8,true
R9-P5-temperature,input,R_in18,3,0.0,K,1.0e-8,true
R9-P5-temperature,input,R_out18,3,0.0,K,1.0e-8,true
R9-P5-cyclic-replay,input,R18,4,0.0,K,1.0e-8,true
R9-P5-temperature,input,R_in18,4,0.0,K,1.0e-8,true
R9-P5-temperature,input,R_out18,4,0.0,K,1.0e-8,true
R9-P5-cyclic-replay,input,R18,5,0.0,K,1.0e-8,true
R9-P5-temperature,input,R_in18,5,0.0,K,1.0e-8,true
R9-P5-temperature,input,R_out18,5,0.0,K,1.0e-8,true
R9-P5-cyclic-replay,input,R18,6,0.0,K,1.0e-8,true
R9-P5-temperature,input,R_in18,6,0.0,K,1.0e-8,true
R9-P5-temperature,input,R_out18,6,0.0,K,1.0e-8,true
R9-P5-cyclic-replay,input,R18,7,5.684341886080802e-14,K,1.0e-8,true
R9-P5-temperature,input,R_in18,7,0.0,K,1.0e-8,true
R9-P5-temperature,input,R_out18,7,0.0,K,1.0e-8,true
R9-P5-cyclic-replay,input,R18,8,5.684341886080802e-14,K,1.0e-8,true
R9-P5-temperature,input,R_in18,8,0.0,K,1.0e-8,true
R9-P5-temperature,input,R_out18,8,0.0,K,1.0e-8,true
R9-P5-cyclic-replay,input,R18,9,0.0,K,1.0e-8,true
R9-P5-temperature,input,R_in18,9,0.0,K,1.0e-8,true
R9-P5-temperature,input,R_out18,9,0.0,K,1.0e-8,true
R9-P5-cyclic-replay,input,R18,10,0.0,K,1.0e-8,true
R9-P5-temperature,input,R_in18,10,0.0,K,1.0e-8,true
R9-P5-temperature,input,R_out18,10,0.0,K,1.0e-8,true
R9-P5-cyclic-replay,input,R18,11,5.684341886080802e-14,K,1.0e-8,true
R9-P5-temperature,input,R_in18,11,0.0,K,1.0e-8,true
R9-P5-temperature,input,R_out18,11,0.0,K,1.0e-8,true
R9-P5-cyclic-replay,input,R18,12,0.0,K,1.0e-8,true
R9-P5-temperature,input,R_in18,12,0.0,K,1.0e-8,true
R9-P5-temperature,input,R_out18,12,0.0,K,1.0e-8,true
R9-P5-cyclic-replay,input,R18,13,5.684341886080802e-14,K,1.0e-8,true
R9-P5-temperature,input,R_in18,13,0.0,K,1.0e-8,true
R9-P5-temperature,input,R_out18,13,0.0,K,1.0e-8,true
R9-P5-cyclic-replay,input,R18,14,5.684341886080802e-14,K,1.0e-8,true
R9-P5-temperature,input,R_in18,14,0.0,K,1.0e-8,true
R9-P5-temperature,input,R_out18,14,0.0,K,1.0e-8,true
R9-P5-cyclic-replay,input,R18,15,1.1368683772161603e-13,K,1.0e-8,true
R9-P5-temperature,input,R_in18,15,0.0,K,1.0e-8,true
R9-P5-temperature,input,R_out18,15,0.0,K,1.0e-8,true
R9-P5-cyclic-replay,input,R18,16,1.1368683772161603e-13,K,1.0e-8,true
R9-P5-temperature,input,R_in18,16,0.0,K,1.0e-8,true
R9-P5-temperature,input,R_out18,16,0.0,K,1.0e-8,true
R9-P5-cyclic-replay,input,R18,17,0.0,K,1.0e-8,true
R9-P5-temperature,input,R_in18,17,0.0,K,1.0e-8,true
R9-P5-temperature,input,R_out18,17,0.0,K,1.0e-8,true
R9-P5-cyclic-replay,input,R18,18,5.684341886080802e-14,K,1.0e-8,true
R9-P5-temperature,input,R_in18,18,0.0,K,1.0e-8,true
R9-P5-temperature,input,R_out18,18,0.0,K,1.0e-8,true
R9-P5-cyclic-replay,input,R18,19,5.684341886080802e-14,K,1.0e-8,true
R9-P5-temperature,input,R_in18,19,0.0,K,1.0e-8,true
R9-P5-temperature,input,R_out18,19,0.0,K,1.0e-8,true
R9-P5-cyclic-replay,input,R18,20,5.684341886080802e-14,K,1.0e-8,true
R9-P5-temperature,input,R_in18,20,0.0,K,1.0e-8,true
R9-P5-temperature,input,R_out18,20,0.0,K,1.0e-8,true
R9-P5-cyclic-replay,input,R18,21,0.0,K,1.0e-8,true
R9-P5-temperature,input,R_in18,21,0.0,K,1.0e-8,true
R9-P5-temperature,input,R_out18,21,0.0,K,1.0e-8,true
R9-P5-cyclic-replay,input,R18,22,5.684341886080802e-14,K,1.0e-8,true
R9-P5-temperature,input,R_in18,22,0.0,K,1.0e-8,true
R9-P5-temperature,input,R_out18,22,0.0,K,1.0e-8,true
R9-P5-cyclic-replay,input,R18,23,0.0,K,1.0e-8,true
R9-P5-temperature,input,R_in18,23,0.0,K,1.0e-8,true
R9-P5-temperature,input,R_out18,23,0.0,K,1.0e-8,true
R9-P5-cyclic-replay,input,R18,24,5.684341886080802e-14,K,1.0e-8,true
R9-P5-temperature,input,R_in18,24,0.0,K,1.0e-8,true
R9-P5-temperature,input,R_out18,24,0.0,K,1.0e-8,true
R9-P5-cyclic-replay,input,S19,1,5.684341886080802e-14,K,1.0e-8,true
R9-P5-temperature,input,S_in19,1,0.0,K,1.0e-8,true
R9-P5-temperature,input,S_out19,1,0.0,K,1.0e-8,true
R9-P5-cyclic-replay,input,S19,2,5.684341886080802e-14,K,1.0e-8,true
R9-P5-temperature,input,S_in19,2,0.0,K,1.0e-8,true
R9-P5-temperature,input,S_out19,2,0.0,K,1.0e-8,true
R9-P5-cyclic-replay,input,S19,3,5.684341886080802e-14,K,1.0e-8,true
R9-P5-temperature,input,S_in19,3,0.0,K,1.0e-8,true
R9-P5-temperature,input,S_out19,3,0.0,K,1.0e-8,true
R9-P5-cyclic-replay,input,S19,4,5.684341886080802e-14,K,1.0e-8,true
R9-P5-temperature,input,S_in19,4,0.0,K,1.0e-8,true
R9-P5-temperature,input,S_out19,4,0.0,K,1.0e-8,true
R9-P5-cyclic-replay,input,S19,5,5.684341886080802e-14,K,1.0e-8,true
R9-P5-temperature,input,S_in19,5,0.0,K,1.0e-8,true
R9-P5-temperature,input,S_out19,5,0.0,K,1.0e-8,true
R9-P5-cyclic-replay,input,S19,6,5.684341886080802e-14,K,1.0e-8,true
R9-P5-temperature,input,S_in19,6,0.0,K,1.0e-8,true
R9-P5-temperature,input,S_out19,6,0.0,K,1.0e-8,true
R9-P5-cyclic-replay,input,S19,7,5.684341886080802e-14,K,1.0e-8,true
R9-P5-temperature,input,S_in19,7,0.0,K,1.0e-8,true
R9-P5-temperature,input,S_out19,7,0.0,K,1.0e-8,true
R9-P5-cyclic-replay,input,S19,8,5.684341886080802e-14,K,1.0e-8,true
R9-P5-temperature,input,S_in19,8,0.0,K,1.0e-8,true
R9-P5-temperature,input,S_out19,8,0.0,K,1.0e-8,true
R9-P5-cyclic-replay,input,S19,9,5.684341886080802e-14,K,1.0e-8,true
R9-P5-temperature,input,S_in19,9,0.0,K,1.0e-8,true
R9-P5-temperature,input,S_out19,9,0.0,K,1.0e-8,true
R9-P5-cyclic-replay,input,S19,10,5.684341886080802e-14,K,1.0e-8,true
R9-P5-temperature,input,S_in19,10,0.0,K,1.0e-8,true
R9-P5-temperature,input,S_out19,10,0.0,K,1.0e-8,true
R9-P5-cyclic-replay,input,S19,11,5.684341886080802e-14,K,1.0e-8,true
R9-P5-temperature,input,S_in19,11,0.0,K,1.0e-8,true
R9-P5-temperature,input,S_out19,11,0.0,K,1.0e-8,true
R9-P5-cyclic-replay,input,S19,12,5.684341886080802e-14,K,1.0e-8,true
R9-P5-temperature,input,S_in19,12,0.0,K,1.0e-8,true
R9-P5-temperature,input,S_out19,12,0.0,K,1.0e-8,true
R9-P5-cyclic-replay,input,S19,13,5.684341886080802e-14,K,1.0e-8,true
R9-P5-temperature,input,S_in19,13,0.0,K,1.0e-8,true
R9-P5-temperature,input,S_out19,13,0.0,K,1.0e-8,true
R9-P5-cyclic-replay,input,S19,14,5.684341886080802e-14,K,1.0e-8,true
R9-P5-temperature,input,S_in19,14,0.0,K,1.0e-8,true
R9-P5-temperature,input,S_out19,14,0.0,K,1.0e-8,true
R9-P5-cyclic-replay,input,S19,15,5.684341886080802e-14,K,1.0e-8,true
R9-P5-temperature,input,S_in19,15,0.0,K,1.0e-8,true
R9-P5-temperature,input,S_out19,15,0.0,K,1.0e-8,true
R9-P5-cyclic-replay,input,S19,16,5.684341886080802e-14,K,1.0e-8,true
R9-P5-temperature,input,S_in19,16,0.0,K,1.0e-8,true
R9-P5-temperature,input,S_out19,16,0.0,K,1.0e-8,true
R9-P5-cyclic-replay,input,S19,17,5.684341886080802e-14,K,1.0e-8,true
R9-P5-temperature,input,S_in19,17,0.0,K,1.0e-8,true
R9-P5-temperature,input,S_out19,17,0.0,K,1.0e-8,true
R9-P5-cyclic-replay,input,S19,18,5.684341886080802e-14,K,1.0e-8,true
R9-P5-temperature,input,S_in19,18,0.0,K,1.0e-8,true
R9-P5-temperature,input,S_out19,18,0.0,K,1.0e-8,true
R9-P5-cyclic-replay,input,S19,19,5.684341886080802e-14,K,1.0e-8,true
R9-P5-temperature,input,S_in19,19,0.0,K,1.0e-8,true
R9-P5-temperature,input,S_out19,19,0.0,K,1.0e-8,true
R9-P5-cyclic-replay,input,S19,20,5.684341886080802e-14,K,1.0e-8,true
R9-P5-temperature,input,S_in19,20,0.0,K,1.0e-8,true
R9-P5-temperature,input,S_out19,20,0.0,K,1.0e-8,true
R9-P5-cyclic-replay,input,S19,21,5.684341886080802e-14,K,1.0e-8,true
R9-P5-temperature,input,S_in19,21,0.0,K,1.0e-8,true
R9-P5-temperature,input,S_out19,21,0.0,K,1.0e-8,true
R9-P5-cyclic-replay,input,S19,22,5.684341886080802e-14,K,1.0e-8,true
R9-P5-temperature,input,S_in19,22,0.0,K,1.0e-8,true
R9-P5-temperature,input,S_out19,22,0.0,K,1.0e-8,true
R9-P5-cyclic-replay,input,S19,23,5.684341886080802e-14,K,1.0e-8,true
R9-P5-temperature,input,S_in19,23,0.0,K,1.0e-8,true
R9-P5-temperature,input,S_out19,23,0.0,K,1.0e-8,true
R9-P5-cyclic-replay,input,S19,24,5.684341886080802e-14,K,1.0e-8,true
R9-P5-temperature,input,S_in19,24,0.0,K,1.0e-8,true
R9-P5-temperature,input,S_out19,24,0.0,K,1.0e-8,true
R9-P5-cyclic-replay,input,R19,1,0.0,K,1.0e-8,true
R9-P5-temperature,input,R_in19,1,0.0,K,1.0e-8,true
R9-P5-temperature,input,R_out19,1,0.0,K,1.0e-8,true
R9-P5-cyclic-replay,input,R19,2,0.0,K,1.0e-8,true
R9-P5-temperature,input,R_in19,2,0.0,K,1.0e-8,true
R9-P5-temperature,input,R_out19,2,0.0,K,1.0e-8,true
R9-P5-cyclic-replay,input,R19,3,0.0,K,1.0e-8,true
R9-P5-temperature,input,R_in19,3,0.0,K,1.0e-8,true
R9-P5-temperature,input,R_out19,3,0.0,K,1.0e-8,true
R9-P5-cyclic-replay,input,R19,4,0.0,K,1.0e-8,true
R9-P5-temperature,input,R_in19,4,0.0,K,1.0e-8,true
R9-P5-temperature,input,R_out19,4,0.0,K,1.0e-8,true
R9-P5-cyclic-replay,input,R19,5,0.0,K,1.0e-8,true
R9-P5-temperature,input,R_in19,5,0.0,K,1.0e-8,true
R9-P5-temperature,input,R_out19,5,0.0,K,1.0e-8,true
R9-P5-cyclic-replay,input,R19,6,0.0,K,1.0e-8,true
R9-P5-temperature,input,R_in19,6,0.0,K,1.0e-8,true
R9-P5-temperature,input,R_out19,6,0.0,K,1.0e-8,true
R9-P5-cyclic-replay,input,R19,7,0.0,K,1.0e-8,true
R9-P5-temperature,input,R_in19,7,0.0,K,1.0e-8,true
R9-P5-temperature,input,R_out19,7,0.0,K,1.0e-8,true
R9-P5-cyclic-replay,input,R19,8,0.0,K,1.0e-8,true
R9-P5-temperature,input,R_in19,8,0.0,K,1.0e-8,true
R9-P5-temperature,input,R_out19,8,0.0,K,1.0e-8,true
R9-P5-cyclic-replay,input,R19,9,0.0,K,1.0e-8,true
R9-P5-temperature,input,R_in19,9,0.0,K,1.0e-8,true
R9-P5-temperature,input,R_out19,9,0.0,K,1.0e-8,true
R9-P5-cyclic-replay,input,R19,10,0.0,K,1.0e-8,true
R9-P5-temperature,input,R_in19,10,0.0,K,1.0e-8,true
R9-P5-temperature,input,R_out19,10,0.0,K,1.0e-8,true
R9-P5-cyclic-replay,input,R19,11,0.0,K,1.0e-8,true
R9-P5-temperature,input,R_in19,11,0.0,K,1.0e-8,true
R9-P5-temperature,input,R_out19,11,0.0,K,1.0e-8,true
R9-P5-cyclic-replay,input,R19,12,0.0,K,1.0e-8,true
R9-P5-temperature,input,R_in19,12,0.0,K,1.0e-8,true
R9-P5-temperature,input,R_out19,12,0.0,K,1.0e-8,true
R9-P5-cyclic-replay,input,R19,13,0.0,K,1.0e-8,true
R9-P5-temperature,input,R_in19,13,0.0,K,1.0e-8,true
R9-P5-temperature,input,R_out19,13,0.0,K,1.0e-8,true
R9-P5-cyclic-replay,input,R19,14,0.0,K,1.0e-8,true
R9-P5-temperature,input,R_in19,14,0.0,K,1.0e-8,true
R9-P5-temperature,input,R_out19,14,0.0,K,1.0e-8,true
R9-P5-cyclic-replay,input,R19,15,0.0,K,1.0e-8,true
R9-P5-temperature,input,R_in19,15,0.0,K,1.0e-8,true
R9-P5-temperature,input,R_out19,15,0.0,K,1.0e-8,true
R9-P5-cyclic-replay,input,R19,16,0.0,K,1.0e-8,true
R9-P5-temperature,input,R_in19,16,0.0,K,1.0e-8,true
R9-P5-temperature,input,R_out19,16,0.0,K,1.0e-8,true
R9-P5-cyclic-replay,input,R19,17,0.0,K,1.0e-8,true
R9-P5-temperature,input,R_in19,17,0.0,K,1.0e-8,true
R9-P5-temperature,input,R_out19,17,0.0,K,1.0e-8,true
R9-P5-cyclic-replay,input,R19,18,0.0,K,1.0e-8,true
R9-P5-temperature,input,R_in19,18,0.0,K,1.0e-8,true
R9-P5-temperature,input,R_out19,18,0.0,K,1.0e-8,true
R9-P5-cyclic-replay,input,R19,19,0.0,K,1.0e-8,true
R9-P5-temperature,input,R_in19,19,0.0,K,1.0e-8,true
R9-P5-temperature,input,R_out19,19,0.0,K,1.0e-8,true
R9-P5-cyclic-replay,input,R19,20,0.0,K,1.0e-8,true
R9-P5-temperature,input,R_in19,20,0.0,K,1.0e-8,true
R9-P5-temperature,input,R_out19,20,0.0,K,1.0e-8,true
R9-P5-cyclic-replay,input,R19,21,0.0,K,1.0e-8,true
R9-P5-temperature,input,R_in19,21,0.0,K,1.0e-8,true
R9-P5-temperature,input,R_out19,21,0.0,K,1.0e-8,true
R9-P5-cyclic-replay,input,R19,22,0.0,K,1.0e-8,true
R9-P5-temperature,input,R_in19,22,0.0,K,1.0e-8,true
R9-P5-temperature,input,R_out19,22,0.0,K,1.0e-8,true
R9-P5-cyclic-replay,input,R19,23,0.0,K,1.0e-8,true
R9-P5-temperature,input,R_in19,23,0.0,K,1.0e-8,true
R9-P5-temperature,input,R_out19,23,0.0,K,1.0e-8,true
R9-P5-cyclic-replay,input,R19,24,0.0,K,1.0e-8,true
R9-P5-temperature,input,R_in19,24,0.0,K,1.0e-8,true
R9-P5-temperature,input,R_out19,24,0.0,K,1.0e-8,true
R9-P5-cyclic-replay,input,S20,1,5.684341886080802e-14,K,1.0e-8,true
R9-P5-temperature,input,S_in20,1,0.0,K,1.0e-8,true
R9-P5-temperature,input,S_out20,1,0.0,K,1.0e-8,true
R9-P5-cyclic-replay,input,S20,2,5.684341886080802e-14,K,1.0e-8,true
R9-P5-temperature,input,S_in20,2,0.0,K,1.0e-8,true
R9-P5-temperature,input,S_out20,2,0.0,K,1.0e-8,true
R9-P5-cyclic-replay,input,S20,3,5.684341886080802e-14,K,1.0e-8,true
R9-P5-temperature,input,S_in20,3,0.0,K,1.0e-8,true
R9-P5-temperature,input,S_out20,3,0.0,K,1.0e-8,true
R9-P5-cyclic-replay,input,S20,4,5.684341886080802e-14,K,1.0e-8,true
R9-P5-temperature,input,S_in20,4,0.0,K,1.0e-8,true
R9-P5-temperature,input,S_out20,4,0.0,K,1.0e-8,true
R9-P5-cyclic-replay,input,S20,5,5.684341886080802e-14,K,1.0e-8,true
R9-P5-temperature,input,S_in20,5,0.0,K,1.0e-8,true
R9-P5-temperature,input,S_out20,5,0.0,K,1.0e-8,true
R9-P5-cyclic-replay,input,S20,6,5.684341886080802e-14,K,1.0e-8,true
R9-P5-temperature,input,S_in20,6,0.0,K,1.0e-8,true
R9-P5-temperature,input,S_out20,6,0.0,K,1.0e-8,true
R9-P5-cyclic-replay,input,S20,7,5.684341886080802e-14,K,1.0e-8,true
R9-P5-temperature,input,S_in20,7,0.0,K,1.0e-8,true
R9-P5-temperature,input,S_out20,7,0.0,K,1.0e-8,true
R9-P5-cyclic-replay,input,S20,8,5.684341886080802e-14,K,1.0e-8,true
R9-P5-temperature,input,S_in20,8,0.0,K,1.0e-8,true
R9-P5-temperature,input,S_out20,8,0.0,K,1.0e-8,true
R9-P5-cyclic-replay,input,S20,9,5.684341886080802e-14,K,1.0e-8,true
R9-P5-temperature,input,S_in20,9,0.0,K,1.0e-8,true
R9-P5-temperature,input,S_out20,9,0.0,K,1.0e-8,true
R9-P5-cyclic-replay,input,S20,10,5.684341886080802e-14,K,1.0e-8,true
R9-P5-temperature,input,S_in20,10,0.0,K,1.0e-8,true
R9-P5-temperature,input,S_out20,10,0.0,K,1.0e-8,true
R9-P5-cyclic-replay,input,S20,11,5.684341886080802e-14,K,1.0e-8,true
R9-P5-temperature,input,S_in20,11,0.0,K,1.0e-8,true
R9-P5-temperature,input,S_out20,11,0.0,K,1.0e-8,true
R9-P5-cyclic-replay,input,S20,12,5.684341886080802e-14,K,1.0e-8,true
R9-P5-temperature,input,S_in20,12,0.0,K,1.0e-8,true
R9-P5-temperature,input,S_out20,12,0.0,K,1.0e-8,true
R9-P5-cyclic-replay,input,S20,13,5.684341886080802e-14,K,1.0e-8,true
R9-P5-temperature,input,S_in20,13,0.0,K,1.0e-8,true
R9-P5-temperature,input,S_out20,13,0.0,K,1.0e-8,true
R9-P5-cyclic-replay,input,S20,14,5.684341886080802e-14,K,1.0e-8,true
R9-P5-temperature,input,S_in20,14,0.0,K,1.0e-8,true
R9-P5-temperature,input,S_out20,14,0.0,K,1.0e-8,true
R9-P5-cyclic-replay,input,S20,15,5.684341886080802e-14,K,1.0e-8,true
R9-P5-temperature,input,S_in20,15,0.0,K,1.0e-8,true
R9-P5-temperature,input,S_out20,15,0.0,K,1.0e-8,true
R9-P5-cyclic-replay,input,S20,16,5.684341886080802e-14,K,1.0e-8,true
R9-P5-temperature,input,S_in20,16,0.0,K,1.0e-8,true
R9-P5-temperature,input,S_out20,16,0.0,K,1.0e-8,true
R9-P5-cyclic-replay,input,S20,17,5.684341886080802e-14,K,1.0e-8,true
R9-P5-temperature,input,S_in20,17,0.0,K,1.0e-8,true
R9-P5-temperature,input,S_out20,17,0.0,K,1.0e-8,true
R9-P5-cyclic-replay,input,S20,18,5.684341886080802e-14,K,1.0e-8,true
R9-P5-temperature,input,S_in20,18,0.0,K,1.0e-8,true
R9-P5-temperature,input,S_out20,18,0.0,K,1.0e-8,true
R9-P5-cyclic-replay,input,S20,19,5.684341886080802e-14,K,1.0e-8,true
R9-P5-temperature,input,S_in20,19,0.0,K,1.0e-8,true
R9-P5-temperature,input,S_out20,19,0.0,K,1.0e-8,true
R9-P5-cyclic-replay,input,S20,20,5.684341886080802e-14,K,1.0e-8,true
R9-P5-temperature,input,S_in20,20,0.0,K,1.0e-8,true
R9-P5-temperature,input,S_out20,20,0.0,K,1.0e-8,true
R9-P5-cyclic-replay,input,S20,21,5.684341886080802e-14,K,1.0e-8,true
R9-P5-temperature,input,S_in20,21,0.0,K,1.0e-8,true
R9-P5-temperature,input,S_out20,21,0.0,K,1.0e-8,true
R9-P5-cyclic-replay,input,S20,22,5.684341886080802e-14,K,1.0e-8,true
R9-P5-temperature,input,S_in20,22,0.0,K,1.0e-8,true
R9-P5-temperature,input,S_out20,22,0.0,K,1.0e-8,true
R9-P5-cyclic-replay,input,S20,23,5.684341886080802e-14,K,1.0e-8,true
R9-P5-temperature,input,S_in20,23,0.0,K,1.0e-8,true
R9-P5-temperature,input,S_out20,23,0.0,K,1.0e-8,true
R9-P5-cyclic-replay,input,S20,24,5.684341886080802e-14,K,1.0e-8,true
R9-P5-temperature,input,S_in20,24,0.0,K,1.0e-8,true
R9-P5-temperature,input,S_out20,24,0.0,K,1.0e-8,true
R9-P5-cyclic-replay,input,R20,1,0.0,K,1.0e-8,true
R9-P5-temperature,input,R_in20,1,0.0,K,1.0e-8,true
R9-P5-temperature,input,R_out20,1,0.0,K,1.0e-8,true
R9-P5-cyclic-replay,input,R20,2,0.0,K,1.0e-8,true
R9-P5-temperature,input,R_in20,2,0.0,K,1.0e-8,true
R9-P5-temperature,input,R_out20,2,0.0,K,1.0e-8,true
R9-P5-cyclic-replay,input,R20,3,0.0,K,1.0e-8,true
R9-P5-temperature,input,R_in20,3,0.0,K,1.0e-8,true
R9-P5-temperature,input,R_out20,3,0.0,K,1.0e-8,true
R9-P5-cyclic-replay,input,R20,4,0.0,K,1.0e-8,true
R9-P5-temperature,input,R_in20,4,0.0,K,1.0e-8,true
R9-P5-temperature,input,R_out20,4,0.0,K,1.0e-8,true
R9-P5-cyclic-replay,input,R20,5,0.0,K,1.0e-8,true
R9-P5-temperature,input,R_in20,5,0.0,K,1.0e-8,true
R9-P5-temperature,input,R_out20,5,0.0,K,1.0e-8,true
R9-P5-cyclic-replay,input,R20,6,0.0,K,1.0e-8,true
R9-P5-temperature,input,R_in20,6,0.0,K,1.0e-8,true
R9-P5-temperature,input,R_out20,6,0.0,K,1.0e-8,true
R9-P5-cyclic-replay,input,R20,7,0.0,K,1.0e-8,true
R9-P5-temperature,input,R_in20,7,0.0,K,1.0e-8,true
R9-P5-temperature,input,R_out20,7,0.0,K,1.0e-8,true
R9-P5-cyclic-replay,input,R20,8,0.0,K,1.0e-8,true
R9-P5-temperature,input,R_in20,8,0.0,K,1.0e-8,true
R9-P5-temperature,input,R_out20,8,0.0,K,1.0e-8,true
R9-P5-cyclic-replay,input,R20,9,0.0,K,1.0e-8,true
R9-P5-temperature,input,R_in20,9,0.0,K,1.0e-8,true
R9-P5-temperature,input,R_out20,9,0.0,K,1.0e-8,true
R9-P5-cyclic-replay,input,R20,10,0.0,K,1.0e-8,true
R9-P5-temperature,input,R_in20,10,0.0,K,1.0e-8,true
R9-P5-temperature,input,R_out20,10,0.0,K,1.0e-8,true
R9-P5-cyclic-replay,input,R20,11,0.0,K,1.0e-8,true
R9-P5-temperature,input,R_in20,11,0.0,K,1.0e-8,true
R9-P5-temperature,input,R_out20,11,0.0,K,1.0e-8,true
R9-P5-cyclic-replay,input,R20,12,0.0,K,1.0e-8,true
R9-P5-temperature,input,R_in20,12,0.0,K,1.0e-8,true
R9-P5-temperature,input,R_out20,12,0.0,K,1.0e-8,true
R9-P5-cyclic-replay,input,R20,13,0.0,K,1.0e-8,true
R9-P5-temperature,input,R_in20,13,0.0,K,1.0e-8,true
R9-P5-temperature,input,R_out20,13,0.0,K,1.0e-8,true
R9-P5-cyclic-replay,input,R20,14,0.0,K,1.0e-8,true
R9-P5-temperature,input,R_in20,14,0.0,K,1.0e-8,true
R9-P5-temperature,input,R_out20,14,0.0,K,1.0e-8,true
R9-P5-cyclic-replay,input,R20,15,0.0,K,1.0e-8,true
R9-P5-temperature,input,R_in20,15,0.0,K,1.0e-8,true
R9-P5-temperature,input,R_out20,15,0.0,K,1.0e-8,true
R9-P5-cyclic-replay,input,R20,16,0.0,K,1.0e-8,true
R9-P5-temperature,input,R_in20,16,0.0,K,1.0e-8,true
R9-P5-temperature,input,R_out20,16,0.0,K,1.0e-8,true
R9-P5-cyclic-replay,input,R20,17,0.0,K,1.0e-8,true
R9-P5-temperature,input,R_in20,17,0.0,K,1.0e-8,true
R9-P5-temperature,input,R_out20,17,0.0,K,1.0e-8,true
R9-P5-cyclic-replay,input,R20,18,0.0,K,1.0e-8,true
R9-P5-temperature,input,R_in20,18,0.0,K,1.0e-8,true
R9-P5-temperature,input,R_out20,18,0.0,K,1.0e-8,true
R9-P5-cyclic-replay,input,R20,19,0.0,K,1.0e-8,true
R9-P5-temperature,input,R_in20,19,0.0,K,1.0e-8,true
R9-P5-temperature,input,R_out20,19,0.0,K,1.0e-8,true
R9-P5-cyclic-replay,input,R20,20,0.0,K,1.0e-8,true
R9-P5-temperature,input,R_in20,20,0.0,K,1.0e-8,true
R9-P5-temperature,input,R_out20,20,0.0,K,1.0e-8,true
R9-P5-cyclic-replay,input,R20,21,0.0,K,1.0e-8,true
R9-P5-temperature,input,R_in20,21,0.0,K,1.0e-8,true
R9-P5-temperature,input,R_out20,21,0.0,K,1.0e-8,true
R9-P5-cyclic-replay,input,R20,22,0.0,K,1.0e-8,true
R9-P5-temperature,input,R_in20,22,0.0,K,1.0e-8,true
R9-P5-temperature,input,R_out20,22,0.0,K,1.0e-8,true
R9-P5-cyclic-replay,input,R20,23,0.0,K,1.0e-8,true
R9-P5-temperature,input,R_in20,23,0.0,K,1.0e-8,true
R9-P5-temperature,input,R_out20,23,0.0,K,1.0e-8,true
R9-P5-cyclic-replay,input,R20,24,0.0,K,1.0e-8,true
R9-P5-temperature,input,R_in20,24,0.0,K,1.0e-8,true
R9-P5-temperature,input,R_out20,24,0.0,K,1.0e-8,true
R9-P5-cyclic-replay,input,S21,1,0.0,K,1.0e-8,true
R9-P5-temperature,input,S_in21,1,0.0,K,1.0e-8,true
R9-P5-temperature,input,S_out21,1,0.0,K,1.0e-8,true
R9-P5-cyclic-replay,input,S21,2,0.0,K,1.0e-8,true
R9-P5-temperature,input,S_in21,2,0.0,K,1.0e-8,true
R9-P5-temperature,input,S_out21,2,0.0,K,1.0e-8,true
R9-P5-cyclic-replay,input,S21,3,0.0,K,1.0e-8,true
R9-P5-temperature,input,S_in21,3,0.0,K,1.0e-8,true
R9-P5-temperature,input,S_out21,3,0.0,K,1.0e-8,true
R9-P5-cyclic-replay,input,S21,4,0.0,K,1.0e-8,true
R9-P5-temperature,input,S_in21,4,0.0,K,1.0e-8,true
R9-P5-temperature,input,S_out21,4,0.0,K,1.0e-8,true
R9-P5-cyclic-replay,input,S21,5,0.0,K,1.0e-8,true
R9-P5-temperature,input,S_in21,5,0.0,K,1.0e-8,true
R9-P5-temperature,input,S_out21,5,0.0,K,1.0e-8,true
R9-P5-cyclic-replay,input,S21,6,0.0,K,1.0e-8,true
R9-P5-temperature,input,S_in21,6,0.0,K,1.0e-8,true
R9-P5-temperature,input,S_out21,6,0.0,K,1.0e-8,true
R9-P5-cyclic-replay,input,S21,7,0.0,K,1.0e-8,true
R9-P5-temperature,input,S_in21,7,0.0,K,1.0e-8,true
R9-P5-temperature,input,S_out21,7,0.0,K,1.0e-8,true
R9-P5-cyclic-replay,input,S21,8,0.0,K,1.0e-8,true
R9-P5-temperature,input,S_in21,8,0.0,K,1.0e-8,true
R9-P5-temperature,input,S_out21,8,0.0,K,1.0e-8,true
R9-P5-cyclic-replay,input,S21,9,0.0,K,1.0e-8,true
R9-P5-temperature,input,S_in21,9,0.0,K,1.0e-8,true
R9-P5-temperature,input,S_out21,9,0.0,K,1.0e-8,true
R9-P5-cyclic-replay,input,S21,10,0.0,K,1.0e-8,true
R9-P5-temperature,input,S_in21,10,0.0,K,1.0e-8,true
R9-P5-temperature,input,S_out21,10,0.0,K,1.0e-8,true
R9-P5-cyclic-replay,input,S21,11,0.0,K,1.0e-8,true
R9-P5-temperature,input,S_in21,11,0.0,K,1.0e-8,true
R9-P5-temperature,input,S_out21,11,0.0,K,1.0e-8,true
R9-P5-cyclic-replay,input,S21,12,0.0,K,1.0e-8,true
R9-P5-temperature,input,S_in21,12,0.0,K,1.0e-8,true
R9-P5-temperature,input,S_out21,12,0.0,K,1.0e-8,true
R9-P5-cyclic-replay,input,S21,13,0.0,K,1.0e-8,true
R9-P5-temperature,input,S_in21,13,0.0,K,1.0e-8,true
R9-P5-temperature,input,S_out21,13,0.0,K,1.0e-8,true
R9-P5-cyclic-replay,input,S21,14,0.0,K,1.0e-8,true
R9-P5-temperature,input,S_in21,14,0.0,K,1.0e-8,true
R9-P5-temperature,input,S_out21,14,0.0,K,1.0e-8,true
R9-P5-cyclic-replay,input,S21,15,0.0,K,1.0e-8,true
R9-P5-temperature,input,S_in21,15,0.0,K,1.0e-8,true
R9-P5-temperature,input,S_out21,15,0.0,K,1.0e-8,true
R9-P5-cyclic-replay,input,S21,16,0.0,K,1.0e-8,true
R9-P5-temperature,input,S_in21,16,0.0,K,1.0e-8,true
R9-P5-temperature,input,S_out21,16,0.0,K,1.0e-8,true
R9-P5-cyclic-replay,input,S21,17,0.0,K,1.0e-8,true
R9-P5-temperature,input,S_in21,17,0.0,K,1.0e-8,true
R9-P5-temperature,input,S_out21,17,0.0,K,1.0e-8,true
R9-P5-cyclic-replay,input,S21,18,0.0,K,1.0e-8,true
R9-P5-temperature,input,S_in21,18,0.0,K,1.0e-8,true
R9-P5-temperature,input,S_out21,18,0.0,K,1.0e-8,true
R9-P5-cyclic-replay,input,S21,19,0.0,K,1.0e-8,true
R9-P5-temperature,input,S_in21,19,0.0,K,1.0e-8,true
R9-P5-temperature,input,S_out21,19,0.0,K,1.0e-8,true
R9-P5-cyclic-replay,input,S21,20,0.0,K,1.0e-8,true
R9-P5-temperature,input,S_in21,20,0.0,K,1.0e-8,true
R9-P5-temperature,input,S_out21,20,0.0,K,1.0e-8,true
R9-P5-cyclic-replay,input,S21,21,0.0,K,1.0e-8,true
R9-P5-temperature,input,S_in21,21,0.0,K,1.0e-8,true
R9-P5-temperature,input,S_out21,21,0.0,K,1.0e-8,true
R9-P5-cyclic-replay,input,S21,22,0.0,K,1.0e-8,true
R9-P5-temperature,input,S_in21,22,0.0,K,1.0e-8,true
R9-P5-temperature,input,S_out21,22,0.0,K,1.0e-8,true
R9-P5-cyclic-replay,input,S21,23,0.0,K,1.0e-8,true
R9-P5-temperature,input,S_in21,23,0.0,K,1.0e-8,true
R9-P5-temperature,input,S_out21,23,0.0,K,1.0e-8,true
R9-P5-cyclic-replay,input,S21,24,0.0,K,1.0e-8,true
R9-P5-temperature,input,S_in21,24,0.0,K,1.0e-8,true
R9-P5-temperature,input,S_out21,24,0.0,K,1.0e-8,true
R9-P5-cyclic-replay,input,R21,1,0.0,K,1.0e-8,true
R9-P5-temperature,input,R_in21,1,0.0,K,1.0e-8,true
R9-P5-temperature,input,R_out21,1,0.0,K,1.0e-8,true
R9-P5-cyclic-replay,input,R21,2,5.684341886080802e-14,K,1.0e-8,true
R9-P5-temperature,input,R_in21,2,0.0,K,1.0e-8,true
R9-P5-temperature,input,R_out21,2,0.0,K,1.0e-8,true
R9-P5-cyclic-replay,input,R21,3,5.684341886080802e-14,K,1.0e-8,true
R9-P5-temperature,input,R_in21,3,0.0,K,1.0e-8,true
R9-P5-temperature,input,R_out21,3,0.0,K,1.0e-8,true
R9-P5-cyclic-replay,input,R21,4,5.684341886080802e-14,K,1.0e-8,true
R9-P5-temperature,input,R_in21,4,0.0,K,1.0e-8,true
R9-P5-temperature,input,R_out21,4,0.0,K,1.0e-8,true
R9-P5-cyclic-replay,input,R21,5,5.684341886080802e-14,K,1.0e-8,true
R9-P5-temperature,input,R_in21,5,0.0,K,1.0e-8,true
R9-P5-temperature,input,R_out21,5,0.0,K,1.0e-8,true
R9-P5-cyclic-replay,input,R21,6,5.684341886080802e-14,K,1.0e-8,true
R9-P5-temperature,input,R_in21,6,0.0,K,1.0e-8,true
R9-P5-temperature,input,R_out21,6,0.0,K,1.0e-8,true
R9-P5-cyclic-replay,input,R21,7,5.684341886080802e-14,K,1.0e-8,true
R9-P5-temperature,input,R_in21,7,0.0,K,1.0e-8,true
R9-P5-temperature,input,R_out21,7,0.0,K,1.0e-8,true
R9-P5-cyclic-replay,input,R21,8,5.684341886080802e-14,K,1.0e-8,true
R9-P5-temperature,input,R_in21,8,0.0,K,1.0e-8,true
R9-P5-temperature,input,R_out21,8,0.0,K,1.0e-8,true
R9-P5-cyclic-replay,input,R21,9,0.0,K,1.0e-8,true
R9-P5-temperature,input,R_in21,9,0.0,K,1.0e-8,true
R9-P5-temperature,input,R_out21,9,0.0,K,1.0e-8,true
R9-P5-cyclic-replay,input,R21,10,0.0,K,1.0e-8,true
R9-P5-temperature,input,R_in21,10,0.0,K,1.0e-8,true
R9-P5-temperature,input,R_out21,10,0.0,K,1.0e-8,true
R9-P5-cyclic-replay,input,R21,11,0.0,K,1.0e-8,true
R9-P5-temperature,input,R_in21,11,0.0,K,1.0e-8,true
R9-P5-temperature,input,R_out21,11,0.0,K,1.0e-8,true
R9-P5-cyclic-replay,input,R21,12,0.0,K,1.0e-8,true
R9-P5-temperature,input,R_in21,12,0.0,K,1.0e-8,true
R9-P5-temperature,input,R_out21,12,0.0,K,1.0e-8,true
R9-P5-cyclic-replay,input,R21,13,5.684341886080802e-14,K,1.0e-8,true
R9-P5-temperature,input,R_in21,13,0.0,K,1.0e-8,true
R9-P5-temperature,input,R_out21,13,0.0,K,1.0e-8,true
R9-P5-cyclic-replay,input,R21,14,5.684341886080802e-14,K,1.0e-8,true
R9-P5-temperature,input,R_in21,14,0.0,K,1.0e-8,true
R9-P5-temperature,input,R_out21,14,0.0,K,1.0e-8,true
R9-P5-cyclic-replay,input,R21,15,5.684341886080802e-14,K,1.0e-8,true
R9-P5-temperature,input,R_in21,15,0.0,K,1.0e-8,true
R9-P5-temperature,input,R_out21,15,0.0,K,1.0e-8,true
R9-P5-cyclic-replay,input,R21,16,0.0,K,1.0e-8,true
R9-P5-temperature,input,R_in21,16,0.0,K,1.0e-8,true
R9-P5-temperature,input,R_out21,16,0.0,K,1.0e-8,true
R9-P5-cyclic-replay,input,R21,17,0.0,K,1.0e-8,true
R9-P5-temperature,input,R_in21,17,0.0,K,1.0e-8,true
R9-P5-temperature,input,R_out21,17,0.0,K,1.0e-8,true
R9-P5-cyclic-replay,input,R21,18,1.1368683772161603e-13,K,1.0e-8,true
R9-P5-temperature,input,R_in21,18,0.0,K,1.0e-8,true
R9-P5-temperature,input,R_out21,18,0.0,K,1.0e-8,true
R9-P5-cyclic-replay,input,R21,19,5.684341886080802e-14,K,1.0e-8,true
R9-P5-temperature,input,R_in21,19,0.0,K,1.0e-8,true
R9-P5-temperature,input,R_out21,19,0.0,K,1.0e-8,true
R9-P5-cyclic-replay,input,R21,20,0.0,K,1.0e-8,true
R9-P5-temperature,input,R_in21,20,0.0,K,1.0e-8,true
R9-P5-temperature,input,R_out21,20,0.0,K,1.0e-8,true
R9-P5-cyclic-replay,input,R21,21,5.684341886080802e-14,K,1.0e-8,true
R9-P5-temperature,input,R_in21,21,0.0,K,1.0e-8,true
R9-P5-temperature,input,R_out21,21,0.0,K,1.0e-8,true
R9-P5-cyclic-replay,input,R21,22,5.684341886080802e-14,K,1.0e-8,true
R9-P5-temperature,input,R_in21,22,0.0,K,1.0e-8,true
R9-P5-temperature,input,R_out21,22,0.0,K,1.0e-8,true
R9-P5-cyclic-replay,input,R21,23,5.684341886080802e-14,K,1.0e-8,true
R9-P5-temperature,input,R_in21,23,0.0,K,1.0e-8,true
R9-P5-temperature,input,R_out21,23,0.0,K,1.0e-8,true
R9-P5-cyclic-replay,input,R21,24,5.684341886080802e-14,K,1.0e-8,true
R9-P5-temperature,input,R_in21,24,0.0,K,1.0e-8,true
R9-P5-temperature,input,R_out21,24,0.0,K,1.0e-8,true
R9-P5-cyclic-replay,input,S22,1,0.0,K,1.0e-8,true
R9-P5-temperature,input,S_in22,1,0.0,K,1.0e-8,true
R9-P5-temperature,input,S_out22,1,0.0,K,1.0e-8,true
R9-P5-cyclic-replay,input,S22,2,0.0,K,1.0e-8,true
R9-P5-temperature,input,S_in22,2,0.0,K,1.0e-8,true
R9-P5-temperature,input,S_out22,2,0.0,K,1.0e-8,true
R9-P5-cyclic-replay,input,S22,3,0.0,K,1.0e-8,true
R9-P5-temperature,input,S_in22,3,0.0,K,1.0e-8,true
R9-P5-temperature,input,S_out22,3,0.0,K,1.0e-8,true
R9-P5-cyclic-replay,input,S22,4,0.0,K,1.0e-8,true
R9-P5-temperature,input,S_in22,4,0.0,K,1.0e-8,true
R9-P5-temperature,input,S_out22,4,0.0,K,1.0e-8,true
R9-P5-cyclic-replay,input,S22,5,0.0,K,1.0e-8,true
R9-P5-temperature,input,S_in22,5,0.0,K,1.0e-8,true
R9-P5-temperature,input,S_out22,5,0.0,K,1.0e-8,true
R9-P5-cyclic-replay,input,S22,6,0.0,K,1.0e-8,true
R9-P5-temperature,input,S_in22,6,0.0,K,1.0e-8,true
R9-P5-temperature,input,S_out22,6,0.0,K,1.0e-8,true
R9-P5-cyclic-replay,input,S22,7,0.0,K,1.0e-8,true
R9-P5-temperature,input,S_in22,7,0.0,K,1.0e-8,true
R9-P5-temperature,input,S_out22,7,0.0,K,1.0e-8,true
R9-P5-cyclic-replay,input,S22,8,0.0,K,1.0e-8,true
R9-P5-temperature,input,S_in22,8,0.0,K,1.0e-8,true
R9-P5-temperature,input,S_out22,8,0.0,K,1.0e-8,true
R9-P5-cyclic-replay,input,S22,9,0.0,K,1.0e-8,true
R9-P5-temperature,input,S_in22,9,0.0,K,1.0e-8,true
R9-P5-temperature,input,S_out22,9,0.0,K,1.0e-8,true
R9-P5-cyclic-replay,input,S22,10,0.0,K,1.0e-8,true
R9-P5-temperature,input,S_in22,10,0.0,K,1.0e-8,true
R9-P5-temperature,input,S_out22,10,0.0,K,1.0e-8,true
R9-P5-cyclic-replay,input,S22,11,0.0,K,1.0e-8,true
R9-P5-temperature,input,S_in22,11,0.0,K,1.0e-8,true
R9-P5-temperature,input,S_out22,11,0.0,K,1.0e-8,true
R9-P5-cyclic-replay,input,S22,12,0.0,K,1.0e-8,true
R9-P5-temperature,input,S_in22,12,0.0,K,1.0e-8,true
R9-P5-temperature,input,S_out22,12,0.0,K,1.0e-8,true
R9-P5-cyclic-replay,input,S22,13,0.0,K,1.0e-8,true
R9-P5-temperature,input,S_in22,13,0.0,K,1.0e-8,true
R9-P5-temperature,input,S_out22,13,0.0,K,1.0e-8,true
R9-P5-cyclic-replay,input,S22,14,0.0,K,1.0e-8,true
R9-P5-temperature,input,S_in22,14,0.0,K,1.0e-8,true
R9-P5-temperature,input,S_out22,14,0.0,K,1.0e-8,true
R9-P5-cyclic-replay,input,S22,15,0.0,K,1.0e-8,true
R9-P5-temperature,input,S_in22,15,0.0,K,1.0e-8,true
R9-P5-temperature,input,S_out22,15,0.0,K,1.0e-8,true
R9-P5-cyclic-replay,input,S22,16,0.0,K,1.0e-8,true
R9-P5-temperature,input,S_in22,16,0.0,K,1.0e-8,true
R9-P5-temperature,input,S_out22,16,0.0,K,1.0e-8,true
R9-P5-cyclic-replay,input,S22,17,0.0,K,1.0e-8,true
R9-P5-temperature,input,S_in22,17,0.0,K,1.0e-8,true
R9-P5-temperature,input,S_out22,17,0.0,K,1.0e-8,true
R9-P5-cyclic-replay,input,S22,18,0.0,K,1.0e-8,true
R9-P5-temperature,input,S_in22,18,0.0,K,1.0e-8,true
R9-P5-temperature,input,S_out22,18,0.0,K,1.0e-8,true
R9-P5-cyclic-replay,input,S22,19,0.0,K,1.0e-8,true
R9-P5-temperature,input,S_in22,19,0.0,K,1.0e-8,true
R9-P5-temperature,input,S_out22,19,0.0,K,1.0e-8,true
R9-P5-cyclic-replay,input,S22,20,0.0,K,1.0e-8,true
R9-P5-temperature,input,S_in22,20,0.0,K,1.0e-8,true
R9-P5-temperature,input,S_out22,20,0.0,K,1.0e-8,true
R9-P5-cyclic-replay,input,S22,21,0.0,K,1.0e-8,true
R9-P5-temperature,input,S_in22,21,0.0,K,1.0e-8,true
R9-P5-temperature,input,S_out22,21,0.0,K,1.0e-8,true
R9-P5-cyclic-replay,input,S22,22,0.0,K,1.0e-8,true
R9-P5-temperature,input,S_in22,22,0.0,K,1.0e-8,true
R9-P5-temperature,input,S_out22,22,0.0,K,1.0e-8,true
R9-P5-cyclic-replay,input,S22,23,0.0,K,1.0e-8,true
R9-P5-temperature,input,S_in22,23,0.0,K,1.0e-8,true
R9-P5-temperature,input,S_out22,23,0.0,K,1.0e-8,true
R9-P5-cyclic-replay,input,S22,24,0.0,K,1.0e-8,true
R9-P5-temperature,input,S_in22,24,0.0,K,1.0e-8,true
R9-P5-temperature,input,S_out22,24,0.0,K,1.0e-8,true
R9-P5-cyclic-replay,input,R22,1,0.0,K,1.0e-8,true
R9-P5-temperature,input,R_in22,1,0.0,K,1.0e-8,true
R9-P5-temperature,input,R_out22,1,0.0,K,1.0e-8,true
R9-P5-cyclic-replay,input,R22,2,0.0,K,1.0e-8,true
R9-P5-temperature,input,R_in22,2,0.0,K,1.0e-8,true
R9-P5-temperature,input,R_out22,2,0.0,K,1.0e-8,true
R9-P5-cyclic-replay,input,R22,3,5.684341886080802e-14,K,1.0e-8,true
R9-P5-temperature,input,R_in22,3,0.0,K,1.0e-8,true
R9-P5-temperature,input,R_out22,3,0.0,K,1.0e-8,true
R9-P5-cyclic-replay,input,R22,4,0.0,K,1.0e-8,true
R9-P5-temperature,input,R_in22,4,0.0,K,1.0e-8,true
R9-P5-temperature,input,R_out22,4,0.0,K,1.0e-8,true
R9-P5-cyclic-replay,input,R22,5,0.0,K,1.0e-8,true
R9-P5-temperature,input,R_in22,5,0.0,K,1.0e-8,true
R9-P5-temperature,input,R_out22,5,0.0,K,1.0e-8,true
R9-P5-cyclic-replay,input,R22,6,5.684341886080802e-14,K,1.0e-8,true
R9-P5-temperature,input,R_in22,6,0.0,K,1.0e-8,true
R9-P5-temperature,input,R_out22,6,0.0,K,1.0e-8,true
R9-P5-cyclic-replay,input,R22,7,5.684341886080802e-14,K,1.0e-8,true
R9-P5-temperature,input,R_in22,7,0.0,K,1.0e-8,true
R9-P5-temperature,input,R_out22,7,0.0,K,1.0e-8,true
R9-P5-cyclic-replay,input,R22,8,5.684341886080802e-14,K,1.0e-8,true
R9-P5-temperature,input,R_in22,8,0.0,K,1.0e-8,true
R9-P5-temperature,input,R_out22,8,0.0,K,1.0e-8,true
R9-P5-cyclic-replay,input,R22,9,5.684341886080802e-14,K,1.0e-8,true
R9-P5-temperature,input,R_in22,9,0.0,K,1.0e-8,true
R9-P5-temperature,input,R_out22,9,0.0,K,1.0e-8,true
R9-P5-cyclic-replay,input,R22,10,5.684341886080802e-14,K,1.0e-8,true
R9-P5-temperature,input,R_in22,10,0.0,K,1.0e-8,true
R9-P5-temperature,input,R_out22,10,0.0,K,1.0e-8,true
R9-P5-cyclic-replay,input,R22,11,0.0,K,1.0e-8,true
R9-P5-temperature,input,R_in22,11,0.0,K,1.0e-8,true
R9-P5-temperature,input,R_out22,11,0.0,K,1.0e-8,true
R9-P5-cyclic-replay,input,R22,12,5.684341886080802e-14,K,1.0e-8,true
R9-P5-temperature,input,R_in22,12,0.0,K,1.0e-8,true
R9-P5-temperature,input,R_out22,12,0.0,K,1.0e-8,true
R9-P5-cyclic-replay,input,R22,13,5.684341886080802e-14,K,1.0e-8,true
R9-P5-temperature,input,R_in22,13,0.0,K,1.0e-8,true
R9-P5-temperature,input,R_out22,13,0.0,K,1.0e-8,true
R9-P5-cyclic-replay,input,R22,14,0.0,K,1.0e-8,true
R9-P5-temperature,input,R_in22,14,0.0,K,1.0e-8,true
R9-P5-temperature,input,R_out22,14,0.0,K,1.0e-8,true
R9-P5-cyclic-replay,input,R22,15,5.684341886080802e-14,K,1.0e-8,true
R9-P5-temperature,input,R_in22,15,0.0,K,1.0e-8,true
R9-P5-temperature,input,R_out22,15,0.0,K,1.0e-8,true
R9-P5-cyclic-replay,input,R22,16,0.0,K,1.0e-8,true
R9-P5-temperature,input,R_in22,16,0.0,K,1.0e-8,true
R9-P5-temperature,input,R_out22,16,0.0,K,1.0e-8,true
R9-P5-cyclic-replay,input,R22,17,5.684341886080802e-14,K,1.0e-8,true
R9-P5-temperature,input,R_in22,17,0.0,K,1.0e-8,true
R9-P5-temperature,input,R_out22,17,0.0,K,1.0e-8,true
R9-P5-cyclic-replay,input,R22,18,5.684341886080802e-14,K,1.0e-8,true
R9-P5-temperature,input,R_in22,18,0.0,K,1.0e-8,true
R9-P5-temperature,input,R_out22,18,0.0,K,1.0e-8,true
R9-P5-cyclic-replay,input,R22,19,0.0,K,1.0e-8,true
R9-P5-temperature,input,R_in22,19,0.0,K,1.0e-8,true
R9-P5-temperature,input,R_out22,19,0.0,K,1.0e-8,true
R9-P5-cyclic-replay,input,R22,20,5.684341886080802e-14,K,1.0e-8,true
R9-P5-temperature,input,R_in22,20,0.0,K,1.0e-8,true
R9-P5-temperature,input,R_out22,20,0.0,K,1.0e-8,true
R9-P5-cyclic-replay,input,R22,21,0.0,K,1.0e-8,true
R9-P5-temperature,input,R_in22,21,0.0,K,1.0e-8,true
R9-P5-temperature,input,R_out22,21,0.0,K,1.0e-8,true
R9-P5-cyclic-replay,input,R22,22,5.684341886080802e-14,K,1.0e-8,true
R9-P5-temperature,input,R_in22,22,0.0,K,1.0e-8,true
R9-P5-temperature,input,R_out22,22,0.0,K,1.0e-8,true
R9-P5-cyclic-replay,input,R22,23,0.0,K,1.0e-8,true
R9-P5-temperature,input,R_in22,23,0.0,K,1.0e-8,true
R9-P5-temperature,input,R_out22,23,0.0,K,1.0e-8,true
R9-P5-cyclic-replay,input,R22,24,5.684341886080802e-14,K,1.0e-8,true
R9-P5-temperature,input,R_in22,24,0.0,K,1.0e-8,true
R9-P5-temperature,input,R_out22,24,0.0,K,1.0e-8,true
R9-P5-cyclic-replay,input,S23,1,0.0,K,1.0e-8,true
R9-P5-temperature,input,S_in23,1,0.0,K,1.0e-8,true
R9-P5-temperature,input,S_out23,1,0.0,K,1.0e-8,true
R9-P5-cyclic-replay,input,S23,2,0.0,K,1.0e-8,true
R9-P5-temperature,input,S_in23,2,0.0,K,1.0e-8,true
R9-P5-temperature,input,S_out23,2,0.0,K,1.0e-8,true
R9-P5-cyclic-replay,input,S23,3,0.0,K,1.0e-8,true
R9-P5-temperature,input,S_in23,3,0.0,K,1.0e-8,true
R9-P5-temperature,input,S_out23,3,0.0,K,1.0e-8,true
R9-P5-cyclic-replay,input,S23,4,0.0,K,1.0e-8,true
R9-P5-temperature,input,S_in23,4,0.0,K,1.0e-8,true
R9-P5-temperature,input,S_out23,4,0.0,K,1.0e-8,true
R9-P5-cyclic-replay,input,S23,5,0.0,K,1.0e-8,true
R9-P5-temperature,input,S_in23,5,0.0,K,1.0e-8,true
R9-P5-temperature,input,S_out23,5,0.0,K,1.0e-8,true
R9-P5-cyclic-replay,input,S23,6,0.0,K,1.0e-8,true
R9-P5-temperature,input,S_in23,6,0.0,K,1.0e-8,true
R9-P5-temperature,input,S_out23,6,0.0,K,1.0e-8,true
R9-P5-cyclic-replay,input,S23,7,0.0,K,1.0e-8,true
R9-P5-temperature,input,S_in23,7,0.0,K,1.0e-8,true
R9-P5-temperature,input,S_out23,7,0.0,K,1.0e-8,true
R9-P5-cyclic-replay,input,S23,8,0.0,K,1.0e-8,true
R9-P5-temperature,input,S_in23,8,0.0,K,1.0e-8,true
R9-P5-temperature,input,S_out23,8,0.0,K,1.0e-8,true
R9-P5-cyclic-replay,input,S23,9,0.0,K,1.0e-8,true
R9-P5-temperature,input,S_in23,9,0.0,K,1.0e-8,true
R9-P5-temperature,input,S_out23,9,0.0,K,1.0e-8,true
R9-P5-cyclic-replay,input,S23,10,0.0,K,1.0e-8,true
R9-P5-temperature,input,S_in23,10,0.0,K,1.0e-8,true
R9-P5-temperature,input,S_out23,10,0.0,K,1.0e-8,true
R9-P5-cyclic-replay,input,S23,11,0.0,K,1.0e-8,true
R9-P5-temperature,input,S_in23,11,0.0,K,1.0e-8,true
R9-P5-temperature,input,S_out23,11,0.0,K,1.0e-8,true
R9-P5-cyclic-replay,input,S23,12,0.0,K,1.0e-8,true
R9-P5-temperature,input,S_in23,12,0.0,K,1.0e-8,true
R9-P5-temperature,input,S_out23,12,0.0,K,1.0e-8,true
R9-P5-cyclic-replay,input,S23,13,0.0,K,1.0e-8,true
R9-P5-temperature,input,S_in23,13,0.0,K,1.0e-8,true
R9-P5-temperature,input,S_out23,13,0.0,K,1.0e-8,true
R9-P5-cyclic-replay,input,S23,14,0.0,K,1.0e-8,true
R9-P5-temperature,input,S_in23,14,0.0,K,1.0e-8,true
R9-P5-temperature,input,S_out23,14,0.0,K,1.0e-8,true
R9-P5-cyclic-replay,input,S23,15,0.0,K,1.0e-8,true
R9-P5-temperature,input,S_in23,15,0.0,K,1.0e-8,true
R9-P5-temperature,input,S_out23,15,0.0,K,1.0e-8,true
R9-P5-cyclic-replay,input,S23,16,0.0,K,1.0e-8,true
R9-P5-temperature,input,S_in23,16,0.0,K,1.0e-8,true
R9-P5-temperature,input,S_out23,16,0.0,K,1.0e-8,true
R9-P5-cyclic-replay,input,S23,17,0.0,K,1.0e-8,true
R9-P5-temperature,input,S_in23,17,0.0,K,1.0e-8,true
R9-P5-temperature,input,S_out23,17,0.0,K,1.0e-8,true
R9-P5-cyclic-replay,input,S23,18,0.0,K,1.0e-8,true
R9-P5-temperature,input,S_in23,18,0.0,K,1.0e-8,true
R9-P5-temperature,input,S_out23,18,0.0,K,1.0e-8,true
R9-P5-cyclic-replay,input,S23,19,0.0,K,1.0e-8,true
R9-P5-temperature,input,S_in23,19,0.0,K,1.0e-8,true
R9-P5-temperature,input,S_out23,19,0.0,K,1.0e-8,true
R9-P5-cyclic-replay,input,S23,20,0.0,K,1.0e-8,true
R9-P5-temperature,input,S_in23,20,0.0,K,1.0e-8,true
R9-P5-temperature,input,S_out23,20,0.0,K,1.0e-8,true
R9-P5-cyclic-replay,input,S23,21,0.0,K,1.0e-8,true
R9-P5-temperature,input,S_in23,21,0.0,K,1.0e-8,true
R9-P5-temperature,input,S_out23,21,0.0,K,1.0e-8,true
R9-P5-cyclic-replay,input,S23,22,0.0,K,1.0e-8,true
R9-P5-temperature,input,S_in23,22,0.0,K,1.0e-8,true
R9-P5-temperature,input,S_out23,22,0.0,K,1.0e-8,true
R9-P5-cyclic-replay,input,S23,23,0.0,K,1.0e-8,true
R9-P5-temperature,input,S_in23,23,0.0,K,1.0e-8,true
R9-P5-temperature,input,S_out23,23,0.0,K,1.0e-8,true
R9-P5-cyclic-replay,input,S23,24,0.0,K,1.0e-8,true
R9-P5-temperature,input,S_in23,24,0.0,K,1.0e-8,true
R9-P5-temperature,input,S_out23,24,0.0,K,1.0e-8,true
R9-P5-cyclic-replay,input,R23,1,0.0,K,1.0e-8,true
R9-P5-temperature,input,R_in23,1,0.0,K,1.0e-8,true
R9-P5-temperature,input,R_out23,1,0.0,K,1.0e-8,true
R9-P5-cyclic-replay,input,R23,2,0.0,K,1.0e-8,true
R9-P5-temperature,input,R_in23,2,0.0,K,1.0e-8,true
R9-P5-temperature,input,R_out23,2,0.0,K,1.0e-8,true
R9-P5-cyclic-replay,input,R23,3,0.0,K,1.0e-8,true
R9-P5-temperature,input,R_in23,3,0.0,K,1.0e-8,true
R9-P5-temperature,input,R_out23,3,0.0,K,1.0e-8,true
R9-P5-cyclic-replay,input,R23,4,0.0,K,1.0e-8,true
R9-P5-temperature,input,R_in23,4,0.0,K,1.0e-8,true
R9-P5-temperature,input,R_out23,4,0.0,K,1.0e-8,true
R9-P5-cyclic-replay,input,R23,5,0.0,K,1.0e-8,true
R9-P5-temperature,input,R_in23,5,0.0,K,1.0e-8,true
R9-P5-temperature,input,R_out23,5,0.0,K,1.0e-8,true
R9-P5-cyclic-replay,input,R23,6,0.0,K,1.0e-8,true
R9-P5-temperature,input,R_in23,6,0.0,K,1.0e-8,true
R9-P5-temperature,input,R_out23,6,0.0,K,1.0e-8,true
R9-P5-cyclic-replay,input,R23,7,0.0,K,1.0e-8,true
R9-P5-temperature,input,R_in23,7,0.0,K,1.0e-8,true
R9-P5-temperature,input,R_out23,7,0.0,K,1.0e-8,true
R9-P5-cyclic-replay,input,R23,8,0.0,K,1.0e-8,true
R9-P5-temperature,input,R_in23,8,0.0,K,1.0e-8,true
R9-P5-temperature,input,R_out23,8,0.0,K,1.0e-8,true
R9-P5-cyclic-replay,input,R23,9,0.0,K,1.0e-8,true
R9-P5-temperature,input,R_in23,9,0.0,K,1.0e-8,true
R9-P5-temperature,input,R_out23,9,0.0,K,1.0e-8,true
R9-P5-cyclic-replay,input,R23,10,0.0,K,1.0e-8,true
R9-P5-temperature,input,R_in23,10,0.0,K,1.0e-8,true
R9-P5-temperature,input,R_out23,10,0.0,K,1.0e-8,true
R9-P5-cyclic-replay,input,R23,11,0.0,K,1.0e-8,true
R9-P5-temperature,input,R_in23,11,0.0,K,1.0e-8,true
R9-P5-temperature,input,R_out23,11,0.0,K,1.0e-8,true
R9-P5-cyclic-replay,input,R23,12,0.0,K,1.0e-8,true
R9-P5-temperature,input,R_in23,12,0.0,K,1.0e-8,true
R9-P5-temperature,input,R_out23,12,0.0,K,1.0e-8,true
R9-P5-cyclic-replay,input,R23,13,0.0,K,1.0e-8,true
R9-P5-temperature,input,R_in23,13,0.0,K,1.0e-8,true
R9-P5-temperature,input,R_out23,13,0.0,K,1.0e-8,true
R9-P5-cyclic-replay,input,R23,14,0.0,K,1.0e-8,true
R9-P5-temperature,input,R_in23,14,0.0,K,1.0e-8,true
R9-P5-temperature,input,R_out23,14,0.0,K,1.0e-8,true
R9-P5-cyclic-replay,input,R23,15,0.0,K,1.0e-8,true
R9-P5-temperature,input,R_in23,15,0.0,K,1.0e-8,true
R9-P5-temperature,input,R_out23,15,0.0,K,1.0e-8,true
R9-P5-cyclic-replay,input,R23,16,0.0,K,1.0e-8,true
R9-P5-temperature,input,R_in23,16,0.0,K,1.0e-8,true
R9-P5-temperature,input,R_out23,16,0.0,K,1.0e-8,true
R9-P5-cyclic-replay,input,R23,17,0.0,K,1.0e-8,true
R9-P5-temperature,input,R_in23,17,0.0,K,1.0e-8,true
R9-P5-temperature,input,R_out23,17,0.0,K,1.0e-8,true
R9-P5-cyclic-replay,input,R23,18,0.0,K,1.0e-8,true
R9-P5-temperature,input,R_in23,18,0.0,K,1.0e-8,true
R9-P5-temperature,input,R_out23,18,0.0,K,1.0e-8,true
R9-P5-cyclic-replay,input,R23,19,0.0,K,1.0e-8,true
R9-P5-temperature,input,R_in23,19,0.0,K,1.0e-8,true
R9-P5-temperature,input,R_out23,19,0.0,K,1.0e-8,true
R9-P5-cyclic-replay,input,R23,20,0.0,K,1.0e-8,true
R9-P5-temperature,input,R_in23,20,0.0,K,1.0e-8,true
R9-P5-temperature,input,R_out23,20,0.0,K,1.0e-8,true
R9-P5-cyclic-replay,input,R23,21,0.0,K,1.0e-8,true
R9-P5-temperature,input,R_in23,21,0.0,K,1.0e-8,true
R9-P5-temperature,input,R_out23,21,0.0,K,1.0e-8,true
R9-P5-cyclic-replay,input,R23,22,0.0,K,1.0e-8,true
R9-P5-temperature,input,R_in23,22,0.0,K,1.0e-8,true
R9-P5-temperature,input,R_out23,22,0.0,K,1.0e-8,true
R9-P5-cyclic-replay,input,R23,23,0.0,K,1.0e-8,true
R9-P5-temperature,input,R_in23,23,0.0,K,1.0e-8,true
R9-P5-temperature,input,R_out23,23,0.0,K,1.0e-8,true
R9-P5-cyclic-replay,input,R23,24,0.0,K,1.0e-8,true
R9-P5-temperature,input,R_in23,24,0.0,K,1.0e-8,true
R9-P5-temperature,input,R_out23,24,0.0,K,1.0e-8,true
R9-P5-cyclic-replay,input,S24,1,0.0,K,1.0e-8,true
R9-P5-temperature,input,S_in24,1,0.0,K,1.0e-8,true
R9-P5-temperature,input,S_out24,1,0.0,K,1.0e-8,true
R9-P5-cyclic-replay,input,S24,2,0.0,K,1.0e-8,true
R9-P5-temperature,input,S_in24,2,0.0,K,1.0e-8,true
R9-P5-temperature,input,S_out24,2,0.0,K,1.0e-8,true
R9-P5-cyclic-replay,input,S24,3,0.0,K,1.0e-8,true
R9-P5-temperature,input,S_in24,3,0.0,K,1.0e-8,true
R9-P5-temperature,input,S_out24,3,0.0,K,1.0e-8,true
R9-P5-cyclic-replay,input,S24,4,0.0,K,1.0e-8,true
R9-P5-temperature,input,S_in24,4,0.0,K,1.0e-8,true
R9-P5-temperature,input,S_out24,4,0.0,K,1.0e-8,true
R9-P5-cyclic-replay,input,S24,5,0.0,K,1.0e-8,true
R9-P5-temperature,input,S_in24,5,0.0,K,1.0e-8,true
R9-P5-temperature,input,S_out24,5,0.0,K,1.0e-8,true
R9-P5-cyclic-replay,input,S24,6,0.0,K,1.0e-8,true
R9-P5-temperature,input,S_in24,6,0.0,K,1.0e-8,true
R9-P5-temperature,input,S_out24,6,0.0,K,1.0e-8,true
R9-P5-cyclic-replay,input,S24,7,0.0,K,1.0e-8,true
R9-P5-temperature,input,S_in24,7,0.0,K,1.0e-8,true
R9-P5-temperature,input,S_out24,7,0.0,K,1.0e-8,true
R9-P5-cyclic-replay,input,S24,8,0.0,K,1.0e-8,true
R9-P5-temperature,input,S_in24,8,0.0,K,1.0e-8,true
R9-P5-temperature,input,S_out24,8,0.0,K,1.0e-8,true
R9-P5-cyclic-replay,input,S24,9,0.0,K,1.0e-8,true
R9-P5-temperature,input,S_in24,9,0.0,K,1.0e-8,true
R9-P5-temperature,input,S_out24,9,0.0,K,1.0e-8,true
R9-P5-cyclic-replay,input,S24,10,0.0,K,1.0e-8,true
R9-P5-temperature,input,S_in24,10,0.0,K,1.0e-8,true
R9-P5-temperature,input,S_out24,10,0.0,K,1.0e-8,true
R9-P5-cyclic-replay,input,S24,11,0.0,K,1.0e-8,true
R9-P5-temperature,input,S_in24,11,0.0,K,1.0e-8,true
R9-P5-temperature,input,S_out24,11,0.0,K,1.0e-8,true
R9-P5-cyclic-replay,input,S24,12,0.0,K,1.0e-8,true
R9-P5-temperature,input,S_in24,12,0.0,K,1.0e-8,true
R9-P5-temperature,input,S_out24,12,0.0,K,1.0e-8,true
R9-P5-cyclic-replay,input,S24,13,0.0,K,1.0e-8,true
R9-P5-temperature,input,S_in24,13,0.0,K,1.0e-8,true
R9-P5-temperature,input,S_out24,13,0.0,K,1.0e-8,true
R9-P5-cyclic-replay,input,S24,14,0.0,K,1.0e-8,true
R9-P5-temperature,input,S_in24,14,0.0,K,1.0e-8,true
R9-P5-temperature,input,S_out24,14,0.0,K,1.0e-8,true
R9-P5-cyclic-replay,input,S24,15,0.0,K,1.0e-8,true
R9-P5-temperature,input,S_in24,15,0.0,K,1.0e-8,true
R9-P5-temperature,input,S_out24,15,0.0,K,1.0e-8,true
R9-P5-cyclic-replay,input,S24,16,0.0,K,1.0e-8,true
R9-P5-temperature,input,S_in24,16,0.0,K,1.0e-8,true
R9-P5-temperature,input,S_out24,16,0.0,K,1.0e-8,true
R9-P5-cyclic-replay,input,S24,17,0.0,K,1.0e-8,true
R9-P5-temperature,input,S_in24,17,0.0,K,1.0e-8,true
R9-P5-temperature,input,S_out24,17,0.0,K,1.0e-8,true
R9-P5-cyclic-replay,input,S24,18,0.0,K,1.0e-8,true
R9-P5-temperature,input,S_in24,18,0.0,K,1.0e-8,true
R9-P5-temperature,input,S_out24,18,0.0,K,1.0e-8,true
R9-P5-cyclic-replay,input,S24,19,0.0,K,1.0e-8,true
R9-P5-temperature,input,S_in24,19,0.0,K,1.0e-8,true
R9-P5-temperature,input,S_out24,19,0.0,K,1.0e-8,true
R9-P5-cyclic-replay,input,S24,20,0.0,K,1.0e-8,true
R9-P5-temperature,input,S_in24,20,0.0,K,1.0e-8,true
R9-P5-temperature,input,S_out24,20,0.0,K,1.0e-8,true
R9-P5-cyclic-replay,input,S24,21,0.0,K,1.0e-8,true
R9-P5-temperature,input,S_in24,21,0.0,K,1.0e-8,true
R9-P5-temperature,input,S_out24,21,0.0,K,1.0e-8,true
R9-P5-cyclic-replay,input,S24,22,0.0,K,1.0e-8,true
R9-P5-temperature,input,S_in24,22,0.0,K,1.0e-8,true
R9-P5-temperature,input,S_out24,22,0.0,K,1.0e-8,true
R9-P5-cyclic-replay,input,S24,23,0.0,K,1.0e-8,true
R9-P5-temperature,input,S_in24,23,0.0,K,1.0e-8,true
R9-P5-temperature,input,S_out24,23,0.0,K,1.0e-8,true
R9-P5-cyclic-replay,input,S24,24,0.0,K,1.0e-8,true
R9-P5-temperature,input,S_in24,24,0.0,K,1.0e-8,true
R9-P5-temperature,input,S_out24,24,0.0,K,1.0e-8,true
R9-P5-cyclic-replay,input,R24,1,0.0,K,1.0e-8,true
R9-P5-temperature,input,R_in24,1,0.0,K,1.0e-8,true
R9-P5-temperature,input,R_out24,1,0.0,K,1.0e-8,true
R9-P5-cyclic-replay,input,R24,2,0.0,K,1.0e-8,true
R9-P5-temperature,input,R_in24,2,0.0,K,1.0e-8,true
R9-P5-temperature,input,R_out24,2,0.0,K,1.0e-8,true
R9-P5-cyclic-replay,input,R24,3,0.0,K,1.0e-8,true
R9-P5-temperature,input,R_in24,3,0.0,K,1.0e-8,true
R9-P5-temperature,input,R_out24,3,0.0,K,1.0e-8,true
R9-P5-cyclic-replay,input,R24,4,0.0,K,1.0e-8,true
R9-P5-temperature,input,R_in24,4,0.0,K,1.0e-8,true
R9-P5-temperature,input,R_out24,4,0.0,K,1.0e-8,true
R9-P5-cyclic-replay,input,R24,5,0.0,K,1.0e-8,true
R9-P5-temperature,input,R_in24,5,0.0,K,1.0e-8,true
R9-P5-temperature,input,R_out24,5,0.0,K,1.0e-8,true
R9-P5-cyclic-replay,input,R24,6,0.0,K,1.0e-8,true
R9-P5-temperature,input,R_in24,6,0.0,K,1.0e-8,true
R9-P5-temperature,input,R_out24,6,0.0,K,1.0e-8,true
R9-P5-cyclic-replay,input,R24,7,0.0,K,1.0e-8,true
R9-P5-temperature,input,R_in24,7,0.0,K,1.0e-8,true
R9-P5-temperature,input,R_out24,7,0.0,K,1.0e-8,true
R9-P5-cyclic-replay,input,R24,8,0.0,K,1.0e-8,true
R9-P5-temperature,input,R_in24,8,0.0,K,1.0e-8,true
R9-P5-temperature,input,R_out24,8,0.0,K,1.0e-8,true
R9-P5-cyclic-replay,input,R24,9,0.0,K,1.0e-8,true
R9-P5-temperature,input,R_in24,9,0.0,K,1.0e-8,true
R9-P5-temperature,input,R_out24,9,0.0,K,1.0e-8,true
R9-P5-cyclic-replay,input,R24,10,0.0,K,1.0e-8,true
R9-P5-temperature,input,R_in24,10,0.0,K,1.0e-8,true
R9-P5-temperature,input,R_out24,10,0.0,K,1.0e-8,true
R9-P5-cyclic-replay,input,R24,11,0.0,K,1.0e-8,true
R9-P5-temperature,input,R_in24,11,0.0,K,1.0e-8,true
R9-P5-temperature,input,R_out24,11,0.0,K,1.0e-8,true
R9-P5-cyclic-replay,input,R24,12,0.0,K,1.0e-8,true
R9-P5-temperature,input,R_in24,12,0.0,K,1.0e-8,true
R9-P5-temperature,input,R_out24,12,0.0,K,1.0e-8,true
R9-P5-cyclic-replay,input,R24,13,0.0,K,1.0e-8,true
R9-P5-temperature,input,R_in24,13,0.0,K,1.0e-8,true
R9-P5-temperature,input,R_out24,13,0.0,K,1.0e-8,true
R9-P5-cyclic-replay,input,R24,14,0.0,K,1.0e-8,true
R9-P5-temperature,input,R_in24,14,0.0,K,1.0e-8,true
R9-P5-temperature,input,R_out24,14,0.0,K,1.0e-8,true
R9-P5-cyclic-replay,input,R24,15,0.0,K,1.0e-8,true
R9-P5-temperature,input,R_in24,15,0.0,K,1.0e-8,true
R9-P5-temperature,input,R_out24,15,0.0,K,1.0e-8,true
R9-P5-cyclic-replay,input,R24,16,0.0,K,1.0e-8,true
R9-P5-temperature,input,R_in24,16,0.0,K,1.0e-8,true
R9-P5-temperature,input,R_out24,16,0.0,K,1.0e-8,true
R9-P5-cyclic-replay,input,R24,17,0.0,K,1.0e-8,true
R9-P5-temperature,input,R_in24,17,0.0,K,1.0e-8,true
R9-P5-temperature,input,R_out24,17,0.0,K,1.0e-8,true
R9-P5-cyclic-replay,input,R24,18,0.0,K,1.0e-8,true
R9-P5-temperature,input,R_in24,18,0.0,K,1.0e-8,true
R9-P5-temperature,input,R_out24,18,0.0,K,1.0e-8,true
R9-P5-cyclic-replay,input,R24,19,0.0,K,1.0e-8,true
R9-P5-temperature,input,R_in24,19,0.0,K,1.0e-8,true
R9-P5-temperature,input,R_out24,19,0.0,K,1.0e-8,true
R9-P5-cyclic-replay,input,R24,20,0.0,K,1.0e-8,true
R9-P5-temperature,input,R_in24,20,0.0,K,1.0e-8,true
R9-P5-temperature,input,R_out24,20,0.0,K,1.0e-8,true
R9-P5-cyclic-replay,input,R24,21,0.0,K,1.0e-8,true
R9-P5-temperature,input,R_in24,21,0.0,K,1.0e-8,true
R9-P5-temperature,input,R_out24,21,0.0,K,1.0e-8,true
R9-P5-cyclic-replay,input,R24,22,0.0,K,1.0e-8,true
R9-P5-temperature,input,R_in24,22,0.0,K,1.0e-8,true
R9-P5-temperature,input,R_out24,22,0.0,K,1.0e-8,true
R9-P5-cyclic-replay,input,R24,23,0.0,K,1.0e-8,true
R9-P5-temperature,input,R_in24,23,0.0,K,1.0e-8,true
R9-P5-temperature,input,R_out24,23,0.0,K,1.0e-8,true
R9-P5-cyclic-replay,input,R24,24,0.0,K,1.0e-8,true
R9-P5-temperature,input,R_in24,24,0.0,K,1.0e-8,true
R9-P5-temperature,input,R_out24,24,0.0,K,1.0e-8,true
R9-P5-cyclic-replay,input,S25,1,0.0,K,1.0e-8,true
R9-P5-temperature,input,S_in25,1,0.0,K,1.0e-8,true
R9-P5-temperature,input,S_out25,1,0.0,K,1.0e-8,true
R9-P5-cyclic-replay,input,S25,2,0.0,K,1.0e-8,true
R9-P5-temperature,input,S_in25,2,0.0,K,1.0e-8,true
R9-P5-temperature,input,S_out25,2,0.0,K,1.0e-8,true
R9-P5-cyclic-replay,input,S25,3,0.0,K,1.0e-8,true
R9-P5-temperature,input,S_in25,3,0.0,K,1.0e-8,true
R9-P5-temperature,input,S_out25,3,0.0,K,1.0e-8,true
R9-P5-cyclic-replay,input,S25,4,0.0,K,1.0e-8,true
R9-P5-temperature,input,S_in25,4,0.0,K,1.0e-8,true
R9-P5-temperature,input,S_out25,4,0.0,K,1.0e-8,true
R9-P5-cyclic-replay,input,S25,5,0.0,K,1.0e-8,true
R9-P5-temperature,input,S_in25,5,0.0,K,1.0e-8,true
R9-P5-temperature,input,S_out25,5,0.0,K,1.0e-8,true
R9-P5-cyclic-replay,input,S25,6,0.0,K,1.0e-8,true
R9-P5-temperature,input,S_in25,6,0.0,K,1.0e-8,true
R9-P5-temperature,input,S_out25,6,0.0,K,1.0e-8,true
R9-P5-cyclic-replay,input,S25,7,0.0,K,1.0e-8,true
R9-P5-temperature,input,S_in25,7,0.0,K,1.0e-8,true
R9-P5-temperature,input,S_out25,7,0.0,K,1.0e-8,true
R9-P5-cyclic-replay,input,S25,8,0.0,K,1.0e-8,true
R9-P5-temperature,input,S_in25,8,0.0,K,1.0e-8,true
R9-P5-temperature,input,S_out25,8,0.0,K,1.0e-8,true
R9-P5-cyclic-replay,input,S25,9,0.0,K,1.0e-8,true
R9-P5-temperature,input,S_in25,9,0.0,K,1.0e-8,true
R9-P5-temperature,input,S_out25,9,0.0,K,1.0e-8,true
R9-P5-cyclic-replay,input,S25,10,0.0,K,1.0e-8,true
R9-P5-temperature,input,S_in25,10,0.0,K,1.0e-8,true
R9-P5-temperature,input,S_out25,10,0.0,K,1.0e-8,true
R9-P5-cyclic-replay,input,S25,11,0.0,K,1.0e-8,true
R9-P5-temperature,input,S_in25,11,0.0,K,1.0e-8,true
R9-P5-temperature,input,S_out25,11,0.0,K,1.0e-8,true
R9-P5-cyclic-replay,input,S25,12,0.0,K,1.0e-8,true
R9-P5-temperature,input,S_in25,12,0.0,K,1.0e-8,true
R9-P5-temperature,input,S_out25,12,0.0,K,1.0e-8,true
R9-P5-cyclic-replay,input,S25,13,0.0,K,1.0e-8,true
R9-P5-temperature,input,S_in25,13,0.0,K,1.0e-8,true
R9-P5-temperature,input,S_out25,13,0.0,K,1.0e-8,true
R9-P5-cyclic-replay,input,S25,14,0.0,K,1.0e-8,true
R9-P5-temperature,input,S_in25,14,0.0,K,1.0e-8,true
R9-P5-temperature,input,S_out25,14,0.0,K,1.0e-8,true
R9-P5-cyclic-replay,input,S25,15,0.0,K,1.0e-8,true
R9-P5-temperature,input,S_in25,15,0.0,K,1.0e-8,true
R9-P5-temperature,input,S_out25,15,0.0,K,1.0e-8,true
R9-P5-cyclic-replay,input,S25,16,0.0,K,1.0e-8,true
R9-P5-temperature,input,S_in25,16,0.0,K,1.0e-8,true
R9-P5-temperature,input,S_out25,16,0.0,K,1.0e-8,true
R9-P5-cyclic-replay,input,S25,17,0.0,K,1.0e-8,true
R9-P5-temperature,input,S_in25,17,0.0,K,1.0e-8,true
R9-P5-temperature,input,S_out25,17,0.0,K,1.0e-8,true
R9-P5-cyclic-replay,input,S25,18,0.0,K,1.0e-8,true
R9-P5-temperature,input,S_in25,18,0.0,K,1.0e-8,true
R9-P5-temperature,input,S_out25,18,0.0,K,1.0e-8,true
R9-P5-cyclic-replay,input,S25,19,0.0,K,1.0e-8,true
R9-P5-temperature,input,S_in25,19,0.0,K,1.0e-8,true
R9-P5-temperature,input,S_out25,19,0.0,K,1.0e-8,true
R9-P5-cyclic-replay,input,S25,20,0.0,K,1.0e-8,true
R9-P5-temperature,input,S_in25,20,0.0,K,1.0e-8,true
R9-P5-temperature,input,S_out25,20,0.0,K,1.0e-8,true
R9-P5-cyclic-replay,input,S25,21,0.0,K,1.0e-8,true
R9-P5-temperature,input,S_in25,21,0.0,K,1.0e-8,true
R9-P5-temperature,input,S_out25,21,0.0,K,1.0e-8,true
R9-P5-cyclic-replay,input,S25,22,0.0,K,1.0e-8,true
R9-P5-temperature,input,S_in25,22,0.0,K,1.0e-8,true
R9-P5-temperature,input,S_out25,22,0.0,K,1.0e-8,true
R9-P5-cyclic-replay,input,S25,23,0.0,K,1.0e-8,true
R9-P5-temperature,input,S_in25,23,0.0,K,1.0e-8,true
R9-P5-temperature,input,S_out25,23,0.0,K,1.0e-8,true
R9-P5-cyclic-replay,input,S25,24,0.0,K,1.0e-8,true
R9-P5-temperature,input,S_in25,24,0.0,K,1.0e-8,true
R9-P5-temperature,input,S_out25,24,0.0,K,1.0e-8,true
R9-P5-cyclic-replay,input,R25,1,0.0,K,1.0e-8,true
R9-P5-temperature,input,R_in25,1,0.0,K,1.0e-8,true
R9-P5-temperature,input,R_out25,1,0.0,K,1.0e-8,true
R9-P5-cyclic-replay,input,R25,2,0.0,K,1.0e-8,true
R9-P5-temperature,input,R_in25,2,0.0,K,1.0e-8,true
R9-P5-temperature,input,R_out25,2,0.0,K,1.0e-8,true
R9-P5-cyclic-replay,input,R25,3,0.0,K,1.0e-8,true
R9-P5-temperature,input,R_in25,3,0.0,K,1.0e-8,true
R9-P5-temperature,input,R_out25,3,0.0,K,1.0e-8,true
R9-P5-cyclic-replay,input,R25,4,0.0,K,1.0e-8,true
R9-P5-temperature,input,R_in25,4,0.0,K,1.0e-8,true
R9-P5-temperature,input,R_out25,4,0.0,K,1.0e-8,true
R9-P5-cyclic-replay,input,R25,5,0.0,K,1.0e-8,true
R9-P5-temperature,input,R_in25,5,0.0,K,1.0e-8,true
R9-P5-temperature,input,R_out25,5,0.0,K,1.0e-8,true
R9-P5-cyclic-replay,input,R25,6,0.0,K,1.0e-8,true
R9-P5-temperature,input,R_in25,6,0.0,K,1.0e-8,true
R9-P5-temperature,input,R_out25,6,0.0,K,1.0e-8,true
R9-P5-cyclic-replay,input,R25,7,0.0,K,1.0e-8,true
R9-P5-temperature,input,R_in25,7,0.0,K,1.0e-8,true
R9-P5-temperature,input,R_out25,7,0.0,K,1.0e-8,true
R9-P5-cyclic-replay,input,R25,8,0.0,K,1.0e-8,true
R9-P5-temperature,input,R_in25,8,0.0,K,1.0e-8,true
R9-P5-temperature,input,R_out25,8,0.0,K,1.0e-8,true
R9-P5-cyclic-replay,input,R25,9,0.0,K,1.0e-8,true
R9-P5-temperature,input,R_in25,9,0.0,K,1.0e-8,true
R9-P5-temperature,input,R_out25,9,0.0,K,1.0e-8,true
R9-P5-cyclic-replay,input,R25,10,0.0,K,1.0e-8,true
R9-P5-temperature,input,R_in25,10,0.0,K,1.0e-8,true
R9-P5-temperature,input,R_out25,10,0.0,K,1.0e-8,true
R9-P5-cyclic-replay,input,R25,11,0.0,K,1.0e-8,true
R9-P5-temperature,input,R_in25,11,0.0,K,1.0e-8,true
R9-P5-temperature,input,R_out25,11,0.0,K,1.0e-8,true
R9-P5-cyclic-replay,input,R25,12,0.0,K,1.0e-8,true
R9-P5-temperature,input,R_in25,12,0.0,K,1.0e-8,true
R9-P5-temperature,input,R_out25,12,0.0,K,1.0e-8,true
R9-P5-cyclic-replay,input,R25,13,0.0,K,1.0e-8,true
R9-P5-temperature,input,R_in25,13,0.0,K,1.0e-8,true
R9-P5-temperature,input,R_out25,13,0.0,K,1.0e-8,true
R9-P5-cyclic-replay,input,R25,14,0.0,K,1.0e-8,true
R9-P5-temperature,input,R_in25,14,0.0,K,1.0e-8,true
R9-P5-temperature,input,R_out25,14,0.0,K,1.0e-8,true
R9-P5-cyclic-replay,input,R25,15,0.0,K,1.0e-8,true
R9-P5-temperature,input,R_in25,15,0.0,K,1.0e-8,true
R9-P5-temperature,input,R_out25,15,0.0,K,1.0e-8,true
R9-P5-cyclic-replay,input,R25,16,0.0,K,1.0e-8,true
R9-P5-temperature,input,R_in25,16,0.0,K,1.0e-8,true
R9-P5-temperature,input,R_out25,16,0.0,K,1.0e-8,true
R9-P5-cyclic-replay,input,R25,17,0.0,K,1.0e-8,true
R9-P5-temperature,input,R_in25,17,0.0,K,1.0e-8,true
R9-P5-temperature,input,R_out25,17,0.0,K,1.0e-8,true
R9-P5-cyclic-replay,input,R25,18,0.0,K,1.0e-8,true
R9-P5-temperature,input,R_in25,18,0.0,K,1.0e-8,true
R9-P5-temperature,input,R_out25,18,0.0,K,1.0e-8,true
R9-P5-cyclic-replay,input,R25,19,0.0,K,1.0e-8,true
R9-P5-temperature,input,R_in25,19,0.0,K,1.0e-8,true
R9-P5-temperature,input,R_out25,19,0.0,K,1.0e-8,true
R9-P5-cyclic-replay,input,R25,20,0.0,K,1.0e-8,true
R9-P5-temperature,input,R_in25,20,0.0,K,1.0e-8,true
R9-P5-temperature,input,R_out25,20,0.0,K,1.0e-8,true
R9-P5-cyclic-replay,input,R25,21,0.0,K,1.0e-8,true
R9-P5-temperature,input,R_in25,21,0.0,K,1.0e-8,true
R9-P5-temperature,input,R_out25,21,0.0,K,1.0e-8,true
R9-P5-cyclic-replay,input,R25,22,0.0,K,1.0e-8,true
R9-P5-temperature,input,R_in25,22,0.0,K,1.0e-8,true
R9-P5-temperature,input,R_out25,22,0.0,K,1.0e-8,true
R9-P5-cyclic-replay,input,R25,23,0.0,K,1.0e-8,true
R9-P5-temperature,input,R_in25,23,0.0,K,1.0e-8,true
R9-P5-temperature,input,R_out25,23,0.0,K,1.0e-8,true
R9-P5-cyclic-replay,input,R25,24,0.0,K,1.0e-8,true
R9-P5-temperature,input,R_in25,24,0.0,K,1.0e-8,true
R9-P5-temperature,input,R_out25,24,0.0,K,1.0e-8,true
R9-P5-cyclic-replay,input,S26,1,0.0,K,1.0e-8,true
R9-P5-temperature,input,S_in26,1,0.0,K,1.0e-8,true
R9-P5-temperature,input,S_out26,1,0.0,K,1.0e-8,true
R9-P5-cyclic-replay,input,S26,2,0.0,K,1.0e-8,true
R9-P5-temperature,input,S_in26,2,0.0,K,1.0e-8,true
R9-P5-temperature,input,S_out26,2,0.0,K,1.0e-8,true
R9-P5-cyclic-replay,input,S26,3,0.0,K,1.0e-8,true
R9-P5-temperature,input,S_in26,3,0.0,K,1.0e-8,true
R9-P5-temperature,input,S_out26,3,0.0,K,1.0e-8,true
R9-P5-cyclic-replay,input,S26,4,0.0,K,1.0e-8,true
R9-P5-temperature,input,S_in26,4,0.0,K,1.0e-8,true
R9-P5-temperature,input,S_out26,4,0.0,K,1.0e-8,true
R9-P5-cyclic-replay,input,S26,5,0.0,K,1.0e-8,true
R9-P5-temperature,input,S_in26,5,0.0,K,1.0e-8,true
R9-P5-temperature,input,S_out26,5,0.0,K,1.0e-8,true
R9-P5-cyclic-replay,input,S26,6,0.0,K,1.0e-8,true
R9-P5-temperature,input,S_in26,6,0.0,K,1.0e-8,true
R9-P5-temperature,input,S_out26,6,0.0,K,1.0e-8,true
R9-P5-cyclic-replay,input,S26,7,0.0,K,1.0e-8,true
R9-P5-temperature,input,S_in26,7,0.0,K,1.0e-8,true
R9-P5-temperature,input,S_out26,7,0.0,K,1.0e-8,true
R9-P5-cyclic-replay,input,S26,8,0.0,K,1.0e-8,true
R9-P5-temperature,input,S_in26,8,0.0,K,1.0e-8,true
R9-P5-temperature,input,S_out26,8,0.0,K,1.0e-8,true
R9-P5-cyclic-replay,input,S26,9,0.0,K,1.0e-8,true
R9-P5-temperature,input,S_in26,9,0.0,K,1.0e-8,true
R9-P5-temperature,input,S_out26,9,0.0,K,1.0e-8,true
R9-P5-cyclic-replay,input,S26,10,0.0,K,1.0e-8,true
R9-P5-temperature,input,S_in26,10,0.0,K,1.0e-8,true
R9-P5-temperature,input,S_out26,10,0.0,K,1.0e-8,true
R9-P5-cyclic-replay,input,S26,11,0.0,K,1.0e-8,true
R9-P5-temperature,input,S_in26,11,0.0,K,1.0e-8,true
R9-P5-temperature,input,S_out26,11,0.0,K,1.0e-8,true
R9-P5-cyclic-replay,input,S26,12,0.0,K,1.0e-8,true
R9-P5-temperature,input,S_in26,12,0.0,K,1.0e-8,true
R9-P5-temperature,input,S_out26,12,0.0,K,1.0e-8,true
R9-P5-cyclic-replay,input,S26,13,0.0,K,1.0e-8,true
R9-P5-temperature,input,S_in26,13,0.0,K,1.0e-8,true
R9-P5-temperature,input,S_out26,13,0.0,K,1.0e-8,true
R9-P5-cyclic-replay,input,S26,14,0.0,K,1.0e-8,true
R9-P5-temperature,input,S_in26,14,0.0,K,1.0e-8,true
R9-P5-temperature,input,S_out26,14,0.0,K,1.0e-8,true
R9-P5-cyclic-replay,input,S26,15,0.0,K,1.0e-8,true
R9-P5-temperature,input,S_in26,15,0.0,K,1.0e-8,true
R9-P5-temperature,input,S_out26,15,0.0,K,1.0e-8,true
R9-P5-cyclic-replay,input,S26,16,0.0,K,1.0e-8,true
R9-P5-temperature,input,S_in26,16,0.0,K,1.0e-8,true
R9-P5-temperature,input,S_out26,16,0.0,K,1.0e-8,true
R9-P5-cyclic-replay,input,S26,17,0.0,K,1.0e-8,true
R9-P5-temperature,input,S_in26,17,0.0,K,1.0e-8,true
R9-P5-temperature,input,S_out26,17,0.0,K,1.0e-8,true
R9-P5-cyclic-replay,input,S26,18,0.0,K,1.0e-8,true
R9-P5-temperature,input,S_in26,18,0.0,K,1.0e-8,true
R9-P5-temperature,input,S_out26,18,0.0,K,1.0e-8,true
R9-P5-cyclic-replay,input,S26,19,0.0,K,1.0e-8,true
R9-P5-temperature,input,S_in26,19,0.0,K,1.0e-8,true
R9-P5-temperature,input,S_out26,19,0.0,K,1.0e-8,true
R9-P5-cyclic-replay,input,S26,20,0.0,K,1.0e-8,true
R9-P5-temperature,input,S_in26,20,0.0,K,1.0e-8,true
R9-P5-temperature,input,S_out26,20,0.0,K,1.0e-8,true
R9-P5-cyclic-replay,input,S26,21,0.0,K,1.0e-8,true
R9-P5-temperature,input,S_in26,21,0.0,K,1.0e-8,true
R9-P5-temperature,input,S_out26,21,0.0,K,1.0e-8,true
R9-P5-cyclic-replay,input,S26,22,0.0,K,1.0e-8,true
R9-P5-temperature,input,S_in26,22,0.0,K,1.0e-8,true
R9-P5-temperature,input,S_out26,22,0.0,K,1.0e-8,true
R9-P5-cyclic-replay,input,S26,23,0.0,K,1.0e-8,true
R9-P5-temperature,input,S_in26,23,0.0,K,1.0e-8,true
R9-P5-temperature,input,S_out26,23,0.0,K,1.0e-8,true
R9-P5-cyclic-replay,input,S26,24,0.0,K,1.0e-8,true
R9-P5-temperature,input,S_in26,24,0.0,K,1.0e-8,true
R9-P5-temperature,input,S_out26,24,0.0,K,1.0e-8,true
R9-P5-cyclic-replay,input,R26,1,0.0,K,1.0e-8,true
R9-P5-temperature,input,R_in26,1,0.0,K,1.0e-8,true
R9-P5-temperature,input,R_out26,1,0.0,K,1.0e-8,true
R9-P5-cyclic-replay,input,R26,2,0.0,K,1.0e-8,true
R9-P5-temperature,input,R_in26,2,0.0,K,1.0e-8,true
R9-P5-temperature,input,R_out26,2,0.0,K,1.0e-8,true
R9-P5-cyclic-replay,input,R26,3,0.0,K,1.0e-8,true
R9-P5-temperature,input,R_in26,3,0.0,K,1.0e-8,true
R9-P5-temperature,input,R_out26,3,0.0,K,1.0e-8,true
R9-P5-cyclic-replay,input,R26,4,0.0,K,1.0e-8,true
R9-P5-temperature,input,R_in26,4,0.0,K,1.0e-8,true
R9-P5-temperature,input,R_out26,4,0.0,K,1.0e-8,true
R9-P5-cyclic-replay,input,R26,5,0.0,K,1.0e-8,true
R9-P5-temperature,input,R_in26,5,0.0,K,1.0e-8,true
R9-P5-temperature,input,R_out26,5,0.0,K,1.0e-8,true
R9-P5-cyclic-replay,input,R26,6,0.0,K,1.0e-8,true
R9-P5-temperature,input,R_in26,6,0.0,K,1.0e-8,true
R9-P5-temperature,input,R_out26,6,0.0,K,1.0e-8,true
R9-P5-cyclic-replay,input,R26,7,0.0,K,1.0e-8,true
R9-P5-temperature,input,R_in26,7,0.0,K,1.0e-8,true
R9-P5-temperature,input,R_out26,7,0.0,K,1.0e-8,true
R9-P5-cyclic-replay,input,R26,8,0.0,K,1.0e-8,true
R9-P5-temperature,input,R_in26,8,0.0,K,1.0e-8,true
R9-P5-temperature,input,R_out26,8,0.0,K,1.0e-8,true
R9-P5-cyclic-replay,input,R26,9,0.0,K,1.0e-8,true
R9-P5-temperature,input,R_in26,9,0.0,K,1.0e-8,true
R9-P5-temperature,input,R_out26,9,0.0,K,1.0e-8,true
R9-P5-cyclic-replay,input,R26,10,0.0,K,1.0e-8,true
R9-P5-temperature,input,R_in26,10,0.0,K,1.0e-8,true
R9-P5-temperature,input,R_out26,10,0.0,K,1.0e-8,true
R9-P5-cyclic-replay,input,R26,11,0.0,K,1.0e-8,true
R9-P5-temperature,input,R_in26,11,0.0,K,1.0e-8,true
R9-P5-temperature,input,R_out26,11,0.0,K,1.0e-8,true
R9-P5-cyclic-replay,input,R26,12,0.0,K,1.0e-8,true
R9-P5-temperature,input,R_in26,12,0.0,K,1.0e-8,true
R9-P5-temperature,input,R_out26,12,0.0,K,1.0e-8,true
R9-P5-cyclic-replay,input,R26,13,0.0,K,1.0e-8,true
R9-P5-temperature,input,R_in26,13,0.0,K,1.0e-8,true
R9-P5-temperature,input,R_out26,13,0.0,K,1.0e-8,true
R9-P5-cyclic-replay,input,R26,14,0.0,K,1.0e-8,true
R9-P5-temperature,input,R_in26,14,0.0,K,1.0e-8,true
R9-P5-temperature,input,R_out26,14,0.0,K,1.0e-8,true
R9-P5-cyclic-replay,input,R26,15,0.0,K,1.0e-8,true
R9-P5-temperature,input,R_in26,15,0.0,K,1.0e-8,true
R9-P5-temperature,input,R_out26,15,0.0,K,1.0e-8,true
R9-P5-cyclic-replay,input,R26,16,0.0,K,1.0e-8,true
R9-P5-temperature,input,R_in26,16,0.0,K,1.0e-8,true
R9-P5-temperature,input,R_out26,16,0.0,K,1.0e-8,true
R9-P5-cyclic-replay,input,R26,17,0.0,K,1.0e-8,true
R9-P5-temperature,input,R_in26,17,0.0,K,1.0e-8,true
R9-P5-temperature,input,R_out26,17,0.0,K,1.0e-8,true
R9-P5-cyclic-replay,input,R26,18,0.0,K,1.0e-8,true
R9-P5-temperature,input,R_in26,18,0.0,K,1.0e-8,true
R9-P5-temperature,input,R_out26,18,0.0,K,1.0e-8,true
R9-P5-cyclic-replay,input,R26,19,0.0,K,1.0e-8,true
R9-P5-temperature,input,R_in26,19,0.0,K,1.0e-8,true
R9-P5-temperature,input,R_out26,19,0.0,K,1.0e-8,true
R9-P5-cyclic-replay,input,R26,20,0.0,K,1.0e-8,true
R9-P5-temperature,input,R_in26,20,0.0,K,1.0e-8,true
R9-P5-temperature,input,R_out26,20,0.0,K,1.0e-8,true
R9-P5-cyclic-replay,input,R26,21,0.0,K,1.0e-8,true
R9-P5-temperature,input,R_in26,21,0.0,K,1.0e-8,true
R9-P5-temperature,input,R_out26,21,0.0,K,1.0e-8,true
R9-P5-cyclic-replay,input,R26,22,0.0,K,1.0e-8,true
R9-P5-temperature,input,R_in26,22,0.0,K,1.0e-8,true
R9-P5-temperature,input,R_out26,22,0.0,K,1.0e-8,true
R9-P5-cyclic-replay,input,R26,23,0.0,K,1.0e-8,true
R9-P5-temperature,input,R_in26,23,0.0,K,1.0e-8,true
R9-P5-temperature,input,R_out26,23,0.0,K,1.0e-8,true
R9-P5-cyclic-replay,input,R26,24,0.0,K,1.0e-8,true
R9-P5-temperature,input,R_in26,24,0.0,K,1.0e-8,true
R9-P5-temperature,input,R_out26,24,0.0,K,1.0e-8,true
R9-P5-cyclic-replay,input,S27,1,5.684341886080802e-14,K,1.0e-8,true
R9-P5-temperature,input,S_in27,1,0.0,K,1.0e-8,true
R9-P5-temperature,input,S_out27,1,0.0,K,1.0e-8,true
R9-P5-cyclic-replay,input,S27,2,5.684341886080802e-14,K,1.0e-8,true
R9-P5-temperature,input,S_in27,2,0.0,K,1.0e-8,true
R9-P5-temperature,input,S_out27,2,0.0,K,1.0e-8,true
R9-P5-cyclic-replay,input,S27,3,5.684341886080802e-14,K,1.0e-8,true
R9-P5-temperature,input,S_in27,3,0.0,K,1.0e-8,true
R9-P5-temperature,input,S_out27,3,0.0,K,1.0e-8,true
R9-P5-cyclic-replay,input,S27,4,5.684341886080802e-14,K,1.0e-8,true
R9-P5-temperature,input,S_in27,4,0.0,K,1.0e-8,true
R9-P5-temperature,input,S_out27,4,0.0,K,1.0e-8,true
R9-P5-cyclic-replay,input,S27,5,5.684341886080802e-14,K,1.0e-8,true
R9-P5-temperature,input,S_in27,5,0.0,K,1.0e-8,true
R9-P5-temperature,input,S_out27,5,0.0,K,1.0e-8,true
R9-P5-cyclic-replay,input,S27,6,5.684341886080802e-14,K,1.0e-8,true
R9-P5-temperature,input,S_in27,6,0.0,K,1.0e-8,true
R9-P5-temperature,input,S_out27,6,0.0,K,1.0e-8,true
R9-P5-cyclic-replay,input,S27,7,5.684341886080802e-14,K,1.0e-8,true
R9-P5-temperature,input,S_in27,7,0.0,K,1.0e-8,true
R9-P5-temperature,input,S_out27,7,0.0,K,1.0e-8,true
R9-P5-cyclic-replay,input,S27,8,5.684341886080802e-14,K,1.0e-8,true
R9-P5-temperature,input,S_in27,8,0.0,K,1.0e-8,true
R9-P5-temperature,input,S_out27,8,0.0,K,1.0e-8,true
R9-P5-cyclic-replay,input,S27,9,5.684341886080802e-14,K,1.0e-8,true
R9-P5-temperature,input,S_in27,9,0.0,K,1.0e-8,true
R9-P5-temperature,input,S_out27,9,0.0,K,1.0e-8,true
R9-P5-cyclic-replay,input,S27,10,5.684341886080802e-14,K,1.0e-8,true
R9-P5-temperature,input,S_in27,10,0.0,K,1.0e-8,true
R9-P5-temperature,input,S_out27,10,0.0,K,1.0e-8,true
R9-P5-cyclic-replay,input,S27,11,5.684341886080802e-14,K,1.0e-8,true
R9-P5-temperature,input,S_in27,11,0.0,K,1.0e-8,true
R9-P5-temperature,input,S_out27,11,0.0,K,1.0e-8,true
R9-P5-cyclic-replay,input,S27,12,5.684341886080802e-14,K,1.0e-8,true
R9-P5-temperature,input,S_in27,12,0.0,K,1.0e-8,true
R9-P5-temperature,input,S_out27,12,0.0,K,1.0e-8,true
R9-P5-cyclic-replay,input,S27,13,5.684341886080802e-14,K,1.0e-8,true
R9-P5-temperature,input,S_in27,13,0.0,K,1.0e-8,true
R9-P5-temperature,input,S_out27,13,0.0,K,1.0e-8,true
R9-P5-cyclic-replay,input,S27,14,5.684341886080802e-14,K,1.0e-8,true
R9-P5-temperature,input,S_in27,14,0.0,K,1.0e-8,true
R9-P5-temperature,input,S_out27,14,0.0,K,1.0e-8,true
R9-P5-cyclic-replay,input,S27,15,5.684341886080802e-14,K,1.0e-8,true
R9-P5-temperature,input,S_in27,15,0.0,K,1.0e-8,true
R9-P5-temperature,input,S_out27,15,0.0,K,1.0e-8,true
R9-P5-cyclic-replay,input,S27,16,5.684341886080802e-14,K,1.0e-8,true
R9-P5-temperature,input,S_in27,16,0.0,K,1.0e-8,true
R9-P5-temperature,input,S_out27,16,0.0,K,1.0e-8,true
R9-P5-cyclic-replay,input,S27,17,5.684341886080802e-14,K,1.0e-8,true
R9-P5-temperature,input,S_in27,17,0.0,K,1.0e-8,true
R9-P5-temperature,input,S_out27,17,0.0,K,1.0e-8,true
R9-P5-cyclic-replay,input,S27,18,5.684341886080802e-14,K,1.0e-8,true
R9-P5-temperature,input,S_in27,18,0.0,K,1.0e-8,true
R9-P5-temperature,input,S_out27,18,0.0,K,1.0e-8,true
R9-P5-cyclic-replay,input,S27,19,5.684341886080802e-14,K,1.0e-8,true
R9-P5-temperature,input,S_in27,19,0.0,K,1.0e-8,true
R9-P5-temperature,input,S_out27,19,0.0,K,1.0e-8,true
R9-P5-cyclic-replay,input,S27,20,5.684341886080802e-14,K,1.0e-8,true
R9-P5-temperature,input,S_in27,20,0.0,K,1.0e-8,true
R9-P5-temperature,input,S_out27,20,0.0,K,1.0e-8,true
R9-P5-cyclic-replay,input,S27,21,5.684341886080802e-14,K,1.0e-8,true
R9-P5-temperature,input,S_in27,21,0.0,K,1.0e-8,true
R9-P5-temperature,input,S_out27,21,0.0,K,1.0e-8,true
R9-P5-cyclic-replay,input,S27,22,5.684341886080802e-14,K,1.0e-8,true
R9-P5-temperature,input,S_in27,22,0.0,K,1.0e-8,true
R9-P5-temperature,input,S_out27,22,0.0,K,1.0e-8,true
R9-P5-cyclic-replay,input,S27,23,5.684341886080802e-14,K,1.0e-8,true
R9-P5-temperature,input,S_in27,23,0.0,K,1.0e-8,true
R9-P5-temperature,input,S_out27,23,0.0,K,1.0e-8,true
R9-P5-cyclic-replay,input,S27,24,5.684341886080802e-14,K,1.0e-8,true
R9-P5-temperature,input,S_in27,24,0.0,K,1.0e-8,true
R9-P5-temperature,input,S_out27,24,0.0,K,1.0e-8,true
R9-P5-cyclic-replay,input,R27,1,5.684341886080802e-14,K,1.0e-8,true
R9-P5-temperature,input,R_in27,1,0.0,K,1.0e-8,true
R9-P5-temperature,input,R_out27,1,0.0,K,1.0e-8,true
R9-P5-cyclic-replay,input,R27,2,5.684341886080802e-14,K,1.0e-8,true
R9-P5-temperature,input,R_in27,2,0.0,K,1.0e-8,true
R9-P5-temperature,input,R_out27,2,0.0,K,1.0e-8,true
R9-P5-cyclic-replay,input,R27,3,5.684341886080802e-14,K,1.0e-8,true
R9-P5-temperature,input,R_in27,3,0.0,K,1.0e-8,true
R9-P5-temperature,input,R_out27,3,0.0,K,1.0e-8,true
R9-P5-cyclic-replay,input,R27,4,0.0,K,1.0e-8,true
R9-P5-temperature,input,R_in27,4,0.0,K,1.0e-8,true
R9-P5-temperature,input,R_out27,4,0.0,K,1.0e-8,true
R9-P5-cyclic-replay,input,R27,5,5.684341886080802e-14,K,1.0e-8,true
R9-P5-temperature,input,R_in27,5,0.0,K,1.0e-8,true
R9-P5-temperature,input,R_out27,5,0.0,K,1.0e-8,true
R9-P5-cyclic-replay,input,R27,6,0.0,K,1.0e-8,true
R9-P5-temperature,input,R_in27,6,0.0,K,1.0e-8,true
R9-P5-temperature,input,R_out27,6,0.0,K,1.0e-8,true
R9-P5-cyclic-replay,input,R27,7,5.684341886080802e-14,K,1.0e-8,true
R9-P5-temperature,input,R_in27,7,0.0,K,1.0e-8,true
R9-P5-temperature,input,R_out27,7,0.0,K,1.0e-8,true
R9-P5-cyclic-replay,input,R27,8,0.0,K,1.0e-8,true
R9-P5-temperature,input,R_in27,8,0.0,K,1.0e-8,true
R9-P5-temperature,input,R_out27,8,0.0,K,1.0e-8,true
R9-P5-cyclic-replay,input,R27,9,5.684341886080802e-14,K,1.0e-8,true
R9-P5-temperature,input,R_in27,9,0.0,K,1.0e-8,true
R9-P5-temperature,input,R_out27,9,0.0,K,1.0e-8,true
R9-P5-cyclic-replay,input,R27,10,5.684341886080802e-14,K,1.0e-8,true
R9-P5-temperature,input,R_in27,10,0.0,K,1.0e-8,true
R9-P5-temperature,input,R_out27,10,0.0,K,1.0e-8,true
R9-P5-cyclic-replay,input,R27,11,0.0,K,1.0e-8,true
R9-P5-temperature,input,R_in27,11,0.0,K,1.0e-8,true
R9-P5-temperature,input,R_out27,11,0.0,K,1.0e-8,true
R9-P5-cyclic-replay,input,R27,12,0.0,K,1.0e-8,true
R9-P5-temperature,input,R_in27,12,0.0,K,1.0e-8,true
R9-P5-temperature,input,R_out27,12,0.0,K,1.0e-8,true
R9-P5-cyclic-replay,input,R27,13,5.684341886080802e-14,K,1.0e-8,true
R9-P5-temperature,input,R_in27,13,0.0,K,1.0e-8,true
R9-P5-temperature,input,R_out27,13,0.0,K,1.0e-8,true
R9-P5-cyclic-replay,input,R27,14,5.684341886080802e-14,K,1.0e-8,true
R9-P5-temperature,input,R_in27,14,0.0,K,1.0e-8,true
R9-P5-temperature,input,R_out27,14,0.0,K,1.0e-8,true
R9-P5-cyclic-replay,input,R27,15,5.684341886080802e-14,K,1.0e-8,true
R9-P5-temperature,input,R_in27,15,0.0,K,1.0e-8,true
R9-P5-temperature,input,R_out27,15,0.0,K,1.0e-8,true
R9-P5-cyclic-replay,input,R27,16,5.684341886080802e-14,K,1.0e-8,true
R9-P5-temperature,input,R_in27,16,0.0,K,1.0e-8,true
R9-P5-temperature,input,R_out27,16,0.0,K,1.0e-8,true
R9-P5-cyclic-replay,input,R27,17,0.0,K,1.0e-8,true
R9-P5-temperature,input,R_in27,17,0.0,K,1.0e-8,true
R9-P5-temperature,input,R_out27,17,0.0,K,1.0e-8,true
R9-P5-cyclic-replay,input,R27,18,5.684341886080802e-14,K,1.0e-8,true
R9-P5-temperature,input,R_in27,18,0.0,K,1.0e-8,true
R9-P5-temperature,input,R_out27,18,0.0,K,1.0e-8,true
R9-P5-cyclic-replay,input,R27,19,5.684341886080802e-14,K,1.0e-8,true
R9-P5-temperature,input,R_in27,19,0.0,K,1.0e-8,true
R9-P5-temperature,input,R_out27,19,0.0,K,1.0e-8,true
R9-P5-cyclic-replay,input,R27,20,5.684341886080802e-14,K,1.0e-8,true
R9-P5-temperature,input,R_in27,20,0.0,K,1.0e-8,true
R9-P5-temperature,input,R_out27,20,0.0,K,1.0e-8,true
R9-P5-cyclic-replay,input,R27,21,0.0,K,1.0e-8,true
R9-P5-temperature,input,R_in27,21,0.0,K,1.0e-8,true
R9-P5-temperature,input,R_out27,21,0.0,K,1.0e-8,true
R9-P5-cyclic-replay,input,R27,22,0.0,K,1.0e-8,true
R9-P5-temperature,input,R_in27,22,0.0,K,1.0e-8,true
R9-P5-temperature,input,R_out27,22,0.0,K,1.0e-8,true
R9-P5-cyclic-replay,input,R27,23,5.684341886080802e-14,K,1.0e-8,true
R9-P5-temperature,input,R_in27,23,0.0,K,1.0e-8,true
R9-P5-temperature,input,R_out27,23,0.0,K,1.0e-8,true
R9-P5-cyclic-replay,input,R27,24,0.0,K,1.0e-8,true
R9-P5-temperature,input,R_in27,24,0.0,K,1.0e-8,true
R9-P5-temperature,input,R_out27,24,0.0,K,1.0e-8,true
R9-P5-cyclic-replay,input,S28,1,0.0,K,1.0e-8,true
R9-P5-temperature,input,S_in28,1,0.0,K,1.0e-8,true
R9-P5-temperature,input,S_out28,1,0.0,K,1.0e-8,true
R9-P5-cyclic-replay,input,S28,2,0.0,K,1.0e-8,true
R9-P5-temperature,input,S_in28,2,0.0,K,1.0e-8,true
R9-P5-temperature,input,S_out28,2,0.0,K,1.0e-8,true
R9-P5-cyclic-replay,input,S28,3,0.0,K,1.0e-8,true
R9-P5-temperature,input,S_in28,3,0.0,K,1.0e-8,true
R9-P5-temperature,input,S_out28,3,0.0,K,1.0e-8,true
R9-P5-cyclic-replay,input,S28,4,0.0,K,1.0e-8,true
R9-P5-temperature,input,S_in28,4,0.0,K,1.0e-8,true
R9-P5-temperature,input,S_out28,4,0.0,K,1.0e-8,true
R9-P5-cyclic-replay,input,S28,5,0.0,K,1.0e-8,true
R9-P5-temperature,input,S_in28,5,0.0,K,1.0e-8,true
R9-P5-temperature,input,S_out28,5,0.0,K,1.0e-8,true
R9-P5-cyclic-replay,input,S28,6,0.0,K,1.0e-8,true
R9-P5-temperature,input,S_in28,6,0.0,K,1.0e-8,true
R9-P5-temperature,input,S_out28,6,0.0,K,1.0e-8,true
R9-P5-cyclic-replay,input,S28,7,0.0,K,1.0e-8,true
R9-P5-temperature,input,S_in28,7,0.0,K,1.0e-8,true
R9-P5-temperature,input,S_out28,7,0.0,K,1.0e-8,true
R9-P5-cyclic-replay,input,S28,8,0.0,K,1.0e-8,true
R9-P5-temperature,input,S_in28,8,0.0,K,1.0e-8,true
R9-P5-temperature,input,S_out28,8,0.0,K,1.0e-8,true
R9-P5-cyclic-replay,input,S28,9,0.0,K,1.0e-8,true
R9-P5-temperature,input,S_in28,9,0.0,K,1.0e-8,true
R9-P5-temperature,input,S_out28,9,0.0,K,1.0e-8,true
R9-P5-cyclic-replay,input,S28,10,0.0,K,1.0e-8,true
R9-P5-temperature,input,S_in28,10,0.0,K,1.0e-8,true
R9-P5-temperature,input,S_out28,10,0.0,K,1.0e-8,true
R9-P5-cyclic-replay,input,S28,11,0.0,K,1.0e-8,true
R9-P5-temperature,input,S_in28,11,0.0,K,1.0e-8,true
R9-P5-temperature,input,S_out28,11,0.0,K,1.0e-8,true
R9-P5-cyclic-replay,input,S28,12,0.0,K,1.0e-8,true
R9-P5-temperature,input,S_in28,12,0.0,K,1.0e-8,true
R9-P5-temperature,input,S_out28,12,0.0,K,1.0e-8,true
R9-P5-cyclic-replay,input,S28,13,0.0,K,1.0e-8,true
R9-P5-temperature,input,S_in28,13,0.0,K,1.0e-8,true
R9-P5-temperature,input,S_out28,13,0.0,K,1.0e-8,true
R9-P5-cyclic-replay,input,S28,14,0.0,K,1.0e-8,true
R9-P5-temperature,input,S_in28,14,0.0,K,1.0e-8,true
R9-P5-temperature,input,S_out28,14,0.0,K,1.0e-8,true
R9-P5-cyclic-replay,input,S28,15,0.0,K,1.0e-8,true
R9-P5-temperature,input,S_in28,15,0.0,K,1.0e-8,true
R9-P5-temperature,input,S_out28,15,0.0,K,1.0e-8,true
R9-P5-cyclic-replay,input,S28,16,0.0,K,1.0e-8,true
R9-P5-temperature,input,S_in28,16,0.0,K,1.0e-8,true
R9-P5-temperature,input,S_out28,16,0.0,K,1.0e-8,true
R9-P5-cyclic-replay,input,S28,17,0.0,K,1.0e-8,true
R9-P5-temperature,input,S_in28,17,0.0,K,1.0e-8,true
R9-P5-temperature,input,S_out28,17,0.0,K,1.0e-8,true
R9-P5-cyclic-replay,input,S28,18,0.0,K,1.0e-8,true
R9-P5-temperature,input,S_in28,18,0.0,K,1.0e-8,true
R9-P5-temperature,input,S_out28,18,0.0,K,1.0e-8,true
R9-P5-cyclic-replay,input,S28,19,0.0,K,1.0e-8,true
R9-P5-temperature,input,S_in28,19,0.0,K,1.0e-8,true
R9-P5-temperature,input,S_out28,19,0.0,K,1.0e-8,true
R9-P5-cyclic-replay,input,S28,20,0.0,K,1.0e-8,true
R9-P5-temperature,input,S_in28,20,0.0,K,1.0e-8,true
R9-P5-temperature,input,S_out28,20,0.0,K,1.0e-8,true
R9-P5-cyclic-replay,input,S28,21,0.0,K,1.0e-8,true
R9-P5-temperature,input,S_in28,21,0.0,K,1.0e-8,true
R9-P5-temperature,input,S_out28,21,0.0,K,1.0e-8,true
R9-P5-cyclic-replay,input,S28,22,0.0,K,1.0e-8,true
R9-P5-temperature,input,S_in28,22,0.0,K,1.0e-8,true
R9-P5-temperature,input,S_out28,22,0.0,K,1.0e-8,true
R9-P5-cyclic-replay,input,S28,23,0.0,K,1.0e-8,true
R9-P5-temperature,input,S_in28,23,0.0,K,1.0e-8,true
R9-P5-temperature,input,S_out28,23,0.0,K,1.0e-8,true
R9-P5-cyclic-replay,input,S28,24,0.0,K,1.0e-8,true
R9-P5-temperature,input,S_in28,24,0.0,K,1.0e-8,true
R9-P5-temperature,input,S_out28,24,0.0,K,1.0e-8,true
R9-P5-cyclic-replay,input,R28,1,0.0,K,1.0e-8,true
R9-P5-temperature,input,R_in28,1,0.0,K,1.0e-8,true
R9-P5-temperature,input,R_out28,1,0.0,K,1.0e-8,true
R9-P5-cyclic-replay,input,R28,2,0.0,K,1.0e-8,true
R9-P5-temperature,input,R_in28,2,0.0,K,1.0e-8,true
R9-P5-temperature,input,R_out28,2,0.0,K,1.0e-8,true
R9-P5-cyclic-replay,input,R28,3,0.0,K,1.0e-8,true
R9-P5-temperature,input,R_in28,3,0.0,K,1.0e-8,true
R9-P5-temperature,input,R_out28,3,0.0,K,1.0e-8,true
R9-P5-cyclic-replay,input,R28,4,0.0,K,1.0e-8,true
R9-P5-temperature,input,R_in28,4,0.0,K,1.0e-8,true
R9-P5-temperature,input,R_out28,4,0.0,K,1.0e-8,true
R9-P5-cyclic-replay,input,R28,5,0.0,K,1.0e-8,true
R9-P5-temperature,input,R_in28,5,0.0,K,1.0e-8,true
R9-P5-temperature,input,R_out28,5,0.0,K,1.0e-8,true
R9-P5-cyclic-replay,input,R28,6,0.0,K,1.0e-8,true
R9-P5-temperature,input,R_in28,6,0.0,K,1.0e-8,true
R9-P5-temperature,input,R_out28,6,0.0,K,1.0e-8,true
R9-P5-cyclic-replay,input,R28,7,0.0,K,1.0e-8,true
R9-P5-temperature,input,R_in28,7,0.0,K,1.0e-8,true
R9-P5-temperature,input,R_out28,7,0.0,K,1.0e-8,true
R9-P5-cyclic-replay,input,R28,8,0.0,K,1.0e-8,true
R9-P5-temperature,input,R_in28,8,0.0,K,1.0e-8,true
R9-P5-temperature,input,R_out28,8,0.0,K,1.0e-8,true
R9-P5-cyclic-replay,input,R28,9,0.0,K,1.0e-8,true
R9-P5-temperature,input,R_in28,9,0.0,K,1.0e-8,true
R9-P5-temperature,input,R_out28,9,0.0,K,1.0e-8,true
R9-P5-cyclic-replay,input,R28,10,0.0,K,1.0e-8,true
R9-P5-temperature,input,R_in28,10,0.0,K,1.0e-8,true
R9-P5-temperature,input,R_out28,10,0.0,K,1.0e-8,true
R9-P5-cyclic-replay,input,R28,11,0.0,K,1.0e-8,true
R9-P5-temperature,input,R_in28,11,0.0,K,1.0e-8,true
R9-P5-temperature,input,R_out28,11,0.0,K,1.0e-8,true
R9-P5-cyclic-replay,input,R28,12,0.0,K,1.0e-8,true
R9-P5-temperature,input,R_in28,12,0.0,K,1.0e-8,true
R9-P5-temperature,input,R_out28,12,0.0,K,1.0e-8,true
R9-P5-cyclic-replay,input,R28,13,0.0,K,1.0e-8,true
R9-P5-temperature,input,R_in28,13,0.0,K,1.0e-8,true
R9-P5-temperature,input,R_out28,13,0.0,K,1.0e-8,true
R9-P5-cyclic-replay,input,R28,14,0.0,K,1.0e-8,true
R9-P5-temperature,input,R_in28,14,0.0,K,1.0e-8,true
R9-P5-temperature,input,R_out28,14,0.0,K,1.0e-8,true
R9-P5-cyclic-replay,input,R28,15,0.0,K,1.0e-8,true
R9-P5-temperature,input,R_in28,15,0.0,K,1.0e-8,true
R9-P5-temperature,input,R_out28,15,0.0,K,1.0e-8,true
R9-P5-cyclic-replay,input,R28,16,0.0,K,1.0e-8,true
R9-P5-temperature,input,R_in28,16,0.0,K,1.0e-8,true
R9-P5-temperature,input,R_out28,16,0.0,K,1.0e-8,true
R9-P5-cyclic-replay,input,R28,17,0.0,K,1.0e-8,true
R9-P5-temperature,input,R_in28,17,0.0,K,1.0e-8,true
R9-P5-temperature,input,R_out28,17,0.0,K,1.0e-8,true
R9-P5-cyclic-replay,input,R28,18,0.0,K,1.0e-8,true
R9-P5-temperature,input,R_in28,18,0.0,K,1.0e-8,true
R9-P5-temperature,input,R_out28,18,0.0,K,1.0e-8,true
R9-P5-cyclic-replay,input,R28,19,0.0,K,1.0e-8,true
R9-P5-temperature,input,R_in28,19,0.0,K,1.0e-8,true
R9-P5-temperature,input,R_out28,19,0.0,K,1.0e-8,true
R9-P5-cyclic-replay,input,R28,20,0.0,K,1.0e-8,true
R9-P5-temperature,input,R_in28,20,0.0,K,1.0e-8,true
R9-P5-temperature,input,R_out28,20,0.0,K,1.0e-8,true
R9-P5-cyclic-replay,input,R28,21,0.0,K,1.0e-8,true
R9-P5-temperature,input,R_in28,21,0.0,K,1.0e-8,true
R9-P5-temperature,input,R_out28,21,0.0,K,1.0e-8,true
R9-P5-cyclic-replay,input,R28,22,0.0,K,1.0e-8,true
R9-P5-temperature,input,R_in28,22,0.0,K,1.0e-8,true
R9-P5-temperature,input,R_out28,22,0.0,K,1.0e-8,true
R9-P5-cyclic-replay,input,R28,23,0.0,K,1.0e-8,true
R9-P5-temperature,input,R_in28,23,0.0,K,1.0e-8,true
R9-P5-temperature,input,R_out28,23,0.0,K,1.0e-8,true
R9-P5-cyclic-replay,input,R28,24,0.0,K,1.0e-8,true
R9-P5-temperature,input,R_in28,24,0.0,K,1.0e-8,true
R9-P5-temperature,input,R_out28,24,0.0,K,1.0e-8,true
R9-P5-cyclic-replay,input,S29,1,0.0,K,1.0e-8,true
R9-P5-temperature,input,S_in29,1,0.0,K,1.0e-8,true
R9-P5-temperature,input,S_out29,1,0.0,K,1.0e-8,true
R9-P5-cyclic-replay,input,S29,2,0.0,K,1.0e-8,true
R9-P5-temperature,input,S_in29,2,0.0,K,1.0e-8,true
R9-P5-temperature,input,S_out29,2,0.0,K,1.0e-8,true
R9-P5-cyclic-replay,input,S29,3,0.0,K,1.0e-8,true
R9-P5-temperature,input,S_in29,3,0.0,K,1.0e-8,true
R9-P5-temperature,input,S_out29,3,0.0,K,1.0e-8,true
R9-P5-cyclic-replay,input,S29,4,0.0,K,1.0e-8,true
R9-P5-temperature,input,S_in29,4,0.0,K,1.0e-8,true
R9-P5-temperature,input,S_out29,4,0.0,K,1.0e-8,true
R9-P5-cyclic-replay,input,S29,5,0.0,K,1.0e-8,true
R9-P5-temperature,input,S_in29,5,0.0,K,1.0e-8,true
R9-P5-temperature,input,S_out29,5,0.0,K,1.0e-8,true
R9-P5-cyclic-replay,input,S29,6,0.0,K,1.0e-8,true
R9-P5-temperature,input,S_in29,6,0.0,K,1.0e-8,true
R9-P5-temperature,input,S_out29,6,0.0,K,1.0e-8,true
R9-P5-cyclic-replay,input,S29,7,0.0,K,1.0e-8,true
R9-P5-temperature,input,S_in29,7,0.0,K,1.0e-8,true
R9-P5-temperature,input,S_out29,7,0.0,K,1.0e-8,true
R9-P5-cyclic-replay,input,S29,8,0.0,K,1.0e-8,true
R9-P5-temperature,input,S_in29,8,0.0,K,1.0e-8,true
R9-P5-temperature,input,S_out29,8,0.0,K,1.0e-8,true
R9-P5-cyclic-replay,input,S29,9,0.0,K,1.0e-8,true
R9-P5-temperature,input,S_in29,9,0.0,K,1.0e-8,true
R9-P5-temperature,input,S_out29,9,0.0,K,1.0e-8,true
R9-P5-cyclic-replay,input,S29,10,0.0,K,1.0e-8,true
R9-P5-temperature,input,S_in29,10,0.0,K,1.0e-8,true
R9-P5-temperature,input,S_out29,10,0.0,K,1.0e-8,true
R9-P5-cyclic-replay,input,S29,11,0.0,K,1.0e-8,true
R9-P5-temperature,input,S_in29,11,0.0,K,1.0e-8,true
R9-P5-temperature,input,S_out29,11,0.0,K,1.0e-8,true
R9-P5-cyclic-replay,input,S29,12,0.0,K,1.0e-8,true
R9-P5-temperature,input,S_in29,12,0.0,K,1.0e-8,true
R9-P5-temperature,input,S_out29,12,0.0,K,1.0e-8,true
R9-P5-cyclic-replay,input,S29,13,0.0,K,1.0e-8,true
R9-P5-temperature,input,S_in29,13,0.0,K,1.0e-8,true
R9-P5-temperature,input,S_out29,13,0.0,K,1.0e-8,true
R9-P5-cyclic-replay,input,S29,14,0.0,K,1.0e-8,true
R9-P5-temperature,input,S_in29,14,0.0,K,1.0e-8,true
R9-P5-temperature,input,S_out29,14,0.0,K,1.0e-8,true
R9-P5-cyclic-replay,input,S29,15,0.0,K,1.0e-8,true
R9-P5-temperature,input,S_in29,15,0.0,K,1.0e-8,true
R9-P5-temperature,input,S_out29,15,0.0,K,1.0e-8,true
R9-P5-cyclic-replay,input,S29,16,0.0,K,1.0e-8,true
R9-P5-temperature,input,S_in29,16,0.0,K,1.0e-8,true
R9-P5-temperature,input,S_out29,16,0.0,K,1.0e-8,true
R9-P5-cyclic-replay,input,S29,17,0.0,K,1.0e-8,true
R9-P5-temperature,input,S_in29,17,0.0,K,1.0e-8,true
R9-P5-temperature,input,S_out29,17,0.0,K,1.0e-8,true
R9-P5-cyclic-replay,input,S29,18,0.0,K,1.0e-8,true
R9-P5-temperature,input,S_in29,18,0.0,K,1.0e-8,true
R9-P5-temperature,input,S_out29,18,0.0,K,1.0e-8,true
R9-P5-cyclic-replay,input,S29,19,0.0,K,1.0e-8,true
R9-P5-temperature,input,S_in29,19,0.0,K,1.0e-8,true
R9-P5-temperature,input,S_out29,19,0.0,K,1.0e-8,true
R9-P5-cyclic-replay,input,S29,20,0.0,K,1.0e-8,true
R9-P5-temperature,input,S_in29,20,0.0,K,1.0e-8,true
R9-P5-temperature,input,S_out29,20,0.0,K,1.0e-8,true
R9-P5-cyclic-replay,input,S29,21,0.0,K,1.0e-8,true
R9-P5-temperature,input,S_in29,21,0.0,K,1.0e-8,true
R9-P5-temperature,input,S_out29,21,0.0,K,1.0e-8,true
R9-P5-cyclic-replay,input,S29,22,0.0,K,1.0e-8,true
R9-P5-temperature,input,S_in29,22,0.0,K,1.0e-8,true
R9-P5-temperature,input,S_out29,22,0.0,K,1.0e-8,true
R9-P5-cyclic-replay,input,S29,23,0.0,K,1.0e-8,true
R9-P5-temperature,input,S_in29,23,0.0,K,1.0e-8,true
R9-P5-temperature,input,S_out29,23,0.0,K,1.0e-8,true
R9-P5-cyclic-replay,input,S29,24,0.0,K,1.0e-8,true
R9-P5-temperature,input,S_in29,24,0.0,K,1.0e-8,true
R9-P5-temperature,input,S_out29,24,0.0,K,1.0e-8,true
R9-P5-cyclic-replay,input,R29,1,0.0,K,1.0e-8,true
R9-P5-temperature,input,R_in29,1,0.0,K,1.0e-8,true
R9-P5-temperature,input,R_out29,1,0.0,K,1.0e-8,true
R9-P5-cyclic-replay,input,R29,2,0.0,K,1.0e-8,true
R9-P5-temperature,input,R_in29,2,0.0,K,1.0e-8,true
R9-P5-temperature,input,R_out29,2,0.0,K,1.0e-8,true
R9-P5-cyclic-replay,input,R29,3,0.0,K,1.0e-8,true
R9-P5-temperature,input,R_in29,3,0.0,K,1.0e-8,true
R9-P5-temperature,input,R_out29,3,0.0,K,1.0e-8,true
R9-P5-cyclic-replay,input,R29,4,0.0,K,1.0e-8,true
R9-P5-temperature,input,R_in29,4,0.0,K,1.0e-8,true
R9-P5-temperature,input,R_out29,4,0.0,K,1.0e-8,true
R9-P5-cyclic-replay,input,R29,5,0.0,K,1.0e-8,true
R9-P5-temperature,input,R_in29,5,0.0,K,1.0e-8,true
R9-P5-temperature,input,R_out29,5,0.0,K,1.0e-8,true
R9-P5-cyclic-replay,input,R29,6,0.0,K,1.0e-8,true
R9-P5-temperature,input,R_in29,6,0.0,K,1.0e-8,true
R9-P5-temperature,input,R_out29,6,0.0,K,1.0e-8,true
R9-P5-cyclic-replay,input,R29,7,0.0,K,1.0e-8,true
R9-P5-temperature,input,R_in29,7,0.0,K,1.0e-8,true
R9-P5-temperature,input,R_out29,7,0.0,K,1.0e-8,true
R9-P5-cyclic-replay,input,R29,8,0.0,K,1.0e-8,true
R9-P5-temperature,input,R_in29,8,0.0,K,1.0e-8,true
R9-P5-temperature,input,R_out29,8,0.0,K,1.0e-8,true
R9-P5-cyclic-replay,input,R29,9,0.0,K,1.0e-8,true
R9-P5-temperature,input,R_in29,9,0.0,K,1.0e-8,true
R9-P5-temperature,input,R_out29,9,0.0,K,1.0e-8,true
R9-P5-cyclic-replay,input,R29,10,0.0,K,1.0e-8,true
R9-P5-temperature,input,R_in29,10,0.0,K,1.0e-8,true
R9-P5-temperature,input,R_out29,10,0.0,K,1.0e-8,true
R9-P5-cyclic-replay,input,R29,11,0.0,K,1.0e-8,true
R9-P5-temperature,input,R_in29,11,0.0,K,1.0e-8,true
R9-P5-temperature,input,R_out29,11,0.0,K,1.0e-8,true
R9-P5-cyclic-replay,input,R29,12,0.0,K,1.0e-8,true
R9-P5-temperature,input,R_in29,12,0.0,K,1.0e-8,true
R9-P5-temperature,input,R_out29,12,0.0,K,1.0e-8,true
R9-P5-cyclic-replay,input,R29,13,0.0,K,1.0e-8,true
R9-P5-temperature,input,R_in29,13,0.0,K,1.0e-8,true
R9-P5-temperature,input,R_out29,13,0.0,K,1.0e-8,true
R9-P5-cyclic-replay,input,R29,14,0.0,K,1.0e-8,true
R9-P5-temperature,input,R_in29,14,0.0,K,1.0e-8,true
R9-P5-temperature,input,R_out29,14,0.0,K,1.0e-8,true
R9-P5-cyclic-replay,input,R29,15,0.0,K,1.0e-8,true
R9-P5-temperature,input,R_in29,15,0.0,K,1.0e-8,true
R9-P5-temperature,input,R_out29,15,0.0,K,1.0e-8,true
R9-P5-cyclic-replay,input,R29,16,0.0,K,1.0e-8,true
R9-P5-temperature,input,R_in29,16,0.0,K,1.0e-8,true
R9-P5-temperature,input,R_out29,16,0.0,K,1.0e-8,true
R9-P5-cyclic-replay,input,R29,17,0.0,K,1.0e-8,true
R9-P5-temperature,input,R_in29,17,0.0,K,1.0e-8,true
R9-P5-temperature,input,R_out29,17,0.0,K,1.0e-8,true
R9-P5-cyclic-replay,input,R29,18,0.0,K,1.0e-8,true
R9-P5-temperature,input,R_in29,18,0.0,K,1.0e-8,true
R9-P5-temperature,input,R_out29,18,0.0,K,1.0e-8,true
R9-P5-cyclic-replay,input,R29,19,0.0,K,1.0e-8,true
R9-P5-temperature,input,R_in29,19,0.0,K,1.0e-8,true
R9-P5-temperature,input,R_out29,19,0.0,K,1.0e-8,true
R9-P5-cyclic-replay,input,R29,20,0.0,K,1.0e-8,true
R9-P5-temperature,input,R_in29,20,0.0,K,1.0e-8,true
R9-P5-temperature,input,R_out29,20,0.0,K,1.0e-8,true
R9-P5-cyclic-replay,input,R29,21,0.0,K,1.0e-8,true
R9-P5-temperature,input,R_in29,21,0.0,K,1.0e-8,true
R9-P5-temperature,input,R_out29,21,0.0,K,1.0e-8,true
R9-P5-cyclic-replay,input,R29,22,0.0,K,1.0e-8,true
R9-P5-temperature,input,R_in29,22,0.0,K,1.0e-8,true
R9-P5-temperature,input,R_out29,22,0.0,K,1.0e-8,true
R9-P5-cyclic-replay,input,R29,23,0.0,K,1.0e-8,true
R9-P5-temperature,input,R_in29,23,0.0,K,1.0e-8,true
R9-P5-temperature,input,R_out29,23,0.0,K,1.0e-8,true
R9-P5-cyclic-replay,input,R29,24,0.0,K,1.0e-8,true
R9-P5-temperature,input,R_in29,24,0.0,K,1.0e-8,true
R9-P5-temperature,input,R_out29,24,0.0,K,1.0e-8,true
R9-P5-cyclic-replay,input,S30,1,0.0,K,1.0e-8,true
R9-P5-temperature,input,S_in30,1,0.0,K,1.0e-8,true
R9-P5-temperature,input,S_out30,1,0.0,K,1.0e-8,true
R9-P5-cyclic-replay,input,S30,2,0.0,K,1.0e-8,true
R9-P5-temperature,input,S_in30,2,0.0,K,1.0e-8,true
R9-P5-temperature,input,S_out30,2,0.0,K,1.0e-8,true
R9-P5-cyclic-replay,input,S30,3,0.0,K,1.0e-8,true
R9-P5-temperature,input,S_in30,3,0.0,K,1.0e-8,true
R9-P5-temperature,input,S_out30,3,0.0,K,1.0e-8,true
R9-P5-cyclic-replay,input,S30,4,0.0,K,1.0e-8,true
R9-P5-temperature,input,S_in30,4,0.0,K,1.0e-8,true
R9-P5-temperature,input,S_out30,4,0.0,K,1.0e-8,true
R9-P5-cyclic-replay,input,S30,5,0.0,K,1.0e-8,true
R9-P5-temperature,input,S_in30,5,0.0,K,1.0e-8,true
R9-P5-temperature,input,S_out30,5,0.0,K,1.0e-8,true
R9-P5-cyclic-replay,input,S30,6,0.0,K,1.0e-8,true
R9-P5-temperature,input,S_in30,6,0.0,K,1.0e-8,true
R9-P5-temperature,input,S_out30,6,0.0,K,1.0e-8,true
R9-P5-cyclic-replay,input,S30,7,0.0,K,1.0e-8,true
R9-P5-temperature,input,S_in30,7,0.0,K,1.0e-8,true
R9-P5-temperature,input,S_out30,7,0.0,K,1.0e-8,true
R9-P5-cyclic-replay,input,S30,8,0.0,K,1.0e-8,true
R9-P5-temperature,input,S_in30,8,0.0,K,1.0e-8,true
R9-P5-temperature,input,S_out30,8,0.0,K,1.0e-8,true
R9-P5-cyclic-replay,input,S30,9,0.0,K,1.0e-8,true
R9-P5-temperature,input,S_in30,9,0.0,K,1.0e-8,true
R9-P5-temperature,input,S_out30,9,0.0,K,1.0e-8,true
R9-P5-cyclic-replay,input,S30,10,0.0,K,1.0e-8,true
R9-P5-temperature,input,S_in30,10,0.0,K,1.0e-8,true
R9-P5-temperature,input,S_out30,10,0.0,K,1.0e-8,true
R9-P5-cyclic-replay,input,S30,11,0.0,K,1.0e-8,true
R9-P5-temperature,input,S_in30,11,0.0,K,1.0e-8,true
R9-P5-temperature,input,S_out30,11,0.0,K,1.0e-8,true
R9-P5-cyclic-replay,input,S30,12,0.0,K,1.0e-8,true
R9-P5-temperature,input,S_in30,12,0.0,K,1.0e-8,true
R9-P5-temperature,input,S_out30,12,0.0,K,1.0e-8,true
R9-P5-cyclic-replay,input,S30,13,0.0,K,1.0e-8,true
R9-P5-temperature,input,S_in30,13,0.0,K,1.0e-8,true
R9-P5-temperature,input,S_out30,13,0.0,K,1.0e-8,true
R9-P5-cyclic-replay,input,S30,14,0.0,K,1.0e-8,true
R9-P5-temperature,input,S_in30,14,0.0,K,1.0e-8,true
R9-P5-temperature,input,S_out30,14,0.0,K,1.0e-8,true
R9-P5-cyclic-replay,input,S30,15,0.0,K,1.0e-8,true
R9-P5-temperature,input,S_in30,15,0.0,K,1.0e-8,true
R9-P5-temperature,input,S_out30,15,0.0,K,1.0e-8,true
R9-P5-cyclic-replay,input,S30,16,0.0,K,1.0e-8,true
R9-P5-temperature,input,S_in30,16,0.0,K,1.0e-8,true
R9-P5-temperature,input,S_out30,16,0.0,K,1.0e-8,true
R9-P5-cyclic-replay,input,S30,17,0.0,K,1.0e-8,true
R9-P5-temperature,input,S_in30,17,0.0,K,1.0e-8,true
R9-P5-temperature,input,S_out30,17,0.0,K,1.0e-8,true
R9-P5-cyclic-replay,input,S30,18,0.0,K,1.0e-8,true
R9-P5-temperature,input,S_in30,18,0.0,K,1.0e-8,true
R9-P5-temperature,input,S_out30,18,0.0,K,1.0e-8,true
R9-P5-cyclic-replay,input,S30,19,0.0,K,1.0e-8,true
R9-P5-temperature,input,S_in30,19,0.0,K,1.0e-8,true
R9-P5-temperature,input,S_out30,19,0.0,K,1.0e-8,true
R9-P5-cyclic-replay,input,S30,20,0.0,K,1.0e-8,true
R9-P5-temperature,input,S_in30,20,0.0,K,1.0e-8,true
R9-P5-temperature,input,S_out30,20,0.0,K,1.0e-8,true
R9-P5-cyclic-replay,input,S30,21,0.0,K,1.0e-8,true
R9-P5-temperature,input,S_in30,21,0.0,K,1.0e-8,true
R9-P5-temperature,input,S_out30,21,0.0,K,1.0e-8,true
R9-P5-cyclic-replay,input,S30,22,0.0,K,1.0e-8,true
R9-P5-temperature,input,S_in30,22,0.0,K,1.0e-8,true
R9-P5-temperature,input,S_out30,22,0.0,K,1.0e-8,true
R9-P5-cyclic-replay,input,S30,23,0.0,K,1.0e-8,true
R9-P5-temperature,input,S_in30,23,0.0,K,1.0e-8,true
R9-P5-temperature,input,S_out30,23,0.0,K,1.0e-8,true
R9-P5-cyclic-replay,input,S30,24,0.0,K,1.0e-8,true
R9-P5-temperature,input,S_in30,24,0.0,K,1.0e-8,true
R9-P5-temperature,input,S_out30,24,0.0,K,1.0e-8,true
R9-P5-cyclic-replay,input,R30,1,0.0,K,1.0e-8,true
R9-P5-temperature,input,R_in30,1,0.0,K,1.0e-8,true
R9-P5-temperature,input,R_out30,1,0.0,K,1.0e-8,true
R9-P5-cyclic-replay,input,R30,2,0.0,K,1.0e-8,true
R9-P5-temperature,input,R_in30,2,0.0,K,1.0e-8,true
R9-P5-temperature,input,R_out30,2,0.0,K,1.0e-8,true
R9-P5-cyclic-replay,input,R30,3,0.0,K,1.0e-8,true
R9-P5-temperature,input,R_in30,3,0.0,K,1.0e-8,true
R9-P5-temperature,input,R_out30,3,0.0,K,1.0e-8,true
R9-P5-cyclic-replay,input,R30,4,0.0,K,1.0e-8,true
R9-P5-temperature,input,R_in30,4,0.0,K,1.0e-8,true
R9-P5-temperature,input,R_out30,4,0.0,K,1.0e-8,true
R9-P5-cyclic-replay,input,R30,5,0.0,K,1.0e-8,true
R9-P5-temperature,input,R_in30,5,0.0,K,1.0e-8,true
R9-P5-temperature,input,R_out30,5,0.0,K,1.0e-8,true
R9-P5-cyclic-replay,input,R30,6,0.0,K,1.0e-8,true
R9-P5-temperature,input,R_in30,6,0.0,K,1.0e-8,true
R9-P5-temperature,input,R_out30,6,0.0,K,1.0e-8,true
R9-P5-cyclic-replay,input,R30,7,0.0,K,1.0e-8,true
R9-P5-temperature,input,R_in30,7,0.0,K,1.0e-8,true
R9-P5-temperature,input,R_out30,7,0.0,K,1.0e-8,true
R9-P5-cyclic-replay,input,R30,8,0.0,K,1.0e-8,true
R9-P5-temperature,input,R_in30,8,0.0,K,1.0e-8,true
R9-P5-temperature,input,R_out30,8,0.0,K,1.0e-8,true
R9-P5-cyclic-replay,input,R30,9,0.0,K,1.0e-8,true
R9-P5-temperature,input,R_in30,9,0.0,K,1.0e-8,true
R9-P5-temperature,input,R_out30,9,0.0,K,1.0e-8,true
R9-P5-cyclic-replay,input,R30,10,0.0,K,1.0e-8,true
R9-P5-temperature,input,R_in30,10,0.0,K,1.0e-8,true
R9-P5-temperature,input,R_out30,10,0.0,K,1.0e-8,true
R9-P5-cyclic-replay,input,R30,11,0.0,K,1.0e-8,true
R9-P5-temperature,input,R_in30,11,0.0,K,1.0e-8,true
R9-P5-temperature,input,R_out30,11,0.0,K,1.0e-8,true
R9-P5-cyclic-replay,input,R30,12,0.0,K,1.0e-8,true
R9-P5-temperature,input,R_in30,12,0.0,K,1.0e-8,true
R9-P5-temperature,input,R_out30,12,0.0,K,1.0e-8,true
R9-P5-cyclic-replay,input,R30,13,0.0,K,1.0e-8,true
R9-P5-temperature,input,R_in30,13,0.0,K,1.0e-8,true
R9-P5-temperature,input,R_out30,13,0.0,K,1.0e-8,true
R9-P5-cyclic-replay,input,R30,14,0.0,K,1.0e-8,true
R9-P5-temperature,input,R_in30,14,0.0,K,1.0e-8,true
R9-P5-temperature,input,R_out30,14,0.0,K,1.0e-8,true
R9-P5-cyclic-replay,input,R30,15,0.0,K,1.0e-8,true
R9-P5-temperature,input,R_in30,15,0.0,K,1.0e-8,true
R9-P5-temperature,input,R_out30,15,0.0,K,1.0e-8,true
R9-P5-cyclic-replay,input,R30,16,0.0,K,1.0e-8,true
R9-P5-temperature,input,R_in30,16,0.0,K,1.0e-8,true
R9-P5-temperature,input,R_out30,16,0.0,K,1.0e-8,true
R9-P5-cyclic-replay,input,R30,17,0.0,K,1.0e-8,true
R9-P5-temperature,input,R_in30,17,0.0,K,1.0e-8,true
R9-P5-temperature,input,R_out30,17,0.0,K,1.0e-8,true
R9-P5-cyclic-replay,input,R30,18,0.0,K,1.0e-8,true
R9-P5-temperature,input,R_in30,18,0.0,K,1.0e-8,true
R9-P5-temperature,input,R_out30,18,0.0,K,1.0e-8,true
R9-P5-cyclic-replay,input,R30,19,0.0,K,1.0e-8,true
R9-P5-temperature,input,R_in30,19,0.0,K,1.0e-8,true
R9-P5-temperature,input,R_out30,19,0.0,K,1.0e-8,true
R9-P5-cyclic-replay,input,R30,20,0.0,K,1.0e-8,true
R9-P5-temperature,input,R_in30,20,0.0,K,1.0e-8,true
R9-P5-temperature,input,R_out30,20,0.0,K,1.0e-8,true
R9-P5-cyclic-replay,input,R30,21,0.0,K,1.0e-8,true
R9-P5-temperature,input,R_in30,21,0.0,K,1.0e-8,true
R9-P5-temperature,input,R_out30,21,0.0,K,1.0e-8,true
R9-P5-cyclic-replay,input,R30,22,0.0,K,1.0e-8,true
R9-P5-temperature,input,R_in30,22,0.0,K,1.0e-8,true
R9-P5-temperature,input,R_out30,22,0.0,K,1.0e-8,true
R9-P5-cyclic-replay,input,R30,23,0.0,K,1.0e-8,true
R9-P5-temperature,input,R_in30,23,0.0,K,1.0e-8,true
R9-P5-temperature,input,R_out30,23,0.0,K,1.0e-8,true
R9-P5-cyclic-replay,input,R30,24,0.0,K,1.0e-8,true
R9-P5-temperature,input,R_in30,24,0.0,K,1.0e-8,true
R9-P5-temperature,input,R_out30,24,0.0,K,1.0e-8,true
R9-P5-cyclic-replay,input,S31,1,0.0,K,1.0e-8,true
R9-P5-temperature,input,S_in31,1,0.0,K,1.0e-8,true
R9-P5-temperature,input,S_out31,1,0.0,K,1.0e-8,true
R9-P5-cyclic-replay,input,S31,2,0.0,K,1.0e-8,true
R9-P5-temperature,input,S_in31,2,0.0,K,1.0e-8,true
R9-P5-temperature,input,S_out31,2,0.0,K,1.0e-8,true
R9-P5-cyclic-replay,input,S31,3,0.0,K,1.0e-8,true
R9-P5-temperature,input,S_in31,3,0.0,K,1.0e-8,true
R9-P5-temperature,input,S_out31,3,0.0,K,1.0e-8,true
R9-P5-cyclic-replay,input,S31,4,0.0,K,1.0e-8,true
R9-P5-temperature,input,S_in31,4,0.0,K,1.0e-8,true
R9-P5-temperature,input,S_out31,4,0.0,K,1.0e-8,true
R9-P5-cyclic-replay,input,S31,5,0.0,K,1.0e-8,true
R9-P5-temperature,input,S_in31,5,0.0,K,1.0e-8,true
R9-P5-temperature,input,S_out31,5,0.0,K,1.0e-8,true
R9-P5-cyclic-replay,input,S31,6,0.0,K,1.0e-8,true
R9-P5-temperature,input,S_in31,6,0.0,K,1.0e-8,true
R9-P5-temperature,input,S_out31,6,0.0,K,1.0e-8,true
R9-P5-cyclic-replay,input,S31,7,0.0,K,1.0e-8,true
R9-P5-temperature,input,S_in31,7,0.0,K,1.0e-8,true
R9-P5-temperature,input,S_out31,7,0.0,K,1.0e-8,true
R9-P5-cyclic-replay,input,S31,8,0.0,K,1.0e-8,true
R9-P5-temperature,input,S_in31,8,0.0,K,1.0e-8,true
R9-P5-temperature,input,S_out31,8,0.0,K,1.0e-8,true
R9-P5-cyclic-replay,input,S31,9,0.0,K,1.0e-8,true
R9-P5-temperature,input,S_in31,9,0.0,K,1.0e-8,true
R9-P5-temperature,input,S_out31,9,0.0,K,1.0e-8,true
R9-P5-cyclic-replay,input,S31,10,0.0,K,1.0e-8,true
R9-P5-temperature,input,S_in31,10,0.0,K,1.0e-8,true
R9-P5-temperature,input,S_out31,10,0.0,K,1.0e-8,true
R9-P5-cyclic-replay,input,S31,11,0.0,K,1.0e-8,true
R9-P5-temperature,input,S_in31,11,0.0,K,1.0e-8,true
R9-P5-temperature,input,S_out31,11,0.0,K,1.0e-8,true
R9-P5-cyclic-replay,input,S31,12,0.0,K,1.0e-8,true
R9-P5-temperature,input,S_in31,12,0.0,K,1.0e-8,true
R9-P5-temperature,input,S_out31,12,0.0,K,1.0e-8,true
R9-P5-cyclic-replay,input,S31,13,0.0,K,1.0e-8,true
R9-P5-temperature,input,S_in31,13,0.0,K,1.0e-8,true
R9-P5-temperature,input,S_out31,13,0.0,K,1.0e-8,true
R9-P5-cyclic-replay,input,S31,14,0.0,K,1.0e-8,true
R9-P5-temperature,input,S_in31,14,0.0,K,1.0e-8,true
R9-P5-temperature,input,S_out31,14,0.0,K,1.0e-8,true
R9-P5-cyclic-replay,input,S31,15,0.0,K,1.0e-8,true
R9-P5-temperature,input,S_in31,15,0.0,K,1.0e-8,true
R9-P5-temperature,input,S_out31,15,0.0,K,1.0e-8,true
R9-P5-cyclic-replay,input,S31,16,0.0,K,1.0e-8,true
R9-P5-temperature,input,S_in31,16,0.0,K,1.0e-8,true
R9-P5-temperature,input,S_out31,16,0.0,K,1.0e-8,true
R9-P5-cyclic-replay,input,S31,17,0.0,K,1.0e-8,true
R9-P5-temperature,input,S_in31,17,0.0,K,1.0e-8,true
R9-P5-temperature,input,S_out31,17,0.0,K,1.0e-8,true
R9-P5-cyclic-replay,input,S31,18,0.0,K,1.0e-8,true
R9-P5-temperature,input,S_in31,18,0.0,K,1.0e-8,true
R9-P5-temperature,input,S_out31,18,0.0,K,1.0e-8,true
R9-P5-cyclic-replay,input,S31,19,0.0,K,1.0e-8,true
R9-P5-temperature,input,S_in31,19,0.0,K,1.0e-8,true
R9-P5-temperature,input,S_out31,19,0.0,K,1.0e-8,true
R9-P5-cyclic-replay,input,S31,20,0.0,K,1.0e-8,true
R9-P5-temperature,input,S_in31,20,0.0,K,1.0e-8,true
R9-P5-temperature,input,S_out31,20,0.0,K,1.0e-8,true
R9-P5-cyclic-replay,input,S31,21,0.0,K,1.0e-8,true
R9-P5-temperature,input,S_in31,21,0.0,K,1.0e-8,true
R9-P5-temperature,input,S_out31,21,0.0,K,1.0e-8,true
R9-P5-cyclic-replay,input,S31,22,0.0,K,1.0e-8,true
R9-P5-temperature,input,S_in31,22,0.0,K,1.0e-8,true
R9-P5-temperature,input,S_out31,22,0.0,K,1.0e-8,true
R9-P5-cyclic-replay,input,S31,23,0.0,K,1.0e-8,true
R9-P5-temperature,input,S_in31,23,0.0,K,1.0e-8,true
R9-P5-temperature,input,S_out31,23,0.0,K,1.0e-8,true
R9-P5-cyclic-replay,input,S31,24,0.0,K,1.0e-8,true
R9-P5-temperature,input,S_in31,24,0.0,K,1.0e-8,true
R9-P5-temperature,input,S_out31,24,0.0,K,1.0e-8,true
R9-P5-cyclic-replay,input,R31,1,0.0,K,1.0e-8,true
R9-P5-temperature,input,R_in31,1,0.0,K,1.0e-8,true
R9-P5-temperature,input,R_out31,1,0.0,K,1.0e-8,true
R9-P5-cyclic-replay,input,R31,2,0.0,K,1.0e-8,true
R9-P5-temperature,input,R_in31,2,0.0,K,1.0e-8,true
R9-P5-temperature,input,R_out31,2,0.0,K,1.0e-8,true
R9-P5-cyclic-replay,input,R31,3,0.0,K,1.0e-8,true
R9-P5-temperature,input,R_in31,3,0.0,K,1.0e-8,true
R9-P5-temperature,input,R_out31,3,0.0,K,1.0e-8,true
R9-P5-cyclic-replay,input,R31,4,0.0,K,1.0e-8,true
R9-P5-temperature,input,R_in31,4,0.0,K,1.0e-8,true
R9-P5-temperature,input,R_out31,4,0.0,K,1.0e-8,true
R9-P5-cyclic-replay,input,R31,5,0.0,K,1.0e-8,true
R9-P5-temperature,input,R_in31,5,0.0,K,1.0e-8,true
R9-P5-temperature,input,R_out31,5,0.0,K,1.0e-8,true
R9-P5-cyclic-replay,input,R31,6,0.0,K,1.0e-8,true
R9-P5-temperature,input,R_in31,6,0.0,K,1.0e-8,true
R9-P5-temperature,input,R_out31,6,0.0,K,1.0e-8,true
R9-P5-cyclic-replay,input,R31,7,0.0,K,1.0e-8,true
R9-P5-temperature,input,R_in31,7,0.0,K,1.0e-8,true
R9-P5-temperature,input,R_out31,7,0.0,K,1.0e-8,true
R9-P5-cyclic-replay,input,R31,8,0.0,K,1.0e-8,true
R9-P5-temperature,input,R_in31,8,0.0,K,1.0e-8,true
R9-P5-temperature,input,R_out31,8,0.0,K,1.0e-8,true
R9-P5-cyclic-replay,input,R31,9,0.0,K,1.0e-8,true
R9-P5-temperature,input,R_in31,9,0.0,K,1.0e-8,true
R9-P5-temperature,input,R_out31,9,0.0,K,1.0e-8,true
R9-P5-cyclic-replay,input,R31,10,0.0,K,1.0e-8,true
R9-P5-temperature,input,R_in31,10,0.0,K,1.0e-8,true
R9-P5-temperature,input,R_out31,10,0.0,K,1.0e-8,true
R9-P5-cyclic-replay,input,R31,11,0.0,K,1.0e-8,true
R9-P5-temperature,input,R_in31,11,0.0,K,1.0e-8,true
R9-P5-temperature,input,R_out31,11,0.0,K,1.0e-8,true
R9-P5-cyclic-replay,input,R31,12,0.0,K,1.0e-8,true
R9-P5-temperature,input,R_in31,12,0.0,K,1.0e-8,true
R9-P5-temperature,input,R_out31,12,0.0,K,1.0e-8,true
R9-P5-cyclic-replay,input,R31,13,0.0,K,1.0e-8,true
R9-P5-temperature,input,R_in31,13,0.0,K,1.0e-8,true
R9-P5-temperature,input,R_out31,13,0.0,K,1.0e-8,true
R9-P5-cyclic-replay,input,R31,14,0.0,K,1.0e-8,true
R9-P5-temperature,input,R_in31,14,0.0,K,1.0e-8,true
R9-P5-temperature,input,R_out31,14,0.0,K,1.0e-8,true
R9-P5-cyclic-replay,input,R31,15,0.0,K,1.0e-8,true
R9-P5-temperature,input,R_in31,15,0.0,K,1.0e-8,true
R9-P5-temperature,input,R_out31,15,0.0,K,1.0e-8,true
R9-P5-cyclic-replay,input,R31,16,0.0,K,1.0e-8,true
R9-P5-temperature,input,R_in31,16,0.0,K,1.0e-8,true
R9-P5-temperature,input,R_out31,16,0.0,K,1.0e-8,true
R9-P5-cyclic-replay,input,R31,17,0.0,K,1.0e-8,true
R9-P5-temperature,input,R_in31,17,0.0,K,1.0e-8,true
R9-P5-temperature,input,R_out31,17,0.0,K,1.0e-8,true
R9-P5-cyclic-replay,input,R31,18,0.0,K,1.0e-8,true
R9-P5-temperature,input,R_in31,18,0.0,K,1.0e-8,true
R9-P5-temperature,input,R_out31,18,0.0,K,1.0e-8,true
R9-P5-cyclic-replay,input,R31,19,0.0,K,1.0e-8,true
R9-P5-temperature,input,R_in31,19,0.0,K,1.0e-8,true
R9-P5-temperature,input,R_out31,19,0.0,K,1.0e-8,true
R9-P5-cyclic-replay,input,R31,20,0.0,K,1.0e-8,true
R9-P5-temperature,input,R_in31,20,0.0,K,1.0e-8,true
R9-P5-temperature,input,R_out31,20,0.0,K,1.0e-8,true
R9-P5-cyclic-replay,input,R31,21,0.0,K,1.0e-8,true
R9-P5-temperature,input,R_in31,21,0.0,K,1.0e-8,true
R9-P5-temperature,input,R_out31,21,0.0,K,1.0e-8,true
R9-P5-cyclic-replay,input,R31,22,0.0,K,1.0e-8,true
R9-P5-temperature,input,R_in31,22,0.0,K,1.0e-8,true
R9-P5-temperature,input,R_out31,22,0.0,K,1.0e-8,true
R9-P5-cyclic-replay,input,R31,23,0.0,K,1.0e-8,true
R9-P5-temperature,input,R_in31,23,0.0,K,1.0e-8,true
R9-P5-temperature,input,R_out31,23,0.0,K,1.0e-8,true
R9-P5-cyclic-replay,input,R31,24,0.0,K,1.0e-8,true
R9-P5-temperature,input,R_in31,24,0.0,K,1.0e-8,true
R9-P5-temperature,input,R_out31,24,0.0,K,1.0e-8,true
R9-P5-cyclic-replay,input,S32,1,0.0,K,1.0e-8,true
R9-P5-temperature,input,S_in32,1,0.0,K,1.0e-8,true
R9-P5-temperature,input,S_out32,1,0.0,K,1.0e-8,true
R9-P5-cyclic-replay,input,S32,2,0.0,K,1.0e-8,true
R9-P5-temperature,input,S_in32,2,0.0,K,1.0e-8,true
R9-P5-temperature,input,S_out32,2,0.0,K,1.0e-8,true
R9-P5-cyclic-replay,input,S32,3,0.0,K,1.0e-8,true
R9-P5-temperature,input,S_in32,3,0.0,K,1.0e-8,true
R9-P5-temperature,input,S_out32,3,0.0,K,1.0e-8,true
R9-P5-cyclic-replay,input,S32,4,0.0,K,1.0e-8,true
R9-P5-temperature,input,S_in32,4,0.0,K,1.0e-8,true
R9-P5-temperature,input,S_out32,4,0.0,K,1.0e-8,true
R9-P5-cyclic-replay,input,S32,5,0.0,K,1.0e-8,true
R9-P5-temperature,input,S_in32,5,0.0,K,1.0e-8,true
R9-P5-temperature,input,S_out32,5,0.0,K,1.0e-8,true
R9-P5-cyclic-replay,input,S32,6,0.0,K,1.0e-8,true
R9-P5-temperature,input,S_in32,6,0.0,K,1.0e-8,true
R9-P5-temperature,input,S_out32,6,0.0,K,1.0e-8,true
R9-P5-cyclic-replay,input,S32,7,0.0,K,1.0e-8,true
R9-P5-temperature,input,S_in32,7,0.0,K,1.0e-8,true
R9-P5-temperature,input,S_out32,7,0.0,K,1.0e-8,true
R9-P5-cyclic-replay,input,S32,8,0.0,K,1.0e-8,true
R9-P5-temperature,input,S_in32,8,0.0,K,1.0e-8,true
R9-P5-temperature,input,S_out32,8,0.0,K,1.0e-8,true
R9-P5-cyclic-replay,input,S32,9,0.0,K,1.0e-8,true
R9-P5-temperature,input,S_in32,9,0.0,K,1.0e-8,true
R9-P5-temperature,input,S_out32,9,0.0,K,1.0e-8,true
R9-P5-cyclic-replay,input,S32,10,0.0,K,1.0e-8,true
R9-P5-temperature,input,S_in32,10,0.0,K,1.0e-8,true
R9-P5-temperature,input,S_out32,10,0.0,K,1.0e-8,true
R9-P5-cyclic-replay,input,S32,11,0.0,K,1.0e-8,true
R9-P5-temperature,input,S_in32,11,0.0,K,1.0e-8,true
R9-P5-temperature,input,S_out32,11,0.0,K,1.0e-8,true
R9-P5-cyclic-replay,input,S32,12,0.0,K,1.0e-8,true
R9-P5-temperature,input,S_in32,12,0.0,K,1.0e-8,true
R9-P5-temperature,input,S_out32,12,0.0,K,1.0e-8,true
R9-P5-cyclic-replay,input,S32,13,0.0,K,1.0e-8,true
R9-P5-temperature,input,S_in32,13,0.0,K,1.0e-8,true
R9-P5-temperature,input,S_out32,13,0.0,K,1.0e-8,true
R9-P5-cyclic-replay,input,S32,14,0.0,K,1.0e-8,true
R9-P5-temperature,input,S_in32,14,0.0,K,1.0e-8,true
R9-P5-temperature,input,S_out32,14,0.0,K,1.0e-8,true
R9-P5-cyclic-replay,input,S32,15,0.0,K,1.0e-8,true
R9-P5-temperature,input,S_in32,15,0.0,K,1.0e-8,true
R9-P5-temperature,input,S_out32,15,0.0,K,1.0e-8,true
R9-P5-cyclic-replay,input,S32,16,0.0,K,1.0e-8,true
R9-P5-temperature,input,S_in32,16,0.0,K,1.0e-8,true
R9-P5-temperature,input,S_out32,16,0.0,K,1.0e-8,true
R9-P5-cyclic-replay,input,S32,17,0.0,K,1.0e-8,true
R9-P5-temperature,input,S_in32,17,0.0,K,1.0e-8,true
R9-P5-temperature,input,S_out32,17,0.0,K,1.0e-8,true
R9-P5-cyclic-replay,input,S32,18,0.0,K,1.0e-8,true
R9-P5-temperature,input,S_in32,18,0.0,K,1.0e-8,true
R9-P5-temperature,input,S_out32,18,0.0,K,1.0e-8,true
R9-P5-cyclic-replay,input,S32,19,0.0,K,1.0e-8,true
R9-P5-temperature,input,S_in32,19,0.0,K,1.0e-8,true
R9-P5-temperature,input,S_out32,19,0.0,K,1.0e-8,true
R9-P5-cyclic-replay,input,S32,20,0.0,K,1.0e-8,true
R9-P5-temperature,input,S_in32,20,0.0,K,1.0e-8,true
R9-P5-temperature,input,S_out32,20,0.0,K,1.0e-8,true
R9-P5-cyclic-replay,input,S32,21,0.0,K,1.0e-8,true
R9-P5-temperature,input,S_in32,21,0.0,K,1.0e-8,true
R9-P5-temperature,input,S_out32,21,0.0,K,1.0e-8,true
R9-P5-cyclic-replay,input,S32,22,0.0,K,1.0e-8,true
R9-P5-temperature,input,S_in32,22,0.0,K,1.0e-8,true
R9-P5-temperature,input,S_out32,22,0.0,K,1.0e-8,true
R9-P5-cyclic-replay,input,S32,23,0.0,K,1.0e-8,true
R9-P5-temperature,input,S_in32,23,0.0,K,1.0e-8,true
R9-P5-temperature,input,S_out32,23,0.0,K,1.0e-8,true
R9-P5-cyclic-replay,input,S32,24,0.0,K,1.0e-8,true
R9-P5-temperature,input,S_in32,24,0.0,K,1.0e-8,true
R9-P5-temperature,input,S_out32,24,0.0,K,1.0e-8,true
R9-P5-cyclic-replay,input,R32,1,0.0,K,1.0e-8,true
R9-P5-temperature,input,R_in32,1,0.0,K,1.0e-8,true
R9-P5-temperature,input,R_out32,1,0.0,K,1.0e-8,true
R9-P5-cyclic-replay,input,R32,2,0.0,K,1.0e-8,true
R9-P5-temperature,input,R_in32,2,0.0,K,1.0e-8,true
R9-P5-temperature,input,R_out32,2,0.0,K,1.0e-8,true
R9-P5-cyclic-replay,input,R32,3,0.0,K,1.0e-8,true
R9-P5-temperature,input,R_in32,3,0.0,K,1.0e-8,true
R9-P5-temperature,input,R_out32,3,0.0,K,1.0e-8,true
R9-P5-cyclic-replay,input,R32,4,0.0,K,1.0e-8,true
R9-P5-temperature,input,R_in32,4,0.0,K,1.0e-8,true
R9-P5-temperature,input,R_out32,4,0.0,K,1.0e-8,true
R9-P5-cyclic-replay,input,R32,5,0.0,K,1.0e-8,true
R9-P5-temperature,input,R_in32,5,0.0,K,1.0e-8,true
R9-P5-temperature,input,R_out32,5,0.0,K,1.0e-8,true
R9-P5-cyclic-replay,input,R32,6,0.0,K,1.0e-8,true
R9-P5-temperature,input,R_in32,6,0.0,K,1.0e-8,true
R9-P5-temperature,input,R_out32,6,0.0,K,1.0e-8,true
R9-P5-cyclic-replay,input,R32,7,0.0,K,1.0e-8,true
R9-P5-temperature,input,R_in32,7,0.0,K,1.0e-8,true
R9-P5-temperature,input,R_out32,7,0.0,K,1.0e-8,true
R9-P5-cyclic-replay,input,R32,8,0.0,K,1.0e-8,true
R9-P5-temperature,input,R_in32,8,0.0,K,1.0e-8,true
R9-P5-temperature,input,R_out32,8,0.0,K,1.0e-8,true
R9-P5-cyclic-replay,input,R32,9,0.0,K,1.0e-8,true
R9-P5-temperature,input,R_in32,9,0.0,K,1.0e-8,true
R9-P5-temperature,input,R_out32,9,0.0,K,1.0e-8,true
R9-P5-cyclic-replay,input,R32,10,0.0,K,1.0e-8,true
R9-P5-temperature,input,R_in32,10,0.0,K,1.0e-8,true
R9-P5-temperature,input,R_out32,10,0.0,K,1.0e-8,true
R9-P5-cyclic-replay,input,R32,11,0.0,K,1.0e-8,true
R9-P5-temperature,input,R_in32,11,0.0,K,1.0e-8,true
R9-P5-temperature,input,R_out32,11,0.0,K,1.0e-8,true
R9-P5-cyclic-replay,input,R32,12,0.0,K,1.0e-8,true
R9-P5-temperature,input,R_in32,12,0.0,K,1.0e-8,true
R9-P5-temperature,input,R_out32,12,0.0,K,1.0e-8,true
R9-P5-cyclic-replay,input,R32,13,0.0,K,1.0e-8,true
R9-P5-temperature,input,R_in32,13,0.0,K,1.0e-8,true
R9-P5-temperature,input,R_out32,13,0.0,K,1.0e-8,true
R9-P5-cyclic-replay,input,R32,14,0.0,K,1.0e-8,true
R9-P5-temperature,input,R_in32,14,0.0,K,1.0e-8,true
R9-P5-temperature,input,R_out32,14,0.0,K,1.0e-8,true
R9-P5-cyclic-replay,input,R32,15,0.0,K,1.0e-8,true
R9-P5-temperature,input,R_in32,15,0.0,K,1.0e-8,true
R9-P5-temperature,input,R_out32,15,0.0,K,1.0e-8,true
R9-P5-cyclic-replay,input,R32,16,0.0,K,1.0e-8,true
R9-P5-temperature,input,R_in32,16,0.0,K,1.0e-8,true
R9-P5-temperature,input,R_out32,16,0.0,K,1.0e-8,true
R9-P5-cyclic-replay,input,R32,17,0.0,K,1.0e-8,true
R9-P5-temperature,input,R_in32,17,0.0,K,1.0e-8,true
R9-P5-temperature,input,R_out32,17,0.0,K,1.0e-8,true
R9-P5-cyclic-replay,input,R32,18,0.0,K,1.0e-8,true
R9-P5-temperature,input,R_in32,18,0.0,K,1.0e-8,true
R9-P5-temperature,input,R_out32,18,0.0,K,1.0e-8,true
R9-P5-cyclic-replay,input,R32,19,0.0,K,1.0e-8,true
R9-P5-temperature,input,R_in32,19,0.0,K,1.0e-8,true
R9-P5-temperature,input,R_out32,19,0.0,K,1.0e-8,true
R9-P5-cyclic-replay,input,R32,20,0.0,K,1.0e-8,true
R9-P5-temperature,input,R_in32,20,0.0,K,1.0e-8,true
R9-P5-temperature,input,R_out32,20,0.0,K,1.0e-8,true
R9-P5-cyclic-replay,input,R32,21,0.0,K,1.0e-8,true
R9-P5-temperature,input,R_in32,21,0.0,K,1.0e-8,true
R9-P5-temperature,input,R_out32,21,0.0,K,1.0e-8,true
R9-P5-cyclic-replay,input,R32,22,0.0,K,1.0e-8,true
R9-P5-temperature,input,R_in32,22,0.0,K,1.0e-8,true
R9-P5-temperature,input,R_out32,22,0.0,K,1.0e-8,true
R9-P5-cyclic-replay,input,R32,23,0.0,K,1.0e-8,true
R9-P5-temperature,input,R_in32,23,0.0,K,1.0e-8,true
R9-P5-temperature,input,R_out32,23,0.0,K,1.0e-8,true
R9-P5-cyclic-replay,input,R32,24,0.0,K,1.0e-8,true
R9-P5-temperature,input,R_in32,24,0.0,K,1.0e-8,true
R9-P5-temperature,input,R_out32,24,0.0,K,1.0e-8,true
R9-P5-cyclic-replay,input,S33,1,5.684341886080802e-14,K,1.0e-8,true
R9-P5-temperature,input,S_in33,1,0.0,K,1.0e-8,true
R9-P5-temperature,input,S_out33,1,0.0,K,1.0e-8,true
R9-P5-cyclic-replay,input,S33,2,5.684341886080802e-14,K,1.0e-8,true
R9-P5-temperature,input,S_in33,2,0.0,K,1.0e-8,true
R9-P5-temperature,input,S_out33,2,0.0,K,1.0e-8,true
R9-P5-cyclic-replay,input,S33,3,5.684341886080802e-14,K,1.0e-8,true
R9-P5-temperature,input,S_in33,3,0.0,K,1.0e-8,true
R9-P5-temperature,input,S_out33,3,0.0,K,1.0e-8,true
R9-P5-cyclic-replay,input,S33,4,5.684341886080802e-14,K,1.0e-8,true
R9-P5-temperature,input,S_in33,4,0.0,K,1.0e-8,true
R9-P5-temperature,input,S_out33,4,0.0,K,1.0e-8,true
R9-P5-cyclic-replay,input,S33,5,5.684341886080802e-14,K,1.0e-8,true
R9-P5-temperature,input,S_in33,5,0.0,K,1.0e-8,true
R9-P5-temperature,input,S_out33,5,0.0,K,1.0e-8,true
R9-P5-cyclic-replay,input,S33,6,5.684341886080802e-14,K,1.0e-8,true
R9-P5-temperature,input,S_in33,6,0.0,K,1.0e-8,true
R9-P5-temperature,input,S_out33,6,0.0,K,1.0e-8,true
R9-P5-cyclic-replay,input,S33,7,5.684341886080802e-14,K,1.0e-8,true
R9-P5-temperature,input,S_in33,7,0.0,K,1.0e-8,true
R9-P5-temperature,input,S_out33,7,0.0,K,1.0e-8,true
R9-P5-cyclic-replay,input,S33,8,5.684341886080802e-14,K,1.0e-8,true
R9-P5-temperature,input,S_in33,8,0.0,K,1.0e-8,true
R9-P5-temperature,input,S_out33,8,0.0,K,1.0e-8,true
R9-P5-cyclic-replay,input,S33,9,5.684341886080802e-14,K,1.0e-8,true
R9-P5-temperature,input,S_in33,9,0.0,K,1.0e-8,true
R9-P5-temperature,input,S_out33,9,0.0,K,1.0e-8,true
R9-P5-cyclic-replay,input,S33,10,5.684341886080802e-14,K,1.0e-8,true
R9-P5-temperature,input,S_in33,10,0.0,K,1.0e-8,true
R9-P5-temperature,input,S_out33,10,0.0,K,1.0e-8,true
R9-P5-cyclic-replay,input,S33,11,5.684341886080802e-14,K,1.0e-8,true
R9-P5-temperature,input,S_in33,11,0.0,K,1.0e-8,true
R9-P5-temperature,input,S_out33,11,0.0,K,1.0e-8,true
R9-P5-cyclic-replay,input,S33,12,5.684341886080802e-14,K,1.0e-8,true
R9-P5-temperature,input,S_in33,12,0.0,K,1.0e-8,true
R9-P5-temperature,input,S_out33,12,0.0,K,1.0e-8,true
R9-P5-cyclic-replay,input,S33,13,5.684341886080802e-14,K,1.0e-8,true
R9-P5-temperature,input,S_in33,13,0.0,K,1.0e-8,true
R9-P5-temperature,input,S_out33,13,0.0,K,1.0e-8,true
R9-P5-cyclic-replay,input,S33,14,5.684341886080802e-14,K,1.0e-8,true
R9-P5-temperature,input,S_in33,14,0.0,K,1.0e-8,true
R9-P5-temperature,input,S_out33,14,0.0,K,1.0e-8,true
R9-P5-cyclic-replay,input,S33,15,5.684341886080802e-14,K,1.0e-8,true
R9-P5-temperature,input,S_in33,15,0.0,K,1.0e-8,true
R9-P5-temperature,input,S_out33,15,0.0,K,1.0e-8,true
R9-P5-cyclic-replay,input,S33,16,5.684341886080802e-14,K,1.0e-8,true
R9-P5-temperature,input,S_in33,16,0.0,K,1.0e-8,true
R9-P5-temperature,input,S_out33,16,0.0,K,1.0e-8,true
R9-P5-cyclic-replay,input,S33,17,5.684341886080802e-14,K,1.0e-8,true
R9-P5-temperature,input,S_in33,17,0.0,K,1.0e-8,true
R9-P5-temperature,input,S_out33,17,0.0,K,1.0e-8,true
R9-P5-cyclic-replay,input,S33,18,5.684341886080802e-14,K,1.0e-8,true
R9-P5-temperature,input,S_in33,18,0.0,K,1.0e-8,true
R9-P5-temperature,input,S_out33,18,0.0,K,1.0e-8,true
R9-P5-cyclic-replay,input,S33,19,5.684341886080802e-14,K,1.0e-8,true
R9-P5-temperature,input,S_in33,19,0.0,K,1.0e-8,true
R9-P5-temperature,input,S_out33,19,0.0,K,1.0e-8,true
R9-P5-cyclic-replay,input,S33,20,5.684341886080802e-14,K,1.0e-8,true
R9-P5-temperature,input,S_in33,20,0.0,K,1.0e-8,true
R9-P5-temperature,input,S_out33,20,0.0,K,1.0e-8,true
R9-P5-cyclic-replay,input,S33,21,5.684341886080802e-14,K,1.0e-8,true
R9-P5-temperature,input,S_in33,21,0.0,K,1.0e-8,true
R9-P5-temperature,input,S_out33,21,0.0,K,1.0e-8,true
R9-P5-cyclic-replay,input,S33,22,5.684341886080802e-14,K,1.0e-8,true
R9-P5-temperature,input,S_in33,22,0.0,K,1.0e-8,true
R9-P5-temperature,input,S_out33,22,0.0,K,1.0e-8,true
R9-P5-cyclic-replay,input,S33,23,5.684341886080802e-14,K,1.0e-8,true
R9-P5-temperature,input,S_in33,23,0.0,K,1.0e-8,true
R9-P5-temperature,input,S_out33,23,0.0,K,1.0e-8,true
R9-P5-cyclic-replay,input,S33,24,5.684341886080802e-14,K,1.0e-8,true
R9-P5-temperature,input,S_in33,24,0.0,K,1.0e-8,true
R9-P5-temperature,input,S_out33,24,0.0,K,1.0e-8,true
R9-P5-cyclic-replay,input,R33,1,0.0,K,1.0e-8,true
R9-P5-temperature,input,R_in33,1,0.0,K,1.0e-8,true
R9-P5-temperature,input,R_out33,1,0.0,K,1.0e-8,true
R9-P5-cyclic-replay,input,R33,2,0.0,K,1.0e-8,true
R9-P5-temperature,input,R_in33,2,0.0,K,1.0e-8,true
R9-P5-temperature,input,R_out33,2,0.0,K,1.0e-8,true
R9-P5-cyclic-replay,input,R33,3,0.0,K,1.0e-8,true
R9-P5-temperature,input,R_in33,3,0.0,K,1.0e-8,true
R9-P5-temperature,input,R_out33,3,0.0,K,1.0e-8,true
R9-P5-cyclic-replay,input,R33,4,0.0,K,1.0e-8,true
R9-P5-temperature,input,R_in33,4,0.0,K,1.0e-8,true
R9-P5-temperature,input,R_out33,4,0.0,K,1.0e-8,true
R9-P5-cyclic-replay,input,R33,5,0.0,K,1.0e-8,true
R9-P5-temperature,input,R_in33,5,0.0,K,1.0e-8,true
R9-P5-temperature,input,R_out33,5,0.0,K,1.0e-8,true
R9-P5-cyclic-replay,input,R33,6,0.0,K,1.0e-8,true
R9-P5-temperature,input,R_in33,6,0.0,K,1.0e-8,true
R9-P5-temperature,input,R_out33,6,0.0,K,1.0e-8,true
R9-P5-cyclic-replay,input,R33,7,0.0,K,1.0e-8,true
R9-P5-temperature,input,R_in33,7,0.0,K,1.0e-8,true
R9-P5-temperature,input,R_out33,7,0.0,K,1.0e-8,true
R9-P5-cyclic-replay,input,R33,8,0.0,K,1.0e-8,true
R9-P5-temperature,input,R_in33,8,0.0,K,1.0e-8,true
R9-P5-temperature,input,R_out33,8,0.0,K,1.0e-8,true
R9-P5-cyclic-replay,input,R33,9,0.0,K,1.0e-8,true
R9-P5-temperature,input,R_in33,9,0.0,K,1.0e-8,true
R9-P5-temperature,input,R_out33,9,0.0,K,1.0e-8,true
R9-P5-cyclic-replay,input,R33,10,0.0,K,1.0e-8,true
R9-P5-temperature,input,R_in33,10,0.0,K,1.0e-8,true
R9-P5-temperature,input,R_out33,10,0.0,K,1.0e-8,true
R9-P5-cyclic-replay,input,R33,11,0.0,K,1.0e-8,true
R9-P5-temperature,input,R_in33,11,0.0,K,1.0e-8,true
R9-P5-temperature,input,R_out33,11,0.0,K,1.0e-8,true
R9-P5-cyclic-replay,input,R33,12,0.0,K,1.0e-8,true
R9-P5-temperature,input,R_in33,12,0.0,K,1.0e-8,true
R9-P5-temperature,input,R_out33,12,0.0,K,1.0e-8,true
R9-P5-cyclic-replay,input,R33,13,0.0,K,1.0e-8,true
R9-P5-temperature,input,R_in33,13,0.0,K,1.0e-8,true
R9-P5-temperature,input,R_out33,13,0.0,K,1.0e-8,true
R9-P5-cyclic-replay,input,R33,14,0.0,K,1.0e-8,true
R9-P5-temperature,input,R_in33,14,0.0,K,1.0e-8,true
R9-P5-temperature,input,R_out33,14,0.0,K,1.0e-8,true
R9-P5-cyclic-replay,input,R33,15,0.0,K,1.0e-8,true
R9-P5-temperature,input,R_in33,15,0.0,K,1.0e-8,true
R9-P5-temperature,input,R_out33,15,0.0,K,1.0e-8,true
R9-P5-cyclic-replay,input,R33,16,0.0,K,1.0e-8,true
R9-P5-temperature,input,R_in33,16,0.0,K,1.0e-8,true
R9-P5-temperature,input,R_out33,16,0.0,K,1.0e-8,true
R9-P5-cyclic-replay,input,R33,17,0.0,K,1.0e-8,true
R9-P5-temperature,input,R_in33,17,0.0,K,1.0e-8,true
R9-P5-temperature,input,R_out33,17,0.0,K,1.0e-8,true
R9-P5-cyclic-replay,input,R33,18,0.0,K,1.0e-8,true
R9-P5-temperature,input,R_in33,18,0.0,K,1.0e-8,true
R9-P5-temperature,input,R_out33,18,0.0,K,1.0e-8,true
R9-P5-cyclic-replay,input,R33,19,0.0,K,1.0e-8,true
R9-P5-temperature,input,R_in33,19,0.0,K,1.0e-8,true
R9-P5-temperature,input,R_out33,19,0.0,K,1.0e-8,true
R9-P5-cyclic-replay,input,R33,20,0.0,K,1.0e-8,true
R9-P5-temperature,input,R_in33,20,0.0,K,1.0e-8,true
R9-P5-temperature,input,R_out33,20,0.0,K,1.0e-8,true
R9-P5-cyclic-replay,input,R33,21,0.0,K,1.0e-8,true
R9-P5-temperature,input,R_in33,21,0.0,K,1.0e-8,true
R9-P5-temperature,input,R_out33,21,0.0,K,1.0e-8,true
R9-P5-cyclic-replay,input,R33,22,0.0,K,1.0e-8,true
R9-P5-temperature,input,R_in33,22,0.0,K,1.0e-8,true
R9-P5-temperature,input,R_out33,22,0.0,K,1.0e-8,true
R9-P5-cyclic-replay,input,R33,23,0.0,K,1.0e-8,true
R9-P5-temperature,input,R_in33,23,0.0,K,1.0e-8,true
R9-P5-temperature,input,R_out33,23,0.0,K,1.0e-8,true
R9-P5-cyclic-replay,input,R33,24,0.0,K,1.0e-8,true
R9-P5-temperature,input,R_in33,24,0.0,K,1.0e-8,true
R9-P5-temperature,input,R_out33,24,0.0,K,1.0e-8,true
R9-P5-cyclic-replay,input,S34,1,5.684341886080802e-14,K,1.0e-8,true
R9-P5-temperature,input,S_in34,1,0.0,K,1.0e-8,true
R9-P5-temperature,input,S_out34,1,0.0,K,1.0e-8,true
R9-P5-cyclic-replay,input,S34,2,5.684341886080802e-14,K,1.0e-8,true
R9-P5-temperature,input,S_in34,2,0.0,K,1.0e-8,true
R9-P5-temperature,input,S_out34,2,0.0,K,1.0e-8,true
R9-P5-cyclic-replay,input,S34,3,5.684341886080802e-14,K,1.0e-8,true
R9-P5-temperature,input,S_in34,3,0.0,K,1.0e-8,true
R9-P5-temperature,input,S_out34,3,0.0,K,1.0e-8,true
R9-P5-cyclic-replay,input,S34,4,5.684341886080802e-14,K,1.0e-8,true
R9-P5-temperature,input,S_in34,4,0.0,K,1.0e-8,true
R9-P5-temperature,input,S_out34,4,0.0,K,1.0e-8,true
R9-P5-cyclic-replay,input,S34,5,5.684341886080802e-14,K,1.0e-8,true
R9-P5-temperature,input,S_in34,5,0.0,K,1.0e-8,true
R9-P5-temperature,input,S_out34,5,0.0,K,1.0e-8,true
R9-P5-cyclic-replay,input,S34,6,5.684341886080802e-14,K,1.0e-8,true
R9-P5-temperature,input,S_in34,6,0.0,K,1.0e-8,true
R9-P5-temperature,input,S_out34,6,0.0,K,1.0e-8,true
R9-P5-cyclic-replay,input,S34,7,5.684341886080802e-14,K,1.0e-8,true
R9-P5-temperature,input,S_in34,7,0.0,K,1.0e-8,true
R9-P5-temperature,input,S_out34,7,0.0,K,1.0e-8,true
R9-P5-cyclic-replay,input,S34,8,5.684341886080802e-14,K,1.0e-8,true
R9-P5-temperature,input,S_in34,8,0.0,K,1.0e-8,true
R9-P5-temperature,input,S_out34,8,0.0,K,1.0e-8,true
R9-P5-cyclic-replay,input,S34,9,5.684341886080802e-14,K,1.0e-8,true
R9-P5-temperature,input,S_in34,9,0.0,K,1.0e-8,true
R9-P5-temperature,input,S_out34,9,0.0,K,1.0e-8,true
R9-P5-cyclic-replay,input,S34,10,5.684341886080802e-14,K,1.0e-8,true
R9-P5-temperature,input,S_in34,10,0.0,K,1.0e-8,true
R9-P5-temperature,input,S_out34,10,0.0,K,1.0e-8,true
R9-P5-cyclic-replay,input,S34,11,5.684341886080802e-14,K,1.0e-8,true
R9-P5-temperature,input,S_in34,11,0.0,K,1.0e-8,true
R9-P5-temperature,input,S_out34,11,0.0,K,1.0e-8,true
R9-P5-cyclic-replay,input,S34,12,5.684341886080802e-14,K,1.0e-8,true
R9-P5-temperature,input,S_in34,12,0.0,K,1.0e-8,true
R9-P5-temperature,input,S_out34,12,0.0,K,1.0e-8,true
R9-P5-cyclic-replay,input,S34,13,5.684341886080802e-14,K,1.0e-8,true
R9-P5-temperature,input,S_in34,13,0.0,K,1.0e-8,true
R9-P5-temperature,input,S_out34,13,0.0,K,1.0e-8,true
R9-P5-cyclic-replay,input,S34,14,5.684341886080802e-14,K,1.0e-8,true
R9-P5-temperature,input,S_in34,14,0.0,K,1.0e-8,true
R9-P5-temperature,input,S_out34,14,0.0,K,1.0e-8,true
R9-P5-cyclic-replay,input,S34,15,5.684341886080802e-14,K,1.0e-8,true
R9-P5-temperature,input,S_in34,15,0.0,K,1.0e-8,true
R9-P5-temperature,input,S_out34,15,0.0,K,1.0e-8,true
R9-P5-cyclic-replay,input,S34,16,5.684341886080802e-14,K,1.0e-8,true
R9-P5-temperature,input,S_in34,16,0.0,K,1.0e-8,true
R9-P5-temperature,input,S_out34,16,0.0,K,1.0e-8,true
R9-P5-cyclic-replay,input,S34,17,5.684341886080802e-14,K,1.0e-8,true
R9-P5-temperature,input,S_in34,17,0.0,K,1.0e-8,true
R9-P5-temperature,input,S_out34,17,0.0,K,1.0e-8,true
R9-P5-cyclic-replay,input,S34,18,5.684341886080802e-14,K,1.0e-8,true
R9-P5-temperature,input,S_in34,18,0.0,K,1.0e-8,true
R9-P5-temperature,input,S_out34,18,0.0,K,1.0e-8,true
R9-P5-cyclic-replay,input,S34,19,5.684341886080802e-14,K,1.0e-8,true
R9-P5-temperature,input,S_in34,19,0.0,K,1.0e-8,true
R9-P5-temperature,input,S_out34,19,0.0,K,1.0e-8,true
R9-P5-cyclic-replay,input,S34,20,5.684341886080802e-14,K,1.0e-8,true
R9-P5-temperature,input,S_in34,20,0.0,K,1.0e-8,true
R9-P5-temperature,input,S_out34,20,0.0,K,1.0e-8,true
R9-P5-cyclic-replay,input,S34,21,5.684341886080802e-14,K,1.0e-8,true
R9-P5-temperature,input,S_in34,21,0.0,K,1.0e-8,true
R9-P5-temperature,input,S_out34,21,0.0,K,1.0e-8,true
R9-P5-cyclic-replay,input,S34,22,5.684341886080802e-14,K,1.0e-8,true
R9-P5-temperature,input,S_in34,22,0.0,K,1.0e-8,true
R9-P5-temperature,input,S_out34,22,0.0,K,1.0e-8,true
R9-P5-cyclic-replay,input,S34,23,5.684341886080802e-14,K,1.0e-8,true
R9-P5-temperature,input,S_in34,23,0.0,K,1.0e-8,true
R9-P5-temperature,input,S_out34,23,0.0,K,1.0e-8,true
R9-P5-cyclic-replay,input,S34,24,5.684341886080802e-14,K,1.0e-8,true
R9-P5-temperature,input,S_in34,24,0.0,K,1.0e-8,true
R9-P5-temperature,input,S_out34,24,0.0,K,1.0e-8,true
R9-P5-cyclic-replay,input,R34,1,0.0,K,1.0e-8,true
R9-P5-temperature,input,R_in34,1,0.0,K,1.0e-8,true
R9-P5-temperature,input,R_out34,1,0.0,K,1.0e-8,true
R9-P5-cyclic-replay,input,R34,2,0.0,K,1.0e-8,true
R9-P5-temperature,input,R_in34,2,0.0,K,1.0e-8,true
R9-P5-temperature,input,R_out34,2,0.0,K,1.0e-8,true
R9-P5-cyclic-replay,input,R34,3,0.0,K,1.0e-8,true
R9-P5-temperature,input,R_in34,3,0.0,K,1.0e-8,true
R9-P5-temperature,input,R_out34,3,0.0,K,1.0e-8,true
R9-P5-cyclic-replay,input,R34,4,0.0,K,1.0e-8,true
R9-P5-temperature,input,R_in34,4,0.0,K,1.0e-8,true
R9-P5-temperature,input,R_out34,4,0.0,K,1.0e-8,true
R9-P5-cyclic-replay,input,R34,5,0.0,K,1.0e-8,true
R9-P5-temperature,input,R_in34,5,0.0,K,1.0e-8,true
R9-P5-temperature,input,R_out34,5,0.0,K,1.0e-8,true
R9-P5-cyclic-replay,input,R34,6,0.0,K,1.0e-8,true
R9-P5-temperature,input,R_in34,6,0.0,K,1.0e-8,true
R9-P5-temperature,input,R_out34,6,0.0,K,1.0e-8,true
R9-P5-cyclic-replay,input,R34,7,0.0,K,1.0e-8,true
R9-P5-temperature,input,R_in34,7,0.0,K,1.0e-8,true
R9-P5-temperature,input,R_out34,7,0.0,K,1.0e-8,true
R9-P5-cyclic-replay,input,R34,8,0.0,K,1.0e-8,true
R9-P5-temperature,input,R_in34,8,0.0,K,1.0e-8,true
R9-P5-temperature,input,R_out34,8,0.0,K,1.0e-8,true
R9-P5-cyclic-replay,input,R34,9,0.0,K,1.0e-8,true
R9-P5-temperature,input,R_in34,9,0.0,K,1.0e-8,true
R9-P5-temperature,input,R_out34,9,0.0,K,1.0e-8,true
R9-P5-cyclic-replay,input,R34,10,0.0,K,1.0e-8,true
R9-P5-temperature,input,R_in34,10,0.0,K,1.0e-8,true
R9-P5-temperature,input,R_out34,10,0.0,K,1.0e-8,true
R9-P5-cyclic-replay,input,R34,11,0.0,K,1.0e-8,true
R9-P5-temperature,input,R_in34,11,0.0,K,1.0e-8,true
R9-P5-temperature,input,R_out34,11,0.0,K,1.0e-8,true
R9-P5-cyclic-replay,input,R34,12,0.0,K,1.0e-8,true
R9-P5-temperature,input,R_in34,12,0.0,K,1.0e-8,true
R9-P5-temperature,input,R_out34,12,0.0,K,1.0e-8,true
R9-P5-cyclic-replay,input,R34,13,0.0,K,1.0e-8,true
R9-P5-temperature,input,R_in34,13,0.0,K,1.0e-8,true
R9-P5-temperature,input,R_out34,13,0.0,K,1.0e-8,true
R9-P5-cyclic-replay,input,R34,14,0.0,K,1.0e-8,true
R9-P5-temperature,input,R_in34,14,0.0,K,1.0e-8,true
R9-P5-temperature,input,R_out34,14,0.0,K,1.0e-8,true
R9-P5-cyclic-replay,input,R34,15,0.0,K,1.0e-8,true
R9-P5-temperature,input,R_in34,15,0.0,K,1.0e-8,true
R9-P5-temperature,input,R_out34,15,0.0,K,1.0e-8,true
R9-P5-cyclic-replay,input,R34,16,0.0,K,1.0e-8,true
R9-P5-temperature,input,R_in34,16,0.0,K,1.0e-8,true
R9-P5-temperature,input,R_out34,16,0.0,K,1.0e-8,true
R9-P5-cyclic-replay,input,R34,17,0.0,K,1.0e-8,true
R9-P5-temperature,input,R_in34,17,0.0,K,1.0e-8,true
R9-P5-temperature,input,R_out34,17,0.0,K,1.0e-8,true
R9-P5-cyclic-replay,input,R34,18,0.0,K,1.0e-8,true
R9-P5-temperature,input,R_in34,18,0.0,K,1.0e-8,true
R9-P5-temperature,input,R_out34,18,0.0,K,1.0e-8,true
R9-P5-cyclic-replay,input,R34,19,0.0,K,1.0e-8,true
R9-P5-temperature,input,R_in34,19,0.0,K,1.0e-8,true
R9-P5-temperature,input,R_out34,19,0.0,K,1.0e-8,true
R9-P5-cyclic-replay,input,R34,20,0.0,K,1.0e-8,true
R9-P5-temperature,input,R_in34,20,0.0,K,1.0e-8,true
R9-P5-temperature,input,R_out34,20,0.0,K,1.0e-8,true
R9-P5-cyclic-replay,input,R34,21,0.0,K,1.0e-8,true
R9-P5-temperature,input,R_in34,21,0.0,K,1.0e-8,true
R9-P5-temperature,input,R_out34,21,0.0,K,1.0e-8,true
R9-P5-cyclic-replay,input,R34,22,0.0,K,1.0e-8,true
R9-P5-temperature,input,R_in34,22,0.0,K,1.0e-8,true
R9-P5-temperature,input,R_out34,22,0.0,K,1.0e-8,true
R9-P5-cyclic-replay,input,R34,23,0.0,K,1.0e-8,true
R9-P5-temperature,input,R_in34,23,0.0,K,1.0e-8,true
R9-P5-temperature,input,R_out34,23,0.0,K,1.0e-8,true
R9-P5-cyclic-replay,input,R34,24,0.0,K,1.0e-8,true
R9-P5-temperature,input,R_in34,24,0.0,K,1.0e-8,true
R9-P5-temperature,input,R_out34,24,0.0,K,1.0e-8,true
R9-P5-cyclic-replay,input,S35,1,0.0,K,1.0e-8,true
R9-P5-temperature,input,S_in35,1,0.0,K,1.0e-8,true
R9-P5-temperature,input,S_out35,1,0.0,K,1.0e-8,true
R9-P5-cyclic-replay,input,S35,2,0.0,K,1.0e-8,true
R9-P5-temperature,input,S_in35,2,0.0,K,1.0e-8,true
R9-P5-temperature,input,S_out35,2,0.0,K,1.0e-8,true
R9-P5-cyclic-replay,input,S35,3,0.0,K,1.0e-8,true
R9-P5-temperature,input,S_in35,3,0.0,K,1.0e-8,true
R9-P5-temperature,input,S_out35,3,0.0,K,1.0e-8,true
R9-P5-cyclic-replay,input,S35,4,0.0,K,1.0e-8,true
R9-P5-temperature,input,S_in35,4,0.0,K,1.0e-8,true
R9-P5-temperature,input,S_out35,4,0.0,K,1.0e-8,true
R9-P5-cyclic-replay,input,S35,5,0.0,K,1.0e-8,true
R9-P5-temperature,input,S_in35,5,0.0,K,1.0e-8,true
R9-P5-temperature,input,S_out35,5,0.0,K,1.0e-8,true
R9-P5-cyclic-replay,input,S35,6,0.0,K,1.0e-8,true
R9-P5-temperature,input,S_in35,6,0.0,K,1.0e-8,true
R9-P5-temperature,input,S_out35,6,0.0,K,1.0e-8,true
R9-P5-cyclic-replay,input,S35,7,0.0,K,1.0e-8,true
R9-P5-temperature,input,S_in35,7,0.0,K,1.0e-8,true
R9-P5-temperature,input,S_out35,7,0.0,K,1.0e-8,true
R9-P5-cyclic-replay,input,S35,8,0.0,K,1.0e-8,true
R9-P5-temperature,input,S_in35,8,0.0,K,1.0e-8,true
R9-P5-temperature,input,S_out35,8,0.0,K,1.0e-8,true
R9-P5-cyclic-replay,input,S35,9,0.0,K,1.0e-8,true
R9-P5-temperature,input,S_in35,9,0.0,K,1.0e-8,true
R9-P5-temperature,input,S_out35,9,0.0,K,1.0e-8,true
R9-P5-cyclic-replay,input,S35,10,0.0,K,1.0e-8,true
R9-P5-temperature,input,S_in35,10,0.0,K,1.0e-8,true
R9-P5-temperature,input,S_out35,10,0.0,K,1.0e-8,true
R9-P5-cyclic-replay,input,S35,11,0.0,K,1.0e-8,true
R9-P5-temperature,input,S_in35,11,0.0,K,1.0e-8,true
R9-P5-temperature,input,S_out35,11,0.0,K,1.0e-8,true
R9-P5-cyclic-replay,input,S35,12,0.0,K,1.0e-8,true
R9-P5-temperature,input,S_in35,12,0.0,K,1.0e-8,true
R9-P5-temperature,input,S_out35,12,0.0,K,1.0e-8,true
R9-P5-cyclic-replay,input,S35,13,0.0,K,1.0e-8,true
R9-P5-temperature,input,S_in35,13,0.0,K,1.0e-8,true
R9-P5-temperature,input,S_out35,13,0.0,K,1.0e-8,true
R9-P5-cyclic-replay,input,S35,14,0.0,K,1.0e-8,true
R9-P5-temperature,input,S_in35,14,0.0,K,1.0e-8,true
R9-P5-temperature,input,S_out35,14,0.0,K,1.0e-8,true
R9-P5-cyclic-replay,input,S35,15,0.0,K,1.0e-8,true
R9-P5-temperature,input,S_in35,15,0.0,K,1.0e-8,true
R9-P5-temperature,input,S_out35,15,0.0,K,1.0e-8,true
R9-P5-cyclic-replay,input,S35,16,0.0,K,1.0e-8,true
R9-P5-temperature,input,S_in35,16,0.0,K,1.0e-8,true
R9-P5-temperature,input,S_out35,16,0.0,K,1.0e-8,true
R9-P5-cyclic-replay,input,S35,17,0.0,K,1.0e-8,true
R9-P5-temperature,input,S_in35,17,0.0,K,1.0e-8,true
R9-P5-temperature,input,S_out35,17,0.0,K,1.0e-8,true
R9-P5-cyclic-replay,input,S35,18,0.0,K,1.0e-8,true
R9-P5-temperature,input,S_in35,18,0.0,K,1.0e-8,true
R9-P5-temperature,input,S_out35,18,0.0,K,1.0e-8,true
R9-P5-cyclic-replay,input,S35,19,0.0,K,1.0e-8,true
R9-P5-temperature,input,S_in35,19,0.0,K,1.0e-8,true
R9-P5-temperature,input,S_out35,19,0.0,K,1.0e-8,true
R9-P5-cyclic-replay,input,S35,20,0.0,K,1.0e-8,true
R9-P5-temperature,input,S_in35,20,0.0,K,1.0e-8,true
R9-P5-temperature,input,S_out35,20,0.0,K,1.0e-8,true
R9-P5-cyclic-replay,input,S35,21,0.0,K,1.0e-8,true
R9-P5-temperature,input,S_in35,21,0.0,K,1.0e-8,true
R9-P5-temperature,input,S_out35,21,0.0,K,1.0e-8,true
R9-P5-cyclic-replay,input,S35,22,0.0,K,1.0e-8,true
R9-P5-temperature,input,S_in35,22,0.0,K,1.0e-8,true
R9-P5-temperature,input,S_out35,22,0.0,K,1.0e-8,true
R9-P5-cyclic-replay,input,S35,23,0.0,K,1.0e-8,true
R9-P5-temperature,input,S_in35,23,0.0,K,1.0e-8,true
R9-P5-temperature,input,S_out35,23,0.0,K,1.0e-8,true
R9-P5-cyclic-replay,input,S35,24,0.0,K,1.0e-8,true
R9-P5-temperature,input,S_in35,24,0.0,K,1.0e-8,true
R9-P5-temperature,input,S_out35,24,0.0,K,1.0e-8,true
R9-P5-cyclic-replay,input,R35,1,1.1368683772161603e-13,K,1.0e-8,true
R9-P5-temperature,input,R_in35,1,0.0,K,1.0e-8,true
R9-P5-temperature,input,R_out35,1,0.0,K,1.0e-8,true
R9-P5-cyclic-replay,input,R35,2,5.684341886080802e-14,K,1.0e-8,true
R9-P5-temperature,input,R_in35,2,0.0,K,1.0e-8,true
R9-P5-temperature,input,R_out35,2,0.0,K,1.0e-8,true
R9-P5-cyclic-replay,input,R35,3,0.0,K,1.0e-8,true
R9-P5-temperature,input,R_in35,3,0.0,K,1.0e-8,true
R9-P5-temperature,input,R_out35,3,0.0,K,1.0e-8,true
R9-P5-cyclic-replay,input,R35,4,5.684341886080802e-14,K,1.0e-8,true
R9-P5-temperature,input,R_in35,4,0.0,K,1.0e-8,true
R9-P5-temperature,input,R_out35,4,0.0,K,1.0e-8,true
R9-P5-cyclic-replay,input,R35,5,1.1368683772161603e-13,K,1.0e-8,true
R9-P5-temperature,input,R_in35,5,0.0,K,1.0e-8,true
R9-P5-temperature,input,R_out35,5,0.0,K,1.0e-8,true
R9-P5-cyclic-replay,input,R35,6,1.1368683772161603e-13,K,1.0e-8,true
R9-P5-temperature,input,R_in35,6,0.0,K,1.0e-8,true
R9-P5-temperature,input,R_out35,6,0.0,K,1.0e-8,true
R9-P5-cyclic-replay,input,R35,7,0.0,K,1.0e-8,true
R9-P5-temperature,input,R_in35,7,0.0,K,1.0e-8,true
R9-P5-temperature,input,R_out35,7,0.0,K,1.0e-8,true
R9-P5-cyclic-replay,input,R35,8,5.684341886080802e-14,K,1.0e-8,true
R9-P5-temperature,input,R_in35,8,0.0,K,1.0e-8,true
R9-P5-temperature,input,R_out35,8,0.0,K,1.0e-8,true
R9-P5-cyclic-replay,input,R35,9,5.684341886080802e-14,K,1.0e-8,true
R9-P5-temperature,input,R_in35,9,0.0,K,1.0e-8,true
R9-P5-temperature,input,R_out35,9,0.0,K,1.0e-8,true
R9-P5-cyclic-replay,input,R35,10,5.684341886080802e-14,K,1.0e-8,true
R9-P5-temperature,input,R_in35,10,0.0,K,1.0e-8,true
R9-P5-temperature,input,R_out35,10,0.0,K,1.0e-8,true
R9-P5-cyclic-replay,input,R35,11,5.684341886080802e-14,K,1.0e-8,true
R9-P5-temperature,input,R_in35,11,0.0,K,1.0e-8,true
R9-P5-temperature,input,R_out35,11,0.0,K,1.0e-8,true
R9-P5-cyclic-replay,input,R35,12,5.684341886080802e-14,K,1.0e-8,true
R9-P5-temperature,input,R_in35,12,0.0,K,1.0e-8,true
R9-P5-temperature,input,R_out35,12,0.0,K,1.0e-8,true
R9-P5-cyclic-replay,input,R35,13,0.0,K,1.0e-8,true
R9-P5-temperature,input,R_in35,13,0.0,K,1.0e-8,true
R9-P5-temperature,input,R_out35,13,0.0,K,1.0e-8,true
R9-P5-cyclic-replay,input,R35,14,5.684341886080802e-14,K,1.0e-8,true
R9-P5-temperature,input,R_in35,14,0.0,K,1.0e-8,true
R9-P5-temperature,input,R_out35,14,0.0,K,1.0e-8,true
R9-P5-cyclic-replay,input,R35,15,0.0,K,1.0e-8,true
R9-P5-temperature,input,R_in35,15,0.0,K,1.0e-8,true
R9-P5-temperature,input,R_out35,15,0.0,K,1.0e-8,true
R9-P5-cyclic-replay,input,R35,16,5.684341886080802e-14,K,1.0e-8,true
R9-P5-temperature,input,R_in35,16,0.0,K,1.0e-8,true
R9-P5-temperature,input,R_out35,16,0.0,K,1.0e-8,true
R9-P5-cyclic-replay,input,R35,17,5.684341886080802e-14,K,1.0e-8,true
R9-P5-temperature,input,R_in35,17,0.0,K,1.0e-8,true
R9-P5-temperature,input,R_out35,17,0.0,K,1.0e-8,true
R9-P5-cyclic-replay,input,R35,18,0.0,K,1.0e-8,true
R9-P5-temperature,input,R_in35,18,0.0,K,1.0e-8,true
R9-P5-temperature,input,R_out35,18,0.0,K,1.0e-8,true
R9-P5-cyclic-replay,input,R35,19,0.0,K,1.0e-8,true
R9-P5-temperature,input,R_in35,19,0.0,K,1.0e-8,true
R9-P5-temperature,input,R_out35,19,0.0,K,1.0e-8,true
R9-P5-cyclic-replay,input,R35,20,5.684341886080802e-14,K,1.0e-8,true
R9-P5-temperature,input,R_in35,20,0.0,K,1.0e-8,true
R9-P5-temperature,input,R_out35,20,0.0,K,1.0e-8,true
R9-P5-cyclic-replay,input,R35,21,5.684341886080802e-14,K,1.0e-8,true
R9-P5-temperature,input,R_in35,21,0.0,K,1.0e-8,true
R9-P5-temperature,input,R_out35,21,0.0,K,1.0e-8,true
R9-P5-cyclic-replay,input,R35,22,5.684341886080802e-14,K,1.0e-8,true
R9-P5-temperature,input,R_in35,22,0.0,K,1.0e-8,true
R9-P5-temperature,input,R_out35,22,0.0,K,1.0e-8,true
R9-P5-cyclic-replay,input,R35,23,5.684341886080802e-14,K,1.0e-8,true
R9-P5-temperature,input,R_in35,23,0.0,K,1.0e-8,true
R9-P5-temperature,input,R_out35,23,0.0,K,1.0e-8,true
R9-P5-cyclic-replay,input,R35,24,0.0,K,1.0e-8,true
R9-P5-temperature,input,R_in35,24,0.0,K,1.0e-8,true
R9-P5-temperature,input,R_out35,24,0.0,K,1.0e-8,true
R9-P5-cyclic-replay,input,S36,1,0.0,K,1.0e-8,true
R9-P5-temperature,input,S_in36,1,0.0,K,1.0e-8,true
R9-P5-temperature,input,S_out36,1,0.0,K,1.0e-8,true
R9-P5-cyclic-replay,input,S36,2,0.0,K,1.0e-8,true
R9-P5-temperature,input,S_in36,2,0.0,K,1.0e-8,true
R9-P5-temperature,input,S_out36,2,0.0,K,1.0e-8,true
R9-P5-cyclic-replay,input,S36,3,0.0,K,1.0e-8,true
R9-P5-temperature,input,S_in36,3,0.0,K,1.0e-8,true
R9-P5-temperature,input,S_out36,3,0.0,K,1.0e-8,true
R9-P5-cyclic-replay,input,S36,4,0.0,K,1.0e-8,true
R9-P5-temperature,input,S_in36,4,0.0,K,1.0e-8,true
R9-P5-temperature,input,S_out36,4,0.0,K,1.0e-8,true
R9-P5-cyclic-replay,input,S36,5,0.0,K,1.0e-8,true
R9-P5-temperature,input,S_in36,5,0.0,K,1.0e-8,true
R9-P5-temperature,input,S_out36,5,0.0,K,1.0e-8,true
R9-P5-cyclic-replay,input,S36,6,0.0,K,1.0e-8,true
R9-P5-temperature,input,S_in36,6,0.0,K,1.0e-8,true
R9-P5-temperature,input,S_out36,6,0.0,K,1.0e-8,true
R9-P5-cyclic-replay,input,S36,7,0.0,K,1.0e-8,true
R9-P5-temperature,input,S_in36,7,0.0,K,1.0e-8,true
R9-P5-temperature,input,S_out36,7,0.0,K,1.0e-8,true
R9-P5-cyclic-replay,input,S36,8,0.0,K,1.0e-8,true
R9-P5-temperature,input,S_in36,8,0.0,K,1.0e-8,true
R9-P5-temperature,input,S_out36,8,0.0,K,1.0e-8,true
R9-P5-cyclic-replay,input,S36,9,0.0,K,1.0e-8,true
R9-P5-temperature,input,S_in36,9,0.0,K,1.0e-8,true
R9-P5-temperature,input,S_out36,9,0.0,K,1.0e-8,true
R9-P5-cyclic-replay,input,S36,10,0.0,K,1.0e-8,true
R9-P5-temperature,input,S_in36,10,0.0,K,1.0e-8,true
R9-P5-temperature,input,S_out36,10,0.0,K,1.0e-8,true
R9-P5-cyclic-replay,input,S36,11,0.0,K,1.0e-8,true
R9-P5-temperature,input,S_in36,11,0.0,K,1.0e-8,true
R9-P5-temperature,input,S_out36,11,0.0,K,1.0e-8,true
R9-P5-cyclic-replay,input,S36,12,0.0,K,1.0e-8,true
R9-P5-temperature,input,S_in36,12,0.0,K,1.0e-8,true
R9-P5-temperature,input,S_out36,12,0.0,K,1.0e-8,true
R9-P5-cyclic-replay,input,S36,13,0.0,K,1.0e-8,true
R9-P5-temperature,input,S_in36,13,0.0,K,1.0e-8,true
R9-P5-temperature,input,S_out36,13,0.0,K,1.0e-8,true
R9-P5-cyclic-replay,input,S36,14,0.0,K,1.0e-8,true
R9-P5-temperature,input,S_in36,14,0.0,K,1.0e-8,true
R9-P5-temperature,input,S_out36,14,0.0,K,1.0e-8,true
R9-P5-cyclic-replay,input,S36,15,0.0,K,1.0e-8,true
R9-P5-temperature,input,S_in36,15,0.0,K,1.0e-8,true
R9-P5-temperature,input,S_out36,15,0.0,K,1.0e-8,true
R9-P5-cyclic-replay,input,S36,16,0.0,K,1.0e-8,true
R9-P5-temperature,input,S_in36,16,0.0,K,1.0e-8,true
R9-P5-temperature,input,S_out36,16,0.0,K,1.0e-8,true
R9-P5-cyclic-replay,input,S36,17,0.0,K,1.0e-8,true
R9-P5-temperature,input,S_in36,17,0.0,K,1.0e-8,true
R9-P5-temperature,input,S_out36,17,0.0,K,1.0e-8,true
R9-P5-cyclic-replay,input,S36,18,0.0,K,1.0e-8,true
R9-P5-temperature,input,S_in36,18,0.0,K,1.0e-8,true
R9-P5-temperature,input,S_out36,18,0.0,K,1.0e-8,true
R9-P5-cyclic-replay,input,S36,19,0.0,K,1.0e-8,true
R9-P5-temperature,input,S_in36,19,0.0,K,1.0e-8,true
R9-P5-temperature,input,S_out36,19,0.0,K,1.0e-8,true
R9-P5-cyclic-replay,input,S36,20,0.0,K,1.0e-8,true
R9-P5-temperature,input,S_in36,20,0.0,K,1.0e-8,true
R9-P5-temperature,input,S_out36,20,0.0,K,1.0e-8,true
R9-P5-cyclic-replay,input,S36,21,0.0,K,1.0e-8,true
R9-P5-temperature,input,S_in36,21,0.0,K,1.0e-8,true
R9-P5-temperature,input,S_out36,21,0.0,K,1.0e-8,true
R9-P5-cyclic-replay,input,S36,22,0.0,K,1.0e-8,true
R9-P5-temperature,input,S_in36,22,0.0,K,1.0e-8,true
R9-P5-temperature,input,S_out36,22,0.0,K,1.0e-8,true
R9-P5-cyclic-replay,input,S36,23,0.0,K,1.0e-8,true
R9-P5-temperature,input,S_in36,23,0.0,K,1.0e-8,true
R9-P5-temperature,input,S_out36,23,0.0,K,1.0e-8,true
R9-P5-cyclic-replay,input,S36,24,0.0,K,1.0e-8,true
R9-P5-temperature,input,S_in36,24,0.0,K,1.0e-8,true
R9-P5-temperature,input,S_out36,24,0.0,K,1.0e-8,true
R9-P5-cyclic-replay,input,R36,1,0.0,K,1.0e-8,true
R9-P5-temperature,input,R_in36,1,0.0,K,1.0e-8,true
R9-P5-temperature,input,R_out36,1,0.0,K,1.0e-8,true
R9-P5-cyclic-replay,input,R36,2,0.0,K,1.0e-8,true
R9-P5-temperature,input,R_in36,2,0.0,K,1.0e-8,true
R9-P5-temperature,input,R_out36,2,0.0,K,1.0e-8,true
R9-P5-cyclic-replay,input,R36,3,0.0,K,1.0e-8,true
R9-P5-temperature,input,R_in36,3,0.0,K,1.0e-8,true
R9-P5-temperature,input,R_out36,3,0.0,K,1.0e-8,true
R9-P5-cyclic-replay,input,R36,4,0.0,K,1.0e-8,true
R9-P5-temperature,input,R_in36,4,0.0,K,1.0e-8,true
R9-P5-temperature,input,R_out36,4,0.0,K,1.0e-8,true
R9-P5-cyclic-replay,input,R36,5,0.0,K,1.0e-8,true
R9-P5-temperature,input,R_in36,5,0.0,K,1.0e-8,true
R9-P5-temperature,input,R_out36,5,0.0,K,1.0e-8,true
R9-P5-cyclic-replay,input,R36,6,0.0,K,1.0e-8,true
R9-P5-temperature,input,R_in36,6,0.0,K,1.0e-8,true
R9-P5-temperature,input,R_out36,6,0.0,K,1.0e-8,true
R9-P5-cyclic-replay,input,R36,7,0.0,K,1.0e-8,true
R9-P5-temperature,input,R_in36,7,0.0,K,1.0e-8,true
R9-P5-temperature,input,R_out36,7,0.0,K,1.0e-8,true
R9-P5-cyclic-replay,input,R36,8,0.0,K,1.0e-8,true
R9-P5-temperature,input,R_in36,8,0.0,K,1.0e-8,true
R9-P5-temperature,input,R_out36,8,0.0,K,1.0e-8,true
R9-P5-cyclic-replay,input,R36,9,0.0,K,1.0e-8,true
R9-P5-temperature,input,R_in36,9,0.0,K,1.0e-8,true
R9-P5-temperature,input,R_out36,9,0.0,K,1.0e-8,true
R9-P5-cyclic-replay,input,R36,10,0.0,K,1.0e-8,true
R9-P5-temperature,input,R_in36,10,0.0,K,1.0e-8,true
R9-P5-temperature,input,R_out36,10,0.0,K,1.0e-8,true
R9-P5-cyclic-replay,input,R36,11,0.0,K,1.0e-8,true
R9-P5-temperature,input,R_in36,11,0.0,K,1.0e-8,true
R9-P5-temperature,input,R_out36,11,0.0,K,1.0e-8,true
R9-P5-cyclic-replay,input,R36,12,0.0,K,1.0e-8,true
R9-P5-temperature,input,R_in36,12,0.0,K,1.0e-8,true
R9-P5-temperature,input,R_out36,12,0.0,K,1.0e-8,true
R9-P5-cyclic-replay,input,R36,13,0.0,K,1.0e-8,true
R9-P5-temperature,input,R_in36,13,0.0,K,1.0e-8,true
R9-P5-temperature,input,R_out36,13,0.0,K,1.0e-8,true
R9-P5-cyclic-replay,input,R36,14,0.0,K,1.0e-8,true
R9-P5-temperature,input,R_in36,14,0.0,K,1.0e-8,true
R9-P5-temperature,input,R_out36,14,0.0,K,1.0e-8,true
R9-P5-cyclic-replay,input,R36,15,0.0,K,1.0e-8,true
R9-P5-temperature,input,R_in36,15,0.0,K,1.0e-8,true
R9-P5-temperature,input,R_out36,15,0.0,K,1.0e-8,true
R9-P5-cyclic-replay,input,R36,16,0.0,K,1.0e-8,true
R9-P5-temperature,input,R_in36,16,0.0,K,1.0e-8,true
R9-P5-temperature,input,R_out36,16,0.0,K,1.0e-8,true
R9-P5-cyclic-replay,input,R36,17,0.0,K,1.0e-8,true
R9-P5-temperature,input,R_in36,17,0.0,K,1.0e-8,true
R9-P5-temperature,input,R_out36,17,0.0,K,1.0e-8,true
R9-P5-cyclic-replay,input,R36,18,0.0,K,1.0e-8,true
R9-P5-temperature,input,R_in36,18,0.0,K,1.0e-8,true
R9-P5-temperature,input,R_out36,18,0.0,K,1.0e-8,true
R9-P5-cyclic-replay,input,R36,19,0.0,K,1.0e-8,true
R9-P5-temperature,input,R_in36,19,0.0,K,1.0e-8,true
R9-P5-temperature,input,R_out36,19,0.0,K,1.0e-8,true
R9-P5-cyclic-replay,input,R36,20,0.0,K,1.0e-8,true
R9-P5-temperature,input,R_in36,20,0.0,K,1.0e-8,true
R9-P5-temperature,input,R_out36,20,0.0,K,1.0e-8,true
R9-P5-cyclic-replay,input,R36,21,0.0,K,1.0e-8,true
R9-P5-temperature,input,R_in36,21,0.0,K,1.0e-8,true
R9-P5-temperature,input,R_out36,21,0.0,K,1.0e-8,true
R9-P5-cyclic-replay,input,R36,22,0.0,K,1.0e-8,true
R9-P5-temperature,input,R_in36,22,0.0,K,1.0e-8,true
R9-P5-temperature,input,R_out36,22,0.0,K,1.0e-8,true
R9-P5-cyclic-replay,input,R36,23,0.0,K,1.0e-8,true
R9-P5-temperature,input,R_in36,23,0.0,K,1.0e-8,true
R9-P5-temperature,input,R_out36,23,0.0,K,1.0e-8,true
R9-P5-cyclic-replay,input,R36,24,0.0,K,1.0e-8,true
R9-P5-temperature,input,R_in36,24,0.0,K,1.0e-8,true
R9-P5-temperature,input,R_out36,24,0.0,K,1.0e-8,true
R9-P5-cyclic-replay,input,S37,1,5.684341886080802e-14,K,1.0e-8,true
R9-P5-temperature,input,S_in37,1,0.0,K,1.0e-8,true
R9-P5-temperature,input,S_out37,1,0.0,K,1.0e-8,true
R9-P5-cyclic-replay,input,S37,2,5.684341886080802e-14,K,1.0e-8,true
R9-P5-temperature,input,S_in37,2,0.0,K,1.0e-8,true
R9-P5-temperature,input,S_out37,2,0.0,K,1.0e-8,true
R9-P5-cyclic-replay,input,S37,3,5.684341886080802e-14,K,1.0e-8,true
R9-P5-temperature,input,S_in37,3,0.0,K,1.0e-8,true
R9-P5-temperature,input,S_out37,3,0.0,K,1.0e-8,true
R9-P5-cyclic-replay,input,S37,4,5.684341886080802e-14,K,1.0e-8,true
R9-P5-temperature,input,S_in37,4,0.0,K,1.0e-8,true
R9-P5-temperature,input,S_out37,4,0.0,K,1.0e-8,true
R9-P5-cyclic-replay,input,S37,5,5.684341886080802e-14,K,1.0e-8,true
R9-P5-temperature,input,S_in37,5,0.0,K,1.0e-8,true
R9-P5-temperature,input,S_out37,5,0.0,K,1.0e-8,true
R9-P5-cyclic-replay,input,S37,6,5.684341886080802e-14,K,1.0e-8,true
R9-P5-temperature,input,S_in37,6,0.0,K,1.0e-8,true
R9-P5-temperature,input,S_out37,6,0.0,K,1.0e-8,true
R9-P5-cyclic-replay,input,S37,7,5.684341886080802e-14,K,1.0e-8,true
R9-P5-temperature,input,S_in37,7,0.0,K,1.0e-8,true
R9-P5-temperature,input,S_out37,7,0.0,K,1.0e-8,true
R9-P5-cyclic-replay,input,S37,8,5.684341886080802e-14,K,1.0e-8,true
R9-P5-temperature,input,S_in37,8,0.0,K,1.0e-8,true
R9-P5-temperature,input,S_out37,8,0.0,K,1.0e-8,true
R9-P5-cyclic-replay,input,S37,9,5.684341886080802e-14,K,1.0e-8,true
R9-P5-temperature,input,S_in37,9,0.0,K,1.0e-8,true
R9-P5-temperature,input,S_out37,9,0.0,K,1.0e-8,true
R9-P5-cyclic-replay,input,S37,10,5.684341886080802e-14,K,1.0e-8,true
R9-P5-temperature,input,S_in37,10,0.0,K,1.0e-8,true
R9-P5-temperature,input,S_out37,10,0.0,K,1.0e-8,true
R9-P5-cyclic-replay,input,S37,11,5.684341886080802e-14,K,1.0e-8,true
R9-P5-temperature,input,S_in37,11,0.0,K,1.0e-8,true
R9-P5-temperature,input,S_out37,11,0.0,K,1.0e-8,true
R9-P5-cyclic-replay,input,S37,12,5.684341886080802e-14,K,1.0e-8,true
R9-P5-temperature,input,S_in37,12,0.0,K,1.0e-8,true
R9-P5-temperature,input,S_out37,12,0.0,K,1.0e-8,true
R9-P5-cyclic-replay,input,S37,13,5.684341886080802e-14,K,1.0e-8,true
R9-P5-temperature,input,S_in37,13,0.0,K,1.0e-8,true
R9-P5-temperature,input,S_out37,13,0.0,K,1.0e-8,true
R9-P5-cyclic-replay,input,S37,14,5.684341886080802e-14,K,1.0e-8,true
R9-P5-temperature,input,S_in37,14,0.0,K,1.0e-8,true
R9-P5-temperature,input,S_out37,14,0.0,K,1.0e-8,true
R9-P5-cyclic-replay,input,S37,15,5.684341886080802e-14,K,1.0e-8,true
R9-P5-temperature,input,S_in37,15,0.0,K,1.0e-8,true
R9-P5-temperature,input,S_out37,15,0.0,K,1.0e-8,true
R9-P5-cyclic-replay,input,S37,16,5.684341886080802e-14,K,1.0e-8,true
R9-P5-temperature,input,S_in37,16,0.0,K,1.0e-8,true
R9-P5-temperature,input,S_out37,16,0.0,K,1.0e-8,true
R9-P5-cyclic-replay,input,S37,17,5.684341886080802e-14,K,1.0e-8,true
R9-P5-temperature,input,S_in37,17,0.0,K,1.0e-8,true
R9-P5-temperature,input,S_out37,17,0.0,K,1.0e-8,true
R9-P5-cyclic-replay,input,S37,18,5.684341886080802e-14,K,1.0e-8,true
R9-P5-temperature,input,S_in37,18,0.0,K,1.0e-8,true
R9-P5-temperature,input,S_out37,18,0.0,K,1.0e-8,true
R9-P5-cyclic-replay,input,S37,19,5.684341886080802e-14,K,1.0e-8,true
R9-P5-temperature,input,S_in37,19,0.0,K,1.0e-8,true
R9-P5-temperature,input,S_out37,19,0.0,K,1.0e-8,true
R9-P5-cyclic-replay,input,S37,20,5.684341886080802e-14,K,1.0e-8,true
R9-P5-temperature,input,S_in37,20,0.0,K,1.0e-8,true
R9-P5-temperature,input,S_out37,20,0.0,K,1.0e-8,true
R9-P5-cyclic-replay,input,S37,21,5.684341886080802e-14,K,1.0e-8,true
R9-P5-temperature,input,S_in37,21,0.0,K,1.0e-8,true
R9-P5-temperature,input,S_out37,21,0.0,K,1.0e-8,true
R9-P5-cyclic-replay,input,S37,22,5.684341886080802e-14,K,1.0e-8,true
R9-P5-temperature,input,S_in37,22,0.0,K,1.0e-8,true
R9-P5-temperature,input,S_out37,22,0.0,K,1.0e-8,true
R9-P5-cyclic-replay,input,S37,23,5.684341886080802e-14,K,1.0e-8,true
R9-P5-temperature,input,S_in37,23,0.0,K,1.0e-8,true
R9-P5-temperature,input,S_out37,23,0.0,K,1.0e-8,true
R9-P5-cyclic-replay,input,S37,24,5.684341886080802e-14,K,1.0e-8,true
R9-P5-temperature,input,S_in37,24,0.0,K,1.0e-8,true
R9-P5-temperature,input,S_out37,24,0.0,K,1.0e-8,true
R9-P5-cyclic-replay,input,R37,1,0.0,K,1.0e-8,true
R9-P5-temperature,input,R_in37,1,0.0,K,1.0e-8,true
R9-P5-temperature,input,R_out37,1,0.0,K,1.0e-8,true
R9-P5-cyclic-replay,input,R37,2,0.0,K,1.0e-8,true
R9-P5-temperature,input,R_in37,2,0.0,K,1.0e-8,true
R9-P5-temperature,input,R_out37,2,0.0,K,1.0e-8,true
R9-P5-cyclic-replay,input,R37,3,0.0,K,1.0e-8,true
R9-P5-temperature,input,R_in37,3,0.0,K,1.0e-8,true
R9-P5-temperature,input,R_out37,3,0.0,K,1.0e-8,true
R9-P5-cyclic-replay,input,R37,4,0.0,K,1.0e-8,true
R9-P5-temperature,input,R_in37,4,0.0,K,1.0e-8,true
R9-P5-temperature,input,R_out37,4,0.0,K,1.0e-8,true
R9-P5-cyclic-replay,input,R37,5,0.0,K,1.0e-8,true
R9-P5-temperature,input,R_in37,5,0.0,K,1.0e-8,true
R9-P5-temperature,input,R_out37,5,0.0,K,1.0e-8,true
R9-P5-cyclic-replay,input,R37,6,0.0,K,1.0e-8,true
R9-P5-temperature,input,R_in37,6,0.0,K,1.0e-8,true
R9-P5-temperature,input,R_out37,6,0.0,K,1.0e-8,true
R9-P5-cyclic-replay,input,R37,7,0.0,K,1.0e-8,true
R9-P5-temperature,input,R_in37,7,0.0,K,1.0e-8,true
R9-P5-temperature,input,R_out37,7,0.0,K,1.0e-8,true
R9-P5-cyclic-replay,input,R37,8,0.0,K,1.0e-8,true
R9-P5-temperature,input,R_in37,8,0.0,K,1.0e-8,true
R9-P5-temperature,input,R_out37,8,0.0,K,1.0e-8,true
R9-P5-cyclic-replay,input,R37,9,0.0,K,1.0e-8,true
R9-P5-temperature,input,R_in37,9,0.0,K,1.0e-8,true
R9-P5-temperature,input,R_out37,9,0.0,K,1.0e-8,true
R9-P5-cyclic-replay,input,R37,10,0.0,K,1.0e-8,true
R9-P5-temperature,input,R_in37,10,0.0,K,1.0e-8,true
R9-P5-temperature,input,R_out37,10,0.0,K,1.0e-8,true
R9-P5-cyclic-replay,input,R37,11,0.0,K,1.0e-8,true
R9-P5-temperature,input,R_in37,11,0.0,K,1.0e-8,true
R9-P5-temperature,input,R_out37,11,0.0,K,1.0e-8,true
R9-P5-cyclic-replay,input,R37,12,0.0,K,1.0e-8,true
R9-P5-temperature,input,R_in37,12,0.0,K,1.0e-8,true
R9-P5-temperature,input,R_out37,12,0.0,K,1.0e-8,true
R9-P5-cyclic-replay,input,R37,13,0.0,K,1.0e-8,true
R9-P5-temperature,input,R_in37,13,0.0,K,1.0e-8,true
R9-P5-temperature,input,R_out37,13,0.0,K,1.0e-8,true
R9-P5-cyclic-replay,input,R37,14,0.0,K,1.0e-8,true
R9-P5-temperature,input,R_in37,14,0.0,K,1.0e-8,true
R9-P5-temperature,input,R_out37,14,0.0,K,1.0e-8,true
R9-P5-cyclic-replay,input,R37,15,0.0,K,1.0e-8,true
R9-P5-temperature,input,R_in37,15,0.0,K,1.0e-8,true
R9-P5-temperature,input,R_out37,15,0.0,K,1.0e-8,true
R9-P5-cyclic-replay,input,R37,16,0.0,K,1.0e-8,true
R9-P5-temperature,input,R_in37,16,0.0,K,1.0e-8,true
R9-P5-temperature,input,R_out37,16,0.0,K,1.0e-8,true
R9-P5-cyclic-replay,input,R37,17,0.0,K,1.0e-8,true
R9-P5-temperature,input,R_in37,17,0.0,K,1.0e-8,true
R9-P5-temperature,input,R_out37,17,0.0,K,1.0e-8,true
R9-P5-cyclic-replay,input,R37,18,0.0,K,1.0e-8,true
R9-P5-temperature,input,R_in37,18,0.0,K,1.0e-8,true
R9-P5-temperature,input,R_out37,18,0.0,K,1.0e-8,true
R9-P5-cyclic-replay,input,R37,19,0.0,K,1.0e-8,true
R9-P5-temperature,input,R_in37,19,0.0,K,1.0e-8,true
R9-P5-temperature,input,R_out37,19,0.0,K,1.0e-8,true
R9-P5-cyclic-replay,input,R37,20,0.0,K,1.0e-8,true
R9-P5-temperature,input,R_in37,20,0.0,K,1.0e-8,true
R9-P5-temperature,input,R_out37,20,0.0,K,1.0e-8,true
R9-P5-cyclic-replay,input,R37,21,0.0,K,1.0e-8,true
R9-P5-temperature,input,R_in37,21,0.0,K,1.0e-8,true
R9-P5-temperature,input,R_out37,21,0.0,K,1.0e-8,true
R9-P5-cyclic-replay,input,R37,22,0.0,K,1.0e-8,true
R9-P5-temperature,input,R_in37,22,0.0,K,1.0e-8,true
R9-P5-temperature,input,R_out37,22,0.0,K,1.0e-8,true
R9-P5-cyclic-replay,input,R37,23,0.0,K,1.0e-8,true
R9-P5-temperature,input,R_in37,23,0.0,K,1.0e-8,true
R9-P5-temperature,input,R_out37,23,0.0,K,1.0e-8,true
R9-P5-cyclic-replay,input,R37,24,0.0,K,1.0e-8,true
R9-P5-temperature,input,R_in37,24,0.0,K,1.0e-8,true
R9-P5-temperature,input,R_out37,24,0.0,K,1.0e-8,true
R9-P6-day-energy,input,0,0,1.2612133559741778e-13,MWh,1.0e-7,true
