id,t,pv_fraction,activation_signed
train_000801,1,0.0,-0.5375277866678371
train_000801,2,0.0,0.09173666320486747
train_000801,3,0.0,-0.08496865425612384
train_000801,4,0.0,-0.8322878312656989
train_000801,5,0.0,-0.6644316090523195
train_000801,6,0.0,-0.4078477110689466
train_000801,7,0.06662496621796589,-0.8368260716591663
train_000801,8,0.219552945129115,-0.9130669549771522
train_000801,9,0.37337025067589846,-0.4957792839789229
train_000801,10,0.5323971931949192,-0.8120040393223817
train_000801,11,0.668144640514191,-0.9551731684895265
train_000801,12,0.794327431666183,-0.957562340823826
train_000801,13,0.8584852244205587,-0.818530465220413
train_000801,14,0.7446974495771029,-0.6580747363672501
train_000801,15,0.6288947328981125,-0.8536742799174507
train_000801,16,0.45164291116868976,-0.6862838041554675
train_000801,17,0.2907058769373277,-0.6126161190564978
train_000801,18,0.09913661590919888,-0.6198967817766616
train_000801,19,0.0,-0.7003779130027725
train_000801,20,0.0,-0.7099985485204724
train_000801,21,0.0,-0.8408961733580214
train_000801,22,0.0,0.025269498491593417
train_000801,23,0.0,-0.32732674970758646
train_000801,24,0.0,-0.20661229903566686
train_000802,1,0.0,-0.5003918763031496
train_000802,2,0.0,-0.4578106636841772
train_000802,3,0.0,0.22327833504417408
train_000802,4,0.0,-0.2251668269985669
train_000802,5,0.0,-0.6873222896924379
train_000802,6,0.0,-0.5158209795936446
train_000802,7,0.07361046018237664,0.04145749532683706
train_000802,8,0.21952123421732583,0.19007362536051048
train_000802,9,0.3976848877988217,-0.4896102864964027
train_000802,10,0.5178655861010363,0.0189934240529394
train_000802,11,0.6085155776875786,-0.6646725592997094
train_000802,12,0.6858500962720441,-0.9881156250655273
train_000802,13,0.7695052532237208,-0.9493282614600479
train_000802,14,0.7265740638433545,-0.34032188373064376
train_000802,15,0.5744835002911601,-0.45983902471792343
train_000802,16,0.4562713379445705,-0.47210143797641013
train_000802,17,0.2856507384540018,-0.06075683743293767
train_000802,18,0.10115008938576624,-0.49786344507610736
train_000802,19,0.0,0.0884220836946797
train_000802,20,0.0,-0.30496905687061693
train_000802,21,0.0,0.1845422730373427
train_000802,22,0.0,0.3987692668970518
train_000802,23,0.0,0.6088024538567519
train_000802,24,0.0,0.15874440847456175
train_000803,1,0.0,-0.45275427696672943
train_000803,2,0.0,-0.8367323770240456
train_000803,3,0.0,-0.6487767389314643
train_000803,4,0.0,-0.1999314561448462
train_000803,5,0.0,0.28247753438906925
train_000803,6,0.0,0.24098372718762112
train_000803,7,0.06412701422136508,0.003794000297353531
train_000803,8,0.18452217824735145,0.4634902473149527
train_000803,9,0.3531031694909506,0.23304646150625732
train_000803,10,0.4957223496092661,-0.796195459457909
train_000803,11,0.588550134892488,-0.22855398589919693
train_000803,12,0.7870443008163074,0.8856439964090826
train_000803,13,0.818897594529914,0.4847539563179105
train_000803,14,0.7840755759855544,-0.44513623091072063
train_000803,15,0.6822061485515933,-0.6468465404642436
train_000803,16,0.5163621518889753,-0.6261511445258785
train_000803,17,0.31041607933020826,-0.3386712271751783
train_000803,18,0.10170202639890134,-0.2803516537907954
train_000803,19,0.0,0.21400600246953597
train_000803,20,0.0,-0.15924978582800098
train_000803,21,0.0,-0.6662404092749208
train_000803,22,0.0,-0.34589653534406056
train_000803,23,0.0,-0.47611394405583785
train_000803,24,0.0,-0.3017966177007722
train_000804,1,0.0,-0.10125775541996739
train_000804,2,0.0,0.8223747152495127
train_000804,3,0.0,0.8109216882707196
train_000804,4,0.0,0.8408208780834174
train_000804,5,0.0,0.7605193892463239
train_000804,6,0.0,0.5606219129362494
train_000804,7,0.06663362416678355,0.8777995546924989
train_000804,8,0.20810601952576174,0.9225471485185345
train_000804,9,0.3635594251828353,0.7163112920037096
train_000804,10,0.5431707489899406,0.5197472108834627
train_000804,11,0.7116808430708947,-0.245307608964053
train_000804,12,0.8729514291769777,0.26179702677056405
train_000804,13,0.9080286587004339,0.5265290119275342
train_000804,14,0.8175347436380064,0.6690085444786059
train_000804,15,0.7053797682460727,0.5717435481393338
train_000804,16,0.508382779763784,0.731504935924827
train_000804,17,0.3231601515603831,-0.27180268394378193
train_000804,18,0.11171631564039713,-0.48729493784884537
train_000804,19,0.0,-0.8863017572474997
train_000804,20,0.0,-0.6603807765914735
train_000804,21,0.0,-0.920628750059911
train_000804,22,0.0,-0.7641455395960515
train_000804,23,0.0,-0.7253855285347413
train_000804,24,0.0,-0.8534318521268552
train_000805,1,0.0,0.6790885627957122
train_000805,2,0.0,0.018099619397589778
train_000805,3,0.0,0.3511419694796007
train_000805,4,0.0,0.8220239067742182
train_000805,5,0.0,0.5262290555651199
train_000805,6,0.0,0.7434724933676118
train_000805,7,0.04685100867488958,0.7126590713478347
train_000805,8,0.15166584276663153,0.8252125347131971
train_000805,9,0.3126325266696924,0.6337872146993808
train_000805,10,0.4681041261579075,0.26088616694151134
train_000805,11,0.5794464148933972,-0.5461233215718468
train_000805,12,0.7111595619927231,-0.34217083776109725
train_000805,13,0.7989732518577985,0.5998310445424362
train_000805,14,0.6956325493141974,0.3709658121458285
train_000805,15,0.5840048645352395,0.49739268033705497
train_000805,16,0.4161283436873813,0.4731044617702851
train_000805,17,0.26642260239511334,0.28176815619389517
train_000805,18,0.09621566165384095,0.2347454368489253
train_000805,19,0.0,0.14785483577308495
train_000805,20,0.0,-0.17814080802742108
train_000805,21,0.0,-0.8628176218908451
train_000805,22,0.0,-0.3245713089532695
train_000805,23,0.0,0.42236799711178225
train_000805,24,0.0,0.809636206451272
train_000806,1,0.0,0.8839154127411708
train_000806,2,0.0,0.2113615255447291
train_000806,3,0.0,0.188890276573974
train_000806,4,0.0,-0.44377070964442583
train_000806,5,0.0,0.24007844585408983
train_000806,6,0.0,0.26656647466318983
train_000806,7,0.027236256071967207,-0.11927613937737579
train_000806,8,0.0997120664397032,0.7856005545216713
train_000806,9,0.15722641037273502,0.6340231095978361
train_000806,10,0.2722305191339299,0.5693427417925017
train_000806,11,0.335453339840603,0.4821815172177911
train_000806,12,0.4180248950465878,-0.46369149229671225
train_000806,13,0.33855333544014715,-0.5983720098405321
train_000806,14,0.2942546956014759,-0.7408299274276686
train_000806,15,0.24757416922603023,-0.4718001225586915
train_000806,16,0.15364087042334457,-0.14245841207599227
train_000806,17,0.09302715994888813,-0.3196517825823013
train_000806,18,0.039166330432882084,0.038426099896457296
train_000806,19,0.0,0.27711132458591586
train_000806,20,0.0,-0.2173828893978987
train_000806,21,0.0,-0.7078902713959419
train_000806,22,0.0,0.027190193990423182
train_000806,23,0.0,0.1505564720134587
train_000806,24,0.0,-0.2478380214125978
train_000807,1,0.0,-0.7846807818647503
train_000807,2,0.0,-0.685731334382661
train_000807,3,0.0,-0.4372436857098223
train_000807,4,0.0,0.46683104782830553
train_000807,5,0.0,0.16425609901982643
train_000807,6,0.0,0.3008413228076168
train_000807,7,0.06138774221656494,0.06311674360483453
train_000807,8,0.17595336339752918,0.676684632383042
train_000807,9,0.2975450314826663,0.5850700446293318
train_000807,10,0.43898202758112187,0.17050223295989203
train_000807,11,0.5302620192504516,0.3139906594144454
train_000807,12,0.6122587698124051,0.5548129076755581
train_000807,13,0.6435571943891958,0.3068278894808811
train_000807,14,0.5709884492502765,0.15039360130282378
train_000807,15,0.5091484739484904,0.027329248887635483
train_000807,16,0.36489887337758364,-0.3410652558023323
train_000807,17,0.27387704602738056,-0.6565335366785445
train_000807,18,0.09234271466217776,-0.840103287230502
train_000807,19,0.0,-0.7814749350996906
train_000807,20,0.0,-0.9044557211003339
train_000807,21,0.0,-0.8530168418900342
train_000807,22,0.0,-0.5016321484955588
train_000807,23,0.0,-0.847001642555059
train_000807,24,0.0,-0.7920260936059094
train_000808,1,0.0,0.7724107614723331
train_000808,2,0.0,0.944086620322911
train_000808,3,0.0,0.9002009483326029
train_000808,4,0.0,0.9241939858038221
train_000808,5,0.0,0.957182087476551
train_000808,6,0.0,0.8465107654833648
train_000808,7,0.06700325366017368,0.9227494454024227
train_000808,8,0.20377168919939095,0.9379009241363935
train_000808,9,0.38710529055412973,0.7320534012843036
train_000808,10,0.5407948846508724,0.06022920811055401
train_000808,11,0.6989496276035568,-0.07575340162915817
train_000808,12,0.8183715416975835,-0.512687300517888
train_000808,13,0.8594438472662168,0.03497027084828932
train_000808,14,0.7401085110096899,0.22806360119191182
train_000808,15,0.6323870529022753,-0.14079555809179467
train_000808,16,0.4691714770199802,0.3431378570984985
train_000808,17,0.27358211280829764,0.13801068917433515
train_000808,18,0.09608630315721917,-0.2573598840507319
train_000808,19,0.0,-0.32083934129096287
train_000808,20,0.0,-0.7177008137936169
train_000808,21,0.0,-0.3743900132282258
train_000808,22,0.0,0.310534875681131
train_000808,23,0.0,0.5540651671245874
train_000808,24,0.0,-0.8437166384069263
train_000809,1,0.0,0.8765398117002687
train_000809,2,0.0,0.6763587251743006
train_000809,3,0.0,0.6130312261024902
train_000809,4,0.0,0.6046276897093849
train_000809,5,0.0,0.5108323843222998
train_000809,6,0.0,0.724295972838711
train_000809,7,0.036831553495682054,0.8001766739011671
train_000809,8,0.13016214642878457,0.014387673210132198
train_000809,9,0.2780273395429673,0.43137798901196805
train_000809,10,0.407012374592941,-0.5305573869209824
train_000809,11,0.5389991742778862,-0.457104540496866
train_000809,12,0.5877161262802226,-0.6304096682834699
train_000809,13,0.6239468201254693,-0.7423977166322876
train_000809,14,0.5842929356376668,-0.7310489045258513
train_000809,15,0.5196797871308683,-0.9231129153669234
train_000809,16,0.4215115499380331,-0.6759776193879168
train_000809,17,0.2594870902365402,-0.6056461726701758
train_000809,18,0.08179902725628609,0.17839914546509014
train_000809,19,0.0,0.23908822048305742
train_000809,20,0.0,-0.6733617304014323
train_000809,21,0.0,-0.6262799501607488
train_000809,22,0.0,-0.5439264085647312
train_000809,23,0.0,0.04378911395782917
train_000809,24,0.0,0.7992732548537541
train_000810,1,0.0,0.4407758006525612
train_000810,2,0.0,0.7021383364166475
train_000810,3,0.0,0.8447790394770818
train_000810,4,0.0,0.765453557431107
train_000810,5,0.0,0.7471873403541723
train_000810,6,0.0,0.6735516570894834
train_000810,7,0.05133715374156396,-0.8055399048334152
train_000810,8,0.16254783705723766,-0.678097577054489
train_000810,9,0.3055266118742238,-0.8290239214902342
train_000810,10,0.4433220150417041,-0.8786936960668359
train_000810,11,0.6337989695535395,-0.6478551819052405
train_000810,12,0.7099051847231275,-0.242585053530287
train_000810,13,0.6944085080833673,-0.49532591066476617
train_000810,14,0.5911555323389436,0.63399429293519
train_000810,15,0.5368701497914531,-0.13710075932589808
train_000810,16,0.3763396585469158,0.7305560169191494
train_000810,17,0.24349836134502956,0.4165071997399488
train_000810,18,0.0852280780434827,0.13533430520858053
train_000810,19,0.0,0.34845210521824876
train_000810,20,0.0,0.18768456094455618
train_000810,21,0.0,0.06863176672922955
train_000810,22,0.0,0.37868867839548137
train_000810,23,0.0,-0.3139804431610277
train_000810,24,0.0,0.20937828949868195
train_000811,1,0.0,0.8410765354650407
train_000811,2,0.0,0.7946887856519412
train_000811,3,0.0,0.8993442918089595
train_000811,4,0.0,0.3655038030884326
train_000811,5,0.0,0.8196431109978317
train_000811,6,0.0,0.3375572135539598
train_000811,7,0.03817513704665562,-0.30733059917377675
train_000811,8,0.12033980452945947,0.6546574619837078
train_000811,9,0.22184853896550533,0.6759615361867815
train_000811,10,0.3719605572871207,0.4182065898655329
train_000811,11,0.5190253744398632,0.6070090314653563
train_000811,12,0.5937539524630985,-0.4285463386528677
train_000811,13,0.639174681945659,-0.42286446281801954
train_000811,14,0.5436853599645383,0.40006283083047167
train_000811,15,0.5299376913696944,0.6099059525209188
train_000811,16,0.37447440168661733,-0.03825157812628032
train_000811,17,0.2282692232927399,-0.042651907570817556
train_000811,18,0.07087552021987063,0.2407072367378617
train_000811,19,0.0,0.0199390244774374
train_000811,20,0.0,-0.4996393967256696
train_000811,21,0.0,-0.3016281003163986
train_000811,22,0.0,-0.5236458441509976
train_000811,23,0.0,-0.5306960275028265
train_000811,24,0.0,0.13230471744742967
train_000812,1,0.0,0.5618761036370343
train_000812,2,0.0,0.6676211004749373
train_000812,3,0.0,0.7207622073693063
train_000812,4,0.0,0.9239985952926046
train_000812,5,0.0,0.5866609146166453
train_000812,6,0.0,-0.1846180043604476
train_000812,7,0.07262912979117445,-0.16222185308937895
train_000812,8,0.22315535806633857,-0.3934332130180329
train_000812,9,0.41265752900413044,-0.613624467700213
train_000812,10,0.603215538752983,0.15343316804250964
train_000812,11,0.7436073449759225,-0.4474645635762699
train_000812,12,0.8380479142275076,-0.2272021706193015
train_000812,13,0.8644058104752526,-0.20962805582734334
train_000812,14,0.7637018198575721,-0.3919359340020967
train_000812,15,0.6753665379691925,-0.11868498842104076
train_000812,16,0.5402950628865691,-0.4358237762842098
train_000812,17,0.32215682262854095,-0.5924182345489444
train_000812,18,0.10809077001123657,-0.2736951378176457
train_000812,19,0.0,-0.21671017366068593
train_000812,20,0.0,-0.518483216247152
train_000812,21,0.0,-0.3031491674393498
train_000812,22,0.0,0.22127895621319077
train_000812,23,0.0,0.26539092825207694
train_000812,24,0.0,0.035746718441131906
train_000813,1,0.0,0.2206036054595671
train_000813,2,0.0,-0.2185152363903495
train_000813,3,0.0,0.4924366662927021
train_000813,4,0.0,0.06225547531290242
train_000813,5,0.0,-0.24016917413271696
train_000813,6,0.0,-0.01130001024588068
train_000813,7,0.06910463549327359,-0.10357243049465804
train_000813,8,0.2153959531743644,0.12670658010905522
train_000813,9,0.40561758660608266,0.16864315465719398
train_000813,10,0.5842371073761988,0.5196266969422629
train_000813,11,0.7387213902974588,0.6843366594092308
train_000813,12,0.8636184517147297,0.11713031051019851
train_000813,13,0.8844498380852872,-0.11254589896283519
train_000813,14,0.8190727993911903,0.04381215314512872
train_000813,15,0.6599189089664238,-0.0587378129032642
train_000813,16,0.4895181505845103,0.13103987114189192
train_000813,17,0.2972754411307535,-0.2744224635580889
train_000813,18,0.10532438728953744,-0.2698457334445124
train_000813,19,0.0,0.12279313335476198
train_000813,20,0.0,-0.10489426969718318
train_000813,21,0.0,-0.5558214938027632
train_000813,22,0.0,-0.2568738959326971
train_000813,23,0.0,-0.6419052426837215
train_000813,24,0.0,-0.617936496118038
train_000814,1,0.0,-0.5207836311430494
train_000814,2,0.0,-0.5433387118912666
train_000814,3,0.0,-0.8589017833216384
train_000814,4,0.0,-0.8481826406889014
train_000814,5,0.0,-0.6622294851503854
train_000814,6,0.0,0.17203593952836976
train_000814,7,0.04875447811059595,-0.09690155084339305
train_000814,8,0.12514899824175796,0.2580567165549755
train_000814,9,0.23984961523247597,-0.2800405564806082
train_000814,10,0.3665419647275467,-0.02648826554991379
train_000814,11,0.412624825818058,-0.46879148775458357
train_000814,12,0.4555464903652901,-0.3593396657200983
train_000814,13,0.5670279092618534,-0.425508729418426
train_000814,14,0.5984826361237515,-0.43859739770312883
train_000814,15,0.47919170115304777,-0.8309937499874267
train_000814,16,0.3810468148517629,-0.7872908144460445
train_000814,17,0.21809198974326974,-0.6858887890644048
train_000814,18,0.08041474568847821,-0.8856066873147835
train_000814,19,0.0,-0.5646099674910958
train_000814,20,0.0,-0.8060619827111296
train_000814,21,0.0,-0.4750228563270159
train_000814,22,0.0,-0.528480770625622
train_000814,23,0.0,0.32946601097665634
train_000814,24,0.0,-0.5953704548132548
train_000815,1,0.0,-0.5419549098475307
train_000815,2,0.0,-0.467365907152124
train_000815,3,0.0,0.253845462163755
train_000815,4,0.0,-0.0751494872034317
train_000815,5,0.0,-0.4926647812968309
train_000815,6,0.0,-0.44526596388724193
train_000815,7,0.039274385676652146,0.18280557855851037
train_000815,8,0.14021568264696693,0.2240226167245626
train_000815,9,0.23972965373024846,0.2158068502433384
train_000815,10,0.3235484592445886,0.22285325261435687
train_000815,11,0.35223021035373747,0.657697184041938
train_000815,12,0.5081227466886564,0.8612201635508412
train_000815,13,0.5800005060502657,0.5879603209348874
train_000815,14,0.5827837907940165,0.8378674972244446
train_000815,15,0.495451728574878,0.8845769651328065
train_000815,16,0.3277770965333517,0.717656839288616
train_000815,17,0.17899375929977668,0.6502940109876219
train_000815,18,0.06818163962117225,0.82710759753472
train_000815,19,0.0,0.9413160198938648
train_000815,20,0.0,0.7274183310074124
train_000815,21,0.0,0.8722383912728127
train_000815,22,0.0,0.7659941321333854
train_000815,23,0.0,0.13502438590226376
train_000815,24,0.0,0.3142364836603268
train_000816,1,0.0,0.22461343031018624
train_000816,2,0.0,-0.432759913081209
train_000816,3,0.0,0.02057182923623351
train_000816,4,0.0,0.023139435466590037
train_000816,5,0.0,-0.23846783570150126
train_000816,6,0.0,0.13984203576036722
train_000816,7,0.04836387381758189,0.23256688131209605
train_000816,8,0.1420668012048351,0.5016003254583634
train_000816,9,0.31357165032227247,0.49357572544519157
train_000816,10,0.41275421624382325,-0.5202653107846957
train_000816,11,0.5711811643659997,-0.17587494158142625
train_000816,12,0.6462520679513688,-0.19111225712146346
train_000816,13,0.5952587763766108,-0.832936118840871
train_000816,14,0.4605790220486654,0.10402122883358605
train_000816,15,0.36259546276630733,-0.24378285448218162
train_000816,16,0.310205602120286,-0.267956099848546
train_000816,17,0.18740479117026668,-0.5834447013666814
train_000816,18,0.06517469857133304,-0.03452126368145076
train_000816,19,0.0,-0.006045423692989771
train_000816,20,0.0,0.3553649833849662
train_000816,21,0.0,0.3448500739465081
train_000816,22,0.0,-0.689756431683883
train_000816,23,0.0,0.09835300429906461
train_000816,24,0.0,0.0890635497316032
train_000817,1,0.0,0.3290702833337849
train_000817,2,0.0,0.6220684240351384
train_000817,3,0.0,0.3735371908098146
train_000817,4,0.0,0.5423593744165742
train_000817,5,0.0,0.26791856232948597
train_000817,6,0.0,0.12324004812384219
train_000817,7,0.07253465468899228,-0.2829609053939753
train_000817,8,0.22922572339373354,-0.4493390741920675
train_000817,9,0.41316812378296724,-0.6939963849551296
train_000817,10,0.5859192457264293,-0.8627529300170809
train_000817,11,0.7370693437643784,-0.7448887230532591
train_000817,12,0.8235318108630176,-0.23979698795139398
train_000817,13,0.9075358442921735,-0.007698421639081445
train_000817,14,0.8513316421638338,-0.1882212464630492
train_000817,15,0.6933643918617071,-0.21618056784607656
train_000817,16,0.49581282301245116,0.8850348007542314
train_000817,17,0.3120327420886321,0.9633958950634859
train_000817,18,0.10961844416217364,0.7132248816673332
train_000817,19,0.0,0.7160290482769851
train_000817,20,0.0,0.7510585633310701
train_000817,21,0.0,0.7830628085976803
train_000817,22,0.0,0.8149816674614575
train_000817,23,0.0,0.57996819785686
train_000817,24,0.0,0.6615486713386081
train_000818,1,0.0,0.8908455776466582
train_000818,2,0.0,0.8085972580021097
train_000818,3,0.0,0.683010747567657
train_000818,4,0.0,0.13653869162098187
train_000818,5,0.0,0.14476044459103726
train_000818,6,0.0,0.44784743266866806
train_000818,7,0.05318732998274954,-0.18040202312905534
train_000818,8,0.1762773370838752,-0.30932402522184393
train_000818,9,0.33687034994044,-0.6275737066557345
train_000818,10,0.5209594360968469,-0.17963807779859708
train_000818,11,0.6568961130593253,0.15348393245742004
train_000818,12,0.7500847149905441,0.4954370409884483
train_000818,13,0.7597065149579466,0.7430401636084725
train_000818,14,0.6679267784808126,0.6054352825450213
train_000818,15,0.5731455631339113,-0.28383463451554086
train_000818,16,0.37617796258912034,-0.915973600009696
train_000818,17,0.2265108667631529,-0.8785705994392382
train_000818,18,0.08292812762279285,-0.9105857631193223
train_000818,19,0.0,-0.9343868902918709
train_000818,20,0.0,-0.9248006891874473
train_000818,21,0.0,-0.9240188522360621
train_000818,22,0.0,-0.4668412026064567
train_000818,23,0.0,-0.6525803419711654
train_000818,24,0.0,0.2361290247798793
train_000819,1,0.0,-0.5169926989998651
train_000819,2,0.0,-0.013849146050854851
train_000819,3,0.0,0.6611023927035338
train_000819,4,0.0,0.21855789519765667
train_000819,5,0.0,0.763664249756706
train_000819,6,0.0,0.7608589619390422
train_000819,7,0.06407717371179344,0.7824784319519849
train_000819,8,0.19331796734610515,0.02891225410822237
train_000819,9,0.3544710985352655,0.32968601942199394
train_000819,10,0.525517392638022,0.2563335312890629
train_000819,11,0.6887715393535324,0.5766719773703353
train_000819,12,0.8255753263144366,0.6086484014350182
train_000819,13,0.9006815917260262,0.4721474941165076
train_000819,14,0.8230802771343875,-0.15118282273143877
train_000819,15,0.6948511875019708,0.0777983940785727
train_000819,16,0.5283785015914799,0.37301496304909837
train_000819,17,0.3118150762027389,-0.20025519459135657
train_000819,18,0.10896488536899405,-0.20178288878805498
train_000819,19,0.0,-0.15144752740588172
train_000819,20,0.0,0.41584979821214313
train_000819,21,0.0,0.06093441360245483
train_000819,22,0.0,-0.38625377307286385
train_000819,23,0.0,0.3617207945047509
train_000819,24,0.0,0.5304226369609711
train_000820,1,0.0,-0.4685932854986138
train_000820,2,0.0,0.4108942636661088
train_000820,3,0.0,0.690309213284511
train_000820,4,0.0,0.6674340285358873
train_000820,5,0.0,0.6838689441697887
train_000820,6,0.0,0.5892933859449598
train_000820,7,0.060436988019714484,0.46638434886236313
train_000820,8,0.20028597254035782,0.42236411561704984
train_000820,9,0.37875056471672913,-0.43584994263117555
train_000820,10,0.5251394913572538,0.3169534180020786
train_000820,11,0.7114558462125753,-0.37812600698763554
train_000820,12,0.8217511407521787,-0.33611171015045227
train_000820,13,0.8933705973745418,-0.4081584241187343
train_000820,14,0.8118161844191477,0.008548483045960335
train_000820,15,0.6891337323855217,0.022044702274559423
train_000820,16,0.47728662022858437,0.5714955075801733
train_000820,17,0.28854048657844367,0.879487759365011
train_000820,18,0.10109581353267326,0.8861810659029578
train_000820,19,0.0,0.7646540757438077
train_000820,20,0.0,0.2198653409012847
train_000820,21,0.0,0.05823260621760037
train_000820,22,0.0,-0.12259792505474575
train_000820,23,0.0,-0.748525100372571
train_000820,24,0.0,-0.8434951951809206
train_000821,1,0.0,-0.4712791734194506
train_000821,2,0.0,-0.8706471739621803
train_000821,3,0.0,-0.9505095796797218
train_000821,4,0.0,-0.9493969918310986
train_000821,5,0.0,-0.8573886795145723
train_000821,6,0.0,-0.9608020712437724
train_000821,7,0.06439791504214376,-0.9237033355875053
train_000821,8,0.19897310382758357,-0.8710073472634938
train_000821,9,0.36916619651819016,-0.3539076009282147
train_000821,10,0.5726838612483652,0.41764463821852243
train_000821,11,0.7289638942981074,0.23425620897369903
train_000821,12,0.8596276452353464,0.3296751655268305
train_000821,13,0.8756130993101723,0.38728780503932675
train_000821,14,0.7658569409451266,0.1210770457899899
train_000821,15,0.6553089248310241,0.1387062023504173
train_000821,16,0.44911725277143044,-0.0720288707073996
train_000821,17,0.2563197818625799,0.09422463102841727
train_000821,18,0.08308122184959789,0.3209640103982189
train_000821,19,0.0,0.6750067710396226
train_000821,20,0.0,0.9137100451720906
train_000821,21,0.0,0.7020324532441264
train_000821,22,0.0,0.9049823070858435
train_000821,23,0.0,0.658552929676838
train_000821,24,0.0,0.7893351647625506
train_000822,1,0.0,-0.6907305943949946
train_000822,2,0.0,-0.7024123066830086
train_000822,3,0.0,0.5019691395927655
train_000822,4,0.0,0.18498095010804752
train_000822,5,0.0,0.21535908071592574
train_000822,6,0.0,0.20606257402449313
train_000822,7,0.06049996988722863,0.03333783459933327
train_000822,8,0.19537580092720153,0.17367365347245176
train_000822,9,0.34374142547877856,0.9317897466279419
train_000822,10,0.5362687138948773,0.681720095210862
train_000822,11,0.6730041286898577,0.03491875711849422
train_000822,12,0.6855947300397989,-0.08866356359409078
train_000822,13,0.693101180028326,0.3002296274883811
train_000822,14,0.577336923732335,0.7618284767301867
train_000822,15,0.5451356047944164,0.8262808637805135
train_000822,16,0.3607883312614921,0.6914650396949551
train_000822,17,0.23725865982370575,0.5450867577199816
train_000822,18,0.08060515769478621,0.8930177804662258
train_000822,19,0.0,0.8830006954796064
train_000822,20,0.0,0.34690151690631216
train_000822,21,0.0,-0.09702560829802682
train_000822,22,0.0,0.18054661206052017
train_000822,23,0.0,0.16811406658725692
train_000822,24,0.0,-0.6739011184980922
train_000823,1,0.0,-0.8260990137659401
train_000823,2,0.0,-0.8038589694338367
train_000823,3,0.0,-0.7147921317643839
train_000823,4,0.0,-0.833428089157443
train_000823,5,0.0,-0.5982183289301306
train_000823,6,0.0,-0.08900742044593105
train_000823,7,0.06805578391853821,-0.5108491783826147
train_000823,8,0.21252607800549123,0.381366389798832
train_000823,9,0.3917597703109034,0.9141586925436501
train_000823,10,0.5881484203374836,0.8712653510396404
train_000823,11,0.7409236196151168,0.9210394245513304
train_000823,12,0.8295233960863552,0.20948347456186284
train_000823,13,0.8925619689293693,-0.6680825023680519
train_000823,14,0.822667006498929,-0.713169243576206
train_000823,15,0.7085894154042391,-0.5558408634836628
train_000823,16,0.5414911178340712,-0.6797678350802447
train_000823,17,0.3274037250905012,-0.9152783489293387
train_000823,18,0.10960665350634265,-0.9745395237834621
train_000823,19,0.0,-0.9552431985696754
train_000823,20,0.0,-0.9469044171910713
train_000823,21,0.0,-0.8831874006849244
train_000823,22,0.0,-0.6835024827043222
train_000823,23,0.0,-0.4655248310991499
train_000823,24,0.0,0.5366698327936124
train_000824,1,0.0,0.05417144945543882
train_000824,2,0.0,0.41466129292565757
train_000824,3,0.0,0.14338680217613187
train_000824,4,0.0,-0.6554595504052149
train_000824,5,0.0,-0.5388793450005365
train_000824,6,0.0,-0.6172069983837098
train_000824,7,0.03799381130886184,-0.6546886275086479
train_000824,8,0.11190200495325492,-0.6503104846764182
train_000824,9,0.2329753324135305,-0.26963238390854816
train_000824,10,0.3731555642355636,0.6930891391788849
train_000824,11,0.40960140230967285,0.76697104389545
train_000824,12,0.5005116998911665,0.5789875239356839
train_000824,13,0.6086938708056346,0.6570431028218464
train_000824,14,0.4520518715184343,0.6897346663892134
train_000824,15,0.36373102052039336,0.7574307097328626
train_000824,16,0.2880605738681642,0.8753637026166712
train_000824,17,0.14665021358697009,0.8932430279021243
train_000824,18,0.05695190973217324,0.5630531251235451
train_000824,19,0.0,-0.5051559260088165
train_000824,20,0.0,-0.35549897625341165
train_000824,21,0.0,-0.17636290310148442
train_000824,22,0.0,0.1279108567527168
train_000824,23,0.0,0.7418856570387939
train_000824,24,0.0,0.3463195654667379
train_000825,1,0.0,0.4029613979655058
train_000825,2,0.0,-0.6453258380504417
train_000825,3,0.0,-0.3755159254054945
train_000825,4,0.0,-0.7924383061461581
train_000825,5,0.0,-0.3094646383894791
train_000825,6,0.0,0.3336925393514952
train_000825,7,0.06648910937209127,-0.32688129578960706
train_000825,8,0.2092208299755825,-0.40170304781551136
train_000825,9,0.36813492206676224,-0.00460012241233273
train_000825,10,0.5156031006982619,-0.27201627576854054
train_000825,11,0.648549492911323,0.5653773206293882
train_000825,12,0.7456419355440501,0.5797549869222323
train_000825,13,0.8177580667381504,0.3193458422747122
train_000825,14,0.8020001213790219,0.9079790262553253
train_000825,15,0.6635951173722897,0.8173820760344339
train_000825,16,0.4960355843372398,0.43920527055485253
train_000825,17,0.3126452556096752,0.15278931419542197
train_000825,18,0.10684568409124676,0.010886450869572368
train_000825,19,0.0,-0.08705312331174343
train_000825,20,0.0,0.009213291604448786
train_000825,21,0.0,0.7267235676437371
train_000825,22,0.0,0.5755585271818637
train_000825,23,0.0,0.051481773334229514
train_000825,24,0.0,-0.07966540625128253
train_000826,1,0.0,0.15426479615204702
train_000826,2,0.0,0.09999332046356149
train_000826,3,0.0,0.7373768476027753
train_000826,4,0.0,0.7845198155717904
train_000826,5,0.0,0.7003475623971701
train_000826,6,0.0,0.7324390636986261
train_000826,7,0.06136768403648325,0.5289926628686825
train_000826,8,0.20981286002557234,-0.143187733722872
train_000826,9,0.3882198657117167,0.2818102664978483
train_000826,10,0.570668597416604,0.20220541301266315
train_000826,11,0.7049715127001053,-0.042394580834827965
train_000826,12,0.7972499711306205,-0.19891075604455205
train_000826,13,0.8672297257191348,0.5435367984490942
train_000826,14,0.7160929694531397,0.46625705112479254
train_000826,15,0.6301949147000655,-0.01804675951247681
train_000826,16,0.47300922909381515,-0.19777863070406596
train_000826,17,0.2993813375365928,0.46627249015744976
train_000826,18,0.10016067404237171,0.5820939575019812
train_000826,19,0.0,-0.24899780660180276
train_000826,20,0.0,-0.7380544697662067
train_000826,21,0.0,0.8578151235577254
train_000826,22,0.0,0.8399038729841946
train_000826,23,0.0,0.7362179869675098
train_000826,24,0.0,0.8360581695654359
train_000827,1,0.0,-0.7973221138631107
train_000827,2,0.0,-0.8187802111063925
train_000827,3,0.0,-0.48917631598030953
train_000827,4,0.0,-0.4961480241827889
train_000827,5,0.0,0.14340576433068286
train_000827,6,0.0,0.6503069501904057
train_000827,7,0.07389770330212903,-0.28249761417462127
train_000827,8,0.23610585642084936,-0.21448645827939183
train_000827,9,0.41820222822445413,-0.2593942147685687
train_000827,10,0.5962727368180671,0.12497326360484819
train_000827,11,0.7374950902272878,0.20074813208690612
train_000827,12,0.8575726514819111,0.628743371768063
train_000827,13,0.888151269611166,0.8131393786821052
train_000827,14,0.7857765730662206,0.6024092907440525
train_000827,15,0.6978712073573803,-0.13564833159745066
train_000827,16,0.514433976429547,-0.3172882333705187
train_000827,17,0.3125785640243108,0.42390330624934824
train_000827,18,0.1100270232135228,0.35720974880182643
train_000827,19,0.0,-0.7448444296637308
train_000827,20,0.0,-0.10090427300995213
train_000827,21,0.0,-0.24154242711648433
train_000827,22,0.0,-0.3617629446768263
train_000827,23,0.0,-0.7796567927030611
train_000827,24,0.0,-0.8238097399198763
train_000828,1,0.0,-0.14709500373461687
train_000828,2,0.0,0.20222379198920432
train_000828,3,0.0,0.7007073600885149
train_000828,4,0.0,0.6787915354834844
train_000828,5,0.0,0.9091202643375031
train_000828,6,0.0,0.5596983599440276
train_000828,7,0.06501249311688419,0.10358828620396235
train_000828,8,0.19144366256662623,0.707620700154834
train_000828,9,0.3509141436371165,0.478690522766157
train_000828,10,0.49930113096045814,0.7971577804407466
train_000828,11,0.5462818020630161,0.7156767471311443
train_000828,12,0.6739952860568065,0.9685626615722428
train_000828,13,0.7771038486894863,0.9131842173214959
train_000828,14,0.6711419612429462,0.7350889186005136
train_000828,15,0.5522864186685272,0.4467496632305531
train_000828,16,0.39625260352498265,-0.3951085689311475
train_000828,17,0.2552458144161128,-0.36433553056878565
train_000828,18,0.09482488003267336,-0.7167154200840047
train_000828,19,0.0,-0.6188791292362035
train_000828,20,0.0,-0.9581326488116366
train_000828,21,0.0,-0.6589571938704126
train_000828,22,0.0,-0.1253585412293323
train_000828,23,0.0,-0.2744582033457991
train_000828,24,0.0,0.04076787241093584
train_000829,1,0.0,0.15637560070380913
train_000829,2,0.0,-0.34161409806451826
train_000829,3,0.0,-0.6571376386480374
train_000829,4,0.0,-0.33062717226748023
train_000829,5,0.0,-0.6063755307857969
train_000829,6,0.0,-0.30075204916179954
train_000829,7,0.030787298823554732,-0.5718716082648372
train_000829,8,0.07032907712622077,-0.7060487972234244
train_000829,9,0.12341406972835697,-0.5812681571137757
train_000829,10,0.22319463673885145,0.11231776381986402
train_000829,11,0.298525694329852,0.7329536167054029
train_000829,12,0.37115445542463443,0.7193481411880687
train_000829,13,0.40627085197332957,0.9046955226936377
train_000829,14,0.3937736462500951,0.9606543519588014
train_000829,15,0.3170248027610439,0.8640012700487288
train_000829,16,0.22538505039932133,0.7188493997578951
train_000829,17,0.14398691213993578,0.8625947447172468
train_000829,18,0.04878364310531274,0.8214254657441324
train_000829,19,0.0,0.5214859067826203
train_000829,20,0.0,0.5527793546972644
train_000829,21,0.0,0.6630662180559914
train_000829,22,0.0,0.9196851525887764
train_000829,23,0.0,0.7570125313700372
train_000829,24,0.0,0.6613091403773285
train_000830,1,0.0,-0.08678907032919161
train_000830,2,0.0,-0.6821371379218625
train_000830,3,0.0,-0.4469376484677412
train_000830,4,0.0,-0.29425178885960096
train_000830,5,0.0,-0.35724651858590356
train_000830,6,0.0,-0.01252962256848243
train_000830,7,0.07578886594869753,0.5740594238723233
train_000830,8,0.24197495725635818,0.302546539163545
train_000830,9,0.43522171649428054,0.06316864478757572
train_000830,10,0.6184615306846775,0.42072091923464927
train_000830,11,0.7910360219770731,0.5911450723413398
train_000830,12,0.9249123629886731,0.11216286670621782
train_000830,13,0.9769255491104019,0.6828274154396718
train_000830,14,0.9028059954621824,0.8262008787304953
train_000830,15,0.7672989375208277,0.8775683442257274
train_000830,16,0.5695368745267461,0.6460868849931556
train_000830,17,0.33999211210869973,0.49517019306206767
train_000830,18,0.11682884157102305,0.710375776257661
train_000830,19,0.0,0.7022528958508892
train_000830,20,0.0,-0.01924076780901365
train_000830,21,0.0,-0.25030692431722945
train_000830,22,0.0,-0.35771538569821926
train_000830,23,0.0,-0.3626075739585769
train_000830,24,0.0,-0.5207323979042645
train_000831,1,0.0,-0.9719735576696052
train_000831,2,0.0,-0.9786717602679723
train_000831,3,0.0,-0.8486640081916828
train_000831,4,0.0,-0.7093604918151546
train_000831,5,0.0,-0.547279563152999
train_000831,6,0.0,-0.18118867119156012
train_000831,7,0.047693353531596226,-0.41996069806908976
train_000831,8,0.1562995216479794,-0.46438732867086896
train_000831,9,0.2655774547669542,-0.7373280456947909
train_000831,10,0.38518612939152724,-0.834789921358577
train_000831,11,0.3979869642767895,-0.8865168685607953
train_000831,12,0.5030811557104786,-0.8127320090811665
train_000831,13,0.5230455786140865,-0.6014476763117447
train_000831,14,0.476622334013997,-0.388823987451612
train_000831,15,0.42836245105883347,-0.6410045896774756
train_000831,16,0.35167826708081257,-0.5010038512673822
train_000831,17,0.19308333805850214,-0.022379641716840194
train_000831,18,0.06931500929513018,0.634672494796461
train_000831,19,0.0,0.7316563241654495
train_000831,20,0.0,0.6936513483426183
train_000831,21,0.0,0.507269367763688
train_000831,22,0.0,0.6791443380458563
train_000831,23,0.0,0.7955306919042129
train_000831,24,0.0,0.5840754715447458
train_000832,1,0.0,0.6428520018044749
train_000832,2,0.0,0.7629746215834449
train_000832,3,0.0,0.8346523920130573
train_000832,4,0.0,0.9412448292019133
train_000832,5,0.0,0.5920954758466876
train_000832,6,0.0,0.15033479151467333
train_000832,7,0.04240777212925135,0.45687304213761903
train_000832,8,0.16145906694810394,0.3729535340513042
train_000832,9,0.29933184626815107,0.3514259126972152
train_000832,10,0.36971957842790165,-0.5109135699712346
train_000832,11,0.5746086538199155,0.018369187843129162
train_000832,12,0.695299985040676,0.7243412277423542
train_000832,13,0.7233235162807349,0.5874484602582452
train_000832,14,0.4985438079509046,0.6805570708183624
train_000832,15,0.45295855804646745,0.8664564563514119
train_000832,16,0.40812057976861343,0.9312676519626452
train_000832,17,0.23471983832590695,0.5106222773959384
train_000832,18,0.08210988998636426,0.3194227371305418
train_000832,19,0.0,-0.7115906792797759
train_000832,20,0.0,-0.6388253487585793
train_000832,21,0.0,0.045789349537423106
train_000832,22,0.0,-0.044300341958734654
train_000832,23,0.0,0.6639312548495447
train_000832,24,0.0,0.3824076108665109
train_000833,1,0.0,-0.31382446264822383
train_000833,2,0.0,-0.876742106629332
train_000833,3,0.0,-0.8955964920004874
train_000833,4,0.0,-0.7262090779684743
train_000833,5,0.0,-0.8764586666170395
train_000833,6,0.0,-0.7475719747125465
train_000833,7,0.066927947697892,-0.900731842026737
train_000833,8,0.21021992877329196,-0.919628793020772
train_000833,9,0.3703298672499435,-0.9542828854660937
train_000833,10,0.5412581808482659,-0.9131410123548963
train_000833,11,0.709898088146815,-0.8096130279147473
train_000833,12,0.8020734607479502,-0.2841455246886873
train_000833,13,0.8446057987545755,0.016919133480791423
train_000833,14,0.7825190298543129,-0.22795842034958588
train_000833,15,0.648502078812709,-0.36465336887430416
train_000833,16,0.5161897616714927,0.8194440070401929
train_000833,17,0.29929406007905607,0.7548192452970238
train_000833,18,0.09998660922338477,0.2876679370443761
train_000833,19,0.0,-0.1763652316347264
train_000833,20,0.0,0.5479360602923072
train_000833,21,0.0,-0.19697796408272197
train_000833,22,0.0,-0.2639925823551331
train_000833,23,0.0,-0.1846218952743656
train_000833,24,0.0,0.1687142083892604
train_000834,1,0.0,-0.6026125096141938
train_000834,2,0.0,-0.19080405849590168
train_000834,3,0.0,0.5219167910932757
train_000834,4,0.0,0.6693136457098907
train_000834,5,0.0,-0.002335694478508794
train_000834,6,0.0,-0.41612251504109754
train_000834,7,0.07315443233680778,-0.7555133054170426
train_000834,8,0.2243757533910952,-0.835441308174353
train_000834,9,0.40861158204349113,-0.8100353598015847
train_000834,10,0.5967628195493279,-0.9280897920938703
train_000834,11,0.7593540758081181,-0.8723602275060567
train_000834,12,0.8537128444911471,-0.9585395735638955
train_000834,13,0.8796407726957128,-0.9612965961044838
train_000834,14,0.8034416445424827,-0.4925339750163211
train_000834,15,0.6939286000770839,0.5051419963276729
train_000834,16,0.5357452296557582,0.1901623629140248
train_000834,17,0.33089271432757494,-0.3259194729800117
train_000834,18,0.11176067151141825,-0.5974072890290469
train_000834,19,0.0,-0.44275855849742346
train_000834,20,0.0,0.05214144089436014
train_000834,21,0.0,0.07710750853609585
train_000834,22,0.0,-0.5153364854389886
train_000834,23,0.0,-0.09957781958545227
train_000834,24,0.0,-0.29662141828752997
train_000835,1,0.0,0.5715295117000276
train_000835,2,0.0,-0.2697907744177242
train_000835,3,0.0,-0.030582833473719827
train_000835,4,0.0,-0.2809489840920063
train_000835,5,0.0,0.13679716569173334
train_000835,6,0.0,0.20533190017396608
train_000835,7,0.07309286432336444,-0.09569619120392803
train_000835,8,0.22560008279760863,-0.24263826924794726
train_000835,9,0.4220368427025318,0.3337560790092051
train_000835,10,0.5901635336187202,0.9412255124556296
train_000835,11,0.7696187136822528,0.8299001479106648
train_000835,12,0.8724303890497752,0.38057696227125154
train_000835,13,0.9276774457891673,0.049334005772149116
train_000835,14,0.8520133191561811,-0.5070569123661067
train_000835,15,0.7220922763149559,-0.31239607652234996
train_000835,16,0.5458542394133846,-0.5953277480250655
train_000835,17,0.33105564651396513,-0.7673790897051285
train_000835,18,0.11492995667152993,-0.4816271951395935
train_000835,19,0.0,-0.5378799984119003
train_000835,20,0.0,-0.8871226006018704
train_000835,21,0.0,-0.8849462853766181
train_000835,22,0.0,-0.7458980574856298
train_000835,23,0.0,-0.2460522133830361
train_000835,24,0.0,-0.1760806656522745
train_000836,1,0.0,0.35219246842464236
train_000836,2,0.0,0.42584502198268315
train_000836,3,0.0,-0.3622665542625975
train_000836,4,0.0,0.6409413640015302
train_000836,5,0.0,-0.13441872967176693
train_000836,6,0.0,0.19907823176222753
train_000836,7,0.0738608842872903,-0.3020051959487746
train_000836,8,0.23093435989793484,-0.46468863902432267
train_000836,9,0.40742986631060957,-0.4791463212081688
train_000836,10,0.6117148291023965,-0.34122032221716714
train_000836,11,0.7642042827085129,-0.5922646442516586
train_000836,12,0.8818904939478345,0.373673549974329
train_000836,13,0.9429624599010097,-0.4297667551722562
train_000836,14,0.8028159836603966,0.23355158308743126
train_000836,15,0.6903828904475788,0.4555844804801957
train_000836,16,0.5094613104080117,0.16191070105301036
train_000836,17,0.30843500667519147,0.0463612645303366
train_000836,18,0.10425981297864284,0.23793576740355693
train_000836,19,0.0,0.7667597082843588
train_000836,20,0.0,0.9047215318061987
train_000836,21,0.0,0.8535852250066535
train_000836,22,0.0,-0.10279507238162598
train_000836,23,0.0,0.16082921571515105
train_000836,24,0.0,0.5765017319458481
train_000837,1,0.0,-0.5345882682086243
train_000837,2,0.0,-0.8703693929569296
train_000837,3,0.0,-0.9505661001837941
train_000837,4,0.0,-0.9605728941075824
train_000837,5,0.0,-0.8531452619706292
train_000837,6,0.0,-0.973709020778515
train_000837,7,0.03791970864702199,-0.9112966203660563
train_000837,8,0.13159934242760496,-0.7365307610202729
train_000837,9,0.24201480777350565,-0.5426168076334713
train_000837,10,0.32596093953133826,0.36520706308469486
train_000837,11,0.35222125520293784,0.049655985539710255
train_000837,12,0.4538428332139193,0.8747691270260672
train_000837,13,0.48219635047409426,0.3964573267722622
train_000837,14,0.5167928564380871,-0.08511505810710646
train_000837,15,0.4158326483418815,-0.3606650476491435
train_000837,16,0.3201857198834821,-0.24797346161013156
train_000837,17,0.2157447493463505,-0.6679248292329575
train_000837,18,0.08241864305082816,-0.10684266852976153
train_000837,19,0.0,0.24723021374180715
train_000837,20,0.0,-0.006632844956887703
train_000837,21,0.0,0.419827052735929
train_000837,22,0.0,0.7404311054113857
train_000837,23,0.0,0.894270295036054
train_000837,24,0.0,0.8977958382740581
train_000838,1,0.0,-0.5911446100646385
train_000838,2,0.0,-0.16366166667655627
train_000838,3,0.0,0.24745224226712198
train_000838,4,0.0,0.23619154440599652
train_000838,5,0.0,-0.5017047013898712
train_000838,6,0.0,-0.39883047314388004
train_000838,7,0.05373907983837395,-0.7803893074623768
train_000838,8,0.1328409180770975,-0.8553677989342992
train_000838,9,0.28872953328823237,-0.4665580344113428
train_000838,10,0.3661530349410308,-0.8607041127654264
train_000838,11,0.42847474031361316,-0.8811761463875816
train_000838,12,0.5335996755824625,-0.9081617086083257
train_000838,13,0.5276170317899299,-0.917477291717627
train_000838,14,0.546787278001622,-0.464456364964113
train_000838,15,0.5053702882730193,-0.08706031377902385
train_000838,16,0.3717918931881407,-0.3632040850789797
train_000838,17,0.22041876291591067,-0.2627983650334651
train_000838,18,0.07613165741890436,0.1991746077546927
train_000838,19,0.0,0.8589005389139048
train_000838,20,0.0,0.7482289361368974
train_000838,21,0.0,0.5090293628387017
train_000838,22,0.0,-0.5997777782747252
train_000838,23,0.0,0.0421697643287366
train_000838,24,0.0,0.18556702580748768
train_000839,1,0.0,0.513818751847902
train_000839,2,0.0,-0.20986241307589726
train_000839,3,0.0,0.04704578502487746
train_000839,4,0.0,-0.3932200234284278
train_000839,5,0.0,-0.11060367707063923
train_000839,6,0.0,-0.449599890756155
train_000839,7,0.06533238129716157,-0.3470025553099045
train_000839,8,0.20883378984402168,-0.3336730706925082
train_000839,9,0.38236723233044034,0.0557545638624792
train_000839,10,0.5490100655566236,0.61096687907499
train_000839,11,0.7267399719983532,-0.38377104149551355
train_000839,12,0.8421558460447779,0.04639540862077559
train_000839,13,0.8869554957909502,-0.6214483042408399
train_000839,14,0.8019415871631693,0.32846736162735135
train_000839,15,0.6896552944285993,0.6851322907700448
train_000839,16,0.5185935710546234,0.26660195797069475
train_000839,17,0.314317822713808,0.36929625564353186
train_000839,18,0.10658943591583091,0.4793172785800277
train_000839,19,0.0,0.16988220420286068
train_000839,20,0.0,-0.2769230259115054
train_000839,21,0.0,-0.2002217391657096
train_000839,22,0.0,0.18434965960129515
train_000839,23,0.0,0.38544674642618226
train_000839,24,0.0,0.5957126040102175
train_000840,1,0.0,0.34216066439217363
train_000840,2,0.0,0.23093072806992046
train_000840,3,0.0,0.1692202813371315
train_000840,4,0.0,0.08923211260490074
train_000840,5,0.0,-0.19422248640277887
train_000840,6,0.0,0.3439308039336479
train_000840,7,0.04915712731948437,-0.38977086754641005
train_000840,8,0.15280588303204168,0.38227114165939147
train_000840,9,0.2845198208856909,0.2919713593780317
train_000840,10,0.4412917056908069,-0.23655904353778776
train_000840,11,0.57570196188145,0.08111599928090427
train_000840,12,0.7659627634149111,0.23836653085315002
train_000840,13,0.8077761665927742,0.033856002058714106
train_000840,14,0.7461682325892506,0.018244733949567802
train_000840,15,0.6699625962887079,0.05074084925412362
train_000840,16,0.4664825311715892,0.5651952704768044
train_000840,17,0.2741605577722282,0.4471482865375522
train_000840,18,0.09262298936359772,0.4775238014799311
train_000840,19,0.0,0.17004593721545347
train_000840,20,0.0,0.6149286535792156
train_000840,21,0.0,-0.1700948766792872
train_000840,22,0.0,-0.22973964351289555
train_000840,23,0.0,-0.33612953172798404
train_000840,24,0.0,-0.34757696497310103
train_000841,1,0.0,-0.8932742710759848
train_000841,2,0.0,-0.28855647020162256
train_000841,3,0.0,-0.27457024697881266
train_000841,4,0.0,-0.805693887430495
train_000841,5,0.0,-0.9382583394997273
train_000841,6,0.0,-0.9345308072951161
train_000841,7,0.06502860343358487,-0.740739230774903
train_000841,8,0.21112007046366194,-0.7116874705353802
train_000841,9,0.34586481922483947,-0.028354996075830946
train_000841,10,0.48359790029394945,0.16433717541705933
train_000841,11,0.5300206868293424,0.4040066256986139
train_000841,12,0.6498441873784815,-0.05509131208675673
train_000841,13,0.696264647750382,-0.4022654399260441
train_000841,14,0.5957249504144121,-0.730066213403799
train_000841,15,0.46818883773037173,0.3882826062978189
train_000841,16,0.2964678455734901,-0.21369989002914813
train_000841,17,0.10814408099045021,-0.4434554105427005
train_000841,18,0.048616754305131675,0.23540927745939244
train_000841,19,0.0,0.3555989365091423
train_000841,20,0.0,0.47133968656365755
train_000841,21,0.0,-0.15965317880265764
train_000841,22,0.0,-0.29899155106227715
train_000841,23,0.0,-0.3480416905689284
train_000841,24,0.0,0.36169233306402104
train_000842,1,0.0,-0.06433608513567363
train_000842,2,0.0,-0.5873812087515238
train_000842,3,0.0,-0.4103607749439396
train_000842,4,0.0,-0.11125066132018034
train_000842,5,0.0,-0.3517068305057134
train_000842,6,0.0,0.18997011783522055
train_000842,7,0.06054843550656355,0.7398165241598975
train_000842,8,0.17196460545434747,0.424738817600229
train_000842,9,0.32470154726861716,0.5055695094677171
train_000842,10,0.4141851547017767,0.7180905420405588
train_000842,11,0.5422959930268507,0.7911764228263044
train_000842,12,0.5910771863455503,0.7704494133297486
train_000842,13,0.6154823459205379,0.3072168016710759
train_000842,14,0.6478816876319905,-0.28309723214435817
train_000842,15,0.6286127958290751,-0.36770065871623414
train_000842,16,0.4496212029537835,-0.678860164701301
train_000842,17,0.244194549858419,-0.7985171618210671
train_000842,18,0.08567600642440919,-0.26054544505859567
train_000842,19,0.0,0.046533084864982
train_000842,20,0.0,-0.15341158092681498
train_000842,21,0.0,0.09304555098187668
train_000842,22,0.0,-0.18047642787865376
train_000842,23,0.0,-0.09670243687419382
train_000842,24,0.0,0.7474120120304792
train_000843,1,0.0,-0.2512962918968883
train_000843,2,0.0,-0.36052070259365576
train_000843,3,0.0,0.14303185747783856
train_000843,4,0.0,-0.22952419251859738
train_000843,5,0.0,-0.2675387134813113
train_000843,6,0.0,-0.6711044820814331
train_000843,7,0.07543795629422956,-0.9401638973430936
train_000843,8,0.23147025412670413,-0.9147655471746756
train_000843,9,0.4159444703755216,-0.9014477209543252
train_000843,10,0.6145135639446685,0.058817315861233316
train_000843,11,0.7728076640554791,-0.46477832615111236
train_000843,12,0.8798776033045986,-0.40824381783767905
train_000843,13,0.9333967908455387,0.43955916491481545
train_000843,14,0.8561864020642472,0.6832790099841126
train_000843,15,0.7349055464879117,0.0019236136852148029
train_000843,16,0.5452119362908463,0.3174389440555276
train_000843,17,0.33050328887525093,-0.17565815244523503
train_000843,18,0.11447330815623775,-0.7518158928175738
train_000843,19,0.0,-0.6776641380446553
train_000843,20,0.0,0.08434746970079547
train_000843,21,0.0,-0.4483604398622392
train_000843,22,0.0,-0.779203047156594
train_000843,23,0.0,-0.9467407703677763
train_000843,24,0.0,-0.8145097316392853
train_000844,1,0.0,0.4381501376668644
train_000844,2,0.0,-0.13272919106960868
train_000844,3,0.0,0.24417580443621506
train_000844,4,0.0,0.19431485223890224
train_000844,5,0.0,0.8950419152703343
train_000844,6,0.0,0.9639382595277369
train_000844,7,0.06340766992437945,0.9863688333277881
train_000844,8,0.2012869980469345,0.9193203997175035
train_000844,9,0.37406485329618205,0.9367757007480813
train_000844,10,0.5244586548110673,0.827896041894834
train_000844,11,0.609192780412686,0.29528903965069503
train_000844,12,0.7089776982218777,0.03163607167894586
train_000844,13,0.7496302628133577,-0.32096459994347704
train_000844,14,0.7125699165582996,-0.1135454260160675
train_000844,15,0.6110576662665301,-0.632027241985698
train_000844,16,0.48419138550240615,-0.49400471739273033
train_000844,17,0.3027422796364306,-0.20047984287291487
train_000844,18,0.10114070841258149,-0.48484469977704936
train_000844,19,0.0,-0.8501617891340445
train_000844,20,0.0,-0.5542476555074396
train_000844,21,0.0,-0.2948192129029108
train_000844,22,0.0,-0.8064009121461759
train_000844,23,0.0,-0.7482314784130071
train_000844,24,0.0,-0.8599377949156027
train_000845,1,0.0,0.18878838361432462
train_000845,2,0.0,-0.17483377181883367
train_000845,3,0.0,0.14384976406003333
train_000845,4,0.0,-0.08000794813543347
train_000845,5,0.0,0.5337165404891127
train_000845,6,0.0,0.7747883209414848
train_000845,7,0.055579462364282656,0.8159597546482104
train_000845,8,0.17283861687917257,0.8177198398562004
train_000845,9,0.2891690370272198,0.769507305227717
train_000845,10,0.39007033032307314,0.26593463048068106
train_000845,11,0.5152745864661605,0.4301989348230815
train_000845,12,0.5945682974689577,-0.028464257867435228
train_000845,13,0.6608406438522352,-0.6009493420887255
train_000845,14,0.5629070476291702,-0.7647306313962278
train_000845,15,0.44125999635145347,-0.7107138207696223
train_000845,16,0.3047558945972185,-0.03284897024290146
train_000845,17,0.20363641918075637,-0.020369590052092875
train_000845,18,0.06266199387945251,-0.4309602366934884
train_000845,19,0.0,-0.3220293425333161
train_000845,20,0.0,-0.3559004491618369
train_000845,21,0.0,-0.24101367117391054
train_000845,22,0.0,-0.44316197822782816
train_000845,23,0.0,-0.505853143661281
train_000845,24,0.0,-0.6020424942026555
train_000846,1,0.0,-0.3611180963971659
train_000846,2,0.0,0.09003933345795356
train_000846,3,0.0,0.5055352674374037
train_000846,4,0.0,0.6107828885530172
train_000846,5,0.0,0.0817354456284848
train_000846,6,0.0,0.43815566976262077
train_000846,7,0.07399708113642366,0.32496893958820644
train_000846,8,0.2311546088912864,0.36766041599677607
train_000846,9,0.4249545114155114,0.804208604933094
train_000846,10,0.6199356918181569,0.8701458288923503
train_000846,11,0.7903159136047815,0.9471323495894642
train_000846,12,0.9031987874484786,0.7894372049160377
train_000846,13,0.915035082455173,0.9337031410452014
train_000846,14,0.8526210359733952,0.8244634390752608
train_000846,15,0.7293496850500926,0.7324964515198387
train_000846,16,0.5585490701568664,0.7589883204842267
train_000846,17,0.3335071975713662,0.6024880080513646
train_000846,18,0.11408873987787972,-0.4182965164364962
train_000846,19,0.0,-0.022771099563391572
train_000846,20,0.0,0.4369186928233018
train_000846,21,0.0,0.07154160595719508
train_000846,22,0.0,0.2508376819722009
train_000846,23,0.0,0.55308414443199
train_000846,24,0.0,-0.6217382351082951
train_000847,1,0.0,-0.3292320074886077
train_000847,2,0.0,0.6773082245782083
train_000847,3,0.0,0.15347106375519262
train_000847,4,0.0,0.281541176651585
train_000847,5,0.0,0.33559326151176794
train_000847,6,0.0,0.32319074250347535
train_000847,7,0.055160241626351365,-0.2581450271674506
train_000847,8,0.17684128711123234,0.42150845823680755
train_000847,9,0.3271660162485815,0.17343678714697022
train_000847,10,0.4927365670630256,0.1400803118252351
train_000847,11,0.6274366621002222,-0.06499694325667865
train_000847,12,0.7187183737768958,0.27509405454845837
train_000847,13,0.7009066095174701,0.34105158867870944
train_000847,14,0.602788535714153,0.6030995698947796
train_000847,15,0.5312200982485271,0.09436626928554777
train_000847,16,0.4341618898686875,-0.22955391091243502
train_000847,17,0.2634802669783264,-0.5927027345936839
train_000847,18,0.0754737782573487,-0.6952784094690689
train_000847,19,0.0,-0.4683772150247346
train_000847,20,0.0,0.35575020022959153
train_000847,21,0.0,0.4269096517563889
train_000847,22,0.0,-0.13779981835838923
train_000847,23,0.0,0.45483317891015634
train_000847,24,0.0,0.6064091061646502
train_000848,1,0.0,0.5706937864847313
train_000848,2,0.0,0.5078961202502291
train_000848,3,0.0,0.18698944490895283
train_000848,4,0.0,0.3328770340414862
train_000848,5,0.0,-0.34080855467327004
train_000848,6,0.0,-0.3614365579870522
train_000848,7,0.06870588982212633,-0.0010923896476625913
train_000848,8,0.21562285320399624,-0.27844614940450496
train_000848,9,0.37337858721459527,-0.5811051913326466
train_000848,10,0.524471680887676,-0.7739182375681797
train_000848,11,0.7004604525607169,-0.7936198333889092
train_000848,12,0.8190276519349965,-0.9557378035523588
train_000848,13,0.821837729109694,-0.9384887140981509
train_000848,14,0.8210388676409041,-0.7067439298248974
train_000848,15,0.6839538739853194,0.4696232085902713
train_000848,16,0.511030211414383,-0.6333002973423887
train_000848,17,0.3192818731801191,-0.5528619970982465
train_000848,18,0.1087791039815633,-0.14121714945130406
train_000848,19,0.0,-0.3347951039302007
train_000848,20,0.0,0.1161061194613045
train_000848,21,0.0,-0.01637253781591328
train_000848,22,0.0,0.17619214813459425
train_000848,23,0.0,0.6830905694026774
train_000848,24,0.0,0.663850577679891
train_000849,1,0.0,-0.5989494810610154
train_000849,2,0.0,-0.663787229048381
train_000849,3,0.0,-0.7019063952480247
train_000849,4,0.0,-0.22198360927774718
train_000849,5,0.0,-0.08759759928007498
train_000849,6,0.0,-0.13817590501849183
train_000849,7,0.05870990987483328,0.09927484786342063
train_000849,8,0.18177528991533667,0.11822820852071561
train_000849,9,0.3335771133461732,-0.7418551802267966
train_000849,10,0.4187721299830887,-0.9522129276367682
train_000849,11,0.5028647210215526,-0.9858607640503363
train_000849,12,0.6757493677054327,-0.9237746784504948
train_000849,13,0.6963912830614106,-0.8560464490090187
train_000849,14,0.6383289954255751,-0.38323082875401043
train_000849,15,0.6165596024946726,0.5608030047772676
train_000849,16,0.4301515166529819,0.8862445518513388
train_000849,17,0.28141392060510895,0.9086903172578189
train_000849,18,0.08858480474800476,0.8432762395570801
train_000849,19,0.0,0.6258296952486639
train_000849,20,0.0,0.07382357124324561
train_000849,21,0.0,0.28837680105488334
train_000849,22,0.0,-0.0234987455345248
train_000849,23,0.0,0.30982286646973595
train_000849,24,0.0,-0.6238664822799898
train_000850,1,0.0,0.9027658815197257
train_000850,2,0.0,0.7960015925316253
train_000850,3,0.0,0.8360974219603504
train_000850,4,0.0,0.37690493535783226
train_000850,5,0.0,-0.023755940259679913
train_000850,6,0.0,-0.15631444173889072
train_000850,7,0.0494257229526554,-0.527393440027194
train_000850,8,0.15112657997723583,0.19488087870752693
train_000850,9,0.28349251536818065,0.3596757758401271
train_000850,10,0.37643501914911665,0.44308105071014864
train_000850,11,0.5039581547628779,0.7840031180222472
train_000850,12,0.6909390956637422,0.8244526763017757
train_000850,13,0.6582297479473219,0.9396446236320568
train_000850,14,0.5931406209773157,0.6820151965363397
train_000850,15,0.45972772453085775,0.031898294913268614
train_000850,16,0.31226503673132777,-0.20550532878915173
train_000850,17,0.1674042058953074,-0.6581995375899168
train_000850,18,0.07063439614107173,-0.7508486183167355
train_000850,19,0.0,-0.1978331837830855
train_000850,20,0.0,-0.3212536712701474
train_000850,21,0.0,0.2811047973528265
train_000850,22,0.0,0.7525358072759304
train_000850,23,0.0,0.7773575921719693
train_000850,24,0.0,0.3505340967073251
train_000851,1,0.0,-0.7782040965041229
train_000851,2,0.0,-0.25847456429616533
train_000851,3,0.0,-0.772098305691672
train_000851,4,0.0,-0.6287451561015398
train_000851,5,0.0,-0.5699617685756064
train_000851,6,0.0,-0.5127532786672242
train_000851,7,0.06680096421455628,-0.6141726524394817
train_000851,8,0.2152892287855873,-0.8865349670489685
train_000851,9,0.3930960314733433,-0.5049821335689915
train_000851,10,0.5486286590131622,-0.39588283579603867
train_000851,11,0.7063494031360184,-0.6576279984701899
train_000851,12,0.8181065456335725,0.34166014355071495
train_000851,13,0.8139614582658041,0.21753868962078202
train_000851,14,0.7284480805685722,0.9042838883231177
train_000851,15,0.5893093106326728,0.9804890779492967
train_000851,16,0.39200159877660784,0.9793784630943058
train_000851,17,0.23235425929115172,0.9772240537868824
train_000851,18,0.08308560860649225,0.6263376834635788
train_000851,19,0.0,0.19938608528685633
train_000851,20,0.0,0.3185449517525906
train_000851,21,0.0,-0.003031384965601838
train_000851,22,0.0,-0.4233067789268355
train_000851,23,0.0,-0.19409343948655403
train_000851,24,0.0,-0.4169581115751086
train_000852,1,0.0,0.4190699107525953
train_000852,2,0.0,-0.5993953156854219
train_000852,3,0.0,-0.018808968799300056
train_000852,4,0.0,-0.45709714882619096
train_000852,5,0.0,-0.010031659302957957
train_000852,6,0.0,-0.1990507490714934
train_000852,7,0.04237779218289359,-0.6361523517925063
train_000852,8,0.14831083845744594,-0.3477866351778706
train_000852,9,0.2877166450317488,-0.38341312925438054
train_000852,10,0.43435193246447,-0.24276927346716798
train_000852,11,0.4890711187806326,-0.17898497930570872
train_000852,12,0.615608077475722,-0.3373245474232287
train_000852,13,0.44640142604849786,-0.448753452467646
train_000852,14,0.4882034575950227,0.4484545259609643
train_000852,15,0.402137361780583,-0.32720021103393415
train_000852,16,0.281441540275276,0.043531148768654535
train_000852,17,0.16558718893884528,0.5819987975887888
train_000852,18,0.052220370530114635,0.3411114414729746
train_000852,19,0.0,-0.5001692042541162
train_000852,20,0.0,-0.8810500856087184
train_000852,21,0.0,-0.5433389500997874
train_000852,22,0.0,-0.4057593051415233
train_000852,23,0.0,-0.38977242259688194
train_000852,24,0.0,-0.6107907717102239
train_000853,1,0.0,-0.5060811264326903
train_000853,2,0.0,0.00572911293552004
train_000853,3,0.0,0.5907618520824713
train_000853,4,0.0,0.829293315115269
train_000853,5,0.0,0.8397215945990881
train_000853,6,0.0,0.825287607710389
train_000853,7,0.07473013013726458,0.8694936453968778
train_000853,8,0.2330959176382886,0.276127344797003
train_000853,9,0.4174439499495654,0.46196052211821315
train_000853,10,0.610357937708854,0.2651992531656281
train_000853,11,0.7407599142071652,0.41585687621336803
train_000853,12,0.8069125908897807,0.41816214008302843
train_000853,13,0.8963397781887679,0.1996616857719313
train_000853,14,0.8356949266151088,0.4810793272358663
train_000853,15,0.70925426670561,0.6824802093159685
train_000853,16,0.5231499917772064,0.6713648174506092
train_000853,17,0.3129430519439129,-0.6123975073098356
train_000853,18,0.11129451451654016,-0.5814490653340975
train_000853,19,0.0,-0.8326655087070662
train_000853,20,0.0,-0.8496587093141881
train_000853,21,0.0,-0.8817035702688505
train_000853,22,0.0,-0.8431324628608553
train_000853,23,0.0,-0.3967486133573155
train_000853,24,0.0,-0.744609740893557
train_000854,1,0.0,0.7737171199516117
train_000854,2,0.0,0.9033656231036552
train_000854,3,0.0,0.7734708501580134
train_000854,4,0.0,0.18241570376985897
train_000854,5,0.0,0.1534816782234323
train_000854,6,0.0,0.30070981238102
train_000854,7,0.0695719173150603,-0.08539534787460071
train_000854,8,0.22469278375622634,-0.36444344795171657
train_000854,9,0.41750765797733963,-0.5508346260464212
train_000854,10,0.6106381184955766,-0.2431742813939102
train_000854,11,0.7742798763591392,0.6931382207061783
train_000854,12,0.8808979030161551,0.6848967756046009
train_000854,13,0.9154666870357113,0.29650709076479176
train_000854,14,0.8521665113073061,0.24557056837543675
train_000854,15,0.7265820946748706,0.30388631353261336
train_000854,16,0.5101824446951583,-0.6825479062878852
train_000854,17,0.3117413875426332,-0.7930243214706874
train_000854,18,0.10344081679982564,-0.7866288181747192
train_000854,19,0.0,-0.6815831155304058
train_000854,20,0.0,-0.19450689719501882
train_000854,21,0.0,-0.676362683212514
train_000854,22,0.0,-0.33172263166164634
train_000854,23,0.0,-0.7618463126002922
train_000854,24,0.0,-0.36637626096222525
train_000855,1,0.0,-0.665867274598945
train_000855,2,0.0,-0.7778977937479279
train_000855,3,0.0,0.08333221412368803
train_000855,4,0.0,0.3246656135948809
train_000855,5,0.0,0.7456913486637047
train_000855,6,0.0,0.24499060280765206
train_000855,7,0.06954495331340022,0.25672353435426026
train_000855,8,0.22422796415074767,0.2947348086546446
train_000855,9,0.3810081411482474,0.23509310068880598
train_000855,10,0.5720273781430527,0.6599445216071844
train_000855,11,0.742400750856606,0.3237403058665087
train_000855,12,0.8347994689075078,-0.11815413781333942
train_000855,13,0.8948632951474496,-0.7228676339796327
train_000855,14,0.7955708234488189,-0.777753676123604
train_000855,15,0.6511996427151394,-0.2311065442695038
train_000855,16,0.4887583518614,-0.5053857858493174
train_000855,17,0.29447309270991523,0.30726067616745895
train_000855,18,0.09719499605324192,-0.6416302231817532
train_000855,19,0.0,-0.7510630064615031
train_000855,20,0.0,-0.4235276555669294
train_000855,21,0.0,-0.018471506188087326
train_000855,22,0.0,0.7231643404788639
train_000855,23,0.0,0.0812291685682508
train_000855,24,0.0,-0.16161028355058865
train_000856,1,0.0,-0.13277158856751822
train_000856,2,0.0,-0.01693932425806481
train_000856,3,0.0,0.13998620065519998
train_000856,4,0.0,0.24915840066986272
train_000856,5,0.0,0.2679928682191506
train_000856,6,0.0,0.22749661137433255
train_000856,7,0.07220711636798792,-0.020873042002032535
train_000856,8,0.22126192279876875,-0.6781627871572111
train_000856,9,0.4150259391567433,0.07639060415895431
train_000856,10,0.5998532867148708,0.4100598280569796
train_000856,11,0.765733404194986,0.40289040342106464
train_000856,12,0.8878956916692713,0.1562601934807833
train_000856,13,0.9104890510643281,0.7015431195065178
train_000856,14,0.8287107497904579,0.34797384801963516
train_000856,15,0.690315788605754,0.9259285450601602
train_000856,16,0.512754719030581,0.9231268636746376
train_000856,17,0.3221865620401268,0.8807130809730029
train_000856,18,0.10946735435862807,0.7198071421096323
train_000856,19,0.0,0.8484276476166523
train_000856,20,0.0,0.15126681951686125
train_000856,21,0.0,0.0514733877283377
train_000856,22,0.0,0.5402288833035445
train_000856,23,0.0,0.6115908823839121
train_000856,24,0.0,0.33173154249511994
train_000857,1,0.0,0.7842188498037818
train_000857,2,0.0,0.6159397714673913
train_000857,3,0.0,0.24111601665476037
train_000857,4,0.0,-0.3652763092648126
train_000857,5,0.0,-0.03420409091451615
train_000857,6,0.0,-0.38022206445275153
train_000857,7,0.06367434084359695,-0.31116645833168927
train_000857,8,0.20421965696281366,-0.8688018857215423
train_000857,9,0.37487319869265556,-0.48388532221211544
train_000857,10,0.5193843280566921,-0.2551979229355372
train_000857,11,0.48968319732691906,0.11809668336365363
train_000857,12,0.6271911746834861,0.35453339543675966
train_000857,13,0.6818567988651076,-0.3210119103512048
train_000857,14,0.7236065232739576,-0.31681673708709573
train_000857,15,0.577529918646351,-0.26440928939579394
train_000857,16,0.42145397217436975,-0.22814249396381295
train_000857,17,0.2664655481285578,0.8936034139860364
train_000857,18,0.0846221350241038,0.8874295743651905
train_000857,19,0.0,0.4067076733196177
train_000857,20,0.0,0.7876915890540704
train_000857,21,0.0,0.8088037809725988
train_000857,22,0.0,0.9209758185424656
train_000857,23,0.0,0.7017083444639515
train_000857,24,0.0,0.6360121578183533
train_000858,1,0.0,-0.5511770857022417
train_000858,2,0.0,0.3268330620253312
train_000858,3,0.0,0.4741327841588199
train_000858,4,0.0,0.4057760051842698
train_000858,5,0.0,-0.47428615519694395
train_000858,6,0.0,-0.2700521295328021
train_000858,7,0.06536784982112401,-0.06904307129241835
train_000858,8,0.2107762246922866,-0.4919837045584139
train_000858,9,0.38214747730139187,-0.4354514529681216
train_000858,10,0.5503221058768456,-0.5329855442997742
train_000858,11,0.7186565723647053,0.43893802524177533
train_000858,12,0.792947562564851,0.43909458306582444
train_000858,13,0.8576780639580271,-0.09065080639925834
train_000858,14,0.8055205537389266,-0.203233185582589
train_000858,15,0.6865324243834354,-0.7579901435417357
train_000858,16,0.5098931291355155,-0.7673332928452943
train_000858,17,0.3036592949689778,-0.6299731165121152
train_000858,18,0.10214005830018408,-0.19925850354474503
train_000858,19,0.0,-0.2941745711141587
train_000858,20,0.0,-0.9394152119889572
train_000858,21,0.0,-0.8962396593945416
train_000858,22,0.0,-0.9205681909772921
train_000858,23,0.0,-0.34349261272681914
train_000858,24,0.0,-0.6266917160829157
train_000859,1,0.0,0.31562250390238566
train_000859,2,0.0,0.6093855047616097
train_000859,3,0.0,0.37722233041365644
train_000859,4,0.0,-0.03089666110810171
train_000859,5,0.0,-0.2023503408902307
train_000859,6,0.0,0.1449489847140077
train_000859,7,0.06256230581049857,-0.3218901525510034
train_000859,8,0.19009330181207243,-0.40072451240304435
train_000859,9,0.28473312113347266,-0.3254608217366067
train_000859,10,0.38929462409282073,-0.019091205601777093
train_000859,11,0.47928540408119147,0.639124232594428
train_000859,12,0.6584231094524996,0.2718482413059792
train_000859,13,0.6993779664118137,-0.572630621661836
train_000859,14,0.7153198867502101,-0.3148657304384908
train_000859,15,0.6574068964037306,-0.25938553287844973
train_000859,16,0.4958002428220936,0.4821963835084022
train_000859,17,0.2967091927248895,0.19151209468251573
train_000859,18,0.10264564309564246,-0.0815335815758993
train_000859,19,0.0,0.5336697402878646
train_000859,20,0.0,0.37664868005777014
train_000859,21,0.0,0.5469264504620437
train_000859,22,0.0,0.4795122827423127
train_000859,23,0.0,0.6569648591631032
train_000859,24,0.0,0.5995774522375634
train_000860,1,0.0,-0.37857687541362134
train_000860,2,0.0,-0.3320198077709794
train_000860,3,0.0,-0.7967850757593413
train_000860,4,0.0,-0.8495591977349171
train_000860,5,0.0,-0.8770210613177247
train_000860,6,0.0,-0.8120807240685691
train_000860,7,0.06693462715866845,-0.8652196095279329
train_000860,8,0.20519397647200935,-0.8484318746710708
train_000860,9,0.3863417389628254,-0.9326352935845511
train_000860,10,0.564064943987892,-0.7623407748033861
train_000860,11,0.7108084212787679,0.06841765006771708
train_000860,12,0.812362423933769,0.7114761655152358
train_000860,13,0.8266960099855767,0.12152196347041108
train_000860,14,0.7248794008977332,0.6696960532767231
train_000860,15,0.6368940543781076,-0.0626745842983651
train_000860,16,0.5043683472425845,0.1595891791670737
train_000860,17,0.3066396774746351,0.7515194017866363
train_000860,18,0.10335234378070711,0.6315390919440369
train_000860,19,0.0,0.09705615009797976
train_000860,20,0.0,-0.47853940616343005
train_000860,21,0.0,-0.4396341288158753
train_000860,22,0.0,-0.06130743400873377
train_000860,23,0.0,-0.37418832483771686
train_000860,24,0.0,0.22362906209556357
train_000861,1,0.0,-0.7646225905220115
train_000861,2,0.0,-0.1867229927957907
train_000861,3,0.0,0.13639423745056606
train_000861,4,0.0,-0.3110178224617457
train_000861,5,0.0,0.14024037838050493
train_000861,6,0.0,0.12214514559731507
train_000861,7,0.07423224061696405,-0.2852955970522045
train_000861,8,0.23291338496648473,-0.6664860921496876
train_000861,9,0.41678436084403175,-0.4582708555480556
train_000861,10,0.6076580340059312,0.14535393633170696
train_000861,11,0.7653704130291433,0.8987282386027875
train_000861,12,0.8555898720561163,0.9242960754151177
train_000861,13,0.9112346846527759,0.8295579017415369
train_000861,14,0.8389541412566472,0.6763901017238678
train_000861,15,0.6988678033968377,0.5910276557790128
train_000861,16,0.5310838014268787,0.7317873071049253
train_000861,17,0.3293630814450021,-0.35914247958853485
train_000861,18,0.11314656480282666,-0.1123479099323171
train_000861,19,0.0,-0.0017745452990101619
train_000861,20,0.0,0.419945703466049
train_000861,21,0.0,0.3769749351937384
train_000861,22,0.0,0.23721169485673899
train_000861,23,0.0,0.8372804494964516
train_000861,24,0.0,0.7633246269796872
train_000862,1,0.0,-0.4458686218634629
train_000862,2,0.0,0.4585708724520563
train_000862,3,0.0,-0.3578361976801699
train_000862,4,0.0,-0.5136816332428443
train_000862,5,0.0,-0.4223006328147821
train_000862,6,0.0,-0.44575702403592976
train_000862,7,0.05936178323925592,-0.13151505826802315
train_000862,8,0.1923847852157258,-0.31943508678263915
train_000862,9,0.3409678225657075,-0.20073143931197354
train_000862,10,0.46365667620006257,-0.3273092189415395
train_000862,11,0.5943368045817613,0.18365399121766168
train_000862,12,0.7275339436965393,0.8484848749153132
train_000862,13,0.7236047275640778,0.7530822837891136
train_000862,14,0.6853250115155274,0.8503661247956681
train_000862,15,0.6169738807437001,0.9062548701590616
train_000862,16,0.4221961484609744,0.8187421205179015
train_000862,17,0.24890456335798725,0.32888699489957457
train_000862,18,0.08173394243707492,0.0027317985525270047
train_000862,19,0.0,-0.63291656504109
train_000862,20,0.0,-0.4409201595974775
train_000862,21,0.0,-0.19960335462891915
train_000862,22,0.0,-0.18107987421543584
train_000862,23,0.0,0.2771460486126891
train_000862,24,0.0,0.18543551198789512
train_000863,1,0.0,-0.2529785562697571
train_000863,2,0.0,-0.1476801323749606
train_000863,3,0.0,-0.7468977494989268
train_000863,4,0.0,-0.7468328539570499
train_000863,5,0.0,-0.42525032451409017
train_000863,6,0.0,0.03233637847389326
train_000863,7,0.05061800455634112,-0.1333409142505359
train_000863,8,0.13338758711250237,0.026481208927878485
train_000863,9,0.2280579447114171,-0.5734636326384821
train_000863,10,0.33752191123606484,0.3613846264469549
train_000863,11,0.5111189009916207,0.07728430863202147
train_000863,12,0.599099725592214,0.05173882442654651
train_000863,13,0.682555163066894,-0.6142931420519449
train_000863,14,0.6131501339214706,-0.5430488986712256
train_000863,15,0.483623070038241,-0.6628631145372631
train_000863,16,0.4256038478894959,-0.39105547815398717
train_000863,17,0.28328709163195376,-0.4873812009133791
train_000863,18,0.10066457202186503,-0.6631465933763977
train_000863,19,0.0,-0.43407580455249084
train_000863,20,0.0,-0.011740226667930013
train_000863,21,0.0,-0.24453259868580274
train_000863,22,0.0,0.6829653276675163
train_000863,23,0.0,0.542275377562141
train_000863,24,0.0,-0.01608194742891496
train_000864,1,0.0,0.30142462789202296
train_000864,2,0.0,-0.17835446451866954
train_000864,3,0.0,0.24607330342576608
train_000864,4,0.0,0.6191608445510707
train_000864,5,0.0,0.7749455779408796
train_000864,6,0.0,0.2665290084457352
train_000864,7,0.0774502155981015,-0.3635871336388562
train_000864,8,0.24269806868221624,0.4064818273800208
train_000864,9,0.431937982565979,-0.20010906549401358
train_000864,10,0.620298158721485,0.6871432048690609
train_000864,11,0.7749086922922714,0.6297786760014465
train_000864,12,0.904591660515969,0.011123811151452624
train_000864,13,0.9498334369627405,-0.47136850094985505
train_000864,14,0.8813522827118362,0.5252837117700375
train_000864,15,0.7542161111333703,0.6817002754183885
train_000864,16,0.5588628918518179,0.8466411893573447
train_000864,17,0.33645381361463783,0.9091428976125148
train_000864,18,0.1157810535378647,0.6398122058686622
train_000864,19,0.0,0.7986921688693138
train_000864,20,0.0,0.7665968078488032
train_000864,21,0.0,-0.1939954834709921
train_000864,22,0.0,-0.440456337767175
train_000864,23,0.0,-0.39868825321553014
train_000864,24,0.0,-0.04564941791565786
train_000865,1,0.0,0.2603203327907497
train_000865,2,0.0,0.5929881735978431
train_000865,3,0.0,-0.17842315102526973
train_000865,4,0.0,0.07618980421510758
train_000865,5,0.0,0.3500431171894264
train_000865,6,0.0,0.46727037636670155
train_000865,7,0.05879797803105069,-0.4931445491635158
train_000865,8,0.1767503896301591,-0.1536744130879775
train_000865,9,0.3341181194545165,0.2555930613431105
train_000865,10,0.48906208370167864,-0.5541226678162506
train_000865,11,0.6364975748013957,-0.6041211270003896
train_000865,12,0.8049537532209804,-0.7262754765603634
train_000865,13,0.7599253010203079,-0.9061759513203529
train_000865,14,0.6656214292569661,-0.981799820062338
train_000865,15,0.5540594582640661,-0.8393502496454542
train_000865,16,0.43563807558537243,-0.7920950310422881
train_000865,17,0.2742462560949616,-0.4096814894475486
train_000865,18,0.09603692541001942,-0.1275872480076768
train_000865,19,0.0,0.069899960142087
train_000865,20,0.0,0.5539205015733579
train_000865,21,0.0,0.8007798163266576
train_000865,22,0.0,0.657732698185354
train_000865,23,0.0,0.8717764973710861
train_000865,24,0.0,0.1718684374750962
train_000866,1,0.0,-0.4479492631959953
train_000866,2,0.0,-0.9014446470156589
train_000866,3,0.0,-0.8582237496068992
train_000866,4,0.0,-0.9181514144978776
train_000866,5,0.0,-0.7386244945975267
train_000866,6,0.0,-0.6140253719446025
train_000866,7,0.07904031904492889,-0.5515765012078007
train_000866,8,0.24738429483910807,-0.8526994636058608
train_000866,9,0.44017664253553096,-0.6604420914797058
train_000866,10,0.6342101395032088,-0.7817318212365713
train_000866,11,0.7980428111205721,-0.8994106195351113
train_000866,12,0.9166935254346953,-0.6100402339034693
train_000866,13,0.9649549007624971,-0.9578019923419641
train_000866,14,0.8909208565263846,-0.6790047440228142
train_000866,15,0.7621299298529802,-0.9003770485628133
train_000866,16,0.5636842245139424,-0.9253724494195257
train_000866,17,0.3406224166612183,-0.756715061037694
train_000866,18,0.11663717592330373,0.05339387909369926
train_000866,19,0.0,-0.09305919071308692
train_000866,20,0.0,-0.7868261736704851
train_000866,21,0.0,-0.23408277331011373
train_000866,22,0.0,0.09270028926894557
train_000866,23,0.0,0.16323751639882203
train_000866,24,0.0,0.3145805065240427
train_000867,1,0.0,-0.2427903551610542
train_000867,2,0.0,0.15996277566131645
train_000867,3,0.0,-0.16301859346714154
train_000867,4,0.0,0.40368359010202104
train_000867,5,0.0,0.9442944448851409
train_000867,6,0.0,0.944973274019113
train_000867,7,0.06378503477298313,0.7865665803320283
train_000867,8,0.20799373697659704,0.3702717190396965
train_000867,9,0.3620073156451673,0.07533541446930733
train_000867,10,0.5605851626739654,-0.0044073636337971815
train_000867,11,0.6959774391055449,-0.0034261338091927584
train_000867,12,0.7460859146593272,-0.22327798773544266
train_000867,13,0.8047068286525628,0.6271165828194714
train_000867,14,0.6831021060278386,0.534707765541043
train_000867,15,0.5311997243095529,-0.21579161608693806
train_000867,16,0.3926886129237069,-0.5981668946039675
train_000867,17,0.24184855576076422,-0.27451356631889523
train_000867,18,0.07701715655042503,-0.44105813681861783
train_000867,19,0.0,-0.27022764693900536
train_000867,20,0.0,0.00735356084966046
train_000867,21,0.0,-0.6097486934893581
train_000867,22,0.0,0.10086500650247132
train_000867,23,0.0,0.22587044025210093
train_000867,24,0.0,0.7425785757976024
train_000868,1,0.0,0.797138356361699
train_000868,2,0.0,0.3943145014910969
train_000868,3,0.0,0.43277032532047754
train_000868,4,0.0,0.18447916913290024
train_000868,5,0.0,-0.5964688224020089
train_000868,6,0.0,0.024430283328490336
train_000868,7,0.05829462131677108,-0.4897857052295608
train_000868,8,0.20053627466265328,-0.16299286930178195
train_000868,9,0.3494663840174376,-0.06475814869727993
train_000868,10,0.5024498583175016,-0.49800217551721926
train_000868,11,0.605925593815161,-0.2222069383653962
train_000868,12,0.7396122771877891,0.6296845384485923
train_000868,13,0.7552326712029086,-0.31656503521100593
train_000868,14,0.6592865978829011,0.06708305074102017
train_000868,15,0.5023752643214686,-0.11858827575584104
train_000868,16,0.371192650627967,0.3362924311997946
train_000868,17,0.22692677078539622,0.5943118080845229
train_000868,18,0.07274837261060983,0.4836763760153965
train_000868,19,0.0,0.4608784401794979
train_000868,20,0.0,0.15137133211900922
train_000868,21,0.0,0.09493778793100852
train_000868,22,0.0,0.3439351699619761
train_000868,23,0.0,0.6980692079422552
train_000868,24,0.0,-0.7232158355857793
train_000869,1,0.0,0.2957077291866019
train_000869,2,0.0,0.400311012374744
train_000869,3,0.0,0.1522132627896259
train_000869,4,0.0,0.5195614119539511
train_000869,5,0.0,0.6236488333943622
train_000869,6,0.0,0.574633713003359
train_000869,7,0.048261083598321604,0.5414406288159885
train_000869,8,0.15458069308199526,0.18646804292198854
train_000869,9,0.2673332352485683,-0.13344966330289587
train_000869,10,0.4502757786466041,-0.02104563519816017
train_000869,11,0.555528543387324,-0.5798397643890625
train_000869,12,0.6842814588238276,-0.728509635762499
train_000869,13,0.7523589595382875,-0.9027864228227616
train_000869,14,0.6430768915566307,-0.9167167663203851
train_000869,15,0.5606496929272616,-0.9452571610266859
train_000869,16,0.41779091443737204,-0.9178130127737621
train_000869,17,0.2520767752971698,-0.8029959547268963
train_000869,18,0.08624958647230739,-0.7978487460616992
train_000869,19,0.0,-0.8998973927854048
train_000869,20,0.0,-0.657860602754389
train_000869,21,0.0,0.3268758113124845
train_000869,22,0.0,0.27973530675120595
train_000869,23,0.0,-0.35142412601217193
train_000869,24,0.0,-0.07160857895999534
train_000870,1,0.0,-0.6376637970920036
train_000870,2,0.0,-0.9341134389398288
train_000870,3,0.0,-0.88520357906222
train_000870,4,0.0,-0.5670239992014832
train_000870,5,0.0,-0.32353969363275253
train_000870,6,0.0,0.09934600312139441
train_000870,7,0.07251230247854432,0.637459990269295
train_000870,8,0.2221712991023147,0.8828268848762553
train_000870,9,0.42382263759926647,0.44991664390973213
train_000870,10,0.6007283627700943,0.43273270566634775
train_000870,11,0.7503356099254869,0.4708284157302344
train_000870,12,0.884219073339623,0.1980472688629582
train_000870,13,0.9414981696170919,0.42473832000769635
train_000870,14,0.875075438950855,-0.17499707038840684
train_000870,15,0.7454359904372823,-0.4545148351067503
train_000870,16,0.5547818660625657,-0.5260548642031768
train_000870,17,0.3325579005685175,-0.2358072424483972
train_000870,18,0.11297519842665787,-0.6619944577729884
train_000870,19,0.0,-0.07083409139336759
train_000870,20,0.0,0.23793476586209042
train_000870,21,0.0,-0.08519077991949632
train_000870,22,0.0,-0.444440713602887
train_000870,23,0.0,-0.48720479556491314
train_000870,24,0.0,-0.555175194289085
train_000871,1,0.0,0.3601248897735857
train_000871,2,0.0,0.7195976230087384
train_000871,3,0.0,-0.24512913420701443
train_000871,4,0.0,-0.39766060767739114
train_000871,5,0.0,-0.41421189067586534
train_000871,6,0.0,-0.41072866478738085
train_000871,7,0.07431442655579872,-0.577543384119469
train_000871,8,0.22514328977456982,0.3944487356852841
train_000871,9,0.4074282054857501,-0.394259301510046
train_000871,10,0.5909028152118846,-0.5646315064673473
train_000871,11,0.7639307245747848,-0.1032468469656054
train_000871,12,0.9078923160289217,-0.7009514748747492
train_000871,13,0.96216701936447,-0.7268530071080994
train_000871,14,0.8786716503486003,-0.4145295321168991
train_000871,15,0.7342224146643619,-0.0815315319934463
train_000871,16,0.5480582508663449,0.09759332236828917
train_000871,17,0.33169773448802925,0.1946005267529719
train_000871,18,0.11455927525976832,0.2934780546932781
train_000871,19,0.0,0.3170980749360024
train_000871,20,0.0,0.55283046896792
train_000871,21,0.0,0.5413379152394084
train_000871,22,0.0,-0.3511260365850729
train_000871,23,0.0,-0.4079903372650428
train_000871,24,0.0,0.17514767709735252
train_000872,1,0.0,-0.02432225318221322
train_000872,2,0.0,-0.048880078302417515
train_000872,3,0.0,0.27297977365486203
train_000872,4,0.0,-0.1494331942951364
train_000872,5,0.0,0.9047739358662792
train_000872,6,0.0,0.05454340125712375
train_000872,7,0.059152781355326804,0.11742346081097614
train_000872,8,0.19774443984080955,-0.28653323928637076
train_000872,9,0.3510814808592729,-0.36860212610556875
train_000872,10,0.5106698786025541,0.03618154378958469
train_000872,11,0.6163119768135298,-0.16445181070842846
train_000872,12,0.7150872055538033,-0.4484519634272939
train_000872,13,0.7394266996170482,-0.728173479451993
train_000872,14,0.7422561085463287,-0.14344534294841285
train_000872,15,0.593840271986615,0.07127542688587264
train_000872,16,0.45662909962644216,0.07778668789456437
train_000872,17,0.25366133617787423,-0.5604885924831852
train_000872,18,0.08376000568873611,-0.31937078200157476
train_000872,19,0.0,-0.06679933222995758
train_000872,20,0.0,-0.753666933515158
train_000872,21,0.0,-0.9600540268639509
train_000872,22,0.0,-0.9664275523892054
train_000872,23,0.0,-0.812887566947502
train_000872,24,0.0,-0.23799114891572384
train_000873,1,0.0,-0.5840893774509883
train_000873,2,0.0,-0.7514120177993514
train_000873,3,0.0,-0.36508624645679144
train_000873,4,0.0,0.5825975994665861
train_000873,5,0.0,0.6160973678219437
train_000873,6,0.0,0.2937904693167699
train_000873,7,0.06811678567517013,-0.3414397530451723
train_000873,8,0.18844884176464302,-0.38026192814201987
train_000873,9,0.33700982114323447,-0.3504149900610647
train_000873,10,0.5109419041382854,-0.34703426551396654
train_000873,11,0.6423526603782309,-0.5314929264060504
train_000873,12,0.7747810749983326,-0.5819382407354654
train_000873,13,0.850792547806404,-0.4625334768230728
train_000873,14,0.7710594935217797,-0.38823416837350305
train_000873,15,0.6613201601631246,-0.4687217359006769
train_000873,16,0.5101985524389767,0.5040128596823148
train_000873,17,0.316274344276793,0.8562497578961179
train_000873,18,0.1088088160524706,0.3325435943086114
train_000873,19,0.0,-0.4277476379672646
train_000873,20,0.0,0.15420758100361318
train_000873,21,0.0,0.5179463877612432
train_000873,22,0.0,0.6294243353719007
train_000873,23,0.0,0.5466467825903991
train_000873,24,0.0,0.5727930562409944
train_000874,1,0.0,-0.11727336279660097
train_000874,2,0.0,-0.6758633022343871
train_000874,3,0.0,-0.7899078531183827
train_000874,4,0.0,-0.7775815747772414
train_000874,5,0.0,-0.7215204821737904
train_000874,6,0.0,-0.830761620549435
train_000874,7,0.06688288347589585,-0.7323086572819499
train_000874,8,0.20725735736394751,-0.10124991678770577
train_000874,9,0.35994018813409284,0.016789199214698892
train_000874,10,0.5021282493497439,-0.07800853666611081
train_000874,11,0.6895804469884195,-0.3083359942897523
train_000874,12,0.8337869328735631,-0.27577223338780243
train_000874,13,0.8352834676252506,0.22179380785890304
train_000874,14,0.7878663530528147,-0.4158142849926587
train_000874,15,0.631620508974408,-0.09976153079015032
train_000874,16,0.48968702618066356,-0.2879896112066725
train_000874,17,0.3091315505899684,-0.4091721923951042
train_000874,18,0.10477660994026186,0.09348243161731262
train_000874,19,0.0,0.09278754173736081
train_000874,20,0.0,0.33082412262299077
train_000874,21,0.0,-0.4524294509272534
train_000874,22,0.0,-0.618488564032649
train_000874,23,0.0,-0.7056662868568716
train_000874,24,0.0,-0.8422512761602295
train_000875,1,0.0,-0.7318243472340893
train_000875,2,0.0,-0.8721152292772452
train_000875,3,0.0,-0.5500580852010684
train_000875,4,0.0,-0.6415499765656056
train_000875,5,0.0,-0.2317655298934706
train_000875,6,0.0,0.0828680166856645
train_000875,7,0.05439157805961012,0.46778465790336576
train_000875,8,0.16713184217075486,-0.42065343578196757
train_000875,9,0.3086584405155496,-0.07501120970978224
train_000875,10,0.4352356782906498,0.5222008609396436
train_000875,11,0.548981431787406,-0.1331818976029175
train_000875,12,0.5410821861216899,0.6024711426415943
train_000875,13,0.6067005668244817,0.6773828030445497
train_000875,14,0.5371282809395347,0.7842530422542717
train_000875,15,0.46948882978266726,0.778882400384544
train_000875,16,0.3686677259374089,0.5064449900624091
train_000875,17,0.2129995097653306,0.12341526912138968
train_000875,18,0.09008297346144753,0.3450679791246498
train_000875,19,0.0,0.0635036978450015
train_000875,20,0.0,0.5371742455287303
train_000875,21,0.0,0.5581637648933113
train_000875,22,0.0,0.2579372971250872
train_000875,23,0.0,-0.6986628821026029
train_000875,24,0.0,-0.8854096186163595
train_000876,1,0.0,-0.525874714422427
train_000876,2,0.0,-0.1399076370723233
train_000876,3,0.0,-0.35573515735629035
train_000876,4,0.0,0.3931974354659529
train_000876,5,0.0,-0.6134981272461628
train_000876,6,0.0,-0.6932260378962303
train_000876,7,0.0637578443309478,-0.7547658949820348
train_000876,8,0.1896265255558949,-0.6443666923460385
train_000876,9,0.34157337664443377,-0.7612824755602412
train_000876,10,0.5140584250193001,-0.8778437712216465
train_000876,11,0.7049589050294899,-0.20086692926095892
train_000876,12,0.7919145885503156,-0.350762450401743
train_000876,13,0.8588441529742836,-0.5642654911276368
train_000876,14,0.820348693485814,-0.6330047786422918
train_000876,15,0.687737138774016,0.41999650137890376
train_000876,16,0.5087141796586465,-0.671790183628679
train_000876,17,0.2923926167029781,-0.6182512776429876
train_000876,18,0.0962592899016256,-0.08931677543629793
train_000876,19,0.0,-0.6998443650970474
train_000876,20,0.0,-0.4814223291492724
train_000876,21,0.0,0.5477168371679848
train_000876,22,0.0,0.0751765544599578
train_000876,23,0.0,-0.46047716511357834
train_000876,24,0.0,-0.40214546280694363
train_000877,1,0.0,-0.1426843734306935
train_000877,2,0.0,-0.5430709850752979
train_000877,3,0.0,-0.2780471556916024
train_000877,4,0.0,0.05826043920924138
train_000877,5,0.0,0.6300384046690093
train_000877,6,0.0,0.6317130062574768
train_000877,7,0.07027778199776812,-0.05155554371198113
train_000877,8,0.21572716857324914,-0.16648588232169131
train_000877,9,0.36994144761129755,-0.4735957281789558
train_000877,10,0.5454246059708736,-0.7327044585356897
train_000877,11,0.6773100626250281,-0.7411666447897737
train_000877,12,0.7629428123115951,-0.028716396325023517
train_000877,13,0.7785856339524734,0.4881976460529559
train_000877,14,0.7371530433298853,0.5702812653806246
train_000877,15,0.6397085747862226,-0.11993164433076087
train_000877,16,0.47722989163382545,0.14314725669679204
train_000877,17,0.2852243856286539,0.43068125389404344
train_000877,18,0.09513131674938391,-0.30366110993865675
train_000877,19,0.0,0.5789198804735112
train_000877,20,0.0,0.33327004391587817
train_000877,21,0.0,0.12055352572922909
train_000877,22,0.0,0.7655469472663017
train_000877,23,0.0,-0.23030584088487982
train_000877,24,0.0,-0.175762395398059
train_000878,1,0.0,-0.0768618199251305
train_000878,2,0.0,-0.6000188939706009
train_000878,3,0.0,-0.4488929338913446
train_000878,4,0.0,-0.09402261209986633
train_000878,5,0.0,-0.5451042656063405
train_000878,6,0.0,0.35579925077164204
train_000878,7,0.03836934155445993,-0.4039402157476034
train_000878,8,0.10077211675936394,-0.7744352933439143
train_000878,9,0.1713226340812318,-0.36876481857873866
train_000878,10,0.22419382647462352,-0.688257667344774
train_000878,11,0.25986936638113795,-0.8163822587661371
train_000878,12,0.3427479752578716,-0.8220459054728203
train_000878,13,0.48080785463371606,-0.6430017438455717
train_000878,14,0.433036198528603,-0.20265786469038322
train_000878,15,0.33524810407356254,-0.6369724767039502
train_000878,16,0.25409361930684793,-0.6342118866138976
train_000878,17,0.14445381702867122,-0.13537812328206994
train_000878,18,0.056376083757752875,0.44375295753767785
train_000878,19,0.0,0.8445590717212896
train_000878,20,0.0,0.8980870668734522
train_000878,21,0.0,0.30276285144282106
train_000878,22,0.0,-0.22039699656081554
train_000878,23,0.0,-0.34190721392062545
train_000878,24,0.0,-0.6913977781999443
train_000879,1,0.0,-0.5240466514358595
train_000879,2,0.0,0.48857587274007586
train_000879,3,0.0,0.514473133176642
train_000879,4,0.0,0.6770982881650265
train_000879,5,0.0,-0.02442814409451914
train_000879,6,0.0,0.2778165139924291
train_000879,7,0.0666884395763802,-0.4927137562561337
train_000879,8,0.2096562758494613,-0.07322410454057078
train_000879,9,0.3619723786183683,0.16019358158016034
train_000879,10,0.5136361431259031,0.15275411558769766
train_000879,11,0.6112471107689579,0.10311647306025244
train_000879,12,0.7039348609455409,-0.19020036878251295
train_000879,13,0.7844159038844718,-0.12885626971630584
train_000879,14,0.7165206521472316,-0.3587768452499508
train_000879,15,0.640296028881893,0.08587097523609398
train_000879,16,0.4640856719528626,-0.13237132541808957
train_000879,17,0.28780882718694945,-0.34681328592886734
train_000879,18,0.0964178889923252,-0.010399373314438392
train_000879,19,0.0,-0.27603022620319995
train_000879,20,0.0,0.41007646157696925
train_000879,21,0.0,-0.23101909067248255
train_000879,22,0.0,-0.22382943721943077
train_000879,23,0.0,-0.08150024072187524
train_000879,24,0.0,0.5685745588645761
train_000880,1,0.0,-0.7331746200888463
train_000880,2,0.0,-0.8691454142561454
train_000880,3,0.0,0.6502178815021824
train_000880,4,0.0,-0.45775428055629136
train_000880,5,0.0,-0.3991837199170493
train_000880,6,0.0,-0.41233678523323397
train_000880,7,0.05128746114039236,0.19386691056089483
train_000880,8,0.18932815552176488,-0.31187911894949905
train_000880,9,0.34023279785101646,-0.8262936307901488
train_000880,10,0.4821406085909845,-0.6953905995798104
train_000880,11,0.6273516636784526,0.27741390851232084
train_000880,12,0.6386197095038307,0.30556521146194443
train_000880,13,0.7646923153629489,0.67415474072649
train_000880,14,0.6705486752965159,0.6483003748224874
train_000880,15,0.6005531094014396,0.5987446982953387
train_000880,16,0.4125741917148743,0.7274695435647944
train_000880,17,0.24417513664656193,0.07129591478298535
train_000880,18,0.08292224990061332,0.5614369717696375
train_000880,19,0.0,0.6824523871835622
train_000880,20,0.0,-0.3143688759358296
train_000880,21,0.0,0.4883202900775996
train_000880,22,0.0,0.0942372303501482
train_000880,23,0.0,0.07933743406331588
train_000880,24,0.0,-0.09293809348096199
train_000881,1,0.0,0.4237578907695569
train_000881,2,0.0,0.0912723986855745
train_000881,3,0.0,-0.35387778000067427
train_000881,4,0.0,-0.1362846065271763
train_000881,5,0.0,0.07156555363033942
train_000881,6,0.0,0.05626261725766755
train_000881,7,0.07249715528972943,-0.004746328829164869
train_000881,8,0.2324056323596313,0.1065185810176772
train_000881,9,0.41705756274238104,-0.3521628836679035
train_000881,10,0.596509851529507,-0.2988139740034685
train_000881,11,0.758395603138518,-0.9015531811467906
train_000881,12,0.8926492256231574,-0.8393229655306523
train_000881,13,0.9331922556276622,-0.906122447735219
train_000881,14,0.8733302574521804,-0.8819757909287973
train_000881,15,0.7366010179652798,-0.8909536025454559
train_000881,16,0.552761724441383,-0.21345372295103637
train_000881,17,0.33041473918486214,-0.6762410118900914
train_000881,18,0.11431065514229838,-0.7951119020922228
train_000881,19,0.0,-0.4178729426622962
train_000881,20,0.0,-0.050774322656955785
train_000881,21,0.0,-0.3417735641182176
train_000881,22,0.0,0.46881730704054947
train_000881,23,0.0,0.6993765035335722
train_000881,24,0.0,0.3638059723690889
train_000882,1,0.0,-0.7886744055739221
train_000882,2,0.0,-0.9449828761412294
train_000882,3,0.0,-0.8310132912711761
train_000882,4,0.0,-0.4155954055971607
train_000882,5,0.0,-0.28450532600753065
train_000882,6,0.0,-0.46390934615568435
train_000882,7,0.06852915847443654,-0.8879652916259213
train_000882,8,0.21636291010407266,-0.7720358633317554
train_000882,9,0.39892518454318815,-0.09333998051287523
train_000882,10,0.5415602845762976,-0.5470038965813653
train_000882,11,0.6993747318905467,-0.3581357817838338
train_000882,12,0.8366443402473479,-0.7290006194590122
train_000882,13,0.9050599848643177,-0.8708885507877694
train_000882,14,0.8275584153868198,-0.924324128309923
train_000882,15,0.6818988909062372,-0.9433091539337065
train_000882,16,0.5202804402049028,-0.4213535785092955
train_000882,17,0.31455506620398693,-0.5406478412929664
train_000882,18,0.10781491371472084,-0.8402117372714193
train_000882,19,0.0,-0.8954279937840594
train_000882,20,0.0,-0.586233367702464
train_000882,21,0.0,-0.09500471325838535
train_000882,22,0.0,-0.38242348823537076
train_000882,23,0.0,-0.6700331608702558
train_000882,24,0.0,0.19096258124671175
train_000883,1,0.0,-0.5156274878736513
train_000883,2,0.0,0.019856367774971708
train_000883,3,0.0,0.7567702974651171
train_000883,4,0.0,0.7804843708415993
train_000883,5,0.0,0.15317067666738704
train_000883,6,0.0,0.5214520605194438
train_000883,7,0.07031427673702896,0.3661339499248304
train_000883,8,0.2178833679329439,0.11853955890997675
train_000883,9,0.37056127005369743,-0.23788643080512484
train_000883,10,0.5010616353586848,-0.6108446811958536
train_000883,11,0.651304765083692,-0.4729098369350958
train_000883,12,0.7414951648305919,-0.20658692875200071
train_000883,13,0.8537488032284533,0.3543469076327234
train_000883,14,0.7697764760162829,0.880997448681414
train_000883,15,0.6827875931026022,0.6494645343591539
train_000883,16,0.5241687351105445,0.8908643718954142
train_000883,17,0.31969683653473996,0.5470663837460952
train_000883,18,0.1095883037935112,0.4144855167809125
train_000883,19,0.0,0.7809500924065906
train_000883,20,0.0,-0.2639710970607883
train_000883,21,0.0,-0.25458290178893017
train_000883,22,0.0,-0.5875061504901058
train_000883,23,0.0,0.16361505936694232
train_000883,24,0.0,0.025949973547875427
train_000884,1,0.0,0.3233437482427314
train_000884,2,0.0,-0.35083572156132364
train_000884,3,0.0,-0.5069866751363314
train_000884,4,0.0,-0.05568196559280321
train_000884,5,0.0,-0.5400533537818166
train_000884,6,0.0,-0.8156505759714464
train_000884,7,0.06817340559966803,-0.15039775798822033
train_000884,8,0.2116319115970931,-0.45666312934662384
train_000884,9,0.3635455247002759,-0.6715100446857941
train_000884,10,0.5425149919368696,0.21294092432771203
train_000884,11,0.6972354398782321,-0.2611846262941473
train_000884,12,0.8283263677689863,-0.27196894131911326
train_000884,13,0.8980997839046858,-0.716344852272119
train_000884,14,0.8699776156821869,-0.6832759302727274
train_000884,15,0.7249536723405684,-0.38874733308375914
train_000884,16,0.5444738932648336,-0.6709215277026375
train_000884,17,0.3299948627654078,0.13418669894887927
train_000884,18,0.11008314751065143,0.004045370459303819
train_000884,19,0.0,0.08293449288954978
train_000884,20,0.0,0.42166846095637545
train_000884,21,0.0,0.792838469334745
train_000884,22,0.0,-0.19126662461478658
train_000884,23,0.0,-0.27418601769195755
train_000884,24,0.0,-0.0731361334655489
train_000885,1,0.0,-0.35226877628742914
train_000885,2,0.0,-0.02922569910054228
train_000885,3,0.0,0.4559233217660304
train_000885,4,0.0,0.4712821491339706
train_000885,5,0.0,0.5817896748799415
train_000885,6,0.0,0.3856882778539276
train_000885,7,0.07311614259280104,0.5718887048442809
train_000885,8,0.228392509835227,-0.29437699000762657
train_000885,9,0.4003935144789419,-0.018009252996798248
train_000885,10,0.5806151888174214,-0.7418500656061008
train_000885,11,0.7596957648583496,-0.8298602286302391
train_000885,12,0.8653844124073241,0.3573053892175007
train_000885,13,0.9057215108626658,0.024691527658561155
train_000885,14,0.8182458598317595,0.0046608854920178544
train_000885,15,0.7107122589704422,0.041633183962613
train_000885,16,0.5354624900247543,-0.21408376314264424
train_000885,17,0.31664666909942063,-0.14771179340477497
train_000885,18,0.10701418329211719,0.8603646353621298
train_000885,19,0.0,0.7231472716442666
train_000885,20,0.0,0.7339337920455882
train_000885,21,0.0,0.9279031746980002
train_000885,22,0.0,0.9007903861047268
train_000885,23,0.0,0.8505546514680421
train_000885,24,0.0,0.2050927040582715
train_000886,1,0.0,-0.4112290625379392
train_000886,2,0.0,-0.3067933574686199
train_000886,3,0.0,-0.40675968094528514
train_000886,4,0.0,-0.6413165014761883
train_000886,5,0.0,-0.8486265966731319
train_000886,6,0.0,-0.7123041064155882
train_000886,7,0.06725365422105531,0.3343654377369762
train_000886,8,0.21118120575515859,0.8077610460952238
train_000886,9,0.3372726317823868,0.7525712890721276
train_000886,10,0.5145415171078468,0.6602519169970753
train_000886,11,0.6044712972459853,0.6520993353019423
train_000886,12,0.7626391663025353,-0.22932013847468138
train_000886,13,0.8597887106288549,-0.5413456788869067
train_000886,14,0.7393375295944503,-0.5387136071487111
train_000886,15,0.6158847087706947,0.11920089762211149
train_000886,16,0.44676519375830104,0.13955678938888855
train_000886,17,0.2621609065283641,-0.12192508017373647
train_000886,18,0.09304084849384787,0.30013652895717047
train_000886,19,0.0,0.3882694987782398
train_000886,20,0.0,0.7963959075478398
train_000886,21,0.0,0.8498948087560023
train_000886,22,0.0,0.8250785696769972
train_000886,23,0.0,0.25460652815675633
train_000886,24,0.0,0.41414266185072934
train_000887,1,0.0,-0.7650464187422586
train_000887,2,0.0,-0.032828100591897676
train_000887,3,0.0,-0.4412294456559818
train_000887,4,0.0,-0.6559120710474943
train_000887,5,0.0,-0.8595749612704999
train_000887,6,0.0,-0.6398849586198943
train_000887,7,0.06994510747145506,-0.8760805590604452
train_000887,8,0.21847520705163626,-0.5995478479371283
train_000887,9,0.39849289831972007,-0.791934256299236
train_000887,10,0.5238730187080208,-0.42553998260876014
train_000887,11,0.6488913179141902,-0.7851262769071659
train_000887,12,0.797177410851969,-0.9042723800310308
train_000887,13,0.7946689466548906,-0.8660379935154923
train_000887,14,0.7278902418320388,-0.7982914630212162
train_000887,15,0.6279255936998545,-0.9578360715332089
train_000887,16,0.47010773879491413,-0.7274265377176703
train_000887,17,0.2731108331620197,-0.9102330920257523
train_000887,18,0.09623289406782508,-0.8247828603182943
train_000887,19,0.0,-0.9627450411795787
train_000887,20,0.0,-0.4430371061704764
train_000887,21,0.0,0.46575656867494186
train_000887,22,0.0,-0.5598310404610027
train_000887,23,0.0,0.1384182326605454
train_000887,24,0.0,-0.3639955102484943
train_000888,1,0.0,0.7719437798760099
train_000888,2,0.0,0.8345875301674232
train_000888,3,0.0,0.5506048380042297
train_000888,4,0.0,-0.4216858755388462
train_000888,5,0.0,0.4111753186220888
train_000888,6,0.0,0.7636308124276553
train_000888,7,0.04829539580151119,0.7576878738394742
train_000888,8,0.1498383316208938,-0.40962516883514344
train_000888,9,0.2531535880260119,0.13389619575397396
train_000888,10,0.321219943103889,-0.44153261543820727
train_000888,11,0.46917335237579216,0.40849612313892286
train_000888,12,0.6146775613304655,0.3869421129464651
train_000888,13,0.7197831641709879,0.49722079962478727
train_000888,14,0.6515288227093639,-0.30494441240469516
train_000888,15,0.5023057814468296,-0.20125120188370416
train_000888,16,0.409300535534279,-0.09037329910130466
train_000888,17,0.22936794810697536,-0.031201229647999217
train_000888,18,0.07185179706728928,-0.47976059401978044
train_000888,19,0.0,-0.8636553963941015
train_000888,20,0.0,-0.8206917272742541
train_000888,21,0.0,0.0019991123128981297
train_000888,22,0.0,0.13126438205179858
train_000888,23,0.0,0.29454527376300377
train_000888,24,0.0,-0.06728916395701792
train_000889,1,0.0,0.6570554292196007
train_000889,2,0.0,-0.1061388682446669
train_000889,3,0.0,-0.05613133289316002
train_000889,4,0.0,-0.08698663165556995
train_000889,5,0.0,-0.20272093283971493
train_000889,6,0.0,-0.5500272416472174
train_000889,7,0.07590927212723232,0.10274335218541383
train_000889,8,0.2385208445267702,-0.09381875135561643
train_000889,9,0.4329738863695519,0.1867828196899338
train_000889,10,0.6208274102632358,-0.27577123993729197
train_000889,11,0.7877201549890519,0.109300540093864
train_000889,12,0.9192601031183518,0.7835148231330438
train_000889,13,0.9605795566158762,0.8207572896890699
train_000889,14,0.8706480391603509,0.6044569090184608
train_000889,15,0.7461502461584423,0.6559762485940909
train_000889,16,0.5575410518542101,0.5734480016702361
train_000889,17,0.33085196114924986,0.8232602454154584
train_000889,18,0.10889503729813677,0.2871300111992238
train_000889,19,0.0,-0.3215777814283982
train_000889,20,0.0,-0.8598134107445256
train_000889,21,0.0,-0.42227183035988436
train_000889,22,0.0,-0.1303603922836658
train_000889,23,0.0,-0.3319390159471941
train_000889,24,0.0,0.47422915280454025
train_000890,1,0.0,-0.275913680341489
train_000890,2,0.0,0.7022418704778162
train_000890,3,0.0,0.8419666386670838
train_000890,4,0.0,0.5985233729820425
train_000890,5,0.0,0.4785439440168845
train_000890,6,0.0,0.2664945757549535
train_000890,7,0.02878406907579202,0.6395820575650453
train_000890,8,0.10909074395000641,0.8042822143626085
train_000890,9,0.23017951017415478,0.5423238685872831
train_000890,10,0.34439227276356627,0.6783485891920015
train_000890,11,0.5011954165389326,0.1852600868984864
train_000890,12,0.508781399759825,0.032343767000534915
train_000890,13,0.5233491373689811,0.23307003785916894
train_000890,14,0.47057752951287696,0.4884490662299631
train_000890,15,0.37717233558305524,-0.00467345848530825
train_000890,16,0.29499637597836587,-0.37415632538509697
train_000890,17,0.1842798192216202,-0.29609906001092084
train_000890,18,0.06858645011179922,-0.1970713421613638
train_000890,19,0.0,-0.1256767453444172
train_000890,20,0.0,0.7617826074649909
train_000890,21,0.0,0.6289473523557512
train_000890,22,0.0,-0.01601518838201321
train_000890,23,0.0,0.17830883941004116
train_000890,24,0.0,-0.1538277947338457
train_000891,1,0.0,0.7503172931008844
train_000891,2,0.0,0.6564299211979945
train_000891,3,0.0,0.7871863450922685
train_000891,4,0.0,0.6890980797849175
train_000891,5,0.0,0.632618938912243
train_000891,6,0.0,0.4367242251608984
train_000891,7,0.0496333006126955,0.7163330797410046
train_000891,8,0.1408217880435667,0.049026873866364146
train_000891,9,0.2440221419940832,0.11508875917211443
train_000891,10,0.3724891474213467,-0.2570505975089524
train_000891,11,0.3943191511815012,-0.536183319643217
train_000891,12,0.49389981990955606,-0.8447538634455917
train_000891,13,0.591196016638517,-0.5779957698609998
train_000891,14,0.5623647515596742,-0.3806443083586937
train_000891,15,0.49575782388829603,-0.7847813842451994
train_000891,16,0.40506754623330654,-0.6255037102688575
train_000891,17,0.2224554342053328,-0.23382017669674002
train_000891,18,0.0727176843529584,-0.15695916651733627
train_000891,19,0.0,-0.22340243844488553
train_000891,20,0.0,-0.4397179717967111
train_000891,21,0.0,-0.8426190235638311
train_000891,22,0.0,-0.7775559263298586
train_000891,23,0.0,-0.7993694173049655
train_000891,24,0.0,-0.9291227107390939
train_000892,1,0.0,-0.7857281143271437
train_000892,2,0.0,-0.4634853324679554
train_000892,3,0.0,-0.2051747786609319
train_000892,4,0.0,0.4980903732659886
train_000892,5,0.0,0.5617108194703224
train_000892,6,0.0,0.5837490852616048
train_000892,7,0.0695235665421898,0.7357859805780287
train_000892,8,0.2138637902479146,0.9362095618399533
train_000892,9,0.38504004717816903,0.41410859457038174
train_000892,10,0.5651137661230772,-0.07412403957686474
train_000892,11,0.7228613235867845,0.33157173859331696
train_000892,12,0.8452586102078312,0.11453519249038678
train_000892,13,0.9023443606120541,0.8375516237969692
train_000892,14,0.8100242833722343,0.7261937068523674
train_000892,15,0.6815127187177444,0.636100398842059
train_000892,16,0.5161525799896263,0.7744619710214562
train_000892,17,0.31699402956195927,0.7132551887395968
train_000892,18,0.10500636487579099,0.7679093374110897
train_000892,19,0.0,0.4998109877931125
train_000892,20,0.0,0.32246779544419707
train_000892,21,0.0,0.29018841825044445
train_000892,22,0.0,0.4299380897875463
train_000892,23,0.0,0.3515077587320584
train_000892,24,0.0,0.8894519062545461
train_000893,1,0.0,0.4174211886205654
train_000893,2,0.0,0.6262866097170969
train_000893,3,0.0,0.652278709980359
train_000893,4,0.0,-0.40544901363575875
train_000893,5,0.0,-0.2572593079811126
train_000893,6,0.0,-0.8801096196628796
train_000893,7,0.061369531521829064,-0.84102625536271
train_000893,8,0.20355676117163843,-0.17243545755528494
train_000893,9,0.3398953793930192,0.03875943311105097
train_000893,10,0.47293964340732253,0.33099569793839867
train_000893,11,0.6228822275640833,-0.39619215161767685
train_000893,12,0.7257786769211085,-0.4280324849932849
train_000893,13,0.6849589987426595,-0.8738013546821423
train_000893,14,0.6049519341853297,-0.6030567091648987
train_000893,15,0.551433563688818,-0.33361340500030473
train_000893,16,0.3988065343579346,-0.4728064529954227
train_000893,17,0.2186256831067826,-0.6278638129548403
train_000893,18,0.08097957775719528,-0.008225772547223516
train_000893,19,0.0,0.29352835831961716
train_000893,20,0.0,0.5182824678482095
train_000893,21,0.0,0.761579753406681
train_000893,22,0.0,-0.5092173353301914
train_000893,23,0.0,-0.47585919308572266
train_000893,24,0.0,-0.535110039439
train_000894,1,0.0,-0.6760331235792943
train_000894,2,0.0,0.11597193227991098
train_000894,3,0.0,0.7208407394373557
train_000894,4,0.0,0.5952246351863384
train_000894,5,0.0,0.7893175255236762
train_000894,6,0.0,-0.5179435170610781
train_000894,7,0.06863932615349694,-0.10720206944728716
train_000894,8,0.22068321052100784,-0.47601728702224544
train_000894,9,0.3645322904092018,-0.44962384223194046
train_000894,10,0.5070031970165627,-0.1132904223657008
train_000894,11,0.6616637204599799,0.2847790562859907
train_000894,12,0.7434506990677636,0.5164139833998048
train_000894,13,0.7402356786831873,0.6626165790668224
train_000894,14,0.6884814038056386,-0.3128224484162814
train_000894,15,0.6133553722833471,0.8178528988356271
train_000894,16,0.4758844543665028,0.32392708079165783
train_000894,17,0.2748552750811995,0.49837655776798206
train_000894,18,0.09905905216622157,-0.026334887202801548
train_000894,19,0.0,-0.4863504999450964
train_000894,20,0.0,0.1661433799460085
train_000894,21,0.0,0.180390835048025
train_000894,22,0.0,-0.003425986841300975
train_000894,23,0.0,0.034013085730024165
train_000894,24,0.0,-0.5785008297339613
train_000895,1,0.0,-0.3977504976033114
train_000895,2,0.0,-0.1497008060299557
train_000895,3,0.0,-0.29617168009418066
train_000895,4,0.0,-0.3977332134980902
train_000895,5,0.0,0.3339313646796124
train_000895,6,0.0,-0.08652727536941927
train_000895,7,0.043314894984621446,-0.05530876723534784
train_000895,8,0.10576529779506609,0.018771306618848703
train_000895,9,0.21423992560437788,-0.5166435304370988
train_000895,10,0.311785346943932,-0.8325631524020107
train_000895,11,0.36605170150598787,-0.924522120823326
train_000895,12,0.39609446209937005,-0.8620665626100015
train_000895,13,0.3783375912177119,-0.6790551871165029
train_000895,14,0.3903633221081286,-0.7158240487348899
train_000895,15,0.34178175365658997,-0.7796140601003223
train_000895,16,0.26856288670396744,-0.8450922945925521
train_000895,17,0.19762897280028893,-0.9364602179356228
train_000895,18,0.06132985845833441,-0.8716894971162548
train_000895,19,0.0,-0.6181086608413022
train_000895,20,0.0,-0.5534968346180758
train_000895,21,0.0,-0.6464051651092052
train_000895,22,0.0,-0.28723726005518696
train_000895,23,0.0,0.5461983285409058
train_000895,24,0.0,0.4496522632724716
train_000896,1,0.0,0.6627502136365298
train_000896,2,0.0,0.4004972810012315
train_000896,3,0.0,-0.483933984644221
train_000896,4,0.0,0.2967040103475369
train_000896,5,0.0,0.6512593865192469
train_000896,6,0.0,0.5183071402333361
train_000896,7,0.07071718796935832,0.7723720266244097
train_000896,8,0.2143529019892019,0.32636906403539373
train_000896,9,0.39400154698076795,0.0880931619999719
train_000896,10,0.5629410916845287,-0.005398970037119951
train_000896,11,0.6764366178327134,0.22853093370661726
train_000896,12,0.7857444538187666,-0.7766565239884775
train_000896,13,0.790365542850043,-0.6451895057451433
train_000896,14,0.6826820382093236,-0.6270135077958825
train_000896,15,0.5783068102152453,-0.8725156323777981
train_000896,16,0.4573574225435192,-0.8324219734974938
train_000896,17,0.28670977158138783,-0.7088964197260856
train_000896,18,0.09088553289785363,0.43045758204214846
train_000896,19,0.0,0.43835479280061845
train_000896,20,0.0,-0.40425678449205654
train_000896,21,0.0,-0.48482043593516566
train_000896,22,0.0,0.11314851506651898
train_000896,23,0.0,0.3106711543713584
train_000896,24,0.0,0.5062635482530835
train_000897,1,0.0,-0.8746197303603691
train_000897,2,0.0,-0.8792276875545817
train_000897,3,0.0,-0.3474041459641464
train_000897,4,0.0,-0.7590316527199229
train_000897,5,0.0,-0.9256140935480895
train_000897,6,0.0,-0.9763546107780093
train_000897,7,0.07447629603178117,-0.9656733118741834
train_000897,8,0.23447605048988976,-0.9443681053482141
train_000897,9,0.4171737529199577,-0.910894357833738
train_000897,10,0.5878763951756254,-0.8354118317886533
train_000897,11,0.7382668913818285,-0.6782963650163348
train_000897,12,0.867892569112558,-0.8891872465030968
train_000897,13,0.9137674698414802,-0.5724549267589651
train_000897,14,0.8245318953537084,-0.6830199972946498
train_000897,15,0.7228351479206537,0.156653676593468
train_000897,16,0.5421912422927537,0.6095031220564446
train_000897,17,0.32486328579090856,0.5383722502453783
train_000897,18,0.10995659385391672,0.8529311555801546
train_000897,19,0.0,0.8136615524555009
train_000897,20,0.0,0.9174861628708606
train_000897,21,0.0,0.9845498053912998
train_000897,22,0.0,0.8935389223932309
train_000897,23,0.0,0.8386531752188021
train_000897,24,0.0,0.8934434647902787
train_000898,1,0.0,0.7839465065196557
train_000898,2,0.0,0.529294518244017
train_000898,3,0.0,0.38965429727987816
train_000898,4,0.0,0.25644568890573555
train_000898,5,0.0,-0.0805410014906038
train_000898,6,0.0,0.2672010986106127
train_000898,7,0.07168410882660947,-0.4698942322312214
train_000898,8,0.21829120749243966,0.4523053755324654
train_000898,9,0.38614296463504333,0.850163384597101
train_000898,10,0.560529930242473,0.8666330607907335
train_000898,11,0.7074776177067562,0.6575877726688737
train_000898,12,0.7954046141027372,-0.24197343167420893
train_000898,13,0.8675482640044605,-0.7373274601500419
train_000898,14,0.7477463103491079,0.3070958829966689
train_000898,15,0.6468915552458392,0.43637923877359946
train_000898,16,0.49473541924279013,0.8722279447385618
train_000898,17,0.30206049932176804,0.27348904201322566
train_000898,18,0.10223219220918427,0.3634201532586863
train_000898,19,0.0,-0.7183093151730052
train_000898,20,0.0,-0.4949141374931725
train_000898,21,0.0,-0.7152237288509713
train_000898,22,0.0,-0.7104174108785486
train_000898,23,0.0,-0.7660464954082772
train_000898,24,0.0,-0.5822784337316692
train_000899,1,0.0,0.5366339723555371
train_000899,2,0.0,0.6402240690401627
train_000899,3,0.0,0.5076347122400686
train_000899,4,0.0,0.5388042749313499
train_000899,5,0.0,0.5981965964712186
train_000899,6,0.0,0.06921523093750914
train_000899,7,0.07286301905771239,-0.5839722820166142
train_000899,8,0.21481401920620688,-0.17687641865027318
train_000899,9,0.3809171561965165,0.08527033061041367
train_000899,10,0.5568250030388012,0.6852278959872371
train_000899,11,0.7342473499090186,0.15757726315705867
train_000899,12,0.8366587520245081,0.7025233007641445
train_000899,13,0.8758843935328894,-0.058392034025477706
train_000899,14,0.8244296910498321,-0.36940818401119385
train_000899,15,0.6944623046228073,-0.6885683303159036
train_000899,16,0.5044387878232899,-0.6373237660504814
train_000899,17,0.3037604671071145,-0.7533898812814264
train_000899,18,0.10377026146585583,-0.6833127531131556
train_000899,19,0.0,-0.4053182169533002
train_000899,20,0.0,-0.4220263250723591
train_000899,21,0.0,0.09707055430638752
train_000899,22,0.0,0.32250030369295873
train_000899,23,0.0,0.12446909093403792
train_000899,24,0.0,0.3949076869732626
train_000900,1,0.0,-0.7435866326483064
train_000900,2,0.0,-0.9059343065358771
train_000900,3,0.0,-0.9581698063778068
train_000900,4,0.0,-0.9638011564907647
train_000900,5,0.0,-0.9310249036175402
train_000900,6,0.0,-0.2634625271274024
train_000900,7,0.03819765880500004,0.5012593182015225
train_000900,8,0.09162000162792959,-0.24337411953337354
train_000900,9,0.20100842886476186,0.04300112515693702
train_000900,10,0.31733761003061145,-0.5566278861508043
train_000900,11,0.4353238226196292,-0.5544181505110972
train_000900,12,0.5349796342721312,-0.04351816241954225
train_000900,13,0.5867205529925994,0.10508347708582223
train_000900,14,0.4917656861498104,0.21235312301385642
train_000900,15,0.33551396945614304,-0.15055427065260346
train_000900,16,0.21027780867219645,0.28240774349359526
train_000900,17,0.12727942331044484,0.037261132198933275
train_000900,18,0.03269210166025404,-0.455328512660026
train_000900,19,0.0,0.7085049688796881
train_000900,20,0.0,0.8323237045225973
train_000900,21,0.0,0.8054202657532012
train_000900,22,0.0,0.869717065433431
train_000900,23,0.0,0.9640334614885223
train_000900,24,0.0,0.8446205157884058
train_000901,1,0.0,0.6784997598599374
train_000901,2,0.0,0.8082499108225774
train_000901,3,0.0,0.7859518101342966
train_000901,4,0.0,-0.10912932927187022
train_000901,5,0.0,0.13384463838296154
train_000901,6,0.0,0.4933568715734221
train_000901,7,0.06644174231154582,0.8280701681927181
train_000901,8,0.21351280904843165,0.5162977267436498
train_000901,9,0.388215329427197,0.7622230701883879
train_000901,10,0.5238041443634084,-0.3122267923818663
train_000901,11,0.6929901628666387,-0.7002745142854931
train_000901,12,0.8122894970906791,-0.0726849775030184
train_000901,13,0.9155743936742872,-0.14478720066673342
train_000901,14,0.8537244046521605,-0.5993153190299996
train_000901,15,0.7160375661452895,-0.36590480283306676
train_000901,16,0.5338260032899125,-0.31030331347288104
train_000901,17,0.3217149976625316,-0.39038468129496096
train_000901,18,0.10701308895011391,0.320164546925012
train_000901,19,0.0,0.7111900549210838
train_000901,20,0.0,0.7374702965340925
train_000901,21,0.0,-0.17969718523048725
train_000901,22,0.0,0.6516793819158808
train_000901,23,0.0,0.8336303344701679
train_000901,24,0.0,0.8285446894786948
train_000902,1,0.0,0.015935668454386674
train_000902,2,0.0,-0.3778376324795559
train_000902,3,0.0,0.2957245170800216
train_000902,4,0.0,0.022626902567552277
train_000902,5,0.0,-0.1557397179690044
train_000902,6,0.0,0.2565115470862173
train_000902,7,0.05630573016253019,-0.27291366157797525
train_000902,8,0.1753398158215286,0.18617949243443585
train_000902,9,0.34385867213091276,0.6239227329278073
train_000902,10,0.5031420163200558,0.659823783884378
train_000902,11,0.6032497342041259,0.5050716759990337
train_000902,12,0.7055014688785414,0.5628696999209848
train_000902,13,0.7731291365171249,0.25911220601197554
train_000902,14,0.7231969640948596,0.5782193459895957
train_000902,15,0.5813078257119165,0.012117703947861462
train_000902,16,0.47459459017429056,0.04063066820050703
train_000902,17,0.28849116890583343,0.007888600979586727
train_000902,18,0.09799757523215495,-0.43263837180416115
train_000902,19,0.0,0.014197865124101103
train_000902,20,0.0,-0.14730807658122141
train_000902,21,0.0,-0.49660001930506614
train_000902,22,0.0,-0.22030348761123514
train_000902,23,0.0,0.16027100342952208
train_000902,24,0.0,0.41958181525819527
train_000903,1,0.0,-0.08897493022101259
train_000903,2,0.0,-0.2560132346729677
train_000903,3,0.0,-0.38997016274064794
train_000903,4,0.0,-0.626566436325493
train_000903,5,0.0,-0.09612879217946464
train_000903,6,0.0,0.4911675676792737
train_000903,7,0.06974125671423867,-0.08065517615779981
train_000903,8,0.21023025110685742,0.3860303322119458
train_000903,9,0.3554450844256273,0.19925590912745292
train_000903,10,0.5241997081120705,0.5700153588287469
train_000903,11,0.6510423039473685,-0.361055396785141
train_000903,12,0.770264438601409,-0.8368347597939343
train_000903,13,0.7952520463416178,-0.5997504065602213
train_000903,14,0.7333451432359503,-0.7556678454216539
train_000903,15,0.6040423533192096,-0.35170292011357857
train_000903,16,0.4404577940613773,0.08579288995820722
train_000903,17,0.2813174769149012,-0.04935640453116667
train_000903,18,0.09837929236024014,0.13946696795065755
train_000903,19,0.0,0.24312897571698974
train_000903,20,0.0,0.11142924446903539
train_000903,21,0.0,0.7329819339669974
train_000903,22,0.0,0.8257803276748292
train_000903,23,0.0,0.6173185433363549
train_000903,24,0.0,-0.11611621480921266
train_000904,1,0.0,-0.7012801641930642
train_000904,2,0.0,-0.5962359570576483
train_000904,3,0.0,-0.8675582825588053
train_000904,4,0.0,-0.7571263966446145
train_000904,5,0.0,-0.8265215407128826
train_000904,6,0.0,-0.4510697810139913
train_000904,7,0.07577709801632142,-0.8887381562908548
train_000904,8,0.2381117359454445,-0.8868714988766443
train_000904,9,0.42317725460053424,-0.6596909755084919
train_000904,10,0.6071237515843912,-0.2608375994407509
train_000904,11,0.758524524044091,0.353206434369976
train_000904,12,0.8924295921880506,-0.34366151021774544
train_000904,13,0.9315718460206054,-0.3338955505055558
train_000904,14,0.8334888924487279,0.04714367935572731
train_000904,15,0.7054936334596646,-0.43928044285662365
train_000904,16,0.5217478652293321,-0.24340751306564018
train_000904,17,0.32213330330998985,0.06278499668734491
train_000904,18,0.11321920193923023,0.3734708191731198
train_000904,19,0.0,0.13547545104364483
train_000904,20,0.0,-0.08071384345842685
train_000904,21,0.0,0.22999027904076166
train_000904,22,0.0,-0.05245582240774572
train_000904,23,0.0,0.17318298648555192
train_000904,24,0.0,-0.5712447951267388
train_000905,1,0.0,0.2688830218488403
train_000905,2,0.0,0.2159172081946258
train_000905,3,0.0,0.7616666628878459
train_000905,4,0.0,0.7234394839515781
train_000905,5,0.0,0.5926964040678329
train_000905,6,0.0,-0.4357002971842874
train_000905,7,0.06949915826540251,-0.41592313981851875
train_000905,8,0.2203691507168281,-0.5274401894268206
train_000905,9,0.3898576300166963,0.19627511875600648
train_000905,10,0.565783913631886,0.7142183369053794
train_000905,11,0.7291728323008001,0.5784103669121536
train_000905,12,0.8207806923530334,0.9053822385186553
train_000905,13,0.8887684112939044,0.07983983252871722
train_000905,14,0.777879908212358,-0.01678290370884703
train_000905,15,0.6230433048956794,0.2112759059547117
train_000905,16,0.4804897996281744,-0.4291683470808105
train_000905,17,0.2880352043247666,-0.5757929915695336
train_000905,18,0.10278816679024579,-0.835815890590925
train_000905,19,0.0,-0.574764322623273
train_000905,20,0.0,-0.8157659922480538
train_000905,21,0.0,-0.5416606064621174
train_000905,22,0.0,-0.1669582790990456
train_000905,23,0.0,-0.8232395307671113
train_000905,24,0.0,-0.9040592110568906
train_000906,1,0.0,0.8431007544246383
train_000906,2,0.0,0.8499397228125721
train_000906,3,0.0,0.24543844425387418
train_000906,4,0.0,0.4144981398570627
train_000906,5,0.0,0.6975985591361078
train_000906,6,0.0,0.6703309907294477
train_000906,7,0.07267911307090358,0.7081623787026885
train_000906,8,0.22483215084704355,0.6162130722989023
train_000906,9,0.41106321713003574,0.045092500145058015
train_000906,10,0.5904314023209939,0.3588409446286367
train_000906,11,0.7312237127751936,0.5847680992107659
train_000906,12,0.8345213713575459,-0.02405311883911192
train_000906,13,0.8655443552342871,-0.16807993319157172
train_000906,14,0.7106432235828432,0.10157208093411053
train_000906,15,0.6249217865960521,-0.2235320394794495
train_000906,16,0.47294283492540345,-0.3348068972215709
train_000906,17,0.29842773949408186,-0.36719307710506166
train_000906,18,0.10979718691066873,-0.8480160467226776
train_000906,19,0.0,-0.7695924200278906
train_000906,20,0.0,-0.9692114399501781
train_000906,21,0.0,-0.5334223636610976
train_000906,22,0.0,-0.06623381088502714
train_000906,23,0.0,0.4117532187265865
train_000906,24,0.0,0.639745535635186
train_000907,1,0.0,0.6936598183898687
train_000907,2,0.0,0.6852995447301303
train_000907,3,0.0,0.845621330078767
train_000907,4,0.0,0.7470211164123872
train_000907,5,0.0,-0.43993433855748865
train_000907,6,0.0,-0.4060686685401833
train_000907,7,0.0617575446076129,-0.2764538450664465
train_000907,8,0.1846346840653259,-0.008047626263521837
train_000907,9,0.3121200747038338,-0.11053846012888754
train_000907,10,0.5385627134421531,-0.9120420745060899
train_000907,11,0.6590794245792998,-0.8537623728937453
train_000907,12,0.7964907061053736,-0.22186964393839875
train_000907,13,0.8627012297245447,-0.8277234166457109
train_000907,14,0.8244478693369626,-0.5018772234761915
train_000907,15,0.6993228496142662,-0.40791124733952244
train_000907,16,0.5111618804286214,-0.6796146784612453
train_000907,17,0.31340584483486406,-0.46211113877972265
train_000907,18,0.10163988246169102,0.553058157759347
train_000907,19,0.0,-0.2531887867352979
train_000907,20,0.0,0.2763700530880151
train_000907,21,0.0,0.5912509576043652
train_000907,22,0.0,0.5491769918662754
train_000907,23,0.0,0.772392606539472
train_000907,24,0.0,0.9286565447697095
train_000908,1,0.0,-0.005860431950782528
train_000908,2,0.0,0.6494391578293819
train_000908,3,0.0,0.03298807126301389
train_000908,4,0.0,-0.7075496857414342
train_000908,5,0.0,-0.5931156991124535
train_000908,6,0.0,-0.5285089293607281
train_000908,7,0.07374540807705841,0.057066457990074426
train_000908,8,0.22954077220345598,0.39098486981457137
train_000908,9,0.41093614267286876,0.6425694448658131
train_000908,10,0.5857883245146963,0.6009480780186033
train_000908,11,0.7142505440378152,0.049881199904411276
train_000908,12,0.866474372385498,0.3692730280552202
train_000908,13,0.9042421581589571,0.20727130216936057
train_000908,14,0.8280069277091788,-0.11855926805517854
train_000908,15,0.6984665645143397,-0.0192709681423548
train_000908,16,0.5217195380159652,0.3446125802768769
train_000908,17,0.3249245158114393,-0.33638373443384617
train_000908,18,0.11079714085141752,-0.7192232129184044
train_000908,19,0.0,-0.8717741497471058
train_000908,20,0.0,-0.47078573029026505
train_000908,21,0.0,-0.6345384134460532
train_000908,22,0.0,-0.7563679849000566
train_000908,23,0.0,-0.9442609459484501
train_000908,24,0.0,-0.20003941469595485
train_000909,1,0.0,0.6833499883141954
train_000909,2,0.0,-0.3099434341496163
train_000909,3,0.0,-0.8910823314575281
train_000909,4,0.0,-0.5877269050860895
train_000909,5,0.0,-0.3563188262831959
train_000909,6,0.0,0.23745258578699058
train_000909,7,0.056085295648773334,-0.38095412044615456
train_000909,8,0.17541860143858087,-0.16239837238219643
train_000909,9,0.2925690192003567,0.2858474497035976
train_000909,10,0.4411206852570418,0.7163355034598018
train_000909,11,0.5614013622541504,0.34111480771343294
train_000909,12,0.5824230386367371,0.8003293924833619
train_000909,13,0.6009667403872535,0.4339490346209736
train_000909,14,0.6440843234795509,0.23459206345551706
train_000909,15,0.5136996539281184,0.42225262437877364
train_000909,16,0.3942939320889682,-0.11968523122920365
train_000909,17,0.2535222551607605,-0.6536195324169274
train_000909,18,0.08301207872751888,0.36206217865133894
train_000909,19,0.0,-0.1586306060314734
train_000909,20,0.0,-0.6288006511271871
train_000909,21,0.0,-0.6139749749874434
train_000909,22,0.0,-0.7181340163683692
train_000909,23,0.0,-0.02465937176215169
train_000909,24,0.0,0.08557699055485007
train_000910,1,0.0,0.8171944735848136
train_000910,2,0.0,0.7278398451127128
train_000910,3,0.0,0.6731100756592053
train_000910,4,0.0,0.17215521757267976
train_000910,5,0.0,0.8381648479649586
train_000910,6,0.0,0.9086882056912573
train_000910,7,0.07033382983068355,0.6858870274688966
train_000910,8,0.22533067205270443,0.3671578680937567
train_000910,9,0.3912728966312812,-0.47812187004778595
train_000910,10,0.5481553462476243,0.17938579499946866
train_000910,11,0.7079894762017572,-0.0712989545982342
train_000910,12,0.8320413507596255,-0.8057919643187479
train_000910,13,0.8441435831152923,-0.7262311024127655
train_000910,14,0.7733337212429986,-0.4779994674424908
train_000910,15,0.6649811174600994,-0.22708483262790466
train_000910,16,0.49858890334020434,-0.282026814772772
train_000910,17,0.28651203686789467,0.4359703632485823
train_000910,18,0.10674994338766376,0.5495426835291757
train_000910,19,0.0,0.3065825071215064
train_000910,20,0.0,0.8181260778185212
train_000910,21,0.0,0.42654361007219943
train_000910,22,0.0,0.544105750261175
train_000910,23,0.0,0.8191301982765682
train_000910,24,0.0,0.17471536369729967
train_000911,1,0.0,0.6095010654896026
train_000911,2,0.0,0.7461384263103095
train_000911,3,0.0,0.9535249719658869
train_000911,4,0.0,0.7667001809588966
train_000911,5,0.0,0.4421358025817323
train_000911,6,0.0,0.4363722769706905
train_000911,7,0.06353864027301576,-0.0855107111494579
train_000911,8,0.21913789950424362,0.3097126856021325
train_000911,9,0.3925807531807275,0.5478489243602189
train_000911,10,0.5461924444727831,0.23947566117077057
train_000911,11,0.7024313946287853,0.3504181997529922
train_000911,12,0.81876138474878,-0.3559429146249258
train_000911,13,0.808184650802805,-0.1874891210046023
train_000911,14,0.7465295659965245,0.2481692831362397
train_000911,15,0.6278587455402356,0.03402478137094894
train_000911,16,0.47569499493327083,0.4081760095094091
train_000911,17,0.2731856961982102,-0.3392117681715739
train_000911,18,0.09780354371646904,-0.3936267090061618
train_000911,19,0.0,-0.5640279608022929
train_000911,20,0.0,-0.35338744977355097
train_000911,21,0.0,0.010317870579934536
train_000911,22,0.0,0.09051597538531604
train_000911,23,0.0,-0.7415591966413801
train_000911,24,0.0,-0.20833206291600342
train_000912,1,0.0,0.45963104940095884
train_000912,2,0.0,0.41018839252941497
train_000912,3,0.0,0.0025169747214550805
train_000912,4,0.0,-0.6645179198033729
train_000912,5,0.0,-0.2359194576300382
train_000912,6,0.0,0.3231957668483777
train_000912,7,0.06853707823366056,0.18537662792187692
train_000912,8,0.19613887622089918,0.2149396681116145
train_000912,9,0.37058806120258797,-0.8173917882158418
train_000912,10,0.5585704045277046,0.31380916500793854
train_000912,11,0.6883067777990108,0.11043067864410325
train_000912,12,0.791042084711439,-0.23701660747626088
train_000912,13,0.835909660955651,-0.08216068964258638
train_000912,14,0.7500508060558151,-0.04166739949746561
train_000912,15,0.6204112694893618,0.18958605126553107
train_000912,16,0.4716843256092722,-0.3115255421836344
train_000912,17,0.2739033069722928,-0.48680935238439205
train_000912,18,0.09290735495326238,-0.513196315891247
train_000912,19,0.0,-0.28628893775783326
train_000912,20,0.0,-0.05026461764620221
train_000912,21,0.0,-0.10888744066013908
train_000912,22,0.0,0.6471421873162178
train_000912,23,0.0,0.7967041441937643
train_000912,24,0.0,0.7505593789680662
train_000913,1,0.0,0.1892408732295495
train_000913,2,0.0,-0.38304950139512267
train_000913,3,0.0,0.005571736434995474
train_000913,4,0.0,-0.38953423108352625
train_000913,5,0.0,0.3478671033618962
train_000913,6,0.0,0.3725197086643117
train_000913,7,0.050817727794529005,0.5110708483085143
train_000913,8,0.15866611784864268,0.6355826286528614
train_000913,9,0.2779379975347882,0.6759029013601201
train_000913,10,0.43164622321131274,0.3776934892796463
train_000913,11,0.5352395864726397,0.4815003909181673
train_000913,12,0.622006224426816,0.8663014336143182
train_000913,13,0.6231203726264284,0.39083346483617193
train_000913,14,0.5616213049693619,0.6446212120183268
train_000913,15,0.45075231773164187,0.7167171287176644
train_000913,16,0.39268303442857055,0.13943105894767419
train_000913,17,0.2609117631029475,0.1685931507974735
train_000913,18,0.0980485775428736,0.70148514217413
train_000913,19,0.0,0.4269857474376491
train_000913,20,0.0,0.5136595653053961
train_000913,21,0.0,0.33281272922828614
train_000913,22,0.0,-0.04963759896883684
train_000913,23,0.0,0.18208683180683574
train_000913,24,0.0,0.31459944477086116
train_000914,1,0.0,-0.34065740908434605
train_000914,2,0.0,-0.38522511000100057
train_000914,3,0.0,-0.7015135341619724
train_000914,4,0.0,0.30172308718886975
train_000914,5,0.0,-0.09194808666878446
train_000914,6,0.0,0.04178470828914055
train_000914,7,0.07076091641309647,0.7214421070711732
train_000914,8,0.21735704746786827,0.63084584046547
train_000914,9,0.3926485587201787,0.5014401540162048
train_000914,10,0.5667417160404471,0.5570366896176049
train_000914,11,0.7074128600166346,0.6792292556782573
train_000914,12,0.8291427752749613,0.45890283598615994
train_000914,13,0.8326597419581026,0.14755263904739263
train_000914,14,0.7772851601693853,-0.5161391506560922
train_000914,15,0.6840329493078874,-0.6011880606753595
train_000914,16,0.5080305946813114,-0.1485997779408949
train_000914,17,0.30901553480278937,-0.17612559139815792
train_000914,18,0.10462434862440209,-0.5800460225337016
train_000914,19,0.0,-0.642906487720283
train_000914,20,0.0,-0.8788277548448451
train_000914,21,0.0,-0.6279760390374445
train_000914,22,0.0,-0.3639177143662899
train_000914,23,0.0,-0.5929404799370919
train_000914,24,0.0,-0.08146198527978847
train_000915,1,0.0,0.7981405345160246
train_000915,2,0.0,0.9463770257456219
train_000915,3,0.0,0.9563373824723552
train_000915,4,0.0,0.8799051886677614
train_000915,5,0.0,0.8190586327563607
train_000915,6,0.0,0.770266695882067
train_000915,7,0.07502542651623628,0.7204609365306824
train_000915,8,0.23624245273168848,0.9038865958468496
train_000915,9,0.4246759599489595,0.9184250282248065
train_000915,10,0.6146300430134369,0.9401473453196229
train_000915,11,0.770108048018754,0.7493271050439514
train_000915,12,0.8942676930066888,0.5884921966509433
train_000915,13,0.916028703777085,0.5301364797780599
train_000915,14,0.805829468547598,0.6084971639551279
train_000915,15,0.6625437053852644,0.25451381539161383
train_000915,16,0.5363823391861061,0.3144651248334486
train_000915,17,0.30240112845337486,-0.19064148047678475
train_000915,18,0.10219896226014653,0.5546775189366291
train_000915,19,0.0,-0.32150986861895026
train_000915,20,0.0,0.29861389942331973
train_000915,21,0.0,0.5758309704335887
train_000915,22,0.0,0.8110492389781631
train_000915,23,0.0,0.3543807342682845
train_000915,24,0.0,-0.34970830526410734
train_000916,1,0.0,-0.8219717500155612
train_000916,2,0.0,-0.49207229193271684
train_000916,3,0.0,-0.7159727832163925
train_000916,4,0.0,-0.6226874395892774
train_000916,5,0.0,-0.6184352396600439
train_000916,6,0.0,-0.6074094838578081
train_000916,7,0.057004069211891925,0.14221986965886654
train_000916,8,0.1795632011203126,-0.5689889811978333
train_000916,9,0.29723844924527354,-0.4428121347822085
train_000916,10,0.4903937886311528,-0.02891196051648637
train_000916,11,0.6043995758135118,0.48799128939405223
train_000916,12,0.7188199294025083,0.8603701827111456
train_000916,13,0.732157261715179,0.8666996082964655
train_000916,14,0.6765815567507806,0.800776999659774
train_000916,15,0.623035368629601,0.9287436608972577
train_000916,16,0.4300863455627505,0.9614258533708944
train_000916,17,0.26033093432748144,0.7859515550067471
train_000916,18,0.08658019134386861,0.6094373840355174
train_000916,19,0.0,0.6571167350348136
train_000916,20,0.0,0.7213383258853261
train_000916,21,0.0,-0.36169278228366647
train_000916,22,0.0,-0.5262440641962853
train_000916,23,0.0,-0.8069631727312813
train_000916,24,0.0,-0.5906509946375105
train_000917,1,0.0,0.31762466107652465
train_000917,2,0.0,0.829702097947298
train_000917,3,0.0,0.6045285269359565
train_000917,4,0.0,0.10071284479346691
train_000917,5,0.0,-0.9048457755990714
train_000917,6,0.0,-0.9394255926668074
train_000917,7,0.06382988351304908,-0.9691234109890551
train_000917,8,0.20596873901175894,-0.8829502762118442
train_000917,9,0.37264954348265666,-0.8902372087603989
train_000917,10,0.5124435203463193,-0.9196116976879567
train_000917,11,0.678262345091692,-0.874423393399642
train_000917,12,0.7605090288664029,-0.31177392607477356
train_000917,13,0.8330038938394283,-0.5280157642325293
train_000917,14,0.715476153707736,-0.2799621983076224
train_000917,15,0.6334941764862444,0.19724819358428866
train_000917,16,0.49526626079443925,-0.8543560753225921
train_000917,17,0.30873298098476476,-0.7104797555720761
train_000917,18,0.10572279808556506,-0.5264611806563049
train_000917,19,0.0,0.019087664230215275
train_000917,20,0.0,-0.39901102698317814
train_000917,21,0.0,-0.28638672795820097
train_000917,22,0.0,-0.6663766227413263
train_000917,23,0.0,-0.5282370998519188
train_000917,24,0.0,-0.9393108631827205
train_000918,1,0.0,-0.015367890053789524
train_000918,2,0.0,0.03571083630592826
train_000918,3,0.0,0.8069460292139692
train_000918,4,0.0,0.8489206675009828
train_000918,5,0.0,0.8342381982979268
train_000918,6,0.0,0.9035264383208556
train_000918,7,0.0717800288294046,0.39101571723532624
train_000918,8,0.22277773308554288,0.276815963589772
train_000918,9,0.3974327932679043,0.8543064564775571
train_000918,10,0.5676734153174883,-0.633227982262693
train_000918,11,0.7330253268720444,-0.6185157532434318
train_000918,12,0.8207747728693614,-0.2609214932249085
train_000918,13,0.8584449216357865,-0.5203425332624114
train_000918,14,0.780574724924109,-0.5544758656149056
train_000918,15,0.6722015897096577,-0.30751654570691583
train_000918,16,0.5152467138036131,0.20467384597972385
train_000918,17,0.3190360891406778,0.4931063903585401
train_000918,18,0.11298660820804907,0.21177646225702804
train_000918,19,0.0,0.4493009645097913
train_000918,20,0.0,0.6317900741189106
train_000918,21,0.0,0.7600632431814957
train_000918,22,0.0,0.3189760946251782
train_000918,23,0.0,-0.21672905055479474
train_000918,24,0.0,-0.21811994921766442
train_000919,1,0.0,0.5765799539931122
train_000919,2,0.0,0.006739949263627206
train_000919,3,0.0,0.46783307469270763
train_000919,4,0.0,0.6146490979185751
train_000919,5,0.0,0.4641804560811199
train_000919,6,0.0,0.22823525986831747
train_000919,7,0.07186081067049262,0.5766672763212803
train_000919,8,0.21776272935598087,0.7905379951367602
train_000919,9,0.39983335343427323,0.8347999370844051
train_000919,10,0.5725222352502887,0.7024706274535513
train_000919,11,0.6585255183576991,-0.23969205440914598
train_000919,12,0.778798869610828,-0.5032476708320992
train_000919,13,0.8410030564000155,0.23042602917457822
train_000919,14,0.7589429153972758,0.3131368005686489
train_000919,15,0.6413754361408892,0.5604122178508079
train_000919,16,0.5057872223998617,0.5595169336710573
train_000919,17,0.31104904498318175,0.8291862130359806
train_000919,18,0.10604106728850658,0.4531167588251542
train_000919,19,0.0,0.6054178935146957
train_000919,20,0.0,0.8082307019108959
train_000919,21,0.0,0.6925390554561679
train_000919,22,0.0,0.8285721889693733
train_000919,23,0.0,0.6617528010268072
train_000919,24,0.0,0.5372617220758913
train_000920,1,0.0,-0.1990255870206554
train_000920,2,0.0,-0.121211383835999
train_000920,3,0.0,0.03132826056298101
train_000920,4,0.0,0.48490655747295863
train_000920,5,0.0,0.6546420310212894
train_000920,6,0.0,0.5771099095956459
train_000920,7,0.07762727921992739,0.3954471586128417
train_000920,8,0.23966198671048886,0.4235974887516036
train_000920,9,0.42922750171436624,-0.334508096976703
train_000920,10,0.6065496588029023,-0.7101286174725656
train_000920,11,0.7785502465944928,-0.8529839285835401
train_000920,12,0.8880635885457302,-0.75124387947703
train_000920,13,0.9447977490703436,-0.7778372907561926
train_000920,14,0.8712626620386346,-0.4238317340408814
train_000920,15,0.7411867613293474,-0.1176727365438167
train_000920,16,0.5511018043932244,0.3404264381525917
train_000920,17,0.33451341839467047,-0.020759095912939667
train_000920,18,0.11275531701219042,-0.5459257491887195
train_000920,19,0.0,-0.8276272606979905
train_000920,20,0.0,-0.637639137825579
train_000920,21,0.0,-0.46477766954274125
train_000920,22,0.0,-0.5914540591130302
train_000920,23,0.0,-0.5935735543494456
train_000920,24,0.0,-0.1610047419442852
train_000921,1,0.0,-0.26464178922852055
train_000921,2,0.0,-0.1277885658119714
train_000921,3,0.0,0.36081722335318545
train_000921,4,0.0,-0.19859158437706256
train_000921,5,0.0,-0.12933482484219722
train_000921,6,0.0,-0.6134275118471402
train_000921,7,0.04659595472361407,-0.4415009640424351
train_000921,8,0.15157950389017197,0.014983428252564187
train_000921,9,0.2932998999882079,-0.22412481768133038
train_000921,10,0.39769510414778103,-0.030055659872482002
train_000921,11,0.46006352740830186,0.7557301240055757
train_000921,12,0.5968871577042758,0.7159394727545672
train_000921,13,0.611231163411697,0.9012779970628658
train_000921,14,0.5452400573453285,0.7622304164921074
train_000921,15,0.5152008809919782,0.04457518671390419
train_000921,16,0.41791710041538593,0.5661797962828414
train_000921,17,0.2314472207323817,-0.24802509447571658
train_000921,18,0.0879062278822526,-0.5323865987554852
train_000921,19,0.0,-0.6810968367869724
train_000921,20,0.0,-0.4422350994785311
train_000921,21,0.0,-0.5714554482391425
train_000921,22,0.0,-0.7799834793031719
train_000921,23,0.0,-0.8095142447549013
train_000921,24,0.0,0.32795871064914
train_000922,1,0.0,0.8052790077089633
train_000922,2,0.0,0.7458749773361951
train_000922,3,0.0,0.6494600837831201
train_000922,4,0.0,0.8621916121930475
train_000922,5,0.0,0.8918535418568923
train_000922,6,0.0,0.8321635395463116
train_000922,7,0.06315607097556326,0.9118740886920271
train_000922,8,0.18623506796225286,0.7424538546513957
train_000922,9,0.3845206495754651,0.5743444306461505
train_000922,10,0.5196684955172448,-0.436153174787937
train_000922,11,0.6641924465442877,0.3343289568850433
train_000922,12,0.8167832405352018,0.5909144014934282
train_000922,13,0.845315684747435,0.54733584440672
train_000922,14,0.7677058454079363,0.3827502808398576
train_000922,15,0.6372607939722382,0.22513180515817366
train_000922,16,0.43629418689543487,0.2189053636928159
train_000922,17,0.26334481502166446,-0.4608954007737969
train_000922,18,0.08307133175551411,0.04294824657186375
train_000922,19,0.0,-0.8986895490192348
train_000922,20,0.0,-0.7181827839053188
train_000922,21,0.0,-0.17651298123530967
train_000922,22,0.0,0.50013609769843
train_000922,23,0.0,0.23842395517687887
train_000922,24,0.0,-0.26901256318733285
train_000923,1,0.0,0.35566798415791634
train_000923,2,0.0,0.3527168055062315
train_000923,3,0.0,-0.4162018636862928
train_000923,4,0.0,-0.2641662093291592
train_000923,5,0.0,-0.7226758915008773
train_000923,6,0.0,0.6184232070681432
train_000923,7,0.06913031194329494,-0.24726574274942348
train_000923,8,0.22511242681256816,-0.9288230460624904
train_000923,9,0.4142563616151833,-0.8314396729500853
train_000923,10,0.6027850793852243,-0.6678808720793563
train_000923,11,0.7762137936615466,-0.9215234177186886
train_000923,12,0.8923853598914313,-0.8270625137622872
train_000923,13,0.944206492369666,-0.2766028258923663
train_000923,14,0.8601275342596084,0.11065968330591054
train_000923,15,0.7286392602810154,0.25944309086282225
train_000923,16,0.5277220605254118,-0.11974298587506124
train_000923,17,0.315834811179184,-0.5235946199723704
train_000923,18,0.10671476899055872,-0.444563518360193
train_000923,19,0.0,0.13237544639976645
train_000923,20,0.0,0.4882300229700173
train_000923,21,0.0,-0.4452967696035955
train_000923,22,0.0,0.875491378102064
train_000923,23,0.0,0.5892573002633759
train_000923,24,0.0,0.6264168857693624
train_000924,1,0.0,-0.5874395817854196
train_000924,2,0.0,0.04553367986060997
train_000924,3,0.0,0.011198261113514275
train_000924,4,0.0,-0.5056932308170266
train_000924,5,0.0,0.37869690099446374
train_000924,6,0.0,0.5432201464628821
train_000924,7,0.06157975081981316,0.7922854236484926
train_000924,8,0.1990375871816321,0.3008050795238086
train_000924,9,0.337872999045526,-0.3713323188400749
train_000924,10,0.5190177668602234,-0.6115686307131185
train_000924,11,0.5747355795943412,-0.8167566562186164
train_000924,12,0.6478875909437853,-0.7948077213441294
train_000924,13,0.5839399095338618,-0.8578175530846961
train_000924,14,0.5956424090713789,-0.6334828377833381
train_000924,15,0.5689717483691128,0.05909415151571123
train_000924,16,0.4018024865103242,-0.1299548655432852
train_000924,17,0.243333847468438,-0.7793095252953025
train_000924,18,0.09146545031152999,-0.7726157551176404
train_000924,19,0.0,-0.8563658204267145
train_000924,20,0.0,-0.5531805717154891
train_000924,21,0.0,0.010029408515686136
train_000924,22,0.0,0.3555388600473472
train_000924,23,0.0,0.8410526384223029
train_000924,24,0.0,-0.15806652281157071
train_000925,1,0.0,-0.9323338089411324
train_000925,2,0.0,-0.8903675630991084
train_000925,3,0.0,-0.7798346801966872
train_000925,4,0.0,-0.6173351146939707
train_000925,5,0.0,-0.8627757003925123
train_000925,6,0.0,-0.19419958743667956
train_000925,7,0.051826719596188016,0.1703194673625606
train_000925,8,0.16484817445695907,-0.35148521922820464
train_000925,9,0.23669472898463442,0.24250909409899365
train_000925,10,0.36548098682952934,0.16028739127757716
train_000925,11,0.5059651829648072,0.10252064326982827
train_000925,12,0.6196238409073833,0.654991416015665
train_000925,13,0.6970549443411599,0.3003512869731453
train_000925,14,0.6649519182440194,0.20398053386632095
train_000925,15,0.614138765198679,0.20831348895273885
train_000925,16,0.4723406636437862,0.5373296402727961
train_000925,17,0.2802327823886859,0.3315817909319891
train_000925,18,0.09077278808257147,0.14208955967837036
train_000925,19,0.0,0.23312296883595848
train_000925,20,0.0,0.44627597528775
train_000925,21,0.0,0.18419145028438913
train_000925,22,0.0,0.05859800492199987
train_000925,23,0.0,0.04953877562896943
train_000925,24,0.0,-0.5747302699245456
train_000926,1,0.0,-0.027454617824175794
train_000926,2,0.0,0.46887528234768505
train_000926,3,0.0,-0.20173502727636666
train_000926,4,0.0,-0.037924919128793096
train_000926,5,0.0,0.10455961083534002
train_000926,6,0.0,0.13461241633094456
train_000926,7,0.07056661371618118,-0.07431695526379761
train_000926,8,0.21836488181488922,0.42475510995848487
train_000926,9,0.4011683778642687,0.22929348485809803
train_000926,10,0.6039876894888745,0.8188799561628709
train_000926,11,0.7573685946043328,0.2286261127144026
train_000926,12,0.8730534113639319,0.17637514023395676
train_000926,13,0.9027567520123574,0.3839457476074176
train_000926,14,0.8294676741182415,0.8439352883056119
train_000926,15,0.6925345170847158,0.8001977432884442
train_000926,16,0.5288009180277264,0.06894159694007732
train_000926,17,0.32165071748422036,-0.15186441499981265
train_000926,18,0.11131695023971416,-0.4441186700866145
train_000926,19,0.0,-0.05977730816713102
train_000926,20,0.0,-0.23102348015618293
train_000926,21,0.0,-0.37006142776439543
train_000926,22,0.0,-0.14756551367235904
train_000926,23,0.0,0.11375401567694048
train_000926,24,0.0,-0.6173722007655741
train_000927,1,0.0,0.2419070770311874
train_000927,2,0.0,0.6477388228213048
train_000927,3,0.0,-0.04267555388589896
train_000927,4,0.0,0.6519781361070544
train_000927,5,0.0,0.4221525314626076
train_000927,6,0.0,0.6587368235490835
train_000927,7,0.07028335543527386,0.6277748339347871
train_000927,8,0.212710822942915,0.5267678697832463
train_000927,9,0.38461245779324504,0.4653857665076464
train_000927,10,0.5462673701398337,-0.4158831780398749
train_000927,11,0.6933225129343127,0.09189447907992039
train_000927,12,0.831106905427548,-0.723563331782371
train_000927,13,0.8542328607874256,-0.6565074277750261
train_000927,14,0.8378432029648041,0.2936410295534803
train_000927,15,0.7109182220018476,0.6615799076681711
train_000927,16,0.526247921852876,0.9069779571714106
train_000927,17,0.3186689354066704,0.8840940353793714
train_000927,18,0.11051893205561157,0.9807709106328416
train_000927,19,0.0,0.9420780402951906
train_000927,20,0.0,0.880527206294613
train_000927,21,0.0,0.8768110249803213
train_000927,22,0.0,0.7947721375005896
train_000927,23,0.0,0.7324862790108819
train_000927,24,0.0,0.7274275237786005
train_000928,1,0.0,-0.6241434827061059
train_000928,2,0.0,-0.6471228359868656
train_000928,3,0.0,-0.7404086623409804
train_000928,4,0.0,-0.6040031553426712
train_000928,5,0.0,-0.48721290839252496
train_000928,6,0.0,0.32433993507809544
train_000928,7,0.07264766213425496,0.19615873417985152
train_000928,8,0.21964489797392162,-0.08228842287634398
train_000928,9,0.38785701512980586,-0.2717866779681676
train_000928,10,0.5636382972524301,-0.36100975212227815
train_000928,11,0.6922417293563691,0.17243108337575677
train_000928,12,0.8107615091101184,0.648187893632848
train_000928,13,0.8783210019060125,0.3944751823252272
train_000928,14,0.8261467596406786,-0.13018020360731497
train_000928,15,0.7097838432845719,0.3247335006122421
train_000928,16,0.5214435720318554,0.7893384371061721
train_000928,17,0.29778616816279124,0.8548242398166038
train_000928,18,0.10221286846325871,0.9347241602245624
train_000928,19,0.0,0.787195412962419
train_000928,20,0.0,0.9277373852625285
train_000928,21,0.0,0.5732088501554858
train_000928,22,0.0,0.24490356334131835
train_000928,23,0.0,0.7376598712706699
train_000928,24,0.0,0.9425096844705213
train_000929,1,0.0,0.46871170809979423
train_000929,2,0.0,0.625316898019113
train_000929,3,0.0,0.5727192024582034
train_000929,4,0.0,0.9541911973697397
train_000929,5,0.0,0.8039039802444323
train_000929,6,0.0,0.7950002339809759
train_000929,7,0.0675250708420012,0.6625769874315692
train_000929,8,0.21214560820518602,-0.2977881945396055
train_000929,9,0.3976834321973435,-0.21049991956684885
train_000929,10,0.5607217641708413,0.374734470265111
train_000929,11,0.6980527849097847,0.4364469532887982
train_000929,12,0.8397418140952594,-0.23684262885205232
train_000929,13,0.8702328930862829,0.759203424913284
train_000929,14,0.8036086403964061,0.7888046267084496
train_000929,15,0.6410078671901557,0.5929638028620385
train_000929,16,0.5013361500609589,0.44734744364359613
train_000929,17,0.3051944708720467,0.5928670496673445
train_000929,18,0.1031735505050782,0.518662313446738
train_000929,19,0.0,0.13563137234415185
train_000929,20,0.0,-0.30752193593894944
train_000929,21,0.0,0.49582695566242785
train_000929,22,0.0,0.5947270205740693
train_000929,23,0.0,-0.266617514206792
train_000929,24,0.0,-0.001275289758227627
train_000930,1,0.0,0.6762969418573752
train_000930,2,0.0,0.7840027788217431
train_000930,3,0.0,0.7378083190239797
train_000930,4,0.0,0.13494203774971186
train_000930,5,0.0,-0.5327187397035886
train_000930,6,0.0,-0.8304411194206436
train_000930,7,0.06951447245828375,-0.4597222788244119
train_000930,8,0.21676218515598966,-0.14843176642613617
train_000930,9,0.3904046039052556,0.008881770841041007
train_000930,10,0.5692003002186833,0.8851009602263752
train_000930,11,0.7407237172121404,0.8957210319439909
train_000930,12,0.8735944600858501,0.5858062280332625
train_000930,13,0.9134829230027938,0.7994546611757986
train_000930,14,0.8392353808638172,0.4254724720159698
train_000930,15,0.6975751718457889,0.33122944709078284
train_000930,16,0.5157681526224669,-0.3475458894115121
train_000930,17,0.305254505394839,-0.09554541273434702
train_000930,18,0.10457462897642628,0.41700599206724975
train_000930,19,0.0,0.8213073655824394
train_000930,20,0.0,-0.3274109269046672
train_000930,21,0.0,0.5678536677436357
train_000930,22,0.0,0.5304556283310191
train_000930,23,0.0,0.6030350980009449
train_000930,24,0.0,0.8560451221190294
train_000931,1,0.0,-0.5169642804412836
train_000931,2,0.0,0.17555064056145733
train_000931,3,0.0,-0.24193631810406432
train_000931,4,0.0,0.8559034304967349
train_000931,5,0.0,0.8983161556754928
train_000931,6,0.0,0.4410351053854208
train_000931,7,0.043280631707383874,0.19154555167445844
train_000931,8,0.15414523119670917,0.43120932408390594
train_000931,9,0.2910618359745279,0.9172584293216067
train_000931,10,0.4312171079951634,0.8885784933728592
train_000931,11,0.5333807598880829,0.5509780200881595
train_000931,12,0.5809918294386254,0.8555252147359359
train_000931,13,0.6328067786279952,0.8151409662453573
train_000931,14,0.5627543440570169,0.4916766683184237
train_000931,15,0.4729009884945558,0.7888512256173854
train_000931,16,0.3787404793265146,0.6848220465013299
train_000931,17,0.23045100052741238,-0.398141298019659
train_000931,18,0.07869147824457741,-0.4361552008289021
train_000931,19,0.0,-0.09517261584530753
train_000931,20,0.0,-0.6496601395201049
train_000931,21,0.0,-0.9471360239073073
train_000931,22,0.0,-0.42613745256726615
train_000931,23,0.0,-0.5533810524376546
train_000931,24,0.0,-0.7414877372608768
train_000932,1,0.0,-0.6753209852732415
train_000932,2,0.0,-0.8105574483783864
train_000932,3,0.0,-0.6941212194346515
train_000932,4,0.0,-0.079414809195626
train_000932,5,0.0,-0.03927216913034712
train_000932,6,0.0,0.5941058889890558
train_000932,7,0.05560965455627522,0.7347195642610447
train_000932,8,0.19111661794618756,0.6200166929074105
train_000932,9,0.35449313306248786,0.4056929814383752
train_000932,10,0.47560195755271734,0.5939399515427053
train_000932,11,0.5303883374007033,-0.001157511221169948
train_000932,12,0.7109642244226195,-0.18642398554714268
train_000932,13,0.7368757859763773,-0.7866108605272847
train_000932,14,0.6714981008873995,-0.4455541355256867
train_000932,15,0.6213317069383083,-0.7691922830717093
train_000932,16,0.45995722601824934,-0.2835150781648611
train_000932,17,0.28775859112180896,0.08473054877374239
train_000932,18,0.09960312636743135,0.052313788723275426
train_000932,19,0.0,0.24523123338549996
train_000932,20,0.0,-0.1548238991129029
train_000932,21,0.0,-0.1989570705433887
train_000932,22,0.0,0.46584385942796047
train_000932,23,0.0,-0.23175586987741342
train_000932,24,0.0,-0.7122541615727644
train_000933,1,0.0,0.47983367727303994
train_000933,2,0.0,0.6138385800793976
train_000933,3,0.0,0.6828492478439833
train_000933,4,0.0,0.32657970284428534
train_000933,5,0.0,0.3620106653225203
train_000933,6,0.0,-0.3439913349446362
train_000933,7,0.06958784175022956,-0.4127271266693817
train_000933,8,0.21347103337565604,0.12910955384979275
train_000933,9,0.3929304400217577,-0.052451392586908584
train_000933,10,0.5572209895435396,-0.5754162646255256
train_000933,11,0.7087291985279351,-0.13594505920985944
train_000933,12,0.8652234808754187,-0.06833043939114802
train_000933,13,0.9268099155233271,-0.5089501887456745
train_000933,14,0.8542485297677324,-0.5107225951923096
train_000933,15,0.7254133723542336,0.13393868964990144
train_000933,16,0.5385286206677222,-0.6125902089589215
train_000933,17,0.3216174312548861,0.2310464889100586
train_000933,18,0.10973571704989699,-0.6249625452891516
train_000933,19,0.0,-0.7525787118523902
train_000933,20,0.0,-0.5046464910762481
train_000933,21,0.0,0.24516238917944014
train_000933,22,0.0,0.31753153747036134
train_000933,23,0.0,-0.3182574405899963
train_000933,24,0.0,-0.4987290467197749
train_000934,1,0.0,-0.7485244409575016
train_000934,2,0.0,-0.40067079363792024
train_000934,3,0.0,-0.28456702820885393
train_000934,4,0.0,-0.8107988062886197
train_000934,5,0.0,-0.4832916620623907
train_000934,6,0.0,-0.13550455727740934
train_000934,7,0.07433606925328881,0.4703570421966422
train_000934,8,0.2316582001648219,0.46074438015957014
train_000934,9,0.41595486672226006,0.2130857270764446
train_000934,10,0.6005752001652708,0.09029673684082322
train_000934,11,0.7532496754045189,0.6767022487042174
train_000934,12,0.8639871199765593,0.06702902487932709
train_000934,13,0.9061984288749702,-0.21754329690429472
train_000934,14,0.8411787215495247,0.6411284819347576
train_000934,15,0.7207356672546918,0.4744278913236999
train_000934,16,0.5389636913213302,0.02609438430764618
train_000934,17,0.326150366147026,0.29345518242877505
train_000934,18,0.10970593333960853,0.45299052758604874
train_000934,19,0.0,0.10228015163063331
train_000934,20,0.0,0.47649097099074356
train_000934,21,0.0,0.48833429496160585
train_000934,22,0.0,0.43027272652378395
train_000934,23,0.0,0.31873976674648663
train_000934,24,0.0,0.1250011558055505
train_000935,1,0.0,0.08851312546537578
train_000935,2,0.0,0.21380537784755194
train_000935,3,0.0,0.4999599176113888
train_000935,4,0.0,0.07082262295028967
train_000935,5,0.0,0.3183350300415423
train_000935,6,0.0,0.15727172738314998
train_000935,7,0.06283893207341736,0.31858130376030663
train_000935,8,0.20194061579489378,0.4996932245673489
train_000935,9,0.36072438836474796,0.9428429730996605
train_000935,10,0.5010445277592299,0.413061314403052
train_000935,11,0.5808993929514947,0.41828012036140966
train_000935,12,0.6346626734326782,0.9450729373875311
train_000935,13,0.7128779714199595,0.8317745396831582
train_000935,14,0.598564106157646,0.5047246180623273
train_000935,15,0.46040330236295235,0.7914390448327144
train_000935,16,0.31031218319496934,0.24895264289445726
train_000935,17,0.15454572351576742,0.25274644811595737
train_000935,18,0.07237442752679756,0.3471386256603909
train_000935,19,0.0,-0.4526299689003646
train_000935,20,0.0,-0.3380259586119454
train_000935,21,0.0,0.23850422063379767
train_000935,22,0.0,0.3548026201854916
train_000935,23,0.0,0.5162734977232507
train_000935,24,0.0,-0.4770393663309228
train_000936,1,0.0,-0.8219240007939561
train_000936,2,0.0,-0.7157229609817706
train_000936,3,0.0,-0.6831109427897168
train_000936,4,0.0,-0.27887096104904513
train_000936,5,0.0,-0.763830972681862
train_000936,6,0.0,0.12267236321780066
train_000936,7,0.05218713805575223,0.4664655157545642
train_000936,8,0.16537475951169153,0.7649506450053905
train_000936,9,0.3093133158805226,0.8172995038107271
train_000936,10,0.4495041537695993,0.8807295681737342
train_000936,11,0.6201456679488258,0.8731001507035095
train_000936,12,0.8107249780502214,0.784201359233038
train_000936,13,0.8260165193351453,0.7347194032266103
train_000936,14,0.7611521459448485,-0.2707823631868304
train_000936,15,0.6712057334814306,-0.8117914743212928
train_000936,16,0.4737577767968248,-0.5513078609630573
train_000936,17,0.2831734796119267,-0.5188168696946227
train_000936,18,0.09909861782566431,-0.6110350860746068
train_000936,19,0.0,-0.8061714252604427
train_000936,20,0.0,-0.7436870094034527
train_000936,21,0.0,-0.26092339677212173
train_000936,22,0.0,-0.5419238031999771
train_000936,23,0.0,-0.5413016340247252
train_000936,24,0.0,-0.4975954715281923
train_000937,1,0.0,0.3846827731844803
train_000937,2,0.0,0.6968174251231044
train_000937,3,0.0,0.08745933933323798
train_000937,4,0.0,-0.026583119868288294
train_000937,5,0.0,-0.185942254498204
train_000937,6,0.0,0.3133526788218238
train_000937,7,0.02130358371142838,0.24814154681063136
train_000937,8,0.06525106132619822,0.5140550494711991
train_000937,9,0.10166691624896623,0.7451445435180917
train_000937,10,0.19277519091127207,0.9310469041170334
train_000937,11,0.2509151090440269,0.9581471003011128
train_000937,12,0.27585803060121383,-0.20061888326939106
train_000937,13,0.3329131922846031,-0.16043264425375484
train_000937,14,0.29628949982175024,-0.5042763981118339
train_000937,15,0.23994444135423637,-0.296213180300736
train_000937,16,0.19588234062900675,-0.6029267184767998
train_000937,17,0.15010411904030913,-0.8888051704493023
train_000937,18,0.051195414551587035,-0.9227142419532706
train_000937,19,0.0,-0.9123081853380739
train_000937,20,0.0,-0.7922256361947342
train_000937,21,0.0,-0.7801336911645544
train_000937,22,0.0,-0.7132956482279256
train_000937,23,0.0,0.07602492934614587
train_000937,24,0.0,0.3411424795701719
train_000938,1,0.0,-0.4677529473707588
train_000938,2,0.0,0.06870284558450244
train_000938,3,0.0,0.8073471144558084
train_000938,4,0.0,0.543746657426637
train_000938,5,0.0,0.6790692868729651
train_000938,6,0.0,0.3014105299471986
train_000938,7,0.05318064483776876,0.4304967476233934
train_000938,8,0.17375486129896756,0.2490797751429136
train_000938,9,0.32617657452729487,0.5704599911731946
train_000938,10,0.43412982523970123,0.29042533897190453
train_000938,11,0.48086612828330944,-0.5877757668359141
train_000938,12,0.5766780474434104,-0.8173796210378708
train_000938,13,0.605151791632692,-0.5594493827440243
train_000938,14,0.4980603200108466,0.7046005184984375
train_000938,15,0.4073325184629481,0.8492916760555466
train_000938,16,0.35508129074812655,0.6648722640187015
train_000938,17,0.23704534399927024,-0.40125684522894184
train_000938,18,0.0753992771586411,-0.7312915307568097
train_000938,19,0.0,-0.9055207165826515
train_000938,20,0.0,-0.8718442569060011
train_000938,21,0.0,-0.9211802361290187
train_000938,22,0.0,-0.6360556943287143
train_000938,23,0.0,-0.034409385907071925
train_000938,24,0.0,-0.7659254627591323
train_000939,1,0.0,-0.6223974642976653
train_000939,2,0.0,-0.42641651052358165
train_000939,3,0.0,-0.29572878047909135
train_000939,4,0.0,-0.13150387373328168
train_000939,5,0.0,-0.3770164711056307
train_000939,6,0.0,-0.7177147114687628
train_000939,7,0.05605510914682978,-0.7817936643759078
train_000939,8,0.19172044246185385,-0.4697462840741876
train_000939,9,0.32576993289072653,-0.6273209284174652
train_000939,10,0.46790716177811353,-0.6179168527303058
train_000939,11,0.5414485563537118,-0.6738666475812177
train_000939,12,0.6024220151110186,0.24586984573524878
train_000939,13,0.5837910923099753,0.3279189087772659
train_000939,14,0.6287188453314208,0.30382934139128426
train_000939,15,0.4116808479522624,-0.07479383855139446
train_000939,16,0.36244658043438077,0.18813036177107287
train_000939,17,0.20184518795099923,0.21947384627758873
train_000939,18,0.06956458553195613,0.13383304022657844
train_000939,19,0.0,-0.44803006502139453
train_000939,20,0.0,-0.2514130345710994
train_000939,21,0.0,0.4027024294746724
train_000939,22,0.0,0.56512629291363
train_000939,23,0.0,0.36681520851738425
train_000939,24,0.0,-0.16162908221215333
train_000940,1,0.0,-0.5181360918570107
train_000940,2,0.0,-0.8416452131214498
train_000940,3,0.0,-0.22263267798475567
train_000940,4,0.0,-0.44931733914883837
train_000940,5,0.0,0.19173430062695068
train_000940,6,0.0,-0.04239926461153743
train_000940,7,0.05390044500088829,-0.5882113361575501
train_000940,8,0.16116277665211842,-0.5701583640116175
train_000940,9,0.34026998410522696,-0.8585632839008832
train_000940,10,0.526930519234098,-0.9718295238148577
train_000940,11,0.6999765306917272,-0.8536834210322667
train_000940,12,0.7828371350706063,-0.7520231043062808
train_000940,13,0.8178228299688636,-0.9123366373010972
train_000940,14,0.6992007767976055,-0.9627248541000758
train_000940,15,0.5735556708580885,-0.6197939444651834
train_000940,16,0.4441815212044832,-0.2645068997544042
train_000940,17,0.2740864063955769,0.09886846532375727
train_000940,18,0.08154636581465428,-0.7340603540548041
train_000940,19,0.0,-0.10443586499392356
train_000940,20,0.0,-0.18472394527688815
train_000940,21,0.0,-0.3858081666094352
train_000940,22,0.0,-0.26299648635057665
train_000940,23,0.0,-0.3303455732555673
train_000940,24,0.0,-0.014080291824939643
train_000941,1,0.0,-0.08952111264389187
train_000941,2,0.0,0.14005413858818794
train_000941,3,0.0,0.3692382557712712
train_000941,4,0.0,0.8745237136544439
train_000941,5,0.0,0.8715852624194831
train_000941,6,0.0,0.1679493868808803
train_000941,7,0.062188464993061014,0.37628420977149385
train_000941,8,0.19483574318623603,0.22262647211447603
train_000941,9,0.3125500207101034,-0.3242677930204567
train_000941,10,0.4604010819429124,-0.5068361121637066
train_000941,11,0.558647854558154,-0.70544938818066
train_000941,12,0.6354150589431898,-0.866947250630068
train_000941,13,0.6978168282474901,-0.2995529555299197
train_000941,14,0.5591651234254501,-0.2551296298544826
train_000941,15,0.4346452667740788,0.3391242436814382
train_000941,16,0.3420673350712394,-0.6595888509716199
train_000941,17,0.23535506284089328,-0.7742951187936464
train_000941,18,0.07527789609075701,-0.26911020973496513
train_000941,19,0.0,-0.4930869320974487
train_000941,20,0.0,-0.8176181780161468
train_000941,21,0.0,0.0016729799459057296
train_000941,22,0.0,-0.32865793770331125
train_000941,23,0.0,0.47339042880841176
train_000941,24,0.0,0.567719187178205
train_000942,1,0.0,0.4215286435637899
train_000942,2,0.0,-0.2496935589418818
train_000942,3,0.0,0.3333538456347176
train_000942,4,0.0,0.2781431013927056
train_000942,5,0.0,0.12166116635812166
train_000942,6,0.0,0.27616537235417
train_000942,7,0.06611866318985964,-0.6138260851210249
train_000942,8,0.2166497894773986,-0.7278229402293102
train_000942,9,0.3864506874099675,-0.7329871794466984
train_000942,10,0.5559287495314595,-0.656202244319392
train_000942,11,0.7102208177848055,-0.08793072648281476
train_000942,12,0.7777764968413307,-0.33126584430632955
train_000942,13,0.7988493535882885,0.317979364259711
train_000942,14,0.7105824886786737,0.7755297932012282
train_000942,15,0.6289528790635603,0.6713847301849465
train_000942,16,0.4404483248574335,0.49101833045677246
train_000942,17,0.24273399054019837,0.041590796318559185
train_000942,18,0.07917785605191378,-0.5522062805147525
train_000942,19,0.0,-0.4627182484673644
train_000942,20,0.0,-0.676137373958476
train_000942,21,0.0,0.0972855015953975
train_000942,22,0.0,-0.552153090095058
train_000942,23,0.0,-0.7459445542794869
train_000942,24,0.0,-0.826353015795128
train_000943,1,0.0,0.7878583070183908
train_000943,2,0.0,0.6763016577097125
train_000943,3,0.0,-0.10520647634009064
train_000943,4,0.0,0.05656464939133032
train_000943,5,0.0,0.3571195157389683
train_000943,6,0.0,0.49982418001015727
train_000943,7,0.06813171462178298,0.6332159768532836
train_000943,8,0.2197769812548959,-0.2735894470117815
train_000943,9,0.4017526343181887,0.32085384282342916
train_000943,10,0.56776162262083,-0.24589671876523708
train_000943,11,0.6902877233140781,-0.5604395931942763
train_000943,12,0.8546262366095754,0.12159238992309049
train_000943,13,0.9163153237939858,0.6661523779451826
train_000943,14,0.8593801840768028,0.7077367950084464
train_000943,15,0.7161106522154888,0.6934493401282034
train_000943,16,0.53964091967865,0.5244311692753013
train_000943,17,0.3144932745075338,0.4270110176954069
train_000943,18,0.10989163024142885,0.10293114963508966
train_000943,19,0.0,-0.6746241656552925
train_000943,20,0.0,-0.6120310642812885
train_000943,21,0.0,0.09462510598715874
train_000943,22,0.0,0.20826047010356197
train_000943,23,0.0,0.015634532601526082
train_000943,24,0.0,-0.39647082467488776
train_000944,1,0.0,-0.8051711085601065
train_000944,2,0.0,-0.3250065906777057
train_000944,3,0.0,-0.5878144628899382
train_000944,4,0.0,-0.44150122254149204
train_000944,5,0.0,0.04140602073107867
train_000944,6,0.0,0.5166143898855944
train_000944,7,0.07440257277997436,-0.39009723355407483
train_000944,8,0.22300027388461935,-0.2714748731932367
train_000944,9,0.4022054605774558,-0.6063693908749794
train_000944,10,0.5926562380647388,0.05427143246570488
train_000944,11,0.7279578542044958,0.04714532214857097
train_000944,12,0.8500159241719365,0.11441791853746051
train_000944,13,0.8865638378925941,0.38672470629321215
train_000944,14,0.7996545111930793,-0.5650243843425322
train_000944,15,0.6457243390793388,0.6786337172324164
train_000944,16,0.4801034158586176,0.09859262896330044
train_000944,17,0.28696428401466684,0.4646842249537395
train_000944,18,0.10162842253358359,-0.5200140701715554
train_000944,19,0.0,-0.6471564339854399
train_000944,20,0.0,-0.7082359968643905
train_000944,21,0.0,-0.8709058403419214
train_000944,22,0.0,-0.5457974500406397
train_000944,23,0.0,-0.5165207893460378
train_000944,24,0.0,0.315772520483895
train_000945,1,0.0,-0.07220841711099597
train_000945,2,0.0,0.3089927115705684
train_000945,3,0.0,0.2541770292643338
train_000945,4,0.0,0.16955980529645878
train_000945,5,0.0,-0.13413900746225796
train_000945,6,0.0,-0.5280322873824103
train_000945,7,0.06980290982848335,-0.6434518861573566
train_000945,8,0.22486810569880725,-0.7204205451574588
train_000945,9,0.39255842991543577,-0.693794065375955
train_000945,10,0.5871294864867498,-0.46076920422464535
train_000945,11,0.7488103734143324,0.18993692791800781
train_000945,12,0.8920284492292028,-0.2897693085265511
train_000945,13,0.9133002634528123,-0.637449030315746
train_000945,14,0.8419836635720714,0.3463860219892639
train_000945,15,0.6931886728010792,0.7104080826929288
train_000945,16,0.5095635213362061,0.7265901522864956
train_000945,17,0.31294497020653333,0.8082436185405382
train_000945,18,0.10397299198581737,-0.06798040738293715
train_000945,19,0.0,0.6686843089586809
train_000945,20,0.0,0.5074994124752704
train_000945,21,0.0,0.7233791375693552
train_000945,22,0.0,0.6397586126583821
train_000945,23,0.0,0.7877325397332062
train_000945,24,0.0,0.24068049275151876
train_000946,1,0.0,-0.14106547135781158
train_000946,2,0.0,-0.4918032527209061
train_000946,3,0.0,0.33562067819042485
train_000946,4,0.0,0.8098887666586668
train_000946,5,0.0,0.769313823243292
train_000946,6,0.0,0.8545246785136347
train_000946,7,0.06851653270359132,0.48408543442980556
train_000946,8,0.22178940394196717,0.6915655476366203
train_000946,9,0.41470166033817923,0.832352455793155
train_000946,10,0.603149756462494,0.6116857813476891
train_000946,11,0.75869865381802,0.11356609778999567
train_000946,12,0.8229001216499737,-0.011117332138573799
train_000946,13,0.8994219992656803,-0.2805870099669295
train_000946,14,0.8052133062497666,0.8154976429479206
train_000946,15,0.6596680533588011,0.8044668728612853
train_000946,16,0.5127956068213384,0.04828107040061136
train_000946,17,0.3139204663012079,0.3926758328144425
train_000946,18,0.10873931005709263,-0.48054693755723654
train_000946,19,0.0,-0.5346727997271175
train_000946,20,0.0,-0.8289021490210609
train_000946,21,0.0,-0.9006335611988622
train_000946,22,0.0,-0.847740654724172
train_000946,23,0.0,-0.6725499667289544
train_000946,24,0.0,-0.5106191203746948
train_000947,1,0.0,-0.18650182644147004
train_000947,2,0.0,0.2778168451759772
train_000947,3,0.0,-0.5730060277002289
train_000947,4,0.0,-0.6446909061644611
train_000947,5,0.0,-0.8104817953348822
train_000947,6,0.0,-0.7114821337647724
train_000947,7,0.06561384673040808,-0.289832940184549
train_000947,8,0.19171396490206136,-0.5863398131078835
train_000947,9,0.3631104008230284,-0.7173058184865562
train_000947,10,0.5367433540588157,-0.2681837667252202
train_000947,11,0.6833470847946871,-0.24299377851533968
train_000947,12,0.8141187690374426,-0.21317117771237348
train_000947,13,0.8661551724711823,0.10822464896508023
train_000947,14,0.8117161221754204,-0.7955375312831169
train_000947,15,0.6952835180181591,0.43043738445070245
train_000947,16,0.5198214574214517,0.7191993090961908
train_000947,17,0.307476977142865,0.8813483916617049
train_000947,18,0.10593683721832378,0.25509386601657413
train_000947,19,0.0,0.13044582552382028
train_000947,20,0.0,0.6591966611108695
train_000947,21,0.0,-0.27264475873230953
train_000947,22,0.0,0.4124985963874629
train_000947,23,0.0,0.3590812044577135
train_000947,24,0.0,0.8483880988123712
train_000948,1,0.0,0.7231172494775584
train_000948,2,0.0,0.2482917854850559
train_000948,3,0.0,-0.19478925229642288
train_000948,4,0.0,-0.6389137903131661
train_000948,5,0.0,-0.3787428608029645
train_000948,6,0.0,-0.34995579075425504
train_000948,7,0.05817672845462825,-0.10664658079243883
train_000948,8,0.18412620809121627,0.3902085421308875
train_000948,9,0.32581060177505494,0.6139722645187904
train_000948,10,0.5064494113727875,-0.4145324140144871
train_000948,11,0.6530654286269774,-0.3762021474481639
train_000948,12,0.8071918458545352,-0.24560190026738102
train_000948,13,0.779769423456272,0.09651290193116359
train_000948,14,0.7715249395055003,-0.21224215363944773
train_000948,15,0.6752974154062054,-0.5848364288287544
train_000948,16,0.502757205555788,-0.9133109901436124
train_000948,17,0.2894328847822108,-0.6577163351984536
train_000948,18,0.09300551406179126,-0.6201002235060651
train_000948,19,0.0,-0.35162836703749434
train_000948,20,0.0,0.5176159272039375
train_000948,21,0.0,0.291033594547906
train_000948,22,0.0,0.4763027588174491
train_000948,23,0.0,0.6731960150513348
train_000948,24,0.0,0.33400553611429323
train_000949,1,0.0,-0.8704462817118469
train_000949,2,0.0,-0.9140454745418185
train_000949,3,0.0,-0.857445395913451
train_000949,4,0.0,-0.8675498874453642
train_000949,5,0.0,-0.5765434288134499
train_000949,6,0.0,-0.5257882538968417
train_000949,7,0.062242601067894476,0.03952077852816182
train_000949,8,0.19695146300122895,0.27215448968896316
train_000949,9,0.3455351144962479,0.5924303987637913
train_000949,10,0.4965688312551437,-0.4654297641178341
train_000949,11,0.6335614176052525,-0.3760226104344035
train_000949,12,0.7449814176921424,-0.07792084063495908
train_000949,13,0.808014119668362,0.1772932042738952
train_000949,14,0.6067644656394889,0.022092144294963263
train_000949,15,0.586213461204526,-0.020513387647475085
train_000949,16,0.4308386301621234,-0.38150145201966684
train_000949,17,0.2627613593777751,0.05710774737107258
train_000949,18,0.09460708872822433,-0.0023363486723756567
train_000949,19,0.0,-0.6503866116800855
train_000949,20,0.0,-0.1863733694345954
train_000949,21,0.0,-0.08319481614814078
train_000949,22,0.0,-0.4069284152072319
train_000949,23,0.0,-0.8957691827692513
train_000949,24,0.0,-0.9566301163848631
train_000950,1,0.0,-0.26553556448990095
train_000950,2,0.0,-0.40349754711416913
train_000950,3,0.0,-0.7236668240138839
train_000950,4,0.0,-0.45441820833268826
train_000950,5,0.0,-0.6904249921316501
train_000950,6,0.0,-0.7054635775722828
train_000950,7,0.06814952518293799,-0.48048255887780145
train_000950,8,0.20866044757982374,-0.4077029877965515
train_000950,9,0.3799217252842962,0.4862184966820646
train_000950,10,0.5442845839443216,0.700877290150337
train_000950,11,0.6528605473653406,-0.5828077808606842
train_000950,12,0.8064897296380477,-0.2664742953797737
train_000950,13,0.8198110493353165,0.9040306857187028
train_000950,14,0.7420510667335981,0.8521543836144027
train_000950,15,0.5954934002266135,0.6621219265731755
train_000950,16,0.45620822099708924,0.7174834110709168
train_000950,17,0.2859435394244123,0.33197157794517035
train_000950,18,0.09712882327452878,0.1289957283055127
train_000950,19,0.0,0.18030408513559026
train_000950,20,0.0,0.5974673109365415
train_000950,21,0.0,-0.1544682187196847
train_000950,22,0.0,0.26975029359098796
train_000950,23,0.0,0.4649965246819717
train_000950,24,0.0,0.48467566370932813
train_000951,1,0.0,0.43887074279493965
train_000951,2,0.0,0.7242986915535661
train_000951,3,0.0,0.22362019684529252
train_000951,4,0.0,0.2552569196362338
train_000951,5,0.0,0.02046900794272314
train_000951,6,0.0,-0.08970285318479525
train_000951,7,0.04911248507175772,-0.1310253952749331
train_000951,8,0.15606507116769883,-0.2192400156813684
train_000951,9,0.22892353538909582,-0.4855606717545222
train_000951,10,0.3384619008962964,-0.26672269101478363
train_000951,11,0.49105194384865736,0.4911413754878434
train_000951,12,0.5770072281021051,0.32364699995875024
train_000951,13,0.6779152292597498,0.08262433711305561
train_000951,14,0.5289626326922446,-0.41500093020044143
train_000951,15,0.4515088138754693,0.040287506250593505
train_000951,16,0.35557669369565714,-0.7743924969395454
train_000951,17,0.22529854498496296,-0.3883338720934257
train_000951,18,0.08634659993814671,-0.5888055220746757
train_000951,19,0.0,-0.6286631167694748
train_000951,20,0.0,0.08777598129386688
train_000951,21,0.0,0.5099666246761001
train_000951,22,0.0,-0.06931214718781759
train_000951,23,0.0,-0.12782619725346464
train_000951,24,0.0,-0.6217529983850999
train_000952,1,0.0,0.7991041184748344
train_000952,2,0.0,0.48628180191956916
train_000952,3,0.0,-0.6910369215832506
train_000952,4,0.0,0.1020166771798271
train_000952,5,0.0,-0.0455752825018633
train_000952,6,0.0,0.6972686327494748
train_000952,7,0.07489301458036578,0.713186549165395
train_000952,8,0.22266470953825107,-0.20637166373732752
train_000952,9,0.415963518868767,-0.14808245298066958
train_000952,10,0.6043277584489373,0.6038975935445989
train_000952,11,0.7685649455273632,0.0850412692582553
train_000952,12,0.8715752230525763,-0.23221479117275495
train_000952,13,0.915060090643176,-0.3692823791842758
train_000952,14,0.8151979318935904,-0.4299388949991292
train_000952,15,0.6875460845146427,-0.23202400935285702
train_000952,16,0.5105979637913364,0.4024918819611029
train_000952,17,0.30655693008248,0.7175854486142331
train_000952,18,0.10744033904351609,0.8058181265944757
train_000952,19,0.0,-0.031228295099430106
train_000952,20,0.0,-0.24578013809048133
train_000952,21,0.0,0.7790898173014111
train_000952,22,0.0,0.6307833593234982
train_000952,23,0.0,0.8435798565849355
train_000952,24,0.0,0.6578512452913791
train_000953,1,0.0,-0.2979217804222141
train_000953,2,0.0,0.18692363900299513
train_000953,3,0.0,0.09742125169203635
train_000953,4,0.0,0.8392720016932093
train_000953,5,0.0,0.882709666435288
train_000953,6,0.0,0.1919369291714754
train_000953,7,0.06367133027158166,0.2145620538508555
train_000953,8,0.21089127925261905,-0.4786366265238625
train_000953,9,0.34770626824856893,-0.9140431290830431
train_000953,10,0.4768327163232861,-0.4335233061791566
train_000953,11,0.5447417090130955,-0.16378076449296194
train_000953,12,0.5366768996812071,0.34004018119385804
train_000953,13,0.6500684947087749,0.7781061454673635
train_000953,14,0.59162998995211,0.6698909392455936
train_000953,15,0.5469247759715383,0.5046826170013838
train_000953,16,0.40275473251181887,0.8452237459877756
train_000953,17,0.25564265681904835,0.1154651384953183
train_000953,18,0.09022904219833278,0.5398833565690561
train_000953,19,0.0,0.5098877291443984
train_000953,20,0.0,-0.23833067769261015
train_000953,21,0.0,0.05025262055384659
train_000953,22,0.0,0.1139664839089866
train_000953,23,0.0,-0.04040857336051386
train_000953,24,0.0,0.3426455418705167
train_000954,1,0.0,-0.13694512346879056
train_000954,2,0.0,0.14268625335243626
train_000954,3,0.0,-0.616835362169444
train_000954,4,0.0,0.19433604126935142
train_000954,5,0.0,0.4952309515719666
train_000954,6,0.0,0.7387735664691915
train_000954,7,0.06671264183247329,0.3592045107438411
train_000954,8,0.20875527645726616,0.03259535938393445
train_000954,9,0.374361092875668,-0.3712163169503744
train_000954,10,0.5350851240213995,-0.3371150052268047
train_000954,11,0.6870127996647711,0.06798400671016254
train_000954,12,0.7830406661292372,-0.25523180760940306
train_000954,13,0.8377562795558203,0.37361960433041985
train_000954,14,0.7241486750489937,-0.03384127882150409
train_000954,15,0.6177772471806098,-0.7813708426051728
train_000954,16,0.500373614056454,-0.9560881212724986
train_000954,17,0.3174710624785202,-0.8725965523518024
train_000954,18,0.11290558519479768,-0.5372219563009828
train_000954,19,0.0,-0.4627963593910326
train_000954,20,0.0,-0.6237011643928447
train_000954,21,0.0,-0.2163244649623386
train_000954,22,0.0,-0.07833770260227932
train_000954,23,0.0,0.12836282198037524
train_000954,24,0.0,0.18443558265966434
train_000955,1,0.0,-0.38584938083978737
train_000955,2,0.0,0.2045080429888063
train_000955,3,0.0,0.7769986174204319
train_000955,4,0.0,0.8720799028293034
train_000955,5,0.0,0.5676347810465366
train_000955,6,0.0,-0.4900663717462673
train_000955,7,0.06360841053272062,-0.7429451218509096
train_000955,8,0.19028728769469877,-0.9238128567712538
train_000955,9,0.3381158459598469,-0.8188355697824311
train_000955,10,0.5116891514521872,-0.17979079878631096
train_000955,11,0.6258696177930374,0.606063526588722
train_000955,12,0.7130623144512032,-0.27085222767752515
train_000955,13,0.7754752394540033,0.2886570488146315
train_000955,14,0.6888812921745473,-0.29925788302750395
train_000955,15,0.575244203029639,0.15899169607073446
train_000955,16,0.45675651388925065,0.5119496981211373
train_000955,17,0.25870785140266683,0.3832865822772475
train_000955,18,0.09113452815485557,-0.04475997418974437
train_000955,19,0.0,-0.6879856329270515
train_000955,20,0.0,-0.6587992747032307
train_000955,21,0.0,0.049095127916351934
train_000955,22,0.0,0.49568097796311805
train_000955,23,0.0,-0.29463883648636163
train_000955,24,0.0,0.6904262937013024
train_000956,1,0.0,-0.5958015584184255
train_000956,2,0.0,-0.506495130837376
train_000956,3,0.0,0.24408932634698624
train_000956,4,0.0,0.31695519627407553
train_000956,5,0.0,0.3749156723695336
train_000956,6,0.0,0.5337047864207495
train_000956,7,0.06241279731272946,-0.6073754155141997
train_000956,8,0.1820321167053724,-0.4172941598775619
train_000956,9,0.3212410958536352,-0.44940323604713417
train_000956,10,0.4685599615642755,0.3066033071901775
train_000956,11,0.6150763689635866,0.41647581952372975
train_000956,12,0.7125440871439042,-0.3661334377161875
train_000956,13,0.7594842471426879,-0.4595533415747986
train_000956,14,0.730245591585285,-0.6979504632172988
train_000956,15,0.5089579331806191,-0.5238897794523889
train_000956,16,0.38781494037189257,-0.0367865014760245
train_000956,17,0.22573056912390974,0.15276987986470028
train_000956,18,0.0863679044289939,0.10726025569771677
train_000956,19,0.0,0.647812915634727
train_000956,20,0.0,0.7657806916407293
train_000956,21,0.0,0.6996349296089813
train_000956,22,0.0,0.12102854571335357
train_000956,23,0.0,0.5753209938707013
train_000956,24,0.0,-0.19366987029403185
train_000957,1,0.0,0.07194224820391407
train_000957,2,0.0,0.5577227350371144
train_000957,3,0.0,-0.4345275465644356
train_000957,4,0.0,0.19963189958387909
train_000957,5,0.0,-0.12930743565130753
train_000957,6,0.0,-0.631494967652793
train_000957,7,0.02771194701726986,-0.3653877825718797
train_000957,8,0.07504123920506058,-0.47846055936241605
train_000957,9,0.11068407742037313,0.3437925548872291
train_000957,10,0.16343853599772598,0.437132143132507
train_000957,11,0.26995620788095576,0.7708049848814327
train_000957,12,0.38948870214340603,-0.01313787809016825
train_000957,13,0.4322533407026086,0.3217309333740155
train_000957,14,0.5359268432115373,-0.007117767835086898
train_000957,15,0.46972930154686476,0.532808051865926
train_000957,16,0.38393544713730177,-0.682473813489516
train_000957,17,0.21315134707155803,-0.6831290671575925
train_000957,18,0.055470894640894816,-0.5468903486422743
train_000957,19,0.0,0.16662010266888816
train_000957,20,0.0,0.06789144393614623
train_000957,21,0.0,0.04911592888375953
train_000957,22,0.0,0.4098016735810973
train_000957,23,0.0,-0.3521560847844074
train_000957,24,0.0,-0.11606454050081506
train_000958,1,0.0,-0.5389457626850025
train_000958,2,0.0,-0.6392530901313793
train_000958,3,0.0,-0.8429891744616838
train_000958,4,0.0,-0.021553934675136596
train_000958,5,0.0,-0.14874502461026792
train_000958,6,0.0,-0.30147446592771215
train_000958,7,0.07024684028721392,0.26558405932019735
train_000958,8,0.21797978116749656,-0.024647812736590745
train_000958,9,0.3956365462464571,0.7592942485120919
train_000958,10,0.5859461011661076,0.6296580216120584
train_000958,11,0.7391689190114609,0.3943473210602087
train_000958,12,0.8334188249117731,0.6323739817511096
train_000958,13,0.8780660731084236,0.7014539739655646
train_000958,14,0.7962526741430779,0.6241032668270113
train_000958,15,0.6499696183250054,0.06618491015245007
train_000958,16,0.5040336131821083,-0.12023452188570277
train_000958,17,0.31211396353660137,-0.2158174167204673
train_000958,18,0.10797531545442118,0.2028257971118132
train_000958,19,0.0,-0.5777345812958548
train_000958,20,0.0,-0.12872026637081538
train_000958,21,0.0,0.4726392333472438
train_000958,22,0.0,0.15146649722948133
train_000958,23,0.0,0.6452568581211509
train_000958,24,0.0,0.6719365133968245
train_000959,1,0.0,0.9179808283378967
train_000959,2,0.0,0.9190266229998639
train_000959,3,0.0,0.9104754911049879
train_000959,4,0.0,0.9428972004844964
train_000959,5,0.0,0.6777925914253149
train_000959,6,0.0,0.79568458355819
train_000959,7,0.05619023791548115,0.7252634205344497
train_000959,8,0.18199247616399936,0.92018477135314
train_000959,9,0.32722261056283963,0.7871152756981192
train_000959,10,0.42683117161310635,0.6080151926936745
train_000959,11,0.48738408487408375,0.24652227755033845
train_000959,12,0.5805049434040677,-0.4755681466710232
train_000959,13,0.5964690260250926,-0.12581339570899183
train_000959,14,0.5413340431077273,0.29539226945027325
train_000959,15,0.4638987812753191,0.40293438676548765
train_000959,16,0.35242018239045464,0.36676467228527665
train_000959,17,0.2552911963539306,0.06982320952552348
train_000959,18,0.08846407979661039,0.02047971166773442
train_000959,19,0.0,-0.6107634907479862
train_000959,20,0.0,0.34355642164359623
train_000959,21,0.0,0.7349314667422158
train_000959,22,0.0,0.04395501794472475
train_000959,23,0.0,0.004020402135244621
train_000959,24,0.0,-0.14087462787848362
train_000960,1,0.0,-0.4824450871590409
train_000960,2,0.0,-0.5375670149862732
train_000960,3,0.0,-0.5705151996308035
train_000960,4,0.0,-0.6450286111539345
train_000960,5,0.0,-0.40505332758015505
train_000960,6,0.0,-0.5051633413878246
train_000960,7,0.04141676466331869,-0.1979704459773736
train_000960,8,0.154485525630635,-0.581205413748336
train_000960,9,0.25599326774840625,-0.7991820892117855
train_000960,10,0.477299582983563,-0.6352385467320685
train_000960,11,0.6392273740015333,0.02822167046158909
train_000960,12,0.6968723288204485,-0.06263058697093794
train_000960,13,0.7241578623406646,-0.759865077823207
train_000960,14,0.6260619467162406,-0.34500934267444894
train_000960,15,0.4625812831205407,0.5519857820062811
train_000960,16,0.3336013333257309,0.4617707989324963
train_000960,17,0.21114115892901716,0.7943462398848611
train_000960,18,0.06639110950443247,0.10453520691922025
train_000960,19,0.0,0.42202639542443343
train_000960,20,0.0,0.37176166405119526
train_000960,21,0.0,-0.009996605826340519
train_000960,22,0.0,-0.4895537446020698
train_000960,23,0.0,-0.8690152728825614
train_000960,24,0.0,-0.668854262047105
train_000961,1,0.0,0.5399784095050648
train_000961,2,0.0,-0.48890003813479543
train_000961,3,0.0,0.2705736984244345
train_000961,4,0.0,0.292725752348873
train_000961,5,0.0,0.6658422754362625
train_000961,6,0.0,0.4314347094156284
train_000961,7,0.06407260656364538,0.14808067207474074
train_000961,8,0.21592156397856702,0.2598039895960384
train_000961,9,0.38445531220784096,-0.6395649780247914
train_000961,10,0.5303374433273719,0.15307117374439044
train_000961,11,0.6769847918512186,0.4076284445855739
train_000961,12,0.7455265053702231,-0.6257715424905963
train_000961,13,0.7634497177972825,-0.40891594244352325
train_000961,14,0.664001982123473,0.11880990165923566
train_000961,15,0.6183598977172206,-0.1690372204875312
train_000961,16,0.4551103545593581,-0.5001944908255521
train_000961,17,0.26922341409801803,0.18186765481412662
train_000961,18,0.09589032385494818,0.3517618514545188
train_000961,19,0.0,0.2118545985943076
train_000961,20,0.0,0.5454365290609008
train_000961,21,0.0,0.8657700001046451
train_000961,22,0.0,0.68219609089311
train_000961,23,0.0,0.06910698800638075
train_000961,24,0.0,0.15137311487826538
train_000962,1,0.0,-0.4254323817584024
train_000962,2,0.0,-0.5386321172151123
train_000962,3,0.0,0.03190138797156081
train_000962,4,0.0,-0.21235717864900522
train_000962,5,0.0,-0.8977341898159636
train_000962,6,0.0,-0.6448215594000191
train_000962,7,0.052521488588198495,-0.7174400957567814
train_000962,8,0.17896342535289014,-0.807147774976507
train_000962,9,0.30888506508094593,-0.9064871460940129
train_000962,10,0.46684209181528885,-0.5795544851951095
train_000962,11,0.506174087976597,-0.45589498926488403
train_000962,12,0.5881117680801056,-0.39475616491859417
train_000962,13,0.6265346226523703,-0.861316869038538
train_000962,14,0.6137531613822916,-0.8079492264930498
train_000962,15,0.5990456565304171,0.35788069546681583
train_000962,16,0.4360039022298355,-0.6983959010001832
train_000962,17,0.255915223413816,-0.0011076041015136487
train_000962,18,0.0903896700942971,0.4589289048289701
train_000962,19,0.0,0.7596395877070434
train_000962,20,0.0,0.3979745203572756
train_000962,21,0.0,0.7518043139187629
train_000962,22,0.0,0.4757632075784308
train_000962,23,0.0,-0.16819372632164342
train_000962,24,0.0,-0.25096622746503133
train_000963,1,0.0,0.31880465114459083
train_000963,2,0.0,0.05540017562614048
train_000963,3,0.0,-0.28309242504361126
train_000963,4,0.0,-0.17745294559854707
train_000963,5,0.0,-0.038303450162763104
train_000963,6,0.0,0.4315111773663361
train_000963,7,0.06867894265200114,0.5776192830260938
train_000963,8,0.21606092295974988,0.3125284852925796
train_000963,9,0.3872474342094997,0.4252494298375347
train_000963,10,0.5475045121561645,0.54330084656646
train_000963,11,0.657883354010621,0.4031302878304093
train_000963,12,0.6889743265162349,0.5395116810206817
train_000963,13,0.8173498009733805,-0.17263344267785954
train_000963,14,0.7792963124464701,-0.14808622867805687
train_000963,15,0.6333482681262497,-0.38510282886839337
train_000963,16,0.47563484844824977,-0.25400152448356267
train_000963,17,0.2662116850115791,-0.3201738432277495
train_000963,18,0.09534130078772234,-0.7197447668967853
train_000963,19,0.0,0.4308486575931971
train_000963,20,0.0,0.6279189405516998
train_000963,21,0.0,0.7731176383148297
train_000963,22,0.0,0.6356355740845874
train_000963,23,0.0,0.6207232519767352
train_000963,24,0.0,0.5125350711202301
train_000964,1,0.0,0.32762656511169713
train_000964,2,0.0,0.00278610428910151
train_000964,3,0.0,-0.04500013677913021
train_000964,4,0.0,0.3160469223365005
train_000964,5,0.0,-0.09637409611777623
train_000964,6,0.0,0.4436501340318549
train_000964,7,0.06989211841274642,-0.46611136031709355
train_000964,8,0.21516433408977959,-0.4997606226369472
train_000964,9,0.3944900714781774,0.13685773567362894
train_000964,10,0.5600067195708923,0.18336651228021225
train_000964,11,0.7003878594920122,-0.5577706538989631
train_000964,12,0.8361078642620446,-0.5838981609006564
train_000964,13,0.8379725586144993,-0.1253575714640829
train_000964,14,0.8067062627000394,0.712286102019513
train_000964,15,0.6958300753070079,0.7063679145931472
train_000964,16,0.5024683233009519,-0.5290252844266687
train_000964,17,0.3093122904324281,-0.8056771095638612
train_000964,18,0.10407556299406638,-0.6166651954929013
train_000964,19,0.0,-0.2505665536404874
train_000964,20,0.0,-0.7267033368401313
train_000964,21,0.0,-0.057464726548306075
train_000964,22,0.0,-0.38760611633979786
train_000964,23,0.0,0.5428710118760424
train_000964,24,0.0,0.5892248895990859
train_000965,1,0.0,0.14476461343852517
train_000965,2,0.0,0.4841606311634197
train_000965,3,0.0,-0.7172950249022345
train_000965,4,0.0,-0.9640225682805625
train_000965,5,0.0,-0.9524084382951262
train_000965,6,0.0,-0.9261094923361392
train_000965,7,0.07014533606229155,0.21139792704517024
train_000965,8,0.21855813242034033,-0.2887486160601346
train_000965,9,0.38125561984645395,-0.5382565707710769
train_000965,10,0.589944329625471,-0.6336262961428505
train_000965,11,0.6927788464106737,-0.9034243777899071
train_000965,12,0.7450515207246406,-0.35730225835537527
train_000965,13,0.7693047821183906,0.5890608722940912
train_000965,14,0.7617210945085837,-0.33807839878498264
train_000965,15,0.6140291890019203,-0.4390799831527775
train_000965,16,0.4579391630477731,-0.06977657569173569
train_000965,17,0.2786855019467249,0.2563391166435631
train_000965,18,0.10191577243348635,-0.034235465726150154
train_000965,19,0.0,0.5354307417091422
train_000965,20,0.0,-0.022305198840517564
train_000965,21,0.0,0.2010828505610792
train_000965,22,0.0,-0.2903715265485161
train_000965,23,0.0,0.12829859808547767
train_000965,24,0.0,-0.16375879152460907
train_000966,1,0.0,-0.5992613292050406
train_000966,2,0.0,0.18004831678394664
train_000966,3,0.0,0.6292375541530917
train_000966,4,0.0,0.6285419546796744
train_000966,5,0.0,0.6691079957067203
train_000966,6,0.0,0.2044179030602976
train_000966,7,0.07591992905373884,0.4289651612636728
train_000966,8,0.23615437368890257,0.6687521714747182
train_000966,9,0.4298868442516641,0.21739178311698928
train_000966,10,0.6218240355058382,-0.21715879616368738
train_000966,11,0.7892265410277121,0.08574028491425
train_000966,12,0.9187237315797517,-0.3515976033506265
train_000966,13,0.9762428539499497,-0.4510453106220235
train_000966,14,0.8978931203322275,-0.4804455336635475
train_000966,15,0.7468569286757814,-0.427964611667614
train_000966,16,0.5495263808453253,-0.7540914864398209
train_000966,17,0.3299526763756289,-0.7294911749024531
train_000966,18,0.11371993346646583,-0.5177008611901127
train_000966,19,0.0,-0.44070970177197466
train_000966,20,0.0,-0.7965573629115513
train_000966,21,0.0,-0.8054057301734279
train_000966,22,0.0,-0.43739455202040506
train_000966,23,0.0,-0.27000576320197367
train_000966,24,0.0,0.09386716022642919
train_000967,1,0.0,0.3050063510294374
train_000967,2,0.0,0.7160095360673158
train_000967,3,0.0,0.5536436666246498
train_000967,4,0.0,0.0905322499031563
train_000967,5,0.0,-0.2691208925082634
train_000967,6,0.0,-0.34543118708543386
train_000967,7,0.05431780656616628,-0.5711526876877856
train_000967,8,0.1632891302463441,0.32639724737251813
train_000967,9,0.30138356018858825,-0.40713222129483423
train_000967,10,0.3059926737740595,-0.8759066841099584
train_000967,11,0.35746493433388277,-0.18054510602796195
train_000967,12,0.3134165243305003,0.6850160405710027
train_000967,13,0.37742363352860336,0.5728054213002621
train_000967,14,0.47657041189563476,0.4057439363656521
train_000967,15,0.43472299675054976,0.09258091426733327
train_000967,16,0.29972251615764856,0.15006823042480583
train_000967,17,0.2099129575039925,0.18123941514056216
train_000967,18,0.08375348750246543,0.8182418037105387
train_000967,19,0.0,0.5936553707599146
train_000967,20,0.0,0.12364421577423755
train_000967,21,0.0,0.3052644704101961
train_000967,22,0.0,-0.40194251126737757
train_000967,23,0.0,-0.855571261185602
train_000967,24,0.0,0.2692431859554488
train_000968,1,0.0,-0.37448144534350614
train_000968,2,0.0,0.2123809726873065
train_000968,3,0.0,-0.44664409732560734
train_000968,4,0.0,-0.895058374017021
train_000968,5,0.0,-0.9006794202876383
train_000968,6,0.0,-0.9338534128957576
train_000968,7,0.04601238866884128,-0.984666162125536
train_000968,8,0.14456428497340276,-0.8641936372764828
train_000968,9,0.25979668110301896,0.1021998460613931
train_000968,10,0.414450308016374,-0.0386661585234464
train_000968,11,0.46934992977904827,-0.17085425756849593
train_000968,12,0.5271325152173479,-0.24382906202684654
train_000968,13,0.5763415028793335,0.5139286934446777
train_000968,14,0.6068508585476956,0.11993980059528142
train_000968,15,0.49625327208909326,-0.5300420282562256
train_000968,16,0.3492906915606908,-0.31167480606275577
train_000968,17,0.1843139486009662,0.2919577962393972
train_000968,18,0.05006008941641237,-0.08944701241740398
train_000968,19,0.0,0.013478662949565567
train_000968,20,0.0,0.3523200376842509
train_000968,21,0.0,0.17337953615493004
train_000968,22,0.0,0.3011262299246558
train_000968,23,0.0,0.036518403605755805
train_000968,24,0.0,0.8245597923771817
train_000969,1,0.0,-0.008551112090271727
train_000969,2,0.0,0.9184898460633492
train_000969,3,0.0,0.713762298854635
train_000969,4,0.0,0.6966782520376444
train_000969,5,0.0,0.6567699072345455
train_000969,6,0.0,0.11967100225910902
train_000969,7,0.07073294386948581,0.0053275224197759825
train_000969,8,0.22363635544530044,-0.1491927637868109
train_000969,9,0.41097718282989226,-0.6822563216675279
train_000969,10,0.5737389209444395,-0.0865064297608846
train_000969,11,0.7450159795191152,-0.5191226865952661
train_000969,12,0.8970169992763943,-0.48264094574910665
train_000969,13,0.9522223176759024,-0.5335362782629085
train_000969,14,0.8753593112174756,-0.21025487998812428
train_000969,15,0.7317886177326608,-0.6781568188290875
train_000969,16,0.547365369806534,-0.8961580115427163
train_000969,17,0.32935208898173346,-0.7342892219377779
train_000969,18,0.11038986761928744,-0.8828602045751314
train_000969,19,0.0,-0.9287333255952717
train_000969,20,0.0,-0.8298208992135462
train_000969,21,0.0,0.4096119354233142
train_000969,22,0.0,0.3874228325719676
train_000969,23,0.0,-0.36802261009676646
train_000969,24,0.0,0.22370503500808528
train_000970,1,0.0,-0.6075939187344896
train_000970,2,0.0,0.08670737772507443
train_000970,3,0.0,-0.3371663922215032
train_000970,4,0.0,-0.4916978530845514
train_000970,5,0.0,0.3416427962079952
train_000970,6,0.0,-0.22706881916241603
train_000970,7,0.07126220304088554,-0.5240332562012308
train_000970,8,0.22093892176534216,-0.6812786123784669
train_000970,9,0.3988293078330385,0.14818027578233028
train_000970,10,0.58453645395922,0.5534378068305407
train_000970,11,0.736069462927677,-0.08332100785047587
train_000970,12,0.8175186001866991,-0.1942292439822726
train_000970,13,0.9244179017805821,-0.015172521271652768
train_000970,14,0.8653086092584075,0.52388894566304
train_000970,15,0.7314237809805203,-0.24570460418917184
train_000970,16,0.5361901180263056,-0.03127896507200743
train_000970,17,0.3215132091398421,-0.5241931798062879
train_000970,18,0.11097588299166213,0.7622741286317906
train_000970,19,0.0,0.7836371949181198
train_000970,20,0.0,0.2460195802100731
train_000970,21,0.0,0.1811734344547682
train_000970,22,0.0,-0.4590156178037325
train_000970,23,0.0,-0.5481189404654183
train_000970,24,0.0,0.3202031615155524
train_000971,1,0.0,0.4621679166516567
train_000971,2,0.0,-0.4818708473266474
train_000971,3,0.0,-0.6194179807528886
train_000971,4,0.0,-0.1410477608604203
train_000971,5,0.0,-0.7893903913956882
train_000971,6,0.0,-0.7123137736518093
train_000971,7,0.07309584729408743,-0.3541526593109373
train_000971,8,0.21747315682729698,-0.7036629073831226
train_000971,9,0.4060199316559629,-0.7908117135532343
train_000971,10,0.5878757313147613,-0.6232633424693618
train_000971,11,0.7729067969749808,0.5579626163000841
train_000971,12,0.8693973387203038,0.18097625985280938
train_000971,13,0.8614919641191845,0.207360066544838
train_000971,14,0.8052252396955196,0.31008802643962735
train_000971,15,0.6710787009588747,-0.08950611110047166
train_000971,16,0.503277241790919,-0.14901392652213968
train_000971,17,0.2943882123752442,-0.7803984318799633
train_000971,18,0.09423624041303089,-0.7971954559936546
train_000971,19,0.0,-0.5543812499789154
train_000971,20,0.0,0.10321942621120045
train_000971,21,0.0,0.21672069175600583
train_000971,22,0.0,-0.07320968288595994
train_000971,23,0.0,-0.012487047243484121
train_000971,24,0.0,-0.1330086898887724
train_000972,1,0.0,-0.5520986623915695
train_000972,2,0.0,-0.5941631357269379
train_000972,3,0.0,-0.234859317454059
train_000972,4,0.0,0.533437067791843
train_000972,5,0.0,0.09404373938738882
train_000972,6,0.0,0.742270426753464
train_000972,7,0.053511718266052964,0.7864636735696328
train_000972,8,0.19925388536855612,0.703987668025847
train_000972,9,0.34550540873561486,0.5681073362575919
train_000972,10,0.4290894236806131,0.3387284902443938
train_000972,11,0.4705804942984924,-0.34920171575734005
train_000972,12,0.4307271260003747,-0.6413180700931188
train_000972,13,0.4620875766355763,-0.1752756490883341
train_000972,14,0.4753801379729824,0.6667126136055173
train_000972,15,0.35591887698751845,0.20367304201232686
train_000972,16,0.3027371068359462,0.006623256150873475
train_000972,17,0.1746938114191187,-0.3315634886892628
train_000972,18,0.06120404634645901,0.410413169558035
train_000972,19,0.0,-0.1147319910016548
train_000972,20,0.0,-0.5702854291783519
train_000972,21,0.0,-0.44075532368600684
train_000972,22,0.0,-0.5403932121905111
train_000972,23,0.0,-0.8370568132778982
train_000972,24,0.0,-0.8078613983291042
train_000973,1,0.0,-0.5789968566637653
train_000973,2,0.0,-0.7576437777411268
train_000973,3,0.0,0.2625539758459288
train_000973,4,0.0,0.28687614409534284
train_000973,5,0.0,-0.44433570139576506
train_000973,6,0.0,-0.6332574249853449
train_000973,7,0.05337759267119145,-0.7310691016638193
train_000973,8,0.13840770793780777,-0.6822577412346321
train_000973,9,0.3007693883788156,0.24094051136753997
train_000973,10,0.40381534697907856,0.20294467084520976
train_000973,11,0.6027137120928833,0.8277518356799369
train_000973,12,0.6710802291361758,0.7521949408811401
train_000973,13,0.7453935072602209,0.04312751289705622
train_000973,14,0.6804046142072451,0.7882854210639849
train_000973,15,0.5856788884937348,0.9144890921142508
train_000973,16,0.4448815169719942,0.9279785225494268
train_000973,17,0.27618036253483597,0.927561059408418
train_000973,18,0.09658056883932127,0.887000446243327
train_000973,19,0.0,0.885260276894811
train_000973,20,0.0,0.8391219141756286
train_000973,21,0.0,0.7820274770872123
train_000973,22,0.0,-0.3410681457083725
train_000973,23,0.0,-0.8635527514615619
train_000973,24,0.0,-0.9395645196335525
train_000974,1,0.0,0.45717843511124734
train_000974,2,0.0,-0.6175461314464606
train_000974,3,0.0,-0.7046429831551835
train_000974,4,0.0,-0.11185347411104485
train_000974,5,0.0,-0.2850107563321815
train_000974,6,0.0,-0.40166508659029054
train_000974,7,0.0673236292381868,-0.02818011392407995
train_000974,8,0.22057675493642379,0.8622746207739747
train_000974,9,0.40823382918095563,0.7015315309669855
train_000974,10,0.5749923709872502,0.53419461617899
train_000974,11,0.6573398504561271,0.291310943729271
train_000974,12,0.7732664496956572,-0.027151996118709422
train_000974,13,0.8479029089372382,0.17318511416678564
train_000974,14,0.7879269729120415,0.4257354916114631
train_000974,15,0.7016549017348206,0.008977237292325456
train_000974,16,0.5153714383638426,0.1828255307340799
train_000974,17,0.3169562911125954,0.16165258816709718
train_000974,18,0.106707299448352,0.8422140202496016
train_000974,19,0.0,0.7057570468540105
train_000974,20,0.0,0.2640637951785741
train_000974,21,0.0,0.4237654699711635
train_000974,22,0.0,0.4749604445613689
train_000974,23,0.0,0.6866910812517704
train_000974,24,0.0,0.18742347149648347
train_000975,1,0.0,-0.13274999904060544
train_000975,2,0.0,-0.6617828679909823
train_000975,3,0.0,-0.7219618622730783
train_000975,4,0.0,-0.3862403399082823
train_000975,5,0.0,-0.6312513389223302
train_000975,6,0.0,-0.22716140265973253
train_000975,7,0.05887809341305392,-0.056719608883975065
train_000975,8,0.18891678727627,-0.695868253439512
train_000975,9,0.3498832078247407,0.2902930772333142
train_000975,10,0.498645135477546,0.4493991468143274
train_000975,11,0.6501364500388364,0.2261891056130769
train_000975,12,0.7164114184417729,-0.003253047763379535
train_000975,13,0.7215076734313497,-0.6375437171183199
train_000975,14,0.7226894386324576,-0.32681983201695264
train_000975,15,0.5807819425723744,-0.8464217423339508
train_000975,16,0.40984373117877543,-0.5864284135312374
train_000975,17,0.2653361020267461,-0.7620142934638047
train_000975,18,0.09260667377506333,-0.7179947026795765
train_000975,19,0.0,-0.5504334066146919
train_000975,20,0.0,-0.023178608909426263
train_000975,21,0.0,0.33201741876740093
train_000975,22,0.0,0.34656807765528985
train_000975,23,0.0,0.1235640949286053
train_000975,24,0.0,-0.6976289812955306
train_000976,1,0.0,-0.17468500527173006
train_000976,2,0.0,-0.26648533756303555
train_000976,3,0.0,0.2502221683401275
train_000976,4,0.0,0.3584106994785228
train_000976,5,0.0,0.5737443457908467
train_000976,6,0.0,0.2466623378732647
train_000976,7,0.04267360594336399,-0.15037079819405685
train_000976,8,0.14345098191270528,-0.7534377013606645
train_000976,9,0.2575863658853158,-0.7729789202928711
train_000976,10,0.32485268316878796,-0.3695720682568607
train_000976,11,0.3994515755347188,-0.8311049344736231
train_000976,12,0.5248556762364786,-0.5937530152732964
train_000976,13,0.4469777603022173,0.010362408837745831
train_000976,14,0.4523562569903142,-0.06429160452705525
train_000976,15,0.38165936448722604,0.15177154954507002
train_000976,16,0.3145460728415696,-0.020697676038849346
train_000976,17,0.2025367288524575,-0.07802803964064295
train_000976,18,0.07560531563610529,-0.16859579278590459
train_000976,19,0.0,0.13241261816448777
train_000976,20,0.0,0.3986126454699892
train_000976,21,0.0,0.3730962050712268
train_000976,22,0.0,0.1718118531640062
train_000976,23,0.0,-0.6505361373484152
train_000976,24,0.0,-0.42413262702159205
train_000977,1,0.0,0.9677090778605677
train_000977,2,0.0,0.9557753751170717
train_000977,3,0.0,0.9642073935340563
train_000977,4,0.0,0.9388289955697758
train_000977,5,0.0,0.8075704481057818
train_000977,6,0.0,0.2764674818315758
train_000977,7,0.0779950794379595,0.3385736641550487
train_000977,8,0.24520549871283898,0.14750009246552437
train_000977,9,0.43843348614873856,-0.42426271511406616
train_000977,10,0.6359063639701045,0.04678441233775838
train_000977,11,0.7987295006683504,0.6378471815355116
train_000977,12,0.9120721082355326,0.2448028463224296
train_000977,13,0.9683624328080191,-0.541274452113196
train_000977,14,0.8782901724158149,-0.6035978166834984
train_000977,15,0.7490860899003997,-0.5609512117422
train_000977,16,0.5641245981616753,-0.09316601747642438
train_000977,17,0.33621101423499694,-0.3329696621213356
train_000977,18,0.11646879351931744,0.016012887315002496
train_000977,19,0.0,0.4231446198323281
train_000977,20,0.0,-0.1928670311051737
train_000977,21,0.0,-0.5486156764315249
train_000977,22,0.0,-0.4990879055326143
train_000977,23,0.0,0.08721403284438088
train_000977,24,0.0,0.538588438512861
train_000978,1,0.0,0.40608583201161563
train_000978,2,0.0,-0.3222631716282521
train_000978,3,0.0,-0.5663904734773239
train_000978,4,0.0,0.16297874707955726
train_000978,5,0.0,-0.08324326120674659
train_000978,6,0.0,0.3946462287290773
train_000978,7,0.06635836147470917,-0.1824224477834295
train_000978,8,0.19309220355931064,0.4734922592213586
train_000978,9,0.34195552219714437,0.7700950852266643
train_000978,10,0.47100505209460036,0.21372538474736558
train_000978,11,0.6117468866716603,0.24538488140775588
train_000978,12,0.6334244324860353,0.22690912892014023
train_000978,13,0.6965620269038681,0.6308760501682258
train_000978,14,0.5923082926634179,0.8524974358808545
train_000978,15,0.4917981700103457,0.5575652753829186
train_000978,16,0.3315292899871934,-0.07921184970411821
train_000978,17,0.21261779104604553,0.5579624755846124
train_000978,18,0.057332468299985395,0.6028512244099711
train_000978,19,0.0,-0.5665603770183996
train_000978,20,0.0,-0.6497265140152226
train_000978,21,0.0,-0.126967695582154
train_000978,22,0.0,0.19118932068869468
train_000978,23,0.0,0.4004172627218723
train_000978,24,0.0,0.6648817643204091
train_000979,1,0.0,0.5758910271682638
train_000979,2,0.0,-0.5699172576281428
train_000979,3,0.0,-0.43913693416068483
train_000979,4,0.0,-0.7490857719921091
train_000979,5,0.0,-0.45587310365505584
train_000979,6,0.0,-0.6399002845852779
train_000979,7,0.07454036706861288,-0.918988592380243
train_000979,8,0.23086716615718317,-0.6961551947518119
train_000979,9,0.40917052651554686,-0.5704138977888187
train_000979,10,0.5906208780426222,-0.44473532395734683
train_000979,11,0.7393070131682093,-0.4738310802130741
train_000979,12,0.8466416230616337,-0.2847239932111303
train_000979,13,0.8989098315342892,-0.7815776611032195
train_000979,14,0.8149726754262367,-0.624410505759782
train_000979,15,0.6933707041275352,-0.10889723699995403
train_000979,16,0.5143157771429592,0.4096925877569232
train_000979,17,0.30869269700816254,0.0023027533137201764
train_000979,18,0.10146344097189483,0.2766238352710159
train_000979,19,0.0,0.16267682159333846
train_000979,20,0.0,0.5115977835072064
train_000979,21,0.0,0.3890318740389004
train_000979,22,0.0,0.13165806261468965
train_000979,23,0.0,-0.44064826667577167
train_000979,24,0.0,-0.15142014390691808
train_000980,1,0.0,-0.012897594232829518
train_000980,2,0.0,-0.7356096499542089
train_000980,3,0.0,-0.8877824837463326
train_000980,4,0.0,-0.9735224798495018
train_000980,5,0.0,-0.5598501606395885
train_000980,6,0.0,0.2462770136658093
train_000980,7,0.05917446897489402,0.15032686701143347
train_000980,8,0.17304296425072074,0.5752965388851967
train_000980,9,0.30368936937943297,0.8926512257384268
train_000980,10,0.4689322210645686,0.7599022624343688
train_000980,11,0.5763121190324006,0.33133283948368436
train_000980,12,0.6276499199644585,-0.014872670660145887
train_000980,13,0.6440871004831272,0.6981264531671391
train_000980,14,0.5613855002339614,0.5949237370966105
train_000980,15,0.517900760340792,0.7912540200593057
train_000980,16,0.35139125642545377,-0.4379461009013394
train_000980,17,0.20267411675865318,0.2092481858012568
train_000980,18,0.06147262974149698,0.3931405932597118
train_000980,19,0.0,0.4753336462567267
train_000980,20,0.0,0.03472877195856124
train_000980,21,0.0,0.11048664771042578
train_000980,22,0.0,0.5994177165249592
train_000980,23,0.0,0.3479046607353355
train_000980,24,0.0,-0.47127494227512523
train_000981,1,0.0,-0.19316516900442743
train_000981,2,0.0,-0.26010373005014203
train_000981,3,0.0,-0.47072045349414393
train_000981,4,0.0,-0.377944727254077
train_000981,5,0.0,-0.7288541166652585
train_000981,6,0.0,-0.7903431508007582
train_000981,7,0.07472216703188195,-0.03924585462863971
train_000981,8,0.2279739805579144,-0.6764145178145641
train_000981,9,0.408821519527087,-0.6098529060437673
train_000981,10,0.597926039948865,-0.0061760357065285
train_000981,11,0.7608816570454355,0.8645810665986807
train_000981,12,0.8880318091115961,0.9058098978705655
train_000981,13,0.9289602121034766,0.8131704015587593
train_000981,14,0.8628263720648967,0.9049855717190892
train_000981,15,0.7334663447701779,0.8814269737056278
train_000981,16,0.5384136153405167,0.6356930404774802
train_000981,17,0.30964576137021343,0.9177755412943361
train_000981,18,0.11092788522188839,0.8506240311834395
train_000981,19,0.0,0.40696696083325784
train_000981,20,0.0,0.7104300346805907
train_000981,21,0.0,0.9644775073643042
train_000981,22,0.0,0.9369231873097275
train_000981,23,0.0,0.9418883617191408
train_000981,24,0.0,0.26690763764078657
train_000982,1,0.0,-0.8245984332862016
train_000982,2,0.0,-0.38654404689607874
train_000982,3,0.0,-0.2576781896006831
train_000982,4,0.0,-0.9326501743106976
train_000982,5,0.0,-0.8712965486773606
train_000982,6,0.0,-0.6859829624155631
train_000982,7,0.06259549951059983,-0.1718432088328253
train_000982,8,0.19689446799799404,0.13654780700125752
train_000982,9,0.32373938491866794,0.5768361728530509
train_000982,10,0.4471285791426037,0.2187680137056511
train_000982,11,0.5273506173333871,0.40928442136138804
train_000982,12,0.6027964133864829,0.4268507078345538
train_000982,13,0.760861679010759,0.217404629976467
train_000982,14,0.6984837940048342,-0.1533789909241896
train_000982,15,0.6075928803372853,0.3057908556596009
train_000982,16,0.4079374246551702,0.1209235291702767
train_000982,17,0.2692547151123654,-0.5124778194709358
train_000982,18,0.10094362876756635,-0.459115198820224
train_000982,19,0.0,-0.6220743726851925
train_000982,20,0.0,-0.8803517090177002
train_000982,21,0.0,-0.7290200021495343
train_000982,22,0.0,-0.9526315221889966
train_000982,23,0.0,-0.9653905950261371
train_000982,24,0.0,-0.846920607220369
train_000983,1,0.0,-0.646210934807947
train_000983,2,0.0,-0.6094968066877597
train_000983,3,0.0,-0.47153722014966226
train_000983,4,0.0,-0.8291509253825238
train_000983,5,0.0,-0.8796914716557015
train_000983,6,0.0,-0.4457189607943605
train_000983,7,0.04327745002384683,-0.5136236340163984
train_000983,8,0.12590089914376396,-0.26787617424852644
train_000983,9,0.2603732258984497,-0.11296134864894923
train_000983,10,0.347998638193459,-0.35676571384139866
train_000983,11,0.48884616530409364,-0.49200196631402426
train_000983,12,0.5860534052112714,-0.6744444312047639
train_000983,13,0.6109616550262994,-0.9280178927999343
train_000983,14,0.5245673797992289,-0.9441268935850486
train_000983,15,0.41939693509891446,-0.8831410998613458
train_000983,16,0.31698189221989365,-0.7712407675368064
train_000983,17,0.1844442920480711,-0.7118582365479376
train_000983,18,0.0714050893212928,-0.748518255261514
train_000983,19,0.0,-0.5970843559745656
train_000983,20,0.0,-0.27587584183163666
train_000983,21,0.0,-0.3938242611803865
train_000983,22,0.0,-0.7067024418590651
train_000983,23,0.0,-0.6725407791995068
train_000983,24,0.0,-0.9195929264815891
train_000984,1,0.0,0.6384059237062663
train_000984,2,0.0,0.5920463236369781
train_000984,3,0.0,0.0009742641804521824
train_000984,4,0.0,-0.7201757396914226
train_000984,5,0.0,-0.4093420975622485
train_000984,6,0.0,-0.5434928614302809
train_000984,7,0.07196684393981355,-0.6714743534791242
train_000984,8,0.2147120508829098,-0.5777757254492156
train_000984,9,0.40846288847272705,-0.07203754591051298
train_000984,10,0.5898604948841799,0.6920810530734811
train_000984,11,0.6742481032876683,0.5145131912995664
train_000984,12,0.7854996845474359,0.7707751504641193
train_000984,13,0.7747037916190668,0.7922557076754847
train_000984,14,0.7213062814977134,0.4935550409746531
train_000984,15,0.6390876807475292,0.5882835000303234
train_000984,16,0.5137336471243626,-0.265288052975185
train_000984,17,0.2957584850834551,-0.5817693580637673
train_000984,18,0.10478280544567828,0.4039602474115595
train_000984,19,0.0,-0.10480152808440721
train_000984,20,0.0,-0.2450115091992551
train_000984,21,0.0,-0.6245756610938061
train_000984,22,0.0,0.13043349140663474
train_000984,23,0.0,0.10765407485789007
train_000984,24,0.0,-0.3924469299450576
train_000985,1,0.0,0.5077333395087581
train_000985,2,0.0,-0.2192280466634099
train_000985,3,0.0,-0.4297105504190933
train_000985,4,0.0,0.12363149564679547
train_000985,5,0.0,0.21410787880432702
train_000985,6,0.0,0.34416990714538187
train_000985,7,0.03366166607439943,0.478153566638016
train_000985,8,0.1104072277932013,0.758764181485768
train_000985,9,0.23747662138483075,-0.001930348394677755
train_000985,10,0.3293523080455441,-0.3446497155403364
train_000985,11,0.47736896325942074,0.4246545599450438
train_000985,12,0.43466841743080026,0.3755767854903976
train_000985,13,0.5171268618340938,0.09999257280853668
train_000985,14,0.5219244983336271,0.613856288017602
train_000985,15,0.391695025095676,0.3202410113124405
train_000985,16,0.31247607624973495,0.12187660149342186
train_000985,17,0.1838412278977704,0.6043827454716295
train_000985,18,0.06628161444031366,0.7089606936967761
train_000985,19,0.0,0.6361400996552835
train_000985,20,0.0,-0.08833850694332503
train_000985,21,0.0,0.31150215025854355
train_000985,22,0.0,-0.5008298441996089
train_000985,23,0.0,0.5464400322597558
train_000985,24,0.0,-0.002966339263111124
train_000986,1,0.0,-0.7309144544885708
train_000986,2,0.0,-0.771287737876203
train_000986,3,0.0,-0.8085976400237685
train_000986,4,0.0,-0.6373502946177041
train_000986,5,0.0,-0.47718506434369856
train_000986,6,0.0,-0.6654379671957192
train_000986,7,0.06616676775880186,-0.6307482768096562
train_000986,8,0.21534822845199292,-0.519638740515844
train_000986,9,0.3946436235583825,-0.3741418095284472
train_000986,10,0.5801127548439288,0.6165262443989257
train_000986,11,0.7162939294196732,-0.268423098330214
train_000986,12,0.8622715805593874,-0.09367870453066805
train_000986,13,0.9160873378261629,-0.6577249829716376
train_000986,14,0.8224873677411301,0.24873948164650966
train_000986,15,0.6584674136995631,0.8191054731803766
train_000986,16,0.4975400698404721,0.7612850745416044
train_000986,17,0.308544051132591,0.8868772415652165
train_000986,18,0.1089748556054814,0.6165393640970358
train_000986,19,0.0,0.23148954706724495
train_000986,20,0.0,0.129815711719195
train_000986,21,0.0,-0.14172588642858877
train_000986,22,0.0,0.3601691898731778
train_000986,23,0.0,0.11160924547871087
train_000986,24,0.0,-0.5102050885994369
train_000987,1,0.0,-0.3972451874593777
train_000987,2,0.0,-0.3879061829675326
train_000987,3,0.0,-0.6051961811543785
train_000987,4,0.0,-0.6529745982653383
train_000987,5,0.0,0.07475986434133512
train_000987,6,0.0,0.37146248435627505
train_000987,7,0.07013861722752739,-0.4454113603036439
train_000987,8,0.2138248826559441,-0.09553645103068006
train_000987,9,0.39011149485851265,-0.15453023996260018
train_000987,10,0.5637313054397728,0.5380144369562276
train_000987,11,0.7085504129452662,0.04958944386131107
train_000987,12,0.7956065855541143,0.3691285520968323
train_000987,13,0.8386830661561622,0.6022417190950244
train_000987,14,0.8119427840947769,0.8700849044174546
train_000987,15,0.6623771465798713,0.6140311216722552
train_000987,16,0.49320324719628245,0.324696952160679
train_000987,17,0.29964795723192833,0.34824177939543755
train_000987,18,0.10284986601929924,0.11061036700112353
train_000987,19,0.0,0.04693193045805867
train_000987,20,0.0,-0.2246814722644684
train_000987,21,0.0,0.346722520303569
train_000987,22,0.0,0.21218577074540187
train_000987,23,0.0,-0.6138354612075422
train_000987,24,0.0,-0.21227975154569884
train_000988,1,0.0,-0.4647114998527886
train_000988,2,0.0,0.269936402023563
train_000988,3,0.0,0.3451328793844911
train_000988,4,0.0,0.4379375965338328
train_000988,5,0.0,0.0813974893683758
train_000988,6,0.0,0.4801788256702637
train_000988,7,0.05689777742825089,0.7751918014753483
train_000988,8,0.17314146992761117,0.23889115920074142
train_000988,9,0.31859519619069304,-0.38764415833115434
train_000988,10,0.45814872317534666,-0.335710492010647
train_000988,11,0.6018149948040188,0.19134054129494674
train_000988,12,0.628521475247003,-0.36772727051890663
train_000988,13,0.6645239430692487,-0.8734557262670399
train_000988,14,0.5977098156969635,-0.8861909232608439
train_000988,15,0.5332296449824384,-0.6963165497255566
train_000988,16,0.42165345801296394,-0.5081066243822057
train_000988,17,0.24602725722946475,-0.27541249663431533
train_000988,18,0.087913949324533,-0.6138177525410429
train_000988,19,0.0,-0.19440700066816888
train_000988,20,0.0,0.05113374778347424
train_000988,21,0.0,0.3581799374748437
train_000988,22,0.0,-0.3312741065494976
train_000988,23,0.0,-0.6398424767599624
train_000988,24,0.0,-0.7799236313723167
train_000989,1,0.0,-0.8930649458325601
train_000989,2,0.0,-0.7908530263259402
train_000989,3,0.0,-0.88055910839243
train_000989,4,0.0,-0.8073630339188427
train_000989,5,0.0,-0.5709437262038102
train_000989,6,0.0,0.24571491197234752
train_000989,7,0.06614616774459023,0.34657826989883633
train_000989,8,0.20799452259918522,0.7326180046304844
train_000989,9,0.39282988691930676,0.8897852952860427
train_000989,10,0.5678185150620266,0.5935884893038748
train_000989,11,0.6731250334150879,0.15205041777102726
train_000989,12,0.7974201289614324,-0.17173485134970876
train_000989,13,0.8252789726047547,0.10039742067898381
train_000989,14,0.8106729476783734,0.47804474933378194
train_000989,15,0.6843377963572799,-0.07123070232137683
train_000989,16,0.5003164416256052,0.49162975461772973
train_000989,17,0.2987609408922016,-0.36826514285570006
train_000989,18,0.10040888348401106,-0.3771725244017954
train_000989,19,0.0,-0.4295942125864443
train_000989,20,0.0,0.042950036340844
train_000989,21,0.0,0.352022343198088
train_000989,22,0.0,-0.05912208338663288
train_000989,23,0.0,-0.7652071695307774
train_000989,24,0.0,-0.4652876074275868
train_000990,1,0.0,0.7684890283936144
train_000990,2,0.0,0.8983901067250027
train_000990,3,0.0,0.9459210053882031
train_000990,4,0.0,0.5753669580703515
train_000990,5,0.0,0.20824096318145502
train_000990,6,0.0,0.9297846927044515
train_000990,7,0.06304654893120816,0.8594882368026804
train_000990,8,0.18348008674857857,0.40867384291316033
train_000990,9,0.33350405515804527,0.23233249833268965
train_000990,10,0.5346653924516742,0.4780524876638875
train_000990,11,0.6093706602532136,0.19485102455136533
train_000990,12,0.6142167707860935,-0.022750091781075857
train_000990,13,0.6922292451336454,-0.529685284538111
train_000990,14,0.7226698690917441,-0.2656318194668257
train_000990,15,0.6854210666377825,0.49795078259726433
train_000990,16,0.5231301583116323,-0.4446933405342823
train_000990,17,0.30698225437516313,0.31360518081900185
train_000990,18,0.10526508799474243,-0.6798973117937359
train_000990,19,0.0,0.00370220863964795
train_000990,20,0.0,-0.35256883540140277
train_000990,21,0.0,-0.2415357070992867
train_000990,22,0.0,-0.045980897113135896
train_000990,23,0.0,0.4875209091355345
train_000990,24,0.0,-0.32530533315714855
train_000991,1,0.0,0.9622125666813863
train_000991,2,0.0,0.9325598780475716
train_000991,3,0.0,0.9257284865566767
train_000991,4,0.0,0.7326092951393981
train_000991,5,0.0,0.8886238700598025
train_000991,6,0.0,0.9861382019268942
train_000991,7,0.03641333809305398,0.9590593709624667
train_000991,8,0.12006146950368578,0.8009449659177914
train_000991,9,0.2117138409143508,0.21761269748513443
train_000991,10,0.3400512749403682,0.7597326074076507
train_000991,11,0.45328996779682795,0.8996891033464515
train_000991,12,0.4233740585673005,0.8961781983672105
train_000991,13,0.45525964829080395,0.8685488821555113
train_000991,14,0.4360803525304079,0.6309380251366099
train_000991,15,0.3924296145948597,0.659125623026102
train_000991,16,0.28820770534233886,0.47833926367617785
train_000991,17,0.17270894226831035,0.18944930541500707
train_000991,18,0.052081647194672565,0.6011360286442365
train_000991,19,0.0,0.8345692124250698
train_000991,20,0.0,0.8865794226957353
train_000991,21,0.0,0.8990512712578618
train_000991,22,0.0,0.917608408193136
train_000991,23,0.0,0.9344643280136302
train_000991,24,0.0,0.6005397742358058
train_000992,1,0.0,-0.8597440782060888
train_000992,2,0.0,-0.9629904688378657
train_000992,3,0.0,-0.5830096083088134
train_000992,4,0.0,-0.8626438987119784
train_000992,5,0.0,-0.703820932964248
train_000992,6,0.0,-0.7920634961370322
train_000992,7,0.07156789271679559,-0.6446705766089167
train_000992,8,0.23057354255332535,-0.6960241995105707
train_000992,9,0.41489265219913074,-0.670250929490759
train_000992,10,0.5888072206591859,-0.39562984367770526
train_000992,11,0.7545077476219119,-0.2819590990994624
train_000992,12,0.8604210622287646,-0.4066855458363458
train_000992,13,0.9001182972125656,0.04024436719839786
train_000992,14,0.8054460133262734,0.15720286538714096
train_000992,15,0.6814846106232634,-0.3226360998728544
train_000992,16,0.5079033987295353,-0.07661302799885503
train_000992,17,0.29723862295439735,0.1677014888080447
train_000992,18,0.1075799791173101,0.7889518770266849
train_000992,19,0.0,0.8726444995201085
train_000992,20,0.0,0.8800595758583573
train_000992,21,0.0,0.5649105405158501
train_000992,22,0.0,0.27909173108421403
train_000992,23,0.0,-0.5114380426598164
train_000992,24,0.0,-0.8122573922417846
train_000993,1,0.0,-0.4636897875523589
train_000993,2,0.0,-0.28131307280621987
train_000993,3,0.0,0.7468423687001099
train_000993,4,0.0,0.786685603385459
train_000993,5,0.0,-0.15901124713952836
train_000993,6,0.0,0.05352372001789924
train_000993,7,0.05826189409879395,0.3958978122391966
train_000993,8,0.18009828882393955,0.13054364800197513
train_000993,9,0.34734534927830246,-0.12913791011832693
train_000993,10,0.44906895633572524,-0.03221176349333745
train_000993,11,0.5322861630144807,0.1985682785762335
train_000993,12,0.6506856941410122,-0.052871436058675274
train_000993,13,0.7869220903875691,-0.12221603659516786
train_000993,14,0.7751666155970458,-0.30472336171221215
train_000993,15,0.6821043927786288,0.1826674993783091
train_000993,16,0.49860507503651036,-0.23444791711051552
train_000993,17,0.30744665905408675,0.5636966360250776
train_000993,18,0.10459486744887027,-0.261369707731994
train_000993,19,0.0,0.044419026028015195
train_000993,20,0.0,0.4960938361574718
train_000993,21,0.0,0.22942026400916726
train_000993,22,0.0,0.05268841766108719
train_000993,23,0.0,0.06256960585755188
train_000993,24,0.0,-0.014659241807432942
train_000994,1,0.0,0.22123316850448352
train_000994,2,0.0,0.40579825940068165
train_000994,3,0.0,0.2968576715688105
train_000994,4,0.0,0.40050675901636384
train_000994,5,0.0,-0.3513463436513953
train_000994,6,0.0,0.14188528732969052
train_000994,7,0.0304685653955981,0.141254930770975
train_000994,8,0.11681759686540794,0.6572185181454838
train_000994,9,0.22745238616651683,0.7876964622834097
train_000994,10,0.3987707568121716,0.3000287424181724
train_000994,11,0.4378409508034896,-0.328260520699637
train_000994,12,0.5832378571183217,-0.49504680651511423
train_000994,13,0.5052921899305446,-0.8639184886628128
train_000994,14,0.4299497523680006,-0.9336981066707399
train_000994,15,0.3766311482652542,-0.836303518265731
train_000994,16,0.24059118991737094,-0.6177761794099343
train_000994,17,0.14718772655518342,-0.7084527807437206
train_000994,18,0.057909538753456766,-0.26418194835075304
train_000994,19,0.0,-0.7987337265402444
train_000994,20,0.0,-0.9656327572384603
train_000994,21,0.0,-0.9822965085719225
train_000994,22,0.0,-0.8668581809326346
train_000994,23,0.0,-0.6307821603416568
train_000994,24,0.0,-0.7040997828581008
train_000995,1,0.0,-0.23261958815949982
train_000995,2,0.0,-0.2920830754128125
train_000995,3,0.0,-0.23423929649734776
train_000995,4,0.0,-0.7104487092548895
train_000995,5,0.0,-0.036783768664116555
train_000995,6,0.0,0.5936469748438122
train_000995,7,0.05995057195819352,0.0692846549114603
train_000995,8,0.17654998307307124,0.7343812534709655
train_000995,9,0.3144678880774177,0.34115016079864685
train_000995,10,0.46925854673156353,0.12759285389273936
train_000995,11,0.6019544565905995,0.016768324436665195
train_000995,12,0.7106658124417168,0.3959780473990473
train_000995,13,0.7611163590724734,-0.32434838264308485
train_000995,14,0.7150117632091598,-0.6233506266219087
train_000995,15,0.580191958722472,-0.8504052781703606
train_000995,16,0.4657763732796255,-0.4215482729329702
train_000995,17,0.2914824536885582,0.6143353553185392
train_000995,18,0.10202023655091894,0.24765646879886896
train_000995,19,0.0,0.6992899554261829
train_000995,20,0.0,0.3409902296407242
train_000995,21,0.0,0.6632617206442997
train_000995,22,0.0,0.7674043272162265
train_000995,23,0.0,0.3498475632836056
train_000995,24,0.0,0.15910486818342595
train_000996,1,0.0,0.8197021479783548
train_000996,2,0.0,0.8156870063826944
train_000996,3,0.0,0.7434145203869253
train_000996,4,0.0,0.0837490428659636
train_000996,5,0.0,-0.22103835098404656
train_000996,6,0.0,-0.39172455701095776
train_000996,7,0.06206927761921579,-0.37982919331339254
train_000996,8,0.20611213066179282,-0.21843766416452692
train_000996,9,0.37694515768867615,-0.013169638156100458
train_000996,10,0.5064081684937971,-0.6236397628549157
train_000996,11,0.6758535615471217,0.4227663033459583
train_000996,12,0.7950270438875295,-0.18675975643217588
train_000996,13,0.864920574765756,0.033320423347687325
train_000996,14,0.8165738497276764,0.09922728576572569
train_000996,15,0.6948327711326729,0.007527285274125155
train_000996,16,0.5272943787497117,0.3734754966462113
train_000996,17,0.32897576883994123,0.34756851149925455
train_000996,18,0.10882666998536433,0.5752015782072287
train_000996,19,0.0,0.7027629343422827
train_000996,20,0.0,0.34366066497953346
train_000996,21,0.0,-0.2716445553264654
train_000996,22,0.0,-0.598196970759759
train_000996,23,0.0,0.03949981166796057
train_000996,24,0.0,-0.2822010582498963
train_000997,1,0.0,0.7318214854683758
train_000997,2,0.0,0.65644602987042
train_000997,3,0.0,0.00627362376080822
train_000997,4,0.0,-0.24300572396968378
train_000997,5,0.0,-0.6272692539179442
train_000997,6,0.0,-0.19956433249219588
train_000997,7,0.039653861155403196,-0.07724579508468199
train_000997,8,0.11964186999544107,-0.7578177997254906
train_000997,9,0.1643678318042211,-0.3701490961423957
train_000997,10,0.2819959416031953,-0.7770842227015519
train_000997,11,0.3955774214784928,-0.5209005755974867
train_000997,12,0.5019051781160098,0.2939427662081027
train_000997,13,0.5433725559046123,0.3238225375302156
train_000997,14,0.5152530466064508,-0.36230628943341653
train_000997,15,0.5597494517681957,-0.26943257306578416
train_000997,16,0.39764507403223087,-0.7066131238229986
train_000997,17,0.2429656974191329,-0.7218325382258715
train_000997,18,0.08298543291594411,-0.280942134190765
train_000997,19,0.0,0.0918569320679169
train_000997,20,0.0,0.4195190724843278
train_000997,21,0.0,0.3136312960301502
train_000997,22,0.0,0.07649595333326878
train_000997,23,0.0,0.0328109330283285
train_000997,24,0.0,-0.7014854793107668
train_000998,1,0.0,0.30458299158885904
train_000998,2,0.0,0.08780428922879327
train_000998,3,0.0,0.09695063230330044
train_000998,4,0.0,-0.03906328092740634
train_000998,5,0.0,-0.357101139645975
train_000998,6,0.0,-0.4051948128530508
train_000998,7,0.05235841005383601,-0.8898613406658005
train_000998,8,0.16121355170998986,-0.8644828391222398
train_000998,9,0.2782168285761332,-0.8779802821363951
train_000998,10,0.4162577161193756,-0.6515105494247677
train_000998,11,0.48549414749039926,-0.4063653463985121
train_000998,12,0.5836760561372849,-0.6163449402832847
train_000998,13,0.652992360099504,-0.8695910897400957
train_000998,14,0.6019820645600401,-0.8668142105657954
train_000998,15,0.4371447847470772,-0.74965917720385
train_000998,16,0.37101813386382826,-0.0876433314136389
train_000998,17,0.2589540601691477,-0.47655259070135914
train_000998,18,0.08032044447360019,-0.20325738796434759
train_000998,19,0.0,-0.8289800554952593
train_000998,20,0.0,-0.7716695310173536
train_000998,21,0.0,-0.7293765561563871
train_000998,22,0.0,-0.6390904431749374
train_000998,23,0.0,-0.06770581377341628
train_000998,24,0.0,-0.5051200759286313
train_000999,1,0.0,0.5200744380899116
train_000999,2,0.0,0.30621879071647345
train_000999,3,0.0,-0.3031264904230641
train_000999,4,0.0,-0.44721639295814647
train_000999,5,0.0,-0.651594367553711
train_000999,6,0.0,-0.5524065228036004
train_000999,7,0.05104338197002727,-0.9075273576536758
train_000999,8,0.15674534566962436,-0.9642391870464744
train_000999,9,0.26495827927277893,-0.8319125730685095
train_000999,10,0.3863865983799614,-0.7591666284609961
train_000999,11,0.4796571299752768,-0.6692304538314491
train_000999,12,0.550348642374044,-0.3089124451365442
train_000999,13,0.6678046265039596,0.01621770239843172
train_000999,14,0.5635258263828221,0.46824575850470906
train_000999,15,0.48213042436206144,0.4038127466790528
train_000999,16,0.3803963252812765,0.251138882585996
train_000999,17,0.24131063761667318,-0.5063745487682703
train_000999,18,0.08208773928387404,-0.18018778933248492
train_000999,19,0.0,0.06440381474990775
train_000999,20,0.0,-0.288082677755791
train_000999,21,0.0,0.16888999971834273
train_000999,22,0.0,0.26035156402326426
train_000999,23,0.0,0.6816821557126351
train_000999,24,0.0,0.8842030606369738
train_001000,1,0.0,-0.35197359665002237
train_001000,2,0.0,-0.09289957273867179
train_001000,3,0.0,-0.2911990958939799
train_001000,4,0.0,0.22031759712347534
train_001000,5,0.0,-0.41295165171974263
train_001000,6,0.0,-0.29570250759378125
train_001000,7,0.07353357901656761,-0.44779436879778545
train_001000,8,0.22699150758792316,0.5536030560729994
train_001000,9,0.40074121024758846,0.9083312309361444
train_001000,10,0.58168898523615,0.6564767583867552
train_001000,11,0.7571669259270927,0.8939023817681941
train_001000,12,0.8805887680110712,0.9622856228833996
train_001000,13,0.9167509169847922,0.9485254828611309
train_001000,14,0.8259590010872698,0.8911021013727195
train_001000,15,0.7178128623767585,0.6916753989771541
train_001000,16,0.5380097422083351,0.5845288892237442
train_001000,17,0.3277933387171662,0.527346728258379
train_001000,18,0.11198138676785088,0.827617891828507
train_001000,19,0.0,0.740918488937237
train_001000,20,0.0,0.7078842218219348
train_001000,21,0.0,0.8470081640941027
train_001000,22,0.0,0.39401032290170623
train_001000,23,0.0,0.5152341487292211
train_001000,24,0.0,0.7427875604718379
