id,t,pv_fraction,activation_signed
train_001401,1,0.0,-0.064071431992729
train_001401,2,0.0,-0.6744659238785463
train_001401,3,0.0,-0.08871466615652338
train_001401,4,0.0,-0.13971463950305113
train_001401,5,0.0,0.15680611921221466
train_001401,6,0.0,0.01918075106098778
train_001401,7,0.04110475541978039,-0.6686089024410656
train_001401,8,0.16631643087229103,-0.7848354047968422
train_001401,9,0.3375576270182953,-0.5481955009007823
train_001401,10,0.5733721606109325,0.47475845507616754
train_001401,11,0.7682627613144278,0.03812905866582745
train_001401,12,0.8848325750093572,0.14951945901004282
train_001401,13,0.9252591206352149,0.24168990400880178
train_001401,14,0.8398218226410781,-0.21898606923952027
train_001401,15,0.6884555940192167,0.2759347329256115
train_001401,16,0.506782155170266,0.3083378234146155
train_001401,17,0.29725430864177377,0.7598304014803898
train_001401,18,0.10450615811823863,0.347488160858998
train_001401,19,0.0,0.48999063838470014
train_001401,20,0.0,0.35999003001135005
train_001401,21,0.0,0.32116074710274706
train_001401,22,0.0,-0.5464114922968522
train_001401,23,0.0,-0.27681367199214635
train_001401,24,0.0,-0.4412500596401315
train_001402,1,0.0,-0.3349499555226616
train_001402,2,0.0,0.42191401445070587
train_001402,3,0.0,0.3209947607323279
train_001402,4,0.0,0.23787724323497939
train_001402,5,0.0,-0.07300471744803017
train_001402,6,0.0,-0.16125116150055446
train_001402,7,0.03840857534177773,0.5502072986095013
train_001402,8,0.15770398911270136,0.7895691868453018
train_001402,9,0.32875373868221147,0.7330607586624287
train_001402,10,0.5284407116141131,0.5947770065469096
train_001402,11,0.6967797202824273,0.7493449772726086
train_001402,12,0.843913383530821,0.387145127043122
train_001402,13,0.8729404379426136,-0.26362708514411537
train_001402,14,0.8252230488482561,0.06935681663714714
train_001402,15,0.6994615689760554,-0.15546025671370212
train_001402,16,0.5349143432311931,0.5957563248399631
train_001402,17,0.30961233800852117,0.6678004694708772
train_001402,18,0.09908885186332878,0.9186125294094311
train_001402,19,0.0,0.7997525027106553
train_001402,20,0.0,-0.3913287584263388
train_001402,21,0.0,-0.5965247409668557
train_001402,22,0.0,-0.8776713793427768
train_001402,23,0.0,-0.8633079690377904
train_001402,24,0.0,-0.6727061247705193
train_001403,1,0.0,0.00509631383521474
train_001403,2,0.0,-0.23854554917383602
train_001403,3,0.0,-0.306771450037513
train_001403,4,0.0,-0.14200515650137482
train_001403,5,0.0,0.3561215330451042
train_001403,6,0.0,0.647289404462263
train_001403,7,0.04200023688481344,0.5155926419692003
train_001403,8,0.15753540255067938,0.1113801381936964
train_001403,9,0.3567764602789554,0.571738640368872
train_001403,10,0.6096468040986367,-0.1134873954496532
train_001403,11,0.792070303827309,-0.268654808142667
train_001403,12,0.8690025194649295,-0.5006152030569981
train_001403,13,0.9058084057676798,-0.8383500423864891
train_001403,14,0.8582996273259603,-0.578035040623204
train_001403,15,0.7146202037154888,-0.6755182400901685
train_001403,16,0.5351879938841734,-0.8861890207245864
train_001403,17,0.3147857337172399,-0.5578315930751024
train_001403,18,0.10631942949987053,-0.3626853174210639
train_001403,19,0.0,0.007460028433378379
train_001403,20,0.0,0.10480181468597165
train_001403,21,0.0,-0.7287092969182847
train_001403,22,0.0,-0.7393640958949068
train_001403,23,0.0,-0.8708319090932447
train_001403,24,0.0,-0.7567451253027797
train_001404,1,0.0,0.8479983302775169
train_001404,2,0.0,0.9240743188886273
train_001404,3,0.0,0.7979190267003018
train_001404,4,0.0,0.6996510716602409
train_001404,5,0.0,-0.3878573908684443
train_001404,6,0.0,-0.3625561823046153
train_001404,7,0.03998956958926952,0.1042025726100041
train_001404,8,0.15544121495193497,-0.32250662804488667
train_001404,9,0.3155594463313662,0.3083421233476286
train_001404,10,0.5107240593449276,0.5227828607919374
train_001404,11,0.6887440930064648,0.21502993444792115
train_001404,12,0.7947405528427739,0.3957631815980498
train_001404,13,0.8509796277089767,0.44551934121914233
train_001404,14,0.8237915939656406,-0.27698174821956173
train_001404,15,0.705844231434382,0.10191972299491993
train_001404,16,0.5295904453513285,0.37743867433441064
train_001404,17,0.29961660682845814,-0.2745731466794024
train_001404,18,0.10247392420896498,-0.6542924156399287
train_001404,19,0.0,-0.7546128611226157
train_001404,20,0.0,-0.7075491816421815
train_001404,21,0.0,-0.7017605004277652
train_001404,22,0.0,0.01187525928450184
train_001404,23,0.0,0.3428267302394896
train_001404,24,0.0,0.19171961354389347
train_001405,1,0.0,0.846529578165549
train_001405,2,0.0,0.5293056758102499
train_001405,3,0.0,-0.5246416475184916
train_001405,4,0.0,-0.4857285164393802
train_001405,5,0.0,-0.7704171126558162
train_001405,6,0.0,-0.5427182286005422
train_001405,7,0.02776197474225058,0.3151188191176801
train_001405,8,0.10776290556997432,-0.07658457761348919
train_001405,9,0.24872040920150057,0.5088025898942992
train_001405,10,0.40820505031768983,0.5681301471300435
train_001405,11,0.5597238251466544,0.7510464291929467
train_001405,12,0.5552102951928642,0.19687678516087792
train_001405,13,0.5199601342298201,-0.3855732900890092
train_001405,14,0.551591854559967,0.21787906881069136
train_001405,15,0.5129072547263237,0.5548266026707106
train_001405,16,0.344289210561304,0.7449166715942193
train_001405,17,0.22990324368124107,0.7954978865245214
train_001405,18,0.0823808570704941,0.3269116911927854
train_001405,19,0.0,0.21097065373481358
train_001405,20,0.0,0.8312401956425571
train_001405,21,0.0,0.6541685555358432
train_001405,22,0.0,0.914658332557544
train_001405,23,0.0,0.41561071201442795
train_001405,24,0.0,-0.2935390513198185
train_001406,1,0.0,-0.03243216113643692
train_001406,2,0.0,-0.33079175331573335
train_001406,3,0.0,-0.4798845572577167
train_001406,4,0.0,-0.4479225395658251
train_001406,5,0.0,-0.6385441977419144
train_001406,6,0.0,0.526522953909546
train_001406,7,0.02759805694209725,0.4755577720211712
train_001406,8,0.10769025173365437,0.13405914137447
train_001406,9,0.24269500050682177,-0.6644354337384826
train_001406,10,0.4570265978941372,-0.7564517758260529
train_001406,11,0.5908170027235197,-0.5734361752325252
train_001406,12,0.6990377605489997,-0.6144661490769305
train_001406,13,0.6805035191011541,-0.6734133729149299
train_001406,14,0.700686411351687,-0.7744238563878941
train_001406,15,0.6353148641242594,-0.8230529772538868
train_001406,16,0.4410382047630479,-0.5250793216570231
train_001406,17,0.21336542145777268,0.27877462538486375
train_001406,18,0.08501313757322401,-0.7020672767104283
train_001406,19,0.0,-0.08640002088615037
train_001406,20,0.0,-0.280578223124936
train_001406,21,0.0,-0.3779469900527735
train_001406,22,0.0,0.750960371637206
train_001406,23,0.0,0.6520704366630323
train_001406,24,0.0,0.9382920369946313
train_001407,1,0.0,-0.0558427348662432
train_001407,2,0.0,0.038580540252374944
train_001407,3,0.0,0.7280818368247737
train_001407,4,0.0,0.7472024374245587
train_001407,5,0.0,0.27632655885620905
train_001407,6,0.0,0.7664805934426618
train_001407,7,0.042479369069604235,0.21378408124261147
train_001407,8,0.17655175689830377,0.25316819602401436
train_001407,9,0.3518002810791779,0.012449045707936614
train_001407,10,0.5631121782083521,0.7946306573275248
train_001407,11,0.6962101068252816,0.9053142831142823
train_001407,12,0.7431142937412178,0.9736940844219756
train_001407,13,0.7899102602290995,0.879005931997586
train_001407,14,0.6968765677612456,0.6662507615560689
train_001407,15,0.6444918232545279,0.7925308867845443
train_001407,16,0.4683778850088858,0.25860903475792824
train_001407,17,0.2657898817133585,0.5759903995575313
train_001407,18,0.08912655657393738,0.7089488508995729
train_001407,19,0.0,0.5005798428845479
train_001407,20,0.0,0.8369530269208294
train_001407,21,0.0,0.842552765257633
train_001407,22,0.0,0.3346096819489741
train_001407,23,0.0,0.7063151920340578
train_001407,24,0.0,0.633519591354325
train_001408,1,0.0,0.23250767704891437
train_001408,2,0.0,-0.43443465270293996
train_001408,3,0.0,-0.7181335892638463
train_001408,4,0.0,0.20040122329311982
train_001408,5,0.0,0.5964626345212689
train_001408,6,0.0,0.7962826868970679
train_001408,7,0.04262851186598096,0.6580214625024461
train_001408,8,0.17437218732680787,0.6921141573715043
train_001408,9,0.3412616093455736,0.8870604242953668
train_001408,10,0.5650569365788802,0.8500917958811256
train_001408,11,0.6716051016587998,0.93229007640394
train_001408,12,0.7590043414211309,-0.47145139149781157
train_001408,13,0.8164222291872222,-0.7271254873951641
train_001408,14,0.8047984042366281,-0.30616264842330637
train_001408,15,0.6692479050077906,-0.7830527057075207
train_001408,16,0.5151980488457109,-0.5046869265613336
train_001408,17,0.31413111186352116,-0.07934557248834322
train_001408,18,0.10415527911627634,-0.29588248237584514
train_001408,19,0.0,-0.22427159975323183
train_001408,20,0.0,0.33479698318227774
train_001408,21,0.0,0.5524585687785961
train_001408,22,0.0,0.19056844384799346
train_001408,23,0.0,-0.2831793318399983
train_001408,24,0.0,-0.5776007341152469
train_001409,1,0.0,0.10320800137766893
train_001409,2,0.0,-0.13707258596401287
train_001409,3,0.0,-0.2811276376420972
train_001409,4,0.0,0.032781152194872924
train_001409,5,0.0,-0.6734351586402436
train_001409,6,0.0,-0.22941568000391815
train_001409,7,0.04333278805267299,-0.8488886203628518
train_001409,8,0.17265128428240756,0.4327039644694858
train_001409,9,0.3407171422416144,-0.8166226928479362
train_001409,10,0.5443343006337866,-0.6626092539681883
train_001409,11,0.6853211576106656,-0.9072526107094186
train_001409,12,0.7452870504420366,-0.5457813092152233
train_001409,13,0.7441803430996425,-0.03612065705075885
train_001409,14,0.677692368740114,-0.23662961284148223
train_001409,15,0.6362007254090795,0.4431293540416428
train_001409,16,0.46396408387933674,0.5066223834326309
train_001409,17,0.28429100643415095,0.030223584119936375
train_001409,18,0.09966713384461463,-0.03750129131551938
train_001409,19,0.0,0.6126946996116966
train_001409,20,0.0,0.6506837624069182
train_001409,21,0.0,0.8359374112641182
train_001409,22,0.0,0.35550245191372465
train_001409,23,0.0,0.4989850869193265
train_001409,24,0.0,0.5721770413163213
train_001410,1,0.0,0.8199789515580626
train_001410,2,0.0,0.8289843772337706
train_001410,3,0.0,0.7895368877539191
train_001410,4,0.0,0.793929207950727
train_001410,5,0.0,0.034740553833532875
train_001410,6,0.0,-0.3697950905434844
train_001410,7,0.03151934512845669,0.16316849371187844
train_001410,8,0.12841495086426857,0.0026755683336919835
train_001410,9,0.25096060666244835,0.40725101559253446
train_001410,10,0.4112795596427547,0.5509684570462425
train_001410,11,0.47556065798364294,0.25260863967057473
train_001410,12,0.5612045907895876,-0.8736164644136137
train_001410,13,0.6071460393961938,-0.6765774372586643
train_001410,14,0.4380080758461174,-0.6151356895565926
train_001410,15,0.4549433175507984,-0.37657451426011707
train_001410,16,0.37495553738896703,-0.4442395359997251
train_001410,17,0.21923299826510517,-0.6080409937852154
train_001410,18,0.08474678349425639,-0.0770065180279192
train_001410,19,0.0,0.3290846981028053
train_001410,20,0.0,0.461068237923004
train_001410,21,0.0,0.4914848380200295
train_001410,22,0.0,0.25536723711161396
train_001410,23,0.0,0.5597010223285706
train_001410,24,0.0,0.12715028918263035
train_001411,1,0.0,-0.1838598686713506
train_001411,2,0.0,-0.375590163699588
train_001411,3,0.0,-0.6638539007003393
train_001411,4,0.0,-0.4173000772975131
train_001411,5,0.0,-0.2609992191047968
train_001411,6,0.0,-0.7025438282552751
train_001411,7,0.0457322634931589,-0.5352073438715292
train_001411,8,0.18680561491376924,-0.6262797525568646
train_001411,9,0.37629586390361175,0.07582281349125719
train_001411,10,0.591691610523929,-0.8240464660365823
train_001411,11,0.771160700490652,-0.13052234505372645
train_001411,12,0.8747711604112262,-0.36540866030562175
train_001411,13,0.9375884156956856,-0.5121260820602753
train_001411,14,0.8825232174307999,-0.6975822522666209
train_001411,15,0.7079857508073104,-0.9452123653708222
train_001411,16,0.5246536256640489,-0.8977099181164948
train_001411,17,0.303621624131755,-0.9025994886396093
train_001411,18,0.10302755381598148,-0.5902757105021603
train_001411,19,0.0,-0.8853046696401086
train_001411,20,0.0,-0.9720212012766336
train_001411,21,0.0,-0.9306077736673375
train_001411,22,0.0,-0.9640679322845815
train_001411,23,0.0,-0.7570153674893791
train_001411,24,0.0,-0.8921254134839074
train_001412,1,0.0,0.05316022085472111
train_001412,2,0.0,0.509320762749257
train_001412,3,0.0,-0.6124779825727726
train_001412,4,0.0,-0.34719146195802114
train_001412,5,0.0,-0.8401434287029426
train_001412,6,0.0,-0.8862212107633117
train_001412,7,0.030051003518954414,-0.5640766906470039
train_001412,8,0.12361768640172716,-0.29855095108891005
train_001412,9,0.23494832868230234,0.009239968294699754
train_001412,10,0.31274960537418917,0.26729642239132095
train_001412,11,0.35683856115749235,0.5915066872228917
train_001412,12,0.4043982809732144,0.17811708457524247
train_001412,13,0.5019798488746323,-0.33961302881107763
train_001412,14,0.439104539316828,-0.6441002477051172
train_001412,15,0.45914951621686484,-0.18367661387590395
train_001412,16,0.3726466835713355,0.32193098486046134
train_001412,17,0.22479711037567268,0.2771531884532852
train_001412,18,0.08127132147449505,-0.3186044773412595
train_001412,19,0.0,-0.13988379073313756
train_001412,20,0.0,0.1434216781307959
train_001412,21,0.0,-0.10092778580429683
train_001412,22,0.0,-0.33783511273877864
train_001412,23,0.0,-0.22842213225333607
train_001412,24,0.0,-0.5036696427942287
train_001413,1,0.0,-0.7840873281157106
train_001413,2,0.0,-0.6919796472552678
train_001413,3,0.0,-0.919621754330305
train_001413,4,0.0,-0.9015355203751905
train_001413,5,0.0,-0.6589721754966271
train_001413,6,0.0,-0.6221232399160223
train_001413,7,0.041008242984488956,-0.515402354833351
train_001413,8,0.1606231933820408,-0.8731504353638562
train_001413,9,0.293421355055094,-0.5745653918327905
train_001413,10,0.4966990899904457,-0.49153602969079
train_001413,11,0.6500987219068811,0.6369771777225421
train_001413,12,0.7576345345188927,0.7112508882044419
train_001413,13,0.8418853255813167,0.3654251588669324
train_001413,14,0.793874726768738,-0.4497908315958124
train_001413,15,0.6806801578094839,-0.24276427056175534
train_001413,16,0.5204866971817309,-0.5620520883584559
train_001413,17,0.2967876537287211,-0.8615466193518855
train_001413,18,0.09847572679156244,-0.7799588702417659
train_001413,19,0.0,-0.30600681534146695
train_001413,20,0.0,0.07674011054048019
train_001413,21,0.0,-0.6289561937311141
train_001413,22,0.0,-0.5345504852187992
train_001413,23,0.0,-0.1484367225058183
train_001413,24,0.0,0.7429628571950433
train_001414,1,0.0,0.5696410707047638
train_001414,2,0.0,0.3072718743793151
train_001414,3,0.0,0.06404755145931272
train_001414,4,0.0,-0.3797875910357904
train_001414,5,0.0,-0.8771451894409281
train_001414,6,0.0,-0.7795712871029182
train_001414,7,0.04248878783288278,-0.7007485718309693
train_001414,8,0.17284432320414467,-0.7275127271845989
train_001414,9,0.3242021869251876,-0.5600744174671277
train_001414,10,0.5142173705294698,-0.33773945828648616
train_001414,11,0.6437251593113302,-0.6368045438820635
train_001414,12,0.7413855324744674,-0.5902358369263131
train_001414,13,0.7867205002929603,-0.28819709937272775
train_001414,14,0.761845888431227,0.39528183018502383
train_001414,15,0.654453819908503,-0.4795901331013862
train_001414,16,0.5040207812951931,-0.9348006299322242
train_001414,17,0.2912440499473911,-0.8509717531561778
train_001414,18,0.09995596043813078,-0.7730444838658657
train_001414,19,0.0,-0.7974566767297904
train_001414,20,0.0,-0.7540226961486971
train_001414,21,0.0,-0.05499966264428328
train_001414,22,0.0,0.7433162629372836
train_001414,23,0.0,0.7045995063388972
train_001414,24,0.0,0.6731059749987549
train_001415,1,0.0,0.9202002193462976
train_001415,2,0.0,0.882685880426949
train_001415,3,0.0,0.6941180776254094
train_001415,4,0.0,0.7937815253337379
train_001415,5,0.0,0.7136724115956556
train_001415,6,0.0,-0.3191388794492724
train_001415,7,0.0449723441306722,-0.32004331354272786
train_001415,8,0.1805663178336551,0.4567341353008647
train_001415,9,0.3650940914868632,0.8808246850302106
train_001415,10,0.5919214423011296,0.9171510088893957
train_001415,11,0.7426121725984233,0.4352095414657577
train_001415,12,0.8226455145701095,0.733864613919798
train_001415,13,0.8603137086809501,0.3982457804537344
train_001415,14,0.8731093254079364,0.3972402015180071
train_001415,15,0.7171322269267568,0.03837416749929058
train_001415,16,0.5120756907988484,0.5099715675965872
train_001415,17,0.29053569697029685,0.21995393130031354
train_001415,18,0.09535586252310255,0.3392298379757457
train_001415,19,0.0,-0.08999468504091165
train_001415,20,0.0,-0.5524718473883798
train_001415,21,0.0,-0.6654921304352176
train_001415,22,0.0,0.5055270864325281
train_001415,23,0.0,0.34824148475218153
train_001415,24,0.0,0.5897314569018055
train_001416,1,0.0,0.5317691913012856
train_001416,2,0.0,0.28827150126677387
train_001416,3,0.0,0.13348689601967975
train_001416,4,0.0,0.5637820971501817
train_001416,5,0.0,0.1662723855538955
train_001416,6,0.0,0.3109095808790519
train_001416,7,0.044956624792511016,-0.3366760110736694
train_001416,8,0.1825900416600668,0.1169699830266336
train_001416,9,0.353494199215036,0.5131319063901408
train_001416,10,0.5638804274414262,0.7185766594855374
train_001416,11,0.7321599578612343,0.4835731619932513
train_001416,12,0.8064572344612365,-0.03444052801690277
train_001416,13,0.8433169995614312,-0.5499352346646584
train_001416,14,0.8024375939566296,-0.02917514057156645
train_001416,15,0.6837404768271731,-0.46293288676756383
train_001416,16,0.5114959708718317,0.45789454127463436
train_001416,17,0.2710729513356099,0.7165436762421742
train_001416,18,0.09921229322126948,0.660653353476645
train_001416,19,0.0,0.2809954033427121
train_001416,20,0.0,0.16694948443877167
train_001416,21,0.0,0.5870487346377224
train_001416,22,0.0,0.7504215964465644
train_001416,23,0.0,0.5327848377685993
train_001416,24,0.0,0.2183398933536072
train_001417,1,0.0,-0.6586555115322998
train_001417,2,0.0,-0.09275687094134044
train_001417,3,0.0,-0.6921084538113043
train_001417,4,0.0,-0.3057804784031525
train_001417,5,0.0,-0.6015471396756344
train_001417,6,0.0,0.15283341557925328
train_001417,7,0.039311579398188544,-0.40783759858576396
train_001417,8,0.15380503300944753,-0.799499054757646
train_001417,9,0.282388154402501,0.44083354031568217
train_001417,10,0.5176193639679683,0.5733083515217818
train_001417,11,0.6949150798120187,0.4322368958634394
train_001417,12,0.7784900511600766,0.7287763512615191
train_001417,13,0.807199407360122,-0.15376590867627613
train_001417,14,0.7566142951035686,0.6721300335552356
train_001417,15,0.6716801514634201,0.6960747987326248
train_001417,16,0.46826572989196147,0.4434693925825923
train_001417,17,0.2674323565799789,0.866880015331155
train_001417,18,0.09543993302852659,0.7995304628598068
train_001417,19,0.0,0.6145691030727065
train_001417,20,0.0,0.4599948572789829
train_001417,21,0.0,0.4590978732468532
train_001417,22,0.0,-0.23244856108154804
train_001417,23,0.0,-0.14235540116290257
train_001417,24,0.0,0.09144833446038857
train_001418,1,0.0,-0.10580085570801323
train_001418,2,0.0,-0.7776325742493173
train_001418,3,0.0,-0.7939387821339272
train_001418,4,0.0,-0.005575093923141798
train_001418,5,0.0,-0.8331643654974372
train_001418,6,0.0,-0.776275685641659
train_001418,7,0.04660927622773264,-0.43986888744134844
train_001418,8,0.18460917662568943,0.7961971137804975
train_001418,9,0.36061515955302853,0.38392131289364195
train_001418,10,0.5824683078960167,0.5737116663452899
train_001418,11,0.7548149080243417,0.9303523367701718
train_001418,12,0.8471485656280071,0.5634883165613724
train_001418,13,0.8963743617059561,0.6036850617004765
train_001418,14,0.8338902612490012,0.05370186439743319
train_001418,15,0.6782143655419737,0.18188692353192285
train_001418,16,0.4931629802584175,0.4081208920427441
train_001418,17,0.2764251484944482,0.44578315210138547
train_001418,18,0.10282460917856275,0.44760987551972564
train_001418,19,0.0,0.481167203481778
train_001418,20,0.0,-0.45855802678436
train_001418,21,0.0,-0.6829810490668033
train_001418,22,0.0,-0.15339616026699948
train_001418,23,0.0,-0.021853391908490703
train_001418,24,0.0,-0.33153763601043934
train_001419,1,0.0,-0.8324822295434149
train_001419,2,0.0,-0.5875708420861121
train_001419,3,0.0,-0.25860016394535046
train_001419,4,0.0,-0.37999446420181116
train_001419,5,0.0,-0.2798202109087187
train_001419,6,0.0,-0.4998608886762296
train_001419,7,0.046243503279854596,0.04380583044080631
train_001419,8,0.1834865561217192,0.43043354189358174
train_001419,9,0.3657805730671148,0.6452313985801708
train_001419,10,0.5764264936820991,0.4803811509206162
train_001419,11,0.7228532717002075,0.15992258720651364
train_001419,12,0.8581760163227612,0.8265645856897406
train_001419,13,0.8535041493884596,0.6753176548972217
train_001419,14,0.8502232541394505,0.16900441991201995
train_001419,15,0.7298061037632878,0.46996771352726885
train_001419,16,0.552981464041219,0.2611012585092658
train_001419,17,0.32480657204183677,0.3875368714771168
train_001419,18,0.11097232805403526,0.14313281832868413
train_001419,19,0.0,-0.5294722869321715
train_001419,20,0.0,-0.8045786033501402
train_001419,21,0.0,-0.9840643244371846
train_001419,22,0.0,-0.9868930714541843
train_001419,23,0.0,-0.9874247845349208
train_001419,24,0.0,-0.9877554454460259
train_001420,1,0.0,-0.8020311096252182
train_001420,2,0.0,-0.7612179567899326
train_001420,3,0.0,-0.8635262436001747
train_001420,4,0.0,-0.8997567083311471
train_001420,5,0.0,-0.8165595074584757
train_001420,6,0.0,-0.8780907561383724
train_001420,7,0.042804459748361744,-0.4614779839216552
train_001420,8,0.1690440637938657,-0.6126603238954111
train_001420,9,0.35228353003478025,0.2045825112439841
train_001420,10,0.5820936285427274,0.29826946311879404
train_001420,11,0.7837731280713089,-0.6553143670509428
train_001420,12,0.8932393944384773,0.2986373871006484
train_001420,13,0.9312571814411146,0.4108062742190576
train_001420,14,0.9057319603320845,0.6373118023144906
train_001420,15,0.7568795315410326,-0.20674152991341646
train_001420,16,0.5674122442807018,0.13480483909699223
train_001420,17,0.3251463139907613,0.529596718654598
train_001420,18,0.11237159286167933,0.20045759539237534
train_001420,19,0.0,-0.3572443325638649
train_001420,20,0.0,0.5574995228612292
train_001420,21,0.0,0.30644567430392217
train_001420,22,0.0,0.5089861420629281
train_001420,23,0.0,0.7894621756120979
train_001420,24,0.0,0.7468133996390608
train_001421,1,0.0,-0.5422024716847229
train_001421,2,0.0,-0.3481791551196036
train_001421,3,0.0,-0.5018585175013321
train_001421,4,0.0,0.46563351695754074
train_001421,5,0.0,0.3439081320555416
train_001421,6,0.0,-0.17468277470059923
train_001421,7,0.03777093746091564,-0.38093520183213647
train_001421,8,0.16574619343523544,-0.07570676997140775
train_001421,9,0.33727195839735197,0.07495743709424682
train_001421,10,0.5575571476422646,-0.153119857818505
train_001421,11,0.6911264209830754,-0.745869473228406
train_001421,12,0.7445398146354342,-0.9536184165886682
train_001421,13,0.8058923877824291,-0.946895084587116
train_001421,14,0.8005379785934224,-0.8601024215907831
train_001421,15,0.631833724284784,-0.33669663849148407
train_001421,16,0.5055413786252144,-0.33483096679239693
train_001421,17,0.30396398902736516,-0.19649633994298438
train_001421,18,0.10889381639905298,-0.1888572585828935
train_001421,19,0.0,-0.3749225961015381
train_001421,20,0.0,-0.4969638312729675
train_001421,21,0.0,-0.6890961316321718
train_001421,22,0.0,-0.8274997514125686
train_001421,23,0.0,-0.6222261392552249
train_001421,24,0.0,-0.2807728576538396
train_001422,1,0.0,-0.7486131567359326
train_001422,2,0.0,-0.5397888530492005
train_001422,3,0.0,-0.02507778050594448
train_001422,4,0.0,0.4300082866631988
train_001422,5,0.0,-0.0571705418420383
train_001422,6,0.0,-0.4067423284640465
train_001422,7,0.035223267586452826,-0.615000269525652
train_001422,8,0.1595683943494946,-0.8157071439746668
train_001422,9,0.3449069263509159,0.3559103721955328
train_001422,10,0.5746229475613007,0.5354701831197388
train_001422,11,0.7811794760094974,0.4967226116655322
train_001422,12,0.8822526747423424,-0.15537950180932067
train_001422,13,0.9264497853778314,-0.14544440389571156
train_001422,14,0.8769261110391865,-0.3871310070259609
train_001422,15,0.7401998945094538,-0.2529810107071051
train_001422,16,0.5513922401776306,-0.38154938650340253
train_001422,17,0.32120972232703016,0.025066487681497145
train_001422,18,0.10702378895705125,-0.058467962053666035
train_001422,19,0.0,-0.5004026130161687
train_001422,20,0.0,-0.7675349115618633
train_001422,21,0.0,-0.3914861043178401
train_001422,22,0.0,0.6187817392325115
train_001422,23,0.0,0.4702111238047203
train_001422,24,0.0,-0.15958855299557984
train_001423,1,0.0,0.710883445797994
train_001423,2,0.0,0.9586434625585583
train_001423,3,0.0,0.8001717680862467
train_001423,4,0.0,0.14438374497815826
train_001423,5,0.0,0.731534136676089
train_001423,6,0.0,0.6794118324934177
train_001423,7,0.04443537118706505,0.6191440326719835
train_001423,8,0.18175069169524555,-0.2589067134553096
train_001423,9,0.3786863674448807,-0.588772159649504
train_001423,10,0.5832761150058093,-0.7165273831289483
train_001423,11,0.7426083970382946,-0.6711432282067149
train_001423,12,0.7849993621185771,-0.5864683535430069
train_001423,13,0.8222426075191126,-0.6016059386551449
train_001423,14,0.8038091107479846,-0.8358978270572043
train_001423,15,0.6889328832656509,-0.756527201887535
train_001423,16,0.5008958551408367,-0.5392816211443574
train_001423,17,0.2754045062657539,0.25444653048156085
train_001423,18,0.0993926996774855,0.6304625022731094
train_001423,19,0.0,0.6739522337167568
train_001423,20,0.0,0.9197025734338797
train_001423,21,0.0,0.9096468451744948
train_001423,22,0.0,0.9158577644455169
train_001423,23,0.0,0.5007326920937607
train_001423,24,0.0,-0.38967530395300287
train_001424,1,0.0,-0.3798107666590017
train_001424,2,0.0,0.34703859168534434
train_001424,3,0.0,0.5425238580718279
train_001424,4,0.0,0.14309663609251327
train_001424,5,0.0,0.10007624394912674
train_001424,6,0.0,0.6978972408419049
train_001424,7,0.04421949644312432,0.8434836193699058
train_001424,8,0.16048334440105105,0.1978772309370651
train_001424,9,0.33442493594005274,0.04254409196544053
train_001424,10,0.5432837932054986,-0.6903432449068672
train_001424,11,0.6945005940842094,-0.6263582625720925
train_001424,12,0.722829672937631,-0.8943533656584111
train_001424,13,0.75576101125387,-0.5968019115500313
train_001424,14,0.6319065502969945,-0.9108083505543311
train_001424,15,0.5089334625284225,-0.8112006669520804
train_001424,16,0.36027079991125377,-0.7804600667055159
train_001424,17,0.2103988266372381,-0.8562250941518946
train_001424,18,0.07209833667460658,-0.6111354802055327
train_001424,19,0.0,-0.07318839668793556
train_001424,20,0.0,-0.09279211478256168
train_001424,21,0.0,0.174282334598421
train_001424,22,0.0,-0.632754432080242
train_001424,23,0.0,-0.08486425633449003
train_001424,24,0.0,-0.6852598591330368
train_001425,1,0.0,0.054488025951366495
train_001425,2,0.0,0.6142993489653539
train_001425,3,0.0,0.7370217657003402
train_001425,4,0.0,0.8607275921380203
train_001425,5,0.0,0.5756785490952222
train_001425,6,0.0,0.8092767559111465
train_001425,7,0.04599108860902726,0.3249605345863147
train_001425,8,0.17454356685875025,0.6243867225160824
train_001425,9,0.3546515889806081,0.020962254958273262
train_001425,10,0.581494124792948,0.25067506705770304
train_001425,11,0.7486997557073276,-0.03903942467728628
train_001425,12,0.8335036557121257,-0.256440048024347
train_001425,13,0.8536540958233079,0.5901930369075568
train_001425,14,0.8183697769182169,0.8467439029838648
train_001425,15,0.6915140176377529,0.8492925413016245
train_001425,16,0.47784419552207275,0.7487822960843389
train_001425,17,0.27964049326534784,-0.2557148830421151
train_001425,18,0.09909179170126332,0.043701879587118145
train_001425,19,0.0,-0.2758379800131615
train_001425,20,0.0,0.10866358143085787
train_001425,21,0.0,0.7160800324855154
train_001425,22,0.0,0.05075336259985269
train_001425,23,0.0,0.4917725382311341
train_001425,24,0.0,-0.14533702051030742
train_001426,1,0.0,-0.28947698685304646
train_001426,2,0.0,0.3267834066006864
train_001426,3,0.0,0.8761249960205204
train_001426,4,0.0,0.9364007888096479
train_001426,5,0.0,0.969795815975335
train_001426,6,0.0,0.6272166898029666
train_001426,7,0.038259206776492874,0.7883914587324309
train_001426,8,0.1578728154922333,0.3659366624912691
train_001426,9,0.3186713710323358,0.6882666776253273
train_001426,10,0.4835371468612339,0.33073727817061815
train_001426,11,0.6856603956453674,0.2623359264280886
train_001426,12,0.7321449968176343,-0.15740472284369297
train_001426,13,0.7622647558620104,-0.3391932392253406
train_001426,14,0.7422886101618807,-0.8983820385672849
train_001426,15,0.6612775649926348,-0.5562201978650034
train_001426,16,0.4675949462854813,0.6726920894574158
train_001426,17,0.28626806379931125,0.8583876392307052
train_001426,18,0.10614287837528692,0.6544197018428763
train_001426,19,0.0,0.519098641486107
train_001426,20,0.0,0.07709520950609533
train_001426,21,0.0,-0.08648907304876943
train_001426,22,0.0,-0.1287422307102507
train_001426,23,0.0,0.7433691245299157
train_001426,24,0.0,-0.3463111459669789
train_001427,1,0.0,-0.9783915552620175
train_001427,2,0.0,-0.9923000660839341
train_001427,3,0.0,-0.9705138396855688
train_001427,4,0.0,-0.8579014287830662
train_001427,5,0.0,-0.5418891303816437
train_001427,6,0.0,-0.48234357975632813
train_001427,7,0.0385967886384542,-0.3055115334092673
train_001427,8,0.15041634794842296,-0.17140137288149482
train_001427,9,0.297669312596574,0.4062044924018089
train_001427,10,0.43402950954738895,-0.09271320630748124
train_001427,11,0.6344749288729806,-0.8179846459185155
train_001427,12,0.7213495352743019,-0.8033585997329157
train_001427,13,0.7310402604578213,-0.18257057906171378
train_001427,14,0.7091521535494602,-0.23450668157101337
train_001427,15,0.5891656926992909,-0.32823727219543747
train_001427,16,0.46521106467988527,-0.8602006502330417
train_001427,17,0.29362326420272117,-0.36101320398548836
train_001427,18,0.10353809578546322,0.3564999578378673
train_001427,19,0.0,-0.409581648993939
train_001427,20,0.0,-0.6564730791658768
train_001427,21,0.0,-0.49873686263590933
train_001427,22,0.0,-0.6797772057676496
train_001427,23,0.0,-0.78083767284827
train_001427,24,0.0,-0.35553581009598406
train_001428,1,0.0,0.5778511606672176
train_001428,2,0.0,0.37236579894718586
train_001428,3,0.0,-0.11205456333728438
train_001428,4,0.0,-0.09141876181102435
train_001428,5,0.0,-0.0952240310657755
train_001428,6,0.0,0.7787894312692477
train_001428,7,0.04547279272156218,-0.47636635363677904
train_001428,8,0.18207950340714454,0.2924314028064476
train_001428,9,0.36110956730692423,0.24680510554328802
train_001428,10,0.5665602764409164,0.15790288457374382
train_001428,11,0.762034719834017,-0.07981688811550153
train_001428,12,0.8689446302481908,-0.04357841760775552
train_001428,13,0.8900586360875726,-0.2479501742264033
train_001428,14,0.8490076534626679,-0.05787866031372599
train_001428,15,0.7085382144012634,0.10598247781499967
train_001428,16,0.5213518981044893,-0.34246508290034444
train_001428,17,0.3098823359335277,0.001987202483914594
train_001428,18,0.10587125006083965,0.07439421276180368
train_001428,19,0.0,0.3506299070169132
train_001428,20,0.0,-0.04649216258499644
train_001428,21,0.0,0.7104386811261425
train_001428,22,0.0,0.7172546351600542
train_001428,23,0.0,0.5666051260422004
train_001428,24,0.0,0.8072059831879325
train_001429,1,0.0,0.6894561028484667
train_001429,2,0.0,0.08119146138020136
train_001429,3,0.0,-0.21406788256939013
train_001429,4,0.0,-0.6520636409959123
train_001429,5,0.0,-0.5720679074326962
train_001429,6,0.0,-0.9151676686628203
train_001429,7,0.04202294268889452,-0.8884560146067461
train_001429,8,0.1727718708933084,-0.8058374448213578
train_001429,9,0.3504499725989391,-0.016332397079614536
train_001429,10,0.5834505161109496,-0.12557164743978488
train_001429,11,0.7169838396873778,-0.2643498031732474
train_001429,12,0.80261082344671,-0.020517327108597723
train_001429,13,0.8579873678193229,0.4572149202679452
train_001429,14,0.7359525688962264,-0.7852417951724582
train_001429,15,0.6277492717752635,-0.6344842674767446
train_001429,16,0.45805718575423726,-0.08053074332182217
train_001429,17,0.27687986181687796,-0.07498481872626905
train_001429,18,0.09418150214063832,-0.08231837341420978
train_001429,19,0.0,0.3300900573391783
train_001429,20,0.0,0.5182568510019296
train_001429,21,0.0,0.6795102519114715
train_001429,22,0.0,0.3121773762850785
train_001429,23,0.0,0.4938952061601648
train_001429,24,0.0,0.49098756543221345
train_001430,1,0.0,-0.7528305287571332
train_001430,2,0.0,-0.1062473084339836
train_001430,3,0.0,-0.5424497948733166
train_001430,4,0.0,0.4434052853617823
train_001430,5,0.0,0.19568949867252566
train_001430,6,0.0,0.0985456281128429
train_001430,7,0.03899867662247012,0.04668140358921358
train_001430,8,0.15708702376370293,-0.08641482527445367
train_001430,9,0.2671829193711632,-0.4698510609968074
train_001430,10,0.4107201054596975,-0.7671821552196237
train_001430,11,0.5899279443267128,-0.719946664784217
train_001430,12,0.6854825893265162,-0.14831942249724941
train_001430,13,0.7246733269863063,-0.8030238512086483
train_001430,14,0.691631813954919,-0.9045500928424083
train_001430,15,0.6178934922811159,-0.46887904183122575
train_001430,16,0.4958605893101316,-0.39819262930263555
train_001430,17,0.2732122465809501,-0.1456067109007638
train_001430,18,0.10027741196237283,0.09955782869591735
train_001430,19,0.0,0.021952318392426506
train_001430,20,0.0,0.19578685466179088
train_001430,21,0.0,0.15671900024988353
train_001430,22,0.0,-0.446219282759111
train_001430,23,0.0,0.8809604968055377
train_001430,24,0.0,0.9192728129836806
train_001431,1,0.0,-0.12057226149908855
train_001431,2,0.0,-0.2961417040659358
train_001431,3,0.0,-0.18640203253033938
train_001431,4,0.0,-0.7848841900219111
train_001431,5,0.0,-0.6276679712104214
train_001431,6,0.0,-0.8336478986458075
train_001431,7,0.03019643317060638,-0.6725064875953934
train_001431,8,0.13270063134748686,-0.91373430566007
train_001431,9,0.25762544314156155,-0.8781254301174695
train_001431,10,0.42105593218143117,-0.6997311007295168
train_001431,11,0.5588840458339547,-0.2537553282092226
train_001431,12,0.6511372650489603,-0.7899700912055894
train_001431,13,0.6446193754171539,-0.30169874397141605
train_001431,14,0.5532253981662976,-0.7822895562029808
train_001431,15,0.47262657707415523,-0.767477556125985
train_001431,16,0.3273201750473103,-0.8225508907985962
train_001431,17,0.21318691225367026,-0.8579702032929497
train_001431,18,0.07707070698398437,0.16754560604073077
train_001431,19,0.0,-0.029863144665574333
train_001431,20,0.0,-0.3327270320474386
train_001431,21,0.0,-0.4115447996490422
train_001431,22,0.0,0.2514923259436394
train_001431,23,0.0,0.7502281022967853
train_001431,24,0.0,0.3334116786671642
train_001432,1,0.0,-0.2788487719708953
train_001432,2,0.0,-0.3960940115489041
train_001432,3,0.0,0.4603380836996194
train_001432,4,0.0,-0.049705582099473344
train_001432,5,0.0,-0.3092515963912412
train_001432,6,0.0,-0.33799407456940955
train_001432,7,0.027172166409924745,0.3450358131241261
train_001432,8,0.1117929005154629,-0.888230430016092
train_001432,9,0.19381753887467962,-0.8042570080773277
train_001432,10,0.30120934836147295,-0.22576312879365942
train_001432,11,0.3794773345492892,-0.7638035557685037
train_001432,12,0.4010019167373341,-0.8127975640647213
train_001432,13,0.37936494639678875,-0.8044429351553135
train_001432,14,0.325707348425952,-0.5402278493960857
train_001432,15,0.32951174976965714,0.8424492126993024
train_001432,16,0.2945909363363144,0.061379442506878525
train_001432,17,0.1753991592272561,0.34269492675183494
train_001432,18,0.05086587988782855,0.1043397126721599
train_001432,19,0.0,0.8530014874194192
train_001432,20,0.0,0.8308875355718872
train_001432,21,0.0,0.9330476215257485
train_001432,22,0.0,0.8096507153985316
train_001432,23,0.0,0.7937919025961636
train_001432,24,0.0,0.8559192146580834
train_001433,1,0.0,0.6012772482344512
train_001433,2,0.0,0.724641961230184
train_001433,3,0.0,0.4107351517457821
train_001433,4,0.0,0.09067619078738728
train_001433,5,0.0,0.40875539966273994
train_001433,6,0.0,0.3567212442139613
train_001433,7,0.04461847085178824,-0.0013561359589067392
train_001433,8,0.17981170122109846,-0.5380255017099944
train_001433,9,0.37302349650238,0.23670488940667497
train_001433,10,0.614375385844402,0.594947704671586
train_001433,11,0.789400304460423,-0.12571222106337107
train_001433,12,0.8804251598526706,0.8201806649449617
train_001433,13,0.9069003912503717,0.6859034767485283
train_001433,14,0.8587046440990864,0.25486285448962176
train_001433,15,0.6925991279851197,0.4105751739141362
train_001433,16,0.4848322346439708,0.21172871271322583
train_001433,17,0.24403135811880278,-0.5982997821125569
train_001433,18,0.0830246375715062,-0.4890030389672083
train_001433,19,0.0,-0.5431770292067943
train_001433,20,0.0,-0.5604318641834808
train_001433,21,0.0,-0.9441710208044649
train_001433,22,0.0,-0.6399290404617072
train_001433,23,0.0,0.13720714280060045
train_001433,24,0.0,0.7264149688011952
train_001434,1,0.0,0.4408628945492843
train_001434,2,0.0,-0.38831515970148023
train_001434,3,0.0,-0.734928432686288
train_001434,4,0.0,-0.7398348492436334
train_001434,5,0.0,-0.1822876753292202
train_001434,6,0.0,-0.7602002982955357
train_001434,7,0.037148705325814844,-0.3246148412388647
train_001434,8,0.14788522908708762,0.13759748986317274
train_001434,9,0.29186415122418974,-0.16817513461207179
train_001434,10,0.5216962601267119,-0.14905396865678947
train_001434,11,0.6449112667212692,0.20580496475566473
train_001434,12,0.7017740999919364,0.8568131777894219
train_001434,13,0.6842996367277576,0.7657955872300288
train_001434,14,0.7190570692109949,0.5230159207610793
train_001434,15,0.6034747337183939,0.9739078146405324
train_001434,16,0.42580538551165975,0.9317182444534617
train_001434,17,0.2241099623696082,0.9664218365611205
train_001434,18,0.07883794437694339,0.9418447116050024
train_001434,19,0.0,0.36634841202227797
train_001434,20,0.0,-0.22695483886338533
train_001434,21,0.0,-0.48681760852718725
train_001434,22,0.0,-0.12427989634185488
train_001434,23,0.0,0.4676754062548659
train_001434,24,0.0,0.6675734742805346
train_001435,1,0.0,0.8330981271111136
train_001435,2,0.0,0.5582154637545247
train_001435,3,0.0,0.3345745272514939
train_001435,4,0.0,0.3627504914262914
train_001435,5,0.0,0.2507200973440107
train_001435,6,0.0,0.7682034199400922
train_001435,7,0.029776336063814052,0.4844162971372922
train_001435,8,0.11755704023468727,0.3932438036665352
train_001435,9,0.23602043576120357,0.07582129333766316
train_001435,10,0.37230446153575864,0.3444893568203409
train_001435,11,0.47240100910817223,-0.800245808743276
train_001435,12,0.4444871873886882,-0.9427983047931401
train_001435,13,0.555027070938109,-0.5889236068925865
train_001435,14,0.4905558088329104,-0.4293394064168674
train_001435,15,0.5253725983192744,-0.5687698364114268
train_001435,16,0.39721364308254037,-0.5888787868555756
train_001435,17,0.23304068368226544,-0.19811640131455766
train_001435,18,0.07903967247379799,-0.14222066100810046
train_001435,19,0.0,0.744037914575987
train_001435,20,0.0,0.6683769648521869
train_001435,21,0.0,0.37667906612852897
train_001435,22,0.0,0.41926044365496085
train_001435,23,0.0,0.4189924618793333
train_001435,24,0.0,0.061876340949214195
train_001436,1,0.0,0.06531008065765971
train_001436,2,0.0,-0.8003812469814481
train_001436,3,0.0,-0.8597319696553584
train_001436,4,0.0,-0.770648041120755
train_001436,5,0.0,-0.5628869257215496
train_001436,6,0.0,0.4772919600422467
train_001436,7,0.04253639669138662,0.8293186281579535
train_001436,8,0.17743668589470094,0.4284637396967771
train_001436,9,0.3454092725108979,0.8710076491115213
train_001436,10,0.5373182113682808,0.5470526853003954
train_001436,11,0.7553528320251804,0.4408216630436852
train_001436,12,0.8452668023753944,0.7369685192933582
train_001436,13,0.90113661419245,0.7323436382608093
train_001436,14,0.8816649512326179,-0.12374038487286167
train_001436,15,0.7340757140147854,0.2705394851338343
train_001436,16,0.5390832448759918,0.30087102628230855
train_001436,17,0.30140224712919,0.5813372667749623
train_001436,18,0.10709919961757543,0.7468610122191324
train_001436,19,0.0,0.3320922842462401
train_001436,20,0.0,0.522963189854895
train_001436,21,0.0,-0.22874183766347286
train_001436,22,0.0,0.4416309890005784
train_001436,23,0.0,0.5970690995311119
train_001436,24,0.0,0.21299258258885714
train_001437,1,0.0,-0.23444088530263218
train_001437,2,0.0,-0.6935704793668054
train_001437,3,0.0,-0.18234882642056122
train_001437,4,0.0,-0.7952887501156625
train_001437,5,0.0,-0.6582314703565693
train_001437,6,0.0,-0.7873422020873506
train_001437,7,0.03298318511908838,-0.7522763883922403
train_001437,8,0.15535673141774226,-0.7892868088201073
train_001437,9,0.31154017086116687,-0.920985214543692
train_001437,10,0.4744769999856972,-0.5494586993045103
train_001437,11,0.6144411157861679,-0.860431669309195
train_001437,12,0.7045201893200659,-0.7015368259411972
train_001437,13,0.7531445920226343,-0.3058700368244343
train_001437,14,0.7321274058861467,-0.4584631838609336
train_001437,15,0.61958057967899,-0.6838952311007953
train_001437,16,0.5051847814763988,-0.28353112839610706
train_001437,17,0.28317354897235775,-0.8017837903278662
train_001437,18,0.09499708270132279,-0.686049036457072
train_001437,19,0.0,-0.36186892171369756
train_001437,20,0.0,0.0233702130402232
train_001437,21,0.0,0.17881866027917873
train_001437,22,0.0,-0.7191090761283091
train_001437,23,0.0,-0.8586314742458767
train_001437,24,0.0,-0.5532510341709954
train_001438,1,0.0,0.7793426110971462
train_001438,2,0.0,0.05822002037335395
train_001438,3,0.0,0.4766651903015394
train_001438,4,0.0,-0.6928854978236231
train_001438,5,0.0,-0.4131230414303451
train_001438,6,0.0,0.3197759980733102
train_001438,7,0.03645663409704992,-0.22251687107277252
train_001438,8,0.14846522584036825,0.042992756225530115
train_001438,9,0.29137071294820716,0.6016634470107276
train_001438,10,0.4637006347916577,-0.1475314565954914
train_001438,11,0.6920235638487892,-0.1906758884415903
train_001438,12,0.7487374937754682,-0.16375478834814805
train_001438,13,0.7211586615970267,-0.4528674441071809
train_001438,14,0.6838950211165384,-0.26340684353316485
train_001438,15,0.49315199229492546,0.034639654448797845
train_001438,16,0.3988192207284027,-0.4156267253120881
train_001438,17,0.20177328096240332,0.17925799022679817
train_001438,18,0.07875481755720531,0.13192275286999308
train_001438,19,0.0,-0.023381935841388136
train_001438,20,0.0,0.34196284665736226
train_001438,21,0.0,0.5645928283491217
train_001438,22,0.0,0.28509004718721376
train_001438,23,0.0,-0.04605049989698507
train_001438,24,0.0,-0.2553061765038341
train_001439,1,0.0,-0.2648879002596709
train_001439,2,0.0,0.524764308584616
train_001439,3,0.0,-0.022289115777092527
train_001439,4,0.0,0.5246476169951224
train_001439,5,0.0,0.4909804062054859
train_001439,6,0.0,-0.26063784039980004
train_001439,7,0.035770668779067136,-0.35960965755813434
train_001439,8,0.1386220839875306,0.18192035848711627
train_001439,9,0.2942192956121827,-0.5782082113652816
train_001439,10,0.4881575403777623,-0.7619061910022684
train_001439,11,0.6082322429597863,-0.5997242996334311
train_001439,12,0.741739291409711,0.20952940096346448
train_001439,13,0.7783423890678183,-0.10979464890634716
train_001439,14,0.7292211878684287,0.4484326027976866
train_001439,15,0.6147970861136104,0.029936184064620855
train_001439,16,0.45014099220122916,0.5532149307999941
train_001439,17,0.25701004718239917,0.6128039248710824
train_001439,18,0.08948269095153835,0.37784679195024756
train_001439,19,0.0,-0.24897793777176877
train_001439,20,0.0,0.44063658948928275
train_001439,21,0.0,0.4744778641983599
train_001439,22,0.0,0.3223709837263581
train_001439,23,0.0,-0.5509787524758278
train_001439,24,0.0,0.056684471113696684
train_001440,1,0.0,-0.2672538135957858
train_001440,2,0.0,-0.6189077982934807
train_001440,3,0.0,0.03480306846681245
train_001440,4,0.0,0.14810579977878502
train_001440,5,0.0,0.6528163559660931
train_001440,6,0.0,0.6780626551216653
train_001440,7,0.032220154463900384,-0.33261648540680305
train_001440,8,0.12836303498930685,-0.04663570025201715
train_001440,9,0.24431829930766735,0.035770468287910556
train_001440,10,0.4362607255424846,0.2627709700783896
train_001440,11,0.6309696171250088,0.28453518081973606
train_001440,12,0.6956172815034162,0.6064030115172894
train_001440,13,0.7494450438912221,0.7684512856119107
train_001440,14,0.6713787673261209,0.7736907951434215
train_001440,15,0.5373641698044351,0.819934034589856
train_001440,16,0.391837067286866,0.5513306767075923
train_001440,17,0.22465535615117974,0.19902056549467848
train_001440,18,0.07363199194627998,0.5702474498978005
train_001440,19,0.0,0.671551251539842
train_001440,20,0.0,0.7345846403441549
train_001440,21,0.0,0.5738991759915476
train_001440,22,0.0,0.837311253465722
train_001440,23,0.0,0.8046817710596891
train_001440,24,0.0,0.8325495987346435
train_001441,1,0.0,-0.5883689577311154
train_001441,2,0.0,-0.16509120867831606
train_001441,3,0.0,-0.2858799249742865
train_001441,4,0.0,-0.10916097687637376
train_001441,5,0.0,-0.32499962351824435
train_001441,6,0.0,0.5732437069785554
train_001441,7,0.0398857410091093,0.4419268093412541
train_001441,8,0.17314796513929137,0.803670971312379
train_001441,9,0.33770714455529177,0.5070012608961857
train_001441,10,0.5709418747054054,0.4067402801404029
train_001441,11,0.7439011347750578,-0.26987085173439523
train_001441,12,0.8259276460027294,-0.7540996325446314
train_001441,13,0.8404680632520589,0.26200370290767555
train_001441,14,0.7673218465819689,0.6993413688925312
train_001441,15,0.636921095911147,0.7621089207493179
train_001441,16,0.46000250452221103,0.5942006854135684
train_001441,17,0.2668861761381001,0.07978066887623521
train_001441,18,0.08862455801124917,-0.8620385577616779
train_001441,19,0.0,-0.6759799301784273
train_001441,20,0.0,-0.6954677847812996
train_001441,21,0.0,-0.7614083702371288
train_001441,22,0.0,-0.6788446222209537
train_001441,23,0.0,0.1702962047861856
train_001441,24,0.0,0.5941001027622625
train_001442,1,0.0,-0.6922183608250781
train_001442,2,0.0,-0.2096076420927438
train_001442,3,0.0,-0.27935146155021906
train_001442,4,0.0,0.3764103788957421
train_001442,5,0.0,0.2957767153135092
train_001442,6,0.0,-0.5668867488908459
train_001442,7,0.036588808489925316,-0.20687791273529663
train_001442,8,0.12804740797399403,-0.6793715983330617
train_001442,9,0.2704382617865577,-0.4441840090664893
train_001442,10,0.5010273667261026,-0.22912601382773842
train_001442,11,0.6920831551553354,-0.4535144177026271
train_001442,12,0.7921480051602955,-0.6344370761002132
train_001442,13,0.8664524222967731,-0.6249260682147081
train_001442,14,0.7802262778394137,0.48743474829598776
train_001442,15,0.6662831278383902,0.6729242125424877
train_001442,16,0.5233232021694386,0.4022911186323448
train_001442,17,0.3142702700958729,-0.09385036930489835
train_001442,18,0.1060542107371539,-0.18719191466184304
train_001442,19,0.0,-0.8915532344538601
train_001442,20,0.0,-0.7054738500040226
train_001442,21,0.0,-0.35195962484737214
train_001442,22,0.0,0.46444424563561915
train_001442,23,0.0,-0.4922206340708478
train_001442,24,0.0,-0.8403905446953578
train_001443,1,0.0,0.07950226367034292
train_001443,2,0.0,-0.2593969419116477
train_001443,3,0.0,-0.25989078213980366
train_001443,4,0.0,0.5780849047391841
train_001443,5,0.0,-0.06921867464145964
train_001443,6,0.0,-0.2266676483749385
train_001443,7,0.03694331794672345,-0.6611143533744497
train_001443,8,0.14312662972906698,-0.4692351705948714
train_001443,9,0.2781087358946413,0.2638299964385638
train_001443,10,0.5095685372525607,0.2316106908855283
train_001443,11,0.7131603657910864,0.38394817753003807
train_001443,12,0.8138540452539821,0.8512099410952724
train_001443,13,0.8744195970533396,0.9625018342739575
train_001443,14,0.8173716508955712,0.8448322854529542
train_001443,15,0.7146113128373872,0.4173652766123587
train_001443,16,0.5214078512645793,0.0070879834477055904
train_001443,17,0.3006238246495657,-0.10406163053925616
train_001443,18,0.0943355579102563,0.1017753883918202
train_001443,19,0.0,0.06522618117856009
train_001443,20,0.0,-0.5908645333583018
train_001443,21,0.0,0.08397372211097053
train_001443,22,0.0,0.7742895214053778
train_001443,23,0.0,0.6221853293286704
train_001443,24,0.0,0.6138135971914417
train_001444,1,0.0,0.6654445723158036
train_001444,2,0.0,0.9014909337713038
train_001444,3,0.0,0.8567984508232804
train_001444,4,0.0,0.8911666729314007
train_001444,5,0.0,0.811118606002387
train_001444,6,0.0,0.058118565499526376
train_001444,7,0.04680192894833654,0.42109481176769975
train_001444,8,0.18612528666246328,-0.30892951839674304
train_001444,9,0.3733004891628367,0.4180650662037676
train_001444,10,0.6037320568950096,0.4608369555836854
train_001444,11,0.7872323725329028,0.2465874054092493
train_001444,12,0.9026195867629303,0.7871144565450197
train_001444,13,0.9322788536827074,0.7391993196661648
train_001444,14,0.8575339641622678,0.822491333926127
train_001444,15,0.7264558639852365,-0.34206430141416866
train_001444,16,0.5521086993372699,0.08086471165581162
train_001444,17,0.32002843321867425,0.7566698850959818
train_001444,18,0.11176698560602402,0.9133325867634549
train_001444,19,0.0,0.9796314097289439
train_001444,20,0.0,0.8981613396203656
train_001444,21,0.0,0.7564828344281698
train_001444,22,0.0,0.5529479237476804
train_001444,23,0.0,0.29535177443704996
train_001444,24,0.0,0.1266650897045867
train_001445,1,0.0,-0.42086544796003394
train_001445,2,0.0,-0.8568906451654631
train_001445,3,0.0,-0.4978326219986636
train_001445,4,0.0,-0.870123967845191
train_001445,5,0.0,-0.8393562727173858
train_001445,6,0.0,-0.7887764230677751
train_001445,7,0.031183388919988744,0.05844326435885559
train_001445,8,0.11915604952008081,0.20717280570706095
train_001445,9,0.21179969690588785,0.41468714279156904
train_001445,10,0.37952847010484486,-0.11792161267103436
train_001445,11,0.47969470911225637,-0.6647331625741479
train_001445,12,0.5937916719185853,-0.43494003252975194
train_001445,13,0.6971915116143331,-0.5371600387430642
train_001445,14,0.7214105129538231,-0.13055426983522317
train_001445,15,0.5809672042733234,0.09302213948355886
train_001445,16,0.41841184712231955,-0.41004435491649777
train_001445,17,0.26233303663020696,0.17083432508589871
train_001445,18,0.08187919494163397,0.6405790296171534
train_001445,19,0.0,0.42811435735942066
train_001445,20,0.0,0.02988986607026117
train_001445,21,0.0,-0.19218116428108792
train_001445,22,0.0,-0.30126820448335595
train_001445,23,0.0,0.2609033265320138
train_001445,24,0.0,-0.23793007808164532
train_001446,1,0.0,-0.46195972758334947
train_001446,2,0.0,-0.6387162970540727
train_001446,3,0.0,-0.047772928918145795
train_001446,4,0.0,0.5617345036469996
train_001446,5,0.0,0.046802361502921004
train_001446,6,0.0,-0.2604138979216823
train_001446,7,0.019043316375860698,0.17760781854687188
train_001446,8,0.07212024401327258,0.7185251469825575
train_001446,9,0.15253401893933302,0.7007920580995852
train_001446,10,0.21520118283099574,-0.01742892387123354
train_001446,11,0.2778366407198196,-0.44151219353124493
train_001446,12,0.35245261081593365,-0.8016897024203923
train_001446,13,0.44844059062295244,-0.6902271415842312
train_001446,14,0.44555824108711917,-0.7481086815671067
train_001446,15,0.3795559422057957,-0.4437813691978953
train_001446,16,0.2665446344034493,-0.6410848403750615
train_001446,17,0.1633332754041532,-0.546732186366482
train_001446,18,0.062013483332401594,-0.3018100626143397
train_001446,19,0.0,0.1135257871431812
train_001446,20,0.0,-0.657808584405346
train_001446,21,0.0,-0.32201860223451645
train_001446,22,0.0,-0.27853455436807256
train_001446,23,0.0,-0.12305334222070888
train_001446,24,0.0,-0.70049027111978
train_001447,1,0.0,0.13305753064797723
train_001447,2,0.0,0.7827239836195123
train_001447,3,0.0,0.4827149329418986
train_001447,4,0.0,0.7648868072486344
train_001447,5,0.0,0.3067005428752341
train_001447,6,0.0,0.19161646520364298
train_001447,7,0.01733530053573127,0.3689499205746284
train_001447,8,0.07451117802912811,-0.15608228817089226
train_001447,9,0.1319408856688011,-0.19791130469797705
train_001447,10,0.28140919192152336,-0.24844623884489098
train_001447,11,0.3686486269637752,0.3421995686264158
train_001447,12,0.35344797851756565,-0.04994364267307801
train_001447,13,0.4694928321931638,0.5000083556068113
train_001447,14,0.5337154054545268,0.49460584303668387
train_001447,15,0.3308212776687075,0.6779805015760345
train_001447,16,0.2208630484671323,0.5016984658424407
train_001447,17,0.1557405012445816,0.5922908788749809
train_001447,18,0.046218538708500165,0.534775540320424
train_001447,19,0.0,0.4825727466137869
train_001447,20,0.0,0.3020959128966474
train_001447,21,0.0,0.25011815212541944
train_001447,22,0.0,0.022044057184016527
train_001447,23,0.0,-0.794956499823956
train_001447,24,0.0,-0.16992868565350033
train_001448,1,0.0,0.8819125395432459
train_001448,2,0.0,0.6266141585958099
train_001448,3,0.0,0.2861718222991007
train_001448,4,0.0,-0.3566573837952793
train_001448,5,0.0,0.2187811253598472
train_001448,6,0.0,-0.3514311732079136
train_001448,7,0.04479176360130252,0.20323529613123742
train_001448,8,0.16743883158971018,0.24540298884235284
train_001448,9,0.3454487567282888,0.22886644132125747
train_001448,10,0.56478895616547,0.3074581017278566
train_001448,11,0.6842222409967154,0.05914831237280721
train_001448,12,0.7376418082266507,0.05910920838842431
train_001448,13,0.7263316076959501,0.3125533254815906
train_001448,14,0.7965673072068733,-0.8615329164251206
train_001448,15,0.6870166151862414,-0.35193593625724456
train_001448,16,0.523520604352611,-0.4034654332361266
train_001448,17,0.2988312430826321,0.32979470124274624
train_001448,18,0.09940665352212617,-0.14025137007610164
train_001448,19,0.0,0.3438304656982989
train_001448,20,0.0,0.4268124199309992
train_001448,21,0.0,0.2120378443862862
train_001448,22,0.0,0.052976168978161424
train_001448,23,0.0,0.5893608316737737
train_001448,24,0.0,0.14441218937551786
train_001449,1,0.0,-0.43647110261696487
train_001449,2,0.0,-0.23312538350107936
train_001449,3,0.0,-0.4693668736488148
train_001449,4,0.0,-0.41421934070453437
train_001449,5,0.0,-0.5385106414379748
train_001449,6,0.0,-0.5384412479113654
train_001449,7,0.0311243138802942,-0.10840872216752023
train_001449,8,0.13072644634378336,-0.19334175118931687
train_001449,9,0.2865022129645955,0.23941587349759122
train_001449,10,0.47852285975994313,-0.5158001254164766
train_001449,11,0.5005376569038398,-0.8104837601535417
train_001449,12,0.5502369763417309,-0.5306963907112342
train_001449,13,0.6781053391951315,-0.33809421093593994
train_001449,14,0.6291064999341918,-0.16780822298412304
train_001449,15,0.5639489848180204,0.13059328317881697
train_001449,16,0.44638988678687663,0.2348444091408549
train_001449,17,0.24683016730694202,-0.34765794881578965
train_001449,18,0.08004419992592587,-0.35716472530120524
train_001449,19,0.0,-0.3012255802429677
train_001449,20,0.0,-0.8626385051177744
train_001449,21,0.0,-0.7833224066422555
train_001449,22,0.0,-0.4163807157085216
train_001449,23,0.0,-0.06341772042825689
train_001449,24,0.0,0.8179335981860814
train_001450,1,0.0,0.5622057205116007
train_001450,2,0.0,0.8864983970502812
train_001450,3,0.0,0.9712280746293378
train_001450,4,0.0,0.9481310116581968
train_001450,5,0.0,0.9661760279197398
train_001450,6,0.0,0.5172821898822776
train_001450,7,0.04433853257358211,0.29505596885013224
train_001450,8,0.17160752797735968,0.4710951826343841
train_001450,9,0.3284308136994572,0.469030007697531
train_001450,10,0.5335242662768168,0.27264420342912643
train_001450,11,0.723457779509264,0.19627209850239502
train_001450,12,0.7894618445380294,-0.41895978914527376
train_001450,13,0.8365758946730187,-0.5823163016416011
train_001450,14,0.8011848625918138,0.11103018458609558
train_001450,15,0.7318583815056551,0.5694714882499771
train_001450,16,0.5427100473630873,0.0013875836594382485
train_001450,17,0.3028282433793809,0.5893208056940519
train_001450,18,0.10172538335878255,0.8260426438989025
train_001450,19,0.0,0.7692784599191895
train_001450,20,0.0,0.440979704655853
train_001450,21,0.0,0.35908396999191616
train_001450,22,0.0,-0.5999506058081115
train_001450,23,0.0,0.1122009603026343
train_001450,24,0.0,-0.4237591869891079
train_001451,1,0.0,-0.5363818039912932
train_001451,2,0.0,-0.4859017024680261
train_001451,3,0.0,-0.381993489722019
train_001451,4,0.0,-0.17233201940342677
train_001451,5,0.0,0.16237404298086705
train_001451,6,0.0,-0.06920629695652596
train_001451,7,0.0448149166381874,0.591356810260894
train_001451,8,0.18291990886575246,0.46204241876236174
train_001451,9,0.36233434608195814,-0.6520792681647103
train_001451,10,0.6002333607026471,0.06809358923122472
train_001451,11,0.7750958631264355,-0.4005378815310117
train_001451,12,0.8569105202830701,-0.0680936889652345
train_001451,13,0.8610517682266461,-0.41496093983294696
train_001451,14,0.8292274348919886,0.23898661992754489
train_001451,15,0.7130713237233212,0.7051583834934315
train_001451,16,0.5434034681248587,0.34646850593403783
train_001451,17,0.3221906438768416,-0.22401518805601153
train_001451,18,0.10986947999856143,-0.31836127035015577
train_001451,19,0.0,-0.7523475692390866
train_001451,20,0.0,-0.6929995982536195
train_001451,21,0.0,0.13695992705769158
train_001451,22,0.0,0.34500248368633674
train_001451,23,0.0,-0.7666939521424742
train_001451,24,0.0,-0.47912890110759265
train_001452,1,0.0,-0.3022090607803691
train_001452,2,0.0,-0.07982507460659446
train_001452,3,0.0,-0.08311400530817963
train_001452,4,0.0,-0.21336926804978332
train_001452,5,0.0,-0.5787675682161426
train_001452,6,0.0,-0.3082504301840708
train_001452,7,0.029023267768881818,-0.055610731239232436
train_001452,8,0.11205399450316618,0.38173468028817015
train_001452,9,0.19293459704807694,-0.004405468575504436
train_001452,10,0.29959508258345974,0.5052611661085883
train_001452,11,0.3956230825179449,0.15273537346377214
train_001452,12,0.36759322078722817,0.1614173454115287
train_001452,13,0.4081810034543357,-0.8618639929885246
train_001452,14,0.36376396252323856,-0.94929863530806
train_001452,15,0.39666376607102566,-0.7438032964000111
train_001452,16,0.28664369816885127,-0.27259477680481964
train_001452,17,0.17246940399656505,-0.7687478755357975
train_001452,18,0.07511396890021048,0.22592006781047286
train_001452,19,0.0,0.11420864475965314
train_001452,20,0.0,0.12670147435235832
train_001452,21,0.0,-0.08130520333541898
train_001452,22,0.0,-0.8479672356256754
train_001452,23,0.0,-0.6313384694138207
train_001452,24,0.0,-0.07945644519362859
train_001453,1,0.0,-0.7659957303575937
train_001453,2,0.0,0.1627833577348213
train_001453,3,0.0,-0.40948449997984204
train_001453,4,0.0,0.16272443617046356
train_001453,5,0.0,0.10746357170092437
train_001453,6,0.0,0.5076634437992356
train_001453,7,0.037979773556978166,0.227330265129718
train_001453,8,0.16226830932018035,0.4839797399926319
train_001453,9,0.28832815252735394,0.0407309916973619
train_001453,10,0.48913439622043914,0.21998766667175831
train_001453,11,0.6583322683765513,0.4041676548380337
train_001453,12,0.7465687475122875,0.5762308702191468
train_001453,13,0.8149373548856649,0.5462087632814518
train_001453,14,0.7801351511731985,0.7922577973960123
train_001453,15,0.6688510388578446,0.8836195743386571
train_001453,16,0.4798773392975728,0.6785440668514213
train_001453,17,0.25912420421406285,0.6447197258264373
train_001453,18,0.09326880514511428,0.4974390923165273
train_001453,19,0.0,0.8830415023123006
train_001453,20,0.0,0.38891414713319167
train_001453,21,0.0,0.23727110961832942
train_001453,22,0.0,0.8227016325422235
train_001453,23,0.0,0.6726977185845605
train_001453,24,0.0,-0.04836679992486399
train_001454,1,0.0,-0.5211451827166962
train_001454,2,0.0,-0.8533691438510621
train_001454,3,0.0,-0.8031228016641745
train_001454,4,0.0,-0.8356816200145124
train_001454,5,0.0,-0.003265282730205798
train_001454,6,0.0,-0.2829239822354391
train_001454,7,0.04691281947647808,0.09008350490260536
train_001454,8,0.1865504845669283,0.20545437039222825
train_001454,9,0.3799107162651444,0.5888633337584421
train_001454,10,0.6068754284178268,0.6572027450122783
train_001454,11,0.8019956467242502,0.47772545067158023
train_001454,12,0.9229683154156786,0.19700605472419508
train_001454,13,0.9499339524828491,0.06954617278300988
train_001454,14,0.8879955399272279,0.737561963969509
train_001454,15,0.7387313270263736,0.49659219219775863
train_001454,16,0.5399733396719589,0.20059087793330246
train_001454,17,0.3080232515055915,0.07506831344774934
train_001454,18,0.10393465744786286,0.42492179938027125
train_001454,19,0.0,-0.1750684587835627
train_001454,20,0.0,-0.664068383138874
train_001454,21,0.0,-0.42630703496908245
train_001454,22,0.0,-0.02134722586677283
train_001454,23,0.0,-0.2886191890764892
train_001454,24,0.0,-0.881864266882653
train_001455,1,0.0,0.32020853411453604
train_001455,2,0.0,0.3335242767031209
train_001455,3,0.0,0.6822846541672691
train_001455,4,0.0,0.9137267466742608
train_001455,5,0.0,0.9623067041222232
train_001455,6,0.0,0.8748214638627635
train_001455,7,0.04037698956849295,0.8056121865986314
train_001455,8,0.15525451230266474,0.58021039836779
train_001455,9,0.2938155552068816,0.8131545489488886
train_001455,10,0.49381172085436703,0.6658527240343672
train_001455,11,0.716414747160723,0.6291427112205917
train_001455,12,0.8044269335751258,0.4742869938766613
train_001455,13,0.7150542818126039,0.6932032508699628
train_001455,14,0.6974637763553078,0.03289628679396372
train_001455,15,0.5696723531029231,0.15855088518113034
train_001455,16,0.4050003962195179,-0.10880646031855262
train_001455,17,0.24364092792602624,0.5307369031018259
train_001455,18,0.0909557203849493,-0.10060682383355112
train_001455,19,0.0,-0.21553657964792158
train_001455,20,0.0,-0.28135855070229016
train_001455,21,0.0,0.5063984475119014
train_001455,22,0.0,0.5180120882661143
train_001455,23,0.0,0.7626770519553803
train_001455,24,0.0,-0.0025674296955013067
train_001456,1,0.0,0.6741444061656862
train_001456,2,0.0,0.527052807662398
train_001456,3,0.0,0.3809154421838614
train_001456,4,0.0,0.47242606686598543
train_001456,5,0.0,0.8095596508559776
train_001456,6,0.0,0.7606735303585674
train_001456,7,0.03450101850118519,0.34648527841915505
train_001456,8,0.1373760410343628,0.17351696937075434
train_001456,9,0.27097681437734666,0.4181116275071352
train_001456,10,0.5036278715243451,-0.45215340847185853
train_001456,11,0.6672071763740243,-0.18072899801184375
train_001456,12,0.7567889168986537,-0.512064997931496
train_001456,13,0.7499954044785777,0.3256813028213364
train_001456,14,0.6729469107860996,0.21969710362238756
train_001456,15,0.5847960921223979,0.4753481370284137
train_001456,16,0.4388282074106174,0.5047721918046685
train_001456,17,0.2719802538786628,0.5664148418799457
train_001456,18,0.08226849925897717,0.506494294004654
train_001456,19,0.0,0.7669013399445622
train_001456,20,0.0,0.0776833487551619
train_001456,21,0.0,-0.7334535786327532
train_001456,22,0.0,0.17475700710688322
train_001456,23,0.0,0.6168888173460297
train_001456,24,0.0,0.4112421498771474
train_001457,1,0.0,-0.4730018585914837
train_001457,2,0.0,0.7381443725847516
train_001457,3,0.0,0.4140258147761769
train_001457,4,0.0,0.15951610917746495
train_001457,5,0.0,-0.025516328966366887
train_001457,6,0.0,-0.6891678759315911
train_001457,7,0.02858523834233444,0.48132214375732396
train_001457,8,0.11602868378420216,-0.2558395123211142
train_001457,9,0.2553610834250745,0.06296273616242273
train_001457,10,0.4193582418327556,-0.2821304569788728
train_001457,11,0.5709938096218329,0.454219839782749
train_001457,12,0.6331117567515285,0.7723246608778643
train_001457,13,0.6478843230785897,0.2779685001894209
train_001457,14,0.6221959134230641,0.5070852619420188
train_001457,15,0.4825287511370353,0.7155793027309139
train_001457,16,0.37419425701342984,0.7968702737524753
train_001457,17,0.2230013359060585,-0.25347522622399427
train_001457,18,0.07555858050104342,-0.8466620960741088
train_001457,19,0.0,-0.8478112627513028
train_001457,20,0.0,0.07599829425640837
train_001457,21,0.0,0.026262696530495223
train_001457,22,0.0,-0.4752246643108988
train_001457,23,0.0,-0.4779443934622781
train_001457,24,0.0,-0.22852314542196228
train_001458,1,0.0,0.02920711511573724
train_001458,2,0.0,0.50117250033119
train_001458,3,0.0,-0.19182156866898886
train_001458,4,0.0,-0.2257306320870919
train_001458,5,0.0,0.37007601461369266
train_001458,6,0.0,0.6219158930443077
train_001458,7,0.045352364594947334,-0.22678858226687842
train_001458,8,0.17835989392834858,-0.35703129409839285
train_001458,9,0.3652696726863721,-0.6544549785696125
train_001458,10,0.5694787520328884,-0.5644250247438638
train_001458,11,0.7395215384721482,-0.7699623654408256
train_001458,12,0.8681692587822923,0.3177294615254282
train_001458,13,0.8997400246880404,0.6626554538915568
train_001458,14,0.8148649863157551,-0.2308403621825989
train_001458,15,0.6616141229567183,-0.5008386105943925
train_001458,16,0.5033808753062311,0.48841296544983437
train_001458,17,0.3053130994918786,0.7860632310699291
train_001458,18,0.10767976902329482,0.7531163047280198
train_001458,19,0.0,0.5761658068373456
train_001458,20,0.0,0.34733915353888184
train_001458,21,0.0,-0.10000620101515151
train_001458,22,0.0,0.03203688306959976
train_001458,23,0.0,-0.21719224387856906
train_001458,24,0.0,-0.372015954841721
train_001459,1,0.0,0.40653613602863464
train_001459,2,0.0,0.3341067546136402
train_001459,3,0.0,-0.2539705350489203
train_001459,4,0.0,-0.4359418076375354
train_001459,5,0.0,-0.8602055676056637
train_001459,6,0.0,-0.6825902812976001
train_001459,7,0.036964219695020416,0.1846393482627984
train_001459,8,0.1415283464357628,-0.047773606779267425
train_001459,9,0.2797018259400572,0.5260351298313312
train_001459,10,0.46472609100041223,0.627913459903025
train_001459,11,0.5566259108330633,0.44740308473387136
train_001459,12,0.5796603197033503,0.26045099382097514
train_001459,13,0.5834700385921233,0.2805508510363749
train_001459,14,0.6021255230517718,-0.5200572345461681
train_001459,15,0.49070664436539063,0.33500804407514784
train_001459,16,0.3502174709151731,0.24658458879694056
train_001459,17,0.20722933120941833,-0.06092502076506135
train_001459,18,0.06982782751865803,0.7107999374151084
train_001459,19,0.0,0.4718716787799482
train_001459,20,0.0,0.6073549749558758
train_001459,21,0.0,-0.3950029170215713
train_001459,22,0.0,0.1847201874933513
train_001459,23,0.0,-0.3042982965049074
train_001459,24,0.0,-0.5871093181456792
train_001460,1,0.0,0.7283819536352829
train_001460,2,0.0,0.5529465171980743
train_001460,3,0.0,0.5244979682361882
train_001460,4,0.0,-0.01406032528155595
train_001460,5,0.0,-0.2678111223384923
train_001460,6,0.0,0.06918658648432081
train_001460,7,0.042298150820941946,0.14200863999672036
train_001460,8,0.17341636835658808,-0.7208443270580429
train_001460,9,0.32960416735455883,-0.023037868827550087
train_001460,10,0.5544799232530759,0.3859104543342787
train_001460,11,0.7585264222852381,-0.5964040512329825
train_001460,12,0.8611312790341025,-0.2473172952109095
train_001460,13,0.8519736951548073,0.02637428899400375
train_001460,14,0.7649118204636973,-0.0025431963241000204
train_001460,15,0.6636066355074184,0.38958311898576
train_001460,16,0.48386730702902897,0.6614943934851464
train_001460,17,0.292107336784206,0.7636347587226449
train_001460,18,0.10441289926132723,0.8093221357088585
train_001460,19,0.0,0.7926676534392765
train_001460,20,0.0,0.8067959375858365
train_001460,21,0.0,0.6831415229199184
train_001460,22,0.0,0.18595810697750764
train_001460,23,0.0,0.6620134019989233
train_001460,24,0.0,-0.1222996551602425
train_001461,1,0.0,-0.6355808032376444
train_001461,2,0.0,0.05731833289307366
train_001461,3,0.0,-0.27188283364079974
train_001461,4,0.0,0.33698393227650897
train_001461,5,0.0,-0.2277250289598106
train_001461,6,0.0,-0.7893939073306402
train_001461,7,0.01898824991377665,-0.9029565299274727
train_001461,8,0.08766470859220353,-0.63751743252695
train_001461,9,0.16777730620390505,-0.8511023340653469
train_001461,10,0.3124648745947273,-0.7782790730633073
train_001461,11,0.3725590285078542,0.08866528533867163
train_001461,12,0.4411017982677265,-0.18578585855950316
train_001461,13,0.4366712995024228,-0.15093904620208637
train_001461,14,0.3339898450739943,0.32642525418354446
train_001461,15,0.3551160956349171,0.28760653060333996
train_001461,16,0.29208352090540873,0.4706820916438269
train_001461,17,0.15654841227505079,0.08326858608972122
train_001461,18,0.06327477834797607,-0.364756463524906
train_001461,19,0.0,-0.08274722077028941
train_001461,20,0.0,0.7701920193031158
train_001461,21,0.0,-0.20433218898681849
train_001461,22,0.0,-0.14672605642532197
train_001461,23,0.0,-0.5228158865310957
train_001461,24,0.0,-0.6253629905141327
train_001462,1,0.0,0.5296907900509081
train_001462,2,0.0,0.25938853015704155
train_001462,3,0.0,-0.19314679573294438
train_001462,4,0.0,0.38143511392671553
train_001462,5,0.0,0.2404977186842015
train_001462,6,0.0,0.5483150492583448
train_001462,7,0.043315985749906916,0.011644214275413865
train_001462,8,0.1724389388361294,-0.7181582771921877
train_001462,9,0.3367900702599973,-0.11162873926805505
train_001462,10,0.5708093319638032,0.186897582028588
train_001462,11,0.7439304251627908,-0.5805836548045034
train_001462,12,0.8316299337221018,-0.8312363536946762
train_001462,13,0.8343498430596248,-0.6821601925284224
train_001462,14,0.7807654627102495,-0.4604976344735204
train_001462,15,0.6720693977020366,-0.21026526641598922
train_001462,16,0.46114656714707847,0.5579200102973236
train_001462,17,0.27090305693311284,0.2426630918028985
train_001462,18,0.08459768051947104,0.6403193488082963
train_001462,19,0.0,0.31134194827066686
train_001462,20,0.0,0.01355245687136643
train_001462,21,0.0,-0.4825564332428749
train_001462,22,0.0,-0.6740500477322773
train_001462,23,0.0,-0.5845687790375955
train_001462,24,0.0,-0.7920737572181844
train_001463,1,0.0,-0.5436070864682314
train_001463,2,0.0,-0.324810902202418
train_001463,3,0.0,0.6031145067843251
train_001463,4,0.0,0.331447862203586
train_001463,5,0.0,0.5900898218174561
train_001463,6,0.0,-0.28102657275096493
train_001463,7,0.027403766337197197,0.04357901158344284
train_001463,8,0.12148673208425394,0.08135218708287276
train_001463,9,0.22198018075923087,0.8250086881608896
train_001463,10,0.37544567343978513,-0.17219344499151326
train_001463,11,0.38615006330955765,-0.436446467033921
train_001463,12,0.45214512262345397,0.20068807218607734
train_001463,13,0.484796877110421,0.016957283437531098
train_001463,14,0.5076807019329357,0.04678651513645658
train_001463,15,0.4699453243401555,0.12362672939128919
train_001463,16,0.3613866592489896,-0.8959650909619489
train_001463,17,0.2451456711779954,-0.864797037575978
train_001463,18,0.07945313650574194,-0.9109898510679056
train_001463,19,0.0,-0.8647267501525104
train_001463,20,0.0,-0.8386665731604952
train_001463,21,0.0,-0.30942548904545214
train_001463,22,0.0,-0.5984628430424908
train_001463,23,0.0,-0.776319823884845
train_001463,24,0.0,-0.4332651278655803
train_001464,1,0.0,-0.5167419703098348
train_001464,2,0.0,-0.5899373547312214
train_001464,3,0.0,-0.8047483406796181
train_001464,4,0.0,-0.8898862350469469
train_001464,5,0.0,-0.6051825043743223
train_001464,6,0.0,-0.6733534993676152
train_001464,7,0.029734081615754467,0.3793385370204681
train_001464,8,0.11332939745112094,0.12483886199829339
train_001464,9,0.23476744285893147,-0.3619481616978652
train_001464,10,0.3612622558653906,-0.36426624035656224
train_001464,11,0.4841286692623381,-0.2783568688778881
train_001464,12,0.5871049951465303,-0.05017055025704621
train_001464,13,0.5852171896541773,0.31331067887108444
train_001464,14,0.536151792892886,0.7362216546033633
train_001464,15,0.5356767685347827,0.8376878919425251
train_001464,16,0.45117132207545174,0.8375211605150279
train_001464,17,0.24636259086430154,0.6813061236268232
train_001464,18,0.07630059989541665,-0.22345312418847832
train_001464,19,0.0,0.6745620825685728
train_001464,20,0.0,0.633431599263442
train_001464,21,0.0,-0.5557201105644936
train_001464,22,0.0,-0.7256360197228329
train_001464,23,0.0,-0.5096187153087877
train_001464,24,0.0,-0.7148565710067805
train_001465,1,0.0,-0.35693941941216906
train_001465,2,0.0,-0.4827449204000903
train_001465,3,0.0,-0.6858558410865401
train_001465,4,0.0,0.007414012126241516
train_001465,5,0.0,-0.3728889939893695
train_001465,6,0.0,-0.8189432177838765
train_001465,7,0.04503680265709544,-0.5879999165302838
train_001465,8,0.1824820058280679,-0.673977550784922
train_001465,9,0.3623554759620874,-0.7869700409762064
train_001465,10,0.5775622885610016,-0.5610968699663335
train_001465,11,0.7175048573487999,-0.0969187142125075
train_001465,12,0.844302218921282,-0.46271453350043046
train_001465,13,0.8931434520932222,-0.2771349369389366
train_001465,14,0.8677542010000046,-0.6465812403508523
train_001465,15,0.7189908584421871,-0.41688319947624614
train_001465,16,0.544308267291168,-0.8705952302389649
train_001465,17,0.31199477876697146,-0.9536114036916215
train_001465,18,0.10458275595793766,-0.5461547432385927
train_001465,19,0.0,-0.5134263414181308
train_001465,20,0.0,-0.3805449970463201
train_001465,21,0.0,0.27057299786208816
train_001465,22,0.0,0.7647846355318184
train_001465,23,0.0,0.7928703929394424
train_001465,24,0.0,0.6727359365663821
train_001466,1,0.0,0.8140077622577291
train_001466,2,0.0,0.7577238216164861
train_001466,3,0.0,0.6275999849019085
train_001466,4,0.0,-0.41453427937618426
train_001466,5,0.0,0.3572213801225309
train_001466,6,0.0,0.11827758520893485
train_001466,7,0.048559684004396794,0.13185798704364585
train_001466,8,0.19400407655863686,0.3750266882584759
train_001466,9,0.3870130595361877,0.4622672174761795
train_001466,10,0.6266363623229485,-0.6479283096568109
train_001466,11,0.814447977596352,-0.5879074433708401
train_001466,12,0.9191957057503984,-0.8590202709735926
train_001466,13,0.9662001521053794,-0.6680948088218528
train_001466,14,0.9226718584572147,-0.6447645340645073
train_001466,15,0.7805994007757358,-0.7173579524572286
train_001466,16,0.5838687821337148,-0.6181940898350756
train_001466,17,0.3379685933683657,-0.29353794835025093
train_001466,18,0.11549290700878587,-0.2589444369348603
train_001466,19,0.0,0.463425225994722
train_001466,20,0.0,-0.5317872202649159
train_001466,21,0.0,-0.14340329529582616
train_001466,22,0.0,0.293819140908369
train_001466,23,0.0,0.7388642485758653
train_001466,24,0.0,0.5976400167779747
train_001467,1,0.0,-0.4489199586852125
train_001467,2,0.0,-0.5929216829701845
train_001467,3,0.0,-0.35549476653113715
train_001467,4,0.0,-0.27463054447114216
train_001467,5,0.0,-0.370246693459773
train_001467,6,0.0,-0.04058468464621746
train_001467,7,0.0454671237100962,-0.017636423335176083
train_001467,8,0.17911517532288357,0.2822216441349868
train_001467,9,0.36561105062198535,0.10478862460786471
train_001467,10,0.5969937786156686,0.2935539340862069
train_001467,11,0.7618520654551715,-0.4400084289174412
train_001467,12,0.8656670444967459,0.29644900379974576
train_001467,13,0.8888775602585536,0.2823591394007093
train_001467,14,0.837325468669717,0.5957824874107789
train_001467,15,0.6933111258000579,0.578809983443258
train_001467,16,0.5388856691886673,0.7694305541330233
train_001467,17,0.30931860456489124,0.3410563926524133
train_001467,18,0.11168622922398029,0.027676025544328874
train_001467,19,0.0,-0.7751026258206403
train_001467,20,0.0,-0.59041014118045
train_001467,21,0.0,-0.827455702395497
train_001467,22,0.0,-0.4078446192467234
train_001467,23,0.0,-0.18673369364747391
train_001467,24,0.0,0.2109550410181589
train_001468,1,0.0,0.6795674150469149
train_001468,2,0.0,-0.15695839874276232
train_001468,3,0.0,-0.22879026663993154
train_001468,4,0.0,-0.38640673774215156
train_001468,5,0.0,0.055986986614578176
train_001468,6,0.0,-0.5501213230709385
train_001468,7,0.02540845486169881,-0.1790713645276329
train_001468,8,0.1002597646239028,-0.6012288175902714
train_001468,9,0.22785623514024192,-0.17785155376516082
train_001468,10,0.3834299273367112,-0.2682703947804983
train_001468,11,0.4747017348597158,0.20663536300521712
train_001468,12,0.6752811422099805,-0.023536303546757082
train_001468,13,0.779314809200821,-0.18138566487584126
train_001468,14,0.6702448244879087,-0.3180622636742997
train_001468,15,0.5352331942610328,-0.13350630065025515
train_001468,16,0.43793273615845124,-0.5941800321808295
train_001468,17,0.24307723296485242,-0.3499860745977561
train_001468,18,0.06959575619337324,-0.6229315363721672
train_001468,19,0.0,-0.5789598206231328
train_001468,20,0.0,-0.42509387672555554
train_001468,21,0.0,-0.5982258249893317
train_001468,22,0.0,-0.35074983179885266
train_001468,23,0.0,-0.30602192262960715
train_001468,24,0.0,0.33908901642936634
train_001469,1,0.0,-0.44808069863908895
train_001469,2,0.0,-0.04359843160294576
train_001469,3,0.0,-0.8035697945821889
train_001469,4,0.0,-0.6211607710775146
train_001469,5,0.0,-0.6572019679058188
train_001469,6,0.0,-0.79956915887797
train_001469,7,0.040043065098533615,-0.8006399311997161
train_001469,8,0.16449073440666895,-0.7899428455712788
train_001469,9,0.33683001807925483,-0.6924829258738145
train_001469,10,0.5365058389409032,-0.6488880673007882
train_001469,11,0.7518581679055615,-0.6287736632083413
train_001469,12,0.8375551585529367,-0.5877591307188605
train_001469,13,0.9270472615537918,0.032584715264066776
train_001469,14,0.8971901548948947,-0.12172342913632207
train_001469,15,0.7559736842205743,0.27655983453327104
train_001469,16,0.5606857908573534,0.8972720523567235
train_001469,17,0.3239586263309202,0.8411010306831797
train_001469,18,0.10955844446440818,0.803710461733788
train_001469,19,0.0,0.2884603629734756
train_001469,20,0.0,-0.060621913167375495
train_001469,21,0.0,-0.4940079922506867
train_001469,22,0.0,-0.13616368098403275
train_001469,23,0.0,-0.41821812876582154
train_001469,24,0.0,0.04156706179612755
train_001470,1,0.0,0.03829775158908475
train_001470,2,0.0,-0.2512396050473214
train_001470,3,0.0,0.17811041566783004
train_001470,4,0.0,0.18364403377439797
train_001470,5,0.0,0.3399382367075071
train_001470,6,0.0,0.256829069682215
train_001470,7,0.027220939543846592,0.6366287747893649
train_001470,8,0.10735299919399738,0.23941541679992784
train_001470,9,0.23543855276729092,-0.4619632704378246
train_001470,10,0.381253710124023,-0.42530669569339924
train_001470,11,0.5620133777176743,-0.7130948299547105
train_001470,12,0.6266519367165838,-0.8468205552772395
train_001470,13,0.6237758676668076,-0.6349453406118915
train_001470,14,0.5630300972394128,0.04338598785606579
train_001470,15,0.40130978790018157,-0.5292706607222885
train_001470,16,0.342226466394745,-0.8205443305929032
train_001470,17,0.2119774672613321,-0.9324318947714365
train_001470,18,0.08318555931856121,-0.9579638971022718
train_001470,19,0.0,-0.5660978355210308
train_001470,20,0.0,-0.9003614228001787
train_001470,21,0.0,-0.9374342014746305
train_001470,22,0.0,-0.830714639176961
train_001470,23,0.0,-0.07926770968501883
train_001470,24,0.0,-0.002319908050470114
train_001471,1,0.0,-0.47321199518072954
train_001471,2,0.0,0.054326959715944104
train_001471,3,0.0,-0.21302755077067356
train_001471,4,0.0,0.33684744165361
train_001471,5,0.0,0.6274555024458915
train_001471,6,0.0,-0.5163822358869914
train_001471,7,0.040130863602675135,0.03289410655682373
train_001471,8,0.13973882190462755,0.08265056906324736
train_001471,9,0.2937559687771276,-0.5951946309697359
train_001471,10,0.4595044087127222,0.10878886828453509
train_001471,11,0.5355309337920298,-0.09835096884456933
train_001471,12,0.6225093006427395,-0.5710693664335194
train_001471,13,0.5930883996604458,-0.08628780067467844
train_001471,14,0.5175418485944949,-0.4063922074506135
train_001471,15,0.4255515247909723,-0.49836158030662625
train_001471,16,0.2856960570585312,0.47073732448839956
train_001471,17,0.1631048032542233,-0.035248020421426385
train_001471,18,0.057390157069654654,0.6811469764078291
train_001471,19,0.0,0.4558019650279478
train_001471,20,0.0,-0.5524442002309433
train_001471,21,0.0,0.34549407772677976
train_001471,22,0.0,-0.15345683847845537
train_001471,23,0.0,-0.03386353240921715
train_001471,24,0.0,0.7271278754950982
train_001472,1,0.0,0.7651058625332233
train_001472,2,0.0,-0.0972100699103382
train_001472,3,0.0,0.09077722859852033
train_001472,4,0.0,0.1789898907793403
train_001472,5,0.0,-0.025833026823770144
train_001472,6,0.0,-0.14082700200360374
train_001472,7,0.04235561521986798,0.11187431146038977
train_001472,8,0.17145664855563875,0.6135628389267482
train_001472,9,0.3426707479874725,-0.35832617129389616
train_001472,10,0.5522612596101579,0.7754851344720766
train_001472,11,0.6688540331578611,0.7224815759777212
train_001472,12,0.7482988537121037,0.6023155905730487
train_001472,13,0.7600447653715431,0.19004755432867323
train_001472,14,0.7132002784469197,-0.39480621152613604
train_001472,15,0.6021773971012783,-0.7574140754058882
train_001472,16,0.46820856401772826,-0.8997877153528072
train_001472,17,0.2826552424192262,-0.5854983668108403
train_001472,18,0.0935007327170927,-0.35784094666034777
train_001472,19,0.0,0.31199120412865033
train_001472,20,0.0,0.6665847248203534
train_001472,21,0.0,0.892004166409497
train_001472,22,0.0,0.55505018899686
train_001472,23,0.0,0.9230196217732337
train_001472,24,0.0,0.3797320923360708
train_001473,1,0.0,0.49959063483501576
train_001473,2,0.0,0.5415707170314206
train_001473,3,0.0,0.4999364733628241
train_001473,4,0.0,0.36705837988310086
train_001473,5,0.0,-0.025994537059245502
train_001473,6,0.0,-0.6243176335656079
train_001473,7,0.03304630703555834,-0.7754681748984185
train_001473,8,0.13638373150003233,-0.44035829057629583
train_001473,9,0.24374474583782144,-0.9468574482516914
train_001473,10,0.3842605326942619,-0.9414359481793598
train_001473,11,0.5188225848694191,-0.8891764697728831
train_001473,12,0.5510675564004491,-0.3081848515337176
train_001473,13,0.5663206572687464,-0.3821187450147113
train_001473,14,0.4360157997384858,-0.20363785025683584
train_001473,15,0.35789596596394513,-0.32990715757791617
train_001473,16,0.2934014419249068,0.4828656140129689
train_001473,17,0.1944067122014437,0.2192641846934113
train_001473,18,0.05517460566441003,0.8646589545048622
train_001473,19,0.0,0.4183205088280209
train_001473,20,0.0,0.4422762327017394
train_001473,21,0.0,0.5913788280355649
train_001473,22,0.0,0.23540540455513165
train_001473,23,0.0,0.14701088452175934
train_001473,24,0.0,-0.33386966924704364
train_001474,1,0.0,-0.5956876355449219
train_001474,2,0.0,-0.5272923754002219
train_001474,3,0.0,-0.10113718862158301
train_001474,4,0.0,0.3946123748992583
train_001474,5,0.0,0.3597289310096096
train_001474,6,0.0,0.34389990318405883
train_001474,7,0.03642507449759221,0.4851927396308967
train_001474,8,0.1463485082697274,-0.1516483896783941
train_001474,9,0.2636841587165217,-0.510836628527233
train_001474,10,0.46937997351287153,-0.7050097018816932
train_001474,11,0.6224425713712254,-0.5469941153084875
train_001474,12,0.692009042433195,-0.9025450054860633
train_001474,13,0.7016725867827349,-0.9180864616443745
train_001474,14,0.703053348942395,-0.9837038936601046
train_001474,15,0.5815682719620587,-0.9826320851581785
train_001474,16,0.43656443945591533,-0.9311773570175121
train_001474,17,0.2539175675196094,-0.9569947512210778
train_001474,18,0.09483794910670894,-0.9824459794532567
train_001474,19,0.0,-0.9741805553015951
train_001474,20,0.0,-0.9131659399576135
train_001474,21,0.0,-0.9871709167912558
train_001474,22,0.0,-0.8769799155905652
train_001474,23,0.0,-0.16052339839416907
train_001474,24,0.0,0.254186634619865
train_001475,1,0.0,-0.3794534920608258
train_001475,2,0.0,-0.8692489574383228
train_001475,3,0.0,-0.4378838046351239
train_001475,4,0.0,-0.7921831692908589
train_001475,5,0.0,-0.7007744444893611
train_001475,6,0.0,-0.17289857911873105
train_001475,7,0.048253060499255,-0.34887429802654274
train_001475,8,0.1939715017112637,0.6110088222545691
train_001475,9,0.39095422204476227,0.03502512479843269
train_001475,10,0.6358085880551922,-0.3551509324302416
train_001475,11,0.8302840599602327,-0.5988988530665367
train_001475,12,0.9188191494259214,-0.15092348092636243
train_001475,13,0.9509684336956373,-0.4638972874843963
train_001475,14,0.9126394518800567,-0.796156062185528
train_001475,15,0.752189581382973,-0.7023610273561447
train_001475,16,0.5723831233512755,-0.5712460378074986
train_001475,17,0.3371686246699616,0.036085910718098704
train_001475,18,0.11567908825089565,-0.323755779939523
train_001475,19,0.0,-0.07551014549291249
train_001475,20,0.0,0.6094693058888634
train_001475,21,0.0,0.6712150738890219
train_001475,22,0.0,0.28191209799173084
train_001475,23,0.0,0.31793254788180547
train_001475,24,0.0,-0.3322203407105486
train_001476,1,0.0,0.8218618407889684
train_001476,2,0.0,0.7714899614857659
train_001476,3,0.0,0.5415338738831224
train_001476,4,0.0,0.5114784843094473
train_001476,5,0.0,0.21293781080166746
train_001476,6,0.0,-0.37193977669327827
train_001476,7,0.04435634856260582,-0.502143313284598
train_001476,8,0.1757068968016827,0.5861826070487026
train_001476,9,0.32197882383725634,0.7925982084740919
train_001476,10,0.5249570078809644,0.8920466744407627
train_001476,11,0.7157800357900409,0.8340156914815725
train_001476,12,0.8159496468458565,-0.016550445698219313
train_001476,13,0.8554363910765741,0.6177735473793122
train_001476,14,0.7950580321814632,0.8173764299052719
train_001476,15,0.6458049828582217,0.7848653443027676
train_001476,16,0.44558993962377563,-0.24789456548706046
train_001476,17,0.2535450709649017,-0.5356885204339754
train_001476,18,0.09619234955644348,-0.21439197554694783
train_001476,19,0.0,0.494391871401086
train_001476,20,0.0,-0.6770527772456351
train_001476,21,0.0,-0.29672503721103805
train_001476,22,0.0,-0.8964919510474126
train_001476,23,0.0,-0.9131915412422543
train_001476,24,0.0,-0.923323647963563
train_001477,1,0.0,0.03441365219180962
train_001477,2,0.0,-0.25194166826449665
train_001477,3,0.0,-0.46461648746415474
train_001477,4,0.0,-0.6209712452713636
train_001477,5,0.0,-0.2581308903485407
train_001477,6,0.0,-0.4617367117912267
train_001477,7,0.045662129659114085,-0.723397574521301
train_001477,8,0.1791588253060378,-0.6676311689278949
train_001477,9,0.3340111349262314,-0.8761023314530778
train_001477,10,0.5490563731403645,-0.9187521938623698
train_001477,11,0.7051027501841858,-0.8468612281115641
train_001477,12,0.7303980896655728,-0.1958752664757691
train_001477,13,0.7583461995560714,-0.6558236627507696
train_001477,14,0.7555763782388444,-0.687408538210805
train_001477,15,0.6603068384631624,-0.2839480905051435
train_001477,16,0.5031480200496276,-0.7352890007643139
train_001477,17,0.302724000179899,-0.8767563788031747
train_001477,18,0.10636955529417812,-0.8135803980801631
train_001477,19,0.0,-0.9525014704917751
train_001477,20,0.0,-0.6004850285518049
train_001477,21,0.0,-0.8968049542463864
train_001477,22,0.0,-0.9387444027438516
train_001477,23,0.0,-0.9490670277496499
train_001477,24,0.0,-0.9867516388802801
train_001478,1,0.0,-0.1887374932487904
train_001478,2,0.0,0.0727209355843741
train_001478,3,0.0,0.43195543629515315
train_001478,4,0.0,0.1443299727624496
train_001478,5,0.0,-0.5216324735532785
train_001478,6,0.0,-0.5191054001174723
train_001478,7,0.04566313033815356,-0.5604555612792381
train_001478,8,0.1863878899972747,-0.2514208488916814
train_001478,9,0.37838110227246363,-0.7956144332266166
train_001478,10,0.6141858200940596,-0.4264222018005988
train_001478,11,0.7990226519427308,-0.14442292870600673
train_001478,12,0.9070915156606607,-0.47026718104677423
train_001478,13,0.9536210325606703,-0.8128632621332879
train_001478,14,0.9020339247267765,-0.7717186661916818
train_001478,15,0.7617692821539935,-0.6568135851266353
train_001478,16,0.5709960988938033,-0.28760807934975646
train_001478,17,0.32726065623602685,-0.6802533628787315
train_001478,18,0.11015006354870188,-0.7163981933150074
train_001478,19,0.0,-0.3010562422128412
train_001478,20,0.0,0.0540956904951051
train_001478,21,0.0,-0.2570330579544927
train_001478,22,0.0,0.3423397947414459
train_001478,23,0.0,0.22230580493470967
train_001478,24,0.0,0.5008877255641561
train_001479,1,0.0,-0.0627888018600347
train_001479,2,0.0,-0.06561726661023969
train_001479,3,0.0,0.6492868895878965
train_001479,4,0.0,0.7470138694244687
train_001479,5,0.0,0.48583509502529265
train_001479,6,0.0,0.4665235951857186
train_001479,7,0.04242036470912945,-0.25914451052565585
train_001479,8,0.17827465715034685,0.04138292284067591
train_001479,9,0.35884281150184044,-0.5898156710500284
train_001479,10,0.5899400791921822,-0.9176345967314763
train_001479,11,0.7210435442380603,-0.49987014573149247
train_001479,12,0.8008339551616741,0.8949653846436663
train_001479,13,0.8807876553535738,-0.02758461125064274
train_001479,14,0.8497932538359396,0.26360728041800086
train_001479,15,0.7036755773411404,0.46225409581129595
train_001479,16,0.5510123054000224,0.6769534278480953
train_001479,17,0.3180474884812868,0.4418546923436141
train_001479,18,0.11284881948575574,0.6050433143878076
train_001479,19,0.0,0.6286261351423106
train_001479,20,0.0,0.9304279483829314
train_001479,21,0.0,0.7870974274964577
train_001479,22,0.0,0.4048161345417436
train_001479,23,0.0,-0.039739248796960995
train_001479,24,0.0,-0.18335707945878196
train_001480,1,0.0,0.4318785906953584
train_001480,2,0.0,0.8247323654948437
train_001480,3,0.0,0.8766509180160919
train_001480,4,0.0,-0.4961830690477739
train_001480,5,0.0,-0.04018004478866194
train_001480,6,0.0,-0.25986210870648024
train_001480,7,0.04310127953010329,-0.2104535439794873
train_001480,8,0.16930107747121317,-0.5786370339963955
train_001480,9,0.33637375806604586,0.06165343488082665
train_001480,10,0.5650328160934492,0.41438298520480465
train_001480,11,0.7282349710632245,0.4640858668060276
train_001480,12,0.8482504618669755,0.5458235241851641
train_001480,13,0.8984708856220306,0.19745261556202878
train_001480,14,0.8534320466955078,-0.06413727730977538
train_001480,15,0.7290071236513767,0.5160271155321432
train_001480,16,0.5172086951413915,-0.30374070658814306
train_001480,17,0.2811536403373355,0.20239941666201605
train_001480,18,0.09664084445795786,-0.37341207205645327
train_001480,19,0.0,-0.8348532114625131
train_001480,20,0.0,-0.5128666899247536
train_001480,21,0.0,0.483579198151711
train_001480,22,0.0,0.10832250467837339
train_001480,23,0.0,-0.35495504944632167
train_001480,24,0.0,0.12219465289177307
train_001481,1,0.0,-0.38861320369332314
train_001481,2,0.0,-0.40059031602588435
train_001481,3,0.0,-0.670399663934089
train_001481,4,0.0,-0.6563754034029581
train_001481,5,0.0,-0.5574430004775862
train_001481,6,0.0,-0.5165950843861282
train_001481,7,0.034226561708595,0.13286568816900698
train_001481,8,0.1417202908536743,0.023831494111517776
train_001481,9,0.29437215299725833,0.09389666470202558
train_001481,10,0.45645829952349276,0.4126859479716841
train_001481,11,0.5680384816827613,0.6152681518210323
train_001481,12,0.6649259296682075,0.24345371328742632
train_001481,13,0.657757982717151,-0.6399057802585983
train_001481,14,0.5394951390088292,-0.4374133270110002
train_001481,15,0.43271510414731695,-0.872339212966264
train_001481,16,0.30112805819504246,-0.8094531718688829
train_001481,17,0.14898504556398567,-0.7087367082479936
train_001481,18,0.05762342286233735,-0.06587574553015338
train_001481,19,0.0,-0.06343164250965155
train_001481,20,0.0,-0.2369329790386493
train_001481,21,0.0,-0.6082782686817896
train_001481,22,0.0,-0.019531198457982048
train_001481,23,0.0,-0.2204599048633954
train_001481,24,0.0,0.13952742486382047
train_001482,1,0.0,-0.7384362995967483
train_001482,2,0.0,-0.3603843805104258
train_001482,3,0.0,-0.17665009669201742
train_001482,4,0.0,0.431579039868443
train_001482,5,0.0,0.3407778327022773
train_001482,6,0.0,0.6837226979422524
train_001482,7,0.04109393336166229,-0.668935876086047
train_001482,8,0.16213881798047752,-0.6362174705074628
train_001482,9,0.32416606599212355,0.2702522936584257
train_001482,10,0.5345843324244821,0.0034003570752069038
train_001482,11,0.7038255220272681,0.059146918757534764
train_001482,12,0.7834729532198833,0.37419794756397257
train_001482,13,0.8094843461419817,-0.29791363559412626
train_001482,14,0.7579843719017517,-0.36216174967839737
train_001482,15,0.6352289698226254,-0.32252000814320436
train_001482,16,0.4217989279131696,-0.08432105148044391
train_001482,17,0.2681811007474804,-0.3095995747349946
train_001482,18,0.09360381838290392,-0.7621105318172534
train_001482,19,0.0,-0.6882120461799599
train_001482,20,0.0,-0.7688388634220195
train_001482,21,0.0,-0.2656622006080197
train_001482,22,0.0,-0.2932604698599921
train_001482,23,0.0,-0.3788844343546867
train_001482,24,0.0,0.10717829091084506
train_001483,1,0.0,-0.00424456197741871
train_001483,2,0.0,-0.509929325764908
train_001483,3,0.0,-0.44160699309924367
train_001483,4,0.0,0.09113845096099887
train_001483,5,0.0,-0.04116461011071938
train_001483,6,0.0,-0.6379825896276232
train_001483,7,0.03915187871349171,-0.2932215413650456
train_001483,8,0.16624497065757218,0.0817023953770858
train_001483,9,0.3353944878815599,0.24708495770201308
train_001483,10,0.5482967485115975,-0.2648143931698837
train_001483,11,0.7237125998505093,0.044821621027901756
train_001483,12,0.8360052685752564,0.07967549648779733
train_001483,13,0.8536941674029029,0.542748223802461
train_001483,14,0.7770415711349009,0.21694844708903185
train_001483,15,0.6954191116204376,0.5024127765202915
train_001483,16,0.49323457029774853,0.6900238940944212
train_001483,17,0.2805423941327395,0.720601699736046
train_001483,18,0.09929209726834232,0.7814612577858098
train_001483,19,0.0,0.7469682862623253
train_001483,20,0.0,0.16193629667079312
train_001483,21,0.0,0.4519699097792378
train_001483,22,0.0,-0.02291284360872919
train_001483,23,0.0,0.11244687988243865
train_001483,24,0.0,-0.04508261801448599
train_001484,1,0.0,-0.7492604860749433
train_001484,2,0.0,-0.82142192169154
train_001484,3,0.0,-0.9467406962892433
train_001484,4,0.0,-0.7435962982017335
train_001484,5,0.0,-0.49389877257957404
train_001484,6,0.0,0.060126775298727834
train_001484,7,0.04443382298582042,-0.07788058738084053
train_001484,8,0.17789036562396654,-0.4142663874204361
train_001484,9,0.34312090733864276,-0.0376180770557093
train_001484,10,0.5654400480074134,0.4258569517148566
train_001484,11,0.7038241308777021,0.05560578987432645
train_001484,12,0.8043973164571998,0.689982418659419
train_001484,13,0.7983193542549197,0.8446376660088428
train_001484,14,0.7771133846658298,0.6019591089493945
train_001484,15,0.6721186653509568,0.6608389814985058
train_001484,16,0.4972313488682132,0.911546308437471
train_001484,17,0.31147754304757463,0.7657476206891773
train_001484,18,0.10475357254217572,0.4257525706938446
train_001484,19,0.0,0.6001306293411272
train_001484,20,0.0,0.9453083148937821
train_001484,21,0.0,0.7873113994227341
train_001484,22,0.0,0.649993818853444
train_001484,23,0.0,0.4524082328408239
train_001484,24,0.0,0.5377362865695741
train_001485,1,0.0,0.7773184453654898
train_001485,2,0.0,0.9208427129027588
train_001485,3,0.0,0.45032485977911324
train_001485,4,0.0,0.5018620659785267
train_001485,5,0.0,0.5265097608025655
train_001485,6,0.0,0.494209546574378
train_001485,7,0.038447532281174805,0.7648683250474515
train_001485,8,0.1564093643306164,0.2715370310988249
train_001485,9,0.3176942146216447,0.11152380468249341
train_001485,10,0.5512872752283686,0.4881118047950256
train_001485,11,0.7287510508727129,0.22095429660134225
train_001485,12,0.8602766615894564,0.44649393173005064
train_001485,13,0.8709350078463571,0.9604297253404942
train_001485,14,0.8064339168406163,0.8997844503835228
train_001485,15,0.642843681850845,0.9484582989274357
train_001485,16,0.4800895293552724,0.6416325844045359
train_001485,17,0.2764876373575624,0.7914521672151821
train_001485,18,0.09371268489253205,-0.018292058406299737
train_001485,19,0.0,-0.2643868025690878
train_001485,20,0.0,-0.620949721181707
train_001485,21,0.0,-0.35916458984061506
train_001485,22,0.0,-0.7168113143299205
train_001485,23,0.0,-0.49560953499303806
train_001485,24,0.0,0.2530710931626053
train_001486,1,0.0,0.4710145182494426
train_001486,2,0.0,0.56636686120964
train_001486,3,0.0,-0.3920212715741257
train_001486,4,0.0,-0.5930674300250203
train_001486,5,0.0,-0.628657765836217
train_001486,6,0.0,0.5778967471674412
train_001486,7,0.044452271431010826,0.6514281857419963
train_001486,8,0.18369730910384943,-0.14184299505390607
train_001486,9,0.3603953440427523,-0.350649261237989
train_001486,10,0.5675763837722149,0.08636926325608679
train_001486,11,0.7571988979382946,0.24387625111346117
train_001486,12,0.8330702481596325,-0.1290134842664024
train_001486,13,0.8583288143759293,0.2987859407655561
train_001486,14,0.7925016509493392,-0.6047519514016098
train_001486,15,0.6780286475109707,-0.04935007329200893
train_001486,16,0.47539853371293017,0.6695179403686411
train_001486,17,0.2833104820502248,0.4686798877120357
train_001486,18,0.10178256778736715,0.7846529670990654
train_001486,19,0.0,-0.15293450905544817
train_001486,20,0.0,-0.30913874551856135
train_001486,21,0.0,-0.35961794032411804
train_001486,22,0.0,-0.8570867743520477
train_001486,23,0.0,-0.6357528996944952
train_001486,24,0.0,-0.6378455443748928
train_001487,1,0.0,-0.7544054798305901
train_001487,2,0.0,-0.8947282514029573
train_001487,3,0.0,-0.8418766142520094
train_001487,4,0.0,-0.5025415115623642
train_001487,5,0.0,-0.3426959735559446
train_001487,6,0.0,0.43582125832382124
train_001487,7,0.04013506901740825,-0.3131672143947903
train_001487,8,0.1527736904154569,-0.361780208127094
train_001487,9,0.3059671725644007,0.29679977541858477
train_001487,10,0.4910680123063001,-0.536770671528525
train_001487,11,0.6238979667045406,-0.20862351096393297
train_001487,12,0.7324984392548857,0.2811510748056575
train_001487,13,0.8060161944238271,0.4929664624484028
train_001487,14,0.7415775924465624,-0.018072535866401642
train_001487,15,0.6362484902985717,-0.35145303398333466
train_001487,16,0.5008747671739929,0.37593985292068355
train_001487,17,0.27634488749220837,-0.8359600722536891
train_001487,18,0.09571326025596213,-0.7352868628602305
train_001487,19,0.0,-0.5630260291738292
train_001487,20,0.0,-0.6889369104815022
train_001487,21,0.0,-0.5299408726414248
train_001487,22,0.0,-0.721069209412464
train_001487,23,0.0,-0.3797129794389254
train_001487,24,0.0,-0.5521336665383736
train_001488,1,0.0,0.8702926295542989
train_001488,2,0.0,0.19453792365782838
train_001488,3,0.0,0.11792133620328518
train_001488,4,0.0,0.030979929042296486
train_001488,5,0.0,0.6106542199983979
train_001488,6,0.0,0.4399279851680945
train_001488,7,0.03482842967164443,0.623561548632116
train_001488,8,0.13076528122151332,0.016740400862421546
train_001488,9,0.266420663513196,0.02850789162843119
train_001488,10,0.42626304979821594,-0.4978628356015514
train_001488,11,0.5704651052360837,-0.4223057277483921
train_001488,12,0.5331231123211482,-0.6882701594339116
train_001488,13,0.5082607284919635,-0.9547828415321751
train_001488,14,0.36352400280576397,-0.5509292449587535
train_001488,15,0.2815880868674752,-0.04093076933782789
train_001488,16,0.2682859106609647,-0.48076485703560756
train_001488,17,0.19207934350216335,-0.30473496135147615
train_001488,18,0.069610497827153,-0.29450013854658325
train_001488,19,0.0,-0.3574242137938369
train_001488,20,0.0,-0.29327723020117014
train_001488,21,0.0,-0.5553896089569517
train_001488,22,0.0,-0.2627601127986477
train_001488,23,0.0,0.04082981022842921
train_001488,24,0.0,0.01415845863646985
train_001489,1,0.0,-0.23649632789055786
train_001489,2,0.0,0.7087866772841438
train_001489,3,0.0,0.16563937985726251
train_001489,4,0.0,0.4814668101171323
train_001489,5,0.0,-0.15291480122932968
train_001489,6,0.0,-0.5324984218325751
train_001489,7,0.0372706198398847,-0.18732810337843694
train_001489,8,0.15079658214863767,0.17557558622929956
train_001489,9,0.3251774039934101,-0.43793011574580015
train_001489,10,0.5147300564936246,-0.38783584989310155
train_001489,11,0.6649860363015235,-0.3109677329520718
train_001489,12,0.7199813819008234,0.7602931822998713
train_001489,13,0.7200617746587671,0.3483092243935638
train_001489,14,0.6834473952668332,0.19845677303219572
train_001489,15,0.6242976268006418,0.23313587606346756
train_001489,16,0.47103052719479244,0.571073989812181
train_001489,17,0.28120463583604927,-0.38616897775339126
train_001489,18,0.09535995802146295,-0.34173082689586
train_001489,19,0.0,0.13387009204198533
train_001489,20,0.0,-0.25727330302989243
train_001489,21,0.0,0.2812618884240289
train_001489,22,0.0,-0.6077628048929702
train_001489,23,0.0,-0.36202821876653046
train_001489,24,0.0,-0.571142982536587
train_001490,1,0.0,-0.608420840974224
train_001490,2,0.0,-0.7399686443251546
train_001490,3,0.0,-0.8861144091823883
train_001490,4,0.0,-0.21985793831568284
train_001490,5,0.0,0.3853543652462477
train_001490,6,0.0,0.6901706210433897
train_001490,7,0.03840718708456631,0.779223962271334
train_001490,8,0.15115534393204855,0.776625247142879
train_001490,9,0.3181735740406239,0.18142275601037477
train_001490,10,0.5084498641733562,0.4308445416790321
train_001490,11,0.6734546083771945,0.9314841330467623
train_001490,12,0.8075342014630196,0.616799764850348
train_001490,13,0.8795545485843385,0.5579752026200142
train_001490,14,0.7822438072631972,0.8031824461562019
train_001490,15,0.6312465901595196,0.8456261246996801
train_001490,16,0.4664022204379899,0.797686600512906
train_001490,17,0.2680707628932079,0.31450621404123175
train_001490,18,0.09064448681506061,0.35877980344596744
train_001490,19,0.0,0.0968229777984257
train_001490,20,0.0,-0.027126590437725983
train_001490,21,0.0,-0.10509313553253426
train_001490,22,0.0,-0.19439886112740848
train_001490,23,0.0,-0.10230016103289448
train_001490,24,0.0,-0.20947334797875375
train_001491,1,0.0,0.8633477537037033
train_001491,2,0.0,0.46830023537219934
train_001491,3,0.0,-0.02593540573167662
train_001491,4,0.0,0.24588174290679743
train_001491,5,0.0,0.7842041878780032
train_001491,6,0.0,0.28104378879989383
train_001491,7,0.03478124687207195,0.7737827647492764
train_001491,8,0.14797178460380642,0.09830376359188754
train_001491,9,0.24708716589274193,-0.5014491432094228
train_001491,10,0.4232520750617189,0.07854376373469336
train_001491,11,0.6072547757371789,0.40236517062792176
train_001491,12,0.6097698358850213,-0.36112244583319647
train_001491,13,0.6017203522230152,0.3757074399151496
train_001491,14,0.5873517217697043,0.00928488241361978
train_001491,15,0.4660395332640146,0.5105559502053922
train_001491,16,0.3767310280617375,0.7313668224391094
train_001491,17,0.22715882941957477,0.5467216377857466
train_001491,18,0.08429699004638118,0.7017520676677182
train_001491,19,0.0,0.5561169149655236
train_001491,20,0.0,0.31007891186712677
train_001491,21,0.0,0.3720591100868405
train_001491,22,0.0,-0.44752404481481195
train_001491,23,0.0,-0.2370568962671905
train_001491,24,0.0,0.16084213359615254
train_001492,1,0.0,-0.5144643713842709
train_001492,2,0.0,-0.1434712083556233
train_001492,3,0.0,-0.511337180651768
train_001492,4,0.0,-0.7044056462708368
train_001492,5,0.0,-0.9084790704828196
train_001492,6,0.0,-0.7620595999255019
train_001492,7,0.04521832424806185,-0.08429108639408718
train_001492,8,0.16755624491329146,0.3271464775412695
train_001492,9,0.358060570821692,0.8490397158316525
train_001492,10,0.5922349341882085,0.40332716600077745
train_001492,11,0.7842954595744248,-0.2198554356436842
train_001492,12,0.8853228993433206,-0.21453762193185716
train_001492,13,0.9026763664287124,-0.4208747938878324
train_001492,14,0.8600605627227385,-0.7631790914326501
train_001492,15,0.7235827632743619,-0.5047242091767328
train_001492,16,0.5288079389531285,-0.3406688021088612
train_001492,17,0.3086153862351661,-0.5739502676072668
train_001492,18,0.11038207079888632,-0.6574582981954518
train_001492,19,0.0,0.07212712220817989
train_001492,20,0.0,0.5146679424553309
train_001492,21,0.0,0.4076245714841075
train_001492,22,0.0,0.3834935497380653
train_001492,23,0.0,0.33510586985911206
train_001492,24,0.0,0.8225552814306037
train_001493,1,0.0,0.050256916284671896
train_001493,2,0.0,-0.30395749861423943
train_001493,3,0.0,-0.6746991845590109
train_001493,4,0.0,-0.6918668362622736
train_001493,5,0.0,-0.15474970724194842
train_001493,6,0.0,0.5728465275138803
train_001493,7,0.047076649409480115,0.2298476921382577
train_001493,8,0.19358292446755898,0.19825168683403727
train_001493,9,0.38099506001033834,-0.9119106988879898
train_001493,10,0.6010525912192056,-0.7541340146506348
train_001493,11,0.7705964495283493,0.07792387961434899
train_001493,12,0.8748923079530679,0.7318152915184024
train_001493,13,0.8955167991158318,0.3191897756882266
train_001493,14,0.8594907843606506,0.6508917273803112
train_001493,15,0.7123279273340826,0.14243206122559418
train_001493,16,0.5183551566112211,-0.26660705058907336
train_001493,17,0.3047445865980227,0.38144900934990283
train_001493,18,0.10994533389287452,0.24675485777708825
train_001493,19,0.0,0.896804252482165
train_001493,20,0.0,0.9254581364315961
train_001493,21,0.0,0.8967484135747533
train_001493,22,0.0,0.9521701820298283
train_001493,23,0.0,0.8721492339163206
train_001493,24,0.0,0.6506882430548964
train_001494,1,0.0,-0.46267899701154547
train_001494,2,0.0,-0.297234535579358
train_001494,3,0.0,0.28748339412750035
train_001494,4,0.0,-0.4222546344119512
train_001494,5,0.0,0.09229213075347924
train_001494,6,0.0,-0.016047351369052016
train_001494,7,0.03763522811106035,-0.5782237980329072
train_001494,8,0.14132452407813487,-0.931140870718507
train_001494,9,0.2784899257375944,-0.04201389865320754
train_001494,10,0.4108448546477552,0.03517045841831963
train_001494,11,0.5851951696225527,0.30847939852243333
train_001494,12,0.6830582605891505,0.3474568094460212
train_001494,13,0.6598317089425184,0.03683242875455005
train_001494,14,0.5999231455567905,0.5284827118941765
train_001494,15,0.4973211263266615,-0.16871444985696557
train_001494,16,0.37144129910736695,0.11029711266142546
train_001494,17,0.2193289288260051,-0.7128991278668468
train_001494,18,0.06790137183087896,-0.4431939158202996
train_001494,19,0.0,-0.49137498510571476
train_001494,20,0.0,-0.4001071364923411
train_001494,21,0.0,0.09893966443300514
train_001494,22,0.0,-0.09684874144513757
train_001494,23,0.0,-0.42272911641191896
train_001494,24,0.0,-0.9029135912965229
train_001495,1,0.0,-0.06521820876464486
train_001495,2,0.0,-0.142203223480448
train_001495,3,0.0,0.13464921881216116
train_001495,4,0.0,0.21168295186494637
train_001495,5,0.0,0.8224377827159028
train_001495,6,0.0,0.6736380594637923
train_001495,7,0.04446506333314972,0.8886302223951921
train_001495,8,0.17626711464523526,0.8726861409565908
train_001495,9,0.3610341387387308,0.6249873771226753
train_001495,10,0.5692994457944603,0.0938824142640007
train_001495,11,0.7393661330798903,0.15566338904024765
train_001495,12,0.8367888002667054,0.08287495773645566
train_001495,13,0.846810932669622,0.02861124218199556
train_001495,14,0.8028084020778866,-0.5447259724726445
train_001495,15,0.7044915327667209,-0.8521122176380528
train_001495,16,0.5094520303221016,-0.9695868711819189
train_001495,17,0.29547465601905415,-0.8357955058117804
train_001495,18,0.10452000071795388,-0.8057869818099711
train_001495,19,0.0,-0.36619822725438633
train_001495,20,0.0,0.6037780696054733
train_001495,21,0.0,0.3771182532795846
train_001495,22,0.0,-0.30304205509721593
train_001495,23,0.0,0.07632403435233116
train_001495,24,0.0,0.3051423233777479
train_001496,1,0.0,0.5379881489562245
train_001496,2,0.0,0.5488746955717657
train_001496,3,0.0,-0.46209549481362266
train_001496,4,0.0,-0.056422748387024844
train_001496,5,0.0,-0.675200221705744
train_001496,6,0.0,-0.781484791168689
train_001496,7,0.042114485811408364,-0.29583562391903656
train_001496,8,0.16891487816360437,-0.2162331719876911
train_001496,9,0.3396005075281898,0.49947053361305915
train_001496,10,0.5425250816740772,0.12504509251847717
train_001496,11,0.6435818815225026,0.20899623848380083
train_001496,12,0.7267936214914401,0.6274934707275094
train_001496,13,0.7613357579749725,0.645112994093934
train_001496,14,0.743527773395888,0.035082494616119515
train_001496,15,0.670832180458859,0.5045745130000123
train_001496,16,0.4759304633189032,-0.13267804531498797
train_001496,17,0.29399226888718555,0.3237942527700991
train_001496,18,0.10007001419593924,0.2279409945781573
train_001496,19,0.0,0.7642099334385032
train_001496,20,0.0,0.20319189612119135
train_001496,21,0.0,-0.014884116554671504
train_001496,22,0.0,0.6510496263133884
train_001496,23,0.0,0.6334470772667882
train_001496,24,0.0,0.6613802385435712
train_001497,1,0.0,-0.11122840532152997
train_001497,2,0.0,0.2204165892971675
train_001497,3,0.0,-0.3012209433412335
train_001497,4,0.0,0.38776150156397615
train_001497,5,0.0,0.6547113239090037
train_001497,6,0.0,0.4457371838033724
train_001497,7,0.0435627531580603,0.7205394731027353
train_001497,8,0.17849243057293263,0.7803932721631187
train_001497,9,0.3502704772390411,0.5608739999912525
train_001497,10,0.5820335190923136,0.17335784246295544
train_001497,11,0.7615642006629771,0.5458555664884328
train_001497,12,0.8504669656672228,0.6613864338233626
train_001497,13,0.8751145758660431,0.936937254313452
train_001497,14,0.8174250114326103,0.39241669997482026
train_001497,15,0.7025408409976467,0.1411975442794043
train_001497,16,0.5094246142172518,-0.12424011040606621
train_001497,17,0.3044003990622525,0.7127425225805932
train_001497,18,0.09833968923476233,-0.22922815960860793
train_001497,19,0.0,-0.13553263436598934
train_001497,20,0.0,-0.7643062376781744
train_001497,21,0.0,-0.6157804246157348
train_001497,22,0.0,-0.4087131507141519
train_001497,23,0.0,-0.07330232105698585
train_001497,24,0.0,0.7059736181543018
train_001498,1,0.0,-0.5660165836118787
train_001498,2,0.0,0.6151038486140503
train_001498,3,0.0,0.6491438590486973
train_001498,4,0.0,0.9161777717036783
train_001498,5,0.0,0.9224599567586216
train_001498,6,0.0,0.27296409141399985
train_001498,7,0.040503855337749445,-0.13192705313120462
train_001498,8,0.16408896291828234,0.016817030921739466
train_001498,9,0.3002839296653581,-0.03776428697664705
train_001498,10,0.4828775214537211,-0.3933592683084084
train_001498,11,0.6387401401867342,0.11669494204132842
train_001498,12,0.7179283659992863,0.19495866926197533
train_001498,13,0.6580457441409374,-0.08896378151707399
train_001498,14,0.6871498101463744,0.31047019386951785
train_001498,15,0.632473091486971,0.6759714231308367
train_001498,16,0.4412161679034778,0.17557358654482214
train_001498,17,0.2621154127793339,-0.26068093181572705
train_001498,18,0.08371586961377532,-0.4866227500118876
train_001498,19,0.0,-0.39163619421689405
train_001498,20,0.0,-0.6444309900329868
train_001498,21,0.0,-0.49554947902125535
train_001498,22,0.0,-0.13245712712463253
train_001498,23,0.0,-0.21838696050045342
train_001498,24,0.0,0.17387090949466294
train_001499,1,0.0,0.1321351864524831
train_001499,2,0.0,0.6649824155542423
train_001499,3,0.0,0.9186486202608015
train_001499,4,0.0,0.886064826458844
train_001499,5,0.0,0.7242654743102375
train_001499,6,0.0,-0.324300059212397
train_001499,7,0.034334689040488114,0.46029156979941444
train_001499,8,0.14444759473765875,0.7870501957484577
train_001499,9,0.2178143000113625,0.29032920633280745
train_001499,10,0.33891034044590396,-0.12850735894754553
train_001499,11,0.4160080560127586,0.20117236689891252
train_001499,12,0.48911889463855107,0.041985027292194575
train_001499,13,0.6019036549750267,-0.27481834331610516
train_001499,14,0.5617144749999237,0.5893923461070293
train_001499,15,0.47099641146082993,0.2547867846089146
train_001499,16,0.3443983806079423,-0.12788111856993498
train_001499,17,0.2196422354653756,0.7246043138878058
train_001499,18,0.08068232051504941,0.7873404037861568
train_001499,19,0.0,0.8114516355515217
train_001499,20,0.0,0.37735695127723795
train_001499,21,0.0,0.4874409433704361
train_001499,22,0.0,0.9295601745632665
train_001499,23,0.0,0.7930134864019289
train_001499,24,0.0,0.5966170457570636
train_001500,1,0.0,-0.3324686425541172
train_001500,2,0.0,-0.7060811650217661
train_001500,3,0.0,-0.785452383400097
train_001500,4,0.0,-0.41134824211596704
train_001500,5,0.0,0.3262745756722918
train_001500,6,0.0,0.9168616658789264
train_001500,7,0.04567172301899333,0.9715512983248629
train_001500,8,0.17609316280371234,0.8307059397981338
train_001500,9,0.35245825730057545,0.7933228576388676
train_001500,10,0.539355737256774,0.15138445619528199
train_001500,11,0.6867271204105296,0.4671978320576746
train_001500,12,0.7712151584897017,0.2532215896967756
train_001500,13,0.7891551921179829,-0.5683504013306031
train_001500,14,0.7579898951495321,-0.006943088430874237
train_001500,15,0.5958228883520721,-0.6578316191433122
train_001500,16,0.4405585752478832,-0.5339477550280223
train_001500,17,0.26440690675711204,-0.5429764996721789
train_001500,18,0.09665098870187866,0.5239749394892088
train_001500,19,0.0,0.3869240842023129
train_001500,20,0.0,0.7247580356779811
train_001500,21,0.0,0.712454224160029
train_001500,22,0.0,0.3247863169089226
train_001500,23,0.0,-0.04067120800845318
train_001500,24,0.0,0.44295899244476883
train_001501,1,0.0,0.3652099490079386
train_001501,2,0.0,0.8535117392650815
train_001501,3,0.0,0.2158469270806485
train_001501,4,0.0,0.5320850108050135
train_001501,5,0.0,0.28076502041486057
train_001501,6,0.0,-0.2614870281889984
train_001501,7,0.04261167656269747,-0.21636965277919912
train_001501,8,0.17139223887289368,0.21893563891966675
train_001501,9,0.34014990544505896,-0.30176638572201375
train_001501,10,0.5891565507120374,0.1412183520244175
train_001501,11,0.7634792425872264,0.016352322362533606
train_001501,12,0.8979553992107918,-0.5503673219839949
train_001501,13,0.9162504858610697,-0.3638258519554967
train_001501,14,0.8480249402095065,-0.5249475366399305
train_001501,15,0.6823415491128387,-0.16338359453031728
train_001501,16,0.5066303715463724,0.18861240995075168
train_001501,17,0.29002631625329356,0.7428161384919342
train_001501,18,0.10344189873494786,0.9185514845404598
train_001501,19,0.0,0.9169801874561716
train_001501,20,0.0,0.7918866029433027
train_001501,21,0.0,0.6518379543199047
train_001501,22,0.0,-0.22856481244296534
train_001501,23,0.0,0.16244014072968527
train_001501,24,0.0,0.5473499514878457
train_001502,1,0.0,-0.019657302774274403
train_001502,2,0.0,0.6494584586259298
train_001502,3,0.0,0.35338645968531274
train_001502,4,0.0,0.6537444482888124
train_001502,5,0.0,0.450190829909339
train_001502,6,0.0,0.6597998968484781
train_001502,7,0.044857817341640516,0.9093524345863135
train_001502,8,0.17298397479556832,0.8542332301570328
train_001502,9,0.3466485275512804,0.5724178733572713
train_001502,10,0.563729962638003,0.5511038585511643
train_001502,11,0.7388920258578701,0.5702814085143562
train_001502,12,0.8465670500767833,0.8252975766945517
train_001502,13,0.9126584127298555,0.6937973612923662
train_001502,14,0.8588251836425592,0.905449655349248
train_001502,15,0.6954208464822478,0.9479002112207852
train_001502,16,0.5526362535920452,0.9785794583572928
train_001502,17,0.31408585545524603,0.9796744390004339
train_001502,18,0.1105932307401594,0.8486754472621627
train_001502,19,0.0,0.6603922736223737
train_001502,20,0.0,0.5887351667192742
train_001502,21,0.0,0.6779285400863566
train_001502,22,0.0,0.09254206014033513
train_001502,23,0.0,0.21356082738481086
train_001502,24,0.0,0.34924651756264663
train_001503,1,0.0,-0.5351807985124817
train_001503,2,0.0,-0.26828658243639686
train_001503,3,0.0,-0.03781335142520933
train_001503,4,0.0,-0.6145024027864511
train_001503,5,0.0,0.18344348927477325
train_001503,6,0.0,0.14437762553771963
train_001503,7,0.033853573012087905,0.11227178446615342
train_001503,8,0.13396555129955198,0.41784202369538237
train_001503,9,0.27929716645934893,0.7566023159524953
train_001503,10,0.43322678048017965,0.6398436475996505
train_001503,11,0.643104195035006,-0.7010158593639542
train_001503,12,0.676741205836847,0.043438123493213465
train_001503,13,0.7097983520646169,0.6592456278339681
train_001503,14,0.7697956941462146,0.6567245083385429
train_001503,15,0.6364605360775497,0.7213277898439753
train_001503,16,0.4710587570225612,0.604409184761886
train_001503,17,0.27095101271922345,-0.17291583081442818
train_001503,18,0.09478966520541271,0.39119288772688043
train_001503,19,0.0,0.3283273452599345
train_001503,20,0.0,0.59848818210644
train_001503,21,0.0,0.645285362824105
train_001503,22,0.0,0.9354672589236814
train_001503,23,0.0,0.4463869975497513
train_001503,24,0.0,-0.5216219542073711
train_001504,1,0.0,-0.4278710776455105
train_001504,2,0.0,-0.05023707200578608
train_001504,3,0.0,-0.5081646965471938
train_001504,4,0.0,-0.5623637179054235
train_001504,5,0.0,-0.14127178643736804
train_001504,6,0.0,0.5753177732412846
train_001504,7,0.04358896117111105,0.6325789983656452
train_001504,8,0.1781123389258538,-0.17943577057916119
train_001504,9,0.3528096821158291,0.5161861809471515
train_001504,10,0.5653593337662093,0.2788148407501348
train_001504,11,0.7788243537989918,0.6937911708960514
train_001504,12,0.8937633155622341,0.6328245463715971
train_001504,13,0.8889039838727424,-0.31507619575042173
train_001504,14,0.8619891270023889,-0.4220338604674519
train_001504,15,0.7485315696837272,-0.549829776554124
train_001504,16,0.5708593355640581,0.3568729411490571
train_001504,17,0.3288814088731437,-0.38235037495164437
train_001504,18,0.10916310334038429,-0.07861248888316885
train_001504,19,0.0,-0.4225940876739554
train_001504,20,0.0,0.07006024599367569
train_001504,21,0.0,-0.3240009446071954
train_001504,22,0.0,-0.1443560923275355
train_001504,23,0.0,-0.9288156937767434
train_001504,24,0.0,-0.9289147115528958
train_001505,1,0.0,-0.5033542436616578
train_001505,2,0.0,0.33499493997014335
train_001505,3,0.0,0.8533360523402909
train_001505,4,0.0,0.47916915638997626
train_001505,5,0.0,0.7215508272013653
train_001505,6,0.0,0.503017251593306
train_001505,7,0.04396476674972708,0.26746178896487005
train_001505,8,0.17602227858874356,0.41299322028936175
train_001505,9,0.3520561216502214,0.6026386185680848
train_001505,10,0.5351733729203183,0.3006133731207537
train_001505,11,0.6923092137861806,-0.16002526745696413
train_001505,12,0.8135222933325553,0.0738901005570101
train_001505,13,0.8647891584321573,-0.15728778185645823
train_001505,14,0.8669913533029658,0.6819738124438868
train_001505,15,0.7461675045473539,-0.04127571910894531
train_001505,16,0.5540729015521278,0.37145045928577075
train_001505,17,0.3175898583857637,0.06502374463797668
train_001505,18,0.10744946114239702,-0.08767803521449331
train_001505,19,0.0,0.22414161407815722
train_001505,20,0.0,-0.42963145542579007
train_001505,21,0.0,0.1824380879691678
train_001505,22,0.0,0.6937531387740179
train_001505,23,0.0,0.5531288081595356
train_001505,24,0.0,0.35613839170784206
train_001506,1,0.0,-0.9754596139000415
train_001506,2,0.0,-0.5455620267009951
train_001506,3,0.0,0.2572472377549277
train_001506,4,0.0,-0.7947371549148274
train_001506,5,0.0,-0.08168465259062155
train_001506,6,0.0,0.21626243141637086
train_001506,7,0.03529709833712021,0.299598298955303
train_001506,8,0.1471655064177816,-0.28706468889788306
train_001506,9,0.2936203200851128,-0.7547473212636742
train_001506,10,0.5129729038613571,-0.696041851376363
train_001506,11,0.6923225102571884,-0.8965582108447134
train_001506,12,0.8413264400655978,-0.6672335512962138
train_001506,13,0.8458165937674709,-0.7705322184007944
train_001506,14,0.8176246723162117,-0.6429812644457105
train_001506,15,0.6965740922448656,-0.01952375513370921
train_001506,16,0.5128926568500877,-0.2954317475227872
train_001506,17,0.2967210591555406,0.31990473787999774
train_001506,18,0.10164075342789446,0.5423511044083109
train_001506,19,0.0,0.2904792585314461
train_001506,20,0.0,0.6917400379300355
train_001506,21,0.0,0.25063220807507725
train_001506,22,0.0,0.45931877227619733
train_001506,23,0.0,0.9263138425536409
train_001506,24,0.0,0.48398368232620514
train_001507,1,0.0,-0.6248032141009763
train_001507,2,0.0,-0.043198001485956726
train_001507,3,0.0,0.660286072221086
train_001507,4,0.0,0.5904973967849241
train_001507,5,0.0,0.7788895401044235
train_001507,6,0.0,0.8625368395472475
train_001507,7,0.04486189406473586,0.5658538056264741
train_001507,8,0.18187779116678882,0.2772528405802615
train_001507,9,0.3442130373913466,0.03528520911491377
train_001507,10,0.5590918060603633,0.5312874626269927
train_001507,11,0.7365489083868956,0.7547275246707025
train_001507,12,0.8558892574022182,0.8815569210323978
train_001507,13,0.8904517873408232,0.8194595875903153
train_001507,14,0.8855650094545512,0.2727200140830494
train_001507,15,0.7246487623227031,0.17370102998848533
train_001507,16,0.5379930256944458,0.6597137670031712
train_001507,17,0.31389493745134833,0.30215807986622756
train_001507,18,0.10391091287619204,0.8994803260555035
train_001507,19,0.0,0.872296266717991
train_001507,20,0.0,0.5561066920846682
train_001507,21,0.0,0.02591009305650419
train_001507,22,0.0,0.5405689504912466
train_001507,23,0.0,0.8756052172651329
train_001507,24,0.0,0.46767833887611876
train_001508,1,0.0,0.5499902533829479
train_001508,2,0.0,0.4814146187941615
train_001508,3,0.0,0.569903272971876
train_001508,4,0.0,0.760812662239964
train_001508,5,0.0,-0.028815330260501027
train_001508,6,0.0,-0.3450560390320884
train_001508,7,0.037250738888954235,0.12043737498838383
train_001508,8,0.13592679950113426,-0.5443377192818721
train_001508,9,0.29588274447462193,-0.1021547256323147
train_001508,10,0.5162548850607477,-0.009546570167724908
train_001508,11,0.7081515492664389,0.5331661771245786
train_001508,12,0.7831468641468221,0.8233589549869464
train_001508,13,0.7817222994217611,0.5026636956595187
train_001508,14,0.719490943577784,-0.39588452630100407
train_001508,15,0.526833221512479,0.1565310666179364
train_001508,16,0.4271550725778881,0.6133650917538589
train_001508,17,0.23537805617443378,0.420947008035247
train_001508,18,0.07831249808421245,0.6087918965064858
train_001508,19,0.0,0.8008941244337343
train_001508,20,0.0,0.6204828705844527
train_001508,21,0.0,0.5532291487962241
train_001508,22,0.0,0.8049030668416723
train_001508,23,0.0,0.8136949658942935
train_001508,24,0.0,0.8721443393942504
train_001509,1,0.0,-0.28634800648796593
train_001509,2,0.0,0.5184713146402828
train_001509,3,0.0,0.11693472805330335
train_001509,4,0.0,0.6723054245559992
train_001509,5,0.0,0.7244317660847792
train_001509,6,0.0,0.29959583046204036
train_001509,7,0.03606438333105447,0.36955962593253083
train_001509,8,0.14154427317030627,0.49654314139557454
train_001509,9,0.2499043662091147,0.26417699782060927
train_001509,10,0.4270571666427347,0.437658449649576
train_001509,11,0.5736416721513002,0.444829804486468
train_001509,12,0.6942383686563857,0.5937231990827403
train_001509,13,0.7015489023223387,0.4310500845586061
train_001509,14,0.6809743612811842,0.5247691939287575
train_001509,15,0.6225521474864621,-0.25840553603938915
train_001509,16,0.4450389190986855,-0.007430016750431868
train_001509,17,0.24014650203502208,-0.7152923906995925
train_001509,18,0.07787113393887504,-0.4499319533566984
train_001509,19,0.0,0.4975694398807645
train_001509,20,0.0,0.5529896940234651
train_001509,21,0.0,0.4904928218190764
train_001509,22,0.0,0.0059633105435111895
train_001509,23,0.0,0.04875561093673142
train_001509,24,0.0,0.05869746235049052
train_001510,1,0.0,-0.25147156494602313
train_001510,2,0.0,0.023343815799456477
train_001510,3,0.0,-0.6412749023853834
train_001510,4,0.0,-0.22654383864827113
train_001510,5,0.0,0.4473030907325966
train_001510,6,0.0,0.662394429045138
train_001510,7,0.026690108119929813,0.5337605712884743
train_001510,8,0.1083034402910703,0.5316752580724687
train_001510,9,0.23271617418996704,0.4906186665215735
train_001510,10,0.3633891735546879,0.7525010119371727
train_001510,11,0.3727799723955473,0.7568053396292391
train_001510,12,0.48992753958802127,0.35138971474498265
train_001510,13,0.4949612826033931,0.22018070921632493
train_001510,14,0.5284424139931256,0.6468016517612345
train_001510,15,0.5028235477034684,0.3559433830727315
train_001510,16,0.35935660960920807,-0.257506006417086
train_001510,17,0.24608753509903497,-0.11615875310933566
train_001510,18,0.08024753163589224,-0.8592495483240179
train_001510,19,0.0,-0.8898704612542149
train_001510,20,0.0,-0.7322940859099399
train_001510,21,0.0,-0.9587139609220895
train_001510,22,0.0,-0.9510851416948191
train_001510,23,0.0,-0.978709661043146
train_001510,24,0.0,-0.8858127383661365
train_001511,1,0.0,-0.8433421568767269
train_001511,2,0.0,-0.8541050706718436
train_001511,3,0.0,-0.7128176387063224
train_001511,4,0.0,-0.5950069903974667
train_001511,5,0.0,-0.1650704277076691
train_001511,6,0.0,-0.42793323133240196
train_001511,7,0.03742758522313228,-0.6346289776659648
train_001511,8,0.14761891930844714,-0.8877232351389545
train_001511,9,0.2736746159834791,-0.8385030158217368
train_001511,10,0.4702161395940498,-0.811672364547064
train_001511,11,0.6373381786785098,-0.9448743338022999
train_001511,12,0.7912182013640232,-0.7765869809432391
train_001511,13,0.850921041619366,-0.29393722422476376
train_001511,14,0.7652235977276763,0.3011360237379671
train_001511,15,0.6568929878726281,0.6567039959031611
train_001511,16,0.4899852705668656,-0.527327504442829
train_001511,17,0.27551992072644704,0.382931113770322
train_001511,18,0.09678034178587562,0.19395889020615273
train_001511,19,0.0,0.09091972515511308
train_001511,20,0.0,-0.511579609836796
train_001511,21,0.0,-0.7969363370075484
train_001511,22,0.0,-0.9161521764507043
train_001511,23,0.0,-0.7510266387264626
train_001511,24,0.0,-0.8977246095422795
train_001512,1,0.0,-0.09916470315598834
train_001512,2,0.0,-0.7252019072411965
train_001512,3,0.0,-0.48927592069511106
train_001512,4,0.0,-0.2806332785248781
train_001512,5,0.0,0.23757022176514983
train_001512,6,0.0,0.22454757410507964
train_001512,7,0.03744229679592841,0.18235858493315965
train_001512,8,0.1383880346401669,0.17907121294540465
train_001512,9,0.2612893033996045,-0.14360561575788452
train_001512,10,0.35943110562673913,-0.022402509187099934
train_001512,11,0.5428514046995162,0.35173262271315603
train_001512,12,0.6995738957180578,0.46450432500747885
train_001512,13,0.679516318557695,-0.291741537676753
train_001512,14,0.6435367749385036,0.14972615642505005
train_001512,15,0.5231102804708243,0.5622139631650598
train_001512,16,0.3435763789494176,0.13112440318486765
train_001512,17,0.17623107639687097,0.04508054102972092
train_001512,18,0.07876488084486667,-0.19205757792280476
train_001512,19,0.0,-0.36515834508702943
train_001512,20,0.0,-0.8001626233556765
train_001512,21,0.0,-0.659778526939144
train_001512,22,0.0,-0.1799951084236857
train_001512,23,0.0,0.3373102047524364
train_001512,24,0.0,-0.3922918299590346
train_001513,1,0.0,-0.736068821742383
train_001513,2,0.0,-0.796091359246093
train_001513,3,0.0,-0.7177151393569192
train_001513,4,0.0,-0.756810714606564
train_001513,5,0.0,-0.2566082779880609
train_001513,6,0.0,-0.7035410037714307
train_001513,7,0.03814914457779243,-0.8053206272956759
train_001513,8,0.15651367481602133,-0.6309938243330487
train_001513,9,0.30201146474663876,-0.08435222492749588
train_001513,10,0.5164631805972736,-0.6753093919943277
train_001513,11,0.6417630516333395,0.11457620487450154
train_001513,12,0.7494605731228512,-0.387299806348662
train_001513,13,0.785751901087056,-0.6407247498244077
train_001513,14,0.7241184050109786,-0.16741430720512562
train_001513,15,0.5740759639553676,-0.05358713068083063
train_001513,16,0.45546838269312917,0.14519976131220702
train_001513,17,0.26752505330847515,0.10753979621767823
train_001513,18,0.0849600814446429,0.10767748159250863
train_001513,19,0.0,-0.34252114779028525
train_001513,20,0.0,-0.8288049150800665
train_001513,21,0.0,0.005741878423939843
train_001513,22,0.0,-0.26039007405153775
train_001513,23,0.0,-0.305258783882887
train_001513,24,0.0,-0.5396115935518361
train_001514,1,0.0,0.7241616617316033
train_001514,2,0.0,0.6355611096489471
train_001514,3,0.0,0.37230575903759455
train_001514,4,0.0,0.632852446992441
train_001514,5,0.0,0.6463694054298528
train_001514,6,0.0,0.20559925221444017
train_001514,7,0.04617400373665118,-0.2411039173151104
train_001514,8,0.19110801539341488,-0.4266194285458188
train_001514,9,0.37521792368082363,-0.8398913347168858
train_001514,10,0.6069016194741799,-0.46046986081987157
train_001514,11,0.8124578385068465,0.7639571302553271
train_001514,12,0.9030526878711811,0.6511091060679526
train_001514,13,0.9383099286740186,0.5127915580636302
train_001514,14,0.9035303275195984,0.1595075208519362
train_001514,15,0.7624437645512774,0.5768954364440557
train_001514,16,0.5700886118637308,0.6745812329306734
train_001514,17,0.3355892860534549,0.3207599088943653
train_001514,18,0.11477143974213376,0.46725635754699546
train_001514,19,0.0,0.2346631189073657
train_001514,20,0.0,0.5218792860316178
train_001514,21,0.0,-0.2224672512466167
train_001514,22,0.0,-0.30122773463258024
train_001514,23,0.0,0.38089240452919576
train_001514,24,0.0,-0.1344466220070741
train_001515,1,0.0,0.8751012348544258
train_001515,2,0.0,0.8315054843366219
train_001515,3,0.0,0.4367515633842322
train_001515,4,0.0,-0.5114008290405245
train_001515,5,0.0,-0.3077606856120332
train_001515,6,0.0,-0.4704315621505162
train_001515,7,0.037622782910946034,-0.4033590512989006
train_001515,8,0.14445338849403774,-0.2549874049168356
train_001515,9,0.304328854973446,-0.2998625948728228
train_001515,10,0.5017974634195549,-0.2262059587731632
train_001515,11,0.6676206644555324,0.027677399046088697
train_001515,12,0.7403711962024938,0.3560530789130949
train_001515,13,0.7509494122796502,0.275355582605887
train_001515,14,0.6368058495365546,0.39301109048123023
train_001515,15,0.5231221501099224,0.8703364178771971
train_001515,16,0.4347776492756659,0.7652522840758014
train_001515,17,0.24742822853721622,-0.3884577896152391
train_001515,18,0.08459921133318583,0.3571425993909641
train_001515,19,0.0,0.6196093022319322
train_001515,20,0.0,0.5230004517700448
train_001515,21,0.0,-0.02709278475343428
train_001515,22,0.0,-0.2799773835637463
train_001515,23,0.0,-0.6953138054780506
train_001515,24,0.0,-0.46636524470573826
train_001516,1,0.0,-0.43284932343538735
train_001516,2,0.0,-0.8217410189469855
train_001516,3,0.0,0.09653593573589876
train_001516,4,0.0,0.8898782480805408
train_001516,5,0.0,0.5405342847593737
train_001516,6,0.0,0.670939684837442
train_001516,7,0.044804136841256864,0.8457971825647863
train_001516,8,0.176486132152722,0.866501075715288
train_001516,9,0.34716628691025253,0.8940447992960078
train_001516,10,0.548681870518667,0.9463002210350091
train_001516,11,0.7178882166024634,0.9646977934473989
train_001516,12,0.8122488436197919,0.9572280064412702
train_001516,13,0.838119325821358,0.8946421732421848
train_001516,14,0.8321309751015147,0.7182628475753966
train_001516,15,0.6589508403163625,0.5017055693548762
train_001516,16,0.4824791772529188,-0.09025071057354135
train_001516,17,0.2782880956517099,0.013375342709899719
train_001516,18,0.09530205530081594,0.0970140986070251
train_001516,19,0.0,0.5499607915314414
train_001516,20,0.0,0.4151931773234933
train_001516,21,0.0,0.7879820271723863
train_001516,22,0.0,0.030768797099992466
train_001516,23,0.0,0.6127484191107907
train_001516,24,0.0,0.9206207189860147
train_001517,1,0.0,-0.5299047330003996
train_001517,2,0.0,-0.3031780116233518
train_001517,3,0.0,-0.22055102310364308
train_001517,4,0.0,-0.7271365616830364
train_001517,5,0.0,0.08729215095781001
train_001517,6,0.0,-0.29545426366675903
train_001517,7,0.04732455595727804,0.614140017456723
train_001517,8,0.18818680483698952,0.2812152881981192
train_001517,9,0.37865954917853517,-0.04441725254755619
train_001517,10,0.6148870111266063,-0.8120033084121411
train_001517,11,0.8109906409028791,-0.15969514902371626
train_001517,12,0.9182518305009912,0.6169667435844564
train_001517,13,0.9582687145164697,0.8423419581921406
train_001517,14,0.8904992351927181,-0.04918396361514886
train_001517,15,0.7634664630581582,0.5919344311466166
train_001517,16,0.5750390300794742,0.07575248751585782
train_001517,17,0.33890096881581194,0.2396164049585406
train_001517,18,0.11462906605850015,-0.60433547890832
train_001517,19,0.0,-0.14588551625176802
train_001517,20,0.0,-0.5380055851141332
train_001517,21,0.0,0.14413486733360903
train_001517,22,0.0,0.6558099484436226
train_001517,23,0.0,0.4818878279658463
train_001517,24,0.0,0.2001944895727148
train_001518,1,0.0,-0.5890839232967167
train_001518,2,0.0,-0.0477978003472524
train_001518,3,0.0,-0.3997497100577739
train_001518,4,0.0,0.11381213257809623
train_001518,5,0.0,0.13049539891545606
train_001518,6,0.0,-0.1879098446800698
train_001518,7,0.04402128441689579,-0.7343147125649474
train_001518,8,0.1697090103398529,-0.7520615678066309
train_001518,9,0.35814563389004783,-0.7840338128874658
train_001518,10,0.576483910738871,-0.24537351887776618
train_001518,11,0.7621284961315816,-0.030837080858912798
train_001518,12,0.8220435268178521,0.0726989210227456
train_001518,13,0.8087038804067858,-0.4926010754593054
train_001518,14,0.7971828700069489,0.17367692426254433
train_001518,15,0.6572069627362706,0.6518910992897335
train_001518,16,0.49777665624331763,0.5177790826302534
train_001518,17,0.3081152330089221,0.4756551979973094
train_001518,18,0.09786981308920863,0.8081743650770385
train_001518,19,0.0,0.9056963191615299
train_001518,20,0.0,0.43522921067144305
train_001518,21,0.0,0.6785692677841249
train_001518,22,0.0,0.420623710109919
train_001518,23,0.0,-0.02856371213460864
train_001518,24,0.0,0.6548255300984649
train_001519,1,0.0,0.7048813809067979
train_001519,2,0.0,-0.2764259152596284
train_001519,3,0.0,-0.5992734576121137
train_001519,4,0.0,-0.5924519221736559
train_001519,5,0.0,-0.856423014928825
train_001519,6,0.0,-0.9047265246586152
train_001519,7,0.04881283907757278,-0.8397293191794891
train_001519,8,0.19401851214968524,-0.7715002468185936
train_001519,9,0.38754925561629494,-0.8058930168728325
train_001519,10,0.6318817433091263,-0.9173744112780675
train_001519,11,0.8313622494071369,-0.44413336800628606
train_001519,12,0.9280287328226733,-0.17557232567805905
train_001519,13,0.9764816906177526,0.04185944612480547
train_001519,14,0.9177569785357789,0.07802087017222453
train_001519,15,0.771100333795598,-0.026851848665507622
train_001519,16,0.5739736858853028,-0.7804731153597881
train_001519,17,0.33758406598761476,-0.6496041594396401
train_001519,18,0.11787224774644217,-0.8972934570762591
train_001519,19,0.0,-0.642460895272397
train_001519,20,0.0,0.5941919657978718
train_001519,21,0.0,-0.23224698523229367
train_001519,22,0.0,-0.3906289163390132
train_001519,23,0.0,-0.6290737218653155
train_001519,24,0.0,-0.45939468892078067
train_001520,1,0.0,0.7876270498302753
train_001520,2,0.0,0.5371662231856715
train_001520,3,0.0,0.23471572997401483
train_001520,4,0.0,0.492373346116311
train_001520,5,0.0,-0.03859911325392886
train_001520,6,0.0,-0.2315832242343578
train_001520,7,0.0293103477118517,0.06497451678727639
train_001520,8,0.12313759652340087,-0.19329484765488364
train_001520,9,0.26214327643945873,-0.13416292206686894
train_001520,10,0.436153094528026,0.6460228560568337
train_001520,11,0.5574743960932864,0.8071688379039206
train_001520,12,0.5039464127354304,0.23628984155868027
train_001520,13,0.41654297407155005,0.29040314030531555
train_001520,14,0.43283067682335963,0.03948922439809831
train_001520,15,0.36815099813775176,0.2535046212193389
train_001520,16,0.3266097218776439,-0.2531419984727841
train_001520,17,0.16597400707067486,0.3613913650577639
train_001520,18,0.058546272504819134,0.1351092643360023
train_001520,19,0.0,0.3456479477717155
train_001520,20,0.0,-0.3494768700551113
train_001520,21,0.0,-0.05310831025176806
train_001520,22,0.0,0.2280882364416826
train_001520,23,0.0,0.5411000222334147
train_001520,24,0.0,0.035508536549697205
train_001521,1,0.0,0.042255501174990225
train_001521,2,0.0,-0.6587389940507884
train_001521,3,0.0,-0.9510311824175055
train_001521,4,0.0,-0.4752596615467767
train_001521,5,0.0,0.3130604667152627
train_001521,6,0.0,-0.09002157593797082
train_001521,7,0.035645706260698656,-0.025346398576055713
train_001521,8,0.15805036473982353,0.26351945347983363
train_001521,9,0.2930229497679397,0.2804073406936843
train_001521,10,0.44618516583036033,0.3502952022894162
train_001521,11,0.6193881716936108,0.19179775527306248
train_001521,12,0.6322368416144545,-0.28998607853957264
train_001521,13,0.6465783620929128,-0.4746044853122817
train_001521,14,0.6018060832450899,-0.46550583507546384
train_001521,15,0.4993318470855558,-0.4365260736877317
train_001521,16,0.4119907966386742,-0.5063841712956585
train_001521,17,0.242387843629178,-0.8989067068040253
train_001521,18,0.08422720231690989,-0.5583182944879951
train_001521,19,0.0,-0.4562747871207451
train_001521,20,0.0,-0.0687913598856718
train_001521,21,0.0,-0.6029003392634877
train_001521,22,0.0,-0.20726884863456851
train_001521,23,0.0,0.5003172340039852
train_001521,24,0.0,0.49612493419767456
train_001522,1,0.0,-0.6566075825934076
train_001522,2,0.0,-0.5582121105311035
train_001522,3,0.0,-0.26028546243724004
train_001522,4,0.0,-0.04623129288703134
train_001522,5,0.0,-0.17817833662832985
train_001522,6,0.0,0.34350456768774995
train_001522,7,0.030333002752525887,0.6893034315645932
train_001522,8,0.08029281323473444,0.0666051011652883
train_001522,9,0.1336869478095083,-0.40365842391193585
train_001522,10,0.2598162929111975,-0.8457486806351941
train_001522,11,0.3763207866150091,-0.9464504823038188
train_001522,12,0.4120578475676858,-0.7446215570402855
train_001522,13,0.5276768380354357,0.11448939823425197
train_001522,14,0.4096906043794099,-0.34023328998970465
train_001522,15,0.40847649127600105,-0.6445881475625147
train_001522,16,0.3628344410160625,0.009478080876576242
train_001522,17,0.1646566589475886,-0.18924864471374994
train_001522,18,0.04951740011716872,-0.0037722092702082966
train_001522,19,0.0,-0.35898522073827976
train_001522,20,0.0,0.20599072374470317
train_001522,21,0.0,0.0033541226800931547
train_001522,22,0.0,-0.7379365375204399
train_001522,23,0.0,-0.92526096976201
train_001522,24,0.0,-0.7100964121253679
train_001523,1,0.0,-0.7360254133136248
train_001523,2,0.0,-0.45797741823026195
train_001523,3,0.0,-0.6112251052727167
train_001523,4,0.0,-0.3010562028911266
train_001523,5,0.0,-0.04673863716417356
train_001523,6,0.0,0.23345072401274342
train_001523,7,0.03880965223972959,-0.19267528966852837
train_001523,8,0.15262719181666395,0.6605869493222616
train_001523,9,0.32084064794435396,0.6151728155537379
train_001523,10,0.5182370658798507,0.48837912279083484
train_001523,11,0.6794840711691152,-0.01916231137205854
train_001523,12,0.7497115402194382,-0.8541984023736926
train_001523,13,0.8038926496222545,-0.9536526750265701
train_001523,14,0.7159812221642876,-0.9753879668376114
train_001523,15,0.6134027637564757,-0.9774926629643788
train_001523,16,0.46767631422073064,-0.9885185163999383
train_001523,17,0.2921188945816773,-0.8746222646753191
train_001523,18,0.09635302159558977,-0.9621538779084953
train_001523,19,0.0,-0.7288183980377576
train_001523,20,0.0,0.09446045470913199
train_001523,21,0.0,0.4884140923191843
train_001523,22,0.0,0.034814405588213755
train_001523,23,0.0,0.4809590723839796
train_001523,24,0.0,-0.028806775934844268
train_001524,1,0.0,0.6868715772304935
train_001524,2,0.0,-0.13779282298983503
train_001524,3,0.0,-0.1701917569127468
train_001524,4,0.0,-0.4050085622205017
train_001524,5,0.0,-0.9514313165394076
train_001524,6,0.0,-0.740571019968506
train_001524,7,0.034893132437250056,-0.6995783163396777
train_001524,8,0.14669693314924204,-0.6185225898216549
train_001524,9,0.2894042392521099,0.44861082684444925
train_001524,10,0.4534699410406797,-0.31316336327202526
train_001524,11,0.5993224327201865,-0.896480660279426
train_001524,12,0.6097307383940448,-0.8386704333517219
train_001524,13,0.6298013606756027,-0.705720028769538
train_001524,14,0.5828623205192016,-0.5960884805729678
train_001524,15,0.4680558323218098,-0.7282344397889695
train_001524,16,0.3508137187434143,-0.6885056608481195
train_001524,17,0.22028197891366696,0.5357923534947284
train_001524,18,0.08305159651410406,-0.601776397552908
train_001524,19,0.0,0.04052987878469784
train_001524,20,0.0,0.19761321274833962
train_001524,21,0.0,0.09333527324717529
train_001524,22,0.0,-0.28938108082644853
train_001524,23,0.0,-0.201531841347343
train_001524,24,0.0,0.2309960363836885
train_001525,1,0.0,0.8360236008542868
train_001525,2,0.0,0.12984987206807197
train_001525,3,0.0,0.12738946885659722
train_001525,4,0.0,-0.06308996027973894
train_001525,5,0.0,0.07305450454139949
train_001525,6,0.0,-0.37481757741148136
train_001525,7,0.03687360747589304,-0.41765411763696686
train_001525,8,0.14003342459178025,-0.1606344754495279
train_001525,9,0.2855678750708686,-0.4099129072266957
train_001525,10,0.46060213009956025,-0.5867256039425113
train_001525,11,0.6100076206388308,0.3005907236888771
train_001525,12,0.7094851716090259,0.2740179336368647
train_001525,13,0.7852432133188939,0.39562445170957367
train_001525,14,0.7272562319983795,-0.5323338214094475
train_001525,15,0.6318030581147864,0.2672580640412056
train_001525,16,0.47792108977053244,0.3208733141252963
train_001525,17,0.2884494487080582,-0.09740086148748014
train_001525,18,0.09976992286177475,-0.1007537850509866
train_001525,19,0.0,-0.4766617346845511
train_001525,20,0.0,-0.2500852815066267
train_001525,21,0.0,-0.19581917502302157
train_001525,22,0.0,-0.07639997873172354
train_001525,23,0.0,-0.5795456289002346
train_001525,24,0.0,-0.6314525503140562
train_001526,1,0.0,0.1693503963084536
train_001526,2,0.0,0.4181780401431267
train_001526,3,0.0,0.6869484053397004
train_001526,4,0.0,0.8147414526965969
train_001526,5,0.0,0.8876466575714952
train_001526,6,0.0,0.7491921684138079
train_001526,7,0.04671103467236842,0.7060448037182863
train_001526,8,0.18669342533220132,0.7508995642455123
train_001526,9,0.37399572072683224,0.6262731181884023
train_001526,10,0.6046713195344139,0.3237355327249591
train_001526,11,0.7897847617439617,-0.4851218057125969
train_001526,12,0.8925714968498751,0.7499849172477278
train_001526,13,0.9385113917822113,0.5524046409588599
train_001526,14,0.8914468014455775,0.60852704814037
train_001526,15,0.7549977999719756,-0.5858574954897577
train_001526,16,0.5622041775240118,0.23095437296469126
train_001526,17,0.3212962543569535,0.07494857172279636
train_001526,18,0.10826014826934612,-0.39899549267301787
train_001526,19,0.0,0.008506142892500002
train_001526,20,0.0,0.396292828504648
train_001526,21,0.0,0.16132710889550184
train_001526,22,0.0,0.09847245605714185
train_001526,23,0.0,-0.4673476012084603
train_001526,24,0.0,-0.0144897082342475
train_001527,1,0.0,-0.4649375612815191
train_001527,2,0.0,-0.21701765931000191
train_001527,3,0.0,-0.7890789176273243
train_001527,4,0.0,-0.5065235341767242
train_001527,5,0.0,-0.09078884749660847
train_001527,6,0.0,-0.9393432934068904
train_001527,7,0.03275492682509728,-0.9241922627551591
train_001527,8,0.1319865155619222,-0.924032608512879
train_001527,9,0.2561936137621643,-0.7341420081979941
train_001527,10,0.39714207951059993,-0.8085333715205938
train_001527,11,0.5528394883637504,-0.1932859836495588
train_001527,12,0.5698235483912821,-0.6774089176304114
train_001527,13,0.5384582637058132,-0.44928028496802735
train_001527,14,0.5862333902159298,-0.5894619373265932
train_001527,15,0.5604825011664125,-0.5243929590119443
train_001527,16,0.4048361560526349,-0.713844586738792
train_001527,17,0.20144511835386017,-0.6973298016215445
train_001527,18,0.07951348768607096,-0.6472185458910622
train_001527,19,0.0,-0.6018968604623214
train_001527,20,0.0,0.11616880508312741
train_001527,21,0.0,-0.17552480852813118
train_001527,22,0.0,-0.14161106531020284
train_001527,23,0.0,-0.6330074291285273
train_001527,24,0.0,-0.7550687951986591
train_001528,1,0.0,0.5851448363070777
train_001528,2,0.0,-0.5113978107397815
train_001528,3,0.0,-0.5058107664675378
train_001528,4,0.0,0.3492072865705104
train_001528,5,0.0,0.556657077639787
train_001528,6,0.0,0.5976573850904467
train_001528,7,0.048625916537976356,0.6098908733042221
train_001528,8,0.19402854699444516,0.18720262595858958
train_001528,9,0.3862323453258244,-0.007111044186630913
train_001528,10,0.6277454646274977,0.3216771753074788
train_001528,11,0.8205344402263306,0.1850544507190743
train_001528,12,0.9226448426245123,-0.08008763719679199
train_001528,13,0.9637168313380284,0.6490157883254479
train_001528,14,0.907360993921795,0.4064548569912852
train_001528,15,0.7697406627784067,0.4955743209318655
train_001528,16,0.5813714674569664,-0.04792512333866045
train_001528,17,0.3389791480203304,-0.6248288342324175
train_001528,18,0.11572672290644782,-0.5126702956121545
train_001528,19,0.0,-0.11170451462935731
train_001528,20,0.0,-0.00717043257668527
train_001528,21,0.0,-0.5605406130982574
train_001528,22,0.0,-0.5187551251072349
train_001528,23,0.0,-0.20036009992291365
train_001528,24,0.0,-0.54243196682018
train_001529,1,0.0,0.18990432814620228
train_001529,2,0.0,0.8609675593960759
train_001529,3,0.0,0.7542305060908661
train_001529,4,0.0,0.48512610463431494
train_001529,5,0.0,0.6924853949377934
train_001529,6,0.0,-0.1626237557375413
train_001529,7,0.04166426608585299,0.3972550108678965
train_001529,8,0.15770605920814698,-0.5229877278285922
train_001529,9,0.32367667026258284,-0.06814033101139723
train_001529,10,0.5077229674798336,-0.1851322717822942
train_001529,11,0.6646163444685772,-0.9428877664474458
train_001529,12,0.6544389054667366,-0.9238226011595212
train_001529,13,0.6465057196123409,-0.9534275012480862
train_001529,14,0.6584616637454801,-0.8946506729487835
train_001529,15,0.6339922427345421,-0.7684681374249934
train_001529,16,0.4980006874015914,-0.29477724740969186
train_001529,17,0.2878597818288621,0.022909636357404107
train_001529,18,0.1052886020579313,0.052253114795539686
train_001529,19,0.0,0.19930125056556408
train_001529,20,0.0,-0.5023081039631894
train_001529,21,0.0,-0.6920383010769973
train_001529,22,0.0,-0.5707794052037904
train_001529,23,0.0,-0.6359249211418577
train_001529,24,0.0,-0.7780722472819765
train_001530,1,0.0,-0.14201074050771895
train_001530,2,0.0,0.11001251843144802
train_001530,3,0.0,-0.2237181295787431
train_001530,4,0.0,0.7471753000058987
train_001530,5,0.0,0.4685249407204466
train_001530,6,0.0,-0.13347008388338816
train_001530,7,0.04396521444765287,-0.2734925247302604
train_001530,8,0.1767691181424359,0.307015954601207
train_001530,9,0.34394010214899706,0.8402203164892014
train_001530,10,0.5605854635165468,0.6652634936155852
train_001530,11,0.7287885518119179,0.26856756253639824
train_001530,12,0.7937036462935402,0.5037928833773393
train_001530,13,0.8181278670763147,0.35742903627400385
train_001530,14,0.7902281482937124,0.7597371373278149
train_001530,15,0.6576056939718472,-0.554859492223634
train_001530,16,0.5045512247650941,-0.5591342261452679
train_001530,17,0.2761591098343606,-0.597075029522673
train_001530,18,0.10206318662306575,-0.5289266510713719
train_001530,19,0.0,0.41007087241067763
train_001530,20,0.0,0.43685815852940146
train_001530,21,0.0,0.7950843004224006
train_001530,22,0.0,0.16482487608725957
train_001530,23,0.0,0.7709313302137862
train_001530,24,0.0,0.2671306860011135
train_001531,1,0.0,0.657899953270624
train_001531,2,0.0,0.5471227607775819
train_001531,3,0.0,0.323015790570297
train_001531,4,0.0,-0.3998855716143184
train_001531,5,0.0,-0.09114939506273073
train_001531,6,0.0,-0.14786953732094782
train_001531,7,0.033066859095849166,-0.1457449025185531
train_001531,8,0.11785467260976344,-0.5246080894651381
train_001531,9,0.2051545648835627,0.1297100622464314
train_001531,10,0.3707622090007982,-0.5367077628896064
train_001531,11,0.566760516737961,-0.7119141490005756
train_001531,12,0.5536326470137807,-0.5395528208109414
train_001531,13,0.5941445142552775,-0.5988168635930688
train_001531,14,0.6436402738019747,-0.5360589507099589
train_001531,15,0.5659490949563671,-0.3180709242352451
train_001531,16,0.46113433631396233,-0.841535768351713
train_001531,17,0.26007269573056657,-0.8855507333744362
train_001531,18,0.08399032969757318,-0.658664174527424
train_001531,19,0.0,0.40526119681996986
train_001531,20,0.0,-0.07306229277504706
train_001531,21,0.0,-0.6789562544084013
train_001531,22,0.0,-0.6907068929713442
train_001531,23,0.0,-0.3468363760621123
train_001531,24,0.0,-0.7211993119237164
train_001532,1,0.0,0.7328425963176712
train_001532,2,0.0,0.8500516410654747
train_001532,3,0.0,0.9690585139010661
train_001532,4,0.0,0.9849338051168093
train_001532,5,0.0,0.962236724769391
train_001532,6,0.0,0.8616952601568975
train_001532,7,0.03943741493942519,0.9190673060834941
train_001532,8,0.1488230018780335,0.969297105301686
train_001532,9,0.3114617944304411,0.879477271386486
train_001532,10,0.5104741497644649,0.935562101444148
train_001532,11,0.6563225816519058,0.9425440010631759
train_001532,12,0.6839440881469534,0.8581191040913673
train_001532,13,0.7222245384740675,0.8969297963419998
train_001532,14,0.6849237256371907,0.40374306062636295
train_001532,15,0.5887789857702653,-0.2867870547531014
train_001532,16,0.4866876874562258,0.31374013073955154
train_001532,17,0.2617400409639246,-0.40572430974994167
train_001532,18,0.08883982261546226,-0.5465501835053828
train_001532,19,0.0,0.011842545486766737
train_001532,20,0.0,0.7532436797815024
train_001532,21,0.0,0.1365375457514075
train_001532,22,0.0,-0.053801131967400447
train_001532,23,0.0,0.11944015314509143
train_001532,24,0.0,-0.14777981484226158
train_001533,1,0.0,-0.45311525054635265
train_001533,2,0.0,-0.52091184449352
train_001533,3,0.0,0.7207657923853832
train_001533,4,0.0,0.6446916349818702
train_001533,5,0.0,0.7612991298292953
train_001533,6,0.0,0.16056886086419397
train_001533,7,0.03553115843125462,0.23841952380793663
train_001533,8,0.1431315505023963,0.2324100953267954
train_001533,9,0.268211462270423,0.671384070094053
train_001533,10,0.4334767053593805,-0.27404751224789653
train_001533,11,0.5686117155642603,0.18840088277795408
train_001533,12,0.6223427684445045,0.22229095584069114
train_001533,13,0.6347371712381269,0.21033141488395152
train_001533,14,0.5624671626805502,-0.07793874157258134
train_001533,15,0.5320359941242144,-0.5326875390743109
train_001533,16,0.36814091253472425,-0.6238368464157354
train_001533,17,0.20562417067869213,-0.5319607422439593
train_001533,18,0.07854694872827837,-0.9555501103018562
train_001533,19,0.0,-0.8652448354890845
train_001533,20,0.0,-0.9523803215384109
train_001533,21,0.0,-0.9145713133099614
train_001533,22,0.0,-0.9510767206062047
train_001533,23,0.0,-0.89944216080163
train_001533,24,0.0,-0.8995869972735627
train_001534,1,0.0,-0.6652791136610586
train_001534,2,0.0,-0.9461584785981498
train_001534,3,0.0,-0.8384392689082315
train_001534,4,0.0,-0.48994049371431037
train_001534,5,0.0,-0.8767593189395934
train_001534,6,0.0,-0.5120202780025316
train_001534,7,0.046321166558324585,0.09131444468447059
train_001534,8,0.18526070203797673,0.13560594767205203
train_001534,9,0.37417577205503,-0.6876610834884099
train_001534,10,0.6058589074452954,-0.5713110121136374
train_001534,11,0.7909035853468916,-0.6016003133698222
train_001534,12,0.8560352937112646,-0.7608823290405496
train_001534,13,0.8744174544994818,-0.5286703096224443
train_001534,14,0.8662928643864819,0.07788137752154362
train_001534,15,0.682921935308356,-0.014612857954160341
train_001534,16,0.49762704864150986,-0.18215579341748514
train_001534,17,0.29093488174829735,-0.13717797741474083
train_001534,18,0.10356164285618892,-0.18366080625912914
train_001534,19,0.0,-0.06592565412441385
train_001534,20,0.0,-0.16574768943250595
train_001534,21,0.0,0.15006669061661723
train_001534,22,0.0,0.6594131343635052
train_001534,23,0.0,0.26685785241224463
train_001534,24,0.0,-0.5526845841789452
train_001535,1,0.0,0.07093535461730469
train_001535,2,0.0,-0.15562891223256564
train_001535,3,0.0,0.02523544907268233
train_001535,4,0.0,-0.5728472503894784
train_001535,5,0.0,-0.7018181017804255
train_001535,6,0.0,-0.7763790945439699
train_001535,7,0.03158067530238259,-0.43997887217861464
train_001535,8,0.1263080188997859,-0.42785478166069424
train_001535,9,0.24502908246730937,-0.4147827151039414
train_001535,10,0.34830597049499945,0.20024727224616107
train_001535,11,0.5799265371000902,-0.4407242215191547
train_001535,12,0.6372986240994529,-0.003434352327209851
train_001535,13,0.6994754693013646,0.29728266465526015
train_001535,14,0.6825238244495683,0.6772992943704866
train_001535,15,0.4969907858602241,0.3659724736892896
train_001535,16,0.42154310134326517,0.34580219887810254
train_001535,17,0.2879633639908341,0.03566166673074678
train_001535,18,0.09041420074695196,-0.7205728747561941
train_001535,19,0.0,-0.7100641490343376
train_001535,20,0.0,-0.35268891923050366
train_001535,21,0.0,0.306506804108613
train_001535,22,0.0,0.5759473694618327
train_001535,23,0.0,-0.47201352821096454
train_001535,24,0.0,0.049758330293789954
train_001536,1,0.0,0.15961094671210402
train_001536,2,0.0,-0.5068350037846702
train_001536,3,0.0,-0.5490020625414693
train_001536,4,0.0,-0.7403384637678111
train_001536,5,0.0,-0.8593651471929893
train_001536,6,0.0,-0.7932518349326338
train_001536,7,0.04058016288570373,-0.48507617364238087
train_001536,8,0.16421148530143104,-0.09167974615590087
train_001536,9,0.31572640065122487,-0.6333267369028135
train_001536,10,0.46328584042520227,-0.44120168920551445
train_001536,11,0.6511168802153557,0.1880928509547257
train_001536,12,0.7128466269480805,0.8406251862092827
train_001536,13,0.8154850600821616,0.4189007665514686
train_001536,14,0.7948607749425054,0.4031824349920103
train_001536,15,0.6440835900963415,-0.03845833916287242
train_001536,16,0.49496348214418356,0.08335929694153195
train_001536,17,0.2851564726460154,0.08611045100573696
train_001536,18,0.08948551498655286,0.4458215191022665
train_001536,19,0.0,0.8033257656966097
train_001536,20,0.0,0.43992442577973645
train_001536,21,0.0,-0.6474421890826534
train_001536,22,0.0,-0.9539855848150548
train_001536,23,0.0,-0.7586870424957606
train_001536,24,0.0,-0.7699658695406137
train_001537,1,0.0,0.6608267756257524
train_001537,2,0.0,0.39828332661776383
train_001537,3,0.0,0.809350814913049
train_001537,4,0.0,0.8862434593783008
train_001537,5,0.0,0.8516358357343722
train_001537,6,0.0,0.6322944189553243
train_001537,7,0.04674756220866733,-0.5118244215638337
train_001537,8,0.18530647033006653,-0.5792317671734414
train_001537,9,0.37274031848578676,-0.3506223337122751
train_001537,10,0.609615930968913,0.16196499876799836
train_001537,11,0.7812340228232304,0.2691899977126999
train_001537,12,0.8922530646875734,0.43822895730282735
train_001537,13,0.9329131599958348,-0.1570520890100967
train_001537,14,0.8774662414306048,-0.8354681764801992
train_001537,15,0.7404938539270649,0.4991809250128193
train_001537,16,0.548157795809991,0.5712188992821645
train_001537,17,0.3228832968233014,-0.28078770905883665
train_001537,18,0.10936671451761804,-0.14868773987348846
train_001537,19,0.0,0.6126975125283737
train_001537,20,0.0,0.1995364253929289
train_001537,21,0.0,0.010050875199868694
train_001537,22,0.0,0.5477526182889227
train_001537,23,0.0,0.46765440585332874
train_001537,24,0.0,0.4261909505802743
train_001538,1,0.0,-0.07873186452186282
train_001538,2,0.0,-0.6718841214911183
train_001538,3,0.0,-0.8786076635657002
train_001538,4,0.0,-0.4251625611918152
train_001538,5,0.0,-0.5382873413312148
train_001538,6,0.0,-0.1645182799286267
train_001538,7,0.04091843658730549,-0.30576136252327835
train_001538,8,0.1674919680486253,0.2541928011596186
train_001538,9,0.32132717134685884,-0.12998378450404183
train_001538,10,0.5440125866107979,-0.3042256827545254
train_001538,11,0.7376520555883224,-0.5575920584876539
train_001538,12,0.8507462042318094,-0.7069927769070109
train_001538,13,0.9072109886822257,-0.6617197297579829
train_001538,14,0.8674659390713689,-0.6828002565192892
train_001538,15,0.7392534789272114,-0.18517597512131156
train_001538,16,0.5475380319930276,0.027648142723554252
train_001538,17,0.32600701024173695,-0.023490389061911397
train_001538,18,0.11196147171214031,0.6141044292882876
train_001538,19,0.0,-0.16086645327257734
train_001538,20,0.0,0.14315829457571716
train_001538,21,0.0,0.2662658348023782
train_001538,22,0.0,-0.27491570935242887
train_001538,23,0.0,0.1789732755423767
train_001538,24,0.0,0.6238424438244354
train_001539,1,0.0,-0.14288861061562097
train_001539,2,0.0,-0.15574804091030833
train_001539,3,0.0,-0.8293611726028138
train_001539,4,0.0,-0.5632208871051118
train_001539,5,0.0,-0.7145936481784245
train_001539,6,0.0,-0.52959600264567
train_001539,7,0.043279543241045604,-0.664783459127779
train_001539,8,0.16857240991112163,-0.3832238055839482
train_001539,9,0.34184430986046715,-0.151257549579328
train_001539,10,0.528576064154292,-0.4267021556726249
train_001539,11,0.7102331907518633,-0.5716094721797607
train_001539,12,0.8055489079997427,-0.912864788368978
train_001539,13,0.8645920349676429,-0.732244214993102
train_001539,14,0.8071533291231419,-0.8280932237883071
train_001539,15,0.6923874484241599,-0.8371703113338461
train_001539,16,0.5220630836091101,-0.9073906225112323
train_001539,17,0.3131470953464,-0.5956702105395079
train_001539,18,0.10885408541318174,-0.5317995897732242
train_001539,19,0.0,-0.5838153088931475
train_001539,20,0.0,0.38476865101675384
train_001539,21,0.0,0.6054586716773762
train_001539,22,0.0,-0.3968689632189752
train_001539,23,0.0,-0.37949409045061916
train_001539,24,0.0,-0.04276464244526476
train_001540,1,0.0,0.06945372102687243
train_001540,2,0.0,-0.24370525126059084
train_001540,3,0.0,-0.9166139308133954
train_001540,4,0.0,-0.8764219858047876
train_001540,5,0.0,-0.8792969251701146
train_001540,6,0.0,-0.895977784602134
train_001540,7,0.041227190884241094,-0.4841065339852627
train_001540,8,0.15899481020433992,-0.5112066924961087
train_001540,9,0.3208779089759885,-0.6422354517915894
train_001540,10,0.5165328023968014,-0.8940586325179749
train_001540,11,0.6063360305196583,-0.6212858552757159
train_001540,12,0.7938960755402588,-0.33061191920480315
train_001540,13,0.7996572691949259,-0.5504786826210744
train_001540,14,0.7373401539781774,0.09581913576264589
train_001540,15,0.6369921638559246,0.6678964806016592
train_001540,16,0.3969656294524486,0.4487618155801776
train_001540,17,0.24303596261399057,0.5647301971686994
train_001540,18,0.07995528161722731,0.08677585719596034
train_001540,19,0.0,0.09233993263372285
train_001540,20,0.0,0.2984939766179754
train_001540,21,0.0,-0.07394536541341716
train_001540,22,0.0,0.38021045113919727
train_001540,23,0.0,-0.5747494717033103
train_001540,24,0.0,0.3148960114591126
train_001541,1,0.0,0.06376426538201586
train_001541,2,0.0,0.5234820628381878
train_001541,3,0.0,-0.6448749359166677
train_001541,4,0.0,-0.8891120460842301
train_001541,5,0.0,-0.7583455206897759
train_001541,6,0.0,-0.8512378022742361
train_001541,7,0.03419420187931674,-0.03998747191238107
train_001541,8,0.13161934831288732,0.5584727917945975
train_001541,9,0.27652604074751713,0.5045568090460331
train_001541,10,0.4516849912366847,0.4712575337451994
train_001541,11,0.5489238223299043,0.7917659141221735
train_001541,12,0.5997172019868886,0.7068662679103838
train_001541,13,0.6230102219991528,0.8304853634495026
train_001541,14,0.6214120539919573,-0.14429167613697133
train_001541,15,0.5500493091648923,-0.06861530936909728
train_001541,16,0.40187019961788184,-0.8948269115606137
train_001541,17,0.23534780172788192,-0.6253290117381141
train_001541,18,0.08129928032029732,-0.24269826326388722
train_001541,19,0.0,-0.47454499822889973
train_001541,20,0.0,-0.5330670527170827
train_001541,21,0.0,-0.33791124351278085
train_001541,22,0.0,0.6340347165384321
train_001541,23,0.0,0.6088623845714833
train_001541,24,0.0,0.6397180306469658
train_001542,1,0.0,0.7810712430023444
train_001542,2,0.0,0.08340495509472808
train_001542,3,0.0,-0.45595956358092693
train_001542,4,0.0,0.7310879641875929
train_001542,5,0.0,0.4428702746317962
train_001542,6,0.0,-0.2438173496184987
train_001542,7,0.034972228583942375,0.03533525636510552
train_001542,8,0.12621880195667012,0.7628186738050685
train_001542,9,0.26213814000621594,0.3675028239602285
train_001542,10,0.44281806386387956,0.5856043286618751
train_001542,11,0.5898311707921942,0.6411752241742741
train_001542,12,0.6196086003633018,0.32004683575368303
train_001542,13,0.6671993827953611,-0.0634452399671496
train_001542,14,0.6936612695575716,0.6875220433075303
train_001542,15,0.6199335120083652,0.6228172478872411
train_001542,16,0.4453937417278151,-0.2291204422340067
train_001542,17,0.21246154899617872,0.023441679240813855
train_001542,18,0.07753842807547506,0.45395176670974535
train_001542,19,0.0,0.7088921488236632
train_001542,20,0.0,-0.23346752949059515
train_001542,21,0.0,-0.2501335262462633
train_001542,22,0.0,0.05559563174254955
train_001542,23,0.0,-0.7931077249243084
train_001542,24,0.0,-0.29206596334171375
train_001543,1,0.0,-0.08132141893720615
train_001543,2,0.0,0.08497981925589251
train_001543,3,0.0,0.6421126116718476
train_001543,4,0.0,0.28991125115817773
train_001543,5,0.0,0.4293204969339763
train_001543,6,0.0,-0.20943967963933133
train_001543,7,0.04680158871850241,0.6196100274183309
train_001543,8,0.18753386891138335,0.16609671260644018
train_001543,9,0.3686725828208421,-0.10903709668465147
train_001543,10,0.6050575320568327,-0.4231212570285713
train_001543,11,0.7843780068881776,-0.9530010621295741
train_001543,12,0.9091406584882492,-0.9121528866896996
train_001543,13,0.9543963092711597,-0.9360179595582703
train_001543,14,0.9128796127841687,-0.7378224060598343
train_001543,15,0.7710766731555765,-0.38397803766914723
train_001543,16,0.5793642170568019,-0.6964034475284805
train_001543,17,0.3319481976213702,-0.45521185029773076
train_001543,18,0.11228276480935966,-0.8145384602826042
train_001543,19,0.0,-0.5051794739298907
train_001543,20,0.0,-0.6137082000835319
train_001543,21,0.0,-0.6136335167692899
train_001543,22,0.0,-0.767608051288435
train_001543,23,0.0,-0.6345388496445827
train_001543,24,0.0,-0.4344849075675345
train_001544,1,0.0,0.4212617494300605
train_001544,2,0.0,-0.12622691416530446
train_001544,3,0.0,-0.4831620308385225
train_001544,4,0.0,-0.3347007247097895
train_001544,5,0.0,-0.388289582185106
train_001544,6,0.0,-0.8734059471265074
train_001544,7,0.047939313838524344,-0.30064749038173744
train_001544,8,0.19168484411955233,-0.5308115552986692
train_001544,9,0.3872602404399248,-0.5920807020220206
train_001544,10,0.6231093016131376,-0.839655126092988
train_001544,11,0.8120864694890345,-0.3733237219875583
train_001544,12,0.9142452302603075,-0.7103767367697411
train_001544,13,0.9651992208149197,-0.7496648395831094
train_001544,14,0.9158434667012271,0.2925624932399579
train_001544,15,0.7704613892430658,-0.0834533316046259
train_001544,16,0.5776458645375521,-0.5782466333623495
train_001544,17,0.33473107591698664,-0.5465739104573711
train_001544,18,0.11492299828558927,-0.7843239856659432
train_001544,19,0.0,-0.8238389512290298
train_001544,20,0.0,-0.804524909406104
train_001544,21,0.0,-0.7436639518874115
train_001544,22,0.0,-0.20235565274829653
train_001544,23,0.0,-0.8872377072320777
train_001544,24,0.0,0.24952373958487828
train_001545,1,0.0,0.007513684685074165
train_001545,2,0.0,0.619751789548287
train_001545,3,0.0,0.262357247155376
train_001545,4,0.0,0.4795738857921119
train_001545,5,0.0,-0.6800065608304138
train_001545,6,0.0,-0.4625042262388115
train_001545,7,0.028634087279232584,-0.3471212196811751
train_001545,8,0.11732105290844336,-0.7729184975453629
train_001545,9,0.20395061835086056,-0.6555109706124673
train_001545,10,0.2804201341013483,-0.8628754759402835
train_001545,11,0.36706419258700446,-0.828378555764066
train_001545,12,0.32264851944069706,-0.46973323900022557
train_001545,13,0.34050906431430666,-0.7686524521986409
train_001545,14,0.3424832787352655,-0.5329270350173316
train_001545,15,0.289571424806854,-0.7866775311916628
train_001545,16,0.23790947405777796,-0.6101622998376456
train_001545,17,0.18090122715483073,-0.7069513009725885
train_001545,18,0.05849256909270529,-0.44451377410574777
train_001545,19,0.0,0.30337218418808376
train_001545,20,0.0,0.6111098551968321
train_001545,21,0.0,0.10494270726383784
train_001545,22,0.0,-0.5042488457477728
train_001545,23,0.0,-0.861579432469906
train_001545,24,0.0,-0.8718470627113803
train_001546,1,0.0,-0.19685781269494806
train_001546,2,0.0,0.6884702564155432
train_001546,3,0.0,0.592426443922554
train_001546,4,0.0,-0.5021263780133978
train_001546,5,0.0,0.19019079952851262
train_001546,6,0.0,0.22927306776410733
train_001546,7,0.0342951427429354,0.16671609113895808
train_001546,8,0.12392656083400261,-0.47431116625582714
train_001546,9,0.2650587726626561,0.38687795217571547
train_001546,10,0.39589106946022923,-0.6932558262854349
train_001546,11,0.5376986035958317,-0.36905528510483154
train_001546,12,0.5942181756965197,0.27506361542767094
train_001546,13,0.5381559890238692,0.8392937824206126
train_001546,14,0.5598376928659815,0.8786041653105231
train_001546,15,0.5070137256222139,0.5669214609652438
train_001546,16,0.3315503895783642,0.39049722796232145
train_001546,17,0.20180889616115566,0.1184582368262235
train_001546,18,0.07393670541272462,-0.4679771190474644
train_001546,19,0.0,0.1278337675358042
train_001546,20,0.0,0.6221129731964907
train_001546,21,0.0,-0.1707682301354867
train_001546,22,0.0,0.6350137838376453
train_001546,23,0.0,0.7886533349978426
train_001546,24,0.0,0.7641992602683085
train_001547,1,0.0,0.5501758310638509
train_001547,2,0.0,0.6760857282942955
train_001547,3,0.0,0.5910201770386689
train_001547,4,0.0,0.578538105769616
train_001547,5,0.0,0.06887014289155768
train_001547,6,0.0,-0.11409155901118283
train_001547,7,0.04514397015050221,0.15267479369600268
train_001547,8,0.18039651144433744,-0.548334649521655
train_001547,9,0.34747830201327584,-0.22856975851771236
train_001547,10,0.5748012376451099,-0.1711278542721581
train_001547,11,0.7772999930208077,0.3868104859016123
train_001547,12,0.8926234650904287,0.6202835719171118
train_001547,13,0.9518656531881958,-0.16453758526749596
train_001547,14,0.8925275012781628,0.21349395008838196
train_001547,15,0.7538915909517702,0.4869284551520432
train_001547,16,0.5515100768170963,0.43979963219676377
train_001547,17,0.31494519791491465,0.7029875048551472
train_001547,18,0.10617987075002121,0.5728146865813439
train_001547,19,0.0,0.5327160751978347
train_001547,20,0.0,0.7693357054073027
train_001547,21,0.0,-0.07499487238490586
train_001547,22,0.0,-0.7245639984809332
train_001547,23,0.0,-0.16450450072353975
train_001547,24,0.0,0.3744275936148316
train_001548,1,0.0,-0.677769452088932
train_001548,2,0.0,-0.5001762817465852
train_001548,3,0.0,0.03718531492004939
train_001548,4,0.0,-0.2589769709932315
train_001548,5,0.0,0.05479142852484822
train_001548,6,0.0,0.30202403200057504
train_001548,7,0.04149686271349566,0.4039227911478889
train_001548,8,0.16062234844076806,0.21815198936075308
train_001548,9,0.3304106712998916,0.3480658191826843
train_001548,10,0.48892204250384685,0.5560512355508516
train_001548,11,0.641473440720006,0.31594000497814934
train_001548,12,0.7000567293617538,0.7260103477324993
train_001548,13,0.7426645941931532,0.6689916987929397
train_001548,14,0.6555161194153821,0.6018727873941678
train_001548,15,0.5691946030672989,0.1546468884761868
train_001548,16,0.45997161175270806,-0.029834584046014936
train_001548,17,0.26662403698263176,-0.29948850708464486
train_001548,18,0.08055941774812415,-0.24615943656742778
train_001548,19,0.0,-0.07317868934674027
train_001548,20,0.0,-0.4213634484961024
train_001548,21,0.0,-0.30404607294496916
train_001548,22,0.0,-0.5619742878063482
train_001548,23,0.0,-0.8805607010221967
train_001548,24,0.0,-0.746640504177595
train_001549,1,0.0,-0.7650069039375378
train_001549,2,0.0,-0.9546661610548173
train_001549,3,0.0,-0.9514661540725031
train_001549,4,0.0,-0.5248649196994646
train_001549,5,0.0,-0.20245332896540907
train_001549,6,0.0,0.5425414821179996
train_001549,7,0.041196385126504975,0.3901215912020897
train_001549,8,0.16074548359095542,0.17287644118562745
train_001549,9,0.3043936023699144,-0.6450485453343815
train_001549,10,0.48847874103488453,-0.7541079207392796
train_001549,11,0.6767359394293168,0.2698168744506495
train_001549,12,0.7647476106304366,-0.6931369538158008
train_001549,13,0.7975414224193672,-0.980074019938142
train_001549,14,0.7097101631861525,-0.8801340421961441
train_001549,15,0.5659823675447384,-0.6231482704626686
train_001549,16,0.412037570035422,-0.5061142723814882
train_001549,17,0.2583637340024821,0.2312038412798007
train_001549,18,0.09199206369393137,0.38537037388756457
train_001549,19,0.0,0.4412056977834867
train_001549,20,0.0,0.6110982892918492
train_001549,21,0.0,0.8457751148259973
train_001549,22,0.0,0.5767020491452286
train_001549,23,0.0,0.5498311160208278
train_001549,24,0.0,-0.3673707512849478
train_001550,1,0.0,0.6595910101500189
train_001550,2,0.0,0.6297061579519874
train_001550,3,0.0,0.5297244520798832
train_001550,4,0.0,0.38249822278011725
train_001550,5,0.0,0.711466125534976
train_001550,6,0.0,0.48486139050349286
train_001550,7,0.04283655991193519,0.6287859433644933
train_001550,8,0.16577219918328695,0.28596924151703
train_001550,9,0.33700149492201814,0.6365656410696292
train_001550,10,0.5883364121906852,0.020406115563708187
train_001550,11,0.7360348942587583,-0.3852153426963619
train_001550,12,0.8014904443260799,-0.2917582794682523
train_001550,13,0.83892258281239,-0.08380492551596942
train_001550,14,0.8599769488722006,-0.3715801750809109
train_001550,15,0.7138744610201788,-0.26401719698352066
train_001550,16,0.5553471954159921,-0.7681180075434151
train_001550,17,0.3195611818693612,-0.8309459040063031
train_001550,18,0.11274365863766912,-0.8961398314603174
train_001550,19,0.0,-0.6914637298951312
train_001550,20,0.0,-0.7784963638765662
train_001550,21,0.0,0.14404946857383616
train_001550,22,0.0,-0.12542091077351347
train_001550,23,0.0,-0.5353658090598605
train_001550,24,0.0,0.08699839035924288
train_001551,1,0.0,0.1469498468957326
train_001551,2,0.0,-0.6925505523235651
train_001551,3,0.0,0.09348657305045247
train_001551,4,0.0,-0.12619889301885698
train_001551,5,0.0,-0.11675097779227187
train_001551,6,0.0,-0.7909867318660575
train_001551,7,0.03335111708208993,-0.6093774525303834
train_001551,8,0.13799328764285276,-0.7097897395352337
train_001551,9,0.29631863012887955,-0.8409421285601062
train_001551,10,0.47243648715388364,-0.7916466182065984
train_001551,11,0.5533522789352452,-0.6374033299940514
train_001551,12,0.6581991697846875,-0.9035391884420375
train_001551,13,0.6890311192556862,-0.9625013639818575
train_001551,14,0.7006425757813134,-0.9100344203500341
train_001551,15,0.5535434468321272,-0.8284223154059496
train_001551,16,0.39300792008571467,-0.6886311479875988
train_001551,17,0.2032312688594725,-0.9400833292280072
train_001551,18,0.07013990842981187,-0.7144191317028135
train_001551,19,0.0,-0.6070251493917225
train_001551,20,0.0,-0.8836581515045794
train_001551,21,0.0,-0.6001965113763644
train_001551,22,0.0,-0.7485697267941975
train_001551,23,0.0,-0.6710329024339078
train_001551,24,0.0,-0.7860311546881518
train_001552,1,0.0,0.23962038372341044
train_001552,2,0.0,-0.4335555709287031
train_001552,3,0.0,-0.09576692746218886
train_001552,4,0.0,0.12161322394122208
train_001552,5,0.0,0.9741696964914228
train_001552,6,0.0,0.7781966861876717
train_001552,7,0.047718194814933675,0.5604591014127127
train_001552,8,0.18636561478739752,0.16146659981315056
train_001552,9,0.36889684353001934,0.5238807978443316
train_001552,10,0.592961953291573,0.3246028771146161
train_001552,11,0.7663533931763631,0.5680678505131904
train_001552,12,0.8665366559964087,0.2932266872676556
train_001552,13,0.9082204188572122,-0.03658192244176209
train_001552,14,0.8687346079210182,0.03568557811214506
train_001552,15,0.750651359007092,0.6712922854408077
train_001552,16,0.5461314828367064,-0.39628620609657184
train_001552,17,0.3208063833338191,-0.8642276791651959
train_001552,18,0.10816788875239859,-0.278870039883554
train_001552,19,0.0,0.1161075232487439
train_001552,20,0.0,0.30194626021765525
train_001552,21,0.0,-0.22195495789948494
train_001552,22,0.0,-0.8156341735538143
train_001552,23,0.0,-0.6624046410586235
train_001552,24,0.0,-0.668516185624759
train_001553,1,0.0,0.04704548158658652
train_001553,2,0.0,0.3445171864812389
train_001553,3,0.0,0.31325812102489825
train_001553,4,0.0,-0.10321278468599226
train_001553,5,0.0,-0.6366695801279302
train_001553,6,0.0,0.6492806607403169
train_001553,7,0.038373804466442375,0.5680292655395844
train_001553,8,0.1629648293686652,0.26816201685457336
train_001553,9,0.31530145476351384,0.7459953688770409
train_001553,10,0.5103465852213003,0.5923311400657818
train_001553,11,0.6349314655934662,0.24541415481815915
train_001553,12,0.6852179459155023,0.6183975515277943
train_001553,13,0.6836039994120389,0.8266548260345532
train_001553,14,0.5686238484049294,0.00836287347977112
train_001553,15,0.46888846223483294,0.7668844473855405
train_001553,16,0.3862546179172666,0.49830719790635813
train_001553,17,0.24488743147430408,-0.2959528085021793
train_001553,18,0.08187730626397997,-0.25955782763379914
train_001553,19,0.0,0.3267474744907061
train_001553,20,0.0,0.4182561245043093
train_001553,21,0.0,-0.23457670470548758
train_001553,22,0.0,0.41587171541001117
train_001553,23,0.0,0.6482144373147769
train_001553,24,0.0,0.9296819423159511
train_001554,1,0.0,0.02692616463674758
train_001554,2,0.0,0.352159042780173
train_001554,3,0.0,-0.16630215934034162
train_001554,4,0.0,-0.09973678277619244
train_001554,5,0.0,0.31986045242648925
train_001554,6,0.0,0.7341953733378186
train_001554,7,0.038995391014506366,0.6223980090455864
train_001554,8,0.15139887833448532,0.6888939658008961
train_001554,9,0.3038507337268397,0.7126076819182285
train_001554,10,0.4882416876222937,0.6195971823969695
train_001554,11,0.6416051675829314,0.2573008543762802
train_001554,12,0.6709299347261038,0.752580580900633
train_001554,13,0.7430098972395034,-0.0152200184840418
train_001554,14,0.7803814430913313,-0.12798358009283586
train_001554,15,0.6875222787215098,-0.07652930865070418
train_001554,16,0.5443683660698975,0.5840311141404844
train_001554,17,0.30978020251890764,0.06635889192170243
train_001554,18,0.10977711807536646,0.6030149100004876
train_001554,19,0.0,-0.16439190155611574
train_001554,20,0.0,-0.7530612017941231
train_001554,21,0.0,-0.6665383039978753
train_001554,22,0.0,-0.6912383337864002
train_001554,23,0.0,-0.7148667529683594
train_001554,24,0.0,-0.49420107286315906
train_001555,1,0.0,-0.6557126740494911
train_001555,2,0.0,-0.4985708367837639
train_001555,3,0.0,-0.31644514649043726
train_001555,4,0.0,-0.3097439025626101
train_001555,5,0.0,0.12015436751498888
train_001555,6,0.0,0.32475537259748805
train_001555,7,0.027349433620716776,0.6876670544033581
train_001555,8,0.11279465827499083,0.7929702149412341
train_001555,9,0.22194161413952918,-0.2507318833271122
train_001555,10,0.36667992179925707,-0.6739556600626166
train_001555,11,0.5992151925282468,-0.38114525246555103
train_001555,12,0.6739518097535336,-0.6911549579878482
train_001555,13,0.7347397059369954,-0.2133194624886796
train_001555,14,0.6784469904228014,-0.1949273749375173
train_001555,15,0.5262736049574048,-0.6207187298473756
train_001555,16,0.4188458254032845,-0.5507740794825242
train_001555,17,0.23712479568330674,-0.3627619443609507
train_001555,18,0.0816728193430676,0.3208552547947034
train_001555,19,0.0,0.7797826180244385
train_001555,20,0.0,0.8907131787322876
train_001555,21,0.0,0.42004238496622426
train_001555,22,0.0,0.1672422107724784
train_001555,23,0.0,0.24568055856866894
train_001555,24,0.0,0.526113391997529
train_001556,1,0.0,0.2001123454656665
train_001556,2,0.0,0.1141311563454556
train_001556,3,0.0,0.7992684921762172
train_001556,4,0.0,0.8261297619032076
train_001556,5,0.0,0.7080476906260373
train_001556,6,0.0,0.155028874539009
train_001556,7,0.03435833736745764,-0.7336995503081337
train_001556,8,0.13397854146406687,-0.48136907205109614
train_001556,9,0.2504932496351873,-0.3418298482698984
train_001556,10,0.4644405090271115,-0.8884824342630091
train_001556,11,0.6652543297047788,-0.533438997910866
train_001556,12,0.8129145974713182,-0.6102380889731738
train_001556,13,0.8572478264473514,-0.7488907811603656
train_001556,14,0.8334632018002146,-0.5341701987128205
train_001556,15,0.674883369339467,-0.7452443915705408
train_001556,16,0.5237953224231526,-0.23359484223244642
train_001556,17,0.31222916696438496,-0.14783237244505792
train_001556,18,0.10539732738269246,0.685987503226915
train_001556,19,0.0,0.7862187836329249
train_001556,20,0.0,0.8326763957833097
train_001556,21,0.0,0.48222350345768406
train_001556,22,0.0,0.7587660592636835
train_001556,23,0.0,0.42261036643318195
train_001556,24,0.0,0.3486560571780742
train_001557,1,0.0,0.722306398317179
train_001557,2,0.0,0.5010444540557202
train_001557,3,0.0,0.8360594268018668
train_001557,4,0.0,0.559898157813218
train_001557,5,0.0,0.26436335673486444
train_001557,6,0.0,-0.6454824554783818
train_001557,7,0.03480335785949657,-0.5731629175472377
train_001557,8,0.13299939393082807,-0.5355223922983032
train_001557,9,0.27290821840738777,-0.4394419235707162
train_001557,10,0.42011898404472653,-0.6519508867735417
train_001557,11,0.6249570816223999,-0.5208698004049983
train_001557,12,0.7181348055194976,-0.5760845098472037
train_001557,13,0.7752708927232403,-0.8519540583701295
train_001557,14,0.7234525387148399,-0.4807772399133279
train_001557,15,0.5688423305017807,-0.4508574930477685
train_001557,16,0.4356332962693202,-0.54252963245333
train_001557,17,0.29214111716072994,-0.3039216008254902
train_001557,18,0.10142542160678254,0.06250694614854163
train_001557,19,0.0,-0.3018830012011583
train_001557,20,0.0,0.533808459640086
train_001557,21,0.0,-0.1021042965205391
train_001557,22,0.0,0.03962141232824893
train_001557,23,0.0,0.2546361620851535
train_001557,24,0.0,0.19702637317349284
train_001558,1,0.0,-0.8050097813326278
train_001558,2,0.0,-0.7266232680781249
train_001558,3,0.0,-0.6658838639250151
train_001558,4,0.0,-0.487367945612424
train_001558,5,0.0,0.1502369635926493
train_001558,6,0.0,0.29309044630636594
train_001558,7,0.03979922284761492,0.6102080622209878
train_001558,8,0.1583727032911997,0.36101108235513046
train_001558,9,0.31263970391485496,0.3649011635686598
train_001558,10,0.5151482156818671,0.39029845139929503
train_001558,11,0.6873769258305863,0.8559436851850148
train_001558,12,0.7158743449267521,0.9237353019713695
train_001558,13,0.7407026649611578,0.7737875884353856
train_001558,14,0.7092266478264703,0.6820713238235396
train_001558,15,0.5850317837367621,0.7529764434249787
train_001558,16,0.44975866990901464,-0.22946181710254704
train_001558,17,0.2444456445570063,-0.008517023527323912
train_001558,18,0.08330909829110275,0.6791980027470406
train_001558,19,0.0,-0.14817069150981171
train_001558,20,0.0,-0.810275957894683
train_001558,21,0.0,-0.0050704935571252285
train_001558,22,0.0,-0.29665432937962144
train_001558,23,0.0,-0.5203193726899659
train_001558,24,0.0,0.3700706574344914
train_001559,1,0.0,-0.7249143668703435
train_001559,2,0.0,-0.25929111212376776
train_001559,3,0.0,-0.16157846080279378
train_001559,4,0.0,0.7162192568702133
train_001559,5,0.0,0.9109786278873454
train_001559,6,0.0,-0.16829948927977464
train_001559,7,0.03278417668525023,-0.7123152246107403
train_001559,8,0.14440190170730324,-0.4676870819014053
train_001559,9,0.2584497786340993,-0.03660112286761371
train_001559,10,0.4016217687830465,0.22947841448930145
train_001559,11,0.4798466138928997,0.8475616203913378
train_001559,12,0.45234902764311613,0.8077701960245495
train_001559,13,0.5157699605392806,-0.15526803873235256
train_001559,14,0.5095842728771597,-0.5494440548864203
train_001559,15,0.3587143996719493,-0.42746008227006804
train_001559,16,0.2823698446562489,-0.9255822695204856
train_001559,17,0.1664985030627806,-0.8772014394297252
train_001559,18,0.06138935966504024,-0.7872143439341895
train_001559,19,0.0,-0.23859505128189173
train_001559,20,0.0,0.08123685328944169
train_001559,21,0.0,0.13161288829166248
train_001559,22,0.0,-0.828456328361023
train_001559,23,0.0,-0.8364734424692661
train_001559,24,0.0,0.09082776173424681
train_001560,1,0.0,0.11075085919053719
train_001560,2,0.0,-0.39413258309351007
train_001560,3,0.0,-0.257308486132731
train_001560,4,0.0,-0.022712056433335293
train_001560,5,0.0,-0.26811441339855974
train_001560,6,0.0,-0.3592743442578433
train_001560,7,0.04303604332912064,-0.5439238203004051
train_001560,8,0.16462813289107903,0.20706183859664928
train_001560,9,0.317946400046897,0.8192187369271426
train_001560,10,0.5249870839098227,0.7166824142150165
train_001560,11,0.654594496808956,0.7175549623702288
train_001560,12,0.7325273962574651,0.6857096901839704
train_001560,13,0.6975685054236901,0.6314410209139982
train_001560,14,0.694252041011904,0.1099016382755218
train_001560,15,0.5944242302608921,0.21384314053593376
train_001560,16,0.47984166768401904,0.7525534438567819
train_001560,17,0.2730955333090822,0.9415221354025817
train_001560,18,0.09199303934418548,0.8319375588689877
train_001560,19,0.0,0.26884373598006367
train_001560,20,0.0,-0.6070252782207555
train_001560,21,0.0,-0.04636146724620344
train_001560,22,0.0,-0.7540613818669224
train_001560,23,0.0,-0.8455350351788095
train_001560,24,0.0,-0.10549897157908524
train_001561,1,0.0,-0.7951216802107594
train_001561,2,0.0,-0.7143439042113288
train_001561,3,0.0,-0.5770801422972799
train_001561,4,0.0,-0.7771210833607669
train_001561,5,0.0,-0.1504063626525875
train_001561,6,0.0,-0.08894075922880645
train_001561,7,0.039516910760954094,0.7074454898338618
train_001561,8,0.15533531108554177,0.9335269296517745
train_001561,9,0.2738554574521705,0.692621737957541
train_001561,10,0.509439493643161,0.4539828259580747
train_001561,11,0.6442801791426308,0.2033195968779564
train_001561,12,0.7414919678161457,0.4869478252817362
train_001561,13,0.7716525055315898,0.8056614656450274
train_001561,14,0.6965037747047298,0.8227435543777959
train_001561,15,0.6036856999067224,0.23119114087443612
train_001561,16,0.41365359201727786,-0.5908575380736696
train_001561,17,0.23007635278721048,-0.6242942503884593
train_001561,18,0.08768202739372528,-0.689332111421789
train_001561,19,0.0,-0.6919986871303829
train_001561,20,0.0,-0.9343428098388069
train_001561,21,0.0,-0.9593688036728257
train_001561,22,0.0,-0.7922391979135684
train_001561,23,0.0,-0.625633758763798
train_001561,24,0.0,-0.2981714943361499
train_001562,1,0.0,-0.7650642428844124
train_001562,2,0.0,-0.6172966968429027
train_001562,3,0.0,-0.5283687954504293
train_001562,4,0.0,0.5545719668225038
train_001562,5,0.0,0.5013959295183377
train_001562,6,0.0,-0.7196402588051942
train_001562,7,0.04356252875090967,-0.4097670353030794
train_001562,8,0.1692629557965422,-0.4309441830100874
train_001562,9,0.32252572700678894,-0.6133652986091276
train_001562,10,0.5333851399277977,0.04735191782123653
train_001562,11,0.7304828075458576,0.1213867099595557
train_001562,12,0.8545416048009438,0.3740653873675774
train_001562,13,0.8969222373571111,0.3687094879013501
train_001562,14,0.8571389418082848,-0.11173008985044502
train_001562,15,0.7171345802670449,-0.46155475864170253
train_001562,16,0.5628293595555213,-0.6459180452489705
train_001562,17,0.32796647499909326,-0.4837804798712734
train_001562,18,0.1137110205099274,-0.28530521714163964
train_001562,19,0.0,-0.5541330579687012
train_001562,20,0.0,-0.7362830730366123
train_001562,21,0.0,-0.6554009846284576
train_001562,22,0.0,-0.4146235193124271
train_001562,23,0.0,-0.8041222644575408
train_001562,24,0.0,0.17816744589581934
train_001563,1,0.0,0.2270835324195377
train_001563,2,0.0,0.13648069626413567
train_001563,3,0.0,0.15397661135382842
train_001563,4,0.0,0.36929079123385355
train_001563,5,0.0,0.39602917912202373
train_001563,6,0.0,0.36806654147944934
train_001563,7,0.03250969544268392,0.5609781630310455
train_001563,8,0.11925515976250761,0.578682822799238
train_001563,9,0.24816441043126664,-0.337987687469183
train_001563,10,0.3809858639091709,-0.03265988741961061
train_001563,11,0.5004212402341287,-0.22459862556606425
train_001563,12,0.5772540099871205,-0.2251828488446072
train_001563,13,0.611813247993218,-0.3437385774387643
train_001563,14,0.6074901998889967,0.4027455712237746
train_001563,15,0.5788961054358638,0.5232565373522489
train_001563,16,0.413067675914954,-0.8551724700433075
train_001563,17,0.2734540485825418,-0.8176009453522369
train_001563,18,0.09231345079632779,-0.7850322351444434
train_001563,19,0.0,-0.7953304064381925
train_001563,20,0.0,0.296222018982558
train_001563,21,0.0,-0.4842292103046698
train_001563,22,0.0,-0.7597595378585489
train_001563,23,0.0,-0.4614761899063324
train_001563,24,0.0,-0.2212296144724829
train_001564,1,0.0,0.1217846469950459
train_001564,2,0.0,-0.6640040867640261
train_001564,3,0.0,-0.32723066742949247
train_001564,4,0.0,-0.4648862708929895
train_001564,5,0.0,0.5806369724741614
train_001564,6,0.0,0.8368427050212122
train_001564,7,0.04268384573613701,0.12015623107642019
train_001564,8,0.18074953827537368,0.18184200152886884
train_001564,9,0.3357663045906889,0.7865633376175487
train_001564,10,0.5581892243357658,0.659934717373099
train_001564,11,0.7515966705592214,0.31139375924308077
train_001564,12,0.8649420157128751,0.33018329024217485
train_001564,13,0.9021740207241024,-0.3164743662722468
train_001564,14,0.8282183589177694,-0.575792048909307
train_001564,15,0.6924290790323674,-0.16622763133489554
train_001564,16,0.521981913501831,-0.09052390566455637
train_001564,17,0.29722166955448104,-0.3413137586875058
train_001564,18,0.09585672142946215,0.06929391144412844
train_001564,19,0.0,0.30177164636303355
train_001564,20,0.0,0.7052650370118827
train_001564,21,0.0,0.7861849832488899
train_001564,22,0.0,0.38981260332274414
train_001564,23,0.0,0.39648692232105304
train_001564,24,0.0,0.28840050327427874
train_001565,1,0.0,0.2719090265547512
train_001565,2,0.0,-0.39427076774860464
train_001565,3,0.0,-0.29596173240516493
train_001565,4,0.0,-0.3272065099703552
train_001565,5,0.0,-0.8203145315593964
train_001565,6,0.0,-0.9212087780832449
train_001565,7,0.03222369535861085,-0.7421168408674577
train_001565,8,0.13472628484546426,-0.9542776150918396
train_001565,9,0.2675279946100319,-0.6887727467358356
train_001565,10,0.40035361273023606,-0.9458654742746592
train_001565,11,0.45035134587664355,-0.3772807317026995
train_001565,12,0.4806767982804957,0.7456435685274209
train_001565,13,0.5116117180160082,0.9748692523373049
train_001565,14,0.49925616067454837,0.7548104872776062
train_001565,15,0.4403208409909891,0.38684370159337916
train_001565,16,0.36683231674479616,0.46970916298440446
train_001565,17,0.1777228824339609,0.8709775997708588
train_001565,18,0.059685130350491125,0.804200585010903
train_001565,19,0.0,0.5912764425919692
train_001565,20,0.0,-0.0957554816840799
train_001565,21,0.0,0.28784251522279536
train_001565,22,0.0,0.17634142780525824
train_001565,23,0.0,0.6178562140616228
train_001565,24,0.0,0.32083848864032777
train_001566,1,0.0,0.9761954449321371
train_001566,2,0.0,0.8044838803942933
train_001566,3,0.0,0.3063011845384465
train_001566,4,0.0,0.3918710252443277
train_001566,5,0.0,-0.030746858686557525
train_001566,6,0.0,-0.53113722620215
train_001566,7,0.04315455556251507,-0.40038901630569085
train_001566,8,0.15634001885679982,-0.3663957190501591
train_001566,9,0.3103481704096311,-0.04856370842151719
train_001566,10,0.5008471699663142,0.5235591884741265
train_001566,11,0.6154926308122518,0.30442288114634874
train_001566,12,0.6247260216312667,0.49134401028609154
train_001566,13,0.7549618713781597,-0.44086393523610046
train_001566,14,0.7549316058191037,-0.6109314741472857
train_001566,15,0.6481947596796558,-0.6200322773728275
train_001566,16,0.4681560072418792,-0.49704499201461816
train_001566,17,0.264866891559447,-0.5924251666603989
train_001566,18,0.09117718357481405,-0.7240976870084832
train_001566,19,0.0,-0.9534867366290393
train_001566,20,0.0,-0.8672818125020278
train_001566,21,0.0,-0.7118842838560544
train_001566,22,0.0,-0.7655782058928892
train_001566,23,0.0,-0.6145804600136328
train_001566,24,0.0,-0.8021341569830398
train_001567,1,0.0,-0.11023543365291776
train_001567,2,0.0,0.7612313968155912
train_001567,3,0.0,0.8370029464511983
train_001567,4,0.0,0.897701973745381
train_001567,5,0.0,0.9809435014934836
train_001567,6,0.0,0.9338034467402805
train_001567,7,0.038850565153,0.9294734750792628
train_001567,8,0.14706954593631674,0.8382635449097048
train_001567,9,0.28495051460823534,0.6748017411009051
train_001567,10,0.4521694767777059,0.661470407290562
train_001567,11,0.5428114940869719,0.8194978013804394
train_001567,12,0.6552441722969494,0.4079321609483673
train_001567,13,0.7692423985897631,0.5687214416773805
train_001567,14,0.7065737050645223,0.22778996159484047
train_001567,15,0.6131241303116638,0.2263404626300096
train_001567,16,0.47915491213594935,0.5176201083926577
train_001567,17,0.30728414524557507,0.3790352971646816
train_001567,18,0.10491784361825837,0.26690841390469217
train_001567,19,0.0,0.3684372780438482
train_001567,20,0.0,0.2652289722932289
train_001567,21,0.0,-0.43986959177000606
train_001567,22,0.0,-0.7094594885323435
train_001567,23,0.0,-0.6848109818913113
train_001567,24,0.0,-0.22693516182854115
train_001568,1,0.0,-0.8287980240092649
train_001568,2,0.0,-0.9282648337310807
train_001568,3,0.0,-0.7101249772868371
train_001568,4,0.0,-0.33637643475704593
train_001568,5,0.0,-0.6783105998249981
train_001568,6,0.0,0.07725078147061995
train_001568,7,0.03795515832684334,0.8631939785860533
train_001568,8,0.15979332866631699,0.7752001976590728
train_001568,9,0.34044961456285033,0.69191202138614
train_001568,10,0.5397097500739078,-0.2693960712662578
train_001568,11,0.7340026416138596,-0.03366928593825808
train_001568,12,0.7985829639490754,-0.06399497989244948
train_001568,13,0.8266479479590346,-0.37157126428782383
train_001568,14,0.7639057997265823,0.37589139724940096
train_001568,15,0.6345801903682311,0.820869134469663
train_001568,16,0.45458630488881646,0.7427013146772117
train_001568,17,0.2737794902297792,0.8408471288364341
train_001568,18,0.09965724964447736,0.8055789138331353
train_001568,19,0.0,0.5845977993137664
train_001568,20,0.0,0.5442849713274065
train_001568,21,0.0,-0.1916280984769479
train_001568,22,0.0,-0.3367210502858058
train_001568,23,0.0,-0.11441956329688573
train_001568,24,0.0,-0.7433774614751092
train_001569,1,0.0,0.5863476801458362
train_001569,2,0.0,-0.5327642729888533
train_001569,3,0.0,0.14855416878253938
train_001569,4,0.0,0.4367995369002246
train_001569,5,0.0,0.9409913056255033
train_001569,6,0.0,0.8001054710886122
train_001569,7,0.04676091931036419,0.694740052610242
train_001569,8,0.18611251994439115,-0.04736445003160205
train_001569,9,0.3696147164659184,0.1705427837837251
train_001569,10,0.5947512091081341,-0.2277217318857821
train_001569,11,0.7878305440137948,0.49308388642468537
train_001569,12,0.8810311549633485,0.6013173111318706
train_001569,13,0.9168493902133693,0.5982826318588748
train_001569,14,0.8707067644833457,-0.20232469749745238
train_001569,15,0.7446335365871695,-0.17820316592602262
train_001569,16,0.5606210498571215,0.6028549765226395
train_001569,17,0.32913042702527506,0.39988595513905745
train_001569,18,0.11078374160410613,0.6843525933505072
train_001569,19,0.0,0.6888318409208232
train_001569,20,0.0,-0.0975260439345218
train_001569,21,0.0,-0.5543204372503079
train_001569,22,0.0,-0.052193926380262406
train_001569,23,0.0,-0.4646091476377522
train_001569,24,0.0,0.0807404128848828
train_001570,1,0.0,0.6787072838958246
train_001570,2,0.0,0.06992298304653961
train_001570,3,0.0,-0.7380732955138901
train_001570,4,0.0,-0.799957097949629
train_001570,5,0.0,-0.9515669307687491
train_001570,6,0.0,-0.6806966844048226
train_001570,7,0.04286019193694398,-0.20953479812336132
train_001570,8,0.1615401340675055,-0.05566670346827777
train_001570,9,0.32739189804810914,-0.667714069274852
train_001570,10,0.5550704413228325,0.4961689947723148
train_001570,11,0.7524968069373936,0.12483621308497747
train_001570,12,0.8223044576802409,0.6857642308350422
train_001570,13,0.8420626017992991,0.5473014183717992
train_001570,14,0.7946636145487243,0.481404249104857
train_001570,15,0.6736318205003641,0.12468207457754375
train_001570,16,0.4781681352895828,-0.32894516342776425
train_001570,17,0.294020891162577,-0.44103078866050477
train_001570,18,0.10357593786469718,0.268913827849561
train_001570,19,0.0,-0.6411437238109801
train_001570,20,0.0,-0.7208837765811371
train_001570,21,0.0,-0.24500494605553635
train_001570,22,0.0,0.12556194706424645
train_001570,23,0.0,0.20875440828745065
train_001570,24,0.0,-0.7361900939414583
train_001571,1,0.0,0.037461470655464645
train_001571,2,0.0,0.38234428314543706
train_001571,3,0.0,-0.05951871951659798
train_001571,4,0.0,-0.6681926001264475
train_001571,5,0.0,-0.6502512589770597
train_001571,6,0.0,-0.12168618633519918
train_001571,7,0.04430197876431914,-0.4341795173535998
train_001571,8,0.17572392687628804,0.17765714301290375
train_001571,9,0.34772524777078817,0.11288035928225526
train_001571,10,0.5670362132783914,0.4644183330156372
train_001571,11,0.7111469465876923,0.2767823673615671
train_001571,12,0.8486547131662587,0.4065560226986718
train_001571,13,0.8717947968574982,-0.017258063223764015
train_001571,14,0.856044719174435,-0.09892462369697788
train_001571,15,0.7126081430739819,-0.6488077119605018
train_001571,16,0.5618218785604104,-0.8414966032751674
train_001571,17,0.31577175891645304,-0.9293511471520606
train_001571,18,0.11220069675990067,-0.7844618576720689
train_001571,19,0.0,-0.93495845284099
train_001571,20,0.0,-0.9760743417754338
train_001571,21,0.0,-0.9008756649542727
train_001571,22,0.0,-0.9545152930841211
train_001571,23,0.0,-0.8335340087437739
train_001571,24,0.0,-0.07094160992905064
train_001572,1,0.0,0.082798527055771
train_001572,2,0.0,-0.617718750771898
train_001572,3,0.0,-0.8643346703308264
train_001572,4,0.0,0.06268823126897538
train_001572,5,0.0,0.4783581184095286
train_001572,6,0.0,0.13144296606344613
train_001572,7,0.043251469473937466,-0.2163529569008735
train_001572,8,0.1750398940084297,-0.13235261896240033
train_001572,9,0.3563370312376614,0.28033619889649425
train_001572,10,0.5675793172744071,0.6712995775166269
train_001572,11,0.7293500689080726,0.873764227055313
train_001572,12,0.8125291536860245,0.8056468666052062
train_001572,13,0.8554506422501809,0.7317173881215742
train_001572,14,0.8005850694359838,0.7813029625596981
train_001572,15,0.6754394368144568,0.6669440645466593
train_001572,16,0.5060399511365511,0.762248493905829
train_001572,17,0.2764504054666322,0.601526198955888
train_001572,18,0.09528623700390502,0.3779045522024607
train_001572,19,0.0,0.43554528618400085
train_001572,20,0.0,0.2043660279944747
train_001572,21,0.0,0.4340219065238555
train_001572,22,0.0,-0.33400551084962876
train_001572,23,0.0,0.2379988033315539
train_001572,24,0.0,0.7552908539972413
train_001573,1,0.0,0.7898994032234864
train_001573,2,0.0,0.8181690315596912
train_001573,3,0.0,0.9027193864907239
train_001573,4,0.0,0.300483195393963
train_001573,5,0.0,0.5207103109600562
train_001573,6,0.0,0.6474138718925557
train_001573,7,0.040871338515749686,0.8893867575876889
train_001573,8,0.1527541651706322,0.6784692856749868
train_001573,9,0.27386633451463155,0.43049948885403255
train_001573,10,0.40351473911312963,0.42880428103835644
train_001573,11,0.485163639431098,0.27170322146669224
train_001573,12,0.6261643184935403,0.495807883212403
train_001573,13,0.6651888482991729,0.09223549194520791
train_001573,14,0.6377810581772,-0.20264560962073233
train_001573,15,0.5565224032483228,-0.3021990585516225
train_001573,16,0.4465176281685127,0.013178553195206742
train_001573,17,0.22852288288216102,0.04363227372187178
train_001573,18,0.0770633370726844,-0.22716616336629644
train_001573,19,0.0,0.6604652228054848
train_001573,20,0.0,-0.09264856662642114
train_001573,21,0.0,-0.13586629977032103
train_001573,22,0.0,-0.650442397224696
train_001573,23,0.0,-0.341050946398116
train_001573,24,0.0,-0.296455988660557
train_001574,1,0.0,-0.4738203285942034
train_001574,2,0.0,-0.918928945118485
train_001574,3,0.0,-0.5282766509540722
train_001574,4,0.0,-0.8172246240418262
train_001574,5,0.0,-0.8579065221014284
train_001574,6,0.0,-0.785456784756523
train_001574,7,0.028964583356175945,-0.4109013039663249
train_001574,8,0.10476970437487075,-0.527473348000574
train_001574,9,0.21148849919988294,0.10080033994368004
train_001574,10,0.38644668822247946,-0.19979470183533488
train_001574,11,0.5195095528856175,-0.6259235240086334
train_001574,12,0.5710223498831943,-0.12426560478301608
train_001574,13,0.6039455336256833,0.1690861455805996
train_001574,14,0.48411853903582835,0.4098703708529979
train_001574,15,0.43123996331431125,0.3453701150439988
train_001574,16,0.3538893179605621,0.8499947356655345
train_001574,17,0.1920116305089452,0.6694565757823477
train_001574,18,0.06648359547458864,0.5402174703674165
train_001574,19,0.0,0.33046188364022777
train_001574,20,0.0,-0.602678178210009
train_001574,21,0.0,-0.09241112425645329
train_001574,22,0.0,0.42522251807634875
train_001574,23,0.0,0.8003842564739625
train_001574,24,0.0,0.8881281069019283
train_001575,1,0.0,0.8630985269686778
train_001575,2,0.0,0.8744880628961094
train_001575,3,0.0,0.594708781060892
train_001575,4,0.0,0.061711878085892534
train_001575,5,0.0,0.4232181587948531
train_001575,6,0.0,0.7428467940819805
train_001575,7,0.025642712595271594,0.3322193581636105
train_001575,8,0.0949175665002634,0.5941636423393841
train_001575,9,0.18785797707370977,0.22660399989153904
train_001575,10,0.262380583618894,0.09994956468711418
train_001575,11,0.3659862601217052,-0.5389078138422259
train_001575,12,0.4744073988266755,-0.17515065538064165
train_001575,13,0.533017486597163,-0.754178528742992
train_001575,14,0.45127106629186464,-0.68122960346291
train_001575,15,0.42133253982628577,-0.6174909155796657
train_001575,16,0.2987615903286622,-0.5272255876578122
train_001575,17,0.17877497487090377,0.5225903645446862
train_001575,18,0.06048694692284028,0.687225182204338
train_001575,19,0.0,0.16283499781276167
train_001575,20,0.0,0.09066891320632328
train_001575,21,0.0,-0.7368551630190954
train_001575,22,0.0,-0.9611614943950335
train_001575,23,0.0,-0.9135075164081999
train_001575,24,0.0,-0.9761607625240286
train_001576,1,0.0,0.6832801710820654
train_001576,2,0.0,0.6752707467135841
train_001576,3,0.0,0.04929980363852262
train_001576,4,0.0,0.03491415426176141
train_001576,5,0.0,0.17154719307252053
train_001576,6,0.0,0.6001988443637841
train_001576,7,0.023340289542584176,0.7886687880672348
train_001576,8,0.08959802431079089,0.7151581996138627
train_001576,9,0.22010571881923655,0.7310261636420504
train_001576,10,0.3416073083806364,0.732802892795597
train_001576,11,0.3883874427576204,-0.3668818870537716
train_001576,12,0.5236230447183838,-0.17715704709961927
train_001576,13,0.6016745314780922,0.5969516810986361
train_001576,14,0.5424620778357082,0.24271659658878084
train_001576,15,0.5271919722025585,0.9412312072193375
train_001576,16,0.4402629589271515,0.8934423806267916
train_001576,17,0.24806605627345177,0.8853060599411201
train_001576,18,0.0804258439982512,0.48737651113380676
train_001576,19,0.0,0.382984412623787
train_001576,20,0.0,-0.42348891019562535
train_001576,21,0.0,-0.07039611471636441
train_001576,22,0.0,-0.6575087815405409
train_001576,23,0.0,-0.6839253436863968
train_001576,24,0.0,-0.7313987833054879
train_001577,1,0.0,-0.9117857958961166
train_001577,2,0.0,-0.7693241770106785
train_001577,3,0.0,-0.9272365221503859
train_001577,4,0.0,-0.775419653805337
train_001577,5,0.0,-0.38278556439412875
train_001577,6,0.0,-0.34485102065039236
train_001577,7,0.04770907834444078,0.5758962950563462
train_001577,8,0.18898550565773917,0.5223240491662997
train_001577,9,0.3735415744043066,-0.4018593543955425
train_001577,10,0.6027427610242757,0.24437778725156134
train_001577,11,0.7800929046829976,-0.11116980908956665
train_001577,12,0.8920821612336404,0.40511030914352403
train_001577,13,0.9158994590665143,0.8370699597149832
train_001577,14,0.8435170286286221,0.9195830480588378
train_001577,15,0.730730353558636,0.7674478824407562
train_001577,16,0.5431628049776457,0.2864323198602815
train_001577,17,0.3283757041194462,0.2404473010197279
train_001577,18,0.1110772891873097,0.017986184556781238
train_001577,19,0.0,0.516528854244411
train_001577,20,0.0,0.33325124653092525
train_001577,21,0.0,0.8484552540949974
train_001577,22,0.0,0.566103879670321
train_001577,23,0.0,0.6556974814603049
train_001577,24,0.0,0.4274004821875859
train_001578,1,0.0,-0.6381130437706901
train_001578,2,0.0,-0.5071910200810187
train_001578,3,0.0,-0.03513312954289181
train_001578,4,0.0,-0.5643799428952831
train_001578,5,0.0,-0.06290640856408627
train_001578,6,0.0,-0.6900012293100926
train_001578,7,0.04459109819793288,-0.6650528921690257
train_001578,8,0.1728791027328744,-0.6590444792224832
train_001578,9,0.32428375520885966,-0.5734370623752979
train_001578,10,0.5418597490514984,-0.18863879867529204
train_001578,11,0.7165133434104622,-0.27937685663691847
train_001578,12,0.7325308890513509,-0.15446396186084357
train_001578,13,0.8552796089995673,0.11089985310789217
train_001578,14,0.8155670673255665,0.5536596058036731
train_001578,15,0.7191098572406971,-0.05868450449304144
train_001578,16,0.5523938417728712,-0.012084343411287142
train_001578,17,0.32489804431025743,-0.46826537114547206
train_001578,18,0.11011810929881091,-0.6522520951303277
train_001578,19,0.0,-0.6033482357175997
train_001578,20,0.0,-0.38440772917162974
train_001578,21,0.0,0.04625884341339489
train_001578,22,0.0,-0.04151990770443546
train_001578,23,0.0,0.0034146737996773348
train_001578,24,0.0,0.07033203323744008
train_001579,1,0.0,0.8030610813398694
train_001579,2,0.0,0.28116935835988005
train_001579,3,0.0,0.22249268126762137
train_001579,4,0.0,-0.45081054437320894
train_001579,5,0.0,-0.7315264712113387
train_001579,6,0.0,0.6445519607210548
train_001579,7,0.04881009024022034,-0.17959379492546546
train_001579,8,0.1900573164713432,0.07881435250829553
train_001579,9,0.38391226385665894,-0.011619352223033714
train_001579,10,0.6281357975918678,-0.01621081642256287
train_001579,11,0.8276149734256839,-0.008940631474807236
train_001579,12,0.9371938625898449,-0.4392540431258091
train_001579,13,0.9667497616990883,0.07267437698474678
train_001579,14,0.9102184848778063,0.45178577520272634
train_001579,15,0.7687828318575314,0.4805698790244488
train_001579,16,0.5784911260062687,0.3985619747072032
train_001579,17,0.3374373698462995,0.06399318140424724
train_001579,18,0.1163474636127137,0.42346733173964785
train_001579,19,0.0,0.5490493072188631
train_001579,20,0.0,0.9010970029863459
train_001579,21,0.0,0.9520893696514368
train_001579,22,0.0,0.7805974896678409
train_001579,23,0.0,0.7762037608319658
train_001579,24,0.0,0.8365230940838726
train_001580,1,0.0,-0.12370521592706754
train_001580,2,0.0,-0.3119517316664504
train_001580,3,0.0,0.45070947497666886
train_001580,4,0.0,-0.37005543690934867
train_001580,5,0.0,-0.2882292178237236
train_001580,6,0.0,-0.5093121688162134
train_001580,7,0.043231480047674686,-0.7983797399835786
train_001580,8,0.17462166071870086,-0.2327470404306014
train_001580,9,0.3486757664883279,-0.44659613554991884
train_001580,10,0.5566853793140496,-0.2005621192939384
train_001580,11,0.7070701974441628,0.3725432091744501
train_001580,12,0.8089554816769033,0.45635463687593497
train_001580,13,0.8262040530120964,0.12166122963978344
train_001580,14,0.8118461793884254,0.29474570334783745
train_001580,15,0.6950770052854481,0.42370964817712087
train_001580,16,0.5051942826827424,0.47877176620533235
train_001580,17,0.25880650036769265,-0.20182535159523105
train_001580,18,0.09399372053001291,-0.41009887405240614
train_001580,19,0.0,0.34930220133074247
train_001580,20,0.0,0.6313089275093786
train_001580,21,0.0,0.4678981178400896
train_001580,22,0.0,-0.13641324461599708
train_001580,23,0.0,-0.090209374225884
train_001580,24,0.0,-0.6759661094338257
train_001581,1,0.0,0.1080655487177433
train_001581,2,0.0,0.6307658483020315
train_001581,3,0.0,0.4415568059615872
train_001581,4,0.0,0.8113245096483881
train_001581,5,0.0,0.5069521091260427
train_001581,6,0.0,-0.157796906524851
train_001581,7,0.038470957709581845,-0.1606379353322285
train_001581,8,0.16302936680355903,-0.6003661957449606
train_001581,9,0.3180306515161636,-0.28888150599227314
train_001581,10,0.5027967532505189,0.4579193262422515
train_001581,11,0.7058197048661986,0.13693470119302592
train_001581,12,0.8172877227885575,0.19341075509508426
train_001581,13,0.8508137617269025,0.21213645314344795
train_001581,14,0.8438795311604992,0.2098608129087583
train_001581,15,0.7115532719991638,0.45211707484924407
train_001581,16,0.5397711500390735,-0.10231423706919757
train_001581,17,0.29790654486402024,-0.5813996655035061
train_001581,18,0.09276471867383115,-0.2921060201333978
train_001581,19,0.0,-0.6679362075232438
train_001581,20,0.0,-0.27561613049955114
train_001581,21,0.0,0.07448821192864231
train_001581,22,0.0,0.8154551414994905
train_001581,23,0.0,0.9720755478625359
train_001581,24,0.0,0.9753862943828489
train_001582,1,0.0,-0.6726973980424618
train_001582,2,0.0,-0.8091810821756134
train_001582,3,0.0,-0.865523996222137
train_001582,4,0.0,-0.6419523689094189
train_001582,5,0.0,-0.3176324495787996
train_001582,6,0.0,-0.03736435543201459
train_001582,7,0.03983282392296571,-0.37223200076965274
train_001582,8,0.13864232420318046,0.5536488777059805
train_001582,9,0.27351901600454864,0.48889140700043
train_001582,10,0.4969721038851289,-0.05853300526110627
train_001582,11,0.6402555752207844,-0.272414524456612
train_001582,12,0.7723807186462284,-0.2726862864525097
train_001582,13,0.7397009925706713,-0.019700056840719186
train_001582,14,0.7018455791599146,-0.1454663327098922
train_001582,15,0.6049965758040742,-0.011556094993647549
train_001582,16,0.4379237712473096,-0.8382284776364713
train_001582,17,0.26487880634476246,-0.4979084667685356
train_001582,18,0.09083776845594908,-0.5428471781740251
train_001582,19,0.0,-0.7652469823374016
train_001582,20,0.0,0.4453221153986737
train_001582,21,0.0,0.4846748588405627
train_001582,22,0.0,0.30754947572217267
train_001582,23,0.0,0.7181715078406669
train_001582,24,0.0,0.8081995611422901
train_001583,1,0.0,-0.6975297687037818
train_001583,2,0.0,0.030526775390391753
train_001583,3,0.0,-0.07737864680254584
train_001583,4,0.0,0.5852412439750194
train_001583,5,0.0,0.7384419166984932
train_001583,6,0.0,0.7978081217721812
train_001583,7,0.03236664391779084,0.6930439918098119
train_001583,8,0.1280369480391434,0.49662195363287953
train_001583,9,0.28889722165468906,-0.15136493693746558
train_001583,10,0.4409372718037531,-0.010861375213099236
train_001583,11,0.5619402742848948,-0.2915909198828352
train_001583,12,0.6969215958277772,-0.891340501923397
train_001583,13,0.739398977493827,-0.5977997396998807
train_001583,14,0.7254142007676709,-0.3550583842877722
train_001583,15,0.6587406648486303,0.3113623122540348
train_001583,16,0.5085617552169529,-0.572197303801887
train_001583,17,0.2932480059123679,0.1760121754493297
train_001583,18,0.09914029944468176,0.011475765479885457
train_001583,19,0.0,-0.7076970829810909
train_001583,20,0.0,-0.7423330816152702
train_001583,21,0.0,-0.7350558626655515
train_001583,22,0.0,-0.6463668210727922
train_001583,23,0.0,-0.5103460239007971
train_001583,24,0.0,-0.25675717442969415
train_001584,1,0.0,-0.8616840241793341
train_001584,2,0.0,-0.8827634186830615
train_001584,3,0.0,-0.8805656131233923
train_001584,4,0.0,-0.6593820328728819
train_001584,5,0.0,0.18133594169598866
train_001584,6,0.0,0.26182947787130706
train_001584,7,0.045593066084623386,0.14256108360235242
train_001584,8,0.1904403422669412,0.699252650687737
train_001584,9,0.37717773783828457,0.0720408626280936
train_001584,10,0.6233503089917453,0.5769050397024786
train_001584,11,0.8107403566672445,0.728207925067618
train_001584,12,0.8841010302945217,0.8055717123760252
train_001584,13,0.9175397351801643,0.7016141457933622
train_001584,14,0.8838525430363451,-0.4100325790948964
train_001584,15,0.7610911348788946,-0.7178824962984525
train_001584,16,0.5572939008644019,-0.5117132588602005
train_001584,17,0.3270636362793024,-0.2635554493698313
train_001584,18,0.11012087594977298,0.425517943524143
train_001584,19,0.0,0.7738860788539422
train_001584,20,0.0,0.8947071899751856
train_001584,21,0.0,0.6932818318673275
train_001584,22,0.0,0.661780397298344
train_001584,23,0.0,0.7262060638682408
train_001584,24,0.0,0.5752485269220091
train_001585,1,0.0,-0.3630050299439153
train_001585,2,0.0,0.24535263389230405
train_001585,3,0.0,0.3236654481360922
train_001585,4,0.0,-0.40392032641216863
train_001585,5,0.0,-0.7247777738488888
train_001585,6,0.0,-0.5252642339183646
train_001585,7,0.04443720590673811,0.4116211879230848
train_001585,8,0.18065407028811076,0.4883812844589551
train_001585,9,0.36042579669393,-0.44630725458272313
train_001585,10,0.5626207922498578,-0.7814257646551901
train_001585,11,0.7553003979943725,-0.7328371414413772
train_001585,12,0.8333436480131391,0.20243092197812518
train_001585,13,0.8851684271839676,-0.35566592690896304
train_001585,14,0.8370746068752711,0.771292596076079
train_001585,15,0.6966889852402955,0.9394396759969067
train_001585,16,0.5350790596030929,0.7976442149497894
train_001585,17,0.29917454627919293,-0.3285631815448895
train_001585,18,0.10578904318585206,-0.44721155550370445
train_001585,19,0.0,-0.15535195301898405
train_001585,20,0.0,0.8053752640031556
train_001585,21,0.0,0.8830411635908886
train_001585,22,0.0,0.8593590691080206
train_001585,23,0.0,0.7167091239353258
train_001585,24,0.0,0.6002312298997432
train_001586,1,0.0,0.03717077107590855
train_001586,2,0.0,0.13941569549971375
train_001586,3,0.0,0.3674681409829772
train_001586,4,0.0,0.3535598368500093
train_001586,5,0.0,0.34192214107727786
train_001586,6,0.0,0.13270032718452923
train_001586,7,0.026099208172718793,0.5116335212685711
train_001586,8,0.11886523101891522,0.6287360876013737
train_001586,9,0.2502270917096762,0.7944540800646953
train_001586,10,0.366096265896861,0.14571910547117323
train_001586,11,0.40063217068579116,-0.82195770476334
train_001586,12,0.5952159046124784,-0.8370851530580667
train_001586,13,0.6047498916336433,-0.3309795833681869
train_001586,14,0.6328590735788601,-0.30597104504137507
train_001586,15,0.5850903967227736,0.24465957549385803
train_001586,16,0.37982417288672293,-0.1996706755942991
train_001586,17,0.17139296256192088,0.12333915073379867
train_001586,18,0.05121499009062482,-0.07539756697372119
train_001586,19,0.0,0.49710614840606826
train_001586,20,0.0,-0.10664721464142114
train_001586,21,0.0,-0.06328252041438082
train_001586,22,0.0,0.12763445050400338
train_001586,23,0.0,0.12641133378080643
train_001586,24,0.0,0.06458595719588188
train_001587,1,0.0,-0.7252450116062574
train_001587,2,0.0,-0.36540161990510317
train_001587,3,0.0,-0.9105412319641812
train_001587,4,0.0,-0.9260132823557768
train_001587,5,0.0,-0.5906889045387356
train_001587,6,0.0,-0.7229590825886256
train_001587,7,0.044006441978065816,-0.7275035287346991
train_001587,8,0.1692285676194937,-0.6821070427822797
train_001587,9,0.34925161329305454,-0.5411121068691227
train_001587,10,0.5756209914830198,-0.6307814335418236
train_001587,11,0.780696150099178,0.46004923302941636
train_001587,12,0.8800879109155404,0.5086980263222691
train_001587,13,0.9071940733790076,-0.20748184112458787
train_001587,14,0.8596156682939442,0.041209502118645096
train_001587,15,0.7040556453947892,-0.7163893113024346
train_001587,16,0.5250791284854042,-0.703327035287476
train_001587,17,0.30550594489498933,0.025625917540690275
train_001587,18,0.10773357795617107,0.4975642372301913
train_001587,19,0.0,0.29855726294000756
train_001587,20,0.0,0.24888201012720934
train_001587,21,0.0,0.39056688401172335
train_001587,22,0.0,0.6288551724443461
train_001587,23,0.0,0.7146839643773639
train_001587,24,0.0,0.519203990940147
train_001588,1,0.0,0.8716197064938396
train_001588,2,0.0,0.9408570745352196
train_001588,3,0.0,0.8508643575833819
train_001588,4,0.0,0.4939092469405546
train_001588,5,0.0,0.3522230186749268
train_001588,6,0.0,-0.7560535487144664
train_001588,7,0.03936609207190714,-0.1316067673981723
train_001588,8,0.15323494011534267,-0.11062033187313706
train_001588,9,0.3173807936715083,0.09028678347757593
train_001588,10,0.5099805532973367,-0.08455490690469793
train_001588,11,0.700212737829575,-0.33107045632505605
train_001588,12,0.826534180326024,0.3852045750998112
train_001588,13,0.7972268558422753,-0.0004061565128800117
train_001588,14,0.732940162382594,0.554431993490343
train_001588,15,0.6222367135033914,0.4187018961564497
train_001588,16,0.42969505646408235,0.6339042927567025
train_001588,17,0.28336053742798895,0.7415882546838402
train_001588,18,0.09742251915977984,0.7187938097209648
train_001588,19,0.0,0.903577164297341
train_001588,20,0.0,0.8915400204522242
train_001588,21,0.0,0.8931928955971031
train_001588,22,0.0,0.8767488696505127
train_001588,23,0.0,0.919157823740663
train_001588,24,0.0,0.9250316483491188
train_001589,1,0.0,-0.7578593300579262
train_001589,2,0.0,-0.6331594528007392
train_001589,3,0.0,0.7549108944930641
train_001589,4,0.0,0.7443536439849137
train_001589,5,0.0,0.3203890499440675
train_001589,6,0.0,0.8682617962766068
train_001589,7,0.0452138707919834,0.5687501278637614
train_001589,8,0.18068435909478525,0.8283717473050569
train_001589,9,0.35436243650064125,0.6467501675207413
train_001589,10,0.5893027732238629,0.8351919232790647
train_001589,11,0.7501630445311246,0.17794494581794032
train_001589,12,0.8210025035438137,0.4992161075751478
train_001589,13,0.7740188638851531,0.5712706756147162
train_001589,14,0.7322519934185839,-0.004920147905977921
train_001589,15,0.6575512323318143,0.3334406711679234
train_001589,16,0.4885108984796574,-0.25793956581784777
train_001589,17,0.28042278122126285,0.7809859859416738
train_001589,18,0.09425969668594322,0.6219215235333232
train_001589,19,0.0,-0.3045974564397214
train_001589,20,0.0,-0.22664645879061204
train_001589,21,0.0,-0.875388846946577
train_001589,22,0.0,-0.6397435336540791
train_001589,23,0.0,-0.19873097260416672
train_001589,24,0.0,0.20078767380754625
train_001590,1,0.0,0.18743173287128478
train_001590,2,0.0,0.011882794264247796
train_001590,3,0.0,-0.18495107403040814
train_001590,4,0.0,-0.7862700104140192
train_001590,5,0.0,-0.9251305697647504
train_001590,6,0.0,-0.6640161356178356
train_001590,7,0.0399263307148616,-0.8225425312552096
train_001590,8,0.14959114407900453,-0.28823809684278023
train_001590,9,0.2772395968890539,-0.007431099411138075
train_001590,10,0.4503335250407358,0.01891374023842185
train_001590,11,0.571983871375455,0.17541071929422158
train_001590,12,0.6057243928132608,0.36229886297116237
train_001590,13,0.6877511983121948,0.12512906943049878
train_001590,14,0.6251922121287629,-0.6485263044173748
train_001590,15,0.5270298927720785,-0.1566600072151256
train_001590,16,0.38683068618409494,-0.14534017161132706
train_001590,17,0.2260267363615655,-0.22073241270249105
train_001590,18,0.07832458390961523,-0.05764402906821802
train_001590,19,0.0,0.5171538002575496
train_001590,20,0.0,0.6908377359911936
train_001590,21,0.0,0.5393534403168987
train_001590,22,0.0,0.3030244200775228
train_001590,23,0.0,0.5683136844237879
train_001590,24,0.0,0.7228520839284686
train_001591,1,0.0,0.12132956083871937
train_001591,2,0.0,-0.22257940777068025
train_001591,3,0.0,0.5309339821573169
train_001591,4,0.0,-0.02598549608969051
train_001591,5,0.0,-0.4593711597360148
train_001591,6,0.0,-0.8812329211529968
train_001591,7,0.04504880297582364,-0.7588680378541185
train_001591,8,0.1850670846480629,-0.6578193234747209
train_001591,9,0.3760343074860525,-0.6220701069772566
train_001591,10,0.6179261661794963,-0.6154563309135801
train_001591,11,0.7994511405729826,-0.5749576771560039
train_001591,12,0.8887518838257807,-0.18545404315938438
train_001591,13,0.9346026345461562,0.4659280692526403
train_001591,14,0.8805255907633917,0.3731453999353317
train_001591,15,0.7485284768041485,-0.3822578033794664
train_001591,16,0.5676547151951922,-0.23790110060743108
train_001591,17,0.3303828296290565,0.17429932787405777
train_001591,18,0.11218083593498515,0.11373460228688119
train_001591,19,0.0,0.7546001407221709
train_001591,20,0.0,0.7657430519378204
train_001591,21,0.0,0.4580358375569825
train_001591,22,0.0,0.49072279323252144
train_001591,23,0.0,0.015387358601403604
train_001591,24,0.0,-0.07125166943700209
train_001592,1,0.0,-0.23585527227644756
train_001592,2,0.0,-0.700846017960284
train_001592,3,0.0,-0.5096688218503325
train_001592,4,0.0,0.344636334593825
train_001592,5,0.0,0.29760234970432675
train_001592,6,0.0,0.1424477492766601
train_001592,7,0.0479039059267517,-0.013774109643499632
train_001592,8,0.19335334099806784,0.07219891441774891
train_001592,9,0.377862852701238,0.2864315960650907
train_001592,10,0.6194189953481469,0.2534218568638465
train_001592,11,0.795495917714827,-0.34232341709743525
train_001592,12,0.882685761790583,-0.01165369818108958
train_001592,13,0.9194857499262346,0.7509927354281705
train_001592,14,0.8730641862787603,0.6086049369108116
train_001592,15,0.7072999115640132,-0.4771051511441725
train_001592,16,0.5369086270047997,-0.33253021960861606
train_001592,17,0.31736241869180287,-0.16651486019842118
train_001592,18,0.11136174898456071,-0.6876758407845449
train_001592,19,0.0,-0.6774467582908978
train_001592,20,0.0,-0.3230960220736156
train_001592,21,0.0,-0.3075682263170605
train_001592,22,0.0,-0.019579388977639098
train_001592,23,0.0,-0.2864146462978376
train_001592,24,0.0,-0.8031790442542117
train_001593,1,0.0,0.551114262135584
train_001593,2,0.0,0.2107150946511914
train_001593,3,0.0,0.7273734380474726
train_001593,4,0.0,0.8705534148823509
train_001593,5,0.0,0.9311452803019277
train_001593,6,0.0,0.5985076270986336
train_001593,7,0.04227694540892637,-0.013503094821522212
train_001593,8,0.16339870560925154,0.6042105151076604
train_001593,9,0.3362734897921673,-0.4538860333016064
train_001593,10,0.5471782216724784,-0.3405909664931778
train_001593,11,0.6643311586348903,-0.17218522830078198
train_001593,12,0.716341909546531,0.12951533920537134
train_001593,13,0.8340348301518872,-0.23665270291291
train_001593,14,0.7716161130293343,-0.5056496245505098
train_001593,15,0.6621980296903618,-0.6692954599902017
train_001593,16,0.46938129067067713,-0.9285433087145659
train_001593,17,0.26828754808354893,-0.934753725386035
train_001593,18,0.08772335197027212,-0.3441960728061742
train_001593,19,0.0,-0.16216008917453906
train_001593,20,0.0,-0.24253073615550505
train_001593,21,0.0,-0.568296045614822
train_001593,22,0.0,-0.6561971840592596
train_001593,23,0.0,-0.8957178579381292
train_001593,24,0.0,-0.9173609962421372
train_001594,1,0.0,-0.5800126726062091
train_001594,2,0.0,0.4493297103210465
train_001594,3,0.0,-0.24671972373270967
train_001594,4,0.0,-0.3845060056500516
train_001594,5,0.0,-0.19566066347760067
train_001594,6,0.0,0.30758591913363276
train_001594,7,0.03616162785241636,-0.11701942110172525
train_001594,8,0.13741397682535253,0.15449396923176306
train_001594,9,0.26984424639570953,-0.3966377403824783
train_001594,10,0.4294495592541261,-0.8670800758014766
train_001594,11,0.5285930501516096,-0.40209716335548645
train_001594,12,0.6030630975283929,-0.5918884206217666
train_001594,13,0.5633138653599077,-0.6603648106368172
train_001594,14,0.5405922097909267,0.36482615377406036
train_001594,15,0.4690687841089163,0.3872379977758016
train_001594,16,0.4007998421970868,0.33878536689783256
train_001594,17,0.21774316461332227,0.8883951426577504
train_001594,18,0.06816168813294977,0.6621396940137252
train_001594,19,0.0,0.8261258183916702
train_001594,20,0.0,0.5840267576162408
train_001594,21,0.0,-0.37830859807365363
train_001594,22,0.0,0.2579478803531178
train_001594,23,0.0,0.8580259666811624
train_001594,24,0.0,0.5673539311038875
train_001595,1,0.0,0.6568211437037497
train_001595,2,0.0,0.884642196246444
train_001595,3,0.0,0.9000491693567994
train_001595,4,0.0,0.9378950176381855
train_001595,5,0.0,0.8018565904843212
train_001595,6,0.0,0.7493554509965723
train_001595,7,0.032443140064317644,0.27602924537486073
train_001595,8,0.14441836380110926,0.8670107896516558
train_001595,9,0.30947176519990777,0.9673977603555763
train_001595,10,0.529482842657539,0.9474213931075117
train_001595,11,0.6815940804166203,0.9321898083045114
train_001595,12,0.8058751932362054,0.6502300404305759
train_001595,13,0.8591576991665115,0.42287569129864894
train_001595,14,0.8245904490456569,-0.7106642312096552
train_001595,15,0.678816097102619,-0.7515466115998104
train_001595,16,0.5154371006089562,-0.6826574766526479
train_001595,17,0.2723018467725488,-0.2659193836601406
train_001595,18,0.10018832136518516,-0.1677067052873467
train_001595,19,0.0,0.0973364157556658
train_001595,20,0.0,-0.1666861653809165
train_001595,21,0.0,-0.4503548115240153
train_001595,22,0.0,0.1978367888217492
train_001595,23,0.0,-0.7450071796722306
train_001595,24,0.0,-0.779120640504669
train_001596,1,0.0,-0.8808614547930846
train_001596,2,0.0,-0.4789225158507038
train_001596,3,0.0,0.515878249377181
train_001596,4,0.0,0.14217680310038625
train_001596,5,0.0,0.18638589929625382
train_001596,6,0.0,0.057630763593992836
train_001596,7,0.036642946921865066,-0.5339158232734097
train_001596,8,0.13728413566698225,-0.41097984011948274
train_001596,9,0.26394237373980034,-0.6939344162543128
train_001596,10,0.41585491301576827,0.6164160942489748
train_001596,11,0.5315121288203285,0.3214698050346046
train_001596,12,0.5014482845573242,-0.800120252884931
train_001596,13,0.5551631847442141,-0.6889888990017754
train_001596,14,0.5623806086998493,-0.9620626939324167
train_001596,15,0.473861263904892,-0.9273496344807829
train_001596,16,0.38193173957342313,-0.23842759141869788
train_001596,17,0.21696160221178887,0.06999212401578712
train_001596,18,0.08459788451890347,0.8469264417910994
train_001596,19,0.0,0.8024852839688523
train_001596,20,0.0,0.9299132970231148
train_001596,21,0.0,0.947466133369712
train_001596,22,0.0,0.9216811417155623
train_001596,23,0.0,0.8067056999999007
train_001596,24,0.0,0.988649119932837
train_001597,1,0.0,0.8522481874174914
train_001597,2,0.0,0.7225845173010681
train_001597,3,0.0,0.20024337493794497
train_001597,4,0.0,0.16622257088548348
train_001597,5,0.0,0.05792456501197316
train_001597,6,0.0,0.5507250406763747
train_001597,7,0.04496496312904429,-0.5387075928847573
train_001597,8,0.17838743255161948,-0.47250222858083357
train_001597,9,0.3631303022853481,-0.8775366937449801
train_001597,10,0.6049794013639299,-0.8322770251302375
train_001597,11,0.7856072981601979,-0.3759322698728628
train_001597,12,0.8845608901308254,-0.5436737030504444
train_001597,13,0.9184167303316231,-0.46335711085368714
train_001597,14,0.867421283351317,0.0019870531875832934
train_001597,15,0.7401359084322624,0.03194277424363221
train_001597,16,0.5653243307286119,-0.33494146983782824
train_001597,17,0.3214973408879411,0.48925352160462665
train_001597,18,0.10948378420293292,0.7024037376708662
train_001597,19,0.0,0.2657546514010798
train_001597,20,0.0,-0.03997953785335871
train_001597,21,0.0,-0.15268938721283765
train_001597,22,0.0,-0.6766904885784281
train_001597,23,0.0,-0.624978395424264
train_001597,24,0.0,0.233093043926604
train_001598,1,0.0,-0.3493253698224736
train_001598,2,0.0,-0.25017457647501556
train_001598,3,0.0,-0.5261092107143968
train_001598,4,0.0,-0.7159585262995798
train_001598,5,0.0,-0.20966223717306773
train_001598,6,0.0,-0.17984186421485457
train_001598,7,0.03588284288598827,0.7850146130147426
train_001598,8,0.15292163571084638,0.7029083243974417
train_001598,9,0.3110958508281744,0.1476996978179563
train_001598,10,0.5099894155150244,-0.09633263761692988
train_001598,11,0.6609206046175691,-0.7753614655822431
train_001598,12,0.74184653516514,-0.23250385505944174
train_001598,13,0.8264297987472521,-0.5330225556080497
train_001598,14,0.7584305092365163,-0.2931828560909812
train_001598,15,0.6440833217830197,-0.8266253749549006
train_001598,16,0.43632264583156954,-0.5271439657058452
train_001598,17,0.2581827316230815,-0.162820383360198
train_001598,18,0.08885359775146447,-0.43510524065663597
train_001598,19,0.0,-0.7757891063243553
train_001598,20,0.0,-0.7957822200156597
train_001598,21,0.0,-0.638446918209719
train_001598,22,0.0,-0.507810174800729
train_001598,23,0.0,0.7910000169535034
train_001598,24,0.0,0.7060777562845785
train_001599,1,0.0,-0.9518288358662407
train_001599,2,0.0,-0.7835713331525584
train_001599,3,0.0,-0.8283682707836171
train_001599,4,0.0,-0.8371741911308886
train_001599,5,0.0,-0.8302915713108179
train_001599,6,0.0,-0.5722939960319091
train_001599,7,0.028460869164264515,-0.7416291958171507
train_001599,8,0.13403208102314776,-0.8649317569088751
train_001599,9,0.26755102113195683,-0.48540807912148887
train_001599,10,0.45623528480494546,0.1770790034723564
train_001599,11,0.6047199467693812,0.07641401243346993
train_001599,12,0.6725495289111733,0.012147267994364537
train_001599,13,0.7169910986169818,-0.23886605864951974
train_001599,14,0.6902934505018467,-0.7464544430398219
train_001599,15,0.5906466613549017,-0.9340879959218149
train_001599,16,0.4319955157966422,-0.8602067875630387
train_001599,17,0.24797059492948126,-0.6194286922775405
train_001599,18,0.07956859844427677,-0.5439504085463549
train_001599,19,0.0,-0.3785578916233386
train_001599,20,0.0,0.14559211152729906
train_001599,21,0.0,0.5270611800613687
train_001599,22,0.0,0.860501635619096
train_001599,23,0.0,0.6646896443844912
train_001599,24,0.0,0.4296890362590868
train_001600,1,0.0,0.6533775622301196
train_001600,2,0.0,-0.6428513973959957
train_001600,3,0.0,-0.8737766061603733
train_001600,4,0.0,-0.9753890654438048
train_001600,5,0.0,-0.8521667201469166
train_001600,6,0.0,-0.7499522182747842
train_001600,7,0.03540380001637684,-0.34918641946946055
train_001600,8,0.15644919360819703,0.47596238068540286
train_001600,9,0.3073712848785128,0.3610333625403376
train_001600,10,0.4988462995407753,0.6817858411921727
train_001600,11,0.656776673913145,0.9004103050542317
train_001600,12,0.7399615127966976,0.5976513519131602
train_001600,13,0.7409040924233076,0.5875412454850881
train_001600,14,0.7203087360266771,-0.04898034433894107
train_001600,15,0.6162454472963804,-0.03423745194136538
train_001600,16,0.5045738242920742,0.7981951680167846
train_001600,17,0.305301256113819,0.4421735329666726
train_001600,18,0.1009767235586222,0.3864744861310137
train_001600,19,0.0,0.3919058247861339
train_001600,20,0.0,-0.4061831461866161
train_001600,21,0.0,-0.3689601736901166
train_001600,22,0.0,0.3812292393724589
train_001600,23,0.0,-0.34829811294018154
train_001600,24,0.0,-0.3421715505960388
