bound_source = "MOI.ObjectiveBound"
budget_sec = 519.5628980000038
case_sha256 = "1e4e86636e758dab3683a03f8209b0b2c1aa4e00f6039b4e5168b8349a2a60ff"
cost_optimization_complete = true
created_utc = "2026-09-21T05:30:33.340"
elapsed_sec = 13.318000078201294
has_candidate = true
julia_version = "1.12.6"
method = "direct"
model_type = "MILP"
model_types = ["JuMP.AffExpr in MathOptInterface.EqualTo{Float64}", "JuMP.AffExpr in MathOptInterface.GreaterThan{Float64}", "JuMP.AffExpr in MathOptInterface.LessThan{Float64}", "JuMP.VariableRef in MathOptInterface.GreaterThan{Float64}", "JuMP.VariableRef in MathOptInterface.ZeroOne"]
objective_type = "worst_expected_IES_net_cost_fixed_prices"
primal_status = "FEASIBLE_POINT"
raw_status = "Model was solved to optimality (subject to tolerances), and an optimal solution is available."
run_id = "r5-risk-3a0e6d71-402f-4772-88ea-362453d485c6"
schema = "r5-risk-result-v1"
solver = "Gurobi"
solver_objective = 373241.54591191397
solver_objective_bound = 373241.54591191385
solver_version = "13.0.3"
status = "solver_optimal"
termination = "OPTIMAL"
version = "r5_finite_support_checked_v1"
z = [0.0, 0.0, 0.0, 0.0]

[embedded_duals.cost]
lambda = 20276.645618162518
nu = [99975.72330468387, 104469.90234061623, 99618.46293850103, 97550.93728487617]

[embedded_duals.risk]
lambda = 0.0
nu = [0.0, 0.0, 0.0, 0.0]

[first_stage]
P_DA_MW = [21.40375568405782, 23.359812285273623, 20.115897435811917, 20.959484787797326, 20.57475707970486, 18.676672826026614, 28.597533338817726, 30.574360426965303, 28.614690903832944, 28.39104015610453, 29.392441707826517, 30.22119827637509, 27.856179941795233, 24.50138178412706, 24.54366800357535, 26.42978579252982, 30.070373687659664, 35.038286519452235, 36.750362806181776, 31.516436283105733, 29.910727679928, 28.124191549583113, 23.954497821607895, 21.169917679212215]
R_down_MW = [5.103581130472431, 0.4885492242656547, 3.9821778587111933, 2.2817990741283465, 3.35245601622446, 8.312206875955836, 0.39912004373510407, 0.054845287825734, 0.15099529442066362, 1.0585849828518898, 0.0, -0.0, 1.805778497479402, 3.3406854333570286, 7.259040323154873, 9.590644764972327, 1.1414554988526024, 2.669742917955613, 0.5064915387531999, 6.755350106538633, 3.55516309579406, 2.054520287137544, 2.447515401267752, 3.0068302791806434]
R_up_MW = [16.827279102384352, 16.827279102384445, 16.82727910238435, 16.82727910238451, 6.51576960432801, 0.0, 16.070054599678137, 16.827279102384367, 0.6809884941874824, 0.0, 2.5736309338974666, 12.414517504232956, 16.827279102384292, 4.310351500015895, 1.3465600674796276, 0.0, 16.827279102384292, 16.82727910238437, 16.827279102384292, 4.298827686509866, 16.827279102384352, 5.694245123159483, 0.7949870404118561, 1.041820377785119]

[oracles.actual]
budget_sec = 507.4478979110718
elapsed_sec = 0.003000020980834961
lambda = 0.0
nu = [-0.0, -0.0, -0.0, -0.0]
quantity = "probability"
schema = "r5-transport-witness-v1"
status = "solver_optimal"
transport = [[0.3563218390804597, 0.0, 0.0, 0.0], [0.0, 0.1954022988505747, 0.0, 0.0], [0.0, 0.0, 0.264367816091954, 0.0], [0.0, 0.0, 0.0, 0.1839080459770115]]

    [oracles.actual.dual_solver]
    bound_source = "MOI.ObjectiveBound"
    has_candidate = true
    primal_status = "FEASIBLE_POINT"
    raw_status = "kHighsModelStatusOptimal"
    solver = "HiGHS"
    solver_objective = 0.0
    solver_objective_bound = 0.0
    solver_version = "v1.15.1"
    status = "solver_optimal"
    termination = "OPTIMAL"

    [oracles.actual.primal_solver]
    bound_source = "MOI.ObjectiveBound"
    has_candidate = true
    primal_status = "FEASIBLE_POINT"
    raw_status = "kHighsModelStatusOptimal"
    solver = "HiGHS"
    solver_objective = 0.0
    solver_objective_bound = 0.0
    solver_version = "v1.15.1"
    status = "solver_optimal"
    termination = "OPTIMAL"

    [oracles.actual.validation]
    distance_used = 0.0
    dual_value = 0.0
    pass = true
    primal_value = 0.0
    status = "evaluated"
    worst_weights = [0.3563218390804597, 0.1954022988505747, 0.264367816091954, 0.1839080459770115]

        [[oracles.actual.validation.rows]]
        group = "transport"
        id = "mass"
        normalized = 0.0
        pass = true
        residual = 0.0
        tolerance = 1.0e-8
        unit = "1"
        [[oracles.actual.validation.rows]]
        group = "transport"
        id = "nonnegative"
        normalized = 0.0
        pass = true
        residual = 0.0
        tolerance = 1.0e-8
        unit = "1"
        [[oracles.actual.validation.rows]]
        group = "transport"
        id = "budget"
        normalized = 0.0
        pass = true
        residual = 0.0
        tolerance = 1.0e-8
        unit = "1"
        [[oracles.actual.validation.rows]]
        group = "transport"
        id = "dual-sign"
        normalized = 0.0
        pass = true
        residual = 0.0
        tolerance = 1.0e-8
        unit = "1"
        [[oracles.actual.validation.rows]]
        group = "transport"
        id = "dual-inequality"
        normalized = 0.0
        pass = true
        residual = 0.0
        tolerance = 1.0e-8
        unit = "1"
        [[oracles.actual.validation.rows]]
        group = "transport"
        id = "primal-dual-gap"
        normalized = 0.0
        pass = true
        residual = 0.0
        tolerance = 1.0e-8
        unit = "1"

[oracles.cost]
budget_sec = 509.0598978996277
elapsed_sec = 1.1659998893737793
lambda = 20276.64561815325
nu = [99975.72330468387, 104469.90234061633, 99618.46293850336, 97550.93728487619]
quantity = "cost"
schema = "r5-transport-witness-v1"
status = "solver_optimal"
transport = [[0.3563218390804597, 0.0, 0.0, 0.0], [0.0, 0.1954022988505747, 0.04179511262022992, 0.0], [0.0, 0.0, 0.22257270347172406, 0.0], [0.0, 0.0, 0.0, 0.1839080459770115]]

    [oracles.cost.dual_solver]
    bound_source = "MOI.ObjectiveBound"
    has_candidate = true
    primal_status = "FEASIBLE_POINT"
    raw_status = "kHighsModelStatusOptimal"
    solver = "HiGHS"
    solver_objective = 100516.27687433409
    solver_objective_bound = 100516.27687433409
    solver_version = "v1.15.1"
    status = "solver_optimal"
    termination = "OPTIMAL"

    [oracles.cost.primal_solver]
    bound_source = "MOI.ObjectiveBound"
    has_candidate = true
    primal_status = "FEASIBLE_POINT"
    raw_status = "kHighsModelStatusOptimal"
    solver = "HiGHS"
    solver_objective = 100516.27687433409
    solver_objective_bound = 100516.27687433409
    solver_version = "v1.15.1"
    status = "solver_optimal"
    termination = "OPTIMAL"

    [oracles.cost.validation]
    distance_used = 0.01
    dual_value = 100516.27687433409
    pass = true
    primal_value = 100516.27687433409
    status = "evaluated"
    worst_weights = [0.3563218390804597, 0.23719741147080461, 0.22257270347172406, 0.1839080459770115]

        [[oracles.cost.validation.rows]]
        group = "transport"
        id = "mass"
        normalized = 0.0
        pass = true
        residual = 0.0
        tolerance = 1.0e-8
        unit = "1"
        [[oracles.cost.validation.rows]]
        group = "transport"
        id = "nonnegative"
        normalized = 0.0
        pass = true
        residual = 0.0
        tolerance = 1.0e-8
        unit = "1"
        [[oracles.cost.validation.rows]]
        group = "transport"
        id = "budget"
        normalized = 0.0
        pass = true
        residual = 0.0
        tolerance = 1.0e-8
        unit = "1"
        [[oracles.cost.validation.rows]]
        group = "transport"
        id = "dual-sign"
        normalized = 0.0
        pass = true
        residual = 0.0
        tolerance = 1.0e-6
        unit = "1"
        [[oracles.cost.validation.rows]]
        group = "transport"
        id = "dual-inequality"
        normalized = 0.0
        pass = true
        residual = 0.0
        tolerance = 1.0e-6
        unit = "1"
        [[oracles.cost.validation.rows]]
        group = "transport"
        id = "primal-dual-gap"
        normalized = 0.0
        pass = true
        residual = 0.0
        tolerance = 0.0001
        unit = "1"

[oracles.risk]
budget_sec = 507.4508979320526
elapsed_sec = 0.003000020980834961
lambda = 0.0
nu = [-0.0, -0.0, -0.0, -0.0]
quantity = "probability"
schema = "r5-transport-witness-v1"
status = "solver_optimal"
transport = [[0.3563218390804597, 0.0, 0.0, 0.0], [0.0, 0.1954022988505747, 0.0, 0.0], [0.0, 0.0, 0.264367816091954, 0.0], [0.0, 0.0, 0.0, 0.1839080459770115]]

    [oracles.risk.dual_solver]
    bound_source = "MOI.ObjectiveBound"
    has_candidate = true
    primal_status = "FEASIBLE_POINT"
    raw_status = "kHighsModelStatusOptimal"
    solver = "HiGHS"
    solver_objective = 0.0
    solver_objective_bound = 0.0
    solver_version = "v1.15.1"
    status = "solver_optimal"
    termination = "OPTIMAL"

    [oracles.risk.primal_solver]
    bound_source = "MOI.ObjectiveBound"
    has_candidate = true
    primal_status = "FEASIBLE_POINT"
    raw_status = "kHighsModelStatusOptimal"
    solver = "HiGHS"
    solver_objective = 0.0
    solver_objective_bound = 0.0
    solver_version = "v1.15.1"
    status = "solver_optimal"
    termination = "OPTIMAL"

    [oracles.risk.validation]
    distance_used = 0.0
    dual_value = 0.0
    pass = true
    primal_value = 0.0
    status = "evaluated"
    worst_weights = [0.3563218390804597, 0.1954022988505747, 0.264367816091954, 0.1839080459770115]

        [[oracles.risk.validation.rows]]
        group = "transport"
        id = "mass"
        normalized = 0.0
        pass = true
        residual = 0.0
        tolerance = 1.0e-8
        unit = "1"
        [[oracles.risk.validation.rows]]
        group = "transport"
        id = "nonnegative"
        normalized = 0.0
        pass = true
        residual = 0.0
        tolerance = 1.0e-8
        unit = "1"
        [[oracles.risk.validation.rows]]
        group = "transport"
        id = "budget"
        normalized = 0.0
        pass = true
        residual = 0.0
        tolerance = 1.0e-8
        unit = "1"
        [[oracles.risk.validation.rows]]
        group = "transport"
        id = "dual-sign"
        normalized = 0.0
        pass = true
        residual = 0.0
        tolerance = 1.0e-8
        unit = "1"
        [[oracles.risk.validation.rows]]
        group = "transport"
        id = "dual-inequality"
        normalized = 0.0
        pass = true
        residual = 0.0
        tolerance = 1.0e-8
        unit = "1"
        [[oracles.risk.validation.rows]]
        group = "transport"
        id = "primal-dual-gap"
        normalized = 0.0
        pass = true
        residual = 0.0
        tolerance = 1.0e-8
        unit = "1"

[scenarios.train_000890]
case_sha256 = "f1565f56684336efab74521a4568435c2818c9a0fd26430971392008e788f770"
run_id = "r5-risk-3a0e6d71-402f-4772-88ea-362453d485c6/train_000890"
schema = "r5-dispatch-result-v1"
solver_objective = 372700.9923422643
status = "embedded_risk_policy"
version = "r5_dispatch_checked_v1"

    [scenarios.train_000890.values]
    H_D = [[0.11823566995998647, 0.09479366817282808, 0.14204393939393944, 0.138027272727272, 0.1460606060606071, 0.30843577501592967, 0.05278665171794761, 0.1862272727272758, 0.17819393939394046, 0.16212727272727134, 0.1500772727272741, 0.1460606060606069, 0.1420439393939399, 0.138027272727272, 0.1420439393939399, 0.154093939393942, 0.17016060606060623, 0.18221060606060813, 0.17417727272727324, 0.2702331149954216, 0.25453935993019505, 0.031536099079434665, 0.1611736893009823, 0.20083333333333542], [0.12541659188767795, 0.09387513533761638, 0.1375554738772511, 0.1380272727272751, 0.146060606060608, 0.3014564712808281, 0.058768912062319156, 0.18622727272727246, 0.17819393939393935, 0.16212727272727379, 0.15007727272727212, 0.146060606060608, 0.142043939393939, 0.13802727272727533, 0.14204393939393944, 0.15409393939394112, 0.1701606060606069, 0.18221060606060857, 0.17417727272727568, 0.2761722051534896, 0.260825988656318, 0.03690470584193073, 0.14226002741468946, 0.20593606151084032], [0.11333389286253492, 0.10130187049229011, 0.14006678588559152, 0.138027272727274, 0.1460606060606051, 0.16212727272727334, 0.17819393939394224, 0.18622727272727357, 0.178193939393942, 0.16212727272727356, 0.15007727272727367, 0.14606060606060556, 0.1420439393939421, 0.13802727272727355, 0.1420439393939419, 0.15409393939394178, 0.17016060606060557, 0.18221060606061035, 0.17417727272727346, 0.17275600599319363, 0.2632554283193891, 0.04870141696315344, 0.19654076437782608, 0.20503432317398662], [0.09718525368469244, 0.11283688212308163, 0.14204393939393967, 0.1380272727272751, 0.14606060606060756, 0.16212727272727445, 0.17819393939394002, 0.18622727272727246, 0.1781939393939418, 0.16212727272727445, 0.15007727272727567, 0.1460606060606069, 0.14204393939393967, 0.13802727272727178, 0.142043939393939, 0.15409393939393845, 0.170160606060606, 0.18221060606060968, 0.1741772727272739, 0.16212727272727467, 0.15409393939394178, 0.15007727272727567, 0.1963625451260156, 0.20518708253268514], [0.08650949669070696, 0.12198753097507153, 0.142043939393943, 0.13802727272727155, 0.14606060606060778, 0.16212727272727445, 0.1781939393939418, 0.18622727272727269, 0.1781939393939418, 0.16212727272727467, 0.1500772727272759, 0.14606060606060733, 0.1420439393939399, 0.13802727272727155, 0.14204393939393967, 0.15409393939393867, 0.170160606060606, 0.18221060606060946, 0.17417727272727368, 0.16212727272727467, 0.1540939393939389, 0.15007727272727567, 0.19830423427812227, 0.20352277754516335], [0.12609988054967758, 0.09449619515179553, 0.13652112889709, 0.13802727272727178, 0.14606060606060778, 0.3007923672620292, 0.05933814407843685, 0.18622727272727269, 0.17819393939394157, 0.16212727272727467, 0.15007727272727567, 0.146060606060608, 0.14204393939393967, 0.13802727272727155, 0.14204393939393967, 0.15409393939393867, 0.1701606060606058, 0.1822106060606099, 0.17417727272727368, 0.27547431252404087, 0.2614241823386976, 0.03741554667386371, 0.14125569864661758, 0.2064216031089927], [0.11520017040594865, 0.10310096761517373, 0.13715355995245337, 0.13802727272727644, 0.14606060606060578, 0.16212727272727312, 0.17819393939394335, 0.18622727272727246, 0.17819393939394002, 0.16212727272727312, 0.150077272727273, 0.14606060606060645, 0.1420439393939441, 0.13802727272727644, 0.14204393939394033, 0.15409393939393934, 0.170160606060608, 0.1822106060606079, 0.174177272727277, 0.16870502499180273, 0.2649633551449171, 0.05021371062392843, 0.1949435136450972, 0.20640339523060902], [0.10716547114576258, 0.10501016737688484, 0.14142014736826325, 0.13802727272727155, 0.14606060606060778, 0.16212727272727467, 0.1781939393939418, 0.1862272727272729, 0.17819393939394135, 0.1621272727272749, 0.1500772727272759, 0.14606060606060756, 0.14204393939393967, 0.13802727272727155, 0.1420439393939399, 0.15409393939393867, 0.1701606060606058, 0.1822106060606099, 0.17417727272727368, 0.24221611317197533, 0.08544636186990928, 0.1500772727272759, 0.19474532114100196, 0.2065732745198403], [0.11569100780483765, 0.10357413633290236, 0.13638737153398472, 0.13802727272727355, 0.146060606060606, 0.16212727272727334, 0.17819393939393957, 0.18622727272727446, 0.178193939393942, 0.16212727272727467, 0.15007727272727167, 0.14606060606060955, 0.14204393939394167, 0.13802727272727355, 0.14204393939394255, 0.154093939393942, 0.1701606060606089, 0.18221060606060702, 0.1741772727272739, 0.1676403008371592, 0.26541216803142054, 0.05061126018176276, 0.1945234312207107, 0.20676346588009054], [0.10822356353159535, 0.10606130872746955, 0.13974179507000417, 0.13802727272727378, 0.14606060606060978, 0.16212727272727578, 0.17819393939393957, 0.18622727272727468, 0.17819393939393957, 0.16212727272727312, 0.150077272727273, 0.14606060606060933, 0.14204393939393967, 0.13802727272727378, 0.142043939393941, 0.15409393939394023, 0.170160606060608, 0.18221060606060768, 0.17417727272727457, 0.2410538314587054, 0.08644260333842713, 0.15007727272727567, 0.19381693799099797, 0.20736903150556074], [0.10267264266522247, 0.10813340585405085, 0.1420439393939421, 0.138027272727272, 0.14606060606060733, 0.16212727272727534, 0.1781939393939418, 0.18622727272727624, 0.1781939393939418, 0.162127272727276, 0.150077272727275, 0.14606060606060778, 0.14204393939394122, 0.1380272727272751, 0.14204393939393967, 0.15409393939393912, 0.17016060606060668, 0.18221060606060968, 0.1741772727272739, 0.16212727272727534, 0.15409393939393845, 0.15007727272727367, 0.19142341403117302, 0.20942062347112156], [0.0983496274401574, 0.11183884747554518, 0.1420439393939399, 0.13802727272727178, 0.14606060606060778, 0.16212727272727467, 0.17819393939394135, 0.18622727272727269, 0.17819393939394157, 0.16212727272727445, 0.1500772727272759, 0.14606060606060778, 0.1420439393939399, 0.13802727272727155, 0.14204393939393967, 0.15409393939393867, 0.17016060606060557, 0.1822106060606099, 0.17417727272727368, 0.1621272727272749, 0.15409393939393867, 0.1500772727272759, 0.18735117074579266, 0.21291111771572702], [0.08845410398761833, 0.12032072472057354, 0.142043939393943, 0.13802727272727155, 0.14606060606060733, 0.1621272727272749, 0.17819393939394157, 0.18622727272727269, 0.1781939393939418, 0.1621272727272749, 0.15007727272727567, 0.14606060606060778, 0.14204393939393967, 0.138027272727272, 0.14204393939393967, 0.1540939393939389, 0.1701606060606058, 0.18221060606060968, 0.17417727272727368, 0.16212727272727445, 0.1540939393939389, 0.15007727272727567, 0.18820846208693354, 0.21217629656618198], [0.07522370615147622, 0.13166106572298086, 0.14204393939393967, 0.13802727272727178, 0.14606060606060778, 0.1621272727272749, 0.17819393939394157, 0.18622727272727246, 0.1781939393939418, 0.16212727272727467, 0.15007727272727567, 0.146060606060608, 0.1420439393939399, 0.13802727272727178, 0.14204393939393967, 0.1540939393939389, 0.1701606060606058, 0.18221060606060968, 0.17417727272727368, 0.16212727272727445, 0.15409393939393867, 0.15007727272727567, 0.1863121560547356, 0.2138017017366387], [0.07550770421568131, 0.13141763881080504, 0.1420439393939419, 0.13802727272727422, 0.1460606060606049, 0.16212727272727645, 0.17819393939393802, 0.18622727272727402, 0.17819393939393846, 0.16212727272727667, 0.15007727272727278, 0.14606060606060467, 0.1420439393939421, 0.13802727272727422, 0.1420439393939419, 0.15409393939394067, 0.17016060606060734, 0.18221060606060613, 0.174177272727275, 0.16212727272727645, 0.15409393939394023, 0.15007727272727234, 0.18602800833216993, 0.21404525692740606], [0.07856915837341916, 0.12879353524702863, 0.14204393939394144, 0.13802727272727466, 0.14606060606060778, 0.16212727272727379, 0.17819393939393846, 0.18622727272727202, 0.17819393939393935, 0.16212727272727312, 0.1500772727272719, 0.14606060606060578, 0.14204393939393833, 0.138027272727276, 0.14204393939393967, 0.15409393939393823, 0.17016060606060868, 0.18221060606060568, 0.17417727272727168, 0.16212727272727379, 0.15409393939394, 0.150077272727273, 0.18356630282714836, 0.21615529021742574], [0.07934117424003162, 0.12813180736135932, 0.14204393939394255, 0.13802727272727178, 0.14606060606060844, 0.16212727272727467, 0.17819393939394157, 0.18622727272727246, 0.1781939393939418, 0.16212727272727467, 0.15007727272727567, 0.14606060606060756, 0.14204393939393967, 0.13802727272727155, 0.14204393939393967, 0.15409393939393867, 0.17016060606060557, 0.1822106060606099, 0.17417727272727368, 0.16212727272727467, 0.15409393939393867, 0.15007727272727545, 0.18185713661022862, 0.21762028983193105], [0.0739612991393841, 0.13274312887620066, 0.1420439393939421, 0.13802727272727489, 0.14606060606060933, 0.16212727272727334, 0.1781939393939418, 0.18622727272727135, 0.178193939393942, 0.16212727272727312, 0.15007727272727145, 0.14606060606060933, 0.1420439393939419, 0.13802727272727466, 0.14204393939394233, 0.1540939393939389, 0.1701606060606078, 0.18221060606060924, 0.174177272727275, 0.16212727272727312, 0.15409393939393867, 0.15007727272727167, 0.18562114307846822, 0.21439399857343844], [0.07706025942857408, 0.1300868771997572, 0.14204393939393967, 0.13802727272727155, 0.14606060606060756, 0.1621272727272749, 0.17819393939394135, 0.1862272727272729, 0.1781939393939418, 0.1621272727272749, 0.1500772727272759, 0.14606060606060778, 0.1420439393939399, 0.13802727272727178, 0.14204393939393967, 0.15409393939393867, 0.17016060606060557, 0.18221060606060968, 0.17417727272727368, 0.16212727272727467, 0.1540939393939389, 0.15007727272727545, 0.1825000136680519, 0.2170692523537916], [0.07093237475383063, 0.13533934977810724, 0.142043939393943, 0.13802727272727155, 0.14606060606060778, 0.1621272727272749, 0.1781939393939418, 0.18622727272727246, 0.1781939393939389, 0.16212727272727334, 0.15007727272727522, 0.14606060606060534, 0.14204393939394167, 0.1380272727272729, 0.1420439393939421, 0.15409393939394067, 0.17016060606060646, 0.18221060606060635, 0.17417727272727457, 0.16212727272727467, 0.15409393939393912, 0.15007727272727522, 0.18684965707846146, 0.21334098657344924], [0.08650949669070696, 0.12198753097506665, 0.142043939393943, 0.13802727272727155, 0.14606060606060778, 0.16212727272727445, 0.1781939393939418, 0.18622727272727269, 0.1781939393939418, 0.16212727272727467, 0.1500772727272759, 0.14606060606060733, 0.1420439393939399, 0.13802727272727155, 0.14204393939393967, 0.15409393939393867, 0.170160606060606, 0.18221060606060946, 0.17417727272727368, 0.16212727272727467, 0.1540939393939389, 0.15007727272727567, 0.19830423427812227, 0.20352277754516335], [0.10479821960234403, 0.10631148276509128, 0.14204393939393878, 0.13802727272727555, 0.14606060606060867, 0.16212727272727445, 0.17819393939394068, 0.1862272727272738, 0.1781939393939409, 0.16212727272727467, 0.15007727272727278, 0.14606060606060844, 0.1420439393939399, 0.13802727272727577, 0.14204393939393944, 0.15409393939394178, 0.17016060606060757, 0.18221060606060968, 0.17417727272727146, 0.24481917903730155, 0.0832151625567723, 0.15007727272727234, 0.19682265347776617, 0.204792703945472], [0.11379086273842987, 0.1017423908167625, 0.13935346406599525, 0.13802727272727155, 0.146060606060608, 0.16212727272727467, 0.17819393939394135, 0.18622727272727269, 0.17819393939394157, 0.16212727272727467, 0.15007727272727567, 0.14606060606060756, 0.14204393939393967, 0.13802727272727155, 0.14204393939393967, 0.15409393939393845, 0.17016060606060557, 0.18221060606060968, 0.17417727272727368, 0.17176475087363108, 0.2636732713886898, 0.049071534828327046, 0.19614966742030826, 0.2053695491375791], [0.10365842702035266, 0.10728844783537084, 0.14204393939394078, 0.13802727272727555, 0.1460606060606049, 0.16212727272727356, 0.17819393939394002, 0.18622727272727557, 0.17819393939393935, 0.16212727272727356, 0.15007727272727345, 0.14606060606060756, 0.14204393939394389, 0.13802727272727577, 0.14204393939393922, 0.1540939393939429, 0.17016060606060712, 0.18221060606061013, 0.17417727272727324, 0.2460710008639, 0.08214217241969224, 0.15007727272727256, 0.19782272040591686, 0.20393550372134328], [0.09154081312515316, 0.11767497403126481, 0.14204393939394078, 0.13802727272727155, 0.14606060606060733, 0.16212727272727467, 0.17819393939394157, 0.1862272727272729, 0.1781939393939418, 0.16212727272727445, 0.15007727272727567, 0.14606060606060778, 0.14204393939393967, 0.13802727272727155, 0.14204393939393967, 0.1540939393939389, 0.1701606060606058, 0.18221060606060968, 0.17417727272727368, 0.16212727272727445, 0.15409393939393867, 0.15007727272727567, 0.2014419191919219, 0.20083333333333542], [0.09154081312514695, 0.11767497403126481, 0.14204393939394078, 0.13802727272727155, 0.14606060606060733, 0.16212727272727467, 0.17819393939394157, 0.1862272727272729, 0.1781939393939418, 0.16212727272727445, 0.15007727272727567, 0.14606060606060778, 0.14204393939393967, 0.13802727272727155, 0.14204393939393967, 0.1540939393939389, 0.1701606060606058, 0.18221060606060968, 0.17417727272727368, 0.16212727272727445, 0.15409393939393867, 0.15007727272727567, 0.20144191919192678, 0.2008333333333332], [0.10093071028898137, 0.10962649074797426, 0.1420439393939419, 0.13802727272727466, 0.1460606060606089, 0.16212727272727223, 0.17819393939394002, 0.18622727272727424, 0.17819393939394002, 0.162127272727272, 0.1500772727272759, 0.1460606060606091, 0.1420439393939421, 0.13802727272727466, 0.1420439393939419, 0.15409393939393823, 0.17016060606060623, 0.18221060606060724, 0.17417727272727257, 0.16212727272727223, 0.15409393939393845, 0.1500772727272761, 0.19299111576678118, 0.20807687912631323], [0.09339812687543514, 0.11608299081672824, 0.14204393939393967, 0.13802727272727155, 0.14606060606060778, 0.1621272727272749, 0.17819393939394157, 0.1862272727272729, 0.1781939393939418, 0.16212727272727467, 0.1500772727272759, 0.14606060606060778, 0.14204393939393967, 0.13802727272727155, 0.14204393939393967, 0.15409393939393867, 0.170160606060606, 0.18221060606060968, 0.17417727272727368, 0.16212727272727467, 0.1540939393939389, 0.15007727272727545, 0.1919311054839543, 0.20898545936873703], [0.0836560730840219, 0.12443332263793883, 0.142043939393943, 0.13802727272727466, 0.14606060606060733, 0.16212727272727223, 0.1781939393939418, 0.18622727272727424, 0.17819393939394157, 0.16212727272727667, 0.15007727272727323, 0.1460606060606071, 0.14204393939394078, 0.13802727272727422, 0.14204393939394078, 0.15409393939393978, 0.17016060606060468, 0.18221060606060835, 0.17417727272727546, 0.16212727272727134, 0.15409393939393934, 0.15007727272727323, 0.19277622211181922, 0.20826107368770863], [0.09464007062732804, 0.11501846760082257, 0.14204393939394055, 0.13802727272727133, 0.1460606060606051, 0.16212727272727245, 0.17819393939394046, 0.1862272727272738, 0.17819393939394024, 0.16212727272727245, 0.15007727272727456, 0.1460606060606049, 0.14204393939394078, 0.13802727272727133, 0.14204393939394078, 0.15409393939393867, 0.1701606060606069, 0.18221060606060946, 0.17417727272727612, 0.16212727272727268, 0.15409393939393867, 0.15007727272727434, 0.190782559224012, 0.20996992759154054], [0.08807301628579012, 0.12064737132214076, 0.1420439393939399, 0.13802727272727178, 0.14606060606060756, 0.16212727272727467, 0.1781939393939418, 0.1862272727272729, 0.1781939393939418, 0.1621272727272749, 0.1500772727272759, 0.14606060606060756, 0.14204393939393967, 0.138027272727272, 0.14204393939393967, 0.1540939393939389, 0.17016060606060557, 0.18221060606060968, 0.1741772727272739, 0.16212727272727467, 0.15409393939393867, 0.15007727272727567, 0.18857304526233487, 0.21186379670155375], [0.07903181051822372, 0.12839697626576752, 0.14204393939393922, 0.13802727272727444, 0.14606060606060778, 0.16212727272727467, 0.17819393939394157, 0.18622727272727246, 0.17819393939394157, 0.1621272727272749, 0.1500772727272759, 0.14606060606060778, 0.14204393939393967, 0.13802727272727155, 0.14204393939393967, 0.15409393939393867, 0.1701606060606058, 0.18221060606060968, 0.17417727272727368, 0.16212727272727467, 0.1540939393939389, 0.15007727272727545, 0.189002706766501, 0.21149551541226685], [0.0778737365876161, 0.12938961106343116, 0.14204393939393944, 0.13802727272727533, 0.14606060606060778, 0.1621272727272749, 0.1781939393939418, 0.18622727272727269, 0.178193939393942, 0.1621272727272749, 0.1500772727272759, 0.146060606060608, 0.14204393939393967, 0.13802727272727178, 0.14204393939393967, 0.1540939393939389, 0.1701606060606058, 0.18221060606060968, 0.17417727272727368, 0.1621272727272749, 0.15409393939393867, 0.1500772727272759, 0.1842606946851555, 0.21556009719627767], [0.07800380077151203, 0.12927812747723233, 0.1420439393939421, 0.13802727272727133, 0.14606060606060733, 0.16212727272727245, 0.1781939393939389, 0.18622727272727624, 0.17819393939394024, 0.16212727272727423, 0.15007727272727345, 0.14606060606060733, 0.14204393939394078, 0.13802727272727133, 0.14204393939394255, 0.15409393939394134, 0.17016060606060845, 0.18221060606060768, 0.1741772727272728, 0.16212727272727512, 0.15409393939394067, 0.15007727272727323, 0.18319684295673966, 0.21647197010634045], [0.07573304534488656, 0.13122448927149266, 0.14204393939394233, 0.13802727272727355, 0.14606060606060778, 0.1621272727272749, 0.17819393939394224, 0.18622727272727313, 0.17819393939394246, 0.16212727272727268, 0.15007727272727522, 0.14606060606060778, 0.14204393939393833, 0.138027272727272, 0.14204393939394344, 0.15409393939394178, 0.1701606060606078, 0.18221060606060813, 0.17417727272727235, 0.16212727272727534, 0.15409393939393956, 0.150077272727273, 0.18383726619006668, 0.21592303590634998], [0.06963245477961877, 0.13645356689886, 0.14204393939394255, 0.13802727272727577, 0.14606060606060778, 0.16212727272727467, 0.1781939393939418, 0.1862272727272729, 0.17819393939394157, 0.16212727272727467, 0.15007727272727567, 0.14606060606060778, 0.14204393939393967, 0.13802727272727178, 0.14204393939393967, 0.15409393939393867, 0.17016060606060557, 0.18221060606060968, 0.17417727272727368, 0.16212727272727445, 0.15409393939393867, 0.1500772727272759, 0.18816841535864204, 0.21221062233329135]]
    P_DER = [[8.196848361699383, 4.690343224342994, 6.940477118712607, 3.5980801727234955, 7.967370895107099, 8.5, 3.0, 4.89637146528197, 8.5, 8.48718932163858, 8.5, 4.856521730234141, 4.537652533177005, 5.2340045667554165, 8.5, 6.921507082802485, 8.5, 7.62495773810695, 8.5, 8.5, 7.7251526724523565, 4.605739355280944, 5.560922945488436, 6.213322118291299], [0.0, 0.0, 0.0, 0.0, 0.0, 0.0, 0.6730366591236248, 0.18272434263543819, 0.0, 0.0, 0.0, 0.0, 0.642923998720515, 0.0, 0.0, 0.0, 0.0, 0.0, 0.0, 0.0, 0.0, 0.0, 0.0, 0.038634502366410015], [0.31200520981858804, 0.27817415848478566, 0.3296693109900152, 0.379120769955286, 0.4155676519898054, 0.4597228260322861, 0.5142747788765234, 0.5684376048840964, 0.6033300177239245, 0.6045725333955856, 0.5771258265262714, 0.5427509505013447, 0.5176237128910438, 0.5088608674153889, 0.5739809472494141, 0.5939607462121643, 0.5936634462481072, 0.63282862141074, 0.6371694952804298, 0.6032574894985187, 0.5563568524405571, 0.5217812967425963, 0.5596905624340442, 0.6690908235349349], [0.0, 0.0, 0.0, 0.0, 0.0, 0.0, 0.07678144056272868, 0.2964855303986484, 0.5495313732394664, 1.0018207639131618, 1.2449557169907697, 1.3628892843909337, 1.4634952134923134, 1.4493024164043726, 1.1771077050812164, 0.989394335172213, 0.5686504498575115, 0.19255349622102583, 0.0, 0.0, 0.0, 0.0, 0.0, 0.0], [0.0, 0.0, 0.0, 0.0, 0.0, 0.0, 0.11517216084409301, 0.44472829559797256, 0.8242970598591997, 1.5027311458697428, 1.8674335754861544, 2.0443339265864005, 2.19524282023847, 2.173953624606559, 1.7656615576218246, 1.4840915027583195, 0.8529756747862671, 0.28883024433153875, 0.0, 0.0, 0.0, 0.0, 0.0, 0.0], [0.0, 0.0, 0.0, 0.0, 0.0, 0.0, 0.11517216084409301, 0.44472829559797256, 0.8242970598591997, 1.5027311458697428, 1.8674335754861544, 2.0443339265864005, 2.19524282023847, 2.173953624606559, 1.7656615576218246, 1.4840915027583195, 0.8529756747862671, 0.28883024433153875, 0.0, 0.0, 0.0, 0.0, 0.0, 0.0]]
    P_DH = [[0.0, 0.0, 0.0, 0.0, 0.0, 0.0, 0.0, 0.0, 0.0, 0.0, 0.0, 0.0, 0.0, 0.0, 0.0, 0.0, 0.0, 0.0, 0.0, 0.0, 0.0, 0.0, 0.0, 0.0], [0.0, 0.0, 0.0, 0.0, 0.0, 0.0, 0.0, 0.0, 0.0, 0.0, 0.0, 0.0, 0.0, 0.0, 0.0, 0.0, 0.0, 0.0, 0.0, 0.0, 0.0, 0.0, 0.0, 0.0], [0.0, 0.0, 0.0, 0.0, 0.0, 0.0, 0.0, 0.0, 0.0, 0.0, 0.0, 0.0, 0.0, 0.0, 0.0, 0.0, 0.0, 0.0, 0.0, 0.0, 0.0, 0.0, 0.0, 0.0], [0.0, 0.0, 0.0, 0.0, 0.0, 0.0, 0.0, 0.0, 0.0, 0.0, 0.0, 0.0, 0.0, 0.0, 0.0, 0.0, 0.0, 0.0, 0.0, 0.0, 0.0, 0.0, 0.0, 0.0], [0.0, 0.0, 0.0, 0.0, 0.0, 0.0, 0.0, 0.0, 0.0, 0.0, 0.0, 0.0, 0.0, 0.0, 0.0, 0.0, 0.0, 0.0, 0.0, 0.0, 0.0, 0.0, 0.0, 0.0], [0.0, 0.0, 0.0, 0.0, 0.0, 0.0, 0.0, 0.0, 0.0, 0.0, 0.0, 0.0, 0.0, 0.0, 0.0, 0.0, 0.0, 0.0, 0.0, 0.0, 0.0, 0.0, 0.0, 0.0], [0.0, 0.0, 0.0, 0.0, 0.0, 0.0, 0.0, 0.0, 0.0, 0.0, 0.0, 0.0, 0.0, 0.0, 0.0, 0.0, 0.0, 0.0, 0.0, 0.0, 0.0, 0.0, 0.0, 0.0], [0.0, 0.0, 0.0, 0.0, 0.0, 0.0, 0.0, 0.0, 0.0, 0.0, 0.0, 0.0, 0.0, 0.0, 0.0, 0.0, 0.0, 0.0, 0.0, 0.0, 0.0, 0.0, 0.0, 0.0], [0.0, 0.0, 0.0, 0.0, 0.0, 0.0, 0.0, 0.0, 0.0, 0.0, 0.0, 0.0, 0.0, 0.0, 0.0, 0.0, 0.0, 0.0, 0.0, 0.0, 0.0, 0.0, 0.0, 0.0], [0.0, 0.0, 0.0, 0.0, 0.0, 0.0, 0.0, 0.0, 0.0, 0.0, 0.0, 0.0, 0.0, 0.0, 0.0, 0.0, 0.0, 0.0, 0.0, 0.0, 0.0, 0.0, 0.0, 0.0], [0.0, 0.0, 0.0, 0.0, 0.0, 0.0, 0.0, 0.0, 0.0, 0.0, 0.0, 0.0, 0.0, 0.0, 0.0, 0.0, 0.0, 0.0, 0.0, 0.0, 0.0, 0.0, 0.0, 0.0], [0.0, 0.0, 0.0, 0.0, 0.0, 0.0, 0.0, 0.0, 0.0, 0.0, 0.0, 0.0, 0.0, 0.0, 0.0, 0.0, 0.0, 0.0, 0.0, 0.0, 0.0, 0.0, 0.0, 0.0], [0.0, 0.0, 0.0, 0.0, 0.0, 0.0, 0.0, 0.0, 0.0, 0.0, 0.0, 0.0, 0.0, 0.0, 0.0, 0.0, 0.0, 0.0, 0.0, 0.0, 0.0, 0.0, 0.0, 0.0], [0.0, 0.0, 0.0, 0.0, 0.0, 0.0, 0.0, 0.0, 0.0, 0.0, 0.0, 0.0, 0.0, 0.0, 0.0, 0.0, 0.0, 0.0, 0.0, 0.0, 0.0, 0.0, 0.0, 0.0], [0.0, 0.0, 0.0, 0.0, 0.0, 0.0, 0.0, 0.0, 0.0, 0.0, 0.0, 0.0, 0.0, 0.0, 0.0, 0.0, 0.0, 0.0, 0.0, 0.0, 0.0, 0.0, 0.0, 0.0], [0.0, 0.0, 0.0, 0.0, 0.0, 0.0, 0.0, 0.0, 0.0, 0.0, 0.0, 0.0, 0.0, 0.0, 0.0, 0.0, 0.0, 0.0, 0.0, 0.0, 0.0, 0.0, 0.0, 0.0], [0.0, 0.0, 0.0, 0.0, 0.0, 0.0, 0.0, 0.0, 0.0, 0.0, 0.0, 0.0, 0.0, 0.0, 0.0, 0.0, 0.0, 0.0, 0.0, 0.0, 0.0, 0.0, 0.0, 0.0], [0.0, 0.0, 0.0, 0.0, 0.0, 0.0, 0.0, 0.0, 0.0, 0.0, 0.0, 0.0, 0.0, 0.0, 0.0, 0.0, 0.0, 0.0, 0.0, 0.0, 0.0, 0.0, 0.0, 0.0], [0.0, 0.0, 0.0, 0.0, 0.0, 0.0, 0.0, 0.0, 0.0, 0.0, 0.0, 0.0, 0.0, 0.0, 0.0, 0.0, 0.0, 0.0, 0.0, 0.0, 0.0, 0.0, 0.0, 0.0], [0.0, 0.0, 0.0, 0.0, 0.0, 0.0, 0.0, 0.0, 0.0, 0.0, 0.0, 0.0, 0.0, 0.0, 0.0, 0.0, 0.0, 0.0, 0.0, 0.0, 0.0, 0.0, 0.0, 0.0], [0.0, 0.0, 0.0, 0.0, 0.0, 0.0, 0.0, 0.0, 0.0, 0.0, 0.0, 0.0, 0.0, 0.0, 0.0, 0.0, 0.0, 0.0, 0.0, 0.0, 0.0, 0.0, 0.0, 0.0], [0.0, 0.0, 0.0, 0.0, 0.0, 0.0, 0.0, 0.0, 0.0, 0.0, 0.0, 0.0, 0.0, 0.0, 0.0, 0.0, 0.0, 0.0, 0.0, 0.0, 0.0, 0.0, 0.0, 0.0], [0.0, 0.0, 0.0, 0.0, 0.0, 0.0, 0.0, 0.0, 0.0, 0.0, 0.0, 0.0, 0.0, 0.0, 0.0, 0.0, 0.0, 0.0, 0.0, 0.0, 0.0, 0.0, 0.0, 0.0], [0.0, 0.0, 0.0, 0.0, 0.0, 0.0, 0.0, 0.0, 0.0, 0.0, 0.0, 0.0, 0.0, 0.0, 0.0, 0.0, 0.0, 0.0, 0.0, 0.0, 0.0, 0.0, 0.0, 0.0], [0.0, 0.0, 0.0, 0.0, 0.0, 0.0, 0.0, 0.0, 0.0, 0.0, 0.0, 0.0, 0.0, 0.0, 0.0, 0.0, 0.0, 0.0, 0.0, 0.0, 0.0, 0.0, 0.0, 0.0], [0.0, 0.0, 0.0, 0.0, 0.0, 0.0, 0.0, 0.0, 0.0, 0.0, 0.0, 0.0, 0.0, 0.0, 0.0, 0.0, 0.0, 0.0, 0.0, 0.0, 0.0, 0.0, 0.0, 0.0], [0.0, 0.0, 0.0, 0.0, 0.0, 0.0, 0.0, 0.0, 0.0, 0.0, 0.0, 0.0, 0.0, 0.0, 0.0, 0.0, 0.0, 0.0, 0.0, 0.0, 0.0, 0.0, 0.0, 0.0], [0.0, 0.0, 0.0, 0.0, 0.0, 0.0, 0.0, 0.0, 0.0, 0.0, 0.0, 0.0, 0.0, 0.0, 0.0, 0.0, 0.0, 0.0, 0.0, 0.0, 0.0, 0.0, 0.0, 0.0], [0.0, 0.0, 0.0, 0.0, 0.0, 0.0, 0.0, 0.0, 0.0, 0.0, 0.0, 0.0, 0.0, 0.0, 0.0, 0.0, 0.0, 0.0, 0.0, 0.0, 0.0, 0.0, 0.0, 0.0], [0.0, 0.0, 0.0, 0.0, 0.0, 0.0, 0.0, 0.0, 0.0, 0.0, 0.0, 0.0, 0.0, 0.0, 0.0, 0.0, 0.0, 0.0, 0.0, 0.0, 0.0, 0.0, 0.0, 0.0], [0.0, 0.0, 0.0, 0.0, 0.0, 0.0, 0.0, 0.0, 0.0, 0.0, 0.0, 0.0, 0.0, 0.0, 0.0, 0.0, 0.0, 0.0, 0.0, 0.0, 0.0, 0.0, 0.0, 0.0], [0.0, 0.0, 0.0, 0.0, 0.0, 0.0, 0.0, 0.0, 0.0, 0.0, 0.0, 0.0, 0.0, 0.0, 0.0, 0.0, 0.0, 0.0, 0.0, 0.0, 0.0, 0.0, 0.0, 0.0], [0.0, 0.0, 0.0, 0.0, 0.0, 0.0, 0.0, 0.0, 0.0, 0.0, 0.0, 0.0, 0.0, 0.0, 0.0, 0.0, 0.0, 0.0, 0.0, 0.0, 0.0, 0.0, 0.0, 0.0], [0.0, 0.0, 0.0, 0.0, 0.0, 0.0, 0.0, 0.0, 0.0, 0.0, 0.0, 0.0, 0.0, 0.0, 0.0, 0.0, 0.0, 0.0, 0.0, 0.0, 0.0, 0.0, 0.0, 0.0], [0.0, 0.0, 0.0, 0.0, 0.0, 0.0, 0.0, 0.0, 0.0, 0.0, 0.0, 0.0, 0.0, 0.0, 0.0, 0.0, 0.0, 0.0, 0.0, 0.0, 0.0, 0.0, 0.0, 0.0], [0.0, 0.0, 0.0, 0.0, 0.0, 0.0, 0.0, 0.0, 0.0, 0.0, 0.0, 0.0, 0.0, 0.0, 0.0, 0.0, 0.0, 0.0, 0.0, 0.0, 0.0, 0.0, 0.0, 0.0]]
    P_PCC = [[17.5990168481162, 19.83860093414328, 16.817902192277636, 19.79872059723049, 16.287936756886296, 18.676672826026614, 28.70743567574852, 30.01742836064634, 28.542024524764265, 28.39104015610453, 28.200302958558005, 29.69355208270357, 27.761614324461544, 25.237256635044062, 24.358250126920794, 28.351696322719025, 30.100001646818246, 33.34065689841449, 31.596049495280532, 29.095957489494864, 26.53566417998863, 26.74329194146042, 23.770867616945782, 21.211353207604372]]
    P_line = [[14.816197674417708, 14.099284883721339, 13.621343023256486, 13.382372093021331, 13.860313953489822, 15.533110465117716, 17.80764760659804, 20.10677170440067, 21.63897038200048, 21.91642001692162, 22.029659447769518, 20.89687537573991, 19.312140900690792, 18.616517305626985, 19.741722163309532, 20.979175939102788, 22.566175488003864, 23.608262778923745, 22.94120930232566, 21.507383720931102, 19.59561627907169, 17.92281976744198, 16.727965116278938, 15.533110465117716], [2.782819173702592, 5.73931605042344, 3.1965591690204747, 6.416348504208145, 2.427622803392296, 3.143562360914075, 10.899788069151327, 9.910656656240462, 6.903054142763722, 6.4746201391863, 6.170643510791706, 8.796676706962899, 8.44947342377236, 6.620739329418939, 4.616527963615226, 7.372520383616575, 7.533826158818556, 9.732394119495439, 8.654840192953998, 7.588573768565766, 6.940047900916397, 8.820472174022143, 7.042902500668788, 5.678242742489601], [2.963239534883721, 2.819856976744186, 2.724268604651163, 2.676474418604651, 2.772062790697674, 3.1066220930232555, 3.584563953488372, 4.1103000000000005, 4.492653488372093, 4.683830232558139, 4.779418604651163, 4.588241860465116, 4.301476744186046, 4.158094186046512, 4.301476744186046, 4.492653488372093, 4.683830232558139, 4.779418604651163, 4.588241860465116, 4.301476744186046, 3.919123255813953, 3.584563953488372, 3.345593023255814, 3.1066220930232555], [2.3705916279069768, 2.255885581395349, 2.17941488372093, 2.141179534883721, 2.2176502325581393, 2.4852976744186046, 2.8676511627906978, 3.28824, 3.594122790697674, 3.7470641860465115, 3.82353488372093, 3.6705934883720928, 3.441181395348837, 3.326475348837209, 3.441181395348837, 3.594122790697674, 3.7470641860465115, 3.82353488372093, 3.6705934883720928, 3.441181395348837, 3.1352986046511626, 2.8676511627906978, 2.676474418604651, 2.4852976744186046], [1.7779437209302325, 1.6919141860465117, 1.6345611627906975, 1.6058846511627909, 1.6632376744186046, 1.8639732558139535, 2.1507383720930235, 2.46618, 2.6955920930232553, 2.8102981395348836, 2.8676511627906978, 2.7529451162790695, 2.580886046511628, 2.4948565116279067, 2.580886046511628, 2.6955920930232553, 2.8102981395348836, 2.8676511627906978, 2.7529451162790695, 2.580886046511628, 2.351473953488372, 2.1507383720930235, 2.007355813953488, 1.8639732558139535], [1.1852958139534884, 1.1279427906976744, 1.089707441860465, 1.0705897674418605, 1.1088251162790697, 1.2426488372093023, 1.4338255813953489, 1.64412, 1.797061395348837, 1.8735320930232557, 1.911767441860465, 1.8352967441860464, 1.7205906976744185, 1.6632376744186046, 1.7205906976744185, 1.797061395348837, 1.8735320930232557, 1.911767441860465, 1.8352967441860464, 1.7205906976744185, 1.5676493023255813, 1.4338255813953489, 1.3382372093023256, 1.2426488372093023], [0.5926479069767442, 0.5639713953488372, 0.5448537209302325, 0.5352948837209303, 0.5544125581395348, 0.6213244186046512, 0.7169127906976744, 0.82206, 0.8985306976744185, 0.9367660465116279, 0.9558837209302325, 0.9176483720930232, 0.8602953488372093, 0.8316188372093023, 0.8602953488372093, 0.8985306976744185, 0.9367660465116279, 0.9558837209302325, 0.9176483720930232, 0.8602953488372093, 0.7838246511627907, 0.7169127906976744, 0.6691186046511628, 0.6213244186046512], [4.148535348837209, 3.9477997674418606, 3.8139760465116277, 3.747064186046512, 3.880887906976744, 4.349270930232558, 4.903217374039627, 5.309691704402028, 5.4654178238617295, 5.054631179711652, 4.8237524710254736, 4.379204678064762, 3.8268246216219945, 3.647378235858558, 4.25640588423864, 4.80562338096261, 5.7043866507951275, 6.402355802180089, 6.423538604651162, 6.0220674418604645, 5.486772558139535, 5.018389534883721, 4.683830232558139, 4.349270930232558], [3.555887441860465, 3.3838283720930233, 3.269122325581395, 3.2117693023255818, 3.326475348837209, 3.727946511627907, 4.186304583341953, 4.487631704402029, 4.566887126187311, 4.1178651332000245, 3.867868750095241, 3.461556305971739, 2.9665292727847854, 2.8157593986492557, 3.3961105354014305, 3.907092683288191, 4.7676206042835, 5.446472081249856, 5.505890232558139, 5.161772093023256, 4.702947906976744, 4.301476744186047, 4.014711627906976, 3.727946511627907], [2.963239534883721, 2.819856976744186, 2.724268604651163, 2.676474418604651, 2.772062790697674, 3.1066220930232555, 3.584563953488372, 4.1103000000000005, 4.492653488372093, 4.683830232558139, 4.779418604651163, 4.588241860465116, 4.301476744186046, 4.158094186046512, 4.301476744186046, 4.492653488372093, 4.683830232558139, 4.779418604651163, 4.588241860465116, 4.301476744186046, 3.919123255813953, 3.584563953488372, 3.345593023255814, 3.1066220930232555], [2.3705916279069768, 2.255885581395349, 2.17941488372093, 2.141179534883721, 2.2176502325581393, 2.4852976744186046, 2.8676511627906978, 3.2882400000000005, 3.594122790697674, 3.7470641860465115, 3.82353488372093, 3.6705934883720928, 3.441181395348837, 3.326475348837209, 3.441181395348837, 3.594122790697674, 3.7470641860465115, 3.82353488372093, 3.6705934883720928, 3.441181395348837, 3.1352986046511626, 2.8676511627906978, 2.676474418604651, 2.4852976744186046], [0.5926479069767442, 0.5639713953488372, 0.5448537209302325, 0.5352948837209303, 0.5544125581395348, 0.6213244186046512, 0.7169127906976744, 0.82206, 0.8985306976744185, 0.9367660465116279, 0.9558837209302325, 0.9176483720930232, 0.8602953488372093, 0.8316188372093023, 0.8602953488372093, 0.8985306976744185, 0.9367660465116279, 0.9558837209302325, 0.9176483720930232, 0.8602953488372093, 0.7838246511627907, 0.7169127906976744, 0.6691186046511628, 0.6213244186046512], [1.1852958139534884, 1.1279427906976744, 1.089707441860465, 1.0705897674418605, 1.1088251162790697, 1.2426488372093023, 1.4338255813953489, 1.64412, 1.797061395348837, 1.8735320930232557, 1.911767441860465, 1.8352967441860464, 1.7205906976744185, 1.6632376744186046, 1.7205906976744185, 1.797061395348837, 1.8735320930232557, 1.911767441860465, 1.8352967441860464, 1.7205906976744185, 1.5676493023255813, 1.4338255813953489, 1.3382372093023256, 1.2426488372093023], [0.5926479069767442, 0.5639713953488372, 0.5448537209302325, 0.5352948837209303, 0.5544125581395348, 0.6213244186046512, 0.7169127906976744, 0.82206, 0.8985306976744185, 0.9367660465116279, 0.9558837209302325, 0.9176483720930232, 0.8602953488372093, 0.8316188372093023, 0.8602953488372093, 0.8985306976744185, 0.9367660465116279, 0.9558837209302325, 0.9176483720930232, 0.8602953488372093, 0.7838246511627907, 0.7169127906976744, 0.6691186046511628, 0.6213244186046512], [5.333831162790697, 5.075742558139535, 4.903683488372093, 4.817653953488373, 4.989713023255813, 5.59191976744186, 6.45221511627907, 7.398540000000001, 8.086776279069767, 8.430894418604652, 8.602953488372092, 8.25883534883721, 7.742658139534884, 7.484569534883721, 7.742658139534884, 8.086776279069767, 8.430894418604652, 8.602953488372092, 8.25883534883721, 7.742658139534884, 7.054421860465116, 6.45221511627907, 6.022067441860465, 5.59191976744186], [1.1852958139534884, 1.1279427906976744, 1.089707441860465, 1.0705897674418605, 1.1088251162790697, 1.2426488372093023, 1.4338255813953489, 1.64412, 1.797061395348837, 1.8735320930232557, 1.911767441860465, 1.8352967441860464, 1.7205906976744185, 1.6632376744186046, 1.7205906976744185, 1.797061395348837, 1.8735320930232557, 1.911767441860465, 1.8352967441860464, 1.7205906976744185, 1.5676493023255813, 1.4338255813953489, 1.3382372093023256, 1.2426488372093023], [0.5926479069767442, 0.5639713953488372, 0.5448537209302325, 0.5352948837209303, 0.5544125581395348, 0.6213244186046512, 0.7169127906976744, 0.82206, 0.8985306976744185, 0.9367660465116279, 0.9558837209302325, 0.9176483720930232, 0.8602953488372093, 0.8316188372093023, 0.8602953488372093, 0.8985306976744185, 0.9367660465116279, 0.9558837209302325, 0.9176483720930232, 0.8602953488372093, 0.7838246511627907, 0.7169127906976744, 0.6691186046511628, 0.6213244186046512], [3.5558874418604653, 3.3838283720930233, 3.2691223255813955, 3.2117693023255813, 3.3264753488372087, 3.7279465116279065, 4.301476744186046, 4.93236, 5.3911841860465115, 5.620596279069767, 5.7353023255813955, 5.505890232558139, 5.161772093023256, 4.989713023255814, 5.161772093023256, 5.3911841860465115, 5.620596279069767, 5.7353023255813955, 5.505890232558139, 5.161772093023256, 4.7029479069767435, 4.301476744186046, 4.014711627906977, 3.7279465116279065], [1.1852958139534886, 1.1279427906976744, 1.0897074418604653, 1.0705897674418603, 1.1088251162790694, 1.242648837209302, 1.4338255813953487, 1.64412, 1.7970613953488372, 1.8735320930232557, 1.9117674418604649, 1.8352967441860466, 1.7205906976744183, 1.6632376744186048, 1.7205906976744183, 1.7970613953488372, 1.8735320930232557, 1.9117674418604649, 1.8352967441860466, 1.7205906976744183, 1.567649302325581, 1.4338255813953487, 1.3382372093023258, 1.242648837209302], [0.5926479069767442, 0.5639713953488372, 0.5448537209302325, 0.5352948837209303, 0.5544125581395348, 0.6213244186046512, 0.7169127906976744, 0.82206, 0.8985306976744185, 0.9367660465116279, 0.9558837209302325, 0.9176483720930232, 0.8602953488372093, 0.8316188372093023, 0.8602953488372093, 0.8985306976744185, 0.9367660465116279, 0.9558837209302325, 0.9176483720930232, 0.8602953488372093, 0.7838246511627907, 0.7169127906976744, 0.6691186046511628, 0.6213244186046512], [1.7779437209302325, 1.6919141860465117, 1.6345611627906975, 1.6058846511627909, 1.6632376744186046, 1.8639732558139535, 2.1507383720930235, 2.46618, 2.6955920930232553, 2.8102981395348836, 2.8676511627906978, 2.7529451162790695, 2.580886046511628, 2.4948565116279067, 2.580886046511628, 2.6955920930232553, 2.8102981395348836, 2.8676511627906978, 2.7529451162790695, 2.580886046511628, 2.351473953488372, 2.1507383720930235, 2.007355813953488, 1.8639732558139535], [0.5926479069767442, 0.5639713953488372, 0.5448537209302325, 0.5352948837209303, 0.5544125581395348, 0.6213244186046512, 0.7169127906976744, 0.82206, 0.8985306976744185, 0.9367660465116279, 0.9558837209302325, 0.9176483720930232, 0.8602953488372093, 0.8316188372093023, 0.8602953488372093, 0.8985306976744185, 0.9367660465116279, 0.9558837209302325, 0.9176483720930232, 0.8602953488372093, 0.7838246511627907, 0.7169127906976744, 0.6691186046511628, 0.6213244186046512], [0.5926479069767442, 0.5639713953488372, 0.5448537209302325, 0.5352948837209303, 0.5544125581395348, 0.6213244186046512, 0.7169127906976744, 0.82206, 0.8985306976744185, 0.9367660465116279, 0.9558837209302325, 0.9176483720930232, 0.8602953488372093, 0.8316188372093023, 0.8602953488372093, 0.8985306976744185, 0.9367660465116279, 0.9558837209302325, 0.9176483720930232, 0.8602953488372093, 0.7838246511627907, 0.7169127906976744, 0.6691186046511628, 0.6213244186046512], [1.7779437209302325, 1.6919141860465117, 1.6345611627906975, 1.6058846511627909, 1.6632376744186046, 1.8639732558139535, 2.1507383720930235, 2.46618, 2.6955920930232558, 2.8102981395348836, 2.8676511627906978, 2.7529451162790695, 2.580886046511628, 2.494856511627907, 2.580886046511628, 2.6955920930232558, 2.8102981395348836, 2.8676511627906978, 2.7529451162790695, 2.580886046511628, 2.351473953488372, 2.1507383720930235, 2.0073558139534886, 1.8639732558139535], [0.5926479069767442, 0.5639713953488372, 0.5448537209302325, 0.5352948837209303, 0.5544125581395348, 0.6213244186046512, 0.7169127906976744, 0.82206, 0.8985306976744185, 0.9367660465116279, 0.9558837209302325, 0.9176483720930232, 0.8602953488372093, 0.8316188372093023, 0.8602953488372093, 0.8985306976744185, 0.9367660465116279, 0.9558837209302325, 0.9176483720930232, 0.8602953488372093, 0.7838246511627907, 0.7169127906976744, 0.6691186046511628, 0.6213244186046512], [0.5926479069767441, 0.5639713953488372, 0.5448537209302324, 0.5352948837209304, 0.5544125581395349, 0.6213244186046512, 0.7169127906976747, 0.82206, 0.8985306976744187, 0.9367660465116279, 0.9558837209302327, 0.9176483720930231, 0.8602953488372094, 0.8316188372093025, 0.8602953488372094, 0.8985306976744187, 0.9367660465116279, 0.9558837209302327, 0.9176483720930231, 0.8602953488372094, 0.7838246511627909, 0.7169127906976747, 0.669118604651163, 0.6213244186046512], [1.1852958139534884, 1.1279427906976744, 1.089707441860465, 1.0705897674418605, 1.1088251162790697, 1.2426488372093023, 1.4338255813953489, 1.64412, 1.797061395348837, 1.8735320930232557, 1.911767441860465, 1.8352967441860464, 1.7205906976744185, 1.6632376744186046, 1.7205906976744185, 1.797061395348837, 1.8735320930232557, 1.911767441860465, 1.8352967441860464, 1.7205906976744185, 1.5676493023255813, 1.4338255813953489, 1.3382372093023256, 1.2426488372093023], [0.5926479069767442, 0.5639713953488372, 0.5448537209302325, 0.5352948837209303, 0.5544125581395348, 0.6213244186046512, 0.7169127906976744, 0.82206, 0.8985306976744185, 0.9367660465116279, 0.9558837209302325, 0.9176483720930232, 0.8602953488372093, 0.8316188372093023, 0.8602953488372093, 0.8985306976744185, 0.9367660465116279, 0.9558837209302325, 0.9176483720930232, 0.8602953488372093, 0.7838246511627907, 0.7169127906976744, 0.6691186046511628, 0.6213244186046512], [1.1852958139534884, 1.1279427906976744, 1.089707441860465, 1.0705897674418605, 1.1088251162790697, 1.2426488372093023, 1.4338255813953489, 1.64412, 1.797061395348837, 1.8735320930232557, 1.911767441860465, 1.8352967441860464, 1.7205906976744185, 1.6632376744186046, 1.7205906976744185, 1.797061395348837, 1.8735320930232557, 1.911767441860465, 1.8352967441860464, 1.7205906976744185, 1.5676493023255813, 1.4338255813953489, 1.3382372093023256, 1.2426488372093023], [0.5926479069767442, 0.5639713953488372, 0.5448537209302325, 0.5352948837209303, 0.5544125581395348, 0.6213244186046512, 0.7169127906976744, 0.82206, 0.8985306976744185, 0.9367660465116279, 0.9558837209302325, 0.9176483720930232, 0.8602953488372093, 0.8316188372093023, 0.8602953488372093, 0.8985306976744185, 0.9367660465116279, 0.9558837209302325, 0.9176483720930232, 0.8602953488372093, 0.7838246511627907, 0.7169127906976744, 0.6691186046511628, 0.6213244186046512], [1.4973010237720765, 1.40611694918246, 1.4193767528504804, 1.4497105373971464, 1.524392768268875, 1.7023716632415884, 1.8713189197091435, 1.916072074485448, 1.850860039833295, 1.4762838625056796, 1.243937551395967, 1.0151584102964573, 0.774719197073149, 0.7227961254296209, 1.117463939842616, 1.4016278063887884, 1.8985450894138514, 2.3520425670501792, 2.4724662394664763, 2.323848187172937, 2.124006154766138, 1.9556068781379452, 1.8979277717363698, 1.9117396607442372], [0.9046531167953322, 0.8421455538336229, 0.8745230319202477, 0.9144156536762162, 0.9699802101293402, 1.0810472446369372, 1.154406129011469, 1.094012074485448, 0.9523293421588765, 0.5395178159940517, 0.2880538304657343, 0.09751003820343418, -0.0855761517640603, -0.10882271177968139, 0.2571685910054069, 0.5030971087143699, 0.9617790429022236, 1.3961588461199468, 1.554817867373453, 1.463552838335728, 1.3401815036033478, 1.2386940874402708, 1.228809167085207, 1.290415242139586], [2.9632395348837206, 2.819856976744186, 2.7242686046511624, 2.676474418604651, 2.772062790697674, 3.1066220930232555, 3.469391792644279, 3.665571704402028, 3.668356428512893, 3.1810990866883966, 2.9119850291650082, 2.5439079338787156, 2.1062339239475762, 1.9841405614399528, 2.5358151865642213, 3.008561985613773, 3.8308545577718722, 4.490588360319624, 4.588241860465116, 4.301476744186046, 3.919123255813953, 3.584563953488372, 3.345593023255814, 3.1066220930232555], [2.3705916279069763, 2.255885581395349, 2.1794148837209297, 2.141179534883721, 2.2176502325581393, 2.4852976744186046, 2.8676511627906978, 3.28824, 3.594122790697674, 3.7470641860465115, 3.82353488372093, 3.6705934883720928, 3.441181395348837, 3.326475348837209, 3.441181395348837, 3.594122790697674, 3.7470641860465115, 3.82353488372093, 3.6705934883720928, 3.441181395348837, 3.1352986046511626, 2.8676511627906978, 2.676474418604651, 2.4852976744186046], [0.5926479069767439, 0.5639713953488372, 0.5448537209302322, 0.5352948837209301, 0.5544125581395347, 0.6213244186046509, 0.7169127906976742, 0.82206, 0.8985306976744187, 0.9367660465116279, 0.9558837209302324, 0.9176483720930233, 0.8602953488372092, 0.8316188372093025, 0.8602953488372092, 0.8985306976744187, 0.9367660465116279, 0.9558837209302324, 0.9176483720930233, 0.8602953488372092, 0.7838246511627904, 0.7169127906976742, 0.669118604651163, 0.6213244186046509], [1.1852958139534884, 1.1279427906976744, 1.089707441860465, 1.0705897674418605, 1.1088251162790697, 1.2426488372093023, 1.4338255813953489, 1.64412, 1.797061395348837, 1.8735320930232557, 1.911767441860465, 1.8352967441860464, 1.7205906976744185, 1.6632376744186046, 1.7205906976744185, 1.797061395348837, 1.8735320930232557, 1.911767441860465, 1.8352967441860464, 1.7205906976744185, 1.5676493023255813, 1.4338255813953489, 1.3382372093023256, 1.2426488372093023], [0.5926479069767442, 0.5639713953488372, 0.5448537209302325, 0.5352948837209303, 0.5544125581395348, 0.6213244186046512, 0.7169127906976744, 0.82206, 0.8985306976744185, 0.9367660465116279, 0.9558837209302325, 0.9176483720930232, 0.8602953488372093, 0.8316188372093023, 0.8602953488372093, 0.8985306976744185, 0.9367660465116279, 0.9558837209302325, 0.9176483720930232, 0.8602953488372093, 0.7838246511627907, 0.7169127906976744, 0.6691186046511628, 0.6213244186046512], [-4.640960919838918, -1.306514852249971, -3.6713547931312123, -0.3863108703979137, -4.64089554626989, -4.772053488372093, 1.9745134033096718, 0.218712877353469, -3.1088158139534894, -2.8665930425688124, -2.7646976744186045, 0.6493685023239983, 1.2670435585667654, -0.24429154349960314, -3.338227906976744, -1.5303228967559743, -2.879403720930233, -1.8896554125255545, -2.994109767441861, -3.338227906976744, -3.022204765475612, -0.30426261109489694, -1.5462113175814594, -2.4467411042969824], [-5.2336088268156615, -1.8704862475988082, -4.216208514061445, -0.9216057541188439, -5.195308104409425, -5.393377906976744, 1.2576006126119974, -0.603347122646531, -4.007346511627908, -3.8033590890804403, -3.720581395348837, -0.26827986976902485, 0.40674820972955616, -1.0759103807089054, -4.198523255813954, -2.428853594430393, -3.8161697674418606, -2.845539133455787, -3.9117581395348844, -4.198523255813954, -3.8060294166384026, -1.0211754017925714, -2.2153299222326224, -3.068065522901634], [-5.826256733792406, -2.4344576429476454, -4.761062234991678, -1.4569006378397742, -5.74972066254896, -6.0147023255813945, 0.540687821914323, -1.425407122646531, -4.905877209302327, -4.740125135592068, -4.676465116279069, -1.185928241862048, -0.4535471391076531, -1.9075292179182077, -5.0588186046511625, -3.3273842921048113, -4.7529358139534885, -3.8014228543860193, -4.829406511627908, -5.0588186046511625, -4.589854067801193, -1.7380881924902458, -2.884448526883785, -3.6893899415062847], [0.5926479069767442, 0.5639713953488372, 0.5448537209302325, 0.5352948837209303, 0.5544125581395348, 0.6213244186046512, 0.7169127906976744, 0.82206, 0.8985306976744185, 0.9367660465116279, 0.9558837209302325, 0.9176483720930232, 0.8602953488372093, 0.8316188372093023, 0.8602953488372093, 0.8985306976744185, 0.9367660465116279, 0.9558837209302325, 0.9176483720930232, 0.8602953488372093, 0.7838246511627907, 0.7169127906976744, 0.6691186046511628, 0.6213244186046512], [-7.011552547745895, -3.56240043364532, -5.850769676852142, -2.5274904052816347, -6.858545778828029, -7.257351162790697, -0.8931377594810259, -3.069527122646531, -6.702938604651163, -6.613657228615324, -6.588232558139534, -3.0212249860480944, -2.1741378367820716, -3.5707668923368123, -6.779409302325581, -5.124445687453648, -6.626467906976744, -5.713190296246484, -6.664703255813954, -6.779409302325581, -6.157503370126775, -3.1719137738855947, -4.2226857361861105, -4.932038778715587], [-7.604200454722639, -4.1263718289941576, -6.395623397782375, -3.062785289002565, -7.412958336967564, -7.878675581395348, -1.6100505501787004, -3.891587122646531, -7.601469302325582, -7.550423275126952, -7.544116279069767, -3.9388733581411177, -3.0344331856192808, -4.402385729546115, -7.63970465116279, -6.022976385128067, -7.563233953488372, -6.669074017176717, -7.582351627906977, -7.63970465116279, -6.941328021289565, -3.888826564583269, -4.891804340837274, -5.5533631973202375]]
    Q_DER = [[0.0, 0.0, 0.0, 0.0, 0.0, 0.0, 0.0, 0.0, 0.0, 0.0, 0.0, 0.0, 0.0, 0.0, 0.0, 0.0, 0.0, 0.0, 0.0, 0.0, 0.0, 0.0, 0.0, 0.0], [0.0, 0.0, 0.0, 0.0, 0.0, 0.0, 0.0, 0.0, 0.0, 0.0, 0.0, 0.0, 0.0, 0.0, 0.0, 0.0, 0.0, 0.0, 0.0, 0.0, 0.0, 0.0, 0.0, 0.0], [0.0, 0.0, 0.0, 0.0, 0.0, 0.0, 0.0, 0.0, 0.0, 0.0, 0.0, 0.0, 0.0, 0.0, 0.0, 0.0, 0.0, 0.0, 0.0, 0.0, 0.0, 0.0, 0.0, 0.0], [0.0, 0.0, 0.0, 0.0, 0.0, 0.0, 0.0, 0.0, 0.0, 0.0, 0.0, 0.0, 0.0, 0.0, 0.0, 0.0, 0.0, 0.0, 0.0, 0.0, 0.0, 0.0, 0.0, 0.0], [0.0, 0.0, 0.0, 0.0, 0.0, 0.0, 0.0, 0.0, 0.0, 0.0, 0.0, 0.0, 0.0, 0.0, 0.0, 0.0, 0.0, 0.0, 0.0, 0.0, 0.0, 0.0, 0.0, 0.0], [0.0, 0.0, 0.0, 0.0, 0.0, 0.0, 0.0, 0.0, 0.0, 0.0, 0.0, 0.0, 0.0, 0.0, 0.0, 0.0, 0.0, 0.0, 0.0, 0.0, 0.0, 0.0, 0.0, 0.0]]
    Q_PCC = [[12.342396714593157, 11.745183970338648, 11.347042140835642, 11.147971226084143, 11.546113055587146, 12.939609458847666, 14.93031860636269, 17.12009866862922, 18.712665986641237, 19.50894964564725, 19.907091475150253, 19.110807816144245, 17.916382327635226, 17.31916958338072, 17.916382327635226, 18.712665986641237, 19.50894964564725, 19.907091475150253, 19.110807816144245, 17.916382327635226, 16.323815009623207, 14.93031860636269, 13.934964032605178, 12.939609458847666]]
    Q_line = [[7.175812043368115, 6.828595331592236, 6.597117523741652, 6.481378619816362, 6.712856427666946, 7.523028755143992, 8.680417794396913, 9.953545737575126, 10.879456968977465, 11.342412584678634, 11.573890392529217, 11.11093477682805, 10.416501353276296, 10.069284641500419, 10.416501353276296, 10.879456968977465, 11.342412584678634, 11.573890392529217, 11.11093477682805, 10.416501353276296, 9.490590121873957, 8.680417794396913, 8.101723274770453, 7.523028755143992], [5.166584671225042, 4.91658863874641, 4.74992461709399, 4.666592606267781, 4.833256627920201, 5.416580703703674, 6.2499008119657775, 7.16655293105409, 7.833209017663773, 8.166537060968615, 8.333201082621034, 7.999873039316195, 7.499880974358932, 7.249884941880301, 7.499880974358932, 7.833209017663773, 8.166537060968615, 8.333201082621034, 7.999873039316195, 7.499880974358932, 6.833224887749249, 6.2499008119657775, 5.833240757834725, 5.416580703703674], [1.435162408673623, 1.3657190663184475, 1.3194235047483305, 1.2962757239632725, 1.342571285533389, 1.5046057510287985, 1.7360835588793826, 1.9907091475150251, 2.1758913937954927, 2.268482516935727, 2.314778078505843, 2.2221869553656095, 2.0833002706552586, 2.0138569283000836, 2.0833002706552586, 2.1758913937954927, 2.268482516935727, 2.314778078505843, 2.2221869553656095, 2.0833002706552586, 1.8981180243747915, 1.7360835588793826, 1.6203446549540903, 1.5046057510287985], [1.1481299269388985, 1.092575253054758, 1.0555388037986644, 1.0370205791706177, 1.074057028426711, 1.2036846008230389, 1.3888668471035062, 1.5925673180120201, 1.7407131150363941, 1.8147860135485812, 1.8518224628046744, 1.7777495642924879, 1.6666402165242071, 1.6110855426400668, 1.6666402165242071, 1.7407131150363941, 1.8147860135485812, 1.8518224628046744, 1.7777495642924879, 1.6666402165242071, 1.518494419499833, 1.3888668471035062, 1.2962757239632725, 1.2036846008230389], [0.8610974452041738, 0.8194314397910685, 0.7916541028489983, 0.7777654343779634, 0.8055427713200334, 0.902763450617279, 1.0416501353276295, 1.194425488509015, 1.3055348362772956, 1.361089510161436, 1.388866847103506, 1.3333121732193658, 1.2499801623931552, 1.2083141569800502, 1.2499801623931552, 1.3055348362772956, 1.361089510161436, 1.388866847103506, 1.3333121732193658, 1.2499801623931552, 1.138870814624875, 1.0416501353276295, 0.9722067929724543, 0.902763450617279], [0.5740649634694491, 0.5462876265273789, 0.5277694018993322, 0.518510289585309, 0.5370285142133556, 0.6018423004115193, 0.694433423551753, 0.7962836590060101, 0.8703565575181971, 0.9073930067742906, 0.9259112314023373, 0.8888747821462438, 0.8333201082621036, 0.8055427713200335, 0.8333201082621036, 0.8703565575181971, 0.9073930067742906, 0.9259112314023373, 0.8888747821462438, 0.8333201082621036, 0.7592472097499166, 0.694433423551753, 0.6481378619816361, 0.6018423004115193], [0.28703248173472456, 0.27314381326368947, 0.2638847009496661, 0.2592551447926545, 0.2685142571066778, 0.30092115020575966, 0.3472167117758765, 0.39814182950300503, 0.43517827875909854, 0.4536965033871453, 0.46295561570116867, 0.4444373910731219, 0.4166600541310518, 0.40277138566001675, 0.4166600541310518, 0.43517827875909854, 0.4536965033871453, 0.46295561570116867, 0.4444373910731219, 0.4166600541310518, 0.3796236048749583, 0.3472167117758765, 0.32406893099081807, 0.30092115020575966], [2.009227372143072, 1.9120066928458264, 1.8471929066476627, 1.8147860135485816, 1.8795997997467446, 2.1064480514403177, 2.4305169824311355, 2.7869928065210354, 3.0462479513136898, 3.175875523710017, 3.2406893099081806, 3.111061737511853, 2.9166203789173624, 2.819399699620117, 2.9166203789173624, 3.0462479513136898, 3.175875523710017, 3.2406893099081806, 3.111061737511853, 2.9166203789173624, 2.657365234124708, 2.4305169824311355, 2.2684825169357263, 2.1064480514403177], [1.7221948904083475, 1.638862879582137, 1.5833082056979966, 1.555530868755927, 1.6110855426400668, 1.805526901234558, 2.083300270655259, 2.3888509770180306, 2.611069672554591, 2.722179020322872, 2.777733694207012, 2.666624346438731, 2.4999603247863105, 2.4166283139601004, 2.4999603247863105, 2.611069672554591, 2.722179020322872, 2.777733694207012, 2.666624346438731, 2.4999603247863105, 2.27774162924975, 2.083300270655259, 1.9444135859449083, 1.805526901234558], [1.435162408673623, 1.3657190663184475, 1.3194235047483305, 1.2962757239632725, 1.342571285533389, 1.5046057510287985, 1.7360835588793826, 1.9907091475150251, 2.1758913937954927, 2.268482516935727, 2.314778078505843, 2.2221869553656095, 2.0833002706552586, 2.0138569283000836, 2.0833002706552586, 2.1758913937954927, 2.268482516935727, 2.314778078505843, 2.2221869553656095, 2.0833002706552586, 1.8981180243747915, 1.7360835588793826, 1.6203446549540903, 1.5046057510287985], [1.1481299269388985, 1.092575253054758, 1.0555388037986644, 1.037020579170618, 1.074057028426711, 1.2036846008230389, 1.3888668471035062, 1.5925673180120201, 1.7407131150363941, 1.8147860135485816, 1.8518224628046744, 1.7777495642924876, 1.6666402165242067, 1.6110855426400668, 1.6666402165242067, 1.7407131150363941, 1.8147860135485816, 1.8518224628046744, 1.7777495642924876, 1.6666402165242067, 1.518494419499833, 1.3888668471035062, 1.2962757239632723, 1.2036846008230389], [0.28703248173472456, 0.27314381326368947, 0.2638847009496661, 0.2592551447926545, 0.2685142571066778, 0.30092115020575966, 0.3472167117758765, 0.39814182950300503, 0.43517827875909854, 0.4536965033871453, 0.46295561570116867, 0.4444373910731219, 0.4166600541310518, 0.40277138566001675, 0.4166600541310518, 0.43517827875909854, 0.4536965033871453, 0.46295561570116867, 0.4444373910731219, 0.4166600541310518, 0.3796236048749583, 0.3472167117758765, 0.32406893099081807, 0.30092115020575966], [0.5740649634694492, 0.546287626527379, 0.5277694018993322, 0.5185102895853091, 0.5370285142133555, 0.6018423004115194, 0.6944334235517531, 0.7962836590060101, 0.8703565575181971, 0.9073930067742908, 0.9259112314023372, 0.8888747821462437, 0.8333201082621033, 0.8055427713200334, 0.8333201082621033, 0.8703565575181971, 0.9073930067742908, 0.9259112314023372, 0.8888747821462437, 0.8333201082621033, 0.7592472097499166, 0.6944334235517531, 0.648137861981636, 0.6018423004115194], [0.28703248173472456, 0.27314381326368947, 0.2638847009496661, 0.2592551447926545, 0.2685142571066778, 0.30092115020575966, 0.3472167117758765, 0.39814182950300503, 0.43517827875909854, 0.4536965033871453, 0.46295561570116867, 0.4444373910731219, 0.4166600541310518, 0.40277138566001675, 0.4166600541310518, 0.43517827875909854, 0.4536965033871453, 0.46295561570116867, 0.4444373910731219, 0.4166600541310518, 0.3796236048749583, 0.3472167117758765, 0.32406893099081807, 0.30092115020575966], [2.5832923356125215, 2.458294319373205, 2.3749623085469946, 2.3332963031338902, 2.4166283139601004, 2.708290351851837, 3.1249504059828888, 3.5832764655270455, 3.9166045088318873, 4.083268530484308, 4.166600541310519, 3.999936519658098, 3.749940487179466, 3.6249424709401503, 3.749940487179466, 3.9166045088318873, 4.083268530484308, 4.166600541310519, 3.999936519658098, 3.749940487179466, 3.416612443874625, 3.1249504059828888, 2.9166203789173633, 2.708290351851837], [0.5740649634694491, 0.5462876265273789, 0.5277694018993322, 0.518510289585309, 0.5370285142133556, 0.6018423004115193, 0.694433423551753, 0.7962836590060101, 0.8703565575181971, 0.9073930067742906, 0.9259112314023373, 0.8888747821462438, 0.8333201082621036, 0.8055427713200335, 0.8333201082621036, 0.8703565575181971, 0.9073930067742906, 0.9259112314023373, 0.8888747821462438, 0.8333201082621036, 0.7592472097499166, 0.694433423551753, 0.6481378619816361, 0.6018423004115193], [0.28703248173472456, 0.27314381326368947, 0.2638847009496661, 0.2592551447926545, 0.2685142571066778, 0.30092115020575966, 0.3472167117758765, 0.39814182950300503, 0.43517827875909854, 0.4536965033871453, 0.46295561570116867, 0.4444373910731219, 0.4166600541310518, 0.40277138566001675, 0.4166600541310518, 0.43517827875909854, 0.4536965033871453, 0.46295561570116867, 0.4444373910731219, 0.4166600541310518, 0.3796236048749583, 0.3472167117758765, 0.32406893099081807, 0.30092115020575966], [1.7221948904083475, 1.638862879582137, 1.5833082056979966, 1.5555308687559268, 1.6110855426400668, 1.805526901234558, 2.083300270655259, 2.38885097701803, 2.611069672554591, 2.722179020322872, 2.777733694207012, 2.6666243464387316, 2.4999603247863105, 2.4166283139601004, 2.4999603247863105, 2.611069672554591, 2.722179020322872, 2.777733694207012, 2.6666243464387316, 2.4999603247863105, 2.27774162924975, 2.083300270655259, 1.9444135859449085, 1.805526901234558], [0.5740649634694491, 0.5462876265273789, 0.5277694018993322, 0.518510289585309, 0.5370285142133556, 0.6018423004115193, 0.694433423551753, 0.7962836590060101, 0.8703565575181971, 0.9073930067742906, 0.9259112314023373, 0.8888747821462438, 0.8333201082621036, 0.8055427713200335, 0.8333201082621036, 0.8703565575181971, 0.9073930067742906, 0.9259112314023373, 0.8888747821462438, 0.8333201082621036, 0.7592472097499166, 0.694433423551753, 0.6481378619816361, 0.6018423004115193], [0.28703248173472456, 0.27314381326368947, 0.2638847009496661, 0.2592551447926545, 0.2685142571066778, 0.30092115020575966, 0.3472167117758765, 0.39814182950300503, 0.43517827875909854, 0.4536965033871453, 0.46295561570116867, 0.4444373910731219, 0.4166600541310518, 0.40277138566001675, 0.4166600541310518, 0.43517827875909854, 0.4536965033871453, 0.46295561570116867, 0.4444373910731219, 0.4166600541310518, 0.3796236048749583, 0.3472167117758765, 0.32406893099081807, 0.30092115020575966], [0.8610974452041738, 0.8194314397910685, 0.7916541028489983, 0.7777654343779634, 0.8055427713200334, 0.902763450617279, 1.0416501353276295, 1.194425488509015, 1.3055348362772956, 1.361089510161436, 1.388866847103506, 1.3333121732193658, 1.2499801623931552, 1.2083141569800502, 1.2499801623931552, 1.3055348362772956, 1.361089510161436, 1.388866847103506, 1.3333121732193658, 1.2499801623931552, 1.138870814624875, 1.0416501353276295, 0.9722067929724543, 0.902763450617279], [0.28703248173472456, 0.27314381326368947, 0.2638847009496661, 0.2592551447926545, 0.2685142571066778, 0.30092115020575966, 0.3472167117758765, 0.39814182950300503, 0.43517827875909854, 0.4536965033871453, 0.46295561570116867, 0.4444373910731219, 0.4166600541310518, 0.40277138566001675, 0.4166600541310518, 0.43517827875909854, 0.4536965033871453, 0.46295561570116867, 0.4444373910731219, 0.4166600541310518, 0.3796236048749583, 0.3472167117758765, 0.32406893099081807, 0.30092115020575966], [0.28703248173472456, 0.27314381326368947, 0.2638847009496661, 0.2592551447926545, 0.2685142571066778, 0.30092115020575966, 0.3472167117758765, 0.39814182950300503, 0.43517827875909854, 0.4536965033871453, 0.46295561570116867, 0.4444373910731219, 0.4166600541310518, 0.40277138566001675, 0.4166600541310518, 0.43517827875909854, 0.4536965033871453, 0.46295561570116867, 0.4444373910731219, 0.4166600541310518, 0.3796236048749583, 0.3472167117758765, 0.32406893099081807, 0.30092115020575966], [0.8610974452041738, 0.8194314397910685, 0.7916541028489983, 0.7777654343779634, 0.8055427713200334, 0.902763450617279, 1.0416501353276295, 1.194425488509015, 1.3055348362772956, 1.361089510161436, 1.388866847103506, 1.3333121732193658, 1.2499801623931552, 1.2083141569800502, 1.2499801623931552, 1.3055348362772956, 1.361089510161436, 1.388866847103506, 1.3333121732193658, 1.2499801623931552, 1.138870814624875, 1.0416501353276295, 0.9722067929724543, 0.902763450617279], [0.28703248173472456, 0.27314381326368947, 0.2638847009496661, 0.2592551447926545, 0.2685142571066778, 0.30092115020575966, 0.3472167117758765, 0.39814182950300503, 0.43517827875909854, 0.4536965033871453, 0.46295561570116867, 0.4444373910731219, 0.4166600541310518, 0.40277138566001675, 0.4166600541310518, 0.43517827875909854, 0.4536965033871453, 0.46295561570116867, 0.4444373910731219, 0.4166600541310518, 0.3796236048749583, 0.3472167117758765, 0.32406893099081807, 0.30092115020575966], [0.28703248173472456, 0.27314381326368947, 0.2638847009496661, 0.2592551447926545, 0.2685142571066778, 0.30092115020575966, 0.3472167117758765, 0.39814182950300503, 0.43517827875909854, 0.4536965033871453, 0.46295561570116867, 0.4444373910731219, 0.4166600541310518, 0.40277138566001675, 0.4166600541310518, 0.43517827875909854, 0.4536965033871453, 0.46295561570116867, 0.4444373910731219, 0.4166600541310518, 0.3796236048749583, 0.3472167117758765, 0.32406893099081807, 0.30092115020575966], [0.5740649634694491, 0.5462876265273789, 0.5277694018993322, 0.518510289585309, 0.5370285142133556, 0.6018423004115193, 0.694433423551753, 0.7962836590060101, 0.8703565575181971, 0.9073930067742906, 0.9259112314023373, 0.8888747821462438, 0.8333201082621036, 0.8055427713200335, 0.8333201082621036, 0.8703565575181971, 0.9073930067742906, 0.9259112314023373, 0.8888747821462438, 0.8333201082621036, 0.7592472097499166, 0.694433423551753, 0.6481378619816361, 0.6018423004115193], [0.28703248173472456, 0.27314381326368947, 0.2638847009496661, 0.2592551447926545, 0.2685142571066778, 0.30092115020575966, 0.3472167117758765, 0.39814182950300503, 0.43517827875909854, 0.4536965033871453, 0.46295561570116867, 0.4444373910731219, 0.4166600541310518, 0.40277138566001675, 0.4166600541310518, 0.43517827875909854, 0.4536965033871453, 0.46295561570116867, 0.4444373910731219, 0.4166600541310518, 0.3796236048749583, 0.3472167117758765, 0.32406893099081807, 0.30092115020575966], [0.5740649634694491, 0.5462876265273789, 0.5277694018993322, 0.518510289585309, 0.5370285142133556, 0.6018423004115193, 0.694433423551753, 0.7962836590060101, 0.8703565575181971, 0.9073930067742906, 0.9259112314023373, 0.8888747821462438, 0.8333201082621036, 0.8055427713200335, 0.8333201082621036, 0.8703565575181971, 0.9073930067742906, 0.9259112314023373, 0.8888747821462438, 0.8333201082621036, 0.7592472097499166, 0.694433423551753, 0.6481378619816361, 0.6018423004115193], [0.28703248173472456, 0.27314381326368947, 0.2638847009496661, 0.2592551447926545, 0.2685142571066778, 0.30092115020575966, 0.3472167117758765, 0.39814182950300503, 0.43517827875909854, 0.4536965033871453, 0.46295561570116867, 0.4444373910731219, 0.4166600541310518, 0.40277138566001675, 0.4166600541310518, 0.43517827875909854, 0.4536965033871453, 0.46295561570116867, 0.4444373910731219, 0.4166600541310518, 0.3796236048749583, 0.3472167117758765, 0.32406893099081807, 0.30092115020575966], [0.5740649634694491, 0.5462876265273789, 0.5277694018993322, 0.5185102895853091, 0.5370285142133557, 0.6018423004115193, 0.694433423551753, 0.7962836590060101, 0.8703565575181971, 0.9073930067742906, 0.9259112314023374, 0.8888747821462438, 0.8333201082621036, 0.8055427713200336, 0.8333201082621036, 0.8703565575181971, 0.9073930067742906, 0.9259112314023374, 0.8888747821462438, 0.8333201082621036, 0.7592472097499166, 0.694433423551753, 0.6481378619816361, 0.6018423004115193], [0.28703248173472456, 0.27314381326368947, 0.2638847009496661, 0.2592551447926546, 0.2685142571066779, 0.30092115020575966, 0.3472167117758765, 0.39814182950300503, 0.43517827875909854, 0.4536965033871453, 0.4629556157011688, 0.4444373910731219, 0.4166600541310518, 0.40277138566001686, 0.4166600541310518, 0.43517827875909854, 0.4536965033871453, 0.4629556157011688, 0.4444373910731219, 0.4166600541310518, 0.3796236048749583, 0.3472167117758765, 0.32406893099081807, 0.30092115020575966], [1.4351624086736228, 1.3657190663184473, 1.3194235047483305, 1.2962757239632725, 1.3425712855333891, 1.5046057510287982, 1.7360835588793824, 1.9907091475150251, 2.1758913937954927, 2.2684825169357263, 2.314778078505843, 2.2221869553656095, 2.083300270655259, 2.0138569283000836, 2.083300270655259, 2.1758913937954927, 2.2684825169357263, 2.314778078505843, 2.2221869553656095, 2.083300270655259, 1.8981180243747913, 1.7360835588793824, 1.6203446549540903, 1.5046057510287982], [1.1481299269388983, 1.0925752530547579, 1.0555388037986644, 1.037020579170618, 1.0740570284267112, 1.2036846008230386, 1.388866847103506, 1.5925673180120201, 1.7407131150363941, 1.8147860135485812, 1.8518224628046747, 1.7777495642924876, 1.6666402165242071, 1.611085542640067, 1.6666402165242071, 1.7407131150363941, 1.8147860135485812, 1.8518224628046747, 1.7777495642924876, 1.6666402165242071, 1.518494419499833, 1.388866847103506, 1.2962757239632723, 1.2036846008230386], [0.28703248173472456, 0.27314381326368947, 0.2638847009496661, 0.2592551447926545, 0.2685142571066778, 0.30092115020575966, 0.3472167117758765, 0.39814182950300503, 0.43517827875909854, 0.4536965033871453, 0.46295561570116867, 0.4444373910731219, 0.4166600541310518, 0.40277138566001675, 0.4166600541310518, 0.43517827875909854, 0.4536965033871453, 0.46295561570116867, 0.4444373910731219, 0.4166600541310518, 0.3796236048749583, 0.3472167117758765, 0.32406893099081807, 0.30092115020575966], [0.5740649634694491, 0.5462876265273789, 0.5277694018993322, 0.518510289585309, 0.5370285142133556, 0.6018423004115193, 0.694433423551753, 0.7962836590060101, 0.8703565575181971, 0.9073930067742906, 0.9259112314023373, 0.8888747821462438, 0.8333201082621036, 0.8055427713200335, 0.8333201082621036, 0.8703565575181971, 0.9073930067742906, 0.9259112314023373, 0.8888747821462438, 0.8333201082621036, 0.7592472097499166, 0.694433423551753, 0.6481378619816361, 0.6018423004115193], [0.28703248173472456, 0.27314381326368947, 0.2638847009496661, 0.2592551447926545, 0.2685142571066778, 0.30092115020575966, 0.3472167117758765, 0.39814182950300503, 0.43517827875909854, 0.4536965033871453, 0.46295561570116867, 0.4444373910731219, 0.4166600541310518, 0.40277138566001675, 0.4166600541310518, 0.43517827875909854, 0.4536965033871453, 0.46295561570116867, 0.4444373910731219, 0.4166600541310518, 0.3796236048749583, 0.3472167117758765, 0.32406893099081807, 0.30092115020575966], [1.7221948904083475, 1.638862879582137, 1.5833082056979966, 1.555530868755927, 1.6110855426400668, 1.805526901234558, 2.083300270655259, 2.38885097701803, 2.611069672554591, 2.722179020322872, 2.777733694207012, 2.6666243464387316, 2.4999603247863105, 2.4166283139601004, 2.4999603247863105, 2.611069672554591, 2.722179020322872, 2.777733694207012, 2.6666243464387316, 2.4999603247863105, 2.27774162924975, 2.083300270655259, 1.9444135859449083, 1.805526901234558], [1.435162408673623, 1.3657190663184475, 1.3194235047483305, 1.2962757239632725, 1.342571285533389, 1.5046057510287985, 1.7360835588793826, 1.9907091475150251, 2.1758913937954927, 2.268482516935727, 2.314778078505843, 2.2221869553656095, 2.0833002706552586, 2.0138569283000836, 2.0833002706552586, 2.1758913937954927, 2.268482516935727, 2.314778078505843, 2.2221869553656095, 2.0833002706552586, 1.8981180243747913, 1.7360835588793826, 1.6203446549540903, 1.5046057510287985], [1.1481299269388983, 1.0925752530547579, 1.0555388037986644, 1.037020579170618, 1.0740570284267112, 1.2036846008230386, 1.388866847103506, 1.5925673180120201, 1.7407131150363941, 1.8147860135485812, 1.8518224628046747, 1.7777495642924876, 1.6666402165242071, 1.611085542640067, 1.6666402165242071, 1.7407131150363941, 1.8147860135485812, 1.8518224628046747, 1.7777495642924876, 1.6666402165242071, 1.518494419499833, 1.388866847103506, 1.2962757239632723, 1.2036846008230386], [0.28703248173472456, 0.27314381326368947, 0.2638847009496661, 0.2592551447926545, 0.2685142571066778, 0.30092115020575966, 0.3472167117758765, 0.39814182950300503, 0.43517827875909854, 0.4536965033871453, 0.46295561570116867, 0.4444373910731219, 0.4166600541310518, 0.40277138566001675, 0.4166600541310518, 0.43517827875909854, 0.4536965033871453, 0.46295561570116867, 0.4444373910731219, 0.4166600541310518, 0.3796236048749583, 0.3472167117758765, 0.32406893099081807, 0.30092115020575966], [0.5740649634694491, 0.5462876265273789, 0.5277694018993322, 0.518510289585309, 0.5370285142133556, 0.6018423004115193, 0.694433423551753, 0.7962836590060101, 0.8703565575181971, 0.9073930067742906, 0.9259112314023373, 0.8888747821462438, 0.8333201082621036, 0.8055427713200335, 0.8333201082621036, 0.8703565575181971, 0.9073930067742906, 0.9259112314023373, 0.8888747821462438, 0.8333201082621036, 0.7592472097499166, 0.694433423551753, 0.6481378619816361, 0.6018423004115193], [0.28703248173472456, 0.27314381326368947, 0.2638847009496661, 0.2592551447926545, 0.2685142571066778, 0.30092115020575966, 0.3472167117758765, 0.39814182950300503, 0.43517827875909854, 0.4536965033871453, 0.46295561570116867, 0.4444373910731219, 0.4166600541310518, 0.40277138566001675, 0.4166600541310518, 0.43517827875909854, 0.4536965033871453, 0.46295561570116867, 0.4444373910731219, 0.4166600541310518, 0.3796236048749583, 0.3472167117758765, 0.32406893099081807, 0.30092115020575966]]
    delivery = [[3.8047388359416203, 3.5212113511303444, 3.297995243534281, 1.1607641905668373, 4.286820322818564, 0.0, -0.10990233693079376, 0.5569320663189643, 0.07266637906867791, 0.0, 1.1921387492685136, 0.527646193671521, 0.09456561733368958, -0.7358748509170019, 0.18541787665455484, -1.9219105301892065, -0.029627959158582563, 1.6976296210377486, 5.1543133109012444, 2.4204787936108683, 3.375063499939374, 1.3808996081226936, 0.1836302046621108, -0.04143552839215813]]
    mismatch = [[0.0, 0.0, 0.0, 0.0, 0.0, 0.0, 0.0, 0.0, 0.0, 0.0, 0.0, 0.0, 0.0, 0.0, 0.0, 0.0, 0.0, 0.0, 0.0, 0.0, 0.0, 0.0, 0.0, 0.0]]
    v = [[0.9984154082432769, 0.9984920820379571, 0.9985431979010773, 0.9985687558326373, 0.9985176399695169, 0.9983387344485968, 0.9980930714462104, 0.9978403089541118, 0.9976685263398233, 0.9976247077304574, 0.9976049927153857, 0.9977224555467504, 0.9978887963789682, 0.9979636371757221, 0.9978518094689385, 0.9977253345850176, 0.9975687638398792, 0.9974690751033689, 0.9975464385702354, 0.9976997861595956, 0.9979042496120758, 0.9980831551329962, 0.9982109447907966, 0.9983387344485968], [0.9967291880992636, 0.9968874531912348, 0.9969929632525489, 0.997045718283206, 0.9969402082218916, 0.9965709230072924, 0.9960532890139362, 0.9955013584317708, 0.9951119990247064, 0.9949593920189524, 0.9948852828056868, 0.9951115340334395, 0.9954410574602391, 0.9955974895542841, 0.9954040705502094, 0.9951688072699006, 0.9949034481283743, 0.99474936519367, 0.9949355170569245, 0.9952520472408666, 0.9956740874861227, 0.996043372700722, 0.9963071478540074, 0.9965709230072924], [0.994957759527835, 0.9952017389055205, 0.9953643918239775, 0.9954457182832059, 0.9952830653647486, 0.9947137801501496, 0.9939104318710791, 0.993044215574628, 0.9924262847389921, 0.9921593920189524, 0.9920281399485439, 0.9923686768905824, 0.9928696288888106, 0.9931117752685698, 0.9928326419787808, 0.9924830929841864, 0.9921034481283743, 0.9918922223365271, 0.9921926599140674, 0.992680618669438, 0.9933312303432656, 0.9939005155578648, 0.9943071478540074, 0.9947137801501496], [0.9931863309564064, 0.9935160246198063, 0.9937358203954061, 0.993845718283206, 0.9936259225076058, 0.9928566372930068, 0.9917675747282219, 0.990587072717485, 0.9897405704532778, 0.9893593920189524, 0.9891709970914011, 0.9896258197477252, 0.990298200317382, 0.9906260609828554, 0.9902612134073523, 0.9897973786984721, 0.9893034481283742, 0.9890350794793843, 0.9894498027712102, 0.9901091900980095, 0.9909883732004084, 0.9917576584150076, 0.9923071478540074, 0.9928566372930068], [0.9914149023849779, 0.991830310334092, 0.9921072489668347, 0.992245718283206, 0.991968779650463, 0.9909994944358639, 0.9896247175853647, 0.9881299298603422, 0.9870548561675635, 0.9865593920189524, 0.9863138542342582, 0.9868829626048681, 0.9877267717459535, 0.9881403466971411, 0.9876897848359237, 0.9871116644127578, 0.9865034481283742, 0.9861779366222414, 0.986706945628353, 0.9875377615265809, 0.9886455160575514, 0.9896148012721505, 0.9903071478540074, 0.9909994944358639], [0.9896434738135493, 0.9901445960483777, 0.9904786775382632, 0.9906457182832059, 0.9903116367933202, 0.989142351578721, 0.9874818604425076, 0.9856727870031994, 0.9843691418818492, 0.9837593920189523, 0.9834567113771153, 0.9841401054620109, 0.9851553431745249, 0.9856546324114268, 0.9851183562644952, 0.9844259501270435, 0.9837034481283742, 0.9833207937650985, 0.9839640884854959, 0.9849663329551523, 0.9863026589146943, 0.9874719441292934, 0.9883071478540074, 0.989142351578721], [0.9971137910399593, 0.9972534463122195, 0.9973465498270595, 0.9973931015844795, 0.9972999980696392, 0.9969741357676993, 0.9965476254693233, 0.9961471724081081, 0.9959033132301819, 0.9959468827830331, 0.9959772991202261, 0.9962234199410359, 0.9965538413164707, 0.9966862862219197, 0.9964083478684277, 0.996126776814027, 0.9957268192651391, 0.9954426472121263, 0.9955310312876793, 0.9958103418321992, 0.996182755891559, 0.9965086181934991, 0.9967413769805994, 0.9969741357676993], [0.9958672732660137, 0.9960672439144325, 0.996200557680045, 0.9962672145628512, 0.9961339007972384, 0.9956673026175951, 0.9950722438130968, 0.9945436384444123, 0.9942460564046586, 0.9944006664114098, 0.9944937952092142, 0.994870259598435, 0.9953638997410872, 0.9955506519965353, 0.9950971741193109, 0.9946557206482869, 0.9939972353330344, 0.993513645487423, 0.993600939250602, 0.9940008805474394, 0.994534135609889, 0.9950007337895326, 0.995334018203564, 0.9956673026175951], [0.9940958446945851, 0.9943815296287182, 0.9945719862514736, 0.9946672145628511, 0.9944767579400956, 0.9938101597604522, 0.9929293866702396, 0.9920864955872694, 0.9915603421189443, 0.9916006664114098, 0.9916366523520714, 0.9921274024555778, 0.9927924711696586, 0.9930649377108209, 0.9925257455478823, 0.9919700063625726, 0.9911972353330344, 0.9906565026302803, 0.990858082107745, 0.9914294519760108, 0.9921912784670318, 0.9928578766466755, 0.993334018203564, 0.9938101597604522], [0.990552987551728, 0.9910101010572896, 0.9913148433943306, 0.9914672145628511, 0.9911624722258099, 0.9900958740461664, 0.9886436723845253, 0.9871722098729837, 0.9861889135475157, 0.9860006664114097, 0.9859223666377857, 0.9866416881698635, 0.9876496140268015, 0.9880935091393923, 0.9873828884050252, 0.986598577791144, 0.9855972353330343, 0.9849422169159945, 0.9853723678220306, 0.9862865948331537, 0.9875055641813176, 0.9885721623609612, 0.989334018203564, 0.9900958740461664], [0.9887815589802994, 0.9893243867715753, 0.9896862719657592, 0.9898672145628512, 0.989505329368667, 0.9882387311890236, 0.9865008152416681, 0.9847150670158408, 0.9835031992618014, 0.9832006664114097, 0.9830652237806429, 0.9838988310270064, 0.985078185455373, 0.985607794853678, 0.9848114598335966, 0.9839128635054297, 0.9827972353330343, 0.9820850740588517, 0.9826295106791735, 0.9837151662617252, 0.9851627070384604, 0.986429305218104, 0.987334018203564, 0.9882387311890236], [0.9923244161231566, 0.9926958153430039, 0.992943414822902, 0.9930672145628512, 0.9928196150829527, 0.9919530169033093, 0.9907865295273824, 0.9896293527301265, 0.98887462783323, 0.9888006664114097, 0.9887795094949285, 0.9893845453127207, 0.9902210425982301, 0.9905792234251066, 0.9899543169764538, 0.9892842920768583, 0.9883972353330344, 0.9877993597731374, 0.9881152249648878, 0.9888580234045823, 0.9898484213241747, 0.9907150195038184, 0.991334018203564, 0.9919530169033093], [0.9966765239907782, 0.9968373373460633, 0.9969445462495865, 0.9969981507013481, 0.9968909417978247, 0.9965157106354934, 0.995989582431091, 0.995428308216775, 0.9950321534408737, 0.9948761487507015, 0.9948003406952266, 0.9950299896073976, 0.995364609560825, 0.9955235899181837, 0.9953276226507952, 0.995088961686068, 0.9948202048601233, 0.9946644230832098, 0.9948539726308826, 0.9951755993414524, 0.9956044349555453, 0.9959796661178768, 0.9962476883766852, 0.9965157106354934], [0.9950426969036124, 0.9952825664082763, 0.9954424794113856, 0.9955224359129402, 0.9953625229098307, 0.9948028273989484, 0.9940131786966161, 0.9931620319345771, 0.9925550607603318, 0.9922936478709876, 0.9921651357159267, 0.9925001928272698, 0.9929929250794551, 0.9932309615861927, 0.9929559381694254, 0.9926118690055261, 0.9922377039804094, 0.9920292181039099, 0.9923241758507547, 0.9928039148600826, 0.9934435668725194, 0.9940032623834019, 0.9944030448911754, 0.9948028273989484], [0.9935266348728699, 0.993839862217731, 0.9940486804476385, 0.9941530895625922, 0.9939442713326846, 0.9932134075280087, 0.9921792326916856, 0.9910591071822569, 0.990256515100819, 0.9898972917578786, 0.9897198743760195, 0.9901527419409588, 0.9907921898735387, 0.9911035842204734, 0.9907552029635089, 0.9903133233460133, 0.9898413478673004, 0.9895839567640027, 0.9899767249644438, 0.9906031796541661, 0.9914384525737955, 0.9921693163784714, 0.9926913619532403, 0.9932134075280087], [0.9949050954193497, 0.995151623060349, 0.9953159748210151, 0.9953981507013481, 0.9952337989406819, 0.9946585677783505, 0.9938467252882339, 0.9929711653596321, 0.9923464391551594, 0.9920761487507015, 0.9919431978380837, 0.9922871324645405, 0.9927931809893964, 0.9930378756324694, 0.9927561940793667, 0.9924032474003537, 0.9920202048601233, 0.9918072802260669, 0.9921111154880254, 0.9926041707700238, 0.9932615778126882, 0.9938368089750197, 0.9942476883766852, 0.9946585677783505], [0.993133666847921, 0.9934659087746347, 0.9936874033924437, 0.9937981507013481, 0.993576656083539, 0.9928014249212077, 0.9917038681453767, 0.9905140225024892, 0.9896607248694451, 0.9892761487507015, 0.9890860549809409, 0.9895442753216833, 0.9902217524179678, 0.9905521613467551, 0.9901847655079381, 0.9897175331146394, 0.9892202048601233, 0.9889501373689241, 0.9893682583451683, 0.9900327421985953, 0.990918720669831, 0.9916939518321625, 0.9922476883766852, 0.9928014249212077], [0.9913622382764925, 0.9917801944889204, 0.9920588319638722, 0.9921981507013481, 0.991919513226396, 0.9909442820640648, 0.9895610110025196, 0.9880568796453464, 0.9869750105837308, 0.9864761487507016, 0.986228912123798, 0.9868014181788262, 0.9876503238465393, 0.9880664470610409, 0.9876133369365095, 0.9870318188289251, 0.9864202048601234, 0.9860929945117812, 0.9866254012023111, 0.9874613136271667, 0.9885758635269739, 0.9895510946893054, 0.9902476883766852, 0.9909442820640648], [0.9948725511004197, 0.9951206534665286, 0.9952860550439344, 0.9953687558326373, 0.9952033542552312, 0.9946244487343111, 0.9938073571604961, 0.992926023239826, 0.9922970977683947, 0.9920247077304574, 0.9918907070011, 0.9922367412610361, 0.9927459392361111, 0.9929922086042935, 0.9927089523260814, 0.992353906013589, 0.9919687638398792, 0.9917547893890832, 0.9920607242845211, 0.9925569290167385, 0.9932185353263615, 0.9937974408472818, 0.9942109447907966, 0.9946244487343111], [0.9995933200544653, 0.9993787300668433, 0.9995777527084352, 0.9993368931921148, 0.9996328701375026, 0.9995565073259522, 0.9989371111894888, 0.9989773391817365, 0.9991800136498288, 0.9991998523359625, 0.999216574265967, 0.9990301867635444, 0.9990754465358669, 0.9992235134679363, 0.9993659328681521, 0.9991444343472129, 0.9991195785947952, 0.9989466408996847, 0.9990409360865302, 0.999140691289779, 0.9992151027689921, 0.9990946957036222, 0.9992452005115454, 0.9993644122347978], [0.9987240862846871, 0.9985606822307875, 0.9987577559452216, 0.998504374675948, 0.998759459798169, 0.9985806080566575, 0.9978563568997826, 0.997849975452014, 0.9980663755886733, 0.9982596670489265, 0.9983850653705361, 0.9983191481842311, 0.9984950690029877, 0.9986751959657514, 0.998618588059307, 0.9982496386866387, 0.9979736897680543, 0.9975753213146631, 0.9976199735080501, 0.9978056593003303, 0.9979954655613819, 0.9979728807379684, 0.9981627601693193, 0.9982865198497662], [0.998055265188751, 0.9979361773454511, 0.9981155455284085, 0.9978381864024961, 0.998054862567166, 0.9977948014466561, 0.9970089708388219, 0.9970248786528418, 0.9973198682086796, 0.997770660392195, 0.9980535600492136, 0.998115134090002, 0.9984167416021632, 0.998616132920284, 0.9983215603952001, 0.9977897796354726, 0.9972152445759492, 0.9965367508558568, 0.9964860732152823, 0.9967388559997569, 0.9970191998537076, 0.9970717117989657, 0.9972752837745765, 0.9973671186707956], [0.9978218914830368, 0.997693015781129, 0.9979491812798638, 0.9977368931921148, 0.9979757272803598, 0.9976993644688094, 0.9967942540466317, 0.9965201963245937, 0.9964942993641145, 0.9963998523359625, 0.9963594314088241, 0.9962873296206872, 0.9965040179644383, 0.9967377991822219, 0.9967945042967236, 0.9964587200614986, 0.9963195785947951, 0.9960894980425418, 0.9962980789436731, 0.9965692627183504, 0.996872245626135, 0.9969518385607651, 0.9972452005115454, 0.9975072693776549], [0.9960504629116081, 0.9960073014954147, 0.9963206098512923, 0.9961368931921148, 0.9963185844232169, 0.9958422216116666, 0.9946513969037745, 0.9940630534674507, 0.9938085850784002, 0.9935998523359625, 0.9935022885516813, 0.9935444724778301, 0.9939325893930098, 0.9942520848965076, 0.994223075725295, 0.9937730057757843, 0.9935195785947951, 0.993232355185399, 0.9935552218008159, 0.9939978341469219, 0.9945293884832778, 0.9948089814179079, 0.9952452005115454, 0.9956501265205121], [0.990552987551728, 0.9910101010572896, 0.9913148433943306, 0.9914672145628511, 0.9911624722258099, 0.9900958740461664, 0.9886436723845253, 0.9871722098729837, 0.9861889135475157, 0.9860006664114097, 0.9859223666377857, 0.9866416881698635, 0.9876496140268015, 0.9880935091393923, 0.9873828884050252, 0.986598577791144, 0.9855972353330343, 0.9849422169159945, 0.9853723678220306, 0.9862865948331537, 0.9875055641813176, 0.9885721623609612, 0.989334018203564, 0.9900958740461664], [0.9978218914830368, 0.997693015781129, 0.9979491812798638, 0.9977368931921148, 0.9979757272803598, 0.9976993644688094, 0.9967942540466317, 0.9965201963245937, 0.9964942993641145, 0.9963998523359625, 0.9963594314088241, 0.9962873296206872, 0.9965040179644383, 0.9967377991822219, 0.9967945042967236, 0.9964587200614986, 0.9963195785947951, 0.9960894980425418, 0.9962980789436731, 0.9965692627183504, 0.996872245626135, 0.9969518385607651, 0.9972452005115454, 0.9975072693776549], [0.9960504629116081, 0.9960073014954147, 0.9963206098512923, 0.9961368931921148, 0.9963185844232169, 0.9958422216116666, 0.9946513969037745, 0.9940630534674507, 0.9938085850784002, 0.9935998523359625, 0.9935022885516813, 0.9935444724778301, 0.9939325893930098, 0.9942520848965076, 0.994223075725295, 0.9937730057757843, 0.9935195785947951, 0.993232355185399, 0.9935552218008159, 0.9939978341469219, 0.9945293884832778, 0.9948089814179079, 0.9952452005115454, 0.9956501265205121], [1.0002395727441409, 0.9994620079332293, 1.0000701023208072, 0.9992699652285639, 1.0002886099713084, 1.0002180494982593, 0.998421430183435, 0.9987357313892988, 0.999488325098082, 0.9994572520313916, 0.9994518034954504, 0.9986912029013133, 0.9986451047098821, 0.9990586921163053, 0.9997229657955852, 0.9991828669227983, 0.9993791685638685, 0.9990322619702695, 0.9993248867951935, 0.9994977242172121, 0.999537101073815, 0.9989686227186939, 0.9993433394973591, 0.9996283899467403], [1.0010707459007637, 0.9996805901757774, 1.0007246741895035, 0.9993202968895155, 1.0011212545750214, 1.0010722375826773, 0.9980302065141956, 0.9986635825678573, 1.000025639701418, 0.9999485021472292, 0.9999235580682178, 0.9985360833791369, 0.998378527548459, 0.9990713882116636, 1.000303987085967, 0.9994296605084675, 0.9998727764801587, 0.9993429653494224, 0.9998403480550065, 1.0000787455075937, 1.0000629253840174, 0.9989968069033173, 0.9996019582152278, 1.0000546051762569], [1.0021174702835136, 1.0000568890013708, 1.0015683392766688, 0.999507311397174, 1.0021601069646584, 1.0021509820033914, 0.9977840556537897, 0.9987889623898342, 1.0008298902025479, 1.0007123383411873, 1.0006710167239163, 0.9985952840162922, 0.9983028415026888, 0.9992910062556262, 1.0011460988173844, 0.999919328622533, 1.0006391657510012, 0.9999160343195358, 1.0006256679409928, 1.0009208572390114, 1.0008263380266607, 0.9992047998597042, 1.0000476389905535, 1.0006699314134093], [1.000346041712085, 0.9983711747156565, 0.9999397678480973, 0.9979073113971739, 1.0005029641075156, 1.0002938391462486, 0.9956411985109326, 0.9963318195326913, 0.9981441759168336, 0.9979123383411873, 0.9978138738667734, 0.995852426873435, 0.9957314129312602, 0.9968052919699119, 0.9985746702459558, 0.9972336143368187, 0.9978391657510012, 0.9970588914623929, 0.9978828107981357, 0.9983494286675828, 0.9984834808838036, 0.9970619427168471, 0.9980476389905535, 0.9988127885562664], [1.0037236756952992, 1.0008425542581543, 1.0029028114464633, 1.0000490975343015, 1.0037341887117748, 1.0038125809611218, 0.9979144532632286, 0.9994270441373331, 1.0023269948964735, 1.002183694238132, 1.0021340881218825, 0.9992107703468321, 0.9987226291303374, 1.000047707325351, 1.0026658923752831, 1.0010393976557455, 1.0021135815809536, 1.0011700948731892, 1.002111428202932, 1.00244065079691, 1.002206430829789, 0.999879501349666, 1.000978854802167, 1.001776110906445], [1.0057021063032563, 1.0019005728070922, 1.0045638197330036, 1.0008269148012117, 1.005664360911016, 1.0058619556129706, 0.9982953702303974, 1.0004062287371198, 1.004285058540654, 1.0041257661139424, 1.0040732598334419, 1.0001963560026421, 0.9994720575781658, 1.001161732100885, 1.004636550641211, 1.0025788752008082, 1.0040590506033868, 1.0028772221308404, 1.0040631945362386, 1.0044113090628377, 1.0039968036635154, 1.0008647060854021, 1.0022330992148434, 1.0032088572354956], [0.9984485665022925, 0.9982893678155821, 0.998525317991115, 0.9983029222417652, 0.9985619716532119, 0.998356362472868, 0.9975881477813964, 0.9975277679335401, 0.9977007800388967, 0.9978577600312994, 0.9979509786963963, 0.9978934631506559, 0.9980964389410971, 0.9982932761283794, 0.9982533233646864, 0.9978704000887417, 0.997575409107823, 0.9971900918447797, 0.9972684144573595, 0.9974789522624314, 0.9977010738774087, 0.9977099131808326, 0.9979527368236084, 0.9981642673817135], [0.9967657191721974, 0.9966879485821044, 0.9969781841553824, 0.9967829311049051, 0.9969876951186067, 0.9965920870461552, 0.9955524453659585, 0.995193495830505, 0.9951493663448815, 0.9951977755417942, 0.995236708809146, 0.9952877640588956, 0.9956535960425718, 0.9959318613264717, 0.9958104804661612, 0.9953189863947265, 0.9949154246183177, 0.9944758219575295, 0.9946627153655992, 0.9950361093639062, 0.9954753725698635, 0.9956742107653949, 0.9960527479025333, 0.9963999919550007], [0.9949942906007688, 0.9950022342963901, 0.995349612726811, 0.9951829311049051, 0.9953305522614639, 0.9947349441890123, 0.9934095882231014, 0.9927363529733622, 0.9924636520591672, 0.9923977755417942, 0.9923795659520032, 0.9925449069160385, 0.9930821674711432, 0.9934461470407574, 0.9932390518947326, 0.9926332721090122, 0.9921154246183177, 0.9916186791003866, 0.9919198582227421, 0.9924646807924776, 0.9931325154270064, 0.9935313536225377, 0.9940527479025333, 0.9945428490978578], [0.9932228620293402, 0.9933165200106758, 0.9937210412982396, 0.9935829311049051, 0.993673409404321, 0.9928778013318695, 0.9912667310802442, 0.9902792101162192, 0.9897779377734529, 0.9895977755417942, 0.9895224230948604, 0.9898020497731813, 0.9905107388997146, 0.9909604327550431, 0.990667623323304, 0.9899475578232979, 0.9893154246183177, 0.9887615362432438, 0.9891770010798849, 0.9898932522210491, 0.9907896582841492, 0.9913884964796805, 0.9920527479025333, 0.9926857062407151], [0.9953023948139328, 0.9952954302411751, 0.9956328698260101, 0.9954612187813112, 0.9956187787834558, 0.9950579566705552, 0.9937822949325739, 0.9931637233335573, 0.992930777801706, 0.992884778975505, 0.9928765082312998, 0.9930219715041634, 0.9935294155225103, 0.9938784868237455, 0.9936862999460996, 0.9931003978515511, 0.9926024280520284, 0.9921156213796832, 0.9923969228108669, 0.9929119288438446, 0.9935400080960297, 0.9939040603320103, 0.9944006074980409, 0.9948658615794007], [0.9966439796718484, 0.9968063677522429, 0.9969146264725058, 0.9969687558326372, 0.996860497112374, 0.9964815915914539, 0.9959502143033533, 0.995383166096969, 0.994982812054109, 0.9948247077304574, 0.9947478498582428, 0.9949795984038933, 0.9953173678075397, 0.9954779228900078, 0.9952803808975099, 0.9950396202993033, 0.9947687638398792, 0.994611932246226, 0.9948035814273782, 0.9951283575881671, 0.9955613924692187, 0.9959402979901391, 0.9962109447907966, 0.9964815915914539], [0.9948725511004198, 0.9951206534665286, 0.9952860550439344, 0.9953687558326372, 0.9952033542552312, 0.994624448734311, 0.9938073571604962, 0.9929260232398261, 0.9922970977683947, 0.9920247077304574, 0.9918907070010999, 0.9922367412610361, 0.9927459392361111, 0.9929922086042935, 0.9927089523260814, 0.992353906013589, 0.9919687638398792, 0.9917547893890831, 0.9920607242845211, 0.9925569290167385, 0.9932185353263616, 0.9937974408472819, 0.9942109447907966, 0.994624448734311], [0.9931336668479211, 0.9934659087746347, 0.9936874033924437, 0.993798150701348, 0.9935766560835391, 0.9928014249212076, 0.9917038681453768, 0.9905140225024893, 0.9896607248694451, 0.9892761487507015, 0.9890860549809408, 0.9895442753216833, 0.9902217524179678, 0.9905521613467551, 0.9901847655079381, 0.9897175331146394, 0.9892202048601233, 0.988950137368924, 0.9893682583451683, 0.9900327421985953, 0.9909187206698311, 0.9916939518321626, 0.9922476883766852, 0.9928014249212076], [0.9913622382764926, 0.9917801944889204, 0.9920588319638722, 0.992198150701348, 0.9919195132263963, 0.9909442820640647, 0.9895610110025197, 0.9880568796453465, 0.9869750105837308, 0.9864761487507014, 0.9862289121237979, 0.9868014181788262, 0.9876503238465393, 0.9880664470610407, 0.9876133369365095, 0.9870318188289251, 0.9864202048601233, 0.9860929945117811, 0.9866254012023111, 0.9874613136271667, 0.988575863526974, 0.9895510946893055, 0.9902476883766852, 0.9909442820640647], [0.9913622382764926, 0.9917801944889204, 0.9920588319638722, 0.992198150701348, 0.9919195132263963, 0.9909442820640647, 0.9895610110025197, 0.9880568796453465, 0.9869750105837308, 0.9864761487507014, 0.9862289121237979, 0.9868014181788262, 0.9876503238465393, 0.9880664470610407, 0.9876133369365095, 0.9870318188289251, 0.9864202048601233, 0.9860929945117811, 0.9866254012023111, 0.9874613136271667, 0.988575863526974, 0.9895510946893055, 0.9902476883766852, 0.9909442820640647], [1.0, 1.0, 1.0, 1.0, 1.0, 1.0, 1.0, 1.0, 1.0, 1.0, 1.0, 1.0, 1.0, 1.0, 1.0, 1.0, 1.0, 1.0, 1.0, 1.0, 1.0, 1.0, 1.0, 1.0]]
    "τ_IN" = [[293.7349961792174, 293.15, 293.15, 293.15, 293.15, 294.58099602119904, 293.15, 293.15, 293.15, 293.15, 293.15, 293.15, 293.15, 293.15, 293.15, 293.15, 293.15, 293.15, 293.15, 294.2073481905302, 295.03872253844395, 293.6094922497929, 293.69166666666666, 294.15], [293.8052304482197, 293.20121693016966, 293.15, 293.15, 293.15, 294.5127337143649, 293.15, 293.15, 293.15, 293.15, 293.15, 293.15, 293.15, 293.15, 293.15, 293.15, 293.15, 293.15, 293.15, 294.26543650565054, 295.15, 293.7573815331309, 293.6334405152636, 294.15], [293.6870534868001, 293.172560880282, 293.15, 293.15, 293.15, 293.15, 293.15, 293.15, 293.15, 293.15, 293.15, 293.15, 293.15, 293.15, 293.15, 293.15, 293.15, 293.15, 293.15, 293.2539561937686, 294.3067784371424, 293.15, 293.6437300606011, 294.15], [293.5291088831045, 293.15, 293.15, 293.15, 293.15, 293.15, 293.15, 293.15, 293.15, 293.15, 293.15, 293.15, 293.15, 293.15, 293.15, 293.15, 293.15, 293.15, 293.15, 293.15, 293.15, 293.15, 293.64198695588567, 294.15], [293.42469276549883, 293.15, 293.15, 293.15, 293.15, 293.15, 293.15, 293.15, 293.15, 293.15, 293.15, 293.15, 293.15, 293.15, 293.15, 293.15, 293.15, 293.15, 293.15, 293.15, 293.15, 293.15, 293.660977987901, 294.15], [293.8119134730703, 293.21301962185197, 293.15, 293.15, 293.15, 294.50623832828893, 293.15, 293.15, 293.15, 293.15, 293.15, 293.15, 293.15, 293.15, 293.15, 293.15, 293.15, 293.15, 293.15, 294.2586106441296, 295.15, 293.76237790167085, 293.6279001028365, 294.15], [293.7053069423225, 293.20580308491327, 293.15, 293.15, 293.15, 293.15, 293.15, 293.15, 293.15, 293.15, 293.15, 293.15, 293.15, 293.15, 293.15, 293.15, 293.15, 293.15, 293.15, 293.2143348621011, 294.28952197420824, 293.15, 293.62810786908364, 294.15], [293.62672215406343, 293.1571179587992, 293.15, 293.15, 293.15, 293.15, 293.15, 293.15, 293.15, 293.15, 293.15, 293.15, 293.15, 293.15, 293.15, 293.15, 293.15, 293.15, 293.15, 293.93332298004594, 293.15, 293.15, 293.6261694124638, 294.15], [293.71010766376986, 293.2145458988169, 293.15, 293.15, 293.15, 293.15, 293.15, 293.15, 293.15, 293.15, 293.15, 293.15, 293.15, 293.15, 293.15, 293.15, 293.15, 293.15, 293.15, 293.20392114037526, 294.2849856203325, 293.15, 293.62399917909994, 294.15], [293.63707101260894, 293.17626928170466, 293.15, 293.15, 293.15, 293.15, 293.15, 293.15, 293.15, 293.15, 293.15, 293.15, 293.15, 293.15, 293.15, 293.15, 293.15, 293.15, 293.15, 293.9219550794716, 293.15, 293.15, 293.61708919789646, 294.15], [293.58277925546895, 293.15, 293.15, 293.15, 293.15, 293.15, 293.15, 293.15, 293.15, 293.15, 293.15, 293.15, 293.15, 293.15, 293.15, 293.15, 293.15, 293.15, 293.15, 293.15, 293.15, 293.15, 293.59367891613175, 294.15], [293.54049724526527, 293.15, 293.15, 293.15, 293.15, 293.15, 293.15, 293.15, 293.15, 293.15, 293.15, 293.15, 293.15, 293.15, 293.15, 293.15, 293.15, 293.15, 293.15, 293.15, 293.15, 293.15, 293.55384962495884, 294.15], [293.4437123389423, 293.15, 293.15, 293.15, 293.15, 293.15, 293.15, 293.15, 293.15, 293.15, 293.15, 293.15, 293.15, 293.15, 293.15, 293.15, 293.15, 293.15, 293.15, 293.15, 293.15, 293.15, 293.5622345135947, 294.15], [293.314310107587, 293.15, 293.15, 293.15, 293.15, 293.15, 293.15, 293.15, 293.15, 293.15, 293.15, 293.15, 293.15, 293.15, 293.15, 293.15, 293.15, 293.15, 293.15, 293.15, 293.15, 293.15, 293.54368735916006, 294.15], [293.3170878005683, 293.15, 293.15, 293.15, 293.15, 293.15, 293.15, 293.15, 293.15, 293.15, 293.15, 293.15, 293.15, 293.15, 293.15, 293.15, 293.15, 293.15, 293.15, 293.15, 293.15, 293.15, 293.54090820241896, 294.15], [293.3470308910263, 293.15, 293.15, 293.15, 293.15, 293.15, 293.15, 293.15, 293.15, 293.15, 293.15, 293.15, 293.15, 293.15, 293.15, 293.15, 293.15, 293.15, 293.15, 293.15, 293.15, 293.15, 293.5168310590681, 294.15], [293.35458172789595, 293.15, 293.15, 293.15, 293.15, 293.15, 293.15, 293.15, 293.15, 293.15, 293.15, 293.15, 293.15, 293.15, 293.15, 293.15, 293.15, 293.15, 293.15, 293.15, 293.15, 293.15, 293.50011425848766, 294.15], [293.3019629139299, 293.15, 293.15, 293.15, 293.15, 293.15, 293.15, 293.15, 293.15, 293.15, 293.15, 293.15, 293.15, 293.15, 293.15, 293.15, 293.15, 293.15, 293.15, 293.15, 293.15, 293.15, 293.5369287852962, 294.15], [293.33227283969853, 293.15, 293.15, 293.15, 293.15, 293.15, 293.15, 293.15, 293.15, 293.15, 293.15, 293.15, 293.15, 293.15, 293.15, 293.15, 293.15, 293.15, 293.15, 293.15, 293.15, 293.15, 293.5064020305411, 294.15], [293.27233798662604, 293.15, 293.15, 293.15, 293.15, 293.15, 293.15, 293.15, 293.15, 293.15, 293.15, 293.15, 293.15, 293.15, 293.15, 293.15, 293.15, 293.15, 293.15, 293.15, 293.15, 293.15, 293.5489444823915, 294.15], [293.4246927654989, 293.15, 293.15, 293.15, 293.15, 293.15, 293.15, 293.15, 293.15, 293.15, 293.15, 293.15, 293.15, 293.15, 293.15, 293.15, 293.15, 293.15, 293.15, 293.15, 293.15, 293.15, 293.660977987901, 294.15], [293.6035688342849, 293.15, 293.15, 293.15, 293.15, 293.15, 293.15, 293.15, 293.15, 293.15, 293.15, 293.15, 293.15, 293.15, 293.15, 293.15, 293.15, 293.15, 293.15, 293.95878272324563, 293.15, 293.15, 293.64648712648665, 294.15], [293.6915229609864, 293.1807004446135, 293.15, 293.15, 293.15, 293.15, 293.15, 293.15, 293.15, 293.15, 293.15, 293.15, 293.15, 293.15, 293.15, 293.15, 293.15, 293.15, 293.15, 293.2442610488529, 294.30255510050665, 293.15, 293.6399048680705, 294.15], [293.5924208926116, 293.15, 293.15, 293.15, 293.15, 293.15, 293.15, 293.15, 293.15, 293.15, 293.15, 293.15, 293.15, 293.15, 293.15, 293.15, 293.15, 293.15, 293.15, 293.9710263866356, 293.15, 293.15, 293.656268456845, 294.15], [293.4739024401689, 293.15, 293.15, 293.15, 293.15, 293.15, 293.15, 293.15, 293.15, 293.15, 293.15, 293.15, 293.15, 293.15, 293.15, 293.15, 293.15, 293.15, 293.15, 293.15, 293.15, 293.15, 293.69166666666666, 294.15], [293.47390244016884, 293.15, 293.15, 293.15, 293.15, 293.15, 293.15, 293.15, 293.15, 293.15, 293.15, 293.15, 293.15, 293.15, 293.15, 293.15, 293.15, 293.15, 293.15, 293.15, 293.15, 293.15, 293.6916666666667, 294.15], [293.56574197970843, 293.15, 293.15, 293.15, 293.15, 293.15, 293.15, 293.15, 293.15, 293.15, 293.15, 293.15, 293.15, 293.15, 293.15, 293.15, 293.15, 293.15, 293.15, 293.15, 293.15, 293.15, 293.60901209848953, 294.15], [293.4920682237372, 293.15, 293.15, 293.15, 293.15, 293.15, 293.15, 293.15, 293.15, 293.15, 293.15, 293.15, 293.15, 293.15, 293.15, 293.15, 293.15, 293.15, 293.15, 293.15, 293.15, 293.15, 293.5986444816154, 294.15], [293.396784354408, 293.15, 293.15, 293.15, 293.15, 293.15, 293.15, 293.15, 293.15, 293.15, 293.15, 293.15, 293.15, 293.15, 293.15, 293.15, 293.15, 293.15, 293.15, 293.15, 293.15, 293.15, 293.6069102933284, 294.15], [293.50421527288137, 293.15, 293.15, 293.15, 293.15, 293.15, 293.15, 293.15, 293.15, 293.15, 293.15, 293.15, 293.15, 293.15, 293.15, 293.15, 293.15, 293.15, 293.15, 293.15, 293.15, 293.15, 293.58741092305644, 294.15], [293.4399850436962, 293.15, 293.15, 293.15, 293.15, 293.15, 293.15, 293.15, 293.15, 293.15, 293.15, 293.15, 293.15, 293.15, 293.15, 293.15, 293.15, 293.15, 293.15, 293.15, 293.15, 293.15, 293.56580038341934, 294.15], [293.35155594164235, 293.15, 293.15, 293.15, 293.15, 293.15, 293.15, 293.15, 293.15, 293.15, 293.15, 293.15, 293.15, 293.15, 293.15, 293.15, 293.15, 293.15, 293.15, 293.15, 293.15, 293.15, 293.57000276327636, 294.15], [293.34022919602586, 293.15, 293.15, 293.15, 293.15, 293.15, 293.15, 293.15, 293.15, 293.15, 293.15, 293.15, 293.15, 293.15, 293.15, 293.15, 293.15, 293.15, 293.15, 293.15, 293.15, 293.15, 293.5236226806787, 294.15], [293.34150131163597, 293.15, 293.15, 293.15, 293.15, 293.15, 293.15, 293.15, 293.15, 293.15, 293.15, 293.15, 293.15, 293.15, 293.15, 293.15, 293.15, 293.15, 293.15, 293.15, 293.15, 293.15, 293.51321749187093, 294.15], [293.31929178908746, 293.15, 293.15, 293.15, 293.15, 293.15, 293.15, 293.15, 293.15, 293.15, 293.15, 293.15, 293.15, 293.15, 293.15, 293.15, 293.15, 293.15, 293.15, 293.15, 293.15, 293.15, 293.51948126386253, 294.15], [293.2596238908498, 293.15, 293.15, 293.15, 293.15, 293.15, 293.15, 293.15, 293.15, 293.15, 293.15, 293.15, 293.15, 293.15, 293.15, 293.15, 293.15, 293.15, 293.15, 293.15, 293.15, 293.15, 293.56184282953024, 294.15]]
    "τ_R" = [[322.55217060679416, 327.3578312170979, 328.569301119938, 326.1833074169753, 323.96869817835136, 320.6808641975309, 319.85375211115957, 314.1146975917911, 309.5330922714847, 309.39584604163383, 311.73267083377004, 313.1714708010239, 312.94230363803274, 312.01366912651093, 312.25188014787557, 312.546255149789, 312.32529691061785, 311.36936633277054, 311.0109259736252, 309.5383174105075, 309.02028640925346, 314.71951015258685, 312.830645195113, 304.895604856723], [338.15, 336.29635606187975, 328.87955942008637, 319.8403570894225, 326.43044285063263, 294.01651652976943, 338.15, 296.78636363636286, 310.2377760845115, 319.4404852411675, 323.9606170715617, 312.07891710303153, 307.7863636363635, 308.7863636363637, 320.640625479111, 318.10648055412946, 317.194597945243, 313.13673998560114, 316.361802787181, 293.15, 293.15, 338.15, 304.08244692357954, 293.15], [326.9061312541721, 332.4792994673583, 330.32698535611166, 325.3261701044758, 323.56122039066594, 319.9619282975286, 320.69422172205213, 309.7612111701638, 307.07034880512316, 309.8071177980931, 315.1493237535081, 316.23623492223476, 314.20365466511913, 311.6012228296354, 312.39893429270046, 313.08168628521986, 313.3936727771374, 312.36868705814936, 313.015141849836, 310.46958508383693, 310.4613795510479, 320.7440355996929, 310.2148980083974, 298.4123248241453], [330.46020079825644, 334.4489009271756, 328.77207667709126, 324.3466662216636, 322.5300818412842, 323.00775176618106, 317.0327735344141, 307.3155212190202, 305.1692628947631, 310.5550275265608, 317.37099426075116, 317.61853636005975, 313.58879115357786, 310.28843742970827, 311.7257163548619, 313.4919895762585, 313.66333574588737, 312.35435863415944, 313.4539660017871, 312.41373603122, 312.51287994446676, 322.93944930861073, 303.0335526175664, 295.15687413135095], [332.94085638024274, 332.72188475613757, 326.1194804139718, 324.1381645326834, 321.3019566854285, 319.74870153208497, 316.413511872677, 308.60768108576195, 304.5744241178662, 308.80426039380245, 315.90653762264697, 318.0675855483386, 314.8517616750386, 310.706240374112, 309.5503373169662, 310.6879834632765, 311.07661280242235, 310.3755953225414, 312.3739717317361, 315.8111645145016, 317.8665066764872, 316.1171045656721, 302.27732434764437, 294.18265265719936], [338.15, 330.328776965846, 325.09906973455924, 324.27153972488287, 320.6476053597437, 318.8618659430398, 315.7068362963255, 307.6796449951453, 304.06187871445775, 309.3733425042507, 316.95005036855866, 318.565075162638, 314.7128342759468, 310.2207699963736, 308.9373677250516, 310.2418827916247, 310.58371212978057, 309.89021725168635, 312.8238086329945, 316.4588231115698, 318.2902128872449, 316.10519553743444, 298.7121424897131, 293.15], [322.81250920117077, 327.1235115451538, 327.81688637155816, 325.45788168712784, 323.49349491643227, 320.4221193450604, 319.2980868546039, 312.609046901088, 309.6484982817567, 309.41921639032347, 311.2920184271644, 312.3162130444698, 312.44729980276134, 312.0098254865545, 312.4437311964747, 312.243692184174, 311.6439360107668, 310.3850162391774, 310.07269284926406, 308.89403641335696, 309.42964747909866, 315.2787847659472, 311.0992141815442, 304.3678666759081], [325.83149392805274, 331.04017516675344, 329.6022899575455, 326.1275061746101, 323.8006541574173, 322.67040550749874, 318.2918947386877, 311.91611537617007, 308.81606087985654, 309.8541172460973, 313.4535104241714, 315.37446655826386, 314.929414605162, 313.29316154231014, 312.72495415443916, 312.22583732996094, 311.64156060832886, 310.8712789328285, 311.72517974749513, 312.37059248415113, 313.56786846209604, 319.88230201218715, 309.4889929707632, 301.50268067759305], [327.0927514723001, 331.94853208574403, 328.79262504445387, 325.5706190637503, 323.0806275751951, 321.44592067325954, 317.8458061262267, 311.6962352235262, 307.906079157745, 309.12365745386836, 313.4710866956267, 316.1682589202093, 315.5504245739952, 313.20572490811145, 311.73597251435547, 311.2545108287993, 310.87126289456575, 310.31429827615585, 311.527352285779, 311.5428161823395, 319.2868613062455, 316.6017384534366, 308.81236659142473, 299.82875126240333], [322.7546688515697, 326.3752387953323, 326.35281861123076, 324.23809036625903, 321.98214632015174, 320.31644502047885, 316.5115763145991, 311.4277486472763, 308.6406318097139, 308.61269237013926, 310.2691620965652, 311.18685877548717, 311.27447866244415, 311.17292486061115, 311.76994002271357, 311.7769435703899, 310.8636454865319, 309.2330281986385, 308.5221528970393, 308.1018407654443, 308.77730590926365, 313.6856475808535, 308.4242642775403, 304.1824172555864], [323.11533833363603, 326.73765882843213, 325.93545592501704, 323.6344382389192, 321.0297558064675, 319.02161602928794, 315.73134796045076, 310.9300267092033, 307.8155703214198, 307.7933502855678, 309.74325534994944, 311.2408852511362, 311.56674385521785, 311.34252904459566, 311.4021192731137, 311.1633326053751, 310.02288478861345, 308.27813742385723, 307.64927062997685, 306.93271997959937, 311.9765865812277, 311.48664424608296, 308.5308409061483, 303.6338587719861], [323.6199888063778, 326.95037844568117, 325.30120869456164, 322.7585035358129, 320.0427150994643, 317.7405774988665, 314.6608776931352, 310.25060655861154, 307.10813357486825, 307.0804370571587, 309.2410722216861, 311.15684046441856, 311.76734645674765, 311.5060761037274, 311.1215681221711, 310.4836251601037, 309.0621828305132, 307.18908976104547, 306.7239315664547, 308.1005722736923, 310.2931663870247, 311.6549337978972, 308.5610157533949, 302.864925669865], [324.33894470982955, 326.90937508944853, 324.35307102379784, 321.63012417993946, 318.98752102799835, 316.44578065018476, 313.3422136591641, 309.3286868227021, 306.453237886775, 306.5111644070444, 308.7765394492576, 310.93775750026924, 311.82348716344256, 311.62649223349905, 310.89432382767274, 309.76140825041085, 307.9591297485068, 305.9551294309393, 305.74990061408755, 307.5533455750781, 310.0865968454273, 311.6952046867531, 308.3883577864983, 301.8441280131375], [338.15, 331.31670015793804, 326.09191604892476, 325.77744196423106, 322.0572803208162, 319.0024086422724, 316.3288925065394, 310.56433728504317, 306.75836256006625, 309.75084566354326, 316.2690362682227, 319.21354642871927, 317.1421590035721, 312.7973434757565, 309.7469704918886, 309.5520711091661, 309.93744428171544, 309.97053958881287, 313.39783935189456, 317.1426654461498, 319.2341356052382, 318.0198300845913, 303.81450630676954, 293.15], [323.80567699124754, 325.90320217394327, 322.71050271861907, 319.64451226277225, 317.38480557663206, 314.6471847859982, 311.2649637096555, 307.906868497186, 305.74353890111666, 305.66650292947367, 307.36819875537117, 309.4994410689166, 311.05732980075527, 311.6006262202459, 310.89614196930813, 309.00105918339096, 306.34286633261735, 303.9146254725341, 303.6454912926133, 305.74803565109187, 308.6558751486854, 310.799559601959, 308.44918512908924, 301.666368940834], [327.51157345866045, 325.60373886971513, 321.3981869499451, 319.0285869723737, 316.888258777916, 313.77128646124146, 310.21369978839397, 306.94439843283357, 305.32408662206376, 306.06148852969744, 308.36295168748154, 310.51430022534595, 311.7784454838244, 311.8494253280439, 310.6246622135787, 308.34562888148906, 305.5291551983882, 303.3657496151324, 304.1809046790204, 307.0392579502869, 309.97830453408534, 311.6481467705613, 306.8959435116154, 298.7653365022671], [326.8004054953567, 325.93639747248824, 321.81457929614686, 319.10060831625844, 316.9783210674671, 313.9656733300597, 310.3860994337123, 307.0886169179833, 305.4434174466222, 306.0899979644712, 308.2398246756093, 310.31334077407513, 311.6379955682663, 311.8894273769829, 310.8082738038708, 308.52427005420054, 305.6200508553232, 303.33709848018077, 303.9434064028889, 306.72768323517784, 309.7416676664077, 311.55303396843726, 307.3925205839141, 299.43225574403914], [328.4189023587292, 326.2124044739207, 320.53350395223873, 318.30728426493937, 316.5013639135423, 313.1477516506814, 309.3072668693563, 306.27159432844746, 305.2284882724934, 306.2286744905249, 308.3077718098575, 310.22705477624385, 311.6490915369055, 312.01693847200534, 310.58746535596646, 307.76536269396394, 304.5513587552923, 302.3172306808448, 303.5250616749509, 306.86083101213313, 309.98971001262026, 311.6999424929821, 306.78352602928123, 297.8570853127174], [330.8791847660826, 325.6212112916467, 318.85910476904075, 317.7386117513498, 315.98101102396583, 312.167329784774, 308.13014262337475, 305.4126537257694, 305.060245665267, 306.46263144066165, 308.43071534482493, 310.1165231685739, 311.6106075641217, 312.0622924451494, 310.238004146005, 306.87200632569943, 303.39815161364515, 301.3073902355867, 303.28829466340716, 307.13562490541824, 310.23641807679843, 311.7574735512882, 305.61343139698863, 295.97233729774246], [338.15, 321.31702243085533, 317.5593349345062, 318.0747181236463, 315.5377729184593, 310.95154691777947, 306.90717812469916, 304.80429214049565, 305.43501422354905, 307.25946202726885, 309.1546823661571, 310.7139928805885, 312.38380081760477, 312.52401427817847, 309.68444033088156, 305.68011700262207, 302.2150847750481, 300.7375817927512, 304.43232385634224, 308.70807097396624, 311.41787628638644, 312.42719563918837, 302.50721449949936, 293.15], [333.93925151215393, 323.93005856917574, 317.73269947817, 317.51804752638384, 315.45785252942807, 311.2562980962956, 307.1053460575197, 304.68260420043066, 305.0064668242478, 306.7864900472701, 308.5931083135194, 309.96018669111066, 311.4927212263035, 312.03892232374074, 309.9040247052738, 306.0959175469301, 302.3653972258025, 300.3828508862126, 303.12231574473907, 307.29307957189224, 310.31075740156473, 311.6906410146889, 304.1183781383043, 294.38328341928593], [338.15, 320.28854787467674, 316.95655626467163, 317.1694848943078, 314.6466941996214, 310.06680172482925, 305.82825419215374, 303.73952006160124, 304.81932764840246, 306.9610056040751, 308.53379922767505, 309.5407259506211, 311.1681540283529, 311.82791644574604, 309.3322455727138, 305.0547216458431, 301.0582686973277, 299.2212508514087, 302.8464208805879, 307.25362218890075, 310.14573639642936, 311.3881112706435, 301.53762082916296, 293.15], [338.15, 330.3287769658472, 325.09906973455924, 324.27153972488287, 320.6476053597437, 318.8618659430398, 315.7068362963255, 307.6796449951453, 304.06187871445775, 309.3733425042507, 316.95005036855866, 318.565075162638, 314.7128342759468, 310.2207699963736, 308.9373677250516, 310.2418827916247, 310.58371212978057, 309.89021725168635, 312.8238086329945, 316.4588231115698, 318.2902128872449, 316.10519553743444, 298.7121424897131, 293.15], [330.2427794070593, 333.4741376053297, 327.7442570968746, 324.5371299495853, 322.0993347537941, 321.1913614727165, 317.10752883365365, 309.06310456338156, 305.47328292875284, 309.20715735743306, 315.5870260243354, 317.53924798419234, 314.7522740976377, 311.2121524601808, 310.6485718184134, 311.65195113284835, 311.8699077108166, 311.10273805918945, 312.52935618635644, 310.5183084789401, 322.122517541184, 316.01710213822116, 304.35645200312496, 295.8286317618988], [328.47266960876124, 333.1737392740405, 329.1971092938042, 324.9945506839423, 322.9378874947596, 322.67000301698874, 317.3729588839754, 309.22543920566517, 306.6052360054286, 309.9116954118406, 315.42860982009677, 316.7086667542757, 314.36883764162405, 311.606553756602, 311.90755724413407, 312.61473086993794, 312.63749703560404, 311.7516981953588, 312.80140097871873, 312.418088211062, 312.96287555863637, 321.8047326395335, 305.75764945518426, 297.44915610833397], [333.07457355875334, 334.16737366475706, 326.8407668940853, 323.9723969080977, 321.5339391936004, 321.56015979820535, 316.7832897562344, 306.6309022535212, 303.8244246162293, 310.35936259622395, 317.95160135320793, 318.2841389920487, 313.45711964670556, 309.58599111166603, 310.55608549931867, 312.823030049537, 312.940843618223, 311.5937689751299, 313.2317823535974, 309.6695858795063, 324.2565457011459, 315.29202184772254, 300.5167924761222, 293.70362669867103], [338.15, 332.236006744924, 325.50908536282185, 324.07166473227875, 320.8497382703837, 320.82924464483426, 316.1314104494848, 305.3665266259541, 303.23462990164273, 311.2637237574956, 319.16267700331565, 318.64578286684065, 313.0632787396272, 309.04551931312085, 310.1348576010674, 312.6162107588602, 312.4585779487501, 311.03312469531613, 313.63657800654977, 317.2809997972624, 318.6995277716117, 315.17321653265697, 296.4995846418204, 293.15], [338.15, 332.236006744924, 325.50908536282185, 324.07166473227875, 320.8497382703837, 320.82924464483426, 316.1314104494848, 305.3665266259541, 303.23462990164273, 311.2637237574956, 319.16267700331565, 318.64578286684065, 313.0632787396272, 309.04551931312085, 310.1348576010674, 312.6162107588602, 312.4585779487501, 311.03312469531613, 313.63657800654977, 317.2809997972624, 318.6995277716117, 315.17321653265697, 296.4995846418191, 293.15], [329.0467077820183, 332.36754778996874, 327.6183495154181, 324.9597112821266, 322.45136516951806, 320.2486681917319, 317.0788006165118, 311.23194000644133, 307.140572815963, 308.66068655393343, 313.71778974223247, 316.82888796748665, 315.9430356958226, 312.96175863778933, 310.8131566063768, 310.2963947582261, 310.1312151210564, 309.7509020278462, 311.461011587101, 314.7021607109604, 317.2275235754672, 316.89404325531643, 307.6318619487706, 297.7900078320766], [334.195401558373, 332.1903786212526, 326.00221446929856, 324.7922276379589, 321.71105180155814, 319.2376836995788, 316.2866191575678, 309.9090720877423, 305.9068943182679, 308.9593011877972, 315.3940045107248, 318.2079006618311, 316.04633254291616, 312.0286864775012, 309.7098348985619, 309.8363875342514, 310.11103070981875, 309.8293483290279, 312.4129229446369, 316.0090973605005, 318.2130083966431, 317.04407656058663, 303.9328515139647, 294.3979234703819], [338.15, 329.081221812698, 324.87987750756366, 324.58971587986326, 320.89323138732846, 317.81137881512933, 315.101085582347, 309.38279191246437, 305.66727277232377, 308.6872424093291, 315.16460323474803, 318.08714795637934, 316.06838695427433, 311.8108523884261, 308.7917486286096, 308.5449530080462, 308.8479122894791, 308.8197762300379, 312.22388591093755, 315.96634455041203, 318.0661490542804, 316.8925689617571, 301.6277814544045, 293.15], [331.34258110717747, 331.8906717610064, 326.3976001271748, 324.6917524415037, 322.0395663143544, 319.31696872540016, 316.245127945126, 310.836720114624, 307.02603992629963, 308.70237714153717, 313.8424516505072, 316.99138874026266, 316.1486399266091, 313.0105298813072, 310.3554105030695, 309.4783668048859, 309.2333436677528, 309.00890108653425, 311.3498267158606, 314.90150315348455, 317.4150497191612, 317.03908085452736, 306.67552847090815, 296.39483420689237], [334.0540461084926, 330.2654537578059, 324.9140739512805, 324.35712426942257, 321.37347959566006, 317.96629343611687, 315.04064602135526, 310.3790178463669, 306.8622136783618, 308.3710524630247, 313.49714854480953, 316.8898870354592, 316.29970991854486, 312.95481782621204, 309.5462095941834, 308.17177743724625, 307.95707824494264, 308.0353516597581, 311.0838242606683, 314.8886897083965, 317.3377329212156, 316.9833204169148, 305.4070285615879, 294.67338906475203], [338.15, 326.84487081998907, 323.9295038005951, 324.142992201959, 320.5891030875568, 316.61899756034416, 313.75832095740043, 309.7298119693274, 306.75136714018174, 308.23881996124, 313.21554884413433, 316.62805871762043, 316.27527997964734, 312.8195552306588, 308.75069294111154, 306.886775644025, 306.61467785112893, 306.98243306511336, 310.90089845745774, 314.8644114129095, 317.1797618856151, 316.7819582144173, 303.32423388193956, 293.15], [329.0066613793581, 325.675822356263, 320.2313079030301, 318.2921774187957, 316.37654694299766, 312.94873834447316, 309.15298212816424, 306.1483799907744, 305.11422250280776, 306.15764095557506, 308.3384962168094, 310.3147612300675, 311.6915928127656, 311.9158930000559, 310.38147075028763, 307.5955258597911, 304.4648505750347, 302.31300675466196, 303.66918253845466, 307.0093348394506, 310.0609233578002, 311.68022672939156, 306.2681260593066, 297.3642766251422], [331.04281924513793, 325.13077566569154, 318.8103271519845, 317.6625561234705, 315.8295260340392, 312.0214285313303, 308.0166121438765, 305.28835020593186, 304.9090556263265, 306.31649258732847, 308.33424725431365, 310.0390127563355, 311.49847565008093, 311.89128983262844, 310.06737280284034, 306.76354213335316, 303.3207867128501, 301.22635028168304, 303.21503616113574, 307.0076885620439, 310.08637756037456, 311.60131906145034, 305.2196984138725, 295.81882089656864], [333.8861462282035, 323.4356359574151, 317.3798295861072, 317.21460586077995, 315.15667020857387, 310.95504647668974, 306.8007995388634, 304.37482361317734, 304.70213118141953, 306.4926212246991, 308.30874124425037, 309.6783877300228, 311.2102848562861, 311.7598006820977, 309.6317301440041, 305.8271692135371, 302.09288420307746, 300.1012381445943, 302.83224807548066, 306.9984755075041, 310.0148500143024, 311.3958352357783, 303.5552535003998, 294.28284652106663], [338.15, 319.6956533675634, 316.6489183454904, 316.8663206504764, 314.34568696867456, 309.765791443558, 305.5240429325234, 303.4317989759526, 304.51455533493044, 306.6667549218455, 308.24967018517975, 309.25950006290077, 310.885906794116, 311.54849408182474, 309.0598122566207, 304.7863636363638, 300.7863636363637, 298.9400626519521, 302.5563688394536, 306.95888190070184, 309.84978161307197, 311.09327564556645, 300.91908107944283, 293.15]]
    "τ_S" = [[373.15, 356.3105671698321, 371.41175247001604, 348.3936788535609, 373.15, 373.15, 343.15, 345.6363300566844, 362.00222807395375, 361.78590358261266, 364.20180663623916, 343.15, 345.5164711176968, 344.32233929166773, 364.7210159503446, 355.2716075127672, 364.7944327130869, 358.43700669145534, 363.48006177609426, 362.00745321297654, 356.706414016984, 343.15, 347.15733004380706, 343.523702362974], [367.58626638007956, 359.89643942440955, 364.24319578372274, 354.20399345305873, 362.79407921426923, 370.8055061602914, 351.29190499202014, 343.15, 354.60141244814815, 359.8041216048035, 361.32425343519844, 348.44255346666813, 343.15, 343.15, 356.0042618427475, 356.47011691776646, 359.5582343088794, 358.500376349238, 359.72543915081746, 360.4279539407689, 356.52079500336805, 346.0013109741331, 344.2086766250689, 343.15], [369.3740477728643, 361.5214029886182, 365.9543712396603, 355.6967847975388, 364.48039492870174, 372.6847394473993, 352.7812644138554, 344.47861490928864, 356.16084455442353, 361.4504209709037, 362.98527092900827, 349.8250022316297, 344.4145661427452, 344.4087435276049, 357.54099314775846, 358.0341796857001, 361.2109726976526, 360.1481844024427, 361.3875404072554, 362.08746179997587, 358.0859307858053, 347.33789357060516, 345.50148089766645, 344.42038875788546], [366.36590693673, 363.370382695176, 363.7075509845131, 358.4002980761569, 360.8085009864372, 369.1158053486939, 358.67113214196223, 346.6118083357428, 351.58998648859705, 358.9504674362862, 361.718279354895, 353.53739693494987, 345.6221517081604, 343.83455244239076, 352.5017718032997, 357.15548934204907, 359.4056499317319, 359.74490104843676, 360.21761606523995, 361.09682959103134, 358.6907705359475, 350.2748340987104, 345.51610661576075, 344.19588958688445], [362.34549884266175, 362.9486378634824, 362.2721890469476, 359.7858103361864, 358.550545868306, 362.6208892274526, 361.9302382291823, 353.01775517721023, 348.80296317561215, 352.8859336463821, 357.8581633393628, 356.3080584149157, 349.60159395946164, 344.4882225924157, 346.6194719475262, 352.21386556682205, 356.1450332241172, 357.7632860473706, 358.36974566835585, 359.0115098193561, 358.4092390655383, 353.7957528777571, 347.798666919601, 344.2339209624935], [359.68763403088144, 360.69911662768953, 360.46270609819646, 358.63517608851896, 357.01124172338046, 359.2255023066766, 360.07047265996243, 354.04328135878166, 348.4255150780947, 349.7369788678875, 354.3136867321958, 354.9287115262747, 350.0764706395833, 344.58440636000967, 344.30100408868805, 348.6055191552609, 352.9473484934169, 355.2538536153236, 356.1874449966311, 356.8224594752067, 356.6538492508811, 353.46883190107155, 348.0824912726481, 343.81957117306973], [369.54416113269986, 361.6760236892437, 366.1171952892068, 355.8388288708063, 364.64085349096416, 372.86355475987267, 352.92298192824154, 344.60503704739733, 356.3092297183506, 361.60707184421113, 363.1433222812363, 349.9565468405832, 344.5348938271841, 344.5285171708011, 357.68721825476257, 358.1830054725221, 361.3682362654346, 360.304978832358, 361.5456948831107, 362.2453695054385, 358.2348586735347, 347.46507386071295, 345.62449553430434, 344.5412704835671], [366.83054035002795, 363.81829069257435, 364.15598587709565, 358.8175646342444, 361.24174523648253, 369.60121542740455, 359.1043665301344, 346.98114033543783, 351.98476220443206, 359.38055791262883, 362.15903768032655, 353.93058254442786, 345.9696073396144, 344.17049161536465, 352.8872800173822, 357.5712282431581, 359.8399145692114, 360.18584602609275, 360.6590284270368, 361.53872443283905, 359.1159805340043, 350.6513387445465, 345.86450560165605, 344.53673740181154], [364.83020028525044, 364.293610135324, 363.5214805486868, 360.09919111158587, 359.9333345353592, 366.2659410669167, 362.07467576995106, 350.5649929580772, 349.8677927212955, 356.4305993466025, 360.7255727123754, 356.19739527679434, 348.2011587354225, 344.374815819486, 349.5507821986405, 355.534641271217, 358.5813930267638, 359.5565124847972, 359.9880498536275, 360.7327644955444, 359.422953162633, 353.01582074776496, 347.0437597037044, 344.57903100079034], [366.9527405323237, 363.93609203308773, 364.2738787725027, 358.9272601507111, 361.3557840018128, 369.7290680254003, 359.21849674245425, 347.0783699595824, 352.08849553185087, 359.49348510256357, 362.27481757153123, 354.0339446887657, 346.0609423427889, 344.25879775043495, 352.9887170210785, 357.6807100619887, 359.95431574063474, 360.3019571295611, 360.7750273523982, 361.6548032317511, 359.2277181820964, 350.7503137381982, 345.9560887102862, 344.62638154690984], [365.0936257755013, 364.5553050773783, 363.77993164025656, 360.34571813490925, 360.1807007628864, 366.5370116129661, 362.3357767263874, 350.79101447943833, 350.0903248380879, 356.6710159328648, 360.9770470233304, 356.43311247768946, 348.41020050538964, 344.57063041488027, 349.76391015701563, 355.769461910293, 358.8294540575496, 359.81051228185055, 360.2423337496476, 360.98692269473304, 359.6709800842557, 353.2421640022497, 347.2499556628542, 344.77714477316744], [363.7116537755743, 364.3251971926116, 363.6337174546013, 361.09995484534886, 359.848743207862, 364.0047601322574, 363.3206091012466, 354.26659407994333, 349.97563734463967, 354.11387290855146, 359.15684333949673, 357.5722792808268, 350.7448598408922, 345.5384972305203, 347.70849145285104, 353.4103562883858, 357.42639003432714, 359.0878812949585, 359.7024558874597, 360.3437160179907, 359.72053622957554, 355.02110847227925, 348.915555620724, 345.28791455712536], [362.6353844249343, 363.6858229975976, 363.43220529220446, 361.52432362039093, 359.8516569224079, 362.18671644307295, 363.105056539121, 356.871684013178, 351.0275667385143, 352.3548443321799, 357.07520316744694, 357.69793964062916, 352.646897060955, 346.93252228998733, 346.64380496920563, 351.13964926903475, 355.6871326658485, 358.1159024272714, 359.0772282552397, 359.71062776882786, 359.5129650191859, 356.19170488377483, 350.5866104448618, 346.15691727362537], [360.17176862762284, 361.27206730828834, 361.45555241256204, 360.14107832786715, 358.4209166844529, 359.3660450059093, 360.6925288701763, 356.92797364867954, 351.12199892370325, 350.11448202718014, 353.6326726318598, 355.57718279235604, 352.5057953672085, 347.16097983939267, 345.110606855525, 347.9157074728023, 352.30108064535176, 355.33417595245015, 356.76147571553116, 357.50630180978663, 357.5977719688744, 355.38346644822843, 350.67138483463685, 345.973974248842], [355.4070817381372, 356.1483221652424, 356.2683101453691, 355.37916494327015, 354.2275817851173, 354.8787714816784, 355.7868697344334, 353.2580358391696, 349.33947155991706, 348.64625242640255, 351.0054965748977, 352.31183784959234, 350.239109300765, 346.6348358656026, 346.38869969674295, 348.06645764698993, 350.12654431798023, 352.18071813741057, 353.1350084431084, 353.62591453908357, 353.6802938264344, 352.18495736951854, 349.00693906404484, 345.8424250188254], [356.87789364767065, 355.30936546132693, 355.63601395131843, 355.0899808794102, 354.0300595941407, 354.07096688189716, 354.87778852571665, 353.5013771969339, 350.07864215277533, 348.33364365163794, 349.6711959051355, 351.3172588625663, 350.38082354128335, 347.31447201175865, 345.95782877339934, 346.9791445508488, 348.8871158734268, 350.9198207403269, 352.2344669857885, 352.8812959070218, 353.0840325074419, 352.11546811892254, 349.5218729917726, 346.3786394365079], [356.94859855992024, 355.3785661579766, 355.70526417877346, 355.15844373768334, 354.0980334388541, 354.1400348545677, 354.9486851367808, 353.57148128107787, 350.1449363914349, 348.39720954205075, 349.7352533322017, 351.3826311364469, 350.44503405095435, 347.3754781715561, 346.0177976393522, 347.0408840301824, 348.9517399916385, 350.9871853921663, 352.30256493194855, 352.9492229874503, 353.151626562919, 352.1818695984746, 349.5855234939577, 346.43927558358655], [357.71078631703324, 355.3100282936264, 355.0092059381918, 354.7578754658681, 353.87142150035646, 353.53965105484417, 354.0793027137827, 353.4315189608752, 350.7148818586601, 348.4352697660154, 348.7489176335004, 350.28285782828755, 350.20977414449635, 347.8722996335954, 345.9574446544688, 346.17836307920555, 347.7712081852977, 349.74219014281994, 351.28941207027805, 352.158614721474, 352.5107262744457, 351.9386376099132, 349.9034369657651, 346.9645950748776], [357.9029894373517, 355.4179028493502, 354.4292090271963, 354.166532584797, 353.4929702656065, 352.9707695833342, 353.20714378821384, 352.9523436141087, 350.9497796803721, 348.5579468368372, 348.02023051316417, 349.1393196223859, 349.6001303651784, 348.0350817761816, 345.9962523651765, 345.50207678775587, 346.6163982193968, 348.4359974108989, 350.1136687846353, 351.20631363247355, 351.731031109479, 351.47212439175485, 349.94192286064776, 347.3293252693601], [356.5636014454907, 354.3651043087476, 352.92297129814324, 352.43835448728316, 351.9014092820965, 351.31518328141595, 351.27081448833616, 351.1679285041317, 349.79865058718605, 347.62309839090534, 346.5183187297932, 347.07762924422565, 347.74743718124176, 346.88765064181536, 345.0480766945186, 344.0437533662583, 344.5787211386849, 346.10121815638837, 347.7959602199792, 349.07170733760273, 349.78151265002265, 349.79083200282446, 348.71994721613044, 346.52609922990115], [357.33512682868985, 355.11352503133224, 353.6533461589539, 353.16074630899016, 352.6239383005269, 352.0431117036884, 352.00983685308523, 351.91164972312, 350.5222015434276, 348.3122255944136, 347.1871653046002, 347.7494637228309, 348.4234208139397, 347.5517084650932, 345.69569194461565, 344.6894840541376, 345.2416341894003, 346.78880175180507, 348.4955742503818, 349.77605840359286, 350.4875431575941, 350.49407039341617, 349.40904130300527, 347.19213751546766], [355.8095123868452, 353.98299180283624, 352.32019262830886, 351.53312125794383, 351.01033056325815, 350.43043808846613, 350.19189055579074, 350.10315642523756, 349.1829640120387, 347.32464196771167, 345.89743559131205, 345.90436231425724, 346.53179039198983, 346.1915528093824, 344.6958819363508, 343.41835800947973, 343.4219050609642, 344.5848872150451, 346.21005724422474, 347.6172585525376, 348.5093727600657, 348.75174763428043, 348.0562076536762, 346.2639385660026], [359.68763403088144, 360.69911662768953, 360.46270609819646, 358.63517608851896, 357.01124172338046, 359.2255023066766, 360.07047265996243, 354.04328135878166, 348.4255150780947, 349.7369788678875, 354.3136867321958, 354.9287115262747, 350.0764706395833, 344.58440636000967, 344.30100408868805, 348.6055191552609, 352.9473484934169, 355.2538536153236, 356.1874449966311, 356.8224594752067, 356.6538492508811, 353.46883190107155, 348.0824912726481, 343.81957117306973], [364.24084305452516, 363.7081246297378, 362.94305160526324, 359.54738056773425, 359.38024899761484, 365.66040129600776, 361.491559005591, 350.0599571034614, 349.3696420412282, 355.89179792424443, 360.16211466558536, 355.66965114063044, 347.7332132916797, 343.93646330150426, 349.07409649252014, 355.00994282470936, 358.0273911501823, 358.9890821721684, 359.41892058384684, 360.1634200511694, 358.86746785645784, 352.5091078868043, 346.5821811426078, 344.1357354221087], [366.47967537056456, 363.48005580500313, 363.81730908757277, 358.5024244151218, 360.91467162563816, 369.23483716219795, 358.77738840720195, 346.7023296556803, 351.6865617820083, 359.0556017316802, 361.82606976108985, 353.6336269011397, 345.70718439961666, 343.9167652560528, 352.59620995138573, 357.2574177060896, 359.5121584600392, 359.85300127995345, 360.3256106367714, 361.2048982804586, 358.79479785610533, 350.3669796253096, 345.6013702935264, 344.2793483330063], [363.95707726647777, 363.42622301349957, 362.66466587736414, 359.28183982726404, 359.1137395585465, 365.3683134676799, 361.2102101512105, 349.8164394596048, 349.1299699094129, 355.63290433828996, 359.8912883854842, 355.4157553125538, 347.50805221396996, 343.72555072955885, 348.84449058256104, 354.7569256979964, 357.7600893011349, 358.7154043556468, 359.1450447645526, 359.88970223374935, 358.600333382496, 352.2653096039563, 346.3600856139018, 343.92232457792664], [360.9402439315719, 361.532680777604, 360.87272172645856, 358.43530109591484, 357.2133746340204, 361.1928810084711, 360.4950468131217, 351.7301629895905, 347.5982662652797, 351.6273601211324, 356.52631336695276, 355.0094192304774, 348.42691510326364, 343.40915567675694, 345.4984939647038, 350.9798471224964, 354.82221431238634, 356.3967610589534, 357.00021437018637, 357.6446361608992, 357.0631641352479, 352.5368528962941, 346.6510997933362, 343.15], [360.9402439315719, 361.532680777604, 360.87272172645856, 358.43530109591484, 357.2133746340204, 361.1928810084711, 360.4950468131217, 351.7301629895905, 347.5982662652797, 351.6273601211324, 356.52631336695276, 355.0094192304774, 348.42691510326364, 343.40915567675694, 345.4984939647038, 350.9798471224964, 354.82221431238634, 356.3967610589534, 357.00021437018637, 357.6446361608992, 357.0631641352479, 352.5368528962941, 346.6510997933362, 343.15], [363.27797766530614, 363.88821828119524, 363.2015607926082, 360.68287424698485, 359.4365787336228, 363.56519446368293, 362.87889275048764, 353.86989525820246, 349.6033884045213, 353.7243319419511, 358.74488893685003, 357.1711400819561, 350.38204198649856, 345.2051864170629, 347.3627797766055, 353.03035829345924, 357.0193199836745, 358.66708955456653, 359.27937026408324, 359.92101928537335, 359.30449142355155, 354.6322662097427, 348.56110483151326, 344.953372396592], [361.4026456951292, 362.43679301725416, 362.1906381220437, 360.3164570580021, 358.66339393722274, 360.9471112705255, 361.83449960349884, 355.6878282982459, 349.9396278931106, 351.2612659454441, 355.9215820927258, 356.5405214196377, 351.5724022533579, 345.9509455338497, 345.6639119973051, 350.0790137745335, 354.5399821276919, 356.9177362035718, 357.86886589528945, 358.5037184896672, 358.31816094679255, 355.05355000525805, 349.53981806794144, 345.1795749465733], [358.97723811220425, 360.0604722619774, 360.2435138712009, 358.9533522435001, 357.2568677509651, 358.1750151787656, 359.464721945984, 355.7464282761011, 350.03090913596066, 349.0508787729664, 352.5282395983845, 354.450784320016, 351.43202331791105, 346.17448875206287, 344.1553849922463, 346.90858937168264, 351.21154865311513, 354.18341259367486, 355.5875222745746, 356.32998091404806, 356.4297854179167, 354.2562053253936, 349.62186164821844, 344.9992299637449], [361.7118433097072, 362.7500768308647, 362.5018627100653, 360.61918964358193, 358.961768018593, 361.2588553449301, 362.1540963929949, 355.9853111080575, 350.21222478981207, 351.5347385947348, 356.2102091255311, 356.830507450832, 351.8416712861075, 346.19691605271595, 345.9098349683759, 350.3456418215192, 354.8285830822295, 357.2189921157985, 358.17170678068504, 358.80580805063516, 358.6173441186458, 355.33874720577535, 349.8021424046654, 345.42467076967796], [360.0768920213586, 361.17583533708574, 361.3578999441005, 360.0450401917518, 358.3308595090123, 359.2775611306961, 360.601923655578, 356.8383962602517, 351.03344030709934, 350.02395831793643, 353.53942734823346, 355.48515174761485, 352.41862430627305, 347.0808563913761, 345.0357462964207, 347.8401289658841, 352.2210858958833, 355.24836891017105, 356.666647908061, 357.4082661120052, 357.5011852502061, 355.2917390261569, 350.5861995742128, 345.89617345266873], [357.8259694236251, 358.81092300233786, 359.29314016423143, 358.5066285655958, 356.95273945119357, 356.982633923981, 358.1219573210373, 356.0934483329637, 351.1150035038186, 348.60245632487687, 350.57918520777145, 352.9916950812572, 351.63891634328377, 347.1831915942949, 344.11432930474797, 345.2504120076612, 348.97831421476525, 352.3460694287506, 354.26453482109434, 355.22804777654636, 355.5433982492513, 354.14559457805433, 350.37884967442943, 345.8044851648794], [357.5376522624768, 355.14246892505633, 354.8428966688096, 354.5927883634347, 353.70737663319267, 353.3739962993974, 353.90984060122776, 353.26210992630496, 350.55271016465787, 348.2807717274472, 348.5956939718986, 350.1268848225713, 350.05460940734156, 347.72320119920965, 345.81232803032714, 346.0309917586668, 347.61767092776245, 349.58207347809656, 351.1265448514221, 351.9955578712369, 352.3482159220644, 351.7781812323261, 349.7483449951822, 346.8164142397372], [357.57003338709865, 355.0960155820462, 354.11268265271224, 353.852372405751, 353.18016355805366, 352.65601070002083, 352.8864899032901, 352.62983947479285, 350.63751673367506, 348.260586754006, 347.72915046681, 348.84504400276035, 349.3050844495734, 347.7482315904742, 345.71779383253465, 345.2227374658534, 346.3275211505768, 348.13510203210024, 349.80638347883183, 350.89742520790116, 351.42249433996113, 351.1662620524481, 349.64412969982004, 347.0434365409982], [357.0047000858623, 354.79299348821854, 353.33996557914867, 352.8506780200549, 352.3155348523499, 351.7338711387832, 351.69608654731303, 351.5947504796556, 350.2114167656552, 348.0145829270408, 346.89853508923176, 347.4607970447148, 348.1331998788225, 347.266613893193, 345.4187946884214, 344.4147625750282, 344.96036370044663, 346.49651323619156, 348.1951477754448, 349.47248277629336, 350.18367224205167, 350.19207020358937, 349.1132148644616, 346.90677242481695], [355.4858808579962, 353.6674957490223, 352.0125547091276, 351.2299570141135, 350.7093233323114, 350.1294278071949, 349.88767929616034, 349.79543533958895, 348.8781916985674, 347.0303912854824, 345.61330654881687, 345.62313642653754, 346.24954315775244, 345.9121304454609, 344.42344862025715, 343.15, 343.15, 344.30369901558936, 345.9200052030902, 347.32251826433867, 348.2134179767082, 348.45691200920356, 347.7659894674865, 345.98252008297703]]
    "τ_load_R" = [[338.15, 336.29635606187975, 328.87955942008637, 319.8403570894225, 326.43044285063263, 294.01651652976943, 338.15, 296.78636363636286, 310.2377760845115, 319.4404852411675, 323.9606170715617, 312.07891710303153, 307.7863636363635, 308.7863636363637, 320.640625479111, 318.10648055412946, 317.194597945243, 313.13673998560114, 316.361802787181, 293.15, 293.15, 338.15, 304.08244692357954, 293.15], [338.15, 338.15, 331.7081951706351, 321.33314843390184, 328.11675856506486, 297.6333358090189, 338.15, 298.1149785456523, 311.79720819078716, 321.0867846072671, 325.62163456537206, 313.46136586799287, 309.05092977910886, 310.0451071639679, 322.1773567841221, 319.6705433220633, 318.84733633401606, 314.7845480388057, 318.0239040436183, 293.3308962015967, 293.15, 338.15, 310.08404668654043, 293.15], [338.15, 338.15, 328.83615200884714, 324.03666171252024, 324.44486462280105, 328.7521689850574, 314.3074957783252, 300.2481719721062, 307.22635012496005, 318.5868310726496, 324.3546429912584, 317.17376057131366, 310.25851534452335, 309.47091607875416, 317.1381354396627, 318.79185297841207, 317.0420135680957, 314.38126468479936, 316.8539797016034, 318.0870355678296, 293.15, 338.15, 296.5847959822771, 293.15], [338.15, 334.8564680403085, 326.90855268331114, 325.42217397254944, 322.18690950466925, 322.2572528638158, 317.5666018655458, 306.6541188135739, 304.43932681197515, 312.5222972827453, 320.4945269757257, 319.9444220512791, 314.2379575958252, 310.1245862287796, 311.25583558388996, 313.8502292031859, 313.78139686048087, 312.3996496837334, 315.0061093047192, 318.64787345571926, 320.0456027019014, 316.43211651411997, 298.91172622432737, 293.15], [338.15, 330.328776965846, 325.09906973455924, 324.27153972488287, 320.6476053597437, 318.8618659430398, 315.7068362963255, 307.6796449951453, 304.06187871445775, 309.3733425042507, 316.95005036855866, 318.565075162638, 314.7128342759468, 310.2207699963736, 308.9373677250516, 310.2418827916247, 310.58371212978057, 309.89021725168635, 312.8238086329945, 316.4588231115698, 318.2902128872449, 316.10519553743444, 298.7121424897131, 293.15], [338.15, 338.15, 332.12853249325076, 321.4751925071702, 328.2772171273274, 297.9774882216081, 338.15, 298.24140068376096, 311.9455933547137, 321.24343548057425, 325.7796859175992, 313.5929104769464, 309.17125746354765, 310.164880807165, 322.32358189112614, 319.8193691088859, 319.00459990179826, 314.94134246872073, 318.1820585194741, 293.6625531094117, 293.15, 338.15, 310.4571016803747, 293.15], [338.15, 338.15, 330.0098713661114, 324.4539282706071, 324.8781088728462, 329.2375790637681, 314.7407301664971, 300.61750397180157, 307.62112584079557, 319.0169215489924, 324.7954013166901, 317.5669461807914, 310.60597097597685, 309.80685525172737, 317.5236436537456, 319.2075918795218, 317.47627820557454, 314.8222096624559, 317.29539206339933, 319.53747339753545, 293.15, 338.15, 297.33085075225426, 293.15], [338.15, 338.15, 328.3131451043059, 325.7355547479498, 323.56969817172245, 325.9023047032798, 317.7110394063141, 304.20135659444077, 305.5041563576586, 316.0669629829656, 323.3619363487383, 319.83375891315757, 312.83752237178606, 310.0111794558499, 314.187145835004, 317.1710049075808, 316.2177566631275, 314.19287612115994, 316.6244134899909, 300.4299977307373, 338.15, 315.65218438412785, 298.5594473864425, 293.15], [338.15, 338.15, 330.3185165648717, 324.56362378707456, 324.9921476381765, 329.36543166176375, 314.8548603788179, 300.71473359594563, 307.7248591682138, 319.12984873892674, 324.91118120789514, 317.6703083251285, 310.69730597915196, 309.89516138679835, 317.62508065744134, 319.3170736983517, 317.5906793769977, 314.9383207659245, 317.4113909887615, 319.91862874947077, 293.15, 338.15, 297.5270186968313, 293.15], [338.15, 338.15, 328.9894432410854, 325.9820817712726, 323.8170643992491, 326.173375249329, 317.97214036275096, 304.4273781158015, 305.72668847445146, 316.3073795692283, 323.61341065969395, 320.0694761140523, 313.0465641417532, 310.20699405124367, 314.4002737933789, 317.40582554665644, 316.46581769391275, 314.4468759182138, 316.8786973860108, 300.9735206718188, 338.15, 315.87852763861264, 298.9967760800331, 293.15], [338.15, 337.40401731193504, 328.27008109096425, 326.7363184817127, 323.4851068442253, 323.64112376862033, 318.95697273760965, 307.9029577163061, 305.6120009810027, 313.7502365449143, 321.7932069758598, 321.20864291719005, 315.3812234772554, 311.17486086688336, 312.3448550892146, 315.0467199247495, 315.0627536706906, 313.7242449313212, 316.338819523823, 319.98007965435363, 321.3568998659394, 317.65747210864265, 301.25827411918715, 293.15], [338.15, 335.8421265306569, 328.06856892856797, 327.1606872567548, 323.48802055877115, 321.8230800794361, 318.7414201754841, 310.50804764954165, 306.66393037487734, 311.99120796854305, 319.71156680380983, 321.3343032769924, 317.2832606973185, 312.56888592635124, 311.2801686055692, 312.77601290539855, 313.3234963022122, 312.7522660636341, 315.7135918916031, 319.346991405191, 321.1493286555497, 318.8280685201377, 303.94316544590924, 293.15], [338.15, 331.31670015793804, 326.09191604892476, 325.77744196423106, 322.0572803208162, 319.0024086422724, 316.3288925065394, 310.56433728504317, 306.75836256006625, 309.75084566354326, 316.2690362682227, 319.21354642871927, 317.1421590035721, 312.7973434757565, 309.7469704918886, 309.5520711091661, 309.93744428171544, 309.97053958881287, 313.39783935189456, 317.1426654461498, 319.2341356052382, 318.0198300845913, 303.81450630676954, 293.15], [338.15, 322.53067689958897, 320.272377587682, 320.72634451577403, 317.66642323050394, 313.7073305182603, 310.5141521620797, 307.1377408332976, 305.7150057891384, 307.9700072880011, 312.3075595414984, 314.95362249892946, 315.01718717764686, 312.9508356481225, 310.5941924097629, 308.6155081872126, 306.5234795097905, 305.5561843766896, 308.8708306221519, 312.517659543385, 314.7203961438057, 314.7518317552854, 303.1371038495148, 293.15], [338.15, 322.6604818067388, 320.34162781513646, 320.7948073740466, 317.734397075218, 313.77639849093043, 310.58504877314476, 307.20784491744115, 305.7813000277988, 308.0335731784134, 312.3716169685653, 315.01899477281086, 315.08139768731735, 313.0118418079194, 310.6541612757152, 308.6772476665457, 306.58810362800176, 305.6235490285299, 308.9389285683116, 312.585586623813, 314.7879901992824, 314.8182332348383, 303.27149652329297, 293.15], [338.15, 323.2452477342002, 319.64556957455494, 320.39423910223127, 317.5077851367197, 313.1760146912075, 309.71566635014653, 307.067882597239, 306.3512454950237, 308.0716334023789, 311.38528126986427, 313.91922146465123, 314.84613778086026, 313.5086632699582, 310.5938082908324, 307.81472671556946, 305.40757182166067, 304.3785537791837, 307.9257757066419, 311.79497835783735, 314.1470899108092, 314.57500124627677, 304.2022827349398, 293.15], [338.15, 323.5178678216259, 319.0655726635591, 319.8028962211609, 317.1293339019696, 312.60713321969735, 308.8435074245769, 306.5887072504724, 306.58614331673516, 308.19431047320035, 310.65659414952705, 312.77568325874915, 314.236494001542, 313.6714454125455, 310.63261600154004, 307.13844042411966, 304.2527618557605, 303.0723610472616, 306.7500324209987, 310.84267726883667, 313.3673947458428, 314.1084880281178, 304.66628719005143, 293.15], [338.15, 321.31702243085533, 317.5593349345062, 318.0747181236463, 315.5377729184593, 310.95154691777947, 306.90717812469916, 304.80429214049565, 305.43501422354905, 307.25946202726885, 309.1546823661571, 310.7139928805885, 312.38380081760477, 312.52401427817847, 309.68444033088156, 305.68011700262207, 302.2150847750481, 300.7375817927512, 304.43232385634224, 308.70807097396624, 311.41787628638644, 312.42719563918837, 302.50721449949936, 293.15], [338.15, 322.72675062475366, 318.2897097953175, 318.79710994535407, 316.26030193689013, 311.6794753400515, 307.64620048944835, 305.5480133594836, 306.1585651797907, 307.9485892307767, 309.8235289409631, 311.38582735919414, 313.0597844503032, 313.18807210145707, 310.3320555809792, 306.3258476905014, 302.87799782576406, 301.4251653881678, 305.1319378867452, 309.412422039956, 312.1239067939578, 313.1304340297791, 303.97335325286787, 293.15], [338.15, 320.28854787467674, 316.95655626467163, 317.1694848943078, 314.6466941996214, 310.06680172482925, 305.82825419215374, 303.73952006160124, 304.81932764840246, 306.9610056040751, 308.53379922767505, 309.5407259506211, 311.1681540283529, 311.82791644574604, 309.3322455727138, 305.0547216458431, 301.0582686973277, 299.2212508514087, 302.8464208805879, 307.25362218890075, 310.14573639642936, 311.3881112706435, 301.53762082916296, 293.15], [338.15, 330.3287769658472, 325.09906973455924, 324.27153972488287, 320.6476053597437, 318.8618659430398, 315.7068362963255, 307.6796449951453, 304.06187871445775, 309.3733425042507, 316.95005036855866, 318.565075162638, 314.7128342759468, 310.2207699963736, 308.9373677250516, 310.2418827916247, 310.58371212978057, 309.89021725168635, 312.8238086329945, 316.4588231115698, 318.2902128872449, 316.10519553743444, 298.7121424897131, 293.15], [338.15, 337.2405355595906, 327.57941524162703, 325.1837442040972, 323.01661263397784, 325.296764932371, 317.1279226419543, 303.6963207398247, 305.0060056775915, 315.5281615606076, 322.798478301949, 319.30601477699344, 312.3695769280432, 309.57282693786715, 313.71046012888377, 316.6463064610724, 315.66375478654555, 313.6254458085312, 316.05528422021075, 299.2125870958246, 338.15, 315.14547152316806, 297.5806906502179, 293.15], [338.15, 338.15, 329.1235006064121, 324.13878805148573, 324.55103526200134, 328.87120079856106, 314.41375204356507, 300.33869329204396, 307.32292541837137, 318.6919653680434, 324.46243339745274, 317.2699905375029, 310.34354803598023, 309.55312889241674, 317.2325735877493, 318.89378134245345, 317.1485220964029, 314.48936491631616, 316.9619742731348, 318.44188976420196, 293.15, 338.15, 296.7674281971841, 293.15], [338.15, 336.7154061250255, 327.3010295137274, 324.918203463627, 322.7501031949104, 325.0046771040433, 316.846573787574, 303.45280309596774, 304.7663335457766, 315.26926797465336, 322.52765202184764, 319.0521189489171, 312.1444158503325, 309.36191436592173, 313.4808542189247, 316.39328933435917, 315.3964529374983, 313.35176799200946, 315.7814084009161, 298.6272123921145, 338.15, 314.90167324032, 297.1096158033001, 293.15], [338.15, 332.236006744924, 325.50908536282185, 324.07166473227875, 320.8497382703837, 320.82924464483426, 316.1314104494848, 305.3665266259541, 303.23462990164273, 311.2637237574956, 319.16267700331565, 318.64578286684065, 313.0632787396272, 309.04551931312085, 310.1348576010674, 312.6162107588602, 312.4585779487501, 311.03312469531613, 313.63657800654977, 317.2809997972624, 318.6995277716117, 315.17321653265697, 296.4995846418204, 293.15], [338.15, 332.236006744924, 325.50908536282185, 324.07166473227875, 320.8497382703837, 320.82924464483426, 316.1314104494848, 305.3665266259541, 303.23462990164273, 311.2637237574956, 319.16267700331565, 318.64578286684065, 313.0632787396272, 309.04551931312085, 310.1348576010674, 312.6162107588602, 312.4585779487501, 311.03312469531613, 313.63657800654977, 317.2809997972624, 318.6995277716117, 315.17321653265697, 296.4995846418191, 293.15], [338.15, 336.5953160202888, 327.8379244289712, 326.31923788334797, 323.0729423699857, 323.2015581000467, 318.5152563868511, 307.50625889456575, 305.23975204088475, 313.3606955783149, 321.38125257321286, 320.80750371831897, 315.0184056228615, 310.84155005342603, 311.9991434129685, 314.66672192982315, 314.65568362003813, 313.3034531909299, 315.91573390044687, 319.55738292173714, 320.94085505991546, 317.26862984610545, 300.5135241426881, 293.15], [338.15, 333.53646335333843, 326.8270017584073, 325.952820694366, 322.29975757358596, 320.5834749068886, 317.4708632398619, 309.32419193460953, 305.57599152947364, 310.8976295818073, 318.5579457290887, 320.1768850560009, 316.20876588972146, 311.5873091702136, 310.30027563366866, 311.7153774108973, 312.1763457640556, 311.5540998399345, 314.50522953165284, 318.1400821260304, 319.95452458315634, 317.689913641621, 301.75614035409393, 293.15], [338.15, 329.081221812698, 324.87987750756366, 324.58971587986326, 320.89323138732846, 317.81137881512933, 315.101085582347, 309.38279191246437, 305.66727277232377, 308.6872424093291, 315.16460323474803, 318.08714795637934, 316.06838695427433, 311.8108523884261, 308.7917486286096, 308.5449530080462, 308.8479122894791, 308.8197762300379, 312.22388591093755, 315.96634455041203, 318.0661490542804, 316.8925689617571, 301.6277814544045, 293.15], [338.15, 334.11477369373046, 327.13822634642867, 326.2555532799459, 322.5981316549569, 320.8952189812938, 317.7904600293583, 309.62167474442083, 305.84858842617547, 311.1711022310985, 318.84657276189427, 320.4668710871959, 316.4780349224708, 311.8332796890799, 310.5461986047392, 311.982005457883, 312.46494671859296, 311.8553557521613, 314.8080704170479, 318.4421716869988, 320.2537077550096, 317.9751108421386, 302.30440981777446, 293.15], [338.15, 331.13914538136606, 325.994263580464, 325.68140382811566, 321.96722314537556, 318.91392476705926, 316.23828729194105, 310.47475989661535, 306.6698039434624, 309.66032195429955, 316.17579098459635, 319.1215153839781, 317.0549879426366, 312.7172200277399, 309.6721099327843, 309.4764926022479, 309.857449532247, 309.8847325465338, 313.30301154442435, 317.0446297483684, 319.13754888656996, 317.9281026625198, 303.6385534508099, 293.15], [338.15, 326.84487081998907, 323.9295038005951, 324.142992201959, 320.5891030875568, 316.61899756034416, 313.75832095740043, 309.7298119693274, 306.75136714018174, 308.23881996124, 313.21554884413433, 316.62805871762043, 316.27527997964734, 312.8195552306588, 308.75069294111154, 306.886775644025, 306.61467785112893, 306.98243306511336, 310.90089845745774, 314.8644114129095, 317.1797618856151, 316.7819582144173, 303.32423388193956, 293.15], [338.15, 322.9292877474386, 319.4792603051732, 320.22915199979764, 317.34374026955584, 313.0103599357605, 309.5462042375908, 306.89847356266864, 306.18907380102087, 307.9171353638103, 311.23205760826147, 313.76324845893447, 314.6909730437051, 313.3595648355735, 310.4486916666907, 307.6673553950306, 305.2540345641262, 304.2184371144593, 307.7629084877855, 311.6319215076, 313.9845795584282, 314.414544868689, 303.87431312335923, 293.15], [338.15, 322.91058965410457, 318.7490462890752, 319.48873604211497, 316.81652719441695, 312.2923743363845, 308.52285353965385, 306.2662031111556, 306.27388037003846, 307.8969503903693, 310.36551410317344, 312.4814076391237, 313.9414480859367, 313.38459522683814, 310.35415746889754, 306.8591011022166, 303.96388478693984, 302.77146566846346, 306.44274711519546, 310.5337888442642, 313.0588579763245, 313.8026256888116, 304.0349571794699, 293.15], [338.15, 322.1229961592162, 317.97632921551156, 318.4870416564183, 315.95189848871314, 311.3702347751463, 307.3324501836759, 305.23111411601917, 305.8477804020181, 307.65094656340443, 309.5348987255948, 311.097160681078, 312.7695635151864, 312.9029775295568, 310.0551583247841, 306.05112621139125, 302.59672733680986, 301.13287687255473, 304.83151141180855, 309.10884641265636, 311.8200358784153, 312.82843383995294, 303.3446008752334, 293.15], [338.15, 319.6956533675634, 316.6489183454904, 316.8663206504764, 314.34568696867456, 309.765791443558, 305.5240429325234, 303.4317989759526, 304.51455533493044, 306.6667549218455, 308.24967018517975, 309.25950006290077, 310.885906794116, 311.54849408182474, 309.0598122566207, 304.7863636363638, 300.7863636363637, 298.9400626519521, 302.5563688394536, 306.95888190070184, 309.84978161307197, 311.09327564556645, 300.91908107944283, 293.15]]
    "τ_pipe_R" = [[331.19461519774126, 335.5305938694125, 330.11840953493856, 321.84579596414005, 323.17644141519395, 304.23513403577067, 322.3453720932632, 309.7976965901967, 305.11563209536746, 315.48960197669675, 321.43532795011055, 315.1930601361055, 308.5534421388778, 307.8160014659329, 315.83313764874254, 318.0156834107471, 316.572121939133, 313.61913365141595, 314.4101886840059, 300.40248320675744, 292.87849165742125, 322.1135072514351, 314.6073460759879, 296.4430115077994], [324.2048733980783, 330.3791326898704, 330.80122427966535, 326.7720045085746, 323.94014654236094, 320.9619433978834, 320.24839120827966, 313.2369840305512, 307.8293217490917, 308.7577609722548, 313.212853376792, 315.70680546592223, 314.7205302610803, 312.32177429792233, 311.9864145098639, 312.69959031901055, 313.12732291300205, 312.5467399176952, 312.6384006917607, 311.16862766946633, 310.32180876359064, 317.1405860677321, 313.56846168926995, 302.2484765706458], [326.3997528939611, 332.6451354732134, 330.21605966017626, 325.4220757589378, 322.7561547214799, 322.4613587813619, 318.66311437680463, 310.26844429751054, 305.6480573092719, 308.5063023789828, 314.7932061404399, 317.2097060198654, 314.633044205318, 311.12579662016685, 310.98260187385495, 312.61566037400627, 313.3015389025529, 312.48591307335926, 312.7850622776342, 312.46904319743516, 312.1962784895486, 319.11670477382097, 309.4171930467228, 297.6435748294389], [327.89693439767524, 333.2152012362341, 328.7507182331726, 324.45000105804473, 321.89182091411186, 321.09294602655564, 317.94119945311036, 309.6713043013248, 304.4835671513641, 307.8777596778645, 315.043111350582, 317.76679495630844, 314.69888308992927, 310.56094454669295, 309.9215766599283, 311.72536844220735, 312.53710980515126, 311.6787232839461, 312.32062810184823, 310.52263618568355, 318.967173259289, 317.8692657448143, 305.18313816266283, 295.8258321751345], [330.53686033813, 332.8933574346229, 326.6106355842643, 323.4994936303332, 320.9258571929455, 319.8379011452865, 316.7516477405647, 308.21995183229797, 303.3534701514557, 307.90440990700927, 315.663576018888, 317.9001490136145, 314.11347154489204, 309.6980294845382, 309.0937011395157, 311.0379004071259, 311.7130389585854, 310.7147694666902, 311.956969329938, 315.1907726232022, 317.3098185517189, 315.4871961514238, 302.22038081253356, 293.98044004800676], [330.53686033813, 332.8933574346229, 326.6106355842643, 323.4994936303332, 320.9258571929455, 319.8379011452865, 316.7516477405647, 308.21995183229797, 303.3534701514557, 307.90440990700927, 315.663576018888, 317.9001490136145, 314.11347154489204, 309.6980294845382, 309.0937011395157, 311.0379004071259, 311.7130389585854, 310.7147694666902, 311.956969329938, 315.1907726232022, 317.3098185517189, 315.4871961514238, 302.2203808125327, 293.98044004800636], [325.06246019317535, 331.21249055614595, 330.1394839499553, 326.04804991502095, 323.29416529113416, 322.42810240816385, 318.82795194266066, 311.68467119318865, 307.26281012467143, 308.5918367715466, 313.3397556815898, 316.0124318549787, 314.890688010162, 312.2927869303435, 311.5763157294925, 312.1367356068221, 312.3766471654292, 311.7917340498643, 312.19745306884096, 312.29775636940644, 312.53573631045697, 318.5647073804695, 310.87923224210874, 300.0797897847395], [326.05333701095157, 331.92967409255056, 329.2155114656522, 325.20849134205645, 322.5346005529491, 321.1197035715956, 318.112760594078, 311.44712568407044, 306.4258136521929, 307.7166279227898, 313.17015392575775, 316.5683358084689, 315.375160043035, 312.1199099726483, 310.57630315823025, 311.0449682518091, 311.5097407704043, 311.0672815151195, 311.7612576551147, 310.91213782277697, 317.91609444829544, 317.7184157994168, 308.00520476968427, 298.5239451354174], [327.6070392094124, 332.2186716205761, 327.7992043819571, 324.321591864748, 321.7935754603995, 319.8228936528317, 317.10073089755343, 310.8520325045671, 305.62904201247323, 307.10015595637486, 313.1832085984641, 316.9503257199253, 315.54650648750265, 311.7585943009519, 309.62794238158995, 309.9871660234403, 310.6052920189069, 310.2618354760755, 311.3540468417382, 314.2868822733119, 316.7800233882453, 316.3076456765722, 306.6150391207606, 296.7215090158651], [330.3362845703641, 331.65459311405255, 325.72494427930235, 323.4961598127504, 320.8594802758081, 318.49442586621956, 315.8369668762426, 309.5844622218561, 304.6419727708118, 306.94524194933103, 313.6125429461076, 317.1291672968685, 315.1586637146453, 310.99706744677826, 308.6975881835044, 309.10686059332187, 309.7242207733931, 309.36356814194556, 311.0579029452447, 314.3928100438932, 316.7769586637801, 315.9595985914482, 303.9601234093029, 294.6989789857991], [330.3362845703641, 331.6545931140517, 325.72494427930195, 323.4961598127504, 320.8594802758081, 318.49442586621956, 315.8369668762426, 309.5844622218561, 304.6419727708118, 306.94524194933103, 313.6125429461076, 317.1291672968685, 315.1586637146453, 310.99706744677826, 308.6975881835044, 309.10686059332187, 309.7242207733931, 309.36356814194556, 311.0579029452447, 314.3928100438932, 316.7769586637801, 315.9595985914482, 303.9601234093029, 294.6989789857991], [321.3685915095428, 325.5527634417633, 327.4469069847267, 326.11044503051266, 324.01937980228456, 321.3220388504352, 319.55100857169674, 314.7304413818345, 310.5420083420055, 309.409346497605, 310.58036248377516, 311.8841811284039, 312.3124869472525, 312.06617731053007, 312.208307295173, 312.2169536924792, 311.74844471596066, 310.7099196471835, 310.08576765481365, 309.20128098494894, 309.1673115138854, 313.23331576110934, 312.40014321204774, 306.53787884043754], [323.34065104800635, 329.0306911433504, 329.80535219427867, 327.02771554408616, 324.3310050173872, 322.80442918544395, 319.5216725526388, 313.84219958402014, 309.67831184589886, 309.3455313015822, 312.07977444197473, 314.5471521927466, 314.890363348963, 313.66014214289044, 312.7397632875897, 312.2158232178337, 311.65671169645617, 310.9477406253204, 311.2616533688035, 311.977213932583, 312.9877923764061, 317.5708487457207, 312.77697650403337, 304.0403656064031], [324.071707346346, 330.0244859048611, 329.54406404203604, 326.36658873232483, 323.64673205521314, 321.7322378566031, 318.79920396328635, 313.53020271965124, 308.98676588543674, 308.5451452028266, 311.8332402966687, 315.0612551836171, 315.5470494093313, 313.7912052981076, 312.03942708310956, 311.2284438228806, 310.80802952300803, 310.3068602571683, 310.92943513093735, 311.3467523536677, 316.484706813824, 317.272630871071, 311.2258704305501, 302.695920774392], [325.24987671768343, 330.91495410003375, 328.8725383678119, 325.54312978305046, 322.99911580910714, 320.70319000158946, 317.8682672462123, 312.9453816617071, 308.30639962442604, 307.96643986568546, 311.8226117534414, 315.55734225471815, 316.00257494103005, 313.738149150155, 311.32744362758075, 310.2684284823358, 309.98018059980546, 309.6678686353219, 310.67784208507703, 313.39495259093974, 316.1430048572864, 316.7599974649881, 310.5211864589218, 300.94187647280387], [328.3174273761659, 332.08840588177463, 327.3731708016371, 324.5525185644757, 322.12463123363875, 319.47308266385755, 316.7074678358649, 311.5446889362198, 306.8335344665139, 307.54059812737756, 312.7784095544533, 316.74119395405074, 316.2501714821508, 312.90815167280647, 310.06348306760043, 309.37278695814706, 309.57752935627775, 309.46999556914363, 311.08177166004833, 314.30269976448363, 316.9378769165593, 316.8981795241107, 307.91347108345354, 297.35267596270955], [330.24080311674606, 330.84429388916675, 325.1774271801899, 323.6316345815519, 321.12234602953026, 317.89189249226894, 315.1023750752738, 310.49395224087505, 306.23779710706225, 307.0209727937871, 312.23006329236085, 316.2389162676613, 315.88389919611086, 312.4700637847888, 309.11939416345524, 307.9573976576055, 308.0457156555819, 308.1045968181212, 310.3206163576208, 313.8781125949706, 316.4714922101299, 316.39823947955233, 306.10956267383506, 295.6458469407638], [326.4984639799259, 331.1443863186579, 327.708610353421, 324.7779975601534, 322.4619953932816, 319.78142857420977, 316.8475372134962, 312.26533442388086, 307.97887197395517, 307.84074249684363, 311.7895555904258, 315.5611453928329, 316.0464885292578, 313.7042328092321, 310.91761003003046, 309.4553575677463, 308.9921827979148, 308.75398927928677, 310.2289307673541, 313.35006060501917, 316.18284418658965, 316.76642354585726, 309.8169017943429, 299.6282316890135], [327.9388716607662, 330.77862079464444, 326.0272870175479, 323.9098520222827, 321.76028364405323, 318.5278435974525, 315.47246190300996, 311.44424279972554, 307.6147656763618, 307.4680145967566, 311.34039109481364, 315.253647566796, 315.98394242867835, 313.5991549774209, 310.2600164522347, 308.2265474783874, 307.61754214233275, 307.58567375372076, 309.62070486526704, 313.1311688867274, 315.995720701237, 316.5710658607217, 308.861087797475, 298.01725131033857], [329.9580922169853, 329.39176213424577, 323.833884322097, 323.0328447107294, 320.77973604594456, 317.0186621051745, 313.8430047507694, 310.28327579611846, 307.05462341326114, 307.08178297174976, 310.8185061050228, 314.6582586869404, 315.54443189445317, 313.19241562468414, 309.42030925558254, 306.86706227224465, 306.0567069576383, 306.1859707729824, 308.8646369769122, 312.73274966842473, 315.53791695586136, 316.0385381713097, 307.1755036723662, 296.1967781295041], [321.21758607423686, 324.98060695011293, 326.16841924654693, 324.7586896763546, 322.5572308679058, 320.6981892802744, 317.6152775535646, 312.97612550923503, 309.4417728202334, 308.50325835593327, 309.59705176216295, 310.7570334913221, 311.12094651679166, 311.0838515874736, 311.44515410273954, 311.64423116531356, 311.0354950366035, 309.6465158204346, 308.6360646326901, 308.12489609508356, 308.43617375798823, 311.919156137933, 310.05727350327027, 305.496056097728], [321.3880851290018, 325.33003899779084, 326.00079901387255, 324.2091940294573, 321.71496019947256, 319.513201639061, 316.6586365505193, 312.3787013645399, 308.72192138857264, 307.6791252670535, 308.9694469562961, 310.61134815248033, 311.3257120387511, 311.28634695902326, 311.25020194058857, 311.1076355185155, 310.2665128281148, 308.7265915471777, 307.733089773612, 307.0529104140077, 310.16448112993857, 311.51404208066407, 309.3915704230102, 305.1617220653824], [321.6507653903887, 325.62594734001345, 325.63795756480886, 323.40574701365756, 320.7582354463784, 318.3249410203832, 315.51306543460015, 311.5634698421903, 308.01905476972996, 306.9639723319048, 308.3921205764457, 310.3808648800814, 311.42258997928616, 311.453145024142, 311.11005975840715, 310.55523203995523, 309.39525874569625, 307.6772215074707, 306.75020359351595, 307.513224035046, 309.4269533419697, 311.0588172866654, 309.4595836802363, 304.6551239150939], [322.05181473666755, 325.8221532030626, 324.9807885210135, 322.3291916674914, 319.6711896133526, 317.10375186025897, 314.19721494986686, 310.50398021334445, 307.26960601334633, 306.3605885678846, 307.88636354466655, 310.07198404206395, 311.3773131553852, 311.54182302359516, 310.9895429725708, 309.9911460565303, 308.4145618844838, 306.4837729692692, 305.68622982094394, 306.81845795271636, 309.0990957339041, 311.00710050954535, 309.34917550881096, 303.913424141176], [330.62452181503687, 332.2962588510559, 326.6906405006829, 324.7966896632204, 322.2641269822268, 319.04350852815344, 316.28664037058184, 311.6601137491552, 307.3301831676162, 308.0661301913006, 313.2928136436009, 317.3291930551022, 316.94712799239005, 313.45951205882267, 310.06018785434446, 308.92174362770027, 309.0804438067916, 309.20585965092886, 311.45682655923184, 315.0233915736644, 317.61212679317225, 317.50971588124503, 307.89594530735815, 296.3559964874339], [321.57293191297856, 324.9384829798663, 323.5199532402575, 320.43308935242203, 317.9171141622729, 315.34813268842584, 312.193832386814, 308.8454773146652, 306.3035401698613, 305.54289641599536, 306.6498897215292, 308.6271329994668, 310.36683218828546, 311.24449642659977, 310.95602467181845, 309.4620589941095, 307.06646896753693, 304.57218487839964, 303.593065233927, 304.9019750835211, 307.5281896017688, 309.913184480175, 309.0679481700248, 303.79611233573075], [323.60314929848596, 325.9149353359285, 322.90284065797744, 319.7444328423915, 317.4376306327396, 314.733378756883, 311.3592368807713, 307.98813854259373, 305.81190620447416, 305.70330599171643, 307.34613250653183, 309.4319814220017, 310.9969221051049, 311.6036940694279, 310.9693360870133, 309.0938839039169, 306.4078801690042, 303.92980121760047, 303.57953705923507, 305.628963795247, 308.54922682040234, 310.7475478831677, 308.59522616760785, 301.9496353975653], [324.530486594428, 326.5915806056381, 322.1091695923489, 318.76176850470074, 316.82710586591577, 314.0035282978855, 310.3463095658575, 307.0647713180918, 305.37584093038794, 305.7012829216827, 307.41346621700677, 309.37220997432803, 310.94931514445585, 311.6649444907956, 310.8390963095018, 308.4936745317315, 305.42644030083073, 302.8798083705109, 302.9443019698051, 305.5561025574508, 308.73240315983253, 310.899994115157, 308.2167253960384, 300.68870689284694], [325.9861279484115, 326.9541936588508, 320.7554875466597, 317.7855455556164, 316.24975860774805, 313.14068589054995, 309.2051669991587, 306.07252226124956, 304.94779896686083, 305.76793476256296, 307.53839444485584, 309.3040131041422, 310.84982997591675, 311.64400727251746, 310.58587962224993, 307.75302168856246, 304.3373054887001, 301.8018999062591, 302.42488316702816, 305.6272941757067, 308.950365038073, 310.9811778046584, 307.4288368528666, 299.0338566408967], [330.10384505462525, 325.8013707566028, 317.9012019004818, 317.02269821707307, 315.5281463305329, 311.69715362811786, 307.5525885407255, 304.8591606811756, 304.6000528157012, 306.0181884321057, 307.8628825099032, 309.4982291466391, 311.096256584136, 311.7366820849977, 309.9308089174241, 306.3865647429511, 302.80726012553396, 300.7010897575585, 302.63518889316003, 306.63344547389653, 309.79621458722636, 311.3388770445556, 305.2306112675552, 295.93144710560637], [327.63144700485253, 326.58280329417903, 319.2348222560613, 317.06442628358286, 315.6332819316816, 312.18251614564076, 308.06223726409763, 305.10137348571453, 304.5273932643158, 305.8190134286703, 307.60169235993567, 309.09609013445356, 310.55483983540444, 311.42052114152705, 310.1942958325279, 306.9815100678636, 303.2662922366431, 300.7280550687634, 301.88397866973474, 305.53318843946994, 308.8910314870623, 310.7912645662397, 306.2784135651745, 297.4039510426818], [329.72850302430794, 325.13336651359793, 317.17568916102266, 316.2389851074137, 314.65540312196606, 310.83312085253976, 306.56449162559113, 303.8171950413777, 303.85436846870493, 305.62439086376344, 307.3626876860757, 308.5345460230272, 309.92565800230375, 310.88977254602435, 309.4759938295683, 305.8659874033587, 301.85279662584094, 299.34053638425746, 301.11269360273286, 305.17373710382844, 308.49760800917153, 310.25084799959865, 304.26340302374075, 295.6165668385719], [324.04871022256145, 325.88912237956094, 322.47969719138905, 319.52460756722996, 317.321415509303, 314.5437520209046, 311.15183590431656, 307.80934444269667, 305.6614981370877, 305.6223392547823, 307.39467825397844, 309.58039264525763, 311.1298190355356, 311.59694480122727, 310.8083090280619, 308.8896695187598, 306.2648497289531, 303.89641457845784, 303.7246363726672, 305.8909218781056, 308.78385314262516, 310.86197366450847, 308.2739358828668, 301.32644919275634], [324.85196682332554, 326.3720043622466, 321.6796392905109, 318.60414758652365, 316.69371766476905, 313.78727544698677, 310.13858669497256, 306.8960628327176, 305.2263568302951, 305.5843588401215, 307.3767997239773, 309.4044696569501, 310.9687600603687, 311.57407274802415, 310.63227966453263, 308.27815905505815, 305.2805741205375, 302.81814092474303, 303.0084231932375, 305.6696575520123, 308.7927816316552, 310.8722255243802, 307.8356534271406, 300.16917062783386], [325.9588818391441, 326.5913338925377, 320.48199043564904, 317.6465192251283, 316.0541491674783, 312.928197814044, 309.02190809168866, 305.898348800143, 304.7559387367367, 305.57114281949674, 307.373975752992, 309.16526548711187, 310.6917994024524, 311.43466905488356, 310.3590637781533, 307.57158268144735, 304.2017892453375, 301.67786330139614, 302.30460722200644, 305.4684726167341, 308.75303795759083, 310.76878734962565, 307.06606370462174, 298.76903550018966], [327.4892288677069, 326.2408686714851, 318.8409675834391, 316.7494661641482, 315.3360254538512, 311.8859556288031, 307.76349144598754, 304.79942375331996, 304.22664325447033, 305.5262636858082, 307.3186138298842, 308.81781531494136, 310.2769894321531, 311.14463713552345, 309.9239804698116, 306.71576264892144, 302.9992376758052, 300.4537925882928, 301.60118068410566, 305.2446384209336, 308.60013735239954, 310.50066574776974, 305.81206903107386, 297.15323134485305], [329.62229245640697, 324.74827575561403, 316.783329956703, 315.9421700651417, 314.3614419284346, 310.5398581782333, 306.2691488940507, 303.51853311033483, 303.5564819608211, 305.3342958859938, 307.0825837629058, 308.25961477896755, 309.65100619738575, 310.61662383463863, 309.208301963224, 305.60321221568296, 301.5890410693451, 299.0695994166338, 300.8329847391527, 304.88810460235186, 308.2096641501894, 309.96323663160365, 303.76590612556606, 295.4156930421333]]
    "τ_pipe_S" = [[367.58626638007956, 359.89643942440955, 364.24319578372274, 354.20399345305873, 362.79407921426923, 370.8055061602914, 351.29190499202014, 343.15, 354.60141244814815, 359.8041216048035, 361.32425343519844, 348.44255346666813, 343.15, 343.15, 356.0042618427475, 356.47011691776646, 359.5582343088794, 358.500376349238, 359.72543915081746, 360.4279539407689, 356.52079500336805, 346.0013109741331, 344.2086766250689, 343.15], [369.3740477728642, 361.52140298861815, 365.95437123966025, 355.6967847975387, 364.4803949287017, 372.68473944739924, 352.78126441385535, 344.4786149092886, 356.1608445544235, 361.4504209709036, 362.9852709290082, 349.82500223162964, 344.4145661427451, 344.4087435276048, 357.5409931477584, 358.03417968570005, 361.21097269765255, 360.14818440244267, 361.38754040725536, 362.0874617999758, 358.08593078580526, 347.3378935706051, 345.5014808976664, 344.4203887578854], [366.36590693673, 363.370382695176, 363.7075509845131, 358.4002980761569, 360.8085009864372, 369.1158053486939, 358.67113214196223, 346.6118083357428, 351.58998648859705, 358.9504674362862, 361.718279354895, 353.53739693494987, 345.6221517081604, 343.83455244239076, 352.5017718032997, 357.15548934204907, 359.4056499317319, 359.74490104843676, 360.21761606523995, 361.09682959103134, 358.6907705359475, 350.2748340987104, 345.51610661576075, 344.19588958688445], [363.95707726647777, 363.42622301349957, 362.66466587736414, 359.28183982726404, 359.1137395585465, 365.3683134676799, 361.2102101512105, 349.8164394596048, 349.1299699094129, 355.63290433828996, 359.8912883854842, 355.4157553125538, 347.50805221396996, 343.72555072955885, 348.84449058256104, 354.7569256979964, 357.7600893011349, 358.7154043556468, 359.1450447645526, 359.88970223374935, 358.600333382496, 352.2653096039563, 346.3600856139018, 343.92232457792664], [360.9402439315719, 361.532680777604, 360.87272172645856, 358.43530109591484, 357.2133746340204, 361.1928810084711, 360.4950468131217, 351.7301629895905, 347.5982662652797, 351.6273601211324, 356.52631336695276, 355.0094192304774, 348.42691510326364, 343.40915567675694, 345.4984939647038, 350.9798471224964, 354.82221431238634, 356.3967610589534, 357.00021437018637, 357.6446361608992, 357.0631641352479, 352.5368528962941, 346.6510997933362, 343.15], [360.9402439315719, 361.532680777604, 360.87272172645856, 358.43530109591484, 357.2133746340204, 361.1928810084711, 360.4950468131217, 351.7301629895905, 347.5982662652797, 351.6273601211324, 356.52631336695276, 355.0094192304774, 348.42691510326364, 343.40915567675694, 345.4984939647038, 350.9798471224964, 354.82221431238634, 356.3967610589534, 357.00021437018637, 357.6446361608992, 357.0631641352479, 352.5368528962941, 346.6510997933362, 343.15], [366.47967537056456, 363.48005580500313, 363.81730908757277, 358.5024244151218, 360.91467162563816, 369.23483716219795, 358.77738840720195, 346.7023296556803, 351.6865617820083, 359.0556017316802, 361.82606976108985, 353.6336269011397, 345.70718439961666, 343.9167652560528, 352.59620995138573, 357.2574177060896, 359.5121584600392, 359.85300127995345, 360.3256106367714, 361.2048982804586, 358.79479785610533, 350.3669796253096, 345.6013702935264, 344.2793483330063], [364.24084305452516, 363.7081246297378, 362.94305160526324, 359.54738056773425, 359.38024899761484, 365.66040129600776, 361.491559005591, 350.0599571034614, 349.3696420412282, 355.89179792424443, 360.16211466558536, 355.66965114063044, 347.7332132916797, 343.93646330150426, 349.07409649252014, 355.00994282470936, 358.0273911501823, 358.9890821721684, 359.41892058384684, 360.1634200511694, 358.86746785645784, 352.5091078868043, 346.5821811426078, 344.1357354221087], [362.34549884266175, 362.9486378634824, 362.2721890469476, 359.7858103361864, 358.550545868306, 362.6208892274526, 361.9302382291823, 353.01775517721023, 348.80296317561215, 352.8859336463821, 357.8581633393628, 356.3080584149157, 349.60159395946164, 344.4882225924157, 346.6194719475262, 352.21386556682205, 356.1450332241172, 357.7632860473706, 358.36974566835585, 359.0115098193561, 358.4092390655383, 353.7957528777571, 347.798666919601, 344.2339209624935], [359.68763403088144, 360.69911662768953, 360.46270609819646, 358.63517608851896, 357.01124172338046, 359.2255023066766, 360.07047265996243, 354.04328135878166, 348.4255150780947, 349.7369788678875, 354.3136867321958, 354.9287115262747, 350.0764706395833, 344.58440636000967, 344.30100408868805, 348.6055191552609, 352.9473484934169, 355.2538536153236, 356.1874449966311, 356.8224594752067, 356.6538492508811, 353.46883190107155, 348.0824912726481, 343.81957117306973], [359.68763403088144, 360.69911662768953, 360.46270609819646, 358.63517608851896, 357.01124172338046, 359.2255023066766, 360.07047265996243, 354.04328135878166, 348.4255150780947, 349.7369788678875, 354.3136867321958, 354.9287115262747, 350.0764706395833, 344.58440636000967, 344.30100408868805, 348.6055191552609, 352.9473484934169, 355.2538536153236, 356.1874449966311, 356.8224594752067, 356.6538492508811, 353.46883190107155, 348.0824912726481, 343.81957117306973], [369.54416113269986, 361.6760236892437, 366.1171952892068, 355.8388288708063, 364.64085349096416, 372.86355475987267, 352.92298192824154, 344.60503704739733, 356.3092297183506, 361.60707184421113, 363.1433222812363, 349.9565468405832, 344.5348938271841, 344.5285171708011, 357.68721825476257, 358.1830054725221, 361.3682362654346, 360.304978832358, 361.5456948831107, 362.2453695054385, 358.2348586735347, 347.46507386071295, 345.62449553430434, 344.5412704835671], [366.83054035002795, 363.81829069257435, 364.15598587709565, 358.8175646342444, 361.24174523648253, 369.60121542740455, 359.1043665301344, 346.98114033543783, 351.98476220443206, 359.38055791262883, 362.15903768032655, 353.93058254442786, 345.9696073396144, 344.17049161536465, 352.8872800173822, 357.5712282431581, 359.8399145692114, 360.18584602609275, 360.6590284270368, 361.53872443283905, 359.1159805340043, 350.6513387445465, 345.86450560165605, 344.53673740181154], [364.83020028525044, 364.293610135324, 363.5214805486868, 360.09919111158587, 359.9333345353592, 366.2659410669167, 362.07467576995106, 350.5649929580772, 349.8677927212955, 356.4305993466025, 360.7255727123754, 356.19739527679434, 348.2011587354225, 344.374815819486, 349.5507821986405, 355.534641271217, 358.5813930267638, 359.5565124847972, 359.9880498536275, 360.7327644955444, 359.422953162633, 353.01582074776496, 347.0437597037044, 344.57903100079034], [363.27797766530614, 363.88821828119524, 363.2015607926082, 360.68287424698485, 359.4365787336228, 363.56519446368293, 362.87889275048764, 353.86989525820246, 349.6033884045213, 353.7243319419511, 358.74488893685003, 357.1711400819561, 350.38204198649856, 345.2051864170629, 347.3627797766055, 353.03035829345924, 357.0193199836745, 358.66708955456653, 359.27937026408324, 359.92101928537335, 359.30449142355155, 354.6322662097427, 348.56110483151326, 344.953372396592], [361.4026456951292, 362.43679301725416, 362.1906381220437, 360.3164570580021, 358.66339393722274, 360.9471112705255, 361.83449960349884, 355.6878282982459, 349.9396278931106, 351.2612659454441, 355.9215820927258, 356.5405214196377, 351.5724022533579, 345.9509455338497, 345.6639119973051, 350.0790137745335, 354.5399821276919, 356.9177362035718, 357.86886589528945, 358.5037184896672, 358.31816094679255, 355.05355000525805, 349.53981806794144, 345.1795749465733], [358.97723811220425, 360.0604722619774, 360.2435138712009, 358.9533522435001, 357.2568677509651, 358.1750151787656, 359.464721945984, 355.7464282761011, 350.03090913596066, 349.0508787729664, 352.5282395983845, 354.450784320016, 351.43202331791105, 346.17448875206287, 344.1553849922463, 346.90858937168264, 351.21154865311513, 354.18341259367486, 355.5875222745746, 356.32998091404806, 356.4297854179167, 354.2562053253936, 349.62186164821844, 344.9992299637449], [361.7118433097072, 362.7500768308647, 362.5018627100653, 360.61918964358193, 358.961768018593, 361.2588553449301, 362.1540963929949, 355.9853111080575, 350.21222478981207, 351.5347385947348, 356.2102091255311, 356.830507450832, 351.8416712861075, 346.19691605271595, 345.9098349683759, 350.3456418215192, 354.8285830822295, 357.2189921157985, 358.17170678068504, 358.80580805063516, 358.6173441186458, 355.33874720577535, 349.8021424046654, 345.42467076967796], [360.0768920213586, 361.17583533708574, 361.3578999441005, 360.0450401917518, 358.3308595090123, 359.2775611306961, 360.601923655578, 356.8383962602517, 351.03344030709934, 350.02395831793643, 353.53942734823346, 355.48515174761485, 352.41862430627305, 347.0808563913761, 345.0357462964207, 347.8401289658841, 352.2210858958833, 355.24836891017105, 356.666647908061, 357.4082661120052, 357.5011852502061, 355.2917390261569, 350.5861995742128, 345.89617345266873], [357.8259694236251, 358.81092300233786, 359.29314016423143, 358.5066285655958, 356.95273945119357, 356.982633923981, 358.1219573210373, 356.0934483329637, 351.1150035038186, 348.60245632487687, 350.57918520777145, 352.9916950812572, 351.63891634328377, 347.1831915942949, 344.11432930474797, 345.2504120076612, 348.97831421476525, 352.3460694287506, 354.26453482109434, 355.22804777654636, 355.5433982492513, 354.14559457805433, 350.37884967442943, 345.8044851648794], [366.9527405323237, 363.93609203308773, 364.2738787725027, 358.9272601507111, 361.3557840018128, 369.7290680254003, 359.21849674245425, 347.0783699595824, 352.08849553185087, 359.49348510256357, 362.27481757153123, 354.0339446887657, 346.0609423427889, 344.25879775043495, 352.9887170210785, 357.6807100619887, 359.95431574063474, 360.3019571295611, 360.7750273523982, 361.6548032317511, 359.2277181820964, 350.7503137381982, 345.9560887102862, 344.62638154690984], [365.0936257755013, 364.5553050773783, 363.77993164025656, 360.34571813490925, 360.1807007628864, 366.5370116129661, 362.3357767263874, 350.79101447943833, 350.0903248380879, 356.6710159328648, 360.9770470233304, 356.43311247768946, 348.41020050538964, 344.57063041488027, 349.76391015701563, 355.769461910293, 358.8294540575496, 359.81051228185055, 360.2423337496476, 360.98692269473304, 359.6709800842557, 353.2421640022497, 347.2499556628542, 344.77714477316744], [363.7116537755743, 364.3251971926116, 363.6337174546013, 361.09995484534886, 359.848743207862, 364.0047601322574, 363.3206091012466, 354.26659407994333, 349.97563734463967, 354.11387290855146, 359.15684333949673, 357.5722792808268, 350.7448598408922, 345.5384972305203, 347.70849145285104, 353.4103562883858, 357.42639003432714, 359.0878812949585, 359.7024558874597, 360.3437160179907, 359.72053622957554, 355.02110847227925, 348.915555620724, 345.28791455712536], [362.6353844249343, 363.6858229975976, 363.43220529220446, 361.52432362039093, 359.8516569224079, 362.18671644307295, 363.105056539121, 356.871684013178, 351.0275667385143, 352.3548443321799, 357.07520316744694, 357.69793964062916, 352.646897060955, 346.93252228998733, 346.64380496920563, 351.13964926903475, 355.6871326658485, 358.1159024272714, 359.0772282552397, 359.71062776882786, 359.5129650191859, 356.19170488377483, 350.5866104448618, 346.15691727362537], [360.17176862762284, 361.27206730828834, 361.45555241256204, 360.14107832786715, 358.4209166844529, 359.3660450059093, 360.6925288701763, 356.92797364867954, 351.12199892370325, 350.11448202718014, 353.6326726318598, 355.57718279235604, 352.5057953672085, 347.16097983939267, 345.110606855525, 347.9157074728023, 352.30108064535176, 355.33417595245015, 356.76147571553116, 357.50630180978663, 357.5977719688744, 355.38346644822843, 350.67138483463685, 345.973974248842], [361.70712375088647, 362.82935583098674, 363.0110166735418, 361.6648579466644, 359.9213702526248, 360.90726624667593, 362.28211974070996, 358.4534854423979, 352.5208104542206, 351.4712822286655, 355.04315900631286, 357.0209492514389, 353.88285480087274, 348.4260136377571, 346.3402502953576, 349.21771348856646, 353.71243231694217, 356.82243505555425, 358.2672229484184, 359.0104508527188, 359.0927806589822, 356.8288532190712, 352.0173589142108, 347.22630995140275], [356.94859855992024, 355.3785661579766, 355.70526417877346, 355.15844373768334, 354.0980334388541, 354.1400348545677, 354.9486851367808, 353.57148128107787, 350.1449363914349, 348.39720954205075, 349.7352533322017, 351.3826311364469, 350.44503405095435, 347.3754781715561, 346.0177976393522, 347.0408840301824, 348.9517399916385, 350.9871853921663, 352.30256493194855, 352.9492229874503, 353.151626562919, 352.1818695984746, 349.5855234939577, 346.43927558358655], [357.71078631703324, 355.3100282936264, 355.0092059381918, 354.7578754658681, 353.87142150035646, 353.53965105484417, 354.0793027137827, 353.4315189608752, 350.7148818586601, 348.4352697660154, 348.7489176335004, 350.28285782828755, 350.20977414449635, 347.8722996335954, 345.9574446544688, 346.17836307920555, 347.7712081852977, 349.74219014281994, 351.28941207027805, 352.158614721474, 352.5107262744457, 351.9386376099132, 349.9034369657651, 346.9645950748776], [357.9029894373517, 355.4179028493502, 354.4292090271963, 354.166532584797, 353.4929702656065, 352.9707695833342, 353.20714378821384, 352.9523436141087, 350.9497796803721, 348.5579468368372, 348.02023051316417, 349.1393196223859, 349.6001303651784, 348.0350817761816, 345.9962523651765, 345.50207678775587, 346.6163982193968, 348.4359974108989, 350.1136687846353, 351.20631363247355, 351.731031109479, 351.47212439175485, 349.94192286064776, 347.3293252693601], [356.5636014454907, 354.3651043087476, 352.92297129814324, 352.43835448728316, 351.9014092820965, 351.31518328141595, 351.27081448833616, 351.1679285041317, 349.79865058718605, 347.62309839090534, 346.5183187297932, 347.07762924422565, 347.74743718124176, 346.88765064181536, 345.0480766945186, 344.0437533662583, 344.5787211386849, 346.10121815638837, 347.7959602199792, 349.07170733760273, 349.78151265002265, 349.79083200282446, 348.71994721613044, 346.52609922990115], [357.33512682868985, 355.11352503133224, 353.6533461589539, 353.16074630899016, 352.6239383005269, 352.0431117036884, 352.00983685308523, 351.91164972312, 350.5222015434276, 348.3122255944136, 347.1871653046002, 347.7494637228309, 348.4234208139397, 347.5517084650932, 345.69569194461565, 344.6894840541376, 345.2416341894003, 346.78880175180507, 348.4955742503818, 349.77605840359286, 350.4875431575941, 350.49407039341617, 349.40904130300527, 347.19213751546766], [355.8095123868452, 353.98299180283624, 352.32019262830886, 351.53312125794383, 351.01033056325815, 350.43043808846613, 350.19189055579074, 350.10315642523756, 349.1829640120387, 347.32464196771167, 345.89743559131205, 345.90436231425724, 346.53179039198983, 346.1915528093824, 344.6958819363508, 343.41835800947973, 343.4219050609642, 344.5848872150451, 346.21005724422474, 347.6172585525376, 348.5093727600657, 348.75174763428043, 348.0562076536762, 346.2639385660026], [356.87789364767065, 355.30936546132693, 355.63601395131843, 355.0899808794102, 354.0300595941407, 354.07096688189716, 354.87778852571665, 353.5013771969339, 350.07864215277533, 348.33364365163794, 349.6711959051355, 351.3172588625663, 350.38082354128335, 347.31447201175865, 345.95782877339934, 346.9791445508488, 348.8871158734268, 350.9198207403269, 352.2344669857885, 352.8812959070218, 353.0840325074419, 352.11546811892254, 349.5218729917726, 346.3786394365079], [357.5376522624768, 355.14246892505633, 354.8428966688096, 354.5927883634347, 353.70737663319267, 353.3739962993974, 353.90984060122776, 353.26210992630496, 350.55271016465787, 348.2807717274472, 348.5956939718986, 350.1268848225713, 350.05460940734156, 347.72320119920965, 345.81232803032714, 346.0309917586668, 347.61767092776245, 349.58207347809656, 351.1265448514221, 351.9955578712369, 352.3482159220644, 351.7781812323261, 349.7483449951822, 346.8164142397372], [357.57003338709865, 355.0960155820462, 354.11268265271224, 353.852372405751, 353.18016355805366, 352.65601070002083, 352.8864899032901, 352.62983947479285, 350.63751673367506, 348.260586754006, 347.72915046681, 348.84504400276035, 349.3050844495734, 347.7482315904742, 345.71779383253465, 345.2227374658534, 346.3275211505768, 348.13510203210024, 349.80638347883183, 350.89742520790116, 351.42249433996113, 351.1662620524481, 349.64412969982004, 347.0434365409982], [357.0047000858623, 354.79299348821854, 353.33996557914867, 352.8506780200549, 352.3155348523499, 351.7338711387832, 351.69608654731303, 351.5947504796556, 350.2114167656552, 348.0145829270408, 346.89853508923176, 347.4607970447148, 348.1331998788225, 347.266613893193, 345.4187946884214, 344.4147625750282, 344.96036370044663, 346.49651323619156, 348.1951477754448, 349.47248277629336, 350.18367224205167, 350.19207020358937, 349.1132148644616, 346.90677242481695], [355.4858808579962, 353.6674957490223, 352.0125547091276, 351.2299570141135, 350.7093233323114, 350.1294278071949, 349.88767929616034, 349.79543533958895, 348.8781916985674, 347.0303912854824, 345.61330654881687, 345.62313642653754, 346.24954315775244, 345.9121304454609, 344.42344862025715, 343.15, 343.15, 344.30369901558936, 345.9200052030902, 347.32251826433867, 348.2134179767082, 348.45691200920356, 347.7659894674865, 345.98252008297703]]
    "τ_src" = [[373.15, 356.31056716983215, 371.4117524700161, 348.39367885356097, 373.15, 373.15, 343.15, 345.63633005668447, 362.0022280739538, 361.7859035826127, 364.2018066362392, 343.15, 345.5164711176969, 344.3223392916678, 364.7210159503447, 355.2716075127673, 364.79443271308696, 358.4370066914554, 363.4800617760943, 362.0074532129766, 356.70641401698407, 343.15, 347.1573300438071, 343.52370236297406], [343.15, 343.15, 343.15, 343.15, 343.15, 343.15, 343.15, 343.15, 343.15, 343.15, 343.15, 343.15, 343.15, 343.15, 346.48296069877176, 345.82662544854514, 343.15, 343.15, 343.15, 343.15, 343.15, 343.15, 343.15, 343.15]]

[scenarios.train_001236]
case_sha256 = "dfe7d80eddfa3837b0b9012cc29ba9532f765db7cc71ba1cddc8c2ccb201feca"
run_id = "r5-risk-3a0e6d71-402f-4772-88ea-362453d485c6/train_001236"
schema = "r5-dispatch-result-v1"
solver_objective = 372343.7319760838
status = "embedded_risk_policy"
version = "r5_dispatch_checked_v1"

    [scenarios.train_001236.values]
    H_D = [[0.05842424242424471, 0.1460606060606071, 0.22903962821718826, 0.06345953945020155, 0.1460606060606071, 0.16212727272727157, 0.17819393939394068, 0.18622727272727557, 0.17819393939394068, 0.16212727272727157, 0.15007727272727434, 0.1460606060606069, 0.1420439393939399, 0.13802727272727178, 0.14204393939393967, 0.15409393939394223, 0.17016060606060623, 0.18221060606060813, 0.17417727272727368, 0.16212727272727157, 0.15409393939394156, 0.22800881714586385, 0.13464345254741694, 0.20083333333333542], [0.05842424242424471, 0.14606060606060822, 0.23471618488925028, 0.058593919445578235, 0.146060606060608, 0.16212727272727379, 0.17819393939393935, 0.18622727272727246, 0.17819393939393935, 0.162127272727274, 0.15007727272727167, 0.14606060606060822, 0.14204393939393922, 0.13802727272727489, 0.14204393939393922, 0.1540939393939409, 0.17016060606060668, 0.1822106060606088, 0.17417727272727568, 0.16212727272727379, 0.15409393939394134, 0.23371032331294317, 0.12380326438758615, 0.20593606151084032], [0.06841409892225059, 0.13749787191945506, 0.1420439393939421, 0.13802727272727378, 0.14606060606060578, 0.16212727272727379, 0.178193939393942, 0.18622727272727357, 0.178193939393942, 0.16212727272727356, 0.15007727272727345, 0.14606060606060534, 0.1420439393939419, 0.13802727272727378, 0.1420439393939419, 0.154093939393942, 0.17016060606060557, 0.18221060606061057, 0.17417727272727346, 0.16212727272727356, 0.15409393939394223, 0.15007727272727345, 0.19677800163441228, 0.2048309769540566], [0.07761315451669759, 0.12961296712422143, 0.1420439393939399, 0.13802727272727533, 0.14606060606060756, 0.1621272727272749, 0.1781939393939398, 0.1862272727272729, 0.1781939393939418, 0.16212727272727445, 0.15007727272727567, 0.14606060606060667, 0.1420439393939401, 0.13802727272727178, 0.142043939393939, 0.15409393939393823, 0.17016060606060557, 0.18221060606060946, 0.17417727272727368, 0.16212727272727467, 0.15409393939394178, 0.15007727272727567, 0.19402564218698792, 0.20719014219470822], [0.07379722762173668, 0.13288376160561932, 0.04654613358071602, 0.03814368271005719, 0.027834852659718745, 0.023001557843041587, 0.14721078591808956, 0.18622727272727269, 0.1781939393939418, 0.16212727272727467, 0.06605238779578704, 0.08046303452222325, 0.06734265731620392, 0.040697915693233666, 0.023651558701092146, 0.15409393939393867, 0.170160606060606, 0.1822106060606099, 0.17417727272727368, 0.16212727272727467, 0.1540939393939389, 0.15007727272727567, 0.19789276958931779, 0.2038754615641385], [0.05842424242424471, 0.14606060606060778, 0.23525632818175612, 0.05813093948057335, 0.14606060606060778, 0.16212727272727467, 0.17819393939394157, 0.18622727272727246, 0.17819393939394135, 0.16212727272727467, 0.15007727272727567, 0.14606060606060756, 0.14204393939393967, 0.13802727272727178, 0.14204393939393967, 0.1540939393939389, 0.1701606060606058, 0.1822106060606099, 0.17417727272727368, 0.16212727272727467, 0.15409393939393867, 0.23425284063308083, 0.12277178434391045, 0.2064216031089927], [0.07002956820133832, 0.1361131839659533, 0.14204393939394389, 0.13802727272727644, 0.146060606060606, 0.1621272727272729, 0.17819393939394312, 0.18622727272727224, 0.17819393939393935, 0.16212727272727268, 0.15007727272727323, 0.14606060606060645, 0.14204393939394389, 0.13802727272727622, 0.14204393939394033, 0.15409393939393912, 0.17016060606060823, 0.18221060606060813, 0.174177272727277, 0.162127272727276, 0.15409393939393845, 0.15007727272727434, 0.19518207550848454, 0.2061989136334219], [0.07724669886640356, 0.12992707196733355, 0.14204393939393967, 0.13802727272727155, 0.14606060606060778, 0.1621272727272749, 0.17819393939394157, 0.18622727272727269, 0.17819393939394157, 0.16212727272727467, 0.15007727272727567, 0.14606060606060756, 0.14204393939393967, 0.13802727272727155, 0.14204393939393967, 0.15409393939393867, 0.1701606060606058, 0.18221060606060946, 0.17417727272727368, 0.16212727272727467, 0.15409393939393867, 0.15007727272727567, 0.1930017223096494, 0.20806778780385926], [0.07045444216594987, 0.13574900628200326, 0.14204393939394144, 0.13802727272727355, 0.146060606060606, 0.16212727272727312, 0.17819393939393935, 0.18622727272727424, 0.1781939393939418, 0.16212727272727445, 0.15007727272727145, 0.14606060606060978, 0.14204393939394167, 0.138027272727274, 0.14204393939394255, 0.15409393939394178, 0.1701606060606089, 0.18221060606060702, 0.1741772727272739, 0.16212727272727512, 0.15409393939393956, 0.15007727272727234, 0.19476234146023264, 0.20655868567478564], [0.07820830070462392, 0.12910284182028708, 0.1420439393939401, 0.13802727272727333, 0.14606060606060955, 0.16212727272727578, 0.17819393939393935, 0.18622727272727446, 0.17819393939393935, 0.16212727272727268, 0.15007727272727278, 0.1460606060606089, 0.14204393939393967, 0.13802727272727355, 0.14204393939394078, 0.15409393939394023, 0.17016060606060757, 0.18221060606060768, 0.17417727272727457, 0.16212727272727157, 0.15409393939394245, 0.15007727272727545, 0.1920677159073123, 0.20886836472014636], [0.0827629167353976, 0.1251988852224757, 0.14204393939394255, 0.138027272727272, 0.1460606060606069, 0.16212727272727578, 0.17819393939394157, 0.18622727272727646, 0.1781939393939418, 0.16212727272727556, 0.15007727272727522, 0.14606060606060733, 0.14204393939394144, 0.13802727272727577, 0.14204393939393967, 0.1540939393939389, 0.17016060606060757, 0.18221060606060968, 0.17417727272727412, 0.162127272727276, 0.15409393939393867, 0.15007727272727367, 0.1890461985551386, 0.21145823673629138], [0.08514776136923885, 0.12315473267918886, 0.14204393939393967, 0.13802727272727155, 0.14606060606060756, 0.16212727272727445, 0.17819393939394157, 0.1862272727272729, 0.17819393939394157, 0.1621272727272749, 0.15007727272727567, 0.146060606060608, 0.14204393939393967, 0.13802727272727155, 0.14204393939393967, 0.1540939393939389, 0.1701606060606058, 0.18221060606060968, 0.17417727272727368, 0.1621272727272749, 0.15409393939393867, 0.15007727272727567, 0.18692385901371456, 0.21327738491465098], [0.07987936337009671, 0.06697727108953999, 0.05374992390937727, 0.044030251593262903, 0.0342090370891619, 0.07236520451554163, 0.17819393939394157, 0.18622727272727269, 0.1781939393939418, 0.16212727272727467, 0.061173174837675814, 0.07919475556112987, 0.07518138593337054, 0.052768559390824255, 0.03225620642088556, 0.15409393939393867, 0.1701606060606058, 0.1822106060606099, 0.17417727272727368, 0.16212727272727467, 0.15409393939393867, 0.1500772727272759, 0.19210548951011752, 0.20883598734631015], [0.07140399492145377, 0.13493510392014452, 0.14204393939393967, 0.138027272727272, 0.14606060606060778, 0.16212727272727467, 0.1781939393939418, 0.18622727272727246, 0.17819393939394157, 0.1621272727272749, 0.15007727272727567, 0.14606060606060778, 0.14204393939393967, 0.13802727272727178, 0.14204393939393967, 0.1540939393939389, 0.1701606060606058, 0.18221060606060968, 0.17417727272727368, 0.1621272727272749, 0.15409393939393867, 0.1500772727272759, 0.19267481627002692, 0.20834799298067708], [0.07168432988972384, 0.1346948168044808, 0.1420439393939419, 0.13802727272727422, 0.1460606060606049, 0.16212727272727667, 0.17819393939393824, 0.18622727272727402, 0.17819393939393824, 0.16212727272727645, 0.15007727272727278, 0.1460606060606049, 0.1420439393939419, 0.13802727272727378, 0.1420439393939421, 0.15409393939394067, 0.17016060606060734, 0.18221060606060613, 0.174177272727275, 0.16212727272727645, 0.15409393939394045, 0.15007727272727278, 0.19239677032672398, 0.2085863180749321], [0.07604097917344177, 0.13096054598986884, 0.14204393939394167, 0.13802727272727444, 0.14606060606060778, 0.16212727272727379, 0.1781939393939389, 0.18622727272727224, 0.17819393939393957, 0.16212727272727334, 0.1500772727272719, 0.14606060606060556, 0.14204393939393833, 0.138027272727276, 0.14204393939393967, 0.154093939393938, 0.17016060606060868, 0.18221060606060546, 0.17417727272727213, 0.16212727272727423, 0.15409393939393978, 0.150077272727273, 0.19132509497874972, 0.2095048969446225], [0.07767171604180945, 0.1295627715312644, 0.14204393939394255, 0.13802727272727178, 0.14606060606060822, 0.16212727272727445, 0.1781939393939418, 0.18622727272727246, 0.1781939393939418, 0.16212727272727467, 0.1500772727272759, 0.14606060606060756, 0.14204393939393967, 0.13802727272727155, 0.14204393939393944, 0.1540939393939389, 0.17016060606060557, 0.18221060606060968, 0.17417727272727368, 0.1621272727272749, 0.1540939393939389, 0.15007727272727567, 0.1911501692710642, 0.20965483326549972], [0.07287696977680724, 0.13367255404412548, 0.1420439393939421, 0.13802727272727489, 0.1460606060606089, 0.16212727272727312, 0.17819393939394224, 0.18622727272727135, 0.178193939393942, 0.16212727272727334, 0.15007727272727167, 0.1460606060606091, 0.1420439393939421, 0.1380272727272751, 0.14204393939394255, 0.1540939393939389, 0.17016060606060757, 0.18221060606060946, 0.1741772727272748, 0.16212727272727312, 0.1540939393939389, 0.15007727272727167, 0.19677366736571056, 0.2048346920415156], [0.07596453452606156, 0.13102606997333743, 0.14204393939393967, 0.13802727272727155, 0.14606060606060756, 0.16212727272727467, 0.1781939393939418, 0.18622727272727269, 0.1781939393939418, 0.1621272727272749, 0.1500772727272759, 0.14606060606060756, 0.14204393939393967, 0.13802727272727155, 0.1420439393939399, 0.15409393939393845, 0.17016060606060557, 0.18221060606060968, 0.17417727272727368, 0.16212727272727467, 0.15409393939393912, 0.1500772727272759, 0.1938601803701201, 0.2073319666091642], [0.07022069075576809, 0.13594936463358764, 0.14204393939394278, 0.1380272727272711, 0.146060606060608, 0.16212727272727445, 0.1781939393939418, 0.18622727272727246, 0.17819393939393913, 0.16212727272727334, 0.15007727272727567, 0.1460606060606051, 0.1420439393939419, 0.13802727272727267, 0.14204393939394167, 0.15409393939394045, 0.1701606060606069, 0.18221060606060613, 0.17417727272727457, 0.16212727272727467, 0.15409393939393912, 0.15007727272727478, 0.20018254671430769, 0.20191279545700525], [0.07379722762173668, 0.13288376160561444, 0.04654613358071602, 0.03814368271005719, 0.027834852659718745, 0.08215361728762383, 0.1781939393939418, 0.18622727272727269, 0.1781939393939418, 0.16212727272727467, 0.06605238779578704, 0.08046303452222325, 0.06734265731620392, 0.040697915693233666, 0.023651558701092146, 0.15409393939393867, 0.170160606060606, 0.1822106060606099, 0.17417727272727368, 0.16212727272727467, 0.1540939393939389, 0.15007727272727567, 0.19789276958931779, 0.2038754615641385], [0.07509532393342866, 0.13177110762416322, 0.142043939393939, 0.13802727272727577, 0.14606060606060867, 0.1621272727272749, 0.1781939393939409, 0.1862272727272738, 0.1781939393939409, 0.16212727272727467, 0.15007727272727256, 0.14606060606060867, 0.14204393939393967, 0.13802727272727555, 0.14204393939393944, 0.15409393939394178, 0.17016060606060757, 0.18221060606060968, 0.1741772727272719, 0.16212727272727445, 0.15409393939394156, 0.15007727272727278, 0.1950916354502723, 0.20627643368332116], [0.06880965680623419, 0.1371588223046203, 0.1420439393939399, 0.13802727272727178, 0.14606060606060778, 0.16212727272727467, 0.17819393939394157, 0.1862272727272729, 0.1781939393939418, 0.16212727272727467, 0.15007727272727567, 0.14606060606060778, 0.1420439393939399, 0.13802727272727155, 0.14204393939393967, 0.1540939393939389, 0.1701606060606058, 0.18221060606060968, 0.17417727272727368, 0.16212727272727445, 0.1540939393939389, 0.15007727272727567, 0.19638722901525862, 0.20516592491333085], [0.07405947237953825, 0.13265898038464075, 0.14204393939394055, 0.13802727272727533, 0.1460606060606051, 0.162127272727274, 0.17819393939394002, 0.18622727272727557, 0.17819393939393935, 0.16212727272727356, 0.15007727272727345, 0.14606060606060733, 0.14204393939394389, 0.13802727272727577, 0.14204393939393922, 0.1540939393939431, 0.1701606060606069, 0.18221060606061013, 0.174177272727273, 0.16212727272727578, 0.1540939393939409, 0.15007727272727278, 0.19609775982802158, 0.20541404135953556], [0.07231600375112279, 0.1341533820661429, 0.14204393939394078, 0.13802727272727155, 0.14606060606060778, 0.16212727272727467, 0.17819393939394157, 0.1862272727272729, 0.17819393939394157, 0.16212727272727467, 0.15007727272727567, 0.14606060606060778, 0.14204393939393967, 0.13802727272727155, 0.14204393939393967, 0.15409393939393867, 0.17016060606060557, 0.1822106060606099, 0.17417727272727368, 0.16212727272727467, 0.15409393939393867, 0.1500772727272759, 0.19914648255312595, 0.20280085045230578], [0.0723160037511188, 0.1341533820661429, 0.04554253655242513, 0.03759210346822117, 0.02603847360346201, 0.0245858477430263, 0.16957398820989322, 0.1862272727272729, 0.17819393939394157, 0.16212727272727467, 0.07750248286449746, 0.08563679252629686, 0.06171603605918641, 0.03336804859111542, 0.021799122622846667, 0.15409393939393867, 0.17016060606060557, 0.1822106060606099, 0.17417727272727368, 0.16212727272727467, 0.15409393939393867, 0.1500772727272759, 0.19914648255313083, 0.20280085045230334], [0.08112816155938773, 0.1266001039447724, 0.14204393939394233, 0.13802727272727489, 0.1460606060606091, 0.16212727272727223, 0.17819393939394024, 0.18622727272727402, 0.17819393939394024, 0.16212727272727245, 0.1500772727272761, 0.1460606060606091, 0.1420439393939421, 0.1380272727272751, 0.14204393939394233, 0.15409393939393823, 0.17016060606060623, 0.18221060606060702, 0.17417727272727324, 0.162127272727272, 0.154093939393938, 0.1500772727272759, 0.1906266972172317, 0.21010352359735407], [0.08040100852926813, 0.12722337797058825, 0.14204393939393967, 0.13802727272727178, 0.14606060606060778, 0.16212727272727445, 0.1781939393939418, 0.18622727272727246, 0.1781939393939418, 0.1621272727272749, 0.15007727272727567, 0.14606060606060778, 0.14204393939393967, 0.138027272727272, 0.14204393939393967, 0.15409393939393867, 0.1701606060606058, 0.18221060606060968, 0.17417727272727368, 0.16212727272727445, 0.15409393939393867, 0.15007727272727567, 0.19151042092900616, 0.20934604613011842], [0.07521431810824808, 0.13166911261717917, 0.14204393939394278, 0.13802727272727422, 0.14606060606060733, 0.16212727272727223, 0.178193939393942, 0.18622727272727446, 0.17819393939394157, 0.16212727272727645, 0.150077272727273, 0.1460606060606071, 0.14204393939394078, 0.13802727272727422, 0.142043939393941, 0.15409393939393978, 0.17016060606060468, 0.18221060606060835, 0.17417727272727546, 0.16212727272727134, 0.15409393939393934, 0.150077272727273, 0.1966128105414653, 0.20497256931944108], [0.08159159711030384, 0.12620287347255088, 0.14204393939394055, 0.13802727272727133, 0.1460606060606049, 0.16212727272727245, 0.17819393939394024, 0.18622727272727446, 0.17819393939394024, 0.16212727272727245, 0.15007727272727456, 0.14606060606060534, 0.14204393939394055, 0.13802727272727155, 0.14204393939394078, 0.1540939393939389, 0.17016060606060668, 0.18221060606060946, 0.17417727272727568, 0.16212727272727268, 0.1540939393939389, 0.15007727272727434, 0.19036021242928047, 0.21033193912988324], [0.07950883816643284, 0.12798809542444833, 0.1420439393939399, 0.13802727272727155, 0.14606060606060778, 0.16212727272727467, 0.1781939393939418, 0.18622727272727246, 0.1781939393939418, 0.16212727272727445, 0.1500772727272759, 0.14606060606060778, 0.14204393939393967, 0.13802727272727178, 0.14204393939393967, 0.15409393939393867, 0.1701606060606058, 0.18221060606060968, 0.17417727272727368, 0.16212727272727467, 0.15409393939393867, 0.15007727272727567, 0.1924652722668445, 0.2085276021262601], [0.07346929340274144, 0.13316484807903994, 0.14204393939393922, 0.1380272727272751, 0.14606060606060756, 0.16212727272727467, 0.1781939393939418, 0.18622727272727269, 0.1781939393939418, 0.16212727272727467, 0.1500772727272759, 0.14606060606060778, 0.1420439393939399, 0.138027272727272, 0.14204393939393967, 0.15409393939393867, 0.17016060606060557, 0.18221060606060968, 0.17417727272727368, 0.1621272727272749, 0.15409393939393867, 0.15007727272727567, 0.19869784271303148, 0.2031853988866672], [0.07535142795227046, 0.13155158989372318, 0.14204393939393944, 0.13802727272727555, 0.14606060606060756, 0.16212727272727467, 0.17819393939394135, 0.1862272727272729, 0.1781939393939418, 0.1621272727272749, 0.1500772727272759, 0.14606060606060756, 0.14204393939393967, 0.138027272727272, 0.14204393939393967, 0.1540939393939389, 0.1701606060606058, 0.18221060606060968, 0.17417727272727368, 0.16212727272727467, 0.15409393939393867, 0.15007727272727567, 0.19200147051464156, 0.20892514648529215], [0.07634177847936385, 0.13070271801336242, 0.1420439393939421, 0.1380272727272711, 0.14606060606060778, 0.16212727272727268, 0.17819393939393868, 0.18622727272727602, 0.17819393939394068, 0.16212727272727423, 0.15007727272727367, 0.14606060606060733, 0.14204393939394078, 0.13802727272727133, 0.14204393939394255, 0.15409393939394134, 0.17016060606060845, 0.18221060606060746, 0.1741772727272728, 0.16212727272727512, 0.15409393939394045, 0.15007727272727323, 0.19244848367495337, 0.20854199234787174], [0.0746422008924803, 0.1321594988021213, 0.14204393939394233, 0.138027272727274, 0.14606060606060756, 0.16212727272727467, 0.17819393939394246, 0.1862272727272729, 0.17819393939394246, 0.16212727272727268, 0.15007727272727478, 0.14606060606060778, 0.1420439393939379, 0.138027272727272, 0.142043939393943, 0.15409393939394178, 0.17016060606060734, 0.1822106060606079, 0.17417727272727213, 0.16212727272727534, 0.15409393939393912, 0.15007727272727278, 0.19603666769505024, 0.20546640604494115], [0.06892394068144725, 0.1370608646972915, 0.1420439393939399, 0.13802727272727577, 0.14606060606060778, 0.1621272727272749, 0.1781939393939418, 0.1862272727272729, 0.17819393939394157, 0.16212727272727467, 0.15007727272727567, 0.14606060606060778, 0.1420439393939399, 0.13802727272727155, 0.14204393939393967, 0.1540939393939389, 0.17016060606060557, 0.18221060606060968, 0.17417727272727368, 0.16212727272727467, 0.15409393939393867, 0.15007727272727567, 0.20144191919192211, 0.20083333333333542]]
    P_DER = [[3.7800482941823903, 3.9633232738593556, 3.5205178908992885, 3.0, 3.0, 5.698801449062256, 3.9815098220259864, 5.648997262635341, 8.5, 8.5, 8.5, 4.78950053753997, 3.0, 3.7630009188505453, 3.5715793234595714, 4.4255207983884635, 7.748409980992275, 5.635661152404337, 7.075127529723394, 6.340582014487217, 7.964028615152522, 7.440290818888657, 6.20480540882229, 7.205315512748065], [0.24962648443043456, 1.0869565217391304, 1.0869565217391304, 1.0869565217391304, 1.0869565217391304, 0.7505663624904715, 1.0869565217391304, 1.0360563554410318, 0.0, 0.8943514540241506, 1.0869565217391304, 1.0869565217391304, 1.0869565217391304, 1.0869565217391304, 1.0869565217391304, 1.0869565217391304, 0.0, 0.0, 0.0, 0.0, 0.0, 0.0, 0.0, 0.0], [0.31200520981858804, 0.29380131227616024, 0.369049449562037, 0.9036710187367601, 0.921707186048465, 0.48811159519954006, 1.0356749753436423, 1.0803093084514264, 0.8540010068920111, 0.610458732230331, 0.8575323376533927, 0.5171433912820418, 0.9448714064718716, 0.8904841533795553, 0.869326975391162, 0.6097325388413835, 0.5100038749197111, 0.700179609107359, 0.654569022335093, 0.8196968707224975, 0.6303385069430936, 0.8859795368455055, 0.6475744880504684, 0.7264672317250482], [0.0, 0.0, 0.0, 0.0, 0.0, 0.0, 0.07125568722175842, 0.30429373241868807, 0.5743282587923214, 1.029195535793228, 1.391739493394833, 1.5938467769986064, 1.7700306789324018, 1.743119049316109, 1.4166711411332895, 0.9426799219351059, 0.5588623292606703, 0.18107851854740797, 0.0, 0.0, 0.0, 0.0, 0.0, 0.0], [0.0, 0.0, 0.0, 0.0, 0.0, 0.0, 0.10688353083263763, 0.4564405986280321, 0.8614923881884822, 1.5437933036898421, 2.0876092400922497, 2.3907701654979094, 2.6550460183986027, 2.614678573974164, 2.1250067116999345, 1.4140198829026587, 0.8382934938910054, 0.27161777782111196, 0.0, 0.0, 0.0, 0.0, 0.0, 0.0], [0.0, 0.0, 0.0, 0.0, 0.0, 0.0, 0.10688353083263763, 0.4564405986280321, 0.8614923881884822, 1.5437933036898421, 2.0876092400922497, 2.3907701654979094, 2.6550460183986027, 2.614678573974164, 2.1250067116999345, 1.4140198829026587, 0.8382934938910054, 0.27161777782111196, 0.0, 0.0, 0.0, 0.0, 0.0, 0.0]]
    P_DH = [[0.0, 0.0, 0.0, 0.0, 0.0, 0.0, 0.0, 0.0, 0.0, 0.0, 0.0, 0.0, 0.0, 0.0, 0.0, 0.0, 0.0, 0.0, 0.0, 0.0, 0.0, 0.0, 0.0, 0.0], [0.0, 0.0, 0.0, 0.0, 0.0, 0.0, 0.0, 0.0, 0.0, 0.0, 0.0, 0.0, 0.0, 0.0, 0.0, 0.0, 0.0, 0.0, 0.0, 0.0, 0.0, 0.0, 0.0, 0.0], [0.0, 0.0, 0.0, 0.0, 0.0, 0.0, 0.0, 0.0, 0.0, 0.0, 0.0, 0.0, 0.0, 0.0, 0.0, 0.0, 0.0, 0.0, 0.0, 0.0, 0.0, 0.0, 0.0, 0.0], [0.0, 0.0, 0.0, 0.0, 0.0, 0.0, 0.0, 0.0, 0.0, 0.0, 0.0, 0.0, 0.0, 0.0, 0.0, 0.0, 0.0, 0.0, 0.0, 0.0, 0.0, 0.0, 0.0, 0.0], [0.0, 0.0, 0.11937225726653056, 0.2454741152715476, 0.3, 0.0, 0.0, 0.0, 0.0, 0.0, 0.10503110616436029, 0.08199696442297899, 0.09337660259716873, 0.1216616962925503, 0.1479904758660595, 0.0, 0.0, 0.0, 0.0, 0.0, 0.0, 0.0, 0.0, 0.0], [0.0, 0.0, 0.0, 0.0, 0.0, 0.0, 0.0, 0.0, 0.0, 0.0, 0.0, 0.0, 0.0, 0.0, 0.0, 0.0, 0.0, 0.0, 0.0, 0.0, 0.0, 0.0, 0.0, 0.0], [0.0, 0.0, 0.0, 0.0, 0.0, 0.0, 0.0, 0.0, 0.0, 0.0, 0.0, 0.0, 0.0, 0.0, 0.0, 0.0, 0.0, 0.0, 0.0, 0.0, 0.0, 0.0, 0.0, 0.0], [0.0, 0.0, 0.0, 0.0, 0.0, 0.0, 0.0, 0.0, 0.0, 0.0, 0.0, 0.0, 0.0, 0.0, 0.0, 0.0, 0.0, 0.0, 0.0, 0.0, 0.0, 0.0, 0.0, 0.0], [0.0, 0.0, 0.0, 0.0, 0.0, 0.0, 0.0, 0.0, 0.0, 0.0, 0.0, 0.0, 0.0, 0.0, 0.0, 0.0, 0.0, 0.0, 0.0, 0.0, 0.0, 0.0, 0.0, 0.0], [0.0, 0.0, 0.0, 0.0, 0.0, 0.0, 0.0, 0.0, 0.0, 0.0, 0.0, 0.0, 0.0, 0.0, 0.0, 0.0, 0.0, 0.0, 0.0, 0.0, 0.0, 0.0, 0.0, 0.0], [0.0, 0.0, 0.0, 0.0, 0.0, 0.0, 0.0, 0.0, 0.0, 0.0, 0.0, 0.0, 0.0, 0.0, 0.0, 0.0, 0.0, 0.0, 0.0, 0.0, 0.0, 0.0, 0.0, 0.0], [0.0, 0.0, 0.0, 0.0, 0.0, 0.0, 0.0, 0.0, 0.0, 0.0, 0.0, 0.0, 0.0, 0.0, 0.0, 0.0, 0.0, 0.0, 0.0, 0.0, 0.0, 0.0, 0.0, 0.0], [0.0, 0.07586653912899048, 0.11036751935570738, 0.2, 0.2, 0.0, 0.0, 0.0, 0.0, 0.0, 0.11113012236199984, 0.08358231312434734, 0.08357819182571147, 0.10657339167055942, 0.13723466621631777, 0.0, 0.0, 0.0, 0.0, 0.0, 0.0, 0.0, 0.0, 0.0], [0.0, 0.0, 0.0, 0.0, 0.0, 0.0, 0.0, 0.0, 0.0, 0.0, 0.0, 0.0, 0.0, 0.0, 0.0, 0.0, 0.0, 0.0, 0.0, 0.0, 0.0, 0.0, 0.0, 0.0], [0.0, 0.0, 0.0, 0.0, 0.0, 0.0, 0.0, 0.0, 0.0, 0.0, 0.0, 0.0, 0.0, 0.0, 0.0, 0.0, 0.0, 0.0, 0.0, 0.0, 0.0, 0.0, 0.0, 0.0], [0.0, 0.0, 0.0, 0.0, 0.0, 0.0, 0.0, 0.0, 0.0, 0.0, 0.0, 0.0, 0.0, 0.0, 0.0, 0.0, 0.0, 0.0, 0.0, 0.0, 0.0, 0.0, 0.0, 0.0], [0.0, 0.0, 0.0, 0.0, 0.0, 0.0, 0.0, 0.0, 0.0, 0.0, 0.0, 0.0, 0.0, 0.0, 0.0, 0.0, 0.0, 0.0, 0.0, 0.0, 0.0, 0.0, 0.0, 0.0], [0.0, 0.0, 0.0, 0.0, 0.0, 0.0, 0.0, 0.0, 0.0, 0.0, 0.0, 0.0, 0.0, 0.0, 0.0, 0.0, 0.0, 0.0, 0.0, 0.0, 0.0, 0.0, 0.0, 0.0], [0.0, 0.0, 0.0, 0.0, 0.0, 0.0, 0.0, 0.0, 0.0, 0.0, 0.0, 0.0, 0.0, 0.0, 0.0, 0.0, 0.0, 0.0, 0.0, 0.0, 0.0, 0.0, 0.0, 0.0], [0.0, 0.0, 0.0, 0.0, 0.0, 0.0, 0.0, 0.0, 0.0, 0.0, 0.0, 0.0, 0.0, 0.0, 0.0, 0.0, 0.0, 0.0, 0.0, 0.0, 0.0, 0.0, 0.0, 0.0], [0.0, 0.0, 0.11937225726653376, 0.2, 0.2, 0.0, 0.0, 0.0, 0.0, 0.0, 0.10503110616436102, 0.08199696442298073, 0.09337660259716966, 0.12166169629254771, 0.14799047586605965, 0.0, 0.0, 0.0, 0.0, 0.0, 0.0, 0.0, 0.0, 0.0], [0.0, 0.0, 0.0, 0.0, 0.0, 0.0, 0.0, 0.0, 0.0, 0.0, 0.0, 0.0, 0.0, 0.0, 0.0, 0.0, 0.0, 0.0, 0.0, 0.0, 0.0, 0.0, 0.0, 0.0], [0.0, 0.0, 0.0, 0.0, 0.0, 0.0, 0.0, 0.0, 0.0, 0.0, 0.0, 0.0, 0.0, 0.0, 0.0, 0.0, 0.0, 0.0, 0.0, 0.0, 0.0, 0.0, 0.0, 0.0], [0.0, 0.0, 0.0, 0.0, 0.0, 0.0, 0.0, 0.0, 0.0, 0.0, 0.0, 0.0, 0.0, 0.0, 0.0, 0.0, 0.0, 0.0, 0.0, 0.0, 0.0, 0.0, 0.0, 0.0], [0.0, 0.0, 0.0, 0.0, 0.0, 0.0, 0.0, 0.0, 0.0, 0.0, 0.0, 0.0, 0.0, 0.0, 0.0, 0.0, 0.0, 0.0, 0.0, 0.0, 0.0, 0.0, 0.0, 0.0], [0.0, 0.0, 0.120626753551898, 0.25, 0.25, 0.0, 0.006317041328910422, 0.0, 0.0, 0.0, 0.09071848732847154, 0.07552976691788837, 0.10040987916844457, 0.13082403017019417, 0.1503060209638697, 0.0, 0.0, 0.0, 0.0, 0.0, 0.0, 0.0, 0.0, 0.0], [0.0, 0.0, 0.0, 0.0, 0.0, 0.0, 0.0, 0.0, 0.0, 0.0, 0.0, 0.0, 0.0, 0.0, 0.0, 0.0, 0.0, 0.0, 0.0, 0.0, 0.0, 0.0, 0.0, 0.0], [0.0, 0.0, 0.0, 0.0, 0.0, 0.0, 0.0, 0.0, 0.0, 0.0, 0.0, 0.0, 0.0, 0.0, 0.0, 0.0, 0.0, 0.0, 0.0, 0.0, 0.0, 0.0, 0.0, 0.0], [0.0, 0.0, 0.0, 0.0, 0.0, 0.0, 0.0, 0.0, 0.0, 0.0, 0.0, 0.0, 0.0, 0.0, 0.0, 0.0, 0.0, 0.0, 0.0, 0.0, 0.0, 0.0, 0.0, 0.0], [0.0, 0.0, 0.0, 0.0, 0.0, 0.0, 0.0, 0.0, 0.0, 0.0, 0.0, 0.0, 0.0, 0.0, 0.0, 0.0, 0.0, 0.0, 0.0, 0.0, 0.0, 0.0, 0.0, 0.0], [0.0, 0.0, 0.0, 0.0, 0.0, 0.0, 0.0, 0.0, 0.0, 0.0, 0.0, 0.0, 0.0, 0.0, 0.0, 0.0, 0.0, 0.0, 0.0, 0.0, 0.0, 0.0, 0.0, 0.0], [0.0, 0.0, 0.0, 0.0, 0.0, 0.0, 0.0, 0.0, 0.0, 0.0, 0.0, 0.0, 0.0, 0.0, 0.0, 0.0, 0.0, 0.0, 0.0, 0.0, 0.0, 0.0, 0.0, 0.0], [0.0, 0.0, 0.0, 0.0, 0.0, 0.0, 0.0, 0.0, 0.0, 0.0, 0.0, 0.0, 0.0, 0.0, 0.0, 0.0, 0.0, 0.0, 0.0, 0.0, 0.0, 0.0, 0.0, 0.0], [0.0, 0.0, 0.0, 0.0, 0.0, 0.0, 0.0, 0.0, 0.0, 0.0, 0.0, 0.0, 0.0, 0.0, 0.0, 0.0, 0.0, 0.0, 0.0, 0.0, 0.0, 0.0, 0.0, 0.0], [0.0, 0.0, 0.0, 0.0, 0.0, 0.0, 0.0, 0.0, 0.0, 0.0, 0.0, 0.0, 0.0, 0.0, 0.0, 0.0, 0.0, 0.0, 0.0, 0.0, 0.0, 0.0, 0.0, 0.0], [0.0, 0.0, 0.0, 0.0, 0.0, 0.0, 0.0, 0.0, 0.0, 0.0, 0.0, 0.0, 0.0, 0.0, 0.0, 0.0, 0.0, 0.0, 0.0, 0.0, 0.0, 0.0, 0.0, 0.0]]
    P_PCC = [[22.265443400063624, 21.74407109928642, 21.833936867842784, 22.903781655746137, 23.79840370779118, 22.25682650862208, 28.68966596749795, 30.59877347158573, 28.693507971720944, 29.168968043081758, 29.392441707826517, 30.22119827637509, 29.315146488666116, 27.482294373431138, 30.29424124804609, 32.13726857444984, 30.80708457688494, 35.44320438250819, 33.0383214926118, 31.471814856231624, 26.370769891791, 24.272938717955615, 23.214869079228375, 20.238101718971308]]
    P_line = [[14.816197674417708, 14.099284883721339, 13.860087537788786, 13.827846208292613, 14.360313953489822, 15.533110465117716, 17.81593623660956, 20.095059401372055, 21.6017750536721, 21.875357859100404, 22.01954599549208, 20.714433065673802, 19.03909090772504, 18.41911574884216, 19.678357960961876, 21.049247558958086, 22.580857668899625, 23.625475245435155, 22.94120930232566, 21.507383720931102, 19.59561627907169, 17.92281976744198, 16.727965116278938, 15.533110465117716], [7.449245725647415, 7.644786215565546, 7.973849330051962, 9.0759354474485, 9.438089754297835, 6.723716043510649, 10.873729730888954, 10.503714070211572, 7.091732918044727, 7.2936101839823095, 7.372895712338504, 9.506765210699086, 10.27605558094183, 9.063178624586726, 10.615883287086035, 11.088021015493723, 8.226226907989258, 11.81772913707755, 10.097112190283951, 9.96443113530222, 6.775153612717986, 6.350118950516844, 6.486903962948418, 4.704991253856861], [2.963239534883721, 2.819856976744186, 2.8436408619176934, 2.921948533876199, 3.072062790697674, 3.1066220930232555, 3.584563953488372, 4.1103000000000005, 4.492653488372093, 4.683830232558139, 4.884449710815523, 4.670238824888095, 4.394853346783215, 4.279755882339062, 4.449467220052106, 4.492653488372093, 4.683830232558139, 4.779418604651163, 4.588241860465116, 4.301476744186046, 3.919123255813953, 3.584563953488372, 3.345593023255814, 3.1066220930232555], [2.3705916279069768, 2.255885581395349, 2.17941488372093, 2.141179534883721, 2.2176502325581393, 2.4852976744186046, 2.8676511627906978, 3.28824, 3.594122790697674, 3.7470641860465115, 3.82353488372093, 3.6705934883720928, 3.441181395348837, 3.326475348837209, 3.441181395348837, 3.594122790697674, 3.7470641860465115, 3.82353488372093, 3.6705934883720928, 3.441181395348837, 3.1352986046511626, 2.8676511627906978, 2.676474418604651, 2.4852976744186046], [1.7779437209302325, 1.6919141860465117, 1.6345611627906975, 1.6058846511627909, 1.6632376744186046, 1.8639732558139535, 2.1507383720930235, 2.46618, 2.6955920930232553, 2.8102981395348836, 2.8676511627906978, 2.7529451162790695, 2.580886046511628, 2.4948565116279067, 2.580886046511628, 2.6955920930232553, 2.8102981395348836, 2.8676511627906978, 2.7529451162790695, 2.580886046511628, 2.351473953488372, 2.1507383720930235, 2.007355813953488, 1.8639732558139535], [1.1852958139534884, 1.1279427906976744, 1.089707441860465, 1.0705897674418605, 1.1088251162790697, 1.2426488372093023, 1.4338255813953489, 1.64412, 1.797061395348837, 1.8735320930232557, 1.911767441860465, 1.8352967441860464, 1.7205906976744185, 1.6632376744186046, 1.7205906976744185, 1.797061395348837, 1.8735320930232557, 1.911767441860465, 1.8352967441860464, 1.7205906976744185, 1.5676493023255813, 1.4338255813953489, 1.3382372093023256, 1.2426488372093023], [0.5926479069767442, 0.5639713953488372, 0.5448537209302325, 0.5352948837209303, 0.5544125581395348, 0.6213244186046512, 0.7169127906976744, 0.82206, 0.8985306976744185, 0.9367660465116279, 0.9558837209302325, 0.9176483720930232, 0.8602953488372093, 0.8316188372093023, 0.8602953488372093, 0.8985306976744185, 0.9367660465116279, 0.9558837209302325, 0.9176483720930232, 0.8602953488372093, 0.7838246511627907, 0.7169127906976744, 0.6691186046511628, 0.6213244186046512], [4.148535348837209, 3.9477997674418606, 3.8139760465116277, 3.747064186046512, 3.880887906976744, 4.349270930232558, 4.911506004051083, 5.297979401371968, 5.428222495532447, 5.013569021891553, 4.603576806419378, 4.032768439153253, 3.367021423461862, 3.206653286490953, 3.89706073016053, 4.87569500081827, 5.7190688316903895, 6.419568268690515, 6.423538604651162, 6.0220674418604645, 5.486772558139535, 5.018389534883721, 4.683830232558139, 4.349270930232558], [3.555887441860465, 3.3838283720930233, 3.269122325581395, 3.2117693023255818, 3.326475348837209, 3.727946511627907, 4.194593213353409, 4.475919401371968, 4.529691797858028, 4.076802975379925, 3.6476930854891454, 3.11512006706023, 2.5067260746246527, 2.3750344492816504, 3.036765381323321, 3.9771643031438515, 4.782302785178762, 5.463684547760282, 5.505890232558139, 5.161772093023256, 4.702947906976744, 4.301476744186047, 4.014711627906976, 3.727946511627907], [2.963239534883721, 2.819856976744186, 2.724268604651163, 2.676474418604651, 2.772062790697674, 3.1066220930232555, 3.584563953488372, 4.1103000000000005, 4.492653488372093, 4.683830232558139, 4.779418604651163, 4.588241860465116, 4.301476744186046, 4.158094186046512, 4.301476744186046, 4.492653488372093, 4.683830232558139, 4.779418604651163, 4.588241860465116, 4.301476744186046, 3.919123255813953, 3.584563953488372, 3.345593023255814, 3.1066220930232555], [2.3705916279069768, 2.255885581395349, 2.17941488372093, 2.141179534883721, 2.2176502325581393, 2.4852976744186046, 2.8676511627906978, 3.2882400000000005, 3.594122790697674, 3.7470641860465115, 3.82353488372093, 3.6705934883720928, 3.441181395348837, 3.326475348837209, 3.441181395348837, 3.594122790697674, 3.7470641860465115, 3.82353488372093, 3.6705934883720928, 3.441181395348837, 3.1352986046511626, 2.8676511627906978, 2.676474418604651, 2.4852976744186046], [0.5926479069767442, 0.5639713953488372, 0.5448537209302325, 0.5352948837209303, 0.5544125581395348, 0.6213244186046512, 0.7169127906976744, 0.82206, 0.8985306976744185, 0.9367660465116279, 0.9558837209302325, 0.9176483720930232, 0.8602953488372093, 0.8316188372093023, 0.8602953488372093, 0.8985306976744185, 0.9367660465116279, 0.9558837209302325, 0.9176483720930232, 0.8602953488372093, 0.7838246511627907, 0.7169127906976744, 0.6691186046511628, 0.6213244186046512], [1.1852958139534884, 1.1279427906976744, 1.089707441860465, 1.0705897674418605, 1.1088251162790697, 1.2426488372093023, 1.4338255813953489, 1.64412, 1.797061395348837, 1.8735320930232557, 1.911767441860465, 1.8352967441860464, 1.7205906976744185, 1.6632376744186046, 1.7205906976744185, 1.797061395348837, 1.8735320930232557, 1.911767441860465, 1.8352967441860464, 1.7205906976744185, 1.5676493023255813, 1.4338255813953489, 1.3382372093023256, 1.2426488372093023], [0.5926479069767442, 0.5639713953488372, 0.5448537209302325, 0.5352948837209303, 0.5544125581395348, 0.6213244186046512, 0.7169127906976744, 0.82206, 0.8985306976744185, 0.9367660465116279, 0.9558837209302325, 0.9176483720930232, 0.8602953488372093, 0.8316188372093023, 0.8602953488372093, 0.8985306976744185, 0.9367660465116279, 0.9558837209302325, 0.9176483720930232, 0.8602953488372093, 0.7838246511627907, 0.7169127906976744, 0.6691186046511628, 0.6213244186046512], [5.333831162790697, 5.075742558139535, 5.023055745638627, 5.017653953488373, 5.1897130232558135, 5.59191976744186, 6.45221511627907, 7.398540000000001, 8.086776279069767, 8.430894418604652, 8.707984594536454, 8.34083231326019, 7.836034742132053, 7.6062312311762685, 7.890648615400943, 8.086776279069767, 8.430894418604652, 8.602953488372092, 8.25883534883721, 7.742658139534884, 7.054421860465116, 6.45221511627907, 6.022067441860465, 5.59191976744186], [1.1852958139534884, 1.1279427906976744, 1.2090796991269988, 1.2705897674418605, 1.3088251162790696, 1.2426488372093023, 1.4338255813953489, 1.64412, 1.797061395348837, 1.8735320930232557, 2.016798548024826, 1.9172937086090271, 1.8139673002715881, 1.7848993707111522, 1.8685811735404783, 1.797061395348837, 1.8735320930232557, 1.911767441860465, 1.8352967441860464, 1.7205906976744185, 1.5676493023255813, 1.4338255813953489, 1.3382372093023256, 1.2426488372093023], [0.5926479069767442, 0.5639713953488372, 0.6642259781967663, 0.7352948837209303, 0.7544125581395349, 0.6213244186046512, 0.7169127906976744, 0.82206, 0.8985306976744185, 0.9367660465116279, 1.0609148270945936, 0.999645336516004, 0.9536719514343789, 0.95328053350185, 1.0082858247032689, 0.8985306976744185, 0.9367660465116279, 0.9558837209302325, 0.9176483720930232, 0.8602953488372093, 0.7838246511627907, 0.7169127906976744, 0.6691186046511628, 0.6213244186046512], [3.5558874418604653, 3.3838283720930233, 3.2691223255813955, 3.2117693023255813, 3.3264753488372087, 3.7279465116279065, 4.301476744186046, 4.93236, 5.3911841860465115, 5.620596279069767, 5.7353023255813955, 5.505890232558139, 5.161772093023256, 4.989713023255814, 5.161772093023256, 5.3911841860465115, 5.620596279069767, 5.7353023255813955, 5.505890232558139, 5.161772093023256, 4.7029479069767435, 4.301476744186046, 4.014711627906977, 3.7279465116279065], [1.1852958139534886, 1.1279427906976744, 1.0897074418604653, 1.0705897674418603, 1.1088251162790694, 1.242648837209302, 1.4338255813953487, 1.64412, 1.7970613953488372, 1.8735320930232557, 1.9117674418604649, 1.8352967441860466, 1.7205906976744183, 1.6632376744186048, 1.7205906976744183, 1.7970613953488372, 1.8735320930232557, 1.9117674418604649, 1.8352967441860466, 1.7205906976744183, 1.567649302325581, 1.4338255813953487, 1.3382372093023258, 1.242648837209302], [0.5926479069767442, 0.5639713953488372, 0.5448537209302325, 0.5352948837209303, 0.5544125581395348, 0.6213244186046512, 0.7169127906976744, 0.82206, 0.8985306976744185, 0.9367660465116279, 0.9558837209302325, 0.9176483720930232, 0.8602953488372093, 0.8316188372093023, 0.8602953488372093, 0.8985306976744185, 0.9367660465116279, 0.9558837209302325, 0.9176483720930232, 0.8602953488372093, 0.7838246511627907, 0.7169127906976744, 0.6691186046511628, 0.6213244186046512], [1.7779437209302325, 1.6919141860465117, 1.6345611627906975, 1.6058846511627909, 1.6632376744186046, 1.8639732558139535, 2.1507383720930235, 2.46618, 2.6955920930232553, 2.8102981395348836, 2.8676511627906978, 2.7529451162790695, 2.580886046511628, 2.4948565116279067, 2.580886046511628, 2.6955920930232553, 2.8102981395348836, 2.8676511627906978, 2.7529451162790695, 2.580886046511628, 2.351473953488372, 2.1507383720930235, 2.007355813953488, 1.8639732558139535], [0.5926479069767442, 0.5639713953488372, 0.5448537209302325, 0.5352948837209303, 0.5544125581395348, 0.6213244186046512, 0.7169127906976744, 0.82206, 0.8985306976744185, 0.9367660465116279, 0.9558837209302325, 0.9176483720930232, 0.8602953488372093, 0.8316188372093023, 0.8602953488372093, 0.8985306976744185, 0.9367660465116279, 0.9558837209302325, 0.9176483720930232, 0.8602953488372093, 0.7838246511627907, 0.7169127906976744, 0.6691186046511628, 0.6213244186046512], [0.5926479069767442, 0.5639713953488372, 0.5448537209302325, 0.5352948837209303, 0.5544125581395348, 0.6213244186046512, 0.7169127906976744, 0.82206, 0.8985306976744185, 0.9367660465116279, 0.9558837209302325, 0.9176483720930232, 0.8602953488372093, 0.8316188372093023, 0.8602953488372093, 0.8985306976744185, 0.9367660465116279, 0.9558837209302325, 0.9176483720930232, 0.8602953488372093, 0.7838246511627907, 0.7169127906976744, 0.6691186046511628, 0.6213244186046512], [1.7779437209302325, 1.6919141860465117, 1.6345611627906975, 1.6058846511627909, 1.6632376744186046, 1.8639732558139535, 2.1507383720930235, 2.46618, 2.6955920930232558, 2.8102981395348836, 2.8676511627906978, 2.7529451162790695, 2.580886046511628, 2.494856511627907, 2.580886046511628, 2.6955920930232558, 2.8102981395348836, 2.8676511627906978, 2.7529451162790695, 2.580886046511628, 2.351473953488372, 2.1507383720930235, 2.0073558139534886, 1.8639732558139535], [0.5926479069767442, 0.5639713953488372, 0.5448537209302325, 0.5352948837209303, 0.5544125581395348, 0.6213244186046512, 0.7169127906976744, 0.82206, 0.8985306976744185, 0.9367660465116279, 0.9558837209302325, 0.9176483720930232, 0.8602953488372093, 0.8316188372093023, 0.8602953488372093, 0.8985306976744185, 0.9367660465116279, 0.9558837209302325, 0.9176483720930232, 0.8602953488372093, 0.7838246511627907, 0.7169127906976744, 0.6691186046511628, 0.6213244186046512], [0.5926479069767441, 0.5639713953488372, 0.5448537209302324, 0.5352948837209304, 0.5544125581395349, 0.6213244186046512, 0.7169127906976747, 0.82206, 0.8985306976744187, 0.9367660465116279, 0.9558837209302327, 0.9176483720930231, 0.8602953488372094, 0.8316188372093025, 0.8602953488372094, 0.8985306976744187, 0.9367660465116279, 0.9558837209302327, 0.9176483720930231, 0.8602953488372094, 0.7838246511627909, 0.7169127906976747, 0.669118604651163, 0.6213244186046512], [1.1852958139534884, 1.1279427906976744, 1.089707441860465, 1.0705897674418605, 1.1088251162790697, 1.2426488372093023, 1.4338255813953489, 1.64412, 1.797061395348837, 1.8735320930232557, 1.911767441860465, 1.8352967441860464, 1.7205906976744185, 1.6632376744186046, 1.7205906976744185, 1.797061395348837, 1.8735320930232557, 1.911767441860465, 1.8352967441860464, 1.7205906976744185, 1.5676493023255813, 1.4338255813953489, 1.3382372093023256, 1.2426488372093023], [0.5926479069767442, 0.5639713953488372, 0.5448537209302325, 0.5352948837209303, 0.5544125581395348, 0.6213244186046512, 0.7169127906976744, 0.82206, 0.8985306976744185, 0.9367660465116279, 0.9558837209302325, 0.9176483720930232, 0.8602953488372093, 0.8316188372093023, 0.8602953488372093, 0.8985306976744185, 0.9367660465116279, 0.9558837209302325, 0.9176483720930232, 0.8602953488372093, 0.7838246511627907, 0.7169127906976744, 0.6691186046511628, 0.6213244186046512], [1.1852958139534884, 1.1279427906976744, 1.089707441860465, 1.0705897674418605, 1.1088251162790697, 1.2426488372093023, 1.4338255813953489, 1.64412, 1.797061395348837, 1.8735320930232557, 1.911767441860465, 1.8352967441860464, 1.7205906976744185, 1.6632376744186046, 1.7205906976744185, 1.797061395348837, 1.8735320930232557, 1.911767441860465, 1.8352967441860464, 1.7205906976744185, 1.5676493023255813, 1.4338255813953489, 1.3382372093023256, 1.2426488372093023], [0.5926479069767442, 0.5639713953488372, 0.5448537209302325, 0.5352948837209303, 0.5544125581395348, 0.6213244186046512, 0.7169127906976744, 0.82206, 0.8985306976744185, 0.9367660465116279, 0.9558837209302325, 0.9176483720930232, 0.8602953488372093, 0.8316188372093023, 0.8602953488372093, 0.8985306976744185, 0.9367660465116279, 0.9558837209302325, 0.9176483720930232, 0.8602953488372093, 0.7838246511627907, 0.7169127906976744, 0.6691186046511628, 0.6213244186046512], [1.4973010237720765, 1.4976106421028252, 1.5691244107782096, 2.1742607861786207, 2.2305323023275347, 1.7307604324088424, 2.3982448695172325, 2.420135576032738, 2.076734143448527, 1.4547952894603586, 1.4886904084810246, 0.8421756715938292, 0.9790096170395998, 0.9171761701526103, 1.3104811981486086, 1.4641140122551146, 1.8246736386822966, 2.430868532420416, 2.4898657665211394, 2.540287568396916, 2.1979878092686747, 2.319805118240854, 1.985811697352794, 1.9691160689343505], [0.9046531167953322, 0.8577727076249975, 0.9139031704922695, 1.4389659024576904, 1.4761197441879998, 1.1094360138041912, 1.6813320788195583, 1.5980755760327383, 1.1782034457741082, 0.5180292429487308, 0.42167656518879215, -0.15905501362354135, 0.03513607637667904, -0.02101605872725143, 0.31295118309508174, 0.5655833145806961, 0.8879075921706687, 1.4749848114901836, 1.5722173944281161, 1.6799922195597068, 1.4141631581058842, 1.60289232754318, 1.3166930927016312, 1.3477916503296994], [2.9632395348837206, 2.819856976744186, 2.8448953582030607, 2.926474418604652, 3.0220627906976745, 3.1066220930232555, 3.4839974639846454, 3.6538594013719683, 3.6311611001836104, 3.140036928868297, 2.7825278518873846, 2.2730014618850944, 1.7468406049558882, 1.6742396422425418, 2.326776053449982, 3.078633605469434, 3.8455367386671337, 4.507800826830051, 4.588241860465116, 4.301476744186046, 3.919123255813953, 3.584563953488372, 3.345593023255814, 3.1066220930232555], [2.3705916279069763, 2.255885581395349, 2.300041637272828, 2.391179534883722, 2.4676502325581398, 2.4852976744186046, 2.8739682041196084, 3.28824, 3.594122790697674, 3.7470641860465115, 3.914253371049402, 3.746123255289981, 3.5415912745172817, 3.457299379007403, 3.591487416312707, 3.594122790697674, 3.7470641860465115, 3.82353488372093, 3.6705934883720928, 3.441181395348837, 3.1352986046511626, 2.8676511627906978, 2.676474418604651, 2.4852976744186046], [0.5926479069767439, 0.5639713953488372, 0.6654804744821305, 0.785294883720931, 0.8044125581395352, 0.6213244186046509, 0.7232298320265849, 0.82206, 0.8985306976744187, 0.9367660465116279, 1.046602208258704, 0.9931781390109116, 0.9607052280056538, 0.9624428673794965, 1.010601369801079, 0.8985306976744187, 0.9367660465116279, 0.9558837209302324, 0.9176483720930233, 0.8602953488372092, 0.7838246511627904, 0.7169127906976742, 0.669118604651163, 0.6213244186046509], [1.1852958139534884, 1.1279427906976744, 1.089707441860465, 1.0705897674418605, 1.1088251162790697, 1.2426488372093023, 1.4338255813953489, 1.64412, 1.797061395348837, 1.8735320930232557, 1.911767441860465, 1.8352967441860464, 1.7205906976744185, 1.6632376744186046, 1.7205906976744185, 1.797061395348837, 1.8735320930232557, 1.911767441860465, 1.8352967441860464, 1.7205906976744185, 1.5676493023255813, 1.4338255813953489, 1.3382372093023256, 1.2426488372093023], [0.5926479069767442, 0.5639713953488372, 0.5448537209302325, 0.5352948837209303, 0.5544125581395348, 0.6213244186046512, 0.7169127906976744, 0.82206, 0.8985306976744185, 0.9367660465116279, 0.9558837209302325, 0.9176483720930232, 0.8602953488372093, 0.8316188372093023, 0.8602953488372093, 0.8985306976744185, 0.9367660465116279, 0.9558837209302325, 0.9176483720930232, 0.8602953488372093, 0.7838246511627907, 0.7169127906976744, 0.6691186046511628, 0.6213244186046512], [0.025465632108509162, 0.5074616199727977, 0.8355609564212365, 1.2987258240647126, 1.4134318705763391, -1.2202885749438783, 1.4069234438991916, 0.31941909280569103, -3.1088158139534894, -1.9850522669060826, -1.6777411526794737, 1.8033462167572996, 3.2487286147623866, 2.313668626144399, 2.677149291302815, 2.052619909397178, -2.1278137019225074, 0.09964117317705856, -1.5692372971652553, -1.1788099214639614, -3.2610807081757773, -3.1388140747026103, -2.190093780915314, -3.477369001120158], [-0.567182274868235, -0.05650977537603952, 0.29070723549100397, 0.7634309403437823, 0.8590193124368043, -1.8416129935485295, 0.6900106532015171, -0.502640907194309, -4.007346511627908, -2.9218183134177105, -2.633624873609706, 0.8856978446642764, 2.3884332659251775, 1.4820497889350965, 1.816853942465606, 1.1540892117227595, -3.0645797484341353, -0.856242547753174, -2.4868856692582786, -2.0391052703011705, -4.044905359338568, -3.8557268654002845, -2.859212385566477, -4.0986934197248095], [-1.1598301818449792, -0.6204811707248767, -0.2541464854392286, 0.22813605662285208, 0.30460675429726947, -2.4629374121531806, -0.02690213749615733, -1.324700907194309, -4.905877209302327, -3.8585843599293383, -3.5895085945399385, -0.03195052742874682, 1.528137917087968, 0.6504309517257942, 0.9565585936283967, 0.25555851404834096, -4.001345794945763, -1.8121262686834065, -3.404534041351302, -2.8994006191383797, -4.828730010501358, -4.572639656097959, -3.5283309902176394, -4.72001783832946], [0.5926479069767442, 0.5639713953488372, 0.5448537209302325, 0.5352948837209303, 0.5544125581395348, 0.6213244186046512, 0.7169127906976744, 0.82206, 0.8985306976744185, 0.9367660465116279, 0.9558837209302325, 0.9176483720930232, 0.8602953488372093, 0.8316188372093023, 0.8602953488372093, 0.8985306976744185, 0.9367660465116279, 0.9558837209302325, 0.9176483720930232, 0.8602953488372093, 0.7838246511627907, 0.7169127906976744, 0.6691186046511628, 0.6213244186046512], [-2.3451259957984676, -1.7484239614225512, -1.3438539272996937, -0.8424537108190084, -0.8042183619818002, -3.705586249362483, -1.4607277188915062, -2.968820907194309, -6.702938604651163, -5.732116452952594, -5.501276036400403, -1.8672472716147932, -0.19245278058645043, -1.0128067226928104, -0.7640321040460218, -1.541502881300496, -5.874877887969019, -3.7238937105438716, -5.2398307855373485, -4.619991316812799, -6.39637931282694, -6.006465237493308, -4.866568199519965, -5.962666675538763], [-2.937773902775212, -2.3123953567713884, -1.8887076482299263, -1.3777485945399386, -1.358630920121335, -4.326910667967134, -2.177640509589181, -3.790880907194309, -7.601469302325582, -6.668882499464222, -6.457159757330636, -2.7848956437078165, -1.0527481294236596, -1.8444255599021127, -1.624327452883231, -2.440033578974915, -6.811643934480647, -4.679777431474104, -6.157479157630371, -5.480286665650008, -7.18020396398973, -6.723378028190982, -5.535686804171128, -6.583991094143414]]
    Q_DER = [[0.0, 0.0, 0.0, 0.0, 0.0, 0.0, 0.0, 0.0, 0.0, 0.0, 0.0, 0.0, 0.0, 0.0, 0.0, 0.0, 0.0, 0.0, 0.0, 0.0, 0.0, 0.0, 0.0, 0.0], [0.0, 0.0, 0.0, 0.0, 0.0, 0.0, 0.0, 0.0, 0.0, 0.0, 0.0, 0.0, 0.0, 0.0, 0.0, 0.0, 0.0, 0.0, 0.0, 0.0, 0.0, 0.0, 0.0, 0.0], [0.0, 0.0, 0.0, 0.0, 0.0, 0.0, 0.0, 0.0, 0.0, 0.0, 0.0, 0.0, 0.0, 0.0, 0.0, 0.0, 0.0, 0.0, 0.0, 0.0, 0.0, 0.0, 0.0, 0.0], [0.0, 0.0, 0.0, 0.0, 0.0, 0.0, 0.0, 0.0, 0.0, 0.0, 0.0, 0.0, 0.0, 0.0, 0.0, 0.0, 0.0, 0.0, 0.0, 0.0, 0.0, 0.0, 0.0, 0.0], [0.0, 0.0, 0.0, 0.0, 0.0, 0.0, 0.0, 0.0, 0.0, 0.0, 0.0, 0.0, 0.0, 0.0, 0.0, 0.0, 0.0, 0.0, 0.0, 0.0, 0.0, 0.0, 0.0, 0.0], [0.0, 0.0, 0.0, 0.0, 0.0, 0.0, 0.0, 0.0, 0.0, 0.0, 0.0, 0.0, 0.0, 0.0, 0.0, 0.0, 0.0, 0.0, 0.0, 0.0, 0.0, 0.0, 0.0, 0.0]]
    Q_PCC = [[12.342396714593157, 11.745183970338648, 11.347042140835642, 11.147971226084143, 11.546113055587146, 12.939609458847666, 14.93031860636269, 17.12009866862922, 18.712665986641237, 19.50894964564725, 19.907091475150253, 19.110807816144245, 17.916382327635226, 17.31916958338072, 17.916382327635226, 18.712665986641237, 19.50894964564725, 19.907091475150253, 19.110807816144245, 17.916382327635226, 16.323815009623207, 14.93031860636269, 13.934964032605178, 12.939609458847666]]
    Q_line = [[7.175812043368115, 6.828595331592236, 6.597117523741652, 6.481378619816362, 6.712856427666946, 7.523028755143992, 8.680417794396913, 9.953545737575126, 10.879456968977465, 11.342412584678634, 11.573890392529217, 11.11093477682805, 10.416501353276296, 10.069284641500419, 10.416501353276296, 10.879456968977465, 11.342412584678634, 11.573890392529217, 11.11093477682805, 10.416501353276296, 9.490590121873957, 8.680417794396913, 8.101723274770453, 7.523028755143992], [5.166584671225042, 4.91658863874641, 4.74992461709399, 4.666592606267781, 4.833256627920201, 5.416580703703674, 6.2499008119657775, 7.16655293105409, 7.833209017663773, 8.166537060968615, 8.333201082621034, 7.999873039316195, 7.499880974358932, 7.249884941880301, 7.499880974358932, 7.833209017663773, 8.166537060968615, 8.333201082621034, 7.999873039316195, 7.499880974358932, 6.833224887749249, 6.2499008119657775, 5.833240757834725, 5.416580703703674], [1.435162408673623, 1.3657190663184475, 1.3194235047483305, 1.2962757239632725, 1.342571285533389, 1.5046057510287985, 1.7360835588793826, 1.9907091475150251, 2.1758913937954927, 2.268482516935727, 2.314778078505843, 2.2221869553656095, 2.0833002706552586, 2.0138569283000836, 2.0833002706552586, 2.1758913937954927, 2.268482516935727, 2.314778078505843, 2.2221869553656095, 2.0833002706552586, 1.8981180243747915, 1.7360835588793826, 1.6203446549540903, 1.5046057510287985], [1.1481299269388985, 1.092575253054758, 1.0555388037986644, 1.0370205791706177, 1.074057028426711, 1.2036846008230389, 1.3888668471035062, 1.5925673180120201, 1.7407131150363941, 1.8147860135485812, 1.8518224628046744, 1.7777495642924879, 1.6666402165242071, 1.6110855426400668, 1.6666402165242071, 1.7407131150363941, 1.8147860135485812, 1.8518224628046744, 1.7777495642924879, 1.6666402165242071, 1.518494419499833, 1.3888668471035062, 1.2962757239632725, 1.2036846008230389], [0.8610974452041738, 0.8194314397910685, 0.7916541028489983, 0.7777654343779634, 0.8055427713200334, 0.902763450617279, 1.0416501353276295, 1.194425488509015, 1.3055348362772956, 1.361089510161436, 1.388866847103506, 1.3333121732193658, 1.2499801623931552, 1.2083141569800502, 1.2499801623931552, 1.3055348362772956, 1.361089510161436, 1.388866847103506, 1.3333121732193658, 1.2499801623931552, 1.138870814624875, 1.0416501353276295, 0.9722067929724543, 0.902763450617279], [0.5740649634694491, 0.5462876265273789, 0.5277694018993322, 0.518510289585309, 0.5370285142133556, 0.6018423004115193, 0.694433423551753, 0.7962836590060101, 0.8703565575181971, 0.9073930067742906, 0.9259112314023373, 0.8888747821462438, 0.8333201082621036, 0.8055427713200335, 0.8333201082621036, 0.8703565575181971, 0.9073930067742906, 0.9259112314023373, 0.8888747821462438, 0.8333201082621036, 0.7592472097499166, 0.694433423551753, 0.6481378619816361, 0.6018423004115193], [0.28703248173472456, 0.27314381326368947, 0.2638847009496661, 0.2592551447926545, 0.2685142571066778, 0.30092115020575966, 0.3472167117758765, 0.39814182950300503, 0.43517827875909854, 0.4536965033871453, 0.46295561570116867, 0.4444373910731219, 0.4166600541310518, 0.40277138566001675, 0.4166600541310518, 0.43517827875909854, 0.4536965033871453, 0.46295561570116867, 0.4444373910731219, 0.4166600541310518, 0.3796236048749583, 0.3472167117758765, 0.32406893099081807, 0.30092115020575966], [2.009227372143072, 1.9120066928458264, 1.8471929066476627, 1.8147860135485816, 1.8795997997467446, 2.1064480514403177, 2.4305169824311355, 2.7869928065210354, 3.0462479513136898, 3.175875523710017, 3.2406893099081806, 3.111061737511853, 2.9166203789173624, 2.819399699620117, 2.9166203789173624, 3.0462479513136898, 3.175875523710017, 3.2406893099081806, 3.111061737511853, 2.9166203789173624, 2.657365234124708, 2.4305169824311355, 2.2684825169357263, 2.1064480514403177], [1.7221948904083475, 1.638862879582137, 1.5833082056979966, 1.555530868755927, 1.6110855426400668, 1.805526901234558, 2.083300270655259, 2.3888509770180306, 2.611069672554591, 2.722179020322872, 2.777733694207012, 2.666624346438731, 2.4999603247863105, 2.4166283139601004, 2.4999603247863105, 2.611069672554591, 2.722179020322872, 2.777733694207012, 2.666624346438731, 2.4999603247863105, 2.27774162924975, 2.083300270655259, 1.9444135859449083, 1.805526901234558], [1.435162408673623, 1.3657190663184475, 1.3194235047483305, 1.2962757239632725, 1.342571285533389, 1.5046057510287985, 1.7360835588793826, 1.9907091475150251, 2.1758913937954927, 2.268482516935727, 2.314778078505843, 2.2221869553656095, 2.0833002706552586, 2.0138569283000836, 2.0833002706552586, 2.1758913937954927, 2.268482516935727, 2.314778078505843, 2.2221869553656095, 2.0833002706552586, 1.8981180243747915, 1.7360835588793826, 1.6203446549540903, 1.5046057510287985], [1.1481299269388985, 1.092575253054758, 1.0555388037986644, 1.037020579170618, 1.074057028426711, 1.2036846008230389, 1.3888668471035062, 1.5925673180120201, 1.7407131150363941, 1.8147860135485816, 1.8518224628046744, 1.7777495642924876, 1.6666402165242067, 1.6110855426400668, 1.6666402165242067, 1.7407131150363941, 1.8147860135485816, 1.8518224628046744, 1.7777495642924876, 1.6666402165242067, 1.518494419499833, 1.3888668471035062, 1.2962757239632723, 1.2036846008230389], [0.28703248173472456, 0.27314381326368947, 0.2638847009496661, 0.2592551447926545, 0.2685142571066778, 0.30092115020575966, 0.3472167117758765, 0.39814182950300503, 0.43517827875909854, 0.4536965033871453, 0.46295561570116867, 0.4444373910731219, 0.4166600541310518, 0.40277138566001675, 0.4166600541310518, 0.43517827875909854, 0.4536965033871453, 0.46295561570116867, 0.4444373910731219, 0.4166600541310518, 0.3796236048749583, 0.3472167117758765, 0.32406893099081807, 0.30092115020575966], [0.5740649634694492, 0.546287626527379, 0.5277694018993322, 0.5185102895853091, 0.5370285142133555, 0.6018423004115194, 0.6944334235517531, 0.7962836590060101, 0.8703565575181971, 0.9073930067742908, 0.9259112314023372, 0.8888747821462437, 0.8333201082621033, 0.8055427713200334, 0.8333201082621033, 0.8703565575181971, 0.9073930067742908, 0.9259112314023372, 0.8888747821462437, 0.8333201082621033, 0.7592472097499166, 0.6944334235517531, 0.648137861981636, 0.6018423004115194], [0.28703248173472456, 0.27314381326368947, 0.2638847009496661, 0.2592551447926545, 0.2685142571066778, 0.30092115020575966, 0.3472167117758765, 0.39814182950300503, 0.43517827875909854, 0.4536965033871453, 0.46295561570116867, 0.4444373910731219, 0.4166600541310518, 0.40277138566001675, 0.4166600541310518, 0.43517827875909854, 0.4536965033871453, 0.46295561570116867, 0.4444373910731219, 0.4166600541310518, 0.3796236048749583, 0.3472167117758765, 0.32406893099081807, 0.30092115020575966], [2.5832923356125215, 2.458294319373205, 2.3749623085469946, 2.3332963031338902, 2.4166283139601004, 2.708290351851837, 3.1249504059828888, 3.5832764655270455, 3.9166045088318873, 4.083268530484308, 4.166600541310519, 3.999936519658098, 3.749940487179466, 3.6249424709401503, 3.749940487179466, 3.9166045088318873, 4.083268530484308, 4.166600541310519, 3.999936519658098, 3.749940487179466, 3.416612443874625, 3.1249504059828888, 2.9166203789173633, 2.708290351851837], [0.5740649634694491, 0.5462876265273789, 0.5277694018993322, 0.518510289585309, 0.5370285142133556, 0.6018423004115193, 0.694433423551753, 0.7962836590060101, 0.8703565575181971, 0.9073930067742906, 0.9259112314023373, 0.8888747821462438, 0.8333201082621036, 0.8055427713200335, 0.8333201082621036, 0.8703565575181971, 0.9073930067742906, 0.9259112314023373, 0.8888747821462438, 0.8333201082621036, 0.7592472097499166, 0.694433423551753, 0.6481378619816361, 0.6018423004115193], [0.28703248173472456, 0.27314381326368947, 0.2638847009496661, 0.2592551447926545, 0.2685142571066778, 0.30092115020575966, 0.3472167117758765, 0.39814182950300503, 0.43517827875909854, 0.4536965033871453, 0.46295561570116867, 0.4444373910731219, 0.4166600541310518, 0.40277138566001675, 0.4166600541310518, 0.43517827875909854, 0.4536965033871453, 0.46295561570116867, 0.4444373910731219, 0.4166600541310518, 0.3796236048749583, 0.3472167117758765, 0.32406893099081807, 0.30092115020575966], [1.7221948904083475, 1.638862879582137, 1.5833082056979966, 1.5555308687559268, 1.6110855426400668, 1.805526901234558, 2.083300270655259, 2.38885097701803, 2.611069672554591, 2.722179020322872, 2.777733694207012, 2.6666243464387316, 2.4999603247863105, 2.4166283139601004, 2.4999603247863105, 2.611069672554591, 2.722179020322872, 2.777733694207012, 2.6666243464387316, 2.4999603247863105, 2.27774162924975, 2.083300270655259, 1.9444135859449085, 1.805526901234558], [0.5740649634694491, 0.5462876265273789, 0.5277694018993322, 0.518510289585309, 0.5370285142133556, 0.6018423004115193, 0.694433423551753, 0.7962836590060101, 0.8703565575181971, 0.9073930067742906, 0.9259112314023373, 0.8888747821462438, 0.8333201082621036, 0.8055427713200335, 0.8333201082621036, 0.8703565575181971, 0.9073930067742906, 0.9259112314023373, 0.8888747821462438, 0.8333201082621036, 0.7592472097499166, 0.694433423551753, 0.6481378619816361, 0.6018423004115193], [0.28703248173472456, 0.27314381326368947, 0.2638847009496661, 0.2592551447926545, 0.2685142571066778, 0.30092115020575966, 0.3472167117758765, 0.39814182950300503, 0.43517827875909854, 0.4536965033871453, 0.46295561570116867, 0.4444373910731219, 0.4166600541310518, 0.40277138566001675, 0.4166600541310518, 0.43517827875909854, 0.4536965033871453, 0.46295561570116867, 0.4444373910731219, 0.4166600541310518, 0.3796236048749583, 0.3472167117758765, 0.32406893099081807, 0.30092115020575966], [0.8610974452041738, 0.8194314397910685, 0.7916541028489983, 0.7777654343779634, 0.8055427713200334, 0.902763450617279, 1.0416501353276295, 1.194425488509015, 1.3055348362772956, 1.361089510161436, 1.388866847103506, 1.3333121732193658, 1.2499801623931552, 1.2083141569800502, 1.2499801623931552, 1.3055348362772956, 1.361089510161436, 1.388866847103506, 1.3333121732193658, 1.2499801623931552, 1.138870814624875, 1.0416501353276295, 0.9722067929724543, 0.902763450617279], [0.28703248173472456, 0.27314381326368947, 0.2638847009496661, 0.2592551447926545, 0.2685142571066778, 0.30092115020575966, 0.3472167117758765, 0.39814182950300503, 0.43517827875909854, 0.4536965033871453, 0.46295561570116867, 0.4444373910731219, 0.4166600541310518, 0.40277138566001675, 0.4166600541310518, 0.43517827875909854, 0.4536965033871453, 0.46295561570116867, 0.4444373910731219, 0.4166600541310518, 0.3796236048749583, 0.3472167117758765, 0.32406893099081807, 0.30092115020575966], [0.28703248173472456, 0.27314381326368947, 0.2638847009496661, 0.2592551447926545, 0.2685142571066778, 0.30092115020575966, 0.3472167117758765, 0.39814182950300503, 0.43517827875909854, 0.4536965033871453, 0.46295561570116867, 0.4444373910731219, 0.4166600541310518, 0.40277138566001675, 0.4166600541310518, 0.43517827875909854, 0.4536965033871453, 0.46295561570116867, 0.4444373910731219, 0.4166600541310518, 0.3796236048749583, 0.3472167117758765, 0.32406893099081807, 0.30092115020575966], [0.8610974452041738, 0.8194314397910685, 0.7916541028489983, 0.7777654343779634, 0.8055427713200334, 0.902763450617279, 1.0416501353276295, 1.194425488509015, 1.3055348362772956, 1.361089510161436, 1.388866847103506, 1.3333121732193658, 1.2499801623931552, 1.2083141569800502, 1.2499801623931552, 1.3055348362772956, 1.361089510161436, 1.388866847103506, 1.3333121732193658, 1.2499801623931552, 1.138870814624875, 1.0416501353276295, 0.9722067929724543, 0.902763450617279], [0.28703248173472456, 0.27314381326368947, 0.2638847009496661, 0.2592551447926545, 0.2685142571066778, 0.30092115020575966, 0.3472167117758765, 0.39814182950300503, 0.43517827875909854, 0.4536965033871453, 0.46295561570116867, 0.4444373910731219, 0.4166600541310518, 0.40277138566001675, 0.4166600541310518, 0.43517827875909854, 0.4536965033871453, 0.46295561570116867, 0.4444373910731219, 0.4166600541310518, 0.3796236048749583, 0.3472167117758765, 0.32406893099081807, 0.30092115020575966], [0.28703248173472456, 0.27314381326368947, 0.2638847009496661, 0.2592551447926545, 0.2685142571066778, 0.30092115020575966, 0.3472167117758765, 0.39814182950300503, 0.43517827875909854, 0.4536965033871453, 0.46295561570116867, 0.4444373910731219, 0.4166600541310518, 0.40277138566001675, 0.4166600541310518, 0.43517827875909854, 0.4536965033871453, 0.46295561570116867, 0.4444373910731219, 0.4166600541310518, 0.3796236048749583, 0.3472167117758765, 0.32406893099081807, 0.30092115020575966], [0.5740649634694491, 0.5462876265273789, 0.5277694018993322, 0.518510289585309, 0.5370285142133556, 0.6018423004115193, 0.694433423551753, 0.7962836590060101, 0.8703565575181971, 0.9073930067742906, 0.9259112314023373, 0.8888747821462438, 0.8333201082621036, 0.8055427713200335, 0.8333201082621036, 0.8703565575181971, 0.9073930067742906, 0.9259112314023373, 0.8888747821462438, 0.8333201082621036, 0.7592472097499166, 0.694433423551753, 0.6481378619816361, 0.6018423004115193], [0.28703248173472456, 0.27314381326368947, 0.2638847009496661, 0.2592551447926545, 0.2685142571066778, 0.30092115020575966, 0.3472167117758765, 0.39814182950300503, 0.43517827875909854, 0.4536965033871453, 0.46295561570116867, 0.4444373910731219, 0.4166600541310518, 0.40277138566001675, 0.4166600541310518, 0.43517827875909854, 0.4536965033871453, 0.46295561570116867, 0.4444373910731219, 0.4166600541310518, 0.3796236048749583, 0.3472167117758765, 0.32406893099081807, 0.30092115020575966], [0.5740649634694491, 0.5462876265273789, 0.5277694018993322, 0.518510289585309, 0.5370285142133556, 0.6018423004115193, 0.694433423551753, 0.7962836590060101, 0.8703565575181971, 0.9073930067742906, 0.9259112314023373, 0.8888747821462438, 0.8333201082621036, 0.8055427713200335, 0.8333201082621036, 0.8703565575181971, 0.9073930067742906, 0.9259112314023373, 0.8888747821462438, 0.8333201082621036, 0.7592472097499166, 0.694433423551753, 0.6481378619816361, 0.6018423004115193], [0.28703248173472456, 0.27314381326368947, 0.2638847009496661, 0.2592551447926545, 0.2685142571066778, 0.30092115020575966, 0.3472167117758765, 0.39814182950300503, 0.43517827875909854, 0.4536965033871453, 0.46295561570116867, 0.4444373910731219, 0.4166600541310518, 0.40277138566001675, 0.4166600541310518, 0.43517827875909854, 0.4536965033871453, 0.46295561570116867, 0.4444373910731219, 0.4166600541310518, 0.3796236048749583, 0.3472167117758765, 0.32406893099081807, 0.30092115020575966], [0.5740649634694491, 0.5462876265273789, 0.5277694018993322, 0.5185102895853091, 0.5370285142133557, 0.6018423004115193, 0.694433423551753, 0.7962836590060101, 0.8703565575181971, 0.9073930067742906, 0.9259112314023374, 0.8888747821462438, 0.8333201082621036, 0.8055427713200336, 0.8333201082621036, 0.8703565575181971, 0.9073930067742906, 0.9259112314023374, 0.8888747821462438, 0.8333201082621036, 0.7592472097499166, 0.694433423551753, 0.6481378619816361, 0.6018423004115193], [0.28703248173472456, 0.27314381326368947, 0.2638847009496661, 0.2592551447926546, 0.2685142571066779, 0.30092115020575966, 0.3472167117758765, 0.39814182950300503, 0.43517827875909854, 0.4536965033871453, 0.4629556157011688, 0.4444373910731219, 0.4166600541310518, 0.40277138566001686, 0.4166600541310518, 0.43517827875909854, 0.4536965033871453, 0.4629556157011688, 0.4444373910731219, 0.4166600541310518, 0.3796236048749583, 0.3472167117758765, 0.32406893099081807, 0.30092115020575966], [1.4351624086736228, 1.3657190663184473, 1.3194235047483305, 1.2962757239632725, 1.3425712855333891, 1.5046057510287982, 1.7360835588793824, 1.9907091475150251, 2.1758913937954927, 2.2684825169357263, 2.314778078505843, 2.2221869553656095, 2.083300270655259, 2.0138569283000836, 2.083300270655259, 2.1758913937954927, 2.2684825169357263, 2.314778078505843, 2.2221869553656095, 2.083300270655259, 1.8981180243747913, 1.7360835588793824, 1.6203446549540903, 1.5046057510287982], [1.1481299269388983, 1.0925752530547579, 1.0555388037986644, 1.037020579170618, 1.0740570284267112, 1.2036846008230386, 1.388866847103506, 1.5925673180120201, 1.7407131150363941, 1.8147860135485812, 1.8518224628046747, 1.7777495642924876, 1.6666402165242071, 1.611085542640067, 1.6666402165242071, 1.7407131150363941, 1.8147860135485812, 1.8518224628046747, 1.7777495642924876, 1.6666402165242071, 1.518494419499833, 1.388866847103506, 1.2962757239632723, 1.2036846008230386], [0.28703248173472456, 0.27314381326368947, 0.2638847009496661, 0.2592551447926545, 0.2685142571066778, 0.30092115020575966, 0.3472167117758765, 0.39814182950300503, 0.43517827875909854, 0.4536965033871453, 0.46295561570116867, 0.4444373910731219, 0.4166600541310518, 0.40277138566001675, 0.4166600541310518, 0.43517827875909854, 0.4536965033871453, 0.46295561570116867, 0.4444373910731219, 0.4166600541310518, 0.3796236048749583, 0.3472167117758765, 0.32406893099081807, 0.30092115020575966], [0.5740649634694491, 0.5462876265273789, 0.5277694018993322, 0.518510289585309, 0.5370285142133556, 0.6018423004115193, 0.694433423551753, 0.7962836590060101, 0.8703565575181971, 0.9073930067742906, 0.9259112314023373, 0.8888747821462438, 0.8333201082621036, 0.8055427713200335, 0.8333201082621036, 0.8703565575181971, 0.9073930067742906, 0.9259112314023373, 0.8888747821462438, 0.8333201082621036, 0.7592472097499166, 0.694433423551753, 0.6481378619816361, 0.6018423004115193], [0.28703248173472456, 0.27314381326368947, 0.2638847009496661, 0.2592551447926545, 0.2685142571066778, 0.30092115020575966, 0.3472167117758765, 0.39814182950300503, 0.43517827875909854, 0.4536965033871453, 0.46295561570116867, 0.4444373910731219, 0.4166600541310518, 0.40277138566001675, 0.4166600541310518, 0.43517827875909854, 0.4536965033871453, 0.46295561570116867, 0.4444373910731219, 0.4166600541310518, 0.3796236048749583, 0.3472167117758765, 0.32406893099081807, 0.30092115020575966], [1.7221948904083475, 1.638862879582137, 1.5833082056979966, 1.555530868755927, 1.6110855426400668, 1.805526901234558, 2.083300270655259, 2.38885097701803, 2.611069672554591, 2.722179020322872, 2.777733694207012, 2.6666243464387316, 2.4999603247863105, 2.4166283139601004, 2.4999603247863105, 2.611069672554591, 2.722179020322872, 2.777733694207012, 2.6666243464387316, 2.4999603247863105, 2.27774162924975, 2.083300270655259, 1.9444135859449083, 1.805526901234558], [1.435162408673623, 1.3657190663184475, 1.3194235047483305, 1.2962757239632725, 1.342571285533389, 1.5046057510287985, 1.7360835588793826, 1.9907091475150251, 2.1758913937954927, 2.268482516935727, 2.314778078505843, 2.2221869553656095, 2.0833002706552586, 2.0138569283000836, 2.0833002706552586, 2.1758913937954927, 2.268482516935727, 2.314778078505843, 2.2221869553656095, 2.0833002706552586, 1.8981180243747913, 1.7360835588793826, 1.6203446549540903, 1.5046057510287985], [1.1481299269388983, 1.0925752530547579, 1.0555388037986644, 1.037020579170618, 1.0740570284267112, 1.2036846008230386, 1.388866847103506, 1.5925673180120201, 1.7407131150363941, 1.8147860135485812, 1.8518224628046747, 1.7777495642924876, 1.6666402165242071, 1.611085542640067, 1.6666402165242071, 1.7407131150363941, 1.8147860135485812, 1.8518224628046747, 1.7777495642924876, 1.6666402165242071, 1.518494419499833, 1.388866847103506, 1.2962757239632723, 1.2036846008230386], [0.28703248173472456, 0.27314381326368947, 0.2638847009496661, 0.2592551447926545, 0.2685142571066778, 0.30092115020575966, 0.3472167117758765, 0.39814182950300503, 0.43517827875909854, 0.4536965033871453, 0.46295561570116867, 0.4444373910731219, 0.4166600541310518, 0.40277138566001675, 0.4166600541310518, 0.43517827875909854, 0.4536965033871453, 0.46295561570116867, 0.4444373910731219, 0.4166600541310518, 0.3796236048749583, 0.3472167117758765, 0.32406893099081807, 0.30092115020575966], [0.5740649634694491, 0.5462876265273789, 0.5277694018993322, 0.518510289585309, 0.5370285142133556, 0.6018423004115193, 0.694433423551753, 0.7962836590060101, 0.8703565575181971, 0.9073930067742906, 0.9259112314023373, 0.8888747821462438, 0.8333201082621036, 0.8055427713200335, 0.8333201082621036, 0.8703565575181971, 0.9073930067742906, 0.9259112314023373, 0.8888747821462438, 0.8333201082621036, 0.7592472097499166, 0.694433423551753, 0.6481378619816361, 0.6018423004115193], [0.28703248173472456, 0.27314381326368947, 0.2638847009496661, 0.2592551447926545, 0.2685142571066778, 0.30092115020575966, 0.3472167117758765, 0.39814182950300503, 0.43517827875909854, 0.4536965033871453, 0.46295561570116867, 0.4444373910731219, 0.4166600541310518, 0.40277138566001675, 0.4166600541310518, 0.43517827875909854, 0.4536965033871453, 0.46295561570116867, 0.4444373910731219, 0.4166600541310518, 0.3796236048749583, 0.3472167117758765, 0.32406893099081807, 0.30092115020575966]]
    delivery = [[-0.8616877160058045, 1.6157411859872042, -1.7180394320308687, -1.9442968679488117, -3.2236466280863207, -3.580153682595465, -0.09213262868022376, -0.02441304462042826, -0.07881706788800091, -0.7779278869772277, 0.0, 0.0, -1.4589665468708812, -2.980912589304081, -5.750573244470743, -5.707482781920018, -0.7367108892252753, -0.40491786305595734, 3.7120413135699795, 0.04462142687410782, 3.539957788137002, 3.8512528316274968, 0.7396287423795194, 0.9318159602409072]]
    mismatch = [[0.0, 0.0, 0.0, 0.0, 0.0, 0.0, 0.0, 0.0, 0.0, 0.0, 0.0, 0.0, 0.0, 0.0, 0.0, 0.0, 0.0, 0.0, 0.0, 0.0, 0.0, 0.0, 0.0, 0.0]]
    v = [[0.9984154082432769, 0.9984920820379571, 0.9985226420187622, 0.9985304005493512, 0.9984745900122115, 0.9983387344485968, 0.9980923577958741, 0.9978413173824026, 0.9976717288544164, 0.9976282431787395, 0.9976058634827633, 0.9977381638140684, 0.9979123059600471, 0.9979806334329052, 0.99785726512135, 0.9977193014245314, 0.9975674997053579, 0.9974675931114722, 0.9975464385702354, 0.9976997861595956, 0.9979042496120758, 0.9980831551329962, 0.9982109447907966, 0.9983387344485968], [0.9967291880992636, 0.9968874531912348, 0.9969177217663698, 0.9968949088959767, 0.9967597253171422, 0.9965709230072924, 0.9960525753635999, 0.9955023668600615, 0.9951152015392994, 0.9949629274672346, 0.9948380377914194, 0.9950896786857505, 0.9954217903022606, 0.9955587513930921, 0.995341730311648, 0.9951627741094144, 0.9949021839938529, 0.9947478832017732, 0.9949355170569245, 0.9952520472408666, 0.9956740874861227, 0.996043372700722, 0.9963071478540074, 0.9965709230072924], [0.994957759527835, 0.9952017389055205, 0.9952891503377984, 0.9952949088959766, 0.9951025824599993, 0.9947137801501496, 0.9939097182207428, 0.9930452240029187, 0.9924294872535852, 0.9921629274672346, 0.9919808949342765, 0.9923468215428933, 0.9928503617308321, 0.9930730371073778, 0.9927703017402194, 0.9924770598237002, 0.9921021839938529, 0.9918907403446303, 0.9921926599140674, 0.992680618669438, 0.9933312303432656, 0.9939005155578648, 0.9943071478540074, 0.9947137801501496], [0.9931863309564064, 0.9935160246198063, 0.993660578909227, 0.9936949088959767, 0.9934454396028565, 0.9928566372930068, 0.9917668610778856, 0.9905880811457758, 0.9897437729678709, 0.9893629274672345, 0.9891237520771338, 0.9896039644000362, 0.9902789331594035, 0.9905873228216635, 0.9901988731687908, 0.9897913455379859, 0.9893021839938528, 0.9890335974874875, 0.9894498027712102, 0.9901091900980095, 0.9909883732004084, 0.9917576584150076, 0.9923071478540074, 0.9928566372930068], [0.9914149023849779, 0.991830310334092, 0.9920320074806556, 0.9920949088959766, 0.9917882967457137, 0.9909994944358639, 0.9896240039350285, 0.988130938288633, 0.9870580586821566, 0.9865629274672345, 0.9862666092199909, 0.986861107257179, 0.987707504587975, 0.9881016085359492, 0.9876274445973623, 0.9871056312522716, 0.9865021839938528, 0.9861764546303446, 0.986706945628353, 0.9875377615265809, 0.9886455160575514, 0.9896148012721505, 0.9903071478540074, 0.9909994944358639], [0.9896434738135493, 0.9901445960483777, 0.9904034360520841, 0.9904949088959766, 0.9901311538885709, 0.989142351578721, 0.9874811467921714, 0.9856737954314901, 0.9843723443964423, 0.9837629274672345, 0.983409466362848, 0.9841182501143219, 0.9851360760165464, 0.9856158942502349, 0.9850560160259337, 0.9844199169665573, 0.9837021839938528, 0.9833193117732018, 0.9839640884854959, 0.9849663329551523, 0.9863026589146943, 0.9874719441292934, 0.9883071478540074, 0.989142351578721], [0.9971137910399593, 0.9972534463122195, 0.9973259939447444, 0.9973547463011934, 0.9972569481123338, 0.9969741357676993, 0.9965448182208121, 0.9961511392090389, 0.995915910792135, 0.9959607899885964, 0.9960337833447076, 0.9963266334144648, 0.9966934910962537, 0.9968146037648141, 0.996504569347969, 0.9961030444903203, 0.995721846606159, 0.9954368175791328, 0.9955310312876793, 0.9958103418321992, 0.996182755891559, 0.9965086181934991, 0.9967413769805994, 0.9969741357676993], [0.9958672732660137, 0.9960672439144325, 0.9961800017977299, 0.9962288592795651, 0.996090850839933, 0.9956673026175951, 0.99506709742943, 0.9945509105756247, 0.9942691508641687, 0.9944261617728912, 0.994612415231381, 0.9950712408796295, 0.9956333106302419, 0.9958033465741841, 0.9952948064329376, 0.994612213405301, 0.9939881192142251, 0.9935029583224282, 0.993600939250602, 0.9940008805474394, 0.994534135609889, 0.9950007337895326, 0.995334018203564, 0.9956673026175951], [0.9940958446945851, 0.9943815296287182, 0.9945514303691585, 0.994628859279565, 0.9944337079827902, 0.9938101597604522, 0.9929242402865728, 0.9920937677184818, 0.9915834365784544, 0.9916261617728912, 0.9917552723742382, 0.9923283837367723, 0.9930618820588133, 0.9933176322884698, 0.992723377861509, 0.9919264991195867, 0.9911881192142251, 0.9906458154652854, 0.990858082107745, 0.9914294519760108, 0.9921912784670318, 0.9928578766466755, 0.993334018203564, 0.9938101597604522], [0.990552987551728, 0.9910101010572896, 0.9912942875120155, 0.991428859279565, 0.9911194222685045, 0.9900958740461664, 0.9886385260008586, 0.9871794820041961, 0.9862120080070258, 0.9860261617728912, 0.9860409866599524, 0.986842669451058, 0.9879190249159562, 0.9883462037170412, 0.9875805207186519, 0.9865550705481582, 0.9855881192142251, 0.9849315297509996, 0.9853723678220306, 0.9862865948331537, 0.9875055641813176, 0.9885721623609612, 0.989334018203564, 0.9900958740461664], [0.9887815589802994, 0.9893243867715753, 0.9896657160834441, 0.9898288592795651, 0.9894622794113616, 0.9882387311890236, 0.9864956688580013, 0.9847223391470532, 0.9835262937213115, 0.9832261617728911, 0.9831838438028097, 0.9840998123082009, 0.9853475963445276, 0.9858604894313269, 0.9850090921472233, 0.9838693562624439, 0.982788119214225, 0.9820743868938568, 0.9826295106791735, 0.9837151662617252, 0.9851627070384604, 0.986429305218104, 0.987334018203564, 0.9882387311890236], [0.9923244161231566, 0.9926958153430039, 0.992922858940587, 0.9930288592795651, 0.9927765651256473, 0.9919530169033093, 0.9907813831437157, 0.989636624861339, 0.9888977222927401, 0.9888261617728912, 0.9888981295170953, 0.9895855265939152, 0.9904904534873847, 0.9908319180027555, 0.9901519492900804, 0.9892407848338725, 0.9883881192142251, 0.9877886726081425, 0.9881152249648878, 0.9888580234045823, 0.9898484213241747, 0.9907150195038184, 0.991334018203564, 0.9919530169033093], [0.9966765239907782, 0.9968373373460633, 0.9968926606187887, 0.9969073045810782, 0.9967954010035355, 0.9965157106354934, 0.9959888687807548, 0.9954293166450657, 0.9950353559554668, 0.9948796841989836, 0.9947736456092446, 0.9950241774282522, 0.9953636120617787, 0.9955086555540305, 0.9952942375834876, 0.9950829285255818, 0.994818940725602, 0.994662941091313, 0.9948539726308826, 0.9951755993414524, 0.9956044349555453, 0.9959796661178768, 0.9962476883766852, 0.9965157106354934], [0.9950426969036124, 0.9952825664082763, 0.9952581276533324, 0.9952096519148275, 0.9950450442376987, 0.9948028273989484, 0.9940124650462798, 0.9931630403628678, 0.9925582632749249, 0.9922971833192697, 0.9920218887258967, 0.9924033894867563, 0.9928883085553059, 0.9930810205285898, 0.9927583296413444, 0.9926058358450399, 0.992236439845888, 0.9920277361120131, 0.9923241758507547, 0.9928039148600826, 0.9934435668725194, 0.9940032623834019, 0.9944030448911754, 0.9948028273989484], [0.9935266348728699, 0.993839862217731, 0.9936184925573914, 0.9934284240472439, 0.993214911143317, 0.9932134075280087, 0.9921785190413493, 0.9910601156105476, 0.9902597176154121, 0.9899008272061607, 0.98936032552917, 0.9898870734298691, 0.9904952728656292, 0.9907030921425783, 0.9902528217267472, 0.9903072901855271, 0.989840083732779, 0.9895824747721059, 0.9899767249644438, 0.9906031796541661, 0.9914384525737955, 0.9921693163784714, 0.9926913619532403, 0.9932134075280087], [0.9949050954193497, 0.995151623060349, 0.9952640891902172, 0.9953073045810782, 0.9951382581463926, 0.9946585677783505, 0.9938460116378977, 0.9929721737879229, 0.9923496416697525, 0.9920796841989836, 0.9919165027521017, 0.9922813202853951, 0.9927921834903501, 0.9930229412683161, 0.992722809012059, 0.9923972142398675, 0.9920189407256019, 0.9918057982341701, 0.9921111154880254, 0.9926041707700238, 0.9932615778126882, 0.9938368089750197, 0.9942476883766852, 0.9946585677783505], [0.993133666847921, 0.9934659087746347, 0.9936355177616458, 0.9937073045810783, 0.9934811152892498, 0.9928014249212077, 0.9917031544950404, 0.99051503093078, 0.9896639273840382, 0.9892796841989836, 0.989059359894959, 0.9895384631425379, 0.9902207549189216, 0.9905372269826018, 0.9901513804406304, 0.9897114999541532, 0.9892189407256019, 0.9889486553770274, 0.9893682583451683, 0.9900327421985953, 0.990918720669831, 0.9916939518321625, 0.9922476883766852, 0.9928014249212077], [0.9913622382764925, 0.9917801944889204, 0.9920069463330744, 0.9921073045810782, 0.991823972432107, 0.9909442820640648, 0.9895602973521833, 0.9880578880736371, 0.9869782130983239, 0.9864796841989837, 0.9862022170378161, 0.9867956059996807, 0.987649326347493, 0.9880515126968876, 0.9875799518692019, 0.9870257856684389, 0.986418940725602, 0.9860915125198845, 0.9866254012023111, 0.9874613136271667, 0.9885758635269739, 0.9895510946893054, 0.9902476883766852, 0.9909442820640648], [0.9948725511004197, 0.9951206534665286, 0.9952654991616193, 0.9953304005493512, 0.9951603042979258, 0.9946244487343111, 0.9938066435101598, 0.9929270316681168, 0.9923003002829878, 0.9920282431787395, 0.9918915777684776, 0.9922524495283541, 0.99276944881719, 0.9930092048614766, 0.9927144079784929, 0.9923478728531028, 0.9919674997053578, 0.9917533073971865, 0.9920607242845211, 0.9925569290167385, 0.9932185353263615, 0.9937974408472818, 0.9942109447907966, 0.9946244487343111], [0.9992396669310271, 0.9992343207489167, 0.9992156975966248, 0.9991353318433905, 0.9991015699002976, 0.9992851792512156, 0.9989390860652564, 0.9989323933105234, 0.9991657143058956, 0.9991377837736092, 0.9991254595250609, 0.9989763714908794, 0.9989370158806516, 0.9990384090253978, 0.9989112614562821, 0.9988628487722611, 0.9990671038188849, 0.9987886002160536, 0.9989316310345755, 0.9989606328726505, 0.9992275995648613, 0.999281915650998, 0.9992873378123907, 0.999438171764711], [0.9983704331612488, 0.9983717019807103, 0.9983227516225074, 0.9979498504185531, 0.9978841653876299, 0.9982954504613932, 0.9976016410681616, 0.9975594762600202, 0.9979420422191643, 0.9982080665931786, 0.9981747198647694, 0.9983496010361094, 0.9982571187617035, 0.9983953997525754, 0.9980698887549204, 0.9979376131069924, 0.9979572012914543, 0.9973788807518482, 0.9975021923183961, 0.997520162959916, 0.9979719223724394, 0.9979826823898215, 0.9981620850274622, 0.9983323286006163], [0.9977016120653127, 0.9977372256436723, 0.9976554133318013, 0.9969489545239532, 0.9968566081355282, 0.9974915294049354, 0.9964180314869736, 0.996412744124858, 0.9970514079722487, 0.9977327714715813, 0.9977579518869629, 0.9983092972410675, 0.9981017667043884, 0.9982803086029703, 0.997737267058129, 0.9974378825480561, 0.9972458923605607, 0.9962900126305873, 0.9963571896492152, 0.9963152529468197, 0.9969484500841855, 0.9968491240336861, 0.9972185312221213, 0.9973763163988887], [0.9974682383595985, 0.9975486064632024, 0.9975871261680533, 0.9975353318433905, 0.9974444270431548, 0.9974280363940727, 0.9967962289223993, 0.9964752504533806, 0.9964800000201813, 0.9963377837736092, 0.996268316667918, 0.9962335143480222, 0.9963655873092231, 0.9965526947396834, 0.9963398328848535, 0.9961771344865468, 0.9962671038188848, 0.9959314573589108, 0.9961887738917183, 0.9963892043012219, 0.9968847424220042, 0.9971390585081409, 0.9972873378123907, 0.9975810289075681], [0.9956968097881699, 0.9958628921774881, 0.9959585547394819, 0.9959353318433906, 0.9957872841860119, 0.99557089353693, 0.994653371779542, 0.9940181075962377, 0.993794285734467, 0.9935377837736091, 0.9934111738107753, 0.993490657205165, 0.9937941587377945, 0.9940669804539691, 0.993768404313425, 0.9934914202008325, 0.9934671038188848, 0.993074314501768, 0.9934459167488612, 0.9938177757297934, 0.994541885279147, 0.9949962013652837, 0.9952873378123906, 0.9957238860504253], [0.990552987551728, 0.9910101010572896, 0.9912942875120155, 0.991428859279565, 0.9911194222685045, 0.9900958740461664, 0.9886385260008586, 0.9871794820041961, 0.9862120080070258, 0.9860261617728912, 0.9860409866599524, 0.986842669451058, 0.9879190249159562, 0.9883462037170412, 0.9875805207186519, 0.9865550705481582, 0.9855881192142251, 0.9849315297509996, 0.9853723678220306, 0.9862865948331537, 0.9875055641813176, 0.9885721623609612, 0.989334018203564, 0.9900958740461664], [0.9974682383595985, 0.9975486064632024, 0.9975871261680533, 0.9975353318433905, 0.9974444270431548, 0.9974280363940727, 0.9967962289223993, 0.9964752504533806, 0.9964800000201813, 0.9963377837736092, 0.996268316667918, 0.9962335143480222, 0.9963655873092231, 0.9965526947396834, 0.9963398328848535, 0.9961771344865468, 0.9962671038188848, 0.9959314573589108, 0.9961887738917183, 0.9963892043012219, 0.9968847424220042, 0.9971390585081409, 0.9972873378123907, 0.9975810289075681], [0.9956968097881699, 0.9958628921774881, 0.9959585547394819, 0.9959353318433906, 0.9957872841860119, 0.99557089353693, 0.994653371779542, 0.9940181075962377, 0.993794285734467, 0.9935377837736091, 0.9934111738107753, 0.993490657205165, 0.9937941587377945, 0.9940669804539691, 0.993768404313425, 0.9934914202008325, 0.9934671038188848, 0.993074314501768, 0.9934459167488612, 0.9938177757297934, 0.994541885279147, 0.9949962013652837, 0.9952873378123906, 0.9957238860504253], [0.9990880890295698, 0.9990074585316597, 0.9989374885777565, 0.9987803089517274, 0.9987221862690447, 0.9993394673140021, 0.9985204473307987, 0.9986735675251504, 0.9994740257541489, 0.9992444642430255, 0.999174849085877, 0.9984400891794364, 0.99816786041596, 0.998436246841007, 0.9982398303347122, 0.9982886966762126, 0.9991981925670606, 0.9985341062857397, 0.9989719677416907, 0.9989484647189767, 0.9995904390856448, 0.999640473002502, 0.9994955629895593, 0.9998783584997694], [0.9990604081641258, 0.9988921790983066, 0.9987625643265571, 0.9985205102535577, 0.9984405342273519, 0.999539954424586, 0.9982336883764965, 0.998582883763273, 1.0000113403574848, 0.9995734671162749, 0.9994465497265582, 0.998072580500293, 0.9975365548779008, 0.9979781513455133, 0.9977137237525175, 0.9978760510088165, 0.9995534706278212, 0.998478680389162, 0.999225181768336, 0.9991320459550609, 1.0001602284217357, 1.0001903552998406, 0.9998726880285319, 1.0004942603995006], [0.9991771469968747, 0.9989069653428213, 0.9987080332296622, 0.9983717089587757, 0.9982728023174262, 0.9999108574146641, 0.998100654149279, 0.9986881935543338, 1.0008155908586147, 1.0001616185171742, 0.9999773856951871, 0.9979018016043946, 0.9970659331256754, 0.9976879861605393, 0.9973570136852997, 0.9976516641604586, 1.0001700733651309, 0.9986552967292436, 0.9997265347273385, 0.9995438010740721, 1.0009712473370762, 1.0009632541585372, 1.0004466899892728, 1.0013149834302817], [0.9974057184254461, 0.997221251057107, 0.9970794618010907, 0.9967717089587756, 0.9966156594602833, 0.9980537145575212, 0.9959577970064218, 0.996231050697191, 0.9981298765729004, 0.9973616185171742, 0.9971202428380442, 0.9951589444615374, 0.9944945045542468, 0.995202271874825, 0.9947855851138712, 0.9949659498747443, 0.9973700733651308, 0.9957981538721007, 0.9969836775844814, 0.9969723725026436, 0.9986283901942191, 0.99882039701568, 0.9984466899892728, 0.9994578405731388], [0.9996687390968013, 0.9992593478079804, 0.9989659925187857, 0.9985110106016739, 0.9984007595283378, 1.000724088909834, 0.998366625161062, 0.9993022208166542, 1.0023126955525403, 1.0014224113478065, 1.0011808288326298, 0.998241651126388, 0.9970123794248024, 0.997833697980878, 0.9974399862782876, 0.99791591864202, 1.0014649659065626, 0.9994341978796629, 1.0008719528012262, 1.000547800371475, 1.00240839757005, 1.0023150109410903, 1.0015317022781085, 1.0026673366411685], [1.000409722728647, 0.9998363345276801, 0.9994318530399456, 0.9988419883996696, 0.9987254400154599, 1.0018316035103025, 0.9988980561181383, 1.0002547000562685, 1.0042707591967208, 1.0031307154882807, 1.0028317604859738, 0.9989212239868975, 0.9972363029379456, 0.998269400695258, 0.997815481684302, 0.9985052683554972, 1.0032111276462297, 1.0006138017707373, 1.0024458702366537, 1.0019458223328157, 1.004262115730156, 1.0040518844534003, 1.0029566919920028, 1.0043733857555994], [0.9980949133788543, 0.9981449584976555, 0.9981257473591533, 0.9980236096499571, 0.9979529201729231, 0.9980850343981313, 0.9975855802207527, 0.997486464646807, 0.9976980486270217, 0.997808462004203, 0.9979001257813281, 0.9979239011378187, 0.9980697813951124, 0.9982045524126426, 0.9978636641626276, 0.9975670218915952, 0.9975183681006495, 0.9970266979984778, 0.9971591094054048, 0.9972988938453029, 0.9977135706732779, 0.9978971331282084, 0.9979948741244536, 0.9982380269116267], [0.9964120660487591, 0.9965435392641778, 0.9965096763133068, 0.9963607455432043, 0.9962357706684254, 0.9963207589714186, 0.9955462676674927, 0.9951521925437717, 0.9951466349330064, 0.9951484775146977, 0.9951340110152428, 0.995275037397599, 0.9955695550660136, 0.99576837273984, 0.9953349225936708, 0.99501560819758, 0.9948583836111443, 0.9943124281112276, 0.9945534103136445, 0.9948560509467776, 0.9954878693657327, 0.9958614307127707, 0.9960948852033785, 0.9964737514849139], [0.9946406374773306, 0.9948578249784635, 0.9948811048847354, 0.9947607455432043, 0.9945786278112825, 0.9944636161142757, 0.9934034105246355, 0.9926950496866289, 0.9924609206472921, 0.9923484775146977, 0.9922768681580999, 0.9925321802547419, 0.9929981264945851, 0.9932826584541257, 0.9927634940222423, 0.9923298939118657, 0.9920583836111443, 0.9914552852540847, 0.9918105531707874, 0.9922846223753491, 0.9931450122228757, 0.9937185735699136, 0.9940948852033785, 0.994616608627771], [0.9928692089059019, 0.9931721106927492, 0.9932525334561639, 0.9931607455432043, 0.9929214849541397, 0.9926064732571329, 0.9912605533817783, 0.990237906829486, 0.9897752063615778, 0.9895484775146977, 0.9894197253009571, 0.9897893231118847, 0.9904266979231565, 0.9907969441684114, 0.9901920654508137, 0.9896441796261514, 0.9892583836111443, 0.9885981423969419, 0.9890676960279302, 0.9897131938039205, 0.9908021550800185, 0.9915757164270563, 0.9920948852033785, 0.9927594657706282], [0.9949487416904945, 0.9951510209232485, 0.9949245838485175, 0.9945420909403138, 0.994369912053978, 0.9947866285958186, 0.9937635604144424, 0.993122420046824, 0.9929280463898309, 0.9928354809484085, 0.9925934830299272, 0.992859109104759, 0.9932457828890807, 0.9934549502701555, 0.9929119684070102, 0.9927970196544046, 0.9925453870448551, 0.9919522275333813, 0.9922876177589122, 0.9927318704267161, 0.993552504891899, 0.9940912802793861, 0.9944427447988862, 0.9949396211093139], [0.9966439796718484, 0.9968063677522429, 0.9968940705901908, 0.9969304005493511, 0.9968174471550686, 0.9964815915914539, 0.995949500653017, 0.9953841745252597, 0.9949860145687021, 0.9948282431787395, 0.9947487206256204, 0.9949953066712113, 0.9953408773886185, 0.9954949191471909, 0.9952858365499214, 0.9950335871388171, 0.9947674997053578, 0.9946104502543293, 0.9948035814273782, 0.9951283575881671, 0.9955613924692187, 0.9959402979901391, 0.9962109447907966, 0.9964815915914539], [0.9948725511004198, 0.9951206534665286, 0.9952654991616193, 0.9953304005493511, 0.9951603042979258, 0.994624448734311, 0.9938066435101599, 0.9929270316681169, 0.9923003002829878, 0.9920282431787395, 0.9918915777684775, 0.9922524495283541, 0.99276944881719, 0.9930092048614766, 0.9927144079784929, 0.9923478728531028, 0.9919674997053578, 0.9917533073971864, 0.9920607242845211, 0.9925569290167385, 0.9932185353263616, 0.9937974408472819, 0.9942109447907966, 0.994624448734311], [0.9931336668479211, 0.9934659087746347, 0.9936355177616458, 0.9937073045810781, 0.9934811152892498, 0.9928014249212076, 0.9917031544950405, 0.9905150309307801, 0.9896639273840382, 0.9892796841989836, 0.9890593598949589, 0.9895384631425379, 0.9902207549189216, 0.9905372269826018, 0.9901513804406304, 0.9897114999541532, 0.9892189407256019, 0.9889486553770273, 0.9893682583451683, 0.9900327421985953, 0.9909187206698311, 0.9916939518321626, 0.9922476883766852, 0.9928014249212076], [0.9913622382764926, 0.9917801944889204, 0.9920069463330744, 0.9921073045810781, 0.991823972432107, 0.9909442820640647, 0.9895602973521834, 0.9880578880736373, 0.9869782130983239, 0.9864796841989836, 0.986202217037816, 0.9867956059996807, 0.987649326347493, 0.9880515126968875, 0.9875799518692019, 0.9870257856684389, 0.9864189407256019, 0.9860915125198844, 0.9866254012023111, 0.9874613136271667, 0.988575863526974, 0.9895510946893055, 0.9902476883766852, 0.9909442820640647], [0.9913622382764926, 0.9917801944889204, 0.9920069463330744, 0.9921073045810781, 0.991823972432107, 0.9909442820640647, 0.9895602973521834, 0.9880578880736373, 0.9869782130983239, 0.9864796841989836, 0.986202217037816, 0.9867956059996807, 0.987649326347493, 0.9880515126968875, 0.9875799518692019, 0.9870257856684389, 0.9864189407256019, 0.9860915125198844, 0.9866254012023111, 0.9874613136271667, 0.988575863526974, 0.9895510946893055, 0.9902476883766852, 0.9909442820640647], [1.0, 1.0, 1.0, 1.0, 1.0, 1.0, 1.0, 1.0, 1.0, 1.0, 1.0, 1.0, 1.0, 1.0, 1.0, 1.0, 1.0, 1.0, 1.0, 1.0, 1.0, 1.0, 1.0, 1.0]]
    "τ_IN" = [[293.15, 293.15, 294.00087662453086, 293.15, 293.15, 293.15, 293.15, 293.15, 293.15, 293.15, 293.15, 293.15, 293.15, 293.15, 293.15, 293.15, 293.15, 293.15, 293.15, 293.15, 293.15, 293.9122231671053, 293.69166666666666, 294.15], [293.15, 293.15, 294.05639718474964, 293.15, 293.15, 293.15, 293.15, 293.15, 293.15, 293.15, 293.15, 293.15, 293.15, 293.15, 293.15, 293.15, 293.15, 293.15, 293.15, 293.15, 293.15, 293.9679877502452, 293.6334405152636, 294.15], [293.24770754725375, 293.15, 293.15, 293.15, 293.15, 293.15, 293.15, 293.15, 293.15, 293.15, 293.15, 293.15, 293.15, 293.15, 293.15, 293.15, 293.15, 293.15, 293.15, 293.15, 293.15, 293.15, 293.646050401285, 294.15], [293.33768052728243, 293.15, 293.15, 293.15, 293.15, 293.15, 293.15, 293.15, 293.15, 293.15, 293.15, 293.15, 293.15, 293.15, 293.15, 293.15, 293.15, 293.15, 293.15, 293.15, 293.15, 293.15, 293.61913046596635, 294.15], [293.300358183615, 293.15, 293.15, 294.09379317504465, 295.15, 293.50354220771203, 293.15, 293.15, 293.15, 293.15, 293.15, 293.15, 293.15, 293.15, 293.15, 293.15, 293.15, 293.15, 293.15, 293.15, 293.15, 293.15, 293.6569535851948, 294.15], [293.15, 293.15, 294.06168015115526, 293.15, 293.15, 293.15, 293.15, 293.15, 293.15, 293.15, 293.15, 293.15, 293.15, 293.15, 293.15, 293.15, 293.15, 293.15, 293.15, 293.15, 293.15, 293.9732939362452, 293.6279001028365, 294.15], [293.2635079284659, 293.15, 293.15, 293.15, 293.15, 293.15, 293.15, 293.15, 293.15, 293.15, 293.15, 293.15, 293.15, 293.15, 293.15, 293.15, 293.15, 293.15, 293.15, 293.15, 293.15, 293.15, 293.6304411653171, 294.15], [293.334096343388, 293.15, 293.15, 293.15, 293.15, 293.15, 293.15, 293.15, 293.15, 293.15, 293.15, 293.15, 293.15, 293.15, 293.15, 293.15, 293.15, 293.15, 293.15, 293.15, 293.15, 293.15, 293.60911583764613, 294.15], [293.26766348295087, 293.15, 293.15, 293.15, 293.15, 293.15, 293.15, 293.15, 293.15, 293.15, 293.15, 293.15, 293.15, 293.15, 293.15, 293.15, 293.15, 293.15, 293.15, 293.15, 293.15, 293.15, 293.62633588268744, 294.15], [293.3435014591738, 293.15, 293.15, 293.15, 293.15, 293.15, 293.15, 293.15, 293.15, 293.15, 293.15, 293.15, 293.15, 293.15, 293.15, 293.15, 293.15, 293.15, 293.15, 293.15, 293.15, 293.15, 293.5999806238711, 294.15], [293.3880486817629, 293.15, 293.15, 293.15, 293.15, 293.15, 293.15, 293.15, 293.15, 293.15, 293.15, 293.15, 293.15, 293.15, 293.15, 293.15, 293.15, 293.15, 293.15, 293.15, 293.15, 293.15, 293.57042814235905, 294.15], [293.4113740738544, 293.15, 293.15, 293.15, 293.15, 293.15, 293.15, 293.15, 293.15, 293.15, 293.15, 293.15, 293.15, 293.15, 293.15, 293.15, 293.15, 293.15, 293.15, 293.15, 293.15, 293.15, 293.54967022746075, 294.15], [293.35984558127245, 293.15, 293.15, 293.7955537352038, 294.1742559650716, 293.15, 293.15, 293.15, 293.15, 293.15, 293.15, 293.15, 293.15, 293.15, 293.15, 293.15, 293.15, 293.15, 293.15, 293.15, 293.15, 293.15, 293.6003500752323, 294.15], [293.27695075056545, 293.15, 293.15, 293.15, 293.15, 293.15, 293.15, 293.15, 293.15, 293.15, 293.15, 293.15, 293.15, 293.15, 293.15, 293.15, 293.15, 293.15, 293.15, 293.15, 293.15, 293.15, 293.60591847567, 294.15], [293.2796926159931, 293.15, 293.15, 293.15, 293.15, 293.15, 293.15, 293.15, 293.15, 293.15, 293.15, 293.15, 293.15, 293.15, 293.15, 293.15, 293.15, 293.15, 293.15, 293.15, 293.15, 293.15, 293.6031989984534, 294.15], [293.3223035900188, 293.15, 293.15, 293.15, 293.15, 293.15, 293.15, 293.15, 293.15, 293.15, 293.15, 293.15, 293.15, 293.15, 293.15, 293.15, 293.15, 293.15, 293.15, 293.15, 293.15, 293.15, 293.5927172893594, 294.15], [293.3382532985713, 293.15, 293.15, 293.15, 293.15, 293.15, 293.15, 293.15, 293.15, 293.15, 293.15, 293.15, 293.15, 293.15, 293.15, 293.15, 293.15, 293.15, 293.15, 293.15, 293.15, 293.15, 293.5910063977312, 294.15], [293.29135744002207, 293.15, 293.15, 293.15, 293.15, 293.15, 293.15, 293.15, 293.15, 293.15, 293.15, 293.15, 293.15, 293.15, 293.15, 293.15, 293.15, 293.15, 293.15, 293.15, 293.15, 293.15, 293.6460080092082, 294.15], [293.3215559097095, 293.15, 293.15, 293.15, 293.15, 293.15, 293.15, 293.15, 293.15, 293.15, 293.15, 293.15, 293.15, 293.15, 293.15, 293.15, 293.15, 293.15, 293.15, 293.15, 293.15, 293.15, 293.6175121375856, 294.15], [293.26537723620044, 293.15, 293.15, 293.15, 293.15, 293.15, 293.15, 293.15, 293.15, 293.15, 293.15, 293.15, 293.15, 293.15, 293.15, 293.15, 293.15, 293.15, 293.15, 293.15, 293.15, 293.15, 293.67934915280733, 294.15], [293.30035818361506, 293.15, 293.15, 293.73797911364306, 294.06256245833623, 293.15, 293.15, 293.15, 293.15, 293.15, 293.15, 293.15, 293.15, 293.15, 293.15, 293.15, 293.15, 293.15, 293.15, 293.15, 293.15, 293.15, 293.6569535851948, 294.15], [293.3130544427395, 293.15, 293.15, 293.15, 293.15, 293.15, 293.15, 293.15, 293.15, 293.15, 293.15, 293.15, 293.15, 293.15, 293.15, 293.15, 293.15, 293.15, 293.15, 293.15, 293.15, 293.15, 293.62955660043235, 294.15], [293.2515763706596, 293.15, 293.15, 293.15, 293.15, 293.15, 293.15, 293.15, 293.15, 293.15, 293.15, 293.15, 293.15, 293.15, 293.15, 293.15, 293.15, 293.15, 293.15, 293.15, 293.15, 293.15, 293.6422283810028, 294.15], [293.30292311455975, 293.15, 293.15, 293.15, 293.15, 293.15, 293.15, 293.15, 293.15, 293.15, 293.15, 293.15, 293.15, 293.15, 293.15, 293.15, 293.15, 293.15, 293.15, 293.15, 293.15, 293.15, 293.6393971767411, 294.15], [293.28587081321484, 293.15, 293.15, 293.15, 293.15, 293.15, 293.15, 293.15, 293.15, 293.15, 293.15, 293.15, 293.15, 293.15, 293.15, 293.15, 293.15, 293.15, 293.15, 293.15, 293.15, 293.15, 293.6692157451846, 294.15], [293.28587081321484, 293.15, 293.15, 294.1238113261563, 294.76693301249503, 293.1906945013798, 293.15, 293.15, 293.15, 293.15, 293.15, 293.15, 293.15, 293.15, 293.15, 293.15, 293.15, 293.15, 293.15, 293.15, 293.15, 293.15, 293.6692157451847, 294.15], [293.37205967144627, 293.15, 293.15, 293.15, 293.15, 293.15, 293.15, 293.15, 293.15, 293.15, 293.15, 293.15, 293.15, 293.15, 293.15, 293.15, 293.15, 293.15, 293.15, 293.15, 293.15, 293.15, 293.58588648730546, 294.15], [293.3649476234338, 293.15, 293.15, 293.15, 293.15, 293.15, 293.15, 293.15, 293.15, 293.15, 293.15, 293.15, 293.15, 293.15, 293.15, 293.15, 293.15, 293.15, 293.15, 293.15, 293.15, 293.15, 293.594529902388, 294.15], [293.3142182861802, 293.15, 293.15, 293.15, 293.15, 293.15, 293.15, 293.15, 293.15, 293.15, 293.15, 293.15, 293.15, 293.15, 293.15, 293.15, 293.15, 293.15, 293.15, 293.15, 293.15, 293.15, 293.6444347207671, 294.15], [293.3765923843035, 293.15, 293.15, 293.15, 293.15, 293.15, 293.15, 293.15, 293.15, 293.15, 293.15, 293.15, 293.15, 293.15, 293.15, 293.15, 293.15, 293.15, 293.15, 293.15, 293.15, 293.15, 293.5832800860006, 294.15], [293.356221594396, 293.15, 293.15, 293.15, 293.15, 293.15, 293.15, 293.15, 293.15, 293.15, 293.15, 293.15, 293.15, 293.15, 293.15, 293.15, 293.15, 293.15, 293.15, 293.15, 293.15, 293.15, 293.6038689937183, 294.15], [293.29715076534984, 293.15, 293.15, 293.15, 293.15, 293.15, 293.15, 293.15, 293.15, 293.15, 293.15, 293.15, 293.15, 293.15, 293.15, 293.15, 293.15, 293.15, 293.15, 293.15, 293.15, 293.15, 293.6648277443776, 294.15], [293.31555931310754, 293.15, 293.15, 293.15, 293.15, 293.15, 293.15, 293.15, 293.15, 293.15, 293.15, 293.15, 293.15, 293.15, 293.15, 293.15, 293.15, 293.15, 293.15, 293.15, 293.15, 293.15, 293.5993326991651, 294.15], [293.3252456104976, 293.15, 293.15, 293.15, 293.15, 293.15, 293.15, 293.15, 293.15, 293.15, 293.15, 293.15, 293.15, 293.15, 293.15, 293.15, 293.15, 293.15, 293.15, 293.15, 293.15, 293.15, 293.60370478994474, 294.15], [293.3086225931985, 293.15, 293.15, 293.15, 293.15, 293.15, 293.15, 293.15, 293.15, 293.15, 293.15, 293.15, 293.15, 293.15, 293.15, 293.15, 293.15, 293.15, 293.15, 293.15, 293.15, 293.15, 293.6387996543973, 294.15], [293.2526941441872, 293.15, 293.15, 293.15, 293.15, 293.15, 293.15, 293.15, 293.15, 293.15, 293.15, 293.15, 293.15, 293.15, 293.15, 293.15, 293.15, 293.15, 293.15, 293.15, 293.15, 293.15, 293.69166666666666, 294.15]]
    "τ_R" = [[322.5103075690481, 323.6169454841864, 320.556567934831, 320.22001014369545, 317.64051046117726, 314.56234593263406, 310.8567294936668, 306.3131703302374, 303.98257736820113, 305.5741459682709, 310.58135625740584, 315.22280510094544, 316.9154320987655, 316.89701310105823, 316.1325007841921, 314.31910938074714, 311.9553731618334, 308.361968195035, 305.38684884407417, 304.0106048488444, 304.4944430443617, 304.77458186011563, 304.84873204430687, 301.0501111333463], [336.45621637605063, 314.9075576603246, 293.15, 330.193269188957, 306.7863636363633, 309.1904088330476, 301.05612484205506, 298.67118556004766, 307.5750735469673, 319.33066088765275, 329.07084247598755, 320.28614818842544, 309.2869683338255, 310.3035458854559, 309.5560156727875, 308.148678454948, 312.0189289902247, 301.580863464932, 302.0316111987128, 303.1333871640346, 310.05125945565277, 293.15, 310.53733239171385, 293.15], [326.8804162250146, 324.5014458557859, 318.45840982473203, 321.20590606050416, 317.6020435373617, 316.0129203124505, 310.5701247653336, 303.95069342971317, 302.4306864230408, 307.2742052932013, 316.64216564873817, 322.67854493365945, 322.4610773166429, 320.4273917137185, 318.3333315987533, 314.4119813611064, 310.195856256937, 305.1235311661747, 303.1562548432373, 303.1417732925974, 305.23427847291634, 305.6096555422864, 304.65326845907333, 296.9751200612226], [330.46020079825644, 323.5114376392306, 319.32987346621684, 318.74010361959205, 316.21133927619155, 314.1094872363845, 307.42893684819916, 300.65738609705556, 301.61635993976245, 309.0331996473507, 320.2682095542216, 325.20542631244746, 322.14920132192805, 318.75358745501933, 316.536894143263, 311.1221376987712, 307.27897772711987, 304.03418700872436, 302.9233230180356, 303.30619185151795, 305.601144822888, 308.5039187564006, 301.0730618037659, 294.87432920360686], [332.94085638024274, 323.4204029114632, 325.5931963119616, 329.26531319407906, 327.6159941192118, 322.9590084178099, 308.5807283187893, 299.23834449029675, 300.1318116180055, 307.0931072437696, 325.1141559230001, 332.6516863020411, 330.9670689551777, 328.9084367604668, 327.5943542480286, 312.1765298823725, 303.7533044287086, 302.4333771800111, 302.81946197793184, 303.5687494096863, 304.9106759361555, 307.25005053678024, 299.2463208000991, 293.63296320833217], [338.15, 319.6402845411254, 338.15, 338.15, 338.15, 338.15, 307.61450386415214, 297.7426277532536, 300.3301944800083, 308.0618870375395, 338.15, 338.15, 338.15, 338.15, 338.15, 304.7863636363638, 302.78518652740246, 301.81964277396764, 303.1147959529793, 303.8380518043643, 305.015050225877, 307.4068271138251, 296.1731992814334, 293.15], [322.8068451208717, 323.35770593377697, 320.98186532374166, 320.32471841346523, 316.0408297130377, 313.18512902541124, 309.4098407489443, 305.61011041304613, 304.0957202871828, 305.8140685189386, 310.12746528094675, 313.7134281680512, 315.17500127981447, 315.6108763725612, 315.1212887496706, 313.64795725309546, 311.75255553475085, 308.26527751660166, 305.5435753790753, 304.1614041692547, 304.6296336376667, 304.9828983144016, 304.9228059311787, 300.5077599797017], [325.83149392805285, 325.0817252271503, 321.1595449562916, 316.63456777104045, 312.4061411308427, 308.85275317292206, 304.669784775171, 301.0162197087019, 300.899207674779, 305.02391569911737, 311.83197966817715, 316.7206393911456, 317.6347472159367, 316.35824999387756, 313.5663144470595, 309.91314834057056, 307.1770394851535, 304.2119635184889, 302.9424278419423, 303.32569447196255, 304.980799775609, 306.957463157173, 303.2678249888934, 297.91270966098074], [327.0927514723003, 325.91434479757874, 320.19333419978994, 315.7205178013702, 311.8183917176212, 307.77981320280026, 303.5873322996473, 300.17192089909315, 300.2596437164291, 304.8233452538676, 312.08401637328393, 317.6105518694533, 318.67758868105466, 316.599197965601, 313.0011587867962, 308.8983814497001, 305.83110730711917, 303.4125497724025, 302.7648056625302, 303.4883771359675, 304.96771574040764, 306.84268139691676, 302.70606878104286, 296.6875607091866], [322.7546688515697, 323.0795124960379, 322.3725850848879, 320.33928334352873, 317.44423765573424, 314.8200830030257, 311.17301648588574, 307.11150073489176, 305.3333703882679, 306.5862107280343, 310.22689550611267, 313.47768407711317, 314.8657716865249, 315.71646548272696, 316.339954455898, 315.64415913980446, 313.5250883975422, 309.6082683176038, 306.1928101176879, 304.3157248629875, 304.4055295817054, 305.71734584318267, 303.9878426838415, 300.68075475332245], [323.11533833363603, 323.9382529521461, 322.66249269575985, 320.2585319390336, 317.42907891135974, 314.6259290527598, 310.6679424036485, 306.47470258031854, 304.7726320929707, 306.1204934093854, 310.05106528613686, 313.86826163927367, 315.63687762249805, 316.5569615959724, 317.2319333181835, 316.0022870618828, 312.893087480077, 308.74369024856594, 305.42105211744916, 303.8396396942655, 304.1473292895661, 305.651541494959, 304.0124614915531, 300.1471710606796], [323.6199888063778, 324.8295664544553, 322.8070862006252, 320.03751844660593, 317.52216301456605, 314.57044964540773, 309.98867171017736, 305.831111066728, 304.43218298841884, 305.80307663683277, 310.1021690049119, 314.19367993214587, 316.25574556758653, 317.55330399789983, 318.351201886865, 316.24178684925675, 312.116397606469, 307.7040711214699, 304.5785396277837, 303.4300323000062, 304.0427432351521, 305.68384648317266, 303.8922984294948, 299.4308220323774], [324.33894470982955, 325.6870846123611, 322.7158521367558, 319.74410131723573, 317.8396826358332, 314.57525471875243, 309.0738850541474, 305.3100894925922, 304.32685655739397, 305.6066400842881, 310.5126825981975, 314.3918808308012, 316.7382676225126, 318.75937342178867, 319.73147729091585, 316.1927107769364, 311.22024947843755, 306.5555699190298, 303.6547571717549, 303.1194781256704, 304.08280797980177, 305.82615862217773, 303.5461330160669, 298.5273225125185], [338.15, 338.15, 338.15, 338.15, 338.15, 326.9725349664031, 300.4907352495926, 298.5308099534347, 300.88986680587186, 307.6076796796333, 338.15, 338.15, 338.15, 338.15, 338.15, 305.78360649275993, 302.8372039866959, 301.8965876181847, 304.1269683426078, 305.35515747011215, 306.02319775129206, 307.67535180514756, 298.1289814372841, 293.15], [323.80567699124754, 324.9343186388781, 320.26893412715367, 317.12239683832087, 316.0041544649951, 312.8870810976285, 308.9381515286941, 306.1708228760115, 304.92718362572265, 305.3015586017195, 308.0241129065876, 311.08710974051337, 314.56797279874394, 317.9399824904675, 319.2517275257479, 316.9731528623839, 311.5297597549779, 305.7870469711995, 302.5667206152242, 302.69130190636014, 304.0690125695282, 305.95885439563716, 303.56098106217564, 298.109031633047], [327.51157345866045, 324.0402136569013, 318.3112717829172, 316.7385108697604, 316.12302417431715, 311.49910085016205, 307.7104277166748, 305.60253126453347, 304.91125276718685, 305.7899043510967, 309.56610137432153, 312.4050508822117, 316.3484762924168, 319.4745481569257, 319.66946558647356, 315.77092743813506, 309.24607533695274, 303.9133777576511, 301.9988598252193, 303.3821809292524, 304.7778402060495, 306.93137414805545, 301.94173380303357, 296.0325551034161], [326.8004054953567, 324.55437619207896, 318.96349814568214, 316.7316917363975, 315.92888236748746, 311.8252973935992, 308.0411484120161, 305.6116014371055, 304.8229768480926, 305.7873115381595, 309.3193721015991, 312.0963026922467, 315.87887685957685, 319.07783427733347, 319.6540026188458, 316.2364312177701, 309.9457710105854, 304.35750648479313, 302.03378413789477, 303.168605798064, 304.66794549511405, 306.77328711825027, 302.33054852025407, 296.44718497386367], [328.4189023587292, 324.96458706383595, 317.7564841656811, 315.51446653647133, 315.26383253380374, 311.59435394199454, 306.8949886803103, 304.42979813059725, 304.60607473907396, 306.1749416666179, 309.24623137560036, 312.0887057528777, 315.6329538185886, 319.1612780996741, 319.8137943794579, 316.0695563886331, 309.1569654492167, 303.0228328264965, 301.29596132666694, 303.0270745288017, 304.92336762902386, 306.63927759060033, 301.29969275084727, 295.1818022800347], [330.8791847660826, 324.4213533727369, 316.0892189030369, 314.66805574543287, 314.6186358387671, 311.0232011486665, 305.72716723539855, 303.26489929529816, 304.4583889325261, 306.6417210464867, 309.32691425366056, 312.0100822872522, 315.52848960177164, 319.24081234407356, 319.8025217138207, 315.56990268927694, 308.0723220870867, 301.6388664265335, 300.6969692055268, 303.08209107851445, 305.13901354608385, 306.54119342151216, 299.5924527191786, 293.91861259665205], [338.15, 319.73042309344083, 314.26888442621134, 314.72404601846733, 314.6904989080439, 310.0815467633805, 303.9982306319183, 302.5302436465992, 305.3925170483579, 307.8070351039099, 310.2141817985234, 312.95496978474733, 316.9795323661947, 320.86054705944053, 320.29606508391936, 314.34358058583206, 305.6276864949652, 299.51644941538933, 300.8035982878595, 304.13669763580185, 305.9543695359812, 307.0371056649595, 295.8205406362639, 293.15], [333.93925151215393, 322.76147061705126, 315.0409248690938, 314.3373465904713, 313.9596403706431, 310.2721451613777, 304.78496221831995, 302.3825246556786, 304.336218178708, 307.04963257366694, 309.4687053801532, 311.8251198115088, 315.3284256093025, 319.126898090334, 319.5492559603113, 315.0258522803788, 307.229083774355, 300.69462621018437, 300.4369942952506, 303.17046513314114, 305.21801457976994, 306.4102534711146, 297.3772033900985, 293.15], [338.15, 319.15861482592777, 314.3521809683372, 313.89049944091255, 312.991015328289, 309.2177415614127, 303.633502248659, 301.29235805861526, 304.0451657097184, 307.3064511205095, 309.40888231859094, 311.35925255955476, 314.91991289818066, 318.8076511482982, 319.03281477523865, 314.2232552188771, 306.1411507311468, 299.5396842143179, 300.0640226436649, 303.0624360318231, 305.0596646318421, 306.05745607857364, 293.883029460725, 293.15], [338.15, 319.6402845411267, 338.15, 338.15, 338.15, 323.42334619636955, 299.9008556958902, 297.7426277532536, 300.3301944800083, 308.0618870375395, 338.15, 338.15, 338.15, 338.15, 338.15, 304.7863636363638, 302.78518652740246, 301.81964277396764, 303.1147959529793, 303.8380518043643, 305.015050225877, 307.4068271138251, 296.1731992814334, 293.15], [330.2427794070593, 324.4825451328007, 322.19360993318514, 324.2166427588353, 322.9893395547939, 319.55049693058885, 310.45887146767797, 301.46062481776465, 300.7122523075592, 307.0072144426379, 320.1977809692911, 328.50332148963423, 327.5446842796571, 324.7548057796568, 323.03891244118404, 314.5428618857133, 306.6226950408169, 303.22552775249994, 302.81521579377176, 303.4472427219337, 305.0928888047202, 307.4945938097808, 300.96895563190486, 294.80802098052277], [328.47266960876124, 324.37556573872644, 321.2732194566699, 321.30001782367844, 320.11600497087164, 317.8418264704972, 311.1992306351487, 303.3111411252837, 301.84970416643927, 307.2973381860138, 317.9659723097759, 325.17198817428715, 324.7795609408042, 322.4459173980718, 320.63561621277216, 315.3213847412637, 309.2577731888449, 304.2943198218696, 302.8734594484912, 303.34252403006474, 305.31716529574396, 307.7563438523709, 301.94923642289496, 296.01523597153925], [333.0745735587533, 322.3651229822409, 320.1557201790671, 321.17121590311945, 318.25021608760164, 315.79630431170335, 305.85974742621937, 298.9786352651381, 301.0481360276148, 309.15972394315435, 322.6894255672015, 327.5959385510686, 324.21137488141443, 320.5644883089651, 318.32459758755357, 309.43080965728967, 305.18222439856333, 303.46203406028155, 302.8483309929094, 303.3133484865729, 305.35355710108604, 308.3482885515689, 299.4350977560509, 293.6727484651443], [338.15, 318.46489172940943, 314.1247544792907, 313.14539354546463, 308.26897117249484, 303.90732158068505, 300.6889317409284, 298.05997973803386, 301.2444641088996, 310.2754879234927, 320.0815875860303, 323.10672692091845, 318.1513518668664, 312.09376162585323, 308.2135310943337, 305.32647314144486, 304.30970896833617, 302.90240092217584, 303.01896575446506, 303.50336893728513, 305.51226786136357, 308.61227322460684, 296.3569621456859, 293.15], [338.15, 318.46489172940943, 338.15, 338.15, 338.15, 338.15, 302.83497767886576, 298.05997973803386, 301.2444641088996, 310.2754879234927, 338.15, 338.15, 338.15, 338.15, 338.15, 305.32647314144486, 304.30970896833617, 302.90240092217584, 303.01896575446506, 303.50336893728513, 305.51226786136357, 308.61227322460684, 296.35696214568463, 293.15], [329.04670778201825, 326.14448625898626, 318.6470634267571, 314.8468583179291, 311.20444856297587, 306.64064285011744, 302.3728838593703, 299.32321492253334, 299.8708435591572, 304.97581547099134, 312.6250497106414, 318.4144989897028, 319.41997280552613, 316.6314946583864, 312.24798971370086, 307.7628155618172, 304.5388338906723, 302.55543503830495, 302.6872503437284, 303.73313371849264, 305.012505029633, 306.7523610309724, 301.63351489665865, 295.2523187138553], [334.195401558373, 324.08005823933456, 316.02384140173484, 314.06205237973387, 310.0905433636111, 304.9155466627484, 300.8444564367591, 298.4500197418825, 300.19930915830463, 306.6655384182675, 315.1141560035827, 320.56267242132606, 320.2806642696567, 315.93557113346094, 310.5773070541353, 306.01370566880195, 303.2518956128929, 301.9872127045855, 303.19487807132526, 304.3065974697687, 305.3185773275418, 307.17823088757444, 299.16350902987443, 293.48904044583327], [338.15, 320.93254234288077, 315.1099575357589, 313.73157760913017, 309.3213824265454, 303.65707942939775, 299.5085622869228, 297.5358925415202, 299.8897915116017, 306.5773147840417, 314.91568790415704, 320.3409962320035, 320.3623056191657, 315.87327657150576, 309.84513820341647, 304.834933504764, 301.85778961250855, 300.8710431706442, 303.09679682879175, 304.3616490211542, 305.06009961934853, 306.70852318329355, 296.0304333831641, 293.15], [331.34258110717747, 325.56362513304634, 317.5821642398694, 314.53637449074796, 310.8149653842033, 305.81214415348387, 301.41790802900266, 298.64830972987227, 299.68671151329534, 305.12075703103983, 312.78513574686264, 318.5375039091372, 319.6840070016039, 316.79274668474704, 311.94729297006137, 307.0413300003438, 303.54784114979856, 301.73336700772495, 302.6147170525792, 303.98626694218916, 305.1167667119195, 306.6572072613579, 300.1771486792604, 294.12861917563697], [334.0540461084926, 324.16341851590715, 316.2041742013845, 314.09555381064354, 310.18117786327736, 304.7004771150564, 300.1467215951867, 297.74067163464565, 299.3259694112065, 304.97917899397396, 312.55703485213786, 318.3493142748476, 319.86564755789124, 316.924239375934, 311.4049919375598, 305.9387027979778, 302.17795729605547, 300.6080996250963, 302.4260819540884, 304.14055470731364, 304.9856601847282, 306.2341714030657, 297.915435755802, 293.2399412237016], [338.15, 320.78304013642145, 315.40063069068503, 313.7694083020967, 309.3867052259567, 303.4798059040844, 298.8206161363467, 296.7863636363636, 299.04128448058344, 304.94505251519786, 312.35638507172223, 318.0311759307466, 319.8472304753578, 316.91109806515607, 310.78322641463006, 304.78919069077386, 300.7863636363637, 299.44178513266877, 302.267969488569, 304.210689245356, 304.7863636363638, 305.78636363636286, 294.49635802595435, 293.15], [329.0066613793581, 324.29204972811755, 317.2970686967684, 315.5714475893683, 315.37615809129454, 311.288783109288, 306.57809511031144, 304.43615462968194, 304.66694511740997, 306.0977307271308, 309.3360226258117, 312.26369103371593, 315.88972334176356, 319.3626758884419, 319.70988944558, 315.63859346002204, 308.6142014043804, 302.7213180569231, 301.3218235450059, 303.1492944486786, 304.92827253630264, 306.66876967017913, 300.8614623481016, 294.89455211279045], [331.04281924513793, 323.880064710198, 316.0138028516611, 314.6635271382888, 314.5648372883846, 310.781547569945, 305.54766655682624, 303.2410743387946, 304.3643870538238, 306.4407717412019, 309.2364817835206, 311.95531338753614, 315.46698302971174, 319.1278912447846, 319.5776195197396, 315.2981597063144, 307.85604984142, 301.5617772803008, 300.6890572391387, 303.00342452013666, 304.9903633478312, 306.4278305907193, 299.201142484596, 293.8306468664607], [333.8861462282035, 322.2722529935034, 314.70004436566614, 314.04807203214483, 313.66513121171306, 309.9752770410342, 304.4907508828314, 302.0849888145716, 304.03486787925385, 306.75459169233415, 309.180438328514, 311.5350142827447, 315.0289046920193, 318.8162060134041, 319.23400073450324, 314.71732927281903, 306.9349074860527, 300.4116247952674, 300.15888727171637, 302.89422353733886, 304.944790693832, 306.138966978771, 296.7333367973182, 293.15], [338.15, 318.57075313486354, 314.05614315396286, 313.60194007179734, 312.6973826291386, 308.9205130649311, 303.3390665972537, 300.9955368366507, 303.74384157809567, 307.01066179513543, 309.1208555830163, 311.06992680263124, 314.6209550169957, 318.49714046381786, 318.7171743147733, 313.91405979609743, 305.84660608963065, 299.2570776861017, 299.7863636363634, 302.78636363636315, 304.7863636363638, 305.78636363636286, 293.2985838994461, 293.15]]
    "τ_S" = [[347.61597887322944, 355.79795334751674, 350.00420923668577, 346.45457804492986, 343.87507836241235, 355.068227203784, 343.15, 348.5382448450061, 356.45171317067025, 364.3920729567139, 370.76654144259095, 352.50367261662416, 343.15, 347.8414632174196, 345.8953361141893, 349.35318838314504, 359.78506440252636, 343.15, 349.0604755707617, 343.15, 353.6551135082661, 350.7023029643665, 343.15, 345.5273673848775], [351.0016709215059, 351.2711940239612, 350.17231407896804, 345.99232465373746, 343.15, 349.55404519668366, 345.41976120569177, 345.0348219236847, 351.93870991060396, 359.6942972512888, 366.4344788396243, 356.64978455206204, 344.650604697462, 344.66718224909204, 344.91965203642394, 346.5123148185851, 354.3825653538611, 346.9444998285689, 345.3952475623494, 343.49702352767065, 348.4148958192897, 349.9156806172275, 344.05852389729483, 343.15], [352.43830425387966, 352.7135340083243, 351.58556470271793, 347.3112491361152, 344.42038875788546, 350.98331819884476, 346.7847888700131, 346.40334444268115, 353.44176422739116, 361.3382712903215, 368.20369588183485, 358.20600621876116, 345.94694336250194, 345.95804929791217, 346.22168728004317, 347.86553958918455, 355.92571854838445, 348.34763362145077, 346.75393358058176, 344.79805032592196, 349.8084042151269, 351.33514273351284, 345.34814896427025, 344.42038875788546], [355.1825557482782, 351.96251769550213, 351.31115661065866, 348.11884247660834, 344.79342088976455, 348.162272270049, 347.546258926676, 345.9029277588905, 350.42995669554824, 357.9786515636273, 365.1271863332929, 360.79467797555776, 349.4011985495302, 345.3635663176585, 345.5387142125803, 346.70343216050526, 352.558203889834, 350.2074910105679, 346.65826947738594, 344.84835829151444, 347.51634134259723, 350.1813866437759, 346.73462741501373, 344.1452639719638], [357.4727770580987, 353.1053709030991, 350.68220400840926, 348.6621596905973, 345.74251139270933, 345.3932772453987, 346.20879627346494, 345.5792179473341, 346.7768456990486, 351.87984566037585, 358.7936737364493, 360.8495879411975, 354.78158143725, 347.5915303897598, 344.6634373158024, 344.7924412613378, 347.84895763300506, 349.4856834506728, 347.56032977860144, 344.98499063546245, 344.98375568643206, 347.1162883086973, 347.07166643387654, 344.73260801527954], [356.5227537647477, 352.7233787167983, 349.7382490242446, 347.64635254192297, 345.0798388364445, 343.8765289235788, 344.26449205952713, 344.10626411689, 344.69383084364523, 348.42552340117635, 354.5945778744698, 358.1822907524207, 354.9158068007147, 348.2822611684399, 344.0383548633424, 343.15, 345.1488228910388, 347.1832791376049, 346.4784323166159, 344.20168816800117, 343.3786865895132, 344.7704634774622, 345.44110872275735, 343.90737632302205], [352.5750047050692, 352.85077746647596, 351.7200402112256, 347.43674919779625, 344.5412704835671, 351.11931829007585, 346.9146758031602, 346.53356392290215, 353.5847848566896, 361.494700901006, 368.3720427818214, 358.35408589865915, 346.07029430836405, 346.08087960124914, 346.34558027434906, 347.99430343764413, 356.07255471958575, 348.481146479773, 346.88321708496096, 344.92184736328903, 349.9410011848301, 351.4702092862442, 345.470861088894, 344.5412704835671], [355.5847472700427, 352.3467302355252, 351.69037662302736, 348.4787028489707, 345.13724544105906, 348.5306889522641, 347.91737793324864, 346.2683017460592, 350.81825542132066, 358.40331593644436, 365.58697818420404, 361.22838438671045, 349.76975437081035, 345.70804269177574, 345.88534441241694, 347.06081232729275, 352.9542360265341, 350.5951841576179, 347.0239736516605, 345.199530302091, 347.87915926480116, 350.5573695286705, 347.0898299736751, 344.4858291203536], [357.3815432862417, 352.9710874951121, 351.465780590763, 349.12293909188963, 345.8425352836755, 346.9764547214596, 347.68693076965235, 346.3879900318405, 348.85908182756833, 355.3970044137983, 362.67243254945913, 362.1663472933987, 353.13503958948866, 346.65172828756306, 345.42224532916504, 346.2541938490415, 350.5398704268248, 350.9237661061143, 347.780674123527, 345.3948977407863, 346.56910170676673, 349.23222293019677, 347.82423367014735, 344.95110899681055], [355.6905250205677, 352.44777945214923, 351.79006576739624, 348.57330034157667, 345.22776651873403, 348.6277718854661, 348.015171587031, 346.36449039932563, 350.92028527812437, 358.5148160425298, 365.70776395793195, 361.34240364095405, 349.8666387963239, 345.798594140046, 345.97655636493926, 347.1549455987126, 353.0585819190405, 350.6972898468793, 347.1200610638769, 345.2917486850331, 347.9744875828175, 350.65620729740397, 347.18320244529224, 344.5753989231825], [357.6209462335162, 353.19626635288967, 351.68535103977007, 349.3340667827027, 346.044457502888, 347.1853150576969, 347.9016300428525, 346.60054036875573, 349.07836076720423, 355.6340875697929, 362.9301856465243, 362.4213148647112, 353.35999353864094, 346.85488611645906, 345.62205841018846, 346.4590842675328, 350.76199687339243, 351.1499245727219, 347.9955882099096, 345.59959003446573, 346.77567388036545, 349.4463637646761, 348.0329467232382, 345.1504227519028], [358.7548755357837, 354.31212982803316, 351.8438004064859, 349.7844166502961, 346.8197648688449, 346.47996475675905, 347.3279658046175, 346.69973902293367, 347.9145685081413, 353.09042949092196, 360.1084916757652, 362.1921520596415, 356.0142042335128, 348.6953383639459, 345.71871441909514, 345.86090936075317, 348.9872037265933, 350.66748664839133, 348.7065731270435, 346.075233608223, 346.0634577394701, 348.2264203917373, 348.1760140775617, 345.79520416671176], [359.3486127890221, 355.4029096054233, 352.2947092869333, 350.1122794013779, 347.4607311091765, 346.2465967185538, 346.6903285409738, 346.55195509145216, 347.1521613946803, 350.9928798130564, 357.36691247761746, 361.07682636507207, 357.6726141477125, 350.77279531014767, 346.3710401403753, 345.4740176776722, 347.5882566906308, 349.7344999575701, 348.9942852033785, 346.6037833805151, 345.7265262194627, 347.1583297765521, 347.8434983791469, 346.24810412812917], [358.0369784323892, 354.82483927540414, 351.5317237948657, 349.1118883634679, 346.6667727192934, 344.98876845574955, 344.85437161322955, 344.8944463170711, 345.2535031695088, 347.9713160432701, 353.3798360591724, 357.8665366542232, 356.86735749378516, 351.2874006782135, 346.18059081017896, 344.14724285639613, 345.2008403503322, 347.260223981822, 347.4906047062444, 345.71879383374903, 344.38683411492826, 345.03898816878467, 345.95607426137974, 345.142361994932], [353.9689333299817, 351.80500507806, 349.5829045438186, 358.13394424917203, 356.49397986999463, 345.193202646676, 355.3019823639141, 355.3362211691726, 350.38517070520237, 347.202461483829, 356.9600284807548, 353.8541114741855, 363.362207549377, 359.59952600955273, 356.16283192517176, 348.5662058170838, 345.3433111456514, 348.7948476179694, 346.8894821080198, 349.2030150625345, 344.78045472875, 351.23866417290895, 346.02068670154875, 345.28219111769846], [355.9269281962117, 351.9618950664396, 349.77934300162985, 354.70122063147255, 356.43948843435936, 348.4157729153302, 351.3549032807798, 354.715248360755, 351.4571959750536, 347.7246776918962, 353.13123969554186, 354.3057724056412, 359.5682880911461, 360.22605946388217, 356.70730927724907, 350.54113735266947, 345.889464277378, 347.0994983017499, 346.98521546794467, 347.89177991395815, 345.7367714429665, 348.5472606512187, 347.23436992471864, 345.020869621745], [355.9967211343702, 352.02788554523516, 349.8429766925872, 354.7693106693944, 356.5097729168285, 348.4794175675534, 351.42242145147645, 354.786516545077, 351.5248122442529, 347.78765958509143, 353.19861529813807, 354.3740106584256, 359.6413093621539, 360.29944781192125, 356.77758687492, 350.60629277644455, 345.9512136533101, 347.1631992715089, 347.0482793917072, 347.954922057872, 345.79731948881096, 348.6102402264764, 347.2958267157365, 345.0802036701083], [357.08136410956945, 352.77970336066744, 350.0250029338082, 352.5623659350025, 355.33751140980894, 350.5939807824843, 349.87606427182504, 353.06909397927666, 352.02903172789377, 348.48842574159227, 350.8375109132103, 353.40594814350476, 357.27976033938256, 359.45866901016467, 357.34522080258876, 352.09338158757856, 346.96593203412766, 346.2215680005831, 346.5507610895966, 347.1189890419877, 345.99651973437017, 347.14543123945555, 347.20853386847693, 345.3088955048851], [357.48735669090706, 353.5392113642997, 350.30250217861294, 351.0711148749824, 353.7361967449169, 351.50968427888216, 349.45900458637436, 351.32523632883357, 351.69790370358555, 349.02694081307953, 349.4169629968391, 351.89121249349023, 355.299876957399, 358.0203243375839, 357.34153039050597, 353.1679037459525, 348.03760412059427, 345.8453112228149, 345.8221432956999, 346.3138858050576, 345.76550551832105, 346.15618182421883, 346.57979690664007, 345.3462240495018], [356.2936439278362, 353.00989712932267, 349.6325207898484, 349.0876823821042, 351.054135271681, 350.445183127017, 348.3618669955554, 348.89388001023525, 349.75615341199494, 348.1706714675464, 347.5778181621595, 349.3186061483845, 352.34316872983175, 355.2241834230775, 355.6597014475565, 352.70721694946826, 347.99132285860196, 344.8800857790265, 344.16723465149636, 344.50033399943834, 344.3180058996174, 344.4007420285956, 344.80983541610885, 344.1461888900043], [357.06233224715135, 353.74407557639114, 350.3283153271315, 349.7748609936019, 351.7677600354135, 351.1639684587818, 349.0703183654903, 349.613702576915, 350.4792577527766, 348.8655532794578, 348.2577993317754, 350.0139917201207, 353.0674502729208, 355.9758523500469, 356.4188374198732, 353.44399455412133, 348.6900999562763, 345.55483613091843, 344.82871332510376, 345.1566431427189, 344.96661878897885, 345.0473343597247, 345.45783697454937, 344.78721598962136], [355.63232964873885, 353.00492967246413, 349.71581733197445, 348.2541358045485, 349.3546516919258, 349.58137792504954, 347.99713861229594, 347.6559944222516, 348.40880207335465, 347.67008748414605, 346.772518682228, 347.7228889231909, 350.28354926181765, 353.1712875119345, 354.3964511388756, 352.5868915825138, 348.50478709478335, 344.90332057795433, 343.4276590073017, 343.4260723954599, 343.4233009954784, 343.4210924422105, 343.72100789582237, 343.4187457569306], [356.5227537647477, 352.7233787167983, 349.7382490242446, 347.64635254192297, 345.0798388364445, 343.8765289235788, 344.26449205952713, 344.10626411689, 344.69383084364523, 348.42552340117635, 354.5945778744698, 358.1822907524207, 354.9158068007147, 348.2822611684399, 344.0383548633424, 343.15, 345.1488228910388, 347.1832791376049, 346.4784323166159, 344.20168816800117, 343.3786865895132, 344.7704634774622, 345.44110872275735, 343.90737632302205], [356.8459312697327, 352.46729878464606, 350.97433862725427, 348.65032685401036, 345.39112082896804, 346.5100967622379, 347.2076276776407, 345.91309302199664, 348.3682094237155, 354.8656608165332, 362.0949270845899, 361.59553464101475, 352.6314941062414, 346.1969468820161, 344.97534876469524, 345.79645776028417, 350.04389154080604, 350.41862471395245, 347.2996262385812, 344.9362224995259, 346.10636238152364, 348.75281032957037, 347.3570236589085, 344.50512871783945], [355.2810348895175, 352.0565945691987, 351.40396701195044, 348.20691254743707, 344.8776965494189, 348.2526575094855, 347.63730584734566, 345.9924799343942, 350.524946056923, 358.0824572432088, 365.23963721874344, 360.9008297166615, 349.49139775609586, 345.4478695190878, 345.62363283265836, 346.79107101885313, 352.6553509481937, 350.30255219410935, 346.74772641973203, 344.93421292115437, 347.60509156784474, 350.27340441390425, 346.82155699065913, 344.2286535053938], [356.5880429160677, 352.2247328280713, 350.73783569576216, 348.4229187918795, 345.1735643398179, 346.2850226811184, 346.97626339460027, 345.6840867349058, 348.1320416618782, 354.6103580503809, 361.8173372043267, 361.32090203258144, 352.3891921965578, 345.97812407162166, 344.7600858352156, 345.57568190461353, 349.8045268049109, 350.1749379854865, 347.068160153616, 344.7157900784618, 345.8838835679921, 348.5221566718899, 347.132216679822, 344.2904252347389], [356.1539843363782, 351.86407398654046, 349.4883908429274, 347.5090299091007, 344.6326075361316, 344.2709579443219, 345.05256810456535, 344.42361610167023, 345.60810047253653, 350.63912428712956, 357.4452239496674, 359.4703632845552, 353.5149882305028, 346.4573979894893, 343.5771674579701, 343.69010950508107, 346.6733453319724, 348.2660372858131, 346.38260211810166, 343.86700530092196, 343.8759042249998, 345.97590958824395, 345.9369992958417, 343.6398382868805], [356.1539843363782, 351.86407398654046, 349.4883908429274, 347.5090299091007, 344.6326075361316, 344.2709579443219, 345.05256810456535, 344.42361610167023, 345.60810047253653, 350.63912428712956, 357.4452239496674, 359.4703632845552, 353.5149882305028, 346.4573979894893, 343.5771674579701, 343.69010950508107, 346.6733453319724, 348.2660372858131, 346.38260211810166, 343.86700530092196, 343.8759042249998, 345.97590958824395, 345.9369992958417, 343.6398382868805], [358.3478825459053, 353.929052840212, 351.4751107306639, 349.42824938178643, 346.47773744346307, 346.1347378304461, 346.9723403794136, 346.34377377745756, 347.5534146271996, 352.70639788193336, 359.6914143997723, 361.76614335570537, 355.62302066574654, 348.34503377591574, 345.3837140269886, 345.5215512313808, 348.6255631491481, 350.29202322272613, 348.3426800778139, 345.72934637070546, 345.72093114465014, 347.8741550086359, 347.82554435731856, 345.45793118606315], [358.1668485964974, 354.2823393187458, 351.22587352869357, 349.0814022188215, 346.4646389772703, 345.2542068433139, 345.6743476017934, 345.52814803974223, 346.12432620601294, 349.9204241323816, 356.2087672835616, 359.86700499400484, 356.5201754999652, 349.73165976443863, 345.3953774778665, 344.5012504565902, 346.5667116100658, 348.6663208945192, 347.9422991948843, 345.6001481349384, 344.7455360095474, 346.16027350152183, 346.8392489238979, 345.2693475842623], [356.87555637549684, 353.7132342807677, 350.4735938993961, 348.09521397276694, 345.6850187901821, 344.020715793034, 343.8721986505598, 343.89952890515696, 344.2534278752386, 346.94095114767896, 352.27932426779347, 356.7046325956401, 355.7259419828024, 350.2369129351425, 345.20877456705324, 343.19856986840045, 344.2214259761446, 346.23467953428116, 346.4604331924288, 344.72528538479025, 343.4237359829849, 344.07215954693, 344.9796808208733, 344.18051518326337], [358.4632606913621, 354.56340265457743, 351.4937733316353, 349.33974202860355, 346.7148124399786, 345.5039439584446, 345.93009120900075, 345.7854871729676, 346.3818478018084, 350.1885987487886, 356.49852906363526, 360.1701348719917, 356.80899453861855, 349.99256891970646, 345.6402393955747, 344.74583923452286, 346.82380799114725, 348.9349732071131, 348.20591749914604, 345.85125215876855, 344.99109002654103, 346.4103309332005, 347.09090257300585, 345.514798123622], [357.94473149371663, 354.7365490994429, 351.44629565203576, 349.02943615419383, 346.591194480248, 344.9179947322345, 344.78327608578655, 344.8196920137912, 345.17217345677136, 347.8834323190441, 353.28690222354805, 357.7716855479743, 356.7748137931407, 351.2021942411642, 346.1044122282813, 344.0763064024959, 345.1295917867128, 347.1843625584987, 347.4071969011207, 345.63527817066705, 344.3065208339055, 344.96000323510543, 345.8766973934743, 345.06558559159964], [356.4411103907246, 353.9361143469708, 350.76426705432135, 348.1330446657336, 345.75034158959346, 343.8434422677213, 343.18425249998364, 343.15, 343.4049208442204, 345.30868887883474, 349.72002143535934, 354.39481229438337, 355.21086683899426, 351.2747344287922, 346.1468627782665, 343.15282705441007, 343.15, 344.80542149630605, 345.6316058522056, 344.57432560899286, 343.15, 343.15, 343.9647006101116, 343.73557648630685], [356.90969160637513, 352.61801953923987, 349.8702672450909, 352.40237692079575, 355.170062205018, 350.43516602783194, 349.7163622992803, 352.9005265145132, 351.863808509003, 348.33380427206214, 350.67943742852185, 353.2427231583536, 357.1081787236507, 359.2826664186899, 357.17366116524545, 351.93227528397813, 346.8142646700307, 346.0696264050369, 346.3988972667339, 346.9676344667725, 345.84913571107165, 346.9961049383367, 347.0596996041619, 345.16455929094354], [357.15625190357537, 353.2256919455757, 350.00435650064946, 350.770741944611, 353.4223066863371, 351.2014331913869, 349.1550452260955, 351.0099794610867, 351.3823085500866, 348.72749179195847, 349.11966178749833, 351.58467971347574, 354.9794438950448, 357.6889990486186, 357.0125390432066, 352.854420191356, 347.74239688214465, 345.5559549763924, 345.53397280238903, 346.0267886621159, 345.48353969738287, 345.8739971365215, 346.29697893525326, 345.0691682193877], [356.7331205541443, 353.4296436753783, 350.0297447119988, 349.47987372028496, 351.4631700766449, 350.8586436712206, 348.7696609202531, 349.30703858171626, 350.16866425022977, 348.56544604442166, 347.9644004231461, 349.71523864541575, 352.7565444432253, 355.6532359386081, 356.09417837929277, 353.1302797550135, 348.39346971315337, 345.2680438011079, 344.54461935458824, 344.87364277630616, 344.6873385310858, 344.7695943865153, 345.1796095296627, 344.5125626200462], [355.3094873065845, 352.69378998896104, 349.41977951759935, 347.96557643543446, 349.06101899277536, 349.28414942856796, 347.70270296089063, 347.35917320028705, 348.1074779417326, 347.37429815877226, 346.4844919466534, 347.433563166268, 349.9845913806322, 352.86077682745395, 354.0808106784097, 352.27769615973364, 348.2102424532669, 344.620714049739, 343.15, 343.15, 343.15, 343.15, 343.45009905096197, 343.15]]
    "τ_load_R" = [[336.45621637605063, 314.9075576603246, 293.15, 330.193269188957, 306.7863636363633, 309.1904088330476, 301.05612484205506, 298.67118556004766, 307.5750735469673, 319.33066088765275, 329.07084247598755, 320.28614818842544, 309.2869683338255, 310.3035458854559, 309.5560156727875, 308.148678454948, 312.0189289902247, 301.580863464932, 302.0316111987128, 303.1333871640346, 310.05125945565277, 293.15, 310.53733239171385, 293.15], [337.8928497084246, 316.3498976446874, 293.15, 332.7235513488343, 308.0567523942486, 310.6196818352081, 302.4211525063767, 300.03970807904483, 309.0781278637548, 320.9746349266848, 330.84005951819876, 321.8423698551243, 310.5833069988656, 311.5944129342752, 310.85805091640685, 309.5019032255478, 313.5620821847479, 302.9839972578137, 303.39029721694465, 304.43441396228536, 311.4447678514901, 293.15, 314.5257594901824, 293.15], [338.15, 317.7306823628577, 315.9475202470216, 313.75520611297173, 308.4297845261283, 307.7986359064124, 303.182622563039, 299.5392913952539, 306.06632033191124, 317.6150151999907, 327.76354996965637, 324.43104161192156, 314.0375621858932, 310.9999299540219, 310.1750778489433, 308.33979579686826, 310.1945675261978, 304.8438546469304, 303.2946331137494, 304.48472192787784, 309.1527049789602, 312.81775028013936, 297.74425356412274, 293.15], [338.15, 320.8365824074423, 315.31856764477277, 314.2985233269603, 309.3788750290726, 305.0296408817618, 301.84515990982845, 299.2155815836977, 302.4132093354116, 311.516209296739, 321.4300373728122, 324.48595157756097, 319.41794507361345, 313.22789402612364, 309.29980095216615, 306.4288048977017, 305.4853212693688, 304.1220470870356, 304.19669341496484, 304.62135427182557, 306.62011932279506, 309.75265194506017, 298.7665273001866, 293.15], [338.15, 319.6402845411254, 338.15, 338.15, 338.15, 338.15, 307.61450386415214, 297.7426277532536, 300.3301944800083, 308.0618870375395, 338.15, 338.15, 338.15, 338.15, 338.15, 304.7863636363638, 302.78518652740246, 301.81964277396764, 303.1147959529793, 303.8380518043643, 305.015050225877, 307.4068271138251, 296.1731992814334, 293.15], [338.0295501596145, 316.4871411028392, 293.15, 332.96431613209336, 308.1776341199303, 310.75568192643897, 302.55103943952327, 300.16992755926583, 309.22114849305274, 321.1310645373692, 331.0084064181843, 321.9904495350224, 310.7066579447276, 311.71724323761305, 310.98194391071263, 309.63066707400793, 313.70891835594944, 303.1175101161357, 303.51958072132436, 304.5582109996522, 311.5773648211939, 293.15, 314.90527162567986, 293.15], [338.15, 318.45963049296415, 316.3267402593899, 314.11506648533344, 308.7736090774227, 308.16705258862766, 303.55374156961136, 299.90466538242293, 306.4546190576843, 318.039679572808, 328.22334182056755, 324.86474802307396, 314.40611800717284, 311.3444063281385, 310.52170804878034, 308.69717596365643, 310.59059966289715, 305.231547793981, 303.66033728802313, 304.8358939384538, 309.515522901165, 313.19373316503373, 298.4967821292391, 293.15], [338.15, 320.62409862357674, 316.1021442271266, 314.75930272825354, 309.4788989200387, 306.61281835782273, 303.3232944060154, 300.0243536682041, 304.4954454639314, 315.03336805016147, 325.308796185822, 325.80271092976193, 317.7714032258522, 312.28809192392697, 310.0586089655286, 307.8905574854053, 308.17623406318853, 305.56012974247705, 304.4170377598904, 305.03126137714946, 308.2054653431305, 311.86858656655966, 299.77401234824293, 293.15], [338.15, 318.6513463528953, 316.42642940375936, 314.2096639779401, 308.8641301550977, 308.2641355218296, 303.6515352233946, 300.00085403568886, 306.5566489144874, 318.15117967889296, 328.3441275942959, 324.97876727731676, 314.50300243268697, 311.43495777640936, 310.6129200013021, 308.7913092350756, 310.69494555540336, 305.3336534832427, 303.75642470024025, 304.92811232139616, 309.61085121918114, 313.2925709337677, 298.6946527041555, 293.15], [338.15, 321.05448000759, 316.3217146761335, 314.97043041906613, 309.6808211392508, 306.8216786940598, 303.53799367921613, 300.2369040051189, 304.71472440356786, 315.2704512061565, 325.56654928288793, 326.05767850107407, 317.9963571750045, 312.49124975282245, 310.25842204655174, 308.0954479038962, 308.39836050975566, 305.7862882090851, 304.6319518462728, 305.23595367082964, 308.41203751672833, 312.08272740103905, 300.21525811560855, 293.15], [338.15, 323.1422828846782, 316.48016404284874, 315.42078028666, 310.4561285052083, 306.11632839312193, 302.9643294409806, 300.3361026592964, 303.5509321445044, 312.7267931272849, 322.7448553121282, 325.8285156960048, 320.65056786987594, 314.3317020003088, 310.3550780554587, 307.4972729971169, 306.6235673629566, 305.30385028475405, 305.3429367634068, 305.71159724458585, 307.6998213758339, 310.86278402810075, 301.11057045387577, 293.15], [338.15, 324.7419803076999, 316.9310729232969, 315.74864303774183, 311.0970947455397, 305.882960354917, 302.32669217733684, 300.1883187278158, 302.7885250310434, 310.6292434494195, 320.00327611398035, 324.71319000143524, 322.3089777840761, 316.4091589465116, 311.0074037767389, 307.110381314036, 305.2246203269945, 304.3708635939328, 305.6306488397419, 306.2401470168782, 307.3628898558265, 309.79469341291497, 301.3064380437823, 293.15], [338.15, 338.15, 338.15, 338.15, 338.15, 326.9725349664031, 300.4907352495926, 298.5308099534347, 300.88986680587186, 307.6076796796333, 338.15, 338.15, 338.15, 338.15, 338.15, 305.78360649275993, 302.8372039866959, 301.8965876181847, 304.1269683426078, 305.35515747011215, 306.02319775129206, 307.67535180514756, 298.1289814372841, 293.15], [338.15, 318.3680932605945, 314.4157066379934, 320.3375842678364, 320.0758520707226, 308.05213655169337, 306.99126691714287, 308.3516119971187, 307.09355961141665, 307.3610413282593, 315.76760333190475, 317.94213604200445, 324.20465172750966, 325.862423100246, 321.34367291361264, 312.17750098903326, 303.52582791374175, 301.73586193811263, 303.62157910430807, 307.52814355032126, 307.3731350793303, 311.1836242875816, 299.26553599857084, 293.15], [338.15, 318.49390625781257, 314.4793403289502, 320.40567430575766, 320.14613655319243, 308.1157812039161, 307.05878508784036, 308.4228801814403, 307.16117588061684, 307.42402322145415, 315.8349789345017, 318.0103742947896, 324.2776729985169, 325.9358114482846, 321.41395051128296, 312.24265641280783, 303.5875772896734, 301.7995629078725, 303.68464302807024, 307.5912856942347, 307.4336831251743, 311.24660386284, 299.3962158460127, 293.15], [338.15, 320.1754180519864, 314.6613665701713, 318.19872957136573, 318.9738750461721, 310.23034441884766, 305.51242790818884, 306.70545761564046, 307.6653953642574, 308.1247893779557, 313.47387454957413, 317.0423117798685, 321.9161239757465, 325.0950326465275, 321.9815844389523, 313.72974522394253, 304.6022956704906, 300.8579316369469, 303.1871247259604, 306.75535267835096, 307.6328833707337, 309.7817948758191, 299.5757301393276, 293.15], [338.15, 321.282919696765, 314.93886581497577, 316.70747851134627, 317.37256038128004, 311.14604791524533, 305.0953682227374, 304.96159996519725, 307.3342673399486, 308.66330444944265, 312.053326633202, 315.52757612985346, 319.9362405937626, 323.6566879739478, 321.97789402686954, 314.8042673823163, 305.673967756958, 300.48167485917764, 302.4585069320633, 305.95024944142074, 307.40186915468485, 308.7925454605817, 298.9905431462091, 293.15], [338.15, 319.73042309344083, 314.26888442621134, 314.72404601846733, 314.6904989080439, 310.0815467633805, 303.9982306319183, 302.5302436465992, 305.3925170483579, 307.8070351039099, 310.2141817985234, 312.95496978474733, 316.9795323661947, 320.86054705944053, 320.29606508391936, 314.34358058583206, 305.6276864949652, 299.51644941538933, 300.8035982878595, 304.13669763580185, 305.9543695359812, 307.0371056649595, 295.8205406362639, 293.15], [338.15, 321.12347724278015, 314.9646789634951, 315.41122462996583, 315.4041236717768, 310.800332095145, 304.7066820018534, 303.2500662132786, 306.1156213891397, 308.5019169158209, 310.8941629681383, 313.65035535648394, 317.70381390928435, 321.61221598641083, 321.05520105623674, 315.0803581904852, 306.32646359264004, 300.19119976728115, 301.46507696146716, 304.793006779082, 306.6029824253426, 307.6836979960875, 297.1938916541875, 293.16929899148994], [338.15, 319.15861482592777, 314.3521809683372, 313.89049944091255, 312.991015328289, 309.2177415614127, 303.633502248659, 301.29235805861526, 304.0451657097184, 307.3064511205095, 309.40888231859094, 311.35925255955476, 314.91991289818066, 318.8076511482982, 319.03281477523865, 314.2232552188771, 306.1411507311468, 299.5396842143179, 300.0640226436649, 303.0624360318231, 305.0596646318421, 306.05745607857364, 293.883029460725, 293.15], [338.15, 319.6402845411267, 338.15, 338.15, 338.15, 323.42334619636955, 299.9008556958902, 297.7426277532536, 300.3301944800083, 308.0618870375395, 338.15, 338.15, 338.15, 338.15, 338.15, 304.7863636363638, 302.78518652740246, 301.81964277396764, 303.1147959529793, 303.8380518043643, 305.015050225877, 307.4068271138251, 296.1731992814334, 293.15], [338.15, 319.6612138989623, 315.610702263618, 314.28669049037325, 309.027484465331, 306.146460398601, 302.843991314004, 299.54945665836004, 304.00457306007877, 314.50202445289636, 324.7312907209536, 325.23189827737775, 317.267857742605, 311.833310518379, 309.61171240105887, 307.4328213966472, 307.68025517716933, 305.05498835031517, 303.93598987494505, 304.5725861358891, 307.7427260178867, 311.389173965934, 298.7864920115378, 293.15], [338.15, 317.9091699290443, 316.04033064831395, 313.8432761838009, 308.5140601857821, 307.88902114584863, 303.2736694837087, 299.62884357075785, 306.16130969328606, 317.718820879572, 327.8760008551063, 324.53719335302475, 314.1277613924594, 311.0842331554517, 310.2599964690219, 308.4274346552169, 310.29171458455744, 304.93891583047207, 303.38409005609543, 304.57057655751754, 309.24145520420853, 312.90976805026713, 297.928470928769, 293.15], [338.15, 319.19760078210265, 315.3741993321255, 314.05928242824245, 308.8099279761818, 305.92138631748173, 302.6126270309638, 299.32045037126875, 303.7684052982419, 314.2467216867443, 324.45370084069015, 324.95726566894473, 317.02555583292036, 311.61448770798455, 309.3964494715793, 307.21204554097625, 307.44089044127435, 304.8113016218491, 303.7045237899796, 304.3521537148246, 307.5202472043553, 311.1585203082535, 298.31119763550134, 293.15], [338.15, 318.46489172940943, 314.1247544792907, 313.14539354546463, 308.26897117249484, 303.90732158068505, 300.6889317409284, 298.05997973803386, 301.2444641088996, 310.2754879234927, 320.0815875860303, 323.10672692091845, 318.1513518668664, 312.09376162585323, 308.2135310943337, 305.32647314144486, 304.30970896833617, 302.90240092217584, 303.01896575446506, 303.50336893728513, 305.51226786136357, 308.61227322460684, 296.3569621456859, 293.15], [338.15, 318.46489172940943, 338.15, 338.15, 338.15, 338.15, 302.83497767886576, 298.05997973803386, 301.2444641088996, 310.2754879234927, 338.15, 338.15, 338.15, 338.15, 338.15, 305.32647314144486, 304.30970896833617, 302.90240092217584, 303.01896575446506, 303.50336893728513, 305.51226786136357, 308.61227322460684, 296.35696214568463, 293.15], [338.15, 322.41035476267535, 316.11147436702686, 315.06461301814954, 310.11410107982596, 305.77110146680985, 302.60870401577705, 299.9801374138209, 303.189778263563, 312.3427615182971, 322.32777803613516, 325.40250699206825, 320.2593843021095, 313.9813974122788, 310.02007766335157, 307.15791486774475, 306.2619267855117, 304.9283868590895, 304.9790437141774, 305.36571000706925, 307.3572947810141, 310.51051864499874, 300.3666155895431, 293.15], [338.15, 322.6084692845745, 315.86223716505714, 314.71776585518535, 310.1010026136335, 304.8905704796771, 301.31071123815644, 299.1645116761059, 301.760689842376, 309.5567877687447, 318.8451309199245, 323.503368630368, 321.1565391363288, 315.3680234008025, 310.03174111423004, 306.137614092954, 304.20307524642953, 303.30268453088195, 304.5786628312477, 305.2365117713016, 306.3818996459112, 308.7966371378847, 299.1603059540209, 293.15], [338.15, 320.93254234288077, 315.1099575357589, 313.73157760913017, 309.3213824265454, 303.65707942939775, 299.5085622869228, 297.5358925415202, 299.8897915116017, 306.5773147840417, 314.91568790415704, 320.3409962320035, 320.3623056191657, 315.87327657150576, 309.84513820341647, 304.834933504764, 301.85778961250855, 300.8710431706442, 303.09679682879175, 304.3616490211542, 305.06009961934853, 306.70852318329355, 296.0304333831641, 293.15], [338.15, 323.1436001302909, 316.1301369679986, 314.9761056649675, 310.3511760763425, 305.1403075948083, 301.56645484536415, 299.4218508093308, 302.0182114381718, 309.8249623851523, 319.13489269999843, 323.80649850835556, 321.4453581749819, 315.6289325560704, 310.276603031938, 306.3822028708866, 304.46017162751076, 303.5713368434759, 304.8422811355089, 305.4876157951322, 306.6274536629048, 309.0466945695637, 299.69831856571614, 293.15], [338.15, 322.87229297717363, 316.08265928839927, 314.66579979055774, 310.22755811661125, 304.55435836859766, 300.4196397221496, 298.4560556501549, 300.8085370931344, 307.5197959554073, 315.92326585991094, 321.40804918433753, 321.4111774295043, 316.83855787752805, 310.7407758646449, 305.7126700388597, 302.7659554230765, 301.82072619486144, 304.0435605374841, 305.2716418070302, 305.9428844702693, 307.5963668714683, 297.9600320988242, 293.15], [338.15, 320.78304013642145, 315.40063069068503, 313.7694083020967, 309.3867052259567, 303.4798059040844, 298.8206161363467, 296.7863636363636, 299.04128448058344, 304.94505251519786, 312.35638507172223, 318.0311759307466, 319.8472304753578, 316.91109806515607, 310.78322641463006, 304.78919069077386, 300.7863636363637, 299.44178513266877, 302.267969488569, 304.210689245356, 304.7863636363638, 305.78636363636286, 294.49635802595435, 293.15], [338.15, 319.8665863706781, 314.5066308814545, 318.0387405571587, 318.8064258413812, 310.0715296641951, 305.35272593564343, 306.53689015087684, 307.50017214536604, 307.97016790842525, 313.31580106488474, 316.87908679471684, 321.7445423600143, 324.9190300550538, 321.810024801609, 313.5686389203419, 304.45062830639444, 300.7059900413996, 303.0352609030973, 306.60399810313567, 307.48549934743545, 309.6324685746996, 299.25850362541297, 293.15], [338.15, 320.6855961746141, 314.6407201370124, 316.40710558097504, 317.0586703227003, 310.8377968277506, 304.7914088624593, 304.64634309744946, 307.0186721864499, 308.36385542832176, 311.75602542386173, 315.2210433498391, 319.6158075314081, 323.32536268498257, 321.64890267956946, 314.49078382771916, 305.3787605185077, 300.1923186127557, 302.17033643875266, 305.66315229847896, 307.11990333374627, 308.510360772885, 298.3844933730242, 293.15], [338.15, 320.52686389061785, 314.66610834836166, 315.1162373566483, 315.0995337130081, 310.49500730758376, 304.406024556616, 302.9434022180798, 305.80502788659265, 308.2018096807853, 310.60076405950923, 313.351602281779, 317.3929080795893, 321.2895995749719, 320.7305420156555, 314.7666433913765, 306.02983334951665, 299.9044074374711, 301.18098299095203, 304.5100064126691, 306.3237021674495, 307.4059580228789, 296.37380014500286, 293.3591005341699], [338.15, 318.57075313486354, 314.05614315396286, 313.60194007179734, 312.6973826291386, 308.9205130649311, 303.3390665972537, 300.9955368366507, 303.74384157809567, 307.01066179513543, 309.1208555830163, 311.06992680263124, 314.6209550169957, 318.49714046381786, 318.7171743147733, 313.91405979609743, 305.84660608963065, 299.2570776861017, 299.7863636363634, 302.78636363636315, 304.7863636363638, 305.78636363636286, 293.2985838994461, 293.15]]
    "τ_pipe_R" = [[330.0944862341874, 321.0882964693007, 299.9655961770227, 316.96676477511846, 313.77957923515925, 307.71121449637474, 303.1803342653052, 298.97549016000016, 303.9982859589262, 314.5535443709745, 324.7188031372348, 322.18330726629296, 312.1934377777293, 309.28875480066, 309.1262879252023, 307.9482129202118, 309.9766298015612, 304.4326555787618, 301.34976246616947, 302.23299090550483, 307.0981779230773, 298.3743352181626, 304.1858878858995, 298.5392670033389], [324.1878175988278, 325.07919839848256, 320.2835470559877, 320.1032033118747, 318.62124445337355, 316.36646933631476, 312.2238500834058, 306.02562503774897, 302.82506289908036, 305.5391209394272, 313.36300634970365, 320.47481686314154, 322.3338335555577, 320.9142528371947, 318.84950497583725, 315.54995420043656, 311.44750005670215, 306.68080907188926, 303.6966585523763, 303.0388571611547, 304.4247425324091, 305.3690597937344, 304.8606157931381, 299.4508248928336], [326.3997528939611, 325.42268947178616, 320.36977090155443, 318.6023045655737, 316.7325162358122, 314.4992179021778, 309.38337494023745, 302.7009110271426, 301.10361595879124, 306.32831613808554, 316.2038916682327, 323.1762077385607, 322.79079059878615, 319.54206615395697, 316.9545548337227, 312.63925896050375, 308.3032369002186, 304.8838458827778, 303.08418441767793, 302.9780631167841, 304.6251438915658, 307.3022965002317, 303.35642216672574, 296.8097036873848], [327.89693439767524, 325.43835606468826, 320.4573245392819, 320.4017361217988, 318.805190859546, 316.21310434637513, 308.84437494325255, 301.03008433098944, 300.1330398090462, 306.1725944631374, 317.7697627490767, 325.4635545459561, 324.8530810339396, 321.3381399553517, 318.6574995747029, 312.04958499940545, 306.3071144607606, 303.76429779598897, 302.79955298613095, 302.9133484927313, 304.41729143753054, 307.0659749151543, 302.1826645503136, 295.4491056048091], [330.53686033813, 323.9488840823098, 314.74416510010155, 312.70565715347755, 309.2061666223417, 304.7612818800614, 301.2261304516552, 298.4592582765352, 299.6880013923013, 306.6162250713593, 315.9394829933377, 321.0959963199801, 318.8669379153633, 313.3302690912717, 308.8357123951217, 305.6791846712198, 304.05289137720786, 302.7874002794978, 302.4202345943743, 302.7939458724471, 304.27021204945135, 306.9431726732265, 299.99704781632613, 293.93412269771676], [330.53686033813, 323.9488840823098, 330.34879610497404, 336.74870812763845, 336.7345536642814, 336.70624473756686, 313.740484796039, 299.15619714761044, 299.6880013923013, 306.6162250713593, 327.6750928675768, 336.73455366428124, 336.7416308959598, 336.74870812763845, 336.7416308959598, 315.4011987596729, 304.05289137720786, 302.7874002794978, 302.4202345943743, 302.7939458724471, 304.27021204945135, 306.9431726732265, 299.99704781632533, 293.93412269771636], [325.06246019317535, 325.3947606052054, 321.99100292822067, 320.9852581987825, 320.2067236072239, 318.30252993611714, 313.14931907720194, 305.73271642190326, 302.1628545062976, 305.29083069059715, 314.15320605925035, 322.44764970544315, 324.5728607544819, 322.9022479174165, 320.93140914724705, 316.81217490870034, 311.0367065567495, 305.7431861745643, 303.1671027089434, 303.01421329931037, 304.479488262282, 306.7474738843875, 303.71624728672964, 297.87247717253774], [326.05333701095157, 325.9921646911469, 322.58144165875865, 323.16420323364775, 323.01649116714395, 320.33002780165936, 313.1806209230087, 304.2317155139152, 300.7718027847276, 304.6919675126243, 315.48846517344333, 325.3306868796027, 327.4425108278904, 325.2863384587268, 323.2295211487097, 317.0448722627754, 308.99928783991675, 304.1331708197189, 302.74580179659006, 303.03551089820155, 304.3360928186278, 306.4679878028968, 302.95442779642644, 296.731544964424], [327.6070392094124, 326.0896555440802, 324.3879124897072, 327.5266268483227, 327.64329125128154, 324.0185091079181, 312.99716485223576, 302.0976808708996, 299.6148120567192, 304.5089444392184, 318.68661105207025, 329.59379589371974, 330.9702931253411, 329.06197086674933, 327.5146457878927, 316.91287538206865, 306.270174995366, 302.6157075532283, 302.4416244333806, 303.0721282506152, 304.20960973366465, 306.19640042439636, 301.69644350536055, 295.360694640697], [330.3362845703641, 324.71231316347433, 330.7305106455563, 336.74870812763845, 336.7345536642814, 327.1411396341011, 307.052191433951, 297.99720353687013, 298.9911127593024, 304.881556217285, 326.956215198094, 336.73455366428124, 336.7416308959598, 336.74870812763845, 336.7416308959598, 315.050392374708, 302.88729600837854, 301.5890422264989, 302.1308462594154, 303.04244697861674, 304.05595424283564, 305.9987498326403, 299.48621755005547, 293.8744448124983], [330.3362845703641, 324.7123131634735, 330.7305106455559, 336.74870812763845, 336.7345536642814, 336.70624473756686, 316.84483361258833, 300.50224835032236, 298.9911127593024, 304.881556217285, 326.956215198094, 336.73455366428124, 336.7416308959598, 336.74870812763845, 336.7416308959598, 315.050392374708, 302.88729600837854, 301.5890422264989, 302.1308462594154, 303.04244697861674, 304.05595424283564, 305.9987498326403, 299.48621755005547, 293.8744448124983], [321.3648273290349, 323.04823814548075, 321.65323222978583, 320.42791972389347, 317.3608842181094, 314.0361381810765, 310.5748271773281, 306.79343668651535, 304.52615280238984, 305.1683655398642, 308.60849744365413, 312.4257652241175, 314.5895107564241, 315.3657043178987, 315.18430901778254, 314.03989963081665, 312.2872465926987, 309.3372965515772, 306.3714920479896, 304.55115448546445, 304.4047802400758, 304.7959999324421, 304.8743136262568, 301.92023665041313], [323.3406510480064, 325.081909400192, 322.235788473884, 317.93897248718014, 313.63405923684826, 309.87151600182176, 305.9154181433462, 302.10480491148826, 300.8198703986244, 303.52113490050425, 309.40461948572676, 314.90197722348944, 317.12930795882517, 316.58787494367596, 314.3129964132001, 310.9619518161807, 307.9316537103061, 305.0551186787498, 303.2345217441042, 303.0727314133487, 304.2998576533151, 306.15989481955626, 304.37131414090584, 299.599776266721], [324.0717073463461, 326.0277387606054, 321.8499456272775, 316.99449652614146, 312.9250742813312, 308.95071039924983, 304.82921951882236, 301.1750131838846, 300.1055774772209, 303.1645208600345, 309.49035650354995, 315.5571953008699, 318.0959799600469, 317.0745133746968, 314.00125821824224, 310.08685868012947, 306.68938803119016, 304.0663086219931, 302.839869349645, 303.1099516910353, 304.3329821862439, 306.0665674417643, 303.94940254027256, 298.5930967554066], [325.2498767176834, 326.79605249324607, 320.8751991952339, 315.8807203135563, 312.20830718388487, 307.9743123436299, 303.6313386152526, 300.1965154375747, 299.5536767585121, 303.1216747878186, 309.87988640452767, 316.2451920260685, 318.828619590255, 317.3177156392133, 313.4915837570075, 309.0663521104159, 305.44025284777433, 303.05461977739014, 302.4894336463035, 303.2312297624372, 304.4280908066206, 306.00503053530974, 303.1947448531762, 297.2771541607177], [328.3174273761659, 326.7653136238763, 318.1624628737545, 314.23534129972927, 310.97637929504276, 306.25947691461033, 301.8721617632159, 298.95608374808256, 299.3269507655077, 304.16207413106576, 311.8419958883971, 318.19487729281184, 319.8020745804863, 316.8619506808119, 311.91494975948035, 307.1485010809869, 303.82115342375573, 302.0719751374489, 302.4581038246881, 303.59686644018797, 304.6344185106975, 306.19133617792187, 301.5455286372727, 295.1909989398683], [330.24080311674606, 325.55164719409464, 316.1854456384126, 313.4063389042824, 310.0800841135888, 304.94052284581977, 300.37820163536185, 297.7355278076592, 298.63792847423326, 303.7742890677904, 311.3831810872409, 317.621976212284, 319.4047894029847, 316.50311886611934, 311.1228729940405, 305.8897972446499, 302.30071597935626, 300.6717408782891, 301.81109331140283, 303.37668316823584, 304.2552550091725, 305.5598246372641, 299.16671210572804, 293.82808089166656], [326.4984639799259, 326.9753118478294, 319.8153268153357, 315.181951429989, 311.7199439026481, 307.18460060155803, 302.62809187133763, 299.34899487507096, 299.1271271867883, 303.06266101517315, 309.9128428169727, 316.2315774535083, 318.8854344566908, 317.3612230588052, 313.21265369996416, 308.3739921137281, 304.44292323700375, 302.08675769861406, 302.07608356627236, 303.2797864745036, 304.4829661251299, 305.87365839499734, 302.1144721719545, 295.9939714677985], [327.9388716607662, 326.77363763442406, 318.3081778758048, 314.3165089036382, 311.0468600381338, 306.14806243282146, 301.34363462082194, 298.261539190143, 298.5209615508571, 302.7686543539836, 309.6102572702947, 315.90300660952795, 318.8033314149149, 317.37465374908527, 312.78263793912305, 307.3708935650724, 303.0916759109425, 300.81438208984946, 301.5009350111144, 303.2355925157176, 304.36142323642684, 305.462463607255, 300.4165637360327, 294.61792876345544], [329.9580922169853, 325.45454405464073, 316.3256891143693, 313.5253078307294, 310.13479760994346, 304.84659586151514, 299.8738034682238, 297.02528761913635, 297.8434017292785, 302.43856203254063, 309.1908038443649, 315.2905793653577, 318.3201176862782, 317.00992087433985, 312.0692080104748, 306.1647355570959, 301.5899591690345, 299.3954730553313, 300.8086033706927, 303.009467607597, 304.0284358991871, 304.8719759346631, 297.87083941277984, 293.3298824474032], [321.21758607423686, 322.7932748921694, 322.43312232967793, 320.8502850899522, 318.25168343970614, 315.54444656950216, 312.24820945637447, 308.3399186250774, 305.814465343856, 306.06081411294565, 308.896524779969, 312.2633995048831, 314.26463844714294, 315.29109029015706, 315.9859605124934, 315.72738398365425, 314.08517234044115, 310.77874104261343, 307.2146302237108, 304.83912089024955, 304.27828210945313, 305.1799481221935, 304.46864555880745, 301.6998481913844], [321.3880851290018, 323.4725835975102, 322.90040221901376, 320.88338583601745, 318.2058604578165, 315.4020289857027, 311.8406691504383, 307.74268521169023, 305.22478470693494, 305.55963337364864, 308.6186992139387, 312.4567776125647, 314.8979733035322, 316.09651828465053, 316.84832105021013, 316.2524599969093, 313.7763091802145, 309.98770926606824, 306.40907858384065, 304.2613656079317, 303.94347340688705, 305.0449225478489, 304.4576985899572, 301.349230589621], [321.6507653903887, 324.2191702034145, 323.28016751497165, 320.7736622811161, 318.1838606911002, 315.38616524372446, 311.3624927846462, 307.08234585300363, 304.77827306028917, 305.22916769029814, 308.53965395096446, 312.6808528018872, 315.40703341386654, 316.9530151748726, 317.9112446425422, 316.77251674542146, 313.33093275083183, 309.03177993794134, 305.49792081807715, 303.7036204265404, 303.7318908567665, 305.0250597636068, 304.3823588293068, 300.82878715834477], [322.05181473666755, 325.0116691594783, 323.48992912047476, 320.53578709709717, 318.2847757851685, 315.48287383788465, 310.7467847808789, 306.4241684004455, 304.527293357153, 305.0558237598925, 308.7376874106265, 312.9379721761719, 315.7814275313788, 317.9010004069547, 319.21419599495687, 317.18555211498165, 312.7092198584557, 307.963118690502, 304.4960408773649, 303.18379085278536, 303.6480473856652, 305.12490158916125, 304.1925207501952, 300.1086895244522], [330.62452181503687, 336.73455366428124, 336.74163089595976, 336.74870812763845, 336.7345536642814, 329.4463723142529, 308.58794029040064, 298.700701812061, 299.6105913954366, 304.76830042753204, 326.8087091463095, 336.73455366428124, 336.7416308959598, 336.74870812763845, 336.7416308959598, 315.6981113244641, 303.2449413297898, 301.65591157563387, 302.8132502993745, 304.3565298007431, 305.2034433356531, 306.50056005471197, 300.8437218137161, 294.50959459362457], [321.57293191297856, 324.2966392073986, 321.5815969165818, 317.9535788752317, 316.1670954077947, 313.7248284487174, 310.06942255921547, 306.9247149553672, 305.1877119553841, 305.0307362843347, 306.9635247253256, 309.8961528679277, 313.2183637402524, 316.6068731501907, 318.59101738120773, 317.5108374865908, 313.14314833013464, 307.53063096135236, 303.4986253980593, 302.51970048062554, 303.4771124613082, 305.18712513856354, 304.2263429464423, 299.82041626121656], [323.60314929848596, 325.0002071681043, 320.55841139348416, 317.2329687350242, 315.9590654835233, 312.9694133512783, 309.0988347614963, 306.2345012615453, 304.9124494870608, 305.2976370963954, 307.96048957252486, 310.969346829, 314.3939148898503, 317.7650066201222, 319.20304175425724, 317.12577882801315, 311.82322630280976, 306.03673330456616, 302.65329422810504, 302.64132454571256, 304.01321072118753, 305.9048530081286, 303.66302066002146, 298.2986839949804], [324.530486594428, 325.7664701789323, 319.8603297090285, 315.99689522252544, 315.0854315303459, 312.56720063153585, 308.2376210768521, 305.04934568823853, 304.35533704158786, 305.4599692015006, 308.01625073501907, 310.91348837173814, 314.1991176317888, 317.706238843143, 319.30201304035836, 317.03518617876284, 311.2174097547678, 304.8690952001812, 301.7036123598597, 302.28406981882915, 304.114797969102, 305.8786237693325, 302.9174150551023, 297.10662196863643], [325.9861279484115, 326.1618793167983, 318.53026356455865, 314.8434007777477, 314.33632190571166, 311.93535632277946, 307.24062887334065, 303.86088325933633, 303.84124458277813, 305.68747973878334, 308.18932058210686, 310.85030424612995, 314.06216127929997, 317.6778394629608, 319.2718468645844, 316.6545091798057, 310.29563289389466, 303.56405812388385, 300.82317047684364, 302.09500499141427, 304.2459886935953, 305.85364826929566, 301.7306834037271, 295.68975285004336], [330.10384505462525, 324.7708590312767, 315.2487663791353, 313.77781421522985, 313.88968652089477, 310.85692369113536, 305.3806620193418, 302.4374491651378, 303.8339421618491, 306.3600413148704, 308.7288647359166, 311.29784307726663, 314.80899715847175, 318.643827540605, 319.5304921918502, 315.4597455588935, 307.8372801818036, 301.0162114132181, 299.8817276003081, 302.4858476564784, 304.76303797339096, 306.063660671095, 299.13709348331554, 293.75991719978765], [327.63144700485253, 325.81581738145286, 317.0846217090183, 314.0934651275776, 313.60614822644663, 311.0449164941426, 306.2163193497574, 302.8302740254288, 303.33267311415347, 305.77176921081707, 308.2627328227617, 310.6074549709446, 313.6843603274261, 317.3313669308707, 318.85085031828146, 316.0077989079488, 309.38902020479264, 302.52878971686937, 300.223821144868, 301.9461336080792, 304.19557352812967, 305.65428377718587, 300.121087123595, 294.38226659341024], [329.72850302430794, 324.39946399132236, 315.11717077469257, 313.26346855097694, 312.51515706950966, 309.7439582276105, 304.86324243478657, 301.5149830980786, 302.55681496827634, 305.59734823151297, 308.043247792168, 309.99988426653357, 312.9530373093206, 316.64158019425724, 318.0433108643858, 314.9713463702725, 308.13170395606994, 301.1980526530878, 299.4089116290341, 301.54792348720025, 303.8330467341973, 305.1368089461416, 297.5605151260095, 293.1307010085101], [324.04871022256145, 324.85525240380656, 319.9215614075571, 316.9897105622772, 316.0582612427612, 312.7882823932476, 308.7453316493315, 306.09440881337105, 304.9448645921168, 305.3062644081081, 308.10046090746283, 311.2284252343293, 314.7768422894169, 318.14995353488183, 319.31015045153663, 316.79000170362883, 311.1775998975795, 305.4874233711595, 302.46283227976767, 302.7512747391372, 304.13597478753684, 306.02365606064734, 303.4385335447606, 297.88144879872675], [324.85196682332554, 325.458243755978, 319.28516306914815, 315.83874252024134, 315.1348172002158, 312.3608419247792, 307.89021791655773, 304.91526108138714, 304.3656760561294, 305.397120106806, 308.0157258849257, 311.02077959226347, 314.3844324336436, 317.8775794210957, 319.2509137546888, 316.6692840504105, 310.6761371927555, 304.4577567125357, 301.5931800054471, 302.3456902739851, 304.1290164877293, 305.8683116131739, 302.6107832541493, 296.75319387927016], [325.9588818391441, 325.7672041805974, 318.2272146352064, 314.74901660010477, 314.2327355079323, 311.69453425765244, 306.98655150186744, 303.7359094559502, 303.7225361080912, 305.4735850000326, 308.0094298127874, 310.72522578004896, 313.93811700234676, 317.51055783290457, 319.00984432690404, 316.32857830658213, 310.0020591037092, 303.3930940620976, 300.7506777589741, 301.9977265638595, 304.0758635992566, 305.6808700353389, 301.39578192233114, 295.47606948372066], [327.4892288677069, 325.4772989779899, 316.7003442089851, 313.79173791694575, 313.3179207712268, 310.7534229410423, 305.9257954040096, 302.5384399594672, 303.03724448751086, 305.47922989764197, 307.97670996335, 310.32244840638464, 313.39257077886356, 317.0291555246856, 318.54197793982473, 315.7018476456118, 309.0946945028754, 302.24650661407327, 299.9484176393318, 301.6735606309654, 303.92559335487374, 305.38656549963645, 299.6094670403819, 294.1709702996911], [329.62229245640697, 324.01764209638895, 314.73398038297137, 312.97990670764136, 312.2307287104181, 309.4555467744847, 304.5754772090466, 301.22657541106327, 302.264707871915, 305.30737370388306, 307.7601125975188, 309.7184262837105, 312.66490130444936, 316.3428124518363, 317.7374594533511, 314.6680151542616, 307.8399816225889, 300.91884215306357, 299.13679155248064, 301.2784406620087, 303.56587922021447, 304.8719759346631, 297.09287344963354, 292.94089946583006]]
    "τ_pipe_S" = [[351.0016709215059, 351.2711940239612, 350.17231407896804, 345.99232465373746, 343.15, 349.55404519668366, 345.41976120569177, 345.0348219236847, 351.93870991060396, 359.6942972512888, 366.4344788396243, 356.64978455206204, 344.650604697462, 344.66718224909204, 344.91965203642394, 346.5123148185851, 354.3825653538611, 346.9444998285689, 345.3952475623494, 343.49702352767065, 348.4148958192897, 349.9156806172275, 344.05852389729483, 343.15], [352.4383042538796, 352.71353400832425, 351.5855647027179, 347.3112491361151, 344.4203887578854, 350.9833181988447, 346.784788870013, 346.4033444426811, 353.4417642273911, 361.3382712903214, 368.2036958818348, 358.2060062187611, 345.9469433625019, 345.9580492979121, 346.2216872800431, 347.8655395891845, 355.9257185483844, 348.3476336214507, 346.7539335805817, 344.7980503259219, 349.80840421512687, 351.3351427335128, 345.3481489642702, 344.4203887578854], [355.1825557482782, 351.96251769550213, 351.31115661065866, 348.11884247660834, 344.79342088976455, 348.162272270049, 347.546258926676, 345.9029277588905, 350.42995669554824, 357.9786515636273, 365.1271863332929, 360.79467797555776, 349.4011985495302, 345.3635663176585, 345.5387142125803, 346.70343216050526, 352.558203889834, 350.2074910105679, 346.65826947738594, 344.84835829151444, 347.51634134259723, 350.1813866437759, 346.73462741501373, 344.1452639719638], [356.5880429160677, 352.2247328280713, 350.73783569576216, 348.4229187918795, 345.1735643398179, 346.2850226811184, 346.97626339460027, 345.6840867349058, 348.1320416618782, 354.6103580503809, 361.8173372043267, 361.32090203258144, 352.3891921965578, 345.97812407162166, 344.7600858352156, 345.57568190461353, 349.8045268049109, 350.1749379854865, 347.068160153616, 344.7157900784618, 345.8838835679921, 348.5221566718899, 347.132216679822, 344.2904252347389], [356.1539843363782, 351.86407398654046, 349.4883908429274, 347.5090299091007, 344.6326075361316, 344.2709579443219, 345.05256810456535, 344.42361610167023, 345.60810047253653, 350.63912428712956, 357.4452239496674, 359.4703632845552, 353.5149882305028, 346.4573979894893, 343.5771674579701, 343.69010950508107, 346.6733453319724, 348.2660372858131, 346.38260211810166, 343.86700530092196, 343.8759042249998, 345.97590958824395, 345.9369992958417, 343.6398382868805], [356.1539843363782, 351.86407398654046, 349.4883908429274, 347.5090299091007, 344.6326075361316, 344.2709579443219, 345.05256810456535, 344.42361610167023, 345.60810047253653, 350.63912428712956, 357.4452239496674, 359.4703632845552, 353.5149882305028, 346.4573979894893, 343.5771674579701, 343.69010950508107, 346.6733453319724, 348.2660372858131, 346.38260211810166, 343.86700530092196, 343.8759042249998, 345.97590958824395, 345.9369992958417, 343.6398382868805], [355.2810348895175, 352.0565945691987, 351.40396701195044, 348.20691254743707, 344.8776965494189, 348.2526575094855, 347.63730584734566, 345.9924799343942, 350.524946056923, 358.0824572432088, 365.23963721874344, 360.9008297166615, 349.49139775609586, 345.4478695190878, 345.62363283265836, 346.79107101885313, 352.6553509481937, 350.30255219410935, 346.74772641973203, 344.93421292115437, 347.60509156784474, 350.27340441390425, 346.82155699065913, 344.2286535053938], [356.8459312697327, 352.46729878464606, 350.97433862725427, 348.65032685401036, 345.39112082896804, 346.5100967622379, 347.2076276776407, 345.91309302199664, 348.3682094237155, 354.8656608165332, 362.0949270845899, 361.59553464101475, 352.6314941062414, 346.1969468820161, 344.97534876469524, 345.79645776028417, 350.04389154080604, 350.41862471395245, 347.2996262385812, 344.9362224995259, 346.10636238152364, 348.75281032957037, 347.3570236589085, 344.50512871783945], [357.4727770580987, 353.1053709030991, 350.68220400840926, 348.6621596905973, 345.74251139270933, 345.3932772453987, 346.20879627346494, 345.5792179473341, 346.7768456990486, 351.87984566037585, 358.7936737364493, 360.8495879411975, 354.78158143725, 347.5915303897598, 344.6634373158024, 344.7924412613378, 347.84895763300506, 349.4856834506728, 347.56032977860144, 344.98499063546245, 344.98375568643206, 347.1162883086973, 347.07166643387654, 344.73260801527954], [356.5227537647477, 352.7233787167983, 349.7382490242446, 347.64635254192297, 345.0798388364445, 343.8765289235788, 344.26449205952713, 344.10626411689, 344.69383084364523, 348.42552340117635, 354.5945778744698, 358.1822907524207, 354.9158068007147, 348.2822611684399, 344.0383548633424, 343.15, 345.1488228910388, 347.1832791376049, 346.4784323166159, 344.20168816800117, 343.3786865895132, 344.7704634774622, 345.44110872275735, 343.90737632302205], [356.5227537647477, 352.7233787167983, 349.7382490242446, 347.64635254192297, 345.0798388364445, 343.8765289235788, 344.26449205952713, 344.10626411689, 344.69383084364523, 348.42552340117635, 354.5945778744698, 358.1822907524207, 354.9158068007147, 348.2822611684399, 344.0383548633424, 343.15, 345.1488228910388, 347.1832791376049, 346.4784323166159, 344.20168816800117, 343.3786865895132, 344.7704634774622, 345.44110872275735, 343.90737632302205], [352.5750047050692, 352.85077746647596, 351.7200402112256, 347.43674919779625, 344.5412704835671, 351.11931829007585, 346.9146758031602, 346.53356392290215, 353.5847848566896, 361.494700901006, 368.3720427818214, 358.35408589865915, 346.07029430836405, 346.08087960124914, 346.34558027434906, 347.99430343764413, 356.07255471958575, 348.481146479773, 346.88321708496096, 344.92184736328903, 349.9410011848301, 351.4702092862442, 345.470861088894, 344.5412704835671], [355.5847472700427, 352.3467302355252, 351.69037662302736, 348.4787028489707, 345.13724544105906, 348.5306889522641, 347.91737793324864, 346.2683017460592, 350.81825542132066, 358.40331593644436, 365.58697818420404, 361.22838438671045, 349.76975437081035, 345.70804269177574, 345.88534441241694, 347.06081232729275, 352.9542360265341, 350.5951841576179, 347.0239736516605, 345.199530302091, 347.87915926480116, 350.5573695286705, 347.0898299736751, 344.4858291203536], [357.3815432862417, 352.9710874951121, 351.465780590763, 349.12293909188963, 345.8425352836755, 346.9764547214596, 347.68693076965235, 346.3879900318405, 348.85908182756833, 355.3970044137983, 362.67243254945913, 362.1663472933987, 353.13503958948866, 346.65172828756306, 345.42224532916504, 346.2541938490415, 350.5398704268248, 350.9237661061143, 347.780674123527, 345.3948977407863, 346.56910170676673, 349.23222293019677, 347.82423367014735, 344.95110899681055], [358.3478825459053, 353.929052840212, 351.4751107306639, 349.42824938178643, 346.47773744346307, 346.1347378304461, 346.9723403794136, 346.34377377745756, 347.5534146271996, 352.70639788193336, 359.6914143997723, 361.76614335570537, 355.62302066574654, 348.34503377591574, 345.3837140269886, 345.5215512313808, 348.6255631491481, 350.29202322272613, 348.3426800778139, 345.72934637070546, 345.72093114465014, 347.8741550086359, 347.82554435731856, 345.45793118606315], [358.1668485964974, 354.2823393187458, 351.22587352869357, 349.0814022188215, 346.4646389772703, 345.2542068433139, 345.6743476017934, 345.52814803974223, 346.12432620601294, 349.9204241323816, 356.2087672835616, 359.86700499400484, 356.5201754999652, 349.73165976443863, 345.3953774778665, 344.5012504565902, 346.5667116100658, 348.6663208945192, 347.9422991948843, 345.6001481349384, 344.7455360095474, 346.16027350152183, 346.8392489238979, 345.2693475842623], [356.87555637549684, 353.7132342807677, 350.4735938993961, 348.09521397276694, 345.6850187901821, 344.020715793034, 343.8721986505598, 343.89952890515696, 344.2534278752386, 346.94095114767896, 352.27932426779347, 356.7046325956401, 355.7259419828024, 350.2369129351425, 345.20877456705324, 343.19856986840045, 344.2214259761446, 346.23467953428116, 346.4604331924288, 344.72528538479025, 343.4237359829849, 344.07215954693, 344.9796808208733, 344.18051518326337], [358.4632606913621, 354.56340265457743, 351.4937733316353, 349.33974202860355, 346.7148124399786, 345.5039439584446, 345.93009120900075, 345.7854871729676, 346.3818478018084, 350.1885987487886, 356.49852906363526, 360.1701348719917, 356.80899453861855, 349.99256891970646, 345.6402393955747, 344.74583923452286, 346.82380799114725, 348.9349732071131, 348.20591749914604, 345.85125215876855, 344.99109002654103, 346.4103309332005, 347.09090257300585, 345.514798123622], [357.94473149371663, 354.7365490994429, 351.44629565203576, 349.02943615419383, 346.591194480248, 344.9179947322345, 344.78327608578655, 344.8196920137912, 345.17217345677136, 347.8834323190441, 353.28690222354805, 357.7716855479743, 356.7748137931407, 351.2021942411642, 346.1044122282813, 344.0763064024959, 345.1295917867128, 347.1843625584987, 347.4071969011207, 345.63527817066705, 344.3065208339055, 344.96000323510543, 345.8766973934743, 345.06558559159964], [356.4411103907246, 353.9361143469708, 350.76426705432135, 348.1330446657336, 345.75034158959346, 343.8434422677213, 343.18425249998364, 343.15, 343.4049208442204, 345.30868887883474, 349.72002143535934, 354.39481229438337, 355.21086683899426, 351.2747344287922, 346.1468627782665, 343.15282705441007, 343.15, 344.80542149630605, 345.6316058522056, 344.57432560899286, 343.15, 343.15, 343.9647006101116, 343.73557648630685], [355.6905250205677, 352.44777945214923, 351.79006576739624, 348.57330034157667, 345.22776651873403, 348.6277718854661, 348.015171587031, 346.36449039932563, 350.92028527812437, 358.5148160425298, 365.70776395793195, 361.34240364095405, 349.8666387963239, 345.798594140046, 345.97655636493926, 347.1549455987126, 353.0585819190405, 350.6972898468793, 347.1200610638769, 345.2917486850331, 347.9744875828175, 350.65620729740397, 347.18320244529224, 344.5753989231825], [357.6209462335162, 353.19626635288967, 351.68535103977007, 349.3340667827027, 346.044457502888, 347.1853150576969, 347.9016300428525, 346.60054036875573, 349.07836076720423, 355.6340875697929, 362.9301856465243, 362.4213148647112, 353.35999353864094, 346.85488611645906, 345.62205841018846, 346.4590842675328, 350.76199687339243, 351.1499245727219, 347.9955882099096, 345.59959003446573, 346.77567388036545, 349.4463637646761, 348.0329467232382, 345.1504227519028], [358.7548755357837, 354.31212982803316, 351.8438004064859, 349.7844166502961, 346.8197648688449, 346.47996475675905, 347.3279658046175, 346.69973902293367, 347.9145685081413, 353.09042949092196, 360.1084916757652, 362.1921520596415, 356.0142042335128, 348.6953383639459, 345.71871441909514, 345.86090936075317, 348.9872037265933, 350.66748664839133, 348.7065731270435, 346.075233608223, 346.0634577394701, 348.2264203917373, 348.1760140775617, 345.79520416671176], [359.3486127890221, 355.4029096054233, 352.2947092869333, 350.1122794013779, 347.4607311091765, 346.2465967185538, 346.6903285409738, 346.55195509145216, 347.1521613946803, 350.9928798130564, 357.36691247761746, 361.07682636507207, 357.6726141477125, 350.77279531014767, 346.3710401403753, 345.4740176776722, 347.5882566906308, 349.7344999575701, 348.9942852033785, 346.6037833805151, 345.7265262194627, 347.1583297765521, 347.8434983791469, 346.24810412812917], [358.0369784323892, 354.82483927540414, 351.5317237948657, 349.1118883634679, 346.6667727192934, 344.98876845574955, 344.85437161322955, 344.8944463170711, 345.2535031695088, 347.9713160432701, 353.3798360591724, 357.8665366542232, 356.86735749378516, 351.2874006782135, 346.18059081017896, 344.14724285639613, 345.2008403503322, 347.260223981822, 347.4906047062444, 345.71879383374903, 344.38683411492826, 345.03898816878467, 345.95607426137974, 345.142361994932], [359.5297785595557, 356.25360848768526, 352.8893660454962, 350.4158116530869, 347.93291869523466, 346.2433924707814, 346.12824400156273, 346.1800812789701, 346.53533186280237, 349.2853942853402, 354.78528237892226, 359.35593918793023, 358.3313604873779, 352.6346907203452, 347.4315633544434, 345.374128142544, 346.47065553804794, 348.5875365922141, 348.8115460127702, 346.987970204877, 345.61849542313894, 346.2781676815129, 347.20805314484966, 346.3781203044082], [355.9967211343702, 352.02788554523516, 349.8429766925872, 354.7693106693944, 356.5097729168285, 348.4794175675534, 351.42242145147645, 354.786516545077, 351.5248122442529, 347.78765958509143, 353.19861529813807, 354.3740106584256, 359.6413093621539, 360.29944781192125, 356.77758687492, 350.60629277644455, 345.9512136533101, 347.1631992715089, 347.0482793917072, 347.954922057872, 345.79731948881096, 348.6102402264764, 347.2958267157365, 345.0802036701083], [357.08136410956945, 352.77970336066744, 350.0250029338082, 352.5623659350025, 355.33751140980894, 350.5939807824843, 349.87606427182504, 353.06909397927666, 352.02903172789377, 348.48842574159227, 350.8375109132103, 353.40594814350476, 357.27976033938256, 359.45866901016467, 357.34522080258876, 352.09338158757856, 346.96593203412766, 346.2215680005831, 346.5507610895966, 347.1189890419877, 345.99651973437017, 347.14543123945555, 347.20853386847693, 345.3088955048851], [357.48735669090706, 353.5392113642997, 350.30250217861294, 351.0711148749824, 353.7361967449169, 351.50968427888216, 349.45900458637436, 351.32523632883357, 351.69790370358555, 349.02694081307953, 349.4169629968391, 351.89121249349023, 355.299876957399, 358.0203243375839, 357.34153039050597, 353.1679037459525, 348.03760412059427, 345.8453112228149, 345.8221432956999, 346.3138858050576, 345.76550551832105, 346.15618182421883, 346.57979690664007, 345.3462240495018], [356.2936439278362, 353.00989712932267, 349.6325207898484, 349.0876823821042, 351.054135271681, 350.445183127017, 348.3618669955554, 348.89388001023525, 349.75615341199494, 348.1706714675464, 347.5778181621595, 349.3186061483845, 352.34316872983175, 355.2241834230775, 355.6597014475565, 352.70721694946826, 347.99132285860196, 344.8800857790265, 344.16723465149636, 344.50033399943834, 344.3180058996174, 344.4007420285956, 344.80983541610885, 344.1461888900043], [357.06233224715135, 353.74407557639114, 350.3283153271315, 349.7748609936019, 351.7677600354135, 351.1639684587818, 349.0703183654903, 349.613702576915, 350.4792577527766, 348.8655532794578, 348.2577993317754, 350.0139917201207, 353.0674502729208, 355.9758523500469, 356.4188374198732, 353.44399455412133, 348.6900999562763, 345.55483613091843, 344.82871332510376, 345.1566431427189, 344.96661878897885, 345.0473343597247, 345.45783697454937, 344.78721598962136], [355.63232964873885, 353.00492967246413, 349.71581733197445, 348.2541358045485, 349.3546516919258, 349.58137792504954, 347.99713861229594, 347.6559944222516, 348.40880207335465, 347.67008748414605, 346.772518682228, 347.7228889231909, 350.28354926181765, 353.1712875119345, 354.3964511388756, 352.5868915825138, 348.50478709478335, 344.90332057795433, 343.4276590073017, 343.4260723954599, 343.4233009954784, 343.4210924422105, 343.72100789582237, 343.4187457569306], [355.9269281962117, 351.9618950664396, 349.77934300162985, 354.70122063147255, 356.43948843435936, 348.4157729153302, 351.3549032807798, 354.715248360755, 351.4571959750536, 347.7246776918962, 353.13123969554186, 354.3057724056412, 359.5682880911461, 360.22605946388217, 356.70730927724907, 350.54113735266947, 345.889464277378, 347.0994983017499, 346.98521546794467, 347.89177991395815, 345.7367714429665, 348.5472606512187, 347.23436992471864, 345.020869621745], [356.90969160637513, 352.61801953923987, 349.8702672450909, 352.40237692079575, 355.170062205018, 350.43516602783194, 349.7163622992803, 352.9005265145132, 351.863808509003, 348.33380427206214, 350.67943742852185, 353.2427231583536, 357.1081787236507, 359.2826664186899, 357.17366116524545, 351.93227528397813, 346.8142646700307, 346.0696264050369, 346.3988972667339, 346.9676344667725, 345.84913571107165, 346.9961049383367, 347.0596996041619, 345.16455929094354], [357.15625190357537, 353.2256919455757, 350.00435650064946, 350.770741944611, 353.4223066863371, 351.2014331913869, 349.1550452260955, 351.0099794610867, 351.3823085500866, 348.72749179195847, 349.11966178749833, 351.58467971347574, 354.9794438950448, 357.6889990486186, 357.0125390432066, 352.854420191356, 347.74239688214465, 345.5559549763924, 345.53397280238903, 346.0267886621159, 345.48353969738287, 345.8739971365215, 346.29697893525326, 345.0691682193877], [356.7331205541443, 353.4296436753783, 350.0297447119988, 349.47987372028496, 351.4631700766449, 350.8586436712206, 348.7696609202531, 349.30703858171626, 350.16866425022977, 348.56544604442166, 347.9644004231461, 349.71523864541575, 352.7565444432253, 355.6532359386081, 356.09417837929277, 353.1302797550135, 348.39346971315337, 345.2680438011079, 344.54461935458824, 344.87364277630616, 344.6873385310858, 344.7695943865153, 345.1796095296627, 344.5125626200462], [355.3094873065845, 352.69378998896104, 349.41977951759935, 347.96557643543446, 349.06101899277536, 349.28414942856796, 347.70270296089063, 347.35917320028705, 348.1074779417326, 347.37429815877226, 346.4844919466534, 347.433563166268, 349.9845913806322, 352.86077682745395, 354.0808106784097, 352.27769615973364, 348.2102424532669, 344.620714049739, 343.15, 343.15, 343.15, 343.15, 343.45009905096197, 343.15]]
    "τ_src" = [[347.6159788732295, 355.7979533475168, 350.0042092366858, 346.4545780449299, 343.8750783624124, 355.06822720378403, 343.15, 348.53824484500615, 356.4517131706703, 364.39207295671395, 370.766541442591, 352.5036726166242, 343.15, 347.84146321741963, 345.8953361141894, 349.3531883831451, 359.7850644025264, 343.15, 349.06047557076175, 343.15, 353.65511350826614, 350.70230296436654, 343.15, 345.52736738487755], [343.15, 343.15, 343.15, 373.15, 373.15, 343.15, 373.15, 373.15, 357.8752460530273, 343.15, 361.19111784109793, 343.15, 373.15, 373.15, 373.15, 354.77657027054966, 343.15, 349.1981827358557, 343.15, 353.51250789115494, 343.15, 360.88958568005853, 343.71059932130464, 343.15]]

[scenarios.train_001527]
case_sha256 = "80828c2ad0431f826f45c51ea0718cf8efd6ad684ca072c316c76b75a1f198ac"
run_id = "r5-risk-3a0e6d71-402f-4772-88ea-362453d485c6/train_001527"
schema = "r5-dispatch-result-v1"
solver_objective = 377195.1713781967
status = "embedded_risk_policy"
version = "r5_dispatch_checked_v1"

    [scenarios.train_001527.values]
    H_D = [[0.05842424242424471, 0.14606060606060733, 0.14204393939393944, 0.13802727272727244, 0.1460606060606069, 0.16212727272727157, 0.17819393939394046, 0.18622727272727557, 0.17819393939394046, 0.16212727272727157, 0.15007727272727434, 0.1460606060606071, 0.1420439393939399, 0.13802727272727222, 0.14204393939393967, 0.15409393939394178, 0.17016060606060623, 0.18221060606060813, 0.17417727272727346, 0.16212727272727157, 0.154093939393942, 0.15007727272727434, 0.20144191919192145, 0.20083333333333542], [0.05842424242424471, 0.14606060606060822, 0.14204393939393944, 0.13802727272727533, 0.14606060606060822, 0.162127272727274, 0.1781939393939398, 0.18622727272727246, 0.17819393939393957, 0.16212727272727379, 0.1500772727272719, 0.146060606060608, 0.142043939393939, 0.1380272727272751, 0.14204393939393922, 0.15409393939394112, 0.17016060606060668, 0.1822106060606088, 0.17417727272727568, 0.16212727272727379, 0.15409393939394112, 0.15007727272727212, 0.19548873631816455, 0.20593606151084032], [0.06909615566787508, 0.13691325185177972, 0.14204393939394167, 0.138027272727274, 0.14606060606060578, 0.16212727272727356, 0.178193939393942, 0.1862272727272738, 0.178193939393942, 0.16212727272727379, 0.15007727272727367, 0.14606060606060556, 0.1420439393939419, 0.13802727272727355, 0.1420439393939421, 0.15409393939394178, 0.17016060606060512, 0.18221060606061013, 0.17417727272727346, 0.16212727272727379, 0.154093939393942, 0.15007727272727367, 0.1946817554599185, 0.20662775938933464], [0.07791033491519528, 0.12935824106836358, 0.14204393939393922, 0.13802727272727466, 0.146060606060608, 0.16212727272727467, 0.1781939393939398, 0.18622727272727269, 0.178193939393942, 0.1621272727272749, 0.15007727272727545, 0.1460606060606071, 0.14204393939393967, 0.13802727272727155, 0.142043939393939, 0.15409393939393867, 0.1701606060606058, 0.18221060606060968, 0.17417727272727368, 0.1621272727272749, 0.154093939393942, 0.1500772727272759, 0.19636254512601514, 0.20518708253268514], [0.07399024918550823, 0.05597771661636597, 0.03837912046329972, 0.027781912961857946, 0.02690707538655901, 0.02982878824839008, 0.026023856495497544, 0.18622727272727269, 0.1781939393939418, 0.16212727272727467, 0.15007727272727567, 0.14606060606060778, 0.14204393939393967, 0.13802727272727178, 0.14204393939393967, 0.15409393939393867, 0.1701606060606058, 0.18221060606060968, 0.03180450887361297, 0.1621272727272749, 0.031095877479471623, 0.031986124186510034, 0.14606060606060778, 0.2008333333333332], [0.0589753603758183, 0.14558821924497312, 0.14204393939393967, 0.13802727272727178, 0.14606060606060733, 0.16212727272727467, 0.1781939393939418, 0.1862272727272729, 0.17819393939394135, 0.16212727272727467, 0.15007727272727545, 0.14606060606060778, 0.14204393939393967, 0.13802727272727178, 0.14204393939393967, 0.15409393939393867, 0.17016060606060557, 0.18221060606060968, 0.17417727272727368, 0.1621272727272749, 0.15409393939393867, 0.15007727272727567, 0.19492227112031646, 0.2064216031089927], [0.07071543318946638, 0.1355252996904146, 0.1420439393939441, 0.13802727272727644, 0.146060606060606, 0.16212727272727312, 0.17819393939394312, 0.18622727272727224, 0.1781939393939398, 0.1621272727272729, 0.15007727272727323, 0.14606060606060622, 0.1420439393939441, 0.13802727272727644, 0.14204393939394033, 0.15409393939393934, 0.17016060606060823, 0.1822106060606079, 0.1741772727272768, 0.162127272727276, 0.15409393939393867, 0.15007727272727434, 0.19307412500904841, 0.2080057283472243], [0.07770098190432861, 0.12953768650625563, 0.14204393939393967, 0.13802727272727178, 0.14606060606060778, 0.1621272727272749, 0.1781939393939418, 0.18622727272727269, 0.1781939393939418, 0.16212727272727445, 0.15007727272727545, 0.14606060606060778, 0.1420439393939399, 0.13802727272727178, 0.14204393939393967, 0.1540939393939389, 0.1701606060606058, 0.18221060606060968, 0.17417727272727368, 0.16212727272727467, 0.15409393939393845, 0.15007727272727567, 0.1929044361663168, 0.20815117592671228], [0.07114130873492286, 0.1351602635085969, 0.1420439393939419, 0.13802727272727355, 0.146060606060606, 0.16212727272727334, 0.17819393939393957, 0.18622727272727446, 0.1781939393939418, 0.16212727272727467, 0.15007727272727167, 0.14606060606060933, 0.14204393939394167, 0.13802727272727355, 0.14204393939394255, 0.154093939393942, 0.1701606060606089, 0.18221060606060702, 0.17417727272727435, 0.16212727272727512, 0.15409393939393956, 0.15007727272727212, 0.19265131268316793, 0.20836813891227024], [0.07866404884340739, 0.12871220055847066, 0.1420439393939401, 0.13802727272727355, 0.14606060606060978, 0.16212727272727556, 0.1781939393939398, 0.1862272727272749, 0.17819393939393935, 0.16212727272727268, 0.150077272727273, 0.1460606060606091, 0.14204393939393922, 0.13802727272727378, 0.14204393939394078, 0.15409393939394045, 0.17016060606060757, 0.18221060606060746, 0.17417727272727457, 0.16212727272727134, 0.15409393939394245, 0.15007727272727545, 0.1919701160080487, 0.20895202177668182], [0.08306522361801782, 0.12493976503737692, 0.14204393939394255, 0.13802727272727155, 0.14606060606060756, 0.16212727272727578, 0.17819393939394157, 0.18622727272727646, 0.1781939393939418, 0.16212727272727578, 0.1500772727272759, 0.14606060606060756, 0.14204393939394167, 0.138027272727276, 0.14204393939393967, 0.15409393939393867, 0.17016060606060757, 0.18221060606060968, 0.1741772727272739, 0.16212727272727512, 0.15409393939393867, 0.15007727272727345, 0.19142341403117036, 0.20942062347112156], [0.08534821691497285, 0.12298291363998648, 0.1420439393939399, 0.13802727272727155, 0.14606060606060756, 0.16212727272727445, 0.1781939393939418, 0.1862272727272729, 0.1781939393939418, 0.16212727272727467, 0.15007727272727545, 0.14606060606060778, 0.14204393939393967, 0.13802727272727155, 0.14204393939393967, 0.15409393939393867, 0.17016060606060557, 0.1822106060606099, 0.17417727272727368, 0.1621272727272749, 0.15409393939393867, 0.15007727272727567, 0.19060969963469487, 0.21011809295381312], [0.08000956119976421, 0.06531647158991483, 0.047378121898467906, 0.03428655463341146, 0.030088593040300315, 0.03176128506421505, 0.03021928489508574, 0.18622727272727269, 0.1781939393939418, 0.1621272727272749, 0.15007727272727567, 0.14606060606060778, 0.14204393939393967, 0.13802727272727155, 0.14204393939393967, 0.15409393939393867, 0.17016060606060557, 0.1822106060606099, 0.034976983062213085, 0.03242384299037426, 0.03314909712216818, 0.1500772727272759, 0.1956014838813016, 0.20583942074243833], [0.07146199295711497, 0.13488539131815314, 0.14204393939393967, 0.13802727272727155, 0.14606060606060778, 0.16212727272727467, 0.17819393939394157, 0.1862272727272729, 0.1781939393939418, 0.16212727272727445, 0.1500772727272759, 0.14606060606060778, 0.14204393939393967, 0.13802727272727155, 0.14204393939393967, 0.1540939393939389, 0.17016060606060557, 0.18221060606060946, 0.17417727272727346, 0.16212727272727467, 0.15409393939393867, 0.15007727272727567, 0.18976257855304746, 0.21084419673808696], [0.07174238354538787, 0.13464505652819514, 0.14204393939394233, 0.13802727272727422, 0.14606060606060467, 0.16212727272727645, 0.17819393939393824, 0.18622727272727424, 0.17819393939393824, 0.16212727272727667, 0.15007727272727256, 0.1460606060606051, 0.1420439393939421, 0.13802727272727422, 0.14204393939394167, 0.15409393939394067, 0.17016060606060757, 0.18221060606060613, 0.17417727272727546, 0.16212727272727623, 0.15409393939394067, 0.15007727272727278, 0.18948173977921035, 0.21108491568708487], [0.07607936674217797, 0.13092764235951937, 0.14204393939394144, 0.13802727272727444, 0.146060606060608, 0.16212727272727379, 0.17819393939393846, 0.18622727272727202, 0.17819393939393935, 0.16212727272727312, 0.1500772727272719, 0.146060606060606, 0.14204393939393856, 0.138027272727276, 0.14204393939393967, 0.15409393939393823, 0.17016060606060845, 0.18221060606060524, 0.1741772727272719, 0.16212727272727423, 0.15409393939393978, 0.150077272727273, 0.18802232050058842, 0.21233584649733217], [0.07769706489419193, 0.12954104394350785, 0.142043939393943, 0.13802727272727178, 0.14606060606060778, 0.16212727272727445, 0.1781939393939418, 0.18622727272727246, 0.1781939393939418, 0.16212727272727467, 0.15007727272727567, 0.14606060606060778, 0.14204393939393967, 0.13802727272727155, 0.1420439393939401, 0.15409393939393867, 0.1701606060606058, 0.1822106060606099, 0.17417727272727368, 0.1621272727272749, 0.15409393939393867, 0.15007727272727567, 0.18887653924431302, 0.21160365900271572], [0.07289343410336357, 0.13365844176422104, 0.1420439393939421, 0.13802727272727489, 0.14606060606060933, 0.16212727272727312, 0.178193939393942, 0.18622727272727135, 0.178193939393942, 0.16212727272727334, 0.15007727272727167, 0.14606060606060933, 0.14204393939394233, 0.13802727272727444, 0.14204393939394233, 0.15409393939393867, 0.17016060606060734, 0.18221060606060946, 0.1741772727272748, 0.16212727272727334, 0.15409393939393867, 0.15007727272727167, 0.1957917943384586, 0.20567629749344718], [0.07598117188112496, 0.13101180938328127, 0.14204393939393967, 0.13802727272727155, 0.14606060606060756, 0.1621272727272749, 0.1781939393939418, 0.18622727272727269, 0.1781939393939418, 0.16212727272727467, 0.1500772727272759, 0.14606060606060778, 0.1420439393939399, 0.13802727272727178, 0.14204393939393967, 0.15409393939393867, 0.17016060606060557, 0.18221060606060968, 0.17417727272727368, 0.16212727272727445, 0.15409393939393867, 0.15007727272727567, 0.19332673379850918, 0.20778920652769273], [0.07023149687994845, 0.1359401022414306, 0.14204393939394278, 0.13802727272727155, 0.14606060606060756, 0.16212727272727467, 0.1781939393939418, 0.18622727272727246, 0.1781939393939389, 0.16212727272727356, 0.15007727272727567, 0.1460606060606051, 0.1420439393939421, 0.13802727272727267, 0.14204393939394167, 0.15409393939394067, 0.17016060606060623, 0.18221060606060635, 0.1741772727272748, 0.1621272727272749, 0.1540939393939389, 0.15007727272727478, 0.20018254671430924, 0.20191279545700525], [0.07399024918550823, 0.05597771661636597, 0.03837912046329972, 0.027781912961857946, 0.02690707538655901, 0.02982878824839008, 0.026023856495497544, 0.18622727272727269, 0.1781939393939418, 0.16212727272727467, 0.15007727272727567, 0.14606060606060778, 0.14204393939393967, 0.13802727272727178, 0.14204393939393967, 0.15409393939393867, 0.1701606060606058, 0.18221060606060968, 0.03180450887361297, 0.1621272727272749, 0.031095877479471623, 0.031986124186510034, 0.14606060606060778, 0.2008333333333332], [0.07554632912687609, 0.13138453174407116, 0.142043939393939, 0.13802727272727533, 0.14606060606060867, 0.16212727272727445, 0.17819393939394068, 0.1862272727272738, 0.17819393939394068, 0.16212727272727467, 0.15007727272727256, 0.14606060606060867, 0.14204393939393944, 0.13802727272727533, 0.14204393939393967, 0.15409393939394178, 0.17016060606060757, 0.18221060606060968, 0.1741772727272719, 0.16212727272727445, 0.15409393939394178, 0.15007727272727256, 0.19499505126765748, 0.20635922012556662], [0.06949264602414829, 0.1365734029749741, 0.14204393939393967, 0.13802727272727155, 0.146060606060608, 0.16212727272727467, 0.1781939393939418, 0.1862272727272729, 0.1781939393939418, 0.1621272727272749, 0.15007727272727545, 0.14606060606060778, 0.14204393939393967, 0.138027272727272, 0.14204393939393967, 0.15409393939393867, 0.1701606060606058, 0.18221060606060968, 0.17417727272727368, 0.1621272727272749, 0.1540939393939389, 0.1500772727272759, 0.19428811696267756, 0.20696516381554986], [0.07450889934492011, 0.13227375727145496, 0.14204393939394078, 0.13802727272727555, 0.1460606060606051, 0.16212727272727379, 0.1781939393939398, 0.18622727272727535, 0.17819393939393935, 0.16212727272727379, 0.15007727272727323, 0.14606060606060778, 0.14204393939394366, 0.13802727272727577, 0.14204393939393922, 0.1540939393939431, 0.1701606060606069, 0.18221060606061057, 0.174177272727273, 0.16212727272727578, 0.15409393939394112, 0.15007727272727278, 0.1960015136279185, 0.20549653810247648], [0.07260791094318009, 0.1339031759015279, 0.14204393939394078, 0.13802727272727178, 0.14606060606060778, 0.16212727272727445, 0.17819393939394157, 0.18622727272727269, 0.17819393939394157, 0.16212727272727467, 0.15007727272727567, 0.14606060606060756, 0.14204393939393967, 0.13802727272727178, 0.14204393939393967, 0.15409393939393867, 0.170160606060606, 0.18221060606060968, 0.17417727272727368, 0.1621272727272749, 0.15409393939393867, 0.15007727272727567, 0.20144191919192211, 0.20083333333333542], [0.0726079109431752, 0.0510693975151324, 0.03519926695933884, 0.027093597308350592, 0.029884645839121537, 0.032987606260197255, 0.02573841816702771, 0.18622727272727269, 0.17819393939394157, 0.16212727272727467, 0.15007727272727567, 0.14606060606060756, 0.14204393939393967, 0.13802727272727178, 0.14204393939393967, 0.15409393939393867, 0.170160606060606, 0.18221060606060968, 0.17417727272727368, 0.1621272727272749, 0.03519085395144339, 0.03349542571464448, 0.026011572224943214, 0.2008333333333332], [0.08142884107629556, 0.12634237864456477, 0.14204393939394233, 0.13802727272727489, 0.1460606060606091, 0.162127272727272, 0.17819393939394024, 0.18622727272727424, 0.1781939393939398, 0.1621272727272718, 0.1500772727272761, 0.1460606060606089, 0.1420439393939421, 0.13802727272727466, 0.1420439393939419, 0.154093939393938, 0.170160606060606, 0.18221060606060702, 0.17417727272727324, 0.162127272727272, 0.154093939393938, 0.1500772727272759, 0.19299111576678096, 0.20807687912631323], [0.08059835521018854, 0.12705422367266084, 0.14204393939393967, 0.138027272727272, 0.14606060606060778, 0.16212727272727445, 0.1781939393939418, 0.1862272727272729, 0.1781939393939418, 0.1621272727272749, 0.15007727272727567, 0.14606060606060778, 0.14204393939393967, 0.13802727272727178, 0.14204393939393967, 0.1540939393939389, 0.170160606060606, 0.18221060606060968, 0.17417727272727368, 0.16212727272727445, 0.1540939393939389, 0.15007727272727567, 0.19513909785230532, 0.2062357516244404], [0.07534249669993187, 0.13155924525287244, 0.14204393939394255, 0.13802727272727422, 0.14606060606060733, 0.16212727272727223, 0.17819393939394224, 0.18622727272727446, 0.17819393939394157, 0.16212727272727645, 0.150077272727273, 0.14606060606060667, 0.14204393939394078, 0.13802727272727422, 0.14204393939394078, 0.15409393939393978, 0.1701606060606049, 0.18221060606060813, 0.17417727272727523, 0.16212727272727134, 0.15409393939393934, 0.150077272727273, 0.20005458554022293, 0.20202247646336602], [0.08178972356195757, 0.12603305079970717, 0.14204393939394033, 0.13802727272727155, 0.1460606060606049, 0.16212727272727245, 0.17819393939394024, 0.1862272727272738, 0.17819393939394024, 0.1621272727272729, 0.15007727272727456, 0.1460606060606051, 0.14204393939394078, 0.13802727272727133, 0.14204393939394078, 0.15409393939393867, 0.1701606060606069, 0.18221060606060946, 0.17417727272727612, 0.16212727272727245, 0.15409393939393867, 0.15007727272727456, 0.19400322724797947, 0.20720935499956994], [0.07963887561639282, 0.12787663475304867, 0.1420439393939399, 0.13802727272727155, 0.14606060606060778, 0.16212727272727467, 0.1781939393939418, 0.18622727272727269, 0.17819393939394157, 0.1621272727272749, 0.15007727272727545, 0.146060606060608, 0.14204393939393967, 0.13802727272727178, 0.14204393939393967, 0.1540939393939389, 0.1701606060606058, 0.1822106060606099, 0.17417727272727368, 0.16212727272727467, 0.15409393939393867, 0.15007727272727567, 0.19595696021807285, 0.20553472673949713], [0.07355375399323805, 0.133092453287184, 0.142043939393939, 0.13802727272727444, 0.14606060606060756, 0.1621272727272749, 0.1781939393939418, 0.18622727272727269, 0.1781939393939418, 0.16212727272727467, 0.15007727272727567, 0.14606060606060756, 0.14204393939393967, 0.138027272727272, 0.14204393939393967, 0.15409393939393867, 0.17016060606060557, 0.18221060606060968, 0.17417727272727368, 0.1621272727272749, 0.15409393939393867, 0.1500772727272759, 0.20099221018504543, 0.20121879819636845], [0.07538972638306163, 0.1315187626673311, 0.14204393939393944, 0.13802727272727555, 0.14606060606060778, 0.1621272727272749, 0.17819393939394157, 0.18622727272727269, 0.17819393939394157, 0.1621272727272749, 0.1500772727272759, 0.14606060606060778, 0.14204393939393967, 0.13802727272727155, 0.14204393939393967, 0.15409393939393867, 0.17016060606060557, 0.18221060606060946, 0.1741772727272739, 0.1621272727272749, 0.15409393939393867, 0.15007727272727567, 0.18870636525196116, 0.2117495224247321], [0.07636701442584126, 0.13068108720209715, 0.14204393939394122, 0.1380272727272711, 0.14606060606060778, 0.16212727272727268, 0.17819393939393913, 0.18622727272727624, 0.17819393939394068, 0.16212727272727423, 0.15007727272727367, 0.14606060606060733, 0.14204393939394055, 0.1380272727272711, 0.14204393939394255, 0.1540939393939409, 0.17016060606060823, 0.18221060606060768, 0.1741772727272728, 0.16212727272727512, 0.15409393939394023, 0.15007727272727323, 0.19018498058598943, 0.2104821378527042], [0.07465876414337558, 0.13214530172992722, 0.14204393939394233, 0.13802727272727378, 0.14606060606060778, 0.16212727272727445, 0.17819393939394246, 0.18622727272727313, 0.17819393939394246, 0.1621272727272729, 0.15007727272727478, 0.14606060606060778, 0.14204393939393833, 0.13802727272727244, 0.14204393939394322, 0.15409393939394223, 0.17016060606060734, 0.1822106060606079, 0.17417727272727213, 0.16212727272727534, 0.15409393939393934, 0.15007727272727323, 0.19527501571351058, 0.20611925060054048], [0.06893469867424784, 0.13705164356060107, 0.14204393939394255, 0.13802727272727555, 0.14606060606060778, 0.16212727272727445, 0.17819393939394157, 0.18622727272727269, 0.1781939393939418, 0.16212727272727467, 0.15007727272727567, 0.14606060606060778, 0.14204393939393967, 0.138027272727272, 0.14204393939393967, 0.15409393939393867, 0.17016060606060557, 0.18221060606060968, 0.17417727272727368, 0.16212727272727445, 0.1540939393939389, 0.15078728956229215, 0.2008333333333332, 0.20083333333333542]]
    P_DER = [[3.0, 3.0, 3.0, 3.0, 5.038024286902569, 3.2262226186609158, 4.203626765636999, 5.53679671335902, 8.5, 8.5, 7.900440168956254, 5.2882791637440185, 5.077218448225187, 5.812360691616415, 5.3246253865774955, 4.2434340499955505, 8.389571564451042, 5.433180677853584, 5.159355150994148, 7.528776036354955, 5.474102648914661, 4.614126820925225, 5.283262529152006, 5.264257399477762], [0.980737038846471, 1.0869565217391304, 1.0869565217391304, 1.0869565217391304, 1.0869565217391304, 1.0869565217391304, 1.0869565217391304, 1.0869565217391304, 0.0, 0.0, 0.0, 0.034215436019516154, 0.5117803337711588, 0.6630622983479624, 0.6172981186524815, 1.0869565217391304, 0.0, 1.0869565217391304, 1.0869565217391304, 0.7590097575537662, 1.0869565217391304, 1.0869565217391304, 1.0869565217391304, 1.0869565217391304], [0.31200520981858804, 0.7549128139925068, 0.7924835086238381, 0.8346528177053608, 0.4094674198364626, 0.9570047052938297, 1.0146409162929177, 0.782191577451528, 0.6382718026064833, 0.6431380774154505, 0.6125977836979754, 0.5749703912297456, 0.547884843836233, 0.5501442066667377, 0.5487449154816314, 1.0343624180193418, 0.586537135516104, 0.645525706322648, 1.1388048307475054, 0.6319835991393367, 0.6101280643496441, 0.674099475215727, 0.7779379686349828, 0.7226209095879106], [0.0, 0.0, 0.0, 0.0, 0.0, 0.0, 0.06550985365019456, 0.2639730311238444, 0.5123872275243286, 0.7942841590211999, 1.1056789767275008, 1.1396470967825643, 1.0769165274116264, 1.1724667804318596, 1.120965002332825, 0.8096723121052698, 0.40289023670772034, 0.15902697537214192, 0.0, 0.0, 0.0, 0.0, 0.0, 0.0], [0.0, 0.0, 0.0, 0.0, 0.0, 0.0, 0.09826478047529183, 0.3959595466857666, 0.768580841286493, 1.1914262385317997, 1.6585184650912512, 1.7094706451738464, 1.6153747911174396, 1.7587001706477894, 1.6814475034992376, 1.2145084681579048, 0.6043353550615805, 0.23854046305821286, 0.0, 0.0, 0.0, 0.0, 0.0, 0.0], [0.0, 0.0, 0.0, 0.0, 0.0, 0.0, 0.09826478047529183, 0.3959595466857666, 0.768580841286493, 1.1914262385317997, 1.6585184650912512, 1.7094706451738464, 1.6153747911174396, 1.7587001706477894, 1.6814475034992376, 1.2145084681579048, 0.6043353550615805, 0.23854046305821286, 0.0, 0.0, 0.0, 0.0, 0.0, 0.0]]
    P_DH = [[0.0, 0.0, 0.0, 0.0, 0.0, 0.0, 0.0, 0.0, 0.0, 0.0, 0.0, 0.0, 0.0, 0.0, 0.0, 0.0, 0.0, 0.0, 0.0, 0.0, 0.0, 0.0, 0.0, 0.0], [0.0, 0.0, 0.0, 0.0, 0.0, 0.0, 0.0, 0.0, 0.0, 0.0, 0.0, 0.0, 0.0, 0.0, 0.0, 0.0, 0.0, 0.0, 0.0, 0.0, 0.0, 0.0, 0.0, 0.0], [0.0, 0.0, 0.0, 0.0, 0.0, 0.0, 0.0, 0.0, 0.0, 0.0, 0.0, 0.0, 0.0, 0.0, 0.0, 0.0, 0.0, 0.0, 0.0, 0.0, 0.0, 0.0, 0.0, 0.0], [0.0, 0.0, 0.0, 0.0, 0.0, 0.0, 0.0, 0.0, 0.0, 0.0, 0.0, 0.0, 0.0, 0.0, 0.0, 0.0, 0.0, 0.0, 0.0, 0.0, 0.0, 0.0, 0.0, 0.0], [0.0, 0.09592574741823734, 0.3, 0.0, 0.14185616312955984, 0.3, 0.07481812270757038, 0.0, 0.0, 0.0, 0.0, 0.0, 0.0, 0.0, 0.0, 0.0, 0.0, 0.0, 0.17796595481707378, 0.0, 0.1537475773930881, 0.1476139356759565, 0.0, 0.05933712121212542], [0.0, 0.0, 0.0, 0.0, 0.0, 0.0, 0.0, 0.0, 0.0, 0.0, 0.0, 0.0, 0.0, 0.0, 0.0, 0.0, 0.0, 0.0, 0.0, 0.0, 0.0, 0.0, 0.0, 0.0], [0.0, 0.0, 0.0, 0.0, 0.0, 0.0, 0.0, 0.0, 0.0, 0.0, 0.0, 0.0, 0.0, 0.0, 0.0, 0.0, 0.0, 0.0, 0.0, 0.0, 0.0, 0.0, 0.0, 0.0], [0.0, 0.0, 0.0, 0.0, 0.0, 0.0, 0.0, 0.0, 0.0, 0.0, 0.0, 0.0, 0.0, 0.0, 0.0, 0.0, 0.0, 0.0, 0.0, 0.0, 0.0, 0.0, 0.0, 0.0], [0.0, 0.0, 0.0, 0.0, 0.0, 0.0, 0.0, 0.0, 0.0, 0.0, 0.0, 0.0, 0.0, 0.0, 0.0, 0.0, 0.0, 0.0, 0.0, 0.0, 0.0, 0.0, 0.0, 0.0], [0.0, 0.0, 0.0, 0.0, 0.0, 0.0, 0.0, 0.0, 0.0, 0.0, 0.0, 0.0, 0.0, 0.0, 0.0, 0.0, 0.0, 0.0, 0.0, 0.0, 0.0, 0.0, 0.0, 0.0], [0.0, 0.0, 0.0, 0.0, 0.0, 0.0, 0.0, 0.0, 0.0, 0.0, 0.0, 0.0, 0.0, 0.0, 0.0, 0.0, 0.0, 0.0, 0.0, 0.0, 0.0, 0.0, 0.0, 0.0], [0.0, 0.0, 0.0, 0.0, 0.0, 0.0, 0.0, 0.0, 0.0, 0.0, 0.0, 0.0, 0.0, 0.0, 0.0, 0.0, 0.0, 0.0, 0.0, 0.0, 0.0, 0.0, 0.0, 0.0], [0.0, 0.07780304082888184, 0.2, 0.05967498779104464, 0.14496501627538433, 0.2, 0.15321759061969883, 0.0, 0.0, 0.0, 0.0, 0.0, 0.0, 0.0, 0.0, 0.0, 0.0, 0.0, 0.17400036208132583, 0.1621292871711254, 0.1511810528397134, 0.0, 0.0, 0.0], [0.0, 0.0, 0.0, 0.0, 0.0, 0.0, 0.0, 0.0, 0.0, 0.0, 0.0, 0.0, 0.0, 0.0, 0.0, 0.0, 0.0, 0.0, 0.0, 0.0, 0.0, 0.0, 0.0, 0.0], [0.0, 0.0, 0.0, 0.0, 0.0, 0.0, 0.0, 0.0, 0.0, 0.0, 0.0, 0.0, 0.0, 0.0, 0.0, 0.0, 0.0, 0.0, 0.0, 0.0, 0.0, 0.0, 0.0, 0.0], [0.0, 0.0, 0.0, 0.0, 0.0, 0.0, 0.0, 0.0, 0.0, 0.0, 0.0, 0.0, 0.0, 0.0, 0.0, 0.0, 0.0, 0.0, 0.0, 0.0, 0.0, 0.0, 0.0, 0.0], [0.0, 0.0, 0.0, 0.0, 0.0, 0.0, 0.0, 0.0, 0.0, 0.0, 0.0, 0.0, 0.0, 0.0, 0.0, 0.0, 0.0, 0.0, 0.0, 0.0, 0.0, 0.0, 0.0, 0.0], [0.0, 0.0, 0.0, 0.0, 0.0, 0.0, 0.0, 0.0, 0.0, 0.0, 0.0, 0.0, 0.0, 0.0, 0.0, 0.0, 0.0, 0.0, 0.0, 0.0, 0.0, 0.0, 0.0, 0.0], [0.0, 0.0, 0.0, 0.0, 0.0, 0.0, 0.0, 0.0, 0.0, 0.0, 0.0, 0.0, 0.0, 0.0, 0.0, 0.0, 0.0, 0.0, 0.0, 0.0, 0.0, 0.0, 0.0, 0.0], [0.0, 0.0, 0.0, 0.0, 0.0, 0.0, 0.0, 0.0, 0.0, 0.0, 0.0, 0.0, 0.0, 0.0, 0.0, 0.0, 0.0, 0.0, 0.0, 0.0, 0.0, 0.0, 0.0, 0.0], [0.0, 0.0959257474182304, 0.2, 0.0774475771324525, 0.1489419133425609, 0.2, 0.16053240842185368, 0.0, 0.0, 0.0, 0.0, 0.0, 0.0, 0.0, 0.0, 0.0, 0.0, 0.0, 0.17796595481707583, 0.0, 0.153747577393084, 0.14761393567595696, 0.0, 0.05933712121212542], [0.0, 0.0, 0.0, 0.0, 0.0, 0.0, 0.0, 0.0, 0.0, 0.0, 0.0, 0.0, 0.0, 0.0, 0.0, 0.0, 0.0, 0.0, 0.0, 0.0, 0.0, 0.0, 0.0, 0.0], [0.0, 0.0, 0.0, 0.0, 0.0, 0.0, 0.0, 0.0, 0.0, 0.0, 0.0, 0.0, 0.0, 0.0, 0.0, 0.0, 0.0, 0.0, 0.0, 0.0, 0.0, 0.0, 0.0, 0.0], [0.0, 0.0, 0.0, 0.0, 0.0, 0.0, 0.0, 0.0, 0.0, 0.0, 0.0, 0.0, 0.0, 0.0, 0.0, 0.0, 0.0, 0.0, 0.0, 0.0, 0.0, 0.0, 0.0, 0.0], [0.0, 0.0, 0.0, 0.0, 0.0, 0.0, 0.0, 0.0, 0.0, 0.0, 0.0, 0.0, 0.0, 0.0, 0.0, 0.0, 0.0, 0.0, 0.0, 0.0, 0.0, 0.0, 0.0, 0.0], [0.0, 0.10354222298299343, 0.25, 0.03885781473929517, 0.14521995027685397, 0.25, 0.11464761560550518, 0.0, 0.0, 0.0, 0.0, 0.0, 0.0, 0.0, 0.0, 0.0, 0.0, 0.0, 0.0, 0.0, 0.148628856803122, 0.1457273087657882, 0.15006129229457987, 0.059337121212131416], [0.0, 0.0, 0.0, 0.0, 0.0, 0.0, 0.0, 0.0, 0.0, 0.0, 0.0, 0.0, 0.0, 0.0, 0.0, 0.0, 0.0, 0.0, 0.0, 0.0, 0.0, 0.0, 0.0, 0.0], [0.0, 0.0, 0.0, 0.0, 0.0, 0.0, 0.0, 0.0, 0.0, 0.0, 0.0, 0.0, 0.0, 0.0, 0.0, 0.0, 0.0, 0.0, 0.0, 0.0, 0.0, 0.0, 0.0, 0.0], [0.0, 0.0, 0.0, 0.0, 0.0, 0.0, 0.0, 0.0, 0.0, 0.0, 0.0, 0.0, 0.0, 0.0, 0.0, 0.0, 0.0, 0.0, 0.0, 0.0, 0.0, 0.0, 0.0, 0.0], [0.0, 0.0, 0.0, 0.0, 0.0, 0.0, 0.0, 0.0, 0.0, 0.0, 0.0, 0.0, 0.0, 0.0, 0.0, 0.0, 0.0, 0.0, 0.0, 0.0, 0.0, 0.0, 0.0, 0.0], [0.0, 0.0, 0.0, 0.0, 0.0, 0.0, 0.0, 0.0, 0.0, 0.0, 0.0, 0.0, 0.0, 0.0, 0.0, 0.0, 0.0, 0.0, 0.0, 0.0, 0.0, 0.0, 0.0, 0.0], [0.0, 0.0, 0.0, 0.0, 0.0, 0.0, 0.0, 0.0, 0.0, 0.0, 0.0, 0.0, 0.0, 0.0, 0.0, 0.0, 0.0, 0.0, 0.0, 0.0, 0.0, 0.0, 0.0, 0.0], [0.0, 0.0, 0.0, 0.0, 0.0, 0.0, 0.0, 0.0, 0.0, 0.0, 0.0, 0.0, 0.0, 0.0, 0.0, 0.0, 0.0, 0.0, 0.0, 0.0, 0.0, 0.0, 0.0, 0.0], [0.0, 0.0, 0.0, 0.0, 0.0, 0.0, 0.0, 0.0, 0.0, 0.0, 0.0, 0.0, 0.0, 0.0, 0.0, 0.0, 0.0, 0.0, 0.0, 0.0, 0.0, 0.0, 0.0, 0.0], [0.0, 0.0, 0.0, 0.0, 0.0, 0.0, 0.0, 0.0, 0.0, 0.0, 0.0, 0.0, 0.0, 0.0, 0.0, 0.0, 0.0, 0.0, 0.0, 0.0, 0.0, 0.0, 0.0, 0.0], [0.0, 0.0, 0.0, 0.0, 0.0, 0.0, 0.0, 0.0, 0.0, 0.0, 0.0, 0.0, 0.0, 0.0, 0.0, 0.0, 0.0, 0.0, 0.0, 0.0, 0.0, 0.0, 0.0, 0.0]]
    P_PCC = [[23.77660224866205, 23.465836094381473, 23.25815003036324, 22.115269719105992, 20.87912269770095, 26.48468860836637, 28.96639699514821, 30.625039261339555, 28.725542892507377, 29.24694144133084, 29.392441707826517, 30.22119827637509, 28.667480619731915, 26.470588691672422, 28.350257638221553, 33.27601564134005, 30.866344624234372, 36.76619364871443, 37.05521847320806, 31.017046607505616, 30.53474700160353, 28.415134356146083, 25.50379325351687, 23.440281395479992]]
    P_line = [[14.816197674417708, 14.291136378556985, 14.121343023254667, 13.459819670153593, 14.15111202996195, 16.033110465115897, 18.059905518095547, 20.155540453313733, 21.69468660057464, 22.227724924259746, 22.238574558165055, 21.231738657150345, 19.892008929813528, 19.031770759584106, 19.825936217432172, 21.248758973702934, 22.814815807729246, 23.658552560196767, 23.29714121195866, 21.507383720931102, 19.903111433857703, 18.218047638792996, 16.727965116278938, 15.651784707541083], [8.96040457424533, 9.174699715824318, 9.136807007109383, 8.655450048951025, 6.7280106677353615, 10.451578143252846, 10.906491477051532, 10.469498808024582, 7.0308562919308315, 7.019216517073801, 7.153867149667349, 8.989459619222544, 8.775471689919868, 7.438817932088568, 8.524321420791239, 12.027256667639449, 8.051528816507926, 13.107641088519813, 13.75807726124367, 9.509662886575825, 10.631635567742705, 10.197086717354978, 8.775828137237113, 7.788496687941006], [2.963239534883721, 2.9157827241624235, 3.0242686046511627, 2.676474418604651, 2.913918953827234, 3.4066220930232554, 3.6593820761959424, 4.1103000000000005, 4.492653488372093, 4.683830232558139, 4.779418604651163, 4.588241860465116, 4.301476744186046, 4.158094186046512, 4.301476744186046, 4.492653488372093, 4.683830232558139, 4.779418604651163, 4.76620781528219, 4.301476744186046, 4.072870833207041, 3.7321778891643285, 3.345593023255814, 3.165959214235381], [2.3705916279069768, 2.255885581395349, 2.17941488372093, 2.141179534883721, 2.2176502325581393, 2.4852976744186046, 2.8676511627906978, 3.28824, 3.594122790697674, 3.7470641860465115, 3.82353488372093, 3.6705934883720928, 3.441181395348837, 3.326475348837209, 3.441181395348837, 3.594122790697674, 3.7470641860465115, 3.82353488372093, 3.6705934883720928, 3.441181395348837, 3.1352986046511626, 2.8676511627906978, 2.676474418604651, 2.4852976744186046], [1.7779437209302325, 1.6919141860465117, 1.6345611627906975, 1.6058846511627909, 1.6632376744186046, 1.8639732558139535, 2.1507383720930235, 2.46618, 2.6955920930232553, 2.8102981395348836, 2.8676511627906978, 2.7529451162790695, 2.580886046511628, 2.4948565116279067, 2.580886046511628, 2.6955920930232553, 2.8102981395348836, 2.8676511627906978, 2.7529451162790695, 2.580886046511628, 2.351473953488372, 2.1507383720930235, 2.007355813953488, 1.8639732558139535], [1.1852958139534884, 1.1279427906976744, 1.089707441860465, 1.0705897674418605, 1.1088251162790697, 1.2426488372093023, 1.4338255813953489, 1.64412, 1.797061395348837, 1.8735320930232557, 1.911767441860465, 1.8352967441860464, 1.7205906976744185, 1.6632376744186046, 1.7205906976744185, 1.797061395348837, 1.8735320930232557, 1.911767441860465, 1.8352967441860464, 1.7205906976744185, 1.5676493023255813, 1.4338255813953489, 1.3382372093023256, 1.2426488372093023], [0.5926479069767442, 0.5639713953488372, 0.5448537209302325, 0.5352948837209303, 0.5544125581395348, 0.6213244186046512, 0.7169127906976744, 0.82206, 0.8985306976744185, 0.9367660465116279, 0.9558837209302325, 0.9176483720930232, 0.8602953488372093, 0.8316188372093023, 0.8602953488372093, 0.8985306976744185, 0.9367660465116279, 0.9558837209302325, 0.9176483720930232, 0.8602953488372093, 0.7838246511627907, 0.7169127906976744, 0.6691186046511628, 0.6213244186046512], [4.148535348837209, 3.9477997674418606, 3.8139760465116277, 3.747064186046512, 3.880887906976744, 4.349270930232558, 4.920124754408429, 5.358460453314234, 5.521134042434436, 5.365936087049596, 5.032667581420377, 4.714067959477316, 4.406692650743025, 4.062631689817327, 4.340619938361227, 5.0752064155630245, 5.953026970519814, 6.452645583453415, 6.423538604651162, 6.0220674418604645, 5.486772558139535, 5.018389534883721, 4.683830232558139, 4.349270930232558], [3.555887441860465, 3.3838283720930233, 3.269122325581395, 3.2117693023255818, 3.326475348837209, 3.727946511627907, 4.203211963710754, 4.536400453314235, 4.622603344760018, 4.429170040537968, 4.076783860490144, 3.796419587384293, 3.546397301905816, 3.231012852608025, 3.480324589524018, 4.176675717888606, 5.016260924008186, 5.496761862523182, 5.505890232558139, 5.161772093023256, 4.702947906976744, 4.301476744186047, 4.014711627906976, 3.727946511627907], [2.963239534883721, 2.819856976744186, 2.724268604651163, 2.676474418604651, 2.772062790697674, 3.1066220930232555, 3.584563953488372, 4.1103000000000005, 4.492653488372093, 4.683830232558139, 4.779418604651163, 4.588241860465116, 4.301476744186046, 4.158094186046512, 4.301476744186046, 4.492653488372093, 4.683830232558139, 4.779418604651163, 4.588241860465116, 4.301476744186046, 3.919123255813953, 3.584563953488372, 3.345593023255814, 3.1066220930232555], [2.3705916279069768, 2.255885581395349, 2.17941488372093, 2.141179534883721, 2.2176502325581393, 2.4852976744186046, 2.8676511627906978, 3.2882400000000005, 3.594122790697674, 3.7470641860465115, 3.82353488372093, 3.6705934883720928, 3.441181395348837, 3.326475348837209, 3.441181395348837, 3.594122790697674, 3.7470641860465115, 3.82353488372093, 3.6705934883720928, 3.441181395348837, 3.1352986046511626, 2.8676511627906978, 2.676474418604651, 2.4852976744186046], [0.5926479069767442, 0.5639713953488372, 0.5448537209302325, 0.5352948837209303, 0.5544125581395348, 0.6213244186046512, 0.7169127906976744, 0.82206, 0.8985306976744185, 0.9367660465116279, 0.9558837209302325, 0.9176483720930232, 0.8602953488372093, 0.8316188372093023, 0.8602953488372093, 0.8985306976744185, 0.9367660465116279, 0.9558837209302325, 0.9176483720930232, 0.8602953488372093, 0.7838246511627907, 0.7169127906976744, 0.6691186046511628, 0.6213244186046512], [1.1852958139534884, 1.1279427906976744, 1.089707441860465, 1.0705897674418605, 1.1088251162790697, 1.2426488372093023, 1.4338255813953489, 1.64412, 1.797061395348837, 1.8735320930232557, 1.911767441860465, 1.8352967441860464, 1.7205906976744185, 1.6632376744186046, 1.7205906976744185, 1.797061395348837, 1.8735320930232557, 1.911767441860465, 1.8352967441860464, 1.7205906976744185, 1.5676493023255813, 1.4338255813953489, 1.3382372093023256, 1.2426488372093023], [0.5926479069767442, 0.5639713953488372, 0.5448537209302325, 0.5352948837209303, 0.5544125581395348, 0.6213244186046512, 0.7169127906976744, 0.82206, 0.8985306976744185, 0.9367660465116279, 0.9558837209302325, 0.9176483720930232, 0.8602953488372093, 0.8316188372093023, 0.8602953488372093, 0.8985306976744185, 0.9367660465116279, 0.9558837209302325, 0.9176483720930232, 0.8602953488372093, 0.7838246511627907, 0.7169127906976744, 0.6691186046511628, 0.6213244186046512], [5.333831162790697, 5.171668305557765, 5.103683488372093, 4.895101530620825, 5.138654936598375, 5.79191976744186, 6.612747524700923, 7.398540000000001, 8.086776279069767, 8.430894418604652, 8.602953488372092, 8.25883534883721, 7.742658139534884, 7.484569534883721, 7.742658139534884, 8.086776279069767, 8.430894418604652, 8.602953488372092, 8.436801303654285, 7.742658139534884, 7.208169437858199, 6.599829051955027, 6.022067441860465, 5.651256888653986], [1.1852958139534884, 1.223868538115905, 1.289707441860465, 1.148037344574313, 1.2577670296216306, 1.4426488372093023, 1.5943579898172024, 1.64412, 1.797061395348837, 1.8735320930232557, 1.911767441860465, 1.8352967441860464, 1.7205906976744185, 1.6632376744186046, 1.7205906976744185, 1.797061395348837, 1.8735320930232557, 1.911767441860465, 2.013262699003122, 1.7205906976744185, 1.7213968797186654, 1.5814395170713058, 1.3382372093023256, 1.3019859584214277], [0.5926479069767442, 0.6598971427670677, 0.7448537209302326, 0.6127424608533828, 0.7033544714820957, 0.8213244186046511, 0.8774451991195281, 0.82206, 0.8985306976744185, 0.9367660465116279, 0.9558837209302325, 0.9176483720930232, 0.8602953488372093, 0.8316188372093023, 0.8602953488372093, 0.8985306976744185, 0.9367660465116279, 0.9558837209302325, 1.095614326910099, 0.8602953488372093, 0.9375722285558746, 0.8645267263736314, 0.6691186046511628, 0.6806615398167766], [3.5558874418604653, 3.3838283720930233, 3.2691223255813955, 3.2117693023255813, 3.3264753488372087, 3.7279465116279065, 4.301476744186046, 4.93236, 5.3911841860465115, 5.620596279069767, 5.7353023255813955, 5.505890232558139, 5.161772093023256, 4.989713023255814, 5.161772093023256, 5.3911841860465115, 5.620596279069767, 5.7353023255813955, 5.505890232558139, 5.161772093023256, 4.7029479069767435, 4.301476744186046, 4.014711627906977, 3.7279465116279065], [1.1852958139534886, 1.1279427906976744, 1.0897074418604653, 1.0705897674418603, 1.1088251162790694, 1.242648837209302, 1.4338255813953487, 1.64412, 1.7970613953488372, 1.8735320930232557, 1.9117674418604649, 1.8352967441860466, 1.7205906976744183, 1.6632376744186048, 1.7205906976744183, 1.7970613953488372, 1.8735320930232557, 1.9117674418604649, 1.8352967441860466, 1.7205906976744183, 1.567649302325581, 1.4338255813953487, 1.3382372093023258, 1.242648837209302], [0.5926479069767442, 0.5639713953488372, 0.5448537209302325, 0.5352948837209303, 0.5544125581395348, 0.6213244186046512, 0.7169127906976744, 0.82206, 0.8985306976744185, 0.9367660465116279, 0.9558837209302325, 0.9176483720930232, 0.8602953488372093, 0.8316188372093023, 0.8602953488372093, 0.8985306976744185, 0.9367660465116279, 0.9558837209302325, 0.9176483720930232, 0.8602953488372093, 0.7838246511627907, 0.7169127906976744, 0.6691186046511628, 0.6213244186046512], [1.7779437209302325, 1.6919141860465117, 1.6345611627906975, 1.6058846511627909, 1.6632376744186046, 1.8639732558139535, 2.1507383720930235, 2.46618, 2.6955920930232553, 2.8102981395348836, 2.8676511627906978, 2.7529451162790695, 2.580886046511628, 2.4948565116279067, 2.580886046511628, 2.6955920930232553, 2.8102981395348836, 2.8676511627906978, 2.7529451162790695, 2.580886046511628, 2.351473953488372, 2.1507383720930235, 2.007355813953488, 1.8639732558139535], [0.5926479069767442, 0.5639713953488372, 0.5448537209302325, 0.5352948837209303, 0.5544125581395348, 0.6213244186046512, 0.7169127906976744, 0.82206, 0.8985306976744185, 0.9367660465116279, 0.9558837209302325, 0.9176483720930232, 0.8602953488372093, 0.8316188372093023, 0.8602953488372093, 0.8985306976744185, 0.9367660465116279, 0.9558837209302325, 0.9176483720930232, 0.8602953488372093, 0.7838246511627907, 0.7169127906976744, 0.6691186046511628, 0.6213244186046512], [0.5926479069767442, 0.5639713953488372, 0.5448537209302325, 0.5352948837209303, 0.5544125581395348, 0.6213244186046512, 0.7169127906976744, 0.82206, 0.8985306976744185, 0.9367660465116279, 0.9558837209302325, 0.9176483720930232, 0.8602953488372093, 0.8316188372093023, 0.8602953488372093, 0.8985306976744185, 0.9367660465116279, 0.9558837209302325, 0.9176483720930232, 0.8602953488372093, 0.7838246511627907, 0.7169127906976744, 0.6691186046511628, 0.6213244186046512], [1.7779437209302325, 1.6919141860465117, 1.6345611627906975, 1.6058846511627909, 1.6632376744186046, 1.8639732558139535, 2.1507383720930235, 2.46618, 2.6955920930232558, 2.8102981395348836, 2.8676511627906978, 2.7529451162790695, 2.580886046511628, 2.494856511627907, 2.580886046511628, 2.6955920930232558, 2.8102981395348836, 2.8676511627906978, 2.7529451162790695, 2.580886046511628, 2.351473953488372, 2.1507383720930235, 2.0073558139534886, 1.8639732558139535], [0.5926479069767442, 0.5639713953488372, 0.5448537209302325, 0.5352948837209303, 0.5544125581395348, 0.6213244186046512, 0.7169127906976744, 0.82206, 0.8985306976744185, 0.9367660465116279, 0.9558837209302325, 0.9176483720930232, 0.8602953488372093, 0.8316188372093023, 0.8602953488372093, 0.8985306976744185, 0.9367660465116279, 0.9558837209302325, 0.9176483720930232, 0.8602953488372093, 0.7838246511627907, 0.7169127906976744, 0.6691186046511628, 0.6213244186046512], [0.5926479069767441, 0.5639713953488372, 0.5448537209302324, 0.5352948837209304, 0.5544125581395349, 0.6213244186046512, 0.7169127906976747, 0.82206, 0.8985306976744187, 0.9367660465116279, 0.9558837209302327, 0.9176483720930231, 0.8602953488372094, 0.8316188372093025, 0.8602953488372094, 0.8985306976744187, 0.9367660465116279, 0.9558837209302327, 0.9176483720930231, 0.8602953488372094, 0.7838246511627909, 0.7169127906976747, 0.669118604651163, 0.6213244186046512], [1.1852958139534884, 1.1279427906976744, 1.089707441860465, 1.0705897674418605, 1.1088251162790697, 1.2426488372093023, 1.4338255813953489, 1.64412, 1.797061395348837, 1.8735320930232557, 1.911767441860465, 1.8352967441860464, 1.7205906976744185, 1.6632376744186046, 1.7205906976744185, 1.797061395348837, 1.8735320930232557, 1.911767441860465, 1.8352967441860464, 1.7205906976744185, 1.5676493023255813, 1.4338255813953489, 1.3382372093023256, 1.2426488372093023], [0.5926479069767442, 0.5639713953488372, 0.5448537209302325, 0.5352948837209303, 0.5544125581395348, 0.6213244186046512, 0.7169127906976744, 0.82206, 0.8985306976744185, 0.9367660465116279, 0.9558837209302325, 0.9176483720930232, 0.8602953488372093, 0.8316188372093023, 0.8602953488372093, 0.8985306976744185, 0.9367660465116279, 0.9558837209302325, 0.9176483720930232, 0.8602953488372093, 0.7838246511627907, 0.7169127906976744, 0.6691186046511628, 0.6213244186046512], [1.1852958139534884, 1.1279427906976744, 1.089707441860465, 1.0705897674418605, 1.1088251162790697, 1.2426488372093023, 1.4338255813953489, 1.64412, 1.797061395348837, 1.8735320930232557, 1.911767441860465, 1.8352967441860464, 1.7205906976744185, 1.6632376744186046, 1.7205906976744185, 1.797061395348837, 1.8735320930232557, 1.911767441860465, 1.8352967441860464, 1.7205906976744185, 1.5676493023255813, 1.4338255813953489, 1.3382372093023256, 1.2426488372093023], [0.5926479069767442, 0.5639713953488372, 0.5448537209302325, 0.5352948837209303, 0.5544125581395348, 0.6213244186046512, 0.7169127906976744, 0.82206, 0.8985306976744185, 0.9367660465116279, 0.9558837209302325, 0.9176483720930232, 0.8602953488372093, 0.8316188372093023, 0.8602953488372093, 0.8985306976744185, 0.9367660465116279, 0.9558837209302325, 0.9176483720930232, 0.8602953488372093, 0.7838246511627907, 0.7169127906976744, 0.6691186046511628, 0.6213244186046512], [1.4973010237720765, 1.960658645519063, 2.0821909504843035, 1.964917572938266, 1.6632575523909165, 2.399653542503132, 2.5361742346577705, 2.1623385463276836, 1.9229459704309917, 1.7223860114175062, 1.4186862488309395, 1.2706200386332278, 1.1915590140990253, 1.0409151006534827, 1.1483706108232248, 2.021751501262909, 2.0571789918316394, 2.3982661728109713, 3.1481019370148777, 2.5147035839848804, 2.3289584195149384, 2.1079250566110757, 2.1161751779373086, 1.965269746797213], [0.9046531167953322, 1.318884209341344, 1.3373372295540706, 1.369947701426291, 0.9638799779759974, 1.578329123898481, 1.6660438533403976, 1.3402785463276836, 1.0244152727565732, 0.7856199649058785, 0.4628025279007071, 0.3529716665402045, 0.33126366526181594, 0.2092962634441804, 0.28807526198601563, 1.1232208035884905, 1.1204129453200116, 1.4423824518807387, 2.0564532028405287, 1.492278947976546, 1.3939527155124347, 1.3910122659134014, 1.4470565732861456, 1.3439453281925617], [2.9632395348837206, 2.9233991997271795, 2.9742686046511633, 2.7153322333439465, 2.917282740974528, 3.3566220930232555, 3.600946788618586, 3.714340453314234, 3.7240726470856, 3.49240399402634, 3.1209001395599114, 2.8787712152912697, 2.6861019530686066, 2.3993940153987223, 2.620029240686809, 3.278145020214188, 4.0794948774965585, 4.54087814159295, 4.588241860465116, 4.301476744186046, 4.067752112617075, 3.7302912622541604, 3.495654315550394, 3.165959214235387], [2.3705916279069763, 2.3594278043783423, 2.4294148837209306, 2.1800373496230163, 2.3628701828349934, 2.7352976744186046, 2.982298778396203, 3.28824, 3.594122790697674, 3.7470641860465115, 3.82353488372093, 3.6705934883720928, 3.441181395348837, 3.326475348837209, 3.441181395348837, 3.594122790697674, 3.7470641860465115, 3.82353488372093, 3.6705934883720928, 3.441181395348837, 3.283927461454285, 3.0133784715564857, 2.826535710899231, 2.544634795630736], [0.5926479069767439, 0.6675136183318306, 0.7948537209302331, 0.5741526984602254, 0.6996325084163888, 0.8713244186046509, 0.8315604063031796, 0.82206, 0.8985306976744187, 0.9367660465116279, 0.9558837209302324, 0.9176483720930233, 0.8602953488372092, 0.8316188372093025, 0.8602953488372092, 0.8985306976744187, 0.9367660465116279, 0.9558837209302324, 0.9176483720930233, 0.8602953488372092, 0.9324535079659126, 0.8626400994634627, 0.8191798969457427, 0.6806615398167826], [1.1852958139534884, 1.1279427906976744, 1.089707441860465, 1.0705897674418605, 1.1088251162790697, 1.2426488372093023, 1.4338255813953489, 1.64412, 1.797061395348837, 1.8735320930232557, 1.911767441860465, 1.8352967441860464, 1.7205906976744185, 1.6632376744186046, 1.7205906976744185, 1.797061395348837, 1.8735320930232557, 1.911767441860465, 1.8352967441860464, 1.7205906976744185, 1.5676493023255813, 1.4338255813953489, 1.3382372093023256, 1.2426488372093023], [0.5926479069767442, 0.5639713953488372, 0.5448537209302325, 0.5352948837209303, 0.5544125581395348, 0.6213244186046512, 0.7169127906976744, 0.82206, 0.8985306976744185, 0.9367660465116279, 0.9558837209302325, 0.9176483720930232, 0.8602953488372093, 0.8316188372093023, 0.8602953488372093, 0.8985306976744185, 0.9367660465116279, 0.9558837209302325, 0.9176483720930232, 0.8602953488372093, 0.7838246511627907, 0.7169127906976744, 0.6691186046511628, 0.6213244186046512], [1.5366244807069362, 1.4707848938321533, 1.356078847320525, 1.2987258240647126, -0.6245924163262302, 1.5886804147061215, 1.184806500288179, 0.4825198083801103, -3.1088158139534894, -2.879403720930233, -2.1651378433748585, 0.25182650483363656, 0.5963339785692279, -0.15958537001263906, 0.4544448250982418, 2.234706657790091, -2.7689752853812752, 1.3890781694669423, 1.4334916033031213, -1.6079941857779332, 0.31580177980121427, 0.7743064449999526, -0.18159437950589918, -0.44935436611072443], [0.9439765737301921, 0.906813498483316, 0.8112251263902924, 0.7634309403437823, -1.179004974465765, 0.9673559961014704, 0.46789370959050447, -0.3395401916198897, -4.007346511627908, -3.8161697674418606, -3.121021564305091, -0.6658218672593866, -0.2639613702679814, -0.9912042072219414, -0.40585052373896746, 1.3361759601156724, -3.705741331892903, 0.43319444853670974, 0.5158432312100981, -2.4682895346151423, -0.4680228713615764, 0.05739365430227816, -0.850712984157062, -1.0706787847153756], [0.35132866675344787, 0.3428421031344788, 0.2663714054600599, 0.22813605662285208, -1.7334175326052998, 0.34603157749681923, -0.24901908110716997, -1.1616001916198897, -4.905877209302327, -4.7529358139534885, -4.076905285235323, -1.5834702393524098, -1.1242567191051906, -1.8228230444312437, -1.2661458725761767, 0.4376452624412539, -4.642507378404531, -0.5226892723935228, -0.40180514088292507, -3.3285848834523515, -1.251847522524367, -0.6595191363953963, -1.5198315888082248, -1.6920032033200267], [0.5926479069767442, 0.5639713953488372, 0.5448537209302325, 0.5352948837209303, 0.5544125581395348, 0.6213244186046512, 0.7169127906976744, 0.82206, 0.8985306976744185, 0.9367660465116279, 0.9558837209302325, 0.9176483720930232, 0.8602953488372093, 0.8316188372093023, 0.8602953488372093, 0.8985306976744185, 0.9367660465116279, 0.9558837209302325, 0.9176483720930232, 0.8602953488372093, 0.7838246511627907, 0.7169127906976744, 0.6691186046511628, 0.6213244186046512], [-0.8339671472000405, -0.7851006875631956, -0.8233360364004052, -0.8424537108190084, -2.8422426488843695, -0.8966172597124831, -1.6828446625025189, -2.8057201916198897, -6.702938604651163, -6.626467906976744, -5.988672727095789, -3.418766983538456, -2.844847416779609, -3.4860607188498483, -2.9867365702505952, -1.3594161329075831, -6.516039471427787, -2.434456714253988, -2.2371018850689715, -5.04917558112677, -2.8194968248499483, -2.093344717790745, -2.8580687981105504, -2.934652040529329], [-1.4266150541767848, -1.3490720829120328, -1.3681897573306379, -1.3777485945399386, -3.396655207023904, -1.5179416783171342, -2.399757453200193, -3.6277801916198897, -7.601469302325582, -7.563233953488372, -6.944556448026022, -4.3364153556314795, -3.7051427656168183, -4.317679556059151, -3.8470319190878044, -2.257946830582002, -7.452805517939415, -3.3903404351842203, -3.1547502571619948, -5.909470929963979, -3.6033214760127388, -2.8102575084884194, -3.5271874027617134, -3.55597645913398]]
    Q_DER = [[0.0, 0.0, 0.0, 0.0, 0.0, 0.0, 0.0, 0.0, 0.0, 0.0, 0.0, 0.0, 0.0, 0.0, 0.0, 0.0, 0.0, 0.0, 0.0, 0.0, 0.0, 0.0, 0.0, 0.0], [0.0, 0.0, 0.0, 0.0, 0.0, 0.0, 0.0, 0.0, 0.0, 0.0, 0.0, 0.0, 0.0, 0.0, 0.0, 0.0, 0.0, 0.0, 0.0, 0.0, 0.0, 0.0, 0.0, 0.0], [0.0, 0.0, 0.0, 0.0, 0.0, 0.0, 0.0, 0.0, 0.0, 0.0, 0.0, 0.0, 0.0, 0.0, 0.0, 0.0, 0.0, 0.0, 0.0, 0.0, 0.0, 0.0, 0.0, 0.0], [0.0, 0.0, 0.0, 0.0, 0.0, 0.0, 0.0, 0.0, 0.0, 0.0, 0.0, 0.0, 0.0, 0.0, 0.0, 0.0, 0.0, 0.0, 0.0, 0.0, 0.0, 0.0, 0.0, 0.0], [0.0, 0.0, 0.0, 0.0, 0.0, 0.0, 0.0, 0.0, 0.0, 0.0, 0.0, 0.0, 0.0, 0.0, 0.0, 0.0, 0.0, 0.0, 0.0, 0.0, 0.0, 0.0, 0.0, 0.0], [0.0, 0.0, 0.0, 0.0, 0.0, 0.0, 0.0, 0.0, 0.0, 0.0, 0.0, 0.0, 0.0, 0.0, 0.0, 0.0, 0.0, 0.0, 0.0, 0.0, 0.0, 0.0, 0.0, 0.0]]
    Q_PCC = [[12.342396714593157, 11.745183970338648, 11.347042140835642, 11.147971226084143, 11.546113055587146, 12.939609458847666, 14.93031860636269, 17.12009866862922, 18.712665986641237, 19.50894964564725, 19.907091475150253, 19.110807816144245, 17.916382327635226, 17.31916958338072, 17.916382327635226, 18.712665986641237, 19.50894964564725, 19.907091475150253, 19.110807816144245, 17.916382327635226, 16.323815009623207, 14.93031860636269, 13.934964032605178, 12.939609458847666]]
    Q_line = [[7.175812043368115, 6.828595331592236, 6.597117523741652, 6.481378619816362, 6.712856427666946, 7.523028755143992, 8.680417794396913, 9.953545737575126, 10.879456968977465, 11.342412584678634, 11.573890392529217, 11.11093477682805, 10.416501353276296, 10.069284641500419, 10.416501353276296, 10.879456968977465, 11.342412584678634, 11.573890392529217, 11.11093477682805, 10.416501353276296, 9.490590121873957, 8.680417794396913, 8.101723274770453, 7.523028755143992], [5.166584671225042, 4.91658863874641, 4.74992461709399, 4.666592606267781, 4.833256627920201, 5.416580703703674, 6.2499008119657775, 7.16655293105409, 7.833209017663773, 8.166537060968615, 8.333201082621034, 7.999873039316195, 7.499880974358932, 7.249884941880301, 7.499880974358932, 7.833209017663773, 8.166537060968615, 8.333201082621034, 7.999873039316195, 7.499880974358932, 6.833224887749249, 6.2499008119657775, 5.833240757834725, 5.416580703703674], [1.435162408673623, 1.3657190663184475, 1.3194235047483305, 1.2962757239632725, 1.342571285533389, 1.5046057510287985, 1.7360835588793826, 1.9907091475150251, 2.1758913937954927, 2.268482516935727, 2.314778078505843, 2.2221869553656095, 2.0833002706552586, 2.0138569283000836, 2.0833002706552586, 2.1758913937954927, 2.268482516935727, 2.314778078505843, 2.2221869553656095, 2.0833002706552586, 1.8981180243747915, 1.7360835588793826, 1.6203446549540903, 1.5046057510287985], [1.1481299269388985, 1.092575253054758, 1.0555388037986644, 1.0370205791706177, 1.074057028426711, 1.2036846008230389, 1.3888668471035062, 1.5925673180120201, 1.7407131150363941, 1.8147860135485812, 1.8518224628046744, 1.7777495642924879, 1.6666402165242071, 1.6110855426400668, 1.6666402165242071, 1.7407131150363941, 1.8147860135485812, 1.8518224628046744, 1.7777495642924879, 1.6666402165242071, 1.518494419499833, 1.3888668471035062, 1.2962757239632725, 1.2036846008230389], [0.8610974452041738, 0.8194314397910685, 0.7916541028489983, 0.7777654343779634, 0.8055427713200334, 0.902763450617279, 1.0416501353276295, 1.194425488509015, 1.3055348362772956, 1.361089510161436, 1.388866847103506, 1.3333121732193658, 1.2499801623931552, 1.2083141569800502, 1.2499801623931552, 1.3055348362772956, 1.361089510161436, 1.388866847103506, 1.3333121732193658, 1.2499801623931552, 1.138870814624875, 1.0416501353276295, 0.9722067929724543, 0.902763450617279], [0.5740649634694491, 0.5462876265273789, 0.5277694018993322, 0.518510289585309, 0.5370285142133556, 0.6018423004115193, 0.694433423551753, 0.7962836590060101, 0.8703565575181971, 0.9073930067742906, 0.9259112314023373, 0.8888747821462438, 0.8333201082621036, 0.8055427713200335, 0.8333201082621036, 0.8703565575181971, 0.9073930067742906, 0.9259112314023373, 0.8888747821462438, 0.8333201082621036, 0.7592472097499166, 0.694433423551753, 0.6481378619816361, 0.6018423004115193], [0.28703248173472456, 0.27314381326368947, 0.2638847009496661, 0.2592551447926545, 0.2685142571066778, 0.30092115020575966, 0.3472167117758765, 0.39814182950300503, 0.43517827875909854, 0.4536965033871453, 0.46295561570116867, 0.4444373910731219, 0.4166600541310518, 0.40277138566001675, 0.4166600541310518, 0.43517827875909854, 0.4536965033871453, 0.46295561570116867, 0.4444373910731219, 0.4166600541310518, 0.3796236048749583, 0.3472167117758765, 0.32406893099081807, 0.30092115020575966], [2.009227372143072, 1.9120066928458264, 1.8471929066476627, 1.8147860135485816, 1.8795997997467446, 2.1064480514403177, 2.4305169824311355, 2.7869928065210354, 3.0462479513136898, 3.175875523710017, 3.2406893099081806, 3.111061737511853, 2.9166203789173624, 2.819399699620117, 2.9166203789173624, 3.0462479513136898, 3.175875523710017, 3.2406893099081806, 3.111061737511853, 2.9166203789173624, 2.657365234124708, 2.4305169824311355, 2.2684825169357263, 2.1064480514403177], [1.7221948904083475, 1.638862879582137, 1.5833082056979966, 1.555530868755927, 1.6110855426400668, 1.805526901234558, 2.083300270655259, 2.3888509770180306, 2.611069672554591, 2.722179020322872, 2.777733694207012, 2.666624346438731, 2.4999603247863105, 2.4166283139601004, 2.4999603247863105, 2.611069672554591, 2.722179020322872, 2.777733694207012, 2.666624346438731, 2.4999603247863105, 2.27774162924975, 2.083300270655259, 1.9444135859449083, 1.805526901234558], [1.435162408673623, 1.3657190663184475, 1.3194235047483305, 1.2962757239632725, 1.342571285533389, 1.5046057510287985, 1.7360835588793826, 1.9907091475150251, 2.1758913937954927, 2.268482516935727, 2.314778078505843, 2.2221869553656095, 2.0833002706552586, 2.0138569283000836, 2.0833002706552586, 2.1758913937954927, 2.268482516935727, 2.314778078505843, 2.2221869553656095, 2.0833002706552586, 1.8981180243747915, 1.7360835588793826, 1.6203446549540903, 1.5046057510287985], [1.1481299269388985, 1.092575253054758, 1.0555388037986644, 1.037020579170618, 1.074057028426711, 1.2036846008230389, 1.3888668471035062, 1.5925673180120201, 1.7407131150363941, 1.8147860135485816, 1.8518224628046744, 1.7777495642924876, 1.6666402165242067, 1.6110855426400668, 1.6666402165242067, 1.7407131150363941, 1.8147860135485816, 1.8518224628046744, 1.7777495642924876, 1.6666402165242067, 1.518494419499833, 1.3888668471035062, 1.2962757239632723, 1.2036846008230389], [0.28703248173472456, 0.27314381326368947, 0.2638847009496661, 0.2592551447926545, 0.2685142571066778, 0.30092115020575966, 0.3472167117758765, 0.39814182950300503, 0.43517827875909854, 0.4536965033871453, 0.46295561570116867, 0.4444373910731219, 0.4166600541310518, 0.40277138566001675, 0.4166600541310518, 0.43517827875909854, 0.4536965033871453, 0.46295561570116867, 0.4444373910731219, 0.4166600541310518, 0.3796236048749583, 0.3472167117758765, 0.32406893099081807, 0.30092115020575966], [0.5740649634694492, 0.546287626527379, 0.5277694018993322, 0.5185102895853091, 0.5370285142133555, 0.6018423004115194, 0.6944334235517531, 0.7962836590060101, 0.8703565575181971, 0.9073930067742908, 0.9259112314023372, 0.8888747821462437, 0.8333201082621033, 0.8055427713200334, 0.8333201082621033, 0.8703565575181971, 0.9073930067742908, 0.9259112314023372, 0.8888747821462437, 0.8333201082621033, 0.7592472097499166, 0.6944334235517531, 0.648137861981636, 0.6018423004115194], [0.28703248173472456, 0.27314381326368947, 0.2638847009496661, 0.2592551447926545, 0.2685142571066778, 0.30092115020575966, 0.3472167117758765, 0.39814182950300503, 0.43517827875909854, 0.4536965033871453, 0.46295561570116867, 0.4444373910731219, 0.4166600541310518, 0.40277138566001675, 0.4166600541310518, 0.43517827875909854, 0.4536965033871453, 0.46295561570116867, 0.4444373910731219, 0.4166600541310518, 0.3796236048749583, 0.3472167117758765, 0.32406893099081807, 0.30092115020575966], [2.5832923356125215, 2.458294319373205, 2.3749623085469946, 2.3332963031338902, 2.4166283139601004, 2.708290351851837, 3.1249504059828888, 3.5832764655270455, 3.9166045088318873, 4.083268530484308, 4.166600541310519, 3.999936519658098, 3.749940487179466, 3.6249424709401503, 3.749940487179466, 3.9166045088318873, 4.083268530484308, 4.166600541310519, 3.999936519658098, 3.749940487179466, 3.416612443874625, 3.1249504059828888, 2.9166203789173633, 2.708290351851837], [0.5740649634694491, 0.5462876265273789, 0.5277694018993322, 0.518510289585309, 0.5370285142133556, 0.6018423004115193, 0.694433423551753, 0.7962836590060101, 0.8703565575181971, 0.9073930067742906, 0.9259112314023373, 0.8888747821462438, 0.8333201082621036, 0.8055427713200335, 0.8333201082621036, 0.8703565575181971, 0.9073930067742906, 0.9259112314023373, 0.8888747821462438, 0.8333201082621036, 0.7592472097499166, 0.694433423551753, 0.6481378619816361, 0.6018423004115193], [0.28703248173472456, 0.27314381326368947, 0.2638847009496661, 0.2592551447926545, 0.2685142571066778, 0.30092115020575966, 0.3472167117758765, 0.39814182950300503, 0.43517827875909854, 0.4536965033871453, 0.46295561570116867, 0.4444373910731219, 0.4166600541310518, 0.40277138566001675, 0.4166600541310518, 0.43517827875909854, 0.4536965033871453, 0.46295561570116867, 0.4444373910731219, 0.4166600541310518, 0.3796236048749583, 0.3472167117758765, 0.32406893099081807, 0.30092115020575966], [1.7221948904083475, 1.638862879582137, 1.5833082056979966, 1.5555308687559268, 1.6110855426400668, 1.805526901234558, 2.083300270655259, 2.38885097701803, 2.611069672554591, 2.722179020322872, 2.777733694207012, 2.6666243464387316, 2.4999603247863105, 2.4166283139601004, 2.4999603247863105, 2.611069672554591, 2.722179020322872, 2.777733694207012, 2.6666243464387316, 2.4999603247863105, 2.27774162924975, 2.083300270655259, 1.9444135859449085, 1.805526901234558], [0.5740649634694491, 0.5462876265273789, 0.5277694018993322, 0.518510289585309, 0.5370285142133556, 0.6018423004115193, 0.694433423551753, 0.7962836590060101, 0.8703565575181971, 0.9073930067742906, 0.9259112314023373, 0.8888747821462438, 0.8333201082621036, 0.8055427713200335, 0.8333201082621036, 0.8703565575181971, 0.9073930067742906, 0.9259112314023373, 0.8888747821462438, 0.8333201082621036, 0.7592472097499166, 0.694433423551753, 0.6481378619816361, 0.6018423004115193], [0.28703248173472456, 0.27314381326368947, 0.2638847009496661, 0.2592551447926545, 0.2685142571066778, 0.30092115020575966, 0.3472167117758765, 0.39814182950300503, 0.43517827875909854, 0.4536965033871453, 0.46295561570116867, 0.4444373910731219, 0.4166600541310518, 0.40277138566001675, 0.4166600541310518, 0.43517827875909854, 0.4536965033871453, 0.46295561570116867, 0.4444373910731219, 0.4166600541310518, 0.3796236048749583, 0.3472167117758765, 0.32406893099081807, 0.30092115020575966], [0.8610974452041738, 0.8194314397910685, 0.7916541028489983, 0.7777654343779634, 0.8055427713200334, 0.902763450617279, 1.0416501353276295, 1.194425488509015, 1.3055348362772956, 1.361089510161436, 1.388866847103506, 1.3333121732193658, 1.2499801623931552, 1.2083141569800502, 1.2499801623931552, 1.3055348362772956, 1.361089510161436, 1.388866847103506, 1.3333121732193658, 1.2499801623931552, 1.138870814624875, 1.0416501353276295, 0.9722067929724543, 0.902763450617279], [0.28703248173472456, 0.27314381326368947, 0.2638847009496661, 0.2592551447926545, 0.2685142571066778, 0.30092115020575966, 0.3472167117758765, 0.39814182950300503, 0.43517827875909854, 0.4536965033871453, 0.46295561570116867, 0.4444373910731219, 0.4166600541310518, 0.40277138566001675, 0.4166600541310518, 0.43517827875909854, 0.4536965033871453, 0.46295561570116867, 0.4444373910731219, 0.4166600541310518, 0.3796236048749583, 0.3472167117758765, 0.32406893099081807, 0.30092115020575966], [0.28703248173472456, 0.27314381326368947, 0.2638847009496661, 0.2592551447926545, 0.2685142571066778, 0.30092115020575966, 0.3472167117758765, 0.39814182950300503, 0.43517827875909854, 0.4536965033871453, 0.46295561570116867, 0.4444373910731219, 0.4166600541310518, 0.40277138566001675, 0.4166600541310518, 0.43517827875909854, 0.4536965033871453, 0.46295561570116867, 0.4444373910731219, 0.4166600541310518, 0.3796236048749583, 0.3472167117758765, 0.32406893099081807, 0.30092115020575966], [0.8610974452041738, 0.8194314397910685, 0.7916541028489983, 0.7777654343779634, 0.8055427713200334, 0.902763450617279, 1.0416501353276295, 1.194425488509015, 1.3055348362772956, 1.361089510161436, 1.388866847103506, 1.3333121732193658, 1.2499801623931552, 1.2083141569800502, 1.2499801623931552, 1.3055348362772956, 1.361089510161436, 1.388866847103506, 1.3333121732193658, 1.2499801623931552, 1.138870814624875, 1.0416501353276295, 0.9722067929724543, 0.902763450617279], [0.28703248173472456, 0.27314381326368947, 0.2638847009496661, 0.2592551447926545, 0.2685142571066778, 0.30092115020575966, 0.3472167117758765, 0.39814182950300503, 0.43517827875909854, 0.4536965033871453, 0.46295561570116867, 0.4444373910731219, 0.4166600541310518, 0.40277138566001675, 0.4166600541310518, 0.43517827875909854, 0.4536965033871453, 0.46295561570116867, 0.4444373910731219, 0.4166600541310518, 0.3796236048749583, 0.3472167117758765, 0.32406893099081807, 0.30092115020575966], [0.28703248173472456, 0.27314381326368947, 0.2638847009496661, 0.2592551447926545, 0.2685142571066778, 0.30092115020575966, 0.3472167117758765, 0.39814182950300503, 0.43517827875909854, 0.4536965033871453, 0.46295561570116867, 0.4444373910731219, 0.4166600541310518, 0.40277138566001675, 0.4166600541310518, 0.43517827875909854, 0.4536965033871453, 0.46295561570116867, 0.4444373910731219, 0.4166600541310518, 0.3796236048749583, 0.3472167117758765, 0.32406893099081807, 0.30092115020575966], [0.5740649634694491, 0.5462876265273789, 0.5277694018993322, 0.518510289585309, 0.5370285142133556, 0.6018423004115193, 0.694433423551753, 0.7962836590060101, 0.8703565575181971, 0.9073930067742906, 0.9259112314023373, 0.8888747821462438, 0.8333201082621036, 0.8055427713200335, 0.8333201082621036, 0.8703565575181971, 0.9073930067742906, 0.9259112314023373, 0.8888747821462438, 0.8333201082621036, 0.7592472097499166, 0.694433423551753, 0.6481378619816361, 0.6018423004115193], [0.28703248173472456, 0.27314381326368947, 0.2638847009496661, 0.2592551447926545, 0.2685142571066778, 0.30092115020575966, 0.3472167117758765, 0.39814182950300503, 0.43517827875909854, 0.4536965033871453, 0.46295561570116867, 0.4444373910731219, 0.4166600541310518, 0.40277138566001675, 0.4166600541310518, 0.43517827875909854, 0.4536965033871453, 0.46295561570116867, 0.4444373910731219, 0.4166600541310518, 0.3796236048749583, 0.3472167117758765, 0.32406893099081807, 0.30092115020575966], [0.5740649634694491, 0.5462876265273789, 0.5277694018993322, 0.518510289585309, 0.5370285142133556, 0.6018423004115193, 0.694433423551753, 0.7962836590060101, 0.8703565575181971, 0.9073930067742906, 0.9259112314023373, 0.8888747821462438, 0.8333201082621036, 0.8055427713200335, 0.8333201082621036, 0.8703565575181971, 0.9073930067742906, 0.9259112314023373, 0.8888747821462438, 0.8333201082621036, 0.7592472097499166, 0.694433423551753, 0.6481378619816361, 0.6018423004115193], [0.28703248173472456, 0.27314381326368947, 0.2638847009496661, 0.2592551447926545, 0.2685142571066778, 0.30092115020575966, 0.3472167117758765, 0.39814182950300503, 0.43517827875909854, 0.4536965033871453, 0.46295561570116867, 0.4444373910731219, 0.4166600541310518, 0.40277138566001675, 0.4166600541310518, 0.43517827875909854, 0.4536965033871453, 0.46295561570116867, 0.4444373910731219, 0.4166600541310518, 0.3796236048749583, 0.3472167117758765, 0.32406893099081807, 0.30092115020575966], [0.5740649634694491, 0.5462876265273789, 0.5277694018993322, 0.5185102895853091, 0.5370285142133557, 0.6018423004115193, 0.694433423551753, 0.7962836590060101, 0.8703565575181971, 0.9073930067742906, 0.9259112314023374, 0.8888747821462438, 0.8333201082621036, 0.8055427713200336, 0.8333201082621036, 0.8703565575181971, 0.9073930067742906, 0.9259112314023374, 0.8888747821462438, 0.8333201082621036, 0.7592472097499166, 0.694433423551753, 0.6481378619816361, 0.6018423004115193], [0.28703248173472456, 0.27314381326368947, 0.2638847009496661, 0.2592551447926546, 0.2685142571066779, 0.30092115020575966, 0.3472167117758765, 0.39814182950300503, 0.43517827875909854, 0.4536965033871453, 0.4629556157011688, 0.4444373910731219, 0.4166600541310518, 0.40277138566001686, 0.4166600541310518, 0.43517827875909854, 0.4536965033871453, 0.4629556157011688, 0.4444373910731219, 0.4166600541310518, 0.3796236048749583, 0.3472167117758765, 0.32406893099081807, 0.30092115020575966], [1.4351624086736228, 1.3657190663184473, 1.3194235047483305, 1.2962757239632725, 1.3425712855333891, 1.5046057510287982, 1.7360835588793824, 1.9907091475150251, 2.1758913937954927, 2.2684825169357263, 2.314778078505843, 2.2221869553656095, 2.083300270655259, 2.0138569283000836, 2.083300270655259, 2.1758913937954927, 2.2684825169357263, 2.314778078505843, 2.2221869553656095, 2.083300270655259, 1.8981180243747913, 1.7360835588793824, 1.6203446549540903, 1.5046057510287982], [1.1481299269388983, 1.0925752530547579, 1.0555388037986644, 1.037020579170618, 1.0740570284267112, 1.2036846008230386, 1.388866847103506, 1.5925673180120201, 1.7407131150363941, 1.8147860135485812, 1.8518224628046747, 1.7777495642924876, 1.6666402165242071, 1.611085542640067, 1.6666402165242071, 1.7407131150363941, 1.8147860135485812, 1.8518224628046747, 1.7777495642924876, 1.6666402165242071, 1.518494419499833, 1.388866847103506, 1.2962757239632723, 1.2036846008230386], [0.28703248173472456, 0.27314381326368947, 0.2638847009496661, 0.2592551447926545, 0.2685142571066778, 0.30092115020575966, 0.3472167117758765, 0.39814182950300503, 0.43517827875909854, 0.4536965033871453, 0.46295561570116867, 0.4444373910731219, 0.4166600541310518, 0.40277138566001675, 0.4166600541310518, 0.43517827875909854, 0.4536965033871453, 0.46295561570116867, 0.4444373910731219, 0.4166600541310518, 0.3796236048749583, 0.3472167117758765, 0.32406893099081807, 0.30092115020575966], [0.5740649634694491, 0.5462876265273789, 0.5277694018993322, 0.518510289585309, 0.5370285142133556, 0.6018423004115193, 0.694433423551753, 0.7962836590060101, 0.8703565575181971, 0.9073930067742906, 0.9259112314023373, 0.8888747821462438, 0.8333201082621036, 0.8055427713200335, 0.8333201082621036, 0.8703565575181971, 0.9073930067742906, 0.9259112314023373, 0.8888747821462438, 0.8333201082621036, 0.7592472097499166, 0.694433423551753, 0.6481378619816361, 0.6018423004115193], [0.28703248173472456, 0.27314381326368947, 0.2638847009496661, 0.2592551447926545, 0.2685142571066778, 0.30092115020575966, 0.3472167117758765, 0.39814182950300503, 0.43517827875909854, 0.4536965033871453, 0.46295561570116867, 0.4444373910731219, 0.4166600541310518, 0.40277138566001675, 0.4166600541310518, 0.43517827875909854, 0.4536965033871453, 0.46295561570116867, 0.4444373910731219, 0.4166600541310518, 0.3796236048749583, 0.3472167117758765, 0.32406893099081807, 0.30092115020575966], [1.7221948904083475, 1.638862879582137, 1.5833082056979966, 1.555530868755927, 1.6110855426400668, 1.805526901234558, 2.083300270655259, 2.38885097701803, 2.611069672554591, 2.722179020322872, 2.777733694207012, 2.6666243464387316, 2.4999603247863105, 2.4166283139601004, 2.4999603247863105, 2.611069672554591, 2.722179020322872, 2.777733694207012, 2.6666243464387316, 2.4999603247863105, 2.27774162924975, 2.083300270655259, 1.9444135859449083, 1.805526901234558], [1.435162408673623, 1.3657190663184475, 1.3194235047483305, 1.2962757239632725, 1.342571285533389, 1.5046057510287985, 1.7360835588793826, 1.9907091475150251, 2.1758913937954927, 2.268482516935727, 2.314778078505843, 2.2221869553656095, 2.0833002706552586, 2.0138569283000836, 2.0833002706552586, 2.1758913937954927, 2.268482516935727, 2.314778078505843, 2.2221869553656095, 2.0833002706552586, 1.8981180243747913, 1.7360835588793826, 1.6203446549540903, 1.5046057510287985], [1.1481299269388983, 1.0925752530547579, 1.0555388037986644, 1.037020579170618, 1.0740570284267112, 1.2036846008230386, 1.388866847103506, 1.5925673180120201, 1.7407131150363941, 1.8147860135485812, 1.8518224628046747, 1.7777495642924876, 1.6666402165242071, 1.611085542640067, 1.6666402165242071, 1.7407131150363941, 1.8147860135485812, 1.8518224628046747, 1.7777495642924876, 1.6666402165242071, 1.518494419499833, 1.388866847103506, 1.2962757239632723, 1.2036846008230386], [0.28703248173472456, 0.27314381326368947, 0.2638847009496661, 0.2592551447926545, 0.2685142571066778, 0.30092115020575966, 0.3472167117758765, 0.39814182950300503, 0.43517827875909854, 0.4536965033871453, 0.46295561570116867, 0.4444373910731219, 0.4166600541310518, 0.40277138566001675, 0.4166600541310518, 0.43517827875909854, 0.4536965033871453, 0.46295561570116867, 0.4444373910731219, 0.4166600541310518, 0.3796236048749583, 0.3472167117758765, 0.32406893099081807, 0.30092115020575966], [0.5740649634694491, 0.5462876265273789, 0.5277694018993322, 0.518510289585309, 0.5370285142133556, 0.6018423004115193, 0.694433423551753, 0.7962836590060101, 0.8703565575181971, 0.9073930067742906, 0.9259112314023373, 0.8888747821462438, 0.8333201082621036, 0.8055427713200335, 0.8333201082621036, 0.8703565575181971, 0.9073930067742906, 0.9259112314023373, 0.8888747821462438, 0.8333201082621036, 0.7592472097499166, 0.694433423551753, 0.6481378619816361, 0.6018423004115193], [0.28703248173472456, 0.27314381326368947, 0.2638847009496661, 0.2592551447926545, 0.2685142571066778, 0.30092115020575966, 0.3472167117758765, 0.39814182950300503, 0.43517827875909854, 0.4536965033871453, 0.46295561570116867, 0.4444373910731219, 0.4166600541310518, 0.40277138566001675, 0.4166600541310518, 0.43517827875909854, 0.4536965033871453, 0.46295561570116867, 0.4444373910731219, 0.4166600541310518, 0.3796236048749583, 0.3472167117758765, 0.32406893099081807, 0.30092115020575966]]
    delivery = [[-2.3728465646042305, -0.10602380910784957, -3.142252594551324, -1.155784931308667, -0.30436561799609, -7.808015782339754, -0.3688636563304839, -0.05067883437425264, -0.11085198867443338, -0.8559012852263085, 0.0, 0.0, -0.8113006779366819, -1.9692069075453638, -3.806589634646204, -6.846229848810229, -0.7959709365747063, -1.7279071292621935, -0.3048556670262812, 0.4993896756001162, -0.6240193216755305, -0.29094280656297145, -1.5492954319089756, -2.2703637162677763]]
    mismatch = [[0.0, 0.0, 0.0, 0.0, 0.0, 0.0, 0.0, 0.0, 0.0, 0.0, 0.0, 0.0, 0.0, 0.0, 0.0, 0.0, 0.0, 0.0, 0.0, 0.0, 0.0, 0.0, 0.0, 0.0]]
    v = [[0.9984154082432769, 0.9984755636406338, 0.998500147943772, 0.9985620876028594, 0.9984926022799637, 0.9982956844912915, 0.9980713520615705, 0.9978361099689947, 0.9976637291781617, 0.9975979044045177, 0.9975870051422198, 0.9976936238468146, 0.9978388697911753, 0.9979278838887945, 0.9978445586460695, 0.9977021235087579, 0.9975473559295821, 0.9974647451574955, 0.9975157928632087, 0.9976997861595956, 0.9978777743055055, 0.998057736038482, 0.9982109447907966, 0.9983285166064576], [0.9967291880992636, 0.9968269902665666, 0.9968124803477997, 0.9970390500534281, 0.9968501848302984, 0.9963904401025432, 0.9959972947122099, 0.9954971594466537, 0.9951072018630448, 0.9949325886930127, 0.9948672952325208, 0.9950827023335037, 0.9953911308724462, 0.9955617362673564, 0.9953968197273404, 0.995145596193641, 0.9948820402180771, 0.9947450352477966, 0.9948233433975138, 0.9952520472408666, 0.9955771789038074, 0.9959503302119953, 0.9963071478540074, 0.9965335222469499], [0.994957759527835, 0.9951412759808523, 0.9951839089192283, 0.995439050053428, 0.9951930419731556, 0.9945332972454003, 0.9938544375693528, 0.9930400165895109, 0.9924214875773305, 0.9921325886930127, 0.9920101523753779, 0.9923398451906466, 0.9928197023010177, 0.9930760219816421, 0.9928253911559118, 0.9924598819079267, 0.9920820402180771, 0.9918878923906537, 0.9920804862546566, 0.992680618669438, 0.9932343217609503, 0.9938074730691382, 0.9943071478540074, 0.994676379389807], [0.9931863309564064, 0.993455561695138, 0.9935553374906568, 0.9938390500534281, 0.9935358991160127, 0.9926761543882575, 0.9917115804264955, 0.990582873732368, 0.9897357732916162, 0.9893325886930127, 0.9891530095182351, 0.9895969880477894, 0.9902482737295891, 0.9905903076959278, 0.9902539625844833, 0.9897741676222124, 0.9892820402180771, 0.9890307495335109, 0.9893376291117995, 0.9901091900980095, 0.9908914646180931, 0.991664615926281, 0.9923071478540074, 0.9928192365326642], [0.9914149023849779, 0.9917698474094238, 0.9919267660620854, 0.992239050053428, 0.9918787562588698, 0.9908190115311146, 0.9895687232836384, 0.9881257308752252, 0.9870500590059019, 0.9865325886930126, 0.9862958666610923, 0.9868541309049322, 0.9876768451581606, 0.9881045934102135, 0.9876825340130547, 0.9870884533364981, 0.9864820402180771, 0.986173606676368, 0.9865947719689423, 0.9875377615265809, 0.988548607475236, 0.9895217587834239, 0.9903071478540074, 0.9909620936755213], [0.9896434738135493, 0.9900841331237095, 0.990298194633514, 0.990639050053428, 0.990221613401727, 0.9889618686739717, 0.9874258661407813, 0.9856685880180823, 0.9843643447201876, 0.9837325886930126, 0.9834387238039494, 0.9841112737620751, 0.985105416586732, 0.9856188791244992, 0.9851111054416262, 0.9844027390507838, 0.983682040218077, 0.9833164638192251, 0.9838519148260851, 0.9849663329551523, 0.9862057503323789, 0.9873789016405667, 0.9883071478540074, 0.9891049508183785], [0.9971137910399593, 0.9972369279148962, 0.9973034998697542, 0.9973864333547016, 0.997274960380086, 0.996931085810394, 0.9965216355043058, 0.996130655082858, 0.995884442889556, 0.9958414479600954, 0.995906542356827, 0.9961100062107933, 0.9963574477436858, 0.9965456454117033, 0.9963798256907299, 0.9960354726333022, 0.9956426081028111, 0.9954256147334883, 0.9955003855806526, 0.9958103418321992, 0.9961562805849887, 0.996483199098985, 0.9967413769805994, 0.9969639179255602], [0.9958672732660137, 0.9960507255171092, 0.9961575077227397, 0.9962605463330733, 0.9961088631076852, 0.9956242526602898, 0.9950414824144703, 0.9945133580853538, 0.9942114623840737, 0.9942073781975199, 0.9943640804903291, 0.9946623440659913, 0.9950038615502373, 0.9952928224649883, 0.9950448858844578, 0.9944883374107449, 0.993842855359678, 0.9934824207242725, 0.9935702935435753, 0.9940008805474394, 0.9945076603033187, 0.9949753146950184, 0.995334018203564, 0.9956570847754559], [0.9940958446945851, 0.9943650112313949, 0.9945289362941683, 0.9946605463330732, 0.9944517202505424, 0.9937671098031469, 0.9928986252716131, 0.9920562152282109, 0.9915257480983594, 0.9914073781975199, 0.9915069376331863, 0.9919194869231341, 0.9924324329788088, 0.992807108179274, 0.9924734573130293, 0.9918026231250306, 0.991042855359678, 0.9906252778671297, 0.9908274364007182, 0.9914294519760108, 0.9921648031604615, 0.9928324575521613, 0.993334018203564, 0.993799941918313], [0.990552987551728, 0.9909935826599663, 0.9912717934370253, 0.9914605463330732, 0.9911374345362567, 0.9900528240888611, 0.9886129109858989, 0.9871419295139252, 0.9861543195269308, 0.9858073781975198, 0.9857926519189005, 0.9864337726374198, 0.9872895758359517, 0.9878356796078454, 0.9873306001701722, 0.9864311945536021, 0.9854428553596779, 0.984910992152844, 0.9853417221150039, 0.9862865948331537, 0.9874790888747473, 0.9885467432664471, 0.989334018203564, 0.9900856562040272], [0.9887815589802994, 0.989307868374252, 0.9896432220084539, 0.9898605463330733, 0.9894802916791138, 0.9881956812317183, 0.9864700538430416, 0.9846847866567823, 0.9834686052412165, 0.9830073781975198, 0.9829355090617578, 0.9836909154945627, 0.9847181472645231, 0.985349965322131, 0.9847591715987436, 0.9837454802678878, 0.9826428553596779, 0.9820538492957012, 0.9825988649721468, 0.9837151662617252, 0.9851362317318901, 0.9864038861235899, 0.987334018203564, 0.9882285133468844], [0.9923244161231566, 0.9926792969456806, 0.9929003648655967, 0.9930605463330733, 0.9927945773933995, 0.991909966946004, 0.990755768128756, 0.989599072371068, 0.9888400338126451, 0.9886073781975199, 0.9886497947760434, 0.989176629780277, 0.9898610044073802, 0.9903213938935597, 0.9899020287416007, 0.9891169088393164, 0.9882428553596779, 0.9877681350099868, 0.9880845792578611, 0.9888580234045823, 0.9898219460176044, 0.9906896004093042, 0.991334018203564, 0.9919427990611701], [0.9966765239907782, 0.9967956428348886, 0.9968490054552974, 0.99697115603084, 0.996826813679805, 0.9964201698412043, 0.9959257306440458, 0.9954241092316579, 0.9950273562792121, 0.9948493454247618, 0.9947823531220606, 0.9950011579074618, 0.995314682973032, 0.9954878366312561, 0.9953203718279262, 0.9950657506098083, 0.9947987969498262, 0.9946600931373364, 0.9947766190142411, 0.9951755993414524, 0.995537607953867, 0.9959155051281922, 0.9962476883766852, 0.996489919517571], [0.9950426969036124, 0.9951344241130391, 0.9951250007392537, 0.9954094984878677, 0.9951331155309654, 0.9944853487268165, 0.99377118579932, 0.99315783294946, 0.9925502635986703, 0.9922668445450479, 0.9921471481427607, 0.9924713611273339, 0.9929429984916622, 0.9931952082992651, 0.9929486873465564, 0.9925886579292664, 0.9922162960701123, 0.9920248881580365, 0.9920493353024112, 0.9928039148600826, 0.9932061278155907, 0.9937752957755974, 0.9944030448911754, 0.9947111905072304], [0.9935266348728699, 0.9934941697105509, 0.993319320258271, 0.993880656009642, 0.9934081318475817, 0.9924840473386412, 0.9916066381346581, 0.9910549081971398, 0.9902517179391574, 0.9898704884319388, 0.9897018868028535, 0.990123910241023, 0.9907422632857458, 0.9910678309335458, 0.9907479521406399, 0.9902901122697536, 0.9898199399570032, 0.9895796268181293, 0.9893353799786686, 0.9906031796541661, 0.9908843845896269, 0.9916373525117103, 0.9926913619532403, 0.9929995713187245], [0.9949050954193497, 0.9951099285491743, 0.995220434026726, 0.9953711560308399, 0.9951696708226621, 0.9945630269840614, 0.9937828735011887, 0.9929669663745151, 0.9923416419934978, 0.9920493454247618, 0.9919252102649178, 0.9922583007646046, 0.9927432544016035, 0.9930021223455417, 0.9927489432564977, 0.992380036324094, 0.9919987969498262, 0.9918029502801935, 0.9920337618713839, 0.9926041707700238, 0.9931947508110099, 0.993772647985335, 0.9942476883766852, 0.9946327766604282], [0.993133666847921, 0.9934242142634601, 0.9935918625981546, 0.99377115603084, 0.9935125279655193, 0.9927058841269186, 0.9916400163583314, 0.9905098235173722, 0.9896559277077835, 0.9892493454247617, 0.989068067407775, 0.9895154436217475, 0.9901718258301749, 0.9905164080598274, 0.9901775146850691, 0.9896943220383797, 0.9891987969498262, 0.9889458074230507, 0.9892909047285268, 0.9900327421985953, 0.9908518936681527, 0.9916297908424778, 0.9922476883766852, 0.9927756338032854], [0.9913622382764925, 0.9917384999777458, 0.9919632911695832, 0.9921711560308399, 0.9918553851083765, 0.9908487412697757, 0.9894971592154743, 0.9880526806602293, 0.9869702134220693, 0.9864493454247618, 0.9862109245506321, 0.9867725864788903, 0.9876003972587464, 0.9880306937741132, 0.9876060861136405, 0.9870086077526654, 0.9863987969498262, 0.9860886645659078, 0.9865480475856696, 0.9874613136271667, 0.9885090365252956, 0.9894869336996207, 0.9902476883766852, 0.9909184909461425], [0.9948725511004197, 0.9951041350692053, 0.9952430050866291, 0.9953620876028594, 0.995178316565678, 0.9945813987770058, 0.9937856377758562, 0.992921824254709, 0.9922923006067331, 0.9919979044045176, 0.9918727194279341, 0.9922079095611003, 0.9926960126483182, 0.9929564553173659, 0.9927017015032124, 0.9923306949373293, 0.991947355929582, 0.9917504594432098, 0.9920300785774944, 0.9925569290167385, 0.9931920600197912, 0.9937720217527677, 0.9942109447907966, 0.9946142308921719], [0.9991251411711402, 0.9991183736356526, 0.999127560858515, 0.9991671990490315, 0.9993069578825273, 0.9990026568412633, 0.9989366031602473, 0.9989349863727321, 0.999170327945204, 0.9991585791673164, 0.9991420589795791, 0.9990155763805656, 0.9990507401992783, 0.9991615139807845, 0.9990697740523007, 0.9987916671907386, 0.9990803436127663, 0.9986908420309607, 0.9986541785304526, 0.9989950982627754, 0.9989353294790267, 0.9989903666141999, 0.9991138677760493, 0.9992044830275661], [0.9982559074013619, 0.9980301821477974, 0.997984675755261, 0.9980836986663372, 0.9983658998980538, 0.9976870783838359, 0.9975319662051166, 0.9976876545243655, 0.9980215733965712, 0.998098505811156, 0.9982254216770614, 0.9981800902842676, 0.9982673001534614, 0.9984582255859843, 0.9983073731331237, 0.9975947797657265, 0.9978571766625203, 0.9972970047277188, 0.9969040816491281, 0.9975670915264303, 0.9976158502692559, 0.9977943502147496, 0.9979251087355244, 0.998100513590037], [0.9975870863054258, 0.9971014774995879, 0.997047150562631, 0.997126842247339, 0.9976651951334012, 0.9965839636889859, 0.9963581118105739, 0.9967054187949377, 0.9972290690688977, 0.9974524650761583, 0.9977824118412467, 0.9978130699687778, 0.9979229935373366, 0.9981961756089759, 0.9979906243872986, 0.996739229115498, 0.9969975095641536, 0.996228939681576, 0.995450095396611, 0.99648195852752, 0.9966052739603263, 0.9967959893379054, 0.9968983719547253, 0.9971469556685918], [0.9973537125997116, 0.9974326593499383, 0.9974989894299435, 0.9975671990490315, 0.9976498150253845, 0.9971455139841204, 0.9967937460173902, 0.9964778435155893, 0.9964846136594897, 0.9963585791673164, 0.9962849161224362, 0.9962727192377084, 0.9964793116278498, 0.9966757996950701, 0.9964983454808721, 0.9961059529050243, 0.9962803436127663, 0.9958336991738178, 0.9959113213875954, 0.9964236696913469, 0.9965924723361697, 0.9968475094713428, 0.9971138677760493, 0.9973473401704233], [0.995582284028283, 0.995746945064224, 0.9958704180013721, 0.9959671990490315, 0.9959926721682416, 0.9952883711269777, 0.994650888874533, 0.9940207006584464, 0.9937988993737754, 0.9935585791673164, 0.9934277732652934, 0.9935298620948513, 0.9939078830564212, 0.9941900854093558, 0.9939269169094436, 0.9934202386193101, 0.9934803436127663, 0.992976556316675, 0.9931684642447383, 0.9938522411199183, 0.9942496151933125, 0.9947046523284856, 0.9951138677760493, 0.9954901973132805], [0.990552987551728, 0.9909935826599663, 0.9912717934370253, 0.9914605463330732, 0.9911374345362567, 0.9900528240888611, 0.9886129109858989, 0.9871419295139252, 0.9861543195269308, 0.9858073781975198, 0.9857926519189005, 0.9864337726374198, 0.9872895758359517, 0.9878356796078454, 0.9873306001701722, 0.9864311945536021, 0.9854428553596779, 0.984910992152844, 0.9853417221150039, 0.9862865948331537, 0.9874790888747473, 0.9885467432664471, 0.989334018203564, 0.9900856562040272], [0.9973537125997116, 0.9974326593499383, 0.9974989894299435, 0.9975671990490315, 0.9976498150253845, 0.9971455139841204, 0.9967937460173902, 0.9964778435155893, 0.9964846136594897, 0.9963585791673164, 0.9962849161224362, 0.9962727192377084, 0.9964793116278498, 0.9966757996950701, 0.9964983454808721, 0.9961059529050243, 0.9962803436127663, 0.9958336991738178, 0.9959113213875954, 0.9964236696913469, 0.9965924723361697, 0.9968475094713428, 0.9971138677760493, 0.9973473401704233], [0.995582284028283, 0.995746945064224, 0.9958704180013721, 0.9959671990490315, 0.9959926721682416, 0.9952883711269777, 0.994650888874533, 0.9940207006584464, 0.9937988993737754, 0.9935585791673164, 0.9934277732652934, 0.9935298620948513, 0.9939078830564212, 0.9941900854093558, 0.9939269169094436, 0.9934202386193101, 0.9934803436127663, 0.992976556316675, 0.9931684642447383, 0.9938522411199183, 0.9942496151933125, 0.9947046523284856, 0.9951138677760493, 0.9954901973132805], [0.9987151966707336, 0.9987268096346047, 0.998760357597057, 0.9988121761573684, 0.9992760203488315, 0.9985766884670229, 0.9985559403138593, 0.9986482748510527, 0.9994786393934573, 0.9994181691363898, 0.9992747799687428, 0.998744561265582, 0.9987350712637229, 0.9989822102033158, 0.9987783642593523, 0.9981863832689792, 0.9993210533566758, 0.9982158898400213, 0.9981811311851235, 0.9990563088136608, 0.9986866204758964, 0.9986798879865336, 0.9989786947990034, 0.9991269625450534], [0.9984093875971946, 0.9984342309211505, 0.9984896322271256, 0.9985523774591987, 0.9993694658976376, 0.9982601859094387, 0.9983100618980731, 0.9985275724648567, 1.0000159539967932, 0.99991177705268, 0.9996361857839268, 0.9986626091959915, 0.9985919379439647, 0.9989793161598424, 0.9986613455840205, 0.9977402246051862, 0.9997943369616399, 0.9979231435574615, 0.997881694106124, 0.9993188812494372, 0.9985980859581646, 0.9985095619489148, 0.9989861562913592, 0.9991855595093692], [0.9982249632428005, 0.9982570337036529, 0.9983313656247719, 0.9984035761644167, 0.9996078977012669, 0.9980712814019178, 0.9982212939944909, 0.9986003774458684, 1.000820204497923, 1.0006781663235225, 1.0002641564388983, 0.9988010371196085, 0.99864991953674, 0.9991820528672057, 0.9987476046737115, 0.997479549165769, 1.0005387186323997, 0.9978427842951552, 0.9977846245984019, 0.9998161697331456, 0.9986962576892968, 0.9985026037803499, 0.9991598786377738, 0.9994028208067656], [0.996453534671372, 0.9965713194179386, 0.9967027941962004, 0.9968035761644166, 0.997950754844124, 0.9962141385447749, 0.9960784368516338, 0.9961432345887256, 0.9981344902122088, 0.9978781663235224, 0.9974070135817554, 0.9960581799767514, 0.9960784909653114, 0.9966963385814914, 0.9961761761022829, 0.9947938348800547, 0.9977387186323997, 0.9949856414380123, 0.9950417674555447, 0.997244741161717, 0.9963534005464397, 0.9963597466374928, 0.9971598786377738, 0.9975456779496227], [0.9983556029629499, 0.9983793186985713, 0.9984649950516767, 0.9985428778073149, 1.0002226533166505, 0.9982135681830526, 0.9985403194151202, 0.9991754467975201, 1.0023173091918487, 1.002152582153475, 1.0015840181749318, 0.9995114795364585, 0.999229911513034, 0.9999185211897708, 0.9993614880093802, 0.9977003107708408, 1.0019867577471293, 0.9983136931039253, 0.9982128168535379, 1.0009226831254172, 0.9992790409260965, 0.9989196804230545, 0.9997651447772271, 1.0000319084989278], [0.9986958562014626, 0.9987008505302566, 0.9987928241942358, 0.9988738556053106, 1.0010877788237453, 0.9985761979892275, 0.9991306515328929, 1.0000846748501626, 1.0042753728360292, 1.0040980511759081, 1.0033641980987358, 1.0006024857184883, 1.0001571992997758, 1.0010100835099176, 1.0003264020829499, 0.9982413745649575, 1.0039029432627664, 0.9991513629917143, 0.9989904680761357, 1.0024345165363024, 1.000184238334964, 0.9996188692958742, 1.0006575189054847, 1.0009349861078607], [0.9979803876189673, 0.997996809238197, 0.9979973748981109, 0.9981211431250838, 0.9981908952716183, 0.9977247607450952, 0.9975467254942713, 0.9974702478011296, 0.9976737663132561, 0.9977196694885588, 0.9978114897718796, 0.9977747086221053, 0.9978913907641536, 0.998102130752267, 0.9979309735592623, 0.9974337912680495, 0.9974588457500367, 0.9969186526040221, 0.9968816569012818, 0.9973333592354279, 0.9973750762739451, 0.9975602621737791, 0.9977747342800536, 0.9979858840347408], [0.9962975402888722, 0.996336216465092, 0.9963073680924857, 0.9965789450626424, 0.9965336267146783, 0.9958176123484899, 0.9954455028975029, 0.9951359756980944, 0.9951223526192409, 0.9950596849990536, 0.9950972198846294, 0.995169009530345, 0.9954485478656282, 0.9957407159503593, 0.995488130660737, 0.9948823775740342, 0.9947988612605315, 0.9942043827167719, 0.9942759578095216, 0.9948905163369026, 0.9950644347816671, 0.9954412777847501, 0.9957889865489942, 0.9961876979250983], [0.9945261117174437, 0.9946505021793777, 0.9946787966639142, 0.9949789450626424, 0.9948764838575355, 0.993960469491347, 0.9933026457546458, 0.9926788328409516, 0.9924366383335266, 0.9922596849990536, 0.9922400770274865, 0.9924261523874879, 0.9928771192941996, 0.993255001664645, 0.9929167020893085, 0.9921966632883199, 0.9919988612605315, 0.991347239859629, 0.9915331006666644, 0.9923190877654741, 0.99272157763881, 0.993298420641893, 0.9937889865489942, 0.9943305550679554], [0.992754683146015, 0.9929647878936634, 0.9930502252353428, 0.9933789450626425, 0.9932193410003926, 0.9921033266342042, 0.9911597886117886, 0.9902216899838087, 0.9897509240478123, 0.9894596849990536, 0.9893829341703437, 0.9896832952446307, 0.9903056907227711, 0.9907692873789307, 0.9903452735178799, 0.9895109490026056, 0.9891988612605315, 0.9884900970024862, 0.9887902435238073, 0.9897476591940455, 0.9903787204959528, 0.9911555634990358, 0.9917889865489942, 0.9924734122108126], [0.9948342159306076, 0.9947378800909923, 0.9944651114838167, 0.9951799923749485, 0.9948760466471677, 0.9937865396935931, 0.9934474594744584, 0.9931062032011467, 0.9929037640760654, 0.9927466884327644, 0.9927370193067833, 0.9929032169756128, 0.9933243673455667, 0.9936873414476332, 0.9933639501406755, 0.9926637890308588, 0.9924858646942423, 0.9918441821389257, 0.9920101652547892, 0.992766335816841, 0.9928336304563573, 0.9933814551074702, 0.9938385589419937, 0.9945356190524499], [0.9966439796718484, 0.9967898493549195, 0.9968715765152005, 0.9969620876028593, 0.9968354594228208, 0.9964385416341486, 0.9959284949187134, 0.9953789671118519, 0.9949780148924474, 0.9947979044045177, 0.9947298622850769, 0.9949507667039574, 0.9952674412197468, 0.9954421696030802, 0.9952731300746409, 0.9950164092230436, 0.9947473559295821, 0.9946076023003526, 0.9947729357203515, 0.9951283575881671, 0.9955349171626484, 0.9959148788956249, 0.9962109447907966, 0.9964713737493147], [0.9948725511004198, 0.9951041350692053, 0.9952430050866291, 0.9953620876028593, 0.995178316565678, 0.9945813987770057, 0.9937856377758563, 0.9929218242547091, 0.9922923006067331, 0.9919979044045176, 0.991872719427934, 0.9922079095611003, 0.9926960126483182, 0.9929564553173659, 0.9927017015032124, 0.9923306949373293, 0.991947355929582, 0.9917504594432097, 0.9920300785774944, 0.9925569290167385, 0.9931920600197913, 0.9937720217527678, 0.9942109447907966, 0.9946142308921718], [0.9931336668479211, 0.9934242142634601, 0.9935918625981546, 0.9937711560308399, 0.9935125279655193, 0.9927058841269185, 0.9916400163583315, 0.9905098235173723, 0.9896559277077835, 0.9892493454247617, 0.9890680674077749, 0.9895154436217475, 0.9901718258301749, 0.9905164080598274, 0.9901775146850691, 0.9896943220383797, 0.9891987969498262, 0.9889458074230506, 0.9892909047285268, 0.9900327421985953, 0.9908518936681528, 0.9916297908424779, 0.9922476883766852, 0.9927756338032853], [0.9913622382764926, 0.9917384999777458, 0.9919632911695832, 0.9921711560308398, 0.9918553851083765, 0.9908487412697756, 0.9894971592154744, 0.9880526806602294, 0.9869702134220693, 0.9864493454247617, 0.986210924550632, 0.9867725864788903, 0.9876003972587464, 0.9880306937741131, 0.9876060861136405, 0.9870086077526654, 0.9863987969498261, 0.9860886645659077, 0.9865480475856696, 0.9874613136271667, 0.9885090365252958, 0.9894869336996208, 0.9902476883766852, 0.9909184909461424], [0.9913622382764926, 0.9917384999777458, 0.9919632911695832, 0.9921711560308398, 0.9918553851083765, 0.9908487412697756, 0.9894971592154744, 0.9880526806602294, 0.9869702134220693, 0.9864493454247617, 0.986210924550632, 0.9867725864788903, 0.9876003972587464, 0.9880306937741131, 0.9876060861136405, 0.9870086077526654, 0.9863987969498261, 0.9860886645659077, 0.9865480475856696, 0.9874613136271667, 0.9885090365252958, 0.9894869336996208, 0.9902476883766852, 0.9909184909461424], [1.0, 1.0, 1.0, 1.0, 1.0, 1.0, 1.0, 1.0, 1.0, 1.0, 1.0, 1.0, 1.0, 1.0, 1.0, 1.0, 1.0, 1.0, 1.0, 1.0, 1.0, 1.0, 1.0, 1.0]]
    "τ_IN" = [[293.15, 293.15, 293.15, 293.15, 293.15, 293.15, 293.15, 293.15, 293.15, 293.15, 293.15, 293.15, 293.15, 293.15, 293.15, 293.15, 293.15, 293.15, 293.15, 293.15, 293.15, 293.15, 293.69166666666666, 294.15], [293.15, 293.15, 293.15, 293.15, 293.15, 293.15, 293.15, 293.15, 293.15, 293.15, 293.15, 293.15, 293.15, 293.15, 293.15, 293.15, 293.15, 293.15, 293.15, 293.15, 293.15, 293.15, 293.6334405152636, 294.15], [293.25437852312973, 293.15, 293.15, 293.15, 293.15, 293.15, 293.15, 293.15, 293.15, 293.15, 293.15, 293.15, 293.15, 293.15, 293.15, 293.15, 293.15, 293.15, 293.15, 293.15, 293.15, 293.15, 293.62554769714797, 294.15], [293.3405871524011, 293.15, 293.15, 293.15, 293.15, 293.15, 293.15, 293.15, 293.15, 293.15, 293.15, 293.15, 293.15, 293.15, 293.15, 293.15, 293.15, 293.15, 293.15, 293.15, 293.15, 293.15, 293.64198695588567, 294.15], [293.30224606494414, 293.15, 294.4834502001449, 293.2146831969651, 293.15, 294.20339360171806, 293.15, 293.15, 293.15, 293.15, 293.15, 293.15, 293.15, 293.15, 293.15, 293.15, 293.15, 293.15, 293.15, 293.15, 293.15, 293.15, 293.15, 294.15], [293.1553903059875, 293.15, 293.15, 293.15, 293.15, 293.15, 293.15, 293.15, 293.15, 293.15, 293.15, 293.15, 293.15, 293.15, 293.15, 293.15, 293.15, 293.15, 293.15, 293.15, 293.15, 293.15, 293.6279001028365, 294.15], [293.27021615152705, 293.15, 293.15, 293.15, 293.15, 293.15, 293.15, 293.15, 293.15, 293.15, 293.15, 293.15, 293.15, 293.15, 293.15, 293.15, 293.15, 293.15, 293.15, 293.15, 293.15, 293.15, 293.6098239849729, 294.15], [293.3385395384833, 293.15, 293.15, 293.15, 293.15, 293.15, 293.15, 293.15, 293.15, 293.15, 293.15, 293.15, 293.15, 293.15, 293.15, 293.15, 293.15, 293.15, 293.15, 293.15, 293.15, 293.15, 293.6081643134227, 294.15], [293.2743815021495, 293.15, 293.15, 293.15, 293.15, 293.15, 293.15, 293.15, 293.15, 293.15, 293.15, 293.15, 293.15, 293.15, 293.15, 293.15, 293.15, 293.15, 293.15, 293.15, 293.15, 293.15, 293.60568859470783, 294.15], [293.34795898394555, 293.15, 293.15, 293.15, 293.15, 293.15, 293.15, 293.15, 293.15, 293.15, 293.15, 293.15, 293.15, 293.15, 293.15, 293.15, 293.15, 293.15, 293.15, 293.15, 293.15, 293.15, 293.59902603090234, 294.15], [293.39100544736056, 293.15, 293.15, 293.15, 293.15, 293.15, 293.15, 293.15, 293.15, 293.15, 293.15, 293.15, 293.15, 293.15, 293.15, 293.15, 293.15, 293.15, 293.15, 293.15, 293.15, 293.15, 293.59367891613175, 294.15], [293.4133346645507, 293.15, 293.15, 293.15, 293.15, 293.15, 293.15, 293.15, 293.15, 293.15, 293.15, 293.15, 293.15, 293.15, 293.15, 293.15, 293.15, 293.15, 293.15, 293.15, 293.15, 293.15, 293.58572023946203, 294.15], [293.36111900402847, 293.15, 293.78901245484565, 293.15, 293.15, 293.43984066601035, 293.15, 293.15, 293.15, 293.15, 293.15, 293.15, 293.15, 293.15, 293.15, 293.15, 293.15, 293.15, 293.15, 293.15, 293.15, 293.15, 293.63454326262087, 294.15], [293.2775180105467, 293.15, 293.15, 293.15, 293.15, 293.15, 293.15, 293.15, 293.15, 293.15, 293.15, 293.15, 293.15, 293.15, 293.15, 293.15, 293.15, 293.15, 293.15, 293.15, 293.15, 293.15, 293.5774348228365, 294.15], [293.2802604199756, 293.15, 293.15, 293.15, 293.15, 293.15, 293.15, 293.15, 293.15, 293.15, 293.15, 293.15, 293.15, 293.15, 293.15, 293.15, 293.15, 293.15, 293.15, 293.15, 293.15, 293.15, 293.57468802985, 294.15], [293.32267904638167, 293.15, 293.15, 293.15, 293.15, 293.15, 293.15, 293.15, 293.15, 293.15, 293.15, 293.15, 293.15, 293.15, 293.15, 293.15, 293.15, 293.15, 293.15, 293.15, 293.15, 293.15, 293.5604139230941, 294.15], [293.33850122747725, 293.15, 293.15, 293.15, 293.15, 293.15, 293.15, 293.15, 293.15, 293.15, 293.15, 293.15, 293.15, 293.15, 293.15, 293.15, 293.15, 293.15, 293.15, 293.15, 293.15, 293.15, 293.5687687596509, 294.15], [293.29151847226166, 293.15, 293.15, 293.15, 293.15, 293.15, 293.15, 293.15, 293.15, 293.15, 293.15, 293.15, 293.15, 293.15, 293.15, 293.15, 293.15, 293.15, 293.15, 293.15, 293.15, 293.15, 293.63640462749527, 294.15], [293.3217186342848, 293.15, 293.15, 293.15, 293.15, 293.15, 293.15, 293.15, 293.15, 293.15, 293.15, 293.15, 293.15, 293.15, 293.15, 293.15, 293.15, 293.15, 293.15, 293.15, 293.15, 293.15, 293.6122946696356, 294.15], [293.2654829273972, 293.15, 293.15, 293.15, 293.15, 293.15, 293.15, 293.15, 293.15, 293.15, 293.15, 293.15, 293.15, 293.15, 293.15, 293.15, 293.15, 293.15, 293.15, 293.15, 293.15, 293.15, 293.67934915280733, 294.15], [293.3022460649442, 293.15, 293.70099613968256, 293.15, 293.15, 293.42093954125573, 293.15, 293.15, 293.15, 293.15, 293.15, 293.15, 293.15, 293.15, 293.15, 293.15, 293.15, 293.15, 293.15, 293.15, 293.15, 293.15, 293.15, 294.15], [293.31746557830076, 293.15, 293.15, 293.15, 293.15, 293.15, 293.15, 293.15, 293.15, 293.15, 293.15, 293.15, 293.15, 293.15, 293.15, 293.15, 293.15, 293.15, 293.15, 293.15, 293.15, 293.15, 293.62861194185905, 294.15], [293.25825646674474, 293.15, 293.15, 293.15, 293.15, 293.15, 293.15, 293.15, 293.15, 293.15, 293.15, 293.15, 293.15, 293.15, 293.15, 293.15, 293.15, 293.15, 293.15, 293.15, 293.15, 293.15, 293.6216976466414, 294.15], [293.30731881398407, 293.15, 293.15, 293.15, 293.15, 293.15, 293.15, 293.15, 293.15, 293.15, 293.15, 293.15, 293.15, 293.15, 293.15, 293.15, 293.15, 293.15, 293.15, 293.15, 293.15, 293.15, 293.63845582386523, 294.15], [293.28872586281113, 293.15, 293.15, 293.15, 293.15, 293.15, 293.15, 293.15, 293.15, 293.15, 293.15, 293.15, 293.15, 293.15, 293.15, 293.15, 293.15, 293.15, 293.15, 293.15, 293.15, 293.15, 293.69166666666666, 294.15], [293.2887258628111, 293.15, 294.0611220538406, 293.15, 293.15, 293.8430619462319, 293.15, 293.15, 293.15, 293.15, 293.15, 293.15, 293.15, 293.15, 293.15, 293.15, 293.15, 293.15, 293.15, 293.15, 293.15, 293.15, 293.15, 294.15], [293.37500052030754, 293.15, 293.15, 293.15, 293.15, 293.15, 293.15, 293.15, 293.15, 293.15, 293.15, 293.15, 293.15, 293.15, 293.15, 293.15, 293.15, 293.15, 293.15, 293.15, 293.15, 293.15, 293.60901209848953, 294.15], [293.3668778073314, 293.15, 293.15, 293.15, 293.15, 293.15, 293.15, 293.15, 293.15, 293.15, 293.15, 293.15, 293.15, 293.15, 293.15, 293.15, 293.15, 293.15, 293.15, 293.15, 293.15, 293.15, 293.6300208147972, 294.15], [293.3154719594243, 293.15, 293.15, 293.15, 293.15, 293.15, 293.15, 293.15, 293.15, 293.15, 293.15, 293.15, 293.15, 293.15, 293.15, 293.15, 293.15, 293.15, 293.15, 293.15, 293.15, 293.15, 293.6780976060543, 294.15], [293.37853019488574, 293.15, 293.15, 293.15, 293.15, 293.15, 293.15, 293.15, 293.15, 293.15, 293.15, 293.15, 293.15, 293.15, 293.15, 293.15, 293.15, 293.15, 293.15, 293.15, 293.15, 293.15, 293.61891123271585, 294.15], [293.3574934485302, 293.15, 293.15, 293.15, 293.15, 293.15, 293.15, 293.15, 293.15, 293.15, 293.15, 293.15, 293.15, 293.15, 293.15, 293.15, 293.15, 293.15, 293.15, 293.15, 293.15, 293.15, 293.63802006140963, 294.15], [293.29797684699963, 293.15, 293.15, 293.15, 293.15, 293.15, 293.15, 293.15, 293.15, 293.15, 293.15, 293.15, 293.15, 293.15, 293.15, 293.15, 293.15, 293.15, 293.15, 293.15, 293.15, 293.15, 293.68726820868596, 294.15], [293.31593389764106, 293.15, 293.15, 293.15, 293.15, 293.15, 293.15, 293.15, 293.15, 293.15, 293.15, 293.15, 293.15, 293.15, 293.15, 293.15, 293.15, 293.15, 293.15, 293.15, 293.15, 293.15, 293.56710434300965, 294.15], [293.3254924351075, 293.15, 293.15, 293.15, 293.15, 293.15, 293.15, 293.15, 293.15, 293.15, 293.15, 293.15, 293.15, 293.15, 293.15, 293.15, 293.15, 293.15, 293.15, 293.15, 293.15, 293.15, 293.58156620015933, 294.15], [293.308784592985, 293.15, 293.15, 293.15, 293.15, 293.15, 293.15, 293.15, 293.15, 293.15, 293.15, 293.15, 293.15, 293.15, 293.15, 293.15, 293.15, 293.15, 293.15, 293.15, 293.15, 293.15, 293.6313501833272, 294.15], [293.2527993646266, 293.15, 293.15, 293.15, 293.15, 293.15, 293.15, 293.15, 293.15, 293.15, 293.15, 293.15, 293.15, 293.15, 293.15, 293.15, 293.15, 293.15, 293.15, 293.15, 293.15, 293.15694444444443, 293.69166666666666, 294.15]]
    "τ_R" = [[322.5231436694395, 323.4547094819164, 321.66770376864724, 319.44913301757424, 317.89329242237244, 315.5189961811055, 311.9501747714774, 308.17488996668305, 305.8401216311185, 306.17992912030303, 308.597677696705, 310.26341410391075, 310.5426079568203, 310.7760205005599, 310.69820735065167, 309.2399132716325, 307.7413947928583, 305.790539754485, 304.09234983517814, 304.93410474110755, 307.2240503002043, 309.07994189913677, 307.575953725607, 302.938534571125], [336.7080348777332, 311.0658223653432, 311.45962651699824, 310.4453816245631, 314.87129217454407, 305.61704148394455, 298.78636363636326, 300.4655996034233, 309.27858838028465, 316.2037677716634, 318.501877999674, 309.8588993837676, 307.7863636363635, 313.3585060338015, 312.03266716387844, 304.78636363636303, 309.8380149178353, 304.0273367740635, 299.78636363636343, 310.24159618032854, 311.28453220262753, 307.42989629958095, 295.2337694987699, 293.15], [326.9061312541721, 324.86027103950744, 321.3790441111877, 319.1369415110584, 319.04851007328057, 316.75973115386466, 313.0801385213815, 308.275825532196, 305.5765798339661, 307.7222561872512, 312.270489585031, 313.31146161970014, 311.92993169207375, 311.395124738535, 310.7173221703135, 308.0606438237268, 306.49431215022395, 304.14416325409604, 303.73816300095064, 307.16941198528525, 311.09028835853826, 314.19142328513, 310.5424388814341, 302.4528820575853], [330.46020079825644, 324.6803562621931, 319.5266516060163, 317.5417181559534, 317.47133446894503, 314.9754261498596, 310.59466966563275, 304.10753795687367, 303.08677576409883, 308.8039262712304, 314.4980682292211, 314.33751180430147, 311.38182805141076, 310.67595283637576, 310.4029155351678, 307.3527519651506, 305.37758320145423, 303.58299072818136, 302.40128385506, 304.94494996058773, 311.3125979698628, 314.9885549364793, 309.1066188133028, 299.8227390152917], [332.94085638024274, 331.1171155269319, 328.72674115482243, 328.37832911228963, 327.94094449756983, 326.85721359005737, 324.8991441463536, 306.02137797234553, 300.2309839475405, 307.2995227900387, 313.6588507959734, 314.7939233640405, 312.1491879246636, 310.1934349458743, 309.206394354329, 306.4489356823303, 303.1517857192718, 301.5238021843305, 317.699625807861, 312.08537160275915, 320.49440455984285, 327.91002538528045, 310.5491693376581, 296.2758182904503], [338.15, 338.15, 338.15, 338.15, 338.15, 338.15, 338.15, 296.9532200376352, 300.4459011019513, 308.369803250157, 314.65238730476244, 315.08386742358533, 311.98269788122684, 309.89834917476315, 308.762783905772, 305.6969063439594, 302.0682527304106, 300.7644216602287, 338.15, 304.7896996772545, 338.15, 338.15, 308.3801990247239, 293.15], [322.81250920117077, 322.9808131295123, 321.4990110791449, 319.0786636907439, 317.1298480056557, 314.1132527868871, 310.275391650589, 306.77862108475597, 305.14150792901, 305.8302985697332, 308.0946080986009, 309.5512493028249, 310.15551974642455, 310.7502086210168, 310.6544979235935, 309.1507136501901, 307.7854183158033, 305.6439812067643, 303.90246511296624, 304.7885014991136, 306.6345257767428, 307.72356987480987, 305.37644519525986, 300.99127129264826], [325.83149392805274, 324.54100169780406, 319.8335296582918, 314.92637033859467, 312.0675356137585, 308.8274949113245, 304.47497681446595, 301.08265556916206, 301.19742027082344, 304.87288601909785, 309.83757588086684, 312.38846500077284, 312.4885302083714, 312.17957283864905, 311.19741896271773, 308.57558886205584, 306.23250073129253, 303.83869127900994, 302.40558703900086, 303.897909274334, 306.3524123562211, 307.64950257905355, 303.60451032065123, 297.8576642575846], [327.0927514723001, 325.49322609629917, 318.88664327276916, 313.8444038447337, 311.07629945884435, 308.0386713338921, 303.7150302506209, 300.12624660100073, 300.416675228207, 304.8169755318567, 310.4203229231957, 313.26527804222985, 312.95261480234564, 311.9144996646686, 310.67047257765614, 308.0664594583766, 305.1821399844922, 302.8946494219398, 302.24693055681837, 303.8592478390133, 306.448779062943, 307.95517000892943, 302.7980899884495, 296.5465716466927], [322.7546688515697, 322.9155370640958, 322.4154231233978, 321.1993153073168, 319.61966569254326, 316.7327767395628, 312.898151539409, 309.09608053811763, 306.64303799546894, 306.3680501470056, 307.70203307999776, 308.6487221909226, 309.11875849158594, 309.9057006221908, 310.16893689486466, 309.04659246621367, 307.78529831632636, 305.8736926378544, 304.52639269275636, 305.69581644646115, 307.71824340114165, 308.39257403396306, 305.4304772220813, 301.148733826632], [323.11533833363603, 323.9871507520192, 323.1870964000299, 321.6670837014673, 319.6137161893316, 316.62953290183464, 312.8654327337083, 308.5725370303687, 305.6364787923399, 305.53728110047774, 307.30182597743215, 308.7464121735354, 309.37750120542177, 309.9423939945695, 310.0494295368842, 308.9605522813325, 307.346394346774, 305.265781328319, 304.5184297775515, 306.0117666401862, 308.06217546223337, 308.4932149829513, 305.00066699861776, 300.42097509084505], [323.6199888063778, 325.13372889394395, 323.9945758954432, 322.13757827788436, 319.6851681392092, 316.52480071575224, 312.8999760131488, 307.93673516467067, 304.61462779907157, 304.81147490103564, 306.92764414897016, 308.7482892367657, 309.58688719122154, 310.01407090610275, 309.896700140519, 308.8270854615338, 306.972990999319, 304.55988541192363, 304.6800746834874, 306.6106285152611, 308.41444412152293, 308.33907166244614, 304.4267707905827, 299.61657400454976], [324.33894470982955, 326.3533107178876, 324.8009358882594, 322.6510508651877, 319.83888606019735, 316.48851987475575, 313.0650258843691, 306.9922725421402, 303.681338007531, 304.24870867150406, 306.556700790246, 308.65356152951847, 309.70317424074346, 310.0854834938043, 309.71685994638176, 308.6915756074721, 306.6193923688865, 303.75023623735854, 305.2577961793378, 307.37434760458166, 308.74824887844625, 307.8434501159618, 303.74784818408705, 298.7368310898036], [338.15, 338.15, 338.15, 338.15, 338.15, 338.15, 338.15, 298.1212590511179, 300.70167625408465, 307.8544002905292, 314.3807495217779, 316.0904701642113, 314.1265338680269, 311.65909030049016, 309.52046895953254, 306.4274912706541, 302.66070618228497, 300.94302000934874, 338.15, 338.15, 338.15, 309.42871138469457, 297.241186511636, 293.15], [323.80567699124754, 326.3454055324645, 324.016022465322, 321.4015253022676, 317.7630199701393, 313.8157082717825, 310.24226318983904, 306.44169332206377, 303.577148238398, 303.27543920024203, 305.1689374107255, 307.50183574375575, 309.18113968215357, 309.99882606008396, 309.57538654772543, 309.01953008280077, 306.7846975980015, 303.1274062079958, 302.5441004936546, 303.96701685336114, 305.32206001032205, 306.52169792376134, 304.01047534498593, 298.3475036055495], [327.51157345866045, 326.3300832319388, 323.124931421357, 320.8733523992519, 316.3497164350638, 312.58745283896, 309.25741306551964, 305.2286121143475, 302.8375226388355, 303.6416107085257, 306.28225996288415, 308.5817505919381, 309.9194511184647, 310.3722099359345, 309.39547631934266, 309.1368165215985, 305.8695379111343, 301.8333352254746, 303.1817529450766, 304.80469516114334, 305.9119423341574, 307.0872341378235, 302.51271913400114, 296.1305536514151], [326.8004054953567, 326.5565495618869, 323.3807339593682, 320.92966244006385, 316.7918495898017, 312.96556265858544, 309.3423099825601, 305.37864582087906, 303.082094599714, 303.6973601404814, 306.0839742379632, 308.33313807660716, 309.783372935226, 310.3835844988494, 309.5410915214733, 309.0620024912204, 305.9622869468847, 302.1195599457518, 302.9711561201648, 304.55683010343984, 305.9083235887276, 307.1102697327817, 302.86686681227815, 296.52029954597486], [328.4189023587292, 326.60896928557327, 322.13397483003587, 320.35871220283224, 316.7486376236003, 311.82686173701865, 307.9380509275365, 304.72329738490834, 302.97271296666344, 303.67866336586957, 306.05295901191715, 308.3093800760478, 309.85951883755274, 310.4707393207922, 309.3317849503743, 308.0467709546427, 305.29529249365663, 301.4438859227873, 302.10277389378194, 304.8025374796355, 306.3329225110267, 307.0281942244701, 301.59054648053433, 295.1690611256973], [330.8791847660826, 325.8859626940242, 320.49050707967734, 319.9873101314192, 316.4649343277584, 310.6031018071355, 306.46392293912794, 303.9791715868084, 302.9060560997553, 303.78187811541875, 306.094299914973, 308.26695485842754, 309.88571895631117, 310.4947877865588, 308.98972714802585, 307.0464950308061, 304.39007254770115, 300.68111424036374, 301.53774276553634, 305.0440081463472, 306.7237226073165, 306.903269557499, 299.62800864752273, 293.876716088052], [338.15, 321.60166230814497, 319.7053003471818, 320.6310512782694, 315.53227954965763, 308.5571041408922, 305.08696781192526, 303.5554662794765, 303.0567361047741, 304.2749424804447, 306.8770303949571, 309.0474155642816, 310.6866351372598, 310.9516415988094, 308.52170605734676, 306.2614841393895, 303.6030663538068, 299.6633537851636, 302.08809861178395, 306.5117079982477, 307.5092309012079, 306.95665937996137, 295.6459336960294, 293.15], [333.93925151215393, 324.10621103492485, 319.34515675962894, 319.8392437850656, 316.11313603423434, 309.67117214657526, 305.2870379176366, 303.2698768244117, 302.9347264528226, 304.0689307934019, 306.1939602927932, 308.11839916976163, 309.79687528274985, 310.458770536938, 308.6431277526027, 306.1819515414666, 303.42448581445814, 299.9379475371523, 301.2832093484807, 305.1582963517334, 306.90970780299307, 306.81043381448205, 297.20826302695735, 293.15], [338.15, 320.3881209602149, 318.5332219424568, 319.55153421556776, 315.4819949749344, 308.4934408634571, 303.84780624791495, 302.3225367067004, 302.84855451927405, 304.22168474279715, 306.05947181818755, 307.6994397999584, 309.50732667950257, 310.23895707349726, 308.05309952928303, 305.0547216458431, 302.1600364484858, 298.97168761628393, 300.9552952624832, 305.04277162662237, 306.85957751373905, 306.51491177404694, 293.5815877632984, 293.15], [338.15, 338.15, 338.15, 338.15, 338.15, 338.15, 338.15, 296.9532200376352, 300.4459011019513, 308.369803250157, 314.65238730476244, 315.08386742358533, 311.98269788122684, 309.89834917476315, 308.762783905772, 305.6969063439594, 302.0682527304106, 300.7644216602287, 338.15, 304.7896996772545, 338.15, 338.15, 308.3801990247239, 293.15], [330.2427794070593, 327.9101188466595, 324.8494848222765, 323.94029618311697, 323.6067665133585, 322.02721083098675, 319.0605828947525, 308.6924605693793, 302.7640086618498, 307.0250689786181, 313.1083723761582, 314.4198427317399, 312.20815824630074, 310.7387249168942, 309.90200005239967, 307.1550773963604, 304.3612488122724, 302.5632855412685, 309.9058429491707, 311.9432595958223, 315.76603601183933, 321.319989739067, 311.2771315838913, 298.90702684325845], [328.47266960876124, 325.7135893588631, 322.8698941822322, 321.46959741106565, 321.38113841144997, 319.3766409979037, 315.8496466947717, 309.49260950641417, 305.1950024983802, 307.5414589439491, 312.58708513857715, 313.73766184007474, 312.0509995423114, 311.30192436410334, 310.5343522674551, 307.6618500696508, 305.5901662300963, 303.53027448559385, 306.30629672008985, 310.5119685850929, 313.84612474663606, 317.2706144226613, 310.9843715132033, 300.90338737096044], [333.07457355875334, 325.9243267847512, 320.57197083185457, 319.5130386426737, 319.0727806639637, 316.9772185975939, 313.0588396210345, 302.1354417248074, 301.5579397584025, 309.2169850368143, 315.123605412949, 314.7473660882598, 311.1383942786481, 309.9698363369039, 309.84401673054435, 306.7683375153907, 303.98344592109027, 302.6858698232011, 302.5287027619506, 304.7473630889482, 314.5605227923191, 318.40329385831353, 310.8204232907906, 297.99312171071733], [338.15, 317.5274825594036, 311.54966661379206, 310.53165757205284, 309.226524426186, 305.9990456928438, 300.1942685742123, 297.11348724727793, 301.8926938869654, 310.41703580942357, 316.11125701762325, 314.9068501108947, 310.80395021333817, 309.68758542993527, 309.549800816665, 306.0353552302402, 302.87104641272066, 302.02591758584833, 302.8367133265797, 305.033675587722, 308.5475720890053, 309.1254737727889, 294.47439494598035, 293.15], [338.15, 338.15, 338.15, 338.15, 338.15, 338.15, 338.15, 297.11348724727793, 301.8926938869654, 310.41703580942357, 316.11125701762325, 314.9068501108947, 310.80395021333817, 309.68758542993527, 309.549800816665, 306.0353552302402, 302.87104641272066, 302.02591758584833, 302.8367133265797, 305.033675587722, 338.15, 338.15, 338.15, 293.15], [329.0467077820183, 325.7837872943345, 317.33028042743496, 312.8195006726364, 310.2242178282073, 307.1102583344415, 302.79540314950845, 299.18623912914546, 299.8847007484974, 305.0679016344671, 311.1472466514134, 313.95712602866325, 313.2052645834415, 311.600328909621, 310.0721851560837, 307.39810807370424, 304.1341651530499, 301.9099172395443, 302.13607467311203, 304.04329269784785, 306.58814156176084, 308.1643233173108, 301.478008309514, 295.0815557012218], [334.195401558373, 323.65215577797716, 314.4155817855194, 311.7141344723589, 309.2566969238605, 305.9621159050133, 301.46348622716334, 298.046471585074, 300.1328204113755, 306.8717434347176, 313.31254679111123, 315.1279299972357, 313.1872740558277, 311.0178682527983, 309.3662101731585, 306.4777851623878, 302.9318976802416, 301.11469200174275, 302.63042884134575, 304.852938222646, 307.32830856925966, 308.74758522175, 298.3518040776798, 293.34711832681614], [338.15, 320.55283077493635, 313.54821934289987, 311.34338292640365, 308.3114554338941, 304.709111848418, 300.3149606426708, 297.1326933636461, 299.7045196068519, 306.82020900528494, 313.3056019251436, 315.0125074778381, 313.0995311452662, 310.690252380263, 308.5687599082423, 305.4688322744273, 301.68402911233164, 299.9322644406844, 302.4739663564866, 304.8573719624857, 307.0448857891422, 308.43468991126673, 295.15640726793185, 293.15], [331.34258110717747, 325.2414262502518, 316.2983632364074, 312.4798253784685, 309.702328747474, 306.28579831065434, 301.9627337618594, 298.51577852920747, 299.6353993536438, 305.2373054869221, 311.43810787768143, 314.16168790594304, 313.35216003485107, 311.56245115259804, 309.69908484404755, 306.78302514708565, 303.25678879330366, 301.06194897127864, 302.03696301518715, 304.2437602823508, 306.67287501378047, 308.1879734666044, 299.9386714801898, 294.0932988329333], [334.0540461084926, 323.89296919151104, 314.9953098271786, 312.017114866863, 308.85817667482644, 305.1153691352929, 300.89942568144255, 297.6787103921536, 299.14920325752786, 305.09314777649286, 311.43783953786465, 314.1746386424378, 313.40105239918785, 311.34680212345745, 308.98675658142844, 305.8454848070846, 302.11999909711597, 299.92774247799775, 301.7666853961279, 304.31458848840435, 306.4899302518414, 307.93039956889044, 297.75847517121485, 293.23769983728465], [338.15, 320.5433509413205, 314.23744283346554, 311.68122029353674, 307.9344096883486, 303.8402854790745, 299.69858272569184, 296.7863636363636, 298.78636363636303, 305.04406204517375, 311.37547775944336, 313.989614027985, 313.30602992845945, 311.1030268082979, 308.234561289741, 304.7863636363638, 300.8807149441101, 298.7659486925516, 301.54827416973967, 304.3321349361531, 306.25751990049844, 307.57770151953423, 294.48255446752194, 293.15], [329.0066613793581, 326.13931319212105, 321.96338525352115, 320.3334263454255, 316.3515394304144, 311.492742732471, 307.9014083024999, 304.6145508759389, 302.7439517806546, 303.5925921001161, 306.1607188174078, 308.431332853396, 309.8862284909447, 310.3871139248529, 309.1577652737842, 308.05153230128326, 305.21076391946264, 301.1753250785131, 302.22842318005854, 304.96305088475776, 306.2260979262084, 306.9178276486612, 301.2075652106698, 294.9070083891442], [331.04281924513793, 325.42085426298854, 320.48262713534353, 319.86520727592466, 316.1975725792835, 310.46176846649655, 306.4552551877601, 303.85088748697217, 302.69679292234366, 303.65766110237985, 306.0454648529832, 308.188579459489, 309.75427930766955, 310.3324028299539, 308.8304849631968, 306.9951574904993, 304.27563948124225, 300.4769908561424, 301.5124038630039, 304.9573254685515, 306.50281079412804, 306.7331027414758, 299.3036143586501, 293.80461602530556], [333.8861462282035, 323.6110038253877, 318.9851048483361, 319.5254633177098, 315.80903502599125, 309.37698081016816, 304.9905902951041, 302.96838864272917, 302.6396185144168, 303.7871662064248, 305.92027922892635, 307.8448036839211, 309.521992352019, 310.1866870231571, 308.3764493315342, 305.91282000548574, 303.1472555228185, 299.658316432161, 301.00133321251485, 304.87320078987443, 306.62894897433125, 306.47995872149795, 296.61435419208595, 293.15], [338.15, 319.79478294627296, 318.21856142283383, 319.23776012536786, 315.17726724466024, 308.1994384626997, 303.5524160686214, 302.02112698310793, 302.55256019370535, 303.9396352241761, 305.78636363636286, 307.42641515433854, 309.2324769088105, 309.9666120671583, 307.78636363636355, 304.7863636363638, 301.8832240220574, 298.69161099229314, 300.67366645259466, 304.7578786512394, 306.57825955615033, 306.06501410924363, 293.15, 293.15]]
    "τ_S" = [[348.00368437730015, 349.6892773831508, 347.902271669882, 345.6837009188087, 356.7082571563403, 343.15, 345.61453752232296, 350.06869683926953, 358.30925743358756, 358.6490649227721, 357.36582688779293, 343.15, 345.5164711176968, 351.3617139247362, 347.9483198384778, 343.15, 359.5288735857659, 347.0447414696305, 343.6562705203271, 356.7960631209951, 348.7308567749861, 345.2782556085517, 347.9047347697551, 343.15], [351.25348942318846, 347.42945872897985, 346.8232628806346, 344.80901798819934, 351.23492853818067, 345.98067784758064, 343.15, 346.82923596706036, 353.6422247439213, 356.5674041352995, 355.86551436331075, 346.22253574740427, 343.15, 347.7221423974378, 347.3963035275149, 343.15, 352.20165128147175, 349.39097313770037, 343.15, 350.60523254396463, 349.64816856626453, 344.7935326632177, 345.3852846502856, 343.15], [352.69545454545505, 348.79045709118435, 348.1656035545188, 346.10288814582657, 352.67650066811973, 347.33429142127346, 344.466969679008, 348.2357518765184, 355.18134782892747, 358.1451720099712, 357.41095317796794, 347.55797975315147, 344.4145661427452, 349.0776925633953, 348.75077727465884, 344.4320339881661, 353.6986276640038, 350.84590646705533, 344.46114706386766, 352.05676248926596, 351.0677892259878, 346.1045427932197, 346.70300141634436, 344.42038875788546], [355.3523624069393, 349.45685587754525, 347.7575364253054, 346.19174440938866, 349.8462983255243, 348.47859446257655, 344.81091046516696, 346.3476654134443, 352.18367965615073, 356.444478385237, 356.9460393346687, 350.1999181293381, 344.87364874162347, 346.91764688638153, 348.23878667506295, 345.27118041920903, 349.9539256122939, 351.12188209326786, 345.9691054318279, 348.884567792069, 350.7445733033569, 347.14322279983526, 345.90230332877445, 344.5925956985896], [357.54676387930095, 352.08761047257275, 348.06059803618416, 346.00120744522894, 346.71736252778356, 347.5227876586752, 345.7051971809923, 344.6156273842015, 347.436785532683, 352.0239505618374, 354.75162046545233, 352.5015830809786, 347.30145141399896, 345.1418874203064, 346.0238463066968, 345.5141290695436, 346.3843061163129, 348.5933667340832, 347.37478502115914, 346.54294176710056, 348.07389167647705, 347.63875965427314, 345.73689284476785, 344.23392096249364], [356.5708089258527, 352.0863609833276, 347.7049677501991, 345.0666588286783, 344.8488569427118, 345.57625433569876, 344.6289684221156, 343.3168564012716, 344.8095374655882, 348.73343961379385, 352.01602366839955, 351.4475037872221, 347.3463342448633, 344.26198553839924, 344.1264202694084, 344.06054270759563, 344.43188909404694, 346.128058023866, 346.06813498928125, 345.15333604089136, 345.8917122355531, 346.11335041987803, 344.74383538836065, 343.15], [352.8326623342286, 348.9199606228015, 348.2933317448889, 346.2260042049786, 352.81367106236314, 347.46309226564364, 344.5922837346313, 348.36958655450854, 355.3278005217722, 358.295301883391, 357.55800683354505, 347.6850517025558, 344.5348938271841, 349.20667768097593, 348.87965996740064, 344.5540237963331, 353.8410699575945, 350.98434822396825, 344.5859070782482, 352.1948804028396, 351.2028708646558, 346.22928977788644, 346.8283865597912, 344.5412704835671], [355.7555020388707, 349.8270781331875, 348.1169149105303, 346.5408448899745, 350.2183354599219, 348.84877731985875, 345.16675673916944, 346.7155225793954, 352.5817702392153, 356.8605767501031, 357.3601520072281, 350.57446903030484, 345.2169251301778, 347.2708004207409, 348.60049264503266, 345.6205636532014, 350.335416842696, 351.514680714325, 346.33096168021194, 349.25827585213483, 351.1254159577312, 347.5022421919442, 346.25285863193625, 344.93565850968207], [357.4946427977567, 351.3587443472162, 348.2644498822042, 346.65595571866066, 348.5662273246958, 348.86987205182834, 345.97039836515154, 345.7732692856066, 350.1752552784808, 354.95920278367885, 356.71247281829176, 352.38519948146853, 346.5911574943546, 346.1790372678327, 347.73817190266533, 346.19943431193343, 348.3283194184402, 350.6655070008578, 347.62617179293727, 347.8537015811289, 350.06341767729396, 348.28373764102963, 346.2580826546406, 344.97186952532235], [355.8615291456234, 349.9244478570055, 348.2113856651652, 346.63261249411573, 350.3162765437771, 348.9463247631648, 345.2605336118706, 346.81236431720373, 352.686375388092, 356.9698239666993, 357.4689240002809, 350.67293018235085, 345.3071609781267, 347.3636339919344, 348.6956695768393, 345.712593703851, 350.43593842694236, 351.618129160772, 346.42603707471324, 349.35642129343523, 351.2254848421683, 347.5966185038572, 346.34500885940787, 345.0258852063736], [357.7344105004329, 351.57872326323644, 348.4736957714232, 346.8591271813755, 348.7769336789701, 349.08483881761356, 346.17956167751163, 345.98383709660544, 350.3987789877837, 355.1948739927311, 356.9510045458136, 352.6086220314836, 346.79500687541037, 346.38067062858136, 347.94545404094976, 346.4041481263289, 348.5433134276905, 350.89083256021036, 347.8405875963574, 348.0663237232271, 350.2812593127012, 348.4948195309738, 346.461744739472, 345.1712502348587], [358.83013866008685, 353.27681261141424, 349.1769706528162, 347.0775618840853, 347.81143258701604, 348.64621010066026, 346.81567942063907, 345.7195261262043, 348.5858925753789, 353.2370202612127, 355.9967113231029, 353.7001406815468, 348.40503889033357, 346.2034380455834, 347.1025910247006, 346.59504658052447, 347.4972863687386, 349.7597771013769, 348.51782764620964, 347.6600600377611, 349.2068998465023, 348.7579045829483, 346.8182150949682, 345.2879145571253], [359.3985187340176, 354.7413579377824, 350.18311875035766, 347.4332320400095, 347.22085323927735, 348.01178491008835, 347.068842250745, 345.73214433379775, 347.2723243111607, 351.31265503005216, 354.6890485101042, 354.0826575783431, 349.81161290807347, 346.59768383728493, 346.46249727442864, 346.41962878866326, 346.8437110931348, 348.63863833418867, 348.568185792224, 347.5920827703726, 348.33633787714484, 348.5529363150045, 347.11937044214517, 345.4615584117374], [358.0693928298168, 354.4113622215556, 349.94538304526174, 346.6860716929655, 345.64093602663075, 346.0573738749083, 345.67347341786365, 344.48489541475425, 345.0653126177216, 348.2180366541661, 351.744385885415, 352.45410652784807, 349.49017023166334, 346.02272666412625, 344.88410532316897, 344.7911276342903, 345.02434254592123, 346.306656372986, 346.85796258810285, 346.22232605569485, 346.4028872503323, 346.7923477483317, 345.9386513783501, 344.3963288155448], [353.9907700023472, 361.7112930698415, 358.6990670887062, 356.49973944958595, 345.61806648926245, 356.09792812148027, 355.85378832549384, 348.8772982003228, 345.2592515040575, 347.36867025441984, 349.7334106412992, 350.20790877572904, 348.2075670452492, 346.1931831726097, 345.2565380372099, 355.2376518687584, 345.2244095144638, 346.09913084991695, 356.64812472975984, 346.0242158781825, 346.13861330279235, 348.1511441845773, 348.9055269376208, 344.77960944397597], [355.9413675411893, 358.5195775277228, 359.08257232788895, 356.6346132453735, 348.7075645469595, 352.0306350642112, 355.3251173178598, 350.6267701752067, 345.9322596606194, 346.13984317680524, 348.4076420067257, 349.50547175223926, 348.3418765088834, 346.35076083021244, 345.06317503483103, 351.34672901094837, 348.0165646464896, 345.27766324622354, 352.5467869889233, 349.01623812882906, 345.5838649571281, 346.9546962914867, 348.12114973857854, 345.642331138113], [356.0111743266526, 358.5918568117459, 359.15512779838735, 356.70455740319954, 348.7704341288675, 352.0977463624809, 355.39644291639974, 350.69411751658794, 345.9945775262164, 346.20130521666175, 348.47048768796424, 349.5691065256663, 348.40413167216, 346.41084279278743, 345.1222859295202, 351.4126569956185, 348.08035390770124, 345.3396170795683, 352.6151844493828, 349.08045862606997, 345.64426636593834, 347.01614860049904, 348.183456949781, 345.70226116690924], [357.09092118062404, 357.12486141712793, 358.35278667425797, 356.9208311243685, 350.8597625377036, 350.42778359108655, 353.70015497297123, 351.67692087664403, 347.01916824002836, 345.61104587430117, 347.18658721391546, 348.66551885759253, 348.26065174429857, 346.5596751966599, 345.0463647205561, 348.7730916078309, 348.640412266101, 345.7196766472845, 349.6289222342196, 349.7037804031087, 346.26744098356517, 346.04074679256536, 347.26843217547787, 346.01369622340206], [357.4936676085126, 356.411649087578, 357.23631316344836, 356.698769299717, 352.21839419234686, 349.921518951921, 351.9293318242394, 351.668528840044, 347.9300358753796, 345.4727844285947, 346.05608683531153, 347.5554910442492, 347.7790496948096, 346.52476130023274, 344.9612404171957, 346.91466885472386, 348.04707025631996, 346.06675547057, 347.68906714397525, 349.03704396082867, 346.79782643323733, 345.51616443302726, 346.25461642359613, 345.8314088803438], [356.29774293029806, 354.87762291334525, 355.06893671081883, 354.9946876419063, 351.8959159132948, 348.9207405045287, 349.45060417556226, 349.9191026431125, 347.4203724684111, 344.63857884408117, 344.2406667585932, 345.4110519279188, 346.0502715008969, 345.3152779624462, 343.8853424209838, 344.6251205030257, 345.9667027174435, 345.02699014880085, 345.45173497542083, 346.8753443618842, 345.8728672648441, 344.32029574359746, 344.39077875954604, 344.3557172182857], [357.0664743272498, 355.6314298464552, 355.821864160724, 355.7439447294206, 352.6183872002778, 349.623505015147, 350.1704974084963, 350.6496995795156, 348.11892939220076, 345.2963408435715, 344.8855768110764, 346.0653718495853, 346.7084191144362, 345.9628112533473, 344.5207381506067, 345.27696095114214, 346.6442024795904, 345.70328436242886, 346.1267128451598, 347.55661319579303, 346.5378206549712, 344.96604264077916, 345.0343763268845, 344.9989463134538], [355.6350199701124, 354.2321298170026, 353.89685830609403, 353.9151705792038, 351.8456313385712, 348.857077227094, 348.2114426115519, 348.68617307033674, 347.2121908829103, 344.5853211064337, 343.4231081818246, 344.06307616359453, 344.87096304313957, 344.6025934371336, 343.41673589292, 343.41835800947973, 344.52367281212224, 344.33532397992036, 344.3189316261201, 345.40640799025925, 345.2232138773753, 343.8785481376838, 343.4195661983961, 343.4187457569306], [356.5708089258527, 352.0863609833276, 347.7049677501991, 345.0666588286783, 344.8488569427118, 345.57625433569876, 344.6289684221156, 343.3168564012716, 344.8095374655882, 348.73343961379385, 352.01602366839955, 351.4475037872221, 347.3463342448633, 344.26198553839924, 344.1264202694084, 344.06054270759563, 344.43188909404694, 346.128058023866, 346.06813498928125, 345.15333604089136, 345.8917122355531, 346.11335041987803, 344.74383538836065, 343.15], [356.9582147203826, 350.86658937527284, 347.7961068752902, 346.201143810408, 348.09516027862526, 348.38985228484245, 345.5034807812658, 345.3028077462369, 349.6748861258753, 354.4310181105525, 356.1779709864955, 351.88496195215754, 346.13482889128534, 345.7276665281437, 347.2745649473402, 345.74209333642295, 347.8482978093792, 350.1622290574945, 347.1462387077273, 347.37728502903457, 349.575465382733, 347.8111687633796, 345.8021730861305, 344.5257394503475], [355.45107369895754, 349.54750714150873, 347.84548850301684, 346.277179852572, 349.93748201482566, 348.56941216116365, 344.8982177605425, 346.43782561099925, 352.28106661579665, 356.546186623522, 357.04730538400713, 350.29158526913267, 344.95765811898804, 347.00407474544977, 348.32739669293505, 345.3568611779163, 350.047512237657, 351.2181933844537, 346.05762018515026, 348.97594051615033, 350.8377369984295, 347.2310869513228, 345.98809499447907, 344.67659680055044], [356.69993344686793, 350.6296248719559, 347.57072571049474, 345.9823063134644, 347.8681413908069, 348.15820026856886, 345.27807991615015, 345.0759370650378, 349.4341458361156, 354.177236314282, 355.92108664642365, 351.64431010169454, 345.9152611307974, 345.51048589711763, 347.0512562402191, 345.5215077212654, 347.61661623920236, 349.91943954889666, 346.91530938045173, 347.1483104593595, 349.34084694023875, 347.5838102454587, 345.5828070838727, 344.31096384294113], [356.2266583261017, 350.86437282534416, 346.91330297742877, 344.8952939356889, 345.5901607898228, 346.36268205648065, 344.55790493784923, 343.4771236109143, 346.25633025060233, 350.7806721730604, 353.47489338126036, 351.2704864745315, 346.1675865769746, 344.05122179357136, 344.91343718030146, 344.3989915938764, 345.234682776357, 347.3895539494856, 346.2003496902163, 345.39731195135886, 346.9112084526415, 346.489110136426, 344.6259100974962, 343.15], [356.2266583261017, 350.86437282534416, 346.91330297742877, 344.8952939356889, 345.5901607898228, 346.36268205648065, 344.55790493784923, 343.4771236109143, 346.25633025060233, 350.7806721730604, 353.47489338126036, 351.2704864745315, 346.1675865769746, 344.05122179357136, 344.91343718030146, 344.3989915938764, 345.234682776357, 347.3895539494856, 346.2003496902163, 345.39731195135886, 346.9112084526415, 346.489110136426, 344.6259100974962, 343.15], [358.4227405169195, 352.8993088997408, 348.822636942892, 346.73596604244153, 347.46406685763304, 348.289321933415, 346.46281171397663, 345.3688375216158, 348.2211248509203, 352.85219953094753, 355.6017684103723, 353.3198458165202, 348.0548166617866, 345.86654775066427, 346.76014100618636, 346.25173647451106, 347.14366625182413, 349.3892000196129, 348.1549506437233, 347.30564142918536, 348.8474516061855, 348.402778136476, 346.47505462116794, 344.95337239659204], [358.215980550253, 353.63104765510917, 349.1470316471662, 346.44390419970455, 346.2284813729618, 346.9920187333444, 346.04699094290294, 344.7210517261252, 346.2426255159686, 350.235239955928, 353.5724343050439, 352.9813087624348, 348.78109051893483, 345.6213000903016, 345.485416203345, 345.43219608601765, 345.83371316932187, 347.5874549877143, 347.52280815897615, 346.57311999076705, 347.3148721014239, 347.53325108887555, 346.1263514861852, 344.4950004044237], [356.9074680580744, 353.3061698420415, 348.91185570653704, 345.7070192900404, 344.67509179753074, 345.07274821205425, 344.6785970063079, 343.4963297272829, 344.06815597048876, 347.1838453689222, 350.66923828878004, 351.37614384147463, 348.4631675089029, 345.0538887438998, 343.93239627187904, 343.83246863806374, 344.04766547596773, 345.29590080432126, 345.8376027201236, 345.2210083261217, 345.4085221527786, 345.79832627490316, 344.9625281493152, 343.4460522315425], [358.5125867789105, 353.90953755937176, 349.4067173770227, 346.6918225331426, 346.47772171235823, 347.24862241875155, 346.30420696591347, 344.97520180097825, 346.5006145447067, 350.5046584957936, 353.85177921216774, 353.25723137055115, 349.03933031526486, 345.865968089823, 345.73063388869394, 345.6804632848569, 346.08791327300145, 347.8518444059119, 347.78476893937415, 346.82806849262346, 347.57057826833653, 347.7887335306751, 346.3751882824542, 344.7373912861995], [357.977105962588, 354.32358137302657, 349.86190898151074, 346.60660764219875, 345.56662142909477, 345.9852838267045, 345.6013689081446, 344.41064560261214, 344.98421472101745, 348.1298490156742, 351.65346662261805, 352.36592253677037, 349.40671386442625, 345.9440053339825, 344.8095237721572, 344.71939803316036, 344.95331139502946, 346.231969568994, 346.7753340813285, 346.1381901338311, 346.3200905638655, 346.711202999195, 345.8592959722215, 344.3204713874253], [356.4621379236287, 353.6784015522377, 349.60107919710185, 346.0448566571735, 344.29804605198535, 344.2039218427114, 344.0622190893288, 343.15, 343.15, 345.4076984088106, 348.73911412308047, 350.3532503916217, 348.6696662920959, 345.46666317193404, 343.59819765337744, 343.15, 343.24435130774634, 344.1295850561889, 344.9119105333763, 344.69577129979, 344.62115626413464, 344.94133788317134, 344.5221088704378, 343.245966355942], [356.91922648540987, 356.95308791090537, 358.17871343512485, 356.7507215255066, 350.7027109005324, 350.26935475502523, 353.5315732613467, 351.5115861108073, 346.8655781867904, 345.4631058316649, 347.03699136545055, 348.51330139775257, 348.1100129715366, 346.4136247450289, 344.9033636717828, 348.61969519162426, 348.4848566711235, 345.5689004697715, 349.46991075981146, 349.5464238068495, 346.1194278669234, 345.8939856266435, 347.11945882415387, 345.8677234252441], [357.16253471182756, 356.08533559163857, 356.90728371299497, 356.37333032712377, 351.9112645529392, 349.6203416852641, 351.61436942038813, 351.3517429188175, 347.63122311947296, 345.18916591646956, 345.77375524873173, 347.268269929221, 347.49211502441045, 346.24463820790413, 344.68739191410265, 346.6290377299279, 347.7518208549122, 345.77641289299686, 347.3925812161202, 348.737817644317, 346.5112625688361, 345.2368304361754, 345.97324683320477, 345.5521919965229], [356.73724418507254, 355.3085915120954, 355.4988248208583, 355.4223706592509, 352.3100084771644, 349.3250415802569, 349.8649396740334, 350.33842116725265, 347.81884898905173, 345.0121311784401, 344.6071980628383, 345.78420625714614, 346.4258369399404, 345.68479376216135, 344.24907423661625, 344.99962280093087, 346.3566848344811, 345.41583083181285, 345.83683747651315, 347.2629231625775, 346.2515421329099, 344.6886647476667, 344.7580350110442, 344.72334987935545], [355.3121656450423, 353.91552408169235, 353.582197786471, 353.6013964890049, 351.54090360829707, 348.5630748263365, 347.91605243225837, 348.3847633467443, 346.9161965573423, 344.3032715878129, 343.15, 343.7900515179753, 344.5961132724469, 344.3302484307944, 343.15, 343.15, 344.24686038569365, 344.0552473559304, 344.03730281623126, 345.12151501487625, 344.94189591978653, 343.6054181496483, 343.15, 343.15]]
    "τ_load_R" = [[336.7080348777332, 311.0658223653432, 311.45962651699824, 310.4453816245631, 314.87129217454407, 305.61704148394455, 298.78636363636326, 300.4655996034233, 309.27858838028465, 316.2037677716634, 318.501877999674, 309.8588993837676, 307.7863636363635, 313.3585060338015, 312.03266716387844, 304.78636363636303, 309.8380149178353, 304.0273367740635, 299.78636363636343, 310.24159618032854, 311.28453220262753, 307.42989629958095, 295.2337694987699, 293.15], [338.15, 312.4268207275474, 312.8019671908824, 311.73925178218957, 316.31286430448284, 306.9706550576368, 300.1033333153716, 301.8721155128821, 310.8177114652911, 317.7815356463346, 320.0473168143318, 311.19434338951464, 309.05092977910886, 314.7140561997584, 313.3871409110225, 306.0683976245293, 311.3349913003673, 305.48227010341833, 301.09751070023054, 311.6931261256293, 312.704152862351, 308.7409064295835, 298.0336064823615, 293.15], [338.15, 315.3705691094673, 312.39390006166843, 311.828108045752, 313.482661961888, 308.11495809893995, 300.44727410152996, 299.9840290498077, 307.82004329251373, 316.08084202160035, 319.5824029710321, 313.8362817657018, 309.51001237798647, 312.55401052274493, 312.87515031142595, 306.90754405557203, 307.59028924865777, 305.7582457296305, 302.6054690681914, 308.5209314284324, 312.3809369397199, 309.77958643619866, 297.43381649228024, 293.15], [338.15, 319.88223925223326, 312.69696167254784, 311.63757108159206, 310.35372616414674, 307.1591512950384, 301.34156081735586, 298.25199102056513, 303.073149169046, 311.6603141982005, 317.3879841018153, 316.137946717342, 311.93781505036253, 310.7782510566703, 310.6602099430605, 307.1504927059074, 304.0206697526766, 303.2297303704459, 304.01114865752254, 306.1793054034637, 309.71025531284005, 310.275123290636, 296.8499521494944, 293.15], [338.15, 338.15, 338.15, 338.15, 338.15, 338.15, 338.15, 296.9532200376352, 300.4459011019513, 308.369803250157, 314.65238730476244, 315.08386742358533, 311.98269788122684, 309.89834917476315, 308.762783905772, 305.6969063439594, 302.0682527304106, 300.7644216602287, 338.15, 304.7896996772545, 338.15, 338.15, 308.3801990247239, 293.15], [338.15, 312.67393093525635, 312.9296953812525, 311.8623678413425, 316.4500346987264, 307.09945590200675, 300.22864737099434, 302.00595019087217, 310.9641641581353, 317.9316655197542, 320.194370469908, 311.32141533891905, 309.17125746354765, 314.8430413173398, 313.5160236037642, 306.1903874326969, 311.47743359395827, 305.62071186033097, 301.2222707146116, 311.8312440392027, 312.8392345010196, 308.8656534142493, 298.30002030577054, 293.15], [338.15, 316.08633962105114, 312.7532785468928, 312.1772085263372, 313.8546990962855, 308.48514095622227, 300.80312037553216, 300.3518862157591, 308.21813387557887, 316.49694038646675, 319.99651564359164, 314.2108326666684, 309.8532887665403, 312.9071640571036, 313.23685628139606, 307.25692728956506, 307.9717804790591, 306.15104435068815, 302.96732531657455, 308.89463948849766, 312.761779594095, 310.13860582830745, 298.1846117417167, 293.15], [338.15, 319.10869791412347, 312.90081351856776, 312.2923193550245, 312.202590961059, 308.50623568819145, 301.6067620015146, 299.4096329219703, 305.81161891484385, 314.595566420042, 319.3488364546547, 316.02156311783176, 311.2275211307181, 311.81540090419657, 312.3745355390289, 307.8357979482972, 305.96468305480386, 305.30187063722053, 304.26253542930067, 307.4900652174921, 311.6997813136578, 310.9201012773925, 298.23208194933346, 293.15], [338.15, 316.2745897220851, 312.8477493015282, 312.2689761304792, 313.9526401801408, 308.58268839952825, 300.89689724823415, 300.44872795356696, 308.3227390244551, 316.6061876030625, 320.1052876366448, 314.3092938187137, 309.9435246144898, 312.9999976282978, 313.3320332132021, 307.348957340214, 308.07230206330524, 306.2544927971354, 303.0624007110765, 308.9927849297983, 312.8618484785319, 310.232982140221, 298.38202644866067, 293.15], [338.15, 319.53419200386617, 313.11005940778665, 312.4954908177389, 312.41329731533284, 308.7212024539765, 301.8159253138752, 299.62020073296856, 306.03514262414734, 314.83123762909474, 319.58736818217716, 316.2449856678465, 311.43137051177405, 312.01703426494475, 312.58181767731304, 308.0405117626923, 306.17967706405375, 305.52719619657364, 304.4769512327206, 307.70268735959104, 311.9176229490641, 311.13118316733676, 298.6683548619495, 293.15], [338.15, 322.17147691746146, 313.813334289179, 312.7139255204492, 311.4477962233793, 308.28257373702314, 302.45204305700213, 299.355889762567, 304.222256211742, 312.8733838975756, 318.6330749594657, 317.33650431791006, 313.0414025266967, 311.83980168194626, 311.73895466106416, 308.23141021688826, 305.1336500051019, 304.3961407377397, 305.154191282573, 307.2964236741242, 310.8432634828662, 311.39426821931175, 299.160933593432, 293.15], [338.15, 324.1232051643418, 314.8194823867212, 313.0695956763734, 310.8572168756406, 307.6481485464515, 302.70520588710804, 299.3685079701614, 302.90868794752373, 310.94901866641527, 317.32541214646716, 317.71902121470634, 314.44797654443704, 312.23404747364884, 311.0988609107922, 308.05599242502706, 304.48007472949854, 303.2750019705514, 305.2045494285874, 307.2284464067357, 309.97270151350864, 311.1892999513674, 299.6646734376568, 293.15], [338.15, 338.15, 338.15, 338.15, 338.15, 338.15, 338.15, 298.1212590511179, 300.70167625408465, 307.8544002905292, 314.3807495217779, 316.0904701642113, 314.1265338680269, 311.65909030049016, 309.52046895953254, 306.4274912706541, 302.66070618228497, 300.94302000934874, 338.15, 338.15, 338.15, 309.42871138469457, 297.241186511636, 293.15], [338.15, 324.9381523032863, 323.7189359642525, 322.2709768817374, 312.3439281833227, 311.66699870057437, 310.96148095422285, 304.2631338115703, 301.5686232969825, 305.7762068131684, 311.0440056430886, 313.1418353886025, 312.97824014524696, 311.98712446657635, 309.6995386711946, 312.98309264731216, 305.65292828285334, 299.9140268825863, 309.18315062528677, 308.65260176519223, 307.2202285934919, 309.5910599278496, 300.8773542481933, 293.15], [338.15, 325.0702659748508, 323.7914914347503, 322.34092103956283, 312.4067977652315, 311.7341099988436, 311.0328065527637, 304.3304811529512, 301.6309411625803, 305.8376688530244, 311.10685132432786, 313.2054701620302, 313.040495308523, 312.0472064291507, 309.7586495658833, 313.0490206319818, 305.7167175440645, 299.97598071593194, 309.2515480857458, 308.71682226243274, 307.2806300023017, 309.65251223686266, 301.0095798263261, 293.15], [338.15, 324.5287678836376, 322.9891503106211, 322.5571947607317, 314.4961261740668, 310.06414722744995, 309.3365186093351, 305.31328451300783, 302.65553187639205, 305.2474095106647, 309.8229508502793, 312.30188249395616, 312.8970153806624, 312.1960388330227, 309.68272835691965, 310.4094552441948, 306.27677590246407, 300.3560402836483, 306.26528587058345, 309.34014403947197, 307.9038046199287, 308.6771104289289, 300.457895951265, 293.15], [338.15, 324.160766777991, 321.87267679981113, 322.33513293608087, 315.85475782871004, 309.55788258828414, 307.56569546060246, 305.3048924764077, 303.56639951174265, 305.1091480649579, 308.6924504716744, 311.19185468061244, 312.41541333117317, 312.16112493659665, 309.5976040535592, 308.55103249108765, 305.68343389268364, 300.7031191069327, 304.32543078033865, 308.6734075971918, 308.43419006960113, 308.15252806939014, 299.23141163248084, 293.15], [338.15, 321.60166230814497, 319.7053003471818, 320.6310512782694, 315.53227954965763, 308.5571041408922, 305.08696781192526, 303.5554662794765, 303.0567361047741, 304.2749424804447, 306.8770303949571, 309.0474155642816, 310.6866351372598, 310.9516415988094, 308.52170605734676, 306.2614841393895, 303.6030663538068, 299.6633537851636, 302.08809861178395, 306.5117079982477, 307.5092309012079, 306.95665937996137, 295.6459336960294, 293.15], [338.15, 323.01438186721504, 320.45822779708755, 321.3803083657845, 316.25475083664105, 309.2598686515101, 305.8068610448594, 304.2860632158792, 303.7552930285638, 304.93270447993467, 307.5219404474393, 309.7017354859485, 311.3447827507997, 311.5991748897112, 309.15710178697026, 306.91332458750594, 304.2805661159541, 300.3396479987916, 302.76307648152317, 307.1929768321562, 308.174184291335, 307.60240627714205, 296.9032392816125, 293.2671936509591], [338.15, 320.3881209602149, 318.5332219424568, 319.55153421556776, 315.4819949749344, 308.4934408634571, 303.84780624791495, 302.3225367067004, 302.84855451927405, 304.22168474279715, 306.05947181818755, 307.6994397999584, 309.50732667950257, 310.23895707349726, 308.05309952928303, 305.0547216458431, 302.1600364484858, 298.97168761628393, 300.9552952624832, 305.04277162662237, 306.85957751373905, 306.51491177404694, 293.5815877632984, 293.15], [338.15, 338.15, 338.15, 338.15, 338.15, 338.15, 338.15, 296.9532200376352, 300.4459011019513, 308.369803250157, 314.65238730476244, 315.08386742358533, 311.98269788122684, 309.89834917476315, 308.762783905772, 305.6969063439594, 302.0682527304106, 300.7644216602287, 338.15, 304.7896996772545, 338.15, 338.15, 308.3801990247239, 293.15], [338.15, 318.1567474472883, 312.43247051165395, 311.8375074467709, 311.73152391498826, 308.0262159212056, 301.1398444176291, 298.9391713826003, 305.31124976223856, 314.06738174691566, 318.8143346228592, 315.52132558852054, 310.77119252764896, 311.3640301645067, 311.91092858370376, 307.378456972786, 305.4846614457424, 304.79859269385724, 303.7826023440912, 307.01364866539774, 311.21182901909606, 310.4475323997433, 297.2556872933527, 293.15], [338.15, 315.5458300523036, 312.4818521393804, 311.9135434889359, 313.57384565118883, 308.20577579752677, 300.53458139690554, 300.0741892473629, 307.9174302521597, 316.1825502598851, 319.6836690203701, 313.9279489054959, 309.5940217553516, 312.6404383818136, 312.9637603292986, 306.9932248142801, 307.6838758740207, 305.8545570208164, 302.69398382151365, 308.61230415251345, 312.4741006347933, 309.8674505876857, 297.617609443605, 293.15], [338.15, 317.6983989952451, 312.2070893468581, 311.61866994982734, 311.5045050271708, 307.7945639049322, 300.91444355251366, 298.71230070140075, 305.0705094724793, 313.8135999506454, 318.55745028278716, 315.28067373805777, 310.5516247671599, 311.1468495334805, 311.6876198765828, 307.1578713576281, 305.25297987556576, 304.5558031852592, 303.5516730168153, 306.7846740957223, 310.977210576602, 310.22017388182235, 296.78574974912124, 293.15], [338.15, 317.5274825594036, 311.54966661379206, 310.53165757205284, 309.226524426186, 305.9990456928438, 300.1942685742123, 297.11348724727793, 301.8926938869654, 310.41703580942357, 316.11125701762325, 314.9068501108947, 310.80395021333817, 309.68758542993527, 309.549800816665, 306.0353552302402, 302.87104641272066, 302.02591758584833, 302.8367133265797, 305.033675587722, 308.5475720890053, 309.1254737727889, 294.47439494598035, 293.15], [338.15, 338.15, 338.15, 338.15, 338.15, 338.15, 338.15, 297.11348724727793, 301.8926938869654, 310.41703580942357, 316.11125701762325, 314.9068501108947, 310.80395021333817, 309.68758542993527, 309.549800816665, 306.0353552302402, 302.87104641272066, 302.02591758584833, 302.8367133265797, 305.033675587722, 338.15, 338.15, 338.15, 293.15], [338.15, 321.4447747973595, 313.45900057925496, 312.3723296788046, 311.10043049399593, 307.9256855697788, 302.0991753503401, 299.00520115797906, 303.85748848728383, 312.4885631673114, 318.2381320467351, 316.9562094528831, 312.69118029814956, 311.5029113870274, 311.39650464254936, 307.88810011087503, 304.78002988818776, 304.02556365597627, 304.7913142800868, 306.94200506554915, 310.48381524254944, 311.03914177283883, 298.4274739323428, 293.15], [338.15, 321.99929072415625, 313.7833952835298, 312.0802678360684, 309.86484500932505, 306.6283823697076, 301.683354579266, 298.35741536248884, 301.87898915233166, 309.87160359229114, 316.2087979414068, 316.61767239879805, 313.4174541552984, 311.25766372666544, 310.12177983970855, 307.06855972238145, 303.47007680568555, 302.223818624077, 304.15917179533955, 306.2094836271302, 308.95123573778767, 310.16961472523843, 297.5440034731631, 293.15], [338.15, 320.55283077493635, 313.54821934289987, 311.34338292640365, 308.3114554338941, 304.709111848418, 300.3149606426708, 297.1326933636461, 299.7045196068519, 306.82020900528494, 313.3056019251436, 315.0125074778381, 313.0995311452662, 310.690252380263, 308.5687599082423, 305.4688322744273, 301.68402911233164, 299.9322644406844, 302.4739663564866, 304.8573719624857, 307.0448857891422, 308.43468991126673, 295.15640726793185, 293.15], [338.15, 322.53201453869775, 314.0430810133861, 312.3281861695066, 310.11408534872214, 306.88498605511523, 301.94057060227686, 298.6115654373416, 302.1369781810701, 310.1410221321572, 316.4881428485309, 316.893595006915, 313.67569395162815, 311.502331726187, 310.36699752505723, 307.3168269212207, 303.7242769093649, 302.48820804227466, 304.421132575737, 306.46443212898714, 309.20694190470033, 310.42509716703825, 298.07562963150497, 293.15], [338.15, 322.4870747955041, 314.49827261787425, 312.24297127856266, 309.202985065458, 305.6216474630677, 301.23773254450765, 298.04700923897576, 300.6205783573805, 307.7662126520373, 314.289830258981, 316.00228617313354, 314.0430775007898, 311.58036897034634, 309.4458874085208, 306.35576166952416, 302.5896750313932, 300.8683332053567, 303.4116977176919, 305.77455377019425, 307.9564542002293, 309.3475666355579, 297.0733307727013, 293.15], [338.15, 320.5433509413205, 314.23744283346554, 311.68122029353674, 307.9344096883486, 303.8402854790745, 299.69858272569184, 296.7863636363636, 298.78636363636303, 305.04406204517375, 311.37547775944336, 313.989614027985, 313.30602992845945, 311.1030268082979, 308.234561289741, 304.7863636363638, 300.8807149441101, 298.7659486925516, 301.54827416973967, 304.3321349361531, 306.25751990049844, 307.57770151953423, 294.48255446752194, 293.15], [338.15, 324.2098274958022, 322.8150770714885, 322.38708516186955, 314.3390745368956, 309.90571839138835, 309.16793689770975, 305.1479497471709, 302.50194182315346, 305.099469468028, 309.67335500181343, 312.1496650341158, 312.7463766079002, 312.04998838139284, 309.5397273081464, 310.25605882798806, 306.12122030748725, 300.2052641061343, 306.1062743961748, 309.1827874432126, 307.7557915032872, 308.53034926300637, 300.1386210020889, 293.15], [338.15, 323.5506250848924, 321.54364734935814, 322.0096939634878, 315.54762818930243, 309.2567053216278, 307.25073305675187, 304.98810655518025, 303.2675867558363, 304.8255295528328, 308.41011888509513, 310.90463356558433, 312.1284786607738, 311.88100184426816, 309.32375555046553, 308.26540136629114, 305.3881844912753, 300.4127765293601, 304.02894485248385, 308.37418128068003, 308.1476262051995, 307.8731940725389, 298.6242890109667, 293.15], [338.15, 322.4093462681301, 320.1351884572212, 321.0587342956143, 315.9463721135276, 308.96140521662005, 305.5013033103963, 303.9747848036162, 303.4552126254146, 304.6484948148037, 307.2435616992014, 309.42056989350937, 311.0622005763043, 311.3211573985251, 308.8854378729789, 306.6359864372938, 303.99304847084437, 300.052194468176, 302.47320111287695, 306.8992867989405, 307.8879057692735, 307.3250283840302, 296.1418485263528, 293.40735387922155], [338.15, 319.79478294627296, 318.21856142283383, 319.23776012536786, 315.17726724466024, 308.1994384626997, 303.5524160686214, 302.02112698310793, 302.55256019370535, 303.9396352241761, 305.78636363636286, 307.42641515433854, 309.2324769088105, 309.9666120671583, 307.78636363636355, 304.7863636363638, 301.8832240220574, 298.69161099229314, 300.67366645259466, 304.7578786512394, 306.57825955615033, 306.06501410924363, 293.15, 293.15]]
    "τ_pipe_R" = [[330.25804480409124, 318.67483125633873, 310.61025471198144, 310.0864598222222, 312.617596406684, 308.0158975155603, 300.5456338001949, 299.4038635543935, 305.6874801383856, 313.0758215712859, 316.83868398396197, 311.97838489996013, 307.832480571523, 310.7856524920692, 311.72701038262915, 306.5686613266769, 307.4681767522828, 305.3134013575111, 300.685956425762, 306.1206868236064, 310.2076260859649, 308.0497783021839, 298.88354058530524, 293.5693604149047], [324.2048733980783, 325.32572137336405, 322.339690057019, 319.69951067317805, 318.89449791967377, 317.3414935941213, 314.13631218221894, 309.7267186533985, 306.3459618395894, 306.87957165919045, 310.61202769648855, 312.8122042320838, 312.24251107083876, 311.4310403688608, 310.8027167421517, 308.811649495492, 306.8861067373722, 304.8036850443233, 303.75782735215284, 305.90321523381004, 309.6445004682653, 313.00305356221656, 311.612658006657, 305.03704695424017], [326.3997528939611, 326.194573354927, 320.8856533468364, 317.8759327966919, 317.16887062311946, 315.4870448214121, 311.7597424914832, 306.0244149980089, 303.2137274202378, 306.6624050187212, 312.3179365513307, 314.0945596325596, 312.0924017873606, 310.65301543857476, 310.23704938819003, 308.124926134401, 305.8031314343579, 303.958119308871, 302.5904894987376, 303.8878391642625, 308.93771451950784, 313.47011291665126, 310.8023350700667, 302.72977736475906], [327.89693439767524, 327.783618646435, 321.9042354541323, 319.44625485935376, 318.80089197129735, 317.26224883349937, 313.97713485366694, 305.4820409258956, 301.5090199212939, 306.37828768777376, 312.8032899819508, 314.5045884838347, 312.00576660921877, 310.04993360758607, 309.57883727641496, 307.50115460167683, 304.64001451905307, 302.8579057276983, 302.33322211734946, 303.75295613797283, 310.95648497991044, 316.72487776990613, 312.99755292031034, 302.0469853537222], [330.53686033813, 323.34002769472715, 312.767192252746, 310.1717378505555, 308.97928330043925, 306.43084715028266, 301.5841394997373, 297.6838579108979, 299.80165490136403, 306.91867757989877, 313.4066829780301, 314.48071226336094, 311.43177903439215, 309.3813297386155, 308.92221515752505, 306.57357059427204, 303.34867894385246, 301.75090314217204, 302.0172176345184, 303.7287075855611, 306.7386462517551, 308.26223126051553, 298.94096645896934, 293.32274983020625], [330.53686033813, 336.73455366428124, 336.74163089595976, 336.74870812763845, 336.7345536642814, 336.70624473756686, 336.6779358108525, 310.0101665621232, 299.80165490136403, 306.91867757989877, 313.4066829780301, 314.48071226336094, 311.43177903439215, 309.3813297386155, 308.92221515752505, 306.57357059427204, 303.34867894385246, 301.75090314217204, 302.0172176345184, 303.7287075855611, 325.96571154860015, 336.72747643260266, 336.7345536642813, 307.506615301946], [325.06246019317535, 326.2795192495638, 323.48917210672965, 321.62528642832535, 321.099350787169, 319.73569543907234, 316.7318163865022, 311.3576959634247, 306.4186354386835, 306.55828123025856, 310.6771665661309, 313.10840685544974, 312.37575599843717, 311.3250258862584, 310.5675766478727, 308.4076672150266, 306.07912089288726, 304.0253770404116, 305.18443226286513, 308.88992741403456, 312.48957452901016, 315.85857495102226, 312.8362884103426, 304.0919422233634], [326.05333701095157, 328.2555291855029, 325.46690469294515, 323.8586108915981, 323.33296160151525, 322.16935729799786, 319.6784130192382, 311.847214571177, 304.51439555993534, 305.3811861149651, 310.81293916812893, 313.69009007371943, 312.6652439890513, 310.96729585967586, 309.92700025199423, 307.8290063834935, 305.0667388191152, 302.9492038517882, 307.2093749447339, 310.98688469323776, 314.1891307745968, 319.1214053814051, 314.3260620306029, 302.8417342137006], [327.6070392094124, 331.1612426464499, 328.98848959248403, 327.97455909523234, 327.5651807128153, 326.69420913424716, 325.0341623871269, 311.94355696497234, 301.9149282950535, 304.67763138918565, 311.20638496059115, 314.0526817794797, 312.68714681918465, 310.53028983435695, 309.2323572086318, 307.0806175375521, 303.9867779344489, 301.8181831570722, 311.9469231508639, 313.5864632392973, 317.28410500942044, 324.9441421855082, 315.9509463474041, 300.82603579101124], [330.3362845703641, 336.73455366428124, 336.74163089595976, 336.74870812763845, 336.7345536642814, 336.70624473756686, 336.6779358108525, 309.9060714482356, 298.8099013367878, 305.1191270859578, 311.79428414305283, 314.1219116873898, 312.2548743618142, 309.9010268904764, 308.47948655996333, 306.0981571705417, 302.7173437025694, 300.67083809127286, 324.54386438303015, 315.03840470240686, 325.88647918334414, 336.72747643260266, 317.39877793173997, 297.8387274356754], [330.3362845703641, 336.73455366428124, 336.74163089595976, 336.74870812763845, 336.7345536642814, 336.70624473756686, 336.6779358108525, 309.9060714482356, 298.8099013367878, 305.1191270859578, 311.79428414305283, 314.1219116873898, 312.2548743618142, 309.9010268904764, 308.47948655996333, 306.0981571705417, 302.7173437025694, 300.67083809127286, 324.54386438303015, 315.03840470240686, 325.88647918334414, 336.72747643260266, 317.39877793173997, 297.8387274356754], [321.3685915095428, 322.7996484075701, 321.87167611356045, 319.7716684497839, 317.670568030428, 315.014806525111, 311.4584485693685, 307.8576041579738, 305.60943123059826, 305.52665134480924, 307.2629135962727, 308.9842156315702, 309.87068097049297, 310.46754846298643, 310.60068361129106, 309.56691569489743, 308.15643669754104, 306.2770393067058, 304.4098405660582, 304.4225881422209, 305.9455475354441, 307.28356537598233, 306.0864735791646, 302.3923016205574], [323.34065104800635, 324.7235613025455, 321.17783805654784, 316.3675283314337, 312.84363072788864, 309.7425765944179, 305.77794551068376, 302.0842817305116, 301.03951591457974, 303.51986023749737, 308.0328437775751, 311.3700949409989, 312.28330041845305, 312.1133340455782, 311.35843718235566, 309.29056812241754, 306.8624758744427, 304.49476165103255, 302.7550593851288, 303.27406192650403, 305.39846122735605, 307.073020221015, 304.82375617463856, 299.67486058666606], [324.071707346346, 325.74881056591164, 320.8449941027774, 315.31910774034577, 311.812226544826, 308.8764026191962, 304.9995277343133, 301.18705119107676, 300.1944611844063, 303.2123068237611, 308.3862987719062, 312.12812676278776, 312.86499327149016, 312.07563123601244, 310.9060707743352, 308.76396908669733, 305.98403219589727, 303.5083551259131, 302.325338713633, 303.1840906723106, 305.4367884650963, 307.2939164005887, 304.3787815462133, 298.53018772295377], [325.24987671768343, 326.55731412666006, 319.88428156513606, 314.10308459301854, 310.8885842084752, 307.9607439415089, 304.0664082921386, 300.24568221417246, 299.5175179471008, 303.18721038382586, 308.93223733461923, 312.8058971962962, 313.24013041428356, 311.93101612474726, 310.38646208409403, 308.10490304338987, 305.0517161394403, 302.4934458860597, 301.91099641140465, 303.2541116092669, 305.57361202115726, 307.46101479751894, 303.55909132830215, 297.1126669211415], [328.3174273761659, 326.4844659912395, 316.96648096495267, 312.1665400686189, 309.6585850721406, 306.6727360349863, 302.6219034150615, 298.89436636784717, 299.1508803143579, 304.2755943640827, 310.7272054163067, 314.03663202523046, 313.3629222744207, 311.3064646736381, 309.5062319066571, 307.05564997023805, 303.76342333220407, 301.39429568728417, 301.80130246859915, 303.77021527261013, 306.13276818825716, 307.8808884603843, 301.5277893388386, 294.83147495449924], [330.24080311674606, 325.3050208317981, 315.047768287509, 311.3480011086495, 308.6485488383962, 305.295849440319, 301.2436178750606, 297.73552780765914, 298.3866516704194, 303.87188327714404, 310.41629564081575, 313.63818759567346, 312.957093956357, 310.77807277893106, 308.61064050660855, 305.8870106023942, 302.3937185547976, 300.0055653794085, 301.101685887352, 303.49639281816184, 305.70538140073165, 307.32555571826157, 299.1596046821964, 293.54423665363237], [326.4984639799259, 326.7630056620567, 318.8632400184831, 313.40386473992527, 310.3092354436559, 307.13013078896586, 303.143145572196, 299.4411669603998, 299.0496517916616, 303.12255263710864, 309.0636456763767, 312.90442755621166, 313.2715208845517, 311.8287109078084, 310.00804749354586, 307.4630827969582, 304.1660381219011, 301.5484494689071, 301.47417627379554, 303.2591068587726, 305.5931659171671, 307.3950070700853, 302.4616657490213, 295.8921280994441], [327.9388716607662, 326.59613210602885, 317.42600434791814, 312.55564498294956, 309.49645044685, 305.98620443842475, 301.97381534165066, 298.46788507514043, 298.3846099399306, 302.7854471643045, 308.9130903922567, 312.7957343554571, 313.19039307646256, 311.5925108658036, 309.3651285035427, 306.5161242600181, 303.02304473527306, 300.3488194357806, 300.8448782349123, 303.13342435903263, 305.40584156832057, 307.06941161638747, 300.87019240453225, 294.5649482494], [329.9580922169853, 325.2988635875179, 315.49234703648284, 311.7912584551633, 308.51336828419494, 304.6090908075182, 300.5611188183775, 297.3104115453316, 297.6778281576752, 302.4200829009483, 308.5858488167484, 312.34699111174206, 312.7590272975859, 311.1132352765685, 308.5276257543361, 305.335207944645, 301.65032316283884, 298.98715175063893, 300.12167307456406, 302.8546232066145, 305.0234063034535, 306.513232502223, 298.4436195697283, 293.3253996745694], [321.21758607423686, 322.68444646212686, 322.4071391815666, 321.43529301161385, 319.9808838373565, 317.5357794270551, 314.02787525313283, 310.2295344678443, 307.3422455652083, 306.35062863388487, 307.1484101552492, 308.2206185839147, 308.84795752534956, 309.52744864186644, 309.96206809280346, 309.3008486961851, 308.0863849412796, 306.3954369631818, 304.8693545220576, 305.20208016752684, 306.9348632762918, 308.0547666270128, 306.3138615789286, 302.4891692028858], [321.3880851290018, 323.50502815412324, 323.26470835031137, 321.9920268143584, 320.12270552624085, 317.45622841173525, 313.96345624812835, 309.86367242499665, 306.49393746214093, 305.45925046858576, 306.6010443698129, 308.1462552434833, 309.0455472077481, 309.63103190083837, 309.8881611259072, 309.19728493964493, 307.75982210895177, 305.8398904874357, 304.6563455721614, 305.4031573656198, 307.26166556554267, 308.22920815786426, 306.0561408082302, 301.858750346786], [321.6507653903887, 324.4209272509298, 324.1687317739704, 322.5605169613607, 320.31513128578786, 317.399907856537, 313.94179946296447, 309.44461182732647, 305.5976437141403, 304.63192801907184, 306.1050532727662, 308.01595291236765, 309.1774274370988, 309.7402968623305, 309.8027417673436, 309.0501762768832, 307.4600478896744, 305.24031609660943, 304.52247033102935, 305.8470488174794, 307.68660438530264, 308.23624233443206, 305.6175171299585, 301.1292632868408], [322.05181473666755, 325.4534345483695, 325.09340223987203, 323.1546406668418, 320.5741993222433, 317.41435588900515, 314.0275854365395, 308.86283625822506, 304.6569751132438, 303.94138082662175, 305.66431731272814, 307.82139275913215, 309.2140532477153, 309.81702607091256, 309.6978719544682, 308.89137463930354, 307.1715047385261, 304.57755781070483, 304.62890491170975, 306.5366130055045, 308.1523100122155, 308.0093348195421, 304.99509446479374, 300.31448906728895], [330.62452181503687, 336.73455366428124, 336.74163089595976, 336.74870812763845, 336.7345536642814, 336.70624473756686, 336.6779358108525, 310.6647241658106, 299.35535614849016, 304.86743206939826, 311.4504731353676, 314.6874942800431, 313.9742158620438, 311.74086658237314, 309.54341963989145, 306.81874110899884, 303.3394090042778, 300.9792416029765, 324.6018650668045, 336.70624473756686, 336.72039920092413, 318.0727196918251, 300.8365024246887, 294.22127886734415], [321.57293191297856, 325.2314237323501, 324.5312744359517, 322.0294605169584, 318.74963784825786, 314.92259057617423, 311.2409284126714, 307.5361140158937, 304.383091458411, 303.24134884987865, 304.40098487247155, 306.57534703665345, 308.46227282102654, 309.5619248167694, 309.5505189306428, 309.03682327229274, 307.36528131346864, 304.1970330193045, 302.60269159056065, 303.3573144690199, 304.72975583860205, 305.9750299114411, 304.7105434678705, 300.12727904997234], [323.60314929848596, 326.3253997712807, 324.14467470366117, 321.4733427037657, 317.9195139149176, 314.00971786043067, 310.33740144789147, 306.51091777635116, 303.6831054924724, 303.3382212278018, 305.1274085469953, 307.40787673888684, 309.1140645885815, 309.9932451493866, 309.63227579558094, 309.0304372275983, 306.8123547631141, 303.2371995117343, 302.53309650386154, 303.8703708544916, 305.2936054182569, 306.5383829634777, 304.129517958263, 298.52456523670264], [324.530486594428, 326.8538062792942, 323.29858246429166, 320.64741072016403, 317.6688599547158, 313.2118531905338, 309.00421066851925, 305.5882787544646, 303.3723252871405, 303.26929839797276, 305.0793988206903, 307.35867165952254, 309.1319484605666, 310.05086011278956, 309.4975799125913, 308.26459886306816, 306.0114008274487, 302.5482757917158, 301.7150777270485, 303.72483167164125, 305.6338623060129, 306.6018212319655, 303.23832420946854, 297.19435945516983], [325.9861279484115, 327.12901963605714, 321.92018095988954, 319.8090915633575, 317.3117654859837, 312.26754036441093, 307.58843400708685, 304.57580060288353, 303.05200823923127, 303.28647682967096, 305.1104610523266, 307.31125447157063, 309.1001447017753, 310.0394144427345, 309.24404909873795, 307.45609988225556, 305.0499216414548, 301.7158473325721, 301.06214589958154, 303.6681358396762, 305.94020198380116, 306.6159651733554, 301.87370911285154, 295.6738264071216], [330.10384505462525, 325.9862471296891, 319.38746552723353, 319.3799742233311, 316.35475997706, 310.1401557210652, 305.5927372568201, 303.4569139543916, 302.64977572882066, 303.30735651015493, 305.4142881076151, 307.67609237353633, 309.45270184115077, 310.16424789159515, 308.6649659939516, 306.3865647429511, 303.8975694911268, 300.45412198029504, 300.7637309831198, 304.44558775937855, 306.54423175975893, 306.5163588269396, 298.99755925183746, 293.7032127454898], [327.63144700485253, 326.6984184342084, 320.35094299583216, 319.1170666831323, 316.8251097526317, 311.35718445959634, 306.3486295195447, 303.57743995821716, 302.70402457922876, 303.3555039432811, 305.13523054030134, 307.09993618978064, 308.8373803264599, 309.8268891590213, 308.8481692722963, 306.6241914445928, 303.98964340349687, 300.78360793711363, 300.53090464934354, 303.5285186144092, 305.95823429995306, 306.4720956668332, 300.141531852888, 294.32682580335904], [329.72850302430794, 325.1980402026348, 318.23208572217027, 318.29817920434675, 315.97152123182775, 310.0824756416405, 304.76721479041396, 302.2536904329442, 302.11415987708136, 303.2051571068691, 304.86598013814717, 306.5350628535748, 308.2489678146999, 309.31836618416474, 308.12915371823516, 305.45057849542735, 302.5684055129622, 299.53624707551296, 299.8033422154382, 303.1236158713105, 305.64523131465114, 306.0184613518221, 297.5132867723022, 293.0328063490409], [324.04871022256145, 326.36941244588485, 323.8616397793086, 321.3153444204698, 317.5752272364052, 313.5828967654046, 310.12809728017606, 306.3586239769187, 303.44999953350873, 303.20010076717034, 305.21877204720175, 307.61458654959836, 309.2616297944405, 310.0055231529207, 309.50711945029866, 309.006441509045, 306.75150899986636, 302.99565424350965, 302.5573052814063, 304.0829920520045, 305.3562055208002, 306.50167587610173, 303.86762420905336, 298.1350296481663], [324.85196682332554, 326.6780659641019, 322.97643028563317, 320.52394627863055, 317.351163497999, 312.8175663735564, 308.83139609334387, 305.46998169004183, 303.15474747429874, 303.10796168236504, 305.091823542833, 307.441729392772, 309.1547538617691, 309.968481303274, 309.31946073137965, 308.1752474901701, 305.9236903182045, 302.3131623111966, 301.681403525024, 303.8427185101311, 305.5848707693238, 306.46127769031693, 302.92156035545304, 296.87569206426883], [325.9588818391441, 326.7824750908941, 321.67948798086536, 319.6488734066111, 317.0223610615873, 312.0217508461652, 307.47923210409647, 304.4367512521948, 302.8246217664883, 303.0902996441453, 304.98984008927255, 307.19188879315607, 308.93284578529295, 309.83282243933957, 309.03044459566354, 307.31669012571507, 304.90727845678776, 301.49867873597276, 300.93580610801973, 303.5564720319395, 305.7162000671821, 306.3803204438803, 301.56387994686344, 295.4926778521923], [327.4892288677069, 326.35596885203654, 319.95211702833683, 318.7929639321431, 316.5225447742741, 311.06430003893104, 306.0575162532644, 303.2822779528682, 302.41139600559745, 303.07372687715326, 304.8631378369272, 306.83055240644137, 308.56717963111817, 309.5581033227959, 308.5838496695624, 306.36003555260345, 303.7193669762256, 300.5090980195336, 300.254133368264, 303.2488975624873, 305.68040308859224, 306.1630570759444, 299.6432770324919, 294.1319240379584], [329.62229245640697, 324.81266138264533, 317.83502123945107, 317.99219233980534, 315.6716979384549, 309.7925564037163, 304.479877279812, 301.96199248184234, 301.82402440341895, 302.92583759804586, 304.59699675865136, 306.2690374743329, 307.9817841277337, 309.052216647789, 307.86746079008947, 305.1896535736777, 302.3014625747927, 299.2644383961458, 299.5294653121527, 302.8471147808084, 305.369992179389, 305.63488905896565, 297.08685985781915, 292.8926461207784]]
    "τ_pipe_S" = [[351.25348942318846, 347.42945872897985, 346.8232628806346, 344.80901798819934, 351.23492853818067, 345.98067784758064, 343.15, 346.82923596706036, 353.6422247439213, 356.5674041352995, 355.86551436331075, 346.22253574740427, 343.15, 347.7221423974378, 347.3963035275149, 343.15, 352.20165128147175, 349.39097313770037, 343.15, 350.60523254396463, 349.64816856626453, 344.7935326632177, 345.3852846502856, 343.15], [352.69545454545494, 348.7904570911843, 348.1656035545187, 346.1028881458265, 352.6765006681197, 347.3342914212734, 344.46696967900795, 348.23575187651835, 355.1813478289274, 358.14517200997113, 357.4109531779679, 347.5579797531514, 344.4145661427451, 349.07769256339526, 348.7507772746588, 344.43203398816604, 353.69862766400377, 350.8459064670553, 344.4611470638676, 352.0567624892659, 351.0677892259877, 346.10454279321965, 346.7030014163443, 344.4203887578854], [355.3523624069393, 349.45685587754525, 347.7575364253054, 346.19174440938866, 349.8462983255243, 348.47859446257655, 344.81091046516696, 346.3476654134443, 352.18367965615073, 356.444478385237, 356.9460393346687, 350.1999181293381, 344.87364874162347, 346.91764688638153, 348.23878667506295, 345.27118041920903, 349.9539256122939, 351.12188209326786, 345.9691054318279, 348.884567792069, 350.7445733033569, 347.14322279983526, 345.90230332877445, 344.5925956985896], [356.69993344686793, 350.6296248719559, 347.57072571049474, 345.9823063134644, 347.8681413908069, 348.15820026856886, 345.27807991615015, 345.0759370650378, 349.4341458361156, 354.177236314282, 355.92108664642365, 351.64431010169454, 345.9152611307974, 345.51048589711763, 347.0512562402191, 345.5215077212654, 347.61661623920236, 349.91943954889666, 346.91530938045173, 347.1483104593595, 349.34084694023875, 347.5838102454587, 345.5828070838727, 344.31096384294113], [356.2266583261017, 350.86437282534416, 346.91330297742877, 344.8952939356889, 345.5901607898228, 346.36268205648065, 344.55790493784923, 343.4771236109143, 346.25633025060233, 350.7806721730604, 353.47489338126036, 351.2704864745315, 346.1675865769746, 344.05122179357136, 344.91343718030146, 344.3989915938764, 345.234682776357, 347.3895539494856, 346.2003496902163, 345.39731195135886, 346.9112084526415, 346.489110136426, 344.6259100974962, 343.15], [356.2266583261017, 350.86437282534416, 346.91330297742877, 344.8952939356889, 345.5901607898228, 346.36268205648065, 344.55790493784923, 343.4771236109143, 346.25633025060233, 350.7806721730604, 353.47489338126036, 351.2704864745315, 346.1675865769746, 344.05122179357136, 344.91343718030146, 344.3989915938764, 345.234682776357, 347.3895539494856, 346.2003496902163, 345.39731195135886, 346.9112084526415, 346.489110136426, 344.6259100974962, 343.15], [355.45107369895754, 349.54750714150873, 347.84548850301684, 346.277179852572, 349.93748201482566, 348.56941216116365, 344.8982177605425, 346.43782561099925, 352.28106661579665, 356.546186623522, 357.04730538400713, 350.29158526913267, 344.95765811898804, 347.00407474544977, 348.32739669293505, 345.3568611779163, 350.047512237657, 351.2181933844537, 346.05762018515026, 348.97594051615033, 350.8377369984295, 347.2310869513228, 345.98809499447907, 344.67659680055044], [356.9582147203826, 350.86658937527284, 347.7961068752902, 346.201143810408, 348.09516027862526, 348.38985228484245, 345.5034807812658, 345.3028077462369, 349.6748861258753, 354.4310181105525, 356.1779709864955, 351.88496195215754, 346.13482889128534, 345.7276665281437, 347.2745649473402, 345.74209333642295, 347.8482978093792, 350.1622290574945, 347.1462387077273, 347.37728502903457, 349.575465382733, 347.8111687633796, 345.8021730861305, 344.5257394503475], [357.54676387930095, 352.08761047257275, 348.06059803618416, 346.00120744522894, 346.71736252778356, 347.5227876586752, 345.7051971809923, 344.6156273842015, 347.436785532683, 352.0239505618374, 354.75162046545233, 352.5015830809786, 347.30145141399896, 345.1418874203064, 346.0238463066968, 345.5141290695436, 346.3843061163129, 348.5933667340832, 347.37478502115914, 346.54294176710056, 348.07389167647705, 347.63875965427314, 345.73689284476785, 344.23392096249364], [356.5708089258527, 352.0863609833276, 347.7049677501991, 345.0666588286783, 344.8488569427118, 345.57625433569876, 344.6289684221156, 343.3168564012716, 344.8095374655882, 348.73343961379385, 352.01602366839955, 351.4475037872221, 347.3463342448633, 344.26198553839924, 344.1264202694084, 344.06054270759563, 344.43188909404694, 346.128058023866, 346.06813498928125, 345.15333604089136, 345.8917122355531, 346.11335041987803, 344.74383538836065, 343.15], [356.5708089258527, 352.0863609833276, 347.7049677501991, 345.0666588286783, 344.8488569427118, 345.57625433569876, 344.6289684221156, 343.3168564012716, 344.8095374655882, 348.73343961379385, 352.01602366839955, 351.4475037872221, 347.3463342448633, 344.26198553839924, 344.1264202694084, 344.06054270759563, 344.43188909404694, 346.128058023866, 346.06813498928125, 345.15333604089136, 345.8917122355531, 346.11335041987803, 344.74383538836065, 343.15], [352.8326623342286, 348.9199606228015, 348.2933317448889, 346.2260042049786, 352.81367106236314, 347.46309226564364, 344.5922837346313, 348.36958655450854, 355.3278005217722, 358.295301883391, 357.55800683354505, 347.6850517025558, 344.5348938271841, 349.20667768097593, 348.87965996740064, 344.5540237963331, 353.8410699575945, 350.98434822396825, 344.5859070782482, 352.1948804028396, 351.2028708646558, 346.22928977788644, 346.8283865597912, 344.5412704835671], [355.7555020388707, 349.8270781331875, 348.1169149105303, 346.5408448899745, 350.2183354599219, 348.84877731985875, 345.16675673916944, 346.7155225793954, 352.5817702392153, 356.8605767501031, 357.3601520072281, 350.57446903030484, 345.2169251301778, 347.2708004207409, 348.60049264503266, 345.6205636532014, 350.335416842696, 351.514680714325, 346.33096168021194, 349.25827585213483, 351.1254159577312, 347.5022421919442, 346.25285863193625, 344.93565850968207], [357.4946427977567, 351.3587443472162, 348.2644498822042, 346.65595571866066, 348.5662273246958, 348.86987205182834, 345.97039836515154, 345.7732692856066, 350.1752552784808, 354.95920278367885, 356.71247281829176, 352.38519948146853, 346.5911574943546, 346.1790372678327, 347.73817190266533, 346.19943431193343, 348.3283194184402, 350.6655070008578, 347.62617179293727, 347.8537015811289, 350.06341767729396, 348.28373764102963, 346.2580826546406, 344.97186952532235], [358.4227405169195, 352.8993088997408, 348.822636942892, 346.73596604244153, 347.46406685763304, 348.289321933415, 346.46281171397663, 345.3688375216158, 348.2211248509203, 352.85219953094753, 355.6017684103723, 353.3198458165202, 348.0548166617866, 345.86654775066427, 346.76014100618636, 346.25173647451106, 347.14366625182413, 349.3892000196129, 348.1549506437233, 347.30564142918536, 348.8474516061855, 348.402778136476, 346.47505462116794, 344.95337239659204], [358.215980550253, 353.63104765510917, 349.1470316471662, 346.44390419970455, 346.2284813729618, 346.9920187333444, 346.04699094290294, 344.7210517261252, 346.2426255159686, 350.235239955928, 353.5724343050439, 352.9813087624348, 348.78109051893483, 345.6213000903016, 345.485416203345, 345.43219608601765, 345.83371316932187, 347.5874549877143, 347.52280815897615, 346.57311999076705, 347.3148721014239, 347.53325108887555, 346.1263514861852, 344.4950004044237], [356.9074680580744, 353.3061698420415, 348.91185570653704, 345.7070192900404, 344.67509179753074, 345.07274821205425, 344.6785970063079, 343.4963297272829, 344.06815597048876, 347.1838453689222, 350.66923828878004, 351.37614384147463, 348.4631675089029, 345.0538887438998, 343.93239627187904, 343.83246863806374, 344.04766547596773, 345.29590080432126, 345.8376027201236, 345.2210083261217, 345.4085221527786, 345.79832627490316, 344.9625281493152, 343.4460522315425], [358.5125867789105, 353.90953755937176, 349.4067173770227, 346.6918225331426, 346.47772171235823, 347.24862241875155, 346.30420696591347, 344.97520180097825, 346.5006145447067, 350.5046584957936, 353.85177921216774, 353.25723137055115, 349.03933031526486, 345.865968089823, 345.73063388869394, 345.6804632848569, 346.08791327300145, 347.8518444059119, 347.78476893937415, 346.82806849262346, 347.57057826833653, 347.7887335306751, 346.3751882824542, 344.7373912861995], [357.977105962588, 354.32358137302657, 349.86190898151074, 346.60660764219875, 345.56662142909477, 345.9852838267045, 345.6013689081446, 344.41064560261214, 344.98421472101745, 348.1298490156742, 351.65346662261805, 352.36592253677037, 349.40671386442625, 345.9440053339825, 344.8095237721572, 344.71939803316036, 344.95331139502946, 346.231969568994, 346.7753340813285, 346.1381901338311, 346.3200905638655, 346.711202999195, 345.8592959722215, 344.3204713874253], [356.4621379236287, 353.6784015522377, 349.60107919710185, 346.0448566571735, 344.29804605198535, 344.2039218427114, 344.0622190893288, 343.15, 343.15, 345.4076984088106, 348.73911412308047, 350.3532503916217, 348.6696662920959, 345.46666317193404, 343.59819765337744, 343.15, 343.24435130774634, 344.1295850561889, 344.9119105333763, 344.69577129979, 344.62115626413464, 344.94133788317134, 344.5221088704378, 343.245966355942], [355.8615291456234, 349.9244478570055, 348.2113856651652, 346.63261249411573, 350.3162765437771, 348.9463247631648, 345.2605336118706, 346.81236431720373, 352.686375388092, 356.9698239666993, 357.4689240002809, 350.67293018235085, 345.3071609781267, 347.3636339919344, 348.6956695768393, 345.712593703851, 350.43593842694236, 351.618129160772, 346.42603707471324, 349.35642129343523, 351.2254848421683, 347.5966185038572, 346.34500885940787, 345.0258852063736], [357.7344105004329, 351.57872326323644, 348.4736957714232, 346.8591271813755, 348.7769336789701, 349.08483881761356, 346.17956167751163, 345.98383709660544, 350.3987789877837, 355.1948739927311, 356.9510045458136, 352.6086220314836, 346.79500687541037, 346.38067062858136, 347.94545404094976, 346.4041481263289, 348.5433134276905, 350.89083256021036, 347.8405875963574, 348.0663237232271, 350.2812593127012, 348.4948195309738, 346.461744739472, 345.1712502348587], [358.83013866008685, 353.27681261141424, 349.1769706528162, 347.0775618840853, 347.81143258701604, 348.64621010066026, 346.81567942063907, 345.7195261262043, 348.5858925753789, 353.2370202612127, 355.9967113231029, 353.7001406815468, 348.40503889033357, 346.2034380455834, 347.1025910247006, 346.59504658052447, 347.4972863687386, 349.7597771013769, 348.51782764620964, 347.6600600377611, 349.2068998465023, 348.7579045829483, 346.8182150949682, 345.2879145571253], [359.3985187340176, 354.7413579377824, 350.18311875035766, 347.4332320400095, 347.22085323927735, 348.01178491008835, 347.068842250745, 345.73214433379775, 347.2723243111607, 351.31265503005216, 354.6890485101042, 354.0826575783431, 349.81161290807347, 346.59768383728493, 346.46249727442864, 346.41962878866326, 346.8437110931348, 348.63863833418867, 348.568185792224, 347.5920827703726, 348.33633787714484, 348.5529363150045, 347.11937044214517, 345.4615584117374], [358.0693928298168, 354.4113622215556, 349.94538304526174, 346.6860716929655, 345.64093602663075, 346.0573738749083, 345.67347341786365, 344.48489541475425, 345.0653126177216, 348.2180366541661, 351.744385885415, 352.45410652784807, 349.49017023166334, 346.02272666412625, 344.88410532316897, 344.7911276342903, 345.02434254592123, 346.306656372986, 346.85796258810285, 346.22232605569485, 346.4028872503323, 346.7923477483317, 345.9386513783501, 344.3963288155448], [359.5628391069231, 355.83188916513416, 351.2714031137411, 347.9416386526856, 346.8866329314876, 347.3332995145884, 346.9636738154678, 345.76236637201777, 346.3433899127678, 349.537033035104, 353.1172310737203, 353.83561745542994, 350.80711606907806, 347.2650704765898, 346.1092336720821, 346.0308481462471, 346.2906394190997, 347.61496052720156, 348.1662927804646, 347.50153985897305, 347.6747366451757, 348.066478803479, 347.1902829533486, 345.6172156687495], [356.0111743266526, 358.5918568117459, 359.15512779838735, 356.70455740319954, 348.7704341288675, 352.0977463624809, 355.39644291639974, 350.69411751658794, 345.9945775262164, 346.20130521666175, 348.47048768796424, 349.5691065256663, 348.40413167216, 346.41084279278743, 345.1222859295202, 351.4126569956185, 348.08035390770124, 345.3396170795683, 352.6151844493828, 349.08045862606997, 345.64426636593834, 347.01614860049904, 348.183456949781, 345.70226116690924], [357.09092118062404, 357.12486141712793, 358.35278667425797, 356.9208311243685, 350.8597625377036, 350.42778359108655, 353.70015497297123, 351.67692087664403, 347.01916824002836, 345.61104587430117, 347.18658721391546, 348.66551885759253, 348.26065174429857, 346.5596751966599, 345.0463647205561, 348.7730916078309, 348.640412266101, 345.7196766472845, 349.6289222342196, 349.7037804031087, 346.26744098356517, 346.04074679256536, 347.26843217547787, 346.01369622340206], [357.4936676085126, 356.411649087578, 357.23631316344836, 356.698769299717, 352.21839419234686, 349.921518951921, 351.9293318242394, 351.668528840044, 347.9300358753796, 345.4727844285947, 346.05608683531153, 347.5554910442492, 347.7790496948096, 346.52476130023274, 344.9612404171957, 346.91466885472386, 348.04707025631996, 346.06675547057, 347.68906714397525, 349.03704396082867, 346.79782643323733, 345.51616443302726, 346.25461642359613, 345.8314088803438], [356.29774293029806, 354.87762291334525, 355.06893671081883, 354.9946876419063, 351.8959159132948, 348.9207405045287, 349.45060417556226, 349.9191026431125, 347.4203724684111, 344.63857884408117, 344.2406667585932, 345.4110519279188, 346.0502715008969, 345.3152779624462, 343.8853424209838, 344.6251205030257, 345.9667027174435, 345.02699014880085, 345.45173497542083, 346.8753443618842, 345.8728672648441, 344.32029574359746, 344.39077875954604, 344.3557172182857], [357.0664743272498, 355.6314298464552, 355.821864160724, 355.7439447294206, 352.6183872002778, 349.623505015147, 350.1704974084963, 350.6496995795156, 348.11892939220076, 345.2963408435715, 344.8855768110764, 346.0653718495853, 346.7084191144362, 345.9628112533473, 344.5207381506067, 345.27696095114214, 346.6442024795904, 345.70328436242886, 346.1267128451598, 347.55661319579303, 346.5378206549712, 344.96604264077916, 345.0343763268845, 344.9989463134538], [355.6350199701124, 354.2321298170026, 353.89685830609403, 353.9151705792038, 351.8456313385712, 348.857077227094, 348.2114426115519, 348.68617307033674, 347.2121908829103, 344.5853211064337, 343.4231081818246, 344.06307616359453, 344.87096304313957, 344.6025934371336, 343.41673589292, 343.41835800947973, 344.52367281212224, 344.33532397992036, 344.3189316261201, 345.40640799025925, 345.2232138773753, 343.8785481376838, 343.4195661983961, 343.4187457569306], [355.9413675411893, 358.5195775277228, 359.08257232788895, 356.6346132453735, 348.7075645469595, 352.0306350642112, 355.3251173178598, 350.6267701752067, 345.9322596606194, 346.13984317680524, 348.4076420067257, 349.50547175223926, 348.3418765088834, 346.35076083021244, 345.06317503483103, 351.34672901094837, 348.0165646464896, 345.27766324622354, 352.5467869889233, 349.01623812882906, 345.5838649571281, 346.9546962914867, 348.12114973857854, 345.642331138113], [356.91922648540987, 356.95308791090537, 358.17871343512485, 356.7507215255066, 350.7027109005324, 350.26935475502523, 353.5315732613467, 351.5115861108073, 346.8655781867904, 345.4631058316649, 347.03699136545055, 348.51330139775257, 348.1100129715366, 346.4136247450289, 344.9033636717828, 348.61969519162426, 348.4848566711235, 345.5689004697715, 349.46991075981146, 349.5464238068495, 346.1194278669234, 345.8939856266435, 347.11945882415387, 345.8677234252441], [357.16253471182756, 356.08533559163857, 356.90728371299497, 356.37333032712377, 351.9112645529392, 349.6203416852641, 351.61436942038813, 351.3517429188175, 347.63122311947296, 345.18916591646956, 345.77375524873173, 347.268269929221, 347.49211502441045, 346.24463820790413, 344.68739191410265, 346.6290377299279, 347.7518208549122, 345.77641289299686, 347.3925812161202, 348.737817644317, 346.5112625688361, 345.2368304361754, 345.97324683320477, 345.5521919965229], [356.73724418507254, 355.3085915120954, 355.4988248208583, 355.4223706592509, 352.3100084771644, 349.3250415802569, 349.8649396740334, 350.33842116725265, 347.81884898905173, 345.0121311784401, 344.6071980628383, 345.78420625714614, 346.4258369399404, 345.68479376216135, 344.24907423661625, 344.99962280093087, 346.3566848344811, 345.41583083181285, 345.83683747651315, 347.2629231625775, 346.2515421329099, 344.6886647476667, 344.7580350110442, 344.72334987935545], [355.3121656450423, 353.91552408169235, 353.582197786471, 353.6013964890049, 351.54090360829707, 348.5630748263365, 347.91605243225837, 348.3847633467443, 346.9161965573423, 344.3032715878129, 343.15, 343.7900515179753, 344.5961132724469, 344.3302484307944, 343.15, 343.15, 344.24686038569365, 344.0552473559304, 344.03730281623126, 345.12151501487625, 344.94189591978653, 343.6054181496483, 343.15, 343.15]]
    "τ_src" = [[348.0036843773002, 349.68927738315085, 347.90227166988205, 345.68370091880877, 356.7082571563404, 343.15, 345.614537522323, 350.0686968392696, 358.3092574335876, 358.64906492277214, 357.365826887793, 343.15, 345.5164711176969, 351.36171392473625, 347.94831983847786, 343.15, 359.52887358576595, 347.04474146963054, 343.65627052032715, 356.79606312099514, 348.73085677498614, 345.2782556085518, 347.9047347697552, 343.15], [343.15, 373.15, 373.15, 373.15, 343.15, 373.15, 373.15, 354.93757112405854, 343.15, 343.15, 343.15, 343.15, 343.15, 344.1077668734217, 343.5975713075866, 373.15, 343.15, 343.15, 373.15, 343.15, 343.15, 348.31586538713645, 352.2426294003549, 343.15]]

[scenarios.train_001785]
case_sha256 = "651126c0b653097080d348337f67ef3552d9bed2f284809c494191b659c013f9"
run_id = "r5-risk-3a0e6d71-402f-4772-88ea-362453d485c6/train_001785"
schema = "r5-dispatch-result-v1"
solver_objective = 370276.2063224566
status = "embedded_risk_policy"
version = "r5_dispatch_checked_v1"

    [scenarios.train_001785.values]
    H_D = [[0.05842424242424471, 0.1460606060606071, 0.14204393939393967, 0.138027272727272, 0.1460606060606069, 0.1621272727272718, 0.17819393939394068, 0.18622727272727535, 0.17819393939394068, 0.16212727272727134, 0.1500772727272741, 0.1460606060606071, 0.1420439393939399, 0.15055204829347857, 0.13130841748004873, 0.2173468957696445, 0.13110942931602132, 0.31177414867429176, 0.11380171977738551, 0.24472299997422464, 0.0378780789031854, 0.15007727272727434, 0.19830125810652888, 0.20352532854938943], [0.060459660271778404, 0.14431596219129306, 0.14204393939393944, 0.1380272727272751, 0.146060606060608, 0.162127272727274, 0.17819393939393957, 0.18622727272727246, 0.17819393939393957, 0.162127272727274, 0.15007727272727167, 0.14606060606060844, 0.14204393939393922, 0.141878668409384, 0.13874274309498968, 0.19079418316767316, 0.13870325425454832, 0.31943633046578435, 0.1210524735596823, 0.23598176629413814, 0.043404352834341964, 0.1500772727272719, 0.19228157755718445, 0.2086850547345378], [0.07044022376731363, 0.1357611934808305, 0.1420439393939419, 0.13802727272727378, 0.14606060606060534, 0.16212727272727379, 0.17819393939394224, 0.18622727272727357, 0.178193939393942, 0.16212727272727356, 0.15007727272727367, 0.14606060606060556, 0.1420439393939421, 0.13802727272727378, 0.1420439393939419, 0.19484037296733914, 0.1352350915691236, 0.24679976845068174, 0.12355605233160682, 0.15806362804549878, 0.15409393939394223, 0.15007727272727345, 0.19122550709201547, 0.20959025799039566], [0.07849596169179662, 0.12885627525985233, 0.14204393939393944, 0.13802727272727489, 0.14606060606060778, 0.16212727272727467, 0.17819393939394024, 0.18622727272727246, 0.178193939393942, 0.1621272727272749, 0.15007727272727567, 0.1460606060606069, 0.14204393939393967, 0.29744237795600026, 0.12452361084990238, 0.21975782241986486, 0.15926490380072722, 0.12803442577232826, 0.12296933609875116, 0.16212727272727467, 0.154093939393942, 0.15007727272727567, 0.1951114659971065, 0.206259436071754], [0.07437061948172641, 0.05701266475901745, 0.03972343548712365, 0.13802727272727155, 0.14606060606060756, 0.16212727272727467, 0.1781939393939418, 0.18622727272727269, 0.1781939393939418, 0.16212727272727467, 0.15007727272727545, 0.14606060606060778, 0.14204393939393967, 0.2848276546819355, 0.11311876715882785, 0.21728147195029468, 0.11876393819278008, 0.11881747838414469, 0.17417727272727368, 0.09959134584357754, 0.14830240470100864, 0.1500772727272759, 0.20144191919192211, 0.2008333333333332], [0.06101479394492415, 0.1438401333285979, 0.14204393939393967, 0.13802727272727155, 0.14606060606060778, 0.16212727272727445, 0.17819393939394157, 0.18622727272727269, 0.1781939393939418, 0.16212727272727467, 0.15007727272727545, 0.14606060606060778, 0.14204393939393967, 0.1410533673970935, 0.13945014396266475, 0.18995117578092025, 0.13942583201462, 0.32016541260831133, 0.12174240695546823, 0.23424125867222645, 0.04393019622302208, 0.15007727272727567, 0.19170878488380794, 0.2091760198831487], [0.07206700585109971, 0.13436680883759178, 0.1420439393939441, 0.13802727272727644, 0.14606060606060578, 0.16212727272727312, 0.17819393939394312, 0.18622727272727224, 0.17819393939393935, 0.1621272727272729, 0.150077272727273, 0.14606060606060667, 0.14204393939394433, 0.13802727272727644, 0.1420439393939401, 0.19248058177238514, 0.13725776973622517, 0.3179766419251049, 0.12552402106464555, 0.10408358453765332, 0.15409393939393867, 0.1500772727272741, 0.18959857878649866, 0.21098476796655063], [0.07859619677215335, 0.12877035947668958, 0.14204393939393967, 0.13802727272727155, 0.14606060606060778, 0.16212727272727467, 0.17819393939394157, 0.1862272727272729, 0.1781939393939418, 0.16212727272727467, 0.15007727272727567, 0.14606060606060778, 0.1420439393939399, 0.13802727272727178, 0.16457499762449812, 0.13478160376774517, 0.2894784465140541, 0.13485389541408077, 0.12710665213196104, 0.1621272727272749, 0.15409393939393845, 0.15007727272727567, 0.1902537629367793, 0.21042318155203432], [0.07249485512216225, 0.13400008089096271, 0.14204393939394144, 0.13802727272727355, 0.146060606060606, 0.16212727272727334, 0.17819393939393935, 0.18622727272727446, 0.17819393939394157, 0.16212727272727445, 0.15007727272727167, 0.14606060606060933, 0.14204393939394167, 0.15032846513401443, 0.15663989685386626, 0.170310635790206, 0.1377904964961596, 0.3185141623566412, 0.12604122586527433, 0.10324535316700056, 0.15409393939393978, 0.15007727272727234, 0.1891706910586166, 0.21135152887616826], [0.07956215085420126, 0.1279423988349364, 0.1420439393939399, 0.13802727272727355, 0.14606060606060955, 0.16212727272727578, 0.17819393939393957, 0.18622727272727446, 0.17819393939393957, 0.1621272727272729, 0.150077272727273, 0.14606060606060867, 0.14204393939393944, 0.13802727272727378, 0.16323020889761186, 0.13593427981936346, 0.28654117773106624, 0.13603174122897, 0.1282550633965054, 0.16212727272727134, 0.15409393939394223, 0.15007727272727545, 0.18931089413520308, 0.21123135481052557], [0.08366095269741791, 0.12442914011217132, 0.14204393939394255, 0.13802727272727155, 0.14606060606060756, 0.16212727272727512, 0.17819393939394157, 0.18622727272727602, 0.17819393939394157, 0.16212727272727556, 0.15007727272727567, 0.14606060606060733, 0.14204393939394144, 0.3032348025375575, 0.13045908017586316, 0.22161061855869035, 0.1342034064797062, 0.13420454189900233, 0.1290426514075289, 0.16212727272727556, 0.15409393939393867, 0.15007727272727323, 0.19015075327264674, 0.2105114755498576], [0.08574323669316541, 0.12264432525867397, 0.14204393939393967, 0.13802727272727155, 0.14606060606060778, 0.16212727272727467, 0.17819393939394157, 0.1862272727272729, 0.17819393939394157, 0.1621272727272749, 0.15007727272727567, 0.14606060606060756, 0.14204393939393967, 0.25965056244595264, 0.1259341029925516, 0.19101525846122458, 0.13205367799382128, 0.13224356744755195, 0.17417727272727368, 0.16212727272727467, 0.15409393939393867, 0.1500772727272759, 0.19060969963469931, 0.21011809295381312], [0.0802661303937442, 0.06614285436494671, 0.04863394479592453, 0.13802727272727178, 0.14606060606060778, 0.1621272727272749, 0.1781939393939418, 0.18622727272727269, 0.178193939393942, 0.1621272727272749, 0.15007727272727545, 0.14606060606060756, 0.14204393939393967, 0.284541504505915, 0.12132991627340006, 0.1200003356178414, 0.12233663892464341, 0.18221060606060946, 0.1741772727272739, 0.10887558572940748, 0.1540939393939389, 0.15007727272727567, 0.1959404742001909, 0.2055488576119615], [0.09862713117698974, 0.11160098712968636, 0.14204393939393967, 0.13802727272727155, 0.23758134807268272, 0.24477712378397243, 0.04011148109182927, 0.18622727272727269, 0.1781939393939418, 0.16212727272727467, 0.15007727272727567, 0.14606060606060756, 0.14204393939393967, 0.138027272727272, 0.14204393939393967, 0.15409393939393867, 0.26983776952455707, 0.09677303737722243, 0.17417727272727368, 0.1621272727272749, 0.15409393939393867, 0.15007727272727567, 0.1939710834159114, 0.20723690685563056], [0.09893357308206419, 0.11133832263961652, 0.1420439393939419, 0.13802727272727422, 0.23784770789985354, 0.24505462152001622, 0.039677932954996775, 0.18622727272727424, 0.17819393939393824, 0.16212727272727645, 0.15007727272727256, 0.14606060606060467, 0.14204393939394167, 0.138027272727274, 0.1420439393939421, 0.15409393939394067, 0.2701414189597464, 0.09651276643277251, 0.17417727272727523, 0.16212727272727623, 0.15409393939394045, 0.15007727272727256, 0.19369428059037874, 0.20747416642036853], [0.09405934828428997, 0.11551622960914565, 0.14204393939394144, 0.13802727272727422, 0.23268485599961264, 0.24031546291678807, 0.047533184582436494, 0.18622727272727202, 0.17819393939393957, 0.16212727272727356, 0.1500772727272719, 0.146060606060606, 0.14204393939393856, 0.138027272727276, 0.14204393939393967, 0.15409393939393867, 0.17016060606060868, 0.18221060606060546, 0.17417727272727168, 0.162127272727274, 0.15409393939393978, 0.150077272727273, 0.19266282136875978, 0.20835827432461684], [0.08956996836145592, 0.11936426954300328, 0.14204393939394255, 0.13802727272727155, 0.22959243394607376, 0.09052856311116297, 0.1781939393939418, 0.1862272727272729, 0.1781939393939418, 0.16212727272727467, 0.15007727272727567, 0.14606060606060778, 0.1420439393939399, 0.138027272727272, 0.14204393939393967, 0.15409393939393867, 0.170160606060606, 0.1822106060606099, 0.17417727272727368, 0.1621272727272749, 0.15409393939393867, 0.15007727272727545, 0.1911736717736372, 0.20963468826329645], [0.0806050005638781, 0.12704852765520713, 0.1420439393939421, 0.13802727272727489, 0.22447868268124038, 0.09491177848101695, 0.17819393939394224, 0.18622727272727158, 0.1781939393939418, 0.16212727272727312, 0.15007727272727167, 0.14606060606060933, 0.1420439393939421, 0.1380272727272751, 0.14204393939394233, 0.1540939393939389, 0.1701606060606078, 0.18221060606060924, 0.174177272727275, 0.16212727272727312, 0.1540939393939389, 0.15007727272727167, 0.1938490280691696, 0.20734152572426723], [0.08377378148829706, 0.12433242971999459, 0.1420439393939399, 0.13802727272727155, 0.2272599194077769, 0.09252786128684387, 0.17819393939394157, 0.18622727272727269, 0.17819393939394157, 0.16212727272727445, 0.15007727272727567, 0.14606060606060778, 0.14204393939393967, 0.13802727272727178, 0.14204393939393967, 0.15409393939393867, 0.17016060606060557, 0.18221060606060968, 0.17417727272727368, 0.16212727272727467, 0.15409393939393867, 0.1500772727272759, 0.19081436795048057, 0.20994266296885655], [0.0752928727306248, 0.13160178008371237, 0.14204393939394278, 0.13802727272727155, 0.14606060606060778, 0.16212727272727445, 0.1781939393939418, 0.18622727272727246, 0.1781939393939389, 0.16212727272727356, 0.15007727272727522, 0.1460606060606051, 0.1420439393939419, 0.13802727272727267, 0.1420439393939419, 0.15409393939394045, 0.17016060606060646, 0.18221060606060635, 0.174177272727275, 0.16212727272727467, 0.15409393939393912, 0.15007727272727478, 0.19310921170183448, 0.20797565403912444], [0.07437061948172641, 0.05701266475901745, 0.03972343548712365, 0.13802727272727155, 0.14606060606060756, 0.16212727272727467, 0.1781939393939418, 0.18622727272727269, 0.1781939393939418, 0.16212727272727467, 0.15007727272727545, 0.14606060606060778, 0.14204393939393967, 0.2848276546819355, 0.11311876715882785, 0.21728147195029468, 0.11876393819278008, 0.11881747838414469, 0.17417727272727368, 0.09959134584357754, 0.1540939393939389, 0.1500772727272759, 0.20144191919192211, 0.2008333333333332], [0.07643508464037296, 0.13062274130392715, 0.14204393939393878, 0.13802727272727555, 0.14606060606060844, 0.16212727272727467, 0.17819393939394068, 0.18622727272727357, 0.17819393939394046, 0.16212727272727423, 0.15007727272727256, 0.14606060606060867, 0.14204393939393944, 0.13802727272727555, 0.16758056928934728, 0.13220539948359122, 0.2960472415565687, 0.13222209152634368, 0.12453643053512087, 0.16212727272727467, 0.15409393939394178, 0.15007727272727234, 0.1923635037678404, 0.20861483226826394], [0.07083855166316866, 0.1354197695701036, 0.14204393939393967, 0.13802727272727178, 0.14606060606060756, 0.16212727272727467, 0.1781939393939418, 0.18622727272727269, 0.17819393939394135, 0.1621272727272749, 0.15007727272727545, 0.14606060606060778, 0.1420439393939399, 0.13802727272727178, 0.14204393939393967, 0.1942617380105982, 0.13573106438918203, 0.31643545374795723, 0.12403756830884327, 0.10648998841766955, 0.15409393939393867, 0.15007727272727567, 0.19082714339284834, 0.20993171258968601], [0.07539454478582286, 0.13151463260782426, 0.14204393939394055, 0.13802727272727577, 0.1460606060606051, 0.16212727272727379, 0.17819393939394002, 0.18622727272727557, 0.17819393939393957, 0.16212727272727356, 0.15007727272727323, 0.14606060606060756, 0.14204393939394366, 0.13802727272727555, 0.16902949949986845, 0.1309634593031459, 0.2992113850586027, 0.13095303561657357, 0.12329951588485866, 0.16212727272727578, 0.15409393939394112, 0.15007727272727278, 0.19337917485157452, 0.20774425705363342], [0.07318314628445322, 0.133410117037573, 0.14204393939394078, 0.13802727272727178, 0.14606060606060778, 0.16212727272727467, 0.1781939393939418, 0.1862272727272729, 0.1781939393939418, 0.16212727272727445, 0.15007727272727567, 0.14606060606060756, 0.14204393939393967, 0.2914892609041244, 0.11841509154272156, 0.26608450288662633, 0.14371226160784611, 0.12167157423756914, 0.11672750854459735, 0.1621272727272749, 0.15409393939393867, 0.15007727272727567, 0.20021303936873003, 0.2018866588960755], [0.07318314628445566, 0.05234693557291048, 0.03659351028500657, 0.07817958858687657, 0.14606060606060778, 0.16212727272727467, 0.1781939393939418, 0.1862272727272729, 0.1781939393939418, 0.16212727272727445, 0.15007727272727567, 0.14606060606060756, 0.14204393939393967, 0.2914892609041244, 0.11841509154272156, 0.26608450288662633, 0.14371226160784722, 0.12167157423756914, 0.11672750854459735, 0.09498521273291471, 0.06221314333579242, 0.03510292515769353, 0.2002130393687349, 0.20188665889607105], [0.08202136325194331, 0.1258345024940115, 0.1420439393939421, 0.13802727272727533, 0.14606060606060933, 0.16212727272727223, 0.17819393939394002, 0.18622727272727424, 0.17819393939394024, 0.16212727272727223, 0.1500772727272761, 0.1460606060606091, 0.14204393939394233, 0.30139640574241056, 0.12857486682943664, 0.23256975889518294, 0.13226270451267674, 0.13224464371370326, 0.12711461527867152, 0.16212727272727245, 0.15409393939393823, 0.15007727272727633, 0.1917253059421855, 0.20916185897596762], [0.08098724862713169, 0.1267208864581384, 0.14204393939393967, 0.13802727272727155, 0.14606060606060778, 0.16212727272727467, 0.17819393939394157, 0.18622727272727269, 0.178193939393942, 0.16212727272727445, 0.15007727272727567, 0.14606060606060756, 0.1420439393939399, 0.29206958276351447, 0.12057420485652859, 0.18593110751220476, 0.12649040286749647, 0.12662373326781196, 0.17417727272727368, 0.1621272727272749, 0.1540939393939389, 0.1500772727272759, 0.19513909785230488, 0.2062357516244404], [0.07559508676259696, 0.1313427394848774, 0.14204393939394322, 0.13802727272727444, 0.14606060606060733, 0.16212727272727223, 0.1781939393939418, 0.18622727272727446, 0.17819393939394157, 0.16212727272727667, 0.15007727272727278, 0.1460606060606069, 0.14204393939394055, 0.2795307306112105, 0.13914506562554574, 0.11470234250680345, 0.11694456749361515, 0.18221060606060835, 0.17417727272727523, 0.16212727272727134, 0.15409393939393934, 0.150077272727273, 0.2003883184586721, 0.20173641967612], [0.08218015360320052, 0.12569839647864356, 0.14204393939394078, 0.1380272727272711, 0.1460606060606051, 0.16212727272727268, 0.17819393939394024, 0.18622727272727424, 0.17819393939394068, 0.16212727272727268, 0.15007727272727456, 0.1460606060606049, 0.14204393939394078, 0.2933736100693025, 0.12191916421743487, 0.18026560888248166, 0.12788929032242802, 0.12803624108059286, 0.17417727272727612, 0.16212727272727268, 0.1540939393939389, 0.15007727272727478, 0.19400322724797925, 0.20720935499956994], [0.0798951287644698, 0.12765698919755786, 0.1420439393939399, 0.13802727272727178, 0.14606060606060756, 0.16212727272727467, 0.1781939393939418, 0.1862272727272729, 0.17819393939394157, 0.16212727272727445, 0.15007727272727567, 0.14606060606060778, 0.14204393939393967, 0.2841364077972217, 0.12269454965644133, 0.11959726236907464, 0.12193464712200797, 0.18221060606060946, 0.17417727272727368, 0.16212727272727445, 0.15409393939393867, 0.15007727272727567, 0.19629553296344304, 0.20524452152917405], [0.07372019290917464, 0.13294979135923812, 0.142043939393939, 0.13802727272727422, 0.14606060606060756, 0.16212727272727445, 0.1781939393939418, 0.18622727272727269, 0.1781939393939418, 0.16212727272727467, 0.15007727272727567, 0.14606060606060778, 0.14204393939393967, 0.27188901265452414, 0.1590399060835217, 0.10882074419226528, 0.11218159719538723, 0.1822106060606099, 0.17417727272727368, 0.1621272727272749, 0.15409393939393912, 0.1500772727272759, 0.20015614532957837, 0.20193542521533914], [0.09332795746546196, 0.11614313602528004, 0.14204393939393967, 0.13802727272727555, 0.23205197928392995, 0.2396553067539442, 0.048564003370277, 0.18622727272727246, 0.1781939393939418, 0.16212727272727445, 0.15007727272727567, 0.14606060606060756, 0.14204393939393967, 0.138027272727272, 0.14204393939393967, 0.15409393939393867, 0.17016060606060557, 0.1822106060606099, 0.17417727272727368, 0.1621272727272749, 0.15409393939393867, 0.1500772727272759, 0.19333609063384571, 0.20778118638311938], [0.088187034990721, 0.12054964100362686, 0.14204393939394233, 0.1380272727272711, 0.22839293985445575, 0.09155670090397394, 0.1781939393939389, 0.18622727272727624, 0.17819393939394046, 0.16212727272727423, 0.15007727272727345, 0.14606060606060733, 0.14204393939394078, 0.13802727272727133, 0.14204393939394233, 0.1540939393939409, 0.170160606060608, 0.18221060606060746, 0.174177272727273, 0.16212727272727556, 0.15409393939394023, 0.150077272727273, 0.19247188149541983, 0.2085219370731899], [0.08241666481736232, 0.12549567258079208, 0.14204393939394233, 0.13802727272727355, 0.22607295347984313, 0.09354526065364421, 0.17819393939394246, 0.18622727272727313, 0.17819393939394224, 0.16212727272727268, 0.15007727272727478, 0.14606060606060778, 0.1420439393939381, 0.138027272727272, 0.14204393939394344, 0.154093939393942, 0.1701606060606078, 0.1822106060606079, 0.1741772727272719, 0.16212727272727534, 0.15409393939393934, 0.150077272727273, 0.19211458764500433, 0.2088281889449739], [0.07397353073470114, 0.13273264465164236, 0.14204393939394255, 0.13802727272727577, 0.14606060606060778, 0.1621272727272749, 0.1781939393939418, 0.18622727272727246, 0.1781939393939418, 0.16212727272727467, 0.15007727272727567, 0.14606060606060778, 0.14204393939393967, 0.13802727272727178, 0.1420439393939399, 0.15409393939393867, 0.1701606060606058, 0.18221060606060968, 0.1741772727272739, 0.16212727272727445, 0.15409393939393845, 0.15007727272727567, 0.1944000894035982, 0.2068691874376114]]
    P_DER = [[3.0, 3.0, 3.0, 3.0, 4.581986360214861, 4.041383818080817, 8.5, 8.5, 8.5, 8.5, 8.5, 8.5, 8.5, 8.5, 8.5, 8.5, 8.183492741098103, 8.5, 6.780427844115578, 3.0, 3.0, 3.0, 5.340679403438262, 6.296727493387503], [1.0869565217391304, 1.0869565217391304, 1.0869565217391304, 1.0869565217391304, 0.8369319159156561, 0.9392023731647932, 0.0, 0.0, 0.0, 0.0, 0.0, 0.0, 0.0, 0.0, 0.0, 0.0, 0.0, 0.0, 0.0, 1.0869565217391304, 1.0869565217391304, 1.0869565217391304, 0.8289790053290278, 0.0], [0.7958761775605222, 0.714155311872315, 0.33664922992371527, 0.5806301957338332, 0.9304266593417622, 1.1074077751822793, 0.4851264065824565, 0.543749930630034, 0.6525428656854608, 0.648888173536954, 0.5944323684136504, 0.537719166934268, 0.48992082061044795, 0.44658549308081885, 0.4148364920123505, 0.40772329801552787, 0.47708308806864785, 0.4478621004301895, 0.45976272670480756, 0.4672951256081749, 0.4522532756135129, 0.4590594911917545, 0.5478927746497952, 0.6761481597026398], [0.0, 0.0, 0.0, 0.0, 0.0, 0.0, 0.08953265995764888, 0.3498168362120053, 0.6726065042126781, 1.0096970043581521, 1.3483274390326712, 1.6088594673877907, 1.7876068380515082, 1.626689344667894, 1.3332531776564036, 1.028689376370979, 0.6257737860972998, 0.20264814170116688, 0.0, 0.0, 0.0, 0.0, 0.0, 0.0], [0.0, 0.0, 0.0, 0.0, 0.0, 0.0, 0.13429898993647332, 0.524725254318008, 1.0089097563190172, 1.5145455065372282, 2.022491158549007, 2.413289201081686, 2.681410257077262, 2.440034017001841, 1.9998797664846055, 1.5430340645564686, 0.9386606791459498, 0.30397221255175033, 0.0, 0.0, 0.0, 0.0, 0.0, 0.0], [0.0, 0.0, 0.0, 0.0, 0.0, 0.0, 0.13429898993647332, 0.524725254318008, 1.0089097563190172, 1.5145455065372282, 2.022491158549007, 2.413289201081686, 2.681410257077262, 2.440034017001841, 1.9998797664846055, 1.5430340645564686, 0.9386606791459498, 0.30397221255175033, 0.0, 0.0, 0.0, 0.0, 0.0, 0.0]]
    P_DH = [[0.0, 0.0, 0.0, 0.0, 0.0, 0.0, 0.0, 0.0, 0.0, 0.0, 0.0, 0.0, 0.0, 0.0, 0.0, 0.0, 0.0, 0.0, 0.0, 0.0, 0.0, 0.0, 0.0, 0.0], [0.0, 0.0, 0.0, 0.0, 0.0, 0.0, 0.0, 0.0, 0.0, 0.0, 0.0, 0.0, 0.0, 0.0, 0.0, 0.0, 0.0, 0.0, 0.0, 0.0, 0.0, 0.0, 0.0, 0.0], [0.0, 0.0, 0.0, 0.0, 0.0, 0.0, 0.0, 0.0, 0.0, 0.0, 0.0, 0.0, 0.0, 0.0, 0.0, 0.0, 0.0, 0.0, 0.0, 0.0, 0.0, 0.0, 0.0, 0.0], [0.0, 0.0, 0.0, 0.0, 0.0, 0.0, 0.0, 0.0, 0.0, 0.0, 0.0, 0.0, 0.0, 0.0, 0.0, 0.0, 0.0, 0.0, 0.0, 0.0, 0.0, 0.0, 0.0, 0.0], [0.0, 0.24344192416760446, 0.0, 0.0, 0.0, 0.0, 0.0, 0.0, 0.0, 0.0, 0.0, 0.0, 0.0, 0.0, 0.0, 0.0, 0.0, 0.0, 0.0, 0.07816990860462081, 0.007239418366165928, 0.0, 0.0, 0.0], [0.0, 0.0, 0.0, 0.0, 0.0, 0.0, 0.0, 0.0, 0.0, 0.0, 0.0, 0.0, 0.0, 0.0, 0.0, 0.0, 0.0, 0.0, 0.0, 0.0, 0.0, 0.0, 0.0, 0.0], [0.0, 0.0, 0.0, 0.0, 0.0, 0.0, 0.0, 0.0, 0.0, 0.0, 0.0, 0.0, 0.0, 0.0, 0.0, 0.0, 0.0, 0.0, 0.0, 0.0, 0.0, 0.0, 0.0, 0.0], [0.0, 0.0, 0.0, 0.0, 0.0, 0.0, 0.0, 0.0, 0.0, 0.0, 0.0, 0.0, 0.0, 0.0, 0.0, 0.0, 0.0, 0.0, 0.0, 0.0, 0.0, 0.0, 0.0, 0.0], [0.0, 0.0, 0.0, 0.0, 0.0, 0.0, 0.0, 0.0, 0.0, 0.0, 0.0, 0.0, 0.0, 0.0, 0.0, 0.0, 0.0, 0.0, 0.0, 0.0, 0.0, 0.0, 0.0, 0.0], [0.0, 0.0, 0.0, 0.0, 0.0, 0.0, 0.0, 0.0, 0.0, 0.0, 0.0, 0.0, 0.0, 0.0, 0.0, 0.0, 0.0, 0.0, 0.0, 0.0, 0.0, 0.0, 0.0, 0.0], [0.0, 0.0, 0.0, 0.0, 0.0, 0.0, 0.0, 0.0, 0.0, 0.0, 0.0, 0.0, 0.0, 0.0, 0.0, 0.0, 0.0, 0.0, 0.0, 0.0, 0.0, 0.0, 0.0, 0.0], [0.0, 0.0, 0.0, 0.0, 0.0, 0.0, 0.0, 0.0, 0.0, 0.0, 0.0, 0.0, 0.0, 0.0, 0.0, 0.0, 0.0, 0.0, 0.0, 0.0, 0.0, 0.0, 0.0, 0.0], [0.06441492174189885, 0.1575052855194026, 0.0, 0.0, 0.0, 0.0, 0.0, 0.0, 0.0, 0.0, 0.0, 0.0, 0.0, 0.0, 0.0, 0.0, 0.0, 0.0, 0.0, 0.06656460874733414, 0.0, 0.0, 0.0, 0.0], [0.0, 0.0, 0.0, 0.0, 0.0, 0.0, 0.0, 0.0, 0.0, 0.0, 0.0, 0.0, 0.0, 0.0, 0.0, 0.0, 0.0, 0.0, 0.0, 0.0, 0.0, 0.0, 0.0, 0.0], [0.0, 0.0, 0.0, 0.0, 0.0, 0.0, 0.0, 0.0, 0.0, 0.0, 0.0, 0.0, 0.0, 0.0, 0.0, 0.0, 0.0, 0.0, 0.0, 0.0, 0.0, 0.0, 0.0, 0.0], [0.0, 0.0, 0.0, 0.0, 0.0, 0.0, 0.0, 0.0, 0.0, 0.0, 0.0, 0.0, 0.0, 0.0, 0.0, 0.0, 0.0, 0.0, 0.0, 0.0, 0.0, 0.0, 0.0, 0.0], [0.0, 0.0, 0.0, 0.0, 0.0, 0.0, 0.0, 0.0, 0.0, 0.0, 0.0, 0.0, 0.0, 0.0, 0.0, 0.0, 0.0, 0.0, 0.0, 0.0, 0.0, 0.0, 0.0, 0.0], [0.0, 0.0, 0.0, 0.0, 0.0, 0.0, 0.0, 0.0, 0.0, 0.0, 0.0, 0.0, 0.0, 0.0, 0.0, 0.0, 0.0, 0.0, 0.0, 0.0, 0.0, 0.0, 0.0, 0.0], [0.0, 0.0, 0.0, 0.0, 0.0, 0.0, 0.0, 0.0, 0.0, 0.0, 0.0, 0.0, 0.0, 0.0, 0.0, 0.0, 0.0, 0.0, 0.0, 0.0, 0.0, 0.0, 0.0, 0.0], [0.0, 0.0, 0.0, 0.0, 0.0, 0.0, 0.0, 0.0, 0.0, 0.0, 0.0, 0.0, 0.0, 0.0, 0.0, 0.0, 0.0, 0.0, 0.0, 0.0, 0.0, 0.0, 0.0, 0.0], [0.05068224486221122, 0.2, 0.0, 0.0, 0.0, 0.0, 0.0, 0.0, 0.0, 0.0, 0.0, 0.0, 0.0, 0.0, 0.0, 0.0, 0.0, 0.0, 0.0, 0.07816990860462117, 0.0, 0.0, 0.0, 0.0], [0.0, 0.0, 0.0, 0.0, 0.0, 0.0, 0.0, 0.0, 0.0, 0.0, 0.0, 0.0, 0.0, 0.0, 0.0, 0.0, 0.0, 0.0, 0.0, 0.0, 0.0, 0.0, 0.0, 0.0], [0.0, 0.0, 0.0, 0.0, 0.0, 0.0, 0.0, 0.0, 0.0, 0.0, 0.0, 0.0, 0.0, 0.0, 0.0, 0.0, 0.0, 0.0, 0.0, 0.0, 0.0, 0.0, 0.0, 0.0], [0.0, 0.0, 0.0, 0.0, 0.0, 0.0, 0.0, 0.0, 0.0, 0.0, 0.0, 0.0, 0.0, 0.0, 0.0, 0.0, 0.0, 0.0, 0.0, 0.0, 0.0, 0.0, 0.0, 0.0], [0.0, 0.0, 0.0, 0.0, 0.0, 0.0, 0.0, 0.0, 0.0, 0.0, 0.0, 0.0, 0.0, 0.0, 0.0, 0.0, 0.0, 0.0, 0.0, 0.0, 0.0, 0.0, 0.0, 0.0], [0.23715743078079143, 0.1536572396247733, 0.0, 0.0, 0.0, 0.0, 0.0, 0.0, 0.0, 0.0, 0.0, 0.0, 0.0, 0.0, 0.0, 0.0, 0.0, 0.0, 0.0, 0.08392757499294923, 0.11485099507268681, 0.143717934461977, 0.0, 0.0], [0.0, 0.0, 0.0, 0.0, 0.0, 0.0, 0.0, 0.0, 0.0, 0.0, 0.0, 0.0, 0.0, 0.0, 0.0, 0.0, 0.0, 0.0, 0.0, 0.0, 0.0, 0.0, 0.0, 0.0], [0.0, 0.0, 0.0, 0.0, 0.0, 0.0, 0.0, 0.0, 0.0, 0.0, 0.0, 0.0, 0.0, 0.0, 0.0, 0.0, 0.0, 0.0, 0.0, 0.0, 0.0, 0.0, 0.0, 0.0], [0.0, 0.0, 0.0, 0.0, 0.0, 0.0, 0.0, 0.0, 0.0, 0.0, 0.0, 0.0, 0.0, 0.0, 0.0, 0.0, 0.0, 0.0, 0.0, 0.0, 0.0, 0.0, 0.0, 0.0], [0.0, 0.0, 0.0, 0.0, 0.0, 0.0, 0.0, 0.0, 0.0, 0.0, 0.0, 0.0, 0.0, 0.0, 0.0, 0.0, 0.0, 0.0, 0.0, 0.0, 0.0, 0.0, 0.0, 0.0], [0.0, 0.0, 0.0, 0.0, 0.0, 0.0, 0.0, 0.0, 0.0, 0.0, 0.0, 0.0, 0.0, 0.0, 0.0, 0.0, 0.0, 0.0, 0.0, 0.0, 0.0, 0.0, 0.0, 0.0], [0.0, 0.0, 0.0, 0.0, 0.0, 0.0, 0.0, 0.0, 0.0, 0.0, 0.0, 0.0, 0.0, 0.0, 0.0, 0.0, 0.0, 0.0, 0.0, 0.0, 0.0, 0.0, 0.0, 0.0], [0.0, 0.0, 0.0, 0.0, 0.0, 0.0, 0.0, 0.0, 0.0, 0.0, 0.0, 0.0, 0.0, 0.0, 0.0, 0.0, 0.0, 0.0, 0.0, 0.0, 0.0, 0.0, 0.0, 0.0], [0.0, 0.0, 0.0, 0.0, 0.0, 0.0, 0.0, 0.0, 0.0, 0.0, 0.0, 0.0, 0.0, 0.0, 0.0, 0.0, 0.0, 0.0, 0.0, 0.0, 0.0, 0.0, 0.0, 0.0], [0.0, 0.0, 0.0, 0.0, 0.0, 0.0, 0.0, 0.0, 0.0, 0.0, 0.0, 0.0, 0.0, 0.0, 0.0, 0.0, 0.0, 0.0, 0.0, 0.0, 0.0, 0.0, 0.0, 0.0], [0.0, 0.0, 0.0, 0.0, 0.0, 0.0, 0.0, 0.0, 0.0, 0.0, 0.0, 0.0, 0.0, 0.0, 0.0, 0.0, 0.0, 0.0, 0.0, 0.0, 0.0, 0.0, 0.0, 0.0]]
    P_PCC = [[24.718947296681552, 23.806486282924674, 21.852315751663074, 21.685266717471663, 21.025112215046146, 24.72217633026058, 22.45424576675115, 25.99306258578537, 28.09893684883296, 28.39104015610453, 27.804122612277773, 25.06116129738321, 21.832193468400646, 21.199438114410817, 23.574523781382975, 26.42978579252982, 30.071435202581522, 32.24026953362033, 33.13821488258933, 35.85378364829318, 32.36576021079192, 29.51698394739164, 24.80829237654075, 21.09637066630946]]
    P_line = [[14.866879919280109, 14.542726807889267, 13.621343023256486, 13.382372093021331, 13.860313953489822, 15.533110465117716, 17.788520777505255, 20.026774745681905, 21.454357685541254, 21.904605656254716, 21.874601864707074, 20.52792010124358, 18.82597346385228, 18.350436913229714, 19.507503954444473, 20.920233377304612, 22.480490483645553, 23.59312081070493, 22.94120930232566, 21.663723538138584, 19.602855697436098, 17.92281976744198, 16.727965116278938, 15.533110465117716], [9.852067377405547, 9.26375947503584, 8.230972728406414, 8.302894624448527, 7.164798261554097, 9.189065865148223, 4.665724989246883, 5.966287840103178, 6.644579163290473, 6.486434499853203, 5.929520747575225, 4.533241196138988, 3.006220004552233, 2.8490012011807266, 4.067019826939941, 5.5095524152256985, 7.590944718938772, 8.647148722919155, 10.197005580263067, 14.190060110156992, 12.762904513354442, 11.594164179952713, 8.080327260262493, 5.56326020119559], [2.963239534883721, 3.0632989009117906, 2.724268604651163, 2.676474418604651, 2.772062790697674, 3.1066220930232555, 3.584563953488372, 4.1103000000000005, 4.492653488372093, 4.683830232558139, 4.779418604651163, 4.588241860465116, 4.301476744186046, 4.158094186046512, 4.301476744186046, 4.492653488372093, 4.683830232558139, 4.779418604651163, 4.588241860465116, 4.379646652790667, 3.926362674180119, 3.584563953488372, 3.345593023255814, 3.1066220930232555], [2.3705916279069768, 2.255885581395349, 2.17941488372093, 2.141179534883721, 2.2176502325581393, 2.4852976744186046, 2.8676511627906978, 3.28824, 3.594122790697674, 3.7470641860465115, 3.82353488372093, 3.6705934883720928, 3.441181395348837, 3.326475348837209, 3.441181395348837, 3.594122790697674, 3.7470641860465115, 3.82353488372093, 3.6705934883720928, 3.441181395348837, 3.1352986046511626, 2.8676511627906978, 2.676474418604651, 2.4852976744186046], [1.7779437209302325, 1.6919141860465117, 1.6345611627906975, 1.6058846511627909, 1.6632376744186046, 1.8639732558139535, 2.1507383720930235, 2.46618, 2.6955920930232553, 2.8102981395348836, 2.8676511627906978, 2.7529451162790695, 2.580886046511628, 2.4948565116279067, 2.580886046511628, 2.6955920930232553, 2.8102981395348836, 2.8676511627906978, 2.7529451162790695, 2.580886046511628, 2.351473953488372, 2.1507383720930235, 2.007355813953488, 1.8639732558139535], [1.1852958139534884, 1.1279427906976744, 1.089707441860465, 1.0705897674418605, 1.1088251162790697, 1.2426488372093023, 1.4338255813953489, 1.64412, 1.797061395348837, 1.8735320930232557, 1.911767441860465, 1.8352967441860464, 1.7205906976744185, 1.6632376744186046, 1.7205906976744185, 1.797061395348837, 1.8735320930232557, 1.911767441860465, 1.8352967441860464, 1.7205906976744185, 1.5676493023255813, 1.4338255813953489, 1.3382372093023256, 1.2426488372093023], [0.5926479069767442, 0.5639713953488372, 0.5448537209302325, 0.5352948837209303, 0.5544125581395348, 0.6213244186046512, 0.7169127906976744, 0.82206, 0.8985306976744185, 0.9367660465116279, 0.9558837209302325, 0.9176483720930232, 0.8602953488372093, 0.8316188372093023, 0.8602953488372093, 0.8985306976744185, 0.9367660465116279, 0.9558837209302325, 0.9176483720930232, 0.8602953488372093, 0.7838246511627907, 0.7169127906976744, 0.6691186046511628, 0.6213244186046512], [4.148535348837209, 3.9477997674418606, 3.8139760465116277, 3.747064186046512, 3.880887906976744, 4.349270930232558, 4.884090544947247, 5.229694745681993, 5.280805127401912, 5.042816819044167, 4.668694887962621, 4.0102494035694765, 3.3406571847832023, 3.3812978434632757, 4.022187675375859, 4.74668081916446, 5.618701646435445, 6.387213833959877, 6.423538604651162, 6.0220674418604645, 5.486772558139535, 5.018389534883721, 4.683830232558139, 4.349270930232558], [3.555887441860465, 3.3838283720930233, 3.269122325581395, 3.2117693023255818, 3.326475348837209, 3.727946511627907, 4.167177754249573, 4.407634745681992, 4.382274429727493, 4.106050772532539, 3.7128111670323887, 3.092601031476453, 2.480361835945993, 2.5496790062539736, 3.16189232653865, 3.8481501214900415, 4.6819355999238175, 5.431330113029644, 5.505890232558139, 5.161772093023256, 4.702947906976744, 4.301476744186047, 4.014711627906976, 3.727946511627907], [2.963239534883721, 2.819856976744186, 2.724268604651163, 2.676474418604651, 2.772062790697674, 3.1066220930232555, 3.584563953488372, 4.1103000000000005, 4.492653488372093, 4.683830232558139, 4.779418604651163, 4.588241860465116, 4.301476744186046, 4.158094186046512, 4.301476744186046, 4.492653488372093, 4.683830232558139, 4.779418604651163, 4.588241860465116, 4.301476744186046, 3.919123255813953, 3.584563953488372, 3.345593023255814, 3.1066220930232555], [2.3705916279069768, 2.255885581395349, 2.17941488372093, 2.141179534883721, 2.2176502325581393, 2.4852976744186046, 2.8676511627906978, 3.2882400000000005, 3.594122790697674, 3.7470641860465115, 3.82353488372093, 3.6705934883720928, 3.441181395348837, 3.326475348837209, 3.441181395348837, 3.594122790697674, 3.7470641860465115, 3.82353488372093, 3.6705934883720928, 3.441181395348837, 3.1352986046511626, 2.8676511627906978, 2.676474418604651, 2.4852976744186046], [0.5926479069767442, 0.5639713953488372, 0.5448537209302325, 0.5352948837209303, 0.5544125581395348, 0.6213244186046512, 0.7169127906976744, 0.82206, 0.8985306976744185, 0.9367660465116279, 0.9558837209302325, 0.9176483720930232, 0.8602953488372093, 0.8316188372093023, 0.8602953488372093, 0.8985306976744185, 0.9367660465116279, 0.9558837209302325, 0.9176483720930232, 0.8602953488372093, 0.7838246511627907, 0.7169127906976744, 0.6691186046511628, 0.6213244186046512], [1.1852958139534884, 1.1279427906976744, 1.089707441860465, 1.0705897674418605, 1.1088251162790697, 1.2426488372093023, 1.4338255813953489, 1.64412, 1.797061395348837, 1.8735320930232557, 1.911767441860465, 1.8352967441860464, 1.7205906976744185, 1.6632376744186046, 1.7205906976744185, 1.797061395348837, 1.8735320930232557, 1.911767441860465, 1.8352967441860464, 1.7205906976744185, 1.5676493023255813, 1.4338255813953489, 1.3382372093023256, 1.2426488372093023], [0.5926479069767442, 0.5639713953488372, 0.5448537209302325, 0.5352948837209303, 0.5544125581395348, 0.6213244186046512, 0.7169127906976744, 0.82206, 0.8985306976744185, 0.9367660465116279, 0.9558837209302325, 0.9176483720930232, 0.8602953488372093, 0.8316188372093023, 0.8602953488372093, 0.8985306976744185, 0.9367660465116279, 0.9558837209302325, 0.9176483720930232, 0.8602953488372093, 0.7838246511627907, 0.7169127906976744, 0.6691186046511628, 0.6213244186046512], [5.384513407652909, 5.275742558139535, 4.903683488372093, 4.817653953488373, 4.989713023255813, 5.59191976744186, 6.45221511627907, 7.398540000000001, 8.086776279069767, 8.430894418604652, 8.602953488372092, 8.25883534883721, 7.742658139534884, 7.484569534883721, 7.742658139534884, 8.086776279069767, 8.430894418604652, 8.602953488372092, 8.25883534883721, 7.8208280481395045, 7.054421860465116, 6.45221511627907, 6.022067441860465, 5.59191976744186], [1.2359780588156997, 1.3279427906976744, 1.089707441860465, 1.0705897674418605, 1.1088251162790697, 1.2426488372093023, 1.4338255813953489, 1.64412, 1.797061395348837, 1.8735320930232557, 1.911767441860465, 1.8352967441860464, 1.7205906976744185, 1.6632376744186046, 1.7205906976744185, 1.797061395348837, 1.8735320930232557, 1.911767441860465, 1.8352967441860464, 1.7987606062790398, 1.5676493023255813, 1.4338255813953489, 1.3382372093023256, 1.2426488372093023], [0.6433301518389554, 0.7639713953488372, 0.5448537209302325, 0.5352948837209303, 0.5544125581395348, 0.6213244186046512, 0.7169127906976744, 0.82206, 0.8985306976744185, 0.9367660465116279, 0.9558837209302325, 0.9176483720930232, 0.8602953488372093, 0.8316188372093023, 0.8602953488372093, 0.8985306976744185, 0.9367660465116279, 0.9558837209302325, 0.9176483720930232, 0.9384652574418304, 0.7838246511627907, 0.7169127906976744, 0.6691186046511628, 0.6213244186046512], [3.5558874418604653, 3.3838283720930233, 3.2691223255813955, 3.2117693023255813, 3.3264753488372087, 3.7279465116279065, 4.301476744186046, 4.93236, 5.3911841860465115, 5.620596279069767, 5.7353023255813955, 5.505890232558139, 5.161772093023256, 4.989713023255814, 5.161772093023256, 5.3911841860465115, 5.620596279069767, 5.7353023255813955, 5.505890232558139, 5.161772093023256, 4.7029479069767435, 4.301476744186046, 4.014711627906977, 3.7279465116279065], [1.1852958139534886, 1.1279427906976744, 1.0897074418604653, 1.0705897674418603, 1.1088251162790694, 1.242648837209302, 1.4338255813953487, 1.64412, 1.7970613953488372, 1.8735320930232557, 1.9117674418604649, 1.8352967441860466, 1.7205906976744183, 1.6632376744186048, 1.7205906976744183, 1.7970613953488372, 1.8735320930232557, 1.9117674418604649, 1.8352967441860466, 1.7205906976744183, 1.567649302325581, 1.4338255813953487, 1.3382372093023258, 1.242648837209302], [0.5926479069767442, 0.5639713953488372, 0.5448537209302325, 0.5352948837209303, 0.5544125581395348, 0.6213244186046512, 0.7169127906976744, 0.82206, 0.8985306976744185, 0.9367660465116279, 0.9558837209302325, 0.9176483720930232, 0.8602953488372093, 0.8316188372093023, 0.8602953488372093, 0.8985306976744185, 0.9367660465116279, 0.9558837209302325, 0.9176483720930232, 0.8602953488372093, 0.7838246511627907, 0.7169127906976744, 0.6691186046511628, 0.6213244186046512], [1.7779437209302325, 1.6919141860465117, 1.6345611627906975, 1.6058846511627909, 1.6632376744186046, 1.8639732558139535, 2.1507383720930235, 2.46618, 2.6955920930232553, 2.8102981395348836, 2.8676511627906978, 2.7529451162790695, 2.580886046511628, 2.4948565116279067, 2.580886046511628, 2.6955920930232553, 2.8102981395348836, 2.8676511627906978, 2.7529451162790695, 2.580886046511628, 2.351473953488372, 2.1507383720930235, 2.007355813953488, 1.8639732558139535], [0.5926479069767442, 0.5639713953488372, 0.5448537209302325, 0.5352948837209303, 0.5544125581395348, 0.6213244186046512, 0.7169127906976744, 0.82206, 0.8985306976744185, 0.9367660465116279, 0.9558837209302325, 0.9176483720930232, 0.8602953488372093, 0.8316188372093023, 0.8602953488372093, 0.8985306976744185, 0.9367660465116279, 0.9558837209302325, 0.9176483720930232, 0.8602953488372093, 0.7838246511627907, 0.7169127906976744, 0.6691186046511628, 0.6213244186046512], [0.5926479069767442, 0.5639713953488372, 0.5448537209302325, 0.5352948837209303, 0.5544125581395348, 0.6213244186046512, 0.7169127906976744, 0.82206, 0.8985306976744185, 0.9367660465116279, 0.9558837209302325, 0.9176483720930232, 0.8602953488372093, 0.8316188372093023, 0.8602953488372093, 0.8985306976744185, 0.9367660465116279, 0.9558837209302325, 0.9176483720930232, 0.8602953488372093, 0.7838246511627907, 0.7169127906976744, 0.6691186046511628, 0.6213244186046512], [1.7779437209302325, 1.6919141860465117, 1.6345611627906975, 1.6058846511627909, 1.6632376744186046, 1.8639732558139535, 2.1507383720930235, 2.46618, 2.6955920930232558, 2.8102981395348836, 2.8676511627906978, 2.7529451162790695, 2.580886046511628, 2.494856511627907, 2.580886046511628, 2.6955920930232558, 2.8102981395348836, 2.8676511627906978, 2.7529451162790695, 2.580886046511628, 2.351473953488372, 2.1507383720930235, 2.0073558139534886, 1.8639732558139535], [0.5926479069767442, 0.5639713953488372, 0.5448537209302325, 0.5352948837209303, 0.5544125581395348, 0.6213244186046512, 0.7169127906976744, 0.82206, 0.8985306976744185, 0.9367660465116279, 0.9558837209302325, 0.9176483720930232, 0.8602953488372093, 0.8316188372093023, 0.8602953488372093, 0.8985306976744185, 0.9367660465116279, 0.9558837209302325, 0.9176483720930232, 0.8602953488372093, 0.7838246511627907, 0.7169127906976744, 0.6691186046511628, 0.6213244186046512], [0.5926479069767441, 0.5639713953488372, 0.5448537209302324, 0.5352948837209304, 0.5544125581395349, 0.6213244186046512, 0.7169127906976747, 0.82206, 0.8985306976744187, 0.9367660465116279, 0.9558837209302327, 0.9176483720930231, 0.8602953488372094, 0.8316188372093025, 0.8602953488372094, 0.8985306976744187, 0.9367660465116279, 0.9558837209302327, 0.9176483720930231, 0.8602953488372094, 0.7838246511627909, 0.7169127906976747, 0.669118604651163, 0.6213244186046512], [1.1852958139534884, 1.1279427906976744, 1.089707441860465, 1.0705897674418605, 1.1088251162790697, 1.2426488372093023, 1.4338255813953489, 1.64412, 1.797061395348837, 1.8735320930232557, 1.911767441860465, 1.8352967441860464, 1.7205906976744185, 1.6632376744186046, 1.7205906976744185, 1.797061395348837, 1.8735320930232557, 1.911767441860465, 1.8352967441860464, 1.7205906976744185, 1.5676493023255813, 1.4338255813953489, 1.3382372093023256, 1.2426488372093023], [0.5926479069767442, 0.5639713953488372, 0.5448537209302325, 0.5352948837209303, 0.5544125581395348, 0.6213244186046512, 0.7169127906976744, 0.82206, 0.8985306976744185, 0.9367660465116279, 0.9558837209302325, 0.9176483720930232, 0.8602953488372093, 0.8316188372093023, 0.8602953488372093, 0.8985306976744185, 0.9367660465116279, 0.9558837209302325, 0.9176483720930232, 0.8602953488372093, 0.7838246511627907, 0.7169127906976744, 0.6691186046511628, 0.6213244186046512], [1.1852958139534884, 1.1279427906976744, 1.089707441860465, 1.0705897674418605, 1.1088251162790697, 1.2426488372093023, 1.4338255813953489, 1.64412, 1.797061395348837, 1.8735320930232557, 1.911767441860465, 1.8352967441860464, 1.7205906976744185, 1.6632376744186046, 1.7205906976744185, 1.797061395348837, 1.8735320930232557, 1.911767441860465, 1.8352967441860464, 1.7205906976744185, 1.5676493023255813, 1.4338255813953489, 1.3382372093023256, 1.2426488372093023], [0.5926479069767442, 0.5639713953488372, 0.5448537209302325, 0.5352948837209303, 0.5544125581395348, 0.6213244186046512, 0.7169127906976744, 0.82206, 0.8985306976744185, 0.9367660465116279, 0.9558837209302325, 0.9176483720930232, 0.8602953488372093, 0.8316188372093023, 0.8602953488372093, 0.8985306976744185, 0.9367660465116279, 0.9558837209302325, 0.9176483720930232, 0.8602953488372093, 0.7838246511627907, 0.7169127906976744, 0.6691186046511628, 0.6213244186046512], [2.0455869132559097, 1.999603388089392, 1.4263566717841805, 1.6512199631756936, 2.0392517756208317, 2.3500566123915814, 1.8294193280201565, 1.8380530944180287, 1.7769977568216198, 1.5127232622020577, 1.1578723712414445, 0.7641564437325236, 0.42290468023335837, 0.4831338228315294, 0.8021740120303654, 1.1760953169933859, 1.7248413949946038, 2.156981400589488, 2.295059470890854, 2.2544504320299272, 2.019902577939094, 1.8928850725871034, 1.8861299839521208, 1.918796996911942], [1.3885240845372664, 1.2781267072211522, 0.8815029508539478, 1.1159250794547635, 1.484839217481297, 1.7287321937869304, 1.112506537322482, 1.0159930944180287, 0.8784670591472012, 0.5759572156904298, 0.20198865031121183, -0.15349192836049963, -0.4373906686038509, -0.3484850143777729, -0.05812133680684384, 0.27756461931896736, 0.7880753484829759, 1.2010976796592552, 1.3774110987978307, 1.3275904744453841, 1.2360779267763036, 1.175972281889429, 1.217011379300958, 1.297472578307291], [3.2003969656645124, 2.9735142163689594, 2.7242686046511624, 2.676474418604651, 2.772062790697674, 3.1066220930232555, 3.4502649635518985, 3.5855747456819924, 3.4837437320530755, 3.169284726020911, 2.756927446102156, 2.17495265938343, 1.620066487108784, 1.7180601690446706, 2.3015969777014407, 2.949619423815624, 3.7451695534121896, 4.475446392099412, 4.588241860465116, 4.3854043191789955, 4.03397425088664, 3.728281887950349, 3.345593023255814, 3.1066220930232555], [2.607749058687768, 2.409542821020122, 2.1794148837209297, 2.141179534883721, 2.2176502325581393, 2.4852976744186046, 2.8676511627906978, 3.28824, 3.594122790697674, 3.7470641860465115, 3.82353488372093, 3.6705934883720928, 3.441181395348837, 3.326475348837209, 3.441181395348837, 3.594122790697674, 3.7470641860465115, 3.82353488372093, 3.6705934883720928, 3.5251089703417864, 3.2501495997238496, 3.0113690972526745, 2.676474418604651, 2.4852976744186046], [0.8298053377575356, 0.7176286349736105, 0.5448537209302322, 0.5352948837209301, 0.5544125581395347, 0.6213244186046509, 0.7169127906976742, 0.82206, 0.8985306976744187, 0.9367660465116279, 0.9558837209302324, 0.9176483720930233, 0.8602953488372092, 0.8316188372093025, 0.8602953488372092, 0.8985306976744187, 0.9367660465116279, 0.9558837209302324, 0.9176483720930233, 0.9442229238301585, 0.8986756462354775, 0.8606307251596514, 0.669118604651163, 0.6213244186046509], [1.1852958139534884, 1.1279427906976744, 1.089707441860465, 1.0705897674418605, 1.1088251162790697, 1.2426488372093023, 1.4338255813953489, 1.64412, 1.797061395348837, 1.8735320930232557, 1.911767441860465, 1.8352967441860464, 1.7205906976744185, 1.6632376744186046, 1.7205906976744185, 1.797061395348837, 1.8735320930232557, 1.911767441860465, 1.8352967441860464, 1.7205906976744185, 1.5676493023255813, 1.4338255813953489, 1.3382372093023256, 1.2426488372093023], [0.5926479069767442, 0.5639713953488372, 0.5448537209302325, 0.5352948837209303, 0.5544125581395348, 0.6213244186046512, 0.7169127906976744, 0.82206, 0.8985306976744185, 0.9367660465116279, 0.9558837209302325, 0.9176483720930232, 0.8602953488372093, 0.8316188372093023, 0.8602953488372093, 0.8985306976744185, 0.9367660465116279, 0.9558837209302325, 0.9176483720930232, 0.8602953488372093, 0.7838246511627907, 0.7169127906976744, 0.6691186046511628, 0.6213244186046512], [1.6428439635995957, 1.4707848938321533, 1.356078847320525, 1.2987258240647126, -0.4185790954619959, 0.6257650667118835, -4.198523255813953, -3.56764, -3.1088158139534894, -2.879403720930233, -2.7646976744186045, -2.994109767441861, -3.338227906976744, -3.5102869767441867, -3.338227906976744, -3.1088158139534894, -2.562896462028336, -2.7646976744186045, -1.274537611557439, 3.2487286147623866, 2.789904428715875, 2.388433265925178, -0.4969887702022575, -2.568780981759596], [1.0501960566228514, 0.906813498483316, 0.8112251263902924, 0.7634309403437823, -0.9729916536015307, 0.004440648107232326, -4.915436046511627, -4.3896999999999995, -4.007346511627908, -3.8161697674418606, -3.720581395348837, -3.9117581395348844, -4.198523255813954, -4.341905813953489, -4.198523255813954, -4.007346511627908, -3.4996625085399637, -3.720581395348837, -2.1921859836504622, 2.3884332659251775, 2.0060797775530848, 1.6715204752275035, -1.1661073748534203, -3.1901054003642475], [0.45754814964610735, 0.3428421031344788, 0.2663714054600599, 0.22813605662285208, -1.5274042117410656, -0.6168837704974188, -5.632348837209301, -5.21176, -4.905877209302327, -4.7529358139534885, -4.676465116279069, -4.829406511627908, -5.0588186046511625, -5.173524651162792, -5.0588186046511625, -4.905877209302327, -4.436428555051592, -4.676465116279069, -3.1098343557434855, 1.528137917087968, 1.2222551263902939, 0.954607684529829, -1.835225979504583, -3.8114298189688984], [0.5926479069767442, 0.5639713953488372, 0.5448537209302325, 0.5352948837209303, 0.5544125581395348, 0.6213244186046512, 0.7169127906976744, 0.82206, 0.8985306976744185, 0.9367660465116279, 0.9558837209302325, 0.9176483720930232, 0.8602953488372093, 0.8316188372093023, 0.8602953488372093, 0.8985306976744185, 0.9367660465116279, 0.9558837209302325, 0.9176483720930232, 0.8602953488372093, 0.7838246511627907, 0.7169127906976744, 0.6691186046511628, 0.6213244186046512], [-0.727747664307381, -0.7851006875631956, -0.8233360364004052, -0.8424537108190084, -2.636229328020135, -1.8595326077067211, -7.066174418604651, -6.85588, -6.702938604651163, -6.626467906976744, -6.588232558139534, -6.664703255813954, -6.779409302325581, -6.836762325581396, -6.779409302325581, -6.702938604651163, -6.309960648074847, -6.588232558139534, -4.945131099929531, -0.19245278058645043, -0.34539417593528743, -0.47921789686551985, -3.1734631888069087, -5.0540786561782], [-1.3203955712841253, -1.3490720829120328, -1.3681897573306379, -1.3777485945399386, -3.19064188615967, -2.480857026311372, -7.783087209302325, -7.6779399999999995, -7.601469302325582, -7.563233953488372, -7.544116279069767, -7.582351627906977, -7.63970465116279, -7.668381162790698, -7.63970465116279, -7.601469302325582, -7.246726694586475, -7.544116279069767, -5.862779472022554, -1.0527481294236596, -1.129218827098078, -1.1961306875631943, -3.8425817934580717, -5.675403074782851]]
    Q_DER = [[0.0, 0.0, 0.0, 0.0, 0.0, 0.0, 0.0, 0.0, 0.0, 0.0, 0.0, 0.0, 0.0, 0.0, 0.0, 0.0, 0.0, 0.0, 0.0, 0.0, 0.0, 0.0, 0.0, 0.0], [0.0, 0.0, 0.0, 0.0, 0.0, 0.0, 0.0, 0.0, 0.0, 0.0, 0.0, 0.0, 0.0, 0.0, 0.0, 0.0, 0.0, 0.0, 0.0, 0.0, 0.0, 0.0, 0.0, 0.0], [0.0, 0.0, 0.0, 0.0, 0.0, 0.0, 0.0, 0.0, 0.0, 0.0, 0.0, 0.0, 0.0, 0.0, 0.0, 0.0, 0.0, 0.0, 0.0, 0.0, 0.0, 0.0, 0.0, 0.0], [0.0, 0.0, 0.0, 0.0, 0.0, 0.0, 0.0, 0.0, 0.0, 0.0, 0.0, 0.0, 0.0, 0.0, 0.0, 0.0, 0.0, 0.0, 0.0, 0.0, 0.0, 0.0, 0.0, 0.0], [0.0, 0.0, 0.0, 0.0, 0.0, 0.0, 0.0, 0.0, 0.0, 0.0, 0.0, 0.0, 0.0, 0.0, 0.0, 0.0, 0.0, 0.0, 0.0, 0.0, 0.0, 0.0, 0.0, 0.0], [0.0, 0.0, 0.0, 0.0, 0.0, 0.0, 0.0, 0.0, 0.0, 0.0, 0.0, 0.0, 0.0, 0.0, 0.0, 0.0, 0.0, 0.0, 0.0, 0.0, 0.0, 0.0, 0.0, 0.0]]
    Q_PCC = [[12.342396714593157, 11.745183970338648, 11.347042140835642, 11.147971226084143, 11.546113055587146, 12.939609458847666, 14.93031860636269, 17.12009866862922, 18.712665986641237, 19.50894964564725, 19.907091475150253, 19.110807816144245, 17.916382327635226, 17.31916958338072, 17.916382327635226, 18.712665986641237, 19.50894964564725, 19.907091475150253, 19.110807816144245, 17.916382327635226, 16.323815009623207, 14.93031860636269, 13.934964032605178, 12.939609458847666]]
    Q_line = [[7.175812043368115, 6.828595331592236, 6.597117523741652, 6.481378619816362, 6.712856427666946, 7.523028755143992, 8.680417794396913, 9.953545737575126, 10.879456968977465, 11.342412584678634, 11.573890392529217, 11.11093477682805, 10.416501353276296, 10.069284641500419, 10.416501353276296, 10.879456968977465, 11.342412584678634, 11.573890392529217, 11.11093477682805, 10.416501353276296, 9.490590121873957, 8.680417794396913, 8.101723274770453, 7.523028755143992], [5.166584671225042, 4.91658863874641, 4.74992461709399, 4.666592606267781, 4.833256627920201, 5.416580703703674, 6.2499008119657775, 7.16655293105409, 7.833209017663773, 8.166537060968615, 8.333201082621034, 7.999873039316195, 7.499880974358932, 7.249884941880301, 7.499880974358932, 7.833209017663773, 8.166537060968615, 8.333201082621034, 7.999873039316195, 7.499880974358932, 6.833224887749249, 6.2499008119657775, 5.833240757834725, 5.416580703703674], [1.435162408673623, 1.3657190663184475, 1.3194235047483305, 1.2962757239632725, 1.342571285533389, 1.5046057510287985, 1.7360835588793826, 1.9907091475150251, 2.1758913937954927, 2.268482516935727, 2.314778078505843, 2.2221869553656095, 2.0833002706552586, 2.0138569283000836, 2.0833002706552586, 2.1758913937954927, 2.268482516935727, 2.314778078505843, 2.2221869553656095, 2.0833002706552586, 1.8981180243747915, 1.7360835588793826, 1.6203446549540903, 1.5046057510287985], [1.1481299269388985, 1.092575253054758, 1.0555388037986644, 1.0370205791706177, 1.074057028426711, 1.2036846008230389, 1.3888668471035062, 1.5925673180120201, 1.7407131150363941, 1.8147860135485812, 1.8518224628046744, 1.7777495642924879, 1.6666402165242071, 1.6110855426400668, 1.6666402165242071, 1.7407131150363941, 1.8147860135485812, 1.8518224628046744, 1.7777495642924879, 1.6666402165242071, 1.518494419499833, 1.3888668471035062, 1.2962757239632725, 1.2036846008230389], [0.8610974452041738, 0.8194314397910685, 0.7916541028489983, 0.7777654343779634, 0.8055427713200334, 0.902763450617279, 1.0416501353276295, 1.194425488509015, 1.3055348362772956, 1.361089510161436, 1.388866847103506, 1.3333121732193658, 1.2499801623931552, 1.2083141569800502, 1.2499801623931552, 1.3055348362772956, 1.361089510161436, 1.388866847103506, 1.3333121732193658, 1.2499801623931552, 1.138870814624875, 1.0416501353276295, 0.9722067929724543, 0.902763450617279], [0.5740649634694491, 0.5462876265273789, 0.5277694018993322, 0.518510289585309, 0.5370285142133556, 0.6018423004115193, 0.694433423551753, 0.7962836590060101, 0.8703565575181971, 0.9073930067742906, 0.9259112314023373, 0.8888747821462438, 0.8333201082621036, 0.8055427713200335, 0.8333201082621036, 0.8703565575181971, 0.9073930067742906, 0.9259112314023373, 0.8888747821462438, 0.8333201082621036, 0.7592472097499166, 0.694433423551753, 0.6481378619816361, 0.6018423004115193], [0.28703248173472456, 0.27314381326368947, 0.2638847009496661, 0.2592551447926545, 0.2685142571066778, 0.30092115020575966, 0.3472167117758765, 0.39814182950300503, 0.43517827875909854, 0.4536965033871453, 0.46295561570116867, 0.4444373910731219, 0.4166600541310518, 0.40277138566001675, 0.4166600541310518, 0.43517827875909854, 0.4536965033871453, 0.46295561570116867, 0.4444373910731219, 0.4166600541310518, 0.3796236048749583, 0.3472167117758765, 0.32406893099081807, 0.30092115020575966], [2.009227372143072, 1.9120066928458264, 1.8471929066476627, 1.8147860135485816, 1.8795997997467446, 2.1064480514403177, 2.4305169824311355, 2.7869928065210354, 3.0462479513136898, 3.175875523710017, 3.2406893099081806, 3.111061737511853, 2.9166203789173624, 2.819399699620117, 2.9166203789173624, 3.0462479513136898, 3.175875523710017, 3.2406893099081806, 3.111061737511853, 2.9166203789173624, 2.657365234124708, 2.4305169824311355, 2.2684825169357263, 2.1064480514403177], [1.7221948904083475, 1.638862879582137, 1.5833082056979966, 1.555530868755927, 1.6110855426400668, 1.805526901234558, 2.083300270655259, 2.3888509770180306, 2.611069672554591, 2.722179020322872, 2.777733694207012, 2.666624346438731, 2.4999603247863105, 2.4166283139601004, 2.4999603247863105, 2.611069672554591, 2.722179020322872, 2.777733694207012, 2.666624346438731, 2.4999603247863105, 2.27774162924975, 2.083300270655259, 1.9444135859449083, 1.805526901234558], [1.435162408673623, 1.3657190663184475, 1.3194235047483305, 1.2962757239632725, 1.342571285533389, 1.5046057510287985, 1.7360835588793826, 1.9907091475150251, 2.1758913937954927, 2.268482516935727, 2.314778078505843, 2.2221869553656095, 2.0833002706552586, 2.0138569283000836, 2.0833002706552586, 2.1758913937954927, 2.268482516935727, 2.314778078505843, 2.2221869553656095, 2.0833002706552586, 1.8981180243747915, 1.7360835588793826, 1.6203446549540903, 1.5046057510287985], [1.1481299269388985, 1.092575253054758, 1.0555388037986644, 1.037020579170618, 1.074057028426711, 1.2036846008230389, 1.3888668471035062, 1.5925673180120201, 1.7407131150363941, 1.8147860135485816, 1.8518224628046744, 1.7777495642924876, 1.6666402165242067, 1.6110855426400668, 1.6666402165242067, 1.7407131150363941, 1.8147860135485816, 1.8518224628046744, 1.7777495642924876, 1.6666402165242067, 1.518494419499833, 1.3888668471035062, 1.2962757239632723, 1.2036846008230389], [0.28703248173472456, 0.27314381326368947, 0.2638847009496661, 0.2592551447926545, 0.2685142571066778, 0.30092115020575966, 0.3472167117758765, 0.39814182950300503, 0.43517827875909854, 0.4536965033871453, 0.46295561570116867, 0.4444373910731219, 0.4166600541310518, 0.40277138566001675, 0.4166600541310518, 0.43517827875909854, 0.4536965033871453, 0.46295561570116867, 0.4444373910731219, 0.4166600541310518, 0.3796236048749583, 0.3472167117758765, 0.32406893099081807, 0.30092115020575966], [0.5740649634694492, 0.546287626527379, 0.5277694018993322, 0.5185102895853091, 0.5370285142133555, 0.6018423004115194, 0.6944334235517531, 0.7962836590060101, 0.8703565575181971, 0.9073930067742908, 0.9259112314023372, 0.8888747821462437, 0.8333201082621033, 0.8055427713200334, 0.8333201082621033, 0.8703565575181971, 0.9073930067742908, 0.9259112314023372, 0.8888747821462437, 0.8333201082621033, 0.7592472097499166, 0.6944334235517531, 0.648137861981636, 0.6018423004115194], [0.28703248173472456, 0.27314381326368947, 0.2638847009496661, 0.2592551447926545, 0.2685142571066778, 0.30092115020575966, 0.3472167117758765, 0.39814182950300503, 0.43517827875909854, 0.4536965033871453, 0.46295561570116867, 0.4444373910731219, 0.4166600541310518, 0.40277138566001675, 0.4166600541310518, 0.43517827875909854, 0.4536965033871453, 0.46295561570116867, 0.4444373910731219, 0.4166600541310518, 0.3796236048749583, 0.3472167117758765, 0.32406893099081807, 0.30092115020575966], [2.5832923356125215, 2.458294319373205, 2.3749623085469946, 2.3332963031338902, 2.4166283139601004, 2.708290351851837, 3.1249504059828888, 3.5832764655270455, 3.9166045088318873, 4.083268530484308, 4.166600541310519, 3.999936519658098, 3.749940487179466, 3.6249424709401503, 3.749940487179466, 3.9166045088318873, 4.083268530484308, 4.166600541310519, 3.999936519658098, 3.749940487179466, 3.416612443874625, 3.1249504059828888, 2.9166203789173633, 2.708290351851837], [0.5740649634694491, 0.5462876265273789, 0.5277694018993322, 0.518510289585309, 0.5370285142133556, 0.6018423004115193, 0.694433423551753, 0.7962836590060101, 0.8703565575181971, 0.9073930067742906, 0.9259112314023373, 0.8888747821462438, 0.8333201082621036, 0.8055427713200335, 0.8333201082621036, 0.8703565575181971, 0.9073930067742906, 0.9259112314023373, 0.8888747821462438, 0.8333201082621036, 0.7592472097499166, 0.694433423551753, 0.6481378619816361, 0.6018423004115193], [0.28703248173472456, 0.27314381326368947, 0.2638847009496661, 0.2592551447926545, 0.2685142571066778, 0.30092115020575966, 0.3472167117758765, 0.39814182950300503, 0.43517827875909854, 0.4536965033871453, 0.46295561570116867, 0.4444373910731219, 0.4166600541310518, 0.40277138566001675, 0.4166600541310518, 0.43517827875909854, 0.4536965033871453, 0.46295561570116867, 0.4444373910731219, 0.4166600541310518, 0.3796236048749583, 0.3472167117758765, 0.32406893099081807, 0.30092115020575966], [1.7221948904083475, 1.638862879582137, 1.5833082056979966, 1.5555308687559268, 1.6110855426400668, 1.805526901234558, 2.083300270655259, 2.38885097701803, 2.611069672554591, 2.722179020322872, 2.777733694207012, 2.6666243464387316, 2.4999603247863105, 2.4166283139601004, 2.4999603247863105, 2.611069672554591, 2.722179020322872, 2.777733694207012, 2.6666243464387316, 2.4999603247863105, 2.27774162924975, 2.083300270655259, 1.9444135859449085, 1.805526901234558], [0.5740649634694491, 0.5462876265273789, 0.5277694018993322, 0.518510289585309, 0.5370285142133556, 0.6018423004115193, 0.694433423551753, 0.7962836590060101, 0.8703565575181971, 0.9073930067742906, 0.9259112314023373, 0.8888747821462438, 0.8333201082621036, 0.8055427713200335, 0.8333201082621036, 0.8703565575181971, 0.9073930067742906, 0.9259112314023373, 0.8888747821462438, 0.8333201082621036, 0.7592472097499166, 0.694433423551753, 0.6481378619816361, 0.6018423004115193], [0.28703248173472456, 0.27314381326368947, 0.2638847009496661, 0.2592551447926545, 0.2685142571066778, 0.30092115020575966, 0.3472167117758765, 0.39814182950300503, 0.43517827875909854, 0.4536965033871453, 0.46295561570116867, 0.4444373910731219, 0.4166600541310518, 0.40277138566001675, 0.4166600541310518, 0.43517827875909854, 0.4536965033871453, 0.46295561570116867, 0.4444373910731219, 0.4166600541310518, 0.3796236048749583, 0.3472167117758765, 0.32406893099081807, 0.30092115020575966], [0.8610974452041738, 0.8194314397910685, 0.7916541028489983, 0.7777654343779634, 0.8055427713200334, 0.902763450617279, 1.0416501353276295, 1.194425488509015, 1.3055348362772956, 1.361089510161436, 1.388866847103506, 1.3333121732193658, 1.2499801623931552, 1.2083141569800502, 1.2499801623931552, 1.3055348362772956, 1.361089510161436, 1.388866847103506, 1.3333121732193658, 1.2499801623931552, 1.138870814624875, 1.0416501353276295, 0.9722067929724543, 0.902763450617279], [0.28703248173472456, 0.27314381326368947, 0.2638847009496661, 0.2592551447926545, 0.2685142571066778, 0.30092115020575966, 0.3472167117758765, 0.39814182950300503, 0.43517827875909854, 0.4536965033871453, 0.46295561570116867, 0.4444373910731219, 0.4166600541310518, 0.40277138566001675, 0.4166600541310518, 0.43517827875909854, 0.4536965033871453, 0.46295561570116867, 0.4444373910731219, 0.4166600541310518, 0.3796236048749583, 0.3472167117758765, 0.32406893099081807, 0.30092115020575966], [0.28703248173472456, 0.27314381326368947, 0.2638847009496661, 0.2592551447926545, 0.2685142571066778, 0.30092115020575966, 0.3472167117758765, 0.39814182950300503, 0.43517827875909854, 0.4536965033871453, 0.46295561570116867, 0.4444373910731219, 0.4166600541310518, 0.40277138566001675, 0.4166600541310518, 0.43517827875909854, 0.4536965033871453, 0.46295561570116867, 0.4444373910731219, 0.4166600541310518, 0.3796236048749583, 0.3472167117758765, 0.32406893099081807, 0.30092115020575966], [0.8610974452041738, 0.8194314397910685, 0.7916541028489983, 0.7777654343779634, 0.8055427713200334, 0.902763450617279, 1.0416501353276295, 1.194425488509015, 1.3055348362772956, 1.361089510161436, 1.388866847103506, 1.3333121732193658, 1.2499801623931552, 1.2083141569800502, 1.2499801623931552, 1.3055348362772956, 1.361089510161436, 1.388866847103506, 1.3333121732193658, 1.2499801623931552, 1.138870814624875, 1.0416501353276295, 0.9722067929724543, 0.902763450617279], [0.28703248173472456, 0.27314381326368947, 0.2638847009496661, 0.2592551447926545, 0.2685142571066778, 0.30092115020575966, 0.3472167117758765, 0.39814182950300503, 0.43517827875909854, 0.4536965033871453, 0.46295561570116867, 0.4444373910731219, 0.4166600541310518, 0.40277138566001675, 0.4166600541310518, 0.43517827875909854, 0.4536965033871453, 0.46295561570116867, 0.4444373910731219, 0.4166600541310518, 0.3796236048749583, 0.3472167117758765, 0.32406893099081807, 0.30092115020575966], [0.28703248173472456, 0.27314381326368947, 0.2638847009496661, 0.2592551447926545, 0.2685142571066778, 0.30092115020575966, 0.3472167117758765, 0.39814182950300503, 0.43517827875909854, 0.4536965033871453, 0.46295561570116867, 0.4444373910731219, 0.4166600541310518, 0.40277138566001675, 0.4166600541310518, 0.43517827875909854, 0.4536965033871453, 0.46295561570116867, 0.4444373910731219, 0.4166600541310518, 0.3796236048749583, 0.3472167117758765, 0.32406893099081807, 0.30092115020575966], [0.5740649634694491, 0.5462876265273789, 0.5277694018993322, 0.518510289585309, 0.5370285142133556, 0.6018423004115193, 0.694433423551753, 0.7962836590060101, 0.8703565575181971, 0.9073930067742906, 0.9259112314023373, 0.8888747821462438, 0.8333201082621036, 0.8055427713200335, 0.8333201082621036, 0.8703565575181971, 0.9073930067742906, 0.9259112314023373, 0.8888747821462438, 0.8333201082621036, 0.7592472097499166, 0.694433423551753, 0.6481378619816361, 0.6018423004115193], [0.28703248173472456, 0.27314381326368947, 0.2638847009496661, 0.2592551447926545, 0.2685142571066778, 0.30092115020575966, 0.3472167117758765, 0.39814182950300503, 0.43517827875909854, 0.4536965033871453, 0.46295561570116867, 0.4444373910731219, 0.4166600541310518, 0.40277138566001675, 0.4166600541310518, 0.43517827875909854, 0.4536965033871453, 0.46295561570116867, 0.4444373910731219, 0.4166600541310518, 0.3796236048749583, 0.3472167117758765, 0.32406893099081807, 0.30092115020575966], [0.5740649634694491, 0.5462876265273789, 0.5277694018993322, 0.518510289585309, 0.5370285142133556, 0.6018423004115193, 0.694433423551753, 0.7962836590060101, 0.8703565575181971, 0.9073930067742906, 0.9259112314023373, 0.8888747821462438, 0.8333201082621036, 0.8055427713200335, 0.8333201082621036, 0.8703565575181971, 0.9073930067742906, 0.9259112314023373, 0.8888747821462438, 0.8333201082621036, 0.7592472097499166, 0.694433423551753, 0.6481378619816361, 0.6018423004115193], [0.28703248173472456, 0.27314381326368947, 0.2638847009496661, 0.2592551447926545, 0.2685142571066778, 0.30092115020575966, 0.3472167117758765, 0.39814182950300503, 0.43517827875909854, 0.4536965033871453, 0.46295561570116867, 0.4444373910731219, 0.4166600541310518, 0.40277138566001675, 0.4166600541310518, 0.43517827875909854, 0.4536965033871453, 0.46295561570116867, 0.4444373910731219, 0.4166600541310518, 0.3796236048749583, 0.3472167117758765, 0.32406893099081807, 0.30092115020575966], [0.5740649634694491, 0.5462876265273789, 0.5277694018993322, 0.5185102895853091, 0.5370285142133557, 0.6018423004115193, 0.694433423551753, 0.7962836590060101, 0.8703565575181971, 0.9073930067742906, 0.9259112314023374, 0.8888747821462438, 0.8333201082621036, 0.8055427713200336, 0.8333201082621036, 0.8703565575181971, 0.9073930067742906, 0.9259112314023374, 0.8888747821462438, 0.8333201082621036, 0.7592472097499166, 0.694433423551753, 0.6481378619816361, 0.6018423004115193], [0.28703248173472456, 0.27314381326368947, 0.2638847009496661, 0.2592551447926546, 0.2685142571066779, 0.30092115020575966, 0.3472167117758765, 0.39814182950300503, 0.43517827875909854, 0.4536965033871453, 0.4629556157011688, 0.4444373910731219, 0.4166600541310518, 0.40277138566001686, 0.4166600541310518, 0.43517827875909854, 0.4536965033871453, 0.4629556157011688, 0.4444373910731219, 0.4166600541310518, 0.3796236048749583, 0.3472167117758765, 0.32406893099081807, 0.30092115020575966], [1.4351624086736228, 1.3657190663184473, 1.3194235047483305, 1.2962757239632725, 1.3425712855333891, 1.5046057510287982, 1.7360835588793824, 1.9907091475150251, 2.1758913937954927, 2.2684825169357263, 2.314778078505843, 2.2221869553656095, 2.083300270655259, 2.0138569283000836, 2.083300270655259, 2.1758913937954927, 2.2684825169357263, 2.314778078505843, 2.2221869553656095, 2.083300270655259, 1.8981180243747913, 1.7360835588793824, 1.6203446549540903, 1.5046057510287982], [1.1481299269388983, 1.0925752530547579, 1.0555388037986644, 1.037020579170618, 1.0740570284267112, 1.2036846008230386, 1.388866847103506, 1.5925673180120201, 1.7407131150363941, 1.8147860135485812, 1.8518224628046747, 1.7777495642924876, 1.6666402165242071, 1.611085542640067, 1.6666402165242071, 1.7407131150363941, 1.8147860135485812, 1.8518224628046747, 1.7777495642924876, 1.6666402165242071, 1.518494419499833, 1.388866847103506, 1.2962757239632723, 1.2036846008230386], [0.28703248173472456, 0.27314381326368947, 0.2638847009496661, 0.2592551447926545, 0.2685142571066778, 0.30092115020575966, 0.3472167117758765, 0.39814182950300503, 0.43517827875909854, 0.4536965033871453, 0.46295561570116867, 0.4444373910731219, 0.4166600541310518, 0.40277138566001675, 0.4166600541310518, 0.43517827875909854, 0.4536965033871453, 0.46295561570116867, 0.4444373910731219, 0.4166600541310518, 0.3796236048749583, 0.3472167117758765, 0.32406893099081807, 0.30092115020575966], [0.5740649634694491, 0.5462876265273789, 0.5277694018993322, 0.518510289585309, 0.5370285142133556, 0.6018423004115193, 0.694433423551753, 0.7962836590060101, 0.8703565575181971, 0.9073930067742906, 0.9259112314023373, 0.8888747821462438, 0.8333201082621036, 0.8055427713200335, 0.8333201082621036, 0.8703565575181971, 0.9073930067742906, 0.9259112314023373, 0.8888747821462438, 0.8333201082621036, 0.7592472097499166, 0.694433423551753, 0.6481378619816361, 0.6018423004115193], [0.28703248173472456, 0.27314381326368947, 0.2638847009496661, 0.2592551447926545, 0.2685142571066778, 0.30092115020575966, 0.3472167117758765, 0.39814182950300503, 0.43517827875909854, 0.4536965033871453, 0.46295561570116867, 0.4444373910731219, 0.4166600541310518, 0.40277138566001675, 0.4166600541310518, 0.43517827875909854, 0.4536965033871453, 0.46295561570116867, 0.4444373910731219, 0.4166600541310518, 0.3796236048749583, 0.3472167117758765, 0.32406893099081807, 0.30092115020575966], [1.7221948904083475, 1.638862879582137, 1.5833082056979966, 1.555530868755927, 1.6110855426400668, 1.805526901234558, 2.083300270655259, 2.38885097701803, 2.611069672554591, 2.722179020322872, 2.777733694207012, 2.6666243464387316, 2.4999603247863105, 2.4166283139601004, 2.4999603247863105, 2.611069672554591, 2.722179020322872, 2.777733694207012, 2.6666243464387316, 2.4999603247863105, 2.27774162924975, 2.083300270655259, 1.9444135859449083, 1.805526901234558], [1.435162408673623, 1.3657190663184475, 1.3194235047483305, 1.2962757239632725, 1.342571285533389, 1.5046057510287985, 1.7360835588793826, 1.9907091475150251, 2.1758913937954927, 2.268482516935727, 2.314778078505843, 2.2221869553656095, 2.0833002706552586, 2.0138569283000836, 2.0833002706552586, 2.1758913937954927, 2.268482516935727, 2.314778078505843, 2.2221869553656095, 2.0833002706552586, 1.8981180243747913, 1.7360835588793826, 1.6203446549540903, 1.5046057510287985], [1.1481299269388983, 1.0925752530547579, 1.0555388037986644, 1.037020579170618, 1.0740570284267112, 1.2036846008230386, 1.388866847103506, 1.5925673180120201, 1.7407131150363941, 1.8147860135485812, 1.8518224628046747, 1.7777495642924876, 1.6666402165242071, 1.611085542640067, 1.6666402165242071, 1.7407131150363941, 1.8147860135485812, 1.8518224628046747, 1.7777495642924876, 1.6666402165242071, 1.518494419499833, 1.388866847103506, 1.2962757239632723, 1.2036846008230386], [0.28703248173472456, 0.27314381326368947, 0.2638847009496661, 0.2592551447926545, 0.2685142571066778, 0.30092115020575966, 0.3472167117758765, 0.39814182950300503, 0.43517827875909854, 0.4536965033871453, 0.46295561570116867, 0.4444373910731219, 0.4166600541310518, 0.40277138566001675, 0.4166600541310518, 0.43517827875909854, 0.4536965033871453, 0.46295561570116867, 0.4444373910731219, 0.4166600541310518, 0.3796236048749583, 0.3472167117758765, 0.32406893099081807, 0.30092115020575966], [0.5740649634694491, 0.5462876265273789, 0.5277694018993322, 0.518510289585309, 0.5370285142133556, 0.6018423004115193, 0.694433423551753, 0.7962836590060101, 0.8703565575181971, 0.9073930067742906, 0.9259112314023373, 0.8888747821462438, 0.8333201082621036, 0.8055427713200335, 0.8333201082621036, 0.8703565575181971, 0.9073930067742906, 0.9259112314023373, 0.8888747821462438, 0.8333201082621036, 0.7592472097499166, 0.694433423551753, 0.6481378619816361, 0.6018423004115193], [0.28703248173472456, 0.27314381326368947, 0.2638847009496661, 0.2592551447926545, 0.2685142571066778, 0.30092115020575966, 0.3472167117758765, 0.39814182950300503, 0.43517827875909854, 0.4536965033871453, 0.46295561570116867, 0.4444373910731219, 0.4166600541310518, 0.40277138566001675, 0.4166600541310518, 0.43517827875909854, 0.4536965033871453, 0.46295561570116867, 0.4444373910731219, 0.4166600541310518, 0.3796236048749583, 0.3472167117758765, 0.32406893099081807, 0.30092115020575966]]
    delivery = [[-3.3151916126237317, -0.4466739976510521, -1.736418315851156, -0.7257819296743353, -0.4503551353412871, -6.045503504233968, 6.143287572066576, 4.581297841179932, 0.5157540549999844, 0.0, 1.5883190955487443, 5.160036978991879, 6.0239864733945865, 3.301943669716241, 0.9691442221923742, 0.0, -0.0010615149218565247, 2.7980169858319073, 3.6121479235924454, -4.337347365187448, -2.455032530863921, -1.3927923978085275, -0.8537945549328558, 0.0735470129027541]]
    mismatch = [[0.0, 0.0, 0.0, 0.0, 0.0, 0.0, 0.0, 0.0, 0.0, 0.0, 0.0, 0.0, 0.0, 0.0, 0.0, 0.0, 0.0, 0.0, 0.0, 0.0, 0.0, 0.0, 0.0, 0.0]]
    v = [[0.998411044506322, 0.9984539017261514, 0.9985431979010773, 0.9985687558326373, 0.9985176399695169, 0.9983387344485968, 0.998094718264562, 0.9978471966854267, 0.9976844214772245, 0.9976257249459021, 0.9976183431600472, 0.9977542225643797, 0.9979306553537666, 0.997986546674787, 0.9978719756367219, 0.9977304095345553, 0.997576141311438, 0.9974703788255397, 0.9975464385702354, 0.9976863253146837, 0.9979036262987727, 0.9980831551329962, 0.9982109447907966, 0.9983387344485968], [0.9967248243623087, 0.9967377497421965, 0.9969929632525489, 0.997045718283206, 0.9969402082218916, 0.9965709230072924, 0.9960549358322878, 0.9955082461630856, 0.9951278941621076, 0.9949604092343971, 0.9948986332503482, 0.9951433010510689, 0.9954829164350375, 0.995620399053349, 0.9954242367179928, 0.9951738822194384, 0.994910825599933, 0.9947506689158407, 0.9949355170569245, 0.9952027759928181, 0.9956701477241402, 0.996043372700722, 0.9963071478540074, 0.9965709230072924], [0.9949533957908802, 0.9950520354564822, 0.9953643918239775, 0.9954457182832059, 0.9952830653647486, 0.9947137801501496, 0.9939120786894307, 0.9930511033059428, 0.9924421798763933, 0.9921604092343971, 0.9920414903932053, 0.9924004439082117, 0.9929114878636089, 0.9931346847676347, 0.9928528081465643, 0.9924881679337241, 0.992110825599933, 0.9918935260586978, 0.9921926599140674, 0.9926313474213896, 0.9933272905812831, 0.9939005155578648, 0.9943071478540074, 0.9947137801501496], [0.9931819672194515, 0.993366321170768, 0.9937358203954061, 0.993845718283206, 0.9936259225076058, 0.9928566372930068, 0.9917692215465734, 0.9905939604487999, 0.989756465590679, 0.989360409234397, 0.9891843475360625, 0.9896575867653545, 0.9903400592921804, 0.9906489704819204, 0.9902813795751357, 0.9898024536480098, 0.989310825599933, 0.9890363832015551, 0.9894498027712102, 0.990059918849961, 0.9909844334384259, 0.9917576584150076, 0.9923071478540074, 0.9928566372930068], [0.991410538648023, 0.9916806068850537, 0.9921072489668347, 0.992245718283206, 0.991968779650463, 0.9909994944358639, 0.9896263644037163, 0.9881368175916571, 0.9870707513049647, 0.986560409234397, 0.9863272046789197, 0.9869147296224974, 0.9877686307207518, 0.988163256196206, 0.9877099510037072, 0.9871167393622955, 0.986510825599933, 0.9861792403444122, 0.986706945628353, 0.9874884902785325, 0.9886415762955688, 0.9896148012721505, 0.9903071478540074, 0.9909994944358639], [0.9896391100765944, 0.9899948925993394, 0.9904786775382632, 0.9906457182832059, 0.9903116367933202, 0.989142351578721, 0.9874835072608592, 0.9856796747345142, 0.9843850370192504, 0.983760409234397, 0.9834700618217768, 0.9841718724796402, 0.9851972021493233, 0.9856775419104917, 0.9851385224322786, 0.9844310250765812, 0.983710825599933, 0.9833220974872693, 0.9839640884854959, 0.9849170617071039, 0.9862987191527117, 0.9874719441292934, 0.9883071478540074, 0.989142351578721], [0.9971094273030044, 0.9972152660004138, 0.9973465498270595, 0.9973931015844795, 0.9972999980696392, 0.9969741357676993, 0.9965541034714079, 0.9961742663118, 0.9959658390898919, 0.9959508841495254, 0.9960298150569493, 0.9963483801749461, 0.996718499747523, 0.996776404104414, 0.9964876744540296, 0.9961467398741014, 0.9957558396340768, 0.9954477755949451, 0.9955310312876793, 0.9957968809872872, 0.9961821325782559, 0.9965086181934991, 0.9967413769805994, 0.9969741357676993], [0.9958629095290588, 0.9960290636026268, 0.996200557680045, 0.9962672145628512, 0.9961339007972384, 0.9956673026175951, 0.9950841195996504, 0.9945933082983182, 0.9943606818330375, 0.9944080019098804, 0.9945900699629164, 0.9950993427395338, 0.9956657595361079, 0.9957158604548182, 0.9952425994505038, 0.9946923178949846, 0.99405043687615, 0.993523047086701, 0.993600939250602, 0.9939874197025275, 0.9945335122965859, 0.9950007337895326, 0.995334018203564, 0.9956673026175951], [0.9940914809576302, 0.9943433493169125, 0.9945719862514736, 0.9946672145628511, 0.9944767579400956, 0.9938101597604522, 0.9929412624567932, 0.9921361654411752, 0.9916749675473232, 0.9916080019098804, 0.9917329271057737, 0.9923564855966767, 0.9930943309646794, 0.9932301461691039, 0.9926711708790752, 0.9920066036092703, 0.99125043687615, 0.9906659042295582, 0.990858082107745, 0.9914159911310989, 0.9921906551537287, 0.9928578766466755, 0.993334018203564, 0.9938101597604522], [0.9905486238147732, 0.9909719207454839, 0.9913148433943306, 0.9914672145628511, 0.9911624722258099, 0.9900958740461664, 0.9886555481710789, 0.9872218797268896, 0.9863035389758946, 0.9860080019098804, 0.9860186413914879, 0.9868707713109623, 0.9879514738218222, 0.9882587175976753, 0.9875283137362181, 0.9866351750378417, 0.98565043687615, 0.9849516185152725, 0.9853723678220306, 0.9862731339882418, 0.9875049408680145, 0.9885721623609612, 0.989334018203564, 0.9900958740461664], [0.9887771952433445, 0.9892862064597696, 0.9896862719657592, 0.9898672145628512, 0.989505329368667, 0.9882387311890236, 0.9865126910282217, 0.9847647368697466, 0.9836178246901803, 0.9832080019098803, 0.9831614985343451, 0.9841279141681052, 0.9853800452503937, 0.9857730033119609, 0.9849568851647895, 0.9839494607521274, 0.9828504368761499, 0.9820944756581297, 0.9826295106791735, 0.9837017054168132, 0.9851620837251573, 0.986429305218104, 0.987334018203564, 0.9882387311890236], [0.9923200523862017, 0.9926576350311982, 0.992943414822902, 0.9930672145628512, 0.9928196150829527, 0.9919530169033093, 0.990798405313936, 0.9896790225840324, 0.9889892532616089, 0.9888080019098804, 0.9888757842486308, 0.9896136284538195, 0.9905229023932508, 0.9907444318833896, 0.9900997423076466, 0.989320889323556, 0.98845043687615, 0.9878087613724154, 0.9881152249648878, 0.9888445625596703, 0.9898477980108716, 0.9907150195038184, 0.991334018203564, 0.9919530169033093], [0.9966588584865582, 0.9967466661972738, 0.9969445462495865, 0.9969981507013481, 0.9968909417978247, 0.9965157106354934, 0.9959912292494426, 0.9954351959480898, 0.9950480485782749, 0.9948771659661462, 0.994813691139888, 0.9950617566250269, 0.9954064685356233, 0.9955464994172486, 0.9953477888185787, 0.9950940366356057, 0.9948275823316821, 0.9946657268053806, 0.9948539726308826, 0.9951416224768924, 0.9956038116422422, 0.9959796661178768, 0.9962476883766852, 0.9965157106354934], [0.9949687898500471, 0.994969957381644, 0.9954424794113856, 0.9955224359129402, 0.9953625229098307, 0.9948028273989484, 0.9940148255149677, 0.9931689196658919, 0.992570955897733, 0.9922946650864323, 0.9921784861605881, 0.9925319598448991, 0.9930347840542535, 0.9932538710852576, 0.9929761043372088, 0.9926169439550638, 0.9922450814519682, 0.9920305218260806, 0.9923241758507547, 0.9926831936773882, 0.9934429435592164, 0.9940032623834019, 0.9944030448911754, 0.9948028273989484], [0.9933483524197508, 0.9931153716738631, 0.9940486804476385, 0.9941530895625922, 0.9939442713326846, 0.9932134075280087, 0.9921808795100372, 0.9910659949135717, 0.9902724102382202, 0.9898983089733232, 0.9897332248206809, 0.9901845089585881, 0.990834048848337, 0.9911264937195383, 0.9907753691312924, 0.990318398295551, 0.9898487253388591, 0.9895852604861735, 0.9899767249644438, 0.9903214747686806, 0.9914378292604924, 0.9921693163784714, 0.9926913619532403, 0.9932134075280087], [0.9948874299151297, 0.9950609519115595, 0.9953159748210151, 0.9953981507013481, 0.9952337989406819, 0.9946585677783505, 0.9938483721065855, 0.992978053090947, 0.9923623342925606, 0.9920771659661461, 0.9919565482827452, 0.9923188994821698, 0.9928350399641948, 0.9930607851315343, 0.9927763602471501, 0.9924083223498914, 0.9920275823316821, 0.9918085839482377, 0.9921111154880254, 0.9925701939054639, 0.9932609544993851, 0.9938368089750197, 0.9942476883766852, 0.9946585677783505], [0.993116001343701, 0.9933752376258452, 0.9936874033924437, 0.9937981507013481, 0.993576656083539, 0.9928014249212077, 0.9917055149637283, 0.9905209102338041, 0.9896766200068463, 0.9892771659661461, 0.9890994054256024, 0.9895760423393126, 0.9902636113927662, 0.99057507084582, 0.9902049316757215, 0.9897226080641771, 0.9892275823316821, 0.9889514410910949, 0.9893682583451683, 0.9899987653340353, 0.9909180973565279, 0.9916939518321625, 0.9922476883766852, 0.9928014249212077], [0.9913445727722725, 0.9916895233401309, 0.9920588319638722, 0.9921981507013481, 0.991919513226396, 0.9909442820640648, 0.9895626578208712, 0.9880637673766612, 0.986990905721132, 0.9864771659661462, 0.9862422625684595, 0.9868331851964555, 0.9876921828213376, 0.9880893565601058, 0.987633503104293, 0.9870368937784628, 0.9864275823316822, 0.986094298233952, 0.9866254012023111, 0.9874273367626067, 0.9885752402136708, 0.9895510946893054, 0.9902476883766852, 0.9909442820640648], [0.9948681873634648, 0.9950824731547229, 0.9952860550439344, 0.9953687558326373, 0.9952033542552312, 0.9946244487343111, 0.9938090039788476, 0.9929329109711409, 0.9923129929057959, 0.992025724945902, 0.9919040574457615, 0.9922685082786654, 0.9927877982109095, 0.9930151181033584, 0.9927291184938648, 0.9923589809631267, 0.991976141311438, 0.991756093111254, 0.9920607242845211, 0.9925434681718266, 0.9932179120130584, 0.9937974408472818, 0.9942109447907966, 0.9946244487343111], [0.9990575649794053, 0.9991116240893634, 0.9991962110597802, 0.9991939180653221, 0.9992738551871108, 0.9990983384952143, 0.9994095703304132, 0.9992762699237703, 0.9991996026185619, 0.9991989569644176, 0.9992348481672905, 0.9993532985211594, 0.9994879728130823, 0.9995093610978075, 0.9994075782828451, 0.9992856225634106, 0.9991152497669505, 0.9990288880796035, 0.9989240604430354, 0.9986403863480747, 0.9987738076140381, 0.9988844867074163, 0.9991665775004516, 0.9993731263834973], [0.9979212350590694, 0.9980044607639604, 0.9983728140458686, 0.9982632347177072, 0.9981496325223439, 0.9978069210628403, 0.9983492273258864, 0.998186912952285, 0.9981219463906839, 0.998241020311581, 0.9984452657170905, 0.9987645349453388, 0.9990789808747635, 0.9990777945091251, 0.9988138262029823, 0.9985006945118677, 0.9980539802765942, 0.9977525920720336, 0.9975895211445963, 0.9973391613079048, 0.9976048842131539, 0.997793226518276, 0.9980898844221305, 0.9982917960341487], [0.9969436631791393, 0.9971017628645997, 0.9977261498478067, 0.9974684663116599, 0.9971165115055306, 0.9966078364321211, 0.9975285767639439, 0.9974115988903881, 0.9974225694221175, 0.9977287622221854, 0.9981686772922524, 0.998720681429295, 0.9992251410235883, 0.9991716563728877, 0.9987179802978301, 0.9981847443487298, 0.9974063727982806, 0.9968384872085752, 0.9965688214415213, 0.9963591135459839, 0.9966950454314676, 0.9969320794196571, 0.9972099360182585, 0.9973678916751572], [0.9972861364079768, 0.9974259098036491, 0.9975676396312088, 0.997593918065322, 0.997616712329968, 0.9972411956380715, 0.9972667131875561, 0.9968191270666275, 0.9965138883328476, 0.9963989569644176, 0.9963777053101476, 0.9966104413783022, 0.9969165442416538, 0.9970236468120932, 0.9968361497114165, 0.9965999082776963, 0.9963152497669505, 0.9961717452224607, 0.9961812033001782, 0.9960689577766462, 0.996430950471181, 0.9967416295645591, 0.9971665775004516, 0.9975159835263544], [0.9955147078365482, 0.9957401955179348, 0.9959390682026373, 0.9959939180653221, 0.995959569472825, 0.9953840527809287, 0.9951238560446989, 0.9943619842094845, 0.9938281740471333, 0.9935989569644176, 0.9935205624530048, 0.9938675842354451, 0.9943451156702252, 0.9945379325263789, 0.994264721139988, 0.993914193991982, 0.9935152497669505, 0.9933146023653179, 0.9934383461573211, 0.9934975292052176, 0.9940880933283238, 0.9945987724217019, 0.9951665775004516, 0.9956588406692116], [0.9905486238147732, 0.9909719207454839, 0.9913148433943306, 0.9914672145628511, 0.9911624722258099, 0.9900958740461664, 0.9886555481710789, 0.9872218797268896, 0.9863035389758946, 0.9860080019098804, 0.9860186413914879, 0.9868707713109623, 0.9879514738218222, 0.9882587175976753, 0.9875283137362181, 0.9866351750378417, 0.98565043687615, 0.9849516185152725, 0.9853723678220306, 0.9862731339882418, 0.9875049408680145, 0.9885721623609612, 0.989334018203564, 0.9900958740461664], [0.9972861364079768, 0.9974259098036491, 0.9975676396312088, 0.997593918065322, 0.997616712329968, 0.9972411956380715, 0.9972667131875561, 0.9968191270666275, 0.9965138883328476, 0.9963989569644176, 0.9963777053101476, 0.9966104413783022, 0.9969165442416538, 0.9970236468120932, 0.9968361497114165, 0.9965999082776963, 0.9963152497669505, 0.9961717452224607, 0.9961812033001782, 0.9960689577766462, 0.996430950471181, 0.9967416295645591, 0.9971665775004516, 0.9975159835263544], [0.9955147078365482, 0.9957401955179348, 0.9959390682026373, 0.9959939180653221, 0.995959569472825, 0.9953840527809287, 0.9951238560446989, 0.9943619842094845, 0.9938281740471333, 0.9935989569644176, 0.9935205624530048, 0.9938675842354451, 0.9943451156702252, 0.9945379325263789, 0.994264721139988, 0.993914193991982, 0.9935152497669505, 0.9933146023653179, 0.9934383461573211, 0.9934975292052176, 0.9940880933283238, 0.9945987724217019, 0.9951665775004516, 0.9956588406692116], [0.9986294598689726, 0.9987200600883155, 0.9988290077983222, 0.998838895173659, 0.9992076950419077, 0.9988370021606618, 0.9999493088047706, 0.9996820243303832, 0.9995079140668152, 0.999458546933491, 0.9994700773967738, 0.9996372492298227, 0.9998450057405154, 0.9999029351346255, 0.9997646112102782, 0.9995939340116639, 0.9993207257002288, 0.9992641173090869, 0.9989140116095753, 0.997871230883383, 0.9981020951077061, 0.998298036789649, 0.9990853282893469, 0.9996579695578004], [0.9983041011402339, 0.9984274813748613, 0.9985582824283908, 0.9985790964754893, 0.9992632239178049, 0.9986977238045792, 1.0006942301715742, 1.0003067523078106, 1.000045228670151, 0.9999521548497812, 0.9999418319695412, 1.0001527104896357, 1.0004260270308971, 1.0005167364402916, 1.0003456325006599, 1.0001312486149998, 0.999756080576576, 0.9997358718818543, 0.9991129862718013, 0.9972399253453239, 0.9975582029437386, 0.9978306313280116, 0.9991508379986782, 1.000106646180086], [0.9980985080000209, 0.9982502841573637, 0.9984000158260371, 0.9984302951807073, 0.9994605987350275, 0.9987007214623533, 1.0016783215165697, 1.0011867252695157, 1.000849479171281, 1.0007185441206237, 1.0006892906252398, 1.000938030375622, 1.0012681387623146, 1.0013872440944247, 1.0011877442320773, 1.0009354991161297, 1.0004593922067502, 1.000483330537553, 0.9995556076840509, 0.9967693035930985, 0.9971633036520879, 0.9975019891893641, 0.9993874161990601, 1.0007462940949292], [0.9963270794285923, 0.9965645698716494, 0.9967714443974657, 0.9968302951807072, 0.9978034558778845, 0.9968435786052104, 0.9995354643737125, 0.9987295824123729, 0.9981637648855667, 0.9979185441206236, 0.9978321477680969, 0.9981951732327647, 0.998696710190886, 0.9989015298087104, 0.9986163156606488, 0.9982497848304154, 0.9976593922067502, 0.99762618768041, 0.9968127505411938, 0.9941978750216699, 0.9948204465092308, 0.995359132046507, 0.9973874161990601, 0.9988891512377863], [0.9982037763469593, 0.9983725691522821, 0.998533645252942, 0.9985695968236055, 1.0000261464206817, 0.9990730082773728, 1.0032831983143673, 1.0027292076913874, 1.0023465838652066, 1.0021929599505761, 1.002152362023206, 1.002423790637561, 1.0027879323202133, 1.002924054300303, 1.0027075377899761, 1.0024326038100553, 1.0018582077459566, 1.001946401935519, 1.0006306343805276, 0.9967157498922254, 0.9971551276791613, 0.9975335187283902, 1.000068016811786, 1.001881623788977], [0.9985158622123341, 0.9986941009839674, 0.998861474395501, 0.9989005746216012, 1.0008366411395055, 0.9996909847974329, 1.0053010864118477, 1.0047124605790625, 1.004304647509387, 1.0041384289730093, 1.0040915337347653, 1.0043755569708677, 1.0047585905861411, 1.0049041585325413, 1.004678196055904, 1.0043906674542358, 1.0037197451033169, 1.0038855736470784, 1.0021264031017822, 0.9969396734053687, 0.9974042404357992, 0.9978046720730861, 1.001044027493776, 1.0033467327569012], [0.9978390542870335, 0.9979744736725435, 0.99814377634246, 0.9981599471149725, 0.9982029567028201, 0.9978981936421301, 0.9980665554612734, 0.9978515781275076, 0.9977777844741851, 0.9978605389846671, 0.9980174762770506, 0.9983313218332083, 0.9986601657085569, 0.9986618760833266, 0.9983678118069472, 0.9980299197347409, 0.9975977287423888, 0.9972770482521061, 0.9971515388138646, 0.9969525454275884, 0.9972240594919095, 0.9974550071923952, 0.9978741138125146, 0.998172981530413], [0.9960206734110673, 0.9962852405743832, 0.9965966425067274, 0.9966399559781124, 0.9966286801682149, 0.9961339182154173, 0.9960308530458357, 0.9955173060244724, 0.9952263707801698, 0.9952005544951619, 0.9953032063898004, 0.995725622741448, 0.9962173228100316, 0.9963004612814188, 0.995924968908422, 0.9954785060407256, 0.9949377442528836, 0.9945627783648558, 0.9945458397221044, 0.9944617386014825, 0.9949327217733197, 0.9953371711444639, 0.9959741248914394, 0.9964087061037002], [0.9942492448396387, 0.9945995262886689, 0.994968071078156, 0.9950399559781123, 0.9949715373110721, 0.9942767753582744, 0.9938879959029786, 0.9930601631673296, 0.9925406564944556, 0.9924005544951618, 0.9924460635326575, 0.9929827655985909, 0.9936458942386031, 0.9938147469957045, 0.9933535403369934, 0.9927927917550113, 0.9921377442528836, 0.991705635507713, 0.9918029825792473, 0.9918903100300539, 0.9925898646304626, 0.9931943140016067, 0.9939741248914394, 0.9945515632465574], [0.9924778162682101, 0.9929138120029546, 0.9933394996495846, 0.9934399559781124, 0.9933143944539292, 0.9924196325011316, 0.9917451387601214, 0.9906030203101867, 0.9898549422087413, 0.9896005544951618, 0.9895889206755147, 0.9902399084557337, 0.9910744656671745, 0.9913290327099902, 0.9907821117655649, 0.990107077469297, 0.9893377442528836, 0.9888484926505702, 0.9890601254363901, 0.9893188814586253, 0.9902470074876054, 0.9910514568587495, 0.9919741248914394, 0.9926944203894146], [0.9940859348359852, 0.9945872871178957, 0.9952513281773551, 0.9953182436545185, 0.995259763833064, 0.9945997878398173, 0.994260702612451, 0.9934875335275247, 0.9930077822369945, 0.9928875579288726, 0.9929430058119542, 0.9934598301867158, 0.9940931422899701, 0.9942470867786927, 0.9938007883883604, 0.9932599174975503, 0.9926247476865943, 0.9922025777870096, 0.9922800471673721, 0.9921707294397696, 0.9927690600384023, 0.99328134263937, 0.9943219844869471, 0.9948745757281002], [0.9966396159348935, 0.9967681874404372, 0.9969146264725058, 0.9969687558326372, 0.996860497112374, 0.9964815915914539, 0.9959518611217049, 0.9953900538282838, 0.9949987071915102, 0.994825724945902, 0.9947612003029043, 0.9950113654215226, 0.995359226782338, 0.9955008323890727, 0.9953005470652934, 0.995044695248841, 0.994776141311438, 0.9946132359683968, 0.9948035814273782, 0.9951148967432552, 0.9955607691559156, 0.9959402979901391, 0.9962109447907966, 0.9964815915914539], [0.9948681873634649, 0.9950824731547229, 0.9952860550439344, 0.9953687558326372, 0.9952033542552312, 0.994624448734311, 0.9938090039788477, 0.992932910971141, 0.9923129929057959, 0.992025724945902, 0.9919040574457614, 0.9922685082786654, 0.9927877982109095, 0.9930151181033584, 0.9927291184938648, 0.9923589809631267, 0.991976141311438, 0.9917560931112539, 0.9920607242845211, 0.9925434681718266, 0.9932179120130585, 0.9937974408472819, 0.9942109447907966, 0.994624448734311], [0.9931160013437011, 0.9933752376258452, 0.9936874033924437, 0.993798150701348, 0.9935766560835391, 0.9928014249212076, 0.9917055149637284, 0.9905209102338042, 0.9896766200068463, 0.9892771659661461, 0.9890994054256023, 0.9895760423393126, 0.9902636113927662, 0.99057507084582, 0.9902049316757215, 0.9897226080641771, 0.9892275823316821, 0.9889514410910948, 0.9893682583451683, 0.9899987653340353, 0.990918097356528, 0.9916939518321626, 0.9922476883766852, 0.9928014249212076], [0.9913445727722726, 0.9916895233401309, 0.9920588319638722, 0.992198150701348, 0.9919195132263963, 0.9909442820640647, 0.9895626578208713, 0.9880637673766614, 0.986990905721132, 0.9864771659661461, 0.9862422625684594, 0.9868331851964555, 0.9876921828213376, 0.9880893565601057, 0.987633503104293, 0.9870368937784628, 0.986427582331682, 0.9860942982339519, 0.9866254012023111, 0.9874273367626067, 0.9885752402136709, 0.9895510946893055, 0.9902476883766852, 0.9909442820640647], [0.9913445727722726, 0.9916895233401309, 0.9920588319638722, 0.992198150701348, 0.9919195132263963, 0.9909442820640647, 0.9895626578208713, 0.9880637673766614, 0.986990905721132, 0.9864771659661461, 0.9862422625684594, 0.9868331851964555, 0.9876921828213376, 0.9880893565601057, 0.987633503104293, 0.9870368937784628, 0.986427582331682, 0.9860942982339519, 0.9866254012023111, 0.9874273367626067, 0.9885752402136709, 0.9895510946893055, 0.9902476883766852, 0.9909442820640647], [1.0, 1.0, 1.0, 1.0, 1.0, 1.0, 1.0, 1.0, 1.0, 1.0, 1.0, 1.0, 1.0, 1.0, 1.0, 1.0, 1.0, 1.0, 1.0, 1.0, 1.0, 1.0, 1.0, 1.0]]
    "τ_IN" = [[293.15, 293.15, 293.15, 293.15, 293.15, 293.15, 293.15, 293.15, 293.15, 293.15, 293.15, 293.15, 293.15, 293.27250076872696, 293.15, 293.7686566569052, 293.29833023686973, 294.5443592031058, 293.7546513242547, 294.4761145906621, 293.15, 293.15, 293.6609488789316, 294.15], [293.16990776199424, 293.15, 293.15, 293.15, 293.15, 293.15, 293.15, 293.15, 293.15, 293.15, 293.15, 293.15, 293.15, 293.1876692523739, 293.15, 293.5089531845089, 293.15, 294.49216031575895, 293.7808266925443, 294.41305544829413, 293.15, 293.15, 293.60207233532515, 294.15], [293.26752441740405, 293.15, 293.15, 293.15, 293.15, 293.15, 293.15, 293.15, 293.15, 293.15, 293.15, 293.15, 293.15, 293.15, 293.15, 293.5485276549858, 293.15, 293.78172565467463, 293.19636938952635, 293.15, 293.15, 293.15, 293.5917432525301, 294.15], [293.34631497801695, 293.15, 293.15, 293.15, 293.15, 293.15, 293.15, 293.15, 293.15, 293.15, 293.15, 293.15, 293.15, 294.70918745481566, 294.315085737218, 294.79088206635754, 294.4499030116567, 293.7343229283337, 293.15, 293.15, 293.15, 293.15, 293.629750556581, 294.15], [293.3059663434786, 294.3175576171939, 293.15, 293.15, 293.15, 293.15, 293.15, 293.15, 293.15, 293.15, 293.15, 293.15, 293.15, 294.58580693672315, 294.0977839292367, 294.5804029928015, 293.8733655647729, 293.15, 293.15, 293.15, 293.15, 293.15, 293.69166666666666, 294.15], [293.1753373444524, 293.15, 293.15, 293.15, 293.15, 293.15, 293.15, 293.15, 293.15, 293.15, 293.15, 293.15, 293.15, 293.1795972507718, 293.15, 293.50070800259937, 293.15, 294.4992912317943, 293.79368692112615, 294.40705516066396, 293.15, 293.15, 293.5964700359115, 294.15], [293.28343544549085, 293.15, 293.15, 293.15, 293.15, 293.15, 293.15, 293.15, 293.15, 293.15, 293.15, 293.15, 293.15, 293.15, 293.15, 293.5254473024566, 293.15, 294.47788357543817, 293.81232424282763, 293.15, 293.15, 293.15, 293.57583079429594, 294.15], [293.3472953448373, 293.15, 293.15, 293.15, 293.15, 293.15, 293.15, 293.15, 293.15, 293.15, 293.15, 293.15, 293.15, 293.15, 293.3703689749876, 293.15, 294.317009109355, 293.68711289061036, 293.15, 293.15, 293.15, 293.15, 293.58223893803006, 294.15], [293.2876201004835, 293.15, 293.15, 293.15, 293.15, 293.15, 293.15, 293.15, 293.15, 293.15, 293.15, 293.15, 293.15, 293.2703139743398, 293.39588459099394, 293.5193684701337, 293.15, 294.48314088849116, 293.82188912361306, 293.15, 293.15, 293.15, 293.5716457631696, 294.15], [293.35674302850873, 293.15, 293.15, 293.15, 293.15, 293.15, 293.15, 293.15, 293.15, 293.15, 293.15, 293.15, 293.15, 293.15, 293.35721603248993, 293.15, 294.288280635781, 293.6740086126955, 293.15, 293.15, 293.15, 293.15, 293.57301704400163, 294.15], [293.39683208032443, 293.15, 293.15, 293.15, 293.15, 293.15, 293.15, 293.15, 293.15, 293.15, 293.15, 293.15, 293.15, 294.7658412814876, 294.42169906101526, 294.9003865136019, 294.2986455871864, 293.66502161256966, 293.15, 293.15, 293.15, 293.15, 293.5812314339055, 294.15], [293.4171982249183, 293.15, 293.15, 293.15, 293.15, 293.15, 293.15, 293.15, 293.15, 293.15, 293.15, 293.15, 293.15, 294.3395579610896, 294.01205602318475, 294.25002061300364, 293.7201633036759, 293.15, 293.15, 293.15, 293.15, 293.15, 293.58572023946203, 294.15], [293.86764559483686, 294.2158816810977, 293.15, 293.15, 293.15, 293.15, 293.15, 293.15, 293.15, 293.15, 293.15, 293.15, 293.15, 294.58300819463403, 294.17569559451795, 293.69570916856384, 293.15, 293.15, 293.15, 293.15, 293.15, 293.15, 293.63785881701426, 294.15], [293.5432114193363, 293.15, 293.15, 293.15, 294.04513470254847, 294.72562971091907, 293.15, 293.15, 293.15, 293.15, 293.15, 293.15, 293.15, 293.15, 293.15, 293.15, 294.12491001609675, 293.15, 293.15, 293.15, 293.15, 293.15, 293.6185968443168, 294.15], [293.54620862824777, 293.15, 293.15, 293.15, 294.0477398816524, 294.73057683695885, 293.15, 293.15, 293.15, 293.15, 293.15, 293.15, 293.15, 293.15, 293.15, 293.15, 294.12787991276576, 293.15, 293.15, 293.15, 293.15, 293.15, 293.61588952563204, 294.15], [293.49853541593995, 293.15, 293.15, 293.15, 293.997243701241, 294.6409422229528, 293.15, 293.15, 293.15, 293.15, 293.15, 293.15, 293.15, 293.15, 293.15, 293.15, 293.15, 293.15, 293.15, 293.15, 293.15, 293.15, 293.60580115743005, 294.15], [293.45462624657023, 293.15, 293.15, 293.15, 293.9669977238353, 293.15, 293.15, 293.15, 293.15, 293.15, 293.15, 293.15, 293.15, 293.15, 293.15, 293.15, 293.15, 293.15, 293.15, 293.15, 293.15, 293.15, 293.59123626808827, 294.15], [293.3669428033811, 293.15, 293.15, 293.15, 293.9169817808183, 293.15, 293.15, 293.15, 293.15, 293.15, 293.15, 293.15, 293.15, 293.15, 293.15, 293.15, 293.15, 293.15, 293.15, 293.15, 293.15, 293.15, 293.61740306054605, 294.15], [293.39793562214396, 293.15, 293.15, 293.15, 293.94418415544055, 293.15, 293.15, 293.15, 293.15, 293.15, 293.15, 293.15, 293.15, 293.15, 293.15, 293.15, 293.15, 293.15, 293.15, 293.15, 293.15, 293.15, 293.58772203389617, 294.15], [293.3149866034708, 293.15, 293.15, 293.15, 293.15, 293.15, 293.15, 293.15, 293.15, 293.15, 293.15, 293.15, 293.15, 293.15, 293.15, 293.15, 293.15, 293.15, 293.15, 293.15, 293.15, 293.15, 293.61016715653835, 294.15], [293.70253162633645, 294.317557617194, 293.15, 293.15, 293.15, 293.15, 293.15, 293.15, 293.15, 293.15, 293.15, 293.15, 293.15, 294.58580693672315, 294.0977839292367, 294.5804029928015, 293.8733655647729, 293.15, 293.15, 293.15, 293.15, 293.15, 293.69166666666666, 294.15], [293.32615820780444, 293.15, 293.15, 293.15, 293.15, 293.15, 293.15, 293.15, 293.15, 293.15, 293.15, 293.15, 293.15, 293.15, 293.3997654969023, 293.15, 294.38125636377197, 293.7164411453461, 293.15, 293.15, 293.15, 293.15, 293.60287362902744, 294.15], [293.2714203333979, 293.15, 293.15, 293.15, 293.15, 293.15, 293.15, 293.15, 293.15, 293.15, 293.15, 293.15, 293.15, 293.15, 293.15, 293.54286821409295, 293.15, 294.46280971359886, 293.78486527739176, 293.15, 293.15, 293.15, 293.5878469863556, 294.15], [293.3159810248761, 293.15, 293.15, 293.15, 293.15, 293.15, 293.15, 293.15, 293.15, 293.15, 293.15, 293.15, 293.15, 293.15, 293.41393701348414, 293.15, 294.41220382541013, 293.73055531666654, 293.15, 293.15, 293.15, 293.15, 293.61280757857196, 294.15], [293.2943520531674, 293.15, 293.15, 293.15, 293.15, 293.15, 293.15, 293.15, 293.15, 293.15, 293.15, 293.15, 293.15, 294.65096194719507, 294.2054327125661, 295.15, 294.60560303291606, 293.8055471016695, 293.15, 293.15, 293.15, 293.15, 293.67964739157316, 294.15], [295.15, 295.15, 293.83290925886337, 293.15, 293.15, 293.15, 293.15, 293.15, 293.15, 293.15, 293.15, 293.15, 293.15, 294.65096194719507, 294.2054327125661, 295.15, 294.60560303291606, 293.8055471016695, 293.15, 293.15, 293.15, 293.15, 293.67964739157327, 294.15], [293.38079578758567, 293.15, 293.15, 293.15, 293.15, 293.15, 293.15, 293.15, 293.15, 293.15, 293.15, 293.15, 293.15, 294.74786051852385, 294.3878580986788, 294.97856777265, 294.34667671826384, 293.6870220248284, 293.15, 293.15, 293.15, 293.15, 293.59663162302667, 294.15], [293.37068144774605, 293.15, 293.15, 293.15, 293.15, 293.15, 293.15, 293.15, 293.15, 293.15, 293.15, 293.15, 293.15, 294.65663788713573, 294.23141539118615, 294.3883164965059, 293.7842900422414, 293.15, 293.15, 293.15, 293.15, 293.15, 293.6300208147972, 294.15], [293.31794246092636, 293.15, 293.15, 293.15, 293.15, 293.15, 293.15, 293.15, 293.15, 293.15, 293.15, 293.15, 293.15, 294.5339994398844, 294.30793228980104, 293.75723695460255, 293.15, 293.15, 293.15, 293.15, 293.15, 293.15, 293.6813617395187, 294.15], [293.38234886452443, 293.15, 293.15, 293.15, 293.15, 293.15, 293.15, 293.15, 293.15, 293.15, 293.15, 293.15, 293.15, 294.6693921553903, 294.25550223253236, 294.3535499554255, 293.7681722145022, 293.15, 293.15, 293.15, 293.15, 293.15, 293.61891123271585, 294.15], [293.3599997774829, 293.15, 293.15, 293.15, 293.15, 293.15, 293.15, 293.15, 293.15, 293.15, 293.15, 293.15, 293.15, 294.5790460750765, 294.18564652868486, 293.70029621195494, 293.15, 293.15, 293.15, 293.15, 293.15, 293.15, 293.6413315316519, 294.15], [293.29960473206955, 293.15, 293.15, 293.15, 293.15, 293.15, 293.15, 293.15, 293.15, 293.15, 293.15, 293.15, 293.15, 294.4592582743329, 294.4384534173465, 293.81158620074416, 293.15, 293.15, 293.15, 293.15, 293.15, 293.15, 293.67909092942386, 294.15], [293.49138191949027, 293.15, 293.15, 293.15, 293.9910537392915, 294.6291797679049, 293.15, 293.15, 293.15, 293.15, 293.15, 293.15, 293.15, 293.15, 293.15, 293.15, 293.15, 293.15, 293.15, 293.15, 293.15, 293.15, 293.61238618580813, 294.15], [293.4411002236792, 293.15, 293.15, 293.15, 293.9552658610542, 293.15, 293.15, 293.15, 293.15, 293.15, 293.15, 293.15, 293.15, 293.15, 293.15, 293.15, 293.15, 293.15, 293.15, 293.15, 293.15, 293.15, 293.6039336364401, 294.15], [293.38466210402277, 293.15, 293.15, 293.15, 293.93257482656634, 293.15, 293.15, 293.15, 293.15, 293.15, 293.15, 293.15, 293.15, 293.15, 293.15, 293.15, 293.15, 293.15, 293.15, 293.15, 293.15, 293.15, 293.60043906113964, 294.15], [293.3020825471977, 293.15, 293.15, 293.15, 293.15, 293.15, 293.15, 293.15, 293.15, 293.15, 293.15, 293.15, 293.15, 293.15, 293.15, 293.15, 293.15, 293.15, 293.15, 293.15, 293.15, 293.15, 293.62279281277966, 294.15]]
    "τ_R" = [[322.5331329649347, 323.62347791962543, 322.0359492619272, 319.54972406228126, 316.22643253159174, 311.5360089677758, 307.73403908904254, 306.1985381050954, 306.6804506699924, 308.81258410812995, 312.0208396965108, 315.6286276525846, 319.37884387525645, 320.6808641975309, 320.6808641975309, 320.6808641975309, 322.63461270927104, 320.6808641975309, 324.67220986434, 324.4713189125762, 322.3575272377659, 317.52473044265867, 311.11658016987946, 304.281311769213], [337.20427102983257, 311.4235571857233, 311.75361392427004, 310.63030600554987, 310.8401233915665, 303.5851233765972, 308.2618257211878, 310.78845001764137, 312.61694996290487, 318.1866037803221, 323.98404945186195, 328.37631673462033, 332.99084264638634, 332.94329435954984, 338.15, 316.7084002660607, 338.15, 293.15, 338.15, 293.15, 338.15, 306.3982552422866, 296.86280060857314, 293.15], [326.9061312541721, 325.1072089683687, 321.63499056379135, 317.9695849153192, 313.63465091121515, 307.84958160339164, 305.01512731614804, 304.87971610575113, 307.1319365004742, 311.587709559762, 316.74295172478514, 321.2620924474518, 325.40908483871283, 324.4399959118206, 323.95655808655283, 322.9033856401278, 323.9824498558139, 319.29096300083535, 331.47065976365064, 327.22849277654365, 324.58271460874823, 315.96092552777867, 307.01168436892294, 297.86695495099207], [330.46020079825644, 324.99500106883124, 319.79427385279416, 316.4148313215421, 311.94940128189717, 306.1509809591396, 303.66661453609925, 304.8525546617607, 308.4122921568576, 313.5007489734587, 318.6220180936133, 322.78930573440385, 326.8880016876516, 322.56798398570595, 324.39042463903354, 322.3247085078045, 321.1643731823952, 323.43090193991594, 336.6361722749165, 327.7400108422141, 320.8699350058315, 316.82898544736696, 304.8550461945439, 295.14170066537775], [332.94085638024274, 331.2667074079979, 328.84453616462434, 316.7159689893891, 308.6274782467459, 304.47700538231885, 301.2575289952624, 302.00343751063866, 306.79781586821355, 312.76018390581487, 317.7165562089086, 321.3074189419713, 325.1230621983131, 300.02601088693734, 327.46844114319475, 318.7923429292961, 329.21510406384954, 337.16390571944925, 330.85481942372564, 328.936912888455, 321.3268768033841, 312.05645189895085, 298.5854911277934, 293.24426000764436], [338.15, 338.15, 338.15, 311.00026693125886, 307.91072751088217, 303.37155792583656, 300.1652803008052, 301.57554086008815, 307.49322199664647, 313.8571106980162, 318.5089270843066, 321.71918561959643, 325.6582599184882, 293.15, 338.15, 313.318300386358, 338.15, 338.15, 323.5577879005647, 338.15, 318.84083417199486, 311.23861771938516, 294.3778303627526, 293.15], [322.81250920117077, 323.22238853871386, 322.0191594362707, 319.5207937986939, 316.0989766023871, 311.1733276145257, 307.6066880373595, 306.39501897987617, 306.92817989092555, 308.6005803460181, 311.2212356912513, 314.4792625504184, 318.0897771318913, 318.63217043178037, 318.57986011516977, 320.0878995637927, 323.0536269308071, 320.64259864732514, 325.3057653975082, 322.6740654727912, 320.3614691716598, 315.57371897220037, 310.7255632629094, 304.325728743461], [325.83149392805274, 324.7409558699692, 320.08331151884926, 315.193637840846, 311.64802764860343, 307.7638241077527, 304.764490854296, 303.7356341135096, 305.2729367376144, 309.38693155067, 314.54833760403613, 319.14301738888173, 323.2180172426899, 319.76852440981236, 318.59459034514634, 322.27502200331753, 327.06720896806246, 326.41909220383604, 332.335376160406, 326.9184624200118, 320.0198468795744, 315.8653952655635, 308.0469947675056, 299.5794085498319], [327.0927514723001, 325.6874244434277, 319.1513763191239, 314.1246524173848, 310.7883727066642, 306.939268699942, 303.5270634865761, 302.59520222519524, 304.97122095338887, 309.7943810262708, 315.1130655642393, 319.46451379546727, 323.32598126454116, 314.65879335126147, 316.9728573681096, 324.8531661336931, 326.22927177915943, 334.13667940107416, 330.6801974122063, 324.0328949882711, 319.99309365067796, 315.66127769378255, 306.37527145659874, 297.7287760965914], [322.7546688515697, 323.31795593021616, 323.30826285201175, 321.6292304539911, 317.4046118632217, 311.2450396200343, 307.63735910617197, 307.60478255403467, 308.11821081063476, 308.35102317525457, 309.6512383831397, 312.2870453927326, 315.67093743865496, 316.02227380296523, 317.499191291813, 320.24065083531576, 320.766782442525, 318.6051941574154, 322.69072269465516, 320.3663086452352, 316.73510130115403, 314.71935519474005, 310.46718466561475, 304.77304480751025], [323.11533833363603, 324.5537978857104, 324.32587565285905, 321.77298779421415, 316.28390486864356, 309.65731767130734, 306.95058105875546, 307.71467401730945, 307.71383558215064, 307.42068572211844, 308.9704640203774, 311.9509323207679, 315.39581131611806, 314.17223577583184, 317.28772003447426, 320.67119079164326, 318.7685634522786, 322.19894864915113, 321.1636354223306, 318.42558444450077, 316.6811989401337, 314.75297334970253, 309.98949480919345, 303.87369247235694], [323.6199888063778, 325.9865506684426, 325.40085555623995, 321.5720409792754, 314.7086599910052, 307.8761891674372, 307.01274686648134, 308.1846252451422, 306.8667917991936, 306.27846915799586, 308.4055928744934, 311.69008131851587, 315.08903408403023, 310.7845541516033, 318.79070805271607, 319.33266653143056, 321.42356059727035, 320.55836872895566, 319.27395455929496, 317.7241056998476, 316.6383662845603, 314.7310805550341, 309.43359912589517, 302.82542078337246], [324.33894470982955, 327.7039548056478, 326.4168044142745, 320.8516633820199, 312.5932222149332, 306.0451693848081, 308.28321794788945, 308.70241813324986, 305.3403090262759, 305.09606394041634, 308.0065252153688, 311.45049404479, 314.7086406775627, 311.91214883772744, 319.3654324380802, 320.1182313725778, 319.677119267288, 318.4587399238686, 316.91739438699364, 317.3491442738704, 316.3678880615661, 314.6463438404786, 308.74896364828163, 301.59781781551436], [338.15, 338.15, 338.15, 312.6358104980164, 308.9900392276134, 304.25814196323716, 300.62142934339784, 301.2053853353871, 307.0142038867854, 313.93252151302755, 318.83274365523505, 321.866822614948, 325.588882776824, 293.15, 336.32006040998124, 338.15, 338.15, 323.36827460078655, 324.8462854952513, 338.15, 320.6977050977818, 314.4366160549856, 297.8515254541605, 293.15], [323.80567699124754, 328.8723706639164, 325.7909738350082, 320.42900900684594, 310.0814027951722, 304.49071793869865, 313.07216279188765, 309.43750430093786, 302.6923423275014, 302.91893324070884, 306.2951931583537, 309.81141165007534, 312.7749091221522, 315.4616994289892, 317.43013749523425, 317.87115552303726, 313.5708485397438, 315.38254977332826, 314.6447109443019, 314.1777022122932, 315.11029691196217, 314.6883115461112, 309.1806479717127, 301.2288140984363], [327.51157345866045, 330.3681230089825, 323.69845648727824, 318.7552362023123, 305.378039286199, 303.5242628414357, 318.5137541057947, 305.29017271982667, 301.4645247033316, 304.0291787067739, 308.0093378231197, 311.2979316139778, 314.078593497834, 316.744836101841, 318.3625565539483, 318.14170661314466, 311.21456463092954, 317.9725933759017, 313.57641151972007, 314.9345500196917, 315.58254134856884, 314.4538046167119, 306.3001919113042, 298.3009335967997], [326.8004054953567, 330.19418145620205, 324.31997181859913, 319.29093638849963, 306.34990749566185, 304.4698162103809, 317.49520637921364, 305.69592988180557, 301.5900716203316, 303.7047561975764, 307.60070756213673, 310.9918241286676, 313.815123267018, 316.4625734794227, 318.1403482836448, 318.0509033102223, 312.06643273036235, 317.35155398916703, 313.50047719030476, 314.8143321410688, 315.6241708072966, 314.71456732284037, 307.16591287185645, 298.9682000323405], [328.41890235872927, 330.4038691472029, 323.68512900332775, 318.58245069654805, 304.51152996635597, 308.1486017907173, 316.37088022180114, 302.5337537130313, 300.7010817401855, 303.5825185521518, 307.843274103779, 311.159885123278, 313.81557895661905, 316.3936483202564, 317.90854428157877, 317.5323740188516, 315.4310146709358, 312.95074458756034, 313.10472269706145, 314.92922609177566, 315.910913404723, 314.86133250979657, 306.1550743122075, 297.3291594627342], [330.87918476608263, 329.89928421376266, 322.42853489661184, 318.0108821164561, 302.37023503606474, 317.0912121980044, 308.4539019594685, 300.9627604193688, 300.1694388954914, 303.6647939579399, 308.19026776819044, 311.30352408464546, 313.8076154237543, 316.3532861115497, 317.63370882223626, 316.8958590681501, 314.51589866714124, 312.038145794318, 312.8283867227067, 315.1219039318464, 316.10400041791047, 314.82842081944443, 304.5555887752148, 295.50191406493053], [338.15, 327.1130851163025, 320.98878254263883, 317.30723123072625, 293.15, 325.8131251424903, 304.40773938167, 299.62636320965663, 300.1393411442217, 305.08752339556685, 309.86911310056047, 312.433315909794, 314.8757049317164, 317.4868900226377, 318.2267927176351, 316.7914377292477, 313.8965300828407, 311.49542279854387, 313.70374225047703, 316.3041447188196, 316.71051818037324, 314.6439715848768, 299.90000399375316, 293.15], [333.93925151215393, 328.2702436078358, 321.3688885594884, 317.9309710539828, 303.3112738744743, 317.9233843435592, 304.7579612118325, 300.3302307734654, 299.9651863216519, 303.8214834615734, 308.3612218005069, 311.2318966635312, 313.68745272728904, 316.22702887398503, 317.2314891539122, 316.1635659172735, 313.58093542140386, 311.1932828908498, 312.6984131880413, 315.29956021586145, 316.22614229787996, 314.81606856217945, 302.93040572919904, 294.1888097495864], [338.15, 324.6355109215454, 320.6442485259044, 317.7911902315421, 312.5146904417308, 307.8976978628072, 303.5732663678204, 299.5208254473868, 299.6443590781904, 303.7976154183178, 308.2899452178108, 310.90363209250273, 313.36790597524555, 315.90299136813167, 316.5675519252367, 315.15080249174486, 312.37159535098294, 310.115479630103, 312.46196032736987, 315.2817771830729, 316.11227279472297, 314.5799350457632, 300.3399564536617, 293.15], [338.15, 338.15, 338.15, 311.00026693125886, 307.91072751088217, 303.37155792583656, 300.1652803008052, 301.57554086008815, 307.49322199664647, 313.8571106980162, 318.5089270843066, 321.71918561959643, 325.6582599184882, 293.15, 338.15, 313.318300386358, 338.15, 338.15, 323.5577879005647, 338.15, 317.3989583148338, 311.23861771938516, 294.3778303627526, 293.15], [330.2427794070593, 328.1266553733127, 325.03114099650946, 318.26925766784643, 310.7598061634348, 305.5239441349311, 302.56427056612415, 303.0153463711241, 306.80340346669465, 312.2272098736772, 317.38817539954937, 321.3719979446323, 325.25585020991673, 314.77625642622536, 320.6718660729013, 325.4605568908562, 318.26643246915063, 334.9545641029134, 333.80555782738406, 327.1055759459882, 321.1481353691828, 313.44213794846115, 301.53291947670516, 294.452635186977], [328.47266960876124, 325.9672415412419, 323.08691160590274, 318.5665529846616, 312.56460461626625, 306.718470109389, 303.9184421393178, 304.1701895427159, 306.9772567425415, 311.8497548240502, 317.09630853650856, 321.4116750786619, 325.4342549229773, 321.649130921091, 321.9893956944393, 323.4966102998932, 323.86424888728305, 321.7736324790872, 334.57875726914705, 329.64924130010786, 320.64940061591267, 314.2516133395888, 303.97302404838524, 295.97645875370085], [333.07457355875334, 326.20924368105295, 320.8097419024657, 317.00068991783826, 310.49897439114466, 304.78866806649495, 302.24858923179545, 303.9106316510037, 308.5470031077874, 313.9806304379369, 318.878264927829, 322.7204186791549, 326.77230383145684, 314.17291489461337, 324.176360005535, 321.592051559996, 313.0566474605756, 335.98227567607915, 337.17334202835406, 327.874911167877, 322.4491732979328, 318.88767478077403, 301.42693208065845, 293.2178536064548], [338.15, 317.96829507103837, 311.8967811347052, 310.8076241668163, 308.21973323441404, 303.71819968380424, 301.18338295252414, 303.60928214987916, 309.3024846943898, 315.0106148235693, 319.64672622871, 323.1737306289156, 327.3521106837186, 293.15, 338.15, 302.11155381594637, 332.6922063685297, 338.15, 338.15, 321.43413444123814, 315.2751130145694, 309.5256811030086, 294.2558626715531, 293.15], [338.15, 338.15, 338.15, 325.7074625420184, 308.21973323441404, 303.71819968380424, 301.18338295252414, 303.60928214987916, 309.3024846943898, 315.0106148235693, 319.64672622871, 323.1737306289156, 327.3521106837186, 293.15, 338.15, 302.11155381594637, 332.69220636852947, 338.15, 338.15, 338.15, 338.15, 338.15, 294.2558626715518, 293.15], [329.0467077820183, 325.98140903388276, 317.61036768784095, 313.1091638369543, 309.9985481847706, 305.96569406771766, 302.3085098683031, 301.5999784763146, 304.89303733755605, 310.44355662431855, 315.79250095346305, 319.791364044802, 323.47315983631194, 305.3619809472506, 319.7811394184896, 324.4995578283154, 334.26803427181665, 333.6407176346497, 327.8557904900412, 323.1069106418097, 320.1119556392274, 315.23808397772314, 304.15965911565814, 295.8245591985771], [334.195401558373, 323.90865176919704, 314.7282760946367, 312.0162591427903, 308.92126741006143, 304.5160518752982, 300.9627498432941, 301.2854223591135, 306.2466930326769, 312.62927679109066, 317.67905115028816, 321.0784264746982, 324.76639692376693, 298.10011505019634, 327.68608391631153, 328.64297533348656, 337.4210451371051, 332.1687966243089, 323.70220034431503, 323.4465645729356, 319.46417838404454, 313.6446099268717, 299.2378518076683, 293.44468657545025], [338.15, 320.8092802787322, 313.856023411367, 311.6518979599822, 308.02865012025444, 303.29578094998107, 299.63722944618684, 300.16898793714563, 305.9191462562197, 312.8040646531791, 317.6885500870117, 320.69927448547566, 324.38411049886287, 293.15, 330.59738982404326, 338.15, 338.15, 322.0097257861011, 323.4947781170629, 323.5958083328815, 319.5070200493545, 313.36492699415277, 295.75728046454327, 293.15], [331.34258110717747, 325.4412332198884, 316.5749117177658, 312.77250112192365, 309.518072109188, 305.16401985359227, 301.3430238151643, 300.78254877306256, 304.70713793361654, 310.7709980076001, 316.11725886464774, 319.821545467262, 323.4001008439423, 301.6213075947523, 322.72851184311605, 328.7736673493455, 336.5821397916404, 331.3745316217669, 323.76749129531765, 323.3518383276187, 320.4289358683603, 315.29068175063287, 302.4263206773296, 294.74568322573515], [334.0540461084926, 324.0846596489715, 315.26978559494876, 312.3163316257078, 308.7366917952788, 304.05200350256473, 300.0930492013338, 299.64797410706865, 304.244930482462, 310.90125740860555, 316.2119586952322, 319.5342014641172, 322.9913495137434, 297.8129089523088, 324.36612489295743, 335.1165775053853, 337.4210451371051, 324.38673877554294, 322.89419349612547, 323.5088685992105, 320.6125464974381, 315.1555293778258, 299.99894471296807, 293.60843483964516], [338.15, 320.73305149217424, 314.5069961192946, 311.98592030693186, 307.8497058178632, 302.81582646125764, 298.78636363636303, 298.56377779796037, 303.8817125884775, 311.0344968723917, 316.2349973751383, 319.1808155045554, 322.61535428421416, 293.15, 323.8707863264267, 338.15, 338.15, 320.96265955224726, 322.6732362198683, 323.6050451419584, 320.6428310094137, 314.9322084785795, 296.76572270188774, 293.15], [329.0066613793581, 330.2735654809461, 323.16294632524637, 318.19165544855895, 303.9201191786446, 307.56256371638165, 317.16023506026863, 301.91625311899645, 300.67031305861616, 303.8057007392669, 308.0601071196315, 311.27368887094417, 313.91796557778366, 316.5190595039526, 317.97981572564663, 317.5117031625487, 315.3321390122093, 312.8421236403209, 313.1294660047252, 314.9523497731933, 315.7977223424268, 314.60372465889327, 305.38368940091584, 296.9273970475549], [331.04281924513793, 329.56018925795166, 322.1845512671718, 317.81979989949406, 302.7844231779667, 317.6919212441752, 307.36420541271036, 300.76699445509126, 300.116471637789, 303.64150749819055, 308.0951594761408, 311.16705645885423, 313.692379073229, 316.2488874016833, 317.5083350373027, 316.7536228597998, 314.36315641809256, 311.8926602415873, 312.7207841428078, 314.9722065309412, 315.91557929745767, 314.6294910756331, 304.1385784726251, 295.475361331589], [333.8861462282035, 327.7564894498895, 320.99982277795544, 317.6256901925441, 303.16692754595675, 317.5043791504018, 304.4638701410782, 300.041836020496, 299.6833049626857, 303.54082102565235, 308.07788757310897, 310.9444334001503, 313.39524084009923, 315.9292530564287, 316.92655745478953, 315.849975438276, 313.25846745604474, 310.86351958336263, 312.3656927820086, 314.9692946188482, 315.9038872928751, 314.50734186827407, 302.3725724194959, 294.08923905331346], [338.15, 324.0232546784322, 320.32018531779374, 317.4852568602809, 312.2231793333565, 307.6063489510643, 303.2790990120515, 299.2318947794398, 299.3626365063848, 303.5174547398404, 308.0069023214158, 310.61633570714366, 313.0758608623515, 315.60541828059576, 316.2628919511378, 314.8374756960432, 312.04929978943585, 309.7857676269562, 312.1290798714879, 314.9512788228852, 315.78974256056665, 314.2708827713552, 299.7267512009702, 293.15]]
    "τ_S" = [[348.7677008661691, 349.85804582085973, 348.27051716316197, 345.7842919635157, 350.4514823063933, 343.15, 360.2031748915116, 358.6676739075645, 359.1495864724615, 361.28171991059895, 364.48997549897985, 368.0977634550537, 371.8479796777255, 373.15, 373.15, 373.15, 373.15, 373.15, 366.52670272925087, 350.70588681381065, 348.5920951390004, 343.75929834389314, 349.968464488192, 343.15], [351.7497255752878, 347.78719354936, 347.1172502879065, 344.9939423691861, 347.2037597552031, 343.9487597402333, 352.62546208482445, 357.1520863812784, 356.9805863265415, 358.55024014395815, 361.34768581549866, 364.739953098257, 368.3544790100228, 370.42513210896357, 370.8408923186843, 370.81966062364853, 370.7913516969348, 370.77012000189836, 366.4823783678138, 354.07688796038786, 347.5802271128262, 343.7618916059234, 346.23240843592475, 343.82020627785545], [353.2021975780358, 349.15576628313306, 348.46581560007655, 346.2917279577244, 348.55997936009163, 345.25935121525083, 354.14305710563804, 358.77716950932904, 358.59039302861964, 360.16999089486535, 363.00919944651685, 366.4674690844642, 370.15270326581293, 372.26137598991966, 372.69176176638746, 372.6875483749945, 372.68193051980455, 372.677717128411, 368.2875452845682, 355.60192377256044, 348.9560629463092, 345.05105864923604, 347.5680614775471, 345.10478541108847], [355.6869851702859, 349.86539558092477, 348.07639264932584, 346.4155639481504, 347.19034333632703, 345.74927604213724, 350.5153362085291, 356.50334101930963, 357.91526960864275, 358.907112250633, 361.31132062976684, 364.5349862498778, 368.1129211087197, 370.72472605834906, 371.7025379844274, 371.8340271332083, 371.81848752758265, 371.8060213275228, 368.9108429041345, 359.09234360574925, 350.5206218264177, 345.7503361263356, 346.1257082759785, 345.3301472175256], [357.69256307679495, 352.41141537506246, 348.41398306558995, 346.2821592848396, 345.6923839876363, 345.2007389242859, 346.7121795819186, 351.2287666635134, 354.9804317491668, 356.70051105467314, 358.3509567531902, 360.9178020489178, 364.148548905209, 367.2020443043984, 369.15172884229935, 369.9045830333523, 370.04057583171215, 370.0257906487124, 368.7647724727181, 363.2396694608109, 354.92296339365976, 348.04619659694583, 345.20294087510905, 344.50089694732304], [356.66550692491114, 352.34402442133216, 348.0396519884955, 345.36390329489495, 344.27436387451894, 343.7351942894734, 344.52891666444214, 347.9391772237245, 351.8568583602834, 354.220747061653, 355.87256344794366, 358.0828219832332, 361.02189628212466, 364.0614492984072, 366.3123486702476, 367.41327265614086, 367.7177854421859, 367.73111495040945, 366.9214242642013, 362.9445259361604, 355.76259467847, 348.6022540830223, 344.52934551426847, 343.15], [353.3404051315162, 349.2859905414573, 348.594136085532, 346.41521658318135, 348.6890281770184, 345.3840583635, 354.2874613314021, 358.93180158685294, 358.74357150328194, 360.32411557892635, 363.16729800785436, 366.63184798994416, 370.3238102988791, 372.4361007170746, 372.8678781649788, 372.865284121915, 372.8618253978307, 372.85923135476634, 368.45931293497136, 355.7470360144292, 349.08697831278556, 345.17372719138126, 347.69515331741184, 345.22701739829387], [356.0919931579491, 350.2378989052213, 348.4375514583034, 346.76591411812956, 347.5475510291236, 346.10421983539493, 350.90303296522904, 356.9279020823256, 358.34536234491674, 359.3369606546527, 361.74980671388676, 364.98957655527926, 368.58595324758625, 371.210805674554, 372.1952530758615, 372.33172319091375, 372.3220588554917, 372.3143091929722, 369.4007936260528, 359.5230464627606, 350.90021405472595, 346.1015783792741, 346.4775109536747, 345.67732812445263], [357.71751786858545, 351.7422892384376, 348.61287734724056, 346.91121733462586, 346.8717692044903, 346.16751520857696, 348.8608944084605, 354.4371570521515, 357.3748610450301, 358.50819611458684, 360.44008003169665, 363.386798639873, 366.8435726869118, 369.77495649079725, 371.29451153864557, 371.7055860002685, 371.73725872241374, 371.723583920518, 369.7948096594094, 362.29273552847417, 353.3136932012205, 347.28142592349775, 345.94301603000235, 345.53751407934357], [356.19851164867134, 350.33586855792385, 348.5324904441952, 346.8580103948701, 347.64159191894385, 346.19775935256285, 351.00518662418887, 357.0396571396669, 358.4583841699173, 359.44982417873575, 361.8649889978282, 365.10908834538276, 368.7103153031824, 371.3385992614685, 372.3248858562299, 372.462760023202, 372.4546879243551, 372.4481317070476, 369.5295583067073, 359.6361817312609, 350.9999540728163, 346.1939092768945, 346.5699892449298, 345.76863789448174], [357.95800436204075, 351.9635051188709, 348.8232469442304, 347.1152120374421, 347.0770107893413, 346.3737666471007, 349.0793798127673, 354.67566662718116, 357.6216040862156, 358.75531312451653, 360.6906336048338, 363.6457022690446, 367.1127378039995, 370.0526886682421, 371.5777648461417, 371.9925592911278, 372.02774852245386, 372.01682354248214, 370.0807211775532, 362.5519247649605, 353.5420172475467, 347.4892752741649, 346.14566199856847, 345.7387190399644], [358.9784529537136, 353.6062032816724, 349.53645171934795, 347.36336025850164, 346.76877274541425, 346.2841050704043, 347.8400326822138, 352.4467447784665, 356.2596697922529, 357.99425334630155, 359.65813764240465, 362.2615428887805, 365.542755743492, 368.64414171059525, 370.62943904793275, 371.4062459084709, 371.56163646797665, 371.5619191449798, 370.27680118029764, 364.6448131525573, 356.17412086824197, 349.1723699804854, 346.27505223418615, 345.55949598751636], [359.49686390701316, 355.00894495796376, 350.5306929297637, 347.7419245017582, 346.62423429549835, 346.0998187593636, 346.9649371258772, 350.5324880099532, 354.5910638773029, 357.01129919999016, 358.6941180528311, 360.97352668174807, 364.0138719603999, 367.15969895963497, 369.5028887118386, 370.6717596630361, 371.0264343553082, 371.07370973797975, 370.2246131893996, 366.06847789426536, 358.587384901567, 351.13769696205856, 346.89661976121096, 345.4615584117375], [358.13326897769565, 354.61710067177097, 350.2580360487779, 346.9994468616525, 345.3536755912502, 344.62177832687405, 344.9850657070348, 347.5690216990235, 351.3778402504224, 354.29615787666444, 356.1963800188721, 358.23045897858475, 360.9525191404604, 363.99020859068423, 366.52667856933397, 368.0256022285082, 368.6072545040606, 368.7319109644238, 368.209921858888, 365.25595495337944, 359.061341461418, 351.80025241862273, 346.6333862508885, 344.3239894469614], [364.2186374864483, 361.8498933057496, 349.9175777976096, 351.03385154090273, 353.7821745242872, 355.1308075787823, 345.2051914061981, 346.95317183967546, 349.51182470149655, 351.4633304136377, 352.732594491049, 354.0992757590137, 355.92943070834576, 357.972216275721, 359.68458591157736, 360.70523122866325, 361.11155728570304, 361.2063972525661, 360.8475062022246, 358.84663897237874, 354.6662596326415, 349.7710463611845, 346.28665242964036, 344.7308764359232], [362.7044724921969, 361.9927784278017, 353.32169892758867, 350.1169847630522, 352.2988833375974, 354.090362767794, 347.9640572016182, 345.83380058840396, 348.10808610955286, 350.2534001703781, 351.74461360848204, 353.07020515723576, 354.7344736096913, 356.6925768976936, 358.49802064414064, 359.73234939355285, 360.32952768246236, 360.5198681653633, 360.31838471964585, 358.8833802366974, 355.4620789471932, 350.845268011304, 346.9250119361845, 344.74425066945105], [362.78076508267156, 362.0683885049984, 353.3887297312602, 350.1806785273417, 352.3651969875154, 354.1594493410829, 348.0283235572606, 345.896551480907, 348.1724905886489, 350.31880710370535, 351.8106594392516, 353.1372585033376, 354.8028592616432, 356.7625766425539, 358.5700155306665, 359.8063191725016, 360.40512505221903, 360.5964392447459, 360.3942351278081, 358.9570633047833, 355.5319535447627, 350.9104513713262, 346.9861720534694, 344.8033194407559], [361.56726513301646, 361.66186535839597, 355.68921276639, 350.70046746766104, 351.07983966795337, 352.97957582990574, 349.50968146781605, 346.0685059302662, 346.8731195459806, 349.0537796367871, 350.7565866164429, 352.1292665464808, 353.67147266856983, 355.5202425596633, 357.36108605093585, 358.76944927546367, 359.565204754271, 359.8829760956691, 359.816997224471, 358.80653640040464, 356.07102157060956, 351.88490849094285, 347.7642760816414, 345.0234292924348], [360.4495771854255, 360.8855696782865, 356.97543130645545, 351.7117811339949, 350.3099420612632, 351.6792326685568, 350.00471939525596, 346.5814984249721, 345.98186331495333, 347.6979388042441, 349.5501883698445, 351.021449612749, 352.49565773394994, 354.22827469065317, 356.05165632064427, 357.5816174249345, 358.5616473138793, 359.02639004466124, 359.0929595206525, 358.4117565146474, 356.27698174634895, 352.6121478390669, 348.51160932337405, 345.34120869625565], [358.21763499515686, 358.7434239516238, 356.3524189062759, 351.67086759436313, 349.0368089662839, 349.44261356100077, 348.77137574530707, 345.9899995732927, 344.5029775078587, 345.45115975920334, 347.23274946419656, 348.79695227343115, 350.2393412953535, 351.8505263862746, 353.59042908127213, 355.155074092884, 356.26016644647746, 356.85905916218104, 357.067378614114, 356.6677810824561, 355.07415454400945, 352.0076079485129, 348.16117280765434, 344.7702968608132], [359.0065431091185, 359.5378577381874, 357.11883485249757, 352.3851936679322, 349.7292330475793, 350.15086259086274, 349.48413076455023, 346.6793043963559, 345.17087465988175, 346.1174614133295, 347.90910420418385, 349.4868556293675, 350.9415130898999, 352.5667405475487, 354.3278184545404, 355.9175769566635, 357.0458432819679, 357.6597001099271, 357.86442873930685, 357.4519615477866, 355.8358070001707, 352.7341430971615, 348.8443945679966, 345.4178828968107], [356.89511354289345, 357.3994395730921, 356.00788488954163, 352.1548265951781, 348.8783268053676, 348.26133422644403, 347.93690273145734, 345.88446181102313, 344.00799544182667, 344.1612517819543, 345.6535815814478, 347.2672684561389, 348.73154233888255, 350.266627731768, 351.9311882888737, 353.5144388553815, 354.7352317146194, 355.4791159937394, 355.82559669100675, 355.64541354670973, 354.4759091583593, 351.9435714094001, 348.41693862009356, 344.9281711300724], [356.66550692491114, 352.34402442133216, 348.0396519884955, 345.36390329489495, 344.27436387451894, 343.7351942894734, 344.52891666444214, 347.9391772237245, 351.8568583602834, 354.220747061653, 355.87256344794366, 358.0828219832332, 361.02189628212466, 364.0614492984072, 366.3123486702476, 367.41327265614086, 367.7177854421859, 367.73111495040945, 366.9214242642013, 362.9445259361604, 355.76259467847, 348.6022540830223, 344.52934551426847, 343.15], [357.1794816532039, 351.24736682770055, 348.14202028863235, 346.4545636057296, 346.41292839123787, 345.70699409046813, 348.37312067170603, 353.9041818940151, 356.82254368830564, 357.9544039518355, 359.8786819354832, 362.8071799142512, 366.2411143327927, 369.15333120274636, 370.66093561843775, 371.06420734031315, 371.08833170427897, 371.06836303560425, 369.15492046517534, 361.7121352325614, 352.80228879249734, 346.8160891492963, 345.48937980059696, 345.08730263940174], [355.7861539410376, 349.9566053789946, 348.16478065058317, 346.5013053856961, 347.27789594293546, 345.83636235938684, 350.61044229630664, 356.6073855251746, 358.0204924981761, 359.01218727308566, 361.4185546632861, 364.646251544749, 368.22870200330954, 370.8437017103967, 371.8232264153892, 371.9560232260876, 371.94196623797063, 371.9306108916076, 369.0307224005419, 359.1976718668187, 350.6134793467489, 345.8362959960436, 346.21180536923765, 345.415156661332], [356.92042608775694, 351.0090698482397, 347.91542864940317, 346.23483930251723, 346.19179623290967, 345.4847303520946, 348.13767791290354, 353.64721193623456, 356.55679119489275, 357.6882925715802, 359.60884748761595, 362.5283073267667, 365.95118750686527, 368.854175814195, 370.35578965752734, 370.7550106148911, 370.7753249648965, 370.75241550620086, 368.84697490909343, 361.43299790823585, 352.55637854376124, 346.59221276992804, 345.27110837363057, 344.87056192206603], [356.36987044426286, 351.18243209284077, 347.2604174983419, 345.1712605304524, 344.5833695980508, 344.08183604744113, 345.5470193161611, 349.97291851351554, 353.66612105802676, 355.37425118720614, 357.0103625923471, 359.53736699255234, 362.715747047355, 365.7199404740559, 367.6309356537896, 368.35665826904835, 368.47119266093955, 368.4416782334197, 367.21079050902836, 361.79777080487503, 353.6387493782056, 346.8893174666457, 344.10143263887176, 343.4122387293123], [356.36987044426286, 351.18243209284077, 347.2604174983419, 345.1712605304524, 344.5833695980508, 344.08183604744113, 345.5470193161611, 349.97291851351554, 353.66612105802676, 355.37425118720614, 357.0103625923471, 359.53736699255234, 362.715747047355, 365.7199404740559, 367.6309356537896, 368.35665826904835, 368.47119266093955, 368.4416782334197, 367.21079050902836, 361.79777080487503, 353.6387493782056, 346.8893174666457, 344.10143263887176, 343.4122387293123], [358.5702564112714, 353.22692640798033, 349.1801828660479, 347.02022591905325, 346.42701981868873, 345.93993248772716, 347.48165072010596, 352.0598424930347, 355.85359291265013, 357.58382367874003, 359.24348469334905, 361.8351606430481, 365.10027847752445, 368.1864495624259, 370.16034028948627, 370.92937319653583, 371.0784741525336, 371.0739776880589, 369.79679218556134, 364.19896293453115, 355.77716697640886, 348.81501240129654, 345.9348156918802, 345.22349186123597], [358.3128004880809, 353.89448466852184, 349.48921529904914, 346.7478091504405, 345.64111539165197, 345.1097052633119, 345.94469728248936, 349.4469468780797, 353.4478587591332, 355.84550386040564, 357.5153892291027, 359.76530738535115, 362.76308675299333, 365.8644189452733, 368.1684742381399, 369.3082006923298, 369.6413866060157, 369.6745808965507, 368.8433660501431, 364.7629647252871, 357.40693565008553, 350.0779246862166, 345.9070554452891, 344.49500040442376], [356.97035355085393, 353.50871749488425, 349.2196597750043, 346.01553432361897, 344.3922864838911, 343.6594173136173, 344.00086580982384, 346.5326243007824, 350.28278261985656, 353.16770101681647, 355.05218645064815, 357.06291084911226, 359.7477468624995, 362.74271301523913, 365.23931487604636, 366.7065997942249, 367.264830081398, 367.37336214973806, 366.8584144806999, 363.95944469651755, 357.87065641299085, 350.7285633577892, 345.64648837956537, 343.374834774138], [358.6097892788045, 354.17401548450584, 349.7502530901423, 346.9969282954932, 345.8880348873415, 345.3588714131616, 346.2015091152581, 349.7197702577744, 353.73431763590617, 356.1370900880344, 357.8103138300002, 360.06803542825975, 363.0765732421886, 366.18907304629937, 368.50331889230745, 369.65080851830504, 369.9896573416833, 370.0262425926787, 369.1895701884859, 365.08978628078273, 357.70251832146266, 350.3434618296711, 346.1550257428969, 344.73739128619957], [358.0409034268396, 354.5290663914359, 350.1741768542199, 346.9195967905038, 345.27971484556303, 344.55145666747677, 344.91380918858465, 347.4909728124072, 351.28896648451376, 354.20048311441064, 356.099976720801, 358.13515958718, 360.8549432744971, 363.88935463831245, 366.42543736174696, 367.9252520420933, 368.5071735573464, 368.629600384869, 368.1009916783298, 365.1483731129542, 358.9629518952045, 351.7129388550316, 346.5531750595951, 344.2482211275953], [356.5035749981358, 353.8325846106568, 349.8706324829309, 346.34955667056863, 344.21334218149997, 343.1794628248945, 343.15, 344.92741416159674, 348.24534895211445, 351.3981332360285, 353.5986337387754, 355.5444518681922, 357.9789906478506, 360.8402106193836, 363.4657836916188, 365.2423014586553, 366.0790283473993, 366.32629591588454, 366.0368725835049, 363.96868150559527, 359.00646737305, 352.2958448422167, 346.5971281781313, 343.42437972166084], [361.38517613247967, 361.4795566911767, 355.5213244855045, 350.54480187930255, 350.92227700014854, 352.8152215984923, 349.35083025534925, 345.91619419794705, 346.7198686254666, 348.8978453858746, 350.5987010422139, 351.9690060829259, 353.50826968596823, 355.35338520087225, 357.18948957365416, 358.5928407927099, 359.38428121842145, 359.699311994349, 359.6343285058422, 358.62804272752254, 355.9002440259079, 351.72457687518664, 347.6141513547735, 344.8797559460037], [360.1052784209264, 360.5393289668573, 356.6475638455539, 351.4085546226666, 350.0113128268355, 351.37022639839154, 349.6983293756992, 346.2873705615338, 345.6917278821319, 347.4044092689251, 349.2522937635797, 350.71879082915405, 352.1877148979226, 353.91383950711787, 355.72841018004306, 357.248474821455, 358.2195651092149, 358.67832417370556, 358.7456797049299, 358.07077444645716, 355.94819693350746, 352.30120774023413, 348.2201868983467, 345.06417520494324], [358.66867173876165, 359.19761984815466, 356.7900186969878, 352.0785797551506, 349.43372285805225, 349.85005026133865, 349.1816301643707, 346.38571045541755, 344.8839251384137, 345.82959440868905, 347.61725841273824, 349.19045046278023, 350.64007636174637, 352.2593086044392, 354.01247298684774, 355.59284461520815, 356.7119958611028, 357.31899170626275, 357.5222726050009, 357.11419680762015, 355.50811447136385, 352.4221654366632, 348.55108311310903, 345.1404204842257], [356.5666466559432, 357.0687263759365, 355.68382168143086, 351.848893223918, 348.58681569699326, 347.9699853147012, 347.64273537568846, 345.59553114307613, 343.7262728700217, 343.8810911034772, 345.3705386850529, 346.97997207078043, 348.4394972259879, 349.9690546442319, 351.6265283147743, 353.2011120596794, 354.4129361530721, 355.1494039905935, 355.49271623512453, 355.314915186522, 354.1533789242028, 351.63451913499233, 348.1251137080901, 344.65270226662557]]
    "τ_load_R" = [[337.20427102983257, 311.4235571857233, 311.75361392427004, 310.63030600554987, 310.8401233915665, 303.5851233765972, 308.2618257211878, 310.78845001764137, 312.61694996290487, 318.1866037803221, 323.98404945186195, 328.37631673462033, 332.99084264638634, 332.94329435954984, 338.15, 316.7084002660607, 338.15, 293.15, 338.15, 293.15, 338.15, 306.3982552422866, 296.86280060857314, 293.15], [338.15, 313.22648109028, 313.1021792364402, 311.92809159408745, 312.19634299645475, 304.8957148516142, 309.77942074200166, 312.4135331456928, 314.2267566649832, 319.8063545312287, 325.64556308288076, 330.10383272082726, 334.7890669021766, 336.9388859294921, 338.15, 325.1869218602211, 338.15, 293.15, 338.15, 296.85127656240155, 338.15, 307.6874222855999, 299.69712930563395, 293.15], [338.15, 316.06592832428646, 312.71275628568884, 312.0519275845138, 310.82670697269083, 305.38563967850064, 306.15169984489205, 310.13970465567303, 313.55163324500575, 318.5434758869964, 323.94768426613024, 328.1713498862416, 332.74928474508266, 336.36108969471246, 336.3389016207904, 323.32605046084166, 338.15, 310.36209557216637, 338.15, 319.74040301350885, 312.15698546278065, 308.38669976269904, 298.5176982115764, 293.15], [338.15, 320.3310148954312, 313.0503467019536, 311.9185229212027, 309.3287476239995, 304.837102560649, 302.34854321828203, 304.8651302998771, 310.61679538552977, 316.33687469103626, 320.9873203895531, 324.5541656852812, 328.78491254157257, 293.15, 338.15, 315.19309197446483, 330.38956243734026, 338.15, 338.15, 322.87603309717406, 316.55932703002276, 310.6825602333087, 296.6274721621365, 293.15], [338.15, 338.15, 338.15, 311.00026693125886, 307.91072751088217, 303.37155792583656, 300.1652803008052, 301.57554086008815, 307.49322199664647, 313.8571106980162, 318.5089270843066, 321.71918561959643, 325.6582599184882, 293.15, 338.15, 313.318300386358, 338.15, 338.15, 323.5577879005647, 338.15, 318.84083417199486, 311.23861771938516, 294.3778303627526, 293.15], [338.15, 313.4751689658728, 313.23049972189557, 312.05158021954526, 312.3253918133816, 305.0204219998632, 309.92382496776514, 312.56816522321657, 314.379935139645, 319.96047921528947, 325.8036616442173, 330.2682116263074, 334.96017393524266, 337.3190797883376, 338.15, 325.5745349648394, 338.15, 293.15, 338.15, 297.42971020391644, 338.15, 307.81009082774415, 299.9668251305717, 293.15], [338.15, 316.7855813522939, 313.0739150946659, 312.4022777544923, 311.1839146654873, 305.7405834717585, 306.53939660159176, 310.56426571868934, 313.98172598128036, 318.9733242910163, 324.3861703502503, 328.62594019164277, 333.2223168839487, 336.84716931091674, 336.83161671222496, 324.4112464011083, 338.15, 293.15, 338.15, 333.61012085172655, 312.53657769108975, 308.7379420156374, 299.2745452806875, 293.15], [338.15, 319.68327858034064, 313.2492409836041, 312.54758097098977, 310.50813284085353, 305.80387884494013, 304.4972580448236, 308.07352068851515, 313.0112246813932, 318.14455975095, 323.07644366805954, 327.0231622762362, 331.4799363232753, 335.4113201271611, 330.32148308441367, 338.15, 299.6679359388318, 338.15, 338.15, 321.9290991648373, 314.9500568375843, 309.91778955986064, 298.5769339710531, 293.15], [338.15, 316.97485256847256, 313.16885408055833, 312.4943740312336, 311.2779555553075, 305.83412298892637, 306.6415502605525, 310.6760207760301, 314.09474780628034, 319.0861878150989, 324.50135263419213, 328.7454519817456, 333.3466789395455, 333.91242536918276, 333.3274011623213, 330.06177185966527, 338.15, 293.15, 338.15, 333.9319444282732, 312.6363177091798, 308.8302729132582, 299.47355163697546, 293.15], [338.15, 320.11062574087845, 313.4596105805939, 312.7515756738055, 310.71337442570405, 306.0101302834636, 304.71574344913085, 308.31203026354433, 313.2579677225792, 318.3916767608801, 323.3269972411974, 327.2820659054076, 331.7491014403631, 335.6890523046055, 330.9395385645786, 338.15, 300.6896959753004, 338.15, 338.15, 322.1882884013245, 315.1783808839096, 310.12563891052787, 299.0143190603436, 293.15], [338.15, 322.6279941251152, 314.1728153557108, 312.99972389486555, 310.40513638177754, 305.92046870676734, 303.47639631857686, 306.0831084148293, 311.89603342861597, 317.63061698266443, 322.2945012787676, 325.8979065251438, 330.17911937985514, 293.15, 338.15, 316.2334778025729, 338.15, 338.15, 338.15, 324.2811767889202, 317.81048450460577, 311.80873361684894, 298.934615734772, 293.15], [338.15, 324.4750880470906, 315.16705656612726, 313.3782881381221, 310.2605979318616, 305.73618239572676, 302.60130076224027, 304.16885164631685, 310.22742751366593, 316.6476628363533, 321.33048168919396, 324.6098903181113, 328.6502355967635, 302.516405404626, 338.15, 323.11609365609223, 338.15, 338.15, 326.860976825763, 325.7048415306285, 320.2237485379308, 313.77406059842144, 299.4419227567215, 293.15], [338.15, 338.15, 338.15, 312.6358104980164, 308.9900392276134, 304.25814196323716, 300.62142934339784, 301.2053853353871, 307.0142038867854, 313.93252151302755, 318.83274365523505, 321.866822614948, 325.588882776824, 293.15, 336.32006040998124, 338.15, 338.15, 323.36827460078655, 324.8462854952513, 338.15, 320.6977050977818, 314.4366160549856, 297.8515254541605, 293.15], [338.15, 334.2083003042283, 317.95806256395224, 315.7533483994161, 293.15, 293.15, 337.9777963488806, 299.47016422476764, 303.7444497459159, 309.88976380674126, 314.3809772448449, 316.70656879359905, 319.37083724605486, 322.32894053405744, 323.1343842805042, 321.36871302991665, 293.15, 336.4269957892913, 316.95474835600925, 318.5197438730605, 317.098442583557, 313.48163164766686, 298.6334558990281, 293.15], [338.15, 334.34930403040505, 318.02509336762324, 315.81704216370497, 293.15, 293.15, 338.15, 299.5329151172703, 303.8088542250128, 309.955170740068, 314.4470230756153, 316.77362213970156, 319.4392228980063, 322.3989402789172, 323.2063791670295, 321.44268280886496, 293.15, 336.56836461418015, 317.03059876417115, 318.59342694114605, 317.1683171811261, 313.5468150076899, 298.7635295828357, 293.15], [338.15, 332.90263806981204, 320.32557640275314, 316.33683110402427, 293.15, 293.15, 337.6756936049688, 299.70486956663, 302.50948318234424, 308.6901432731505, 313.39295025280677, 315.76563018284446, 318.3078363049337, 321.15660619602613, 321.9974496872994, 320.4058129118275, 317.201568390634, 314.5193397320329, 316.45336086083483, 318.442900036768, 317.7073852069731, 314.5212721273064, 299.7984284379668, 293.15], [338.15, 331.16832414890814, 321.6117949428183, 317.34814477035883, 293.15, 329.1410011885992, 305.641083031619, 300.2178620613357, 301.6182269513164, 307.33430244060725, 312.18655200620736, 314.6578132491122, 317.13202137031345, 319.864638327017, 320.68801995700784, 319.2179810612983, 316.198010950243, 313.66275368102396, 315.7293231570159, 318.0481201510105, 317.91334538271275, 315.24851147542984, 300.9165043174893, 293.15], [338.15, 327.1130851163025, 320.98878254263883, 317.30723123072625, 293.15, 325.8131251424903, 304.40773938167, 299.62636320965663, 300.1393411442217, 305.08752339556685, 309.86911310056047, 312.433315909794, 314.8757049317164, 317.4868900226377, 318.2267927176351, 316.7914377292477, 313.8965300828407, 311.49542279854387, 313.70374225047703, 316.3041447188196, 316.71051818037324, 314.6439715848768, 299.90000399375316, 293.15], [338.15, 328.58372585769087, 321.7551984888611, 318.0215573042961, 293.15, 327.1148805277481, 305.1204944009133, 300.3156680327196, 300.8072382962448, 305.7538250496927, 310.54546784054673, 313.1232192657307, 315.57787672626347, 318.20310418391256, 318.964182090904, 317.5539405930273, 314.68220691833164, 312.2960637462898, 314.50079237567024, 317.08832518414977, 317.4721706365345, 315.3705067335244, 301.3387427960927, 293.15], [338.15, 324.6355109215454, 320.6442485259044, 317.7911902315421, 312.5146904417308, 307.8976978628072, 303.5732663678204, 299.5208254473868, 299.6443590781904, 303.7976154183178, 308.2899452178108, 310.90363209250273, 313.36790597524555, 315.90299136813167, 316.5675519252367, 315.15080249174486, 312.37159535098294, 310.115479630103, 312.46196032736987, 315.2817771830729, 316.11227279472297, 314.5799350457632, 300.3399564536617, 293.15], [338.15, 338.15, 338.15, 311.00026693125886, 307.91072751088217, 303.37155792583656, 300.1652803008052, 301.57554086008815, 307.49322199664647, 313.8571106980162, 318.5089270843066, 321.71918561959643, 325.6582599184882, 293.15, 338.15, 313.318300386358, 338.15, 338.15, 323.5577879005647, 338.15, 317.3989583148338, 311.23861771938516, 294.3778303627526, 293.15], [338.15, 318.72718227070624, 312.77838392499615, 312.09092724209256, 310.04929202760087, 305.34335772683124, 304.0094843080693, 307.5405455303785, 312.458907324669, 317.59076758819873, 322.5150455718469, 326.4435435506142, 330.8774779691563, 334.7896948391093, 328.9396320609239, 338.15, 297.3836242628096, 338.15, 338.15, 321.3484988689246, 314.4386524288604, 309.45245278566006, 297.5980510617155, 293.15], [338.15, 316.2421399258568, 312.80114428694674, 312.13766902206, 310.9142595792987, 305.47272599574995, 306.2468059326697, 310.24374916153823, 313.6568561345392, 318.6485509094488, 324.05491829964905, 328.28261518111225, 332.86506563967305, 336.4800653467606, 336.45959005175274, 323.5921050491752, 338.15, 293.15, 338.15, 332.6856415553657, 312.24984298311267, 308.4726596324065, 298.7029729892754, 293.15], [338.15, 318.2668376637191, 312.5517922857665, 311.8712029388801, 309.8281598692736, 305.121093988458, 303.77404154926705, 307.2835755725975, 312.1931548312564, 317.3246562079436, 322.24521112397946, 326.16467096313, 330.5875511432278, 334.49053945055795, 328.27375658702067, 338.15, 296.282863954456, 338.15, 338.15, 321.0693615445987, 314.19274218012447, 309.22857640629167, 297.12691546452487, 293.15], [338.15, 317.96829507103837, 311.8967811347052, 310.8076241668163, 308.21973323441404, 303.71819968380424, 301.18338295252414, 303.60928214987916, 309.3024846943898, 315.0106148235693, 319.64672622871, 323.1737306289156, 327.3521106837186, 293.15, 338.15, 302.11155381594637, 332.6922063685297, 338.15, 338.15, 321.43413444123814, 315.2751130145694, 309.5256811030086, 294.2558626715531, 293.15], [338.15, 338.15, 338.15, 325.7074625420184, 308.21973323441404, 303.71819968380424, 301.18338295252414, 303.60928214987916, 309.3024846943898, 315.0106148235693, 319.64672622871, 323.1737306289156, 327.3521106837186, 293.15, 338.15, 302.11155381594637, 332.69220636852947, 338.15, 338.15, 338.15, 338.15, 338.15, 294.2558626715518, 293.15], [338.15, 321.8988345007575, 313.81654650241086, 312.65658955541625, 310.06338345505156, 305.5762961240909, 303.1180143564694, 305.696206129398, 311.4899565490136, 317.22018731510383, 321.8798483297118, 325.47152427941097, 329.7366421138874, 293.15, 338.15, 313.0281884093534, 338.15, 338.15, 338.15, 323.8353265708949, 317.4135306127728, 311.4513760376593, 298.20237437847305, 293.15], [338.15, 322.3457162557073, 314.1255789354127, 312.3841727868044, 309.2774790280152, 304.74606889967504, 301.5810609188524, 303.0833105144433, 309.0842223954962, 315.4818674967688, 320.1517528654656, 323.40167102171444, 327.39945038935684, 293.15, 338.15, 323.0182984071336, 338.15, 338.15, 325.4797296865065, 324.3993283616502, 319.0432992864493, 312.7142883225795, 297.32470743226713, 293.15], [338.15, 320.8092802787322, 313.856023411367, 311.6518979599822, 308.02865012025444, 303.29578094998107, 299.63722944618684, 300.16898793714563, 305.9191462562197, 312.8040646531791, 317.6885500870117, 320.69927448547566, 324.38411049886287, 293.15, 330.59738982404326, 338.15, 338.15, 322.0097257861011, 323.4947781170629, 323.5958083328815, 319.5070200493545, 313.36492699415277, 295.75728046454327, 293.15], [338.15, 322.8798088923124, 314.38661672650557, 312.63329193185723, 309.52439852370543, 304.99523504952526, 301.8378727516215, 303.35613389413766, 309.3706812722695, 315.7734537243981, 320.44667746636344, 323.70439906462366, 327.7129368785519, 293.15, 338.15, 324.77140381727224, 338.15, 338.15, 325.82593382484873, 324.72614991714636, 319.3388819578264, 312.97982546603424, 297.85546709194773, 293.15], [338.15, 322.7472433546995, 314.81054049058343, 312.5559604268677, 308.91607848192626, 304.18782030383994, 300.5501728249477, 301.12733644877085, 306.9253301208769, 313.8368467507738, 318.7363403571639, 321.7715232235432, 325.49130691086066, 293.15, 335.8790764514296, 338.15, 338.15, 323.26596402123175, 324.7373553146932, 324.78473674931735, 320.5993155315683, 314.3493024913945, 297.6829178902732, 293.15], [338.15, 320.73305149217424, 314.5069961192946, 311.98592030693186, 307.8497058178632, 302.81582646125764, 298.78636363636303, 298.56377779796037, 303.8817125884775, 311.0344968723917, 316.2349973751383, 319.1808155045554, 322.61535428421416, 293.15, 323.8707863264267, 338.15, 338.15, 320.96265955224726, 322.6732362198683, 323.6050451419584, 320.6428310094137, 314.9322084785795, 296.76572270188774, 293.15], [338.15, 332.5642531164182, 320.1576881218681, 316.1811655156655, 293.15, 293.15, 337.2602070096371, 299.55255783431073, 302.35623226182963, 308.53420902223775, 313.2350646785768, 315.6053697192891, 318.1446333223318, 320.9897488372361, 321.8258532100177, 320.2292044290737, 317.0206448547852, 314.3356756307117, 316.2706921422056, 318.26440636388566, 317.5366076622717, 314.36094051154953, 299.4806848069281, 293.15], [338.15, 330.5269702107676, 321.28392748191686, 317.0449182590306, 293.15, 328.5760270032113, 305.334693012063, 299.9237341978966, 301.3280915184952, 307.04077290528835, 311.88865739994316, 314.35515446551733, 316.8240785342859, 319.5502031434819, 320.36477381640594, 318.8848384578182, 315.855928745578, 313.31468781006885, 315.38204334129347, 317.7071380828201, 317.58456056987086, 314.9375713765977, 300.30187615259905, 293.15], [338.15, 327.95388393592424, 321.42638233335066, 317.714943391514, 293.15, 326.56077375005793, 304.8179938007336, 300.02207409178106, 300.5202887747766, 305.4659580450527, 310.25362204910135, 312.82681409914346, 315.27643999811033, 317.895672240803, 318.64883662321034, 317.22920825157115, 314.34835949746605, 311.9553553426259, 314.1586362413647, 316.7505604439831, 317.14447810772754, 315.05852907302676, 300.72172519319093, 293.15], [338.15, 324.0232546784322, 320.32018531779374, 317.4852568602809, 312.2231793333565, 307.6063489510643, 303.2790990120515, 299.2318947794398, 299.3626365063848, 303.5174547398404, 308.0069023214158, 310.61633570714366, 313.0758608623515, 315.60541828059576, 316.2628919511378, 314.8374756960432, 312.04929978943585, 309.7857676269562, 312.1290798714879, 314.9512788228852, 315.78974256056665, 314.2708827713552, 299.7267512009702, 293.15]]
    "τ_pipe_R" = [[330.5803550189073, 319.06833861441635, 310.91737852218387, 310.3020438515266, 310.05936810640736, 305.3870052142852, 306.0401634262053, 309.1858579214006, 311.20817445801214, 315.4478420585682, 321.0433433976987, 325.78598973570485, 330.21665669240963, 331.69144061438504, 335.0507278789609, 322.79387130284766, 329.72882632517207, 307.4429202168386, 322.07104386136353, 307.47830637523157, 322.10643001975654, 316.10440890649045, 299.6065817019792, 294.09839620232304], [324.2048733980783, 325.4895058947107, 322.59134184966615, 319.0101272785574, 314.9165597930201, 309.6363275478436, 305.8322160922158, 304.7996012906906, 306.251315661151, 309.95918404391017, 314.860345445166, 319.5687616699046, 323.8193951555449, 324.55331088934554, 323.9098806478144, 323.0468151456202, 323.407634896711, 320.6495880863346, 327.17488364609346, 328.4045937206495, 325.24572489736187, 318.65120316751893, 309.8576647542812, 300.8244687172995], [326.3997528939611, 326.4023459495174, 321.1662613551215, 317.2201650460387, 313.15045220511104, 307.8367324214404, 304.271301949744, 304.22894299542673, 306.9763618587349, 311.52223167449745, 316.5918964403892, 321.0372231990862, 325.1222799832725, 323.6254753203797, 323.399955796981, 322.6297667987312, 321.1710744007125, 322.27681723541093, 331.7503465940076, 330.2436682277678, 322.7750545711934, 317.84096967342947, 308.6025060937702, 298.2349578395484], [327.89693439767524, 327.97135865034613, 322.1547797084959, 317.86913256721823, 312.3236327182993, 306.40609471935255, 302.83825276650157, 303.09017133045654, 306.6991784608082, 311.8198400022794, 316.84679603610766, 320.9952910171246, 324.9342406685078, 317.9702820827037, 320.40759897844794, 321.99092785679204, 315.50249757652693, 327.78717072916527, 336.13156303322194, 330.40654678511584, 323.77425152018174, 319.64308067558954, 306.96749552219984, 295.8056008871703], [330.53686033813, 323.62633971515845, 313.13580252567095, 310.4637079735059, 308.4149841096404, 304.6224551055135, 301.48586307305965, 302.2241596902068, 306.72392724605294, 312.3086175529336, 317.19479182975374, 320.99829253716746, 324.8646801755714, 304.0141026166411, 322.12766171479217, 313.313077339994, 321.443539213635, 334.89841351411883, 336.6850130425311, 325.8491272214652, 316.43437851274996, 310.70697150342784, 298.9289968976975, 293.25178040968245], [330.53686033813, 336.73455366428124, 336.74163089595976, 328.6671588411288, 313.25377919452, 304.6224551055135, 301.48586307305965, 302.2241596902068, 306.72392724605294, 312.3086175529336, 317.19479182975374, 320.99829253716746, 324.8646801755714, 304.0141026166411, 322.12766171479217, 313.313077339994, 321.4435392136349, 334.8984135141188, 336.6850130425311, 336.70624473756686, 336.72039920092413, 336.72747643260266, 308.2248838797532, 293.25178040968206], [325.06246019317535, 326.44724495906746, 323.7165361961976, 319.7774194749896, 314.3096714590505, 308.4506342993284, 304.65732892410085, 303.89357118602237, 305.8374321809649, 309.9963628736803, 315.083273680479, 319.67363979146904, 323.76253231037225, 322.59183438143896, 321.5631515355208, 322.6655734692264, 323.3980401910575, 322.13047221334193, 329.91104225209506, 330.8917956583927, 323.31538556054176, 316.1115908596938, 307.20193800170284, 298.5159436303454], [326.05333701095157, 328.3985169450882, 325.6583534356418, 320.173773975312, 312.9771908755081, 307.0299061377987, 303.33635119097977, 302.65179963801023, 305.307356894542, 310.15005580270054, 315.35665609572334, 319.69394005304935, 323.5765522438033, 317.94139731467357, 318.371847105111, 323.4727366125727, 320.2928111091038, 328.9295405988589, 333.6859465864337, 328.8901412362934, 322.74929002411284, 315.69635176638434, 305.29053681316265, 296.683073442126], [327.6070392094124, 331.25981307418147, 329.1153933536806, 320.3287011430977, 310.99664420871284, 305.5841396042978, 302.08253265214245, 301.5069466513726, 304.9182355140365, 310.43935730217004, 315.6792186754502, 319.6814827426383, 323.3819742901702, 308.1051102885974, 317.91594407689377, 321.23074252114156, 325.22736853793054, 333.8894188038845, 332.357410436512, 329.0246016383427, 323.3846296826232, 314.77203300272816, 302.8445422817017, 294.88684691596933], [330.3362845703641, 336.73455366428124, 336.74163089595976, 319.11469202348246, 308.2768435581191, 304.2969567931537, 300.71202188375264, 300.5725911160194, 304.88832610955546, 310.97183851320415, 316.08117411858655, 319.68404557031647, 323.29213702668335, 303.46401633040614, 322.12766171479217, 320.5919684067118, 328.62787487710415, 336.6708585791739, 327.2072291355885, 331.9673527840956, 323.24239548251774, 312.5092696279984, 299.56450061062185, 293.2913900114666], [330.3362845703641, 336.73455366428124, 336.74163089595976, 319.11469202348246, 308.2768435581191, 304.2969567931537, 300.71202188375264, 300.5725911160194, 304.88832610955546, 310.97183851320415, 316.08117411858655, 319.68404557031647, 323.29213702668335, 303.46401633040614, 322.12766171479217, 320.5919684067118, 328.62787487710415, 336.6708585791739, 327.2072291355885, 331.9673527840956, 324.178907897612, 312.9775258355455, 299.56450061062185, 293.2913900114666], [321.3685915095428, 322.96019229086437, 322.29762329350325, 320.2383326826844, 317.1323946440653, 312.71847572419097, 308.7080132270123, 306.7159027191414, 306.66933534089895, 307.96138352056187, 310.2613016972193, 313.2981598977038, 316.78106017292885, 318.3421041109484, 318.48670482340253, 319.46892732001356, 321.93750266962843, 321.31807784188805, 323.61766102388935, 323.4208064704382, 321.01117759287075, 317.0618032667179, 312.2498281274122, 306.3857165315023], [323.34065104800635, 324.85607485766764, 321.409630176478, 316.6274194229922, 312.6541762743577, 308.8986529904937, 305.61735438719234, 303.938396010287, 304.6195311626195, 307.86186920864, 312.65053134047207, 317.4074265393874, 321.6321293346808, 320.69800206992954, 318.77536145978837, 320.8205767369371, 325.20948765727354, 326.36302168520587, 330.0723556570856, 328.4477638001569, 322.0842246253755, 317.0466921671475, 310.4902945096694, 302.28795515395086], [324.071707346346, 325.8774379439228, 321.0846538651612, 315.59240356746795, 311.7143295033343, 308.05285848432334, 304.5109328903967, 302.7601153127696, 304.0288239884956, 308.01744687347764, 313.1429329260055, 317.78831413134446, 321.7888315796529, 317.3287179953689, 315.98930086413515, 321.9698470893474, 325.4839531063571, 331.1718196615269, 331.5047156118925, 325.9625112154815, 321.0888853350722, 316.88360287269575, 309.3002018370511, 300.4978954855221], [325.24987671768343, 326.6881154206066, 320.13506554171056, 314.3874976584507, 310.83507935096594, 307.1285003424423, 303.36536439353483, 301.6821491479752, 303.63122033205485, 308.40268457215757, 313.78583588026936, 318.2047390486724, 321.96698875475215, 311.2000388886115, 314.74808641539204, 322.63702715597526, 330.65616108588097, 333.46779263458654, 329.43523031424075, 324.3835276255101, 320.83359978619364, 316.6185257161029, 307.6749943708563, 298.49190544602334], [328.3174273761659, 326.65281344987864, 317.2558871114357, 312.4674514638715, 309.5375783233671, 305.61355551430785, 301.8187006090112, 300.85587960724524, 304.22655217098463, 310.06084488841736, 315.4825349654759, 319.3751010949073, 322.9154746408137, 306.62797842036787, 317.2910269682074, 327.6154470419181, 333.67378179933576, 333.09443929321594, 325.82241464663093, 322.8889520232585, 320.19980173529717, 315.07758216334474, 303.7163799398325, 295.186284821339], [330.24080311674606, 325.4715872826869, 315.33097325386086, 311.6483454987762, 308.56505579210824, 304.2860348509213, 300.34443876773577, 299.48753420378364, 303.40916366985755, 309.7766860854126, 315.2063494351107, 318.7551819276821, 322.133343458177, 303.05023010039264, 317.22216783262314, 334.2676522598395, 336.69209027421033, 326.18759324861776, 321.92467100212343, 322.4938007842209, 319.88505748163976, 314.574931531164, 301.1509961830694, 293.7393731509006], [326.4984639799259, 326.8946642675938, 319.11129513392115, 313.68783017952217, 310.2842496689462, 306.33025241786646, 302.3652145451089, 300.7306351713332, 303.1383877114514, 308.4398208846576, 313.9700291533717, 318.17548593319566, 321.7571225407859, 308.58864294758916, 315.31826085817295, 326.246088158901, 333.3702140107428, 332.5018090738221, 325.7799712156618, 323.00941107781534, 320.952866583999, 316.60732116733004, 306.44094014527036, 297.1415951829248], [327.9388716607662, 326.7219453836764, 317.6690592133959, 312.84210571695695, 309.5149089019293, 305.2484122556255, 301.0955993469357, 299.495756212525, 302.37536626429005, 308.26977014920107, 313.95254956378983, 317.88011866858125, 321.2436828266375, 305.8569613921285, 315.0177677646741, 330.7747991153821, 335.7982096874606, 327.98679743265035, 322.738270030552, 322.66468253285484, 320.9739628236274, 316.4461098929322, 304.71174747002055, 295.5435248386028], [329.9580922169853, 325.42207594324356, 315.729030699314, 312.07670282454785, 308.55730510863185, 303.9161867012896, 299.6359255777199, 298.1686117653664, 301.56453084404717, 307.9656680664374, 313.68757703330056, 317.29687970469115, 320.49139211662623, 302.47581790461766, 312.85317333448523, 332.08315501077055, 336.69209027421033, 325.5075135298542, 321.05103167755766, 322.23300044910366, 320.6257774633077, 315.96175626425713, 302.3149715356629, 294.06686967929033], [321.21758607423686, 322.9515267978861, 323.1332458381808, 322.0169055270185, 318.6534451296506, 313.15858570933864, 308.7152825154682, 307.49401791109483, 307.8264213433047, 308.1562296848004, 309.1001102966767, 311.2821594048794, 314.4039108678545, 315.7612406098517, 316.85681197421275, 319.1627031086253, 320.416710357633, 319.15299805766784, 321.14966033672823, 320.9664197504049, 317.787548858942, 315.24595918294324, 311.7561634138365, 306.56597844161723], [321.3880851290018, 323.8810085674832, 324.2082987687411, 322.4400961622359, 317.94845133659453, 311.72534566353227, 307.7257531878641, 307.33216067134555, 307.5876968452754, 307.39810432508784, 308.3330514459376, 310.8260965942235, 314.1019305503623, 314.4342345663324, 316.09418260717484, 319.36886808508814, 319.22374176799406, 320.8647528284788, 321.31846272022113, 319.16213987038725, 317.09893439348025, 315.2421061449563, 311.4430467502932, 305.8047773300185], [321.6507653903887, 324.9866210412903, 325.384392177683, 322.65179148095996, 316.8265474865687, 310.0126014871803, 307.1682835098154, 307.6564836958289, 307.17376450460665, 306.3519675166449, 307.5719496686321, 310.45747913002486, 313.8027866920505, 312.07621605738626, 315.95785412268964, 318.9685258687597, 320.52968190900907, 320.645107349412, 319.5089410556295, 318.0590478019809, 316.8275931000165, 315.2037363245776, 311.0586206602334, 304.91832055879104], [322.05181473666755, 326.349028109975, 326.61265926798535, 322.497221640871, 315.173124473685, 308.08726334165186, 307.3944130026412, 308.41143471943934, 306.32400306982026, 305.0532709377759, 306.9066108210024, 310.15667967283866, 313.46041314525115, 312.687790851351, 316.7013263423285, 319.6671512979576, 319.61833359500537, 318.6597645478891, 317.23672798015934, 317.0164235984294, 316.5118636016087, 315.0464793961012, 310.56671824692535, 303.8696556283312], [330.62452181503687, 336.73455366428124, 336.74163089595976, 320.1769935025514, 309.50901777166166, 305.2233134990061, 301.29621761486425, 300.4803081202423, 304.4569893713403, 310.8652551078325, 316.31598616530437, 319.8850982456062, 323.29502173067783, 303.44148576573593, 320.93909812492853, 336.1261174059922, 336.69209027421033, 327.0699839379033, 323.24368355445364, 332.38579865384577, 325.38496365240565, 315.6576847848486, 302.8592649470464, 294.41948941170233], [321.57293191297856, 326.90542971363277, 326.5441065555186, 321.97312476107925, 313.3387708860065, 306.20081366398864, 310.0269124778843, 310.45805379086585, 304.78924362443195, 302.71210597053164, 305.02899603254684, 308.4783900389264, 311.6079883592715, 314.37120307400806, 316.56341404119087, 317.5023631005162, 314.7927261951853, 314.5633067509789, 314.6780802481579, 314.1295230605907, 314.5961133087412, 314.6272045450718, 310.8405765791005, 303.74853240081296], [323.60314929848596, 328.7330648377116, 325.97016722019544, 320.6995375310019, 310.46591450535976, 304.9309373518568, 312.9220466647009, 309.41902832167244, 302.80057124375577, 302.84934862434574, 306.1337471651424, 309.66954550830314, 312.66244924390514, 315.35104994910176, 317.3356981377965, 317.82580973059925, 313.82732234323726, 315.33900379293516, 314.54306610999294, 314.1441340244689, 315.11890430493264, 314.7868411647281, 309.4915129084038, 301.5674943502099], [324.530486594428, 329.3631569413614, 325.5789475087943, 319.98571523345856, 308.9898889947942, 306.73377945245704, 313.3642476550564, 306.92853283471266, 301.14631509939534, 302.4546732890781, 306.2314444594431, 309.83546452646084, 312.6903033408202, 315.27530011952376, 317.1271421069678, 317.37254741049355, 315.8497192764347, 313.5081918641638, 312.7944528755315, 314.05851318105334, 315.3153415325306, 314.94811778587047, 308.8463895296608, 300.13184003880866], [325.98612794841154, 329.77917691655057, 324.5250171534714, 319.14385559467894, 307.351912457945, 311.8982522383966, 311.044676876009, 303.2409747496316, 300.2489813796458, 302.3056123719109, 306.4558550665221, 310.0084488583865, 312.6925146195404, 315.20290885131396, 316.88631793014866, 316.8140142956079, 314.98837624101117, 312.5585958014422, 312.26756315611806, 314.05080760552744, 315.46179545416044, 314.9463476054196, 307.7442357807676, 298.3739493284177], [330.10384505462525, 329.56596993248013, 322.0109611174729, 317.63793781826223, 300.73782462540464, 314.0793551581962, 310.75554864378654, 300.6843404945987, 299.4789039230964, 302.88769750701704, 307.6215645819526, 310.84696106346604, 313.27313110887786, 315.76937622466517, 317.09086807762117, 316.37764633932096, 314.00292817220344, 311.4820185475293, 312.15072672137666, 314.5781076491837, 315.70069900181574, 314.49750584965267, 304.25711143182764, 295.08474279494436], [327.63144700485253, 329.4314213868312, 323.04569176307825, 318.52872293860196, 307.7965577594273, 312.5722462225841, 308.7094880812284, 301.4744195607702, 299.7903123537764, 302.21858794206764, 306.4764772423006, 309.8546610130018, 312.4126546079129, 314.8895649472584, 316.37797362715787, 315.99390443599054, 313.9313277730594, 311.5039054743593, 311.71674850621713, 313.9306939635957, 315.40097864355687, 314.7838329763477, 306.5243696757712, 296.886456732389], [329.72850302430794, 327.9567613579807, 320.98257863011565, 317.8403848036694, 313.47254774894867, 308.7318881593702, 304.39542802275173, 300.34479351421123, 299.12313434705896, 301.8891418734541, 306.1769757604671, 309.3405740613317, 311.79702872831456, 314.2509535640574, 315.49879621692037, 314.7731912415197, 312.4796639244762, 310.0905020354098, 310.8960340004123, 313.5107952475731, 314.9801139592254, 314.26163039083445, 304.52206866230523, 295.2276194991729], [324.04871022256145, 329.039537655362, 325.5759417727944, 320.10437477785797, 309.6199887429471, 303.9624546429088, 313.25230214451176, 309.45967547605625, 302.56246762799776, 303.0024347802965, 306.48892835020735, 309.9816510202019, 312.9098609760486, 315.594478804854, 317.5434647241589, 317.9255704739627, 313.26307997555114, 315.43480494979997, 314.7666847454726, 314.21798403768224, 315.0999680403976, 314.57007600377085, 308.8076100476833, 300.82239779630834], [324.85196682332554, 329.40807868517095, 325.13355496810976, 319.5057081530363, 308.43504910774874, 306.1178285517946, 313.6477435450232, 306.7451748435915, 300.89454344268546, 302.56403243178204, 306.41642796768843, 309.9457723190725, 312.75553256077876, 315.3488099937868, 317.1695996223093, 317.3349550089516, 315.7307057886619, 313.3589927725542, 312.73182731064776, 314.03825155634945, 315.20356603982174, 314.6968478589732, 308.21687591437313, 299.5886669959996], [325.9588818391441, 329.5100029357887, 324.16469905970575, 318.8618187595236, 307.51015890485945, 312.3667516218422, 310.4602444104622, 302.704151547225, 300.1083399908783, 302.22953131160983, 306.33512126664965, 309.8297952548293, 312.50907632960093, 315.02882972619153, 316.6978032308562, 316.6058694070412, 314.7693037313507, 312.3442729768576, 312.08239062556504, 313.8483309096291, 315.21809390247853, 314.6846527080079, 307.3513575989118, 298.18652939673996], [327.4892288677069, 329.0767987815437, 322.6348631597994, 318.20724071972586, 307.6016347669501, 312.2498683646837, 308.37896161304064, 301.1886245836886, 299.5106616974361, 301.9418747946417, 306.1984105142396, 309.5730074555227, 312.1265293427006, 314.59822953078407, 316.0801156477512, 315.68801506079063, 313.61677025434994, 311.1816464573466, 311.3901545435649, 313.6047407550018, 315.08108866125104, 314.4754509251509, 306.05692963263823, 296.6380419973835], [329.62229245640697, 327.55909496385476, 320.57326322256023, 317.5364369935742, 313.1838550919131, 308.4479845507457, 304.1097464814228, 300.06159794921007, 298.84632115059486, 301.615684006252, 305.9021530971166, 309.06205270115703, 311.5140416820882, 313.96283387205443, 315.20427828636866, 314.4707426249808, 312.1685754146235, 309.77168382409934, 310.5727493226525, 313.1880287937133, 314.66329647802274, 313.9561546635214, 304.0234196458009, 295.028478106627]]
    "τ_pipe_S" = [[351.7497255752878, 347.78719354936, 347.1172502879065, 344.9939423691861, 347.2037597552031, 343.9487597402333, 352.62546208482445, 357.1520863812784, 356.9805863265415, 358.55024014395815, 361.34768581549866, 364.739953098257, 368.3544790100228, 370.42513210896357, 370.8408923186843, 370.81966062364853, 370.7913516969348, 370.77012000189836, 366.4823783678138, 354.07688796038786, 347.5802271128262, 343.7618916059234, 346.23240843592475, 343.82020627785545], [353.20219757803574, 349.155766283133, 348.4658156000765, 346.29172795772433, 348.5599793600916, 345.2593512152508, 354.143057105638, 358.777169509329, 358.5903930286196, 360.1699908948653, 363.0091994465168, 366.46746908446414, 370.1527032658129, 372.2613759899196, 372.6917617663874, 372.68754837499444, 372.6819305198045, 372.67771712841096, 368.2875452845681, 355.6019237725604, 348.95606294630915, 345.051058649236, 347.568061477547, 345.1047854110884], [355.6869851702859, 349.86539558092477, 348.07639264932584, 346.4155639481504, 347.19034333632703, 345.74927604213724, 350.5153362085291, 356.50334101930963, 357.91526960864275, 358.907112250633, 361.31132062976684, 364.5349862498778, 368.1129211087197, 370.72472605834906, 371.7025379844274, 371.8340271332083, 371.81848752758265, 371.8060213275228, 368.9108429041345, 359.09234360574925, 350.5206218264177, 345.7503361263356, 346.1257082759785, 345.3301472175256], [356.92042608775694, 351.0090698482397, 347.91542864940317, 346.23483930251723, 346.19179623290967, 345.4847303520946, 348.13767791290354, 353.64721193623456, 356.55679119489275, 357.6882925715802, 359.60884748761595, 362.5283073267667, 365.95118750686527, 368.854175814195, 370.35578965752734, 370.7550106148911, 370.7753249648965, 370.75241550620086, 368.84697490909343, 361.43299790823585, 352.55637854376124, 346.59221276992804, 345.27110837363057, 344.87056192206603], [356.36987044426286, 351.18243209284077, 347.2604174983419, 345.1712605304524, 344.5833695980508, 344.08183604744113, 345.5470193161611, 349.97291851351554, 353.66612105802676, 355.37425118720614, 357.0103625923471, 359.53736699255234, 362.715747047355, 365.7199404740559, 367.6309356537896, 368.35665826904835, 368.47119266093955, 368.4416782334197, 367.21079050902836, 361.79777080487503, 353.6387493782056, 346.8893174666457, 344.10143263887176, 343.4122387293123], [356.36987044426286, 351.18243209284077, 347.2604174983419, 345.1712605304524, 344.5833695980508, 344.08183604744113, 345.5470193161611, 349.97291851351554, 353.66612105802676, 355.37425118720614, 357.0103625923471, 359.53736699255234, 362.715747047355, 365.7199404740559, 367.6309356537896, 368.35665826904835, 368.47119266093955, 368.4416782334197, 367.21079050902836, 361.79777080487503, 353.6387493782056, 346.8893174666457, 344.10143263887176, 343.4122387293123], [355.7861539410376, 349.9566053789946, 348.16478065058317, 346.5013053856961, 347.27789594293546, 345.83636235938684, 350.61044229630664, 356.6073855251746, 358.0204924981761, 359.01218727308566, 361.4185546632861, 364.646251544749, 368.22870200330954, 370.8437017103967, 371.8232264153892, 371.9560232260876, 371.94196623797063, 371.9306108916076, 369.0307224005419, 359.1976718668187, 350.6134793467489, 345.8362959960436, 346.21180536923765, 345.415156661332], [357.1794816532039, 351.24736682770055, 348.14202028863235, 346.4545636057296, 346.41292839123787, 345.70699409046813, 348.37312067170603, 353.9041818940151, 356.82254368830564, 357.9544039518355, 359.8786819354832, 362.8071799142512, 366.2411143327927, 369.15333120274636, 370.66093561843775, 371.06420734031315, 371.08833170427897, 371.06836303560425, 369.15492046517534, 361.7121352325614, 352.80228879249734, 346.8160891492963, 345.48937980059696, 345.08730263940174], [357.69256307679495, 352.41141537506246, 348.41398306558995, 346.2821592848396, 345.6923839876363, 345.2007389242859, 346.7121795819186, 351.2287666635134, 354.9804317491668, 356.70051105467314, 358.3509567531902, 360.9178020489178, 364.148548905209, 367.2020443043984, 369.15172884229935, 369.9045830333523, 370.04057583171215, 370.0257906487124, 368.7647724727181, 363.2396694608109, 354.92296339365976, 348.04619659694583, 345.20294087510905, 344.50089694732304], [356.66550692491114, 352.34402442133216, 348.0396519884955, 345.36390329489495, 344.27436387451894, 343.7351942894734, 344.52891666444214, 347.9391772237245, 351.8568583602834, 354.220747061653, 355.87256344794366, 358.0828219832332, 361.02189628212466, 364.0614492984072, 366.3123486702476, 367.41327265614086, 367.7177854421859, 367.73111495040945, 366.9214242642013, 362.9445259361604, 355.76259467847, 348.6022540830223, 344.52934551426847, 343.15], [356.66550692491114, 352.34402442133216, 348.0396519884955, 345.36390329489495, 344.27436387451894, 343.7351942894734, 344.52891666444214, 347.9391772237245, 351.8568583602834, 354.220747061653, 355.87256344794366, 358.0828219832332, 361.02189628212466, 364.0614492984072, 366.3123486702476, 367.41327265614086, 367.7177854421859, 367.73111495040945, 366.9214242642013, 362.9445259361604, 355.76259467847, 348.6022540830223, 344.52934551426847, 343.15], [353.3404051315162, 349.2859905414573, 348.594136085532, 346.41521658318135, 348.6890281770184, 345.3840583635, 354.2874613314021, 358.93180158685294, 358.74357150328194, 360.32411557892635, 363.16729800785436, 366.63184798994416, 370.3238102988791, 372.4361007170746, 372.8678781649788, 372.865284121915, 372.8618253978307, 372.85923135476634, 368.45931293497136, 355.7470360144292, 349.08697831278556, 345.17372719138126, 347.69515331741184, 345.22701739829387], [356.0919931579491, 350.2378989052213, 348.4375514583034, 346.76591411812956, 347.5475510291236, 346.10421983539493, 350.90303296522904, 356.9279020823256, 358.34536234491674, 359.3369606546527, 361.74980671388676, 364.98957655527926, 368.58595324758625, 371.210805674554, 372.1952530758615, 372.33172319091375, 372.3220588554917, 372.3143091929722, 369.4007936260528, 359.5230464627606, 350.90021405472595, 346.1015783792741, 346.4775109536747, 345.67732812445263], [357.71751786858545, 351.7422892384376, 348.61287734724056, 346.91121733462586, 346.8717692044903, 346.16751520857696, 348.8608944084605, 354.4371570521515, 357.3748610450301, 358.50819611458684, 360.44008003169665, 363.386798639873, 366.8435726869118, 369.77495649079725, 371.29451153864557, 371.7055860002685, 371.73725872241374, 371.723583920518, 369.7948096594094, 362.29273552847417, 353.3136932012205, 347.28142592349775, 345.94301603000235, 345.53751407934357], [358.5702564112714, 353.22692640798033, 349.1801828660479, 347.02022591905325, 346.42701981868873, 345.93993248772716, 347.48165072010596, 352.0598424930347, 355.85359291265013, 357.58382367874003, 359.24348469334905, 361.8351606430481, 365.10027847752445, 368.1864495624259, 370.16034028948627, 370.92937319653583, 371.0784741525336, 371.0739776880589, 369.79679218556134, 364.19896293453115, 355.77716697640886, 348.81501240129654, 345.9348156918802, 345.22349186123597], [358.3128004880809, 353.89448466852184, 349.48921529904914, 346.7478091504405, 345.64111539165197, 345.1097052633119, 345.94469728248936, 349.4469468780797, 353.4478587591332, 355.84550386040564, 357.5153892291027, 359.76530738535115, 362.76308675299333, 365.8644189452733, 368.1684742381399, 369.3082006923298, 369.6413866060157, 369.6745808965507, 368.8433660501431, 364.7629647252871, 357.40693565008553, 350.0779246862166, 345.9070554452891, 344.49500040442376], [356.97035355085393, 353.50871749488425, 349.2196597750043, 346.01553432361897, 344.3922864838911, 343.6594173136173, 344.00086580982384, 346.5326243007824, 350.28278261985656, 353.16770101681647, 355.05218645064815, 357.06291084911226, 359.7477468624995, 362.74271301523913, 365.23931487604636, 366.7065997942249, 367.264830081398, 367.37336214973806, 366.8584144806999, 363.95944469651755, 357.87065641299085, 350.7285633577892, 345.64648837956537, 343.374834774138], [358.6097892788045, 354.17401548450584, 349.7502530901423, 346.9969282954932, 345.8880348873415, 345.3588714131616, 346.2015091152581, 349.7197702577744, 353.73431763590617, 356.1370900880344, 357.8103138300002, 360.06803542825975, 363.0765732421886, 366.18907304629937, 368.50331889230745, 369.65080851830504, 369.9896573416833, 370.0262425926787, 369.1895701884859, 365.08978628078273, 357.70251832146266, 350.3434618296711, 346.1550257428969, 344.73739128619957], [358.0409034268396, 354.5290663914359, 350.1741768542199, 346.9195967905038, 345.27971484556303, 344.55145666747677, 344.91380918858465, 347.4909728124072, 351.28896648451376, 354.20048311441064, 356.099976720801, 358.13515958718, 360.8549432744971, 363.88935463831245, 366.42543736174696, 367.9252520420933, 368.5071735573464, 368.629600384869, 368.1009916783298, 365.1483731129542, 358.9629518952045, 351.7129388550316, 346.5531750595951, 344.2482211275953], [356.5035749981358, 353.8325846106568, 349.8706324829309, 346.34955667056863, 344.21334218149997, 343.1794628248945, 343.15, 344.92741416159674, 348.24534895211445, 351.3981332360285, 353.5986337387754, 355.5444518681922, 357.9789906478506, 360.8402106193836, 363.4657836916188, 365.2423014586553, 366.0790283473993, 366.32629591588454, 366.0368725835049, 363.96868150559527, 359.00646737305, 352.2958448422167, 346.5971281781313, 343.42437972166084], [356.19851164867134, 350.33586855792385, 348.5324904441952, 346.8580103948701, 347.64159191894385, 346.19775935256285, 351.00518662418887, 357.0396571396669, 358.4583841699173, 359.44982417873575, 361.8649889978282, 365.10908834538276, 368.7103153031824, 371.3385992614685, 372.3248858562299, 372.462760023202, 372.4546879243551, 372.4481317070476, 369.5295583067073, 359.6361817312609, 350.9999540728163, 346.1939092768945, 346.5699892449298, 345.76863789448174], [357.95800436204075, 351.9635051188709, 348.8232469442304, 347.1152120374421, 347.0770107893413, 346.3737666471007, 349.0793798127673, 354.67566662718116, 357.6216040862156, 358.75531312451653, 360.6906336048338, 363.6457022690446, 367.1127378039995, 370.0526886682421, 371.5777648461417, 371.9925592911278, 372.02774852245386, 372.01682354248214, 370.0807211775532, 362.5519247649605, 353.5420172475467, 347.4892752741649, 346.14566199856847, 345.7387190399644], [358.9784529537136, 353.6062032816724, 349.53645171934795, 347.36336025850164, 346.76877274541425, 346.2841050704043, 347.8400326822138, 352.4467447784665, 356.2596697922529, 357.99425334630155, 359.65813764240465, 362.2615428887805, 365.542755743492, 368.64414171059525, 370.62943904793275, 371.4062459084709, 371.56163646797665, 371.5619191449798, 370.27680118029764, 364.6448131525573, 356.17412086824197, 349.1723699804854, 346.27505223418615, 345.55949598751636], [359.49686390701316, 355.00894495796376, 350.5306929297637, 347.7419245017582, 346.62423429549835, 346.0998187593636, 346.9649371258772, 350.5324880099532, 354.5910638773029, 357.01129919999016, 358.6941180528311, 360.97352668174807, 364.0138719603999, 367.15969895963497, 369.5028887118386, 370.6717596630361, 371.0264343553082, 371.07370973797975, 370.2246131893996, 366.06847789426536, 358.587384901567, 351.13769696205856, 346.89661976121096, 345.4615584117375], [358.13326897769565, 354.61710067177097, 350.2580360487779, 346.9994468616525, 345.3536755912502, 344.62177832687405, 344.9850657070348, 347.5690216990235, 351.3778402504224, 354.29615787666444, 356.1963800188721, 358.23045897858475, 360.9525191404604, 363.99020859068423, 366.52667856933397, 368.0256022285082, 368.6072545040606, 368.7319109644238, 368.209921858888, 365.25595495337944, 359.061341461418, 351.80025241862273, 346.6333862508885, 344.3239894469614], [359.62798856457715, 356.04172881413035, 351.5902885551681, 348.2612606549538, 346.59364623470026, 345.8690867454895, 346.2615433568425, 348.90797175727, 352.78175173253425, 355.73631577758636, 357.6579714424734, 359.72711595496605, 362.4979559153768, 365.5907169314315, 368.1832308689844, 369.7284797185531, 370.3436541201592, 370.4872410717035, 369.9438828909752, 366.91458590278484, 360.585525006358, 353.17421125271295, 347.8988666995869, 345.54343428419907], [362.78076508267156, 362.0683885049984, 353.3887297312602, 350.1806785273417, 352.3651969875154, 354.1594493410829, 348.0283235572606, 345.896551480907, 348.1724905886489, 350.31880710370535, 351.8106594392516, 353.1372585033376, 354.8028592616432, 356.7625766425539, 358.5700155306665, 359.8063191725016, 360.40512505221903, 360.5964392447459, 360.3942351278081, 358.9570633047833, 355.5319535447627, 350.9104513713262, 346.9861720534694, 344.8033194407559], [361.56726513301646, 361.66186535839597, 355.68921276639, 350.70046746766104, 351.07983966795337, 352.97957582990574, 349.50968146781605, 346.0685059302662, 346.8731195459806, 349.0537796367871, 350.7565866164429, 352.1292665464808, 353.67147266856983, 355.5202425596633, 357.36108605093585, 358.76944927546367, 359.565204754271, 359.8829760956691, 359.816997224471, 358.80653640040464, 356.07102157060956, 351.88490849094285, 347.7642760816414, 345.0234292924348], [360.4495771854255, 360.8855696782865, 356.97543130645545, 351.7117811339949, 350.3099420612632, 351.6792326685568, 350.00471939525596, 346.5814984249721, 345.98186331495333, 347.6979388042441, 349.5501883698445, 351.021449612749, 352.49565773394994, 354.22827469065317, 356.05165632064427, 357.5816174249345, 358.5616473138793, 359.02639004466124, 359.0929595206525, 358.4117565146474, 356.27698174634895, 352.6121478390669, 348.51160932337405, 345.34120869625565], [358.21763499515686, 358.7434239516238, 356.3524189062759, 351.67086759436313, 349.0368089662839, 349.44261356100077, 348.77137574530707, 345.9899995732927, 344.5029775078587, 345.45115975920334, 347.23274946419656, 348.79695227343115, 350.2393412953535, 351.8505263862746, 353.59042908127213, 355.155074092884, 356.26016644647746, 356.85905916218104, 357.067378614114, 356.6677810824561, 355.07415454400945, 352.0076079485129, 348.16117280765434, 344.7702968608132], [359.0065431091185, 359.5378577381874, 357.11883485249757, 352.3851936679322, 349.7292330475793, 350.15086259086274, 349.48413076455023, 346.6793043963559, 345.17087465988175, 346.1174614133295, 347.90910420418385, 349.4868556293675, 350.9415130898999, 352.5667405475487, 354.3278184545404, 355.9175769566635, 357.0458432819679, 357.6597001099271, 357.86442873930685, 357.4519615477866, 355.8358070001707, 352.7341430971615, 348.8443945679966, 345.4178828968107], [356.89511354289345, 357.3994395730921, 356.00788488954163, 352.1548265951781, 348.8783268053676, 348.26133422644403, 347.93690273145734, 345.88446181102313, 344.00799544182667, 344.1612517819543, 345.6535815814478, 347.2672684561389, 348.73154233888255, 350.266627731768, 351.9311882888737, 353.5144388553815, 354.7352317146194, 355.4791159937394, 355.82559669100675, 355.64541354670973, 354.4759091583593, 351.9435714094001, 348.41693862009356, 344.9281711300724], [362.7044724921969, 361.9927784278017, 353.32169892758867, 350.1169847630522, 352.2988833375974, 354.090362767794, 347.9640572016182, 345.83380058840396, 348.10808610955286, 350.2534001703781, 351.74461360848204, 353.07020515723576, 354.7344736096913, 356.6925768976936, 358.49802064414064, 359.73234939355285, 360.32952768246236, 360.5198681653633, 360.31838471964585, 358.8833802366974, 355.4620789471932, 350.845268011304, 346.9250119361845, 344.74425066945105], [361.38517613247967, 361.4795566911767, 355.5213244855045, 350.54480187930255, 350.92227700014854, 352.8152215984923, 349.35083025534925, 345.91619419794705, 346.7198686254666, 348.8978453858746, 350.5987010422139, 351.9690060829259, 353.50826968596823, 355.35338520087225, 357.18948957365416, 358.5928407927099, 359.38428121842145, 359.699311994349, 359.6343285058422, 358.62804272752254, 355.9002440259079, 351.72457687518664, 347.6141513547735, 344.8797559460037], [360.1052784209264, 360.5393289668573, 356.6475638455539, 351.4085546226666, 350.0113128268355, 351.37022639839154, 349.6983293756992, 346.2873705615338, 345.6917278821319, 347.4044092689251, 349.2522937635797, 350.71879082915405, 352.1877148979226, 353.91383950711787, 355.72841018004306, 357.248474821455, 358.2195651092149, 358.67832417370556, 358.7456797049299, 358.07077444645716, 355.94819693350746, 352.30120774023413, 348.2201868983467, 345.06417520494324], [358.66867173876165, 359.19761984815466, 356.7900186969878, 352.0785797551506, 349.43372285805225, 349.85005026133865, 349.1816301643707, 346.38571045541755, 344.8839251384137, 345.82959440868905, 347.61725841273824, 349.19045046278023, 350.64007636174637, 352.2593086044392, 354.01247298684774, 355.59284461520815, 356.7119958611028, 357.31899170626275, 357.5222726050009, 357.11419680762015, 355.50811447136385, 352.4221654366632, 348.55108311310903, 345.1404204842257], [356.5666466559432, 357.0687263759365, 355.68382168143086, 351.848893223918, 348.58681569699326, 347.9699853147012, 347.64273537568846, 345.59553114307613, 343.7262728700217, 343.8810911034772, 345.3705386850529, 346.97997207078043, 348.4394972259879, 349.9690546442319, 351.6265283147743, 353.2011120596794, 354.4129361530721, 355.1494039905935, 355.49271623512453, 355.314915186522, 354.1533789242028, 351.63451913499233, 348.1251137080901, 344.65270226662557]]
    "τ_src" = [[348.76770086616926, 349.8580458208598, 348.270517163162, 345.7842919635158, 350.45148230639336, 343.15, 360.20317489151165, 358.66767390756456, 359.1495864724616, 361.281719910599, 364.4899754989799, 368.0977634550538, 371.84797967772556, 373.15, 373.15, 373.15, 373.15, 373.15, 366.5267027292509, 350.7058868138107, 348.59209513900043, 343.7592983438932, 349.96846448819207, 343.15], [373.15, 373.15, 346.66322609027856, 356.4280811423436, 367.76785567436144, 373.15, 343.15, 343.15, 343.15, 343.15, 343.15, 343.15, 343.15, 343.15, 343.15, 343.15, 343.15, 343.15, 343.15, 343.15, 343.15, 343.15, 343.15, 343.15]]

[source_hashes_at_solve]
"Manifest.toml" = "948f0f5c5a4bc8381a3d9ad413fb0f8e78ee1a3bad52606dea9b9b6f144e5450"
"Project.toml" = "a03b47e468b374bc737db5a13dc9359a40f74b16efaf85a1c541bcdd6a2a0bd4"
"src/algorithms/r5_commitment.jl" = "5038f22f037bba90a7bb3e2afc79b900fdff2d91ebe0afbde8ff189acd0c04bb"
"src/algorithms/r5_dispatch.jl" = "fe48a6db69bf8bbb9b843b1ecc1695ced426a60860e39a586198e15cd77fca03"
"src/algorithms/r5_market.jl" = "a5a5bbc1b96743973ea81e79ec8af40e8f18328d00ca7fc14b540aaf9324154a"
"src/algorithms/r5_risk.jl" = "44824bcb0093e32b935b3d88b87d292cdf1add9d3afeac133db8e7064b4ae28f"
"src/core/r5_commitment.jl" = "3ece4af603f2ee34400e0e479b90ff07bb99973ba4e2b179a556ea65072a9d26"
"src/core/r5_dispatch.jl" = "2c81a1ef97f4e88d328ee73b81ecbc9e5b800fe389495572f1cefbd8bed59b23"
"src/core/r5_market.jl" = "5141419a352751fb65a1fa0127e5ae7826e3d7b65a03dc491ec870adc1c17ee0"
"src/core/r5_risk.jl" = "7f0de03bef8332d3070dd41738c0dde82a0c1c050a59f8fdeb2d58a2a17080dd"
"src/formulations/r5_commitment.jl" = "8d66f8987a6a2e053416d276080b50644d63b38763fa06625e27fa9899f246ae"
"src/formulations/r5_dispatch.jl" = "9cf4ce16f01659598ad2669fcd389ee088a1c85515fe463414e4f3b59db09598"
"src/formulations/r5_dispatch_dual.jl" = "9685a38e919580a17abd0f8fee7c90fbdc7f8dd85080831ee36772c3d8d69bdf"
"src/formulations/r5_market.jl" = "85ba2ee6e8f84bef53db7949bf4fc425b57476bdaa49f22d9a816bf32bd01713"
"src/formulations/r5_risk.jl" = "7b68ae8d7bdd94e8a4d475403962c2e547eac0fb79304f2036da5fb724837f2c"
"src/networks/fixed_flow_heat.jl" = "620c069f6b3a520d32ee546ec048074f9cbaa3c785f8c2e31ec7fd7bf245a83b"
"src/reporting/r5_commitment.jl" = "7d5faa97dbc2724d33831b319af807381ea13aa763cfde5655a4d7ecea956f2a"
"src/reporting/r5_dispatch.jl" = "5d919f4e14dff618d7cc6467ccdcf5ea073b218b2799db0966eb877f4f5d92cb"
"src/reporting/r5_market.jl" = "164d47e5922903179225a17c8a681610ae7eb5312068a4f806d85010f16f0796"
"src/reporting/r5_risk.jl" = "973e9a81c86ff6b0268992be7c02b0cfeadc49dd04905bbe6a66fa37a827a377"
"src/verification/r5_commitment.jl" = "54b43500d3dde0ed617326912d47633425150cb679afa6f8433f2007dd4ac801"
"src/verification/r5_dispatch.jl" = "9e422d26b32cd2d9a7859f57bd33cc78aa8cd4af1bf44bad2228184effc29843"
"src/verification/r5_dispatch_duality.jl" = "1901b2183fd64b2358310eacb8fb866b12ed24e9f9f47c9a8594f163ac5fb8fd"
"src/verification/r5_market.jl" = "47cf2899d6167974ec406d7b431d06bcd2ca3b16108bdbc67c8805e071e57009"
"src/verification/r5_risk.jl" = "cf65ed22cd792d244c77d7858c9d45f2838733a2fe5abd540aee8b036cde0312"
"tools/solvers/Manifest.toml" = "22cb571f15112ccc21408903f229e25b49ee0d59333c14d251ab4b83a8abbf54"
"tools/solvers/Project.toml" = "be07a40d34ee1e44e61d0e81fc1a71161cc9ba7ef20d57fc7fbe4e70f6e3ba8b"
