id,t,pv_fraction,activation_signed
train_001801,1,0.0,-0.5406666111766654
train_001801,2,0.0,0.07487514712019168
train_001801,3,0.0,-0.6049455072208431
train_001801,4,0.0,-0.5722958393590087
train_001801,5,0.0,-0.2785692742825341
train_001801,6,0.0,0.39487721336686404
train_001801,7,0.038722394958244095,0.6926230140834956
train_001801,8,0.1651522950187748,0.7373906351055813
train_001801,9,0.34835902546428943,0.7975417236169144
train_001801,10,0.5790322564985692,0.23250901034812146
train_001801,11,0.7435875048843327,-0.9238803722169943
train_001801,12,0.8394383760059864,-0.9122601407057083
train_001801,13,0.8992874024265967,-0.6614617177658881
train_001801,14,0.8409479688180381,-0.5639084996446626
train_001801,15,0.6834324078084022,-0.786314851646106
train_001801,16,0.5098572252095723,0.1451815140424981
train_001801,17,0.31652474392424573,0.31117043989292414
train_001801,18,0.1039545738597264,0.447343941884436
train_001801,19,0.0,0.4990517381335041
train_001801,20,0.0,0.34762519284801174
train_001801,21,0.0,-0.33657454294637806
train_001801,22,0.0,0.27983506015045495
train_001801,23,0.0,0.6449891644854693
train_001801,24,0.0,0.7787017821013357
train_001802,1,0.0,-0.26998312056525753
train_001802,2,0.0,-0.13997103754463427
train_001802,3,0.0,0.12564726956764918
train_001802,4,0.0,-0.3269877905007686
train_001802,5,0.0,-0.41130987083123505
train_001802,6,0.0,0.10662858685849305
train_001802,7,0.0360820955344251,0.6826878532729885
train_001802,8,0.1520396839580121,-0.13585757135486556
train_001802,9,0.3190040054494644,0.3971286500251165
train_001802,10,0.5120053175747545,0.6847275462433695
train_001802,11,0.6315954874091224,0.8072644174178087
train_001802,12,0.7285144017911527,0.8267747676845009
train_001802,13,0.8282805165336797,0.3457053347036509
train_001802,14,0.7556468419265318,0.5191688987973924
train_001802,15,0.603920727255033,0.006156829975925219
train_001802,16,0.4370693735076376,0.46532880154836387
train_001802,17,0.2479063781626823,0.33518458912854004
train_001802,18,0.086122142074629,0.624234596678579
train_001802,19,0.0,0.9326465683987321
train_001802,20,0.0,0.5240347727767491
train_001802,21,0.0,-0.18382382513681506
train_001802,22,0.0,-0.9006623057044097
train_001802,23,0.0,-0.8664981206804404
train_001802,24,0.0,-0.8850630773994402
train_001803,1,0.0,0.7647794679700246
train_001803,2,0.0,0.31707097868020645
train_001803,3,0.0,0.17594467130305932
train_001803,4,0.0,-0.18192042508980494
train_001803,5,0.0,-0.5942427018998351
train_001803,6,0.0,-0.874639069135075
train_001803,7,0.038896391514276187,-0.8555960509567884
train_001803,8,0.14820867166031845,-0.6385834618343433
train_001803,9,0.3113396959779506,-0.6820926361821127
train_001803,10,0.5096956251943349,-0.22765592706172652
train_001803,11,0.6299082208000444,-0.5992231628879209
train_001803,12,0.6735579638895178,-0.42280390501042486
train_001803,13,0.7365384708133534,-0.2529614697640469
train_001803,14,0.6606538873623058,-0.2238797910495806
train_001803,15,0.5642245370479771,-0.2508248814926704
train_001803,16,0.44906703726479746,-0.05441982549054991
train_001803,17,0.2647665529625577,-0.3194907609682072
train_001803,18,0.0884039890777977,-0.10858640474160897
train_001803,19,0.0,0.6358914317294095
train_001803,20,0.0,-0.5210986477993108
train_001803,21,0.0,-0.055728383824551087
train_001803,22,0.0,-0.4974679228565304
train_001803,23,0.0,-0.2748875978980534
train_001803,24,0.0,-0.8248831148694193
train_001804,1,0.0,0.38365212698762885
train_001804,2,0.0,0.7785499687893087
train_001804,3,0.0,0.7652749819914458
train_001804,4,0.0,0.07649710081123948
train_001804,5,0.0,0.18731418867571523
train_001804,6,0.0,0.06827634528154208
train_001804,7,0.04207657464611625,0.03429813453175956
train_001804,8,0.17334614037143403,-0.23882631267938778
train_001804,9,0.359222396686769,-0.04899415598701905
train_001804,10,0.6014854542639224,-0.21862076575645273
train_001804,11,0.7902078416917905,0.20521022825594495
train_001804,12,0.8939707562641134,-0.5322771395508348
train_001804,13,0.9253980567040264,-0.49416934015546665
train_001804,14,0.8068043693715277,0.03427554792915593
train_001804,15,0.6792892508660054,-0.22964600969496585
train_001804,16,0.5080612642751312,0.06272010136943554
train_001804,17,0.2725582743294568,-0.6368217121237254
train_001804,18,0.1048723150105911,-0.5071764235993907
train_001804,19,0.0,-0.03346892516982406
train_001804,20,0.0,0.7661196863068834
train_001804,21,0.0,0.5926210717262759
train_001804,22,0.0,0.6810218245880623
train_001804,23,0.0,0.1532921060414018
train_001804,24,0.0,0.1433220451286018
train_001805,1,0.0,-0.37280244938566903
train_001805,2,0.0,-0.2608306002231562
train_001805,3,0.0,-0.9539454012985839
train_001805,4,0.0,-0.9557260795517496
train_001805,5,0.0,-0.9619119883752068
train_001805,6,0.0,-0.8773061677164143
train_001805,7,0.03943863693430869,-0.9126232551700567
train_001805,8,0.1628407095150424,-0.7921613783183911
train_001805,9,0.3231836188453957,-0.4507130379294371
train_001805,10,0.5216734117761144,-0.17086380621558211
train_001805,11,0.6989749787336176,0.520233451415612
train_001805,12,0.8038197760157889,-0.10928067281555565
train_001805,13,0.8757506045603863,0.02971957532613971
train_001805,14,0.8554880618574726,0.2514166499114354
train_001805,15,0.732412556772066,0.4461188053430291
train_001805,16,0.5478879554826859,0.866092326599093
train_001805,17,0.3109636507078372,0.8444758629632612
train_001805,18,0.1120813135093549,0.7765270501705945
train_001805,19,0.0,0.8649120454759305
train_001805,20,0.0,0.34616896928692137
train_001805,21,0.0,0.20475262721581722
train_001805,22,0.0,-0.49774195103760366
train_001805,23,0.0,-0.4953486744208323
train_001805,24,0.0,-0.13560638166376338
train_001806,1,0.0,0.2528652671565254
train_001806,2,0.0,-0.17930659439224836
train_001806,3,0.0,-0.4620621795866092
train_001806,4,0.0,-0.4241553971083116
train_001806,5,0.0,0.1348030877245668
train_001806,6,0.0,-0.31724440594922504
train_001806,7,0.046704425454548865,-0.39136782131972425
train_001806,8,0.18509707642240913,0.3458031953190114
train_001806,9,0.37118641333173985,0.63898500449226
train_001806,10,0.5874344843531458,0.367694654721805
train_001806,11,0.7626902603821328,0.49504702839631887
train_001806,12,0.8662990061966382,0.6796862801342816
train_001806,13,0.9123421904077884,-0.03102602715820849
train_001806,14,0.8852209256978002,-0.12431814001030815
train_001806,15,0.75685362918372,-0.3028951075518341
train_001806,16,0.564577503992989,-0.6029202413723178
train_001806,17,0.3313682017539663,-0.19220515136546315
train_001806,18,0.11172897853808295,0.4686703558823415
train_001806,19,0.0,0.32113244939657276
train_001806,20,0.0,0.07590433648678103
train_001806,21,0.0,-0.006318828709527281
train_001806,22,0.0,-0.30035257816865285
train_001806,23,0.0,-0.3003866713087881
train_001806,24,0.0,0.08756018955347752
train_001807,1,0.0,-0.4164108790346618
train_001807,2,0.0,0.6509375047772572
train_001807,3,0.0,-0.3763081115524331
train_001807,4,0.0,-0.9247872031418047
train_001807,5,0.0,-0.4337148936661153
train_001807,6,0.0,0.003068705554146484
train_001807,7,0.04267617170077912,-0.3026388646136412
train_001807,8,0.16838857164380597,-0.055535204249852047
train_001807,9,0.31923307177185983,-0.5590926322736144
train_001807,10,0.5248771720292241,-0.8359625475606633
train_001807,11,0.7163988987971766,-0.6274263211036345
train_001807,12,0.7671211771062828,-0.49424428858165115
train_001807,13,0.7682947610574558,-0.8470392110714432
train_001807,14,0.7308686259655712,-0.7193447772936437
train_001807,15,0.6002273552016173,-0.5294422476002419
train_001807,16,0.4587854668072534,0.47080448463046487
train_001807,17,0.25267624572499525,0.8073739380433275
train_001807,18,0.09144368131926565,0.948137556068194
train_001807,19,0.0,0.8468069511707055
train_001807,20,0.0,0.49381789540380616
train_001807,21,0.0,0.6747604374021912
train_001807,22,0.0,0.45901807066082984
train_001807,23,0.0,0.6557892909655509
train_001807,24,0.0,0.8641678436795917
train_001808,1,0.0,0.3342878678702824
train_001808,2,0.0,0.863840923104486
train_001808,3,0.0,0.30746287741848605
train_001808,4,0.0,0.7988595423857904
train_001808,5,0.0,0.565861686970256
train_001808,6,0.0,0.5011199948122864
train_001808,7,0.03678050337277407,0.8642091078371118
train_001808,8,0.15250508664167328,0.09431792797460736
train_001808,9,0.31688380663072646,-0.1447412383285466
train_001808,10,0.4706211254149422,-0.5073749140833367
train_001808,11,0.716597910081697,-0.014676026625799053
train_001808,12,0.8271097987952336,-0.5785225316274804
train_001808,13,0.7725389319983915,-0.3467204775756496
train_001808,14,0.7256808229014013,0.011783824424128687
train_001808,15,0.6190854670597172,-0.6752995151956271
train_001808,16,0.43404408105416215,-0.7319441192811924
train_001808,17,0.27437801809301476,-0.7442828809312899
train_001808,18,0.08955658452849155,-0.1174992241253836
train_001808,19,0.0,0.615261857561155
train_001808,20,0.0,0.18395348821228016
train_001808,21,0.0,0.3993291917844596
train_001808,22,0.0,-0.12542387801254817
train_001808,23,0.0,-0.5932628192343168
train_001808,24,0.0,-0.5625810894574076
train_001809,1,0.0,-0.0722123772327106
train_001809,2,0.0,0.22397866614331233
train_001809,3,0.0,0.058769855986405106
train_001809,4,0.0,0.35916291087311947
train_001809,5,0.0,0.4512211362506683
train_001809,6,0.0,0.6200041433528969
train_001809,7,0.03475297579809574,-0.15451716836171972
train_001809,8,0.15277669376233693,-0.3560985402247808
train_001809,9,0.338984327742488,-0.10587482461655445
train_001809,10,0.5482771958182072,-0.7779902554337136
train_001809,11,0.6658844515959008,-0.5876566544359119
train_001809,12,0.7648358040462141,-0.08248179425490258
train_001809,13,0.801816958332161,-0.28219356328449163
train_001809,14,0.7982182895837995,-0.09324702739250888
train_001809,15,0.6600604587199765,0.7663552814523447
train_001809,16,0.4836827797447718,-0.10314982755770133
train_001809,17,0.25146665397441254,0.30086081566778294
train_001809,18,0.09005934019406939,-0.25796459775634034
train_001809,19,0.0,0.3487279117132114
train_001809,20,0.0,-0.19030361854534555
train_001809,21,0.0,0.1082993610798224
train_001809,22,0.0,0.6006413140335967
train_001809,23,0.0,-0.8062180853307415
train_001809,24,0.0,-0.9494909472923305
train_001810,1,0.0,0.6112111858053499
train_001810,2,0.0,0.58462694537652
train_001810,3,0.0,0.6293968316408601
train_001810,4,0.0,0.7829866843730996
train_001810,5,0.0,-0.0003491844341304436
train_001810,6,0.0,0.2703188131899426
train_001810,7,0.04046451310132536,0.08389402773943531
train_001810,8,0.1689737132994518,-0.2957683073343726
train_001810,9,0.33084600865444236,0.23164272440319822
train_001810,10,0.5308732018078037,0.8401688578886103
train_001810,11,0.6815972191549733,0.9647255139943295
train_001810,12,0.7140269866790117,0.9056874146914153
train_001810,13,0.7777509903945874,0.6396459876533807
train_001810,14,0.752725111294436,0.5574291543298961
train_001810,15,0.6608844586429067,0.721195721056638
train_001810,16,0.49716697717200264,0.815381305202648
train_001810,17,0.2825238351486607,0.8964071446218604
train_001810,18,0.09408908008509319,0.5087294356310244
train_001810,19,0.0,-0.7533388903996969
train_001810,20,0.0,-0.45804176740332025
train_001810,21,0.0,-0.0242516318063015
train_001810,22,0.0,-0.049416802987187654
train_001810,23,0.0,0.11357167790724876
train_001810,24,0.0,-0.5527158908300758
train_001811,1,0.0,-0.81970258193295
train_001811,2,0.0,-0.1312708606363056
train_001811,3,0.0,-0.9298774418574075
train_001811,4,0.0,-0.8514017307341496
train_001811,5,0.0,-0.053723252284407566
train_001811,6,0.0,0.4756805239230951
train_001811,7,0.01683391956672374,-0.07319157599705299
train_001811,8,0.07829319722589163,0.7496874094714198
train_001811,9,0.15711430070609922,0.4368931637507898
train_001811,10,0.26648204786100266,0.12185365943342547
train_001811,11,0.3723612148740556,0.5887648452135483
train_001811,12,0.5279499379753217,0.12099909124054288
train_001811,13,0.4020711214956016,0.3097506734453826
train_001811,14,0.484055950541032,-0.018790851708148013
train_001811,15,0.4473814409194035,-0.0978600262351336
train_001811,16,0.2621285413709576,0.04899279918057524
train_001811,17,0.13916550358488392,-0.5200162735495952
train_001811,18,0.03916013912104765,-0.6528649178867079
train_001811,19,0.0,-0.2176626391696064
train_001811,20,0.0,-0.8013714364193296
train_001811,21,0.0,0.24451238486304047
train_001811,22,0.0,-0.057591737114090664
train_001811,23,0.0,0.42388446052107576
train_001811,24,0.0,0.5973681946391838
train_001812,1,0.0,-0.36979697535670286
train_001812,2,0.0,-0.16696999822487912
train_001812,3,0.0,0.5569502019638399
train_001812,4,0.0,0.01906617416180736
train_001812,5,0.0,-0.35533549299272127
train_001812,6,0.0,-0.5716702125127879
train_001812,7,0.033448593418323465,-0.015609056151217087
train_001812,8,0.1293882697887229,-0.598906769745521
train_001812,9,0.2831122604772437,0.11938005873936315
train_001812,10,0.48806666772199886,0.06973123730770399
train_001812,11,0.6455506849746672,0.7406598109257301
train_001812,12,0.7194814086911365,0.7345903983460994
train_001812,13,0.6885569458493667,0.49444041981530096
train_001812,14,0.7185309362160779,0.29891423824115093
train_001812,15,0.6335091904643816,0.22477837553571714
train_001812,16,0.4664677594464217,-0.6528953835514761
train_001812,17,0.29639412174643137,-0.39340225680429974
train_001812,18,0.10243593673737145,0.5793807279780375
train_001812,19,0.0,0.7203229845698058
train_001812,20,0.0,0.21487547555863407
train_001812,21,0.0,0.19377645293907086
train_001812,22,0.0,0.6883855911544743
train_001812,23,0.0,0.03137527700862877
train_001812,24,0.0,0.0881229370784438
train_001813,1,0.0,-0.43177026113799677
train_001813,2,0.0,0.89357779281876
train_001813,3,0.0,0.5006120228381503
train_001813,4,0.0,0.6608163115345943
train_001813,5,0.0,0.4080179500625945
train_001813,6,0.0,0.9392020930224021
train_001813,7,0.04603154906073323,0.6155966278649609
train_001813,8,0.18493684568519156,0.034323278700743774
train_001813,9,0.36925477082916086,-0.3295637510221814
train_001813,10,0.6065783773520842,-0.3581940792050855
train_001813,11,0.7818444078268695,-0.7113581451836308
train_001813,12,0.8984379427395022,-0.7291289699078152
train_001813,13,0.9195783542422913,-0.6766912328981782
train_001813,14,0.8446303683739743,-0.7391484401919906
train_001813,15,0.6454054107321112,-0.7823948464242745
train_001813,16,0.5071998685308374,-0.6112281678744154
train_001813,17,0.2914789530033418,-0.41082425350070384
train_001813,18,0.1066646586283872,0.17346951739689906
train_001813,19,0.0,-0.4284962551427892
train_001813,20,0.0,-0.6157631789790328
train_001813,21,0.0,0.5475941819836843
train_001813,22,0.0,-0.012256317165211555
train_001813,23,0.0,0.8316188335247736
train_001813,24,0.0,0.9129199796375673
train_001814,1,0.0,-0.23089181206718712
train_001814,2,0.0,0.4447125617607751
train_001814,3,0.0,-0.35955988854402204
train_001814,4,0.0,0.24294050872135362
train_001814,5,0.0,0.5997738324245241
train_001814,6,0.0,0.6844840249502597
train_001814,7,0.031973778467000266,0.6134436023425122
train_001814,8,0.1336915381923157,0.2617220400291644
train_001814,9,0.2659610408508222,0.22236729381908568
train_001814,10,0.4155150868467452,0.39999785105415936
train_001814,11,0.5399091872205372,-0.10533436414845775
train_001814,12,0.5821966914890062,0.1743217038764171
train_001814,13,0.5210248788840749,-0.22875539130542397
train_001814,14,0.5936823713141697,0.16813624908608985
train_001814,15,0.5411524447602937,-0.4473096986448859
train_001814,16,0.39148895849268556,-0.7756703565453666
train_001814,17,0.24894490175483824,-0.25220241782908315
train_001814,18,0.08016056869466223,-0.326883354874294
train_001814,19,0.0,-0.2185623205159946
train_001814,20,0.0,-0.3713509752185421
train_001814,21,0.0,0.5186767409764963
train_001814,22,0.0,0.4873765691516827
train_001814,23,0.0,0.3857558694949388
train_001814,24,0.0,0.1815739313796925
train_001815,1,0.0,0.26746591193623376
train_001815,2,0.0,0.3977764432809674
train_001815,3,0.0,0.05916019669779987
train_001815,4,0.0,0.4373431824952319
train_001815,5,0.0,0.3256700713364266
train_001815,6,0.0,0.6616209445271125
train_001815,7,0.03840371926850959,-0.10461782450569736
train_001815,8,0.1514633439102304,-0.5416892243217966
train_001815,9,0.29136765515368074,0.07614860518978728
train_001815,10,0.46025952035448564,0.3669612146393467
train_001815,11,0.6343507213084669,-0.6439115435181253
train_001815,12,0.7796615706677621,-0.6855143372815806
train_001815,13,0.8917470290389062,-0.5856449568411826
train_001815,14,0.8269885342224603,-0.05310488612352447
train_001815,15,0.6834388329680049,-0.2372813969902684
train_001815,16,0.5058209706144446,-0.3041927252663508
train_001815,17,0.30511004591616725,-0.35852594226612994
train_001815,18,0.09513884726399655,0.09961458051736109
train_001815,19,0.0,-0.033804173123604515
train_001815,20,0.0,-0.41167497318735374
train_001815,21,0.0,-0.6866157661301545
train_001815,22,0.0,-0.7999192925672031
train_001815,23,0.0,-0.6673769825554792
train_001815,24,0.0,0.2552643479375864
train_001816,1,0.0,0.8649988472993781
train_001816,2,0.0,0.6817161300282373
train_001816,3,0.0,0.512313923673981
train_001816,4,0.0,-0.11532742596326521
train_001816,5,0.0,-0.7486055374739315
train_001816,6,0.0,-0.7255188553669512
train_001816,7,0.04133225710365692,-0.8970572297781911
train_001816,8,0.17154956892069506,-0.8400881056961969
train_001816,9,0.33519822168657465,0.0014762906958364175
train_001816,10,0.558762697390534,-0.6315331271423887
train_001816,11,0.7146604814093338,-0.4982821861938196
train_001816,12,0.8022924248604488,-0.43507039183261714
train_001816,13,0.872778211488592,-0.03718497412602116
train_001816,14,0.8562577578687991,0.060640375843915205
train_001816,15,0.7027519712112047,0.2770162979410851
train_001816,16,0.532832614076028,0.5069601033545958
train_001816,17,0.3172511047519891,0.8242773430653105
train_001816,18,0.10787883013050902,0.37815170118621183
train_001816,19,0.0,0.4308139521100758
train_001816,20,0.0,0.5893143446212983
train_001816,21,0.0,0.02241112676489
train_001816,22,0.0,-0.6221515867707139
train_001816,23,0.0,-0.6220109768688493
train_001816,24,0.0,-0.8125964546110793
train_001817,1,0.0,0.1510341104642316
train_001817,2,0.0,-0.5127854980587605
train_001817,3,0.0,-0.69194877718627
train_001817,4,0.0,-0.09088846979135952
train_001817,5,0.0,-0.41524863009221935
train_001817,6,0.0,-0.4339380723700179
train_001817,7,0.03439090429976311,-0.6575536192830289
train_001817,8,0.1313053054435573,-0.8249170384637973
train_001817,9,0.2668996968461948,-0.5950752634608705
train_001817,10,0.5130195685225148,-0.0693616486300761
train_001817,11,0.6759798452743312,-0.9146138547621294
train_001817,12,0.7397682421468063,-0.8157537877957047
train_001817,13,0.7415646284157127,-0.5728396799581645
train_001817,14,0.600322844441141,0.016666858190397357
train_001817,15,0.46554399209632297,0.10440245590696409
train_001817,16,0.29525988785997237,0.587166946702463
train_001817,17,0.17043416957457294,0.6692607013612858
train_001817,18,0.06082196138618223,0.5648828535400472
train_001817,19,0.0,0.424203326021848
train_001817,20,0.0,-0.2925690858707448
train_001817,21,0.0,-0.28661273954856503
train_001817,22,0.0,-0.7488304431811229
train_001817,23,0.0,-0.7134868573702986
train_001817,24,0.0,-0.7109509872579594
train_001818,1,0.0,0.748336050680684
train_001818,2,0.0,0.8572052603978355
train_001818,3,0.0,0.7550495627253865
train_001818,4,0.0,0.7065490839771993
train_001818,5,0.0,0.5987354493395372
train_001818,6,0.0,0.7522668909172806
train_001818,7,0.032556194054307354,-0.6284175520204494
train_001818,8,0.13307402937865384,-0.4810510072515698
train_001818,9,0.24988880192901594,-0.22439566096904523
train_001818,10,0.4436393717965848,0.4042893201743309
train_001818,11,0.5747503937754929,-0.022086170243989813
train_001818,12,0.7124189820854372,0.2165194761908309
train_001818,13,0.8098242004911359,0.23739998896948816
train_001818,14,0.7670944848833664,-0.3431160285187256
train_001818,15,0.6356177687576433,0.18812398905279576
train_001818,16,0.45774460948729767,-0.2174585896043748
train_001818,17,0.26927596647490887,0.8818651187571206
train_001818,18,0.08312062990150476,0.8405414146710758
train_001818,19,0.0,0.7684003612720052
train_001818,20,0.0,0.2540064726266559
train_001818,21,0.0,-0.17657247589308622
train_001818,22,0.0,0.11891244356444748
train_001818,23,0.0,-0.4449546405803241
train_001818,24,0.0,-0.7768129977269134
train_001819,1,0.0,-0.8630305053357739
train_001819,2,0.0,-0.5704568423451376
train_001819,3,0.0,0.01809111492898835
train_001819,4,0.0,0.14406348683346096
train_001819,5,0.0,-0.17387593089278486
train_001819,6,0.0,-0.14951514922589498
train_001819,7,0.031145371318019845,-0.368715008742231
train_001819,8,0.12025778985170639,0.36897966195004794
train_001819,9,0.23357631517562352,0.06606444466989775
train_001819,10,0.35276785290705515,0.036203975621680096
train_001819,11,0.4884552159760193,0.7303924481073711
train_001819,12,0.608521050703912,-0.14409449640607483
train_001819,13,0.7173285570485511,-0.06645816404062763
train_001819,14,0.5729089099584005,-0.16345068682133884
train_001819,15,0.5711639898601972,-0.009411160538578357
train_001819,16,0.43496871047652785,-0.6931408045926957
train_001819,17,0.19851627619695525,-0.8531471071763663
train_001819,18,0.05267685374111213,-0.5098972190201152
train_001819,19,0.0,-0.6663964291386681
train_001819,20,0.0,-0.4908287353309465
train_001819,21,0.0,0.22796618717148515
train_001819,22,0.0,-0.49315502688416446
train_001819,23,0.0,-0.4700912772031901
train_001819,24,0.0,-0.41926380349367004
train_001820,1,0.0,-0.7872294421587542
train_001820,2,0.0,-0.5899283517483525
train_001820,3,0.0,-0.48334894493729674
train_001820,4,0.0,-0.6480504513366694
train_001820,5,0.0,-0.8877611565650311
train_001820,6,0.0,0.1389803287886419
train_001820,7,0.04270208272065273,-0.41551427872823704
train_001820,8,0.1677610156026429,-0.8440013276988363
train_001820,9,0.3361306989532789,-0.6006336034642232
train_001820,10,0.5202605040957148,-0.5469871970834291
train_001820,11,0.6931008954474389,-0.6525544632268204
train_001820,12,0.8220295279663236,-0.7292879498866921
train_001820,13,0.8073200604929076,-0.7626819211966188
train_001820,14,0.7380181301275164,0.12628086411993514
train_001820,15,0.6035128463139934,0.7055752547603233
train_001820,16,0.45501051396737774,0.9049939973408654
train_001820,17,0.2871530928994348,0.34863789709065296
train_001820,18,0.10131907136296724,0.2848626639634367
train_001820,19,0.0,-0.2709762848591484
train_001820,20,0.0,-0.19113246262579522
train_001820,21,0.0,-0.12607359097409435
train_001820,22,0.0,-0.25908571485192144
train_001820,23,0.0,-0.5950457814079323
train_001820,24,0.0,0.23404913481167586
train_001821,1,0.0,-0.9595872021266297
train_001821,2,0.0,-0.845198888456943
train_001821,3,0.0,-0.8959547952497227
train_001821,4,0.0,-0.2205897009956285
train_001821,5,0.0,-0.12007881224975676
train_001821,6,0.0,0.29258288879133315
train_001821,7,0.02830694482693291,-0.4698569869656951
train_001821,8,0.11948609803386322,-0.14410232189968913
train_001821,9,0.23965303212791036,-0.3888786444408496
train_001821,10,0.36554410744616245,0.08289548959937215
train_001821,11,0.5253237265400987,0.34849233720870276
train_001821,12,0.5652813369965207,0.7399590964450333
train_001821,13,0.5933994303935273,0.5086046658516368
train_001821,14,0.6638301407287486,0.384174125110166
train_001821,15,0.6153737248171908,0.46624367505518904
train_001821,16,0.39657324865436555,-0.16512046252861518
train_001821,17,0.25546676180066075,0.2506288813830893
train_001821,18,0.08509591770189069,0.021293341500632237
train_001821,19,0.0,-0.5803600646726412
train_001821,20,0.0,-0.5545940729164692
train_001821,21,0.0,-0.7205008163043378
train_001821,22,0.0,-0.20301673202184167
train_001821,23,0.0,0.14231582741614454
train_001821,24,0.0,-0.30990011424992236
train_001822,1,0.0,-0.04119399265297544
train_001822,2,0.0,0.15644412271728628
train_001822,3,0.0,0.4141305463670699
train_001822,4,0.0,0.06436615062606216
train_001822,5,0.0,0.47371177299152223
train_001822,6,0.0,0.5334928851036014
train_001822,7,0.04312724112870765,0.09971280843039211
train_001822,8,0.17462652964991573,0.6035573138773258
train_001822,9,0.3306669429567932,-0.5768311224457219
train_001822,10,0.5492577425285708,-0.4376503324903915
train_001822,11,0.6952803081900887,-0.5869532861460378
train_001822,12,0.7214856185929304,-0.42439775478378416
train_001822,13,0.7826275945277495,-0.48885938299898934
train_001822,14,0.7806786077337127,-0.5014442426247702
train_001822,15,0.6110369623888765,0.2735427885006718
train_001822,16,0.445868599909164,0.6666748104030831
train_001822,17,0.2306089837317937,-0.6592193124312422
train_001822,18,0.07456896295026158,-0.8812888783912766
train_001822,19,0.0,-0.5722709416262786
train_001822,20,0.0,-0.35000779717033825
train_001822,21,0.0,0.5952470529226261
train_001822,22,0.0,-0.02158134243573395
train_001822,23,0.0,-0.17670686536797467
train_001822,24,0.0,-0.3463828993468262
train_001823,1,0.0,0.880204390592887
train_001823,2,0.0,0.36952070750883254
train_001823,3,0.0,0.7264070254328001
train_001823,4,0.0,0.717654335454882
train_001823,5,0.0,0.284455019572984
train_001823,6,0.0,-0.03947537046254978
train_001823,7,0.0374651669676948,-0.07061002607849454
train_001823,8,0.15267901074134382,0.3461754500507549
train_001823,9,0.29947826411878203,-0.22373327404361948
train_001823,10,0.4550995050052314,0.11597761167187497
train_001823,11,0.6048973960704913,0.23767170700845786
train_001823,12,0.6215787155191714,0.3971233336108199
train_001823,13,0.7213829738284143,0.33916335643033174
train_001823,14,0.6624101815268227,-0.25549698337708554
train_001823,15,0.5662565537353916,-0.24182184683380048
train_001823,16,0.4677376368043922,-0.6724243640307891
train_001823,17,0.2865561391289877,-0.43603177190748765
train_001823,18,0.0979369996604637,-0.705335934992471
train_001823,19,0.0,0.03849331315481771
train_001823,20,0.0,-0.06269229956920083
train_001823,21,0.0,-0.35887170661299905
train_001823,22,0.0,-0.5310566662311498
train_001823,23,0.0,0.20494034983092058
train_001823,24,0.0,-0.5033264078943324
train_001824,1,0.0,0.3122523523843871
train_001824,2,0.0,0.7145865352901704
train_001824,3,0.0,0.7907523412872055
train_001824,4,0.0,0.7907736660623285
train_001824,5,0.0,0.7222282108670925
train_001824,6,0.0,0.08606848976545965
train_001824,7,0.025889672434267277,0.09537638007786904
train_001824,8,0.09259363138575094,0.3436748734745468
train_001824,9,0.1665554306092467,-0.07217778825220753
train_001824,10,0.29482320524838956,0.09156090489674618
train_001824,11,0.4057310905862565,0.3744457797905289
train_001824,12,0.4791243651734761,0.5339263325984309
train_001824,13,0.506240116122233,0.91147081677551
train_001824,14,0.541662104192966,0.7999655639429892
train_001824,15,0.43225397742945165,0.45851885844317997
train_001824,16,0.3105972713438885,0.60829161178678
train_001824,17,0.20476006672501276,0.2816509413110965
train_001824,18,0.06230581590378696,0.3308543883650151
train_001824,19,0.0,0.29299112293671237
train_001824,20,0.0,-0.4525977818453919
train_001824,21,0.0,-0.6323485062248204
train_001824,22,0.0,-0.2957248947819545
train_001824,23,0.0,-0.1570221124505159
train_001824,24,0.0,0.31163577721370533
train_001825,1,0.0,0.337540709960389
train_001825,2,0.0,0.6662537971019041
train_001825,3,0.0,0.22279128639540513
train_001825,4,0.0,0.6987850234962201
train_001825,5,0.0,0.4869982204952197
train_001825,6,0.0,0.9162549119557561
train_001825,7,0.02507582670927564,0.7729696290756664
train_001825,8,0.09677048811978307,0.898005249139623
train_001825,9,0.18516264913676342,0.8715645863153417
train_001825,10,0.3420855579922268,0.14245719342644894
train_001825,11,0.46897101012616793,0.5111618150135047
train_001825,12,0.6006606703686574,-0.36505639013772745
train_001825,13,0.6269069442238742,-0.03285369502982076
train_001825,14,0.5459552495248324,-0.28987000084467496
train_001825,15,0.4801305516352489,0.05481138831711443
train_001825,16,0.37211799237849724,-0.5322258350183418
train_001825,17,0.1968948030534004,-0.23695425774147913
train_001825,18,0.06181826237282374,-0.4388692432878895
train_001825,19,0.0,-0.5338204211324957
train_001825,20,0.0,-0.7230171282695521
train_001825,21,0.0,-0.7544891815849124
train_001825,22,0.0,-0.1967188366173526
train_001825,23,0.0,-0.22068073111678643
train_001825,24,0.0,-0.5259901988172819
train_001826,1,0.0,-0.042166498203342284
train_001826,2,0.0,-0.07327805327068673
train_001826,3,0.0,-0.8850330318883396
train_001826,4,0.0,-0.8843194188270427
train_001826,5,0.0,-0.1689920901228042
train_001826,6,0.0,0.2619742984258663
train_001826,7,0.03743884384533224,0.3564289902333865
train_001826,8,0.1446449497719123,-0.2361202596894405
train_001826,9,0.2613330912160997,-0.2899251440436168
train_001826,10,0.4255922481456507,0.5233830278624092
train_001826,11,0.5766091394545482,0.13603516888650094
train_001826,12,0.6598902112139671,0.3914090194143296
train_001826,13,0.6637670941802368,-0.05402238770211589
train_001826,14,0.5998783170190444,0.6536664723130869
train_001826,15,0.5666473780296932,0.8097245385037343
train_001826,16,0.3799707072385871,0.813231636257618
train_001826,17,0.23938057560561096,0.8628841053622348
train_001826,18,0.08164185527243256,0.7352356085733566
train_001826,19,0.0,0.1058351318823139
train_001826,20,0.0,0.21291680697495963
train_001826,21,0.0,-0.5276445598109718
train_001826,22,0.0,-0.7639785130290188
train_001826,23,0.0,0.0962964554844276
train_001826,24,0.0,0.5115558693447665
train_001827,1,0.0,0.2317839508086662
train_001827,2,0.0,0.7335672870297312
train_001827,3,0.0,0.6036038133339423
train_001827,4,0.0,-0.6035812423981355
train_001827,5,0.0,-0.7023589686220708
train_001827,6,0.0,-0.2587930952946649
train_001827,7,0.03569253054506218,-0.54577497831483
train_001827,8,0.1486411627942144,0.24091465759442782
train_001827,9,0.3027129082294237,0.39028461839865264
train_001827,10,0.478623295542311,-0.2737156358035985
train_001827,11,0.6390443533221205,-0.34447404066483556
train_001827,12,0.6752396694491889,-0.06011589723168392
train_001827,13,0.739412359885838,0.37760259474869434
train_001827,14,0.712906663672768,0.5565426151266575
train_001827,15,0.5904737723561947,0.36264745976225476
train_001827,16,0.45038634829284574,0.8827031382682269
train_001827,17,0.23456401065339916,0.7240467785887181
train_001827,18,0.09487028667573287,0.7674277854570393
train_001827,19,0.0,0.4668439110605317
train_001827,20,0.0,-0.19149076212239183
train_001827,21,0.0,-0.5133786223294483
train_001827,22,0.0,-0.8806995741159537
train_001827,23,0.0,-0.9296826860783112
train_001827,24,0.0,-0.7916039188733341
train_001828,1,0.0,0.6038673469607541
train_001828,2,0.0,-0.4765477813464186
train_001828,3,0.0,-0.8682423916327839
train_001828,4,0.0,-0.2006093843328165
train_001828,5,0.0,-0.7279742012295372
train_001828,6,0.0,-0.4618582579812059
train_001828,7,0.03809367870586484,0.2118435631339773
train_001828,8,0.1523162270519395,0.3170936119393263
train_001828,9,0.3144340240362599,0.72920382132806
train_001828,10,0.526192578861022,0.8058069636096417
train_001828,11,0.7036209108125512,0.6541951248349893
train_001828,12,0.7835884298344185,-0.12244131466024304
train_001828,13,0.78512798601204,-0.00029400781839636683
train_001828,14,0.7358525250932179,0.3585435092157711
train_001828,15,0.6385506570190215,0.6011838398217255
train_001828,16,0.4052850405135435,0.9291357847577841
train_001828,17,0.26456322205850824,0.6872150891461715
train_001828,18,0.09244457420942333,0.47979281554824216
train_001828,19,0.0,0.7866539307725964
train_001828,20,0.0,0.8116514540809958
train_001828,21,0.0,0.010486636395513319
train_001828,22,0.0,0.3190096836718465
train_001828,23,0.0,0.0769380815613442
train_001828,24,0.0,-0.5585310226865672
train_001829,1,0.0,0.5789698057457742
train_001829,2,0.0,0.8879541078272014
train_001829,3,0.0,0.7894040018176859
train_001829,4,0.0,0.7666930404563158
train_001829,5,0.0,0.4149173627696198
train_001829,6,0.0,0.5189401496624995
train_001829,7,0.032122817848190786,0.36992212015376746
train_001829,8,0.149417211617904,0.556973244082044
train_001829,9,0.2890230205472385,0.9720460145540074
train_001829,10,0.49000113981893434,0.8825239127245077
train_001829,11,0.6715768679011463,0.8912175166528679
train_001829,12,0.6922191624891479,0.874426884142427
train_001829,13,0.7586383864528106,0.4836788549945167
train_001829,14,0.80535760937615,0.5681963912402744
train_001829,15,0.6669941053583206,0.10674467990712423
train_001829,16,0.5060796112940894,0.5213723709040969
train_001829,17,0.2784218227410389,0.8065929434939085
train_001829,18,0.09368737018694905,0.8631103629443002
train_001829,19,0.0,0.6563093489529591
train_001829,20,0.0,-0.8742012620809388
train_001829,21,0.0,-0.7383891216161843
train_001829,22,0.0,-0.912702855004723
train_001829,23,0.0,0.4813151322808954
train_001829,24,0.0,0.5606337611335155
train_001830,1,0.0,0.8611870015751611
train_001830,2,0.0,0.9345242140547634
train_001830,3,0.0,0.5057022160271327
train_001830,4,0.0,0.7534932698813577
train_001830,5,0.0,0.7200176758727279
train_001830,6,0.0,0.21444959975986363
train_001830,7,0.020997072433073864,0.6656707243404733
train_001830,8,0.09216732819669447,0.6227874459021909
train_001830,9,0.21627391584759126,0.08098910784947343
train_001830,10,0.37947643388750796,0.8889773009317696
train_001830,11,0.5290730011397277,0.7344510828294911
train_001830,12,0.6327532640987604,0.5206519264958334
train_001830,13,0.7072854274818605,0.7989996161184401
train_001830,14,0.608465660118006,-0.40196339281826676
train_001830,15,0.5700980365174516,0.2953798103186089
train_001830,16,0.43290509514092096,-0.4687681910524337
train_001830,17,0.21617062157157074,0.20284142653159173
train_001830,18,0.07361640557483516,0.005282516322241657
train_001830,19,0.0,0.8586789916159374
train_001830,20,0.0,0.9084149338802376
train_001830,21,0.0,0.3357950926223353
train_001830,22,0.0,0.8752467756155087
train_001830,23,0.0,0.9152216475611038
train_001830,24,0.0,0.7602340527427149
train_001831,1,0.0,-0.5868070413082833
train_001831,2,0.0,-0.13803448512219402
train_001831,3,0.0,-0.5385561942159476
train_001831,4,0.0,0.13175454088623748
train_001831,5,0.0,0.6206257148290147
train_001831,6,0.0,0.6094479825869468
train_001831,7,0.04118467776270657,0.462369665931218
train_001831,8,0.15752200828546892,-0.04113633633940166
train_001831,9,0.30729593059589194,-0.5200797992291747
train_001831,10,0.4499600246911276,-0.27520645160073554
train_001831,11,0.5198109469774049,-0.3558514063817841
train_001831,12,0.6351554377163493,-0.7898523228415255
train_001831,13,0.749879373254455,-0.6433204154138171
train_001831,14,0.8031497689452144,-0.7508209199956412
train_001831,15,0.6812372843305624,-0.8440267062702018
train_001831,16,0.4991549884750426,-0.8643756631297088
train_001831,17,0.29471526926121905,-0.5026354094056048
train_001831,18,0.10279229992558823,0.558765864330685
train_001831,19,0.0,0.6330525238649158
train_001831,20,0.0,0.6567163135243345
train_001831,21,0.0,0.6599911163296532
train_001831,22,0.0,0.08672429277407356
train_001831,23,0.0,-0.5910968458993622
train_001831,24,0.0,-0.05623986314746865
train_001832,1,0.0,-0.5741956477024946
train_001832,2,0.0,-0.3732135568892717
train_001832,3,0.0,-0.5347894476921851
train_001832,4,0.0,-0.6302276555313128
train_001832,5,0.0,0.15205617171750863
train_001832,6,0.0,-0.6851588973098702
train_001832,7,0.033022967713943356,-0.742766566261173
train_001832,8,0.1414019122999648,-0.2263291859288414
train_001832,9,0.2954459038795328,0.05536924694210481
train_001832,10,0.4906217220537941,-0.07779909685364009
train_001832,11,0.6789008674901628,0.6872043702407993
train_001832,12,0.8224627911170418,0.6870644710852589
train_001832,13,0.8252400400998985,0.21944004017842048
train_001832,14,0.7056776222014361,-0.09393044771465549
train_001832,15,0.4750946941562276,0.27832961079296165
train_001832,16,0.345759052594395,0.7548983117028167
train_001832,17,0.21140077981415878,0.8228891283597354
train_001832,18,0.07220451334581636,0.7098412250401207
train_001832,19,0.0,0.7391005803867868
train_001832,20,0.0,0.7985453654038692
train_001832,21,0.0,0.23822966533253517
train_001832,22,0.0,0.557212206059177
train_001832,23,0.0,0.43756969859400074
train_001832,24,0.0,0.08378665877223346
train_001833,1,0.0,0.9537880299713238
train_001833,2,0.0,0.9522989755544097
train_001833,3,0.0,0.7996211904389695
train_001833,4,0.0,0.978307515827745
train_001833,5,0.0,0.8545626168065718
train_001833,6,0.0,0.5164595248797585
train_001833,7,0.029114135903767453,-0.33698458286682625
train_001833,8,0.1178826028070708,-0.0017755788781869666
train_001833,9,0.2667325821394665,-0.16234014673530492
train_001833,10,0.4756909133655745,-0.32122681812913634
train_001833,11,0.5794774119042566,0.1619586694731903
train_001833,12,0.602408355967857,-0.015130921536172513
train_001833,13,0.6577905349934073,0.4524131642490671
train_001833,14,0.6828118606288927,0.4166808032110319
train_001833,15,0.5991434261022984,-0.5629421041349905
train_001833,16,0.4595033893238869,-0.1983505426309049
train_001833,17,0.26534955875501637,0.5702096706581183
train_001833,18,0.08331216355123215,-0.054430041583250974
train_001833,19,0.0,0.25368768834599054
train_001833,20,0.0,-0.3884466473704729
train_001833,21,0.0,-0.038941265148453134
train_001833,22,0.0,0.5261862481249384
train_001833,23,0.0,0.32002205512570236
train_001833,24,0.0,-0.2141872927015456
train_001834,1,0.0,0.38369894282290073
train_001834,2,0.0,0.1910873871780149
train_001834,3,0.0,0.7077751664167522
train_001834,4,0.0,-0.19176572192847177
train_001834,5,0.0,0.05733213997168422
train_001834,6,0.0,0.14711381134591237
train_001834,7,0.04322092497025999,0.5040038375154964
train_001834,8,0.17314330821809878,-0.41513512907743383
train_001834,9,0.3448802444544743,-0.10739387940370451
train_001834,10,0.573418990960623,-0.5390216632647914
train_001834,11,0.7376961290544719,0.5698873170728398
train_001834,12,0.8349583310852455,-0.49712595802695947
train_001834,13,0.8795421722717156,-0.6254174252060554
train_001834,14,0.7981179484042041,0.28845006878445345
train_001834,15,0.6709194267712133,0.6148375410541747
train_001834,16,0.47902216087434735,0.6540969903989713
train_001834,17,0.29009299297114555,-0.2666855274342993
train_001834,18,0.10343770080185483,-0.6386789114798205
train_001834,19,0.0,-0.7191078208190188
train_001834,20,0.0,-0.501720065326406
train_001834,21,0.0,-0.29455259597312927
train_001834,22,0.0,0.12114421392666475
train_001834,23,0.0,-0.5037233539098981
train_001834,24,0.0,0.3652231171212716
train_001835,1,0.0,0.6972367872742162
train_001835,2,0.0,0.6491890504770803
train_001835,3,0.0,0.5679350351362231
train_001835,4,0.0,-0.09478231353237307
train_001835,5,0.0,0.17851876668302408
train_001835,6,0.0,-0.45718644955548504
train_001835,7,0.035867306402560306,-0.4208611860621611
train_001835,8,0.14431444938315063,0.17971766285115698
train_001835,9,0.2659326643117005,0.45521434883219136
train_001835,10,0.4832400806996251,-0.20830963557704485
train_001835,11,0.587204855311618,-0.18464717364044717
train_001835,12,0.6840176006377641,-0.3215740801722845
train_001835,13,0.7554425826463079,-0.769409285253579
train_001835,14,0.6747541266750318,-0.5561505773266657
train_001835,15,0.5686174423701391,-0.5411247697818489
train_001835,16,0.3887434736755926,0.31332227735430457
train_001835,17,0.23490432049227036,-0.05623467336433411
train_001835,18,0.0824184095205998,0.10561649933711552
train_001835,19,0.0,0.6082162864533223
train_001835,20,0.0,0.7376357603468477
train_001835,21,0.0,0.6058808932797429
train_001835,22,0.0,0.8766837903408122
train_001835,23,0.0,0.7174964790604895
train_001835,24,0.0,0.7286299694049319
train_001836,1,0.0,0.7110958050997238
train_001836,2,0.0,0.41707029925750383
train_001836,3,0.0,0.1832279861016043
train_001836,4,0.0,0.5219848170593953
train_001836,5,0.0,-0.10814128330974834
train_001836,6,0.0,0.20463517518165106
train_001836,7,0.031420893617297586,0.6358327403889853
train_001836,8,0.13147153124129116,0.7589295651491496
train_001836,9,0.25321773436219946,0.647469281232608
train_001836,10,0.39527987450072477,0.28193686708437676
train_001836,11,0.5923083414249113,0.1997973916933948
train_001836,12,0.63461942708296,0.1199675920742311
train_001836,13,0.7165140821649355,0.7690060036581596
train_001836,14,0.6107135174129091,0.7522333182084475
train_001836,15,0.4783472333354968,0.43042776501481783
train_001836,16,0.35272858794016365,0.6409298407984187
train_001836,17,0.19063262375095497,0.7510941527401016
train_001836,18,0.07691718997293245,0.6666254612977889
train_001836,19,0.0,0.34589492753591594
train_001836,20,0.0,-0.4080048346741985
train_001836,21,0.0,-0.5038778868263231
train_001836,22,0.0,0.014095480306155777
train_001836,23,0.0,0.19086024405200225
train_001836,24,0.0,0.36354183856415234
train_001837,1,0.0,-0.8014789462753786
train_001837,2,0.0,-0.6167400064070689
train_001837,3,0.0,-0.8107439049440529
train_001837,4,0.0,-0.30280352062580623
train_001837,5,0.0,-0.34275630156529874
train_001837,6,0.0,0.2109856151834442
train_001837,7,0.04871418316605441,0.4786532083760979
train_001837,8,0.19272598206011188,0.6428886511309306
train_001837,9,0.3841959592969919,0.8870349483416727
train_001837,10,0.6249919775871327,0.4399886023173731
train_001837,11,0.7982293607615619,0.1232513659198681
train_001837,12,0.8946159184146688,0.2582800638850606
train_001837,13,0.9312708453344728,0.5826803956903444
train_001837,14,0.8715581702563328,0.7891743726417624
train_001837,15,0.7394671624374635,0.933047596834776
train_001837,16,0.550766375224069,0.7107204255750343
train_001837,17,0.3204117122499401,0.4633904317356953
train_001837,18,0.10999467664893071,-0.09195689179991799
train_001837,19,0.0,-0.3097682013509982
train_001837,20,0.0,-0.06864241399314866
train_001837,21,0.0,0.18321598524280416
train_001837,22,0.0,0.13304619006664342
train_001837,23,0.0,-0.3839582081108947
train_001837,24,0.0,0.1352260583352964
train_001838,1,0.0,-0.7856161210262428
train_001838,2,0.0,-0.4032689042584959
train_001838,3,0.0,-0.764538695317839
train_001838,4,0.0,-0.29924573459102394
train_001838,5,0.0,-0.2049946749868069
train_001838,6,0.0,-0.5734606813396821
train_001838,7,0.04554459618927328,-0.7231927915465017
train_001838,8,0.1843693280898202,0.1205572128417132
train_001838,9,0.36704961660738034,0.6335084894993431
train_001838,10,0.5956126273601552,0.06629009938916564
train_001838,11,0.7191648748719903,0.17407487602022934
train_001838,12,0.822150137315376,0.047460777975277084
train_001838,13,0.8638899379519326,0.4488910485444546
train_001838,14,0.8156997938345724,0.558813297840854
train_001838,15,0.713714968969849,-0.07406301306469402
train_001838,16,0.5410944702915018,-0.010810693564030836
train_001838,17,0.2977702283165941,0.7015756710745615
train_001838,18,0.10430371263251463,0.5706670028157261
train_001838,19,0.0,0.7123939790259428
train_001838,20,0.0,0.9100219731145813
train_001838,21,0.0,0.7005643882874645
train_001838,22,0.0,0.4396855265485453
train_001838,23,0.0,0.27297839248189315
train_001838,24,0.0,0.031970295392476436
train_001839,1,0.0,-0.7813995404048326
train_001839,2,0.0,-0.5641147828069335
train_001839,3,0.0,-0.30927072379283777
train_001839,4,0.0,-0.8778941101090488
train_001839,5,0.0,-0.7808954717525765
train_001839,6,0.0,-0.20919632428898402
train_001839,7,0.042220570729921136,0.012902883602488107
train_001839,8,0.16888749155032368,0.8727135405296699
train_001839,9,0.35702834032281494,0.437536738909994
train_001839,10,0.5683777061858072,0.13858037538856985
train_001839,11,0.7198798386392062,0.2074522875058214
train_001839,12,0.8590854889002053,0.5317501382865745
train_001839,13,0.9142294337927946,0.6712241506698406
train_001839,14,0.8212546506618243,0.3884521318193503
train_001839,15,0.683124828167212,0.16507334101971358
train_001839,16,0.5497926522478989,-0.4070640456931497
train_001839,17,0.31077513492431036,-0.16020860215913493
train_001839,18,0.10419218491441994,-0.08386687706860342
train_001839,19,0.0,0.1415087275107742
train_001839,20,0.0,-0.2661547912126286
train_001839,21,0.0,-0.18041039626012975
train_001839,22,0.0,0.14661250337204723
train_001839,23,0.0,-0.07880251901170013
train_001839,24,0.0,-0.31903406153672015
train_001840,1,0.0,0.4954541636874801
train_001840,2,0.0,0.7148468800634417
train_001840,3,0.0,0.5492168834866398
train_001840,4,0.0,0.8129100185181453
train_001840,5,0.0,0.73640884982452
train_001840,6,0.0,0.13306694645404038
train_001840,7,0.0194403142172091,0.1017536425045501
train_001840,8,0.07895874923045351,0.49063740846125403
train_001840,9,0.15977237393092678,-0.7197605343723997
train_001840,10,0.2542025870885332,-0.5116645774427728
train_001840,11,0.41307727869570776,-0.7181882083566113
train_001840,12,0.4364113802102261,-0.9694497614112851
train_001840,13,0.4526431346992657,-0.8687691189606112
train_001840,14,0.3610947754748401,-0.8776672815131807
train_001840,15,0.31816388859578754,-0.47027437795710536
train_001840,16,0.2680988756694051,-0.5876541202957859
train_001840,17,0.18532618402270268,-0.2020264183471036
train_001840,18,0.08097864320291889,0.5360796277214466
train_001840,19,0.0,0.6723045323954178
train_001840,20,0.0,0.7874519180713011
train_001840,21,0.0,0.5806732792993371
train_001840,22,0.0,0.7792887154894379
train_001840,23,0.0,0.12283914280492912
train_001840,24,0.0,0.11915497544295152
train_001841,1,0.0,-0.2667691699694353
train_001841,2,0.0,-0.7357298543637976
train_001841,3,0.0,-0.21163713094520667
train_001841,4,0.0,-0.025413623554361504
train_001841,5,0.0,-0.024006938468923537
train_001841,6,0.0,-0.32483884813640046
train_001841,7,0.037961707648056515,-0.8058238786343833
train_001841,8,0.1476648364769843,-0.43818768099956756
train_001841,9,0.31362776234411033,-0.7896763997689897
train_001841,10,0.5261155394415595,-0.6138678435333086
train_001841,11,0.6921467283554026,-0.7689338074606188
train_001841,12,0.766424874577869,-0.5575409037675074
train_001841,13,0.8463669651049949,-0.3675823679557045
train_001841,14,0.7917498273223845,-0.4751651739471874
train_001841,15,0.6381401963083134,0.31493989904813136
train_001841,16,0.47646148895993107,-0.008786875034933346
train_001841,17,0.26444404132706806,-0.41062170654432284
train_001841,18,0.09562324133626056,0.42429312565045146
train_001841,19,0.0,0.333026337507691
train_001841,20,0.0,0.17890736197515408
train_001841,21,0.0,-0.04198215493195077
train_001841,22,0.0,0.13870284920704648
train_001841,23,0.0,0.39410993869358135
train_001841,24,0.0,0.3710666547565591
train_001842,1,0.0,0.2262234370303803
train_001842,2,0.0,0.5481829859897709
train_001842,3,0.0,-0.3202041987871207
train_001842,4,0.0,0.22278757686965336
train_001842,5,0.0,0.5759116465055119
train_001842,6,0.0,0.11643570196139218
train_001842,7,0.03776729622237407,-0.11155942817104578
train_001842,8,0.15563567533001021,0.5516049076308299
train_001842,9,0.3164675441354994,0.304365266413852
train_001842,10,0.51242801020034,-0.22013272123781166
train_001842,11,0.6653338419131863,-0.5810608135302862
train_001842,12,0.7253319710766009,-0.8269265197516912
train_001842,13,0.777637397810677,-0.28756117324303654
train_001842,14,0.7016626286509319,-0.8913149589705095
train_001842,15,0.6191761420497682,-0.6255228106593264
train_001842,16,0.4527275688128133,-0.5616717670483451
train_001842,17,0.23140745802264012,-0.2125269077152598
train_001842,18,0.07585963677752171,-0.3508868606954995
train_001842,19,0.0,0.07278105227897069
train_001842,20,0.0,-0.04652506125403951
train_001842,21,0.0,0.3572172665336537
train_001842,22,0.0,0.7933802014530227
train_001842,23,0.0,0.16880105748236307
train_001842,24,0.0,-0.5021493390154239
train_001843,1,0.0,0.10302156458327581
train_001843,2,0.0,-0.380973996963953
train_001843,3,0.0,0.6825098305840178
train_001843,4,0.0,0.8001319602691493
train_001843,5,0.0,0.17575072285028057
train_001843,6,0.0,0.2761009308544562
train_001843,7,0.03478786934022338,0.40317847035691506
train_001843,8,0.1529069603292009,0.6161023282068379
train_001843,9,0.299716277046476,0.9232364733138498
train_001843,10,0.4948504716799239,0.8966483596651972
train_001843,11,0.6596763650891756,0.8609989729707623
train_001843,12,0.7289056010162971,0.33116942695878626
train_001843,13,0.7433742092166027,-0.6506947555726973
train_001843,14,0.7780395678003476,-0.6989463955150784
train_001843,15,0.6223358955246656,-0.22571001487600356
train_001843,16,0.4730482954188613,-0.4816917485476253
train_001843,17,0.22481887016130792,-0.389557081550498
train_001843,18,0.08006662875954235,-0.14880412037048338
train_001843,19,0.0,0.1253268297522411
train_001843,20,0.0,0.3020222910748511
train_001843,21,0.0,-0.4076406797916006
train_001843,22,0.0,-0.07090746382565938
train_001843,23,0.0,-0.24685222760304104
train_001843,24,0.0,-0.23293123680329722
train_001844,1,0.0,-0.1263455683884201
train_001844,2,0.0,-0.18912402610631404
train_001844,3,0.0,-0.780908176274828
train_001844,4,0.0,-0.7014793493769939
train_001844,5,0.0,-0.41474096081741724
train_001844,6,0.0,0.2689831341273846
train_001844,7,0.03685731823350396,-0.05677507744634884
train_001844,8,0.14463014678709485,-0.7223245616568954
train_001844,9,0.32353318150960697,-0.5909133409839811
train_001844,10,0.5480445470344865,-0.5537823519707101
train_001844,11,0.7291900170499002,0.07079279427200529
train_001844,12,0.803140193521438,-0.47335596875164543
train_001844,13,0.7396530775196741,0.7532785216029719
train_001844,14,0.7029212689963291,0.5949349208270738
train_001844,15,0.6353752743429595,0.11673079897602634
train_001844,16,0.47020742830402273,-0.3161841606336413
train_001844,17,0.258597362013479,-0.41294977035731273
train_001844,18,0.09021867485476473,-0.23280557137456168
train_001844,19,0.0,0.04271546808883219
train_001844,20,0.0,-0.19028580268580378
train_001844,21,0.0,-0.7010142408551632
train_001844,22,0.0,-0.2594066056316169
train_001844,23,0.0,-0.34291653331169164
train_001844,24,0.0,-0.42851436961472833
train_001845,1,0.0,-0.9640194780510618
train_001845,2,0.0,-0.9127214855740934
train_001845,3,0.0,-0.8975000574436127
train_001845,4,0.0,-0.968613817562808
train_001845,5,0.0,-0.7877777022431401
train_001845,6,0.0,-0.6374685575023559
train_001845,7,0.03731404324697619,-0.6233124522858122
train_001845,8,0.14665340757268497,0.3416404107744972
train_001845,9,0.32779878574653104,-0.062017823016872954
train_001845,10,0.5335023451461901,-0.3401181449021321
train_001845,11,0.6762297950891433,-0.5239180666080205
train_001845,12,0.7731177044880768,-0.028010840148922585
train_001845,13,0.8763341520894357,0.027752652122068653
train_001845,14,0.8311530638939388,-0.1362655743891805
train_001845,15,0.7028273726990293,-0.11223752244406106
train_001845,16,0.5206554444338193,0.7723775595978747
train_001845,17,0.291934868365664,0.802713464144181
train_001845,18,0.09706319445488727,0.8811219695332468
train_001845,19,0.0,0.7347180323110842
train_001845,20,0.0,0.5643389563399308
train_001845,21,0.0,0.7276948735016819
train_001845,22,0.0,0.9099015498910196
train_001845,23,0.0,0.8739471247661951
train_001845,24,0.0,0.8418200521084696
train_001846,1,0.0,0.01666129894982686
train_001846,2,0.0,0.18317288370109636
train_001846,3,0.0,-0.15973890570770477
train_001846,4,0.0,-0.28486948604964335
train_001846,5,0.0,-0.2705552829884847
train_001846,6,0.0,-0.20040497537291296
train_001846,7,0.03833731515161105,-0.7023371442030404
train_001846,8,0.14648094015009297,-0.6709786456342751
train_001846,9,0.26798495229497904,-0.6313203095230373
train_001846,10,0.36025891066392324,-0.7637081121857442
train_001846,11,0.4583112459519184,-0.7025821831018735
train_001846,12,0.5629583302662011,-0.5410569988203187
train_001846,13,0.6119462170413846,0.10185853660428455
train_001846,14,0.6109204666171125,-0.5885944153973801
train_001846,15,0.5410179136954847,-0.09976335580198209
train_001846,16,0.40561435937806206,-0.6967279254632057
train_001846,17,0.23370176922593375,-0.869035092319559
train_001846,18,0.0881444466458169,-0.5768527783873603
train_001846,19,0.0,-0.15392197744630282
train_001846,20,0.0,-0.04508077724768162
train_001846,21,0.0,-0.43962346337215713
train_001846,22,0.0,-0.32664891582992395
train_001846,23,0.0,-0.4535702157299642
train_001846,24,0.0,0.20559192299838405
train_001847,1,0.0,0.6930127211268166
train_001847,2,0.0,0.5757032747282838
train_001847,3,0.0,0.3434056913141106
train_001847,4,0.0,0.5401363417842919
train_001847,5,0.0,0.6020134243035795
train_001847,6,0.0,-0.32617196035799195
train_001847,7,0.04082070188909119,0.34842557568218985
train_001847,8,0.14850685341116662,0.7508331781138743
train_001847,9,0.3185119151918623,0.8117887839064124
train_001847,10,0.5085719524719894,-0.003951872752959544
train_001847,11,0.6813065960482922,0.6122023021305099
train_001847,12,0.7712507574884496,0.01202165882897882
train_001847,13,0.7932162808920514,-0.8120590995940138
train_001847,14,0.7635454167854994,-0.9160973360094108
train_001847,15,0.6560325767096016,-0.823754662388925
train_001847,16,0.5074872015071336,-0.7706551905211739
train_001847,17,0.3000991894653716,-0.7993543454596087
train_001847,18,0.10119065762726286,-0.36027638955472274
train_001847,19,0.0,0.47284383190387713
train_001847,20,0.0,0.7513027595235345
train_001847,21,0.0,0.5536543682617923
train_001847,22,0.0,0.05347054565900051
train_001847,23,0.0,0.3425075419764903
train_001847,24,0.0,0.5355146069738146
train_001848,1,0.0,0.22291006457295184
train_001848,2,0.0,0.5162385336153702
train_001848,3,0.0,0.43495112940166736
train_001848,4,0.0,-0.4829838850473075
train_001848,5,0.0,-0.5358305920034478
train_001848,6,0.0,-0.6484378632393748
train_001848,7,0.038701841536667766,0.4687763542378708
train_001848,8,0.15458616680023662,0.22494958546476312
train_001848,9,0.2796040573033693,-0.5933262557534529
train_001848,10,0.4482979993912025,-0.5653769809905016
train_001848,11,0.6562840166396864,-0.7300581749547004
train_001848,12,0.7370374987662321,-0.8751444389271998
train_001848,13,0.8393918074120937,-0.9485057232909694
train_001848,14,0.819597320028752,-0.85458977363993
train_001848,15,0.6628138292341057,-0.16845237860863094
train_001848,16,0.4852737816627017,-0.24244537005501188
train_001848,17,0.290319392140121,-0.7528466497212813
train_001848,18,0.10274606276303105,-0.5998430220951274
train_001848,19,0.0,-0.8887619874680287
train_001848,20,0.0,-0.5504848723926665
train_001848,21,0.0,-0.873920615688744
train_001848,22,0.0,-0.9589768224577041
train_001848,23,0.0,-0.7313773144153781
train_001848,24,0.0,-0.9015257082881782
train_001849,1,0.0,0.4263659824766208
train_001849,2,0.0,0.5844268502168366
train_001849,3,0.0,0.06068382885246225
train_001849,4,0.0,0.32896831671375554
train_001849,5,0.0,0.5141450105380487
train_001849,6,0.0,0.8014008098552837
train_001849,7,0.041717671735667004,0.35614562825617935
train_001849,8,0.16871387949017075,-0.5238204856253317
train_001849,9,0.3264907093605078,-0.8359649666401692
train_001849,10,0.5416996618907963,-0.25212090362389467
train_001849,11,0.6564535295067233,0.043089918550385485
train_001849,12,0.7179452230491147,-0.22634641202582936
train_001849,13,0.7484790417702321,0.24282068533087003
train_001849,14,0.6947155563174585,0.22130322887516551
train_001849,15,0.6287901922595597,0.24941975173656045
train_001849,16,0.4726842500782608,-0.09243133526534315
train_001849,17,0.2798343361179822,-0.3394452597411946
train_001849,18,0.0961766196291086,-0.6427324015380969
train_001849,19,0.0,-0.8544384470927646
train_001849,20,0.0,-0.8934905229362144
train_001849,21,0.0,-0.8085324745651441
train_001849,22,0.0,0.030648965866435268
train_001849,23,0.0,0.2531821068313343
train_001849,24,0.0,-0.18681152459809414
train_001850,1,0.0,0.4290970246107709
train_001850,2,0.0,0.6731754739129179
train_001850,3,0.0,0.13397033069878594
train_001850,4,0.0,-0.7393410241893639
train_001850,5,0.0,-0.511795751296853
train_001850,6,0.0,-0.47489100105332516
train_001850,7,0.03166335786183556,-0.3097791191107412
train_001850,8,0.12986406901740397,-0.30537804022262466
train_001850,9,0.2754442320573453,0.07461976620801454
train_001850,10,0.4835383219584225,0.6281468817261546
train_001850,11,0.6527160698021653,0.35432737295770333
train_001850,12,0.6624372580038405,-0.37156853892157615
train_001850,13,0.7180794726223635,-0.39368730864480217
train_001850,14,0.7608398232000502,-0.41528953683416836
train_001850,15,0.6075798997107503,-0.14255819267199607
train_001850,16,0.4262629821331541,-0.49319724456921743
train_001850,17,0.24645713548787138,-0.5758177258283956
train_001850,18,0.08883010662433687,-0.7867538247497667
train_001850,19,0.0,-0.6237539036282179
train_001850,20,0.0,-0.1559689023134554
train_001850,21,0.0,-0.4743811639954254
train_001850,22,0.0,-0.3887159948237616
train_001850,23,0.0,-0.6307264178603227
train_001850,24,0.0,0.42635766146969406
train_001851,1,0.0,-0.3827532833224742
train_001851,2,0.0,-0.4822511410860182
train_001851,3,0.0,-0.013676864093615557
train_001851,4,0.0,-0.5878991594908622
train_001851,5,0.0,-0.261475692575352
train_001851,6,0.0,-0.7163115629905243
train_001851,7,0.045744720105711935,-0.7309594221759843
train_001851,8,0.18397281224158216,-0.45258211299084417
train_001851,9,0.37165104629818096,-0.28314777739726865
train_001851,10,0.6032871849477756,0.30947128515530464
train_001851,11,0.7765342596498228,0.5576145806543333
train_001851,12,0.902987880201068,0.37157083509478306
train_001851,13,0.9578630959743966,-0.6413541637575364
train_001851,14,0.914231304023142,-0.7135675219022783
train_001851,15,0.771432032272173,-0.512481464442669
train_001851,16,0.5614865802202452,-0.3658028628540397
train_001851,17,0.32884863582711543,0.09780188883006057
train_001851,18,0.1106650749698877,-0.4067504502679773
train_001851,19,0.0,-0.4239326905900828
train_001851,20,0.0,-0.41662630269594064
train_001851,21,0.0,0.2666502912722953
train_001851,22,0.0,0.5524023889251792
train_001851,23,0.0,0.1342737865712768
train_001851,24,0.0,0.7799372142677248
train_001852,1,0.0,-0.23490802312136297
train_001852,2,0.0,0.4347053874528022
train_001852,3,0.0,0.5853160354964764
train_001852,4,0.0,0.806892365405844
train_001852,5,0.0,0.5051631092977908
train_001852,6,0.0,0.8594125157225779
train_001852,7,0.037641261516605955,0.8787391241190721
train_001852,8,0.14460971659867236,0.6327868265992206
train_001852,9,0.27997685553813834,0.00662206507487967
train_001852,10,0.45429229779208646,0.673895377298545
train_001852,11,0.6198778657162268,0.6203276018721077
train_001852,12,0.6375355552250159,0.8410141188219258
train_001852,13,0.7088020830962236,0.7661217334239185
train_001852,14,0.7346151265476776,0.6099152010971675
train_001852,15,0.6452030445015469,0.8130046560625396
train_001852,16,0.42442433270988983,0.6947384763830575
train_001852,17,0.2592577295562001,0.9061362383512367
train_001852,18,0.09177440217619219,0.9650613025051565
train_001852,19,0.0,0.4383940092902998
train_001852,20,0.0,0.011090338023422637
train_001852,21,0.0,0.6072207793994933
train_001852,22,0.0,0.6145612972616266
train_001852,23,0.0,0.5867788608027232
train_001852,24,0.0,0.5908318355749052
train_001853,1,0.0,0.6556846756659822
train_001853,2,0.0,0.38486992706972784
train_001853,3,0.0,0.22364878308054728
train_001853,4,0.0,0.4839866087201212
train_001853,5,0.0,0.946258480388476
train_001853,6,0.0,0.7548260159106921
train_001853,7,0.04312082408723208,0.1805626141121926
train_001853,8,0.181484946504758,-0.29145928102137686
train_001853,9,0.34717044503944483,-0.8080960522533803
train_001853,10,0.5714607938241024,-0.7488070819958963
train_001853,11,0.7312073939689283,-0.41918036714387874
train_001853,12,0.7867991713117874,-0.01823377501677009
train_001853,13,0.834587033537785,0.3883953431117695
train_001853,14,0.834322944801398,0.35596135196537293
train_001853,15,0.6989869160806566,-0.4235675263011802
train_001853,16,0.5245960513805014,-0.4552484409082485
train_001853,17,0.30803598711113983,-0.7096458482641296
train_001853,18,0.10315996661960525,-0.6199293027599744
train_001853,19,0.0,-0.8943727105837533
train_001853,20,0.0,-0.9207850432991472
train_001853,21,0.0,-0.8287801788449958
train_001853,22,0.0,-0.21597628060614538
train_001853,23,0.0,0.2651007900435301
train_001853,24,0.0,0.5247973038162104
train_001854,1,0.0,-0.66872290854136
train_001854,2,0.0,-0.30996552950935846
train_001854,3,0.0,0.5308126887684124
train_001854,4,0.0,0.7279817407381288
train_001854,5,0.0,0.04085084441668339
train_001854,6,0.0,-0.23350142009867153
train_001854,7,0.034580586082960545,-0.05989938360164632
train_001854,8,0.14104426188032973,-0.35811477039377126
train_001854,9,0.2901972823427596,-0.9065367718569001
train_001854,10,0.504124408716149,-0.0778652482487121
train_001854,11,0.7082177409658065,0.21714364147185727
train_001854,12,0.7729806317887344,0.5251337311625639
train_001854,13,0.8166659571276749,0.7895392809285843
train_001854,14,0.6925119088503855,0.2542800882656814
train_001854,15,0.6056359563713251,0.772718953192609
train_001854,16,0.46474623817213295,0.4126185159517374
train_001854,17,0.28088575852789566,0.28458853784283944
train_001854,18,0.0983113771669954,0.5683651036727937
train_001854,19,0.0,0.6835906761214383
train_001854,20,0.0,0.14887275308860953
train_001854,21,0.0,-0.21606254249569373
train_001854,22,0.0,0.025557245929006087
train_001854,23,0.0,0.21813581816191813
train_001854,24,0.0,0.1908822544958613
train_001855,1,0.0,0.3184111239636684
train_001855,2,0.0,0.26547600394391413
train_001855,3,0.0,0.3174852025796598
train_001855,4,0.0,0.28136815470547455
train_001855,5,0.0,0.5189936541001765
train_001855,6,0.0,-0.10560163878436507
train_001855,7,0.04478841196903785,0.4053543138608202
train_001855,8,0.1666634246446989,-0.15365995715870065
train_001855,9,0.3381796307355238,-0.00608864332096335
train_001855,10,0.5651701380631731,-0.7272453704471464
train_001855,11,0.7326840930773056,-0.1820714761395064
train_001855,12,0.8160464780590371,-0.004082896057106435
train_001855,13,0.8401239667083861,-0.25348616080422115
train_001855,14,0.8122818326853767,0.10567977045999635
train_001855,15,0.6665084201553979,-0.3830976325095112
train_001855,16,0.48911631858441224,0.38042354175130283
train_001855,17,0.27449699838668534,0.069750687812214
train_001855,18,0.08892088016040596,-0.7280502194459281
train_001855,19,0.0,-0.7283812415294155
train_001855,20,0.0,-0.8298278281097184
train_001855,21,0.0,-0.9774667432703928
train_001855,22,0.0,-0.9431137895982521
train_001855,23,0.0,-0.9504696039619551
train_001855,24,0.0,-0.49974536334238306
train_001856,1,0.0,0.20962347982481375
train_001856,2,0.0,-0.022778903837457544
train_001856,3,0.0,0.11582417626534289
train_001856,4,0.0,-0.5726870188715852
train_001856,5,0.0,-0.2999047027906393
train_001856,6,0.0,0.18671048761973305
train_001856,7,0.04895638054748351,0.8422893942697499
train_001856,8,0.19095436355595652,0.5830055407112616
train_001856,9,0.3821272263990768,0.6342574942158168
train_001856,10,0.6259137920488205,0.7553824982967124
train_001856,11,0.8132687507296462,0.4304985126113333
train_001856,12,0.9155365749577058,0.7346582166053038
train_001856,13,0.9692637735000813,0.5848351884645462
train_001856,14,0.9301408852306471,-0.2929720823832861
train_001856,15,0.7865458361555573,-0.4608878681551049
train_001856,16,0.5914071461665378,-0.4989478241808686
train_001856,17,0.345611277250851,-0.7558284084571104
train_001856,18,0.11733879944728007,-0.4131571720002055
train_001856,19,0.0,0.2931610535891711
train_001856,20,0.0,0.5901917461218575
train_001856,21,0.0,0.33272249084626093
train_001856,22,0.0,0.7725581047674823
train_001856,23,0.0,0.7766796403091967
train_001856,24,0.0,-0.24747835547891317
train_001857,1,0.0,0.4434825348800123
train_001857,2,0.0,0.17885879079053693
train_001857,3,0.0,0.5620657077079185
train_001857,4,0.0,0.7874869200148236
train_001857,5,0.0,0.5134593440590298
train_001857,6,0.0,0.37439906325367045
train_001857,7,0.043925298567996277,0.09058077316851666
train_001857,8,0.17384454089277254,-0.07433291328878236
train_001857,9,0.3546381383527294,-0.4032058545740414
train_001857,10,0.5598987477665391,-0.3118479573708158
train_001857,11,0.6680887968740448,-0.5736023928994611
train_001857,12,0.7242732612375153,0.21425207178379255
train_001857,13,0.7576372061405767,0.14145518981310964
train_001857,14,0.8040856114115086,-0.25856739478339713
train_001857,15,0.6569827428189754,-0.030539203847723524
train_001857,16,0.45467554424956425,-0.8081826439888885
train_001857,17,0.264719009923162,-0.3203848651151367
train_001857,18,0.09092269768206912,0.2945145533097532
train_001857,19,0.0,-0.19711539140138554
train_001857,20,0.0,0.4994914845996804
train_001857,21,0.0,-0.10149540476172898
train_001857,22,0.0,-0.3999089071745041
train_001857,23,0.0,-0.7565054327494827
train_001857,24,0.0,-0.5446901708491303
train_001858,1,0.0,-0.39907378007929195
train_001858,2,0.0,-0.005691004352777818
train_001858,3,0.0,0.2482585850205295
train_001858,4,0.0,-0.7922897299014812
train_001858,5,0.0,-0.2840890522362261
train_001858,6,0.0,0.8073043693441014
train_001858,7,0.047074904105963655,0.5686602629925982
train_001858,8,0.18806593054677262,0.16953382301980044
train_001858,9,0.3763012178108526,-0.4711084884869555
train_001858,10,0.6118069993007742,-0.30425015405013456
train_001858,11,0.7718426712735019,-0.5603260029089902
train_001858,12,0.8615795418389367,-0.0883324761250023
train_001858,13,0.910299226398048,0.3500988025145986
train_001858,14,0.8389595850435569,-0.06904284549615422
train_001858,15,0.6856029016721976,-0.6527012152411237
train_001858,16,0.5103395723926095,-0.4766797114164032
train_001858,17,0.30806007323322826,-0.7883891815681383
train_001858,18,0.10604445269296814,0.23125656456016697
train_001858,19,0.0,0.7948209390639349
train_001858,20,0.0,0.7720627631574546
train_001858,21,0.0,0.14646936185888354
train_001858,22,0.0,0.24021751548735884
train_001858,23,0.0,0.20736845202423407
train_001858,24,0.0,-0.06178005773997597
train_001859,1,0.0,-0.2195221490626447
train_001859,2,0.0,-0.34882752535192274
train_001859,3,0.0,0.6991606553415908
train_001859,4,0.0,0.45286862863509314
train_001859,5,0.0,0.3247681677682308
train_001859,6,0.0,0.2970804833862071
train_001859,7,0.03793103835234383,0.5213345407718049
train_001859,8,0.1428147990496466,-0.53600343621451
train_001859,9,0.2762532815313125,-0.5249494170224637
train_001859,10,0.4754853709507432,-0.39684070963278256
train_001859,11,0.6589023456092162,-0.6068645930878234
train_001859,12,0.8018134918808799,-0.3291979029120226
train_001859,13,0.8176516371136324,0.07297507217677823
train_001859,14,0.7469798316029378,0.8361924450440208
train_001859,15,0.5574079773981019,0.7788671303647351
train_001859,16,0.4092866427929468,0.36383957288028373
train_001859,17,0.22722423333582856,0.4466524899218033
train_001859,18,0.084411145645768,-0.4487070927744233
train_001859,19,0.0,0.28728591231586714
train_001859,20,0.0,0.049799166187361764
train_001859,21,0.0,-0.5479418320753033
train_001859,22,0.0,-0.017129675027610338
train_001859,23,0.0,0.25189849735135866
train_001859,24,0.0,0.602557854719499
train_001860,1,0.0,-0.7048726884448808
train_001860,2,0.0,-0.2842473940032778
train_001860,3,0.0,-0.6814770332757084
train_001860,4,0.0,-0.9415300712149162
train_001860,5,0.0,-0.9134384404033387
train_001860,6,0.0,-0.9370328577457803
train_001860,7,0.04499358255903584,-0.8418781735680597
train_001860,8,0.1681972554293282,-0.12594649837505845
train_001860,9,0.3302352738607954,-0.2563048081770323
train_001860,10,0.5345215305403122,-0.5628159040830747
train_001860,11,0.669336085524635,-0.2643926725637135
train_001860,12,0.7329512570421293,-0.08927916800107828
train_001860,13,0.8121978357765066,-0.6082250849742492
train_001860,14,0.7244561717054213,-0.6426060568547766
train_001860,15,0.6642746286320369,-0.6085961971554674
train_001860,16,0.4740954671161233,-0.43365264204346027
train_001860,17,0.30371379961678235,-0.38601876645194316
train_001860,18,0.10406127853710481,-0.5232550265382777
train_001860,19,0.0,-0.9331268654904897
train_001860,20,0.0,-0.787860573948578
train_001860,21,0.0,-0.4267706635406456
train_001860,22,0.0,-0.3133569963867536
train_001860,23,0.0,-0.7086186994233489
train_001860,24,0.0,-0.3430155735418649
train_001861,1,0.0,0.5298181512205633
train_001861,2,0.0,0.8268996345815662
train_001861,3,0.0,0.8988861269184274
train_001861,4,0.0,0.8731218462199771
train_001861,5,0.0,0.971289247035449
train_001861,6,0.0,0.7541992536521491
train_001861,7,0.03359359165535873,-0.580893527462367
train_001861,8,0.13455778163804274,-0.4725017030822327
train_001861,9,0.2621958942398243,-0.6340922967366249
train_001861,10,0.40688182584533106,0.7315721822210088
train_001861,11,0.5408174258599702,0.6566828604730259
train_001861,12,0.6433614308048653,0.7759018191990901
train_001861,13,0.6146026747192336,0.8009968390176496
train_001861,14,0.6639067413713651,0.6766516859271315
train_001861,15,0.4494328450044436,-0.01484628779947791
train_001861,16,0.3464791886165674,-0.6192402135372004
train_001861,17,0.24788786715336994,-0.792819042795035
train_001861,18,0.07943903858460602,-0.3919844738722127
train_001861,19,0.0,-0.5021278316823787
train_001861,20,0.0,0.51597772052829
train_001861,21,0.0,-0.10173384807118598
train_001861,22,0.0,-0.3779383725437958
train_001861,23,0.0,0.4158688243881191
train_001861,24,0.0,0.7808985704144707
train_001862,1,0.0,0.2360707687560023
train_001862,2,0.0,0.625416594645976
train_001862,3,0.0,0.5753279608859088
train_001862,4,0.0,0.2902076801545934
train_001862,5,0.0,-0.14009385217331202
train_001862,6,0.0,0.03529895378716351
train_001862,7,0.042984838776363964,-0.48224082141912905
train_001862,8,0.1778719975997104,-0.06018336584895517
train_001862,9,0.3436040648415631,-0.10125310729865153
train_001862,10,0.550778704610218,-0.5032722536185248
train_001862,11,0.7235238916998429,0.5087791737787805
train_001862,12,0.7682918493510327,0.5041823865264372
train_001862,13,0.8714784569907202,0.745213726720254
train_001862,14,0.8358997858078667,0.3980505673119643
train_001862,15,0.6749917815068366,0.8169412479776618
train_001862,16,0.5038785234124283,0.7876283342416651
train_001862,17,0.29681045137719186,0.88671981749554
train_001862,18,0.10052168189644169,0.46545201616251364
train_001862,19,0.0,0.47706721794946005
train_001862,20,0.0,-0.3132164213588686
train_001862,21,0.0,0.13930041053546527
train_001862,22,0.0,0.8443431633844817
train_001862,23,0.0,0.5796482512781487
train_001862,24,0.0,0.5757879990985288
train_001863,1,0.0,-0.6711372190762783
train_001863,2,0.0,-0.3758986767448214
train_001863,3,0.0,-0.8264981101425188
train_001863,4,0.0,0.2688504868690137
train_001863,5,0.0,-0.028842922189186708
train_001863,6,0.0,-0.5228885110669936
train_001863,7,0.015459946128598032,0.04815166046560809
train_001863,8,0.08089410484876695,0.6285059257950739
train_001863,9,0.14559620005833188,0.2917142221423704
train_001863,10,0.2458232291468704,0.4250019783983941
train_001863,11,0.4137688100777595,0.2652748078791472
train_001863,12,0.45532581115781573,-0.2741302811964216
train_001863,13,0.5201680248467058,-0.6100372306181263
train_001863,14,0.4967294040896484,-0.2785363082561934
train_001863,15,0.3918417512361292,0.15365833354952071
train_001863,16,0.2906969319272006,-0.2894383757834308
train_001863,17,0.15507035822065493,-0.8566126772140433
train_001863,18,0.05598577875474936,-0.8987205808921778
train_001863,19,0.0,-0.28133354828183965
train_001863,20,0.0,-0.5778187777705247
train_001863,21,0.0,-0.9057327884174932
train_001863,22,0.0,-0.7517379100244443
train_001863,23,0.0,-0.6269646480260034
train_001863,24,0.0,-0.6517490260441142
train_001864,1,0.0,0.918885407713778
train_001864,2,0.0,0.8408018201865999
train_001864,3,0.0,-0.14153134459723227
train_001864,4,0.0,-0.027216680385411036
train_001864,5,0.0,-0.035570449010241326
train_001864,6,0.0,-0.05581761862883614
train_001864,7,0.023476388381803548,-0.7801339775220993
train_001864,8,0.08342384374537011,-0.12325301234882079
train_001864,9,0.1948680902804833,0.32989646510722714
train_001864,10,0.3636939358334515,0.2659053472901151
train_001864,11,0.4809426443006614,0.42183948076806954
train_001864,12,0.4833789050035486,0.451282437120066
train_001864,13,0.49020006899460855,0.3646836576203077
train_001864,14,0.4158976382421204,0.3026358315155973
train_001864,15,0.3549956647465825,-0.40384615694514914
train_001864,16,0.28352448354073934,-0.6539733580023391
train_001864,17,0.188790683917089,-0.6669404187904973
train_001864,18,0.06238450859784254,-0.6185367723393167
train_001864,19,0.0,-0.7062575526183601
train_001864,20,0.0,-0.903537172444935
train_001864,21,0.0,-0.5728863533363633
train_001864,22,0.0,-0.9296514473124372
train_001864,23,0.0,-0.9629032631655612
train_001864,24,0.0,-0.8391142526883577
train_001865,1,0.0,0.14797002748030172
train_001865,2,0.0,0.4819506091407403
train_001865,3,0.0,-0.31249712741545915
train_001865,4,0.0,0.5374778677809322
train_001865,5,0.0,0.588591543983642
train_001865,6,0.0,-0.49814398919746405
train_001865,7,0.03847834854407198,-0.6532107646472574
train_001865,8,0.15730643371230724,0.32226967717708027
train_001865,9,0.2687671948201868,-0.4639424764079526
train_001865,10,0.40161331953912693,-0.31167387724275303
train_001865,11,0.5012630845832061,-0.431590679048468
train_001865,12,0.6007285603656229,0.6326383873509713
train_001865,13,0.6729188332394278,0.30082003082391967
train_001865,14,0.6885491712982704,-0.8184866548925097
train_001865,15,0.533685680536389,-0.332326071918808
train_001865,16,0.4342787906972206,-0.1466279971031073
train_001865,17,0.26238555268411506,-0.07129009324783668
train_001865,18,0.08717341623769934,-0.344652359710222
train_001865,19,0.0,-0.4936989941458557
train_001865,20,0.0,0.08904080672903551
train_001865,21,0.0,-0.22647280727765856
train_001865,22,0.0,0.6575872575558376
train_001865,23,0.0,0.7458453755655648
train_001865,24,0.0,0.06590709903797533
train_001866,1,0.0,-0.7515322001796566
train_001866,2,0.0,-0.7827957825774121
train_001866,3,0.0,-0.6895136973285678
train_001866,4,0.0,-0.35433158722905084
train_001866,5,0.0,-0.1615147515849895
train_001866,6,0.0,-0.7095442522527129
train_001866,7,0.0456206203700022,-0.0994266746922287
train_001866,8,0.17964437685952417,-0.049041358788274717
train_001866,9,0.3642583324894174,0.019503864985400556
train_001866,10,0.5628708219623145,0.8616074066151651
train_001866,11,0.7713117503339428,0.8875382318938507
train_001866,12,0.8568322693737268,0.7349863401979929
train_001866,13,0.8710198290895529,0.8696224327581266
train_001866,14,0.8359263826093559,0.8878609194712681
train_001866,15,0.7190855586216959,0.7072238594427462
train_001866,16,0.5360422199515328,-0.12633557974081408
train_001866,17,0.30351774687710925,-0.14275222443724478
train_001866,18,0.10132036919295526,0.0848711992078667
train_001866,19,0.0,-0.5841537057204831
train_001866,20,0.0,-0.41696150974407487
train_001866,21,0.0,-0.7614727009501233
train_001866,22,0.0,-0.7197042598907726
train_001866,23,0.0,-0.5668397298623129
train_001866,24,0.0,-0.6957807448648952
train_001867,1,0.0,0.23198727478679426
train_001867,2,0.0,-0.31982816472500397
train_001867,3,0.0,-0.6661731905721309
train_001867,4,0.0,-0.6019627915513341
train_001867,5,0.0,-0.6465069074551084
train_001867,6,0.0,-0.8146004435644271
train_001867,7,0.04395645822967548,-0.916195044993451
train_001867,8,0.17267778662007932,-0.9540801714656375
train_001867,9,0.330588777972261,-0.9753239030147794
train_001867,10,0.570673608320313,-0.943055366181563
train_001867,11,0.7342938642072921,-0.711269142372493
train_001867,12,0.8314948163282859,-0.657652737453054
train_001867,13,0.7988608751230538,-0.6136073905994212
train_001867,14,0.7469334352511288,-0.6794824845532486
train_001867,15,0.6693710106613502,-0.8912271960859267
train_001867,16,0.4865212349412565,-0.8479164619228442
train_001867,17,0.2870141133088006,-0.9410800394047479
train_001867,18,0.09720051399242623,-0.1830831031462268
train_001867,19,0.0,0.7840999000489768
train_001867,20,0.0,-0.3525797570963539
train_001867,21,0.0,-0.8161197846919581
train_001867,22,0.0,-0.6729152366946289
train_001867,23,0.0,-0.39240858669812484
train_001867,24,0.0,0.3246016831987712
train_001868,1,0.0,-0.5216154874574528
train_001868,2,0.0,-0.06510808944537641
train_001868,3,0.0,0.44339908454645344
train_001868,4,0.0,0.09212590657951648
train_001868,5,0.0,-0.0426829008976815
train_001868,6,0.0,0.4078284404009931
train_001868,7,0.04540122003145333,0.6053678865281843
train_001868,8,0.17545724313768635,0.8472981340706799
train_001868,9,0.36280680442150093,0.9109249066030206
train_001868,10,0.5782153909216743,0.21467151758334999
train_001868,11,0.7490462168148646,-0.11987166264705615
train_001868,12,0.8438548527832352,-0.5900047497423493
train_001868,13,0.8811029475398436,0.13222312623265925
train_001868,14,0.836882446430765,0.17922070043556185
train_001868,15,0.7102051549829327,0.6122641700402924
train_001868,16,0.5119449928306377,0.3042597485463447
train_001868,17,0.28598037565161755,0.3008605413611955
train_001868,18,0.09659118749357214,-0.2783026995820755
train_001868,19,0.0,-0.28581758356154063
train_001868,20,0.0,0.06435493944733187
train_001868,21,0.0,-0.5192800217974645
train_001868,22,0.0,-0.5266313690443245
train_001868,23,0.0,-0.1679433183275263
train_001868,24,0.0,-0.12614358520397
train_001869,1,0.0,0.7112644502152969
train_001869,2,0.0,0.9483692836182337
train_001869,3,0.0,0.9044528977654285
train_001869,4,0.0,0.5079325650540224
train_001869,5,0.0,0.02241679943108643
train_001869,6,0.0,-0.560590851447744
train_001869,7,0.04509834746358344,0.7699636883020045
train_001869,8,0.18392538982695636,0.004887737852621794
train_001869,9,0.3674871168081693,0.5237369633039344
train_001869,10,0.5872737165854514,0.45770839474530206
train_001869,11,0.7438332237281866,0.1592857913096546
train_001869,12,0.8360735012833606,0.293861490893453
train_001869,13,0.8597136644020996,-0.4968314656931584
train_001869,14,0.8048341173662414,0.11074835378966486
train_001869,15,0.6968418826399947,-0.21379767758965137
train_001869,16,0.5232538676307126,-0.05533215189339903
train_001869,17,0.29475405778947206,0.2820124028375751
train_001869,18,0.09913749988509102,0.34689540483381537
train_001869,19,0.0,0.005209259509179502
train_001869,20,0.0,-0.4378783277274133
train_001869,21,0.0,0.13231242074869357
train_001869,22,0.0,-0.006463429812523852
train_001869,23,0.0,-0.5318951234059904
train_001869,24,0.0,0.09738411421271706
train_001870,1,0.0,-0.5374262010209844
train_001870,2,0.0,0.2439755899747942
train_001870,3,0.0,0.6287532224438588
train_001870,4,0.0,0.850106174451038
train_001870,5,0.0,0.4377236811428521
train_001870,6,0.0,-0.16628398478567818
train_001870,7,0.04095159889439981,-0.46937675575125326
train_001870,8,0.17513571975088896,0.1772740331734494
train_001870,9,0.35951170649920905,0.27888983926030353
train_001870,10,0.5787105630080318,0.001076949509797437
train_001870,11,0.7184663128211054,-0.4096707491913321
train_001870,12,0.7987902476755984,-0.13373934197190893
train_001870,13,0.8174868494351993,-0.015945445389449565
train_001870,14,0.7633728464624454,0.5994620677697026
train_001870,15,0.5844124636013144,0.6645940834095501
train_001870,16,0.42296524013658204,0.8124212739883395
train_001870,17,0.2612887644210822,0.8765582678092727
train_001870,18,0.10118079324154776,0.5333165593031141
train_001870,19,0.0,0.5985894434162419
train_001870,20,0.0,0.38069864459831315
train_001870,21,0.0,0.27435734940889145
train_001870,22,0.0,0.34822225151436587
train_001870,23,0.0,-0.16767684904204314
train_001870,24,0.0,0.23486213796831287
train_001871,1,0.0,0.6441956721593634
train_001871,2,0.0,0.6730087513717297
train_001871,3,0.0,0.3097139744548878
train_001871,4,0.0,0.6082411007519715
train_001871,5,0.0,0.37029869928422815
train_001871,6,0.0,-0.051972936921681284
train_001871,7,0.02521267778828809,-0.3157734928583585
train_001871,8,0.11205965861000966,0.5508088112479015
train_001871,9,0.19874162152325228,0.8107364824749567
train_001871,10,0.37758546376326163,0.854113824535299
train_001871,11,0.5658679044410702,0.6784655592422875
train_001871,12,0.6151031177547254,0.12331635349303954
train_001871,13,0.6443229580190276,0.038044477133322714
train_001871,14,0.538077956828539,0.5520028346199373
train_001871,15,0.4536461666168232,0.45136332123139095
train_001871,16,0.31791471383217096,-0.49105043310326224
train_001871,17,0.19828491799779743,-0.3294944445756461
train_001871,18,0.06683580140318793,-0.8069837464080594
train_001871,19,0.0,-0.43217356867857315
train_001871,20,0.0,-0.5844664213776851
train_001871,21,0.0,0.6469567450059117
train_001871,22,0.0,0.6875511127998211
train_001871,23,0.0,0.8274326725817204
train_001871,24,0.0,0.11696833425069056
train_001872,1,0.0,-0.5250960331133963
train_001872,2,0.0,0.3360463807432302
train_001872,3,0.0,0.16404600820352566
train_001872,4,0.0,-0.666814113140541
train_001872,5,0.0,-0.4093925831477233
train_001872,6,0.0,-0.7944271902632809
train_001872,7,0.04470153781039546,-0.3190536448864115
train_001872,8,0.18151611655821961,-0.9589639204365735
train_001872,9,0.3621350369908491,-0.7974747426513046
train_001872,10,0.5657658193194273,-0.8659410576225572
train_001872,11,0.723869899831949,-0.560034569989664
train_001872,12,0.8275754701622939,-0.6599918992917633
train_001872,13,0.8641207802968283,-0.8499224446588827
train_001872,14,0.8174088534987868,-0.6275676655702277
train_001872,15,0.7135469359938515,-0.6155936518964962
train_001872,16,0.5255745609968879,-0.4875875602664964
train_001872,17,0.3171794032530352,0.11886701180848237
train_001872,18,0.10656168716483737,-0.5383984106358979
train_001872,19,0.0,-0.7878566801983722
train_001872,20,0.0,-0.6468082015008585
train_001872,21,0.0,0.1522729737633232
train_001872,22,0.0,0.9015403378129162
train_001872,23,0.0,0.885928923884088
train_001872,24,0.0,0.8978163711940143
train_001873,1,0.0,-0.6318895851500124
train_001873,2,0.0,-0.18907041436425423
train_001873,3,0.0,-0.16639807187831204
train_001873,4,0.0,-0.17146911843594195
train_001873,5,0.0,-0.34836177592687156
train_001873,6,0.0,-0.5257764292928113
train_001873,7,0.045496718513285336,-0.7338849281553792
train_001873,8,0.18210572927440882,0.07629835797650034
train_001873,9,0.3735620138506921,-0.025146487240888457
train_001873,10,0.5966962841643976,0.21467555010449685
train_001873,11,0.7962007801687078,0.6623640045678767
train_001873,12,0.900125819488397,0.22709554026222878
train_001873,13,0.9195786359507916,0.21304796803475554
train_001873,14,0.9064225456561597,-0.21498385351295257
train_001873,15,0.7635857177785894,0.454169325878391
train_001873,16,0.574769507233218,0.803756496050102
train_001873,17,0.3366664317400488,0.6005348208030281
train_001873,18,0.11574815007809122,0.4239247464026603
train_001873,19,0.0,-0.379729645971027
train_001873,20,0.0,0.08841577671710205
train_001873,21,0.0,0.2888217179898414
train_001873,22,0.0,0.36948240314792496
train_001873,23,0.0,0.27940612090367334
train_001873,24,0.0,0.2380878968322325
train_001874,1,0.0,0.34587312089299377
train_001874,2,0.0,0.3225448077392406
train_001874,3,0.0,0.6565413394363853
train_001874,4,0.0,0.4473674716254972
train_001874,5,0.0,0.45057574929534994
train_001874,6,0.0,0.2635034608855984
train_001874,7,0.04289364744152928,0.20591019129343327
train_001874,8,0.1683727145907383,0.5268700522266889
train_001874,9,0.3428216117801933,0.46023972518133816
train_001874,10,0.5266876248460781,0.6523822374226842
train_001874,11,0.7016869732705349,0.5804368095506092
train_001874,12,0.8083470767761857,0.4146273778194771
train_001874,13,0.8677910290697083,-0.2189905690866738
train_001874,14,0.821356436469276,0.574642052048925
train_001874,15,0.7038187476556951,0.7974506701023698
train_001874,16,0.5211853444945524,0.5374949856166737
train_001874,17,0.2977775250223484,0.9169128248853284
train_001874,18,0.101029629231772,0.98307070606069
train_001874,19,0.0,0.9815975817735734
train_001874,20,0.0,0.9687035534495759
train_001874,21,0.0,0.9830382629556738
train_001874,22,0.0,0.983971017195548
train_001874,23,0.0,0.942596350608946
train_001874,24,0.0,0.8691685274988731
train_001875,1,0.0,-0.3388517642394325
train_001875,2,0.0,-0.2853285754962578
train_001875,3,0.0,-0.08877177903588186
train_001875,4,0.0,0.6891771223935281
train_001875,5,0.0,0.795330122558724
train_001875,6,0.0,0.8638587518120079
train_001875,7,0.044569341976330556,-0.29163802417406753
train_001875,8,0.17129965588498272,-0.3785015407226727
train_001875,9,0.3495789218758378,0.0640150195481424
train_001875,10,0.5862742089292791,0.20950636908484965
train_001875,11,0.7771449611489112,0.5211487298534674
train_001875,12,0.8852984369970411,0.13018768025559596
train_001875,13,0.9464791892110126,-0.0775589096910278
train_001875,14,0.8829620121013861,0.07399712207523558
train_001875,15,0.7684019418072265,0.4201933292116526
train_001875,16,0.5660199261435578,-0.7698068184778393
train_001875,17,0.3263239470048565,-0.3423222181628971
train_001875,18,0.10970561862252722,-0.14458756868111938
train_001875,19,0.0,0.1832017267031296
train_001875,20,0.0,-0.4656328937196452
train_001875,21,0.0,-0.4959290116692525
train_001875,22,0.0,-0.696306446168706
train_001875,23,0.0,-0.4897481851651634
train_001875,24,0.0,-0.7719371968820584
train_001876,1,0.0,0.4270422904685149
train_001876,2,0.0,0.5402002785018382
train_001876,3,0.0,-0.2453628355867887
train_001876,4,0.0,-0.0984598960868235
train_001876,5,0.0,-0.02582467144772142
train_001876,6,0.0,-0.2273140618863335
train_001876,7,0.040866663658894825,-0.07289293880445591
train_001876,8,0.1576152092843957,-0.8362399416687415
train_001876,9,0.3210205716672374,-0.24545966499780797
train_001876,10,0.5417427215481844,-0.5063963589515421
train_001876,11,0.632917938440623,0.7412871461851755
train_001876,12,0.7564828896236321,0.4076132159980615
train_001876,13,0.7878254512552783,0.930846715029482
train_001876,14,0.7445761692313381,0.8584907567989646
train_001876,15,0.5953341120118528,0.6652948304246371
train_001876,16,0.44041900066731415,-0.35943202487465886
train_001876,17,0.2651167471111833,0.2695445821266639
train_001876,18,0.09300554675914947,-0.49467305531030403
train_001876,19,0.0,-0.7669812230201807
train_001876,20,0.0,-0.8772836746793321
train_001876,21,0.0,-0.9076962161288041
train_001876,22,0.0,-0.8738913591642109
train_001876,23,0.0,-0.9669562718215315
train_001876,24,0.0,-0.5123130893959554
train_001877,1,0.0,-0.5122843076147301
train_001877,2,0.0,0.20064521754361703
train_001877,3,0.0,0.10479350377563608
train_001877,4,0.0,-0.40294972354307
train_001877,5,0.0,0.23847618730484496
train_001877,6,0.0,-0.7563676480539525
train_001877,7,0.04508231819623832,-0.26051302551791333
train_001877,8,0.18191002868673067,-0.07369939678477898
train_001877,9,0.3689529471022343,0.07282066371115113
train_001877,10,0.5530441764618352,0.02431809172708116
train_001877,11,0.7041765738829528,0.03446355188907374
train_001877,12,0.7644951988673536,0.706686645065566
train_001877,13,0.8608909333254753,0.5548890472768692
train_001877,14,0.7859107032665456,0.36952942504610276
train_001877,15,0.6882406892576881,-0.08181992488867705
train_001877,16,0.509105431921995,0.6806596422539828
train_001877,17,0.2967401431004266,0.6419515395380406
train_001877,18,0.10065537843655765,0.7730918456515845
train_001877,19,0.0,-0.45027558377017307
train_001877,20,0.0,-0.017086620023080982
train_001877,21,0.0,-0.4027004400789395
train_001877,22,0.0,0.24764220215754942
train_001877,23,0.0,0.6355630540147846
train_001877,24,0.0,0.647778921437964
train_001878,1,0.0,-0.35272328887807075
train_001878,2,0.0,0.010689532657725131
train_001878,3,0.0,-0.5120168346867802
train_001878,4,0.0,-0.5358501306359706
train_001878,5,0.0,-0.8874505770200605
train_001878,6,0.0,-0.15220107941281677
train_001878,7,0.04391640947008532,-0.21146976688224223
train_001878,8,0.17114211355232592,-0.667638216579283
train_001878,9,0.315453775713031,-0.16773404153519247
train_001878,10,0.5249813245660971,0.49443865270468246
train_001878,11,0.7129358541051624,0.7134061910766438
train_001878,12,0.8368579967912128,0.6271269673546385
train_001878,13,0.868748186091236,0.5862439595339544
train_001878,14,0.7952636324322065,0.8576030616127804
train_001878,15,0.6128072799398812,0.7424884144088432
train_001878,16,0.4418918467271429,0.35467789264886723
train_001878,17,0.2658856816443212,-0.01306906412127401
train_001878,18,0.09917734293245391,0.3609928137970751
train_001878,19,0.0,0.37171905264333055
train_001878,20,0.0,0.43230106001430296
train_001878,21,0.0,0.244427592659026
train_001878,22,0.0,0.5178058280623918
train_001878,23,0.0,0.15320825291316065
train_001878,24,0.0,0.3268985079817651
train_001879,1,0.0,0.10251432912211234
train_001879,2,0.0,-0.14475301008884078
train_001879,3,0.0,-0.019717305886707854
train_001879,4,0.0,0.1684388012724244
train_001879,5,0.0,-0.5805640283722043
train_001879,6,0.0,0.7349496917029086
train_001879,7,0.044888212652335134,0.4399341738931038
train_001879,8,0.18112533413380583,0.6272140383802378
train_001879,9,0.35219642343402824,0.20101958801622818
train_001879,10,0.5731103199518436,-0.6178571481263395
train_001879,11,0.7579631917721845,-0.796060604787233
train_001879,12,0.8443183844045111,-0.7092355251457396
train_001879,13,0.9068847735726925,-0.892494381271793
train_001879,14,0.8682601925161945,-0.591771615438203
train_001879,15,0.7216186184440152,-0.9373363856253286
train_001879,16,0.5304826489463027,-0.760015949981654
train_001879,17,0.3082943012557864,-0.34573753445813454
train_001879,18,0.09585177924557992,-0.28277171531441725
train_001879,19,0.0,-0.12515749471397525
train_001879,20,0.0,0.5898300390394563
train_001879,21,0.0,0.007862144144287868
train_001879,22,0.0,-0.2371495778248375
train_001879,23,0.0,0.46547419780012667
train_001879,24,0.0,-0.17811493005865625
train_001880,1,0.0,0.7239151024639359
train_001880,2,0.0,0.6195012149966053
train_001880,3,0.0,0.27769367703823133
train_001880,4,0.0,-0.3447588785768371
train_001880,5,0.0,0.47789825053426194
train_001880,6,0.0,0.7812667338813476
train_001880,7,0.04570842218643151,-0.38420052917221575
train_001880,8,0.1839561064495499,-0.12570548551386132
train_001880,9,0.36287867671083834,-0.5007251410900466
train_001880,10,0.5852020917584063,0.09144063843747169
train_001880,11,0.7605626245008661,0.15877383198106174
train_001880,12,0.8267053591775861,0.3159893141670884
train_001880,13,0.8452262118692756,0.7033686225506834
train_001880,14,0.7926676339314476,0.440193701277562
train_001880,15,0.6672346177095433,0.7523422447449027
train_001880,16,0.48384445187249575,0.31375011105474393
train_001880,17,0.25683413678508576,0.23478663101615407
train_001880,18,0.08342290196107716,0.6240523602594916
train_001880,19,0.0,0.8611771793722369
train_001880,20,0.0,0.396778831449182
train_001880,21,0.0,0.18701910891792298
train_001880,22,0.0,-0.5419614832354748
train_001880,23,0.0,-0.3752951395192753
train_001880,24,0.0,-0.33189194482241097
train_001881,1,0.0,-0.15288959634799004
train_001881,2,0.0,0.18261283762209132
train_001881,3,0.0,-0.07032341117303896
train_001881,4,0.0,-0.8166226861113731
train_001881,5,0.0,-0.9006756681231982
train_001881,6,0.0,-0.8059415377125058
train_001881,7,0.03772243363522416,-0.9231060942659908
train_001881,8,0.1524716053143822,-0.7887160915547581
train_001881,9,0.2559915014645193,-0.20950693040035157
train_001881,10,0.433024460373943,-0.635281822318563
train_001881,11,0.5809384758524812,-0.8582403656739804
train_001881,12,0.630265196804838,-0.8337532443580711
train_001881,13,0.62252435508846,-0.7689367044780208
train_001881,14,0.6016413675424522,-0.46185527879807686
train_001881,15,0.5502849486265284,0.8210763588380989
train_001881,16,0.44282072278339507,0.7553108174940066
train_001881,17,0.25563571010748504,0.24280776714692442
train_001881,18,0.09205512517959304,0.385613592407344
train_001881,19,0.0,0.3820703182306436
train_001881,20,0.0,-0.08212445608531954
train_001881,21,0.0,0.44515289980071104
train_001881,22,0.0,0.7370396890135908
train_001881,23,0.0,0.9058550654047991
train_001881,24,0.0,0.9406124280027449
train_001882,1,0.0,0.8646917485666811
train_001882,2,0.0,0.7386906463210622
train_001882,3,0.0,0.8956720970671901
train_001882,4,0.0,0.9011193413803544
train_001882,5,0.0,0.8148060749784667
train_001882,6,0.0,0.7378781833905869
train_001882,7,0.04397867349213428,0.9182684016092114
train_001882,8,0.17451917970138775,0.916915150034553
train_001882,9,0.3510792472211421,0.8315437202961852
train_001882,10,0.5602786556746473,0.7931117905928106
train_001882,11,0.749862940047165,0.9067726358867585
train_001882,12,0.810261946932653,0.8914066381375911
train_001882,13,0.8332982937907648,0.9586767280621286
train_001882,14,0.7839074904456638,0.9313932334669827
train_001882,15,0.6141418024309769,0.7752756232117689
train_001882,16,0.4116097526460177,0.6155948440677343
train_001882,17,0.20294560383172858,0.03247426699329379
train_001882,18,0.08278757530282814,-0.0031797266741791542
train_001882,19,0.0,0.013180896639870647
train_001882,20,0.0,-0.5389303145456845
train_001882,21,0.0,-0.2709267211907055
train_001882,22,0.0,-0.31557777953108285
train_001882,23,0.0,0.4627651312464587
train_001882,24,0.0,0.5527335831342743
train_001883,1,0.0,-0.4974227089808191
train_001883,2,0.0,-0.7858235368897091
train_001883,3,0.0,-0.7008659159488171
train_001883,4,0.0,-0.6359699135816195
train_001883,5,0.0,-0.1835498351561077
train_001883,6,0.0,0.07861466219649911
train_001883,7,0.04150909686940019,-0.22447853550022656
train_001883,8,0.17747580232518684,-0.8182298946974808
train_001883,9,0.34543659787352754,-0.8453460003473086
train_001883,10,0.5260594232698446,-0.1967066972716336
train_001883,11,0.6760371551019315,-0.05684229992910444
train_001883,12,0.6798738497208892,-0.3328886943132059
train_001883,13,0.7983194010221872,-0.19118821040274692
train_001883,14,0.7140895192985174,0.282054733318769
train_001883,15,0.6247745740591109,-0.07050480426005018
train_001883,16,0.46351643696005645,0.27632249585308216
train_001883,17,0.26090656918002664,0.44761312236916434
train_001883,18,0.09186941277563969,-0.2541409647634942
train_001883,19,0.0,-0.23024401645821557
train_001883,20,0.0,0.0324213320381957
train_001883,21,0.0,-0.4895361959837031
train_001883,22,0.0,-0.14831031655359125
train_001883,23,0.0,0.27239117519073386
train_001883,24,0.0,0.03567864291115526
train_001884,1,0.0,-0.392467546691144
train_001884,2,0.0,-0.46899600483300163
train_001884,3,0.0,-0.6234520691678498
train_001884,4,0.0,-0.25178305623021924
train_001884,5,0.0,0.517151691612681
train_001884,6,0.0,-0.3087986323719408
train_001884,7,0.020414556165006724,-0.15733357641734147
train_001884,8,0.06990621946510034,-0.5154891726889634
train_001884,9,0.18975626267499304,-0.8420272180677987
train_001884,10,0.3165987245129617,-0.6124025353316574
train_001884,11,0.39758406375187144,0.028056521872465302
train_001884,12,0.4013476570336757,0.01373345181904373
train_001884,13,0.5559699962418819,-0.6228578428317577
train_001884,14,0.48924942133384836,-0.8793841205456219
train_001884,15,0.43011742818316173,-0.6695569637016148
train_001884,16,0.26122528949498497,-0.42409262115433993
train_001884,17,0.15582364110652683,-0.14990095890443228
train_001884,18,0.06321817150921821,-0.8583496236342563
train_001884,19,0.0,-0.7007663063480623
train_001884,20,0.0,-0.003352336585834354
train_001884,21,0.0,0.40585906224176693
train_001884,22,0.0,-0.26298336105701287
train_001884,23,0.0,-0.07042082152134865
train_001884,24,0.0,0.7235048489634996
train_001885,1,0.0,0.6704468031681982
train_001885,2,0.0,-0.20174636769532445
train_001885,3,0.0,-0.42039321039056987
train_001885,4,0.0,0.5123466870491131
train_001885,5,0.0,-0.2088198322487378
train_001885,6,0.0,0.4336944301451921
train_001885,7,0.04507878575397766,0.810115564230667
train_001885,8,0.18596491196140447,0.40399821822900883
train_001885,9,0.3622237524805872,0.030685893902120915
train_001885,10,0.5805745160498388,-0.1819634746077902
train_001885,11,0.747831209685911,-0.30691434003530327
train_001885,12,0.8756825972506693,-0.14467457120621857
train_001885,13,0.8903767078151252,-0.6299590995245279
train_001885,14,0.8444526971099184,-0.40522756871074583
train_001885,15,0.7186629032777456,-0.8752906274551034
train_001885,16,0.5204889391039014,-0.8846007477512695
train_001885,17,0.30112526299595666,-0.3690753041282257
train_001885,18,0.1071408747880688,0.4473543273928269
train_001885,19,0.0,0.31589056661657994
train_001885,20,0.0,0.0895434043820896
train_001885,21,0.0,-0.02469726644050769
train_001885,22,0.0,0.30105414196958674
train_001885,23,0.0,0.1795342885085282
train_001885,24,0.0,-0.08224967179950095
train_001886,1,0.0,0.30552107509298554
train_001886,2,0.0,-0.5363293892811529
train_001886,3,0.0,-0.20122162183413922
train_001886,4,0.0,-0.6237076978269555
train_001886,5,0.0,0.09669542303734592
train_001886,6,0.0,-0.09933639250951412
train_001886,7,0.02562467280288217,-0.14760051316209713
train_001886,8,0.1159366388108341,-0.34446887108534235
train_001886,9,0.2163861213070657,-0.08072636379622201
train_001886,10,0.37884164180307184,-0.4113419084061742
train_001886,11,0.5092387410398393,-0.4566027516766619
train_001886,12,0.49204801581071045,0.513933295231378
train_001886,13,0.6423441851034849,-0.009151352771512198
train_001886,14,0.5710137456457554,0.41358173514566926
train_001886,15,0.49443870010217394,0.3838568372401923
train_001886,16,0.3852159522833466,0.3004755063392904
train_001886,17,0.2319828998933525,0.5424433616858304
train_001886,18,0.08698473163149506,-0.01614267837030159
train_001886,19,0.0,0.21831775488062405
train_001886,20,0.0,0.23538520492694656
train_001886,21,0.0,0.28822217062042127
train_001886,22,0.0,0.03367558105836444
train_001886,23,0.0,-0.719544486851063
train_001886,24,0.0,-0.7499240075814206
train_001887,1,0.0,0.6855572555144127
train_001887,2,0.0,0.40971977925194536
train_001887,3,0.0,0.3787395465146564
train_001887,4,0.0,0.8603340361841776
train_001887,5,0.0,0.6533134536258682
train_001887,6,0.0,0.13045230937633748
train_001887,7,0.04250219011717543,-0.03064163415624068
train_001887,8,0.1675975250338937,0.7571580433394979
train_001887,9,0.3374717312409686,-0.4975737377871672
train_001887,10,0.5670911668846106,-0.6780525246534761
train_001887,11,0.7466849372979742,-0.8162862257908908
train_001887,12,0.8509452311815909,0.3795695208453197
train_001887,13,0.8861511148908967,0.35914744383254804
train_001887,14,0.8367644066541332,-0.010939257049950996
train_001887,15,0.6800158238589477,0.30763649506454854
train_001887,16,0.5233296571206878,0.26678776286680755
train_001887,17,0.3078599846194306,-0.4575770689056473
train_001887,18,0.10673056654769979,-0.39059801308969816
train_001887,19,0.0,-0.3367653418640624
train_001887,20,0.0,-0.5066889251034763
train_001887,21,0.0,-0.3553552194508397
train_001887,22,0.0,-0.06070206656731187
train_001887,23,0.0,-0.6929133061283066
train_001887,24,0.0,-0.3718378346050258
train_001888,1,0.0,0.03830625005697863
train_001888,2,0.0,-0.6797592777201351
train_001888,3,0.0,-0.6156221951816885
train_001888,4,0.0,-0.05270503151245953
train_001888,5,0.0,0.2514837099434613
train_001888,6,0.0,0.8837443656821157
train_001888,7,0.04352819025927955,0.5959901787830841
train_001888,8,0.17387741183693034,0.684862180871355
train_001888,9,0.3503735847300257,0.004129811380020048
train_001888,10,0.5515100481066395,-0.05054277965556957
train_001888,11,0.768213234080677,0.25255545682941527
train_001888,12,0.8767574321724112,0.6548374526843166
train_001888,13,0.847554269427199,0.5431282244604583
train_001888,14,0.8264320299675677,0.33946891636642557
train_001888,15,0.690230705244979,0.28062172701281896
train_001888,16,0.5219431801451823,-0.6408726904901755
train_001888,17,0.3091129208183242,-0.25597632222681155
train_001888,18,0.10759436680248766,0.29763242433322296
train_001888,19,0.0,-0.05902005987862898
train_001888,20,0.0,-0.14819130469329886
train_001888,21,0.0,0.4470790805193799
train_001888,22,0.0,-0.30564877650354727
train_001888,23,0.0,0.5509468899467469
train_001888,24,0.0,0.565176840948673
train_001889,1,0.0,0.5505566067966512
train_001889,2,0.0,-0.2495215490126156
train_001889,3,0.0,-0.42921316988625974
train_001889,4,0.0,0.2520467141267203
train_001889,5,0.0,0.47307881790385486
train_001889,6,0.0,0.4842573782586941
train_001889,7,0.023780076985533607,0.4487080373102538
train_001889,8,0.07617221690717123,0.175753780726852
train_001889,9,0.1728446052867549,-0.49066250174176995
train_001889,10,0.2535614727219868,0.06016459700953558
train_001889,11,0.42447646963194996,-0.580883784680021
train_001889,12,0.31287488722927614,-0.49316450358614494
train_001889,13,0.3696370904477251,-0.7703031963597562
train_001889,14,0.42494389209733463,-0.7160710815637905
train_001889,15,0.44534476431682624,0.7773128274716697
train_001889,16,0.3275074046130353,0.6126419270565652
train_001889,17,0.1972660981261432,0.1861433487339696
train_001889,18,0.0669445709029238,0.8682337920606549
train_001889,19,0.0,0.7370527471863156
train_001889,20,0.0,0.4266609676929635
train_001889,21,0.0,0.013782012105369083
train_001889,22,0.0,0.7464035835676177
train_001889,23,0.0,-0.29981610589237856
train_001889,24,0.0,-0.6497019595591461
train_001890,1,0.0,0.02956284770577675
train_001890,2,0.0,-0.5755784508774722
train_001890,3,0.0,-0.22524589584514093
train_001890,4,0.0,-0.5647917733915124
train_001890,5,0.0,-0.747294736439928
train_001890,6,0.0,-0.06562385430524688
train_001890,7,0.04192635883936571,-0.3283673231719109
train_001890,8,0.17093429187610396,-0.11324968197652513
train_001890,9,0.3412792835969145,0.07308244871891871
train_001890,10,0.5114551486131851,-0.39511179914200206
train_001890,11,0.6708853163801641,-0.39083987778446094
train_001890,12,0.7197261260600419,-0.35612719670946935
train_001890,13,0.6844380661822125,-0.4784743392829821
train_001890,14,0.6441341238242348,0.8515590485299089
train_001890,15,0.5580373433931676,0.6220610410952019
train_001890,16,0.38647563091423476,0.6715890845282817
train_001890,17,0.250688080573324,0.8229467344737315
train_001890,18,0.09125773432148607,0.5701205035178298
train_001890,19,0.0,0.017661703276103075
train_001890,20,0.0,-0.04682133329923547
train_001890,21,0.0,-0.6406729687810331
train_001890,22,0.0,-0.21643391307006354
train_001890,23,0.0,-0.8371783513293598
train_001890,24,0.0,-0.7841326291202502
train_001891,1,0.0,-0.5826293462151451
train_001891,2,0.0,0.15213187798284245
train_001891,3,0.0,0.6729622531834003
train_001891,4,0.0,0.46431503169849286
train_001891,5,0.0,0.5095172015142566
train_001891,6,0.0,0.49466569395910376
train_001891,7,0.04451224183577294,0.3795006592491692
train_001891,8,0.1881805229887726,-0.01056670594762158
train_001891,9,0.3824095119015252,-0.2966059874185193
train_001891,10,0.6032277962576607,-0.20419483108009334
train_001891,11,0.7757043641346526,-0.10613787449806374
train_001891,12,0.8845878262647103,-0.2688778232952328
train_001891,13,0.9082465995764164,-0.1859309810731142
train_001891,14,0.8919651171569969,-0.7830162548127854
train_001891,15,0.750844189592478,0.5649367270124428
train_001891,16,0.5536461526818441,-0.5663691883039133
train_001891,17,0.3095502296664942,-0.337096183962136
train_001891,18,0.10695418384003484,-0.01157072948701529
train_001891,19,0.0,-0.05537893038854492
train_001891,20,0.0,0.5821615382872736
train_001891,21,0.0,0.26474595766048303
train_001891,22,0.0,0.3137298543320762
train_001891,23,0.0,-0.1567624920253802
train_001891,24,0.0,-0.4279201411754027
train_001892,1,0.0,-0.17999127514223295
train_001892,2,0.0,0.2693230072324443
train_001892,3,0.0,0.3585543710414462
train_001892,4,0.0,-0.022734360900438053
train_001892,5,0.0,-0.48429847655674296
train_001892,6,0.0,-0.8488237035222468
train_001892,7,0.0346660201591095,-0.7741939317371249
train_001892,8,0.15269175202452545,-0.7980210240319864
train_001892,9,0.3037203986552649,-0.05705678766360949
train_001892,10,0.47850712414937974,0.08901487630012142
train_001892,11,0.6365362755056182,-0.6292930797799122
train_001892,12,0.7223296960772765,-0.0982772206318506
train_001892,13,0.8309934190224865,0.43966629388859046
train_001892,14,0.8329591061850664,0.36602640162688305
train_001892,15,0.7023302596874978,0.234543934903891
train_001892,16,0.5173402615396704,0.08554571873754373
train_001892,17,0.2936816857108227,0.6524430216725408
train_001892,18,0.09514311642654352,0.31203154198427496
train_001892,19,0.0,0.5095821350783798
train_001892,20,0.0,-0.08575538427657528
train_001892,21,0.0,0.37841672201323734
train_001892,22,0.0,0.7699824295772322
train_001892,23,0.0,0.4451079405103108
train_001892,24,0.0,0.36652965112419017
train_001893,1,0.0,-0.7169124115105223
train_001893,2,0.0,-0.7979883584242751
train_001893,3,0.0,-0.8836997223365434
train_001893,4,0.0,-0.8752469970553667
train_001893,5,0.0,-0.9009501010870049
train_001893,6,0.0,-0.7516805324277472
train_001893,7,0.04805978870662821,-0.4565420592766192
train_001893,8,0.19238688452983346,-0.0024097439742509956
train_001893,9,0.383776811659142,-0.3909154502697754
train_001893,10,0.6124930253373644,0.7634312823441749
train_001893,11,0.8107291396960128,0.5518061586903038
train_001893,12,0.908552687231755,0.5173757495210609
train_001893,13,0.9325377535724257,0.6387176416627955
train_001893,14,0.8908698513625891,0.38169938977752865
train_001893,15,0.7563547509769016,0.2856590133872353
train_001893,16,0.5638569164922428,0.7054775581300091
train_001893,17,0.3280048695019242,0.6949181269751871
train_001893,18,0.1136088475991538,0.1575157015154486
train_001893,19,0.0,0.14613130774622113
train_001893,20,0.0,0.22461250294182414
train_001893,21,0.0,0.26158569569147605
train_001893,22,0.0,-0.04827356800537182
train_001893,23,0.0,-0.516957786069008
train_001893,24,0.0,-0.8687369466961997
train_001894,1,0.0,0.9316739728411626
train_001894,2,0.0,0.5487528631381494
train_001894,3,0.0,0.5135517100988548
train_001894,4,0.0,0.8310507887517321
train_001894,5,0.0,0.9011601359539333
train_001894,6,0.0,0.8883417225742095
train_001894,7,0.02468293517868077,0.24816716264526287
train_001894,8,0.11028474951142675,0.6678944304103316
train_001894,9,0.23233360560037283,0.8498841272194569
train_001894,10,0.39511819682583676,0.443903033570911
train_001894,11,0.5750952710068029,-0.14383327849745084
train_001894,12,0.6985253101716069,0.15678383737961285
train_001894,13,0.7056038874168157,-0.4262962507438673
train_001894,14,0.6249947621839971,-0.47413115910723913
train_001894,15,0.5874373705132184,-0.8319868249483688
train_001894,16,0.468223937336709,-0.8616380415696251
train_001894,17,0.23072651691499754,-0.9724296474945744
train_001894,18,0.08276437533042832,-0.8885260515075492
train_001894,19,0.0,-0.8661377831769584
train_001894,20,0.0,-0.9251829965100375
train_001894,21,0.0,-0.8991251385447272
train_001894,22,0.0,-0.7671037700308875
train_001894,23,0.0,-0.7543587190719587
train_001894,24,0.0,-0.7642389503948666
train_001895,1,0.0,0.46646026051237766
train_001895,2,0.0,0.3859796242679504
train_001895,3,0.0,0.34565929769678366
train_001895,4,0.0,0.10207800645533668
train_001895,5,0.0,0.46842883623374443
train_001895,6,0.0,0.5192646836855918
train_001895,7,0.036530195080763224,0.5939664739407308
train_001895,8,0.13751662162451905,-0.22013122741671423
train_001895,9,0.27784228206230616,-0.006309385932823364
train_001895,10,0.44329824460723016,-0.2872970111432913
train_001895,11,0.555189725598406,-0.5409063437287628
train_001895,12,0.6825764914204449,0.7861372294440595
train_001895,13,0.7054588330945621,0.9545732106457749
train_001895,14,0.6815534268389991,0.6066345626422038
train_001895,15,0.5812840771941801,0.042753327210599976
train_001895,16,0.44260180168450275,-0.11997285513259465
train_001895,17,0.2558071354648827,-0.27216871648290847
train_001895,18,0.08881628278472779,0.3405886593970591
train_001895,19,0.0,0.4219151324679992
train_001895,20,0.0,0.2544304728926523
train_001895,21,0.0,-0.1810122621427502
train_001895,22,0.0,-0.284916738383111
train_001895,23,0.0,-0.3298725015746225
train_001895,24,0.0,-0.014213441557905557
train_001896,1,0.0,0.6835579907873364
train_001896,2,0.0,0.7930000697530251
train_001896,3,0.0,0.8819553971985636
train_001896,4,0.0,0.8254848100136203
train_001896,5,0.0,0.40067364796069577
train_001896,6,0.0,0.14303602766615214
train_001896,7,0.0382451218996616,0.6208771057141254
train_001896,8,0.1325071988361886,-0.1484571875260061
train_001896,9,0.2676680863507321,-0.5113367224975258
train_001896,10,0.499594814053294,-0.4706449701062726
train_001896,11,0.5952347193016382,-0.07184309048214166
train_001896,12,0.7197663321049781,-0.08513901434801895
train_001896,13,0.7733911885618459,0.013739829080188054
train_001896,14,0.7129194043509517,-0.5862879564649356
train_001896,15,0.5782555008643904,0.07610475009681426
train_001896,16,0.4650029614724428,0.6939041869898261
train_001896,17,0.2626788220541522,0.11264533993304879
train_001896,18,0.09227554163134552,0.5256242722910713
train_001896,19,0.0,0.4352432199657582
train_001896,20,0.0,0.35301577343136253
train_001896,21,0.0,0.5611808372782908
train_001896,22,0.0,-0.02502224783340236
train_001896,23,0.0,-0.09785401888294798
train_001896,24,0.0,-0.47347968961357834
train_001897,1,0.0,-0.8380914001288033
train_001897,2,0.0,-0.5207852876160303
train_001897,3,0.0,-0.0520060402025013
train_001897,4,0.0,0.6161899600714008
train_001897,5,0.0,-0.41725695819787223
train_001897,6,0.0,-0.04102193324604191
train_001897,7,0.015321271767523778,0.5396905327185634
train_001897,8,0.05010953488436355,0.7188988410745973
train_001897,9,0.10020085295571009,0.841709979539304
train_001897,10,0.19465286997153894,0.9216977302294436
train_001897,11,0.3320458109440639,0.7992445435220468
train_001897,12,0.2861211315774748,0.8745414512919905
train_001897,13,0.2812384582535338,0.7515504468260252
train_001897,14,0.24435892095699632,-0.12604180421375247
train_001897,15,0.2277236281164656,0.6818269515875349
train_001897,16,0.15705487769309404,0.424719516653254
train_001897,17,0.08237596633935891,-0.5047561639087943
train_001897,18,0.03325492425004653,-0.17482153804838504
train_001897,19,0.0,-0.6434657813889495
train_001897,20,0.0,-0.21442054425720133
train_001897,21,0.0,-0.5352880132640052
train_001897,22,0.0,0.06811432843066756
train_001897,23,0.0,-0.560239922036661
train_001897,24,0.0,-0.4278068944340775
train_001898,1,0.0,0.5777917022453172
train_001898,2,0.0,0.24593476707102338
train_001898,3,0.0,-0.3824763551722613
train_001898,4,0.0,-0.49767888453467746
train_001898,5,0.0,-0.22669228728474966
train_001898,6,0.0,-0.1732027994803714
train_001898,7,0.026817375991498728,-0.220429135717029
train_001898,8,0.10253658975248772,-0.7181494549973367
train_001898,9,0.2057414531603895,-0.7876980172385333
train_001898,10,0.33664559657168225,-0.7687632680717624
train_001898,11,0.45090432143652515,-0.32212643386681855
train_001898,12,0.5622731486333663,-0.7074562424646261
train_001898,13,0.6160166851465666,-0.5016911286602935
train_001898,14,0.5289407803426501,-0.5817402001467484
train_001898,15,0.4681554601278933,-0.12198822271058089
train_001898,16,0.3991919887013577,-0.10468524750762263
train_001898,17,0.2336138865593919,-0.26469486671690784
train_001898,18,0.07396597217270773,0.01482626141325308
train_001898,19,0.0,-0.3526854132292171
train_001898,20,0.0,-0.6014196055053966
train_001898,21,0.0,-0.8020927761525184
train_001898,22,0.0,-0.566761670631436
train_001898,23,0.0,-0.040033766449369367
train_001898,24,0.0,-0.49398498927522305
train_001899,1,0.0,0.511304557844874
train_001899,2,0.0,0.6840420266655772
train_001899,3,0.0,0.788121922747439
train_001899,4,0.0,0.14331410521826674
train_001899,5,0.0,-0.6809473099623644
train_001899,6,0.0,0.3701634758968364
train_001899,7,0.04278428066263159,0.0829939019612944
train_001899,8,0.16768297149915345,-0.22278162520722175
train_001899,9,0.3166192186358188,0.5747889502753858
train_001899,10,0.5523123492489025,0.5667843224588232
train_001899,11,0.7220388213810061,0.5759230547932749
train_001899,12,0.7801683682426973,0.3886557181870259
train_001899,13,0.7347229752682095,-0.22397288452621175
train_001899,14,0.7004576943884112,0.666436466908644
train_001899,15,0.5706304051420349,-0.006158548601000112
train_001899,16,0.4483661600256372,-0.10350689310743097
train_001899,17,0.26498111509095496,0.10007916539969326
train_001899,18,0.08994961707807546,0.1267654081635256
train_001899,19,0.0,-0.006111172316480715
train_001899,20,0.0,0.10315300745793074
train_001899,21,0.0,0.28849830697699624
train_001899,22,0.0,0.7170953406511753
train_001899,23,0.0,0.7052380026356423
train_001899,24,0.0,0.8476947821949807
train_001900,1,0.0,0.09854082690098932
train_001900,2,0.0,-0.44763107086376375
train_001900,3,0.0,0.5722512945279242
train_001900,4,0.0,0.5264169301675976
train_001900,5,0.0,0.1258286848382647
train_001900,6,0.0,0.3217171570744573
train_001900,7,0.03853582205270756,-0.04869271797890238
train_001900,8,0.1623698006509654,-0.3954219637052559
train_001900,9,0.3395178574496313,-0.41275196705374667
train_001900,10,0.5524625309368109,-0.007435363531264939
train_001900,11,0.7103137454480202,-0.21745539114591647
train_001900,12,0.8295845985035084,-0.476878372967548
train_001900,13,0.8997310390283038,-0.6033563343829367
train_001900,14,0.8518497199463838,-0.8552602522630506
train_001900,15,0.6917025069127166,-0.6490791735130513
train_001900,16,0.5109441838131653,-0.532658000012926
train_001900,17,0.30628305606811623,-0.6176988676186816
train_001900,18,0.10460585768830184,-0.8817225759405992
train_001900,19,0.0,-0.4007264448357499
train_001900,20,0.0,-0.4226477383520044
train_001900,21,0.0,-0.32735397888577156
train_001900,22,0.0,-0.6729651407050983
train_001900,23,0.0,-0.8189017945319607
train_001900,24,0.0,-0.6790427620513391
train_001901,1,0.0,0.6382498042243996
train_001901,2,0.0,0.7510922856989327
train_001901,3,0.0,0.14503136770813307
train_001901,4,0.0,0.7719090438643144
train_001901,5,0.0,-0.31870224415284487
train_001901,6,0.0,-0.8188581104477201
train_001901,7,0.04067627978841698,-0.8145948023539157
train_001901,8,0.16147305822767777,-0.9726735199283646
train_001901,9,0.3132701050612363,-0.9811759199688762
train_001901,10,0.462315055440068,-0.96517631298181
train_001901,11,0.6143361087597697,-0.8137290035522933
train_001901,12,0.6819734113011109,-0.8537251767126268
train_001901,13,0.7361477011105186,-0.8967193082619146
train_001901,14,0.7012978710431272,-0.7833353252250229
train_001901,15,0.647910810570943,-0.5272970103109598
train_001901,16,0.48270048397390125,-0.7622578713691922
train_001901,17,0.2580400577727861,-0.6997370247956657
train_001901,18,0.08082692813342167,-0.7487042733628574
train_001901,19,0.0,0.06918015273823958
train_001901,20,0.0,0.6357307597716642
train_001901,21,0.0,-0.23022395692991565
train_001901,22,0.0,-0.9167081354736586
train_001901,23,0.0,-0.49734751850601244
train_001901,24,0.0,-0.720459774149038
train_001902,1,0.0,0.058419262758674206
train_001902,2,0.0,-0.43179143696179195
train_001902,3,0.0,-0.45339300270998484
train_001902,4,0.0,-0.7121067532892564
train_001902,5,0.0,-0.3232025729169445
train_001902,6,0.0,0.30064744819552336
train_001902,7,0.04320153812120222,-0.20270496129180396
train_001902,8,0.1578545122476222,0.3387538232655341
train_001902,9,0.31924830349439437,0.2578075955958604
train_001902,10,0.4682671154072503,-0.41275895737796375
train_001902,11,0.6120472955661682,0.13291748231889622
train_001902,12,0.8108730803337721,0.44062322513366725
train_001902,13,0.8397307434934925,0.13234575129782275
train_001902,14,0.8454475184237106,-0.09699774658527326
train_001902,15,0.6665309134071086,0.3298823737684548
train_001902,16,0.5162991121371957,-0.15363481830566061
train_001902,17,0.2990283225041703,-0.13356194307176011
train_001902,18,0.09694990182677711,-0.16386428105077286
train_001902,19,0.0,-0.1300310155737649
train_001902,20,0.0,-0.5283477599520106
train_001902,21,0.0,-0.15871782932640754
train_001902,22,0.0,-0.18306080747603057
train_001902,23,0.0,0.31854022348141026
train_001902,24,0.0,0.30563844616920627
train_001903,1,0.0,-0.18099288995846002
train_001903,2,0.0,0.2906514523941882
train_001903,3,0.0,-0.06189636579120262
train_001903,4,0.0,-0.4641795662368734
train_001903,5,0.0,-0.26373406320176546
train_001903,6,0.0,-0.8707409118332956
train_001903,7,0.0316925973868052,-0.8130707751697813
train_001903,8,0.11707182705200854,0.16181789943301572
train_001903,9,0.21830063134711208,-0.22957528319061482
train_001903,10,0.3958031565059342,0.47476685730613555
train_001903,11,0.5142094737918659,0.3873460362508052
train_001903,12,0.5106159409506897,0.26820169764050267
train_001903,13,0.49782526770940166,0.2773586791740436
train_001903,14,0.44823799609527337,0.19584926048726148
train_001903,15,0.3536664351193385,0.4050506382440349
train_001903,16,0.2193736820040341,-0.40138917901786597
train_001903,17,0.13278560618535296,-0.10322140648872227
train_001903,18,0.04373252381991415,0.5859826222475844
train_001903,19,0.0,-0.0913554870657028
train_001903,20,0.0,0.19082369659923856
train_001903,21,0.0,-0.7286688503656529
train_001903,22,0.0,-0.655151592929507
train_001903,23,0.0,-0.8489125323728121
train_001903,24,0.0,-0.8910344735744581
train_001904,1,0.0,-0.7642010019467387
train_001904,2,0.0,-0.5362737354232352
train_001904,3,0.0,-0.11461223923849129
train_001904,4,0.0,-0.6205310728354021
train_001904,5,0.0,-0.48327969358066214
train_001904,6,0.0,-0.31320333913075216
train_001904,7,0.04587227613279411,-0.646577477786239
train_001904,8,0.18331200868107017,-0.6369751614021706
train_001904,9,0.3719787974944534,-0.6154570984189328
train_001904,10,0.5985824326922649,0.04611877497309219
train_001904,11,0.7748663516976486,0.11102256065943898
train_001904,12,0.8463336306296121,0.5383931686558393
train_001904,13,0.904293709599207,-0.3807888096891984
train_001904,14,0.87980559583906,0.09154184121641848
train_001904,15,0.7250753200769386,0.22109027585994337
train_001904,16,0.5508407777000008,0.5922810483096819
train_001904,17,0.32119234936210506,0.328628320754777
train_001904,18,0.10837000882937547,-0.6028992947502809
train_001904,19,0.0,-0.09125020344702624
train_001904,20,0.0,-0.019085668405047926
train_001904,21,0.0,0.06524722267760041
train_001904,22,0.0,-0.45588412427041713
train_001904,23,0.0,-0.3285348870411926
train_001904,24,0.0,-0.2312602203174002
train_001905,1,0.0,-0.8625197621973806
train_001905,2,0.0,-0.8000889717754125
train_001905,3,0.0,-0.028394551976533216
train_001905,4,0.0,0.045376011434213576
train_001905,5,0.0,0.22757047695926583
train_001905,6,0.0,0.34812888189990465
train_001905,7,0.03275093442457332,0.21504479258817505
train_001905,8,0.1323738430352203,0.6626928731331108
train_001905,9,0.2798110246168907,-0.029204400117174102
train_001905,10,0.4243830002244579,-0.045969813897048094
train_001905,11,0.5912162855693864,0.3418523418182584
train_001905,12,0.666908022717956,0.16335296908488067
train_001905,13,0.7318391902932763,0.34667284283404726
train_001905,14,0.7082097946681315,0.48579425262181386
train_001905,15,0.5785501475240933,0.4331989199017026
train_001905,16,0.4010809525697831,0.30074295575409987
train_001905,17,0.24524840946043241,0.7788222929837691
train_001905,18,0.08764745398721042,0.882369137506709
train_001905,19,0.0,0.7578134660425622
train_001905,20,0.0,0.5805961885249548
train_001905,21,0.0,0.551850087802235
train_001905,22,0.0,-0.34709607989019986
train_001905,23,0.0,-0.7171643264812749
train_001905,24,0.0,-0.7657249660078502
train_001906,1,0.0,0.1230297833359106
train_001906,2,0.0,0.014673718115878486
train_001906,3,0.0,-0.46064252998928634
train_001906,4,0.0,0.011134961003263388
train_001906,5,0.0,0.5593320305916134
train_001906,6,0.0,0.4382929250601545
train_001906,7,0.042620608276786286,0.49705254595405324
train_001906,8,0.17079225265380651,0.7499058119152368
train_001906,9,0.2968394967321271,0.31569324230562756
train_001906,10,0.4858772872247085,-0.4175824840472061
train_001906,11,0.6566043487488565,-0.8841031987876804
train_001906,12,0.8247754410766703,-0.8226363524395427
train_001906,13,0.8371122255374821,-0.784687551575679
train_001906,14,0.8327716279650139,-0.4706301359510222
train_001906,15,0.701780289453306,-0.31541932265477446
train_001906,16,0.5247832975269009,-0.21682065128237646
train_001906,17,0.29177978697305434,0.11995541853856423
train_001906,18,0.10411343022669499,-0.3812550255821338
train_001906,19,0.0,0.04542884335147203
train_001906,20,0.0,0.4635831119863084
train_001906,21,0.0,-0.1753431434233477
train_001906,22,0.0,-0.5418087190267009
train_001906,23,0.0,0.43589351227251466
train_001906,24,0.0,-0.22419009683322175
train_001907,1,0.0,-0.19984170040366442
train_001907,2,0.0,-0.1162168307307919
train_001907,3,0.0,0.25144056778247353
train_001907,4,0.0,0.10630055428992254
train_001907,5,0.0,0.34456765668974526
train_001907,6,0.0,0.3760649765967024
train_001907,7,0.04580263712612479,0.1644289156735582
train_001907,8,0.17849716419696676,-0.5906072758082221
train_001907,9,0.36573806864372577,-0.2534500372387117
train_001907,10,0.6027939784328228,0.23120924282771146
train_001907,11,0.7889508497437507,0.6062329012011671
train_001907,12,0.8933737790618195,0.812786021455572
train_001907,13,0.9151320943642495,0.0406850582292623
train_001907,14,0.8915279772879274,-0.12573563926000175
train_001907,15,0.7470704798616205,-0.06305142945598823
train_001907,16,0.5533147175072192,-0.8248100046987815
train_001907,17,0.32169450019788864,-0.4630971216867167
train_001907,18,0.10967069173692047,-0.012141011704458526
train_001907,19,0.0,0.7817480801628569
train_001907,20,0.0,0.7252076293367957
train_001907,21,0.0,0.1825433510388201
train_001907,22,0.0,-0.3596665630514136
train_001907,23,0.0,-0.49149225782925965
train_001907,24,0.0,-0.8080720225549954
train_001908,1,0.0,0.7939095323372952
train_001908,2,0.0,0.5160679108781208
train_001908,3,0.0,0.5741094992383475
train_001908,4,0.0,0.9488141046800632
train_001908,5,0.0,0.8295419944374871
train_001908,6,0.0,0.4803085385446736
train_001908,7,0.03103781547971147,0.17215436526902927
train_001908,8,0.13531398762289037,0.2409855119504269
train_001908,9,0.3006749852132566,0.5165543645604983
train_001908,10,0.5325574338895751,0.7590480789027115
train_001908,11,0.7424442609590296,0.7468247275585788
train_001908,12,0.8087124716653026,0.8169372232565179
train_001908,13,0.832982636311266,-0.016339344322279032
train_001908,14,0.7706736131289202,-0.25740551178234183
train_001908,15,0.5806362769921931,0.2910771897768884
train_001908,16,0.4157703711172502,0.27172363032070534
train_001908,17,0.2569397007378564,0.18162323059208746
train_001908,18,0.08834532773813016,0.21431315523448793
train_001908,19,0.0,0.882753898321333
train_001908,20,0.0,0.516698337288236
train_001908,21,0.0,0.6270091506294373
train_001908,22,0.0,0.056029807012287144
train_001908,23,0.0,-0.32073387203684284
train_001908,24,0.0,-0.3463404578488964
train_001909,1,0.0,-0.06988197617513667
train_001909,2,0.0,0.31236542713662296
train_001909,3,0.0,0.6586873641787321
train_001909,4,0.0,0.6718711762664058
train_001909,5,0.0,0.2601557815065291
train_001909,6,0.0,0.7711483786383383
train_001909,7,0.03873948558488801,0.5749341876877733
train_001909,8,0.15403941517126044,0.2968887544060577
train_001909,9,0.310282117396141,-0.8117090453624002
train_001909,10,0.4974275712703379,-0.699848236679898
train_001909,11,0.6592663226237513,0.019197930463722757
train_001909,12,0.7591987471405086,0.4100830818004886
train_001909,13,0.7912758291051499,-0.43370682840528435
train_001909,14,0.7756402037480424,-0.9014378953164934
train_001909,15,0.6339608478728052,-0.9500490266175008
train_001909,16,0.46860302231767764,-0.8871320972847562
train_001909,17,0.2867064109074975,-0.7029981019256236
train_001909,18,0.09652027876479849,-0.3905072732802639
train_001909,19,0.0,-0.6159440753009172
train_001909,20,0.0,-0.786663849209854
train_001909,21,0.0,-0.2160424666973458
train_001909,22,0.0,0.06109296690088229
train_001909,23,0.0,-0.3527106485774311
train_001909,24,0.0,-0.6941403347039167
train_001910,1,0.0,0.5823123229949048
train_001910,2,0.0,-0.29360834808032404
train_001910,3,0.0,-0.7117218302898052
train_001910,4,0.0,-0.8788821434317011
train_001910,5,0.0,-0.656460192549518
train_001910,6,0.0,0.19436444039258102
train_001910,7,0.038738548673383284,-0.5177949217014164
train_001910,8,0.16580918954233262,-0.035922966870950444
train_001910,9,0.3561772696621406,0.07352103346077687
train_001910,10,0.4750652646004942,0.7339126108606847
train_001910,11,0.6437160938513762,-0.1987816342095718
train_001910,12,0.7156730830834039,-0.358382497980683
train_001910,13,0.7442655818096803,0.5244758792539281
train_001910,14,0.7797390644534878,0.012681471028749426
train_001910,15,0.6901009031881148,0.15514436317012012
train_001910,16,0.4801879366980149,-0.5792241880263367
train_001910,17,0.26395934449342984,-0.4677151008068049
train_001910,18,0.0984381073417729,0.5638670789933151
train_001910,19,0.0,-0.2692323185659221
train_001910,20,0.0,-0.71231720558687
train_001910,21,0.0,-0.9054278084157981
train_001910,22,0.0,-0.014394394955338518
train_001910,23,0.0,-0.30155043132657516
train_001910,24,0.0,0.09302129916366773
train_001911,1,0.0,0.6010193272605533
train_001911,2,0.0,-0.6060132792072289
train_001911,3,0.0,-0.8739870443579119
train_001911,4,0.0,-0.5234201776554923
train_001911,5,0.0,0.09324627267680315
train_001911,6,0.0,0.8440505880172229
train_001911,7,0.029498328310968422,0.2657727281545596
train_001911,8,0.13096442629316357,-0.21126541466499418
train_001911,9,0.22866896788565919,0.5671435048681166
train_001911,10,0.34294988445781066,0.5808056331212503
train_001911,11,0.4656636587716192,0.3288674016993786
train_001911,12,0.5348059795665526,-0.09861419900485163
train_001911,13,0.6642190010710609,0.40140061872551186
train_001911,14,0.6130346254892611,-0.3637994068604205
train_001911,15,0.45231183245641643,0.2919824471722625
train_001911,16,0.4082311365940777,0.7063751795623856
train_001911,17,0.2676156861841333,0.5750560652059782
train_001911,18,0.09266760029138085,-0.4813319975535869
train_001911,19,0.0,-0.9315639558187955
train_001911,20,0.0,-0.6856987142135498
train_001911,21,0.0,-0.836278122218517
train_001911,22,0.0,0.034145996933938605
train_001911,23,0.0,-0.11539480207280325
train_001911,24,0.0,0.48159914123112046
train_001912,1,0.0,0.02133453613073404
train_001912,2,0.0,0.5090516406788641
train_001912,3,0.0,0.3864768366199985
train_001912,4,0.0,0.13562199367828104
train_001912,5,0.0,-0.38741579526160075
train_001912,6,0.0,-0.33388461317857165
train_001912,7,0.029920962058256725,-0.0651855016283572
train_001912,8,0.11160795204195467,-0.10818762990471203
train_001912,9,0.23445976322830997,-0.4265880284768024
train_001912,10,0.36027941210503833,-0.07715414458549812
train_001912,11,0.4294655130039168,0.3403797929643396
train_001912,12,0.4828482564494771,0.8183201461791938
train_001912,13,0.554881079362125,0.7751854864288957
train_001912,14,0.5949985860247267,0.9422841098876191
train_001912,15,0.4556689535177101,0.42877342171989974
train_001912,16,0.287594760651555,0.20600409076993703
train_001912,17,0.18916187976711166,-0.09290789910357616
train_001912,18,0.07351089951382495,0.025545310320974162
train_001912,19,0.0,-0.3319934575931108
train_001912,20,0.0,-0.4051292485731308
train_001912,21,0.0,-0.7230695241238059
train_001912,22,0.0,-0.4776124065274171
train_001912,23,0.0,0.12296636098328724
train_001912,24,0.0,0.9244095604900174
train_001913,1,0.0,0.2182942736938431
train_001913,2,0.0,-0.2390775176173549
train_001913,3,0.0,0.2204106036570319
train_001913,4,0.0,0.7671073026383943
train_001913,5,0.0,0.3354615145905743
train_001913,6,0.0,0.10647603429938546
train_001913,7,0.045776171664893846,-0.5063560042433741
train_001913,8,0.18230575001584765,-0.3426533084946386
train_001913,9,0.36536712826455814,0.20231768876057157
train_001913,10,0.5818271747457712,-0.25096245372001275
train_001913,11,0.8032866919564303,-0.3346203860170028
train_001913,12,0.8964818450595832,-0.03589233450236087
train_001913,13,0.8775544496108154,0.3439742396176064
train_001913,14,0.8382599820772413,0.3876540482789356
train_001913,15,0.6988944308938881,0.6240742669072885
train_001913,16,0.5245817757158184,-0.13121299038160858
train_001913,17,0.30312955927976953,-0.5572958403629539
train_001913,18,0.1019946880312156,0.10596027683535715
train_001913,19,0.0,0.14350602839205004
train_001913,20,0.0,0.3151163204062561
train_001913,21,0.0,0.8846460966791667
train_001913,22,0.0,0.587624632388347
train_001913,23,0.0,0.35516780909214124
train_001913,24,0.0,-0.4264595800276176
train_001914,1,0.0,-0.1257463722754511
train_001914,2,0.0,-0.010927527217482295
train_001914,3,0.0,0.34631986261846914
train_001914,4,0.0,-0.0005581104562705961
train_001914,5,0.0,0.1574758047912897
train_001914,6,0.0,-0.05087314562639211
train_001914,7,0.0401295721717677,-0.5942466773029167
train_001914,8,0.14772978772673587,-0.1825137895728315
train_001914,9,0.2969048287213346,0.04864914474684695
train_001914,10,0.49392224206608576,0.2200843285861767
train_001914,11,0.6746664206889235,0.09750303737310444
train_001914,12,0.8153173349359047,0.22456812391701075
train_001914,13,0.807616659073817,-0.009777496633910563
train_001914,14,0.8164198907844553,0.5933913242723732
train_001914,15,0.6712179100447707,0.9159616973158672
train_001914,16,0.5054970767371563,0.9803408391982099
train_001914,17,0.2900044605985524,0.9927556970483389
train_001914,18,0.09696986438289061,0.9882839570733605
train_001914,19,0.0,0.9871794940592782
train_001914,20,0.0,0.9944971406650526
train_001914,21,0.0,0.9540996982518317
train_001914,22,0.0,0.8968962001420727
train_001914,23,0.0,0.8960606015329747
train_001914,24,0.0,0.5413078041025765
train_001915,1,0.0,0.3656335600548293
train_001915,2,0.0,-0.6221885594969393
train_001915,3,0.0,-0.7617802475807802
train_001915,4,0.0,-0.5606621591310148
train_001915,5,0.0,-0.929130054068724
train_001915,6,0.0,-0.4817983031130685
train_001915,7,0.046551867145292046,-0.1467279005511441
train_001915,8,0.18735557886141996,0.420903754905673
train_001915,9,0.37186757130649667,0.4124254267334875
train_001915,10,0.5968769120278105,-0.1851481662013067
train_001915,11,0.7870631666461196,-0.2515508094101504
train_001915,12,0.8895156811552947,-0.32351505914579665
train_001915,13,0.9351932527867369,0.13920257719640614
train_001915,14,0.8873448200291972,-0.2798774513415261
train_001915,15,0.7379072095947727,-0.6768228463792751
train_001915,16,0.5637777115799393,-0.5848302491204335
train_001915,17,0.32864440816709856,-0.03787432932465028
train_001915,18,0.1139969342004328,-0.6386634527699028
train_001915,19,0.0,-0.3665583025775337
train_001915,20,0.0,-0.3700877915481543
train_001915,21,0.0,-0.7917436588978786
train_001915,22,0.0,-0.878999474694283
train_001915,23,0.0,-0.8720641856050122
train_001915,24,0.0,-0.6583061236698058
train_001916,1,0.0,0.12558823368001595
train_001916,2,0.0,0.603533843048258
train_001916,3,0.0,0.3153653823975953
train_001916,4,0.0,-0.04069531066321713
train_001916,5,0.0,0.2684912941587605
train_001916,6,0.0,0.5511838526368147
train_001916,7,0.04673576302676114,-0.13916349644181739
train_001916,8,0.18391912571145183,-0.6446579724078426
train_001916,9,0.36346612710632803,-0.6826060756256572
train_001916,10,0.5910747674658104,-0.07036124933101758
train_001916,11,0.7869378819586726,0.5653179066115568
train_001916,12,0.8727384015217967,0.07031467614955657
train_001916,13,0.8884361381743376,0.033844831346549455
train_001916,14,0.8355649511634982,-0.1297405874287126
train_001916,15,0.7063234064606655,-0.3435247829259028
train_001916,16,0.5240515122900307,-0.26919606899300486
train_001916,17,0.29350445460092134,-0.33591146198935057
train_001916,18,0.10212601087582163,-0.26189371955071433
train_001916,19,0.0,-0.19551148021533488
train_001916,20,0.0,-0.1475593188115953
train_001916,21,0.0,-0.062290695668887966
train_001916,22,0.0,0.15218026151790492
train_001916,23,0.0,0.5501941113130899
train_001916,24,0.0,0.8667808139403335
train_001917,1,0.0,-0.15460366449367424
train_001917,2,0.0,0.7576591618941063
train_001917,3,0.0,0.6421435049862864
train_001917,4,0.0,0.39104933723052204
train_001917,5,0.0,0.35058037672898695
train_001917,6,0.0,0.11752170347293177
train_001917,7,0.04619143069620392,0.794496999925778
train_001917,8,0.18824672387086455,0.24526778441338817
train_001917,9,0.3766940607280582,0.20570901806703085
train_001917,10,0.6197821527484247,0.6232497558614718
train_001917,11,0.8209431454070019,-0.30751463060735446
train_001917,12,0.9067507747794216,-0.42287823043643163
train_001917,13,0.9450372564718695,-0.8249026363989754
train_001917,14,0.9080098585953869,-0.6532829206503784
train_001917,15,0.7564830610966429,-0.17729497600295893
train_001917,16,0.5592841490530727,-0.2558230555282107
train_001917,17,0.33380018995471405,-0.8130555953715586
train_001917,18,0.11294393996596902,-0.44622000255287986
train_001917,19,0.0,-0.006298663418256207
train_001917,20,0.0,0.2352745695876506
train_001917,21,0.0,-0.2677656654407379
train_001917,22,0.0,-0.048031299840791145
train_001917,23,0.0,-0.27112684096141076
train_001917,24,0.0,0.5365753758146198
train_001918,1,0.0,-0.7176222575006124
train_001918,2,0.0,-0.7814901132211284
train_001918,3,0.0,-0.7960462626341154
train_001918,4,0.0,-0.7771757048992962
train_001918,5,0.0,-0.6370264722422547
train_001918,6,0.0,-0.5627494795910619
train_001918,7,0.02747367675466983,-0.7360615186435981
train_001918,8,0.10758876412642576,-0.4574567770214586
train_001918,9,0.21845959421115002,0.7356079928188684
train_001918,10,0.37030599861616476,0.6464487279496103
train_001918,11,0.4475774477400159,0.9206466916103108
train_001918,12,0.5202003176293263,0.82364556194353
train_001918,13,0.6525984878759192,0.7360711418557617
train_001918,14,0.48403304432912797,0.14902440887764126
train_001918,15,0.3692867553222161,0.4249562465640775
train_001918,16,0.28157758471826433,0.37216280302889443
train_001918,17,0.18245572968484558,0.6618652967216067
train_001918,18,0.06128823121928817,0.3890323229322064
train_001918,19,0.0,-0.15413646058537472
train_001918,20,0.0,0.396764828216
train_001918,21,0.0,-0.06131280363592683
train_001918,22,0.0,-0.19147982889751436
train_001918,23,0.0,0.1580144500994098
train_001918,24,0.0,0.40962682351054147
train_001919,1,0.0,-0.5928341536564448
train_001919,2,0.0,-0.23948616872553527
train_001919,3,0.0,-0.28895556543297357
train_001919,4,0.0,0.04690610127113901
train_001919,5,0.0,0.5097666364307585
train_001919,6,0.0,0.8460436173608419
train_001919,7,0.04552989643090884,0.8157623958856938
train_001919,8,0.18209778931441004,0.8327289227820635
train_001919,9,0.3579233591967064,-0.1834587427423315
train_001919,10,0.5644937397455895,-0.6956312259679793
train_001919,11,0.7253810305959087,-0.6467231626073395
train_001919,12,0.8155689565240368,-0.4018960802871364
train_001919,13,0.8336260281420838,0.36228156870993766
train_001919,14,0.7412863673935448,0.24306330732639536
train_001919,15,0.6137438186855984,-0.49975499738498197
train_001919,16,0.48259944663941723,0.4384845842853598
train_001919,17,0.29575191321633887,0.2474905849029834
train_001919,18,0.10498040966968415,-0.2162992207148356
train_001919,19,0.0,-0.5111807252751097
train_001919,20,0.0,-0.1445908456877447
train_001919,21,0.0,-0.13275498966035987
train_001919,22,0.0,0.3262168423022548
train_001919,23,0.0,-0.1756884340855813
train_001919,24,0.0,0.2811404277301033
train_001920,1,0.0,0.9122375048462288
train_001920,2,0.0,0.7828804657648695
train_001920,3,0.0,0.7041317327012111
train_001920,4,0.0,0.5039753445888062
train_001920,5,0.0,0.8855580597313393
train_001920,6,0.0,0.37927583934761283
train_001920,7,0.04710328331665704,0.13943542782125734
train_001920,8,0.18792411413147345,-0.4997654170332344
train_001920,9,0.3794142525223,-0.6286629795108241
train_001920,10,0.6195851584521277,0.6137085951726193
train_001920,11,0.8073236358238648,0.4626001117921127
train_001920,12,0.9120813570591868,0.7343945856353453
train_001920,13,0.9288010757177395,0.6020574196956537
train_001920,14,0.875075307418302,0.8103840330950396
train_001920,15,0.7280979885240897,0.7872392361052126
train_001920,16,0.563532632255686,0.6158313584900208
train_001920,17,0.32524088932219664,-0.051807482198995315
train_001920,18,0.10972334714239626,-0.27376042707597176
train_001920,19,0.0,0.4305263487872029
train_001920,20,0.0,0.23786038774231702
train_001920,21,0.0,-0.5762003207924313
train_001920,22,0.0,0.1524349958257591
train_001920,23,0.0,0.3279547795605721
train_001920,24,0.0,0.5422673357293594
train_001921,1,0.0,0.9102628025556365
train_001921,2,0.0,0.794655939753576
train_001921,3,0.0,0.6806058738600063
train_001921,4,0.0,0.6676405161012011
train_001921,5,0.0,0.32106444834719444
train_001921,6,0.0,0.491134898389179
train_001921,7,0.040528174256544695,0.1059334934072639
train_001921,8,0.14824058275862426,-0.034095461894530374
train_001921,9,0.312803249100543,-0.08758200471394144
train_001921,10,0.5276320506691885,0.04172373439969697
train_001921,11,0.6634954957109863,-0.19218613690086778
train_001921,12,0.7220338907018576,-0.3412327217174121
train_001921,13,0.7825595326472289,0.04389358158292668
train_001921,14,0.715230173040532,0.10092031929215524
train_001921,15,0.6382700332582658,0.5790557001338855
train_001921,16,0.47320075121822314,0.9067325350134046
train_001921,17,0.2884322529505475,0.9341948118278799
train_001921,18,0.09522269141762282,0.9407792783775423
train_001921,19,0.0,0.8932438793341358
train_001921,20,0.0,0.7003052804852505
train_001921,21,0.0,0.0791336547850001
train_001921,22,0.0,-0.1229105578173861
train_001921,23,0.0,-0.7242026617134708
train_001921,24,0.0,-0.8492691032502908
train_001922,1,0.0,0.04039672710909019
train_001922,2,0.0,-0.2742429251374037
train_001922,3,0.0,0.114472142782465
train_001922,4,0.0,0.13541767469670646
train_001922,5,0.0,0.4130241503545038
train_001922,6,0.0,0.6101272214117328
train_001922,7,0.04054344116263628,0.765689631230851
train_001922,8,0.17198055210445004,0.6064750215335084
train_001922,9,0.34563968753626123,0.46713684829029944
train_001922,10,0.5508118026708448,0.8100032308767919
train_001922,11,0.7282775641209391,0.1683455482321708
train_001922,12,0.817582033477388,0.8408672117351528
train_001922,13,0.9051595839059757,0.9181730057967956
train_001922,14,0.862061387492987,0.9315210764987201
train_001922,15,0.7360162400753727,0.9154102927307268
train_001922,16,0.5305194306668168,0.6626990948505682
train_001922,17,0.28938929157401166,0.7042577387369641
train_001922,18,0.10449902034040695,-0.4026798666809053
train_001922,19,0.0,0.1894918141455636
train_001922,20,0.0,0.206446053709899
train_001922,21,0.0,0.1001912258725256
train_001922,22,0.0,0.4936363312403901
train_001922,23,0.0,0.06432849702899472
train_001922,24,0.0,-0.265498651994612
train_001923,1,0.0,-0.6227285710830828
train_001923,2,0.0,-0.24537613641768202
train_001923,3,0.0,-0.8578690186570793
train_001923,4,0.0,-0.008105409224753278
train_001923,5,0.0,-0.8190024603965123
train_001923,6,0.0,-0.20374955952188994
train_001923,7,0.027108760395700305,-0.27421356488052934
train_001923,8,0.11850540549476787,-0.16755658589103026
train_001923,9,0.28408633021791047,-0.22105787953568806
train_001923,10,0.4159458361067849,-0.3656541255230906
train_001923,11,0.48396256987540814,-0.6574355914837579
train_001923,12,0.6518681579786634,0.1753366450919073
train_001923,13,0.7517888581082568,-0.11669561636708223
train_001923,14,0.6206487412642353,-0.47077518513064276
train_001923,15,0.5822283433498107,-0.06644354599972871
train_001923,16,0.48567944686682823,0.20415807769662977
train_001923,17,0.26369235047721273,0.552173772734146
train_001923,18,0.08887213385413596,0.6942666427805251
train_001923,19,0.0,0.2818079659607205
train_001923,20,0.0,0.4037986367912827
train_001923,21,0.0,0.1851095537346241
train_001923,22,0.0,-0.19201076954549456
train_001923,23,0.0,-0.29409152618246387
train_001923,24,0.0,0.6483663431007675
train_001924,1,0.0,-0.527454720047476
train_001924,2,0.0,-0.7592619281712463
train_001924,3,0.0,-0.793325545650494
train_001924,4,0.0,-0.9262095623063433
train_001924,5,0.0,-0.916906979315463
train_001924,6,0.0,-0.875662322120348
train_001924,7,0.020556738931176367,-0.8587712057924
train_001924,8,0.06315102172350501,-0.7578123104571562
train_001924,9,0.1214932062468807,-0.6885060750338976
train_001924,10,0.18043164727205907,-0.6179007866425255
train_001924,11,0.26803272007316703,-0.3906722173391657
train_001924,12,0.30562612186930993,-0.29634082111176724
train_001924,13,0.35754139279118835,-0.7948281145022975
train_001924,14,0.36957162217942374,-0.5699091016971141
train_001924,15,0.28607954714060474,-0.7829730517023475
train_001924,16,0.19717161622753013,-0.19355695230234524
train_001924,17,0.09488486954464877,-0.6843372149004633
train_001924,18,0.03755742173002213,-0.9736181278695667
train_001924,19,0.0,-0.960036522603819
train_001924,20,0.0,-0.9764834863149963
train_001924,21,0.0,-0.7857715792307943
train_001924,22,0.0,-0.6789439561510846
train_001924,23,0.0,-0.6684102949021641
train_001924,24,0.0,-0.8414072529109206
train_001925,1,0.0,0.6612811100863456
train_001925,2,0.0,0.1342638864345123
train_001925,3,0.0,-0.13273002465516756
train_001925,4,0.0,0.4473747255261524
train_001925,5,0.0,0.6564253260974222
train_001925,6,0.0,0.3226810520836339
train_001925,7,0.028586536470779522,-0.1690015175063241
train_001925,8,0.137352639122391,-0.041148696802030676
train_001925,9,0.27619232750071626,0.5546437637951012
train_001925,10,0.4709886754361892,0.7791562619783095
train_001925,11,0.6601205405362461,0.22413463001703582
train_001925,12,0.7703392948540351,-0.7706573903262829
train_001925,13,0.7109889520125744,-0.9219259901436963
train_001925,14,0.7405034899783217,-0.8956539070756593
train_001925,15,0.6561593713001959,-0.48230721770414586
train_001925,16,0.46400319695660575,-0.1694545976335053
train_001925,17,0.24305210969134186,0.15631879759664763
train_001925,18,0.07792960774367803,-0.5873449870114934
train_001925,19,0.0,-0.4231229400973066
train_001925,20,0.0,-0.18458889432950218
train_001925,21,0.0,0.436658499994278
train_001925,22,0.0,-0.04075934601997384
train_001925,23,0.0,-0.19935122906684416
train_001925,24,0.0,-0.6918809047508514
train_001926,1,0.0,-0.39649400242849486
train_001926,2,0.0,-0.3971634800945896
train_001926,3,0.0,-0.02046200423153937
train_001926,4,0.0,0.40828407430761776
train_001926,5,0.0,0.7804411641762606
train_001926,6,0.0,0.7236148749564669
train_001926,7,0.043384095501706826,0.328982212574344
train_001926,8,0.17363059865787375,0.27668818173420484
train_001926,9,0.3510568107245993,-0.012458649630531045
train_001926,10,0.5968211136116712,0.39546970144669585
train_001926,11,0.7810540035362149,0.2110555470194037
train_001926,12,0.8605124496185871,0.23630372859689472
train_001926,13,0.9101450655210394,-0.7694863738407584
train_001926,14,0.8555901434771801,-0.6803679807994846
train_001926,15,0.7236153651286108,-0.36679658430894413
train_001926,16,0.5677949061020728,-0.49688756704038484
train_001926,17,0.32748762037737417,-0.6380599583704571
train_001926,18,0.11071699808089713,-0.69064978065008
train_001926,19,0.0,-0.5589535244533117
train_001926,20,0.0,-0.5166384269799973
train_001926,21,0.0,-0.5524969589989425
train_001926,22,0.0,-0.4060239655587316
train_001926,23,0.0,-0.3216461803500071
train_001926,24,0.0,0.5926216274366675
train_001927,1,0.0,0.016338839392401217
train_001927,2,0.0,-0.05893975802630355
train_001927,3,0.0,-0.3531526013051335
train_001927,4,0.0,-0.3078073313448689
train_001927,5,0.0,0.6437400012199423
train_001927,6,0.0,0.7409440899512638
train_001927,7,0.04127584663171124,0.8339385082450538
train_001927,8,0.16404101651031883,0.28903316190894834
train_001927,9,0.3483623791398726,0.6127148395582833
train_001927,10,0.5029533839231249,0.6683606149930184
train_001927,11,0.6708419751989926,0.2641445077265119
train_001927,12,0.7321340472255622,0.7182636708165555
train_001927,13,0.7569372125803301,0.2733536823199528
train_001927,14,0.8127018418193831,0.3786003484763752
train_001927,15,0.6296684462848382,0.3802538691737985
train_001927,16,0.4567444587970263,0.3787085555197028
train_001927,17,0.2781002624146599,0.18068366473082387
train_001927,18,0.08673138158954137,0.11186601018103674
train_001927,19,0.0,0.3971989664932514
train_001927,20,0.0,0.5567349850378429
train_001927,21,0.0,0.363774633535151
train_001927,22,0.0,0.5973490656812925
train_001927,23,0.0,0.5009259851469916
train_001927,24,0.0,0.7328447032820349
train_001928,1,0.0,0.8225336639319148
train_001928,2,0.0,0.8034493640893076
train_001928,3,0.0,0.6907125364609391
train_001928,4,0.0,0.4037133989612548
train_001928,5,0.0,-0.14864686863058915
train_001928,6,0.0,-0.06018992881931698
train_001928,7,0.0451292504045094,0.06878722864394472
train_001928,8,0.1776977057926291,-0.12964030766532314
train_001928,9,0.3553307461028856,-0.731041751534862
train_001928,10,0.565168528537605,-0.5250232790621634
train_001928,11,0.7344939741444568,-0.19117373352988362
train_001928,12,0.8437451242464801,-0.6618279590291282
train_001928,13,0.9265447418196877,-0.7437939300959142
train_001928,14,0.8768159450215682,-0.9323374527187156
train_001928,15,0.7414767164149128,-0.9300090198349013
train_001928,16,0.5489900093956798,-0.9060219878995195
train_001928,17,0.3143641898209076,-0.7269193143167976
train_001928,18,0.10585594764256406,-0.19501771776091792
train_001928,19,0.0,-0.49894056458247393
train_001928,20,0.0,0.33499837413616573
train_001928,21,0.0,0.32751338549380615
train_001928,22,0.0,0.38555137057844535
train_001928,23,0.0,0.33794412545863445
train_001928,24,0.0,0.14997172980587223
train_001929,1,0.0,-0.3150232668536109
train_001929,2,0.0,0.488998983199176
train_001929,3,0.0,0.3062610288267611
train_001929,4,0.0,0.348084558804053
train_001929,5,0.0,0.17509627205993242
train_001929,6,0.0,-0.2030797464618647
train_001929,7,0.04039721893590837,-0.4275588992144109
train_001929,8,0.15872837356780492,-0.32114332593359574
train_001929,9,0.3301871530465402,0.039873199106476374
train_001929,10,0.5262311220380976,0.08841086872352859
train_001929,11,0.670622760690689,0.8018446981075118
train_001929,12,0.7432951466800967,0.010657409049669601
train_001929,13,0.7593019647445749,-0.4492664154430222
train_001929,14,0.7224314729213017,0.8863352923013166
train_001929,15,0.6310684861436389,0.9035833870643456
train_001929,16,0.45955106161222764,0.48448699011698615
train_001929,17,0.27357927602469734,-0.14869455476642715
train_001929,18,0.09422031191760451,-0.1365970127219831
train_001929,19,0.0,-0.7414603026335488
train_001929,20,0.0,-0.21480272022948652
train_001929,21,0.0,0.3792741223383816
train_001929,22,0.0,-0.33674296538457527
train_001929,23,0.0,-0.7392084622945542
train_001929,24,0.0,-0.6540010796197524
train_001930,1,0.0,0.2300817050675218
train_001930,2,0.0,-0.20854749495892416
train_001930,3,0.0,0.02087566837657123
train_001930,4,0.0,0.45040979054078695
train_001930,5,0.0,0.4141494014738582
train_001930,6,0.0,-0.3204068388834208
train_001930,7,0.030794421646002865,-0.6682359461080705
train_001930,8,0.1119272698953327,-0.704722755531052
train_001930,9,0.22464785253971145,-0.43406725973228366
train_001930,10,0.36368146292082293,-0.09841334199803144
train_001930,11,0.5084427735990504,0.7479858292207819
train_001930,12,0.5122059367044683,0.7640109658678098
train_001930,13,0.5113832244378239,0.861078936113071
train_001930,14,0.4688375997978709,0.4371088152051004
train_001930,15,0.4601875750071447,0.3340305017657538
train_001930,16,0.3198334824636367,-0.5992430802052551
train_001930,17,0.19186524130460494,-0.7805021429381719
train_001930,18,0.070239837768695,0.1740800649384265
train_001930,19,0.0,0.2565036465418913
train_001930,20,0.0,0.6442191183297813
train_001930,21,0.0,0.9317583964719903
train_001930,22,0.0,0.20818087147001807
train_001930,23,0.0,0.523269111181943
train_001930,24,0.0,0.8782655676049187
train_001931,1,0.0,0.17887106626335822
train_001931,2,0.0,-0.5823520548554739
train_001931,3,0.0,-0.7162111458233618
train_001931,4,0.0,-0.5008591175679131
train_001931,5,0.0,-0.9229177146003359
train_001931,6,0.0,-0.9416137467899717
train_001931,7,0.046459083915359405,-0.9427759338721737
train_001931,8,0.18614954181389753,-0.879969853708526
train_001931,9,0.37414910786065403,-0.5728366497708046
train_001931,10,0.6191915864242017,-0.14788235828819643
train_001931,11,0.8215273206292822,-0.6243070843148328
train_001931,12,0.9246575101224961,-0.4663593465343865
train_001931,13,0.9607445237373092,-0.691496930157274
train_001931,14,0.8943870838901357,-0.4694246617513891
train_001931,15,0.7602107538202164,-0.6149005819347512
train_001931,16,0.5718858361579243,-0.33767664587638874
train_001931,17,0.33428129337414436,-0.4999935950087191
train_001931,18,0.11234859134062004,-0.2233995592071519
train_001931,19,0.0,-0.04485732443868353
train_001931,20,0.0,-0.23997606275476702
train_001931,21,0.0,0.4053166804483244
train_001931,22,0.0,-0.04313867100606114
train_001931,23,0.0,0.0015681391071288007
train_001931,24,0.0,0.39451334375054076
train_001932,1,0.0,-0.9296086970108582
train_001932,2,0.0,-0.8457814662150488
train_001932,3,0.0,0.34947349445608633
train_001932,4,0.0,-0.12032410894549164
train_001932,5,0.0,-0.19613403199878673
train_001932,6,0.0,0.8147906490894196
train_001932,7,0.04009018361033937,0.8450761440743311
train_001932,8,0.17382360878108633,0.9549715814945613
train_001932,9,0.3207531751954728,0.7586469640477589
train_001932,10,0.4690535420374338,0.4182528435891964
train_001932,11,0.5777241534133081,-0.020684611094989876
train_001932,12,0.6828384502300181,-0.3186146577859427
train_001932,13,0.7243704374484956,-0.2869506795858263
train_001932,14,0.7061069845461304,-0.4230859015794219
train_001932,15,0.5920492126909754,-0.4239459141823767
train_001932,16,0.44530178162963385,-0.2557614222020131
train_001932,17,0.25836719504972566,0.015546592861096581
train_001932,18,0.09658600725108703,0.0037418484240767528
train_001932,19,0.0,-0.4877541755773461
train_001932,20,0.0,0.5704561076268042
train_001932,21,0.0,-0.31346653611492636
train_001932,22,0.0,0.3607021883103418
train_001932,23,0.0,0.15901251875358968
train_001932,24,0.0,0.5359678482242463
train_001933,1,0.0,-0.7578583190539361
train_001933,2,0.0,-0.9056284548344471
train_001933,3,0.0,-0.5822752377737488
train_001933,4,0.0,-0.9128185550997631
train_001933,5,0.0,-0.9495003582838001
train_001933,6,0.0,-0.9556639557913358
train_001933,7,0.04662268012947259,-0.5671880991680968
train_001933,8,0.18724247158416618,-0.25059968141374905
train_001933,9,0.37724902545381694,0.14753126374451855
train_001933,10,0.616459340172715,0.23544869754149747
train_001933,11,0.8043836718697944,-0.20502112801677982
train_001933,12,0.9075709205541806,-0.6407145926896166
train_001933,13,0.9591237096295427,0.25355823323828336
train_001933,14,0.9110383280063117,0.42334175244552996
train_001933,15,0.7647291141700715,0.6957723603439937
train_001933,16,0.5679869261417931,0.2698400047720092
train_001933,17,0.3326242133103784,-0.08350856702196409
train_001933,18,0.11514358954779391,-0.46342674462537303
train_001933,19,0.0,-0.25951070111069313
train_001933,20,0.0,0.010717582685120124
train_001933,21,0.0,-0.5449035431091934
train_001933,22,0.0,0.12869402055760948
train_001933,23,0.0,0.370567273654747
train_001933,24,0.0,0.8913664622795022
train_001934,1,0.0,-0.22910232314164108
train_001934,2,0.0,-0.055281459858755974
train_001934,3,0.0,0.5748961578888114
train_001934,4,0.0,0.3312593298193872
train_001934,5,0.0,0.3662437215526642
train_001934,6,0.0,0.5132200415056092
train_001934,7,0.0276078155551661,0.7715066295215687
train_001934,8,0.1033517062632271,0.9196184190694366
train_001934,9,0.2422901261488951,0.4041168023375165
train_001934,10,0.4556634600741601,0.8073055315610138
train_001934,11,0.5787096651123425,0.904236831056501
train_001934,12,0.6368453446402763,0.9177557986004214
train_001934,13,0.7202490320054866,0.06462599262663869
train_001934,14,0.6655797592472272,-0.49496582653461585
train_001934,15,0.5094845168967621,-0.655235509015824
train_001934,16,0.3479610024048175,-0.6969159516851999
train_001934,17,0.21929033118807253,-0.8678044026627927
train_001934,18,0.07776915349096855,-0.8455587917914867
train_001934,19,0.0,-0.7503834138411791
train_001934,20,0.0,-0.7409370645377411
train_001934,21,0.0,-0.22532384173220238
train_001934,22,0.0,-0.0654961868615995
train_001934,23,0.0,-0.5197448270835541
train_001934,24,0.0,-0.04543870643300471
train_001935,1,0.0,-0.494539146921093
train_001935,2,0.0,-0.09948474504435634
train_001935,3,0.0,0.12468190427394782
train_001935,4,0.0,-0.843657246852098
train_001935,5,0.0,-0.3649679522668751
train_001935,6,0.0,-0.35864395135987936
train_001935,7,0.031025250302954152,0.4742804588343753
train_001935,8,0.10828859229614218,0.6680068246066808
train_001935,9,0.2383572469545533,0.7799960998637328
train_001935,10,0.4682328339642494,0.7031592235503081
train_001935,11,0.6743691199493114,-0.7292868501163441
train_001935,12,0.7514029243961409,0.1742839710057351
train_001935,13,0.8390117557651248,-0.42383705086680934
train_001935,14,0.7707178275351282,-0.6145281597751142
train_001935,15,0.5958623542751929,-0.6176888414358815
train_001935,16,0.42725103409799153,-0.7371272731741565
train_001935,17,0.26833302427446687,-0.8415823139184799
train_001935,18,0.09375830788376392,-0.8716050521787942
train_001935,19,0.0,-0.9173234423058213
train_001935,20,0.0,-0.8578235009794426
train_001935,21,0.0,-0.9375828678085941
train_001935,22,0.0,-0.5298020387945184
train_001935,23,0.0,-0.11657909397904286
train_001935,24,0.0,0.08637569238470498
train_001936,1,0.0,0.7856809922379213
train_001936,2,0.0,0.05080562080498871
train_001936,3,0.0,0.5536881119170527
train_001936,4,0.0,0.7073459397845405
train_001936,5,0.0,0.7535715655818566
train_001936,6,0.0,0.12422594619672832
train_001936,7,0.0374412294852818,-0.05475006672275541
train_001936,8,0.14076572476695048,0.03337718320003512
train_001936,9,0.2637263673641888,0.06403628103639764
train_001936,10,0.43890347942372143,-0.4759783491212727
train_001936,11,0.591058785354782,-0.7926197546632849
train_001936,12,0.6246739324312657,-0.10917974631024599
train_001936,13,0.6777013930482493,0.28698904844977097
train_001936,14,0.6778540242699844,0.30087733656120347
train_001936,15,0.5323798907702272,0.14265905608764454
train_001936,16,0.3784620649888917,-0.27053020666558714
train_001936,17,0.263085578388493,-0.4890020010029358
train_001936,18,0.09094600853840877,0.8853743030033954
train_001936,19,0.0,0.2495027842394531
train_001936,20,0.0,0.24806843908615378
train_001936,21,0.0,-0.09585685854185863
train_001936,22,0.0,-0.6412645446302014
train_001936,23,0.0,-0.6476239716026644
train_001936,24,0.0,0.725676381398994
train_001937,1,0.0,-0.923264859894618
train_001937,2,0.0,-0.9126529363863407
train_001937,3,0.0,-0.4902980325539449
train_001937,4,0.0,-0.40047151394187175
train_001937,5,0.0,-0.581995169875225
train_001937,6,0.0,0.10094926539142411
train_001937,7,0.033851201488466216,0.021717268754709595
train_001937,8,0.14247142868277313,0.4727549891777978
train_001937,9,0.27036522701673804,-0.42832735380925774
train_001937,10,0.42197322878574756,0.5691560407579029
train_001937,11,0.5618315002973149,-0.1822263476278506
train_001937,12,0.6550876564820257,-0.5122585524648555
train_001937,13,0.6898976109000299,0.3981811814926344
train_001937,14,0.6566262908942486,-0.39363648833506754
train_001937,15,0.581635844110667,-0.9358285329644909
train_001937,16,0.37862963278593076,-0.9740371585660762
train_001937,17,0.2177879202400763,-0.8383901435694572
train_001937,18,0.07751841372360682,-0.7225238712512239
train_001937,19,0.0,0.6935799036278538
train_001937,20,0.0,-0.12464873313582286
train_001937,21,0.0,0.546950140355023
train_001937,22,0.0,0.8300348638387338
train_001937,23,0.0,-0.1624188244807456
train_001937,24,0.0,0.08967254383845404
train_001938,1,0.0,0.9227818357146719
train_001938,2,0.0,0.8469868711848936
train_001938,3,0.0,-0.1780701054509417
train_001938,4,0.0,0.1701789144660834
train_001938,5,0.0,0.5680622731341761
train_001938,6,0.0,0.7887913443263188
train_001938,7,0.043805170010217304,0.04623881679790501
train_001938,8,0.17091174873896753,0.13577848366071169
train_001938,9,0.3229026569386869,0.4519107459928842
train_001938,10,0.5487330511043959,0.3379744983147058
train_001938,11,0.706889189530965,-0.19703470635116505
train_001938,12,0.8281038295444022,-0.709186602727461
train_001938,13,0.827358695288014,-0.4603872290079148
train_001938,14,0.7582047281297144,-0.5369551160774347
train_001938,15,0.6464854197741707,-0.04283395161914438
train_001938,16,0.5114109918863564,0.8597790659209896
train_001938,17,0.2886660370696081,0.8205372008877034
train_001938,18,0.10060492834431185,0.8347950458575873
train_001938,19,0.0,0.7677386355992938
train_001938,20,0.0,0.598753018502488
train_001938,21,0.0,-0.3555882017058748
train_001938,22,0.0,-0.5569158438499178
train_001938,23,0.0,-0.6478242978102837
train_001938,24,0.0,-0.1490536411411323
train_001939,1,0.0,0.6216651592143014
train_001939,2,0.0,0.5071638000029589
train_001939,3,0.0,0.09309540810298608
train_001939,4,0.0,0.27535607494434033
train_001939,5,0.0,-0.46434304419436934
train_001939,6,0.0,0.28591612573110986
train_001939,7,0.04538240515224934,0.7640468846278226
train_001939,8,0.18493083793048132,0.5061328052456692
train_001939,9,0.368901898002358,0.09791661743629347
train_001939,10,0.5988651165880291,0.28509734755709026
train_001939,11,0.783724956316825,-0.43355695122673793
train_001939,12,0.8658854743067995,-0.8614030485169605
train_001939,13,0.9161684286712654,-0.057457213956603116
train_001939,14,0.8548546588281217,-0.005765447876690698
train_001939,15,0.7082671512926827,-0.031609575527348964
train_001939,16,0.538411100636874,-0.2428374017043416
train_001939,17,0.3154138995203421,0.7686447707553951
train_001939,18,0.10733808874592583,0.7193455646101528
train_001939,19,0.0,0.07503169356423033
train_001939,20,0.0,0.05288627937800283
train_001939,21,0.0,0.044354916187762966
train_001939,22,0.0,-0.7242786600953494
train_001939,23,0.0,-0.6221441231119145
train_001939,24,0.0,-0.6937733596563564
train_001940,1,0.0,0.5604401153491035
train_001940,2,0.0,0.30837124022219026
train_001940,3,0.0,-0.05594432482596692
train_001940,4,0.0,-0.10584651733994707
train_001940,5,0.0,0.7893040081305924
train_001940,6,0.0,0.08483016176784414
train_001940,7,0.04235271936297503,-0.8122681397854198
train_001940,8,0.18255153851413974,-0.571024251788498
train_001940,9,0.3646798548807142,-0.49779988285860144
train_001940,10,0.5246532763058073,-0.39842389880845164
train_001940,11,0.6545714118801049,-0.7757822154848167
train_001940,12,0.7448532653457632,-0.5317471815704282
train_001940,13,0.7279248796484252,-0.9409454715675549
train_001940,14,0.7224198772936904,-0.6547714101308877
train_001940,15,0.6543436370918074,-0.649297916812323
train_001940,16,0.46822270574407665,-0.33839778363142253
train_001940,17,0.28707260431858744,-0.10933015105916134
train_001940,18,0.09612964935751003,-0.28033513291421297
train_001940,19,0.0,-0.7472274574719655
train_001940,20,0.0,-0.8718148797570393
train_001940,21,0.0,-0.7730106476566182
train_001940,22,0.0,-0.1831807462481019
train_001940,23,0.0,-0.5621409068680856
train_001940,24,0.0,-0.5859190234681343
train_001941,1,0.0,0.5824896571478511
train_001941,2,0.0,0.8936625532418713
train_001941,3,0.0,-0.003458804188167173
train_001941,4,0.0,0.11838582134910125
train_001941,5,0.0,0.15091384225921986
train_001941,6,0.0,-0.1198783783260819
train_001941,7,0.04186956573670485,0.823784155629231
train_001941,8,0.16616235691506642,0.8262667340897939
train_001941,9,0.3215409227851775,0.6797941129960914
train_001941,10,0.5238136890916093,0.6493990994648098
train_001941,11,0.7262086357995665,0.5701754478024628
train_001941,12,0.8219397376363413,0.5596917055289203
train_001941,13,0.8964840682127005,-0.11880418523050319
train_001941,14,0.8903423488737817,-0.019869318272929877
train_001941,15,0.7001359712285669,0.3735039382198762
train_001941,16,0.5306426069374103,-0.17373351089331407
train_001941,17,0.3042141743336864,0.1701678771069689
train_001941,18,0.10470265674621727,0.6851861836524403
train_001941,19,0.0,0.04315151520246059
train_001941,20,0.0,-0.2979294496964335
train_001941,21,0.0,-0.3273340644875136
train_001941,22,0.0,-0.8552967984787432
train_001941,23,0.0,-0.8668339403889112
train_001941,24,0.0,-0.7405093883288263
train_001942,1,0.0,-0.257473136799444
train_001942,2,0.0,-0.46892767062467877
train_001942,3,0.0,-0.14479297597089638
train_001942,4,0.0,0.5180150567643265
train_001942,5,0.0,0.585183485285085
train_001942,6,0.0,0.8716735867848562
train_001942,7,0.03343260643932657,0.6343613294420907
train_001942,8,0.14178599876693107,-0.2332610829693813
train_001942,9,0.29985029192275053,0.3731248374856602
train_001942,10,0.46642461230186094,0.5715303064534858
train_001942,11,0.6414618849156574,-0.0691759169610875
train_001942,12,0.6715179429653143,0.015273269471248723
train_001942,13,0.653110424169179,-0.372928521163897
train_001942,14,0.6480212835489739,-0.3892419563978222
train_001942,15,0.5279759265392191,-0.3892554786327867
train_001942,16,0.3973345871481983,0.22491464696498942
train_001942,17,0.23606212194878215,0.5748286423543787
train_001942,18,0.07645776416666063,0.883919022733869
train_001942,19,0.0,-0.44401783180405335
train_001942,20,0.0,0.5395020254733571
train_001942,21,0.0,0.5325891173832118
train_001942,22,0.0,0.4692765350327902
train_001942,23,0.0,0.6689614190673201
train_001942,24,0.0,0.5841038663414877
train_001943,1,0.0,0.7856229949970842
train_001943,2,0.0,0.2382528022974835
train_001943,3,0.0,-0.412974833861359
train_001943,4,0.0,0.38338056367931783
train_001943,5,0.0,0.7663273504019473
train_001943,6,0.0,0.8961795459563475
train_001943,7,0.03867242202675821,0.7853206373827628
train_001943,8,0.158148148610334,0.33751226702772225
train_001943,9,0.3449603205912485,0.6585319063114707
train_001943,10,0.5652107565243742,0.7380263233097961
train_001943,11,0.7831312128023642,0.5480731796267081
train_001943,12,0.8456090638344974,-0.17207383369650828
train_001943,13,0.9159594250934158,0.0009252305759951793
train_001943,14,0.7895509843768896,0.01372701596534071
train_001943,15,0.6895388835488765,-0.04138281820475645
train_001943,16,0.4922733600489993,-0.3900729241560833
train_001943,17,0.2664824432248844,0.3913307662118963
train_001943,18,0.08426366898441687,0.47484968110683656
train_001943,19,0.0,0.6371602217364651
train_001943,20,0.0,0.8666093760856796
train_001943,21,0.0,0.690454915583977
train_001943,22,0.0,-0.16944745216477738
train_001943,23,0.0,-0.46799749931290513
train_001943,24,0.0,-0.552599745232506
train_001944,1,0.0,0.6147567500665163
train_001944,2,0.0,0.3305360597168376
train_001944,3,0.0,0.662133664274171
train_001944,4,0.0,0.32464396954813923
train_001944,5,0.0,0.7578938202306157
train_001944,6,0.0,0.2430600432630265
train_001944,7,0.03891501634265322,-0.7055954605935841
train_001944,8,0.15749112905380927,-0.8751410019253276
train_001944,9,0.31180143644522745,-0.8877484961925585
train_001944,10,0.4823557148910469,-0.8290168646147762
train_001944,11,0.6389253798685185,-0.310035656673135
train_001944,12,0.7194018867962614,-0.5663631699880483
train_001944,13,0.7445905373646838,-0.7144068280456588
train_001944,14,0.7065767217697887,-0.45787897134037825
train_001944,15,0.6303015698099129,0.34931030710355343
train_001944,16,0.48829186917724426,0.0937073284255486
train_001944,17,0.28466297674055463,0.4109108030041809
train_001944,18,0.0929629510718871,0.06862308616584292
train_001944,19,0.0,0.6358834958338968
train_001944,20,0.0,0.45214385580902305
train_001944,21,0.0,0.6988688057448218
train_001944,22,0.0,-0.22882948291620728
train_001944,23,0.0,-0.09964232330293758
train_001944,24,0.0,-0.01027367066792728
train_001945,1,0.0,-0.9144709817701002
train_001945,2,0.0,-0.35914874557584275
train_001945,3,0.0,-0.6654275379333925
train_001945,4,0.0,-0.7839047648178568
train_001945,5,0.0,-0.46363361827658334
train_001945,6,0.0,-0.30205774476610003
train_001945,7,0.04494853628867215,0.3552766777380768
train_001945,8,0.1775651252215227,0.35910218377358266
train_001945,9,0.3325249325261385,0.3240401923848151
train_001945,10,0.5418208494257688,0.2176362223411945
train_001945,11,0.7116045457629065,0.4262969957285569
train_001945,12,0.8095654627973082,-0.05983691273775232
train_001945,13,0.8824874090480608,-0.8221170780610259
train_001945,14,0.8613279356985738,-0.5624080505964342
train_001945,15,0.7423741474834751,-0.7249315446275874
train_001945,16,0.5514315917979784,-0.6165295352407498
train_001945,17,0.32050542219904227,-0.5621085113265119
train_001945,18,0.112438552303004,-0.5303693629689384
train_001945,19,0.0,0.0070990845958226224
train_001945,20,0.0,0.3508724580278658
train_001945,21,0.0,0.02366877410411891
train_001945,22,0.0,0.3283198125227068
train_001945,23,0.0,0.462085968955402
train_001945,24,0.0,-0.026963602412585323
train_001946,1,0.0,-0.32240511863991184
train_001946,2,0.0,-0.36679656358781015
train_001946,3,0.0,0.005021433939562063
train_001946,4,0.0,-0.3119747310507131
train_001946,5,0.0,-0.5639158337254684
train_001946,6,0.0,-0.5406614295397256
train_001946,7,0.0257775355024235,-0.7344947750878167
train_001946,8,0.09768092835465453,-0.25980537084716465
train_001946,9,0.20055218277345166,-0.25989889324829496
train_001946,10,0.29395088251017626,-0.23955630391007052
train_001946,11,0.3505952854768101,0.5903693041821011
train_001946,12,0.3020189205851821,0.1835662304729498
train_001946,13,0.25312010210373187,0.3564421286401097
train_001946,14,0.30915079972082093,-0.2352574636036906
train_001946,15,0.3334948810726124,-0.8304226744363601
train_001946,16,0.3572148017784417,-0.7733846400264941
train_001946,17,0.21661978842459154,-0.7720656121036976
train_001946,18,0.06176088769116872,-0.5284798551974812
train_001946,19,0.0,-0.6148018809249534
train_001946,20,0.0,-0.0563007608002624
train_001946,21,0.0,0.0168980250306604
train_001946,22,0.0,0.11335260752039726
train_001946,23,0.0,-0.32829261738552123
train_001946,24,0.0,0.47940157557543006
train_001947,1,0.0,0.17280887605388504
train_001947,2,0.0,0.4628464276366493
train_001947,3,0.0,0.07198150403936548
train_001947,4,0.0,0.5783619007310139
train_001947,5,0.0,0.40153185372669714
train_001947,6,0.0,0.12075123252363186
train_001947,7,0.03481434686448369,0.5658998937810042
train_001947,8,0.14834185815635445,0.7368476022015287
train_001947,9,0.300141516102424,0.7725908196551212
train_001947,10,0.4713796924887967,0.557636049045904
train_001947,11,0.6203121536016658,-0.034103747642463454
train_001947,12,0.7321763600487289,-0.8432415083487328
train_001947,13,0.7304004078573536,-0.7783974184679556
train_001947,14,0.6845635522827204,-0.5117213448049507
train_001947,15,0.6024088782683199,-0.14219354382577853
train_001947,16,0.44049009530833727,-0.42022609554607104
train_001947,17,0.2575187305942709,-0.8092030205374674
train_001947,18,0.08494099570533177,-0.2795406504409459
train_001947,19,0.0,-0.15979206150663985
train_001947,20,0.0,-0.49118721952362976
train_001947,21,0.0,-0.7420104035775437
train_001947,22,0.0,-0.1378770071437804
train_001947,23,0.0,0.6719455757468202
train_001947,24,0.0,0.7289455231422486
train_001948,1,0.0,0.281941159896068
train_001948,2,0.0,0.2821492482360301
train_001948,3,0.0,0.5571113343384932
train_001948,4,0.0,-0.12880545609263028
train_001948,5,0.0,0.17865554861383057
train_001948,6,0.0,-0.5916912893081134
train_001948,7,0.04833405348238131,0.4590306564743668
train_001948,8,0.19253723034244202,-0.24408632603996955
train_001948,9,0.38240946251294305,-0.5554646107321582
train_001948,10,0.6057429665158742,-0.8737118232182169
train_001948,11,0.8107989694170211,-0.8462144197403683
train_001948,12,0.918054642117913,-0.877425478044079
train_001948,13,0.9575536117791037,-0.7807822380939041
train_001948,14,0.911546226038538,-0.9275931097148081
train_001948,15,0.7772551156820765,-0.7707537306010681
train_001948,16,0.5826033678628574,-0.19550929387729496
train_001948,17,0.33998147604536555,0.36352822346488434
train_001948,18,0.1155406105274771,0.3182672638714539
train_001948,19,0.0,0.7155254575113725
train_001948,20,0.0,0.34993192260008305
train_001948,21,0.0,0.5236964150021592
train_001948,22,0.0,0.9011440015713338
train_001948,23,0.0,0.9403420386478916
train_001948,24,0.0,0.561206781375416
train_001949,1,0.0,-0.3922043393458602
train_001949,2,0.0,0.3843572798424111
train_001949,3,0.0,-0.20006743444834826
train_001949,4,0.0,0.796978818835008
train_001949,5,0.0,-0.492585119673022
train_001949,6,0.0,-0.6053873612291374
train_001949,7,0.042037611670191904,-0.8281427772585532
train_001949,8,0.17367150350209903,-0.6734723101020029
train_001949,9,0.32548828906115285,0.14271879048048483
train_001949,10,0.5314932304143989,-0.4317149049396431
train_001949,11,0.709997171787285,-0.17559000196166763
train_001949,12,0.7596105939765153,0.5501141570735023
train_001949,13,0.7516516565588596,-0.7482755929183249
train_001949,14,0.7312104746707897,-0.03785484449014316
train_001949,15,0.6150378454937182,-0.3363286579993094
train_001949,16,0.4514629669093549,0.09375039980005763
train_001949,17,0.23961869630863025,0.5575276963930003
train_001949,18,0.08328057406326234,-0.24996529104213142
train_001949,19,0.0,-0.22256511212416488
train_001949,20,0.0,-0.5307335178772841
train_001949,21,0.0,-0.7615893829248978
train_001949,22,0.0,-0.8072219764639468
train_001949,23,0.0,-0.5602202600969548
train_001949,24,0.0,-0.45109565069429963
train_001950,1,0.0,0.25948109031935696
train_001950,2,0.0,0.7540873375259306
train_001950,3,0.0,0.5531445828959967
train_001950,4,0.0,0.7062720179107604
train_001950,5,0.0,-0.24205834328308662
train_001950,6,0.0,-0.4176203500706997
train_001950,7,0.038580685238750995,-0.230510710926991
train_001950,8,0.17066422690580962,-0.3300866849406137
train_001950,9,0.32781958964894015,0.1361341510689042
train_001950,10,0.562850976270921,-0.6088309760983135
train_001950,11,0.7223770629492917,0.10069974441756989
train_001950,12,0.8061166511139285,0.226747270612737
train_001950,13,0.7295364569259956,0.29362251351272906
train_001950,14,0.6375927959781137,0.46554020252050765
train_001950,15,0.5606291587977498,-0.3432079362383237
train_001950,16,0.4576263531293695,0.27430148385052816
train_001950,17,0.22503343490550543,-0.5539598871226583
train_001950,18,0.07518631649265325,-0.79901060153929
train_001950,19,0.0,-0.682815937466867
train_001950,20,0.0,-0.41192504147681197
train_001950,21,0.0,-0.8102281981306731
train_001950,22,0.0,-0.602535417627445
train_001950,23,0.0,-0.7038865911930483
train_001950,24,0.0,-0.7468012907027632
train_001951,1,0.0,0.8873178632101318
train_001951,2,0.0,0.7340354223796801
train_001951,3,0.0,0.3272515060413647
train_001951,4,0.0,0.86792770405631
train_001951,5,0.0,0.7625910800088374
train_001951,6,0.0,0.10570026642974004
train_001951,7,0.03780795593301759,-0.7501127424863514
train_001951,8,0.14696595823065772,0.05129514487834731
train_001951,9,0.2951251421479792,0.40512029542030714
train_001951,10,0.44453929810700127,0.0578032041600945
train_001951,11,0.5388992323759806,0.6237678725243848
train_001951,12,0.6561149398395574,0.7599950634351483
train_001951,13,0.6830745969943245,-0.619140720232043
train_001951,14,0.6773163379794525,-0.21874006665465331
train_001951,15,0.6028694625453825,-0.9011306850337197
train_001951,16,0.44359130703773514,-0.6908232037013651
train_001951,17,0.24773823505661344,-0.8784349143715076
train_001951,18,0.08180577734679549,-0.6136444804963105
train_001951,19,0.0,-0.8848234325558482
train_001951,20,0.0,-0.8263397829441947
train_001951,21,0.0,-0.173805255375321
train_001951,22,0.0,-0.7166876021497812
train_001951,23,0.0,-0.5664313885481524
train_001951,24,0.0,-0.6430853727770833
train_001952,1,0.0,0.16773108858087132
train_001952,2,0.0,0.005738487874513772
train_001952,3,0.0,-0.6644282176856968
train_001952,4,0.0,-0.31345395510031515
train_001952,5,0.0,0.5473927264793379
train_001952,6,0.0,0.7571604428880758
train_001952,7,0.02418750781445067,0.7758790302575733
train_001952,8,0.1142864620371038,0.916297441433039
train_001952,9,0.16891332238834178,0.48069287088058477
train_001952,10,0.3085591073459679,0.8651196039244736
train_001952,11,0.5392496874142547,0.7907577580358298
train_001952,12,0.6367782388746963,0.6990175138634771
train_001952,13,0.7284989793060693,0.6532630062780121
train_001952,14,0.5864626735110237,0.8719993624786588
train_001952,15,0.49587936870297933,0.9032587640537546
train_001952,16,0.37476380427138434,0.6760020539340859
train_001952,17,0.18093404667535468,0.6955313655611841
train_001952,18,0.06936476909826352,0.5023364235201149
train_001952,19,0.0,-0.055511762434728794
train_001952,20,0.0,-0.3928356640149093
train_001952,21,0.0,0.5222914748931573
train_001952,22,0.0,0.6441609843623344
train_001952,23,0.0,0.545623559157216
train_001952,24,0.0,0.018784568746938773
train_001953,1,0.0,-0.43534840695026106
train_001953,2,0.0,-0.4471259927764774
train_001953,3,0.0,-0.6023359833963006
train_001953,4,0.0,-0.09494956214200058
train_001953,5,0.0,-0.7883024537710345
train_001953,6,0.0,-0.5969143304581911
train_001953,7,0.034710345367154054,0.7039973728994826
train_001953,8,0.12357716408285545,0.4669986957622704
train_001953,9,0.21086533225420864,0.14241243881529697
train_001953,10,0.3376186130266298,-0.48736056050732024
train_001953,11,0.4911702870770022,-0.38728907575002064
train_001953,12,0.6290316143756948,-0.747947159396222
train_001953,13,0.5055362075353821,-0.5177416612595469
train_001953,14,0.5305519815279305,0.3029388719326817
train_001953,15,0.4713809784482244,0.6297570856010872
train_001953,16,0.3055575620736923,0.05361785011989019
train_001953,17,0.1860329059246329,0.697766554890128
train_001953,18,0.07684994319500786,0.656857485214097
train_001953,19,0.0,0.33785618217871316
train_001953,20,0.0,-0.24162452056285616
train_001953,21,0.0,0.3760344482564007
train_001953,22,0.0,-0.28165009382054634
train_001953,23,0.0,0.11892261143212943
train_001953,24,0.0,0.21618024725876647
train_001954,1,0.0,-0.11295838165544576
train_001954,2,0.0,-0.1561651601191397
train_001954,3,0.0,-0.2242149407254757
train_001954,4,0.0,0.6983421516847326
train_001954,5,0.0,0.24468104576949462
train_001954,6,0.0,0.037761498402699274
train_001954,7,0.03663649740843821,-0.2270909134578678
train_001954,8,0.16000782762818205,-0.004347335968960028
train_001954,9,0.31790996012791845,0.34128216392820176
train_001954,10,0.5377991961258005,0.33659596099188893
train_001954,11,0.6992634017889257,0.14324595816290067
train_001954,12,0.8321712993387121,0.5362891717287952
train_001954,13,0.8836257520578801,-0.13322816116346653
train_001954,14,0.8072743430777962,0.17903997853382106
train_001954,15,0.6825792952921453,-0.23083287022779173
train_001954,16,0.4923388434984916,0.7554864169952629
train_001954,17,0.2868011617721194,0.3111315604218079
train_001954,18,0.10077167719107691,0.21782217534061918
train_001954,19,0.0,0.2167848640786068
train_001954,20,0.0,0.7160313033927358
train_001954,21,0.0,0.37076267599106383
train_001954,22,0.0,0.4624521069638574
train_001954,23,0.0,0.05676708764669283
train_001954,24,0.0,-0.5219122010684574
train_001955,1,0.0,0.781409251322541
train_001955,2,0.0,0.7868373691059334
train_001955,3,0.0,0.4655839284401797
train_001955,4,0.0,0.6156382413308352
train_001955,5,0.0,0.5515108567224765
train_001955,6,0.0,0.3293304227781206
train_001955,7,0.043736461076162456,-0.7432498336994333
train_001955,8,0.16930865354064156,-0.5061213300106475
train_001955,9,0.35226328004387514,0.10222682482406778
train_001955,10,0.5820446395821288,-0.1955182272575772
train_001955,11,0.7718434886212779,-0.07731382436057878
train_001955,12,0.8628555535268877,0.23499979921835668
train_001955,13,0.8747602682003478,0.2519611653830811
train_001955,14,0.8484184097424124,0.05704817241957817
train_001955,15,0.6997184570231586,0.15069282220559635
train_001955,16,0.5289478888240553,-0.40794930285609987
train_001955,17,0.32428591117469463,-0.3778525529333199
train_001955,18,0.10957721940067736,-0.29645876550108646
train_001955,19,0.0,0.6970722981283918
train_001955,20,0.0,0.39362117804593766
train_001955,21,0.0,-0.20001189653113713
train_001955,22,0.0,0.05907172335070714
train_001955,23,0.0,0.6852285081871328
train_001955,24,0.0,0.778272162489358
train_001956,1,0.0,0.5325070231947016
train_001956,2,0.0,0.7843978417806965
train_001956,3,0.0,0.9535782826488927
train_001956,4,0.0,0.9193774211265603
train_001956,5,0.0,0.8988647588851594
train_001956,6,0.0,0.8822971744726702
train_001956,7,0.04405983105153403,0.9065318768924091
train_001956,8,0.17510704302875543,0.8488055658448426
train_001956,9,0.3607107188678919,0.5160649681890515
train_001956,10,0.5891045714888866,-0.03518503564150431
train_001956,11,0.757427779443964,-0.6682770464114016
train_001956,12,0.848794357577011,-0.5238894479099763
train_001956,13,0.9073710064263174,-0.23255546730112767
train_001956,14,0.8720033910007455,-0.37798928757453676
train_001956,15,0.7325604156722514,0.13158851477006245
train_001956,16,0.5485561736308878,-0.6916726249412214
train_001956,17,0.3110077750842522,0.41710128792199247
train_001956,18,0.10820777168756064,0.11834082171065113
train_001956,19,0.0,0.20250144411138446
train_001956,20,0.0,-0.23657414710379054
train_001956,21,0.0,-0.5248505354529559
train_001956,22,0.0,-0.13345566152474012
train_001956,23,0.0,0.899775593309743
train_001956,24,0.0,0.5238023708650055
train_001957,1,0.0,0.8408370565851971
train_001957,2,0.0,0.7799393712737903
train_001957,3,0.0,0.5089471352439643
train_001957,4,0.0,0.2922584660523646
train_001957,5,0.0,-0.26165939905638125
train_001957,6,0.0,0.10767158619173813
train_001957,7,0.04642130104720763,0.7464718232424437
train_001957,8,0.18121991478340418,0.6769686298159481
train_001957,9,0.35669772171845826,0.28930029959395853
train_001957,10,0.5890689392198087,0.20086193178800799
train_001957,11,0.7507197595289766,-0.07297785664029928
train_001957,12,0.8707623916901707,-0.12529666509204673
train_001957,13,0.8442573322396607,0.34253940939949745
train_001957,14,0.7890904705603364,0.35047525060549234
train_001957,15,0.6443315977794993,0.31866426795727626
train_001957,16,0.5306690622118914,0.3954800097350671
train_001957,17,0.31362241367886506,-0.1988851181934967
train_001957,18,0.10352362790975266,-0.5273067972064522
train_001957,19,0.0,-0.9299604453466694
train_001957,20,0.0,-0.8897527295432808
train_001957,21,0.0,-0.42663546108912187
train_001957,22,0.0,-0.2372791588532071
train_001957,23,0.0,0.5420011844014894
train_001957,24,0.0,0.6709373613449512
train_001958,1,0.0,-0.9399822288124909
train_001958,2,0.0,-0.9474189065360152
train_001958,3,0.0,-0.661918663980099
train_001958,4,0.0,-0.5046257274776866
train_001958,5,0.0,-0.0924934526489129
train_001958,6,0.0,-0.06389610803423326
train_001958,7,0.04596764032159397,0.050686276463761226
train_001958,8,0.1859260110946298,0.4845850584898951
train_001958,9,0.37400666171707075,0.01809849925856607
train_001958,10,0.6029618149301744,-0.2690899994538546
train_001958,11,0.7949327737620999,-0.1648400985175418
train_001958,12,0.8954399730502574,-0.8045625839084314
train_001958,13,0.8969355546498741,-0.534540239381765
train_001958,14,0.8434933833705316,-0.38989351000670586
train_001958,15,0.701662795533653,0.7064211952583647
train_001958,16,0.5312817362552431,0.7442942131620083
train_001958,17,0.31054201524366787,-0.30214353898186497
train_001958,18,0.10852408677656619,0.16967974822878862
train_001958,19,0.0,0.6543465718697927
train_001958,20,0.0,0.9352882476716925
train_001958,21,0.0,0.8210752035044289
train_001958,22,0.0,0.3972978238680822
train_001958,23,0.0,0.0878244978374575
train_001958,24,0.0,-0.0013382855774497543
train_001959,1,0.0,0.11371779602024189
train_001959,2,0.0,0.27621213724249327
train_001959,3,0.0,0.25507253473291475
train_001959,4,0.0,-0.03421396744480971
train_001959,5,0.0,-0.1436377473890733
train_001959,6,0.0,0.10068053014800663
train_001959,7,0.03314356505102581,-0.6879779050086843
train_001959,8,0.1240447432502727,-0.6711943821040858
train_001959,9,0.2526042907114216,-0.04969909132457694
train_001959,10,0.38981892230287646,0.052654444495213726
train_001959,11,0.4631426769119274,-0.28531354068858167
train_001959,12,0.5623629419689146,-0.11704891057055543
train_001959,13,0.6111680530218245,0.5416046559949924
train_001959,14,0.6359201985497406,0.747329212584988
train_001959,15,0.5985054913215738,-0.26879009619267064
train_001959,16,0.3873317568078653,-0.08556711499356573
train_001959,17,0.2314175325735382,-0.47699065152652353
train_001959,18,0.07784797587702477,-0.4634035676121131
train_001959,19,0.0,0.09291190344164832
train_001959,20,0.0,-0.1072264942761074
train_001959,21,0.0,0.4013581053213849
train_001959,22,0.0,-0.36431272126509145
train_001959,23,0.0,-0.22844492692556778
train_001959,24,0.0,0.6619404265491371
train_001960,1,0.0,-0.6031713972318705
train_001960,2,0.0,-0.6212018358783193
train_001960,3,0.0,-0.2374949614199638
train_001960,4,0.0,-0.8407768729030315
train_001960,5,0.0,-0.9571087162235647
train_001960,6,0.0,-0.9132846843999121
train_001960,7,0.03958677360770682,-0.6366230684173894
train_001960,8,0.15196323755724334,-0.781101797887081
train_001960,9,0.30185110251873276,-0.1530410902631037
train_001960,10,0.5064469768050038,0.7923163446176047
train_001960,11,0.7229582407496604,0.8023284607599679
train_001960,12,0.8384587593440261,0.4643445476724821
train_001960,13,0.9067441767141686,0.3513770247442922
train_001960,14,0.886458128114844,-0.08266532918856286
train_001960,15,0.7145262032936631,-0.7083014555294839
train_001960,16,0.5206152051143081,-0.8036393902479679
train_001960,17,0.28048346845456446,-0.24314241718550433
train_001960,18,0.09504663795982657,-0.43346061798463964
train_001960,19,0.0,-0.16186105923656272
train_001960,20,0.0,-0.5448284278176085
train_001960,21,0.0,-0.7449307587109913
train_001960,22,0.0,-0.2181909493561097
train_001960,23,0.0,0.01754526560583856
train_001960,24,0.0,-0.41401076146770427
train_001961,1,0.0,0.30992688408179575
train_001961,2,0.0,0.6634981666017044
train_001961,3,0.0,0.44128919580987863
train_001961,4,0.0,0.13114756539589079
train_001961,5,0.0,0.6981380989490481
train_001961,6,0.0,0.5728028343488234
train_001961,7,0.046106497602651626,-0.8134745247811608
train_001961,8,0.19156685816504324,-0.4697793143840798
train_001961,9,0.38300942142936156,-0.011432268157732734
train_001961,10,0.6195517307149006,0.4952902683961923
train_001961,11,0.7951226469410053,0.4284109088621343
train_001961,12,0.8793970900962592,-0.23202576870911176
train_001961,13,0.898865793240702,-0.17664170991432096
train_001961,14,0.8299374577934077,-0.8285244951481852
train_001961,15,0.7071858489207447,-0.8202609359210449
train_001961,16,0.5346725202417688,-0.8652493568979669
train_001961,17,0.3078640826914429,-0.9129238394215048
train_001961,18,0.10749029453367971,-0.738794432568544
train_001961,19,0.0,-0.5484234986188862
train_001961,20,0.0,-0.5680811785388193
train_001961,21,0.0,-0.8392876602891334
train_001961,22,0.0,-0.8586459128202509
train_001961,23,0.0,-0.7259248982461046
train_001961,24,0.0,-0.12825154815406134
train_001962,1,0.0,0.3418330473261456
train_001962,2,0.0,0.4339606130636129
train_001962,3,0.0,0.5814565403408698
train_001962,4,0.0,0.7069276132699163
train_001962,5,0.0,0.804798448644686
train_001962,6,0.0,-0.47611974181367556
train_001962,7,0.04718307376007142,-0.8292454820504274
train_001962,8,0.18756727303058462,-0.208483509968381
train_001962,9,0.3781739485349422,-0.6107810348003013
train_001962,10,0.6268705345237442,-0.7346205915311655
train_001962,11,0.8143913497690554,-0.9118713620051222
train_001962,12,0.9126404273783716,-0.8382100336925742
train_001962,13,0.937096837390882,-0.761835599185507
train_001962,14,0.8726123458192591,-0.4888457669582188
train_001962,15,0.7490457491704674,-0.7843858217882033
train_001962,16,0.5606190985101382,-0.6540058199294462
train_001962,17,0.31314004461752587,-0.25048098116504375
train_001962,18,0.11036941630018118,-0.4595496675811726
train_001962,19,0.0,-0.5884687576338674
train_001962,20,0.0,-0.5404846942876789
train_001962,21,0.0,-0.22747666456883917
train_001962,22,0.0,-0.08417709468884393
train_001962,23,0.0,-0.6487883806253443
train_001962,24,0.0,-0.718336573088258
train_001963,1,0.0,-0.9119266329614948
train_001963,2,0.0,-0.9731664522992836
train_001963,3,0.0,-0.9133426607293418
train_001963,4,0.0,-0.7241882272469612
train_001963,5,0.0,-0.5831640559314395
train_001963,6,0.0,0.40519301664525476
train_001963,7,0.04418783004710572,-0.02457259377716437
train_001963,8,0.1805251655711939,-0.4448429071445166
train_001963,9,0.3515092763655352,-0.44060200116469844
train_001963,10,0.5837622222190183,-0.18213750273326595
train_001963,11,0.7772673715266786,0.6042922901803718
train_001963,12,0.8734805675117074,0.4488979757011606
train_001963,13,0.8987408846213126,-0.2794351683506767
train_001963,14,0.8715763984511031,0.6911042915298822
train_001963,15,0.7447754023267246,0.33126774731572634
train_001963,16,0.5660038038529858,0.6624239478202634
train_001963,17,0.33033140202912803,-0.0430237768930784
train_001963,18,0.11304331134403399,0.5910468509302411
train_001963,19,0.0,-0.023378998846760726
train_001963,20,0.0,-0.16933106349334007
train_001963,21,0.0,-0.2741860634891147
train_001963,22,0.0,0.13001982086215352
train_001963,23,0.0,0.09539522210021201
train_001963,24,0.0,-0.5115034014513544
train_001964,1,0.0,-0.5232016278697464
train_001964,2,0.0,-0.8747298571735529
train_001964,3,0.0,-0.8203855383634582
train_001964,4,0.0,-0.6285264545269154
train_001964,5,0.0,0.03052607825883409
train_001964,6,0.0,0.18487406793307617
train_001964,7,0.04347452466481284,0.47217084475579874
train_001964,8,0.17722975077026823,0.18436937967425307
train_001964,9,0.36019339385562416,0.20033905771295335
train_001964,10,0.5882742541870716,0.27978418566648433
train_001964,11,0.7753400452301192,0.7248192363487735
train_001964,12,0.8577896917336169,-0.051609558901391725
train_001964,13,0.8812787067019242,-0.13378824056975877
train_001964,14,0.8652459093498599,0.6591872821744227
train_001964,15,0.746284167805817,0.3560987584861645
train_001964,16,0.5629844599488293,0.18224795881110242
train_001964,17,0.32839293490047233,-0.3831086178211256
train_001964,18,0.1117572232983811,0.47061310286484703
train_001964,19,0.0,0.830921194974825
train_001964,20,0.0,0.249421058915082
train_001964,21,0.0,0.6002366953165676
train_001964,22,0.0,0.6466552642327228
train_001964,23,0.0,-0.09317852169306808
train_001964,24,0.0,-0.5014508666571372
train_001965,1,0.0,-0.593618363393998
train_001965,2,0.0,-0.8479209872809603
train_001965,3,0.0,-0.7134168639125414
train_001965,4,0.0,0.3038814240103765
train_001965,5,0.0,-0.2692329721885051
train_001965,6,0.0,0.4077254669965879
train_001965,7,0.01870749548473613,-0.02825568840873337
train_001965,8,0.08566846273789737,-0.5339253115001779
train_001965,9,0.1743776632894588,-0.67898236126759
train_001965,10,0.30269352507057273,-0.8144475009048137
train_001965,11,0.32645130854142024,-0.36887448488611846
train_001965,12,0.299571487922757,-0.7542260594368229
train_001965,13,0.20509234946969435,-0.7017814898642828
train_001965,14,0.20302509763844329,-0.33586315457299676
train_001965,15,0.2761186859711476,-0.19093787262795187
train_001965,16,0.2178235485594101,-0.6324619633636744
train_001965,17,0.1675795196134032,-0.6199371485032354
train_001965,18,0.05215677352707492,-0.11410441083120182
train_001965,19,0.0,0.7739988919349178
train_001965,20,0.0,0.012000040223702376
train_001965,21,0.0,0.26072839077476534
train_001965,22,0.0,0.36597530546040147
train_001965,23,0.0,-0.5655749181538859
train_001965,24,0.0,-0.9071503619710598
train_001966,1,0.0,-0.6153276634554858
train_001966,2,0.0,-0.7279292698069959
train_001966,3,0.0,-0.5558789141140704
train_001966,4,0.0,0.5420168615916197
train_001966,5,0.0,0.733337154630612
train_001966,6,0.0,0.7974498594560636
train_001966,7,0.037713824992249234,0.4067434882350587
train_001966,8,0.15654937148941794,0.5479019910252867
train_001966,9,0.30864005229452507,0.2399691420445909
train_001966,10,0.42109304095169137,0.6098231865172881
train_001966,11,0.6005550175033595,0.7012569746571846
train_001966,12,0.6580978442365575,0.635757789414316
train_001966,13,0.7032865853933713,0.7027030877062447
train_001966,14,0.6790103015418822,-0.042539700376429235
train_001966,15,0.5870643531043265,-0.3720732598675298
train_001966,16,0.44704872789187855,0.21864053882045767
train_001966,17,0.2666710982389261,-0.14815463076188762
train_001966,18,0.08473684140163666,-0.761366495644701
train_001966,19,0.0,-0.9952325018500726
train_001966,20,0.0,-0.9879598139866019
train_001966,21,0.0,-0.9900578401225975
train_001966,22,0.0,-0.8880713170204785
train_001966,23,0.0,-0.7801232051188325
train_001966,24,0.0,-0.8039625374860195
train_001967,1,0.0,0.7322968933123037
train_001967,2,0.0,0.8295625911824134
train_001967,3,0.0,0.4018488765397454
train_001967,4,0.0,-0.47010753985288745
train_001967,5,0.0,-0.9050574414147118
train_001967,6,0.0,-0.2860465702380188
train_001967,7,0.03165970760720529,-0.6247403057218477
train_001967,8,0.12165243511781854,-0.9186488305320109
train_001967,9,0.23955241427386237,-0.5520300807345884
train_001967,10,0.39497041719259907,0.662236659951552
train_001967,11,0.5048655773362576,0.5065371740819788
train_001967,12,0.5930478514381916,-0.08157794921223495
train_001967,13,0.6139016461933746,0.4853710700030537
train_001967,14,0.5789977820849037,-0.2816868565804174
train_001967,15,0.46938510616707074,0.8389405797409598
train_001967,16,0.31921877642213925,0.4001773514726776
train_001967,17,0.15892163173744586,-0.23732068681804555
train_001967,18,0.06438116168214125,-0.3600572215647784
train_001967,19,0.0,-0.05985754309822606
train_001967,20,0.0,-0.3139016640855312
train_001967,21,0.0,-0.3730256907607781
train_001967,22,0.0,-0.3329272583043855
train_001967,23,0.0,0.22525891498654582
train_001967,24,0.0,0.08585024400057957
train_001968,1,0.0,-0.018204467024443373
train_001968,2,0.0,0.36719270513114155
train_001968,3,0.0,0.5443390930264767
train_001968,4,0.0,-0.1363879771829188
train_001968,5,0.0,-0.002974970597892641
train_001968,6,0.0,0.131888065632072
train_001968,7,0.04134453531716264,0.39555293281797455
train_001968,8,0.1632916144424424,-0.20327606462898082
train_001968,9,0.3128467131735464,-0.5777461787100482
train_001968,10,0.45597634781608093,-0.6853083133765665
train_001968,11,0.5505081116951926,-0.17352469041840926
train_001968,12,0.6624390676487237,-0.08344886442509285
train_001968,13,0.6852601315813345,-0.22886956618763785
train_001968,14,0.6698504928164212,-0.6011099773770361
train_001968,15,0.6023046647298156,-0.5804085181920347
train_001968,16,0.48516127932593056,-0.7765360943124098
train_001968,17,0.27476193668445187,-0.25399685323885274
train_001968,18,0.09442234095633985,0.37825810886441635
train_001968,19,0.0,0.8545758926969782
train_001968,20,0.0,0.8957530566728946
train_001968,21,0.0,0.7916013832018347
train_001968,22,0.0,0.5309922315814786
train_001968,23,0.0,0.3301598584769337
train_001968,24,0.0,0.3071446964162467
train_001969,1,0.0,-0.7223256205787745
train_001969,2,0.0,-0.6280653437265724
train_001969,3,0.0,-0.46692022794939847
train_001969,4,0.0,-0.22287315987367406
train_001969,5,0.0,0.8404784798833351
train_001969,6,0.0,0.751642904831607
train_001969,7,0.04728068914489131,0.8451980108421482
train_001969,8,0.1856947805211615,0.4201320920503589
train_001969,9,0.3699516654511313,0.20661650983837482
train_001969,10,0.5930275715152954,-0.3442656358645434
train_001969,11,0.7976192524662226,0.44433591008105705
train_001969,12,0.9090972359918837,0.1239217828345009
train_001969,13,0.9466711556211933,0.09778112562489301
train_001969,14,0.8857059636378772,0.5468165316849015
train_001969,15,0.7385947418372208,0.9110885452284331
train_001969,16,0.5612276783742952,0.854953595112633
train_001969,17,0.32323144770968,0.5246501219372639
train_001969,18,0.1106239426694955,0.28389831612728444
train_001969,19,0.0,0.18708889555830385
train_001969,20,0.0,0.26333645928067667
train_001969,21,0.0,-0.40045170562451454
train_001969,22,0.0,-0.49009104979688134
train_001969,23,0.0,-0.9001098550604951
train_001969,24,0.0,-0.9244189956869401
train_001970,1,0.0,-0.15348504656836012
train_001970,2,0.0,-0.6469264490647675
train_001970,3,0.0,-0.812199961764158
train_001970,4,0.0,-0.7160410473773438
train_001970,5,0.0,0.09926537217168402
train_001970,6,0.0,0.6382216781429723
train_001970,7,0.042992206832702495,0.49918109886901874
train_001970,8,0.17507198166338714,0.8240638505023494
train_001970,9,0.33197290085874687,0.6667564929701637
train_001970,10,0.538474683681352,-0.08266084128098818
train_001970,11,0.6915222772477537,-0.6305110613305606
train_001970,12,0.729416744384563,-0.7626899347509818
train_001970,13,0.7669822869959012,-0.7622114932164512
train_001970,14,0.7543193080437416,-0.3432516734825831
train_001970,15,0.575002070203994,0.11358925858650358
train_001970,16,0.45932164666974695,0.38174221659500435
train_001970,17,0.25932663006678186,-0.25275572357768206
train_001970,18,0.08927910434578665,-0.2502565449195402
train_001970,19,0.0,-0.6378465468451807
train_001970,20,0.0,-0.9654224197665858
train_001970,21,0.0,-0.8481785548424313
train_001970,22,0.0,-0.585763007923982
train_001970,23,0.0,-0.5020928777122919
train_001970,24,0.0,0.3458446878550393
train_001971,1,0.0,-0.7101584326254529
train_001971,2,0.0,-0.9829584353278166
train_001971,3,0.0,-0.9617749136843486
train_001971,4,0.0,-0.853114619608674
train_001971,5,0.0,-0.7003072862333579
train_001971,6,0.0,-0.7078349751125036
train_001971,7,0.046174744110029364,-0.7968932869000518
train_001971,8,0.18557762084558077,-0.6979459514048293
train_001971,9,0.369455895399242,-0.8382116883498603
train_001971,10,0.6054564285054272,-0.11411742125196767
train_001971,11,0.7947178458240874,-0.21379552308973881
train_001971,12,0.903150543518925,0.6475066974217761
train_001971,13,0.951561731490279,-0.0618955867869633
train_001971,14,0.9044718160087979,-0.7229351133454743
train_001971,15,0.7515001816312813,-0.5705743805534124
train_001971,16,0.5518594133990422,-0.6200425226127626
train_001971,17,0.32660143042675793,-0.6614303363856355
train_001971,18,0.11320399618019554,-0.8334468894299708
train_001971,19,0.0,-0.698568416965656
train_001971,20,0.0,-0.09294258592451841
train_001971,21,0.0,0.0995538480622171
train_001971,22,0.0,0.08144564489534571
train_001971,23,0.0,0.048087726409057376
train_001971,24,0.0,-0.3079395653562042
train_001972,1,0.0,0.7933245187065172
train_001972,2,0.0,0.9070462133416238
train_001972,3,0.0,0.8586356736105456
train_001972,4,0.0,0.11522497059021013
train_001972,5,0.0,0.03240045481912935
train_001972,6,0.0,0.16498020298905455
train_001972,7,0.03878932515525851,0.42641051991652545
train_001972,8,0.1512148231773196,-0.6851049801064528
train_001972,9,0.29106421865788246,-0.4456289241612135
train_001972,10,0.4756831618116859,-0.5847053636861586
train_001972,11,0.6603331826710768,-0.8918070096066313
train_001972,12,0.7641188686780835,-0.8993720559271647
train_001972,13,0.7987589956508683,-0.5116341468923298
train_001972,14,0.7863959986682971,-0.0443499350570341
train_001972,15,0.6620617615332949,-0.5219063457883526
train_001972,16,0.5067601349692162,-0.7670606406837727
train_001972,17,0.2638326076795608,-0.8987468690324728
train_001972,18,0.09101063742482901,-0.38551376189256276
train_001972,19,0.0,-0.39687626942943294
train_001972,20,0.0,0.739826777306503
train_001972,21,0.0,0.3698584913234643
train_001972,22,0.0,0.4014053497804061
train_001972,23,0.0,0.033390611042255956
train_001972,24,0.0,0.36309798306650487
train_001973,1,0.0,0.4080796114860114
train_001973,2,0.0,-0.1339349165414833
train_001973,3,0.0,-0.5572647595037359
train_001973,4,0.0,-0.3913392256359831
train_001973,5,0.0,0.642609683430629
train_001973,6,0.0,0.05622663604482612
train_001973,7,0.04244172691760337,0.4913645474878353
train_001973,8,0.17261945440652396,0.036744225588494335
train_001973,9,0.34053403329354015,-0.6920007642146624
train_001973,10,0.557047468212213,0.33377093286403503
train_001973,11,0.7454900596946328,-0.008809972916719332
train_001973,12,0.7890888882780317,-0.6241026150553692
train_001973,13,0.787502941287503,-0.8783459797064561
train_001973,14,0.7298165830355298,-0.8543526263249573
train_001973,15,0.608655134933059,-0.6095870747902374
train_001973,16,0.4642652723255457,-0.4952307576697944
train_001973,17,0.2823511318114487,-0.16383008768654855
train_001973,18,0.10339757896291879,-0.25980021378790097
train_001973,19,0.0,0.1696315351277304
train_001973,20,0.0,0.2843052952071307
train_001973,21,0.0,0.7516883237994676
train_001973,22,0.0,0.3473723710691397
train_001973,23,0.0,0.16196367765599415
train_001973,24,0.0,0.4684811575418958
train_001974,1,0.0,-0.4493948250747588
train_001974,2,0.0,-0.7448218102852779
train_001974,3,0.0,-0.7585008679181552
train_001974,4,0.0,-0.7271563131387153
train_001974,5,0.0,-0.8392720084661586
train_001974,6,0.0,-0.7512698779682404
train_001974,7,0.04188012768005122,-0.09925633423471392
train_001974,8,0.15356015532739017,0.2854538203651705
train_001974,9,0.3101162334028296,0.5176358068850739
train_001974,10,0.5459347265210662,0.17456614503221662
train_001974,11,0.7052322862021223,0.1937889538153407
train_001974,12,0.7426652397584692,-0.2183408240921232
train_001974,13,0.7556303030832143,-0.5673607466618968
train_001974,14,0.7166075467477385,-0.39490934631892605
train_001974,15,0.6546836783111676,-0.4941189700424281
train_001974,16,0.48106853243997794,-0.49993832911377234
train_001974,17,0.3168193587319938,-0.8520389358059347
train_001974,18,0.10614411770650924,-0.5892581405371147
train_001974,19,0.0,-0.738626821437379
train_001974,20,0.0,-0.36165134452408687
train_001974,21,0.0,-0.15131035096849318
train_001974,22,0.0,-0.04216618356849663
train_001974,23,0.0,-0.27465488793519643
train_001974,24,0.0,-0.6047740344881503
train_001975,1,0.0,-0.10359147328945122
train_001975,2,0.0,-0.6878938722457344
train_001975,3,0.0,-0.19234869373380672
train_001975,4,0.0,-0.6233058418899768
train_001975,5,0.0,-0.7500695126191197
train_001975,6,0.0,-0.8893524059225292
train_001975,7,0.03656446123900347,-0.9189031794889372
train_001975,8,0.14174243283144827,-0.5533648472994199
train_001975,9,0.2778506966920537,-0.26749497486163504
train_001975,10,0.42085068108569906,0.4241538413380136
train_001975,11,0.6031213640283263,-0.40502929965357726
train_001975,12,0.6650728312270128,0.018925834578857735
train_001975,13,0.6359583693333813,0.4552004306798014
train_001975,14,0.6692309935390384,0.27910098923442106
train_001975,15,0.6063335245179559,0.22230668229497635
train_001975,16,0.45602705879762667,-0.5382377251352466
train_001975,17,0.27948994126481125,-0.3705582309249439
train_001975,18,0.08924293760041697,-0.43719369602383956
train_001975,19,0.0,-0.37958899727093587
train_001975,20,0.0,0.279781246797516
train_001975,21,0.0,0.060602127084909835
train_001975,22,0.0,0.22769262170105337
train_001975,23,0.0,0.3498514897427209
train_001975,24,0.0,0.4626737678184689
train_001976,1,0.0,0.6766623053502053
train_001976,2,0.0,0.8811837533741137
train_001976,3,0.0,0.7787624270242799
train_001976,4,0.0,-0.41966801514497126
train_001976,5,0.0,-0.9454606492373312
train_001976,6,0.0,-0.6134783055777946
train_001976,7,0.04116619936805927,-0.5769726279800889
train_001976,8,0.1667873006206414,-0.7629781308955226
train_001976,9,0.3201171414310323,-0.7466938538276885
train_001976,10,0.5434214277508203,-0.957352943267454
train_001976,11,0.6985764085150272,-0.8741223180931335
train_001976,12,0.8365804422456524,-0.6220766736734001
train_001976,13,0.843506525095449,-0.7906199108573164
train_001976,14,0.812719989795591,-0.44041399270365045
train_001976,15,0.704461298505429,0.22360385887330245
train_001976,16,0.5149355797861089,0.50881095856897
train_001976,17,0.29663686346490675,0.452402071536051
train_001976,18,0.10561939522565629,0.7263146674638021
train_001976,19,0.0,0.4588820300589484
train_001976,20,0.0,-0.14795299102619366
train_001976,21,0.0,-0.6348517286333926
train_001976,22,0.0,0.29590220881593654
train_001976,23,0.0,0.28334780503641854
train_001976,24,0.0,0.46200303389865793
train_001977,1,0.0,-0.3063170807760955
train_001977,2,0.0,-0.9722856652442153
train_001977,3,0.0,-0.18192706312382015
train_001977,4,0.0,0.1443754451450082
train_001977,5,0.0,-0.5196940122692826
train_001977,6,0.0,0.0419050679987236
train_001977,7,0.04633282728344527,0.5099200808838483
train_001977,8,0.1880716349891593,0.5879563286898086
train_001977,9,0.37934709784495557,0.8386221892848426
train_001977,10,0.6154050128580252,0.8128289292047928
train_001977,11,0.7934935232544725,-0.3914929304103612
train_001977,12,0.8977999185969953,-0.39542552156974065
train_001977,13,0.9358142309825592,-0.8288030943799511
train_001977,14,0.9045304704451891,-0.4281378416058
train_001977,15,0.7529846935324445,-0.14079971596204427
train_001977,16,0.5494996281491629,-0.36454554328839817
train_001977,17,0.3275876853108856,-0.2718312425639954
train_001977,18,0.11283108857985452,0.5158913997433301
train_001977,19,0.0,0.7746702604211179
train_001977,20,0.0,0.805509975383609
train_001977,21,0.0,0.42828476362911616
train_001977,22,0.0,-0.05739524187626666
train_001977,23,0.0,-0.16459730115419238
train_001977,24,0.0,-0.12517812853742596
train_001978,1,0.0,-0.26435779519677105
train_001978,2,0.0,0.030889649961919383
train_001978,3,0.0,-0.25613375148173867
train_001978,4,0.0,-0.23522585341514002
train_001978,5,0.0,-0.04389417863125958
train_001978,6,0.0,-0.4598327572776863
train_001978,7,0.026187583911825792,-0.6712867483410301
train_001978,8,0.1272336965729066,-0.6459807812138625
train_001978,9,0.27214823014787015,-0.26835102866283345
train_001978,10,0.4453119844527431,-0.08642497577163022
train_001978,11,0.5805322429286793,0.22789214862198065
train_001978,12,0.6309519692925607,-0.30188351395449176
train_001978,13,0.6627614878004819,0.1717585231024801
train_001978,14,0.5534455161242525,0.19183058255020857
train_001978,15,0.535060004749231,0.3792653758025442
train_001978,16,0.3710811842889903,-0.00036353399720165874
train_001978,17,0.19345974653831446,0.8391939709363785
train_001978,18,0.0649572893220936,0.6927435901289136
train_001978,19,0.0,0.8879985906821106
train_001978,20,0.0,0.7471444806989174
train_001978,21,0.0,0.4320660158021982
train_001978,22,0.0,-0.587543064741813
train_001978,23,0.0,-0.6942337480658205
train_001978,24,0.0,-0.687217861474344
train_001979,1,0.0,0.2940176774108741
train_001979,2,0.0,0.8031485868241656
train_001979,3,0.0,0.5617617748890427
train_001979,4,0.0,0.6114438166189838
train_001979,5,0.0,0.37128660840250394
train_001979,6,0.0,-0.4528481575379684
train_001979,7,0.043111532491933585,-0.5207167059828693
train_001979,8,0.17375919352670469,0.16381438534792517
train_001979,9,0.35271919526388545,0.09241943923486784
train_001979,10,0.5381500581534674,-0.09949538781514404
train_001979,11,0.7182592998616446,-0.2128026802184979
train_001979,12,0.8117177531358947,0.3572999268483669
train_001979,13,0.8671640963562642,0.019207419350223773
train_001979,14,0.7800575824394913,-0.3124493490531514
train_001979,15,0.6036342609607765,-0.799770659094906
train_001979,16,0.48890568370646564,-0.8266799154780824
train_001979,17,0.27819696167898766,-0.8573966999599288
train_001979,18,0.10147106334741827,-0.8743912523141494
train_001979,19,0.0,-0.8765664974934411
train_001979,20,0.0,-0.5138732033394172
train_001979,21,0.0,-0.8253205993927093
train_001979,22,0.0,-0.7800232980514018
train_001979,23,0.0,-0.933986651569079
train_001979,24,0.0,-0.9119615376749604
train_001980,1,0.0,0.1254496115001836
train_001980,2,0.0,-0.679748056038852
train_001980,3,0.0,-0.4995355518164005
train_001980,4,0.0,0.5699672557280542
train_001980,5,0.0,0.7812063718513705
train_001980,6,0.0,0.7777980844699129
train_001980,7,0.036393806043419664,0.596031379160101
train_001980,8,0.15640228931442873,-0.3036905756341482
train_001980,9,0.2881329769785507,-0.513173272845249
train_001980,10,0.44722350840555564,0.3575653913319951
train_001980,11,0.5518309402519183,0.42524802717241145
train_001980,12,0.5608446127430331,0.24301841634368873
train_001980,13,0.5706237528721311,-0.28005161722771077
train_001980,14,0.6929741616743652,-0.3180729889073384
train_001980,15,0.4984677508741256,-0.4181126267327254
train_001980,16,0.39031611460617127,-0.13306318855525728
train_001980,17,0.2501863636417425,-0.5014724936081485
train_001980,18,0.08009593111361715,-0.5595794853904651
train_001980,19,0.0,-0.5177824246440698
train_001980,20,0.0,0.011733536254720879
train_001980,21,0.0,-0.2996213351418116
train_001980,22,0.0,-0.6245864747094049
train_001980,23,0.0,-0.693989767036448
train_001980,24,0.0,-0.36989032012551293
train_001981,1,0.0,-0.49105663857270865
train_001981,2,0.0,-0.28468118093225114
train_001981,3,0.0,-0.5741517283497586
train_001981,4,0.0,-0.88687227739982
train_001981,5,0.0,-0.8686050574062852
train_001981,6,0.0,-0.8278995213770607
train_001981,7,0.03151083001470562,-0.5216949909471009
train_001981,8,0.14525293688295318,-0.7293141061235913
train_001981,9,0.28428586553713336,-0.7802746331023953
train_001981,10,0.4364429632962258,-0.6260620866383438
train_001981,11,0.6120063418548666,-0.5706695341273971
train_001981,12,0.6464161721753725,-0.3824067401938924
train_001981,13,0.7472296222424402,-0.8439081361921871
train_001981,14,0.6930167176098876,-0.7253969173711281
train_001981,15,0.5734124540257122,-0.7329997327141704
train_001981,16,0.40927672925950204,-0.7108600785166359
train_001981,17,0.2013026654660094,-0.5645085586174436
train_001981,18,0.06839795590603856,-0.3532960744907528
train_001981,19,0.0,0.47644114100187906
train_001981,20,0.0,0.24022458161025692
train_001981,21,0.0,0.1542736008455256
train_001981,22,0.0,-0.433564430511622
train_001981,23,0.0,-0.1773103288833707
train_001981,24,0.0,0.6260747805556985
train_001982,1,0.0,-0.27117375446571973
train_001982,2,0.0,-0.08826464096669395
train_001982,3,0.0,-0.481388766682195
train_001982,4,0.0,-0.7434423479259364
train_001982,5,0.0,-0.5186860833090556
train_001982,6,0.0,-0.48469128321568067
train_001982,7,0.03071709844588973,-0.0974788485900391
train_001982,8,0.1274464238863951,0.15974606031532884
train_001982,9,0.21837333004092502,-0.4381873815701778
train_001982,10,0.29708856333575206,0.07250953331728352
train_001982,11,0.3876184667602441,-0.2775886412229273
train_001982,12,0.43404208179422155,-0.33294042686809094
train_001982,13,0.5574359093011131,-0.4277204804695448
train_001982,14,0.5782859876555735,-0.7072540335706843
train_001982,15,0.5178798091661082,-0.6727044427019145
train_001982,16,0.3964163546165378,-0.6821953855116416
train_001982,17,0.21584994002905877,-0.5944812772780323
train_001982,18,0.0694361871515071,-0.7804517246651086
train_001982,19,0.0,-0.8125647331174543
train_001982,20,0.0,-0.10003095119140983
train_001982,21,0.0,-0.6417217133735621
train_001982,22,0.0,-0.58289781386818
train_001982,23,0.0,-0.6279314427403928
train_001982,24,0.0,-0.4840145021298714
train_001983,1,0.0,0.8435663650655091
train_001983,2,0.0,0.21266637875207609
train_001983,3,0.0,0.5265351230385364
train_001983,4,0.0,0.33933444210817865
train_001983,5,0.0,0.5194779784446473
train_001983,6,0.0,0.2951317168103167
train_001983,7,0.02341762572186253,0.4712965167244252
train_001983,8,0.07654301632408156,0.4814252281837659
train_001983,9,0.15263888386032332,0.9170054355429396
train_001983,10,0.2730119984951704,0.929555127253455
train_001983,11,0.400678613847022,0.7310017745293312
train_001983,12,0.5039159061504785,-0.4143032490434485
train_001983,13,0.5244335287321813,-0.503233264851274
train_001983,14,0.5328715188879027,0.172994218393824
train_001983,15,0.48888180297705586,0.3031644348306896
train_001983,16,0.3420905835878394,0.4044063219724875
train_001983,17,0.18265117589249585,0.05735232292468101
train_001983,18,0.05277596366358581,0.40241162593021657
train_001983,19,0.0,-0.07426739576416902
train_001983,20,0.0,-0.69178079262519
train_001983,21,0.0,-0.813150660846738
train_001983,22,0.0,-0.7303256903798176
train_001983,23,0.0,-0.49545775534884307
train_001983,24,0.0,-0.508029076903919
train_001984,1,0.0,-0.17794025697034493
train_001984,2,0.0,-0.7115131475041931
train_001984,3,0.0,-0.5502048060376015
train_001984,4,0.0,-0.1499127460204661
train_001984,5,0.0,-0.598833229892691
train_001984,6,0.0,-0.7943785832866159
train_001984,7,0.03183504331142644,-0.7634712957194861
train_001984,8,0.11858756133893077,-0.9026145031337227
train_001984,9,0.2350561737876683,-0.8677456480594288
train_001984,10,0.4151922396284057,-0.9370966221243691
train_001984,11,0.5555159517569078,-0.7135955722842403
train_001984,12,0.6801096336138994,-0.3566015585308012
train_001984,13,0.7696752393723784,0.21881371660989182
train_001984,14,0.6631035828826195,-0.07100017439469063
train_001984,15,0.563216095163794,0.17738738714531904
train_001984,16,0.38025501493771025,-0.4724945212340903
train_001984,17,0.2345112319795941,0.5052256770525656
train_001984,18,0.07864418823400714,0.6509278413215946
train_001984,19,0.0,0.5756876457200493
train_001984,20,0.0,0.5051107514896285
train_001984,21,0.0,0.045532251575052286
train_001984,22,0.0,-0.1929603191397845
train_001984,23,0.0,-0.4172459345579337
train_001984,24,0.0,-0.6053863511471587
train_001985,1,0.0,0.7230316805181191
train_001985,2,0.0,0.9190820046089638
train_001985,3,0.0,0.8188337113030564
train_001985,4,0.0,0.6118808635343229
train_001985,5,0.0,0.6128568642620253
train_001985,6,0.0,0.16403706998549564
train_001985,7,0.0365113854808797,0.226153187086979
train_001985,8,0.1467813558602384,0.41564950089534447
train_001985,9,0.3143606718193686,0.4531701151609479
train_001985,10,0.48361728130906917,0.1229452444928944
train_001985,11,0.6160563658808685,0.6718723944390331
train_001985,12,0.7486101907903139,0.41977724526200505
train_001985,13,0.7605646997389266,0.5077470166432945
train_001985,14,0.7607040873264906,0.27563689898213606
train_001985,15,0.6121480023514175,0.6130371956395531
train_001985,16,0.4800283810597269,-0.3150812388770846
train_001985,17,0.2560950864227497,-0.3138124882750608
train_001985,18,0.09114274317423686,0.26297115989400077
train_001985,19,0.0,-0.44580992259897584
train_001985,20,0.0,-0.7270139618866652
train_001985,21,0.0,-0.6406885386339782
train_001985,22,0.0,-0.5673842744349533
train_001985,23,0.0,-0.28154555268811643
train_001985,24,0.0,-0.7336808393221483
train_001986,1,0.0,0.6359486118104615
train_001986,2,0.0,0.8914842155768544
train_001986,3,0.0,0.8683458495821411
train_001986,4,0.0,0.2431650055085005
train_001986,5,0.0,0.2207022069588342
train_001986,6,0.0,-0.2490679797329293
train_001986,7,0.038785239432182005,-0.28151439417717383
train_001986,8,0.16170835131602504,-0.35118351528838276
train_001986,9,0.3319753468365621,0.14351237752550747
train_001986,10,0.556647744010126,0.5587996736838338
train_001986,11,0.7438546460691792,0.3576163956795655
train_001986,12,0.8242870668334107,-0.35740095706184255
train_001986,13,0.7787421474814697,-0.45811740947445684
train_001986,14,0.6344481759620749,-0.27384316183399526
train_001986,15,0.5069715256053338,-0.5158061104647702
train_001986,16,0.43336103628061773,0.2539846585543001
train_001986,17,0.26155670487003735,-0.6555667047824375
train_001986,18,0.0940433535637574,-0.43726796215094116
train_001986,19,0.0,-0.3733196435447348
train_001986,20,0.0,0.043451984564410566
train_001986,21,0.0,-0.8265310906980157
train_001986,22,0.0,0.3113654235613313
train_001986,23,0.0,0.1408222251954743
train_001986,24,0.0,0.5767460477572666
train_001987,1,0.0,0.46354220554009307
train_001987,2,0.0,0.7471941910512403
train_001987,3,0.0,0.5173057496659554
train_001987,4,0.0,0.024559609131572804
train_001987,5,0.0,-0.2745901718682632
train_001987,6,0.0,-0.48642372522034494
train_001987,7,0.028625491497098494,-0.8292808491350679
train_001987,8,0.11072240905703781,-0.8517604875545819
train_001987,9,0.1882654864029922,-0.47108257584055535
train_001987,10,0.32201261100092143,0.0029615428170268387
train_001987,11,0.3447043519602593,0.4054894382672897
train_001987,12,0.47927797990273874,0.7255034809054759
train_001987,13,0.5021187512603674,0.680719053640903
train_001987,14,0.546005479126495,0.42636444290230285
train_001987,15,0.42949294881486494,0.5286716842921115
train_001987,16,0.3278354859688905,0.3321945519851328
train_001987,17,0.1930135928414938,-0.19502032840474537
train_001987,18,0.07382155554718575,-0.19025378825405578
train_001987,19,0.0,0.27995062916408475
train_001987,20,0.0,-0.458706907334379
train_001987,21,0.0,-0.7546129707324536
train_001987,22,0.0,-0.36256378607165546
train_001987,23,0.0,0.10054965954012064
train_001987,24,0.0,-0.6790800238773864
train_001988,1,0.0,0.4595425276618611
train_001988,2,0.0,0.5162762290121821
train_001988,3,0.0,0.475632203461154
train_001988,4,0.0,0.5576204358110024
train_001988,5,0.0,0.6691606224304724
train_001988,6,0.0,0.7749029748988203
train_001988,7,0.026047756781506864,0.5546157381011654
train_001988,8,0.11215043597370472,-0.4015571275622596
train_001988,9,0.21671646717999282,-0.4142794558603692
train_001988,10,0.4097171861494825,-0.7008534245878839
train_001988,11,0.5931326954857279,-0.8263799144636619
train_001988,12,0.7198821277410753,-0.7484470331438606
train_001988,13,0.7322401949080745,-0.2674211365082965
train_001988,14,0.6387951817247443,-0.3720010037163921
train_001988,15,0.5626750875790483,-0.49829758094818366
train_001988,16,0.4051168938679551,-0.32354169647757514
train_001988,17,0.19994023111493994,0.19337320381873566
train_001988,18,0.0699353781579799,0.6329414745573724
train_001988,19,0.0,-0.057171830345105264
train_001988,20,0.0,-0.7254856941110507
train_001988,21,0.0,-0.6782921423422941
train_001988,22,0.0,-0.8478107314929851
train_001988,23,0.0,-0.48137272164483247
train_001988,24,0.0,-0.6792656613853707
train_001989,1,0.0,-0.2780923702861243
train_001989,2,0.0,-0.6817650613639202
train_001989,3,0.0,-0.895455736674028
train_001989,4,0.0,-0.410745188983846
train_001989,5,0.0,0.294914202286692
train_001989,6,0.0,-0.4359643840598703
train_001989,7,0.03232217764885814,0.03610409930766537
train_001989,8,0.1421179597822228,0.08127525678044507
train_001989,9,0.28867586587626776,0.2197957499618549
train_001989,10,0.47121315841841865,-0.26696849662189936
train_001989,11,0.6594085735539921,-0.3182626326326738
train_001989,12,0.696072584217602,-0.3865261189800654
train_001989,13,0.7191385356728309,0.11898025994624156
train_001989,14,0.6730112379763378,-0.21627069486037032
train_001989,15,0.5028722366819252,-0.352816768245
train_001989,16,0.3950963141532466,-0.22399746750762606
train_001989,17,0.24344734795710332,0.5645255702130526
train_001989,18,0.08399324122145899,0.753614725696121
train_001989,19,0.0,0.7924642971213418
train_001989,20,0.0,0.9313759555946168
train_001989,21,0.0,0.7787981435881668
train_001989,22,0.0,0.8951923526467578
train_001989,23,0.0,0.9491023469698159
train_001989,24,0.0,0.7377243742061035
train_001990,1,0.0,0.7425670323575781
train_001990,2,0.0,0.7377841745852345
train_001990,3,0.0,0.811851281372476
train_001990,4,0.0,0.9088479368724042
train_001990,5,0.0,0.66286604597141
train_001990,6,0.0,0.7017467563300344
train_001990,7,0.04580192608889475,0.044534108452085115
train_001990,8,0.18007381784898868,-0.4993157473071326
train_001990,9,0.3620831991391127,-0.7941051059187658
train_001990,10,0.5967814666286321,-0.5469686428603654
train_001990,11,0.7642180349961263,0.47791328887549045
train_001990,12,0.8282454634388067,0.5462887125748551
train_001990,13,0.8302719564613955,0.2323106391850748
train_001990,14,0.7784754144654825,-0.09398292584762978
train_001990,15,0.6769539085889313,-0.6507932441308071
train_001990,16,0.4979316683118032,-0.30600630870288203
train_001990,17,0.2946713252775996,-0.7225358197977227
train_001990,18,0.10690529697907336,0.20728924388664333
train_001990,19,0.0,0.16317680374752394
train_001990,20,0.0,0.7329988694262041
train_001990,21,0.0,0.31431190243591794
train_001990,22,0.0,0.3246524198123616
train_001990,23,0.0,-0.568716789133747
train_001990,24,0.0,-0.7872682145376992
train_001991,1,0.0,0.7442952991816278
train_001991,2,0.0,-0.1710305884840482
train_001991,3,0.0,-0.15675040370666699
train_001991,4,0.0,-0.3376018529777107
train_001991,5,0.0,0.11670176749112152
train_001991,6,0.0,-0.2632396536432779
train_001991,7,0.04673173266608045,-0.4783782755958116
train_001991,8,0.17744108173294892,-0.34214303518613765
train_001991,9,0.35527761472639446,0.34015388667300595
train_001991,10,0.602786940788324,0.15146641157160343
train_001991,11,0.7867863483281208,0.7567667196104738
train_001991,12,0.8959382907239558,-0.289615018333709
train_001991,13,0.9328728724464327,0.602873784639997
train_001991,14,0.8717290885183262,0.13398787001111434
train_001991,15,0.7190995345686773,-0.16465986482249076
train_001991,16,0.5447277437047489,0.6026569337521702
train_001991,17,0.31376967565055225,0.513053261933154
train_001991,18,0.11223677184718246,0.5114357664616853
train_001991,19,0.0,0.3376954965872623
train_001991,20,0.0,0.7818442992765491
train_001991,21,0.0,0.8437650701417472
train_001991,22,0.0,0.26012035068680256
train_001991,23,0.0,-0.2096126909384322
train_001991,24,0.0,-0.10563967800773728
train_001992,1,0.0,-0.8250579012439633
train_001992,2,0.0,-0.605307570508761
train_001992,3,0.0,0.5048074667046627
train_001992,4,0.0,-0.2597800891042463
train_001992,5,0.0,-0.22069702191178628
train_001992,6,0.0,0.5694213194754943
train_001992,7,0.03970526753075933,0.4466217545279127
train_001992,8,0.16411270697706015,0.774059734037202
train_001992,9,0.3325189534475196,0.4677433233729803
train_001992,10,0.5613838985432229,0.43065689676088076
train_001992,11,0.7534228908855685,0.4569832047539551
train_001992,12,0.8782083868998438,-0.003752608794122714
train_001992,13,0.9211931127928317,0.5171459063832685
train_001992,14,0.8854331381432033,0.7442339225921939
train_001992,15,0.7499426974219987,0.5844301623450108
train_001992,16,0.5580289114353902,0.7468682223298911
train_001992,17,0.3146656799751429,-0.0003781406937179744
train_001992,18,0.10768142770423939,-0.4089790509161013
train_001992,19,0.0,-0.8206597910927818
train_001992,20,0.0,-0.7547996103768778
train_001992,21,0.0,-0.1280213974449707
train_001992,22,0.0,-0.283137981565661
train_001992,23,0.0,-0.7258180977025841
train_001992,24,0.0,-0.8979743614563303
train_001993,1,0.0,0.2200147643060325
train_001993,2,0.0,-0.030413510844653414
train_001993,3,0.0,-0.549571016772028
train_001993,4,0.0,-0.21080164356247785
train_001993,5,0.0,-0.6886186324810839
train_001993,6,0.0,-0.8749299404426055
train_001993,7,0.04754466772904156,0.14965807570263026
train_001993,8,0.1879020163447878,0.7007859009839243
train_001993,9,0.3767599413574205,0.374934175504725
train_001993,10,0.6185584555298556,0.6570614861194519
train_001993,11,0.8081277144509009,0.7211978264142277
train_001993,12,0.9189025826369378,0.01547515295659757
train_001993,13,0.9350374419813984,-0.2699366367092445
train_001993,14,0.9094658523256544,0.08248778282933199
train_001993,15,0.7696090855029633,-0.19746686933380486
train_001993,16,0.5726198809915855,-0.4095681610408762
train_001993,17,0.32828980086758586,-0.5575891105345155
train_001993,18,0.11282254917892842,-0.6658954022306915
train_001993,19,0.0,-0.3005586949542229
train_001993,20,0.0,-0.31363113037277557
train_001993,21,0.0,0.28351113200727096
train_001993,22,0.0,-0.2492364104385966
train_001993,23,0.0,-0.3283283857658199
train_001993,24,0.0,0.3094575858984166
train_001994,1,0.0,-0.8657158197058223
train_001994,2,0.0,-0.2436435713003055
train_001994,3,0.0,-0.7246464398866845
train_001994,4,0.0,-0.9239737388690773
train_001994,5,0.0,-0.6189246133091241
train_001994,6,0.0,-0.5242021268469037
train_001994,7,0.03951376240430428,-0.4228045765971292
train_001994,8,0.16322995154191122,0.14882237705491014
train_001994,9,0.3134892963851446,0.10101789858766005
train_001994,10,0.47187946410357023,-0.10345989071767318
train_001994,11,0.6631786761338636,0.21763766190192457
train_001994,12,0.7805092995769883,0.6046372711138284
train_001994,13,0.8318177065660132,0.06562271983324754
train_001994,14,0.8154792186546208,-0.4323166852997906
train_001994,15,0.6858423809658505,0.1142026477628777
train_001994,16,0.5085348025518389,0.5574063611386562
train_001994,17,0.27035130619247066,0.5496770171401978
train_001994,18,0.08864884856670603,0.13212549678639637
train_001994,19,0.0,0.6499667072817874
train_001994,20,0.0,0.7271259129058956
train_001994,21,0.0,0.16816584439128404
train_001994,22,0.0,-0.13476905375320983
train_001994,23,0.0,-0.30099281922720766
train_001994,24,0.0,-0.34006446711651483
train_001995,1,0.0,0.2481620844897215
train_001995,2,0.0,0.03430795805161594
train_001995,3,0.0,-0.25604052476341005
train_001995,4,0.0,-0.07449149937247908
train_001995,5,0.0,0.3417599135070529
train_001995,6,0.0,0.2570118435312204
train_001995,7,0.027816372205850322,0.3102795721069954
train_001995,8,0.10864377859364988,0.27663319372919887
train_001995,9,0.2731540881115299,-0.06264322101106751
train_001995,10,0.42764187266340054,-0.854195112773545
train_001995,11,0.5603135173130582,-0.8965127411500309
train_001995,12,0.5443833055650311,-0.7260860116533394
train_001995,13,0.6837582022347903,-0.17563502857306987
train_001995,14,0.6105304660795658,0.08253392834846604
train_001995,15,0.5296757406641431,-0.6194576253888417
train_001995,16,0.4236957323517813,-0.4878941839575546
train_001995,17,0.24076567899505402,-0.6444522715852943
train_001995,18,0.08869971729222004,-0.8704417326836332
train_001995,19,0.0,-0.7371049063984292
train_001995,20,0.0,-0.7734068803960313
train_001995,21,0.0,-0.774952262698435
train_001995,22,0.0,-0.49925606465706207
train_001995,23,0.0,-0.6091176419045974
train_001995,24,0.0,-0.8737903473604198
train_001996,1,0.0,0.48284854230660057
train_001996,2,0.0,-0.10718907681008424
train_001996,3,0.0,-0.20421045580301714
train_001996,4,0.0,0.24346093658485427
train_001996,5,0.0,0.16104580896940693
train_001996,6,0.0,-0.6504235353355909
train_001996,7,0.031889757495848346,-0.520330373631412
train_001996,8,0.1262422060669285,-0.08673032970135834
train_001996,9,0.26698830540646834,-0.5038609391330828
train_001996,10,0.4448869630761707,-0.21989816659032738
train_001996,11,0.577324558254952,0.3111176634431971
train_001996,12,0.5955015425066467,0.6278309168036276
train_001996,13,0.5736164171594346,0.002950896263408693
train_001996,14,0.5659216140360291,-0.5328176965363809
train_001996,15,0.4732028229652427,0.1645699910115083
train_001996,16,0.34529854197437937,-0.6401806532951586
train_001996,17,0.20627915395350577,-0.4825076775352838
train_001996,18,0.06331991411799509,-0.8557385926260386
train_001996,19,0.0,-0.4246936765720678
train_001996,20,0.0,0.5149242317926828
train_001996,21,0.0,0.7417991985342356
train_001996,22,0.0,0.45040070503141344
train_001996,23,0.0,-0.5529141812209316
train_001996,24,0.0,-0.9673838623896158
train_001997,1,0.0,-0.9440919527043621
train_001997,2,0.0,-0.4064499061230938
train_001997,3,0.0,-0.3910380051789764
train_001997,4,0.0,-0.649972354334313
train_001997,5,0.0,-0.8864094799198157
train_001997,6,0.0,-0.897607524585909
train_001997,7,0.02151003635538927,-0.8779311510812484
train_001997,8,0.07305118707169768,-0.8177053149632924
train_001997,9,0.17817623366780572,-0.9242521041736896
train_001997,10,0.3166832331250394,-0.46657672591425725
train_001997,11,0.4500873814756431,0.04030405921189123
train_001997,12,0.512277206856259,0.3305067440075591
train_001997,13,0.5104565407262239,0.7102497229223399
train_001997,14,0.4496485689817586,0.4845902950892105
train_001997,15,0.45780786435204157,-0.03670093643491179
train_001997,16,0.41153031577205434,-0.11160684651745555
train_001997,17,0.210088878311382,-0.028129624554726132
train_001997,18,0.06531668597033102,-0.6403326841424015
train_001997,19,0.0,-0.48155173287915165
train_001997,20,0.0,-0.8704727165596952
train_001997,21,0.0,-0.3764331137104073
train_001997,22,0.0,-0.6387445091271656
train_001997,23,0.0,-0.6574933541937255
train_001997,24,0.0,-0.8093619004699938
train_001998,1,0.0,-0.5293369855314114
train_001998,2,0.0,-0.7040738174258439
train_001998,3,0.0,-0.8459872870494356
train_001998,4,0.0,-0.8656924086192814
train_001998,5,0.0,-0.47191461989472594
train_001998,6,0.0,-0.8525859586971315
train_001998,7,0.0416943723550534,-0.7397006682166162
train_001998,8,0.16112110944211888,-0.22090380174856897
train_001998,9,0.3119545599999236,-0.23809989725617578
train_001998,10,0.46856345363614993,-0.10418484798754236
train_001998,11,0.6396132453257094,0.46851031305025936
train_001998,12,0.733830014952727,0.140327106736636
train_001998,13,0.6905634221623651,-0.09155833787540389
train_001998,14,0.6232132873931291,-0.2512729671222442
train_001998,15,0.48853591116012596,-0.24084626335796197
train_001998,16,0.35150207386144416,-0.2601161164752789
train_001998,17,0.17658780950627795,-0.3783241723379973
train_001998,18,0.07102206142294651,0.5336898382038875
train_001998,19,0.0,0.1735239641520501
train_001998,20,0.0,-0.1845719584104511
train_001998,21,0.0,0.027180572195060364
train_001998,22,0.0,0.02577140375606895
train_001998,23,0.0,0.5854978201483996
train_001998,24,0.0,0.9140578046366471
train_001999,1,0.0,-0.14788163853006525
train_001999,2,0.0,-0.5098237861473125
train_001999,3,0.0,-0.32491358187955294
train_001999,4,0.0,-0.6261684483860347
train_001999,5,0.0,-0.5889141487694558
train_001999,6,0.0,-0.5678362829479064
train_001999,7,0.04319382255442733,-0.5510913570841448
train_001999,8,0.1658260564351679,-0.48894117243985136
train_001999,9,0.34756789404078625,0.3832879571491359
train_001999,10,0.5891538474285896,0.3801768273803487
train_001999,11,0.7497870800462799,0.6470071198370029
train_001999,12,0.8733716684963371,0.5055279314388348
train_001999,13,0.8648453333255355,0.621034984983302
train_001999,14,0.8408275227296041,-0.759476008058287
train_001999,15,0.6824960729437466,-0.5766549416545417
train_001999,16,0.5238118209836108,-0.4592747695782223
train_001999,17,0.29867445059584813,-0.45641876136390175
train_001999,18,0.10157584370897574,-0.36251394645436086
train_001999,19,0.0,-0.1588318144121153
train_001999,20,0.0,-0.3536230000377748
train_001999,21,0.0,0.41898624295218323
train_001999,22,0.0,0.7419296364864902
train_001999,23,0.0,0.8022293202660569
train_001999,24,0.0,0.4496043193101193
train_002000,1,0.0,-0.30700941709976726
train_002000,2,0.0,-0.6549356790702359
train_002000,3,0.0,0.0742404399176641
train_002000,4,0.0,0.33021391163851116
train_002000,5,0.0,0.6302448382752774
train_002000,6,0.0,-0.22833312148011212
train_002000,7,0.04127043195881266,-0.2718753616053189
train_002000,8,0.17457668661496062,-0.08504069564625817
train_002000,9,0.3653511338844975,0.15477069366332474
train_002000,10,0.5941941079511693,0.545107992541388
train_002000,11,0.74708991111606,0.45629888923286993
train_002000,12,0.7544718028293632,0.23156634754072375
train_002000,13,0.8742613738399428,0.41772355527847993
train_002000,14,0.7907910732209912,0.7612231636682869
train_002000,15,0.6884068880236693,0.5754119270219684
train_002000,16,0.5550676005870692,0.5408357370051446
train_002000,17,0.32666596837502704,0.1946626085805069
train_002000,18,0.11210194479484369,0.011169892350231013
train_002000,19,0.0,0.32608322453161537
train_002000,20,0.0,-0.2406615464869879
train_002000,21,0.0,-0.13763207684883474
train_002000,22,0.0,0.0317260706177227
train_002000,23,0.0,-0.7027313143940136
train_002000,24,0.0,-0.33132107378832537
