run_id,case,pattern,solver,iteration,primal,dual,cost,reference_cost,model_A1,electric_original_A1,elapsed_sec
open_flexible--p1--swm--clarabel,open_flexible,1,clarabel,1,0.15826880951087932,0.7359559813651028,218.49523141868713,166.4154623792153,false,true,13.520999908447266
open_flexible--p1--swm--clarabel,open_flexible,1,clarabel,2,0.026839889629419633,0.20819791804648638,216.94252553740313,166.4154623792153,false,true,13.6489999294281
open_flexible--p1--swm--clarabel,open_flexible,1,clarabel,3,0.0209225924499028,0.060086024444729325,203.06157232248407,166.4154623792153,false,true,13.661999940872192
open_flexible--p1--swm--clarabel,open_flexible,1,clarabel,4,0.012388183520388008,0.060087621653828166,198.46210978208134,166.4154623792153,false,true,13.67300009727478
open_flexible--p1--swm--clarabel,open_flexible,1,clarabel,5,0.004733256556840648,0.060011049238046066,194.32201714674818,166.4154623792153,false,true,13.687000036239624
open_flexible--p1--swm--clarabel,open_flexible,1,clarabel,6,0.0008408073584126319,0.05979128972077702,189.99501634183906,166.4154623792153,false,true,13.700000047683716
open_flexible--p1--swm--clarabel,open_flexible,1,clarabel,7,0.011544588560812863,0.05853236006959406,184.97852653684566,166.4154623792153,false,false,13.713000059127808
open_flexible--p1--swm--clarabel,open_flexible,1,clarabel,8,0.01553645284658195,0.05767015933394609,180.09632776526047,166.4154623792153,false,false,13.7260000705719
open_flexible--p1--swm--clarabel,open_flexible,1,clarabel,9,0.012256961227146923,0.0583962246636443,175.97436321684296,166.4154623792153,false,false,13.736999988555908
open_flexible--p1--swm--clarabel,open_flexible,1,clarabel,10,0.008519111251206385,0.05855794969126338,173.06026835116,166.4154623792153,false,true,13.750999927520752
open_flexible--p1--swm--clarabel,open_flexible,1,clarabel,11,0.022757511368234007,0.037053305105722134,174.91104853549575,166.4154623792153,false,true,13.763999938964844
open_flexible--p1--swm--clarabel,open_flexible,1,clarabel,12,0.019157399514513784,0.032091467204710566,173.7093447533186,166.4154623792153,false,true,13.776999950408936
open_flexible--p1--swm--clarabel,open_flexible,1,clarabel,13,0.010451114327529876,0.027266945076750537,172.4560721628207,166.4154623792153,false,true,13.789000034332275
open_flexible--p1--swm--clarabel,open_flexible,1,clarabel,14,0.006378369108333282,0.020583143228068757,171.92446591121478,166.4154623792153,false,true,13.802000045776367
open_flexible--p1--swm--clarabel,open_flexible,1,clarabel,15,0.009374969620236207,0.013736228256679972,171.2942872952628,166.4154623792153,false,true,13.815999984741211
open_flexible--p1--swm--clarabel,open_flexible,1,clarabel,16,0.008687267875087334,0.012618112560276173,170.6739932249476,166.4154623792153,false,true,13.8510000705719
open_flexible--p1--swm--clarabel,open_flexible,1,clarabel,17,0.006021542574718597,0.011506353046226048,170.13702682301704,166.4154623792153,false,true,13.865000009536743
open_flexible--p1--swm--clarabel,open_flexible,1,clarabel,18,0.00394900253664171,0.010801494948028956,169.70342804700647,166.4154623792153,false,false,13.878000020980835
open_flexible--p1--swm--clarabel,open_flexible,1,clarabel,19,0.0035692548153436476,0.011093459877360878,169.38143887509517,166.4154623792153,false,true,13.888999938964844
open_flexible--p1--swm--clarabel,open_flexible,1,clarabel,20,0.002823414336907859,0.011085343458110075,169.16892169053227,166.4154623792153,false,true,13.901999950408936
open_flexible--p1--swm--clarabel,open_flexible,1,clarabel,21,0.002287595085099736,0.010949157902721995,169.04853442525837,166.4154623792153,false,true,13.914999961853027
open_flexible--p1--swm--clarabel,open_flexible,1,clarabel,22,0.002122535817487725,0.010810498300258709,168.9891725230082,166.4154623792153,false,true,13.92799997329712
open_flexible--p1--swm--clarabel,open_flexible,1,clarabel,23,0.0016910139253548673,0.010718588946740715,168.93273346496858,166.4154623792153,false,true,13.940000057220459
open_flexible--p1--swm--clarabel,open_flexible,1,clarabel,24,0.003302644679374911,0.010723415991879204,168.6723734653508,166.4154623792153,false,true,13.95300006866455
open_flexible--p1--swm--clarabel,open_flexible,1,clarabel,25,0.0046186888858931185,0.010722645660997454,168.43281708841167,166.4154623792153,false,true,13.969000101089478
open_flexible--p1--swm--clarabel,open_flexible,1,clarabel,26,0.005294085453583286,0.010711093478764089,168.24098977612698,166.4154623792153,false,true,13.983000040054321
open_flexible--p1--swm--clarabel,open_flexible,1,clarabel,27,0.005408061291860056,0.010698004403938088,168.08815398604713,166.4154623792153,false,true,13.998000144958496
open_flexible--p1--swm--clarabel,open_flexible,1,clarabel,28,0.0050607354891021306,0.01068703056570297,167.96721305596319,166.4154623792153,false,true,14.009999990463257
open_flexible--p1--swm--clarabel,open_flexible,1,clarabel,29,0.002200714138534954,0.010685139543646915,168.1100839480705,166.4154623792153,false,true,14.0239999294281
open_flexible--p1--swm--clarabel,open_flexible,1,clarabel,30,0.000491877752870018,0.010680646998726173,168.16394834950438,166.4154623792153,false,true,14.049999952316284
open_flexible--p1--swm--clarabel,open_flexible,1,clarabel,31,0.00021461016299256785,0.010675617461657794,167.97882234726117,166.4154623792153,false,true,14.062999963760376
open_flexible--p1--swm--clarabel,open_flexible,1,clarabel,32,0.00012488086975159796,0.010669513516402995,167.8067877904317,166.4154623792153,false,true,14.074000120162964
open_flexible--p1--swm--clarabel,open_flexible,1,clarabel,33,0.00020347321965780152,0.01066366494700044,167.6454294635766,166.4154623792153,false,true,14.08899998664856
open_flexible--p1--swm--clarabel,open_flexible,1,clarabel,34,0.000977285140353945,0.010657586356050963,167.40868472136438,166.4154623792153,false,true,14.101999998092651
open_flexible--p1--swm--clarabel,open_flexible,1,clarabel,35,0.003995659192412793,0.010651608075568642,167.00364160284684,166.4154623792153,false,true,14.115000009536743
open_flexible--p1--swm--clarabel,open_flexible,1,clarabel,36,0.005987855293627886,0.01064606984065275,166.72045856068607,166.4154623792153,false,true,14.127000093460083
open_flexible--p1--swm--clarabel,open_flexible,1,clarabel,37,0.007127464534355421,0.010640822297930952,166.53370537785983,166.4154623792153,false,true,14.140000104904175
open_flexible--p1--swm--clarabel,open_flexible,1,clarabel,38,0.007492817996642143,0.010635694454421252,166.4321700683169,166.4154623792153,false,true,14.154000043869019
open_flexible--p1--swm--clarabel,open_flexible,1,clarabel,39,0.0071663611318081855,0.010630556060052143,166.4054672696748,166.4154623792153,false,true,14.16700005531311
open_flexible--p1--swm--clarabel,open_flexible,1,clarabel,40,0.0058999376920471636,0.010624806328224712,166.48026155329978,166.4154623792153,false,true,14.17900013923645
open_flexible--p1--swm--clarabel,open_flexible,1,clarabel,41,0.0033015164083985415,0.010619600516207583,166.69556977165547,166.4154623792153,false,true,14.200999975204468
open_flexible--p1--swm--clarabel,open_flexible,1,clarabel,42,0.000797058210106838,0.010614301616999944,166.89391989329658,166.4154623792153,false,true,14.213000059127808
open_flexible--p1--swm--clarabel,open_flexible,1,clarabel,43,0.0009540449083410563,0.010609243031272308,167.00592704739705,166.4154623792153,false,true,14.225000143051147
open_flexible--p1--swm--clarabel,open_flexible,1,clarabel,44,0.0017693414303501243,0.010603949420914582,167.01620357373784,166.4154623792153,false,true,14.23799991607666
open_flexible--p1--swm--clarabel,open_flexible,1,clarabel,45,0.0017976987919217646,0.010598232862672141,166.9438110536942,166.4154623792153,false,true,14.25
open_flexible--p1--swm--clarabel,open_flexible,1,clarabel,46,0.0013374355446827413,0.010593130201910397,166.82161901406468,166.4154623792153,false,true,14.26200008392334
open_flexible--p1--swm--clarabel,open_flexible,1,clarabel,47,0.0006975066617408987,0.010588522548086468,166.68203640481113,166.4154623792153,false,true,14.275000095367432
open_flexible--p1--swm--clarabel,open_flexible,1,clarabel,48,0.0001384902691470291,0.01058357404452151,166.54938533611346,166.4154623792153,false,true,14.286999940872192
open_flexible--p1--swm--clarabel,open_flexible,1,clarabel,49,0.00028162717332574916,0.01057798701692364,166.43686676148394,166.4154623792153,false,true,14.308000087738037
open_flexible--p1--swm--clarabel,open_flexible,1,clarabel,50,0.0014445930161669784,0.009125007428350207,166.3046283482515,166.4154623792153,false,true,14.321000099182129
open_flexible--p1--swm--clarabel,open_flexible,1,clarabel,51,0.0032995039332284204,0.00628186061914926,166.2001733836937,166.4154623792153,false,true,14.33299994468689
open_flexible--p1--swm--clarabel,open_flexible,1,clarabel,52,0.0036097599729203456,0.0035209799027403205,166.18930678584982,166.4154623792153,false,true,14.34500002861023
open_flexible--p1--swm--clarabel,open_flexible,1,clarabel,53,0.003087615124435547,0.001113120160828207,166.23131888109197,166.4154623792153,false,true,14.358999967575073
open_flexible--p1--swm--clarabel,open_flexible,1,clarabel,54,0.0021722230125919006,0.000915324502708259,166.29569513403956,166.4154623792153,false,true,14.373000144958496
open_flexible--p1--swm--clarabel,open_flexible,1,clarabel,55,0.0011898212967807464,0.0015574427922735445,166.35976191485477,166.4154623792153,false,true,14.385999917984009
open_flexible--p1--swm--clarabel,open_flexible,1,clarabel,56,0.000352403325973083,0.0018577321835014926,166.41019185997965,166.4154623792153,false,true,14.40499997138977
open_flexible--p1--swm--clarabel,open_flexible,1,clarabel,57,0.0002360259532779574,0.0016929177840076665,166.44210597756773,166.4154623792153,false,true,14.418999910354614
open_flexible--p1--swm--clarabel,open_flexible,1,clarabel,58,0.0005578676517680736,0.0012695782677612927,166.45655000913945,166.4154623792153,false,true,14.433000087738037
open_flexible--p1--swm--clarabel,open_flexible,1,clarabel,59,0.0006526578448825954,0.0007654051211925667,166.4577381898074,166.4154623792153,false,true,14.444999933242798
open_flexible--p1--swm--clarabel,open_flexible,1,clarabel,60,0.0005880524204469328,0.00030639443282869105,166.45079343406772,166.4154623792153,false,true,14.456000089645386
open_flexible--p1--swm--clarabel,open_flexible,1,clarabel,61,0.00043641158461898977,0.00015275873764802883,166.4403547986598,166.4154623792153,false,true,14.467999935150146
open_flexible--p1--swm--clarabel,open_flexible,1,clarabel,62,0.00025929679288462515,0.000244645006107741,166.42984654605738,166.4154623792153,false,true,14.48799991607666
open_flexible--p1--swm--clarabel,open_flexible,1,clarabel,63,9.986937988125388e-5,0.00032730531411880037,166.42130237516025,166.4154623792153,false,true,14.500999927520752
open_flexible--p1--swm--clarabel,open_flexible,1,clarabel,64,1.9086893634057134e-5,0.0003167970842031659,166.4155410945997,166.4154623792153,false,true,14.513999938964844
open_flexible--p1--swm--clarabel,open_flexible,1,clarabel,65,8.849718125504558e-5,0.00025024953399355176,166.41250886196497,166.4154623792153,false,true,14.526000022888184
open_flexible--p1--swm--clarabel,open_flexible,1,clarabel,66,0.00011543070525250887,0.0001614021550620931,166.41164170367375,166.4154623792153,false,true,14.539000034332275
open_flexible--p1--swm--clarabel,open_flexible,1,clarabel,67,0.0001103439620201152,0.00014276337696461638,166.41220117222326,166.4154623792153,false,true,14.552000045776367
open_flexible--p1--swm--clarabel,open_flexible,1,clarabel,68,8.62767199931308e-5,0.00013945602437970273,166.41349058267895,166.4154623792153,false,true,14.571000099182129
open_flexible--p1--swm--clarabel,open_flexible,1,clarabel,69,5.494509216753818e-5,0.00013605781508641002,166.41496694270302,166.4154623792153,false,true,14.58299994468689
open_flexible--p1--swm--clarabel,open_flexible,1,clarabel,70,2.502315595313831e-5,0.0001351841041244417,166.41628197032549,166.4154623792153,false,true,14.595999956130981
open_flexible--p1--swm--clarabel,open_flexible,1,clarabel,71,3.0013210320367634e-6,0.00013492803976222767,166.4172656223976,166.4154623792153,true,true,14.60700011253357
open_flexible--p1--swm--clarabel,open_flexible,1,clarabel,72,1.322581029336578e-5,0.00013492975551709918,166.41787979576716,166.4154623792153,false,true,14.620000123977661
open_flexible--p1--swm--clarabel,open_flexible,1,clarabel,73,1.998397551290776e-5,0.00013490886393052737,166.4181665591656,166.4154623792153,false,true,14.631999969482422
open_flexible--p1--swm--clarabel,open_flexible,1,clarabel,74,2.040830222202472e-5,0.00013484136485508724,166.41821184798442,166.4154623792153,false,true,14.650000095367432
open_flexible--p1--swm--clarabel,open_flexible,1,clarabel,75,1.6807155369447102e-5,0.00013473081671844245,166.41810441986922,166.4154623792153,false,true,14.661999940872192
open_flexible--p1--swm--clarabel,open_flexible,1,clarabel,76,1.1380916760020399e-5,0.0001345949295613602,166.41791955486758,166.4154623792153,false,true,14.674000024795532
open_flexible--p1--swm--clarabel,open_flexible,1,clarabel,77,5.845515215249786e-6,0.0001345053994037948,166.41771286093723,166.4154623792153,false,true,14.686000108718872
open_flexible--p1--swm--clarabel,open_flexible,1,clarabel,78,1.2905235031723805e-6,0.00013439566231254751,166.4175230107127,166.4154623792153,true,true,14.700000047683716
open_flexible--p1--swm--clarabel,open_flexible,1,clarabel,79,1.7910309710739147e-6,0.0001342610605433725,166.4173714857974,166.4154623792153,true,true,14.71399998664856
open_flexible--p1--swm--clarabel,open_flexible,1,clarabel,80,3.370991155646208e-6,0.00013411025407872312,166.4172626937914,166.4154623792153,true,true,14.73200011253357
open_flexible--p1--swm--clarabel,open_flexible,1,clarabel,81,3.7165702969216285e-6,0.00013395672163868388,166.41719240153787,166.4154623792153,true,true,14.74399995803833
open_flexible--p1--swm--clarabel,open_flexible,1,clarabel,82,3.227870697633528e-6,0.00013380929041612033,166.41715227539675,166.4154623792153,true,true,14.756999969482422
open_flexible--p1--swm--clarabel,open_flexible,1,clarabel,83,2.312099914650312e-6,0.000133672346846192,166.4171327099175,166.4154623792153,true,true,14.769000053405762
open_flexible--p1--swm--clarabel,open_flexible,1,clarabel,84,1.3037777768232228e-6,0.00013354617105920674,166.41712471665642,166.4154623792153,true,true,14.781000137329102
open_flexible--p1--swm--clarabel,open_flexible,1,clarabel,85,5.955954369696315e-7,0.0001334282551737065,166.41712103684876,166.4154623792153,true,true,14.793999910354614
open_flexible--p1--swm--clarabel,open_flexible,1,clarabel,86,5.940177346119846e-7,0.000133314946905716,166.41711662811807,166.4154623792153,true,true,14.811000108718872
open_flexible--p1--swm--clarabel,open_flexible,1,clarabel,87,6.385931373698028e-7,0.00013320282476442236,166.41710866302628,166.4154623792153,true,true,14.825000047683716
open_flexible--p1--swm--clarabel,open_flexible,1,clarabel,88,7.084977857729768e-7,0.0001330895532165033,166.41709618787212,166.4154623792153,true,true,14.837000131607056
open_flexible--p1--swm--clarabel,open_flexible,1,clarabel,89,7.84575942713861e-7,0.00013297409945711713,166.41707958782962,166.4154623792153,true,true,14.850000143051147
open_flexible--p1--swm--clarabel,open_flexible,1,clarabel,90,8.538073503761012e-7,0.00013285656187272954,166.41705999963506,166.4154623792153,true,true,14.861999988555908
open_flexible--p1--swm--clarabel,open_flexible,1,clarabel,91,9.105042921841999e-7,0.00013273773716537818,166.41703878812493,166.4154623792153,true,true,14.878999948501587
open_flexible--p1--swm--clarabel,open_flexible,1,clarabel,92,9.551235911064992e-7,0.00013261865492719682,166.41701715820417,166.4154623792153,true,true,14.891999959945679
open_flexible--p1--swm--clarabel,open_flexible,1,clarabel,93,9.919479788678132e-7,0.0001325002486035065,166.4169959406671,166.4154623792153,true,true,14.904000043869019
open_flexible--p1--swm--clarabel,open_flexible,1,clarabel,94,1.026592178099417e-6,0.00013238314451358146,166.41697553663153,166.4154623792153,true,true,14.916000127792358
open_flexible--p1--swm--clarabel,open_flexible,1,clarabel,95,1.0641330751015587e-6,0.00013226764353124754,166.41695598735353,166.4154623792153,true,true,14.92799997329712
open_flexible--p1--swm--clarabel,open_flexible,1,clarabel,96,1.1080340494018515e-6,0.000132153764833165,166.41693710828352,166.4154623792153,true,true,14.940000057220459
open_flexible--p1--swm--clarabel,open_flexible,1,clarabel,97,1.159923252280759e-6,0.0001320413721217495,166.41691864006123,166.4154623792153,true,true,14.95799994468689
open_flexible--p1--swm--clarabel,open_flexible,1,clarabel,98,1.2199280877700502e-6,0.00013193028335989343,166.41690037313393,166.4154623792153,true,true,14.970999956130981
open_flexible--p1--swm--clarabel,open_flexible,1,clarabel,99,1.2873053156781111e-6,0.00013182036332776148,166.41688222501816,166.4154623792153,true,true,14.985000133514404
open_flexible--p1--swm--clarabel,open_flexible,1,clarabel,100,1.3610290046650597e-6,0.00013171155419577918,166.41686425864768,166.4154623792153,true,true,14.996999979019165
open_flexible--p1--swm--clarabel,open_flexible,1,clarabel,101,1.4403165315979294e-6,0.00013160390890404328,166.41684666407272,166.4154623792153,true,true,15.009999990463257
open_flexible--p1--swm--clarabel,open_flexible,1,clarabel,102,1.5248035929449344e-6,0.00013149753569430267,166.41682970229425,166.4154623792153,true,true,15.023000001907349
open_flexible--p1--swm--clarabel,open_flexible,1,clarabel,103,1.6146327413979478e-6,0.00013139260234462657,166.4168136489205,166.4154623792153,true,true,15.041000127792358
open_flexible--p1--swm--clarabel,open_flexible,1,clarabel,104,1.7103250743999432e-6,0.00013128936400830238,166.41679873902996,166.4154623792153,true,true,15.05299997329712
open_flexible--p1--swm--clarabel,open_flexible,1,clarabel,105,1.8126651239458447e-6,0.0001311880310858604,166.41678514728665,166.4154623792153,true,true,15.065000057220459
open_flexible--p1--swm--clarabel,open_flexible,1,clarabel,106,1.92251672886945e-6,0.00013108859588062405,166.41677297393738,166.4154623792153,true,true,15.07800006866455
open_flexible--p1--swm--clarabel,open_flexible,1,clarabel,107,2.0406379503401517e-6,0.00013099111322584234,166.4167622222601,166.4154623792153,true,true,15.089999914169312
open_flexible--p1--swm--clarabel,open_flexible,1,clarabel,108,2.1676843636186938e-6,0.00013089586048931068,166.4167528403254,166.4154623792153,true,true,15.101999998092651
open_flexible--p1--swm--clarabel,open_flexible,1,clarabel,109,2.3042228401437548e-6,0.00013080297490974946,166.41674477213004,166.4154623792153,true,true,15.123000144958496
open_flexible--p1--swm--clarabel,open_flexible,1,clarabel,110,2.4507378817428815e-6,0.00013071261087804764,166.41673796134035,166.4154623792153,true,true,15.134000062942505
open_flexible--p1--swm--clarabel,open_flexible,1,clarabel,111,2.6073144516192137e-6,0.00013062473027508625,166.4167323454644,166.4154623792153,true,true,15.147000074386597
open_flexible--p1--swm--clarabel,open_flexible,1,clarabel,112,2.7743126685964015e-6,0.00013053914379873577,166.41672793365728,166.4154623792153,true,true,15.160000085830688
open_flexible--p1--swm--clarabel,open_flexible,1,clarabel,113,2.952595984095918e-6,0.00013045625699331653,166.41672476064338,166.4154623792153,true,true,15.17300009727478
open_flexible--p1--swm--clarabel,open_flexible,1,clarabel,114,3.142001667011396e-6,0.00013037683574768089,166.41672278255476,166.4154623792153,true,true,15.187000036239624
open_flexible--p1--swm--clarabel,open_flexible,1,clarabel,115,3.3427880696268453e-6,0.0001303006865507328,166.41672213399184,166.4154623792153,true,true,15.206000089645386
open_flexible--p1--swm--clarabel,open_flexible,1,clarabel,116,3.5549035286019937e-6,0.00013022781004895512,166.41672287691694,166.4154623792153,true,true,15.219000101089478
open_flexible--p1--swm--clarabel,open_flexible,1,clarabel,117,3.778110424512704e-6,0.00013015817239503402,166.41672508998457,166.4154623792153,true,true,15.233000040054321
open_flexible--p1--swm--clarabel,open_flexible,1,clarabel,118,4.012326310198766e-6,0.00013009157126814275,166.41672878311118,166.4154623792153,true,true,15.245000123977661
open_flexible--p1--swm--clarabel,open_flexible,1,clarabel,119,4.257103942639784e-6,0.0001300280434037293,166.41673394516096,166.4154623792153,true,true,15.258000135421753
open_flexible--p1--swm--clarabel,open_flexible,1,clarabel,120,4.513172441378277e-6,0.00012996786511443315,166.41674072461072,166.4154623792153,true,true,15.270999908447266
open_flexible--p1--swm--clarabel,open_flexible,1,clarabel,121,4.777368607711274e-6,0.0001299100455005031,166.41674886439017,166.4154623792153,true,true,15.289999961853027
open_flexible--p1--swm--clarabel,open_flexible,1,clarabel,122,5.0492944718150135e-6,0.0001298545208804347,166.41675835526252,166.4154623792153,true,true,15.302000045776367
open_flexible--p1--swm--clarabel,open_flexible,1,clarabel,123,5.328250242742083e-6,0.0001298007147093605,166.41676919563452,166.4154623792153,true,true,15.315999984741211
open_flexible--p1--swm--clarabel,open_flexible,1,clarabel,124,5.613318967312431e-6,0.0001297478416787956,166.41678137695766,166.4154623792153,false,true,15.328999996185303
open_flexible--p1--swm--clarabel,open_flexible,1,clarabel,125,5.903400113527191e-6,0.00012969475487001336,166.4167948989488,166.4154623792153,false,true,15.341000080108643
open_flexible--p1--swm--clarabel,open_flexible,1,clarabel,126,6.197284784570378e-6,0.0001296398501984819,166.4168097921394,166.4154623792153,false,true,15.361000061035156
open_flexible--p1--swm--clarabel,open_flexible,1,clarabel,127,6.493727110534753e-6,0.00012958092065934457,166.41682614249322,166.4154623792153,false,true,15.375
open_flexible--p1--swm--clarabel,open_flexible,1,clarabel,128,6.7916990018623835e-6,0.00012951898267399287,166.41684413776682,166.4154623792153,false,true,15.38700008392334
open_flexible--p1--swm--clarabel,open_flexible,1,clarabel,129,7.090400155229659e-6,0.00012945001361819308,166.41686409112583,166.4154623792153,false,true,15.401000022888184
open_flexible--p1--swm--clarabel,open_flexible,1,clarabel,130,7.389532592605441e-6,0.00012936676264718727,166.41688649616128,166.4154623792153,false,true,15.416000127792358
open_flexible--p1--swm--clarabel,open_flexible,1,clarabel,131,7.689393186849358e-6,0.00012926285922554293,166.41691206486416,166.4154623792153,false,true,15.42900013923645
open_flexible--p1--swm--clarabel,open_flexible,1,clarabel,132,7.991164273746243e-6,0.00012912993304525777,166.41694178851327,166.4154623792153,false,true,15.450000047683716
open_flexible--p1--swm--clarabel,open_flexible,1,clarabel,133,8.297024760628435e-6,0.0001289570500878634,166.41697697905582,166.4154623792153,false,true,15.462000131607056
open_flexible--p1--swm--clarabel,open_flexible,1,clarabel,134,8.610344310988616e-6,0.0001287301209003111,166.41701931279425,166.4154623792153,false,true,15.475000143051147
open_flexible--p1--swm--clarabel,open_flexible,1,clarabel,135,8.931283289603797e-6,0.00012843049500055326,166.41707039797416,166.4154623792153,false,true,15.489000082015991
open_flexible--p1--swm--clarabel,open_flexible,1,clarabel,136,9.274151024418753e-6,0.00012803798495686358,166.41713350698518,166.4154623792153,false,true,15.503000020980835
open_flexible--p1--swm--clarabel,open_flexible,1,clarabel,137,9.644453781987306e-6,0.00012752276681704533,166.41721131291223,166.4154623792153,false,true,15.515000104904175
open_flexible--p1--swm--clarabel,open_flexible,1,clarabel,138,1.0049639654785558e-5,0.0001268516822050536,166.41730676768083,166.4154623792153,false,true,15.533999919891357
open_flexible--p1--swm--clarabel,open_flexible,1,clarabel,139,1.0498150985471799e-5,0.00012598541627917292,166.4174229653189,166.4154623792153,false,true,15.546000003814697
open_flexible--p1--swm--clarabel,open_flexible,1,clarabel,140,1.0998792773608823e-5,0.00012487849368658654,166.4175629052703,166.4154623792153,false,true,15.558000087738037
open_flexible--p1--swm--clarabel,open_flexible,1,clarabel,141,1.1559747975786738e-5,0.0001234798335578713,166.41772916012792,166.4154623792153,false,true,15.571000099182129
open_flexible--p1--swm--clarabel,open_flexible,1,clarabel,142,1.2186994975349474e-5,0.00012173397891801496,166.4179234290026,166.4154623792153,false,true,15.58400011062622
open_flexible--p1--swm--clarabel,open_flexible,1,clarabel,143,1.288273307764598e-5,0.00011958325269367798,166.41814604973132,166.4154623792153,false,true,15.598000049591064
open_flexible--p1--swm--clarabel,open_flexible,1,clarabel,144,1.3643543681662873e-5,0.0001169707607208137,166.41839546197934,166.4154623792153,false,true,15.615999937057495
open_flexible--p1--swm--clarabel,open_flexible,1,clarabel,145,1.4458785736359836e-5,0.00011384443157558266,166.41866770699005,166.4154623792153,false,true,15.628999948501587
open_flexible--p1--swm--clarabel,open_flexible,1,clarabel,146,1.530852856967968e-5,0.00011016180494916039,166.4189559610601,166.4154623792153,false,true,15.641000032424927
open_flexible--p1--swm--clarabel,open_flexible,1,clarabel,147,1.6558120218779226e-5,0.00010589570104768686,166.41925029272062,166.4154623792153,false,true,15.65499997138977
open_flexible--p1--swm--clarabel,open_flexible,1,clarabel,148,1.855079400386872e-5,0.00010103995566335122,166.41953768515975,166.4154623792153,false,true,15.668999910354614
open_flexible--p1--swm--clarabel,open_flexible,1,clarabel,149,2.041505574434943e-5,9.561479207353951e-5,166.41980243374113,166.4154623792153,false,true,15.683000087738037
open_flexible--p1--swm--clarabel,open_flexible,1,clarabel,150,2.204486354656643e-5,8.967098924228534e-5,166.42002702136892,166.4154623792153,false,true,15.702000141143799
open_flexible--p1--swm--clarabel,open_flexible,1,clarabel,151,2.3333640924494414e-5,8.329187296318707e-5,166.42019345251367,166.4154623792153,false,true,15.714999914169312
open_flexible--p1--swm--clarabel,open_flexible,1,clarabel,152,2.4185001612941903e-5,7.659233744961025e-5,166.42028497100443,166.4154623792153,false,true,15.726999998092651
open_flexible--p1--swm--clarabel,open_flexible,1,clarabel,153,2.4523874319670735e-5,6.97144020290752e-5,166.4202879651906,166.4154623792153,false,true,15.739000082015991
open_flexible--p1--swm--clarabel,open_flexible,1,clarabel,154,2.430613170134599e-5,6.281932253004996e-5,166.42019378383375,166.4154623792153,false,true,15.753000020980835
open_flexible--p1--swm--clarabel,open_flexible,1,clarabel,155,2.3524920022388596e-5,5.607682868957742e-5,166.4200001736832,166.4154623792153,false,true,15.766000032424927
open_flexible--p1--swm--clarabel,open_flexible,1,clarabel,156,2.2214325584357653e-5,4.9660016396169127e-5,166.41971229377882,166.4154623792153,false,true,15.785000085830688
open_flexible--p1--swm--clarabel,open_flexible,1,clarabel,157,2.0443699691008455e-5,4.370927534691482e-5,166.4193405080971,166.4154623792153,false,true,15.799999952316284
open_flexible--p1--swm--clarabel,open_flexible,1,clarabel,158,1.831268289298471e-5,3.834589644835518e-5,166.41890327716303,166.4154623792153,false,true,15.812999963760376
open_flexible--p1--swm--clarabel,open_flexible,1,clarabel,159,1.5940916403889283e-5,3.365693126566871e-5,166.41842289524197,166.4154623792153,false,true,15.825000047683716
open_flexible--p1--swm--clarabel,open_flexible,1,clarabel,160,1.3455962670050337e-5,2.96910290544794e-5,166.41792362020058,166.4154623792153,false,true,15.838000059127808
open_flexible--p1--swm--clarabel,open_flexible,1,clarabel,161,1.0981730792058997e-5,2.645719623439735e-5,166.4174295372232,166.4154623792153,false,true,15.858000040054321
open_flexible--p1--swm--clarabel,open_flexible,1,clarabel,162,8.628853095382638e-6,2.5711290018937127e-5,166.41696255871867,166.4154623792153,false,true,15.871999979019165
open_flexible--p1--swm--clarabel,open_flexible,1,clarabel,163,6.487411318034653e-6,2.6171093104654375e-5,166.41654081073622,166.4154623792153,false,true,15.885999917984009
open_flexible--p1--swm--clarabel,open_flexible,1,clarabel,164,4.622519944319503e-6,2.6126621980648856e-5,166.41617753178164,166.4154623792153,true,true,15.8989999294281
open_flexible--p2--swm--clarabel,open_flexible,2,clarabel,1,0.15800443991877802,0.7359559799883996,222.5083149683453,167.9174713590448,false,true,0.0410001277923584
open_flexible--p2--swm--clarabel,open_flexible,2,clarabel,2,0.07715771458332926,0.22597334200382718,219.7229798959187,167.9174713590448,false,true,0.05299997329711914
open_flexible--p2--swm--clarabel,open_flexible,2,clarabel,3,0.023528387869162115,0.11195599814238927,203.21994574439424,167.9174713590448,false,true,0.06599998474121094
open_flexible--p2--swm--clarabel,open_flexible,2,clarabel,4,0.004989826422213517,0.06099738027201068,199.10932188181096,167.9174713590448,false,false,0.07800006866455078
open_flexible--p2--swm--clarabel,open_flexible,2,clarabel,5,0.002491390996317768,0.06171901678956332,194.9256100542567,167.9174713590448,false,true,0.08899998664855957
open_flexible--p2--swm--clarabel,open_flexible,2,clarabel,6,0.00041945488937443877,0.05951310209518229,190.88928220216326,167.9174713590448,false,true,0.10100007057189941
open_flexible--p2--swm--clarabel,open_flexible,2,clarabel,7,0.0012174316474289348,0.059352297608028126,186.8464343357502,167.9174713590448,false,true,0.11400008201599121
open_flexible--p2--swm--clarabel,open_flexible,2,clarabel,8,0.002278688860790079,0.05934645579802483,182.73953918808192,167.9174713590448,false,true,0.127000093460083
open_flexible--p2--swm--clarabel,open_flexible,2,clarabel,9,0.014196390183427887,0.05859076000461799,180.56277653537654,167.9174713590448,false,true,0.13899993896484375
open_flexible--p2--swm--clarabel,open_flexible,2,clarabel,10,0.01713304971211349,0.05853670257232957,177.87952498641818,167.9174713590448,false,false,0.15199995040893555
open_flexible--p2--swm--clarabel,open_flexible,2,clarabel,11,0.023255065150056153,0.03844082255123382,177.7100576212762,167.9174713590448,false,true,0.1830000877380371
open_flexible--p2--swm--clarabel,open_flexible,2,clarabel,12,0.019490597145969124,0.030088727853771147,175.40509361796364,167.9174713590448,false,true,0.19499993324279785
open_flexible--p2--swm--clarabel,open_flexible,2,clarabel,13,0.011008442346708003,0.021579682784041543,173.360310194011,167.9174713590448,false,true,0.2070000171661377
open_flexible--p2--swm--clarabel,open_flexible,2,clarabel,14,0.012994009162773434,0.01683917893754261,172.03155428920616,167.9174713590448,false,true,0.21900010108947754
open_flexible--p2--swm--clarabel,open_flexible,2,clarabel,15,0.011952769864637725,0.013672413567926534,171.5018917409575,167.9174713590448,false,true,0.23200011253356934
open_flexible--p2--swm--clarabel,open_flexible,2,clarabel,16,0.013225917288819444,0.01261832129379059,171.04111078961265,167.9174713590448,false,true,0.24300003051757812
open_flexible--p2--swm--clarabel,open_flexible,2,clarabel,17,0.012896428897384182,0.011497555261353598,170.91243997343656,167.9174713590448,false,true,0.25500011444091797
open_flexible--p2--swm--clarabel,open_flexible,2,clarabel,18,0.010701394471092862,0.010845498596424363,171.05036971066778,167.9174713590448,false,true,0.26800012588500977
open_flexible--p2--swm--clarabel,open_flexible,2,clarabel,19,0.0014409757086093489,0.01099369758684876,172.12238519690194,167.9174713590448,false,true,0.2780001163482666
open_flexible--p2--swm--clarabel,open_flexible,2,clarabel,20,0.0009219860810942837,0.011302507418584296,171.98774894305208,167.9174713590448,false,true,0.29399991035461426
open_flexible--p2--swm--clarabel,open_flexible,2,clarabel,21,0.0007128795706759505,0.01107233608058178,171.86515561720546,167.9174713590448,false,true,0.30500006675720215
open_flexible--p2--swm--clarabel,open_flexible,2,clarabel,22,0.00046244104408310616,0.010856688042313434,171.7489521999039,167.9174713590448,false,true,0.31800007820129395
open_flexible--p2--swm--clarabel,open_flexible,2,clarabel,23,0.00021788914123810343,0.010773186069420182,171.6342968441578,167.9174713590448,false,true,0.32899999618530273
open_flexible--p2--swm--clarabel,open_flexible,2,clarabel,24,8.010150484805134e-5,0.01077763437072149,171.5172950076387,167.9174713590448,false,false,0.35700011253356934
open_flexible--p2--swm--clarabel,open_flexible,2,clarabel,25,0.00016731169389094802,0.010751479588584245,171.39398296952066,167.9174713590448,false,true,0.3680000305175781
open_flexible--p2--swm--clarabel,open_flexible,2,clarabel,26,0.0002707582097454808,0.010719907575413523,171.2644349953611,167.9174713590448,false,true,0.3810000419616699
open_flexible--p2--swm--clarabel,open_flexible,2,clarabel,27,0.00031471959048284814,0.010694780885509625,171.12773675936853,167.9174713590448,false,true,0.39300012588500977
open_flexible--p2--swm--clarabel,open_flexible,2,clarabel,28,0.0003077236643495018,0.010690044601204485,170.9849394772354,167.9174713590448,false,true,0.4049999713897705
open_flexible--p2--swm--clarabel,open_flexible,2,clarabel,29,0.0002625549150286899,0.010687041402734798,170.83760258953208,167.9174713590448,false,true,0.41499996185302734
open_flexible--p2--swm--clarabel,open_flexible,2,clarabel,30,0.0001953588388355909,0.01067984168987568,170.68775189723507,167.9174713590448,false,true,0.4270000457763672
open_flexible--p2--swm--clarabel,open_flexible,2,clarabel,31,0.000119452940636533,0.010672050998885907,170.5369129567494,167.9174713590448,false,true,0.43900012969970703
open_flexible--p2--swm--clarabel,open_flexible,2,clarabel,32,4.63262332468517e-5,0.010664760791994965,170.3865373256053,167.9174713590448,false,true,0.4500000476837158
open_flexible--p2--swm--clarabel,open_flexible,2,clarabel,33,2.0861341089417618e-5,0.010658847256829196,170.23769620258795,167.9174713590448,false,true,0.46200013160705566
open_flexible--p2--swm--clarabel,open_flexible,2,clarabel,34,5.8802054224094125e-5,0.010651899021466127,170.0915786726821,167.9174713590448,false,true,0.47499990463256836
open_flexible--p2--swm--clarabel,open_flexible,2,clarabel,35,8.543669225380413e-5,0.010645857826795835,169.9469381350886,167.9174713590448,false,true,0.48600006103515625
open_flexible--p2--swm--clarabel,open_flexible,2,clarabel,36,9.48495228476065e-5,0.01064056484735898,169.80449028871988,167.9174713590448,false,true,0.49900007247924805
open_flexible--p2--swm--clarabel,open_flexible,2,clarabel,37,8.98187466756295e-5,0.01063559689180138,169.66409746371585,167.9174713590448,false,true,0.5209999084472656
open_flexible--p2--swm--clarabel,open_flexible,2,clarabel,38,7.443578152244168e-5,0.010630630855614442,169.52520518918223,167.9174713590448,false,true,0.5329999923706055
open_flexible--p2--swm--clarabel,open_flexible,2,clarabel,39,5.313146378699285e-5,0.010625523171101658,169.38720845467853,167.9174713590448,false,true,0.5450000762939453
open_flexible--p2--swm--clarabel,open_flexible,2,clarabel,40,2.998185748820381e-5,0.010620269216006006,169.2495740263634,167.9174713590448,false,true,0.556999921798706
open_flexible--p2--swm--clarabel,open_flexible,2,clarabel,41,2.0839312504628005e-5,0.010614954830869161,169.1118187965011,167.9174713590448,false,true,0.5690000057220459
open_flexible--p2--swm--clarabel,open_flexible,2,clarabel,42,2.0836070399210538e-5,0.010609632242070788,168.97371948230673,167.9174713590448,false,true,0.5799999237060547
open_flexible--p2--swm--clarabel,open_flexible,2,clarabel,43,2.0832539687265506e-5,0.010604323992181475,168.83513372446546,167.9174713590448,false,true,0.5920000076293945
open_flexible--p2--swm--clarabel,open_flexible,2,clarabel,44,2.735826452932022e-5,0.010599035792893674,168.6960174934075,167.9174713590448,false,true,0.6040000915527344
open_flexible--p2--swm--clarabel,open_flexible,2,clarabel,45,2.8884773971005195e-5,0.010593751056615641,168.55642669679742,167.9174713590448,false,true,0.6150000095367432
open_flexible--p2--swm--clarabel,open_flexible,2,clarabel,46,2.6892312606774382e-5,0.010588235369540802,168.4166132174861,167.9174713590448,false,true,0.6349999904632568
open_flexible--p2--swm--clarabel,open_flexible,2,clarabel,47,2.217242769048111e-5,0.010583174129606215,168.27653203921395,167.9174713590448,false,true,0.6480000019073486
open_flexible--p2--swm--clarabel,open_flexible,2,clarabel,48,2.0814530290957922e-5,0.010574906173641763,168.13627774678673,167.9174713590448,false,true,0.6600000858306885
open_flexible--p2--swm--clarabel,open_flexible,2,clarabel,49,0.0012762907998581235,0.010496875268219047,167.95861262889755,167.9174713590448,false,true,0.6730000972747803
open_flexible--p2--swm--clarabel,open_flexible,2,clarabel,50,0.0032448563701717725,0.010451865249507461,167.77757092093282,167.9174713590448,false,true,0.684999942779541
open_flexible--p2--swm--clarabel,open_flexible,2,clarabel,51,0.003621070410035787,0.008074940240754475,167.6118332958876,167.9174713590448,false,true,0.6960000991821289
open_flexible--p2--swm--clarabel,open_flexible,2,clarabel,52,0.003549595991727994,0.005277001923362987,167.56506727487408,167.9174713590448,false,true,0.7079999446868896
open_flexible--p2--swm--clarabel,open_flexible,2,clarabel,53,0.003496501285708886,0.002578186631912338,167.61107269411693,167.9174713590448,false,true,0.7209999561309814
open_flexible--p2--swm--clarabel,open_flexible,2,clarabel,54,0.002784262165199225,0.0015215040159378135,167.70180164982347,167.9174713590448,false,true,0.7390000820159912
open_flexible--p2--swm--clarabel,open_flexible,2,clarabel,55,0.0018104248361232589,0.0018561387440403365,167.80120192759242,167.9174713590448,false,true,0.752000093460083
open_flexible--p2--swm--clarabel,open_flexible,2,clarabel,56,0.0008605622416114345,0.0017386416508151509,167.88605968802685,167.9174713590448,false,false,0.7620000839233398
open_flexible--p2--swm--clarabel,open_flexible,2,clarabel,57,0.0005467099576184076,0.0018444947368232018,167.9452660946627,167.9174713590448,false,false,0.7730000019073486
open_flexible--p2--swm--clarabel,open_flexible,2,clarabel,58,0.0006532417738107643,0.0015606290499311504,167.97691146606053,167.9174713590448,false,true,0.7860000133514404
open_flexible--p2--swm--clarabel,open_flexible,2,clarabel,59,0.0006177020218778306,0.0010888596293751468,167.98638619193036,167.9174713590448,false,false,0.7980000972747803
open_flexible--p2--swm--clarabel,open_flexible,2,clarabel,60,0.0006454928600577031,0.0005878628769123567,167.97941269632219,167.9174713590448,false,false,0.809999942779541
open_flexible--p2--swm--clarabel,open_flexible,2,clarabel,61,0.0005402106977153709,0.0002368239185016191,167.96418495687496,167.9174713590448,false,false,0.8269999027252197
open_flexible--p2--swm--clarabel,open_flexible,2,clarabel,62,0.0003725431289968856,0.00032613926826229045,167.94640265812632,167.9174713590448,false,false,0.8389999866485596
open_flexible--p2--swm--clarabel,open_flexible,2,clarabel,63,0.00019752580438736622,0.00031991883499994656,167.93038707922165,167.9174713590448,false,false,0.8540000915527344
open_flexible--p2--swm--clarabel,open_flexible,2,clarabel,64,8.59142586727285e-5,0.00033329100754575514,167.91847440895333,167.9174713590448,false,false,0.8659999370574951
open_flexible--p2--swm--clarabel,open_flexible,2,clarabel,65,0.00011511377281321622,0.00029780190376590965,167.91135584275605,167.9174713590448,false,false,0.878000020980835
open_flexible--p2--swm--clarabel,open_flexible,2,clarabel,66,0.00011149670249464838,0.00021929836988408835,167.90856475647342,167.9174713590448,false,false,0.8900001049041748
open_flexible--p2--swm--clarabel,open_flexible,2,clarabel,67,0.00011692805780016968,0.0001526998089064202,167.90899159647248,167.9174713590448,false,false,0.9079999923706055
open_flexible--p2--swm--clarabel,open_flexible,2,clarabel,68,0.00010335052993326599,0.00015270513780996087,167.91133638261147,167.9174713590448,false,false,0.9200000762939453
open_flexible--p2--swm--clarabel,open_flexible,2,clarabel,69,7.531760009227284e-5,0.00015270518774912478,167.9144236906434,167.9174713590448,false,false,0.931999921798706
open_flexible--p2--swm--clarabel,open_flexible,2,clarabel,70,4.3588342268030544e-5,0.00015269732406608671,167.9173838240277,167.9174713590448,false,false,0.9440000057220459
open_flexible--p2--swm--clarabel,open_flexible,2,clarabel,71,1.556606422892237e-5,0.00015267864511836482,167.91970133721162,167.9174713590448,false,false,0.9570000171661377
open_flexible--p2--swm--clarabel,open_flexible,2,clarabel,72,1.9860648711900186e-5,0.00015265173925282927,167.9211789874578,167.9174713590448,false,false,0.9700000286102295
open_flexible--p2--swm--clarabel,open_flexible,2,clarabel,73,2.058700521830048e-5,0.0001526189718981108,167.92185376252309,167.9174713590448,false,false,0.9879999160766602
open_flexible--p2--swm--clarabel,open_flexible,2,clarabel,74,2.082940219383378e-5,0.00015257883974539865,167.92190096396598,167.9174713590448,false,false,1.000999927520752
open_flexible--p2--swm--clarabel,open_flexible,2,clarabel,75,1.9497691864600597e-5,0.00015253142047155777,167.92154814201052,167.9174713590448,false,false,1.0130000114440918
open_flexible--p2--swm--clarabel,open_flexible,2,clarabel,76,1.497454192922465e-5,0.00015248337325901584,167.92101249708097,167.9174713590448,false,false,1.0250000953674316
open_flexible--p2--swm--clarabel,open_flexible,2,clarabel,77,9.319712754862763e-6,0.0001524335874638627,167.92046319154554,167.9174713590448,false,false,1.0380001068115234
open_flexible--p2--swm--clarabel,open_flexible,2,clarabel,78,4.032096208916869e-6,0.00015238082161050936,167.920007282023,167.9174713590448,true,false,1.056999921798706
open_flexible--p2--swm--clarabel,open_flexible,2,clarabel,79,3.3287646070551125e-6,0.00015232506189655215,167.91969334294882,167.9174713590448,true,false,1.068000078201294
open_flexible--p2--swm--clarabel,open_flexible,2,clarabel,80,3.7350031673877293e-6,0.00015226639792031982,167.91952415564776,167.9174713590448,true,false,1.0799999237060547
open_flexible--p2--swm--clarabel,open_flexible,2,clarabel,81,3.6377962649297713e-6,0.00015220514106051297,167.91947370213285,167.9174713590448,true,false,1.0920000076293945
open_flexible--p2--swm--clarabel,open_flexible,2,clarabel,82,3.6268692583663054e-6,0.0001521416239002038,167.91950312889765,167.9174713590448,true,false,1.1029999256134033
open_flexible--p2--swm--clarabel,open_flexible,2,clarabel,83,2.932986702841589e-6,0.0001520761529822945,167.91957309749063,167.9174713590448,true,false,1.1150000095367432
open_flexible--p2--swm--clarabel,open_flexible,2,clarabel,84,1.9450682958721544e-6,0.00015200896575240375,167.91965153783724,167.9174713590448,true,false,1.1340000629425049
open_flexible--p2--swm--clarabel,open_flexible,2,clarabel,85,9.611306402979025e-7,0.00015194026534715022,167.91971705906235,167.9174713590448,true,false,1.1459999084472656
open_flexible--p2--swm--clarabel,open_flexible,2,clarabel,86,5.450562756692534e-7,0.00015187018582363265,167.91975900759962,167.9174713590448,true,false,1.1570000648498535
open_flexible--p2--swm--clarabel,open_flexible,2,clarabel,87,6.721813567978074e-7,0.00015179884408900168,167.91977543289545,167.9174713590448,true,false,1.1689999103546143
open_flexible--p2--swm--clarabel,open_flexible,2,clarabel,88,6.246321322400661e-7,0.00015172628587101222,167.91977014414005,167.9174713590448,true,false,1.181999921798706
open_flexible--p2--swm--clarabel,open_flexible,2,clarabel,89,6.649373474054698e-7,0.00015165263249694583,167.91974976908992,167.9174713590448,true,false,1.194000005722046
open_flexible--p2--swm--clarabel,open_flexible,2,clarabel,90,5.666577572727149e-7,0.00015157796433284965,167.91972138157695,167.9174713590448,true,false,1.2130000591278076
open_flexible--p2--swm--clarabel,open_flexible,2,clarabel,91,3.981288654308912e-7,0.00015150227276772288,167.91969094238758,167.9174713590448,true,false,1.2239999771118164
open_flexible--p2--swm--clarabel,open_flexible,2,clarabel,92,3.7483048687114717e-7,0.00015142566569792404,167.91966254540915,167.9174713590448,true,false,1.2360000610351562
open_flexible--p2--swm--clarabel,open_flexible,2,clarabel,93,3.7438677052969993e-7,0.00015134819621531737,167.91963831451076,167.9174713590448,true,false,1.246999979019165
open_flexible--p2--swm--clarabel,open_flexible,2,clarabel,94,3.739756433973618e-7,0.00015126988088631776,167.91961872575015,167.9174713590448,true,false,1.2590000629425049
open_flexible--p2--swm--clarabel,open_flexible,2,clarabel,95,3.7359653309865237e-7,0.00015119080918912786,167.91960313127717,167.9174713590448,true,false,1.2699999809265137
open_flexible--p2--swm--clarabel,open_flexible,2,clarabel,96,3.732489552987772e-7,0.0001511110363785484,167.91959031037607,167.9174713590448,true,false,1.2880001068115234
open_flexible--p2--swm--clarabel,open_flexible,2,clarabel,97,3.7293227855839106e-7,0.00015103057361165462,167.91957892746518,167.9174713590448,true,false,1.2999999523162842
open_flexible--p2--swm--clarabel,open_flexible,2,clarabel,98,3.726459056330178e-7,0.00015094944087112872,167.91956784400048,167.9174713590448,true,false,1.312000036239624
open_flexible--p2--swm--clarabel,open_flexible,2,clarabel,99,3.7238767908176484e-7,0.00015086772539585347,167.91955627522697,167.9174713590448,true,false,1.3250000476837158
open_flexible--p2--swm--clarabel,open_flexible,2,clarabel,100,3.7215652909372565e-7,0.00015078546179858598,167.9195438212225,167.9174713590448,true,false,1.3370001316070557
open_flexible--p2--swm--clarabel,open_flexible,2,clarabel,101,3.7195189300787135e-7,0.0001507026633803532,167.91953040960715,167.9174713590448,true,false,1.3489999771118164
open_flexible--p2--swm--clarabel,open_flexible,2,clarabel,102,3.717736070663058e-7,0.00015061931246962423,167.9195161948145,167.9174713590448,true,false,1.3670001029968262
open_flexible--p2--swm--clarabel,open_flexible,2,clarabel,103,3.716215032922854e-7,0.0001505354524864444,167.91950144734258,167.9174713590448,true,false,1.378000020980835
open_flexible--p2--swm--clarabel,open_flexible,2,clarabel,104,3.7149391418633826e-7,0.00015045119371426274,167.91948645937742,167.9174713590448,true,false,1.3910000324249268
open_flexible--p2--swm--clarabel,open_flexible,2,clarabel,105,3.713930952220501e-7,0.00015036641199939194,167.9194714810131,167.9174713590448,true,false,1.4010000228881836
open_flexible--p2--swm--clarabel,open_flexible,2,clarabel,106,3.7131718727545504e-7,0.00015028126209559733,167.919456683253,167.9174713590448,true,false,1.4130001068115234
open_flexible--p2--swm--clarabel,open_flexible,2,clarabel,107,3.712685422430084e-7,0.00015019563567009175,167.91944215259767,167.9174713590448,true,false,1.4249999523162842
open_flexible--p2--swm--clarabel,open_flexible,2,clarabel,108,3.712456580484691e-7,0.00015010966140716064,167.91942789998834,167.9174713590448,true,false,1.443000078201294
open_flexible--p2--swm--clarabel,open_flexible,2,clarabel,109,3.7125020563300026e-7,0.00015002328603963555,167.91941388409757,167.9174713590448,true,false,1.4549999237060547
open_flexible--p2--swm--clarabel,open_flexible,2,clarabel,110,3.712833394620141e-7,0.00014993648551198113,167.91940003542163,167.9174713590448,true,false,1.4670000076293945
open_flexible--p2--swm--clarabel,open_flexible,2,clarabel,111,3.7134403352290235e-7,0.00014984936770734425,167.9193862770967,167.9174713590448,true,false,1.4779999256134033
open_flexible--p2--swm--clarabel,open_flexible,2,clarabel,112,3.714333163262751e-7,0.0001497619323792554,167.91937254149062,167.9174713590448,true,false,1.4900000095367432
open_flexible--p2--swm--clarabel,open_flexible,2,clarabel,113,3.7155416249268214e-7,0.0001496740420855458,167.91935878074364,167.9174713590448,true,false,1.500999927520752
open_flexible--p2--swm--clarabel,open_flexible,2,clarabel,114,3.71704303392395e-7,0.00014958592092761958,167.91934496693437,167.9174713590448,true,false,1.5199999809265137
open_flexible--p2--swm--clarabel,open_flexible,2,clarabel,115,3.7188694224088437e-7,0.00014949743257219872,167.91933109250115,167.9174713590448,true,false,1.5329999923706055
open_flexible--p2--swm--clarabel,open_flexible,2,clarabel,116,3.721028067893428e-7,0.00014940861563084162,167.9193171657128,167.9174713590448,true,false,1.5450000762939453
open_flexible--p2--swm--clarabel,open_flexible,2,clarabel,117,3.7235279115588327e-7,0.0001493194943824605,167.9193032035359,167.9174713590448,true,false,1.556999921798706
open_flexible--p2--swm--clarabel,open_flexible,2,clarabel,118,3.7263895713568473e-7,0.00014923005506428666,167.9192892272295,167.9174713590448,true,false,1.568000078201294
open_flexible--p2--swm--clarabel,open_flexible,2,clarabel,119,3.729629457493999e-7,0.00014914029836365916,167.91927525755963,167.9174713590448,true,false,1.5810000896453857
open_flexible--p2--swm--clarabel,open_flexible,2,clarabel,120,3.7332711272375363e-7,0.00014905020139976966,167.91926131153735,167.9174713590448,true,false,1.5999999046325684
open_flexible--p2--swm--clarabel,open_flexible,2,clarabel,121,3.7372975286720234e-7,0.00014895982397633567,167.9192474004759,167.9174713590448,true,false,1.6119999885559082
open_flexible--p2--swm--clarabel,open_flexible,2,clarabel,122,3.7417904236169974e-7,0.00014886911118305868,167.91923353132876,167.9174713590448,true,false,1.622999906539917
open_flexible--p2--swm--clarabel,open_flexible,2,clarabel,123,3.746760194878185e-7,0.00014877806360413803,167.919219705787,167.9174713590448,true,false,1.6359999179840088
open_flexible--p2--swm--clarabel,open_flexible,2,clarabel,124,3.7522212165130853e-7,0.0001486867364616229,167.919205921347,167.9174713590448,true,false,1.6480000019073486
open_flexible--p2--swm--clarabel,open_flexible,2,clarabel,125,3.758218933280766e-7,0.00014859501773745176,167.91919217418445,167.9174713590448,true,false,1.6600000858306885
open_flexible--p2--swm--clarabel,open_flexible,2,clarabel,126,3.7647705553034427e-7,0.00014850302245983382,167.91917845883313,167.9174713590448,true,false,1.6779999732971191
open_flexible--p2--swm--clarabel,open_flexible,2,clarabel,127,3.771928270279723e-7,0.00014841065291038014,167.91916477027866,167.9174713590448,true,false,1.690000057220459
open_flexible--p2--swm--clarabel,open_flexible,2,clarabel,128,3.7797254964777594e-7,0.0001483179476827745,167.91915110443716,167.9174713590448,true,false,1.7019999027252197
open_flexible--p2--swm--clarabel,open_flexible,2,clarabel,129,3.788213426836329e-7,0.0001482248566346822,167.91913745869454,167.9174713590448,true,false,1.7139999866485596
open_flexible--p2--swm--clarabel,open_flexible,2,clarabel,130,3.7974389877071246e-7,0.0001481313866230627,167.9191238315638,167.9174713590448,true,false,1.7269999980926514
open_flexible--p2--swm--clarabel,open_flexible,2,clarabel,131,3.8074540259502854e-7,0.0001480375600055872,167.91911022281172,167.9174713590448,true,false,1.7409999370574951
open_flexible--p2--swm--clarabel,open_flexible,2,clarabel,132,3.8183260248070283e-7,0.00014794330060874383,167.91909663349395,167.9174713590448,true,false,1.7620000839233398
open_flexible--p2--swm--clarabel,open_flexible,2,clarabel,133,3.830116152014895e-7,0.00014784861462868726,167.91908306545454,167.9174713590448,true,false,1.7750000953674316
open_flexible--p2--swm--clarabel,open_flexible,2,clarabel,134,3.842905402229313e-7,0.00014775346845619097,167.91906952100877,167.9174713590448,true,false,1.7860000133514404
open_flexible--p2--swm--clarabel,open_flexible,2,clarabel,135,3.856755301234749e-7,0.00014765789708315324,167.91905600212985,167.9174713590448,true,false,1.7980000972747803
open_flexible--p2--swm--clarabel,open_flexible,2,clarabel,136,3.871775201003125e-7,0.0001475617916905092,167.91904251152917,167.9174713590448,true,false,1.809999942779541
open_flexible--p2--swm--clarabel,open_flexible,2,clarabel,137,3.888042471866804e-7,0.00014746520558539533,167.9190290509171,167.9174713590448,true,false,1.8280000686645508
open_flexible--p2--swm--clarabel,open_flexible,2,clarabel,138,3.90567040875478e-7,0.00014736805078585657,167.91901562251138,167.9174713590448,true,false,1.8389999866485596
open_flexible--p2--swm--clarabel,open_flexible,2,clarabel,139,3.9247810090792257e-7,0.00014727028970840106,167.91900222811532,167.9174713590448,true,false,1.8519999980926514
open_flexible--p2--swm--clarabel,open_flexible,2,clarabel,140,3.945488603607217e-7,0.00014717194622115848,167.91898886895362,167.9174713590448,true,false,1.8629999160766602
open_flexible--p2--swm--clarabel,open_flexible,2,clarabel,141,3.967945285676677e-7,0.00014707289362136944,167.91897554673105,167.9174713590448,true,false,1.875999927520752
open_flexible--p2--swm--clarabel,open_flexible,2,clarabel,142,3.99229422132219e-7,0.0001469731541386965,167.91896226266957,167.9174713590448,true,false,1.8870000839233398
open_flexible--p2--swm--clarabel,open_flexible,2,clarabel,143,4.0187112831935323e-7,0.00014687263483470492,167.9189490182262,167.9174713590448,true,false,1.9049999713897705
open_flexible--p2--swm--clarabel,open_flexible,2,clarabel,144,4.047365401715908e-7,0.00014677135333163172,167.91893581487346,167.9174713590448,true,false,1.9179999828338623
open_flexible--p2--swm--clarabel,open_flexible,2,clarabel,145,4.078473728741372e-7,0.00014666917002115198,167.91892265442885,167.9174713590448,true,false,1.9300000667572021
open_flexible--p2--swm--clarabel,open_flexible,2,clarabel,146,4.1122507821178544e-7,0.0001465660391919421,167.91890953927356,167.9174713590448,true,false,1.941999912261963
open_flexible--p2--swm--clarabel,open_flexible,2,clarabel,147,4.1489452151655115e-7,0.0001464618852402566,167.91889647189154,167.9174713590448,true,false,1.9539999961853027
open_flexible--p2--swm--clarabel,open_flexible,2,clarabel,148,4.1888164475922807e-7,0.00014635666147944093,167.91888345497233,167.9174713590448,true,false,1.9660000801086426
open_flexible--p2--swm--clarabel,open_flexible,2,clarabel,149,4.2321472276674044e-7,0.0001462503022513495,167.91887049134527,167.9174713590448,true,false,1.9839999675750732
open_flexible--p2--swm--clarabel,open_flexible,2,clarabel,150,4.2792844084926784e-7,0.0001461425855064924,167.9188575851534,167.9174713590448,true,false,1.996999979019165
open_flexible--p2--swm--clarabel,open_flexible,2,clarabel,151,4.330548737940809e-7,0.00014603355413478347,167.9188447399658,167.9174713590448,true,false,2.009000062942505
open_flexible--p2--swm--clarabel,open_flexible,2,clarabel,152,4.3863472121152824e-7,0.00014592301242166705,167.91883196013234,167.9174713590448,true,false,2.0209999084472656
open_flexible--p2--swm--clarabel,open_flexible,2,clarabel,153,4.4470723992162675e-7,0.00014581087385767688,167.91881925004597,167.9174713590448,true,false,2.0339999198913574
open_flexible--p2--swm--clarabel,open_flexible,2,clarabel,154,4.513210298262571e-7,0.00014569695249599945,167.91880661532235,167.9174713590448,true,false,2.0460000038146973
open_flexible--p2--swm--clarabel,open_flexible,2,clarabel,155,4.58524051782927e-7,0.00014558118013152654,167.91879406098687,167.9174713590448,true,false,2.064000129699707
open_flexible--p2--swm--clarabel,open_flexible,2,clarabel,156,4.663721490660855e-7,0.0001454633025843588,167.9187815933281,167.9174713590448,true,false,2.0769999027252197
open_flexible--p2--swm--clarabel,open_flexible,2,clarabel,157,4.7492497057266547e-7,0.00014534245889352704,167.91876886470004,167.9174713590448,true,false,2.0880000591278076
open_flexible--p2--swm--clarabel,open_flexible,2,clarabel,158,4.84249404075765e-7,0.0001452156354218026,167.91875455744793,167.9174713590448,true,false,2.0999999046325684
open_flexible--p2--swm--clarabel,open_flexible,2,clarabel,159,4.944256870587083e-7,0.0001450864641032723,167.91874081707383,167.9174713590448,true,false,2.11299991607666
open_flexible--p2--swm--clarabel,open_flexible,2,clarabel,160,5.055156935274141e-7,0.0001449558689733399,167.91872794746166,167.9174713590448,true,false,2.124000072479248
open_flexible--p2--swm--clarabel,open_flexible,2,clarabel,161,5.175986414474032e-7,0.000144823717236231,167.9187159191771,167.9174713590448,true,false,2.1430001258850098
open_flexible--p2--swm--clarabel,open_flexible,2,clarabel,162,5.307725364223081e-7,0.00014468901399922185,167.9187046011637,167.9174713590448,true,false,2.1570000648498535
open_flexible--p2--swm--clarabel,open_flexible,2,clarabel,163,5.451361751451778e-7,0.00014455095652721184,167.91869382009764,167.9174713590448,true,false,2.1689999103546143
open_flexible--p2--swm--clarabel,open_flexible,2,clarabel,164,5.60797474014052e-7,0.0001444088325172066,167.91868339405428,167.9174713590448,true,false,2.181999921798706
open_flexible--p2--swm--clarabel,open_flexible,2,clarabel,165,5.782161755507609e-7,0.00014426219619412262,167.91867320201263,167.9174713590448,true,false,2.194999933242798
open_flexible--p2--swm--clarabel,open_flexible,2,clarabel,166,6.01501172203811e-7,0.00014411056726104654,167.91866364466702,167.9174713590448,true,false,2.2079999446868896
open_flexible--p2--swm--clarabel,open_flexible,2,clarabel,167,6.222620727025507e-7,0.0001439520223396329,167.91865355342833,167.9174713590448,true,false,2.2200000286102295
open_flexible--p2--swm--clarabel,open_flexible,2,clarabel,168,6.448154698524e-7,0.00014378781247081918,167.9186433852131,167.9174713590448,true,false,2.240000009536743
open_flexible--p2--swm--clarabel,open_flexible,2,clarabel,169,6.693822796610682e-7,0.0001436171660028629,167.9186331676907,167.9174713590448,true,false,2.253000020980835
open_flexible--p2--swm--clarabel,open_flexible,2,clarabel,170,6.961017637863165e-7,0.00014343960034124414,167.91862295768246,167.9174713590448,true,false,2.2660000324249268
open_flexible--p2--swm--clarabel,open_flexible,2,clarabel,171,7.251628121318632e-7,0.00014325459183173184,167.9186128408541,167.9174713590448,true,false,2.2790000438690186
open_flexible--p2--swm--clarabel,open_flexible,2,clarabel,172,7.567439061495485e-7,0.00014306142939746191,167.91860291078194,167.9174713590448,true,false,2.2920000553131104
open_flexible--p2--swm--clarabel,open_flexible,2,clarabel,173,7.91048702375452e-7,0.00014285942644554073,167.91859326109676,167.9174713590448,true,false,2.305000066757202
open_flexible--p2--swm--clarabel,open_flexible,2,clarabel,174,8.282801393089123e-7,0.00014264770093197487,167.9185839735062,167.9174713590448,true,false,2.325000047683716
open_flexible--p2--swm--clarabel,open_flexible,2,clarabel,175,8.686596391638268e-7,0.0001424255929599605,167.91857511394375,167.9174713590448,true,false,2.3380000591278076
open_flexible--p2--swm--clarabel,open_flexible,2,clarabel,176,9.124212769218154e-7,0.00014219201583220986,167.91856673192984,167.9174713590448,true,false,2.3499999046325684
open_flexible--p2--swm--clarabel,open_flexible,2,clarabel,177,9.59786039644861e-7,0.0001419461462933702,167.9185588576883,167.9174713590448,true,false,2.36299991607666
open_flexible--p2--swm--clarabel,open_flexible,2,clarabel,178,1.011194407762872e-6,0.00014168449115892212,167.91855154731377,167.9174713590448,true,false,2.375999927520752
open_flexible--p2--swm--clarabel,open_flexible,2,clarabel,179,1.0668039970851417e-6,0.00014140836108889054,167.91854479413823,167.9174713590448,true,false,2.388000011444092
open_flexible--p2--swm--clarabel,open_flexible,2,clarabel,180,1.126806726037266e-6,0.00014111710476827355,167.91853858682484,167.9174713590448,true,false,2.4509999752044678
open_flexible--p2--swm--clarabel,open_flexible,2,clarabel,181,1.1915052344213528e-6,0.0001408091374428544,167.91853293355987,167.9174713590448,true,false,2.4639999866485596
open_flexible--p2--swm--clarabel,open_flexible,2,clarabel,182,1.261135322450091e-6,0.00014048296039614883,167.9185278409724,167.9174713590448,true,false,2.4769999980926514
open_flexible--p2--swm--clarabel,open_flexible,2,clarabel,183,1.3359808526125505e-6,0.00014013705656190645,167.91852332655395,167.9174713590448,true,false,2.490000009536743
open_flexible--p2--swm--clarabel,open_flexible,2,clarabel,184,1.4162991042176998e-6,0.0001397699846371614,167.9185194099529,167.9174713590448,true,false,2.502000093460083
open_flexible--p2--swm--clarabel,open_flexible,2,clarabel,185,1.5023236503153292e-6,0.00013938021925330446,167.9185161132777,167.9174713590448,true,false,2.745000123977661
open_flexible--p2--swm--clarabel,open_flexible,2,clarabel,186,1.5943056334011274e-6,0.0001389661523250041,167.91851346565173,167.9174713590448,true,false,2.757999897003174
open_flexible--p2--swm--clarabel,open_flexible,2,clarabel,187,1.6924658207684296e-6,0.00013852610670006538,167.91851149727927,167.9174713590448,true,false,2.7709999084472656
open_flexible--p2--swm--clarabel,open_flexible,2,clarabel,188,1.796989158586726e-6,0.00013805835624758345,167.91851023654732,167.9174713590448,true,false,2.7829999923706055
open_flexible--p2--swm--clarabel,open_flexible,2,clarabel,189,1.9080391729930923e-6,0.00013756105749074266,167.9185097108384,167.9174713590448,true,false,2.796999931335449
open_flexible--p2--swm--clarabel,open_flexible,2,clarabel,190,2.0257344203189476e-6,0.00013703237721129913,167.91850994248057,167.9174713590448,true,false,2.808000087738037
open_flexible--p2--swm--clarabel,open_flexible,2,clarabel,191,2.150167423664584e-6,0.00013647036918751354,167.91851095021877,167.9174713590448,true,false,2.821000099182129
open_flexible--p2--swm--clarabel,open_flexible,2,clarabel,192,2.281405187265495e-6,0.00013587313462759543,167.91851274893628,167.9174713590448,true,false,2.8340001106262207
open_flexible--p2--swm--clarabel,open_flexible,2,clarabel,193,2.4193801853034103e-6,0.0001352387096912322,167.91851533641807,167.9174713590448,true,false,2.8459999561309814
open_flexible--p2--swm--clarabel,open_flexible,2,clarabel,194,2.5646066890150365e-6,0.000134562787747039,167.91851878958084,167.9174713590448,true,false,2.8580000400543213
open_flexible--p2--swm--clarabel,open_flexible,2,clarabel,195,2.718435326731772e-6,0.00013383820650669787,167.91852329957803,167.9174713590448,true,false,2.871000051498413
open_flexible--p2--swm--clarabel,open_flexible,2,clarabel,196,2.8791765118163504e-6,0.00013307227229009122,167.91852863080186,167.9174713590448,true,false,2.884000062942505
open_flexible--p2--swm--clarabel,open_flexible,2,clarabel,197,3.046474701895452e-6,0.00013226192288373628,167.91853472593408,167.9174713590448,true,false,2.8959999084472656
open_flexible--p2--swm--clarabel,open_flexible,2,clarabel,198,3.220063017894681e-6,0.00013140424170121623,167.91854156084239,167.9174713590448,true,false,2.9089999198913574
open_flexible--p2--swm--clarabel,open_flexible,2,clarabel,199,3.3995511590778626e-6,0.00013049688110511326,167.91854910420463,167.9174713590448,true,false,2.921999931335449
open_flexible--p2--swm--clarabel,open_flexible,2,clarabel,200,3.5844677656604595e-6,0.00012953800325565812,167.91855731544723,167.9174713590448,true,false,2.934999942779541
open_flexible--p2--swm--clarabel,open_flexible,2,clarabel,201,3.7743061233053155e-6,0.00012852605236957082,167.9185661485772,167.9174713590448,true,false,2.949000120162964
open_flexible--p2--swm--clarabel,open_flexible,2,clarabel,202,3.968448515745404e-6,0.00012745964132243603,167.91857554518518,167.9174713590448,true,false,2.9620001316070557
open_flexible--p2--swm--clarabel,open_flexible,2,clarabel,203,4.1661970036632745e-6,0.00012633753036195294,167.91858543862492,167.9174713590448,true,false,2.9760000705718994
open_flexible--p2--swm--clarabel,open_flexible,2,clarabel,204,4.3668612008107566e-6,0.00012515861815198814,167.9185957646513,167.9174713590448,true,false,2.989000082015991
open_flexible--p2--swm--clarabel,open_flexible,2,clarabel,205,4.5696453380150714e-6,0.0001239219751245635,167.91860644749497,167.9174713590448,true,false,3.003000020980835
open_flexible--p2--swm--clarabel,open_flexible,2,clarabel,206,4.773733605856201e-6,0.00012262684664932078,167.91861740864303,167.9174713590448,true,false,3.0180001258850098
open_flexible--p2--swm--clarabel,open_flexible,2,clarabel,207,4.978315358061813e-6,0.00012127274482520711,167.9186285696487,167.9174713590448,true,false,3.0329999923706055
open_flexible--p2--swm--clarabel,open_flexible,2,clarabel,208,5.182514775992075e-6,0.00011985934746083782,167.91863984281213,167.9174713590448,true,false,3.0460000038146973
open_flexible--p2--swm--clarabel,open_flexible,2,clarabel,209,5.385489612985683e-6,0.00011838665473018484,167.918651143682,167.9174713590448,true,false,3.059999942779541
open_flexible--p2--swm--clarabel,open_flexible,2,clarabel,210,5.58637956565855e-6,0.00011685487084500679,167.91866238428338,167.9174713590448,false,false,3.072999954223633
open_flexible--p2--swm--clarabel,open_flexible,2,clarabel,211,5.784396923891322e-6,0.00011526446640086618,167.91867348478945,167.9174713590448,false,false,3.0850000381469727
open_flexible--p2--swm--clarabel,open_flexible,2,clarabel,212,5.978746419776915e-6,0.00011361724002589835,167.91868424435938,167.9174713590448,false,false,3.0989999771118164
open_flexible--p2--swm--clarabel,open_flexible,2,clarabel,213,6.1686220036438755e-6,0.00011191495244444738,167.91869449387542,167.9174713590448,false,false,3.111999988555908
open_flexible--p2--swm--clarabel,open_flexible,2,clarabel,214,6.3532045444514296e-6,0.00011015644803324953,167.91870441638764,167.9174713590448,false,false,3.125
open_flexible--p2--swm--clarabel,open_flexible,2,clarabel,215,6.5320097937804356e-6,0.00010834249085101,167.9187140600516,167.9174713590448,false,false,3.1389999389648438
open_flexible--p2--swm--clarabel,open_flexible,2,clarabel,216,6.7044153183593025e-6,0.00010647480444048174,167.91872336223747,167.9174713590448,false,false,3.1540000438690186
open_flexible--p2--swm--clarabel,open_flexible,2,clarabel,217,6.872588540374203e-6,0.00010455564291889097,167.91873255339667,167.9174713590448,false,false,3.1689999103546143
open_flexible--p2--swm--clarabel,open_flexible,2,clarabel,218,7.042286314096202e-6,0.00010258648156846739,167.9187422804451,167.9174713590448,false,false,3.181999921798706
open_flexible--p2--swm--clarabel,open_flexible,2,clarabel,219,7.1926021503743165e-6,0.0001005667258556775,167.91875002557282,167.9174713590448,false,false,3.196000099182129
open_flexible--p2--swm--clarabel,open_flexible,2,clarabel,220,7.332756321587475e-6,9.850297976099487e-5,167.91875686134267,167.9174713590448,false,false,3.2090001106262207
open_flexible--p2--swm--clarabel,open_flexible,2,clarabel,221,7.4633930764456125e-6,9.639791426307998e-5,167.9187628395821,167.9174713590448,false,false,3.2209999561309814
open_flexible--p2--swm--clarabel,open_flexible,2,clarabel,222,7.584213885525326e-6,9.425451815869845e-5,167.91876791976705,167.9174713590448,false,false,3.2339999675750732
open_flexible--p2--swm--clarabel,open_flexible,2,clarabel,223,7.694784759648687e-6,9.207573978609052e-5,167.9187720592217,167.9174713590448,false,false,3.246999979019165
open_flexible--p2--swm--clarabel,open_flexible,2,clarabel,224,7.794660193904956e-6,8.986463380389331e-5,167.9187752222513,167.9174713590448,false,false,3.259999990463257
open_flexible--p2--swm--clarabel,open_flexible,2,clarabel,225,7.883360903737646e-6,8.762441191623171e-5,167.91877737248643,167.9174713590448,false,false,3.2730000019073486
open_flexible--p2--swm--clarabel,open_flexible,2,clarabel,226,7.960395581929625e-6,8.535848216750797e-5,167.91877847182084,167.9174713590448,false,false,3.314000129699707
open_flexible--p2--swm--clarabel,open_flexible,2,clarabel,227,8.025342222162113e-6,8.307038757471297e-5,167.91877848710328,167.9174713590448,false,false,3.3269999027252197
open_flexible--p2--swm--clarabel,open_flexible,2,clarabel,228,8.077741199263855e-6,8.076387769306859e-5,167.9187773770903,167.9174713590448,false,false,3.3389999866485596
open_flexible--p2--swm--clarabel,open_flexible,2,clarabel,229,8.11719367993513e-6,7.844281089885996e-5,167.91877510374957,167.9174713590448,false,false,3.3499999046325684
open_flexible--p2--swm--clarabel,open_flexible,2,clarabel,230,8.143286095663171e-6,7.61112019346255e-5,167.91877162427653,167.9174713590448,false,false,3.361999988555908
open_flexible--p2--swm--clarabel,open_flexible,2,clarabel,231,8.155728403236306e-6,7.377310335410225e-5,167.91876690716063,167.9174713590448,false,false,3.372999906539917
open_flexible--p2--swm--clarabel,open_flexible,2,clarabel,232,8.15426345507353e-6,7.143269810938602e-5,167.91876092271664,167.9174713590448,false,false,3.384999990463257
open_flexible--p2--swm--clarabel,open_flexible,2,clarabel,233,8.138666957036023e-6,6.909420469392025e-5,167.91875364361758,167.9174713590448,false,false,3.3970000743865967
open_flexible--p2--swm--clarabel,open_flexible,2,clarabel,234,8.108876461576653e-6,6.676185982956717e-5,167.9187450599248,167.9174713590448,false,false,3.4079999923706055
open_flexible--p2--swm--clarabel,open_flexible,2,clarabel,235,8.064851577171961e-6,6.443991572391283e-5,167.91873516315385,167.9174713590448,false,false,3.4200000762939453
open_flexible--p2--swm--clarabel,open_flexible,2,clarabel,236,8.006684686534538e-6,6.21326132557165e-5,167.91872395965856,167.9174713590448,false,false,3.430999994277954
open_flexible--p2--swm--clarabel,open_flexible,2,clarabel,237,7.934550596944145e-6,5.9844117935914376e-5,167.91871146450302,167.9174713590448,false,false,3.444000005722046
open_flexible--p2--swm--clarabel,open_flexible,2,clarabel,238,7.848783459496467e-6,5.7578503334099196e-5,167.91869771023153,167.9174713590448,false,false,3.4560000896453857
open_flexible--p2--swm--clarabel,open_flexible,2,clarabel,239,7.749718700933439e-6,5.5339781218854966e-5,167.9186827290502,167.9174713590448,false,false,3.4679999351501465
open_flexible--p2--swm--clarabel,open_flexible,2,clarabel,240,7.637885265143751e-6,5.31317452708846e-5,167.9186665747198,167.9174713590448,false,false,3.4790000915527344
open_flexible--p2--swm--clarabel,open_flexible,2,clarabel,241,7.513852011087341e-6,5.095808349853126e-5,167.91864930484397,167.9174713590448,false,false,3.493000030517578
open_flexible--p2--swm--clarabel,open_flexible,2,clarabel,242,7.378284740566787e-6,4.882225963831477e-5,167.91863098714543,167.9174713590448,false,false,3.50600004196167
open_flexible--p2--swm--clarabel,open_flexible,2,clarabel,243,7.231937100893315e-6,4.6727518289491066e-5,167.9186116987854,167.9174713590448,false,false,3.5190000534057617
open_flexible--p2--swm--clarabel,open_flexible,2,clarabel,244,7.075629350872248e-6,4.46768659940755e-5,167.91859152351603,167.9174713590448,false,false,3.5320000648498535
open_flexible--p2--swm--clarabel,open_flexible,2,clarabel,245,6.910224120915132e-6,4.267306490901568e-5,167.9185705492764,167.9174713590448,false,false,3.5450000762939453
open_flexible--p2--swm--clarabel,open_flexible,2,clarabel,246,6.7367030919252e-6,4.071856372644955e-5,167.91854887669396,167.9174713590448,false,false,3.558000087738037
open_flexible--p2--swm--clarabel,open_flexible,2,clarabel,247,6.555958463050349e-6,3.881560029284081e-5,167.9185265954593,167.9174713590448,false,false,3.571000099182129
open_flexible--p2--swm--clarabel,open_flexible,2,clarabel,248,6.368996640582214e-6,3.6966055310561075e-5,167.91850380806437,167.9174713590448,false,false,3.5829999446868896
open_flexible--p2--swm--clarabel,open_flexible,2,clarabel,249,6.176802532176229e-6,3.5171567629443956e-5,167.91848061409394,167.9174713590448,false,false,3.5959999561309814
open_flexible--p2--swm--clarabel,open_flexible,2,clarabel,250,5.9803739940189615e-6,3.343343885531258e-5,167.91845711420768,167.9174713590448,false,false,3.6089999675750732
open_flexible--p2--swm--clarabel,open_flexible,2,clarabel,251,5.780705469859981e-6,3.175271459510132e-5,167.9184334089157,167.9174713590448,false,false,3.621999979019165
open_flexible--p2--swm--clarabel,open_flexible,2,clarabel,252,5.578684233509268e-6,3.013017268904683e-5,167.91840958627319,167.9174713590448,false,false,3.634000062942505
open_flexible--p2--swm--clarabel,open_flexible,2,clarabel,253,5.375293792020397e-6,2.8566262036289203e-5,167.91838574604222,167.9174713590448,true,false,3.6510000228881836
open_fixed--p1--swm--clarabel,open_fixed,1,clarabel,1,0.1584346160896748,0.9252492667298197,165.6827607671307,180.93046796347704,false,true,0.03900003433227539
open_fixed--p1--swm--clarabel,open_fixed,1,clarabel,2,0.0103765072543901,0.17882231459445563,221.4534429884502,180.93046796347704,false,true,0.05900001525878906
open_fixed--p1--swm--clarabel,open_fixed,1,clarabel,3,0.020939285436392785,0.06251141347943112,215.88782838690514,180.93046796347704,false,true,0.07200002670288086
open_fixed--p1--swm--clarabel,open_fixed,1,clarabel,4,0.02116071158589794,0.061041837450317576,211.08944109752252,180.93046796347704,false,true,0.0839998722076416
open_fixed--p1--swm--clarabel,open_fixed,1,clarabel,5,0.014135157499361894,0.05993813456588609,206.93836168695316,180.93046796347704,false,true,0.09599995613098145
open_fixed--p1--swm--clarabel,open_fixed,1,clarabel,6,0.0046961851103388685,0.059570824464468985,203.00575981487637,180.93046796347704,false,false,0.10899996757507324
open_fixed--p1--swm--clarabel,open_fixed,1,clarabel,7,0.003116702225286039,0.059801166906633285,198.930984683776,180.93046796347704,false,false,0.12199997901916504
open_fixed--p1--swm--clarabel,open_fixed,1,clarabel,8,0.010568854435720698,0.058296936371211694,193.94955915456148,180.93046796347704,false,false,0.13400006294250488
open_fixed--p1--swm--clarabel,open_fixed,1,clarabel,9,0.018950846353833678,0.05859955367602432,188.96269869194853,180.93046796347704,false,false,0.14599990844726562
open_fixed--p1--swm--clarabel,open_fixed,1,clarabel,10,0.02283745848065849,0.05083473810821981,188.7238965175382,180.93046796347704,false,false,0.15899991989135742
open_fixed--p1--swm--clarabel,open_fixed,1,clarabel,11,0.025705126318328442,0.030127883796640442,189.70074756992443,180.93046796347704,false,true,0.1789999008178711
open_fixed--p1--swm--clarabel,open_fixed,1,clarabel,12,0.020504462739303952,0.031760222665364046,188.52610200002997,180.93046796347704,false,true,0.1919999122619629
open_fixed--p1--swm--clarabel,open_fixed,1,clarabel,13,0.007197097862542912,0.030823667246758002,187.02069916023066,180.93046796347704,false,true,0.2049999237060547
open_fixed--p1--swm--clarabel,open_fixed,1,clarabel,14,0.006797825984152128,0.017703004448844872,186.26891733029055,180.93046796347704,false,true,0.21799993515014648
open_fixed--p1--swm--clarabel,open_fixed,1,clarabel,15,0.00997278409841934,0.012576475720998126,185.91647957307868,180.93046796347704,false,true,0.23099994659423828
open_fixed--p1--swm--clarabel,open_fixed,1,clarabel,16,0.009098246635812102,0.012296613555976332,185.64529173875695,180.93046796347704,false,true,0.24399995803833008
open_fixed--p1--swm--clarabel,open_fixed,1,clarabel,17,0.005635798957616844,0.013338381625444984,185.3062547265495,180.93046796347704,false,true,0.2560000419616699
open_fixed--p1--swm--clarabel,open_fixed,1,clarabel,18,0.005428024083520777,0.012748385270134999,184.90173453739254,180.93046796347704,false,true,0.26799988746643066
open_fixed--p1--swm--clarabel,open_fixed,1,clarabel,19,0.004603341210654033,0.011571723054891625,184.53129426246835,180.93046796347704,false,true,0.2799999713897705
open_fixed--p1--swm--clarabel,open_fixed,1,clarabel,20,0.0037146726317340284,0.01103217611390872,184.29478526305172,180.93046796347704,false,true,0.2999999523162842
open_fixed--p1--swm--clarabel,open_fixed,1,clarabel,21,0.0039038100333176895,0.011149813193926938,184.227485103775,180.93046796347704,false,true,0.312999963760376
open_fixed--p1--swm--clarabel,open_fixed,1,clarabel,22,0.002912719097736771,0.010988262840870677,184.2899881326486,180.93046796347704,false,true,0.3259999752044678
open_fixed--p1--swm--clarabel,open_fixed,1,clarabel,23,0.0014278122988360398,0.010778489238459699,184.39806432757598,180.93046796347704,false,true,0.33899998664855957
open_fixed--p1--swm--clarabel,open_fixed,1,clarabel,24,0.0024085440759760157,0.01083896151638275,184.4637563852794,180.93046796347704,false,true,0.34999990463256836
open_fixed--p1--swm--clarabel,open_fixed,1,clarabel,25,0.0029004639236202,0.010856007283367441,184.43402063207736,180.93046796347704,false,true,0.36299991607666016
open_fixed--p1--swm--clarabel,open_fixed,1,clarabel,26,0.0029006733298710397,0.010793425702554593,184.28052447804168,180.93046796347704,false,true,0.375
open_fixed--p1--swm--clarabel,open_fixed,1,clarabel,27,0.0024811748986932614,0.010721735037398705,183.98805085115146,180.93046796347704,false,true,0.3880000114440918
open_fixed--p1--swm--clarabel,open_fixed,1,clarabel,28,0.0017642283970253914,0.010728641549181295,183.5415829858646,180.93046796347704,false,true,0.40799999237060547
open_fixed--p1--swm--clarabel,open_fixed,1,clarabel,29,0.003082403229244912,0.010724361089742951,183.07173216996767,180.93046796347704,false,true,0.4200000762939453
open_fixed--p1--swm--clarabel,open_fixed,1,clarabel,30,0.0047319825152960515,0.010708790150408709,182.65405382827635,180.93046796347704,false,true,0.4309999942779541
open_fixed--p1--swm--clarabel,open_fixed,1,clarabel,31,0.005832047882424918,0.010693787215924067,182.3096280578298,180.93046796347704,false,true,0.4440000057220459
open_fixed--p1--swm--clarabel,open_fixed,1,clarabel,32,0.006346516558012494,0.010695205936187446,182.05100821114183,180.93046796347704,false,true,0.4570000171661377
open_fixed--p1--swm--clarabel,open_fixed,1,clarabel,33,0.005909282847743003,0.010689348218598016,181.92386491445905,180.93046796347704,false,true,0.4700000286102295
open_fixed--p1--swm--clarabel,open_fixed,1,clarabel,34,0.0015723024643728434,0.01068038977005592,182.41279513968874,180.93046796347704,false,true,0.49000000953674316
open_fixed--p1--swm--clarabel,open_fixed,1,clarabel,35,0.001329185444431169,0.010672728870791515,182.28586545308895,180.93046796347704,false,true,0.5019998550415039
open_fixed--p1--swm--clarabel,open_fixed,1,clarabel,36,0.0009516712613283351,0.010668264840476477,182.17985139094577,180.93046796347704,false,true,0.5139999389648438
open_fixed--p1--swm--clarabel,open_fixed,1,clarabel,37,0.000491716742667514,0.010662743386344348,182.09751963806804,180.93046796347704,false,true,0.5269999504089355
open_fixed--p1--swm--clarabel,open_fixed,1,clarabel,38,0.00014206672894878647,0.010656809115304783,182.02116673398825,180.93046796347704,false,true,0.5390000343322754
open_fixed--p1--swm--clarabel,open_fixed,1,clarabel,39,0.0003731655862827532,0.01065131651412976,181.93002083714185,180.93046796347704,false,true,0.5509998798370361
open_fixed--p1--swm--clarabel,open_fixed,1,clarabel,40,0.0029961204603862757,0.010646097354224948,181.56854586562716,180.93046796347704,false,true,0.562999963760376
open_fixed--p1--swm--clarabel,open_fixed,1,clarabel,41,0.005722933524060336,0.010640502845826405,181.2277265836008,180.93046796347704,false,true,0.5820000171661377
open_fixed--p1--swm--clarabel,open_fixed,1,clarabel,42,0.007660437525995933,0.010634762903955264,180.95993666810432,180.93046796347704,false,true,0.5939998626708984
open_fixed--p1--swm--clarabel,open_fixed,1,clarabel,43,0.008751232167693246,0.010628975516303374,180.76677458396426,180.93046796347704,false,true,0.6059999465942383
open_fixed--p1--swm--clarabel,open_fixed,1,clarabel,44,0.008834519802467022,0.010622902311557825,180.66631316594663,180.93046796347704,false,true,0.6189999580383301
open_fixed--p1--swm--clarabel,open_fixed,1,clarabel,45,0.006961065739235772,0.010616492071215622,180.76786692635147,180.93046796347704,false,true,0.6299998760223389
open_fixed--p1--swm--clarabel,open_fixed,1,clarabel,46,0.0036590409762442544,0.010609455122377875,181.0162996675707,180.93046796347704,false,true,0.6429998874664307
open_fixed--p1--swm--clarabel,open_fixed,1,clarabel,47,0.0003832913338152055,0.010619487171232955,181.25931830914007,180.93046796347704,false,true,0.6619999408721924
open_fixed--p1--swm--clarabel,open_fixed,1,clarabel,48,0.0019238130485945137,0.010606628601458334,181.4061022099499,180.93046796347704,false,true,0.6759998798370361
open_fixed--p1--swm--clarabel,open_fixed,1,clarabel,49,0.002959479595543435,0.010601206013237219,181.42902828535696,180.93046796347704,false,true,0.687999963760376
open_fixed--p1--swm--clarabel,open_fixed,1,clarabel,50,0.002849635649512794,0.010593864335076364,181.3444629670229,180.93046796347704,false,true,0.7000000476837158
open_fixed--p1--swm--clarabel,open_fixed,1,clarabel,51,0.0019761465379649623,0.010583537062317294,181.1913982590026,180.93046796347704,false,true,0.7130000591278076
open_fixed--p1--swm--clarabel,open_fixed,1,clarabel,52,0.0008075074282912209,0.010468514157423892,181.01626629525032,180.93046796347704,false,true,0.7249999046325684
open_fixed--p1--swm--clarabel,open_fixed,1,clarabel,53,0.0014284631333366467,0.008369809181671942,180.82062721378318,180.93046796347704,false,true,0.7379999160766602
open_fixed--p1--swm--clarabel,open_fixed,1,clarabel,54,0.0018523002907375958,0.0012169927676485282,180.74849428427524,180.93046796347704,false,true,0.7560000419616699
open_fixed--p1--swm--clarabel,open_fixed,1,clarabel,55,0.0017747754887409563,0.00047195317334053355,180.739865311586,180.93046796347704,false,true,0.7679998874664307
open_fixed--p1--swm--clarabel,open_fixed,1,clarabel,56,0.0017564475901267196,0.00034668273114157877,180.7679794636805,180.93046796347704,false,true,0.7790000438690186
open_fixed--p1--swm--clarabel,open_fixed,1,clarabel,57,0.0017338986175925442,0.0006122719283951916,180.81609527076756,180.93046796347704,false,true,0.7909998893737793
open_fixed--p1--swm--clarabel,open_fixed,1,clarabel,58,0.001672482400633224,0.0006651141493576596,180.86655100952265,180.93046796347704,false,true,0.8039999008178711
open_fixed--p1--swm--clarabel,open_fixed,1,clarabel,59,0.0015342969875073997,0.0005525352990316534,180.90694282970009,180.93046796347704,false,true,0.8159999847412109
open_fixed--p1--swm--clarabel,open_fixed,1,clarabel,60,0.0012752758633581829,0.0006186426264576084,180.93264469529146,180.93046796347704,false,true,0.8350000381469727
open_fixed--p1--swm--clarabel,open_fixed,1,clarabel,61,0.0008834064478587811,0.0009360297334258848,180.9450466181877,180.93046796347704,false,true,0.8469998836517334
open_fixed--p1--swm--clarabel,open_fixed,1,clarabel,62,0.0004168242531028543,0.0011145920472669293,180.94780596978325,180.93046796347704,false,true,0.8589999675750732
open_fixed--p1--swm--clarabel,open_fixed,1,clarabel,63,0.00014181717532241178,0.001050663300484653,180.9444020688941,180.93046796347704,false,true,0.871999979019165
open_fixed--p1--swm--clarabel,open_fixed,1,clarabel,64,0.0004800812230063732,0.0010884363737900292,180.94492191215446,180.93046796347704,false,true,0.8840000629425049
open_fixed--p1--swm--clarabel,open_fixed,1,clarabel,65,0.0006787661148122568,0.00047708422001427764,180.9403939749169,180.93046796347704,false,true,0.8949999809265137
open_fixed--p1--swm--clarabel,open_fixed,1,clarabel,66,0.0006650297070454848,0.00018049079144399904,180.93493460831297,180.93046796347704,false,true,0.9149999618530273
open_fixed--p1--swm--clarabel,open_fixed,1,clarabel,67,0.0005118562983772446,0.00036533557699494363,180.93103679232593,180.93046796347704,false,true,0.9259998798370361
open_fixed--p1--swm--clarabel,open_fixed,1,clarabel,68,0.0003037807308688967,0.0004970226885249651,180.92990742189693,180.93046796347704,false,true,0.937999963760376
open_fixed--p1--swm--clarabel,open_fixed,1,clarabel,69,8.412286279841849e-5,0.0009234199921827908,180.9215364733745,180.93046796347704,false,true,0.9489998817443848
open_fixed--p1--swm--clarabel,open_fixed,1,clarabel,70,0.0003461058957865467,0.0006252601048810568,180.91852096007943,180.93046796347704,false,true,0.9609999656677246
open_fixed--p1--swm--clarabel,open_fixed,1,clarabel,71,0.00045358253357138077,0.0002583391529141976,180.92017659935297,180.93046796347704,false,true,0.9719998836517334
open_fixed--p1--swm--clarabel,open_fixed,1,clarabel,72,0.0004250885173375796,0.00014721978276160952,180.92492597353257,180.93046796347704,false,true,0.9919998645782471
open_fixed--p1--swm--clarabel,open_fixed,1,clarabel,73,0.0003058574092174027,0.0002847915258538825,180.93094660588952,180.93046796347704,false,true,1.003999948501587
open_fixed--p1--swm--clarabel,open_fixed,1,clarabel,74,0.0001462936355044464,0.00038117673525800075,180.93667049089277,180.93046796347704,false,true,1.0160000324249268
open_fixed--p1--swm--clarabel,open_fixed,1,clarabel,75,5.7903349935939374e-5,0.0003649914649879035,180.9409234270659,180.93046796347704,false,true,1.0279998779296875
open_fixed--p1--swm--clarabel,open_fixed,1,clarabel,76,0.00011884247032763542,0.0002673133653732585,180.94301049249606,180.93046796347704,false,true,1.0390000343322754
open_fixed--p1--swm--clarabel,open_fixed,1,clarabel,77,0.0003291797118358973,0.0005019095781437621,180.95078918612847,180.93046796347704,false,true,1.0499999523162842
open_fixed--p1--swm--clarabel,open_fixed,1,clarabel,78,0.00039473551565229886,0.00015771209251119224,180.9519668324358,180.93046796347704,false,true,1.062999963760376
open_fixed--p1--swm--clarabel,open_fixed,1,clarabel,79,0.00035437461169651133,0.0001510071597847773,180.9486820717841,180.93046796347704,false,true,1.0820000171661377
open_fixed--p1--swm--clarabel,open_fixed,1,clarabel,80,8.77410267308143e-5,0.000636867010329157,180.93451731857766,180.93046796347704,false,true,1.0950000286102295
open_fixed--p1--swm--clarabel,open_fixed,1,clarabel,81,0.00013003955529584076,0.0005180841930666133,180.92354674820257,180.93046796347704,false,true,1.1069998741149902
open_fixed--p1--swm--clarabel,open_fixed,1,clarabel,82,0.00025818806668598954,0.0003065598390390575,180.91735246630864,180.93046796347704,false,true,1.119999885559082
open_fixed--p1--swm--clarabel,open_fixed,1,clarabel,83,0.0002905249084515886,0.00014522314223386346,180.91616486993695,180.93046796347704,false,true,1.1340000629425049
open_fixed--p1--swm--clarabel,open_fixed,1,clarabel,84,0.00024558248837491803,0.0001449817473569981,180.9190127854137,180.93046796347704,false,true,1.1459999084472656
open_fixed--p1--swm--clarabel,open_fixed,1,clarabel,85,0.0001546476336301561,0.00021721676071673798,180.92430565707497,180.93046796347704,false,true,1.1649999618530273
open_fixed--p1--swm--clarabel,open_fixed,1,clarabel,86,5.07246558200114e-5,0.0002482669219036138,180.9303275259271,180.93046796347704,false,true,1.178999900817871
open_fixed--p1--swm--clarabel,open_fixed,1,clarabel,87,3.879073195544626e-5,0.00021292860217203818,180.9356120058797,180.93046796347704,false,true,1.190999984741211
open_fixed--p1--swm--clarabel,open_fixed,1,clarabel,88,9.561173394709386e-5,0.00014441128740250164,180.93918935376718,180.93046796347704,false,true,1.2049999237060547
open_fixed--p1--swm--clarabel,open_fixed,1,clarabel,89,0.00011487262988202612,0.00014444813743497154,180.9406860366234,180.93046796347704,false,true,1.2179999351501465
open_fixed--p1--swm--clarabel,open_fixed,1,clarabel,90,0.0001015390622352676,0.00014447075346651905,180.94027231120225,180.93046796347704,false,true,1.2309999465942383
open_fixed--p1--swm--clarabel,open_fixed,1,clarabel,91,6.72679760840289e-5,0.00014438004923938985,180.93849632926663,180.93046796347704,false,true,1.244999885559082
open_fixed--p1--swm--clarabel,open_fixed,1,clarabel,92,2.5676228101456644e-5,0.00014419945370458542,180.93606816600948,180.93046796347704,false,true,1.2660000324249268
open_fixed--p1--swm--clarabel,open_fixed,1,clarabel,93,1.1446842412079355e-5,0.0001439703051892005,180.93365814154672,180.93046796347704,false,true,1.2799999713897705
open_fixed--p1--swm--clarabel,open_fixed,1,clarabel,94,3.607548037748518e-5,0.0001437356028139436,180.93175706876417,180.93046796347704,false,true,1.2929999828338623
open_fixed--p1--swm--clarabel,open_fixed,1,clarabel,95,4.564340824710685e-5,0.00014358068390518675,180.93061491242437,180.93046796347704,false,true,1.306999921798706
open_fixed--p1--swm--clarabel,open_fixed,1,clarabel,96,4.1786908132741135e-5,0.00014344208294836402,180.930252409698,180.93046796347704,false,true,1.3199999332427979
open_fixed--p1--swm--clarabel,open_fixed,1,clarabel,97,2.897530928591685e-5,0.00014331484897855962,180.93052031082442,180.93046796347704,false,true,1.3329999446868896
open_fixed--p1--swm--clarabel,open_fixed,1,clarabel,98,1.2546328090112802e-5,0.00014319614032409778,180.93118082578982,180.93046796347704,false,true,1.3519999980926514
open_fixed--p1--swm--clarabel,open_fixed,1,clarabel,99,8.866361870640826e-6,0.00014308165998999645,180.93198259437395,180.93046796347704,false,true,1.3640000820159912
open_fixed--p1--swm--clarabel,open_fixed,1,clarabel,100,1.3293274159610971e-5,0.00014297577127680983,180.93272001857872,180.93046796347704,false,true,1.375999927520752
open_fixed--p1--swm--clarabel,open_fixed,1,clarabel,101,1.7959435103218763e-5,0.00014287722042183315,180.93326415336514,180.93046796347704,false,true,1.3889999389648438
open_fixed--p1--swm--clarabel,open_fixed,1,clarabel,102,1.710302726691624e-5,0.00014276234954918587,180.93356735378302,180.93046796347704,false,true,1.4019999504089355
open_fixed--p1--swm--clarabel,open_fixed,1,clarabel,103,1.237022180022862e-5,0.00014263381822915422,180.93364886807635,180.93046796347704,false,true,1.4149999618530273
open_fixed--p1--swm--clarabel,open_fixed,1,clarabel,104,5.9046458330547225e-6,0.0001424975615968438,180.93356804847855,180.93046796347704,false,true,1.434999942779541
open_fixed--p1--swm--clarabel,open_fixed,1,clarabel,105,4.632701402218498e-6,0.00014236019303792702,180.93339649704822,180.93046796347704,true,true,1.4489998817443848
open_fixed--p1--swm--clarabel,open_fixed,1,clarabel,106,5.08991972442141e-6,0.00014223449583228298,180.9331972620663,180.93046796347704,true,true,1.4619998931884766
open_fixed--p1--swm--clarabel,open_fixed,1,clarabel,107,7.035087925133174e-6,0.00014211311262268822,180.93301358984485,180.93046796347704,false,true,1.4760000705718994
open_fixed--p1--swm--clarabel,open_fixed,1,clarabel,108,6.972126440851767e-6,0.000141993930351747,180.93286436710252,180.93046796347704,false,true,1.4900000095367432
open_fixed--p1--swm--clarabel,open_fixed,1,clarabel,109,5.260376856885962e-6,0.00014187668385279295,180.93275095227048,180.93046796347704,true,true,1.503000020980835
open_fixed--p1--swm--clarabel,open_fixed,1,clarabel,110,3.867196298801279e-6,0.00014176083555883512,180.93266422328537,180.93046796347704,true,true,1.5220000743865967
open_fixed--p1--swm--clarabel,open_fixed,1,clarabel,111,3.841023067163718e-6,0.0001416458285622979,180.93259234553312,180.93046796347704,true,true,1.5349998474121094
open_fixed--p1--swm--clarabel,open_fixed,1,clarabel,112,3.8144714662458057e-6,0.00014153423036189494,180.93252764752552,180.93046796347704,true,true,1.5469999313354492
open_fixed--p1--swm--clarabel,open_fixed,1,clarabel,113,3.787945977551388e-6,0.00014142099881186976,180.93246875862516,180.93046796347704,true,true,1.557999849319458
open_fixed--p1--swm--clarabel,open_fixed,1,clarabel,114,3.761849536820794e-6,0.00014130644606091813,180.9324198499661,180.93046796347704,true,true,1.5709998607635498
open_fixed--p1--swm--clarabel,open_fixed,1,clarabel,115,3.7364500959369273e-6,0.00014119140971596833,180.93238766712926,180.93046796347704,true,true,1.5829999446868896
open_fixed--p1--swm--clarabel,open_fixed,1,clarabel,116,3.7118725584317502e-6,0.00014107701988363974,180.9323777193522,180.93046796347704,true,true,1.5950000286102295
open_fixed--p1--swm--clarabel,open_fixed,1,clarabel,117,3.688094670994957e-6,0.00014096544002073497,180.93239221398335,180.93046796347704,true,true,1.6129999160766602
open_fixed--p1--swm--clarabel,open_fixed,1,clarabel,118,3.665000472941049e-6,0.0001408549771180212,180.93242783056445,180.93046796347704,true,true,1.625
open_fixed--p1--swm--clarabel,open_fixed,1,clarabel,119,3.6423753709269313e-6,0.00014074570243860496,180.93247573282483,180.93046796347704,true,true,1.6380000114440918
open_fixed--p1--swm--clarabel,open_fixed,1,clarabel,120,3.6200781540762783e-6,0.0001406376012348387,180.93252438268786,180.93046796347704,true,true,1.6499998569488525
open_fixed--p1--swm--clarabel,open_fixed,1,clarabel,121,3.5979477204239885e-6,0.0001405307168342862,180.932561934673,180.93046796347704,true,true,1.6619999408721924
open_fixed--p1--swm--clarabel,open_fixed,1,clarabel,122,3.575945214717713e-6,0.00014042500099498145,180.93257886249657,180.93046796347704,true,true,1.6729998588562012
open_fixed--p1--swm--clarabel,open_fixed,1,clarabel,123,3.554075184597494e-6,0.0001403204070067332,180.93256990160222,180.93046796347704,true,true,1.691999912261963
open_fixed--p1--swm--clarabel,open_fixed,1,clarabel,124,3.5323762699879246e-6,0.0001402169914460627,180.93253473741808,180.93046796347704,true,true,1.7039999961853027
open_fixed--p1--swm--clarabel,open_fixed,1,clarabel,125,3.510921834981584e-6,0.0001401147561208571,180.93247864585118,180.93046796347704,true,true,1.7149999141693115
open_fixed--p1--swm--clarabel,open_fixed,1,clarabel,126,3.489780014520605e-6,0.00014001376312255953,180.93240941526253,180.93046796347704,true,true,1.7269999980926514
open_fixed--p1--swm--clarabel,open_fixed,1,clarabel,127,3.468991723099002e-6,0.00013991405263069634,180.93233676236264,180.93046796347704,true,true,1.7390000820159912
open_fixed--p1--swm--clarabel,open_fixed,1,clarabel,128,3.4485627899427662e-6,0.00013981566853182859,180.93226997902508,180.93046796347704,true,true,1.751999855041504
open_fixed--p1--swm--clarabel,open_fixed,1,clarabel,129,3.4284959247177227e-6,0.00013971865712059106,180.9322160708303,180.93046796347704,true,true,1.7690000534057617
open_fixed--p1--swm--clarabel,open_fixed,1,clarabel,130,3.408789695014125e-6,0.00013962310173398773,180.93217978801107,180.93046796347704,true,true,1.7839999198913574
open_fixed--p1--swm--clarabel,open_fixed,1,clarabel,131,3.3893617947811094e-6,0.0001395289875315564,180.9321614677005,180.93046796347704,true,true,1.7950000762939453
open_fixed--p1--swm--clarabel,open_fixed,1,clarabel,132,3.370200975072457e-6,0.0001394363341119531,180.9321587334485,180.93046796347704,true,true,1.807999849319458
open_fixed--p1--swm--clarabel,open_fixed,1,clarabel,133,3.351273022200729e-6,0.0001393451714203353,180.93216701610982,180.93046796347704,true,true,1.819000005722046
open_fixed--p1--swm--clarabel,open_fixed,1,clarabel,134,3.33256721296582e-6,0.0001392555474701851,180.93218067705962,180.93046796347704,true,true,1.8309998512268066
open_fixed--p1--swm--clarabel,open_fixed,1,clarabel,135,3.314054778214004e-6,0.0001391674555011324,180.93219410339282,180.93046796347704,true,true,1.8499999046325684
open_fixed--p1--swm--clarabel,open_fixed,1,clarabel,136,3.2957622504992123e-6,0.00013908097210768577,180.93220266571615,180.93046796347704,true,true,1.8619999885559082
open_fixed--p1--swm--clarabel,open_fixed,1,clarabel,137,3.2776696475278477e-6,0.00013899608877276926,180.9322032962425,180.93046796347704,true,true,1.875
open_fixed--p1--swm--clarabel,open_fixed,1,clarabel,138,3.2598108164472173e-6,0.0001389128767879111,180.9321947482274,180.93046796347704,true,true,1.8870000839233398
open_fixed--p1--swm--clarabel,open_fixed,1,clarabel,139,3.242181560281221e-6,0.00013883131973446705,180.93217721292413,180.93046796347704,true,true,1.8989999294281006
open_fixed--p1--swm--clarabel,open_fixed,1,clarabel,140,3.224806313706363e-6,0.00013875148698416773,180.93215307117185,180.93046796347704,true,true,1.9110000133514404
open_fixed--p1--swm--clarabel,open_fixed,1,clarabel,141,3.299844032578214e-6,0.00013867333533679194,180.93212452358478,180.93046796347704,true,true,1.9240000247955322
open_fixed--p1--swm--clarabel,open_fixed,1,clarabel,142,3.394347781127127e-6,0.0001385969203153703,180.93209443604252,180.93046796347704,true,true,1.941999912261963
open_fixed--p1--swm--clarabel,open_fixed,1,clarabel,143,3.4903009262787776e-6,0.00013852220806753746,180.93206545000385,180.93046796347704,true,true,1.9539999961853027
open_fixed--p1--swm--clarabel,open_fixed,1,clarabel,144,3.5876554418390327e-6,0.0001384492169268503,180.93203964532614,180.93046796347704,true,true,1.9670000076293945
open_fixed--p1--swm--clarabel,open_fixed,1,clarabel,145,3.6862368657519795e-6,0.0001383779306771693,180.9320183264221,180.93046796347704,true,true,1.9779999256134033
open_fixed--p1--swm--clarabel,open_fixed,1,clarabel,146,3.785856029336898e-6,0.00013830832577932384,180.93200172790029,180.93046796347704,true,true,1.9909999370574951
open_fixed--p1--swm--clarabel,open_fixed,1,clarabel,147,3.8861342324114645e-6,0.00013824038699516983,180.931990137407,180.93046796347704,true,true,2.003999948501587
open_fixed--p1--swm--clarabel,open_fixed,1,clarabel,148,3.987058010967992e-6,0.00013817411903083165,180.93198231314724,180.93046796347704,true,true,2.0149998664855957
open_fixed--p1--swm--clarabel,open_fixed,1,clarabel,149,4.088166589311104e-6,0.00013810940046354858,180.9319767239925,180.93046796347704,true,true,2.0349998474121094
open_fixed--p1--swm--clarabel,open_fixed,1,clarabel,150,4.189118785080659e-6,0.0001380462297426721,180.93197233334683,180.93046796347704,true,true,2.0460000038146973
open_fixed--p1--swm--clarabel,open_fixed,1,clarabel,151,4.2897413575215815e-6,0.00013798456333968812,180.93196782173194,180.93046796347704,true,true,2.057999849319458
open_fixed--p1--swm--clarabel,open_fixed,1,clarabel,152,4.39002267033084e-6,0.00013792435201709363,180.93196215322942,180.93046796347704,true,true,2.07099986076355
open_fixed--p1--swm--clarabel,open_fixed,1,clarabel,153,4.489337214419464e-6,0.00013786538111160151,180.93195480751572,180.93046796347704,true,true,2.0820000171661377
open_fixed--p1--swm--clarabel,open_fixed,1,clarabel,154,4.587506377218276e-6,0.0001378075953687441,180.93194510016113,180.93046796347704,true,true,2.0939998626708984
open_fixed--p1--swm--clarabel,open_fixed,1,clarabel,155,4.684399731058608e-6,0.00013775088387335543,180.93193311155227,180.93046796347704,true,true,2.1050000190734863
open_fixed--p1--swm--clarabel,open_fixed,1,clarabel,156,4.779625619732997e-6,0.0001376950076913408,180.93191922674828,180.93046796347704,true,true,2.122999906539917
open_fixed--p1--swm--clarabel,open_fixed,1,clarabel,157,4.872899974861511e-6,0.00013763976374536746,180.93190407484448,180.93046796347704,true,true,2.135999917984009
open_fixed--p1--swm--clarabel,open_fixed,1,clarabel,158,4.964079894975715e-6,0.00013758489326465284,180.9318881350584,180.93046796347704,true,true,2.1480000019073486
open_fixed--p1--swm--clarabel,open_fixed,1,clarabel,159,5.052885812706354e-6,0.00013753005573213795,180.93187248868665,180.93046796347704,true,true,2.1599998474121094
open_fixed--p1--swm--clarabel,open_fixed,1,clarabel,160,5.1392393486948684e-6,0.00013747484614778926,180.93185796316652,180.93046796347704,true,true,2.171999931335449
open_fixed--p1--swm--clarabel,open_fixed,1,clarabel,161,5.222853328767929e-6,0.00013741865885952276,180.93184457664776,180.93046796347704,true,true,2.184000015258789
open_fixed--p1--swm--clarabel,open_fixed,1,clarabel,162,5.303731450745364e-6,0.00013736087397409058,180.9318323027993,180.93046796347704,true,true,2.203000068664551
open_fixed--p1--swm--clarabel,open_fixed,1,clarabel,163,5.382021862065933e-6,0.0001373006665443821,180.93182179017577,180.93046796347704,true,true,2.2149999141693115
open_fixed--p1--swm--clarabel,open_fixed,1,clarabel,164,5.4577560623658705e-6,0.0001372368321663764,180.93181259514074,180.93046796347704,false,true,2.2260000705718994
open_fixed--p1--swm--clarabel,open_fixed,1,clarabel,165,5.531213719989214e-6,0.00013716796439977585,180.93180457818087,180.93046796347704,false,true,2.236999988555908
open_fixed--p1--swm--clarabel,open_fixed,1,clarabel,166,5.603115178498541e-6,0.00013709224250724183,180.9317976375608,180.93046796347704,false,true,2.25
open_fixed--p1--swm--clarabel,open_fixed,1,clarabel,167,5.674120926169035e-6,0.00013700716248365996,180.93179175822348,180.93046796347704,false,true,2.26200008392334
open_fixed--p1--swm--clarabel,open_fixed,1,clarabel,168,5.745474160934183e-6,0.00013690959466261532,180.931786862613,180.93046796347704,false,true,2.2749998569488525
open_fixed--p1--swm--clarabel,open_fixed,1,clarabel,169,5.818825851988674e-6,0.0001367954701619878,180.93178393254607,180.93046796347704,false,true,2.2929999828338623
open_fixed--p1--swm--clarabel,open_fixed,1,clarabel,170,5.896502441760099e-6,0.00013665944210972114,180.93178300966449,180.93046796347704,false,true,2.305999994277954
open_fixed--p1--swm--clarabel,open_fixed,1,clarabel,171,5.981274508903844e-6,0.00013649466826060053,180.93178537930828,180.93046796347704,false,true,2.319999933242798
open_fixed--p1--swm--clarabel,open_fixed,1,clarabel,172,6.077089921008305e-6,0.00013629246743906975,180.93179255327266,180.93046796347704,false,true,2.3320000171661377
open_fixed--p1--swm--clarabel,open_fixed,1,clarabel,173,6.188656737571296e-6,0.00013604164158509402,180.93180550495168,180.93046796347704,false,true,2.3450000286102295
open_fixed--p1--swm--clarabel,open_fixed,1,clarabel,174,6.321484433413627e-6,0.00013572818954310506,180.93182675735864,180.93046796347704,false,true,2.3559999465942383
open_fixed--p1--swm--clarabel,open_fixed,1,clarabel,175,6.482843901589597e-6,0.00013533474937355017,180.9318582572866,180.93046796347704,false,true,2.375
open_fixed--p1--swm--clarabel,open_fixed,1,clarabel,176,6.680954330817723e-6,0.00013483978741613,180.93190237960795,180.93046796347704,false,true,2.38700008392334
open_fixed--p1--swm--clarabel,open_fixed,1,clarabel,177,6.925177847283415e-6,0.00013421725690765385,180.9319626526654,180.93046796347704,false,true,2.3999998569488525
open_fixed--p1--swm--clarabel,open_fixed,1,clarabel,178,7.226132462845314e-6,0.0001334359434591592,180.93204185036117,180.93046796347704,false,true,2.4129998683929443
open_fixed--p1--swm--clarabel,open_fixed,1,clarabel,179,7.59504603531358e-6,0.00013245918419724223,180.932143228486,180.93046796347704,false,true,2.4240000247955322
open_fixed--p1--swm--clarabel,open_fixed,1,clarabel,180,8.04349107458302e-6,0.00013124472058556602,180.93226999046428,180.93046796347704,false,true,2.437000036239624
open_fixed--p1--swm--clarabel,open_fixed,1,clarabel,181,8.582425634340307e-6,0.0001297449433672604,180.932425071053,180.93046796347704,false,true,2.447999954223633
open_fixed--p1--swm--clarabel,open_fixed,1,clarabel,182,9.221640325962621e-6,0.0001279077324309874,180.93261088256912,180.93046796347704,false,true,2.4670000076293945
open_fixed--p1--swm--clarabel,open_fixed,1,clarabel,183,9.967530326004947e-6,0.0001256776107304569,180.93282858115546,180.93046796347704,false,true,2.4789998531341553
open_fixed--p1--swm--clarabel,open_fixed,1,clarabel,184,1.0821698763541221e-5,0.00012299824952655136,180.9330784874763,180.93046796347704,false,true,2.490999937057495
open_fixed--p1--swm--clarabel,open_fixed,1,clarabel,185,1.2190405293988071e-5,0.00011981564010055124,180.93335884010128,180.93046796347704,false,true,2.503000020980835
open_fixed--p1--swm--clarabel,open_fixed,1,clarabel,186,1.4142206248124456e-5,0.0001160819559243853,180.93366447305118,180.93046796347704,false,true,2.5149998664855957
open_fixed--p1--swm--clarabel,open_fixed,1,clarabel,187,1.619394472995861e-5,0.0001117609607635961,180.93398808773287,180.93046796347704,false,true,2.5269999504089355
open_fixed--p1--swm--clarabel,open_fixed,1,clarabel,188,1.8278522404213682e-5,0.00010683380248388552,180.93431879183152,180.93046796347704,false,true,2.5839998722076416
open_fixed--p1--swm--clarabel,open_fixed,1,clarabel,189,2.0308968463389476e-5,0.00010130526014451302,180.9346413007484,180.93046796347704,false,true,2.5959999561309814
open_fixed--p1--swm--clarabel,open_fixed,1,clarabel,190,2.218079371457682e-5,9.5209657624995e-5,180.93493822336637,180.93046796347704,false,true,2.6080000400543213
open_fixed--p1--swm--clarabel,open_fixed,1,clarabel,191,2.3778279986008677e-5,8.861545444815988e-5,180.93518876006755,180.93046796347704,false,true,2.619999885559082
open_fixed--p1--swm--clarabel,open_fixed,1,clarabel,192,2.4982862282252327e-5,8.162756643192992e-5,180.9353711708639,180.93046796347704,false,true,2.63100004196167
open_fixed--p1--swm--clarabel,open_fixed,1,clarabel,193,2.568519578749484e-5,7.438642276968999e-5,180.93546548373445,180.93046796347704,false,true,2.6429998874664307
open_fixed--p1--swm--clarabel,open_fixed,1,clarabel,194,2.5798150848077572e-5,6.706259775157708e-5,180.93545401775486,180.93046796347704,false,true,2.6549999713897705
open_fixed--p1--swm--clarabel,open_fixed,1,clarabel,195,2.52687196606316e-5,5.994625372296447e-5,180.9353251010242,180.93046796347704,false,true,2.8949999809265137
open_fixed--p1--swm--clarabel,open_fixed,1,clarabel,196,2.408739253806358e-5,5.3160363215010165e-5,180.9350748026717,180.93046796347704,false,true,2.9070000648498535
open_fixed--p1--swm--clarabel,open_fixed,1,clarabel,197,2.2293074196766405e-5,4.6867389806692916e-5,180.93470825949277,180.93046796347704,false,true,2.9200000762939453
open_fixed--p1--swm--clarabel,open_fixed,1,clarabel,198,1.997121737667973e-5,4.122638143783108e-5,180.93423996038672,180.93046796347704,false,true,2.931999921798706
open_fixed--p1--swm--clarabel,open_fixed,1,clarabel,199,1.7247143097531836e-5,3.636082119751194e-5,180.9336926483957,180.93046796347704,false,true,2.944999933242798
open_fixed--p1--swm--clarabel,open_fixed,1,clarabel,200,1.4274260683122542e-5,3.412546643477565e-5,180.93309643453995,180.93046796347704,false,true,2.9589998722076416
open_fixed--p1--swm--clarabel,open_fixed,1,clarabel,201,1.1219700706444069e-5,3.5768563705906864e-5,180.9324842053856,180.93046796347704,false,true,2.9730000495910645
open_fixed--p1--swm--clarabel,open_fixed,1,clarabel,202,8.248744121308604e-6,3.657761065645193e-5,180.93188968935146,180.93046796347704,false,true,2.9860000610351562
open_fixed--p1--swm--clarabel,open_fixed,1,clarabel,203,5.509584665885914e-6,3.662196306097876e-5,180.93134368576725,180.93046796347704,false,true,2.999000072479248
open_fixed--p1--swm--clarabel,open_fixed,1,clarabel,204,3.121947924400459e-6,3.6011670769275916e-5,180.93087202303184,180.93046796347704,true,true,3.010999917984009
open_fixed--p2--swm--clarabel,open_fixed,2,clarabel,1,0.15814728025840208,0.9252494035678444,169.68312961398053,182.591831189983,false,false,0.042999982833862305
open_fixed--p2--swm--clarabel,open_fixed,2,clarabel,2,0.06587240267596672,0.20336466547291174,224.53187301120064,182.591831189983,false,true,0.0559999942779541
open_fixed--p2--swm--clarabel,open_fixed,2,clarabel,3,0.02920060208767844,0.1315609804883877,216.03742628803667,182.591831189983,false,false,0.06799983978271484
open_fixed--p2--swm--clarabel,open_fixed,2,clarabel,4,0.00617950127206901,0.06144984193902786,212.2636911019044,182.591831189983,false,false,0.07999992370605469
open_fixed--p2--swm--clarabel,open_fixed,2,clarabel,5,0.004615107725388343,0.06208661117758063,208.03173236960538,182.591831189983,false,false,0.09099984169006348
open_fixed--p2--swm--clarabel,open_fixed,2,clarabel,6,0.0026249241875439255,0.06019637051862703,203.95541568440754,182.591831189983,false,false,0.10299992561340332
open_fixed--p2--swm--clarabel,open_fixed,2,clarabel,7,0.001638535878974945,0.05859579250543534,200.2001801741804,182.591831189983,false,false,0.11399984359741211
open_fixed--p2--swm--clarabel,open_fixed,2,clarabel,8,0.017848420472618587,0.05860192766429245,198.45993222193943,182.591831189983,false,true,0.12599992752075195
open_fixed--p2--swm--clarabel,open_fixed,2,clarabel,9,0.022445754095995585,0.058602505405268235,195.6047374740935,182.591831189983,false,false,0.13899993896484375
open_fixed--p2--swm--clarabel,open_fixed,2,clarabel,10,0.01557383534265333,0.051377764398475634,193.3931546935625,182.591831189983,false,false,0.1510000228881836
open_fixed--p2--swm--clarabel,open_fixed,2,clarabel,11,0.025758452285675415,0.031177822168516278,192.42369222802097,182.591831189983,false,true,0.16299986839294434
open_fixed--p2--swm--clarabel,open_fixed,2,clarabel,12,0.020832945304712525,0.03001621424424572,190.3602252590238,182.591831189983,false,false,0.17499995231628418
open_fixed--p2--swm--clarabel,open_fixed,2,clarabel,13,0.009538679309478215,0.02877448236372404,188.4401009966033,182.591831189983,false,true,0.19899988174438477
open_fixed--p2--swm--clarabel,open_fixed,2,clarabel,14,0.005036495282986331,0.02335995659857465,187.37138247459768,182.591831189983,false,true,0.21199989318847656
open_fixed--p2--swm--clarabel,open_fixed,2,clarabel,15,0.009368529757096344,0.01969238466235934,186.5044831050012,182.591831189983,false,true,0.22300004959106445
open_fixed--p2--swm--clarabel,open_fixed,2,clarabel,16,0.013155392741819871,0.014992809902990567,186.05044019558255,182.591831189983,false,true,0.2349998950958252
open_fixed--p2--swm--clarabel,open_fixed,2,clarabel,17,0.01256632500090532,0.013270631156971802,186.06207581348744,182.591831189983,false,true,0.24699997901916504
open_fixed--p2--swm--clarabel,open_fixed,2,clarabel,18,0.01427624581870196,0.012463692965332673,185.79666830050513,182.591831189983,false,true,0.2589998245239258
open_fixed--p2--swm--clarabel,open_fixed,2,clarabel,19,0.014414776395720863,0.011141562524909943,185.62707520126105,182.591831189983,false,true,0.2709999084472656
open_fixed--p2--swm--clarabel,open_fixed,2,clarabel,20,0.0019263850121322146,0.011132669654181582,186.82483096659348,182.591831189983,false,true,0.2839999198913574
open_fixed--p2--swm--clarabel,open_fixed,2,clarabel,21,0.0013937150195224568,0.011071663446110602,186.84096738778769,182.591831189983,false,true,0.2949998378753662
open_fixed--p2--swm--clarabel,open_fixed,2,clarabel,22,0.0011208522762524709,0.010912423667086335,186.71431363744398,182.591831189983,false,true,0.30699992179870605
open_fixed--p2--swm--clarabel,open_fixed,2,clarabel,23,0.0009490862330506777,0.010810174359407898,186.64643654371255,182.591831189983,false,true,0.3190000057220459
open_fixed--p2--swm--clarabel,open_fixed,2,clarabel,24,0.0003600289987943095,0.010813697510560938,186.59682160671719,182.591831189983,false,true,0.3299999237060547
open_fixed--p2--swm--clarabel,open_fixed,2,clarabel,25,0.0007618392258820772,0.01081586127912948,186.529290612448,182.591831189983,false,true,0.3409998416900635
open_fixed--p2--swm--clarabel,open_fixed,2,clarabel,26,0.001012783129671735,0.010782369089004984,186.42703397600738,182.591831189983,false,true,0.3529999256134033
open_fixed--p2--swm--clarabel,open_fixed,2,clarabel,27,0.0010810638560038166,0.010740397267597235,186.29058897824189,182.591831189983,false,true,0.37399983406066895
open_fixed--p2--swm--clarabel,open_fixed,2,clarabel,28,0.0009833323202292354,0.010730550918515047,186.12933593299428,182.591831189983,false,true,0.3859999179840088
open_fixed--p2--swm--clarabel,open_fixed,2,clarabel,29,0.0007577625486596684,0.010716396007069529,185.95388636246508,182.591831189983,false,true,0.39999985694885254
open_fixed--p2--swm--clarabel,open_fixed,2,clarabel,30,0.00045545118844253496,0.010700508847681145,185.77262589429583,182.591831189983,false,true,0.4119999408721924
open_fixed--p2--swm--clarabel,open_fixed,2,clarabel,31,0.00013115773065508485,0.010693899275173169,185.59148095651364,182.591831189983,false,true,0.4240000247955322
open_fixed--p2--swm--clarabel,open_fixed,2,clarabel,32,0.0001654154597167841,0.010689316322534337,185.41475295647922,182.591831189983,false,true,0.434999942779541
open_fixed--p2--swm--clarabel,open_fixed,2,clarabel,33,0.00039455385853964797,0.010681929606482843,185.2458857525126,182.591831189983,false,true,0.4479999542236328
open_fixed--p2--swm--clarabel,open_fixed,2,clarabel,34,0.0005337944686517049,0.010673676579870395,185.08736503774975,182.591831189983,false,true,0.46000003814697266
open_fixed--p2--swm--clarabel,open_fixed,2,clarabel,35,0.0005757738588267336,0.010667444862102193,184.94029745372745,182.591831189983,false,true,0.47099995613098145
open_fixed--p2--swm--clarabel,open_fixed,2,clarabel,36,0.0005285241759086512,0.010662357906306319,184.8041113030788,182.591831189983,false,true,0.4830000400543213
open_fixed--p2--swm--clarabel,open_fixed,2,clarabel,37,0.000411797426778715,0.01065665714636102,184.67666482651362,182.591831189983,false,true,0.4939999580383301
open_fixed--p2--swm--clarabel,open_fixed,2,clarabel,38,0.00025251789498492716,0.010650802965448347,184.5547355743255,182.591831189983,false,true,0.5149998664855957
open_fixed--p2--swm--clarabel,open_fixed,2,clarabel,39,7.986014771088623e-5,0.010645488514262835,184.43470774414538,182.591831189983,false,true,0.5269999504089355
open_fixed--p2--swm--clarabel,open_fixed,2,clarabel,40,7.952588768824626e-5,0.010640032054431758,184.31319179417216,182.591831189983,false,true,0.5379998683929443
open_fixed--p2--swm--clarabel,open_fixed,2,clarabel,41,0.00020396777317188697,0.010634336784751452,184.1875700115796,182.591831189983,false,true,0.5499999523162842
open_fixed--p2--swm--clarabel,open_fixed,2,clarabel,42,0.0002810833369534804,0.010628342507494004,184.05629397921876,182.591831189983,false,true,0.560999870300293
open_fixed--p2--swm--clarabel,open_fixed,2,clarabel,43,0.00030641712235179863,0.010622175238505283,183.91885090062055,182.591831189983,false,true,0.5729999542236328
open_fixed--p2--swm--clarabel,open_fixed,2,clarabel,44,0.00028444727490550825,0.010627581544405504,183.77443704202676,182.591831189983,false,true,0.5859999656677246
open_fixed--p2--swm--clarabel,open_fixed,2,clarabel,45,0.00022402797078990844,0.010616770106005147,183.62688110086543,182.591831189983,false,true,0.5980000495910645
open_fixed--p2--swm--clarabel,open_fixed,2,clarabel,46,0.00014002623167880257,0.010610913519159548,183.47655035914593,182.591831189983,false,true,0.6089999675750732
open_fixed--p2--swm--clarabel,open_fixed,2,clarabel,47,4.7977469215698676e-5,0.010604296591557483,183.32528117613947,182.591831189983,false,true,0.6210000514984131
open_fixed--p2--swm--clarabel,open_fixed,2,clarabel,48,3.7790078419360634e-5,0.01059779885901898,183.17487617600028,182.591831189983,false,true,0.6410000324249268
open_fixed--p2--swm--clarabel,open_fixed,2,clarabel,49,0.00010545718500654111,0.010590126784770608,183.02679568796816,182.591831189983,false,true,0.6529998779296875
open_fixed--p2--swm--clarabel,open_fixed,2,clarabel,50,0.0001482275567687985,0.010574046024139347,182.88201589898688,182.591831189983,false,true,0.6649999618530273
open_fixed--p2--swm--clarabel,open_fixed,2,clarabel,51,0.00016377463300071282,0.01049529570861385,182.74217359715794,182.591831189983,false,true,0.6759998798370361
open_fixed--p2--swm--clarabel,open_fixed,2,clarabel,52,0.0015338179681640034,0.010491543673692549,182.5711017191182,182.591831189983,false,true,0.687000036239624
open_fixed--p2--swm--clarabel,open_fixed,2,clarabel,53,0.001820666959397848,0.010086823275367116,182.48313454907523,182.591831189983,false,true,0.7000000476837158
open_fixed--p2--swm--clarabel,open_fixed,2,clarabel,54,0.0018247996057878183,0.004609161759068272,182.41191704566387,182.591831189983,false,false,0.7119998931884766
open_fixed--p2--swm--clarabel,open_fixed,2,clarabel,55,0.001784311691527014,0.0002681494908849946,182.41695346823582,182.591831189983,false,false,0.7239999771118164
open_fixed--p2--swm--clarabel,open_fixed,2,clarabel,56,0.0017557898119439086,0.00022431202790651472,182.42452908957904,182.591831189983,false,false,0.7430000305175781
open_fixed--p2--swm--clarabel,open_fixed,2,clarabel,57,0.0017347292044620462,0.0001934111421452167,182.43395984177337,182.591831189983,false,false,0.7549998760223389
open_fixed--p2--swm--clarabel,open_fixed,2,clarabel,58,0.0016949172160434234,0.0003530053915353358,182.44723508366855,182.591831189983,false,true,0.7660000324249268
open_fixed--p2--swm--clarabel,open_fixed,2,clarabel,59,0.0015999380953514164,0.0006514515528803369,182.46683074327524,182.591831189983,false,true,0.7790000438690186
open_fixed--p2--swm--clarabel,open_fixed,2,clarabel,60,0.0014100592513548449,0.000946811124756787,182.49516340620994,182.591831189983,false,true,0.7909998893737793
open_fixed--p2--swm--clarabel,open_fixed,2,clarabel,61,0.001095967753629301,0.0010871735395955708,182.53129620619586,182.591831189983,false,true,0.8020000457763672
open_fixed--p2--swm--clarabel,open_fixed,2,clarabel,62,0.0006701621602736019,0.0010169257274527219,182.56997088219646,182.591831189983,false,true,0.815000057220459
open_fixed--p2--swm--clarabel,open_fixed,2,clarabel,63,0.0003418426782095972,0.0010887684106768913,182.60411274694803,182.591831189983,false,true,0.8269999027252197
open_fixed--p2--swm--clarabel,open_fixed,2,clarabel,64,0.0004805671372975894,0.000925747901510756,182.62715698677277,182.591831189983,false,true,0.8439998626708984
open_fixed--p2--swm--clarabel,open_fixed,2,clarabel,65,0.0004677082391562736,0.0005915151789603846,182.63626088741802,182.591831189983,false,true,0.8569998741149902
open_fixed--p2--swm--clarabel,open_fixed,2,clarabel,66,0.0005045319321874226,0.00029349791628240345,182.63258012475453,182.591831189983,false,true,0.8689999580383301
open_fixed--p2--swm--clarabel,open_fixed,2,clarabel,67,0.00044506468900518126,0.00041787308674866037,182.6201821922532,182.591831189983,false,true,0.8810000419616699
open_fixed--p2--swm--clarabel,open_fixed,2,clarabel,68,0.0002934062912063329,0.0004070520012504327,182.60436824851863,182.591831189983,false,true,0.8940000534057617
open_fixed--p2--swm--clarabel,open_fixed,2,clarabel,69,0.0001258389154156726,0.00043780918624850267,182.59001812878046,182.591831189983,false,true,0.9049999713897705
open_fixed--p2--swm--clarabel,open_fixed,2,clarabel,70,0.00018705198452970574,0.0003865719260649934,182.58042921605397,182.591831189983,false,true,0.9170000553131104
open_fixed--p2--swm--clarabel,open_fixed,2,clarabel,71,0.00018698533759137301,0.0002549367496916021,182.5768448782215,182.591831189983,false,true,0.937000036239624
open_fixed--p2--swm--clarabel,open_fixed,2,clarabel,72,0.00019923726707169343,0.0001603680936062002,182.57868565481576,182.591831189983,false,true,0.9500000476837158
open_fixed--p2--swm--clarabel,open_fixed,2,clarabel,73,0.00018203385002457662,0.00016042623060941175,182.5841879952773,182.591831189983,false,true,0.9619998931884766
open_fixed--p2--swm--clarabel,open_fixed,2,clarabel,74,0.00012660977177769706,0.0001604655615553563,182.59116069862912,182.591831189983,false,true,0.9719998836517334
open_fixed--p2--swm--clarabel,open_fixed,2,clarabel,75,5.58076583502265e-5,0.00016908065806832146,182.5975998155541,182.591831189983,false,true,0.9859998226165771
open_fixed--p2--swm--clarabel,open_fixed,2,clarabel,76,7.03128808690022e-5,0.00016051702535463397,182.60209563786776,182.591831189983,false,true,0.997999906539917
open_fixed--p2--swm--clarabel,open_fixed,2,clarabel,77,7.380014159719377e-5,0.0001605369507338139,182.6040171349581,182.591831189983,false,true,1.0089998245239258
open_fixed--p2--swm--clarabel,open_fixed,2,clarabel,78,7.690948997314626e-5,0.0001605532393988418,182.60348180188487,182.591831189983,false,true,1.0269999504089355
open_fixed--p2--swm--clarabel,open_fixed,2,clarabel,79,7.396825263410265e-5,0.0001605614584187509,182.60114812266178,182.591831189983,false,true,1.0390000343322754
open_fixed--p2--swm--clarabel,open_fixed,2,clarabel,80,5.4148918801288914e-5,0.00016056554533977474,182.5979409845075,182.591831189983,false,true,1.0509998798370361
open_fixed--p2--swm--clarabel,open_fixed,2,clarabel,81,2.65548914029079e-5,0.00016056162055200218,182.5947763751641,182.591831189983,false,true,1.062000036239624
open_fixed--p2--swm--clarabel,open_fixed,2,clarabel,82,2.6628121074155804e-5,0.0001605494063389723,182.5923482011214,182.591831189983,false,true,1.0750000476837158
open_fixed--p2--swm--clarabel,open_fixed,2,clarabel,83,2.9120018837897055e-5,0.00016052722837728295,182.5910183269022,182.591831189983,false,true,1.0869998931884766
open_fixed--p2--swm--clarabel,open_fixed,2,clarabel,84,2.9736785751352697e-5,0.00016050161527664253,182.59082529008896,182.591831189983,false,true,1.1050000190734863
open_fixed--p2--swm--clarabel,open_fixed,2,clarabel,85,2.9904601758112825e-5,0.0001604705145243357,182.5915438291759,182.591831189983,false,true,1.116999864578247
open_fixed--p2--swm--clarabel,open_fixed,2,clarabel,86,2.2925750489233288e-5,0.0001604340996383402,182.5928117265729,182.591831189983,false,true,1.128000020980835
open_fixed--p2--swm--clarabel,open_fixed,2,clarabel,87,1.2313892688964323e-5,0.00016039665099748524,182.59423296646582,182.591831189983,false,true,1.1419999599456787
open_fixed--p2--swm--clarabel,open_fixed,2,clarabel,88,1.0001348389909737e-5,0.0001603566122615474,182.59547734881403,182.591831189983,false,true,1.1529998779296875
open_fixed--p2--swm--clarabel,open_fixed,2,clarabel,89,1.1454081322992762e-5,0.00016031421615619879,182.5963331387344,182.591831189983,false,true,1.1649999618530273
open_fixed--p2--swm--clarabel,open_fixed,2,clarabel,90,1.1347798999888047e-5,0.00016026780846623012,182.5967216782821,182.591831189983,false,true,1.1770000457763672
open_fixed--p2--swm--clarabel,open_fixed,2,clarabel,91,1.1995066082435418e-5,0.00016021974485691537,182.59667963714026,182.591831189983,false,true,1.1970000267028809
open_fixed--p2--swm--clarabel,open_fixed,2,clarabel,92,9.605378531785114e-6,0.0001601715648323898,182.59631955794248,182.591831189983,false,true,1.2079999446868896
open_fixed--p2--swm--clarabel,open_fixed,2,clarabel,93,5.699903388167726e-6,0.00016012124548114848,182.5957915336623,182.591831189983,false,true,1.2209999561309814
open_fixed--p2--swm--clarabel,open_fixed,2,clarabel,94,3.932896683878084e-6,0.00016006801669948834,182.59523392592405,182.591831189983,true,true,1.2330000400543213
open_fixed--p2--swm--clarabel,open_fixed,2,clarabel,95,4.442341001475655e-6,0.00016001223183154112,182.59475384183816,182.591831189983,true,true,1.246000051498413
open_fixed--p2--swm--clarabel,open_fixed,2,clarabel,96,4.28691229674167e-6,0.0001599541738029342,182.59441311896876,182.591831189983,true,true,1.2589998245239258
open_fixed--p2--swm--clarabel,open_fixed,2,clarabel,97,4.777732747540675e-6,0.00015989432853275032,182.5942294377934,182.591831189983,true,true,1.2779998779296875
open_fixed--p2--swm--clarabel,open_fixed,2,clarabel,98,4.018366742908341e-6,0.00015983297591642964,182.59418498144976,182.591831189983,true,true,1.2890000343322754
open_fixed--p2--swm--clarabel,open_fixed,2,clarabel,99,3.6759638326056e-6,0.00015977060115629493,182.59424503579797,182.591831189983,true,true,1.3020000457763672
open_fixed--p2--swm--clarabel,open_fixed,2,clarabel,100,3.634147031583712e-6,0.0001597056479896164,182.59436620943507,182.591831189983,true,true,1.312999963760376
open_fixed--p2--swm--clarabel,open_fixed,2,clarabel,101,3.0729483629365895e-6,0.0001596402909043726,182.59451029829364,182.591831189983,true,true,1.3250000476837158
open_fixed--p2--swm--clarabel,open_fixed,2,clarabel,102,2.1569776005869734e-6,0.0001595742394697175,182.59464554051635,182.591831189983,true,true,1.3379998207092285
open_fixed--p2--swm--clarabel,open_fixed,2,clarabel,103,2.1471711482146105e-6,0.00015950921686103126,182.5947526904774,182.591831189983,true,true,1.3489999771118164
open_fixed--p2--swm--clarabel,open_fixed,2,clarabel,104,2.137701311466511e-6,0.00015944253764449412,182.59482753060553,182.591831189983,true,true,1.366999864578247
open_fixed--p2--swm--clarabel,open_fixed,2,clarabel,105,2.1284871442039943e-6,0.00015937429161594352,182.59486657420175,182.591831189983,true,true,1.378999948501587
open_fixed--p2--swm--clarabel,open_fixed,2,clarabel,106,2.1194611710684264e-6,0.00015930500895466881,182.59487704186654,182.591831189983,true,true,1.3910000324249268
open_fixed--p2--swm--clarabel,open_fixed,2,clarabel,107,2.1106688953831387e-6,0.0001592342504586064,182.59486090178203,182.591831189983,true,true,1.4029998779296875
open_fixed--p2--swm--clarabel,open_fixed,2,clarabel,108,2.101806557242014e-6,0.00015916185065439903,182.59482682847943,182.591831189983,true,true,1.4149999618530273
open_fixed--p2--swm--clarabel,open_fixed,2,clarabel,109,2.0930133033392195e-6,0.00015909050803764035,182.59477764995043,182.591831189983,true,true,1.4279999732971191
open_fixed--p2--swm--clarabel,open_fixed,2,clarabel,110,2.084258184986698e-6,0.00015901824136177467,182.59471658484438,182.591831189983,true,true,1.4459998607635498
open_fixed--p2--swm--clarabel,open_fixed,2,clarabel,111,2.0754851580706557e-6,0.00015894566984053782,182.5946504389164,182.591831189983,true,true,1.4579999446868896
open_fixed--p2--swm--clarabel,open_fixed,2,clarabel,112,2.0668648559873937e-6,0.00015887212584797528,182.59458428579137,182.591831189983,true,true,1.4709999561309814
open_fixed--p2--swm--clarabel,open_fixed,2,clarabel,113,2.058216209632757e-6,0.0001587967035946436,182.59452464095506,182.591831189983,true,true,1.4830000400543213
open_fixed--p2--swm--clarabel,open_fixed,2,clarabel,114,2.049743226484324e-6,0.00015872094755603472,182.5944742872275,182.591831189983,true,true,1.49399995803833
open_fixed--p2--swm--clarabel,open_fixed,2,clarabel,115,2.0414077387953533e-6,0.00015864748345439939,182.5944356429019,182.591831189983,true,true,1.50600004196167
open_fixed--p2--swm--clarabel,open_fixed,2,clarabel,116,2.0331542268103853e-6,0.00015857030847427067,182.59441408213868,182.591831189983,true,true,1.5179998874664307
open_fixed--p2--swm--clarabel,open_fixed,2,clarabel,117,2.025038082609232e-6,0.00015849490544184164,182.59440754389396,182.591831189983,true,true,1.5360000133514404
open_fixed--p2--swm--clarabel,open_fixed,2,clarabel,118,2.0170870114188943e-6,0.0001584187663451475,182.59441363859497,182.591831189983,true,true,1.5479998588562012
open_fixed--p2--swm--clarabel,open_fixed,2,clarabel,119,2.0092421998962884e-6,0.00015834189579305713,182.5944282830606,182.591831189983,true,true,1.559000015258789
open_fixed--p2--swm--clarabel,open_fixed,2,clarabel,120,2.0013973860977252e-6,0.00015826327420753739,182.59444627788008,182.591831189983,true,true,1.5709998607635498
open_fixed--p2--swm--clarabel,open_fixed,2,clarabel,121,1.993672047118089e-6,0.00015818587848015486,182.59446100823575,182.591831189983,true,true,1.5829999446868896
open_fixed--p2--swm--clarabel,open_fixed,2,clarabel,122,1.9859890217910348e-6,0.00015810786086023487,182.59447114546504,182.591831189983,true,true,1.5950000286102295
open_fixed--p2--swm--clarabel,open_fixed,2,clarabel,123,1.978440197281106e-6,0.00015802843788992327,182.5944714915797,182.591831189983,true,true,1.6129999160766602
open_fixed--p2--swm--clarabel,open_fixed,2,clarabel,124,1.9709226640185484e-6,0.00015795040174371167,182.59446069536153,182.591831189983,true,true,1.625
open_fixed--p2--swm--clarabel,open_fixed,2,clarabel,125,1.9634944465329873e-6,0.0001578713037666546,182.59443785999622,182.591831189983,true,true,1.6389999389648438
open_fixed--p2--swm--clarabel,open_fixed,2,clarabel,126,1.9561710332682836e-6,0.0001577923227254474,182.59440851996607,182.591831189983,true,true,1.6519999504089355
open_fixed--p2--swm--clarabel,open_fixed,2,clarabel,127,1.9488923526100876e-6,0.00015771258898383822,182.5943738513047,182.591831189983,true,true,1.6629998683929443
open_fixed--p2--swm--clarabel,open_fixed,2,clarabel,128,1.9417456689208024e-6,0.00015763249453154549,182.59433615613943,182.591831189983,true,true,1.6749999523162842
open_fixed--p2--swm--clarabel,open_fixed,2,clarabel,129,1.9346581809909225e-6,0.00015755240799292247,182.59430216259938,182.591831189983,true,true,1.685999870300293
open_fixed--p2--swm--clarabel,open_fixed,2,clarabel,130,1.927690967518103e-6,0.0001574718391761376,182.59427248637496,182.591831189983,true,true,1.7039999961853027
open_fixed--p2--swm--clarabel,open_fixed,2,clarabel,131,1.9207570854384848e-6,0.00015739018048821496,182.59424870574844,182.591831189983,true,true,1.7149999141693115
open_fixed--p2--swm--clarabel,open_fixed,2,clarabel,132,1.9139195416295607e-6,0.00015730873391373024,182.59423127591492,182.591831189983,true,true,1.7279999256134033
open_fixed--p2--swm--clarabel,open_fixed,2,clarabel,133,1.9071367999834443e-6,0.00015722984622656977,182.5942195600914,182.591831189983,true,true,1.738999843597412
open_fixed--p2--swm--clarabel,open_fixed,2,clarabel,134,1.9004032230651724e-6,0.0001571479108826157,182.59421214864648,182.591831189983,true,true,1.75
open_fixed--p2--swm--clarabel,open_fixed,2,clarabel,135,1.8937966584364752e-6,0.0001570659127611007,182.59420723329225,182.591831189983,true,true,1.7630000114440918
open_fixed--p2--swm--clarabel,open_fixed,2,clarabel,136,1.887246514509222e-6,0.00015698476195935562,182.59420157228328,182.591831189983,true,true,1.7819998264312744
open_fixed--p2--swm--clarabel,open_fixed,2,clarabel,137,1.8807299072554073e-6,0.00015690228381953775,182.59419534329678,182.591831189983,true,true,1.7939999103546143
open_fixed--p2--swm--clarabel,open_fixed,2,clarabel,138,1.8743175351776387e-6,0.00015682146338502623,182.59418724751282,182.591831189983,true,true,1.805999994277954
open_fixed--p2--swm--clarabel,open_fixed,2,clarabel,139,1.8679880615657396e-6,0.00015673927474907368,182.5941776309455,182.591831189983,true,true,1.816999912261963
open_fixed--p2--swm--clarabel,open_fixed,2,clarabel,140,1.8617262042552873e-6,0.00015665712471185644,182.5941628539602,182.591831189983,true,true,1.8289999961853027
open_fixed--p2--swm--clarabel,open_fixed,2,clarabel,141,1.8555013270860066e-6,0.000156575015991256,182.59414649072932,182.591831189983,true,true,1.8399999141693115
open_fixed--p2--swm--clarabel,open_fixed,2,clarabel,142,1.8493486368398315e-6,0.00015649229003417142,182.59412590653494,182.591831189983,true,true,1.8519999980926514
open_fixed--p2--swm--clarabel,open_fixed,2,clarabel,143,1.843265111434178e-6,0.0001564097708264267,182.59410547763895,182.591831189983,true,true,1.871000051498413
open_fixed--p2--swm--clarabel,open_fixed,2,clarabel,144,1.8372207982175759e-6,0.0001563268867749712,182.59408428172338,182.591831189983,true,true,1.8839998245239258
open_fixed--p2--swm--clarabel,open_fixed,2,clarabel,145,1.8312616809623705e-6,0.0001562440299205381,182.5940633877067,182.591831189983,true,true,1.8959999084472656
open_fixed--p2--swm--clarabel,open_fixed,2,clarabel,146,1.8253565478021372e-6,0.00015616098914444931,182.5940422922864,182.591831189983,true,true,1.9069998264312744
open_fixed--p2--swm--clarabel,open_fixed,2,clarabel,147,1.8195669159726258e-6,0.00015607803804162934,182.59402356136002,182.591831189983,true,true,1.9179999828338623
open_fixed--p2--swm--clarabel,open_fixed,2,clarabel,148,1.8138312247173438e-6,0.0001559948693533042,182.59400731828265,182.591831189983,true,true,1.930999994277954
open_fixed--p2--swm--clarabel,open_fixed,2,clarabel,149,1.8080681194465598e-6,0.0001559116763609203,182.5939945972073,182.591831189983,true,true,1.9500000476837158
open_fixed--p2--swm--clarabel,open_fixed,2,clarabel,150,1.802433478081955e-6,0.00015582811550846065,182.59398147313289,182.591831189983,true,true,1.9609999656677246
open_fixed--p2--swm--clarabel,open_fixed,2,clarabel,151,1.7968517388444738e-6,0.00015574484417574253,182.59397060947356,182.591831189983,true,true,1.9730000495910645
open_fixed--p2--swm--clarabel,open_fixed,2,clarabel,152,1.791265279382781e-6,0.00015566028727337367,182.59395929667704,182.591831189983,true,true,1.9859998226165771
open_fixed--p2--swm--clarabel,open_fixed,2,clarabel,153,1.7858180130780887e-6,0.00015557600826632267,182.59394579414254,182.591831189983,true,true,1.997999906539917
open_fixed--p2--swm--clarabel,open_fixed,2,clarabel,154,1.7804404993659873e-6,0.00015549238611634042,182.5939318177246,182.591831189983,true,true,2.009999990463257
open_fixed--p2--swm--clarabel,open_fixed,2,clarabel,155,1.7751487076389516e-6,0.0001554107595084231,182.593917283304,182.591831189983,true,true,2.0230000019073486
open_fixed--p2--swm--clarabel,open_fixed,2,clarabel,156,1.7699489167632976e-6,0.00015532628879855181,182.5939034784229,182.591831189983,true,true,2.0399999618530273
open_fixed--p2--swm--clarabel,open_fixed,2,clarabel,157,1.764833567785562e-6,0.0001552416939841761,182.59388847498332,182.591831189983,true,true,2.052000045776367
open_fixed--p2--swm--clarabel,open_fixed,2,clarabel,158,1.7597590174500688e-6,0.00015515821260780882,182.59387115620905,182.591831189983,true,true,2.063999891281128
open_fixed--p2--swm--clarabel,open_fixed,2,clarabel,159,1.7547153461916487e-6,0.00015507423538058118,182.5938550710922,182.591831189983,true,true,2.0759999752044678
open_fixed--p2--swm--clarabel,open_fixed,2,clarabel,160,1.7497479116168613e-6,0.00015499011666347817,182.59383857333165,182.591831189983,true,true,2.0879998207092285
open_fixed--p2--swm--clarabel,open_fixed,2,clarabel,161,1.7448243468942692e-6,0.0001549050312417699,182.59382196564368,182.591831189983,true,true,2.0989999771118164
open_fixed--p2--swm--clarabel,open_fixed,2,clarabel,162,1.7399460607303574e-6,0.00015482193582594395,182.5938055648346,182.591831189983,true,true,2.118000030517578
open_fixed--p2--swm--clarabel,open_fixed,2,clarabel,163,1.7351307612378797e-6,0.00015473722136982726,182.5937895020785,182.591831189983,true,true,2.129999876022339
open_fixed--p2--swm--clarabel,open_fixed,2,clarabel,164,1.7303364868159754e-6,0.00015465197678032894,182.59377395445364,182.591831189983,true,true,2.1419999599456787
open_fixed--p2--swm--clarabel,open_fixed,2,clarabel,165,1.7255903451696142e-6,0.00015456861599205673,182.59375897297105,182.591831189983,true,true,2.1549999713897705
open_fixed--p2--swm--clarabel,open_fixed,2,clarabel,166,1.7208903392851305e-6,0.00015448282818536496,182.59374442998404,182.591831189983,true,true,2.1659998893737793
open_fixed--p2--swm--clarabel,open_fixed,2,clarabel,167,1.716303703713784e-6,0.00015439957831264728,182.59372894807444,182.591831189983,true,true,2.177999973297119
open_fixed--p2--swm--clarabel,open_fixed,2,clarabel,168,1.7116770807956705e-6,0.0001543145178651284,182.59371429628638,182.591831189983,true,true,2.190000057220459
open_fixed--p2--swm--clarabel,open_fixed,2,clarabel,169,1.7071555001302308e-6,0.00015422921519947508,182.59370156228067,182.591831189983,true,true,2.2079999446868896
open_fixed--p2--swm--clarabel,open_fixed,2,clarabel,170,1.7026488373650395e-6,0.00015414535376434557,182.59368846373903,182.591831189983,true,true,2.2200000286102295
open_fixed--p2--swm--clarabel,open_fixed,2,clarabel,171,1.6982196426318374e-6,0.00015405923605688043,182.5936746879117,182.591831189983,true,true,2.2319998741149902
open_fixed--p2--swm--clarabel,open_fixed,2,clarabel,172,1.693757248510952e-6,0.000153975798772632,182.59366022187496,182.591831189983,true,true,2.243000030517578
open_fixed--p2--swm--clarabel,open_fixed,2,clarabel,173,1.6894324465499544e-6,0.0001538903224749255,182.59364507554335,182.591831189983,true,true,2.25600004196167
open_fixed--p2--swm--clarabel,open_fixed,2,clarabel,174,1.685105602722281e-6,0.00015380459962599513,182.5936294783474,182.591831189983,true,true,2.2690000534057617
open_fixed--p2--swm--clarabel,open_fixed,2,clarabel,175,1.6808409826762905e-6,0.0001537204879367149,182.59361239832552,182.591831189983,true,true,2.2860000133514404
open_fixed--p2--swm--clarabel,open_fixed,2,clarabel,176,1.6766459052797167e-6,0.0001536350561954225,182.59359731582322,182.591831189983,true,true,2.2990000247955322
open_fixed--p2--swm--clarabel,open_fixed,2,clarabel,177,1.6724162201220416e-6,0.00015354979396464685,182.59358105282388,182.591831189983,true,true,2.312000036239624
open_fixed--p2--swm--clarabel,open_fixed,2,clarabel,178,1.6683211538359721e-6,0.00015346380137559734,182.59356693180112,182.591831189983,true,true,2.322999954223633
open_fixed--p2--swm--clarabel,open_fixed,2,clarabel,179,1.6642427947410887e-6,0.00015337952832661372,182.59355286099174,182.591831189983,true,true,2.3359999656677246
open_fixed--p2--swm--clarabel,open_fixed,2,clarabel,180,1.6601890865941549e-6,0.0001532923830549482,182.5935373338659,182.591831189983,true,true,2.3469998836517334
open_fixed--p2--swm--clarabel,open_fixed,2,clarabel,181,1.6562271367148718e-6,0.00015320664861234734,182.5935236643743,182.591831189983,true,true,2.3580000400543213
open_fixed--p2--swm--clarabel,open_fixed,2,clarabel,182,1.6523025598846885e-6,0.00015312300599812367,182.5935084141376,182.591831189983,true,true,2.376999855041504
open_fixed--p2--swm--clarabel,open_fixed,2,clarabel,183,1.6483783323306689e-6,0.0001530364734230183,182.59349484815698,182.591831189983,true,true,2.388000011444092
open_fixed--p2--swm--clarabel,open_fixed,2,clarabel,184,1.6445303431811276e-6,0.00015294979175950463,182.5934796026624,182.591831189983,true,true,2.4010000228881836
open_fixed--p2--swm--clarabel,open_fixed,2,clarabel,185,1.6407982974531166e-6,0.00015286331992148128,182.5934647174077,182.591831189983,true,true,2.4129998683929443
open_fixed--p2--swm--clarabel,open_fixed,2,clarabel,186,1.6370434861578964e-6,0.00015277917923739448,182.59345142819785,182.591831189983,true,true,2.424999952316284
open_fixed--p2--swm--clarabel,open_fixed,2,clarabel,187,1.6333516465460995e-6,0.00015269096088638134,182.5934376341426,182.591831189983,true,true,2.437999963760376
open_fixed--p2--swm--clarabel,open_fixed,2,clarabel,188,1.6297370399320776e-6,0.00015260605600331267,182.59342209664638,182.591831189983,true,true,2.4559998512268066
open_fixed--p2--swm--clarabel,open_fixed,2,clarabel,189,1.626203778637425e-6,0.0001525190235042717,182.5934081141769,182.591831189983,true,true,2.4689998626708984
open_fixed--p2--swm--clarabel,open_fixed,2,clarabel,190,1.6226801017316106e-6,0.00015243221249316985,182.59339246027938,182.591831189983,true,true,2.4800000190734863
open_fixed--p2--swm--clarabel,open_fixed,2,clarabel,191,1.619272629427293e-6,0.00015234537245051305,182.5933785338455,182.591831189983,true,true,2.491999864578247
open_fixed--p2--swm--clarabel,open_fixed,2,clarabel,192,1.6159426291517676e-6,0.00015225696027032498,182.59336302948105,182.591831189983,true,true,2.503000020980835
open_fixed--p2--swm--clarabel,open_fixed,2,clarabel,193,1.612721021282404e-6,0.00015217119306232263,182.59334934290288,182.591831189983,true,true,2.5169999599456787
open_fixed--p2--swm--clarabel,open_fixed,2,clarabel,194,1.6096061398185313e-6,0.00015208307179759295,182.59333406460428,182.591831189983,true,true,2.5309998989105225
open_fixed--p2--swm--clarabel,open_fixed,2,clarabel,195,1.6065176144941518e-6,0.00015199472825916382,182.5933205585433,182.591831189983,true,true,2.550999879837036
open_fixed--p2--swm--clarabel,open_fixed,2,clarabel,196,1.6035525952640128e-6,0.00015190642851453662,182.59330675941186,182.591831189983,true,true,2.563999891281128
open_fixed--p2--swm--clarabel,open_fixed,2,clarabel,197,1.6007335466028394e-6,0.00015181774102940304,182.5932926716884,182.591831189983,true,true,2.5759999752044678
open_fixed--p2--swm--clarabel,open_fixed,2,clarabel,198,1.598013165515777e-6,0.00015172762063397904,182.59327701207798,182.591831189983,true,true,2.5909998416900635
open_fixed--p2--swm--clarabel,open_fixed,2,clarabel,199,1.5954615746327505e-6,0.00015163784074667674,182.5932619256556,182.591831189983,true,true,2.6039998531341553
open_fixed--p2--swm--clarabel,open_fixed,2,clarabel,200,1.5930619575721394e-6,0.00015155052632231936,182.59324872838152,182.591831189983,true,true,2.616999864578247
open_fixed--p2--swm--clarabel,open_fixed,2,clarabel,201,1.5907830568928638e-6,0.00015145927948656546,182.5932353370703,182.591831189983,true,true,2.6369998455047607
open_fixed--p2--swm--clarabel,open_fixed,2,clarabel,202,1.5887569547179403e-6,0.00015136774884788595,182.5932217173501,182.591831189983,true,true,2.6499998569488525
open_fixed--p2--swm--clarabel,open_fixed,2,clarabel,203,1.5869401793211502e-6,0.00015127612996879147,182.59320782285243,182.591831189983,true,true,2.6629998683929443
open_fixed--p2--swm--clarabel,open_fixed,2,clarabel,204,1.585309009954905e-6,0.00015118361193489083,182.59319369613243,182.591831189983,true,true,2.674999952316284
open_fixed--p2--swm--clarabel,open_fixed,2,clarabel,205,1.5840568360903085e-6,0.00015109065415708223,182.59317945810676,182.591831189983,true,true,2.685999870300293
open_fixed--p2--swm--clarabel,open_fixed,2,clarabel,206,1.5830518220738554e-6,0.00015099662730155838,182.5931652213045,182.591831189983,true,true,2.697999954223633
open_fixed--p2--swm--clarabel,open_fixed,2,clarabel,207,1.582451801762641e-6,0.00015090144248786075,182.59314979412434,182.591831189983,true,true,2.7109999656677246
open_fixed--p2--swm--clarabel,open_fixed,2,clarabel,208,1.5822521219344132e-6,0.0001508032240459256,182.59313656337548,182.591831189983,true,true,2.7289998531341553
open_fixed--p2--swm--clarabel,open_fixed,2,clarabel,209,1.5825194422114386e-6,0.00015070795886862332,182.5931222083513,182.591831189983,true,true,2.740999937057495
open_fixed--p2--swm--clarabel,open_fixed,2,clarabel,210,1.5833659701147695e-6,0.00015060587162729622,182.59310990581315,182.591831189983,true,true,2.753999948501587
open_fixed--p2--swm--clarabel,open_fixed,2,clarabel,211,1.5847688639714086e-6,0.00015050480706990665,182.5930975674769,182.591831189983,true,true,2.7669999599456787
open_fixed--p2--swm--clarabel,open_fixed,2,clarabel,212,1.5869057228834471e-6,0.00015040346513517378,182.59308508150121,182.591831189983,true,true,2.7790000438690186
open_fixed--p2--swm--clarabel,open_fixed,2,clarabel,213,1.5897823084087825e-6,0.00015029381462128288,182.5930724040456,182.591831189983,true,true,2.7909998893737793
open_fixed--p2--swm--clarabel,open_fixed,2,clarabel,214,1.5935462456262428e-6,0.00015018416197842832,182.59305973218977,182.591831189983,true,true,2.803999900817871
open_fixed--p2--swm--clarabel,open_fixed,2,clarabel,215,1.5983183968004688e-6,0.00015007255145094156,182.59304722730434,182.591831189983,true,true,2.8239998817443848
open_fixed--p2--swm--clarabel,open_fixed,2,clarabel,216,1.604145519473743e-6,0.00014995029680775485,182.59303509076153,182.591831189983,true,true,2.8379998207092285
open_fixed--p2--swm--clarabel,open_fixed,2,clarabel,217,1.611223701347697e-6,0.0001498249633262727,182.59302365104588,182.591831189983,true,true,2.8509998321533203
open_fixed--p2--swm--clarabel,open_fixed,2,clarabel,218,1.619615281944764e-6,0.00014969381517848657,182.59301307926148,182.591831189983,true,true,2.865000009536743
open_fixed--p2--swm--clarabel,open_fixed,2,clarabel,219,1.629503474875893e-6,0.00014954716032533621,182.59300358544456,182.591831189983,true,true,2.878000020980835
open_fixed--p2--swm--clarabel,open_fixed,2,clarabel,220,1.6409796191330095e-6,0.00014939343293818297,182.59299415062566,182.591831189983,true,true,2.8910000324249268
open_fixed--p2--swm--clarabel,open_fixed,2,clarabel,221,1.6542097461824667e-6,0.00014921856117622312,182.59298828305464,182.591831189983,true,true,2.9040000438690186
open_fixed--p2--swm--clarabel,open_fixed,2,clarabel,222,1.6692323243638896e-6,0.00014902920949999565,182.59298294850356,182.591831189983,true,true,2.921999931335449
open_fixed--p2--swm--clarabel,open_fixed,2,clarabel,223,1.6862363267367009e-6,0.00014880926442484288,182.5929817494595,182.591831189983,true,true,2.935999870300293
open_fixed--p2--swm--clarabel,open_fixed,2,clarabel,224,1.7052092265990026e-6,0.00014856091499704238,182.59298177522868,182.591831189983,true,true,2.9489998817443848
open_fixed--p2--swm--clarabel,open_fixed,2,clarabel,225,1.7262037271259523e-6,0.00014827522879834465,182.5929855359858,182.591831189983,true,true,2.9609999656677246
open_fixed--p2--swm--clarabel,open_fixed,2,clarabel,226,1.7492335430135952e-6,0.0001479370987705897,182.59299499823953,182.591831189983,true,true,2.9739999771118164
open_fixed--p2--swm--clarabel,open_fixed,2,clarabel,227,1.7742200684178755e-6,0.00014753844996029386,182.5930089248585,182.591831189983,true,true,2.986999988555908
open_fixed--p2--swm--clarabel,open_fixed,2,clarabel,228,1.9704513735119278e-6,0.00014706570553779663,182.59302816271497,182.591831189983,true,true,3.0
open_fixed--p2--swm--clarabel,open_fixed,2,clarabel,229,2.3419304083782677e-6,0.00014650033405405605,182.59305371524874,182.591831189983,true,true,3.0199999809265137
open_fixed--p2--swm--clarabel,open_fixed,2,clarabel,230,2.783781633652893e-6,0.00014583174423021816,182.59308648069447,182.591831189983,true,true,3.0329999923706055
open_fixed--p2--swm--clarabel,open_fixed,2,clarabel,231,3.3034632705986056e-6,0.00014502835456242646,182.5931273685437,182.591831189983,true,true,3.044999837875366
open_fixed--p2--swm--clarabel,open_fixed,2,clarabel,232,3.901963071761827e-6,0.00014408029792700727,182.59317673214318,182.591831189983,true,true,3.057999849319458
open_fixed--p2--swm--clarabel,open_fixed,2,clarabel,233,4.58018937504745e-6,0.00014295476591275058,182.59323337800288,182.591831189983,true,true,3.07099986076355
open_fixed--p2--swm--clarabel,open_fixed,2,clarabel,234,5.328768931278649e-6,0.00014164048385889583,182.5932997265259,182.591831189983,true,true,3.0839998722076416
open_fixed--p2--swm--clarabel,open_fixed,2,clarabel,235,6.130837558682156e-6,0.00014011905680544334,182.593370533171,182.591831189983,false,true,3.0969998836517334
open_fixed--p2--swm--clarabel,open_fixed,2,clarabel,236,6.9649120919001994e-6,0.00013837333770838622,182.59344538460493,182.591831189983,false,true,3.115999937057495
open_fixed--p2--swm--clarabel,open_fixed,2,clarabel,237,7.796557278283434e-6,0.00013640321902186336,182.59352180834946,182.591831189983,false,true,3.128999948501587
open_fixed--p2--swm--clarabel,open_fixed,2,clarabel,238,8.586934191034956e-6,0.00013421298249782776,182.59359353151504,182.591831189983,false,true,3.1429998874664307
open_fixed--p2--swm--clarabel,open_fixed,2,clarabel,239,9.28545575085149e-6,0.00013182712168213762,182.59365517615066,182.591831189983,false,true,3.1569998264312744
open_fixed--p2--swm--clarabel,open_fixed,2,clarabel,240,9.84343662630005e-6,0.0001292776373996718,182.59370168785102,182.591831189983,false,true,3.169999837875366
open_fixed--p2--swm--clarabel,open_fixed,2,clarabel,241,1.0228796817945973e-5,0.00012660159962496476,182.59372997357457,182.591831189983,false,true,3.181999921798706
open_fixed--p2--swm--clarabel,open_fixed,2,clarabel,242,1.0399211462230884e-5,0.00012386648489692842,182.5937345980981,182.591831189983,false,true,3.200000047683716
open_fixed--p2--swm--clarabel,open_fixed,2,clarabel,243,1.0349904011330846e-5,0.00012114402105123379,182.59371865372623,182.591831189983,false,true,3.2119998931884766
open_fixed--p2--swm--clarabel,open_fixed,2,clarabel,244,1.0085678955551458e-5,0.00011851744185592539,182.5936807922985,182.591831189983,false,true,3.2239999771118164
open_fixed--p2--swm--clarabel,open_fixed,2,clarabel,245,9.63219885125044e-6,0.0001159981312988112,182.59362370120635,182.591831189983,false,true,3.23799991607666
open_fixed--p2--swm--clarabel,open_fixed,2,clarabel,246,9.032247871187948e-6,0.00011362490384470014,182.59355177022366,182.591831189983,false,true,3.250999927520752
open_fixed--p2--swm--clarabel,open_fixed,2,clarabel,247,8.3386034091526e-6,0.00011142226277172096,182.5934703975228,182.591831189983,false,true,3.2639999389648438
open_fixed--p2--swm--clarabel,open_fixed,2,clarabel,248,7.607566041845093e-6,0.00010939993567293804,182.59338535207536,182.591831189983,false,true,3.2760000228881836
open_fixed--p2--swm--clarabel,open_fixed,2,clarabel,249,6.889973291013263e-6,0.00010755373042109495,182.593301833805,182.591831189983,false,true,3.294999837875366
open_fixed--p2--swm--clarabel,open_fixed,2,clarabel,250,6.229269835733575e-6,0.00010586903454240515,182.5932242920756,182.591831189983,false,true,3.306999921798706
open_fixed--p2--swm--clarabel,open_fixed,2,clarabel,251,5.654503590024618e-6,0.00010432243119501416,182.59315441654147,182.591831189983,false,true,3.319999933242798
open_fixed--p2--swm--clarabel,open_fixed,2,clarabel,252,5.18322905301849e-6,0.00010288763042909377,182.59309734193727,182.591831189983,true,true,3.3329999446868896
open_fixed--p2--swm--clarabel,open_fixed,2,clarabel,253,4.83172983933855e-6,0.00010153347260433154,182.59305277174343,182.591831189983,true,true,3.3450000286102295
open_fixed--p2--swm--clarabel,open_fixed,2,clarabel,254,4.5656990261266905e-6,0.0001002316675109971,182.5930155723319,182.591831189983,true,true,3.3569998741149902
open_fixed--p2--swm--clarabel,open_fixed,2,clarabel,255,4.412411604648447e-6,9.896849532126106e-5,182.5929921226155,182.591831189983,true,true,3.369999885559082
import_flexible--p1--swm--clarabel,import_flexible,1,clarabel,1,0.15826874942379257,0.7359559497659233,234.79963068375469,191.8001024048178,false,true,0.046000003814697266
import_flexible--p1--swm--clarabel,import_flexible,1,clarabel,2,0.0849654065957592,0.20817338233230356,218.98326582853113,191.8001024048178,false,false,0.05800008773803711
import_flexible--p1--swm--clarabel,import_flexible,1,clarabel,3,0.04099744313101644,0.06696438270382166,208.82199556310889,191.8001024048178,false,false,0.06999993324279785
import_flexible--p1--swm--clarabel,import_flexible,1,clarabel,4,0.034761640395062195,0.06696422024664339,205.6777609469245,191.8001024048178,false,false,0.09200000762939453
import_flexible--p1--swm--clarabel,import_flexible,1,clarabel,5,0.030952677633640662,0.05844080709108021,203.2378173057907,191.8001024048178,false,true,0.10500001907348633
import_flexible--p1--swm--clarabel,import_flexible,1,clarabel,6,0.018194627152899573,0.05547288180583543,201.02588298631946,191.8001024048178,false,true,0.11800003051757812
import_flexible--p1--swm--clarabel,import_flexible,1,clarabel,7,0.001417643882465347,0.030617773365414325,200.30809063753108,191.8001024048178,false,true,0.13100004196166992
import_flexible--p1--swm--clarabel,import_flexible,1,clarabel,8,0.00010665202122223105,0.030472067023786298,199.0756052813946,191.8001024048178,false,true,0.14400005340576172
import_flexible--p1--swm--clarabel,import_flexible,1,clarabel,9,8.596011033001894e-5,0.030421463047535513,197.81819744049585,191.8001024048178,false,true,0.15899991989135742
import_flexible--p1--swm--clarabel,import_flexible,1,clarabel,10,8.581723997946877e-5,0.030385863324023155,196.5710320472258,191.8001024048178,false,true,0.17199993133544922
import_flexible--p1--swm--clarabel,import_flexible,1,clarabel,11,8.56468179892822e-5,0.030352282503404715,195.32674807201516,191.8001024048178,false,true,0.18400001525878906
import_flexible--p1--swm--clarabel,import_flexible,1,clarabel,12,8.561613583729644e-5,0.030310900270974273,194.08529433554247,191.8001024048178,false,true,0.1960000991821289
import_flexible--p1--swm--clarabel,import_flexible,1,clarabel,13,5.9975624069119604e-5,0.030196217835543604,192.96290989017766,191.8001024048178,false,true,0.2090001106262207
import_flexible--p1--swm--clarabel,import_flexible,1,clarabel,14,5.457123539462372e-5,0.02704916908128574,192.1682675735235,191.8001024048178,false,true,0.2220001220703125
import_flexible--p1--swm--clarabel,import_flexible,1,clarabel,15,4.087880317976183e-5,0.006801186612084065,192.14045609003506,191.8001024048178,false,true,0.2349998950958252
import_flexible--p1--swm--clarabel,import_flexible,1,clarabel,16,3.437537140342379e-5,0.006798577715559029,192.12627918777036,191.8001024048178,false,true,0.247999906539917
import_flexible--p1--swm--clarabel,import_flexible,1,clarabel,17,2.75354787439412e-5,0.0067978268979679846,192.11265147370608,191.8001024048178,false,true,0.2609999179840088
import_flexible--p1--swm--clarabel,import_flexible,1,clarabel,18,2.3494671182733295e-5,0.0067973237744906045,192.09911196688012,191.8001024048178,false,true,0.2890000343322754
import_flexible--p1--swm--clarabel,import_flexible,1,clarabel,19,2.1958061394100614e-5,0.0067968924698271205,192.08560543145268,191.8001024048178,false,true,0.30100011825561523
import_flexible--p1--swm--clarabel,import_flexible,1,clarabel,20,2.058687974237916e-5,0.0067965367053536285,192.07209411622935,191.8001024048178,false,true,0.31400012969970703
import_flexible--p1--swm--clarabel,import_flexible,1,clarabel,21,1.9398503610046358e-5,0.006796102172631546,192.058613434385,191.8001024048178,false,true,0.3269999027252197
import_flexible--p1--swm--clarabel,import_flexible,1,clarabel,22,1.843546284453389e-5,0.006795852693643689,192.04504060005857,191.8001024048178,false,true,0.3399999141693115
import_flexible--p1--swm--clarabel,import_flexible,1,clarabel,23,1.7327208529871463e-5,0.006795355179793128,192.03160190370076,191.8001024048178,false,true,0.3529999256134033
import_flexible--p1--swm--clarabel,import_flexible,1,clarabel,24,1.6493329755118413e-5,0.006794903290781473,192.0182102737333,191.8001024048178,false,true,0.3659999370574951
import_flexible--p1--swm--clarabel,import_flexible,1,clarabel,25,1.5678676318076068e-5,0.006794613780421066,192.00474134313913,191.8001024048178,false,true,0.3789999485015869
import_flexible--p1--swm--clarabel,import_flexible,1,clarabel,26,1.4876333529034724e-5,0.006794321492932021,191.99122396247623,191.8001024048178,false,true,0.3919999599456787
import_flexible--p1--swm--clarabel,import_flexible,1,clarabel,27,2.464980799779778e-5,0.0067939503015958524,191.9777046187827,191.8001024048178,false,true,0.4049999713897705
import_flexible--p1--swm--clarabel,import_flexible,1,clarabel,28,3.872026003407222e-5,0.00679359701409632,191.9641566871915,191.8001024048178,false,true,0.4179999828338623
import_flexible--p1--swm--clarabel,import_flexible,1,clarabel,29,6.273240376285617e-5,0.006793238198397722,191.9505246664644,191.8001024048178,false,true,0.43000006675720215
import_flexible--p1--swm--clarabel,import_flexible,1,clarabel,30,6.0253791882367765e-5,0.006792371400525243,191.9371322236463,191.8001024048178,false,true,0.4440000057220459
import_flexible--p1--swm--clarabel,import_flexible,1,clarabel,31,5.554695103554047e-5,0.006791706085905347,191.9237686244643,191.8001024048178,false,true,0.4570000171661377
import_flexible--p1--swm--clarabel,import_flexible,1,clarabel,32,5.0728690787179865e-5,0.006791156078094385,191.91041131775563,191.8001024048178,false,true,0.4809999465942383
import_flexible--p1--swm--clarabel,import_flexible,1,clarabel,33,4.677222887671351e-5,0.00679061656006219,191.8970525907837,191.8001024048178,false,true,0.4939999580383301
import_flexible--p1--swm--clarabel,import_flexible,1,clarabel,34,4.38141486406509e-5,0.006790034647222554,191.8836903470725,191.8001024048178,false,true,0.5079998970031738
import_flexible--p1--swm--clarabel,import_flexible,1,clarabel,35,4.1898014803547085e-5,0.006789358008811253,191.87032336717667,191.8001024048178,false,true,0.5209999084472656
import_flexible--p1--swm--clarabel,import_flexible,1,clarabel,36,4.045807562423998e-5,0.006788508657728787,191.85695717667465,191.8001024048178,false,true,0.5329999923706055
import_flexible--p1--swm--clarabel,import_flexible,1,clarabel,37,3.9347609105602e-5,0.006787333622591485,191.84359322076256,191.8001024048178,false,true,0.5469999313354492
import_flexible--p1--swm--clarabel,import_flexible,1,clarabel,38,3.850728127686619e-5,0.006785331197661726,191.83023248648385,191.8001024048178,false,true,0.5610001087188721
import_flexible--p1--swm--clarabel,import_flexible,1,clarabel,39,3.839247806926924e-5,0.006779127346764058,191.81687552311993,191.8001024048178,false,true,0.5740001201629639
import_flexible--p1--swm--clarabel,import_flexible,1,clarabel,40,0.00015412464828790107,0.006165450369270242,191.8075837810859,191.8001024048178,false,true,0.5880000591278076
import_flexible--p1--swm--clarabel,import_flexible,1,clarabel,41,0.00017877730884335863,0.0015331084300257425,191.80572507929242,191.8001024048178,false,true,0.6010000705718994
import_flexible--p1--swm--clarabel,import_flexible,1,clarabel,42,0.00011734617296493832,0.0006121832962044382,191.80424451750235,191.8001024048178,false,true,0.622999906539917
import_flexible--p1--swm--clarabel,import_flexible,1,clarabel,43,8.679047493326264e-5,0.0002572064384522288,191.8035903499108,191.8001024048178,false,true,0.6380000114440918
import_flexible--p1--swm--clarabel,import_flexible,1,clarabel,44,6.852020388664615e-5,0.00011152066766939583,191.80320688721417,191.8001024048178,false,true,0.6510000228881836
import_flexible--p1--swm--clarabel,import_flexible,1,clarabel,45,5.6382120761644394e-5,5.0463122945043626e-5,191.80294587770274,191.8001024048178,false,true,0.6630001068115234
import_flexible--p1--swm--clarabel,import_flexible,1,clarabel,46,4.774464911816434e-5,2.4351849464698816e-5,191.802753274909,191.8001024048178,false,true,0.6749999523162842
import_flexible--p1--swm--clarabel,import_flexible,1,clarabel,47,4.1291942454002584e-5,1.2862325660778495e-5,191.8026037950754,191.8001024048178,false,true,0.687999963760376
import_flexible--p1--swm--clarabel,import_flexible,1,clarabel,48,3.629238038177496e-5,7.582798916105915e-6,191.80248353656316,191.8001024048178,false,true,0.7000000476837158
import_flexible--p1--swm--clarabel,import_flexible,1,clarabel,49,3.230747520832633e-5,4.997040219834048e-6,191.80238412893192,191.8001024048178,false,true,0.7109999656677246
import_flexible--p1--swm--clarabel,import_flexible,1,clarabel,50,2.982498987906408e-5,3.618379742387212e-6,191.80230016821776,191.8001024048178,false,true,0.7230000495910645
import_flexible--p1--swm--clarabel,import_flexible,1,clarabel,51,2.934023896632039e-5,2.8071243897143106e-6,191.80222800387247,191.8001024048178,false,true,0.7430000305175781
import_flexible--p1--swm--clarabel,import_flexible,1,clarabel,52,2.8878396946086966e-5,2.2810180227983423e-6,191.80216506871324,191.8001024048178,false,true,0.7569999694824219
import_flexible--p1--swm--clarabel,import_flexible,1,clarabel,53,2.8437704111589582e-5,1.9105317128342847e-6,191.8021095119749,191.8001024048178,false,true,0.7699999809265137
import_flexible--p1--swm--clarabel,import_flexible,1,clarabel,54,2.8016605811016905e-5,1.632715410815333e-6,191.80205999030875,191.8001024048178,false,true,0.7809998989105225
import_flexible--p1--swm--clarabel,import_flexible,1,clarabel,55,2.7613705131732868e-5,1.4154930165211077e-6,191.80201545481742,191.8001024048178,false,true,0.7929999828338623
import_flexible--p1--swm--clarabel,import_flexible,1,clarabel,56,2.722771436768457e-5,1.2406314182644707e-6,191.8019750897369,191.8001024048178,false,true,0.8050000667572021
import_flexible--p1--swm--clarabel,import_flexible,1,clarabel,57,2.685749424645823e-5,1.0965670665941119e-6,191.80193828840544,191.8001024048178,false,true,0.8169999122619629
import_flexible--p1--swm--clarabel,import_flexible,1,clarabel,58,2.650199439568901e-5,9.76466554447608e-7,191.80190452511823,191.8001024048178,false,true,0.8370001316070557
import_flexible--p1--swm--clarabel,import_flexible,1,clarabel,59,2.6160260357349134e-5,8.748597614682829e-7,191.8018734046064,191.8001024048178,false,true,0.8480000495910645
import_flexible--p1--swm--clarabel,import_flexible,1,clarabel,60,2.5831434915826986e-5,7.881647745011655e-7,191.80184459124547,191.8001024048178,false,true,0.8599998950958252
import_flexible--p1--swm--clarabel,import_flexible,1,clarabel,61,2.551471508465736e-5,7.135329552210301e-7,191.80181781236365,191.8001024048178,false,true,0.872999906539917
import_flexible--p1--swm--clarabel,import_flexible,1,clarabel,62,2.520937902786543e-5,6.490112780532797e-7,191.8017928197992,191.8001024048178,false,true,0.8849999904632568
import_flexible--p1--swm--clarabel,import_flexible,1,clarabel,63,2.4914752596583153e-5,5.925291847730385e-7,191.80176943936272,191.8001024048178,false,true,0.8970000743865967
import_flexible--p1--swm--clarabel,import_flexible,1,clarabel,64,2.463022411106327e-5,5.43156078891549e-7,191.80174748496438,191.8001024048178,false,true,0.9089999198913574
import_flexible--p1--swm--clarabel,import_flexible,1,clarabel,65,2.4355233331875177e-5,5.000377218400409e-7,191.8017268437846,191.8001024048178,false,true,0.9270000457763672
import_flexible--p1--swm--clarabel,import_flexible,1,clarabel,66,2.4089240344542112e-5,4.6276514215071174e-7,191.80170736356578,191.8001024048178,false,true,0.940000057220459
import_flexible--p1--swm--clarabel,import_flexible,1,clarabel,67,2.383177856496948e-5,4.295662608400086e-7,191.80168893118903,191.8001024048178,false,true,0.9509999752044678
import_flexible--p1--swm--clarabel,import_flexible,1,clarabel,68,2.3582388035075557e-5,3.99483331692263e-7,191.80167148932503,191.8001024048178,false,true,0.9630000591278076
import_flexible--p1--swm--clarabel,import_flexible,1,clarabel,69,2.3340661290797854e-5,3.7259264107358803e-7,191.80165493404905,191.8001024048178,false,true,0.9760000705718994
import_flexible--p1--swm--clarabel,import_flexible,1,clarabel,70,2.3106210269372628e-5,3.483963253447797e-7,191.80163918350172,191.8001024048178,false,true,0.9890000820159912
import_flexible--p1--swm--clarabel,import_flexible,1,clarabel,71,2.2878669812088535e-5,3.261690873501699e-7,191.80162420681842,191.8001024048178,false,true,1.0079998970031738
import_flexible--p1--swm--clarabel,import_flexible,1,clarabel,72,2.265771491054154e-5,3.0627478231348704e-7,191.80160991041942,191.8001024048178,false,true,1.0199999809265137
import_flexible--p1--swm--clarabel,import_flexible,1,clarabel,73,2.2443018814589554e-5,2.8799913404098376e-7,191.80159625896522,191.8001024048178,false,true,1.0309998989105225
import_flexible--p1--swm--clarabel,import_flexible,1,clarabel,74,2.223430259326334e-5,2.712118679082387e-7,191.8015832143805,191.8001024048178,false,true,1.0439999103546143
import_flexible--p1--swm--clarabel,import_flexible,1,clarabel,75,2.2031287729959182e-5,2.5597485103778794e-7,191.80157071764893,191.8001024048178,false,true,1.0550000667572021
import_flexible--p1--swm--clarabel,import_flexible,1,clarabel,76,2.1833721462673836e-5,2.419708439727053e-7,191.80155873170148,191.8001024048178,false,true,1.066999912261963
import_flexible--p1--swm--clarabel,import_flexible,1,clarabel,77,2.164134991685965e-5,2.2893150786185146e-7,191.80154723782528,191.8001024048178,false,true,1.0789999961853027
import_flexible--p1--swm--clarabel,import_flexible,1,clarabel,78,2.145396359000028e-5,2.1679112599537476e-7,191.80153621555604,191.8001024048178,false,true,1.0970001220703125
import_flexible--p1--swm--clarabel,import_flexible,1,clarabel,79,2.1271344205234495e-5,2.0583855192546352e-7,191.80152560451143,191.8001024048178,false,true,1.1089999675750732
import_flexible--p1--swm--clarabel,import_flexible,1,clarabel,80,2.1093291364530792e-5,1.955457851199327e-7,191.80151539532582,191.8001024048178,false,true,1.121000051498413
import_flexible--p1--swm--clarabel,import_flexible,1,clarabel,81,2.0919623620658193e-5,1.8593064149419192e-7,191.80150557009367,191.8001024048178,false,true,1.1329998970031738
import_flexible--p1--swm--clarabel,import_flexible,1,clarabel,82,2.0750151062600494e-5,1.7713361899485136e-7,191.8014960894543,191.8001024048178,false,true,1.1459999084472656
import_flexible--p1--swm--clarabel,import_flexible,1,clarabel,83,2.0584718542897157e-5,1.688543406208609e-7,191.80148694314335,191.8001024048178,false,true,1.1600000858306885
import_flexible--p1--swm--clarabel,import_flexible,1,clarabel,84,2.0423165186598457e-5,1.609488095022371e-7,191.80147813192488,191.8001024048178,false,true,1.1779999732971191
import_flexible--p1--swm--clarabel,import_flexible,1,clarabel,85,2.026534123955592e-5,1.5377907663927104e-7,191.80146961262295,191.8001024048178,false,true,1.189000129699707
import_flexible--p1--swm--clarabel,import_flexible,1,clarabel,86,2.0111094352272893e-5,1.470386953861258e-7,191.80146137270393,191.8001024048178,false,true,1.2009999752044678
import_flexible--p1--swm--clarabel,import_flexible,1,clarabel,87,1.9960307592326032e-5,1.4069730341903508e-7,191.80145340008124,191.8001024048178,false,true,1.2130000591278076
import_flexible--p1--swm--clarabel,import_flexible,1,clarabel,88,1.9812848836715926e-5,1.3465043130489462e-7,191.80144569125736,191.8001024048178,false,true,1.2249999046325684
import_flexible--p1--swm--clarabel,import_flexible,1,clarabel,89,1.966859000042524e-5,1.2898579698772394e-7,191.80143823018125,191.8001024048178,false,true,1.2369999885559082
import_flexible--p1--swm--clarabel,import_flexible,1,clarabel,90,1.9527428091192785e-5,1.2380929270694452e-7,191.8014309878633,191.8001024048178,false,true,1.255000114440918
import_flexible--p1--swm--clarabel,import_flexible,1,clarabel,91,1.938924513475185e-5,1.1871343846836524e-7,191.80142397757197,191.8001024048178,false,true,1.2669999599456787
import_flexible--p1--swm--clarabel,import_flexible,1,clarabel,92,1.925394098797631e-5,1.1401457544746307e-7,191.80141717568563,191.8001024048178,false,true,1.2790000438690186
import_flexible--p1--swm--clarabel,import_flexible,1,clarabel,93,1.9121416911112426e-5,1.0953994983298188e-7,191.80141057682823,191.8001024048178,false,true,1.2920000553131104
import_flexible--p1--swm--clarabel,import_flexible,1,clarabel,94,1.899158210028062e-5,1.0539305833612289e-7,191.80140416242438,191.8001024048178,false,true,1.3029999732971191
import_flexible--p1--swm--clarabel,import_flexible,1,clarabel,95,1.8864349966462122e-5,1.0137069389459796e-7,191.80139793501587,191.8001024048178,false,true,1.315000057220459
import_flexible--p1--swm--clarabel,import_flexible,1,clarabel,96,1.8739623079259843e-5,9.744412443613015e-8,191.80139189831624,191.8001024048178,false,true,1.3340001106262207
import_flexible--p1--swm--clarabel,import_flexible,1,clarabel,97,1.8617325315626523e-5,9.394965161391156e-8,191.80138601858124,191.8001024048178,false,true,1.3470001220703125
import_flexible--p1--swm--clarabel,import_flexible,1,clarabel,98,1.849738595057064e-5,9.060778510816547e-8,191.80138029244978,191.8001024048178,false,true,1.3589999675750732
import_flexible--p1--swm--clarabel,import_flexible,1,clarabel,99,1.8379725050355795e-5,8.721847455372966e-8,191.8013747368749,191.8001024048178,false,true,1.3700001239776611
import_flexible--p1--swm--clarabel,import_flexible,1,clarabel,100,1.8264271499898477e-5,8.424601383172359e-8,191.8013693166996,191.8001024048178,false,true,1.3829998970031738
import_flexible--p1--swm--clarabel,import_flexible,1,clarabel,101,1.8150958411087473e-5,8.132321976939139e-8,191.80136403707354,191.8001024048178,false,true,1.3959999084472656
import_flexible--p1--swm--clarabel,import_flexible,1,clarabel,102,1.8039723334987862e-5,7.837503945840041e-8,191.80135891035627,191.8001024048178,false,true,1.4140000343322754
import_flexible--p1--swm--clarabel,import_flexible,1,clarabel,103,1.7930497214869618e-5,7.578776778371932e-8,191.80135390543143,191.8001024048178,false,true,1.4270000457763672
import_flexible--p1--swm--clarabel,import_flexible,1,clarabel,104,1.7823228746014696e-5,7.321966694062709e-8,191.80134902906258,191.8001024048178,false,true,1.437999963760376
import_flexible--p1--swm--clarabel,import_flexible,1,clarabel,105,1.771786156149177e-5,7.083183328759901e-8,191.80134426938787,191.8001024048178,false,true,1.4509999752044678
import_flexible--p1--swm--clarabel,import_flexible,1,clarabel,106,1.7614324666323256e-5,6.844351974066853e-8,191.80133963297288,191.8001024048178,false,true,1.4630000591278076
import_flexible--p1--swm--clarabel,import_flexible,1,clarabel,107,1.7512580811164145e-5,6.622649584286933e-8,191.80133510821193,191.8001024048178,false,true,1.4749999046325684
import_flexible--p1--swm--clarabel,import_flexible,1,clarabel,108,1.7412579229048042e-5,6.409101510618243e-8,191.80133069281146,191.8001024048178,false,true,1.4879999160766602
import_flexible--p1--swm--clarabel,import_flexible,1,clarabel,109,1.7314265966769405e-5,6.208451974742957e-8,191.80132637863014,191.8001024048178,false,true,1.5069999694824219
import_flexible--p1--swm--clarabel,import_flexible,1,clarabel,110,1.721759965792299e-5,6.012322983917073e-8,191.80132216644665,191.8001024048178,false,true,1.5180001258850098
import_flexible--p1--swm--clarabel,import_flexible,1,clarabel,111,1.7122525513507178e-5,5.815763032268606e-8,191.80131806149512,191.8001024048178,false,true,1.5299999713897705
import_flexible--p1--swm--clarabel,import_flexible,1,clarabel,112,1.7029007331420036e-5,5.645018036348759e-8,191.80131404069994,191.8001024048178,false,true,1.5420000553131104
import_flexible--p1--swm--clarabel,import_flexible,1,clarabel,113,1.6937007158838874e-5,5.4663797821596916e-8,191.80131011775342,191.8001024048178,false,true,1.553999900817871
import_flexible--p1--swm--clarabel,import_flexible,1,clarabel,114,1.684648169171647e-5,5.296228317019924e-8,191.8013062875365,191.8001024048178,false,true,1.565000057220459
import_flexible--p1--swm--clarabel,import_flexible,1,clarabel,115,1.6757392574168698e-5,5.143209202973509e-8,191.80130253571815,191.8001024048178,false,true,1.5829999446868896
import_flexible--p1--swm--clarabel,import_flexible,1,clarabel,116,1.6669695142629788e-5,4.988999868782429e-8,191.80129886727832,191.8001024048178,false,true,1.5940001010894775
import_flexible--p1--swm--clarabel,import_flexible,1,clarabel,117,1.6583363584263015e-5,4.846000911662429e-8,191.80129527384395,191.8001024048178,false,true,1.6070001125335693
import_flexible--p1--swm--clarabel,import_flexible,1,clarabel,118,1.6498363073491618e-5,4.70208923464277e-8,191.80129176015527,191.8001024048178,false,true,1.61899995803833
import_flexible--p1--swm--clarabel,import_flexible,1,clarabel,119,1.641465141795488e-5,4.554835597581075e-8,191.80128833249137,191.8001024048178,false,true,1.63100004196167
import_flexible--p1--swm--clarabel,import_flexible,1,clarabel,120,1.6332207922540512e-5,4.435654532564115e-8,191.8012849639622,191.8001024048178,false,true,1.6430001258850098
import_flexible--p1--swm--clarabel,import_flexible,1,clarabel,121,1.6250990756265388e-5,4.307418666193996e-8,191.80128166737697,191.8001024048178,false,true,1.6610000133514404
import_flexible--p1--swm--clarabel,import_flexible,1,clarabel,122,1.617098226754225e-5,4.180363566419487e-8,191.8012784441321,191.8001024048178,false,true,1.6740000247955322
import_flexible--p1--swm--clarabel,import_flexible,1,clarabel,123,1.609214046975489e-5,4.06234153538243e-8,191.80127528689266,191.8001024048178,false,true,1.686000108718872
import_flexible--p1--swm--clarabel,import_flexible,1,clarabel,124,1.6014442248615055e-5,3.942192644545983e-8,191.8012722004168,191.8001024048178,false,true,1.6979999542236328
import_flexible--p1--swm--clarabel,import_flexible,1,clarabel,125,1.593786635627077e-5,3.849182161896891e-8,191.80126915841856,191.8001024048178,false,true,1.7090001106262207
import_flexible--p1--swm--clarabel,import_flexible,1,clarabel,126,1.5862375276519778e-5,3.7245044048894727e-8,191.801266196673,191.8001024048178,false,true,1.7209999561309814
import_flexible--p1--swm--clarabel,import_flexible,1,clarabel,127,1.578795660675788e-5,3.635979334282169e-8,191.80126327868453,191.8001024048178,false,true,1.7339999675750732
import_flexible--p1--swm--clarabel,import_flexible,1,clarabel,128,1.5714573326648786e-5,3.53529506780248e-8,191.8012604195729,191.8001024048178,false,true,1.753999948501587
import_flexible--p1--swm--clarabel,import_flexible,1,clarabel,129,1.5642210463018277e-5,3.430013506555696e-8,191.80125762589566,191.8001024048178,false,true,1.7660000324249268
import_flexible--p1--swm--clarabel,import_flexible,1,clarabel,130,1.5570845823315533e-5,3.3524077014401854e-8,191.80125487027271,191.8001024048178,false,true,1.7780001163482666
import_flexible--p1--swm--clarabel,import_flexible,1,clarabel,131,1.550045020408271e-5,3.2483371270597416e-8,191.80125218259474,191.8001024048178,false,true,1.7890000343322754
import_flexible--p1--swm--clarabel,import_flexible,1,clarabel,132,1.543100375821605e-5,3.16356365548387e-8,191.80124954333132,191.8001024048178,false,true,1.8010001182556152
import_flexible--p1--swm--clarabel,import_flexible,1,clarabel,133,1.536249173927917e-5,3.089058947525203e-8,191.80124694402778,191.8001024048178,false,true,1.812999963760376
import_flexible--p1--swm--clarabel,import_flexible,1,clarabel,134,1.5294886662187146e-5,3.000127657415419e-8,191.80124440116322,191.8001024048178,false,true,1.8320000171661377
import_flexible--p1--swm--clarabel,import_flexible,1,clarabel,135,1.5228172472156212e-5,2.9206663754166584e-8,191.80124190588043,191.8001024048178,false,true,1.8440001010894775
import_flexible--p1--swm--clarabel,import_flexible,1,clarabel,136,1.5162325896539935e-5,2.8484879233126037e-8,191.80123945184965,191.8001024048178,false,true,1.8559999465942383
import_flexible--p1--swm--clarabel,import_flexible,1,clarabel,137,1.509733634502181e-5,2.7741530905789347e-8,191.8012370431011,191.8001024048178,false,true,1.8670001029968262
import_flexible--p1--swm--clarabel,import_flexible,1,clarabel,138,1.5033176983662727e-5,2.6997178326215732e-8,191.8012346803642,191.8001024048178,false,true,1.880000114440918
import_flexible--p1--swm--clarabel,import_flexible,1,clarabel,139,1.4969839764809235e-5,2.6334504577008033e-8,191.80123235677434,191.8001024048178,false,true,1.8919999599456787
import_flexible--p1--swm--clarabel,import_flexible,1,clarabel,140,1.4907294712288273e-5,2.5617025667390436e-8,191.8012300785806,191.8001024048178,false,true,1.9030001163482666
import_flexible--p1--swm--clarabel,import_flexible,1,clarabel,141,1.4845541298340187e-5,2.499482115725371e-8,191.80122783737212,191.8001024048178,false,true,1.9219999313354492
import_flexible--p1--swm--clarabel,import_flexible,1,clarabel,142,1.4784550432245245e-5,2.439961505062982e-8,191.80122563125863,191.8001024048178,false,true,1.934999942779541
import_flexible--p1--swm--clarabel,import_flexible,1,clarabel,143,1.4724314414505844e-5,2.375787555575215e-8,191.8012234659688,191.8001024048178,false,true,1.9470000267028809
import_flexible--p1--swm--clarabel,import_flexible,1,clarabel,144,1.4664814977815121e-5,2.3104752167046883e-8,191.80122134357416,191.8001024048178,false,true,1.9590001106262207
import_flexible--p1--swm--clarabel,import_flexible,1,clarabel,145,1.4606034056321233e-5,2.2517535780419706e-8,191.8012192578668,191.8001024048178,false,true,1.9720001220703125
import_flexible--p1--swm--clarabel,import_flexible,1,clarabel,146,1.4547966574235908e-5,2.2041642067094358e-8,191.80121719863013,191.8001024048178,false,true,1.9830000400543213
import_flexible--p1--swm--clarabel,import_flexible,1,clarabel,147,1.4490588889713086e-5,2.1461464438932154e-8,191.80121517731874,191.8001024048178,false,true,2.002000093460083
import_flexible--p1--swm--clarabel,import_flexible,1,clarabel,148,1.4433893930682567e-5,2.0968505598517595e-8,191.80121318569337,191.8001024048178,false,true,2.0139999389648438
import_flexible--p1--swm--clarabel,import_flexible,1,clarabel,149,1.4377865839576565e-5,2.0289753210889216e-8,191.80121124360443,191.8001024048178,false,true,2.0269999504089355
import_flexible--p1--swm--clarabel,import_flexible,1,clarabel,150,1.4322491608467011e-5,1.996683951510647e-8,191.80120931479195,191.8001024048178,false,true,2.0380001068115234
import_flexible--p1--swm--clarabel,import_flexible,1,clarabel,151,1.4267761383670383e-5,1.9429608422161238e-8,191.8012074227717,191.8001024048178,false,true,2.049999952316284
import_flexible--p1--swm--clarabel,import_flexible,1,clarabel,152,1.4213660832358823e-5,1.8927997225137716e-8,191.80120556397674,191.8001024048178,false,true,2.062000036239624
import_flexible--p1--swm--clarabel,import_flexible,1,clarabel,153,1.4160176514121934e-5,1.841780394862269e-8,191.80120373973222,191.8001024048178,false,true,2.074000120162964
import_flexible--p1--swm--clarabel,import_flexible,1,clarabel,154,1.4107299159960007e-5,1.809892730131324e-8,191.80120193126749,191.8001024048178,false,true,2.0920000076293945
import_flexible--p1--swm--clarabel,import_flexible,1,clarabel,155,1.4055016177521633e-5,1.7532668761255366e-8,191.80120016460046,191.8001024048178,false,true,2.1040000915527344
import_flexible--p1--swm--clarabel,import_flexible,1,clarabel,156,1.400332257342737e-5,1.7128804541410858e-8,191.80119842359352,191.8001024048178,false,true,2.115999937057495
import_flexible--p1--swm--clarabel,import_flexible,1,clarabel,157,1.3952199946336158e-5,1.6787531587070248e-8,191.80119670235587,191.8001024048178,false,true,2.128000020980835
import_flexible--p1--swm--clarabel,import_flexible,1,clarabel,158,1.3901641936840049e-5,1.635456597925966e-8,191.80119501109243,191.8001024048178,false,true,2.1389999389648438
import_flexible--p1--swm--clarabel,import_flexible,1,clarabel,159,1.3851634927296674e-5,1.5937015040989877e-8,191.80119334814174,191.8001024048178,false,true,2.1519999504089355
import_flexible--p1--swm--clarabel,import_flexible,1,clarabel,160,1.3802170691962717e-5,1.5596779534554628e-8,191.80119170618758,191.8001024048178,false,true,2.1700000762939453
import_flexible--p1--swm--clarabel,import_flexible,1,clarabel,161,1.3753242748195467e-5,1.5153962307223878e-8,191.80119009645992,191.8001024048178,false,true,2.181999921798706
import_flexible--p1--swm--clarabel,import_flexible,1,clarabel,162,1.370484004478448e-5,1.4865741249092679e-8,191.80118850354876,191.8001024048178,false,true,2.194000005722046
import_flexible--p1--swm--clarabel,import_flexible,1,clarabel,163,1.3656950209707151e-5,1.4444136331448476e-8,191.80118694136996,191.8001024048178,false,true,2.2070000171661377
import_flexible--p1--swm--clarabel,import_flexible,1,clarabel,164,1.3609569535979267e-5,1.4192121922107503e-8,191.8011853932938,191.8001024048178,false,true,2.2190001010894775
import_flexible--p1--swm--clarabel,import_flexible,1,clarabel,165,1.3562685928276089e-5,1.3749958005515595e-8,191.80118387886353,191.8001024048178,false,true,2.2300000190734863
import_flexible--p1--swm--clarabel,import_flexible,1,clarabel,166,1.3516290087823744e-5,1.3492813866200493e-8,191.80118237951942,191.8001024048178,false,true,2.25
import_flexible--p1--swm--clarabel,import_flexible,1,clarabel,167,1.3470371615566876e-5,1.3128742426538054e-8,191.8011809065083,191.8001024048178,false,true,2.26200008392334
import_flexible--p1--swm--clarabel,import_flexible,1,clarabel,168,1.3424930372525747e-5,1.2825080664136124e-8,191.8011794542499,191.8001024048178,false,true,2.2739999294281006
import_flexible--p1--swm--clarabel,import_flexible,1,clarabel,169,1.3379950616646237e-5,1.2506026825231942e-8,191.8011780244264,191.8001024048178,false,true,2.2860000133514404
import_flexible--p1--swm--clarabel,import_flexible,1,clarabel,170,1.3335432044938386e-5,1.23207146707216e-8,191.80117660434883,191.8001024048178,false,true,2.2980000972747803
import_flexible--p1--swm--clarabel,import_flexible,1,clarabel,171,1.3291358567141757e-5,1.1961488688427835e-8,191.80117521153943,191.8001024048178,false,true,2.311000108718872
import_flexible--p1--swm--clarabel,import_flexible,1,clarabel,172,1.3247729711815284e-5,1.1691823065262952e-8,191.80117383710152,191.8001024048178,false,true,2.322999954223633
import_flexible--p1--swm--clarabel,import_flexible,1,clarabel,173,1.320453552464886e-5,1.1337670302591363e-8,191.80117248996288,191.8001024048178,false,true,2.3429999351501465
import_flexible--p1--swm--clarabel,import_flexible,1,clarabel,174,1.3161766326213515e-5,1.1205435135330788e-8,191.80117116021097,191.8001024048178,false,true,2.3540000915527344
import_flexible--p1--swm--clarabel,import_flexible,1,clarabel,175,1.3119420225345248e-5,1.1101689567638573e-8,191.8011698455844,191.8001024048178,false,true,2.365999937057495
import_flexible--p1--swm--clarabel,import_flexible,1,clarabel,176,1.3077488231357085e-5,1.1021966950242046e-8,191.8011685423421,191.8001024048178,false,true,2.378000020980835
import_flexible--p1--swm--clarabel,import_flexible,1,clarabel,177,1.303596289061535e-5,1.0839053710132163e-8,191.8011672682085,191.8001024048178,false,true,2.390000104904175
import_flexible--p1--swm--clarabel,import_flexible,1,clarabel,178,1.299483705116425e-5,1.0779022507900748e-8,191.8011660024877,191.8001024048178,false,true,2.4030001163482666
import_flexible--p1--swm--clarabel,import_flexible,1,clarabel,179,1.2954107865988231e-5,1.0646275527825821e-8,191.80116475695937,191.8001024048178,false,true,2.4200000762939453
import_flexible--p1--swm--clarabel,import_flexible,1,clarabel,180,1.29137669561332e-5,1.0484945967004222e-8,191.80116353661188,191.8001024048178,false,true,2.431999921798706
import_flexible--p1--swm--clarabel,import_flexible,1,clarabel,181,1.287380448906033e-5,1.0461162047725736e-8,191.80116231903406,191.8001024048178,false,true,2.444999933242798
import_flexible--p1--swm--clarabel,import_flexible,1,clarabel,182,1.2834220462195924e-5,1.0311022924369695e-8,191.8011611250305,191.8001024048178,false,true,2.4579999446868896
import_flexible--p1--swm--clarabel,import_flexible,1,clarabel,183,1.2795009232579137e-5,1.0202915956547542e-8,191.80115994642193,191.8001024048178,false,true,2.4709999561309814
import_flexible--p1--swm--clarabel,import_flexible,1,clarabel,184,1.2756161054117142e-5,1.0106081471672468e-8,191.80115878254276,191.8001024048178,false,true,2.4820001125335693
import_flexible--p1--swm--clarabel,import_flexible,1,clarabel,185,1.2717672716499141e-5,9.981849069529147e-9,191.80115763772434,191.8001024048178,false,true,2.49399995803833
import_flexible--p1--swm--clarabel,import_flexible,1,clarabel,186,1.2679537492581034e-5,9.938773914974774e-9,191.80115649827192,191.8001024048178,false,true,2.51200008392334
import_flexible--p1--swm--clarabel,import_flexible,1,clarabel,187,1.264175206658083e-5,9.78711706123292e-9,191.80115538260338,191.8001024048178,false,true,2.5239999294281006
import_flexible--p1--swm--clarabel,import_flexible,1,clarabel,188,1.2604309156495251e-5,9.711456361305437e-9,191.80115427761956,191.8001024048178,false,true,2.5360000133514404
import_flexible--p1--swm--clarabel,import_flexible,1,clarabel,189,1.256720496172809e-5,9.590977623208374e-9,191.80115319106523,191.8001024048178,false,true,2.5490000247955322
import_flexible--p1--swm--clarabel,import_flexible,1,clarabel,190,1.2530432950988686e-5,9.534177003445166e-9,191.80115211232635,191.8001024048178,false,true,2.559999942779541
import_flexible--p1--swm--clarabel,import_flexible,1,clarabel,191,1.2493990966911849e-5,9.456457283896214e-9,191.80115104465546,191.8001024048178,false,true,2.572000026702881
import_flexible--p1--swm--clarabel,import_flexible,1,clarabel,192,1.245787095190258e-5,9.333104900033362e-9,191.80114999632576,191.8001024048178,false,true,2.5910000801086426
import_flexible--p1--swm--clarabel,import_flexible,1,clarabel,193,1.2422068759378808e-5,9.23396981100666e-9,191.80114896306043,191.8001024048178,false,true,2.6029999256134033
import_flexible--p1--swm--clarabel,import_flexible,1,clarabel,194,1.238658362343805e-5,9.161077230146475e-9,191.8011479395564,191.8001024048178,false,true,2.615999937057495
import_flexible--p1--swm--clarabel,import_flexible,1,clarabel,195,1.2351407704543197e-5,9.046571103343837e-9,191.80114693354204,191.8001024048178,false,true,2.628000020980835
import_flexible--p1--swm--clarabel,import_flexible,1,clarabel,196,1.2316534286450528e-5,9.022671332292731e-9,191.80114593021014,191.8001024048178,false,true,2.640000104904175
import_flexible--p1--swm--clarabel,import_flexible,1,clarabel,197,1.228196582673964e-5,8.903616233180145e-9,191.80114494452943,191.8001024048178,false,true,2.6510000228881836
import_flexible--p1--swm--clarabel,import_flexible,1,clarabel,198,1.224769160232145e-5,8.801626427690223e-9,191.8011439744538,191.8001024048178,false,true,2.6710000038146973
import_flexible--p1--swm--clarabel,import_flexible,1,clarabel,199,1.2213709336532247e-5,8.775587090337211e-9,191.80114300713882,191.8001024048178,false,true,2.681999921798706
import_flexible--p1--swm--clarabel,import_flexible,1,clarabel,200,1.218001683708528e-5,8.637004222933342e-9,191.8011420614106,191.8001024048178,false,true,2.694999933242798
import_flexible--p1--swm--clarabel,import_flexible,1,clarabel,201,1.2146606479826712e-5,8.611536483904558e-9,191.801141118357,191.8001024048178,false,true,2.7060000896453857
import_flexible--p1--swm--clarabel,import_flexible,1,clarabel,202,1.211347651292554e-5,8.506821691511846e-9,191.80114019167746,191.8001024048178,false,true,2.7179999351501465
import_flexible--p1--swm--clarabel,import_flexible,1,clarabel,203,1.208062751692748e-5,8.429707099022465e-9,191.80113927490666,191.8001024048178,false,true,2.7300000190734863
import_flexible--p1--swm--clarabel,import_flexible,1,clarabel,204,1.2048048142779518e-5,8.343876645167114e-9,191.80113837138765,191.8001024048178,false,true,2.743000030517578
import_flexible--p1--swm--clarabel,import_flexible,1,clarabel,205,1.2015738189531286e-5,8.281915708785448e-9,191.80113747652723,191.8001024048178,false,true,2.760999917984009
import_flexible--p1--swm--clarabel,import_flexible,1,clarabel,206,1.1983691897547594e-5,8.22487755680612e-9,191.80113659001628,191.8001024048178,false,true,2.7720000743865967
import_flexible--p1--swm--clarabel,import_flexible,1,clarabel,207,1.1951908619366558e-5,8.153720421066879e-9,191.80113571359203,191.8001024048178,false,true,2.7850000858306885
import_flexible--p1--swm--clarabel,import_flexible,1,clarabel,208,1.1920384129277489e-5,8.056251443733231e-9,191.80113485187508,191.8001024048178,false,true,2.7960000038146973
import_flexible--p1--swm--clarabel,import_flexible,1,clarabel,209,1.1889113678906972e-5,7.979771066146668e-9,191.80113400139606,191.8001024048178,false,true,2.809000015258789
import_flexible--p1--swm--clarabel,import_flexible,1,clarabel,210,1.1858094218825615e-5,7.972499049824222e-9,191.80113315032662,191.8001024048178,false,true,2.819999933242798
import_flexible--p1--swm--clarabel,import_flexible,1,clarabel,211,1.1827324973189379e-5,7.866277462742488e-9,191.80113231549592,191.8001024048178,false,true,2.8389999866485596
import_flexible--p1--swm--clarabel,import_flexible,1,clarabel,212,1.1796797740477995e-5,7.798001022685241e-9,191.8011314909123,191.8001024048178,false,true,2.8510000705718994
import_flexible--p1--swm--clarabel,import_flexible,1,clarabel,213,1.1766515716317047e-5,7.741895624580053e-9,191.80113067313704,191.8001024048178,false,true,2.861999988555908
import_flexible--p1--swm--clarabel,import_flexible,1,clarabel,214,1.1736469927631724e-5,7.656153155899403e-9,191.80112986865618,191.8001024048178,false,true,2.874000072479248
import_flexible--p1--swm--clarabel,import_flexible,1,clarabel,215,1.1706660326682439e-5,7.580101379911497e-9,191.8011290751648,191.8001024048178,false,true,2.88700008392334
import_flexible--p1--swm--clarabel,import_flexible,1,clarabel,216,1.167708409970986e-5,7.574686045064283e-9,191.8011282803429,191.8001024048178,false,true,2.8980000019073486
import_flexible--p1--swm--clarabel,import_flexible,1,clarabel,217,1.1647734552826123e-5,7.45359007847668e-9,191.80112750564322,191.8001024048178,false,true,2.9160001277923584
import_flexible--p1--swm--clarabel,import_flexible,1,clarabel,218,1.1618613558523288e-5,7.457768180785251e-9,191.80112672756474,191.8001024048178,false,true,2.928999900817871
import_flexible--p1--swm--clarabel,import_flexible,1,clarabel,219,1.158971467675084e-5,7.358655074174436e-9,191.80112596530375,191.8001024048178,false,true,2.940999984741211
import_flexible--p1--swm--clarabel,import_flexible,1,clarabel,220,1.1561039462123803e-5,7.343475938448307e-9,191.80112520284104,191.8001024048178,false,true,2.953000068664551
import_flexible--p1--swm--clarabel,import_flexible,1,clarabel,221,1.1532576953662579e-5,7.203193597149493e-9,191.80112446434202,191.8001024048178,false,true,2.9660000801086426
import_flexible--p1--swm--clarabel,import_flexible,1,clarabel,222,1.1504333728732082e-5,7.188798334389901e-9,191.80112372541623,191.8001024048178,false,true,2.9779999256134033
import_flexible--p1--swm--clarabel,import_flexible,1,clarabel,223,1.1476302558872057e-5,7.162535509142032e-9,191.8011229892325,191.8001024048178,false,true,2.996999979019165
import_flexible--p1--swm--clarabel,import_flexible,1,clarabel,224,1.1448481379976046e-5,7.080778796630938e-9,191.8011222655111,191.8001024048178,false,true,3.009999990463257
import_flexible--p1--swm--clarabel,import_flexible,1,clarabel,225,1.1420866390589943e-5,7.012203206979706e-9,191.80112155204978,191.8001024048178,false,true,3.0209999084472656
import_flexible--p1--swm--clarabel,import_flexible,1,clarabel,226,1.1393456420538682e-5,6.969177568372231e-9,191.80112084416785,191.8001024048178,false,true,3.0329999923706055
import_flexible--p1--swm--clarabel,import_flexible,1,clarabel,227,1.1366249543989035e-5,6.8871045533214215e-9,191.8011201484669,191.8001024048178,false,true,3.0450000762939453
import_flexible--p1--swm--clarabel,import_flexible,1,clarabel,228,1.133924241276068e-5,6.922634021577778e-9,191.80111944457278,191.8001024048178,false,true,3.056999921798706
import_flexible--p1--swm--clarabel,import_flexible,1,clarabel,229,1.1312434205036258e-5,6.8105336370472e-9,191.8011187582302,191.8001024048178,false,true,3.069000005722046
import_flexible--p1--swm--clarabel,import_flexible,1,clarabel,230,1.1285818965377603e-5,6.733078539156168e-9,191.80111808382958,191.8001024048178,false,true,3.128999948501587
import_flexible--p1--swm--clarabel,import_flexible,1,clarabel,231,1.1259395541575076e-5,6.7100380252149705e-9,191.80111741203797,191.8001024048178,false,true,3.1419999599456787
import_flexible--p1--swm--clarabel,import_flexible,1,clarabel,232,1.1233164414304785e-5,6.634144400496922e-9,191.80111675122262,191.8001024048178,false,true,3.1540000438690186
import_flexible--p1--swm--clarabel,import_flexible,1,clarabel,233,1.1207119868189057e-5,6.647843719953528e-9,191.8011160865438,191.8001024048178,false,true,3.1670000553131104
import_flexible--p1--swm--clarabel,import_flexible,1,clarabel,234,1.1181261705254949e-5,6.554593201535397e-9,191.80111543642886,191.8001024048178,false,true,3.178999900817871
import_flexible--p1--swm--clarabel,import_flexible,1,clarabel,235,1.1155589228736575e-5,6.481636172228633e-9,191.80111479656546,191.8001024048178,false,true,3.190999984741211
import_flexible--p1--swm--clarabel,import_flexible,1,clarabel,236,1.113009424508709e-5,6.520569473256188e-9,191.80111414915342,191.8001024048178,false,true,3.4240000247955322
import_flexible--p1--swm--clarabel,import_flexible,1,clarabel,237,1.1104784139106334e-5,6.411468189693181e-9,191.80111351784345,191.8001024048178,false,true,3.436000108718872
import_flexible--p1--swm--clarabel,import_flexible,1,clarabel,238,1.1079645629700913e-5,6.35931390879918e-9,191.80111289513786,191.8001024048178,false,true,3.447000026702881
import_flexible--p1--swm--clarabel,import_flexible,1,clarabel,239,1.1054685292974122e-5,6.34563512846853e-9,191.80111227257396,191.8001024048178,false,true,3.4600000381469727
import_flexible--p1--swm--clarabel,import_flexible,1,clarabel,240,1.102989762943621e-5,6.300997279495846e-9,191.80111165630012,191.8001024048178,false,true,3.4730000495910645
import_flexible--p1--swm--clarabel,import_flexible,1,clarabel,241,1.1005283592667825e-5,6.2190662619698855e-9,191.8011110517429,191.8001024048178,false,true,3.484999895095825
import_flexible--p1--swm--clarabel,import_flexible,1,clarabel,242,1.0980837167177832e-5,6.182703016222035e-9,191.80111045202852,191.8001024048178,false,true,3.496999979019165
import_flexible--p1--swm--clarabel,import_flexible,1,clarabel,243,1.0956556961856782e-5,6.17195949903504e-9,191.80110985301084,191.8001024048178,false,true,3.509999990463257
import_flexible--p1--swm--clarabel,import_flexible,1,clarabel,244,1.09324435009318e-5,6.133531627039446e-9,191.80110925894135,191.8001024048178,false,true,3.5230000019073486
import_flexible--p1--swm--clarabel,import_flexible,1,clarabel,245,1.0908493490068382e-5,6.039096778209796e-9,191.80110867968665,191.8001024048178,false,true,3.5360000133514404
import_flexible--p1--swm--clarabel,import_flexible,1,clarabel,246,1.0884704755449851e-5,6.061733615059239e-9,191.80110809482983,191.8001024048178,false,true,3.546999931335449
import_flexible--p1--swm--clarabel,import_flexible,1,clarabel,247,1.0861076659757721e-5,5.9612967895361635e-9,191.80110752586387,191.8001024048178,false,true,3.559000015258789
import_flexible--p1--swm--clarabel,import_flexible,1,clarabel,248,1.0837604613784196e-5,5.945229808457242e-9,191.80110695861953,191.8001024048178,false,true,3.571000099182129
import_flexible--p1--swm--clarabel,import_flexible,1,clarabel,249,1.0814292222574824e-5,5.9223065895785965e-9,191.801106392868,191.8001024048178,false,true,3.5829999446868896
import_flexible--p1--swm--clarabel,import_flexible,1,clarabel,250,1.0791133290782346e-5,5.866820473876544e-9,191.80110583547258,191.8001024048178,false,true,3.5940001010894775
import_flexible--p1--swm--clarabel,import_flexible,1,clarabel,251,1.0768128811148e-5,5.827569038441283e-9,191.80110528286366,191.8001024048178,false,true,3.6059999465942383
import_flexible--p1--swm--clarabel,import_flexible,1,clarabel,252,1.0745271241018417e-5,5.777053724287384e-9,191.8011047388577,191.8001024048178,false,true,3.61899995803833
import_flexible--p1--swm--clarabel,import_flexible,1,clarabel,253,1.0722567952274481e-5,5.774131228708512e-9,191.80110419249706,191.8001024048178,false,true,3.632999897003174
import_flexible--p1--swm--clarabel,import_flexible,1,clarabel,254,1.0700010611834493e-5,5.710373007783431e-9,191.8011036562374,191.8001024048178,false,true,3.6480000019073486
import_flexible--p1--swm--clarabel,import_flexible,1,clarabel,255,1.0677601230766532e-5,5.6445113028047444e-9,191.8011031295281,191.8001024048178,false,true,3.6610000133514404
import_flexible--p1--swm--clarabel,import_flexible,1,clarabel,256,1.0655334601619966e-5,5.644761824630251e-9,191.80110260164878,191.8001024048178,false,true,3.6730000972747803
import_flexible--p1--swm--clarabel,import_flexible,1,clarabel,257,1.0633212033549599e-5,5.645327816328205e-9,191.80110207234787,191.8001024048178,false,true,3.687000036239624
import_flexible--p1--swm--clarabel,import_flexible,1,clarabel,258,1.0611234358516196e-5,5.550588544345203e-9,191.80110155696465,191.8001024048178,false,true,3.699000120162964
import_flexible--p1--swm--clarabel,import_flexible,1,clarabel,259,1.058939272773946e-5,5.507958700246007e-9,191.80110104850982,191.8001024048178,false,true,3.7120001316070557
import_flexible--p1--swm--clarabel,import_flexible,1,clarabel,260,1.0567691003685294e-5,5.526259561072777e-9,191.8011005352907,191.8001024048178,false,true,3.7260000705718994
import_flexible--p1--swm--clarabel,import_flexible,1,clarabel,261,1.0546126543114537e-5,5.467930053182357e-9,191.80110003101618,191.8001024048178,false,true,3.740000009536743
import_flexible--p1--swm--clarabel,import_flexible,1,clarabel,262,1.0524699828570483e-5,5.411988412973301e-9,191.8010995342955,191.8001024048178,false,true,3.753000020980835
import_flexible--p1--swm--clarabel,import_flexible,1,clarabel,263,1.050340518741906e-5,5.398930191802265e-9,191.80109903890067,191.8001024048178,false,true,3.765000104904175
import_flexible--p1--swm--clarabel,import_flexible,1,clarabel,264,1.0482245063059281e-5,5.380770495833076e-9,191.80109854496237,191.8001024048178,false,true,3.7799999713897705
import_flexible--p1--swm--clarabel,import_flexible,1,clarabel,265,1.0461218170407994e-5,5.294220895013524e-9,191.8010980643336,191.8001024048178,false,true,3.7929999828338623
import_flexible--p1--swm--clarabel,import_flexible,1,clarabel,266,1.0440319146684276e-5,5.32447991252738e-9,191.8010975771436,191.8001024048178,false,true,3.808000087738037
import_flexible--p1--swm--clarabel,import_flexible,1,clarabel,267,1.0419549420290977e-5,5.2359681035341055e-9,191.8010971045548,191.8001024048178,false,true,3.822999954223633
import_flexible--p1--swm--clarabel,import_flexible,1,clarabel,268,1.0398905976367006e-5,5.27965648977613e-9,191.80109662302004,191.8001024048178,false,true,3.8370001316070557
import_flexible--p1--swm--clarabel,import_flexible,1,clarabel,269,1.037839116893843e-5,5.197816510538189e-9,191.8010961541421,191.8001024048178,false,true,3.8510000705718994
import_flexible--p1--swm--clarabel,import_flexible,1,clarabel,270,1.0358003421236232e-5,5.147460790944081e-9,191.8010956916437,191.8001024048178,false,true,3.864000082015991
import_flexible--p1--swm--clarabel,import_flexible,1,clarabel,271,1.0337737741849086e-5,5.122452351180584e-9,191.80109523224002,191.8001024048178,false,true,3.877000093460083
import_flexible--p1--swm--clarabel,import_flexible,1,clarabel,272,1.0317591875358916e-5,5.1314680837855065e-9,191.8010947709056,191.8001024048178,false,true,3.8910000324249268
import_flexible--p1--swm--clarabel,import_flexible,1,clarabel,273,1.0297571139229365e-5,5.073189923709975e-9,191.80109431764117,191.8001024048178,false,true,3.9059998989105225
import_flexible--p1--swm--clarabel,import_flexible,1,clarabel,274,1.0277667425047502e-5,5.0612282698203614e-9,191.80109386569998,191.8001024048178,false,true,3.9200000762939453
import_flexible--p1--swm--clarabel,import_flexible,1,clarabel,275,1.025788380247906e-5,5.013270798492897e-9,191.80109342075855,191.8001024048178,false,true,3.934000015258789
import_flexible--p1--swm--clarabel,import_flexible,1,clarabel,276,1.0238220133301272e-5,4.988572277486725e-9,191.80109297785086,191.8001024048178,false,true,3.947000026702881
import_flexible--p1--swm--clarabel,import_flexible,1,clarabel,277,1.0218668699495996e-5,4.955679366869248e-9,191.80109254066159,191.8001024048178,false,true,3.989000082015991
import_flexible--p1--swm--clarabel,import_flexible,1,clarabel,278,1.0199235334629185e-5,4.956579979786824e-9,191.80109210133122,191.8001024048178,false,true,4.003000020980835
import_flexible--p1--swm--clarabel,import_flexible,1,clarabel,279,1.0179916581920521e-5,4.888709603800834e-9,191.80109167250532,191.8001024048178,false,true,4.015000104904175
import_flexible--p1--swm--clarabel,import_flexible,1,clarabel,280,1.0160710280472284e-5,4.881423043556765e-9,191.80109124352413,191.8001024048178,false,true,4.0290000438690186
import_flexible--p1--swm--clarabel,import_flexible,1,clarabel,281,1.0141617561753124e-5,4.835608746756037e-9,191.80109082085306,191.8001024048178,false,true,4.041000127792358
import_flexible--p1--swm--clarabel,import_flexible,1,clarabel,282,1.0122633851290933e-5,4.839716960525209e-9,191.80109039651916,191.8001024048178,false,true,4.053999900817871
import_flexible--p1--swm--clarabel,import_flexible,1,clarabel,283,1.0103761822452286e-5,4.778267226335231e-9,191.8010899814743,191.8001024048178,false,true,4.066999912261963
import_flexible--p1--swm--clarabel,import_flexible,1,clarabel,284,1.008499741338532e-5,4.7823360271870285e-9,191.80108956442075,191.8001024048178,false,true,4.078999996185303
import_flexible--p1--swm--clarabel,import_flexible,1,clarabel,285,1.0066340889937983e-5,4.707790712821236e-9,191.80108915950763,191.8001024048178,false,true,4.0929999351501465
import_flexible--p1--swm--clarabel,import_flexible,1,clarabel,286,1.0047791115595151e-5,4.748436532864275e-9,191.80108874582538,191.8001024048178,false,true,4.105000019073486
import_flexible--p1--swm--clarabel,import_flexible,1,clarabel,287,1.0029346956970512e-5,4.672215059287055e-9,191.80108834482857,191.8001024048178,false,true,4.118000030517578
import_flexible--p1--swm--clarabel,import_flexible,1,clarabel,288,1.0011007234401634e-5,4.684711618629933e-9,191.8010879400665,191.8001024048178,false,true,4.130000114440918
import_flexible--p1--swm--clarabel,import_flexible,1,clarabel,289,9.992773396880962e-6,4.63907517955775e-9,191.8010875415236,191.8001024048178,false,true,4.14300012588501
import_flexible--p1--swm--clarabel,import_flexible,1,clarabel,290,9.974641323159696e-6,4.610947290650813e-9,191.80108714672875,191.8001024048178,false,true,4.1559998989105225
import_flexible--p1--swm--clarabel,import_flexible,1,clarabel,291,9.9566092360231e-6,4.594395364154735e-9,191.80108675429392,191.8001024048178,false,true,4.168999910354614
import_flexible--p1--swm--clarabel,import_flexible,1,clarabel,292,9.938681022059193e-6,4.560624877747443e-9,191.80108636573118,191.8001024048178,false,true,4.181999921798706
import_flexible--p1--swm--clarabel,import_flexible,1,clarabel,293,9.920848343038877e-6,4.527425601086321e-9,191.80108598311045,191.8001024048178,false,true,4.194999933242798
import_flexible--p1--swm--clarabel,import_flexible,1,clarabel,294,9.903118511193782e-6,4.5204186505110044e-9,191.80108559930025,191.8001024048178,false,true,4.20799994468689
import_flexible--p1--swm--clarabel,import_flexible,1,clarabel,295,9.885485129116052e-6,4.48375042649829e-9,191.8010852212189,191.8001024048178,false,true,4.2209999561309814
import_flexible--p1--swm--clarabel,import_flexible,1,clarabel,296,9.867952581934311e-6,4.487230365057826e-9,191.80108483965944,191.8001024048178,false,true,4.233999967575073
import_flexible--p1--swm--clarabel,import_flexible,1,clarabel,297,9.850511289887331e-6,4.45714765096028e-9,191.80108446392603,191.8001024048178,false,true,4.247999906539917
import_flexible--p1--swm--clarabel,import_flexible,1,clarabel,298,9.83316767601903e-6,4.427602451340107e-9,191.80108409177677,191.8001024048178,false,true,4.260999917984009
import_flexible--p1--swm--clarabel,import_flexible,1,clarabel,299,9.815918515989416e-6,4.401902009565362e-9,191.80108372291681,191.8001024048178,false,true,4.275000095367432
import_flexible--p1--swm--clarabel,import_flexible,1,clarabel,300,9.79876211605234e-6,4.343943538209771e-9,191.80108336344665,191.8001024048178,false,true,4.288000106811523
import_flexible--p1--swm--clarabel,import_flexible,1,clarabel,301,9.781699687208796e-6,4.3815900352406345e-9,191.801082995418,191.8001024048178,false,true,4.302000045776367
import_flexible--p1--swm--clarabel,import_flexible,1,clarabel,302,9.764728179575208e-6,4.342717907501736e-9,191.80108263369294,191.8001024048178,false,true,4.315999984741211
import_flexible--p1--swm--clarabel,import_flexible,1,clarabel,303,9.747848939095132e-6,4.294288979966865e-9,191.80108227910574,191.8001024048178,false,true,4.328999996185303
import_flexible--p1--swm--clarabel,import_flexible,1,clarabel,304,9.731059498701617e-6,4.277019294285367e-9,191.80108192630573,191.8001024048178,false,true,4.3429999351501465
import_flexible--p1--swm--clarabel,import_flexible,1,clarabel,305,9.714359815348283e-6,4.306609513449189e-9,191.8010815668393,191.8001024048178,false,true,4.358000040054321
import_flexible--p1--swm--clarabel,import_flexible,1,clarabel,306,9.697746151368394e-6,4.224429583921108e-9,191.8010812222974,191.8001024048178,false,true,4.371000051498413
import_flexible--p1--swm--clarabel,import_flexible,1,clarabel,307,9.681225600784284e-6,4.227680538981815e-9,191.80108087381126,191.8001024048178,false,true,4.384000062942505
import_flexible--p1--swm--clarabel,import_flexible,1,clarabel,308,9.66479029024752e-6,4.20562612513109e-9,191.8010805284315,191.8001024048178,false,true,4.397000074386597
import_flexible--p1--swm--clarabel,import_flexible,1,clarabel,309,9.648439242055334e-6,4.165594813532181e-9,191.80108019012738,191.8001024048178,false,true,4.41100001335144
import_flexible--p1--swm--clarabel,import_flexible,1,clarabel,310,9.63217600816443e-6,4.159119493252206e-9,191.80107985095364,191.8001024048178,false,true,4.424999952316284
import_flexible--p1--swm--clarabel,import_flexible,1,clarabel,311,9.615996596515604e-6,4.154487587282318e-9,191.80107951178695,191.8001024048178,false,true,4.437999963760376
import_flexible--p1--swm--clarabel,import_flexible,1,clarabel,312,9.599901882872963e-6,4.1397304473278496e-9,191.8010791740282,191.8001024048178,false,true,4.473999977111816
import_flexible--p1--swm--clarabel,import_flexible,1,clarabel,313,9.583890490459025e-6,4.091400829242531e-9,191.80107884386848,191.8001024048178,false,true,4.486999988555908
import_flexible--p1--swm--clarabel,import_flexible,1,clarabel,314,9.567961038761926e-6,4.085928650976456e-9,191.80107851354722,191.8001024048178,false,true,4.5
import_flexible--p1--swm--clarabel,import_flexible,1,clarabel,315,9.552114201535646e-6,4.0941626755497396e-9,191.80107818048126,191.8001024048178,false,true,4.513000011444092
import_flexible--p1--swm--clarabel,import_flexible,1,clarabel,316,9.536347122327738e-6,3.9929154427298386e-9,191.80107786536283,191.8001024048178,false,true,4.526000022888184
import_flexible--p1--swm--clarabel,import_flexible,1,clarabel,317,9.520664078221941e-6,4.041915857566636e-9,191.80107753850905,191.8001024048178,false,true,4.539000034332275
import_flexible--p1--swm--clarabel,import_flexible,1,clarabel,318,9.505060075636946e-6,3.9998849787892254e-9,191.80107721830004,191.8001024048178,false,true,4.551000118255615
import_flexible--p1--swm--clarabel,import_flexible,1,clarabel,319,9.489532473453108e-6,3.993273600677583e-9,191.80107689922573,191.8001024048178,false,true,4.562999963760376
import_flexible--p1--swm--clarabel,import_flexible,1,clarabel,320,9.474085745364569e-6,4.001243947282518e-9,191.80107657706276,191.8001024048178,false,true,4.575999975204468
import_flexible--p1--swm--clarabel,import_flexible,1,clarabel,321,9.458716806162473e-6,3.9375240290517866e-9,191.801076265287,191.8001024048178,false,true,4.588000059127808
import_flexible--p1--swm--clarabel,import_flexible,1,clarabel,322,9.44342531162722e-6,3.914662316528705e-9,191.80107595612037,191.8001024048178,false,true,4.599999904632568
import_flexible--p1--swm--clarabel,import_flexible,1,clarabel,323,9.428208656771872e-6,3.935985148917354e-9,191.80107564265506,191.8001024048178,false,true,4.61299991607666
import_flexible--p1--swm--clarabel,import_flexible,1,clarabel,324,9.413070425699145e-6,3.91183208048318e-9,191.80107533174947,191.8001024048178,false,true,4.625
import_flexible--p1--swm--clarabel,import_flexible,1,clarabel,325,9.39800370545398e-6,3.846525487016805e-9,191.80107503282397,191.8001024048178,false,true,4.638000011444092
import_flexible--p1--swm--clarabel,import_flexible,1,clarabel,326,9.383015600656302e-6,3.853455221580759e-9,191.8010747300026,191.8001024048178,false,true,4.650000095367432
import_flexible--p1--swm--clarabel,import_flexible,1,clarabel,327,9.368099705924832e-6,3.850293861518139e-9,191.8010744272181,191.8001024048178,false,true,4.661999940872192
import_flexible--p1--swm--clarabel,import_flexible,1,clarabel,328,9.353257022428416e-6,3.83012066507149e-9,191.80107412733878,191.8001024048178,false,true,4.676000118255615
import_flexible--p1--swm--clarabel,import_flexible,1,clarabel,329,9.338488574246865e-6,3.797253178561277e-9,191.8010738316792,191.8001024048178,false,true,4.687999963760376
import_flexible--p1--swm--clarabel,import_flexible,1,clarabel,330,9.323792031425768e-6,3.816909177611905e-9,191.80107353131382,191.8001024048178,false,true,4.700999975204468
import_flexible--p1--swm--clarabel,import_flexible,1,clarabel,331,9.309165666962745e-6,3.744863863452963e-9,191.80107324369538,191.8001024048178,false,true,4.713000059127808
import_flexible--p1--swm--clarabel,import_flexible,1,clarabel,332,9.294609803680373e-6,3.7685307652246536e-9,191.80107295091443,191.8001024048178,false,true,4.724999904632568
import_flexible--p1--swm--clarabel,import_flexible,1,clarabel,333,9.280127073059544e-6,3.751088439862826e-9,191.80107265938744,191.8001024048178,false,true,4.73799991607666
import_flexible--p1--swm--clarabel,import_flexible,1,clarabel,334,9.265712083201208e-6,3.716004781662008e-9,191.80107237385147,191.8001024048178,false,true,4.752000093460083
import_flexible--p1--swm--clarabel,import_flexible,1,clarabel,335,9.251367882575936e-6,3.6982912288152647e-9,191.80107208988346,191.8001024048178,false,true,4.765000104904175
import_flexible--p1--swm--clarabel,import_flexible,1,clarabel,336,9.237091595504232e-6,3.710869389550453e-9,191.8010718027574,191.8001024048178,false,true,4.793999910354614
import_flexible--p1--swm--clarabel,import_flexible,1,clarabel,337,9.222884295319435e-6,3.6627925692478414e-9,191.80107152331172,191.8001024048178,false,true,4.808000087738037
import_flexible--p1--swm--clarabel,import_flexible,1,clarabel,338,9.208745071033096e-6,3.673660264880141e-9,191.80107124031565,191.8001024048178,false,true,4.819000005722046
import_flexible--p1--swm--clarabel,import_flexible,1,clarabel,339,9.194670827292951e-6,3.6373545286849662e-9,191.80107096399198,191.8001024048178,false,true,4.831000089645386
import_flexible--p1--swm--clarabel,import_flexible,1,clarabel,340,9.18066378257693e-6,3.6262342018034133e-9,191.80107068855096,191.8001024048178,false,true,4.8429999351501465
import_flexible--p1--swm--clarabel,import_flexible,1,clarabel,341,9.166724799881575e-6,3.6014555782060143e-9,191.8010704156688,191.8001024048178,false,true,4.854000091552734
import_flexible--p1--swm--clarabel,import_flexible,1,clarabel,342,9.152849473185881e-6,3.5987117175118044e-9,191.80107014283132,191.8001024048178,false,true,4.865999937057495
import_flexible--p1--swm--clarabel,import_flexible,1,clarabel,343,9.13903954659976e-6,3.5679735832516712e-9,191.80106987467065,191.8001024048178,false,true,4.878000020980835
import_flexible--p1--swm--clarabel,import_flexible,1,clarabel,344,9.12529409359163e-6,3.5917919194439207e-9,191.80106960104604,191.8001024048178,false,true,4.890000104904175
import_flexible--p1--swm--clarabel,import_flexible,1,clarabel,345,9.111612882074414e-6,3.5544012733090824e-9,191.80106933339977,191.8001024048178,false,true,4.9019999504089355
import_flexible--p1--swm--clarabel,import_flexible,1,clarabel,346,9.097995922191515e-6,3.538313697593054e-9,191.80106906726752,191.8001024048178,false,true,4.913000106811523
import_flexible--p1--swm--clarabel,import_flexible,1,clarabel,347,9.0844413288347e-6,3.5209579696271476e-9,191.80106880345846,191.8001024048178,false,true,4.924000024795532
import_flexible--p1--swm--clarabel,import_flexible,1,clarabel,348,9.070948663869592e-6,3.4972167384239583e-9,191.80106854325876,191.8001024048178,false,true,4.937000036239624
import_flexible--p1--swm--clarabel,import_flexible,1,clarabel,349,9.057519587483334e-6,3.5015185750886246e-9,191.80106828057637,191.8001024048178,false,true,4.949000120162964
import_flexible--p1--swm--clarabel,import_flexible,1,clarabel,350,9.04415172889558e-6,3.484957378230291e-9,191.80106802016883,191.8001024048178,false,true,4.960000038146973
import_flexible--p1--swm--clarabel,import_flexible,1,clarabel,351,9.0308436736822e-6,3.468949738572036e-9,191.8010677622206,191.8001024048178,false,true,4.9709999561309814
import_flexible--p1--swm--clarabel,import_flexible,1,clarabel,352,9.017597129971783e-6,3.461843922636376e-9,191.80106750438307,191.8001024048178,false,true,4.983999967575073
import_flexible--p1--swm--clarabel,import_flexible,1,clarabel,353,9.00441004036967e-6,3.4190681397205935e-9,191.80106725366574,191.8001024048178,false,true,4.995000123977661
import_flexible--p1--swm--clarabel,import_flexible,1,clarabel,354,8.991285028080544e-6,3.4182848773767205e-9,191.8010670009056,191.8001024048178,false,true,5.007999897003174
import_flexible--p1--swm--clarabel,import_flexible,1,clarabel,355,8.978216186667446e-6,3.420793925901222e-9,191.80106674794752,191.8001024048178,false,true,5.020999908447266
import_flexible--p1--swm--clarabel,import_flexible,1,clarabel,356,8.965207026554658e-6,3.402234938221227e-9,191.80106649744675,191.8001024048178,false,true,5.046000003814697
import_flexible--p1--swm--clarabel,import_flexible,1,clarabel,357,8.952256074122968e-6,3.402646608918758e-9,191.80106624594126,191.8001024048178,false,true,5.058000087738037
import_flexible--p1--swm--clarabel,import_flexible,1,clarabel,358,8.93936584750959e-6,3.350010158165162e-9,191.80106600203555,191.8001024048178,false,true,5.071000099182129
import_flexible--p1--swm--clarabel,import_flexible,1,clarabel,359,8.926528518784302e-6,3.356120104047733e-9,191.80106575744804,191.8001024048178,false,true,5.082000017166138
import_flexible--p1--swm--clarabel,import_flexible,1,clarabel,360,8.913751218657268e-6,3.3288662937280833e-9,191.80106551635922,191.8001024048178,false,true,5.0950000286102295
import_flexible--p1--swm--clarabel,import_flexible,1,clarabel,361,8.901031141241653e-6,3.3408866229045486e-9,191.80106527132045,191.8001024048178,false,true,5.105999946594238
import_flexible--p1--swm--clarabel,import_flexible,1,clarabel,362,8.888364294579176e-6,3.323508301900091e-9,191.80106502999038,191.8001024048178,false,true,5.118000030517578
import_flexible--p1--swm--clarabel,import_flexible,1,clarabel,363,8.875754967814633e-6,3.3057305226513733e-9,191.80106479059035,191.8001024048178,false,true,5.128999948501587
import_flexible--p1--swm--clarabel,import_flexible,1,clarabel,364,8.863201266655226e-6,3.3013316524943548e-9,191.80106455080136,191.8001024048178,false,true,5.141000032424927
import_flexible--p1--swm--clarabel,import_flexible,1,clarabel,365,8.850703611320363e-6,3.2615554701465044e-9,191.80106431684885,191.8001024048178,false,true,5.1540000438690186
import_flexible--p1--swm--clarabel,import_flexible,1,clarabel,366,8.838258498551758e-6,3.267787096472574e-9,191.80106408155717,191.8001024048178,false,true,5.166000127792358
import_flexible--p1--swm--clarabel,import_flexible,1,clarabel,367,8.825866687691494e-6,3.263007641862714e-9,191.80106384681028,191.8001024048178,false,true,5.177000045776367
import_flexible--p1--swm--clarabel,import_flexible,1,clarabel,368,8.813530939611912e-6,3.2378706937841173e-9,191.80106361507717,191.8001024048178,false,true,5.189000129699707
import_flexible--p1--swm--clarabel,import_flexible,1,clarabel,369,8.801247569129538e-6,3.2201701305467623e-9,191.80106338579185,191.8001024048178,false,true,5.200999975204468
import_flexible--p1--swm--clarabel,import_flexible,1,clarabel,370,8.789017800315722e-6,3.235185785932515e-9,191.80106315253553,191.8001024048178,false,true,5.21399998664856
import_flexible--p1--swm--clarabel,import_flexible,1,clarabel,371,8.776840059631187e-6,3.193182607219569e-9,191.8010629265112,191.8001024048178,false,true,5.226999998092651
import_flexible--p1--swm--clarabel,import_flexible,1,clarabel,372,8.764715711489561e-6,3.20007387255572e-9,191.80106269773253,191.8001024048178,false,true,5.252000093460083
import_flexible--p1--swm--clarabel,import_flexible,1,clarabel,373,8.752642763141452e-6,3.2044103481787545e-9,191.80106246739317,191.8001024048178,false,true,5.263999938964844
import_flexible--p1--swm--clarabel,import_flexible,1,clarabel,374,8.740619220525371e-6,3.1286272461628073e-9,191.80106225133056,191.8001024048178,false,true,5.2769999504089355
import_flexible--p1--swm--clarabel,import_flexible,1,clarabel,375,8.728647956040609e-6,3.1656679500002838e-9,191.80106202686449,191.8001024048178,false,true,5.289000034332275
import_flexible--p1--swm--clarabel,import_flexible,1,clarabel,376,8.716728178249541e-6,3.176444107744203e-9,191.8010617992832,191.8001024048178,false,true,5.301000118255615
import_flexible--p1--swm--clarabel,import_flexible,1,clarabel,377,8.704858854039184e-6,3.1021151203347586e-9,191.80106158471187,191.8001024048178,false,true,5.312999963760376
import_flexible--p1--swm--clarabel,import_flexible,1,clarabel,378,8.693038092750186e-6,3.146567284506574e-9,191.801061361259,191.8001024048178,false,true,5.325000047683716
import_flexible--p1--swm--clarabel,import_flexible,1,clarabel,379,8.681267715602493e-6,3.1113961962425662e-9,191.80106114370247,191.8001024048178,false,true,5.337000131607056
import_flexible--p1--swm--clarabel,import_flexible,1,clarabel,380,8.669546536625589e-6,3.0830108466162187e-9,191.80106093039913,191.8001024048178,false,true,5.348999977111816
import_flexible--p1--swm--clarabel,import_flexible,1,clarabel,381,8.657875530645756e-6,3.101285450668456e-9,191.80106071214175,191.8001024048178,false,true,5.361000061035156
import_flexible--p1--swm--clarabel,import_flexible,1,clarabel,382,8.646252544940548e-6,3.0590641686423226e-9,191.801060501116,191.8001024048178,false,true,5.374000072479248
import_flexible--p1--swm--clarabel,import_flexible,1,clarabel,383,8.634676898337673e-6,3.077815724505939e-9,191.8010602861406,191.8001024048178,false,true,5.385999917984009
import_flexible--p1--swm--clarabel,import_flexible,1,clarabel,384,8.623149829593707e-6,3.0558386932000303e-9,191.80106007437064,191.8001024048178,false,true,5.397000074386597
import_flexible--p1--swm--clarabel,import_flexible,1,clarabel,385,8.611671725621374e-6,3.046393304284578e-9,191.80105986279582,191.8001024048178,false,true,5.421000003814697
import_flexible--p1--swm--clarabel,import_flexible,1,clarabel,386,8.600239114904666e-6,3.040238893969871e-9,191.80105965217288,191.8001024048178,false,true,5.433000087738037
import_flexible--p1--swm--clarabel,import_flexible,1,clarabel,387,8.588853840262413e-6,2.996593806425807e-9,191.8010594488578,191.8001024048178,false,true,5.444000005722046
import_flexible--p1--swm--clarabel,import_flexible,1,clarabel,388,8.577514570032559e-6,3.0099014947104763e-9,191.80105924237012,191.8001024048178,false,true,5.456000089645386
import_flexible--p1--swm--clarabel,import_flexible,1,clarabel,389,8.566220783570973e-6,3.000016068899214e-9,191.80105903754685,191.8001024048178,false,true,5.4679999351501465
import_flexible--p1--swm--clarabel,import_flexible,1,clarabel,390,8.554976093442447e-6,3.0135530737496197e-9,191.8010588280428,191.8001024048178,false,true,5.480000019073486
import_flexible--p1--swm--clarabel,import_flexible,1,clarabel,391,8.543774635549894e-6,2.991632663817967e-9,191.80105862274092,191.8001024048178,false,true,5.492000102996826
import_flexible--p1--swm--clarabel,import_flexible,1,clarabel,392,8.532618603845405e-6,2.975876711719394e-9,191.80105841968572,191.8001024048178,false,true,5.503999948501587
import_flexible--p1--swm--clarabel,import_flexible,1,clarabel,393,8.521508258272561e-6,2.9249914157425394e-9,191.80105822499644,191.8001024048178,false,true,5.516000032424927
import_flexible--p1--swm--clarabel,import_flexible,1,clarabel,394,8.510444021321687e-6,2.950896915709933e-9,191.80105802368246,191.8001024048178,false,true,5.528000116348267
import_flexible--p1--swm--clarabel,import_flexible,1,clarabel,395,8.499422036582644e-6,2.9751149321910475e-9,191.80105781806202,191.8001024048178,false,true,5.541000127792358
import_flexible--p1--swm--clarabel,import_flexible,1,clarabel,396,8.488444730801106e-6,2.930680309543021e-9,191.80105762012914,191.8001024048178,false,true,5.561000108718872
import_flexible--p1--swm--clarabel,import_flexible,1,clarabel,397,8.477511716004585e-6,2.911659024995572e-9,191.8010574246352,191.8001024048178,false,true,5.572000026702881
import_flexible--p1--swm--clarabel,import_flexible,1,clarabel,398,8.466622617341425e-6,2.9039113891293766e-9,191.80105722946678,191.8001024048178,false,true,5.584000110626221
import_flexible--p1--swm--clarabel,import_flexible,1,clarabel,399,8.455775209117242e-6,2.9084490926756246e-9,191.8010570334314,191.8001024048178,false,true,5.5950000286102295
import_flexible--p1--swm--clarabel,import_flexible,1,clarabel,400,8.444971382950214e-6,2.880924721004874e-9,191.80105684165858,191.8001024048178,false,true,5.607000112533569
import_flexible--p1--swm--clarabel,import_flexible,1,clarabel,401,8.434211200861437e-6,2.916171748523766e-9,191.80105664188014,191.8001024048178,false,true,5.620000123977661
import_flexible--p1--swm--clarabel,import_flexible,1,clarabel,402,8.423491958347622e-6,2.8427392662067064e-9,191.80105645596373,191.8001024048178,false,true,5.631999969482422
import_flexible--p1--swm--clarabel,import_flexible,1,clarabel,403,8.412815853145712e-6,2.8687167086260956e-9,191.8010562636199,191.8001024048178,false,true,5.644000053405762
import_flexible--p1--swm--clarabel,import_flexible,1,clarabel,404,8.402181373131947e-6,2.8579869026934546e-9,191.801056072871,191.8001024048178,false,true,5.6559998989105225
import_flexible--p1--swm--clarabel,import_flexible,1,clarabel,405,8.39158809268719e-6,2.8363648096885186e-9,191.80105588549972,191.8001024048178,false,true,5.676000118255615
import_flexible--p1--swm--clarabel,import_flexible,1,clarabel,406,8.38103721302229e-6,2.807614085664767e-9,191.8010557021783,191.8001024048178,false,true,5.687999963760376
import_flexible--p1--swm--clarabel,import_flexible,1,clarabel,407,8.370526517072333e-6,2.8354553149867456e-9,191.80105551299,191.8001024048178,false,true,5.700999975204468
import_flexible--p1--swm--clarabel,import_flexible,1,clarabel,408,8.360056699029496e-6,2.829456779984696e-9,191.8010553244369,191.8001024048178,false,true,5.713000059127808
import_flexible--p1--swm--clarabel,import_flexible,1,clarabel,409,8.349626810460524e-6,2.784990571491619e-9,191.8010551437564,191.8001024048178,false,true,5.723999977111816
import_flexible--p1--swm--clarabel,import_flexible,1,clarabel,410,8.339236752252788e-6,2.8231803561595825e-9,191.80105495517665,191.8001024048178,false,true,5.736000061035156
import_flexible--p1--swm--clarabel,import_flexible,1,clarabel,411,8.328887637859046e-6,2.779454333357023e-9,191.80105477405124,191.8001024048178,false,true,5.747999906539917
import_flexible--p1--swm--clarabel,import_flexible,1,clarabel,412,8.318579003508862e-6,2.7604142305293067e-9,191.8010545949406,191.8001024048178,false,true,5.759000062942505
import_flexible--p1--swm--clarabel,import_flexible,1,clarabel,413,8.308307676941805e-6,2.791823827674733e-9,191.80105441009798,191.8001024048178,false,true,5.772000074386597
import_flexible--p1--swm--clarabel,import_flexible,1,clarabel,414,8.298076240587093e-6,2.748350880210637e-9,191.80105423282015,191.8001024048178,false,true,5.79200005531311
import_flexible--p1--swm--clarabel,import_flexible,1,clarabel,415,8.287884464426702e-6,2.751446404047897e-9,191.80105405361917,191.8001024048178,false,true,5.803999900817871
import_flexible--p1--swm--clarabel,import_flexible,1,clarabel,416,8.277730336736509e-6,2.7285891879280655e-9,191.80105387850534,191.8001024048178,false,true,5.816999912261963
import_flexible--p1--swm--clarabel,import_flexible,1,clarabel,417,8.267614633158695e-6,2.759616146708055e-9,191.80105369683798,191.8001024048178,false,true,5.828000068664551
import_flexible--p1--swm--clarabel,import_flexible,1,clarabel,418,8.257539168806973e-6,2.7186978779347726e-9,191.80105352145557,191.8001024048178,false,true,5.8399999141693115
import_flexible--p1--swm--clarabel,import_flexible,1,clarabel,419,8.247498478305717e-6,2.7439551186780875e-9,191.80105334171435,191.8001024048178,false,true,5.851999998092651
import_flexible--p1--swm--clarabel,import_flexible,1,clarabel,420,8.237498216878691e-6,2.6973397959650924e-9,191.80105316917624,191.8001024048178,false,true,5.864000082015991
import_flexible--p1--swm--clarabel,import_flexible,1,clarabel,421,8.227534647868446e-6,2.701471546462386e-9,191.8010529950174,191.8001024048178,false,true,5.884000062942505
import_flexible--p1--swm--clarabel,import_flexible,1,clarabel,422,8.217607284845904e-6,2.666462883826881e-9,191.80105282745413,191.8001024048178,false,true,5.895999908447266
import_flexible--p1--swm--clarabel,import_flexible,1,clarabel,423,8.20771706292164e-6,2.7191238705093213e-9,191.80105264900746,191.8001024048178,false,true,5.9070000648498535
import_flexible--p1--swm--clarabel,import_flexible,1,clarabel,424,8.197865353473413e-6,2.6747512538172202e-9,191.8010524779142,191.8001024048178,false,true,5.918999910354614
import_flexible--p1--swm--clarabel,import_flexible,1,clarabel,425,8.188049651838078e-6,2.667958798330261e-9,191.80105230700912,191.8001024048178,false,true,5.930999994277954
import_flexible--p1--swm--clarabel,import_flexible,1,clarabel,426,8.178267780363639e-6,2.657371100944772e-9,191.80105213883056,191.8001024048178,false,true,5.943000078201294
import_flexible--p1--swm--clarabel,import_flexible,1,clarabel,427,8.168524053275837e-6,2.6355498339292183e-9,191.80105197336212,191.8001024048178,false,true,5.954999923706055
import_flexible--p1--swm--clarabel,import_flexible,1,clarabel,428,8.158814469482289e-6,2.6401353325766763e-9,191.80105180696972,191.8001024048178,false,true,5.9730000495910645
import_flexible--p1--swm--clarabel,import_flexible,1,clarabel,429,8.149143349062642e-6,2.6195677294005293e-9,191.8010516425246,191.8001024048178,false,true,5.984999895095825
import_flexible--p1--swm--clarabel,import_flexible,1,clarabel,430,8.139504808743228e-6,2.6437354527786283e-9,191.80105147376727,191.8001024048178,false,true,5.996999979019165
import_flexible--p1--swm--clarabel,import_flexible,1,clarabel,431,8.129903764995317e-6,2.627028095059103e-9,191.80105130688514,191.8001024048178,false,true,6.007999897003174
import_flexible--p1--swm--clarabel,import_flexible,1,clarabel,432,8.120336484693992e-6,2.611641514160823e-9,191.80105114259766,191.8001024048178,false,true,6.019999980926514
import_flexible--p1--swm--clarabel,import_flexible,1,clarabel,433,8.110802903648173e-6,2.6210291714789946e-9,191.80105097640563,191.8001024048178,false,true,6.0329999923706055
import_flexible--p1--swm--clarabel,import_flexible,1,clarabel,434,8.101304797407268e-6,2.580130276097492e-9,191.80105081710713,191.8001024048178,false,true,6.045000076293945
import_flexible--p1--swm--clarabel,import_flexible,1,clarabel,435,8.091842064537259e-6,2.5825254712508183e-9,191.80105065595058,191.8001024048178,false,true,6.062000036239624
import_flexible--p1--swm--clarabel,import_flexible,1,clarabel,436,8.082412754325832e-6,2.5872800568649268e-9,191.80105049328853,191.8001024048178,false,true,6.075999975204468
import_flexible--p1--swm--clarabel,import_flexible,1,clarabel,437,8.073017070044727e-6,2.553922462400493e-9,191.80105033661647,191.8001024048178,false,true,6.088000059127808
import_flexible--p1--swm--clarabel,import_flexible,1,clarabel,438,8.063653733272133e-6,2.6008323827930724e-9,191.80105017102593,191.8001024048178,false,true,6.099999904632568
import_flexible--p1--swm--clarabel,import_flexible,1,clarabel,439,8.054326796624876e-6,2.5309299100939597e-9,191.80105001713235,191.8001024048178,false,true,6.111000061035156
import_flexible--p1--swm--clarabel,import_flexible,1,clarabel,440,8.045030948896939e-6,2.557637990285855e-9,191.8010498578435,191.8001024048178,false,true,6.122999906539917
import_flexible--p1--swm--clarabel,import_flexible,1,clarabel,441,8.035769097308236e-6,2.5419010785121543e-9,191.80104970092313,191.8001024048178,false,true,6.134999990463257
import_flexible--p1--swm--clarabel,import_flexible,1,clarabel,442,8.0265396817431e-6,2.5281575721791683e-9,191.8010495460841,191.8001024048178,false,true,6.1549999713897705
import_flexible--p1--swm--clarabel,import_flexible,1,clarabel,443,8.017344252880305e-6,2.5343619980411347e-9,191.80104938868192,191.8001024048178,false,true,6.167999982833862
import_flexible--p1--swm--clarabel,import_flexible,1,clarabel,444,8.008179191241396e-6,2.548211142094914e-9,191.8010492290076,191.8001024048178,false,true,6.180000066757202
import_flexible--p1--swm--clarabel,import_flexible,1,clarabel,445,7.999048494436698e-6,2.5101517531211925e-9,191.80104907535775,191.8001024048178,false,true,6.190999984741211
import_flexible--p1--swm--clarabel,import_flexible,1,clarabel,446,7.989948519925395e-6,2.4997461878228933e-9,191.80104892338287,191.8001024048178,false,true,6.203000068664551
import_flexible--p1--swm--clarabel,import_flexible,1,clarabel,447,7.98088072553125e-6,2.480702254725742e-9,191.80104877434042,191.8001024048178,false,true,6.216000080108643
import_flexible--p1--swm--clarabel,import_flexible,1,clarabel,448,7.971844185984299e-6,2.51987058996761e-9,191.80104861728773,191.8001024048178,false,true,6.233000040054321
import_flexible--p1--swm--clarabel,import_flexible,1,clarabel,449,7.962839966543536e-6,2.4722821012623797e-9,191.80104846868878,191.8001024048178,false,true,6.246000051498413
import_flexible--p1--swm--clarabel,import_flexible,1,clarabel,450,7.953865699860218e-6,2.48050380236009e-9,191.80104831833538,191.8001024048178,false,true,6.257999897003174
import_flexible--p1--swm--clarabel,import_flexible,1,clarabel,451,7.94492443122564e-6,2.4487671890227602e-9,191.80104817275605,191.8001024048178,false,true,6.269999980926514
import_flexible--p1--swm--clarabel,import_flexible,1,clarabel,452,7.936013133213004e-6,2.491300110651906e-9,191.80104801856666,191.8001024048178,false,true,6.2809998989105225
import_flexible--p1--swm--clarabel,import_flexible,1,clarabel,453,7.927134403290008e-6,2.4342686200107266e-9,191.80104787411233,191.8001024048178,false,true,6.292999982833862
import_flexible--p1--swm--clarabel,import_flexible,1,clarabel,454,7.918283667892903e-6,2.4641372275979734e-9,191.80104772414796,191.8001024048178,false,true,6.303999900817871
import_flexible--p1--swm--clarabel,import_flexible,1,clarabel,455,7.909463831365118e-6,2.4523363895134764e-9,191.8010475762037,191.8001024048178,false,true,6.322999954223633
import_flexible--p1--swm--clarabel,import_flexible,1,clarabel,456,7.900675395779786e-6,2.4169936607698617e-9,191.80104743390763,191.8001024048178,false,true,6.335000038146973
import_flexible--p1--swm--clarabel,import_flexible,1,clarabel,457,7.891917024933031e-6,2.44103015578645e-9,191.8010472859176,191.8001024048178,false,true,6.3470001220703125
import_flexible--p1--swm--clarabel,import_flexible,1,clarabel,458,7.883188381014266e-6,2.431872592190132e-9,191.80104713940517,191.8001024048178,false,true,6.358999967575073
import_flexible--p1--swm--clarabel,import_flexible,1,clarabel,459,7.874489476437802e-6,2.4157401634639086e-9,191.8010469952714,191.8001024048178,false,true,6.371999979019165
import_flexible--p1--swm--clarabel,import_flexible,1,clarabel,460,7.865818572039274e-6,2.4028120604313585e-9,191.80104685387704,191.8001024048178,false,true,6.382999897003174
import_flexible--p1--swm--clarabel,import_flexible,1,clarabel,461,7.857179167897693e-6,2.3920959657530716e-9,191.80104671301888,191.8001024048178,false,true,6.394999980926514
import_flexible--p1--swm--clarabel,import_flexible,1,clarabel,462,7.848568141712661e-6,2.4254283581548464e-9,191.80104656544898,191.8001024048178,false,true,6.414000034332275
import_flexible--p1--swm--clarabel,import_flexible,1,clarabel,463,7.839986976237494e-6,2.3777170787830926e-9,191.80104642622265,191.8001024048178,false,true,6.426000118255615
import_flexible--p1--swm--clarabel,import_flexible,1,clarabel,464,7.831433050235631e-6,2.3886475575274346e-9,191.80104628487186,191.8001024048178,false,true,6.439000129699707
import_flexible--p1--swm--clarabel,import_flexible,1,clarabel,465,7.822909163538146e-6,2.382301966807887e-9,191.80104614377672,191.8001024048178,false,true,6.450999975204468
import_flexible--p1--swm--clarabel,import_flexible,1,clarabel,466,7.814412312789896e-6,2.3467106036179075e-9,191.80104600968036,191.8001024048178,false,true,6.463000059127808
import_flexible--p1--swm--clarabel,import_flexible,1,clarabel,467,7.805945940691554e-6,2.3725557074527615e-9,191.8010458688509,191.8001024048178,false,true,6.476000070571899
import_flexible--p1--swm--clarabel,import_flexible,1,clarabel,468,7.797506689373583e-6,2.3911141400212443e-9,191.8010457244975,191.8001024048178,false,true,6.49399995803833
import_flexible--p1--swm--clarabel,import_flexible,1,clarabel,469,7.789095739154448e-6,2.3272671012541934e-9,191.80104559196752,191.8001024048178,false,true,6.50600004196167
import_flexible--p1--swm--clarabel,import_flexible,1,clarabel,470,7.780712882220586e-6,2.3439789553769685e-9,191.80104545528263,191.8001024048178,false,true,6.51800012588501
import_flexible--p1--swm--clarabel,import_flexible,1,clarabel,471,7.77235710614953e-6,2.344023253275651e-9,191.80104531844853,191.8001024048178,false,true,6.5290000438690186
import_flexible--p1--swm--clarabel,import_flexible,1,clarabel,472,7.764029733973873e-6,2.3436270701893136e-9,191.8010451808211,191.8001024048178,false,true,6.54200005531311
import_flexible--p1--swm--clarabel,import_flexible,1,clarabel,473,7.755729072048387e-6,2.3178131636214516e-9,191.80104504790555,191.8001024048178,false,true,6.553999900817871
import_flexible--p1--swm--clarabel,import_flexible,1,clarabel,474,7.747456121440989e-6,2.3205269927828454e-9,191.80104491365623,191.8001024048178,false,true,6.566999912261963
import_flexible--p1--swm--clarabel,import_flexible,1,clarabel,475,7.739210107569262e-6,2.3169460794392194e-9,191.80104477974572,191.8001024048178,false,true,6.585000038146973
import_flexible--p1--swm--clarabel,import_flexible,1,clarabel,476,7.73099160118877e-6,2.310765467861131e-9,191.80104464617756,191.8001024048178,false,true,6.5970001220703125
import_flexible--p1--swm--clarabel,import_flexible,1,clarabel,477,7.722798997673989e-6,2.313135627485252e-9,191.80104451207717,191.8001024048178,false,true,6.608999967575073
import_flexible--p1--swm--clarabel,import_flexible,1,clarabel,478,7.714633471085767e-6,2.292814771376328e-9,191.8010443814154,191.8001024048178,false,true,6.621000051498413
import_flexible--p1--swm--clarabel,import_flexible,1,clarabel,479,7.706495426049932e-6,2.313368718809272e-9,191.80104424546107,191.8001024048178,false,true,6.632999897003174
import_flexible--p1--swm--clarabel,import_flexible,1,clarabel,480,7.698383950417341e-6,2.262375065065214e-9,191.80104411886055,191.8001024048178,false,true,6.644999980926514
import_flexible--p1--swm--clarabel,import_flexible,1,clarabel,481,7.690296962116104e-6,2.2886676998012945e-9,191.8010439871672,191.8001024048178,false,true,6.6579999923706055
import_flexible--p1--swm--clarabel,import_flexible,1,clarabel,482,7.682237198653411e-6,2.2555046719219263e-9,191.80104386123526,191.8001024048178,false,true,6.677999973297119
import_flexible--p1--swm--clarabel,import_flexible,1,clarabel,483,7.674202420204777e-6,2.279055666409846e-9,191.80104373047607,191.8001024048178,false,true,6.690999984741211
import_flexible--p1--swm--clarabel,import_flexible,1,clarabel,484,7.666194890313092e-6,2.282667277420103e-9,191.80104359805875,191.8001024048178,false,true,6.703000068664551
import_flexible--p1--swm--clarabel,import_flexible,1,clarabel,485,7.658213005463049e-6,2.237033280838574e-9,191.8010434738115,191.8001024048178,false,true,6.716000080108643
import_flexible--p1--swm--clarabel,import_flexible,1,clarabel,486,7.650255903616937e-6,2.24292073802701e-9,191.80104334790175,191.8001024048178,false,true,6.726999998092651
import_flexible--p1--swm--clarabel,import_flexible,1,clarabel,487,7.642324151240826e-6,2.2480862171825322e-9,191.8010432208349,191.8001024048178,false,true,6.740000009536743
import_flexible--p1--swm--clarabel,import_flexible,1,clarabel,488,7.634418278617599e-6,2.2399241905723954e-9,191.80104309452662,191.8001024048178,false,true,6.756999969482422
import_flexible--p1--swm--clarabel,import_flexible,1,clarabel,489,7.6265366022454364e-6,2.2577068548024215e-9,191.80104296471296,191.8001024048178,false,true,6.769999980926514
import_flexible--p1--swm--clarabel,import_flexible,1,clarabel,490,7.618680213776359e-6,2.217310668406469e-9,191.80104284246255,191.8001024048178,false,true,6.7820000648498535
import_flexible--p1--swm--clarabel,import_flexible,1,clarabel,491,7.610849418521697e-6,2.2366409835328227e-9,191.80104271506187,191.8001024048178,false,true,6.793999910354614
import_flexible--p1--swm--clarabel,import_flexible,1,clarabel,492,7.603043143450898e-6,2.190430503645757e-9,191.8010425963539,191.8001024048178,false,true,6.805999994277954
import_flexible--p1--swm--clarabel,import_flexible,1,clarabel,493,7.595261734196576e-6,2.2296733348525777e-9,191.8010424690451,191.8001024048178,false,true,6.818000078201294
import_flexible--p1--swm--clarabel,import_flexible,1,clarabel,494,7.5875031549124925e-6,2.2062323634663983e-9,191.80104234710228,191.8001024048178,false,true,6.831000089645386
import_flexible--p1--swm--clarabel,import_flexible,1,clarabel,495,7.5797699829813965e-6,2.1989922660559102e-9,191.80104222550654,191.8001024048178,false,true,6.848999977111816
import_flexible--p1--swm--clarabel,import_flexible,1,clarabel,496,7.572062199529499e-6,2.1808671535339386e-9,191.8010421060918,191.8001024048178,false,true,6.861000061035156
import_flexible--p1--swm--clarabel,import_flexible,1,clarabel,497,7.564376158332062e-6,2.1943689643144637e-9,191.80104198459358,191.8001024048178,false,true,6.874000072479248
import_flexible--p1--swm--clarabel,import_flexible,1,clarabel,498,7.556714427688197e-6,2.2027108470545897e-9,191.80104186133525,191.8001024048178,false,true,6.885999917984009
import_flexible--p1--swm--clarabel,import_flexible,1,clarabel,499,7.549078999388472e-6,2.17805301572227e-9,191.80104174098196,191.8001024048178,false,true,6.898000001907349
import_flexible--p1--swm--clarabel,import_flexible,1,clarabel,500,7.541465041338568e-6,2.179608049601711e-9,191.80104162058623,191.8001024048178,false,true,6.9100000858306885
import_flexible--p1--swm--clarabel,import_flexible,1,clarabel,501,7.533875430227271e-6,2.170869539686038e-9,191.80104150126195,191.8001024048178,false,true,6.927999973297119
import_flexible--p1--swm--clarabel,import_flexible,1,clarabel,502,7.526309293318353e-6,2.167526325091984e-9,191.8010413818795,191.8001024048178,false,true,6.940999984741211
import_flexible--p1--swm--clarabel,import_flexible,1,clarabel,503,7.518765330136936e-6,2.1381664216946206e-9,191.80104126847408,191.8001024048178,false,true,6.953000068664551
import_flexible--p1--swm--clarabel,import_flexible,1,clarabel,504,7.511245416859001e-6,2.1880213196823206e-9,191.8010411444239,191.8001024048178,false,true,6.966000080108643
import_flexible--p1--swm--clarabel,import_flexible,1,clarabel,505,7.503750428542151e-6,2.157810430336582e-9,191.80104102493402,191.8001024048178,false,true,6.976999998092651
import_flexible--p1--swm--clarabel,import_flexible,1,clarabel,506,7.496276092089359e-6,2.1359877755422474e-9,191.8010409101389,191.8001024048178,false,true,6.989000082015991
import_flexible--p1--swm--clarabel,import_flexible,1,clarabel,507,7.4888250307557725e-6,2.132162391088599e-9,191.80104079546808,191.8001024048178,false,true,7.002000093460083
import_flexible--p1--swm--clarabel,import_flexible,1,clarabel,508,7.481397031883218e-6,2.131112508685362e-9,191.80104068035612,191.8001024048178,false,true,7.019999980926514
import_flexible--p1--swm--clarabel,import_flexible,1,clarabel,509,7.4739915144718e-6,2.1193141130915194e-9,191.8010405671534,191.8001024048178,false,true,7.0329999923706055
import_flexible--p1--swm--clarabel,import_flexible,1,clarabel,510,7.466608180123851e-6,2.137626464726594e-9,191.8010404499277,191.8001024048178,false,true,7.043999910354614
import_flexible--p1--swm--clarabel,import_flexible,1,clarabel,511,7.459247481507573e-6,2.098740625733342e-9,191.80104033996355,191.8001024048178,false,true,7.055999994277954
import_flexible--p1--swm--clarabel,import_flexible,1,clarabel,512,7.4519083634064485e-6,2.145396971187097e-9,191.80104022045708,191.8001024048178,false,true,7.068000078201294
import_flexible--p1--swm--clarabel,import_flexible,1,clarabel,513,7.444592204061431e-6,2.1067720901157827e-9,191.80104010816845,191.8001024048178,false,true,7.081000089645386
import_flexible--p1--swm--clarabel,import_flexible,1,clarabel,514,7.4372990644338595e-6,2.0924995070004115e-9,191.8010399972436,191.8001024048178,false,true,7.0929999351501465
import_flexible--p1--swm--clarabel,import_flexible,1,clarabel,515,7.430025283462381e-6,2.104130036872931e-9,191.8010398846743,191.8001024048178,false,true,7.111999988555908
import_flexible--p1--swm--clarabel,import_flexible,1,clarabel,516,7.422775201664838e-6,2.0862828686851742e-9,191.8010397746034,191.8001024048178,false,true,7.122999906539917
import_flexible--p1--swm--clarabel,import_flexible,1,clarabel,517,7.415546197451419e-6,2.090299433543663e-9,191.80103966326817,191.8001024048178,false,true,7.134999990463257
import_flexible--p1--swm--clarabel,import_flexible,1,clarabel,518,7.408339941909631e-6,2.090746797911436e-9,191.80103955088643,191.8001024048178,false,true,7.147000074386597
import_flexible--p1--swm--clarabel,import_flexible,1,clarabel,519,7.4011534843190026e-6,2.083140937525485e-9,191.80103944037376,191.8001024048178,false,true,7.1600000858306885
import_flexible--p1--swm--clarabel,import_flexible,1,clarabel,520,7.393989137475949e-6,2.060290105188045e-9,191.80103933366297,191.8001024048178,false,true,7.171000003814697
import_flexible--p1--swm--clarabel,import_flexible,1,clarabel,521,7.386845081068894e-6,2.1008703665614803e-9,191.80103921888212,191.8001024048178,false,true,7.189000129699707
import_flexible--p1--swm--clarabel,import_flexible,1,clarabel,522,7.379724209096009e-6,2.0527449740015413e-9,191.80103911227275,191.8001024048178,false,true,7.200999975204468
import_flexible--p1--swm--clarabel,import_flexible,1,clarabel,523,7.372623105501978e-6,2.0636655717609642e-9,191.80103900328794,191.8001024048178,false,true,7.21399998664856
import_flexible--p1--swm--clarabel,import_flexible,1,clarabel,524,7.365542423804443e-6,2.0666354738629877e-9,191.80103889379546,191.8001024048178,false,true,7.227999925613403
import_flexible--p1--swm--clarabel,import_flexible,1,clarabel,525,7.358483332462675e-6,2.0424742452895828e-9,191.8010387884417,191.8001024048178,false,true,7.240000009536743
import_flexible--p1--swm--clarabel,import_flexible,1,clarabel,526,7.3514454421416425e-6,2.0458882921126076e-9,191.80103868131437,191.8001024048178,false,true,7.253000020980835
import_flexible--p1--swm--clarabel,import_flexible,1,clarabel,527,7.344426837555237e-6,2.056157077934273e-9,191.80103857259877,191.8001024048178,false,true,7.263999938964844
import_flexible--p1--swm--clarabel,import_flexible,1,clarabel,528,7.337430314295496e-6,2.0354495866570232e-9,191.80103846674098,191.8001024048178,false,true,7.283999919891357
import_flexible--p1--swm--clarabel,import_flexible,1,clarabel,529,7.330452412251437e-6,2.029148016280402e-9,191.80103836247685,191.8001024048178,false,true,7.296999931335449
import_flexible--p1--swm--clarabel,import_flexible,1,clarabel,530,7.323496869140264e-6,2.0379422593919116e-9,191.8010382550517,191.8001024048178,false,true,7.308000087738037
import_flexible--p1--swm--clarabel,import_flexible,1,clarabel,531,7.316560396229056e-6,2.0152099433623505e-9,191.80103815224146,191.8001024048178,false,true,7.319999933242798
import_flexible--p1--swm--clarabel,import_flexible,1,clarabel,532,7.30964439936295e-6,2.0134867662058298e-9,191.8010380490062,191.8001024048178,false,true,7.332000017166138
import_flexible--p1--swm--clarabel,import_flexible,1,clarabel,533,7.3027470233088074e-6,2.0420725665992734e-9,191.80103794063362,191.8001024048178,false,true,7.3440001010894775
import_flexible--p1--swm--clarabel,import_flexible,1,clarabel,534,7.29587132188645e-6,2.0009026657774598e-9,191.80103783922755,191.8001024048178,false,true,7.361999988555908
import_flexible--p1--swm--clarabel,import_flexible,1,clarabel,535,7.289014199945481e-6,2.0109101050991285e-9,191.8010377357499,191.8001024048178,false,true,7.374000072479248
import_flexible--p1--swm--clarabel,import_flexible,1,clarabel,536,7.282177913358157e-6,2.017033429169146e-9,191.80103763012698,191.8001024048178,false,true,7.384999990463257
import_flexible--p1--swm--clarabel,import_flexible,1,clarabel,537,7.275360500108069e-6,1.9659426864215845e-9,191.8010375346444,191.8001024048178,false,true,7.398000001907349
import_flexible--p1--swm--clarabel,import_flexible,1,clarabel,538,7.268563277121583e-6,2.0123466781818422e-9,191.80103742891873,191.8001024048178,false,true,7.4100000858306885
import_flexible--p1--swm--clarabel,import_flexible,1,clarabel,539,7.261785606171855e-6,1.9911507442849086e-9,191.80103732707937,191.8001024048178,false,true,7.421999931335449
import_flexible--p1--swm--clarabel,import_flexible,1,clarabel,540,7.255026432698405e-6,1.9561035013992978e-9,191.8010372320401,191.8001024048178,false,true,7.434000015258789
import_flexible--p1--swm--clarabel,import_flexible,1,clarabel,541,7.2482868578910784e-6,2.0069967354707785e-9,191.8010371262934,191.8001024048178,false,true,7.453000068664551
import_flexible--p1--swm--clarabel,import_flexible,1,clarabel,542,7.241566028442553e-6,1.991720954830356e-9,191.80103702383315,191.8001024048178,false,true,7.466000080108643
import_flexible--p1--swm--clarabel,import_flexible,1,clarabel,543,7.2348647700055056e-6,1.961662388083596e-9,191.8010369265729,191.8001024048178,false,true,7.477999925613403
import_flexible--p1--swm--clarabel,import_flexible,1,clarabel,544,7.22818345677556e-6,1.969057583650624e-9,191.80103682648024,191.8001024048178,false,true,7.490000009536743
import_flexible--p1--swm--clarabel,import_flexible,1,clarabel,545,7.221519906054251e-6,1.954428285877441e-9,191.80103672939327,191.8001024048178,false,true,7.502000093460083
import_flexible--p1--swm--clarabel,import_flexible,1,clarabel,546,7.214874734923719e-6,1.9750824309383574e-9,191.80103662820375,191.8001024048178,false,true,7.513999938964844
import_flexible--p1--swm--clarabel,import_flexible,1,clarabel,547,7.2082487138787466e-6,1.9296774178556575e-9,191.80103653556716,191.8001024048178,false,true,7.525000095367432
import_flexible--p1--swm--clarabel,import_flexible,1,clarabel,548,7.2016406158705655e-6,1.96618143988303e-9,191.80103643535588,191.8001024048178,false,true,7.545000076293945
import_flexible--p1--swm--clarabel,import_flexible,1,clarabel,549,7.195051295569046e-6,1.9557366837119616e-9,191.80103633712696,191.8001024048178,false,true,7.555999994277954
import_flexible--p1--swm--clarabel,import_flexible,1,clarabel,550,7.188481293047226e-6,1.9558236141747898e-9,191.80103623778956,191.8001024048178,false,true,7.569000005722046
import_flexible--p1--swm--clarabel,import_flexible,1,clarabel,551,7.181929400382455e-6,1.931644622032991e-9,191.80103614294842,191.8001024048178,false,true,7.581000089645386
import_flexible--p1--swm--clarabel,import_flexible,1,clarabel,552,7.175395819282069e-6,1.9570733922336103e-9,191.80103604243448,191.8001024048178,false,true,7.5929999351501465
import_flexible--p1--swm--clarabel,import_flexible,1,clarabel,553,7.168880076538739e-6,1.916065583973392e-9,191.8010359499654,191.8001024048178,false,true,7.608000040054321
import_flexible--p1--swm--clarabel,import_flexible,1,clarabel,554,7.1623825184915795e-6,1.9243384108413863e-9,191.80103585515775,191.8001024048178,false,true,7.627000093460083
import_flexible--p1--swm--clarabel,import_flexible,1,clarabel,555,7.155903478661684e-6,1.9442800702762497e-9,191.8010357558664,191.8001024048178,false,true,7.641000032424927
import_flexible--p1--swm--clarabel,import_flexible,1,clarabel,556,7.1494413084687896e-6,1.9203868495409893e-9,191.8010356616403,191.8001024048178,false,true,7.6549999713897705
import_flexible--p1--swm--clarabel,import_flexible,1,clarabel,557,7.142998360525948e-6,1.9034747111845718e-9,191.8010355694788,191.8001024048178,false,true,7.66700005531311
import_flexible--p1--swm--clarabel,import_flexible,1,clarabel,558,7.1365710208553575e-6,1.914957081794455e-9,191.80103547575777,191.8001024048178,false,true,7.680000066757202
import_flexible--p1--swm--clarabel,import_flexible,1,clarabel,559,7.130162009150175e-6,1.9039888554672757e-9,191.80103538383807,191.8001024048178,false,true,7.694000005722046
import_flexible--p1--swm--clarabel,import_flexible,1,clarabel,560,7.123772064970329e-6,1.9132034845270596e-9,191.8010352885975,191.8001024048178,false,true,7.707000017166138
import_flexible--p1--swm--clarabel,import_flexible,1,clarabel,561,7.117399032060848e-6,1.895947787655672e-9,191.80103519647747,191.8001024048178,false,true,7.726000070571899
import_flexible--p1--swm--clarabel,import_flexible,1,clarabel,562,7.111042670714485e-6,1.9138448048572343e-9,191.8010351009363,191.8001024048178,false,true,7.740000009536743
import_flexible--p1--swm--clarabel,import_flexible,1,clarabel,563,7.104704599585948e-6,1.8932566625551317e-9,191.80103500888836,191.8001024048178,false,true,7.752000093460083
import_flexible--p1--swm--clarabel,import_flexible,1,clarabel,564,7.098382182551593e-6,1.8743171459334462e-9,191.80103492082128,191.8001024048178,false,true,7.765000104904175
import_flexible--p1--swm--clarabel,import_flexible,1,clarabel,565,7.092078931953354e-6,1.901638735368749e-9,191.8010348259511,191.8001024048178,false,true,7.7790000438690186
import_flexible--p1--swm--clarabel,import_flexible,1,clarabel,566,7.085791505414349e-6,1.8680982316610084e-9,191.80103473807804,191.8001024048178,false,true,7.79200005531311
import_flexible--p1--swm--clarabel,import_flexible,1,clarabel,567,7.079520871856491e-6,1.884306877197872e-9,191.8010346465864,191.8001024048178,false,true,7.805000066757202
import_flexible--p1--swm--clarabel,import_flexible,1,clarabel,568,7.07326814553998e-6,1.8798823608889847e-9,191.80103455524278,191.8001024048178,false,true,7.825000047683716
import_flexible--p1--swm--clarabel,import_flexible,1,clarabel,569,7.0670318377566685e-6,1.8605059715071093e-9,191.80103446754873,191.8001024048178,false,true,7.837000131607056
import_flexible--p1--swm--clarabel,import_flexible,1,clarabel,570,7.060812653346782e-6,1.8667307144504264e-9,191.80103437784982,191.8001024048178,false,true,7.848999977111816
import_flexible--p1--swm--clarabel,import_flexible,1,clarabel,571,7.054608985010171e-6,1.8546890689918882e-9,191.80103429096062,191.8001024048178,false,true,7.861000061035156
import_flexible--p1--swm--clarabel,import_flexible,1,clarabel,572,7.0484239631720476e-6,1.865611332085848e-9,191.8010342004358,191.8001024048178,false,true,7.874000072479248
import_flexible--p1--swm--clarabel,import_flexible,1,clarabel,573,7.042254045968638e-6,1.8563766635004697e-9,191.80103411209205,191.8001024048178,false,true,7.88700008392334
import_flexible--p1--swm--clarabel,import_flexible,1,clarabel,574,7.036100551638391e-6,1.8546467139834988e-9,191.80103402382179,191.8001024048178,false,true,7.9059998989105225
import_flexible--p1--swm--clarabel,import_flexible,1,clarabel,575,7.029964015662056e-6,1.8614887409285075e-9,191.80103393353323,191.8001024048178,false,true,7.917999982833862
import_flexible--p1--swm--clarabel,import_flexible,1,clarabel,576,7.023843636912794e-6,1.8525865286278531e-9,191.80103384489874,191.8001024048178,false,true,7.930999994277954
import_flexible--p1--swm--clarabel,import_flexible,1,clarabel,577,7.0177400669401244e-6,1.8478690244627671e-9,191.80103375628426,191.8001024048178,false,true,7.944000005722046
import_flexible--p1--swm--clarabel,import_flexible,1,clarabel,578,7.011651840300119e-6,1.8319661898580364e-9,191.80103367096575,191.8001024048178,false,true,7.957000017166138
import_flexible--p1--swm--clarabel,import_flexible,1,clarabel,579,7.0055799221803055e-6,1.8452707695182369e-9,191.80103358248329,191.8001024048178,false,true,7.9700000286102295
import_flexible--p1--swm--clarabel,import_flexible,1,clarabel,580,6.999524604670268e-6,1.7909029814688893e-9,191.80103350433177,191.8001024048178,false,true,7.982000112533569
import_flexible--p1--swm--clarabel,import_flexible,1,clarabel,581,6.993484174746342e-6,1.8678337765365427e-9,191.80103341061732,191.8001024048178,false,true,8.003000020980835
import_flexible--p1--swm--clarabel,import_flexible,1,clarabel,582,6.987460980732087e-6,1.7985158362598952e-9,191.801033330289,191.8001024048178,false,true,8.015000104904175
import_flexible--p1--swm--clarabel,import_flexible,1,clarabel,583,6.981452500049395e-6,1.844569164077825e-9,191.80103324039024,191.8001024048178,false,true,8.028000116348267
import_flexible--p1--swm--clarabel,import_flexible,1,clarabel,584,6.975459800329097e-6,1.79710579750747e-9,191.8010331601683,191.8001024048178,false,true,8.041000127792358
import_flexible--p1--swm--clarabel,import_flexible,1,clarabel,585,6.969482543710143e-6,1.8139187374366372e-9,191.80103307599097,191.8001024048178,false,true,8.053999900817871
import_flexible--p1--swm--clarabel,import_flexible,1,clarabel,586,6.963521474344748e-6,1.8257463318960276e-9,191.80103298904356,191.8001024048178,false,true,8.065999984741211
import_flexible--p1--swm--clarabel,import_flexible,1,clarabel,587,6.957577002409852e-6,1.785169068124759e-9,191.80103290910876,191.8001024048178,false,true,8.085999965667725
import_flexible--p1--swm--clarabel,import_flexible,1,clarabel,588,6.951646976394165e-6,1.8164256210262408e-9,191.80103282265515,191.8001024048178,false,true,8.098000049591064
import_flexible--p1--swm--clarabel,import_flexible,1,clarabel,589,6.9457324551981286e-6,1.7911011007676336e-9,191.80103274125455,191.8001024048178,false,true,8.111000061035156
import_flexible--p1--swm--clarabel,import_flexible,1,clarabel,590,6.939832319313216e-6,1.8290566283774012e-9,191.80103265253516,191.8001024048178,false,true,8.122999906539917
import_flexible--p1--swm--clarabel,import_flexible,1,clarabel,591,6.933948954003132e-6,1.7858238776646829e-9,191.80103257163302,191.8001024048178,false,true,8.135999917984009
import_flexible--p1--swm--clarabel,import_flexible,1,clarabel,592,6.92807857910987e-6,1.78297032693564e-9,191.80103249178075,191.8001024048178,false,true,8.1489999294281
import_flexible--p1--swm--clarabel,import_flexible,1,clarabel,593,6.922225274299329e-6,1.78315562315845e-9,191.8010324106212,191.8001024048178,false,true,8.16100001335144
import_flexible--p1--swm--clarabel,import_flexible,1,clarabel,594,6.916387073517927e-6,1.7780629746333432e-9,191.8010323298758,191.8001024048178,false,true,8.180999994277954
import_flexible--p1--swm--clarabel,import_flexible,1,clarabel,595,6.910563252597464e-6,1.7854340228495857e-9,191.80103224769158,191.8001024048178,false,true,8.193000078201294
import_flexible--p1--swm--clarabel,import_flexible,1,clarabel,596,6.904754818106504e-6,1.7755066861191438e-9,191.80103216692333,191.8001024048178,false,true,8.206000089645386
import_flexible--p1--swm--clarabel,import_flexible,1,clarabel,597,6.89896066850195e-6,1.755505907308219e-9,191.8010320900841,191.8001024048178,false,true,8.219000101089478
import_flexible--p1--swm--clarabel,import_flexible,1,clarabel,598,6.89318241234557e-6,1.803550142565058e-9,191.8010320024419,191.8001024048178,false,true,8.230999946594238
import_flexible--p1--swm--clarabel,import_flexible,1,clarabel,599,6.887418159482663e-6,1.7493420600978027e-9,191.80103192612276,191.8001024048178,false,true,8.24399995803833
import_flexible--p1--swm--clarabel,import_flexible,1,clarabel,600,6.881667884024848e-6,1.7684201880641126e-9,191.80103184585926,191.8001024048178,false,true,8.256999969482422
import_flexible--p1--swm--clarabel,import_flexible,1,clarabel,601,6.875933345423296e-6,1.7689456566216677e-9,191.8010317646594,191.8001024048178,false,true,8.276999950408936
import_flexible--p1--swm--clarabel,import_flexible,1,clarabel,602,6.870213073641793e-6,1.7365419102688406e-9,191.80103168966446,191.8001024048178,false,true,8.291000127792358
import_flexible--p1--swm--clarabel,import_flexible,1,clarabel,603,6.864506293088626e-6,1.7543982377965506e-9,191.80103161117597,191.8001024048178,false,true,8.30299997329712
import_flexible--p1--swm--clarabel,import_flexible,1,clarabel,604,6.858815068374904e-6,1.7598749124658752e-9,191.8010315308093,191.8001024048178,false,true,8.315999984741211
import_flexible--p1--swm--clarabel,import_flexible,1,clarabel,605,6.853137851698337e-6,1.7478917202495836e-9,191.80103145269646,191.8001024048178,false,true,8.32800006866455
import_flexible--p1--swm--clarabel,import_flexible,1,clarabel,606,6.847473978842767e-6,1.7462714052562944e-9,191.80103137534246,191.8001024048178,false,true,8.342000007629395
import_flexible--p1--swm--clarabel,import_flexible,1,clarabel,607,6.84182579974662e-6,1.749385802884973e-9,191.8010312960427,191.8001024048178,false,true,8.361000061035156
import_flexible--p1--swm--clarabel,import_flexible,1,clarabel,608,6.83619088342519e-6,1.7428498644278534e-9,191.80103121827864,191.8001024048178,false,true,8.375
import_flexible--p1--swm--clarabel,import_flexible,1,clarabel,609,6.8305706641856965e-6,1.7265929241894185e-9,191.80103114315682,191.8001024048178,false,true,8.38700008392334
import_flexible--p1--swm--clarabel,import_flexible,1,clarabel,610,6.824964802602679e-6,1.7278182773416972e-9,191.8010310670236,191.8001024048178,false,true,8.3989999294281
import_flexible--p1--swm--clarabel,import_flexible,1,clarabel,611,6.8193726293125865e-6,1.7528779538977801e-9,191.80103098567224,191.8001024048178,false,true,8.411999940872192
import_flexible--p1--swm--clarabel,import_flexible,1,clarabel,612,6.813794184384376e-6,1.699148766132197e-9,191.80103091511,191.8001024048178,false,true,8.424999952316284
import_flexible--p1--swm--clarabel,import_flexible,1,clarabel,613,6.8082289488897106e-6,1.7482574277138951e-9,191.80103083454986,191.8001024048178,false,true,8.437000036239624
import_flexible--p1--swm--clarabel,import_flexible,1,clarabel,614,6.802678627424654e-6,1.7165177612632476e-9,191.8010307599157,191.8001024048178,false,true,8.497999906539917
import_flexible--p1--swm--clarabel,import_flexible,1,clarabel,615,6.797141375605971e-6,1.7063717105969545e-9,191.8010306869959,191.8001024048178,false,true,8.510999917984009
import_flexible--p1--swm--clarabel,import_flexible,1,clarabel,616,6.791618657111329e-6,1.7051762779551893e-9,191.80103061346608,191.8001024048178,false,true,8.523000001907349
import_flexible--p1--swm--clarabel,import_flexible,1,clarabel,617,6.786108472933705e-6,1.7124978657356849e-9,191.80103053872014,191.8001024048178,false,true,8.536999940872192
import_flexible--p1--swm--clarabel,import_flexible,1,clarabel,618,6.780613045638665e-6,1.7284421116592341e-9,191.801030459912,191.8001024048178,false,true,8.549999952316284
import_flexible--p1--swm--clarabel,import_flexible,1,clarabel,619,6.775131129354118e-6,1.673893190723419e-9,191.80103039183842,191.8001024048178,false,true,8.562999963760376
import_flexible--p1--swm--clarabel,import_flexible,1,clarabel,620,6.7696605573789e-6,1.706202623630304e-9,191.8010303178844,191.8001024048178,false,true,8.575999975204468
import_flexible--p1--swm--clarabel,import_flexible,1,clarabel,621,6.7642060570931175e-6,1.7095538873412863e-9,191.8010302418221,191.8001024048178,false,true,8.815999984741211
import_flexible--p1--swm--clarabel,import_flexible,1,clarabel,622,6.7587630906115495e-6,1.6980013506362468e-9,191.8010301686711,191.8001024048178,false,true,8.82800006866455
import_flexible--p1--swm--clarabel,import_flexible,1,clarabel,623,6.753334524731904e-6,1.7012709019326167e-9,191.8010300940151,191.8001024048178,false,true,8.841000080108643
import_flexible--p1--swm--clarabel,import_flexible,1,clarabel,624,6.747919073462666e-6,1.678283290118543e-9,191.80103002347568,191.8001024048178,false,true,8.852999925613403
import_flexible--p1--swm--clarabel,import_flexible,1,clarabel,625,6.742517026672975e-6,1.7040506783416731e-9,191.801029947203,191.8001024048178,false,true,8.864000082015991
import_flexible--p1--swm--clarabel,import_flexible,1,clarabel,626,6.737126724327085e-6,1.6821557480284355e-9,191.80102987618602,191.8001024048178,false,true,8.877000093460083
import_flexible--p1--swm--clarabel,import_flexible,1,clarabel,627,6.731750583229127e-6,1.6690012705211643e-9,191.80102980688787,191.8001024048178,false,true,8.888999938964844
import_flexible--p1--swm--clarabel,import_flexible,1,clarabel,628,6.726387194102365e-6,1.6887398146536725e-9,191.80102973336164,191.8001024048178,false,true,8.900000095367432
import_flexible--p1--swm--clarabel,import_flexible,1,clarabel,629,6.7210373407137905e-6,1.6753660125878866e-9,191.80102966198962,191.8001024048178,false,true,8.911999940872192
import_flexible--p1--swm--clarabel,import_flexible,1,clarabel,630,6.71569916919281e-6,1.6850579820371081e-9,191.80102958900696,191.8001024048178,false,true,8.92300009727478
import_flexible--p1--swm--clarabel,import_flexible,1,clarabel,631,6.710374908463541e-6,1.655045767101626e-9,191.80102952138787,191.8001024048178,false,true,8.936000108718872
import_flexible--p1--swm--clarabel,import_flexible,1,clarabel,632,6.705063241801473e-6,1.67229452507911e-9,191.80102944975238,191.8001024048178,false,true,8.947999954223633
import_flexible--p1--swm--clarabel,import_flexible,1,clarabel,633,6.6997645282123646e-6,1.6761676491228172e-9,191.80102937696572,191.8001024048178,false,true,8.95900011062622
import_flexible--p1--swm--clarabel,import_flexible,1,clarabel,634,6.694478722479857e-6,1.6386178525173989e-9,191.8010293114853,191.8001024048178,false,true,8.970999956130981
import_flexible--p1--swm--clarabel,import_flexible,1,clarabel,635,6.689204138831218e-6,1.6744644004695886e-9,191.8010292390192,191.8001024048178,false,true,8.983999967575073
import_flexible--p1--swm--clarabel,import_flexible,1,clarabel,636,6.683942613726724e-6,1.6776404154761337e-9,191.8010291659134,191.8001024048178,false,true,8.996999979019165
import_flexible--p1--swm--clarabel,import_flexible,1,clarabel,637,6.678695902479441e-6,1.6441648043041823e-9,191.80102909774598,191.8001024048178,false,true,9.009999990463257
import_flexible--p1--swm--clarabel,import_flexible,1,clarabel,638,6.673460419624113e-6,1.6274559477835737e-9,191.80102903287911,191.8001024048178,false,true,9.022000074386597
import_flexible--p1--swm--clarabel,import_flexible,1,clarabel,639,6.668235852733885e-6,1.662961768289506e-9,191.80102896156046,191.8001024048178,false,true,9.033999919891357
import_flexible--p1--swm--clarabel,import_flexible,1,clarabel,640,6.66302448079384e-6,1.6468140184855429e-9,191.8010288932571,191.8001024048178,false,true,9.04699993133545
import_flexible--p1--swm--clarabel,import_flexible,1,clarabel,641,6.657826311827864e-6,1.6405619085446688e-9,191.80102882528809,191.8001024048178,false,true,9.059999942779541
import_flexible--p1--swm--clarabel,import_flexible,1,clarabel,642,6.6526397646765086e-6,1.6347567743935087e-9,191.80102875847967,191.8001024048178,false,true,9.07200002670288
import_flexible--p1--swm--clarabel,import_flexible,1,clarabel,643,6.647466185081475e-6,1.6386939027945857e-9,191.8010286899948,191.8001024048178,false,true,9.085000038146973
import_flexible--p1--swm--clarabel,import_flexible,1,clarabel,644,6.642304999814431e-6,1.634363644420489e-9,191.80102862189636,191.8001024048178,false,true,9.098000049591064
import_flexible--p1--swm--clarabel,import_flexible,1,clarabel,645,6.637154735710349e-6,1.636743629518378e-9,191.80102855383672,191.8001024048178,false,true,9.109999895095825
import_flexible--p1--swm--clarabel,import_flexible,1,clarabel,646,6.632016266363359e-6,1.612688260710371e-9,191.80102849085108,191.8001024048178,false,true,9.122999906539917
import_flexible--p1--swm--clarabel,import_flexible,1,clarabel,647,6.626890950787369e-6,1.6612117792469405e-9,191.8010284169357,191.8001024048178,false,true,9.135999917984009
import_flexible--p1--swm--clarabel,import_flexible,1,clarabel,648,6.6217776095218115e-6,1.6031695970752935e-9,191.80102835490277,191.8001024048178,false,true,9.1489999294281
import_flexible--p1--swm--clarabel,import_flexible,1,clarabel,649,6.616676627814076e-6,1.6207071795726335e-9,191.80102828805366,191.8001024048178,false,true,9.161999940872192
import_flexible--p1--swm--clarabel,import_flexible,1,clarabel,650,6.611585993788648e-6,1.6101356359321528e-9,191.8010282243309,191.8001024048178,false,true,9.176000118255615
import_flexible--p1--swm--clarabel,import_flexible,1,clarabel,651,6.606508299917217e-6,1.6353856602258077e-9,191.8010281545737,191.8001024048178,false,true,9.189000129699707
import_flexible--p1--swm--clarabel,import_flexible,1,clarabel,652,6.601442188346563e-6,1.622799228329086e-9,191.80102808745755,191.8001024048178,false,true,9.20300006866455
import_flexible--p1--swm--clarabel,import_flexible,1,clarabel,653,6.5963877767603245e-6,1.6101013300406919e-9,191.80102802257932,191.8001024048178,false,true,9.214999914169312
import_flexible--p1--swm--clarabel,import_flexible,1,clarabel,654,6.59134628675708e-6,1.5863622082612494e-9,191.80102796132113,191.8001024048178,false,true,9.227999925613403
import_flexible--p1--swm--clarabel,import_flexible,1,clarabel,655,6.586314632068218e-6,1.6097549404570088e-9,191.80102789586988,191.8001024048178,false,true,9.240000009536743
import_flexible--p1--swm--clarabel,import_flexible,1,clarabel,656,6.581295798083449e-6,1.6076360798145117e-9,191.80102783022687,191.8001024048178,false,true,9.252000093460083
import_flexible--p1--swm--clarabel,import_flexible,1,clarabel,657,6.576288081216009e-6,1.6134145686130807e-9,191.8010277632803,191.8001024048178,false,true,9.265000104904175
import_flexible--p1--swm--clarabel,import_flexible,1,clarabel,658,6.5712919301473924e-6,1.577564634480666e-9,191.80102770349413,191.8001024048178,false,true,9.279000043869019
import_flexible--p1--swm--clarabel,import_flexible,1,clarabel,659,6.566306498584867e-6,1.6036044714340392e-9,191.80102763854768,191.8001024048178,false,true,9.29200005531311
import_flexible--p1--swm--clarabel,import_flexible,1,clarabel,660,6.561334129906449e-6,1.6004972347438695e-9,191.80102757313034,191.8001024048178,false,true,9.305000066757202
import_flexible--p1--swm--clarabel,import_flexible,1,clarabel,661,6.55637264000066e-6,1.588393083729045e-9,191.80102750993476,191.8001024048178,false,true,9.318000078201294
import_flexible--p1--swm--clarabel,import_flexible,1,clarabel,662,6.551421612786192e-6,1.578612185415551e-9,191.8010274490552,191.8001024048178,false,true,9.359999895095825
import_flexible--p1--swm--clarabel,import_flexible,1,clarabel,663,6.5464828949676495e-6,1.5901606142953995e-9,191.80102738492872,191.8001024048178,false,true,9.371999979019165
import_flexible--p1--swm--clarabel,import_flexible,1,clarabel,664,6.541555282861417e-6,1.598761845134078e-9,191.80102731887774,191.8001024048178,false,true,9.384000062942505
import_flexible--p1--swm--clarabel,import_flexible,1,clarabel,665,6.5366381767452024e-6,1.5686125176550547e-9,191.8010272593122,191.8001024048178,false,true,9.397000074386597
import_flexible--p1--swm--clarabel,import_flexible,1,clarabel,666,6.531733082283285e-6,1.6005787806250282e-9,191.8010271923219,191.8001024048178,false,true,9.410000085830688
import_flexible--p1--swm--clarabel,import_flexible,1,clarabel,667,6.5268385899970705e-6,1.5715839740693127e-9,191.80102713154434,191.8001024048178,false,true,9.42199993133545
import_flexible--p1--swm--clarabel,import_flexible,1,clarabel,668,6.521955469018791e-6,1.5539236564166004e-9,191.8010270737543,191.8001024048178,false,true,9.434000015258789
import_flexible--p1--swm--clarabel,import_flexible,1,clarabel,669,6.5170838564609915e-6,1.5834026867445061e-9,191.80102700904592,191.8001024048178,false,true,9.446000099182129
import_flexible--p1--swm--clarabel,import_flexible,1,clarabel,670,6.512221971324081e-6,1.5584177281979805e-9,191.80102695030791,191.8001024048178,false,true,9.457000017166138
import_flexible--p1--swm--clarabel,import_flexible,1,clarabel,671,6.507372072508197e-6,1.5769893169093052e-9,191.80102688692918,191.8001024048178,false,true,9.469000101089478
import_flexible--p1--swm--clarabel,import_flexible,1,clarabel,672,6.502533598190024e-6,1.558907058996084e-9,191.80102682656258,191.8001024048178,false,true,9.48200011253357
import_flexible--p1--swm--clarabel,import_flexible,1,clarabel,673,6.497704480024069e-6,1.5666220543053555e-9,191.80102676517788,191.8001024048178,false,true,9.493000030517578
import_flexible--p1--swm--clarabel,import_flexible,1,clarabel,674,6.492887711878109e-6,1.5669412434249352e-9,191.80102670263898,191.8001024048178,false,true,9.503999948501587
import_flexible--p1--swm--clarabel,import_flexible,1,clarabel,675,6.488080481658154e-6,1.5528123231689506e-9,191.8010266435419,191.8001024048178,false,true,9.516000032424927
import_flexible--p1--swm--clarabel,import_flexible,1,clarabel,676,6.483285569463587e-6,1.5614268211727733e-9,191.8010265814537,191.8001024048178,false,true,9.528000116348267
import_flexible--p1--swm--clarabel,import_flexible,1,clarabel,677,6.478500016348188e-6,1.5545888465418045e-9,191.8010265211624,191.8001024048178,false,true,9.539999961853027
import_flexible--p1--swm--clarabel,import_flexible,1,clarabel,678,6.473725039469645e-6,1.5337152659000708e-9,191.80102646528053,191.8001024048178,false,true,9.55299997329712
import_flexible--p1--swm--clarabel,import_flexible,1,clarabel,679,6.468961948285551e-6,1.5651623885837296e-9,191.80102640159566,191.8001024048178,false,true,9.565000057220459
import_flexible--p1--swm--clarabel,import_flexible,1,clarabel,680,6.464207702147365e-6,1.549324890603998e-9,191.801026342282,191.8001024048178,false,true,9.57800006866455
import_flexible--p1--swm--clarabel,import_flexible,1,clarabel,681,6.459465045677797e-6,1.518707992698154e-9,191.8010262883684,191.8001024048178,false,true,9.589999914169312
import_flexible--p1--swm--clarabel,import_flexible,1,clarabel,682,6.454733971811793e-6,1.5648919937660821e-9,191.80102622352268,191.8001024048178,false,true,9.602999925613403
import_flexible--p1--swm--clarabel,import_flexible,1,clarabel,683,6.450011885201172e-6,1.5313136869643529e-9,191.80102616656586,191.8001024048178,false,true,9.615999937057495
import_flexible--p1--swm--clarabel,import_flexible,1,clarabel,684,6.445300272787819e-6,1.5293218913470241e-9,191.80102610967407,191.8001024048178,false,true,9.628999948501587
import_flexible--p1--swm--clarabel,import_flexible,1,clarabel,685,6.44059964123715e-6,1.5372732531382383e-9,191.80102605065287,191.8001024048178,false,true,9.641000032424927
import_flexible--p1--swm--clarabel,import_flexible,1,clarabel,686,6.435908662470104e-6,1.534297189298428e-9,191.80102599245978,191.8001024048178,false,true,9.654000043869019
import_flexible--p1--swm--clarabel,import_flexible,1,clarabel,687,6.431228517612585e-6,1.5196797709116083e-9,191.80102593676787,191.8001024048178,false,true,9.66700005531311
import_flexible--p1--swm--clarabel,import_flexible,1,clarabel,688,6.426558583728546e-6,1.5386418250606937e-9,191.80102587671007,191.8001024048178,false,true,9.680000066757202
import_flexible--p1--swm--clarabel,import_flexible,1,clarabel,689,6.421899310862032e-6,1.52145213094812e-9,191.80102581977144,191.8001024048178,false,true,9.691999912261963
import_flexible--p1--swm--clarabel,import_flexible,1,clarabel,690,6.4172501920953e-6,1.5187242019543135e-9,191.80102576296173,191.8001024048178,false,true,9.704999923706055
import_flexible--p1--swm--clarabel,import_flexible,1,clarabel,691,6.4126105045217674e-6,1.5154769106295873e-9,191.80102570712535,191.8001024048178,false,true,9.719000101089478
import_flexible--p1--swm--clarabel,import_flexible,1,clarabel,692,6.407981066426269e-6,1.5295923416758228e-9,191.801025648161,191.8001024048178,false,true,9.733000040054321
import_flexible--p1--swm--clarabel,import_flexible,1,clarabel,693,6.4033620418694906e-6,1.5178341361554715e-9,191.80102559138032,191.8001024048178,false,true,9.746999979019165
import_flexible--p1--swm--clarabel,import_flexible,1,clarabel,694,6.398753630489715e-6,1.4998322583892332e-9,191.80102553732632,191.8001024048178,false,true,9.759000062942505
import_flexible--p1--swm--clarabel,import_flexible,1,clarabel,695,6.3941539439489725e-6,1.5210303017099136e-9,191.80102547947928,191.8001024048178,false,true,9.773000001907349
import_flexible--p1--swm--clarabel,import_flexible,1,clarabel,696,6.389565412929182e-6,1.4959026239935724e-9,191.80102542609734,191.8001024048178,false,true,9.78600001335144
import_flexible--p1--swm--clarabel,import_flexible,1,clarabel,697,6.384986131227873e-6,1.4952766802522888e-9,191.80102537261286,191.8001024048178,false,true,9.799000024795532
import_flexible--p1--swm--clarabel,import_flexible,1,clarabel,698,6.380417195745396e-6,1.5080649506948873e-9,191.80102531601528,191.8001024048178,false,true,9.838000059127808
import_flexible--p1--swm--clarabel,import_flexible,1,clarabel,699,6.375857947463456e-6,1.5176211398681971e-9,191.80102525741418,191.8001024048178,false,true,9.8510000705719
import_flexible--p1--swm--clarabel,import_flexible,1,clarabel,700,6.371307990537079e-6,1.5062857627867743e-9,191.80102520155353,191.8001024048178,false,true,9.864000082015991
import_flexible--p1--swm--clarabel,import_flexible,1,clarabel,701,6.3667683547485865e-6,1.499542989780167e-9,191.80102514638668,191.8001024048178,false,true,9.875999927520752
import_flexible--p1--swm--clarabel,import_flexible,1,clarabel,702,6.362238417212396e-6,1.50935269838115e-9,191.80102508898148,191.8001024048178,false,true,9.888000011444092
import_flexible--p1--swm--clarabel,import_flexible,1,clarabel,703,6.357719093004603e-6,1.461565257709907e-9,191.80102504052627,191.8001024048178,false,true,9.901000022888184
import_flexible--p1--swm--clarabel,import_flexible,1,clarabel,704,6.3532079625959845e-6,1.50722018199545e-9,191.80102498293675,191.8001024048178,false,true,9.913000106811523
import_flexible--p1--swm--clarabel,import_flexible,1,clarabel,705,6.348706702070055e-6,1.5026138666662803e-9,191.8010249266328,191.8001024048178,false,true,9.924000024795532
import_flexible--p1--swm--clarabel,import_flexible,1,clarabel,706,6.344215356693636e-6,1.4692687066997223e-9,191.8010248767323,191.8001024048178,false,true,9.937999963760376
import_flexible--p1--swm--clarabel,import_flexible,1,clarabel,707,6.339734350117738e-6,1.4842542750415078e-9,191.80102482254534,191.8001024048178,false,true,9.950999975204468
import_flexible--p1--swm--clarabel,import_flexible,1,clarabel,708,6.3352619303095015e-6,1.5060558355983744e-9,191.80102476429943,191.8001024048178,false,true,9.964999914169312
import_flexible--p1--swm--clarabel,import_flexible,1,clarabel,709,6.330799759323258e-6,1.4631366673789614e-9,191.80102471445377,191.8001024048178,false,true,9.976999998092651
import_flexible--p1--swm--clarabel,import_flexible,1,clarabel,710,6.326346399874374e-6,1.4844835360960928e-9,191.80102466011772,191.8001024048178,false,true,9.989000082015991
import_flexible--p1--swm--clarabel,import_flexible,1,clarabel,711,6.321902879676115e-6,1.478010158706411e-9,191.80102460680723,191.8001024048178,false,true,10.000999927520752
import_flexible--p1--swm--clarabel,import_flexible,1,clarabel,712,6.317468390385191e-6,1.480161881950437e-9,191.80102455304035,191.8001024048178,false,true,10.013999938964844
import_flexible--p1--swm--clarabel,import_flexible,1,clarabel,713,6.3130432737988996e-6,1.4444942464386656e-9,191.80102450654564,191.8001024048178,false,true,10.026000022888184
import_flexible--p1--swm--clarabel,import_flexible,1,clarabel,714,6.308627679948744e-6,1.4897815758807553e-9,191.8010244499839,191.8001024048178,false,true,10.039000034332275
import_flexible--p1--swm--clarabel,import_flexible,1,clarabel,715,6.304222872823637e-6,1.462957033293577e-9,191.8010243979317,191.8001024048178,false,true,10.051000118255615
import_flexible--p1--swm--clarabel,import_flexible,1,clarabel,716,6.299824564691792e-6,1.4796464054001035e-9,191.8010243437704,191.8001024048178,false,true,10.062999963760376
import_flexible--p1--swm--clarabel,import_flexible,1,clarabel,717,6.295437619440281e-6,1.4652989377417214e-9,191.80102429137256,191.8001024048178,false,true,10.07699990272522
import_flexible--p1--swm--clarabel,import_flexible,1,clarabel,718,6.291058469771131e-6,1.4584667362704806e-9,191.8010242409567,191.8001024048178,false,true,10.08899998664856
import_flexible--p1--swm--clarabel,import_flexible,1,clarabel,719,6.286689639978248e-6,1.4727954966708978e-9,191.80102418658333,191.8001024048178,false,true,10.101999998092651
import_flexible--p1--swm--clarabel,import_flexible,1,clarabel,720,6.282328622320143e-6,1.4627543620804317e-9,191.80102413502667,191.8001024048178,false,true,10.115000009536743
import_flexible--p1--swm--clarabel,import_flexible,1,clarabel,721,6.277978255081977e-6,1.443253572208647e-9,191.80102408627207,191.8001024048178,false,true,10.128999948501587
import_flexible--p1--swm--clarabel,import_flexible,1,clarabel,722,6.273635352579712e-6,1.4419492821993174e-9,191.80102403835593,191.8001024048178,false,true,10.141999959945679
import_flexible--p1--swm--clarabel,import_flexible,1,clarabel,723,6.269303227617923e-6,1.4720012986302322e-9,191.80102398286866,191.8001024048178,false,true,10.155999898910522
import_flexible--p1--swm--clarabel,import_flexible,1,clarabel,724,6.264979067093324e-6,1.436267937915403e-9,191.8010239353302,191.8001024048178,false,true,10.184999942779541
import_flexible--p1--swm--clarabel,import_flexible,1,clarabel,725,6.260663838363423e-6,1.4534745629291024e-9,191.80102388392618,191.8001024048178,false,true,10.19700002670288
import_flexible--p1--swm--clarabel,import_flexible,1,clarabel,726,6.256358481585263e-6,1.4467967379694358e-9,191.8010238331308,191.8001024048178,false,true,10.210000038146973
import_flexible--p1--swm--clarabel,import_flexible,1,clarabel,727,6.252061937151896e-6,1.4354177846342964e-9,191.80102378434964,191.8001024048178,false,true,10.222000122070312
import_flexible--p1--swm--clarabel,import_flexible,1,clarabel,728,6.2477725824219075e-6,1.4553216964863225e-9,191.80102373246763,191.8001024048178,false,true,10.233000040054321
import_flexible--p1--swm--clarabel,import_flexible,1,clarabel,729,6.243493863325708e-6,1.4560919692208074e-9,191.80102367938125,191.8001024048178,false,true,10.245000123977661
import_flexible--p1--swm--clarabel,import_flexible,1,clarabel,730,6.2392229734718115e-6,1.4365124090254255e-9,191.80102363059734,191.8001024048178,false,true,10.256999969482422
import_flexible--p1--swm--clarabel,import_flexible,1,clarabel,731,6.234961271773203e-6,1.4045806184803666e-9,191.80102358790072,191.8001024048178,false,true,10.269000053405762
import_flexible--p1--swm--clarabel,import_flexible,1,clarabel,732,6.23070735460519e-6,1.462283960584898e-9,191.80102353343253,191.8001024048178,false,true,10.282000064849854
import_flexible--p1--swm--clarabel,import_flexible,1,clarabel,733,6.226464235466315e-6,1.4205411846823779e-9,191.8010234864511,191.8001024048178,false,true,10.292999982833862
import_flexible--p1--swm--clarabel,import_flexible,1,clarabel,734,6.222228395706559e-6,1.4501482792361742e-9,191.80102343352303,191.8001024048178,false,true,10.305999994277954
import_flexible--p1--swm--clarabel,import_flexible,1,clarabel,735,6.2180015085834155e-6,1.4362900313535931e-9,191.8010233835042,191.8001024048178,false,true,10.318000078201294
import_flexible--p1--swm--clarabel,import_flexible,1,clarabel,736,6.213783439658968e-6,1.4192811370605796e-9,191.8010233365157,191.8001024048178,false,true,10.329999923706055
import_flexible--p1--swm--clarabel,import_flexible,1,clarabel,737,6.2095733129167865e-6,1.4231275047293934e-9,191.80102328896908,191.8001024048178,false,true,10.342000007629395
import_flexible--p1--swm--clarabel,import_flexible,1,clarabel,738,6.205372692459253e-6,1.434545149336941e-9,191.80102323815788,191.8001024048178,false,true,10.354000091552734
import_flexible--p1--swm--clarabel,import_flexible,1,clarabel,739,6.201179792694491e-6,1.412205796746946e-9,191.80102319240288,191.8001024048178,false,true,10.367000102996826
import_flexible--p1--swm--clarabel,import_flexible,1,clarabel,740,6.196996301211964e-6,1.4338336074004587e-9,191.80102314120097,191.8001024048178,false,true,10.380000114440918
import_flexible--p1--swm--clarabel,import_flexible,1,clarabel,741,6.192820197304837e-6,1.4005503423675236e-9,191.80102309764905,191.8001024048178,false,true,10.39300012588501
import_flexible--p1--swm--clarabel,import_flexible,1,clarabel,742,6.188652936778283e-6,1.4304504247775185e-9,191.80102304727984,191.8001024048178,false,true,10.405999898910522
import_flexible--p1--swm--clarabel,import_flexible,1,clarabel,743,6.184495882380599e-6,1.3844928536954626e-9,191.80102300507727,191.8001024048178,false,true,10.417999982833862
import_flexible--p1--swm--clarabel,import_flexible,1,clarabel,744,6.180344514646178e-6,1.441634034371475e-9,191.80102295193504,191.8001024048178,false,true,10.446000099182129
import_flexible--p1--swm--clarabel,import_flexible,1,clarabel,745,6.176202434230146e-6,1.4054635233406998e-9,191.8010229065668,191.8001024048178,false,true,10.45799994468689
import_flexible--p1--swm--clarabel,import_flexible,1,clarabel,746,6.172069487719866e-6,1.3976677037952356e-9,191.8010228615511,191.8001024048178,false,true,10.47000002861023
import_flexible--p1--swm--clarabel,import_flexible,1,clarabel,747,6.1679447670033705e-6,1.4111644630609987e-9,191.8010228133535,191.8001024048178,false,true,10.48200011253357
import_flexible--p1--swm--clarabel,import_flexible,1,clarabel,748,6.163827780100464e-6,1.3960310685234845e-9,191.80102276867697,191.8001024048178,false,true,10.49399995803833
import_flexible--p1--swm--clarabel,import_flexible,1,clarabel,749,6.159718198082344e-6,1.4162470640677327e-9,191.80102272009765,191.8001024048178,false,true,10.50600004196167
import_flexible--p1--swm--clarabel,import_flexible,1,clarabel,750,6.1556185755721895e-6,1.406302740925014e-9,191.8010226725562,191.8001024048178,false,true,10.519000053405762
import_flexible--p1--swm--clarabel,import_flexible,1,clarabel,751,6.151526858909729e-6,1.3941244270121445e-9,191.80102262711983,191.8001024048178,false,true,10.530999898910522
import_flexible--p1--swm--clarabel,import_flexible,1,clarabel,752,6.147441834368872e-6,1.4148179849904352e-9,191.80102257822395,191.8001024048178,false,true,10.543999910354614
import_flexible--p1--swm--clarabel,import_flexible,1,clarabel,753,6.143367221398612e-6,1.3815260047067568e-9,191.80102253473729,191.8001024048178,false,true,10.555999994277954
import_flexible--p1--swm--clarabel,import_flexible,1,clarabel,754,6.139298924688997e-6,1.4032301987043638e-9,191.80102248734764,191.8001024048178,false,true,10.569000005722046
import_flexible--p1--swm--clarabel,import_flexible,1,clarabel,755,6.1352394946746385e-6,1.3880346316774705e-9,191.80102244278862,191.8001024048178,false,true,10.579999923706055
import_flexible--p1--swm--clarabel,import_flexible,1,clarabel,756,6.131187335662262e-6,1.405427829670458e-9,191.80102239473118,191.8001024048178,false,true,10.592000007629395
import_flexible--p1--swm--clarabel,import_flexible,1,clarabel,757,6.127143671571824e-6,1.375583147389392e-9,191.80102235275848,191.8001024048178,false,true,10.605000019073486
import_flexible--p1--swm--clarabel,import_flexible,1,clarabel,758,6.123108600758991e-6,1.390548176605222e-9,191.80102230657673,191.8001024048178,false,true,10.617000102996826
import_flexible--p1--swm--clarabel,import_flexible,1,clarabel,759,6.119081277940323e-6,1.387254866536125e-9,191.80102226108687,191.8001024048178,false,true,10.628999948501587
import_flexible--p1--swm--clarabel,import_flexible,1,clarabel,760,6.1150606603136115e-6,1.3773909790515404e-9,191.80102221836253,191.8001024048178,false,true,10.640000104904175
import_flexible--p1--swm--clarabel,import_flexible,1,clarabel,761,6.111049850346636e-6,1.3816867094895713e-9,191.80102217339743,191.8001024048178,false,true,10.664999961853027
import_flexible--p1--swm--clarabel,import_flexible,1,clarabel,762,6.107046177448373e-6,1.3865306125460108e-9,191.80102212736136,191.8001024048178,false,true,10.677000045776367
import_flexible--p1--swm--clarabel,import_flexible,1,clarabel,763,6.103049811735271e-6,1.3793777231541071e-9,191.80102208325602,191.8001024048178,false,true,10.689000129699707
import_flexible--p1--swm--clarabel,import_flexible,1,clarabel,764,6.099062229602093e-6,1.3686692335035389e-9,191.8010220406086,191.8001024048178,false,true,10.700000047683716
import_flexible--p1--swm--clarabel,import_flexible,1,clarabel,765,6.095081673868579e-6,1.393125281801133e-9,191.80102199296866,191.8001024048178,false,true,10.710999965667725
import_flexible--p1--swm--clarabel,import_flexible,1,clarabel,766,6.091108714684716e-6,1.3647380447956436e-9,191.801021951608,191.8001024048178,false,true,10.723999977111816
import_flexible--p1--swm--clarabel,import_flexible,1,clarabel,767,6.087144177097607e-6,1.3757471828412804e-9,191.80102190709727,191.8001024048178,false,true,10.736999988555908
import_flexible--p1--swm--clarabel,import_flexible,1,clarabel,768,6.083187153954112e-6,1.3516107677524758e-9,191.80102186762005,191.8001024048178,false,true,10.749000072479248
import_flexible--p1--swm--clarabel,import_flexible,1,clarabel,769,6.079237849484801e-6,1.4012900839688314e-9,191.8010218171932,191.8001024048178,false,true,10.760999917984009
import_flexible--p1--swm--clarabel,import_flexible,1,clarabel,770,6.075297031913542e-6,1.343744726600704e-9,191.80102177852547,191.8001024048178,false,true,10.773000001907349
import_flexible--p1--swm--clarabel,import_flexible,1,clarabel,771,6.071362981353477e-6,1.3660148567851138e-9,191.80102173506884,191.8001024048178,false,true,10.785000085830688
import_flexible--p1--swm--clarabel,import_flexible,1,clarabel,772,6.067436342490931e-6,1.3680211963240652e-9,191.8010216914488,191.8001024048178,false,true,10.79699993133545
import_flexible--p1--swm--clarabel,import_flexible,1,clarabel,773,6.063517864776909e-6,1.3660222397682276e-9,191.80102164782002,191.8001024048178,false,true,10.809000015258789
import_flexible--p1--swm--clarabel,import_flexible,1,clarabel,774,6.0596072535985934e-6,1.347975397969492e-9,191.80102160743184,191.8001024048178,false,true,10.831000089645386
import_flexible--p1--swm--clarabel,import_flexible,1,clarabel,775,6.055704297004315e-6,1.3677243226872804e-9,191.8010215623805,191.8001024048178,false,true,10.842999935150146
import_flexible--p1--swm--clarabel,import_flexible,1,clarabel,776,6.051807164337235e-6,1.3483008043380096e-9,191.8010215227061,191.8001024048178,false,true,10.855999946594238
import_flexible--p1--swm--clarabel,import_flexible,1,clarabel,777,6.047919406090587e-6,1.3478027027780115e-9,191.80102148168606,191.8001024048178,false,true,10.868000030517578
import_flexible--p1--swm--clarabel,import_flexible,1,clarabel,778,6.044038592238494e-6,1.373871905130386e-9,191.80102143506252,191.8001024048178,false,true,10.880000114440918
import_flexible--p1--swm--clarabel,import_flexible,1,clarabel,779,6.040165067000557e-6,1.341971755941529e-9,191.80102139542012,191.8001024048178,false,true,10.89300012588501
import_flexible--p1--swm--clarabel,import_flexible,1,clarabel,780,6.036298872464323e-6,1.3538706822302515e-9,191.80102135297318,191.8001024048178,false,true,10.90499997138977
import_flexible--p1--swm--clarabel,import_flexible,1,clarabel,781,6.0324405080282935e-6,1.361702584024016e-9,191.80102130841493,191.8001024048178,false,true,10.916000127792358
import_flexible--p1--swm--clarabel,import_flexible,1,clarabel,782,6.028589390472128e-6,1.3370491935837947e-9,191.80102126902852,191.8001024048178,false,true,10.928999900817871
import_flexible--p1--swm--clarabel,import_flexible,1,clarabel,783,6.024745960907619e-6,1.3417773003787659e-9,191.80102122792863,191.8001024048178,false,true,10.941999912261963
import_flexible--p1--swm--clarabel,import_flexible,1,clarabel,784,6.020908703880339e-6,1.3772635254483134e-9,191.8010211801523,191.8001024048178,false,true,10.95300006866455
import_flexible--p1--swm--clarabel,import_flexible,1,clarabel,785,6.017079975434941e-6,1.3122835040846326e-9,191.8010211454966,191.8001024048178,false,true,10.974999904632568
import_flexible--p1--swm--clarabel,import_flexible,1,clarabel,786,6.013257991947669e-6,1.3439712120977276e-9,191.80102110360238,191.8001024048178,false,true,10.986999988555908
import_flexible--p1--swm--clarabel,import_flexible,1,clarabel,787,6.009443977994522e-6,1.3368918749812053e-9,191.80102106287413,191.8001024048178,false,true,10.999000072479248
import_flexible--p1--swm--clarabel,import_flexible,1,clarabel,788,6.005635517225549e-6,1.3394422793133742e-9,191.80102102252954,191.8001024048178,false,true,11.01200008392334
import_flexible--p1--swm--clarabel,import_flexible,1,clarabel,789,6.001835463973683e-6,1.3188352077087018e-9,191.8010209857394,191.8001024048178,false,true,11.023000001907349
import_flexible--p1--swm--clarabel,import_flexible,1,clarabel,790,5.998042694138111e-6,1.349485523327587e-9,191.80102094194427,191.8001024048178,false,true,11.03600001335144
import_flexible--p1--swm--clarabel,import_flexible,1,clarabel,791,5.994258112853387e-6,1.3357990269469155e-9,191.80102090016698,191.8001024048178,false,true,11.04800009727478
import_flexible--p1--swm--clarabel,import_flexible,1,clarabel,792,5.990478602562793e-6,1.3380554442221637e-9,191.8010208591085,191.8001024048178,false,true,11.059999942779541
import_flexible--p1--swm--clarabel,import_flexible,1,clarabel,793,5.986707183274814e-6,1.342579325491755e-9,191.80102081656335,191.8001024048178,false,true,11.07200002670288
import_flexible--p1--swm--clarabel,import_flexible,1,clarabel,794,5.982943210101268e-6,1.3218271477377641e-9,191.80102077787092,191.8001024048178,false,true,11.085999965667725
import_flexible--p1--swm--clarabel,import_flexible,1,clarabel,795,5.9791860064621485e-6,1.3206528093334668e-9,191.80102073918806,191.8001024048178,false,true,11.105999946594238
import_flexible--p1--swm--clarabel,import_flexible,1,clarabel,796,5.975435514878184e-6,1.3306749591102118e-9,191.8010206985138,191.8001024048178,false,true,11.11899995803833
import_flexible--p1--swm--clarabel,import_flexible,1,clarabel,797,5.971692665009762e-6,1.3210682547892816e-9,191.80102065947992,191.8001024048178,false,true,11.130000114440918
import_flexible--p1--swm--clarabel,import_flexible,1,clarabel,798,5.967957240514788e-6,1.3155349032345498e-9,191.8010206208462,191.8001024048178,false,true,11.14300012588501
import_flexible--p1--swm--clarabel,import_flexible,1,clarabel,799,5.964226846389874e-6,1.32345362446884e-9,191.8010205818785,191.8001024048178,false,true,11.15499997138977
import_flexible--p1--swm--clarabel,import_flexible,1,clarabel,800,5.9605053208274095e-6,1.3260708642270913e-9,191.80102054104924,191.8001024048178,false,true,11.167999982833862
import_flexible--p1--swm--clarabel,import_flexible,1,clarabel,801,5.9567907565651686e-6,1.317714048987284e-9,191.80102050147764,191.8001024048178,false,true,11.178999900817871
import_flexible--p1--swm--clarabel,import_flexible,1,clarabel,802,5.953082118774362e-6,1.3298218637380899e-9,191.80102045976253,191.8001024048178,false,true,11.191999912261963
import_flexible--p1--swm--clarabel,import_flexible,1,clarabel,803,5.949380307744934e-6,1.2974668561760438e-9,191.80102042520002,191.8001024048178,false,true,11.210999965667725
import_flexible--p1--swm--clarabel,import_flexible,1,clarabel,804,5.945686523123327e-6,1.2983387698284332e-9,191.80102038909752,191.8001024048178,false,true,11.222000122070312
import_flexible--p1--swm--clarabel,import_flexible,1,clarabel,805,5.94199855132669e-6,1.340405009209178e-9,191.80102034458727,191.8001024048178,false,true,11.234999895095825
import_flexible--p1--swm--clarabel,import_flexible,1,clarabel,806,5.938318486841221e-6,1.293112783518069e-9,191.80102030948905,191.8001024048178,false,true,11.246999979019165
import_flexible--p1--swm--clarabel,import_flexible,1,clarabel,807,5.934643604725438e-6,1.3118812147716596e-9,191.80102027105062,191.8001024048178,false,true,11.257999897003174
import_flexible--p1--swm--clarabel,import_flexible,1,clarabel,808,5.9309771352741585e-6,1.3038632951101192e-9,191.8010202332103,191.8001024048178,false,true,11.269999980926514
import_flexible--p1--swm--clarabel,import_flexible,1,clarabel,809,5.9273165642359515e-6,1.3000396870133102e-9,191.8010201965592,191.8001024048178,false,true,11.282999992370605
import_flexible--p1--swm--clarabel,import_flexible,1,clarabel,810,5.923663473476765e-6,1.2966434037586794e-9,191.80102015977295,191.8001024048178,false,true,11.302000045776367
import_flexible--p1--swm--clarabel,import_flexible,1,clarabel,811,5.920015875747853e-6,1.3166774337491916e-9,191.80102011947582,191.8001024048178,false,true,11.312999963760376
import_flexible--p1--swm--clarabel,import_flexible,1,clarabel,812,5.916376257040425e-6,1.2951069106037494e-9,191.80102008297848,191.8001024048178,false,true,11.325000047683716
import_flexible--p1--swm--clarabel,import_flexible,1,clarabel,813,5.91274252438222e-6,1.2919890712836946e-9,191.8010200472453,191.8001024048178,false,true,11.337000131607056
import_flexible--p1--swm--clarabel,import_flexible,1,clarabel,814,5.909116062927857e-6,1.3183464875332618e-9,191.80102000524838,191.8001024048178,false,true,11.349999904632568
import_flexible--p1--swm--clarabel,import_flexible,1,clarabel,815,5.905495447453759e-6,1.2862148568437703e-9,191.80101997076892,191.8001024048178,false,true,11.361999988555908
import_flexible--p1--swm--clarabel,import_flexible,1,clarabel,816,5.901882657840831e-6,1.3051056346746748e-9,191.80101993099296,191.8001024048178,false,true,11.374000072479248
import_flexible--p1--swm--clarabel,import_flexible,1,clarabel,817,5.898275750441813e-6,1.2724351017290303e-9,191.80101989848998,191.8001024048178,false,true,11.38700008392334
import_flexible--p1--swm--clarabel,import_flexible,1,clarabel,818,5.894675118326117e-6,1.3099943907413092e-9,191.80101985793857,191.8001024048178,false,true,11.405999898910522
import_flexible--p1--swm--clarabel,import_flexible,1,clarabel,819,5.8910805770453285e-6,1.2935725268725662e-9,191.80101982157754,191.8001024048178,false,true,11.417999982833862
import_flexible--p1--swm--clarabel,import_flexible,1,clarabel,820,5.887494929054684e-6,1.2788992087564566e-9,191.80101978619308,191.8001024048178,false,true,11.428999900817871
import_flexible--p1--swm--clarabel,import_flexible,1,clarabel,821,5.883913838680951e-6,1.2856683495598986e-9,191.80101975021637,191.8001024048178,false,true,11.440000057220459
import_flexible--p1--swm--clarabel,import_flexible,1,clarabel,822,5.880339783538201e-6,1.281439176992194e-9,191.80101971472453,191.8001024048178,false,true,11.453999996185303
import_flexible--p1--swm--clarabel,import_flexible,1,clarabel,823,5.876771993585837e-6,1.3144997867975405e-9,191.801019672349,191.8001024048178,false,true,11.466000080108643
import_flexible--p1--swm--clarabel,import_flexible,1,clarabel,824,5.8732107471365875e-6,1.2896188561484223e-9,191.8010196353573,191.8001024048178,false,true,11.479000091552734
import_flexible--p1--swm--clarabel,import_flexible,1,clarabel,825,5.86965583415644e-6,1.2551911177105524e-9,191.8010196053907,191.8001024048178,false,true,11.497999906539917
import_flexible--p1--swm--clarabel,import_flexible,1,clarabel,826,5.866107303192419e-6,1.2789369563392938e-9,191.80101956993178,191.8001024048178,false,true,11.509999990463257
import_flexible--p1--swm--clarabel,import_flexible,1,clarabel,827,5.862565348230769e-6,1.2825392414761438e-9,191.8010195336727,191.8001024048178,false,true,11.522000074386597
import_flexible--p1--swm--clarabel,import_flexible,1,clarabel,828,5.859029500353652e-6,1.3019531563962516e-9,191.80101949326811,191.8001024048178,false,true,11.532999992370605
import_flexible--p1--swm--clarabel,import_flexible,1,clarabel,829,5.855501265174887e-6,1.24225479902762e-9,191.80101946462582,191.8001024048178,false,true,11.546000003814697
import_flexible--p1--swm--clarabel,import_flexible,1,clarabel,830,5.851978509199071e-6,1.289630291445576e-9,191.8010194256085,191.8001024048178,false,true,11.556999921798706
import_flexible--p1--swm--clarabel,import_flexible,1,clarabel,831,5.84846098343346e-6,1.2878364485935379e-9,191.801019388261,191.8001024048178,false,true,11.569000005722046
import_flexible--p1--swm--clarabel,import_flexible,1,clarabel,832,5.8449512890296705e-6,1.266761917584347e-9,191.80101935416974,191.8001024048178,false,true,11.587000131607056
import_flexible--p1--swm--clarabel,import_flexible,1,clarabel,833,5.84144732372994e-6,1.2666573345754273e-9,191.80101932011524,191.8001024048178,false,true,11.598999977111816
import_flexible--p1--swm--clarabel,import_flexible,1,clarabel,834,5.837949537527849e-6,1.2594126852505383e-9,191.80101928753425,191.8001024048178,false,true,11.611000061035156
import_flexible--p1--swm--clarabel,import_flexible,1,clarabel,835,5.8344586792183595e-6,1.2736747212471755e-9,191.80101925111356,191.8001024048178,false,true,11.621999979019165
import_flexible--p1--swm--clarabel,import_flexible,1,clarabel,836,5.830973768575472e-6,1.2709183150327874e-9,191.8010192152947,191.8001024048178,false,true,11.634000062942505
import_flexible--p1--swm--clarabel,import_flexible,1,clarabel,837,5.827494642396402e-6,1.2705310692417981e-9,191.80101917984922,191.8001024048178,false,true,11.644999980926514
import_flexible--p1--swm--clarabel,import_flexible,1,clarabel,838,5.824021893994426e-6,1.2755156375554577e-9,191.80101914314142,191.8001024048178,false,true,11.657000064849854
import_flexible--p1--swm--clarabel,import_flexible,1,clarabel,839,5.820555455696404e-6,1.2358556400471343e-9,191.80101911461594,191.8001024048178,false,true,11.677000045776367
import_flexible--p1--swm--clarabel,import_flexible,1,clarabel,840,5.817095306357635e-6,1.2593265319438274e-9,191.80101908031168,191.8001024048178,false,true,11.689000129699707
import_flexible--p1--swm--clarabel,import_flexible,1,clarabel,841,5.813640749817817e-6,1.2800056015116468e-9,191.80101904215118,191.8001024048178,false,true,11.700000047683716
import_flexible--p1--swm--clarabel,import_flexible,1,clarabel,842,5.810192253935026e-6,1.2615644084945643e-9,191.80101900810337,191.8001024048178,false,true,11.712000131607056
import_flexible--p1--swm--clarabel,import_flexible,1,clarabel,843,5.8067501676725435e-6,1.2519973946467644e-9,191.80101897560684,191.8001024048178,false,true,11.723000049591064
import_flexible--p1--swm--clarabel,import_flexible,1,clarabel,844,5.8033153019978255e-6,1.2604754462408607e-9,191.80101893997875,191.8001024048178,false,true,11.734999895095825
import_flexible--p1--swm--clarabel,import_flexible,1,clarabel,845,5.7998849994406685e-6,1.24325838513073e-9,191.80101890894923,191.8001024048178,false,true,11.753999948501587
import_flexible--p1--swm--clarabel,import_flexible,1,clarabel,846,5.796460727917769e-6,1.2625875900340588e-9,191.80101887376816,191.8001024048178,false,true,11.766000032424927
import_flexible--p1--swm--clarabel,import_flexible,1,clarabel,847,5.793043255097884e-6,1.25026278219309e-9,191.80101884073468,191.8001024048178,false,true,11.779000043869019
import_flexible--p1--swm--clarabel,import_flexible,1,clarabel,848,5.78963168725148e-6,1.2561103268637908e-9,191.80101880601364,191.8001024048178,false,true,11.792999982833862
import_flexible--p1--swm--clarabel,import_flexible,1,clarabel,849,5.7862254209723405e-6,1.2394905657409083e-9,191.80101877529773,191.8001024048178,false,true,11.805999994277954
import_flexible--p1--swm--clarabel,import_flexible,1,clarabel,850,5.782825734480421e-6,1.2379454128463863e-9,191.80101874432498,191.8001024048178,false,true,11.819000005722046
import_flexible--p1--swm--clarabel,import_flexible,1,clarabel,851,5.7794325891702405e-6,1.2376356606225158e-9,191.80101871246723,191.8001024048178,false,true,11.829999923706055
import_flexible--p1--swm--clarabel,import_flexible,1,clarabel,852,5.776044624513946e-6,1.2768504031868133e-9,191.80101867267373,191.8001024048178,false,true,11.849999904632568
import_flexible--p1--swm--clarabel,import_flexible,1,clarabel,853,5.772662869536886e-6,1.211978073456521e-9,191.8010186468972,191.8001024048178,false,true,11.861999988555908
import_flexible--p1--swm--clarabel,import_flexible,1,clarabel,854,5.769285888922549e-6,1.2651095726567974e-9,191.80101860978564,191.8001024048178,false,true,11.875
import_flexible--p1--swm--clarabel,import_flexible,1,clarabel,855,5.765915934051836e-6,1.2386187075996702e-9,191.801018578127,191.8001024048178,false,true,11.88700008392334
import_flexible--p1--swm--clarabel,import_flexible,1,clarabel,856,5.762551657971893e-6,1.24037025095447e-9,191.80101854563787,191.8001024048178,false,true,11.900000095367432
import_flexible--p1--swm--clarabel,import_flexible,1,clarabel,857,5.759192850144065e-6,1.248100012229969e-9,191.80101851150573,191.8001024048178,false,true,11.913000106811523
import_flexible--p1--swm--clarabel,import_flexible,1,clarabel,858,5.7558397885278234e-6,1.2340095612017876e-9,191.80101848057927,191.8001024048178,false,true,11.926000118255615
import_flexible--p1--swm--clarabel,import_flexible,1,clarabel,859,5.752493572143035e-6,1.2363004509019504e-9,191.8010184481162,191.8001024048178,false,true,11.946000099182129
import_flexible--p1--swm--clarabel,import_flexible,1,clarabel,860,5.749152354285091e-6,1.2339809729589035e-9,191.80101841640283,191.8001024048178,false,true,11.960000038146973
import_flexible--p1--swm--clarabel,import_flexible,1,clarabel,861,5.745816923262804e-6,1.2229743329150722e-9,191.8010183869657,191.8001024048178,false,true,11.973999977111816
import_flexible--p1--swm--clarabel,import_flexible,1,clarabel,862,5.742486767061501e-6,1.2341325184017649e-9,191.80101835546225,191.8001024048178,false,true,11.986999988555908
import_flexible--p1--swm--clarabel,import_flexible,1,clarabel,863,5.7391634907608875e-6,1.2456940479133038e-9,191.8010183204368,191.8001024048178,false,true,12.002000093460083
import_flexible--p1--swm--clarabel,import_flexible,1,clarabel,864,5.73584529251946e-6,1.245542613492745e-9,191.80101828571628,191.8001024048178,false,true,12.015000104904175
import_flexible--p1--swm--clarabel,import_flexible,1,clarabel,865,5.73253351929007e-6,1.2070884847226182e-9,191.801018258633,191.8001024048178,false,true,12.029000043869019
import_flexible--p1--swm--clarabel,import_flexible,1,clarabel,866,5.729226422622847e-6,1.2285291672853305e-9,191.8010182271002,191.8001024048178,false,true,12.049999952316284
import_flexible--p1--swm--clarabel,import_flexible,1,clarabel,867,5.7259256104739844e-6,1.2299421481287709e-9,191.80101819505091,191.8001024048178,false,true,12.062999963760376
import_flexible--p1--swm--clarabel,import_flexible,1,clarabel,868,5.722630742156408e-6,1.2075225264140954e-9,191.80101816730627,191.8001024048178,false,true,12.075999975204468
import_flexible--p1--swm--clarabel,import_flexible,1,clarabel,869,5.719341306715203e-6,1.226288293132427e-9,191.8010181352945,191.8001024048178,false,true,12.08899998664856
import_flexible--p1--swm--clarabel,import_flexible,1,clarabel,870,5.716057079178811e-6,1.2354700040795308e-9,191.80101810173616,191.8001024048178,false,true,12.104000091552734
import_flexible--p1--swm--clarabel,import_flexible,1,clarabel,871,5.712778395137376e-6,1.222404455436532e-9,191.80101807108105,191.8001024048178,false,true,12.115999937057495
import_flexible--p1--swm--clarabel,import_flexible,1,clarabel,872,5.7095062953240526e-6,1.2165413121323354e-9,191.80101804068732,191.8001024048178,false,true,12.128999948501587
import_flexible--p1--swm--clarabel,import_flexible,1,clarabel,873,5.706238315245586e-6,1.2147985950505813e-9,191.8010180114014,191.8001024048178,false,true,12.1489999294281
import_flexible--p1--swm--clarabel,import_flexible,1,clarabel,874,5.702976977530547e-6,1.2177186481387992e-9,191.8010179806984,191.8001024048178,false,true,12.161999940872192
import_flexible--p1--swm--clarabel,import_flexible,1,clarabel,875,5.699721310632858e-6,1.2083533063034224e-9,191.8010179516046,191.8001024048178,false,true,12.176000118255615
import_flexible--p1--swm--clarabel,import_flexible,1,clarabel,876,5.696471026903828e-6,1.211935551914678e-9,191.80101792149262,191.8001024048178,false,true,12.187999963760376
import_flexible--p1--swm--clarabel,import_flexible,1,clarabel,877,5.693224843733075e-6,1.2179168229486947e-9,191.80101789129293,191.8001024048178,false,true,12.200000047683716
import_flexible--p1--swm--clarabel,import_flexible,1,clarabel,878,5.6899857233470215e-6,1.2255395587246198e-9,191.80101785839136,191.8001024048178,false,true,12.212000131607056
import_flexible--p1--swm--clarabel,import_flexible,1,clarabel,879,5.68675146674711e-6,1.2132647664309104e-9,191.80101782824954,191.8001024048178,false,true,12.224999904632568
import_flexible--p1--swm--clarabel,import_flexible,1,clarabel,880,5.683523172751347e-6,1.2176170072208947e-9,191.80101779654905,191.8001024048178,false,true,12.245000123977661
import_flexible--p1--swm--clarabel,import_flexible,1,clarabel,881,5.680299226590806e-6,1.2088777756602553e-9,191.80101776754088,191.8001024048178,false,true,12.257999897003174
import_flexible--p1--swm--clarabel,import_flexible,1,clarabel,882,5.677082306577606e-6,1.2104048874306272e-9,191.80101773680138,191.8001024048178,false,true,12.269999980926514
import_flexible--p1--swm--clarabel,import_flexible,1,clarabel,883,5.673870248735678e-6,1.2185862319213925e-9,191.80101770435974,191.8001024048178,false,true,12.282999992370605
import_flexible--p1--swm--clarabel,import_flexible,1,clarabel,884,5.6706631031764525e-6,1.1923935172575284e-9,191.8010176779696,191.8001024048178,false,true,12.295000076293945
import_flexible--p1--swm--clarabel,import_flexible,1,clarabel,885,5.667461783512547e-6,1.1820963097264325e-9,191.80101765316562,191.8001024048178,false,true,12.308000087738037
import_flexible--p1--swm--clarabel,import_flexible,1,clarabel,886,5.664265762186169e-6,1.2161964768608868e-9,191.80101762070805,191.8001024048178,false,true,12.319999933242798
import_flexible--p1--swm--clarabel,import_flexible,1,clarabel,887,5.661075015327522e-6,1.198256383005969e-9,191.80101759232258,191.8001024048178,false,true,12.339999914169312
import_flexible--p1--swm--clarabel,import_flexible,1,clarabel,888,5.657889713961417e-6,1.2015907158158257e-9,191.8010175628603,191.8001024048178,false,true,12.352999925613403
import_flexible--p1--swm--clarabel,import_flexible,1,clarabel,889,5.6547093948220635e-6,1.2090337619952152e-9,191.80101753201757,191.8001024048178,false,true,12.365000009536743
import_flexible--p1--swm--clarabel,import_flexible,1,clarabel,890,5.651534890425338e-6,1.2076867283994375e-9,191.801017501112,191.8001024048178,false,true,12.377000093460083
import_flexible--p1--swm--clarabel,import_flexible,1,clarabel,891,5.648365345344398e-6,1.184691011957284e-9,191.80101747512447,191.8001024048178,false,true,12.390000104904175
import_flexible--p1--swm--clarabel,import_flexible,1,clarabel,892,5.645201244191595e-6,1.187991316431436e-9,191.80101744790267,191.8001024048178,false,true,12.403000116348267
import_flexible--p1--swm--clarabel,import_flexible,1,clarabel,893,5.642042172197699e-6,1.1862251736438623e-9,191.80101742121764,191.8001024048178,false,true,12.414999961853027
import_flexible--p1--swm--clarabel,import_flexible,1,clarabel,894,5.6388884227139125e-6,1.207273003789311e-9,191.8010173897568,191.8001024048178,false,true,12.434999942779541
import_flexible--p1--swm--clarabel,import_flexible,1,clarabel,895,5.635740131288374e-6,1.1990190507127352e-9,191.8010173599584,191.8001024048178,false,true,12.44700002670288
import_flexible--p1--swm--clarabel,import_flexible,1,clarabel,896,5.632597060081032e-6,1.1892097306898108e-9,191.80101733211347,191.8001024048178,false,true,12.460000038146973
import_flexible--p1--swm--clarabel,import_flexible,1,clarabel,897,5.6294591412168895e-6,1.1985136216807746e-9,191.80101730203938,191.8001024048178,false,true,12.473000049591064
import_flexible--p1--swm--clarabel,import_flexible,1,clarabel,898,5.626326706097518e-6,1.1839819680226071e-9,191.80101727464734,191.8001024048178,false,true,12.486000061035156
import_flexible--p1--swm--clarabel,import_flexible,1,clarabel,899,5.6231987829245185e-6,1.198045662675895e-9,191.80101724461514,191.8001024048178,false,true,12.499000072479248
import_flexible--p1--swm--clarabel,import_flexible,1,clarabel,900,5.620076882459105e-6,1.175944452924682e-9,191.8010172186741,191.8001024048178,false,true,12.51200008392334
import_flexible--p1--swm--clarabel,import_flexible,1,clarabel,901,5.616959085680778e-6,1.1783589659586369e-9,191.80101719266355,191.8001024048178,false,true,12.530999898910522
import_flexible--p1--swm--clarabel,import_flexible,1,clarabel,902,5.613847705083168e-6,1.18954557315476e-9,191.8010171630936,191.8001024048178,false,true,12.543999910354614
import_flexible--p1--swm--clarabel,import_flexible,1,clarabel,903,5.6107398595870635e-6,1.1762244511714925e-9,191.80101713759507,191.8001024048178,false,true,12.558000087738037
import_flexible--p1--swm--clarabel,import_flexible,1,clarabel,904,5.60763792920784e-6,1.1818281908659856e-9,191.80101711023534,191.8001024048178,false,true,12.571000099182129
import_flexible--p1--swm--clarabel,import_flexible,1,clarabel,905,5.604541745342992e-6,1.1858754533911053e-9,191.8010170811659,191.8001024048178,false,true,12.58400011062622
import_flexible--p1--swm--clarabel,import_flexible,1,clarabel,906,5.601450076603792e-6,1.1768911956089312e-9,191.80101705430855,191.8001024048178,false,true,12.595999956130981
import_flexible--p1--swm--clarabel,import_flexible,1,clarabel,907,5.598363319743575e-6,1.1798149124331303e-9,191.80101702671442,191.8001024048178,false,true,12.608999967575073
import_flexible--p1--swm--clarabel,import_flexible,1,clarabel,908,5.595281103039488e-6,1.1800640464798562e-9,191.80101699957385,191.8001024048178,false,true,12.628999948501587
import_flexible--p1--swm--clarabel,import_flexible,1,clarabel,909,5.59220505983146e-6,1.1828737989105775e-9,191.80101697073775,191.8001024048178,false,true,12.641000032424927
import_flexible--p1--swm--clarabel,import_flexible,1,clarabel,910,5.589132515390363e-6,1.1908743435817826e-9,191.80101694135033,191.8001024048178,false,true,12.654000043869019
import_flexible--p1--swm--clarabel,import_flexible,1,clarabel,911,5.5860665184390905e-6,1.1735581395555528e-9,191.80101691452694,191.8001024048178,false,true,12.666000127792358
import_flexible--p1--swm--clarabel,import_flexible,1,clarabel,912,5.58300548216615e-6,1.1685700185282144e-9,191.8010168881594,191.8001024048178,false,true,12.67799997329712
import_flexible--p1--swm--clarabel,import_flexible,1,clarabel,913,5.57994934071513e-6,1.1662649734844877e-9,191.80101686207163,191.8001024048178,false,true,12.690000057220459
import_flexible--p1--swm--clarabel,import_flexible,1,clarabel,914,5.576897258945995e-6,1.1660421517234454e-9,191.80101683674178,191.8001024048178,false,true,12.70199990272522
import_flexible--p1--swm--clarabel,import_flexible,1,clarabel,915,5.573849931959287e-6,1.1683369272041944e-9,191.80101681118356,191.8001024048178,false,true,12.722000122070312
import_flexible--p1--swm--clarabel,import_flexible,1,clarabel,916,5.570808326506935e-6,1.1783515829755231e-9,191.8010167827224,191.8001024048178,false,true,12.733999967575073
import_flexible--p1--swm--clarabel,import_flexible,1,clarabel,917,5.567772156050472e-6,1.1741547734089863e-9,191.80101675447128,191.8001024048178,false,true,12.746000051498413
import_flexible--p1--swm--clarabel,import_flexible,1,clarabel,918,5.564740217108136e-6,1.1718065406896017e-9,191.80101672709998,191.8001024048178,false,true,12.757999897003174
import_flexible--p1--swm--clarabel,import_flexible,1,clarabel,919,5.56171318449367e-6,1.1555346124403343e-9,191.80101670316355,191.8001024048178,false,true,12.770999908447266
import_flexible--p1--swm--clarabel,import_flexible,1,clarabel,920,5.558690606295839e-6,1.1622158790913772e-9,191.8010166779838,191.8001024048178,false,true,12.782999992370605
import_flexible--p1--swm--clarabel,import_flexible,1,clarabel,921,5.555673664447979e-6,1.1639774144533988e-9,191.80101665164796,191.8001024048178,false,true,12.795000076293945
import_flexible--p1--swm--clarabel,import_flexible,1,clarabel,922,5.552661708056612e-6,1.1668350730076327e-9,191.80101662426523,191.8001024048178,false,true,12.815000057220459
import_flexible--p1--swm--clarabel,import_flexible,1,clarabel,923,5.549654126347679e-6,1.1625759799294144e-9,191.80101659812436,191.8001024048178,false,true,12.82699990272522
import_flexible--p1--swm--clarabel,import_flexible,1,clarabel,924,5.546651161803982e-6,1.1601787863746438e-9,191.80101657259394,191.8001024048178,false,true,12.83899998664856
import_flexible--p1--swm--clarabel,import_flexible,1,clarabel,925,5.543653240751163e-6,1.1375693165227574e-9,191.80101655179192,191.8001024048178,false,true,12.849999904632568
import_flexible--p1--swm--clarabel,import_flexible,1,clarabel,926,5.540659795562467e-6,1.1732174676204465e-9,191.8010165230721,191.8001024048178,false,true,12.861999988555908
import_flexible--p1--swm--clarabel,import_flexible,1,clarabel,927,5.537672345729498e-6,1.1769527574756466e-9,191.8010164926423,191.8001024048178,false,true,12.874000072479248
import_flexible--p1--swm--clarabel,import_flexible,1,clarabel,928,5.534688438264949e-6,1.1397498500542724e-9,191.80101647115788,191.8001024048178,false,true,12.885999917984009
import_flexible--p1--swm--clarabel,import_flexible,1,clarabel,929,5.531710232603065e-6,1.1710337699533113e-9,191.80101644167985,191.8001024048178,false,true,12.90499997138977
import_flexible--p1--swm--clarabel,import_flexible,1,clarabel,930,5.5287356572190785e-6,1.14759857172686e-9,191.8010164184704,191.8001024048178,false,true,12.91700005531311
import_flexible--p1--swm--clarabel,import_flexible,1,clarabel,931,5.525766787170286e-6,1.1661255294725947e-9,191.80101639011443,191.8001024048178,false,true,12.930000066757202
import_flexible--p1--swm--clarabel,import_flexible,1,clarabel,932,5.522802083788504e-6,1.1569009639167405e-9,191.80101636431982,191.8001024048178,false,true,12.943000078201294
import_flexible--p1--swm--clarabel,import_flexible,1,clarabel,933,5.519842594972876e-6,1.1206736094671044e-9,191.80101634570502,191.8001024048178,false,true,12.954999923706055
import_flexible--p1--swm--clarabel,import_flexible,1,clarabel,934,5.516887486239402e-6,1.1584400660957783e-9,191.80101631862252,191.8001024048178,false,true,12.967000007629395
import_flexible--p1--swm--clarabel,import_flexible,1,clarabel,935,5.5139373249120505e-6,1.1400732025101945e-9,191.80101629548602,191.8001024048178,false,true,12.979000091552734
import_flexible--p1--swm--clarabel,import_flexible,1,clarabel,936,5.510991803812295e-6,1.1565259860901733e-9,191.80101626842094,191.8001024048178,false,true,12.996999979019165
import_flexible--p1--swm--clarabel,import_flexible,1,clarabel,937,5.508050378930853e-6,1.1306741098948692e-9,191.80101624764865,191.8001024048178,false,true,13.009999990463257
import_flexible--p1--swm--clarabel,import_flexible,1,clarabel,938,5.505114587220108e-6,1.1541986810748028e-9,191.80101622040462,191.8001024048178,false,true,13.023000001907349
import_flexible--p1--swm--clarabel,import_flexible,1,clarabel,939,5.5021830966142904e-6,1.1451325443445626e-9,191.80101619542887,191.8001024048178,false,true,13.03600001335144
import_flexible--p1--swm--clarabel,import_flexible,1,clarabel,940,5.4992556725030894e-6,1.1593061510772884e-9,191.80101616778654,191.8001024048178,false,true,13.04699993133545
import_flexible--p1--swm--clarabel,import_flexible,1,clarabel,941,5.496332753828315e-6,1.1345916983707127e-9,191.80101614581196,191.8001024048178,false,true,13.059000015258789
import_flexible--p1--swm--clarabel,import_flexible,1,clarabel,942,5.493415176133725e-6,1.1374541308839525e-9,191.80101612221415,191.8001024048178,false,true,13.07200002670288
import_flexible--p1--swm--clarabel,import_flexible,1,clarabel,943,5.490502586368396e-6,1.1345810402296763e-9,191.80101609846582,191.8001024048178,false,true,13.091000080108643
import_flexible--p1--swm--clarabel,import_flexible,1,clarabel,944,5.487592304958594e-6,1.1355991702544088e-9,191.8010160763875,191.8001024048178,false,true,13.102999925613403
import_flexible--p1--swm--clarabel,import_flexible,1,clarabel,945,5.484688718647813e-6,1.1640233776866182e-9,191.80101604648684,191.8001024048178,false,true,13.115000009536743
import_flexible--p1--swm--clarabel,import_flexible,1,clarabel,946,5.481789335490008e-6,1.1128755139644397e-9,191.80101602792882,191.8001024048178,false,true,13.127000093460083
import_flexible--p1--swm--clarabel,import_flexible,1,clarabel,947,5.478894287753115e-6,1.1615750583615636e-9,191.80101599822737,191.8001024048178,false,true,13.140000104904175
import_flexible--p1--swm--clarabel,import_flexible,1,clarabel,948,5.476004243841859e-6,1.1289311707685101e-9,191.80101597555773,191.8001024048178,false,true,13.153000116348267
import_flexible--p1--swm--clarabel,import_flexible,1,clarabel,949,5.4731175198507e-6,1.1260404830792936e-9,191.80101595417148,191.8001024048178,false,true,13.166000127792358
import_flexible--p1--swm--clarabel,import_flexible,1,clarabel,950,5.4702359617272736e-6,1.1337983885084668e-9,191.80101593053405,191.8001024048178,false,true,13.184999942779541
import_flexible--p1--swm--clarabel,import_flexible,1,clarabel,951,5.467358802862582e-6,1.1371608654719978e-9,191.801015906135,191.8001024048178,false,true,13.197999954223633
import_flexible--p1--swm--clarabel,import_flexible,1,clarabel,952,5.464486796442019e-6,1.1406223743293253e-9,191.80101588026227,191.8001024048178,false,true,13.210000038146973
import_flexible--p1--swm--clarabel,import_flexible,1,clarabel,953,5.46161840788504e-6,1.1316794723548185e-9,191.80101585689778,191.8001024048178,false,true,13.223000049591064
import_flexible--p1--swm--clarabel,import_flexible,1,clarabel,954,5.4587546959406934e-6,1.1310607450631949e-9,191.80101583336193,191.8001024048178,false,true,13.236000061035156
import_flexible--p1--swm--clarabel,import_flexible,1,clarabel,955,5.455895947298844e-6,1.1380434927765748e-9,191.8010158077415,191.8001024048178,false,true,13.247999906539917
import_flexible--p1--swm--clarabel,import_flexible,1,clarabel,956,5.4530411593776344e-6,1.1066072502785573e-9,191.80101578919067,191.8001024048178,true,true,13.266000032424927
import_flexible--p2--swm--clarabel,import_flexible,2,clarabel,1,0.15800417008845669,0.7359562532611089,229.45706095093192,197.6511992155769,false,false,0.0410001277923584
import_flexible--p2--swm--clarabel,import_flexible,2,clarabel,2,0.10624954047639694,0.2031601149267137,228.34654251793108,197.6511992155769,false,true,0.053999900817871094
import_flexible--p2--swm--clarabel,import_flexible,2,clarabel,3,0.026117417710239565,0.10356024052687085,219.0974308435031,197.6511992155769,false,false,0.06599998474121094
import_flexible--p2--swm--clarabel,import_flexible,2,clarabel,4,0.004055374089678709,0.06696423344931182,215.1953670440647,197.6511992155769,false,true,0.08899998664855957
import_flexible--p2--swm--clarabel,import_flexible,2,clarabel,5,0.0022165937117120116,0.06166363298243499,211.00599425310963,197.6511992155769,false,true,0.10100007057189941
import_flexible--p2--swm--clarabel,import_flexible,2,clarabel,6,0.0005717979614623947,0.05667019772603171,207.65460759492652,197.6511992155769,false,true,0.11299991607666016
import_flexible--p2--swm--clarabel,import_flexible,2,clarabel,7,0.0004899042099968387,0.030985989302953876,205.84652350682953,197.6511992155769,false,true,0.12599992752075195
import_flexible--p2--swm--clarabel,import_flexible,2,clarabel,8,0.0010655387189989485,0.03073794120735235,204.55398318360454,197.6511992155769,false,true,0.13899993896484375
import_flexible--p2--swm--clarabel,import_flexible,2,clarabel,9,0.0012774622781020484,0.030542136251409502,203.3178565825109,197.6511992155769,false,true,0.1510000228881836
import_flexible--p2--swm--clarabel,import_flexible,2,clarabel,10,0.0011586500846919034,0.03035377671966699,202.09515587760623,197.6511992155769,false,true,0.16499996185302734
import_flexible--p2--swm--clarabel,import_flexible,2,clarabel,11,0.0009345123051848758,0.030258739777579202,200.8739683018195,197.6511992155769,false,true,0.1770000457763672
import_flexible--p2--swm--clarabel,import_flexible,2,clarabel,12,0.0008262732928787653,0.030257834272179984,199.6443765748647,197.6511992155769,false,true,0.19000005722045898
import_flexible--p2--swm--clarabel,import_flexible,2,clarabel,13,0.0008867721929957662,0.0301873868447472,198.5498318923719,197.6511992155769,false,true,0.20399999618530273
import_flexible--p2--swm--clarabel,import_flexible,2,clarabel,14,0.0009756724251097637,0.027063932022676318,197.79130780673557,197.6511992155769,false,true,0.22699999809265137
import_flexible--p2--swm--clarabel,import_flexible,2,clarabel,15,0.0008163965774325583,0.0010404241153780802,197.75845020461335,197.6511992155769,false,true,0.24000000953674316
import_flexible--p2--swm--clarabel,import_flexible,2,clarabel,16,0.0006592794203108543,0.0006626283900853652,197.73642236990736,197.6511992155769,false,true,0.25300002098083496
import_flexible--p2--swm--clarabel,import_flexible,2,clarabel,17,0.0005195938453468733,0.0006214766985745968,197.71733803584843,197.6511992155769,false,true,0.2650001049041748
import_flexible--p2--swm--clarabel,import_flexible,2,clarabel,18,0.0004041771839824459,0.000550487602155092,197.7015151040891,197.6511992155769,false,true,0.2780001163482666
import_flexible--p2--swm--clarabel,import_flexible,2,clarabel,19,0.00031228197619460505,0.0004658096911543952,197.688865302156,197.6511992155769,false,true,0.2910001277923584
import_flexible--p2--swm--clarabel,import_flexible,2,clarabel,20,0.00024104140402870686,0.00037879089288490875,197.67907963991482,197.6511992155769,false,true,0.30299997329711914
import_flexible--p2--swm--clarabel,import_flexible,2,clarabel,21,0.00018694213937681616,0.0002968583933109087,197.6717464759439,197.6511992155769,false,true,0.315000057220459
import_flexible--p2--swm--clarabel,import_flexible,2,clarabel,22,0.00014643176816350493,0.00022437362723262688,197.6664125965831,197.6511992155769,false,true,0.32899999618530273
import_flexible--p2--swm--clarabel,import_flexible,2,clarabel,23,0.00011642078188479519,0.00016335372337614174,197.66265609983435,197.6511992155769,false,true,0.34999990463256836
import_flexible--p2--swm--clarabel,import_flexible,2,clarabel,24,9.429478897401725e-5,0.00011417888287519606,197.660095587341,197.6511992155769,false,true,0.36299991607666016
import_flexible--p2--swm--clarabel,import_flexible,2,clarabel,25,7.79840976807631e-5,7.6143885746352e-5,197.6584098184231,197.6511992155769,false,true,0.37599992752075195
import_flexible--p2--swm--clarabel,import_flexible,2,clarabel,26,6.591097958399203e-5,4.7911912747070073e-5,197.657340207089,197.6511992155769,false,true,0.38899993896484375
import_flexible--p2--swm--clarabel,import_flexible,2,clarabel,27,5.690502984580867e-5,2.7857903201283785e-5,197.65668704585477,197.6511992155769,false,true,0.40199995040893555
import_flexible--p2--swm--clarabel,import_flexible,2,clarabel,28,5.01133019483533e-5,1.4312332849389375e-5,197.65630204906552,197.6511992155769,false,true,0.41499996185302734
import_flexible--p2--swm--clarabel,import_flexible,2,clarabel,29,4.492022454035985e-5,5.719377453153318e-6,197.65607941122602,197.6511992155769,false,true,0.42799997329711914
import_flexible--p2--swm--clarabel,import_flexible,2,clarabel,30,4.0883940719347514e-5,4.0337327078532326e-6,197.65594692876044,197.6511992155769,false,true,0.4479999542236328
import_flexible--p2--swm--clarabel,import_flexible,2,clarabel,31,3.768718356863845e-5,3.1946166568662802e-6,197.65585779460014,197.6511992155769,false,true,0.4609999656677246
import_flexible--p2--swm--clarabel,import_flexible,2,clarabel,32,3.510188531346597e-5,2.7663228572283316e-6,197.65578364281828,197.6511992155769,false,true,0.4739999771118164
import_flexible--p2--swm--clarabel,import_flexible,2,clarabel,33,3.296460491282586e-5,2.594020918428308e-6,197.6557090006923,197.6511992155769,false,true,0.48799991607666016
import_flexible--p2--swm--clarabel,import_flexible,2,clarabel,34,3.115744463140628e-5,2.0101051626530975e-6,197.65562679056904,197.6511992155769,false,true,0.500999927520752
import_flexible--p2--swm--clarabel,import_flexible,2,clarabel,35,2.9596232021811272e-5,1.5593059611195413e-6,197.65553519921517,197.6511992155769,false,true,0.5139999389648438
import_flexible--p2--swm--clarabel,import_flexible,2,clarabel,36,2.8221299088748705e-5,1.3729926706673723e-6,197.6554353825475,197.6511992155769,false,true,0.5260000228881836
import_flexible--p2--swm--clarabel,import_flexible,2,clarabel,37,2.6989833609865468e-5,1.2295024473277466e-6,197.65532979914764,197.6511992155769,false,true,0.5450000762939453
import_flexible--p2--swm--clarabel,import_flexible,2,clarabel,38,2.5872031269479447e-5,1.1158312673842374e-6,197.6552213529512,197.6511992155769,false,true,0.5559999942779541
import_flexible--p2--swm--clarabel,import_flexible,2,clarabel,39,2.484645160777903e-5,1.208123432058783e-6,197.65511270318825,197.6511992155769,false,true,0.568000078201294
import_flexible--p2--swm--clarabel,import_flexible,2,clarabel,40,2.389839340179798e-5,1.4631575179918643e-6,197.65500610374366,197.6511992155769,false,true,0.5799999237060547
import_flexible--p2--swm--clarabel,import_flexible,2,clarabel,41,2.301680407500551e-5,1.5996767339654383e-6,197.65490316794632,197.6511992155769,false,true,0.5929999351501465
import_flexible--p2--swm--clarabel,import_flexible,2,clarabel,42,2.219402999765146e-5,1.6443687587130995e-6,197.6548050175573,197.6511992155769,false,true,0.6059999465942383
import_flexible--p2--swm--clarabel,import_flexible,2,clarabel,43,2.1423951588631333e-5,1.6230700633224071e-6,197.65471225151288,197.6511992155769,false,true,0.625999927520752
import_flexible--p2--swm--clarabel,import_flexible,2,clarabel,44,2.0701730113582457e-5,1.5582503272854042e-6,197.65462509104498,197.6511992155769,false,true,0.6380000114440918
import_flexible--p2--swm--clarabel,import_flexible,2,clarabel,45,2.0023452601749334e-5,1.4679920816718095e-6,197.65454349186209,197.6511992155769,false,true,0.6500000953674316
import_flexible--p2--swm--clarabel,import_flexible,2,clarabel,46,1.9385443597939236e-5,1.3659855266218157e-6,197.6544671853315,197.6511992155769,false,true,0.6619999408721924
import_flexible--p2--swm--clarabel,import_flexible,2,clarabel,47,1.8784961697271285e-5,1.261743347732991e-6,197.6543958589545,197.6511992155769,false,true,0.6740000247955322
import_flexible--p2--swm--clarabel,import_flexible,2,clarabel,48,1.8219001844248112e-5,1.1615352175226024e-6,197.6543290830777,197.6511992155769,false,true,0.6860001087188721
import_flexible--p2--swm--clarabel,import_flexible,2,clarabel,49,1.7684966734175166e-5,1.0689602787106178e-6,197.65426643640674,197.6511992155769,false,true,0.7039999961853027
import_flexible--p2--swm--clarabel,import_flexible,2,clarabel,50,1.7180559014138488e-5,9.856727748031036e-7,197.65420752700135,197.6511992155769,false,true,0.7170000076293945
import_flexible--p2--swm--clarabel,import_flexible,2,clarabel,51,1.6703493788935734e-5,9.120498977582825e-7,197.6541519743972,197.6511992155769,false,true,0.7290000915527344
import_flexible--p2--swm--clarabel,import_flexible,2,clarabel,52,1.6251785612315054e-5,8.476132316304064e-7,197.654099453045,197.6511992155769,false,true,0.7420001029968262
import_flexible--p2--swm--clarabel,import_flexible,2,clarabel,53,1.5823506178579514e-5,7.914477153786459e-7,197.65404966602364,197.6511992155769,false,true,0.753000020980835
import_flexible--p2--swm--clarabel,import_flexible,2,clarabel,54,1.541690697316366e-5,7.424473024431055e-7,197.654002359153,197.6511992155769,false,true,0.7650001049041748
import_flexible--p2--swm--clarabel,import_flexible,2,clarabel,55,1.5030588530675425e-5,6.994287463923943e-7,197.65395733887541,197.6511992155769,false,true,0.7839999198913574
import_flexible--p2--swm--clarabel,import_flexible,2,clarabel,56,1.4662900936566393e-5,6.613869380917015e-7,197.65391439582538,197.6511992155769,false,true,0.7969999313354492
import_flexible--p2--swm--clarabel,import_flexible,2,clarabel,57,1.4312595624838501e-5,6.273913311927171e-7,197.65387337872835,197.6511992155769,false,true,0.8090000152587891
import_flexible--p2--swm--clarabel,import_flexible,2,clarabel,58,1.3978443550746984e-5,5.966908034060747e-7,197.6538341464389,197.6511992155769,false,true,0.8210000991821289
import_flexible--p2--swm--clarabel,import_flexible,2,clarabel,59,1.3659313370788112e-5,5.686883501332396e-7,197.65379657358343,197.6511992155769,false,true,0.8320000171661377
import_flexible--p2--swm--clarabel,import_flexible,2,clarabel,60,1.346433175205855e-5,5.428584416017346e-7,197.65376057952216,197.6511992155769,false,true,0.8459999561309814
import_flexible--p2--swm--clarabel,import_flexible,2,clarabel,61,1.3343002079487091e-5,5.188934542876833e-7,197.65372604210557,197.6511992155769,false,true,0.8580000400543213
import_flexible--p2--swm--clarabel,import_flexible,2,clarabel,62,1.3224861662441967e-5,4.965157898717543e-7,197.65369288035532,197.6511992155769,false,true,0.877000093460083
import_flexible--p2--swm--clarabel,import_flexible,2,clarabel,63,1.3109778239499143e-5,4.7551517817767675e-7,197.65366102230337,197.6511992155769,false,true,0.8889999389648438
import_flexible--p2--swm--clarabel,import_flexible,2,clarabel,64,1.2997629689052864e-5,4.557517910425135e-7,197.65363039098372,197.6511992155769,false,true,0.9000000953674316
import_flexible--p2--swm--clarabel,import_flexible,2,clarabel,65,1.2888288385112547e-5,4.371216918430676e-7,197.65360091458496,197.6511992155769,false,true,0.9119999408721924
import_flexible--p2--swm--clarabel,import_flexible,2,clarabel,66,1.2781652874892624e-5,4.195228248682348e-7,197.65357253927377,197.6511992155769,false,true,0.9240000247955322
import_flexible--p2--swm--clarabel,import_flexible,2,clarabel,67,1.267761270063904e-5,4.0289288204264917e-7,197.65354520113507,197.6511992155769,false,true,0.937000036239624
import_flexible--p2--swm--clarabel,import_flexible,2,clarabel,68,1.2576071873831634e-5,3.8718581034380417e-7,197.6535188377909,197.6511992155769,false,true,0.9560000896453857
import_flexible--p2--swm--clarabel,import_flexible,2,clarabel,69,1.2476918358685715e-5,3.723395007454444e-7,197.6534934024686,197.6511992155769,false,true,0.9690001010894775
import_flexible--p2--swm--clarabel,import_flexible,2,clarabel,70,1.2380081882272393e-5,3.5829115070662443e-7,197.65346885340733,197.6511992155769,false,true,0.9809999465942383
import_flexible--p2--swm--clarabel,import_flexible,2,clarabel,71,1.2285467151323442e-5,3.449744870737126e-7,197.65344515343722,197.6511992155769,false,true,0.9930000305175781
import_flexible--p2--swm--clarabel,import_flexible,2,clarabel,72,1.2192999649889895e-5,3.323785435910276e-7,197.6534222425344,197.6511992155769,false,true,1.00600004196167
import_flexible--p2--swm--clarabel,import_flexible,2,clarabel,73,1.2102593036330847e-5,3.204782838689413e-7,197.65340007390827,197.6511992155769,false,true,1.0180001258850098
import_flexible--p2--swm--clarabel,import_flexible,2,clarabel,74,1.2014174327309748e-5,3.0917826714105257e-7,197.6533786375556,197.6511992155769,false,true,1.0369999408721924
import_flexible--p2--swm--clarabel,import_flexible,2,clarabel,75,1.1927677695382094e-5,2.9845028146069374e-7,197.65335789196115,197.6511992155769,false,true,1.0490000247955322
import_flexible--p2--swm--clarabel,import_flexible,2,clarabel,76,1.1843037172811563e-5,2.8828942717773476e-7,197.65333778645163,197.6511992155769,false,true,1.062000036239624
import_flexible--p2--swm--clarabel,import_flexible,2,clarabel,77,1.1760181286316314e-5,2.7864651032383225e-7,197.6533183009126,197.6511992155769,false,true,1.0740001201629639
import_flexible--p2--swm--clarabel,import_flexible,2,clarabel,78,1.1679060602862926e-5,2.6946832652752217e-7,197.65329941553978,197.6511992155769,false,true,1.0850000381469727
import_flexible--p2--swm--clarabel,import_flexible,2,clarabel,79,1.1599604523672044e-5,2.6072558112488764e-7,197.65328110186312,197.6511992155769,false,true,1.0970001220703125
import_flexible--p2--swm--clarabel,import_flexible,2,clarabel,80,1.1521768650924921e-5,2.524245085178123e-7,197.65326331736748,197.6511992155769,false,true,1.1150000095367432
import_flexible--p2--swm--clarabel,import_flexible,2,clarabel,81,1.1445495679299452e-5,2.445165646486336e-7,197.653246050056,197.6511992155769,false,true,1.127000093460083
import_flexible--p2--swm--clarabel,import_flexible,2,clarabel,82,1.137073391080631e-5,2.3693585328443678e-7,197.65322929859263,197.6511992155769,false,true,1.1389999389648438
import_flexible--p2--swm--clarabel,import_flexible,2,clarabel,83,1.1297430776889927e-5,2.297106140025651e-7,197.65321301499728,197.6511992155769,false,true,1.1510000228881836
import_flexible--p2--swm--clarabel,import_flexible,2,clarabel,84,1.1225550905794275e-5,2.228387179642466e-7,197.6531971712642,197.6511992155769,false,true,1.1630001068115234
import_flexible--p2--swm--clarabel,import_flexible,2,clarabel,85,1.115504188893683e-5,2.1625036104866435e-7,197.65318177581034,197.6511992155769,false,true,1.1749999523162842
import_flexible--p2--swm--clarabel,import_flexible,2,clarabel,86,1.1085862587053876e-5,2.0997035743430814e-7,197.65316678709945,197.6511992155769,false,true,1.193000078201294
import_flexible--p2--swm--clarabel,import_flexible,2,clarabel,87,1.1017978029129434e-5,2.0394707619941776e-7,197.65315220730884,197.6511992155769,false,true,1.2060000896453857
import_flexible--p2--swm--clarabel,import_flexible,2,clarabel,88,1.0951337968891714e-5,1.981886150193013e-7,197.6531380069116,197.6511992155769,false,true,1.2179999351501465
import_flexible--p2--swm--clarabel,import_flexible,2,clarabel,89,1.0885915110195572e-5,1.9268360408608576e-7,197.6531241697156,197.6511992155769,false,true,1.2290000915527344
import_flexible--p2--swm--clarabel,import_flexible,2,clarabel,90,1.0821667974099517e-5,1.873543899189034e-7,197.65311071519062,197.6511992155769,false,true,1.2409999370574951
import_flexible--p2--swm--clarabel,import_flexible,2,clarabel,91,1.075856598238682e-5,1.8227326534225874e-7,197.6530975837591,197.6511992155769,false,true,1.253000020980835
import_flexible--p2--swm--clarabel,import_flexible,2,clarabel,92,1.0696575126503934e-5,1.773948295064054e-7,197.65308478270725,197.6511992155769,false,true,1.2730000019073486
import_flexible--p2--swm--clarabel,import_flexible,2,clarabel,93,1.0635657326356224e-5,1.7272265792622754e-7,197.65307229346251,197.6511992155769,false,true,1.2839999198913574
import_flexible--p2--swm--clarabel,import_flexible,2,clarabel,94,1.057578954491686e-5,1.6822359551194044e-7,197.65306011454015,197.6511992155769,false,true,1.2960000038146973
import_flexible--p2--swm--clarabel,import_flexible,2,clarabel,95,1.0516941594061114e-5,1.6389538398664527e-7,197.65304823088547,197.6511992155769,false,true,1.308000087738037
import_flexible--p2--swm--clarabel,import_flexible,2,clarabel,96,1.0459087771368997e-5,1.597405709097277e-7,197.65303662574883,197.6511992155769,false,true,1.321000099182129
import_flexible--p2--swm--clarabel,import_flexible,2,clarabel,97,1.0402189790496715e-5,1.5572766003113525e-7,197.65302530187842,197.6511992155769,false,true,1.3329999446868896
import_flexible--p2--swm--clarabel,import_flexible,2,clarabel,98,1.0346228865360466e-5,1.51862590627716e-7,197.6530142414062,197.6511992155769,false,true,1.3450000286102295
import_flexible--p2--swm--clarabel,import_flexible,2,clarabel,99,1.029118184119932e-5,1.481494341093459e-7,197.65300343149778,197.6511992155769,false,true,1.3629999160766602
import_flexible--p2--swm--clarabel,import_flexible,2,clarabel,100,1.023702201987462e-5,1.4456973715382126e-7,197.65299286802554,197.6511992155769,false,true,1.375999927520752
import_flexible--p2--swm--clarabel,import_flexible,2,clarabel,101,1.0183726992140198e-5,1.4111005001982146e-7,197.65298254737667,197.6511992155769,false,true,1.3880000114440918
import_flexible--p2--swm--clarabel,import_flexible,2,clarabel,102,1.0131271142526703e-5,1.377784471234822e-7,197.65297245349495,197.6511992155769,false,true,1.4000000953674316
import_flexible--p2--swm--clarabel,import_flexible,2,clarabel,103,1.0079637072123548e-5,1.3456495662200751e-7,197.65296258130604,197.6511992155769,false,true,1.4130001068115234
import_flexible--p2--swm--clarabel,import_flexible,2,clarabel,104,1.002880067102474e-5,1.3146738497837873e-7,197.65295292155537,197.6511992155769,false,true,1.4249999523162842
import_flexible--p2--swm--clarabel,import_flexible,2,clarabel,105,9.978739965443849e-6,1.284645506083315e-7,197.65294347688098,197.6511992155769,false,true,1.4449999332427979
import_flexible--p2--swm--clarabel,import_flexible,2,clarabel,106,9.929442442662745e-6,1.2558084662439573e-7,197.6529342239701,197.6511992155769,false,true,1.4579999446868896
import_flexible--p2--swm--clarabel,import_flexible,2,clarabel,107,9.880882532176116e-6,1.2278675343146972e-7,197.65292516951257,197.6511992155769,false,true,1.4700000286102295
import_flexible--p2--swm--clarabel,import_flexible,2,clarabel,108,9.833041264814293e-6,1.2008131862473181e-7,197.65291630651524,197.6511992155769,false,true,1.4830000400543213
import_flexible--p2--swm--clarabel,import_flexible,2,clarabel,109,9.785905355598098e-6,1.1745814791630504e-7,197.65290762855153,197.6511992155769,false,true,1.49399995803833
import_flexible--p2--swm--clarabel,import_flexible,2,clarabel,110,9.739459251816902e-6,1.1494839213810337e-7,197.6528991131289,197.6511992155769,false,true,1.50600004196167
import_flexible--p2--swm--clarabel,import_flexible,2,clarabel,111,9.69368568839244e-6,1.1251180635774016e-7,197.65289077447108,197.6511992155769,false,true,1.5239999294281006
import_flexible--p2--swm--clarabel,import_flexible,2,clarabel,112,9.648559451857041e-6,1.1011465805843557e-7,197.6528826214734,197.6511992155769,false,true,1.5380001068115234
import_flexible--p2--swm--clarabel,import_flexible,2,clarabel,113,9.60407578485458e-6,1.0783603524022745e-7,197.65287460575354,197.6511992155769,false,true,1.5490000247955322
import_flexible--p2--swm--clarabel,import_flexible,2,clarabel,114,9.560213181456701e-6,1.0558807103655532e-7,197.65286676902645,197.6511992155769,false,true,1.561000108718872
import_flexible--p2--swm--clarabel,import_flexible,2,clarabel,115,9.5169628653504e-6,1.0344454345889709e-7,197.6528590658188,197.6511992155769,false,true,1.5729999542236328
import_flexible--p2--swm--clarabel,import_flexible,2,clarabel,116,9.474306473850563e-6,1.0134600397782023e-7,197.65285152127984,197.6511992155769,false,true,1.5840001106262207
import_flexible--p2--swm--clarabel,import_flexible,2,clarabel,117,9.432236670603443e-6,9.933734171352349e-8,197.6528441073703,197.6511992155769,false,true,1.6029999256134033
import_flexible--p2--swm--clarabel,import_flexible,2,clarabel,118,9.390730426303309e-6,9.737200017123637e-8,197.65283684225807,197.6511992155769,false,true,1.6150000095367432
import_flexible--p2--swm--clarabel,import_flexible,2,clarabel,119,9.349780872353557e-6,9.543908761899811e-8,197.65282972492594,197.6511992155769,false,true,1.628000020980835
import_flexible--p2--swm--clarabel,import_flexible,2,clarabel,120,9.309378480921119e-6,9.357986192892742e-8,197.6528227293781,197.6511992155769,false,true,1.6389999389648438
import_flexible--p2--swm--clarabel,import_flexible,2,clarabel,121,9.269505086890122e-6,9.178921613062219e-8,197.65281585523852,197.6511992155769,false,true,1.6510000228881836
import_flexible--p2--swm--clarabel,import_flexible,2,clarabel,122,9.230155652825447e-6,9.004800945178193e-8,197.65280910805387,197.6511992155769,false,true,1.6630001068115234
import_flexible--p2--swm--clarabel,import_flexible,2,clarabel,123,9.191309713784223e-6,8.836262262168493e-8,197.65280247935502,197.6511992155769,false,true,1.6760001182556152
import_flexible--p2--swm--clarabel,import_flexible,2,clarabel,124,9.1529664400766e-6,8.669763378044149e-8,197.65279598309763,197.6511992155769,false,true,1.694000005722046
import_flexible--p2--swm--clarabel,import_flexible,2,clarabel,125,9.115110169988226e-6,8.50991643680521e-8,197.6527895896455,197.6511992155769,false,true,1.7049999237060547
import_flexible--p2--swm--clarabel,import_flexible,2,clarabel,126,9.077725646884764e-6,8.353104215264029e-8,197.65278331540264,197.6511992155769,false,true,1.7179999351501465
import_flexible--p2--swm--clarabel,import_flexible,2,clarabel,127,9.040816149507124e-6,8.20221267017196e-8,197.65277714176818,197.6511992155769,false,true,1.7300000190734863
import_flexible--p2--swm--clarabel,import_flexible,2,clarabel,128,9.004358848995297e-6,8.053954814180031e-8,197.65277108208244,197.6511992155769,false,true,1.7409999370574951
import_flexible--p2--swm--clarabel,import_flexible,2,clarabel,129,8.9683509575288e-6,7.911969755747261e-8,197.6527651142026,197.6511992155769,false,true,1.753999948501587
import_flexible--p2--swm--clarabel,import_flexible,2,clarabel,130,8.932782814501989e-6,7.771330573502766e-8,197.65275926037356,197.6511992155769,false,true,1.7720000743865967
import_flexible--p2--swm--clarabel,import_flexible,2,clarabel,131,8.897645197342655e-6,7.636098264818258e-8,197.65275349498,197.6511992155769,false,true,1.7850000858306885
import_flexible--p2--swm--clarabel,import_flexible,2,clarabel,132,8.862927737526585e-6,7.502940825576676e-8,197.65274783265232,197.6511992155769,false,true,1.7969999313354492
import_flexible--p2--swm--clarabel,import_flexible,2,clarabel,133,8.828622682517787e-6,7.373435459423483e-8,197.65274226313636,197.6511992155769,false,true,1.809000015258789
import_flexible--p2--swm--clarabel,import_flexible,2,clarabel,134,8.794725033284772e-6,7.248931259418168e-8,197.65273677543337,197.6511992155769,false,true,1.821000099182129
import_flexible--p2--swm--clarabel,import_flexible,2,clarabel,135,8.761221882929764e-6,7.125189344092675e-8,197.65273138974288,197.6511992155769,false,true,1.8329999446868896
import_flexible--p2--swm--clarabel,import_flexible,2,clarabel,136,8.728106053154407e-6,7.006674296317073e-8,197.65272607944212,197.6511992155769,false,true,1.8440001010894775
import_flexible--p2--swm--clarabel,import_flexible,2,clarabel,137,8.695373748509896e-6,6.891466286518266e-8,197.65272085243527,197.6511992155769,false,true,1.8629999160766602
import_flexible--p2--swm--clarabel,import_flexible,2,clarabel,138,8.663015352648108e-6,6.777444851169268e-8,197.65271571691568,197.6511992155769,false,true,1.875
import_flexible--p2--swm--clarabel,import_flexible,2,clarabel,139,8.631025297447323e-6,6.665296627128559e-8,197.65271066597728,197.6511992155769,false,true,1.8870000839233398
import_flexible--p2--swm--clarabel,import_flexible,2,clarabel,140,8.599393591152642e-6,6.558072158935335e-8,197.65270568208217,197.6511992155769,false,true,1.9010000228881836
import_flexible--p2--swm--clarabel,import_flexible,2,clarabel,141,8.568115598784795e-6,6.452512510413122e-8,197.65270078032012,197.6511992155769,false,true,1.9119999408721924
import_flexible--p2--swm--clarabel,import_flexible,2,clarabel,142,8.537183911926473e-6,6.351309193852739e-8,197.65269594528863,197.6511992155769,false,true,1.9249999523162842
import_flexible--p2--swm--clarabel,import_flexible,2,clarabel,143,8.506593939502674e-6,6.250209830249709e-8,197.65269119525863,197.6511992155769,false,true,1.937000036239624
import_flexible--p2--swm--clarabel,import_flexible,2,clarabel,144,8.476337793732064e-6,6.151785857111403e-8,197.65268651469637,197.6511992155769,false,true,1.9950001239776611
import_flexible--p2--swm--clarabel,import_flexible,2,clarabel,145,8.446407918789992e-6,6.056299962919898e-8,197.65268190132304,197.6511992155769,false,true,2.007999897003174
import_flexible--p2--swm--clarabel,import_flexible,2,clarabel,146,8.416802795336246e-6,5.962242796697659e-8,197.65267735995317,197.6511992155769,false,true,2.0199999809265137
import_flexible--p2--swm--clarabel,import_flexible,2,clarabel,147,8.387511040153228e-6,5.8703328670306476e-8,197.65267288615127,197.6511992155769,false,true,2.0309998989105225
import_flexible--p2--swm--clarabel,import_flexible,2,clarabel,148,8.358531092216897e-6,5.782428165457265e-8,197.6526684685046,197.6511992155769,false,true,2.0439999103546143
import_flexible--p2--swm--clarabel,import_flexible,2,clarabel,149,8.32985968287928e-6,5.6944789356139225e-8,197.65266412590063,197.6511992155769,false,true,2.055999994277954
import_flexible--p2--swm--clarabel,import_flexible,2,clarabel,150,8.301481584573686e-6,5.6106174206593806e-8,197.65265983549202,197.6511992155769,false,true,2.2990000247955322
import_flexible--p2--swm--clarabel,import_flexible,2,clarabel,151,8.273400431211476e-6,5.528108425190137e-8,197.6526556091431,197.6511992155769,false,true,2.311000108718872
import_flexible--p2--swm--clarabel,import_flexible,2,clarabel,152,8.245609629632288e-6,5.4466016391474525e-8,197.65265144637135,197.6511992155769,false,true,2.322999954223633
import_flexible--p2--swm--clarabel,import_flexible,2,clarabel,153,8.218100584943644e-6,5.365326130601922e-8,197.65264735007185,197.6511992155769,false,true,2.3359999656677246
import_flexible--p2--swm--clarabel,import_flexible,2,clarabel,154,8.19087238550105e-6,5.287369764239713e-8,197.65264330242303,197.6511992155769,false,true,2.3480000495910645
import_flexible--p2--swm--clarabel,import_flexible,2,clarabel,155,8.163919960158982e-6,5.212392023556944e-8,197.6526393053005,197.6511992155769,false,true,2.359999895095825
import_flexible--p2--swm--clarabel,import_flexible,2,clarabel,156,8.137235102502093e-6,5.1381078780554645e-8,197.65263536869455,197.6511992155769,false,true,2.371999979019165
import_flexible--p2--swm--clarabel,import_flexible,2,clarabel,157,8.110815861616206e-6,5.0637564280586744e-8,197.6526314948714,197.6511992155769,false,true,2.388000011444092
import_flexible--p2--swm--clarabel,import_flexible,2,clarabel,158,8.084659049798693e-6,4.992985762342084e-8,197.6526276624911,197.6511992155769,false,true,2.4040000438690186
import_flexible--p2--swm--clarabel,import_flexible,2,clarabel,159,8.058757878086228e-6,4.9226565310145354e-8,197.65262388816473,197.6511992155769,false,true,2.4189999103546143
import_flexible--p2--swm--clarabel,import_flexible,2,clarabel,160,8.033109104223854e-6,4.8535083466139106e-8,197.65262016603333,197.6511992155769,false,true,2.434999942779541
import_flexible--p2--swm--clarabel,import_flexible,2,clarabel,161,8.007708872861194e-6,4.78808339365866e-8,197.6526164819038,197.6511992155769,false,true,2.450000047683716
import_flexible--p2--swm--clarabel,import_flexible,2,clarabel,162,7.982553349287919e-6,4.722699474546399e-8,197.65261285429307,197.6511992155769,false,true,2.4660000801086426
import_flexible--p2--swm--clarabel,import_flexible,2,clarabel,163,7.95763908454574e-6,4.659261587658392e-8,197.65260927118192,197.6511992155769,false,true,2.4800000190734863
import_flexible--p2--swm--clarabel,import_flexible,2,clarabel,164,7.93295942370552e-6,4.596526109734711e-8,197.6526057375154,197.6511992155769,false,true,2.495000123977661
import_flexible--p2--swm--clarabel,import_flexible,2,clarabel,165,7.908512980805213e-6,4.5361462391868557e-8,197.65260224357226,197.6511992155769,false,true,2.509000062942505
import_flexible--p2--swm--clarabel,import_flexible,2,clarabel,166,7.884296362145351e-6,4.473524080339519e-8,197.65259881204545,197.6511992155769,false,true,2.5239999294281006
import_flexible--p2--swm--clarabel,import_flexible,2,clarabel,167,7.860304397871492e-6,4.414704721233953e-8,197.65259541043832,197.6511992155769,false,true,2.5390000343322754
import_flexible--p2--swm--clarabel,import_flexible,2,clarabel,168,7.836532565237823e-6,4.3558036608160045e-8,197.65259205909516,197.6511992155769,false,true,2.553999900817871
import_flexible--p2--swm--clarabel,import_flexible,2,clarabel,169,7.812981792088003e-6,4.300323455663779e-8,197.65258873919095,197.6511992155769,false,true,2.566999912261963
import_flexible--p2--swm--clarabel,import_flexible,2,clarabel,170,7.789644656833437e-6,4.244685232468459e-8,197.65258546815335,197.6511992155769,false,true,2.5810000896453857
import_flexible--p2--swm--clarabel,import_flexible,2,clarabel,171,7.766518929742569e-6,4.191414282317396e-8,197.65258223111212,197.6511992155769,false,true,2.5959999561309814
import_flexible--p2--swm--clarabel,import_flexible,2,clarabel,172,7.74360009029004e-6,4.1364926511855415e-8,197.65257904799628,197.6511992155769,false,true,2.6110000610351562
import_flexible--p2--swm--clarabel,import_flexible,2,clarabel,173,7.720887763472783e-6,4.084285158689749e-8,197.65257589423533,197.6511992155769,false,true,2.627000093460083
import_flexible--p2--swm--clarabel,import_flexible,2,clarabel,174,7.698380749038783e-6,4.033713225937152e-8,197.65257277605133,197.6511992155769,false,true,2.6410000324249268
import_flexible--p2--swm--clarabel,import_flexible,2,clarabel,175,7.676069521224026e-6,3.98293911185732e-8,197.65256970214665,197.6511992155769,false,true,2.6570000648498535
import_flexible--p2--swm--clarabel,import_flexible,2,clarabel,176,7.65395538883006e-6,3.933565996538935e-8,197.65256666334489,197.6511992155769,false,true,2.671999931335449
import_flexible--p2--swm--clarabel,import_flexible,2,clarabel,177,7.63203253413684e-6,3.884922718244699e-8,197.65256366076818,197.6511992155769,false,true,2.684999942779541
import_flexible--p2--swm--clarabel,import_flexible,2,clarabel,178,7.610302442774174e-6,3.835973529098258e-8,197.65256070008115,197.6511992155769,false,true,2.697000026702881
import_flexible--p2--swm--clarabel,import_flexible,2,clarabel,179,7.588757819819814e-6,3.790076794074615e-8,197.65255776462186,197.6511992155769,false,true,2.7090001106262207
import_flexible--p2--swm--clarabel,import_flexible,2,clarabel,180,7.5674014346746334e-6,3.7438547165202785e-8,197.6525548696177,197.6511992155769,false,true,2.7239999771118164
import_flexible--p2--swm--clarabel,import_flexible,2,clarabel,181,7.5462258622679714e-6,3.6982501394611234e-8,197.6525520092331,197.6511992155769,false,true,2.73799991607666
import_flexible--p2--swm--clarabel,import_flexible,2,clarabel,182,7.525229110607398e-6,3.6518781443284354e-8,197.65254919126878,197.6511992155769,false,true,2.752000093460083
import_flexible--p2--swm--clarabel,import_flexible,2,clarabel,183,7.504408171795954e-6,3.609038674856624e-8,197.65254639193824,197.6511992155769,false,true,2.7690000534057617
import_flexible--p2--swm--clarabel,import_flexible,2,clarabel,184,7.483761269981444e-6,3.566843609359438e-8,197.65254362638456,197.6511992155769,false,true,2.7820000648498535
import_flexible--p2--swm--clarabel,import_flexible,2,clarabel,185,7.463289407039219e-6,3.525563219142214e-8,197.65254089275606,197.6511992155769,false,true,2.7960000038146973
import_flexible--p2--swm--clarabel,import_flexible,2,clarabel,186,7.442989287221766e-6,3.4849312560703005e-8,197.65253818998966,197.6511992155769,false,true,2.809000015258789
import_flexible--p2--swm--clarabel,import_flexible,2,clarabel,187,7.422847857586522e-6,3.443993495944042e-8,197.65253552305225,197.6511992155769,false,true,2.824000120162964
import_flexible--p2--swm--clarabel,import_flexible,2,clarabel,188,7.402876121654809e-6,3.404718333654966e-8,197.65253288052372,197.6511992155769,false,true,2.8369998931884766
import_flexible--p2--swm--clarabel,import_flexible,2,clarabel,189,7.3830676667279764e-6,3.365249573450413e-8,197.6525302721064,197.6511992155769,false,true,2.8580000400543213
import_flexible--p2--swm--clarabel,import_flexible,2,clarabel,190,7.363418423283524e-6,3.327626200977374e-8,197.65252768672002,197.6511992155769,false,true,2.878000020980835
import_flexible--p2--swm--clarabel,import_flexible,2,clarabel,191,7.343927975492467e-6,3.290790842602753e-8,197.65252512891456,197.6511992155769,false,true,2.936000108718872
import_flexible--p2--swm--clarabel,import_flexible,2,clarabel,192,7.324594859222957e-6,3.2536281877049156e-8,197.6525226041392,197.6511992155769,false,true,2.949000120162964
import_flexible--p2--swm--clarabel,import_flexible,2,clarabel,193,7.305410959602585e-6,3.216075887546577e-8,197.6525201118293,197.6511992155769,false,true,2.9639999866485596
import_flexible--p2--swm--clarabel,import_flexible,2,clarabel,194,7.286384359610083e-6,3.180488532261716e-8,197.6525176389722,197.6511992155769,false,true,2.9769999980926514
import_flexible--p2--swm--clarabel,import_flexible,2,clarabel,195,7.267502709982422e-6,3.1456893950787546e-8,197.6525151922449,197.6511992155769,false,true,2.992000102996826
import_flexible--p2--swm--clarabel,import_flexible,2,clarabel,196,7.2487706252606765e-6,3.110056534527672e-8,197.65251277948647,197.6511992155769,false,true,3.00600004196167
import_flexible--p2--swm--clarabel,import_flexible,2,clarabel,197,7.230186293964586e-6,3.07681675831839e-8,197.65251038279507,197.6511992155769,false,true,3.0190000534057617
import_flexible--p2--swm--clarabel,import_flexible,2,clarabel,198,7.211744685421305e-6,3.042660520757856e-8,197.6525080197422,197.6511992155769,false,true,3.0320000648498535
import_flexible--p2--swm--clarabel,import_flexible,2,clarabel,199,7.193441145071264e-6,3.0095200193036575e-8,197.6525056796197,197.6511992155769,false,true,3.0450000762939453
import_flexible--p2--swm--clarabel,import_flexible,2,clarabel,200,7.1752840128088984e-6,2.9779558957665486e-8,197.65250335792078,197.6511992155769,false,true,3.059000015258789
import_flexible--p2--swm--clarabel,import_flexible,2,clarabel,201,7.157261507250257e-6,2.9457203232219342e-8,197.6525010679116,197.6511992155769,false,true,3.072000026702881
import_flexible--p2--swm--clarabel,import_flexible,2,clarabel,202,7.1393757130913916e-6,2.915576580164725e-8,197.65249879297227,197.6511992155769,false,true,3.0850000381469727
import_flexible--p2--swm--clarabel,import_flexible,2,clarabel,203,7.121626155459637e-6,2.883551501742243e-8,197.65249655378366,197.6511992155769,false,true,3.0980000495910645
import_flexible--p2--swm--clarabel,import_flexible,2,clarabel,204,7.104007961182419e-6,2.8531025250688735e-8,197.6524943317059,197.6511992155769,false,true,3.1110000610351562
import_flexible--p2--swm--clarabel,import_flexible,2,clarabel,205,7.086523077136742e-6,2.823685031627665e-8,197.65249212975925,197.6511992155769,false,true,3.124000072479248
import_flexible--p2--swm--clarabel,import_flexible,2,clarabel,206,7.06916381492723e-6,2.793821744784264e-8,197.6524899550829,197.6511992155769,false,true,3.13700008392334
import_flexible--p2--swm--clarabel,import_flexible,2,clarabel,207,7.051936751363689e-6,2.7647375000494634e-8,197.65248780041316,197.6511992155769,false,true,3.1500000953674316
import_flexible--p2--swm--clarabel,import_flexible,2,clarabel,208,7.034836880803751e-6,2.737071587433082e-8,197.65248566339568,197.6511992155769,false,true,3.1640000343322754
import_flexible--p2--swm--clarabel,import_flexible,2,clarabel,209,7.017857542666241e-6,2.7079185366263303e-8,197.6524835571102,197.6511992155769,false,true,3.177999973297119
import_flexible--p2--swm--clarabel,import_flexible,2,clarabel,210,7.001002584075796e-6,2.6808899836194833e-8,197.65248146343703,197.6511992155769,false,true,3.190999984741211
import_flexible--p2--swm--clarabel,import_flexible,2,clarabel,211,6.984272539806662e-6,2.6542670089613196e-8,197.65247939055308,197.6511992155769,false,true,3.2049999237060547
import_flexible--p2--swm--clarabel,import_flexible,2,clarabel,212,6.9676603110928195e-6,2.6266843561328912e-8,197.6524773455215,197.6511992155769,false,true,3.2190001010894775
import_flexible--p2--swm--clarabel,import_flexible,2,clarabel,213,6.951166099490211e-6,2.6010287895728013e-8,197.65247531243642,197.6511992155769,false,true,3.2320001125335693
import_flexible--p2--swm--clarabel,import_flexible,2,clarabel,214,6.934792339112357e-6,2.5753268073636093e-8,197.65247330124768,197.6511992155769,false,true,3.246000051498413
import_flexible--p2--swm--clarabel,import_flexible,2,clarabel,215,6.91853174149649e-6,2.5499508546356076e-8,197.65247131028815,197.6511992155769,false,true,3.259000062942505
import_flexible--p2--swm--clarabel,import_flexible,2,clarabel,216,6.902386078810884e-6,2.5242047799189926e-8,197.6524693420854,197.6511992155769,false,true,3.2739999294281006
import_flexible--p2--swm--clarabel,import_flexible,2,clarabel,217,6.886353746682338e-6,2.4990763292098706e-8,197.65246739101406,197.6511992155769,false,true,3.2869999408721924
import_flexible--p2--swm--clarabel,import_flexible,2,clarabel,218,6.870434758736317e-6,2.4745859347752308e-8,197.6524654578383,197.6511992155769,false,true,3.3010001182556152
import_flexible--p2--swm--clarabel,import_flexible,2,clarabel,219,6.854624532426357e-6,2.451685368609624e-8,197.65246353711484,197.6511992155769,false,true,3.314000129699707
import_flexible--p2--swm--clarabel,import_flexible,2,clarabel,220,6.838924307669716e-6,2.4262794884322147e-8,197.65246164965305,197.6511992155769,false,true,3.328000068664551
import_flexible--p2--swm--clarabel,import_flexible,2,clarabel,221,6.823331153477612e-6,2.4041753171610836e-8,197.65245976426837,197.6511992155769,false,true,3.3420000076293945
import_flexible--p2--swm--clarabel,import_flexible,2,clarabel,222,6.807846200006618e-6,2.38116646539277e-8,197.65245790315635,197.6511992155769,false,true,3.3550000190734863
import_flexible--p2--swm--clarabel,import_flexible,2,clarabel,223,6.792466581872037e-6,2.357754100290599e-8,197.65245606273052,197.6511992155769,false,true,3.368000030517578
import_flexible--p2--swm--clarabel,import_flexible,2,clarabel,224,6.777192275658256e-6,2.3355675171643497e-8,197.65245423558247,197.6511992155769,false,true,3.38100004196167
import_flexible--p2--swm--clarabel,import_flexible,2,clarabel,225,6.762018156172076e-6,2.3138609181461156e-8,197.65245242414943,197.6511992155769,false,true,3.4189999103546143
import_flexible--p2--swm--clarabel,import_flexible,2,clarabel,226,6.746945013337178e-6,2.291972495127581e-8,197.65245063231515,197.6511992155769,false,true,3.430999994277954
import_flexible--p2--swm--clarabel,import_flexible,2,clarabel,227,6.731974587428155e-6,2.2712518601974985e-8,197.65244885225928,197.6511992155769,false,true,3.441999912261963
import_flexible--p2--swm--clarabel,import_flexible,2,clarabel,228,6.717103490044335e-6,2.249802139031587e-8,197.65244709377828,197.6511992155769,false,true,3.4549999237060547
import_flexible--p2--swm--clarabel,import_flexible,2,clarabel,229,6.702332674715901e-6,2.229611749393623e-8,197.65244534593756,197.6511992155769,false,true,3.4679999351501465
import_flexible--p2--swm--clarabel,import_flexible,2,clarabel,230,6.687655518962513e-6,2.2092512791394014e-8,197.65244361688434,197.6511992155769,false,true,3.4800000190734863
import_flexible--p2--swm--clarabel,import_flexible,2,clarabel,231,6.673076590897734e-6,2.187893161087473e-8,197.65244190834034,197.6511992155769,false,true,3.493000030517578
import_flexible--p2--swm--clarabel,import_flexible,2,clarabel,232,6.658593149835099e-6,2.167136411990178e-8,197.65244021399604,197.6511992155769,false,true,3.507999897003174
import_flexible--p2--swm--clarabel,import_flexible,2,clarabel,233,6.644201535318831e-6,2.1492450222315718e-8,197.652438521791,197.6511992155769,false,true,3.5199999809265137
import_flexible--p2--swm--clarabel,import_flexible,2,clarabel,234,6.629904774826187e-6,2.1285798221248875e-8,197.65243686097887,197.6511992155769,false,true,3.5309998989105225
import_flexible--p2--swm--clarabel,import_flexible,2,clarabel,235,6.615700730521806e-6,2.1100648700533853e-8,197.6524352048935,197.6511992155769,false,true,3.5439999103546143
import_flexible--p2--swm--clarabel,import_flexible,2,clarabel,236,6.601586943110294e-6,2.091811415749767e-8,197.6524335631661,197.6511992155769,false,true,3.555999994277954
import_flexible--p2--swm--clarabel,import_flexible,2,clarabel,237,6.5875624887851645e-6,2.0734346253825642e-8,197.6524319385332,197.6511992155769,false,true,3.568000078201294
import_flexible--p2--swm--clarabel,import_flexible,2,clarabel,238,6.5736277075269865e-6,2.055277362189578e-8,197.65243032707087,197.6511992155769,false,true,3.5789999961853027
import_flexible--p2--swm--clarabel,import_flexible,2,clarabel,239,6.559779636251438e-6,2.037202549709516e-8,197.65242873044363,197.6511992155769,false,true,3.5920000076293945
import_flexible--p2--swm--clarabel,import_flexible,2,clarabel,240,6.546021422592186e-6,2.0186917512599045e-8,197.6524271501715,197.6511992155769,false,true,3.6040000915527344
import_flexible--p2--swm--clarabel,import_flexible,2,clarabel,241,6.532348294053701e-6,2.0009599532855304e-8,197.65242558133224,197.6511992155769,false,true,3.615999937057495
import_flexible--p2--swm--clarabel,import_flexible,2,clarabel,242,6.518759996445375e-6,1.9838723899767707e-8,197.6524240234732,197.6511992155769,false,true,3.628000020980835
import_flexible--p2--swm--clarabel,import_flexible,2,clarabel,243,6.5052547278247755e-6,1.966155480093157e-8,197.65242248357336,197.6511992155769,false,true,3.6389999389648438
import_flexible--p2--swm--clarabel,import_flexible,2,clarabel,244,6.491832858400815e-6,1.950488484614432e-8,197.6524209479656,197.6511992155769,false,true,3.6519999504089355
import_flexible--p2--swm--clarabel,import_flexible,2,clarabel,245,6.478494817577481e-6,1.9331238429454167e-8,197.65241943503264,197.6511992155769,false,true,3.6660001277923584
import_flexible--p2--swm--clarabel,import_flexible,2,clarabel,246,6.46523847397889e-6,1.9165240838781017e-8,197.65241793141107,197.6511992155769,false,true,3.678999900817871
import_flexible--p2--swm--clarabel,import_flexible,2,clarabel,247,6.452063019665468e-6,1.8995714390346308e-8,197.65241644277984,197.6511992155769,false,true,3.691999912261963
import_flexible--p2--swm--clarabel,import_flexible,2,clarabel,248,6.438967790673383e-6,1.8834286810709422e-8,197.6524149640562,197.6511992155769,false,true,3.7039999961853027
import_flexible--p2--swm--clarabel,import_flexible,2,clarabel,249,6.425952527967414e-6,1.8677412574885643e-8,197.65241349700153,197.6511992155769,false,true,3.7330000400543213
import_flexible--p2--swm--clarabel,import_flexible,2,clarabel,250,6.413014479910262e-6,1.852540038038697e-8,197.6524120407476,197.6511992155769,false,true,3.746000051498413
import_flexible--p2--swm--clarabel,import_flexible,2,clarabel,251,6.400153395187806e-6,1.8371376975245823e-8,197.65241059832238,197.6511992155769,false,true,3.757999897003174
import_flexible--p2--swm--clarabel,import_flexible,2,clarabel,252,6.387368270864935e-6,1.8216032349194222e-8,197.65240916941798,197.6511992155769,false,true,3.7699999809265137
import_flexible--p2--swm--clarabel,import_flexible,2,clarabel,253,6.374662040756459e-6,1.8072951912806445e-8,197.65240774660424,197.6511992155769,false,true,3.7829999923706055
import_flexible--p2--swm--clarabel,import_flexible,2,clarabel,254,6.362028859437222e-6,1.792582990378655e-8,197.65240633813187,197.6511992155769,false,true,3.7950000762939453
import_flexible--p2--swm--clarabel,import_flexible,2,clarabel,255,6.349472036734385e-6,1.775915234314418e-8,197.65240495184537,197.6511992155769,false,true,3.808000087738037
import_flexible--p2--swm--clarabel,import_flexible,2,clarabel,256,6.336986443669898e-6,1.7625137405108404e-8,197.6524035607686,197.6511992155769,false,true,3.819999933242798
import_flexible--p2--swm--clarabel,import_flexible,2,clarabel,257,6.324576798035573e-6,1.7477906733009974e-8,197.65240218942878,197.6511992155769,false,true,3.8310000896453857
import_flexible--p2--swm--clarabel,import_flexible,2,clarabel,258,6.312236696620116e-6,1.7343636637967563e-8,197.65240082325255,197.6511992155769,false,true,3.8440001010894775
import_flexible--p2--swm--clarabel,import_flexible,2,clarabel,259,6.2999684271389995e-6,1.720232570279201e-8,197.65239947259334,197.6511992155769,false,true,3.8570001125335693
import_flexible--p2--swm--clarabel,import_flexible,2,clarabel,260,6.2877723991635905e-6,1.705647870164917e-8,197.6523981354622,197.6511992155769,false,true,3.86899995803833
import_flexible--p2--swm--clarabel,import_flexible,2,clarabel,261,6.275644724692855e-6,1.6929394830444977e-8,197.65239679987405,197.6511992155769,false,true,3.88100004196167
import_flexible--p2--swm--clarabel,import_flexible,2,clarabel,262,6.263588246049132e-6,1.6783585812807367e-8,197.65239548567445,197.6511992155769,false,true,3.8949999809265137
import_flexible--p2--swm--clarabel,import_flexible,2,clarabel,263,6.251599203613541e-6,1.6660387444633606e-8,197.65239417077518,197.6511992155769,false,true,3.9070000648498535
import_flexible--p2--swm--clarabel,import_flexible,2,clarabel,264,6.239681175382568e-6,1.6530876223441737e-8,197.6523928704813,197.6511992155769,false,true,3.9179999828338623
import_flexible--p2--swm--clarabel,import_flexible,2,clarabel,265,6.227827790139528e-6,1.6401141722521828e-8,197.65239158168322,197.6511992155769,false,true,3.930000066757202
import_flexible--p2--swm--clarabel,import_flexible,2,clarabel,266,6.2160411966201545e-6,1.625882672939838e-8,197.65239030890194,197.6511992155769,false,true,3.941999912261963
import_flexible--p2--swm--clarabel,import_flexible,2,clarabel,267,6.204321941104641e-6,1.6132198271678888e-8,197.65238903826133,197.6511992155769,false,true,3.9539999961853027
import_flexible--p2--swm--clarabel,import_flexible,2,clarabel,268,6.192667210641095e-6,1.6018554205299296e-8,197.6523877726897,197.6511992155769,false,true,3.9670000076293945
import_flexible--p2--swm--clarabel,import_flexible,2,clarabel,269,6.181076696234264e-6,1.588462048007777e-8,197.65238652867788,197.6511992155769,false,true,3.993000030517578
import_flexible--p2--swm--clarabel,import_flexible,2,clarabel,270,6.16955082637977e-6,1.577215920367525e-8,197.65238528300372,197.6511992155769,false,true,4.00600004196167
import_flexible--p2--swm--clarabel,import_flexible,2,clarabel,271,6.158089736827612e-6,1.5638756761804373e-8,197.65238405846074,197.6511992155769,false,true,4.019000053405762
import_flexible--p2--swm--clarabel,import_flexible,2,clarabel,272,6.146692331888591e-6,1.5540267184199763e-8,197.65238282571497,197.6511992155769,false,true,4.0309998989105225
import_flexible--p2--swm--clarabel,import_flexible,2,clarabel,273,6.1353561599884125e-6,1.542262359488511e-8,197.65238161337814,197.6511992155769,false,true,4.04200005531311
import_flexible--p2--swm--clarabel,import_flexible,2,clarabel,274,6.124079996096896e-6,1.5298777578109934e-8,197.65238041338642,197.6511992155769,false,true,4.055999994277954
import_flexible--p2--swm--clarabel,import_flexible,2,clarabel,275,6.112869512293011e-6,1.5176238099545714e-8,197.6523792205664,197.6511992155769,false,true,4.066999912261963
import_flexible--p2--swm--clarabel,import_flexible,2,clarabel,276,6.101716478594406e-6,1.5052877930243902e-8,197.65237803858977,197.6511992155769,false,true,4.079999923706055
import_flexible--p2--swm--clarabel,import_flexible,2,clarabel,277,6.09062584800878e-6,1.4954445251569304e-8,197.65237685416912,197.6511992155769,false,true,4.091000080108643
import_flexible--p2--swm--clarabel,import_flexible,2,clarabel,278,6.0795924090483276e-6,1.4850226312534964e-8,197.6523756824322,197.6511992155769,false,true,4.102999925613403
import_flexible--p2--swm--clarabel,import_flexible,2,clarabel,279,6.068619239856848e-6,1.4744161100366249e-8,197.6523745210616,197.6511992155769,false,true,4.114000082015991
import_flexible--p2--swm--clarabel,import_flexible,2,clarabel,280,6.05770397974694e-6,1.462576262878379e-8,197.65237337445797,197.6511992155769,false,true,4.127000093460083
import_flexible--p2--swm--clarabel,import_flexible,2,clarabel,281,6.046847014016456e-6,1.4529629860371429e-8,197.6523722243496,197.6511992155769,false,true,4.140000104904175
import_flexible--p2--swm--clarabel,import_flexible,2,clarabel,282,6.0360478002709845e-6,1.441601926721603e-8,197.65237109280685,197.6511992155769,false,true,4.1519999504089355
import_flexible--p2--swm--clarabel,import_flexible,2,clarabel,283,6.0253041261892895e-6,1.430619087083862e-8,197.65236996737252,197.6511992155769,false,true,4.163000106811523
import_flexible--p2--swm--clarabel,import_flexible,2,clarabel,284,6.014620236254925e-6,1.4214052171390712e-8,197.65236884139017,197.6511992155769,false,true,4.177000045776367
import_flexible--p2--swm--clarabel,import_flexible,2,clarabel,285,6.003990202633909e-6,1.4102438730678735e-8,197.65236773507692,197.6511992155769,false,true,4.200000047683716
import_flexible--p2--swm--clarabel,import_flexible,2,clarabel,286,5.993415504748885e-6,1.3996276956862452e-8,197.6523666336065,197.6511992155769,false,true,4.211999893188477
import_flexible--p2--swm--clarabel,import_flexible,2,clarabel,287,5.9828964631010564e-6,1.3890322267395838e-8,197.65236554036426,197.6511992155769,false,true,4.224999904632568
import_flexible--p2--swm--clarabel,import_flexible,2,clarabel,288,5.972429822062333e-6,1.378713020139255e-8,197.65236445439731,197.6511992155769,false,true,4.236999988555908
import_flexible--p2--swm--clarabel,import_flexible,2,clarabel,289,5.96201858397856e-6,1.3698779513515724e-8,197.65236337004953,197.6511992155769,false,true,4.249000072479248
import_flexible--p2--swm--clarabel,import_flexible,2,clarabel,290,5.951661353753579e-6,1.3596153591866056e-8,197.65236230137987,197.6511992155769,false,true,4.260999917984009
import_flexible--p2--swm--clarabel,import_flexible,2,clarabel,291,5.941354949992846e-6,1.3488305986020244e-8,197.65236124326725,197.6511992155769,false,true,4.273000001907349
import_flexible--p2--swm--clarabel,import_flexible,2,clarabel,292,5.9311043646628e-6,1.3402158591246938e-8,197.65236018151626,197.6511992155769,false,true,4.28600001335144
import_flexible--p2--swm--clarabel,import_flexible,2,clarabel,293,5.920904920898483e-6,1.3314782873474762e-8,197.65235912945192,197.6511992155769,false,true,4.296999931335449
import_flexible--p2--swm--clarabel,import_flexible,2,clarabel,294,5.910755879644614e-6,1.3222406905488704e-8,197.65235808774116,197.6511992155769,false,true,4.309000015258789
import_flexible--p2--swm--clarabel,import_flexible,2,clarabel,295,5.9006583947257045e-6,1.3116716421346375e-8,197.65235705988815,197.6511992155769,false,true,4.321000099182129
import_flexible--p2--swm--clarabel,import_flexible,2,clarabel,296,5.890612312577723e-6,1.3027371598139936e-8,197.6523560308864,197.6511992155769,false,true,4.334000110626221
import_flexible--p2--swm--clarabel,import_flexible,2,clarabel,297,5.8806180972234295e-6,1.2955817210724696e-8,197.65235500085006,197.6511992155769,false,true,4.3459999561309814
import_flexible--p2--swm--clarabel,import_flexible,2,clarabel,298,5.870671800205103e-6,1.2858341433275022e-8,197.65235399229792,197.6511992155769,false,true,4.368000030517578
import_flexible--p2--swm--clarabel,import_flexible,2,clarabel,299,5.860774081298007e-6,1.2777498240024165e-8,197.65235298102772,197.6511992155769,false,true,4.378999948501587
import_flexible--p2--swm--clarabel,import_flexible,2,clarabel,300,5.850926465645788e-6,1.2677836572216883e-8,197.6523519873943,197.6511992155769,false,true,4.391000032424927
import_flexible--p2--swm--clarabel,import_flexible,2,clarabel,301,5.841127492396806e-6,1.2583928690745871e-8,197.65235099679782,197.6511992155769,false,true,4.4040000438690186
import_flexible--p2--swm--clarabel,import_flexible,2,clarabel,302,5.831378659393315e-6,1.250606020131162e-8,197.65235000538968,197.6511992155769,false,true,4.416000127792358
import_flexible--p2--swm--clarabel,import_flexible,2,clarabel,303,5.821674069837114e-6,1.2420733608298207e-8,197.65234902670673,197.6511992155769,false,true,4.427999973297119
import_flexible--p2--swm--clarabel,import_flexible,2,clarabel,304,5.81201948351479e-6,1.2346192929113542e-8,197.65234804892685,197.6511992155769,false,true,4.440000057220459
import_flexible--p2--swm--clarabel,import_flexible,2,clarabel,305,5.802411909435049e-6,1.2262130560936058e-8,197.6523470829853,197.6511992155769,false,true,4.45199990272522
import_flexible--p2--swm--clarabel,import_flexible,2,clarabel,306,5.792848738069138e-6,1.218156249482849e-8,197.65234612182746,197.6511992155769,false,true,4.46399998664856
import_flexible--p2--swm--clarabel,import_flexible,2,clarabel,307,5.7833330413537e-6,1.2103470059532384e-8,197.65234516538254,197.6511992155769,false,true,4.476999998092651
import_flexible--p2--swm--clarabel,import_flexible,2,clarabel,308,5.773862026421787e-6,1.2015573536139357e-8,197.65234422062747,197.6511992155769,false,true,4.48799991607666
import_flexible--p2--swm--clarabel,import_flexible,2,clarabel,309,5.764439886282975e-6,1.1931539811715908e-8,197.65234328042888,197.6511992155769,false,true,4.509000062942505
import_flexible--p2--swm--clarabel,import_flexible,2,clarabel,310,5.755059639804423e-6,1.185873980957819e-8,197.6523423407793,197.6511992155769,false,true,4.520999908447266
import_flexible--p2--swm--clarabel,import_flexible,2,clarabel,311,5.745726072501546e-6,1.17722764175765e-8,197.65234141592305,197.6511992155769,false,true,4.533999919891357
import_flexible--p2--swm--clarabel,import_flexible,2,clarabel,312,5.736435360009279e-6,1.1697394261545035e-8,197.65234049067644,197.6511992155769,false,true,4.546000003814697
import_flexible--p2--swm--clarabel,import_flexible,2,clarabel,313,5.727190786266399e-6,1.1628443805089539e-8,197.652339570091,197.6511992155769,false,true,4.559000015258789
import_flexible--p2--swm--clarabel,import_flexible,2,clarabel,314,5.717988970139147e-6,1.154642775835768e-8,197.6523386620143,197.6511992155769,false,true,4.571000099182129
import_flexible--p2--swm--clarabel,import_flexible,2,clarabel,315,5.7088294379660125e-6,1.1470882035902186e-8,197.65233775656407,197.6511992155769,false,true,4.58299994468689
import_flexible--p2--swm--clarabel,import_flexible,2,clarabel,316,5.6997140345844075e-6,1.140217688322398e-8,197.65233685360977,197.6511992155769,false,true,4.5950000286102295
import_flexible--p2--swm--clarabel,import_flexible,2,clarabel,317,5.690641358085441e-6,1.1325472878964682e-8,197.6523359613359,197.6511992155769,false,true,4.605999946594238
import_flexible--p2--swm--clarabel,import_flexible,2,clarabel,318,5.681609628428351e-6,1.12511416572314e-8,197.65233507361927,197.6511992155769,false,true,4.625999927520752
import_flexible--p2--swm--clarabel,import_flexible,2,clarabel,319,5.672621698179806e-6,1.1182739928505825e-8,197.65233418903932,197.6511992155769,false,true,4.638000011444092
import_flexible--p2--swm--clarabel,import_flexible,2,clarabel,320,5.6636739655744535e-6,1.109718564262785e-8,197.65233331882632,197.6511992155769,false,true,4.650000095367432
import_flexible--p2--swm--clarabel,import_flexible,2,clarabel,321,5.654766554351698e-6,1.1031484267731706e-8,197.6523324442255,197.6511992155769,false,true,4.663000106811523
import_flexible--p2--swm--clarabel,import_flexible,2,clarabel,322,5.64590117935193e-6,1.096523848109765e-8,197.65233157662806,197.6511992155769,false,true,4.676000118255615
import_flexible--p2--swm--clarabel,import_flexible,2,clarabel,323,5.637077911124776e-6,1.0888304841083496e-8,197.6523307203554,197.6511992155769,false,true,4.687000036239624
import_flexible--p2--swm--clarabel,import_flexible,2,clarabel,324,5.628292777393184e-6,1.0824407994936003e-8,197.65232986321655,197.6511992155769,false,true,4.700000047683716
import_flexible--p2--swm--clarabel,import_flexible,2,clarabel,325,5.619550571847849e-6,1.075582627130256e-8,197.6523290144288,197.6511992155769,false,true,4.711999893188477
import_flexible--p2--swm--clarabel,import_flexible,2,clarabel,326,5.610845926055803e-6,1.0686288562378188e-8,197.65232817117607,197.6511992155769,false,true,4.732000112533569
import_flexible--p2--swm--clarabel,import_flexible,2,clarabel,327,5.602181557792543e-6,1.0624125162950193e-8,197.6523273301247,197.6511992155769,false,true,4.745000123977661
import_flexible--p2--swm--clarabel,import_flexible,2,clarabel,328,5.59355468569707e-6,1.0565070651669117e-8,197.65232649295078,197.6511992155769,false,true,4.75600004196167
import_flexible--p2--swm--clarabel,import_flexible,2,clarabel,329,5.5849686043562095e-6,1.0498379568457672e-8,197.65232566517025,197.6511992155769,false,true,4.766999959945679
import_flexible--p2--swm--clarabel,import_flexible,2,clarabel,330,5.576420010957392e-6,1.0432679289906766e-8,197.65232484188886,197.6511992155769,false,true,4.7799999713897705
import_flexible--p2--swm--clarabel,import_flexible,2,clarabel,331,5.567910374678933e-6,1.037673631743008e-8,197.65232401874238,197.6511992155769,false,true,4.792999982833862
import_flexible--p2--swm--clarabel,import_flexible,2,clarabel,332,5.559436763068571e-6,1.0307440401202683e-8,197.65232320748873,197.6511992155769,false,true,4.803999900817871
import_flexible--p2--swm--clarabel,import_flexible,2,clarabel,333,5.551000766419859e-6,1.023386367315915e-8,197.65232240315993,197.6511992155769,false,true,4.822999954223633
import_flexible--p2--swm--clarabel,import_flexible,2,clarabel,334,5.542606625835217e-6,1.0169343700461297e-8,197.65232159921015,197.6511992155769,false,true,4.835999965667725
import_flexible--p2--swm--clarabel,import_flexible,2,clarabel,335,5.53424413074488e-6,1.01143238645518e-8,197.65232079634308,197.6511992155769,false,true,4.8480000495910645
import_flexible--p2--swm--clarabel,import_flexible,2,clarabel,336,5.5259220199665995e-6,1.004325464459832e-8,197.65232000763802,197.6511992155769,false,true,4.861000061035156
import_flexible--p2--swm--clarabel,import_flexible,2,clarabel,337,5.517633300155079e-6,9.995321029188098e-9,197.65231921154364,197.6511992155769,false,true,4.872999906539917
import_flexible--p2--swm--clarabel,import_flexible,2,clarabel,338,5.509383071624427e-6,9.93599842680215e-9,197.65231842739286,197.6511992155769,false,true,4.884999990463257
import_flexible--p2--swm--clarabel,import_flexible,2,clarabel,339,5.50116768966385e-6,9.879191381623187e-9,197.65231764607606,197.6511992155769,false,true,4.898000001907349
import_flexible--p2--swm--clarabel,import_flexible,2,clarabel,340,5.492988658322756e-6,9.811265674897207e-9,197.65231687501813,197.6511992155769,false,true,4.916000127792358
import_flexible--p2--swm--clarabel,import_flexible,2,clarabel,341,5.484845043701724e-6,9.751229143595275e-9,197.65231610374667,197.6511992155769,false,true,4.928999900817871
import_flexible--p2--swm--clarabel,import_flexible,2,clarabel,342,5.47673581748191e-6,9.697637914918289e-9,197.65231533515487,197.6511992155769,false,true,4.941999912261963
import_flexible--p2--swm--clarabel,import_flexible,2,clarabel,343,5.4686623513943245e-6,9.634559677840215e-9,197.65231457587709,197.6511992155769,false,true,4.956000089645386
import_flexible--p2--swm--clarabel,import_flexible,2,clarabel,344,5.460623047171996e-6,9.576792581178495e-9,197.65231381903232,197.6511992155769,false,true,4.9679999351501465
import_flexible--p2--swm--clarabel,import_flexible,2,clarabel,345,5.4526180604984695e-6,9.522409791240527e-9,197.65231306620205,197.6511992155769,true,true,4.979000091552734
import_fixed--p1--swm--clarabel,import_fixed,1,clarabel,1,0.15843442124577894,0.9252493938469035,181.98055952749598,207.69996095514077,false,false,0.0409998893737793
import_fixed--p1--swm--clarabel,import_fixed,1,clarabel,2,0.06481846628906264,0.17882113179855963,226.36093642189994,207.69996095514077,false,false,0.05299997329711914
import_fixed--p1--swm--clarabel,import_fixed,1,clarabel,3,0.04971600809610427,0.06696425702234868,222.9139697026257,207.69996095514077,false,true,0.06499981880187988
import_fixed--p1--swm--clarabel,import_fixed,1,clarabel,4,0.03400405618751323,0.06696361588636926,221.3501236277149,207.69996095514077,false,true,0.07599997520446777
import_fixed--p1--swm--clarabel,import_fixed,1,clarabel,5,0.010851819952185192,0.05891056297488087,219.3293148692066,207.69996095514077,false,true,0.08899998664855957
import_fixed--p1--swm--clarabel,import_fixed,1,clarabel,6,0.015181109967712127,0.04021619163777035,217.03682033724874,207.69996095514077,false,false,0.09999990463256836
import_fixed--p1--swm--clarabel,import_fixed,1,clarabel,7,0.018886389321890157,0.03042277807585758,215.58833216288406,207.69996095514077,false,false,0.1119999885559082
import_fixed--p1--swm--clarabel,import_fixed,1,clarabel,8,0.021868502339949573,0.03038998093580747,214.18768524609638,207.69996095514077,false,false,0.12399983406066895
import_fixed--p1--swm--clarabel,import_fixed,1,clarabel,9,0.02405502049577583,0.030357639260780167,212.83325946594303,207.69996095514077,false,true,0.13499999046325684
import_fixed--p1--swm--clarabel,import_fixed,1,clarabel,10,0.025324201305973053,0.030325287251777633,211.5363749292083,207.69996095514077,false,true,0.14899992942810059
import_fixed--p1--swm--clarabel,import_fixed,1,clarabel,11,0.014153782573409338,0.030292839075827582,210.7904095118214,207.69996095514077,false,true,0.16099977493286133
import_fixed--p1--swm--clarabel,import_fixed,1,clarabel,12,0.001739770164043848,0.030258617307364788,210.1062149975799,207.69996095514077,false,true,0.17299985885620117
import_fixed--p1--swm--clarabel,import_fixed,1,clarabel,13,0.00020706514283814153,0.030139011339867516,208.9554380756677,207.69996095514077,false,false,0.18499994277954102
import_fixed--p1--swm--clarabel,import_fixed,1,clarabel,14,0.0001858199356978941,0.03011491868986438,208.01453458709787,207.69996095514077,false,true,0.1979999542236328
import_fixed--p1--swm--clarabel,import_fixed,1,clarabel,15,0.00017174921280505015,0.008665214674832611,207.7635397941325,207.69996095514077,false,true,0.21299982070922852
import_fixed--p1--swm--clarabel,import_fixed,1,clarabel,16,0.00015924522231470682,0.006818839116329634,207.74767915920017,207.69996095514077,false,true,0.22499990463256836
import_fixed--p1--swm--clarabel,import_fixed,1,clarabel,17,0.00014781117907879492,0.00681409177820852,207.73425926226474,207.69996095514077,false,true,0.2389998435974121
import_fixed--p1--swm--clarabel,import_fixed,1,clarabel,18,0.00013960472220888383,0.006797928483915361,207.7207392180816,207.69996095514077,false,true,0.25099992752075195
import_fixed--p1--swm--clarabel,import_fixed,1,clarabel,19,0.0001461431745455624,0.006452966472832999,207.70752574411637,207.69996095514077,false,true,0.2649998664855957
import_fixed--p1--swm--clarabel,import_fixed,1,clarabel,20,0.00013795047603464887,0.0031637266704875877,207.7035030810929,207.69996095514077,false,true,0.27899980545043945
import_fixed--p1--swm--clarabel,import_fixed,1,clarabel,21,0.00014220651067392565,0.00032662528157800796,207.70336186806855,207.69996095514077,false,true,0.29199981689453125
import_fixed--p1--swm--clarabel,import_fixed,1,clarabel,22,0.00011321135170100865,6.48256742855069e-5,207.70239501597212,207.69996095514077,false,true,0.30499982833862305
import_fixed--p1--swm--clarabel,import_fixed,1,clarabel,23,0.00010757838531388391,2.8789570591436497e-5,207.701845027878,207.69996095514077,false,true,0.31799983978271484
import_fixed--p1--swm--clarabel,import_fixed,1,clarabel,24,0.00010254045103362907,1.625988376197096e-5,207.70150596319132,207.69996095514077,false,true,0.3319997787475586
import_fixed--p1--swm--clarabel,import_fixed,1,clarabel,25,9.79795034977693e-5,1.0251835207086835e-5,207.7012767130164,207.69996095514077,false,true,0.34599995613098145
import_fixed--p1--swm--clarabel,import_fixed,1,clarabel,26,9.382791970067507e-5,6.918575521597248e-6,207.7011116656313,207.69996095514077,false,true,0.35899996757507324
import_fixed--p1--swm--clarabel,import_fixed,1,clarabel,27,9.003281488148298e-5,4.8920646407157875e-6,207.70098756263752,207.69996095514077,false,true,0.372999906539917
import_fixed--p1--swm--clarabel,import_fixed,1,clarabel,28,8.655079883477447e-5,3.5789883598424943e-6,207.70089114010153,207.69996095514077,false,true,0.3859999179840088
import_fixed--p1--swm--clarabel,import_fixed,1,clarabel,29,8.334528386151744e-5,2.6870406015788717e-6,207.70081429388003,207.69996095514077,false,true,0.3989999294281006
import_fixed--p1--swm--clarabel,import_fixed,1,clarabel,30,8.038480722525533e-5,2.0597653507814506e-6,207.7007518245796,207.69996095514077,false,true,0.41299986839294434
import_fixed--p1--swm--clarabel,import_fixed,1,clarabel,31,7.764274385676808e-5,1.6061817665335987e-6,207.70070014320999,207.69996095514077,false,true,0.4269998073577881
import_fixed--p1--swm--clarabel,import_fixed,1,clarabel,32,7.509592482756278e-5,1.2714349311715445e-6,207.70065677035825,207.69996095514077,false,true,0.44099998474121094
import_fixed--p1--swm--clarabel,import_fixed,1,clarabel,33,7.272445013437802e-5,1.019752003950103e-6,207.70061988351316,207.69996095514077,false,true,0.4549999237060547
import_fixed--p1--swm--clarabel,import_fixed,1,clarabel,34,7.05109888345732e-5,8.282261247383182e-7,207.70058816121053,207.69996095514077,false,true,0.497999906539917
import_fixed--p1--swm--clarabel,import_fixed,1,clarabel,35,6.844024138207384e-5,6.807297787680966e-7,207.70056059138807,207.69996095514077,false,true,0.5109999179840088
import_fixed--p1--swm--clarabel,import_fixed,1,clarabel,36,6.649892214398307e-5,5.661196261774748e-7,207.7005363852029,207.69996095514077,false,true,0.5219998359680176
import_fixed--p1--swm--clarabel,import_fixed,1,clarabel,37,6.467533921225312e-5,4.762097676747068e-7,207.70051495252892,207.69996095514077,false,true,0.5349998474121094
import_fixed--p1--swm--clarabel,import_fixed,1,clarabel,38,6.295904661845032e-5,4.053365658118757e-7,207.70049580325656,207.69996095514077,false,true,0.5479998588562012
import_fixed--p1--swm--clarabel,import_fixed,1,clarabel,39,6.134083315769498e-5,3.4911691798589217e-7,207.70047858504404,207.69996095514077,false,true,0.560999870300293
import_fixed--p1--swm--clarabel,import_fixed,1,clarabel,40,5.9812661755647746e-5,3.040070215010182e-7,207.70046302754463,207.69996095514077,false,true,0.5729999542236328
import_fixed--p1--swm--clarabel,import_fixed,1,clarabel,41,5.836697284423607e-5,2.6792272489473135e-7,207.70044886467633,207.69996095514077,false,true,0.5849997997283936
import_fixed--p1--swm--clarabel,import_fixed,1,clarabel,42,5.699745917035633e-5,2.3871683108023234e-7,207.70043587827882,207.69996095514077,false,true,0.5969998836517334
import_fixed--p1--swm--clarabel,import_fixed,1,clarabel,43,5.5698048492511e-5,2.2046217290627723e-7,207.70042393879532,207.69996095514077,false,true,0.6089999675750732
import_fixed--p1--swm--clarabel,import_fixed,1,clarabel,44,5.4463597877802364e-5,2.1160629704031209e-7,207.70041287827314,207.69996095514077,false,true,0.620999813079834
import_fixed--p1--swm--clarabel,import_fixed,1,clarabel,45,5.32892777153273e-5,2.0322837690489592e-7,207.70040264105057,207.69996095514077,false,true,0.6329998970031738
import_fixed--p1--swm--clarabel,import_fixed,1,clarabel,46,5.2170730521923624e-5,1.9541416257373712e-7,207.70039311254027,207.69996095514077,false,true,0.6459999084472656
import_fixed--p1--swm--clarabel,import_fixed,1,clarabel,47,5.110405125175919e-5,1.8800558038156723e-7,207.70038419017038,207.69996095514077,false,true,0.6589999198913574
import_fixed--p1--swm--clarabel,import_fixed,1,clarabel,48,5.008572693481811e-5,1.8263323681155796e-7,207.700376006469,207.69996095514077,false,true,0.6709997653961182
import_fixed--p1--swm--clarabel,import_fixed,1,clarabel,49,4.911244493255307e-5,1.7442056493566227e-7,207.70036787718894,207.69996095514077,false,true,0.682999849319458
import_fixed--p1--swm--clarabel,import_fixed,1,clarabel,50,4.8181308232081946e-5,1.6819302534054614e-7,207.7003605212729,207.69996095514077,false,true,0.6959998607635498
import_fixed--p1--swm--clarabel,import_fixed,1,clarabel,51,4.7289578773474446e-5,1.6225025012417404e-7,207.70035359032465,207.69996095514077,false,true,0.7099997997283936
import_fixed--p1--swm--clarabel,import_fixed,1,clarabel,52,4.643480894249808e-5,1.5674019243627768e-7,207.7003470355341,207.69996095514077,false,true,0.7219998836517334
import_fixed--p1--swm--clarabel,import_fixed,1,clarabel,53,4.561455495185909e-5,1.514115289813489e-7,207.70034084538906,207.69996095514077,false,true,0.7339999675750732
import_fixed--p1--swm--clarabel,import_fixed,1,clarabel,54,4.482698016228248e-5,1.4640954482114665e-7,207.70033497637326,207.69996095514077,false,true,0.746999979019165
import_fixed--p1--swm--clarabel,import_fixed,1,clarabel,55,4.406999985879183e-5,1.4157732586284055e-7,207.70032942021646,207.69996095514077,false,true,0.7599999904632568
import_fixed--p1--swm--clarabel,import_fixed,1,clarabel,56,4.3341928939076944e-5,1.3707248319727583e-7,207.7003241399434,207.69996095514077,false,true,0.7729997634887695
import_fixed--p1--swm--clarabel,import_fixed,1,clarabel,57,4.264097950643843e-5,1.3273443255634731e-7,207.70031911043407,207.69996095514077,false,true,0.7849998474121094
import_fixed--p1--swm--clarabel,import_fixed,1,clarabel,58,4.196570327342673e-5,1.2865396775696425e-7,207.70031434694866,207.69996095514077,false,true,0.7979998588562012
import_fixed--p1--swm--clarabel,import_fixed,1,clarabel,59,4.131474782418577e-5,1.2467133070348524e-7,207.70030982611564,207.69996095514077,false,true,0.810999870300293
import_fixed--p1--swm--clarabel,import_fixed,1,clarabel,60,4.068672081161936e-5,1.2089866924247517e-7,207.70030551976006,207.69996095514077,false,true,0.8239998817443848
import_fixed--p1--swm--clarabel,import_fixed,1,clarabel,61,4.008040437511714e-5,1.1735620003561209e-7,207.70030141258755,207.69996095514077,false,true,0.8369998931884766
import_fixed--p1--swm--clarabel,import_fixed,1,clarabel,62,3.949475101733773e-5,1.1393259502501252e-7,207.70029749686438,207.69996095514077,false,true,0.8499999046325684
import_fixed--p1--swm--clarabel,import_fixed,1,clarabel,63,3.892867909724176e-5,1.1065642829821698e-7,207.70029376246202,207.69996095514077,false,true,0.8619999885559082
import_fixed--p1--swm--clarabel,import_fixed,1,clarabel,64,3.838109489582499e-5,1.0751729023761314e-7,207.70029020429666,207.69996095514077,false,true,0.875
import_fixed--p1--swm--clarabel,import_fixed,1,clarabel,65,3.7851231626099974e-5,1.0451587773019355e-7,207.7002867882904,207.69996095514077,false,true,0.8879997730255127
import_fixed--p1--swm--clarabel,import_fixed,1,clarabel,66,3.7338176839465184e-5,1.016120622643335e-7,207.70028355225506,207.69996095514077,false,true,0.9009997844696045
import_fixed--p1--swm--clarabel,import_fixed,1,clarabel,67,3.684106203423591e-5,9.889716817701455e-8,207.70028046643006,207.69996095514077,false,true,0.9139997959136963
import_fixed--p1--swm--clarabel,import_fixed,1,clarabel,68,3.6359248109670127e-5,9.623374258582729e-8,207.70027751338966,207.69996095514077,false,true,0.9499998092651367
import_fixed--p1--swm--clarabel,import_fixed,1,clarabel,69,3.58919315206586e-5,9.317227250837945e-8,207.7002747326011,207.69996095514077,false,true,0.9629998207092285
import_fixed--p1--swm--clarabel,import_fixed,1,clarabel,70,3.543846617699979e-5,8.707729576284962e-8,207.7002725119157,207.69996095514077,false,true,0.9759998321533203
import_fixed--p1--swm--clarabel,import_fixed,1,clarabel,71,3.499830295542157e-5,8.487998331974111e-8,207.70027035403314,207.69996095514077,false,true,0.9889998435974121
import_fixed--p1--swm--clarabel,import_fixed,1,clarabel,72,3.457083464860924e-5,8.283423374999543e-8,207.70026824324583,207.69996095514077,false,true,1.000999927520752
import_fixed--p1--swm--clarabel,import_fixed,1,clarabel,73,3.4155430859565556e-5,8.084898306393029e-8,207.70026623205058,207.69996095514077,false,true,1.0129997730255127
import_fixed--p1--swm--clarabel,import_fixed,1,clarabel,74,3.3751654774574e-5,7.886784270105807e-8,207.70026430876698,207.69996095514077,false,true,1.0269999504089355
import_fixed--p1--swm--clarabel,import_fixed,1,clarabel,75,3.335889126154789e-5,7.705419896586463e-8,207.70026245248096,207.69996095514077,false,true,1.0379998683929443
import_fixed--p1--swm--clarabel,import_fixed,1,clarabel,76,3.2976839933650624e-5,7.525684742049066e-8,207.70026066628927,207.69996095514077,false,true,1.0499999523162842
import_fixed--p1--swm--clarabel,import_fixed,1,clarabel,77,3.260500445119567e-5,7.359183484823006e-8,207.70025893216163,207.69996095514077,false,true,1.061999797821045
import_fixed--p1--swm--clarabel,import_fixed,1,clarabel,78,3.224292424628607e-5,7.262695012055786e-8,207.70025727432972,207.69996095514077,false,true,1.0739998817443848
import_fixed--p1--swm--clarabel,import_fixed,1,clarabel,79,3.189022748867847e-5,7.173479263378191e-8,207.70025569830415,207.69996095514077,false,true,1.0869998931884766
import_fixed--p1--swm--clarabel,import_fixed,1,clarabel,80,3.154654594777534e-5,7.085698169873034e-8,207.70025419098943,207.69996095514077,false,true,1.0999999046325684
import_fixed--p1--swm--clarabel,import_fixed,1,clarabel,81,3.121150682491605e-5,6.998418974890619e-8,207.7002527656738,207.69996095514077,false,true,1.1119999885559082
import_fixed--p1--swm--clarabel,import_fixed,1,clarabel,82,3.0884869777910005e-5,6.916998529504781e-8,207.70025138347864,207.69996095514077,false,true,1.122999906539917
import_fixed--p1--swm--clarabel,import_fixed,1,clarabel,83,3.056613426114215e-5,6.838608226922283e-8,207.7002500602464,207.69996095514077,false,true,1.1349999904632568
import_fixed--p1--swm--clarabel,import_fixed,1,clarabel,84,3.0255184434547673e-5,6.749563655206181e-8,207.70024881130684,207.69996095514077,false,true,1.1469998359680176
import_fixed--p1--swm--clarabel,import_fixed,1,clarabel,85,2.9951678816687483e-5,6.679105590823298e-8,207.70024759952582,207.69996095514077,false,true,1.1599998474121094
import_fixed--p1--swm--clarabel,import_fixed,1,clarabel,86,2.965532937488307e-5,6.596404877878825e-8,207.7002464368759,207.69996095514077,false,true,1.1719999313354492
import_fixed--p1--swm--clarabel,import_fixed,1,clarabel,87,2.9365879615671595e-5,6.519177925268238e-8,207.7002453489185,207.69996095514077,false,true,1.185999870300293
import_fixed--p1--swm--clarabel,import_fixed,1,clarabel,88,2.9083032334872606e-5,6.456872370108613e-8,207.70024431012047,207.69996095514077,false,true,1.1979999542236328
import_fixed--p1--swm--clarabel,import_fixed,1,clarabel,89,2.880658903142203e-5,6.385836828770586e-8,207.70024331541387,207.69996095514077,false,true,1.2119998931884766
import_fixed--p1--swm--clarabel,import_fixed,1,clarabel,90,2.8536436288720516e-5,6.306544134138115e-8,207.70024236322394,207.69996095514077,false,true,1.2249999046325684
import_fixed--p1--swm--clarabel,import_fixed,1,clarabel,91,2.8272209150369644e-5,6.243289038532218e-8,207.70024145338664,207.69996095514077,false,true,1.2379999160766602
import_fixed--p1--swm--clarabel,import_fixed,1,clarabel,92,2.8013767603721458e-5,6.17902302935125e-8,207.70024056427872,207.69996095514077,false,true,1.2659997940063477
import_fixed--p1--swm--clarabel,import_fixed,1,clarabel,93,2.7760882673351485e-5,6.107639324848257e-8,207.70023974229576,207.69996095514077,false,true,1.2779998779296875
import_fixed--p1--swm--clarabel,import_fixed,1,clarabel,94,2.7513412180516202e-5,6.04864360542745e-8,207.7002389693618,207.69996095514077,false,true,1.2899999618530273
import_fixed--p1--swm--clarabel,import_fixed,1,clarabel,95,2.7271168416074445e-5,5.984487411181405e-8,207.70023822089564,207.69996095514077,false,true,1.301999807357788
import_fixed--p1--swm--clarabel,import_fixed,1,clarabel,96,2.703396350026396e-5,5.9239905092489664e-8,207.7002375069467,207.69996095514077,false,true,1.312999963760376
import_fixed--p1--swm--clarabel,import_fixed,1,clarabel,97,2.6801699450604033e-5,5.8586083068190575e-8,207.7002368360717,207.69996095514077,false,true,1.3249998092651367
import_fixed--p1--swm--clarabel,import_fixed,1,clarabel,98,2.65741152963547e-5,5.807795455670117e-8,207.70023617099127,207.69996095514077,false,true,1.3369998931884766
import_fixed--p1--swm--clarabel,import_fixed,1,clarabel,99,2.63511264507844e-5,5.740299710565999e-8,207.7002355678838,207.69996095514077,false,true,1.3489999771118164
import_fixed--p1--swm--clarabel,import_fixed,1,clarabel,100,2.6132605530789068e-5,5.687558060629705e-8,207.7002349982849,207.69996095514077,false,true,1.3609998226165771
import_fixed--p1--swm--clarabel,import_fixed,1,clarabel,101,2.591833754743296e-5,5.636237496164931e-8,207.7002344542481,207.69996095514077,false,true,1.372999906539917
import_fixed--p1--swm--clarabel,import_fixed,1,clarabel,102,2.5708271374794396e-5,5.58190358657118e-8,207.70023392825226,207.69996095514077,false,true,1.3839998245239258
import_fixed--p1--swm--clarabel,import_fixed,1,clarabel,103,2.5502249819271807e-5,5.5194727177632075e-8,207.700233441021,207.69996095514077,false,true,1.3959999084472656
import_fixed--p1--swm--clarabel,import_fixed,1,clarabel,104,2.5300172046726175e-5,5.472099540160258e-8,207.7002329918157,207.69996095514077,false,true,1.4069998264312744
import_fixed--p1--swm--clarabel,import_fixed,1,clarabel,105,2.5101933330021446e-5,5.4166500784713634e-8,207.70023255888694,207.69996095514077,false,true,1.4189999103546143
import_fixed--p1--swm--clarabel,import_fixed,1,clarabel,106,2.4907365660974502e-5,5.368501765357081e-8,207.70023215298608,207.69996095514077,false,true,1.430999994277954
import_fixed--p1--swm--clarabel,import_fixed,1,clarabel,107,2.4716380248287784e-5,5.3196881233397164e-8,207.70023176767768,207.69996095514077,false,true,1.4439997673034668
import_fixed--p1--swm--clarabel,import_fixed,1,clarabel,108,2.4528858861182602e-5,5.276821082866867e-8,207.70023139343482,207.69996095514077,false,true,1.4549999237060547
import_fixed--p1--swm--clarabel,import_fixed,1,clarabel,109,2.434477762547349e-5,5.2147771351096495e-8,207.7002310625304,207.69996095514077,false,true,1.4679999351501465
import_fixed--p1--swm--clarabel,import_fixed,1,clarabel,110,2.4163984169005154e-5,5.1748698243203606e-8,207.70023076195093,207.69996095514077,false,true,1.4809999465942383
import_fixed--p1--swm--clarabel,import_fixed,1,clarabel,111,2.3986425621392758e-5,5.1278499835216707e-8,207.70023045638868,207.69996095514077,false,true,1.5069999694824219
import_fixed--p1--swm--clarabel,import_fixed,1,clarabel,112,2.3811909040660773e-5,5.0839604026631235e-8,207.7002301735202,207.69996095514077,false,true,1.5199999809265137
import_fixed--p1--swm--clarabel,import_fixed,1,clarabel,113,2.3640484808629122e-5,5.034026046013551e-8,207.7002299175914,207.69996095514077,false,true,1.5319998264312744
import_fixed--p1--swm--clarabel,import_fixed,1,clarabel,114,2.3471975460739614e-5,4.9904297250158436e-8,207.70022970462685,207.69996095514077,false,true,1.5439999103546143
import_fixed--p1--swm--clarabel,import_fixed,1,clarabel,115,2.3306336160231677e-5,4.95266115063675e-8,207.70022950822,207.69996095514077,false,true,1.556999921798706
import_fixed--p1--swm--clarabel,import_fixed,1,clarabel,116,2.3143515718556962e-5,4.909526685192844e-8,207.70022930017004,207.69996095514077,false,true,1.5679998397827148
import_fixed--p1--swm--clarabel,import_fixed,1,clarabel,117,2.298339599128184e-5,4.8601510677093174e-8,207.70022913090435,207.69996095514077,false,true,1.5799999237060547
import_fixed--p1--swm--clarabel,import_fixed,1,clarabel,118,2.2825938255795332e-5,4.824136889958197e-8,207.70022898264295,207.69996095514077,false,true,1.5909998416900635
import_fixed--p1--swm--clarabel,import_fixed,1,clarabel,119,2.2671091641375664e-5,4.782729040586631e-8,207.7002288289924,207.69996095514077,false,true,1.6029999256134033
import_fixed--p1--swm--clarabel,import_fixed,1,clarabel,120,2.251873015708798e-5,4.739880082871295e-8,207.70022868662602,207.69996095514077,false,true,1.614999771118164
import_fixed--p1--swm--clarabel,import_fixed,1,clarabel,121,2.2368815622412924e-5,4.6988921031942965e-8,207.70022858855174,207.69996095514077,false,true,1.625999927520752
import_fixed--p1--swm--clarabel,import_fixed,1,clarabel,122,2.2221278021438238e-5,4.6675675047236354e-8,207.7002285124328,207.69996095514077,false,true,1.6379997730255127
import_fixed--p1--swm--clarabel,import_fixed,1,clarabel,123,2.2076108519009093e-5,4.623891736166286e-8,207.7002284364096,207.69996095514077,false,true,1.6499998569488525
import_fixed--p1--swm--clarabel,import_fixed,1,clarabel,124,2.1933175787550415e-5,4.593013483433772e-8,207.70022835413363,207.69996095514077,false,true,1.6619999408721924
import_fixed--p1--swm--clarabel,import_fixed,1,clarabel,125,2.1792489673327413e-5,4.547175080915622e-8,207.70022828829826,207.69996095514077,false,true,1.6739997863769531
import_fixed--p1--swm--clarabel,import_fixed,1,clarabel,126,2.1653985621968143e-5,4.5064932785443546e-8,207.70022825751334,207.69996095514077,false,true,1.686999797821045
import_fixed--p1--swm--clarabel,import_fixed,1,clarabel,127,2.151752213297442e-5,4.484255877734711e-8,207.7002282509705,207.69996095514077,false,true,1.7109999656677246
import_fixed--p1--swm--clarabel,import_fixed,1,clarabel,128,2.1383194298664094e-5,4.439440007275586e-8,207.70022823702328,207.69996095514077,false,true,1.7239999771118164
import_fixed--p1--swm--clarabel,import_fixed,1,clarabel,129,2.1250850920488546e-5,4.4071032073711436e-8,207.70022823717773,207.69996095514077,false,true,1.7359998226165771
import_fixed--p1--swm--clarabel,import_fixed,1,clarabel,130,2.1120464647800766e-5,4.373389891898505e-8,207.70022824892732,207.69996095514077,false,true,1.748999834060669
import_fixed--p1--swm--clarabel,import_fixed,1,clarabel,131,2.0992038965843157e-5,4.3380772113410515e-8,207.70022825316977,207.69996095514077,false,true,1.7609999179840088
import_fixed--p1--swm--clarabel,import_fixed,1,clarabel,132,2.0865468993612847e-5,4.297823025245506e-8,207.70022828969212,207.69996095514077,false,true,1.7729997634887695
import_fixed--p1--swm--clarabel,import_fixed,1,clarabel,133,2.0740697699255843e-5,4.2753194928746296e-8,207.7002283369536,207.69996095514077,false,true,1.7849998474121094
import_fixed--p1--swm--clarabel,import_fixed,1,clarabel,134,2.0617735789611608e-5,4.240171527780667e-8,207.70022839283195,207.69996095514077,false,true,1.7969999313354492
import_fixed--p1--swm--clarabel,import_fixed,1,clarabel,135,2.0496509004385256e-5,4.209331389004589e-8,207.7002284590186,207.69996095514077,false,true,1.80899977684021
import_fixed--p1--swm--clarabel,import_fixed,1,clarabel,136,2.0377044459411614e-5,4.171824419252346e-8,207.70022852939817,207.69996095514077,false,true,1.8209998607635498
import_fixed--p1--swm--clarabel,import_fixed,1,clarabel,137,2.0259217124956646e-5,4.144521495441644e-8,207.70022861272764,207.69996095514077,false,true,1.8319997787475586
import_fixed--p1--swm--clarabel,import_fixed,1,clarabel,138,2.014307046150808e-5,4.1087082014446e-8,207.70022869880125,207.69996095514077,false,true,1.8439998626708984
import_fixed--p1--swm--clarabel,import_fixed,1,clarabel,139,2.0028446965913993e-5,4.0904756748449955e-8,207.7002287796173,207.69996095514077,false,true,1.8569998741149902
import_fixed--p1--swm--clarabel,import_fixed,1,clarabel,140,1.9915436967584988e-5,4.049872034950219e-8,207.70022887596667,207.69996095514077,false,true,1.878999948501587
import_fixed--p1--swm--clarabel,import_fixed,1,clarabel,141,1.9803968246412392e-5,4.016867968803517e-8,207.7002290046134,207.69996095514077,false,true,1.8919999599456787
import_fixed--p1--swm--clarabel,import_fixed,1,clarabel,142,1.969398182866122e-5,3.99580037668823e-8,207.70022914245413,207.69996095514077,false,true,1.9039998054504395
import_fixed--p1--swm--clarabel,import_fixed,1,clarabel,143,1.958548057401366e-5,3.96380464007251e-8,207.70022927383582,207.69996095514077,false,true,1.9179999828338623
import_fixed--p1--swm--clarabel,import_fixed,1,clarabel,144,1.9478399361328897e-5,3.9371495952345015e-8,207.7002294135932,207.69996095514077,false,true,1.929999828338623
import_fixed--p1--swm--clarabel,import_fixed,1,clarabel,145,1.937273259407361e-5,3.907949519543763e-8,207.70022955971774,207.69996095514077,false,true,1.9439997673034668
import_fixed--p1--swm--clarabel,import_fixed,1,clarabel,146,1.9268424044195275e-5,3.882468810334494e-8,207.7002297190374,207.69996095514077,false,true,1.9559998512268066
import_fixed--p1--swm--clarabel,import_fixed,1,clarabel,147,1.9165516288545025e-5,3.8489925607843034e-8,207.7002298744552,207.69996095514077,false,true,1.9689998626708984
import_fixed--p1--swm--clarabel,import_fixed,1,clarabel,148,1.9063876941454776e-5,3.8317573752832956e-8,207.7002300211253,207.69996095514077,false,true,1.9819998741149902
import_fixed--p1--swm--clarabel,import_fixed,1,clarabel,149,1.8963571162368027e-5,3.7952748804803704e-8,207.70023018148117,207.69996095514077,false,true,1.99399995803833
import_fixed--p1--swm--clarabel,import_fixed,1,clarabel,150,1.8864503615575757e-5,3.773656942485104e-8,207.7002303563546,207.69996095514077,false,true,2.005999803543091
import_fixed--p1--swm--clarabel,import_fixed,1,clarabel,151,1.8766666509785097e-5,3.749855700951876e-8,207.7002305419519,207.69996095514077,false,true,2.0279998779296875
import_fixed--p1--swm--clarabel,import_fixed,1,clarabel,152,1.8670120719130072e-5,3.712513446663124e-8,207.7002307433218,207.69996095514077,false,true,2.0399999618530273
import_fixed--p1--swm--clarabel,import_fixed,1,clarabel,153,1.8574694673781615e-5,3.701692527502409e-8,207.7002309604565,207.69996095514077,false,true,2.050999879837036
import_fixed--p1--swm--clarabel,import_fixed,1,clarabel,154,1.8480473887154275e-5,3.6712858225707024e-8,207.70023116708876,207.69996095514077,false,true,2.062999963760376
import_fixed--p1--swm--clarabel,import_fixed,1,clarabel,155,1.838741192820721e-5,3.644906598765374e-8,207.70023137180738,207.69996095514077,false,true,2.0759999752044678
import_fixed--p1--swm--clarabel,import_fixed,1,clarabel,156,1.8295489012412873e-5,3.618975663588486e-8,207.70023158520132,207.69996095514077,false,true,2.0879998207092285
import_fixed--p1--swm--clarabel,import_fixed,1,clarabel,157,1.8204640123445607e-5,3.598340211907747e-8,207.7002318026313,207.69996095514077,false,true,2.0999999046325684
import_fixed--p1--swm--clarabel,import_fixed,1,clarabel,158,1.8114845395630653e-5,3.578187929287324e-8,207.70023203107036,207.69996095514077,false,true,2.110999822616577
import_fixed--p1--swm--clarabel,import_fixed,1,clarabel,159,1.8026196028490688e-5,3.544600571392387e-8,207.70023225536548,207.69996095514077,false,true,2.123999834060669
import_fixed--p1--swm--clarabel,import_fixed,1,clarabel,160,1.7938560514745898e-5,3.524950836775176e-8,207.7002324802579,207.69996095514077,false,true,2.1439998149871826
import_fixed--p1--swm--clarabel,import_fixed,1,clarabel,161,1.7851912422963487e-5,3.5100255618703e-8,207.70023270397513,207.69996095514077,false,true,2.1559998989105225
import_fixed--p1--swm--clarabel,import_fixed,1,clarabel,162,1.7766280707759933e-5,3.476924606560239e-8,207.70023294779506,207.69996095514077,false,true,2.1679999828338623
import_fixed--p1--swm--clarabel,import_fixed,1,clarabel,163,1.7681683213396663e-5,3.45542423008105e-8,207.7002331997761,207.69996095514077,false,true,2.179999828338623
import_fixed--p1--swm--clarabel,import_fixed,1,clarabel,164,1.7597996222524174e-5,3.4395132408882034e-8,207.7002334568047,207.69996095514077,false,true,2.191999912261963
import_fixed--p1--swm--clarabel,import_fixed,1,clarabel,165,1.751534025550384e-5,3.4106826446445027e-8,207.7002336837983,207.69996095514077,false,true,2.2029998302459717
import_fixed--p1--swm--clarabel,import_fixed,1,clarabel,166,1.743350907241153e-5,3.3936716076210516e-8,207.70023394361408,207.69996095514077,false,true,2.2159998416900635
import_fixed--p1--swm--clarabel,import_fixed,1,clarabel,167,1.7352703060832553e-5,3.36581639226452e-8,207.70023421635076,207.69996095514077,false,true,2.2279999256134033
import_fixed--p1--swm--clarabel,import_fixed,1,clarabel,168,1.7272767927572534e-5,3.3503801760703666e-8,207.70023445964296,207.69996095514077,false,true,2.246999979019165
import_fixed--p1--swm--clarabel,import_fixed,1,clarabel,169,1.719366635642074e-5,3.3302466229123695e-8,207.70023471763156,207.69996095514077,false,true,2.259999990463257
import_fixed--p1--swm--clarabel,import_fixed,1,clarabel,170,1.7115472496649755e-5,3.302428230878007e-8,207.70023499795573,207.69996095514077,false,true,2.2719998359680176
import_fixed--p1--swm--clarabel,import_fixed,1,clarabel,171,1.7038114853126533e-5,3.29024177625481e-8,207.70023528657347,207.69996095514077,false,true,2.2849998474121094
import_fixed--p1--swm--clarabel,import_fixed,1,clarabel,172,1.696162780264541e-5,3.268208489948243e-8,207.70023554685645,207.69996095514077,false,true,2.295999765396118
import_fixed--p1--swm--clarabel,import_fixed,1,clarabel,173,1.6885952197822423e-5,3.240493451350801e-8,207.70023583204778,207.69996095514077,false,true,2.307999849319458
import_fixed--p1--swm--clarabel,import_fixed,1,clarabel,174,1.6811067624280327e-5,3.233077319753086e-8,207.7002361034754,207.69996095514077,false,true,2.32099986076355
import_fixed--p1--swm--clarabel,import_fixed,1,clarabel,175,1.6736999453340314e-5,3.201514367501268e-8,207.7002363945511,207.69996095514077,false,true,2.3379998207092285
import_fixed--p1--swm--clarabel,import_fixed,1,clarabel,176,1.666372812312502e-5,3.1867641442362427e-8,207.70023669664448,207.69996095514077,false,true,2.3499999046325684
import_fixed--p1--swm--clarabel,import_fixed,1,clarabel,177,1.6591232181602372e-5,3.165725620535298e-8,207.70023698469106,207.69996095514077,false,true,2.36299991607666
import_fixed--p1--swm--clarabel,import_fixed,1,clarabel,178,1.651944297157123e-5,3.1835261649071356e-8,207.70023726837917,207.69996095514077,false,true,2.375
import_fixed--p1--swm--clarabel,import_fixed,1,clarabel,179,1.6448424139695302e-5,3.1251581544822216e-8,207.7002375653558,207.69996095514077,false,true,2.3879997730255127
import_fixed--p1--swm--clarabel,import_fixed,1,clarabel,180,1.6378154597338693e-5,3.111232804720032e-8,207.70023786681872,207.69996095514077,false,true,2.3999998569488525
import_fixed--p1--swm--clarabel,import_fixed,1,clarabel,181,1.6308608450870725e-5,3.0918446802807864e-8,207.7002381740797,207.69996095514077,false,true,2.4129998683929443
import_fixed--p1--swm--clarabel,import_fixed,1,clarabel,182,1.6239755700399947e-5,3.074845267292403e-8,207.70023847643375,207.69996095514077,false,true,2.430999994277954
import_fixed--p1--swm--clarabel,import_fixed,1,clarabel,183,1.6171581574812727e-5,3.059374167890816e-8,207.70023878445966,207.69996095514077,false,true,2.441999912261963
import_fixed--p1--swm--clarabel,import_fixed,1,clarabel,184,1.6104138772409336e-5,3.3068914273570726e-8,207.7002390669387,207.69996095514077,false,true,2.4529998302459717
import_fixed--p1--swm--clarabel,import_fixed,1,clarabel,185,1.6037315744187417e-5,3.019587649366606e-8,207.700239377716,207.69996095514077,false,true,2.4649999141693115
import_fixed--p1--swm--clarabel,import_fixed,1,clarabel,186,1.5971233920689358e-5,2.9989386335360635e-8,207.70023969897568,207.69996095514077,false,true,2.4779999256134033
import_fixed--p1--swm--clarabel,import_fixed,1,clarabel,187,1.59057329647171e-5,3.090891353974001e-8,207.70023999736097,207.69996095514077,false,true,2.489999771118164
import_fixed--p1--swm--clarabel,import_fixed,1,clarabel,188,1.584090987413492e-5,2.9660424422095488e-8,207.70024029497716,207.69996095514077,false,true,2.508999824523926
import_fixed--p1--swm--clarabel,import_fixed,1,clarabel,189,1.5776702826072764e-5,2.94932207822729e-8,207.700240625383,207.69996095514077,false,true,2.5199999809265137
import_fixed--p1--swm--clarabel,import_fixed,1,clarabel,190,1.5713132487988286e-5,2.9399765039128667e-8,207.70024093774492,207.69996095514077,false,true,2.5329999923706055
import_fixed--p1--swm--clarabel,import_fixed,1,clarabel,191,1.5650174460711917e-5,2.9136030976761873e-8,207.7002412656226,207.69996095514077,false,true,2.545999765396118
import_fixed--p1--swm--clarabel,import_fixed,1,clarabel,192,1.558784642414162e-5,2.900007184392095e-8,207.70024159181713,207.69996095514077,false,true,2.557999849319458
import_fixed--p1--swm--clarabel,import_fixed,1,clarabel,193,1.5526070557396338e-5,2.8886701503028078e-8,207.7002419226963,207.69996095514077,false,true,2.569999933242798
import_fixed--p1--swm--clarabel,import_fixed,1,clarabel,194,1.5464912722186096e-5,2.8676516522496698e-8,207.7002422449907,207.69996095514077,false,true,2.5889999866485596
import_fixed--p1--swm--clarabel,import_fixed,1,clarabel,195,1.5404302048534337e-5,3.2540412586712364e-8,207.70024254988576,207.69996095514077,false,true,2.6029999256134033
import_fixed--p1--swm--clarabel,import_fixed,1,clarabel,196,1.5344305948375688e-5,2.831609693942916e-8,207.7002428610202,207.69996095514077,false,true,2.614999771118164
import_fixed--p1--swm--clarabel,import_fixed,1,clarabel,197,1.528483377457388e-5,2.821797098762069e-8,207.70024318324477,207.69996095514077,false,true,2.626999855041504
import_fixed--p1--swm--clarabel,import_fixed,1,clarabel,198,1.5225927445617801e-5,3.168931395070018e-8,207.70024353278492,207.69996095514077,false,true,2.6389999389648438
import_fixed--p1--swm--clarabel,import_fixed,1,clarabel,199,1.5167528481771242e-5,2.7964740023644907e-8,207.70024387009065,207.69996095514077,false,true,2.6499998569488525
import_fixed--p1--swm--clarabel,import_fixed,1,clarabel,200,1.5109703430710669e-5,2.7753618403458802e-8,207.7002442103559,207.69996095514077,false,true,2.6629998683929443
import_fixed--p1--swm--clarabel,import_fixed,1,clarabel,201,1.5052419902587694e-5,3.167846818197262e-8,207.7002445204726,207.69996095514077,false,true,2.680999994277954
import_fixed--p1--swm--clarabel,import_fixed,1,clarabel,202,1.4995635320601652e-5,2.7432537047511474e-8,207.70024484020658,207.69996095514077,false,true,2.693999767303467
import_fixed--p1--swm--clarabel,import_fixed,1,clarabel,203,1.4939352588288541e-5,2.7310078254405568e-8,207.70024516861037,207.69996095514077,false,true,2.7079999446868896
import_fixed--p1--swm--clarabel,import_fixed,1,clarabel,204,1.4883570223904336e-5,3.1889587193134616e-8,207.70024552326595,207.69996095514077,false,true,2.7209999561309814
import_fixed--p1--swm--clarabel,import_fixed,1,clarabel,205,1.4828308126026776e-5,2.7022075882454644e-8,207.70024586849664,207.69996095514077,false,true,2.732999801635742
import_fixed--p1--swm--clarabel,import_fixed,1,clarabel,206,1.4773543780796397e-5,2.8880363878158732e-8,207.70024619383753,207.69996095514077,false,true,2.746999979019165
import_fixed--p1--swm--clarabel,import_fixed,1,clarabel,207,1.4719229551924345e-5,2.6699347371872406e-8,207.7002465370664,207.69996095514077,false,true,2.7659997940063477
import_fixed--p1--swm--clarabel,import_fixed,1,clarabel,208,1.4665450946971248e-5,2.654375144683918e-8,207.7002468885213,207.69996095514077,false,true,2.7799999713897705
import_fixed--p1--swm--clarabel,import_fixed,1,clarabel,209,1.4612099985242013e-5,2.6450386103604728e-8,207.70024722756312,207.69996095514077,false,true,2.7919998168945312
import_fixed--p1--swm--clarabel,import_fixed,1,clarabel,210,1.4559206573571226e-5,2.6321054447109304e-8,207.70024756676497,207.69996095514077,false,true,2.803999900817871
import_fixed--p1--swm--clarabel,import_fixed,1,clarabel,211,1.450677099809364e-5,2.6180069806480688e-8,207.70024790850948,207.69996095514077,false,true,2.817999839782715
import_fixed--p1--swm--clarabel,import_fixed,1,clarabel,212,1.4454805080665876e-5,3.3614151684346893e-8,207.7002482340907,207.69996095514077,false,true,2.8299999237060547
import_fixed--p1--swm--clarabel,import_fixed,1,clarabel,213,1.4403241712040488e-5,2.592303421922182e-8,207.70024855807085,207.69996095514077,false,true,2.8489999771118164
import_fixed--p1--swm--clarabel,import_fixed,1,clarabel,214,1.4352119884663106e-5,2.8990549627572193e-8,207.70024891768605,207.69996095514077,false,true,2.859999895095825
import_fixed--p1--swm--clarabel,import_fixed,1,clarabel,215,1.4301433562553937e-5,2.569894844151044e-8,207.7002492745579,207.69996095514077,false,true,2.872999906539917
import_fixed--p1--swm--clarabel,import_fixed,1,clarabel,216,1.425117628805029e-5,2.5552524929306486e-8,207.70024962566384,207.69996095514077,false,true,2.8869998455047607
import_fixed--p1--swm--clarabel,import_fixed,1,clarabel,217,1.4201321813360352e-5,2.5442817158660702e-8,207.70024996754398,207.69996095514077,false,true,2.8989999294281006
import_fixed--p1--swm--clarabel,import_fixed,1,clarabel,218,1.4151897882806109e-5,3.2939676986032396e-8,207.70025030052855,207.69996095514077,false,true,2.9099998474121094
import_fixed--p1--swm--clarabel,import_fixed,1,clarabel,219,1.4102894061401356e-5,2.5125546920801156e-8,207.70025063153167,207.69996095514077,false,true,2.922999858856201
import_fixed--p1--swm--clarabel,import_fixed,1,clarabel,220,1.4054248448913674e-5,2.5076480669739e-8,207.70025097430724,207.69996095514077,false,true,2.942999839782715
import_fixed--p1--swm--clarabel,import_fixed,1,clarabel,221,1.4006059481501282e-5,3.1809100242696786e-8,207.70025133407557,207.69996095514077,false,true,2.9549999237060547
import_fixed--p1--swm--clarabel,import_fixed,1,clarabel,222,1.3958234676021823e-5,2.4849991953068695e-8,207.70025168036972,207.69996095514077,false,true,2.9669997692108154
import_fixed--p1--swm--clarabel,import_fixed,1,clarabel,223,1.3910808685462843e-5,2.4643146523395387e-8,207.7002520115472,207.69996095514077,false,true,2.9799997806549072
import_fixed--p1--swm--clarabel,import_fixed,1,clarabel,224,1.3863763076993328e-5,3.05492842134214e-8,207.70025237647485,207.69996095514077,false,true,2.990999937057495
import_fixed--p1--swm--clarabel,import_fixed,1,clarabel,225,1.3817094913770589e-5,2.443938224017117e-8,207.70025274077625,207.69996095514077,false,true,3.002999782562256
import_fixed--p1--swm--clarabel,import_fixed,1,clarabel,226,1.3770788817540396e-5,2.9598228978855445e-8,207.70025307598786,207.69996095514077,false,true,3.0219998359680176
import_fixed--p1--swm--clarabel,import_fixed,1,clarabel,227,1.3724859140912764e-5,2.4133874704235225e-8,207.70025342499034,207.69996095514077,false,true,3.0339999198913574
import_fixed--p1--swm--clarabel,import_fixed,1,clarabel,228,1.3679308752703985e-5,2.4061612480252847e-8,207.70025378414152,207.69996095514077,false,true,3.045999765396118
import_fixed--p1--swm--clarabel,import_fixed,1,clarabel,229,1.3634107651205873e-5,2.3950502997527323e-8,207.70025413710567,207.69996095514077,false,true,3.05899977684021
import_fixed--p1--swm--clarabel,import_fixed,1,clarabel,230,1.3589259665779496e-5,2.3832120138456148e-8,207.70025448669514,207.69996095514077,false,true,3.07099986076355
import_fixed--p1--swm--clarabel,import_fixed,1,clarabel,231,1.3544759199437335e-5,2.372038401809995e-8,207.70025483497096,207.69996095514077,false,true,3.0839998722076416
import_fixed--p1--swm--clarabel,import_fixed,1,clarabel,232,1.3500594638943767e-5,3.317375574241055e-8,207.7002551658723,207.69996095514077,false,true,3.0959999561309814
import_fixed--p1--swm--clarabel,import_fixed,1,clarabel,233,1.3456787372694896e-5,2.343015964578754e-8,207.70025552333138,207.69996095514077,false,true,3.113999843597412
import_fixed--p1--swm--clarabel,import_fixed,1,clarabel,234,1.341333815407797e-5,2.335414447940387e-8,207.70025587920895,207.69996095514077,false,true,3.125999927520752
import_fixed--p1--swm--clarabel,import_fixed,1,clarabel,235,1.3370237291804813e-5,2.321439362962252e-8,207.70025622861073,207.69996095514077,false,true,3.1379997730255127
import_fixed--p1--swm--clarabel,import_fixed,1,clarabel,236,1.3327414321836786e-5,2.3174196311925854e-8,207.7002565808724,207.69996095514077,false,true,3.1499998569488525
import_fixed--p1--swm--clarabel,import_fixed,1,clarabel,237,1.3284909959080078e-5,3.341680254731472e-8,207.70025691237822,207.69996095514077,false,true,3.1629998683929443
import_fixed--p1--swm--clarabel,import_fixed,1,clarabel,238,1.3242780222612957e-5,2.2865549453854328e-8,207.7002572438131,207.69996095514077,false,true,3.173999786376953
import_fixed--p1--swm--clarabel,import_fixed,1,clarabel,239,1.3200931352284263e-5,2.8782712879760197e-8,207.7002576067814,207.69996095514077,false,true,3.185999870300293
import_fixed--p1--swm--clarabel,import_fixed,1,clarabel,240,1.3159404846868112e-5,2.29171298604669e-8,207.70025794775194,207.69996095514077,false,true,3.2049999237060547
import_fixed--p1--swm--clarabel,import_fixed,1,clarabel,241,1.3118186104559888e-5,2.2595433413208355e-8,207.70025828705243,207.69996095514077,false,true,3.2169997692108154
import_fixed--p1--swm--clarabel,import_fixed,1,clarabel,242,1.3077280712960677e-5,3.0629463410036806e-8,207.70025865266422,207.69996095514077,false,true,3.2309999465942383
import_fixed--p1--swm--clarabel,import_fixed,1,clarabel,243,1.3036670724154606e-5,2.2416925676838062e-8,207.70025901736471,207.69996095514077,false,true,3.241999864578247
import_fixed--p1--swm--clarabel,import_fixed,1,clarabel,244,1.2996351691950782e-5,2.2313599856715882e-8,207.70025936977663,207.69996095514077,false,true,3.253999948501587
import_fixed--p1--swm--clarabel,import_fixed,1,clarabel,245,1.2956358823590364e-5,2.2161698726153034e-8,207.70025972099418,207.69996095514077,false,true,3.2649998664855957
import_fixed--p1--swm--clarabel,import_fixed,1,clarabel,246,1.2916659344280372e-5,3.262936765224822e-8,207.70026004462358,207.69996095514077,false,true,3.2849998474121094
import_fixed--p1--swm--clarabel,import_fixed,1,clarabel,247,1.2877198956141488e-5,2.2006154482001605e-8,207.70026038207834,207.69996095514077,false,true,3.296999931335449
import_fixed--p1--swm--clarabel,import_fixed,1,clarabel,248,1.2838055876454842e-5,2.927118780693405e-8,207.7002607460727,207.69996095514077,false,true,3.30899977684021
import_fixed--p1--swm--clarabel,import_fixed,1,clarabel,249,1.2799209946194473e-5,2.301335588761333e-8,207.7002610888639,207.69996095514077,false,true,3.32099986076355
import_fixed--p1--swm--clarabel,import_fixed,1,clarabel,250,1.276061796168742e-5,2.4876885995617215e-8,207.7002614413089,207.69996095514077,false,true,3.3329999446868896
import_fixed--p1--swm--clarabel,import_fixed,1,clarabel,251,1.2722301831872992e-5,2.384508512864869e-8,207.70026178465676,207.69996095514077,false,true,3.3459999561309814
import_fixed--p1--swm--clarabel,import_fixed,1,clarabel,252,1.2684251725524442e-5,2.4450556357358266e-8,207.70026214106372,207.69996095514077,false,true,3.364999771118164
import_fixed--p1--swm--clarabel,import_fixed,1,clarabel,253,1.2646485393947252e-5,2.140148261386976e-8,207.70026249528252,207.69996095514077,false,true,3.378999948501587
import_fixed--p1--swm--clarabel,import_fixed,1,clarabel,254,1.2608981469738625e-5,2.130320808646502e-8,207.7002628467058,207.69996095514077,false,true,3.3909997940063477
import_fixed--p1--swm--clarabel,import_fixed,1,clarabel,255,1.2571767333420649e-5,2.1163373276067432e-8,207.7002631952812,207.69996095514077,false,true,3.4039998054504395
import_fixed--p1--swm--clarabel,import_fixed,1,clarabel,256,1.2534764149065644e-5,3.296657569151762e-8,207.700263523006,207.69996095514077,false,true,3.4179999828338623
import_fixed--p1--swm--clarabel,import_fixed,1,clarabel,257,1.2498038825525802e-5,2.2192932491726935e-8,207.7002638742738,207.69996095514077,false,true,3.432999849319458
import_fixed--p1--swm--clarabel,import_fixed,1,clarabel,258,1.246157628824336e-5,2.553514266701029e-8,207.70026420993764,207.69996095514077,false,true,3.447999954223633
import_fixed--p1--swm--clarabel,import_fixed,1,clarabel,259,1.2425351262637914e-5,2.3843806373768928e-8,207.70026456896636,207.69996095514077,false,true,3.4689998626708984
import_fixed--p1--swm--clarabel,import_fixed,1,clarabel,260,1.238939140789753e-5,2.451032554695587e-8,207.70026489908483,207.69996095514077,false,true,3.4819998741149902
import_fixed--p1--swm--clarabel,import_fixed,1,clarabel,261,1.2353668778497529e-5,2.4367133755198722e-8,207.7002652556319,207.69996095514077,false,true,3.494999885559082
import_fixed--p1--swm--clarabel,import_fixed,1,clarabel,262,1.2318207245645947e-5,2.0540517980949247e-8,207.70026560600562,207.69996095514077,false,true,3.509999990463257
import_fixed--p1--swm--clarabel,import_fixed,1,clarabel,263,1.2282944751408241e-5,2.050722580637654e-8,207.70026596048757,207.69996095514077,false,true,3.5229997634887695
import_fixed--p1--swm--clarabel,import_fixed,1,clarabel,264,1.2247965135134011e-5,2.0343710577241936e-8,207.70026630318642,207.69996095514077,false,true,3.5349998474121094
import_fixed--p1--swm--clarabel,import_fixed,1,clarabel,265,1.2213198292496875e-5,2.028956719302144e-8,207.7002666461985,207.69996095514077,false,true,3.556999921798706
import_fixed--p1--swm--clarabel,import_fixed,1,clarabel,266,1.217865188368245e-5,3.293515016267179e-8,207.70026697421167,207.69996095514077,false,true,3.57099986076355
import_fixed--p1--swm--clarabel,import_fixed,1,clarabel,267,1.2144387341922972e-5,2.1858930332463444e-8,207.7002673206178,207.69996095514077,false,true,3.5829999446868896
import_fixed--p1--swm--clarabel,import_fixed,1,clarabel,268,1.2110300141991587e-5,2.0056948407676245e-8,207.7002676749501,207.69996095514077,false,true,3.5959999561309814
import_fixed--p1--swm--clarabel,import_fixed,1,clarabel,269,1.2076412708072015e-5,3.0671299500184546e-8,207.70026799967349,207.69996095514077,false,true,3.6089999675750732
import_fixed--p1--swm--clarabel,import_fixed,1,clarabel,270,1.2042827320722017e-5,2.2769398144717456e-8,207.70026834343912,207.69996095514077,false,true,3.621999979019165
import_fixed--p1--swm--clarabel,import_fixed,1,clarabel,271,1.2009402903851388e-5,2.5187015140204494e-8,207.70026868045534,207.69996095514077,false,true,3.633999824523926
import_fixed--p1--swm--clarabel,import_fixed,1,clarabel,272,1.1976240454044964e-5,1.9632825476456617e-8,207.70026900817052,207.69996095514077,false,true,3.6539998054504395
import_fixed--p1--swm--clarabel,import_fixed,1,clarabel,273,1.194326850422806e-5,3.020517946872303e-8,207.70026936263864,207.69996095514077,false,true,3.6669998168945312
import_fixed--p1--swm--clarabel,import_fixed,1,clarabel,274,1.1910506434251934e-5,1.9548277330194708e-8,207.70026971886588,207.69996095514077,false,true,3.678999900817871
import_fixed--p1--swm--clarabel,import_fixed,1,clarabel,275,1.1877951213157267e-5,2.9277556601314814e-8,207.70027004389362,207.69996095514077,false,true,3.692999839782715
import_fixed--p1--swm--clarabel,import_fixed,1,clarabel,276,1.1845589304600294e-5,2.291565870393697e-8,207.70027039252113,207.69996095514077,false,true,3.7059998512268066
import_fixed--p1--swm--clarabel,import_fixed,1,clarabel,277,1.1813478269557203e-5,2.49499589877189e-8,207.70027072370073,207.69996095514077,false,true,3.7189998626708984
import_fixed--p1--swm--clarabel,import_fixed,1,clarabel,278,1.1781576940806847e-5,2.4094834571997126e-8,207.70027106653365,207.69996095514077,false,true,3.7309999465942383
import_fixed--p1--swm--clarabel,import_fixed,1,clarabel,279,1.1749858765397468e-5,2.4237601703447353e-8,207.70027139356858,207.69996095514077,false,true,3.750999927520752
import_fixed--p1--swm--clarabel,import_fixed,1,clarabel,280,1.1718318052880957e-5,2.4488197136740553e-8,207.7002717390111,207.69996095514077,false,true,3.7639999389648438
import_fixed--p1--swm--clarabel,import_fixed,1,clarabel,281,1.1687024476211585e-5,1.8933044215740935e-8,207.70027208999323,207.69996095514077,false,true,3.7769999504089355
import_fixed--p1--swm--clarabel,import_fixed,1,clarabel,282,1.1655891479374473e-5,1.8897749642921013e-8,207.70027243019598,207.69996095514077,false,true,3.7899999618530273
import_fixed--p1--swm--clarabel,import_fixed,1,clarabel,283,1.1624960435839927e-5,1.880811142940253e-8,207.7002727676493,207.69996095514077,false,true,3.801999807357788
import_fixed--p1--swm--clarabel,import_fixed,1,clarabel,284,1.159423884617377e-5,1.8704139653769047e-8,207.70027310510434,207.69996095514077,false,true,3.81499981880188
import_fixed--p1--swm--clarabel,import_fixed,1,clarabel,285,1.1563679336503505e-5,1.8671403007042287e-8,207.7002734432583,207.69996095514077,false,true,3.8339998722076416
import_fixed--p1--swm--clarabel,import_fixed,1,clarabel,286,1.153333423759511e-5,1.8555649128337848e-8,207.70027377409417,207.69996095514077,false,true,3.8479998111724854
import_fixed--p1--swm--clarabel,import_fixed,1,clarabel,287,1.1503150868558635e-5,1.8521271794025296e-8,207.70027411131724,207.69996095514077,false,true,3.860999822616577
import_fixed--p1--swm--clarabel,import_fixed,1,clarabel,288,1.1473186891097775e-5,1.8391313527654773e-8,207.70027443977173,207.69996095514077,false,true,3.873999834060669
import_fixed--p1--swm--clarabel,import_fixed,1,clarabel,289,1.1443393706814494e-5,1.8339876672879285e-8,207.70027477545327,207.69996095514077,false,true,3.8869998455047607
import_fixed--p1--swm--clarabel,import_fixed,1,clarabel,290,1.141378729701598e-5,1.825549006406746e-8,207.70027510988336,207.69996095514077,false,true,3.8999998569488525
import_fixed--p1--swm--clarabel,import_fixed,1,clarabel,291,1.1384353035523178e-5,3.307971319088665e-8,207.70027542258288,207.69996095514077,false,true,3.9119999408721924
import_fixed--p1--swm--clarabel,import_fixed,1,clarabel,292,1.1355081000272916e-5,2.209610472370116e-8,207.70027575867567,207.69996095514077,false,true,3.925999879837036
import_fixed--p1--swm--clarabel,import_fixed,1,clarabel,293,1.132599068390502e-5,2.5210518783680413e-8,207.70027608261938,207.69996095514077,false,true,3.94599986076355
import_fixed--p1--swm--clarabel,import_fixed,1,clarabel,294,1.1297096706290462e-5,2.3721240305363267e-8,207.70027642143373,207.69996095514077,false,true,3.9579999446868896
import_fixed--p1--swm--clarabel,import_fixed,1,clarabel,295,1.1268340612420726e-5,2.4395040099101095e-8,207.7002767405611,207.69996095514077,false,true,3.9719998836517334
import_fixed--p1--swm--clarabel,import_fixed,1,clarabel,296,1.1239766605472292e-5,2.4474557602793823e-8,207.7002770802377,207.69996095514077,false,true,3.9839999675750732
import_fixed--p1--swm--clarabel,import_fixed,1,clarabel,297,1.1211382173949922e-5,2.458374359637361e-8,207.70027740378427,207.69996095514077,false,true,3.996999979019165
import_fixed--p1--swm--clarabel,import_fixed,1,clarabel,298,1.1183150070930896e-5,2.4440813484183366e-8,207.7002777398771,207.69996095514077,false,true,4.009999990463257
import_fixed--p1--swm--clarabel,import_fixed,1,clarabel,299,1.1155095449375741e-5,1.7638680821496777e-8,207.70027807989732,207.69996095514077,false,true,4.0299999713897705
import_fixed--p1--swm--clarabel,import_fixed,1,clarabel,300,1.1127205185741797e-5,1.7561024967527317e-8,207.7002784076074,207.69996095514077,false,true,4.041999816894531
import_fixed--p1--swm--clarabel,import_fixed,1,clarabel,301,1.1099493751079688e-5,3.199854403668212e-8,207.70027872130314,207.69996095514077,false,true,4.054999828338623
import_fixed--p1--swm--clarabel,import_fixed,1,clarabel,302,1.1071913685070907e-5,1.7420615255892002e-8,207.70027903238596,207.69996095514077,false,true,4.065999984741211
import_fixed--p1--swm--clarabel,import_fixed,1,clarabel,303,1.1044492996825639e-5,1.7369688715129783e-8,207.7002793549446,207.69996095514077,false,true,4.078999996185303
import_fixed--p1--swm--clarabel,import_fixed,1,clarabel,304,1.1017252968612759e-5,3.17898992685528e-8,207.7002796959149,207.69996095514077,false,true,4.0909998416900635
import_fixed--p1--swm--clarabel,import_fixed,1,clarabel,305,1.0990159555746002e-5,1.7245001399102122e-8,207.70028003567074,207.69996095514077,false,true,4.102999925613403
import_fixed--p1--swm--clarabel,import_fixed,1,clarabel,306,1.096322164990065e-5,1.716761682812873e-8,207.7002803687132,207.69996095514077,false,true,4.121999979019165
import_fixed--p1--swm--clarabel,import_fixed,1,clarabel,307,1.0936435879228444e-5,1.7098610194388186e-8,207.70028069309228,207.69996095514077,false,true,4.133999824523926
import_fixed--p1--swm--clarabel,import_fixed,1,clarabel,308,1.0909821555957967e-5,3.24585085476059e-8,207.7002809968022,207.69996095514077,false,true,4.146999835968018
import_fixed--p1--swm--clarabel,import_fixed,1,clarabel,309,1.088333118434451e-5,2.220612638215158e-8,207.70028132463253,207.69996095514077,false,true,4.159999847412109
import_fixed--p1--swm--clarabel,import_fixed,1,clarabel,310,1.0857003443801279e-5,1.6911052780343994e-8,207.70028165848106,207.69996095514077,false,true,4.173999786376953
import_fixed--p1--swm--clarabel,import_fixed,1,clarabel,311,1.0830832408260557e-5,1.6824450499441923e-8,207.7002819813791,207.69996095514077,false,true,4.186999797821045
import_fixed--p1--swm--clarabel,import_fixed,1,clarabel,312,1.0804809692561095e-5,3.2163373409055396e-8,207.70028228541355,207.69996095514077,false,true,4.206999778747559
import_fixed--p1--swm--clarabel,import_fixed,1,clarabel,313,1.0778909228262553e-5,1.6710053146740123e-8,207.70028259504716,207.69996095514077,false,true,4.2209999561309814
import_fixed--p1--swm--clarabel,import_fixed,1,clarabel,314,1.0753165485720794e-5,2.8832176757198624e-8,207.70028292552394,207.69996095514077,false,true,4.23199987411499
import_fixed--p1--swm--clarabel,import_fixed,1,clarabel,315,1.072757825898945e-5,1.6583440870521216e-8,207.7002832604906,207.69996095514077,false,true,4.24399995803833
import_fixed--p1--swm--clarabel,import_fixed,1,clarabel,316,1.0702114881169031e-5,1.6538864028303735e-8,207.7002835824262,207.69996095514077,false,true,4.255999803543091
import_fixed--p1--swm--clarabel,import_fixed,1,clarabel,317,1.0676795170396566e-5,3.217757582607561e-8,207.700283885854,207.69996095514077,false,true,4.266999959945679
import_fixed--p1--swm--clarabel,import_fixed,1,clarabel,318,1.0651638468725267e-5,2.2248809905534017e-8,207.70028420557412,207.69996095514077,false,true,4.2799999713897705
import_fixed--p1--swm--clarabel,import_fixed,1,clarabel,319,1.0626608413070876e-5,1.6339427588718536e-8,207.70028453216833,207.69996095514077,false,true,4.298999786376953
import_fixed--p1--swm--clarabel,import_fixed,1,clarabel,320,1.0601690754326445e-5,1.6311994199824653e-8,207.70028485522295,207.69996095514077,false,true,4.311999797821045
import_fixed--p1--swm--clarabel,import_fixed,1,clarabel,321,1.0576935484623622e-5,1.6203707459139238e-8,207.7002851752848,207.69996095514077,false,true,4.323999881744385
import_fixed--p1--swm--clarabel,import_fixed,1,clarabel,322,1.0552333107669767e-5,1.6112531919798556e-8,207.7002854895778,207.69996095514077,false,true,4.335999965667725
import_fixed--p1--swm--clarabel,import_fixed,1,clarabel,323,1.0527813091854021e-5,1.61370972973085e-8,207.70028580178325,207.69996095514077,false,true,4.348999977111816
import_fixed--p1--swm--clarabel,import_fixed,1,clarabel,324,1.0503447120340841e-5,1.6047388085027592e-8,207.70028611645415,207.69996095514077,false,true,4.360999822616577
import_fixed--p1--swm--clarabel,import_fixed,1,clarabel,325,1.0479229190558053e-5,1.5957394600141228e-8,207.70028643332677,207.69996095514077,false,true,4.372999906539917
import_fixed--p1--swm--clarabel,import_fixed,1,clarabel,326,1.0455116962989921e-5,1.5938332653675502e-8,207.7002867463055,207.69996095514077,false,true,4.391999959945679
import_fixed--p1--swm--clarabel,import_fixed,1,clarabel,327,1.0431156422064834e-5,1.5845219275556488e-8,207.70028705877672,207.69996095514077,false,true,4.4049999713897705
import_fixed--p1--swm--clarabel,import_fixed,1,clarabel,328,1.040732364742215e-5,3.2695208984634405e-8,207.7002873513975,207.69996095514077,false,true,4.417999982833862
import_fixed--p1--swm--clarabel,import_fixed,1,clarabel,329,1.0383619413089175e-5,2.209876159842139e-8,207.70028766578815,207.69996095514077,false,true,4.430999994277954
import_fixed--p1--swm--clarabel,import_fixed,1,clarabel,330,1.0360016166560177e-5,1.5725673707667198e-8,207.7002879888384,207.69996095514077,false,true,4.442999839782715
import_fixed--p1--swm--clarabel,import_fixed,1,clarabel,331,1.033654696220248e-5,1.564467827508409e-8,207.70028830037452,207.69996095514077,false,true,4.454999923706055
import_fixed--p1--swm--clarabel,import_fixed,1,clarabel,332,1.031320765807677e-5,1.5576330530953086e-8,207.70028861172142,207.69996095514077,false,true,4.4679999351501465
import_fixed--p1--swm--clarabel,import_fixed,1,clarabel,333,1.029000788102782e-5,1.5489217991548898e-8,207.7002889213889,207.69996095514077,false,true,4.48799991607666
import_fixed--p1--swm--clarabel,import_fixed,1,clarabel,334,1.0266894213028056e-5,1.5493448940473442e-8,207.7002892307035,207.69996095514077,false,true,4.5
import_fixed--p1--swm--clarabel,import_fixed,1,clarabel,335,1.024390592564327e-5,1.5431470240523382e-8,207.7002895398636,207.69996095514077,false,true,4.512999773025513
import_fixed--p1--swm--clarabel,import_fixed,1,clarabel,336,1.0221061357285064e-5,1.533376414730725e-8,207.70028984659925,207.69996095514077,false,true,4.5249998569488525
import_fixed--p1--swm--clarabel,import_fixed,1,clarabel,337,1.0198317587690134e-5,1.5310271050950064e-8,207.70029015520396,207.69996095514077,false,true,4.535999774932861
import_fixed--p1--swm--clarabel,import_fixed,1,clarabel,338,1.0175701650637738e-5,3.351243982319119e-8,207.70029044297974,207.69996095514077,false,true,4.550999879837036
import_fixed--p1--swm--clarabel,import_fixed,1,clarabel,339,1.015320969521838e-5,2.1930915972134812e-8,207.70029075143208,207.69996095514077,false,true,4.563999891281128
import_fixed--p1--swm--clarabel,import_fixed,1,clarabel,340,1.0130823115153927e-5,1.5148738846670895e-8,207.70029106528494,207.69996095514077,false,true,4.575999975204468
import_fixed--p1--swm--clarabel,import_fixed,1,clarabel,341,1.010853326342189e-5,1.51191544006668e-8,207.70029137830457,207.69996095514077,false,true,4.5959999561309814
import_fixed--p1--swm--clarabel,import_fixed,1,clarabel,342,1.0086377687512636e-5,1.5026712790744412e-8,207.70029168027298,207.69996095514077,false,true,4.608999967575073
import_fixed--p1--swm--clarabel,import_fixed,1,clarabel,343,1.006433318956839e-5,1.4977278417482864e-8,207.70029198511673,207.69996095514077,false,true,4.620999813079834
import_fixed--p1--swm--clarabel,import_fixed,1,clarabel,344,1.004240111830827e-5,1.4922941271588996e-8,207.7002922875459,207.69996095514077,false,true,4.633999824523926
import_fixed--p1--swm--clarabel,import_fixed,1,clarabel,345,1.0020583971784543e-5,1.4864198760733416e-8,207.70029258952036,207.69996095514077,false,true,4.644999980926514
import_fixed--p1--swm--clarabel,import_fixed,1,clarabel,346,9.998849945488688e-6,3.302828788243062e-8,207.70029287190408,207.69996095514077,false,true,4.6579999923706055
import_fixed--p1--swm--clarabel,import_fixed,1,clarabel,347,9.97725848040819e-6,2.225228556973491e-8,207.70029318016344,207.69996095514077,false,true,4.676999807357788
import_fixed--p1--swm--clarabel,import_fixed,1,clarabel,348,9.955772552724698e-6,1.471595370561296e-8,207.70029348882608,207.69996095514077,false,true,4.688999891281128
import_fixed--p1--swm--clarabel,import_fixed,1,clarabel,349,9.93434738149158e-6,1.473880087421442e-8,207.7002937928358,207.69996095514077,false,true,4.70199990272522
import_fixed--p1--swm--clarabel,import_fixed,1,clarabel,350,9.913068657658123e-6,3.2311495812287205e-8,207.70029407314854,207.69996095514077,false,true,4.71399998664856
import_fixed--p1--swm--clarabel,import_fixed,1,clarabel,351,9.89190191016196e-6,1.4533751174772291e-8,207.70029435411357,207.69996095514077,false,true,4.726999998092651
import_fixed--p1--swm--clarabel,import_fixed,1,clarabel,352,9.870842175044555e-6,1.4493418187822016e-8,207.70029465113782,207.69996095514077,false,true,4.738999843597412
import_fixed--p1--swm--clarabel,import_fixed,1,clarabel,353,9.849868045237868e-6,3.166522821729245e-8,207.70029496959015,207.69996095514077,false,true,4.752999782562256
import_fixed--p1--swm--clarabel,import_fixed,1,clarabel,354,9.829006076418748e-6,1.4436122602878854e-8,207.70029527502277,207.69996095514077,false,true,4.770999908447266
import_fixed--p1--swm--clarabel,import_fixed,1,clarabel,355,9.808237625823097e-6,1.4393670894063959e-8,207.70029557831072,207.69996095514077,false,true,4.7829999923706055
import_fixed--p1--swm--clarabel,import_fixed,1,clarabel,356,9.787586501830424e-6,3.1178147175126014e-8,207.70029585590572,207.69996095514077,false,true,4.794999837875366
import_fixed--p1--swm--clarabel,import_fixed,1,clarabel,357,9.767012476468263e-6,2.222209272151332e-8,207.70029615946174,207.69996095514077,false,true,4.806999921798706
import_fixed--p1--swm--clarabel,import_fixed,1,clarabel,358,9.746568019936513e-6,1.4214426802272584e-8,207.70029646196537,207.69996095514077,false,true,4.818999767303467
import_fixed--p1--swm--clarabel,import_fixed,1,clarabel,359,9.726186013096644e-6,3.023482819664025e-8,207.70029673882576,207.69996095514077,false,true,4.829999923706055
import_fixed--p1--swm--clarabel,import_fixed,1,clarabel,360,9.70592670638966e-6,1.4110429186198203e-8,207.70029702054066,207.69996095514077,false,true,4.847999811172485
import_fixed--p1--swm--clarabel,import_fixed,1,clarabel,361,9.685767486641597e-6,1.4069456710785744e-8,207.70029731187844,207.69996095514077,false,true,4.858999967575073
import_fixed--p1--swm--clarabel,import_fixed,1,clarabel,362,9.66570086706349e-6,3.141491178304534e-8,207.70029761257746,207.69996095514077,false,true,4.871999979019165
import_fixed--p1--swm--clarabel,import_fixed,1,clarabel,363,9.645732698833468e-6,1.4009428755956677e-8,207.7002979260048,207.69996095514077,false,true,4.883999824523926
import_fixed--p1--swm--clarabel,import_fixed,1,clarabel,364,9.625864732117199e-6,2.9002353851836915e-8,207.7002982004966,207.69996095514077,false,true,4.8979997634887695
import_fixed--p1--swm--clarabel,import_fixed,1,clarabel,365,9.606072774498935e-6,2.3016280215060192e-8,207.70029849828518,207.69996095514077,false,true,4.910999774932861
import_fixed--p1--swm--clarabel,import_fixed,1,clarabel,366,9.586389046417116e-6,1.3861371050971627e-8,207.7002987981453,207.69996095514077,false,true,4.923999786376953
import_fixed--p1--swm--clarabel,import_fixed,1,clarabel,367,9.566766513929341e-6,3.028004391669725e-8,207.70029907245316,207.69996095514077,false,true,4.982999801635742
import_fixed--p1--swm--clarabel,import_fixed,1,clarabel,368,9.547296702509684e-6,2.222395023565582e-8,207.70029936661604,207.69996095514077,false,true,4.995999813079834
import_fixed--p1--swm--clarabel,import_fixed,1,clarabel,369,9.527882472134843e-6,1.3737439491512404e-8,207.7002996631175,207.69996095514077,false,true,5.008999824523926
import_fixed--p1--swm--clarabel,import_fixed,1,clarabel,370,9.508578438308858e-6,3.012454918849272e-8,207.70029993819747,207.69996095514077,false,true,5.020999908447266
import_fixed--p1--swm--clarabel,import_fixed,1,clarabel,371,9.489340384835367e-6,2.2605038285661294e-8,207.70030022734738,207.69996095514077,false,true,5.0329999923706055
import_fixed--p1--swm--clarabel,import_fixed,1,clarabel,372,9.470203866404878e-6,1.3596125447712382e-8,207.7003005256234,207.69996095514077,false,true,5.045999765396118
import_fixed--p1--swm--clarabel,import_fixed,1,clarabel,373,9.451142610649265e-6,1.3566605616688321e-8,207.70030081726154,207.69996095514077,false,true,5.281999826431274
import_fixed--p1--swm--clarabel,import_fixed,1,clarabel,374,9.432191054617707e-6,1.3479971083807385e-8,207.7003010993157,207.69996095514077,false,true,5.294999837875366
import_fixed--p1--swm--clarabel,import_fixed,1,clarabel,375,9.413331075029547e-6,1.3431195544644225e-8,207.70030138497395,207.69996095514077,false,true,5.306999921798706
import_fixed--p1--swm--clarabel,import_fixed,1,clarabel,376,9.394520730585867e-6,1.3453093167248298e-8,207.70030167718613,207.69996095514077,false,true,5.318999767303467
import_fixed--p1--swm--clarabel,import_fixed,1,clarabel,377,9.375823830194317e-6,1.3359140071944609e-8,207.70030195303895,207.69996095514077,false,true,5.330999851226807
import_fixed--p1--swm--clarabel,import_fixed,1,clarabel,378,9.357231088555098e-6,1.3288350614315547e-8,207.70030223843725,207.69996095514077,false,true,5.34499979019165
import_fixed--p1--swm--clarabel,import_fixed,1,clarabel,379,9.338690023306318e-6,1.3301075796334771e-8,207.70030252176608,207.69996095514077,false,true,5.357999801635742
import_fixed--p1--swm--clarabel,import_fixed,1,clarabel,380,9.320266682372683e-6,1.320121223447046e-8,207.70030279998312,207.69996095514077,false,true,5.36899995803833
import_fixed--p1--swm--clarabel,import_fixed,1,clarabel,381,9.301920652778199e-6,3.318553021269821e-8,207.70030306001422,207.69996095514077,false,true,5.380999803543091
import_fixed--p1--swm--clarabel,import_fixed,1,clarabel,382,9.283624302737113e-6,2.218436423451209e-8,207.70030335150264,207.69996095514077,false,true,5.393999814987183
import_fixed--p1--swm--clarabel,import_fixed,1,clarabel,383,9.265418756171876e-6,1.3145686567073156e-8,207.70030364409303,207.69996095514077,false,true,5.406999826431274
import_fixed--p1--swm--clarabel,import_fixed,1,clarabel,384,9.247307532893196e-6,3.0549023311010615e-8,207.70030390561794,207.69996095514077,false,true,5.419999837875366
import_fixed--p1--swm--clarabel,import_fixed,1,clarabel,385,9.229280696909647e-6,2.296773093934945e-8,207.7003041902824,207.69996095514077,false,true,5.432999849319458
import_fixed--p1--swm--clarabel,import_fixed,1,clarabel,386,9.211315498540301e-6,2.542509802694326e-8,207.70030446020507,207.69996095514077,false,true,5.444999933242798
import_fixed--p1--swm--clarabel,import_fixed,1,clarabel,387,9.193452730608827e-6,1.2920935432703118e-8,207.70030472866938,207.69996095514077,false,true,5.45799994468689
import_fixed--p1--swm--clarabel,import_fixed,1,clarabel,388,9.17567719779547e-6,1.2874782462368728e-8,207.70030499489104,207.69996095514077,false,true,5.471999883651733
import_fixed--p1--swm--clarabel,import_fixed,1,clarabel,389,9.157973540164685e-6,1.2855119801979953e-8,207.70030527573147,207.69996095514077,false,true,5.483999967575073
import_fixed--p1--swm--clarabel,import_fixed,1,clarabel,390,9.140333749728264e-6,3.3206624672210694e-8,207.70030556664094,207.69996095514077,false,true,5.497999906539917
import_fixed--p1--swm--clarabel,import_fixed,1,clarabel,391,9.122800154697846e-6,2.233143125973669e-8,207.7003058409095,207.69996095514077,false,true,5.510999917984009
import_fixed--p1--swm--clarabel,import_fixed,1,clarabel,392,9.1053065111439e-6,2.5535689673894524e-8,207.70030612488074,207.69996095514077,false,true,5.5229997634887695
import_fixed--p1--swm--clarabel,import_fixed,1,clarabel,393,9.08791505145738e-6,1.2710337032872943e-8,207.70030641279604,207.69996095514077,false,true,5.535999774932861
import_fixed--p1--swm--clarabel,import_fixed,1,clarabel,394,9.070605017747933e-6,2.9977828552851804e-8,207.70030667242895,207.69996095514077,false,true,5.549999952316284
import_fixed--p1--swm--clarabel,import_fixed,1,clarabel,395,9.053370768770511e-6,1.2586922226720532e-8,207.70030692563068,207.69996095514077,false,true,5.561999797821045
import_fixed--p1--swm--clarabel,import_fixed,1,clarabel,396,9.036184025933524e-6,2.96132988131248e-8,207.70030721751232,207.69996095514077,false,true,5.575999975204468
import_fixed--p1--swm--clarabel,import_fixed,1,clarabel,397,9.019089076790396e-6,1.2567182017253486e-8,207.70030750489462,207.69996095514077,false,true,5.5879998207092285
import_fixed--p1--swm--clarabel,import_fixed,1,clarabel,398,9.002073961261736e-6,2.9405329504683664e-8,207.70030775923527,207.69996095514077,false,true,5.60099983215332
import_fixed--p1--swm--clarabel,import_fixed,1,clarabel,399,8.98511698483267e-6,2.2735867521994635e-8,207.7003080370518,207.69996095514077,false,true,5.613999843597412
import_fixed--p1--swm--clarabel,import_fixed,1,clarabel,400,8.968252085052937e-6,1.243273445306059e-8,207.70030831893598,207.69996095514077,false,true,5.626999855041504
import_fixed--p1--swm--clarabel,import_fixed,1,clarabel,401,8.951448381624225e-6,1.2406470184522789e-8,207.7003085901718,207.69996095514077,false,true,5.639999866485596
import_fixed--p1--swm--clarabel,import_fixed,1,clarabel,402,8.934710904916587e-6,1.2378939900914432e-8,207.7003088647076,207.69996095514077,false,true,5.6529998779296875
import_fixed--p1--swm--clarabel,import_fixed,1,clarabel,403,8.918072676545771e-6,3.298481043856327e-8,207.7003091130694,207.69996095514077,false,true,5.664999961853027
import_fixed--p1--swm--clarabel,import_fixed,1,clarabel,404,8.90149774219145e-6,2.2250028042236636e-8,207.7003093859003,207.69996095514077,false,true,5.677999973297119
import_fixed--p1--swm--clarabel,import_fixed,1,clarabel,405,8.884980320922331e-6,1.2264684629004208e-8,207.70030966250687,207.69996095514077,false,true,5.690999984741211
import_fixed--p1--swm--clarabel,import_fixed,1,clarabel,406,8.868525425950482e-6,3.057453845656255e-8,207.7003099183425,207.69996095514077,false,true,5.704999923706055
import_fixed--p1--swm--clarabel,import_fixed,1,clarabel,407,8.852164945757659e-6,2.2666001187054974e-8,207.70031018518804,207.69996095514077,false,true,5.7179999351501465
import_fixed--p1--swm--clarabel,import_fixed,1,clarabel,408,8.835837621366173e-6,1.2193643261770859e-8,207.70031046456631,207.69996095514077,false,true,5.730999946594238
import_fixed--p1--swm--clarabel,import_fixed,1,clarabel,409,8.819607929785613e-6,1.2093637619114972e-8,207.70031073280052,207.69996095514077,false,true,5.74399995803833
import_fixed--p1--swm--clarabel,import_fixed,1,clarabel,410,8.80344629775295e-6,1.2055294124069249e-8,207.70031100112698,207.69996095514077,false,true,5.755999803543091
import_fixed--p1--swm--clarabel,import_fixed,1,clarabel,411,8.787342312738758e-6,1.2035812346766761e-8,207.70031126432946,207.69996095514077,false,true,5.768999814987183
import_fixed--p1--swm--clarabel,import_fixed,1,clarabel,412,8.771328165457781e-6,3.297907902322095e-8,207.700311509213,207.69996095514077,false,true,5.781999826431274
import_fixed--p1--swm--clarabel,import_fixed,1,clarabel,413,8.755360994538995e-6,2.144617772259494e-8,207.7003117729082,207.69996095514077,false,true,5.794999837875366
import_fixed--p1--swm--clarabel,import_fixed,1,clarabel,414,8.73945784735602e-6,1.1944417149800657e-8,207.70031205167652,207.69996095514077,false,true,5.835999965667725
import_fixed--p1--swm--clarabel,import_fixed,1,clarabel,415,8.723635236508219e-6,1.187073389585791e-8,207.70031231867904,207.69996095514077,false,true,5.847999811172485
import_fixed--p1--swm--clarabel,import_fixed,1,clarabel,416,8.707863729932747e-6,1.1861057608308911e-8,207.7003125803928,207.69996095514077,false,true,5.859999895095825
import_fixed--p1--swm--clarabel,import_fixed,1,clarabel,417,8.692158790109387e-6,1.1824341894506318e-8,207.7003128418583,207.69996095514077,false,true,5.871999979019165
import_fixed--p1--swm--clarabel,import_fixed,1,clarabel,418,8.676530008254845e-6,3.300123507798958e-8,207.70031308465934,207.69996095514077,false,true,5.883999824523926
import_fixed--p1--swm--clarabel,import_fixed,1,clarabel,419,8.660968279228243e-6,2.2371821617461762e-8,207.70031334876484,207.69996095514077,false,true,5.895999908447266
import_fixed--p1--swm--clarabel,import_fixed,1,clarabel,420,8.64545564194241e-6,1.1734658494910732e-8,207.70031361665667,207.69996095514077,false,true,5.9079999923706055
import_fixed--p1--swm--clarabel,import_fixed,1,clarabel,421,8.630022446715572e-6,1.1662092708197846e-8,207.70031388270348,207.69996095514077,false,true,5.918999910354614
import_fixed--p1--swm--clarabel,import_fixed,1,clarabel,422,8.614645064923415e-6,1.1638224939325426e-8,207.7003141384527,207.69996095514077,false,true,5.931999921798706
import_fixed--p1--swm--clarabel,import_fixed,1,clarabel,423,8.599333220807555e-6,1.1598906057841418e-8,207.70031439596022,207.69996095514077,false,true,5.943999767303467
import_fixed--p1--swm--clarabel,import_fixed,1,clarabel,424,8.58406792137899e-6,1.1594791404778704e-8,207.70031465477672,207.69996095514077,false,true,5.95799994468689
import_fixed--p1--swm--clarabel,import_fixed,1,clarabel,425,8.56886902267373e-6,1.1552908130152417e-8,207.7003149109558,207.69996095514077,false,true,5.9709999561309814
import_fixed--p1--swm--clarabel,import_fixed,1,clarabel,426,8.553742101442953e-6,1.150088993484566e-8,207.70031516938874,207.69996095514077,false,true,5.982999801635742
import_fixed--p1--swm--clarabel,import_fixed,1,clarabel,427,8.538677267769497e-6,3.3233177987312956e-8,207.7003154072595,207.69996095514077,false,true,5.994999885559082
import_fixed--p1--swm--clarabel,import_fixed,1,clarabel,428,8.523669004097249e-6,2.171439561493571e-8,207.70031566365907,207.69996095514077,false,true,6.006999969482422
import_fixed--p1--swm--clarabel,import_fixed,1,clarabel,429,8.508714922992523e-6,2.537952759062989e-8,207.70031591479983,207.69996095514077,false,true,6.018999814987183
import_fixed--p1--swm--clarabel,import_fixed,1,clarabel,430,8.493830992439833e-6,1.1348588346837829e-8,207.70031615507546,207.69996095514077,false,true,6.0309998989105225
import_fixed--p1--swm--clarabel,import_fixed,1,clarabel,431,8.479014433904197e-6,2.9875801388357104e-8,207.70031642300543,207.69996095514077,false,true,6.042999982833862
import_fixed--p1--swm--clarabel,import_fixed,1,clarabel,432,8.464238758170755e-6,1.1344757577802511e-8,207.70031669250076,207.69996095514077,false,true,6.055999994277954
import_fixed--p1--swm--clarabel,import_fixed,1,clarabel,433,8.449527283354625e-6,1.128523374749335e-8,207.70031695147378,207.69996095514077,false,true,6.069999933242798
import_fixed--p1--swm--clarabel,import_fixed,1,clarabel,434,8.434872163711546e-6,1.1252723197685555e-8,207.7003172037946,207.69996095514077,false,true,6.08299994468689
import_fixed--p1--swm--clarabel,import_fixed,1,clarabel,435,8.420276668192288e-6,1.121661472036628e-8,207.70031745521808,207.69996095514077,false,true,6.0959999561309814
import_fixed--p1--swm--clarabel,import_fixed,1,clarabel,436,8.405744983296483e-6,3.3044568303886024e-8,207.70031768610008,207.69996095514077,false,true,6.108999967575073
import_fixed--p1--swm--clarabel,import_fixed,1,clarabel,437,8.39128086253678e-6,2.1904592695243252e-8,207.70031794164154,207.69996095514077,false,true,6.121999979019165
import_fixed--p1--swm--clarabel,import_fixed,1,clarabel,438,8.376839925706602e-6,1.1166502056347838e-8,207.70031820080285,207.69996095514077,false,true,6.133999824523926
import_fixed--p1--swm--clarabel,import_fixed,1,clarabel,439,8.362487347792566e-6,1.106902206005067e-8,207.70031846101622,207.69996095514077,false,true,6.146999835968018
import_fixed--p1--swm--clarabel,import_fixed,1,clarabel,440,8.348170450226098e-6,3.196358733248417e-8,207.7003186905133,207.69996095514077,false,true,6.159999847412109
import_fixed--p1--swm--clarabel,import_fixed,1,clarabel,441,8.333928623518247e-6,2.1940108951845616e-8,207.70031894368213,207.69996095514077,false,true,6.172999858856201
import_fixed--p1--swm--clarabel,import_fixed,1,clarabel,442,8.319717463289855e-6,2.5687827753806403e-8,207.70031918333495,207.69996095514077,false,true,6.185999870300293
import_fixed--p1--swm--clarabel,import_fixed,1,clarabel,443,8.305574931901447e-6,2.4124074848863586e-8,207.7003194398751,207.69996095514077,false,true,6.197999954223633
import_fixed--p1--swm--clarabel,import_fixed,1,clarabel,444,8.291484681823633e-6,1.095129159578434e-8,207.70031969398866,207.69996095514077,false,true,6.211999893188477
import_fixed--p1--swm--clarabel,import_fixed,1,clarabel,445,8.277461104271906e-6,1.0891709339988509e-8,207.70031994386585,207.69996095514077,false,true,6.224999904632568
import_fixed--p1--swm--clarabel,import_fixed,1,clarabel,446,8.263484921485057e-6,1.0868797584162593e-8,207.7003201932944,207.69996095514077,false,true,6.23799991607666
import_fixed--p1--swm--clarabel,import_fixed,1,clarabel,447,8.249566471758966e-6,3.279618487894709e-8,207.70032042524628,207.69996095514077,false,true,6.25
import_fixed--p1--swm--clarabel,import_fixed,1,clarabel,448,8.235680763317305e-6,1.1953004475095952e-8,207.70032065081662,207.69996095514077,false,true,6.261999845504761
import_fixed--p1--swm--clarabel,import_fixed,1,clarabel,449,8.22186516621662e-6,2.863893500126835e-8,207.7003209114922,207.69996095514077,false,true,6.300999879837036
import_fixed--p1--swm--clarabel,import_fixed,1,clarabel,450,8.20810605156092e-6,1.0757332802313613e-8,207.70032116855708,207.69996095514077,false,true,6.31499981880188
import_fixed--p1--swm--clarabel,import_fixed,1,clarabel,451,8.194393566827365e-6,1.0728458926800855e-8,207.70032141650972,207.69996095514077,false,true,6.32699990272522
import_fixed--p1--swm--clarabel,import_fixed,1,clarabel,452,8.180741342274493e-6,1.0680238915483642e-8,207.70032165986026,207.69996095514077,false,true,6.33899998664856
import_fixed--p1--swm--clarabel,import_fixed,1,clarabel,453,8.167130941690152e-6,1.0668418065629126e-8,207.70032190104956,207.69996095514077,false,true,6.35099983215332
import_fixed--p1--swm--clarabel,import_fixed,1,clarabel,454,8.153580913721807e-6,1.0623686180766256e-8,207.70032214808708,207.69996095514077,false,true,6.36299991607666
import_fixed--p1--swm--clarabel,import_fixed,1,clarabel,455,8.1400828998031e-6,3.3085466699667165e-8,207.70032236679782,207.69996095514077,false,true,6.375999927520752
import_fixed--p1--swm--clarabel,import_fixed,1,clarabel,456,8.126628327195542e-6,1.194852294883475e-8,207.70032259532732,207.69996095514077,false,true,6.386999845504761
import_fixed--p1--swm--clarabel,import_fixed,1,clarabel,457,8.113225054511892e-6,2.9091489106569668e-8,207.7003228477065,207.69996095514077,false,true,6.398999929428101
import_fixed--p1--swm--clarabel,import_fixed,1,clarabel,458,8.099877920457338e-6,1.0526509774955173e-8,207.70032310255505,207.69996095514077,false,true,6.410999774932861
import_fixed--p1--swm--clarabel,import_fixed,1,clarabel,459,8.086565434596192e-6,1.0516006648808585e-8,207.70032334859178,207.69996095514077,false,true,6.422999858856201
import_fixed--p1--swm--clarabel,import_fixed,1,clarabel,460,8.074068092848869e-6,3.166555595512932e-8,207.70032357190343,207.69996095514077,false,true,6.434999942779541
import_fixed--p1--swm--clarabel,import_fixed,1,clarabel,461,8.065372252387025e-6,2.189760039961186e-8,207.7003238181619,207.69996095514077,false,true,6.44599986076355
import_fixed--p1--swm--clarabel,import_fixed,1,clarabel,462,8.056697852400838e-6,1.0418080953478182e-8,207.70032406189864,207.69996095514077,false,true,6.458999872207642
import_fixed--p1--swm--clarabel,import_fixed,1,clarabel,463,8.0480348844316e-6,3.056997177619536e-8,207.70032428552088,207.69996095514077,false,true,6.4709999561309814
import_fixed--p1--swm--clarabel,import_fixed,1,clarabel,464,8.039431624559414e-6,2.2777800201545517e-8,207.70032452988664,207.69996095514077,false,true,6.484999895095825
import_fixed--p1--swm--clarabel,import_fixed,1,clarabel,465,8.030817829780949e-6,1.0358382457331672e-8,207.70032477603996,207.69996095514077,false,true,6.497999906539917
import_fixed--p1--swm--clarabel,import_fixed,1,clarabel,466,8.022240357967322e-6,1.0296403729626036e-8,207.70032501545046,207.69996095514077,false,true,6.509999990463257
import_fixed--p1--swm--clarabel,import_fixed,1,clarabel,467,8.013689054766424e-6,3.1846367321008984e-8,207.70032523135146,207.69996095514077,false,true,6.521999835968018
import_fixed--p1--swm--clarabel,import_fixed,1,clarabel,468,8.005153892896223e-6,2.1999269295136514e-8,207.70032547698997,207.69996095514077,false,true,6.535999774932861
import_fixed--p1--swm--clarabel,import_fixed,1,clarabel,469,7.996641908445603e-6,1.0228353108931998e-8,207.70032571731008,207.69996095514077,false,true,6.548999786376953
import_fixed--p1--swm--clarabel,import_fixed,1,clarabel,470,7.988168840894987e-6,1.016255041230707e-8,207.70032595403015,207.69996095514077,false,true,6.560999870300293
import_fixed--p1--swm--clarabel,import_fixed,1,clarabel,471,7.979696069117878e-6,3.2410715444797233e-8,207.70032617318816,207.69996095514077,false,true,6.573999881744385
import_fixed--p1--swm--clarabel,import_fixed,1,clarabel,472,7.971264942765252e-6,2.201378868083026e-8,207.700326411192,207.69996095514077,false,true,6.586999893188477
import_fixed--p1--swm--clarabel,import_fixed,1,clarabel,473,7.962836668827901e-6,2.554538358623404e-8,207.7003266348579,207.69996095514077,false,true,6.598999977111816
import_fixed--p1--swm--clarabel,import_fixed,1,clarabel,474,7.954445658971258e-6,2.4134677922837966e-8,207.70032687376568,207.69996095514077,false,true,6.61299991607666
import_fixed--p1--swm--clarabel,import_fixed,1,clarabel,475,7.946089548672607e-6,1.0029640146180796e-8,207.70032712006764,207.69996095514077,false,true,6.642999887466431
import_fixed--p1--swm--clarabel,import_fixed,1,clarabel,476,7.937735314650867e-6,1.0037165432130735e-8,207.70032735507476,207.69996095514077,false,true,6.6549999713897705
import_fixed--p1--swm--clarabel,import_fixed,1,clarabel,477,7.929406442462971e-6,3.195308939663022e-8,207.70032756760517,207.69996095514077,false,true,6.666999816894531
import_fixed--p1--swm--clarabel,import_fixed,1,clarabel,478,7.921094764248595e-6,2.190859471618012e-8,207.7003278055064,207.69996095514077,false,true,6.678999900817871
import_fixed--p1--swm--clarabel,import_fixed,1,clarabel,479,7.912823091558364e-6,2.5283317883761924e-8,207.7003280237269,207.69996095514077,false,true,6.692999839782715
import_fixed--p1--swm--clarabel,import_fixed,1,clarabel,480,7.904563951317959e-6,2.4154255151564996e-8,207.70032826117165,207.69996095514077,false,true,6.703999996185303
import_fixed--p1--swm--clarabel,import_fixed,1,clarabel,481,7.896312392639194e-6,9.935435113517244e-9,207.7003285052911,207.69996095514077,false,true,6.7159998416900635
import_fixed--p1--swm--clarabel,import_fixed,1,clarabel,482,7.888109538334296e-6,3.012827942683316e-8,207.7003287168303,207.69996095514077,false,true,6.727999925613403
import_fixed--p1--swm--clarabel,import_fixed,1,clarabel,483,7.87990517503445e-6,2.2701774238242933e-8,207.70032895494313,207.69996095514077,false,true,6.742999792098999
import_fixed--p1--swm--clarabel,import_fixed,1,clarabel,484,7.871742749198207e-6,9.80252484739097e-9,207.7003291887069,207.69996095514077,false,true,6.754999876022339
import_fixed--p1--swm--clarabel,import_fixed,1,clarabel,485,7.863587462146478e-6,3.040955331989892e-8,207.70032939650937,207.69996095514077,false,true,6.767999887466431
import_fixed--p1--swm--clarabel,import_fixed,1,clarabel,486,7.855457588402567e-6,2.2556892020908492e-8,207.7003296357185,207.69996095514077,false,true,6.7799999713897705
import_fixed--p1--swm--clarabel,import_fixed,1,clarabel,487,7.847365070029982e-6,9.713958915025245e-9,207.70032987200764,207.69996095514077,false,true,6.791999816894531
import_fixed--p1--swm--clarabel,import_fixed,1,clarabel,488,7.839260043985728e-6,9.755874497141548e-9,207.70033010151877,207.69996095514077,false,true,6.803999900817871
import_fixed--p1--swm--clarabel,import_fixed,1,clarabel,489,7.831191023231133e-6,9.696259961611275e-9,207.70033032937198,207.69996095514077,false,true,6.81499981880188
import_fixed--p1--swm--clarabel,import_fixed,1,clarabel,490,7.823152974570116e-6,3.225797262640384e-8,207.70033053046984,207.69996095514077,false,true,6.82699990272522
import_fixed--p1--swm--clarabel,import_fixed,1,clarabel,491,7.815123277057154e-6,2.192355441632543e-8,207.70033076175986,207.69996095514077,false,true,6.8399999141693115
import_fixed--p1--swm--clarabel,import_fixed,1,clarabel,492,7.807118175677404e-6,2.5553711591186357e-8,207.70033098384857,207.69996095514077,false,true,6.852999925613403
import_fixed--p1--swm--clarabel,import_fixed,1,clarabel,493,7.79913251586722e-6,2.411077637543002e-8,207.70033121276367,207.69996095514077,false,true,6.865999937057495
import_fixed--p1--swm--clarabel,import_fixed,1,clarabel,494,7.791173190042532e-6,9.574660231326249e-9,207.70033144581538,207.69996095514077,false,true,6.879999876022339
import_fixed--p1--swm--clarabel,import_fixed,1,clarabel,495,7.783241145576834e-6,9.525800759302427e-9,207.70033167238415,207.69996095514077,false,true,6.9059998989105225
import_fixed--p1--swm--clarabel,import_fixed,1,clarabel,496,7.775310565999954e-6,3.2155859086557825e-8,207.7003318772359,207.69996095514077,false,true,6.917999982833862
import_fixed--p1--swm--clarabel,import_fixed,1,clarabel,497,7.76742798075885e-6,2.199913073930304e-8,207.70033209881933,207.69996095514077,false,true,6.928999900817871
import_fixed--p1--swm--clarabel,import_fixed,1,clarabel,498,7.759540909510223e-6,2.5434621186981587e-8,207.70033231596082,207.69996095514077,false,true,6.941999912261963
import_fixed--p1--swm--clarabel,import_fixed,1,clarabel,499,7.751671181055464e-6,9.449146104456574e-9,207.70033252636694,207.69996095514077,false,true,6.954999923706055
import_fixed--p1--swm--clarabel,import_fixed,1,clarabel,500,7.743835260052492e-6,2.994918335552654e-8,207.70033275978773,207.69996095514077,false,true,6.966999769210815
import_fixed--p1--swm--clarabel,import_fixed,1,clarabel,501,7.73601128661367e-6,1.1118402754028978e-8,207.70033299565887,207.69996095514077,false,true,6.978999853134155
import_fixed--p1--swm--clarabel,import_fixed,1,clarabel,502,7.728221409234157e-6,9.360179714645867e-9,207.70033322365043,207.69996095514077,false,true,6.991999864578247
import_fixed--p1--swm--clarabel,import_fixed,1,clarabel,503,7.720441507713165e-6,9.35060673334931e-9,207.70033344373985,207.69996095514077,false,true,7.004999876022339
import_fixed--p1--swm--clarabel,import_fixed,1,clarabel,504,7.712676628266669e-6,3.259585246162544e-8,207.700333647352,207.69996095514077,false,true,7.017999887466431
import_fixed--p1--swm--clarabel,import_fixed,1,clarabel,505,7.704932918603271e-6,1.1917388742510582e-8,207.70033384971165,207.69996095514077,false,true,7.0309998989105225
import_fixed--p1--swm--clarabel,import_fixed,1,clarabel,506,7.69721255314523e-6,2.9030955417397308e-8,207.70033408065842,207.69996095514077,false,true,7.041999816894531
import_fixed--p1--swm--clarabel,import_fixed,1,clarabel,507,7.689512566486846e-6,1.0687223439553861e-8,207.7003343139769,207.69996095514077,false,true,7.052999973297119
import_fixed--p1--swm--clarabel,import_fixed,1,clarabel,508,7.68184511082656e-6,2.9609734109037333e-8,207.70033451222162,207.69996095514077,false,true,7.06499981880188
import_fixed--p1--swm--clarabel,import_fixed,1,clarabel,509,7.67417082189495e-6,1.084617518021247e-8,207.70033471597395,207.69996095514077,false,true,7.077999830245972
import_fixed--p1--swm--clarabel,import_fixed,1,clarabel,510,7.66653559116446e-6,2.9512485677507527e-8,207.7003349495339,207.69996095514077,false,true,7.0899999141693115
import_fixed--p1--swm--clarabel,import_fixed,1,clarabel,511,7.65892079348316e-6,1.0683580908832369e-8,207.70033517808304,207.69996095514077,false,true,7.114999771118164
import_fixed--p1--swm--clarabel,import_fixed,1,clarabel,512,7.651295484361658e-6,2.9495718978367336e-8,207.700335380566,207.69996095514077,false,true,7.127999782562256
import_fixed--p1--swm--clarabel,import_fixed,1,clarabel,513,7.643715147599325e-6,2.3014695593737144e-8,207.70033560207028,207.69996095514077,false,true,7.140999794006348
import_fixed--p1--swm--clarabel,import_fixed,1,clarabel,514,7.636152260615988e-6,9.105857068369971e-9,207.700335827146,207.69996095514077,false,true,7.1529998779296875
import_fixed--p1--swm--clarabel,import_fixed,1,clarabel,515,7.628598748658661e-6,3.023374894883801e-8,207.70033602568765,207.69996095514077,false,true,7.163999795913696
import_fixed--p1--swm--clarabel,import_fixed,1,clarabel,516,7.621080634446674e-6,2.2560133206006583e-8,207.70033624259128,207.69996095514077,false,true,7.175999879837036
import_fixed--p1--swm--clarabel,import_fixed,1,clarabel,517,7.613574745455521e-6,2.5088545796414508e-8,207.7003364505946,207.69996095514077,false,true,7.188999891281128
import_fixed--p1--swm--clarabel,import_fixed,1,clarabel,518,7.606086010873575e-6,2.413449373683818e-8,207.7003366707554,207.69996095514077,false,true,7.199999809265137
import_fixed--p1--swm--clarabel,import_fixed,1,clarabel,519,7.5986090035774394e-6,9.014009733077089e-9,207.70033689385534,207.69996095514077,false,true,7.2129998207092285
import_fixed--p1--swm--clarabel,import_fixed,1,clarabel,520,7.591151359075499e-6,8.980975962913362e-9,207.70033711159493,207.69996095514077,false,true,7.224999904632568
import_fixed--p1--swm--clarabel,import_fixed,1,clarabel,521,7.5837281412774705e-6,8.920101823850501e-9,207.7003373251232,207.69996095514077,false,true,7.239999771118164
import_fixed--p1--swm--clarabel,import_fixed,1,clarabel,522,7.576298074715462e-6,3.260186820508437e-8,207.70033751875317,207.69996095514077,false,true,7.252999782562256
import_fixed--p1--swm--clarabel,import_fixed,1,clarabel,523,7.568908787452583e-6,2.1872781919007878e-8,207.7003377333711,207.69996095514077,false,true,7.266999959945679
import_fixed--p1--swm--clarabel,import_fixed,1,clarabel,524,7.5615259460436555e-6,2.5506429524035923e-8,207.70033793463753,207.69996095514077,false,true,7.291999816894531
import_fixed--p1--swm--clarabel,import_fixed,1,clarabel,525,7.554182417228312e-6,2.4096161954645368e-8,207.70033815168102,207.69996095514077,false,true,7.305999994277954
import_fixed--p1--swm--clarabel,import_fixed,1,clarabel,526,7.546831278692035e-6,2.4428277067833903e-8,207.70033835604647,207.69996095514077,false,true,7.319999933242798
import_fixed--p1--swm--clarabel,import_fixed,1,clarabel,527,7.5394988547815665e-6,9.292444813624456e-9,207.70033854949992,207.69996095514077,false,true,7.331999778747559
import_fixed--p1--swm--clarabel,import_fixed,1,clarabel,528,7.532193122398874e-6,3.015591021338082e-8,207.7003387797011,207.69996095514077,false,true,7.343999862670898
import_fixed--p1--swm--clarabel,import_fixed,1,clarabel,529,7.524908986831426e-6,1.0968249974929734e-8,207.7003389974834,207.69996095514077,false,true,7.354999780654907
import_fixed--p1--swm--clarabel,import_fixed,1,clarabel,530,7.51762863106873e-6,2.929815479113529e-8,207.7003391938374,207.69996095514077,false,true,7.366999864578247
import_fixed--p1--swm--clarabel,import_fixed,1,clarabel,531,7.510376500455525e-6,2.2653711018172373e-8,207.70033940628792,207.69996095514077,false,true,7.378999948501587
import_fixed--p1--swm--clarabel,import_fixed,1,clarabel,532,7.503145167347452e-6,8.712487703510519e-9,207.70033962715894,207.69996095514077,false,true,7.389999866485596
import_fixed--p1--swm--clarabel,import_fixed,1,clarabel,533,7.495908333992657e-6,8.733416406725425e-9,207.70033983576928,207.69996095514077,false,true,7.4029998779296875
import_fixed--p1--swm--clarabel,import_fixed,1,clarabel,534,7.4887239347050505e-6,3.234217860192956e-8,207.70034002743984,207.69996095514077,false,true,7.414999961853027
import_fixed--p1--swm--clarabel,import_fixed,1,clarabel,535,7.481547763683997e-6,2.242981200772931e-8,207.70034023295068,207.69996095514077,false,true,7.436999797821045
import_fixed--p1--swm--clarabel,import_fixed,1,clarabel,536,7.474370321709904e-6,8.667587869659599e-9,207.70034045227146,207.69996095514077,false,true,7.448999881744385
import_fixed--p1--swm--clarabel,import_fixed,1,clarabel,537,7.4672157519449876e-6,8.623831343479438e-9,207.70034066133184,207.69996095514077,false,true,7.461999893188477
import_fixed--p1--swm--clarabel,import_fixed,1,clarabel,538,7.460090617220335e-6,3.1952919310462846e-8,207.70034084536348,207.69996095514077,false,true,7.473999977111816
import_fixed--p1--swm--clarabel,import_fixed,1,clarabel,539,7.452971652711536e-6,2.2186798620538184e-8,207.70034106073686,207.69996095514077,false,true,7.485999822616577
import_fixed--p1--swm--clarabel,import_fixed,1,clarabel,540,7.445877686034824e-6,8.550102847948438e-9,207.7003412722088,207.69996095514077,false,true,7.498999834060669
import_fixed--p1--swm--clarabel,import_fixed,1,clarabel,541,7.438796486317319e-6,8.532578282816061e-9,207.7003414783939,207.69996095514077,false,true,7.511999845504761
import_fixed--p1--swm--clarabel,import_fixed,1,clarabel,542,7.4317366009642286e-6,8.500151693624503e-9,207.70034168353595,207.69996095514077,false,true,7.5249998569488525
import_fixed--p1--swm--clarabel,import_fixed,1,clarabel,543,7.42468517651988e-6,8.497761688763816e-9,207.70034188901843,207.69996095514077,false,true,7.538999795913696
import_fixed--p1--swm--clarabel,import_fixed,1,clarabel,544,7.417654950118852e-6,8.466814305219117e-9,207.70034209209268,207.69996095514077,false,true,7.559999942779541
import_fixed--p1--swm--clarabel,import_fixed,1,clarabel,545,7.410648433640738e-6,3.3598555604363867e-8,207.70034227024468,207.69996095514077,false,true,7.573999881744385
import_fixed--p1--swm--clarabel,import_fixed,1,clarabel,546,7.4036459076574275e-6,2.207813709631523e-8,207.70034248054668,207.69996095514077,false,true,7.586999893188477
import_fixed--p1--swm--clarabel,import_fixed,1,clarabel,547,7.396663777278514e-6,2.5318148799691187e-8,207.70034267409397,207.69996095514077,false,true,7.599999904632568
import_fixed--p1--swm--clarabel,import_fixed,1,clarabel,548,7.389689602101754e-6,9.146916335467381e-9,207.70034286447913,207.69996095514077,false,true,7.611999988555908
import_fixed--p1--swm--clarabel,import_fixed,1,clarabel,549,7.3827648595042366e-6,2.98182051272633e-8,207.7003430793207,207.69996095514077,false,true,7.626999855041504
import_fixed--p1--swm--clarabel,import_fixed,1,clarabel,550,7.37582901659413e-6,1.1207192951445677e-8,207.70034329031034,207.69996095514077,false,true,7.639999866485596
import_fixed--p1--swm--clarabel,import_fixed,1,clarabel,551,7.36890558426164e-6,2.9777917465168002e-8,207.70034348204177,207.69996095514077,false,true,7.6529998779296875
import_fixed--p1--swm--clarabel,import_fixed,1,clarabel,552,7.362009777760065e-6,2.2627548723619384e-8,207.70034368574014,207.69996095514077,false,true,7.673999786376953
import_fixed--p1--swm--clarabel,import_fixed,1,clarabel,553,7.355130007420788e-6,2.497405948709286e-8,207.70034387673104,207.69996095514077,false,true,7.686999797821045
import_fixed--p1--swm--clarabel,import_fixed,1,clarabel,554,7.34827356029356e-6,2.4311216928474266e-8,207.70034407911362,207.69996095514077,false,true,7.700999975204468
import_fixed--p1--swm--clarabel,import_fixed,1,clarabel,555,7.3414299217084365e-6,8.923854544207188e-9,207.70034428806326,207.69996095514077,false,true,7.7149999141693115
import_fixed--p1--swm--clarabel,import_fixed,1,clarabel,556,7.334594828509934e-6,8.246281241186537e-9,207.70034449327537,207.69996095514077,false,true,7.728999853134155
import_fixed--p1--swm--clarabel,import_fixed,1,clarabel,557,7.327778360211035e-6,3.233125300816653e-8,207.7003446713636,207.69996095514077,false,true,7.742999792098999
import_fixed--p1--swm--clarabel,import_fixed,1,clarabel,558,7.320991374792917e-6,1.1141474520748318e-8,207.7003448570248,207.69996095514077,false,true,7.755999803543091
import_fixed--p1--swm--clarabel,import_fixed,1,clarabel,559,7.314189890820928e-6,2.8849198030478362e-8,207.7003450672202,207.69996095514077,false,true,7.767999887466431
import_fixed--p1--swm--clarabel,import_fixed,1,clarabel,560,7.307425905439031e-6,1.0577070885808837e-8,207.70034527563826,207.69996095514077,false,true,7.789999961853027
import_fixed--p1--swm--clarabel,import_fixed,1,clarabel,561,7.300662379336211e-6,2.9518700928043984e-8,207.70034545955352,207.69996095514077,false,true,7.800999879837036
import_fixed--p1--swm--clarabel,import_fixed,1,clarabel,562,7.29392441929781e-6,2.2755057504930676e-8,207.70034565924675,207.69996095514077,false,true,7.813999891281128
import_fixed--p1--swm--clarabel,import_fixed,1,clarabel,563,7.287199455429206e-6,2.5085730714913268e-8,207.7003458486638,207.69996095514077,false,true,7.827999830245972
import_fixed--p1--swm--clarabel,import_fixed,1,clarabel,564,7.280492209206134e-6,2.4208646420831315e-8,207.70034605102234,207.69996095514077,false,true,7.841999769210815
import_fixed--p1--swm--clarabel,import_fixed,1,clarabel,565,7.2738103580226685e-6,8.609207569065802e-9,207.70034625584347,207.69996095514077,false,true,7.855999946594238
import_fixed--p1--swm--clarabel,import_fixed,1,clarabel,566,7.267120064249141e-6,8.088011066442746e-9,207.7003464552683,207.69996095514077,false,true,7.866999864578247
import_fixed--p1--swm--clarabel,import_fixed,1,clarabel,567,7.260468431166425e-6,3.197301257085172e-8,207.7003466329036,207.69996095514077,false,true,7.887999773025513
import_fixed--p1--swm--clarabel,import_fixed,1,clarabel,568,7.253825236333808e-6,2.2355413853425432e-8,207.7003468313257,207.69996095514077,false,true,7.8999998569488525
import_fixed--p1--swm--clarabel,import_fixed,1,clarabel,569,7.247196132855535e-6,8.006944579586062e-9,207.70034703155233,207.69996095514077,false,true,7.913999795913696
import_fixed--p1--swm--clarabel,import_fixed,1,clarabel,570,7.240578074330095e-6,7.991868195000862e-9,207.70034722931143,207.69996095514077,false,true,7.926999807357788
import_fixed--p1--swm--clarabel,import_fixed,1,clarabel,571,7.233980906366662e-6,3.2473437161506524e-8,207.70034740715698,207.69996095514077,false,true,7.93999981880188
import_fixed--p1--swm--clarabel,import_fixed,1,clarabel,572,7.227385775006437e-6,2.1931431559707448e-8,207.70034760109928,207.69996095514077,false,true,7.952999830245972
import_fixed--p1--swm--clarabel,import_fixed,1,clarabel,573,7.220825858709402e-6,7.91717075232512e-9,207.70034780227388,207.69996095514077,false,true,7.9659998416900635
import_fixed--p1--swm--clarabel,import_fixed,1,clarabel,574,7.214278847241088e-6,7.895531506374454e-9,207.70034799620694,207.69996095514077,false,true,7.985999822616577
import_fixed--p1--swm--clarabel,import_fixed,1,clarabel,575,7.207732914404907e-6,3.179678864650981e-8,207.7003481720223,207.69996095514077,false,true,7.997999906539917
import_fixed--p1--swm--clarabel,import_fixed,1,clarabel,576,7.201211965775348e-6,2.248194141962756e-8,207.70034836586672,207.69996095514077,false,true,8.012999773025513
import_fixed--p1--swm--clarabel,import_fixed,1,clarabel,577,7.1946887919055955e-6,7.899032539171458e-9,207.7003485703615,207.69996095514077,false,true,8.025999784469604
import_fixed--p1--swm--clarabel,import_fixed,1,clarabel,578,7.18820356853717e-6,3.0385035487690004e-8,207.70034874172967,207.69996095514077,false,true,8.038999795913696
import_fixed--p1--swm--clarabel,import_fixed,1,clarabel,579,7.181721364167937e-6,2.2671712618382855e-8,207.70034893846093,207.69996095514077,false,true,8.050999879837036
import_fixed--p1--swm--clarabel,import_fixed,1,clarabel,580,7.175264355351419e-6,8.287440400600588e-9,207.7003491362094,207.69996095514077,false,true,8.063999891281128
import_fixed--p1--swm--clarabel,import_fixed,1,clarabel,581,7.168809728013753e-6,3.047882124462831e-8,207.7003493103879,207.69996095514077,false,true,8.083999872207642
import_fixed--p1--swm--clarabel,import_fixed,1,clarabel,582,7.162387919272413e-6,2.226454787201959e-8,207.70034950243206,207.69996095514077,false,true,8.097999811172485
import_fixed--p1--swm--clarabel,import_fixed,1,clarabel,583,7.155942710965958e-6,8.29320234707609e-9,207.70034970539598,207.69996095514077,false,true,8.110999822616577
import_fixed--p1--swm--clarabel,import_fixed,1,clarabel,584,7.14952750552838e-6,3.060804387722271e-8,207.70034987499815,207.69996095514077,false,true,8.122999906539917
import_fixed--p1--swm--clarabel,import_fixed,1,clarabel,585,7.143147857052218e-6,1.0635333613784326e-8,207.7003500481454,207.69996095514077,false,true,8.135999917984009
import_fixed--p1--swm--clarabel,import_fixed,1,clarabel,586,7.136774940615224e-6,7.679843039287704e-9,207.70035023313994,207.69996095514077,false,true,8.149999856948853
import_fixed--p1--swm--clarabel,import_fixed,1,clarabel,587,7.130414648675638e-6,7.669062135340354e-9,207.70035041824121,207.69996095514077,false,true,8.167999982833862
import_fixed--p1--swm--clarabel,import_fixed,1,clarabel,588,7.124061498497979e-6,3.2779611469635483e-8,207.7003506226643,207.69996095514077,false,true,8.179999828338623
import_fixed--p1--swm--clarabel,import_fixed,1,clarabel,589,7.1177409037937905e-6,1.1796332799463016e-8,207.70035082296235,207.69996095514077,false,true,8.191999912261963
import_fixed--p1--swm--clarabel,import_fixed,1,clarabel,590,7.111393681551043e-6,2.8840978272270945e-8,207.7003509967958,207.69996095514077,false,true,8.204999923706055
import_fixed--p1--swm--clarabel,import_fixed,1,clarabel,591,7.105085877473997e-6,2.3068796761727128e-8,207.7003511903787,207.69996095514077,false,true,8.217999935150146
import_fixed--p1--swm--clarabel,import_fixed,1,clarabel,592,7.098802591764087e-6,8.1605990853717e-9,207.70035138365012,207.69996095514077,false,true,8.230999946594238
import_fixed--p1--swm--clarabel,import_fixed,1,clarabel,593,7.092534791646782e-6,7.56133741730558e-9,207.70035157093002,207.69996095514077,false,true,8.24399995803833
import_fixed--p1--swm--clarabel,import_fixed,1,clarabel,594,7.086266261456909e-6,7.57398507800211e-9,207.70035175814616,207.69996095514077,false,true,8.262999773025513
import_fixed--p1--swm--clarabel,import_fixed,1,clarabel,595,7.080002598585705e-6,3.306470763853042e-8,207.7003519257466,207.69996095514077,false,true,8.275999784469604
import_fixed--p1--swm--clarabel,import_fixed,1,clarabel,596,7.073762913352558e-6,2.2265133181598173e-8,207.70035211196225,207.69996095514077,false,true,8.288999795913696
import_fixed--p1--swm--clarabel,import_fixed,1,clarabel,597,7.067546826263053e-6,7.513162619821045e-9,207.7003523074829,207.69996095514077,false,true,8.300999879837036
import_fixed--p1--swm--clarabel,import_fixed,1,clarabel,598,7.061325120940396e-6,3.0152004670824795e-8,207.70035247369646,207.69996095514077,false,true,8.313999891281128
import_fixed--p1--swm--clarabel,import_fixed,1,clarabel,599,7.055134986928961e-6,2.2059140403207778e-8,207.7003526581732,207.69996095514077,false,true,8.325999975204468
import_fixed--p1--swm--clarabel,import_fixed,1,clarabel,600,7.048954260896971e-6,2.5375812784389495e-8,207.70035283271267,207.69996095514077,false,true,8.33899998664856
import_fixed--p1--swm--clarabel,import_fixed,1,clarabel,601,7.042771048369125e-6,2.4281153754301954e-8,207.7003530271802,207.69996095514077,false,true,8.359999895095825
import_fixed--p1--swm--clarabel,import_fixed,1,clarabel,602,7.036613138883767e-6,8.956921537794926e-9,207.7003532182998,207.69996095514077,false,true,8.371999979019165
import_fixed--p1--swm--clarabel,import_fixed,1,clarabel,603,7.030480423588578e-6,7.4048565334994265e-9,207.700353401674,207.69996095514077,false,true,8.384999990463257
import_fixed--p1--swm--clarabel,import_fixed,1,clarabel,604,7.024360672216254e-6,3.2289392493112246e-8,207.70035356804476,207.69996095514077,false,true,8.39799976348877
import_fixed--p1--swm--clarabel,import_fixed,1,clarabel,605,7.018234391168139e-6,1.1641377750670756e-8,207.7003537319506,207.69996095514077,false,true,8.408999919891357
import_fixed--p1--swm--clarabel,import_fixed,1,clarabel,606,7.012124804947364e-6,2.884680794235095e-8,207.70035393089978,207.69996095514077,false,true,8.42199993133545
import_fixed--p1--swm--clarabel,import_fixed,1,clarabel,607,7.0060491036921295e-6,1.0991109355984463e-8,207.7003541231743,207.69996095514077,false,true,8.43999981880188
import_fixed--p1--swm--clarabel,import_fixed,1,clarabel,608,6.999980802022888e-6,2.9735257811580595e-8,207.7003542846,207.69996095514077,false,true,8.45199990272522
import_fixed--p1--swm--clarabel,import_fixed,1,clarabel,609,6.993902875275136e-6,2.3158581496929287e-8,207.70035446974643,207.69996095514077,false,true,8.462999820709229
import_fixed--p1--swm--clarabel,import_fixed,1,clarabel,610,6.987848181760902e-6,2.5435204387136423e-8,207.70035464363957,207.69996095514077,false,true,8.476999998092651
import_fixed--p1--swm--clarabel,import_fixed,1,clarabel,611,6.981813849888334e-6,2.4534542841792017e-8,207.70035483116902,207.69996095514077,false,true,8.490999937057495
import_fixed--p1--swm--clarabel,import_fixed,1,clarabel,612,6.975786412349355e-6,8.752429669911521e-9,207.7003550206614,207.69996095514077,false,true,8.504999876022339
import_fixed--p1--swm--clarabel,import_fixed,1,clarabel,613,6.969775368111234e-6,3.016840510738916e-8,207.70035518449026,207.69996095514077,false,true,8.516999959945679
import_fixed--p1--swm--clarabel,import_fixed,1,clarabel,614,6.963774375176337e-6,1.100686686239527e-8,207.70035534661434,207.69996095514077,false,true,8.536999940872192
import_fixed--p1--swm--clarabel,import_fixed,1,clarabel,615,6.957806290513508e-6,7.190324280426097e-9,207.70035551964628,207.69996095514077,false,true,8.549999952316284
import_fixed--p1--swm--clarabel,import_fixed,1,clarabel,616,6.951825328272885e-6,7.236645227504113e-9,207.7003556998461,207.69996095514077,false,true,8.562999963760376
import_fixed--p1--swm--clarabel,import_fixed,1,clarabel,617,6.9458636542901235e-6,3.260851466624359e-8,207.70035588898696,207.69996095514077,false,true,8.573999881744385
import_fixed--p1--swm--clarabel,import_fixed,1,clarabel,618,6.939914182667695e-6,2.167664370222866e-8,207.700356063605,207.69996095514077,false,true,8.585999965667725
import_fixed--p1--swm--clarabel,import_fixed,1,clarabel,619,6.933988223247553e-6,2.5627052036014675e-8,207.7003562495874,207.69996095514077,false,true,8.598999977111816
import_fixed--p1--swm--clarabel,import_fixed,1,clarabel,620,6.928065414337567e-6,9.276239998357028e-9,207.70035643782512,207.69996095514077,false,true,8.61299991607666
import_fixed--p1--swm--clarabel,import_fixed,1,clarabel,621,6.922155618654441e-6,7.154351444604856e-9,207.70035662073573,207.69996095514077,false,true,8.632999897003174
import_fixed--p1--swm--clarabel,import_fixed,1,clarabel,622,6.916258042338247e-6,7.135224938670248e-9,207.7003567935219,207.69996095514077,false,true,8.643999814987183
import_fixed--p1--swm--clarabel,import_fixed,1,clarabel,623,6.910367103742729e-6,3.2753689538367325e-8,207.7003569544226,207.69996095514077,false,true,8.655999898910522
import_fixed--p1--swm--clarabel,import_fixed,1,clarabel,624,6.9044918836343294e-6,2.2133264443446876e-8,207.70035712929933,207.69996095514077,false,true,8.667999982833862
import_fixed--p1--swm--clarabel,import_fixed,1,clarabel,625,6.898635844950055e-6,7.458362039081123e-9,207.70035731403098,207.69996095514077,false,true,8.680999994277954
import_fixed--p1--swm--clarabel,import_fixed,1,clarabel,626,6.892796764064583e-6,3.026521211424438e-8,207.70035747714041,207.69996095514077,false,true,8.692999839782715
import_fixed--p1--swm--clarabel,import_fixed,1,clarabel,627,6.886971636966731e-6,2.2908469343718707e-8,207.7003576502378,207.69996095514077,false,true,8.712999820709229
import_fixed--p1--swm--clarabel,import_fixed,1,clarabel,628,6.881148324276088e-6,2.523966691203583e-8,207.7003578171981,207.69996095514077,false,true,8.72599983215332
import_fixed--p1--swm--clarabel,import_fixed,1,clarabel,629,6.875326673538851e-6,2.3815289629247616e-8,207.70035799773638,207.69996095514077,false,true,8.73799991607666
import_fixed--p1--swm--clarabel,import_fixed,1,clarabel,630,6.8695363149422075e-6,8.712143340083855e-9,207.7003581804829,207.69996095514077,false,true,8.75
import_fixed--p1--swm--clarabel,import_fixed,1,clarabel,631,6.863760189657064e-6,6.985894696054373e-9,207.70035836032807,207.69996095514077,false,true,8.762999773025513
import_fixed--p1--swm--clarabel,import_fixed,1,clarabel,632,6.857986648920657e-6,6.987264100644097e-9,207.70035853303983,207.69996095514077,false,true,8.774999856948853
import_fixed--p1--swm--clarabel,import_fixed,1,clarabel,633,6.8522175557376866e-6,6.992308954067994e-9,207.7003587058398,207.69996095514077,false,true,8.786999940872192
import_fixed--p1--swm--clarabel,import_fixed,1,clarabel,634,6.846459358182551e-6,6.980533318046156e-9,207.70035887920255,207.69996095514077,false,true,8.805999994277954
import_fixed--p1--swm--clarabel,import_fixed,1,clarabel,635,6.84072405458687e-6,6.939702951180848e-9,207.70035904923594,207.69996095514077,false,true,8.817999839782715
import_fixed--p1--swm--clarabel,import_fixed,1,clarabel,636,6.835004846802741e-6,6.917346695445303e-9,207.70035921714896,207.69996095514077,false,true,8.831999778747559
import_fixed--p1--swm--clarabel,import_fixed,1,clarabel,637,6.829289652676706e-6,3.292604533466914e-8,207.70035937124135,207.69996095514077,false,true,8.84499979019165
import_fixed--p1--swm--clarabel,import_fixed,1,clarabel,638,6.82359398560741e-6,1.2133179794204807e-8,207.70035952484764,207.69996095514077,false,true,8.855999946594238
import_fixed--p1--swm--clarabel,import_fixed,1,clarabel,639,6.817903801576379e-6,2.901477635930405e-8,207.70035971147263,207.69996095514077,false,true,8.867999792098999
import_fixed--p1--swm--clarabel,import_fixed,1,clarabel,640,6.812218983656944e-6,1.0180852383356864e-8,207.70035989611569,207.69996095514077,false,true,8.88099980354309
import_fixed--p1--swm--clarabel,import_fixed,1,clarabel,641,6.806572810027298e-6,6.82033823862227e-9,207.70036006706033,207.69996095514077,false,true,8.89799976348877
import_fixed--p1--swm--clarabel,import_fixed,1,clarabel,642,6.800904278978705e-6,6.883221270737039e-9,207.70036023968254,207.69996095514077,false,true,8.910999774932861
import_fixed--p1--swm--clarabel,import_fixed,1,clarabel,643,6.795262884859179e-6,3.2775640423921004e-8,207.70036039111875,207.69996095514077,false,true,8.92199993133545
import_fixed--p1--swm--clarabel,import_fixed,1,clarabel,644,6.789623839567856e-6,1.1427923940487972e-8,207.70036054464364,207.69996095514077,false,true,8.93399977684021
import_fixed--p1--swm--clarabel,import_fixed,1,clarabel,645,6.784007588618705e-6,2.878046911902743e-8,207.7003607265715,207.69996095514077,false,true,8.946999788284302
import_fixed--p1--swm--clarabel,import_fixed,1,clarabel,646,6.778416119411868e-6,1.048899767042144e-8,207.700360908905,207.69996095514077,false,true,8.958999872207642
import_fixed--p1--swm--clarabel,import_fixed,1,clarabel,647,6.77282368183823e-6,6.7755094312893505e-9,207.7003610799003,207.69996095514077,false,true,8.976999998092651
import_fixed--p1--swm--clarabel,import_fixed,1,clarabel,648,6.767220893604869e-6,3.201416431952708e-8,207.70036123337366,207.69996095514077,false,true,8.989999771118164
import_fixed--p1--swm--clarabel,import_fixed,1,clarabel,649,6.761644540740553e-6,1.1511144148990127e-8,207.70036138586687,207.69996095514077,false,true,9.001999855041504
import_fixed--p1--swm--clarabel,import_fixed,1,clarabel,650,6.756090314722049e-6,6.712510158823903e-9,207.70036154477776,207.69996095514077,false,true,9.013999938964844
import_fixed--p1--swm--clarabel,import_fixed,1,clarabel,651,6.750544843871851e-6,3.195266751188086e-8,207.70036172875803,207.69996095514077,false,true,9.025999784469604
import_fixed--p1--swm--clarabel,import_fixed,1,clarabel,652,6.745001454185177e-6,1.1628420781839566e-8,207.70036190818277,207.69996095514077,false,true,9.038999795913696
import_fixed--p1--swm--clarabel,import_fixed,1,clarabel,653,6.739480781730639e-6,2.892425665645959e-8,207.70036206424405,207.69996095514077,false,true,9.049999952316284
import_fixed--p1--swm--clarabel,import_fixed,1,clarabel,654,6.73396235762912e-6,1.11570099825542e-8,207.7003622135087,207.69996095514077,false,true,9.067999839782715
import_fixed--p1--swm--clarabel,import_fixed,1,clarabel,655,6.728465220439229e-6,2.9331111761621287e-8,207.7003623942129,207.69996095514077,false,true,9.080999851226807
import_fixed--p1--swm--clarabel,import_fixed,1,clarabel,656,6.7229616789278195e-6,1.1092038287863204e-8,207.7003625778137,207.69996095514077,false,true,9.09499979019165
import_fixed--p1--swm--clarabel,import_fixed,1,clarabel,657,6.717495374599444e-6,2.9396223788502596e-8,207.70036272286546,207.69996095514077,false,true,9.10699987411499
import_fixed--p1--swm--clarabel,import_fixed,1,clarabel,658,6.711989286438276e-6,2.278941468869533e-8,207.700362899248,207.69996095514077,false,true,9.11899995803833
import_fixed--p1--swm--clarabel,import_fixed,1,clarabel,659,6.7065414348744694e-6,8.063922973811088e-9,207.70036306688246,207.69996095514077,false,true,9.129999876022339
import_fixed--p1--swm--clarabel,import_fixed,1,clarabel,660,6.701087081743701e-6,3.0191690258973836e-8,207.70036322251246,207.69996095514077,false,true,9.143999814987183
import_fixed--p1--swm--clarabel,import_fixed,1,clarabel,661,6.695657321365012e-6,2.2868176907664406e-8,207.70036338888696,207.69996095514077,false,true,9.162999868392944
import_fixed--p1--swm--clarabel,import_fixed,1,clarabel,662,6.690227958496628e-6,7.614382790954721e-9,207.70036355899856,207.69996095514077,false,true,9.174999952316284
import_fixed--p1--swm--clarabel,import_fixed,1,clarabel,663,6.6848134659049725e-6,6.56835394408084e-9,207.70036372858385,207.69996095514077,false,true,9.185999870300293
import_fixed--p1--swm--clarabel,import_fixed,1,clarabel,664,6.679415051613624e-6,6.537774766002258e-9,207.700363892915,207.69996095514077,false,true,9.197999954223633
import_fixed--p1--swm--clarabel,import_fixed,1,clarabel,665,6.674005856249271e-6,6.574813415927139e-9,207.70036405353352,207.69996095514077,false,true,9.210999965667725
import_fixed--p1--swm--clarabel,import_fixed,1,clarabel,666,6.668631380788638e-6,6.508287242468214e-9,207.7003642210807,207.69996095514077,false,true,9.222999811172485
import_fixed--p1--swm--clarabel,import_fixed,1,clarabel,667,6.663257977046476e-6,3.305675988496404e-8,207.70036435953264,207.69996095514077,false,true,9.240999937057495
import_fixed--p1--swm--clarabel,import_fixed,1,clarabel,668,6.6578909664226735e-6,1.2046614816796364e-8,207.7003645101138,207.69996095514077,false,true,9.253999948501587
import_fixed--p1--swm--clarabel,import_fixed,1,clarabel,669,6.65253874528164e-6,2.8781591110416116e-8,207.70036468475763,207.69996095514077,false,true,9.266999959945679
import_fixed--p1--swm--clarabel,import_fixed,1,clarabel,670,6.647205013088353e-6,2.274890542608432e-8,207.70036483965157,207.69996095514077,false,true,9.27899980545044
import_fixed--p1--swm--clarabel,import_fixed,1,clarabel,671,6.641879332081046e-6,2.4838618828404435e-8,207.700365007993,207.69996095514077,false,true,9.29099988937378
import_fixed--p1--swm--clarabel,import_fixed,1,clarabel,672,6.636556455345706e-6,9.35364641296843e-9,207.7003651784429,207.69996095514077,false,true,9.30299997329712
import_fixed--p1--swm--clarabel,import_fixed,1,clarabel,673,6.631242451260455e-6,6.459731333174901e-9,207.7003653486795,207.69996095514077,false,true,9.316999912261963
import_fixed--p1--swm--clarabel,import_fixed,1,clarabel,674,6.625944895331172e-6,6.424740350841063e-9,207.7003655068815,207.69996095514077,false,true,9.337999820709229
import_fixed--p1--swm--clarabel,import_fixed,1,clarabel,675,6.620645714540029e-6,6.442439304255032e-9,207.70036566594348,207.69996095514077,false,true,9.35099983215332
import_fixed--p1--swm--clarabel,import_fixed,1,clarabel,676,6.61538100047129e-6,6.37429178884652e-9,207.70036582881457,207.69996095514077,false,true,9.363999843597412
import_fixed--p1--swm--clarabel,import_fixed,1,clarabel,677,6.610117047813688e-6,3.333254361415072e-8,207.70036596554948,207.69996095514077,false,true,9.375999927520752
import_fixed--p1--swm--clarabel,import_fixed,1,clarabel,678,6.604856696315861e-6,1.1511427699950616e-8,207.70036611399348,207.69996095514077,false,true,9.387999773025513
import_fixed--p1--swm--clarabel,import_fixed,1,clarabel,679,6.599610959995788e-6,2.8752814795751647e-8,207.70036628536013,207.69996095514077,false,true,9.3989999294281
import_fixed--p1--swm--clarabel,import_fixed,1,clarabel,680,6.594379739236185e-6,1.0176157250185724e-8,207.7003664568431,207.69996095514077,false,true,9.411999940872192
import_fixed--p1--swm--clarabel,import_fixed,1,clarabel,681,6.58915118427346e-6,6.354512888107067e-9,207.70036661936615,207.69996095514077,false,true,9.430999994277954
import_fixed--p1--swm--clarabel,import_fixed,1,clarabel,682,6.583932892515162e-6,6.339119923426395e-9,207.70036677429442,207.69996095514077,false,true,9.441999912261963
import_fixed--p1--swm--clarabel,import_fixed,1,clarabel,683,6.578725498504214e-6,6.326117019117561e-9,207.7003669367158,207.69996095514077,false,true,9.453999996185303
import_fixed--p1--swm--clarabel,import_fixed,1,clarabel,684,6.5735162829705365e-6,3.309255824923696e-8,207.70036707707226,207.69996095514077,false,true,9.465999841690063
import_fixed--p1--swm--clarabel,import_fixed,1,clarabel,685,6.568340059682158e-6,2.1784355319631743e-8,207.70036723609164,207.69996095514077,false,true,9.477999925613403
import_fixed--p1--swm--clarabel,import_fixed,1,clarabel,686,6.56317005172506e-6,2.539544652346848e-8,207.70036738706932,207.69996095514077,false,true,9.489999771118164
import_fixed--p1--swm--clarabel,import_fixed,1,clarabel,687,6.558000655399919e-6,2.3837468998699762e-8,207.70036755056807,207.69996095514077,false,true,9.508999824523926
import_fixed--p1--swm--clarabel,import_fixed,1,clarabel,688,6.552842526324537e-6,8.700886122703366e-9,207.7003677164044,207.69996095514077,false,true,9.519999980926514
import_fixed--p1--swm--clarabel,import_fixed,1,clarabel,689,6.5476958399141525e-6,6.2574914971857964e-9,207.70036787552772,207.69996095514077,false,true,9.532999992370605
import_fixed--p1--swm--clarabel,import_fixed,1,clarabel,690,6.542561435245049e-6,3.1954613510798424e-8,207.70036801613207,207.69996095514077,false,true,9.545999765396118
import_fixed--p1--swm--clarabel,import_fixed,1,clarabel,691,6.537446280278786e-6,2.1933609817281763e-8,207.70036817236706,207.69996095514077,false,true,9.557999849319458
import_fixed--p1--swm--clarabel,import_fixed,1,clarabel,692,6.532347056255958e-6,7.945777924511788e-9,207.70036833856233,207.69996095514077,false,true,9.569999933242798
import_fixed--p1--swm--clarabel,import_fixed,1,clarabel,693,6.5272186175216715e-6,6.260734153329395e-9,207.7003684959174,207.69996095514077,false,true,9.581999778747559
import_fixed--p1--swm--clarabel,import_fixed,1,clarabel,694,6.522142709999088e-6,6.145677911018055e-9,207.70036865375448,207.69996095514077,false,true,9.601999998092651
import_fixed--p1--swm--clarabel,import_fixed,1,clarabel,695,6.517041062006143e-6,3.288312133697957e-8,207.7003687945009,207.69996095514077,false,true,9.614999771118164
import_fixed--p1--swm--clarabel,import_fixed,1,clarabel,696,6.511966466161599e-6,2.206526350523319e-8,207.70036895082424,207.69996095514077,false,true,9.627999782562256
import_fixed--p1--swm--clarabel,import_fixed,1,clarabel,697,6.506898704849994e-6,7.466673168643467e-9,207.70036911640136,207.69996095514077,false,true,9.638999938964844
import_fixed--p1--swm--clarabel,import_fixed,1,clarabel,698,6.501844419274069e-6,6.141944342008543e-9,207.70036927147288,207.69996095514077,false,true,9.650999784469604
import_fixed--p1--swm--clarabel,import_fixed,1,clarabel,699,6.496801018223747e-6,6.125104451415453e-9,207.70036942770327,207.69996095514077,false,true,9.663999795913696
import_fixed--p1--swm--clarabel,import_fixed,1,clarabel,700,6.491754019445249e-6,6.1439015541786546e-9,207.70036958176522,207.69996095514077,false,true,9.68399977684021
import_fixed--p1--swm--clarabel,import_fixed,1,clarabel,701,6.486741221187954e-6,6.074345887396859e-9,207.70036973396418,207.69996095514077,false,true,9.696999788284302
import_fixed--p1--swm--clarabel,import_fixed,1,clarabel,702,6.481714701230116e-6,3.325669839515655e-8,207.700369866835,207.69996095514077,false,true,9.710999965667725
import_fixed--p1--swm--clarabel,import_fixed,1,clarabel,703,6.476707766716655e-6,2.2356436368831112e-8,207.7003700206857,207.69996095514077,false,true,9.723999977111816
import_fixed--p1--swm--clarabel,import_fixed,1,clarabel,704,6.471713827767415e-6,7.64898222538335e-9,207.7003701872651,207.69996095514077,false,true,9.736999988555908
import_fixed--p1--swm--clarabel,import_fixed,1,clarabel,705,6.4667199805125035e-6,3.045435614801306e-8,207.70037031945088,207.69996095514077,false,true,9.75
import_fixed--p1--swm--clarabel,import_fixed,1,clarabel,706,6.461744680693907e-6,2.2503653607230945e-8,207.7003704843101,207.69996095514077,false,true,9.768999814987183
import_fixed--p1--swm--clarabel,import_fixed,1,clarabel,707,6.456773170974857e-6,8.228350667494055e-9,207.7003706391846,207.69996095514077,false,true,9.780999898910522
import_fixed--p1--swm--clarabel,import_fixed,1,clarabel,708,6.451821125484016e-6,6.0173022120579844e-9,207.70037079380057,207.69996095514077,false,true,9.792999982833862
import_fixed--p1--swm--clarabel,import_fixed,1,clarabel,709,6.446856242131088e-6,6.054140633260374e-9,207.7003709517429,207.69996095514077,false,true,9.804999828338623
import_fixed--p1--swm--clarabel,import_fixed,1,clarabel,710,6.441930220015621e-6,5.969353483736839e-9,207.70037109631448,207.69996095514077,false,true,9.817999839782715
import_fixed--p1--swm--clarabel,import_fixed,1,clarabel,711,6.436990808761871e-6,3.3180686531686376e-8,207.70037123400937,207.69996095514077,false,true,9.829999923706055
import_fixed--p1--swm--clarabel,import_fixed,1,clarabel,712,6.43206267681894e-6,1.2401706883657937e-8,207.7003713632489,207.69996095514077,false,true,9.841999769210815
import_fixed--p1--swm--clarabel,import_fixed,1,clarabel,713,6.427157359555447e-6,5.948515208187288e-9,207.70037150782986,207.69996095514077,false,true,9.860999822616577
import_fixed--p1--swm--clarabel,import_fixed,1,clarabel,714,6.422247488914078e-6,5.975360817256359e-9,207.70037165825318,207.69996095514077,false,true,9.873999834060669
import_fixed--p1--swm--clarabel,import_fixed,1,clarabel,715,6.417352374600181e-6,5.951396125913888e-9,207.70037180786477,207.69996095514077,false,true,9.884999990463257
import_fixed--p1--swm--clarabel,import_fixed,1,clarabel,716,6.4124723480153305e-6,3.296574757616355e-8,207.70037197728294,207.69996095514077,false,true,9.89799976348877
import_fixed--p1--swm--clarabel,import_fixed,1,clarabel,717,6.40759673668652e-6,2.1534571126302637e-8,207.7003721205185,207.69996095514077,false,true,9.910999774932861
import_fixed--p1--swm--clarabel,import_fixed,1,clarabel,718,6.402726542892816e-6,2.550871569528823e-8,207.7003722783209,207.69996095514077,false,true,9.922999858856201
import_fixed--p1--swm--clarabel,import_fixed,1,clarabel,719,6.397873070723198e-6,9.1501182186704e-9,207.70037243988608,207.69996095514077,false,true,9.934999942779541
import_fixed--p1--swm--clarabel,import_fixed,1,clarabel,720,6.393028232758042e-6,5.893183302463356e-9,207.70037259104402,207.69996095514077,false,true,9.955999851226807
import_fixed--p1--swm--clarabel,import_fixed,1,clarabel,721,6.388176433341269e-6,5.918084633460552e-9,207.70037274319822,207.69996095514077,false,true,9.96999979019165
import_fixed--p1--swm--clarabel,import_fixed,1,clarabel,722,6.383345612345517e-6,5.876937714255348e-9,207.70037289118847,207.69996095514077,false,true,9.982999801635742
import_fixed--p1--swm--clarabel,import_fixed,1,clarabel,723,6.378520456010425e-6,5.8739275943242575e-9,207.70037303559218,207.69996095514077,false,true,9.995999813079834
import_fixed--p1--swm--clarabel,import_fixed,1,clarabel,724,6.373709935139889e-6,3.321433028613541e-8,207.70037316296992,207.69996095514077,false,true,10.009999990463257
import_fixed--p1--swm--clarabel,import_fixed,1,clarabel,725,6.368913225897963e-6,2.1820383611093064e-8,207.70037331604559,207.69996095514077,false,true,10.0239999294281
import_fixed--p1--swm--clarabel,import_fixed,1,clarabel,726,6.364118943351245e-6,8.05691235949979e-9,207.70037347204428,207.69996095514077,false,true,10.041999816894531
import_fixed--p1--swm--clarabel,import_fixed,1,clarabel,727,6.359315212352405e-6,5.872506536608313e-9,207.70037362535518,207.69996095514077,false,true,10.054999828338623
import_fixed--p1--swm--clarabel,import_fixed,1,clarabel,728,6.3545546806361e-6,5.77538178392345e-9,207.7003737685992,207.69996095514077,false,true,10.067999839782715
import_fixed--p1--swm--clarabel,import_fixed,1,clarabel,729,6.349780460122225e-6,5.817820558640108e-9,207.7003739188154,207.69996095514077,false,true,10.080999851226807
import_fixed--p1--swm--clarabel,import_fixed,1,clarabel,730,6.345025998197054e-6,3.3150398870418485e-8,207.70037403918158,207.69996095514077,false,true,10.093999862670898
import_fixed--p1--swm--clarabel,import_fixed,1,clarabel,731,6.340271755692324e-6,2.221498462962046e-8,207.70037419681574,207.69996095514077,false,true,10.107999801635742
import_fixed--p1--swm--clarabel,import_fixed,1,clarabel,732,6.335521023410011e-6,7.414074132405801e-9,207.70037435146259,207.69996095514077,false,true,10.119999885559082
import_fixed--p1--swm--clarabel,import_fixed,1,clarabel,733,6.330790017116217e-6,5.760731697224131e-9,207.700374499205,207.69996095514077,false,true,10.140999794006348
import_fixed--p1--swm--clarabel,import_fixed,1,clarabel,734,6.3260713911212294e-6,5.739292679995955e-9,207.70037464227153,207.69996095514077,false,true,10.15399980545044
import_fixed--p1--swm--clarabel,import_fixed,1,clarabel,735,6.3213416692545455e-6,5.775995431944736e-9,207.70037479131912,207.69996095514077,false,true,10.166999816894531
import_fixed--p1--swm--clarabel,import_fixed,1,clarabel,736,6.316641099674507e-6,3.300240980497193e-8,207.70037491141255,207.69996095514077,false,true,10.179999828338623
import_fixed--p1--swm--clarabel,import_fixed,1,clarabel,737,6.311942851722207e-6,1.2081072475744747e-8,207.70037504730578,207.69996095514077,false,true,10.191999912261963
import_fixed--p1--swm--clarabel,import_fixed,1,clarabel,738,6.307258312955209e-6,5.687591009273518e-9,207.70037518434566,207.69996095514077,false,true,10.205999851226807
import_fixed--p1--swm--clarabel,import_fixed,1,clarabel,739,6.302579108254733e-6,3.183251529037534e-8,207.7003753450847,207.69996095514077,false,true,10.217999935150146
import_fixed--p1--swm--clarabel,import_fixed,1,clarabel,740,6.297900873031281e-6,1.2007627669952115e-8,207.70037549691455,207.69996095514077,false,true,10.238999843597412
import_fixed--p1--swm--clarabel,import_fixed,1,clarabel,741,6.293245389507343e-6,5.671306646526375e-9,207.7003756495675,207.69996095514077,false,true,10.251999855041504
import_fixed--p1--swm--clarabel,import_fixed,1,clarabel,742,6.288577322362391e-6,5.701039640371164e-9,207.70037579569748,207.69996095514077,false,true,10.264999866485596
import_fixed--p1--swm--clarabel,import_fixed,1,clarabel,743,6.28392842634677e-6,3.290366890063012e-8,207.7003759204046,207.69996095514077,false,true,10.27899980545044
import_fixed--p1--swm--clarabel,import_fixed,1,clarabel,744,6.279294985695409e-6,2.2085329787202568e-8,207.70037606286985,207.69996095514077,false,true,10.291999816894531
import_fixed--p1--swm--clarabel,import_fixed,1,clarabel,745,6.274662190487344e-6,7.867604234768066e-9,207.70037621862963,207.69996095514077,false,true,10.304999828338623
import_fixed--p1--swm--clarabel,import_fixed,1,clarabel,746,6.270043341093479e-6,5.627795618412534e-9,207.70037636283848,207.69996095514077,false,true,10.317999839782715
import_fixed--p1--swm--clarabel,import_fixed,1,clarabel,747,6.265420303332789e-6,5.645817535704367e-9,207.70037651146754,207.69996095514077,false,true,10.377999782562256
import_fixed--p1--swm--clarabel,import_fixed,1,clarabel,748,6.260801854578042e-6,3.302137296934404e-8,207.7003766313161,207.69996095514077,false,true,10.390999794006348
import_fixed--p1--swm--clarabel,import_fixed,1,clarabel,749,6.256232282685448e-6,1.1952302370055179e-8,207.70037675732084,207.69996095514077,false,true,10.40399980545044
import_fixed--p1--swm--clarabel,import_fixed,1,clarabel,750,6.251636165663124e-6,2.90688534354544e-8,207.7003769119042,207.69996095514077,false,true,10.416999816894531
import_fixed--p1--swm--clarabel,import_fixed,1,clarabel,751,6.2470498013444944e-6,2.258541442756723e-8,207.70037704818685,207.69996095514077,false,true,10.430999994277954
import_fixed--p1--swm--clarabel,import_fixed,1,clarabel,752,6.24248452389549e-6,8.34466096222286e-9,207.70037717642816,207.69996095514077,false,true,10.443999767303467
import_fixed--p1--swm--clarabel,import_fixed,1,clarabel,753,6.2379129852932725e-6,5.5755965400194896e-9,207.70037731875132,207.69996095514077,false,true,10.456999778747559
import_fixed--p1--swm--clarabel,import_fixed,1,clarabel,754,6.233370557949914e-6,3.192988839995081e-8,207.70037747155644,207.69996095514077,false,true,10.702999830245972
import_fixed--p1--swm--clarabel,import_fixed,1,clarabel,755,6.228814252011312e-6,1.1672942501483874e-8,207.7003776272521,207.69996095514077,false,true,10.716999769210815
import_fixed--p1--swm--clarabel,import_fixed,1,clarabel,756,6.224293454941283e-6,5.496493760137611e-9,207.70037777257784,207.69996095514077,false,true,10.729999780654907
import_fixed--p1--swm--clarabel,import_fixed,1,clarabel,757,6.219747303203394e-6,3.181433616550322e-8,207.70037789487168,207.69996095514077,false,true,10.74399995803833
import_fixed--p1--swm--clarabel,import_fixed,1,clarabel,758,6.215216691459039e-6,1.1469014515874676e-8,207.70037801859633,207.69996095514077,false,true,10.757999897003174
import_fixed--p1--swm--clarabel,import_fixed,1,clarabel,759,6.210695329184561e-6,2.9484005792390633e-8,207.70037817522498,207.69996095514077,false,true,10.770999908447266
import_fixed--p1--swm--clarabel,import_fixed,1,clarabel,760,6.206194043830008e-6,1.0494100921576432e-8,207.70037832274085,207.69996095514077,false,true,10.782999992370605
import_fixed--p1--swm--clarabel,import_fixed,1,clarabel,761,6.201694394792799e-6,5.4955700545811226e-9,207.70037847192856,207.69996095514077,false,true,10.79699993133545
import_fixed--p1--swm--clarabel,import_fixed,1,clarabel,762,6.197198393544731e-6,5.4902280777202606e-9,207.7003786116191,207.69996095514077,false,true,10.810999870300293
import_fixed--p1--swm--clarabel,import_fixed,1,clarabel,763,6.1927365299388715e-6,3.307673790420296e-8,207.7003787272276,207.69996095514077,false,true,10.823999881744385
import_fixed--p1--swm--clarabel,import_fixed,1,clarabel,764,6.188242120851551e-6,1.231406421275949e-8,207.70037885205738,207.69996095514077,false,true,10.835999965667725
import_fixed--p1--swm--clarabel,import_fixed,1,clarabel,765,6.183784466858148e-6,2.931152065510645e-8,207.70037900346017,207.69996095514077,false,true,10.847999811172485
import_fixed--p1--swm--clarabel,import_fixed,1,clarabel,766,6.179334435252315e-6,1.0565770702797295e-8,207.7003791538678,207.69996095514077,false,true,10.860999822616577
import_fixed--p1--swm--clarabel,import_fixed,1,clarabel,767,6.1748787825873075e-6,2.944890431511027e-8,207.70037928026437,207.69996095514077,false,true,10.873999834060669
import_fixed--p1--swm--clarabel,import_fixed,1,clarabel,768,6.170427090542011e-6,2.2777695063425085e-8,207.70037942233165,207.69996095514077,false,true,10.887999773025513
import_fixed--p1--swm--clarabel,import_fixed,1,clarabel,769,6.165992452985849e-6,8.125942474457304e-9,207.70037957129495,207.69996095514077,false,true,10.899999856948853
import_fixed--p1--swm--clarabel,import_fixed,1,clarabel,770,6.161559985764307e-6,5.417823772946306e-9,207.70037970912745,207.69996095514077,false,true,10.911999940872192
import_fixed--p1--swm--clarabel,import_fixed,1,clarabel,771,6.157149384183375e-6,5.372710748519083e-9,207.70037984665748,207.69996095514077,false,true,10.925999879837036
import_fixed--p1--swm--clarabel,import_fixed,1,clarabel,772,6.152724562260368e-6,3.291789429926695e-8,207.70037996590733,207.69996095514077,false,true,10.937999963760376
import_fixed--p1--swm--clarabel,import_fixed,1,clarabel,773,6.14833273808331e-6,2.204035187691744e-8,207.70038010193693,207.69996095514077,false,true,10.952999830245972
import_fixed--p1--swm--clarabel,import_fixed,1,clarabel,774,6.143935236831281e-6,7.813919844501527e-9,207.70038025123267,207.69996095514077,false,true,10.965999841690063
import_fixed--p1--swm--clarabel,import_fixed,1,clarabel,775,6.1395351820158295e-6,3.0013816321172726e-8,207.7003803754737,207.69996095514077,false,true,10.978999853134155
import_fixed--p1--swm--clarabel,import_fixed,1,clarabel,776,6.135166304231034e-6,2.2426607459991033e-8,207.7003805077788,207.69996095514077,false,true,10.992999792098999
import_fixed--p1--swm--clarabel,import_fixed,1,clarabel,777,6.1307959459638335e-6,7.639999632935712e-9,207.70038065819267,207.69996095514077,false,true,11.006999969482422
import_fixed--p1--swm--clarabel,import_fixed,1,clarabel,778,6.126412141684654e-6,3.043917606859736e-8,207.70038077974485,207.69996095514077,false,true,11.020999908447266
import_fixed--p1--swm--clarabel,import_fixed,1,clarabel,779,6.122064108791327e-6,1.0722775223293013e-8,207.7003808956518,207.69996095514077,false,true,11.033999919891357
import_fixed--p1--swm--clarabel,import_fixed,1,clarabel,780,6.117715868538618e-6,5.299802624536554e-9,207.70038102884217,207.69996095514077,false,true,11.047999858856201
import_fixed--p1--swm--clarabel,import_fixed,1,clarabel,781,6.113358999481167e-6,3.1991296389755064e-8,207.7003811849758,207.69996095514077,false,true,11.059999942779541
import_fixed--p1--swm--clarabel,import_fixed,1,clarabel,782,6.109030299607873e-6,1.1499687091465205e-8,207.70038132627752,207.69996095514077,false,true,11.073999881744385
import_fixed--p1--swm--clarabel,import_fixed,1,clarabel,783,6.104710738939125e-6,5.273499609215193e-9,207.70038146901848,207.69996095514077,false,true,11.087999820709229
import_fixed--p1--swm--clarabel,import_fixed,1,clarabel,784,6.100380430403133e-6,5.3012172429589555e-9,207.7003816023367,207.69996095514077,false,true,11.101999998092651
import_fixed--p1--swm--clarabel,import_fixed,1,clarabel,785,6.0960764597888835e-6,5.247093287641391e-9,207.70038173793108,207.69996095514077,false,true,11.115999937057495
import_fixed--p1--swm--clarabel,import_fixed,1,clarabel,786,6.091762433783772e-6,3.3440768265613485e-8,207.7003818527867,207.69996095514077,false,true,11.128999948501587
import_fixed--p1--swm--clarabel,import_fixed,1,clarabel,787,6.087470248186929e-6,2.1923188930905724e-8,207.70038198833475,207.69996095514077,false,true,11.141999959945679
import_fixed--p1--swm--clarabel,import_fixed,1,clarabel,788,6.083177341702091e-6,7.905968657517803e-9,207.7003821323322,207.69996095514077,false,true,11.155999898910522
import_fixed--p1--swm--clarabel,import_fixed,1,clarabel,789,6.0789034613615485e-6,3.025634753850426e-8,207.70038224667232,207.69996095514077,false,true,11.168999910354614
import_fixed--p1--swm--clarabel,import_fixed,1,clarabel,790,6.0746184767217084e-6,2.208657146063331e-8,207.70038238428913,207.69996095514077,false,true,11.180999994277954
import_fixed--p1--swm--clarabel,import_fixed,1,clarabel,791,6.070345912247774e-6,2.5178519713620062e-8,207.7003825129402,207.69996095514077,false,true,11.193999767303467
import_fixed--p1--swm--clarabel,import_fixed,1,clarabel,792,6.066091555128656e-6,2.4410614196668234e-8,207.70038264869504,207.69996095514077,false,true,11.206999778747559
import_fixed--p1--swm--clarabel,import_fixed,1,clarabel,793,6.061830861764877e-6,8.662663031344664e-9,207.7003827973623,207.69996095514077,false,true,11.21999979019165
import_fixed--p1--swm--clarabel,import_fixed,1,clarabel,794,6.057583541945793e-6,5.194209506953484e-9,207.70038293057462,207.69996095514077,false,true,11.23199987411499
import_fixed--p1--swm--clarabel,import_fixed,1,clarabel,795,6.053348630029698e-6,3.1994440208293895e-8,207.70038304057744,207.69996095514077,false,true,11.274999856948853
import_fixed--p1--swm--clarabel,import_fixed,1,clarabel,796,6.049111973044868e-6,2.1857481380394006e-8,207.70038317943488,207.69996095514077,false,true,11.286999940872192
import_fixed--p1--swm--clarabel,import_fixed,1,clarabel,797,6.044894965392702e-6,2.5593650088140407e-8,207.70038330047916,207.69996095514077,false,true,11.298999786376953
import_fixed--p1--swm--clarabel,import_fixed,1,clarabel,798,6.040683647128891e-6,8.848187627030768e-9,207.70038342012424,207.69996095514077,false,true,11.311999797821045
import_fixed--p1--swm--clarabel,import_fixed,1,clarabel,799,6.0364641568161846e-6,2.9730500061830867e-8,207.70038356618605,207.69996095514077,false,true,11.324999809265137
import_fixed--p1--swm--clarabel,import_fixed,1,clarabel,800,6.032264769008997e-6,1.083514289401677e-8,207.70038371215753,207.69996095514077,false,true,11.336999893188477
import_fixed--p1--swm--clarabel,import_fixed,1,clarabel,801,6.028057361758114e-6,5.163746596981156e-9,207.7003838481815,207.69996095514077,false,true,11.348999977111816
import_fixed--p1--swm--clarabel,import_fixed,1,clarabel,802,6.0238840201868005e-6,5.084656723441938e-9,207.70038397830655,207.69996095514077,false,true,11.360999822616577
import_fixed--p1--swm--clarabel,import_fixed,1,clarabel,803,6.019689307932487e-6,3.255123048884201e-8,207.7003840874238,207.69996095514077,false,true,11.372999906539917
import_fixed--p1--swm--clarabel,import_fixed,1,clarabel,804,6.015513401140411e-6,2.2354010864589213e-8,207.70038422330327,207.69996095514077,false,true,11.385999917984009
import_fixed--p1--swm--clarabel,import_fixed,1,clarabel,805,6.011360795810105e-6,2.5930628089199104e-8,207.70038434462495,207.69996095514077,false,true,11.39799976348877
import_fixed--p1--swm--clarabel,import_fixed,1,clarabel,806,6.0071982080104025e-6,9.45395173257424e-9,207.70038446318682,207.69996095514077,false,true,11.411999940872192
import_fixed--p1--swm--clarabel,import_fixed,1,clarabel,807,6.00303130603542e-6,3.0269287187856264e-8,207.70038461078377,207.69996095514077,false,true,11.425999879837036
import_fixed--p1--swm--clarabel,import_fixed,1,clarabel,808,5.9988838976086285e-6,2.258435172208806e-8,207.70038473198423,207.69996095514077,false,true,11.43999981880188
import_fixed--p1--swm--clarabel,import_fixed,1,clarabel,809,5.994756831445064e-6,2.4889554750551213e-8,207.70038486852496,207.69996095514077,false,true,11.453999996185303
import_fixed--p1--swm--clarabel,import_fixed,1,clarabel,810,5.990618018869576e-6,2.3866440157505053e-8,207.70038498826455,207.69996095514077,false,true,11.468999862670898
import_fixed--p1--swm--clarabel,import_fixed,1,clarabel,811,5.986488461416008e-6,2.4483399641006542e-8,207.70038512324027,207.69996095514077,false,true,11.484999895095825
import_fixed--p1--swm--clarabel,import_fixed,1,clarabel,812,5.982362585108738e-6,2.443275559649294e-8,207.70038524513643,207.69996095514077,false,true,11.498999834060669
import_fixed--p1--swm--clarabel,import_fixed,1,clarabel,813,5.978265515152711e-6,2.4295023215437084e-8,207.70038538246325,207.69996095514077,false,true,11.512999773025513
import_fixed--p1--swm--clarabel,import_fixed,1,clarabel,814,5.974151271509969e-6,9.29376464675613e-9,207.70038552136106,207.69996095514077,false,true,11.526999950408936
import_fixed--p1--swm--clarabel,import_fixed,1,clarabel,815,5.9700603906940515e-6,5.003480463283694e-9,207.700385652386,207.69996095514077,false,true,11.54099988937378
import_fixed--p1--swm--clarabel,import_fixed,1,clarabel,816,5.965969862979521e-6,3.184313623894042e-8,207.7003857619241,207.69996095514077,false,true,11.554999828338623
import_fixed--p1--swm--clarabel,import_fixed,1,clarabel,817,5.961879860047228e-6,2.2161628310257697e-8,207.70038589378748,207.69996095514077,false,true,11.569999933242798
import_fixed--p1--swm--clarabel,import_fixed,1,clarabel,818,5.957806597360489e-6,2.531109766223949e-8,207.7003860097397,207.69996095514077,false,true,11.584999799728394
import_fixed--p1--swm--clarabel,import_fixed,1,clarabel,819,5.9537344918289294e-6,2.3677753535622514e-8,207.70038614855008,207.69996095514077,false,true,11.60099983215332
import_fixed--p1--swm--clarabel,import_fixed,1,clarabel,820,5.9496819218826404e-6,8.81009054598536e-9,207.70038628297198,207.69996095514077,false,true,11.61899995803833
import_fixed--p1--swm--clarabel,import_fixed,1,clarabel,821,5.9456156610192635e-6,4.99501853767903e-9,207.70038641309264,207.69996095514077,false,true,11.632999897003174
import_fixed--p1--swm--clarabel,import_fixed,1,clarabel,822,5.9415656928806335e-6,4.959853139308024e-9,207.7003865427884,207.69996095514077,false,true,11.649999856948853
import_fixed--p1--swm--clarabel,import_fixed,1,clarabel,823,5.937522461070669e-6,3.2668273419744764e-8,207.70038664961942,207.69996095514077,false,true,11.666999816894531
import_fixed--p1--swm--clarabel,import_fixed,1,clarabel,824,5.933488512996101e-6,1.2066650123543354e-8,207.7003867592144,207.69996095514077,false,true,11.680999994277954
import_fixed--p1--swm--clarabel,import_fixed,1,clarabel,825,5.9294481685229714e-6,2.879527449817232e-8,207.7003869006312,207.69996095514077,false,true,11.694999933242798
import_fixed--p1--swm--clarabel,import_fixed,1,clarabel,826,5.925425283518057e-6,1.0471587263971571e-8,207.70038704041417,207.69996095514077,false,true,11.709999799728394
import_fixed--p1--swm--clarabel,import_fixed,1,clarabel,827,5.921409304756396e-6,2.9273156232356712e-8,207.70038714820436,207.69996095514077,false,true,11.723999977111816
import_fixed--p1--swm--clarabel,import_fixed,1,clarabel,828,5.917407641513201e-6,2.2659762288768093e-8,207.7003872819351,207.69996095514077,false,true,11.73799991607666
import_fixed--p1--swm--clarabel,import_fixed,1,clarabel,829,5.913407164947027e-6,2.4983836444114615e-8,207.70038739676409,207.69996095514077,false,true,11.751999855041504
import_fixed--p1--swm--clarabel,import_fixed,1,clarabel,830,5.909400273512216e-6,2.40986205435334e-8,207.7003875287653,207.69996095514077,false,true,11.77299976348877
import_fixed--p1--swm--clarabel,import_fixed,1,clarabel,831,5.9054141321457365e-6,8.976640764046806e-9,207.70038766545736,207.69996095514077,false,true,11.787999868392944
import_fixed--p1--swm--clarabel,import_fixed,1,clarabel,832,5.90143246891429e-6,4.879671611224268e-9,207.70038779361175,207.69996095514077,false,true,11.83299994468689
import_fixed--p1--swm--clarabel,import_fixed,1,clarabel,833,5.897453261798963e-6,3.1984411119623246e-8,207.70038789796698,207.69996095514077,false,true,11.84499979019165
import_fixed--p1--swm--clarabel,import_fixed,1,clarabel,834,5.893493084057671e-6,2.1986784504157697e-8,207.700388026345,207.69996095514077,false,true,11.857999801635742
import_fixed--p1--swm--clarabel,import_fixed,1,clarabel,835,5.889520062045279e-6,7.884764841037395e-9,207.70038816228075,207.69996095514077,false,true,11.869999885559082
import_fixed--p1--swm--clarabel,import_fixed,1,clarabel,836,5.885563349209119e-6,4.851424317831032e-9,207.70038828870906,207.69996095514077,false,true,11.882999897003174
import_fixed--p1--swm--clarabel,import_fixed,1,clarabel,837,5.88160751768818e-6,3.21658758517529e-8,207.70038839599545,207.69996095514077,false,true,11.895999908447266
import_fixed--p1--swm--clarabel,import_fixed,1,clarabel,838,5.877663273110769e-6,1.1624190721093441e-8,207.70038850248778,207.69996095514077,false,true,11.908999919891357
import_fixed--p1--swm--clarabel,import_fixed,1,clarabel,839,5.8737361642201655e-6,2.8523967188220922e-8,207.70038864226262,207.69996095514077,false,true,11.920999765396118
import_fixed--p1--swm--clarabel,import_fixed,1,clarabel,840,5.869797098681769e-6,1.0617563050985268e-8,207.70038877773635,207.69996095514077,false,true,11.932999849319458
import_fixed--p1--swm--clarabel,import_fixed,1,clarabel,841,5.865877071550587e-6,4.8044057621154934e-9,207.70038890046163,207.69996095514077,false,true,11.94599986076355
import_fixed--p1--swm--clarabel,import_fixed,1,clarabel,842,5.861968605575479e-6,4.781565032807578e-9,207.7003890269944,207.69996095514077,false,true,11.95799994468689
import_fixed--p1--swm--clarabel,import_fixed,1,clarabel,843,5.858035006623862e-6,3.2696688245792416e-8,207.70038913534802,207.69996095514077,false,true,11.970999956130981
import_fixed--p1--swm--clarabel,import_fixed,1,clarabel,844,5.854133841525828e-6,1.2630759771425915e-8,207.7003892401337,207.69996095514077,false,true,11.982999801635742
import_fixed--p1--swm--clarabel,import_fixed,1,clarabel,845,5.850250738292928e-6,2.9236227327977815e-8,207.70038937170565,207.69996095514077,false,true,11.994999885559082
import_fixed--p1--swm--clarabel,import_fixed,1,clarabel,846,5.846341151497211e-6,1.0451528864585669e-8,207.7003895107669,207.69996095514077,false,true,12.007999897003174
import_fixed--p1--swm--clarabel,import_fixed,1,clarabel,847,5.84245973560145e-6,4.757768318208733e-9,207.70038963432427,207.69996095514077,false,true,12.020999908447266
import_fixed--p1--swm--clarabel,import_fixed,1,clarabel,848,5.838573191736932e-6,3.163804607186904e-8,207.70038974083366,207.69996095514077,false,true,12.032999992370605
import_fixed--p1--swm--clarabel,import_fixed,1,clarabel,849,5.834716027401527e-6,2.217127026415966e-8,207.70038986505398,207.69996095514077,false,true,12.045999765396118
import_fixed--p1--swm--clarabel,import_fixed,1,clarabel,850,5.830832942790096e-6,7.75708997036162e-9,207.7003899975678,207.69996095514077,false,true,12.05899977684021
import_fixed--p1--swm--clarabel,import_fixed,1,clarabel,851,5.8269658337833415e-6,3.02006739616445e-8,207.70039010378238,207.69996095514077,false,true,12.071999788284302
import_fixed--p1--swm--clarabel,import_fixed,1,clarabel,852,5.823126068711785e-6,1.093137214080997e-8,207.70039021052943,207.69996095514077,false,true,12.084999799728394
import_fixed--p1--swm--clarabel,import_fixed,1,clarabel,853,5.81927288750334e-6,4.72290651032381e-9,207.70039032449858,207.69996095514077,false,true,12.096999883651733
import_fixed--p1--swm--clarabel,import_fixed,1,clarabel,854,5.815427692734686e-6,3.192483866154561e-8,207.70039046372216,207.69996095514077,false,true,12.109999895095825
import_fixed--p1--swm--clarabel,import_fixed,1,clarabel,855,5.811586805126722e-6,2.1906345293309926e-8,207.70039057661228,207.69996095514077,false,true,12.122999906539917
import_fixed--p1--swm--clarabel,import_fixed,1,clarabel,856,5.8077511412190175e-6,2.5213230281373455e-8,207.70039070800757,207.69996095514077,false,true,12.134999990463257
import_fixed--p1--swm--clarabel,import_fixed,1,clarabel,857,5.803916884165745e-6,2.3978064978003033e-8,207.70039082589,207.69996095514077,false,true,12.166999816894531
import_fixed--p1--swm--clarabel,import_fixed,1,clarabel,858,5.800120539714823e-6,2.44697910822822e-8,207.70039094746264,207.69996095514077,false,true,12.179999828338623
import_fixed--p1--swm--clarabel,import_fixed,1,clarabel,859,5.796292189502222e-6,8.792618966246835e-9,207.7003910846032,207.69996095514077,false,true,12.191999912261963
import_fixed--p1--swm--clarabel,import_fixed,1,clarabel,860,5.79248240595298e-6,4.682392640287247e-9,207.700391201512,207.69996095514077,false,true,12.204999923706055
import_fixed--p1--swm--clarabel,import_fixed,1,clarabel,861,5.78869143760566e-6,4.643571194229423e-9,207.70039132343774,207.69996095514077,false,true,12.217999935150146
import_fixed--p1--swm--clarabel,import_fixed,1,clarabel,862,5.784897681690184e-6,4.654500618261892e-9,207.70039144276396,207.69996095514077,false,true,12.23199987411499
import_fixed--p1--swm--clarabel,import_fixed,1,clarabel,863,5.781116295576861e-6,4.631485500672383e-9,207.70039156328806,207.69996095514077,false,true,12.245999813079834
import_fixed--p1--swm--clarabel,import_fixed,1,clarabel,864,5.777325299877683e-6,3.3489420236954004e-8,207.70039166123615,207.69996095514077,false,true,12.258999824523926
import_fixed--p1--swm--clarabel,import_fixed,1,clarabel,865,5.773555447719968e-6,2.2470881266833942e-8,207.70039178274936,207.69996095514077,false,true,12.27299976348877
import_fixed--p1--swm--clarabel,import_fixed,1,clarabel,866,5.769784202333286e-6,2.6078105008764396e-8,207.70039189045582,207.69996095514077,false,true,12.285999774932861
import_fixed--p1--swm--clarabel,import_fixed,1,clarabel,867,5.7660256019326734e-6,9.133034550856678e-9,207.70039199955784,207.69996095514077,false,true,12.298999786376953
import_fixed--p1--swm--clarabel,import_fixed,1,clarabel,868,5.762262531370445e-6,2.990066971797489e-8,207.7003921360195,207.69996095514077,false,true,12.311999797821045
import_fixed--p1--swm--clarabel,import_fixed,1,clarabel,869,5.758503350424119e-6,1.0833046570901672e-8,207.7003922630721,207.69996095514077,false,true,12.325999975204468
import_fixed--p1--swm--clarabel,import_fixed,1,clarabel,870,5.754767699645507e-6,4.581463292074872e-9,207.70039238775075,207.69996095514077,false,true,12.339999914169312
import_fixed--p1--swm--clarabel,import_fixed,1,clarabel,871,5.7510223805401495e-6,3.193930708800252e-8,207.70039248778934,207.69996095514077,false,true,12.352999925613403
import_fixed--p1--swm--clarabel,import_fixed,1,clarabel,872,5.747274415066818e-6,1.1362277452242608e-8,207.7003925897858,207.69996095514077,false,true,12.365999937057495
import_fixed--p1--swm--clarabel,import_fixed,1,clarabel,873,5.743556108040902e-6,2.9322049677205086e-8,207.70039272074092,207.69996095514077,false,true,12.377999782562256
import_fixed--p1--swm--clarabel,import_fixed,1,clarabel,874,5.7398456987378665e-6,1.0752557177973188e-8,207.70039285493266,207.69996095514077,false,true,12.390999794006348
import_fixed--p1--swm--clarabel,import_fixed,1,clarabel,875,5.73612020392623e-6,2.9157011471880878e-8,207.70039295485483,207.69996095514077,false,true,12.40399980545044
import_fixed--p1--swm--clarabel,import_fixed,1,clarabel,876,5.732411604337188e-6,1.0997188382155798e-8,207.70039305618786,207.69996095514077,false,true,12.417999982833862
import_fixed--p1--swm--clarabel,import_fixed,1,clarabel,877,5.728710012324485e-6,2.9292495540289565e-8,207.70039318599436,207.69996095514077,false,true,12.430999994277954
import_fixed--p1--swm--clarabel,import_fixed,1,clarabel,878,5.7250101652795875e-6,2.2863362758585026e-8,207.70039329580504,207.69996095514077,false,true,12.459999799728394
import_fixed--p1--swm--clarabel,import_fixed,1,clarabel,879,5.721303435659372e-6,2.5584658391863968e-8,207.70039342633157,207.69996095514077,false,true,12.471999883651733
import_fixed--p1--swm--clarabel,import_fixed,1,clarabel,880,5.717622533964814e-6,9.169344949988556e-9,207.70039355023147,207.69996095514077,false,true,12.484999895095825
import_fixed--p1--swm--clarabel,import_fixed,1,clarabel,881,5.713936750266363e-6,3.022765771021341e-8,207.70039365223045,207.69996095514077,false,true,12.497999906539917
import_fixed--p1--swm--clarabel,import_fixed,1,clarabel,882,5.710270619332178e-6,2.233458906708563e-8,207.70039377045026,207.69996095514077,false,true,12.510999917984009
import_fixed--p1--swm--clarabel,import_fixed,1,clarabel,883,5.706594520159636e-6,8.237550530587612e-9,207.7003938993265,207.69996095514077,false,true,12.5239999294281
import_fixed--p1--swm--clarabel,import_fixed,1,clarabel,884,5.702930814154395e-6,4.505654849218388e-9,207.70039401506625,207.69996095514077,false,true,12.537999868392944
import_fixed--p1--swm--clarabel,import_fixed,1,clarabel,885,5.699282110391026e-6,4.472666265131764e-9,207.70039413471943,207.69996095514077,false,true,12.551999807357788
import_fixed--p1--swm--clarabel,import_fixed,1,clarabel,886,5.695613637946018e-6,4.5282565752646775e-9,207.70039424969025,207.69996095514077,false,true,12.565999984741211
import_fixed--p1--swm--clarabel,import_fixed,1,clarabel,887,5.691970235548056e-6,4.473318687692185e-9,207.70039436305902,207.69996095514077,false,true,12.578999996185303
import_fixed--p1--swm--clarabel,import_fixed,1,clarabel,888,5.688339080676321e-6,4.4490504058636304e-9,207.70039447518707,207.69996095514077,false,true,12.591999769210815
import_fixed--p1--swm--clarabel,import_fixed,1,clarabel,889,5.6846940608852714e-6,4.492684224643995e-9,207.70039459248397,207.69996095514077,false,true,12.605999946594238
import_fixed--p1--swm--clarabel,import_fixed,1,clarabel,890,5.6810644545727964e-6,4.461226527086026e-9,207.70039470331352,207.69996095514077,false,true,12.61899995803833
import_fixed--p1--swm--clarabel,import_fixed,1,clarabel,891,5.677433241010634e-6,4.473467263288455e-9,207.70039482361935,207.69996095514077,false,true,12.631999969482422
import_fixed--p1--swm--clarabel,import_fixed,1,clarabel,892,5.6738108592221694e-6,4.45616230027035e-9,207.70039493519567,207.69996095514077,false,true,12.644999980926514
import_fixed--p1--swm--clarabel,import_fixed,1,clarabel,893,5.670210088833242e-6,3.3227570694904784e-8,207.70039502984412,207.69996095514077,false,true,12.658999919891357
import_fixed--p1--swm--clarabel,import_fixed,1,clarabel,894,5.666596535487804e-6,2.1700164332116856e-8,207.70039514402964,207.69996095514077,false,true,12.684999942779541
import_fixed--p1--swm--clarabel,import_fixed,1,clarabel,895,5.662986539902512e-6,2.5580121243429232e-8,207.70039525222506,207.69996095514077,false,true,12.697999954223633
import_fixed--p1--swm--clarabel,import_fixed,1,clarabel,896,5.659404722837344e-6,9.164912051495833e-9,207.70039535303687,207.69996095514077,false,true,12.710999965667725
import_fixed--p1--swm--clarabel,import_fixed,1,clarabel,897,5.655807783626217e-6,2.980952906739276e-8,207.7003954810545,207.69996095514077,false,true,12.724999904632568
import_fixed--p1--swm--clarabel,import_fixed,1,clarabel,898,5.652222735610188e-6,2.250982600315865e-8,207.7003955914546,207.69996095514077,false,true,12.73799991607666
import_fixed--p1--swm--clarabel,import_fixed,1,clarabel,899,5.6486400942548896e-6,8.255355177233525e-9,207.70039569191422,207.69996095514077,false,true,12.75
import_fixed--p1--swm--clarabel,import_fixed,1,clarabel,900,5.645067353262947e-6,3.031681339304981e-8,207.70039581899127,207.69996095514077,false,true,12.762999773025513
import_fixed--p1--swm--clarabel,import_fixed,1,clarabel,901,5.641499374522205e-6,1.1221435336494778e-8,207.70039595002896,207.69996095514077,false,true,12.776999950408936
import_fixed--p1--swm--clarabel,import_fixed,1,clarabel,902,5.6379314114759795e-6,4.400158626349793e-9,207.70039606220863,207.69996095514077,false,true,12.789999961853027
import_fixed--p1--swm--clarabel,import_fixed,1,clarabel,903,5.6343770439685894e-6,3.171448015315548e-8,207.70039615805433,207.69996095514077,false,true,12.80299997329712
import_fixed--p1--swm--clarabel,import_fixed,1,clarabel,904,5.6308098597942795e-6,1.1448354819698636e-8,207.7003962579097,207.69996095514077,false,true,12.816999912261963
import_fixed--p1--swm--clarabel,import_fixed,1,clarabel,905,5.627268954800822e-6,2.915098051836651e-8,207.7003963830049,207.69996095514077,false,true,12.829999923706055
import_fixed--p1--swm--clarabel,import_fixed,1,clarabel,906,5.623721644274695e-6,2.2432082080747762e-8,207.70039648953474,207.69996095514077,false,true,12.841999769210815
import_fixed--p1--swm--clarabel,import_fixed,1,clarabel,907,5.620188377413787e-6,8.461633171918947e-9,207.70039658822543,207.69996095514077,false,true,12.866999864578247
import_fixed--p1--swm--clarabel,import_fixed,1,clarabel,908,5.61665632427897e-6,3.0108642024018195e-8,207.70039671333961,207.69996095514077,false,true,12.88099980354309
import_fixed--p1--swm--clarabel,import_fixed,1,clarabel,909,5.61314318470174e-6,2.267926224597261e-8,207.70039682379456,207.69996095514077,false,true,12.893999814987183
import_fixed--p1--swm--clarabel,import_fixed,1,clarabel,910,5.609614474599844e-6,2.4972291567948446e-8,207.70039694259907,207.69996095514077,false,true,12.906999826431274
import_fixed--p1--swm--clarabel,import_fixed,1,clarabel,911,5.606100052462699e-6,9.490171759551913e-9,207.7003970628674,207.69996095514077,false,true,12.920999765396118
import_fixed--p1--swm--clarabel,import_fixed,1,clarabel,912,5.602589652966358e-6,4.329026831451088e-9,207.70039717952773,207.69996095514077,false,true,12.932999849319458
import_fixed--p1--swm--clarabel,import_fixed,1,clarabel,913,5.5990916800954045e-6,3.187293717843431e-8,207.70039727000054,207.69996095514077,false,true,12.94599986076355
import_fixed--p1--swm--clarabel,import_fixed,1,clarabel,914,5.595600116138254e-6,1.1875267991179328e-8,207.7003973683123,207.69996095514077,false,true,12.958999872207642
import_fixed--p1--swm--clarabel,import_fixed,1,clarabel,915,5.592084276044446e-6,2.925698283640088e-8,207.7003974924608,207.69996095514077,false,true,12.970999956130981
import_fixed--p1--swm--clarabel,import_fixed,1,clarabel,916,5.58859774821033e-6,1.0515288972889891e-8,207.70039761736294,207.69996095514077,false,true,12.98199987411499
import_fixed--p1--swm--clarabel,import_fixed,1,clarabel,917,5.5851222328297885e-6,2.9430548331710327e-8,207.70039771015985,207.69996095514077,false,true,12.99399995803833
import_fixed--p1--swm--clarabel,import_fixed,1,clarabel,918,5.581638120891437e-6,2.2726379445003886e-8,207.70039782894128,207.69996095514077,false,true,13.015999794006348
import_fixed--p1--swm--clarabel,import_fixed,1,clarabel,919,5.578172155195172e-6,2.5140805548495848e-8,207.70039792697636,207.69996095514077,false,true,13.027999877929688
import_fixed--p1--swm--clarabel,import_fixed,1,clarabel,920,5.574702868418122e-6,2.425644662906734e-8,207.70039804488488,207.69996095514077,false,true,13.039999961853027
import_fixed--p1--swm--clarabel,import_fixed,1,clarabel,921,5.5712301813812e-6,8.842191090430163e-9,207.70039816740274,207.69996095514077,false,true,13.05299997329712
import_fixed--p1--swm--clarabel,import_fixed,1,clarabel,922,5.567783541993165e-6,4.236514167255123e-9,207.7003982788975,207.69996095514077,false,true,13.06499981880188
import_fixed--p1--swm--clarabel,import_fixed,1,clarabel,923,5.564329077399999e-6,4.260879343798152e-9,207.7003983873368,207.69996095514077,false,true,13.07699990272522
import_fixed--p1--swm--clarabel,import_fixed,1,clarabel,924,5.560888156568906e-6,4.232535127934867e-9,207.70039850213104,207.69996095514077,false,true,13.087999820709229
import_fixed--p1--swm--clarabel,import_fixed,1,clarabel,925,5.557452520449872e-6,3.329176567756775e-8,207.70039858398843,207.69996095514077,false,true,13.10099983215332
import_fixed--p1--swm--clarabel,import_fixed,1,clarabel,926,5.553996513403673e-6,1.142815875265768e-8,207.70039868516304,207.69996095514077,false,true,13.111999988555908
import_fixed--p1--swm--clarabel,import_fixed,1,clarabel,927,5.550577998134833e-6,2.8530909967905416e-8,207.7003988056524,207.69996095514077,false,true,13.125
import_fixed--p1--swm--clarabel,import_fixed,1,clarabel,928,5.547151479570997e-6,1.05897516311515e-8,207.70039892438987,207.69996095514077,false,true,13.144999980926514
import_fixed--p1--swm--clarabel,import_fixed,1,clarabel,929,5.543736889848913e-6,4.207465875705196e-9,207.70039903844787,207.69996095514077,false,true,13.156999826431274
import_fixed--p1--swm--clarabel,import_fixed,1,clarabel,930,5.540312581688654e-6,3.155720051939426e-8,207.70039913105813,207.69996095514077,false,true,13.170999765396118
import_fixed--p1--swm--clarabel,import_fixed,1,clarabel,931,5.5369089606168e-6,2.174813840127854e-8,207.70039924049792,207.69996095514077,false,true,13.182999849319458
import_fixed--p1--swm--clarabel,import_fixed,1,clarabel,932,5.533492327226451e-6,2.5542239323605997e-8,207.7003993404221,207.69996095514077,false,true,13.194999933242798
import_fixed--p1--swm--clarabel,import_fixed,1,clarabel,933,5.530094096438776e-6,9.17348752516034e-9,207.7003994364032,207.69996095514077,false,true,13.206999778747559
import_fixed--p1--swm--clarabel,import_fixed,1,clarabel,934,5.526702996260337e-6,2.98144992028071e-8,207.70039956065952,207.69996095514077,false,true,13.218999862670898
import_fixed--p1--swm--clarabel,import_fixed,1,clarabel,935,5.523308912357517e-6,1.1088287621419113e-8,207.70039968047377,207.69996095514077,false,true,13.230999946594238
import_fixed--p1--swm--clarabel,import_fixed,1,clarabel,936,5.519930788415324e-6,4.162927780271275e-9,207.70039979061477,207.69996095514077,false,true,13.25
import_fixed--p1--swm--clarabel,import_fixed,1,clarabel,937,5.516535173817742e-6,4.209875281713238e-9,207.70039989857978,207.69996095514077,false,true,13.26199984550476
import_fixed--p1--swm--clarabel,import_fixed,1,clarabel,938,5.513166530372744e-6,3.300605078138119e-8,207.70039998707773,207.69996095514077,false,true,13.2739999294281
import_fixed--p1--swm--clarabel,import_fixed,1,clarabel,939,5.509801754440117e-6,2.1840452890664608e-8,207.70040010190155,207.69996095514077,false,true,13.286999940872192
import_fixed--p1--swm--clarabel,import_fixed,1,clarabel,940,5.506434861968223e-6,2.484156946813698e-8,207.70040019367653,207.69996095514077,false,true,13.298999786376953
import_fixed--p1--swm--clarabel,import_fixed,1,clarabel,941,5.503062476768844e-6,2.3453865960476605e-8,207.70040031263017,207.69996095514077,false,true,13.310999870300293
import_fixed--p1--swm--clarabel,import_fixed,1,clarabel,942,5.499724141100337e-6,2.431242585032578e-8,207.70040041103096,207.69996095514077,false,true,13.322999954223633
import_fixed--p1--swm--clarabel,import_fixed,1,clarabel,943,5.496363468703404e-6,2.4232809647806164e-8,207.70040052510376,207.69996095514077,false,true,13.341999769210815
import_fixed--p1--swm--clarabel,import_fixed,1,clarabel,944,5.493023675059741e-6,9.068999440309256e-9,207.7004006414105,207.69996095514077,false,true,13.354999780654907
import_fixed--p1--swm--clarabel,import_fixed,1,clarabel,945,5.48967997857843e-6,4.134557723967092e-9,207.7004007497813,207.69996095514077,false,true,13.366999864578247
import_fixed--p1--swm--clarabel,import_fixed,1,clarabel,946,5.486347445793349e-6,4.109682316677521e-9,207.70040086000535,207.69996095514077,false,true,13.377999782562256
import_fixed--p1--swm--clarabel,import_fixed,1,clarabel,947,5.483013692015264e-6,4.1149079976765535e-9,207.7004009646265,207.69996095514077,false,true,13.390999794006348
import_fixed--p1--swm--clarabel,import_fixed,1,clarabel,948,5.479696581741935e-6,3.2898997304187105e-8,207.7004010475728,207.69996095514077,false,true,13.402999877929688
import_fixed--p1--swm--clarabel,import_fixed,1,clarabel,949,5.476358363504746e-6,1.2498556967166508e-8,207.70040114126255,207.69996095514077,false,true,13.414999961853027
import_fixed--p1--swm--clarabel,import_fixed,1,clarabel,950,5.4730485494152755e-6,2.8648687977472775e-8,207.7004012593954,207.69996095514077,false,true,13.432999849319458
import_fixed--p1--swm--clarabel,import_fixed,1,clarabel,951,5.469746535803242e-6,2.2716715508686036e-8,207.7004013569679,207.69996095514077,false,true,13.444999933242798
import_fixed--p1--swm--clarabel,import_fixed,1,clarabel,952,5.466428752230114e-6,2.5392161040471706e-8,207.70040146928062,207.69996095514077,false,true,13.456999778747559
import_fixed--p1--swm--clarabel,import_fixed,1,clarabel,953,5.463132769450479e-6,2.425089073998521e-8,207.7004015699129,207.69996095514077,false,true,13.468999862670898
import_fixed--p1--swm--clarabel,import_fixed,1,clarabel,954,5.459834456918292e-6,2.4226844974606365e-8,207.7004016831573,207.69996095514077,false,true,13.480999946594238
import_fixed--p1--swm--clarabel,import_fixed,1,clarabel,955,5.456541589727253e-6,2.4386737185189133e-8,207.7004017777586,207.69996095514077,false,true,13.492999792098999
import_fixed--p1--swm--clarabel,import_fixed,1,clarabel,956,5.453242206536353e-6,2.4273665966134672e-8,207.70040188940888,207.69996095514077,true,true,13.504999876022339
import_fixed--p2--swm--clarabel,import_fixed,2,clarabel,1,0.15814715594983758,0.925249377201599,175.9471339298166,213.1423433320518,false,false,0.03900003433227539
import_fixed--p2--swm--clarabel,import_fixed,2,clarabel,2,0.07778559812577254,0.19246654907506927,233.6202639813411,213.1423433320518,false,false,0.04999995231628418
import_fixed--p2--swm--clarabel,import_fixed,2,clarabel,3,0.030602023443796977,0.07886493373717296,232.56025477521663,213.1423433320518,false,true,0.06200003623962402
import_fixed--p2--swm--clarabel,import_fixed,2,clarabel,4,0.02127167825637999,0.0669637725650779,229.1848086517367,213.1423433320518,false,true,0.07400012016296387
import_fixed--p2--swm--clarabel,import_fixed,2,clarabel,5,0.0013481190630218465,0.06209572009262673,226.23228791771555,213.1423433320518,false,true,0.09599995613098145
import_fixed--p2--swm--clarabel,import_fixed,2,clarabel,6,0.00031587934198273876,0.05696560208554885,223.31126599145472,213.1423433320518,false,true,0.10800004005432129
import_fixed--p2--swm--clarabel,import_fixed,2,clarabel,7,0.00027841378128906635,0.030425350473510693,221.89209128931833,213.1423433320518,false,true,0.11999988555908203
import_fixed--p2--swm--clarabel,import_fixed,2,clarabel,8,0.00022145114226879145,0.03038967884841831,220.60449070612492,213.1423433320518,false,true,0.13299989700317383
import_fixed--p2--swm--clarabel,import_fixed,2,clarabel,9,0.00017711032741436885,0.03035732464764046,219.32220129198302,213.1423433320518,false,true,0.14400005340576172
import_fixed--p2--swm--clarabel,import_fixed,2,clarabel,10,0.00013970451453222804,0.030324951034471803,218.04460355077612,213.1423433320518,false,true,0.15899991989135742
import_fixed--p2--swm--clarabel,import_fixed,2,clarabel,11,0.00015837989685332028,0.03029252985671138,216.7691032149161,213.1423433320518,false,true,0.17100000381469727
import_fixed--p2--swm--clarabel,import_fixed,2,clarabel,12,0.00015140443394421533,0.030258279743228145,215.51889847183463,213.1423433320518,false,false,0.18499994277954102
import_fixed--p2--swm--clarabel,import_fixed,2,clarabel,13,0.00010656655395301463,0.030139926390577387,214.30293335263556,213.1423433320518,false,false,0.1979999542236328
import_fixed--p2--swm--clarabel,import_fixed,2,clarabel,14,9.982781149770419e-5,0.030116137897615136,213.37380406625613,213.1423433320518,false,true,0.2200000286102295
import_fixed--p2--swm--clarabel,import_fixed,2,clarabel,15,9.383504272153509e-5,0.008350470107777674,213.14735643866965,213.1423433320518,false,true,0.2330000400543213
import_fixed--p2--swm--clarabel,import_fixed,2,clarabel,16,8.853377802935985e-5,0.0002935852017564855,213.14497201994334,213.1423433320518,false,true,0.24699997901916504
import_fixed--p2--swm--clarabel,import_fixed,2,clarabel,17,8.374962493638206e-5,8.07474918679274e-5,213.14490115317136,213.1423433320518,false,true,0.25999999046325684
import_fixed--p2--swm--clarabel,import_fixed,2,clarabel,18,7.951413956471101e-5,2.554742620708428e-5,213.14477823025965,213.1423433320518,false,true,0.2720000743865967
import_fixed--p2--swm--clarabel,import_fixed,2,clarabel,19,7.56930616433146e-5,8.352246371301497e-6,213.1446522429136,213.1423433320518,false,true,0.2850000858306885
import_fixed--p2--swm--clarabel,import_fixed,2,clarabel,20,7.227906816711169e-5,2.7234141153353875e-6,213.14453561969464,213.1423433320518,false,true,0.2969999313354492
import_fixed--p2--swm--clarabel,import_fixed,2,clarabel,21,6.907175166659396e-5,1.2345958755322073e-6,213.14443141469917,213.1423433320518,false,true,0.309999942779541
import_fixed--p2--swm--clarabel,import_fixed,2,clarabel,22,6.623261643468047e-5,1.094731019501971e-6,213.14433754537325,213.1423433320518,false,true,0.3229999542236328
import_fixed--p2--swm--clarabel,import_fixed,2,clarabel,23,6.358028068006751e-5,9.752143353969345e-7,213.14425426409395,213.1423433320518,false,true,0.3450000286102295
import_fixed--p2--swm--clarabel,import_fixed,2,clarabel,24,6.113704916160306e-5,8.784960184859969e-7,213.14417820538128,213.1423433320518,false,true,0.3580000400543213
import_fixed--p2--swm--clarabel,import_fixed,2,clarabel,25,5.887869877288761e-5,7.932807685739895e-7,213.14410975741868,213.1423433320518,false,true,0.372999906539917
import_fixed--p2--swm--clarabel,import_fixed,2,clarabel,26,5.674574947469389e-5,7.201265647127642e-7,213.14404780643252,213.1423433320518,false,true,0.38499999046325684
import_fixed--p2--swm--clarabel,import_fixed,2,clarabel,27,5.480300369544519e-5,6.564690541721596e-7,213.14399098811708,213.1423433320518,false,true,0.39800000190734863
import_fixed--p2--swm--clarabel,import_fixed,2,clarabel,28,5.3029165618213476e-5,6.007921520834181e-7,213.14393867541372,213.1423433320518,false,true,0.41100001335144043
import_fixed--p2--swm--clarabel,import_fixed,2,clarabel,29,5.129919638242002e-5,5.522413354941413e-7,213.14389101605678,213.1423433320518,false,true,0.4230000972747803
import_fixed--p2--swm--clarabel,import_fixed,2,clarabel,30,4.97507187194576e-5,5.089663637769526e-7,213.14384658088247,213.1423433320518,false,true,0.43600010871887207
import_fixed--p2--swm--clarabel,import_fixed,2,clarabel,31,4.826229452838746e-5,4.707822824912e-7,213.14380568017376,213.1423433320518,false,true,0.497999906539917
import_fixed--p2--swm--clarabel,import_fixed,2,clarabel,32,4.683080924857999e-5,4.3684221046058624e-7,213.14376791158998,213.1423433320518,false,true,0.5120000839233398
import_fixed--p2--swm--clarabel,import_fixed,2,clarabel,33,4.5515146226870016e-5,4.062319378106416e-7,213.14373255450354,213.1423433320518,false,true,0.5250000953674316
import_fixed--p2--swm--clarabel,import_fixed,2,clarabel,34,4.4273789590699615e-5,3.7879924469352844e-7,213.1436995662097,213.1423433320518,false,true,0.5380001068115234
import_fixed--p2--swm--clarabel,import_fixed,2,clarabel,35,4.313111639589725e-5,3.5395121167347554e-7,213.1436685023846,213.1423433320518,false,true,0.5490000247955322
import_fixed--p2--swm--clarabel,import_fixed,2,clarabel,36,4.199002343390818e-5,3.317591532603359e-7,213.14363979047315,213.1423433320518,false,true,0.562000036239624
import_fixed--p2--swm--clarabel,import_fixed,2,clarabel,37,4.096591279463672e-5,3.1119419641179036e-7,213.1436124759602,213.1423433320518,false,true,0.5759999752044678
import_fixed--p2--swm--clarabel,import_fixed,2,clarabel,38,3.993747429290292e-5,2.9291806269426957e-7,213.14358709458202,213.1423433320518,false,true,0.8199999332427979
import_fixed--p2--swm--clarabel,import_fixed,2,clarabel,39,3.901519349026504e-5,2.75785715375676e-7,213.14356285302338,213.1423433320518,false,true,0.8320000171661377
import_fixed--p2--swm--clarabel,import_fixed,2,clarabel,40,3.8083630303927095e-5,2.627913693320494e-7,213.14354029015675,213.1423433320518,false,true,0.8459999561309814
import_fixed--p2--swm--clarabel,import_fixed,2,clarabel,41,3.724844099061254e-5,2.512555702383068e-7,213.14351864227604,213.1423433320518,false,true,0.8580000400543213
import_fixed--p2--swm--clarabel,import_fixed,2,clarabel,42,3.6400428314875555e-5,2.4050903391081846e-7,213.14349846570394,213.1423433320518,false,true,0.871999979019165
import_fixed--p2--swm--clarabel,import_fixed,2,clarabel,43,3.5615856472028604e-5,2.30409479162752e-7,213.1434791415881,213.1423433320518,false,true,0.8840000629425049
import_fixed--p2--swm--clarabel,import_fixed,2,clarabel,44,3.4890350976399e-5,2.2094743118428184e-7,213.14346065660203,213.1423433320518,false,true,0.8980000019073486
import_fixed--p2--swm--clarabel,import_fixed,2,clarabel,45,3.417147822905939e-5,2.1202106414985877e-7,213.1434432410681,213.1423433320518,false,true,0.9110000133514404
import_fixed--p2--swm--clarabel,import_fixed,2,clarabel,46,3.346019002910387e-5,2.036795473947528e-7,213.14342677238014,213.1423433320518,false,true,0.9249999523162842
import_fixed--p2--swm--clarabel,import_fixed,2,clarabel,47,3.280130986488776e-5,1.9574236126418398e-7,213.14341095787574,213.1423433320518,false,true,0.937999963760376
import_fixed--p2--swm--clarabel,import_fixed,2,clarabel,48,3.2190987664785936e-5,1.8835402093575482e-7,213.14339570743826,213.1423433320518,false,true,0.9519999027252197
import_fixed--p2--swm--clarabel,import_fixed,2,clarabel,49,3.1561158726035494e-5,1.8138170171377865e-7,213.14338140883842,213.1423433320518,false,true,0.9649999141693115
import_fixed--p2--swm--clarabel,import_fixed,2,clarabel,50,3.099881164662794e-5,1.7472854002553717e-7,213.14336749591746,213.1423433320518,false,true,0.9779999256134033
import_fixed--p2--swm--clarabel,import_fixed,2,clarabel,51,3.0436793836004352e-5,1.68423156976516e-7,213.14335429009773,213.1423433320518,false,true,0.9909999370574951
import_fixed--p2--swm--clarabel,import_fixed,2,clarabel,52,2.987491969596124e-5,1.6246007755738034e-7,213.14334178922553,213.1423433320518,false,true,1.005000114440918
import_fixed--p2--swm--clarabel,import_fixed,2,clarabel,53,2.937413256172542e-5,1.5690309329574603e-7,213.14332954254382,213.1423433320518,false,true,1.0190000534057617
import_fixed--p2--swm--clarabel,import_fixed,2,clarabel,54,2.8871707759710443e-5,1.515734054935436e-7,213.14331790396648,213.1423433320518,false,true,1.0329999923706055
import_fixed--p2--swm--clarabel,import_fixed,2,clarabel,55,2.83868491212697e-5,1.4644645141004276e-7,213.14330670603073,213.1423433320518,false,true,1.0469999313354492
import_fixed--p2--swm--clarabel,import_fixed,2,clarabel,56,2.7918703597458585e-5,1.369280638874315e-7,213.14329637080658,213.1423433320518,false,true,1.059999942779541
import_fixed--p2--swm--clarabel,import_fixed,2,clarabel,57,2.746665518673439e-5,1.326391089184753e-7,213.14328637448432,213.1423433320518,false,true,1.0720000267028809
import_fixed--p2--swm--clarabel,import_fixed,2,clarabel,58,2.701159030106158e-5,1.2849129071845766e-7,213.14327685765238,213.1423433320518,false,true,1.0859999656677246
import_fixed--p2--swm--clarabel,import_fixed,2,clarabel,59,2.6608118266995874e-5,1.2462984783079278e-7,213.1432674751091,213.1423433320518,false,true,1.0999999046325684
import_fixed--p2--swm--clarabel,import_fixed,2,clarabel,60,2.6199300505433143e-5,1.2085058309629915e-7,213.14325853826819,213.1423433320518,false,true,1.1119999885559082
import_fixed--p2--swm--clarabel,import_fixed,2,clarabel,61,2.58036890628381e-5,1.1731009613713539e-7,213.143249895903,213.1423433320518,false,true,1.125
import_fixed--p2--swm--clarabel,import_fixed,2,clarabel,62,2.5420415768927605e-5,1.1392359916539974e-7,213.14324154151313,213.1423433320518,false,true,1.1380000114440918
import_fixed--p2--swm--clarabel,import_fixed,2,clarabel,63,2.5049085652221894e-5,1.1061439841864029e-7,213.14323346689906,213.1423433320518,false,true,1.1530001163482666
import_fixed--p2--swm--clarabel,import_fixed,2,clarabel,64,2.468883591329311e-5,1.0752140611192118e-7,213.14322563242612,213.1423433320518,false,true,1.1659998893737793
import_fixed--p2--swm--clarabel,import_fixed,2,clarabel,65,2.4323500598262676e-5,1.0452686194373229e-7,213.1432181763579,213.1423433320518,false,true,1.1779999732971191
import_fixed--p2--swm--clarabel,import_fixed,2,clarabel,66,2.4001070338447953e-5,1.0169439662588431e-7,213.1432107570194,213.1423433320518,false,true,1.191999912261963
import_fixed--p2--swm--clarabel,import_fixed,2,clarabel,67,2.365626126997856e-5,9.886836205286187e-8,213.14320376724783,213.1423433320518,false,true,1.2039999961853027
import_fixed--p2--swm--clarabel,import_fixed,2,clarabel,68,2.333720497001272e-5,9.62519893232816e-8,213.14319688750106,213.1423433320518,false,true,1.2179999351501465
import_fixed--p2--swm--clarabel,import_fixed,2,clarabel,69,2.302702340902089e-5,9.375157372648601e-8,213.14319021299235,213.1423433320518,false,true,1.2309999465942383
import_fixed--p2--swm--clarabel,import_fixed,2,clarabel,70,2.274031660844742e-5,9.132044870296951e-8,213.14318364298293,213.1423433320518,false,true,1.244999885559082
import_fixed--p2--swm--clarabel,import_fixed,2,clarabel,71,2.2431917118007323e-5,8.894739811360353e-8,213.1431774530182,213.1423433320518,false,true,1.2579998970031738
import_fixed--p2--swm--clarabel,import_fixed,2,clarabel,72,2.216251933917501e-5,8.672099299777969e-8,213.14317122615836,213.1423433320518,false,true,1.2709999084472656
import_fixed--p2--swm--clarabel,import_fixed,2,clarabel,73,2.188412504045001e-5,8.454499011989469e-8,213.14316528342897,213.1423433320518,false,true,1.2829999923706055
import_fixed--p2--swm--clarabel,import_fixed,2,clarabel,74,2.161360063353394e-5,8.248554256296003e-8,213.14315953371568,213.1423433320518,false,true,1.2950000762939453
import_fixed--p2--swm--clarabel,import_fixed,2,clarabel,75,2.1349960136978812e-5,8.046762217661652e-8,213.14315394332294,213.1423433320518,false,true,1.309000015258789
import_fixed--p2--swm--clarabel,import_fixed,2,clarabel,76,2.1092805637264302e-5,7.854292666253926e-8,213.1431484956426,213.1423433320518,false,true,1.321000099182129
import_fixed--p2--swm--clarabel,import_fixed,2,clarabel,77,2.0828945151783106e-5,7.663306766936273e-8,213.14314327772908,213.1423433320518,false,true,1.3340001106262207
import_fixed--p2--swm--clarabel,import_fixed,2,clarabel,78,2.0598487286113432e-5,7.485835140652597e-8,213.1431380280752,213.1423433320518,false,true,1.374000072479248
import_fixed--p2--swm--clarabel,import_fixed,2,clarabel,79,2.0347396097817526e-5,7.316871503126876e-8,213.143133053297,213.1423433320518,false,true,1.3870000839233398
import_fixed--p2--swm--clarabel,import_fixed,2,clarabel,80,2.0128309818749507e-5,7.143814684251737e-8,213.14312807740458,213.1423433320518,false,true,1.3989999294281006
import_fixed--p2--swm--clarabel,import_fixed,2,clarabel,81,1.9901548151730012e-5,6.982959344092876e-8,213.14312331315568,213.1423433320518,false,true,1.4119999408721924
import_fixed--p2--swm--clarabel,import_fixed,2,clarabel,82,1.968006695718394e-5,6.828102644407252e-8,213.14311866100508,213.1423433320518,false,true,1.4249999523162842
import_fixed--p2--swm--clarabel,import_fixed,2,clarabel,83,1.9451340346603047e-5,6.676897401636239e-8,213.14311419945795,213.1423433320518,false,true,1.438999891281128
import_fixed--p2--swm--clarabel,import_fixed,2,clarabel,84,1.92532047426187e-5,6.531312007895806e-8,213.1431096669766,213.1423433320518,false,true,1.4500000476837158
import_fixed--p2--swm--clarabel,import_fixed,2,clarabel,85,1.9034736813669262e-5,6.388633577714131e-8,213.14310542701435,213.1423433320518,false,true,1.4619998931884766
import_fixed--p2--swm--clarabel,import_fixed,2,clarabel,86,1.8845300265806824e-5,6.252446993482152e-8,213.14310112165302,213.1423433320518,false,true,1.4739999771118164
import_fixed--p2--swm--clarabel,import_fixed,2,clarabel,87,1.8648396885943196e-5,6.120538692533373e-8,213.14309701017748,213.1423433320518,false,true,1.4860000610351562
import_fixed--p2--swm--clarabel,import_fixed,2,clarabel,88,1.8443948019167518e-5,5.994231000450156e-8,213.143093069816,213.1423433320518,false,true,1.5
import_fixed--p2--swm--clarabel,import_fixed,2,clarabel,89,1.8255868687916902e-5,5.8643297440319486e-8,213.14308914334083,213.1423433320518,false,true,1.5120000839233398
import_fixed--p2--swm--clarabel,import_fixed,2,clarabel,90,1.8071506349490928e-5,5.755255239048296e-8,213.14308529649634,213.1423433320518,false,true,1.5239999294281006
import_fixed--p2--swm--clarabel,import_fixed,2,clarabel,91,1.7902796059510173e-5,5.626231375233104e-8,213.14308147388965,213.1423433320518,false,true,1.5360000133514404
import_fixed--p2--swm--clarabel,import_fixed,2,clarabel,92,1.772618564564101e-5,5.5215075345227405e-8,213.1430777999446,213.1423433320518,false,true,1.5480000972747803
import_fixed--p2--swm--clarabel,import_fixed,2,clarabel,93,1.7553263577461323e-5,5.408701542197747e-8,213.14307420971187,213.1423433320518,false,true,1.559999942779541
import_fixed--p2--swm--clarabel,import_fixed,2,clarabel,94,1.738395313734895e-5,5.303407596413123e-8,213.14307067475795,213.1423433320518,false,true,1.5740001201629639
import_fixed--p2--swm--clarabel,import_fixed,2,clarabel,95,1.7218109799397507e-5,5.196999880441311e-8,213.14306724556963,213.1423433320518,false,true,1.5859999656677246
import_fixed--p2--swm--clarabel,import_fixed,2,clarabel,96,1.7055622968639465e-5,5.100806749203102e-8,213.14306389144002,213.1423433320518,false,true,1.5989999771118164
import_fixed--p2--swm--clarabel,import_fixed,2,clarabel,97,1.6896703837804786e-5,5.003987230134399e-8,213.14306059844037,213.1423433320518,false,true,1.6110000610351562
import_fixed--p2--swm--clarabel,import_fixed,2,clarabel,98,1.6730253889889063e-5,4.907887396488064e-8,213.14305743942077,213.1423433320518,false,true,1.624000072479248
import_fixed--p2--swm--clarabel,import_fixed,2,clarabel,99,1.6577631606340404e-5,4.8150974263361235e-8,213.1430542801575,213.1423433320518,false,true,1.6359999179840088
import_fixed--p2--swm--clarabel,import_fixed,2,clarabel,100,1.642775250700688e-5,4.7262695535010835e-8,213.14305118610918,213.1423433320518,false,true,1.6510000228881836
import_fixed--p2--swm--clarabel,import_fixed,2,clarabel,101,1.6290865897837893e-5,4.642935980125884e-8,213.14304808915693,213.1423433320518,false,true,1.6649999618530273
import_fixed--p2--swm--clarabel,import_fixed,2,clarabel,102,1.6146705894004576e-5,4.5514285118564146e-8,213.14304512136974,213.1423433320518,false,true,1.6770000457763672
import_fixed--p2--swm--clarabel,import_fixed,2,clarabel,103,1.6005005413412896e-5,4.4770499030288846e-8,213.14304220708934,213.1423433320518,false,true,1.690999984741211
import_fixed--p2--swm--clarabel,import_fixed,2,clarabel,104,1.5866128319295328e-5,4.3984932251994735e-8,213.1430393478958,213.1423433320518,false,true,1.7039999961853027
import_fixed--p2--swm--clarabel,import_fixed,2,clarabel,105,1.5729992152309485e-5,4.315867802029416e-8,213.14303652549765,213.1423433320518,false,true,1.7170000076293945
import_fixed--p2--swm--clarabel,import_fixed,2,clarabel,106,1.5586667600537233e-5,4.237863010514431e-8,213.1430338465428,213.1423433320518,false,true,1.7290000915527344
import_fixed--p2--swm--clarabel,import_fixed,2,clarabel,107,1.5455768151984017e-5,4.1674539263958366e-8,213.14303115994244,213.1423433320518,false,true,1.7430000305175781
import_fixed--p2--swm--clarabel,import_fixed,2,clarabel,108,1.532687452484885e-5,4.0942351620110173e-8,213.1430284981816,213.1423433320518,false,true,1.7569999694824219
import_fixed--p2--swm--clarabel,import_fixed,2,clarabel,109,1.5209572091021895e-5,4.0282117363954484e-8,213.14302582874248,213.1423433320518,false,true,1.7709999084472656
import_fixed--p2--swm--clarabel,import_fixed,2,clarabel,110,1.5085039092764918e-5,3.9561218190264924e-8,213.14302330095774,213.1423433320518,false,true,1.7839999198913574
import_fixed--p2--swm--clarabel,import_fixed,2,clarabel,111,1.4962936779605583e-5,3.895758238225966e-8,213.14302078859203,213.1423433320518,false,true,1.7980000972747803
import_fixed--p2--swm--clarabel,import_fixed,2,clarabel,112,1.4834091752432855e-5,3.8235433208466674e-8,213.1430184007839,213.1423433320518,false,true,1.8329999446868896
import_fixed--p2--swm--clarabel,import_fixed,2,clarabel,113,1.4716265554846265e-5,3.7654740991932556e-8,213.14301597719935,213.1423433320518,false,true,1.8459999561309814
import_fixed--p2--swm--clarabel,import_fixed,2,clarabel,114,1.4600443785196436e-5,3.703253054210265e-8,213.14301361735926,213.1423433320518,false,true,1.8580000400543213
import_fixed--p2--swm--clarabel,import_fixed,2,clarabel,115,1.4486405902927853e-5,3.641761120443121e-8,213.1430113037086,213.1423433320518,false,true,1.869999885559082
import_fixed--p2--swm--clarabel,import_fixed,2,clarabel,116,1.4382817743513968e-5,3.5840263534758776e-8,213.1430089690595,213.1423433320518,false,true,1.8819999694824219
import_fixed--p2--swm--clarabel,import_fixed,2,clarabel,117,1.4264233040194407e-5,3.5296673805973455e-8,213.14300677286866,213.1423433320518,false,true,1.8940000534057617
import_fixed--p2--swm--clarabel,import_fixed,2,clarabel,118,1.4164414869445205e-5,3.470804982308451e-8,213.14300451248187,213.1423433320518,false,true,1.9070000648498535
import_fixed--p2--swm--clarabel,import_fixed,2,clarabel,119,1.4057840293614131e-5,3.414217103481221e-8,213.14300234398866,213.1423433320518,false,true,1.9179999828338623
import_fixed--p2--swm--clarabel,import_fixed,2,clarabel,120,1.394463108140741e-5,3.366814421701392e-8,213.14300025802527,213.1423433320518,false,true,1.930999994277954
import_fixed--p2--swm--clarabel,import_fixed,2,clarabel,121,1.3849659236725936e-5,3.313871227428322e-8,213.14299810771658,213.1423433320518,false,true,1.9449999332427979
import_fixed--p2--swm--clarabel,import_fixed,2,clarabel,122,1.3740185698562046e-5,3.259692354928845e-8,213.1429960937003,213.1423433320518,false,true,1.9560000896453857
import_fixed--p2--swm--clarabel,import_fixed,2,clarabel,123,1.364820348721944e-5,3.209330745601591e-8,213.14299401718978,213.1423433320518,false,true,1.9679999351501465
import_fixed--p2--swm--clarabel,import_fixed,2,clarabel,124,1.354964514482299e-5,3.16343630735183e-8,213.14299202144383,213.1423433320518,false,true,1.9820001125335693
import_fixed--p2--swm--clarabel,import_fixed,2,clarabel,125,1.3452971010468657e-5,3.118376956656732e-8,213.14299005358097,213.1423433320518,false,true,1.9930000305175781
import_fixed--p2--swm--clarabel,import_fixed,2,clarabel,126,1.3349821752798004e-5,3.0719995158801083e-8,213.1429881664311,213.1423433320518,false,true,2.005000114440918
import_fixed--p2--swm--clarabel,import_fixed,2,clarabel,127,1.3263467622133666e-5,3.0239300341516895e-8,213.14298621842198,213.1423433320518,false,true,2.0190000534057617
import_fixed--p2--swm--clarabel,import_fixed,2,clarabel,128,1.3163362370419403e-5,2.984524904992014e-8,213.14298438957445,213.1423433320518,false,true,2.0320000648498535
import_fixed--p2--swm--clarabel,import_fixed,2,clarabel,129,1.3072536995168363e-5,2.9369988829852645e-8,213.1429825455807,213.1423433320518,false,true,2.0439999103546143
import_fixed--p2--swm--clarabel,import_fixed,2,clarabel,130,1.2990446675626382e-5,3.433833872801273e-8,213.1429806626482,213.1423433320518,false,true,2.055999994277954
import_fixed--p2--swm--clarabel,import_fixed,2,clarabel,131,1.2894768785924477e-5,2.854485448011701e-8,213.14297890434108,213.1423433320518,false,true,2.068000078201294
import_fixed--p2--swm--clarabel,import_fixed,2,clarabel,132,1.2807846599455722e-5,3.078089716446186e-8,213.14297715945054,213.1423433320518,false,true,2.0799999237060547
import_fixed--p2--swm--clarabel,import_fixed,2,clarabel,133,1.2729221029915793e-5,2.772833518349671e-8,213.14297539817193,213.1423433320518,false,true,2.0929999351501465
import_fixed--p2--swm--clarabel,import_fixed,2,clarabel,134,1.2644555417213269e-5,2.7382165368461386e-8,213.14297369384283,213.1423433320518,false,true,2.1050000190734863
import_fixed--p2--swm--clarabel,import_fixed,2,clarabel,135,1.256145047721293e-5,3.3211111194475507e-8,213.14297199058626,213.1423433320518,false,true,2.117000102996826
import_fixed--p2--swm--clarabel,import_fixed,2,clarabel,136,1.2479206736203498e-5,2.6584283496777772e-8,213.14297034256163,213.1423433320518,false,true,2.1480000019073486
import_fixed--p2--swm--clarabel,import_fixed,2,clarabel,137,1.2398218579668837e-5,2.6277346909520105e-8,213.14296871811553,213.1423433320518,false,true,2.1600000858306885
import_fixed--p2--swm--clarabel,import_fixed,2,clarabel,138,1.2318396719688463e-5,2.5885791066215802e-8,213.14296711266275,213.1423433320518,false,true,2.1730000972747803
import_fixed--p2--swm--clarabel,import_fixed,2,clarabel,139,1.2239770208427087e-5,3.310712515247616e-8,213.14296550472244,213.1423433320518,false,true,2.187000036239624
import_fixed--p2--swm--clarabel,import_fixed,2,clarabel,140,1.2155168444802102e-5,2.517057379192167e-8,213.14296397119062,213.1423433320518,false,true,2.200000047683716
import_fixed--p2--swm--clarabel,import_fixed,2,clarabel,141,1.2085638928263894e-5,3.065300868687615e-8,213.14296240240571,213.1423433320518,false,true,2.2119998931884766
import_fixed--p2--swm--clarabel,import_fixed,2,clarabel,142,1.2010042748796094e-5,2.4514126339969522e-8,213.14296089993027,213.1423433320518,false,true,2.2249999046325684
import_fixed--p2--swm--clarabel,import_fixed,2,clarabel,143,1.1929045730158466e-5,2.4239019569272102e-8,213.14295944402426,213.1423433320518,false,true,2.239000082015991
import_fixed--p2--swm--clarabel,import_fixed,2,clarabel,144,1.1855387192808127e-5,2.3918726999028195e-8,213.14295796859864,213.1423433320518,false,true,2.252000093460083
import_fixed--p2--swm--clarabel,import_fixed,2,clarabel,145,1.1789837084234684e-5,2.3567637841281908e-8,213.14295647244904,213.1423433320518,false,true,2.265000104904175
import_fixed--p2--swm--clarabel,import_fixed,2,clarabel,146,1.1718188886556854e-5,3.429836281654275e-8,213.14295501509895,213.1423433320518,false,true,2.2760000228881836
import_fixed--p2--swm--clarabel,import_fixed,2,clarabel,147,1.1647632123750801e-5,2.3007206695346838e-8,213.14295358058445,213.1423433320518,false,true,2.2890000343322754
import_fixed--p2--swm--clarabel,import_fixed,2,clarabel,148,1.157804372047872e-5,2.2728146864547938e-8,213.14295217502286,213.1423433320518,false,true,2.3010001182556152
import_fixed--p2--swm--clarabel,import_fixed,2,clarabel,149,1.1503008849333973e-5,3.332264553179698e-8,213.1429508562174,213.1423433320518,false,true,2.313999891281128
import_fixed--p2--swm--clarabel,import_fixed,2,clarabel,150,1.144141483666594e-5,2.2126491194818243e-8,213.14294947385167,213.1423433320518,false,true,2.3259999752044678
import_fixed--p2--swm--clarabel,import_fixed,2,clarabel,151,1.1374358255418617e-5,3.082722055403053e-8,213.14294811404818,213.1423433320518,false,true,2.3380000591278076
import_fixed--p2--swm--clarabel,import_fixed,2,clarabel,152,1.1302139721639211e-5,2.1564073637847514e-8,213.14294681368335,213.1423433320518,false,true,2.3510000705718994
import_fixed--p2--swm--clarabel,import_fixed,2,clarabel,153,1.1243258609380549e-5,2.1343817768748607e-8,213.14294546141792,213.1423433320518,false,true,2.364000082015991
import_fixed--p2--swm--clarabel,import_fixed,2,clarabel,154,1.1172569612401388e-5,2.1083495227447457e-8,213.14294420571025,213.1423433320518,false,true,2.377000093460083
import_fixed--p2--swm--clarabel,import_fixed,2,clarabel,155,1.1115165673374944e-5,3.40533465870152e-8,213.14294291501412,213.1423433320518,false,true,2.4030001163482666
import_fixed--p2--swm--clarabel,import_fixed,2,clarabel,156,1.1046256825403782e-5,2.057179648851104e-8,213.14294170917486,213.1423433320518,false,true,2.4149999618530273
import_fixed--p2--swm--clarabel,import_fixed,2,clarabel,157,1.0984270508415408e-5,2.0323054406024e-8,213.14294047135184,213.1423433320518,false,true,2.4260001182556152
import_fixed--p2--swm--clarabel,import_fixed,2,clarabel,158,1.0928954980802464e-5,2.0070025585905427e-8,213.14293921052825,213.1423433320518,false,true,2.438999891281128
import_fixed--p2--swm--clarabel,import_fixed,2,clarabel,159,1.0862601415180654e-5,1.983809955197202e-8,213.1429380353747,213.1423433320518,false,true,2.450000047683716
import_fixed--p2--swm--clarabel,import_fixed,2,clarabel,160,1.0808612008043767e-5,1.9608231427437062e-8,213.14293680467807,213.1423433320518,false,true,2.4609999656677246
import_fixed--p2--swm--clarabel,import_fixed,2,clarabel,161,1.074370694419503e-5,3.437793960614499e-8,213.14293563882586,213.1423433320518,false,true,2.4760000705718994
import_fixed--p2--swm--clarabel,import_fixed,2,clarabel,162,1.069087694967456e-5,1.916340647278858e-8,213.14293442144447,213.1423433320518,false,true,2.489000082015991
import_fixed--p2--swm--clarabel,import_fixed,2,clarabel,163,1.0627684898991483e-5,1.8935728651747752e-8,213.1429332976071,213.1423433320518,false,true,2.500999927520752
import_fixed--p2--swm--clarabel,import_fixed,2,clarabel,164,1.0570706479029466e-5,3.2558556628536905e-8,213.14293217740635,213.1423433320518,false,true,2.51200008392334
import_fixed--p2--swm--clarabel,import_fixed,2,clarabel,165,1.0514527560643506e-5,1.849669711839752e-8,213.14293106827134,213.1423433320518,false,true,2.5239999294281006
import_fixed--p2--swm--clarabel,import_fixed,2,clarabel,166,1.046445989416611e-5,1.829219958837669e-8,213.1429299285786,213.1423433320518,false,true,2.5360000133514404
import_fixed--p2--swm--clarabel,import_fixed,2,clarabel,167,1.0403905089662045e-5,3.3181301928308926e-8,213.1429288434278,213.1423433320518,false,true,2.5490000247955322
import_fixed--p2--swm--clarabel,import_fixed,2,clarabel,168,1.0354950866007442e-5,1.7871304103245222e-8,213.14292771144432,213.1423433320518,false,true,2.559999942779541
import_fixed--p2--swm--clarabel,import_fixed,2,clarabel,169,1.029559621521716e-5,3.07992709114302e-8,213.1429266901634,213.1423433320518,false,true,2.571000099182129
import_fixed--p2--swm--clarabel,import_fixed,2,clarabel,170,1.0248067568138533e-5,1.7506358529484345e-8,213.14292561016578,213.1423433320518,false,true,2.5829999446868896
import_fixed--p2--swm--clarabel,import_fixed,2,clarabel,171,1.0195372669693805e-5,1.7296437893055128e-8,213.14292456904124,213.1423433320518,false,true,2.6070001125335693
import_fixed--p2--swm--clarabel,import_fixed,2,clarabel,172,1.0138224882332898e-5,1.708933866639839e-8,213.14292356850024,213.1423433320518,false,true,2.621000051498413
import_fixed--p2--swm--clarabel,import_fixed,2,clarabel,173,1.0087057203249245e-5,3.3977438307353225e-8,213.14292252198882,213.1423433320518,false,true,2.631999969482422
import_fixed--p2--swm--clarabel,import_fixed,2,clarabel,174,1.0041422411798496e-5,1.672535460128799e-8,213.142921465222,213.1423433320518,false,true,2.6440000534057617
import_fixed--p2--swm--clarabel,import_fixed,2,clarabel,175,9.986040499358623e-6,3.0749119250828016e-8,213.14292051146188,213.1423433320518,false,true,2.6570000648498535
import_fixed--p2--swm--clarabel,import_fixed,2,clarabel,176,9.941321926322143e-6,1.636668744975367e-8,213.14291950911525,213.1423433320518,false,true,2.6679999828338623
import_fixed--p2--swm--clarabel,import_fixed,2,clarabel,177,9.887027327505248e-6,3.104609058723895e-8,213.1429185426324,213.1423433320518,false,true,2.680000066757202
import_fixed--p2--swm--clarabel,import_fixed,2,clarabel,178,9.838509469339838e-6,2.419286060373338e-8,213.14291758278085,213.1423433320518,false,true,2.693000078201294
import_fixed--p2--swm--clarabel,import_fixed,2,clarabel,179,9.790529136854962e-6,1.584633685380865e-8,213.14291664005043,213.1423433320518,false,true,2.7039999961853027
import_fixed--p2--swm--clarabel,import_fixed,2,clarabel,180,9.748035562034458e-6,3.18731981918674e-8,213.14291564328897,213.1423433320518,false,true,2.7160000801086426
import_fixed--p2--swm--clarabel,import_fixed,2,clarabel,181,9.701105826532729e-6,1.5545462972443858e-8,213.1429146924579,213.1423433320518,false,true,2.7279999256134033
import_fixed--p2--swm--clarabel,import_fixed,2,clarabel,182,9.649530931319573e-6,3.133952741762869e-8,213.14291381459017,213.1423433320518,false,true,2.739000082015991
import_fixed--p2--swm--clarabel,import_fixed,2,clarabel,183,9.608315715432928e-6,1.5207632209079947e-8,213.1429128868036,213.1423433320518,false,true,2.76200008392334
import_fixed--p2--swm--clarabel,import_fixed,2,clarabel,184,9.557989090292939e-6,1.5076818404846648e-8,213.14291201457496,213.1423433320518,false,true,2.7739999294281006
import_fixed--p2--swm--clarabel,import_fixed,2,clarabel,185,9.517659492500304e-6,3.3307583358066495e-8,213.1429110703882,213.1423433320518,false,true,2.7860000133514404
import_fixed--p2--swm--clarabel,import_fixed,2,clarabel,186,9.472927961092074e-6,2.3706220098063113e-8,213.14291019140285,213.1423433320518,false,true,2.7980000972747803
import_fixed--p2--swm--clarabel,import_fixed,2,clarabel,187,9.42412277751068e-6,2.6483462867155083e-8,213.1429093321159,213.1423433320518,false,true,2.809000015258789
import_fixed--p2--swm--clarabel,import_fixed,2,clarabel,188,9.380536328161925e-6,1.4466130460188964e-8,213.1429084520202,213.1423433320518,false,true,2.822000026702881
import_fixed--p2--swm--clarabel,import_fixed,2,clarabel,189,9.33710311739661e-6,3.153650895981741e-8,213.14290761444704,213.1423433320518,false,true,2.8340001106262207
import_fixed--p2--swm--clarabel,import_fixed,2,clarabel,190,9.299076603287336e-6,1.4196092246177017e-8,213.14290675017034,213.1423433320518,false,true,2.8459999561309814
import_fixed--p2--swm--clarabel,import_fixed,2,clarabel,191,9.25660388652958e-6,1.4071890375166873e-8,213.1429059133698,213.1423433320518,false,true,2.8580000400543213
import_fixed--p2--swm--clarabel,import_fixed,2,clarabel,192,9.214807839754498e-6,1.388150250303255e-8,213.14290508478862,213.1423433320518,false,true,2.869999885559082
import_fixed--p2--swm--clarabel,import_fixed,2,clarabel,193,9.173059651010087e-6,1.377761060794569e-8,213.1429042629801,213.1423433320518,false,true,2.881999969482422
import_fixed--p2--swm--clarabel,import_fixed,2,clarabel,194,9.131977261196814e-6,3.434757445130998e-8,213.14290342599676,213.1423433320518,false,true,2.9040000438690186
import_fixed--p2--swm--clarabel,import_fixed,2,clarabel,195,9.091267432002262e-6,2.300079082750983e-8,213.1429026253429,213.1423433320518,false,true,2.9149999618530273
import_fixed--p2--swm--clarabel,import_fixed,2,clarabel,196,9.051024497310564e-6,2.5962899163900488e-8,213.1429018158352,213.1423433320518,false,true,2.927000045776367
import_fixed--p2--swm--clarabel,import_fixed,2,clarabel,197,9.00651397890821e-6,2.5624979138605397e-8,213.14290106386812,213.1423433320518,false,true,2.940000057220459
import_fixed--p2--swm--clarabel,import_fixed,2,clarabel,198,8.967050171887983e-6,2.6045254841733367e-8,213.1429002668579,213.1423433320518,false,true,2.953000068664551
import_fixed--p2--swm--clarabel,import_fixed,2,clarabel,199,8.932441736729901e-6,2.597790571545744e-8,213.1428994804476,213.1423433320518,false,true,2.9649999141693115
import_fixed--p2--swm--clarabel,import_fixed,2,clarabel,200,8.893693159453793e-6,1.290358458971852e-8,213.14289872311076,213.1423433320518,false,true,2.9779999256134033
import_fixed--p2--swm--clarabel,import_fixed,2,clarabel,201,8.855170273411064e-6,3.137902948591176e-8,213.14289794632333,213.1423433320518,false,true,2.990000009536743
import_fixed--p2--swm--clarabel,import_fixed,2,clarabel,202,8.81702127182708e-6,1.2651949654607364e-8,213.14289717905626,213.1423433320518,false,true,3.003000020980835
import_fixed--p2--swm--clarabel,import_fixed,2,clarabel,203,8.7794824547218e-6,1.2499042134628269e-8,213.14289643114364,213.1423433320518,false,true,3.015000104904175
import_fixed--p2--swm--clarabel,import_fixed,2,clarabel,204,8.74225437178219e-6,1.2402468330119376e-8,213.142895691691,213.1423433320518,false,true,3.0350000858306885
import_fixed--p2--swm--clarabel,import_fixed,2,clarabel,205,8.705139319538493e-6,3.401256409851783e-8,213.14289498404025,213.1423433320518,false,true,3.046999931335449
import_fixed--p2--swm--clarabel,import_fixed,2,clarabel,206,8.668591828848108e-6,1.2173314356545006e-8,213.14289427682732,213.1423433320518,false,true,3.059000015258789
import_fixed--p2--swm--clarabel,import_fixed,2,clarabel,207,8.63231560747786e-6,3.042379070894441e-8,213.14289354297074,213.1423433320518,false,true,3.069999933242798
import_fixed--p2--swm--clarabel,import_fixed,2,clarabel,208,8.596257516974518e-6,1.1990803405748096e-8,213.14289281751468,213.1423433320518,false,true,3.0829999446868896
import_fixed--p2--swm--clarabel,import_fixed,2,clarabel,209,8.55665690009792e-6,3.111514623732603e-8,213.14289215908616,213.1423433320518,false,true,3.0940001010894775
import_fixed--p2--swm--clarabel,import_fixed,2,clarabel,210,8.525514938613602e-6,1.1768546359647303e-8,213.1428914504512,213.1423433320518,false,true,3.1059999465942383
import_fixed--p2--swm--clarabel,import_fixed,2,clarabel,211,8.486408262282033e-6,3.093506728557571e-8,213.14289076892942,213.1423433320518,false,true,3.117000102996826
import_fixed--p2--swm--clarabel,import_fixed,2,clarabel,212,8.455966740201164e-6,2.4047834834561854e-8,213.1428900678393,213.1423433320518,false,true,3.134999990463257
import_fixed--p2--swm--clarabel,import_fixed,2,clarabel,213,8.421579131581954e-6,2.6037208722407e-8,213.14288937980572,213.1423433320518,false,true,3.1480000019073486
import_fixed--p2--swm--clarabel,import_fixed,2,clarabel,214,8.3877067301326e-6,1.1291237056454406e-8,213.14288869966896,213.1423433320518,false,true,3.1589999198913574
import_fixed--p2--swm--clarabel,import_fixed,2,clarabel,215,8.353863320239878e-6,3.1702027114555165e-8,213.14288805096322,213.1423433320518,false,true,3.171999931335449
import_fixed--p2--swm--clarabel,import_fixed,2,clarabel,216,8.320447087428738e-6,1.1129540899990076e-8,213.14288740829517,213.1423433320518,false,true,3.184000015258789
import_fixed--p2--swm--clarabel,import_fixed,2,clarabel,217,8.283341220716167e-6,1.1037818714587644e-8,213.14288678442801,213.1423433320518,false,true,3.194999933242798
import_fixed--p2--swm--clarabel,import_fixed,2,clarabel,218,8.254528912368915e-6,1.0928267346610454e-8,213.1428861169704,213.1423433320518,false,true,3.2079999446868896
import_fixed--p2--swm--clarabel,import_fixed,2,clarabel,219,8.21809735394232e-6,1.0886978762947308e-8,213.14288549680668,213.1423433320518,false,true,3.2269999980926514
import_fixed--p2--swm--clarabel,import_fixed,2,clarabel,220,8.185788297249646e-6,3.42503768679947e-8,213.14288484418597,213.1423433320518,false,true,3.239000082015991
import_fixed--p2--swm--clarabel,import_fixed,2,clarabel,221,8.157878172381833e-6,2.3293243223143634e-8,213.1428841930968,213.1423433320518,false,true,3.252000093460083
import_fixed--p2--swm--clarabel,import_fixed,2,clarabel,222,8.12612786580604e-6,1.0550890494620546e-8,213.1428835829805,213.1423433320518,false,true,3.2639999389648438
import_fixed--p2--swm--clarabel,import_fixed,2,clarabel,223,8.094781357992353e-6,1.054790427224006e-8,213.14288296318335,213.1423433320518,false,true,3.2769999504089355
import_fixed--p2--swm--clarabel,import_fixed,2,clarabel,224,8.059913061106176e-6,3.321492114682911e-8,213.14288235379883,213.1423433320518,false,true,3.2890000343322754
import_fixed--p2--swm--clarabel,import_fixed,2,clarabel,225,8.02896831746997e-6,2.3069752552729028e-8,213.14288175220815,213.1423433320518,false,true,3.3010001182556152
import_fixed--p2--swm--clarabel,import_fixed,2,clarabel,226,8.002142086183104e-6,1.0214992074430995e-8,213.14288113983184,213.1423433320518,false,true,3.319999933242798
import_fixed--p2--swm--clarabel,import_fixed,2,clarabel,227,7.971749601189757e-6,3.16850045090078e-8,213.14288052633995,213.1423433320518,false,true,3.3310000896453857
import_fixed--p2--swm--clarabel,import_fixed,2,clarabel,228,7.941641914997113e-6,2.3511440350176827e-8,213.1428799395787,213.1423433320518,false,true,3.3440001010894775
import_fixed--p2--swm--clarabel,import_fixed,2,clarabel,229,7.911857502939201e-6,9.962139113639523e-9,213.1428793652841,213.1423433320518,false,true,3.3559999465942383
import_fixed--p2--swm--clarabel,import_fixed,2,clarabel,230,7.882459679369784e-6,9.878993567635774e-9,213.14287878709433,213.1423433320518,false,true,3.368000030517578
import_fixed--p2--swm--clarabel,import_fixed,2,clarabel,231,7.85286807606064e-6,3.353347843848553e-8,213.14287818841214,213.1423433320518,false,true,3.378999948501587
import_fixed--p2--swm--clarabel,import_fixed,2,clarabel,232,7.820215884756333e-6,2.3578036190130547e-8,213.14287764316134,213.1423433320518,false,true,3.3919999599456787
import_fixed--p2--swm--clarabel,import_fixed,2,clarabel,233,7.791373232146626e-6,9.637322329059117e-9,213.14287708895333,213.1423433320518,false,true,3.4110000133514404
import_fixed--p2--swm--clarabel,import_fixed,2,clarabel,234,7.766606672030752e-6,3.1909447861799833e-8,213.14287648344268,213.1423433320518,false,true,3.4240000247955322
import_fixed--p2--swm--clarabel,import_fixed,2,clarabel,235,7.73452539040961e-6,2.408931276676185e-8,213.14287595825573,213.1423433320518,false,true,3.436000108718872
import_fixed--p2--swm--clarabel,import_fixed,2,clarabel,236,7.706402832440384e-6,9.447308879639849e-9,213.14287541404894,213.1423433320518,false,true,3.447000026702881
import_fixed--p2--swm--clarabel,import_fixed,2,clarabel,237,7.678457494073788e-6,3.17389892146025e-8,213.14287484911532,213.1423433320518,false,true,3.4590001106262207
import_fixed--p2--swm--clarabel,import_fixed,2,clarabel,238,7.654408182945392e-6,2.398585374763229e-8,213.14287428869926,213.1423433320518,false,true,3.4709999561309814
import_fixed--p2--swm--clarabel,import_fixed,2,clarabel,239,7.626789747275628e-6,9.219224050838193e-9,213.14287376084621,213.1423433320518,false,true,3.490000009536743
import_fixed--p2--swm--clarabel,import_fixed,2,clarabel,240,7.599587157246613e-6,9.106730036734234e-9,213.14287323145285,213.1423433320518,false,true,3.502000093460083
import_fixed--p2--swm--clarabel,import_fixed,2,clarabel,241,7.569269127644611e-6,3.3589419023982714e-8,213.14287270269597,213.1423433320518,false,true,3.513000011444092
import_fixed--p2--swm--clarabel,import_fixed,2,clarabel,242,7.545895694909871e-6,2.3197375131900344e-8,213.1428721587249,213.1423433320518,false,true,3.5269999504089355
import_fixed--p2--swm--clarabel,import_fixed,2,clarabel,243,7.515722649080331e-6,8.93757262643291e-9,213.1428716672596,213.1423433320518,false,true,3.5399999618530273
import_fixed--p2--swm--clarabel,import_fixed,2,clarabel,244,7.492784368562882e-6,3.1701161473662864e-8,213.14287111169563,213.1423433320518,false,true,3.552999973297119
import_fixed--p2--swm--clarabel,import_fixed,2,clarabel,245,7.466536143454292e-6,1.0318767729167178e-8,213.14287058398705,213.1423433320518,false,true,3.569999933242798
import_fixed--p2--swm--clarabel,import_fixed,2,clarabel,246,7.43716412590886e-6,3.0801316719397676e-8,213.1428701109597,213.1423433320518,false,true,3.5820000171661377
import_fixed--p2--swm--clarabel,import_fixed,2,clarabel,247,7.411482979658888e-6,1.0346013490369899e-8,213.14286961976546,213.1423433320518,false,true,3.5940001010894775
import_fixed--p2--swm--clarabel,import_fixed,2,clarabel,248,7.38913310139765e-6,8.576807486448956e-9,213.14286910431167,213.1423433320518,false,true,3.6059999465942383
import_fixed--p2--swm--clarabel,import_fixed,2,clarabel,249,7.3638664762418955e-6,8.533630524443225e-9,213.1428686066709,213.1423433320518,false,true,3.618000030517578
import_fixed--p2--swm--clarabel,import_fixed,2,clarabel,250,7.335421625928342e-6,8.438993504000791e-9,213.1428681338192,213.1423433320518,false,true,3.630000114440918
import_fixed--p2--swm--clarabel,import_fixed,2,clarabel,251,7.313666643567322e-6,3.362590916822228e-8,213.14286760167118,213.1423433320518,false,true,3.6419999599456787
import_fixed--p2--swm--clarabel,import_fixed,2,clarabel,252,7.288860332471164e-6,2.2920941034065834e-8,213.14286712386047,213.1423433320518,false,true,3.6600000858306885
import_fixed--p2--swm--clarabel,import_fixed,2,clarabel,253,7.261060419796259e-6,8.278714991316605e-9,213.14286666991518,213.1423433320518,false,true,3.671999931335449
import_fixed--p2--swm--clarabel,import_fixed,2,clarabel,254,7.236636364442313e-6,8.202276358115768e-9,213.14286619497005,213.1423433320518,false,true,3.684000015258789
import_fixed--p2--swm--clarabel,import_fixed,2,clarabel,255,7.212375699652071e-6,8.147766406008117e-9,213.14286572100787,213.1423433320518,false,true,3.697000026702881
import_fixed--p2--swm--clarabel,import_fixed,2,clarabel,256,7.191565974597822e-6,3.360852585121421e-8,213.14286520848955,213.1423433320518,false,true,3.7079999446868896
import_fixed--p2--swm--clarabel,import_fixed,2,clarabel,257,7.164501314387889e-6,2.3013094541113333e-8,213.1428647665325,213.1423433320518,false,true,3.7200000286102295
import_fixed--p2--swm--clarabel,import_fixed,2,clarabel,258,7.140916860250776e-6,2.6553807153106845e-8,213.14286429036184,213.1423433320518,false,true,3.73799991607666
import_fixed--p2--swm--clarabel,import_fixed,2,clarabel,259,7.117345046557911e-6,2.533239396029785e-8,213.14286383945563,213.1423433320518,false,true,3.750999927520752
import_fixed--p2--swm--clarabel,import_fixed,2,clarabel,260,7.097200272779521e-6,8.404643536685796e-9,213.1428633750346,213.1423433320518,false,true,3.763000011444092
import_fixed--p2--swm--clarabel,import_fixed,2,clarabel,261,7.070854241160566e-6,7.805428359208832e-9,213.14286294312157,213.1423433320518,false,true,3.7750000953674316
import_fixed--p2--swm--clarabel,import_fixed,2,clarabel,262,7.047783934384503e-6,3.348932320346165e-8,213.142862472719,213.1423433320518,false,true,3.7869999408721924
import_fixed--p2--swm--clarabel,import_fixed,2,clarabel,263,7.0280848505557065e-6,2.3789852310329707e-8,213.1428620122291,213.1423433320518,false,true,3.7990000247955322
import_fixed--p2--swm--clarabel,import_fixed,2,clarabel,264,7.005437075334842e-6,7.735349027981897e-9,213.14286158287422,213.1423433320518,false,true,3.809999942779541
import_fixed--p2--swm--clarabel,import_fixed,2,clarabel,265,6.982791693452031e-6,3.1624124985363267e-8,213.1428611235398,213.1423433320518,false,true,3.8289999961853027
import_fixed--p2--swm--clarabel,import_fixed,2,clarabel,266,6.957738200838195e-6,2.3809872629065865e-8,213.14286070774438,213.1423433320518,false,true,3.8410000801086426
import_fixed--p2--swm--clarabel,import_fixed,2,clarabel,267,6.935409583600202e-6,2.638912022234763e-8,213.1428602664608,213.1423433320518,false,true,3.8529999256134033
import_fixed--p2--swm--clarabel,import_fixed,2,clarabel,268,6.9162613525691246e-6,2.524903153222624e-8,213.1428598271675,213.1423433320518,false,true,3.865000009536743
import_fixed--p2--swm--clarabel,import_fixed,2,clarabel,269,6.894408403623764e-6,9.183739435592031e-9,213.14285941390082,213.1423433320518,false,true,3.878000020980835
import_fixed--p2--swm--clarabel,import_fixed,2,clarabel,270,6.872821203111763e-6,7.33754829118638e-9,213.1428589902546,213.1423433320518,false,true,3.8910000324249268
import_fixed--p2--swm--clarabel,import_fixed,2,clarabel,271,6.851216596523182e-6,7.228979914675193e-9,213.14285857281112,213.1423433320518,false,true,3.9089999198913574
import_fixed--p2--swm--clarabel,import_fixed,2,clarabel,272,6.826847401225128e-6,3.3854716030568e-8,213.14285814762894,213.1423433320518,false,true,3.921999931335449
import_fixed--p2--swm--clarabel,import_fixed,2,clarabel,273,6.8085565059116205e-6,2.3346093169784865e-8,213.1428577217656,213.1423433320518,false,true,3.934000015258789
import_fixed--p2--swm--clarabel,import_fixed,2,clarabel,274,6.78730345265494e-6,7.825275205597393e-9,213.142857322814,213.1423433320518,false,true,3.947000026702881
import_fixed--p2--swm--clarabel,import_fixed,2,clarabel,275,6.763574319955768e-6,3.158699601879533e-8,213.14285690927215,213.1423433320518,false,true,3.9600000381469727
import_fixed--p2--swm--clarabel,import_fixed,2,clarabel,276,6.745666050441992e-6,2.3828745310261468e-8,213.1428564926041,213.1423433320518,false,true,3.9719998836517334
import_fixed--p2--swm--clarabel,import_fixed,2,clarabel,277,6.721949991779622e-6,8.164468323634821e-9,213.14285611746897,213.1423433320518,false,true,3.9839999675750732
import_fixed--p2--swm--clarabel,import_fixed,2,clarabel,278,6.704400189511632e-6,6.925155393577853e-9,213.1428557022059,213.1423433320518,false,true,4.003999948501587
import_fixed--p2--swm--clarabel,import_fixed,2,clarabel,279,6.68130983044241e-6,6.871207325342965e-9,213.1428553209929,213.1423433320518,false,true,4.016999959945679
import_fixed--p2--swm--clarabel,import_fixed,2,clarabel,280,6.663773918326076e-6,6.84035322828791e-9,213.1428549092828,213.1423433320518,false,true,4.028000116348267
import_fixed--p2--swm--clarabel,import_fixed,2,clarabel,281,6.640947197509496e-6,3.4200970278064347e-8,213.1428545109987,213.1423433320518,false,true,4.040999889373779
import_fixed--p2--swm--clarabel,import_fixed,2,clarabel,282,6.623666340814389e-6,1.1580044589898364e-8,213.14285408927623,213.1423433320518,false,true,4.055000066757202
import_fixed--p2--swm--clarabel,import_fixed,2,clarabel,283,6.6037459421504474e-6,3.090978362152441e-8,213.1428537181435,213.1423433320518,false,true,4.066999912261963
import_fixed--p2--swm--clarabel,import_fixed,2,clarabel,284,6.584114555230336e-6,2.4374646523384058e-8,213.1428533279244,213.1423433320518,false,true,4.086999893188477
import_fixed--p2--swm--clarabel,import_fixed,2,clarabel,285,6.564426840741351e-6,2.6559288213157117e-8,213.14285295740606,213.1423433320518,false,true,4.098999977111816
import_fixed--p2--swm--clarabel,import_fixed,2,clarabel,286,6.545042325889482e-6,2.5740550579911314e-8,213.14285256615156,213.1423433320518,false,true,4.111999988555908
import_fixed--p2--swm--clarabel,import_fixed,2,clarabel,287,6.523191838308568e-6,8.500984693959879e-9,213.14285219475462,213.1423433320518,false,true,4.124000072479248
import_fixed--p2--swm--clarabel,import_fixed,2,clarabel,288,6.503919954421859e-6,3.164729667215482e-8,213.14285183950787,213.1423433320518,false,true,4.135999917984009
import_fixed--p2--swm--clarabel,import_fixed,2,clarabel,289,6.487549524662612e-6,1.0758414159539598e-8,213.14285146500572,213.1423433320518,false,true,4.148000001907349
import_fixed--p2--swm--clarabel,import_fixed,2,clarabel,290,6.468680846275195e-6,6.400197594125245e-9,213.14285109956165,213.1423433320518,false,true,4.1600000858306885
import_fixed--p2--swm--clarabel,import_fixed,2,clarabel,291,6.447231918237473e-6,3.291534256266715e-8,213.14285073033017,213.1423433320518,false,true,4.180000066757202
import_fixed--p2--swm--clarabel,import_fixed,2,clarabel,292,6.428551545786557e-6,1.1384453713070286e-8,213.14285034948142,213.1423433320518,false,true,4.193000078201294
import_fixed--p2--swm--clarabel,import_fixed,2,clarabel,293,6.412627434665923e-6,3.086220679016094e-8,213.14284998923816,213.1423433320518,false,true,4.207000017166138
import_fixed--p2--swm--clarabel,import_fixed,2,clarabel,294,6.3941584929364215e-6,1.0688742890785363e-8,213.14284964446688,213.1423433320518,false,true,4.2190001010894775
import_fixed--p2--swm--clarabel,import_fixed,2,clarabel,295,6.37315351250465e-6,6.202022506673899e-9,213.14284930660898,213.1423433320518,false,true,4.232000112533569
import_fixed--p2--swm--clarabel,import_fixed,2,clarabel,296,6.355039725165893e-6,6.124981244415295e-9,213.14284895504403,213.1423433320518,false,true,4.24399995803833
import_fixed--p2--swm--clarabel,import_fixed,2,clarabel,297,6.336869772249897e-6,3.480960186763582e-8,213.14284858169657,213.1423433320518,false,true,4.256999969482422
import_fixed--p2--swm--clarabel,import_fixed,2,clarabel,298,6.3215241147778816e-6,2.4030672785002594e-8,213.14284822222163,213.1423433320518,false,true,4.2769999504089355
import_fixed--p2--swm--clarabel,import_fixed,2,clarabel,299,6.303744829107913e-6,7.61654228575992e-9,213.14284788478997,213.1423433320518,false,true,4.289999961853027
import_fixed--p2--swm--clarabel,import_fixed,2,clarabel,300,6.2860417225514676e-6,5.998133378870563e-9,213.14284754273262,213.1423433320518,false,true,4.302000045776367
import_fixed--p2--swm--clarabel,import_fixed,2,clarabel,301,6.268383374030683e-6,3.3944744126657156e-8,213.14284717571127,213.1423433320518,false,true,4.315000057220459
import_fixed--p2--swm--clarabel,import_fixed,2,clarabel,302,6.248404228420041e-6,2.3433815665718782e-8,213.1428468589218,213.1423433320518,false,true,4.328000068664551
import_fixed--p2--swm--clarabel,import_fixed,2,clarabel,303,6.231080379347598e-6,7.981591720884751e-9,213.14284653077522,213.1423433320518,false,true,4.341000080108643
import_fixed--p2--swm--clarabel,import_fixed,2,clarabel,304,6.2161851700896644e-6,5.847705430994665e-9,213.1428461839619,213.1423433320518,false,true,4.361000061035156
import_fixed--p2--swm--clarabel,import_fixed,2,clarabel,305,6.1989684172178174e-6,5.792878121635425e-9,213.14284585210316,213.1423433320518,false,true,4.374000072479248
import_fixed--p2--swm--clarabel,import_fixed,2,clarabel,306,6.179434183795074e-6,5.7802931330286356e-9,213.1428455337209,213.1423433320518,false,true,4.388000011444092
import_fixed--p2--swm--clarabel,import_fixed,2,clarabel,307,6.162480847989164e-6,5.75909486766335e-9,213.14284520194946,213.1423433320518,false,true,4.401000022888184
import_fixed--p2--swm--clarabel,import_fixed,2,clarabel,308,6.145631469480571e-6,3.444219687231964e-8,213.14284485236436,213.1423433320518,false,true,4.414000034332275
import_fixed--p2--swm--clarabel,import_fixed,2,clarabel,309,6.128958001217942e-6,2.3356131806373526e-8,213.14284453111014,213.1423433320518,false,true,4.427999973297119
import_fixed--p2--swm--clarabel,import_fixed,2,clarabel,310,6.114742707023653e-6,7.651703493039008e-9,213.14284420399622,213.1423433320518,false,true,4.440999984741211
import_fixed--p2--swm--clarabel,import_fixed,2,clarabel,311,6.098127973192485e-6,5.591184459863285e-9,213.1428438865527,213.1423433320518,false,true,4.460000038146973
import_fixed--p2--swm--clarabel,import_fixed,2,clarabel,312,6.079334338665082e-6,5.584265161395763e-9,213.14284357996357,213.1423433320518,false,true,4.4730000495910645
import_fixed--p2--swm--clarabel,import_fixed,2,clarabel,313,6.065365743647031e-6,5.522690638137817e-9,213.14284324936082,213.1423433320518,false,true,4.486999988555908
import_fixed--p2--swm--clarabel,import_fixed,2,clarabel,314,6.04652267840758e-6,3.394073411211451e-8,213.14284292553577,213.1423433320518,false,true,4.499000072479248
import_fixed--p2--swm--clarabel,import_fixed,2,clarabel,315,6.032868839439038e-6,2.3132479376464232e-8,213.1428426044406,213.1423433320518,false,true,4.51200008392334
import_fixed--p2--swm--clarabel,import_fixed,2,clarabel,316,6.016801533317093e-6,2.6755488602425714e-8,213.1428422781876,213.1423433320518,false,true,4.525000095367432
import_fixed--p2--swm--clarabel,import_fixed,2,clarabel,317,6.000887468352286e-6,2.5840440232016704e-8,213.1428419783595,213.1423433320518,false,true,4.538000106811523
import_fixed--p2--swm--clarabel,import_fixed,2,clarabel,318,5.98261485371878e-6,8.421621511267574e-9,213.14284169586574,213.1423433320518,false,true,4.558000087738037
import_fixed--p2--swm--clarabel,import_fixed,2,clarabel,319,5.96916512016967e-6,5.350252185731819e-9,213.1428413791325,213.1423433320518,false,true,4.569999933242798
import_fixed--p2--swm--clarabel,import_fixed,2,clarabel,320,5.953515250890394e-6,5.281303339099708e-9,213.14284107787722,213.1423433320518,false,true,4.582000017166138
import_fixed--p2--swm--clarabel,import_fixed,2,clarabel,321,5.937937280865345e-6,3.383426905312348e-8,213.14284075334578,213.1423433320518,false,true,4.5950000286102295
import_fixed--p2--swm--clarabel,import_fixed,2,clarabel,322,5.922486423705984e-6,2.316322489370748e-8,213.1428404559976,213.1423433320518,false,true,4.607000112533569
import_fixed--p2--swm--clarabel,import_fixed,2,clarabel,323,5.904912072489261e-6,7.602202423129256e-9,213.1428401814715,213.1423433320518,false,true,4.61899995803833
import_fixed--p2--swm--clarabel,import_fixed,2,clarabel,324,5.891799452358141e-6,3.207869814225717e-8,213.1428398529099,213.1423433320518,false,true,4.631999969482422
import_fixed--p2--swm--clarabel,import_fixed,2,clarabel,325,5.8742495228182206e-6,2.426018186341139e-8,213.14283957856082,213.1423433320518,false,true,4.651000022888184
import_fixed--p2--swm--clarabel,import_fixed,2,clarabel,326,5.859107832290548e-6,7.946611479958676e-9,213.1428392951832,213.1423433320518,false,true,4.664000034332275
import_fixed--p2--swm--clarabel,import_fixed,2,clarabel,327,5.846490796339183e-6,5.102714972782252e-9,213.14283899240735,213.1423433320518,false,true,4.677000045776367
import_fixed--p2--swm--clarabel,import_fixed,2,clarabel,328,5.829074494504123e-6,5.023207350074443e-9,213.14283872113205,213.1423433320518,false,true,4.690000057220459
import_fixed--p2--swm--clarabel,import_fixed,2,clarabel,329,5.816389437761738e-6,3.3753076000841986e-8,213.1428383947392,213.1423433320518,false,true,4.703000068664551
import_fixed--p2--swm--clarabel,import_fixed,2,clarabel,330,5.801708052613738e-6,2.3006528571123397e-8,213.1428381130163,213.1423433320518,false,true,4.7149999141693115
import_fixed--p2--swm--clarabel,import_fixed,2,clarabel,331,5.7872085482892706e-6,7.79456099664344e-9,213.14283783957694,213.1423433320518,false,true,4.733999967575073
import_fixed--p2--swm--clarabel,import_fixed,2,clarabel,332,5.772388707631586e-6,4.958546351296889e-9,213.14283755994333,213.1423433320518,false,true,4.746000051498413
import_fixed--p2--swm--clarabel,import_fixed,2,clarabel,333,5.757979160793024e-6,4.9373344301884e-9,213.14283727736697,213.1423433320518,false,true,4.759000062942505
import_fixed--p2--swm--clarabel,import_fixed,2,clarabel,334,5.7412313503817965e-6,4.898721261969996e-9,213.14283701077778,213.1423433320518,false,true,4.772000074386597
import_fixed--p2--swm--clarabel,import_fixed,2,clarabel,335,5.7269185628105e-6,4.865977398793575e-9,213.1428367323317,213.1423433320518,false,true,4.78600001335144
import_fixed--p2--swm--clarabel,import_fixed,2,clarabel,336,5.714803158877886e-6,4.835235989375519e-9,213.1428364434235,213.1423433320518,false,true,4.799999952316284
import_fixed--p2--swm--clarabel,import_fixed,2,clarabel,337,5.700679680430521e-6,3.424122230200055e-8,213.1428361466165,213.1423433320518,false,true,4.819000005722046
import_fixed--p2--swm--clarabel,import_fixed,2,clarabel,338,5.684441287477006e-6,2.3429431283972235e-8,213.14283589018953,213.1423433320518,false,true,4.832000017166138
import_fixed--p2--swm--clarabel,import_fixed,2,clarabel,339,5.670262625949314e-6,2.6870216607299824e-8,213.14283560610767,213.1423433320518,false,true,4.8440001010894775
import_fixed--p2--swm--clarabel,import_fixed,2,clarabel,340,5.656428758009242e-6,8.922951044709748e-9,213.1428353230696,213.1423433320518,false,true,4.859999895095825
import_fixed--p2--swm--clarabel,import_fixed,2,clarabel,341,5.6425315609292586e-6,4.699998723545207e-9,213.14283505089304,213.1423433320518,false,true,4.872999906539917
import_fixed--p2--swm--clarabel,import_fixed,2,clarabel,342,5.630825272919601e-6,4.685210330812595e-9,213.14283476949288,213.1423433320518,false,true,4.885999917984009
import_fixed--p2--swm--clarabel,import_fixed,2,clarabel,343,5.617215876077804e-6,4.675914599960862e-9,213.1428345007273,213.1423433320518,false,true,4.900000095367432
import_fixed--p2--swm--clarabel,import_fixed,2,clarabel,344,5.603572720936821e-6,4.612941362225342e-9,213.14283423799486,213.1423433320518,false,true,4.920000076293945
import_fixed--p2--swm--clarabel,import_fixed,2,clarabel,345,5.589976429823648e-6,3.469302356506887e-8,213.1428339966257,213.1423433320518,false,true,4.933000087738037
import_fixed--p2--swm--clarabel,import_fixed,2,clarabel,346,5.5762444780358615e-6,2.3612897970259894e-8,213.1428337307038,213.1423433320518,false,true,4.946000099182129
import_fixed--p2--swm--clarabel,import_fixed,2,clarabel,347,5.560934639184642e-6,2.7043368544532598e-8,213.14283349224192,213.1423433320518,false,true,4.960000038146973
import_fixed--p2--swm--clarabel,import_fixed,2,clarabel,348,5.549589669523962e-6,8.820290275934894e-9,213.14283323298002,213.1423433320518,false,true,4.973999977111816
import_fixed--p2--swm--clarabel,import_fixed,2,clarabel,349,5.5363189395040244e-6,4.5097282574957376e-9,213.1428329794124,213.1423433320518,false,true,4.989000082015991
import_fixed--p2--swm--clarabel,import_fixed,2,clarabel,350,5.521028075524983e-6,4.480545656715407e-9,213.14283273695025,213.1423433320518,false,true,5.002000093460083
import_fixed--p2--swm--clarabel,import_fixed,2,clarabel,351,5.5099577749901325e-6,4.4614499317141565e-9,213.14283247061485,213.1423433320518,false,true,5.023999929428101
import_fixed--p2--swm--clarabel,import_fixed,2,clarabel,352,5.496879219176035e-6,4.44003611654864e-9,213.14283221737605,213.1423433320518,false,true,5.038000106811523
import_fixed--p2--swm--clarabel,import_fixed,2,clarabel,353,5.484024499866825e-6,4.40032532633694e-9,213.14283196614855,213.1423433320518,false,true,5.051000118255615
import_fixed--p2--swm--clarabel,import_fixed,2,clarabel,354,5.470897026516041e-6,4.407366638314869e-9,213.14283171559913,213.1423433320518,false,true,5.065000057220459
import_fixed--p2--swm--clarabel,import_fixed,2,clarabel,355,5.45822042371827e-6,4.3456778731076895e-9,213.1428314676739,213.1423433320518,false,true,5.078999996185303
import_fixed--p2--swm--clarabel,import_fixed,2,clarabel,356,5.44533042596223e-6,4.367887551648408e-9,213.14283121874604,213.1423433320518,true,true,5.091000080108643
open_flexible--p1--swm--gurobi,open_flexible,1,gurobi,1,0.1582950725569051,0.7359341314625576,218.52774348704563,166.41555335411553,false,false,1.9490001201629639
import_flexible--p1--swm--gurobi,import_flexible,1,gurobi,1,0.15826714080790125,0.7358332792792237,234.7505597344555,191.8001261114495,false,true,0.08699989318847656
