JuMP_version = "1.31.2"
bound_objective_kind = "operating_cost"
budget_sec = 53.891563199984375
build_sec = 4.790416900010314
case_origin = "synthetic"
class = "SOCP"
elapsed_sec = 8.92032630002359
elastic_rows = []
fixed_flows = true
flow_schedule = [[1.3158478191596452, 1.1271044208329855, 0.7691811718353555, 1.1466674823044907, 0.7650793671734052, 0.7387152111165188, 0.7914506217558924, 0.8658306728044769, 0.830385175458831, 0.7085003972201085, 0.5988609289329753, 0.5738095354028778, 0.5738095316245022, 0.5738095613875388, 0.5738095655149009, 0.5738095732335652, 0.5738095830650091, 0.6018453482106638, 0.5838378228218272, 0.5789811545611557, 1.3388888848824114, 0.7831497773510976, 0.9591507689806897, 0.9563492063492065], [11.097129394877228, 7.459078717117114, 7.228688479354908, 6.977160041592738, 7.526393912936929, 7.7770653844863755, 8.07772584103023, 8.57221745681908, 8.330412639086038, 7.332427862969186, 6.330661581146868, 5.834821920746696, 5.7380952729546655, 5.738095540814511, 5.738095805553287, 6.533094200031359, 7.205684430951655, 6.632039256493118, 6.561869912108497, 7.692563987641468, 13.388888875807421, 8.35955641619652, 9.717415489260397, 9.563492063492065], [4.270442634061905, 2.9984397966698255, 2.9051062977899895, 2.7981984656877223, 3.0135042595326245, 3.1207468078130285, 3.2316906605919953, 3.4306747255974677, 3.338554414466387, 2.939691556552496, 2.5371849204363652, 2.3253396404538127, 2.295238109820599, 2.295238205227241, 2.295238271213603, 2.2952389229692796, 2.4490222907324135, 2.442652307692475, 2.336303251491938, 2.8757044927329014, 5.355555550058197, 3.403330716956677, 3.84939757611251, 3.825396825396826], [2.931553767425478, 2.242656376987328, 2.200481798330228, 2.1162409456141726, 2.2647920893110904, 2.369736028937935, 2.445273133067397, 2.580096014718591, 2.514596637278257, 2.2268664820591932, 1.9309377863880326, 1.7515301142917628, 1.7214285835155883, 1.7214286495769502, 1.7214286869952753, 1.7214288119394707, 1.7346176186177378, 1.8489741429083217, 1.7624937214966847, 2.3018949671777444, 4.01666666214336, 2.829515138168943, 2.913425566009233, 2.8690476190476195], [0.7963324490558492, 0.7470344663375925, 0.7410092343012135, 0.7159655919721918, 0.7586427004777858, 0.798682571958333, 0.8230136352155166, 0.8642145240488909, 0.842636507138248, 0.7494488366359718, 0.6525206826330034, 0.5888602944737165, 0.5738095286913281, 0.5738095508533128, 0.5738095598015809, 0.5738095719822001, 0.5804040049181556, 0.6196613288419073, 0.593150591673711, 0.8640427201729005, 1.338888887053183, 0.8361092516757777, 0.957375838362204, 0.9563492063492065], [0.7963324490558795, 0.7470344663375931, 0.7410092343012155, 0.7159655919721953, 0.7586427004777859, 0.7986825719583324, 0.8230136352155181, 0.8642145240488902, 0.8426365071382484, 0.7494488366359726, 0.652520682633004, 0.5888602944737158, 0.5738095286913281, 0.5738095508533128, 0.5738095598015809, 0.5738095719822001, 0.5804040049181555, 0.6196613288419075, 0.5931505916737114, 0.8640427201728995, 1.338888887053183, 0.8361092516757774, 0.9573758383622036, 0.9563492063492065], [5.487797903212698, 3.7026996869813824, 3.635061855025958, 3.5114841108792176, 3.75877457617375, 3.9296112273581327, 4.066594031799968, 4.287763268822554, 4.172586396037781, 3.695208355260796, 3.2060387417051075, 2.9356727512550864, 2.869047635757315, 2.8690477508042664, 2.869047860212352, 3.077547061108767, 3.487366935553565, 3.051138142395268, 2.928182852800333, 4.243049969151464, 6.694444438337171, 4.370813846472881, 4.817025641179944, 4.7817460317460325], [4.148909036227912, 2.9477827419518534, 2.931261743257639, 2.8310404575133017, 3.011005130080564, 3.1793141600790076, 3.2808813558138703, 3.437869803415278, 3.3492521553452597, 2.983036057851622, 2.6005600753365177, 2.361863225070725, 2.2952381095496586, 2.2952381945527165, 2.295238263125611, 2.295238617926915, 2.3178759469786945, 2.458549826802954, 2.3543733222611594, 3.6692404436050623, 5.355555550403583, 3.491938829721171, 3.869821008553109, 3.825396825396826], [2.8100201665275706, 2.201313830854716, 2.2149330102389393, 2.1414454115942823, 2.2658921984348126, 2.4090957430190225, 2.4837841218496997, 2.5882831088149407, 2.5218665791393877, 2.2569881566550523, 1.9767760144414934, 1.7880536997073324, 1.7214285836110448, 1.7214286462944746, 1.7214286878849416, 1.721428798388734, 1.7440662291935103, 1.8539637482998912, 1.7803126048127422, 3.0954309173379992, 4.016666662322245, 2.58985139264419, 2.8951842388549127, 2.8690476190476195], [0.7355656485988066, 0.7328280227071262, 0.7444790708923387, 0.7244075002700574, 0.7597088225516965, 0.8108340661520931, 0.8360543496417813, 0.8676482807059861, 0.8449758569854341, 0.7589110588738995, 0.6673409565887503, 0.6049233234350073, 0.573809528798554, 0.5738095505211734, 0.5738095606007073, 0.573809572955772, 0.585128313226373, 0.6243391494476416, 0.599856725574125, 1.2608106937437582, 1.3388888871106202, 0.8670140314481691, 0.9559810349443688, 0.9563492063492065], [0.7355656485987662, 0.7328280227071247, 0.7444790708923387, 0.7244075002700572, 0.7597088225516968, 0.8108340661520927, 0.8360543496417826, 0.8676482807059844, 0.8449758569854348, 0.7589110588739004, 0.6673409565887497, 0.6049233234350074, 0.573809528798554, 0.5738095505211734, 0.5738095606007073, 0.573809572955772, 0.5851283132263727, 0.6243391494476407, 0.5998567255741261, 1.2608106937437584, 1.3388888871106202, 0.867014031448169, 0.9559810349443741, 0.9563492063492065], [21.57453510857048, 16.435837481266105, 14.655081926388602, 13.892910701124471, 14.603787527501433, 20.541760288188232, 21.016714994172972, 21.65242443928291, 21.30396859145732, 19.93796141802281, 18.54568436744978, 17.9253169985391, 17.762668060519523, 19.296221828506617, 20.536342435057172, 23.00188100943571, 24.13579271185656, 23.368864940993262, 20.280361440574215, 21.98927214412874, 28.472222208267418, 16.946433191371664, 20.88689602989101, 20.33730158730159], [9.372154193893357, 6.02252047946293, 6.21826160976246, 5.618944711342533, 5.98642247243165, 6.310470352914758, 6.551995129804777, 6.852879502324859, 6.661487103174552, 5.937002560017235, 5.182261721862692, 4.747870151787281, 4.592033119145529, 4.590476422327522, 4.590477113709902, 6.229688389548751, 6.713319794096174, 5.607758951167027, 5.463963253298555, 8.053557872292934, 10.711111103857972, 6.395195893020953, 7.705333641442139, 7.650793650793652], [8.033265316927912, 5.033104558313822, 5.094134422856397, 4.948503755080489, 5.242378533711518, 5.566880748147746, 5.769147713331044, 6.004178334711395, 5.840486422157336, 5.2294709062098, 4.583088567431967, 4.17406062465324, 4.018223593135463, 4.01666684817952, 4.016667252814885, 5.063640923928235, 5.4394105694432175, 4.268870181487212, 4.890153716233403, 7.4797483463620145, 9.372222215745486, 5.821386368729495, 6.884742595305076, 6.6944444444444455], [6.6943764385266205, 4.2917922702059, 4.38247536010453, 4.271543433283509, 4.502796853457365, 4.8053981012612095, 4.977511440767663, 5.158096013086101, 5.017028127604148, 4.5093261493438, 3.966998312278736, 3.600251098916994, 3.4444140678128496, 3.442857292977023, 3.4428575288658885, 3.8809192078331622, 4.149984618450549, 3.6763271095001953, 4.316344186014467, 6.905938819952185, 8.033333327566707, 4.8008635541931355, 5.900215610815599, 5.738095238095239], [2.04034384487779, 1.4355551605365269, 1.4677628476277444, 1.4217895863334329, 1.5083187879674247, 1.6079533060195421, 1.6634774658664477, 1.722615375170271, 1.6763266179351275, 1.5080551587028006, 1.3273907599281924, 1.2027097499103911, 1.1476190533830581, 1.1476190989746278, 1.1476191422727133, 1.1476191772545632, 1.1597293949064276, 1.2305525527959422, 1.3792490182034114, 2.4949708001242876, 2.6777777756221868, 1.7314129641294287, 1.927747308046911, 1.912698412698413], [0.7014549768997758, 0.7168947414047004, 0.7413037599694683, 0.7241693961957876, 0.7608090868191136, 0.8153228166052264, 0.8439297817242027, 0.8695098173656741, 0.8449052843766011, 0.7634791913010512, 0.6759774446890171, 0.6146995809088976, 0.5738095279118337, 0.5738095518532462, 0.573809563083097, 0.5738095658382177, 0.5859198483057042, 0.624802533596523, 0.798702006047097, 1.3388888765178903, 1.3388888874298475, 1.157603440042426, 0.9511500034391686, 0.9563492063492065], [3.315143714751765, 2.128042336695292, 2.1962598276633996, 2.1649931393744906, 2.256329584908986, 2.4218670767234736, 2.5110520460384373, 2.589328349898228, 2.51531038006217, 2.270137003784816, 2.0073403115617903, 1.8237318238020077, 1.7229854893904035, 1.7214286454361696, 1.7214287231568366, 1.721428819875492, 1.7444064103557195, 1.8494594261012893, 2.363285638182306, 3.8371584912917793, 4.016666663687249, 2.1340387154500053, 2.8996646675342377, 2.8690476190476195], [1.9762548411254925, 1.4119358008415086, 1.4723382108035432, 1.4699582654331438, 1.5145815403756584, 1.6324174433316525, 1.6936203387061786, 1.7385485767619364, 1.686065899460114, 1.5276737918895522, 1.3580949147069679, 1.2379758796030012, 1.1491759645102666, 1.147619099142176, 1.1476191321395788, 1.147619148945808, 1.1705968549771297, 1.2462026178047423, 1.7852766161898614, 2.677777762934645, 2.6777777754776646, 1.526177907594023, 1.943388921359956, 1.912698412698413], [0.6373663994951134, 0.7056588497624879, 0.7399331252977871, 0.7632462738316043, 0.7650793662922026, 0.8273533906756975, 0.8587756889596408, 0.8782509622645926, 0.849986737020608, 0.7726884585209828, 0.6906151040917988, 0.6319676362129983, 0.5753664397279676, 0.5738095525180683, 0.5738095616909429, 0.5738095681016364, 0.5937514658873055, 0.6321733505395313, 1.1997138974535684, 1.338888882065755, 1.3388888874475882, 0.7757008389998599, 0.9554256615680556, 0.9563492063492065], [10.86349204034136, 9.656487060595653, 7.748808006083138, 7.6077181309876885, 7.8657216792940865, 13.516790241065712, 13.690152400634538, 13.950741822562739, 13.829560723285237, 13.311849658721679, 12.7853896290782, 12.603637311373037, 12.596825411796113, 14.131935641775483, 14.875613443868835, 15.620025616033839, 16.160969273250053, 16.422217243890287, 13.527072119205087, 13.361904745115792, 16.42222221678131, 9.977427769268408, 11.842673500746436, 11.730158730158731], [9.524603157138454, 8.890607818283545, 7.046163167468064, 6.937551060832032, 7.124078777694639, 12.785579070548716, 12.91303794056637, 13.10608533979289, 13.01445080698067, 12.61337531210522, 12.196958635286071, 12.029827780870805, 12.023015884211405, 13.558125607447366, 13.79974591061845, 14.462372504082932, 14.893712419576131, 15.083328422581998, 12.95326247779067, 12.788095219503122, 15.083333328611552, 8.638538881082997, 11.046131784048258, 10.773809523809526], [8.185714271823144, 7.551719012869474, 6.333149774269518, 6.260602968979051, 6.388543279670017, 12.040977553221898, 12.131204347106351, 12.264371661819728, 12.19794048371086, 11.906618502222855, 11.598599231715578, 11.45601825218847, 11.449206357374285, 12.489226274264396, 12.717360294729044, 13.298846080463223, 13.620320160921363, 13.744439586903972, 12.379452919843605, 12.214285693813103, 13.744444440441693, 7.299649992374128, 10.20107651351841, 9.81746031746032], [6.846825385584618, 6.212830158219678, 5.614845932697845, 5.5757114337406755, 5.655411064344625, 11.285426046902831, 11.343394237959004, 11.424283152140882, 11.380511847307208, 11.192590300292116, 10.990855555502609, 10.88220872438913, 10.875396830898353, 11.40453019420101, 11.62721631891815, 12.128938213715719, 12.340347598008417, 12.40555074883223, 11.805643361366698, 11.640476167375676, 12.405555552238908, 5.96076110418962, 9.172782103910878, 8.861111111111112], [1.3388888781581962, 0.7048936752410359, 0.7275511615498245, 0.7141276325084319, 0.7525061270665095, 0.7927609645821627, 0.8211553097783565, 0.8567811948500205, 0.8345955348246213, 0.7444219921530658, 0.6465474756009968, 0.5806214204163629, 0.5738095287499542, 0.5738097926385963, 0.8000793503975889, 1.2242010933361127, 1.3254844242407575, 1.3388841310275412, 1.3388887607289777, 1.3388888590997232, 1.3388888866779933, 0.5738095247320334, 0.9583928585177021, 0.9563492063492065], [4.169047620685659, 4.169047620440607, 4.169047620250902, 4.169047619849768, 4.169047619724339, 9.727777772756747, 9.72777777485446, 9.727777775844645, 9.727777776673905, 9.72777777675913, 9.727777776784647, 9.7277777766448, 9.727777775859549, 9.727777776599252, 9.727777776648212, 9.72777777676402, 9.727777776954808, 9.727777777232381, 9.727777777268484, 9.727777777268905, 9.727777777367644, 4.813142055454197, 7.186952360630106, 6.9484126984126995], [5.023586502889219, 4.976530124625804, 4.767432722007458, 4.769009016870904, 5.02046781943904, 6.378198030875276, 6.5608655112132785, 6.4604183873586045, 6.133528890454631, 6.277962662456061, 6.137471812484129, 5.858867987364377, 5.916828518718692, 5.941269886687231, 6.171651429264502, 6.484863607448419, 6.556211365127742, 6.768711237162557, 6.581945231316158, 6.535443773028343, 6.889927961576697, 5.150572042903692, 5.697048972131771, 5.738095238095239], [3.6846981201074107, 3.640065527711958, 3.4285438370168624, 3.4301201338129657, 4.422056693210672, 5.039309145723624, 5.221976635466447, 5.59827517555946, 4.7946400053166975, 4.939073777528834, 4.79858292580524, 4.51997909998631, 4.577939634615419, 4.602381012889319, 4.838207871544426, 5.911054023829741, 5.9571524700451155, 5.846653155030908, 5.969991825268228, 5.945522798159683, 6.302829869387729, 4.5767625181956895, 4.811260874485289, 4.7817460317460325], [2.59847317174771, 2.3011766674556933, 2.2952381148807057, 2.2952381260546404, 3.0831679351020425, 3.700420261499972, 3.883087779012906, 4.492043175340132, 3.4557511232306086, 3.600184895740284, 3.459694040124438, 3.18109021402675, 3.239050752073286, 3.26349214362313, 3.7155369557755775, 5.199247614343831, 5.355555480819588, 5.206149429931505, 5.355555449029216, 5.355555499028575, 5.355555485078821, 4.002952965998626, 3.9333012760177164, 3.825396825396826], [0.5738095604336458, 0.5738095330602373, 0.5738095278301573, 0.5738095313594224, 0.610666204560766, 0.7413459830415007, 0.8508806972070224, 0.9029256541170424, 0.8581716559800274, 0.7851444411544041, 0.7039594082224048, 0.6473165948072632, 0.5914132778145096, 0.5738095837126895, 0.7063525441617238, 1.1825824928686768, 1.3388888629704063, 1.2306013416227033, 1.3388888509822496, 1.3388888708963615, 1.338888874796483, 0.5865238879550269, 0.9670605301180647, 0.9563492063492065], [1.1501082539652214, 1.1535574505755386, 1.147619059394573, 1.1476190619988662, 1.2215091133609477, 1.6201853966666744, 1.6933190450939988, 2.250228656847115, 1.716318499804443, 1.5744329759393918, 1.4168457521352258, 1.3066317774542604, 1.3087485955598275, 1.35079370172327, 1.7429377928933936, 2.677776281805098, 2.6777777444207396, 2.636659960632221, 2.6777777331138037, 2.677777753787834, 2.6777777592575833, 2.077540189696411, 1.9493853191994222, 1.912698412698413], [0.5762986829175855, 0.579747922058347, 0.5738095334567349, 0.5738095322879502, 0.6177526871254597, 0.7365105694116855, 0.8527476370294194, 0.9113398394430103, 0.8657593148068493, 0.7953238576151855, 0.7190378204142527, 0.6655527278999745, 0.6092201680890097, 0.5738095941821528, 0.8018617995575535, 1.338887431830361, 1.338888867461153, 1.2977713972399405, 1.338888861314964, 1.33888887520108, 1.338888875327074, 0.7779480694529944, 0.9589635486621064, 0.9563492063492065], [4.145461117331622, 4.19251749539902, 4.4016148964047455, 4.400038598367121, 4.1485797870242225, 5.492436884979615, 5.309769406720408, 5.410216531541684, 5.737106029164331, 5.5926722572513965, 5.733163107257287, 6.011766932250138, 5.953806400259775, 5.929365033101703, 5.6989834905996934, 5.385771312465045, 5.314423554967374, 5.101923683071612, 5.288689688950014, 5.335191147250291, 4.980706958746224, 4.662570012356109, 4.751685523364866, 4.7817460317460325], [2.8888464932713114, 3.069291007232344, 3.0627260111205987, 3.0611497145970143, 3.549938251826253, 4.153547999909777, 3.97088053158371, 4.547535961864377, 4.398217143875397, 4.253783372118038, 4.394274220503727, 4.672878044686188, 4.614917515852712, 4.590476159031658, 4.366425898190068, 4.811961726104536, 4.714997375128548, 4.463540311569337, 4.676226253478043, 4.74493889290937, 4.39362132959177, 4.05462472769832, 3.805008480037624, 3.825396825396826], [1.8132790136110053, 1.7304021563905272, 1.7238371395276424, 1.7222608499289864, 2.211049443282654, 2.8146591159980847, 2.63199168282508, 3.591582227703298, 3.0593282607286345, 2.9148944890682733, 3.0553853343814206, 3.3339891576646097, 3.276028632281304, 3.2515872887705743, 3.205384590570481, 4.016665977300749, 4.016666613086643, 3.821980126001828, 4.016666585908074, 4.016666612863231, 3.2716247153098883, 3.1007496607803766, 2.8775397384572905, 2.8690476190476195], [1.1510634363817869, 1.1565925955820489, 1.150027612682948, 1.148451320098966, 1.2261639173738907, 1.4757702364626086, 1.7034027699786058, 2.2526933800690587, 1.7204393904060538, 1.5760056189964124, 1.7164964500764062, 1.9951002718740711, 1.937139750033124, 1.9126984271022025, 2.064553440366097, 2.6777771531754624, 2.6777777422017515, 2.6310524025913216, 2.677777728130414, 2.67777773921323, 1.932735830054414, 1.9815067637278505, 1.9181932328129314, 1.912698412698413], [0.577253857641109, 0.5827830671921496, 0.5762180874658865, 0.5746417935577159, 0.6204491024935646, 0.7382885056360596, 0.8562297711891201, 0.913804727011602, 0.8679503840240523, 0.7961984844309951, 0.7164241513389937, 0.6562113944547435, 0.5982508709583273, 0.5738096058921722, 0.7976593843409894, 1.3388882982136834, 1.3388888662318288, 1.2921639663298954, 1.33888885864928, 1.3388888606863718, 0.5938469437302473, 0.9282489708913366, 0.9565143993253129, 0.9563492063492065]]
flow_sha256 = "437d17d080ff34f8c3fa93b857decc783154f6718be8c29ff231c40d70b47d7e"
input_sha256 = "d514c3c2e94f962feb65717da43920559b4bcbca8613d2abcef2e1ed292d51b0"
objective = 492244.2705039749
objective_currency_scale = 1.0
objective_kind = "operating_cost"
operating_cost = 492244.2705039749
operation_sha256 = "dd2b2cb059feeebe95767375a4b9e6eb974e544f10e3a9eeacaa4beda6bc049c"
primal = "FEASIBLE_POINT"
raw_solver_bound = -1.0e100
rescale_cones = false
seed = 0
solver = "Gurobi"
solver_bound = 490419.430644989
solver_objective = 492244.2705039749
solver_relative_gap = 0.00370718354348256
solver_version = "13.0.3"
status = "solver_optimal"
termination = "OPTIMAL"
threads = 1
variant = "r9_short_pipe_literal_v1"

[operation]
bounded_return = true
core_periods = 24
mode = "VF_VT"
reference_flow = [0.9563492063492065, 9.563492063492065, 3.825396825396826, 2.8690476190476195, 0.9563492063492065, 0.9563492063492065, 4.7817460317460325, 3.825396825396826, 2.8690476190476195, 0.9563492063492065, 0.9563492063492065, 20.33730158730159, 7.650793650793652, 6.6944444444444455, 5.738095238095239, 1.912698412698413, 0.9563492063492065, 2.8690476190476195, 1.912698412698413, 0.9563492063492065, 11.730158730158731, 10.773809523809526, 9.81746031746032, 8.861111111111112, 0.9563492063492065, 6.9484126984126995, 5.738095238095239, 4.7817460317460325, 3.825396825396826, 0.9563492063492065, 1.912698412698413, 0.9563492063492065, 4.7817460317460325, 3.825396825396826, 2.8690476190476195, 1.912698412698413, 0.9563492063492065]
source_temperature_K = 363.15

[source_hashes_at_solve]
"src/algorithms/r3_sensitivity.jl" = "3df89088e79f08b54ca140c45df40aa5d53dd60ee18e068038e67bf205216e42"
"src/components/devices.jl" = "01a86d8bb7bbbf0ad27f79acb099427ec18543a0a4b1b916f411f2e1a4053e2d"
"src/core/case.jl" = "dd5de1049fc740706fa9005f48b60d75e088bc68faa9f6092b9b310e7aaed624"
"src/core/r2_case.jl" = "11026416169278767a8900e84e5fb65f80113e405a4046a44f6b92dc983498d5"
"src/core/r3.jl" = "1a29d3ac34ebf6936b9055b737167e59cf746cc6b5fb1055b8f73db2ebd26f15"
"src/core/r3_operation.jl" = "0766d65a9c5772e8ac51b06142ef33a58b2a07041783ff0902756ce6c55c40b3"
"src/core/r9_inputs.jl" = "be2d4335404b883d81cde43135e352ab399985ef73ee70e6537eb35c23c72cf7"
"src/core/r9_pv.jl" = "8f4e6f87745ba4e9474a1884e4b358dcd5357e03e02296dced3527cfc4949785"
"src/formulations/r1.jl" = "e952963689b39d28dc490066e55c7e5ca2689cd0ce78982a5397b09713466655"
"src/formulations/r2.jl" = "7118267881dc2f362004c14da042ad1e208a87657144538a8e2ec6ce82619c12"
"src/formulations/r3.jl" = "83e7255d85dc0a607a0cf37a232c1e329da070fb9f787f9295380e9ab8495578"
"src/formulations/r9_flow.jl" = "77e4908d9c55f09210552ac9dc06d7595225f082584abbdcc1d18cea67ca8ae0"
"src/formulations/r9_pv.jl" = "345d74bc66c0977a01d7cd1423c01841b13f854999e7e4bf987cdd8953c64da0"
"src/formulations/r9_reduced.jl" = "4289e33cdae925640a20f115bc3559213254d0b7d21dc6214f86cfa224a538b3"
"src/networks/fixed_flow_heat.jl" = "620c069f6b3a520d32ee546ec048074f9cbaa3c785f8c2e31ec7fd7bf245a83b"
"src/networks/r9_short_pipe.jl" = "05bdff61e581ea0c5ea21574fe12c8f357fe4c1491ebcc6fe4288cf4a2486d0a"
"src/networks/water_mass.jl" = "ef76594a25d5a310f8265137e733d811c8dbefcf0aea0b3ff8be5ed7b05bceef"
"src/reporting/r2_runs.jl" = "c0174b63fb559bd87b66604e80018ab5b4a055a4dfe7c0257884ed1955ea1971"
"src/reporting/r3_modes.jl" = "39db6cf0c2226628f47e171a0cdb4f547b81ff0857edc3bf100b65191b564d16"
"src/reporting/r3_runs.jl" = "d58b4c7d4e89bbcae9252d04e531d964e9897f79d8c7cc277c130902f6843416"
"src/reporting/r9_pv.jl" = "f106842c758d291179c246a1b62e4fbd8fc34ac684e24042d603ae282ee136d5"
"src/reporting/r9_reduced.jl" = "5e6168c0ca1fb06f89843ed3ebe46aad2ec558a46e6336ee4622fea2d0ec1ba0"
"src/reporting/runs.jl" = "7cb0ad0bf0bc5ea77af73e08a8261982510ce869caef95e26b7d51730a43b635"
"src/verification/r1.jl" = "c81ba065cd5e6e38e37cc385d89b81e0915c26b10edb2dd0321fd91633c202d3"
"src/verification/r2.jl" = "47fec7dc944afd8d2e5ac99d6885994fa7ce2465c36dfdcf6984d50466391783"
"src/verification/r3.jl" = "82afeb350db18fca6ada3179f87c3d266e21f13bb922ae6841619811ca8dfddb"
"src/verification/r9_flow.jl" = "19676e6bfba28a238962ee812ac9f9431277c202c88878967ae72b06360fbaa4"
"src/verification/r9_pv.jl" = "739b8864ab391b219780f9f7d9d80cf699d3b82b3db79fb800026c2f6f405038"
"src/verification/r9_reduced.jl" = "4dbbc7d0d0816dfa433f010209faddaac90ba5fa65fddbb83d0b1f9dcdf5be18"
"src/verification/r9_sources.jl" = "1b65bc9360e1b1a3816800ecffb442d39336da92db4d11ed7ac055e5fcbeeb60"

[spec]
dynamics = "wmm"
dynamics_product = "exact"
formulation = "wmm_checked_v1"
heat_balance = "exact"
loss = "wmm"
mixing = "exact"

[values]
H_device = [[2.4000894745179964, 2.4002013579079535, 3.260397182575756, 3.379618592314473, 3.389864174416833, 6.799998387218289, 6.799998232261197, 6.799998548342463, 6.799999471637313, 6.799999160869326, 6.799991769850412, 6.799979996849093, 6.799957888984834, 6.584435592451636, 6.269838750135557, 6.5907747242001715, 6.7999971551732505, 6.799999304546016, 6.799999288550531, 6.799999247362651, 6.799996486276478, 3.3979523603862107, 4.534693510353592, 4.502503070341107], [0.9999982524936606, 0.9999981210585686, 0.9999981098688913, 0.9999981120703695, 0.9999981112005824, 3.2336642725012013e-6, 3.382224963789908e-6, 5.2006826666145584e-6, 7.892234949351917e-7, 4.875214228756004e-7, 3.2111310101764536e-7, 2.875444275321699e-7, 1.060489977004479e-6, 9.982992428904625e-7, 1.0024369435261555e-6, 6.34875871752155e-7, 2.0939550623420256e-6, 4.219328119954168e-7, 2.702995525758551e-7, 2.428364243963473e-7, 2.977206995297463e-6, 0.9999983333415631, 0.9999983028094629, 0.9999982611877732], [1.0880176046114167, 1.1496859512889783, 1.1999895377051302, 1.1999901589962245, 1.199998266352578, 0.29702925295095367, 0.32516377554181386, 0.3659910965942465, 0.34147575023603516, 0.31813053955986015, 0.27809156591485135, 0.23245309639100994, 0.18722111380363637, 0.1481636243899795, 0.1382288667798878, 0.16446551714131338, 0.1718954424087758, 0.18491001631985537, 0.1866449628240576, 0.1754776024665827, 0.19380699198173137, 0.8803118505144923, 0.5959028081281923, 0.6460871812375003], [1.7993296295117372e-8, 1.7993296295117372e-8, 1.7993296295117372e-8, 1.7993296295117372e-8, 1.7993296295117372e-8, 1.7993296295117372e-8, 1.7993296295117372e-8, 1.7993296295117372e-8, 1.7993296295117372e-8, 1.7993296295117372e-8, 1.7993296295117372e-8, 1.7993296295117372e-8, 1.7993296295117372e-8, 1.7993296295117372e-8, 1.7993296295117372e-8, 1.7993296295117372e-8, 1.7993296295117372e-8, 1.7993296295117372e-8, 1.7993296295117372e-8, 1.7993296295117372e-8, 1.7993296295117372e-8, 1.7993296295117372e-8, 1.7993296295117372e-8, 1.7993296295117372e-8], [1.7993296295117372e-8, 1.7993296295117372e-8, 1.7993296295117372e-8, 1.7993296295117372e-8, 1.7993296295117372e-8, 1.7993296295117372e-8, 1.7993296295117372e-8, 1.7993296295117372e-8, 1.7993296295117372e-8, 1.7993296295117372e-8, 1.7993296295117372e-8, 1.7993296295117372e-8, 1.7993296295117372e-8, 1.7993296295117372e-8, 1.7993296295117372e-8, 1.7993296295117372e-8, 1.7993296295117372e-8, 1.7993296295117372e-8, 1.7993296295117372e-8, 1.7993296295117372e-8, 1.7993296295117372e-8, 1.7993296295117372e-8, 1.7993296295117372e-8, 1.7993296295117372e-8], [1.7993296295117372e-8, 1.7993296295117372e-8, 1.7993296295117372e-8, 1.7993296295117372e-8, 1.7993296295117372e-8, 1.7993296295117372e-8, 1.7993296295117372e-8, 1.7993296295117372e-8, 1.7993296295117372e-8, 1.7993296295117372e-8, 1.7993296295117372e-8, 1.7993296295117372e-8, 1.7993296295117372e-8, 1.7993296295117372e-8, 1.7993296295117372e-8, 1.7993296295117372e-8, 1.7993296295117372e-8, 1.7993296295117372e-8, 1.7993296295117372e-8, 1.7993296295117372e-8, 1.7993296295117372e-8, 1.7993296295117372e-8, 1.7993296295117372e-8, 1.7993296295117372e-8]]
H_port = [[3.400087690980677, 3.400199442984498, 4.2603952564580485, 4.379616668398135, 4.38986224963153, 6.800001587871539, 6.8000015597388, 6.800003712054659, 6.800000212281673, 6.799999612623081, 6.799992046236778, 6.799980214980063, 6.799958913623985, 6.584436554757831, 6.269839716580686, 6.590775323091296, 6.799999205187832, 6.799999674597056, 6.799999499982092, 6.799999504360832, 6.7999994229824425, 4.397950657741158, 5.534691777176495, 5.502501295542299], [0.1606666789881028, 0.16066667863916168, 0.1566500167120475, 0.1526333450078546, 0.1606666879699441, 0.17673335852207017, 0.1928000249528144, 0.20083335778106945, 0.19280002446434993, 0.17673335928952674, 0.16468335911032866, 0.16066669271699702, 0.1566500266018452, 0.15263335920747592, 0.1566500300467848, 0.16870002595905167, 0.1847666931793567, 0.19681668108997058, 0.18878335588458459, 0.17673333961017618, 0.16870000897979845, 0.16468335389492114, 0.16066668159352815, 0.16066668466662656], [0.16066668252614674, 0.16066668375297596, 0.15665001781561946, 0.1526333522198969, 0.16066668420755845, 0.17673335287479494, 0.19280001968666066, 0.2008333517972056, 0.19280001781106998, 0.17673335432377968, 0.1646833580534554, 0.1606666914679616, 0.15665002435865633, 0.15263335808101375, 0.1566500252524846, 0.16870001805201282, 0.18476668702310586, 0.1968166813057078, 0.18878335886337758, 0.17673335286854097, 0.16870001053066358, 0.16468335596513128, 0.1606666838537795, 0.16066668669345913], [0.1606666819249871, 0.16066668504787143, 0.15665001985508997, 0.15263335417607302, 0.16066668594691852, 0.17673335455731828, 0.19280002264866972, 0.20083335468060834, 0.1928000207740465, 0.17673335655262176, 0.16468335775288534, 0.16066669085818466, 0.15665002431552502, 0.15263335794448415, 0.15665002604365488, 0.16870002637699655, 0.18476669274832816, 0.19681668348707884, 0.18878335325842402, 0.1767333550912326, 0.16870001054198983, 0.16468335462829942, 0.16066668469561685, 0.16066668542661558], [0.16066668275141185, 0.1606666899448213, 0.15665002332706937, 0.15263335677740503, 0.16066668979229123, 0.17673335694831135, 0.19280002411627883, 0.20083335732669005, 0.19280002410137767, 0.17673335818112249, 0.164683358417674, 0.1606666919253599, 0.15665002607003645, 0.15263335947540527, 0.15665002654002072, 0.16870002667271322, 0.1847666911413747, 0.19681668355333354, 0.18878334356990276, 0.17673335380426727, 0.16870001037585758, 0.1646833499422901, 0.1606666842275601, 0.16066668539697793], [0.16066669102354736, 0.16066669279170823, 0.1566500253152267, 0.15263335846946152, 0.16066669196769884, 0.17673335973527066, 0.1928000269150684, 0.20083335983650152, 0.1928000270170195, 0.17673336100274017, 0.16468336133518793, 0.16066669359934033, 0.156650028305972, 0.1526333578460944, 0.15665002512636428, 0.16870003335608516, 0.18476667707573166, 0.1968166737992258, 0.18878334771688596, 0.1767333435960367, 0.16870000884809777, 0.16468334892971606, 0.160666682278317, 0.1606666846607252], [0.16066668257809907, 0.1606666838432177, 0.1566500168933831, 0.1526333513232432, 0.16066668392585065, 0.1767333524562497, 0.19280001872703126, 0.20083335089355017, 0.19280001683890854, 0.17673335269671248, 0.16468335795133554, 0.1606666916530722, 0.15665002422937394, 0.15263335701266606, 0.15665001826360872, 0.16870002166779216, 0.18476668892081047, 0.19681668529336982, 0.18878336025624912, 0.1767333512493132, 0.1687000104790891, 0.1646833552415282, 0.16066667946550825, 0.16066669390328434], [0.16066668172734355, 0.16066668435075027, 0.1566500160422614, 0.15263335236196118, 0.16066668456561292, 0.1767333524129187, 0.19280002006027627, 0.2008333522495304, 0.19280001829743798, 0.17673335405448665, 0.16468335788041522, 0.16066669135830453, 0.15665002432324945, 0.15263335789913063, 0.1566500255589063, 0.16870002019049798, 0.18476668839764862, 0.19681668130860197, 0.18878335585371842, 0.17673335358388054, 0.16870001041282065, 0.16468335497951567, 0.16066668613107446, 0.1606666840439199], [0.16066668110222965, 0.1606666843452298, 0.15665001863446273, 0.15263335350072704, 0.16066668571644926, 0.1767333532244121, 0.1928000212435098, 0.20083335376501027, 0.19280001992190293, 0.1767333556414449, 0.16468335759054287, 0.16066669094291225, 0.15665002430768235, 0.15263335788431864, 0.1566500259082522, 0.16870001794309458, 0.18476668636285123, 0.1968166829754391, 0.18878335610659794, 0.17673335398389853, 0.16870001040864463, 0.16468335086026367, 0.16066668630871936, 0.16066668418040825], [0.16066668146782764, 0.16066668391819558, 0.15665001677411536, 0.1526333512764427, 0.1606666839391508, 0.17673335152390937, 0.19280001870138663, 0.2008333509224825, 0.19280001690985196, 0.17673335190324915, 0.1646833578653187, 0.1606666915572267, 0.15665002419034516, 0.1526333567643204, 0.15665001900896472, 0.1687000215974844, 0.18476669453581432, 0.1968166829726314, 0.1887833548886724, 0.17673335374102964, 0.1687000103650936, 0.1646833461264206, 0.16066668612492732, 0.16066669095527752], [0.16066668046557944, 0.16066667950217017, 0.15665001683641555, 0.15263335107663104, 0.16066668409235535, 0.17673335115448222, 0.1928000185578575, 0.20083335096591295, 0.19280001696981144, 0.17673335136840135, 0.16468335755455943, 0.16066669146725993, 0.1566500241583792, 0.15263334905650794, 0.15665001864179165, 0.1687000218844237, 0.1847666901596125, 0.19681668185144474, 0.18878335474197, 0.17673335400278778, 0.16870001037298582, 0.16468334616301006, 0.16066668729492556, 0.16066668846644971], [0.16066667976888013, 0.16066667967005255, 0.1566500169743624, 0.15263335103210768, 0.16066668426742106, 0.17673335101290247, 0.1928000183960793, 0.2008333510181211, 0.19280001701988358, 0.1767333509944348, 0.1646833571526406, 0.16066669138273745, 0.1566500241383966, 0.1526333491593892, 0.15665001811758267, 0.1687000212258635, 0.18476669157807227, 0.19681668131417135, 0.18878335459976864, 0.17673335400521545, 0.16870001052178926, 0.1646833464802133, 0.16066668777070056, 0.16066668793281538], [0.1606666795032472, 0.16066667998167952, 0.1566500172215955, 0.1526333511440742, 0.16066668448193056, 0.17673335095067005, 0.19280001826009455, 0.20083335106897635, 0.19280001705587102, 0.17673335070906862, 0.16468335674184198, 0.16066669129553093, 0.15665002414555482, 0.15263333767330567, 0.15665001767698766, 0.16870001989601827, 0.18476669104079962, 0.1968166809708273, 0.18878334787182402, 0.17673335407336396, 0.16870001079414523, 0.16468335576414958, 0.16066668787301971, 0.16066668578768853], [0.16066667792939596, 0.1606666910748719, 0.15665002442938925, 0.15263335765623062, 0.16066669084648671, 0.17673335782619667, 0.19280002485166858, 0.20083335815657266, 0.19280002464077103, 0.17673335878033042, 0.1646833590578977, 0.16066669266114397, 0.1566500260483733, 0.15263335871965938, 0.15665001074092139, 0.16870001759569034, 0.18476669171449034, 0.1968166793635777, 0.18878334731571536, 0.1767333426590472, 0.16870000978147948, 0.16468335522197375, 0.16066668648004487, 0.16066668467077883], [1.0880176046114025, 1.1496859512889328, 1.1999895377073633, 1.1999901589780864, 1.1999982662862205, 0.2970292529509543, 0.3251637755418113, 0.3659910965942468, 0.3414757502360336, 0.318130539559862, 0.27809156591485146, 0.23245309639100473, 0.18722111380363796, 0.14816362438998013, 0.13822886677988772, 0.16446551714131338, 0.1718954424087758, 0.1849100163198548, 0.18664496282405754, 0.17547760246658348, 0.19380699198173226, 0.8803118505144908, 0.5959028081281927, 0.6460871812375002], [0.16066668086210015, 0.16066668188744745, 0.15665001706980566, 0.15263334892660269, 0.16066669071369077, 0.17673334972376994, 0.1928000177690201, 0.20083335118149623, 0.19280001738079378, 0.17673334896958703, 0.1646833463367467, 0.16066667928716208, 0.1566500129797835, 0.15263334215899377, 0.15665001854480856, 0.168700022942464, 0.1847666896244959, 0.19681669064037113, 0.1887833543589558, 0.17673334582627317, 0.16870000907984778, 0.16468335705661807, 0.16066668744461832, 0.16066668537843484], [0.16066668407911944, 0.16066668578336227, 0.1566500169761719, 0.15263334907543188, 0.16066669070468884, 0.17673334978485122, 0.19280001773934635, 0.20083335114881595, 0.19280001757852525, 0.17673334932526583, 0.16468334682077462, 0.16066667951737273, 0.15665001297055903, 0.1526333446946965, 0.15665001970147857, 0.1687000229528062, 0.18476668965472015, 0.19681667871106645, 0.18878335442244776, 0.1767333456676721, 0.16870000886770287, 0.16468335300005738, 0.1606666876149436, 0.16066668346495674], [0.16066668214598903, 0.16066668229355396, 0.15665001656851954, 0.15263335001824396, 0.1606666812375637, 0.17673335005766833, 0.19280001791362236, 0.20083335126391796, 0.19280001774020167, 0.1767333494823497, 0.16468334701376888, 0.160666679169429, 0.15665001247963928, 0.15263334612807836, 0.15665001425349873, 0.1687000088210556, 0.18476668929092674, 0.19681668989298312, 0.18878335539279567, 0.17673334829141965, 0.168700012134982, 0.16468335201794718, 0.1606666867386438, 0.16066668400746575], [0.16066668476892337, 0.1606666900257267, 0.15665002366652203, 0.1526333568881922, 0.16066668380889734, 0.1767333506633035, 0.19280001798987365, 0.200833351458307, 0.19280001833215604, 0.17673335101368376, 0.16468334799466766, 0.16066668200274375, 0.15665001246156565, 0.15263334569632417, 0.15665001314870813, 0.16870001297888337, 0.1847666791190525, 0.19681667879778436, 0.18878334509365668, 0.17673334445273017, 0.16870001171963508, 0.16468334818287947, 0.16066668672932677, 0.16066668438010523], [0.16066669384562296, 0.1606666961990243, 0.15665002885589197, 0.15263336141420453, 0.1606666930173462, 0.17673335836379206, 0.19280002488454034, 0.2008333576159065, 0.1928000245734787, 0.1767333580022145, 0.16468335791952038, 0.1606666914892599, 0.1566500266380264, 0.15263336033015162, 0.15665002663665734, 0.16870001247333508, 0.18476667901145677, 0.1968166786183008, 0.18878334482650477, 0.17673334308020766, 0.16870001009756347, 0.16468334397173787, 0.16066668621971547, 0.160666685189867], [0.16066669072439502, 0.16066669356329347, 0.15665002689884477, 0.15263335937866154, 0.16066669087458638, 0.1767333557636638, 0.19280002310721742, 0.20083335162324648, 0.1928000228437181, 0.17673335638503782, 0.16468335686908783, 0.1606666902676564, 0.1566500233912823, 0.15263335277275075, 0.15665001353362654, 0.16870001285876193, 0.18476667907487512, 0.19681667862701208, 0.18878334481261522, 0.17673334410311548, 0.1687000110698928, 0.1646833477594086, 0.16066668648017238, 0.16066668429715344], [0.16066669384247362, 0.1606666986710122, 0.15665003024887994, 0.15263336296060395, 0.160666694739471, 0.17673335938364257, 0.19280002571245514, 0.20083335795900406, 0.19280002550139944, 0.17673335883209476, 0.16468335910526696, 0.16066669278314713, 0.15665002743871873, 0.15263336178200432, 0.1566500182501425, 0.16870001257634143, 0.1847666788703712, 0.1968166783987946, 0.18878334438674954, 0.17673334287095782, 0.16870000974374072, 0.16468335515697685, 0.1606666853558756, 0.16066668862095101], [0.16066669140948092, 0.1606666927735568, 0.156650025313841, 0.15263335846961879, 0.16066669196768568, 0.17673335973527174, 0.1928000269150684, 0.20083335983650158, 0.19280002701701954, 0.17673336100274026, 0.16468336133518796, 0.16066669359934033, 0.156650028305972, 0.1526333578460944, 0.15665002512636428, 0.16870003335608516, 0.18476667446011844, 0.19681667234420344, 0.18878334771688596, 0.1767333435960367, 0.16870000884809777, 0.16468334892971606, 0.160666682278317, 0.1606666846600352], [0.16066668179137272, 0.16066668712829413, 0.15665002201236244, 0.15263335589287788, 0.16066668806735881, 0.17673335605779453, 0.19280002321959958, 0.20083335633301144, 0.19280002290452153, 0.17673335715620117, 0.16468335781634477, 0.1606666909024659, 0.15665002478832168, 0.152633358248913, 0.15665002593388827, 0.16870002614763072, 0.184766694730352, 0.1968166888326794, 0.18878334362182256, 0.1767333539806308, 0.16870001041981145, 0.16468335043277965, 0.16066668458978292, 0.16066668554382096], [0.1606666819018098, 0.16066668469298273, 0.1566500194228842, 0.1526333537007275, 0.16066668559136033, 0.17673335397744325, 0.1928000220586234, 0.20083335415365008, 0.19280002028140444, 0.17673335633802661, 0.16468335778150128, 0.1606666909338738, 0.15665002434832248, 0.15263335801924155, 0.1566500262407568, 0.1687000210758372, 0.1847666814043172, 0.1968166894135658, 0.1887833533816731, 0.17673335405925586, 0.1687000105069519, 0.1646833510077949, 0.160666684763706, 0.16066668557391156], [0.16066668194285502, 0.1606666886249273, 0.1566500228224632, 0.15263335637727696, 0.16066668911256513, 0.17673335648139113, 0.19280002363281912, 0.2008333567141142, 0.1928000233151265, 0.1767333576502033, 0.1646833578949883, 0.16066669152481614, 0.1566500254520541, 0.15263335849946968, 0.15665002641377607, 0.16870002674004816, 0.1847666955093923, 0.1968166878934123, 0.1887833456674397, 0.17673335507686128, 0.16870001044479652, 0.16468334851359392, 0.1606666841112885, 0.16066668549412816], [0.16066668996324532, 0.16066669219331162, 0.15665002511838866, 0.15263335836932673, 0.16066669164436825, 0.17673335930059658, 0.19280002635930543, 0.20083335931417776, 0.19280002633457316, 0.17673336070575515, 0.16468336087979443, 0.16066669392738042, 0.15665002762823582, 0.15263335801980243, 0.15665002284847082, 0.1687000306906623, 0.18476667171372624, 0.19681667301489827, 0.18878334204667468, 0.17673334921798786, 0.1687000086014917, 0.16468334985444044, 0.16066668182959148, 0.16066668466385706], [0.16066668970139056, 0.16066669221164878, 0.15665002511909365, 0.15263335836922126, 0.1606666916443776, 0.17673335930059594, 0.19280002635930543, 0.20083335931417776, 0.19280002633457316, 0.17673336070575518, 0.1646833608797944, 0.1606666939273804, 0.15665002762823582, 0.15263335801980243, 0.15665002284847082, 0.1687000306906623, 0.18476667296042526, 0.19681667830655356, 0.18878334426563806, 0.17673334921798786, 0.1687000086014917, 0.16468334985444044, 0.16066668182959148, 0.1606666846421608], [0.16066668084448618, 0.1606666860586859, 0.1566500206700505, 0.15263335504053474, 0.16066668740548895, 0.176733354662372, 0.19280002272239027, 0.20083335571200933, 0.19280002211420758, 0.17673335660242173, 0.16468335767162104, 0.16066669071834871, 0.15665002416440893, 0.15263335774212872, 0.15665002533001277, 0.1687000170136783, 0.18476668262232207, 0.1968166791646155, 0.18878335305150584, 0.17673335399460416, 0.16870001056008171, 0.16468335152662095, 0.16066668558207273, 0.16066668477402135], [0.1606666810875393, 0.1606666902233639, 0.15665002350929413, 0.15263335697113278, 0.16066669004014053, 0.17673335703710716, 0.19280002420679923, 0.20083335749656003, 0.19280002428243445, 0.1767333582674097, 0.16468335846023874, 0.16066669189168417, 0.1566500259938225, 0.15263335928442293, 0.1566500258409371, 0.16870002583930122, 0.18476668988849354, 0.19681667498293737, 0.18878333802807465, 0.17673334429052906, 0.16870001037026366, 0.16468335381604576, 0.16066668470166046, 0.1606666850882968], [0.16066669113123297, 0.16066669285342525, 0.15665002536080283, 0.15263335858565794, 0.16066669219313304, 0.17673335982771424, 0.19280002708543945, 0.2008333600031732, 0.19280002716837175, 0.17673336103888634, 0.1646833613915892, 0.16066669340817963, 0.15665002853987708, 0.15263335893839755, 0.15665002663019637, 0.16870003030238126, 0.1847666697968197, 0.1968166752420982, 0.18878336225934036, 0.17673334334985982, 0.1687000091080533, 0.1646833451116112, 0.16066668204113696, 0.16066668465556547], [0.16066668025452874, 0.16066668958545519, 0.15665002311359186, 0.15263335654557736, 0.1606666896745003, 0.1767333565485333, 0.1928000236200465, 0.20083335699940955, 0.19280002372297847, 0.17673335777050725, 0.16468335801187595, 0.16066669124752037, 0.15665002523281069, 0.15263335867503955, 0.1566500253823373, 0.16870002532948578, 0.18476669300273052, 0.19681667131104177, 0.18878334455209894, 0.17673334450360886, 0.16870001066908552, 0.16468335693398156, 0.160666685744813, 0.16066668452460556], [0.160666681269405, 0.16066669094249525, 0.15665002435640338, 0.15263335758655835, 0.16066669088548596, 0.17673335791693123, 0.19280002499090343, 0.20083335840842684, 0.19280002522822984, 0.17673335890714278, 0.16468335930017142, 0.16066669280249757, 0.15665002687321772, 0.15263335985959875, 0.15665002600625072, 0.16870002826995054, 0.18476667104891845, 0.1968166730169029, 0.188783344909852, 0.17673334529232132, 0.16870001028655232, 0.1646833528563026, 0.16066668509984444, 0.16066668482571392], [0.16066669105709314, 0.16066669342695353, 0.15665002582727713, 0.15263335827218366, 0.16066669262583957, 0.17673336068148648, 0.19280002801606702, 0.20083336074629266, 0.19280002794828702, 0.17673336152241023, 0.16468336197157712, 0.1606666930143062, 0.15665002886556406, 0.15263335830696856, 0.15665002979828355, 0.16870002931215336, 0.18476666712817316, 0.19681667498990238, 0.18878334414366843, 0.17673334251784995, 0.16870000947289548, 0.1646833570379473, 0.16066668367004105, 0.16066668465981948], [0.16066668237597462, 0.16066668267340856, 0.15665001659254862, 0.15263334882176854, 0.1606666811475236, 0.17673335001202334, 0.19280001798711266, 0.20083335070370661, 0.19280001727876736, 0.17673334873501628, 0.16468334599431123, 0.16066667884931538, 0.15665001234803871, 0.15263334598113693, 0.15665001301137768, 0.16870001225610182, 0.18476668793953785, 0.19681668961492374, 0.1887833572006748, 0.1767333456872152, 0.16870001234850893, 0.16468335220107047, 0.1606666869486943, 0.16066668558078212], [0.16066668925001615, 0.16066669014331747, 0.15665002372837686, 0.15263335682538243, 0.1606666859668296, 0.1767333507509642, 0.1928000194096822, 0.2008333513970666, 0.1928000173708403, 0.17673334888176248, 0.16468334600278367, 0.1606666785596889, 0.15665001172529064, 0.15263334526106387, 0.156650012820484, 0.16870001298511725, 0.18476667915603118, 0.1968166785848795, 0.18878334503132485, 0.17673334427578313, 0.16870001132246418, 0.16468335113894209, 0.1606666869617873, 0.16066668573455664], [0.16066669189212882, 0.1606666939754173, 0.15665002722185997, 0.15263335965456104, 0.16066669098578823, 0.17673335739346085, 0.19280002367836446, 0.20083335145188458, 0.19280002095328133, 0.17673335449973024, 0.16468334777989882, 0.16066667835152842, 0.15665001146886953, 0.15263334515176147, 0.15665001267001366, 0.1687000128126397, 0.1847666790361827, 0.19681667856547563, 0.18878334481216627, 0.17673334387144088, 0.1687000109944443, 0.16468335155494546, 0.16066668691148234, 0.1606666866555114], [0.16066669254887114, 0.16066669858034635, 0.15665003039739417, 0.15263336309049477, 0.16066669482043017, 0.1767333597553463, 0.19280002611278005, 0.2008333575956877, 0.1928000252035519, 0.17673335850522684, 0.16468335785760913, 0.16066669031057146, 0.15665002510501752, 0.15263335944088177, 0.1566500094517737, 0.168700012601693, 0.18476667885503684, 0.19681667847067838, 0.18878334441955627, 0.1767333428818826, 0.16870001070367213, 0.16468335192346986, 0.1606666859696635, 0.16066668535390025]]
P_branch = [[0.29825369891836107, 0.28373198982844827, 0.2740560123815088, 0.269219569915051, 0.2788934854271836, 0.3127844568989999, 0.3582642325236567, 0.4026545211109238, 0.42950335104291715, 0.43387022104453576, 0.43152425184486076, 0.40538046177417586, 0.37375731515302535, 0.3621859917942398, 0.38583579811065305, 0.41740113107044885, 0.4520318348841974, 0.47572997212557055, 0.4634888922099467, 0.43424140706830916, 0.3953039070936881, 0.36128896903878194, 0.3370238279832827, 0.31278471590084833], [0.19915713341467112, 0.19010062684700735, 0.16276421069389446, 0.15633033500250915, 0.16299114293965, 0.061492289297718106, 0.08760468043833547, 0.09944287432035592, 0.09053340969472146, 0.058867291618423856, 0.028978072579205483, -0.005569951700453268, -0.03443214584897314, -0.031331261487301365, 0.013515434929529446, 0.0559066497449614, 0.10973371726868786, 0.15841868048389496, 0.16627227527345356, 0.14526228890532744, 0.11798703504532426, 0.2147354027149988, 0.16292416889704175, 0.1475126742151831], [0.05958307618218073, 0.056685147559114135, 0.05475404894353564, 0.05378875538866246, 0.055719512958066764, 0.06248250923953469, 0.07215857235184253, 0.08282218282827913, 0.09059073198629397, 0.09447914286289971, 0.0964243640985114, 0.0925344064292164, 0.08670480578716777, 0.08379239394339932, 0.08670487874076405, 0.0905906545586539, 0.09447927605941886, 0.09642469576994572, 0.09253480733598884, 0.08670516879004331, 0.0789421175915308, 0.07215860949275821, 0.06731842375477948, 0.0624825444346242], [0.04762429533556789, 0.045309955167258886, 0.04376763294364183, 0.042996642910778426, 0.04453873699834632, 0.04993963259110079, 0.057665011611045536, 0.06617628173134116, 0.07237513780478166, 0.07547733815439828, 0.07702911941122026, 0.07392588223464958, 0.06927460313136313, 0.06695056437597402, 0.06927465193465987, 0.07237508581681329, 0.0754774272260137, 0.07702934137464501, 0.0739261504880766, 0.06927484621859925, 0.06307967466469089, 0.057665045115264046, 0.053800914026943536, 0.0499396658028346], [0.03568652597334343, 0.03395378376682623, 0.032798966184178324, 0.032221660370910676, 0.03337634062958017, 0.03741985841690254, 0.04320224200562839, 0.0495709112325573, 0.054208001282837426, 0.056528219247725886, 0.05768873923408768, 0.05536789576226053, 0.05188878937217356, 0.05015020137363657, 0.05188881875225859, 0.05420797081110762, 0.05652827369509472, 0.057688872920263146, 0.05536805730141392, 0.05188893482981327, 0.0472540659166234, 0.043202268879950934, 0.04031020996648671, 0.03741988848992617], [0.023769842961451237, 0.02261669738992489, 0.02184810614697108, 0.021463862167917735, 0.02223238454406129, 0.024923273311928007, 0.028770396913426755, 0.03300627420655089, 0.03608958959864572, 0.03763208909138682, 0.03840354553260816, 0.036860731566361604, 0.0345475974394478, 0.033391514942905154, 0.034547612174665066, 0.036089575578548194, 0.0376321175671257, 0.03840361262055625, 0.03686081261651242, 0.03454766902620454, 0.03146546848586684, 0.02877041688650861, 0.026846421921411734, 0.024923299593237358], [0.011874321196674087, 0.011298760215717518, 0.01091511036654369, 0.010723302630635256, 0.01110692955611814, 0.012449964173492312, 0.014369610107136666, 0.016482574149426332, 0.018020171713811095, 0.018789252929244604, 0.01917386283787148, 0.0184046762282033, 0.01725126117106912, 0.01667471576299495, 0.017251266095626105, 0.018020167570159895, 0.01878926295794381, 0.019173885265527213, 0.01840470331600197, 0.017251284528095212, 0.015714059929727853, 0.014369624830461003, 0.013409659137837204, 0.012449985832977184], [0.08344585098317969, 0.07938591488596458, 0.0766805682723477, 0.0753282776045574, 0.07803311397406576, 0.08750802909447275, 0.09805058249715892, 0.10394260867099914, 0.10275853879807939, 0.0931276083507635, 0.08379650305110031, 0.07173493286375554, 0.06118155475341003, 0.06012053008781448, 0.07321964150752835, 0.0907014434144604, 0.11121832161187517, 0.12782550024075712, 0.12962096299552295, 0.12145049475591896, 0.11057122697837296, 0.10106561262358116, 0.09428362797488066, 0.08750809082478184], [0.07148395270658758, 0.06800790488783859, 0.06569152570530123, 0.06453363143420199, 0.06684961680825507, 0.0749617208529143, 0.08356004394563632, 0.08732433091756397, 0.08460608419774385, 0.07423023379754401, 0.06453560365450595, 0.053266874406938225, 0.043884464318656446, 0.043401494294862175, 0.05590199142169072, 0.0725786423889625, 0.09227392330338757, 0.10844607126441708, 0.11100467377049039, 0.10401349044741082, 0.09470326633930237, 0.08656744482931789, 0.08076212199572108, 0.07496177874039578], [0.05954143944364376, 0.0566474425091652, 0.05471885680056232, 0.053754787215860356, 0.05568307518696458, 0.06243672856462723, 0.07209757872133915, 0.0827417601289051, 0.09049426368692748, 0.09437374173270241, 0.09631415545455035, 0.09243258941663868, 0.08661523024589513, 0.08370877198255822, 0.0866156796707287, 0.0904937743982841, 0.09437455277975304, 0.09631620329887025, 0.09243506457929151, 0.08661748194675067, 0.0788693026747107, 0.07209769061775506, 0.06726535181598448, 0.06243678128549579], [0.047582261661439196, 0.04527190859523511, 0.043732133169949394, 0.042962383169770746, 0.044501974948637946, 0.0498933938551851, 0.057603336170738206, 0.06609492187435384, 0.07227758825533548, 0.07537091548527863, 0.07691799625367435, 0.07382337947465945, 0.06918453814790992, 0.06686648944122076, 0.06918481542998633, 0.07227728693958935, 0.07537141665619895, 0.07691926013231387, 0.07382490689584076, 0.06918592680684799, 0.0630059315992495, 0.05760341877795527, 0.05374726842858313, 0.04989344455409772], [0.01187427784560291, 0.011298722865350719, 0.010915076680974689, 0.010723270684208197, 0.011106894070387341, 0.012449914329414336, 0.01436952791114865, 0.0164824299233155, 0.018019952751533008, 0.01878896286316789, 0.019173519816127138, 0.018404349130504816, 0.01725097792332142, 0.016674462688808678, 0.01725101247835803, 0.018019916119655255, 0.0187890261600423, 0.019173677289424873, 0.018404539455048496, 0.0172511500152146, 0.01571395870398762, 0.014369547865353827, 0.013409596699192727, 0.012449935884542462], [0.023769944464993475, 0.02261678458415406, 0.021848184591312325, 0.021463936468011813, 0.02223246728532402, 0.024923391015330365, 0.028770563671290716, 0.03300646912522076, 0.036089756172106746, 0.03763215334003833, 0.038403509592036755, 0.03686062590783301, 0.03454746582962942, 0.03339140320138134, 0.03454757026085842, 0.0360896436130449, 0.03763234306803476, 0.038403985880990144, 0.03686120138832716, 0.03454798781990975, 0.031465708054481345, 0.02877059901898016, 0.02684656926645901, 0.02492341693126554], [0.011874354841376, 0.011298789084055016, 0.010915136315953422, 0.010723327198812527, 0.011106956938340184, 0.012450003464565373, 0.01436966582953958, 0.016482639314246095, 0.018020227379073717, 0.018789274367899678, 0.019173850755036526, 0.018404640825129936, 0.01725121713621558, 0.016674678379081653, 0.0172512520594712, 0.018020190305108263, 0.018789338371981046, 0.019174010108025108, 0.01840483332578402, 0.01725139109832874, 0.015714139982559994, 0.014369685581095082, 0.013409708183287128, 0.012450024783306812], [0.10722748975885543, 0.10201336509041337, 0.09853875399783685, 0.09680188940366152, 0.10027591249618917, 0.11244416429772364, 0.12985270802309223, 0.14903646861841802, 0.16301100968849846, 0.17000540141961507, 0.1735043443394324, 0.1665072913402632, 0.1560208988328906, 0.1507818100876681, 0.1560210246662055, 0.1630108827340242, 0.1700056370327485, 0.17350491620762565, 0.1665079827300413, 0.1560215176678872, 0.1420564320427964, 0.12985280116869746, 0.12114482138489757, 0.11244426887425307], [0.023769383461956783, 0.022616302132980826, 0.0218477501786567, 0.021463524820706015, 0.02223200927789648, 0.024922742513396434, 0.028769576664051666, 0.03300502958949125, 0.036087956847818736, 0.03763023498094342, 0.03840157364021635, 0.03685899134021975, 0.03454616877646677, 0.03339022668041691, 0.034546183202146974, 0.03608794322380149, 0.037630262887446086, 0.03840163916409134, 0.036859070578517894, 0.03454623877080554, 0.03146439188323691, 0.028769596949322906, 0.026845757376055657, 0.02492276916257974], [0.011874167801716018, 0.011298628254835519, 0.010914991508067962, 0.010723189980587078, 0.011106804263562475, 0.012449786834774601, 0.01436933591132683, 0.016482157889429416, 0.01801962546950442, 0.01878863252899654, 0.019173202973672865, 0.0184040939804595, 0.0172507832805866, 0.016674284889582447, 0.017250788100805714, 0.018019621456240253, 0.018788642365115793, 0.01917322488059159, 0.018404120465125073, 0.017250806106631655, 0.015713699917801804, 0.014369350926146884, 0.013409437238704802, 0.012449808764080528], [0.07141476611073405, 0.06794534591392098, 0.06563319440900295, 0.06447735686672429, 0.06678919072070433, 0.07488554541977233, 0.08646549043200902, 0.0992220155327721, 0.10851178114779203, 0.1131605200742185, 0.11548583581056748, 0.11083565585695454, 0.10386536147229286, 0.10038243769206745, 0.10386542946149802, 0.1085117131426474, 0.11316064801809533, 0.11548614493926412, 0.1108360295242472, 0.10386569525828615, 0.09458104744693352, 0.08646554992344035, 0.08067357702371702, 0.07488562040581126], [0.023769612395402318, 0.022616499095471365, 0.021847927582286042, 0.021463692953687552, 0.022232196290733697, 0.024923006886033994, 0.02876998496826233, 0.03300564875124645, 0.036088768735224486, 0.03763115671813977, 0.03840255381168434, 0.036859856566527016, 0.03454687933387657, 0.033390867518639844, 0.034546893912273946, 0.036088754896456354, 0.037631184891002034, 0.03840262011625484, 0.03685993670892285, 0.034546950137825494, 0.031464927606796866, 0.028770005085213324, 0.02684608827683621, 0.024923033380287896], [0.011874244249801214, 0.011298694042484847, 0.010915050776498347, 0.010723246158396371, 0.011106866734084564, 0.012449875147055867, 0.014369472385190596, 0.01648236495479405, 0.018019897077508062, 0.018788940937037424, 0.019173530960717722, 0.01840438345594464, 0.01725102095168496, 0.016674499212960825, 0.017251025822789368, 0.018019892993556885, 0.01878895086370025, 0.019173553131144994, 0.01840441024577477, 0.017251044047339015, 0.015713879048516954, 0.014369487240507572, 0.013409547723492565, 0.012449896978539376], [0.035665076514760585, 0.033934390259537484, 0.032780883985784603, 0.032204216037655664, 0.033357608708288966, 0.037396228285566435, 0.04317063399128518, 0.04952913946668591, 0.0541579127925067, 0.0564736815450515, 0.05763190520774231, 0.055315619887964074, 0.051842975280419035, 0.050107450020904, 0.05184299961505956, 0.05415788823600187, 0.056473727267506435, 0.05763201588140565, 0.05531575364694241, 0.05184309507815832, 0.047216156429886524, 0.04317067072087655, 0.04028275395587588, 0.037396275924572286], [0.011874244323706762, 0.011298694105168039, 0.010915050832822848, 0.010723246210764037, 0.011106866793321402, 0.01244987518169749, 0.0143694724379817, 0.016482365042929326, 0.018019897201937196, 0.018788941084971533, 0.019173531121318366, 0.018404383591660745, 0.01725102105691012, 0.016674499306313484, 0.017251025928451957, 0.018019893118929486, 0.018788951011547317, 0.019173553292427536, 0.01840441038116869, 0.01725104415156986, 0.0157138791190774, 0.01436948732719312, 0.013409547812485823, 0.012449897063177229], [0.011874244323171856, 0.011298694105855711, 0.010915050832818851, 0.010723246210384563, 0.011106866793118897, 0.012449875181701486, 0.014369472438162445, 0.016482365043262392, 0.018019897201915436, 0.01878894108492446, 0.019173531121364773, 0.018404383591933193, 0.017251021057085758, 0.016674499306295942, 0.017251025928769703, 0.018019893119060493, 0.01878895101175937, 0.019173553292360923, 0.01840441038116669, 0.017251044151795458, 0.01571387911923794, 0.014369487327177133, 0.013409547812093248, 0.012449897063655069], [0.03566431515449242, 0.033933735075097005, 0.03278029374341229, 0.03220365658139368, 0.03335698656703734, 0.037395349164937475, 0.04316927657688696, 0.049527081746056245, 0.05415521542178037, 0.05647061964562816, 0.05762864942322876, 0.05531274550841392, 0.05184061414513885, 0.05010532032689796, 0.05184063797167271, 0.05415519149546366, 0.056470664412646476, 0.05762875750584473, 0.05531287626488712, 0.05184073133125966, 0.04721437581520749, 0.04316931414235703, 0.04028165394454497, 0.03739539739732689], [0.011874092004168668, 0.011298563004624729, 0.010914932711241221, 0.010723134243072696, 0.01110674229651587, 0.012449699174761797, 0.014369200547166505, 0.016481952731268956, 0.01801935657727638, 0.018788327335237165, 0.01917287847439808, 0.018403807460061872, 0.017250547895101498, 0.016674072560911135, 0.01725055266467579, 0.018019352644286224, 0.018788337093978758, 0.01917290012169115, 0.01840383364340825, 0.017250570443216873, 0.015713522351613607, 0.014369215871850916, 0.01340932777148951, 0.01244972133592892], [0.011874092004201975, 0.011298563004477069, 0.010914932711050707, 0.010723134243402654, 0.011106742296510541, 0.0124496991747578, 0.014369200547218686, 0.016481952731308924, 0.01801935657722753, 0.018788327335233612, 0.019172878474270627, 0.01840380746013004, 0.017250547895029333, 0.0166740725609269, 0.01725055266470532, 0.018019352644261133, 0.01878833709395522, 0.01917290012154993, 0.01840383364345355, 0.017250570443320346, 0.01571352235155654, 0.014369215871854246, 0.013409327771455981, 0.012449721335983766], [0.023769060913910733, 0.022616024791468403, 0.021847492580220562, 0.021463279376574995, 0.02223173674264256, 0.024922298753749406, 0.028768905247566146, 0.03300402112298273, 0.03608663125537426, 0.037628711169696016, 0.03839993425793864, 0.03685751973198759, 0.034544939276923925, 0.033389117954567116, 0.03454498382140048, 0.036086598379486245, 0.03762876963833861, 0.038400083381932015, 0.03685770199043081, 0.03454510406484412, 0.031463525479789256, 0.02876900562922735, 0.026845256753653013, 0.024922367417387736], [0.01187406025319726, 0.011298535754507455, 0.010914905565421407, 0.01072310808084942, 0.011106713349218422, 0.012449638651043538, 0.01436911153338527, 0.01648182067312498, 0.018019182020015956, 0.018788122689172404, 0.01917265442374738, 0.018403601653423696, 0.01725037207904645, 0.016673914129630152, 0.017250386972785803, 0.018019171601357797, 0.018788142785193918, 0.019172704295521203, 0.018403662589506098, 0.01725042657078779, 0.015713410222336854, 0.014369153704738125, 0.013409270346439017, 0.012449674847812453], [0.023769060909053286, 0.0226160247817202, 0.021847492580609584, 0.021463279377198052, 0.022231736743367092, 0.024922298753984107, 0.028768905247613885, 0.033004021123233196, 0.03608663125521838, 0.03762871116932298, 0.03839993425612276, 0.03685751973142315, 0.03454493928207092, 0.03338911795844868, 0.03454498382175686, 0.0360865983795613, 0.03762876963814543, 0.03840008338211032, 0.03685770199038818, 0.03454510406469824, 0.031463525479817456, 0.02876900562919915, 0.026845256753554203, 0.02492236741731846], [0.011874060251899632, 0.01129853575355555, 0.010914905565411415, 0.01072310808115029, 0.011106713349141373, 0.012449638651035988, 0.014369111533321322, 0.016481820672908487, 0.018019182020313718, 0.018788122689038955, 0.019172654421738544, 0.01840360165119659, 0.01725037208275748, 0.01667391413025876, 0.01725038697320458, 0.01801917160141797, 0.0187881427853811, 0.019172704295532972, 0.01840366258948878, 0.017250426570691202, 0.015713410222115476, 0.01436915370470171, 0.013409270346403934, 0.012449674847800019], [0.04716070590223209, 0.04734076381579033, 0.04765899849427924, 0.047275805846717756, 0.048042395921759073, 0.03126394996337045, 0.02969002878819671, 0.01676220140782947, -0.004700399633786212, -0.03361857362354703, -0.05762913506378431, -0.07326806266110708, -0.08129528461047819, -0.07730679531059104, -0.058463067857462914, -0.03245757531408233, -0.0008198915299819642, 0.027831215543913546, 0.04075892469376208, 0.03821992250112216, 0.03555066719079725, 0.047664091365164474, 0.039617984433033326, 0.03878415036310989], [0.03527283855095931, 0.036026362402373335, 0.03672662849727759, 0.03653521031157103, 0.03691824680284195, 0.018820836034220134, 0.015335850362930392, 0.0003130738277772327, -0.022675838196213993, -0.05237551305791488, -0.07680105608660925, -0.09170515567701987, -0.098603085280212, -0.09403143607922892, -0.07572367863083929, -0.050448287376439804, -0.019560120567045702, 0.00869698427832244, 0.022376665507060522, 0.02098826563871037, 0.019852044420175075, 0.033289307192839956, 0.026209847036671174, 0.02633320675829487], [0.05950388314461641, 0.05661354903379845, 0.05468726478746855, 0.05372432438198427, 0.055650323277855795, 0.06239503525299339, 0.06903469906651516, 0.07063770538525671, 0.06634423172676684, 0.05518259974608819, 0.045096908677027425, 0.03462219062095229, 0.026425332253876777, 0.02653241659498029, 0.03843807527394638, 0.05432074197882719, 0.07322014156397949, 0.08899231876224745, 0.09234093158019663, 0.08653529465327314, 0.07880167935922033, 0.07204186266382573, 0.06721691451547307, 0.06239525036774385], [0.047580915987838646, 0.04527075185152363, 0.0437310706387406, 0.04296137280572876, 0.04450085205744281, 0.04989164739533147, 0.057600689495201696, 0.06609099294565346, 0.07227252151323271, 0.07536524819134027, 0.07691203295606175, 0.0738181340656634, 0.06918022628257647, 0.06686259457888388, 0.06918048507559327, 0.07227227776313438, 0.07536565187374888, 0.07691306601693171, 0.07381938866366577, 0.06918137008716174, 0.06300247227217737, 0.057600970667363915, 0.053745227945694474, 0.04989181125203146], [0.011874110446065567, 0.011298578947545712, 0.010914944460291398, 0.01072314494457327, 0.011106754346482894, 0.01244969658058337, 0.014369197911610065, 0.01648194015006821, 0.018019321229425067, 0.018788256565646755, 0.01917277666985595, 0.018403695371427498, 0.01725044045570412, 0.01667397716328245, 0.017250472708373765, 0.018019291809570515, 0.018788307761971934, 0.01917290538463634, 0.018403851698001183, 0.017250581995396974, 0.015713527380087244, 0.014369243166231227, 0.013409342832906512, 0.012449732725773544], [0.023769438592687653, 0.022616349839520655, 0.021847785311048806, 0.0214635568259538, 0.022232045285249802, 0.02492273407797385, 0.028769567612365154, 0.033004989674686236, 0.0360878474083266, 0.037630017915688985, 0.03840126242138053, 0.03685864965659347, 0.03454584186347032, 0.03338993650994437, 0.03454593932383321, 0.03608775661956143, 0.037630170973065535, 0.038401651690974425, 0.03685912231080102, 0.03454627152275269, 0.03146440561636332, 0.028769677866368637, 0.026845801772660716, 0.02492280281371806], [0.01187418620580405, 0.01129864415708104, 0.01091500319619243, 0.01072320061885601, 0.011106816248089402, 0.012449784052463553, 0.01436933291902176, 0.01648214457199315, 0.018019588838665834, 0.018788559882633615, 0.019173098818916712, 0.018403979653994096, 0.017250673967271757, 0.016674187881474012, 0.01725070656152572, 0.018019559064081037, 0.01878861163796275, 0.019173229048415674, 0.018404137746054428, 0.017250817036044586, 0.01571370449168441, 0.014369378167801372, 0.013409452206421646, 0.012449820059600158], [0.03292695404046375, 0.029476057444232984, 0.005702750827353942, 0.0015828159079880333, 0.003622192727408713, -0.09449199343947745, -0.08307740082848114, -0.07051241793677931, -0.06136855246211792, -0.05679481568971512, -0.05450736913796583, -0.05908182519591132, -0.06594088901345607, -0.06404450055538158, -0.05283475843760166, -0.056196996298375046, -0.05679444203189332, -0.054506852606866385, -0.05908134429440226, -0.06594090219221949, -0.07508246255462514, 0.022939031522065223, -0.011122970838057578, -0.016054184122017423], [0.021054488410316763, 0.018179969115585504, -0.00520324815606199, -0.009131449050720608, -0.007475121286359299, -0.1070063298549111, -0.0974899028756262, -0.08701606053484157, -0.07939510620379364, -0.07558347732317472, -0.0736772462952382, -0.07748934621127446, -0.08320570979767727, -0.08073225118501681, -0.07008622322618296, -0.07421830934767315, -0.07558312414431345, -0.07367677611591761, -0.07748893134387336, -0.08320579946841589, -0.09082531470368482, 0.008581314944373197, -0.024519453670074354, -0.02849413947079782], [0.009189791663322344, 0.006890585975745989, -0.016107034749679006, -0.019844357288004266, -0.018570581652519458, -0.11954671380588722, -0.11192698475380536, -0.10354185403359062, -0.09744150711323263, -0.09439066181265532, -0.09286494089040653, -0.09591605434938533, -0.10049156473584597, -0.09743977546780247, -0.0873535657046165, -0.09225735744583363, -0.0943903353854798, -0.09286453251620119, -0.09591572949956118, -0.10049175934103283, -0.10659130348115009, -0.0057688080682807286, -0.03791713941948083, -0.04093654337238162], [0.011874026147064232, 0.011298504308184798, 0.010914854690894149, 0.010723056013811405, 0.011106657483094029, 0.012449434071473808, 0.014368840628590673, 0.01648146676689466, 0.018018761328972843, 0.01878766676072474, 0.01917218048171576, 0.018403164014348494, 0.017249986151187446, 0.016673564992798484, 0.017250032894398526, 0.018018764952239863, 0.018787686531739567, 0.01917222951975739, 0.018403223895524068, 0.017250039682858764, 0.015713087603674847, 0.014369063567998719, 0.01340914896188039, 0.012449570483674677], [-0.01454331993625213, -0.015692597995443647, -0.03792602629958086, -0.04128156811704731, -0.04077357000173909, -0.1445706668930391, -0.14076659649404988, -0.1365815727676396, -0.1335377436603662, -0.1320157362454666, -0.13125457323152134, -0.1327765685315141, -0.1350591944135875, -0.1308507044925482, -0.12189672283259578, -0.12834378280048875, -0.13201546684168153, -0.13125430197164079, -0.13277643261864847, -0.13505958693995246, -0.13810337953482144, -0.03448421177574179, -0.06472978947973207, -0.06583517316114729], [-0.026400418232453537, -0.02697641899784098, -0.04884168524151389, -0.05200918781054864, -0.05188312780855231, -0.15724750661624776, -0.15534308761480942, -0.15324811961275686, -0.15172460912168217, -0.15096282204331968, -0.1505817728538792, -0.1513434132181133, -0.15248566618646953, -0.14769011628340212, -0.13928310249276143, -0.14651444353896914, -0.1509626287452006, -0.15058168933159632, -0.15134353445178528, -0.15248633430760128, -0.15400988089603884, -0.048839062024549795, -0.07816429927113777, -0.07831522421855475]]
P_device = [[3.0001118701374394, 3.000251724374886, 4.0754965052096495, 4.224523267383067, 4.23733024501085, 8.499998011012806, 8.49999781731644, 8.499998212418024, 8.499999366536585, 8.4999989780766, 8.49998973930296, 8.49997502305131, 8.499947388220987, 8.230544517554438, 7.837298464659476, 8.238468432240152, 8.499996470956507, 8.499999157672463, 8.499999137678106, 8.499999086193256, 8.49999563483554, 4.247440477472705, 5.668366914931944, 5.6281288649163255], [1.0869546207110836, 1.0869544778468532, 1.0869544656841603, 1.0869544680770713, 1.0869544671316507, 3.513287835649558e-6, 3.674766847919886e-6, 5.6513513075118835e-6, 8.562869904691119e-7, 5.283499556217296e-7, 3.4747134490656087e-7, 3.109836563353921e-7, 1.1511418622835537e-6, 1.0835432382465796e-6, 1.0880407389375488e-6, 6.885178348353772e-7, 2.274473476780886e-6, 4.5705798727370366e-7, 2.9223922703504983e-7, 2.6238800075297513e-7, 3.2345299256454943e-6, 1.0869547085892384, 1.0869546754021728, 1.086954630161206], [1.16991140145364, 1.2362214516445675, 1.2903113295113973, 1.290311997566337, 1.290320715153814, 0.31938629214131636, 0.3496384669701921, 0.39353881218786374, 0.3671782247059174, 0.3420758476347634, 0.29902318780140463, 0.2499495646575033, 0.20131302424097627, 0.15931572379618172, 0.14863318873156658, 0.17684464073309963, 0.18483380768736032, 0.1988279731831442, 0.2006935070586311, 0.1886855926957549, 0.20839461367978568, 0.9465718809193138, 0.6407557063103885, 0.6947173978257746], [6.48414890517326e-7, 6.508563479355757e-7, 6.490626442387067e-7, 6.481926489261369e-7, 6.499641756506496e-7, 8.057856380672809e-7, 0.3000004876958464, 1.2000004254713525, 2.400000811723625, 3.9000008220638307, 5.100000822743814, 5.760000818535983, 6.0000005404434305, 5.70000053453677, 4.800000525731955, 3.600000510334687, 2.100000483557073, 0.7200007931136605, 9.281484213584405e-7, 9.273529362889236e-7, 9.268599787087042e-7, 6.737009447482178e-7, 6.569950720737825e-7, 6.522624294511842e-7], [6.251275018591066e-7, 6.273950279111941e-7, 6.242585489872236e-7, 6.22686420752099e-7, 6.25760908375094e-7, 7.877754201443256e-7, 0.15000051494353958, 0.6000004140705505, 1.2000007760476412, 1.950000786953756, 2.550000793572759, 2.8800007902515468, 3.000000468686585, 2.8500004609238405, 2.4000004546981306, 1.800000432860058, 1.0500004180282076, 0.36000079747311364, 9.10731673213634e-7, 9.093468653813097e-7, 9.079936234123591e-7, 6.560795369792485e-7, 6.388304052232635e-7, 6.315735513119162e-7], [6.665491155219989e-7, 6.640914835380513e-7, 6.603253723002696e-7, 6.585015508004644e-7, 6.619503256623118e-7, 8.001231547059431e-7, 0.1500005411465755, 0.6000004522022616, 1.2000007867040148, 1.9500007981981247, 2.5500008054205483, 2.8800008028425266, 3.0000005024086818, 2.850000495016675, 2.4000004897405476, 1.8000004706365935, 1.0500004602573756, 0.36000080810285007, 9.16694338740613e-7, 9.148756608247149e-7, 9.117968388484687e-7, 6.897386987184748e-7, 6.82027586958457e-7, 6.730118009704331e-7]]
P_grid = [24.870540393053968, 23.69162961016482, 21.84100993023481, 21.277494022336192, 22.09423019478767, 18.713836086291295, 22.29344442455383, 25.104868548020637, 26.001836813334354, 24.636874409603145, 23.025114997638052, 19.99052428016294, 16.966257241766275, 16.542735291790336, 19.96756042845689, 23.66538781722342, 28.088276384095114, 31.707431406932937, 31.488057150629132, 28.975183575137788, 25.66454588340626, 28.801217364146112, 24.997398620471913, 23.014868282257392]
Phi_R = [[44.70359620870634, 47.02137644240641, 47.486111559742014, 47.603440524364785, 47.13512178901732, 42.31870893053549, 41.76337799683428, 40.08201018472839, 41.49830667352208, 42.53760375015783, 43.32078756364544, 43.48064325688207, 43.695280069013435, 42.747551095881995, 41.737276962119346, 35.26672940541475, 34.3567990960157, 35.29064534652857, 36.78136835498104, 35.3288034482819, 32.20833434907328, 45.21008152029084, 42.746016213082115, 43.22010141634103], [2189.17163572704, 2183.5080800442533, 2175.5240846543, 2184.1514913308188, 2175.4072825571966, 2174.312414649466, 2175.157612612971, 2176.363107886016, 2175.846701621599, 2173.854439522363, 2172.3673494047343, 2172.0735108027293, 2172.0999085420804, 2171.9685160738886, 2171.8379274583203, 2171.004674836726, 2170.875008061875, 2171.363928418433, 2171.346803009936, 2171.072191100476, 2188.3317147991343, 2175.4801050798073, 2178.6963311541144, 2178.660958293038], [388.3641298837534, 388.31553644352454, 388.2641451091891, 388.7825105024005, 387.90861563689464, 384.1054356419601, 383.28570376653744, 381.6940287735528, 382.92496533735647, 385.4109906735475, 387.5371157106238, 388.7456734945558, 389.22327441315736, 388.7102933337696, 388.1924931322788, 385.8774552426419, 385.95036547378925, 384.9504895439639, 386.47361129546994, 369.34701946777307, 358.2874117973071, 383.38558369786114, 380.7296194194247, 381.1150178554246], [957.5282186255517, 948.9253233594206, 948.5151843920423, 949.1685372092934, 948.3281410087624, 945.0971225636614, 944.3409186093907, 942.9702200823085, 944.0085852535844, 946.7433651271194, 949.1746006334914, 950.7973966458212, 951.3397902625912, 951.0363056155849, 950.7375635202453, 949.4443132155864, 950.3274546148633, 948.2435592514914, 949.4623218760628, 932.5286194112566, 915.9464283381727, 942.365193164913, 940.628349279006, 941.1226130283907], [1680.9888126004203, 1654.9774001492258, 1653.992828875656, 1653.7979903664016, 1654.2576462681764, 1652.6119507975482, 1652.4795552261558, 1652.7040868056356, 1653.0139556329193, 1653.1113513367873, 1653.3768750710733, 1653.8124478177695, 1654.5382075807643, 1654.3854811564236, 1654.2373861192814, 1654.125450820256, 1655.0410248406276, 1652.9521771122138, 1653.3524156503995, 1607.527055124362, 1650.87424621225, 1654.0070240678303, 1654.607157386615, 1653.6604845982781], [2450.002732674974, 2445.392533380657, 2445.4832859137523, 2445.0027724617485, 2445.8797710925455, 2446.8466303605005, 2447.499887702963, 2448.4342033001953, 2447.840771927185, 2445.648329038679, 2443.7490269427317, 2442.706060985122, 2442.3320395028395, 2442.30438620871, 2442.276434079145, 2442.247955658304, 2442.5849243968514, 2442.875281837213, 2442.530436547234, 2457.5383819897147, 2470.803041320584, 2448.656851093178, 2451.6237502467893, 2451.4756501064485], [207.5201842568197, 208.34208374548336, 208.60648245306004, 208.4087120646103, 206.9272099638098, 190.48959645901334, 188.950956322891, 182.43355552003692, 188.42912365234668, 190.07128989594221, 190.84855578524207, 190.31350903937764, 191.0505633320544, 188.7038329743968, 186.2227791019283, 162.89572547278848, 162.50783014840576, 164.0361475082322, 162.74187368069744, 161.44319049366646, 174.17742165369296, 200.39671100557538, 195.3246940235318, 196.10486933628312], [559.1883804183382, 562.0026092953893, 561.6292663580365, 559.8201969127579, 558.429619899515, 545.7136525251931, 543.5743340524602, 538.7828135280753, 543.621073351368, 547.5052489057249, 550.6032697592594, 551.9852626186855, 553.5799159350557, 552.159848575209, 550.7021169938525, 539.3631164149095, 539.6631936840218, 537.9360270785162, 519.0387888816884, 482.06223438606906, 497.85819331588675, 549.1516354363948, 541.9056903401298, 543.4919597478835], [864.9130880094682, 856.956633904739, 855.8155017139009, 853.8966980783948, 853.0673129763388, 842.1402806448078, 839.9564138076136, 836.2445984748725, 840.4864894179525, 844.4507907009405, 847.7459370324106, 849.5098962440119, 851.5158051465837, 850.4580634516665, 849.375421226255, 844.8242281569296, 846.3565786595834, 839.0499767069053, 810.5028434698739, 759.9711712032822, 790.5559775773518, 843.6314927161617, 838.2560596173257, 838.6101940112317], [395.00510100915835, 393.9692200943707, 391.9054769860379, 391.6050169931503, 388.4499031056657, 366.6303751312041, 364.04774712065546, 351.2728116080488, 363.4260515424554, 364.79989712828, 364.37949526136225, 362.4836808696551, 363.9786035388542, 366.89601248494745, 365.61382447405384, 322.83562910092854, 325.25439184264127, 332.22644806271137, 310.7198349027569, 309.2691204666688, 347.09984015884544, 378.02557077718313, 370.1446125569577, 371.90697239117765], [557.996712823053, 556.0874781244135, 549.7652752190961, 549.3102001484083, 544.8254441032124, 531.2329554993504, 528.0524885815979, 510.605961917125, 527.5342087279588, 527.8026152191544, 525.446907713809, 521.9411271656811, 524.0244991656363, 537.0128356430347, 534.6957294936997, 478.24536267861083, 483.84085314145966, 495.3985488134082, 454.218422703196, 451.8981552812421, 514.2323952798581, 531.4982564191973, 527.8455638933408, 529.0141293475676], [707.4578493751359, 704.0824051861273, 694.6908001288461, 694.109729362611, 688.3896791815865, 694.4683552054837, 690.8281715001737, 669.325912202725, 690.3903317773995, 689.4131278481525, 684.969799976014, 679.6932893956595, 682.2681039555769, 704.1262872406332, 701.6699943892071, 634.5413817235965, 643.0327272757405, 658.4241069788644, 601.7182837679668, 597.9180924814215, 680.7940602491029, 671.4089395641686, 678.4859185163259, 677.583442259724], [847.4741316919002, 842.2920655233098, 831.7001254450906, 831.0589386261108, 824.0974050553311, 862.1667731198544, 858.0393115456556, 832.6528027575416, 857.5381838379213, 855.640127496297, 849.4196986252498, 842.3719406707414, 845.362596715361, 872.4759906403822, 870.7230843493746, 794.8256882214804, 805.4392790375326, 823.8669801224084, 759.4389401800174, 753.4840954636694, 849.5097542362017, 801.7956511537144, 825.0413034145599, 821.975002454485], [2324.972243771915, 2304.03480404163, 2302.667847211633, 2302.308067819412, 2301.84737089488, 2309.086792721772, 2309.010777838247, 2305.562757754977, 2309.232367355053, 2307.0118560399383, 2304.225572532441, 2302.0555827050634, 2302.4563602725193, 2307.0213290644842, 2310.7096108470496, 2310.6358392544735, 2316.8489727044616, 2320.670131399772, 2309.5209044130224, 2308.497048003182, 2325.1615822616263, 2295.1118638406565, 2306.803888757275, 2306.235860516919], [988.2155895619982, 983.6681618917137, 974.3607829428851, 973.796317657557, 965.0537582468621, 1063.826656078027, 1058.3298218622394, 1027.5797899479542, 1057.2196067881891, 1057.0541576226515, 1051.7595057634578, 1044.3199866413563, 1047.8440200022937, 1073.0696091336958, 1068.729875578013, 975.2913838409177, 984.5628782611694, 1005.1221969357935, 942.4727439915581, 936.9180739286786, 1034.366860059821, 939.1129602346897, 981.630605928631, 975.9426247720039], [1291.1364894761798, 1287.6341745047039, 1283.0462555246147, 1282.6303676775963, 1267.5478883424687, 1354.1319816138923, 1342.5919729989155, 1293.919275163506, 1343.4013507825844, 1346.656218498364, 1343.7853154049594, 1336.5912356065955, 1341.2026671329286, 1362.0540278214487, 1347.4391087686417, 1199.478997823938, 1206.158866741233, 1229.962742036018, 1173.4843042432835, 1169.4732180875865, 1313.2846274646638, 1226.6172234408843, 1264.5158917053357, 1260.5357007003252], [1246.6265474438512, 1243.1460734495938, 1234.269871581931, 1233.8208752506273, 1223.7623378833407, 1312.8723704455706, 1306.5334218633388, 1267.1388106111287, 1302.0820707105738, 1305.656784262467, 1302.7630971071899, 1296.2691193368105, 1300.366052470713, 1321.5531438077032, 1312.8742547318502, 1187.8036571741889, 1193.323636543999, 1220.7554256835201, 1159.5178992466695, 1154.385544524563, 1237.8020995303139, 1191.9323467143063, 1226.9908662877601, 1224.0088897041967], [1494.7758130864538, 1492.2210991524553, 1483.25679113816, 1482.9112749013725, 1482.7636499963708, 1557.5324110719102, 1551.3288273364649, 1515.2896078607778, 1541.322012939227, 1549.2645830778931, 1547.975274353428, 1541.1278533994296, 1546.0686151026018, 1563.7690521342365, 1551.8370822285415, 1419.6096937437187, 1421.9692844348356, 1447.8033544762923, 1395.311888788559, 1390.565366593708, 1467.7046291846825, 1446.1437692882553, 1472.714822981173, 1471.0119949720947], [1739.8029468145032, 1734.708197666958, 1727.8765605467631, 1727.6108926496213, 1735.7821238737183, 1799.5566503596995, 1794.5280337262966, 1773.9815017614628, 1776.4433620724544, 1789.582501163073, 1789.2709285435942, 1781.0173956902174, 1787.057411232189, 1801.554829841657, 1793.0285028124094, 1687.4032404045306, 1694.3445511348473, 1713.79400403553, 1673.6750637761884, 1669.9989095767655, 1729.8305905511388, 1714.8417662061593, 1726.8500346374356, 1723.5904907918973], [2456.9930630554522, 2456.1193527723226, 2454.931313890746, 2454.8858607835464, 2456.909017970194, 2470.6121747127836, 2472.664918898908, 2470.5801682865626, 2469.6555420612835, 2469.942694196417, 2467.9533710290634, 2465.334318119005, 2465.404155615393, 2467.637269382638, 2468.5811145863213, 2467.080461690961, 2478.664781623221, 2474.8868590477146, 2474.7324300088762, 2474.026034108469, 2485.551710787152, 2452.6303888785646, 2464.5785017156963, 2463.6044211003314], [2103.4691838450044, 2100.4980442320907, 2096.737620941676, 2096.5868643187064, 2100.970020898867, 2142.2359912872143, 2133.657102010445, 2146.6425999718604, 2123.1648010237714, 2131.013924157838, 2131.0119220145093, 2126.370827896821, 2132.4717403443856, 2143.2270631512356, 2138.8262166738837, 2068.6186950103865, 2072.6062962865453, 2087.8762566420605, 2060.788766843545, 2058.6936964146926, 2092.9269055235695, 2111.777990831836, 2096.5843000644263, 2093.426076340396], [2520.1738329569507, 2519.7269881813754, 2518.971406402173, 2518.9456634050903, 2520.534963478774, 2530.603748359974, 2533.0725650579357, 2538.003576121435, 2531.6799926690105, 2530.4664855117903, 2528.124469537164, 2525.9379615205867, 2525.7816706179397, 2526.9631892898437, 2532.0742045908987, 2554.7482326970658, 2555.613850503619, 2554.702646997157, 2553.0468200220134, 2552.5897889194152, 2560.145349636973, 2526.4997977566036, 2531.0770363642564, 2530.4067987499548], [2450.0027326753657, 2445.392533379917, 2445.4832859138824, 2445.0027724620454, 2445.8797710922126, 2446.8466303587816, 2447.4998877024427, 2448.434203301294, 2447.8407719292054, 2445.6483290387637, 2443.7490269419363, 2442.7060609846517, 2442.3320395025103, 2442.30438620863, 2442.2764340784784, 2442.247955658205, 2442.5849243969533, 2442.8752818372914, 2442.530436547505, 2457.5383819938315, 2470.8030413285223, 2448.6568510940165, 2451.6237502438394, 2451.475650106205], [1275.5351998805593, 1256.4503490430197, 1255.284045253688, 1255.7519376951577, 1255.1858641030442, 1251.7682275729744, 1250.930778286897, 1250.0290871183518, 1251.1094345404722, 1253.665572672957, 1256.0532908529847, 1257.753537331816, 1258.8178447233577, 1258.589179838714, 1258.3652548245975, 1258.1620301098828, 1259.53222813069, 1255.9929398502834, 1256.9750485799389, 1203.728895302189, 1221.1180509909761, 1251.868372128903, 1248.1652742966241, 1247.9269030592811], [855.5944697330364, 847.959938767385, 847.1568172636587, 847.918278254185, 846.8232106035804, 842.7243637057759, 841.6526930937763, 840.06098810576, 841.4543599666594, 844.9772043212645, 848.1496043685671, 850.198163658757, 851.1513071571733, 850.8232631907881, 850.4982163097784, 850.1464033596864, 852.2715074278794, 847.5235992653103, 848.9175121016845, 807.1186134093867, 802.1037519106427, 841.5796285534943, 836.6483266434168, 837.0668454197072], [1468.1305510964091, 1450.5420089097743, 1449.8361319409928, 1449.8879773451424, 1450.0802557558598, 1448.1999990202823, 1448.043473019485, 1447.9052304503057, 1448.2669115321755, 1448.8232474938454, 1449.4551901868608, 1450.1696275705403, 1450.5773899619228, 1450.3842602093432, 1450.1970709418513, 1449.400878884104, 1449.9585502414127, 1448.8448879097637, 1449.359432407557, 1436.1839322654325, 1442.5343658721542, 1454.0501467465567, 1449.0901621960159, 1448.3431687768618], [2414.260078036308, 2410.062809644533, 2409.8084007358384, 2409.291727366083, 2410.235779743334, 2410.8194706398212, 2411.3897703177795, 2412.4444847368122, 2411.934490976442, 2409.7973468166892, 2407.9852965542636, 2407.0434072620696, 2406.8847742479197, 2406.8499126095894, 2406.8147750535363, 2406.6656448871563, 2406.861630662873, 2407.2974786992704, 2406.957281556347, 2410.3403993859433, 2431.9411951031097, 2412.7890679912307, 2415.4439529944643, 2415.275731567534], [2414.2600780356142, 2410.062809643085, 2409.8084007351426, 2409.2917273661087, 2410.235779742991, 2410.8194706408626, 2411.3897703190446, 2412.4444847379536, 2411.9344909754814, 2409.7973468174, 2407.985296553617, 2407.043407261929, 2406.8847742473417, 2406.8499126090346, 2406.8147750529, 2406.665644886851, 2406.861630662357, 2407.297478699254, 2406.9572815566476, 2410.340399385278, 2431.941195115462, 2412.78906799126, 2415.443952992919, 2415.2757315697927], [1153.9299523925858, 1130.6812510836855, 1129.3027595836993, 1127.0452953842387, 1127.0452492759157, 1118.011952128804, 1116.1790936576733, 1113.5589110664291, 1117.075343872316, 1120.0182553940201, 1122.448186174559, 1123.8570097622662, 1125.9505760838538, 1125.1234273026816, 1124.2686524783173, 1123.0498306467482, 1125.6095884267977, 1115.8016819021898, 1080.0229915606312, 1032.8638886435047, 1077.4673583940316, 1116.2501334485344, 1117.3837611334454, 1116.0011813578428], [1799.2417110612078, 1767.798269435279, 1766.5747834241704, 1765.2194520395594, 1765.3048716333985, 1759.9428380028007, 1758.6925619486578, 1757.3120364028675, 1759.460976376198, 1761.466486116026, 1763.1063783252084, 1764.0672794425682, 1765.7326450174135, 1765.2986883075098, 1764.8570054810696, 1764.2968827749607, 1765.4229852109734, 1759.9805803656693, 1735.8122762144865, 1695.6765350679734, 1730.7346765466914, 1732.3801563389807, 1759.9258966353364, 1758.3577985386482], [2469.799889480701, 2464.6629096933443, 2465.0041646243603, 2464.3671673067547, 2465.2430231105623, 2465.6845144486592, 2466.2707074616096, 2466.7882964378646, 2466.4358333300574, 2464.606641846777, 2462.94840658055, 2461.966715465837, 2461.5811479147033, 2461.504046859391, 2461.423104903292, 2461.315267283637, 2461.7036198258675, 2461.4204913470235, 2460.8752100147644, 2479.163412900634, 2485.8885444585167, 2474.53436525745, 2470.0157422290217, 2469.9365773479894], [1598.0035607618454, 1561.5275490181339, 1559.6701025570421, 1556.8011752010743, 1557.6074215908827, 1550.1049190569533, 1548.08470279828, 1546.1698563622706, 1549.3391999872279, 1552.6891845630719, 1555.4376992299945, 1557.0663224967232, 1559.6055491058526, 1559.0919347350602, 1558.5293082603291, 1557.7668089205567, 1559.037102990672, 1551.9752239813176, 1494.222281115429, 1462.9248373440034, 1501.7507339382644, 1547.8925795481111, 1547.397096438607, 1546.2499467350783], [2046.6545548686454, 2003.080039344844, 2001.7522338787462, 1998.7387758348964, 2000.2968424683806, 1995.6117646454777, 1994.2267439841255, 1993.2329245608553, 1995.32612568558, 1997.470428395935, 1999.1470942934343, 2000.1303275439348, 2002.0714060132684, 2001.814365433848, 2001.5028410732782, 2001.098737176149, 2001.4888380991588, 1997.4661127502823, 1929.883755711215, 1941.7052501040703, 1963.5164054325776, 1994.5664838363678, 1995.451872373358, 1993.5554416057862], [2511.554715507003, 2505.4671221237513, 2506.0932076695412, 2506.1923448628568, 2506.513701094435, 2507.5447144122, 2508.3562232017816, 2508.872295685991, 2508.245751899107, 2506.215204146624, 2504.414504242195, 2503.3377178800224, 2502.640362699616, 2502.56875640285, 2502.5125780518015, 2502.4361085531314, 2502.848552295294, 2502.8710064157026, 2514.1226707822984, 2527.846970895459, 2532.3395629622028, 2505.764615457737, 2512.402072007499, 2512.134078349467], [1583.384297624834, 1583.3191703298999, 1579.9489814545038, 1579.6592703318715, 1572.026338376238, 1641.30016103745, 1622.0856293724667, 1574.2642393529152, 1628.9191149129704, 1633.9881949409694, 1634.920668815732, 1631.3078974567986, 1636.264302963923, 1652.9232684981155, 1625.6348489330533, 1452.9708430230128, 1454.4400425585823, 1474.9898012122533, 1428.6894042474582, 1428.1207253843065, 1608.4058530351047, 1522.4258966334792, 1547.707816677044, 1545.2996702754845], [1873.835036492207, 1872.4653096207783, 1870.2561273931235, 1870.0885358549808, 1870.54590312158, 1927.496878864555, 1898.2452535357586, 1883.7680644012453, 1916.3059605815788, 1921.3603582807739, 1928.1419829824833, 1932.9898020633057, 1937.2512942648107, 1949.455272546141, 1915.1570776604049, 1759.6301659534943, 1760.6513430878372, 1771.750495279681, 1742.687414665032, 1742.29490994038, 1917.3224469381184, 1832.4505329675528, 1841.9014291950823, 1840.1307135764105], [2179.7123956166315, 2178.811999678509, 2177.6803785247967, 2177.6155790083626, 2177.6029154335697, 2210.394471501294, 2192.8106062490483, 2211.2193673682787, 2202.782067409749, 2206.094422796081, 2221.4636047051827, 2242.5647313214004, 2244.4201093444026, 2251.3328666660955, 2227.1430338703626, 2109.8946910594273, 2110.4907245700174, 2121.6257573991384, 2100.1686205671467, 2099.950776882359, 2232.4600111383083, 2161.794510868083, 2160.6491285545403, 2159.6460849270134], [2533.368981046841, 2533.324289639577, 2533.005860459751, 2532.965306007005, 2533.8811755861793, 2542.7333514508264, 2544.015251193447, 2550.274596225694, 2546.406331299603, 2543.9902463969447, 2544.028379963326, 2546.059506494562, 2545.006754113061, 2545.692205051987, 2547.8729423751806, 2563.9120955293174, 2564.0380603451817, 2561.544152746986, 2561.745078703166, 2561.695872471887, 2542.7482062806184, 2541.7060951168364, 2542.974808436094, 2542.8335071314523]]
Phi_S = [[5154.558269058123, 5152.240488824038, 5151.775753706822, 5151.658424742177, 5152.126743477594, 5156.9431563360395, 5157.498487269645, 5159.179855081678, 5157.763558593066, 5156.724261516387, 5155.941077702802, 5155.781222009706, 5155.566585197503, 5156.514314170776, 5157.524588304489, 5163.995135861192, 5164.905066170466, 5163.971219920002, 5162.480496911499, 5163.933061818501, 5167.053530917637, 5154.0517837462985, 5156.515849053527, 5156.041763850278], [3010.0902295282394, 3015.753785228146, 3023.737780618426, 3015.110373933729, 3023.8545827082503, 3024.9494506111623, 3024.104252646232, 3022.8987573862028, 3023.415163644489, 3025.4074257468465, 3026.8945158590354, 3027.188354465144, 3027.1619567239277, 3027.293349194173, 3027.423937808572, 3028.2571904325537, 3028.386857205937, 3027.897936844465, 3027.9150622566335, 3028.1896741671, 3010.9301504598066, 3023.7817601881543, 3020.565534102179, 3020.600906981516], [4810.897735383212, 4810.94632882293, 4810.997720157495, 4810.479354764058, 4811.353249629674, 4815.156429624611, 4815.976161499971, 4817.5678364929345, 4816.336899929154, 4813.850874592914, 4811.724749555748, 4810.516191772119, 4810.038590853315, 4810.551571932894, 4811.069372134308, 4813.384410023959, 4813.31149979275, 4814.311375722429, 4812.788253970986, 4829.914845799623, 4840.9744534702095, 4815.8762815688615, 4818.532245846966, 4818.146847410947], [4241.733646642428, 4250.336541906937, 4250.746680874484, 4250.093328056979, 4250.933724257664, 4254.164742703032, 4254.920946657137, 4256.2916451846795, 4255.253280013042, 4252.5185001395685, 4250.087264632881, 4248.4644686209485, 4247.922075004021, 4248.225559650963, 4248.524301746159, 4249.817552050994, 4248.934410651554, 4251.018306014843, 4249.79954339043, 4266.73324585591, 4283.31543692888, 4256.8966721019815, 4258.633515988075, 4258.139252237759], [3518.273052666564, 3544.284465117356, 3545.2690363909996, 3545.4638749004057, 3545.004218998606, 3546.6499144686773, 3546.7823100409287, 3546.5577784604666, 3546.24790963348, 3546.150513929365, 3545.884990195363, 3545.4494174489528, 3544.7236576857617, 3544.8763841099812, 3545.024479147528, 3545.1364144463037, 3544.220840425813, 3546.309688154339, 3545.9094496161915, 3591.7348101433404, 3548.3876190567344, 3545.2548411988414, 3544.6547078798512, 3545.601380668834], [2749.259132592782, 2753.8693318863834, 2753.778579353246, 2754.2590928032687, 2753.3820941734584, 2752.4152349063284, 2751.7619775625067, 2750.8276619663193, 2751.4210933378354, 2753.6135362277146, 2755.512838324592, 2756.5558042815014, 2756.929825763803, 2756.9574790585007, 2756.9854311882946, 2757.0139096083594, 2756.676940869897, 2756.3865834295675, 2756.7314287193303, 2741.7234832651757, 2728.4588239167115, 2750.6050141719556, 2747.6381150232264, 2747.786215159975], [4991.741681010004, 4990.91978152096, 4990.655382813486, 4990.853153201923, 4992.334655302804, 5008.7722688075, 5010.310908943549, 5016.828309746281, 5010.832741614255, 5009.190575370629, 5008.413309481145, 5008.948356227207, 5008.2113019344515, 5010.558032292291, 5013.039086164697, 5036.3661397938395, 5036.754035118058, 5035.225717758352, 5036.519991585768, 5037.8186747732, 5025.084443613159, 4998.865154261003, 5003.937171243084, 5003.1569959303515], [4640.073484848597, 4637.259255971181, 4637.632598908478, 4639.441668353751, 4640.832245367093, 4653.548212741257, 4655.687531213815, 4660.479051738205, 4655.640791915278, 4651.756616360825, 4648.65859550716, 4647.276602647905, 4645.681949331443, 4647.102016691469, 4648.559748272767, 4659.898748851694, 4659.598671582367, 4661.325838188069, 4680.223076384851, 4717.199630880208, 4701.403671951417, 4650.110229830119, 4657.356174926468, 4655.769905518868], [4334.348777257603, 4342.305231361804, 4343.446363552424, 4345.3651671880825, 4346.1945522903325, 4357.121584621746, 4359.3054514586875, 4363.017266791562, 4358.7753758486015, 4354.81107456562, 4351.515928234052, 4349.751969022597, 4347.746060119927, 4348.803801815011, 4349.886444040365, 4354.4376371097, 4352.90528660675, 4360.211888559704, 4388.759021796576, 4439.290694062984, 4408.705887689654, 4355.6303725503185, 4361.005805649563, 4360.651671255479], [4804.256764257711, 4805.292645172089, 4807.356388280508, 4807.656848273371, 4810.811962160937, 4832.631490135242, 4835.214118145626, 4847.989053658399, 4835.835813724122, 4834.46196813827, 4834.882370005008, 4836.778184396875, 4835.283261727632, 4832.365852781771, 4833.648040792829, 4876.426236165666, 4874.007473423899, 4867.035417204048, 4888.542030363701, 4889.992744800436, 4852.162025108259, 4821.236294489377, 4829.1172527096505, 4827.354892875394], [4641.265152443876, 4643.1743871420795, 4649.49659004745, 4649.95166511812, 4654.436421163385, 4668.028909767262, 4671.209376684911, 4688.655903349377, 4671.727656538599, 4671.459250047477, 4673.814957552494, 4677.320738100805, 4675.237366101063, 4662.249029623576, 4664.566135773302, 4721.0165025880515, 4715.421012124397, 4703.863316453316, 4745.043442563476, 4747.363709985934, 4685.029469986933, 4667.763608847325, 4671.4163013733005, 4670.247735919035], [4491.8040158918175, 4495.179460080364, 4504.571065137693, 4505.152135903911, 4510.872186085025, 4504.793510060786, 4508.433693766488, 4529.935953063782, 4508.871533489275, 4509.8487374184, 4514.2920652903795, 4519.568575870772, 4516.993761311262, 4495.135578026029, 4497.591870877526, 4564.720483542883, 4556.229137990266, 4540.837758287711, 4597.543581498536, 4601.343772785475, 4518.467805017626, 4527.852925702365, 4520.775946750284, 4521.678423006886], [4351.787733575086, 4356.969799743186, 4367.5617398214235, 4368.202926640402, 4375.164460211292, 4337.095092146957, 4341.222553721222, 4366.609062509153, 4341.723681428472, 4343.6217377703315, 4349.842166641362, 4356.8899245957355, 4353.899268551298, 4326.785874626211, 4328.538780917284, 4404.436177044954, 4393.82258622741, 4375.394885144144, 4439.82292508648, 4445.777769803732, 4349.752111030498, 4397.466214112804, 4374.220561852026, 4377.286862812125], [2874.289621487542, 2895.227061225505, 2896.594018055012, 2896.9537974471405, 2897.414494371774, 2890.175072544685, 2890.251087426057, 2893.699107512585, 2890.0294979142773, 2892.2500092261557, 2895.0362927338356, 2897.206282561072, 2896.8055049944874, 2892.240536200717, 2888.5522544216333, 2888.626026022611, 2882.412892581836, 2878.591733855088, 2889.740960860486, 2890.7648172563263, 2874.100283002805, 2904.1500014271037, 2892.4579765124863, 2893.0260047490365], [4211.046275704985, 4215.593703374777, 4224.901082323617, 4225.465547608973, 4234.2081070197655, 4135.435209188557, 4140.9320434042675, 4171.682075317251, 4142.042258478936, 4142.207707643887, 4147.502359503619, 4154.941878626822, 4151.417845264267, 4126.192256132396, 4130.531989687533, 4223.970481424745, 4214.698987004032, 4194.139668330785, 4256.7891212745235, 4262.343791337435, 4164.895005206651, 4260.148905031825, 4217.631259338027, 4223.319240494624], [3908.1253757908203, 3911.627690761851, 3916.215609742068, 3916.6314975890664, 3931.7139769239593, 3845.129883653192, 3856.6698922676705, 3905.3425901020205, 3855.860514484873, 3852.6056467678795, 3855.4765498614297, 3862.670629661567, 3858.059198133315, 3837.2078374448956, 3851.822756497581, 3999.7828674413886, 3993.1029985243154, 3969.2991232308964, 4025.7775610231856, 4029.7886471786196, 3885.977237802153, 3972.6446418256123, 3934.745973561489, 3938.7261645666536], [3952.6353178230197, 3956.1157918168965, 3964.991993684602, 3965.4409900158557, 3975.4995273833156, 3886.3894948210136, 3892.7284434033186, 3932.1230546545958, 3897.1797945563294, 3893.6050810042448, 3896.4987681601956, 3902.9927459314163, 3898.8958127958435, 3877.7087214584917, 3886.387610533494, 4011.458208091681, 4005.938228721142, 3978.5064395829736, 4039.743966020024, 4044.876320741615, 3961.4597657358563, 4007.329518552153, 3972.270998978913, 3975.252975562542], [3704.486052180461, 3707.040766114027, 3716.0050741283576, 3716.350590365175, 3716.498215270313, 3641.729454194585, 3647.9330379300004, 3683.972257405555, 3657.9398523278323, 3649.997282189155, 3651.286590914034, 3658.134011868537, 3653.1932501638785, 3635.4928131319625, 3647.424783036247, 3779.6521715216372, 3777.2925808311206, 3751.4585107911007, 3803.9499764780403, 3808.6964986725793, 3731.557236080509, 3753.118095978251, 3726.547042285583, 3728.249870294315], [3459.4589184523816, 3464.553667599516, 3471.385304719719, 3471.650972616971, 3463.4797413929296, 3399.7052149067868, 3404.7338315398633, 3425.280363504209, 3422.8185031946996, 3409.6793641039267, 3409.9909367237337, 3418.2444695777353, 3412.204454034388, 3397.7070354244743, 3406.2333624523626, 3511.858624860424, 3504.9173141299284, 3485.467861231418, 3525.5868014898974, 3529.2629556888996, 3469.431274714258, 3484.4200990604604, 3472.4118306290334, 3475.6713744742456], [2742.2688022121292, 2743.1425124942602, 2744.330551376134, 2744.376004483366, 2742.352847297262, 2728.649690554563, 2726.596946368631, 2728.6816969788442, 2729.606323204962, 2729.3191710714023, 2731.3084942373052, 2733.927547149045, 2733.8577096518616, 2731.6245958832105, 2730.6807506783894, 2732.1814035627904, 2720.5970836482134, 2724.3750062031413, 2724.529435239901, 2725.2358311490825, 2713.710154465348, 2746.631476388309, 2734.6833635501544, 2735.65744416533], [3095.792681421739, 3098.7638210343675, 3102.524244324787, 3102.675000947873, 3098.2918443678677, 3057.025873979401, 3065.60476325555, 3052.619265295159, 3076.0970642436246, 3068.2479411092877, 3068.2499432526665, 3072.8910373712392, 3066.7901249223682, 3056.034802115081, 3060.4356485902413, 3130.6431702495056, 3126.655568980463, 3111.3856086293877, 3138.4730984252196, 3140.568168856405, 3106.334959741699, 3087.483874436316, 3102.6775652020956, 3105.8357889260405], [2679.0880323097444, 2679.534877085335, 2680.290458864402, 2680.3162018617036, 2678.7269017878452, 2668.658116906312, 2666.1893002078295, 2661.2582891458073, 2667.5818725993636, 2668.795379754799, 2671.137395729885, 2673.3239037474696, 2673.4801946490247, 2672.298675976695, 2667.187660672793, 2644.5136325500753, 2643.648014767998, 2644.5592182781456, 2646.2150452228198, 2646.6720763349617, 2639.1165156377388, 2672.762067512248, 2668.1848289001655, 2668.855066516837], [2749.259132593056, 2753.869331885717, 2753.778579353263, 2754.2590928038658, 2753.382094173099, 2752.4152349051114, 2751.7619775614185, 2750.8276619677254, 2751.4210933395557, 2753.613536228039, 2755.5128383238175, 2756.555804281254, 2756.9298257636806, 2756.9574790583165, 2756.9854311876243, 2757.013909608, 2756.6769408701557, 2756.38658342958, 2756.731428719474, 2741.723483269484, 2728.4588239261434, 2750.6050141727515, 2747.6381150193433, 2747.786215159027], [3923.726665386066, 3942.8115162234885, 3943.9778200129686, 3943.5099275715547, 3944.076001163756, 3947.493637693407, 3948.3310869799907, 3949.232778147969, 3948.152430726121, 3945.5962925934014, 3943.2085744135175, 3941.508327934729, 3940.4440205431515, 3940.6726854278645, 3940.8966104420397, 3941.099835156581, 3939.72963713584, 3943.2689254161805, 3942.286816686543, 3995.5329699656363, 3978.143814275237, 3947.3934931377075, 3951.096590969552, 3951.334962207639], [4343.667395533622, 4351.301926499118, 4352.10504800302, 4351.343587012262, 4352.438654663096, 4356.537501560764, 4357.6091721731555, 4359.2008771607225, 4357.807505299911, 4354.28466094512, 4351.112260897818, 4349.063701607821, 4348.110558109331, 4348.438602075806, 4348.763648956836, 4349.115461906815, 4346.990357838649, 4351.738266001025, 4350.344353164839, 4392.143251858306, 4397.1581133568925, 4357.682236713299, 4362.613538623011, 4362.195019847064], [3731.1313141713417, 3748.7198563564157, 3749.4257333256937, 3749.373887921133, 3749.181609510534, 3751.0618662460124, 3751.218392246797, 3751.356634817079, 3750.994953734454, 3750.4386177726997, 3749.8066750796634, 3749.092237696228, 3748.684475304756, 3748.877605057153, 3749.064794324788, 3749.8609863824895, 3749.3033150249457, 3750.4169773566086, 3749.9024328589103, 3763.0779330018286, 3756.7274993890096, 3745.211718520619, 3750.1717030710065, 3750.9186964897895], [2785.001787230234, 2789.19905562255, 2789.4534645323556, 2789.9701379008725, 2789.0260855234255, 2788.442394626362, 2787.872094948668, 2786.817380530182, 2787.3273742931237, 2789.4645184512788, 2791.27656871316, 2792.2184580038183, 2792.377091019718, 2792.4119526573168, 2792.447090213737, 2792.596220379115, 2792.4002346039438, 2791.9643865687235, 2792.3045837100035, 2788.9214658811297, 2767.320670154949, 2786.472797274514, 2783.817912274381, 2783.986133700168], [2785.001787229333, 2789.199055621241, 2789.4534645316267, 2789.9701379007547, 2789.026085522828, 2788.4423946268384, 2787.87209495004, 2786.8173805310585, 2787.3273742925226, 2789.4645184521028, 2791.276568712901, 2792.2184580033877, 2792.377091019261, 2792.411952656797, 2792.4470902131775, 2792.5962203789586, 2792.4002346033626, 2791.9643865686076, 2792.3045837100044, 2788.9214658794344, 2767.320670168287, 2786.4727972752053, 2783.8179122730353, 2783.9861337014295], [4045.331912874573, 4068.5806141828657, 4069.9591056826844, 4072.216569882282, 4072.2166159907747, 4081.249913137771, 4083.0827716086246, 4085.702954200121, 4082.186521394223, 4079.243609872522, 4076.8136790919584, 4075.404855504345, 4073.3112891826568, 4074.1384379639812, 4074.993212788337, 4076.2120346198326, 4073.652276839616, 4083.4601833644674, 4119.23887370584, 4166.397976622701, 4121.794506873016, 4083.01173181803, 4081.8781041332722, 4083.2606839092027], [3400.02015420511, 3431.4635958313697, 3432.6870818430352, 3434.042413226757, 3433.9569936328116, 3439.3190272637544, 3440.5693033179714, 3441.949828863623, 3439.8008888899576, 3437.795379150775, 3436.1554869416864, 3435.1945858240215, 3433.5292202491487, 3433.963176959105, 3434.404859785511, 3434.964982491662, 3433.838880055267, 3439.281284900703, 3463.4495890516664, 3503.585330202268, 3468.5271887218178, 3466.8817089276695, 3439.335968631502, 3440.904066728102], [2729.461975784963, 2734.59895557309, 2734.2577006423876, 2734.8946979590573, 2734.018842156488, 2733.577350818512, 2732.9911578045844, 2732.473568827661, 2732.826031937951, 2734.655223419883, 2736.3134586866718, 2737.295149800882, 2737.6807173521815, 2737.7578184065633, 2737.8387603634096, 2737.946597983467, 2737.558245440562, 2737.8413739194, 2738.3866552506997, 2720.0984523640273, 2713.373320810935, 2724.727500007326, 2729.2461230375866, 2729.3252879175143], [3601.258304505847, 3637.73431624842, 3639.5917627091862, 3642.460690065688, 3641.6544436757285, 3649.1569462097227, 3651.1771624681355, 3653.0920089044666, 3649.9226652796424, 3646.572680703165, 3643.824166036386, 3642.195542769949, 3639.656316160577, 3640.169930531522, 3640.732557006273, 3641.495056345885, 3640.2247622757286, 3647.2866412852673, 3705.039584150932, 3736.33702792283, 3697.5111313274656, 3651.369285718247, 3651.864768827629, 3653.0119185322924], [3152.6073103983645, 3196.181825921365, 3197.5096313877866, 3200.5230894318506, 3198.9650227984052, 3203.6501006211597, 3205.0351212824507, 3206.028940706318, 3203.935739581281, 3201.7914368697943, 3200.11477097276, 3199.1315377227434, 3197.1904592531787, 3197.44749983267, 3197.7590241933517, 3198.163128090226, 3197.7730271671285, 3201.7957525163906, 3269.3781095547592, 3257.5566151616845, 3235.7454598327054, 3204.695381429992, 3203.8099928917914, 3205.706423660978], [2687.7071497603088, 2693.794743142756, 2693.1686575971744, 2693.0695204044905, 2692.748164173763, 2691.7171508550396, 2690.905642065841, 2690.3895695802303, 2691.016113368038, 2693.0466611202896, 2694.847361024347, 2695.9241473867146, 2696.6215025669285, 2696.6931088632205, 2696.74928721486, 2696.8257567128953, 2696.4133129707875, 2696.3908588507707, 2685.1391944923002, 2671.4148943692903, 2666.922302290847, 2693.4972498088587, 2686.8597932597454, 2687.127786915361], [3615.877567642274, 3615.9426949366334, 3619.3128838123107, 3619.602594934796, 3627.235526890226, 3557.961704229393, 3577.1762358945793, 3624.997625912632, 3570.342750354371, 3565.2736703256587, 3564.3411964506536, 3567.9539678101974, 3562.9975623019104, 3546.3385967680056, 3573.627016332506, 3746.2910222421465, 3744.8218227062575, 3724.2720640541106, 3770.572461018832, 3771.1411398820565, 3590.856012231975, 3676.835968632829, 3651.554048589353, 3653.9621949918132], [3325.4268287748487, 3326.7965556457043, 3329.0057378736055, 3329.1733294116866, 3328.715962144948, 3271.764986402223, 3301.0166117313306, 3315.4938008649942, 3282.955904686509, 3277.9015069856514, 3271.1198822838464, 3266.2720632034293, 3262.0105710006205, 3249.806592720353, 3284.104787606413, 3439.631699311545, 3438.6105221811035, 3427.511369984968, 3456.574450603015, 3456.9669553308104, 3281.9394183286045, 3366.8113322983627, 3357.3604360714876, 3359.131151690634], [3019.5494696503074, 3020.4498655880748, 3021.5814867420213, 3021.6462862581748, 3021.6589498330063, 2988.8673937653293, 3006.45125901791, 2988.042497898325, 2996.479797858498, 2993.1674424704406, 2977.798260561643, 2956.6971339451693, 2954.8417559203795, 2947.9289986005806, 2972.1188313972552, 3089.3671742071156, 3088.7711406960398, 3077.636107865038, 3099.0932447065848, 3099.31108839136, 2966.801854130172, 3037.467354397515, 3038.612736712217, 3039.6157803412293], [2665.892884220104, 2665.937575626898, 2666.2560048070677, 2666.296559259469, 2665.3806896805618, 2656.5285138156014, 2655.246614072805, 2648.9872690388042, 2652.855533968848, 2655.271618868644, 2655.233485302843, 2653.2023587720337, 2654.255111151633, 2653.5696602147377, 2651.38892289369, 2635.3497697578205, 2635.223804920681, 2637.717712512926, 2637.5167865748576, 2637.5659927591814, 2656.513658987692, 2657.5557701502307, 2656.287056830301, 2656.4283581370178]]
Q_branch = [[0.14448112348727937, 0.13744506258933775, 0.13275693627517438, 0.1304136462472052, 0.13510074158931284, 0.15152171014268223, 0.1750122831241443, 0.2008831830668225, 0.21970815158458712, 0.22909186180965913, 0.23376901483302825, 0.22429684466684274, 0.21013485569603696, 0.20307398761385498, 0.21017409704940349, 0.2196570384405927, 0.22917266534892278, 0.23397187499962002, 0.2245510610238608, 0.21037690577536394, 0.1915076055478102, 0.17502465286946678, 0.16326673838332817, 0.15152183836963218], [0.10366610520277608, 0.09863800287332603, 0.09528924487495405, 0.09361651840309215, 0.09696700406841008, 0.1090454584873457, 0.12575961803875413, 0.14414623878895405, 0.1575235754746258, 0.16422573788314176, 0.1676036634966971, 0.16093604269198414, 0.15091472313416632, 0.14585296149976346, 0.15078882295416074, 0.15749821722541713, 0.16423132150869124, 0.16762601242834818, 0.16094996034066655, 0.1508887489492079, 0.13748557140581918, 0.12546056457003174, 0.11709212618008191, 0.1087141341612381], [0.028862399912894077, 0.027458394335094338, 0.02652281751665364, 0.026055156984477357, 0.026990563279336577, 0.03026715770659405, 0.03495532681507463, 0.04012228336116319, 0.043886667981955396, 0.045770928441162484, 0.04671356656951042, 0.044828532713654834, 0.042003649861663384, 0.0405924026740605, 0.0420036863382216, 0.0438866292679021, 0.045770995039415174, 0.04671373240517207, 0.04482873316719438, 0.0420038313630644, 0.03824219572190901, 0.03495534538549494, 0.03261018374079616, 0.030267175304046212], [0.023068838924732882, 0.02194763582732473, 0.021200452706935158, 0.020826946686838266, 0.021574015738656138, 0.024190540564372087, 0.027933340116119254, 0.032057096222599224, 0.03506061229266666, 0.03656375648424648, 0.037315669121154915, 0.0358120065158225, 0.03355830093948953, 0.03243224854921367, 0.03355832534092129, 0.03506058629853026, 0.03656380102005974, 0.03731578010280301, 0.0358121406426537, 0.033558422483055184, 0.030556748672586398, 0.027933356868240056, 0.026061236303550173, 0.024190557170081117], [0.01728578367854494, 0.016446387815147512, 0.015886962517549286, 0.015607301358033343, 0.016166657993452738, 0.018125474659160368, 0.020926748984910093, 0.024012174383156726, 0.026258785433364462, 0.027382927428271087, 0.027945203927861373, 0.026820749179065073, 0.025135146465721236, 0.024292827706894782, 0.025135161155447783, 0.026258770197220338, 0.027382954652024116, 0.027945270770846298, 0.02682082994894186, 0.025135219194358793, 0.02288971871258605, 0.020926762422012635, 0.01952569169997509, 0.018125489695606456], [0.011513271607596742, 0.01095468231493757, 0.010582375689320633, 0.010396248197894975, 0.010768520390140868, 0.012072003288648103, 0.013935620110373526, 0.01598761928011272, 0.0174813209928788, 0.018228592747671968, 0.018602331972511044, 0.017854902980708243, 0.016734302905120124, 0.016174245150469613, 0.016734310272429997, 0.017481313982541602, 0.018228606985418283, 0.01860236551626482, 0.01785494350585215, 0.01673433869816887, 0.015241194411233394, 0.013935630096748142, 0.013003605104138671, 0.01207201642929423], [0.005751340159970919, 0.005472551416141114, 0.0052867209894800204, 0.005193814370254346, 0.005379633335589551, 0.006030169901399818, 0.006960020378794507, 0.00798353266147056, 0.008728353452192694, 0.0091009050639963, 0.009287215520270342, 0.008914611211162882, 0.008355887176425103, 0.008076606219463045, 0.008355889638553382, 0.008728351380013377, 0.009100910078310598, 0.009287226733928122, 0.008914624755224532, 0.008355898854894628, 0.007611264547246366, 0.006960027740249952, 0.006495031138935126, 0.006030180731211532], [0.04042212935082157, 0.03845510350544745, 0.037144391646040775, 0.036489227036889504, 0.03779968377062226, 0.0423902775140248, 0.04895174419834625, 0.056166968225977554, 0.061407090690401844, 0.06400770261567068, 0.06530018855008968, 0.06265332640214272, 0.0587025187998198, 0.05673494862043027, 0.05872156204985357, 0.06137853984112751, 0.06405305586540577, 0.06541468717243348, 0.06279634260723843, 0.058836992923054776, 0.053565204945170475, 0.04895926074812218, 0.04567317206002919, 0.04239030710828473], [0.03462700964767018, 0.032942936194570116, 0.0318207135529065, 0.03125974989291436, 0.032381775627040144, 0.03631194457510967, 0.04193126859401497, 0.04811559275905508, 0.05261260479197283, 0.05485274573602772, 0.05596946374722078, 0.053707033072885046, 0.05032372598816659, 0.048636191382881, 0.05033248941264401, 0.052598880729851194, 0.054874587108548534, 0.05602469757967765, 0.05377593389422297, 0.050388243174314784, 0.04587699904029785, 0.041934970522394366, 0.03912222649720487, 0.0363119722479488], [0.02884158154361538, 0.027439541810250212, 0.026505221445514593, 0.02603817289790178, 0.026972344393894954, 0.030244267369490263, 0.03492482999996471, 0.04008207201078995, 0.04383843382933561, 0.045718227877410644, 0.04665846224609327, 0.044777624206216116, 0.04195886209105648, 0.040550591693422566, 0.04195908680331306, 0.04383818918775173, 0.0457186333991757, 0.04665948616920179, 0.044778861789151136, 0.04195998793971967, 0.03820578826166576, 0.034924885948555806, 0.0325836477716579, 0.0302442937300047], [0.023047822087618464, 0.021928612541703307, 0.02118270282046497, 0.02080981681605598, 0.021555634714042426, 0.024167421196929606, 0.027902502396262463, 0.03201641629353391, 0.035011837514870026, 0.0365105451509431, 0.03726010754054898, 0.035760755135250344, 0.0335132684476509, 0.03239021108169493, 0.033513407088857194, 0.035011686859738766, 0.036510795734311596, 0.0372607394811979, 0.035761518847053475, 0.03351396277553276, 0.030519877137875184, 0.027902543700028204, 0.026034413504596232, 0.024167446546274896], [0.005751318484447543, 0.005472532741033209, 0.005286704146965748, 0.005193798397268745, 0.005379615592382203, 0.006030144979143781, 0.006959979280545703, 0.007983460548117494, 0.00872824397102634, 0.009100760031147015, 0.00928704400861835, 0.008914447662962122, 0.008355745552317106, 0.008076479682039173, 0.008355762830248636, 0.008728225654426103, 0.009100791679387488, 0.009287122746102883, 0.008914542825093186, 0.008355831598529928, 0.00761121393402453, 0.00695998925793595, 0.006494999919492095, 0.0060301557570563435], [0.011513322359179012, 0.010954725912494911, 0.010582414911812332, 0.010396285347880951, 0.010768561760723383, 0.012072062140867201, 0.013935703489677431, 0.015987716739556124, 0.01748140427799294, 0.018228624872760557, 0.01860231400321033, 0.017854850150714086, 0.01673423710010158, 0.016174189279591022, 0.01673428931553489, 0.01748134799986545, 0.01822871973452611, 0.018602552146194995, 0.017855137891836126, 0.016734498094628236, 0.015241314195150402, 0.013935721163341297, 0.013003678776801308, 0.012072075098561896], [0.005751356982267586, 0.0054725658506911135, 0.005286733964210644, 0.005193826654698697, 0.0053796470264713125, 0.006030189547343134, 0.0069600482399390096, 0.007983565243484314, 0.008728381283815922, 0.009100915783519126, 0.00928720947867534, 0.008914593509617985, 0.0083558651589688, 0.00807658752744378, 0.008355882620452393, 0.008728362747406404, 0.009100947784923985, 0.009287289155214262, 0.008914689759847771, 0.008355952139615264, 0.0076113045740517915, 0.006960058115893508, 0.006495055661690952, 0.006030200206520231], [0.051941288959739484, 0.04941515234824401, 0.047731797282845045, 0.046890340225441696, 0.04857340129026966, 0.0544687005094886, 0.06290321996404624, 0.0721983726161679, 0.07896984122681072, 0.08235913612972978, 0.08405465710949023, 0.08066403157180324, 0.07558268676110624, 0.07304406811055952, 0.07558274967940126, 0.07896977774942227, 0.08235925393664978, 0.08405494304294647, 0.08066437726641218, 0.07558299617836806, 0.06881625529015167, 0.06290326653802358, 0.058684152847969795, 0.05446875279503627], [0.011513041857470041, 0.010954484686828359, 0.010582197704666951, 0.010396079524287671, 0.010768332757105092, 0.012071737890255951, 0.013935209986383645, 0.01598699697140793, 0.01748050461758255, 0.01822766569239609, 0.018601346026317245, 0.017854032868055203, 0.016733588573528024, 0.016173601019320527, 0.016733595786041944, 0.017480497805776762, 0.018227679645643313, 0.01860137878838186, 0.017854072487100803, 0.016733623570633238, 0.01524065611004688, 0.013935220128513004, 0.013003272831382695, 0.012071751214035364], [0.005751263462460576, 0.005472485436141206, 0.005286661560479411, 0.005193758045638042, 0.00537957068934225, 0.006030081232576645, 0.006959883281183021, 0.007983324531495306, 0.008728080329829968, 0.009100594863805211, 0.009286885588093208, 0.008914320087448635, 0.008355648231194168, 0.008076390782592258, 0.008355650641313161, 0.008728078323275268, 0.00910059978167621, 0.009286896541814915, 0.008914333329776758, 0.00835565964416829, 0.007611084541472746, 0.006959890788133638, 0.006494920189426212, 0.0060300921967817445], [0.0345924154412367, 0.03291165582443156, 0.03179154705991993, 0.031231611781304736, 0.03235156172092313, 0.0362738546153798, 0.041883992182101926, 0.048064436303639546, 0.05256545116099476, 0.054817886649048075, 0.05594457753066906, 0.05369142152834061, 0.05031417529798099, 0.04862666388944037, 0.05031420929442132, 0.052565417157925065, 0.05481795062144146, 0.05594473209442086, 0.053691608361655874, 0.05031434219080988, 0.045815886234543024, 0.04188402192929863, 0.039077952947591976, 0.03627389210659726], [0.011513156324139961, 0.010954583168373055, 0.010582286407538888, 0.010396163590429275, 0.010768426263008779, 0.012071870075017532, 0.013935414137290714, 0.015987306552712743, 0.017480910561077367, 0.01822812656115458, 0.018601836112174253, 0.017854465481076165, 0.01673394385193694, 0.01617392143828522, 0.016733951141732595, 0.017480903641288625, 0.01822814064729461, 0.01860186926432994, 0.01785450555189705, 0.016733979254383025, 0.015240923972051457, 0.013935424196551027, 0.013003438281320001, 0.012071883322292365], [0.005751301686417909, 0.005472518329881826, 0.005286691194821058, 0.005193786134333189, 0.005379601924356603, 0.006030125387970431, 0.006959951517395702, 0.007983428064517462, 0.008728216133719213, 0.009100749067926683, 0.009287049581838236, 0.008914464825156676, 0.008355767066586584, 0.00807649794423182, 0.008355769502400356, 0.008728214091720199, 0.009100754031002634, 0.009287060666937963, 0.008914478219943733, 0.00835577861482073, 0.0076111741067943495, 0.006959958945774947, 0.006494975431397654, 0.0060301363038399725], [0.01727505894788428, 0.01643669106133605, 0.0158779214187037, 0.015598579191328232, 0.01615729203263294, 0.018113659595208276, 0.020910944977357016, 0.023991288499693342, 0.02623374118797961, 0.02735565857620159, 0.02791678691488042, 0.02679461124219462, 0.025112239419582183, 0.024271452030505625, 0.025112251588095935, 0.026233728909918597, 0.027355681438311796, 0.027916842251399343, 0.026794678121804916, 0.025112299317554765, 0.022870763968001917, 0.02091096334214826, 0.01951196369422581, 0.018113683412571913], [0.00575130172352778, 0.005472518361055556, 0.005286691222296858, 0.005193786160419878, 0.005379601953773738, 0.006030125405779518, 0.006959951543698661, 0.00798342810817343, 0.008728216195970306, 0.009100749141643716, 0.009287049662105362, 0.008914464893118312, 0.008355767118867652, 0.008076497991132081, 0.008355769555270953, 0.008728214154461122, 0.009100754104747866, 0.00928706074755703, 0.008914478287811445, 0.008355778666586877, 0.007611174141734622, 0.006959958988601578, 0.0064949754758052425, 0.006030136346109938], [0.005751301723226465, 0.00547251836105711, 0.005286691222817108, 0.005193786160776259, 0.005379601953832802, 0.006030125405416031, 0.006959951544179832, 0.00798342810767827, 0.008728216195819538, 0.009100749141675024, 0.00928704966202254, 0.008914464892831209, 0.008355767119544222, 0.008076497990932907, 0.008355769555324688, 0.008728214154370972, 0.009100754105107134, 0.009287060747575904, 0.008914478287616046, 0.008355778666510938, 0.007611174141974653, 0.006959958988851156, 0.0064949754762235745, 0.0060301363467210045], [0.017274678268740296, 0.01643636346955968, 0.01587762629761369, 0.015598299463146725, 0.01615698096166507, 0.01811322003328031, 0.02091026627071524, 0.023990259639811162, 0.026232392502703927, 0.02735412762773226, 0.02791515902266939, 0.026793174052354818, 0.025111058851962076, 0.024270387183359388, 0.025111070765336807, 0.026232380539814804, 0.027354150010899803, 0.027915213063596678, 0.026793239430766613, 0.025111117444983178, 0.02286987366171922, 0.02091028505364645, 0.019511413688957147, 0.018113244149053465], [0.005751225563673135, 0.005472452810629802, 0.005286632161929594, 0.005193730177065037, 0.0053795397055893535, 0.006030037402093846, 0.006959815598777341, 0.007983221952331032, 0.00872794588371062, 0.009100442266881892, 0.009286723338615577, 0.008914176827227394, 0.008355530538465272, 0.008076284618194318, 0.00835553292326674, 0.00872794391716325, 0.009100447146315638, 0.00928673416214476, 0.00891418991888071, 0.008355541812588907, 0.007610995758278838, 0.006959823261125875, 0.006494865455718202, 0.0060300484827489065], [0.005751225563800366, 0.0054724528105476455, 0.005286632161898952, 0.005193730176710654, 0.0053795397052960325, 0.006030037402083854, 0.006959815598807095, 0.007983221952345687, 0.008727945883684196, 0.009100442266929631, 0.00928672333854852, 0.008914176827183207, 0.008355530538424416, 0.008076284618199203, 0.00835553292327007, 0.008727943917294034, 0.009100447146201507, 0.00928673416215764, 0.008914189918992177, 0.008355541812613998, 0.00761099575828128, 0.0069598232611394195, 0.006494865455674903, 0.006030048482500439], [0.011512880581701523, 0.010954346015024763, 0.010582068906095365, 0.01039595680221539, 0.010768196489318926, 0.012071516009542371, 0.013934874277564457, 0.015986492738106373, 0.01747984182149076, 0.01822690378654368, 0.01860052633388798, 0.01785329706272698, 0.016732973822959574, 0.016173046655267642, 0.01673299609624057, 0.017479825383267533, 0.018226933021214142, 0.018600600897003883, 0.01785338819294413, 0.01673305621757959, 0.01524022290871252, 0.013934924468352206, 0.013003022520022833, 0.012071550341390846], [0.005751209687353986, 0.005472439186126499, 0.005286618588939973, 0.005193717095673289, 0.005379525231510529, 0.006030007140133131, 0.006959771091863631, 0.0079831559231609, 0.008727858605044547, 0.009100339943900693, 0.009286611313435333, 0.008914073923755428, 0.008355442629107257, 0.008076205401557734, 0.008355450077754067, 0.008727853395775309, 0.009100349991999934, 0.009286636249096203, 0.00891410439196183, 0.00835546987625646, 0.007610939693681207, 0.006959792177546609, 0.006494836743181409, 0.006030025238622061], [0.01151288058167732, 0.010954346016873062, 0.010582068906144215, 0.010395956802274675, 0.010768196489567616, 0.012071516009769967, 0.01393487427747897, 0.01598649273831665, 0.017479841821119946, 0.01822690378663272, 0.01860052633310838, 0.017853297062025097, 0.016732973822776387, 0.016173046656228207, 0.016732996096199715, 0.01747982538307058, 0.018226933021020963, 0.018600600897065833, 0.01785338819284865, 0.016733056217468345, 0.0152402229085562, 0.013934924468441245, 0.01300302251994001, 0.012071550341435033], [0.005751209687356429, 0.005472439186888778, 0.005286618589003478, 0.005193717095812511, 0.0053795252318460385, 0.0060300071402736855, 0.00695977109177548, 0.007983155923170893, 0.008727858605497296, 0.009100339943924007, 0.009286611311686954, 0.008914073922494437, 0.008355442630914922, 0.008076205401829073, 0.008355450078122217, 0.008727853395744445, 0.009100349992002377, 0.009286636249167257, 0.008914104391866573, 0.008355469876246246, 0.007610939693661667, 0.00695979217760212, 0.0064948367431283405, 0.006030025238616954], [0.011509589971113732, 0.010954501948513773, 0.010584709480414567, 0.010399100965585717, 0.010770319848933063, 0.012048481172956649, 0.013899050678100933, 0.015930193435397477, 0.017414546668428788, 0.01818250555387202, 0.01859576244245731, 0.01789101282693384, 0.01679973146278879, 0.016231932551710182, 0.016742638048813596, 0.01743929165458402, 0.01815426361819128, 0.0185278895997103, 0.01779706817757032, 0.016683613204551806, 0.015199851317887703, 0.013916749686296415, 0.01298183028935318, 0.012055268780792217], [0.005751485728167305, 0.005474138924024485, 0.005289367672441925, 0.005196649139445952, 0.0053820857287241175, 0.006021745390810684, 0.006946755136831184, 0.007963393055582468, 0.008708568789189686, 0.009097766236364935, 0.009309526830831416, 0.008960202217680013, 0.008415583531502735, 0.008130372826806065, 0.008382085067385248, 0.008725677024957967, 0.00907787949725547, 0.009260498861753508, 0.008893674483630987, 0.008337537179132992, 0.00759631434554664, 0.00695415127145993, 0.006487569017813888, 0.006024618160364481], [0.02882280388720737, 0.02742259558812843, 0.026489425923428733, 0.02602294195003907, 0.026955968938915165, 0.030223422833394853, 0.03489338956369514, 0.040030043022248885, 0.043763419856764685, 0.04562265899442375, 0.046549841039026374, 0.04467242695395024, 0.041863912026330885, 0.04046241285144836, 0.04187028339355625, 0.0437516715491979, 0.04564142621435319, 0.046597546118476885, 0.04473179863977239, 0.041918897630177865, 0.03817197992871968, 0.03489697277426518, 0.032559429751184865, 0.030223528828679846], [0.02304714925207052, 0.02192803417027056, 0.02118217155470159, 0.02080931163432287, 0.021555073268005875, 0.024166547966645968, 0.02790117905785494, 0.032014451829389, 0.035009304149100196, 0.036507711502550944, 0.03725712589467878, 0.03575813243110759, 0.033511112517907726, 0.032388263650616755, 0.03351124191128507, 0.035009182272168315, 0.03650791334420145, 0.037257642424277204, 0.03575875973176723, 0.03351168441734487, 0.03051814747722781, 0.027901319644585643, 0.026033393262550497, 0.02416662989490459], [0.005751234784397541, 0.005472460782480537, 0.0052866380364684495, 0.005193735527658339, 0.005379545730585189, 0.006030036104928138, 0.006959814281126464, 0.007983215661598209, 0.008727928209133484, 0.009100406882230683, 0.009286672436785937, 0.008914120782501422, 0.008355476817783813, 0.008076236918955093, 0.008355492944802423, 0.008727913499815054, 0.009100432480203313, 0.009286736793849615, 0.008914198946138763, 0.008355547588676737, 0.007610998272785219, 0.006959836908318362, 0.006494872986442912, 0.006030054177643462], [0.011513069423168876, 0.010954508536063834, 0.010582215271351725, 0.010396095527189786, 0.010768350760425927, 0.012071733672228246, 0.013935205459481459, 0.015986977014105452, 0.017480449898627848, 0.018227557159330887, 0.018601190416525304, 0.017853862025739797, 0.016733425116510547, 0.01617345593440689, 0.01673347384678503, 0.01748040450345756, 0.018227633688703504, 0.01860138505239517, 0.017854098353327297, 0.016733639947137835, 0.01524066297678317, 0.013935260586916298, 0.013003295029535566, 0.012071768039612962], [0.0057512726632180655, 0.005472493385628718, 0.0052866674042846284, 0.005193763364665704, 0.005379576681023401, 0.006030079841081282, 0.006959881784682098, 0.007983317872690687, 0.008728062014023541, 0.009100558540691361, 0.009286833511661818, 0.008914262924795135, 0.008355593573296849, 0.008076342278758197, 0.00835560987194306, 0.008728047127146477, 0.009100584418458624, 0.0092868986259933, 0.008914341969992856, 0.008355665108620958, 0.007611086828750668, 0.006959904409091333, 0.006494927673174944, 0.006030097844492266], [0.0344800813545334, 0.032809983493298, 0.031711745123711665, 0.031160028755154334, 0.032271819963769044, 0.036585029623681375, 0.04211248744144647, 0.04819714464223268, 0.05262526891866748, 0.05484020272252654, 0.055947868433609216, 0.053732427636038915, 0.0504105119101137, 0.04871862849457265, 0.05033708855782493, 0.05259573933373485, 0.054840347022899305, 0.05594821978760711, 0.053732909367103066, 0.05041103116500656, 0.04598405469737332, 0.04172561987789236, 0.03899380087319071, 0.03621573165172731], [0.028729677974198342, 0.02733877701883225, 0.026429588822214356, 0.0259707422171509, 0.026897003396082253, 0.030522682597318163, 0.03513103008909746, 0.04020308675293327, 0.04389373344924219, 0.04573960230332896, 0.04666265475029685, 0.0448164030283591, 0.04204785392278665, 0.040635513838912285, 0.04198110857064852, 0.04386682421067123, 0.04573973636424489, 0.046662982928570074, 0.04481685174196515, 0.042048334932714315, 0.03835840303695415, 0.034771555260519005, 0.03250536688393679, 0.030190575159277033], [0.022983159033772793, 0.021870923132055076, 0.021148538716124543, 0.020782134039775135, 0.021523113651264136, 0.02444731180446369, 0.02813728282143768, 0.03219795341378506, 0.035152274396039074, 0.03662974045601741, 0.03736853234889348, 0.035890784858008784, 0.033674678857699814, 0.03254251235047256, 0.033617189737352726, 0.035129041563519925, 0.036629861140476505, 0.03736882962314714, 0.03589118856392015, 0.03367510740201518, 0.03072118306226046, 0.02782128742574641, 0.026016331435847695, 0.024164194390337013], [0.0057511926346554, 0.005472423462769438, 0.00528659315180513, 0.005193691062340022, 0.005379497297679725, 0.006029904851167389, 0.006959635639790074, 0.007982978970733301, 0.008727648259075904, 0.009100111979972736, 0.00928637434195867, 0.008913855110103563, 0.00835524965226675, 0.008076030828568115, 0.008355273030640653, 0.008727650070234017, 0.009100121863780952, 0.009286398861125589, 0.00891388504549484, 0.00835527643227274, 0.007610778384495642, 0.006959747109154701, 0.006494776051081175, 0.006029973056466353], [0.011488262110375347, 0.01093300652612994, 0.010580729321177929, 0.010399220507800955, 0.010769300358010492, 0.012324977622794275, 0.014167064292546883, 0.01619362086413112, 0.01766763892765799, 0.018404664036848928, 0.01877316596926959, 0.018035999539171232, 0.016930368830082143, 0.01635856919080325, 0.0168851159885941, 0.01764931169050743, 0.01840475620732973, 0.018773394688192724, 0.018036308802453993, 0.016930698413205825, 0.015456693864067672, 0.01391317291454941, 0.01302962125900553, 0.01210452185993005], [0.005745542399268722, 0.005467933715478601, 0.005293743041048016, 0.005203256602363204, 0.005388361892139981, 0.0061813789442368705, 0.00710361240249946, 0.008118110850802829, 0.008855947596444036, 0.009224851534175071, 0.009409291059622626, 0.0090403130675758, 0.008486885343760298, 0.008199623987991567, 0.008461678567811548, 0.008845722723295868, 0.009224905649558579, 0.009409425902938695, 0.009040493785997805, 0.008487077135546972, 0.007749217597735392, 0.006960541461638492, 0.006522173790049601, 0.006059317513082529]]
Q_grid = [12.407360210958956, 11.804152049589419, 11.402307833958133, 11.20150700897402, 11.60338605934453, 13.0283572079571, 15.038593834600917, 17.251469869244914, 18.861585129417023, 19.66587876109594, 20.068632692942103, 19.26164314439714, 18.052477717966468, 17.446346232136804, 18.048144776634047, 18.85776155975637, 19.670198119336234, 20.079893147854378, 19.275049844681533, 18.063281512684853, 16.449657624137004, 15.024259648432107, 14.017942004627486, 13.011797402998084]
alpha_1 = [[0.12113219482578802, 0.0, 0.0], [0.1414168301050015, 0.0, 0.0], [0.2072223557048435, 0.0, 0.0], [0.13900414623357127, 0.0, 0.0], [0.20833333276312016, 0.0, 0.0], [0.21576858306548843, 0.0, 0.0], [0.2013916345632686, 0.0, 0.0], [0.18409088450892575, 0.0, 0.0], [0.19194891612011536, 0.0, 0.0], [0.22497028232719046, 0.0, 0.0], [0.26615784515368435, 0.0, 0.0], [0.2777777721655042, 0.0, 0.0], [0.2777777739945933, 0.0, 0.0], [0.27777775958648543, 0.0, 0.0], [0.27777775758845424, 0.0, 0.0], [0.2777777538518954, 0.0, 0.0], [0.27777774909255276, 0.0, 0.0], [0.2648380266881163, 0.0, 0.0], [0.2730065236629535, 0.0, 0.0], [0.27529658458805406, 0.0, 0.0], [0.11904761940385594, 0.0, 0.0], [0.2035262461934875, 0.0, 0.0], [0.16617985362293275, 0.0, 0.0], [0.16666666666666666, 0.0, 0.0]]
alpha_10 = [[0.21669246612476056, 0.0, 0.0], [0.217501964243574, 0.0, 0.0], [0.21409807289879407, 0.0, 0.0], [0.2200302099745152, 0.0, 0.0], [0.20980608577925022, 0.0, 0.0], [0.19657725426849096, 0.0, 0.0], [0.1906473358578038, 0.0, 0.0], [0.18370523855800308, 0.0, 0.0], [0.18863442437300554, 0.0, 0.0], [0.2100266329338322, 0.0, 0.0], [0.23884572468966514, 0.0, 0.0], [0.26349047592749886, 0.0, 0.0], [0.277777775362618, 0.0, 0.0], [0.2777777648468277, 0.0, 0.0], [0.27777775996738585, 0.0, 0.0], [0.2777777539863734, 0.0, 0.0], [0.2724044124828897, 0.0, 0.0], [0.2552963954487709, 0.0, 0.0], [0.2657160078333376, 0.0, 0.0], [0.1264198782437742, 0.0, 0.0], [0.11904761920573426, 0.0, 0.0], [0.18383962497735307, 0.0, 0.0], [0.16673085402872018, 0.0, 0.0], [0.16666666666666666, 0.0, 0.0]]
alpha_11 = [[0.21669246612477244, 0.0, 0.0], [0.21750196424357449, 0.0, 0.0], [0.21409807289879407, 0.0, 0.0], [0.22003020997451528, 0.0, 0.0], [0.2098060857792501, 0.0, 0.0], [0.19657725426849104, 0.0, 0.0], [0.1906473358578035, 0.0, 0.0], [0.18370523855800347, 0.0, 0.0], [0.1886344243730054, 0.0, 0.0], [0.21002663293383195, 0.0, 0.0], [0.2388457246896653, 0.0, 0.0], [0.2634904759274988, 0.0, 0.0], [0.277777775362618, 0.0, 0.0], [0.2777777648468277, 0.0, 0.0], [0.27777775996738585, 0.0, 0.0], [0.2777777539863734, 0.0, 0.0], [0.2724044124828898, 0.0, 0.0], [0.2552963954487713, 0.0, 0.0], [0.26571600783333704, 0.0, 0.0], [0.12641987824377418, 0.0, 0.0], [0.11904761920573426, 0.0, 0.0], [0.1838396249773531, 0.0, 0.0], [0.16673085402871926, 0.0, 0.0], [0.16666666666666666, 0.0, 0.0]]
alpha_12 = [[0.1571088437128718, 0.0, 0.0], [0.20622923951479452, 0.0, 0.0], [0.2312883873031708, 0.0, 0.0], [0.2439769705189223, 0.0, 0.0], [0.232100765514916, 0.0, 0.0], [0.16500778010243353, 0.0, 0.0], [0.16127878526639589, 0.0, 0.0], [0.15654368285893996, 0.0, 0.0], [0.15910417113126243, 0.0, 0.0], [0.17000485623802544, 0.0, 0.0], [0.18276760228376315, 0.0, 0.0], [0.1890929050139817, 0.0, 0.0], [0.19082438814944153, 0.0, 0.0], [0.17565875302816164, 0.0, 0.0], [0.1650513120955771, 0.0, 0.0], [0.14735969911155622, 0.0, 0.0], [0.14043666620011902, 0.0, 0.0], [0.14504556695881168, 0.0, 0.0], [0.16713460825056645, 0.0, 0.0], [0.1541456325763513, 0.0, 0.0], [0.11904761910596669, 0.0, 0.0], [0.20001555644618282, 0.0, 0.0], [0.16228118623751067, 0.0, 0.0], [0.16666666666666669, 0.0, 0.0]]
alpha_13 = [[0.13605540932767807, 0.0, 0.0], [0.2117273456322041, 0.0, 0.0], [0.20506250060794495, 0.0, 0.0], [0.22693447624751734, 0.0, 0.0], [0.2130040572653276, 0.0, 0.0], [0.2020661224631697, 0.0, 0.0], [0.19461740277121803, 0.0, 0.0], [0.1860724786857383, 0.0, 0.0], [0.19141856095834925, 0.0, 0.0], [0.2147771139126094, 0.0, 0.0], [0.24605709699160982, 0.0, 0.0], [0.26856932358444263, 0.0, 0.0], [0.2776835972318832, 0.0, 0.0], [0.2777777637480472, 0.0, 0.0], [0.27777772191129546, 0.0, 0.0], [0.20468636557672829, 0.0, 0.0], [0.18994064251991272, 0.0, 0.0], [0.22738714096598395, 0.0, 0.0], [0.2333713123642417, 0.0, 0.0], [0.15833154679612818, 0.0, 0.0], [0.11904761912823338, 0.0, 0.0], [0.1993890877562986, 0.0, 0.0], [0.16548696454545997, 0.0, 0.0], [0.16666666666666666, 0.0, 0.0]]
alpha_14 = [[0.13889006483946473, 0.0, 0.0], [0.22168042165897972, 0.0, 0.0], [0.21902459733583546, 0.0, 0.0], [0.22547032314469628, 0.0, 0.0], [0.21283101431266063, 0.0, 0.0], [0.20042476051098784, 0.0, 0.0], [0.19339784595262582, 0.0, 0.0], [0.18582738195673057, 0.0, 0.0], [0.1910355850683774, 0.0, 0.0], [0.21335633389141542, 0.0, 0.0], [0.2434473443671462, 0.0, 0.0], [0.26730343449034855, 0.0, 0.0], [0.27767014823336805, 0.0, 0.0], [0.27777776522502223, 0.0, 0.0], [0.27777773724194565, 0.0, 0.0], [0.2203435744166432, 0.0, 0.0], [0.20512162604687312, 0.0, 0.0], [0.26136675356851286, 0.0, 0.0], [0.2281606684544326, 0.0, 0.0], [0.14916821917991568, 0.0, 0.0], [0.1190476191298877, 0.0, 0.0], [0.19166237560422378, 0.0, 0.0], [0.1620599064228777, 0.0, 0.0], [0.16666666666666666, 0.0, 0.0]]
alpha_15 = [[0.1428585940947909, 0.0, 0.0], [0.2228321284299543, 0.0, 0.0], [0.21822123977130492, 0.0, 0.0], [0.22388844250006062, 0.0, 0.0], [0.21239004056221114, 0.0, 0.0], [0.19901560415945688, 0.0, 0.0], [0.19213400465870395, 0.0, 0.0], [0.1854074069042039, 0.0, 0.0], [0.19062065868980993, 0.0, 0.0], [0.21208250959810815, 0.0, 0.0], [0.24107628263644437, 0.0, 0.0], [0.2656340294255836, 0.0, 0.0], [0.27765221820629526, 0.0, 0.0], [0.2777777656657548, 0.0, 0.0], [0.27777774663369165, 0.0, 0.0], [0.24642337424054905, 0.0, 0.0], [0.23044644601749678, 0.0, 0.0], [0.260137136295041, 0.0, 0.0], [0.2215646308855318, 0.0, 0.0], [0.13848214287479424, 0.0, 0.0], [0.11904761913307589, 0.0, 0.0], [0.19920357984636305, 0.0, 0.0], [0.16208716247523847, 0.0, 0.0], [0.16666666666666666, 0.0, 0.0]]
alpha_16 = [[0.1562398757363188, 0.0, 0.0], [0.22206257031873738, 0.0, 0.0], [0.21718976556621422, 0.0, 0.0], [0.2242125500476897, 0.0, 0.0], [0.2113499290243898, 0.0, 0.0], [0.19825393410969766, 0.0, 0.0], [0.19163654171715863, 0.0, 0.0], [0.1850576010048435, 0.0, 0.0], [0.19016763521642382, 0.0, 0.0], [0.21138687596631395, 0.0, 0.0], [0.24015766751330553, 0.0, 0.0], [0.2650540322025493, 0.0, 0.0], [0.2777777763826162, 0.0, 0.0], [0.2777777653473129, 0.0, 0.0], [0.2777777548671414, 0.0, 0.0], [0.2777777463998903, 0.0, 0.0], [0.27487711373288914, 0.0, 0.0], [0.25905685056583794, 0.0, 0.0], [0.23112800123527422, 0.0, 0.0], [0.1277702603842853, 0.0, 0.0], [0.1190476191434515, 0.0, 0.0], [0.1841172934403642, 0.0, 0.0], [0.1653655888675796, 0.0, 0.0], [0.16666666666666666, 0.0, 0.0]]
alpha_17 = [[0.2272298859379372, 0.0, 0.0], [0.2223360351049847, 0.0, 0.0], [0.21501514358715673, 0.0, 0.0], [0.22010255504975945, 0.0, 0.0], [0.20950266913600968, 0.0, 0.0], [0.19549500044067902, 0.0, 0.0], [0.1888682421728112, 0.0, 0.0], [0.18331194335957907, 0.0, 0.0], [0.188650180486371, 0.0, 0.0], [0.20876997855031776, 0.0, 0.0], [0.23579416094994465, 0.0, 0.0], [0.2592998911042974, 0.0, 0.0], [0.277777775791874, 0.0, 0.0], [0.27777776420197925, 0.0, 0.0], [0.2777777587656759, 0.0, 0.0], [0.27777775743193855, 0.0, 0.0], [0.2720364139437238, 0.0, 0.0], [0.25510705514274407, 0.0, 0.0], [0.1995632077855775, 0.0, 0.0], [0.11904762014758931, 0.0, 0.0], [0.11904761917735007, 0.0, 0.0], [0.13769096469313596, 0.0, 0.0], [0.16757770468927763, 0.0, 0.0], [0.16666666666666666, 0.0, 0.0]]
alpha_18 = [[0.1442394792861668, 0.0, 0.0], [0.22470164006096632, 0.0, 0.0], [0.2177222372105823, 0.0, 0.0], [0.22086656741681748, 0.0, 0.0], [0.21192586684710402, 0.0, 0.0], [0.19744048208521925, 0.0, 0.0], [0.19042799368854008, 0.0, 0.0], [0.1846712886735271, 0.0, 0.0], [0.19010560564012158, 0.0, 0.0], [0.21063689212474018, 0.0, 0.0], [0.2382130226850097, 0.0, 0.0], [0.26219567862655, 0.0, 0.0], [0.27752677321953684, 0.0, 0.0], [0.2777777658355656, 0.0, 0.0], [0.2777777532941964, 0.0, 0.0], [0.27777773768722475, 0.0, 0.0], [0.2741188064523873, 0.0, 0.0], [0.25854830683288266, 0.0, 0.0], [0.20233466300010428, 0.0, 0.0], [0.12461684974957232, 0.0, 0.0], [0.11904761913592427, 0.0, 0.0], [0.22407025688555532, 0.0, 0.0], [0.16490686268947932, 0.0, 0.0], [0.16666666666666666, 0.0, 0.0]]
alpha_19 = [[0.1613066605324642, 0.0, 0.0], [0.22577731125811476, 0.0, 0.0], [0.21651483772134786, 0.0, 0.0], [0.21686538745991873, 0.0, 0.0], [0.21047600296515018, 0.0, 0.0], [0.19528281205599857, 0.0, 0.0], [0.18822581513552172, 0.0, 0.0], [0.1833616115442718, 0.0, 0.0], [0.18906916324275616, 0.0, 0.0], [0.20867221161709648, 0.0, 0.0], [0.23472812196771367, 0.0, 0.0], [0.25750345708294203, 0.0, 0.0], [0.2774014412309098, 0.0, 0.0], [0.27777776530675835, 0.0, 0.0], [0.2777777573198361, 0.0, 0.0], [0.27777775325193893, 0.0, 0.0], [0.27232523940899955, 0.0, 0.0], [0.2558035621403392, 0.0, 0.0], [0.178562283229484, 0.0, 0.0], [0.11904761970750938, 0.0, 0.0], [0.11904761914987662, 0.0, 0.0], [0.20887674182469423, 0.0, 0.0], [0.1640346228587065, 0.0, 0.0], [0.16666666666666666, 0.0, 0.0]]
alpha_2 = [[0.1436331223326227, 0.0, 0.0], [0.21368796393817685, 0.0, 0.0], [0.2204985521879325, 0.0, 0.0], [0.2284475824566993, 0.0, 0.0], [0.21177676352756442, 0.0, 0.0], [0.20495074492942714, 0.0, 0.0], [0.19732228789186748, 0.0, 0.0], [0.18593967686242102, 0.0, 0.0], [0.19133690166039827, 0.0, 0.0], [0.2173789328313836, 0.0, 0.0], [0.25177705733980954, 0.0, 0.0], [0.2731729203676138, 0.0, 0.0], [0.2777777760902537, 0.0, 0.0], [0.27777776312331864, 0.0, 0.0], [0.2777777503074739, 0.0, 0.0], [0.24397556427514755, 0.0, 0.0], [0.2212024907819667, 0.0, 0.0], [0.2403356316618326, 0.0, 0.0], [0.24290566031705718, 0.0, 0.0], [0.20720209106821313, 0.0, 0.0], [0.11904761916393326, 0.0, 0.0], [0.19066984712575855, 0.0, 0.0], [0.16402667413747266, 0.0, 0.0], [0.16666666666666669, 0.0, 0.0]]
alpha_20 = [[0.25007834507403526, 0.0, 0.0], [0.22587619278803453, 0.0, 0.0], [0.21541343256850012, 0.0, 0.0], [0.2088336882293134, 0.0, 0.0], [0.20833333300307416, 0.0, 0.0], [0.19265230092471097, 0.0, 0.0], [0.18560322147058964, 0.0, 0.0], [0.1814874577313747, 0.0, 0.0], [0.18752237823173226, 0.0, 0.0], [0.20628175901142445, 0.0, 0.0], [0.23079647903320047, 0.0, 0.0], [0.2522147104663016, 0.0, 0.0], [0.27702612350295314, 0.0, 0.0], [0.27777776388014286, 0.0, 0.0], [0.27777775943960936, 0.0, 0.0], [0.27777775633623114, 0.0, 0.0], [0.26844823726597256, 0.0, 0.0], [0.25213263775750905, 0.0, 0.0], [0.13285795449219026, 0.0, 0.0], [0.11904761965429962, 0.0, 0.0], [0.11904761917577267, 0.0, 0.0], [0.20548067808853201, 0.0, 0.0], [0.1668277719586673, 0.0, 0.0], [0.16666666666666666, 0.0, 0.0]]
alpha_21 = [[0.17996298499290134, 0.0, 0.0], [0.20245731628473396, 0.0, 0.0], [0.2523002832812063, 0.0, 0.0], [0.2569793493088629, 0.0, 0.0], [0.24855016929634233, 0.0, 0.0], [0.14463688643231576, 0.0, 0.0], [0.14280530981786876, 0.0, 0.0], [0.140137813450505, 0.0, 0.0], [0.141365766718441, 0.0, 0.0], [0.14686362189686825, 0.0, 0.0], [0.15291097977804907, 0.0, 0.0], [0.1551160515593633, 0.0, 0.0], [0.15519993261125134, 0.0, 0.0], [0.13834102451239533, 0.0, 0.0], [0.13142492996362737, 0.0, 0.0], [0.12516153962126894, 0.0, 0.0], [0.12097210396052496, 0.0, 0.0], [0.11904765513644645, 0.0, 0.0], [0.14452694846291256, 0.0, 0.0], [0.1463134554780508, 0.0, 0.0], [0.1190476190870612, 0.0, 0.0], [0.19594493693536474, 0.0, 0.0], [0.1650832014327872, 0.0, 0.0], [0.16666666666666666, 0.0, 0.0]]
alpha_22 = [[0.18852595651600845, 0.0, 0.0], [0.2019698717271271, 0.0, 0.0], [0.2548386799961313, 0.0, 0.0], [0.2588283538225328, 0.0, 0.0], [0.2520515250697425, 0.0, 0.0], [0.1404422052944887, 0.0, 0.0], [0.1390559625782501, 0.0, 0.0], [0.13700772382299295, 0.0, 0.0], [0.13797239293968372, 0.0, 0.0], [0.14235958862744905, 0.0, 0.0], [0.1472198909849632, 0.0, 0.0], [0.14926522252382068, 0.0, 0.0], [0.14934979192641207, 0.0, 0.0], [0.13243976141131142, 0.0, 0.0], [0.130120868330861, 0.0, 0.0], [0.12415908386594161, 0.0, 0.0], [0.12056328671115996, 0.0, 0.0], [0.11904765780652146, 0.0, 0.0], [0.13862414381810528, 0.0, 0.0], [0.14041457228879548, 0.0, 0.0], [0.11904761908488648, 0.0, 0.0], [0.20786326777634478, 0.0, 0.0], [0.1625578035587083, 0.0, 0.0], [0.16666666666666666, 0.0, 0.0]]
alpha_23 = [[0.19989011733229703, 0.0, 0.0], [0.21667164568159072, 0.0, 0.0], [0.2583617069804914, 0.0, 0.0], [0.26135555861805704, 0.0, 0.0], [0.2561215154400429, 0.0, 0.0], [0.13588958031115705, 0.0, 0.0], [0.1348788907866084, 0.0, 0.0], [0.13341436735297116, 0.0, 0.0], [0.13414095505945672, 0.0, 0.0], [0.13742301275025443, 0.0, 0.0], [0.1410724996660968, 0.0, 0.0], [0.1428282803172744, 0.0, 0.0], [0.14291325836655075, 0.0, 0.0], [0.13101239022429031, 0.0, 0.0], [0.12866218683145741, 0.0, 0.0], [0.12303649326742139, 0.0, 0.0], [0.12013252015455568, 0.0, 0.0], [0.11904766112126086, 0.0, 0.0], [0.13217412730901665, 0.0, 0.0], [0.13396144705147942, 0.0, 0.0], [0.11904761908228895, 0.0, 0.0], [0.22415367695064198, 0.0, 0.0], [0.16039908965245442, 0.0, 0.0], [0.16666666666666666, 0.0, 0.0]]
alpha_24 = [[0.21569877551737074, 0.0, 0.0], [0.23770999918579017, 0.0, 0.0], [0.26302624676689, 0.0, 0.0], [0.264872361025515, 0.0, 0.0], [0.2611396121429409, 0.0, 0.0], [0.13086363294695097, 0.0, 0.0], [0.1301948800218707, 0.0, 0.0], [0.12927304340973844, 0.0, 0.0], [0.12977024862034622, 0.0, 0.0], [0.13194906739446252, 0.0, 0.0], [0.13437096360641926, 0.0, 0.0], [0.13571250922084796, 0.0, 0.0], [0.13579751385769506, 0.0, 0.0], [0.12949694785347698, 0.0, 0.0], [0.12701680362211282, 0.0, 0.0], [0.12176266593408726, 0.0, 0.0], [0.11967668172411917, 0.0, 0.0], [0.11904766517446816, 0.0, 0.0], [0.12509710878483474, 0.0, 0.0], [0.12687211679458346, 0.0, 0.0], [0.11904761907944666, 0.0, 0.0], [0.24776229512265172, 0.0, 0.0], [0.16100369932718517, 0.0, 0.0], [0.16666666666666666, 0.0, 0.0]]
alpha_25 = [[0.11904762000174113, 0.0, 0.0], [0.22612138538061224, 0.0, 0.0], [0.21907948583574477, 0.0, 0.0], [0.22319754499858596, 0.0, 0.0], [0.2118142678955845, 0.0, 0.0], [0.20105875732105988, 0.0, 0.0], [0.1941064406373465, 0.0, 0.0], [0.18603528572943984, 0.0, 0.0], [0.1909805741113009, 0.0, 0.0], [0.21411448892117202, 0.0, 0.0], [0.2465271931397959, 0.0, 0.0], [0.27451886683277194, 0.0, 0.0], [0.2777777753861449, 0.0, 0.0], [0.2777776476392836, 0.0, 0.0], [0.1992196577906015, 0.0, 0.0], [0.13020045093831034, 0.0, 0.0], [0.12025153330853697, 0.0, 0.0], [0.11904804209547815, 0.0, 0.0], [0.11904763044298868, 0.0, 0.0], [0.11904762169632976, 0.0, 0.0], [0.11904761924420135, 0.0, 0.0], [0.2777777773311964, 0.0, 0.0], [0.16631127097300918, 0.0, 0.0], [0.16666666666666666, 0.0, 0.0]]
alpha_26 = [[0.2777777776686374, 0.0, 0.0], [0.2777777776849649, 0.0, 0.0], [0.2777777776976047, 0.0, 0.0], [0.2777777777243317, 0.0, 0.0], [0.27777777773268886, 0.0, 0.0], [0.11904761910906593, 0.0, 0.0], [0.11904761908339433, 0.0, 0.0], [0.11904761907127652, 0.0, 0.0], [0.11904761906112812, 0.0, 0.0], [0.11904761906008517, 0.0, 0.0], [0.11904761905977287, 0.0, 0.0], [0.11904761906148432, 0.0, 0.0], [0.11904761907109415, 0.0, 0.0], [0.11904761906204173, 0.0, 0.0], [0.11904761906144255, 0.0, 0.0], [0.1190476190600253, 0.0, 0.0], [0.11904761905769047, 0.0, 0.0], [0.11904761905429355, 0.0, 0.0], [0.11904761905385172, 0.0, 0.0], [0.11904761905384657, 0.0, 0.0], [0.1190476190526382, 0.0, 0.0], [0.24060556902875388, 0.0, 0.0], [0.16113489069617973, 0.0, 0.0], [0.16666666666666663, 0.0, 0.0]]
alpha_27 = [[0.19037180026643924, 0.0, 0.0], [0.19217189133786594, 0.0, 0.0], [0.2006004619497828, 0.0, 0.0], [0.20053415771830455, 0.0, 0.0], [0.19049005804723268, 0.0, 0.0], [0.14994034392155228, 0.0, 0.0], [0.145765708002198, 0.0, 0.0], [0.1480320853863797, 0.0, 0.0], [0.15592152958430422, 0.0, 0.0], [0.15233432528492674, 0.0, 0.0], [0.155821360255197, 0.0, 0.0], [0.16323105562571688, 0.0, 0.0], [0.16163206409035952, 0.0, 0.0], [0.16096713742833407, 0.0, 0.0], [0.15495839603228823, 0.0, 0.0], [0.14747406641687233, 0.0, 0.0], [0.14586918466905968, 0.0, 0.0], [0.14128970388018916, 0.0, 0.0], [0.14529887027910898, 0.0, 0.0], [0.1463327112224639, 0.0, 0.0], [0.13880394855831768, 0.0, 0.0], [0.1856782505676892, 0.0, 0.0], [0.16786747156771437, 0.0, 0.0], [0.16666666666666666, 0.0, 0.0]]
alpha_28 = [[0.21628845728464735, 0.0, 0.0], [0.21894047398059263, 0.0, 0.0], [0.2324478582870027, 0.0, 0.0], [0.23234103788422236, 0.0, 0.0], [0.18022330495700503, 0.0, 0.0], [0.15814820026153256, 0.0, 0.0], [0.15261609302211762, 0.0, 0.0], [0.14235771679051643, 0.0, 0.0], [0.16621845875267777, 0.0, 0.0], [0.16135771763191073, 0.0, 0.0], [0.16608187964657012, 0.0, 0.0], [0.176318884297515, 0.0, 0.0], [0.17408654013949718, 0.0, 0.0], [0.17316203715549222, 0.0, 0.0], [0.16472166825342952, 0.0, 0.0], [0.13482496839731598, 0.0, 0.0], [0.13378164751785118, 0.0, 0.0], [0.13631006506207896, 0.0, 0.0], [0.13349393019007447, 0.0, 0.0], [0.13404332957975612, 0.0, 0.0], [0.12644442075589302, 0.0, 0.0], [0.17413131417442632, 0.0, 0.0], [0.16564424435682487, 0.0, 0.0], [0.16666666666666669, 0.0, 0.0]]
alpha_29 = [[0.24536183190119923, 0.0, 0.0], [0.2770609256485577, 0.0, 0.0], [0.2777777754005601, 0.0, 0.0], [0.2777777740482513, 0.0, 0.0], [0.20678929950827876, 0.0, 0.0], [0.1722956022588902, 0.0, 0.0], [0.1641905034987927, 0.0, 0.0], [0.14193232626662405, 0.0, 0.0], [0.18449422855720843, 0.0, 0.0], [0.1770926094158391, 0.0, 0.0], [0.18428396562581753, 0.0, 0.0], [0.20042378388228144, 0.0, 0.0], [0.19683734105062647, 0.0, 0.0], [0.1953631599242373, 0.0, 0.0], [0.17159461610927584, 0.0, 0.0], [0.12262661539858234, 0.0, 0.0], [0.11904762070891059, 0.0, 0.0], [0.12246404874600876, 0.0, 0.0], [0.11904762141557271, 0.0, 0.0], [0.1190476203041465, 0.0, 0.0], [0.11904762061423292, 0.0, 0.0], [0.15927395175053788, 0.0, 0.0], [0.16209440691805932, 0.0, 0.0], [0.16666666666666666, 0.0, 0.0]]
alpha_3 = [[0.1492974364017403, 0.0, 0.0], [0.21263262923412418, 0.0, 0.0], [0.21946396180103817, 0.0, 0.0], [0.22784879106473277, 0.0, 0.0], [0.2115696818908828, 0.0, 0.0], [0.20429921965150843, 0.0, 0.0], [0.1972856329786668, 0.0, 0.0], [0.18584278270657167, 0.0, 0.0], [0.19097071918417186, 0.0, 0.0], [0.216881984147289, 0.0, 0.0], [0.25128879350917943, 0.0, 0.0], [0.27418194162884113, 0.0, 0.0], [0.27777777601295195, 0.0, 0.0], [0.2777777644665056, 0.0, 0.0], [0.27777775648060526, 0.0, 0.0], [0.2777776776028781, 0.0, 0.0], [0.2603349671331349, 0.0, 0.0], [0.26101387232161327, 0.0, 0.0], [0.2728952832467253, 0.0, 0.0], [0.22170780731375916, 0.0, 0.0], [0.11904761916981879, 0.0, 0.0], [0.18733593370445684, 0.0, 0.0], [0.1656275105285469, 0.0, 0.0], [0.16666666666666666, 0.0, 0.0]]
alpha_30 = [[0.27777776004825927, 0.0, 0.0], [0.2777777732995625, 0.0, 0.0], [0.27777777583141305, 0.0, 0.0], [0.2777777741229169, 0.0, 0.0], [0.2610125354917585, 0.0, 0.0], [0.2150028974833086, 0.0, 0.0], [0.18732536172783087, 0.0, 0.0], [0.17652786103126178, 0.0, 0.0], [0.18573386021414343, 0.0, 0.0], [0.2030091866372763, 0.0, 0.0], [0.2264214847188706, 0.0, 0.0], [0.24623427804904774, 0.0, 0.0], [0.26950956356702876, 0.0, 0.0], [0.27777774877901457, 0.0, 0.0], [0.22565436439490016, 0.0, 0.0], [0.13478259263325193, 0.0, 0.0], [0.11904762135216707, 0.0, 0.0], [0.12952328995623924, 0.0, 0.0], [0.11904762241809687, 0.0, 0.0], [0.11904762064742887, 0.0, 0.0], [0.11904762030064864, 0.0, 0.0], [0.2717562535215209, 0.0, 0.0], [0.16482063886122506, 0.0, 0.0], [0.16666666666666666, 0.0, 0.0]]
alpha_31 = [[0.27717657679962066, 0.0, 0.0], [0.2763478044583042, 0.0, 0.0], [0.27777777492754696, 0.0, 0.0], [0.27777777429718553, 0.0, 0.0], [0.2609747772621575, 0.0, 0.0], [0.19675715472989974, 0.0, 0.0], [0.18825930630537063, 0.0, 0.0], [0.1416669669604726, 0.0, 0.0], [0.185736545297036, 0.0, 0.0], [0.2024748424701062, 0.0, 0.0], [0.22499490032888472, 0.0, 0.0], [0.24397314858219732, 0.0, 0.0], [0.2435785374399633, 0.0, 0.0], [0.23599685753374666, 0.0, 0.0], [0.18289985453460594, 0.0, 0.0], [0.11904768555503677, 0.0, 0.0], [0.1190476205305935, 0.0, 0.0], [0.12090412625928096, 0.0, 0.0], [0.11904762103327295, 0.0, 0.0], [0.11904762011415482, 0.0, 0.0], [0.11904761987098278, 0.0, 0.0], [0.15344255209313293, 0.0, 0.0], [0.16353004490358394, 0.0, 0.0], [0.16666666666666666, 0.0, 0.0]]
alpha_32 = [[0.2765779952586296, 0.0, 0.0], [0.2749324806989009, 0.0, 0.0], [0.27777777310762036, 0.0, 0.0], [0.2777777736734221, 0.0, 0.0], [0.25801835866262046, 0.0, 0.0], [0.21641445623632283, 0.0, 0.0], [0.18691524604721416, 0.0, 0.0], [0.17489802101590424, 0.0, 0.0], [0.18410605772932934, 0.0, 0.0], [0.20041085510684556, 0.0, 0.0], [0.22167336663835793, 0.0, 0.0], [0.23948746314129638, 0.0, 0.0], [0.26163207119605175, 0.0, 0.0], [0.2777777437108108, 0.0, 0.0], [0.19877681475720943, 0.0, 0.0], [0.11904774860246022, 0.0, 0.0], [0.11904762095287125, 0.0, 0.0], [0.12281942315150675, 0.0, 0.0], [0.1190476214993611, 0.0, 0.0], [0.11904762026467382, 0.0, 0.0], [0.11904762025347101, 0.0, 0.0], [0.2048871134851055, 0.0, 0.0], [0.16621229723893965, 0.0, 0.0], [0.16666666666666666, 0.0, 0.0]]
alpha_33 = [[0.1922482564426182, 0.0, 0.0], [0.19009048211063512, 0.0, 0.0], [0.18106029053305642, 0.0, 0.0], [0.18112515473237614, 0.0, 0.0], [0.1921037349818768, 0.0, 0.0], [0.14510092489858992, 0.0, 0.0], [0.15009270853626674, 0.0, 0.0], [0.14730605832712815, 0.0, 0.0], [0.13891283652530947, 0.0, 0.0], [0.14250033531365006, 0.0, 0.0], [0.139008372350134, 0.0, 0.0], [0.13256629555653446, 0.0, 0.0], [0.1338568334910755, 0.0, 0.0], [0.13440860319924958, 0.0, 0.0], [0.13984207416502092, 0.0, 0.0], [0.14797465872959764, 0.0, 0.0], [0.1499612636657006, 0.0, 0.0], [0.1562072899290928, 0.0, 0.0], [0.1506909497115713, 0.0, 0.0], [0.14937752930715836, 0.0, 0.0], [0.16000894623165854, 0.0, 0.0], [0.170926692756502, 0.0, 0.0], [0.16772104720291198, 0.0, 0.0], [0.16666666666666669, 0.0, 0.0]]
alpha_34 = [[0.22069920954649336, 0.0, 0.0], [0.2077242386153038, 0.0, 0.0], [0.20816949843086457, 0.0, 0.0], [0.2082766924224319, 0.0, 0.0], [0.17959921901124448, 0.0, 0.0], [0.15349916206096254, 0.0, 0.0], [0.16056039271266026, 0.0, 0.0], [0.140200350896126, 0.0, 0.0], [0.1449601319602787, 0.0, 0.0], [0.1498821359228459, 0.0, 0.0], [0.14509020274411819, 0.0, 0.0], [0.13643971262874122, 0.0, 0.0], [0.13815331159788513, 0.0, 0.0], [0.13888888984027087, 0.0, 0.0], [0.14601556339944208, 0.0, 0.0], [0.1324960949101878, 0.0, 0.0], [0.13522088918421832, 0.0, 0.0], [0.1428386646164232, 0.0, 0.0], [0.13634202089600225, 0.0, 0.0], [0.1343676182045018, 0.0, 0.0], [0.14511176310803658, 0.0, 0.0], [0.15724417927280374, 0.0, 0.0], [0.1675597152834291, 0.0, 0.0], [0.16666666666666666, 0.0, 0.0]]
alpha_35 = [[0.26370712923123474, 0.0, 0.0], [0.27633726726972824, 0.0, 0.0], [0.27738966298500234, 0.0, 0.0], [0.2776435423207348, 0.0, 0.0], [0.21626590243259194, 0.0, 0.0], [0.16988721669943374, 0.0, 0.0], [0.1816778549472272, 0.0, 0.0], [0.13313759030386466, 0.0, 0.0], [0.1563005216905744, 0.0, 0.0], [0.16404525274170337, 0.0, 0.0], [0.15650222503650665, 0.0, 0.0], [0.14342416263571614, 0.0, 0.0], [0.1459616678751737, 0.0, 0.0], [0.1470588241090711, 0.0, 0.0], [0.149178543061973, 0.0, 0.0], [0.11904763947933322, 0.0, 0.0], [0.11904762063564589, 0.0, 0.0], [0.12511174506677025, 0.0, 0.0], [0.1190476214411755, 0.0, 0.0], [0.11904762064226744, 0.0, 0.0], [0.14615814611527367, 0.0, 0.0], [0.15421257937161537, 0.0, 0.0], [0.16617480439417412, 0.0, 0.0], [0.16666666666666666, 0.0, 0.0]]
alpha_36 = [[0.2769465684577042, 0.0, 0.0], [0.27562260903342806, 0.0, 0.0], [0.2771960127456125, 0.0, 0.0], [0.27757647468731905, 0.0, 0.0], [0.2599840561821582, 0.0, 0.0], [0.21601131457101708, 0.0, 0.0], [0.18714485757650415, 0.0, 0.0], [0.14151196589981374, 0.0, 0.0], [0.18529165895686128, 0.0, 0.0], [0.2022727996274958, 0.0, 0.0], [0.18571728987198247, 0.0, 0.0], [0.15978298097449717, 0.0, 0.0], [0.1645637950373058, 0.0, 0.0], [0.16666666541156466, 0.0, 0.0], [0.15440775838020476, 0.0, 0.0], [0.1190476468159561, 0.0, 0.0], [0.11904762062924443, 0.0, 0.0], [0.12116180904230552, 0.0, 0.0], [0.1190476212548226, 0.0, 0.0], [0.11904762076210698, 0.0, 0.0], [0.1649387690888381, 0.0, 0.0], [0.16087912220059017, 0.0, 0.0], [0.16618923648040917, 0.0, 0.0], [0.16666666666666666, 0.0, 0.0]]
alpha_37 = [[0.2761203451162235, 0.0, 0.0], [0.2735006271878887, 0.0, 0.0], [0.2766166801401748, 0.0, 0.0], [0.27737546446928496, 0.0, 0.0], [0.2568970343432605, 0.0, 0.0], [0.2158932899195192, 0.0, 0.0], [0.18615509499298727, 0.0, 0.0], [0.1744262528743854, 0.0, 0.0], [0.1836412971586604, 0.0, 0.0], [0.20019070308259115, 0.0, 0.0], [0.2224820786591746, 0.0, 0.0], [0.24289662712116628, 0.0, 0.0], [0.26642925590097005, 0.0, 0.0], [0.2777777380420616, 0.0, 0.0], [0.19982405713589216, 0.0, 0.0], [0.11904767156766644, 0.0, 0.0], [0.1190476210621769, 0.0, 0.0], [0.12335240615341615, 0.0, 0.0], [0.11904762173638103, 0.0, 0.0], [0.11904762155525252, 0.0, 0.0], [0.2684050765510674, 0.0, 0.0], [0.17171205074268076, 0.0, 0.0], [0.16663788282117115, 0.0, 0.0], [0.16666666666666666, 0.0, 0.0]]
alpha_4 = [[0.16311302507493877, 0.0, 0.0], [0.21321795353105277, 0.0, 0.0], [0.21730450283090377, 0.0, 0.0], [0.22595470717339705, 0.0, 0.0], [0.21113399566847457, 0.0, 0.0], [0.2017839106699622, 0.0, 0.0], [0.195550589710513, 0.0, 0.0], [0.1853320963432275, 0.0, 0.0], [0.19015956519060995, 0.0, 0.0], [0.21472980397658736, 0.0, 0.0], [0.2476385342632222, 0.0, 0.0], [0.273003929120542, 0.0, 0.0], [0.2777777758273602, 0.0, 0.0], [0.27777776516738995, 0.0, 0.0], [0.2777777591293944, 0.0, 0.0], [0.27777773896781793, 0.0, 0.0], [0.27566571332052164, 0.0, 0.0], [0.25861616562277295, 0.0, 0.0], [0.2713057058543982, 0.0, 0.0], [0.20773085218604598, 0.0, 0.0], [0.11904761918168268, 0.0, 0.0], [0.16899524470614535, 0.0, 0.0], [0.16412796288789339, 0.0, 0.0], [0.16666666666666666, 0.0, 0.0]]
alpha_5 = [[0.20015702559968868, 0.0, 0.0], [0.2133657034232524, 0.0, 0.0], [0.21510060470682774, 0.0, 0.0], [0.22262457327380225, 0.0, 0.0], [0.21010092668281283, 0.0, 0.0], [0.19956806369358188, 0.0, 0.0], [0.19366815757529424, 0.0, 0.0], [0.18443514886185508, 0.0, 0.0], [0.1891581162711049, 0.0, 0.0], [0.21267833986772244, 0.0, 0.0], [0.2442704708582867, 0.0, 0.0], [0.2706780129130421, 0.0, 0.0], [0.2777777754145254, 0.0, 0.0], [0.27777776468604104, 0.0, 0.0], [0.2777777603542381, 0.0, 0.0], [0.2777777544576737, 0.0, 0.0], [0.27462169978308587, 0.0, 0.0], [0.25722362679856625, 0.0, 0.0], [0.2687201810619028, 0.0, 0.0], [0.18447182143915192, 0.0, 0.0], [0.11904761921084128, 0.0, 0.0], [0.19063481724675674, 0.0, 0.0], [0.16648794340183862, 0.0, 0.0], [0.16666666666666666, 0.0, 0.0]]
alpha_6 = [[0.2001570255996811, 0.0, 0.0], [0.21336570342325226, 0.0, 0.0], [0.21510060470682715, 0.0, 0.0], [0.22262457327380114, 0.0, 0.0], [0.2101009266828128, 0.0, 0.0], [0.19956806369358207, 0.0, 0.0], [0.1936681575752939, 0.0, 0.0], [0.18443514886185522, 0.0, 0.0], [0.1891581162711048, 0.0, 0.0], [0.21267833986772222, 0.0, 0.0], [0.2442704708582865, 0.0, 0.0], [0.2706780129130424, 0.0, 0.0], [0.2777777754145254, 0.0, 0.0], [0.27777776468604104, 0.0, 0.0], [0.2777777603542381, 0.0, 0.0], [0.2777777544576737, 0.0, 0.0], [0.2746216997830859, 0.0, 0.0], [0.25722362679856614, 0.0, 0.0], [0.26872018106190265, 0.0, 0.0], [0.18447182143915214, 0.0, 0.0], [0.11904761921084128, 0.0, 0.0], [0.1906348172467568, 0.0, 0.0], [0.16648794340183867, 0.0, 0.0], [0.16666666666666666, 0.0, 0.0]]
alpha_7 = [[0.14522358257601153, 0.0, 0.0], [0.21523691882432683, 0.0, 0.0], [0.21924184614789205, 0.0, 0.0], [0.22695750480218668, 0.0, 0.0], [0.21202592914442248, 0.0, 0.0], [0.2028082743680129, 0.0, 0.0], [0.19597669836861495, 0.0, 0.0], [0.18586792739994754, 0.0, 0.0], [0.19099848303068093, 0.0, 0.0], [0.215673270716402, 0.0, 0.0], [0.24858017515216183, 0.0, 0.0], [0.27147360740973236, 0.0, 0.0], [0.27777777615996496, 0.0, 0.0], [0.27777776502125656, 0.0, 0.0], [0.2777777544284972, 0.0, 0.0], [0.2589587278871854, 0.0, 0.0], [0.22852704825314507, 0.0, 0.0], [0.26120012754716765, 0.0, 0.0], [0.27216800043600803, 0.0, 0.0], [0.18782660533150633, 0.0, 0.0], [0.11904761915622503, 0.0, 0.0], [0.1823362192834622, 0.0, 0.0], [0.16544600990798444, 0.0, 0.0], [0.16666666666666669, 0.0, 0.0]]
alpha_8 = [[0.153670792007963, 0.0, 0.0], [0.21628667828619477, 0.0, 0.0], [0.21750570007357398, 0.0, 0.0], [0.22520559035957968, 0.0, 0.0], [0.21174528438916296, 0.0, 0.0], [0.2005357462221644, 0.0, 0.0], [0.1943277029619927, 0.0, 0.0], [0.18545383450320346, 0.0, 0.0], [0.19036074562155914, 0.0, 0.0], [0.2137306171301569, 0.0, 0.0], [0.24516493335907086, 0.0, 0.0], [0.26994202322915883, 0.0, 0.0], [0.27777777604574216, 0.0, 0.0], [0.277777765758374, 0.0, 0.0], [0.27777775745944233, 0.0, 0.0], [0.277777714520155, 0.0, 0.0], [0.2750648232047071, 0.0, 0.0], [0.25932609972571313, 0.0, 0.0], [0.2708007823303969, 0.0, 0.0], [0.1737597051393348, 0.0, 0.0], [0.11904761916214127, 0.0, 0.0], [0.18258227553689615, 0.0, 0.0], [0.16475339199332062, 0.0, 0.0], [0.16666666666666666, 0.0, 0.0]]
alpha_9 = [[0.17016767668450522, 0.0, 0.0], [0.21722236805687073, 0.0, 0.0], [0.21588671122970865, 0.0, 0.0], [0.2232952568324436, 0.0, 0.0], [0.21103148839336094, 0.0, 0.0], [0.1984871728573834, 0.0, 0.0], [0.19251858443257203, 0.0, 0.0], [0.18474586552996441, 0.0, 0.0], [0.18961138036802294, 0.0, 0.0], [0.2118640285127935, 0.0, 0.0], [0.2418961984975844, 0.0, 0.0], [0.2674274286353204, 0.0, 0.0], [0.27777777581195684, 0.0, 0.0], [0.2777777656970655, 0.0, 0.0], [0.2777777589858337, 0.0, 0.0], [0.27777774115442766, 0.0, 0.0], [0.2741722734897059, 0.0, 0.0], [0.2579201473670106, 0.0, 0.0], [0.26859024751155924, 0.0, 0.0], [0.15447755609607422, 0.0, 0.0], [0.11904761917638082, 0.0, 0.0], [0.18463399271971195, 0.0, 0.0], [0.16516206352509305, 0.0, 0.0], [0.16666666666666666, 0.0, 0.0]]
beta_1 = [[1.0, 0.16666666666666666, 0.0], [1.0, 0.12113219482578802, 0.0], [1.0, 0.1414168301050015, 0.0], [1.0, 0.2072223557048435, 0.0], [1.0, 0.13900414623357127, 0.0], [1.0, 0.20833333276312016, 0.0], [1.0, 0.21576858306548843, 0.0], [1.0, 0.2013916345632686, 0.0], [1.0, 0.18409088450892575, 0.0], [1.0, 0.19194891612011536, 0.0], [1.0, 0.22497028232719046, 0.0], [1.0, 0.26615784515368435, 0.0], [1.0, 0.2777777721655042, 0.0], [1.0, 0.2777777739945933, 0.0], [1.0, 0.27777775958648543, 0.0], [1.0, 0.27777775758845424, 0.0], [1.0, 0.2777777538518954, 0.0], [1.0, 0.27777774909255276, 0.0], [1.0, 0.2648380266881163, 0.0], [1.0, 0.2730065236629535, 0.0], [1.0, 0.27529658458805406, 0.0], [1.0, 0.11904761940385594, 0.0], [1.0, 0.2035262461934875, 0.0], [1.0, 0.16617985362293275, 0.0]]
beta_10 = [[1.0, 0.16666666666666666, 0.0], [1.0, 0.21669246612476056, 0.0], [1.0, 0.217501964243574, 0.0], [1.0, 0.21409807289879407, 0.0], [1.0, 0.2200302099745152, 0.0], [1.0, 0.20980608577925022, 0.0], [1.0, 0.19657725426849096, 0.0], [1.0, 0.1906473358578038, 0.0], [1.0, 0.18370523855800308, 0.0], [1.0, 0.18863442437300554, 0.0], [1.0, 0.2100266329338322, 0.0], [1.0, 0.23884572468966514, 0.0], [1.0, 0.26349047592749886, 0.0], [1.0, 0.277777775362618, 0.0], [1.0, 0.2777777648468277, 0.0], [1.0, 0.27777775996738585, 0.0], [1.0, 0.2777777539863734, 0.0], [1.0, 0.2724044124828897, 0.0], [1.0, 0.2552963954487709, 0.0], [1.0, 0.2657160078333376, 0.0], [1.0, 0.1264198782437742, 0.0], [1.0, 0.11904761920573426, 0.0], [1.0, 0.18383962497735307, 0.0], [1.0, 0.16673085402872018, 0.0]]
beta_11 = [[1.0, 0.16666666666666666, 0.0], [1.0, 0.21669246612477244, 0.0], [1.0, 0.21750196424357449, 0.0], [1.0, 0.21409807289879407, 0.0], [1.0, 0.22003020997451528, 0.0], [1.0, 0.2098060857792501, 0.0], [1.0, 0.19657725426849104, 0.0], [1.0, 0.1906473358578035, 0.0], [1.0, 0.18370523855800347, 0.0], [1.0, 0.1886344243730054, 0.0], [1.0, 0.21002663293383195, 0.0], [1.0, 0.2388457246896653, 0.0], [1.0, 0.2634904759274988, 0.0], [1.0, 0.277777775362618, 0.0], [1.0, 0.2777777648468277, 0.0], [1.0, 0.27777775996738585, 0.0], [1.0, 0.2777777539863734, 0.0], [1.0, 0.2724044124828898, 0.0], [1.0, 0.2552963954487713, 0.0], [1.0, 0.26571600783333704, 0.0], [1.0, 0.12641987824377418, 0.0], [1.0, 0.11904761920573426, 0.0], [1.0, 0.1838396249773531, 0.0], [1.0, 0.16673085402871926, 0.0]]
beta_12 = [[1.0, 0.16666666666666669, 0.0], [1.0, 0.1571088437128718, 0.0], [1.0, 0.20622923951479452, 0.0], [1.0, 0.2312883873031708, 0.0], [1.0, 0.2439769705189223, 0.0], [1.0, 0.232100765514916, 0.0], [1.0, 0.16500778010243353, 0.0], [1.0, 0.16127878526639589, 0.0], [1.0, 0.15654368285893996, 0.0], [1.0, 0.15910417113126243, 0.0], [1.0, 0.17000485623802544, 0.0], [1.0, 0.18276760228376315, 0.0], [1.0, 0.1890929050139817, 0.0], [1.0, 0.19082438814944153, 0.0], [1.0, 0.17565875302816164, 0.0], [1.0, 0.1650513120955771, 0.0], [1.0, 0.14735969911155622, 0.0], [1.0, 0.14043666620011902, 0.0], [1.0, 0.14504556695881168, 0.0], [1.0, 0.16713460825056645, 0.0], [1.0, 0.1541456325763513, 0.0], [1.0, 0.11904761910596669, 0.0], [1.0, 0.20001555644618282, 0.0], [1.0, 0.16228118623751067, 0.0]]
beta_13 = [[1.0, 0.16666666666666666, 0.0], [1.0, 0.13605540932767807, 0.0], [1.0, 0.2117273456322041, 0.0], [1.0, 0.20506250060794495, 0.0], [1.0, 0.22693447624751734, 0.0], [1.0, 0.2130040572653276, 0.0], [1.0, 0.2020661224631697, 0.0], [1.0, 0.19461740277121803, 0.0], [1.0, 0.1860724786857383, 0.0], [1.0, 0.19141856095834925, 0.0], [1.0, 0.2147771139126094, 0.0], [1.0, 0.24605709699160982, 0.0], [1.0, 0.26856932358444263, 0.0], [1.0, 0.2776835972318832, 0.0], [1.0, 0.2777777637480472, 0.0], [1.0, 0.27777772191129546, 0.0], [1.0, 0.20468636557672829, 0.0], [1.0, 0.18994064251991272, 0.0], [1.0, 0.22738714096598395, 0.0], [1.0, 0.2333713123642417, 0.0], [1.0, 0.15833154679612818, 0.0], [1.0, 0.11904761912823338, 0.0], [1.0, 0.1993890877562986, 0.0], [1.0, 0.16548696454545997, 0.0]]
beta_14 = [[1.0, 0.16666666666666666, 0.0], [1.0, 0.13889006483946473, 0.0], [1.0, 0.22168042165897972, 0.0], [1.0, 0.21902459733583546, 0.0], [1.0, 0.22547032314469628, 0.0], [1.0, 0.21283101431266063, 0.0], [1.0, 0.20042476051098784, 0.0], [1.0, 0.19339784595262582, 0.0], [1.0, 0.18582738195673057, 0.0], [1.0, 0.1910355850683774, 0.0], [1.0, 0.21335633389141542, 0.0], [1.0, 0.2434473443671462, 0.0], [1.0, 0.26730343449034855, 0.0], [1.0, 0.27767014823336805, 0.0], [1.0, 0.27777776522502223, 0.0], [1.0, 0.27777773724194565, 0.0], [1.0, 0.2203435744166432, 0.0], [1.0, 0.20512162604687312, 0.0], [1.0, 0.26136675356851286, 0.0], [1.0, 0.2281606684544326, 0.0], [1.0, 0.14916821917991568, 0.0], [1.0, 0.1190476191298877, 0.0], [1.0, 0.19166237560422378, 0.0], [1.0, 0.1620599064228777, 0.0]]
beta_15 = [[1.0, 0.16666666666666666, 0.0], [1.0, 0.1428585940947909, 0.0], [1.0, 0.2228321284299543, 0.0], [1.0, 0.21822123977130492, 0.0], [1.0, 0.22388844250006062, 0.0], [1.0, 0.21239004056221114, 0.0], [1.0, 0.19901560415945688, 0.0], [1.0, 0.19213400465870395, 0.0], [1.0, 0.1854074069042039, 0.0], [1.0, 0.19062065868980993, 0.0], [1.0, 0.21208250959810815, 0.0], [1.0, 0.24107628263644437, 0.0], [1.0, 0.2656340294255836, 0.0], [1.0, 0.27765221820629526, 0.0], [1.0, 0.2777777656657548, 0.0], [1.0, 0.27777774663369165, 0.0], [1.0, 0.24642337424054905, 0.0], [1.0, 0.23044644601749678, 0.0], [1.0, 0.260137136295041, 0.0], [1.0, 0.2215646308855318, 0.0], [1.0, 0.13848214287479424, 0.0], [1.0, 0.11904761913307589, 0.0], [1.0, 0.19920357984636305, 0.0], [1.0, 0.16208716247523847, 0.0]]
beta_16 = [[1.0, 0.16666666666666666, 0.0], [1.0, 0.1562398757363188, 0.0], [1.0, 0.22206257031873738, 0.0], [1.0, 0.21718976556621422, 0.0], [1.0, 0.2242125500476897, 0.0], [1.0, 0.2113499290243898, 0.0], [1.0, 0.19825393410969766, 0.0], [1.0, 0.19163654171715863, 0.0], [1.0, 0.1850576010048435, 0.0], [1.0, 0.19016763521642382, 0.0], [1.0, 0.21138687596631395, 0.0], [1.0, 0.24015766751330553, 0.0], [1.0, 0.2650540322025493, 0.0], [1.0, 0.2777777763826162, 0.0], [1.0, 0.2777777653473129, 0.0], [1.0, 0.2777777548671414, 0.0], [1.0, 0.2777777463998903, 0.0], [1.0, 0.27487711373288914, 0.0], [1.0, 0.25905685056583794, 0.0], [1.0, 0.23112800123527422, 0.0], [1.0, 0.1277702603842853, 0.0], [1.0, 0.1190476191434515, 0.0], [1.0, 0.1841172934403642, 0.0], [1.0, 0.1653655888675796, 0.0]]
beta_17 = [[1.0, 0.16666666666666666, 0.0], [1.0, 0.2272298859379372, 0.0], [1.0, 0.2223360351049847, 0.0], [1.0, 0.21501514358715673, 0.0], [1.0, 0.22010255504975945, 0.0], [1.0, 0.20950266913600968, 0.0], [1.0, 0.19549500044067902, 0.0], [1.0, 0.1888682421728112, 0.0], [1.0, 0.18331194335957907, 0.0], [1.0, 0.188650180486371, 0.0], [1.0, 0.20876997855031776, 0.0], [1.0, 0.23579416094994465, 0.0], [1.0, 0.2592998911042974, 0.0], [1.0, 0.277777775791874, 0.0], [1.0, 0.27777776420197925, 0.0], [1.0, 0.2777777587656759, 0.0], [1.0, 0.27777775743193855, 0.0], [1.0, 0.2720364139437238, 0.0], [1.0, 0.25510705514274407, 0.0], [1.0, 0.1995632077855775, 0.0], [1.0, 0.11904762014758931, 0.0], [1.0, 0.11904761917735007, 0.0], [1.0, 0.13769096469313596, 0.0], [1.0, 0.16757770468927763, 0.0]]
beta_18 = [[1.0, 0.16666666666666666, 0.0], [1.0, 0.1442394792861668, 0.0], [1.0, 0.22470164006096632, 0.0], [1.0, 0.2177222372105823, 0.0], [1.0, 0.22086656741681748, 0.0], [1.0, 0.21192586684710402, 0.0], [1.0, 0.19744048208521925, 0.0], [1.0, 0.19042799368854008, 0.0], [1.0, 0.1846712886735271, 0.0], [1.0, 0.19010560564012158, 0.0], [1.0, 0.21063689212474018, 0.0], [1.0, 0.2382130226850097, 0.0], [1.0, 0.26219567862655, 0.0], [1.0, 0.27752677321953684, 0.0], [1.0, 0.2777777658355656, 0.0], [1.0, 0.2777777532941964, 0.0], [1.0, 0.27777773768722475, 0.0], [1.0, 0.2741188064523873, 0.0], [1.0, 0.25854830683288266, 0.0], [1.0, 0.20233466300010428, 0.0], [1.0, 0.12461684974957232, 0.0], [1.0, 0.11904761913592427, 0.0], [1.0, 0.22407025688555532, 0.0], [1.0, 0.16490686268947932, 0.0]]
beta_19 = [[1.0, 0.16666666666666666, 0.0], [1.0, 0.1613066605324642, 0.0], [1.0, 0.22577731125811476, 0.0], [1.0, 0.21651483772134786, 0.0], [1.0, 0.21686538745991873, 0.0], [1.0, 0.21047600296515018, 0.0], [1.0, 0.19528281205599857, 0.0], [1.0, 0.18822581513552172, 0.0], [1.0, 0.1833616115442718, 0.0], [1.0, 0.18906916324275616, 0.0], [1.0, 0.20867221161709648, 0.0], [1.0, 0.23472812196771367, 0.0], [1.0, 0.25750345708294203, 0.0], [1.0, 0.2774014412309098, 0.0], [1.0, 0.27777776530675835, 0.0], [1.0, 0.2777777573198361, 0.0], [1.0, 0.27777775325193893, 0.0], [1.0, 0.27232523940899955, 0.0], [1.0, 0.2558035621403392, 0.0], [1.0, 0.178562283229484, 0.0], [1.0, 0.11904761970750938, 0.0], [1.0, 0.11904761914987662, 0.0], [1.0, 0.20887674182469423, 0.0], [1.0, 0.1640346228587065, 0.0]]
beta_2 = [[1.0, 0.16666666666666669, 0.0], [1.0, 0.1436331223326227, 0.0], [1.0, 0.21368796393817685, 0.0], [1.0, 0.2204985521879325, 0.0], [1.0, 0.2284475824566993, 0.0], [1.0, 0.21177676352756442, 0.0], [1.0, 0.20495074492942714, 0.0], [1.0, 0.19732228789186748, 0.0], [1.0, 0.18593967686242102, 0.0], [1.0, 0.19133690166039827, 0.0], [1.0, 0.2173789328313836, 0.0], [1.0, 0.25177705733980954, 0.0], [1.0, 0.2731729203676138, 0.0], [1.0, 0.2777777760902537, 0.0], [1.0, 0.27777776312331864, 0.0], [1.0, 0.2777777503074739, 0.0], [1.0, 0.24397556427514755, 0.0], [1.0, 0.2212024907819667, 0.0], [1.0, 0.2403356316618326, 0.0], [1.0, 0.24290566031705718, 0.0], [1.0, 0.20720209106821313, 0.0], [1.0, 0.11904761916393326, 0.0], [1.0, 0.19066984712575855, 0.0], [1.0, 0.16402667413747266, 0.0]]
beta_20 = [[1.0, 0.16666666666666666, 0.0], [1.0, 0.25007834507403526, 0.0], [1.0, 0.22587619278803453, 0.0], [1.0, 0.21541343256850012, 0.0], [1.0, 0.2088336882293134, 0.0], [1.0, 0.20833333300307416, 0.0], [1.0, 0.19265230092471097, 0.0], [1.0, 0.18560322147058964, 0.0], [1.0, 0.1814874577313747, 0.0], [1.0, 0.18752237823173226, 0.0], [1.0, 0.20628175901142445, 0.0], [1.0, 0.23079647903320047, 0.0], [1.0, 0.2522147104663016, 0.0], [1.0, 0.27702612350295314, 0.0], [1.0, 0.27777776388014286, 0.0], [1.0, 0.27777775943960936, 0.0], [1.0, 0.27777775633623114, 0.0], [1.0, 0.26844823726597256, 0.0], [1.0, 0.25213263775750905, 0.0], [1.0, 0.13285795449219026, 0.0], [1.0, 0.11904761965429962, 0.0], [1.0, 0.11904761917577267, 0.0], [1.0, 0.20548067808853201, 0.0], [1.0, 0.1668277719586673, 0.0]]
beta_21 = [[1.0, 0.16666666666666666, 0.0], [1.0, 0.17996298499290134, 0.0], [1.0, 0.20245731628473396, 0.0], [1.0, 0.2523002832812063, 0.0], [1.0, 0.2569793493088629, 0.0], [1.0, 0.24855016929634233, 0.0], [1.0, 0.14463688643231576, 0.0], [1.0, 0.14280530981786876, 0.0], [1.0, 0.140137813450505, 0.0], [1.0, 0.141365766718441, 0.0], [1.0, 0.14686362189686825, 0.0], [1.0, 0.15291097977804907, 0.0], [1.0, 0.1551160515593633, 0.0], [1.0, 0.15519993261125134, 0.0], [1.0, 0.13834102451239533, 0.0], [1.0, 0.13142492996362737, 0.0], [1.0, 0.12516153962126894, 0.0], [1.0, 0.12097210396052496, 0.0], [1.0, 0.11904765513644645, 0.0], [1.0, 0.14452694846291256, 0.0], [1.0, 0.1463134554780508, 0.0], [1.0, 0.1190476190870612, 0.0], [1.0, 0.19594493693536474, 0.0], [1.0, 0.1650832014327872, 0.0]]
beta_22 = [[1.0, 0.16666666666666666, 0.0], [1.0, 0.18852595651600845, 0.0], [1.0, 0.2019698717271271, 0.0], [1.0, 0.2548386799961313, 0.0], [1.0, 0.2588283538225328, 0.0], [1.0, 0.2520515250697425, 0.0], [1.0, 0.1404422052944887, 0.0], [1.0, 0.1390559625782501, 0.0], [1.0, 0.13700772382299295, 0.0], [1.0, 0.13797239293968372, 0.0], [1.0, 0.14235958862744905, 0.0], [1.0, 0.1472198909849632, 0.0], [1.0, 0.14926522252382068, 0.0], [1.0, 0.14934979192641207, 0.0], [1.0, 0.13243976141131142, 0.0], [1.0, 0.130120868330861, 0.0], [1.0, 0.12415908386594161, 0.0], [1.0, 0.12056328671115996, 0.0], [1.0, 0.11904765780652146, 0.0], [1.0, 0.13862414381810528, 0.0], [1.0, 0.14041457228879548, 0.0], [1.0, 0.11904761908488648, 0.0], [1.0, 0.20786326777634478, 0.0], [1.0, 0.1625578035587083, 0.0]]
beta_23 = [[1.0, 0.16666666666666666, 0.0], [1.0, 0.19989011733229703, 0.0], [1.0, 0.21667164568159072, 0.0], [1.0, 0.2583617069804914, 0.0], [1.0, 0.26135555861805704, 0.0], [1.0, 0.2561215154400429, 0.0], [1.0, 0.13588958031115705, 0.0], [1.0, 0.1348788907866084, 0.0], [1.0, 0.13341436735297116, 0.0], [1.0, 0.13414095505945672, 0.0], [1.0, 0.13742301275025443, 0.0], [1.0, 0.1410724996660968, 0.0], [1.0, 0.1428282803172744, 0.0], [1.0, 0.14291325836655075, 0.0], [1.0, 0.13101239022429031, 0.0], [1.0, 0.12866218683145741, 0.0], [1.0, 0.12303649326742139, 0.0], [1.0, 0.12013252015455568, 0.0], [1.0, 0.11904766112126086, 0.0], [1.0, 0.13217412730901665, 0.0], [1.0, 0.13396144705147942, 0.0], [1.0, 0.11904761908228895, 0.0], [1.0, 0.22415367695064198, 0.0], [1.0, 0.16039908965245442, 0.0]]
beta_24 = [[1.0, 0.16666666666666666, 0.0], [1.0, 0.21569877551737074, 0.0], [1.0, 0.23770999918579017, 0.0], [1.0, 0.26302624676689, 0.0], [1.0, 0.264872361025515, 0.0], [1.0, 0.2611396121429409, 0.0], [1.0, 0.13086363294695097, 0.0], [1.0, 0.1301948800218707, 0.0], [1.0, 0.12927304340973844, 0.0], [1.0, 0.12977024862034622, 0.0], [1.0, 0.13194906739446252, 0.0], [1.0, 0.13437096360641926, 0.0], [1.0, 0.13571250922084796, 0.0], [1.0, 0.13579751385769506, 0.0], [1.0, 0.12949694785347698, 0.0], [1.0, 0.12701680362211282, 0.0], [1.0, 0.12176266593408726, 0.0], [1.0, 0.11967668172411917, 0.0], [1.0, 0.11904766517446816, 0.0], [1.0, 0.12509710878483474, 0.0], [1.0, 0.12687211679458346, 0.0], [1.0, 0.11904761907944666, 0.0], [1.0, 0.24776229512265172, 0.0], [1.0, 0.16100369932718517, 0.0]]
beta_25 = [[1.0, 0.16666666666666666, 0.0], [1.0, 0.11904762000174113, 0.0], [1.0, 0.22612138538061224, 0.0], [1.0, 0.21907948583574477, 0.0], [1.0, 0.22319754499858596, 0.0], [1.0, 0.2118142678955845, 0.0], [1.0, 0.20105875732105988, 0.0], [1.0, 0.1941064406373465, 0.0], [1.0, 0.18603528572943984, 0.0], [1.0, 0.1909805741113009, 0.0], [1.0, 0.21411448892117202, 0.0], [1.0, 0.2465271931397959, 0.0], [1.0, 0.27451886683277194, 0.0], [1.0, 0.2777777753861449, 0.0], [1.0, 0.2777776476392836, 0.0], [1.0, 0.1992196577906015, 0.0], [1.0, 0.13020045093831034, 0.0], [1.0, 0.12025153330853697, 0.0], [1.0, 0.11904804209547815, 0.0], [1.0, 0.11904763044298868, 0.0], [1.0, 0.11904762169632976, 0.0], [1.0, 0.11904761924420135, 0.0], [1.0, 0.2777777773311964, 0.0], [1.0, 0.16631127097300918, 0.0]]
beta_26 = [[1.0, 0.16666666666666663, 0.0], [1.0, 0.2777777776686374, 0.0], [1.0, 0.2777777776849649, 0.0], [1.0, 0.2777777776976047, 0.0], [1.0, 0.2777777777243317, 0.0], [1.0, 0.27777777773268886, 0.0], [1.0, 0.11904761910906593, 0.0], [1.0, 0.11904761908339433, 0.0], [1.0, 0.11904761907127652, 0.0], [1.0, 0.11904761906112812, 0.0], [1.0, 0.11904761906008517, 0.0], [1.0, 0.11904761905977287, 0.0], [1.0, 0.11904761906148432, 0.0], [1.0, 0.11904761907109415, 0.0], [1.0, 0.11904761906204173, 0.0], [1.0, 0.11904761906144255, 0.0], [1.0, 0.1190476190600253, 0.0], [1.0, 0.11904761905769047, 0.0], [1.0, 0.11904761905429355, 0.0], [1.0, 0.11904761905385172, 0.0], [1.0, 0.11904761905384657, 0.0], [1.0, 0.1190476190526382, 0.0], [1.0, 0.24060556902875388, 0.0], [1.0, 0.16113489069617973, 0.0]]
beta_27 = [[1.0, 0.16666666666666666, 0.0], [1.0, 0.19037180026643924, 0.0], [1.0, 0.19217189133786594, 0.0], [1.0, 0.2006004619497828, 0.0], [1.0, 0.20053415771830455, 0.0], [1.0, 0.19049005804723268, 0.0], [1.0, 0.14994034392155228, 0.0], [1.0, 0.145765708002198, 0.0], [1.0, 0.1480320853863797, 0.0], [1.0, 0.15592152958430422, 0.0], [1.0, 0.15233432528492674, 0.0], [1.0, 0.155821360255197, 0.0], [1.0, 0.16323105562571688, 0.0], [1.0, 0.16163206409035952, 0.0], [1.0, 0.16096713742833407, 0.0], [1.0, 0.15495839603228823, 0.0], [1.0, 0.14747406641687233, 0.0], [1.0, 0.14586918466905968, 0.0], [1.0, 0.14128970388018916, 0.0], [1.0, 0.14529887027910898, 0.0], [1.0, 0.1463327112224639, 0.0], [1.0, 0.13880394855831768, 0.0], [1.0, 0.1856782505676892, 0.0], [1.0, 0.16786747156771437, 0.0]]
beta_28 = [[1.0, 0.16666666666666669, 0.0], [1.0, 0.21628845728464735, 0.0], [1.0, 0.21894047398059263, 0.0], [1.0, 0.2324478582870027, 0.0], [1.0, 0.23234103788422236, 0.0], [1.0, 0.18022330495700503, 0.0], [1.0, 0.15814820026153256, 0.0], [1.0, 0.15261609302211762, 0.0], [1.0, 0.14235771679051643, 0.0], [1.0, 0.16621845875267777, 0.0], [1.0, 0.16135771763191073, 0.0], [1.0, 0.16608187964657012, 0.0], [1.0, 0.176318884297515, 0.0], [1.0, 0.17408654013949718, 0.0], [1.0, 0.17316203715549222, 0.0], [1.0, 0.16472166825342952, 0.0], [1.0, 0.13482496839731598, 0.0], [1.0, 0.13378164751785118, 0.0], [1.0, 0.13631006506207896, 0.0], [1.0, 0.13349393019007447, 0.0], [1.0, 0.13404332957975612, 0.0], [1.0, 0.12644442075589302, 0.0], [1.0, 0.17413131417442632, 0.0], [1.0, 0.16564424435682487, 0.0]]
beta_29 = [[1.0, 0.16666666666666666, 0.0], [1.0, 0.24536183190119923, 0.0], [1.0, 0.2770609256485577, 0.0], [1.0, 0.2777777754005601, 0.0], [1.0, 0.2777777740482513, 0.0], [1.0, 0.20678929950827876, 0.0], [1.0, 0.1722956022588902, 0.0], [1.0, 0.1641905034987927, 0.0], [1.0, 0.14193232626662405, 0.0], [1.0, 0.18449422855720843, 0.0], [1.0, 0.1770926094158391, 0.0], [1.0, 0.18428396562581753, 0.0], [1.0, 0.20042378388228144, 0.0], [1.0, 0.19683734105062647, 0.0], [1.0, 0.1953631599242373, 0.0], [1.0, 0.17159461610927584, 0.0], [1.0, 0.12262661539858234, 0.0], [1.0, 0.11904762070891059, 0.0], [1.0, 0.12246404874600876, 0.0], [1.0, 0.11904762141557271, 0.0], [1.0, 0.1190476203041465, 0.0], [1.0, 0.11904762061423292, 0.0], [1.0, 0.15927395175053788, 0.0], [1.0, 0.16209440691805932, 0.0]]
beta_3 = [[1.0, 0.16666666666666666, 0.0], [1.0, 0.1492974364017403, 0.0], [1.0, 0.21263262923412418, 0.0], [1.0, 0.21946396180103817, 0.0], [1.0, 0.22784879106473277, 0.0], [1.0, 0.2115696818908828, 0.0], [1.0, 0.20429921965150843, 0.0], [1.0, 0.1972856329786668, 0.0], [1.0, 0.18584278270657167, 0.0], [1.0, 0.19097071918417186, 0.0], [1.0, 0.216881984147289, 0.0], [1.0, 0.25128879350917943, 0.0], [1.0, 0.27418194162884113, 0.0], [1.0, 0.27777777601295195, 0.0], [1.0, 0.2777777644665056, 0.0], [1.0, 0.27777775648060526, 0.0], [1.0, 0.2777776776028781, 0.0], [1.0, 0.2603349671331349, 0.0], [1.0, 0.26101387232161327, 0.0], [1.0, 0.2728952832467253, 0.0], [1.0, 0.22170780731375916, 0.0], [1.0, 0.11904761916981879, 0.0], [1.0, 0.18733593370445684, 0.0], [1.0, 0.1656275105285469, 0.0]]
beta_30 = [[1.0, 0.16666666666666666, 0.0], [1.0, 0.27777776004825927, 0.0], [1.0, 0.2777777732995625, 0.0], [1.0, 0.27777777583141305, 0.0], [1.0, 0.2777777741229169, 0.0], [1.0, 0.2610125354917585, 0.0], [1.0, 0.2150028974833086, 0.0], [1.0, 0.18732536172783087, 0.0], [1.0, 0.17652786103126178, 0.0], [1.0, 0.18573386021414343, 0.0], [1.0, 0.2030091866372763, 0.0], [1.0, 0.2264214847188706, 0.0], [1.0, 0.24623427804904774, 0.0], [1.0, 0.26950956356702876, 0.0], [1.0, 0.27777774877901457, 0.0], [1.0, 0.22565436439490016, 0.0], [1.0, 0.13478259263325193, 0.0], [1.0, 0.11904762135216707, 0.0], [1.0, 0.12952328995623924, 0.0], [1.0, 0.11904762241809687, 0.0], [1.0, 0.11904762064742887, 0.0], [1.0, 0.11904762030064864, 0.0], [1.0, 0.2717562535215209, 0.0], [1.0, 0.16482063886122506, 0.0]]
beta_31 = [[1.0, 0.16666666666666666, 0.0], [1.0, 0.27717657679962066, 0.0], [1.0, 0.2763478044583042, 0.0], [1.0, 0.27777777492754696, 0.0], [1.0, 0.27777777429718553, 0.0], [1.0, 0.2609747772621575, 0.0], [1.0, 0.19675715472989974, 0.0], [1.0, 0.18825930630537063, 0.0], [1.0, 0.1416669669604726, 0.0], [1.0, 0.185736545297036, 0.0], [1.0, 0.2024748424701062, 0.0], [1.0, 0.22499490032888472, 0.0], [1.0, 0.24397314858219732, 0.0], [1.0, 0.2435785374399633, 0.0], [1.0, 0.23599685753374666, 0.0], [1.0, 0.18289985453460594, 0.0], [1.0, 0.11904768555503677, 0.0], [1.0, 0.1190476205305935, 0.0], [1.0, 0.12090412625928096, 0.0], [1.0, 0.11904762103327295, 0.0], [1.0, 0.11904762011415482, 0.0], [1.0, 0.11904761987098278, 0.0], [1.0, 0.15344255209313293, 0.0], [1.0, 0.16353004490358394, 0.0]]
beta_32 = [[1.0, 0.16666666666666666, 0.0], [1.0, 0.2765779952586296, 0.0], [1.0, 0.2749324806989009, 0.0], [1.0, 0.27777777310762036, 0.0], [1.0, 0.2777777736734221, 0.0], [1.0, 0.25801835866262046, 0.0], [1.0, 0.21641445623632283, 0.0], [1.0, 0.18691524604721416, 0.0], [1.0, 0.17489802101590424, 0.0], [1.0, 0.18410605772932934, 0.0], [1.0, 0.20041085510684556, 0.0], [1.0, 0.22167336663835793, 0.0], [1.0, 0.23948746314129638, 0.0], [1.0, 0.26163207119605175, 0.0], [1.0, 0.2777777437108108, 0.0], [1.0, 0.19877681475720943, 0.0], [1.0, 0.11904774860246022, 0.0], [1.0, 0.11904762095287125, 0.0], [1.0, 0.12281942315150675, 0.0], [1.0, 0.1190476214993611, 0.0], [1.0, 0.11904762026467382, 0.0], [1.0, 0.11904762025347101, 0.0], [1.0, 0.2048871134851055, 0.0], [1.0, 0.16621229723893965, 0.0]]
beta_33 = [[1.0, 0.16666666666666669, 0.0], [1.0, 0.1922482564426182, 0.0], [1.0, 0.19009048211063512, 0.0], [1.0, 0.18106029053305642, 0.0], [1.0, 0.18112515473237614, 0.0], [1.0, 0.1921037349818768, 0.0], [1.0, 0.14510092489858992, 0.0], [1.0, 0.15009270853626674, 0.0], [1.0, 0.14730605832712815, 0.0], [1.0, 0.13891283652530947, 0.0], [1.0, 0.14250033531365006, 0.0], [1.0, 0.139008372350134, 0.0], [1.0, 0.13256629555653446, 0.0], [1.0, 0.1338568334910755, 0.0], [1.0, 0.13440860319924958, 0.0], [1.0, 0.13984207416502092, 0.0], [1.0, 0.14797465872959764, 0.0], [1.0, 0.1499612636657006, 0.0], [1.0, 0.1562072899290928, 0.0], [1.0, 0.1506909497115713, 0.0], [1.0, 0.14937752930715836, 0.0], [1.0, 0.16000894623165854, 0.0], [1.0, 0.170926692756502, 0.0], [1.0, 0.16772104720291198, 0.0]]
beta_34 = [[1.0, 0.16666666666666666, 0.0], [1.0, 0.22069920954649336, 0.0], [1.0, 0.2077242386153038, 0.0], [1.0, 0.20816949843086457, 0.0], [1.0, 0.2082766924224319, 0.0], [1.0, 0.17959921901124448, 0.0], [1.0, 0.15349916206096254, 0.0], [1.0, 0.16056039271266026, 0.0], [1.0, 0.140200350896126, 0.0], [1.0, 0.1449601319602787, 0.0], [1.0, 0.1498821359228459, 0.0], [1.0, 0.14509020274411819, 0.0], [1.0, 0.13643971262874122, 0.0], [1.0, 0.13815331159788513, 0.0], [1.0, 0.13888888984027087, 0.0], [1.0, 0.14601556339944208, 0.0], [1.0, 0.1324960949101878, 0.0], [1.0, 0.13522088918421832, 0.0], [1.0, 0.1428386646164232, 0.0], [1.0, 0.13634202089600225, 0.0], [1.0, 0.1343676182045018, 0.0], [1.0, 0.14511176310803658, 0.0], [1.0, 0.15724417927280374, 0.0], [1.0, 0.1675597152834291, 0.0]]
beta_35 = [[1.0, 0.16666666666666666, 0.0], [1.0, 0.26370712923123474, 0.0], [1.0, 0.27633726726972824, 0.0], [1.0, 0.27738966298500234, 0.0], [1.0, 0.2776435423207348, 0.0], [1.0, 0.21626590243259194, 0.0], [1.0, 0.16988721669943374, 0.0], [1.0, 0.1816778549472272, 0.0], [1.0, 0.13313759030386466, 0.0], [1.0, 0.1563005216905744, 0.0], [1.0, 0.16404525274170337, 0.0], [1.0, 0.15650222503650665, 0.0], [1.0, 0.14342416263571614, 0.0], [1.0, 0.1459616678751737, 0.0], [1.0, 0.1470588241090711, 0.0], [1.0, 0.149178543061973, 0.0], [1.0, 0.11904763947933322, 0.0], [1.0, 0.11904762063564589, 0.0], [1.0, 0.12511174506677025, 0.0], [1.0, 0.1190476214411755, 0.0], [1.0, 0.11904762064226744, 0.0], [1.0, 0.14615814611527367, 0.0], [1.0, 0.15421257937161537, 0.0], [1.0, 0.16617480439417412, 0.0]]
beta_36 = [[1.0, 0.16666666666666666, 0.0], [1.0, 0.2769465684577042, 0.0], [1.0, 0.27562260903342806, 0.0], [1.0, 0.2771960127456125, 0.0], [1.0, 0.27757647468731905, 0.0], [1.0, 0.2599840561821582, 0.0], [1.0, 0.21601131457101708, 0.0], [1.0, 0.18714485757650415, 0.0], [1.0, 0.14151196589981374, 0.0], [1.0, 0.18529165895686128, 0.0], [1.0, 0.2022727996274958, 0.0], [1.0, 0.18571728987198247, 0.0], [1.0, 0.15978298097449717, 0.0], [1.0, 0.1645637950373058, 0.0], [1.0, 0.16666666541156466, 0.0], [1.0, 0.15440775838020476, 0.0], [1.0, 0.1190476468159561, 0.0], [1.0, 0.11904762062924443, 0.0], [1.0, 0.12116180904230552, 0.0], [1.0, 0.1190476212548226, 0.0], [1.0, 0.11904762076210698, 0.0], [1.0, 0.1649387690888381, 0.0], [1.0, 0.16087912220059017, 0.0], [1.0, 0.16618923648040917, 0.0]]
beta_37 = [[1.0, 0.16666666666666666, 0.0], [1.0, 0.2761203451162235, 0.0], [1.0, 0.2735006271878887, 0.0], [1.0, 0.2766166801401748, 0.0], [1.0, 0.27737546446928496, 0.0], [1.0, 0.2568970343432605, 0.0], [1.0, 0.2158932899195192, 0.0], [1.0, 0.18615509499298727, 0.0], [1.0, 0.1744262528743854, 0.0], [1.0, 0.1836412971586604, 0.0], [1.0, 0.20019070308259115, 0.0], [1.0, 0.2224820786591746, 0.0], [1.0, 0.24289662712116628, 0.0], [1.0, 0.26642925590097005, 0.0], [1.0, 0.2777777380420616, 0.0], [1.0, 0.19982405713589216, 0.0], [1.0, 0.11904767156766644, 0.0], [1.0, 0.1190476210621769, 0.0], [1.0, 0.12335240615341615, 0.0], [1.0, 0.11904762173638103, 0.0], [1.0, 0.11904762155525252, 0.0], [1.0, 0.2684050765510674, 0.0], [1.0, 0.17171205074268076, 0.0], [1.0, 0.16663788282117115, 0.0]]
beta_4 = [[1.0, 0.16666666666666666, 0.0], [1.0, 0.16311302507493877, 0.0], [1.0, 0.21321795353105277, 0.0], [1.0, 0.21730450283090377, 0.0], [1.0, 0.22595470717339705, 0.0], [1.0, 0.21113399566847457, 0.0], [1.0, 0.2017839106699622, 0.0], [1.0, 0.195550589710513, 0.0], [1.0, 0.1853320963432275, 0.0], [1.0, 0.19015956519060995, 0.0], [1.0, 0.21472980397658736, 0.0], [1.0, 0.2476385342632222, 0.0], [1.0, 0.273003929120542, 0.0], [1.0, 0.2777777758273602, 0.0], [1.0, 0.27777776516738995, 0.0], [1.0, 0.2777777591293944, 0.0], [1.0, 0.27777773896781793, 0.0], [1.0, 0.27566571332052164, 0.0], [1.0, 0.25861616562277295, 0.0], [1.0, 0.2713057058543982, 0.0], [1.0, 0.20773085218604598, 0.0], [1.0, 0.11904761918168268, 0.0], [1.0, 0.16899524470614535, 0.0], [1.0, 0.16412796288789339, 0.0]]
beta_5 = [[1.0, 0.16666666666666666, 0.0], [1.0, 0.20015702559968868, 0.0], [1.0, 0.2133657034232524, 0.0], [1.0, 0.21510060470682774, 0.0], [1.0, 0.22262457327380225, 0.0], [1.0, 0.21010092668281283, 0.0], [1.0, 0.19956806369358188, 0.0], [1.0, 0.19366815757529424, 0.0], [1.0, 0.18443514886185508, 0.0], [1.0, 0.1891581162711049, 0.0], [1.0, 0.21267833986772244, 0.0], [1.0, 0.2442704708582867, 0.0], [1.0, 0.2706780129130421, 0.0], [1.0, 0.2777777754145254, 0.0], [1.0, 0.27777776468604104, 0.0], [1.0, 0.2777777603542381, 0.0], [1.0, 0.2777777544576737, 0.0], [1.0, 0.27462169978308587, 0.0], [1.0, 0.25722362679856625, 0.0], [1.0, 0.2687201810619028, 0.0], [1.0, 0.18447182143915192, 0.0], [1.0, 0.11904761921084128, 0.0], [1.0, 0.19063481724675674, 0.0], [1.0, 0.16648794340183862, 0.0]]
beta_6 = [[1.0, 0.16666666666666666, 0.0], [1.0, 0.2001570255996811, 0.0], [1.0, 0.21336570342325226, 0.0], [1.0, 0.21510060470682715, 0.0], [1.0, 0.22262457327380114, 0.0], [1.0, 0.2101009266828128, 0.0], [1.0, 0.19956806369358207, 0.0], [1.0, 0.1936681575752939, 0.0], [1.0, 0.18443514886185522, 0.0], [1.0, 0.1891581162711048, 0.0], [1.0, 0.21267833986772222, 0.0], [1.0, 0.2442704708582865, 0.0], [1.0, 0.2706780129130424, 0.0], [1.0, 0.2777777754145254, 0.0], [1.0, 0.27777776468604104, 0.0], [1.0, 0.2777777603542381, 0.0], [1.0, 0.2777777544576737, 0.0], [1.0, 0.2746216997830859, 0.0], [1.0, 0.25722362679856614, 0.0], [1.0, 0.26872018106190265, 0.0], [1.0, 0.18447182143915214, 0.0], [1.0, 0.11904761921084128, 0.0], [1.0, 0.1906348172467568, 0.0], [1.0, 0.16648794340183867, 0.0]]
beta_7 = [[1.0, 0.16666666666666669, 0.0], [1.0, 0.14522358257601153, 0.0], [1.0, 0.21523691882432683, 0.0], [1.0, 0.21924184614789205, 0.0], [1.0, 0.22695750480218668, 0.0], [1.0, 0.21202592914442248, 0.0], [1.0, 0.2028082743680129, 0.0], [1.0, 0.19597669836861495, 0.0], [1.0, 0.18586792739994754, 0.0], [1.0, 0.19099848303068093, 0.0], [1.0, 0.215673270716402, 0.0], [1.0, 0.24858017515216183, 0.0], [1.0, 0.27147360740973236, 0.0], [1.0, 0.27777777615996496, 0.0], [1.0, 0.27777776502125656, 0.0], [1.0, 0.2777777544284972, 0.0], [1.0, 0.2589587278871854, 0.0], [1.0, 0.22852704825314507, 0.0], [1.0, 0.26120012754716765, 0.0], [1.0, 0.27216800043600803, 0.0], [1.0, 0.18782660533150633, 0.0], [1.0, 0.11904761915622503, 0.0], [1.0, 0.1823362192834622, 0.0], [1.0, 0.16544600990798444, 0.0]]
beta_8 = [[1.0, 0.16666666666666666, 0.0], [1.0, 0.153670792007963, 0.0], [1.0, 0.21628667828619477, 0.0], [1.0, 0.21750570007357398, 0.0], [1.0, 0.22520559035957968, 0.0], [1.0, 0.21174528438916296, 0.0], [1.0, 0.2005357462221644, 0.0], [1.0, 0.1943277029619927, 0.0], [1.0, 0.18545383450320346, 0.0], [1.0, 0.19036074562155914, 0.0], [1.0, 0.2137306171301569, 0.0], [1.0, 0.24516493335907086, 0.0], [1.0, 0.26994202322915883, 0.0], [1.0, 0.27777777604574216, 0.0], [1.0, 0.277777765758374, 0.0], [1.0, 0.27777775745944233, 0.0], [1.0, 0.277777714520155, 0.0], [1.0, 0.2750648232047071, 0.0], [1.0, 0.25932609972571313, 0.0], [1.0, 0.2708007823303969, 0.0], [1.0, 0.1737597051393348, 0.0], [1.0, 0.11904761916214127, 0.0], [1.0, 0.18258227553689615, 0.0], [1.0, 0.16475339199332062, 0.0]]
beta_9 = [[1.0, 0.16666666666666666, 0.0], [1.0, 0.17016767668450522, 0.0], [1.0, 0.21722236805687073, 0.0], [1.0, 0.21588671122970865, 0.0], [1.0, 0.2232952568324436, 0.0], [1.0, 0.21103148839336094, 0.0], [1.0, 0.1984871728573834, 0.0], [1.0, 0.19251858443257203, 0.0], [1.0, 0.18474586552996441, 0.0], [1.0, 0.18961138036802294, 0.0], [1.0, 0.2118640285127935, 0.0], [1.0, 0.2418961984975844, 0.0], [1.0, 0.2674274286353204, 0.0], [1.0, 0.27777777581195684, 0.0], [1.0, 0.2777777656970655, 0.0], [1.0, 0.2777777589858337, 0.0], [1.0, 0.27777774115442766, 0.0], [1.0, 0.2741722734897059, 0.0], [1.0, 0.2579201473670106, 0.0], [1.0, 0.26859024751155924, 0.0], [1.0, 0.15447755609607422, 0.0], [1.0, 0.11904761917638082, 0.0], [1.0, 0.18463399271971195, 0.0], [1.0, 0.16516206352509305, 0.0]]
ell = [[0.10983272684586069, 0.09939783374008952, 0.09273407677164991, 0.08948991795852562, 0.09603669584407888, 0.12079352207734045, 0.15898298109464815, 0.2024852367211614, 0.23274521863629233, 0.24072687256581307, 0.24086155548028274, 0.21464280356753884, 0.18385167018857163, 0.1724181930958079, 0.19304291627713244, 0.22247347633582581, 0.25685347171416234, 0.2810622779179232, 0.2652455635410105, 0.2328244597946516, 0.1929407382545376, 0.16116528632851662, 0.14024329338468777, 0.12079564241032074], [0.05041040501041963, 0.0458680180257577, 0.03557642654440371, 0.033207369739654026, 0.035971826975600675, 0.015674330505860836, 0.023492329720369923, 0.030669495887194285, 0.03301135626410261, 0.030436966041931288, 0.028931794636760703, 0.02593269582437771, 0.023960934839477494, 0.02225591584659675, 0.022921828510176205, 0.027933733029732396, 0.039016014512546104, 0.05319603267873066, 0.053552426012048855, 0.043869812455153714, 0.03282467113785688, 0.06185631922695316, 0.040259402055791295, 0.03358330938875689], [0.004397761390952838, 0.003979765284430599, 0.0037128444675554283, 0.0035829029231874716, 0.0038451314578451597, 0.004836841650742097, 0.006454126330586097, 0.008506915254928636, 0.010180821427712898, 0.011074458517872433, 0.011535187041644522, 0.010620356974892472, 0.009321220109465839, 0.008704385848357928, 0.00932222373652564, 0.01017976421272918, 0.01107629224449478, 0.011539746248998842, 0.010625869739270908, 0.009326203519552871, 0.007727659656781166, 0.006454277462836332, 0.00561602099355603, 0.004836924075138838], [0.0028196623198886955, 0.0025514416062523437, 0.0023801857536293403, 0.0022968219222969603, 0.002465058617092057, 0.0031014092288372394, 0.0041396187945250745, 0.0054580505563768455, 0.0065336314384171834, 0.007107971773201749, 0.0074041209911869564, 0.0068161058612343905, 0.005981220972559663, 0.0055849097583496, 0.005981866721663453, 0.006532916108088636, 0.007109122896705772, 0.007407055866605218, 0.006819653694004997, 0.005984466781710522, 0.004957537694702331, 0.004139839215745422, 0.003601635887859794, 0.003101513572515881], [0.0015889716938491344, 0.001437708417357332, 0.001341140451604414, 0.0012941365005637634, 0.00138899751116512, 0.0017478514357600924, 0.002333628468051704, 0.00307786988624653, 0.003685294122659976, 0.004009730449688059, 0.004177042978060074, 0.0038448511569671687, 0.003373293189826791, 0.003149498505185375, 0.0033736583512595938, 0.003684883909404594, 0.004010378043150574, 0.00417870358069183, 0.003846858120633517, 0.003375135125774724, 0.002795295669034253, 0.0023338005500096225, 0.0020300915487939967, 0.001747945976479784], [0.0007075557546997556, 0.0006401599051706958, 0.0005971409905581613, 0.0005762042771898084, 0.0006184594596894267, 0.0007783224675476707, 0.0010394745204453124, 0.001371421511095521, 0.0016424418100646257, 0.001787250298475476, 0.0018619384451955994, 0.0017136544195430578, 0.0015032296613330396, 0.0014033773246878638, 0.0015033927467055256, 0.0016422776322263988, 0.0017875569408034927, 0.001862680835769013, 0.0017145514455400327, 0.001504031388217652, 0.0012453434985300767, 0.0010395617841449708, 0.0009041577810365536, 0.000778399297250644], [0.00017742814763436123, 0.0001605495183422922, 0.000149774776819811, 0.00014453026596448186, 0.00015511448329661625, 0.00019498828550648585, 0.0002604706130990731, 0.0003437509561133391, 0.0004117692874466062, 0.00044812590741356037, 0.0004668802126608275, 0.00042964760564120604, 0.00037683121963978433, 0.0003517704980498836, 0.0003768721486297666, 0.0004117348471956287, 0.0004482092612065608, 0.00046706662135709943, 0.0004298727473026287, 0.00037702535230064494, 0.00031210693457592206, 0.00026059298397173745, 0.00022666555359765627, 0.0001951683094689157], [0.008625975910481348, 0.007805818436701023, 0.0072821217367063425, 0.007027187363825654, 0.007541664590831269, 0.00948744092256423, 0.012057874025132816, 0.014021161117304006, 0.014398290374881013, 0.012831539768492106, 0.011340674114352602, 0.009113006886117622, 0.007219989382646857, 0.006861743425071843, 0.008847917267534911, 0.012050299150933324, 0.016554914272632875, 0.02072593098876553, 0.020850025029685748, 0.018298469962166077, 0.015160560628080792, 0.012661962918069513, 0.01101673856729277, 0.009487745198524947], [0.00634684517885156, 0.005742990057744182, 0.005357457366691666, 0.00516979727990013, 0.005548521047041529, 0.006981228152448196, 0.00880258847655355, 0.010018675288345524, 0.010007510401536303, 0.008587632633875969, 0.007354706721133231, 0.005763248141163031, 0.004487853643181121, 0.004276544695031657, 0.005698116792382322, 0.008096959354281008, 0.011625915115732395, 0.01503833081995786, 0.01535372521935031, 0.013472838407221308, 0.011160310155482689, 0.009319363670556765, 0.008107467656213981, 0.006981414141180334], [0.004414257096379317, 0.003993958121210811, 0.003725628885972309, 0.0035950198191683166, 0.0038586077057181944, 0.004855877578571258, 0.006482460740223354, 0.008545861327231178, 0.01022575565882371, 0.011116911273217003, 0.011573192110401266, 0.010648854979359046, 0.009341560174255161, 0.00872321038042848, 0.009348714026232007, 0.01021794392921093, 0.011129789042198222, 0.011605771860281559, 0.01068824092922978, 0.009377426165835643, 0.007766231370820505, 0.006483677937230173, 0.005639860941829432, 0.004855961624518347], [0.0028292366013202477, 0.0025596779452688855, 0.002387604015641266, 0.002303852507357788, 0.002472878707338123, 0.003112457929323906, 0.004156008345960815, 0.005480336111527281, 0.006558925086626365, 0.007131189840551666, 0.0074242234783921356, 0.006830599735293086, 0.005991149241456874, 0.0055941702081879615, 0.005995747038932932, 0.006553867647142518, 0.00713943973440633, 0.0074451726076823765, 0.006855920531191107, 0.006014241161556399, 0.004979948384150381, 0.004156916135185837, 0.003615479429258226, 0.0031125652128351005], [0.00017706783385844222, 0.00016023907922899655, 0.00014949479758791102, 0.00014426474411893497, 0.00015481953890712479, 0.00019457400074289192, 0.00025978743303017615, 0.00034255221096453743, 0.0004099493794210959, 0.00044571501585018776, 0.00046402916912747057, 0.00042692893049466345, 0.0003744769971711082, 0.00034966706256703246, 0.0003747642032616802, 0.00040964490488266015, 0.0004462411072458471, 0.00046533801969552487, 0.00042851081517041864, 0.00037590734596657617, 0.0003112655926584594, 0.00025995328741468287, 0.00022614659090172868, 0.00019475316211460132], [0.0007086837704854697, 0.0006411294601963512, 0.0005980136282810114, 0.0005770309654224428, 0.0006193797064146369, 0.0007796259219512464, 0.0010413202742319432, 0.0013735784178756463, 0.0016442854255969606, 0.001787961923076693, 0.001861541877954318, 0.0017124865670452487, 0.001501773897987975, 0.00140214127293218, 0.0015029293366704295, 0.0016430306552122221, 0.001790051811329038, 0.0018668103018107418, 0.001718852866678193, 0.0015075591854546984, 0.00124799512736401, 0.0010415795232013075, 0.0009057918223172442, 0.0007797023432254216], [0.00017770778741756015, 0.00016078945959268327, 0.00014999045324374887, 0.00014473447015551547, 0.00015534206788121247, 0.00019531485549756716, 0.0002609337478756568, 0.0003442925756794753, 0.0004122319547235196, 0.00044830410307743776, 0.0004667797853196422, 0.00042935335248980025, 0.0003764652226027086, 0.00035145977942108777, 0.00037675548677942194, 0.00041192380934951657, 0.00044883607187408203, 0.00046810425325359193, 0.0004309533264324014, 0.00037791111277161364, 0.00031277230006418835, 0.00026109791583774837, 0.00022707319379785266, 0.0001954920458151673], [0.014242659993053894, 0.012889242043071725, 0.012024948308682804, 0.011604180828760776, 0.012453300394437384, 0.01566437655811203, 0.02090042550357404, 0.027545871960490707, 0.03296422692832644, 0.03585671651775313, 0.03734793248225796, 0.03438691709159334, 0.030181815789339768, 0.02818510576573231, 0.030185063649407463, 0.03296083644861608, 0.0358626830688488, 0.03736268495069241, 0.034404756614557254, 0.03019790268415325, 0.025023203894434805, 0.020901425538235614, 0.01818727593333326, 0.0156645965041526], [0.0007024673489080917, 0.0006357831220221144, 0.000593199491788532, 0.0005724691065428071, 0.0006143041376815875, 0.0007724468873169455, 0.0010303974260941302, 0.0013576516803469438, 0.0016243807460126294, 0.0017667422548967584, 0.0018401285205908338, 0.0016944052790816197, 0.00148742491334251, 0.0013891248965013983, 0.0014875845752793588, 0.0016242209867095422, 0.0017670426439272628, 0.0018408535675851622, 0.0016952822038329067, 0.0014882089905356535, 0.0012334315660549044, 0.0010304850542816794, 0.0008967996490176648, 0.0007725253502988284], [0.00017615320142742887, 0.00015945272422405928, 0.00014878688302895365, 0.00014359397508368675, 0.0001540731091752231, 0.00019351433010376452, 0.00025819162350306635, 0.00034029119634499517, 0.00040722916069391634, 0.00044296943108092376, 0.0004613957314316301, 0.0004248082363999993, 0.00037285921805468516, 0.00034818927992372, 0.0003728992812762616, 0.0004071958063125218, 0.0004430511835845347, 0.00046157781221390693, 0.00042502836499090933, 0.0003730489379665987, 0.0003091146874189763, 0.0002583164200817992, 0.00022482123212326844, 0.00019369659142809547], [0.006340239182497624, 0.005737300345086274, 0.005352298794455002, 0.005164879337603678, 0.005543105109799927, 0.006973718181765002, 0.009307285926430268, 0.012270096809090811, 0.014686675261383002, 0.015977051081700923, 0.016642380392943596, 0.015321325162573538, 0.013445641443519554, 0.012555153691286453, 0.013447091466117098, 0.014685198605046612, 0.015979746440460785, 0.016648970626107568, 0.015329292556736243, 0.013452781933130955, 0.011145201196574878, 0.009307417840656525, 0.008097810577265227, 0.0069737607045384465], [0.0007050021279706658, 0.0006379636520787959, 0.0005951632777975236, 0.0005743301410952623, 0.0006163743996419163, 0.0007753735295015065, 0.0010349160818014667, 0.0013645019868239426, 0.0016333618452087236, 0.0017769376605197764, 0.001850969825120878, 0.0017039760126240436, 0.001495285732149839, 0.0013962148857065266, 0.0014954470927739337, 0.0016331996932093988, 0.0017772409748011556, 0.001851703465893451, 0.0017048629004685365, 0.0014960787881275839, 0.001239359227895731, 0.0010350035551175332, 0.0009004636377556765, 0.0007754510433355042], [0.00017678859982866532, 0.00015999951966658827, 0.00014927949152635674, 0.00014406089568601784, 0.0001545923334361784, 0.00019424834139833514, 0.0002593259304578699, 0.0003420122267428844, 0.0004094866388671893, 0.00044553277532074256, 0.0004641218069623389, 0.0004272142211884881, 0.00037483462737336674, 0.000349970637310908, 0.0003748751195178345, 0.00040945269480192664, 0.0004456152767819588, 0.0004643060759006266, 0.00042743688375777183, 0.00037502659112520975, 0.0003106035377585939, 0.0002594494015010879, 0.00022573952339798912, 0.0001944297972451765], [0.0015870479317764796, 0.001436054385444261, 0.0013396512457893293, 0.0012927253748258897, 0.0013874273547491145, 0.0017456275923835294, 0.0023301878885618353, 0.0030726423234381703, 0.003678429572011265, 0.0040019312122962026, 0.004168746164283211, 0.0038375328955761677, 0.0033672896197176855, 0.0031440869691932273, 0.0033676534727841356, 0.0036780208715094043, 0.004002576243984113, 0.00417040011341959, 0.003839532151461115, 0.003369125004422361, 0.002790776375645565, 0.0023303612032129577, 0.0020273058452314925, 0.0017457241267335526], [0.0001767892103065051, 0.00016000004315651912, 0.00014927995927537972, 0.00014406133492929484, 0.0001545928271065825, 0.0001942486268103452, 0.000259326370537011, 0.00034201295860118985, 0.00040948767296296356, 0.00044553400251179956, 0.0004641231399831505, 0.000427215348475848, 0.00037483550433319886, 0.0003499714102266265, 0.0003748759964569188, 0.00040945373722569336, 0.0004456165099867836, 0.0004643074166062147, 0.00042743801171162476, 0.00037502745552376357, 0.0003106041270186664, 0.0002594501250540144, 0.0002257402673852805, 0.00019443049912658243], [0.0001767892106473852, 0.00016000004275131877, 0.00014927995964404876, 0.00014406133291253604, 0.00015459282622907395, 0.0001942486268945311, 0.0002593263706415428, 0.00034201295858087477, 0.0004094876729719363, 0.0004455340024860589, 0.000464123139986892, 0.0004272153484827015, 0.0003748355043544748, 0.000349971410326843, 0.0003748759964269521, 0.0004094537371391456, 0.0004456165100487159, 0.00046430741660306505, 0.0004274380117175486, 0.0003750274555007535, 0.0003106041268827347, 0.000259450124681984, 0.00022574026689856926, 0.00019443049931026625], [0.001575659791550611, 0.0014262555406938848, 0.0013308244493792165, 0.0012843592886893796, 0.0013781230770895485, 0.001732484341536751, 0.0023099003042923567, 0.0030418955237958133, 0.0036381322377783817, 0.003956191203260717, 0.004120111490825271, 0.0037945926305272366, 0.003332011866171384, 0.00311226536602114, 0.003332368112986065, 0.0036377317873956564, 0.003956820786222889, 0.004121726945336895, 0.0037965472535037435, 0.0033338093945023267, 0.0027641691784843847, 0.0023100727612118534, 0.0020108507622207195, 0.0017325818297640027], [0.0001755232058726414, 0.00015891039072818397, 0.00014829818673990893, 0.00014313071217095794, 0.00015355806654668148, 0.0001927857403265897, 0.0002570665416287878, 0.00033858601873804886, 0.0004049942558937481, 0.0004404328035705558, 0.00045869864620309223, 0.00042242681394036644, 0.00037090280459430394, 0.00034642450221961834, 0.00037094244747733934, 0.00040496156623449285, 0.0004405139137100859, 0.00045887856815942036, 0.00042264443756374073, 0.00037109021462853773, 0.0003076388405612544, 0.0002571939135508526, 0.00022391138998332664, 0.00019296993329307325], [0.0001755232064679451, 0.0001589103912322192, 0.0001482981867768496, 0.0001431307124077066, 0.00015355806596060938, 0.00019278574031755415, 0.00025706654176328107, 0.0003385860188155933, 0.00040499425591264166, 0.0004404328037077504, 0.00045869864624101015, 0.0004224268139121062, 0.0003709028045294226, 0.0003464245022896419, 0.00037094244743952204, 0.0004049615662508425, 0.0004405139136649925, 0.00045887856811109665, 0.0004226444376202845, 0.00037109021481993167, 0.00030763884072010264, 0.00025719391334780783, 0.00022391138954522494, 0.00019296993380339797], [0.0006988933345542279, 0.0006327104858735586, 0.0005903460623387631, 0.0005697505034550189, 0.0006112850420102465, 0.0007675335068955338, 0.0010229662869611445, 0.0013464934468985484, 0.0016097168206527734, 0.0017498869371700993, 0.0018219955316516603, 0.0016781266187751054, 0.0014738222994560078, 0.0013768576424422383, 0.0014743151681850186, 0.0016093435222391574, 0.0017505248128321846, 0.0018236454236968782, 0.0016801433744863244, 0.001475655753032885, 0.0012238449230788943, 0.0010239339223603026, 0.0008912520284613225, 0.0007680732041395357], [0.00017525930922337912, 0.00015868389979636048, 0.00014807256495514976, 0.00014291326358913827, 0.0001533174639010621, 0.00019228269555953624, 0.00025632670083779776, 0.00033748841123743944, 0.0004035434184465906, 0.00043873188308992127, 0.0004568364376910291, 0.0004207162366420649, 0.0003694415075331291, 0.0003451077116319814, 0.00036956529302051907, 0.0004034568217064829, 0.0004388989131978045, 0.00045725095275126176, 0.00042122271748606596, 0.00036989441413997677, 0.0003067068736466865, 0.0002566772092950874, 0.00022343410046591196, 0.00019258354663491905], [0.0006988933343018974, 0.0006327104854359915, 0.0005903460623102284, 0.0005697505035664255, 0.0006112850420851541, 0.0007675335069866747, 0.0010229662869346123, 0.0013464934469235056, 0.0016097168206301103, 0.0017498869371845344, 0.0018219955314945102, 0.0016781266187695695, 0.0014738222996435373, 0.0013768576426839213, 0.0014743151681697938, 0.0016093435222247505, 0.0017505248128175672, 0.001823645423705636, 0.0016801433744830269, 0.0014756557530792643, 0.0012238449230801717, 0.0010239339223608516, 0.0008912520284222818, 0.0007680732041507017], [0.00017525930779922188, 0.0001586839013474072, 0.00014807256498050933, 0.00014291326528193554, 0.00015331746357122032, 0.00019228269587468237, 0.0002563267010925898, 0.0003374884113351355, 0.0004035434184345625, 0.00043873188314144613, 0.00045683643778387855, 0.00042071623652282684, 0.0003694415069479752, 0.0003451077116066339, 0.00036956529302213664, 0.00040345682172742233, 0.00043889891323393955, 0.0004572509527168019, 0.00042122271754774134, 0.00036989441418232137, 0.0003067068736399985, 0.00025667720928857656, 0.00022343410020640643, 0.0001925835462108029], [0.0023618121821179956, 0.002366162561957394, 0.0023879516013396215, 0.002347512827360711, 0.0024287056796107346, 0.0011248252989317087, 0.0010772673508222057, 0.0005363609637617706, 0.00032642839528659867, 0.0014626244823009742, 0.0036700887338279166, 0.005691560685021291, 0.006893668638553291, 0.006242169969825768, 0.003701020896409653, 0.001359761969991868, 0.00033207752439533283, 0.001120176789306412, 0.0019817603534604033, 0.0017421347301598122, 0.0014972132783804127, 0.0024713557683995083, 0.001743177832357118, 0.0016545445676233862], [0.0012839920971245964, 0.0013346200953703292, 0.0013834000622336155, 0.0013682780936980145, 0.001398465451405067, 0.00039220844180196113, 0.0002852133150678699, 6.392794825558103e-5, 0.0005917017580041674, 0.002826939526922652, 0.0059814592969886305, 0.008478631603778463, 0.009775655701803113, 0.008892936393089128, 0.005799804146087034, 0.0026222368223161514, 0.0004666305610352568, 0.00016244841484454762, 0.0005826160134250753, 0.0005125232036012209, 0.0004539095243992431, 0.0011630426194647998, 0.0007326057533274689, 0.0007331705006451591], [0.004379679381148354, 0.003964315589285122, 0.0036984702287064255, 0.0035692348855346045, 0.003829863702494033, 0.004810934583024968, 0.005990072247753217, 0.0066004263105919735, 0.006324613324207615, 0.0051319256084547534, 0.0042042464335222095, 0.0031963013759421584, 0.002452081054337059, 0.0023423626662482486, 0.003233047526960573, 0.004869968897876637, 0.007454738616835244, 0.010108256337423155, 0.010546123176473948, 0.009260068392541503, 0.0076771375172684595, 0.006420797197961285, 0.005587400962581191, 0.004813945748971762], [0.0028068819760343725, 0.002540459280241615, 0.0023699493186089375, 0.0022870637930316098, 0.0024542220571407898, 0.003083474781103904, 0.004112102922876166, 0.005415183504931878, 0.006474930454820872, 0.007037250517355895, 0.00732538362439031, 0.006743647891373842, 0.005919656007653981, 0.0055295847705222525, 0.005923947154132064, 0.006470823039033113, 0.0070438807478143085, 0.007342507823602157, 0.006764447287249291, 0.005938692603603378, 0.004922580111117459, 0.004116280771988361, 0.0035815975461609543, 0.00308543551468761], [0.00017567648150059289, 0.00015904290741380382, 0.0001483958417485785, 0.0001432196586538854, 0.00015365821961460952, 0.0001927641776203513, 0.00025704463860930915, 0.0003384814476846579, 0.0004047004476150253, 0.00043984460265904485, 0.0004578525014644551, 0.0004214951791814213, 0.0003700098032926591, 0.000345631594202902, 0.0003702778842135261, 0.0004044559361555684, 0.00044027012045031686, 0.00045892231298495843, 0.0004227944982764801, 0.0003711862347182233, 0.0003076806391349863, 0.0002574207714413287, 0.00022403657433824615, 0.00019306460095655243], [0.0007030778859925543, 0.0006363117167961415, 0.0005935892231665168, 0.000572824303833109, 0.0006147034629634812, 0.000772352914725043, 0.0010302966998065471, 0.0013572095562947447, 0.0016231704681627422, 0.0017643415514558285, 0.001836686461839833, 0.0016906258840482364, 0.0014838077027765678, 0.0013859140031130892, 0.0014848860191713149, 0.0016221562037898897, 0.001766025522340917, 0.001840992536769494, 0.0016958549039616099, 0.0014885717678286949, 0.001233583813003602, 0.001031377297779322, 0.0008972888446901841, 0.0007728969606058516], [0.00017630618516833226, 0.00015958487958558194, 0.0001488840229690375, 0.00014368239503839762, 0.00015417271976840856, 0.00019349120341570958, 0.00025816675220263253, 0.00034018050834106893, 0.00040692469565217076, 0.0004423656357967727, 0.0004605300476960702, 0.00042385801043021083, 0.000371950654643218, 0.00034738297381828174, 0.00037222156511413956, 0.0004066772309811304, 0.0004427957950383194, 0.00046161245167443307, 0.00042517199534891203, 0.0003731397791828493, 0.0003091527071382021, 0.00025854284108974555, 0.00022494563546649558, 0.00019379047836502194], [0.002281962938899647, 0.001948918446966744, 0.0010439946569115832, 0.0009788051912673886, 0.0010601710988566901, 0.010276295985154907, 0.00868518499593088, 0.007304420776959842, 0.006543735849542531, 0.00623970032650311, 0.006106583671331341, 0.00638157921298782, 0.006891630499699609, 0.006477537678497638, 0.005329273923514196, 0.005930690722751111, 0.0062420959082830465, 0.006112005763260232, 0.006389303863470555, 0.006900578148634285, 0.007762567840549052, 0.002276496867601839, 0.0016506623161014614, 0.001575356373594219], [0.0012756100379146405, 0.0010818178661589808, 0.0007294055250239823, 0.0007618302361041035, 0.0007834160198791459, 0.012376634587587802, 0.010739085600635015, 0.009192484604701779, 0.00823550981804754, 0.007809168605973476, 0.007608854758574097, 0.008013150426781883, 0.00868767147313496, 0.008166027931376885, 0.006675989625251068, 0.00743650657942352, 0.007812075742367126, 0.007615571209089686, 0.00802293204677838, 0.008699073953373276, 0.009725194889925882, 0.0012895831346258825, 0.0016640971504661717, 0.0017295004870351656], [0.0006167280973176649, 0.0005288648420741261, 0.0007105737048316252, 0.0008304675544069909, 0.0008126605515787472, 0.014857412298682286, 0.013300372659264013, 0.011748552807901196, 0.010725866713453993, 0.010246719591757143, 0.01001497072904526, 0.010477138412297145, 0.01121512840138085, 0.01053779992554338, 0.00875449741228869, 0.009740902637227863, 0.01025045869111937, 0.010023809222963058, 0.010490084481673195, 0.011229614712597364, 0.012294829962180702, 0.0008131246517964546, 0.0021222211846818363, 0.002266925583633741], [0.0001749758162874368, 0.00015842240123520258, 0.00014764972112323266, 0.00014248050667760076, 0.0001528531224738733, 0.00019058232820743132, 0.0002540750632242708, 0.00033454691187783086, 0.0004000468393953316, 0.0004349424365599491, 0.00045289726171919976, 0.0004170786017078024, 0.00036623382730391655, 0.00034220579914073763, 0.0003666222755506668, 0.00040007694145963684, 0.00043510673572426454, 0.0004533048465897716, 0.000417576505213258, 0.000366678767054425, 0.00030402541953335806, 0.0002559280352745708, 0.00022242520937280734, 0.00019171612035637334], [0.00034668023191343885, 0.00036785918664715504, 0.001556132793900362, 0.0018188407870932313, 0.0017840610567861756, 0.020962376318768104, 0.019947879014850563, 0.01886870540263692, 0.018107137067723513, 0.017731462626064252, 0.01754393039616829, 0.017908340121928674, 0.018468296854213008, 0.017335420619719568, 0.015111312238238354, 0.01675028671639435, 0.017737835466106668, 0.0175596511457149, 0.01792986670976731, 0.01849137188633639, 0.01925902024110902, 0.0013894991381415542, 0.004365599074934086, 0.004484915754081395], [0.000735330724424099, 0.0007601719786775348, 0.0024181455922486932, 0.0027356172306095667, 0.0027240089979653818, 0.02457765166212736, 0.024022894690853988, 0.02341894366087764, 0.022982676949698463, 0.022762366198343195, 0.022650333860509655, 0.02285947418314962, 0.023179107374668318, 0.021747935281852662, 0.01937690593047669, 0.021440352458336046, 0.022770528987914214, 0.022670673676131903, 0.02288673386690448, 0.023208037362534184, 0.023640866082381896, 0.002442009199369227, 0.006150865822668265, 0.006165850134374499]]
kappa_R = [[1220.325437425437, 1196.4186522701082, 1164.4002500482516, 1198.4029868390635, 1164.1851925615808, 1163.723376298393, 1167.5920380654654, 1173.7164793877168, 1170.5823321369794, 1161.6185540282486, 1154.795842781842, 1153.3773407174826, 1153.328378347861, 1153.6347169901019, 1153.9047542655358, 1155.7774674559466, 1156.1092991618493, 1157.2921337364514, 1155.7778035565195, 1156.084629762596, 1227.1213774583052, 1165.9337666210383, 1180.9110034179605, 1180.321758557889], [216.17850151648628, 206.55183467333492, 205.90730446571257, 205.75671272573538, 206.34574321274036, 207.07840768129316, 207.43760165537645, 208.3205646342971, 207.83736613682973, 206.95115683086252, 206.301267208116, 206.26940851930104, 206.3227819955832, 206.54476607948706, 206.7687385343621, 209.9826637873673, 211.5069455914943, 209.57685279804755, 209.48912170132797, 202.25036396771796, 214.74204808808685, 206.22016229368663, 208.97926240765938, 208.5465246297744], [352.697604647946, 336.7986896335676, 336.0004240320529, 335.4296081965545, 336.7740226856917, 337.7242695813874, 338.52381214848384, 340.1305839838943, 339.3324751575154, 336.7307272863348, 334.6150190459699, 333.8051256140782, 333.71387686460673, 333.82608505799203, 333.9357263410866, 334.4699206320813, 335.6456974034673, 335.0168682659673, 334.3375718528159, 336.862979803118, 361.8792793118269, 338.69308861040264, 343.03703415089814, 342.83828319697625], [319.81436366558387, 305.61695675872545, 305.0133589785212, 303.8413514245776, 305.92270597385595, 307.8194243945012, 309.03727906350747, 311.4199660435986, 310.2029801324704, 305.68928695754715, 301.90934198519113, 299.9828499595488, 299.6906047110288, 299.7522884534691, 299.81242902236687, 300.08783509995266, 299.9970989778453, 301.4139789122086, 300.3522952104073, 307.2963764554661, 354.1079026004682, 318.7937338599189, 318.30408826869956, 316.8478852657098], [567.4930728228727, 571.910076875358, 571.8167838236641, 570.1413295804526, 572.9154288538783, 576.6292142605911, 578.576701047098, 582.0254684574885, 580.0632053898311, 572.7950832810121, 566.4667629657831, 562.7892428808786, 561.8822616220496, 561.9655408168148, 562.0420006901616, 562.366741640642, 562.4254600866467, 564.9112967040104, 563.3265110705024, 587.1412651468428, 648.2878651800222, 576.9619726577729, 590.2456814617263, 590.4701689201128], [567.4930728223804, 571.9100768737211, 571.8167838229585, 570.1413295805639, 572.9154288537133, 576.6292142622272, 578.5767010482806, 582.0254684590368, 580.0632053884507, 572.7950832815545, 566.4667629647021, 562.7892428810449, 561.8822616212906, 561.9655408162157, 562.0420006894412, 562.3667416401843, 562.4254600861906, 564.9112967041241, 563.3265110711142, 587.141265147179, 648.2878651906473, 576.9619726572045, 590.245681459828, 590.4701689233775], [293.6216267409292, 277.6924801110631, 276.9694376381516, 276.5737907721543, 277.5341338832356, 278.12908524585873, 278.72821337933397, 279.91819570714773, 279.382613826177, 277.55153519864314, 276.13959047651866, 275.6646122151743, 275.7187345245016, 275.8203169379882, 275.919725331495, 277.7156137328622, 280.4595055806582, 276.65775186427453, 276.1654445327815, 267.98470741995203, 294.0039878673532, 280.36018082568705, 281.91681799550156, 281.61175162128063], [267.7208491358444, 250.22346892368722, 249.908308227985, 249.0998124025275, 250.57498948430532, 252.15334102174788, 253.07266257352873, 254.74881625414747, 253.83466426335434, 250.5552414663628, 247.77657974862328, 246.34951141616096, 246.10126354059284, 246.15758934909843, 246.21301644759106, 246.2933117965719, 245.96310442381738, 247.34275991276684, 246.59372246852365, 249.23301619929686, 287.17301384277175, 255.41608757156163, 259.76875152844207, 258.90151815728444], [258.43413385269906, 246.33250127245668, 246.58296946961445, 245.43516584706424, 247.34776625167513, 250.0422033465717, 251.39617937484866, 253.45832052484042, 252.10405878339134, 247.45733107857322, 243.44200696741206, 241.14390046475697, 240.44883925040665, 240.49249989729842, 240.53529759707246, 240.586282757679, 240.49014224991816, 242.18200976684798, 241.26525628266447, 262.77045750742576, 302.74241862273806, 253.1804085086745, 260.4544704118303, 259.59739857862985], [465.7800533259733, 477.5559786532054, 478.8209291147546, 477.5306121459633, 479.7815910154015, 484.41596385315984, 486.56545798703473, 489.22629737379407, 487.08381632331873, 480.2144057182208, 474.0774475472675, 470.41594280380787, 468.53296341177116, 468.6002331317008, 468.6621209009484, 468.6865669591989, 468.81356179962256, 471.8007724444666, 470.333703555894, 562.4570523985886, 559.8224668067431, 488.6086382332192, 497.1618572462836, 497.657571443956], [465.7800533254451, 477.55597865400335, 478.82092911444454, 477.53061214599137, 479.7815910157011, 484.4159638554093, 486.56545798713273, 489.22629737295887, 487.08381632098514, 480.2144057183458, 474.077447548098, 470.41594280452614, 468.53296341231595, 468.6002331316609, 468.6621209016192, 468.6865669590206, 468.8135617996665, 471.800772444364, 470.3337035554729, 562.4570523949766, 559.8224667999646, 488.6086382323456, 497.161857248378, 497.65757144362726], [104.55063219355658, 99.7981465531057, 98.74236462937115, 98.20577577987925, 97.94095365375232, 95.16211101740106, 95.04621095944827, 92.92197685393208, 95.1816879317072, 94.25991380633256, 93.140334025973, 92.28826653226118, 92.47926883546711, 92.80784987586885, 93.04004181410721, 86.21945929956969, 88.09793989596602, 87.3282437860734, 82.16270811590667, 84.09044028430627, 103.22592270055574, 96.52131262106239, 98.01835364148606, 97.69536593715243], [225.46547051758702, 214.74015244815487, 214.87023839331246, 212.60598925509584, 213.41911265385573, 215.89023894105665, 216.12041262523064, 217.73564953021366, 216.7047039046209, 216.20867095263375, 215.95520193084667, 216.23101456074897, 216.4785385168195, 216.9511080758677, 217.42477865863555, 227.18618642287487, 228.8188430409085, 224.35142171490426, 214.12499446646723, 201.3086849822412, 217.50277523580635, 212.66688407495184, 215.25403362435347, 215.51271978227075], [200.9365059487541, 181.52341844295591, 181.25280762826512, 180.79234994866016, 181.93052619504033, 183.90548269009543, 184.5453227346549, 185.98280269336996, 185.06803165993804, 183.17021074552852, 181.58302499493408, 180.89331750328984, 180.81931262995883, 181.0192583622998, 181.22007643004073, 187.55116117984792, 189.36293622492278, 183.09916919404142, 179.01062147575942, 181.63066747265879, 204.5317819519234, 183.65772607799647, 189.08533037648237, 187.4671081017801], [192.62398728059551, 170.2211344013514, 170.40900412321352, 169.8122115497249, 171.14639594405554, 173.47459519322354, 174.44090971578018, 175.92693399855028, 174.83534579557795, 172.09454487913322, 169.6932118721686, 168.4234205783987, 168.07068344032848, 168.20169733891555, 168.33392808858957, 171.48538115880402, 172.9579059582461, 170.03288430249108, 167.84094662681298, 185.45253043452303, 205.81458834913002, 171.55960656358627, 181.14638138785625, 179.12338058967296], [403.8390154187015, 384.34884152852965, 385.02948219579025, 384.67395303556174, 386.34445469086916, 390.3484272893891, 391.8870975069464, 393.94015550666654, 392.11330121124973, 388.03579228112454, 384.38975140697937, 382.24965923215535, 381.2644757570265, 381.4808974277254, 381.696172919961, 382.0116107476566, 381.35412316148245, 384.8043191642176, 393.2036790025274, 431.6274961310372, 436.4579977581909, 379.1013838737784, 398.7669013541251, 398.3016030118586], [408.37760704813604, 424.0687234117673, 426.33941420897946, 425.74077315008174, 428.3428833368232, 435.0627332877191, 438.1116417009504, 441.0803068887121, 437.84954262027213, 430.23164150658886, 423.5012889596042, 419.52524944002744, 416.6750166839763, 416.8721128664267, 417.0653605433839, 417.2869977262032, 417.35514812704065, 421.9270547699162, 444.4239455675783, 540.5955712470922, 526.0524902423826, 489.72120128576097, 448.35735836144636, 449.68783445092026], [289.72669745503737, 263.87215422496865, 264.29356292137123, 263.62885019194186, 265.039134352226, 267.7854199234693, 268.7994704777834, 270.2361057611048, 269.05479404120473, 266.35909795385083, 263.92824732920417, 262.5092932527164, 262.0072096604401, 262.17469539373286, 262.33683956912455, 262.588469587736, 262.0113429212841, 264.40044733355705, 256.839055810324, 296.2998618828183, 299.54763881741593, 264.28038177099893, 273.5667304045742, 273.1844103857367], [291.49644181466374, 272.39449964309006, 273.88732912849474, 273.7621405599519, 275.1130235869827, 279.3902375835891, 281.29957804259897, 283.02242636877816, 281.01064806789657, 276.5626424962723, 272.6198744687912, 270.2628713292117, 268.6273458553141, 268.7525774437678, 268.892964767672, 269.09140336872946, 268.902033460117, 271.7749724415146, 277.91748582069073, 345.1839076868905, 336.56842629642483, 277.55495293244843, 289.9762724379721, 288.658468782767], [288.0886281325805, 313.22613432165116, 316.4505182473188, 319.76364630861207, 319.1807267386348, 326.99501088902275, 330.8388247185397, 333.3977086637942, 329.40532188841206, 321.1082858698142, 313.97353906272485, 309.7256472685785, 305.6698522502604, 305.7100490060143, 305.85202776378173, 306.02724554970104, 306.888004309603, 310.9780979635451, 412.6389660109686, 442.28637806433517, 434.0248177228053, 322.6529736521041, 341.8619540844429, 342.95066823126837], [119.02271434205387, 116.04730847211256, 112.3806763348051, 112.18256780256658, 111.46416946494905, 118.92491405001256, 118.89186624545502, 116.32684179880208, 119.287287506139, 117.52795808088868, 115.36971117143776, 114.1223021307835, 114.53068708736421, 122.04997428384128, 125.41156758801472, 118.53683018683508, 122.66934725777381, 126.7318840801979, 103.57546492716114, 102.9074603570301, 129.01699789632792, 111.88970342701924, 113.75923279328757, 114.0843448177598], [104.75110490852293, 103.06138158976638, 97.88406204782639, 97.66780844496233, 97.10454285410589, 115.27303043014226, 115.48032210799596, 113.82823163696133, 115.96667015712069, 113.7167240175361, 111.07407838975176, 109.58653483514469, 109.88570422612099, 121.58604646570018, 122.20059259277745, 118.88691613422448, 123.07689476616422, 126.4807779270881, 104.84951828424192, 103.62699749398513, 128.36741177067648, 97.58921450559818, 105.43945836344945, 104.33454472068416], [96.67253812362166, 94.52544893885403, 90.7636300477703, 90.59123446877945, 90.0333449430993, 118.13989330098038, 118.3849778248509, 117.02091400750116, 118.79293740568883, 116.57640729215717, 113.91090566201532, 112.27221167346823, 112.5033228524357, 122.64481355151041, 123.92245960069143, 122.49581058469202, 126.24535469921199, 128.9890751952505, 112.0229170057068, 110.26977999345026, 130.6604576060335, 89.31624137564545, 103.10868788497334, 100.60987607474303], [90.66610978650765, 88.26246131137853, 86.51066020331342, 86.41301271811369, 85.79883298847047, 125.23998805309688, 125.39894685284312, 124.01928902327761, 125.630842865375, 123.84320488483188, 121.56879662343285, 119.9390104025278, 120.1114864871151, 126.40948919017985, 128.39547382529872, 128.22559008166076, 131.1048238226833, 133.10288696176252, 124.25241434115891, 121.87353665048407, 134.63749604163752, 83.15549797841923, 102.0004931991049, 99.47874416769055], [900.8519674733504, 834.6407020563732, 840.6348242734225, 840.037024682137, 845.3259109630972, 830.9016640807879, 834.6141301381623, 847.6596524983944, 835.8008521686687, 830.1991766259879, 826.8503715435047, 826.2810311217928, 824.7602043712832, 813.1851610492198, 827.503812504703, 902.2739996242827, 912.801413820388, 907.4313987468456, 934.1484388912993, 936.5773954746917, 896.9569308227875, 843.4567655207406, 860.580412720883, 861.6960860297594], [88.5741711304766, 88.9474197757485, 89.70844089606449, 89.75371221972368, 88.69622179803358, 157.21824005650018, 156.56242419788123, 154.01103424003875, 156.2710476249289, 157.10018445543963, 157.54388722240853, 157.3542409723816, 157.61065961534564, 156.7036633898857, 155.46871400745, 147.3186923916585, 146.7131942676959, 147.67562420962346, 148.48729439916212, 148.67197260979924, 149.3180985437007, 88.14650748339696, 110.04190037073218, 107.03963949959808], [162.9730732557648, 163.3824055537788, 162.68028826633648, 162.75505825337848, 163.15289309943074, 166.33486335092675, 167.46838186170416, 161.75068024809573, 161.9938590249675, 165.25140001490038, 165.47847606506076, 163.95222352085844, 164.68833432348444, 162.56772553180892, 161.85651290599176, 147.12129312441758, 145.82045124174425, 151.75655498699984, 150.55957395504723, 150.31943995458684, 146.91098529580796, 160.34784045330284, 159.25710887864, 161.0477394121468], [155.9144918560407, 156.23061589399856, 155.1561242816146, 155.2242496457125, 166.8269836679876, 164.05217298387603, 166.10504723150126, 172.54528372334795, 158.58885549543496, 162.44542444718596, 162.00925090489525, 159.40020006688232, 160.35750512781573, 158.56390471215323, 158.8253558787762, 168.47273061154547, 167.6169186177543, 164.98547687354528, 171.52048713683902, 171.3180594735698, 174.636166124271, 165.25097690092096, 162.44625082648747, 162.92413613927562], [153.13807726828585, 150.00327778706006, 151.2296625588585, 151.2767576750244, 161.2735588166858, 161.3263544685799, 164.45822806770843, 183.26648429793408, 154.4969162724208, 159.12010403097685, 158.0669178998605, 154.47013697584654, 155.64350498546372, 154.02325541364078, 161.0288383229817, 205.00754959825164, 211.85630445346058, 204.3439568034828, 214.73186701437714, 215.2481687988972, 207.08337958032223, 180.43594290019476, 171.30093311129428, 168.9827998023195], [428.4786356691553, 430.88368100112245, 434.05820325203933, 434.1838486957609, 432.24096210117614, 410.5253920448942, 421.83630899185994, 436.0039350056123, 430.71063161707445, 418.4500883626743, 412.6682831117723, 412.8941482662759, 407.0682392956613, 399.41718879083805, 410.838026359356, 511.85682177915055, 540.3696710581194, 509.36807304638904, 549.0230014916121, 550.5391513728899, 525.8877781357195, 440.0129312082132, 464.73873395134746, 465.0145818240698], [222.88784739458404, 224.1718153984287, 225.87214870693734, 225.9395098600883, 224.8745100995792, 220.09309152394354, 220.1604623160594, 262.0937437598077, 225.11487341184642, 218.18030887993487, 214.75369803109334, 214.69221779446963, 214.77401486384034, 213.36073309464555, 225.4097729663988, 297.1469530078896, 295.7801347521985, 290.2306611424594, 299.94771107704156, 300.69116595371514, 288.9193329827496, 266.5922596248416, 246.21411812222024, 245.0838476015939], [257.33266281083024, 258.9514461105106, 260.4290203966025, 260.5018309663644, 260.9190512024476, 250.04845245922021, 266.069953955096, 267.94624093861546, 272.3690961107151, 260.85801917813666, 253.7978705905816, 251.84660475511276, 245.27280673859494, 238.08409447964078, 257.8959105593232, 396.34829208431967, 394.9615830906185, 376.9504285266131, 399.0617580572585, 399.78462592759956, 388.2373276901461, 268.1226372267242, 297.12597122570736, 298.2663609279719], [189.7807406777362, 190.70563138958428, 194.78460721329265, 194.85994234264874, 189.59610294945801, 194.02555797216397, 188.62094509353582, 179.82725070700369, 194.76359980504142, 194.83277103131195, 197.92820460978535, 201.85726102394952, 201.61779500362286, 198.8932150769952, 190.19283442575409, 156.54048773410864, 154.19969239028816, 153.36719126579015, 159.0020679211168, 160.41846790583264, 181.9641462618366, 184.60364999655351, 182.61353881233958, 183.84915410849896], [182.2210776288817, 185.5589355830052, 186.21891459923134, 186.28025468367574, 194.9314458085509, 192.636865606398, 185.69361536777228, 195.67566743254858, 195.73893847829697, 194.30295876750267, 198.75239793429, 205.90802185711104, 204.9444732930653, 202.2005858558533, 191.18323387623195, 187.41911134271717, 182.4332763175467, 175.18513498644816, 185.10656627479167, 188.4544022526037, 200.6693561641863, 196.08581630234292, 185.63955033316446, 186.81900557666918], [179.537790732171, 178.11910960641154, 178.75078532174237, 178.8102822354336, 188.2103476289537, 190.48602871270413, 181.3775816560378, 224.36284599830864, 196.6294216193414, 193.2553465294404, 199.74455427223825, 211.8701468274432, 209.80156247491843, 206.7000667792845, 201.6104588371038, 240.80832465312744, 240.5855881711375, 227.0812239259075, 244.26001651372925, 244.34770587475427, 213.76438222241057, 210.11725931900486, 196.26301577757036, 196.54592500761564], [189.36432101159056, 189.72773151991407, 190.261648050086, 190.29851707725547, 191.25813143302284, 182.2512945741695, 195.35172823998568, 238.8725173325431, 191.41401276135008, 185.925068633276, 195.11716930308444, 215.32468043824576, 211.35438121652638, 207.39088341562038, 220.04406836413236, 283.03826746198956, 282.84410630288465, 278.59746024719186, 286.302167743592, 286.38755373324403, 215.32455210556296, 225.42958001005437, 216.85327499822097, 217.29534405525146], [220.93427270680476, 221.6965311360496, 221.86774882015996, 221.81024768729634, 224.58351328472395, 218.4532654483227, 239.89741081179037, 240.3143805992999, 237.1145408028079, 226.53396749682616, 211.2760456263265, 196.2821742165652, 191.2602282180078, 186.41088558459936, 217.16419799194907, 382.6132946496683, 382.3973580709549, 363.7750448959233, 385.833227386133, 385.90410199852676, 196.4659196139552, 263.9562727814419, 268.92679174809194, 269.50008429197425]]
kappa_S = [[1220.3254374484782, 1196.4186522581733, 1164.4002500389581, 1198.4029868409104, 1164.185192563642, 1163.7233763096422, 1167.5920380726027, 1173.7164793765469, 1170.5823321352382, 1161.6185540218985, 1154.7958427851731, 1153.3773407144054, 1153.3283783499633, 1153.6347169877474, 1153.904754264873, 1155.777467454402, 1156.1092991604671, 1157.2921337415942, 1155.7778035574447, 1156.0846297624691, 1227.1213774677067, 1165.9337666177182, 1180.9110034353596, 1180.3217585490383], [216.17850151628977, 206.5518346733389, 205.90730446565757, 205.7567127258007, 206.3457432127809, 207.07840768131643, 207.43760165532956, 208.32056463424667, 207.83736613682674, 206.95115683090162, 206.30126720816506, 206.26940851924064, 206.32278199559644, 206.54476607953066, 206.76873853434282, 209.98266378741096, 211.5069455914762, 209.5768527980904, 209.48912170133016, 202.2503639674965, 214.74204808747723, 206.2201622936252, 208.97926240777832, 208.54652462992345], [352.69760464691586, 336.7986896337198, 336.0004240322305, 335.42960819673056, 336.7740226858637, 337.7242695812421, 338.5238121484459, 340.13058398330537, 339.3324751572757, 336.7307272860058, 334.61501904592785, 333.8051256140155, 333.7138768644298, 333.8260850581293, 333.93572634126144, 334.46992063208455, 335.6456974036191, 335.0168682659593, 334.33757185277943, 336.86297980325685, 361.87927931225613, 338.6930886102283, 343.0370341501465, 342.83828319705185], [319.81436366576037, 305.6169567589048, 305.0133589783217, 303.84135142456734, 305.92270597387824, 307.8194243948927, 309.0372790637183, 311.41996604313886, 310.2029801324316, 305.68928695765004, 301.90934198505477, 299.98284995956635, 299.69060471095526, 299.75228845351086, 299.81242902213893, 300.08783509995055, 299.99709897790467, 301.413978912158, 300.3522952104515, 307.29637645538867, 354.1079026063483, 318.79373385963333, 318.30408826875373, 316.84788526518423], [567.493072823933, 571.9100768744429, 571.8167838220002, 570.1413295797275, 572.9154288534507, 576.6292142607566, 578.5767010468605, 582.0254684579512, 580.0632053867922, 572.7950832795349, 566.4667629649058, 562.7892428817606, 561.8822616210371, 561.9655408163615, 562.042000689529, 562.3667416410223, 562.4254600861552, 564.9112967024178, 563.3265110706711, 587.1412651470974, 648.2878651826572, 576.9619726592775, 590.2456814598473, 590.4701689190757], [567.4930728250929, 571.9100768756267, 571.8167838227416, 570.1413295800648, 572.915428854301, 576.6292142607524, 578.5767010454268, 582.0254684572012, 580.0632053870918, 572.7950832785706, 566.4667629648311, 562.7892428825087, 561.8822616214212, 561.9655408168686, 562.0420006900408, 562.366741641026, 562.4254600868447, 564.9112967026514, 563.326511070959, 587.1412651498259, 648.2878651682145, 576.961972657778, 590.2456814610166, 590.4701689189344], [293.6216267411778, 277.69248011101644, 276.96943763813897, 276.5737907721522, 277.53413388311947, 278.1290852458998, 278.72821337889366, 279.91819570713307, 279.38261382611716, 277.5515351987378, 276.13959047651275, 275.6646122152836, 275.7187345244787, 275.82031693805874, 275.9197253314648, 277.71561373297965, 280.4595055806696, 276.65775186434325, 276.16544453271325, 267.98470741988, 294.0039878675627, 280.3601808255999, 281.91681799545586, 281.6117516209147], [267.720849135902, 250.22346892370174, 249.90830822798233, 249.09981240229158, 250.57498948420525, 252.1533410219191, 253.07266257360183, 254.74881625429592, 253.83466426335073, 250.5552414663985, 247.77657974851186, 246.3495114161928, 246.10126354059932, 246.1575893491075, 246.21301644756008, 246.29331179659914, 245.96310442381377, 247.34275991265292, 246.5937224685698, 249.2330161991078, 287.17301384418647, 255.41608757171517, 259.7687515287227, 258.9015181571418], [258.4341338523603, 246.33250127240345, 246.5829694695987, 245.43516584701084, 247.34776625172287, 250.04220334674432, 251.3961793746915, 253.45832052504275, 252.10405878360757, 247.45733107877993, 243.44200696748103, 241.14390046458502, 240.44883925039758, 240.49249989746582, 240.53529759689584, 240.5862827575718, 240.4901422499997, 242.18200976677318, 241.2652562825505, 262.7704575073657, 302.74241862003805, 253.18040850857756, 260.4544704115765, 259.597398578421], [465.78005332449436, 477.55597865418787, 478.82092911424286, 477.53061214698073, 479.78159101692864, 484.41596385554357, 486.5654579903772, 489.22629737081616, 487.0838163210336, 480.2144057175435, 474.07744754794226, 470.4159428046308, 468.53296341211023, 468.6002331311497, 468.6621209016642, 468.6865669595579, 468.8135617989379, 471.80077244418277, 470.33370355548067, 562.4570524023413, 559.8224668214635, 488.60863823319016, 497.1618572498042, 497.65757144585666], [465.78005332471287, 477.5559786535664, 478.82092911406625, 477.53061214781906, 479.7815910165394, 484.41596385487816, 486.5654579888136, 489.22629737256904, 487.08381632235296, 480.2144057181335, 474.0774475472334, 470.4159428045922, 468.5329634122144, 468.6002331308207, 468.662120900964, 468.68656695886955, 468.81356179934767, 471.800772444126, 470.3337035555037, 562.4570524074585, 559.8224668315657, 488.60863823385205, 497.1618572447521, 497.65757144418757], [104.55063219358473, 99.79814655311382, 98.74236462938097, 98.20577577988088, 97.94095365375107, 95.1621110174483, 95.04621095945424, 92.92197685398176, 95.18168793170682, 94.25991380631476, 93.14033402599624, 92.28826653226695, 92.4792688354515, 92.80784987586084, 93.04004181410447, 86.21945929956077, 88.09793989595869, 87.32824378602082, 82.16270811590599, 84.09044028428279, 103.22592270044319, 96.52131262106234, 98.01835364148899, 97.69536593715303], [225.46547051749437, 214.74015244802212, 214.87023839335936, 212.60598925510922, 213.41911265384095, 215.8902389411025, 216.12041262539097, 217.73564953025706, 216.70470390456185, 216.2086709526622, 215.9552019308489, 216.2310145607459, 216.47853851683786, 216.95110807586912, 217.42477865862335, 227.18618642289152, 228.818843040966, 224.3514217149248, 214.12499446648437, 201.30868498263018, 217.50277523554996, 212.6668840750267, 215.25403362437856, 215.5127197821301], [200.93650594859037, 181.5234184429849, 181.25280762846015, 180.79234994869657, 181.93052619496504, 183.90548268999754, 184.54532273463494, 185.9828026932222, 185.06803166001916, 183.1702107455218, 181.58302499489602, 180.89331750326588, 180.81931262995033, 181.01925836230419, 181.22007643004034, 187.55116117981976, 189.36293622499846, 183.09916919402346, 179.01062147583622, 181.63066747270437, 204.53178195218095, 183.65772607802444, 189.08533037618196, 187.46710810182302], [192.623987280463, 170.22113440134814, 170.4090041231533, 169.81221154969435, 171.14639594402783, 173.47459519320563, 174.4409097157979, 175.92693399843967, 174.83534579558142, 172.0945448791522, 169.6932118721103, 168.42342057838914, 168.07068344033055, 168.20169733893366, 168.33392808855686, 171.48538115885538, 172.9579059581842, 170.032884302448, 167.84094662676006, 185.45253043467298, 205.81458834897026, 171.5596065635051, 181.14638138801868, 179.12338058935032], [403.8390154195163, 384.3488415284452, 385.02948219493595, 384.6739530357789, 386.34445469135704, 390.3484272893898, 391.8870975066394, 393.9401555068152, 392.1133012116171, 388.0357922808655, 384.38975140655987, 382.24965923215046, 381.26447575697784, 381.4808974277858, 381.6961729200572, 382.0116107475982, 381.3541231616917, 384.8043191645095, 393.2036790028797, 431.6274961272621, 436.4579977564418, 379.1013838737457, 398.7669013540156, 398.3016030121558], [408.3776070487845, 424.0687234120092, 426.339414209418, 425.7407731506143, 428.3428833359843, 435.0627332870806, 438.1116417014729, 441.0803068897624, 437.84954261841267, 430.2316415067561, 423.50128895923774, 419.52524943987885, 416.6750166836479, 416.87211286709174, 417.0653605432769, 417.28699772569934, 417.35514812688064, 421.92705476987095, 444.4239455682839, 540.595571253122, 526.0524902411155, 489.7212012877271, 448.35735836168703, 449.6878344522147], [289.7266974544063, 263.87215422497184, 264.293562921546, 263.62885019171404, 265.0391343522909, 267.78541992338637, 268.79947047767416, 270.2361057609089, 269.0547940408611, 266.35909795416484, 263.9282473293482, 262.5092932526639, 262.0072096605175, 262.17469539381847, 262.3368395691654, 262.58846958789536, 262.0113429213129, 264.4004473336241, 256.83905581036413, 296.29986188217924, 299.54763881863187, 264.2803817711924, 273.5667304050401, 273.18441038542915], [291.4964418152886, 272.39449964343964, 273.88732912820825, 273.7621405599711, 275.11302358679563, 279.39023758363015, 281.2995780424518, 283.02242636831244, 281.01064806788673, 276.56264249676974, 272.6198744689754, 270.26287132921215, 268.6273458552972, 268.7525774438354, 268.89296476763457, 269.0914033688068, 268.9020334602365, 271.77497244141796, 277.9174858209869, 345.18390768795166, 336.5684262968356, 277.5549529324564, 289.9762724390398, 288.6584687833756], [288.0886281322479, 313.22613432136677, 316.4505182471447, 319.7636463080288, 319.18072673721116, 326.9950108884411, 330.8388247175076, 333.3977086647271, 329.4053218881239, 321.10828586860845, 313.9735390623643, 309.72564726853443, 305.6698522501669, 305.7100490064658, 305.85202776374337, 306.0272455500635, 306.88800430981746, 310.9780979637356, 412.63896600223217, 442.28637806544407, 434.0248177350089, 322.6529736518736, 341.8619540823452, 342.9506682332095], [119.02271434202285, 116.04730847210006, 112.38067633479712, 112.18256780257889, 111.46416946496429, 118.9249140500813, 118.89186624560539, 116.3268417986628, 119.28728750616204, 117.52795808091008, 115.36971117143591, 114.12230213083498, 114.53068708737355, 122.04997428382242, 125.41156758777073, 118.53683018688405, 122.66934725769757, 126.73188408003608, 103.57546492717718, 102.90746035684714, 129.0169978960796, 111.88970342702491, 113.75923279330075, 114.08434481783297], [104.75110490846971, 103.0613815897328, 97.88406204782447, 97.66780844495554, 97.1045428541113, 115.27303042997681, 115.48032210776937, 113.8282316369228, 115.96667015712947, 113.71672401745089, 111.07407838982121, 109.58653483518091, 109.88570422591059, 121.58604646580895, 122.20059259266701, 118.88691613416471, 123.07689476685476, 126.48077792713657, 104.84951828404472, 103.62699749392772, 128.3674117710017, 97.58921450563317, 105.43945836341562, 104.33454472065029], [96.67253812359331, 94.52544893885877, 90.76363004777339, 90.59123446878823, 90.0333449430848, 118.13989330133101, 118.38497782470911, 117.02091400752703, 118.79293740555978, 116.57640729223486, 113.91090566194028, 112.27221167351149, 112.50332285231212, 122.64481355145757, 123.92245960096027, 122.49581058488108, 126.24535469907306, 128.98907519541388, 112.02291700589755, 110.26977999371012, 130.6604576061051, 89.31624137563537, 103.10868788500314, 100.60987607472289], [90.66610978646541, 88.26246131137798, 86.51066020333806, 86.41301271812631, 85.79883298845377, 125.2399880525632, 125.39894685265307, 124.01928902313644, 125.63084286563428, 123.84320488475649, 121.56879662323095, 119.93901040246591, 120.111486487312, 126.40948919023991, 128.39547382535852, 128.22559008169893, 131.10482382376497, 133.10288696180314, 124.25241434119224, 121.87353664994527, 134.63749604165181, 83.155497978441, 102.00049319912797, 99.4787441676687], [900.8519674808197, 834.6407020556309, 840.6348242732826, 840.0370246820818, 845.3259109630591, 830.9016640812973, 834.6141301409334, 847.659652497325, 835.8008521655623, 830.1991766266545, 826.8503715438466, 826.2810311222058, 824.7602043709132, 813.1851610509018, 827.50381250246, 902.2739996123456, 912.801413796981, 907.4313987608443, 934.1484388830222, 936.5773954832889, 896.9569308249014, 843.4567655194156, 860.5804127173657, 861.6960860305234], [88.57417113047869, 88.94741977575183, 89.70844089607587, 89.75371221970856, 88.69622179803488, 157.21824005673938, 156.56242419826893, 154.01103424157156, 156.27104762418404, 157.1001844555333, 157.54388722198118, 157.35424097065828, 157.6106596154647, 156.70366339039086, 155.46871400857395, 147.31869239242786, 146.71319426744765, 147.6756242096221, 148.48729439960576, 148.67197261104513, 149.31809854391847, 88.14650748340986, 110.04190037066242, 107.0396394995703], [162.97307325587124, 163.38240555377885, 162.68028826630334, 162.75505825342378, 163.152893099401, 166.33486335093224, 167.46838186157152, 161.7506802476003, 161.9938590251775, 165.25140001472207, 165.47847606474946, 163.95222352078414, 164.68833432348217, 162.56772553171365, 161.8565129062163, 147.1212931242653, 145.8204512417911, 151.7565549870965, 150.55957395448792, 150.31943995452386, 146.9109852961017, 160.34784045334612, 159.25710887863366, 161.04773941203518], [155.9144918559849, 156.2306158940122, 155.15612428162927, 155.22424964564422, 166.82698366796072, 164.05217298397298, 166.1050472317137, 172.54528372276008, 158.58885549526255, 162.4454244468429, 162.00925090482363, 159.40020006710526, 160.35750512789934, 158.56390471215303, 158.82535587934143, 168.4727306121073, 167.6169186169108, 164.98547687267526, 171.5204871369732, 171.31805947337767, 174.63616612521835, 165.2509769008753, 162.4462508264121, 162.92413613959945], [153.13807726830458, 150.00327778707714, 151.22966255889727, 151.2767576749717, 161.27355881672202, 161.32635446859354, 164.45822806803395, 183.26648429861413, 154.49691627233335, 159.12010403101908, 158.06691790000897, 154.4701369758307, 155.6435049853702, 154.02325541370914, 161.02883832300952, 205.0075495987151, 211.85630445460419, 204.34395680397265, 214.7318670149225, 215.24816879942395, 207.08337958008786, 180.4359429000915, 171.30093311159476, 168.98279980257288], [428.4786356684199, 430.8836810010503, 434.0582032516354, 434.18384869543735, 432.2409621003753, 410.52539204401927, 421.83630899054214, 436.00393500594504, 430.7106316179686, 418.450088361867, 412.668283112741, 412.8941482661268, 407.0682392949734, 399.41718879112767, 410.83802635944426, 511.8568217905893, 540.3696710511606, 509.36807306287903, 549.0230015090954, 550.5391513808269, 525.887778148851, 440.01293120795924, 464.7387339520187, 465.0145818245317], [222.88784739472547, 224.17181539845416, 225.8721487069471, 225.9395098600889, 224.8745100994918, 220.09309152382252, 220.16046231624702, 262.09374375847796, 225.11487341157428, 218.18030887981232, 214.7536980312529, 214.6922177943385, 214.77401486367407, 213.360733094454, 225.40977296705634, 297.1469530130085, 295.7801347499296, 290.2306611379893, 299.94771107434997, 300.6911659480981, 288.9193329827612, 266.59225962332613, 246.21411812214635, 245.08384760128138], [257.332662810881, 258.9514461102649, 260.429020396495, 260.5018309661325, 260.9190512025707, 250.04845245955804, 266.06995395534614, 267.94624093840093, 272.36909610974465, 260.8580191786741, 253.79787059071626, 251.84660475509708, 245.2728067383867, 238.0840944794191, 257.8959105597607, 396.3482920972322, 394.96158308594426, 376.9504285227803, 399.06175808121407, 399.7846259442062, 388.2373276805399, 268.12263722603353, 297.1259712277874, 298.2663609276039], [189.780740677717, 190.7056313895211, 194.7846072131081, 194.85994234251683, 189.59610294965856, 194.0255579716967, 188.6209450934675, 179.82725070672478, 194.76359980468143, 194.83277103161643, 197.9282046105117, 201.85726102396023, 201.61779500397043, 198.8932150767304, 190.19283442506207, 156.54048773439172, 154.1996923900102, 153.36719126545282, 159.00206792072404, 160.41846790572464, 181.96414626148683, 184.60364999658097, 182.6135388121772, 183.84915410812891], [182.221077628779, 185.5589355830193, 186.21891459909114, 186.2802546836768, 194.93144580852572, 192.63686560665244, 185.69361536732066, 195.67566743256472, 195.73893847839324, 194.30295876711298, 198.75239793433005, 205.90802185828238, 204.9444732935101, 202.20058585606034, 191.18323387687585, 187.41911134282464, 182.43327631835413, 175.18513498699866, 185.10656627497005, 188.45440225239764, 200.6693561639095, 196.0858163025399, 185.6395503335902, 186.81900557632588], [179.53779073222879, 178.1191096064587, 178.75078532182633, 178.81028223542918, 188.21034762890255, 190.48602871279456, 181.3775816560108, 224.3628459976531, 196.62942161857615, 193.25534652964788, 199.74455427231666, 211.87014682769495, 209.8015624753456, 206.7000667789, 201.610458835832, 240.808324653177, 240.58558816712423, 227.08122392760825, 244.26001651197143, 244.34770586986193, 213.7643822227576, 210.11725931940558, 196.26301577740355, 196.54592500784878], [189.36432101171314, 189.72773151981758, 190.26164804999678, 190.2985170773933, 191.25813143297816, 182.25129457432743, 195.3517282401262, 238.87251733220978, 191.4140127611846, 185.92506863317615, 195.11716930261443, 215.32468043839555, 211.35438121720682, 207.39088341542168, 220.04406836331046, 283.0382674604456, 282.84410630585586, 278.59746024769, 286.3021677379031, 286.38755373064635, 215.32455210379862, 225.42958001038593, 216.85327499803287, 217.29534405403692], [220.93427270680402, 221.69653113615377, 221.86774882016056, 221.8102476873618, 224.58351328456925, 218.45326544852415, 239.8974108125125, 240.31438060140565, 237.1145408025887, 226.53396749776203, 211.2760456270001, 196.28217421653147, 191.26022821810514, 186.41088558453572, 217.16419799068672, 382.61329462903234, 382.3973580712344, 363.77504490018686, 385.8332273818498, 385.904102041193, 196.4659196141192, 263.9562727799768, 268.9267917484518, 269.5000842917146]]
m_pipe = [[1.3158478252564743, 1.1271044271053092, 0.7691811778094598, 1.1466674885811017, 0.7650793731412768, 0.7387152170388365, 0.7914506277525805, 0.8658306788926254, 0.8303851815047677, 0.7085004030952741, 0.5988609344171814, 0.5738095412744612, 0.5738095375411257, 0.5738095670926888, 0.5738095712047914, 0.573809578901994, 0.5738095887109449, 0.601845353720275, 0.5838378282512212, 0.578981160089114, 1.338888890572158, 0.7831497833381936, 0.9591507751627426, 0.9563492108475306], [11.097129464186555, 7.459078758613292, 7.228688519707074, 6.977160080706071, 7.526393954603304, 7.777065426012392, 8.077725921652256, 8.57221754035146, 8.330412721514175, 7.332427903548924, 6.330661618613629, 5.834821945516346, 5.738095297871317, 5.738095561603767, 5.738095824927227, 6.533094238928073, 7.2056844746441575, 6.632039295614946, 6.561869955621839, 7.6925640411587555, 13.388888934438963, 8.359556497606542, 9.717415574491065, 9.56349213546525], [4.27044265440789, 2.9984398191782704, 2.905106320190775, 2.798198488115604, 3.0135042821138365, 3.1207468304626107, 3.2316906839346884, 3.4306747490026948, 3.3385544378083734, 2.9396915790070905, 2.53718494060759, 2.32533966175122, 2.295238130833611, 2.295238226464379, 2.295238292398475, 2.2952389435262694, 2.449022311403528, 2.4426523269087492, 2.3363032763098524, 2.875704517651164, 5.355555572674985, 3.403330739161582, 3.8493975995031877, 3.825396843390122], [2.931553790424193, 2.2426563991633035, 2.200481820300422, 2.116240967579825, 2.264792111505014, 2.369736051154322, 2.4452731556329854, 2.5800960375110993, 2.514596659959928, 2.2268665040977766, 1.9309378091820544, 1.7515301353014647, 1.7214286044686216, 1.7214286710144346, 1.721428708396986, 1.7214288333740615, 1.7346176400752322, 1.848974165087369, 1.762493737984372, 2.301894989708777, 4.016666682355239, 2.8295151596795796, 2.9134255885874927, 2.8690476370409157], [0.7963324555043427, 0.7470344723927124, 0.7410092403384215, 0.7159655979803097, 0.7586427065396144, 0.7986825780515419, 0.8230136413344017, 0.8642145302006777, 0.8426365132750651, 0.7494488426879317, 0.6525206885598899, 0.5888602996801001, 0.5738095344421432, 0.5738095566355325, 0.573809565621083, 0.5738095778536563, 0.5804040105911961, 0.6196613347491327, 0.5931505973448824, 0.8640427259231968, 1.3388888919848558, 0.8361092578967536, 0.957375844552551, 0.9563492108475306], [0.796332455504373, 0.7470344723927129, 0.7410092403384235, 0.7159655979803132, 0.7586427065396145, 0.7986825780515412, 0.8230136413344031, 0.8642145302006771, 0.8426365132750655, 0.7494488426879324, 0.6525206885598904, 0.5888602996800995, 0.5738095344421432, 0.5738095566355325, 0.573809565621083, 0.5738095778536563, 0.580404010591196, 0.6196613347491329, 0.5931505973448828, 0.8640427259231958, 1.3388888919848558, 0.8361092578967534, 0.9573758445525506, 0.9563492108475306], [5.487797944256946, 3.702699708911519, 3.6350618769103513, 3.5114841327834916, 3.7587745982245964, 3.929611249544952, 4.066594077285656, 4.287763314137604, 4.172586441345477, 3.6952083772184867, 3.20603876137679, 2.9356727722378833, 2.869047656575087, 2.8690477717583676, 2.8690478808101583, 3.0775470821777104, 3.4873669542906653, 3.0511381609352264, 2.9281828770490215, 4.2430500137638525, 6.694444476699221, 4.370813891420459, 4.817025685938544, 4.781746067732625], [4.148909058136498, 2.947782763777085, 2.9312617647819303, 2.8310404789014925, 3.011005151954573, 3.1793141820027495, 3.280881379937617, 3.437869827599552, 3.3492521794989347, 2.983036079494253, 2.600560097953797, 2.3618632450272954, 2.2952381302621014, 2.295238215613814, 2.295238284124246, 2.2952386376662894, 2.3178759693510718, 2.458549848494427, 2.354373339371741, 3.6692404701109163, 5.355555573828607, 3.4919388536499936, 3.8698210325004125, 3.825396843390122], [2.81002019036871, 2.201313853554949, 2.2149330328513157, 2.141445434108195, 2.2658922211775394, 2.409095765867562, 2.4837841453416836, 2.588283132433548, 2.521866602700425, 2.2569881793529465, 1.9767760366244982, 1.7880537150979534, 1.721428605352967, 1.7214286684896787, 1.7214287101182306, 1.7214288207597948, 1.744066252364973, 1.8539637702354284, 1.7803126246373868, 3.095430940555029, 4.016666682075367, 2.5898514163906694, 2.895184262438599, 2.8690476370409157], [0.7355656550862634, 0.7328280288417844, 0.7444790770251157, 0.7244075063836606, 0.7597088286994067, 0.8108340723308249, 0.8360543558353544, 0.8676482869145756, 0.8449758631873011, 0.7589110650252681, 0.6673409626544314, 0.6049233293477142, 0.5738095346760724, 0.5738095564195108, 0.5738095665466547, 0.5738095789631507, 0.5851283189921307, 0.6243391554949836, 0.5998567314997477, 1.260810698616019, 1.3388888917636639, 0.8670140376503047, 0.9559810411518965, 0.9563492108475306], [0.735565655086223, 0.7328280288417829, 0.7444790770251157, 0.7244075063836604, 0.759708828699407, 0.8108340723308246, 0.8360543558353557, 0.867648286914574, 0.8449758631873018, 0.758911065025269, 0.6673409626544309, 0.6049233293477143, 0.5738095346760724, 0.5738095564195108, 0.5738095665466547, 0.5738095789631507, 0.5851283189921304, 0.6243391554949828, 0.5998567314997488, 1.2608106986160192, 1.3388888917636639, 0.8670140376503046, 0.9559810411519019, 0.9563492108475306], [21.57453517138903, 16.435837557059603, 14.655081994268853, 13.89291076869178, 14.603787601289861, 20.54176036619478, 21.01671507591364, 21.652424521965088, 21.30396867413657, 19.93796149368482, 18.545684449323307, 17.92531709942808, 17.7626681623862, 19.296221911700794, 20.536342518684247, 23.001881091615143, 24.135792801346653, 23.368865013307705, 20.28036152598702, 21.989272246593117, 28.472222264037107, 16.946433286036207, 20.886896093319915, 20.337301659274775], [9.372154233122545, 6.0225205209323365, 6.218261652825155, 5.618944753550766, 5.986422515357529, 6.31047039576948, 6.551995172523107, 6.852879545377296, 6.66148714591922, 5.937002602800503, 5.182261756364253, 4.747870197272111, 4.592033164539779, 4.590476465604734, 4.590477150540474, 6.22968842802856, 6.71331983603661, 5.607758990449877, 5.463963301941546, 8.0535579233047, 10.711111143081077, 6.395195941132829, 7.705333689457048, 7.650793686780244], [8.033265360989212, 5.033104600559296, 5.0941344642659425, 4.948503798167684, 5.242378576572519, 5.566880790924945, 5.769147756588674, 6.004178378691641, 5.840486465677184, 5.22947094874559, 4.583088607261884, 4.174060666059971, 4.0182236345702185, 4.016666889314699, 4.016667292354707, 5.063640963801879, 5.439410612561598, 4.268870222733881, 4.89015376069946, 7.479748392378637, 9.372222259778225, 5.8213864008806775, 6.884742638456987, 6.694444480431038], [6.69437648373426, 4.291792316136846, 4.382475406150857, 4.27154347850015, 4.502796899240119, 4.805398147157779, 4.977511486971113, 5.158096059634056, 5.017028173932592, 4.5093261949264996, 3.966998336879074, 3.6002511226565996, 3.4444140934064778, 3.4428573166775993, 3.4428575512981325, 3.880919231175939, 4.1499846623022485, 3.6763271315198285, 4.316344231020924, 6.9059388646000315, 8.033333370632521, 4.800863600452517, 5.900215656037744, 5.738095274081831], [2.0403438685640274, 1.4355551848861856, 1.4677628720407958, 1.4217896107165784, 1.508318812353248, 1.6079533304798732, 1.6634774903229548, 1.7226153996254194, 1.676326642370616, 1.50805518317806, 1.3273907822188427, 1.202709764549884, 1.1476190757780473, 1.147619121571564, 1.147619165913439, 1.1476192013929567, 1.159729422275395, 1.23055257464438, 1.379249039334956, 2.49497082137897, 2.6777777977918387, 1.7314129931178621, 1.9277473321189604, 1.9126984306917092], [0.7014549834281302, 0.7168947476211426, 0.7413037661968114, 0.724169402417703, 0.7608090930602386, 0.8153228228937967, 0.8439297880233111, 0.8695098236803119, 0.8449052906780036, 0.7634791975701235, 0.6759774508364204, 0.6146995870191463, 0.573809533854195, 0.573809557804245, 0.5738095691002398, 0.5738095719162978, 0.5859198540248431, 0.6248025397267731, 0.7987020123892768, 1.3388888811278303, 1.338888892147676, 1.1576034453190978, 0.9511500097374846, 0.9563492108475306], [3.3151437371712236, 2.128042361433266, 2.1962598524119, 2.1649931640965465, 2.2563296096139096, 2.421867101436803, 2.511052070687781, 2.5893283745442073, 2.5153104047284476, 2.2701370285981732, 2.0073403337538864, 1.8237318392455917, 1.7229855116703303, 1.7214286674043267, 1.7214287458530262, 1.7214288427220523, 1.7444064370671277, 1.849459448673, 2.363285659090401, 3.837158510092948, 4.016666682298554, 2.1340387390518916, 2.899664691553393, 2.8690476370409157], [1.976254867286588, 1.4119358250479135, 1.4723382349533611, 1.469958289556059, 1.5145815644920917, 1.6324174674067702, 1.6936203626512816, 1.7385486006934794, 1.6860659234847801, 1.527673816140324, 1.3580949384000733, 1.2379759031665243, 1.149175988663796, 1.1476191236992352, 1.1476191572038217, 1.1476191746116018, 1.170596877127619, 1.2462026411844633, 1.785276637587004, 2.677777779084167, 2.6777777935852787, 1.5261779331556924, 1.9433889440015728, 1.9126984306917092], [0.6373664057688679, 0.7056588560791349, 0.7399331315983622, 0.7632462801058373, 0.7650793725853412, 0.8273533969837497, 0.8587756952546675, 0.8782509685701982, 0.8499867433270281, 0.7726884648581029, 0.6906151104351473, 0.6319676425830832, 0.5753664455703625, 0.5738095587282966, 0.5738095679628838, 0.5738095744051376, 0.5937514720787, 0.632173356945324, 1.1997139030869042, 1.3388888861262667, 1.3388888914636428, 0.7757008453937696, 0.9554256677614038, 0.9563492108475306], [10.863492122987164, 9.656487141185435, 7.748808047831211, 7.607718171305964, 7.865721720174468, 13.51679032796057, 13.690152486453421, 13.950741906747242, 13.829560809317702, 13.311849744526091, 12.785389710935046, 12.603637402032577, 12.596825502299163, 14.131935725059014, 14.875613526310158, 15.620025689524171, 16.16096934911063, 16.42221731679943, 13.527072201999045, 13.361904828820714, 16.422222294155276, 9.977427819343987, 11.842673601118475, 11.730158802131916], [9.524603245710487, 8.890607893926587, 7.04616320732855, 6.937551101205185, 7.124078817735232, 12.785579159244293, 12.913038028383433, 13.106085424535133, 13.014450894380007, 12.61337540065231, 12.196958720191049, 12.029827870230601, 12.023015973498529, 13.558125697734402, 13.799745996367493, 14.46237257657968, 14.893712490513733, 15.083328492259161, 12.953262563047733, 12.788095297872319, 15.083333406966316, 8.638538955926476, 11.046131874401503, 10.77380959578271], [8.185714360886168, 7.551719049442178, 6.3331498137683235, 6.2606030085126285, 6.38854331947509, 12.04097764162036, 12.131204434283426, 12.264371745363839, 12.197940570531397, 11.906618590251247, 11.598599318057584, 11.456018341167596, 11.449206446505999, 12.489226360156348, 12.717360380037844, 13.2988461493923, 13.620320228451805, 13.744439654201024, 12.379452993630998, 12.214285767610924, 13.744444517080614, 7.299650027923364, 10.201076604945772, 9.817460389433505], [6.846825429103605, 6.212830179325942, 5.614845953836351, 5.575711454858755, 5.655411085671787, 11.285426131390226, 11.343394321399543, 11.424283232519238, 11.380511930171327, 11.19259038474686, 10.990855641372123, 10.882208809777897, 10.875396916662528, 11.404530278863286, 11.627216401930767, 12.128938282295081, 12.34034766266899, 12.405550812832917, 11.805643415652241, 11.640476234980962, 12.405555626282718, 5.960761131070709, 9.172782193054292, 8.861111183084297], [1.3388888834539774, 0.7048936811819163, 0.7275511673409905, 0.7141276382836803, 0.7525061328813106, 0.7927609705937213, 0.8211553158107677, 0.8567812009068094, 0.8345955408652768, 0.7444219981249262, 0.6465474814386294, 0.580621425855305, 0.5738095346756977, 0.5738097982538972, 0.8000793563980744, 1.2242010991244656, 1.3254844297495343, 1.3388841365472641, 1.3388887662315792, 1.3388888643953631, 1.338888891843964, 0.5738095304783791, 0.9583928646348054, 0.9563492108475306], [4.169047682950798, 4.169047680342828, 4.169047670830546, 4.169047669874059, 4.16904767097957, 9.727777807325078, 9.727777808999866, 9.727777808442502, 9.727777809968561, 9.727777811816093, 9.72777781277611, 9.727777805881967, 9.72777780530019, 9.727777810390222, 9.727777810225959, 9.727777803581962, 9.727777801177579, 9.727777806819741, 9.727777806158556, 9.727777801511465, 9.727777812738088, 4.813142100402691, 7.186952403875119, 6.948412734399292], [5.023586534742983, 4.976530154250121, 4.767432745408385, 4.769009040510508, 5.020467852065262, 6.3781980738462565, 6.560865555523822, 6.46041843981038, 6.133528934391614, 6.27796270611443, 6.137471856402167, 5.858868031702223, 5.916828563551447, 5.941269933603217, 6.171651482020118, 6.48486366256336, 6.556211413397268, 6.768711286849362, 6.581945279688238, 6.5354438232284, 6.889927999695447, 5.150572087706156, 5.697049019724147, 5.738095274081831], [3.684698142313525, 3.6400655473730468, 3.428543861084688, 3.4301201578086027, 4.422056740246309, 5.039309191340818, 5.221976683296122, 5.59827521904596, 4.794640053380251, 4.939073824485654, 4.798582972743877, 4.519979148452674, 4.577939682709249, 4.60238106213114, 4.838207917352855, 5.911054062455446, 5.957152510282626, 5.846653191429868, 5.969991866578244, 5.9455228399681825, 6.30282990142508, 4.576762560934901, 4.811260921447384, 4.781746067732625], [2.5984731969833916, 2.3011766955361668, 2.2952381441098355, 2.295238154804283, 3.083167958930811, 3.7004202838141205, 3.883087803644029, 4.492043195411782, 3.455751150527708, 3.600184920938218, 3.459694063315535, 3.1810902405518156, 3.2390507754291975, 3.2634921678456985, 3.7155369789661252, 5.1992476346161975, 5.355555500637079, 5.206149451863179, 5.3555554695095395, 5.355555518684493, 5.355555501305309, 4.00295298251294, 3.933301299318763, 3.825396843390122], [0.5738095665588522, 0.5738095393405857, 0.5738095338288245, 0.5738095373635341, 0.6106662106374868, 0.741345989618024, 0.8508807035019034, 0.9029256607732242, 0.8581716622963159, 0.7851444474895146, 0.7039594148013819, 0.6473166010792158, 0.5914132841560338, 0.5738095901165312, 0.7063525505671038, 1.1825824991851557, 1.3388888681365076, 1.2306013475063515, 1.338888856179959, 1.338888876027543, 1.3388888795883032, 0.5865238944778625, 0.9670605364836685, 0.9563492108475306], [1.1501082807963272, 1.1535574794449388, 1.1476190851183936, 1.1476190877750854, 1.2215091362180595, 1.620185423995262, 1.693319067051377, 2.2502286756170524, 1.7163185218545014, 1.5744329998023978, 1.4168457804716057, 1.3066318012252682, 1.3087486238893915, 1.3507937291487881, 1.7429378146532937, 2.677776295100981, 2.6777777566293985, 2.636659973609439, 2.677777745709604, 2.6777777663220665, 2.6777777655585506, 2.077540213370577, 1.9493853387799698, 1.9126984306917092], [0.5762986891209838, 0.579747927964093, 0.5738095396457692, 0.573809538541361, 0.6177526934909887, 0.7365105754604625, 0.8527476426991202, 0.9113398448599137, 0.8657593206288676, 0.7953238635372104, 0.7190378265735824, 0.6655527342446722, 0.6092201743406955, 0.5738096005433905, 0.8018618054945286, 1.3388874356266778, 1.3388888711397113, 1.2977714012341581, 1.3388888650116864, 1.338888878868459, 1.3388888786582709, 0.7779480754511667, 0.9589635543345177, 0.9563492108475306], [4.145461152343013, 4.192517527010477, 4.401614921793821, 4.400038624048289, 4.148579817255008, 5.492436925074911, 5.309769449637472, 5.4102165804791325, 5.737106066953391, 5.592672296566164, 5.733163145254463, 6.011766967141467, 5.95380643677948, 5.929365072175172, 5.698983538297934, 5.385771358974455, 5.314423596004263, 5.10192372693445, 5.2886897309452605, 5.335191190632008, 4.980707014799476, 4.662570037381264, 4.751685568915841, 4.781746067732625], [2.888846516220572, 3.069291028526999, 3.062726033386668, 3.0611497373650316, 3.5499382746637975, 4.153548020248324, 3.9708805547423487, 4.5475359830447095, 4.398217163420881, 4.253783392329464, 4.394274239700044, 4.672878062564424, 4.614917534587677, 4.590476179239711, 4.36642591822285, 4.811961744637419, 4.714997395603769, 4.4635403326406085, 4.676226274551963, 4.744938913447469, 4.3936213543843365, 4.054624751031667, 3.805008503750453, 3.825396843390122], [1.813279039361337, 1.7304021857708136, 1.723837170669169, 1.7222608807701, 2.2110494697983767, 2.8146591399241867, 2.631991709093054, 3.5915822460643687, 3.05932828350842, 2.9148945130735737, 3.055385356335169, 3.3339891771653525, 3.27602865228253, 3.2515873098708314, 3.20538461073275, 4.0166659954454635, 4.01666662943466, 3.8219801454053393, 4.016666603840217, 4.016666629022692, 3.2716247361958106, 3.1007496814217794, 2.87753976073978, 2.8690476370409157], [1.151063462403596, 1.1565926236909114, 1.1500276390149573, 1.1484513465935164, 1.2261639411284018, 1.4757702645738489, 1.7034027915234409, 2.252693396713103, 1.720439413487174, 1.5760056452980282, 1.7164964742680917, 1.9951002895999634, 1.937139767670521, 1.9126984462341614, 2.0645534577409133, 2.677777173489799, 2.677777762542814, 2.631052421015195, 2.677777748750719, 2.6777777595426815, 1.932735852309356, 1.9815067818867236, 1.918193251721622, 1.9126984306917092], [0.5772538638969573, 0.5827830730718512, 0.5762180933914791, 0.5746417995492611, 0.6204491088737754, 0.7382885114946949, 0.8562297767875187, 0.9138047319088679, 0.8679503892656137, 0.7961984900230085, 0.7164241571516198, 0.6562114004903756, 0.5982508770814109, 0.5738096119908643, 0.7976593896748854, 1.3388883016091646, 1.3388888695985137, 1.2921639703503334, 1.3388888619993686, 1.3388888641444592, 0.5938469505268078, 0.9282489763869954, 0.9565144049298062, 0.9563492108475306]]
m_port = [[33.98751245633373, 25.022020774266473, 22.652951723273652, 22.01673836946722, 22.895260960522712, 29.057541040734275, 29.885891620820153, 31.09047273671085, 30.46476657265719, 27.978889831817284, 25.475207033842388, 24.333948635700455, 24.074573047280207, 25.608127089878813, 26.848247964297826, 30.108784940933482, 31.915286896190025, 30.602749694131198, 27.426069341348345, 30.260817479329255, 43.2000000845499, 26.089139562482618, 31.563462438475398, 30.85714300108923], [1.3158478387514465, 1.1271044406002813, 0.769181191304432, 1.146667502076074, 0.7650793866362491, 0.7387152305338087, 0.7914506412475527, 0.8658306923875977, 0.83038519499974, 0.7085004165902462, 0.5988609479121536, 0.5738095547694334, 0.573809551036098, 0.5738095805876611, 0.5738095846997636, 0.5738095923969662, 0.5738096022059171, 0.6018453672152472, 0.5838378417461935, 0.5789811735840863, 1.3388889040671303, 0.7831497968331658, 0.9591507886577149, 0.9563492243425028], [1.3388889195016076, 0.7579392665100957, 0.6885203585925396, 0.6674774957935676, 0.7541151102514628, 0.7267073819914222, 0.7794412144117998, 0.8537795311910494, 0.8192718963402146, 0.6975279833099391, 0.5874379526158416, 0.5738095475138356, 0.5738095464492126, 0.5738095993676131, 0.5738096877051868, 1.160308249210686, 1.2692952449365564, 1.1382488437575629, 1.2973838382495586, 0.573809563723628, 1.3388889390446468, 0.5854119210043894, 1.0509923430292218, 0.9563492783223917], [1.3388888819769935, 0.7557834380082629, 0.7046245178836492, 0.6819575385290754, 0.7487121886021187, 0.7510107973015849, 0.7864175462949992, 0.8505787294848914, 0.8239577958417414, 0.7128250929026104, 0.6062471494188318, 0.5738095444430517, 0.5738095443582857, 0.5738095734432409, 0.5738096019947856, 0.5738101281455044, 0.7144046893215923, 0.5936781798146765, 0.5738095563187766, 0.573809545935683, 1.3388889263063386, 0.5738155974752989, 0.9359720289089917, 0.9563492243425028], [1.3388888891928716, 0.7356578048680298, 0.7259748877977322, 0.6926304303375223, 0.7464745727753741, 0.7874276302025609, 0.8116754426676218, 0.8529865676010465, 0.8319148853224702, 0.7391660582990576, 0.6420941203122839, 0.5782070653991729, 0.5738095449974702, 0.573809564647305, 0.5738095860215696, 0.5738096718301414, 0.5738096233773602, 0.60528546824211, 0.5805991706345385, 0.573809552319639, 1.3388889075446873, 0.8558233500867081, 0.9832221891314489, 0.9563492243425028], [0.7355656685811952, 0.732828042336755, 0.744479090520088, 0.7244075198786326, 0.7597088421943792, 0.8108340858257967, 0.836054369330328, 0.8676483004095461, 0.844975876682274, 0.7589110785202411, 0.6673409761494031, 0.6049233428426866, 0.5738095481710447, 0.5738095699144831, 0.5738095800416269, 0.5738095924581229, 0.5851283324871025, 0.624339168989955, 0.5998567449947211, 1.2608107121109915, 1.338888905258636, 0.8670140511452769, 0.9559810546468741, 0.9563492243425028], [1.3388889232390992, 0.7568300029016093, 0.6880123655856719, 0.6662479158082351, 0.751643437731049, 0.7144997504245063, 0.7745675248968922, 0.8488031778003267, 0.8129208268594261, 0.6891092543180037, 0.578033089983788, 0.5738096080831707, 0.5738096035070335, 0.5738098289968239, 1.0702519497933913, 1.1521670820221896, 1.2615037241591924, 1.3388888140181745, 1.289326130006204, 0.573809602427478, 1.3388889347605295, 0.5738096335191666, 1.3388889107041693, 0.9563492783223908], [1.3388889081199258, 0.9894159563596326, 1.1241272245458056, 0.6704409913696745, 0.7440439747716023, 0.743589640831127, 0.7828474519210253, 0.8487012026722469, 0.8210007162286289, 0.7075316900415064, 0.5991731850889611, 0.5738095671987337, 0.5738095659561538, 0.573809612276628, 0.57380989417236, 1.1660475002132735, 1.2739092594616035, 1.338888803702589, 0.5738095772286794, 0.5738095669126559, 1.3388889192894442, 0.5738095762387436, 0.8205910869866543, 0.9563492423357991], [1.3388889132415445, 0.7413123204090432, 0.711659094101678, 0.6769603556541268, 0.7395817133189926, 0.7614826797537593, 0.7916363056041535, 0.8460823550441774, 0.8234583277311852, 0.7201447898056824, 0.6160902883761062, 0.5738095613966668, 0.5738095591570365, 0.5738095906303962, 0.5738097590498704, 1.1827217506192358, 1.289425986245943, 0.5925431092073484, 0.5738095656651281, 0.5738095637651984, 1.338888925132296, 1.020522836414753, 0.9845270184058346, 0.9563492423357991], [1.3388889492498608, 0.7658793192320331, 0.7026448764892542, 0.6701671060873726, 0.7416429384258285, 0.7312112406894611, 0.7771145300431741, 0.844656554185294, 0.8151099869108795, 0.6984744158469658, 0.5884310627171835, 0.5738096037751607, 0.5738096007738201, 0.5738100992977964, 1.0758676019158493, 1.1576531849176752, 1.267256930570082, 1.3388888965134536, 0.5738097109244983, 0.5738096029215818, 1.3388889591621462, 1.3388889353906972, 0.7965417986901571, 0.9563492783223908], [1.3388889567975057, 1.3388888804710026, 0.7130134295468183, 0.6769481286791483, 0.7355355342467347, 0.744601589597117, 0.7818336660731923, 0.8417137511444797, 0.8165103958217956, 0.7067568823742492, 0.5983594741066491, 0.5738096010361903, 0.5738095989657156, 1.0688994095512387, 1.0823856883028342, 1.163526499160566, 1.273392334035114, 1.3388889100313233, 0.5738096413899191, 0.57380960223458, 1.3388889618588877, 1.3388889639897046, 0.8450553414289159, 0.9563492783223908], [1.338888967769155, 1.3388888881095315, 0.7183038779252688, 0.68489157164717, 0.7331322517965992, 0.7555515822033199, 0.7878101848570673, 0.8400885848177851, 0.8174287123332558, 0.7140282774775726, 0.6077437486586458, 0.5738096033628852, 0.5738096018166551, 1.0846961532662485, 1.090144050080263, 1.1699079390704048, 1.2799726377560001, 1.3388889133412922, 0.5738096499519423, 0.5738096046031471, 1.338888962771081, 1.3388889148459513, 1.028294483864666, 0.9563492783223926], [1.3388889031837463, 1.3388888762794107, 0.7182471741430284, 0.6925362051792284, 0.7338573402891198, 0.7648873939563438, 0.7944612370738255, 0.8397242636548448, 0.8181386198224034, 0.7203906152907551, 0.6165303876423022, 0.5738096185255396, 0.5738096171715558, 1.1029427107040823, 1.0993592757916502, 1.1769594200735694, 1.2870854722267935, 1.338888909950828, 0.7389768837470232, 0.5738096095590494, 1.3388889621855808, 0.5738095586678511, 1.027436965029285, 0.9563492783223917], [1.3388888969489496, 0.7048936946768886, 0.7275511808359627, 0.7141276517786526, 0.7525061463762828, 0.7927609840886936, 0.82115532930574, 0.8567812144017817, 0.834595554360249, 0.7444220116198983, 0.6465474949336016, 0.5806214393502772, 0.57380954817067, 0.5738098117488695, 0.8000793698930466, 1.2242011126194379, 1.3254844432445063, 1.3388841500422362, 1.3388887797265514, 1.3388888778903354, 1.3388889053389366, 0.5738095439733513, 0.9583928781297777, 0.9563492243425028], [5.000000004135199, 5.00000000091777, 4.999999996371661, 4.999999994684738, 4.9999999983407015, 2.142857227582683, 2.142857232148021, 2.142857247833604, 2.142857227363035, 2.1428572268510924, 2.142857224867113, 2.1428572289483157, 2.142857231017329, 2.142857231374761, 2.1428572460786848, 2.142857253942446, 2.1428572442105445, 2.142857242950662, 2.1428572404615345, 2.142857248335536, 2.142857237743426, 5.000000024684728, 3.2617821847648685, 3.5714286074151644], [1.2566146541157375, 1.123226516476774, 1.3388889064004488, 1.338888904676553, 0.5986415605845076, 1.338888922819884, 1.3388889128884196, 0.8626806154277191, 1.338888921525806, 1.3388889222299956, 1.3388889235477148, 1.3388889225703395, 1.3388889201850995, 1.3388889109287585, 1.3325576380683803, 0.5738096323303311, 0.5994262183937906, 0.6383834122871379, 0.6124634743865938, 0.5902522951778357, 0.5870856784084355, 0.6079453043428935, 0.9466770831586842, 0.9563492423357991], [1.338888410422755, 1.3364646248703707, 1.3388889023169939, 1.338888900695202, 0.5984111478055449, 1.3388889184920307, 1.3388889082142934, 0.8621432567510124, 1.3388889169979552, 1.338888917615369, 1.3388889196448819, 1.3388889192361408, 1.338888916828791, 1.3388889074586696, 1.3334436006538555, 0.5738096360945071, 0.5990589391012351, 0.9220581314060861, 0.6119534490965866, 0.5899210192468107, 0.5870981342569587, 0.5738095627578469, 0.8857881342633553, 0.9563492423357991], [1.0862249633234295, 1.3388888698301762, 1.1333057349681486, 1.1348820209976158, 1.3388887993087948, 1.3388889255199943, 1.338888897645389, 1.1062320416274751, 1.3388889208458394, 1.3388889215407311, 1.338888927421639, 1.3388889258941554, 1.3388889252733471, 1.3388889122787377, 1.1226709563800252, 0.7118064458325453, 0.6015970276388429, 0.6405037575599852, 0.6144364150620006, 0.5899673392769855, 0.9472744181130675, 0.5738095964152573, 0.8779596401219176, 0.9563492423357991], [0.8745553721198325, 0.5738096992422627, 0.5738095476542378, 0.5738095521572839, 1.2509926345668854, 1.338888892692455, 1.3388880555823688, 1.338888881513125, 0.8812609888685106, 1.2406074961379263, 1.3388888905341676, 1.2271418607389517, 1.3388888898753928, 1.3388888710719995, 1.266246636237348, 1.3388888808149773, 1.3388889163560895, 1.3388881712323046, 1.338888908104893, 1.3388889168198006, 1.3388888966433723, 1.3388888971561208, 1.016855446546745, 0.9563492243425028], [0.5738095800538244, 0.5738095528355578, 0.5738095473237967, 0.5738095508585064, 0.610666224132459, 0.7413460031129963, 0.8508807169968756, 0.9029256742681965, 0.8581716757912881, 0.7851444609844869, 0.703959428296354, 0.6473166145741881, 0.591413297651006, 0.5738096036115033, 0.706352564062076, 1.1825825126801277, 1.33888888163148, 1.2306013610013238, 1.3388888696749313, 1.3388888895225155, 1.3388888930832752, 0.5865239079728347, 0.9670605499786408, 0.9563492243425028], [0.5738095961736676, 0.5738095559791699, 0.5738095499709485, 0.5738095537320486, 0.6037564472253949, 0.8836748530331235, 0.8405714288505808, 1.3388888352554629, 0.8505592057239579, 0.7791091407635116, 0.6978079583963473, 0.6410790714789201, 0.69952845404702, 0.7769841331037217, 0.9410760136570893, 1.3388888639726275, 1.3388888899880114, 1.3388885768736052, 1.3388888851962417, 1.3388888919519313, 1.338888891398604, 1.2995921424177346, 0.990421788943776, 0.9563492243425028], [0.5762987026159561, 0.5797479414590652, 0.5738095531407414, 0.5738095520363332, 0.6177527069859609, 0.7365105889554348, 0.8527476561940923, 0.9113398583548858, 0.8657593341238399, 0.7953238770321827, 0.7190378400685546, 0.6655527477396443, 0.6092201878356677, 0.5738096140383626, 0.8018618189895008, 1.3388874491216503, 1.3388888846346836, 1.2977714147291302, 1.3388888785066588, 1.3388888923634314, 1.3388888921532431, 0.777948088946139, 0.95896356782949, 0.9563492243425028], [0.7355656685812356, 0.7328280423367566, 0.744479090520088, 0.7244075198786328, 0.759708842194379, 0.8108340858257971, 0.8360543693303266, 0.8676483004095479, 0.8449758766822734, 0.7589110785202402, 0.6673409761494037, 0.6049233428426865, 0.5738095481710447, 0.5738095699144831, 0.5738095800416269, 0.5738095924581229, 0.5851283324871028, 0.6243391689899559, 0.59985674499472, 1.2608107121109913, 1.338888905258636, 0.867014051145277, 0.9559810546468688, 0.9563492243425028], [1.338888885761085, 0.746468928215432, 0.716328749923911, 0.6895950627865937, 0.7451129487703296, 0.7702184341284839, 0.7970972525892295, 0.8495867131593007, 0.8273855947918063, 0.7260479181346031, 0.6237840793225952, 0.5738095479226383, 0.5738095429024307, 0.5738095651174316, 0.5738095919993113, 0.5738098348997909, 0.5738097349793951, 0.6045860962522948, 0.5740607327276507, 0.5738095475491835, 1.338888927739832, 0.9020874552526208, 0.97463678805511, 0.9563492243425028], [1.3388889041137433, 0.7549169631277306, 0.703800130121717, 0.6804436718752956, 0.7477694642633197, 0.7502970855354985, 0.7857127153413359, 0.849893504531348, 0.8233342798398385, 0.7121723157175299, 0.6054786814162894, 0.5738095452038842, 0.5738095443062815, 0.5738095741378498, 0.5738096146792088, 0.7823084625047175, 1.16949100293289, 0.592588330434096, 0.5738095556705766, 0.5738095616462328, 1.3388889208639108, 0.8788750557637621, 0.9472046714314278, 0.9563492423357991], [1.3388888884121253, 0.7485874633745266, 0.7184633486202253, 0.6843097806158505, 0.7475067074224334, 0.772370904047887, 0.7992458819608288, 0.8516669861063928, 0.8293236424064456, 0.7279688277185608, 0.6258964410589222, 0.5738095449379134, 0.5738095445809833, 0.5738095667400178, 0.5738095861514679, 0.573809686663397, 0.5738096278894885, 0.6096515045857517, 0.5761925522912549, 0.5738095468590328, 1.3388889073821755, 1.1572966528827204, 0.998673908479039, 0.9563492243425028], [0.796332468999315, 0.7470344858876845, 0.7410092538333937, 0.7159656114752818, 0.7586427200345867, 0.7986825915465141, 0.8230136548293739, 0.8642145436956499, 0.8426365267700373, 0.7494488561829038, 0.6525207020548621, 0.5888603131750724, 0.5738095479371155, 0.5738095701305047, 0.5738095791160552, 0.5738095913486285, 0.5804040240861682, 0.6196613482441048, 0.5931506108398547, 0.8640427394181691, 1.3388889054798279, 0.836109271391726, 0.9573758580475231, 0.9563492243425028], [0.7963324689993453, 0.7470344858876852, 0.7410092538333957, 0.7159656114752854, 0.7586427200345868, 0.7986825915465134, 0.8230136548293754, 0.8642145436956492, 0.8426365267700378, 0.7494488561829047, 0.6525207020548627, 0.5888603131750716, 0.5738095479371155, 0.5738095701305047, 0.5738095791160552, 0.5738095913486285, 0.5804040240861681, 0.619661348244105, 0.5931506108398551, 0.864042739418168, 1.3388889054798279, 0.8361092713917258, 0.9573758580475229, 0.9563492243425028], [1.338888913985602, 0.728194805803986, 0.7184527176847536, 0.6847607396736174, 0.738148513259554, 0.7755777512276947, 0.8029819619469699, 0.8461523214510225, 0.8253911628201205, 0.7311340191368589, 0.632267256892938, 0.5738095548477163, 0.5738095419446928, 0.5738095636883009, 0.5738096755182601, 1.011871223047522, 1.2458488389463183, 0.5963151441890411, 0.5738095685821596, 0.5738095691147065, 1.3388889265287207, 0.935411904269356, 1.0728036683519842, 0.9563492423357991], [1.3388888896342213, 0.7186604417633672, 0.7264591103423084, 0.6976202127971994, 0.7475097237913335, 0.7926305120844006, 0.8195477067979677, 0.8531055804434315, 0.8314213561909366, 0.7445759901062606, 0.6514133358807463, 0.588010182029062, 0.5738095464221764, 0.5738095682656432, 0.5738096013115233, 0.5738096339749832, 0.5738095727488761, 0.6057500394159309, 0.5805470314440031, 1.156081944749464, 1.3388889101424868, 0.5738095522970884, 0.9765973268797998, 0.9563492243425028], [0.7014549969231023, 0.7168947611161148, 0.7413037796917836, 0.7241694159126753, 0.7608091065552108, 0.8153228363887688, 0.8439298015182833, 0.8695098371752842, 0.8449053041729758, 0.7634792110650956, 0.6759774643313926, 0.6146996005141185, 0.5738095473491671, 0.5738095712992173, 0.5738095825952121, 0.5738095854112699, 0.5859198675198154, 0.6248025532217454, 0.7987020258842491, 1.3388888946228026, 1.3388889056426483, 1.15760345881407, 0.9511500232324569, 0.9563492243425028], [1.338888887877932, 0.716106554378649, 0.7239216354518353, 0.6950348925337837, 0.7417480631151144, 0.7894496520233294, 0.8174317260297955, 0.850779791844024, 0.8292444992369636, 0.7424632304511453, 0.6492454133471093, 0.5857559540723637, 0.5738095409998308, 0.5738095616983877, 0.5738096066425007, 0.5738096861037469, 0.5738095779328048, 0.6032568254818329, 0.5780090394966931, 1.1593807490020773, 1.3388889067065723, 0.6078608238894957, 0.9562757655451162, 0.9563492243425028], [1.3388884660160443, 0.7062769734671026, 0.732405107853323, 0.7067120139485459, 0.7495021964050744, 0.8050640749213445, 0.8348446718949382, 0.8602976366216052, 0.836079184656076, 0.7549853557805453, 0.66747983246325, 0.6060082650817651, 0.5738095475917575, 0.5738095694692626, 0.5738095937392619, 0.5738096047047883, 0.5768454095472431, 0.6140292887374634, 0.5855627389984239, 1.3388888974562243, 1.3388889066199599, 0.7504770922602468, 0.987963280738493, 0.9563492243425028], [0.6373664192638402, 0.7056588695741072, 0.7399331450933344, 0.7632462936008095, 0.7650793860803135, 0.8273534104787219, 0.8587757087496397, 0.8782509820651705, 0.8499867568220003, 0.7726884783530751, 0.6906151239301196, 0.6319676560780555, 0.5753664590653347, 0.5738095722232688, 0.5738095814578561, 0.5738095879001097, 0.5937514855736723, 0.6321733704402961, 1.1997139165818762, 1.3388888996212387, 1.338888904958615, 0.7757008588887419, 0.9554256812563761, 0.9563492243425028], [1.0755674948525313, 1.3388888607494818, 1.3388888807107955, 1.338888874588228, 1.338888822858717, 1.3388888983174336, 1.3388888636425913, 0.9559537549736372, 1.3388888979057572, 1.3388888972491868, 1.3388889013581713, 1.3388889033923679, 1.3388889002984432, 1.3388888873621752, 1.1610413254833962, 0.7952957671852525, 0.6983307841624056, 0.6415602052285655, 0.6595596887050428, 0.7282723024180737, 1.1219966361818223, 0.9538750876031834, 0.9274687610039691, 0.9563492243425028], [0.6622155949510372, 0.5738095800731986, 0.5738095496475081, 0.5738095521698798, 0.9848855466632712, 1.338888893343634, 0.9285889355629089, 1.3388888673445623, 1.3388888880145424, 1.3388888857688421, 1.3388889000603739, 1.3388889055586852, 1.3388889026053055, 1.3388888816299662, 1.1408311709851335, 1.3388888399489611, 1.3388888848851415, 1.1909277423834403, 1.3388888730827935, 1.3388888874733063, 1.3388889018797507, 1.119242917528352, 0.9593465270114543, 0.9563492243425028], [0.5738096030049629, 0.5738095551173842, 0.5738095501218021, 0.5738095515425795, 0.6057148367529505, 0.7374817575774781, 0.8471730192342464, 1.338888669302559, 0.8524890287198845, 0.7798071597733438, 1.000072321614796, 1.338888893607912, 1.3388888950874342, 1.3388888387416213, 1.2668940725643516, 1.3388888763789581, 1.3388888974426247, 1.3388884551631857, 1.3388888912496748, 1.3388888998965462, 1.3388889062808724, 1.0532578099980523, 0.96167885129014, 0.9563492243425028], [0.5772538773919295, 0.5827830865668234, 0.5762181068864514, 0.5746418130442333, 0.6204491223687476, 0.7382885249896671, 0.8562297902824909, 0.9138047454038403, 0.8679504027605859, 0.7961985035179807, 0.716424170646592, 0.6562114139853478, 0.5982508905763831, 0.5738096254858366, 0.7976594031698576, 1.3388883151041369, 1.3388888830934857, 1.2921639838453056, 1.3388888754943409, 1.3388888776394317, 0.5938469640217799, 0.9282489898819677, 0.9565144184247785, 0.9563492243425028]]
r9_inverse_relative = [[0.7267931689547281, 0.848500980630009, 1.2433341342290611, 0.8340248774014276, 1.249999996578721, 1.2946114983929307, 1.2083498073796117, 1.1045453070535545, 1.1516934967206922, 1.3498216939631429, 1.5969470709221063, 1.6666666329930253, 1.66666664396756, 1.6666665575189128, 1.6666665455307257, 1.6666665231113724, 1.6666664945553167, 1.5890281601286977, 1.6380391419777212, 1.6517795075283244, 0.7142857164231357, 1.221157477160925, 0.9970791217375966, 1.0], [0.8617987339957361, 1.282127783629061, 1.3229913131275948, 1.3706854947401956, 1.2706605811653864, 1.2297044695765627, 1.1839337273512047, 1.115638061174526, 1.1480214099623895, 1.3042735969883015, 1.5106623440388571, 1.6390375222056826, 1.666666656541522, 1.6666665787399118, 1.6666665018448434, 1.463853385650885, 1.3272149446918, 1.4420137899709955, 1.4574339619023429, 1.2432125464092787, 0.7142857149835995, 1.144019082754551, 0.9841600448248358, 1.0], [0.8957846184104419, 1.275795775404745, 1.316783770806229, 1.3670927463883966, 1.2694180913452968, 1.2257953179090506, 1.183713797872001, 1.1150566962394302, 1.1458243151050311, 1.301291904883734, 1.5077327610550766, 1.6450916497730468, 1.666666656077712, 1.6666665867990338, 1.6666665388836317, 1.6666660656172685, 1.5620098027988096, 1.5660832339296797, 1.6373716994803518, 1.330246843882555, 0.7142857150189128, 1.1240156022267411, 0.9937650631712814, 1.0], [0.9786781504496327, 1.2793077211863166, 1.3038270169854227, 1.3557282430403823, 1.2668039740108474, 1.2107034640197734, 1.173303538263078, 1.1119925780593651, 1.1409573911436597, 1.2883788238595242, 1.4858312055793332, 1.638023574723252, 1.666666654964161, 1.6666665910043397, 1.6666665547763664, 1.6666664338069077, 1.65399427992313, 1.5516969937366378, 1.6278342351263895, 1.246385113116276, 0.7142857150900961, 1.0139714682368721, 0.9847677773273604, 1.0], [1.2009421535981322, 1.2801942205395145, 1.2906036282409665, 1.3357474396428135, 1.260605560096877, 1.1974083821614914, 1.1620089454517655, 1.1066108931711305, 1.1349486976266294, 1.2760700392063347, 1.4656228251497203, 1.6240680774782528, 1.6666666524871527, 1.6666665881162464, 1.6666665621254289, 1.6666665267460423, 1.6477301986985153, 1.5433417607913977, 1.612321086371417, 1.1068309286349116, 0.7142857152650477, 1.1438089034805405, 0.9989276604110318, 1.0], [1.2009421535980866, 1.2801942205395136, 1.290603628240963, 1.3357474396428068, 1.2606055600968769, 1.1974083821614925, 1.1620089454517635, 1.1066108931711314, 1.1349486976266288, 1.2760700392063333, 1.465622825149719, 1.6240680774782545, 1.6666666524871527, 1.6666665881162464, 1.6666665621254289, 1.6666665267460423, 1.6477301986985156, 1.543341760791397, 1.612321086371416, 1.106830928634913, 0.7142857152650477, 1.1438089034805408, 0.9989276604110321, 1.0], [0.8713414954560691, 1.2914215129459607, 1.3154510768873522, 1.3617450288131199, 1.2721555748665347, 1.2168496462080773, 1.1758601902116896, 1.115207564399685, 1.1459908981840854, 1.2940396242984118, 1.4914810509129708, 1.628841644458394, 1.6666666569597897, 1.6666665901275393, 1.6666665265709832, 1.553752367323112, 1.3711622895188702, 1.5672007652830058, 1.6330080026160478, 1.1269596319890378, 0.71428571493735, 1.094017315700773, 0.9926760594479066, 1.0], [0.922024752047778, 1.2977200697171687, 1.305034200441444, 1.3512335421574782, 1.2704717063349777, 1.2032144773329865, 1.1659662177719563, 1.1127230070192209, 1.1421644737293548, 1.2823837027809415, 1.4709896001544251, 1.619652139374953, 1.666666656274453, 1.666666594550244, 1.666666544756654, 1.66666628712093, 1.6503889392282427, 1.555956598354279, 1.6248046939823815, 1.0425582308360088, 0.7142857149728477, 1.095493653221377, 0.9885203519599237, 1.0], [1.0210060601070314, 1.3033342083412245, 1.295320267378252, 1.3397715409946618, 1.2661889303601657, 1.1909230371443005, 1.1551115065954323, 1.1084751931797865, 1.1376682822081376, 1.271184171076761, 1.4513771909855064, 1.6045645718119224, 1.6666666548717413, 1.6666665941823933, 1.666666553915002, 1.6666664469265662, 1.6450336409382356, 1.5475208842020636, 1.6115414850693557, 0.9268653365764453, 0.714285715058285, 1.1078039563182718, 0.9909723811505583, 1.0], [1.3001547967485634, 1.305011785461444, 1.2845884373927645, 1.3201812598470912, 1.2588365146755014, 1.1794635256109458, 1.1438840151468228, 1.1022314313480186, 1.1318065462380333, 1.2601597976029932, 1.4330743481379908, 1.5809428555649934, 1.666666652175708, 1.6666665890809662, 1.666666559804315, 1.6666665239182406, 1.6344264748973383, 1.5317783726926257, 1.5942960470000256, 0.7585192694626454, 0.7142857152344055, 1.1030377498641184, 1.0003851241723212, 1.0], [1.3001547967486347, 1.305011785461447, 1.2845884373927645, 1.3201812598470917, 1.2588365146755007, 1.1794635256109463, 1.143884015146821, 1.1022314313480208, 1.1318065462380325, 1.2601597976029917, 1.433074348137992, 1.580942855564993, 1.666666652175708, 1.6666665890809662, 1.666666559804315, 1.6666665239182406, 1.6344264748973392, 1.531778372692628, 1.5942960470000225, 0.7585192694626451, 0.7142857152344055, 1.1030377498641186, 1.0003851241723156, 1.0], [0.9426530622772307, 1.237375437088767, 1.3877303238190246, 1.4638618231135336, 1.392604593089496, 0.990046680614601, 0.9676727115983752, 0.9392620971536397, 0.9546250267875744, 1.0200291374281525, 1.0966056137025788, 1.13455743008389, 1.144946328896649, 1.0539525181689697, 0.9903078725734625, 0.8841581946693372, 0.842619997200714, 0.87027340175287, 1.0028076495033986, 0.9248737954581077, 0.7142857146358, 1.2000933386770969, 0.973687117425064, 1.0], [0.8163324559660684, 1.2703640737932247, 1.2303750036476697, 1.3616068574851041, 1.2780243435919656, 1.2123967347790183, 1.1677044166273083, 1.11643487211443, 1.1485113657500956, 1.2886626834756565, 1.476342581949659, 1.611415941506656, 1.666101583391299, 1.6666665824882831, 1.6666663314677728, 1.2281181934603698, 1.1396438551194763, 1.3643228457959038, 1.4002278741854501, 0.9499892807767691, 0.7142857147694003, 1.1963345265377916, 0.9929217872727599, 1.0], [0.8333403890367884, 1.3300825299538783, 1.3141475840150127, 1.3528219388681777, 1.2769860858759639, 1.2025485630659272, 1.160387075715755, 1.1149642917403835, 1.1462135104102644, 1.2801380033484926, 1.4606840662028773, 1.6038206069420915, 1.6660208894002084, 1.6666665913501335, 1.6666664234516742, 1.3220614464998592, 1.2307297562812387, 1.5682005214110772, 1.3689640107265957, 0.8950093150794941, 0.7142857147793262, 1.1499742536253428, 0.9723594385372664, 1.0], [0.8571515645687455, 1.336992770579726, 1.3093274386278295, 1.3433306550003639, 1.274340243373267, 1.1940936249567413, 1.1528040279522238, 1.1124444414252235, 1.1437239521388596, 1.272495057588649, 1.4464576958186663, 1.5938041765535018, 1.6659133092377718, 1.6666665939945289, 1.66666647980215, 1.4785402454432943, 1.3826786761049807, 1.5608228177702461, 1.3293877853131908, 0.8308928572487655, 0.7142857147984554, 1.1952214790781783, 0.9725229748514309, 1.0], [0.9374392544179129, 1.3323754219124244, 1.3031385933972854, 1.3452753002861382, 1.2680995741463388, 1.189523604658186, 1.1498192503029518, 1.110345606029061, 1.141005811298543, 1.2683212557978838, 1.4409460050798333, 1.5903241932152958, 1.6666666582956973, 1.6666665920838775, 1.6666665292028484, 1.666666478399342, 1.649262682397335, 1.5543411033950278, 1.3867680074116453, 0.7666215623057118, 0.714285714860709, 1.1047037606421852, 0.9921935332054777, 1.0], [1.3633793156276233, 1.3340162106299083, 1.2900908615229405, 1.3206153302985568, 1.257016014816058, 1.1729700026440741, 1.1332094530368673, 1.0998716601574745, 1.131901082918226, 1.2526198713019066, 1.414764965699668, 1.5557993466257845, 1.666666654751244, 1.6666665852118756, 1.6666665525940554, 1.6666665445916313, 1.632218483662343, 1.5306423308564645, 1.1973792467134652, 0.7142857208855359, 0.7142857150641004, 0.8261457881588158, 1.0054662281356659, 1.0], [0.8654368757170008, 1.348209840365798, 1.3063334232634938, 1.325199404500905, 1.271555201082624, 1.1846428925113155, 1.1425679621312406, 1.1080277320411627, 1.1406336338407295, 1.2638213527484412, 1.4292781361100584, 1.5731740717593004, 1.6651606393172211, 1.6666665950133939, 1.6666665197651784, 1.6666664261233486, 1.644712838714324, 1.551289840997296, 1.2140079780006257, 0.7477010984974339, 0.7142857148155456, 1.344421541313332, 0.989441176136876, 1.0], [0.9678399631947853, 1.3546638675486886, 1.2990890263280872, 1.3011923247595125, 1.2628560177909012, 1.1716968723359915, 1.1293548908131303, 1.1001696692656309, 1.134414979456537, 1.2520332697025789, 1.408368731806282, 1.5450207424976523, 1.664408647385459, 1.6666665918405503, 1.6666665439190167, 1.6666665195116337, 1.6339514364539975, 1.5348213728420355, 1.071373699376904, 0.7142857182450563, 0.7142857148992597, 1.2532604509481655, 0.9842077371522391, 1.0], [1.5004700704442118, 1.3552571567282072, 1.2924805954110008, 1.2530021293758804, 1.249999998018445, 1.1559138055482658, 1.1136193288235379, 1.0889247463882483, 1.1251342693903936, 1.2376905540685468, 1.3847788741992029, 1.51328826279781, 1.662156741017719, 1.6666665832808572, 1.6666665566376562, 1.666666538017387, 1.6106894235958353, 1.5127958265450543, 0.7971477269531416, 0.7142857179257978, 0.714285715054636, 1.2328840685311921, 1.0009666317520038, 1.0], [1.079777909957408, 1.2147438977084037, 1.5138016996872379, 1.5418760958531776, 1.491301015778054, 0.8678213185938946, 0.8568318589072126, 0.84082688070303, 0.8481946003106461, 0.8811817313812095, 0.9174658786682945, 0.9306963093561799, 0.9311995956675081, 0.830046147074372, 0.7885495797817642, 0.7509692377276137, 0.7258326237631498, 0.7142859308186787, 0.8671616907774754, 0.8778807328683048, 0.7142857145223672, 1.1756696216121885, 0.9904992085967232, 1.0], [1.1311557390960507, 1.2118192303627626, 1.5290320799767878, 1.5529701229351969, 1.512309150418455, 0.8426532317669323, 0.8343357754695006, 0.8220463429379578, 0.8278343576381023, 0.8541575317646943, 0.8833193459097792, 0.8955913351429242, 0.8960987515584725, 0.7946385684678685, 0.780725209985166, 0.7449545031956497, 0.7233797202669597, 0.7142859468391288, 0.8317448629086318, 0.8424874337327729, 0.7142857145093189, 1.2471796066580687, 0.9753468213522498, 1.0], [1.1993407039937822, 1.3000298740895444, 1.5501702418829484, 1.5681333517083424, 1.5367290926402575, 0.8153374818669424, 0.8092733447196504, 0.800486204117827, 0.8048457303567405, 0.8245380765015266, 0.8464349979965808, 0.8569696819036464, 0.8574795501993046, 0.786074341345742, 0.7719731209887445, 0.7382189596045283, 0.7207951209273341, 0.7142859667275652, 0.7930447638540999, 0.8037686823088765, 0.7142857144937337, 1.344922061703852, 0.9623945379147265, 1.0], [1.2941926531042245, 1.426259995114741, 1.57815748060134, 1.58923416615309, 1.5668376728576456, 0.7851817976817059, 0.7811692801312243, 0.7756382604584308, 0.7786214917220774, 0.7916944043667752, 0.8062257816385155, 0.8142750553250878, 0.8147850831461704, 0.776981687120862, 0.7621008217326769, 0.7305759956045236, 0.7180600903447151, 0.714285991046809, 0.7505826527090085, 0.7612327007675008, 0.71428571447668, 1.4865737707359103, 0.9660221959631111, 1.0], [0.7142857200104468, 1.3567283122836735, 1.3144769150144686, 1.3391852699915159, 1.270885607373507, 1.2063525439263594, 1.164638643824079, 1.116211714376639, 1.1458834446678055, 1.2846869335270321, 1.4791631588387755, 1.6471132009966316, 1.6666666523168694, 1.6666658858357017, 1.195317946743609, 0.781202705629862, 0.7215091998512219, 0.7142882525728689, 0.7142857826579321, 0.7142857301779786, 0.7142857154652081, 1.6666666639871786, 0.9978676258380552, 1.0], [1.666666666011825, 1.6666666661097898, 1.6666666661856286, 1.6666666663459906, 1.6666666663961334, 0.7142857146543957, 0.7142857145003662, 0.7142857144276593, 0.7142857143667689, 0.7142857143605111, 0.7142857143586374, 0.7142857143689061, 0.7142857144265651, 0.7142857143722505, 0.7142857143686555, 0.714285714360152, 0.714285714346143, 0.7142857143257615, 0.7142857143231105, 0.7142857143230796, 0.7142857143158294, 1.4436334141725236, 0.9668093441770785, 1.0], [1.1422308015986355, 1.1530313480271956, 1.2036027716986968, 1.2032049463098273, 1.1429403482833962, 0.8996420635293138, 0.8745942480131882, 0.8881925123182783, 0.9355291775058254, 0.9140059517095606, 0.9349281615311821, 0.9793863337543013, 0.9697923845421571, 0.9658028245700045, 0.9297503761937295, 0.884844398501234, 0.8752151080143582, 0.847738223281135, 0.8717932216746539, 0.8779962673347835, 0.8328236913499062, 1.1140695034061352, 1.0072048294062863, 1.0], [1.297730743707884, 1.3136428438835557, 1.3946871497220161, 1.394046227305334, 1.08133982974203, 0.9488892015691952, 0.9156965581327057, 0.8541463007430984, 0.9973107525160665, 0.9681463057914642, 0.9964912778794206, 1.0579133057850898, 1.044519240836983, 1.0389722229329532, 0.9883300095205769, 0.8089498103838957, 0.802689885107107, 0.8178603903724736, 0.8009635811404467, 0.8042599774785366, 0.758666524535358, 1.0447878850465577, 0.9938654661409491, 1.0], [1.4721709914071954, 1.6623655538913464, 1.6666666524033606, 1.666666644289508, 1.2407357970496726, 1.0337736135533413, 0.9851430209927562, 0.8515939575997444, 1.1069653713432506, 1.0625556564950347, 1.1057037937549052, 1.2025427032936886, 1.181024046303759, 1.172178959545424, 1.029567696655655, 0.7357596923914941, 0.7142857242534636, 0.7347842924760526, 0.7142857284934363, 0.714285721824879, 0.7142857236853976, 0.9556437105032274, 0.9725664415083559, 1.0], [1.6666665602895558, 1.666666639797375, 1.6666666549884785, 1.6666666447375014, 1.566075212950551, 1.2900173848998517, 1.1239521703669852, 1.0591671661875708, 1.1144031612848606, 1.2180551198236578, 1.3585289083132237, 1.4774056682942864, 1.6170573814021727, 1.6666664926740875, 1.353926186369401, 0.8086955557995116, 0.7142857281130024, 0.7771397397374354, 0.7142857345085812, 0.7142857238845732, 0.7142857218038918, 1.6305375211291255, 0.9889238331673504, 1.0], [1.663059460797724, 1.6580868267498252, 1.6666666495652818, 1.6666666457831132, 1.5658486635729452, 1.1805429283793984, 1.129555837832224, 0.8500018017628356, 1.1144192717822161, 1.2148490548206372, 1.3499694019733084, 1.463838891493184, 1.4614712246397799, 1.41598114520248, 1.0973991272076358, 0.7142861133302206, 0.7142857231835611, 0.7254247575556858, 0.7142857261996377, 0.7142857206849289, 0.7142857192258967, 0.9206553125587976, 0.9811802694215037, 1.0], [1.6594679715517775, 1.6495948841934056, 1.6666666386457223, 1.6666666420405327, 1.5481101519757228, 1.298486737417937, 1.121491476283285, 1.0493881260954254, 1.104636346375976, 1.2024651306410734, 1.3300401998301477, 1.4369247788477784, 1.5697924271763106, 1.666666462264865, 1.1926608885432566, 0.7142864916147613, 0.7142857257172275, 0.7369165389090405, 0.7142857289961666, 0.7142857215880429, 0.7142857215208261, 1.229322680910633, 0.997273783433638, 1.0], [1.1534895386557091, 1.1405428926638106, 1.0863617431983383, 1.0867509283942567, 1.1526224098912607, 0.8706055493915393, 0.9005562512176004, 0.8838363499627687, 0.8334770191518568, 0.8550020118819003, 0.8340502341008039, 0.7953977733392066, 0.8031410009464528, 0.8064516191954973, 0.8390524449901254, 0.8878479523775857, 0.8997675819942034, 0.9372437395745566, 0.9041456982694276, 0.8962651758429501, 0.9600536773899512, 1.0255601565390118, 1.0063262832174718, 1.0], [1.3241952572789601, 1.246345431691823, 1.2490169905851876, 1.2496601545345916, 1.077595314067467, 0.9209949723657752, 0.9633623562759617, 0.8412021053767561, 0.8697607917616723, 0.8992928155370755, 0.8705412164647092, 0.8186382757724473, 0.8289198695873108, 0.8333333390416252, 0.8760933803966525, 0.7949765694611268, 0.8113253351053099, 0.8570319876985393, 0.8180521253760136, 0.8062057092270108, 0.8706705786482195, 0.9434650756368225, 1.0053582917005748, 1.0], [1.5822427753874084, 1.6580236036183695, 1.6643379779100143, 1.6658612539244089, 1.2975954145955517, 1.0193233001966024, 1.0900671296833633, 0.798825541823188, 0.9378031301434465, 0.9842715164502203, 0.93901335021904, 0.8605449758142969, 0.8757700072510423, 0.8823529446544266, 0.8950712583718381, 0.7142858368759993, 0.7142857238138753, 0.7506704704006216, 0.7142857286470531, 0.7142857238536047, 0.876948876691642, 0.9252754762296922, 0.9970488263650448, 1.0], [1.6616794107462254, 1.6537356542005683, 1.6631760764736752, 1.6654588481239143, 1.5599043370929493, 1.2960678874261025, 1.122869145459025, 0.8490717953988826, 1.1117499537411677, 1.213636797764975, 1.1143037392318949, 0.958697885846983, 0.9873827702238349, 0.9999999924693881, 0.9264465502812287, 0.7142858808957366, 0.7142857237754666, 0.7269708542538331, 0.7142857275289356, 0.714285724572642, 0.9896326145330286, 0.9652747332035411, 0.997135418882455, 1.0], [1.6567220706973413, 1.6410037631273324, 1.659700080841049, 1.6642527868157098, 1.541382206059563, 1.2953597395171152, 1.1169305699579237, 1.0465575172463124, 1.1018477829519624, 1.201144218495547, 1.3348924719550477, 1.4573797627269978, 1.5985755354058204, 1.6666664282523695, 1.198944342815353, 0.7142860294059986, 0.7142857263730614, 0.7401144369204969, 0.7142857304182862, 0.7142857293315151, 1.6104304593064043, 1.0302723044560846, 0.999827296927027, 1.0]]
tau_R_in = [[315.76212111165097, 309.2123941361511, 298.13315210181486, 315.07207081058255, 293.1503739105859, 293.3923990158181, 293.3231576517804, 293.32272772119825, 293.3175160165006, 293.342541069636, 293.3804759017285, 297.90920421974994, 304.3509878504682, 307.5302765065294, 305.9620290880531, 300.9620351060349, 294.2953704575617, 293.15000797113424, 294.04311666610124, 293.1500045838775, 331.88499856427995, 311.9730803536031, 321.9735524127172, 321.97734585134873], [317.38748005824294, 301.3233942438188, 294.42785094484896, 293.38787914457015, 293.15074188663203, 293.19346995923337, 293.1810138151081, 293.18211576642386, 293.18124147158215, 293.184716208534, 293.19027103331473, 294.48652628605157, 297.88285827097656, 301.98720187760574, 303.8150534454888, 309.94953075956033, 310.8890064930974, 302.58120419379463, 302.1683077681469, 302.3316203253878, 327.34187012797935, 319.83363196381674, 321.10376770485703, 320.99718484261865], [315.9759475331268, 297.04401855742867, 293.3001959738744, 293.47657718683985, 293.1506441881895, 293.23242038385496, 293.2087994620046, 293.21097719542007, 293.209232901936, 293.2158498767949, 293.2265369551787, 294.42474016054734, 298.6692241740194, 303.2891504106861, 304.3832036037862, 301.2546413939653, 300.12895882910715, 293.5306470693893, 293.2904846610377, 302.8214254336357, 329.42665280569753, 318.37453498334645, 320.92397669628406, 321.0878447101751], [313.3022743950946, 294.4458218056121, 293.1515377730826, 293.5518284656819, 293.15061965998666, 293.25062184987524, 293.2217830138616, 293.22480667898384, 293.2228032977467, 293.2305209128767, 293.243103568311, 293.72529835604166, 298.3108083162208, 303.25444670144714, 303.94071996580567, 300.15011903853826, 294.4300024349934, 293.52843108393125, 293.150004294144, 308.2812195680617, 331.2142111728556, 321.91230852866045, 320.7502327332503, 320.8707845322826], [303.2920035976528, 293.1514067924128, 293.39571538784867, 294.0722746213136, 293.15058752829265, 293.37930146328665, 293.3135335608736, 293.32081511941396, 293.3166314045178, 293.3337631961028, 293.361802215907, 293.38828503651894, 298.3102414593507, 303.5462595485641, 303.44876003701603, 298.84537282318604, 293.1500050447508, 293.470965546277, 293.3544100096393, 318.0223655304449, 332.6240885329381, 314.4488902854898, 320.85212730194945, 320.853917807731], [303.2920036758961, 293.15140678668706, 293.3957153877514, 294.0722746214363, 293.1505875279898, 293.3793014632088, 293.31353356075556, 293.3208151194611, 293.3166314044992, 293.333763196447, 293.3618022160159, 293.38828503543436, 298.31024145938574, 303.54625954850934, 303.4487600373822, 298.84537283494626, 293.1500062744773, 293.4709723879873, 293.35440938144654, 318.0223655353998, 332.62408853295415, 314.44889028597186, 320.85212732716514, 320.853917692018], [317.70846010095056, 299.4502202233022, 293.8037421412317, 293.4272189898935, 293.15074264520763, 293.2199505374543, 293.19975808489164, 293.20183739788047, 293.2005238386515, 293.20589119295664, 293.2145404540003, 294.22191569771815, 297.7231274323649, 301.93904917879644, 303.5599568034192, 306.089601459094, 309.3218084432014, 293.6998147000938, 293.28382588705364, 307.487707004243, 330.1223287332398, 321.2250301052627, 320.6428626007124, 320.93065184070605], [316.658185090397, 296.89176640494577, 293.2394293657987, 293.4745543669481, 293.1507321683732, 293.2313494050446, 293.20783227773165, 293.2105446953074, 293.2091419591164, 293.2150999576297, 293.22477128576185, 293.6468776153146, 297.2313176600504, 301.78137874534065, 303.26976607727005, 300.45773986697174, 295.24956612960443, 293.4570050443859, 293.1500038471585, 313.22509594957035, 331.77054698273344, 320.06886691965315, 320.54756727559146, 320.74527547858094], [313.36862674126087, 294.08334750523716, 293.1514828370312, 293.5495690977268, 293.15071401089267, 293.2494054247524, 293.22065444472315, 293.2241911454887, 293.2226770582673, 293.22968937874714, 293.2410761391059, 293.25197024212827, 296.74583732039287, 301.65938739143246, 302.84512667828443, 299.38770929947896, 294.08841765868675, 293.1500072738272, 293.2894677914402, 321.30135720919856, 332.87068117017725, 317.92495650589717, 320.4128426989001, 320.52882599276785], [300.60559784212666, 293.1511826902743, 293.3971549410768, 294.06745536560777, 293.1506847128452, 293.3766198464234, 293.31105439123144, 293.3192889742902, 293.3162937479534, 293.33198746012687, 293.35737490262846, 293.3818781550431, 296.39647442008487, 301.9490902676559, 302.389251551538, 298.1135981627279, 293.15001139160313, 293.46760730403076, 293.6414884043575, 333.2124672964652, 333.0976961201695, 316.0812517248701, 320.5109431842747, 320.5103052593171], [300.60559796703916, 293.1511826842835, 293.39715494070725, 294.0674553657516, 293.15068471281063, 293.37661984637924, 293.3110543913636, 293.3192889733062, 293.3162937479687, 293.33198745847943, 293.3573749021481, 293.3818781550817, 296.3964744200893, 301.949090267833, 302.38925154888506, 298.11359816563584, 293.1500169216177, 293.46760621999516, 293.64148947653774, 333.212467296345, 333.0976961201215, 316.08125172538473, 320.5109431825956, 320.51030524626117], [320.4625792543841, 313.48288200475406, 306.2435790295685, 301.4983153425475, 299.2493432810902, 300.6147371445843, 300.0992983112914, 298.4773513615918, 298.2005878285119, 299.3006159827149, 301.44163807668906, 304.9350396208043, 309.3303037136702, 316.7930603126716, 322.9630334955307, 325.55909993196246, 326.8282758420886, 325.23894233479234, 317.2933598372574, 316.29370940159623, 327.3272325543045, 323.7575861223656, 321.43987445152584, 320.45085148939324], [319.95962317065545, 305.9389525806619, 299.1895580945048, 293.447981569665, 293.1508825651654, 293.200369406829, 293.18562346652783, 293.18722438542864, 293.1864570489812, 293.19011584758937, 293.19596294849777, 294.0501669890272, 296.722869926711, 300.34202140147823, 302.45246015635155, 316.32880573931794, 319.08132713606915, 309.9000113397923, 297.5708681672796, 314.9377998485176, 331.13534794546484, 320.95919907097243, 319.9688986169576, 320.7771327302219], [320.01917132033856, 302.1834144325665, 294.4736175542542, 293.2636586943362, 293.17890680378935, 293.19784848033356, 293.1904719554168, 293.19030983815014, 293.1900251732285, 293.1937461329303, 293.1999333127411, 293.647214687135, 296.3780319143255, 300.32499721787684, 302.4216066412232, 314.0029446470513, 314.9502365298413, 296.4422641627501, 298.5022326465273, 319.8469255552489, 332.44725567693314, 321.62485053975985, 320.36046807364517, 320.6740953963597], [319.7262036140436, 299.27418256099986, 293.4844071567577, 293.29054275671115, 293.2197729396629, 293.19360132001157, 293.1969839209968, 293.1942115020458, 293.19461601183497, 293.19846039627737, 293.20513583981204, 293.3260119949658, 296.1160233828898, 300.392220054823, 302.34017524789544, 308.24283785031207, 307.7703292691707, 293.2838190950512, 300.89937919228964, 325.5172574684435, 333.32324418800226, 318.1920549764241, 320.31827766821146, 320.5542060511739], [317.01652044852705, 293.68133809225236, 293.15144213139286, 293.3004393034462, 293.2556197119529, 293.2585544854458, 293.25133461791563, 293.24877716206515, 293.24887350797167, 293.2576110291963, 293.2724692129496, 293.2867923182741, 296.49261345684863, 301.5401858180143, 302.7547995532364, 299.32341123021104, 293.9465923697249, 293.15000354015035, 301.87966124905404, 331.78055221875485, 333.5646824672701, 316.65890569973277, 321.7132266921101, 320.6493202048603], [298.9274447238056, 293.151000772254, 293.4006732737312, 293.7133881663827, 293.2448713166602, 293.35271839789993, 293.3151836867267, 293.31715719952143, 293.31658098450595, 293.3311841982952, 293.35498258088415, 293.37816570531663, 295.2634661038765, 300.9786471963826, 301.7704181659283, 297.8114637030777, 293.15000281778606, 293.4671926029885, 312.5416712186861, 335.525112375497, 333.51748471289005, 327.66431193428053, 320.3567481309293, 320.34773980561346], [320.03301977590877, 296.6231116664142, 293.15133056145794, 293.6159816611747, 293.30815559042287, 293.210627591605, 293.22913097515544, 293.2217561260493, 293.2233506401166, 293.2293267973008, 293.23989717363713, 293.2499901349823, 295.72323862756616, 300.15779295264724, 301.9144726728461, 299.3204805381861, 294.41892538786044, 293.1500011592439, 306.30312179447884, 332.32011230247997, 333.72275553917166, 311.2440777946958, 319.5091447316994, 320.438652276125], [317.01360719731696, 293.1508506671383, 293.2993711757204, 294.1393229196586, 293.3294910374956, 293.2394172371068, 293.2537403502063, 293.24658943130106, 293.2484731938668, 293.2564184605125, 293.2699292050176, 293.28292839922733, 294.7336973879894, 299.605292170576, 301.2021153217869, 298.1315979998262, 293.490406137068, 293.21929862576036, 314.7115357107902, 335.40692449320113, 333.6689809500456, 312.4304266456326, 320.05749074057144, 320.15483293566206], [294.0936096554495, 293.1508412521239, 293.4029558425238, 295.77550685565626, 293.1508815779671, 293.37258730898753, 293.3074354124533, 293.31606358365997, 293.31519460049, 293.3294462881397, 293.35095968414214, 293.3720073777948, 293.39348164436484, 298.99890862469334, 300.2043971640547, 296.62359903794544, 293.1500061761361, 293.4619643424089, 330.9383665524408, 335.6325660287329, 333.60973729105774, 310.7582060306353, 319.8548783127924, 319.8533064370199], [321.54902537943923, 317.1965919518978, 310.3868064462106, 306.2800889092819, 303.9566118307034, 304.6546166669721, 303.72795033389644, 301.08436091865923, 300.94599676389134, 302.6517859738621, 305.68840577368223, 310.09597779938235, 315.2002179202296, 324.097160246207, 329.1638936830258, 329.64472468108784, 329.4983379408876, 328.7493287981968, 321.1091721578713, 319.67836991857826, 326.610034213356, 325.96849611979127, 320.0186334480798, 320.3337761437639], [322.1443843537629, 318.5705996198349, 310.0283565558894, 306.8098627665155, 304.6121397891465, 305.50326704813386, 304.23247269262623, 301.22152380974654, 301.5122320310357, 303.5037459860113, 306.83408666319417, 311.3542782346779, 316.48912894369795, 326.0851269145138, 328.9221137020575, 329.07006113581883, 328.81562585058043, 327.9130941985552, 321.4702270513023, 320.8057554373323, 326.8001405633803, 324.3847266605376, 319.74551978537255, 320.29558495469655], [322.5999261919788, 318.119877348841, 309.9196779181529, 307.85119028735096, 305.39829308635154, 306.4880533479761, 304.7611597767427, 301.3620886696576, 302.22888359039837, 304.47233253254103, 308.1073731871366, 312.7486158587835, 317.8839254516791, 326.23941252710966, 328.5245537799081, 328.34474477569216, 327.98749164129157, 326.9154559683145, 322.181868036532, 322.09949607437, 326.76216990252317, 321.6766688287801, 319.749506992523, 320.2482736647677], [322.8403559807256, 316.9925904750515, 310.47559243477, 309.52613757787185, 306.23466810898753, 307.64784921101347, 305.31413547709155, 301.51716228881, 303.1349528514745, 305.5649779067877, 309.52584240139504, 314.2963655598, 319.3958559646793, 326.06634608689103, 327.96109051730684, 327.4290775150684, 326.96952823887636, 325.70666696480794, 323.3314435621, 323.5378369475742, 326.3973269274972, 316.73429320164814, 319.7519625262936, 320.19150119898313], [326.54644002443507, 294.06014843444353, 293.15148786375283, 293.4060562097059, 293.3293027595669, 293.33672987514564, 293.3248620429093, 293.319373285727, 293.3188752072368, 293.3350622787112, 293.3636841585013, 293.3915237014572, 299.5192170536741, 304.7923141849479, 323.4092521858411, 338.1499823485178, 338.14999367604827, 336.40661081980323, 337.81308867149744, 336.9510389980435, 334.1544469583818, 293.6032028691622, 320.8440782690426, 321.0323352707086], [321.3396235999166, 318.4029858420008, 316.00748407912806, 314.9342703548946, 309.5657890612029, 310.1471878811006, 307.0209235481001, 302.48442746787237, 305.2082718339596, 307.80219982398546, 312.2509798762449, 317.32191254365716, 322.34775089986965, 326.68750172114477, 327.7912525759837, 324.87608903875184, 324.0506835251884, 322.60445718934307, 322.41182400152417, 323.6524907596832, 324.43724641224117, 319.8803871651517, 319.6687428752061, 320.0712904601214], [321.92948965447044, 318.10790663034146, 313.90664531390615, 312.76176837654657, 308.1341300087811, 310.1625652273223, 306.79099270768245, 302.2277142387248, 304.13928874747836, 306.636633246868, 311.27930244733625, 314.9619270338225, 319.5056287182998, 323.8975053733256, 325.4025576227844, 323.67330670929135, 324.4065968817853, 324.3054175863193, 323.344210970891, 324.43270779281244, 325.8558410658, 319.0851781604933, 319.728723197628, 320.2610988501334], [316.0507744773724, 311.4300860400439, 305.2832231726518, 305.1837702040578, 311.43737248364795, 308.03047295962557, 304.4118443694588, 303.58893302505805, 301.13839054888024, 304.2001413096656, 308.7332007006198, 311.47488878974474, 316.25821686044395, 320.8512767821006, 322.3027968533673, 327.13567724736066, 327.7971374222263, 325.48550515708996, 326.76573235742194, 327.83858675136514, 329.23801653280526, 321.0080456145816, 319.8704604006561, 320.10957938927237], [308.11692043317703, 294.6633763017453, 294.2068441452283, 294.3762969143307, 306.7138597830091, 304.22048987172036, 300.64200536494894, 303.7479970626547, 294.74075649612024, 300.4300822340288, 304.1721438223737, 304.9530445222785, 310.70321118954973, 315.42477983728355, 320.32623390571484, 331.0542839820543, 331.98323680597514, 329.31151256191373, 331.00320430780437, 331.95375857749235, 331.0768830967802, 324.05950047707194, 319.76053196142334, 319.9332582300336], [294.1093273549581, 293.8131467752904, 294.0783375753222, 294.24000573424695, 293.15060666702135, 293.4220753803256, 293.30923314126744, 294.02151692927106, 293.15046417471547, 293.36838570588606, 293.3348790086649, 293.3707842374214, 293.3852555307806, 296.6276159061164, 309.7522737550799, 330.27368671818425, 332.1268115064921, 327.0014686051868, 331.5137304304984, 332.29776842892284, 331.1962353656085, 293.15000568250673, 320.17980348244004, 320.1299990136422], [297.4726657123419, 293.8731669995509, 294.00211628637754, 294.1361292627908, 293.15057408749624, 298.5533021062219, 293.15053881779914, 304.44940030842275, 293.1504652800963, 293.27799317311434, 293.257981826986, 293.27834780211145, 298.945213285859, 305.7117452942357, 317.65184329689987, 332.80688524565363, 331.9428049927109, 329.44038608697025, 331.06014806716684, 331.99477600156627, 331.07907778242725, 324.1279915422734, 319.63152840830105, 319.7653657302405], [293.2893116559592, 293.43841210082394, 293.382623036096, 293.58259879082044, 293.3240236901891, 293.3737404511669, 293.320961445132, 294.02122613611976, 293.1504681015783, 293.36529583612617, 293.33170564553086, 293.3646405331314, 293.37832950019583, 294.835888904076, 314.86107336714684, 333.60832529907674, 331.6198820300036, 328.4769330919293, 331.02651907765164, 331.9639176799816, 331.01258752170213, 309.3871199976027, 319.4594977124757, 319.4638815955126], [321.6469196934073, 317.4505795414798, 317.7511650884075, 317.2680359238544, 308.9024934370274, 311.03891104528526, 306.16147273168735, 301.445321979355, 307.70807677628585, 310.0660911280037, 314.9688271664591, 321.2937154143123, 326.9446735058766, 331.06467166952586, 330.95717479921825, 325.5561161124968, 323.8183239088689, 320.0800907832809, 321.635426424842, 323.50136641669764, 323.0325594631616, 318.9958446384447, 320.28926288791763, 320.28763720205154], [315.3167360453095, 313.15759881033335, 310.9759671093233, 310.7677369160852, 311.94236867690495, 308.9537080250739, 302.50698451365423, 303.21114696215614, 306.46712877739463, 307.97650897131854, 313.2565146757359, 320.2076419099011, 325.8201290907699, 329.8688231809731, 328.8110016850522, 329.2879639875193, 327.6875666245976, 323.51282016178607, 325.8724616440589, 327.71095281210324, 327.133697473121, 321.54446758844335, 319.87364347594746, 320.09054272528743], [303.72674158997796, 294.779757203193, 294.15890253211774, 294.3230365833771, 304.2510608699389, 305.17798400338216, 294.9980794868285, 306.14824594382765, 303.0275946160375, 303.98157343865296, 310.26090172351974, 318.45694218670656, 323.8250290829292, 327.7517442820561, 327.30954460645904, 332.9287811889119, 332.06943249700566, 328.35988690913376, 330.9793217325681, 331.8671657500114, 327.10916808726734, 321.2330473589659, 319.6981600420333, 319.8548100869216], [297.2543657306889, 293.7142321178707, 293.84887072101174, 293.943250716271, 293.15057426222745, 293.3098656598227, 293.2438572865642, 304.32654058923407, 293.15046383975795, 293.2777459150852, 303.335859221861, 314.9003299245771, 319.10828062841495, 322.8715890481111, 325.3245080445319, 332.84532555146404, 331.81827875797313, 329.19463297332953, 330.8533808695808, 331.82077989999465, 322.78440352837885, 318.09094445573623, 319.48738846385845, 319.5722171196349], [293.150025780425, 293.48937453226944, 293.36160186092775, 293.41318086363367, 293.3820554433968, 293.356780288171, 293.32417865703206, 293.98764457508304, 293.1579994894417, 293.3629636327685, 293.33267631843256, 293.3669854180681, 293.3826131040674, 295.8622933924309, 315.13848251540594, 333.6577476655521, 331.49387746002435, 328.13701076742245, 330.82835481176136, 331.7897454701914, 293.1500079807088, 316.9026021206545, 319.2704803001327, 319.2707546165932]]
tau_R_mix = [[319.3910494701084, 311.60618481981504, 303.78618922887244, 300.25392434503135, 297.4987233525453, 298.24420358490994, 298.07638977412915, 297.0201916513976, 296.69645213839203, 297.38146088380796, 298.8788970106694, 301.61555415624076, 305.535918706844, 311.93024593675216, 317.54789632936166, 321.03124902603054, 322.42047058562184, 320.2447036194368, 314.1168407544228, 312.3489230460876, 325.4460093235877, 323.10371117495185, 321.3893570106768, 320.69242843194803], [315.7621211836399, 309.212394208124, 298.13315217378806, 315.0720708825557, 293.1503739825591, 293.3923990877913, 293.3231577237535, 293.3227277931714, 293.3175160884737, 293.3425411416092, 293.3804759017285, 297.9092042197866, 304.35098785047205, 307.53027650652916, 305.96202908805316, 300.96203510603993, 294.2953704575607, 293.15000797113424, 294.043116666071, 293.1500045838775, 331.88499863620507, 311.9730804255763, 321.97355241271714, 321.97734582997657], [317.387479950191, 301.3233942078319, 294.4278509088624, 293.3878791085836, 293.15074185064543, 293.19346992324677, 293.1810137791215, 293.18211573043726, 293.18124143559555, 293.1847161725474, 293.190270925355, 294.4865261780995, 297.8828581630202, 301.9872017696465, 303.81505333753046, 309.94953072329565, 310.88900645516355, 302.5812041641845, 302.1683077317061, 302.3316202867956, 327.34187009432117, 319.8336319277503, 321.1037675967654, 320.9971847255258], [315.97594742514957, 297.0440185574289, 293.3001959738744, 293.47657718683985, 293.1506441881895, 293.23242038385496, 293.2087994620046, 293.2109771954201, 293.209232901936, 293.2158498767949, 293.22653688320554, 294.4247400885826, 298.6692241020538, 303.28915033871266, 304.3832035318256, 301.25464132184794, 300.1289587567167, 293.53064699741634, 293.2904845890644, 302.82142543140526, 329.42665277020086, 318.3745349833464, 320.92397662201023, 321.0878447055399], [313.3686267412869, 294.0833475052371, 293.1514828370312, 293.5495690977268, 293.15071401089267, 293.24940542475235, 293.22065444472315, 293.2241911454887, 293.2226770582673, 293.22968937874714, 293.2410761391059, 293.25197017015506, 296.7458372484194, 301.65938731944385, 302.84512660625904, 299.38770922768333, 294.08841758798076, 293.150007201854, 293.28946771967935, 321.3013571323765, 332.8706811342284, 317.9249565061436, 320.41284262000823, 320.5288259330856], [300.6055980390129, 293.15118275625673, 293.39715501268046, 294.0674554377248, 293.15068478478383, 293.37661991835245, 293.3110544633368, 293.3192890452794, 293.31629381994185, 293.3319875304526, 293.3573749741213, 293.3818781550818, 296.39647442008993, 301.94909026784467, 302.38925154892706, 298.1135981682125, 293.1500169216177, 293.46760622008986, 293.6414894765957, 333.2124673684099, 333.0976961920855, 316.08125179739744, 320.5109432558556, 320.5103052602938], [320.4625791285829, 313.4828819507933, 306.2435789935793, 301.49831530657514, 299.2493432449647, 300.6147370199941, 300.0992981849636, 298.4773512346285, 298.2005877013531, 299.30061592989796, 301.44163802957064, 304.93503957011717, 309.33030365955483, 316.79306025866254, 322.9630333695836, 325.55909980524297, 326.8282757908425, 325.2389421787934, 317.2933598099788, 316.2937092799812, 327.3272324952633, 323.75758606882795, 321.43987432217693, 320.45085135327014], [319.9596231346006, 305.93895254466815, 299.1895580585182, 293.4479815336784, 293.1508825291788, 293.2003693708424, 293.1856234305412, 293.18722434944203, 293.18645701299465, 293.1901158116028, 293.19596291251116, 294.05016688105854, 296.72286981875294, 300.34202129351746, 302.4524600483812, 316.32880570198796, 319.08132710005043, 309.90001129130815, 297.5708681312545, 314.9377997577119, 331.13534790991474, 320.95919903498583, 319.9688985239653, 320.7771326000216], [320.01917128441784, 302.18341439657985, 294.4736175182676, 293.2636586583496, 293.17890676780274, 293.197848444347, 293.1904719194302, 293.19030980216354, 293.1900251372419, 293.1937460969437, 293.1999332767545, 293.64721457917847, 296.37803180636604, 300.3249971099164, 302.42160653329154, 314.00294460945275, 314.9502365041844, 296.4422640547629, 298.5022326091304, 319.8469254285153, 332.44725564090504, 321.62485050317736, 320.36046797118956, 320.67409534444676], [321.54902534352647, 317.1965919158932, 310.3868063382508, 306.2800888013119, 303.95661179437366, 304.6546165587784, 303.7279502973275, 301.0843608819327, 300.9459967272225, 302.65178586417636, 305.68840566422625, 310.0959776941809, 315.20021781215496, 324.0971602102147, 329.1638936470905, 329.6447246444911, 329.4983378902461, 328.74932875555226, 321.10917204260613, 319.67836977715274, 326.6100341601764, 325.96849608380467, 320.018633342986, 320.33377585877196], [322.1443843177399, 318.5705995838663, 310.02835644792185, 306.8098626586346, 304.6121396814355, 305.50326701323786, 304.2324726580376, 301.2215237744039, 301.5122319952144, 303.50374594746876, 306.83408655572214, 311.3542781390046, 316.48912883555494, 326.08512687851703, 328.9221136661024, 329.07006110135865, 328.81562581100417, 327.9130941499677, 321.4702270416888, 320.80575544161735, 326.80014052809435, 324.38472662383776, 319.7455196578258, 320.2955849499992], [322.5999261559662, 318.119877312854, 309.91967781021617, 307.8511901788945, 305.3982929782389, 306.48805331135907, 304.7611597406028, 301.36208863307485, 302.2288835588271, 304.47233249384976, 308.10737314662936, 312.74861582930606, 317.88392534400015, 326.23941249115546, 328.52455374386483, 328.34474474185254, 327.98749160197, 326.9154559382752, 322.18186800291164, 322.09949602621776, 326.76216986665963, 321.67666879150687, 319.7495068107541, 320.248274930297], [322.8403559447073, 316.99259043903754, 310.4755923268571, 309.52613746986674, 306.2346680008355, 307.6478491747956, 305.314135440804, 301.51716225285287, 303.1349528194122, 305.56497787064757, 309.52584238521536, 314.296365526607, 319.39585592834396, 326.06634605094536, 327.96109048078483, 327.4290774796588, 326.9695282085858, 325.7066669235646, 323.3314435146524, 323.53783690889315, 326.3973268926751, 316.73429316070934, 319.75196224363265, 320.1915017795967], [326.5464400964082, 294.0601485064167, 293.15148793572604, 293.4060562816791, 293.32930283154, 293.33672994711884, 293.3248621148825, 293.3193733577002, 293.31887527921, 293.3350623506844, 293.3636842304745, 293.3915237014571, 299.5192170536742, 304.79231418495215, 323.4092522578283, 338.14998242049097, 338.1499937480215, 336.40661089176405, 337.8130887434727, 336.95103907001453, 334.1544470303838, 293.6032028691631, 320.8440782792906, 321.0323352584249], [321.3396234919771, 318.4029857340203, 316.00748397118815, 314.934270247469, 309.5657889514607, 310.1471878499744, 307.0209235115568, 302.48442743307686, 305.2082717942436, 307.8021997874972, 312.25097983792483, 317.32191250819693, 322.34775086399344, 326.68750168510667, 327.7912525401767, 324.87608900102003, 324.05068349287654, 322.6044571398191, 322.4118239720016, 323.6524907218574, 324.4372463789084, 319.88038713652526, 319.66874265667445, 320.07128756146034], [321.6469196574213, 317.450579505508, 317.75116505216414, 317.26803588787106, 308.902493400096, 311.03891093771495, 306.161472623727, 301.4453218709079, 307.70807674189774, 310.06609109751633, 314.96882712988867, 321.2937153808625, 326.9446734698842, 331.0646716334714, 330.9571747631941, 325.55611600304, 323.81832379748175, 320.080090666748, 321.63542631943386, 323.50136630050145, 323.0325593545915, 318.99584460841663, 320.28926270133604, 320.28763617706124], [321.9294896184825, 318.1079065944269, 313.9066452780515, 312.7617683407808, 308.1341299726872, 310.16256511984705, 306.7909925998013, 302.22771413188644, 304.1392886391015, 306.6366331401975, 311.2793023480685, 314.96192692447266, 319.5056286103544, 323.89750526535494, 325.40255751463934, 323.67330659934066, 324.40659677534035, 324.3054175552737, 323.34421085165695, 324.4327076859339, 325.8558410301107, 319.08517812828336, 319.72872325066896, 320.2610978234526], [316.050774477363, 311.43008604005433, 305.2832231726872, 305.1837702040169, 311.43737244679085, 308.03047285172096, 304.4118442619707, 303.58893298930434, 301.13839044109835, 304.2001412031339, 308.73320059501015, 311.4748887537851, 316.25821682452494, 320.85127674608617, 322.3027967452304, 327.13567721033024, 327.79713739035697, 325.48550511793184, 326.7657323179664, 327.8385867181917, 329.238016497542, 321.0080455693431, 319.8704600903415, 320.1095788561266], [308.11692043318186, 294.66337622977215, 294.206844073256, 294.376296842358, 306.7138597833972, 304.220489871551, 300.6420052929966, 303.74799702562166, 294.7407564960782, 300.43008223280935, 304.17214382273954, 304.9530445220036, 310.703211189491, 315.42477983703947, 320.3262339047719, 331.0542839464395, 331.9832367694816, 329.31151252392976, 331.00320427597165, 331.95375854209766, 331.07688306106786, 324.0595003563639, 319.7605320162732, 319.933258739659], [294.1093273549581, 293.8131467752904, 294.0783375753224, 294.24000573424706, 293.15060666702135, 293.4220754522988, 293.30923321324065, 294.0215170012443, 293.15046424668867, 293.36838577785915, 293.3348790806381, 293.3707843093946, 293.3852555307807, 296.6276159061167, 309.75227382684733, 330.2736867901651, 332.1268115783587, 327.0014686761192, 331.51373050239505, 332.2977685008447, 331.1962354374246, 293.15000568250673, 320.1798034973489, 320.12999900888], [297.4726656403696, 293.87316692757764, 294.0021162144043, 294.13612919081856, 293.15057401552303, 298.5533021062533, 293.15053881779914, 304.4494003080745, 293.1504652800963, 293.27799317311434, 293.257981826986, 293.27834780211145, 298.94521328585796, 305.71174529425485, 317.65184329743124, 332.8068852453223, 331.9428049927575, 329.4403860870392, 331.0601480664206, 331.99477600148407, 331.0790777823179, 324.1279914587376, 319.63152837588274, 319.76536548979163], [293.2893116559592, 293.43841210082405, 293.382623036096, 293.58259879082044, 293.3240236901891, 293.37374052314004, 293.32096151710516, 294.0212262080933, 293.15046817355153, 293.3652959080993, 293.33170571750406, 293.36464060510457, 293.3783295001959, 294.8358889040758, 314.86107343961, 333.6083253711833, 331.6198821020506, 328.4769331644294, 331.02651914982243, 331.9639177520318, 331.01258759298827, 309.3871200696729, 319.45949769857117, 319.4638812739118], [300.60559791409946, 293.1511827622475, 293.39715501304994, 294.06745543758103, 293.15068478481834, 293.37661991839656, 293.31105446320464, 293.31928904626335, 293.31629381992656, 293.3319875321, 293.35737497460167, 293.3818781550431, 296.39647442008504, 301.94909026765646, 302.38925155155033, 298.11359816344884, 293.15001139160313, 293.46760730504553, 293.6414884042123, 333.21246736848553, 333.0976961921445, 316.0812517973762, 320.5109432547613, 320.5103052655535], [316.65818498243493, 296.8917664049458, 293.2394293657987, 293.4745543669481, 293.1507321683732, 293.2313494050446, 293.20783227773165, 293.2105446953074, 293.2091419591164, 293.2150999576297, 293.22477128576185, 293.64687754334363, 297.23131758807835, 301.7813786733723, 303.2697660052108, 300.4577397949771, 295.24956605768966, 293.4570049716722, 293.15000377518527, 313.22509595410963, 331.77054694648837, 320.06886692006356, 320.54756719843124, 320.7452754215199], [317.7084599930605, 299.4502202233015, 293.8037421412317, 293.4272189898935, 293.15074264520763, 293.2199505374543, 293.19975804890504, 293.20183736189387, 293.2005238026649, 293.20589119295664, 293.2145404540003, 294.22191562575256, 297.72312736040107, 301.9390491068237, 303.55995673142263, 306.0896013865389, 309.32180844175105, 293.69981462811296, 293.28382581508026, 307.48770698219437, 330.1223286978072, 321.2250300692761, 320.6428624895633, 320.93065161753947], [313.30227432311125, 294.44582180561235, 293.1515377730826, 293.551828465682, 293.15061965998666, 293.25062184987524, 293.2217830138616, 293.22480667898384, 293.2228032977467, 293.2305209128767, 293.243103568311, 293.7252982840686, 298.3108082442464, 303.2544466294676, 303.940719893776, 300.1501189665764, 294.4300023630239, 293.52843101210055, 293.1500042221708, 308.2812195676156, 331.2142111365792, 321.91230852841926, 320.7502325989356, 320.8707842829715], [303.29200366962635, 293.151406864386, 293.3957154598218, 294.07227469328683, 293.15058760026585, 293.3793015352598, 293.31353363284677, 293.3208151913871, 293.316631476491, 293.333763268076, 293.3618022878802, 293.38828503651894, 298.31024145935123, 303.5462595485602, 303.44876003700244, 298.8453728231542, 293.1500050447508, 293.4709655467074, 293.3544100098132, 318.02236560234945, 332.624088604915, 314.4488903573265, 320.852127312722, 320.8539177505401], [303.2920037478708, 293.15140685866027, 293.39571545972456, 294.07227469340955, 293.15058759996293, 293.379301535182, 293.3135336327287, 293.32081519143424, 293.3166314764724, 293.3337632684203, 293.36180228798906, 293.38828503543436, 298.31024145938574, 303.5462595485064, 303.44876003736425, 298.84537283493347, 293.1500062744773, 293.4709723881759, 293.35440938148605, 318.0223656074785, 332.6240886049305, 314.4488903568028, 320.85212733155123, 320.85391773746414], [319.7262035061046, 299.27418252501417, 293.4844071207711, 293.29054272072455, 293.21977290367636, 293.19360128402496, 293.1969838850102, 293.1942114660592, 293.19461597584836, 293.19846036029077, 293.20513583981204, 293.3260119229925, 296.1160233109165, 300.39221998285404, 302.34017517584203, 308.2428378492617, 307.77032923052826, 293.28381902307717, 300.89937915598796, 325.51725743311533, 333.3232441519364, 318.19205493827405, 320.3182775545968, 320.55420592802386], [317.01652037653963, 293.68133809225236, 293.15144213139286, 293.3004393034462, 293.2556197119529, 293.25855448544587, 293.25133461791563, 293.24877716206515, 293.24887350797167, 293.2576110291963, 293.2724692129496, 293.2867922463009, 296.49261338487526, 301.54018574604555, 302.75479948126184, 299.32341115816416, 293.9465922977504, 293.15000346817715, 301.8796612488235, 331.78055221798485, 333.5646824672309, 316.65890569966973, 321.71322661900285, 320.6493201014674], [298.9274447957788, 293.15100084422716, 293.4006733457043, 293.71338823835583, 293.2448713886333, 293.35271846987314, 293.31518375869985, 293.31715727149464, 293.3165810564791, 293.3311842702684, 293.35498265285736, 293.37816570531663, 295.2634661038766, 300.978647196373, 301.77041816594317, 297.81146370315184, 293.15000281778606, 293.46719260307344, 312.5416712903809, 335.52511244741413, 333.51748478487843, 327.6643120064653, 320.3567482016774, 320.3477397917825], [320.0330197039342, 296.62311166641445, 293.15133056145794, 293.6159816611746, 293.30815559042287, 293.210627591605, 293.22913097515544, 293.2217561260493, 293.2233506401166, 293.2293267973008, 293.2398971736371, 293.2499900630091, 295.72323855559335, 300.15779288067245, 301.91447260078155, 299.32048046609657, 294.41892531588286, 293.1500010872707, 306.30312179344975, 332.3201123033852, 333.72275550320273, 311.24407779415753, 319.50914465902156, 320.4386522106327], [317.01360712535313, 293.1508506671383, 293.2993711757204, 294.13932291965875, 293.3294910374956, 293.2394172371068, 293.2537403502063, 293.24658943130106, 293.24847319386674, 293.2564184605125, 293.2699292050176, 293.2829283272541, 294.733697316016, 299.605292098612, 301.202115249818, 298.131597927866, 293.4904060643242, 293.2192985538667, 314.7115357127325, 335.4069244930443, 333.6689809501083, 312.43042664550825, 320.0574906693838, 320.1548328534181], [294.0936096554495, 293.15084132409703, 293.402955914497, 295.7755069276282, 293.15088164994023, 293.3725873809607, 293.3074354844265, 293.3160636556332, 293.3151946724632, 293.32944636011285, 293.35095975611534, 293.3720073777948, 293.3934816443648, 298.99890862469624, 300.2043971640411, 296.6235990600567, 293.1500061761361, 293.46196434352504, 330.9383666252684, 335.6325661006871, 333.60973736304254, 310.75820610248513, 319.85487838244376, 319.8533064439798], [315.3167360452981, 313.1575988102776, 310.97596710934016, 310.76773691605916, 311.9423686766796, 308.9537079170097, 302.5069844418753, 303.2111469262472, 306.4671286682676, 307.97650886433536, 313.2565145627261, 320.207641874319, 325.820129054763, 329.8688231449852, 328.81100157754935, 329.2879639511712, 327.68756658639364, 323.51282013041583, 325.87246161366795, 327.71095277482993, 327.1336973655008, 321.54446750090494, 319.87364340570844, 320.0905427433641], [303.7267415180031, 294.77975713121947, 294.158902460145, 294.3230365114064, 304.25106087002825, 305.17798400319083, 294.99807948683963, 306.14824594354616, 303.0275945441753, 303.9815733662474, 310.260901654447, 318.45694211395517, 323.82502901092715, 327.7517442100335, 327.30954453405104, 332.9287811532125, 332.06943246118533, 328.3598869073727, 330.97932169649926, 331.8671657143207, 327.1091680152214, 321.2330472928421, 319.69815999915375, 319.85481017115774], [297.25436565871576, 293.7142320458975, 293.8488706490384, 293.9432506442984, 293.15057419025425, 293.3098656598227, 293.2438572865642, 304.3265405888065, 293.15046383975795, 293.2777459150851, 303.33585922170096, 314.9003298519749, 319.1082805564547, 322.87158897600966, 325.32450797267126, 332.8453255511429, 331.8182787580971, 329.19463297077283, 330.85338087047325, 331.8207799002601, 322.78440345547926, 318.09094439973705, 319.4873883077387, 319.572217564682], [293.150025780425, 293.48937453226915, 293.36160186092775, 293.41318086363367, 293.3820554433967, 293.35678036014417, 293.3241787290052, 293.98764464705675, 293.1579995614149, 293.36296370474173, 293.3326763904057, 293.3669854900412, 293.3826131040674, 295.86229339243056, 315.13848258711107, 333.6577477374776, 331.49387753196964, 328.1370108389694, 330.82835488368625, 331.7897455421992, 293.1500079807088, 316.9026021940115, 319.2704802981436, 319.270754778765]]
tau_R_out = [[316.0922984952607, 309.826551382973, 300.16419948040726, 312.2674496159216, 297.4949605477248, 293.1505147079268, 293.15057150443585, 293.1505620157558, 293.1505266626512, 293.1504906730003, 293.1504161949197, 296.32978220397575, 302.08969319823586, 306.0759080924678, 305.8324858455934, 301.88413371554503, 295.83124958379653, 293.20862594161144, 293.5485555352767, 293.1500028559985, 326.50956681049223, 315.559224821918, 319.7079990563264, 321.40840975489306], [317.8179650922653, 304.693121531319, 295.90299531097287, 293.5871109124475, 293.1648822242132, 293.1506106804657, 293.1505545102231, 293.15055177034867, 293.1505401808596, 293.15051577851455, 293.1504721898015, 294.0854297045886, 296.87751056867245, 300.7669740440224, 303.2160446898655, 308.34525309126775, 310.57677235217244, 304.49722866845985, 302.1932798130146, 302.2275067256542, 324.2547650167486, 321.16891501645597, 320.7862231611405, 320.9127982253346], [316.5737969520569, 300.96855835533603, 294.0480367388361, 293.36477787853863, 293.15073281423497, 293.1505487170945, 293.15054000617715, 293.1505532534772, 293.1505390494294, 293.1505102742406, 293.15046166349816, 294.0067493074248, 297.36711323749586, 301.8429407415937, 303.89849030468145, 301.95977118214006, 300.27746448242, 295.15475183208395, 293.2712743971073, 300.57323189233557, 326.030550514704, 320.2669612669844, 320.2963825901469, 320.86429758427863], [314.33790817119126, 298.3556502995919, 293.347809912212, 293.37365264874785, 293.1507129066073, 293.1505267785499, 293.15053375374833, 293.15055275765684, 293.15053767012745, 293.15050753978426, 293.1504586202962, 293.48936939459776, 296.8903976730403, 301.68169263489, 303.5306603969168, 301.01076588629786, 295.870411726604, 293.65286542541327, 293.1500018452061, 304.93589772543106, 328.19943062441524, 323.26095675043416, 320.6990716582301, 320.6110622110283], [306.42581533099997, 295.09423871144884, 293.1515120692622, 293.7147924598733, 293.15067519534847, 293.1505079962693, 293.1505315444589, 293.15055239403614, 293.1505349350983, 293.150503178299, 293.1504527805139, 293.1503641987386, 296.6119460118953, 301.63132084031486, 302.98170707822885, 299.7114387849754, 294.4345230667567, 293.15000185202155, 293.1500021107725, 312.8691395913401, 330.2482326591634, 317.4400512641012, 319.2110238105563, 320.3012470283683], [306.42581539256776, 295.0942387234185, 293.15151206797884, 293.71479245994567, 293.150675195139, 293.15050799614875, 293.1505315443505, 293.1505523940524, 293.15053493509214, 293.15050317856145, 293.15045278067697, 293.1503641979943, 296.61194601162646, 301.63132084028774, 302.9817070785613, 299.71143879338473, 294.43452394042816, 293.15000712445084, 293.15000345794675, 312.86913948229505, 330.248232659756, 317.44005126438384, 319.21102378582793, 320.30124703003736], [318.0314521880847, 303.2833457831935, 294.97319006156596, 293.45137911396665, 293.1508216705667, 293.1506040161155, 293.1505505814429, 293.1505503389842, 293.15053946883637, 293.1505147528057, 293.1504711384821, 293.87403214192665, 296.65161014196224, 300.6383047474681, 302.962816122847, 305.2760658290303, 308.4188513568171, 297.68532964385616, 293.32463508792665, 304.68771356431, 327.2474418536912, 322.6885773579674, 320.56576916350446, 320.7164397503643], [317.11589453204425, 301.06317837982385, 293.96034564737914, 293.35082783344524, 293.15081855136197, 293.15058171611275, 293.1505391348354, 293.15054833422255, 293.1505389624948, 293.15051324043196, 293.15046964905224, 293.4497389927436, 296.1241797577742, 300.36743413559725, 302.6860808824957, 301.0825871993169, 296.5658147377521, 293.8323344422624, 293.1500016625754, 309.55289825092245, 329.3509928480022, 322.0218361193667, 320.2668070665192, 320.51840076649063], [314.38360633098296, 298.1600365728669, 293.26783618146254, 293.3737595378519, 293.1508055688423, 293.1505604307859, 293.1505301625623, 293.1505468667566, 293.15053782447967, 293.1505107701231, 293.15046675591867, 293.15039174297607, 295.6433285797258, 300.1118924157859, 302.30947443608284, 300.1649120527861, 295.4101984267983, 293.28752988364903, 293.1500025821998, 316.69943153993165, 331.2391611659201, 320.4653682625492, 319.754292502354, 320.27129319613215], [304.5522241066503, 294.5511117071145, 293.15142685269734, 293.71482125833353, 293.1507719642896, 293.15053828594637, 293.150524955881, 293.15054618552506, 293.1505355160691, 293.1505067804876, 293.1504612656083, 293.1503836008362, 295.26507810955746, 299.9871740773997, 301.8022366230119, 298.90863011650634, 294.2287729838149, 293.1500007900704, 293.3569602324346, 327.43390484028157, 332.5710121094599, 318.7289364195242, 319.20801504612433, 319.9626713058478], [304.55222420284144, 294.5511117291673, 293.1514268511541, 293.71482125836394, 293.1507719642924, 293.1505382859049, 293.1505249559778, 293.1505461847589, 293.1505355158987, 293.15050677921215, 293.15046126486413, 293.1503836007402, 295.26507810957094, 299.98717407754464, 301.8022366212938, 298.90863011876814, 294.22877691097284, 293.1500013798091, 293.3569607202067, 327.4339049700509, 332.5710121098282, 318.7289364202166, 319.20801503671805, 319.9626713157341], [320.4013783632094, 314.86558163978856, 307.86471437289134, 302.6105151922219, 299.7324640883204, 300.3558040711491, 300.15512039099906, 298.7069237268425, 298.2212100187932, 299.0877910154613, 301.019302396724, 304.2358683093664, 308.4442795483654, 315.4239452049058, 321.8797267437721, 325.1120285463864, 326.5885169064762, 325.4100982971637, 318.56692906068577, 316.39523490991445, 325.95617158880265, 324.4067877834403, 321.74716883065184, 320.55513226371943], [319.9644317790519, 308.82223772521115, 300.5044994176866, 294.70325561994645, 293.172036493364, 293.15071115200266, 293.15059519298217, 293.15055930392833, 293.1505429306339, 293.1505216899261, 293.15048436315914, 293.76852059639225, 295.9140480599951, 299.25119715110475, 301.7673442045344, 313.3492598211846, 318.42552624011284, 311.8731995219297, 300.3723058525164, 312.07981375273954, 329.085415695981, 322.8674336448225, 320.0043359199404, 320.52387163563367], [319.99208092749575, 306.0506355033409, 296.10235026130556, 293.4882437287242, 293.1509447818523, 293.15068758922524, 293.150577904426, 293.15055403122915, 293.15054199184505, 293.1505205292664, 293.15048294960525, 293.47230789236266, 295.5488172905835, 299.1353837085884, 301.7308220543818, 311.3038564057619, 314.61544756619645, 301.19130132773864, 297.9561475057332, 316.5308397350225, 330.81317992150383, 323.5674014624323, 320.42706354690716, 320.49307683600466], [319.7121338618809, 303.7434440903759, 294.6882948552398, 293.28151911096813, 293.1835695131614, 293.150662033623, 293.15056264618784, 293.1505501304007, 293.1505410079181, 293.15051876568856, 293.1504802905872, 293.2340736568155, 295.2642909586271, 299.1006228453829, 301.6785143114754, 306.64406565930454, 307.74192805545863, 296.9729037537145, 299.1219678051084, 321.9447108505652, 332.2461302415147, 321.0651106087535, 319.8186546995533, 320.3717530042218], [317.2954271725826, 298.70898748879046, 293.1513331187114, 293.1512689205043, 293.1508737789293, 293.1506006334186, 293.1505406999967, 293.1505481920153, 293.1505397938803, 293.15051401314156, 293.15047138731364, 293.1503987515442, 295.4271154087363, 299.8937897853673, 302.1403370081417, 300.03029035103464, 295.2489607364522, 293.2152677917264, 299.6497682393229, 327.54276091105436, 333.0302655662325, 319.4832278354547, 320.53521128723503, 320.50188439024345], [303.4376572852666, 294.2127800365718, 293.1513282902838, 293.44420588987714, 293.1508724459487, 293.15059104314423, 293.15053284640373, 293.15054388434766, 293.1505364760984, 293.15051036559237, 293.1504677537967, 293.1503959373254, 294.4672758931338, 298.9962639830954, 301.10315259660047, 298.5280075242862, 294.1469510234028, 293.15000252429513, 308.2249297087042, 332.09328198862016, 333.22551504845416, 327.95771030532796, 321.0651088587368, 319.80248878574673], [319.8707974179921, 301.7506022172921, 293.81586488974506, 293.4261104070648, 293.2884575623512, 293.1506563864391, 293.15055716445175, 293.15054757593225, 293.1505396961762, 293.15051737716016, 293.15047892817813, 293.15041379515475, 294.91381932926714, 298.7580052784393, 301.23182834704943, 299.861113811638, 295.6290676895588, 293.37257584651417, 303.46054633234337, 328.7894132043399, 333.31957854923803, 316.0624772684486, 317.88475983540826, 320.04715306849766], [317.22765919920477, 298.38399694179475, 293.1512168209052, 293.83574104449593, 293.3852643979381, 293.1506478456702, 293.15054764090934, 293.1505430043997, 293.1505374203834, 293.1505151125221, 293.15047667788315, 293.1504123647581, 294.1763980265622, 298.0350461255685, 300.5053381983471, 298.75681526295176, 294.5890729941396, 293.1500009213548, 310.5616333950825, 332.55831826847486, 333.56196334877586, 316.57962626571725, 318.46139264041483, 319.82105865940963], [300.2175279262789, 293.1506890882894, 293.1512084668961, 295.05419347761455, 293.5045422822508, 293.1506399772998, 293.15053970402363, 293.15053822507303, 293.15053396198675, 293.1505115864559, 293.1504728717543, 293.1504103007321, 293.15030175667965, 297.09486472717003, 299.46307499958226, 297.2665309923642, 293.82111875640527, 293.1500120487974, 325.235402357977, 334.4975150922294, 333.3185903600646, 314.9926582635852, 317.76170693617996, 319.31530285591396], [321.2364265703387, 317.9830168392827, 312.0115293219426, 307.2480902122331, 304.4574561595043, 304.4939598602672, 303.81803742925445, 301.4180725956576, 300.9299658047773, 302.3618904966077, 305.17711570651187, 309.3548893608419, 314.33921023582803, 322.78361583520547, 328.4111787682963, 329.49998236465734, 329.43504735103613, 328.7606620457933, 322.1403076400427, 319.8118912107431, 325.70454221955515, 325.99821607725835, 320.90390534312627, 320.19384874600047], [321.6926442486134, 319.18630972442725, 312.10550840183464, 307.5483747583831, 305.0815726873615, 305.31253689266936, 304.3645019915103, 301.59567445585066, 301.43423500732627, 303.17792584085976, 306.2932894525055, 310.6181968473621, 315.6491029741245, 324.72594884293176, 328.46331244970315, 328.9639130135217, 328.7621966122266, 327.9396769010059, 322.2873758856266, 320.8198469588083, 326.0027427981841, 324.7842183502333, 320.3956566885897, 320.1121895446489], [322.01538815142993, 318.97066210440363, 311.92840677326643, 308.28677022871705, 305.9317533262694, 306.2671464230829, 304.9466795114426, 301.7754390748643, 302.0719497195341, 304.1182966556092, 307.54001201132917, 312.01988263459646, 317.0721661316407, 325.0525500416254, 328.1367214619164, 328.27565058270307, 327.9429359791378, 326.95893220816396, 322.72767508351996, 322.0274312294872, 326.1197776483262, 322.70753141493094, 319.9449251424914, 320.06814500008977], [322.1404215119589, 318.2453821417498, 312.06479802011154, 309.65686335013277, 306.9859993304051, 307.3809903666421, 305.5675260505555, 301.9659246507854, 302.88095359026437, 305.19460484853266, 308.9344227827943, 313.57810248206164, 318.62033827586345, 325.1065877552244, 327.62209310220044, 327.3989703397925, 326.9334104251843, 325.76931334364485, 323.5435734495346, 323.4241798222333, 325.96615396930446, 319.0149747994772, 319.1392149294712, 320.0140920559716], [325.35244166623596, 301.1289649363909, 293.1513482098646, 293.15134975819115, 293.1509624388909, 293.1506391393402, 293.1505564242198, 293.15055620796227, 293.1505406693063, 293.15051013853264, 293.15045803933674, 293.15036466037395, 297.46257869278315, 302.8370343386433, 318.9361493878554, 335.4617335247609, 337.54313869481285, 336.0503785265268, 337.0738709685967, 336.48809638104404, 333.94873301617355, 304.4889945979117, 315.6675566897418, 320.4467201773329], [320.81617266187254, 319.0149134851659, 316.4834812147119, 315.0511048402836, 310.89934609460175, 309.9692032350701, 307.334295040231, 302.97627996596725, 304.8312877419146, 307.43435274385325, 311.6520619446966, 316.6368086808979, 321.6558119815204, 326.0665155043869, 327.55189283692624, 325.12108186751385, 324.04950112872217, 322.68051067859415, 322.3394694644374, 323.4069098408323, 324.2439054863464, 320.8382852705291, 319.5533725442064, 319.8811818668487], [321.45189152420403, 318.6832623089972, 314.60485669300215, 312.85193489093615, 308.897842316049, 309.7524838067203, 307.19928617265475, 302.83559006622033, 303.76794088741343, 306.17319906261133, 310.4574590364375, 314.2447722753013, 318.6363803380535, 323.0400423965209, 325.01464520285475, 323.7846035425919, 324.15895223455004, 324.18192672611696, 323.3491516997856, 324.1336534193017, 325.5170382952051, 320.20172003178914, 319.4704728597667, 320.02806008041273], [316.75709563766867, 312.2727302505504, 306.57106419943307, 305.0709933643661, 310.1617526965851, 308.4551668682428, 304.87415942039905, 303.6256204500697, 301.47039802396847, 303.6167700456718, 307.87247716474803, 310.8650188350875, 315.2754863153902, 319.88593514833605, 321.8892768901543, 326.3118423623121, 327.54979779293626, 325.6477184106578, 326.43926294919635, 327.5366099024975, 328.9023352731227, 322.2844335148205, 319.89253385073675, 319.90696327133935], [310.837455222812, 298.26698159883347, 294.23716632767065, 294.23264855732344, 304.0041626701276, 304.52317131531225, 301.13479601803346, 303.21101525486534, 296.3351496797168, 299.33090905574545, 303.36810955366457, 304.66686411748486, 309.40794309116296, 314.31090238998956, 319.2775258039389, 329.5251501427373, 331.6890931439384, 329.46368226940564, 330.622413079575, 331.65987549585464, 331.00299833838164, 324.99489963103844, 320.2705908085762, 319.7162366511133], [300.9827057394568, 293.63419013524066, 293.74078838295463, 293.92658347254496, 293.19237441516776, 293.15058243924125, 293.15053257360125, 293.72395952279385, 293.15046409707134, 293.1504335323053, 293.15039915279175, 293.1503418917818, 293.1502451170151, 295.4257007566863, 306.269238556652, 326.8051057633036, 331.36102434100565, 327.17781978746365, 330.45279398357314, 331.68974208676366, 330.82188405803515, 303.1402105167817, 315.1007810164546, 319.59909925666284], [303.4158012550543, 294.6999862753113, 293.8111535603684, 293.94145557678183, 293.26470001207764, 297.32015496358264, 294.0576142077371, 302.680004151243, 295.1462500464768, 293.1504377862188, 293.1504050054408, 293.15035321346437, 297.3828097374238, 303.85435967483227, 315.11695678484006, 330.6274721280193, 331.743082158655, 329.4523585284995, 330.5697266552183, 331.58192483373097, 330.8908071386679, 324.89693856341336, 320.060534596629, 319.42938188919317], [300.1907080072142, 293.15008907609894, 293.15024109398377, 293.27477626814976, 293.15053094411525, 293.1505709462866, 293.1505361492285, 293.72784010698274, 293.15046233548463, 293.15043451136995, 293.1504017315103, 293.1503504757403, 293.15026365749645, 294.16463714405046, 310.30123779266114, 330.7022534212866, 331.3455622087237, 328.37576180646386, 330.215986981917, 331.34132850485724, 330.6224693989377, 313.3809484205198, 317.2206044916448, 318.9315866633108], [321.2035740090909, 318.07029672549373, 317.5266835534562, 317.19122236282135, 310.3741149543241, 310.60554559138404, 306.80053484580657, 302.06509909348733, 306.748126840428, 309.63080794978265, 314.17098172649685, 320.3207910376409, 326.0360708935845, 330.34228433739946, 330.7981489622258, 326.1903176089313, 323.91711638124303, 320.5116317462361, 321.2452894076976, 323.0630814374611, 322.943545157289, 319.52542239958825, 319.9064589424984, 320.12316327141474], [316.1699407912587, 313.403000422983, 311.2470215322354, 310.63178221302496, 311.5587886985458, 309.2761946475227, 303.4422958315056, 303.0188745932817, 305.89362419549985, 307.6372605260655, 312.35558158000805, 319.10081191766557, 324.8654619313976, 329.1072254670052, 328.76205226441647, 329.0247893103971, 327.7172403809351, 323.9316477593072, 325.3662696495246, 327.27695934886117, 327.0255341325472, 322.2383236240872, 319.96637132775845, 319.86225714384193], [307.7746938995341, 297.1061012951556, 294.2124119712886, 294.15904904047386, 301.92437007222696, 304.8583223580524, 296.75503102139874, 304.5335807736644, 303.4020472699217, 303.6978021509806, 309.1172271395134, 317.0846734658961, 322.81958977439484, 326.926325130963, 327.1236900659743, 332.00656450126945, 331.9472639040604, 328.60953788123896, 330.4443715813851, 331.5388766468892, 327.57689059248406, 321.9141247556313, 319.72663011650326, 319.59412922029423], [303.20195023558887, 294.52491103801265, 293.65898366930134, 293.76243690522125, 293.2146042369526, 293.15057335124146, 293.15053812480625, 302.59090628342017, 295.11888068184913, 293.1504364218229, 301.2835274578532, 312.78437191449876, 318.11883712876175, 321.9082074337911, 324.59733961967504, 331.6033018161356, 331.63860730348716, 329.2230658317377, 330.3593195555583, 331.40512833774847, 323.97148059403986, 318.54407649458403, 318.9487376528271, 319.24348529304626], [300.0281491991837, 293.1500896762112, 293.15024404499087, 293.1504090520146, 293.1505327548631, 293.1505700578883, 293.15053501193404, 293.70201008294083, 293.150460566448, 293.15043286801546, 293.1503991203621, 293.1503421325047, 293.1502476328884, 294.887092694131, 310.6975813988882, 330.7755386942884, 331.24154490099284, 328.06616501565316, 330.00213229714944, 331.16615751839726, 303.1744403675898, 312.25103952181576, 318.34440308051376, 318.7412906959539]]
tau_R_port = [[319.3910494701545, 311.60618481975536, 303.78618922887233, 300.25392434503124, 297.49872335254526, 298.2442035843719, 298.07638977329725, 297.0201916518383, 296.6964521385808, 297.3814608853447, 298.8788970108278, 301.6155541503133, 305.53591870631055, 311.93024593676904, 317.5478963293701, 321.03124902602826, 322.4204705840865, 320.24470365151956, 314.11684080445445, 312.34892292387065, 325.44600932459855, 323.10371117495197, 321.3893570106766, 320.69242843194803], [315.76212111168127, 309.212394136151, 298.13315217378806, 315.0720708105825, 293.1503739825591, 293.3923990877913, 293.3231577237535, 293.3227277931714, 293.3175160884737, 293.3425411416092, 293.3804759017286, 297.9092042198631, 304.35098785047376, 307.5302765065292, 305.96202908805316, 300.9620351060334, 294.295370457558, 293.15000797113424, 294.04311666607055, 293.1500045838775, 331.8849985643382, 311.9730804255763, 321.97355241271714, 321.9773458339023], [317.34326228865785, 293.15234625732995, 293.1512862656092, 293.15066191003, 293.1503805414604, 293.6095836442395, 293.4662997336325, 293.46746563481776, 293.462721338118, 293.51006009048575, 293.57942419620474, 299.56438970622, 306.10207840010486, 309.3087309839862, 307.74249127794656, 338.1499821390184, 338.14999364254595, 331.6418369936853, 338.14999522183155, 293.7217667893233, 333.05928997199567, 295.99879213093203, 326.52673657105504, 322.93245872138436], [319.5625037253051, 293.15197864252883, 293.15150180552644, 293.7959712319087, 293.15043639266014, 293.4908271691403, 293.38996992501256, 293.39426524423874, 293.38836209510475, 293.4199794966122, 293.4688513255471, 297.2799209545825, 304.0057034753062, 308.11152347348093, 306.94083291093, 301.98626705430337, 310.46896778626507, 293.15000528978095, 293.7219866509568, 294.3390059658509, 333.10831924106816, 294.27932943078235, 321.6240444984401, 322.51819409389867], [323.0558279547172, 293.1514178749066, 293.1515978808132, 293.2039018396437, 293.1505962676526, 293.453017616624, 293.36512636514135, 293.374013007429, 293.36922559302934, 293.39228513675505, 293.42943198173987, 293.4645312214328, 299.70735575641936, 305.003814049981, 304.93090676950965, 300.3458675265185, 293.80216583422344, 293.15002004124034, 293.1500051679982, 294.35171136692827, 333.47001929073656, 316.29597129582766, 322.75573615890187, 321.66113535406754], [300.6055980390122, 293.15118275625673, 293.39715501268046, 294.06745543772485, 293.15068478478383, 293.37661991835245, 293.3110544633368, 293.3192890452794, 293.31629381994185, 293.3319875304526, 293.3573749741213, 293.3818781550818, 296.3964744200898, 301.9490902678395, 302.3892515488859, 298.1135981692567, 293.1500169216177, 293.46760622004274, 293.6414894771281, 333.2124672963515, 333.0976961201171, 316.0812517982187, 320.51094325733067, 320.51030527154956], [317.6707333025032, 293.15246477900433, 293.1513119425254, 293.15066887440895, 293.1503865880465, 293.15059551953806, 293.1505966068015, 293.15057940532154, 293.1505366267433, 293.1505008289346, 293.15040103612114, 300.2488139646578, 306.7363574568922, 309.59095853596847, 338.1499459081624, 338.14999373025006, 338.1499948209192, 338.02373718293086, 338.14999472129927, 293.51130512502965, 333.16497257306406, 294.71829079630663, 334.4421546680135, 323.01897057631857], [319.76487805985374, 305.3708275635231, 313.17965787456245, 293.1508076377066, 293.15044401777476, 293.5723119479346, 293.44388946950596, 293.4466504350517, 293.4419516634388, 293.4827704967637, 293.5438402517856, 298.2536845977152, 304.94442316770665, 308.7884841366977, 307.5039238841746, 338.1499919761938, 338.14999538701113, 337.6665839908328, 294.28741747071405, 294.17213179461413, 333.39052384702364, 294.49858213458737, 316.1249030259734, 322.76552286513925], [321.55434303009616, 293.15169671364055, 293.1516107989476, 293.15096132062183, 293.15051867241743, 293.4956222303093, 293.4414065424462, 293.43270264090137, 293.4305875040573, 293.4644225284299, 293.5183608452702, 296.239383556055, 303.06349912688137, 307.67124293938195, 306.88015913270107, 338.1499729936529, 338.1499938553359, 293.1500056415324, 293.8404237586623, 294.5995619999257, 333.6540080303102, 324.2580448294295, 323.60752504770795, 322.4881497698993], [320.5273475600098, 294.099216187935, 293.15156253529534, 293.1508275970589, 293.1504543802371, 293.15056313192997, 293.15059452375425, 293.150580265256, 293.1505413221327, 293.1505049473152, 293.15041485560613, 299.14773422235254, 305.7947389748685, 309.2399867713636, 338.14998371332223, 338.14999397953864, 338.149999227448, 337.8705093155727, 294.5122263804398, 294.23906074270013, 333.45151168749663, 333.60948062398205, 314.79021955126746, 322.83007107475066], [322.9330426005964, 316.31413182459, 293.1516703623844, 293.1510135450612, 293.15054628369165, 293.15054607904915, 293.15058867025385, 293.15058088748964, 293.15054547237605, 293.15050906180846, 293.15042689230677, 298.06558730199106, 304.85580114603243, 338.1499541267995, 338.14998543164705, 338.1499952519235, 338.149996635775, 337.70809759773203, 294.34185613748383, 294.80078792386803, 333.7844465500886, 333.5288299300836, 317.3383985363437, 322.6303847375285], [324.94974650980384, 317.5374987716999, 293.1516769843996, 293.15118009846583, 293.15066314400957, 293.1505443152801, 293.1505815402838, 293.1505806099472, 293.1505490022245, 293.150512986208, 293.1504372986217, 297.01753015106664, 303.92671056531003, 338.14996898955917, 338.14998428369233, 338.149994941164, 338.1499976865558, 337.53510472434493, 294.16593787853293, 295.22655426607554, 334.1377030767404, 333.5265857015029, 325.1935459702879, 322.41811338536047], [326.63119550766527, 319.047285493438, 293.1516102294716, 293.15130560431123, 293.15079445908884, 293.1505579409423, 293.150575327669, 293.1505793928151, 293.15055185738635, 293.1505166219888, 293.15044628819106, 296.015926866315, 303.0161580705286, 338.14998297709855, 338.1499832149237, 338.1499935175765, 338.1499977099271, 337.34971243177114, 311.4909127678717, 295.5401692721033, 334.4917336530204, 294.555107571524, 324.95103761023404, 322.1909310949475], [326.54644002443587, 294.0601485064167, 293.15148793572604, 293.4060562816791, 293.32930283154, 293.33672994711884, 293.3248621148825, 293.31937335770016, 293.3188752792099, 293.3350623506844, 293.3636842304745, 293.3915237014572, 299.51921705367425, 304.7923141849524, 323.4092522577844, 338.1499823485178, 338.14999367604827, 336.4066108197741, 337.8130886714978, 336.95103899804843, 334.15444695840654, 293.60320286916186, 320.8440782744275, 321.03233527014856], [321.3396234919674, 318.40298573402004, 316.00748397113784, 314.9342702466657, 309.56578895267353, 310.1471878837529, 307.0209235477815, 302.48442746842983, 305.2082718322972, 307.80219982308, 312.25097987682784, 317.32191254122256, 322.34775090005877, 326.68750172106843, 327.7912525759237, 324.87608903893494, 324.0506835293753, 322.6044571843728, 322.41182400381393, 323.65249075914346, 324.4372464148733, 319.88038714298193, 319.66874271646435, 320.0712878975599], [334.2380124534657, 328.51085840791353, 332.6294793891306, 332.4407409911116, 293.1506894563176, 316.50727119717925, 314.2260152268258, 293.15049322927536, 313.66850887290593, 317.78272781927564, 323.54557889728966, 328.94720370806675, 334.1113546695231, 337.7759156991752, 338.1499894192422, 296.46785476815774, 293.15002473794846, 293.1502222009841, 293.15002375671725, 293.15000720289373, 293.1500035376221, 297.3704847421504, 321.58707041644715, 321.98915228237445], [336.1642165781519, 334.00090105567, 332.69114767463554, 332.46488381063955, 293.15068099069197, 316.58886962697835, 314.267085877495, 293.15049349331906, 313.69674326147305, 317.77671118599915, 323.4893769674091, 328.7927527379314, 333.9693651835133, 337.6871292938605, 338.14999021798, 296.49263920653306, 293.1500247438871, 315.79405830277443, 293.15002401282953, 293.15000688477073, 293.1500034087007, 293.5675951349127, 318.8389695596396, 322.0317699496265], [328.5221048764141, 334.0537926900905, 327.65435409932036, 327.3318276715982, 328.5544287059287, 317.7239507804309, 313.91604329338776, 305.123532260709, 313.53583809594005, 317.2931890608457, 322.5966166510801, 327.65019720428575, 332.83045425360586, 336.793197680293, 332.3150861820167, 309.682249975157, 293.15004746654586, 293.1500418500904, 293.1500995512864, 293.1500132450274, 319.2594313306604, 293.1953519049259, 318.0778573320771, 321.6829488797736], [318.9801283381557, 295.6189632468488, 295.46428093623285, 295.6956928836388, 326.44649855469635, 318.6999986450622, 313.7303472117324, 312.3029931294018, 295.49965531212257, 314.27562833400816, 321.63062382429325, 323.7461913792732, 331.47723835343936, 335.66911438232694, 335.3380334738114, 335.66102223137705, 333.08575861304723, 330.995269549948, 332.4205699013622, 332.9614425526819, 331.70403405391784, 331.9241200325899, 323.6169706230605, 321.27517169047735], [294.1093273549581, 293.8131467752904, 294.0783375753227, 294.24000573424695, 293.15060666702135, 293.4220754522988, 293.30923321324065, 294.02151700124375, 293.15046424668867, 293.36838577785915, 293.3348790806381, 293.37078430939465, 293.3852555307806, 296.6276159061163, 309.7522738268964, 330.2736867183607, 332.1268115066127, 327.00146860461746, 331.5137304303905, 332.29776842872275, 331.19623536547897, 293.15000568250673, 320.17980348690855, 320.1299990348479], [294.74283290075755, 294.6037281052381, 294.85399148993434, 294.9974822613021, 293.15061823102565, 303.05628057394995, 293.1505416700147, 311.74723183046075, 293.1504684225629, 293.4082067181257, 293.36883505153287, 293.41123167007106, 303.9920421811738, 314.23938630315604, 323.91506744179054, 334.9115148452165, 332.54004777893954, 330.4723158304951, 331.9043091448354, 332.6482234907494, 331.5356861590849, 330.5612725512025, 321.9658755598482, 320.599144912538], [293.2893116559592, 293.43841210082394, 293.382623036096, 293.58259879082044, 293.3240236901891, 293.37374052314004, 293.32096151710516, 294.0212262080937, 293.15046817355153, 293.36529590809937, 293.33170571750406, 293.3646406051046, 293.37832950019595, 294.8358889040769, 314.86107343950357, 333.6083252992326, 331.61988203004444, 328.47693309155846, 331.0265190776902, 331.9639176800925, 331.012587522606, 309.3871200687738, 319.45949768845213, 319.4638814257272], [300.60559791409946, 293.1511827622475, 293.39715501305, 294.0674554375809, 293.15068478481834, 293.37661991839656, 293.31105446320464, 293.31928904626335, 293.31629381992656, 293.3319875321, 293.3573749746016, 293.3818781550431, 296.3964744200849, 301.94909026766993, 302.3892515514898, 298.1135981642478, 293.15001139160313, 293.46760730475506, 293.641488404928, 333.21246729632605, 333.09769612017686, 316.08125179749993, 320.5109432558282, 320.5103052633569], [321.4320031646312, 293.151676808883, 293.1515937963554, 293.7875593329642, 293.1505090291483, 293.4840419206917, 293.386387835462, 293.393329369712, 293.387767103595, 293.41588159099865, 293.460242928053, 295.19398206888604, 301.99528470114507, 306.78983752252157, 306.1506407214532, 301.33622275722934, 294.76133199601287, 293.97670055535633, 293.1500075469188, 294.4826992686724, 333.36470433247626, 318.93052993825285, 322.90401070456, 322.16722202854083], [319.54468427181513, 293.15197749042636, 293.15150323404816, 293.7450506022615, 293.1504370697364, 293.51389454920434, 293.40528053231753, 293.409304794138, 293.40385804387023, 293.4378497808566, 293.4897277234709, 297.4002797881452, 304.11891785602813, 308.2255089802908, 307.05546000865496, 320.7798331988791, 334.6035859671676, 293.1500121515748, 293.8329140387198, 294.2817861392214, 333.20767213872745, 318.0591672190542, 322.17924372929366, 322.57965508251823], [321.4821129764052, 293.1516785370823, 293.1515910156931, 293.2108234326506, 293.15050715285895, 293.45767076112804, 293.3685238895561, 293.37550343459714, 293.3696604461119, 293.3952787360266, 293.4362876885404, 294.90532720686605, 301.7085329402874, 306.5006984406122, 305.8587457150893, 301.02747939388945, 294.4208563861197, 294.29771101375025, 293.1500074025824, 294.46423471897475, 333.1461681966475, 328.37443003322716, 323.7013489683701, 322.00985943639887], [303.2920036696268, 293.151406864386, 293.3957154598218, 294.0722746932868, 293.15058760026585, 293.37930153525986, 293.31353363284677, 293.3208151913871, 293.316631476491, 293.333763268076, 293.36180228788015, 293.38828503651894, 298.3102414593515, 303.54625954856397, 303.4487600370007, 298.84537282318104, 293.1500050447508, 293.4709655471293, 293.3544100096778, 318.0223656015488, 332.62408853294795, 314.44889035697014, 320.85212731810645, 320.8539177088576], [303.2920037478691, 293.15140685866027, 293.39571545972456, 294.07227469340944, 293.15058759996293, 293.379301535182, 293.3135336327287, 293.3208151914343, 293.3166314764724, 293.3337632684202, 293.3618022879891, 293.38828503543436, 298.31024145938636, 303.5462595485047, 303.44876003739233, 298.84537283498696, 293.1500062744773, 293.4709723879554, 293.35440938146536, 318.0223656065949, 332.624088532987, 314.44889035773804, 320.8521273095497, 320.85391773399465], [323.07246341109567, 293.1514290306866, 293.15161759619326, 293.151100039528, 293.15060908468496, 293.4168543462219, 293.43838077491733, 293.4167191930483, 293.4184514814035, 293.44621671465154, 293.4934255769965, 294.2522001183725, 301.1037130699299, 306.2917245621079, 306.06489148802456, 331.81640934025916, 336.42604840344654, 293.1500035217331, 293.35463729446764, 294.8287603225885, 333.92019835437486, 320.6605375523921, 326.50598232803947, 322.1800080619744], [324.1305993522471, 293.15120199211316, 293.15155844418075, 293.15120156458784, 293.36223074353074, 293.3696089739785, 293.35513545635524, 293.3488995004652, 293.3488055101667, 293.36743090004313, 293.3990713689292, 293.4293796452059, 298.5179510291775, 304.0841076739048, 304.406446463612, 300.11881487291953, 293.7420051287716, 293.150004587957, 293.1500003550254, 331.41837164431456, 333.90384988687725, 293.86469527350533, 322.34445644618944, 321.49615159526667], [298.92744479577925, 293.15100084422716, 293.4006733457043, 293.71338823835583, 293.2448713886333, 293.35271846987314, 293.31518375869985, 293.31715727149464, 293.3165810564791, 293.3311842702684, 293.35498265285736, 293.37816570531663, 295.2634661038765, 300.97864719637334, 301.77041816601223, 297.81146370307147, 293.15000281778606, 293.4671926018081, 312.5416712922468, 335.5251123753825, 333.5174847129007, 327.6643119343115, 320.35674820328194, 320.3477397960919], [324.1738467641851, 293.15120241065006, 293.1515619631194, 293.15120344067475, 293.15070654294954, 293.3346532877207, 293.3919462792377, 293.3672785472837, 293.37139859144736, 293.3914878267491, 293.4269475060239, 293.4604443178241, 298.82111672093595, 304.40328648712625, 304.7327413550366, 300.4478107545275, 294.07181660385413, 293.1500015019916, 293.150003329097, 331.76993693840006, 334.04433992075815, 297.8479251669352, 321.6384360722008, 321.67383950975875], [325.00923711047045, 293.151012248464, 293.4490569224901, 293.1512663323955, 293.15080178077596, 293.3306525669717, 293.35989941578663, 293.3446452529188, 293.34804171946024, 293.36480881671713, 293.3935261205579, 293.4211231356437, 296.321389239938, 302.11571963977406, 302.94115561739045, 298.9966649879397, 293.15000105348446, 293.29063256711515, 293.15000415374016, 336.3163339020278, 334.01937153986677, 309.78207776228163, 322.2776651645247, 320.99436300427175], [294.09360965544937, 293.15084132409703, 293.402955914497, 295.7755069276275, 293.15088164994023, 293.3725873809607, 293.3074354844265, 293.3160636556332, 293.3151946724632, 293.32944636011285, 293.35095975611534, 293.37200737779483, 293.39348164436484, 298.998908624688, 300.2043971639936, 296.6235990574237, 293.1500061761361, 293.46196434505634, 330.9383665528436, 335.6325660287147, 333.60973729106706, 310.7582061023138, 319.85487838216585, 319.8533064541327], [328.03172325071745, 333.9028204140337, 332.55926617957147, 332.13208884364997, 328.4861549095559, 317.5631710234413, 313.81419159073016, 298.24267460583957, 313.4707646165509, 317.2916797767304, 322.7024950176407, 327.9841968022791, 333.16192782645334, 337.0148899446696, 333.4693048120198, 315.557587115958, 303.1865925279401, 293.1500355088409, 298.0298889131043, 306.5986649892599, 325.8413924368777, 320.34282752671203, 320.32976317349465, 321.57978520953276], [304.6389340519046, 295.2934347794284, 295.1608385172719, 295.44504889634857, 317.99124144339805, 318.43501745321504, 298.3872079773984, 312.13350417960106, 313.1900980630553, 316.73090086224386, 321.7701696131913, 326.9097319342545, 332.08089793541353, 336.09965412250347, 332.21780110253326, 335.5797394390439, 332.93108287998535, 326.45291228770685, 332.21932606069015, 332.79124058955097, 331.6385363326715, 325.993599116974, 321.1966144005517, 321.0774608284982], [294.46393269018125, 294.28719691928495, 294.5504298785683, 294.7372423369788, 293.15061677927724, 293.4693356686468, 293.33817737533826, 311.5778876241339, 293.15046731768683, 293.40773519584735, 310.63244134945523, 325.5603555340682, 330.70701446980644, 334.86494687819595, 334.5338852269129, 334.9151115549427, 332.395012606656, 330.2837197065422, 331.7046294341539, 332.47540227445535, 331.4821503779848, 323.23772402781447, 320.6242355660347, 320.4031446513956], [293.150025780425, 293.48937453226904, 293.36160186092775, 293.41318086363367, 293.3820554433967, 293.35678036014417, 293.3241787290052, 293.9876446470553, 293.1579995614149, 293.3629637047418, 293.3326763904057, 293.3669854900412, 293.3826131040674, 295.8622933924294, 315.13848258735595, 333.6577476655466, 331.4938774598032, 328.1370107666862, 330.82835481176244, 331.78974547016173, 293.1500079807088, 316.90260219190316, 319.27048028994784, 319.2707547433559]]
tau_R_star = [[316.51498491508715, 310.13863576307676, 300.4290187355941, 312.7174908773621, 297.71739408558517, 293.34017760179586, 293.3371022832633, 293.3228068674995, 293.31851639756843, 293.33691117636704, 293.37037919574556, 296.6512240849294, 302.56160346100785, 306.6471407545978, 306.3976532673282, 302.35092213166257, 296.1472214855951, 293.45334343990896, 293.7992920940619, 293.3958752177898, 327.273689734364, 316.02567832153557, 320.31167536967587, 321.97671359985526], [317.9059531537858, 304.75609601867285, 295.948308258821, 293.6254581881671, 293.20096204762996, 293.18471280892436, 293.1834716899652, 293.1819108699523, 293.1814087564483, 293.1839608739235, 293.1888724020255, 294.13242438116134, 296.9394326533352, 300.84710641949994, 303.3073168770949, 308.45286817777026, 310.68119212197377, 304.57786511434927, 302.26860264612276, 302.2977816275367, 324.3644594330405, 321.26522658678834, 320.8954315032327, 321.01494864484033], [316.73914061089533, 301.0695643767045, 294.1218301103416, 293.4363889406992, 293.21960172903175, 293.2157135708944, 293.2134595305234, 293.21057247938217, 293.2095660109171, 293.21441477415846, 293.22385135825834, 294.0962144072581, 297.49020077246115, 302.00583755668987, 304.0792998903614, 302.12368606701, 300.4220132904039, 295.252897900537, 293.35602377753736, 300.7083414354388, 326.25936382974294, 320.4449937950125, 320.5017189500468, 321.0605333953163], [314.53679690626427, 298.46635602225103, 293.4327915212934, 293.46138089945146, 293.2353284782305, 293.23044301692397, 293.22742246525064, 293.2242462967881, 293.22318425985173, 293.2288637108927, 293.23998761796213, 293.5936572320665, 297.03705548647736, 301.88121380702773, 303.7500884443312, 301.2030635213931, 296.00684238679247, 293.7615919378586, 293.2526735694835, 305.13799930995566, 328.4840931210872, 323.48428584206647, 320.940961779939, 320.8506926489856], [306.8071440801002, 295.31506236289425, 293.34316446123535, 293.921655910669, 293.34423484064797, 293.33365746614015, 293.32627070936155, 293.3194721440807, 293.31742278814664, 293.33011963510955, 293.354953111337, 293.3811166667677, 296.9430312815568, 302.0918100759112, 303.4758431610512, 300.12409131427586, 294.714076552852, 293.38840684992743, 293.3857307624628, 313.47182282995243, 330.88578817314277, 317.91371588131557, 319.78606549614483, 320.8536193461957], [306.80714414268823, 295.3150623750852, 293.3431644599274, 293.9216559107427, 293.34423484043447, 293.33365746601737, 293.3262707092513, 293.31947214409723, 293.31742278814045, 293.3301196353766, 293.3549531115034, 293.3811166660062, 296.9430312812803, 302.0918100758851, 303.4758431613083, 300.1240913229716, 294.71407744794874, 293.3884122488138, 293.38573214169804, 313.4718227185922, 330.8857881736338, 317.9137158817441, 319.78606548017217, 320.85361934474605], [318.17639824159846, 303.3800675022435, 295.04168642017834, 293.5126737448214, 293.20936279907613, 293.20591460425516, 293.2037153350768, 293.2014509202848, 293.2007747264716, 293.2047335980985, 293.21239041917505, 293.94843985385603, 296.75056855087956, 300.7679597866116, 303.10970465134903, 305.43452782494626, 308.58316170190983, 297.7802814041046, 293.3970446583326, 304.8198402294444, 327.42773090705333, 322.8473298989013, 320.7391798288602, 320.88268687742624], [317.2862514338374, 301.1669794284752, 294.033833490403, 293.4216029022559, 293.219299991902, 293.21518276733036, 293.21240230706263, 293.21004166706723, 293.20940898502363, 293.2138265509306, 293.2224002152449, 293.53293332615556, 296.2356398040801, 300.5174728710415, 302.8563251099857, 301.2388580085367, 296.6821514456747, 293.92186284656475, 293.2331399394656, 309.73685386143376, 329.5627551917923, 322.20538629334897, 320.46869970807023, 320.71232412842926], [314.5870612007485, 298.2725415295227, 293.35266003556137, 293.4606783239033, 293.23488499352055, 293.22981644503005, 293.22618954269944, 293.22353775464467, 293.2229641464354, 293.22820372028104, 293.23832172506195, 293.2490568074441, 295.7753186224337, 300.2945123590961, 302.515754604894, 300.3481028173989, 295.5413364233306, 293.3920421467055, 293.2520099847595, 316.97414891896074, 331.4933806887955, 320.68444532483466, 320.00193822574937, 320.50949547468906], [304.91879796525336, 294.77253262808915, 293.3444927561934, 293.9199690224521, 293.3430287750586, 293.3322061382218, 293.32355427058815, 293.31777623824496, 293.3168587507493, 293.3286913626008, 293.3513112205262, 293.3754217283937, 295.5590865039923, 300.40669697648303, 302.2669844639776, 299.30127948655485, 294.50211425937636, 293.38652614141097, 293.595285341282, 328.2099089530732, 333.1113593554202, 319.2095484813721, 319.7723769417222, 320.5104116002416], [304.91879806309726, 294.77253265057027, 293.3444927546204, 293.9199690224831, 293.34302877506144, 293.3322061381796, 293.3235542706867, 293.31777623746603, 293.3168587505761, 293.3286913613026, 293.35131121976707, 293.3754217282956, 295.5590865040061, 300.40669697663367, 302.2669844622008, 299.30127948890424, 294.50211828258557, 293.3865267449179, 293.59528584126735, 328.2099090892513, 333.1113593554088, 319.2095484816102, 319.7723769431885, 320.5104116027742], [320.46073664077215, 314.922299645696, 307.91794573988835, 302.6560504012677, 299.7713314181535, 300.3894364751198, 300.1824275879106, 298.731256836638, 298.2446219892901, 299.11360584361705, 301.0503285992259, 304.2744621699114, 308.49158013384306, 315.482161794255, 321.9446712659388, 325.17654429076754, 326.6500369941603, 325.4694680182571, 318.6213416113363, 316.4478011070107, 326.0137178875586, 324.47157093979814, 321.8159953877749, 320.6156886081713], [320.0708497561019, 308.90751194866374, 300.5736058054241, 294.75094323116457, 293.21416585853325, 293.1903697926211, 293.1884932831307, 293.18692649848055, 293.18660393141977, 293.18933002138397, 293.1945242278224, 293.8207539350068, 295.9807040886598, 299.33670152614764, 301.86622721482115, 313.4885069788577, 318.55851145436134, 311.9877244987523, 300.44813648913623, 312.18806664956463, 329.20706839958075, 322.9882121119558, 320.1327803769659, 320.6424270385374], [320.11013376325315, 306.1372525400656, 296.1622527110676, 293.5364685094737, 293.19694463461934, 293.19405209934854, 293.1918985594463, 293.1903399639774, 293.19007955435836, 293.19295224260975, 293.198427060247, 293.52765478683887, 295.61976541812714, 299.2286179446045, 301.83921514773397, 311.45107121862543, 314.755926480251, 301.2796327609136, 298.032228843511, 316.66297564427646, 330.94721636704134, 323.6990984183078, 320.5653737243023, 320.62182422532345], [319.84449080541606, 303.8315499268973, 294.74785912346886, 293.33394675529377, 293.2348037439764, 293.1988098807083, 293.19633400832333, 293.19472552905444, 293.1945389039126, 293.19764506957694, 293.20352654869976, 293.29390312195636, 295.3413704602477, 299.2043876258156, 301.7990765718323, 306.78828379586383, 307.8792171936106, 297.05229831379353, 299.21204041481036, 322.1081209350584, 332.39396005458286, 321.20624203319466, 319.9736442037854, 320.51488464311086], [317.5841085557465, 298.86320864916354, 293.26653011090644, 293.2670322675502, 293.26509232943386, 293.25797265505514, 293.25271820836076, 293.2492504387095, 293.24885518609847, 293.255764031881, 293.26890090619594, 293.2829958685578, 295.60210751752174, 300.13808237513047, 302.41740680466995, 300.2765744715737, 295.4245567470556, 293.35636526156316, 299.8619928938928, 327.96010759479145, 333.3522860089115, 319.7715515612245, 320.87741586367014, 320.8266379378762], [303.79477591282773, 294.43531241744824, 293.3469899049763, 293.64455881950795, 293.34302684721223, 293.33163483270545, 293.32227280164653, 293.31679543105577, 293.31668968757265, 293.3281354856657, 293.34937106122965, 293.3721542703653, 294.73977148049187, 299.3910968985154, 301.5504817290747, 298.9111731242339, 294.4180898477947, 293.38627517807447, 308.7351070632325, 332.78898840267476, 333.7564880062518, 328.47024094080143, 321.5813328998837, 320.3492411950672], [320.0915279251209, 301.88335639611995, 293.90721451073443, 293.5133557677337, 293.37339189730505, 293.2298835667084, 293.2256074129495, 293.2231180489375, 293.2230475140542, 293.2280679981247, 293.23737917233916, 293.2473437510309, 295.0368458820461, 298.9259722878761, 301.42650605469544, 300.04103373468865, 295.76253376397, 293.4780792983088, 303.6417895487612, 329.07795690717313, 333.55577420142566, 316.2808808913592, 318.14617841440867, 320.2837343520093], [317.52030775836715, 298.5385196594785, 293.26721428190643, 293.957166459262, 293.4999412151271, 293.25700710213926, 293.25104437056785, 293.24790063531555, 293.2481170324548, 293.25476050414966, 293.26675785333356, 293.27958100833916, 294.33125190766134, 298.25207138655327, 300.75855329623346, 298.98451933406193, 294.7543197494238, 293.288648820353, 310.87383277429467, 332.94318771991544, 333.875878991145, 316.86666666956745, 318.80638809950426, 320.1386092353346], [300.5355519269306, 293.3637901734909, 293.3486469732051, 295.28003827707107, 293.6976785099522, 293.32987518977825, 293.31952781433495, 293.3144976788028, 293.3153575542807, 293.32650642494247, 293.3459944680927, 293.3666987860137, 293.3875326395687, 297.44184558052774, 299.869539186173, 297.6182650488022, 294.08248598628967, 293.38330943767966, 325.9593284056007, 335.0737327550124, 333.85055023626745, 315.45375416933524, 318.3373007433757, 319.85356845553684], [321.3303254597784, 318.0777739429682, 312.10491720456787, 307.33543043775353, 304.5341124339744, 304.553659359936, 303.86028319611114, 301.4548277576259, 300.96555671713037, 302.40126752877705, 305.2240731850543, 309.4122925438593, 314.4080401246011, 322.866348119808, 328.4979985959668, 329.5845431325891, 329.51604665814295, 328.83849655999654, 322.21338061130274, 319.8877154091866, 325.78483607501335, 326.0942022616179, 321.00085575673967, 320.28125216374235], [321.7958376927966, 319.2923964641189, 312.2052504488884, 307.6429001438946, 305.16607914560535, 305.3781151611844, 304.40918422451966, 301.6340470654324, 301.4721223228994, 303.2202348771572, 306.34379421766323, 310.67957076402257, 315.7222399867887, 324.8142352232064, 328.552962517814, 329.0516921181767, 328.8463014020417, 328.02053848246265, 322.3633639988708, 320.89905695620286, 326.0865232917064, 324.88680248806804, 320.4996589853831, 320.2039075770046], [322.1298542870019, 319.0905769044132, 312.03829538727024, 308.3918009553853, 306.02653276260025, 306.3399662739417, 304.9940812685562, 301.81557359031837, 302.1126108952369, 304.1640310195136, 307.5945689007845, 312.08571515297024, 317.1500215633286, 325.1447401844731, 328.23054250905864, 328.36686784607133, 328.03040936225665, 327.0430792927461, 322.8075258703382, 322.11053076802784, 326.20708968748795, 322.8166025959232, 320.058621872234, 320.1651468621187], [322.2690013942891, 318.38266280861535, 312.1897339163794, 309.7776218555223, 307.0942010977384, 307.4629151878691, 305.61797305739884, 302.0080085681672, 302.92501177157163, 305.2443383693079, 308.99361723229737, 313.6489458832944, 318.70335784584415, 325.20253797532325, 327.7204261356515, 327.4938568358725, 327.02452557010315, 325.8570076404645, 323.6285771238666, 323.51165136746687, 326.05691145353296, 319.12842861495943, 319.26610656136535, 320.1182455333982], [325.88999896821423, 301.40599369465076, 293.35055675437866, 293.34923717985487, 293.34556023541654, 293.3352365885169, 293.32716566558275, 293.32039438823773, 293.3189703305528, 293.33159639217524, 293.3566280868142, 293.3838811694566, 297.8170799540732, 303.32756559607594, 319.700392153956, 336.2307326341694, 338.1499923138954, 336.61415713547984, 337.64565081598795, 337.0536639614641, 334.4873745815281, 304.86743726833646, 316.3136135824162, 321.00095909419025], [320.9873082097164, 319.2187184803018, 316.67290116315894, 315.2323852067947, 311.0570337929702, 310.0779737295591, 307.39309787712415, 303.0244865237011, 304.88400464878305, 307.4933988684379, 311.72136321384835, 316.7182300772652, 321.74943680932853, 326.1708647185157, 327.6598536646284, 325.22313231546565, 324.14894608948936, 322.7766270091137, 322.4347565199171, 323.50479234592973, 324.34382312143094, 320.97679287755955, 319.70284605029474, 320.00419722881844], [321.6118748996561, 318.84230746800506, 314.7494202747566, 312.9913553094976, 309.0156491106618, 309.8584208917127, 307.28245229101975, 302.9032257941808, 303.84123305460565, 306.2562018867055, 310.5558753499321, 314.360808262578, 318.7712207645646, 323.1905574883121, 325.169337068285, 323.92832630173564, 324.29963237072366, 324.3197131627746, 323.4838731441234, 324.27342503177897, 325.6583045379184, 320.34234300363386, 319.62069296719494, 320.1723675097211], [316.92864702598405, 312.4417417566048, 306.7120482813906, 305.2068772100042, 310.3103276126305, 308.5692679267082, 304.9641052552676, 303.70608079503046, 301.5457158840152, 303.70610412378346, 307.98034160254633, 310.9914773889311, 315.4255038262963, 320.05593316924194, 322.0636999855873, 326.4840842926865, 327.7086461897668, 325.80060390670116, 326.5948297936026, 327.69477777802337, 329.0610664441158, 322.4411412553368, 320.0588946536442, 320.06972546217435], [311.01619878582676, 298.39082764002114, 294.3336585600911, 294.32922662934953, 304.16258378468433, 304.6500865419191, 301.229558477481, 303.30715642442345, 296.40254039571994, 299.42254469335097, 303.4825418745116, 304.7965334491007, 309.57136367212, 314.50235926649344, 319.48517077689087, 329.73873951249703, 331.8726471825002, 329.638702731399, 330.80181243120063, 331.8405973529756, 331.1812730368623, 325.1771866634303, 320.4573707457896, 319.9044710674821], [301.33729117037717, 293.8954190852319, 294.00467339274513, 294.1950978409407, 293.4349534077471, 293.36370880491467, 293.3303713545172, 293.8957789957264, 293.31224816526907, 293.3241456330923, 293.3424656447982, 293.3619431393404, 293.3813553262474, 295.72696026835393, 306.790637413928, 327.50775747444663, 331.9062014084336, 327.66531987970137, 330.97655638798193, 332.2044305708625, 331.3273702554843, 303.48930646991994, 315.72473481487185, 320.1382997736787], [303.65167988831234, 294.8678804940078, 293.9662969684308, 294.0989033645023, 293.40777905787536, 297.4902766993189, 294.16765928661357, 302.84872487037205, 295.24909043776285, 293.252171983065, 293.2624842778136, 293.27337905103616, 297.56488647946446, 304.114865003876, 315.4680011094108, 331.0027125773802, 332.04567169144275, 329.74293885650343, 330.86731925694346, 331.88351077046804, 331.1880894765067, 325.1945838783234, 320.366835241211, 319.7430593568611], [300.52862166461375, 293.3974194736709, 293.3981199262867, 293.52704989891123, 293.3907407412718, 293.36298100979803, 293.33082664603114, 293.89875122747884, 293.3107799305541, 293.32224202614475, 293.33915169616614, 293.35675304045105, 293.37474797424755, 294.4310112695689, 310.88053097067444, 331.3765071641144, 331.8566014707772, 328.8629482672353, 330.72299692982403, 331.85232260734927, 331.12584111315823, 313.81789961146524, 317.7853446368213, 319.46315105306417], [321.3855997782389, 318.2482638640358, 317.6967409817524, 317.35554276862086, 310.5095453940671, 310.72891481270784, 306.89354058681783, 302.1400394843284, 306.8380997340801, 309.73007329049835, 314.2873058073517, 320.45524840669685, 326.18825414962356, 330.5109084711458, 330.9722073844041, 326.35533586573564, 324.0789253442057, 320.664029980434, 321.4010513491152, 323.22263682958936, 323.10757269633604, 319.68582694217804, 320.0723294132996, 320.28790631844834], [316.3703114090205, 313.6061039484763, 311.4301162863015, 310.81110641208073, 311.7314057296494, 309.41246486957374, 303.542072901045, 303.11242312957796, 305.9951411633463, 307.75027977306723, 312.49043751035805, 319.25923209374906, 325.04474540035443, 329.3065045534596, 328.96546002569465, 329.2247683356144, 327.9039737795314, 324.1091353752107, 325.55074335916095, 327.4639191344603, 327.21746395157356, 322.42334140680566, 320.15360620543623, 320.05439278162504], [307.9798281921029, 297.252142346968, 294.3311211281168, 294.2774657519973, 302.1039677225987, 305.02051161144874, 296.8475427029677, 304.6637396497766, 303.5153539857329, 303.8250776689496, 309.2781728041844, 317.2814318751695, 323.0414940941497, 327.1742860902208, 327.37551123787307, 332.25982432958193, 332.1717359142425, 328.823994626249, 330.667484249012, 331.7614700326992, 327.8045881432722, 322.1392190261372, 319.95321954594306, 319.82870186363357], [303.4352181564789, 294.68997290858823, 293.8115493650859, 293.9170529779334, 293.3566574300166, 293.2754569000813, 293.2562104141765, 302.7582082879873, 295.2212976413043, 293.25200021336633, 301.46789367732464, 313.05252426139884, 318.4158042192459, 322.2443709108653, 324.9457582487145, 331.949989916318, 331.94054623522493, 329.51251864187043, 330.6559108792391, 331.70561334656276, 324.2748522661318, 318.84602397347714, 319.2553143808146, 319.5580795276193], [300.3624903808966, 293.3965623638314, 293.39694584111373, 293.3988740418281, 293.3900513995751, 293.36223700904736, 293.33024761677365, 293.87191870108785, 293.31035658915016, 293.3219317168093, 293.33941470308304, 293.35865185348706, 293.3784493785177, 295.1734933388878, 311.28663618418335, 331.4530722701436, 331.7514810603954, 328.55108835107694, 330.50795670454585, 331.67529419877286, 303.5211096272347, 312.8239954604168, 318.87590201883694, 319.2707089108448]]
tau_S_in = [[343.20993560164385, 343.9605380246055, 348.5653349587415, 347.61633832634374, 343.15032362326747, 353.9628894824997, 352.2507146577877, 349.0955821342906, 349.84137522720573, 355.24821483028836, 362.43267810228696, 368.14988227628436, 372.78686618206416, 373.14999045026383, 373.1499970701009, 373.1499987736683, 373.1499985779975, 373.1500001532467, 373.15000014444433, 365.8520211785217, 362.9239602957397, 363.2403784151935, 363.1396486650994, 363.15000014405746], [343.209935673617, 343.96053802460517, 348.5653349587953, 347.6163383262992, 343.15032362326747, 353.96288948130336, 352.25071465779234, 349.09558213382815, 349.84137522732806, 355.2482148306296, 362.4326781023641, 368.149882276095, 372.78686618208417, 373.14999045026383, 373.1499970701009, 373.1499987016951, 373.14999850602436, 373.15000008127356, 373.1500000724712, 365.8520210862956, 362.9239602966246, 363.24037841643025, 363.1396486639085, 363.15000012876965], [345.91469122024034, 343.62336859568956, 347.3219730531655, 347.59635020694867, 343.8773441659619, 351.5137254356148, 352.3607555044365, 349.47427122694774, 349.49389463492895, 353.8364823832602, 360.32744606106803, 366.23105859065737, 371.10208063711764, 372.64206039006365, 372.7424772622409, 372.767220790048, 372.8086488608682, 372.81131604743314, 372.7954211998572, 367.05510044759296, 363.05928867794563, 362.97782294210396, 362.92469035810456, 362.9324592268216], [348.13393235720116, 343.7669660790446, 346.08411977259954, 347.08561083688494, 344.2434598905391, 349.52113589290775, 351.7619687056402, 349.61182682300455, 349.1008801133662, 352.45180620248647, 358.1459718324307, 363.94658991699265, 369.0057058159533, 371.44485603844083, 371.9408294085191, 371.98619889841973, 372.047604003526, 372.0835339948736, 372.055319939339, 367.67234057108413, 363.1083179376673, 362.6119429956906, 362.49489092202344, 362.5181942533396], [350.05354148237404, 344.25321575199723, 345.06463737784037, 346.31728636819264, 344.3259278629695, 347.9384481534322, 350.8036203184417, 349.5212310659804, 348.72171100684903, 351.19908299929307, 356.0829455909882, 361.5719965430278, 366.70853577205474, 369.8340320945505, 370.8587442719122, 371.0274654209202, 371.0875162238877, 371.1631214070039, 371.15936725099084, 367.7975691487722, 363.1461668733524, 362.2553863990589, 362.00611344642675, 362.0098597420753], [350.0535414823737, 344.2532157519971, 345.06463737784065, 346.31728636818474, 344.32592786296937, 347.9384481534303, 350.80362031846136, 349.5212310660233, 348.7217110068142, 351.19908299930546, 356.0829455910694, 361.57199654291895, 366.7085357720531, 369.8340320945491, 370.8587442719044, 371.0274654276256, 371.0875162098126, 371.16312140228854, 371.1593672635115, 367.7975691488192, 363.14616687327305, 362.2553864022259, 362.00611346363104, 362.0098599107992], [345.9146912202421, 343.62336859568967, 347.3219730532007, 347.59635020696004, 343.87734416596254, 351.51372543557545, 352.3607555046065, 349.47427122721024, 349.49389463459715, 353.8364823834109, 360.3274459879677, 366.2310585906599, 371.1020806372052, 372.64206038984815, 372.7424772614245, 372.7672207918291, 372.8086487896675, 372.81131604734753, 372.7954211977659, 367.05510044777526, 363.0592886780755, 362.9778229372425, 362.92469035147025, 362.93245932865517], [348.1161128921627, 343.82505942267494, 346.14612303255797, 347.15325005826685, 344.3078741933424, 349.5975012857659, 351.8296438137898, 349.6721928799964, 349.1585687333788, 352.5237849876313, 358.24893581405945, 364.0669487804971, 369.1189202213521, 371.5588415099029, 372.0554551313277, 372.12360655559286, 372.2200047546367, 372.2287154632782, 372.16624727783864, 367.6151203121991, 363.2076708285173, 362.67338035984193, 362.5654147473252, 362.57965523134885], [350.0034316354347, 344.39824343643295, 345.21933620836774, 346.48699662429584, 344.4903360368898, 348.117072263523, 350.97630426738897, 349.6765336067052, 348.8694727732004, 351.3726174293985, 356.3190452216895, 361.8606511401407, 366.9952872795001, 370.12317102975754, 371.1506381885148, 371.3361900488561, 371.42797694738937, 371.4861135238086, 371.44906188093756, 367.81603339368075, 363.3647030037101, 362.39673462358326, 362.15347207065446, 362.1672220621536], [351.62725660413366, 345.1510979114479, 344.5275089296447, 345.6723908189868, 344.3967763972629, 346.89204590138695, 349.9206928247482, 349.4328826699041, 348.5488662280417, 350.3204507213595, 354.49574457502126, 359.6241703959669, 364.7073588580226, 368.33714839774854, 369.9309054591529, 370.34585544531683, 370.4688245910441, 370.56986940776216, 370.5672923495478, 367.68504488309975, 363.4700179537723, 362.11187243653427, 361.6624749301957, 361.6611355287728], [351.62725660413446, 345.1510979114474, 344.52750892964445, 345.6723908189883, 344.39677639726415, 346.8920459013908, 349.92069282476166, 349.43288266989566, 348.54886622807044, 350.32045072141295, 354.49574457499835, 359.6241703960179, 364.70735885803066, 368.33714839774336, 369.9309054590832, 370.34585547238265, 370.4688244675581, 370.56986942465835, 370.5672923396208, 367.6850448831002, 363.4700179537959, 362.11187243590405, 361.6624749305905, 361.6611355148114], [343.209935673617, 343.9605380246058, 348.5653349586527, 347.6163383262586, 343.15032362326747, 353.9628895556436, 352.2507147298144, 349.0955822054135, 349.8413752989882, 355.2482148322471, 362.43267803602595, 368.14988220317605, 372.786866110143, 373.1499903782907, 373.1499970701009, 373.1499987736683, 373.14999850602436, 373.1500001532467, 373.1500000724712, 365.85202117042843, 362.9239602951649, 363.2403784190311, 363.13964867249445, 363.150000113579], [346.24216181426976, 343.6974629642706, 347.3619970782082, 347.6968401119204, 344.04416049405444, 352.0440641081894, 352.4156240867321, 349.48574045904553, 349.61946145797026, 354.21392212582765, 360.98444836163526, 366.9154821872943, 371.7363593908949, 372.9242676734211, 372.99933034807555, 373.0118389350312, 373.02271598660013, 373.02374103842544, 373.0119407787671, 366.84463805775135, 363.16497126505755, 363.0516250488149, 363.01358242002584, 363.0189728612887], [348.33630636421367, 344.03400984252653, 346.35883814663185, 347.35583449379146, 344.5640315588461, 350.1618137572066, 352.08208814574675, 349.7885789043959, 349.35513539206755, 352.9562448628052, 358.9845541549703, 364.9203536609524, 369.944425546, 372.1218146417609, 372.5038888417911, 372.596846004722, 372.6831187306491, 372.666586582237, 372.6207507836442, 367.50546579794656, 363.39052251387204, 362.831916853238, 362.7424828464701, 362.7655226569679], [350.125771264683, 344.7547373475618, 345.5610033032159, 346.83397513995936, 344.8743099364836, 348.7554047724083, 351.42859613242666, 349.9490245354632, 349.1768986486804, 351.8962387078538, 357.16215099322295, 362.90605260995375, 368.06350157814734, 371.0045755288161, 371.88013975394006, 372.11118776840937, 372.2675530919841, 372.2347428089035, 372.1737581410191, 367.93289603142415, 363.654006697304, 362.67983882762576, 362.46270043859147, 362.4881495761633], [351.6438915892006, 345.6840342543842, 345.06543241192446, 346.2225895018251, 344.9748285486025, 347.67236583532883, 350.60624635617415, 349.9283684313339, 349.0342210015116, 350.9997801379315, 355.5088462635996, 360.9188691341197, 366.10371549126756, 369.6250578261884, 371.06487871421126, 371.51184298237104, 371.736964653466, 371.7344754238977, 371.68797043834843, 368.1620940801965, 363.92019704651005, 362.57824087127193, 362.1639231652898, 362.1800080758161], [352.7020277346325, 346.3807503413443, 344.4932250876571, 345.2444059309001, 344.53744548938386, 346.45785998606084, 349.367450803277, 349.39994885469207, 348.5612008252758, 349.8819687322595, 353.59176039862433, 358.48602660947876, 363.5179541606616, 367.4174417363602, 369.4064434415564, 370.11880747107534, 370.4086708719376, 370.5104763294435, 370.5742465479756, 367.8166255630992, 363.90384854687403, 362.1980295338284, 361.51512383386694, 361.49615171681006], [351.64389158918783, 345.68403425438953, 345.0654324119245, 346.2225895018249, 344.9748285486003, 347.6723658353599, 350.60624635613493, 349.9283684313249, 349.0342210016039, 350.9997801377428, 355.5088462640711, 360.91886913420655, 366.103715491657, 369.6250578254756, 371.0648787136108, 371.51184297364847, 371.73696464257335, 371.734475368751, 371.68797045427516, 368.1620940803592, 363.92019704589876, 362.5782408714199, 362.1639231665782, 362.1800082461976], [352.74527494983533, 346.57058550502137, 344.67318992122347, 345.43817837730137, 344.7234335308756, 346.63680770734925, 349.549253090715, 349.57155504465715, 348.72873202250935, 350.0668434380378, 353.8206279173855, 358.7674552001595, 363.8211196036182, 367.73662038788046, 369.7327368037087, 370.44779583822134, 370.7384825975332, 370.8302036929108, 370.9142072357914, 368.0646263549288, 364.0443386334493, 362.3533485211137, 361.6415091085075, 361.6738394671765], [353.5806746952902, 347.31385819829285, 344.37390882216584, 344.57429539195283, 344.18997285340953, 345.5989987336994, 348.34589414488255, 348.9271101290145, 348.2528469461991, 349.1001522328302, 352.1373543033868, 356.5456278102365, 361.3213928143547, 365.44905399524754, 367.94115366700254, 368.996662273102, 369.41317809624894, 369.60801961250286, 369.91105936819963, 367.7449044484, 364.01937018889197, 362.0292674653471, 360.9976964079276, 360.99436306555936], [346.2421618142466, 343.69746296427076, 347.36199715014925, 347.69684018385647, 344.04416049405563, 352.04406417999985, 352.41562408799444, 349.48574045932867, 349.61946145741445, 354.2139221989287, 360.9844484342317, 366.9154821829218, 371.7363593886549, 372.92426760149584, 372.99933027621705, 373.0118389350349, 373.02271598663754, 373.02374103833375, 373.01194085069267, 366.8446380594872, 363.16497126585625, 363.05162504845765, 363.0135824116368, 363.0189727973681], [349.09877568500156, 344.046996345492, 346.23331409386356, 347.37800682990877, 344.7304910798279, 350.6980497818533, 352.22138058699824, 349.7623048390558, 349.4678068474663, 353.39518733294267, 359.78578830074144, 365.81440297864145, 370.7947411160406, 372.57326594154625, 372.8174666315164, 372.84663015054514, 372.864399489563, 372.87051077945813, 372.845545079853, 367.5723947754941, 363.4515103466692, 362.8951940016891, 362.81528561593456, 362.8300728240478], [351.5044705023505, 344.8855612601254, 345.4615135265475, 346.8349964370079, 345.15886977279433, 349.66314242123906, 351.86482449717295, 349.96023174889126, 349.37122057563624, 352.68918552271083, 358.6801380713038, 364.73225615543265, 369.8558033597925, 372.14873046087905, 372.60870199367105, 372.67148625426154, 372.6971405042399, 372.7080984859464, 372.6751861469578, 368.1341220540699, 363.78444521125766, 362.81454330011775, 362.6064066967911, 362.63038696841954], [353.5211742680007, 346.10892718643396, 345.0762479617952, 346.2125305479162, 345.32947531570403, 348.84411993273363, 351.4193970969038, 350.0701309117229, 349.30806486644207, 352.0828700501223, 357.6682929941685, 363.68419907182334, 368.9267127392533, 371.6536111900774, 372.3634643111432, 372.4831834421689, 372.5195349523375, 372.5351054550685, 372.4992677821891, 368.5598883094819, 364.13770176331235, 362.81229914094854, 362.39492399598157, 362.41811378647964], [355.2026232077424, 347.6187137952373, 345.0802795817888, 345.62693175188735, 345.2780503214638, 348.16436769888327, 350.93157785932885, 350.0948251983199, 349.25933981174774, 351.5623960780109, 356.74881040152655, 362.6825958766958, 368.0161603426095, 371.0993559523779, 372.07667362487734, 372.27748249722123, 372.3295981500527, 372.3497130399869, 372.31611107795374, 368.87350276037256, 364.4917323884211, 362.88844272126437, 362.1834648917082, 362.1909315160866], [355.20262327957175, 347.6187138671979, 345.0802796537596, 345.6269318238619, 345.27805039344673, 348.1643676988249, 350.93157785931476, 350.09482519807983, 349.2593398117993, 351.562396078322, 356.7488104001215, 362.68259580502223, 368.0161602699609, 371.0993558792736, 372.07667362579747, 372.277482496681, 372.3295981462535, 372.34971304016847, 372.3161110779713, 368.8735027601404, 364.4917323884305, 362.8884426491764, 362.183464887749, 362.1909314213508], [365.7200185591546, 362.32803599680926, 360.54666111857773, 359.8211404310683, 356.848581877063, 346.7636141705286, 349.1228723904196, 348.78954907332326, 348.1064057799516, 349.6836997622199, 353.64295680790303, 358.42105937694043, 362.8396459865947, 365.57915564836094, 366.58303332126894, 366.8227676966352, 366.8798684891089, 366.8993971009154, 366.8771806699443, 364.394606159489, 361.41323532739335, 362.37916590083745, 362.3459919672964, 362.339333313298], [364.7356558465962, 362.62415722700143, 360.5482904320665, 359.60774067147685, 357.07658071641316, 348.0174409410665, 348.55280052713664, 348.61397051050847, 347.9824576422045, 349.20528242347234, 352.7750905712386, 357.36418042729946, 361.82650724694827, 364.829985563258, 366.1208925103706, 366.49263389139765, 366.5853164741577, 366.61635522763464, 366.6007360100705, 364.48051641053945, 361.5655969007117, 361.9009289726438, 362.0253355880984, 362.0317698324086], [363.7394580713122, 362.6252215237222, 360.56481952920973, 359.35389636498564, 357.1258594594437, 349.15252209250775, 348.20175846686396, 348.3490584551194, 347.8215525094821, 348.72176032759234, 351.88233023923755, 356.2216248617789, 360.68759626218804, 363.9360542964907, 365.53730440467507, 366.11144743196314, 366.27552059614214, 366.3129458647734, 366.3039940270973, 364.4749233994704, 361.6617868772578, 361.52868220326627, 361.64930273975176, 361.6829490186123], [362.72117681326483, 362.2856135496193, 360.4642828543771, 359.0290275433324, 357.0253905610962, 350.12857012201397, 348.0160833185416, 348.01727952224724, 347.58951701862054, 348.1939834373294, 350.9163377163395, 354.9194154663725, 359.3343805108229, 362.8119712181895, 364.7932891412998, 365.6610224426376, 365.94290085869096, 365.99528840485993, 365.9919979639693, 364.39001309981654, 361.70403378302905, 361.20983386292346, 361.2368405202047, 361.275171780081], [362.7211768132469, 362.285613549527, 360.46428285441294, 359.02902754336094, 357.0253905611259, 350.1285701218951, 348.01608331853896, 348.017279522181, 347.58951701861815, 348.19398343728506, 350.91633771625845, 354.91941546642335, 359.3343804388554, 362.81197114628895, 364.79328914128143, 365.6610224434154, 365.94290085795865, 365.9952884047649, 365.9919979650773, 364.3900131000045, 361.7040337644753, 361.20983382468086, 361.2368404154015, 361.27517087778654], [361.40949659535187, 361.2703979197835, 359.85399494407125, 358.330818284262, 356.5105562316037, 350.67488956299877, 347.7619198601363, 347.4615195043532, 347.1205669277196, 347.4177995159034, 349.55953874783967, 353.08245251166363, 357.31027610583425, 361.0116044642879, 363.5480175777155, 364.911514802543, 365.3971899349835, 365.47232326174776, 365.4757369866517, 364.07679387688574, 361.5356850397042, 360.7325209098532, 360.5897930801242, 360.5991448183493], [365.72001855881507, 362.3280359967277, 360.5466611184831, 359.82114043075944, 356.8485818774176, 346.7636141705066, 349.1228723905735, 348.78954907310515, 348.10640570771216, 349.68369968999485, 353.6429567359304, 358.42105930508865, 362.83964591463814, 365.5791555746054, 366.5830332616222, 366.82276769695255, 366.8798684895213, 366.89939718355953, 366.8771806704521, 364.3946061544101, 361.4132354830422, 362.37916587509005, 362.3459918405782, 362.33933333067273], [364.68009598484656, 362.5680748258128, 360.4866221569546, 359.58359781091315, 357.05198497756413, 347.9358425020181, 348.5117298970903, 348.57942243183993, 347.95422321373223, 349.2112989885717, 352.8312924134447, 357.5186313514602, 361.96849672826426, 364.9187715123096, 366.13948872475913, 366.46784911908406, 366.54032056441633, 366.5561326383681, 366.539569739968, 364.4404823965836, 361.5670492697859, 361.8669448896581, 361.9957495064667, 361.98915111679327], [363.59803453346467, 362.47424951606075, 360.4164092194015, 359.27494610405995, 357.057584571019, 348.9917423354551, 348.0999069020049, 348.263359074236, 347.7564789959329, 348.720250952874, 351.98820848809476, 356.55562445229083, 361.019069862276, 364.15774658653686, 365.59358643709993, 366.06290580370256, 366.1826205118281, 366.1924613505136, 366.1790136380713, 364.3783784823077, 361.6406674934973, 361.44917260652664, 361.5753244376252, 361.57978619743966], [362.4055747971868, 361.9600994226091, 360.1608405531257, 358.7783838466781, 356.8322717548053, 349.86358899885676, 347.8221748831122, 347.84779100590345, 347.47581271358695, 348.1594722982744, 351.05588305356525, 355.4811595586382, 359.93803988803313, 363.2425108105048, 364.9111737289746, 365.5797400006592, 365.7882251964285, 365.80132003731114, 365.7907542918273, 364.2198111219546, 361.6385353049386, 361.02649286861305, 361.0716424166173, 361.0774605509368], [361.13059597826776, 360.9538669189931, 359.5504335487839, 358.0705788236949, 356.3057003602818, 350.5275171961628, 347.52399687465214, 347.2921796504484, 346.99839052262973, 347.36898268264616, 349.8399233142671, 354.1317832280679, 358.5641564428398, 362.00780436694595, 363.9740879037992, 364.9151113931425, 365.25215478135385, 365.2837304539384, 365.2760573322895, 363.90397262201003, 361.4821492548534, 360.46537881562216, 360.4025560479959, 360.40314501085254]]
tau_S_mix = [[343.209935673617, 343.96053809657855, 348.56533503068226, 347.6163383983362, 343.1503236952407, 353.9628895539309, 352.25071473000935, 349.0955822060568, 349.8413752998823, 355.24821490293004, 362.43267809899385, 368.14988227547474, 372.7868661820594, 373.14999045026383, 373.1499970701009, 373.1499987736683, 373.1499985779975, 373.1500001532467, 373.15000014444433, 365.8520211744167, 362.92396036760715, 363.24037848703904, 363.13964866669994, 363.1500001396323], [344.8338469155593, 343.1524321614541, 346.6231830121188, 346.7650149117727, 343.15037487719997, 350.35530733632936, 351.32395057192355, 348.5499949222796, 348.59880578707543, 352.73469835126065, 358.85530890345666, 364.57587289250824, 369.3509905371909, 370.863608962303, 370.9620293652051, 370.9620323821717, 370.96203273924084, 371.01238393690915, 371.0309581756793, 365.828298868684, 361.8849971233102, 362.04053776999285, 361.85671652102315, 361.9773458372364], [345.9146912202444, 343.6233686676628, 347.3219731251548, 347.5963502788941, 343.8773442379333, 351.5137255075664, 352.36075557627186, 349.4742712991591, 349.49389470697855, 353.8364824551879, 360.3274460595587, 366.23105859057847, 371.1020806365435, 372.6420603900016, 372.7424772629544, 372.7672207912293, 372.80864886073584, 372.8113160494959, 372.79542120173693, 367.0551005176816, 363.05928874786036, 362.9778230158314, 362.9246903564318, 362.9324591983988], [348.1339323572078, 343.7669661510178, 346.0841198445705, 347.085610908874, 344.24345996251395, 349.52113596492586, 351.7619687777485, 349.6118268951178, 349.10088018542245, 352.4518062748968, 358.1459719040728, 363.94658991706945, 369.0057058159547, 371.4448560384393, 371.9408294076552, 371.986198898308, 372.04760401418235, 372.08353399439983, 372.05531994102876, 367.67234064298384, 363.10831800941133, 362.6119430795967, 362.49489091265474, 362.51819423738993], [351.62725667610533, 345.15109798341996, 344.527509001618, 345.67239089096137, 344.3967764692363, 346.8920459733599, 349.9206928967078, 349.4328827418756, 348.548866300022, 350.32045079347574, 354.49574464695587, 359.6241703959878, 364.7073588580299, 368.33714839773864, 369.9309054594651, 370.34585540487564, 370.46882454627234, 370.5698693974779, 370.5672923411034, 367.68504495534273, 363.4700180256052, 362.1118725080053, 361.66247500474077, 361.6611355541445], [352.6117919688075, 345.3516568167849, 343.49610641263354, 344.2343456595469, 343.50414766302805, 345.27301751435, 348.21748973123954, 348.4308629477576, 347.64301058211197, 348.7790216611143, 352.11342681891364, 356.6195958960883, 361.39647813405446, 365.28242335808886, 367.3892503414814, 368.11359855527746, 368.333629475042, 368.5247434698937, 368.57340201067825, 366.58731376619744, 363.09769460571476, 361.30579888390093, 360.5263476281095, 360.510305260227], [346.2421618862541, 343.6974630362441, 347.3619971502179, 347.69684018390075, 344.04416056602435, 352.0440641804603, 352.415624158394, 349.4857405307203, 349.6194615297213, 354.21392219859104, 360.98444843947885, 366.91548218926425, 371.73635939111205, 372.9242676734962, 372.99933034805736, 373.0118390072948, 373.0227160584433, 373.0237411103597, 373.01194085073155, 366.8446380584877, 363.1649713342121, 363.0516251246291, 363.01358242041385, 363.01897286057573], [348.3363064361895, 344.0340099145002, 346.3588382186006, 347.3558345657629, 344.56403163081814, 350.1618138291534, 352.0820882179441, 349.788578975904, 349.3551354644269, 352.9562449350313, 358.984554226282, 364.9203536578603, 369.9444255448699, 372.1218146399485, 372.503888839863, 372.59684607643896, 372.68311880221853, 372.66658658171394, 372.62075085587395, 367.5054657969831, 363.39052258876467, 362.8319169270523, 362.7424828692149, 362.7655227104624], [350.1257712646264, 344.7547374195357, 345.56100337518757, 346.83397521192813, 344.874310008457, 348.7554048444, 351.4285962041646, 349.9490246074006, 349.1768987203384, 351.89623878084285, 357.16215106570473, 362.9060526096041, 368.0635015758719, 371.00457553279796, 371.8801397452541, 372.11118786901665, 372.26755316633233, 372.23474279212985, 372.17375819898643, 367.9328961028157, 363.65400677023763, 362.6798388968897, 362.4627004034443, 362.4881496478346], [349.09877575705457, 344.0469964174662, 346.2333140938771, 347.37800683001757, 344.73049107984895, 350.69804985350413, 352.22138065799146, 349.7623049095053, 349.46780691830986, 353.39518740370727, 359.78578830148297, 365.8144029709277, 370.79474112172426, 372.57326601307983, 372.8174667037942, 372.84663022287606, 372.8643995607865, 372.8705108514198, 372.84554515183027, 367.5723948474986, 363.451510418729, 362.8951940715567, 362.815285630615, 362.8300726270592], [351.50447057441824, 344.88556133210193, 345.46151352654454, 346.83499643703556, 345.1588697728321, 349.66314249321357, 351.8648245692127, 349.96023182015136, 349.3712206486498, 352.68918559530016, 358.68013814749156, 364.7322562283693, 369.8558033645373, 372.1487305314248, 372.6087020650402, 372.6714863242187, 372.69714057618125, 372.7080985578946, 372.6751862189391, 368.1341221241905, 363.7844452829107, 362.8145433731771, 362.6064066968155, 362.630385685122], [353.52117434003827, 346.1089272584018, 345.076247961789, 346.2125305479023, 345.3294753156915, 348.84412000458946, 351.4193971701247, 350.070130983948, 349.3080649376178, 352.0828701242353, 357.66829306915054, 363.6841991439581, 368.92671281652116, 371.65361126000914, 372.36346438320516, 372.4831835150405, 372.51953502097814, 372.53510552707417, 372.49926785416017, 368.55988838277335, 364.1377018356041, 362.81229921268607, 362.3949240197291, 362.4181143120643], [355.20262327951065, 347.61871386720185, 345.08027965376283, 345.6269318238662, 345.27805039344025, 348.16436777072414, 350.931577931472, 350.0948252705997, 349.25933988376755, 351.5623961499928, 356.74881047267286, 362.6825958764869, 368.0161603423977, 371.0993559510776, 372.0766736976712, 372.27748256886355, 372.32959821225865, 372.3497131119328, 372.3161111499329, 368.8735028311812, 364.49173246038043, 362.8884427207489, 362.18346488879047, 362.1909313327904], [355.1178676999347, 348.32928316455275, 344.41608972738914, 344.2950986516072, 344.1647290838508, 346.41624383216816, 349.22751900698466, 349.1299609760591, 348.3212825210377, 349.86128980919256, 354.0093765881216, 359.27605502181626, 364.5192198363976, 368.1256209143411, 370.0266500221978, 370.96049496145685, 371.3394190010253, 371.4067343302226, 371.3845198171913, 368.3796096552273, 364.15444561953615, 361.9365377025664, 360.7587837641782, 361.0323352657937], [365.7200185232622, 362.3280359606942, 360.5466610825532, 359.82114039478154, 356.84858184122953, 346.7636140626074, 349.12287228255235, 348.78954896556866, 348.10640567140734, 349.6836996542863, 353.64295670266455, 358.42105926795074, 362.839645878628, 365.5791555304689, 366.5830332311607, 366.82276758846564, 366.8798683808532, 366.89939706518277, 366.8771805617272, 364.3946060467751, 361.4132353171312, 362.37916584793624, 362.3459918581802, 362.33933307248117], [364.68009605517835, 362.568074897883, 360.4866222290192, 359.58359788304153, 357.05198504920656, 347.9358425020676, 348.5117298971513, 348.5794225037097, 347.9542232136237, 349.21129898819623, 352.83129241229165, 357.5186314234637, 361.96849680034495, 364.9187715843018, 366.13948872504415, 366.46784919159415, 366.54032063522874, 366.55613270618943, 366.5395698139434, 364.4404824681953, 361.5670492602775, 361.866944896902, 361.99574956061747, 361.98915238706167], [364.73565591842026, 362.62415729896077, 360.54829050395693, 359.6077407435958, 357.0765807885527, 348.01744094114775, 348.5528005270369, 348.61397058232416, 347.9824576422791, 349.2052824229372, 352.7750905710031, 357.364180499353, 361.8265073189917, 364.82998563535216, 366.1208925030534, 366.4926339632233, 366.58531654639023, 366.6163553062565, 366.60073608707216, 364.4805164879184, 361.56559684162625, 361.9009290411429, 362.025335395293, 362.0317694933872], [363.73945814320905, 362.62522152371383, 360.5648195292733, 359.35389636491954, 357.1258595313331, 349.1525221645414, 348.2017584668588, 348.34905852738973, 347.8215525814259, 348.72176039978933, 351.8823303111859, 356.22162493378966, 360.68759633432535, 363.9360543684173, 365.5373044769376, 366.11144750404003, 366.2755206680223, 366.3129459333291, 366.30399410057726, 364.47492347297543, 361.6617868828639, 361.52868212508884, 361.64930281579467, 361.6829487002981], [362.7211768132384, 362.28561354971544, 360.4642828544168, 359.0290275433583, 357.0253905610442, 350.12857019388747, 348.0160833904642, 348.0172795942392, 347.58951709059477, 348.19398350920005, 350.91633778821864, 354.9194155383108, 359.33438051089286, 362.8119712180948, 364.7932892133506, 365.6610225148129, 365.94290093100597, 365.9952884764608, 365.9919980368763, 364.39001317171227, 361.70403386477136, 361.20983379084373, 361.2368405689869, 361.2751717587694], [360.7759935780518, 360.47981715522445, 359.07834162689113, 357.5733424201035, 355.79361844307255, 350.1828426480998, 347.2589393190224, 346.9798769689135, 346.6418178135899, 346.9628130741945, 349.03456655108255, 352.4670135526291, 356.4504968851988, 359.9609463642868, 362.5553980083396, 364.2388990202229, 364.9839540663844, 365.0813147549212, 365.0851588699219, 363.72633888509506, 361.1962343517423, 360.00204202500555, 359.73675717689184, 360.12999918811124], [361.4094965955191, 361.2703979196105, 359.85399494407363, 358.3308182842294, 356.5105562315913, 350.67488963493906, 347.7619199321182, 347.4615195762699, 347.1205669997144, 347.41779958789203, 349.55953881982447, 353.08245258363894, 357.310276105792, 361.0116044642677, 363.54801764973877, 364.91151487469625, 365.39719000743634, 365.4723233340389, 365.4757370579012, 364.0767939485481, 361.53568511218026, 360.73252098688005, 360.5897930625548, 360.5991445903512], [359.6680343117358, 359.4222132133707, 358.38262702938465, 356.9159360159698, 355.2484336540679, 350.5071595741878, 347.15255453407553, 346.4906342459002, 346.17301486180503, 346.2737639046156, 347.8633564863492, 350.8416346644783, 354.60023785268373, 358.1692188103591, 361.37484816676414, 363.60835705219375, 364.4770244557743, 364.5858424154171, 364.597947177924, 363.39248799811116, 361.01258643264526, 359.7893511508633, 359.3504492038187, 359.46388200810935], [352.61179196880323, 345.35165681678507, 343.49610641263325, 344.2343456595455, 343.5041476630265, 345.2730175143503, 348.21748973122664, 348.4308629477696, 347.64301058209657, 348.7790216610208, 352.11342681890164, 356.61959589608034, 361.39647813405185, 365.28242335804794, 367.3892503417773, 368.1135985579873, 368.3336309889123, 368.52474329676477, 368.5734021759249, 366.58731376542625, 363.09769460573415, 361.3057988835412, 360.5263476280642, 360.51030526132195], [350.00343170740604, 344.3982435084056, 345.2193362803401, 346.48699669625887, 344.4903361088642, 348.1170723354987, 350.9763043393538, 349.676533678574, 348.86947284503265, 351.3726175015382, 356.3190452930827, 361.86065114013854, 366.99528727949667, 370.12317102971053, 371.1506381894719, 371.3361900549974, 371.4279769490204, 371.4861135405458, 371.44906188308, 367.81603339411373, 363.3647030758068, 362.3967346936056, 362.15347206500195, 362.16722223028177], [348.1161128921658, 343.82505949464814, 346.1461231045225, 347.1532501302509, 344.30787426531344, 349.5975013576907, 351.8296438857723, 349.67219295216347, 349.1585688052335, 352.5237850596514, 358.24893588636, 364.06694878025434, 369.11892022134083, 371.5588415105227, 372.05545512702656, 372.1236065569207, 372.22000476108366, 372.2287154404849, 372.1662472996963, 367.6151203840034, 363.20767090108023, 362.67338043094543, 362.565414740764, 362.57965531533307], [350.05354155434617, 344.25321582397044, 345.06463744981335, 346.3172864401628, 344.32592793494524, 347.938448225406, 350.80362039044405, 349.52123113794727, 348.721711078802, 351.1990830712104, 356.0829456627329, 361.5719965428143, 366.70853577205423, 369.83403209454923, 370.8587442719049, 371.0274654327724, 371.08751617157657, 371.16312139440737, 371.15936725101346, 367.79756922076865, 363.14616694537733, 362.2553864745964, 362.00611345958646, 362.00985944587694], [351.32969139915826, 344.35917808711827, 343.729259250714, 344.83067974183183, 343.5748121959392, 346.06527272747695, 349.08996543478906, 348.651362051308, 347.79417131982575, 349.4808479738937, 353.45234160534096, 358.35101188257397, 363.31024490426995, 366.879592674159, 368.4487579752327, 368.84537221597583, 368.9455940380632, 369.09470866872215, 369.133498660805, 366.7229258864674, 362.62408697593366, 361.3450549808075, 360.8092330276441, 360.85391772756935], [351.32969139916077, 344.3591780871183, 343.7292592507139, 344.83067974183297, 343.574812195942, 346.06527272747724, 349.08996543477133, 348.6513620513401, 347.7941713198769, 349.4808479739078, 353.45234160537734, 358.3510118825948, 363.31024490426853, 366.87959267415766, 368.4487579751906, 368.8453722143608, 368.945594366312, 369.0947085229983, 369.13349843194914, 366.722925887133, 362.6240869759668, 361.3450549803056, 360.80923302458467, 360.85391773104226], [351.64389158920943, 345.684034326356, 345.0654324838971, 346.22258957379836, 344.9748286205745, 347.6723659073336, 350.60624642803447, 349.9283685032501, 349.0342210735393, 350.99978020959287, 355.5088463358818, 360.9188691341665, 366.1037154913147, 369.625057827957, 371.06487871863567, 371.5118430001075, 371.73696469773813, 371.73447542621705, 371.6879705225891, 368.1620941522483, 363.92019711868295, 362.57824094158144, 362.1639231636461, 362.1800081190059], [352.70202780660094, 346.3807504133177, 344.49322515963013, 345.2444060028732, 344.53744556135706, 346.4578600580385, 349.3674508752512, 349.3999489266734, 348.5612008972552, 349.88196880407173, 353.5917604705874, 358.4860266094483, 363.51795416066454, 367.4174417363621, 369.40644344778934, 370.1188074676298, 370.4086709289966, 370.51047613051765, 370.5742465921363, 367.81662563507655, 363.90384861884405, 362.1980296059018, 361.51512390764054, 361.4961516936093], [353.46261961744494, 346.51165199029464, 343.7142193114187, 343.89677317626126, 343.525514338814, 344.96340106861163, 347.70924006970995, 348.31074265467277, 347.64783562347066, 348.4464616392224, 351.3603497906945, 355.610142958989, 360.2634700153642, 364.3119805923418, 366.7704173008575, 367.81146369124605, 368.2320490492484, 368.4686577706316, 368.8184991449358, 366.9536827485207, 363.5174832373114, 361.5362880416742, 360.57539666969774, 360.347739792554], [352.74527494986876, 346.5705855769922, 344.67318999319633, 345.43817844927486, 344.72343360284884, 346.6368077793254, 349.54925316273057, 349.5715551166359, 348.7287320945868, 350.0668435101064, 353.82062798938586, 358.767455200211, 363.8211196036029, 367.7366203868661, 369.7327368098982, 370.4477958562748, 370.7384825838746, 370.8302037884555, 370.9142073123687, 368.0646264274403, 364.04433870554465, 362.3533485929839, 361.64150911831, 361.6738394816688], [353.58067469527816, 347.31385827027003, 344.37390889413905, 344.574295463926, 344.18997292538205, 345.59899880567343, 348.34589421684086, 348.9271102010264, 348.25284701817515, 349.1001523048257, 352.13735437528567, 356.54562781025254, 361.3213928143606, 365.44905399527767, 367.9411536473836, 368.9966622909541, 369.4131782142389, 369.60801983322864, 369.9110594435837, 367.7449045204229, 364.01937026080503, 362.02926753742145, 360.9976964812383, 360.99436308916506], [354.1124148631761, 347.3611305508789, 343.80970165636757, 343.38959001062716, 343.1508840499493, 344.23279751724755, 346.76116604667425, 347.7623035280859, 347.32164239099376, 347.7878338821006, 350.1268972678027, 353.90354103858124, 358.2175990426556, 362.3322416857269, 365.2043977684805, 366.62359800860037, 367.2417103764399, 367.5889546378506, 368.40430836949014, 367.06113612274714, 363.60973588042475, 361.3064546636937, 359.8935434075381, 359.85330644515153], [363.59803453369824, 362.47424951607496, 360.4164092194391, 359.27494610403824, 357.05758464291716, 348.9917424074364, 348.0999069740713, 348.263359146164, 347.7564789958857, 348.7202509526652, 351.98820848830866, 356.5556244523839, 361.01906986231614, 364.1577465865857, 365.5935864374779, 366.0629058754939, 366.18262058427746, 366.1924614187843, 366.1790137097878, 364.3783785493874, 361.64066748879924, 361.4491726094672, 361.57532439598003, 361.5797854577963], [362.40557479737816, 361.96009942268444, 360.1608405531664, 358.7783838466799, 356.8322717548303, 349.86358907085975, 347.8221749551471, 347.8477910778671, 347.4758127855599, 348.15947237030906, 351.05588312555267, 355.4811595588164, 359.9380398880645, 363.2425108105173, 364.91117372919905, 365.5797400723785, 365.78822526739145, 365.8013201095607, 365.79075436455776, 364.2198111942685, 361.63853530106843, 361.0264928617893, 361.0716424224084, 361.0774611231721], [361.1305959744349, 360.95386691899955, 359.55043354880746, 358.07057882368923, 356.30570036029576, 350.5275172681367, 347.52399694663376, 347.29217972244635, 346.9983905946132, 347.3689827546193, 349.83992338628894, 354.1317833001496, 358.56415644281503, 362.0078043669361, 363.97408797593005, 364.9151114652531, 365.25215485346587, 365.28373052586574, 365.27605740402754, 363.9039726900449, 361.48214926444575, 360.4653788864637, 360.40255602667935, 360.403145137848], [359.4189120426435, 359.1295307365613, 358.089910140252, 356.6547916367866, 355.03734758500406, 350.35261161715675, 346.9368483441134, 346.31552214361244, 346.04669512385146, 346.21331146473165, 348.06326991090344, 351.6621780495503, 355.7270618141855, 359.19562103352035, 361.8973094069112, 363.65776001316357, 364.35101991577295, 364.4026171088208, 364.3997829853054, 363.2183161312538, 360.78808432835183, 359.1437668274665, 359.26357248069104, 359.270754885433]]
tau_S_out = [[344.83384691555943, 343.1524321614541, 346.6231830121188, 346.7650149117727, 343.15037487719997, 350.35530733632754, 351.32395057191724, 348.54999492228035, 348.5988057870483, 352.73469835119704, 358.8553089033129, 364.5758728929698, 369.35099053719296, 370.86360896230326, 370.9620293652053, 370.96203238203464, 370.9620327387051, 371.012384501261, 371.0309581708572, 365.82829899799026, 361.8849971231921, 362.04053776999285, 361.85671652102315, 361.9773458422133], [345.9146912202464, 343.62336866766276, 347.3219731251467, 347.59635027900464, 343.87734423793324, 351.5137255074354, 352.36075557622263, 349.47427129862615, 349.4938947069648, 353.83648245611795, 360.32744605983123, 366.2310585896016, 371.1020806154608, 372.642060624306, 372.74247612073253, 372.76721374936125, 372.8086442825867, 372.81131033082323, 372.79542116451347, 367.0551005188429, 363.05928874957624, 362.97782302004873, 362.92469033981376, 362.93245926833765], [348.1339323572104, 343.7669661510179, 346.08411984456745, 347.0856109088632, 344.2434599625111, 349.52113596488715, 351.76196877768206, 349.61182689511276, 349.1008801853967, 352.45180627541663, 358.1459719048641, 363.94658991623714, 369.0057058159214, 371.4448560382491, 371.94082962425693, 371.9861982009526, 372.04760520490663, 372.0835336079997, 372.05532055741253, 367.67234064065866, 363.108318009684, 362.6119430415555, 362.4948909183514, 362.5181942519778], [350.0535415543458, 344.25321582397095, 345.0646374498149, 346.31728644016954, 344.3259279349423, 347.93844822540484, 350.80362039042916, 349.52123113798, 348.7217110788615, 351.199083071123, 356.08294566309274, 361.5719965436264, 366.708535772064, 369.8340320944328, 370.85874427240805, 371.0274656918697, 371.0875177748621, 371.16312116747525, 371.1593652253649, 367.79756922280706, 363.1461669448333, 362.2553864736184, 362.006113453282, 362.0098597188146], [351.3296913991568, 344.3591780871181, 343.72925925071394, 344.8306797418321, 343.5748121959392, 346.06527272747724, 349.0899654347859, 348.6513620513082, 347.79417131982393, 349.48084797384723, 353.4523416052989, 358.3510118825606, 363.3102449042674, 366.8795926741624, 368.44875797510895, 368.8453722160213, 368.9455935937645, 369.09470964337066, 369.1334987681177, 366.722925883769, 362.62408697597033, 361.3450549775221, 360.80923305357555, 360.85391771695856], [351.32969139916, 344.35917808711804, 343.7292592507139, 344.83067974183285, 343.57481219594183, 346.06527272747746, 349.08996543477537, 348.65136205133905, 347.79417131986463, 349.4808479738981, 353.45234160543856, 358.3510118826285, 363.31024490426694, 366.8795926741776, 368.448757975148, 368.84537221447954, 368.9455948628746, 369.0947053100521, 369.1334991491899, 366.72292588871636, 362.6240869760211, 361.3450549795144, 360.8092330257342, 360.85391773092164], [348.11611289215944, 343.82505949464814, 346.1461231045229, 347.15325013025154, 344.3078742653138, 349.5975013576934, 351.82964388587385, 349.6721929520191, 349.1585688053276, 352.52378505945325, 358.24893588646455, 364.06694878162057, 369.1189202211859, 371.5588413993948, 372.05545525363317, 372.1236048558251, 372.2200033936687, 372.22871387198626, 372.1662356365824, 367.61512038854227, 363.2076709013768, 362.67338043061955, 362.5654147272883, 362.5796552912425], [350.003431707409, 344.3982435084059, 345.2193362803399, 346.4869966962762, 344.490336108864, 348.117072335515, 350.97630433926224, 349.6765336785676, 348.8694728451733, 351.3726175010601, 356.3190452940282, 361.86065114001127, 366.9952872795622, 370.1231710348962, 371.15063875675065, 371.3361906594878, 371.4279808787554, 371.4861154956647, 371.44904502166787, 367.8160333968548, 363.3647030755414, 362.39673469674983, 362.1534720747186, 362.16722234342586], [351.62725667610977, 345.15109798342036, 344.5275090016179, 345.6723908909582, 344.3967764692356, 346.8920459733613, 349.92069289672895, 349.43288274188143, 348.5488663000221, 350.3204507932266, 354.4957446473621, 359.62417039603025, 364.70735885802225, 368.3371483977774, 369.9309054344499, 370.34585657301966, 370.4688303954837, 370.56986662541857, 370.56729336918846, 367.68504495422553, 363.4700180261529, 362.1118725076638, 361.66247500385185, 361.66113563270517], [352.61179196880124, 345.3516568167848, 343.49610641263325, 344.23434565954557, 343.50414766302663, 345.27301751435044, 348.2174897312292, 348.4308629477601, 347.64301058208383, 348.77902166102484, 352.11342681892586, 356.619595896086, 361.39647813405116, 365.2824233580692, 367.38925034152044, 368.11359858437163, 368.33363290200606, 368.52474350665295, 368.57340315111367, 366.58731376639486, 363.09769460587256, 361.3057988842841, 360.5263476253407, 360.51030526070133], [352.61179196880613, 345.3516568167846, 343.49610641263354, 344.23434565954693, 343.50414766302816, 345.27301751435004, 348.2174897312367, 348.4308629477553, 347.64301058210225, 348.7790216610905, 352.1134268188988, 356.6195958960853, 361.3964781340551, 365.28242335807033, 367.3892503415962, 368.1135985569894, 368.3336322798881, 368.5247433575897, 368.57340193421567, 366.5873137666975, 363.09769460570135, 361.305798883728, 360.52634762746766, 360.5103052510642], [346.2421618862371, 343.6974630362438, 347.36199715019984, 347.6968401838815, 344.0441605660273, 352.0440641788757, 352.4156241590713, 349.4857405307169, 349.6194615293603, 354.21392219920705, 360.9844484249117, 366.9154821591763, 371.7363592592293, 372.92426797760385, 372.99933088223855, 373.01183935407323, 373.0227177140241, 373.02374040343705, 373.0119396071976, 366.8446380789074, 363.16497133297196, 363.05162513759956, 363.0135824207441, 363.01897283728465], [348.33630643618096, 344.03400991450036, 346.3588382186029, 347.3558345657587, 344.5640316308206, 350.16181382920905, 352.082088218509, 349.7885789760043, 349.35513546410533, 352.9562449353994, 358.9845542254158, 364.92035366286467, 369.94442569921836, 372.1218136298701, 372.50389127135816, 372.59684201651083, 372.68311741244923, 372.6665884896224, 372.6207535135908, 367.5054658056438, 363.3905225875949, 362.83191693141174, 362.7424828690417, 362.76552272859414], [350.12577126462975, 344.75473741953505, 345.56100337518865, 346.8339752119268, 344.87431000845856, 348.75540484445236, 351.4285962044016, 349.94902460756543, 349.17689872014273, 351.8962387810725, 357.16215106473953, 362.90605260830637, 368.0635016001026, 371.0045757914682, 371.88014180141136, 372.1111945880652, 372.2675537150227, 372.23474234122114, 372.1737586511261, 367.93289609456787, 363.6540067649035, 362.679838907294, 362.4627004609704, 362.48814961718614], [351.6438915892153, 345.6840343263591, 345.0654324838979, 346.2225895737983, 344.9748286205717, 347.6723659073095, 350.60624642810944, 349.9283685032718, 349.03422107320483, 350.99978020971724, 355.50884633530654, 360.91886913424315, 366.1037154855019, 369.6250578085886, 371.06487826094235, 371.51184321545503, 371.736966530004, 371.73447753380594, 371.68797283255964, 368.1620941439957, 363.9201971203344, 362.5782409565421, 362.1639231364793, 362.1800079892028], [352.7020278066028, 346.3807504133124, 344.49322515963087, 345.24440600287295, 344.5374455613575, 346.4578600580264, 349.36745087520865, 349.39994892666033, 348.561200897221, 349.88196880420793, 353.5917604702418, 358.4860266094251, 363.5179541606873, 367.4174417363909, 369.4064434468753, 370.11880679441924, 370.40867059954473, 370.51046946554277, 370.5742512925354, 367.81662563055306, 363.9038486192878, 362.19802960527034, 361.5151239074586, 361.49615173297667], [353.46261961744545, 346.51165199029316, 343.7142193114187, 343.89677317626126, 343.525514338814, 344.9634010686117, 347.70924006971035, 348.310742654658, 347.64783562347674, 348.44646163925984, 351.3603497906286, 355.61014295899315, 360.26347001536635, 364.31198059230513, 366.7704173011883, 367.8114636917906, 368.2320478219276, 368.4686598139329, 368.8184991437059, 366.95368275115106, 363.51748323700247, 361.536288042177, 360.57539667071484, 360.3477397943548], [352.7452749498698, 346.5705855769936, 344.6731899931966, 345.4381784492749, 344.72343360284884, 346.63680777933166, 349.5492531627385, 349.57155511645215, 348.72873209471226, 350.06684351001854, 353.8206279895966, 358.7674552001288, 363.82111960368223, 367.73662044876363, 369.7327366203104, 370.4477951749759, 370.73847647603196, 370.83021686685595, 370.91420717381294, 368.0646264241581, 364.0443387049898, 362.3533485930019, 361.64150913125115, 361.67383951006707], [353.5806746953037, 347.31385827028, 344.3739088941391, 344.57429546392575, 344.189972925382, 345.5989988056737, 348.3458942168416, 348.9271102010651, 348.252847018136, 349.100152304739, 352.13735437531903, 356.54562781024964, 361.32139281452794, 365.4490539951612, 367.9411537274182, 368.99666172363203, 369.4131769314954, 369.6080234257906, 369.91105943167963, 367.7449045171858, 364.0193702612342, 362.0292675378372, 360.99769648263236, 360.99436305886684], [354.11241486317016, 347.36113055089345, 343.80970165636757, 343.3895900106272, 343.1508840499493, 344.2327975172475, 346.76116604667317, 347.762303528087, 347.3216423910015, 347.78783388211207, 350.1268972677989, 353.9035410386939, 358.21759904258954, 362.3322416856858, 365.2043977685635, 366.6235972179545, 367.24171057505635, 367.58896703745603, 368.4043083697596, 367.06113612367614, 363.60973588057374, 361.30645466382975, 359.893543405973, 359.85330644829344], [349.0987757570854, 344.04699641746504, 346.2333140938802, 347.3780068299762, 344.7304910798433, 350.6980498528398, 352.22138065815784, 349.76230491047454, 349.4678069192654, 353.395187406969, 359.7857882979949, 365.81440294371725, 370.79474080421375, 372.57326638890385, 372.8174658715533, 372.8466310604771, 372.86439325307424, 372.8705108443374, 372.84554517113315, 367.5723948665999, 363.4515104212245, 362.89519406782887, 362.8152856214534, 362.83007271954995], [351.5044705745607, 344.88556133210295, 345.4615135265469, 346.8349964370168, 345.1588697727962, 349.6631424931513, 351.8648245702106, 349.9602318193788, 349.3712206486038, 352.6891855971363, 358.6801381447024, 364.7322562297567, 369.85580330918407, 372.1487301063659, 372.60870208641074, 372.6714865071768, 372.69714038326254, 372.7080985930696, 372.67518622204494, 368.1341221090301, 363.78444528332346, 362.81454336993045, 362.6064067265383, 362.6303857445151], [353.52117434024274, 346.10892725839545, 345.076247961793, 346.2125305479002, 345.32947531568, 348.84412000470155, 351.4193971696051, 350.07013098366417, 349.3080649375684, 352.0828701217969, 357.66829306774724, 363.6841991432266, 368.9267128675986, 371.6536121671677, 372.36346407960923, 372.48318492027994, 372.5195333610872, 372.53510552845216, 372.49926784814204, 368.55988836912564, 364.13770183614633, 362.8122992087577, 362.39492398314457, 362.4181141255867], [355.20262328097454, 347.61871386721674, 345.0802796537597, 345.62693182386704, 345.27805039345236, 348.1643677708286, 350.93157793162635, 350.09482527006554, 349.25933988302626, 351.56239614920486, 356.7488104733996, 362.68259587677994, 368.01616034531304, 371.0993551177021, 372.0766734170234, 372.2774828089355, 372.32960190681825, 372.34971311466444, 372.31611115743186, 368.8735028539201, 364.4917324596106, 362.88844272305136, 362.183464887214, 362.19093135345275], [355.1178676999312, 348.32928316455275, 344.4160897273891, 344.2950986516071, 344.1647290838506, 346.4162438321694, 349.2275190070012, 349.12996097610295, 348.32128252105974, 349.86128980914464, 354.00937658827866, 359.27605502185014, 364.51921983639824, 368.1256209143215, 370.0266500222242, 370.96049487407515, 371.33941940357573, 371.4067343274863, 371.38451981861385, 368.3796096512046, 364.15444561947277, 361.93653770422526, 360.75878376176576, 361.03233526684687], [356.8091510016975, 349.3491737157364, 345.4314811849495, 345.1229183459793, 345.023361985195, 347.55953315462455, 350.43853961021506, 350.03181906179816, 349.1982096858808, 351.12295013764043, 355.9543602374318, 361.7849960189247, 367.17690522420077, 370.5198736212843, 371.7449125454097, 372.03745162974315, 372.1070995051519, 372.13096579893454, 372.1038248785877, 369.0744164403039, 364.8148081334128, 362.9808182067419, 361.97341008233406, 361.9258613178987], [364.73565591835023, 362.6241572985243, 360.5482905039993, 359.6077407434681, 357.07658078844076, 348.01744094100616, 348.55280052705604, 348.61397058242585, 347.9824576424974, 349.20528242301754, 352.7750905709827, 357.3641804995266, 361.82650731881773, 364.8299856354718, 366.12089276982505, 366.49263396209966, 366.58531654185157, 366.6163553853662, 366.6007360947598, 364.4805165215298, 361.5655969221144, 361.9009290410461, 362.02533556322965, 362.0317692440252], [363.73945814319273, 362.6252215237423, 360.56481952905375, 359.3538963648916, 357.1258595315868, 349.1525221645058, 348.2017584667995, 348.3490585272605, 347.8215525813282, 348.7217603994897, 351.8823303113959, 356.22162493384764, 360.6875963342748, 363.9360543682616, 365.53730447726264, 366.1114475010077, 366.2755206659546, 366.31294599360257, 366.3039940989123, 364.47492348027816, 361.6617869582789, 361.5286822085449, 361.6493027214143, 361.6829486400228], [362.7211768132298, 362.2856135500167, 360.4642828544085, 359.0290275433775, 357.02539056097504, 350.1285701940297, 348.0160833905199, 348.017279594064, 347.58951709062643, 348.19398350940827, 350.9163377884928, 354.91941553841986, 359.33438051087666, 362.8119712181254, 364.79328921242666, 365.66102250819677, 365.9429009312923, 365.9952884783751, 365.99199802966393, 364.3900131687039, 361.7040339112885, 361.20983408012376, 361.236840550624, 361.27517242628784], [360.77599357805684, 360.4798171552281, 359.0783416268482, 357.5733424201084, 355.7936184430296, 350.1828426481022, 347.25893931900987, 346.97987696889476, 346.6418178136032, 346.96281307419656, 349.03456655107226, 352.4670135526735, 356.4504968851643, 359.9609463643206, 362.5553980081637, 364.2388990197648, 364.98395406621927, 365.0813147529665, 365.0851588678579, 363.72633888598534, 361.19623435089306, 360.00204186774414, 359.73675716968137, 360.12999921004655], [361.4094965955934, 361.2703979195437, 359.853994944131, 358.3308182841988, 356.51055623163086, 350.6748896349837, 347.7619199321248, 347.46151957625364, 347.1205669997313, 347.41779958788595, 349.5595388198251, 353.08245258368595, 357.3102761058154, 361.0116044642448, 363.5480176494992, 364.91151487257184, 365.3971900110489, 365.47232333270784, 365.47573705645397, 364.0767939468347, 361.5356851044292, 360.73252100609454, 360.58979306771306, 360.5991451047866], [359.6680343116556, 359.4222132133799, 358.38262702935583, 356.9159360159457, 355.24843365406696, 350.507159574179, 347.15255453407696, 346.49063424589264, 346.1730148617968, 346.27376390461967, 347.8633564863473, 350.84163466454095, 354.60023785253975, 358.1692188102841, 361.3748481667211, 363.60835705192505, 364.47702445461334, 364.5858424174126, 364.5979471785104, 363.3924879977248, 361.01258643140613, 359.7893511614632, 359.35044921747533, 359.4638817890517], [364.68009605326284, 362.56807489757574, 360.48662222904056, 359.5835978828972, 357.0519850495495, 347.93584250216287, 348.51172989703804, 348.57942250387623, 347.9542232139381, 349.2112989881321, 352.83129241372296, 357.51863142292007, 361.96849680044807, 364.9187715837015, 366.1394884354635, 366.46784919463994, 366.54032063344624, 366.55613276294144, 366.53956982275895, 364.44048248150864, 361.5670491736802, 361.8669448880392, 361.99574950831544, 361.98915223751163], [363.5980345320387, 362.4742495161955, 360.4164092196192, 359.274946103986, 357.05758464281746, 348.99174240741365, 348.0999069740785, 348.2633591461023, 347.7564789958878, 348.72025095245357, 351.98820848863244, 356.55562445214315, 361.01906986228875, 364.15774658591465, 365.59358643727825, 366.06290587048346, 366.18262057297994, 366.1924614251064, 366.1790137107302, 364.37837854296043, 361.64066749211366, 361.44917261236316, 361.57532442890215, 361.57978507871314], [362.4055747928708, 361.9600994225236, 360.16084055309204, 358.77838384669036, 356.8322717548736, 349.8635890709431, 347.8221749550931, 347.84779107789603, 347.4758127856206, 348.1594723703272, 351.05588312570114, 355.48115955877927, 359.93803988804456, 363.24251081039046, 364.91117372816456, 365.5797400696821, 365.78822526616375, 365.8013201001529, 365.79075435638424, 364.21981120220374, 361.638535306578, 361.0264928715709, 361.071642383988, 361.0774612332842], [361.130595983104, 360.95386691917014, 359.5504335487775, 358.0705788236711, 356.30570036031145, 350.5275172680951, 347.5239969466269, 347.29217972246875, 346.9983905946148, 347.36898275469343, 349.83992338628104, 354.1317833001676, 358.56415644277416, 362.0078043669134, 363.97408797531864, 364.9151114671688, 365.2521548547081, 365.2837305234459, 365.27605740370706, 363.90397269221864, 361.4821492571649, 360.46537889107697, 360.4025559435509, 360.40314497689616], [359.4189120562098, 359.12953073600414, 358.08991014022274, 356.6547916367762, 355.0373475850244, 350.35261161716124, 346.9368483441167, 346.31552214362466, 346.0466951238225, 346.21331146473483, 348.06326991089935, 351.6621780495268, 355.7270618141979, 359.19562103341434, 361.89730940727304, 363.65776001189613, 364.3510199159315, 364.40261710711684, 364.3997829851661, 363.2183161317066, 360.78808433202255, 359.1437668268454, 359.26357245996763, 359.27075488481137]]
tau_S_port = [[343.2099355476639, 343.96053797062586, 348.5653349047935, 347.6163382723997, 343.1503235692876, 353.96288942829256, 352.25071460248125, 349.0955820796083, 349.8413751760613, 355.2482147773636, 362.4326779791638, 368.1498821497073, 372.7868660560778, 373.14999032431075, 373.1499969441478, 373.1499986477152, 373.14999845204443, 373.1500000272937, 373.15000001849126, 365.8520210518936, 362.9239602385762, 363.24037836095727, 363.13964853943423, 363.15000001797375], [344.8338468435861, 343.1524320894809, 346.6231830121188, 346.76501483979956, 343.15037487719997, 350.35530733632623, 351.3239505718968, 348.5499949222773, 348.59880578710477, 352.73469835113355, 358.8553089033703, 364.5758728922899, 369.350990537191, 370.863608962303, 370.9620293652051, 370.9620323821721, 370.962032739245, 371.0123839292628, 371.0309581761013, 365.8282989037333, 361.8849970512028, 362.04053776999285, 361.85671652102315, 361.97734583758614], [345.91469114826896, 343.62336866766276, 347.32197312514825, 347.5963502789045, 343.87734423793484, 351.513725507512, 352.36075557629647, 349.47427129899364, 349.49389470659037, 353.8364824558038, 360.3274460599913, 366.2310585905088, 371.10208063718784, 372.64206039010827, 372.7424772623578, 372.76722071885126, 372.80864878799485, 372.8113159765245, 372.79542112791563, 367.0551005192086, 363.059288677965, 362.97782301217285, 362.9246902785459, 362.93245922871677], [348.13393228523256, 343.76696615101787, 346.0841198445693, 347.08561090887105, 344.2434599625134, 349.521135964904, 351.761968777716, 349.6118268950206, 349.1008801853959, 352.45180627497064, 358.1459719046809, 363.9465899169147, 369.0057058159538, 371.4448560384406, 371.94082940832976, 371.98619889654526, 372.0476040098215, 372.083534001224, 372.0553199383877, 367.672340642842, 363.10831793772843, 362.61194307167835, 362.4948909012384, 362.51819423387127], [351.6272566041311, 345.15109798342013, 344.5275090016177, 345.6723908909599, 344.39677646923633, 346.892045973359, 349.92069289672037, 349.43288274185863, 348.5488662999958, 350.32045079333176, 354.49574464676937, 359.6241703959539, 364.7073588580256, 368.3371483977438, 369.93090545919364, 370.3458554295019, 370.46882457403115, 370.56986938752857, 370.5672923610857, 367.68504495535893, 363.47001795377423, 362.1118725079041, 361.66247500425493, 361.66113552813914], [352.61179196880727, 345.3516568167857, 343.49610641263354, 344.2343456595468, 343.50414766302816, 345.2730175143497, 348.21748973123533, 348.4308629477641, 347.6430105821303, 348.77902166111437, 352.1134268190346, 356.61959589608557, 361.39647813405634, 365.2824233580873, 367.3892503415104, 368.1135985543454, 368.33362950974464, 368.5247434240449, 368.5734020502341, 366.58731369430996, 363.09769453381597, 361.30579888342527, 360.52634762707754, 360.5103052661037], [346.2421618142764, 343.69746303624373, 347.3619971501779, 347.69684018389864, 344.0441605660265, 352.04406417992544, 352.41562415928666, 349.4857405313118, 349.61946152965265, 354.2139221988373, 360.98444843373943, 366.91548218813745, 371.73635939107174, 372.92426767345756, 372.9993302761067, 373.01183893523023, 373.0227159866262, 373.02374103836775, 373.0119407787509, 366.84463805881654, 363.1649712651396, 363.051625126159, 363.01358234102827, 363.0189728651041], [348.3363063642045, 344.0340099145001, 346.3588381466286, 347.35583456575955, 344.564031630819, 350.16181382913743, 352.08208821811377, 349.7885789760708, 349.3551354641741, 352.9562449353845, 358.98455422661533, 364.92035365893537, 369.94442554496027, 372.12181464117737, 372.50388883905845, 372.5968460040293, 372.68311873079284, 372.66658650917725, 372.62075085484884, 367.5054657967805, 363.3905225164144, 362.831916926249, 362.7424828638513, 362.76552270758606], [350.12577119267013, 344.7547374195352, 345.56100337518836, 346.83397521192865, 344.8743100084584, 348.7554048443996, 351.42859620432057, 349.9490246072676, 349.1768987203491, 351.8962387803732, 357.1621510651106, 362.906052609599, 368.06350157560144, 371.00457552880493, 371.8801397452713, 372.11118779046217, 372.267553090508, 372.234742798979, 372.1737582031609, 367.9328961028942, 363.65400669727234, 362.6798388263955, 362.4627004285553, 362.4881496592691], [349.0987756851265, 344.046996417465, 346.2333140938701, 347.3780068299764, 344.73049107984, 350.6980498535389, 352.22138065884013, 349.7623049104261, 349.4678069189128, 353.39518740437245, 359.78578830235904, 365.81440297114005, 370.7947411184999, 372.57326601335507, 372.81746663179183, 372.84663015110937, 372.86439948909094, 372.8705107794521, 372.84554515182873, 367.5723948474142, 363.4515103471542, 362.89519400032805, 362.81528569581934, 362.8300726945784], [351.5044705023904, 344.88556126012674, 345.4615135265449, 346.83499643702714, 345.1588697728125, 349.6631424933074, 351.8648245691451, 349.9602318201187, 349.37122064845363, 352.68918559458706, 358.68013814610856, 364.732256227294, 369.8558033611227, 372.148730458215, 372.60870199313956, 372.67148625361574, 372.69714050154596, 372.7080984859395, 372.675186218942, 368.1341221245021, 363.78444521095776, 362.8145433013263, 362.60640669498196, 362.6303857986369], [353.5211742680073, 346.10892718642816, 345.0762479617919, 346.2125305479049, 345.3294753156855, 348.8441200047621, 351.4193971696842, 350.0701309836072, 349.30806493730296, 352.08287012258256, 357.66829306839844, 363.6841991438825, 368.9267128131584, 371.6536111877907, 372.363464311639, 372.48318344176437, 372.51953495311744, 372.5351054551544, 372.4992678541626, 368.5598883815302, 364.1377017635192, 362.8122991410792, 362.39492393382915, 362.4181142969695], [355.2026232077484, 347.6187137952368, 345.0802796537617, 345.6269318238657, 345.27805039343764, 348.16436777086466, 350.931577931373, 350.0948252702634, 349.2593398837854, 351.5623961499752, 356.7488104730919, 362.68259587669166, 368.0161603425911, 371.0993558806792, 372.0766736248665, 372.2774824964509, 372.3295981521667, 372.3497130399749, 372.3161111499396, 368.8735028323579, 364.49173238827177, 362.8884427208054, 362.1834648204153, 362.19093137249666], [355.11786762796265, 348.32928316455286, 344.41608972738925, 344.29509865160725, 344.1647290838503, 346.4162438321687, 349.22751900697835, 349.1299609760747, 348.3212825210732, 349.86128980912684, 354.0093765882714, 359.2760550219207, 364.51921983639863, 368.1256209143411, 370.02665002219806, 370.9604948933819, 371.33941890755705, 371.4067342582087, 371.3845197452355, 368.3796095829159, 364.1544455475786, 361.9365377026355, 360.7587837639162, 361.03233526889966], [373.14998476431316, 373.14993494313296, 373.1498420735425, 372.07665796593307, 366.7085628353043, 343.1504362078832, 343.1502299383167, 343.1501028647683, 343.1500198577111, 343.1500355509298, 343.15004076077355, 343.1500323618323, 343.1500948764353, 343.1501246514786, 343.15001354970883, 343.1500333864046, 343.15017513068466, 343.1500125529989, 343.1501512058716, 343.1500001451581, 345.97135463482454, 361.7999982096543, 363.1669319983769, 363.1437654428514], [364.6800959827134, 362.5680748258504, 360.4866221570342, 359.5835978109747, 357.05198504947975, 347.9358424301312, 348.511729825035, 348.5794225037653, 347.9542231417381, 349.2112989166109, 352.83129234135293, 357.518631351868, 361.968496728368, 364.91877151218335, 366.1394886560598, 366.46784919200525, 366.5403206337658, 366.55613270800814, 366.5395698123932, 364.4404824703732, 361.5670492644422, 361.8669448932289, 361.9957495813465, 361.9891524681043], [364.7356558464341, 362.6241572270604, 360.54829043198936, 359.6077406715512, 357.0765807885262, 348.0174408690722, 348.55280045502093, 348.6139705825167, 347.98245757032356, 349.20528235115535, 352.7750904990779, 357.3641804270728, 361.82650724703865, 364.8299855632894, 366.12089249784003, 366.4926339630386, 366.5853165453106, 366.61635530089166, 366.6007360859264, 364.4805164737325, 361.56559693169544, 361.9009290492211, 362.025335545851, 362.03176938705633], [363.7394580712317, 362.6252214516976, 360.5648194572374, 359.3538962930323, 357.1258594594308, 349.1525220925077, 348.2017583948659, 348.3490584553208, 347.8215525095295, 348.72176032764503, 351.88233023955434, 356.22162486150063, 360.6875962622981, 363.93605429647204, 365.5373044049953, 366.1114475038871, 366.2755206673984, 366.3129459266281, 366.30399410137977, 364.4749234642585, 361.6617869066902, 361.5286821578824, 361.649302791123, 361.68294869913694], [362.7211768132212, 362.2856135496217, 360.4642828544203, 359.02902754336617, 357.0253904891432, 350.1285701219215, 348.0160833185691, 348.017279522285, 347.5895170906082, 348.1939834373079, 350.91633771616046, 354.9194154664053, 359.3343804388868, 362.8119711462145, 364.79328914138233, 365.66102244271457, 365.94290085843613, 365.99528840438256, 365.9919979641754, 364.3900130998083, 361.7040337864889, 361.20983376455564, 361.2368404268258, 361.2751716902907], [360.77599357805366, 360.47981715522656, 359.0783416268842, 357.5733424200822, 355.79361844309335, 350.18284264810524, 347.2589393190135, 346.9798769688967, 346.64181781360764, 346.9628130742187, 349.0345665510908, 352.4670135526113, 356.4504968852567, 359.9609463642996, 362.5553980083769, 364.23889894844746, 364.9839539937928, 365.0813146828849, 365.0851587978401, 363.72633881368637, 361.19623427938205, 360.0020419041185, 359.73675717788365, 360.12999915799315], [361.40949659552507, 361.2703979194907, 359.8539949440539, 358.33081828424304, 356.51055623162745, 350.67488963494327, 347.7619199321167, 347.4615195043798, 347.1205669997372, 347.417799587872, 349.55953881981253, 353.0824525836646, 357.3102761058412, 361.0116044642978, 363.5480176497152, 364.9115148025056, 365.39718993516675, 365.4723232613941, 365.4757369859148, 364.07679387667156, 361.535685038442, 360.7325209099872, 360.5897930811384, 360.5991444287433], [359.668034311737, 359.4222132129725, 358.3826270293553, 356.91593601592746, 355.2484336540694, 350.5071595741871, 347.15255453407104, 346.49063424588303, 346.17301486178803, 346.27376390462456, 347.86335648634883, 350.84163466450525, 354.60023785243146, 358.16921881034517, 361.3748481668648, 363.60835698053467, 364.47702438367077, 364.5858423440842, 364.5979471059527, 363.3924879259655, 361.0125863616124, 359.7893511454778, 359.3504492191704, 359.4638818536047], [352.6117919688041, 345.35165681678455, 343.49610641263325, 344.23434565954545, 343.50414766302646, 345.27301751435044, 348.2174897312333, 348.43086294778004, 347.6430105820913, 348.7790216610679, 352.11342681896775, 356.6195958960835, 361.39647813405384, 365.28242335804686, 367.3892503417741, 368.11359855959046, 368.3336308571045, 368.52474329096424, 368.57340214515364, 366.5873136935724, 363.09769453374133, 361.3057988836324, 360.52634762523326, 360.51030526174776], [350.0034316354352, 344.3982435084058, 345.2193362803399, 346.48699669627285, 344.4903361088634, 348.11707233549663, 350.97630433935547, 349.67653367863227, 348.86947284509625, 351.37261750137293, 356.31904529359366, 361.8606511403121, 366.99528727949973, 370.1231710296709, 371.1506381898791, 371.3361900591925, 371.4279769224584, 371.48611353372803, 371.4490618730248, 367.8160333941531, 363.3647030037529, 362.3967346938971, 362.15347207045863, 362.1672222693225], [348.11611282018623, 343.8250594946481, 346.1461231045241, 347.1532501302539, 344.3078742653133, 349.59750135769207, 351.82964388575994, 349.6721929521199, 349.15856880516907, 352.5237850592395, 358.2489358861902, 364.0669487802789, 369.11892022134816, 371.5588415099023, 372.055455130043, 372.12360655390825, 372.2200046891238, 372.22871544962095, 372.1662473028649, 367.61512038327544, 363.2076708287844, 362.67338043144514, 362.56541474848467, 362.57965529383307], [350.05354148237046, 344.2532158239705, 345.0646374498136, 346.3172864401646, 344.32592793494194, 347.93844822541456, 350.80362039041904, 349.5212311379477, 348.72171107880433, 351.1990830712395, 356.08294566301004, 361.5719965429643, 366.70853577205304, 369.83403209454934, 370.85874427190714, 371.0274654321024, 371.0875162023569, 371.163121393422, 371.15936724019804, 367.7975692209983, 363.1461668733818, 362.25538640255695, 362.0061134471416, 362.0098596659699], [351.32969139915826, 344.35917808711804, 343.72925925071394, 344.83067974183245, 343.57481219593944, 346.0652727274769, 349.0899654347923, 348.65136205130403, 347.7941713198191, 349.48084797389464, 353.45234160549927, 358.351011882588, 363.31024490426825, 366.8795926741582, 368.4487579752299, 368.8453722160049, 368.9455939637247, 369.0947086588676, 369.1334986441434, 366.72292588645496, 362.6240869040051, 361.3450549797341, 360.8092330278157, 360.8539177328347], [351.32969139916236, 344.35917808711815, 343.7292592507139, 344.8306797418325, 343.57481219594223, 346.065272727477, 349.0899654347745, 348.6513620513267, 347.7941713198781, 349.4808479738791, 353.45234160536126, 358.35101188256147, 363.3102449042693, 366.87959267415755, 368.4487579752008, 368.84537221437876, 368.9455943878797, 369.0947084551015, 369.133498457626, 366.72292588702777, 362.6240869040329, 361.34505498156574, 360.80923303508445, 360.8539177314312], [351.64389151723435, 345.684034326357, 345.0654324838973, 346.2225895737984, 344.9748286205741, 347.6723659073124, 350.60624642808983, 349.9283685032726, 349.03422107358176, 350.99978020985805, 355.5088463358703, 360.9188691339342, 366.10371549126927, 369.62505782500943, 371.06487871432637, 371.5118429161842, 371.736964577984, 371.73447541955113, 371.68797054371987, 368.16209415211176, 363.9201970466001, 362.57824094315595, 362.1639230904841, 362.18000809087795], [352.7020277346288, 346.3807504133161, 344.4932251596301, 345.24440600287335, 344.5374455613576, 346.45786005802967, 349.36745087525975, 349.39994892663395, 348.5612008972777, 349.88196880415046, 353.59176047044485, 358.48602660949433, 363.51795416066705, 367.4174417363633, 369.4064434472069, 370.1188074424398, 370.4086709124766, 370.51047632065405, 370.5742464437612, 367.81662556354166, 363.9038485469363, 362.1980296059589, 361.51512390707126, 361.49615170000135], [353.4626196174449, 346.5116519902957, 343.7142193114187, 343.8967731762612, 343.525514338814, 344.96340106861186, 347.7092400697093, 348.3107426546713, 347.6478356234745, 348.4464616392424, 351.3603497906768, 355.61014295902436, 360.2634700153669, 364.31198059235544, 366.7704173008593, 367.8114636912644, 368.2320494459914, 368.46865794128155, 368.8184991449694, 366.95368267672455, 363.5174831652838, 361.5362879699391, 360.57539667035303, 360.347739792326], [352.7452748778935, 346.57058557698866, 344.6731899931964, 345.4381784492745, 344.72343360284856, 346.6368077793313, 349.54925316269237, 349.57155511663194, 348.72873209451916, 350.0668435101435, 353.82062798950307, 358.76745520016505, 363.8211196036006, 367.73662038789513, 369.73273680656513, 370.44779584864955, 370.7384825290512, 370.8302037896306, 370.91420730633627, 368.06462635532284, 364.0443386335224, 362.35334859303543, 361.6415091072727, 361.6738394916099], [353.5806746233024, 347.31385827027805, 344.373908894139, 344.5742954639259, 344.1899729253824, 345.5989988056726, 348.34589421685433, 348.92711020101535, 348.2528470181728, 349.10015230478245, 352.13735437525906, 356.5456278102652, 361.32139281437196, 365.449053995251, 367.9411536585359, 368.996662293752, 369.4131781775982, 369.6080195368815, 369.9110594363453, 367.744904448654, 364.0193701889085, 362.02926753741514, 360.9976964813376, 360.9943630355539], [354.1124148631809, 347.36113055088055, 343.80970165636757, 343.38959001062716, 343.1508840499493, 344.2327975172476, 346.76116604667664, 347.7623035280846, 347.321642390997, 347.7878338821095, 350.12689726780184, 353.9035410385913, 358.21759904264354, 362.3322416856903, 365.2043977685269, 366.6235979010908, 367.2417106532442, 367.588956376758, 368.4043082976522, 367.06113605080986, 363.6097358083929, 361.30645466363904, 359.8935434075877, 359.85330644227525], [363.5980344618409, 362.4742494441012, 360.41640914745983, 359.27494603207253, 357.05758457100774, 348.9917423354786, 348.0999069020501, 348.26335914612923, 347.75647892405766, 348.7202508806272, 351.9882084167647, 356.55562438046013, 361.0190697903399, 364.1577465145708, 365.59358636554765, 366.062905875545, 366.1826205839752, 366.19246141899856, 366.17901371038545, 364.3783785508184, 361.64066741811604, 361.4491726084847, 361.57532441649954, 361.57978548951934], [362.4055747988661, 361.96009942264635, 360.1608405531481, 358.7783838466997, 356.832271754949, 349.8635889989258, 347.8221749551249, 347.8477910059146, 347.4758127135614, 348.1594722981962, 351.0558830535322, 355.48115948662956, 359.93803981607374, 363.24251073850576, 364.91117365716747, 365.5797400000886, 365.7882251961254, 365.8013200376492, 365.7907542921159, 364.21981112212177, 361.63853522780124, 361.0264927952812, 361.0716424193346, 361.07746112846405], [361.13059597567485, 360.95386691917065, 359.55043354882145, 358.07057882370066, 356.30570036025586, 350.5275172681101, 347.52399694663524, 347.2921796505339, 346.9983905946013, 347.36898275461687, 349.83992331422223, 354.1317832283182, 358.56415637083796, 362.0078042949135, 363.9740879039173, 364.91511139354435, 365.25215478193, 365.28373045327953, 365.27605733228376, 363.90397261993877, 361.4821491891182, 360.465378817157, 360.4025560160162, 360.4031452340219], [359.4189120443847, 359.12953073675163, 358.0899101402385, 356.6547916367878, 355.0373475849965, 350.3526116171572, 346.936848344122, 346.3155221436382, 346.046695123837, 346.21331146472824, 348.06326991091606, 351.6621780495459, 355.72706181420267, 359.1956210334867, 361.89730940688077, 363.6577599412067, 364.35101984309057, 364.4026170365165, 364.3997829134295, 363.2183160587925, 360.7880843179353, 359.14376682729, 359.26357248980725, 359.27075488589026]]
tau_S_star = [[345.6253193759024, 343.8543902092811, 347.61111809051374, 347.74825279302274, 344.0807433505301, 351.62987746781187, 352.5955323443453, 349.67641327118935, 349.6982210509545, 354.031836598386, 360.52047678606095, 366.56176996551886, 371.49881504274094, 373.0491225326195, 373.1499951592842, 373.149998228482, 373.1499985603773, 373.14999966408766, 373.1500000748743, 367.861129784588, 363.2725389648191, 363.1759790239393, 363.1563878604149, 363.1482748958895], [346.07398932102825, 343.80014332111534, 347.5499839016201, 347.8331343127129, 344.096121762959, 351.7468460553897, 352.58856491109657, 349.6822464557445, 349.6986774871272, 354.0728818090681, 360.6237950269587, 366.58809684277173, 371.49881503293665, 373.0491225313159, 373.14999515928423, 373.1499982860663, 373.14999854930727, 373.149999702685, 373.1500000746093, 367.364177597369, 363.27253896560507, 363.1800470215453, 363.1561709712967, 363.14827489532513], [348.4554002847305, 344.11057853446755, 346.51026266580004, 347.53383370412394, 344.6641730909949, 349.9536187012004, 352.1936486410071, 350.0107034971921, 349.49014713833566, 352.8946533360011, 358.69633957624245, 364.6123945725842, 369.7490188941851, 372.214288185025, 372.7145836166908, 372.7603475188065, 372.7978636128894, 372.8106198034866, 372.7997587569159, 368.32777435919843, 363.5349805564226, 362.99308440241214, 362.93349048857345, 362.93116440965963], [350.4801927563343, 344.6980816766664, 345.5805918412371, 346.85931921673676, 344.84353457613355, 348.4561857899241, 351.3237725277313, 350.01031712573024, 349.1980415175927, 351.73226250052727, 356.7358770023665, 362.36299833642187, 367.6003957819182, 370.7673142687599, 371.8030589650899, 371.9735961941444, 372.0306766628739, 372.074241854091, 372.06297450190124, 368.58282059529694, 363.6516539660976, 362.69582800212385, 362.5141023399221, 362.51431041997], [352.4466825508724, 345.4908063315429, 344.8901000954493, 346.0384159212533, 344.7443141302753, 347.21750447400956, 350.24872770410815, 349.7577487186374, 348.872946715123, 350.672199636654, 354.8899621760143, 360.08623108600693, 365.28171925971355, 368.9658386405807, 370.57410194636947, 370.98059837414183, 371.071024883927, 371.143673902863, 371.1603759878848, 368.4177261530641, 363.69990524027764, 362.42520017379763, 362.0476143377735, 362.0092352909576], [352.4466825508743, 345.49080633154284, 344.8901000954492, 346.03841592125406, 344.74431413027565, 347.2175044740103, 350.24872770409075, 349.7577487186672, 348.87294671514263, 350.67219963665326, 354.88996217612913, 360.086231086086, 365.2817192597176, 368.9658386405787, 370.57410194638237, 370.98059837330567, 371.07102487052873, 371.14367385483445, 371.160375988502, 368.41772615365227, 363.69990524036916, 362.4252001738414, 362.04761433168545, 362.00923529066773], [348.38607238544023, 344.11654580193925, 346.5110841837574, 347.5340782527545, 344.6658698772952, 349.96500412773173, 352.1947573478243, 350.01077607742025, 349.4901465932906, 352.8999022808735, 358.7139211184519, 364.6283835279116, 369.7490188932981, 372.2142881841318, 372.7145836175496, 372.760813165269, 372.7991813536447, 372.81061930540545, 372.7997472003055, 368.13328539413715, 363.53498055552177, 362.992677095765, 362.9334808592548, 362.93116441160055], [350.33873683629207, 344.7531571083722, 345.6412784671752, 346.92643942187266, 344.9103691150551, 348.5367419695084, 351.39587668370314, 350.07230042844986, 349.25634260892195, 351.8045352405699, 356.84532959269933, 362.4964225365375, 367.71559475785455, 370.881085553358, 371.9175068376846, 372.10467554837135, 372.1934889302046, 372.22645646470426, 372.1831636889172, 368.4059227833472, 363.73236719612373, 362.77093232848324, 362.58320238641153, 362.5772819004058], [352.0733156084352, 345.61581569042363, 345.0420731902199, 346.2039340661625, 344.9116942924727, 347.3972116432001, 350.4258489693878, 349.91666086228173, 349.0225006917644, 350.8422911182833, 355.1225231425538, 360.3786736661167, 365.5689994011441, 369.25431439823865, 370.86523059254137, 371.28464780573154, 371.40281145236094, 371.47111883326045, 371.4590135432835, 368.3772546870952, 363.89462328049166, 362.5754544892148, 362.19364975162273, 362.16493050939835], [353.80152255746947, 346.5596751478582, 344.6610181289293, 345.42048221647775, 344.6644080660476, 346.40153267360716, 349.34328935756, 349.52249595073346, 348.7156221606997, 349.9483707952861, 353.49849348878536, 358.27287898265496, 363.29536200331387, 367.32887350055944, 369.4881951205695, 370.23059149709565, 370.43532724730375, 370.544072981247, 370.56797702192455, 368.0494182479595, 363.9718068745889, 362.3615533986567, 361.73740336103225, 361.6613587736867], [353.80152255747157, 346.5596751478589, 344.66101812892964, 345.42048221647985, 344.6644080660481, 346.40153267360677, 349.3432893575687, 349.52249595077217, 348.7156221606991, 349.94837079535006, 353.49849348879036, 358.27287898266735, 363.2953620033179, 367.3288735005653, 369.48819512053257, 370.23059149410295, 370.43532729253235, 370.5440729222584, 370.56797703413173, 368.0494182483606, 363.9718068745794, 362.3615533986139, 361.73740336094295, 361.66135877340366], [346.3426960741423, 343.80574185774077, 347.5002989020518, 347.8478716498562, 344.18688905464296, 352.17873199372224, 352.52685213246184, 349.58949819956797, 349.722716437281, 354.32902584048327, 361.11959091780966, 367.0687994628865, 371.9020164936604, 373.0862044221479, 373.1499959055148, 373.1499984506579, 373.14999853350366, 373.1499998527906, 373.1500000739423, 366.976972676943, 363.27253896630043, 363.1770898682985, 363.15599513679064, 363.14827489652185], [348.52473769875314, 344.23624529721434, 346.61053854924006, 347.6208526834318, 344.82219607254854, 350.4275546047482, 352.3433120492351, 350.0309111683397, 349.5938647772523, 353.2271371224683, 359.3185123307338, 365.3225883896635, 370.3976807920624, 372.59429309528895, 372.9784795372534, 373.0092785832632, 373.0206499928437, 373.0235079544349, 373.01469462093803, 367.8211165771147, 363.6030268282924, 363.0742250440813, 363.0198778944866, 363.0180744521119], [350.3403811471723, 344.98774474955957, 345.84964356345057, 347.1310414052188, 345.15821380925314, 349.0398796007116, 351.71071121564887, 350.21477572169795, 349.43793852668375, 352.18792534885387, 357.5169782665414, 363.3336940123825, 368.5493906860772, 371.51698428999725, 372.39775705967355, 372.57636346986726, 372.66542232689, 372.6709074824672, 372.63120869051465, 368.2685036884261, 363.8803967094418, 362.9389805418207, 362.7569764584279, 362.7616827231416], [351.89184318720464, 345.9515762511477, 345.3850589467869, 346.5489714580818, 345.2905233085383, 347.98300633885975, 350.914985171109, 350.22334806861517, 349.32408179401716, 351.3195142429811, 355.8926644351073, 361.3802768256332, 366.6315243594621, 370.1876105063479, 371.63692741983596, 372.05425213575205, 372.2315192481977, 372.2432779124528, 372.18727016037855, 368.52017970219845, 364.16339828481705, 362.8738965507584, 362.4978957075017, 362.48390810507465], [353.29005305027584, 347.00749547690606, 345.19978640106615, 345.9631403598935, 345.2385427375035, 347.1375684558336, 350.04400763930977, 350.0538148938038, 349.20425890377095, 350.58428673234386, 354.42595946000625, 359.48492070518745, 364.663480327265, 368.6469071492906, 370.6649284285995, 371.3876861814741, 371.67508379847135, 371.73512018742645, 371.69871899771397, 368.6125962218752, 364.4251847890706, 362.82531821000504, 362.23243699629796, 362.1773272517385], [354.7003155027884, 347.7861980937611, 344.89907160110283, 345.07906910799807, 344.68555558885504, 346.08242855318724, 348.81792150019317, 349.3939915737458, 348.7194307923919, 349.60623204456454, 352.7170131853415, 357.21694386066576, 362.12019644557483, 366.33425072407897, 368.8539429373828, 369.9209285045841, 370.3298173229629, 370.4845048471726, 370.56152029582336, 368.14491377853335, 364.36965533526, 362.43290539939585, 361.6295636033996, 361.499313730935], [353.1636154751616, 347.02322395587004, 345.2001157890083, 345.9670121874153, 345.23926137023113, 347.13976277301236, 350.04755337469805, 350.0535530212222, 349.20420344035426, 350.58576086997255, 354.4347279924537, 359.5003844633825, 364.66478174023564, 368.64690714852816, 370.6649284351058, 371.38768620258935, 371.6752544850025, 371.735118874046, 371.6973800183827, 368.60147768842535, 364.42518478916526, 362.87893333611146, 362.2322469280286, 362.17732722400956], [354.185511808636, 347.96469026946374, 345.0840042181435, 345.272278859372, 344.873870169291, 346.2631586176525, 349.0010556844185, 349.56746572234977, 348.88808386608326, 349.7876167696692, 352.93950913640094, 357.4936300198355, 362.4192257425171, 366.64898125810055, 369.17825999813925, 370.2491683201471, 370.6593211424804, 370.8067406918886, 370.89920736945345, 368.4038621768275, 364.5229443151545, 362.706557025876, 361.75827535734305, 361.66845109126746], [355.4346775359857, 348.7293828332787, 345.0072134088563, 344.53244792551277, 344.2700400488123, 345.3275466557985, 347.83606150751825, 348.82162671766747, 348.3792863817995, 348.92536860787334, 351.4363787593943, 355.43379633018986, 359.99838107662595, 364.30248143042195, 367.2489037258878, 368.7034653983449, 369.30136520507267, 369.55889369404395, 369.8707981034709, 368.0027800357935, 364.4628861725312, 362.43819512232125, 361.169791109409, 360.99491861240904], [349.26136679601194, 344.2126558641894, 346.43743408315237, 347.61079236697833, 344.95203463146413, 350.88698295783524, 352.3625633498646, 349.8963279442444, 349.6005578863232, 353.53916298830916, 359.94916055939376, 365.99548357394457, 370.9881595013233, 372.7599311525378, 372.98946516931187, 373.0102733323975, 373.0214001669404, 373.0236190083584, 373.0136462342595, 367.7469973692721, 363.6030268276013, 363.0738346708886, 363.0198624763252, 363.018074361103], [351.6874815778083, 345.06730357070387, 345.6761557111889, 347.0817278214765, 345.3978013903075, 349.8599526671298, 352.00955235598195, 350.09921720964695, 349.50843943932153, 352.8360870595092, 358.8449646633854, 364.9145403920579, 370.0509285817863, 372.3377185280666, 372.78569102564575, 372.843009235201, 372.86225716006226, 372.86978324467685, 372.84900592858577, 368.31282191877517, 363.9420918267036, 363.01083173457715, 362.82827530553186, 362.82760815938684], [353.728431013601, 346.31969121827007, 345.3127094624729, 346.4760289717284, 345.58816180212267, 349.0510586921967, 351.5678640611043, 350.21433178542344, 349.4502310978047, 352.23322078506703, 357.8349794232968, 363.86784253710215, 369.12358046897486, 371.8483285853413, 372.54952104937456, 372.66376149760964, 372.694058593972, 372.70679396359026, 372.6795363066484, 368.74244956894614, 364.30226388271234, 363.0319503809383, 362.6397915810016, 362.6263893738012], [355.4402333049841, 347.87089243418876, 345.34786964932545, 345.9115606245502, 345.5600759445621, 348.3841807602397, 351.0841091963852, 350.2445546581693, 349.40695836530676, 351.7167370924013, 356.917774334553, 362.8677653635979, 368.2147924156531, 371.30048616005683, 372.27330103622137, 372.46860612112647, 372.5151845274423, 372.533251822971, 372.50375097145377, 369.0596857223163, 364.66415254314234, 363.14068393593357, 362.462122893932, 362.4142492314806], [356.0345646543227, 349.3335978981936, 345.6363984440972, 345.50492032955367, 345.3519483862316, 347.5840483137524, 350.39444454455224, 350.2504907186588, 349.41890129048505, 351.06927836274195, 355.4702182353723, 361.05365975969795, 366.5346145983477, 370.24291305669146, 371.8819727182471, 372.25133709164857, 372.323331169242, 372.3473184019174, 372.3201113119246, 369.2833370928408, 365.0133717190279, 363.33380090971656, 362.300710578982, 362.1896869602235], [357.1438198995696, 349.72535529775234, 345.7854001964221, 345.47508392689303, 345.3749618299145, 347.8207584871325, 350.6021480783662, 350.1944386093301, 349.35880235822884, 351.28822271194537, 356.131380124204, 361.9761927798377, 367.381212119473, 370.73230878331174, 371.96032627627994, 372.2535766781945, 372.3233939066708, 372.3473184108461, 372.32011131159425, 369.2833370844974, 365.01337171794773, 363.2742030891868, 362.2970613445938, 362.18968692400705], [365.0764314076995, 362.97987970125985, 360.9040057420344, 359.96663211071353, 357.41482472842034, 348.27575763557337, 348.7789733737131, 348.8388915470752, 348.2129224545879, 349.44342367589024, 353.026019917759, 357.6411245786148, 362.12546063978624, 365.1381845469408, 366.42747399859104, 366.7874130214273, 366.87153917159975, 366.89663790886385, 366.88040863063804, 364.75788794194636, 361.8270613951955, 362.19981356110833, 362.3515607208274, 362.34044287285695], [364.1508364762099, 363.0864497353811, 361.0308212226838, 359.8262689792007, 357.5327547292408, 349.4501275319259, 348.47109596684044, 348.60526248098637, 348.0874266779954, 349.00797013531565, 352.18221005224603, 356.5550372109191, 361.04967620998946, 364.30989713956643, 365.90825210669976, 366.44251386085557, 366.57291724537765, 366.61212433741, 366.60282107997114, 364.7647176971094, 361.93417214779095, 361.84253719288745, 362.0047282318842, 362.03069735246], [363.23486915289726, 362.9339328807284, 361.1371533397315, 359.69026383413717, 357.5865936355828, 350.52629305627113, 348.35786476510543, 348.32815181482573, 347.9188743119335, 348.56234017627537, 351.29988788252706, 355.3519270141766, 359.80852632668814, 363.30142527001516, 365.26253850744354, 366.0410422157553, 366.25598807648305, 366.30836260845666, 366.30505972369235, 364.6926699048627, 361.99668403982474, 361.54988217353593, 361.62975073424747, 361.6773410325504], [362.3195086934938, 362.4066032711636, 360.97020797199616, 359.42770949700895, 357.5483648580928, 351.61140648435116, 348.41180567314785, 348.0170683589611, 347.66896699967134, 348.0712712013431, 350.29993821853145, 353.93372050666005, 358.1445051560166, 361.8459738283041, 364.34619608843235, 365.5440670986983, 365.90934390339606, 365.9885029973718, 365.9923896833675, 364.58072558613924, 362.0237932203734, 361.3441358775486, 361.23238917420724, 361.2687831918827], [362.3203780078555, 362.40598042928684, 360.97020797026613, 359.4277094972448, 357.5482892042431, 351.48556887414145, 348.41377861872434, 348.0171100597031, 347.6689681482546, 348.0715941943924, 350.3038218867053, 353.94277198365427, 358.2589897280323, 361.99127066738856, 364.4309063682591, 365.55772080191076, 365.9093439037689, 365.988954534215, 365.99238968353137, 364.5807255847612, 362.02379324212717, 361.28566506029205, 361.2324239581319, 361.26878268855137], [361.18537110725777, 361.30864059205317, 360.2474401365334, 358.7539228337358, 356.98021718677927, 351.937812176251, 348.30639830887634, 347.51405893210966, 347.1833383624594, 347.35823087875127, 349.08477220183886, 352.2387588314915, 356.20414180921534, 359.98345775219263, 363.0438374437092, 364.7491935279957, 365.3393714660507, 365.4630954297574, 365.47533059013927, 364.24333472490633, 361.8381979986469, 360.89707889735683, 360.6135161436529, 360.59758654825987], [365.0700876976233, 362.9728195973637, 360.8691973714389, 359.9525504774872, 357.41962147769596, 348.22695225081037, 348.7687648622363, 348.83864954507914, 348.20130308029127, 349.45893476917826, 353.0925868583011, 357.7876439476721, 362.2481879013564, 365.21094190374333, 366.44264895185864, 366.78729301294277, 366.8713055105344, 366.89634660133515, 366.88052842615394, 364.76544692604966, 361.89028132901456, 362.21406256718836, 362.35155587025116, 362.34044278163043], [364.0862068075418, 363.00679281262, 360.9199171150815, 359.7716767350398, 357.50666066521336, 349.3351626723076, 348.41926511863153, 348.5699319046446, 348.0448521132525, 349.0228857141441, 352.3060667608744, 356.879092163824, 361.3537330903721, 364.5090111227054, 365.9612449507591, 366.4243426397028, 366.5305209112667, 366.5538740563019, 366.541827961712, 364.72253176242276, 361.98401814793016, 361.81978797522123, 361.9741670097791, 361.990252142439], [363.0658077368874, 362.7847931248212, 360.9872327737985, 359.59186589485694, 357.53712424829416, 350.36202582319277, 348.26193365055525, 348.24159744594715, 347.83570455583794, 348.5621486663336, 351.47676579057224, 355.90054657031806, 360.3675778538106, 363.69617640610056, 365.3793898683729, 366.00703443235955, 366.16836876130066, 366.19123014428453, 366.18061455617146, 364.59273980487256, 362.04080619031697, 361.4787034616659, 361.5543611148719, 361.5790418504323], [362.0377581335422, 362.0828824349537, 360.65958786569377, 359.16212123369553, 357.3382297982937, 351.36890330629575, 348.204215037157, 347.8441660180391, 347.544737188432, 348.0211865600904, 350.5179694977184, 354.77407562665707, 359.2045986750816, 362.6917655889483, 364.6535191565698, 365.5001487510814, 365.76340552956646, 365.7997334431167, 365.79201211928944, 364.406828166966, 362.0642876952437, 361.1249576469565, 361.0641390247601, 361.07649173234466], [360.92973187271036, 361.00220235541303, 359.9386465564725, 358.48105414344764, 356.7590923315465, 351.7749881536815, 348.08311748542314, 347.3326146602231, 347.052342339146, 347.29479357759226, 349.290183306326, 353.0893049310023, 357.38324249253276, 361.0512355639705, 363.58117713550126, 364.8030847381888, 365.2120305678151, 365.2798355187181, 365.2769707992185, 364.0673160420108, 362.1321788945635, 360.6399705408972, 360.4130246228365, 360.40304679857496]]
v = [[1.0000000197348016, 1.0000000197356194, 1.00000001973165, 1.000000019727308, 1.0000000197362657, 1.0000000197645544, 1.0000000197322367, 1.000000019583991, 1.0000000194947858, 1.0000000194455412, 1.0000000194452385, 1.0000000195880303, 1.000000019640821, 1.0000000196898664, 1.000000019603327, 1.0000000194849534, 1.000000019300838, 1.0000000191387743, 1.0000000192137788, 1.0000000194174743, 1.0000000196089394, 1.0000000196185397, 1.000000019706217, 1.0000000197345216], [0.9967638905531532, 0.9969213394814416, 0.9970262560170511, 0.9970786994811216, 0.9969738026880457, 0.9966063553300392, 0.9961070225530968, 0.9956069364482314, 0.9952906731969063, 0.9952116750324048, 0.9952117428731037, 0.9954810597211027, 0.9958186647290264, 0.995950406879874, 0.9957131261053948, 0.995396445362364, 0.9950529433108746, 0.994825382451481, 0.994973189747958, 0.9952900418227907, 0.9957119447360883, 0.9960805791271168, 0.9963435904633058, 0.9966063525260622], [0.99320507027743, 0.9935354666519702, 0.9937556386222766, 0.9938656969651415, 0.9936455618576376, 0.9928745123655858, 0.9917978695748455, 0.9906617410071462, 0.9898822385592321, 0.9895714129944416, 0.9894555160950782, 0.9899567380552814, 0.9906419326544097, 0.9909473496087209, 0.9905363903684937, 0.9899880146173445, 0.9894126745873755, 0.9890691390208429, 0.9894488479546646, 0.9901132915177742, 0.9909981574306775, 0.9917714240239506, 0.9923231985228064, 0.9928745075040278], [0.9896494267433606, 0.9901524687766441, 0.9904877034461119, 0.9906552828344551, 0.9903200987685089, 0.9891461634920108, 0.9874933776509367, 0.985722687104806, 0.9844811521901458, 0.9839391432577257, 0.9837076136138947, 0.9844400814427828, 0.9854719292002246, 0.9859505762565692, 0.9853663839747517, 0.9845869313486104, 0.9837803994545793, 0.983321223167812, 0.9839321751826571, 0.9849432734549453, 0.9862899497915476, 0.9874669298299094, 0.9883068626571783, 0.9891461562510384], [0.986096967365482, 0.9867723521928697, 0.9872224561726739, 0.9874474624648774, 0.9869974194251859, 0.9854213174545043, 0.9831935602739421, 0.9807897952383201, 0.9790874410641404, 0.978314896435315, 0.9779680679773174, 0.9789311186249415, 0.9803086779027513, 0.9809601080409525, 0.9802031304657239, 0.9791932224530548, 0.9781561484751337, 0.9775816674662056, 0.9784232002035206, 0.979780011276783, 0.9815873396359303, 0.9831671101044156, 0.984294593786122, 0.9854213073884321], [0.9825476994184711, 0.9833951231031026, 0.983959902363435, 0.9842422411200504, 0.9836775297021128, 0.9816999830699902, 0.9788984310864687, 0.9758630860927129, 0.9737011323015059, 0.9726987033257866, 0.9722369119403425, 0.9734298785075692, 0.9751522025032023, 0.9759759663715213, 0.9750466535878327, 0.9738069150563079, 0.9725399524701878, 0.9718505046979422, 0.9729219519545361, 0.9746235287377629, 0.9768903448348893, 0.9788719783078932, 0.9802864026961178, 0.9816999693989183], [0.9790016321172992, 0.9800207897847032, 0.9807000497234506, 0.9810396262342538, 0.9803604375853582, 0.9779821694544149, 0.974608004025671, 0.9709425806823118, 0.9683222532722896, 0.9670905950110513, 0.9665141785604423, 0.9679363902637171, 0.9700025270914148, 0.9709981729939505, 0.9698969774354617, 0.9684280366501982, 0.9669318426471356, 0.9661277679450379, 0.9674284596369638, 0.9694738498132358, 0.9721989834376823, 0.9745815490327929, 0.9762823016086499, 0.97798215252595], [0.9941473746199367, 0.9944320508723746, 0.9946217498915287, 0.9947165738946334, 0.9945269088900424, 0.9938625495039297, 0.9930145712905913, 0.9922749283362169, 0.9919224690350626, 0.9920535790415834, 0.9922727177618309, 0.9928796778743467, 0.9935333659007801, 0.9937166858127457, 0.9931238452125541, 0.9923326799098153, 0.9914380694276175, 0.9907746683244301, 0.9909102173088445, 0.9914829398392871, 0.9922455922193922, 0.9929119977077097, 0.9933874861020678, 0.9938625448276379], [0.991643001006935, 0.9920493876799271, 0.9923201964366182, 0.9924555661615463, 0.9921848036169362, 0.9912364123630104, 0.9900669425865047, 0.9891341063738796, 0.9887949008513214, 0.9891868649380903, 0.9896635316088662, 0.9906200346022564, 0.9915859264720585, 0.9918066356610076, 0.990837436581379, 0.989544256438931, 0.9880625921549204, 0.9869274173446021, 0.9870225696687315, 0.9878399243651904, 0.9889284010641799, 0.9898795734918159, 0.9905582815827446, 0.9912364057088869], [0.9880866974280649, 0.9886657933603926, 0.9890517053624545, 0.9892446158521986, 0.9888587645416355, 0.9875073372223764, 0.9857614793338658, 0.9841937771410457, 0.9833923020174938, 0.9835529742836328, 0.9839139622026883, 0.985101858608541, 0.9864145977500598, 0.9868086224936927, 0.9856660860009903, 0.9841416813853751, 0.9824286620307172, 0.9811777483261221, 0.981504273282595, 0.9826684861459423, 0.9842190220316895, 0.9855741043887458, 0.9865410995665278, 0.9875073274575179], [0.9809849474071067, 0.9819084279604114, 0.9825238863835539, 0.9828315571138266, 0.9822161766785799, 0.9800611316560206, 0.9771664978197955, 0.9743341377345165, 0.9726122541870178, 0.9723125338890637, 0.9724432861289156, 0.9740916967505231, 0.9760949159252049, 0.9768340513194774, 0.9753463780461532, 0.9733616617452531, 0.9711881741998841, 0.9697069531060863, 0.9704939674533962, 0.9723486736801334, 0.9748193661396177, 0.9769791135461624, 0.9785206074727835, 0.9800611146481819], [0.9774388750459306, 0.9785340903002397, 0.9792640298408926, 0.9796289385331308, 0.9788990804437401, 0.9763433121312816, 0.9728760623787125, 0.9694136225237369, 0.967233366786047, 0.9667044223496295, 0.9667205545657156, 0.9685982138311435, 0.9709452471359852, 0.9718562635641765, 0.9701967040047019, 0.9679827799200158, 0.9655800530350177, 0.9639841975777598, 0.9650004555832178, 0.967198978728182, 0.9701279927029496, 0.9726886751345626, 0.974516499009182, 0.976343291917314], [0.9845342255168488, 0.9852856657777561, 0.9857864480428684, 0.9860367858932526, 0.9855360746825362, 0.9837824778460055, 0.9814616437369952, 0.9792608664375462, 0.9779985796612675, 0.9779287334419748, 0.9781744385547332, 0.9795929262604363, 0.9812513781168549, 0.98181818177516, 0.9805028507167874, 0.9787479759675557, 0.9768043928326489, 0.9754381533300709, 0.9759952547130373, 0.9775051882050554, 0.9795163849751253, 0.9812742636067205, 0.9825288133307207, 0.9837824643900753], [0.9932058052857319, 0.9935361301094412, 0.9937562565314166, 0.9938662927437527, 0.9936462023259871, 0.9928753242057113, 0.9917989602595938, 0.9906631893242434, 0.9898839814242256, 0.9895733138895275, 0.9894574987033047, 0.9899585585551891, 0.9906435238467666, 0.9909488325070139, 0.990537981743197, 0.9899897570752045, 0.9894145756264849, 0.9890711224649597, 0.9894506694604305, 0.9901148838522309, 0.9909994698362038, 0.9917725139439924, 0.9923241433130279, 0.9928753179558676], [0.9896565834264056, 0.9901589406647178, 0.9904937384275851, 0.9906611052372523, 0.990326350243333, 0.9891540430707196, 0.9875039133707458, 0.9857366050711918, 0.984497836514932, 0.9839573068551191, 0.9837265405658318, 0.9844574930802661, 0.9854871918138175, 0.9859648201109807, 0.9853816482630061, 0.9846036134921495, 0.9837985657539637, 0.9833401577529612, 0.9839495960354881, 0.9849585448394815, 0.9863025830638887, 0.9874774644007891, 0.988316018880771, 0.9891540331680453], [0.986110539194798, 0.9867846271922591, 0.9872339036630934, 0.9874585072933267, 0.9870092769698723, 0.9854362561257572, 0.9832135275471278, 0.9808161622635931, 0.9791190396372417, 0.9783492918444967, 0.9780039064251675, 0.9789640924027023, 0.9803375882736532, 0.9809870915339541, 0.9802320439979747, 0.9792248172181448, 0.9781905492640497, 0.9776175203176205, 0.9784561913748451, 0.9798089378664024, 0.981611275810001, 0.9831870763190667, 0.9843119511653984, 0.9854362429249699], [0.9896512459886952, 0.99015411197457, 0.9904892344924012, 0.9906567593649345, 0.9903216853698193, 0.9891481709629564, 0.9874960699996708, 0.9857262556113735, 0.9844854405382426, 0.9839438173641875, 0.9837124870440993, 0.984444559355431, 0.9854758471340127, 0.9859542293769753, 0.9853703023508541, 0.9845912188562076, 0.983785074041919, 0.9833260986212135, 0.9839366555329292, 0.9849471939954043, 0.9862931853762316, 0.9874696207679762, 0.9883091974034761, 0.9891481609753523], [0.9861020011656692, 0.986776902771867, 0.9872266985916481, 0.9874515549909783, 0.987001814526817, 0.9854268633072558, 0.9832009821453576, 0.9807996092287007, 0.9790992141536439, 0.9783277178268518, 0.9779814305373666, 0.9789434070506884, 0.9803194437973963, 0.9809701526756609, 0.9802138975516744, 0.9792049938193533, 0.9781689716396588, 0.9775950354614522, 0.9784354951872588, 0.9797907835978148, 0.9815962448491875, 0.9831745302838865, 0.9843010397805239, 0.9854268496857141], [0.9825559454367567, 0.9834025794054179, 0.9839668549136092, 0.9842489485982054, 0.9836847318581374, 0.9817090630805839, 0.9789105757969717, 0.9758791352798637, 0.973720376427951, 0.9727196564336374, 0.9722587470695997, 0.9734499628379125, 0.9751698045130366, 0.9759923918659283, 0.975064257534737, 0.9738261567077718, 0.9725609087535951, 0.9718723486593942, 0.972942046945488, 0.9746411408400424, 0.9769049106552132, 0.9788841217013458, 0.9802969554490817, 0.9817090461758669], [0.9896675984876306, 0.9901689063407499, 0.9905030342235945, 0.990670074994669, 0.9903359780106776, 0.9891661619897795, 0.9875200971950971, 0.9857579547478086, 0.9845234032463992, 0.983985126527075, 0.9837555221810432, 0.9844841677636775, 0.9855105924554189, 0.9859866670403779, 0.9854050514417967, 0.9846291775971422, 0.9838263901152691, 0.9833691509150838, 0.9839762846725622, 0.9849819580226509, 0.9863219708729482, 0.9874936480447255, 0.9883300947493181, 0.9891661512130465], [0.998262306537618, 0.9983423812430545, 0.9985431685555617, 0.9985934899271763, 0.9985357922034577, 0.99919668356198, 0.9989580499229389, 0.9988124838671718, 0.9988279011063433, 0.9990239849428977, 0.9992192898369882, 0.9994816313755484, 0.9997162202506686, 0.999712246640502, 0.9993845344811335, 0.9990677530627121, 0.9986717706957139, 0.9983230129489212, 0.9982917415386876, 0.9984719652472364, 0.99870713850128, 0.9980790969946832, 0.9984666225930949, 0.9986022842076528], [0.996698685049863, 0.9967816427890438, 0.9969784943533081, 0.9970428759151616, 0.9969570518160176, 0.9980946926799307, 0.9978752207882213, 0.9980816524531176, 0.9987095414157994, 0.9997494521964091, 1.0006490424527765, 1.0013846646396505, 1.0018730093990267, 1.0017593442401018, 1.0008663386050973, 0.9997698565478962, 0.9984277648795451, 0.9972267270809887, 0.9968243292245381, 0.9970960022377455, 0.9974319472788631, 0.9964650447852906, 0.9971040462358783, 0.9972780284478452], [0.9954134610157404, 0.9954757150803839, 0.9956520972159858, 0.9957244869685835, 0.9956226397314696, 0.9973590621547258, 0.9972414157111354, 0.9979369340128541, 0.9993272239971531, 1.0013623060651748, 1.0030826354813813, 1.0043273273472426, 1.0050577833421854, 1.004794537557845, 1.0032791857476682, 1.0013239566022878, 0.9989341741404029, 0.9967776321949843, 0.9959205332088088, 0.9962483445424004, 0.9966350519415594, 0.9952263605758855, 0.9961116630509804, 0.9962892891709987], [0.9947131170196234, 0.9949652196095007, 0.9952806762849199, 0.9953883270358693, 0.9952159674511023, 0.9954754469392817, 0.9946630703949721, 0.9938860008050696, 0.9934418892231837, 0.9934081308324464, 0.9934884962250172, 0.9939807135821648, 0.994560011593092, 0.9947283454970052, 0.9942283213538863, 0.9936817444352274, 0.9930559106774413, 0.9925922043729877, 0.992790805457862, 0.9933157401005559, 0.9940103386638387, 0.9937841067472134, 0.9944585483557581, 0.9948810396997931], [0.9911670889627652, 0.9915909200483882, 0.9920208544456388, 0.9921857414090844, 0.9918989078505638, 0.9917576822801684, 0.9903727183163704, 0.988965608712634, 0.9880631590374738, 0.9878001924985093, 0.9877659445826233, 0.9884873869473569, 0.9894104698939225, 0.9897506726798576, 0.9890787774156989, 0.9883030158163975, 0.9874479693211138, 0.9868696452302715, 0.9872974696587156, 0.9881661902072435, 0.9893190749782858, 0.9894937483263544, 0.9904545057399751, 0.9911632695968801], [0.9809881647353432, 0.9819113380764704, 0.9825266004689897, 0.9828341758119393, 0.9822189879026689, 0.9800646717266751, 0.9771712290380054, 0.9743403827178322, 0.972619733562166, 0.9723206687511243, 0.9724517567628991, 0.9740994872095585, 0.9761017453037433, 0.9768404264582699, 0.9753532127068237, 0.9733691353780722, 0.9711963186226384, 0.9697154478554272, 0.9705017870389452, 0.9723555295102421, 0.9748250388010846, 0.9769838459066836, 0.9785247216335716, 0.9800646550289545], [0.9947131170205852, 0.9949652196102974, 0.9952806762849039, 0.995388327035787, 0.9952159674509347, 0.9954754469392538, 0.9946630703949795, 0.9938860008050348, 0.9934418892232404, 0.9934081308324421, 0.9934884962252516, 0.9939807135822468, 0.9945600115926579, 0.9947283454966102, 0.9942283213539372, 0.9936817444352334, 0.9930559106774572, 0.9925922043729704, 0.9927908054578707, 0.9933157401005658, 0.994010338663846, 0.9937841067472087, 0.9944585483557704, 0.9948810396997992], [0.9911670889634551, 0.9915909200489392, 0.9920208544456541, 0.9921857414089688, 0.9918989078503133, 0.9917576822800944, 0.9903727183164293, 0.9889656087125834, 0.9880631590374677, 0.987800192498421, 0.9877659445831163, 0.9884873869476548, 0.9894104698933688, 0.9897506726793579, 0.9890787774156978, 0.9883030158164039, 0.9874479693211446, 0.9868696452302409, 0.9872974696587473, 0.988166190207263, 0.9893190749783172, 0.9894937483263437, 0.9904545057399966, 0.9911632695968872], [0.9974047978256211, 0.9975581199879405, 0.9981746712196283, 0.9983001426077855, 0.9981980802965456, 1.0005004242475897, 1.00001923496181, 0.9996067006761116, 0.9994278591052955, 0.999526782211787, 0.9996734968828845, 1.0000330131306345, 1.000413317534843, 1.0003913463476053, 0.9998580379300239, 0.9995794881119674, 0.9991745605613709, 0.9987772086552463, 0.9988431116591513, 0.9991690591351622, 0.9995984512300027, 0.9973304143968116, 0.998323602675024, 0.99856731626575], [0.9967530419868387, 0.9969720487918969, 0.9980272967248063, 0.9982292924596705, 0.9980882238835118, 1.002190297901988, 1.0014913775658467, 1.0008392333893716, 1.0004860640373854, 1.0004978025560656, 1.0006009175408659, 1.0010476282353384, 1.0015586910159078, 1.0015041377304896, 1.0007623490345994, 1.0005425773475338, 1.0001455734794584, 0.9997046183505336, 0.999857716034562, 1.0003144310471435, 1.0009181251783064, 0.9968526280575034, 0.998475928916174, 0.9988141051970209], [0.9963409540830992, 0.9966168545478039, 0.9981376495257617, 0.9984177934078453, 0.9982439535832864, 1.0043310145500324, 1.0034432759429213, 1.0025833663446009, 1.0020790557376253, 1.0020152111907614, 1.0020805290830925, 1.0026028288836575, 1.0032272526292367, 1.0031230769263626, 1.0021693471430275, 1.0020323618955715, 1.0016629748702097, 1.001184219888933, 1.0014129077934848, 1.0019829940668532, 1.002737814780254, 0.9966904685353044, 0.9989726109479545, 0.9993894356433253], [0.9927949311561639, 0.9932425597228106, 0.9948778353376311, 0.9952152156116036, 0.9949269023844153, 1.000613280658599, 0.9991529646066935, 0.9976630274771661, 0.9967003888211659, 0.9964073414264517, 0.9963580487183291, 0.9971095680657183, 0.9980777689757296, 0.9981454566198442, 0.9970198564559482, 0.996653694434317, 0.9960551021312385, 0.9954617321491984, 0.9959196379712307, 0.996833502358954, 0.9980465996144103, 0.9924001236704081, 0.9949685865875881, 0.9956716812360957], [0.9965511922001493, 0.9968611792282359, 0.9989174564975459, 0.9992799647603717, 0.9990895649668269, 1.0076407426517557, 1.0066399600473166, 1.0056556924398972, 1.0050609377087207, 1.004951869600535, 1.004994572088381, 1.0055620948404966, 1.00625434520321, 1.006056273315949, 1.0048819854835547, 1.0048901589225216, 1.0045996268805715, 1.00409825648622, 1.0043721706480622, 1.0050100961944564, 1.005855361082748, 0.9973482362640229, 1.000363901276747, 1.0008181985883104], [0.9971752626551349, 0.997504210405168, 1.0001429866167446, 1.0005907605119153, 1.0003945609785554, 1.011734088005672, 1.010670454013433, 1.0096170478675726, 1.00897201367544, 1.0088378047054463, 1.0088679323871277, 1.0094605906379326, 1.010190539523941, 1.009868793142096, 1.0084675717675406, 1.0086628679155172, 1.0084855579360406, 1.0079716172523006, 1.0082706732545943, 1.0089463120474582, 1.0098418569006176, 0.9985516019132298, 1.002351543437503, 1.0028159833136818], [0.9959005970518343, 0.9960953272231294, 0.9963725308632754, 0.9964610535152381, 0.9963269492011079, 0.9967202909702254, 0.9961951099251831, 0.9959163791837545, 0.9960092938838321, 0.9965321194043602, 0.9970347514204045, 0.9976616640161919, 0.9982029677358781, 0.9982179388604318, 0.9974873760631431, 0.9966332660937516, 0.995603677703184, 0.994736239170935, 0.9946278752129244, 0.9950382622454731, 0.995580072941519, 0.9952200967467664, 0.9957989784157025, 0.9961258840060077], [0.9923482010498372, 0.9927152648891665, 0.9931073334767143, 0.9932532805458506, 0.9930043226807955, 0.9929955301446026, 0.9918954236966584, 0.9909836902411848, 0.9906158575395869, 0.9909081984878705, 0.9912955644138928, 0.9921530277711149, 0.9930399914884257, 0.9932277179825328, 0.9923243852082667, 0.9912398434336567, 0.9899797339293179, 0.9889969938474923, 0.9891191681483948, 0.9898752215163502, 0.9908776311365948, 0.9909203940997434, 0.9917868073002126, 0.9924011130763265], [0.9887989736611118, 0.9893380706611141, 0.9898448118521822, 0.990048089832694, 0.9896844669893156, 0.9892742498532182, 0.9876003777135499, 0.9860571099910493, 0.9852297236142911, 0.9852922132387464, 0.9855646375111974, 0.9866519965866807, 0.9878836922582587, 0.9882437347014849, 0.9871680761984754, 0.9858537185743493, 0.9843637332790305, 0.9832660278801054, 0.9836180895339197, 0.9847188792190213, 0.9861807429876104, 0.9866253364233429, 0.9877786784039521, 0.9886798249086315], [0.9852529266622767, 0.9859637547972886, 0.9865849753299083, 0.986845490288788, 0.9863673919134271, 0.9855564633266322, 0.983309992340049, 0.9811366691863137, 0.9798509322458111, 0.9796842091536004, 0.97984201903464, 0.9811586131030229, 0.982734105158334, 0.9832660207138362, 0.982018484196466, 0.9804749316836635, 0.978755721410248, 0.9775433898179338, 0.9781246822743561, 0.9795692706022169, 0.9814894350457989, 0.9823349442447078, 0.9837746084376214, 0.9849620329668163], [0.988802165444224, 0.9893409588328878, 0.9898475057879372, 0.9900506893749793, 0.9896872569145485, 0.9892777567732661, 0.9876050586273541, 0.986063280180237, 0.9852371064177096, 0.9853002400196175, 0.985572994386748, 0.9866596870414905, 0.9878904395070295, 0.9882500356852338, 0.9871748283763833, 0.9858610967363332, 0.9843717677616017, 0.9832744044622325, 0.9836258039086903, 0.9847256482481609, 0.9861863498313514, 0.9866300222244633, 0.9877827537829418, 0.9886833342689435], [0.9932136313198081, 0.9935432099998823, 0.9937628601454018, 0.9938726645560679, 0.9936530419647719, 0.9928839357512947, 0.9918104626607676, 0.9906783667009689, 0.98990215968441, 0.9895930956385753, 0.9894781075191162, 0.9899775253504424, 0.9906601605951157, 0.9909643636845817, 0.9905546202988121, 0.9900079334436651, 0.9894343606944028, 0.9890917395087668, 0.9894696461971194, 0.9901315295534674, 0.9910132514220207, 0.9917840158151047, 0.9923341460014736, 0.9928839283074482], [0.9896675984875832, 0.990168906340672, 0.990503034223669, 0.9906700749946218, 0.9903359780107217, 0.9891661619897839, 0.9875200971951001, 0.9857579547478079, 0.9845234032463983, 0.9839851265271118, 0.983755522181009, 0.9844841677636782, 0.985510592455394, 0.9859866670403805, 0.9854050514418147, 0.9846291775971477, 0.9838263901152844, 0.9833691509150692, 0.9839762846725679, 0.9849819580226711, 0.9863219708729596, 0.9874936480447145, 0.9883300947493521, 0.9891661512130229], [0.986100933315574, 0.9867759365033761, 0.9872257971880409, 0.9874506851675968, 0.9870008809755279, 0.9854256896660546, 0.9831994147981958, 0.9807975413689183, 0.9790967375991693, 0.9783250229378729, 0.9779786230379315, 0.97894082312449, 0.9803171771933474, 0.9809680366311714, 0.98021163070183, 0.9792025175575133, 0.9781662763281628, 0.9775922268439283, 0.9784329099105114, 0.9797885157336386, 0.9815943670275951, 0.9831729622323484, 0.9842996757350199, 0.9854256750962219], [0.9825548775756082, 0.9834016131273634, 0.9839659535014603, 0.9842480787671266, 0.9836837982978139, 0.981707889434388, 0.9789090084420252, 0.9758770674068097, 0.9737178998547207, 0.9727169615224015, 0.972255939546003, 0.973447378891264, 0.9751675378932684, 0.9759902758072564, 0.9750619906690187, 0.9738236804271116, 0.9725582134198679, 0.9718695400176012, 0.9729394616483353, 0.9746388729602121, 0.9769030328230258, 0.9788825536369045, 0.9802955913901878, 0.9817078715734862], [0.9825548775756637, 0.9834016131273602, 0.9839659535015873, 0.9842480787670015, 0.9836837982979035, 0.9817078894343985, 0.9789090084421046, 0.975877067406804, 0.9737178998546916, 0.9727169615225025, 0.972255939546042, 0.9734473788913034, 0.975167537893238, 0.9759902758072384, 0.9750619906690213, 0.973823680427139, 0.9725582134198878, 0.9718695400175928, 0.9729394616484045, 0.9746388729601866, 0.9769030328229709, 0.9788825536368465, 0.9802955913902344, 0.9817078715733861]]
z_mix = []
