JuMP_version = "1.31.2"
bound_error = """MathOptInterface.GetAttributeNotAllowed{MathOptInterface.ObjectiveBound}:\n\n## Cause\n\nGetting attribute MathOptInterface.ObjectiveBound() cannot be performed because:\n\nClarabel.MOIwrapper.Optimizer{Float64} does not support getting the attribute MathOptInterface.ObjectiveBound().\n\n## Fixing this error\n\nThis error occurs when we cannot query the attribute from the solver.\nNo other information is available. Check the solver log for details.\n"""
bound_objective_kind = "operating_cost_divided_by_frozen_scale"
budget_sec = 53.99998749996303
build_sec = 5.17701980000129
case_origin = "synthetic"
class = "SOCP"
elapsed_sec = 7.018729400006123
elastic_rows = []
fixed_flows = true
flow_schedule = [[1.3158478191596452, 1.1271044208329855, 0.7691811718353555, 1.1466674823044907, 0.7650793671734052, 0.7387152111165188, 0.7914506217558924, 0.8658306728044769, 0.830385175458831, 0.7085003972201085, 0.5988609289329753, 0.5738095354028778, 0.5738095316245022, 0.5738095613875388, 0.5738095655149009, 0.5738095732335652, 0.5738095830650091, 0.6018453482106638, 0.5838378228218272, 0.5789811545611557, 1.3388888848824114, 0.7831497773510976, 0.9591507689806897, 0.9563492063492065], [11.097129394877228, 7.459078717117114, 7.228688479354908, 6.977160041592738, 7.526393912936929, 7.7770653844863755, 8.07772584103023, 8.57221745681908, 8.330412639086038, 7.332427862969186, 6.330661581146868, 5.834821920746696, 5.7380952729546655, 5.738095540814511, 5.738095805553287, 6.533094200031359, 7.205684430951655, 6.632039256493118, 6.561869912108497, 7.692563987641468, 13.388888875807421, 8.35955641619652, 9.717415489260397, 9.563492063492065], [4.270442634061905, 2.9984397966698255, 2.9051062977899895, 2.7981984656877223, 3.0135042595326245, 3.1207468078130285, 3.2316906605919953, 3.4306747255974677, 3.338554414466387, 2.939691556552496, 2.5371849204363652, 2.3253396404538127, 2.295238109820599, 2.295238205227241, 2.295238271213603, 2.2952389229692796, 2.4490222907324135, 2.442652307692475, 2.336303251491938, 2.8757044927329014, 5.355555550058197, 3.403330716956677, 3.84939757611251, 3.825396825396826], [2.931553767425478, 2.242656376987328, 2.200481798330228, 2.1162409456141726, 2.2647920893110904, 2.369736028937935, 2.445273133067397, 2.580096014718591, 2.514596637278257, 2.2268664820591932, 1.9309377863880326, 1.7515301142917628, 1.7214285835155883, 1.7214286495769502, 1.7214286869952753, 1.7214288119394707, 1.7346176186177378, 1.8489741429083217, 1.7624937214966847, 2.3018949671777444, 4.01666666214336, 2.829515138168943, 2.913425566009233, 2.8690476190476195], [0.7963324490558492, 0.7470344663375925, 0.7410092343012135, 0.7159655919721918, 0.7586427004777858, 0.798682571958333, 0.8230136352155166, 0.8642145240488909, 0.842636507138248, 0.7494488366359718, 0.6525206826330034, 0.5888602944737165, 0.5738095286913281, 0.5738095508533128, 0.5738095598015809, 0.5738095719822001, 0.5804040049181556, 0.6196613288419073, 0.593150591673711, 0.8640427201729005, 1.338888887053183, 0.8361092516757777, 0.957375838362204, 0.9563492063492065], [0.7963324490558795, 0.7470344663375931, 0.7410092343012155, 0.7159655919721953, 0.7586427004777859, 0.7986825719583324, 0.8230136352155181, 0.8642145240488902, 0.8426365071382484, 0.7494488366359726, 0.652520682633004, 0.5888602944737158, 0.5738095286913281, 0.5738095508533128, 0.5738095598015809, 0.5738095719822001, 0.5804040049181555, 0.6196613288419075, 0.5931505916737114, 0.8640427201728995, 1.338888887053183, 0.8361092516757774, 0.9573758383622036, 0.9563492063492065], [5.487797903212698, 3.7026996869813824, 3.635061855025958, 3.5114841108792176, 3.75877457617375, 3.9296112273581327, 4.066594031799968, 4.287763268822554, 4.172586396037781, 3.695208355260796, 3.2060387417051075, 2.9356727512550864, 2.869047635757315, 2.8690477508042664, 2.869047860212352, 3.077547061108767, 3.487366935553565, 3.051138142395268, 2.928182852800333, 4.243049969151464, 6.694444438337171, 4.370813846472881, 4.817025641179944, 4.7817460317460325], [4.148909036227912, 2.9477827419518534, 2.931261743257639, 2.8310404575133017, 3.011005130080564, 3.1793141600790076, 3.2808813558138703, 3.437869803415278, 3.3492521553452597, 2.983036057851622, 2.6005600753365177, 2.361863225070725, 2.2952381095496586, 2.2952381945527165, 2.295238263125611, 2.295238617926915, 2.3178759469786945, 2.458549826802954, 2.3543733222611594, 3.6692404436050623, 5.355555550403583, 3.491938829721171, 3.869821008553109, 3.825396825396826], [2.8100201665275706, 2.201313830854716, 2.2149330102389393, 2.1414454115942823, 2.2658921984348126, 2.4090957430190225, 2.4837841218496997, 2.5882831088149407, 2.5218665791393877, 2.2569881566550523, 1.9767760144414934, 1.7880536997073324, 1.7214285836110448, 1.7214286462944746, 1.7214286878849416, 1.721428798388734, 1.7440662291935103, 1.8539637482998912, 1.7803126048127422, 3.0954309173379992, 4.016666662322245, 2.58985139264419, 2.8951842388549127, 2.8690476190476195], [0.7355656485988066, 0.7328280227071262, 0.7444790708923387, 0.7244075002700574, 0.7597088225516965, 0.8108340661520931, 0.8360543496417813, 0.8676482807059861, 0.8449758569854341, 0.7589110588738995, 0.6673409565887503, 0.6049233234350073, 0.573809528798554, 0.5738095505211734, 0.5738095606007073, 0.573809572955772, 0.585128313226373, 0.6243391494476416, 0.599856725574125, 1.2608106937437582, 1.3388888871106202, 0.8670140314481691, 0.9559810349443688, 0.9563492063492065], [0.7355656485987662, 0.7328280227071247, 0.7444790708923387, 0.7244075002700572, 0.7597088225516968, 0.8108340661520927, 0.8360543496417826, 0.8676482807059844, 0.8449758569854348, 0.7589110588739004, 0.6673409565887497, 0.6049233234350074, 0.573809528798554, 0.5738095505211734, 0.5738095606007073, 0.573809572955772, 0.5851283132263727, 0.6243391494476407, 0.5998567255741261, 1.2608106937437584, 1.3388888871106202, 0.867014031448169, 0.9559810349443741, 0.9563492063492065], [21.57453510857048, 16.435837481266105, 14.655081926388602, 13.892910701124471, 14.603787527501433, 20.541760288188232, 21.016714994172972, 21.65242443928291, 21.30396859145732, 19.93796141802281, 18.54568436744978, 17.9253169985391, 17.762668060519523, 19.296221828506617, 20.536342435057172, 23.00188100943571, 24.13579271185656, 23.368864940993262, 20.280361440574215, 21.98927214412874, 28.472222208267418, 16.946433191371664, 20.88689602989101, 20.33730158730159], [9.372154193893357, 6.02252047946293, 6.21826160976246, 5.618944711342533, 5.98642247243165, 6.310470352914758, 6.551995129804777, 6.852879502324859, 6.661487103174552, 5.937002560017235, 5.182261721862692, 4.747870151787281, 4.592033119145529, 4.590476422327522, 4.590477113709902, 6.229688389548751, 6.713319794096174, 5.607758951167027, 5.463963253298555, 8.053557872292934, 10.711111103857972, 6.395195893020953, 7.705333641442139, 7.650793650793652], [8.033265316927912, 5.033104558313822, 5.094134422856397, 4.948503755080489, 5.242378533711518, 5.566880748147746, 5.769147713331044, 6.004178334711395, 5.840486422157336, 5.2294709062098, 4.583088567431967, 4.17406062465324, 4.018223593135463, 4.01666684817952, 4.016667252814885, 5.063640923928235, 5.4394105694432175, 4.268870181487212, 4.890153716233403, 7.4797483463620145, 9.372222215745486, 5.821386368729495, 6.884742595305076, 6.6944444444444455], [6.6943764385266205, 4.2917922702059, 4.38247536010453, 4.271543433283509, 4.502796853457365, 4.8053981012612095, 4.977511440767663, 5.158096013086101, 5.017028127604148, 4.5093261493438, 3.966998312278736, 3.600251098916994, 3.4444140678128496, 3.442857292977023, 3.4428575288658885, 3.8809192078331622, 4.149984618450549, 3.6763271095001953, 4.316344186014467, 6.905938819952185, 8.033333327566707, 4.8008635541931355, 5.900215610815599, 5.738095238095239], [2.04034384487779, 1.4355551605365269, 1.4677628476277444, 1.4217895863334329, 1.5083187879674247, 1.6079533060195421, 1.6634774658664477, 1.722615375170271, 1.6763266179351275, 1.5080551587028006, 1.3273907599281924, 1.2027097499103911, 1.1476190533830581, 1.1476190989746278, 1.1476191422727133, 1.1476191772545632, 1.1597293949064276, 1.2305525527959422, 1.3792490182034114, 2.4949708001242876, 2.6777777756221868, 1.7314129641294287, 1.927747308046911, 1.912698412698413], [0.7014549768997758, 0.7168947414047004, 0.7413037599694683, 0.7241693961957876, 0.7608090868191136, 0.8153228166052264, 0.8439297817242027, 0.8695098173656741, 0.8449052843766011, 0.7634791913010512, 0.6759774446890171, 0.6146995809088976, 0.5738095279118337, 0.5738095518532462, 0.573809563083097, 0.5738095658382177, 0.5859198483057042, 0.624802533596523, 0.798702006047097, 1.3388888765178903, 1.3388888874298475, 1.157603440042426, 0.9511500034391686, 0.9563492063492065], [3.315143714751765, 2.128042336695292, 2.1962598276633996, 2.1649931393744906, 2.256329584908986, 2.4218670767234736, 2.5110520460384373, 2.589328349898228, 2.51531038006217, 2.270137003784816, 2.0073403115617903, 1.8237318238020077, 1.7229854893904035, 1.7214286454361696, 1.7214287231568366, 1.721428819875492, 1.7444064103557195, 1.8494594261012893, 2.363285638182306, 3.8371584912917793, 4.016666663687249, 2.1340387154500053, 2.8996646675342377, 2.8690476190476195], [1.9762548411254925, 1.4119358008415086, 1.4723382108035432, 1.4699582654331438, 1.5145815403756584, 1.6324174433316525, 1.6936203387061786, 1.7385485767619364, 1.686065899460114, 1.5276737918895522, 1.3580949147069679, 1.2379758796030012, 1.1491759645102666, 1.147619099142176, 1.1476191321395788, 1.147619148945808, 1.1705968549771297, 1.2462026178047423, 1.7852766161898614, 2.677777762934645, 2.6777777754776646, 1.526177907594023, 1.943388921359956, 1.912698412698413], [0.6373663994951134, 0.7056588497624879, 0.7399331252977871, 0.7632462738316043, 0.7650793662922026, 0.8273533906756975, 0.8587756889596408, 0.8782509622645926, 0.849986737020608, 0.7726884585209828, 0.6906151040917988, 0.6319676362129983, 0.5753664397279676, 0.5738095525180683, 0.5738095616909429, 0.5738095681016364, 0.5937514658873055, 0.6321733505395313, 1.1997138974535684, 1.338888882065755, 1.3388888874475882, 0.7757008389998599, 0.9554256615680556, 0.9563492063492065], [10.86349204034136, 9.656487060595653, 7.748808006083138, 7.6077181309876885, 7.8657216792940865, 13.516790241065712, 13.690152400634538, 13.950741822562739, 13.829560723285237, 13.311849658721679, 12.7853896290782, 12.603637311373037, 12.596825411796113, 14.131935641775483, 14.875613443868835, 15.620025616033839, 16.160969273250053, 16.422217243890287, 13.527072119205087, 13.361904745115792, 16.42222221678131, 9.977427769268408, 11.842673500746436, 11.730158730158731], [9.524603157138454, 8.890607818283545, 7.046163167468064, 6.937551060832032, 7.124078777694639, 12.785579070548716, 12.91303794056637, 13.10608533979289, 13.01445080698067, 12.61337531210522, 12.196958635286071, 12.029827780870805, 12.023015884211405, 13.558125607447366, 13.79974591061845, 14.462372504082932, 14.893712419576131, 15.083328422581998, 12.95326247779067, 12.788095219503122, 15.083333328611552, 8.638538881082997, 11.046131784048258, 10.773809523809526], [8.185714271823144, 7.551719012869474, 6.333149774269518, 6.260602968979051, 6.388543279670017, 12.040977553221898, 12.131204347106351, 12.264371661819728, 12.19794048371086, 11.906618502222855, 11.598599231715578, 11.45601825218847, 11.449206357374285, 12.489226274264396, 12.717360294729044, 13.298846080463223, 13.620320160921363, 13.744439586903972, 12.379452919843605, 12.214285693813103, 13.744444440441693, 7.299649992374128, 10.20107651351841, 9.81746031746032], [6.846825385584618, 6.212830158219678, 5.614845932697845, 5.5757114337406755, 5.655411064344625, 11.285426046902831, 11.343394237959004, 11.424283152140882, 11.380511847307208, 11.192590300292116, 10.990855555502609, 10.88220872438913, 10.875396830898353, 11.40453019420101, 11.62721631891815, 12.128938213715719, 12.340347598008417, 12.40555074883223, 11.805643361366698, 11.640476167375676, 12.405555552238908, 5.96076110418962, 9.172782103910878, 8.861111111111112], [1.3388888781581962, 0.7048936752410359, 0.7275511615498245, 0.7141276325084319, 0.7525061270665095, 0.7927609645821627, 0.8211553097783565, 0.8567811948500205, 0.8345955348246213, 0.7444219921530658, 0.6465474756009968, 0.5806214204163629, 0.5738095287499542, 0.5738097926385963, 0.8000793503975889, 1.2242010933361127, 1.3254844242407575, 1.3388841310275412, 1.3388887607289777, 1.3388888590997232, 1.3388888866779933, 0.5738095247320334, 0.9583928585177021, 0.9563492063492065], [4.169047620685659, 4.169047620440607, 4.169047620250902, 4.169047619849768, 4.169047619724339, 9.727777772756747, 9.72777777485446, 9.727777775844645, 9.727777776673905, 9.72777777675913, 9.727777776784647, 9.7277777766448, 9.727777775859549, 9.727777776599252, 9.727777776648212, 9.72777777676402, 9.727777776954808, 9.727777777232381, 9.727777777268484, 9.727777777268905, 9.727777777367644, 4.813142055454197, 7.186952360630106, 6.9484126984126995], [5.023586502889219, 4.976530124625804, 4.767432722007458, 4.769009016870904, 5.02046781943904, 6.378198030875276, 6.5608655112132785, 6.4604183873586045, 6.133528890454631, 6.277962662456061, 6.137471812484129, 5.858867987364377, 5.916828518718692, 5.941269886687231, 6.171651429264502, 6.484863607448419, 6.556211365127742, 6.768711237162557, 6.581945231316158, 6.535443773028343, 6.889927961576697, 5.150572042903692, 5.697048972131771, 5.738095238095239], [3.6846981201074107, 3.640065527711958, 3.4285438370168624, 3.4301201338129657, 4.422056693210672, 5.039309145723624, 5.221976635466447, 5.59827517555946, 4.7946400053166975, 4.939073777528834, 4.79858292580524, 4.51997909998631, 4.577939634615419, 4.602381012889319, 4.838207871544426, 5.911054023829741, 5.9571524700451155, 5.846653155030908, 5.969991825268228, 5.945522798159683, 6.302829869387729, 4.5767625181956895, 4.811260874485289, 4.7817460317460325], [2.59847317174771, 2.3011766674556933, 2.2952381148807057, 2.2952381260546404, 3.0831679351020425, 3.700420261499972, 3.883087779012906, 4.492043175340132, 3.4557511232306086, 3.600184895740284, 3.459694040124438, 3.18109021402675, 3.239050752073286, 3.26349214362313, 3.7155369557755775, 5.199247614343831, 5.355555480819588, 5.206149429931505, 5.355555449029216, 5.355555499028575, 5.355555485078821, 4.002952965998626, 3.9333012760177164, 3.825396825396826], [0.5738095604336458, 0.5738095330602373, 0.5738095278301573, 0.5738095313594224, 0.610666204560766, 0.7413459830415007, 0.8508806972070224, 0.9029256541170424, 0.8581716559800274, 0.7851444411544041, 0.7039594082224048, 0.6473165948072632, 0.5914132778145096, 0.5738095837126895, 0.7063525441617238, 1.1825824928686768, 1.3388888629704063, 1.2306013416227033, 1.3388888509822496, 1.3388888708963615, 1.338888874796483, 0.5865238879550269, 0.9670605301180647, 0.9563492063492065], [1.1501082539652214, 1.1535574505755386, 1.147619059394573, 1.1476190619988662, 1.2215091133609477, 1.6201853966666744, 1.6933190450939988, 2.250228656847115, 1.716318499804443, 1.5744329759393918, 1.4168457521352258, 1.3066317774542604, 1.3087485955598275, 1.35079370172327, 1.7429377928933936, 2.677776281805098, 2.6777777444207396, 2.636659960632221, 2.6777777331138037, 2.677777753787834, 2.6777777592575833, 2.077540189696411, 1.9493853191994222, 1.912698412698413], [0.5762986829175855, 0.579747922058347, 0.5738095334567349, 0.5738095322879502, 0.6177526871254597, 0.7365105694116855, 0.8527476370294194, 0.9113398394430103, 0.8657593148068493, 0.7953238576151855, 0.7190378204142527, 0.6655527278999745, 0.6092201680890097, 0.5738095941821528, 0.8018617995575535, 1.338887431830361, 1.338888867461153, 1.2977713972399405, 1.338888861314964, 1.33888887520108, 1.338888875327074, 0.7779480694529944, 0.9589635486621064, 0.9563492063492065], [4.145461117331622, 4.19251749539902, 4.4016148964047455, 4.400038598367121, 4.1485797870242225, 5.492436884979615, 5.309769406720408, 5.410216531541684, 5.737106029164331, 5.5926722572513965, 5.733163107257287, 6.011766932250138, 5.953806400259775, 5.929365033101703, 5.6989834905996934, 5.385771312465045, 5.314423554967374, 5.101923683071612, 5.288689688950014, 5.335191147250291, 4.980706958746224, 4.662570012356109, 4.751685523364866, 4.7817460317460325], [2.8888464932713114, 3.069291007232344, 3.0627260111205987, 3.0611497145970143, 3.549938251826253, 4.153547999909777, 3.97088053158371, 4.547535961864377, 4.398217143875397, 4.253783372118038, 4.394274220503727, 4.672878044686188, 4.614917515852712, 4.590476159031658, 4.366425898190068, 4.811961726104536, 4.714997375128548, 4.463540311569337, 4.676226253478043, 4.74493889290937, 4.39362132959177, 4.05462472769832, 3.805008480037624, 3.825396825396826], [1.8132790136110053, 1.7304021563905272, 1.7238371395276424, 1.7222608499289864, 2.211049443282654, 2.8146591159980847, 2.63199168282508, 3.591582227703298, 3.0593282607286345, 2.9148944890682733, 3.0553853343814206, 3.3339891576646097, 3.276028632281304, 3.2515872887705743, 3.205384590570481, 4.016665977300749, 4.016666613086643, 3.821980126001828, 4.016666585908074, 4.016666612863231, 3.2716247153098883, 3.1007496607803766, 2.8775397384572905, 2.8690476190476195], [1.1510634363817869, 1.1565925955820489, 1.150027612682948, 1.148451320098966, 1.2261639173738907, 1.4757702364626086, 1.7034027699786058, 2.2526933800690587, 1.7204393904060538, 1.5760056189964124, 1.7164964500764062, 1.9951002718740711, 1.937139750033124, 1.9126984271022025, 2.064553440366097, 2.6777771531754624, 2.6777777422017515, 2.6310524025913216, 2.677777728130414, 2.67777773921323, 1.932735830054414, 1.9815067637278505, 1.9181932328129314, 1.912698412698413], [0.577253857641109, 0.5827830671921496, 0.5762180874658865, 0.5746417935577159, 0.6204491024935646, 0.7382885056360596, 0.8562297711891201, 0.913804727011602, 0.8679503840240523, 0.7961984844309951, 0.7164241513389937, 0.6562113944547435, 0.5982508709583273, 0.5738096058921722, 0.7976593843409894, 1.3388882982136834, 1.3388888662318288, 1.2921639663298954, 1.33888885864928, 1.3388888606863718, 0.5938469437302473, 0.9282489708913366, 0.9565143993253129, 0.9563492063492065]]
flow_sha256 = "437d17d080ff34f8c3fa93b857decc783154f6718be8c29ff231c40d70b47d7e"
input_sha256 = "d514c3c2e94f962feb65717da43920559b4bcbca8613d2abcef2e1ed292d51b0"
objective = 492312.50260416174
objective_currency_scale = 2.097152e6
objective_kind = "operating_cost_divided_by_frozen_scale"
operating_cost = 492312.50260416174
operation_sha256 = "dd2b2cb059feeebe95767375a4b9e6eb974e544f10e3a9eeacaa4beda6bc049c"
primal = "FEASIBLE_POINT"
rescale_cones = false
seed = 0
solver = "Clarabel"
solver_bound = 0.23475289563640492
solver_objective = 0.23475289468963706
solver_relative_gap = 0.0
solver_version = "0.11.1"
status = "solver_optimal"
termination = "OPTIMAL"
threads = 1
variant = "r9_short_pipe_literal_v1"

[operation]
bounded_return = true
core_periods = 24
mode = "VF_VT"
reference_flow = [0.9563492063492065, 9.563492063492065, 3.825396825396826, 2.8690476190476195, 0.9563492063492065, 0.9563492063492065, 4.7817460317460325, 3.825396825396826, 2.8690476190476195, 0.9563492063492065, 0.9563492063492065, 20.33730158730159, 7.650793650793652, 6.6944444444444455, 5.738095238095239, 1.912698412698413, 0.9563492063492065, 2.8690476190476195, 1.912698412698413, 0.9563492063492065, 11.730158730158731, 10.773809523809526, 9.81746031746032, 8.861111111111112, 0.9563492063492065, 6.9484126984126995, 5.738095238095239, 4.7817460317460325, 3.825396825396826, 0.9563492063492065, 1.912698412698413, 0.9563492063492065, 4.7817460317460325, 3.825396825396826, 2.8690476190476195, 1.912698412698413, 0.9563492063492065]
source_temperature_K = 363.15

[source_hashes_at_solve]
"src/algorithms/r3_sensitivity.jl" = "3df89088e79f08b54ca140c45df40aa5d53dd60ee18e068038e67bf205216e42"
"src/components/devices.jl" = "01a86d8bb7bbbf0ad27f79acb099427ec18543a0a4b1b916f411f2e1a4053e2d"
"src/core/case.jl" = "dd5de1049fc740706fa9005f48b60d75e088bc68faa9f6092b9b310e7aaed624"
"src/core/r2_case.jl" = "11026416169278767a8900e84e5fb65f80113e405a4046a44f6b92dc983498d5"
"src/core/r3.jl" = "1a29d3ac34ebf6936b9055b737167e59cf746cc6b5fb1055b8f73db2ebd26f15"
"src/core/r3_operation.jl" = "0766d65a9c5772e8ac51b06142ef33a58b2a07041783ff0902756ce6c55c40b3"
"src/core/r9_inputs.jl" = "be2d4335404b883d81cde43135e352ab399985ef73ee70e6537eb35c23c72cf7"
"src/core/r9_pv.jl" = "8f4e6f87745ba4e9474a1884e4b358dcd5357e03e02296dced3527cfc4949785"
"src/formulations/r1.jl" = "e952963689b39d28dc490066e55c7e5ca2689cd0ce78982a5397b09713466655"
"src/formulations/r2.jl" = "7118267881dc2f362004c14da042ad1e208a87657144538a8e2ec6ce82619c12"
"src/formulations/r3.jl" = "83e7255d85dc0a607a0cf37a232c1e329da070fb9f787f9295380e9ab8495578"
"src/formulations/r9_flow.jl" = "77e4908d9c55f09210552ac9dc06d7595225f082584abbdcc1d18cea67ca8ae0"
"src/formulations/r9_pv.jl" = "345d74bc66c0977a01d7cd1423c01841b13f854999e7e4bf987cdd8953c64da0"
"src/formulations/r9_reduced.jl" = "4289e33cdae925640a20f115bc3559213254d0b7d21dc6214f86cfa224a538b3"
"src/networks/fixed_flow_heat.jl" = "620c069f6b3a520d32ee546ec048074f9cbaa3c785f8c2e31ec7fd7bf245a83b"
"src/networks/r9_short_pipe.jl" = "05bdff61e581ea0c5ea21574fe12c8f357fe4c1491ebcc6fe4288cf4a2486d0a"
"src/networks/water_mass.jl" = "ef76594a25d5a310f8265137e733d811c8dbefcf0aea0b3ff8be5ed7b05bceef"
"src/reporting/r2_runs.jl" = "c0174b63fb559bd87b66604e80018ab5b4a055a4dfe7c0257884ed1955ea1971"
"src/reporting/r3_modes.jl" = "39db6cf0c2226628f47e171a0cdb4f547b81ff0857edc3bf100b65191b564d16"
"src/reporting/r3_runs.jl" = "d58b4c7d4e89bbcae9252d04e531d964e9897f79d8c7cc277c130902f6843416"
"src/reporting/r9_pv.jl" = "f106842c758d291179c246a1b62e4fbd8fc34ac684e24042d603ae282ee136d5"
"src/reporting/r9_reduced.jl" = "5e6168c0ca1fb06f89843ed3ebe46aad2ec558a46e6336ee4622fea2d0ec1ba0"
"src/reporting/runs.jl" = "7cb0ad0bf0bc5ea77af73e08a8261982510ce869caef95e26b7d51730a43b635"
"src/verification/r1.jl" = "c81ba065cd5e6e38e37cc385d89b81e0915c26b10edb2dd0321fd91633c202d3"
"src/verification/r2.jl" = "47fec7dc944afd8d2e5ac99d6885994fa7ce2465c36dfdcf6984d50466391783"
"src/verification/r3.jl" = "82afeb350db18fca6ada3179f87c3d266e21f13bb922ae6841619811ca8dfddb"
"src/verification/r9_flow.jl" = "19676e6bfba28a238962ee812ac9f9431277c202c88878967ae72b06360fbaa4"
"src/verification/r9_pv.jl" = "739b8864ab391b219780f9f7d9d80cf699d3b82b3db79fb800026c2f6f405038"
"src/verification/r9_reduced.jl" = "4dbbc7d0d0816dfa433f010209faddaac90ba5fa65fddbb83d0b1f9dcdf5be18"
"src/verification/r9_sources.jl" = "1b65bc9360e1b1a3816800ecffb442d39336da92db4d11ed7ac055e5fcbeeb60"

[spec]
dynamics = "wmm"
dynamics_product = "exact"
formulation = "wmm_checked_v1"
heat_balance = "exact"
loss = "wmm"
mixing = "exact"

[values]
H_device = [[2.437219260282162, 2.4003405240723206, 3.2446102746219934, 3.373746978300129, 3.385982245133895, 6.798239065456642, 6.799359726425825, 6.799851356447797, 6.7999587170526175, 6.799950177392111, 6.7999803667649, 6.799979616105323, 6.78223063676119, 6.549744411217407, 6.239837615989641, 6.573738321057392, 6.793151564637924, 6.797909491576677, 6.799506640156851, 6.79989308321353, 6.799982534798118, 3.3979499173645173, 4.534692406817525, 4.5025020006494145], [0.9999992758197507, 0.999999100425706, 0.9999992800312298, 0.9999992809117851, 0.9999992806752952, 3.3606153564272687e-7, 3.3547148979765736e-7, 3.353421538645628e-7, 1.5087839564377258e-7, 1.1903230340992229e-7, 1.1953074770341742e-7, 1.1978600319249392e-7, 3.351273655054609e-7, 3.3475719995239603e-7, 3.3363387662337547e-7, 3.33904848587064e-7, 3.338985186904271e-7, 1.1862250329660084e-7, 1.1872520867469308e-7, 1.1912385376059919e-7, 1.2120205565939727e-7, 0.9999992781994665, 0.9999992845048173, 0.9999992851024359], [1.0877142581798955, 1.1488018767537704, 1.198733026504721, 1.1959825411619125, 1.1998343516130585, 0.29699025130472073, 0.3251491913580015, 0.36598642219617294, 0.34147553320710594, 0.3181318035228249, 0.278093628302425, 0.2324555045347656, 0.31603555292181656, 0.13990162537828502, 0.1343789530257549, 0.16307765615620345, 0.17156864182108078, 0.18486147269432462, 0.18663875055593498, 0.17547734021163672, 0.19380709602783522, 0.8803116032900238, 0.5959029109268533, 0.6460871603218359], [0.0, 0.0, 0.0, 0.0, 0.0, 0.0, 0.0, 0.0, 0.0, 0.0, 0.0, 0.0, 0.0, 0.0, 0.0, 0.0, 0.0, 0.0, 0.0, 0.0, 0.0, 0.0, 0.0, 0.0], [0.0, 0.0, 0.0, 0.0, 0.0, 0.0, 0.0, 0.0, 0.0, 0.0, 0.0, 0.0, 0.0, 0.0, 0.0, 0.0, 0.0, 0.0, 0.0, 0.0, 0.0, 0.0, 0.0, 0.0], [0.0, 0.0, 0.0, 0.0, 0.0, 0.0, 0.0, 0.0, 0.0, 0.0, 0.0, 0.0, 0.0, 0.0, 0.0, 0.0, 0.0, 0.0, 0.0, 0.0, 0.0, 0.0, 0.0, 0.0]]
H_port = [[3.437218536101914, 3.400339624497953, 4.244609554653223, 4.3737462592119165, 4.385981525809193, 6.798239401518178, 6.799360061897316, 6.799851691789952, 6.799958867932445, 6.799950296424413, 6.7999804862956355, 6.799979735891312, 6.7822309718885565, 6.54974474597461, 6.239837949623518, 6.5737386549622405, 6.793151898536443, 6.79790961019918, 6.799506758882058, 6.799893202337376, 6.799982656000125, 4.397949195563984, 5.534691691322344, 5.502501285751853], [0.160666666666728, 0.16066666666675258, 0.15665000000008955, 0.15263333333340398, 0.16066666666671126, 0.17673333333406244, 0.19280000000292824, 0.2008333333361693, 0.19279999999912184, 0.17673333334737745, 0.16468333337821092, 0.16066666666679266, 0.15665000000011034, 0.15263333333343682, 0.15665000000010215, 0.1687000000001113, 0.1847666666667873, 0.1968166731808737, 0.18878333362513597, 0.1767333311917901, 0.16870000000014657, 0.16468333333340282, 0.1606666666667512, 0.16066666666845325], [0.16066666666673424, 0.1606666666667542, 0.1566500000010206, 0.15263333333334334, 0.1606666666667375, 0.1767333333334567, 0.19280000000012315, 0.20083333333319517, 0.19279999999898717, 0.17673333333348984, 0.16468333333350305, 0.1606666666667975, 0.15665000000011797, 0.15263333333344578, 0.15665000000011017, 0.16869999999336696, 0.18476665502001466, 0.19681666666678757, 0.1887833280318299, 0.17673333333347271, 0.16870000000015653, 0.16468333333341229, 0.16066666666676052, 0.1606666665550293], [0.16066666666673446, 0.160666666666755, 0.15665000000008925, 0.15263333333341414, 0.16066666666673682, 0.17673333333345465, 0.19280000000008668, 0.20083333333310546, 0.19279999999927064, 0.17673333333356678, 0.16468333333358348, 0.16066666666679347, 0.15665000000011517, 0.15263333333344298, 0.15665000000010937, 0.16870000000011548, 0.1847666666667851, 0.19681667700748695, 0.18878333333346328, 0.17673333333347482, 0.16870000000014423, 0.16468333333341303, 0.16066666664834792, 0.16066666666388174], [0.16066666666673504, 0.16066666666675425, 0.15665000000008755, 0.15263333333342033, 0.1606666666667472, 0.1767333333334201, 0.19279999999995498, 0.20083333333304365, 0.19279999999972725, 0.17673333333370897, 0.16468333333377502, 0.1606666666670995, 0.15665000000011045, 0.15263333333343934, 0.15665000000010762, 0.16870000000011337, 0.18476666428712524, 0.19681668564538626, 0.18878333597478628, 0.17673333333346875, 0.1686999999997279, 0.16468333332636106, 0.1606666666435402, 0.16066666666216733], [0.16066666666673426, 0.16066666666675397, 0.15665000000008927, 0.15263333333342144, 0.16066666666673454, 0.1767333333333855, 0.1927999999999729, 0.20083333333335002, 0.19280000000011202, 0.17673333333398192, 0.16468333333440952, 0.16066666666809445, 0.15665000000010573, 0.15263333333343326, 0.1566500000001021, 0.1686999993550092, 0.18476669250233546, 0.19681665904251505, 0.18878332055903257, 0.17673333333340407, 0.1686999999989346, 0.16468333332352406, 0.16066666664694523, 0.16066666666722043], [0.1606666666667348, 0.160666666666754, 0.15665000000006504, 0.15263333333505405, 0.1606666666667405, 0.17673333333776556, 0.1927999999962089, 0.20083333334585549, 0.1927999999989782, 0.17673333350222728, 0.16468333309589686, 0.16066666666679874, 0.15665000000011856, 0.15263333333344672, 0.1566499999980235, 0.16869998823190133, 0.18476665922904145, 0.19681666666678715, 0.18878332735840292, 0.17673333333347116, 0.16870000000015714, 0.16468333333341323, 0.16066666666676116, 0.16066666812117023], [0.16066666666673565, 0.16066666666675308, 0.1566500000000882, 0.15263333333328727, 0.160666666666742, 0.1767333333334563, 0.19280000000007846, 0.20083333333305037, 0.1927999999991631, 0.1767333333334852, 0.1646833333334999, 0.16066666666679505, 0.15665000000011667, 0.15263333333344473, 0.15665000000011037, 0.16869999998908206, 0.1847666601367959, 0.19681666666678677, 0.18878333333346112, 0.17673333333347296, 0.16870000000014618, 0.16468333333341503, 0.16066666690668466, 0.1606666662639351], [0.1606666666667364, 0.16066666666675378, 0.15665000000008744, 0.15263333333341175, 0.16066666666674218, 0.17673333333344668, 0.19280000000000783, 0.2008333333329499, 0.19279999999936753, 0.17673333333351918, 0.16468333333352847, 0.160666666666792, 0.15665000000011475, 0.15263333333344334, 0.15665000000011037, 0.16869999999544796, 0.18476665860981578, 0.1968166791155658, 0.18878333333346303, 0.1767333333334726, 0.16870000000013652, 0.16468333337922808, 0.16066666680200006, 0.16066666638783006], [0.16066666666673643, 0.1606666666667542, 0.1566500000000877, 0.152633333333302, 0.16066666666674212, 0.17673333333356656, 0.19280000000403064, 0.20083333333834047, 0.1927999999991777, 0.17673333333400457, 0.16468333437834387, 0.16066666666679624, 0.15665000000011714, 0.15263333333344534, 0.15664999792042072, 0.16869999475289435, 0.18476666308821552, 0.1968166666667869, 0.18878333333346003, 0.17673333333347307, 0.16870000000014673, 0.1646833333334131, 0.16066666690629386, 0.16066666697092083], [0.16066666666673787, 0.16066666666675133, 0.15665000000008572, 0.15263333333341345, 0.1606666666667417, 0.17673333333348779, 0.19280000000095046, 0.2008333333361455, 0.19279999999935007, 0.17673333333378685, 0.16468333333830076, 0.16066666666679394, 0.1566500000001157, 0.1526333273733635, 0.15664999602016624, 0.1686999970643042, 0.18476666433649977, 0.19681666666678652, 0.18878333333346095, 0.1767333333334733, 0.16870000000013777, 0.1646833333830662, 0.16066666691611745, 0.16066666647931319], [0.16066666666673884, 0.16066666666674986, 0.15665000000008472, 0.15263333333342027, 0.16066666666676155, 0.1767333333334532, 0.19280000000030303, 0.20083333333383271, 0.192799999999501, 0.17673333333373104, 0.16468333333528268, 0.16066666666679175, 0.15665000000011425, 0.15263333945900096, 0.15665000164237664, 0.16869999862775126, 0.18476666498758235, 0.19681666666678618, 0.1887833333334617, 0.17673333333347221, 0.16870000000602461, 0.16468333342755415, 0.160666666845487, 0.16066666644003635], [0.16066666666673932, 0.1606666666667482, 0.1566500000000847, 0.15263333333342463, 0.16066666666676752, 0.17673333333341662, 0.19280000000008926, 0.200833333333704, 0.19279999999963224, 0.17673333333371122, 0.16468333333456067, 0.1606666666667897, 0.15665000000011278, 0.15263333564467962, 0.15665000424045114, 0.1686999999451289, 0.18476666546346052, 0.1968166666667859, 0.18878333333346, 0.1767333333342165, 0.16870000001647667, 0.16468333344813665, 0.16066666677978272, 0.16066666654546244], [0.16066666666673163, 0.1606666666667492, 0.15665000000008714, 0.15263333333342902, 0.16066666666676685, 0.17673333333338914, 0.19279999999992342, 0.20083333333317535, 0.19279999999983197, 0.17673333333375585, 0.16468333333493365, 0.1606666666700489, 0.15665000000010632, 0.1526333333334331, 0.15665000000009524, 0.16869997157724223, 0.1847666595591616, 0.19681666666677528, 0.18878333333353564, 0.17673333333603164, 0.16870000002778207, 0.16468333344560962, 0.16066666673926247, 0.16066666665904708], [1.0877142581798964, 1.1488018767537709, 1.1987330265047216, 1.1959825411619132, 1.1998343516130612, 0.2969902513047215, 0.32514919135800224, 0.36598642219617356, 0.341475533207108, 0.3181318035228271, 0.2780936283024257, 0.23245550453476901, 0.3160355529218179, 0.1399016253782861, 0.13437895302575634, 0.1630776561562049, 0.17156864182108222, 0.1848614726943256, 0.18663875055593598, 0.17547734021163822, 0.1938070960278357, 0.8803116032900244, 0.5959029109268535, 0.6460871603218366], [0.16066666666670934, 0.16066666666671325, 0.15665000000004972, 0.15263333333338716, 0.16066666666797116, 0.17673333333337163, 0.19279999999987749, 0.2008333333334629, 0.1927999999996908, 0.17673333333343677, 0.16468333333343593, 0.1606666666667626, 0.1566500000000889, 0.1526333333289929, 0.15664999596604187, 0.1687000000000932, 0.1847666666628192, 0.19681666666757072, 0.18878333546104553, 0.17673333333212093, 0.1687000000737749, 0.16468333338826266, 0.16066666644574573, 0.1606666666701429], [0.16066666666670973, 0.16066666666671356, 0.15665000000005017, 0.1526333333333876, 0.16066666666628787, 0.17673333333337116, 0.1927999999998787, 0.2008333333334618, 0.1927999999996991, 0.17673333333343708, 0.1646833333334361, 0.1606666666667627, 0.15665000000008922, 0.15263333333341406, 0.15664999612971664, 0.16870000000009364, 0.18476666666268074, 0.19681666666677508, 0.18878333541727094, 0.17673333314848974, 0.1687000002588435, 0.16468333338823196, 0.16066666644538177, 0.16066666667759397], [0.16066666666670834, 0.16066666666671245, 0.15665000000004983, 0.15263333333338647, 0.16066666666671733, 0.1767333333333449, 0.1927999999998428, 0.20083333333298595, 0.1927999999997669, 0.17673333333343588, 0.16468333333343366, 0.16066666666675994, 0.15665000000008678, 0.15263333333341733, 0.15665000000008558, 0.16870000000009042, 0.18476666666880046, 0.19681666667066766, 0.18878333333668032, 0.17673333980645606, 0.16870000003084498, 0.164683333340135, 0.16066666648466893, 0.16066666668489496], [0.16066666666670745, 0.16066666666671506, 0.1566500000000528, 0.15263333333338744, 0.16066666666670756, 0.17673333333331487, 0.19279999999981187, 0.2008333333330029, 0.19279999999983066, 0.1767333333334345, 0.16468333333343094, 0.16066666666675708, 0.1566500000000841, 0.15263333333341506, 0.15665000000008356, 0.1687000000000874, 0.18476666666676547, 0.19681666666693565, 0.1887833333352764, 0.17673333334419536, 0.16870000002787522, 0.16468333331017662, 0.16066666651787054, 0.16066666668910157], [0.160666666666709, 0.16066666666671606, 0.15665000000005316, 0.1526333333333846, 0.1606666666665774, 0.17673333333324656, 0.192799999999777, 0.20083333333305292, 0.19280000000047523, 0.17673333333369856, 0.1646833333339324, 0.16066666666741325, 0.15665000000008375, 0.152633333333413, 0.15665000000007628, 0.1687000000000783, 0.18476666666677538, 0.19681666666713857, 0.18878333333629702, 0.17673333334607644, 0.168700000021581, 0.1646833332744998, 0.1606666665484115, 0.1606666666654524], [0.16066666666670903, 0.16066666666671578, 0.15665000000005297, 0.15263333333338427, 0.16066666666665205, 0.1767333333332818, 0.19279999999975098, 0.20083333333302694, 0.19280000000014058, 0.17673333333353597, 0.16468333333364168, 0.16066666666702434, 0.15665000000008203, 0.15263333333341175, 0.1566500000000791, 0.16870000000008364, 0.18476666666678046, 0.19681666666713082, 0.1887833333363151, 0.17673333334613647, 0.1687000000216631, 0.1646833332912202, 0.16066666654686063, 0.1606666666705026], [0.16066666666671064, 0.16066666666671492, 0.15665000000005191, 0.15263333333337578, 0.16066666666666454, 0.17673333333322955, 0.19279999999974445, 0.2008333333330903, 0.1928000000003684, 0.17673333333376698, 0.16468333333407098, 0.1606666666674825, 0.1566500000000811, 0.15263333333341025, 0.1566500000000708, 0.1687000000000769, 0.18476666666681157, 0.19681666666742334, 0.1887833333374316, 0.17673333334703684, 0.16870000001393312, 0.1646833332761726, 0.16066666656902273, 0.16066666666082272], [0.16066666666673426, 0.16066666666675397, 0.15665000000008927, 0.15263333333342144, 0.16066666666673454, 0.1767333333333855, 0.1927999999999729, 0.20083333333335002, 0.19280000000011202, 0.17673333333398192, 0.16468333333440952, 0.16066666666809445, 0.15665000000010573, 0.15263333333343326, 0.1566500000001021, 0.1686999993550092, 0.18476669250233552, 0.19681665904252013, 0.18878332055903257, 0.17673333333340407, 0.1686999999989346, 0.16468333332352406, 0.16066666664694523, 0.16066666666722043], [0.16066666666673504, 0.16066666666675455, 0.15665000000008814, 0.1526333333334172, 0.16066666666673785, 0.1767333333334432, 0.1928000000000075, 0.20083333333300085, 0.19279999999949127, 0.1767333333336208, 0.1646833333336123, 0.16066666666679053, 0.15665000000011303, 0.15263333333344148, 0.156650000000109, 0.16870000000011443, 0.18476666666678623, 0.19681665789787245, 0.18878333773891678, 0.1767333333334729, 0.16870000000013394, 0.16468333333006877, 0.1606666666430942, 0.1606666666448725], [0.16066666666673474, 0.16066666666675472, 0.15665000000008908, 0.15263333333341425, 0.16066666666673926, 0.1767333333334552, 0.19280000000007236, 0.20083333333304948, 0.1927999999992501, 0.17673333333354932, 0.16468333333355936, 0.1606666666667937, 0.15665000000011556, 0.1526333333334435, 0.15665000000010984, 0.16870000000011381, 0.18476666666678385, 0.19681668987769177, 0.1887833333334631, 0.1767333333334744, 0.16870000000014476, 0.16468333333341115, 0.16066666664835436, 0.16066666661567483], [0.16066666666673451, 0.16066666666675528, 0.1566500000000882, 0.1526333333334172, 0.16066666666673043, 0.17673333333344543, 0.19280000000005948, 0.2008333333331488, 0.1927999999995387, 0.17673333333366298, 0.16468333333366653, 0.16066666666679, 0.15665000000011203, 0.15263333333344017, 0.15665000000010795, 0.16870000000011412, 0.18476666666678646, 0.1968166420988716, 0.18878333898261887, 0.17673333333347274, 0.16870000000013252, 0.16468333333031804, 0.16066666665099538, 0.16066666667198262], [0.16066666666673282, 0.16066666666675583, 0.15665000000008936, 0.15263333333341642, 0.1606666666667092, 0.176733333333431, 0.19280000000016112, 0.2008333333336302, 0.19279999999993644, 0.17673333333392877, 0.1646833331333555, 0.16066666606784363, 0.156650000000106, 0.152633333333433, 0.1566500000001019, 0.16870000000011004, 0.18476667796943957, 0.19681666707049775, 0.18878333426267707, 0.17673333333345892, 0.16869999999975213, 0.1646833333279774, 0.16066666665467283, 0.16066666666867627], [0.16066666666673282, 0.16066666666675583, 0.15665000000008936, 0.15263333333341642, 0.1606666666667092, 0.176733333333431, 0.19280000000016112, 0.2008333333336302, 0.19279999999993644, 0.17673333333392877, 0.16468333313335543, 0.16066666606784336, 0.156650000000106, 0.152633333333433, 0.1566500000001019, 0.16870000000011004, 0.18476667796943944, 0.1968166670704979, 0.1887833342626766, 0.17673333333345892, 0.16869999999975213, 0.1646833333279774, 0.16066666665467283, 0.16066666666867627], [0.16066666666673687, 0.16066666666675306, 0.1566500000000871, 0.15263333333341947, 0.16066666666675566, 0.17673333333342495, 0.19279999999993214, 0.20083333333290945, 0.19279999999954803, 0.17673333333356106, 0.16468333333355678, 0.16066666666678986, 0.15665000000011295, 0.15263333333344226, 0.15665000000010992, 0.16870000000011198, 0.18476666666678251, 0.19681666950567156, 0.18878333333346473, 0.17673333333347058, 0.1687000000055617, 0.16468333339679322, 0.1606666667345628, 0.16066666648873304], [0.16066666666673463, 0.16066666666675253, 0.15665000000008747, 0.15263333333342374, 0.1606666666667666, 0.17673333333338986, 0.19279999999987, 0.20083333333296668, 0.19279999999978872, 0.17673333333369354, 0.1646833333338045, 0.16066666666718415, 0.15665000000011003, 0.15263333333343912, 0.156650000000107, 0.16870000000011182, 0.1847666666667859, 0.19681666995454, 0.18878333491434032, 0.1767333333341512, 0.16870000001235871, 0.16468333339708702, 0.16066666669364618, 0.16066666664556936], [0.16066666666673443, 0.16066666666675194, 0.15665000000008994, 0.1526333333334271, 0.1606666666667548, 0.1767333333333459, 0.19279999999984226, 0.20083333333314102, 0.1928000000001299, 0.17673333333397837, 0.16468333333432575, 0.1606666666678324, 0.1566500000001061, 0.15263333333343349, 0.1566500000001016, 0.16870000000010885, 0.18476667633080188, 0.19681666498463968, 0.18878333333358674, 0.17673333333549004, 0.16870000001826735, 0.1646833333913404, 0.16066666668533092, 0.16066666666034776], [0.16066666666673576, 0.1606666666667521, 0.15665000000008747, 0.15263333333342405, 0.16066666666676074, 0.17673333333339225, 0.1927999999998635, 0.20083333333291736, 0.19279999999972983, 0.17673333333364138, 0.16468333333368526, 0.16066666666698579, 0.15665000000011084, 0.15263333333344042, 0.15665000000010834, 0.1687000000001127, 0.18476666666678565, 0.19681667036772152, 0.18878333470733574, 0.17673333333413727, 0.1687000000123784, 0.16468333339734786, 0.16066666669378452, 0.16066666658887485], [0.1606666666667336, 0.1606666666667513, 0.15665000000008905, 0.15263333333342655, 0.1606666666667545, 0.17673333333335203, 0.1927999999998106, 0.20083333333297226, 0.19279999999993083, 0.17673333333377642, 0.16468333333389637, 0.1606666666672157, 0.15665000000010862, 0.15263333333343795, 0.156650000000106, 0.16870000000011146, 0.18476667293393192, 0.19681665120993588, 0.18878333781763224, 0.17673333333549582, 0.16870000001838822, 0.16468333338914998, 0.16066666667646168, 0.1606666666282683], [0.160666666666736, 0.1606666666667505, 0.1566500000000908, 0.15263333333342646, 0.16066666666673537, 0.17673333333330707, 0.19279999999977926, 0.20083333333309353, 0.19280000000022324, 0.17673333333405375, 0.16468333333431143, 0.16066666667916285, 0.15665000003311655, 0.1526333333334335, 0.1566500000001017, 0.16869999846651673, 0.18476667366872626, 0.19681668477522282, 0.1887833333338144, 0.17673333333737348, 0.16870000002256966, 0.1646833333790197, 0.1606666666683738, 0.16066666664667037], [0.1606666666667075, 0.16066666666671162, 0.15665000000004864, 0.1526333333333854, 0.1606666666667168, 0.1767333333333456, 0.19279999999984, 0.20083333333298536, 0.1927999999997509, 0.1767333333334352, 0.16468333333343316, 0.16066666666675955, 0.15665000000008594, 0.15263333333341622, 0.15665000000008433, 0.16870000000008897, 0.18476666666676136, 0.1968166666713834, 0.18878333333447142, 0.1767333333416857, 0.1687000000319044, 0.16468333334484087, 0.160666666484271, 0.160666666674427], [0.1606666666667074, 0.16066666666671406, 0.15665000000005164, 0.15263333333338644, 0.16066666666670676, 0.1767333333333151, 0.19279999999980746, 0.20083333333299894, 0.1927999999998059, 0.1767333333334332, 0.16468333333342985, 0.1606666666667558, 0.1566500000000821, 0.1526333333334127, 0.1566500000000811, 0.16870000000008564, 0.1847666666667645, 0.19681666666694442, 0.18878333333531647, 0.17673333334443264, 0.1687000000287714, 0.1646833333150526, 0.16066666651679537, 0.16066666667575036], [0.16066666666670815, 0.16066666666671486, 0.15665000000005197, 0.15263333333338344, 0.1606666666666115, 0.17673333333327115, 0.19279999999977704, 0.20083333333302023, 0.1928000000001174, 0.1767333333335002, 0.16468333333342614, 0.16066666666675072, 0.15665000000007676, 0.15263333333340742, 0.1566500000000763, 0.16870000000008187, 0.18476666666678065, 0.19681666666714376, 0.18878333333637828, 0.17673333334644617, 0.16870000002085414, 0.164683333294213, 0.16066666654425582, 0.1606666666704294], [0.16066666666668633, 0.16066666666671386, 0.1566500000000505, 0.1526333333333729, 0.16066666666665572, 0.17673333333321553, 0.19279999999974884, 0.2008333333330808, 0.19280000000010522, 0.17673333333369873, 0.16468333333388524, 0.16066666666736923, 0.1566500000000766, 0.15263333333340595, 0.15665000000006812, 0.16870000000007537, 0.1847666666668133, 0.19681666666744363, 0.18878333333752315, 0.17673333334719554, 0.16870000065515287, 0.16468333328084223, 0.16066666656678125, 0.16066666666084803]]
P_branch = [[0.29825335984857815, 0.2837316259731095, 0.27405563327655846, 0.26921918339463335, 0.27889311389613836, 0.3127843560179562, 0.3582641451218562, 0.40265444585614385, 0.4295033018239993, 0.4338701745725504, 0.4315242059104749, 0.40538041147785986, 0.3737572475122235, 0.36218592174626263, 0.38583572995616766, 0.417401064625301, 0.4520317715379494, 0.47572993060783064, 0.4634888488061282, 0.43424135910645245, 0.39530384976794064, 0.36128875329366794, 0.33702356843903747, 0.31278440655144935], [0.1982208919935955, 0.1900778196101407, 0.1631309003873207, 0.15638998524415793, 0.1630841641704397, 0.06153469272319856, 0.08761995755683172, 0.09944621771149387, 0.09053433598921456, 0.05886847762522107, 0.028978351487365828, -0.00556992459789063, -0.031240264867934187, -0.030650768643604387, 0.014175225966087668, 0.05629818524104602, 0.10989589645209774, 0.158469296698448, 0.16628427308913274, 0.14526484778388205, 0.11798725794915943, 0.2147351682601759, 0.16292390130088297, 0.14751237316933064], [0.05958301439636715, 0.056685082540897325, 0.05475398174251578, 0.05378868703430362, 0.0557194468221891, 0.062482476515780316, 0.07215854212244244, 0.08282215568478146, 0.09059070615867659, 0.09447911781110929, 0.0964243398374156, 0.09253438113344736, 0.08670477937293031, 0.08379236705974824, 0.08670485231057534, 0.09059062949320751, 0.09447925181822359, 0.09642467119983822, 0.09253478165910556, 0.08670514208810887, 0.07894208884988152, 0.07215856489766526, 0.06731837270460739, 0.062482486436063356], [0.047624238269938335, 0.045309894744700596, 0.04376757019146438, 0.0429965789361586, 0.04453867538809031, 0.04993960441795253, 0.05766498603557113, 0.06617625842677022, 0.07237511461254531, 0.07547731544038427, 0.07702909734127217, 0.07392585941765062, 0.0692745801452761, 0.0669505412388749, 0.06927462893120384, 0.07237506378427194, 0.0754774055611791, 0.07702931899044585, 0.07392612730056403, 0.0692748224525972, 0.06307964958898382, 0.05766500258562157, 0.05380086632739589, 0.049939612292459135], [0.03568647291847005, 0.03395372731407598, 0.03279890743520686, 0.032221600442609244, 0.033376282999369566, 0.03741983320933029, 0.04320221877726227, 0.049570889814856356, 0.05420798043052111, 0.05652819858190483, 0.05768871903872386, 0.0553678751442348, 0.05188876810662979, 0.05015018008292205, 0.051888797458760294, 0.05420795026258318, 0.05652825328332001, 0.057688852422149495, 0.055368036306407964, 0.05188891369713455, 0.04725404413233325, 0.04320222994754763, 0.04031016634807494, 0.03741983906676394], [0.02376979395753498, 0.02261664535598995, 0.021848052129612938, 0.021463807148801806, 0.022232331474354217, 0.024923250152428356, 0.028770374877143956, 0.033006253433358834, 0.03608957019389347, 0.03763206968680821, 0.03840352649464274, 0.036860712356912684, 0.034547576729372365, 0.03339149426259791, 0.03454759140073316, 0.03608955545610404, 0.0376320975433575, 0.03840359326676235, 0.03686079298848455, 0.03454764953291001, 0.031465448747439506, 0.028770381489884755, 0.026846381930342833, 0.02492325398647033], [0.011874277461115357, 0.011298714341741123, 0.01091506324258118, 0.010723254941594762, 0.01110688299035889, 0.012449943009426256, 0.014369589788856496, 0.016482554504359648, 0.018020152988500904, 0.018789234121836307, 0.01917384430809954, 0.018404657654071954, 0.01725124148170787, 0.016674696196858907, 0.017251246347130822, 0.018020148338773856, 0.018789243687220347, 0.019173866415207907, 0.01840468421285113, 0.017251265681713646, 0.01571404096588025, 0.014369592685447019, 0.0134096229584586, 0.012449944827330528], [0.08344575528911657, 0.07938581469540207, 0.07668046487694169, 0.07532817251807167, 0.0780330121871049, 0.08750798654849068, 0.09805053945814834, 0.10394256571778815, 0.10275851216854504, 0.09312758137547972, 0.08379647615161678, 0.07173490453645437, 0.061181517040931555, 0.060120491764910744, 0.07321960336295907, 0.09070140383901437, 0.1112182821456682, 0.1278254779110255, 0.1296209403901567, 0.12145047002510112, 0.11057119879437849, 0.10106554126435219, 0.0942835475995547, 0.0875080006800606], [0.0714838649842433, 0.06800781223079144, 0.06569142962273578, 0.06453353358836056, 0.06684952243329811, 0.07496168499242484, 0.08356000875436642, 0.08732429618265436, 0.08460606083760336, 0.07423021040383615, 0.06453558087255407, 0.05326685123473629, 0.043884432999508505, 0.04340146226110453, 0.055901959910204635, 0.0725786107216857, 0.09227389125131125, 0.10844605101954397, 0.11100465323773268, 0.10401346815822321, 0.09470324127944707, 0.08656738352762106, 0.08076205102003109, 0.07496169707822964], [0.059541356529801526, 0.05664735452054148, 0.05471876557338029, 0.053754694433366224, 0.055682985545181474, 0.06243669459245216, 0.07209754771631527, 0.08274173201125445, 0.09049423892176955, 0.09437371728860589, 0.0963141316069358, 0.09243256460055682, 0.08661520272934209, 0.08370874384572291, 0.08661565272809302, 0.0904937481682333, 0.09437452785382283, 0.09631617954991833, 0.09243504011246961, 0.08661745623798356, 0.07886927500105956, 0.07209763548746517, 0.06726528637948737, 0.06243670464456974], [0.0475821835784187, 0.04527182531573093, 0.04373204650909068, 0.04296229487661485, 0.04450188994124704, 0.049893364463423406, 0.05760330985919215, 0.06609489763383292, 0.0722775661235937, 0.0753708933849242, 0.07691797461508454, 0.07382335715243893, 0.0691845141075269, 0.06686646510103222, 0.06918479194777971, 0.07227726376850074, 0.0753713943328298, 0.07691923854161042, 0.07382488488149286, 0.0691859040180649, 0.06300590757480262, 0.05760336573253233, 0.053747206393969904, 0.04989337248858461], [0.01187423435600321, 0.011298677158972703, 0.010915029712192714, 0.010723223162758533, 0.011106847812907494, 0.012449893180451532, 0.014369507651680768, 0.016482410325124652, 0.018019933978494107, 0.01878894419073185, 0.019173501015814276, 0.018404330493308585, 0.01725095819309197, 0.016674442916980503, 0.017250993096805445, 0.01801989676921889, 0.01878900705042752, 0.019173658817771777, 0.018404520886899256, 0.017251131346519344, 0.015713939708895452, 0.014369515657586485, 0.013409560516419283, 0.012449895080071549], [0.02376989599990087, 0.02261673310346568, 0.02184813102244454, 0.02146388186658177, 0.022232414633714948, 0.02492336775587356, 0.028770541977083397, 0.03300644838615718, 0.03608973717656294, 0.03763213396669718, 0.03840349066331217, 0.03686060644435174, 0.03454744524046083, 0.03339138248251561, 0.03454754987266284, 0.03608962329237597, 0.037632323104610954, 0.03840396665453949, 0.036861182139123594, 0.03454796835088203, 0.031465688336500985, 0.02877056386431276, 0.026846529601443958, 0.02492337186807525], [0.011874311599809673, 0.011298743669877265, 0.010915089564592195, 0.010723279870034741, 0.011106910733384767, 0.012449982146444327, 0.014369645818541832, 0.016482619705500356, 0.01802020887093536, 0.01878925551437849, 0.01917383235033654, 0.01840462194144621, 0.017251197555720355, 0.016674658755225336, 0.017251232660647542, 0.018020170861401175, 0.01878931920951077, 0.019173991330570628, 0.018404814621234777, 0.01725137227845197, 0.015714121134570158, 0.014369653654002779, 0.013409672294466102, 0.012449984300637595], [0.10722733796123363, 0.10201320171631556, 0.0985385840279891, 0.09680171637922141, 0.10027574583013887, 0.11244411317290037, 0.12985266438259435, 0.14903643258153765, 0.16301098163657102, 0.1700053749104644, 0.17350431776131203, 0.16650726331844035, 0.1560208641442482, 0.15078177383491642, 0.15602098982268764, 0.16301084991082604, 0.17000560582616564, 0.173504889554007, 0.16650795598762702, 0.1560214895022234, 0.14205640079229465, 0.12985270434051888, 0.12114470598916371, 0.11244413132684739], [0.023769334102221817, 0.02261624972167997, 0.021847695805455425, 0.021463469427571713, 0.022231955868157183, 0.024922719121800885, 0.02876955478487342, 0.03300500883961166, 0.03608793726501447, 0.037630215769751674, 0.03840155435972337, 0.03685897165953178, 0.03454614834233749, 0.03339020563165884, 0.034546162629350397, 0.03608792299528507, 0.03763024266315318, 0.03840162003637637, 0.03685905177150528, 0.034546219364548936, 0.031464372130433516, 0.028769561254123444, 0.026845716842381906, 0.024922723225226262], [0.011874123822414262, 0.011298582119828593, 0.010914944180541175, 0.010723142113679085, 0.01110675748905221, 0.012449765424418002, 0.014369315766729063, 0.016482138309957595, 0.01801960647446199, 0.018788613829560763, 0.019173184201162874, 0.018404074918546343, 0.01725076383970947, 0.01667426499291569, 0.017250768551966056, 0.01801960210720588, 0.01878862291570238, 0.019173206267150134, 0.018404102156311053, 0.017250787401725587, 0.01571368101148396, 0.014369318509273477, 0.01340940058490192, 0.01244976753816518], [0.07141465506438416, 0.06794522687868709, 0.06563307076930824, 0.0644772310998305, 0.06678906944404583, 0.07488550738815536, 0.08646545612168355, 0.09922198591733267, 0.10851175592207407, 0.11316049597483824, 0.11548581169523464, 0.110835630735731, 0.10386533241535711, 0.10038240802633003, 0.10386540038656134, 0.10851168539452316, 0.11316062160441143, 0.11548612059695662, 0.11083600479887545, 0.10386566981519518, 0.09458101963727916, 0.0864654800189033, 0.08067349269507851, 0.07488551936669752], [0.02376956322939794, 0.02261644682265551, 0.021847873316753308, 0.021463637722340945, 0.0222321430629131, 0.024922983704419588, 0.0287699629998035, 0.033005628089282535, 0.036088749226955485, 0.03763113748195712, 0.03840253464764731, 0.03685983722715713, 0.034546858655774004, 0.033390846881750536, 0.034546873384959875, 0.036088734588130444, 0.03763116498566332, 0.03840260094473846, 0.036859917239060014, 0.03454693060303726, 0.03146490771390131, 0.02876996954203026, 0.026846048017148405, 0.024922987654439233], [0.011874200388831913, 0.011298647941684559, 0.010915003457718786, 0.010723198322119654, 0.011106820026132835, 0.012449853979989545, 0.014369452093380142, 0.016482345433947332, 0.01801987813115269, 0.01878892220562367, 0.019173512282864014, 0.01840436468736839, 0.01725100132559687, 0.01667447966893776, 0.017251006299593197, 0.01801987356068846, 0.018788931702069966, 0.01917353442907288, 0.018404391372250695, 0.01725102517504773, 0.015713859957899423, 0.014369454953877314, 0.01340951130044532, 0.012449855895554585], [0.03566500246097504, 0.03393431152028903, 0.0327808025061167, 0.03220413328675398, 0.033357528635975076, 0.03739620173826408, 0.04317061020194868, 0.04952911762079126, 0.05415789147992034, 0.05647366084846861, 0.05763188431376176, 0.05531559838697242, 0.05184295347417733, 0.050107427972026386, 0.051842977627721165, 0.05415786682999868, 0.05647370624410053, 0.05763199474803904, 0.05531573265462564, 0.0518430738242992, 0.047216133853595466, 0.04317062047786635, 0.040282695292476633, 0.037396207720727936], [0.011874200370554089, 0.011298647986805799, 0.010915003502023346, 0.010723198330430561, 0.011106820080661217, 0.01244985393585929, 0.014369452133669025, 0.016482345447091484, 0.018019878300479242, 0.0187889223833706, 0.01917351227088826, 0.018404364529454043, 0.017251001414833267, 0.016674479599775305, 0.01725100620312703, 0.018019873646880624, 0.018788931687285126, 0.01917353432948299, 0.018404391572145018, 0.01725102534920664, 0.015713859857967583, 0.014369455002169795, 0.013409511331083701, 0.012449855911262908], [0.011874200370554089, 0.011298647986805799, 0.010915003502023346, 0.010723198330430561, 0.011106820080661217, 0.01244985393585929, 0.014369452133669025, 0.016482345447091484, 0.018019878300479242, 0.0187889223833706, 0.01917351227088826, 0.018404364529454043, 0.017251001414833267, 0.016674479599775305, 0.01725100620312703, 0.018019873646880624, 0.018788931687285126, 0.01917353432948299, 0.018404391572145018, 0.01725102534920664, 0.015713859857967583, 0.014369455002169795, 0.013409511331083701, 0.012449855911262908], [0.035664240545646875, 0.033933655810076235, 0.03278021177954682, 0.03220357330861345, 0.033356905909971646, 0.0373953220026253, 0.04316925272859051, 0.04952705969243465, 0.05415519385984946, 0.05647059887024897, 0.05762862838728244, 0.05531272396701459, 0.051840592173896693, 0.050105298478816396, 0.05184061618687785, 0.0541551697230247, 0.056470643302234835, 0.057628736741371256, 0.05531285508028061, 0.051840710107195154, 0.04721435372922489, 0.04316926294882206, 0.040281594258107845, 0.03739532814813118], [0.01187404778116563, 0.011298516654030477, 0.010914885190327128, 0.010723086154998507, 0.011106695317535165, 0.012449677613705967, 0.01436918025638767, 0.016481933088952072, 0.01801933761541341, 0.018788308575962365, 0.019172859737175862, 0.018403788350403794, 0.01725052821701656, 0.016674053082048834, 0.017250532988928757, 0.018019333026386475, 0.018788317751716743, 0.01917288134307027, 0.018403814812221198, 0.017250551581869056, 0.015713503497928993, 0.014369183123827067, 0.013409290858638512, 0.012449679742303932], [0.0118740478533228, 0.011298516696962357, 0.010914885186548373, 0.010723086171191554, 0.011106695378540365, 0.01244967767305738, 0.014369180223676725, 0.016481933004483196, 0.018019337535446933, 0.018788308654858143, 0.019172859386993313, 0.01840378845515178, 0.01725052815216177, 0.016674052821076257, 0.017250533113412958, 0.018019332980013347, 0.01878831772823797, 0.019172881370755457, 0.01840381471473118, 0.017250551759159682, 0.01571350320420062, 0.014369183062562962, 0.013409290745599822, 0.012449679663612212], [0.023769010687318515, 0.02261597189924691, 0.021847437966285188, 0.02146322351293839, 0.022231682922714935, 0.024922275342050382, 0.028768883134974388, 0.03300400016497629, 0.03608661166866711, 0.0376286918454416, 0.03839991476644222, 0.03685750028850854, 0.03454492141118792, 0.033389097692426484, 0.03454496376777727, 0.0360865783031179, 0.0376287493780203, 0.038400064247758436, 0.036857682629785504, 0.034545084585035246, 0.03146350562840827, 0.028768969104275177, 0.026845215531171585, 0.02492232086137469], [0.01187401581117653, 0.011298489273788181, 0.010914858078074241, 0.010723059915663802, 0.011106666301119894, 0.012449617218545761, 0.014369091170793657, 0.016481800968747518, 0.018019163017521933, 0.018788103905009068, 0.0191726354637487, 0.018403582750191383, 0.017250353335181767, 0.016673894654334775, 0.0172503675779474, 0.0180191522351838, 0.018788123273421053, 0.019172685685084456, 0.01840364381295534, 0.01725040772632025, 0.015713391303480595, 0.014369120565172366, 0.013409233087827266, 0.0124496331127939], [0.023769010687318515, 0.02261597189924691, 0.021847437966285188, 0.02146322351293839, 0.022231682922714935, 0.024922275342050382, 0.028768883134974388, 0.03300400016497629, 0.03608661166866711, 0.0376286918454416, 0.03839991476644222, 0.03685750028850854, 0.03454492141118792, 0.033389097692426484, 0.03454496376777727, 0.0360865783031179, 0.0376287493780203, 0.038400064247758436, 0.036857682629785504, 0.034545084585035246, 0.03146350562840827, 0.028768969104275177, 0.026845215531171585, 0.02492232086137469], [0.01187401581117653, 0.011298489273788181, 0.010914858078074241, 0.010723059915663802, 0.011106666301119894, 0.012449617218545761, 0.014369091170793657, 0.016481800968747518, 0.018019163017521933, 0.018788103905009068, 0.0191726354637487, 0.018403582750191383, 0.017250353335181767, 0.016673894654334775, 0.0172503675779474, 0.0180191522351838, 0.018788123273421053, 0.019172685685084456, 0.01840364381295534, 0.01725040772632025, 0.015713391303480595, 0.014369120565172366, 0.013409233087827266, 0.0124496331127939], [0.047154097642911896, 0.0473216351543726, 0.0476318402781819, 0.04718932902134654, 0.048038798169353525, 0.031263064375554483, 0.029689660853371436, 0.01676206760968868, -0.004700438424887654, -0.033618565194299066, -0.05762910840055446, -0.07326802848160985, -0.07854063789587729, -0.07748353600338254, -0.05854553506287474, -0.03248737506583832, -0.0008269628186665656, 0.02783014460452682, 0.04075876123173705, 0.038219885972239576, 0.035550639485633306, 0.04766402152568294, 0.03961791838161366, 0.0387840770941037], [0.0352662523468541, 0.036007272923184175, 0.0366995203399636, 0.036448865974290756, 0.03691466633762763, 0.0188199690559403, 0.015335502654450384, 0.000312952871125427, -0.022675867972671293, -0.05237550005334679, -0.07680102601308136, -0.09170511793064318, -0.09584192061819374, -0.09420857543706385, -0.07580628329763761, -0.05047810470011971, -0.01956717325646129, 0.008695919589021273, 0.022376506285158637, 0.020988233454431127, 0.019852021414591192, 0.03328924949451095, 0.02620981271594669, 0.026333169659038314], [0.05950379684466234, 0.05661345840575205, 0.05468717076219609, 0.05372422791865561, 0.055650230800719847, 0.06239500397489106, 0.069034668300205, 0.07063767441405733, 0.06634420932591856, 0.05518257889680522, 0.04509688850995919, 0.03462217024970138, 0.026425311947445573, 0.026532388542324314, 0.03843804852055177, 0.05432071447255149, 0.07322011299849085, 0.08899229916563978, 0.09234091201393313, 0.08653527339218403, 0.07880165633724712, 0.07204180285967143, 0.06721684554105023, 0.062395171710734054], [0.047580835228686835, 0.0452706670533114, 0.04373098304480472, 0.04296128329421389, 0.04450076573496853, 0.04989161774122031, 0.05760066286962484, 0.06609096823955318, 0.0722724986824228, 0.07536522610138863, 0.07691201100533918, 0.07381811160686325, 0.06918021023602239, 0.06686257184659428, 0.06918046273917411, 0.07227225557380135, 0.07536562951672354, 0.0769130444681847, 0.07381936653790899, 0.0691813469574194, 0.06300244804733168, 0.057600915814125964, 0.053745163770186455, 0.049891737304599726], [0.011874066114247794, 0.011298532610785506, 0.010914897045405825, 0.01072309699738927, 0.011106707405603933, 0.01244967512420092, 0.01436917762413592, 0.016481920191709465, 0.018019302247415103, 0.018788237983631717, 0.01917275781513883, 0.018403676428819127, 0.017250421750703238, 0.016673957630501945, 0.01725045331122277, 0.018019272583599033, 0.01878828846289693, 0.019172886759149854, 0.018403832959686284, 0.017250563106388395, 0.015713508428270906, 0.014369210131537358, 0.013409305652497538, 0.012449691055947731], [0.023769388860195306, 0.022616297505655414, 0.021847731113016966, 0.021463501443840016, 0.022231991989645206, 0.0249227108788872, 0.028769545646097017, 0.03300496882674109, 0.03608782797620558, 0.037629998537822784, 0.03840124332939654, 0.036858630434265294, 0.034545824260060476, 0.03338991637861932, 0.03454591929426165, 0.03608773664762821, 0.03763015096033029, 0.03840163266809293, 0.03685910317045593, 0.034546251988153864, 0.031464385724387034, 0.02876964183036468, 0.026845761000494184, 0.024922756749969688], [0.011874142150120726, 0.011298598116783243, 0.010914955954910655, 0.010723152765553134, 0.011106769587224896, 0.01244976281854826, 0.014369312714246796, 0.01648212495311463, 0.018019570021961195, 0.01878854103472638, 0.019173080211722704, 0.018403960937504404, 0.017250655430320894, 0.016674168523027166, 0.017250687196021408, 0.018019539756982228, 0.0187885922974953, 0.01917321045689424, 0.01840411910181805, 0.017250798176795534, 0.01571368548736829, 0.014369345449241955, 0.013409415350903675, 0.01244977870742825], [0.03199870864723442, 0.02947253089495616, 0.006096325350775977, 0.0017290256343402977, 0.003718842064672989, -0.09444871036170044, -0.08306175559536166, -0.07050893506207578, -0.06136759445746143, -0.05679364671598797, -0.054507126941024, -0.05908184152676865, -0.06550293466888402, -0.06318711720695047, -0.0520925597000621, -0.05577580796918502, -0.05662530927768472, -0.05445523197719959, -0.05906920764839074, -0.06593831760946567, -0.07508221725547148, 0.022938940888574066, -0.011123080311556066, -0.016054299450008802], [0.0201267660753357, 0.018176443609563275, -0.00480968576582641, -0.008985213752544574, -0.007378447459155391, -0.10696297118807174, -0.09747422996337307, -0.08701256838786642, -0.0793941435100598, -0.07558230384062625, -0.07367699975660025, -0.07748935985011807, -0.08276726172062299, -0.07987392879240507, -0.06934335118048152, -0.07379671074002259, -0.07541382169360422, -0.07362510331056726, -0.0774767785842605, -0.0832032081788805, -0.09082506477252084, 0.008581262694118186, -0.024519533436532237, -0.028494225588377997], [0.008262417387010279, 0.006887069425018266, -0.015713423064146026, -0.019698077365866373, -0.018473873890537673, -0.11950326379968224, -0.11191127779866128, -0.10353835069400463, -0.09744053892513871, -0.09438948311766304, -0.09286468923666735, -0.09591606622233706, -0.10005244898954513, -0.09658018215580477, -0.08660973523032589, -0.09183517826524623, -0.09422079227439184, -0.09281278532438164, -0.09590355517133098, -0.1004891597788955, -0.10659104785621532, -0.005768832195968576, -0.037917190553865554, -0.04093659967140173], [0.01187398014436325, 0.011298457599492995, 0.01091480736739614, 0.010723007895491632, 0.011106610374020942, 0.012449412516228886, 0.014368820359018875, 0.016481446990124438, 0.018018742511236585, 0.01878764807571809, 0.01917216137847877, 0.018403145360146755, 0.017249968350296907, 0.01667354749173855, 0.017250015106582195, 0.01801874661993441, 0.0187876675299119, 0.019172210552238056, 0.018403205161615643, 0.017250020688566625, 0.015713068543080855, 0.0143690301434789, 0.013409111191601708, 0.012449528298488888], [-0.015470524600885271, -0.015696074758142275, -0.037532246035864025, -0.04113517194442973, -0.04067677151679039, -0.14452710337253571, -0.14075084553409623, -0.13657805424452718, -0.13353676833680916, -0.13201455085025615, -0.13125431423225975, -0.13277658010780224, -0.13461920653722048, -0.12998945381589055, -0.12115160232013311, -0.12792082417080874, -0.1318455992939005, -0.13120245316483725, -0.13276422948096012, -0.13505697685366136, -0.1381031171657512, -0.03448419152558846, -0.06472978035492094, -0.06583516380652821], [-0.027327981308651106, -0.026979891084234486, -0.04844752710269007, -0.05186260862202596, -0.0517862098227182, -0.15720378887312703, -0.1553272783935018, -0.15324458317647482, -0.15172362813146179, -0.15096163034467747, -0.15058151131356312, -0.15134342553019953, -0.15204427372514107, -0.14682620152067072, -0.13853583056393592, -0.14609019092327413, -0.15079222432683514, -0.15052967614128243, -0.1513312902015802, -0.15248371337415234, -0.15400961525215062, -0.04883901955119385, -0.07816427715634067, -0.07831520199329445]]
P_device = [[3.0465240753527016, 3.0004256550904462, 4.055762843277488, 4.217183722875159, 4.232477806417369, 8.4977988318208, 8.499199658032282, 8.499814195559743, 8.499948396314878, 8.499937721740139, 8.499975458456134, 8.499974520131662, 8.477788295951488, 8.187180514021758, 7.799797019987051, 8.21717290132174, 8.491439455797403, 8.497386864470847, 8.499383300196065, 8.49986635401692, 8.499978168497677, 4.247437396705644, 5.668365508521907, 5.628127500811766], [1.0869557345866843, 1.0869555439410243, 1.0869557391643792, 1.0869557401215049, 1.08695573986445, 3.6528427698447505e-7, 3.646429226893349e-7, 3.645023389338016e-7, 1.639974777004818e-7, 1.2938293867837183e-7, 1.2992473197355968e-7, 1.3020218377957193e-7, 3.642688748057395e-7, 3.638665209173191e-7, 3.626455172975655e-7, 3.629400520420692e-7, 3.6293317179073696e-7, 1.289375031200044e-7, 1.2904914016759146e-7, 1.294824536008036e-7, 1.3174139034690896e-7, 1.0869557371733323, 1.0869557440269746, 1.0869557446765599], [1.1695852238493487, 1.2352708352191069, 1.2889602435534626, 1.2860027324321637, 1.2901444641000614, 0.3193443562416315, 0.3496227864064499, 0.39353378730771205, 0.36717799269580753, 0.3420772080890605, 0.2990254067767975, 0.24995215541372476, 0.33982317518474625, 0.15043185524546662, 0.14449349787715346, 0.1753523184475306, 0.18448241056030035, 0.19877577709066993, 0.20068682855477, 0.18868531205552266, 0.20839472691164984, 0.9465716164408854, 0.6407558182009184, 0.6947173766901454], [5.854914839644635e-15, 5.84932354290608e-15, 5.846658410529356e-15, 5.851987046818022e-15, 5.847040795248623e-15, 1.578856102765896e-14, 0.2999998352519793, 1.199999835105437, 2.399999906976449, 3.8999999067724347, 5.0999999066014015, 5.759999906483075, 5.999999833840021, 5.6999998338563636, 4.799999834127158, 3.59999983447552, 2.099999834902671, 0.719999907221256, 2.8063727644235063e-14, 2.8056181071113153e-14, 2.804769081749999e-14, 5.848011948804586e-15, 5.84254960488434e-15, 5.8419027075968055e-15], [5.991981967848307e-15, 5.984690850515244e-15, 5.980814705308822e-15, 5.982276666163384e-15, 5.982714693134404e-15, 1.5938345529997368e-14, 0.1499998368751463, 0.5999998368991587, 1.199999907744583, 1.9499999076886723, 2.549999907637254, 2.879999907581242, 2.9999998364856264, 2.8499998364866883, 2.399999836610058, 1.7999998367531027, 1.049999836927609, 0.3599999078611908, 2.8236046021650458e-14, 2.8226541385196102e-14, 2.821401060361238e-14, 5.988803536751566e-15, 5.9856499738931545e-15, 5.9840609389966915e-15], [6.154585174799283e-15, 6.151710561880213e-15, 6.151055324544183e-15, 6.149969781854918e-15, 6.151644642182309e-15, 1.61634095203464e-14, 0.14999983923094004, 0.5999998393459893, 1.1999999087912585, 1.9499999087436997, 2.549999908692788, 2.8799999086099732, 2.999999838897201, 2.8499998388716374, 2.3999998390287827, 1.7999998392385796, 1.0499998394816834, 0.3599999089574891, 2.857135039149794e-14, 2.85515594838304e-14, 2.85253047259083e-14, 6.164554104777782e-15, 6.161001226250031e-15, 6.157216014116861e-15]]
P_grid = [24.82371259210748, 23.690472279161295, 21.85932668319273, 21.28045843193834, 22.098863903327697, 18.715952437054884, 22.29420513393157, 25.105033178379035, 26.00188189065587, 24.636932609883736, 23.025127869887196, 19.99052434399359, 17.125849132211613, 16.576757655130063, 20.00054779610992, 23.684962493314497, 28.09638339949952, 31.709961365309077, 31.488656094758216, 28.97531034451188, 25.66455538585018, 28.801196077690978, 24.99737348699481, 23.01483898603777]
Phi_R = [[112.49857522080804, 122.57733451590926, 124.36216845353941, 124.69669723470987, 122.23312654741254, 100.64789083338431, 97.71916346620586, 88.47449981342245, 96.39198611101374, 101.21254290566841, 104.4146365691529, 104.43796375554524, 105.75699906707338, 102.49336889705597, 97.66864776182972, 66.54839842917269, 63.92183470359347, 67.57092302296905, 70.61706378182545, 65.2215739819317, 58.47254529352548, 110.65224735792843, 100.47809648372855, 101.81107151371793], [1914.8736011826122, 1912.8077433598758, 1909.1834027456694, 1913.254036676712, 1908.993237751682, 1907.1024266580212, 1907.2952742023094, 1907.2521725279305, 1907.5203470768004, 1906.928891507572, 1906.4662399353192, 1906.3285135530539, 1906.426762757885, 1906.1560726198118, 1905.786596801559, 1903.5333306161806, 1903.3314578496806, 1903.7471600355834, 1903.9276340299202, 1903.4965125688936, 1911.0852848074883, 1908.2601636324487, 1909.0922047196366, 1909.1682427029791], [616.995292907405, 636.9209209081647, 637.701169298893, 639.7861355203922, 635.3249029201629, 622.8029592129617, 619.1793409484578, 611.5351744220719, 617.0241242801508, 627.585120274055, 636.2160140255259, 640.2109257019919, 641.8669279387793, 640.6246325467249, 638.7866386382481, 627.4126755325794, 625.665546467614, 625.2186709097808, 628.0198667656789, 578.9781283429426, 512.3670934435588, 619.0508989615025, 604.263021081108, 605.4033870516344], [1184.2306694748497, 1195.69369528121, 1196.2831999571897, 1198.6376283834825, 1194.3153592624994, 1186.5716037341213, 1183.4396546192422, 1177.2958451766042, 1181.1457083495545, 1191.7229620697249, 1200.4835321759679, 1205.0211404064871, 1206.2934091298364, 1205.7962268482154, 1205.0678441683428, 1200.584787769855, 1200.1200043334668, 1197.696453958329, 1200.030566623961, 1164.8444349995864, 1072.711871484056, 1178.394710752459, 1165.5562398924649, 1166.6295657263206], [1695.8713597415685, 1687.502202187523, 1686.542547672581, 1687.7848028838794, 1685.5030624648643, 1680.4277943756429, 1678.220498117595, 1675.1456271854847, 1677.5518103833297, 1684.4111258508171, 1690.2203649971116, 1693.4489205529528, 1695.0741499294165, 1694.913115707324, 1694.6889731910057, 1693.5407609647557, 1693.2392550580926, 1690.9300962251502, 1692.2719385478827, 1604.0603710871278, 1600.5216179410447, 1676.4528955882874, 1667.3545604105793, 1666.9962295034966], [2097.756124015988, 2095.1950272573786, 2095.2538799942354, 2094.968278422469, 2095.5065713522754, 2096.258726184777, 2096.680468142379, 2097.3255677231346, 2096.8909658768935, 2095.5228392716695, 2094.3721516066994, 2093.7635786339806, 2093.532795958419, 2093.53213961208, 2093.5506915334395, 2093.774731973014, 2093.966512467836, 2094.13209383431, 2093.9323810993214, 2104.0166556102167, 2112.2788756031746, 2097.298675471554, 2099.2283199215362, 2099.1226809335503], [352.3035431666382, 366.57553859686874, 368.9548293380857, 369.284864799299, 363.75106299386636, 313.42571894960827, 306.7843512620959, 283.50247092959563, 304.0140176321722, 313.1803173533639, 318.32278875715355, 316.86482603615275, 319.94759320837494, 313.2053300916816, 302.20631118881585, 223.43735035077117, 218.9163138638802, 227.05041199790378, 229.7645170823696, 221.6436844457116, 226.73426286247224, 337.7015377879987, 317.81358351180756, 320.48652649062115], [765.069769148241, 799.5732902158841, 798.551744537955, 798.1233935887994, 792.9592312707108, 762.090318374744, 755.0649089441974, 740.7790249599748, 753.9755467444251, 768.118707816372, 779.0266269287448, 783.2984700854402, 787.59972102985, 784.5696733629836, 779.5441808334441, 744.2490264991408, 740.987233170369, 744.0220502817754, 702.8863233234364, 608.9861810973409, 597.3821925345297, 766.382653111269, 741.0517444901807, 744.3497587481183], [1060.1488279656694, 1090.8174406561561, 1088.1615219856546, 1087.6535122217272, 1083.1980008019357, 1059.6120750508553, 1052.642879049679, 1041.8997907171276, 1052.425117009047, 1067.5296117635396, 1079.7361332653563, 1085.6215543058252, 1090.3931013161884, 1088.601439186136, 1085.5798109059756, 1066.447421909871, 1064.5015456716599, 1061.8781056920182, 1002.7993390151213, 879.5170016060634, 875.7269703132414, 1057.07275989896, 1032.5445109569685, 1034.8904925115644], [593.7763915303694, 604.862891708211, 606.9656467312722, 607.2046065904746, 598.0722601434574, 521.8148334223552, 511.69975726318614, 473.53313887901083, 507.5072581349511, 519.3153272458109, 524.5079060934048, 520.3712763265073, 525.1473453437851, 519.8445668783511, 504.8298946863227, 383.83230846072075, 380.54336581802136, 395.5181622675351, 383.998786259792, 378.46779044279623, 406.2559101226683, 557.6222432378777, 529.88598756843, 534.3077699823039], [780.5804671774773, 790.0952493907678, 789.6060061079748, 789.7139812298049, 778.2263351859284, 696.3123214878747, 684.1489874449011, 636.3811988867823, 679.2493618426041, 691.8313259228503, 696.0256197623403, 689.6044259431142, 695.5384580988733, 696.8940482959503, 678.358944084211, 530.7597285261078, 529.7417377645988, 549.9766777367381, 522.4819679983764, 517.7393061573476, 567.9856650810885, 728.8336006037218, 701.2310629755378, 705.8191971188736], [938.1714838959527, 945.8706235985984, 943.2363438926225, 943.2295439624339, 929.908961061743, 856.5165204214738, 842.9855983613237, 788.1779858004414, 837.6530926846168, 850.175657576156, 852.8844175387063, 844.2732187161253, 851.0789720544144, 859.2846936862277, 839.0089221668031, 673.2236473083879, 674.7193768650459, 699.079282159956, 657.7935098668668, 652.7201444742236, 722.3466788085697, 873.2008404087051, 852.4063052525071, 855.7160496523735], [1075.0771720322716, 1080.6273616832266, 1077.0255419015034, 1076.9481109957553, 1062.1028300444018, 1011.8403656153356, 997.3334434738767, 937.0833528378271, 991.6498467533456, 1003.8162967709197, 1004.9514979354968, 994.2163227033986, 1001.6854253910672, 1014.5572501291837, 994.1085367690089, 816.4591319462095, 820.2166732457778, 847.5936156814712, 798.7363609044356, 792.1771152054231, 874.4928147118881, 998.1789208564371, 990.3415742145042, 992.0172396000248], [2023.7941907449801, 2009.784476604358, 2009.3523829945564, 2009.1572941153956, 2007.953572102113, 2005.1951476157935, 2004.07698437163, 1998.112912267324, 2003.7068785541646, 2003.5406849862554, 2002.275188735122, 2000.3421095205945, 2001.0936030305957, 2003.3100048320573, 2003.9173009288088, 1993.8014534397369, 1997.561669880308, 2001.1063429864867, 1993.9283921607428, 1993.129036925381, 2004.544400193774, 1999.0066219016435, 2004.2583463698268, 2004.2541287066465], [1199.6458297462254, 1204.2463629423983, 1201.5845457242349, 1201.5369648714375, 1184.8500789807456, 1189.7935004542044, 1173.9732156252032, 1108.7787076745933, 1167.6494797643722, 1181.310975869615, 1183.019278650013, 1171.524269305534, 1179.5886027527818, 1191.2939276795987, 1168.595485921019, 976.5103876270219, 979.4512302692408, 1008.403974523194, 960.6987426926856, 954.8193034548362, 1037.1682697564545, 1115.875543661393, 1126.0200923778104, 1125.3416334539043], [1428.6978303603073, 1431.3894005669506, 1431.6994772009248, 1431.7175259164965, 1410.2062316091528, 1410.549774644673, 1390.1677149294887, 1305.962075792621, 1381.7526798954545, 1399.3817183519911, 1400.7088606209575, 1386.2378924070235, 1395.9229341516523, 1405.8433823131652, 1375.293474468855, 1138.8363716039505, 1141.3102104756101, 1174.8068611401372, 1129.1738211366353, 1125.1255800646845, 1290.5237177312956, 1323.2788457175416, 1336.6692050856857, 1336.6510434441452], [1399.9378366881165, 1403.7788070444392, 1401.1612730364889, 1401.1270519631048, 1383.1236840696479, 1385.6417417052182, 1368.3785358875407, 1298.7632902041776, 1363.363658885587, 1377.9091786909469, 1383.500124501548, 1377.901793327548, 1385.026630212402, 1393.8934790626474, 1365.7767150481068, 1143.6028282452132, 1142.5136388942565, 1176.050882051411, 1129.6542674950438, 1125.3477816882905, 1183.2285391440532, 1314.510699846026, 1317.0100734618652, 1318.897050118109], [1574.1168276257426, 1577.3156280055205, 1573.9207355490844, 1573.901184952407, 1565.7080219643285, 1565.9116113458442, 1549.1159240058787, 1486.319351498009, 1541.195066325096, 1557.7746828592067, 1565.206507106995, 1561.8871240991866, 1568.8251914265695, 1575.9534353578697, 1545.2245348709264, 1321.2907429112802, 1317.5271460508372, 1348.1897824265463, 1308.709604378033, 1305.3529629751936, 1336.6737011851, 1497.5508820451778, 1494.514561576476, 1497.3162289912518], [1730.2932112814963, 1729.6174324142885, 1727.3147720473476, 1727.294017837856, 1728.3870376073842, 1732.1126674020786, 1717.6436247804927, 1674.042477878058, 1702.4565863339585, 1722.441901325391, 1730.1641662676525, 1726.407172080455, 1733.7445579824273, 1739.7617205071035, 1714.30770033337, 1523.5550251040129, 1526.6139441775313, 1549.8131444017065, 1520.2364678050812, 1518.1863879652894, 1531.7902164518814, 1681.0624748663129, 1668.289266645846, 1668.8624344343543], [2100.788868352967, 2100.241752218609, 2099.5931132963287, 2099.570046821637, 2100.767047477287, 2108.290345524556, 2109.2763333918274, 2105.797881356126, 2106.9187640878977, 2107.6972708066055, 2106.6966875986905, 2104.9740239785842, 2105.1465103684486, 2106.4964352885418, 2105.832705525522, 2098.663733214908, 2108.4266744177057, 2105.2259313176364, 2105.5610418856368, 2105.1198891779545, 2113.112838758203, 2095.1786727733793, 2103.2278146822755, 2102.6714461765814], [1928.6860871390481, 1927.990293695707, 1926.856994804066, 1926.834832709328, 1926.6998451624452, 1933.345002957167, 1917.8588638415972, 1917.8983936312518, 1909.7239824505498, 1921.833044366999, 1927.569521499917, 1926.9023395489364, 1933.783815815362, 1939.8621708130408, 1923.5767989240162, 1796.7408486106838, 1798.4297880113015, 1817.286975691747, 1794.326939913291, 1793.3872671179083, 1803.3383936020155, 1921.8692134372282, 1889.8705617259907, 1888.666863431478], [2131.9753821265576, 2131.478299388466, 2130.8796869905023, 2130.856162755591, 2132.277708517576, 2141.5913330455087, 2144.3191006601674, 2149.8901117394635, 2143.1779429343655, 2141.6632574435866, 2139.3144886867594, 2137.416361681197, 2137.1226902806848, 2138.1035694566185, 2143.321508345729, 2180.5331434338227, 2182.049456126047, 2177.9219564182868, 2178.1964638595273, 2177.23988938659, 2184.875903169693, 2138.350131672116, 2143.1630830972845, 2142.4215392052315], [2097.7561240159057, 2095.1950272576623, 2095.2538799942354, 2094.968278422566, 2095.506571352219, 2096.258726184636, 2096.680468142112, 2097.32556772251, 2096.8909658772327, 2095.522839271698, 2094.372151606499, 2093.763578634103, 2093.532795958419, 2093.53213961208, 2093.5506915334395, 2093.774731973014, 2093.966512467866, 2094.132093834421, 2093.9323810993665, 2104.0166556072977, 2112.2788756031746, 2097.298675471554, 2099.2283199219146, 2099.1226809335503], [1417.8390572156782, 1421.2677908699036, 1420.269085793244, 1422.4836450887005, 1418.4878019347366, 1410.3568209331072, 1406.9053493956344, 1401.654488372848, 1405.5297847439176, 1416.450708879118, 1425.6537528579051, 1430.7049265137819, 1432.8844971324509, 1432.5675785872572, 1432.1088149088534, 1429.6452637110003, 1429.33450354007, 1425.8320984936965, 1427.974954078279, 1325.9562475474086, 1283.9212741364213, 1404.1016289481765, 1388.3889869235384, 1388.83953155035], [1081.0362002005577, 1097.0931036226953, 1096.6624121376967, 1099.251859069879, 1094.4092130385316, 1084.2040461351041, 1080.2464947286182, 1073.5083698411536, 1078.3037333736431, 1090.7735463444817, 1101.2205409779317, 1106.7340240715507, 1108.9251710958881, 1108.3384391552368, 1107.4756683437622, 1102.7635618095007, 1102.7571775627448, 1098.5784295980259, 1101.2361495610694, 1011.5595950079818, 943.2619844476965, 1077.0882090108973, 1059.2457520431542, 1060.3535483462601], [1572.170511338632, 1571.1751001438352, 1571.3281053627315, 1572.8699759253502, 1570.1530946223409, 1565.5213335226836, 1563.4768524935678, 1559.6521534926214, 1562.0060346616974, 1569.1403132069206, 1575.0761004641238, 1578.2997276399863, 1579.2022201267412, 1578.980783483944, 1578.665843519195, 1576.7549705784083, 1576.431504918703, 1574.645274318397, 1576.0944384001343, 1550.8577430635992, 1487.6514920847253, 1565.2560503709772, 1551.9178433056338, 1551.8120613672584], [2079.536904221535, 2077.5448607425133, 2077.411384733104, 2077.1457180022585, 2077.642094513804, 2078.050683211046, 2078.363701905052, 2078.9706136001096, 2078.6555627647044, 2077.517524162233, 2076.5775157378075, 2076.102904704322, 2076.0167389285084, 2076.0080898426695, 2076.0146466307624, 2076.118702390724, 2076.212881966312, 2076.4269210880857, 2076.259619861182, 2077.9173484576486, 2090.0398829044884, 2079.0189061897822, 2080.5027256377293, 2080.4041943564234], [2079.5369042204184, 2077.5448607428248, 2077.4113847334784, 2077.1457180023026, 2077.642094513934, 2078.0506832107512, 2078.3637019055045, 2078.9706136003724, 2078.6555627637686, 2077.517524162493, 2076.5775157378007, 2076.1029047043335, 2076.0167389285084, 2076.0080898426695, 2076.0146466307624, 2076.118702390724, 2076.2128819664244, 2076.4269210881807, 2076.2596198611423, 2077.9173484574358, 2090.0398829044884, 2079.0189061902133, 2080.50272563648, 2080.4041943564234], [1304.976296082712, 1321.6956462440055, 1318.4275635311953, 1317.4940981654358, 1314.1108071742221, 1295.456032691776, 1289.0734252408945, 1280.8709972222882, 1289.4640513032064, 1303.4989215948656, 1315.0126706904832, 1320.9368356918123, 1325.6967543519268, 1324.5623701929605, 1322.611884685731, 1311.9829881507553, 1311.2816892205906, 1305.5994850766685, 1236.303672162539, 1111.9080789372972, 1121.6101132090912, 1287.7135069571598, 1269.797954969326, 1270.5860522047371], [1748.057626712614, 1740.4289945222367, 1738.086784981983, 1738.0818170709126, 1735.7480675476072, 1726.3548231583695, 1722.614114917335, 1718.4884175337459, 1722.9506483116684, 1731.586699504266, 1738.7521387179331, 1742.599275056877, 1745.6156726644688, 1745.186838405819, 1744.476522904341, 1740.8209883192392, 1740.2695768185995, 1736.8793550385058, 1701.9177962968258, 1606.781300510279, 1618.81279819091, 1684.2436736517227, 1710.6631524376253, 1709.9792087538503], [2106.2897890010317, 2103.4571051555454, 2103.6487217593367, 2103.2162010914417, 2103.826755525525, 2104.3085139019327, 2104.700680603656, 2105.151874019673, 2104.829094731272, 2103.64126526261, 2102.594479451682, 2102.002841976691, 2101.7634476726344, 2101.7364735147275, 2101.735490635002, 2102.074447385234, 2102.315076117675, 2102.1307305956725, 2101.0560419795547, 2113.695916015652, 2117.9915531574047, 2111.3075002970386, 2107.0174971450924, 2106.9782375780856], [1616.1445224579259, 1613.8109353831728, 1609.8910292093472, 1607.6619164461713, 1606.010587184237, 1591.6365667010346, 1585.6932135029986, 1579.8859065035613, 1586.8646931730173, 1599.872684795751, 1610.6286772163846, 1616.4482882475709, 1621.3757862132745, 1620.83577486514, 1619.826565849363, 1614.4886411861887, 1613.4027234810592, 1608.6363352637604, 1514.0246631628818, 1418.513541279037, 1431.5614985745306, 1589.7287508617628, 1566.317056777063, 1567.0194137242552], [1892.5845760010861, 1869.1079219356384, 1866.1832581613016, 1863.272676824849, 1863.4707799522441, 1854.723353086905, 1850.7270026071583, 1847.5612505289723, 1851.9628438654354, 1860.5486854605494, 1867.6428427245946, 1871.5626385364947, 1875.184442316955, 1874.9995899886328, 1874.5903139657237, 1872.6289761942621, 1871.6545355725477, 1868.5370553685518, 1771.169282311662, 1744.48233386104, 1751.81298881126, 1855.6715966859865, 1839.5411507387826, 1838.520467609708], [2128.7146755613835, 2124.0382778910916, 2124.5511772566238, 2124.6788287446775, 2124.968891510467, 2126.2649386970415, 2127.025926556558, 2127.664744576415, 2126.9334476866893, 2125.1236685028343, 2123.583628469275, 2122.7199258495493, 2122.1294009147623, 2122.1124138016967, 2122.1546782575274, 2122.737878348365, 2123.08541226557, 2123.085427568183, 2133.446308504701, 2147.102861330295, 2151.1878789190064, 2124.5962926377156, 2130.447596329709, 2130.1572642546253], [1624.390982183143, 1628.261424160502, 1628.5960235577982, 1628.6524467153538, 1615.2233747292246, 1613.0402122964044, 1586.3054983720608, 1505.2052163684366, 1582.9396138794423, 1601.28153047608, 1604.6406166339116, 1592.8697619103962, 1602.7644342094711, 1611.1093581609039, 1570.2523313712225, 1308.3671333200925, 1310.358150449777, 1351.049130024925, 1308.808633380097, 1308.7056155606913, 1528.1135670732187, 1521.973170644813, 1529.865549733134, 1530.4603710164279], [1797.6949000503298, 1798.6966910435222, 1799.052931842292, 1799.1377705373534, 1794.956441136081, 1799.3772975662978, 1763.3479137904133, 1722.0328731272868, 1773.117490420764, 1788.9923577427928, 1797.3346659760866, 1795.1895360100946, 1803.699467166007, 1810.2166489275494, 1764.4005959513274, 1533.56943239717, 1535.5352920515886, 1564.9220673026966, 1531.917101878969, 1534.4564445774247, 1757.1800407259866, 1720.31485967295, 1718.1622806114322, 1718.3857008678092], [1962.6342845306478, 1962.7443511851711, 1963.0108000079254, 1963.0925879374156, 1960.1862641177456, 1962.9915769202876, 1940.9705372828807, 1944.9120212531177, 1945.5682762800684, 1955.589743852663, 1973.0714466357674, 1991.7483010440396, 1996.335267549971, 2000.2225853403665, 1967.8543154099036, 1803.6968578171738, 1805.975498418394, 1827.7841228083064, 1808.9012468487151, 1802.9138924369208, 1972.4790747035731, 1921.469756501382, 1913.9195082814485, 1913.6390873365065], [2137.7093102320055, 2137.475032418939, 2137.149179727088, 2137.107069484626, 2138.143284864926, 2147.560051291994, 2149.4937601156653, 2157.3237363514363, 2152.0776580244474, 2149.0644898237233, 2148.7922791411434, 2150.789938245812, 2149.4903625200827, 2150.167619645539, 2153.464020441783, 2186.0295615777777, 2185.7365620187884, 2184.3430250563333, 2179.030762426296, 2184.945244069605, 2150.179697686669, 2147.33919422716, 2148.9740979621683, 2148.6773290703204]]
Phi_S = [[4324.27734770772, 4308.8952291311325, 4306.249226383045, 4305.778137208585, 4309.547908728743, 4343.275463210182, 4348.104316026225, 4363.783216618953, 4350.291941180632, 4342.406207068513, 4337.279826948869, 4337.297178872732, 4335.147179888615, 4340.187804823951, 4348.030798583161, 4403.511316571343, 4408.351296394227, 4401.240234668128, 4396.525072164607, 4407.11022890761, 4424.890610224106, 4327.701325662497, 4343.845670498532, 4341.706177131063], [2428.3534886391208, 2428.691598260392, 2431.1078909784133, 2428.1607535184885, 2431.5072182693852, 2435.2814918517465, 2435.4946249752634, 2436.6588268292744, 2435.4884505946357, 2435.355547928898, 2435.3323633389446, 2435.44530915487, 2435.2129575237777, 2435.727542883068, 2436.54965640045, 2441.922884534445, 2442.325036761447, 2441.5948775583333, 2441.3009007606133, 2442.227419524587, 2437.468348855285, 2433.4226123284225, 2433.9593547412032, 2433.75757475417], [3754.4151041971127, 3730.979575383613, 3729.9739149983216, 3727.633145932204, 3732.8216149801638, 3748.2873281941893, 3752.5927994085423, 3761.964751816428, 3755.128135608947, 3742.911106218766, 3733.0133752898178, 3728.567821135161, 3726.616618500245, 3728.173258745472, 3730.576502256293, 3745.94902475898, 3748.1527358119065, 3748.241117144702, 3745.115216296759, 3800.247661970217, 3876.953932924425, 3751.8494436134642, 3769.273830612949, 3767.8710068411565], [3159.767451559864, 3145.6329731703377, 3144.8821786872377, 3142.290729761367, 3147.1652537299096, 3156.275468743276, 3159.838971259926, 3166.9711443406454, 3162.433098743104, 3150.6177481517575, 3140.872802892491, 3135.91599183247, 3134.4817143439736, 3135.091412401673, 3136.0425058829337, 3142.0976334980683, 3142.793791896638, 3145.1807976345804, 3142.654098024614, 3181.0584500099208, 3283.5409349473007, 3164.913575401678, 3179.548078473162, 3178.315950167799], [2639.193918312256, 2644.4797706006584, 2645.4036972227264, 2643.902738071445, 2646.7383878756377, 2652.993198658593, 2655.6498767508974, 2659.5837714225054, 2656.566413032776, 2648.374264775237, 2641.4840326279223, 2637.7437269092306, 2635.9054814344827, 2636.1314139414762, 2636.4956043351785, 2638.6912374239396, 2639.242537103374, 2641.548700955159, 2640.015470516199, 2735.891673669857, 2748.9185887751028, 2657.6887215702454, 2668.7643509268673, 2668.9686000273255], [2234.116048374282, 2233.704841262405, 2233.6230599495, 2233.6470255342247, 2233.6601274251525, 2234.034138596639, 2234.0599550825864, 2234.249560247057, 2234.0929498353235, 2234.1196457209867, 2234.1818263559057, 2234.269315340479, 2234.2863452811357, 2234.3430899801306, 2234.4487686329894, 2235.165935368183, 2235.214686978432, 2235.0677635669435, 2235.0765378730785, 2233.0952868498703, 2234.1513203044783, 2233.7603087653665, 2233.8121968364703, 2233.7717933462295], [4044.901024576645, 4026.838999346088, 4023.877289047358, 4023.428214644495, 4030.122349252858, 4090.808620884897, 4099.07745188438, 4128.049581594109, 4102.547050731154, 4090.971699400865, 4084.4229975669364, 4086.095694393422, 4082.2807767990134, 4090.353064509777, 4103.974601903056, 4203.9673600096, 4210.151206443669, 4198.9774330914515, 4195.74691675572, 4207.5999910505625, 4204.617229257095, 4061.849909770737, 4086.4585447072695, 4083.113403295563], [3599.3760111205834, 3560.0919466902174, 3561.1223142574177, 3561.397567391196, 3567.267483772265, 3602.2548200479114, 3610.213658660131, 3626.687128765666, 3611.544621897105, 3595.5905459774262, 3583.3470472083573, 3578.6562111900816, 3573.8495396195613, 3577.270844633093, 3583.136861320396, 3624.802000646344, 3628.76769723613, 3624.70740100406, 3669.522823203807, 3773.9525022633534, 3789.855975843314, 3597.1498683029213, 3625.7879725937337, 3622.0879577864607], [3291.496063009284, 3255.776452841994, 3258.5719056588828, 3258.927654357821, 3263.978785340101, 3290.334496392299, 3298.0906426266324, 3310.330194390197, 3298.457744332082, 3281.67648843017, 3268.164214443467, 3261.742112533768, 3256.5157384558315, 3258.5169476232813, 3262.0315774015958, 3284.9873607971485, 3287.47970513413, 3289.3907104409996, 3352.8087593843275, 3487.702606252455, 3496.392169950115, 3292.8730975215994, 3320.3948449423433, 3317.694962559475], [3780.339193280518, 3766.842464039935, 3764.1021634183535, 3763.7778564860314, 3774.0972326358487, 3861.137771869437, 3872.8798562462252, 3917.01746389735, 3877.8027344918723, 3863.784453911942, 3857.4219392244086, 3861.9842145632765, 3856.496944468492, 3863.195710469744, 3881.0669247585274, 4023.9532761026358, 4028.927542251447, 4011.0040189582887, 4021.1197666471844, 4028.4227963265025, 4001.212345468416, 3820.350615869117, 3852.309425693352, 3847.2610227049977], [3581.364552946251, 3569.9322807103254, 3569.7351163037756, 3569.553279436527, 3582.2329891815302, 3675.195783694661, 3688.9999774786265, 3742.869976288201, 3694.6528560703628, 3679.89593990593, 3674.585869904287, 3681.501813658586, 3674.86219332087, 3675.103434698391, 3696.561553002882, 3866.4094572272975, 3869.1591058702243, 3846.0139935787647, 3871.5780735200947, 3877.3577024789247, 3827.397400056917, 3637.478553396603, 3669.1702772856884, 3663.9579133806533], [3416.0003621174274, 3406.6144504946255, 3408.5336298190678, 3408.471946054588, 3422.9843611135398, 3507.779838476721, 3522.9674808791824, 3583.9627540160486, 3529.0697936057027, 3514.3688814936504, 3510.551267237087, 3519.683664206447, 3512.172249527221, 3505.709580873048, 3528.966385022558, 3717.312000967754, 3717.5987530808907, 3690.32743718359, 3729.3904687460963, 3735.1183669847783, 3665.659676382031, 3485.5634388104468, 3510.507356562333, 3506.539691405141], [3273.7343263669823, 3266.6177493256064, 3269.4988856130262, 3269.511098449693, 3285.543752427494, 3347.65459987242, 3363.8328989376605, 3430.3390701169133, 3370.2976027323866, 3355.941375429048, 3353.6931566892736, 3364.9585976681687, 3356.781356613517, 3345.7126609719253, 3369.207037612574, 3569.770173674831, 3567.8316850339797, 3537.5140118120994, 3584.0905946056323, 3591.059604051314, 3508.7100097448233, 3355.3157925916685, 3367.4700886584274, 3365.1057151407695], [2309.445324564804, 2319.7870265001507, 2319.6652576250417, 2319.7832024595723, 2321.614693897664, 2331.779187780394, 2333.76230413805, 2342.4813586530754, 2334.5586293129077, 2333.302310214733, 2333.6322766616263, 2335.561112416002, 2334.492600413861, 2333.7778466795103, 2335.220362196441, 2356.6130256018137, 2354.6941721204153, 2350.4006136001626, 2354.936497457933, 2355.7883513434417, 2346.6972547159153, 2332.957016898823, 2331.4816802563137, 2331.0426503110375], [3145.1414631987527, 3139.1588857574816, 3141.118341327663, 3141.1047948455416, 3158.979615236531, 3166.8098266143616, 3184.3201953264584, 3255.8703901221784, 3191.4341320383082, 3175.590561567325, 3172.7959346717184, 3184.856398891257, 3176.0739093755606, 3166.124915344363, 3191.8901124111017, 3407.0675632083867, 3405.895137198839, 3373.976609348733, 3419.538859111172, 3425.743192856629, 3342.953638444909, 3233.872940901812, 3228.2973684619983, 3228.244903879525], [2910.9230273159174, 2907.091158242683, 2906.1643381333556, 2906.0878568964918, 2928.6988039561234, 2940.9198809063714, 2962.817304929379, 3053.7483053358796, 2972.6149149351095, 2952.6234586225505, 2950.5317516029495, 2966.0805134803754, 2955.5694443597563, 2947.2752143656, 2980.639892702502, 3239.3315361832665, 3238.320526782911, 3201.7464335463414, 3245.722828319575, 3250.044191812903, 3078.4817127915353, 3022.0665515125793, 3012.6692037050943, 3012.04474990992], [2940.215690321392, 2935.135922084683, 2937.02777354609, 2937.006749226089, 2956.2375408400007, 2966.054848511995, 2985.1011293706697, 3060.48947245343, 2990.336142986487, 2973.9277828755735, 2967.0494541676367, 2972.6465724013474, 2964.9692998150636, 2957.7960104326407, 2989.1044820587917, 3233.672342436207, 3236.617462251608, 3200.585041130267, 3244.7780993464453, 3249.2222368737953, 3192.4118609728257, 3030.294187597327, 3032.5153183133834, 3029.8998241658082], [2763.08393454022, 2758.7261942709715, 2761.3805133133937, 2761.3481809630516, 2770.8780335048073, 2782.816514458038, 2801.46390791856, 2869.856062468445, 2809.2752515827538, 2791.005691269162, 2782.1692573739756, 2785.1772204674758, 2777.7734701311556, 2772.307267576476, 2806.316084844903, 3052.5080736552595, 3058.148122489465, 3025.1650385254284, 3062.4656625053085, 3065.8709673253957, 3036.8441912276794, 2844.2325613171747, 2852.0849639168773, 2848.544711188844], [2604.98809533791, 2604.533905616733, 2606.099784692876, 2606.0706072387093, 2606.3798838267066, 2614.715133461546, 2631.09280099018, 2680.2883998715947, 2645.9479310067413, 2624.3820599694673, 2615.1793447750247, 2618.435502954302, 2610.6828163900063, 2606.306367980854, 2635.157433978869, 2848.3007985232334, 2847.542433423353, 2821.8133525463813, 2849.215317946654, 2851.2778675766804, 2841.6179739721847, 2658.9125192678234, 2676.5198651056426, 2675.1812389555544], [2231.644138224066, 2231.1234888894915, 2231.05319685505, 2231.028907252921, 2231.1913781188077, 2235.202317882579, 2236.0545653397176, 2244.1681169792328, 2237.9459474919545, 2235.7691342241687, 2235.334785795275, 2236.468332684377, 2235.91891550273, 2236.1538060077373, 2239.7953907765823, 2265.646919115561, 2259.111729637263, 2259.7655550091376, 2257.9037999730876, 2258.2948866361216, 2254.0324572548006, 2241.007847617112, 2238.138464458765, 2237.9568362693135], [2404.9871838297768, 2404.5943666475664, 2404.9939943224617, 2404.9677622667923, 2406.512027603648, 2411.8891797571764, 2429.343028678137, 2435.1373357706184, 2437.0879328488104, 2423.3668932090814, 2416.048341359848, 2416.084611005965, 2408.8110971884917, 2404.353493900496, 2424.2727587055138, 2574.4139386136944, 2574.497321921814, 2553.46114394132, 2574.269401082225, 2575.140256245038, 2569.74381733194, 2416.840296826481, 2453.6012716415853, 2454.0231415799826], [2200.9479388710265, 2200.375367582021, 2200.2410834362804, 2200.21690678055, 2200.217174789827, 2202.9148138575583, 2202.2383639352174, 2202.5210396354946, 2202.9675765955803, 2202.8374664043745, 2203.5383967871826, 2204.7351147255476, 2204.6213225636006, 2205.232606191961, 2203.8077852039146, 2190.5555974682625, 2190.946285075749, 2192.808074843873, 2190.404889660466, 2191.29574012989, 2188.2839824392995, 2199.7218808679218, 2199.762064560657, 2199.719435222746], [2234.116048374243, 2233.7048412627555, 2233.6230599495, 2233.6470255343797, 2233.6601274251584, 2234.0341385961588, 2234.0599550822903, 2234.2495602463496, 2234.0929498355626, 2234.119645721025, 2234.1818263556743, 2234.2693153405594, 2234.2863452811357, 2234.3430899801306, 2234.4487686329894, 2235.165935368183, 2235.2146869784638, 2235.06776356708, 2235.076537873082, 2233.0952868476807, 2234.1513203044783, 2233.7603087653665, 2233.812196836958, 2233.7717933462295], [2921.44155158605, 2914.9209941484887, 2915.8682073118935, 2913.3991020021176, 2917.9550882014096, 2927.3739590702958, 2931.284113443704, 2937.4421428078963, 2932.9138447778664, 2920.6588637214986, 2910.375395832316, 2904.822376236829, 2902.425955178628, 2902.823898494608, 2903.450940819643, 2907.151701118085, 2907.728303265187, 2911.1971205458503, 2908.8584177237212, 3018.281709339081, 3069.6759859493623, 2934.276325354637, 2951.9692081409844, 2951.361176313424], [3267.1119489523635, 3247.912877929869, 3248.256612880228, 3245.412699162957, 3250.849674140296, 3262.670508902963, 3267.129887225399, 3274.932844234941, 3269.350660790284, 3255.4865695082235, 3243.9215785805545, 3237.9149319672956, 3235.4906009236993, 3236.2032093447037, 3237.3115937973057, 3243.78607194066, 3244.1014485590754, 3248.176120772334, 3245.3015953597396, 3342.142108292468, 3419.7526471269452, 3270.2638809841847, 3290.2037317028585, 3288.921373250773], [2762.8993101029814, 2761.3851388606786, 2761.08533998425, 2759.3090422041532, 2762.5416991839065, 2768.2135804899235, 2770.6399845748756, 2775.307409181744, 2772.3966447104435, 2764.1024143505006, 2757.239111988105, 2753.6030147276247, 2752.566452744691, 2752.8596889072173, 2753.3269076775105, 2756.3290986486963, 2756.8371658245565, 2758.652206913657, 2757.0319301759555, 2784.95398986122, 2858.8172602399554, 2769.1270840310212, 2784.0683408001382, 2784.028830256864], [2250.4887739631336, 2250.1162457299843, 2250.1108738514686, 2250.1418441572696, 2250.148045328568, 2250.6599758194066, 2250.7124730172013, 2250.896943426277, 2250.7021539157304, 2250.7004611216475, 2250.7293127234693, 2250.7913334319446, 2250.7532098109605, 2250.8185053872526, 2250.9372097159785, 2251.742279526667, 2251.8142841004155, 2251.6562193259665, 2251.65842725729, 2252.553904992446, 2251.285894800906, 2250.3741120830095, 2250.4726035688645, 2250.4374246355205], [2250.4887739620726, 2250.1162457303244, 2250.1108738519297, 2250.1418441572864, 2250.1480453286986, 2250.6599758191282, 2250.7124730176647, 2250.896943426316, 2250.7021539147163, 2250.7004611219127, 2250.7293127234434, 2250.7913334319583, 2250.7532098109605, 2250.8185053872526, 2250.9372097159785, 2251.742279526667, 2251.8142841004997, 2251.6562193260697, 2251.6584272572845, 2252.553904992257, 2251.285894800906, 2250.3741120835166, 2250.4726035674275, 2250.4374246355205], [3040.068908427246, 3018.10481157043, 3021.563979475131, 3022.345259195537, 3026.2840535900177, 3047.2105334374774, 3054.329901701451, 3063.781954560785, 3054.055236537029, 3038.383552776957, 3025.5708647747774, 3019.0660567281197, 3013.870180526354, 3015.1491252482465, 3017.4665188334043, 3031.0224314670368, 3032.2147728970913, 3037.3009857995344, 3111.1621134735387, 3247.7266287006337, 3243.2185934977965, 3055.2434891392145, 3076.0865868457486, 3074.9512315794427], [2589.4179435917895, 2592.2059424624567, 2594.7291455824247, 2594.5257777725856, 2597.409445208633, 2608.6131419564977, 2612.9923725703707, 2618.159857362375, 2612.7752073895267, 2602.651592072228, 2594.287807995431, 2589.8824384896875, 2586.492797236449, 2587.02394104466, 2588.0126546870606, 2593.963091738894, 2594.9376142457563, 2597.8173592246503, 2635.8011276950037, 2742.8555831585004, 2735.894824537792, 2652.1595588225855, 2627.3460190112132, 2627.746689900435], [2228.5529055390607, 2226.7506434448333, 2226.7475571937744, 2226.9531646666405, 2226.902153723229, 2228.1332867279534, 2228.3683371138354, 2228.917059796524, 2228.358792140654, 2228.061887118896, 2227.9077693288714, 2227.9316400082216, 2227.8047546782022, 2227.922861370041, 2228.1781795367715, 2229.9610362468316, 2230.1265716956664, 2229.837909931054, 2233.648608210406, 2233.2751962479288, 2233.9438987491067, 2223.153512724455, 2228.487598653944, 2228.2676663367943], [2723.93718874856, 2720.7284382341254, 2724.891421748174, 2727.0010033686567, 2729.165295896841, 2745.5678086303346, 2752.2428057174425, 2759.168404667613, 2751.152913611245, 2736.4911427553525, 2724.4095994538093, 2717.966791373622, 2712.593413332517, 2713.241149941927, 2714.5456496961133, 2722.2971112906384, 2723.8390579961883, 2728.1118009419524, 2828.050104720912, 2936.2817263345314, 2928.363342546892, 2747.326079282703, 2774.326455258693, 2773.274736383246], [2445.144089476715, 2462.93874499963, 2466.1357464355947, 2468.9420482599176, 2469.2439293297675, 2479.944960473765, 2484.6823471413486, 2488.9233320480826, 2483.511579541659, 2473.2399294178904, 2464.7895571672634, 2460.219310535834, 2456.14018688133, 2456.418582862549, 2457.095291782458, 2461.2706232698474, 2462.6884086944433, 2465.361173288544, 2568.4559236686896, 2608.2320469867204, 2605.9610376167097, 2478.673955309782, 2498.712277449208, 2499.3745351400494], [2207.8912371082324, 2206.953315954128, 2206.7349239449727, 2206.521061780058, 2206.72271674329, 2207.375237068827, 2207.3705416650946, 2207.797723194722, 2207.5174051621298, 2207.6022659737905, 2207.7490582673536, 2207.936810120309, 2208.0523619436945, 2208.1572075354684, 2208.371733995541, 2209.9259596907214, 2210.021395124893, 2209.605397197233, 2205.408132473201, 2204.9390533659785, 2205.905603735979, 2208.6404291796152, 2206.8669083472396, 2206.8015650305915], [2712.1867018976372, 2707.3147015055556, 2706.3918781042103, 2706.27849814454, 2720.8529343793125, 2735.5359963289498, 2763.6866171523807, 2851.8352558323118, 2768.7701448678863, 2747.9586635470564, 2744.0045706439932, 2757.1321929038736, 2746.3515789589846, 2739.567355110952, 2783.0942112790594, 3065.9321290010307, 3064.9281259770646, 3022.3277723326437, 3062.0136391289298, 3064.598613173551, 2835.5566024257378, 2820.8578849286373, 2816.6223570347765, 2815.427288355301], [2537.0386683234346, 2535.0904870294075, 2534.1627271165776, 2534.021849824183, 2539.3842865812016, 2547.465041743879, 2584.835256416708, 2633.5717952540076, 2577.013588200148, 2558.5950971726998, 2549.7628649683734, 2553.444272605906, 2544.008983129779, 2539.0126120746186, 2587.4492918910614, 2840.889979432095, 2840.1445496266347, 2806.66216210309, 2826.9415532073454, 2836.3079415382667, 2603.669371142451, 2621.0774920981944, 2626.688369459129, 2625.8812457097256], [2371.0366713376197, 2370.0144375388927, 2369.1850536904753, 2369.0476007423763, 2373.1338484681287, 2382.7865768630486, 2406.2167402214905, 2409.9101975705876, 2403.6123753844104, 2390.989314549272, 2373.0924979463857, 2356.0893395878124, 2350.545883675524, 2348.1515679646645, 2383.186641384755, 2570.1383324102853, 2569.852780307671, 2543.989318848968, 2556.21037127516, 2567.0399017163872, 2386.8243146822633, 2419.1338165550305, 2430.0566000362555, 2429.761247622277], [2195.444295576427, 2194.7834980129, 2194.54901519245, 2194.5352950794677, 2194.6880785014064, 2197.7352859920343, 2197.2663190357744, 2197.0837701448763, 2196.7031937406796, 2197.072523238703, 2196.8999966209635, 2196.555551739694, 2196.87135193008, 2197.664790725742, 2197.130751137972, 2189.2545294863353, 2190.0252895810772, 2187.2707271421673, 2209.804547892415, 2185.631260750615, 2208.2494949332304, 2192.9182456041917, 2194.643750351616, 2194.3686525213675]]
Q_branch = [[0.14448094404774703, 0.13744487078150924, 0.13275673688087886, 0.1304134431637629, 0.13510054596684906, 0.1515216484614017, 0.17501222916745363, 0.20088313607384878, 0.21970811496209652, 0.22909182644069936, 0.23376897966135357, 0.2242968073395759, 0.21013481200194994, 0.20307394279021906, 0.2101740532252392, 0.21965699566677332, 0.229172624230221, 0.23397184201288157, 0.2245510269176596, 0.21037686941074996, 0.19150756453178608, 0.17502453486069847, 0.16326659855244374, 0.15152167372781333], [0.10366534733490984, 0.09863782417674738, 0.09528874137392096, 0.09361601818111565, 0.09696673020326907, 0.10904510619031016, 0.12575945448377768, 0.14414616463490004, 0.15752352331080055, 0.16422569364806838, 0.1676036249894799, 0.16093601199732332, 0.15090396853127808, 0.14584840347118755, 0.15078509798206996, 0.15749594630455932, 0.16423036461519858, 0.16762570797034138, 0.1609498537809564, 0.15088868971409974, 0.13748552261957148, 0.1254603984749727, 0.11709195643310366, 0.1087139491045872], [0.028862360022884337, 0.0274583528294412, 0.02652277491977828, 0.026055113810436792, 0.02699052121485135, 0.030267132348380965, 0.03495530270407232, 0.04012226079283843, 0.04388664607177506, 0.045770906918935594, 0.04671354544256112, 0.044828511069632704, 0.0420036276578577, 0.04059238023555878, 0.04200366412668011, 0.04388660773894082, 0.04577097392239304, 0.04671371112377232, 0.04482871133246147, 0.04200380901554701, 0.038242172354544524, 0.03495531409160235, 0.03261014921889349, 0.030267137308440883], [0.02306880139473022, 0.021947596619544818, 0.021200412334548835, 0.020826905702707732, 0.021573975937051015, 0.0241905174813688, 0.027933318332066692, 0.03205707557374371, 0.0350605917002218, 0.03656373613089725, 0.037315649089718406, 0.03581198611115277, 0.03355828044975229, 0.03243222798398504, 0.033558304842715936, 0.03506056628600529, 0.036563781191214284, 0.03731575991430547, 0.035812120052609364, 0.03355840160349266, 0.03055672713817459, 0.02793332660702652, 0.026061203456969828, 0.024190521418557154], [0.017285748154055813, 0.01644635059243371, 0.015886924146716108, 0.015607262397275834, 0.016166620181938818, 0.01812545305895985, 0.020926728374342174, 0.02401215467769724, 0.026258766010722745, 0.027382908098981362, 0.02794518483367403, 0.02682072987386297, 0.025135126836150823, 0.024292808064871663, 0.025135141512215853, 0.02625875092669383, 0.027382935449628443, 0.02794525152538685, 0.026820810454949218, 0.025135199631462823, 0.022889698823929328, 0.020926733959435673, 0.019525660893991104, 0.018125455987627603], [0.01151323810864846, 0.010954647301592235, 0.010582339684214626, 0.010396211691715118, 0.010768484858680205, 0.012071982712410723, 0.013935600095712486, 0.015987599896858606, 0.01748130229392153, 0.018228574048756663, 0.018602313456862696, 0.017854884379620017, 0.016734283553243356, 0.01617422581357264, 0.016734290888923642, 0.017481294924986734, 0.01822858797699123, 0.018602346842922612, 0.017854924695405838, 0.0167343199550527, 0.015241175545561036, 0.013935603402050356, 0.013003576111807469, 0.012071984629398624], [0.00575130929549772, 0.005472519482669025, 0.005286688430994779, 0.005193781529454711, 0.005379601055930605, 0.00603015032281129, 0.0069600012229986685, 0.007983513842269474, 0.008728335092737627, 0.009100886663594432, 0.009287197258820656, 0.008914592927618203, 0.008355868335132355, 0.008076587439566296, 0.008355870767844165, 0.00872833276785423, 0.009100891446266024, 0.009287208312374506, 0.00891460620700757, 0.00835588043515556, 0.0076112460688610994, 0.006960002671277721, 0.006495004052547104, 0.006030151231746883], [0.04042207159913991, 0.03845504353029083, 0.03714433010639984, 0.03648916466963481, 0.03779962301881201, 0.04239024500093236, 0.04895171242137586, 0.056166937382981175, 0.06140706536159635, 0.06400767699390952, 0.06530016289613028, 0.06265330005839886, 0.05870249006938644, 0.056734919659129135, 0.05872153323171636, 0.061378510501163275, 0.06405302668624357, 0.06541466377848182, 0.0627963188991516, 0.05883696817264017, 0.05356517849863485, 0.04895921493205346, 0.045673121813002426, 0.042390252066603074], [0.03462695588176312, 0.03294287998618639, 0.031820655669593245, 0.03125969114612226, 0.032381718581157015, 0.0363119154048015, 0.0419312407409147, 0.04811556602532496, 0.05261258109763811, 0.05485272190541113, 0.05596944015182803, 0.053707009306958264, 0.050323700454396825, 0.048636165566089185, 0.05033246391106072, 0.05259885534403219, 0.05487456163640925, 0.05602467522797072, 0.0537759112223577, 0.05038821964490303, 0.045876974155248496, 0.04193492973513435, 0.039122180949922924, 0.03631192144760553], [0.02884153108960219, 0.027439488819263502, 0.02650516683521076, 0.026038117509968428, 0.026972290576347424, 0.030244241386716775, 0.034924805501009404, 0.04008204895607559, 0.04383841245332132, 0.045718206657683114, 0.046658441327321, 0.04477760280318699, 0.041958839336063036, 0.04055056862854567, 0.04195906433543839, 0.043838167076452494, 0.04571861194019222, 0.046659465298812375, 0.04477884055914405, 0.04195996609048391, 0.03820576543013332, 0.03492484938650198, 0.0325836060563327, 0.03024424641269352], [0.023047774048970737, 0.02192856190505932, 0.021182650493361876, 0.020809763672935633, 0.021555583213628715, 0.024167397504104127, 0.027902480243877426, 0.032016395177274726, 0.035011817455746774, 0.03651052510316655, 0.037260087726624924, 0.03576073497854626, 0.033513247430877025, 0.03239018991506315, 0.033513386351003316, 0.035011666278119025, 0.03651077557703908, 0.037260719689887756, 0.03576149884307389, 0.03351394238622629, 0.03051985613108421, 0.02790250818048201, 0.026034373490256613, 0.024167401516619558], [0.0057512877429419795, 0.005472500891285037, 0.005286671665800435, 0.005193765640036263, 0.005379583467205018, 0.0060301254083237055, 0.006959960154411027, 0.007983441752651865, 0.00872822558773434, 0.00910074169804198, 0.009287025612678024, 0.008914429347236297, 0.008355726690824739, 0.008076460799627094, 0.008355744142680921, 0.008728206983076525, 0.009100773127870054, 0.009287104513656885, 0.008914524544031854, 0.008355813267558077, 0.00761119544036859, 0.0069599641573472315, 0.006494972831527335, 0.006030126358117505], [0.011513289129831072, 0.010954691175329767, 0.010582379130630981, 0.010396249050604878, 0.01076852643836057, 0.012072041514133103, 0.013935683645682095, 0.015987697373258003, 0.017481385785256265, 0.018228606188700924, 0.018602295541197522, 0.017854831423339323, 0.016734217808787477, 0.0161741699235316, 0.016734270124888262, 0.01748132884312259, 0.018228700757618066, 0.01860253353681074, 0.017855119270725472, 0.016734479364038046, 0.01524129534009222, 0.013935694589264136, 0.01300364994735781, 0.012072043570201307], [0.005751326364844989, 0.005472534146737207, 0.00528670159200062, 0.005193793993674811, 0.0053796149274436544, 0.006030169891320103, 0.006960029237841336, 0.007983546442839495, 0.00872836303395541, 0.009100897359865412, 0.009287191279939266, 0.008914575071305109, 0.008355846372138709, 0.0080765687187494, 0.008355863924602636, 0.00872834402916789, 0.009100929207411568, 0.009287270770055978, 0.008914671411199393, 0.008355933733524612, 0.007611286153205832, 0.0069600331555552675, 0.006495028720551188, 0.006030170968400306], [0.05194120406503311, 0.04941506166433629, 0.047731703301315376, 0.046890244717526786, 0.04857330896184875, 0.05446866594929611, 0.0629031891484153, 0.0721983456016253, 0.078969818204776, 0.08235911387932737, 0.0840546348236364, 0.08066400856450362, 0.0755826604205756, 0.07304404098763984, 0.07558272325979676, 0.07896975234162817, 0.08235922933697837, 0.08405492072004428, 0.08066435489908286, 0.07558297309984452, 0.06881623066939535, 0.06290320912724012, 0.058684086154413784, 0.05446867502619401], [0.011513008180991768, 0.010954449484437356, 0.010582161522135758, 0.01039604283109985, 0.010768297055581133, 0.012071717197096765, 0.01393519004957744, 0.01598697759998502, 0.017480485829481696, 0.018227647090228283, 0.01860132738940301, 0.017854014030929566, 0.01673356935972592, 0.01617358149810344, 0.01673357650323215, 0.017480478694577473, 0.018227660536888735, 0.018601360227729513, 0.01785405408691587, 0.0167336048708715, 0.015240637237058374, 0.01393519328416959, 0.013003243567826894, 0.012071719248776924], [0.005751232476147505, 0.00547245337171276, 0.005286628899974888, 0.005193725115496539, 0.005379538305277487, 0.0060300615303068295, 0.006959864211934841, 0.007983305745068447, 0.00872806183571817, 0.009100576517456771, 0.009286867205351879, 0.008914301559855176, 0.008355629514133378, 0.008076371837594465, 0.008355631870261337, 0.008728059652070463, 0.009100581060507817, 0.009286878238345286, 0.00891431517873742, 0.008355641295161309, 0.007611066091663066, 0.0069598655831906164, 0.006494892865769097, 0.006030062587163876], [0.03459235092181823, 0.03291158731016597, 0.03179147624284928, 0.03123153990187011, 0.032351492086525546, 0.03627382660261946, 0.04188396603232025, 0.04806441249925597, 0.05256542955200305, 0.054817865603524085, 0.05594455647624241, 0.053691399971215414, 0.0503141517733241, 0.04862664005994377, 0.05031418575888602, 0.05256539428803597, 0.05481792841812516, 0.05594471092715958, 0.05369158700294574, 0.05031432047332185, 0.04581586333408394, 0.041883977980772924, 0.0390779017874372, 0.0362738325918317], [0.011513122744579718, 0.010954548034924905, 0.010582250277785255, 0.010396126978484466, 0.010768390652959425, 0.012071849488406228, 0.013935394157042813, 0.015987287224820568, 0.017480891810452537, 0.018228107946331118, 0.018601817533365317, 0.017854446814742575, 0.016733924516443954, 0.016173902123149064, 0.016733931881037112, 0.017480884490999937, 0.018228121698143918, 0.018601850681910337, 0.017854486820694015, 0.016733960490115773, 0.015240905028792273, 0.01393539742812333, 0.013003409155210033, 0.012071851463383299], [0.0057512707593561085, 0.005472486282640965, 0.005286658538563804, 0.0051937532197168235, 0.005379569573818355, 0.006030105808093156, 0.006959932375260491, 0.007983409307063427, 0.008728197664063408, 0.009100730705488003, 0.009287031246203004, 0.008914446444266533, 0.008355748257077078, 0.008076479175605611, 0.008355750744075019, 0.008728195378811643, 0.009100735453691167, 0.009287042319306993, 0.00891445978670724, 0.008355760181822713, 0.007611155564870575, 0.006959933805492868, 0.006494948223541019, 0.0060301067658594665], [0.017275012925347166, 0.016436642695515813, 0.01587787168212329, 0.015598528819324997, 0.01615724300025545, 0.01811363732342075, 0.02091092408667161, 0.023991268580657366, 0.0262337215354429, 0.027355639232202744, 0.027916767471220405, 0.026794591495139075, 0.025112219519874746, 0.02427143200946058, 0.02511223159668896, 0.026233709210421896, 0.02735566193002792, 0.027916822688442533, 0.0267946586289618, 0.02511227969499341, 0.022870743684517914, 0.02091092922461013, 0.019511925366177296, 0.018113640314641577], [0.005751270750217197, 0.005472486305201585, 0.005286658560716084, 0.005193753223872388, 0.005379569601081879, 0.006030105786027917, 0.0069599323954046, 0.007983409313635503, 0.008728197748727018, 0.0091007307943618, 0.009287031240214683, 0.00891444636530947, 0.008355748301694943, 0.008076479141024828, 0.008355750695842268, 0.008728195421907392, 0.00910073544629908, 0.009287042269512158, 0.008914459886654846, 0.008355760268901724, 0.007611155514904322, 0.006959933829638887, 0.006494948238860321, 0.006030106773713184], [0.005751270750217197, 0.005472486305201585, 0.005286658560716084, 0.005193753223872388, 0.005379569601081879, 0.006030105786027917, 0.0069599323954046, 0.007983409313635503, 0.008728197748727018, 0.0091007307943618, 0.009287031240214683, 0.00891444636530947, 0.008355748301694943, 0.008076479141024828, 0.008355750695842268, 0.008728195421907392, 0.00910073544629908, 0.009287042269512158, 0.008914459886654846, 0.008355760268901724, 0.007611155514904322, 0.006959933829638887, 0.006494948238860321, 0.006030106773713184], [0.01727463196764778, 0.01643631484048025, 0.015877576318875652, 0.015598248830309469, 0.016156931637240968, 0.018113197455625674, 0.02091024534991548, 0.02399023961654545, 0.026232372725447428, 0.027354108243231146, 0.02791513950787472, 0.026793154285105425, 0.02511103886972399, 0.02427036726283882, 0.025111050876273966, 0.026232360657003184, 0.027354130459127157, 0.02791519368495421, 0.026793219841799498, 0.02511109783654053, 0.022869853622336178, 0.02091025046009065, 0.0195113748490221, 0.018113200528302897], [0.005751194455523079, 0.005472420638813924, 0.005286599404867864, 0.005193697136156361, 0.005379507219519075, 0.006030017624951256, 0.006959796456764256, 0.007983203134565464, 0.008727927406194214, 0.009100423890657572, 0.009286704973358928, 0.008914158275783901, 0.008355511702786478, 0.008076265882161149, 0.0083555140887428, 0.008727925111660761, 0.009100428478514555, 0.00928671577630591, 0.008914171506692492, 0.008355523385233266, 0.0076109773348855825, 0.006959797890467856, 0.006494838002637282, 0.006030018689233918], [0.005751194491601774, 0.005472420660280086, 0.005286599402978487, 0.0051936971442527735, 0.0053795072500211205, 0.006030017654626851, 0.006959796440408894, 0.00798320309233147, 0.008727927366211308, 0.009100423930105572, 0.009286704798267431, 0.008914158328158006, 0.008355511670359306, 0.008076265751675082, 0.008355514150984789, 0.008727925088473976, 0.009100428466775279, 0.009286715790147948, 0.008914171457947484, 0.008355523473878357, 0.00761097718802084, 0.0069597978598356924, 0.006494837946117826, 0.006030018649887614], [0.011512846473540339, 0.010954310573220605, 0.01058203260255075, 0.010395919873783077, 0.010768160582860231, 0.012071495307221625, 0.013934854224627813, 0.015986473262667333, 0.017479823031308017, 0.018226885128073134, 0.018600507592761995, 0.017853278345417944, 0.01673295589415069, 0.01617302752848726, 0.016732977072445587, 0.017479806348493332, 0.018226913894322072, 0.0186005823334201, 0.017853369516056317, 0.016733037481114987, 0.01524020398604553, 0.013934897209245456, 0.013002992912221956, 0.012071518066850917], [0.005751178470529306, 0.005472406948692887, 0.005286585848740755, 0.005193684016489231, 0.005379492711311551, 0.006029987427370598, 0.006959751913967471, 0.007983137074463409, 0.008727840107248142, 0.00910032155518059, 0.009286592836644791, 0.008914055475677474, 0.008355424261869304, 0.008076186668304342, 0.008355431383252343, 0.008727834716059313, 0.00910033123936671, 0.009286617947313003, 0.008914086007059119, 0.008355451457458862, 0.007610921237660717, 0.006959766611140061, 0.006494809117231659, 0.0060299953744786805], [0.011512846473540339, 0.010954310573220605, 0.01058203260255075, 0.010395919873783077, 0.010768160582860231, 0.012071495307221625, 0.013934854224627813, 0.015986473262667333, 0.017479823031308017, 0.018226885128073134, 0.018600507592761995, 0.017853278345417944, 0.01673295589415069, 0.01617302752848726, 0.016732977072445587, 0.017479806348493332, 0.018226913894322072, 0.0186005823334201, 0.017853369516056317, 0.016733037481114987, 0.01524020398604553, 0.013934897209245456, 0.013002992912221956, 0.012071518066850917], [0.005751178470529306, 0.005472406948692887, 0.005286585848740755, 0.005193684016489231, 0.005379492711311551, 0.006029987427370598, 0.006959751913967471, 0.007983137074463409, 0.008727840107248142, 0.00910032155518059, 0.009286592836644791, 0.008914055475677474, 0.008355424261869304, 0.008076186668304342, 0.008355431383252343, 0.008727834716059313, 0.00910033123936671, 0.009286617947313003, 0.008914086007059119, 0.008355451457458862, 0.007610921237660717, 0.006959766611140061, 0.006494809117231659, 0.0060299953744786805], [0.011509537712843576, 0.010954433848592515, 0.010584631322964944, 0.01039894530366614, 0.010770273565179123, 0.012048446261557322, 0.013899013572281405, 0.015930167463000355, 0.017414517127336993, 0.01818248359503616, 0.018595741007509492, 0.017890991471051443, 0.016791942827171003, 0.01623239046669145, 0.016742791019619174, 0.017439304824295343, 0.018154232039402585, 0.018527863813110335, 0.017797040531484898, 0.016683585054161343, 0.015199823645541954, 0.013916707255540839, 0.01298178615543355, 0.012055222416313738], [0.005751444499874303, 0.005474090421199618, 0.005289314544151713, 0.005196559721481586, 0.005382048088564462, 0.006021719783652291, 0.006946728144251013, 0.007963373503629523, 0.008708543754958109, 0.009097746562836129, 0.009309507096475711, 0.008960182645953108, 0.008411053871734131, 0.00813063140871395, 0.008382169307959542, 0.008725681408687347, 0.009077857217848928, 0.009260476200586787, 0.008893648957613687, 0.00833751120095938, 0.007596289024099923, 0.006954114911400522, 0.00648754074928215, 0.006024589880699649], [0.02882275124703426, 0.027422540761868675, 0.026489369429618215, 0.026022884252612677, 0.026955913204116833, 0.030223396077936115, 0.0348933641617053, 0.04003001852646837, 0.04376339673284124, 0.0456226365386696, 0.04654981885520448, 0.04467240470357159, 0.04186389230997145, 0.04046238934171309, 0.041870260597768105, 0.04375164859614289, 0.04564140288180196, 0.04659752418528451, 0.04473177650987559, 0.04191887466758448, 0.03817195609822721, 0.03489693307260544, 0.03255938563711447, 0.030223479945775678], [0.023047099874105692, 0.021927982773850108, 0.02118211876121867, 0.02080925788173471, 0.02155502111048957, 0.02416652414300202, 0.027901156749093436, 0.03201443048013508, 0.03500928373515988, 0.03650769146139843, 0.037257105921751243, 0.03575811220575842, 0.03351109549512521, 0.0323882432878444, 0.033511221746700626, 0.03500916218076955, 0.03650789316898617, 0.03725762265317467, 0.03575873967128196, 0.03351166385590343, 0.03051812636734863, 0.027901283221278828, 0.026033352178364888, 0.024166583924626783], [0.0057512036220643825, 0.005472428617190772, 0.005286605332407213, 0.005193702557351854, 0.005379513263553459, 0.006030016380198289, 0.006959795140638381, 0.007983196685944272, 0.008727909722194838, 0.009100388594492248, 0.009286654012339746, 0.008914102314991235, 0.00835545846963015, 0.00807621815638826, 0.008355474249889916, 0.008727894890266708, 0.009100413834104648, 0.00928671848434548, 0.008914180580424924, 0.008355529147492824, 0.007610979800056095, 0.006959811394322779, 0.006494845399566795, 0.006030024346055374], [0.011513035559978846, 0.010954473376424856, 0.01058217917591664, 0.01039605883923378, 0.010768315116325367, 0.012071713075639812, 0.013935185480188794, 0.015986957593549622, 0.017480431185076917, 0.018227538474263838, 0.01860117187423893, 0.01785384341829599, 0.01673340731858719, 0.01617343687158357, 0.01673345483568789, 0.017480385520749042, 0.0182276146854774, 0.018601366543587572, 0.017854079786391308, 0.016733621182673852, 0.015240644034035133, 0.013935233572290207, 0.013003265646882589, 0.012071736011148193], [0.005751241640001181, 0.005472461370189974, 0.0052866347871596275, 0.005193730441433564, 0.005379544354364052, 0.00603006022737218, 0.006959862685693485, 0.007983299066647076, 0.008728043609467884, 0.009100540120039469, 0.009286815210631572, 0.008914244569333762, 0.008355575309439311, 0.008076323602650648, 0.008355591192289902, 0.008728028476958194, 0.009100565751403833, 0.009286880333217784, 0.008914323651491252, 0.008355646682696394, 0.0076110683296048975, 0.0069598790531748556, 0.006494900248769531, 0.006030068171795966], [0.034480061120935934, 0.032809940429763707, 0.03171117457473538, 0.03115971699664488, 0.03227159906237098, 0.03658470239309941, 0.042112353107631506, 0.04819709032007191, 0.052625236685363674, 0.054840170181631676, 0.055947840443422825, 0.053732407739398136, 0.05040789754805308, 0.04871367894489631, 0.050333172289052985, 0.052593372990026754, 0.05483935390573502, 0.05594790199535438, 0.05373281249076145, 0.05041098900639951, 0.04598402525532408, 0.041725525010933184, 0.038993712929077606, 0.03621564074483752], [0.028729919270044757, 0.027338734475268467, 0.026429012206730773, 0.025970443244545782, 0.026896794739705854, 0.03052239316181593, 0.035130909595055604, 0.04020303706708739, 0.04389370356057731, 0.045739572016636254, 0.046662628930864036, 0.04481638447714187, 0.0420454864279054, 0.0406310338110325, 0.04197752895456497, 0.043864663006140336, 0.0457388280951192, 0.046662691223899655, 0.044816762922245124, 0.0420482961273938, 0.038358375910879206, 0.034771479585151255, 0.03250529379327216, 0.03019049885757097], [0.02298357436094034, 0.02187088507119772, 0.021147986747867442, 0.02078185737922822, 0.021522921963263553, 0.02444706803791319, 0.02813717934884208, 0.03219790932392841, 0.03515224725455113, 0.036629712775442025, 0.03736850908606004, 0.035890767190451145, 0.033672645199165796, 0.03253866778819603, 0.033614089335364916, 0.035127170645061545, 0.03662907320206932, 0.03736857511222236, 0.035891110528128545, 0.03367507273308834, 0.030721158783111546, 0.027821225811553996, 0.026016272661287365, 0.024164132997977372], [0.005751160637124775, 0.005472391111545072, 0.005286560493401149, 0.0051936580064024795, 0.005379464747761409, 0.006029885076211716, 0.006959616508079414, 0.007982960085151536, 0.008727629854104801, 0.009100093640534768, 0.009286355794009715, 0.008913836780654938, 0.008355231769426652, 0.008076013087005895, 0.008355255147569185, 0.008727631908434397, 0.009100103367612133, 0.009286380380889137, 0.008913866681389493, 0.008355257938581495, 0.007610759857460403, 0.006959721400293217, 0.006494748169119102, 0.006029942967325619], [0.011488762237106487, 0.010932988356020301, 0.01058026164260295, 0.010399001972634325, 0.01076915402863543, 0.01232479061529168, 0.014166982823984764, 0.016193584368488834, 0.01766761535174255, 0.01840463970379469, 0.018773146378723737, 0.0180359820465561, 0.016928771236772056, 0.01635555327588012, 0.016882660601904798, 0.017647830495345795, 0.018404130487003068, 0.018773190982454224, 0.01803624517215141, 0.0169306690071096, 0.015456672956527306, 0.01391313348963652, 0.013029592614124619, 0.01210449329425134], [0.005745863318279643, 0.005467917881175843, 0.00529346429948796, 0.005203129575179544, 0.005388275314921254, 0.006181269046898752, 0.007103560065712555, 0.008118083312425695, 0.008855926855929397, 0.009224830353908642, 0.00940927273330261, 0.009040295234776119, 0.008485990048533676, 0.008197940082353083, 0.008460298885725637, 0.008844888520646466, 0.009224548367880336, 0.009409304389462081, 0.00904045071126025, 0.008487053152566482, 0.007749198327407614, 0.006960513148279945, 0.006522151640096618, 0.006059295382786489]]
Q_grid = [12.407314569132893, 11.804134747912912, 11.402273912740014, 11.201473067243981, 11.603363808505932, 13.028337732585626, 15.038584182561621, 17.251465035437477, 18.861581913644883, 19.665876004438474, 20.068630232541736, 19.26164096684502, 18.05193902666143, 17.446117313070346, 18.04795756036549, 18.8576470985667, 19.67014944227104, 20.0798774991612, 19.275044034930843, 18.063277956242544, 16.449654357567923, 15.024246666783597, 14.017927749277376, 13.01178114162009]
alpha_1 = [[0.12113219482578802, 0.0, 0.0], [0.1414168301050015, 0.0, 0.0], [0.2072223557048435, 0.0, 0.0], [0.13900414623357127, 0.0, 0.0], [0.20833333276312016, 0.0, 0.0], [0.21576858306548843, 0.0, 0.0], [0.2013916345632686, 0.0, 0.0], [0.18409088450892575, 0.0, 0.0], [0.19194891612011536, 0.0, 0.0], [0.22497028232719046, 0.0, 0.0], [0.26615784515368435, 0.0, 0.0], [0.2777777721655042, 0.0, 0.0], [0.2777777739945933, 0.0, 0.0], [0.27777775958648543, 0.0, 0.0], [0.27777775758845424, 0.0, 0.0], [0.2777777538518954, 0.0, 0.0], [0.27777774909255276, 0.0, 0.0], [0.2648380266881163, 0.0, 0.0], [0.2730065236629535, 0.0, 0.0], [0.27529658458805406, 0.0, 0.0], [0.11904761940385594, 0.0, 0.0], [0.2035262461934875, 0.0, 0.0], [0.16617985362293275, 0.0, 0.0], [0.16666666666666666, 0.0, 0.0]]
alpha_10 = [[0.21669246612476056, 0.0, 0.0], [0.217501964243574, 0.0, 0.0], [0.21409807289879407, 0.0, 0.0], [0.2200302099745152, 0.0, 0.0], [0.20980608577925022, 0.0, 0.0], [0.19657725426849096, 0.0, 0.0], [0.1906473358578038, 0.0, 0.0], [0.18370523855800308, 0.0, 0.0], [0.18863442437300554, 0.0, 0.0], [0.2100266329338322, 0.0, 0.0], [0.23884572468966514, 0.0, 0.0], [0.26349047592749886, 0.0, 0.0], [0.277777775362618, 0.0, 0.0], [0.2777777648468277, 0.0, 0.0], [0.27777775996738585, 0.0, 0.0], [0.2777777539863734, 0.0, 0.0], [0.2724044124828897, 0.0, 0.0], [0.2552963954487709, 0.0, 0.0], [0.2657160078333376, 0.0, 0.0], [0.1264198782437742, 0.0, 0.0], [0.11904761920573426, 0.0, 0.0], [0.18383962497735307, 0.0, 0.0], [0.16673085402872018, 0.0, 0.0], [0.16666666666666666, 0.0, 0.0]]
alpha_11 = [[0.21669246612477244, 0.0, 0.0], [0.21750196424357449, 0.0, 0.0], [0.21409807289879407, 0.0, 0.0], [0.22003020997451528, 0.0, 0.0], [0.2098060857792501, 0.0, 0.0], [0.19657725426849104, 0.0, 0.0], [0.1906473358578035, 0.0, 0.0], [0.18370523855800347, 0.0, 0.0], [0.1886344243730054, 0.0, 0.0], [0.21002663293383195, 0.0, 0.0], [0.2388457246896653, 0.0, 0.0], [0.2634904759274988, 0.0, 0.0], [0.277777775362618, 0.0, 0.0], [0.2777777648468277, 0.0, 0.0], [0.27777775996738585, 0.0, 0.0], [0.2777777539863734, 0.0, 0.0], [0.2724044124828898, 0.0, 0.0], [0.2552963954487713, 0.0, 0.0], [0.26571600783333704, 0.0, 0.0], [0.12641987824377418, 0.0, 0.0], [0.11904761920573426, 0.0, 0.0], [0.1838396249773531, 0.0, 0.0], [0.16673085402871926, 0.0, 0.0], [0.16666666666666666, 0.0, 0.0]]
alpha_12 = [[0.1571088437128718, 0.0, 0.0], [0.20622923951479452, 0.0, 0.0], [0.2312883873031708, 0.0, 0.0], [0.2439769705189223, 0.0, 0.0], [0.232100765514916, 0.0, 0.0], [0.16500778010243353, 0.0, 0.0], [0.16127878526639589, 0.0, 0.0], [0.15654368285893996, 0.0, 0.0], [0.15910417113126243, 0.0, 0.0], [0.17000485623802544, 0.0, 0.0], [0.18276760228376315, 0.0, 0.0], [0.1890929050139817, 0.0, 0.0], [0.19082438814944153, 0.0, 0.0], [0.17565875302816164, 0.0, 0.0], [0.1650513120955771, 0.0, 0.0], [0.14735969911155622, 0.0, 0.0], [0.14043666620011902, 0.0, 0.0], [0.14504556695881168, 0.0, 0.0], [0.16713460825056645, 0.0, 0.0], [0.1541456325763513, 0.0, 0.0], [0.11904761910596669, 0.0, 0.0], [0.20001555644618282, 0.0, 0.0], [0.16228118623751067, 0.0, 0.0], [0.16666666666666669, 0.0, 0.0]]
alpha_13 = [[0.13605540932767807, 0.0, 0.0], [0.2117273456322041, 0.0, 0.0], [0.20506250060794495, 0.0, 0.0], [0.22693447624751734, 0.0, 0.0], [0.2130040572653276, 0.0, 0.0], [0.2020661224631697, 0.0, 0.0], [0.19461740277121803, 0.0, 0.0], [0.1860724786857383, 0.0, 0.0], [0.19141856095834925, 0.0, 0.0], [0.2147771139126094, 0.0, 0.0], [0.24605709699160982, 0.0, 0.0], [0.26856932358444263, 0.0, 0.0], [0.2776835972318832, 0.0, 0.0], [0.2777777637480472, 0.0, 0.0], [0.27777772191129546, 0.0, 0.0], [0.20468636557672829, 0.0, 0.0], [0.18994064251991272, 0.0, 0.0], [0.22738714096598395, 0.0, 0.0], [0.2333713123642417, 0.0, 0.0], [0.15833154679612818, 0.0, 0.0], [0.11904761912823338, 0.0, 0.0], [0.1993890877562986, 0.0, 0.0], [0.16548696454545997, 0.0, 0.0], [0.16666666666666666, 0.0, 0.0]]
alpha_14 = [[0.13889006483946473, 0.0, 0.0], [0.22168042165897972, 0.0, 0.0], [0.21902459733583546, 0.0, 0.0], [0.22547032314469628, 0.0, 0.0], [0.21283101431266063, 0.0, 0.0], [0.20042476051098784, 0.0, 0.0], [0.19339784595262582, 0.0, 0.0], [0.18582738195673057, 0.0, 0.0], [0.1910355850683774, 0.0, 0.0], [0.21335633389141542, 0.0, 0.0], [0.2434473443671462, 0.0, 0.0], [0.26730343449034855, 0.0, 0.0], [0.27767014823336805, 0.0, 0.0], [0.27777776522502223, 0.0, 0.0], [0.27777773724194565, 0.0, 0.0], [0.2203435744166432, 0.0, 0.0], [0.20512162604687312, 0.0, 0.0], [0.26136675356851286, 0.0, 0.0], [0.2281606684544326, 0.0, 0.0], [0.14916821917991568, 0.0, 0.0], [0.1190476191298877, 0.0, 0.0], [0.19166237560422378, 0.0, 0.0], [0.1620599064228777, 0.0, 0.0], [0.16666666666666666, 0.0, 0.0]]
alpha_15 = [[0.1428585940947909, 0.0, 0.0], [0.2228321284299543, 0.0, 0.0], [0.21822123977130492, 0.0, 0.0], [0.22388844250006062, 0.0, 0.0], [0.21239004056221114, 0.0, 0.0], [0.19901560415945688, 0.0, 0.0], [0.19213400465870395, 0.0, 0.0], [0.1854074069042039, 0.0, 0.0], [0.19062065868980993, 0.0, 0.0], [0.21208250959810815, 0.0, 0.0], [0.24107628263644437, 0.0, 0.0], [0.2656340294255836, 0.0, 0.0], [0.27765221820629526, 0.0, 0.0], [0.2777777656657548, 0.0, 0.0], [0.27777774663369165, 0.0, 0.0], [0.24642337424054905, 0.0, 0.0], [0.23044644601749678, 0.0, 0.0], [0.260137136295041, 0.0, 0.0], [0.2215646308855318, 0.0, 0.0], [0.13848214287479424, 0.0, 0.0], [0.11904761913307589, 0.0, 0.0], [0.19920357984636305, 0.0, 0.0], [0.16208716247523847, 0.0, 0.0], [0.16666666666666666, 0.0, 0.0]]
alpha_16 = [[0.1562398757363188, 0.0, 0.0], [0.22206257031873738, 0.0, 0.0], [0.21718976556621422, 0.0, 0.0], [0.2242125500476897, 0.0, 0.0], [0.2113499290243898, 0.0, 0.0], [0.19825393410969766, 0.0, 0.0], [0.19163654171715863, 0.0, 0.0], [0.1850576010048435, 0.0, 0.0], [0.19016763521642382, 0.0, 0.0], [0.21138687596631395, 0.0, 0.0], [0.24015766751330553, 0.0, 0.0], [0.2650540322025493, 0.0, 0.0], [0.2777777763826162, 0.0, 0.0], [0.2777777653473129, 0.0, 0.0], [0.2777777548671414, 0.0, 0.0], [0.2777777463998903, 0.0, 0.0], [0.27487711373288914, 0.0, 0.0], [0.25905685056583794, 0.0, 0.0], [0.23112800123527422, 0.0, 0.0], [0.1277702603842853, 0.0, 0.0], [0.1190476191434515, 0.0, 0.0], [0.1841172934403642, 0.0, 0.0], [0.1653655888675796, 0.0, 0.0], [0.16666666666666666, 0.0, 0.0]]
alpha_17 = [[0.2272298859379372, 0.0, 0.0], [0.2223360351049847, 0.0, 0.0], [0.21501514358715673, 0.0, 0.0], [0.22010255504975945, 0.0, 0.0], [0.20950266913600968, 0.0, 0.0], [0.19549500044067902, 0.0, 0.0], [0.1888682421728112, 0.0, 0.0], [0.18331194335957907, 0.0, 0.0], [0.188650180486371, 0.0, 0.0], [0.20876997855031776, 0.0, 0.0], [0.23579416094994465, 0.0, 0.0], [0.2592998911042974, 0.0, 0.0], [0.277777775791874, 0.0, 0.0], [0.27777776420197925, 0.0, 0.0], [0.2777777587656759, 0.0, 0.0], [0.27777775743193855, 0.0, 0.0], [0.2720364139437238, 0.0, 0.0], [0.25510705514274407, 0.0, 0.0], [0.1995632077855775, 0.0, 0.0], [0.11904762014758931, 0.0, 0.0], [0.11904761917735007, 0.0, 0.0], [0.13769096469313596, 0.0, 0.0], [0.16757770468927763, 0.0, 0.0], [0.16666666666666666, 0.0, 0.0]]
alpha_18 = [[0.1442394792861668, 0.0, 0.0], [0.22470164006096632, 0.0, 0.0], [0.2177222372105823, 0.0, 0.0], [0.22086656741681748, 0.0, 0.0], [0.21192586684710402, 0.0, 0.0], [0.19744048208521925, 0.0, 0.0], [0.19042799368854008, 0.0, 0.0], [0.1846712886735271, 0.0, 0.0], [0.19010560564012158, 0.0, 0.0], [0.21063689212474018, 0.0, 0.0], [0.2382130226850097, 0.0, 0.0], [0.26219567862655, 0.0, 0.0], [0.27752677321953684, 0.0, 0.0], [0.2777777658355656, 0.0, 0.0], [0.2777777532941964, 0.0, 0.0], [0.27777773768722475, 0.0, 0.0], [0.2741188064523873, 0.0, 0.0], [0.25854830683288266, 0.0, 0.0], [0.20233466300010428, 0.0, 0.0], [0.12461684974957232, 0.0, 0.0], [0.11904761913592427, 0.0, 0.0], [0.22407025688555532, 0.0, 0.0], [0.16490686268947932, 0.0, 0.0], [0.16666666666666666, 0.0, 0.0]]
alpha_19 = [[0.1613066605324642, 0.0, 0.0], [0.22577731125811476, 0.0, 0.0], [0.21651483772134786, 0.0, 0.0], [0.21686538745991873, 0.0, 0.0], [0.21047600296515018, 0.0, 0.0], [0.19528281205599857, 0.0, 0.0], [0.18822581513552172, 0.0, 0.0], [0.1833616115442718, 0.0, 0.0], [0.18906916324275616, 0.0, 0.0], [0.20867221161709648, 0.0, 0.0], [0.23472812196771367, 0.0, 0.0], [0.25750345708294203, 0.0, 0.0], [0.2774014412309098, 0.0, 0.0], [0.27777776530675835, 0.0, 0.0], [0.2777777573198361, 0.0, 0.0], [0.27777775325193893, 0.0, 0.0], [0.27232523940899955, 0.0, 0.0], [0.2558035621403392, 0.0, 0.0], [0.178562283229484, 0.0, 0.0], [0.11904761970750938, 0.0, 0.0], [0.11904761914987662, 0.0, 0.0], [0.20887674182469423, 0.0, 0.0], [0.1640346228587065, 0.0, 0.0], [0.16666666666666666, 0.0, 0.0]]
alpha_2 = [[0.1436331223326227, 0.0, 0.0], [0.21368796393817685, 0.0, 0.0], [0.2204985521879325, 0.0, 0.0], [0.2284475824566993, 0.0, 0.0], [0.21177676352756442, 0.0, 0.0], [0.20495074492942714, 0.0, 0.0], [0.19732228789186748, 0.0, 0.0], [0.18593967686242102, 0.0, 0.0], [0.19133690166039827, 0.0, 0.0], [0.2173789328313836, 0.0, 0.0], [0.25177705733980954, 0.0, 0.0], [0.2731729203676138, 0.0, 0.0], [0.2777777760902537, 0.0, 0.0], [0.27777776312331864, 0.0, 0.0], [0.2777777503074739, 0.0, 0.0], [0.24397556427514755, 0.0, 0.0], [0.2212024907819667, 0.0, 0.0], [0.2403356316618326, 0.0, 0.0], [0.24290566031705718, 0.0, 0.0], [0.20720209106821313, 0.0, 0.0], [0.11904761916393326, 0.0, 0.0], [0.19066984712575855, 0.0, 0.0], [0.16402667413747266, 0.0, 0.0], [0.16666666666666669, 0.0, 0.0]]
alpha_20 = [[0.25007834507403526, 0.0, 0.0], [0.22587619278803453, 0.0, 0.0], [0.21541343256850012, 0.0, 0.0], [0.2088336882293134, 0.0, 0.0], [0.20833333300307416, 0.0, 0.0], [0.19265230092471097, 0.0, 0.0], [0.18560322147058964, 0.0, 0.0], [0.1814874577313747, 0.0, 0.0], [0.18752237823173226, 0.0, 0.0], [0.20628175901142445, 0.0, 0.0], [0.23079647903320047, 0.0, 0.0], [0.2522147104663016, 0.0, 0.0], [0.27702612350295314, 0.0, 0.0], [0.27777776388014286, 0.0, 0.0], [0.27777775943960936, 0.0, 0.0], [0.27777775633623114, 0.0, 0.0], [0.26844823726597256, 0.0, 0.0], [0.25213263775750905, 0.0, 0.0], [0.13285795449219026, 0.0, 0.0], [0.11904761965429962, 0.0, 0.0], [0.11904761917577267, 0.0, 0.0], [0.20548067808853201, 0.0, 0.0], [0.1668277719586673, 0.0, 0.0], [0.16666666666666666, 0.0, 0.0]]
alpha_21 = [[0.17996298499290134, 0.0, 0.0], [0.20245731628473396, 0.0, 0.0], [0.2523002832812063, 0.0, 0.0], [0.2569793493088629, 0.0, 0.0], [0.24855016929634233, 0.0, 0.0], [0.14463688643231576, 0.0, 0.0], [0.14280530981786876, 0.0, 0.0], [0.140137813450505, 0.0, 0.0], [0.141365766718441, 0.0, 0.0], [0.14686362189686825, 0.0, 0.0], [0.15291097977804907, 0.0, 0.0], [0.1551160515593633, 0.0, 0.0], [0.15519993261125134, 0.0, 0.0], [0.13834102451239533, 0.0, 0.0], [0.13142492996362737, 0.0, 0.0], [0.12516153962126894, 0.0, 0.0], [0.12097210396052496, 0.0, 0.0], [0.11904765513644645, 0.0, 0.0], [0.14452694846291256, 0.0, 0.0], [0.1463134554780508, 0.0, 0.0], [0.1190476190870612, 0.0, 0.0], [0.19594493693536474, 0.0, 0.0], [0.1650832014327872, 0.0, 0.0], [0.16666666666666666, 0.0, 0.0]]
alpha_22 = [[0.18852595651600845, 0.0, 0.0], [0.2019698717271271, 0.0, 0.0], [0.2548386799961313, 0.0, 0.0], [0.2588283538225328, 0.0, 0.0], [0.2520515250697425, 0.0, 0.0], [0.1404422052944887, 0.0, 0.0], [0.1390559625782501, 0.0, 0.0], [0.13700772382299295, 0.0, 0.0], [0.13797239293968372, 0.0, 0.0], [0.14235958862744905, 0.0, 0.0], [0.1472198909849632, 0.0, 0.0], [0.14926522252382068, 0.0, 0.0], [0.14934979192641207, 0.0, 0.0], [0.13243976141131142, 0.0, 0.0], [0.130120868330861, 0.0, 0.0], [0.12415908386594161, 0.0, 0.0], [0.12056328671115996, 0.0, 0.0], [0.11904765780652146, 0.0, 0.0], [0.13862414381810528, 0.0, 0.0], [0.14041457228879548, 0.0, 0.0], [0.11904761908488648, 0.0, 0.0], [0.20786326777634478, 0.0, 0.0], [0.1625578035587083, 0.0, 0.0], [0.16666666666666666, 0.0, 0.0]]
alpha_23 = [[0.19989011733229703, 0.0, 0.0], [0.21667164568159072, 0.0, 0.0], [0.2583617069804914, 0.0, 0.0], [0.26135555861805704, 0.0, 0.0], [0.2561215154400429, 0.0, 0.0], [0.13588958031115705, 0.0, 0.0], [0.1348788907866084, 0.0, 0.0], [0.13341436735297116, 0.0, 0.0], [0.13414095505945672, 0.0, 0.0], [0.13742301275025443, 0.0, 0.0], [0.1410724996660968, 0.0, 0.0], [0.1428282803172744, 0.0, 0.0], [0.14291325836655075, 0.0, 0.0], [0.13101239022429031, 0.0, 0.0], [0.12866218683145741, 0.0, 0.0], [0.12303649326742139, 0.0, 0.0], [0.12013252015455568, 0.0, 0.0], [0.11904766112126086, 0.0, 0.0], [0.13217412730901665, 0.0, 0.0], [0.13396144705147942, 0.0, 0.0], [0.11904761908228895, 0.0, 0.0], [0.22415367695064198, 0.0, 0.0], [0.16039908965245442, 0.0, 0.0], [0.16666666666666666, 0.0, 0.0]]
alpha_24 = [[0.21569877551737074, 0.0, 0.0], [0.23770999918579017, 0.0, 0.0], [0.26302624676689, 0.0, 0.0], [0.264872361025515, 0.0, 0.0], [0.2611396121429409, 0.0, 0.0], [0.13086363294695097, 0.0, 0.0], [0.1301948800218707, 0.0, 0.0], [0.12927304340973844, 0.0, 0.0], [0.12977024862034622, 0.0, 0.0], [0.13194906739446252, 0.0, 0.0], [0.13437096360641926, 0.0, 0.0], [0.13571250922084796, 0.0, 0.0], [0.13579751385769506, 0.0, 0.0], [0.12949694785347698, 0.0, 0.0], [0.12701680362211282, 0.0, 0.0], [0.12176266593408726, 0.0, 0.0], [0.11967668172411917, 0.0, 0.0], [0.11904766517446816, 0.0, 0.0], [0.12509710878483474, 0.0, 0.0], [0.12687211679458346, 0.0, 0.0], [0.11904761907944666, 0.0, 0.0], [0.24776229512265172, 0.0, 0.0], [0.16100369932718517, 0.0, 0.0], [0.16666666666666666, 0.0, 0.0]]
alpha_25 = [[0.11904762000174113, 0.0, 0.0], [0.22612138538061224, 0.0, 0.0], [0.21907948583574477, 0.0, 0.0], [0.22319754499858596, 0.0, 0.0], [0.2118142678955845, 0.0, 0.0], [0.20105875732105988, 0.0, 0.0], [0.1941064406373465, 0.0, 0.0], [0.18603528572943984, 0.0, 0.0], [0.1909805741113009, 0.0, 0.0], [0.21411448892117202, 0.0, 0.0], [0.2465271931397959, 0.0, 0.0], [0.27451886683277194, 0.0, 0.0], [0.2777777753861449, 0.0, 0.0], [0.2777776476392836, 0.0, 0.0], [0.1992196577906015, 0.0, 0.0], [0.13020045093831034, 0.0, 0.0], [0.12025153330853697, 0.0, 0.0], [0.11904804209547815, 0.0, 0.0], [0.11904763044298868, 0.0, 0.0], [0.11904762169632976, 0.0, 0.0], [0.11904761924420135, 0.0, 0.0], [0.2777777773311964, 0.0, 0.0], [0.16631127097300918, 0.0, 0.0], [0.16666666666666666, 0.0, 0.0]]
alpha_26 = [[0.2777777776686374, 0.0, 0.0], [0.2777777776849649, 0.0, 0.0], [0.2777777776976047, 0.0, 0.0], [0.2777777777243317, 0.0, 0.0], [0.27777777773268886, 0.0, 0.0], [0.11904761910906593, 0.0, 0.0], [0.11904761908339433, 0.0, 0.0], [0.11904761907127652, 0.0, 0.0], [0.11904761906112812, 0.0, 0.0], [0.11904761906008517, 0.0, 0.0], [0.11904761905977287, 0.0, 0.0], [0.11904761906148432, 0.0, 0.0], [0.11904761907109415, 0.0, 0.0], [0.11904761906204173, 0.0, 0.0], [0.11904761906144255, 0.0, 0.0], [0.1190476190600253, 0.0, 0.0], [0.11904761905769047, 0.0, 0.0], [0.11904761905429355, 0.0, 0.0], [0.11904761905385172, 0.0, 0.0], [0.11904761905384657, 0.0, 0.0], [0.1190476190526382, 0.0, 0.0], [0.24060556902875388, 0.0, 0.0], [0.16113489069617973, 0.0, 0.0], [0.16666666666666663, 0.0, 0.0]]
alpha_27 = [[0.19037180026643924, 0.0, 0.0], [0.19217189133786594, 0.0, 0.0], [0.2006004619497828, 0.0, 0.0], [0.20053415771830455, 0.0, 0.0], [0.19049005804723268, 0.0, 0.0], [0.14994034392155228, 0.0, 0.0], [0.145765708002198, 0.0, 0.0], [0.1480320853863797, 0.0, 0.0], [0.15592152958430422, 0.0, 0.0], [0.15233432528492674, 0.0, 0.0], [0.155821360255197, 0.0, 0.0], [0.16323105562571688, 0.0, 0.0], [0.16163206409035952, 0.0, 0.0], [0.16096713742833407, 0.0, 0.0], [0.15495839603228823, 0.0, 0.0], [0.14747406641687233, 0.0, 0.0], [0.14586918466905968, 0.0, 0.0], [0.14128970388018916, 0.0, 0.0], [0.14529887027910898, 0.0, 0.0], [0.1463327112224639, 0.0, 0.0], [0.13880394855831768, 0.0, 0.0], [0.1856782505676892, 0.0, 0.0], [0.16786747156771437, 0.0, 0.0], [0.16666666666666666, 0.0, 0.0]]
alpha_28 = [[0.21628845728464735, 0.0, 0.0], [0.21894047398059263, 0.0, 0.0], [0.2324478582870027, 0.0, 0.0], [0.23234103788422236, 0.0, 0.0], [0.18022330495700503, 0.0, 0.0], [0.15814820026153256, 0.0, 0.0], [0.15261609302211762, 0.0, 0.0], [0.14235771679051643, 0.0, 0.0], [0.16621845875267777, 0.0, 0.0], [0.16135771763191073, 0.0, 0.0], [0.16608187964657012, 0.0, 0.0], [0.176318884297515, 0.0, 0.0], [0.17408654013949718, 0.0, 0.0], [0.17316203715549222, 0.0, 0.0], [0.16472166825342952, 0.0, 0.0], [0.13482496839731598, 0.0, 0.0], [0.13378164751785118, 0.0, 0.0], [0.13631006506207896, 0.0, 0.0], [0.13349393019007447, 0.0, 0.0], [0.13404332957975612, 0.0, 0.0], [0.12644442075589302, 0.0, 0.0], [0.17413131417442632, 0.0, 0.0], [0.16564424435682487, 0.0, 0.0], [0.16666666666666669, 0.0, 0.0]]
alpha_29 = [[0.24536183190119923, 0.0, 0.0], [0.2770609256485577, 0.0, 0.0], [0.2777777754005601, 0.0, 0.0], [0.2777777740482513, 0.0, 0.0], [0.20678929950827876, 0.0, 0.0], [0.1722956022588902, 0.0, 0.0], [0.1641905034987927, 0.0, 0.0], [0.14193232626662405, 0.0, 0.0], [0.18449422855720843, 0.0, 0.0], [0.1770926094158391, 0.0, 0.0], [0.18428396562581753, 0.0, 0.0], [0.20042378388228144, 0.0, 0.0], [0.19683734105062647, 0.0, 0.0], [0.1953631599242373, 0.0, 0.0], [0.17159461610927584, 0.0, 0.0], [0.12262661539858234, 0.0, 0.0], [0.11904762070891059, 0.0, 0.0], [0.12246404874600876, 0.0, 0.0], [0.11904762141557271, 0.0, 0.0], [0.1190476203041465, 0.0, 0.0], [0.11904762061423292, 0.0, 0.0], [0.15927395175053788, 0.0, 0.0], [0.16209440691805932, 0.0, 0.0], [0.16666666666666666, 0.0, 0.0]]
alpha_3 = [[0.1492974364017403, 0.0, 0.0], [0.21263262923412418, 0.0, 0.0], [0.21946396180103817, 0.0, 0.0], [0.22784879106473277, 0.0, 0.0], [0.2115696818908828, 0.0, 0.0], [0.20429921965150843, 0.0, 0.0], [0.1972856329786668, 0.0, 0.0], [0.18584278270657167, 0.0, 0.0], [0.19097071918417186, 0.0, 0.0], [0.216881984147289, 0.0, 0.0], [0.25128879350917943, 0.0, 0.0], [0.27418194162884113, 0.0, 0.0], [0.27777777601295195, 0.0, 0.0], [0.2777777644665056, 0.0, 0.0], [0.27777775648060526, 0.0, 0.0], [0.2777776776028781, 0.0, 0.0], [0.2603349671331349, 0.0, 0.0], [0.26101387232161327, 0.0, 0.0], [0.2728952832467253, 0.0, 0.0], [0.22170780731375916, 0.0, 0.0], [0.11904761916981879, 0.0, 0.0], [0.18733593370445684, 0.0, 0.0], [0.1656275105285469, 0.0, 0.0], [0.16666666666666666, 0.0, 0.0]]
alpha_30 = [[0.27777776004825927, 0.0, 0.0], [0.2777777732995625, 0.0, 0.0], [0.27777777583141305, 0.0, 0.0], [0.2777777741229169, 0.0, 0.0], [0.2610125354917585, 0.0, 0.0], [0.2150028974833086, 0.0, 0.0], [0.18732536172783087, 0.0, 0.0], [0.17652786103126178, 0.0, 0.0], [0.18573386021414343, 0.0, 0.0], [0.2030091866372763, 0.0, 0.0], [0.2264214847188706, 0.0, 0.0], [0.24623427804904774, 0.0, 0.0], [0.26950956356702876, 0.0, 0.0], [0.27777774877901457, 0.0, 0.0], [0.22565436439490016, 0.0, 0.0], [0.13478259263325193, 0.0, 0.0], [0.11904762135216707, 0.0, 0.0], [0.12952328995623924, 0.0, 0.0], [0.11904762241809687, 0.0, 0.0], [0.11904762064742887, 0.0, 0.0], [0.11904762030064864, 0.0, 0.0], [0.2717562535215209, 0.0, 0.0], [0.16482063886122506, 0.0, 0.0], [0.16666666666666666, 0.0, 0.0]]
alpha_31 = [[0.27717657679962066, 0.0, 0.0], [0.2763478044583042, 0.0, 0.0], [0.27777777492754696, 0.0, 0.0], [0.27777777429718553, 0.0, 0.0], [0.2609747772621575, 0.0, 0.0], [0.19675715472989974, 0.0, 0.0], [0.18825930630537063, 0.0, 0.0], [0.1416669669604726, 0.0, 0.0], [0.185736545297036, 0.0, 0.0], [0.2024748424701062, 0.0, 0.0], [0.22499490032888472, 0.0, 0.0], [0.24397314858219732, 0.0, 0.0], [0.2435785374399633, 0.0, 0.0], [0.23599685753374666, 0.0, 0.0], [0.18289985453460594, 0.0, 0.0], [0.11904768555503677, 0.0, 0.0], [0.1190476205305935, 0.0, 0.0], [0.12090412625928096, 0.0, 0.0], [0.11904762103327295, 0.0, 0.0], [0.11904762011415482, 0.0, 0.0], [0.11904761987098278, 0.0, 0.0], [0.15344255209313293, 0.0, 0.0], [0.16353004490358394, 0.0, 0.0], [0.16666666666666666, 0.0, 0.0]]
alpha_32 = [[0.2765779952586296, 0.0, 0.0], [0.2749324806989009, 0.0, 0.0], [0.27777777310762036, 0.0, 0.0], [0.2777777736734221, 0.0, 0.0], [0.25801835866262046, 0.0, 0.0], [0.21641445623632283, 0.0, 0.0], [0.18691524604721416, 0.0, 0.0], [0.17489802101590424, 0.0, 0.0], [0.18410605772932934, 0.0, 0.0], [0.20041085510684556, 0.0, 0.0], [0.22167336663835793, 0.0, 0.0], [0.23948746314129638, 0.0, 0.0], [0.26163207119605175, 0.0, 0.0], [0.2777777437108108, 0.0, 0.0], [0.19877681475720943, 0.0, 0.0], [0.11904774860246022, 0.0, 0.0], [0.11904762095287125, 0.0, 0.0], [0.12281942315150675, 0.0, 0.0], [0.1190476214993611, 0.0, 0.0], [0.11904762026467382, 0.0, 0.0], [0.11904762025347101, 0.0, 0.0], [0.2048871134851055, 0.0, 0.0], [0.16621229723893965, 0.0, 0.0], [0.16666666666666666, 0.0, 0.0]]
alpha_33 = [[0.1922482564426182, 0.0, 0.0], [0.19009048211063512, 0.0, 0.0], [0.18106029053305642, 0.0, 0.0], [0.18112515473237614, 0.0, 0.0], [0.1921037349818768, 0.0, 0.0], [0.14510092489858992, 0.0, 0.0], [0.15009270853626674, 0.0, 0.0], [0.14730605832712815, 0.0, 0.0], [0.13891283652530947, 0.0, 0.0], [0.14250033531365006, 0.0, 0.0], [0.139008372350134, 0.0, 0.0], [0.13256629555653446, 0.0, 0.0], [0.1338568334910755, 0.0, 0.0], [0.13440860319924958, 0.0, 0.0], [0.13984207416502092, 0.0, 0.0], [0.14797465872959764, 0.0, 0.0], [0.1499612636657006, 0.0, 0.0], [0.1562072899290928, 0.0, 0.0], [0.1506909497115713, 0.0, 0.0], [0.14937752930715836, 0.0, 0.0], [0.16000894623165854, 0.0, 0.0], [0.170926692756502, 0.0, 0.0], [0.16772104720291198, 0.0, 0.0], [0.16666666666666669, 0.0, 0.0]]
alpha_34 = [[0.22069920954649336, 0.0, 0.0], [0.2077242386153038, 0.0, 0.0], [0.20816949843086457, 0.0, 0.0], [0.2082766924224319, 0.0, 0.0], [0.17959921901124448, 0.0, 0.0], [0.15349916206096254, 0.0, 0.0], [0.16056039271266026, 0.0, 0.0], [0.140200350896126, 0.0, 0.0], [0.1449601319602787, 0.0, 0.0], [0.1498821359228459, 0.0, 0.0], [0.14509020274411819, 0.0, 0.0], [0.13643971262874122, 0.0, 0.0], [0.13815331159788513, 0.0, 0.0], [0.13888888984027087, 0.0, 0.0], [0.14601556339944208, 0.0, 0.0], [0.1324960949101878, 0.0, 0.0], [0.13522088918421832, 0.0, 0.0], [0.1428386646164232, 0.0, 0.0], [0.13634202089600225, 0.0, 0.0], [0.1343676182045018, 0.0, 0.0], [0.14511176310803658, 0.0, 0.0], [0.15724417927280374, 0.0, 0.0], [0.1675597152834291, 0.0, 0.0], [0.16666666666666666, 0.0, 0.0]]
alpha_35 = [[0.26370712923123474, 0.0, 0.0], [0.27633726726972824, 0.0, 0.0], [0.27738966298500234, 0.0, 0.0], [0.2776435423207348, 0.0, 0.0], [0.21626590243259194, 0.0, 0.0], [0.16988721669943374, 0.0, 0.0], [0.1816778549472272, 0.0, 0.0], [0.13313759030386466, 0.0, 0.0], [0.1563005216905744, 0.0, 0.0], [0.16404525274170337, 0.0, 0.0], [0.15650222503650665, 0.0, 0.0], [0.14342416263571614, 0.0, 0.0], [0.1459616678751737, 0.0, 0.0], [0.1470588241090711, 0.0, 0.0], [0.149178543061973, 0.0, 0.0], [0.11904763947933322, 0.0, 0.0], [0.11904762063564589, 0.0, 0.0], [0.12511174506677025, 0.0, 0.0], [0.1190476214411755, 0.0, 0.0], [0.11904762064226744, 0.0, 0.0], [0.14615814611527367, 0.0, 0.0], [0.15421257937161537, 0.0, 0.0], [0.16617480439417412, 0.0, 0.0], [0.16666666666666666, 0.0, 0.0]]
alpha_36 = [[0.2769465684577042, 0.0, 0.0], [0.27562260903342806, 0.0, 0.0], [0.2771960127456125, 0.0, 0.0], [0.27757647468731905, 0.0, 0.0], [0.2599840561821582, 0.0, 0.0], [0.21601131457101708, 0.0, 0.0], [0.18714485757650415, 0.0, 0.0], [0.14151196589981374, 0.0, 0.0], [0.18529165895686128, 0.0, 0.0], [0.2022727996274958, 0.0, 0.0], [0.18571728987198247, 0.0, 0.0], [0.15978298097449717, 0.0, 0.0], [0.1645637950373058, 0.0, 0.0], [0.16666666541156466, 0.0, 0.0], [0.15440775838020476, 0.0, 0.0], [0.1190476468159561, 0.0, 0.0], [0.11904762062924443, 0.0, 0.0], [0.12116180904230552, 0.0, 0.0], [0.1190476212548226, 0.0, 0.0], [0.11904762076210698, 0.0, 0.0], [0.1649387690888381, 0.0, 0.0], [0.16087912220059017, 0.0, 0.0], [0.16618923648040917, 0.0, 0.0], [0.16666666666666666, 0.0, 0.0]]
alpha_37 = [[0.2761203451162235, 0.0, 0.0], [0.2735006271878887, 0.0, 0.0], [0.2766166801401748, 0.0, 0.0], [0.27737546446928496, 0.0, 0.0], [0.2568970343432605, 0.0, 0.0], [0.2158932899195192, 0.0, 0.0], [0.18615509499298727, 0.0, 0.0], [0.1744262528743854, 0.0, 0.0], [0.1836412971586604, 0.0, 0.0], [0.20019070308259115, 0.0, 0.0], [0.2224820786591746, 0.0, 0.0], [0.24289662712116628, 0.0, 0.0], [0.26642925590097005, 0.0, 0.0], [0.2777777380420616, 0.0, 0.0], [0.19982405713589216, 0.0, 0.0], [0.11904767156766644, 0.0, 0.0], [0.1190476210621769, 0.0, 0.0], [0.12335240615341615, 0.0, 0.0], [0.11904762173638103, 0.0, 0.0], [0.11904762155525252, 0.0, 0.0], [0.2684050765510674, 0.0, 0.0], [0.17171205074268076, 0.0, 0.0], [0.16663788282117115, 0.0, 0.0], [0.16666666666666666, 0.0, 0.0]]
alpha_4 = [[0.16311302507493877, 0.0, 0.0], [0.21321795353105277, 0.0, 0.0], [0.21730450283090377, 0.0, 0.0], [0.22595470717339705, 0.0, 0.0], [0.21113399566847457, 0.0, 0.0], [0.2017839106699622, 0.0, 0.0], [0.195550589710513, 0.0, 0.0], [0.1853320963432275, 0.0, 0.0], [0.19015956519060995, 0.0, 0.0], [0.21472980397658736, 0.0, 0.0], [0.2476385342632222, 0.0, 0.0], [0.273003929120542, 0.0, 0.0], [0.2777777758273602, 0.0, 0.0], [0.27777776516738995, 0.0, 0.0], [0.2777777591293944, 0.0, 0.0], [0.27777773896781793, 0.0, 0.0], [0.27566571332052164, 0.0, 0.0], [0.25861616562277295, 0.0, 0.0], [0.2713057058543982, 0.0, 0.0], [0.20773085218604598, 0.0, 0.0], [0.11904761918168268, 0.0, 0.0], [0.16899524470614535, 0.0, 0.0], [0.16412796288789339, 0.0, 0.0], [0.16666666666666666, 0.0, 0.0]]
alpha_5 = [[0.20015702559968868, 0.0, 0.0], [0.2133657034232524, 0.0, 0.0], [0.21510060470682774, 0.0, 0.0], [0.22262457327380225, 0.0, 0.0], [0.21010092668281283, 0.0, 0.0], [0.19956806369358188, 0.0, 0.0], [0.19366815757529424, 0.0, 0.0], [0.18443514886185508, 0.0, 0.0], [0.1891581162711049, 0.0, 0.0], [0.21267833986772244, 0.0, 0.0], [0.2442704708582867, 0.0, 0.0], [0.2706780129130421, 0.0, 0.0], [0.2777777754145254, 0.0, 0.0], [0.27777776468604104, 0.0, 0.0], [0.2777777603542381, 0.0, 0.0], [0.2777777544576737, 0.0, 0.0], [0.27462169978308587, 0.0, 0.0], [0.25722362679856625, 0.0, 0.0], [0.2687201810619028, 0.0, 0.0], [0.18447182143915192, 0.0, 0.0], [0.11904761921084128, 0.0, 0.0], [0.19063481724675674, 0.0, 0.0], [0.16648794340183862, 0.0, 0.0], [0.16666666666666666, 0.0, 0.0]]
alpha_6 = [[0.2001570255996811, 0.0, 0.0], [0.21336570342325226, 0.0, 0.0], [0.21510060470682715, 0.0, 0.0], [0.22262457327380114, 0.0, 0.0], [0.2101009266828128, 0.0, 0.0], [0.19956806369358207, 0.0, 0.0], [0.1936681575752939, 0.0, 0.0], [0.18443514886185522, 0.0, 0.0], [0.1891581162711048, 0.0, 0.0], [0.21267833986772222, 0.0, 0.0], [0.2442704708582865, 0.0, 0.0], [0.2706780129130424, 0.0, 0.0], [0.2777777754145254, 0.0, 0.0], [0.27777776468604104, 0.0, 0.0], [0.2777777603542381, 0.0, 0.0], [0.2777777544576737, 0.0, 0.0], [0.2746216997830859, 0.0, 0.0], [0.25722362679856614, 0.0, 0.0], [0.26872018106190265, 0.0, 0.0], [0.18447182143915214, 0.0, 0.0], [0.11904761921084128, 0.0, 0.0], [0.1906348172467568, 0.0, 0.0], [0.16648794340183867, 0.0, 0.0], [0.16666666666666666, 0.0, 0.0]]
alpha_7 = [[0.14522358257601153, 0.0, 0.0], [0.21523691882432683, 0.0, 0.0], [0.21924184614789205, 0.0, 0.0], [0.22695750480218668, 0.0, 0.0], [0.21202592914442248, 0.0, 0.0], [0.2028082743680129, 0.0, 0.0], [0.19597669836861495, 0.0, 0.0], [0.18586792739994754, 0.0, 0.0], [0.19099848303068093, 0.0, 0.0], [0.215673270716402, 0.0, 0.0], [0.24858017515216183, 0.0, 0.0], [0.27147360740973236, 0.0, 0.0], [0.27777777615996496, 0.0, 0.0], [0.27777776502125656, 0.0, 0.0], [0.2777777544284972, 0.0, 0.0], [0.2589587278871854, 0.0, 0.0], [0.22852704825314507, 0.0, 0.0], [0.26120012754716765, 0.0, 0.0], [0.27216800043600803, 0.0, 0.0], [0.18782660533150633, 0.0, 0.0], [0.11904761915622503, 0.0, 0.0], [0.1823362192834622, 0.0, 0.0], [0.16544600990798444, 0.0, 0.0], [0.16666666666666669, 0.0, 0.0]]
alpha_8 = [[0.153670792007963, 0.0, 0.0], [0.21628667828619477, 0.0, 0.0], [0.21750570007357398, 0.0, 0.0], [0.22520559035957968, 0.0, 0.0], [0.21174528438916296, 0.0, 0.0], [0.2005357462221644, 0.0, 0.0], [0.1943277029619927, 0.0, 0.0], [0.18545383450320346, 0.0, 0.0], [0.19036074562155914, 0.0, 0.0], [0.2137306171301569, 0.0, 0.0], [0.24516493335907086, 0.0, 0.0], [0.26994202322915883, 0.0, 0.0], [0.27777777604574216, 0.0, 0.0], [0.277777765758374, 0.0, 0.0], [0.27777775745944233, 0.0, 0.0], [0.277777714520155, 0.0, 0.0], [0.2750648232047071, 0.0, 0.0], [0.25932609972571313, 0.0, 0.0], [0.2708007823303969, 0.0, 0.0], [0.1737597051393348, 0.0, 0.0], [0.11904761916214127, 0.0, 0.0], [0.18258227553689615, 0.0, 0.0], [0.16475339199332062, 0.0, 0.0], [0.16666666666666666, 0.0, 0.0]]
alpha_9 = [[0.17016767668450522, 0.0, 0.0], [0.21722236805687073, 0.0, 0.0], [0.21588671122970865, 0.0, 0.0], [0.2232952568324436, 0.0, 0.0], [0.21103148839336094, 0.0, 0.0], [0.1984871728573834, 0.0, 0.0], [0.19251858443257203, 0.0, 0.0], [0.18474586552996441, 0.0, 0.0], [0.18961138036802294, 0.0, 0.0], [0.2118640285127935, 0.0, 0.0], [0.2418961984975844, 0.0, 0.0], [0.2674274286353204, 0.0, 0.0], [0.27777777581195684, 0.0, 0.0], [0.2777777656970655, 0.0, 0.0], [0.2777777589858337, 0.0, 0.0], [0.27777774115442766, 0.0, 0.0], [0.2741722734897059, 0.0, 0.0], [0.2579201473670106, 0.0, 0.0], [0.26859024751155924, 0.0, 0.0], [0.15447755609607422, 0.0, 0.0], [0.11904761917638082, 0.0, 0.0], [0.18463399271971195, 0.0, 0.0], [0.16516206352509305, 0.0, 0.0], [0.16666666666666666, 0.0, 0.0]]
beta_1 = [[1.0, 0.16666666666666666, 0.0], [1.0, 0.12113219482578802, 0.0], [1.0, 0.1414168301050015, 0.0], [1.0, 0.2072223557048435, 0.0], [1.0, 0.13900414623357127, 0.0], [1.0, 0.20833333276312016, 0.0], [1.0, 0.21576858306548843, 0.0], [1.0, 0.2013916345632686, 0.0], [1.0, 0.18409088450892575, 0.0], [1.0, 0.19194891612011536, 0.0], [1.0, 0.22497028232719046, 0.0], [1.0, 0.26615784515368435, 0.0], [1.0, 0.2777777721655042, 0.0], [1.0, 0.2777777739945933, 0.0], [1.0, 0.27777775958648543, 0.0], [1.0, 0.27777775758845424, 0.0], [1.0, 0.2777777538518954, 0.0], [1.0, 0.27777774909255276, 0.0], [1.0, 0.2648380266881163, 0.0], [1.0, 0.2730065236629535, 0.0], [1.0, 0.27529658458805406, 0.0], [1.0, 0.11904761940385594, 0.0], [1.0, 0.2035262461934875, 0.0], [1.0, 0.16617985362293275, 0.0]]
beta_10 = [[1.0, 0.16666666666666666, 0.0], [1.0, 0.21669246612476056, 0.0], [1.0, 0.217501964243574, 0.0], [1.0, 0.21409807289879407, 0.0], [1.0, 0.2200302099745152, 0.0], [1.0, 0.20980608577925022, 0.0], [1.0, 0.19657725426849096, 0.0], [1.0, 0.1906473358578038, 0.0], [1.0, 0.18370523855800308, 0.0], [1.0, 0.18863442437300554, 0.0], [1.0, 0.2100266329338322, 0.0], [1.0, 0.23884572468966514, 0.0], [1.0, 0.26349047592749886, 0.0], [1.0, 0.277777775362618, 0.0], [1.0, 0.2777777648468277, 0.0], [1.0, 0.27777775996738585, 0.0], [1.0, 0.2777777539863734, 0.0], [1.0, 0.2724044124828897, 0.0], [1.0, 0.2552963954487709, 0.0], [1.0, 0.2657160078333376, 0.0], [1.0, 0.1264198782437742, 0.0], [1.0, 0.11904761920573426, 0.0], [1.0, 0.18383962497735307, 0.0], [1.0, 0.16673085402872018, 0.0]]
beta_11 = [[1.0, 0.16666666666666666, 0.0], [1.0, 0.21669246612477244, 0.0], [1.0, 0.21750196424357449, 0.0], [1.0, 0.21409807289879407, 0.0], [1.0, 0.22003020997451528, 0.0], [1.0, 0.2098060857792501, 0.0], [1.0, 0.19657725426849104, 0.0], [1.0, 0.1906473358578035, 0.0], [1.0, 0.18370523855800347, 0.0], [1.0, 0.1886344243730054, 0.0], [1.0, 0.21002663293383195, 0.0], [1.0, 0.2388457246896653, 0.0], [1.0, 0.2634904759274988, 0.0], [1.0, 0.277777775362618, 0.0], [1.0, 0.2777777648468277, 0.0], [1.0, 0.27777775996738585, 0.0], [1.0, 0.2777777539863734, 0.0], [1.0, 0.2724044124828898, 0.0], [1.0, 0.2552963954487713, 0.0], [1.0, 0.26571600783333704, 0.0], [1.0, 0.12641987824377418, 0.0], [1.0, 0.11904761920573426, 0.0], [1.0, 0.1838396249773531, 0.0], [1.0, 0.16673085402871926, 0.0]]
beta_12 = [[1.0, 0.16666666666666669, 0.0], [1.0, 0.1571088437128718, 0.0], [1.0, 0.20622923951479452, 0.0], [1.0, 0.2312883873031708, 0.0], [1.0, 0.2439769705189223, 0.0], [1.0, 0.232100765514916, 0.0], [1.0, 0.16500778010243353, 0.0], [1.0, 0.16127878526639589, 0.0], [1.0, 0.15654368285893996, 0.0], [1.0, 0.15910417113126243, 0.0], [1.0, 0.17000485623802544, 0.0], [1.0, 0.18276760228376315, 0.0], [1.0, 0.1890929050139817, 0.0], [1.0, 0.19082438814944153, 0.0], [1.0, 0.17565875302816164, 0.0], [1.0, 0.1650513120955771, 0.0], [1.0, 0.14735969911155622, 0.0], [1.0, 0.14043666620011902, 0.0], [1.0, 0.14504556695881168, 0.0], [1.0, 0.16713460825056645, 0.0], [1.0, 0.1541456325763513, 0.0], [1.0, 0.11904761910596669, 0.0], [1.0, 0.20001555644618282, 0.0], [1.0, 0.16228118623751067, 0.0]]
beta_13 = [[1.0, 0.16666666666666666, 0.0], [1.0, 0.13605540932767807, 0.0], [1.0, 0.2117273456322041, 0.0], [1.0, 0.20506250060794495, 0.0], [1.0, 0.22693447624751734, 0.0], [1.0, 0.2130040572653276, 0.0], [1.0, 0.2020661224631697, 0.0], [1.0, 0.19461740277121803, 0.0], [1.0, 0.1860724786857383, 0.0], [1.0, 0.19141856095834925, 0.0], [1.0, 0.2147771139126094, 0.0], [1.0, 0.24605709699160982, 0.0], [1.0, 0.26856932358444263, 0.0], [1.0, 0.2776835972318832, 0.0], [1.0, 0.2777777637480472, 0.0], [1.0, 0.27777772191129546, 0.0], [1.0, 0.20468636557672829, 0.0], [1.0, 0.18994064251991272, 0.0], [1.0, 0.22738714096598395, 0.0], [1.0, 0.2333713123642417, 0.0], [1.0, 0.15833154679612818, 0.0], [1.0, 0.11904761912823338, 0.0], [1.0, 0.1993890877562986, 0.0], [1.0, 0.16548696454545997, 0.0]]
beta_14 = [[1.0, 0.16666666666666666, 0.0], [1.0, 0.13889006483946473, 0.0], [1.0, 0.22168042165897972, 0.0], [1.0, 0.21902459733583546, 0.0], [1.0, 0.22547032314469628, 0.0], [1.0, 0.21283101431266063, 0.0], [1.0, 0.20042476051098784, 0.0], [1.0, 0.19339784595262582, 0.0], [1.0, 0.18582738195673057, 0.0], [1.0, 0.1910355850683774, 0.0], [1.0, 0.21335633389141542, 0.0], [1.0, 0.2434473443671462, 0.0], [1.0, 0.26730343449034855, 0.0], [1.0, 0.27767014823336805, 0.0], [1.0, 0.27777776522502223, 0.0], [1.0, 0.27777773724194565, 0.0], [1.0, 0.2203435744166432, 0.0], [1.0, 0.20512162604687312, 0.0], [1.0, 0.26136675356851286, 0.0], [1.0, 0.2281606684544326, 0.0], [1.0, 0.14916821917991568, 0.0], [1.0, 0.1190476191298877, 0.0], [1.0, 0.19166237560422378, 0.0], [1.0, 0.1620599064228777, 0.0]]
beta_15 = [[1.0, 0.16666666666666666, 0.0], [1.0, 0.1428585940947909, 0.0], [1.0, 0.2228321284299543, 0.0], [1.0, 0.21822123977130492, 0.0], [1.0, 0.22388844250006062, 0.0], [1.0, 0.21239004056221114, 0.0], [1.0, 0.19901560415945688, 0.0], [1.0, 0.19213400465870395, 0.0], [1.0, 0.1854074069042039, 0.0], [1.0, 0.19062065868980993, 0.0], [1.0, 0.21208250959810815, 0.0], [1.0, 0.24107628263644437, 0.0], [1.0, 0.2656340294255836, 0.0], [1.0, 0.27765221820629526, 0.0], [1.0, 0.2777777656657548, 0.0], [1.0, 0.27777774663369165, 0.0], [1.0, 0.24642337424054905, 0.0], [1.0, 0.23044644601749678, 0.0], [1.0, 0.260137136295041, 0.0], [1.0, 0.2215646308855318, 0.0], [1.0, 0.13848214287479424, 0.0], [1.0, 0.11904761913307589, 0.0], [1.0, 0.19920357984636305, 0.0], [1.0, 0.16208716247523847, 0.0]]
beta_16 = [[1.0, 0.16666666666666666, 0.0], [1.0, 0.1562398757363188, 0.0], [1.0, 0.22206257031873738, 0.0], [1.0, 0.21718976556621422, 0.0], [1.0, 0.2242125500476897, 0.0], [1.0, 0.2113499290243898, 0.0], [1.0, 0.19825393410969766, 0.0], [1.0, 0.19163654171715863, 0.0], [1.0, 0.1850576010048435, 0.0], [1.0, 0.19016763521642382, 0.0], [1.0, 0.21138687596631395, 0.0], [1.0, 0.24015766751330553, 0.0], [1.0, 0.2650540322025493, 0.0], [1.0, 0.2777777763826162, 0.0], [1.0, 0.2777777653473129, 0.0], [1.0, 0.2777777548671414, 0.0], [1.0, 0.2777777463998903, 0.0], [1.0, 0.27487711373288914, 0.0], [1.0, 0.25905685056583794, 0.0], [1.0, 0.23112800123527422, 0.0], [1.0, 0.1277702603842853, 0.0], [1.0, 0.1190476191434515, 0.0], [1.0, 0.1841172934403642, 0.0], [1.0, 0.1653655888675796, 0.0]]
beta_17 = [[1.0, 0.16666666666666666, 0.0], [1.0, 0.2272298859379372, 0.0], [1.0, 0.2223360351049847, 0.0], [1.0, 0.21501514358715673, 0.0], [1.0, 0.22010255504975945, 0.0], [1.0, 0.20950266913600968, 0.0], [1.0, 0.19549500044067902, 0.0], [1.0, 0.1888682421728112, 0.0], [1.0, 0.18331194335957907, 0.0], [1.0, 0.188650180486371, 0.0], [1.0, 0.20876997855031776, 0.0], [1.0, 0.23579416094994465, 0.0], [1.0, 0.2592998911042974, 0.0], [1.0, 0.277777775791874, 0.0], [1.0, 0.27777776420197925, 0.0], [1.0, 0.2777777587656759, 0.0], [1.0, 0.27777775743193855, 0.0], [1.0, 0.2720364139437238, 0.0], [1.0, 0.25510705514274407, 0.0], [1.0, 0.1995632077855775, 0.0], [1.0, 0.11904762014758931, 0.0], [1.0, 0.11904761917735007, 0.0], [1.0, 0.13769096469313596, 0.0], [1.0, 0.16757770468927763, 0.0]]
beta_18 = [[1.0, 0.16666666666666666, 0.0], [1.0, 0.1442394792861668, 0.0], [1.0, 0.22470164006096632, 0.0], [1.0, 0.2177222372105823, 0.0], [1.0, 0.22086656741681748, 0.0], [1.0, 0.21192586684710402, 0.0], [1.0, 0.19744048208521925, 0.0], [1.0, 0.19042799368854008, 0.0], [1.0, 0.1846712886735271, 0.0], [1.0, 0.19010560564012158, 0.0], [1.0, 0.21063689212474018, 0.0], [1.0, 0.2382130226850097, 0.0], [1.0, 0.26219567862655, 0.0], [1.0, 0.27752677321953684, 0.0], [1.0, 0.2777777658355656, 0.0], [1.0, 0.2777777532941964, 0.0], [1.0, 0.27777773768722475, 0.0], [1.0, 0.2741188064523873, 0.0], [1.0, 0.25854830683288266, 0.0], [1.0, 0.20233466300010428, 0.0], [1.0, 0.12461684974957232, 0.0], [1.0, 0.11904761913592427, 0.0], [1.0, 0.22407025688555532, 0.0], [1.0, 0.16490686268947932, 0.0]]
beta_19 = [[1.0, 0.16666666666666666, 0.0], [1.0, 0.1613066605324642, 0.0], [1.0, 0.22577731125811476, 0.0], [1.0, 0.21651483772134786, 0.0], [1.0, 0.21686538745991873, 0.0], [1.0, 0.21047600296515018, 0.0], [1.0, 0.19528281205599857, 0.0], [1.0, 0.18822581513552172, 0.0], [1.0, 0.1833616115442718, 0.0], [1.0, 0.18906916324275616, 0.0], [1.0, 0.20867221161709648, 0.0], [1.0, 0.23472812196771367, 0.0], [1.0, 0.25750345708294203, 0.0], [1.0, 0.2774014412309098, 0.0], [1.0, 0.27777776530675835, 0.0], [1.0, 0.2777777573198361, 0.0], [1.0, 0.27777775325193893, 0.0], [1.0, 0.27232523940899955, 0.0], [1.0, 0.2558035621403392, 0.0], [1.0, 0.178562283229484, 0.0], [1.0, 0.11904761970750938, 0.0], [1.0, 0.11904761914987662, 0.0], [1.0, 0.20887674182469423, 0.0], [1.0, 0.1640346228587065, 0.0]]
beta_2 = [[1.0, 0.16666666666666669, 0.0], [1.0, 0.1436331223326227, 0.0], [1.0, 0.21368796393817685, 0.0], [1.0, 0.2204985521879325, 0.0], [1.0, 0.2284475824566993, 0.0], [1.0, 0.21177676352756442, 0.0], [1.0, 0.20495074492942714, 0.0], [1.0, 0.19732228789186748, 0.0], [1.0, 0.18593967686242102, 0.0], [1.0, 0.19133690166039827, 0.0], [1.0, 0.2173789328313836, 0.0], [1.0, 0.25177705733980954, 0.0], [1.0, 0.2731729203676138, 0.0], [1.0, 0.2777777760902537, 0.0], [1.0, 0.27777776312331864, 0.0], [1.0, 0.2777777503074739, 0.0], [1.0, 0.24397556427514755, 0.0], [1.0, 0.2212024907819667, 0.0], [1.0, 0.2403356316618326, 0.0], [1.0, 0.24290566031705718, 0.0], [1.0, 0.20720209106821313, 0.0], [1.0, 0.11904761916393326, 0.0], [1.0, 0.19066984712575855, 0.0], [1.0, 0.16402667413747266, 0.0]]
beta_20 = [[1.0, 0.16666666666666666, 0.0], [1.0, 0.25007834507403526, 0.0], [1.0, 0.22587619278803453, 0.0], [1.0, 0.21541343256850012, 0.0], [1.0, 0.2088336882293134, 0.0], [1.0, 0.20833333300307416, 0.0], [1.0, 0.19265230092471097, 0.0], [1.0, 0.18560322147058964, 0.0], [1.0, 0.1814874577313747, 0.0], [1.0, 0.18752237823173226, 0.0], [1.0, 0.20628175901142445, 0.0], [1.0, 0.23079647903320047, 0.0], [1.0, 0.2522147104663016, 0.0], [1.0, 0.27702612350295314, 0.0], [1.0, 0.27777776388014286, 0.0], [1.0, 0.27777775943960936, 0.0], [1.0, 0.27777775633623114, 0.0], [1.0, 0.26844823726597256, 0.0], [1.0, 0.25213263775750905, 0.0], [1.0, 0.13285795449219026, 0.0], [1.0, 0.11904761965429962, 0.0], [1.0, 0.11904761917577267, 0.0], [1.0, 0.20548067808853201, 0.0], [1.0, 0.1668277719586673, 0.0]]
beta_21 = [[1.0, 0.16666666666666666, 0.0], [1.0, 0.17996298499290134, 0.0], [1.0, 0.20245731628473396, 0.0], [1.0, 0.2523002832812063, 0.0], [1.0, 0.2569793493088629, 0.0], [1.0, 0.24855016929634233, 0.0], [1.0, 0.14463688643231576, 0.0], [1.0, 0.14280530981786876, 0.0], [1.0, 0.140137813450505, 0.0], [1.0, 0.141365766718441, 0.0], [1.0, 0.14686362189686825, 0.0], [1.0, 0.15291097977804907, 0.0], [1.0, 0.1551160515593633, 0.0], [1.0, 0.15519993261125134, 0.0], [1.0, 0.13834102451239533, 0.0], [1.0, 0.13142492996362737, 0.0], [1.0, 0.12516153962126894, 0.0], [1.0, 0.12097210396052496, 0.0], [1.0, 0.11904765513644645, 0.0], [1.0, 0.14452694846291256, 0.0], [1.0, 0.1463134554780508, 0.0], [1.0, 0.1190476190870612, 0.0], [1.0, 0.19594493693536474, 0.0], [1.0, 0.1650832014327872, 0.0]]
beta_22 = [[1.0, 0.16666666666666666, 0.0], [1.0, 0.18852595651600845, 0.0], [1.0, 0.2019698717271271, 0.0], [1.0, 0.2548386799961313, 0.0], [1.0, 0.2588283538225328, 0.0], [1.0, 0.2520515250697425, 0.0], [1.0, 0.1404422052944887, 0.0], [1.0, 0.1390559625782501, 0.0], [1.0, 0.13700772382299295, 0.0], [1.0, 0.13797239293968372, 0.0], [1.0, 0.14235958862744905, 0.0], [1.0, 0.1472198909849632, 0.0], [1.0, 0.14926522252382068, 0.0], [1.0, 0.14934979192641207, 0.0], [1.0, 0.13243976141131142, 0.0], [1.0, 0.130120868330861, 0.0], [1.0, 0.12415908386594161, 0.0], [1.0, 0.12056328671115996, 0.0], [1.0, 0.11904765780652146, 0.0], [1.0, 0.13862414381810528, 0.0], [1.0, 0.14041457228879548, 0.0], [1.0, 0.11904761908488648, 0.0], [1.0, 0.20786326777634478, 0.0], [1.0, 0.1625578035587083, 0.0]]
beta_23 = [[1.0, 0.16666666666666666, 0.0], [1.0, 0.19989011733229703, 0.0], [1.0, 0.21667164568159072, 0.0], [1.0, 0.2583617069804914, 0.0], [1.0, 0.26135555861805704, 0.0], [1.0, 0.2561215154400429, 0.0], [1.0, 0.13588958031115705, 0.0], [1.0, 0.1348788907866084, 0.0], [1.0, 0.13341436735297116, 0.0], [1.0, 0.13414095505945672, 0.0], [1.0, 0.13742301275025443, 0.0], [1.0, 0.1410724996660968, 0.0], [1.0, 0.1428282803172744, 0.0], [1.0, 0.14291325836655075, 0.0], [1.0, 0.13101239022429031, 0.0], [1.0, 0.12866218683145741, 0.0], [1.0, 0.12303649326742139, 0.0], [1.0, 0.12013252015455568, 0.0], [1.0, 0.11904766112126086, 0.0], [1.0, 0.13217412730901665, 0.0], [1.0, 0.13396144705147942, 0.0], [1.0, 0.11904761908228895, 0.0], [1.0, 0.22415367695064198, 0.0], [1.0, 0.16039908965245442, 0.0]]
beta_24 = [[1.0, 0.16666666666666666, 0.0], [1.0, 0.21569877551737074, 0.0], [1.0, 0.23770999918579017, 0.0], [1.0, 0.26302624676689, 0.0], [1.0, 0.264872361025515, 0.0], [1.0, 0.2611396121429409, 0.0], [1.0, 0.13086363294695097, 0.0], [1.0, 0.1301948800218707, 0.0], [1.0, 0.12927304340973844, 0.0], [1.0, 0.12977024862034622, 0.0], [1.0, 0.13194906739446252, 0.0], [1.0, 0.13437096360641926, 0.0], [1.0, 0.13571250922084796, 0.0], [1.0, 0.13579751385769506, 0.0], [1.0, 0.12949694785347698, 0.0], [1.0, 0.12701680362211282, 0.0], [1.0, 0.12176266593408726, 0.0], [1.0, 0.11967668172411917, 0.0], [1.0, 0.11904766517446816, 0.0], [1.0, 0.12509710878483474, 0.0], [1.0, 0.12687211679458346, 0.0], [1.0, 0.11904761907944666, 0.0], [1.0, 0.24776229512265172, 0.0], [1.0, 0.16100369932718517, 0.0]]
beta_25 = [[1.0, 0.16666666666666666, 0.0], [1.0, 0.11904762000174113, 0.0], [1.0, 0.22612138538061224, 0.0], [1.0, 0.21907948583574477, 0.0], [1.0, 0.22319754499858596, 0.0], [1.0, 0.2118142678955845, 0.0], [1.0, 0.20105875732105988, 0.0], [1.0, 0.1941064406373465, 0.0], [1.0, 0.18603528572943984, 0.0], [1.0, 0.1909805741113009, 0.0], [1.0, 0.21411448892117202, 0.0], [1.0, 0.2465271931397959, 0.0], [1.0, 0.27451886683277194, 0.0], [1.0, 0.2777777753861449, 0.0], [1.0, 0.2777776476392836, 0.0], [1.0, 0.1992196577906015, 0.0], [1.0, 0.13020045093831034, 0.0], [1.0, 0.12025153330853697, 0.0], [1.0, 0.11904804209547815, 0.0], [1.0, 0.11904763044298868, 0.0], [1.0, 0.11904762169632976, 0.0], [1.0, 0.11904761924420135, 0.0], [1.0, 0.2777777773311964, 0.0], [1.0, 0.16631127097300918, 0.0]]
beta_26 = [[1.0, 0.16666666666666663, 0.0], [1.0, 0.2777777776686374, 0.0], [1.0, 0.2777777776849649, 0.0], [1.0, 0.2777777776976047, 0.0], [1.0, 0.2777777777243317, 0.0], [1.0, 0.27777777773268886, 0.0], [1.0, 0.11904761910906593, 0.0], [1.0, 0.11904761908339433, 0.0], [1.0, 0.11904761907127652, 0.0], [1.0, 0.11904761906112812, 0.0], [1.0, 0.11904761906008517, 0.0], [1.0, 0.11904761905977287, 0.0], [1.0, 0.11904761906148432, 0.0], [1.0, 0.11904761907109415, 0.0], [1.0, 0.11904761906204173, 0.0], [1.0, 0.11904761906144255, 0.0], [1.0, 0.1190476190600253, 0.0], [1.0, 0.11904761905769047, 0.0], [1.0, 0.11904761905429355, 0.0], [1.0, 0.11904761905385172, 0.0], [1.0, 0.11904761905384657, 0.0], [1.0, 0.1190476190526382, 0.0], [1.0, 0.24060556902875388, 0.0], [1.0, 0.16113489069617973, 0.0]]
beta_27 = [[1.0, 0.16666666666666666, 0.0], [1.0, 0.19037180026643924, 0.0], [1.0, 0.19217189133786594, 0.0], [1.0, 0.2006004619497828, 0.0], [1.0, 0.20053415771830455, 0.0], [1.0, 0.19049005804723268, 0.0], [1.0, 0.14994034392155228, 0.0], [1.0, 0.145765708002198, 0.0], [1.0, 0.1480320853863797, 0.0], [1.0, 0.15592152958430422, 0.0], [1.0, 0.15233432528492674, 0.0], [1.0, 0.155821360255197, 0.0], [1.0, 0.16323105562571688, 0.0], [1.0, 0.16163206409035952, 0.0], [1.0, 0.16096713742833407, 0.0], [1.0, 0.15495839603228823, 0.0], [1.0, 0.14747406641687233, 0.0], [1.0, 0.14586918466905968, 0.0], [1.0, 0.14128970388018916, 0.0], [1.0, 0.14529887027910898, 0.0], [1.0, 0.1463327112224639, 0.0], [1.0, 0.13880394855831768, 0.0], [1.0, 0.1856782505676892, 0.0], [1.0, 0.16786747156771437, 0.0]]
beta_28 = [[1.0, 0.16666666666666669, 0.0], [1.0, 0.21628845728464735, 0.0], [1.0, 0.21894047398059263, 0.0], [1.0, 0.2324478582870027, 0.0], [1.0, 0.23234103788422236, 0.0], [1.0, 0.18022330495700503, 0.0], [1.0, 0.15814820026153256, 0.0], [1.0, 0.15261609302211762, 0.0], [1.0, 0.14235771679051643, 0.0], [1.0, 0.16621845875267777, 0.0], [1.0, 0.16135771763191073, 0.0], [1.0, 0.16608187964657012, 0.0], [1.0, 0.176318884297515, 0.0], [1.0, 0.17408654013949718, 0.0], [1.0, 0.17316203715549222, 0.0], [1.0, 0.16472166825342952, 0.0], [1.0, 0.13482496839731598, 0.0], [1.0, 0.13378164751785118, 0.0], [1.0, 0.13631006506207896, 0.0], [1.0, 0.13349393019007447, 0.0], [1.0, 0.13404332957975612, 0.0], [1.0, 0.12644442075589302, 0.0], [1.0, 0.17413131417442632, 0.0], [1.0, 0.16564424435682487, 0.0]]
beta_29 = [[1.0, 0.16666666666666666, 0.0], [1.0, 0.24536183190119923, 0.0], [1.0, 0.2770609256485577, 0.0], [1.0, 0.2777777754005601, 0.0], [1.0, 0.2777777740482513, 0.0], [1.0, 0.20678929950827876, 0.0], [1.0, 0.1722956022588902, 0.0], [1.0, 0.1641905034987927, 0.0], [1.0, 0.14193232626662405, 0.0], [1.0, 0.18449422855720843, 0.0], [1.0, 0.1770926094158391, 0.0], [1.0, 0.18428396562581753, 0.0], [1.0, 0.20042378388228144, 0.0], [1.0, 0.19683734105062647, 0.0], [1.0, 0.1953631599242373, 0.0], [1.0, 0.17159461610927584, 0.0], [1.0, 0.12262661539858234, 0.0], [1.0, 0.11904762070891059, 0.0], [1.0, 0.12246404874600876, 0.0], [1.0, 0.11904762141557271, 0.0], [1.0, 0.1190476203041465, 0.0], [1.0, 0.11904762061423292, 0.0], [1.0, 0.15927395175053788, 0.0], [1.0, 0.16209440691805932, 0.0]]
beta_3 = [[1.0, 0.16666666666666666, 0.0], [1.0, 0.1492974364017403, 0.0], [1.0, 0.21263262923412418, 0.0], [1.0, 0.21946396180103817, 0.0], [1.0, 0.22784879106473277, 0.0], [1.0, 0.2115696818908828, 0.0], [1.0, 0.20429921965150843, 0.0], [1.0, 0.1972856329786668, 0.0], [1.0, 0.18584278270657167, 0.0], [1.0, 0.19097071918417186, 0.0], [1.0, 0.216881984147289, 0.0], [1.0, 0.25128879350917943, 0.0], [1.0, 0.27418194162884113, 0.0], [1.0, 0.27777777601295195, 0.0], [1.0, 0.2777777644665056, 0.0], [1.0, 0.27777775648060526, 0.0], [1.0, 0.2777776776028781, 0.0], [1.0, 0.2603349671331349, 0.0], [1.0, 0.26101387232161327, 0.0], [1.0, 0.2728952832467253, 0.0], [1.0, 0.22170780731375916, 0.0], [1.0, 0.11904761916981879, 0.0], [1.0, 0.18733593370445684, 0.0], [1.0, 0.1656275105285469, 0.0]]
beta_30 = [[1.0, 0.16666666666666666, 0.0], [1.0, 0.27777776004825927, 0.0], [1.0, 0.2777777732995625, 0.0], [1.0, 0.27777777583141305, 0.0], [1.0, 0.2777777741229169, 0.0], [1.0, 0.2610125354917585, 0.0], [1.0, 0.2150028974833086, 0.0], [1.0, 0.18732536172783087, 0.0], [1.0, 0.17652786103126178, 0.0], [1.0, 0.18573386021414343, 0.0], [1.0, 0.2030091866372763, 0.0], [1.0, 0.2264214847188706, 0.0], [1.0, 0.24623427804904774, 0.0], [1.0, 0.26950956356702876, 0.0], [1.0, 0.27777774877901457, 0.0], [1.0, 0.22565436439490016, 0.0], [1.0, 0.13478259263325193, 0.0], [1.0, 0.11904762135216707, 0.0], [1.0, 0.12952328995623924, 0.0], [1.0, 0.11904762241809687, 0.0], [1.0, 0.11904762064742887, 0.0], [1.0, 0.11904762030064864, 0.0], [1.0, 0.2717562535215209, 0.0], [1.0, 0.16482063886122506, 0.0]]
beta_31 = [[1.0, 0.16666666666666666, 0.0], [1.0, 0.27717657679962066, 0.0], [1.0, 0.2763478044583042, 0.0], [1.0, 0.27777777492754696, 0.0], [1.0, 0.27777777429718553, 0.0], [1.0, 0.2609747772621575, 0.0], [1.0, 0.19675715472989974, 0.0], [1.0, 0.18825930630537063, 0.0], [1.0, 0.1416669669604726, 0.0], [1.0, 0.185736545297036, 0.0], [1.0, 0.2024748424701062, 0.0], [1.0, 0.22499490032888472, 0.0], [1.0, 0.24397314858219732, 0.0], [1.0, 0.2435785374399633, 0.0], [1.0, 0.23599685753374666, 0.0], [1.0, 0.18289985453460594, 0.0], [1.0, 0.11904768555503677, 0.0], [1.0, 0.1190476205305935, 0.0], [1.0, 0.12090412625928096, 0.0], [1.0, 0.11904762103327295, 0.0], [1.0, 0.11904762011415482, 0.0], [1.0, 0.11904761987098278, 0.0], [1.0, 0.15344255209313293, 0.0], [1.0, 0.16353004490358394, 0.0]]
beta_32 = [[1.0, 0.16666666666666666, 0.0], [1.0, 0.2765779952586296, 0.0], [1.0, 0.2749324806989009, 0.0], [1.0, 0.27777777310762036, 0.0], [1.0, 0.2777777736734221, 0.0], [1.0, 0.25801835866262046, 0.0], [1.0, 0.21641445623632283, 0.0], [1.0, 0.18691524604721416, 0.0], [1.0, 0.17489802101590424, 0.0], [1.0, 0.18410605772932934, 0.0], [1.0, 0.20041085510684556, 0.0], [1.0, 0.22167336663835793, 0.0], [1.0, 0.23948746314129638, 0.0], [1.0, 0.26163207119605175, 0.0], [1.0, 0.2777777437108108, 0.0], [1.0, 0.19877681475720943, 0.0], [1.0, 0.11904774860246022, 0.0], [1.0, 0.11904762095287125, 0.0], [1.0, 0.12281942315150675, 0.0], [1.0, 0.1190476214993611, 0.0], [1.0, 0.11904762026467382, 0.0], [1.0, 0.11904762025347101, 0.0], [1.0, 0.2048871134851055, 0.0], [1.0, 0.16621229723893965, 0.0]]
beta_33 = [[1.0, 0.16666666666666669, 0.0], [1.0, 0.1922482564426182, 0.0], [1.0, 0.19009048211063512, 0.0], [1.0, 0.18106029053305642, 0.0], [1.0, 0.18112515473237614, 0.0], [1.0, 0.1921037349818768, 0.0], [1.0, 0.14510092489858992, 0.0], [1.0, 0.15009270853626674, 0.0], [1.0, 0.14730605832712815, 0.0], [1.0, 0.13891283652530947, 0.0], [1.0, 0.14250033531365006, 0.0], [1.0, 0.139008372350134, 0.0], [1.0, 0.13256629555653446, 0.0], [1.0, 0.1338568334910755, 0.0], [1.0, 0.13440860319924958, 0.0], [1.0, 0.13984207416502092, 0.0], [1.0, 0.14797465872959764, 0.0], [1.0, 0.1499612636657006, 0.0], [1.0, 0.1562072899290928, 0.0], [1.0, 0.1506909497115713, 0.0], [1.0, 0.14937752930715836, 0.0], [1.0, 0.16000894623165854, 0.0], [1.0, 0.170926692756502, 0.0], [1.0, 0.16772104720291198, 0.0]]
beta_34 = [[1.0, 0.16666666666666666, 0.0], [1.0, 0.22069920954649336, 0.0], [1.0, 0.2077242386153038, 0.0], [1.0, 0.20816949843086457, 0.0], [1.0, 0.2082766924224319, 0.0], [1.0, 0.17959921901124448, 0.0], [1.0, 0.15349916206096254, 0.0], [1.0, 0.16056039271266026, 0.0], [1.0, 0.140200350896126, 0.0], [1.0, 0.1449601319602787, 0.0], [1.0, 0.1498821359228459, 0.0], [1.0, 0.14509020274411819, 0.0], [1.0, 0.13643971262874122, 0.0], [1.0, 0.13815331159788513, 0.0], [1.0, 0.13888888984027087, 0.0], [1.0, 0.14601556339944208, 0.0], [1.0, 0.1324960949101878, 0.0], [1.0, 0.13522088918421832, 0.0], [1.0, 0.1428386646164232, 0.0], [1.0, 0.13634202089600225, 0.0], [1.0, 0.1343676182045018, 0.0], [1.0, 0.14511176310803658, 0.0], [1.0, 0.15724417927280374, 0.0], [1.0, 0.1675597152834291, 0.0]]
beta_35 = [[1.0, 0.16666666666666666, 0.0], [1.0, 0.26370712923123474, 0.0], [1.0, 0.27633726726972824, 0.0], [1.0, 0.27738966298500234, 0.0], [1.0, 0.2776435423207348, 0.0], [1.0, 0.21626590243259194, 0.0], [1.0, 0.16988721669943374, 0.0], [1.0, 0.1816778549472272, 0.0], [1.0, 0.13313759030386466, 0.0], [1.0, 0.1563005216905744, 0.0], [1.0, 0.16404525274170337, 0.0], [1.0, 0.15650222503650665, 0.0], [1.0, 0.14342416263571614, 0.0], [1.0, 0.1459616678751737, 0.0], [1.0, 0.1470588241090711, 0.0], [1.0, 0.149178543061973, 0.0], [1.0, 0.11904763947933322, 0.0], [1.0, 0.11904762063564589, 0.0], [1.0, 0.12511174506677025, 0.0], [1.0, 0.1190476214411755, 0.0], [1.0, 0.11904762064226744, 0.0], [1.0, 0.14615814611527367, 0.0], [1.0, 0.15421257937161537, 0.0], [1.0, 0.16617480439417412, 0.0]]
beta_36 = [[1.0, 0.16666666666666666, 0.0], [1.0, 0.2769465684577042, 0.0], [1.0, 0.27562260903342806, 0.0], [1.0, 0.2771960127456125, 0.0], [1.0, 0.27757647468731905, 0.0], [1.0, 0.2599840561821582, 0.0], [1.0, 0.21601131457101708, 0.0], [1.0, 0.18714485757650415, 0.0], [1.0, 0.14151196589981374, 0.0], [1.0, 0.18529165895686128, 0.0], [1.0, 0.2022727996274958, 0.0], [1.0, 0.18571728987198247, 0.0], [1.0, 0.15978298097449717, 0.0], [1.0, 0.1645637950373058, 0.0], [1.0, 0.16666666541156466, 0.0], [1.0, 0.15440775838020476, 0.0], [1.0, 0.1190476468159561, 0.0], [1.0, 0.11904762062924443, 0.0], [1.0, 0.12116180904230552, 0.0], [1.0, 0.1190476212548226, 0.0], [1.0, 0.11904762076210698, 0.0], [1.0, 0.1649387690888381, 0.0], [1.0, 0.16087912220059017, 0.0], [1.0, 0.16618923648040917, 0.0]]
beta_37 = [[1.0, 0.16666666666666666, 0.0], [1.0, 0.2761203451162235, 0.0], [1.0, 0.2735006271878887, 0.0], [1.0, 0.2766166801401748, 0.0], [1.0, 0.27737546446928496, 0.0], [1.0, 0.2568970343432605, 0.0], [1.0, 0.2158932899195192, 0.0], [1.0, 0.18615509499298727, 0.0], [1.0, 0.1744262528743854, 0.0], [1.0, 0.1836412971586604, 0.0], [1.0, 0.20019070308259115, 0.0], [1.0, 0.2224820786591746, 0.0], [1.0, 0.24289662712116628, 0.0], [1.0, 0.26642925590097005, 0.0], [1.0, 0.2777777380420616, 0.0], [1.0, 0.19982405713589216, 0.0], [1.0, 0.11904767156766644, 0.0], [1.0, 0.1190476210621769, 0.0], [1.0, 0.12335240615341615, 0.0], [1.0, 0.11904762173638103, 0.0], [1.0, 0.11904762155525252, 0.0], [1.0, 0.2684050765510674, 0.0], [1.0, 0.17171205074268076, 0.0], [1.0, 0.16663788282117115, 0.0]]
beta_4 = [[1.0, 0.16666666666666666, 0.0], [1.0, 0.16311302507493877, 0.0], [1.0, 0.21321795353105277, 0.0], [1.0, 0.21730450283090377, 0.0], [1.0, 0.22595470717339705, 0.0], [1.0, 0.21113399566847457, 0.0], [1.0, 0.2017839106699622, 0.0], [1.0, 0.195550589710513, 0.0], [1.0, 0.1853320963432275, 0.0], [1.0, 0.19015956519060995, 0.0], [1.0, 0.21472980397658736, 0.0], [1.0, 0.2476385342632222, 0.0], [1.0, 0.273003929120542, 0.0], [1.0, 0.2777777758273602, 0.0], [1.0, 0.27777776516738995, 0.0], [1.0, 0.2777777591293944, 0.0], [1.0, 0.27777773896781793, 0.0], [1.0, 0.27566571332052164, 0.0], [1.0, 0.25861616562277295, 0.0], [1.0, 0.2713057058543982, 0.0], [1.0, 0.20773085218604598, 0.0], [1.0, 0.11904761918168268, 0.0], [1.0, 0.16899524470614535, 0.0], [1.0, 0.16412796288789339, 0.0]]
beta_5 = [[1.0, 0.16666666666666666, 0.0], [1.0, 0.20015702559968868, 0.0], [1.0, 0.2133657034232524, 0.0], [1.0, 0.21510060470682774, 0.0], [1.0, 0.22262457327380225, 0.0], [1.0, 0.21010092668281283, 0.0], [1.0, 0.19956806369358188, 0.0], [1.0, 0.19366815757529424, 0.0], [1.0, 0.18443514886185508, 0.0], [1.0, 0.1891581162711049, 0.0], [1.0, 0.21267833986772244, 0.0], [1.0, 0.2442704708582867, 0.0], [1.0, 0.2706780129130421, 0.0], [1.0, 0.2777777754145254, 0.0], [1.0, 0.27777776468604104, 0.0], [1.0, 0.2777777603542381, 0.0], [1.0, 0.2777777544576737, 0.0], [1.0, 0.27462169978308587, 0.0], [1.0, 0.25722362679856625, 0.0], [1.0, 0.2687201810619028, 0.0], [1.0, 0.18447182143915192, 0.0], [1.0, 0.11904761921084128, 0.0], [1.0, 0.19063481724675674, 0.0], [1.0, 0.16648794340183862, 0.0]]
beta_6 = [[1.0, 0.16666666666666666, 0.0], [1.0, 0.2001570255996811, 0.0], [1.0, 0.21336570342325226, 0.0], [1.0, 0.21510060470682715, 0.0], [1.0, 0.22262457327380114, 0.0], [1.0, 0.2101009266828128, 0.0], [1.0, 0.19956806369358207, 0.0], [1.0, 0.1936681575752939, 0.0], [1.0, 0.18443514886185522, 0.0], [1.0, 0.1891581162711048, 0.0], [1.0, 0.21267833986772222, 0.0], [1.0, 0.2442704708582865, 0.0], [1.0, 0.2706780129130424, 0.0], [1.0, 0.2777777754145254, 0.0], [1.0, 0.27777776468604104, 0.0], [1.0, 0.2777777603542381, 0.0], [1.0, 0.2777777544576737, 0.0], [1.0, 0.2746216997830859, 0.0], [1.0, 0.25722362679856614, 0.0], [1.0, 0.26872018106190265, 0.0], [1.0, 0.18447182143915214, 0.0], [1.0, 0.11904761921084128, 0.0], [1.0, 0.1906348172467568, 0.0], [1.0, 0.16648794340183867, 0.0]]
beta_7 = [[1.0, 0.16666666666666669, 0.0], [1.0, 0.14522358257601153, 0.0], [1.0, 0.21523691882432683, 0.0], [1.0, 0.21924184614789205, 0.0], [1.0, 0.22695750480218668, 0.0], [1.0, 0.21202592914442248, 0.0], [1.0, 0.2028082743680129, 0.0], [1.0, 0.19597669836861495, 0.0], [1.0, 0.18586792739994754, 0.0], [1.0, 0.19099848303068093, 0.0], [1.0, 0.215673270716402, 0.0], [1.0, 0.24858017515216183, 0.0], [1.0, 0.27147360740973236, 0.0], [1.0, 0.27777777615996496, 0.0], [1.0, 0.27777776502125656, 0.0], [1.0, 0.2777777544284972, 0.0], [1.0, 0.2589587278871854, 0.0], [1.0, 0.22852704825314507, 0.0], [1.0, 0.26120012754716765, 0.0], [1.0, 0.27216800043600803, 0.0], [1.0, 0.18782660533150633, 0.0], [1.0, 0.11904761915622503, 0.0], [1.0, 0.1823362192834622, 0.0], [1.0, 0.16544600990798444, 0.0]]
beta_8 = [[1.0, 0.16666666666666666, 0.0], [1.0, 0.153670792007963, 0.0], [1.0, 0.21628667828619477, 0.0], [1.0, 0.21750570007357398, 0.0], [1.0, 0.22520559035957968, 0.0], [1.0, 0.21174528438916296, 0.0], [1.0, 0.2005357462221644, 0.0], [1.0, 0.1943277029619927, 0.0], [1.0, 0.18545383450320346, 0.0], [1.0, 0.19036074562155914, 0.0], [1.0, 0.2137306171301569, 0.0], [1.0, 0.24516493335907086, 0.0], [1.0, 0.26994202322915883, 0.0], [1.0, 0.27777777604574216, 0.0], [1.0, 0.277777765758374, 0.0], [1.0, 0.27777775745944233, 0.0], [1.0, 0.277777714520155, 0.0], [1.0, 0.2750648232047071, 0.0], [1.0, 0.25932609972571313, 0.0], [1.0, 0.2708007823303969, 0.0], [1.0, 0.1737597051393348, 0.0], [1.0, 0.11904761916214127, 0.0], [1.0, 0.18258227553689615, 0.0], [1.0, 0.16475339199332062, 0.0]]
beta_9 = [[1.0, 0.16666666666666666, 0.0], [1.0, 0.17016767668450522, 0.0], [1.0, 0.21722236805687073, 0.0], [1.0, 0.21588671122970865, 0.0], [1.0, 0.2232952568324436, 0.0], [1.0, 0.21103148839336094, 0.0], [1.0, 0.1984871728573834, 0.0], [1.0, 0.19251858443257203, 0.0], [1.0, 0.18474586552996441, 0.0], [1.0, 0.18961138036802294, 0.0], [1.0, 0.2118640285127935, 0.0], [1.0, 0.2418961984975844, 0.0], [1.0, 0.2674274286353204, 0.0], [1.0, 0.27777777581195684, 0.0], [1.0, 0.2777777656970655, 0.0], [1.0, 0.2777777589858337, 0.0], [1.0, 0.27777774115442766, 0.0], [1.0, 0.2741722734897059, 0.0], [1.0, 0.2579201473670106, 0.0], [1.0, 0.26859024751155924, 0.0], [1.0, 0.15447755609607422, 0.0], [1.0, 0.11904761917638082, 0.0], [1.0, 0.18463399271971195, 0.0], [1.0, 0.16516206352509305, 0.0]]
ell = [[0.10983061240718191, 0.09939553073005734, 0.0927316440610926, 0.08948743762793267, 0.09603432921982559, 0.1207932057299754, 0.1589828202302304, 0.20248497909037577, 0.23274494250298, 0.24072659379282388, 0.24086127668568155, 0.21464253627035298, 0.1838514613950517, 0.1724180102639442, 0.1930426851914382, 0.2224731864483805, 0.25685315588579044, 0.2810619900940902, 0.2652452769893694, 0.23282418571215518, 0.1929404814724308, 0.16116395306475448, 0.14024167008866528, 0.1207937049937511], [0.05004281440011294, 0.045860033848161924, 0.03569325536210922, 0.03322281684882049, 0.036000045591523845, 0.015677796015166605, 0.023493131363640667, 0.030668100112289685, 0.03301038034992889, 0.030435830165902022, 0.0289309739865543, 0.025931678113229068, 0.023748395307377594, 0.02221165990559421, 0.02293751613450605, 0.027974891951871365, 0.0390491536598972, 0.05321114977919834, 0.05355556872688885, 0.04386952655601924, 0.032823515845915495, 0.06185251833339168, 0.04025573858026219, 0.03357963785587877], [0.0043975472351674575, 0.003979556297082989, 0.00371264159654944, 0.0035827029189408836, 0.003844925378420055, 0.0048366345503477026, 0.0064539149338816645, 0.008506737724681891, 0.010180693916179514, 0.011074343374161511, 0.011535077995109073, 0.010620235972591291, 0.00932105965007844, 0.008704212158762993, 0.00932206333876567, 0.010179620181270787, 0.011076167184950974, 0.011539637420277702, 0.010625748293803586, 0.009326063519776634, 0.007727489318958807, 0.006454173636075676, 0.005615863760243531, 0.004836719566628114], [0.0028195109835549618, 0.0025512916280707007, 0.002380034665876245, 0.002296669397158457, 0.0024649083030514984, 0.0031012926408208546, 0.004139522771659371, 0.005457969834448393, 0.006533535654981707, 0.007107885689137621, 0.007404040678179024, 0.006816014762423042, 0.005981145783280457, 0.005584830384992713, 0.005981791881697413, 0.006532848777577239, 0.007109063244832186, 0.007406975172078297, 0.0068195628132595425, 0.005984361243784001, 0.0049574102757569535, 0.0041397016268998835, 0.00360148221195859, 0.0031013596995832574], [0.0015888526907695748, 0.0014375802481720993, 0.0013410044806929332, 0.0012939961020674315, 0.0013888658127366462, 0.0017477823758265411, 0.0023335807557936907, 0.003077835824904714, 0.0036852400370718614, 0.004009681013482702, 0.004176996131304649, 0.0038447980459315662, 0.0033732613463295508, 0.003149465294011226, 0.0033736274053299694, 0.0036848552916051037, 0.004010350378230985, 0.004178657057041576, 0.0038468060436221497, 0.003375076260654276, 0.002795226663829004, 0.0023336943954596827, 0.002029983109492177, 0.0017478328274547676], [0.0007074501801132152, 0.0006400395167939025, 0.0005970084143296879, 0.0005760644268398287, 0.0006183333548158584, 0.0007782713045855769, 0.00103942796768155, 0.0013713847633936166, 0.0016424125248502407, 0.0017872223766267823, 0.0018619120056846351, 0.001713625870772725, 0.0015031947010261829, 0.0014033408128535452, 0.0015033577057302523, 0.0016422448296893309, 0.001787526431111702, 0.001862654474909832, 0.0017145247261280932, 0.0015040026412040254, 0.0012453126288917856, 0.0010394897409306274, 0.0009040764272254417, 0.0007783048184159888], [0.00017719619605066034, 0.0001602997948650525, 0.00014951466296176332, 0.0001442654592278804, 0.0001548590070568851, 0.00019494393876446855, 0.000260433294883917, 0.0003437192331074855, 0.00041174521125019814, 0.0004481011480498322, 0.000466857761858965, 0.0004296247865829126, 0.000376799130320709, 0.00035173943063837387, 0.0003768395694332935, 0.00041170656455782347, 0.00044818065069056085, 0.0004670415057674655, 0.0004298455306881242, 0.00037700026975326747, 0.0003120808787207596, 0.0002604573697097295, 0.00022649640490699877, 0.00019495904805405583], [0.00862532673011441, 0.007805203947314291, 0.00728152470853113, 0.00702659603805122, 0.007541059725592982, 0.00948689356712081, 0.012057234643954718, 0.014020492385228442, 0.014398013551824955, 0.012831238137857274, 0.01134033012884241, 0.00911258066724718, 0.007219465169167863, 0.006861227460206679, 0.008847374056541377, 0.012049654991793494, 0.016554309230134023, 0.02072574793960976, 0.020849842940071802, 0.018298258620593585, 0.015160295338464056, 0.012661148562936028, 0.011015976304528287, 0.009487055549669185], [0.006346357764818842, 0.005742516056252369, 0.00535697546767206, 0.0051693032250683816, 0.005548045490766407, 0.0069807583627935765, 0.008802095038870646, 0.010018135799097622, 0.010007163824330673, 0.008587244561280431, 0.007354309338754861, 0.005762895292350633, 0.004487441805797029, 0.004276136634703462, 0.005697668810681019, 0.008096477219883118, 0.011625328317999605, 0.015038102862101234, 0.015353502852064788, 0.013472582266528867, 0.011160001132851838, 0.009318746802486583, 0.008106906524055746, 0.006980902486221087], [0.004414038349114422, 0.003993744437991792, 0.0037254211251686385, 0.00359481525471632, 0.0038583971161307664, 0.004855669252301381, 0.0064822477057881415, 0.008545682208459072, 0.010225628213982882, 0.011116795886835545, 0.011573082290869403, 0.010648733398826094, 0.009341397723060602, 0.008723034609843647, 0.00934855222625658, 0.010217798815078064, 0.011129662854102948, 0.011605664175134022, 0.01068812103047888, 0.009377286835493197, 0.007766061693372555, 0.006483573302525699, 0.005639701575482055, 0.0048557534864847145], [0.0028290815797454836, 0.002559524121695761, 0.0023874491562111268, 0.002303696089080409, 0.0024727246628023095, 0.003112340941723033, 0.0041559121833102865, 0.005480255064235934, 0.006558828856837096, 0.007131103751224377, 0.007424142394811557, 0.006830508122508828, 0.005991074250093035, 0.005594090945661773, 0.005995672333060869, 0.006553799992717088, 0.00713938038196868, 0.007445091885249981, 0.006855829722476923, 0.006014135314449374, 0.004979820581378697, 0.004156775923296094, 0.003615322466030976, 0.0031124078763525025], [0.0001768379265885912, 0.00015999074914416377, 0.00014923597411109412, 0.00014400132845413706, 0.00015456662858902233, 0.00019452978370655056, 0.0002597506092256602, 0.0003425208829683269, 0.0004099249028538458, 0.00044569137677219007, 0.0004640044774845596, 0.0004269055798479838, 0.0003744445682870907, 0.00034963428715067307, 0.0003747346715766523, 0.0004096156364758698, 0.000446213836723317, 0.0004653160533024012, 0.00042848804202339646, 0.00037588373865729536, 0.0003112392781825241, 0.00025981715027760825, 0.00022597741597923503, 0.00019454557218223035], [0.0007085789470052141, 0.0006410106250584366, 0.0005978823023039507, 0.0005768920780888128, 0.0006192545439558524, 0.0007795756568263972, 0.0010412742953364049, 0.0013735416331615163, 0.00164425935088006, 0.001787935295624153, 0.0018615151539062035, 0.001712458932940601, 0.0015017391371624457, 0.0014021050802547855, 0.001502894893318956, 0.0016429980811930875, 0.0017900205380016064, 0.00186678484711705, 0.0017188258145299103, 0.0015075304078086772, 0.0012479626835353546, 0.0010415078781994477, 0.000905711057520469, 0.0007796082043564987], [0.00017747994085759742, 0.00016054355657069418, 0.0001497334391693706, 0.00014447265272552492, 0.00015508959406833553, 0.00019526922729062177, 0.0002608989873345712, 0.0003442611543900952, 0.000412209679820629, 0.0004482789528216558, 0.00046675837454570766, 0.0004293279599953536, 0.0003764340381264281, 0.0003514282333504519, 0.0003767258138086299, 0.00041189376206806375, 0.0004488083565286841, 0.0004680797436396445, 0.00043092942397576854, 0.0003778862518152808, 0.0003127472032450716, 0.00026096411172756056, 0.00022690646265000674, 0.00019528713165943774], [0.014241939975228374, 0.01288848187784084, 0.012024186008954487, 0.011603425444024611, 0.012452536406082789, 0.01566378291760117, 0.02090000021486173, 0.027545579863587116, 0.03296411644147175, 0.03585660937660547, 0.037347826560712484, 0.03438680838192223, 0.030181559106401835, 0.028184823625477955, 0.030184807110518103, 0.03296060600755815, 0.0358624734520599, 0.03736257894234008, 0.03440464861424457, 0.03019778675810686, 0.025023060148977372, 0.020900717697919863, 0.018186620139828608, 0.01566393790612826], [0.0007023599225588553, 0.000635660796328719, 0.0005930643915669318, 0.0005723260114582462, 0.0006141758458612371, 0.0007723959563585417, 0.0010303506101598519, 0.0013576142301973937, 0.001624352984241721, 0.0017667157561280452, 0.0018401020839582394, 0.0016943769997380413, 0.0014873904079037072, 0.0013890877512407476, 0.0014875495696665228, 0.0016241883741481005, 0.0017670117666266443, 0.0018408270267315657, 0.0016952559309547416, 0.0014881793423077517, 0.0012333995023231844, 0.0010304125588763236, 0.0008967171584928186, 0.0007724290303430413], [0.00017591922326883983, 0.000159200828380017, 0.00014852507516472765, 0.0001433276865439748, 0.00015381589909200987, 0.00019346793551107554, 0.00025815575155499926, 0.00034026002055218853, 0.0004072028430292746, 0.00044294556975157533, 0.00046137126277724156, 0.00042478136236159694, 0.00037282919417972696, 0.00034815546582267904, 0.00037286836024510143, 0.00040716654410870344, 0.00044302108915613645, 0.00046155466490732357, 0.00042500774987959644, 0.0003730250309414644, 0.00030908910669760135, 0.00025817854601845454, 0.00022464814026383742, 0.00019348550371106062], [0.006339930948649384, 0.005736982313685355, 0.005351987174846001, 0.0051645732227560085, 0.005542789390909544, 0.006973386228667549, 0.009306941536543779, 0.012269824426201361, 0.01468653767910134, 0.015976925388556974, 0.01664226013929415, 0.015321193755021827, 0.013445395759084062, 0.0125548876960334, 0.013446846370090857, 0.014684979814432684, 0.01597955498917217, 0.016648851364172948, 0.01532916204866075, 0.013452631900160496, 0.011145016954030359, 0.009307294554807758, 0.008097623107753363, 0.00697348826507488], [0.0007048959494116522, 0.0006378430571952951, 0.0005950298046179638, 0.0005741892293849967, 0.000616248038051991, 0.0007753220647615856, 0.0010348702257269686, 0.001364465020704327, 0.0016333345116060732, 0.001776911280491671, 0.001850943748049084, 0.001703948538610245, 0.0014952502492883663, 0.0013961787182032843, 0.0014954124104046872, 0.001633167143944037, 0.0017772106155957742, 0.0018516776708772495, 0.0017048349969440196, 0.001496049782846532, 0.001239327901949117, 0.0010349314267957676, 0.0009003818656921296, 0.0007753558830756584], [0.00017655560740218745, 0.00015974790875740268, 0.00014901775924478823, 0.0001437948647240392, 0.0001543356779583392, 0.00019420396786619544, 0.0002592888347009452, 0.0003419815379548421, 0.0004094607259573108, 0.00044550864686966184, 0.0004640981239133303, 0.00042718978482900297, 0.00037480306542891424, 0.0003499397521710434, 0.00037484440694975616, 0.00040942273806424925, 0.00044558757653506595, 0.0004642821928092159, 0.00042741157704640165, 0.00037500129121173357, 0.00031057642532488096, 0.00025931260953470725, 0.00022556835590210978, 0.00019421988886954115], [0.0015869267176140762, 0.0014359243061319294, 0.0013395133027823169, 0.00129258310939703, 0.0013872936786864863, 0.001745558449815546, 0.002330140641110883, 0.003072608165532386, 0.003678374106964015, 0.004001881137190343, 0.004168698595555043, 0.003837480753983198, 0.003367258771830525, 0.003144053296731416, 0.0033676222436280923, 0.003677991541664677, 0.00400254908218183, 0.004170352188955372, 0.0038394800666941412, 0.00336906606487788, 0.002790707336449137, 0.0023302538174226834, 0.0020271957356397374, 0.001745609108715254], [0.0001765554554838336, 0.0001597482837822245, 0.00014901812748394688, 0.0001437949337998525, 0.0001543361311751877, 0.00019420360107638007, 0.0002592891695599295, 0.00034198164720010535, 0.00040946213332155, 0.00044551012421871814, 0.000464098024379122, 0.0004271884723196491, 0.000374803807119261, 0.00034993917732676976, 0.00037484360516873877, 0.0004094234544500537, 0.0004455874536494571, 0.00046428136506581827, 0.00042741323847392845, 0.00037500273873964377, 0.00031057559473914975, 0.00025931301092070006, 0.00022556861055481135, 0.00019422001942867524], [0.0001765554554838336, 0.0001597482837822245, 0.00014901812748394688, 0.0001437949337998525, 0.0001543361311751877, 0.00019420360107638007, 0.0002592891695599295, 0.00034198164720010535, 0.00040946213332155, 0.00044551012421871814, 0.000464098024379122, 0.0004271884723196491, 0.000374803807119261, 0.00034993917732676976, 0.00037484360516873877, 0.0004094234544500537, 0.0004455874536494571, 0.00046428136506581827, 0.00042741323847392845, 0.00037500273873964377, 0.00031057559473914975, 0.00025931301092070006, 0.00022556861055481135, 0.00019422001942867524], [0.0015755363779141741, 0.0014261228298372403, 0.001330683979620334, 0.001284213978716632, 0.0013779865723082228, 0.0017324141635918719, 0.002309851706754855, 0.003041860634001445, 0.003638075570784675, 0.003956140073157084, 0.004120063447562391, 0.003794539230235047, 0.003331980317253766, 0.0031122318492699578, 0.0033323363823166154, 0.0036377017416002904, 0.003956792928943043, 0.004121678323954152, 0.0037964939021891513, 0.003333749718346436, 0.0027640993690489614, 0.002309964263282872, 0.0020107394927505184, 0.0017324646887598015], [0.0001752872040961365, 0.0001586567073874852, 0.00014803477618893627, 0.00014286258424911377, 0.00015329915862191386, 0.0001927380940825416, 0.00025702945318984734, 0.0003385543198635504, 0.00040496821279224163, 0.00044040844509366683, 0.00045867447038761623, 0.00042239954244595275, 0.00037087080893375503, 0.0003463941621461403, 0.00037091047082897196, 0.0004049300706146625, 0.00044048470931908686, 0.00045885404844000425, 0.0004226194806501627, 0.00037106500695901454, 0.0003076136973323254, 0.00025705328572442083, 0.0002237361470562295, 0.0001927557857183233], [0.00017528780383147942, 0.00015865706421772015, 0.00014803474477989266, 0.00014286271884135623, 0.00015329966566287584, 0.00019273858738490582, 0.00025702918131245163, 0.0003385536178012461, 0.00040496754814681857, 0.0004404091008381094, 0.0004586715598342687, 0.00042240041306372853, 0.0003708702698913108, 0.000346391993062299, 0.0003709115054818658, 0.00040492968518368583, 0.0004404845141738934, 0.0004588542785454251, 0.0004226186703604573, 0.00037106648051344964, 0.0003076112559967958, 0.00025705277652883463, 0.00022373520753213926, 0.00019275513166529444], [0.0006987792542092326, 0.0006325859223952229, 0.0005902096017975011, 0.0005696045400641933, 0.0006111544796124578, 0.0007674826136173154, 0.0010229192046619477, 0.0013464546134428514, 0.0016096891266920788, 0.001749859975871829, 0.0018219687198819602, 0.0016780996536485022, 0.0014738188980296272, 0.0013768265703128196, 0.0014742862358351374, 0.0016093137239200914, 0.0017504943804816768, 0.0018236187246278028, 0.0016801156738121686, 0.0014756272003444949, 0.0012238114198629632, 0.0010238596525245188, 0.0008911681456222456, 0.0007679750725345639], [0.00017502148455491746, 0.0001584291356651316, 0.00014780943186316016, 0.00014264449521383024, 0.00015305798779160072, 0.00019223611785103772, 0.0002562890155409875, 0.00033745619872589856, 0.00040351703705193535, 0.00043870731617687574, 0.0004568104149067507, 0.00042069068996493305, 0.00036941727319059024, 0.00034507738533525747, 0.00036953565237767927, 0.00040342741897901054, 0.0004388682969924864, 0.00045722783108172535, 0.0004211982149998008, 0.0003698693471473909, 0.00030668118972681797, 0.00025653332754705743, 0.00022325598318179694, 0.00019236822310912362], [0.0006987792542092326, 0.0006325859223952229, 0.0005902096017975011, 0.0005696045400641933, 0.0006111544796124578, 0.0007674826136173154, 0.0010229192046619477, 0.0013464546134428514, 0.0016096891266920788, 0.001749859975871829, 0.0018219687198819602, 0.0016780996536485022, 0.0014738188980296272, 0.0013768265703128196, 0.0014742862358351374, 0.0016093137239200914, 0.0017504943804816768, 0.0018236187246278028, 0.0016801156738121686, 0.0014756272003444949, 0.0012238114198629632, 0.0010238596525245188, 0.0008911681456222456, 0.0007679750725345639], [0.00017502148455491746, 0.0001584291356651316, 0.00014780943186316016, 0.00014264449521383024, 0.00015305798779160072, 0.00019223611785103772, 0.0002562890155409875, 0.00033745619872589856, 0.00040351703705193535, 0.00043870731617687574, 0.0004568104149067507, 0.00042069068996493305, 0.00036941727319059024, 0.00034507738533525747, 0.00036953565237767927, 0.00040342741897901054, 0.0004388682969924864, 0.00045722783108172535, 0.0004211982149998008, 0.0003698693471473909, 0.00030668118972681797, 0.00025653332754705743, 0.00022325598318179694, 0.00019236822310912362], [0.002360301721533081, 0.0023634928665712714, 0.0023845468908762495, 0.002338531329906381, 0.0024275181211142216, 0.001123548343764033, 0.0010758809390761766, 0.0005354741698366009, 0.000325800577014484, 0.0014622972654617656, 0.003669840620247296, 0.0056913012760436395, 0.00645267653996705, 0.006269123864309004, 0.003710302835061666, 0.0013609328141533752, 0.00033080119999822125, 0.0011197359272700294, 0.001981455494654114, 0.001741822812098822, 0.001496877182779551, 0.002470516343257234, 0.0017410130798450113, 0.0016520795081018753], [0.0012812163978184075, 0.0013309810007543412, 0.0013792119805149617, 0.0013597828798636784, 0.0013961156163924458, 0.00039128677672557776, 0.00028412722823139387, 6.372497072902616e-5, 0.0005908480979773692, 0.0028267221077856422, 0.005981234649364321, 0.008478426270084527, 0.009240158943780743, 0.008925744441808464, 0.005811920041299887, 0.002624874703692166, 0.0004661039325293973, 0.00016187639209920272, 0.0005817039767744088, 0.0005115575042662285, 0.00045302177173826076, 0.0011608447270303694, 0.0007313682185695913, 0.0007319316425894403], [0.0043792532250209616, 0.003963868467855741, 0.003697989264677, 0.0035687233346977302, 0.0038293981327586065, 0.004810549783584897, 0.005989667249781205, 0.006600014646902982, 0.0063242562846359245, 0.005131605509212436, 0.004203951815714018, 0.0031960300240909166, 0.002451726053374759, 0.0023419509393632575, 0.0032327003316267324, 0.004869592869635428, 0.007454325584973641, 0.01010796782421603, 0.010545846256231005, 0.009259749973267355, 0.007676779137825889, 0.006420369026483581, 0.005587003882705741, 0.004813563337841784], [0.0028067079939877886, 0.0025403039921426188, 0.002369799186182723, 0.0022869069868639283, 0.002454068437903568, 0.003083357338663043, 0.004112006321667071, 0.005415102589225305, 0.006474832203887981, 0.007037161925360935, 0.007325299173083832, 0.006743553852410226, 0.005919713152488641, 0.005529531494515689, 0.0059238991196358505, 0.006470772311442418, 0.007043828222525486, 0.007342426915225755, 0.0067643547542136214, 0.005938584903796622, 0.004922449917151075, 0.004116137245480985, 0.0035814393836688585, 0.003085277651920111], [0.0001754395800742846, 0.00015878933244683135, 0.00014813331003559653, 0.00014295270111653647, 0.00015339962897302077, 0.00019271740248274214, 0.0002570075751489456, 0.0003384471240332675, 0.000404674250585718, 0.0004398217147650487, 0.000457827342241418, 0.0004214693027554158, 0.0003699859109008459, 0.0003456008136827305, 0.00037024822712799447, 0.00040442769853026375, 0.00044024127439520265, 0.0004588990643528871, 0.00042277031386635906, 0.0003711607933554905, 0.00030765467601821507, 0.0002572777611394479, 0.0002238591066705216, 0.00019284981941203802], [0.0007029655051318884, 0.000636189193929707, 0.0005934555852616279, 0.0005726811530997218, 0.0006145751869087588, 0.0007723022514238468, 0.0010302494373218471, 0.001357171125414132, 0.0016231422218247625, 0.0017643147694329814, 0.0018366604305844086, 0.0016905995050333006, 0.0014838052642308275, 0.0013858831050827132, 0.0014848569804008344, 0.0016221271572023418, 0.001765996353308609, 0.0018409673581483389, 0.001695828652658303, 0.001488542531848148, 0.001233551072544019, 0.0010313041579235634, 0.0008972057453527584, 0.0007728006468652237], [0.0001760715545703909, 0.000159333787557987, 0.00014862293819648624, 0.00014341621991980497, 0.00015391645342553888, 0.00019344627674502867, 0.0002581303807537272, 0.0003401490047420161, 0.0004068998669458614, 0.0004423405332510608, 0.00046050695135105833, 0.0004238340054327866, 0.00037192814622019724, 0.00034735365338275746, 0.0003721921678165487, 0.00040664831830898314, 0.0004427666049895758, 0.00046158948809849943, 0.00042514859298258516, 0.0003731145882663669, 0.00030912630814636103, 0.00025840245839741635, 0.0002247708683395084, 0.0001935783373845536], [0.0022207586513236484, 0.0019487787697371904, 0.0010453959874301077, 0.0009757958414767804, 0.0010572883143450844, 0.010267435618225861, 0.008681929106634963, 0.00730331809024094, 0.0065431693149620215, 0.006239154952740198, 0.0061060578211717086, 0.006381246472395779, 0.006833856520788532, 0.006367672328763337, 0.00525049408515642, 0.005882679240875994, 0.006222227228921768, 0.006105884435540567, 0.00638740097342124, 0.006899775628491377, 0.00776200801446789, 0.002271988895839942, 0.0016471692668579747, 0.0015719214118515535], [0.0012377693550027027, 0.001080825673686579, 0.0007240308159287242, 0.0007569631516206769, 0.0007797102446564781, 0.012366691233296584, 0.010735368290622209, 0.009191250417654027, 0.008234894775440165, 0.0078085842143154945, 0.007608281125807998, 0.008012940363442711, 0.008615099917438763, 0.00802790250432695, 0.006571822747762201, 0.00737339992401164, 0.0077859059504679015, 0.0076074697953637475, 0.008020570355043033, 0.008698156991138838, 0.009724558164391344, 0.0012865091834334634, 0.001660967791233297, 0.001726242213217522], [0.0006025006277067185, 0.0005277335471402663, 0.0006965814347159344, 0.0008218064790596757, 0.0008064602993182652, 0.014846359834668825, 0.013296166703765645, 0.011747189873714193, 0.010725215198503129, 0.010246099186613278, 0.010014326910108534, 0.01047715178688643, 0.011127565127625055, 0.010371411995462137, 0.008624995528418984, 0.009662697032695471, 0.010217983046267797, 0.010013691774889451, 0.010487249759184481, 0.011228641382863743, 0.012294242333301614, 0.0008102018025755979, 0.002118140627033761, 0.0022627467135073187], [0.0001747250387846844, 0.00015816587378576368, 0.000147387948485795, 0.00014221212794885928, 0.00015259314798780871, 0.00019053472825000852, 0.0002540381551503069, 0.00033451409452831774, 0.00040002198614275174, 0.0004349186770251017, 0.00045287004062292047, 0.00041705530917348255, 0.0003662174594984891, 0.0003421919327526335, 0.00036660607579903654, 0.0004000561353808116, 0.00043508037082360003, 0.0004532787498340392, 0.0004175523509176587, 0.0003666524709674991, 0.00030399855674643236, 0.00025578178486443897, 0.00022224283896207553, 0.0001914970557927637], [0.0003766730248627252, 0.0003674500452741891, 0.0015244746473522912, 0.0018034985831812496, 0.0017740367237605859, 0.020949445183932897, 0.01994298251056099, 0.018867187392009745, 0.018106644244537513, 0.017730916659033643, 0.01754370069866277, 0.01790837911378465, 0.01835066956307272, 0.017112339626296557, 0.01493115301580583, 0.01664192108263751, 0.017692863796885987, 0.01754586894436849, 0.017926406412261345, 0.018490445715614732, 0.019258728076588023, 0.001387620401881862, 0.0043644934220062005, 0.0044838200745454405], [0.0007864343920757641, 0.0007604796248268388, 0.0023787962489507826, 0.0027191524702377223, 0.00271364580733548, 0.02456377081486861, 0.024017696309096184, 0.02341748588277373, 0.022982244562888356, 0.022761867478732406, 0.022650265622579147, 0.022859480430659645, 0.023046756786719084, 0.021496630279264843, 0.019171490158160574, 0.021317217071657, 0.022719332578548825, 0.02265504065203727, 0.022882932573899208, 0.023207115880292582, 0.02364065547032889, 0.002440434525236923, 0.006150220837154421, 0.006165208101812545]]
kappa_R = [[1265.0617653460847, 1249.7041516675208, 1236.835570640159, 1249.1868836958622, 1238.1330430816083, 1251.5605059243612, 1254.7763528852897, 1262.9044638808286, 1256.6590869375043, 1250.5054099418726, 1246.1943043598997, 1245.7319957352584, 1244.8668496047983, 1246.9421504836175, 1250.0802969596807, 1270.919385055506, 1272.610578680922, 1270.627956839728, 1268.6057084437762, 1272.2673070238448, 1301.8536377512717, 1246.1504135686296, 1257.8699349215287, 1256.9075484571001], [318.34195696534516, 319.26581795587833, 318.412338344817, 319.2467761111623, 318.57200693484265, 324.4312977934368, 324.3442185396443, 325.94058103188087, 324.13037385602473, 326.5656740515855, 328.98386304346235, 331.03649561516283, 331.1694617951869, 332.4000596688471, 334.23685903651295, 347.0882731858507, 348.2105415332234, 345.14890110276406, 345.08900393234137, 319.2602081854525, 292.4475007867964, 316.63209977666884, 315.6300399106796, 315.2830700931085], [370.3242269620377, 358.04421389021786, 357.55390438927094, 357.32743954890714, 358.2481996297214, 361.7985200043591, 362.6012289013056, 364.50757871001764, 362.9985064090873, 361.3018458548268, 359.9552558296816, 359.6621523750599, 359.3252948647401, 359.8084969025137, 360.53215007870364, 365.06413334926185, 366.35275633926005, 365.03890414879567, 364.4290430259496, 375.23962252138625, 375.5354662966554, 360.20478346921817, 363.8391219078107, 363.655893185012], [254.8763304594917, 240.13951760466418, 239.53966455770237, 238.40734398992367, 240.53889053632324, 243.36271921515035, 244.7107751785711, 247.44434567358923, 245.8695787978846, 241.2358157148952, 237.400446478592, 235.53109653418534, 235.13658022240625, 235.31077101607048, 235.5724862935442, 237.20644950582022, 237.36612193824143, 238.4029297130324, 237.35867371240099, 247.25195189660423, 291.72677679744436, 252.95531992816834, 253.67892651727414, 252.39769590396426], [335.80453646582873, 333.0549558837056, 332.62971883314754, 330.4973604874492, 334.25198676595505, 339.2420404929529, 341.89573102047126, 346.8193504047011, 343.99257921851535, 334.4549682271426, 326.51088340116513, 322.2270054460818, 321.1805888391928, 321.3196540440253, 321.53026560401554, 322.8563248111803, 323.3030989938001, 325.7002672335451, 323.8955486810466, 351.79820680429117, 442.49151920393206, 341.8092179419395, 358.2269211289108, 358.16376186149347], [335.804536464739, 333.0549558839345, 332.6297188333841, 330.497360487465, 334.2519867660813, 339.2420404926359, 341.8957310208279, 346.8193504050065, 343.992579217889, 334.45496822737596, 326.51088340113733, 322.2270054461239, 321.1805888391928, 321.3196540440253, 321.53026560401554, 322.8563248111803, 323.30309899390465, 325.7002672336215, 323.8955486809953, 351.79820680398484, 442.49151920393206, 341.80921794201276, 358.22692112816827, 358.16376186149347], [302.5168476921439, 292.54558183857023, 291.57210831598627, 291.5410680064485, 292.0228341799509, 294.05025871953956, 294.2980399049141, 295.6741314531442, 294.8050242461204, 294.45886436788606, 294.28814717254147, 294.6300640510832, 294.827278957601, 295.2464369502834, 295.8730821054392, 300.6430552292485, 302.7910054530366, 299.3017786733432, 298.94191452636585, 276.83493929908906, 290.7767944684896, 293.4712068485903, 293.39865756791073, 293.21834250101733], [222.6444907412087, 206.27089065080358, 205.83362102871064, 205.1080476325005, 206.53924509203836, 208.76170756011473, 209.68010179716762, 211.6043112179975, 210.4572587173233, 207.39095163607377, 204.8311627516352, 203.61190788387339, 203.3674040328308, 203.53653093105942, 203.79024940122136, 205.20775432099384, 205.09727891268892, 206.03574659069736, 205.32704227108482, 204.83094943354953, 241.89202066385621, 211.26518994662254, 215.46162148337172, 214.68835271014677], [185.86526806975522, 171.38403263949704, 171.535074151582, 170.2721827019984, 172.4768835116371, 175.82933511697493, 177.4355287755343, 180.03483069122456, 178.31826571240262, 172.96834789157955, 168.4723847109616, 166.02438495830668, 165.26454043558473, 165.3610330065746, 165.5063942236599, 166.32289783134698, 166.46740364522498, 167.91793401428572, 166.93731418589059, 191.0426550138239, 239.23110170860943, 179.36817040803967, 187.80047418047613, 186.89307595776438], [265.44824414113816, 268.99076933492097, 270.1657203406112, 268.29434534611255, 271.7016464489222, 278.0080163770079, 281.0906212209439, 285.3493776709173, 282.17135602909923, 272.36634829343836, 264.0545957871373, 259.4513704715316, 257.31958761463414, 257.42281211087203, 257.57927815395715, 258.4674164825223, 259.1166778700674, 261.9371811328508, 260.16272327818444, 373.24357102862496, 394.5754240675797, 284.4764874290714, 297.677898604042, 297.86027635704875], [265.4482441412908, 268.9907693347484, 270.1657203406112, 268.29434534604803, 271.7016464490348, 278.0080163766996, 281.0906212210668, 285.34937767136387, 282.1713560288568, 272.36634829345036, 264.05459578727726, 259.451370471365, 257.31958761463414, 257.42281211087203, 257.57927815395715, 258.4674164825223, 259.1166778700464, 261.9371811328089, 260.16272327808935, 373.2435710308569, 394.5754240675797, 284.4764874290714, 297.67789860431225, 297.86027635704875], [147.9357493800352, 147.51521715620325, 147.1305207800455, 146.85173295331728, 145.32840336209492, 131.7365664444687, 129.92387143806357, 122.33966335378689, 129.2999888802738, 130.8799944942352, 131.17527872878847, 129.98218060876255, 130.91947531553126, 129.78952242141244, 127.0330351219862, 102.08240724687029, 102.34279077804256, 103.97005440224417, 100.78036355490062, 100.61111311223709, 115.52143014656446, 137.9246013775949, 134.55123813315734, 134.96169491417018], [266.64772721159676, 271.7137570272744, 269.8994187255269, 268.52978385315555, 269.2969150090961, 281.8710956263299, 282.0189046826444, 288.127199330051, 283.2481462589261, 285.2265986456735, 287.8354202835793, 290.922687721076, 291.5212782745131, 293.77722683263687, 297.4748004356212, 326.41342423276126, 327.8130172451071, 323.00051247904105, 295.7571153914275, 246.9881949998222, 245.73319138993403, 269.6117832905707, 268.70219795644067, 268.9736417343274], [194.76269783944463, 182.35710689602618, 181.48456377038033, 181.1308060780731, 182.19358556006756, 187.40683042626068, 187.9483309494157, 190.7408239759274, 188.66676622561553, 187.78475827129435, 187.2942999727721, 187.59628070696613, 187.64563067096708, 188.4024393422086, 189.63597740020714, 201.4377764402432, 203.05066116230935, 197.31539455904368, 187.38483040627779, 177.5668639574661, 193.9106300795888, 183.87821827748914, 187.67668021825617, 186.42977077182096], [165.70377243002386, 145.44174897047262, 145.352513821776, 144.7542327498407, 146.13053037870327, 150.15432213457902, 151.16242586320948, 153.4191034157297, 151.68340905257685, 149.201254937454, 147.18575254926884, 146.31139591902976, 145.96195582660962, 146.3578301001978, 147.0093025109771, 153.1926442623077, 154.65774954111106, 151.5974960788147, 147.11322645504276, 160.60949532484184, 180.5334696291255, 147.01346073824982, 156.0451839861591, 154.23474489995135], [296.9203765648, 270.23337822744463, 271.2585588896819, 271.2403763472072, 273.08905165229504, 280.4982109878783, 283.0879517116098, 286.70928642420535, 283.27105639438236, 277.20606201425903, 272.10489554839626, 269.4325231726733, 267.7793503170503, 268.2324229828465, 269.03100239622626, 273.5420954180648, 273.7537206310629, 275.91675555675266, 299.68682673680934, 343.23118264634024, 352.51680449761216, 260.96035975634146, 292.8800851200004, 291.61902720913304], [236.0362239750431, 239.75269992884608, 242.52393622169538, 241.4184551484184, 245.10109398999015, 254.33743276692755, 258.7017797495768, 263.25430634484496, 258.63823852922945, 247.72412246384684, 238.46477853864468, 233.32985661675642, 229.92056193712443, 230.17636888126677, 230.62872186090826, 233.18399829419144, 234.06612073075956, 237.40751040943528, 266.58647359963334, 392.22238995308254, 388.9397618597779, 317.68980642341654, 275.5689887615986, 276.4159488963975], [215.1440622415797, 187.5329947681433, 187.69216404714643, 186.6251244389314, 188.4882760581074, 192.72631896301638, 193.94401989162742, 196.306280024071, 194.47050984708446, 191.39235672025436, 188.8049508646056, 187.518107550724, 187.02952827570556, 187.39411157881074, 187.98646346244072, 191.32762978453206, 191.216785194823, 192.41206944195636, 180.80390491999302, 227.7809091399375, 236.91706706001747, 193.76958065167003, 198.97666828891198, 198.45445127517115], [194.5598913466416, 166.808467513701, 168.53159232202879, 168.07891444702764, 170.08415227987848, 176.11114500247112, 178.82668285276947, 181.61955343673964, 178.6632438219778, 172.30519163501492, 166.9573067184475, 164.00878337550353, 162.07337205123932, 162.27577632362807, 162.64934819778523, 164.7563884147138, 165.10036668612645, 167.09111698932017, 177.29287689802408, 270.8041141618516, 270.7896577465919, 175.47359074221328, 191.60134637907657, 189.47930406061755], [157.51328714776054, 172.60545551933697, 176.92733443327626, 180.41836313682631, 180.6157927352596, 191.68857213041932, 197.47435310794975, 201.66683138601252, 195.82995126444138, 182.98909856376153, 172.2887809612302, 166.26775770835565, 161.21970856984856, 161.2619481562213, 161.54039191512175, 163.1127500057758, 164.72815245564172, 168.3473598989415, 308.350102147873, 384.73123558155464, 384.7350522465715, 185.74285726247552, 217.32671576990802, 217.81665384145344], [152.23545271338025, 148.94059135948964, 147.0831533579927, 146.9240104226747, 144.92438254605972, 137.05183725230782, 135.43294620947276, 127.56865000392816, 134.94375565701344, 135.29017851969465, 134.23556081465105, 132.3072798567558, 133.29011957831048, 137.50260087876342, 137.24460248253106, 118.10412863267814, 121.59903085500174, 126.07814403382598, 106.58175270545897, 107.48949018417036, 131.20257466077834, 138.1569284104884, 136.01238453225884, 136.8672286335478], [118.67536836523684, 116.80129537424361, 113.13102998946985, 112.95124204959232, 111.70991334480532, 119.47596071659753, 118.83285030676711, 114.55276748064426, 118.83664456919226, 117.80092336516475, 115.89148842467031, 114.11132533499973, 114.73302575054757, 123.79336572859573, 123.05850219121099, 115.1141883925844, 119.42414770149247, 122.82084869566894, 101.93706454256257, 101.45348390577156, 125.456264905175, 108.10225595768684, 112.60303520666845, 112.06748328777616], [100.71321539660316, 98.54938608680509, 95.60851134240137, 95.45617889696376, 94.51284608160448, 115.04938005239131, 114.8977309586125, 112.45497020703574, 115.08164932513137, 113.40961787858251, 111.0829773787465, 109.28321415153395, 109.69077675291467, 118.70607061622239, 119.41290169970043, 117.66895704181539, 121.93078165850474, 124.45931042040226, 106.59464038445556, 105.11552048389255, 125.9734964997821, 91.42014613645469, 102.20249261895916, 100.25455629242376], [87.55501437141642, 85.07016406791979, 83.5343685816525, 83.43562799191261, 82.65827880320093, 117.86016209510747, 117.9804157852613, 116.68457095025043, 118.18081478187024, 116.37493473421615, 114.05137898876035, 112.2912102603782, 112.51985255857736, 118.91237641829736, 120.96704603715648, 123.42145233616034, 126.98453327490907, 128.60173269969536, 118.4855578089309, 116.00962792277602, 129.46611355985397, 78.94391982267028, 95.75007610918733, 93.48231008358675], [658.0962475357952, 611.8835634862261, 614.6363137543866, 614.1722726276015, 624.5119851281445, 656.9300207617115, 666.9254149754332, 704.8874185731088, 670.9378658202147, 659.7152225861388, 655.4149126612169, 659.7935575963292, 655.1263399443727, 648.0633397105345, 668.3531638247375, 801.7365243465524, 808.6315882270854, 793.5715163092733, 820.8805243930009, 824.6844528285251, 777.2223375114902, 657.2297268869147, 677.7153420571934, 676.5110309400006], [78.56661057989031, 77.9946060281183, 78.54485842482823, 78.56219192398527, 77.47587143419452, 146.66926065400872, 146.34169596700718, 145.20344433532793, 146.18800204624813, 146.5502902037801, 146.69200031750364, 146.50635317563786, 146.65373961445343, 146.37615124427165, 145.83818176604248, 143.16335352264545, 143.05997147741303, 143.27116744640875, 143.42144169215277, 143.52171042866746, 143.61112367720648, 76.082665079952, 97.66949141523747, 94.69712203668185], [130.16868675233675, 129.50555679263553, 128.66333616336792, 128.67741851728505, 128.98642753769053, 136.9109920263843, 137.84726614295073, 134.82066862135076, 134.91492071452143, 136.49302263110835, 137.53370215637284, 138.97680703751783, 138.79966143713972, 137.39510491661778, 136.10062371949496, 124.18585901779451, 123.25212436888715, 127.99388944506215, 126.12708003743879, 126.27559741467498, 122.05797696515602, 129.83407964898518, 128.59272256989695, 130.27275909756722], [112.9919346528094, 112.37297846214712, 110.91558042966494, 110.93128904354758, 122.58574862250524, 127.43634604443163, 130.04693523533837, 139.23844382166178, 123.4063921481955, 126.05243456615797, 125.53932765998775, 124.26387662080322, 124.64460923780567, 123.88416527394598, 124.76943284134168, 142.37191211481445, 142.8125558840645, 138.87212833347644, 144.37279268296254, 144.03783456266683, 150.12663406325527, 124.2389461662195, 123.40828316821005, 123.58023886047917], [100.98141410306052, 96.99720208519584, 97.61660978650491, 97.61592044325032, 108.5384842124159, 118.16424495365146, 122.56921347644506, 145.8839080924445, 111.99529163473876, 115.81050418212047, 113.99402117001, 110.55888799200437, 111.3789400413158, 111.0171335524264, 119.9090994371598, 180.2380654214702, 191.48235290138675, 181.12294101010622, 191.47855320565722, 191.47274817546347, 190.43563626676044, 132.24507268461912, 126.119898926568, 123.04062130246935], [239.48430720727217, 239.54613006760437, 240.60312349921406, 240.60161629938884, 241.90117537665327, 249.66944487132608, 265.524115595461, 293.6694482133789, 273.79131494421694, 257.5896023430693, 248.15195884232958, 247.1506895552287, 240.6869255331153, 237.16315833876646, 257.7231506765714, 402.2650299869921, 427.5139977415028, 396.9779291157239, 429.81790643171587, 430.92382560131387, 415.07000896152545, 267.8224235994661, 300.46452621623115, 298.89813280786007], [128.0266424064205, 128.04904916323682, 128.68029585644894, 128.67942857484462, 129.06083044239813, 139.93870909376326, 142.07596351603837, 196.65783241342078, 146.66679975214436, 137.51308334378797, 132.23625243599525, 131.82490471214385, 131.5745414256321, 132.38672018630734, 148.7358705663796, 270.9622232696835, 268.88320484958217, 262.8800060942398, 271.1969468189454, 271.2175782405701, 253.10838569319856, 181.32048088928008, 164.89610476993883, 162.03102358600486], [134.74600728884656, 135.02525568615502, 135.06977729635423, 135.0689473819247, 138.22241260699033, 148.45283972904403, 171.6383752241392, 184.7810289749474, 176.7666626244527, 160.70150222541247, 148.7505676583684, 144.019193490099, 136.44515651563916, 131.628696989528, 161.47537252204555, 380.70175275833515, 380.2317554591092, 357.3825986940621, 380.7538191711299, 380.5681293291605, 362.4136419872136, 157.141111485573, 202.46919803445914, 201.99137087095974], [148.67957231580695, 147.78154896751136, 150.76326129065058, 150.7929524814446, 146.49091620240915, 155.52516192793266, 150.99297485651607, 142.26713364815907, 155.24499710376068, 155.30954880697553, 156.96237882890912, 159.86902976651348, 159.6440843583024, 158.41399761721905, 150.9797551392784, 126.28442154222472, 124.80248553050036, 123.26490589173522, 127.06691980720531, 128.63244387727497, 169.72443684021582, 139.2319882117485, 141.99385195342842, 142.57598321894963], [126.82401065477751, 128.79485400237107, 128.76397313499956, 128.77495357180686, 137.8977529163618, 144.97761287883756, 138.55836640942334, 152.55599132220402, 149.37778608050579, 146.58863488490726, 150.56177041044933, 158.99599789840224, 157.4070122003332, 156.0624234072053, 145.84962696344525, 157.4746716232015, 152.42809836239942, 142.08850343869705, 151.730864937952, 155.45709046489114, 167.8126841539697, 141.31120451207502, 134.5022406033828, 135.11790799043732], [111.58722365531294, 109.2079595273402, 109.17064412179569, 109.17562841608638, 119.53557881742348, 134.4407287859342, 125.32217413544822, 180.1801794089143, 143.97802070686046, 137.97763202592313, 144.90087292844387, 160.66976336127127, 157.3206698939915, 155.501426403586, 151.65303134735714, 219.38916044588538, 219.87432882248572, 200.18505236544826, 220.49972038950835, 208.92367285530878, 169.23028900611175, 149.1583280703442, 137.3269980550651, 136.90354633827337], [107.54366571598734, 107.09953171882026, 106.9380987998032, 106.91056605211867, 109.0449473948472, 114.3990964184961, 130.71462663587397, 191.75356498774445, 129.27663162821483, 119.63070257141725, 130.38176772110594, 157.52905719831043, 151.3759614877826, 148.53999167811503, 166.11972982433468, 256.9093701147638, 255.82030106088882, 259.4535749397128, 260.7726267972041, 264.0139879102807, 160.55167032426306, 158.16836024126624, 151.45171241399538, 150.8682085310885], [117.94579855808935, 118.05564580369317, 117.34356428524008, 117.18460886496658, 122.24366288354044, 136.48830263244167, 165.04000089240492, 180.38840382421077, 166.9018358929062, 148.54591314850487, 129.73778350327999, 115.3051041342543, 107.25531230227139, 103.77943801248078, 145.92066902150754, 352.8371042024616, 344.1902831150167, 355.54191515118316, 354.4213963003345, 371.18845403545305, 120.63643040436033, 187.1359575162797, 197.2473068795051, 197.1924001987259]]
kappa_S = [[1304.7140162936762, 1289.096904121099, 1276.787036257749, 1288.3693674554067, 1278.2844060808638, 1293.5665198692511, 1296.9733694748456, 1305.8383681858882, 1298.9134696795513, 1292.5101736872161, 1288.0520538015337, 1287.6221271746529, 1286.6354579879276, 1288.9549192242719, 1292.5132298480517, 1316.219553898243, 1318.1137290476422, 1315.7678519859778, 1313.6335737124211, 1317.7986457859563, 1346.2602228985868, 1287.3105566915747, 1299.5884064597992, 1298.5197885514503], [347.49866048896996, 348.18218450529895, 347.13632597349357, 348.03572059419236, 347.5014615586869, 356.0340937969744, 356.2475273436169, 359.02907396005145, 356.1365978089504, 358.3172598207967, 360.66167644538496, 362.9114127165643, 362.90572520063625, 364.5302449590791, 367.03481590613234, 384.55516732629883, 385.9609260812077, 382.29377275601007, 382.06009987928786, 355.25883938238167, 325.9116821765873, 346.61796602405076, 346.3958699202487, 345.9111911629634], [385.69559345156654, 373.18322386271717, 372.6736099823691, 372.44923345903635, 373.4323021456979, 377.6956367050516, 378.5986300322001, 380.8051136865606, 379.0159217712843, 377.1788314792613, 375.7397155893743, 375.44802101667796, 375.0504403449866, 375.62309083536576, 376.50108145548944, 382.08111832228553, 383.456583034458, 382.00298230376154, 381.3529504781363, 393.4791054325068, 392.8029867823544, 375.76994446541494, 379.7164124612012, 379.49169769143384], [260.11011877509486, 245.36487762668315, 244.76049568034458, 243.6327687683703, 245.77362859773012, 248.767734169776, 250.13528983797724, 252.9319361170466, 251.29390040397644, 246.6455785464974, 242.7982911645326, 240.93350730312355, 240.5245823897974, 240.72089310207699, 241.02119814566882, 242.91519016617477, 243.09946674286607, 244.09596279902996, 243.04477697076805, 253.20547551901655, 296.9938569678482, 258.20322427356564, 259.0126412041293, 257.7316607681888], [338.89684765161815, 336.0782421062655, 335.65007621954146, 333.52309283333756, 337.2760841148416, 342.3238260156465, 344.9796955952162, 349.91821721458683, 347.0725396218071, 337.5493788265841, 329.61426807628965, 325.33885795593955, 324.28838532737404, 324.4359470796484, 324.6618821124328, 326.0903265704445, 326.5467308268937, 328.92369716205656, 327.1193203241791, 355.0442774123528, 445.23711903431973, 344.8597402509598, 361.2413177097933, 361.172455807394], [338.89684765270493, 336.07824210598267, 335.65007621899565, 333.52309283339343, 337.27608411483135, 342.323826015863, 344.97969559475024, 349.9182172148734, 347.0725396226654, 337.54937882631384, 329.6142680763244, 325.33885795590675, 324.28838532737404, 324.4359470796484, 324.6618821124328, 326.0903265704445, 326.54673082687765, 328.9236971619353, 327.11932032415, 355.04427741257734, 445.23711903431973, 344.8597402505685, 361.2413177111383, 361.172455807394], [315.5120979379215, 305.5694517451692, 304.52918595224156, 304.50778179635165, 305.035452816743, 307.67355251654425, 307.99004468950983, 309.64803931214215, 308.53514324363505, 308.1184784579347, 307.9180915843992, 308.3000822707984, 308.4744192495526, 308.98061752984864, 309.7569132334423, 315.52492492147405, 317.71541948326654, 314.1299419468068, 313.73752028819086, 290.8147262483809, 304.43320325836856, 306.73593308509766, 306.8406205633379, 306.62471748479277], [227.77165955396842, 211.50177608049574, 211.04493118466326, 210.32555283961017, 211.76462087524882, 214.15528342555476, 215.0881332718454, 217.08301265515104, 215.87218071640095, 212.8040909908306, 210.24587491555857, 209.04167975818945, 208.79086711011576, 208.98467472442158, 209.28125277666246, 210.98617465598997, 210.89790510846382, 211.7927015224564, 211.07744608667969, 210.2991929984544, 246.7918590215515, 216.5353074834838, 220.74244118659882, 219.9663120834027], [188.29722349321426, 173.88597599924458, 174.02662649278614, 172.77183773970387, 174.97013403625755, 178.37078654840957, 179.97346854583319, 182.58633019476787, 180.85504036220422, 175.533447653962, 171.0582646111468, 168.62546304086896, 167.86615514187187, 167.97197984878963, 168.13374770111764, 169.05991316184262, 169.212665134233, 170.64068470671964, 169.66103291187116, 193.42429226636304, 241.08927122796328, 181.844485396724, 190.22530427466856, 189.3210338261796], [267.39867860120563, 270.8812895033333, 272.04611400067785, 270.18101284468105, 273.5815678462232, 279.9049889458751, 282.98040264737887, 287.24158824022277, 284.0604649538802, 274.28654681463337, 265.9983491891568, 261.40982593289186, 259.28209122252895, 259.3904939228052, 259.5563204890672, 260.50693026336114, 261.1602684573679, 263.9630559708644, 262.19173849328536, 374.69019309921475, 395.89840244523526, 286.3274507643211, 299.48564440731025, 299.66364357142515], [267.39867860114776, 270.88128950370077, 272.04611400067785, 270.18101284495316, 273.5815678462612, 279.9049889451088, 282.98040264705736, 287.2415882395108, 284.06046495387574, 274.28654681462973, 265.9983491889201, 261.4098259329392, 259.28209122252895, 259.3904939228052, 259.5563204890672, 260.50693026336114, 261.1602684573704, 263.96305597098285, 262.1917384932356, 374.6901930980527, 395.89840244523526, 286.3274507643211, 299.48564440753023, 299.66364357142515], [165.9842115728761, 165.14183507480755, 164.6661845760688, 164.38750037307517, 162.901283359199, 149.83378125599475, 148.08009296469353, 140.64756711527676, 147.49391993616373, 148.9132481562496, 149.06628667631284, 147.81535395606642, 148.72867530739094, 147.74460007545716, 145.06587345533796, 120.69381953359185, 120.95236832025977, 122.63288027129713, 119.28103312330633, 119.39202138008027, 134.20948560302168, 155.74234492641176, 152.70854182432663, 153.09497054621056], [283.7852760678168, 289.68736425883765, 287.58727989334614, 286.25394925540667, 287.2048452452035, 302.42773614149996, 302.831405963374, 310.33031407838456, 304.2460233693558, 306.0697161273396, 308.72735554286174, 312.12425033526995, 312.64827794826914, 315.2881485863323, 319.7223815141905, 354.17676007955174, 355.874734101492, 350.41870626895565, 321.2919669182084, 269.1189617011183, 266.3258594731994, 288.4929517986776, 288.02110436549134, 288.19115794683756], [201.89980517996733, 189.91061995467726, 188.961873408603, 188.6121500269329, 189.7239183555721, 195.65029812129066, 196.256799046371, 199.4034318290361, 197.02159318876437, 196.10544488196277, 195.62740715527292, 196.0071633300802, 196.03476286297064, 196.8891864596908, 198.31054821448294, 211.4356139683873, 213.11480121577617, 207.24992697397633, 196.89969379562555, 186.13853749626364, 201.59801259699128, 191.6634309116799, 195.53646619687686, 194.2824619505538], [169.34187281128533, 149.4176323091436, 149.29440636593387, 148.70008736619386, 150.08987019231566, 154.38222887017386, 155.40733063468545, 157.79141140704598, 155.9451141638738, 153.47107997875727, 151.47376666703505, 150.635069445044, 150.27871708163718, 150.7117661062185, 151.43557481750204, 158.11996408997638, 159.60816221804055, 156.49391914924354, 151.84198544971133, 164.6236037580095, 183.95238924581062, 151.07136229566976, 160.04368797465114, 158.24739557416575], [301.4186940513646, 274.6127707478638, 275.6403462954772, 275.6620165859467, 277.5027933154319, 285.171627081196, 287.8099060165804, 291.5421901383593, 287.9881958821601, 281.86234922390906, 276.72234001162946, 274.0471463691501, 272.36022771149857, 272.83837316418465, 273.68978430258846, 278.57415184125756, 278.8240514152046, 280.93367125399976, 305.61694787379014, 348.88704892890246, 358.04287329890457, 264.8953663194136, 297.58494080040595, 296.2903495689389], [237.63810527169713, 241.2312869342896, 243.99292756698603, 242.90286505136598, 246.5710725559698, 255.85192177325754, 260.2139055788386, 264.7822684420439, 260.15003391191283, 249.25838546609222, 240.01895768841945, 234.8989989061803, 231.4900322846616, 231.75266571694476, 232.21975904001982, 234.8803649316764, 235.77128026749253, 239.08547048861388, 268.40851344153975, 393.36735521587065, 390.04824415520693, 318.6754612147746, 277.01546179797754, 277.84599003479866], [217.92738024082675, 190.7074348348139, 190.8289557951194, 189.7441425925705, 191.6249367598073, 195.98824253650287, 197.19593165839967, 199.62380813542208, 197.7427922169165, 194.70667293951462, 192.15870748652364, 190.90908946763773, 190.43207703179291, 190.81875497214898, 191.45403150295633, 195.1008536236839, 195.0088614889279, 196.13859980365558, 184.00112240068415, 230.0838915318683, 239.01265963696883, 197.3269556241411, 202.0160626996405, 201.50331286255812], [195.84487270959957, 168.29983947990272, 169.99763902642778, 169.53566635543544, 171.5427739939096, 177.59459125240082, 180.29158781297363, 183.0995964973622, 180.13974524291407, 173.83070604360552, 168.52334181738345, 165.6022834564985, 163.68006786409177, 163.8911848694415, 164.28169142694202, 166.50953363116056, 166.85942494684932, 168.8153066042209, 178.66560066349697, 270.767812063136, 270.8310957081505, 177.08232471606453, 192.91344656108004, 190.80665711631266], [158.1738140292882, 173.22081378804472, 177.52122562001114, 180.99571044113634, 181.19710211699936, 192.25280474780925, 198.01729056608863, 202.20644743510638, 196.38246913363113, 183.59198698212853, 172.9347763464338, 166.9400148890521, 161.91041508727307, 161.95631359406076, 162.24126542144893, 163.86024154719027, 165.4732507871385, 169.0695198561197, 308.34361679075016, 384.7306801749884, 384.73408728990245, 186.37397125804583, 217.77374848318254, 218.2630197218906], [164.6744199944715, 160.76582840284462, 158.9910947106321, 158.8181937512044, 156.78352472394235, 148.15429263195628, 146.4649157417221, 138.2254285169098, 145.91624664027117, 146.29889727732836, 145.21696909243977, 143.1904740868603, 144.1790673686097, 148.10607029675694, 147.49484269287777, 126.63864748572131, 129.70311895374942, 134.22965608591895, 116.48763713883815, 118.3617411459499, 141.56799385645695, 149.80106090206544, 147.72591646022886, 148.57881051836014], [125.54000607344956, 123.4305391134833, 119.84571473743922, 119.6618832367566, 118.40815228029629, 125.42666068373875, 124.71548369545567, 120.16100767035682, 124.66833675341691, 123.73674787786746, 121.88713721565681, 120.08490694450327, 120.71641514624423, 129.34891547324378, 128.4356616512731, 119.12824811992732, 123.11102491941247, 126.55410253435795, 106.9462083771235, 106.90749221204231, 130.11768980590054, 114.69159802120316, 119.04561553511667, 118.54669619746207], [105.1421969868189, 102.87990617744921, 99.99476221360077, 99.8410661997986, 98.89193835290278, 118.52883835439076, 118.31339125241962, 115.63965790378191, 118.45530725571379, 116.89529228198458, 114.64713045991094, 112.84983646155793, 113.27066623472695, 121.94654192839268, 122.48771386208733, 119.71268549262875, 123.7832242157031, 126.34556857341832, 109.18628759644076, 107.95951293012227, 128.29818262891462, 95.74154974526, 106.21551816884691, 104.34242805540296], [90.59984928163244, 88.07461807947182, 86.5611815732158, 86.46159028613025, 85.68292721858309, 119.84762975238017, 119.91562269590545, 118.44070735644888, 120.0859642490147, 118.37031654483025, 116.11231620847754, 114.36032165124118, 114.60331648599633, 120.80838937494897, 122.71564976556454, 124.48640459870222, 127.95403095486279, 129.60013432374495, 119.714889680182, 117.38282496595349, 130.67623130745343, 81.96077508902174, 98.36973207965094, 96.17003388821482], [667.3737817623932, 622.8118552740096, 625.4725241338726, 625.0196024553611, 635.6764026389687, 670.5575279767204, 680.9789421722284, 720.7963415774942, 685.1720161170604, 673.5870073074447, 669.2371489294992, 673.9357389545123, 669.054191126396, 662.1000041736625, 682.8381715470235, 821.5469943421296, 828.1599862430021, 812.0491486318967, 839.8136747181313, 843.8101797580656, 794.9425377533431, 670.4111547896485, 691.0227697069065, 689.6904470510874], [80.91865690730141, 80.23969309714444, 80.78032474990258, 80.7953153968092, 79.70662657194765, 147.43175949243653, 147.07540960010434, 145.82644534057619, 146.90802691282596, 147.29497170960155, 147.43990693418274, 147.23204045089503, 147.39238925196446, 147.1063803649683, 146.52274569863894, 143.55327597360343, 143.4400459182563, 143.69100610982028, 143.84155345653676, 143.96981958796667, 144.13845117499366, 78.23148088966344, 99.36812211844865, 96.46793883383967], [132.8688157258157, 132.12583031320418, 131.31159713834268, 131.3221579754836, 131.58627448547873, 139.4612803504122, 140.2823065627292, 137.53744754654562, 137.77328994390626, 139.155826086848, 140.35769117719664, 142.18616581357534, 141.9058863098835, 140.51470078248502, 139.06774121813763, 127.05060815246159, 125.96059751192772, 130.41375568541636, 128.7344779331238, 129.0205010385806, 123.3359038275372, 132.69069444610017, 131.2571057960112, 132.94074479382414], [114.71870786936385, 114.05577573452155, 112.61831504086778, 112.63196811078892, 124.1524814240185, 128.96914165493092, 131.48691870485462, 140.6462039074102, 125.13152239827916, 127.65755299936167, 127.2498140990407, 126.2076080938934, 126.52954631053248, 125.77644208614794, 126.54811950901261, 143.55633722152066, 143.89145307563462, 139.96027956295617, 145.44522125965457, 145.18285594063977, 152.85850397510688, 125.9170881504242, 124.97030076272073, 125.15827579431908], [102.10491126552265, 98.11563288856092, 98.73367592876694, 98.73182499611212, 109.57002166502004, 119.1335399287004, 123.4602615700105, 146.58985701873496, 113.09771137545034, 116.83081554728065, 115.08868675307271, 111.80664018860625, 112.5904866808268, 112.23437565175142, 120.97516763835516, 180.62741666281661, 191.48014171253755, 180.67740453308375, 191.4681814957961, 191.461063748755, 190.82762084867795, 133.14449221124, 126.9929006180569, 123.9521084439584], [241.25615284965042, 241.2807112826449, 242.3275332037338, 242.32443475993938, 243.6410608579144, 251.68570658769727, 267.54030620116504, 296.2423197623968, 275.9038046216292, 259.61091990257677, 250.17156910379728, 249.2433105444035, 242.7627815570513, 239.27267095574823, 260.0610752786008, 406.6045231908, 430.8533916271292, 400.627062241502, 432.98597074879547, 434.1224876331583, 417.9720470514712, 270.1745940905043, 302.48027704471224, 300.9061622698647], [128.99371569602178, 128.99148644515097, 129.6217776098866, 129.61997989101698, 129.98825847505583, 140.8101854723578, 142.88248208641212, 197.03853860246247, 147.51383875637154, 138.41387756018463, 133.23313867332988, 132.92124127376758, 132.65638235157172, 133.47382228664344, 149.58660810783238, 271.1794170795718, 270.40436157563556, 262.86894245173426, 271.217575122742, 271.20843070993993, 263.13468515210127, 181.89002044526714, 165.52270306336808, 162.68438119683677], [135.1904851724348, 135.4580843558054, 135.50324347731933, 135.50199980814241, 138.64039659623728, 148.83627108954536, 171.9213209969904, 184.98295028162468, 177.06167702352946, 161.04941373504647, 149.16743688366287, 144.4955647560946, 136.9417719365408, 132.14721032176197, 161.82775976786124, 380.8204550583608, 380.39384549969924, 357.42540053444736, 380.7005534609474, 380.49709926181396, 361.7948443027058, 157.461157297362, 202.63970361708266, 202.16927878339553], [151.72929235174487, 150.68355706860706, 153.59897095790276, 153.62735111135072, 149.3922191678424, 158.18866492212206, 153.78309870953294, 144.68574023221726, 157.54171208348401, 157.79496886605926, 159.22485978596555, 161.71258630922807, 161.5881311142491, 160.41362734648175, 153.15163273715226, 128.4397022811304, 127.15069415174109, 125.93162714837236, 129.4021554424695, 130.98017208160934, 175.87433907306104, 141.72770621453404, 144.78715751870297, 145.31987919949495], [128.62279486635737, 130.4983432194147, 130.45100599047143, 130.46130009005475, 139.50953278293366, 146.45038305658494, 140.12274091645193, 153.66325080390678, 150.60401127014205, 147.94886316680245, 151.78115529610756, 159.9298156020445, 158.41146825268618, 157.0984656689231, 147.01393956714088, 158.15255291833114, 153.2300324250999, 143.16323183037096, 152.57475008870998, 156.26401681541904, 170.6261994586392, 142.61271056684743, 136.03627640742204, 136.62590471195136], [112.68287677931808, 110.27377148639437, 110.22677625520772, 110.23130786600174, 120.53596172781656, 135.30830253880532, 126.26575708389451, 180.51725943785215, 144.66016373562846, 138.76471908869365, 145.5857213431523, 161.1348900521834, 157.84041893590137, 156.0434933468448, 152.2186860285604, 218.71946842391512, 218.80756841864806, 200.18937678130413, 214.4927951403268, 220.05049121730832, 170.5717247556371, 149.7983473054728, 138.12734489915263, 137.69795939304834], [108.1708183137298, 107.70567504726355, 107.53966492317782, 107.51204054707463, 109.63944932066279, 114.96755494349343, 131.1912030818323, 192.33822874654817, 129.70431194931837, 120.14084250495534, 130.81352750601664, 157.78190764424588, 151.67344533390997, 148.85662955970992, 166.34383674522223, 257.15327138719863, 255.47574165211387, 257.2971093302438, 256.2052445330606, 255.53969881994092, 161.26325098686488, 158.45627183676845, 151.80150932979836, 151.21690927127835], [118.24332092257377, 118.34219672812408, 117.62956671853448, 117.47093552341771, 122.51695552894218, 136.71654850269772, 165.1879720345878, 180.46063819570298, 167.02080331994836, 148.72725839452028, 129.95951753513506, 115.54268715579121, 107.52644235276288, 104.06815205854504, 146.08045691403552, 374.77029647356113, 345.92105117551597, 355.9392002480095, 337.1320506937836, 362.9411375842384, 121.12748916024327, 187.2132963115073, 197.31151011295054, 197.25611959444558]]
m_pipe = [[1.3158478191596452, 1.1271044208329855, 0.7691811718353555, 1.1466674823044907, 0.7650793671734052, 0.7387152111165188, 0.7914506217558924, 0.8658306728044769, 0.830385175458831, 0.7085003972201085, 0.5988609289329753, 0.5738095353662521, 0.5738095315745502, 0.5738095613753191, 0.5738095655038715, 0.5738095732242382, 0.5738095830572169, 0.6018453482106638, 0.5838378228218272, 0.5789811545611556, 1.3388888849714986, 0.7831497773510976, 0.9591507689806897, 0.9563492063492065], [11.097129394891898, 7.459078717117114, 7.228688479354908, 6.977160041592738, 7.526393912936929, 7.7770653844863755, 8.07772584103023, 8.57221745681908, 8.330412639086038, 7.332427862969186, 6.330661581146868, 5.834821920680448, 5.738095272871655, 5.738095540806921, 5.738095805550204, 6.533094200031359, 7.205684430951655, 6.632039256493118, 6.561869912108497, 7.692563987510813, 13.38888887604131, 8.35955641619652, 9.717415489260397, 9.563492063492065], [4.270442634067673, 2.9984397966698255, 2.9051062977899895, 2.7981984656877223, 3.0135042595326245, 3.1207468078130285, 3.2316906605919953, 3.4306747255974677, 3.338554414466387, 2.939691556552496, 2.5371849204363652, 2.325339640411741, 2.2952381097958634, 2.2952382052204103, 2.2952382712090347, 2.2952389229684904, 2.4490222907324135, 2.442652307692475, 2.3363032514363113, 2.875704492730354, 5.355555550068931, 3.4033307169566007, 3.84939757611251, 3.825396825396826], [2.9315537674276912, 2.242656376987328, 2.200481798330228, 2.1162409456141726, 2.2647920893110904, 2.369736028937935, 2.445273133067397, 2.580096014718591, 2.514596637278257, 2.2268664820591932, 1.9309377863880326, 1.7515301142014268, 1.7214285835083065, 1.721428649572456, 1.721428686992339, 1.7214288119370442, 1.7346176186122997, 1.8489741429083217, 1.7624937215523109, 2.3018949672226046, 4.016666662108232, 2.8295151381690196, 2.913425566009233, 2.8690476190476195], [0.7963324490331989, 0.7470344663375925, 0.7410092343012135, 0.7159655919721918, 0.7586427004777858, 0.798682571958333, 0.8230136352155166, 0.8642145240488909, 0.842636507138248, 0.7494488366359718, 0.6525206826330034, 0.5888602946723714, 0.5738095287324968, 0.5738095508552816, 0.5738095597993866, 0.5738095719758434, 0.5804040049235936, 0.6196613288419073, 0.5931505916737112, 0.8640427202612424, 1.3388888869919477, 0.8361092516757777, 0.957375838362204, 0.9563492063492065], [0.7963324490332292, 0.7470344663375931, 0.7410092343012155, 0.7159655919721953, 0.7586427004777859, 0.7986825719583324, 0.8230136352155181, 0.8642145240488902, 0.8426365071382484, 0.7494488366359726, 0.652520682633004, 0.5888602946723708, 0.5738095287324968, 0.5738095508552816, 0.5738095597993866, 0.5738095719758434, 0.5804040049235935, 0.6196613288419075, 0.5931505916737116, 0.8640427202612414, 1.3388888869919477, 0.8361092516757774, 0.9573758383622036, 0.9563492063492065], [5.487797903218781, 3.7026996869813824, 3.635061855025958, 3.5114841108792176, 3.75877457617375, 3.9296112273581327, 4.066594031799968, 4.287763268822554, 4.172586396037781, 3.695208355260796, 3.2060387417051075, 2.9356727512129956, 2.8690476357296735, 2.8690477507976975, 2.8690478602091214, 3.077547061108767, 3.487366935553565, 3.051138142395268, 2.928182852747547, 4.243049969145337, 6.694444438356063, 4.370813846472881, 4.817025641179944, 4.7817460317460325], [4.148909036230716, 2.9477827419518534, 2.931261743257639, 2.8310404575133017, 3.011005130080564, 3.1793141600790076, 3.2808813558138703, 3.437869803415278, 3.3492521553452597, 2.983036057851622, 2.6005600753365177, 2.3618632250028586, 2.2952381095396417, 2.2952381945482068, 2.295238263122945, 2.2952386179253477, 2.3178759469763053, 2.458549826802954, 2.354373322313944, 3.66924044363469, 5.3555555503949615, 3.491938829721171, 3.869821008553109, 3.825396825396826], [2.8100201665267135, 2.201313830854716, 2.2149330102389393, 2.1414454115942823, 2.2658921984348126, 2.4090957430190225, 2.4837841218496997, 2.5882831088149407, 2.5218665791393877, 2.2569881566550523, 1.9767760144414934, 1.7880536998835372, 1.7214285836124448, 1.7214286462920243, 1.7214286878831595, 1.7214287983866985, 1.7440662291900464, 1.8539637482998912, 1.780312604812744, 3.0954309173875942, 4.016666662285125, 2.58985139264419, 2.8951842388549127, 2.8690476190476195], [0.7355656485761075, 0.7328280227071262, 0.7444790708923387, 0.7244075002700574, 0.7597088225516965, 0.8108340661520931, 0.8360543496417813, 0.8676482807059861, 0.8449758569854341, 0.7589110588738995, 0.6673409565887503, 0.6049233234350074, 0.5738095288449807, 0.573809550525129, 0.5738095605989595, 0.5738095729499892, 0.585128313232226, 0.6243391494476416, 0.599856725574125, 1.260810693801317, 1.338888887055376, 0.8670140314481691, 0.9559810349443688, 0.9563492063492065], [0.7355656485760671, 0.7328280227071247, 0.7444790708923387, 0.7244075002700572, 0.7597088225516968, 0.8108340661520927, 0.8360543496417826, 0.8676482807059844, 0.8449758569854348, 0.7589110588739004, 0.6673409565887497, 0.6049233234350075, 0.5738095288449807, 0.573809550525129, 0.5738095605989595, 0.5738095729499892, 0.5851283132322257, 0.6243391494476407, 0.5998567255741261, 1.2608106938013173, 1.338888887055376, 0.867014031448169, 0.9559810349443741, 0.9563492063492065], [21.57453510860125, 16.435837481266105, 14.655081926388602, 13.892910701124471, 14.603787527501433, 20.541760288188232, 21.016714994172972, 21.65242443928291, 21.30396859145732, 19.93796141802281, 18.54568436744978, 17.925316998500843, 17.762668060456313, 19.29622182850469, 20.536342435057172, 23.00188100943571, 24.13579271185656, 23.368864940996502, 20.280361440574215, 21.989272144035027, 28.47222220853284, 16.94643319131174, 20.886896030075807, 20.33730158730159], [9.372154193899243, 6.02252047946293, 6.21826160976246, 5.618944711342533, 5.98642247243165, 6.310470352914758, 6.551995129804777, 6.852879502324859, 6.661487103174552, 5.937002560017235, 5.182261721862692, 4.747870151738006, 4.592033119092725, 4.590476422320277, 4.590477113708527, 6.229688389548751, 6.713319794096174, 5.60775895116767, 5.463963253265379, 8.05355787226666, 10.711111103846191, 6.395195892984439, 7.705333641257342, 7.650793650793652], [8.03326531693222, 5.033104558313822, 5.094134422856397, 4.948503755080489, 5.242378533711518, 5.566880748147746, 5.769147713331044, 6.004178334711395, 5.840486422157336, 5.2294709062098, 4.583088567431967, 4.1740606246145235, 4.0182235930921015, 4.016666848174067, 4.016667252813944, 5.063640923928235, 5.4394105694432175, 4.268870181483328, 4.890153716207541, 7.479748346377888, 9.372222215734087, 5.821386368825933, 6.884742595305076, 6.6944444444444455], [6.694376438527336, 4.2917922702059, 4.38247536010453, 4.271543433283509, 4.502796853457365, 4.8053981012612095, 4.977511440767663, 5.158096013086101, 5.017028127604148, 4.5093261493438, 3.966998312278736, 3.600251098839744, 3.444414067775621, 3.4428572929731978, 3.4428575288648844, 3.8809192078331622, 4.149984618450549, 3.6763271095001953, 4.31634418601554, 6.905938819989938, 8.033333327550757, 4.8008635541931355, 5.900215610815599, 5.738095238095239], [2.0403438448578255, 1.4355551605365269, 1.4677628476277444, 1.4217895863334329, 1.5083187879674247, 1.6079533060195421, 1.6634774658664477, 1.722615375170271, 1.6763266179351275, 1.5080551587028006, 1.3273907599281924, 1.2027097501138886, 1.1476190534326838, 1.1476190989735446, 1.1476191422676907, 1.1476191772492788, 1.1597293948867406, 1.2305525527959422, 1.3792490182613775, 2.494970800190649, 2.677777775615382, 1.731412964088227, 1.927747308046911, 1.912698412698413], [0.7014549768780614, 0.7168947414047004, 0.7413037599694683, 0.7241693961957876, 0.7608090868191136, 0.8153228166052264, 0.8439297817242027, 0.8695098173656741, 0.8449052843766011, 0.7634791913010512, 0.6759774446890171, 0.6146995809088976, 0.5738095279780107, 0.573809551856419, 0.5738095630797152, 0.5738095658325437, 0.585919848325391, 0.624802533596523, 0.7987020060470971, 1.3388888765525473, 1.3388888873962554, 1.1576034400836277, 0.9511500034391686, 0.9563492063492065], [3.3151437147391123, 2.128042336695292, 2.1962598276633996, 2.1649931393744906, 2.256329584908986, 2.4218670767234736, 2.5110520460384373, 2.589328349898228, 2.51531038006217, 2.270137003784816, 2.0073403115617903, 1.8237318240055052, 1.7229854893555512, 1.7214286454343746, 1.7214287231532743, 1.7214288198723424, 1.7444064103412893, 1.8494594261012893, 2.363285638240272, 3.837158491358141, 4.016666663694108, 2.1340387154500053, 2.8996646675342377, 2.8690476190476195], [1.976254841097503, 1.4119358008415086, 1.4723382108035432, 1.4699582654331438, 1.5145815403756584, 1.6324174433316525, 1.6936203387061786, 1.7385485767619364, 1.686065899460114, 1.5276737918895522, 1.3580949147069679, 1.2379758796030012, 1.1491759645215145, 1.1476190991424717, 1.1476191321365654, 1.1476191489408571, 1.1705968549915597, 1.2462026178047423, 1.7852766161898614, 2.677777762984034, 2.6777777754838694, 1.526177907594023, 1.943388921359956, 1.912698412698413], [0.6373663994940765, 0.7056588497624879, 0.7399331252977871, 0.7632462738316043, 0.7650793662922026, 0.8273533906756975, 0.8587756889596408, 0.8782509622645926, 0.849986737020608, 0.7726884585209828, 0.6906151040917988, 0.6319676362129983, 0.575366439948178, 0.5738095525220245, 0.5738095616886854, 0.5738095680993252, 0.5937514658873057, 0.6321733505395313, 1.1997138974535686, 1.338888882074061, 1.3388888873930858, 0.7757008389998599, 0.9554256615680556, 0.9563492063492065], [10.863492040375528, 9.656487060595653, 7.748808006083138, 7.6077181309876885, 7.8657216792940865, 13.516790241065712, 13.690152400634538, 13.950741822562739, 13.829560723285237, 13.311849658721679, 12.7853896290782, 12.603637311352706, 12.596825411774745, 14.1319356417765, 14.875613443868835, 15.620025616033839, 16.160969273250053, 16.42221724389389, 13.527072119201147, 13.361904745074755, 16.422222216762236, 9.9774277694749, 11.842673500561638, 11.730158730158731], [9.524603157160547, 8.89060781828909, 7.046163167468064, 6.937551060832032, 7.124078777694639, 12.785579070548716, 12.91303794056637, 13.10608533979289, 13.01445080698067, 12.61337531210522, 12.196958635286071, 12.029827780856648, 12.023015884199223, 13.558125607448273, 13.79974591061845, 14.462372504082932, 14.893712419576131, 15.083328422583834, 12.953262477781172, 12.788095219506536, 15.083333328607855, 8.638538881024626, 11.046131784048258, 10.773809523809526], [8.185714271838194, 7.551719012877347, 6.333149774269518, 6.260602968979051, 6.388543279670017, 12.040977553221898, 12.131204347106351, 12.264371661819728, 12.19794048371086, 11.906618502222855, 11.598599231715578, 11.456018252180622, 11.449206357368675, 12.489226274264396, 12.717360294729044, 13.298846080463223, 13.620320160921363, 13.744439586904381, 12.379452919843818, 12.214285693841624, 13.74444444042655, 7.299649992429701, 10.20107651351841, 9.81746031746032], [6.8468253856040056, 6.212830158223337, 5.614845932697845, 5.5757114337406755, 5.655411064344625, 11.285426046902831, 11.343394237959004, 11.424283152140882, 11.380511847307208, 11.192590300292116, 10.990855555502609, 10.882208724391894, 10.875396830896165, 11.40453019420101, 11.62721631891815, 12.128938213715719, 12.340347598008417, 12.405550748832699, 11.805643361379923, 11.640476167427607, 12.40555555219447, 5.960761103999898, 9.172782103910878, 8.861111111111112], [1.3388888780776238, 0.7048936752239566, 0.7275511615498245, 0.7141276325084319, 0.7525061270665095, 0.7927609645821627, 0.8211553097783565, 0.8567811948500205, 0.8345955348246213, 0.7444219921530658, 0.6465474756009968, 0.5806214204941919, 0.5738095287825286, 0.5738097926368725, 0.8000793503975889, 1.2242010933361127, 1.3254844242407575, 1.3388841310180806, 1.3388887607325912, 1.3388888591657038, 1.3388888866254012, 0.5738095245488944, 0.9583928585177021, 0.9563492063492065], [4.169047620518083, 4.169047620367299, 4.16904762000392, 4.169047619790596, 4.169047619692973, 9.72777777280999, 9.727777774886839, 9.727777775862949, 9.727777776699876, 9.72777777678479, 9.727777776827335, 9.727777776785366, 9.727777775999982, 9.727777776650735, 9.727777776696179, 9.727777776798, 9.727777776988834, 9.7277777772323, 9.727777777275957, 9.727777777321114, 9.727777777230465, 4.813142055438064, 7.186952360630106, 6.9484126984126995], [5.023586502936245, 4.976530124682033, 4.767432722329758, 4.76900901698569, 5.020467819470406, 6.378198030905606, 6.5608655112140735, 6.460418387340301, 6.133528890511156, 6.277962662510151, 6.137471812561772, 5.858867987486357, 5.916828518753511, 5.941269886665249, 6.171651429216535, 6.4848636074067425, 6.556211365093715, 6.76871123715308, 6.581945231308684, 6.5354437730270165, 6.8899279615448235, 5.150572042780374, 5.697048972131771, 5.738095238095239], [3.684698120106495, 3.640065527727796, 3.428543836941544, 3.430120133757352, 4.422056693214213, 5.039309145713866, 5.221976635447466, 5.59827517555946, 4.794640005290147, 4.93907377750343, 4.798582925774844, 4.519979099892418, 4.577939634605181, 4.602381012882898, 4.838207871544426, 5.911054023837438, 5.9571524700451155, 5.846653155030908, 5.969991825268228, 5.945522798159683, 6.302829869387729, 4.5767625183649985, 4.811260874485289, 4.7817460317460325], [2.59847317174771, 2.301176667436946, 2.295238114802026, 2.295238126008379, 3.083167935098502, 3.7004202614780977, 3.883087778999258, 4.492043175358435, 3.4557511231746636, 3.6001848956859366, 3.459694040078578, 3.1810902139359243, 3.2390507520529486, 3.263492143614878, 3.7155369557755775, 5.199247614353184, 5.35555548084801, 5.206149429932115, 5.355555449048139, 5.355555499058754, 5.355555485091158, 4.002952966094025, 3.9333012760177164, 3.825396825396826], [0.5738095604211139, 0.5738095330190424, 0.5738095278270994, 0.5738095313521843, 0.610666204560766, 0.7413459829895592, 0.8508806972064784, 0.90292565409874, 0.8581716559800274, 0.7851444411544041, 0.7039594081783289, 0.6473165948072632, 0.5914132777743918, 0.5738095836901724, 0.7063525441617238, 1.1825824928593234, 1.3388888629597036, 1.2306013416220944, 1.338888850975499, 1.3388888708913342, 1.3388888748153107, 0.5865238878757195, 0.9670605301180647, 0.9563492063492065], [1.1501082539554863, 1.1535574505128727, 1.1476190593536668, 1.147619061982419, 1.2215091133609477, 1.6201853966147328, 1.6933190450934548, 2.250228656835289, 1.716318499804443, 1.5744329759393918, 1.41684575209115, 1.3066317774542604, 1.3087485955197098, 1.350793701708444, 1.7429377928933936, 2.6777762818075463, 2.6777777444284117, 2.636659960633036, 2.677777733120993, 2.6777777537987295, 2.677777759311528, 2.0775401896171037, 1.9493853191994222, 1.912698412698413], [0.5762986829273203, 0.5797479221239219, 0.5738095335311042, 0.5738095323009802, 0.6177526871254597, 0.7365105694116855, 0.8527476370294194, 0.9113398394365335, 0.8657593148068493, 0.7953238576151855, 0.7190378204142527, 0.6655527278999745, 0.6092201680890097, 0.5738095941755844, 0.8018617995575535, 1.338887431818878, 1.3388888674464208, 1.297771397238517, 1.3388888613055214, 1.3388888751925698, 1.3388888752939951, 0.7779480694529944, 0.9589635486621064, 0.9563492063492065], [4.1454611173777325, 4.192517495455249, 4.401614896732786, 4.40003859848748, 4.1485797870555885, 5.492436885008733, 5.309769406719872, 5.41021653152338, 5.737106029223447, 5.592672257308628, 5.733163107338548, 6.01176693239681, 5.953806400297819, 5.929365033080225, 5.6989834905517265, 5.385771312423702, 5.314423554933347, 5.101923683062135, 5.28868968894254, 5.335191147248965, 4.980706958714351, 4.662570012418192, 4.751685523364866, 4.7817460317460325], [2.8888464932713114, 3.069291007244344, 3.062726011064901, 3.061149714554398, 3.549938251832006, 4.153547999898167, 3.9708805315633766, 4.547535961864377, 4.398217143854086, 4.25378337209823, 4.394274220479507, 4.67287804460729, 4.614917515847526, 4.590476159025909, 4.366425898190068, 4.811961726111899, 4.714997375128548, 4.463540311569337, 4.676226253478043, 4.74493889290937, 4.39362132959177, 4.05462472769832, 3.805008480037624, 3.825396825396826], [1.8132790136110053, 1.7304021563660053, 1.7238371394154357, 1.7222608498514913, 2.2110494432769014, 2.81465911597184, 2.6319916828135703, 3.591582227714423, 3.059328260689377, 2.9148944890293933, 3.055385334353047, 3.3339891576256084, 3.2760286322715033, 3.2515872887631323, 3.205384590570481, 4.01666597730789, 4.016666613111517, 3.821980126001828, 4.01666658592281, 4.016666612892257, 3.2716247153900526, 3.1007496607803766, 2.8775397384572905, 2.8690476190476195], [1.1510634363733983, 1.1565925955273275, 1.1500276125775155, 1.1484513200607864, 1.2261639173738907, 1.475770236418102, 1.7034027699786058, 2.2526933800598994, 1.7204393903815358, 1.576005618972208, 1.71649645000505, 1.995100271820584, 1.9371397500167316, 1.9126984270922225, 2.064553440366097, 2.6777771531817947, 2.677777742210522, 2.631052402592346, 2.677777728138849, 2.677777739224554, 1.9327358300762496, 1.9815067637278505, 1.9181932328129314, 1.912698412698413], [0.5772538576494975, 0.5827830672593923, 0.576218087658164, 0.5746417936548183, 0.6204491024935646, 0.7382885056360596, 0.8562297711891201, 0.9138047270096363, 0.8679503840240523, 0.7961984844309951, 0.7164241513389937, 0.6562113944167193, 0.5982508709157883, 0.5738096058797086, 0.7976593843409894, 1.3388882982009735, 1.3388888662185348, 1.2921639663288715, 1.3388888586413634, 1.33888886066237, 0.5938469436282474, 0.9282489708913366, 0.9565143993253129, 0.9563492063492065]]
m_port = [[33.98751232265279, 25.022020619216207, 22.652951577578865, 22.016738225021697, 22.89526080761177, 29.05754088379113, 29.885891456959094, 31.09047256890647, 30.46476640600219, 27.978889678212106, 25.475206877529622, 24.333948454547546, 24.074572864902517, 25.608126930686932, 26.848247806111246, 30.10878478269131, 31.915286725865435, 30.602749545700288, 27.426069175504537, 30.260817286107002, 43.19999996955967, 26.089139384859358, 31.56346228831689, 30.85714285714286], [1.3158478191596452, 1.1271044208329855, 0.7691811718353555, 1.146667482304491, 0.7650793671734052, 0.7387152111165188, 0.7914506217558925, 0.8658306728044769, 0.8303851754588311, 0.7085003972201085, 0.5988609289329753, 0.5738095353296265, 0.5738095315245982, 0.5738095613630994, 0.5738095654928421, 0.5738095732149112, 0.5738095830494246, 0.6018453482106638, 0.5838378228218271, 0.5789811545611555, 1.3388888850465688, 0.7831497773510976, 0.9591507689806897, 0.9563492063492065], [1.3388888576201134, 0.7579392334659061, 0.6885203265389599, 0.6674774650257977, 0.7541150772305545, 0.7267073493152143, 0.7794411486382655, 0.853779462399058, 0.8192718285818703, 0.6975279511558945, 0.5874379190053948, 0.5738095289894636, 0.5738095272631081, 0.5738095847812237, 0.5738096741289647, 1.160308215954102, 1.269295204665676, 1.1382488064053753, 1.2973838079246391, 0.573809525504468, 1.3388888878361898, 0.585411852767038, 1.0509922719679423, 0.9563492063492065], [1.3388888666604184, 0.7557834196824977, 0.7046244994597615, 0.6819575200735497, 0.748712170221534, 0.7510107788750937, 0.7864175275245984, 0.8505787108788767, 0.8239577771881299, 0.7128250744933027, 0.6062471340483326, 0.5738095261019951, 0.5738095261798113, 0.5738095556335339, 0.573809584209044, 0.5738101110306565, 0.7144046721201138, 0.5936781647841531, 0.5738095298283742, 0.5738095253745472, 1.338888888191306, 0.5738155787875043, 0.9359720101032769, 0.9563492063492065], [1.338888869397238, 0.7356577854404651, 0.7259748684542618, 0.6926304110541677, 0.7464745533314194, 0.7874276107148368, 0.8116754225661359, 0.8529865474029703, 0.8319148651685191, 0.7391660389072525, 0.6420941012639935, 0.5782070530135222, 0.573809525803215, 0.5738095452206472, 0.5738095666744785, 0.5738096524831171, 0.5738096027197415, 0.6052854494046089, 0.5805991536644929, 0.5738095297274008, 1.3388888883673977, 0.8558233297478518, 0.98322216896617, 0.9563492063492065], [0.7355656485760671, 0.7328280227071247, 0.7444790708923387, 0.7244075002700572, 0.7597088225516968, 0.8108340661520927, 0.8360543496417826, 0.8676482807059844, 0.8449758569854349, 0.7589110588739004, 0.6673409565887497, 0.6049233234350075, 0.573809528772139, 0.5738095505079658, 0.5738095605864497, 0.5738095729406038, 0.5851283132322257, 0.6243391494476407, 0.5998567255741261, 1.2608106938013175, 1.338888887193156, 0.8670140314481691, 0.9559810349443741, 0.9563492063492065], [1.3388888743572473, 0.7568299412075223, 0.6880123105430052, 0.6662478587942502, 0.7516433757756964, 0.7144996942077615, 0.774567463733657, 0.848803114395313, 0.8129207649975322, 0.6891091992838962, 0.5780330165088895, 0.5738095353718738, 0.5738095295256301, 0.5738097644059849, 1.0702518774798104, 1.152167003853119, 1.2615036445103343, 1.338888745938184, 1.2893260681076892, 0.5738095265998959, 1.3388888881758154, 0.5738095287924796, 1.3388888884416241, 0.9563492063492056], [1.338888877003678, 0.9894159211491084, 1.124127186906063, 0.6704409562620439, 0.7440439387201323, 0.7435896047670125, 0.7828474164737331, 0.8487011676134637, 0.8210006810172158, 0.7075316538074352, 0.5991731544307247, 0.5738095270359519, 0.5738095258846077, 0.5738095741370384, 0.5738098608932078, 1.1660474656205162, 1.2739092246529564, 1.3388887696882275, 0.5738095370246613, 0.573809525768784, 1.338888888351727, 0.5738095240620684, 0.8205910459522662, 0.9563492063492065], [1.3388888784458461, 0.7413122881079213, 0.7116590627518677, 0.6769603217969804, 0.7395816802541528, 0.7614826468865363, 0.7916362725633812, 0.8460823216252944, 0.8234582945531876, 0.7201447568659995, 0.6160902551532312, 0.5738095256485313, 0.5738095251571019, 0.5738095551862432, 0.5738097239467446, 1.1827217160950725, 1.2894259509926682, 0.5925430719831322, 0.5738095301329622, 0.5738095262838354, 1.3388888884115573, 1.0205228146327974, 0.9845269844894764, 0.9563492063492065], [1.338888883279917, 0.7658792423065615, 0.7026448386150737, 0.6701670701556566, 0.7416429015994472, 0.7312111705169961, 0.7771144600681676, 0.8446564827698495, 0.8151099163045661, 0.6984743466164591, 0.5884309937921284, 0.5738095304374703, 0.5738095274909419, 0.5738100343273199, 1.0758675332503849, 1.157653111950907, 1.2672568536739224, 1.3388888213168975, 0.5738096414160354, 0.5738095254334669, 1.3388888883867156, 1.3388888885968435, 0.7965417165133805, 0.9563492063492056], [1.3388888854093846, 1.3388888054172918, 0.7130133931985458, 0.6769480918529807, 0.735535498024622, 0.7446015173268172, 0.7818335934600196, 0.8417136779731607, 0.8165103232698101, 0.7067568098823642, 0.5983594035704929, 0.573809528603282, 0.5738095267337855, 1.0688993331838772, 1.0823856158894056, 1.1635264236197094, 1.2733922586547683, 1.338888835688135, 0.5738095579239144, 0.5738095255335738, 1.3388888884099417, 1.338888888683126, 0.8450552705298477, 0.9563492063492056], [1.3388888863362667, 1.3388888546674291, 0.7183038415716734, 0.6848915352383758, 0.7331322153253925, 0.7555515063190672, 0.7878101091473475, 0.8400885096788464, 0.817428636403653, 0.7140282019307396, 0.6077436762129693, 0.5738095277081339, 0.5738095263701388, 1.0846960800633865, 1.0901439758108946, 1.1699078667475042, 1.2799725629129457, 1.3388888380807713, 0.573809558450669, 0.5738095263112016, 1.3388888884455725, 1.3388888885735741, 1.0282944096075326, 0.9563492063492074], [1.3388888871297642, 1.3388888626491608, 0.7182471511441004, 0.6925361814416477, 0.7338573175851415, 0.7648873095106777, 0.7944611532938085, 0.8397241814279126, 0.8181385357827097, 0.7203905313542582, 0.6165303030742768, 0.5738095270345057, 0.5738095260090924, 1.102942624913402, 1.099359191824382, 1.1769593435816064, 1.2870853967788254, 1.3388888405918766, 0.7389768233713749, 0.5738095308899065, 1.338888888507654, 0.5738095239669885, 1.0274368847630708, 0.9563492063492065], [1.3388888781185169, 0.7048936752239566, 0.7275511615498245, 0.714127632508432, 0.7525061270665095, 0.7927609645821628, 0.8211553097783565, 0.8567811948500206, 0.8345955348246213, 0.7444219921530659, 0.6465474756009968, 0.5806214204941917, 0.5738095287105427, 0.5738097926351486, 0.8000793503975889, 1.224201093336113, 1.3254844242407577, 1.3388841310181783, 1.338888760736205, 1.338888859180801, 1.3388888867418611, 0.5738095243198045, 0.9583928585177022, 0.9563492063492065], [4.9999999998420055, 4.999999999826212, 4.999999999305606, 4.999999995741748, 4.9999999868643865, 2.1428571430511054, 2.142857143014728, 2.142857142982427, 2.1428571430087557, 2.1428571430083263, 2.1428571430302967, 2.1428571430350614, 2.1428571430154726, 2.1428571430432557, 2.1428571430241146, 2.1428571429984653, 2.1428571430042003, 2.1428571429734395, 2.142857142967794, 2.142857142953542, 2.142857142996835, 4.999999999822587, 3.2617821348665315, 3.571428571428572], [1.256614624106421, 1.1232264882109049, 1.3388888857489445, 1.3388888839942705, 0.598641535223582, 1.3388888851929277, 1.3388888751883385, 0.8626805696590023, 1.338888885454447, 1.3388888852932914, 1.3388888869829905, 1.3388888879989307, 1.338888884524211, 1.3388888740843201, 1.3325575923616588, 0.5738095863044403, 0.5994261798047988, 0.6383833714927988, 0.6124634354644977, 0.5902522543395953, 0.5870856291225803, 0.6079452847198727, 0.9466770433272425, 0.9563492063492065], [1.3388883828306664, 1.3364645969542377, 1.3388888854635326, 1.3388888832839523, 0.5984111262561931, 1.3388888852753151, 1.3388888757997812, 0.8621432117808401, 1.3388888853035037, 1.338888885086472, 1.3388888869072602, 1.3388888877786562, 1.3388888842190236, 1.338888873811851, 1.3334435576721098, 0.5738095835616085, 0.5990588950485992, 0.9220580821221722, 0.6119534060404564, 0.5899209748673339, 0.5870980921570937, 0.5738095242299733, 0.8857880976464818, 0.9563492063492065], [1.086224948358785, 1.3388888603066882, 1.133305722139518, 1.1348820077489732, 1.3388887581192512, 1.3388888843095845, 1.3388888564623995, 1.1062320002010257, 1.338888882171429, 1.338888881871842, 1.338888885786202, 1.338888886047319, 1.3388888826126877, 1.3388888692910985, 1.1226709157688481, 0.7118064094842538, 0.6015969891971058, 0.6405037250987936, 0.6144363762200895, 0.5899672991009287, 0.9472743842965713, 0.5738095522548812, 0.8779595984675731, 0.9563492063492065], [0.8745553573711098, 0.5738096839021217, 0.5738095275425805, 0.5738095326275143, 1.250992617176789, 1.3388888819257474, 1.338888036699869, 1.3388888644427077, 0.881260967390193, 1.2406074785921408, 1.338888879853175, 1.2271418416744009, 1.338888878798965, 1.3388888582310878, 1.26624661872046, 1.338888839695668, 1.3388888734883162, 1.3388881276775928, 1.3388888649705688, 1.33888887439887, 1.3388888509766557, 1.3388888886805093, 1.0168554267002299, 0.9563492063492065], [0.5738095604085819, 0.5738095329749384, 0.573809527745362, 0.5738095312986847, 0.610666204560766, 0.7413459829895592, 0.8508806972064784, 0.90292565409874, 0.8581716559800275, 0.7851444411544042, 0.7039594081783289, 0.6473165948072632, 0.5914132777743918, 0.5738095836824816, 0.7063525441617238, 1.1825824928593236, 1.3388888629774223, 1.2306013416220944, 1.338888850987671, 1.3388888709164863, 1.3388888748464751, 0.5865238878757195, 0.9670605301180648, 0.9563492063492065], [0.573809571018431, 0.573809528323376, 0.5738095257029768, 0.5738095296187298, 0.603756426235488, 0.8836748272030475, 0.8405714080640354, 1.3388888174052327, 0.8505591849975938, 0.7791091183242063, 0.6978079316768973, 0.6410790495542859, 0.6995284274307001, 0.7769841075328595, 0.9410759933358401, 1.3388888500004699, 1.3388888770180838, 1.3388885633959433, 1.3388888718415832, 1.3388888786472348, 1.3388888840838282, 1.2995921201641096, 0.9904217705373157, 0.9563492063492065], [0.5762986829273201, 0.5797479221239218, 0.5738095334858876, 0.5738095322513015, 0.6177526871254597, 0.7365105694116855, 0.8527476370294195, 0.9113398394365336, 0.8657593148068494, 0.7953238576151855, 0.7190378204142527, 0.6655527278999745, 0.6092201680890097, 0.573809594169016, 0.8018617995575535, 1.3388874318191961, 1.3388888674677815, 1.297771397238517, 1.3388888613221903, 1.338888875225135, 1.3388888753272743, 0.7779480694529944, 0.9589635486621064, 0.9563492063492065], [0.7355656485761075, 0.7328280227071262, 0.7444790708923387, 0.7244075002700574, 0.7597088225516965, 0.8108340661520931, 0.8360543496417814, 0.8676482807059861, 0.8449758569854342, 0.7589110588738995, 0.6673409565887503, 0.6049233234350074, 0.573809528772139, 0.5738095505079658, 0.5738095605864497, 0.5738095729406038, 0.585128313232226, 0.6243391494476416, 0.599856725574125, 1.2608106938013173, 1.338888887193156, 0.8670140314481691, 0.9559810349443688, 0.9563492063492065], [1.3388888697275587, 0.7464689110971374, 0.7163287330186998, 0.6895950459190194, 0.7451129316457514, 0.7702184170599851, 0.7970972339641706, 0.8495866946003372, 0.8273855762058719, 0.7260479011965697, 0.6237840608950243, 0.5738095249431168, 0.5738095258065282, 0.573809548237514, 0.573809575230806, 0.573809819537082, 0.5738097177838701, 0.604586078503063, 0.5740607175011978, 0.5738095261399422, 1.338888888339979, 0.9020874370769811, 0.9746367696981961, 0.9563492063492065], [1.3388888670088186, 0.754916945029529, 0.7038001117683188, 0.680443653365916, 0.7477694460931859, 0.7502970672791252, 0.785712675986098, 0.8498934654072766, 0.8233342406925215, 0.712172297409174, 0.6054786663685898, 0.5738095261017984, 0.5738095260793803, 0.5738095562353317, 0.5738095970798621, 0.7823084431834193, 1.1694909885772597, 0.5925883155923137, 0.5738095303808171, 0.5738095253738656, 1.3388888881998668, 0.8788750167517101, 0.9472046326268351, 0.9563492063492065], [1.338888869383914, 0.7485874443121422, 0.718463329727799, 0.6843097616697854, 0.7475066883555187, 0.7723708850212694, 0.7992458626363622, 0.8516669666208099, 0.8293236230017604, 0.7279688087872489, 0.6258964211220251, 0.5738095246580296, 0.5738095259282854, 0.5738095478429782, 0.5738095673829777, 0.5738096679821418, 0.5738096087596747, 0.609651485224507, 0.576192538204888, 0.5738095266117791, 1.3388888883198158, 1.157296634817465, 0.9986738892848255, 0.9563492063492065], [0.7963324490331989, 0.7470344663375925, 0.7410092343012136, 0.7159655919721919, 0.7586427004777858, 0.798682571958333, 0.8230136352155166, 0.864214524048891, 0.8426365071382481, 0.749448836635972, 0.6525206826330034, 0.5888602946723714, 0.5738095286586379, 0.5738095508383361, 0.5738095597866043, 0.5738095719662709, 0.5804040049235935, 0.6196613288419073, 0.5931505916737111, 0.8640427202612424, 1.3388888871261913, 0.8361092516757778, 0.9573758383622041, 0.9563492063492065], [0.7963324490332291, 0.7470344663375931, 0.7410092343012156, 0.7159655919721953, 0.758642700477786, 0.7986825719583324, 0.8230136352155182, 0.8642145240488903, 0.8426365071382486, 0.7494488366359726, 0.652520682633004, 0.5888602946723708, 0.5738095286586379, 0.5738095508383361, 0.5738095597866043, 0.5738095719662709, 0.5804040049235933, 0.6196613288419075, 0.5931505916737115, 0.8640427202612413, 1.3388888871261913, 0.8361092516757774, 0.9573758383622037, 0.9563492063492065], [1.3388888789720774, 0.7281947729740814, 0.7184526848133856, 0.6847607075755855, 0.7381484805809544, 0.7755777185181936, 0.8029819288627777, 0.8461522880176019, 0.8253911296068508, 0.7311339868561832, 0.6322672407887535, 0.5738095245168529, 0.57380952479078, 0.5738095485468281, 0.5738096634405996, 1.0118712107115413, 1.2458488132225192, 0.5963151306029637, 0.5738095294559241, 0.5738095283747875, 1.3388888884535426, 0.9354118746549034, 1.0728036352344508, 0.9563492063492065], [1.3388888680014785, 0.7186604191318264, 0.7264590876582762, 0.6976201901376453, 0.7475097011483111, 0.7926304894143157, 0.8195476841422451, 0.853105557804597, 0.8314213335585264, 0.7445759674017494, 0.6514133152391753, 0.5880101692049909, 0.5738095253076922, 0.573809547097592, 0.573809579179633, 0.5738096114114504, 0.5738095465416627, 0.6057500191994192, 0.5805470122142803, 1.1560819236381017, 1.3388888884245977, 0.5738095239633976, 0.9765973046077424, 0.9563492063492065], [0.7014549768780614, 0.7168947414047004, 0.7413037599694683, 0.7241693961957876, 0.7608090868191136, 0.8153228166052264, 0.8439297817242027, 0.8695098173656741, 0.8449052843766012, 0.7634791913010512, 0.6759774446890171, 0.6146995809088976, 0.5738095278972069, 0.5738095518400581, 0.5738095630679911, 0.5738095658215853, 0.585919848325391, 0.624802533596523, 0.7987020060470971, 1.3388888765872047, 1.3388888875681353, 1.157603440083628, 0.9511500034391687, 0.9563492063492065], [1.3388888736706361, 0.7161065358537833, 0.7239216168598563, 0.6950348739413468, 0.7417480445333278, 0.7894496333918211, 0.8174317073322588, 0.8507797731362914, 0.8292444806020561, 0.7424632118952639, 0.6492453968548224, 0.585755944402504, 0.5738095246025783, 0.5738095462716573, 0.5738095910098269, 0.5738096709283357, 0.5738095553352995, 0.603256808296547, 0.5780090220504104, 1.1593807283741069, 1.3388888884293748, 0.6078608078559824, 0.9562757461742817, 0.9563492063492065], [1.3388884416044637, 0.7062769510790207, 0.7324050855057561, 0.7067119916015395, 0.7495021740834558, 0.805064052655955, 0.8348446497465378, 0.8602976144973438, 0.8360791624395061, 0.7549853333685694, 0.667479810615169, 0.6060082433900028, 0.5738095243531256, 0.5738095466004973, 0.5738095704379846, 0.5738095808334316, 0.5768453891042539, 0.614029267265211, 0.585562718736293, 1.3388888809593618, 1.3388888883161236, 0.7504770685941631, 0.9879632597919004, 0.9563492063492065], [0.6373663994940765, 0.705658849762488, 0.7399331252977872, 0.7632462738316044, 0.7650793662922026, 0.8273533906756976, 0.858775688959641, 0.8782509622645926, 0.849986737020608, 0.7726884585209828, 0.6906151040917988, 0.6319676362129983, 0.5753664399481778, 0.5738095525060308, 0.5738095616765325, 0.5738095680889136, 0.5937514658873057, 0.6321733505395313, 1.1997138974535688, 1.3388888821317557, 1.3388888875639238, 0.7757008389998599, 0.9554256615680558, 0.9563492063492065], [1.075567479660306, 1.3388888508903394, 1.3388888716748268, 1.3388888647214787, 1.338888808560858, 1.338888883997078, 1.338888848761316, 0.9559537341499544, 1.338888883228484, 1.3388888831319212, 1.33888888622619, 1.3388888871121942, 1.338888883644755, 1.3388888702870305, 1.1610413076195867, 0.7952957488040084, 0.698330762017031, 0.6415601855675086, 0.6595596675552331, 0.7282722800171135, 1.1219966142017177, 0.9538750669179432, 0.9274687415803334, 0.9563492063492065], [0.662215577237607, 0.5738095608261561, 0.573809526751075, 0.5738095297317815, 0.9848855259030105, 1.3388888795982448, 0.9285889128349645, 1.3388888476656493, 1.3388888703323594, 1.3388888700813895, 1.3388888844193534, 1.3388888858965364, 1.3388888823137033, 1.3388888616877226, 1.140831150204384, 1.3388888241332364, 1.338888870925869, 1.190927723409482, 1.338888857798696, 1.3388888736967317, 1.3388888853939669, 1.1192428970525263, 0.9593465056443591, 0.9563492063492065], [0.5738095787155122, 0.5738095282006924, 0.573809524727074, 0.5738095263088653, 0.6057148148803262, 0.7374817307820424, 0.8471729987894858, 1.338888653052229, 0.8524890063574837, 0.779807134541213, 1.0000722986660562, 1.3388888774418892, 1.3388888791434823, 1.3388888212193466, 1.2668940560251079, 1.338888854994309, 1.3388888760256492, 1.3388884362644988, 1.3388888695206616, 1.3388888786025426, 1.3388888865500022, 1.0532577928365139, 0.9616788334876186, 0.9563492063492065], [0.5772538576494973, 0.5827830672593923, 0.5762180876581637, 0.5746417936548177, 0.6204491024935646, 0.7382885056360596, 0.8562297711891202, 0.9138047270096363, 0.8679503840240524, 0.7961984844309951, 0.7164241513389937, 0.6562113944167193, 0.5982508709157883, 0.5738096058740776, 0.7976593843409894, 1.3388882982017587, 1.338888866238747, 1.2921639663288715, 1.3388888586565755, 1.3388888606787515, 0.5938469436282474, 0.9282489708913367, 0.956514399325313, 0.9563492063492065]]
r9_inverse_relative = [[0.7267931689547281, 0.848500980630009, 1.2433341342290611, 0.8340248774014276, 1.249999996578721, 1.2946114983929307, 1.2083498073796117, 1.1045453070535545, 1.1516934967206922, 1.3498216939631429, 1.5969470709221063, 1.6666666329930253, 1.66666664396756, 1.6666665575189128, 1.6666665455307257, 1.6666665231113724, 1.6666664945553167, 1.5890281601286977, 1.6380391419777212, 1.6517795075283244, 0.7142857164231357, 1.221157477160925, 0.9970791217375966, 1.0], [0.8617987339957361, 1.282127783629061, 1.3229913131275948, 1.3706854947401956, 1.2706605811653864, 1.2297044695765627, 1.1839337273512047, 1.115638061174526, 1.1480214099623895, 1.3042735969883015, 1.5106623440388571, 1.6390375222056826, 1.666666656541522, 1.6666665787399118, 1.6666665018448434, 1.463853385650885, 1.3272149446918, 1.4420137899709955, 1.4574339619023429, 1.2432125464092787, 0.7142857149835995, 1.144019082754551, 0.9841600448248358, 1.0], [0.8957846184104419, 1.275795775404745, 1.316783770806229, 1.3670927463883966, 1.2694180913452968, 1.2257953179090506, 1.183713797872001, 1.1150566962394302, 1.1458243151050311, 1.301291904883734, 1.5077327610550766, 1.6450916497730468, 1.666666656077712, 1.6666665867990338, 1.6666665388836317, 1.6666660656172685, 1.5620098027988096, 1.5660832339296797, 1.6373716994803518, 1.330246843882555, 0.7142857150189128, 1.1240156022267411, 0.9937650631712814, 1.0], [0.9786781504496327, 1.2793077211863166, 1.3038270169854227, 1.3557282430403823, 1.2668039740108474, 1.2107034640197734, 1.173303538263078, 1.1119925780593651, 1.1409573911436597, 1.2883788238595242, 1.4858312055793332, 1.638023574723252, 1.666666654964161, 1.6666665910043397, 1.6666665547763664, 1.6666664338069077, 1.65399427992313, 1.5516969937366378, 1.6278342351263895, 1.246385113116276, 0.7142857150900961, 1.0139714682368721, 0.9847677773273604, 1.0], [1.2009421535981322, 1.2801942205395145, 1.2906036282409665, 1.3357474396428135, 1.260605560096877, 1.1974083821614914, 1.1620089454517655, 1.1066108931711305, 1.1349486976266294, 1.2760700392063347, 1.4656228251497203, 1.6240680774782528, 1.6666666524871527, 1.6666665881162464, 1.6666665621254289, 1.6666665267460423, 1.6477301986985153, 1.5433417607913977, 1.612321086371417, 1.1068309286349116, 0.7142857152650477, 1.1438089034805405, 0.9989276604110318, 1.0], [1.2009421535980866, 1.2801942205395136, 1.290603628240963, 1.3357474396428068, 1.2606055600968769, 1.1974083821614925, 1.1620089454517635, 1.1066108931711314, 1.1349486976266288, 1.2760700392063333, 1.465622825149719, 1.6240680774782545, 1.6666666524871527, 1.6666665881162464, 1.6666665621254289, 1.6666665267460423, 1.6477301986985156, 1.543341760791397, 1.612321086371416, 1.106830928634913, 0.7142857152650477, 1.1438089034805408, 0.9989276604110321, 1.0], [0.8713414954560691, 1.2914215129459607, 1.3154510768873522, 1.3617450288131199, 1.2721555748665347, 1.2168496462080773, 1.1758601902116896, 1.115207564399685, 1.1459908981840854, 1.2940396242984118, 1.4914810509129708, 1.628841644458394, 1.6666666569597897, 1.6666665901275393, 1.6666665265709832, 1.553752367323112, 1.3711622895188702, 1.5672007652830058, 1.6330080026160478, 1.1269596319890378, 0.71428571493735, 1.094017315700773, 0.9926760594479066, 1.0], [0.922024752047778, 1.2977200697171687, 1.305034200441444, 1.3512335421574782, 1.2704717063349777, 1.2032144773329865, 1.1659662177719563, 1.1127230070192209, 1.1421644737293548, 1.2823837027809415, 1.4709896001544251, 1.619652139374953, 1.666666656274453, 1.666666594550244, 1.666666544756654, 1.66666628712093, 1.6503889392282427, 1.555956598354279, 1.6248046939823815, 1.0425582308360088, 0.7142857149728477, 1.095493653221377, 0.9885203519599237, 1.0], [1.0210060601070314, 1.3033342083412245, 1.295320267378252, 1.3397715409946618, 1.2661889303601657, 1.1909230371443005, 1.1551115065954323, 1.1084751931797865, 1.1376682822081376, 1.271184171076761, 1.4513771909855064, 1.6045645718119224, 1.6666666548717413, 1.6666665941823933, 1.666666553915002, 1.6666664469265662, 1.6450336409382356, 1.5475208842020636, 1.6115414850693557, 0.9268653365764453, 0.714285715058285, 1.1078039563182718, 0.9909723811505583, 1.0], [1.3001547967485634, 1.305011785461444, 1.2845884373927645, 1.3201812598470912, 1.2588365146755014, 1.1794635256109458, 1.1438840151468228, 1.1022314313480186, 1.1318065462380333, 1.2601597976029932, 1.4330743481379908, 1.5809428555649934, 1.666666652175708, 1.6666665890809662, 1.666666559804315, 1.6666665239182406, 1.6344264748973383, 1.5317783726926257, 1.5942960470000256, 0.7585192694626454, 0.7142857152344055, 1.1030377498641184, 1.0003851241723212, 1.0], [1.3001547967486347, 1.305011785461447, 1.2845884373927645, 1.3201812598470917, 1.2588365146755007, 1.1794635256109463, 1.143884015146821, 1.1022314313480208, 1.1318065462380325, 1.2601597976029917, 1.433074348137992, 1.580942855564993, 1.666666652175708, 1.6666665890809662, 1.666666559804315, 1.6666665239182406, 1.6344264748973392, 1.531778372692628, 1.5942960470000225, 0.7585192694626451, 0.7142857152344055, 1.1030377498641186, 1.0003851241723156, 1.0], [0.9426530622772307, 1.237375437088767, 1.3877303238190246, 1.4638618231135336, 1.392604593089496, 0.990046680614601, 0.9676727115983752, 0.9392620971536397, 0.9546250267875744, 1.0200291374281525, 1.0966056137025788, 1.13455743008389, 1.144946328896649, 1.0539525181689697, 0.9903078725734625, 0.8841581946693372, 0.842619997200714, 0.87027340175287, 1.0028076495033986, 0.9248737954581077, 0.7142857146358, 1.2000933386770969, 0.973687117425064, 1.0], [0.8163324559660684, 1.2703640737932247, 1.2303750036476697, 1.3616068574851041, 1.2780243435919656, 1.2123967347790183, 1.1677044166273083, 1.11643487211443, 1.1485113657500956, 1.2886626834756565, 1.476342581949659, 1.611415941506656, 1.666101583391299, 1.6666665824882831, 1.6666663314677728, 1.2281181934603698, 1.1396438551194763, 1.3643228457959038, 1.4002278741854501, 0.9499892807767691, 0.7142857147694003, 1.1963345265377916, 0.9929217872727599, 1.0], [0.8333403890367884, 1.3300825299538783, 1.3141475840150127, 1.3528219388681777, 1.2769860858759639, 1.2025485630659272, 1.160387075715755, 1.1149642917403835, 1.1462135104102644, 1.2801380033484926, 1.4606840662028773, 1.6038206069420915, 1.6660208894002084, 1.6666665913501335, 1.6666664234516742, 1.3220614464998592, 1.2307297562812387, 1.5682005214110772, 1.3689640107265957, 0.8950093150794941, 0.7142857147793262, 1.1499742536253428, 0.9723594385372664, 1.0], [0.8571515645687455, 1.336992770579726, 1.3093274386278295, 1.3433306550003639, 1.274340243373267, 1.1940936249567413, 1.1528040279522238, 1.1124444414252235, 1.1437239521388596, 1.272495057588649, 1.4464576958186663, 1.5938041765535018, 1.6659133092377718, 1.6666665939945289, 1.66666647980215, 1.4785402454432943, 1.3826786761049807, 1.5608228177702461, 1.3293877853131908, 0.8308928572487655, 0.7142857147984554, 1.1952214790781783, 0.9725229748514309, 1.0], [0.9374392544179129, 1.3323754219124244, 1.3031385933972854, 1.3452753002861382, 1.2680995741463388, 1.189523604658186, 1.1498192503029518, 1.110345606029061, 1.141005811298543, 1.2683212557978838, 1.4409460050798333, 1.5903241932152958, 1.6666666582956973, 1.6666665920838775, 1.6666665292028484, 1.666666478399342, 1.649262682397335, 1.5543411033950278, 1.3867680074116453, 0.7666215623057118, 0.714285714860709, 1.1047037606421852, 0.9921935332054777, 1.0], [1.3633793156276233, 1.3340162106299083, 1.2900908615229405, 1.3206153302985568, 1.257016014816058, 1.1729700026440741, 1.1332094530368673, 1.0998716601574745, 1.131901082918226, 1.2526198713019066, 1.414764965699668, 1.5557993466257845, 1.666666654751244, 1.6666665852118756, 1.6666665525940554, 1.6666665445916313, 1.632218483662343, 1.5306423308564645, 1.1973792467134652, 0.7142857208855359, 0.7142857150641004, 0.8261457881588158, 1.0054662281356659, 1.0], [0.8654368757170008, 1.348209840365798, 1.3063334232634938, 1.325199404500905, 1.271555201082624, 1.1846428925113155, 1.1425679621312406, 1.1080277320411627, 1.1406336338407295, 1.2638213527484412, 1.4292781361100584, 1.5731740717593004, 1.6651606393172211, 1.6666665950133939, 1.6666665197651784, 1.6666664261233486, 1.644712838714324, 1.551289840997296, 1.2140079780006257, 0.7477010984974339, 0.7142857148155456, 1.344421541313332, 0.989441176136876, 1.0], [0.9678399631947853, 1.3546638675486886, 1.2990890263280872, 1.3011923247595125, 1.2628560177909012, 1.1716968723359915, 1.1293548908131303, 1.1001696692656309, 1.134414979456537, 1.2520332697025789, 1.408368731806282, 1.5450207424976523, 1.664408647385459, 1.6666665918405503, 1.6666665439190167, 1.6666665195116337, 1.6339514364539975, 1.5348213728420355, 1.071373699376904, 0.7142857182450563, 0.7142857148992597, 1.2532604509481655, 0.9842077371522391, 1.0], [1.5004700704442118, 1.3552571567282072, 1.2924805954110008, 1.2530021293758804, 1.249999998018445, 1.1559138055482658, 1.1136193288235379, 1.0889247463882483, 1.1251342693903936, 1.2376905540685468, 1.3847788741992029, 1.51328826279781, 1.662156741017719, 1.6666665832808572, 1.6666665566376562, 1.666666538017387, 1.6106894235958353, 1.5127958265450543, 0.7971477269531416, 0.7142857179257978, 0.714285715054636, 1.2328840685311921, 1.0009666317520038, 1.0], [1.079777909957408, 1.2147438977084037, 1.5138016996872379, 1.5418760958531776, 1.491301015778054, 0.8678213185938946, 0.8568318589072126, 0.84082688070303, 0.8481946003106461, 0.8811817313812095, 0.9174658786682945, 0.9306963093561799, 0.9311995956675081, 0.830046147074372, 0.7885495797817642, 0.7509692377276137, 0.7258326237631498, 0.7142859308186787, 0.8671616907774754, 0.8778807328683048, 0.7142857145223672, 1.1756696216121885, 0.9904992085967232, 1.0], [1.1311557390960507, 1.2118192303627626, 1.5290320799767878, 1.5529701229351969, 1.512309150418455, 0.8426532317669323, 0.8343357754695006, 0.8220463429379578, 0.8278343576381023, 0.8541575317646943, 0.8833193459097792, 0.8955913351429242, 0.8960987515584725, 0.7946385684678685, 0.780725209985166, 0.7449545031956497, 0.7233797202669597, 0.7142859468391288, 0.8317448629086318, 0.8424874337327729, 0.7142857145093189, 1.2471796066580687, 0.9753468213522498, 1.0], [1.1993407039937822, 1.3000298740895444, 1.5501702418829484, 1.5681333517083424, 1.5367290926402575, 0.8153374818669424, 0.8092733447196504, 0.800486204117827, 0.8048457303567405, 0.8245380765015266, 0.8464349979965808, 0.8569696819036464, 0.8574795501993046, 0.786074341345742, 0.7719731209887445, 0.7382189596045283, 0.7207951209273341, 0.7142859667275652, 0.7930447638540999, 0.8037686823088765, 0.7142857144937337, 1.344922061703852, 0.9623945379147265, 1.0], [1.2941926531042245, 1.426259995114741, 1.57815748060134, 1.58923416615309, 1.5668376728576456, 0.7851817976817059, 0.7811692801312243, 0.7756382604584308, 0.7786214917220774, 0.7916944043667752, 0.8062257816385155, 0.8142750553250878, 0.8147850831461704, 0.776981687120862, 0.7621008217326769, 0.7305759956045236, 0.7180600903447151, 0.714285991046809, 0.7505826527090085, 0.7612327007675008, 0.71428571447668, 1.4865737707359103, 0.9660221959631111, 1.0], [0.7142857200104468, 1.3567283122836735, 1.3144769150144686, 1.3391852699915159, 1.270885607373507, 1.2063525439263594, 1.164638643824079, 1.116211714376639, 1.1458834446678055, 1.2846869335270321, 1.4791631588387755, 1.6471132009966316, 1.6666666523168694, 1.6666658858357017, 1.195317946743609, 0.781202705629862, 0.7215091998512219, 0.7142882525728689, 0.7142857826579321, 0.7142857301779786, 0.7142857154652081, 1.6666666639871786, 0.9978676258380552, 1.0], [1.666666666011825, 1.6666666661097898, 1.6666666661856286, 1.6666666663459906, 1.6666666663961334, 0.7142857146543957, 0.7142857145003662, 0.7142857144276593, 0.7142857143667689, 0.7142857143605111, 0.7142857143586374, 0.7142857143689061, 0.7142857144265651, 0.7142857143722505, 0.7142857143686555, 0.714285714360152, 0.714285714346143, 0.7142857143257615, 0.7142857143231105, 0.7142857143230796, 0.7142857143158294, 1.4436334141725236, 0.9668093441770785, 1.0], [1.1422308015986355, 1.1530313480271956, 1.2036027716986968, 1.2032049463098273, 1.1429403482833962, 0.8996420635293138, 0.8745942480131882, 0.8881925123182783, 0.9355291775058254, 0.9140059517095606, 0.9349281615311821, 0.9793863337543013, 0.9697923845421571, 0.9658028245700045, 0.9297503761937295, 0.884844398501234, 0.8752151080143582, 0.847738223281135, 0.8717932216746539, 0.8779962673347835, 0.8328236913499062, 1.1140695034061352, 1.0072048294062863, 1.0], [1.297730743707884, 1.3136428438835557, 1.3946871497220161, 1.394046227305334, 1.08133982974203, 0.9488892015691952, 0.9156965581327057, 0.8541463007430984, 0.9973107525160665, 0.9681463057914642, 0.9964912778794206, 1.0579133057850898, 1.044519240836983, 1.0389722229329532, 0.9883300095205769, 0.8089498103838957, 0.802689885107107, 0.8178603903724736, 0.8009635811404467, 0.8042599774785366, 0.758666524535358, 1.0447878850465577, 0.9938654661409491, 1.0], [1.4721709914071954, 1.6623655538913464, 1.6666666524033606, 1.666666644289508, 1.2407357970496726, 1.0337736135533413, 0.9851430209927562, 0.8515939575997444, 1.1069653713432506, 1.0625556564950347, 1.1057037937549052, 1.2025427032936886, 1.181024046303759, 1.172178959545424, 1.029567696655655, 0.7357596923914941, 0.7142857242534636, 0.7347842924760526, 0.7142857284934363, 0.714285721824879, 0.7142857236853976, 0.9556437105032274, 0.9725664415083559, 1.0], [1.6666665602895558, 1.666666639797375, 1.6666666549884785, 1.6666666447375014, 1.566075212950551, 1.2900173848998517, 1.1239521703669852, 1.0591671661875708, 1.1144031612848606, 1.2180551198236578, 1.3585289083132237, 1.4774056682942864, 1.6170573814021727, 1.6666664926740875, 1.353926186369401, 0.8086955557995116, 0.7142857281130024, 0.7771397397374354, 0.7142857345085812, 0.7142857238845732, 0.7142857218038918, 1.6305375211291255, 0.9889238331673504, 1.0], [1.663059460797724, 1.6580868267498252, 1.6666666495652818, 1.6666666457831132, 1.5658486635729452, 1.1805429283793984, 1.129555837832224, 0.8500018017628356, 1.1144192717822161, 1.2148490548206372, 1.3499694019733084, 1.463838891493184, 1.4614712246397799, 1.41598114520248, 1.0973991272076358, 0.7142861133302206, 0.7142857231835611, 0.7254247575556858, 0.7142857261996377, 0.7142857206849289, 0.7142857192258967, 0.9206553125587976, 0.9811802694215037, 1.0], [1.6594679715517775, 1.6495948841934056, 1.6666666386457223, 1.6666666420405327, 1.5481101519757228, 1.298486737417937, 1.121491476283285, 1.0493881260954254, 1.104636346375976, 1.2024651306410734, 1.3300401998301477, 1.4369247788477784, 1.5697924271763106, 1.666666462264865, 1.1926608885432566, 0.7142864916147613, 0.7142857257172275, 0.7369165389090405, 0.7142857289961666, 0.7142857215880429, 0.7142857215208261, 1.229322680910633, 0.997273783433638, 1.0], [1.1534895386557091, 1.1405428926638106, 1.0863617431983383, 1.0867509283942567, 1.1526224098912607, 0.8706055493915393, 0.9005562512176004, 0.8838363499627687, 0.8334770191518568, 0.8550020118819003, 0.8340502341008039, 0.7953977733392066, 0.8031410009464528, 0.8064516191954973, 0.8390524449901254, 0.8878479523775857, 0.8997675819942034, 0.9372437395745566, 0.9041456982694276, 0.8962651758429501, 0.9600536773899512, 1.0255601565390118, 1.0063262832174718, 1.0], [1.3241952572789601, 1.246345431691823, 1.2490169905851876, 1.2496601545345916, 1.077595314067467, 0.9209949723657752, 0.9633623562759617, 0.8412021053767561, 0.8697607917616723, 0.8992928155370755, 0.8705412164647092, 0.8186382757724473, 0.8289198695873108, 0.8333333390416252, 0.8760933803966525, 0.7949765694611268, 0.8113253351053099, 0.8570319876985393, 0.8180521253760136, 0.8062057092270108, 0.8706705786482195, 0.9434650756368225, 1.0053582917005748, 1.0], [1.5822427753874084, 1.6580236036183695, 1.6643379779100143, 1.6658612539244089, 1.2975954145955517, 1.0193233001966024, 1.0900671296833633, 0.798825541823188, 0.9378031301434465, 0.9842715164502203, 0.93901335021904, 0.8605449758142969, 0.8757700072510423, 0.8823529446544266, 0.8950712583718381, 0.7142858368759993, 0.7142857238138753, 0.7506704704006216, 0.7142857286470531, 0.7142857238536047, 0.876948876691642, 0.9252754762296922, 0.9970488263650448, 1.0], [1.6616794107462254, 1.6537356542005683, 1.6631760764736752, 1.6654588481239143, 1.5599043370929493, 1.2960678874261025, 1.122869145459025, 0.8490717953988826, 1.1117499537411677, 1.213636797764975, 1.1143037392318949, 0.958697885846983, 0.9873827702238349, 0.9999999924693881, 0.9264465502812287, 0.7142858808957366, 0.7142857237754666, 0.7269708542538331, 0.7142857275289356, 0.714285724572642, 0.9896326145330286, 0.9652747332035411, 0.997135418882455, 1.0], [1.6567220706973413, 1.6410037631273324, 1.659700080841049, 1.6642527868157098, 1.541382206059563, 1.2953597395171152, 1.1169305699579237, 1.0465575172463124, 1.1018477829519624, 1.201144218495547, 1.3348924719550477, 1.4573797627269978, 1.5985755354058204, 1.6666664282523695, 1.198944342815353, 0.7142860294059986, 0.7142857263730614, 0.7401144369204969, 0.7142857304182862, 0.7142857293315151, 1.6104304593064043, 1.0302723044560846, 0.999827296927027, 1.0]]
tau_R_in = [[316.0863252406381, 309.3925329140713, 298.1293394212979, 315.0773760455825, 293.1528838629285, 293.3926877232304, 293.322631016964, 293.32248133166854, 293.31736265396637, 293.3420809436204, 293.38006745140285, 297.9088905286479, 304.35103635861867, 307.5303358366949, 305.96203873776557, 300.9620400659497, 294.29537532014496, 293.1500000001539, 294.04311811651326, 293.1500000000225, 331.884996945936, 311.9730811141545, 321.9735514977624, 321.9773456915223], [317.5566181921325, 301.5204571793772, 294.55331221207285, 293.446950142947, 293.17050868938827, 293.19856894197966, 293.1819160285274, 293.1820766456271, 293.18106080149164, 293.18442020205873, 293.1899193056216, 294.4861743485635, 297.8826375676594, 301.9871095587968, 303.8150327774872, 309.9495354715476, 310.8890128800972, 302.5812048932692, 302.1683076119649, 302.33161909871797, 327.34186837549356, 319.83363116153845, 321.1037671602891, 320.99718469159626], [316.16237575227296, 297.25544714930885, 293.4140489583865, 293.51483673347127, 293.15950281817857, 293.23425979587387, 293.2089875723492, 293.2107724812212, 293.2090258884548, 293.21553833859593, 293.22616317828556, 294.42438139140177, 298.66902904699344, 303.2891049826843, 304.38321265874896, 301.25465536369745, 300.12896448988243, 293.5306487484086, 293.29048334168317, 302.82142374910325, 329.42665088755194, 318.37453437076203, 320.9239761780664, 321.08784460657444], [313.48047063499394, 294.66351140133196, 293.2673646316788, 293.5839816656451, 293.1562063756156, 293.2519634384106, 293.2219182560264, 293.2245631697903, 293.222589446669, 293.23021594341446, 293.2427242785325, 293.7249352630197, 298.3106088484758, 303.25441250345466, 303.94074003299784, 300.15013500343764, 294.43000515741494, 293.5284354738086, 293.1500000008103, 308.281218136472, 331.21420906988044, 321.9123077346117, 320.7502320967724, 320.87078438421986], [303.46880440000746, 293.37676859378183, 293.5065196330179, 294.0970060154151, 293.1537543954965, 293.3804168810801, 293.3136104077831, 293.32053723255024, 293.31641729872047, 293.333453895495, 293.3614129978391, 293.3879191085408, 298.3100514065104, 303.5462416628948, 303.44878760730506, 298.84538958447894, 293.150000000151, 293.4709647455344, 293.35440735464385, 318.02236369345417, 332.62408622273307, 314.4488897122504, 320.8521264909524, 320.85391758750023], [303.4688044000093, 293.3767685937817, 293.50651963301806, 294.09700601541545, 293.1537543954966, 293.3804168810801, 293.3136104077833, 293.3205372325502, 293.3164172987205, 293.33345389549504, 293.3614129978392, 293.3879191085409, 298.3100514065104, 303.5462416628948, 303.44878760730506, 298.84538958447894, 293.150000000151, 293.4709647455344, 293.35440735464385, 318.0223636934541, 332.62408622273307, 314.4488897122502, 320.8521264909524, 320.85391758750023], [317.8745137561174, 299.64862824152056, 293.9314163408863, 293.4852791729516, 293.1696556659857, 293.2245399640139, 293.2005025353644, 293.201762334696, 293.20033598472446, 293.2055967954759, 293.21418615966275, 294.2215614989136, 297.72290061343216, 301.93895849999376, 303.5599389669928, 306.0896074653488, 309.3218136641175, 293.6998123058601, 293.2838246661942, 307.4877061767029, 330.1223268691545, 321.2250291473712, 320.6428620888778, 320.9306515884147], [316.81489950156845, 297.0951208102446, 293.37360636528973, 293.52918108098856, 293.16555747906096, 293.234546227195, 293.20832539675206, 293.21040969039854, 293.20893610153485, 293.2148116797863, 293.2244141581891, 293.6465169777124, 297.23107912595964, 301.7812925606353, 303.26976055325275, 300.4577528796864, 295.2495714455884, 293.4570031260271, 293.1500021611507, 313.2250953055967, 331.77054488291344, 320.06886594984724, 320.54756674959674, 320.7452753248608], [313.5170624937918, 294.29136460183, 293.28893241250597, 293.59992081123755, 293.1617530729327, 293.2515680868015, 293.2210125645617, 293.22401607710066, 293.22245852451954, 293.2294048070347, 293.24071643769696, 293.25160525536114, 296.7455945780247, 301.6593079740054, 302.84513225118224, 299.38772741696994, 294.0884183314734, 293.1500000003182, 293.28947074514605, 321.3013558006544, 332.870678869698, 317.924955547863, 320.4128421171621, 320.52882585182647], [300.7508572544199, 293.36768078718285, 293.53217917657133, 294.11095463338717, 293.1583372669752, 293.37812701522006, 293.31132369607064, 293.31907602893324, 293.316068712136, 293.3316994428049, 293.3570067334886, 293.3815082878143, 296.39623775861725, 301.9490247330562, 302.3892673981, 298.11362012853976, 293.15000000027226, 293.4676101289158, 293.6414973199799, 333.2124643298988, 333.09769372050124, 316.08125082215287, 320.510942518028, 320.5103051199834], [300.75085725441716, 293.36768078718274, 293.53217917657133, 294.11095463338705, 293.1583372669753, 293.37812701522, 293.31132369607064, 293.3190760289332, 293.316068712136, 293.33169944280496, 293.35700673348856, 293.38150828781437, 296.39623775861725, 301.9490247330562, 302.3892673981, 298.11362012853976, 293.15000000027226, 293.4676101289157, 293.641497319964, 333.2124643298988, 333.09769372050124, 316.08125082215287, 320.5109425180283, 320.5103051199834], [320.5663662637379, 313.6166683782081, 306.35561846494204, 301.57402937817676, 299.28937293290204, 300.62840976351356, 300.10323124801477, 298.4783325556482, 298.20075178339926, 299.30047980121486, 301.4413846233762, 304.9347449827459, 309.6250010083705, 317.25053536965356, 323.2899118480288, 325.7097528408975, 326.8823566458401, 325.25470852898565, 317.29715276817257, 316.29437485197786, 327.3273035961231, 323.7575940990879, 321.4398739493485, 320.45085130568526], [320.0947139112769, 306.1173568671277, 299.32339413593127, 293.53345677595587, 293.1894671401809, 293.2134606840577, 293.1889432888285, 293.1877732379442, 293.1863982895306, 293.1898650961532, 293.19563938587436, 294.0498256986275, 296.72261576267164, 300.3418753799093, 302.45239840270335, 316.3287958652078, 319.0813312448529, 309.9000124753538, 297.570867962827, 314.93779817551155, 331.135345923676, 320.9591982914775, 319.9688983844767, 320.77713256755527], [320.15019142402764, 302.36548116268114, 294.6211432971806, 293.3466642212893, 293.2123139911622, 293.207973843747, 293.1928065660305, 293.1906014709816, 293.1899031999716, 293.19348802162654, 293.19960359049094, 293.646865915678, 296.3777659138091, 300.32485617560576, 302.4215587399655, 314.00294265577907, 314.9502420780725, 296.4422640206514, 298.50223206797904, 319.8469236678753, 332.4472535659953, 321.62484979482485, 320.3604678870822, 320.67409529195237], [319.85585046791095, 299.4613869683956, 293.6359765574485, 293.36953458899893, 293.2477751451709, 293.2011421025477, 293.1985878616919, 293.1943291116939, 293.1944518716395, 293.1981969093586, 293.2048009774437, 293.3256573701419, 296.11575261251954, 300.3920870923663, 302.34014136465754, 308.2428430734589, 307.7703347141466, 293.28381821789884, 300.89937775759694, 325.5172554686118, 333.3232420171007, 318.19205443995946, 320.3182774747908, 320.55420590260786], [317.1584777421803, 293.8836499200523, 293.2995982014973, 293.3630765916971, 293.2717168170054, 293.26184108820746, 293.25193694043855, 293.2486671030675, 293.24866046964, 293.2573310012134, 293.27211590489975, 293.28642764054194, 296.49235842530976, 301.5400900052457, 302.7547970660311, 299.3234289219191, 293.9465983293106, 293.15000000014595, 301.8796617997815, 331.78054993036034, 333.5646802131024, 316.65890478701374, 321.71322612045645, 320.6493200399072], [299.0536101148523, 293.35570643264975, 293.55218740421236, 293.77627997940624, 293.2597461640633, 293.3553996137196, 293.31570017719264, 293.3170349953811, 293.31636009342094, 293.3309060632328, 293.3546303168436, 293.3777987170223, 295.2632057477963, 300.97854905465033, 301.7704192115615, 297.8114853038295, 293.1500000001309, 293.46719010309187, 312.5416732999004, 335.5251097043902, 333.5174823349105, 327.66431029875235, 320.35674734709596, 320.3477396492561], [320.16057680631377, 296.81032169844946, 293.30563164216835, 293.6951371100191, 293.3351357517871, 293.2174990850866, 293.23052964732705, 293.22182688733244, 293.22317414607346, 293.22906279905436, 293.23956191611387, 293.24963344392495, 295.72296316231086, 300.1576582678447, 301.9144412522828, 299.32048806165204, 294.41892911300323, 293.1500000000982, 306.3031189275564, 332.3201100072349, 333.7227533758289, 311.24407815368227, 319.50914470380314, 320.4386521363054], [317.13331533627144, 293.33747295756837, 293.45819164771035, 294.2192764582369, 293.3548782343912, 293.2451167960947, 293.25482786399346, 293.24660742646785, 293.2482808199707, 293.2561544675856, 293.26959577913635, 293.2825699024285, 294.7334152107641, 299.60515367597696, 301.2020877389483, 298.1316107576138, 293.49040556668876, 293.2192974709298, 314.7115325766559, 335.40692240250524, 333.6689787089019, 312.4304269376432, 320.0574905934418, 320.15483278685286], [294.1970154007985, 293.3392320757355, 293.5647527641498, 295.8559006833027, 293.1754570907791, 293.37757910537323, 293.30834602690936, 293.31605688541526, 293.314993812157, 293.3291821448251, 293.3506274299166, 293.37164712767367, 293.3931952122056, 298.9987664479624, 300.20437243837176, 296.62361552199263, 293.15000000000987, 293.461949946119, 330.93836561275566, 335.6325636728172, 333.6097349611391, 310.7582072896107, 319.8548778998238, 319.8533063039113], [321.63089086445615, 317.310494932461, 310.47925275034265, 306.33912893523126, 303.98681136100345, 304.66390441133854, 303.73058975987624, 301.0851149991875, 300.9461461545083, 302.6516598586167, 305.68816087775446, 310.0956922803154, 315.6933621005751, 324.7445033426919, 329.5865196301486, 329.8383214074089, 329.56373765718627, 328.76600115057727, 321.1130144969375, 319.67899804516054, 326.6100909850777, 325.9684998758495, 320.01863206311754, 320.3337758507982], [322.2150843055586, 318.68440806860116, 310.1196260694301, 306.865718155236, 304.63779167230314, 305.5104865180699, 304.23459562176714, 301.222140008039, 301.5123302702417, 303.5036028669071, 306.83383322273056, 311.3539887380408, 317.0979392508799, 326.7715808181622, 329.3441880927252, 329.24941918222635, 328.8718790431933, 327.92613491283055, 321.4727957773988, 320.8061011913824, 326.8001643161281, 324.38472610359173, 319.745518101082, 320.2955849588282], [322.6603667334064, 318.22332690371036, 310.0069250876499, 307.9026010683613, 305.4189878571819, 306.4936355966146, 304.7629292129283, 301.3626020502929, 302.22893967180846, 304.47217521660946, 308.1071132229756, 312.7483237318567, 318.63161283089187, 326.98612492936894, 328.9410142817399, 328.50918061698496, 328.03508746337377, 326.92530033748784, 322.18347196303034, 322.0996669046764, 326.76217668028045, 321.6766662610356, 319.7495052088717, 320.248274567328], [322.89125263013335, 317.0793593458776, 310.5565995533287, 309.57020842831054, 306.25012199861015, 307.65232542056924, 305.3156569024094, 301.51759650864165, 303.1349739096747, 305.56480887921566, 309.52557750434835, 314.29607194031627, 320.3088630404114, 326.8720508256913, 328.36679666102714, 327.5785620840994, 327.00900442177635, 325.71373867221007, 323.33235871686406, 323.53790975617846, 326.3973258811178, 316.7342896742166, 319.7519608713821, 320.1915018053896], [326.65935904790655, 294.24740378201153, 293.3119311415769, 293.4833395409535, 293.3505199336884, 293.34015014225, 293.32512884027983, 293.3191503695786, 293.3186545988612, 293.33475086755067, 293.36330070172033, 293.39116128134816, 299.5190444028742, 304.7923011133182, 323.40926856034747, 338.1499999995251, 338.1499999998654, 336.40660983978375, 337.8130880422279, 336.9510362816104, 334.1544446179057, 293.603203863591, 320.8440784932108, 321.0323351241185], [321.3540244831879, 318.4450705404165, 316.0673044196991, 314.9575042761112, 309.5749797639295, 310.15110311445073, 307.02232993445136, 302.48485834526053, 305.20828329016024, 307.8020313149732, 312.2507185258308, 317.32162257818845, 323.50928175062216, 327.60537496110584, 328.21900522199434, 325.0303651738015, 324.0868175818719, 322.6098363690693, 322.4123610507592, 323.65251775566185, 324.43724194474913, 319.8803825743231, 319.6687408358858, 320.07128830981463], [321.9468292217938, 318.15508107706705, 313.9684038692956, 312.7791312722382, 308.1436220636897, 310.16596992548557, 306.792136350774, 302.22805886411544, 304.1392624744311, 306.6364480002773, 311.27903223358277, 314.96163538159357, 320.7649441050888, 324.7519820380152, 325.7960311942476, 323.80817454936346, 324.43123055293836, 324.3081553539171, 323.3444155650962, 324.4327065993117, 325.85583611909726, 319.0851736698196, 319.7287219702667, 320.2610977599344], [316.0651575055931, 311.47327820195335, 305.34335927921836, 305.2112693179794, 311.444634271783, 308.0331326766397, 304.4129516039107, 303.5892456498663, 301.13835093405635, 304.1999518732166, 308.73293131837363, 311.47459682789264, 317.4082226082979, 321.7923493787403, 322.72081292112676, 327.2422332154276, 327.81209297182806, 325.4868291911243, 326.76579257332463, 327.8385767803849, 329.2380121211621, 321.0080412806318, 319.87045874434307, 320.10957883553374], [308.12925701706837, 294.70014137976085, 294.26564991036184, 294.4132984351879, 306.7204039081491, 304.22226749786665, 300.6430906731272, 303.7483001632549, 294.7407082475513, 300.42988811035815, 304.1718764628302, 304.9527536282319, 311.74645969526887, 316.4356067645386, 320.7507545879465, 331.13366024495934, 331.9914673127692, 329.31206567149934, 331.00320855247094, 331.9537470395469, 331.0768790429031, 324.0594961015105, 319.760530390862, 319.93325842070794], [294.1234881337879, 293.8572289101549, 294.1444951680525, 294.27288897399586, 293.1518433561208, 293.422158690807, 293.31044543139285, 294.02175920661233, 293.15034073504347, 293.36817003077084, 293.3346021988189, 293.37048765425345, 294.4780578374745, 297.7396154031071, 310.1158723212179, 330.30680229962354, 332.12785612475216, 327.00145762113874, 331.5137111509928, 332.29775695268404, 331.1962321666126, 293.15000000007046, 320.17980208504247, 320.12999886642564], [297.48339652147916, 293.9092908074682, 294.0611833594395, 294.1753876321283, 293.1598800433192, 298.5544483690309, 293.1515909755192, 304.4497155601841, 293.15041251180617, 293.27780177068007, 293.25772185145775, 293.27806041650496, 299.8336691433464, 306.766982270177, 318.10165044713307, 332.8786749343718, 331.9491676944988, 329.4407007694326, 331.0601373691741, 331.9947638462392, 331.0790736727289, 324.1279877531821, 319.6315269080526, 319.76536547575887], [293.29944800443064, 293.4737918175435, 293.441809115565, 293.624120410173, 293.33329820385217, 293.3741571325611, 293.32197400811884, 294.0216027144343, 293.15040560317067, 293.3651008393041, 293.33144559618313, 293.36435259359223, 294.2037752578732, 295.92356935199916, 315.33776635956997, 333.6740559121393, 331.62439330055116, 328.4770511048775, 331.02650081104014, 331.9639052660448, 331.0125832799706, 309.3871178753536, 319.45949582881144, 319.4638814515266], [321.66546769847037, 317.499673653831, 317.81538849899607, 317.27847155468095, 308.9088095947823, 311.04191375541126, 306.16251338301674, 301.4456065300594, 307.7080192260399, 310.0658927700152, 314.9685477772199, 321.2934192980069, 328.41694984922276, 331.90220715901586, 331.27533347802347, 325.6569195815255, 323.8367480551168, 320.08239775123695, 321.63560220001784, 323.50136454866384, 323.03255426869543, 318.9958400902838, 320.28926145491283, 320.2876359535503], [315.33195090122723, 313.20356452293936, 311.0386055427806, 310.78699048074424, 311.94733848704715, 308.9561908589058, 302.5080174545792, 303.2114120977456, 306.4670624970192, 307.9763100178693, 313.25623663418287, 320.2073451504635, 327.2185200462461, 330.7777720997393, 329.1440089789212, 329.36772298596384, 327.69921249214025, 323.5139699843085, 325.8725150288323, 327.7109432127136, 327.13369275313613, 321.54446295404233, 319.8736417406132, 320.0905426664892], [303.7384840562596, 294.81705038582436, 294.2176918722821, 294.3567074529591, 304.2566313771517, 305.1796570456946, 294.9990730339788, 306.14851131761026, 303.0275279140333, 303.98137539525925, 310.2606262928251, 318.4566453334334, 325.14902419024673, 328.7188874974163, 327.6529025667027, 332.9914038174705, 332.0765625235044, 328.3604107170805, 330.97932537536917, 331.86715422415693, 327.10916322157, 321.233042922968, 319.6981582149471, 319.8548100594852], [297.2647224323163, 293.75022089520036, 293.90788512687436, 293.9807047624097, 293.1580182786115, 293.3103642203614, 293.2448184390763, 304.3268527780889, 293.15040861994953, 293.2775521284291, 303.33558881313417, 314.9000337544878, 320.3453689452365, 323.8878769129369, 325.68040900973165, 332.90093154853906, 331.82298838087127, 329.19486062528665, 330.85336807686423, 331.8207676867726, 322.7843981213263, 318.0909403437524, 319.48738647422607, 319.57221748209133], [293.15981311444244, 293.52461517940407, 293.4207642575563, 293.452986997938, 293.3893599861322, 293.3564374218635, 293.32511684775733, 293.9880246362279, 293.1579346549829, 293.36276639364854, 293.33241091325124, 293.3666941695086, 294.42635799737184, 296.96096371259017, 315.53064840170964, 333.7068237676764, 331.49718910562285, 328.1370926550022, 330.82833655792604, 331.7897330241882, 293.1500000002579, 316.9025986241268, 319.2704781760552, 319.2707545143489]]
tau_R_mix = [[319.5045567708537, 311.7555769488431, 303.90782410503465, 300.3308160721764, 297.5387701139257, 298.2591000834491, 298.0807108047482, 297.02122452575736, 296.69661104632047, 297.3813198711842, 298.87863515415347, 301.6152514700965, 305.71142834722656, 312.25280751683306, 317.81396045562116, 321.16597336036386, 322.4715545078937, 320.26096449752936, 314.12111874326746, 312.3497553244566, 325.44610213721126, 323.1037242762868, 321.3893575044542, 320.69242835059987], [316.0863252406381, 309.3925329140713, 298.1293394212979, 315.0773760455825, 293.1528838629285, 293.3926877232304, 293.32263101696407, 293.32248133166854, 293.31736265396637, 293.34208094362043, 293.3800674514029, 297.9088905286479, 304.35103635861867, 307.5303358366949, 305.96203873776557, 300.9620400659497, 294.29537532014496, 293.1500000001567, 294.043118116514, 293.15000000002243, 331.884996945936, 311.9730811141545, 321.9735514977624, 321.9773456915223], [317.55661819213253, 301.5204571793772, 294.55331221207285, 293.44695014294695, 293.17050868938827, 293.1985689419796, 293.1819160285274, 293.1820766456271, 293.1810608014916, 293.18442020205873, 293.1899193056216, 294.48617434856345, 297.8826375676594, 301.9871095587968, 303.8150327774872, 309.9495354715476, 310.88901288009725, 302.58120489326916, 302.1683076119649, 302.33161909871797, 327.34186837549356, 319.83363116153845, 321.1037671602892, 320.99718469159177], [316.16237575227296, 297.25544714930885, 293.4140489583865, 293.51483673347127, 293.15950281817857, 293.23425979587387, 293.2089875723492, 293.2107724812212, 293.2090258884548, 293.21553833859593, 293.22616317828556, 294.4243813914018, 298.66902904699344, 303.2891049826843, 304.38321265874896, 301.25465536369745, 300.12896448988243, 293.5306487484086, 293.29048334168317, 302.82142374910325, 329.42665088755194, 318.37453437076203, 320.9239761780659, 321.0878446065744], [313.51706249379185, 294.2913646018301, 293.28893241250597, 293.59992081123755, 293.1617530729327, 293.2515680868015, 293.2210125645617, 293.22401607710066, 293.22245852451954, 293.2294048070347, 293.24071643769696, 293.25160525536114, 296.7455945780246, 301.6593079740054, 302.8451322511823, 299.38772741696994, 294.08841833144317, 293.1500000002715, 293.2894707450526, 321.3013558006544, 332.87067886969794, 317.92495554786285, 320.4128421171615, 320.5288258518264], [300.75085725441716, 293.36768078718274, 293.53217917657133, 294.11095463338705, 293.1583372669753, 293.37812701522, 293.31132369607064, 293.3190760289332, 293.316068712136, 293.33169944280496, 293.35700673348856, 293.38150828781437, 296.39623775861725, 301.9490247330562, 302.3892673981, 298.11362012853755, 293.150000000282, 293.46761012889215, 293.64149731994524, 333.2124643298988, 333.09769372050124, 316.0812508221528, 320.5109425180282, 320.5103051199834], [320.56636626373796, 313.6166683782081, 306.35561846494204, 301.5740293781768, 299.28937293290204, 300.6284097635135, 300.1032312480147, 298.4783325556481, 298.20075178339897, 299.3004798012148, 301.44138462337634, 304.934744982746, 309.6250010083706, 317.25053536965345, 323.28991184802874, 325.7097528408975, 326.8823566458401, 325.25470852898565, 317.2971527681726, 316.2943748519778, 327.3273035961231, 323.75759409908784, 321.4398739493485, 320.4508513058095], [320.094713911277, 306.1173568671277, 299.32339413593127, 293.53345677595587, 293.1894671401809, 293.21346068405774, 293.1889432888285, 293.1877732379442, 293.1863982895306, 293.1898650961532, 293.19563938587436, 294.0498256986275, 296.72261576267164, 300.3418753799093, 302.4523984027033, 316.3287958652077, 319.0813312448529, 309.9000124753538, 297.570867962827, 314.93779817551155, 331.135345923676, 320.95919829147755, 319.9688983845002, 320.77713256754237], [320.1501914240277, 302.36548116268114, 294.6211432971806, 293.3466642212893, 293.2123139911622, 293.207973843747, 293.1928065660305, 293.1906014709816, 293.1899031999716, 293.1934880216266, 293.19960359049094, 293.646865915678, 296.3777659138091, 300.32485617560576, 302.4215587399655, 314.0029426557791, 314.9502420780725, 296.4422640206514, 298.502232067979, 319.8469236678753, 332.44725356599537, 321.6248497948269, 320.3604678870908, 320.6740952919445], [321.63089086445615, 317.310494932461, 310.47925275034265, 306.33912893523126, 303.98681136100345, 304.6639044113385, 303.73058975987624, 301.08511499918745, 300.9461461545082, 302.65165985861665, 305.6881608777545, 310.09569228031535, 315.69336210057514, 324.744503342692, 329.5865196301486, 329.8383214074089, 329.5637376571863, 328.7660011505772, 321.11301449693747, 319.6789980451606, 326.6100909850777, 325.9684998758495, 320.0186320631351, 320.3337758508132], [322.21508430555866, 318.68440806860116, 310.1196260694301, 306.865718155236, 304.6377916723032, 305.51048651807, 304.2345956217672, 301.22214000803893, 301.5123302702416, 303.5036028669071, 306.83383322273056, 311.35398873804087, 317.0979392508799, 326.77158081816225, 329.3441880927251, 329.24941918222635, 328.8718790431933, 327.9261349128305, 321.4727957773988, 320.8061011913825, 326.80016431612813, 324.3847261035967, 319.745518101095, 320.29558495881975], [322.6603667334064, 318.22332690371036, 310.00692508764985, 307.9026010683613, 305.4189878571819, 306.4936355966147, 304.7629292129283, 301.3626020502928, 302.22893967180846, 304.4721752166094, 308.1071132229756, 312.7483237318568, 318.6316128308919, 326.986124929369, 328.94101428173985, 328.50918061698496, 328.0350874633738, 326.9253003374879, 322.18347196303034, 322.0996669046764, 326.76217668028175, 321.6766662610383, 319.7495052088947, 320.2482745673187], [322.89125263013335, 317.0793593458776, 310.5565995533287, 309.57020842831054, 306.25012199861015, 307.65232542056924, 305.31565690240933, 301.5175965086416, 303.1349739096746, 305.56480887921566, 309.5255775043483, 314.2960719403162, 320.3088630404114, 326.8720508256913, 328.3667966610272, 327.5785620840994, 327.00900442177635, 325.71373867221007, 323.33235871686406, 323.53790975617864, 326.39732588111866, 316.73428967422296, 319.7519608713857, 320.19150180538503], [326.65935904790655, 294.24740378201153, 293.3119311415769, 293.4833395409535, 293.3505199336884, 293.34015014225, 293.32512884027983, 293.3191503695786, 293.3186545988612, 293.33475086755067, 293.36330070172033, 293.39116128134816, 299.5190444028742, 304.7923011133182, 323.40926856034747, 338.14999999948583, 338.14999999985537, 336.40660983978375, 337.8130880422279, 336.9510362816104, 334.1544446179059, 293.60320386359126, 320.8440784932111, 321.0323351241185], [321.3540244831879, 318.4450705404165, 316.0673044196991, 314.95750427611125, 309.5749797639295, 310.15110311445073, 307.02232993445136, 302.48485834526053, 305.2082832901602, 307.8020313149732, 312.2507185258308, 317.3216225781885, 323.50928175062216, 327.60537496110584, 328.21900522199434, 325.0303651738015, 324.0868175818719, 322.6098363690693, 322.4123610507592, 323.65251775566196, 324.4372419447503, 319.8803825743254, 319.66874083588806, 320.0712883097449], [321.66546769847037, 317.49967365383094, 317.815388498996, 317.27847155468095, 308.9088095947823, 311.04191375541126, 306.16251338301674, 301.44560653005937, 307.70801922603994, 310.0658927700152, 314.9685477772199, 321.29341929800694, 328.41694984922276, 331.90220715901586, 331.27533347802347, 325.6569195815255, 323.8367480551168, 320.08239775123695, 321.6356022000179, 323.50136454866407, 323.0325542686966, 318.9958400902854, 320.28926145491215, 320.28763595355036], [321.9468292217938, 318.15508107706705, 313.9684038692956, 312.7791312722382, 308.14362206368963, 310.16596992548557, 306.792136350774, 302.2280588641154, 304.1392624744311, 306.6364480002773, 311.27903223358277, 314.9616353815936, 320.7649441050888, 324.7519820380153, 325.7960311942475, 323.80817454936346, 324.43123055293836, 324.3081553539171, 323.3444155650962, 324.43270659931176, 325.85583611909914, 319.08517366982113, 319.72872197025583, 320.26109775993467], [316.0651575055931, 311.47327820195335, 305.34335927921836, 305.2112693179794, 311.444634271783, 308.0331326766397, 304.4129516039107, 303.5892456498663, 301.1383509340563, 304.1999518732166, 308.73293131837363, 311.47459682789264, 317.4082226082979, 321.7923493787403, 322.72081292112676, 327.2422332154276, 327.81209297182806, 325.4868291911243, 326.7657925733247, 327.8385767803854, 329.2380121211641, 321.008041280632, 319.87045874434136, 320.10957883553414], [308.12925701706837, 294.70014137976085, 294.26564991036184, 294.4132984351879, 306.7204039081491, 304.22226749786665, 300.6430906731272, 303.7483001632549, 294.7407082475513, 300.42988811035815, 304.1718764628302, 304.9527536282319, 311.74645969526887, 316.4356067645386, 320.7507545879465, 331.13366024495934, 331.9914673127692, 329.31206567149934, 331.00320855247105, 331.9537470395476, 331.0768790429027, 324.05949610150975, 319.7605303908605, 319.9332584207083], [294.1234881337879, 293.8572289101549, 294.1444951680525, 294.27288897399586, 293.1518433561208, 293.422158690807, 293.31044543139285, 294.02175920661233, 293.15034073504347, 293.36817003077084, 293.3346021988189, 293.37048765425345, 294.4780578374745, 297.7396154031071, 310.1158723212179, 330.30680229962354, 332.12785612475216, 327.00145762113874, 331.5137111509928, 332.2977569526841, 331.19623216661273, 293.15000000007035, 320.179802085042, 320.12999886642564], [297.48339652147916, 293.9092908074682, 294.0611833594395, 294.1753876321283, 293.1598800433192, 298.5544483690309, 293.1515909755192, 304.4497155601841, 293.15041251180617, 293.27780177068007, 293.25772185145775, 293.27806041650496, 299.8336691433464, 306.766982270177, 318.10165044713307, 332.8786749343718, 331.9491676944988, 329.4407007694326, 331.0601373691741, 331.9947638462393, 331.0790736727288, 324.12798775318197, 319.6315269080497, 319.76536547575887], [293.29944800443064, 293.4737918175435, 293.441809115565, 293.624120410173, 293.33329820385217, 293.3741571325611, 293.32197400811884, 294.0216027144343, 293.15040560317067, 293.3651008393041, 293.33144559618313, 293.36435259359223, 294.2037752578732, 295.92356935199916, 315.33776635956997, 333.6740559121393, 331.62439330055116, 328.4770511048775, 331.02650081104014, 331.96390526604483, 331.01258327997067, 309.38711787535345, 319.4594958288112, 319.4638814515266], [300.7508572544199, 293.36768078718285, 293.53217917657133, 294.11095463338717, 293.1583372669752, 293.37812701522006, 293.31132369607064, 293.31907602893324, 293.316068712136, 293.33169944280496, 293.3570067334886, 293.3815082878143, 296.39623775861725, 301.9490247330562, 302.3892673981, 298.11362012853823, 293.150000000282, 293.4676101288918, 293.6414973199529, 333.2124643298988, 333.09769372050124, 316.0812508221528, 320.5109425180279, 320.5103051199834], [316.81489950156845, 297.0951208102447, 293.37360636528973, 293.52918108098856, 293.16555747906096, 293.234546227195, 293.20832539675206, 293.21040969039854, 293.20893610153485, 293.2148116797863, 293.22441415818906, 293.64651697771234, 297.23107912595964, 301.7812925606352, 303.26976055325275, 300.4577528796864, 295.2495714455884, 293.45700312575104, 293.15000216090715, 313.22509530559665, 331.77054488291344, 320.0688659498472, 320.547566749596, 320.7452753248605], [317.8745137561174, 299.64862824152056, 293.9314163408863, 293.4852791729516, 293.1696556659857, 293.2245399640139, 293.2005025353644, 293.201762334696, 293.2003359847244, 293.2055967954759, 293.21418615966275, 294.2215614989136, 297.72290061343216, 301.93895849999376, 303.5599389669928, 306.0896074653488, 309.3218136641175, 293.6998123058601, 293.2838246661943, 307.4877061767029, 330.12232686915456, 321.2250291473712, 320.6428620888771, 320.9306515884137], [313.48047063499394, 294.66351140133196, 293.2673646316788, 293.5839816656451, 293.1562063756157, 293.2519634384106, 293.2219182560264, 293.2245631697903, 293.22258944666896, 293.23021594341446, 293.2427242785325, 293.7249352630197, 298.3106088484758, 303.2544125034547, 303.94074003299784, 300.15013500343764, 294.430005157415, 293.5284354737569, 293.1500000004537, 308.281218136472, 331.2142090698805, 321.91230773461166, 320.75023209677215, 320.8707843842199], [303.46880440000746, 293.37676859378183, 293.5065196330179, 294.0970060154151, 293.1537543954965, 293.3804168810801, 293.3136104077831, 293.32053723255024, 293.31641729872047, 293.333453895495, 293.36141299783856, 293.3879191085392, 298.3100514065104, 303.5462416628948, 303.44878760730506, 298.84538958447894, 293.15000000015567, 293.47096474553547, 293.3544073546464, 318.02236369345417, 332.624086222733, 314.4488897122503, 320.85212649095234, 320.85391758750023], [303.4688044000093, 293.3767685937817, 293.50651963301806, 294.09700601541545, 293.1537543954966, 293.3804168810801, 293.3136104077833, 293.3205372325502, 293.3164172987205, 293.33345389549504, 293.36141299783867, 293.3879191085398, 298.3100514065104, 303.5462416628948, 303.44878760730506, 298.84538958447894, 293.15000000015567, 293.47096474553547, 293.3544073546461, 318.0223636934541, 332.624086222733, 314.4488897122502, 320.85212649095234, 320.85391758750023], [319.85585046791095, 299.4613869683956, 293.6359765574485, 293.369534588999, 293.2477751451709, 293.20114210254775, 293.1985878616919, 293.1943291116939, 293.1944518716395, 293.1981969093586, 293.20480097744365, 293.3256573701419, 296.11575261251954, 300.3920870923663, 302.34014136465754, 308.2428430734589, 307.7703347141466, 293.28381821789884, 300.89937775759694, 325.51725546861184, 333.32324201710105, 318.19205443996196, 320.31827747479394, 320.5542059026036], [317.1584777421803, 293.8836499200523, 293.2995982014973, 293.3630765916971, 293.2717168170054, 293.26184108820746, 293.25193694043855, 293.2486671030675, 293.24866046964, 293.2573310012134, 293.27211590489975, 293.28642764054194, 296.4923584253098, 301.5400900052457, 302.7547970660311, 299.3234289219191, 293.9465983293106, 293.15000000014624, 301.8796617997815, 331.7805499303604, 333.5646802131028, 316.6589047870149, 321.71322612045657, 320.649320039907], [299.0536101148523, 293.35570643264975, 293.55218740421236, 293.77627997940624, 293.2597461640633, 293.3553996137196, 293.31570017719264, 293.3170349953811, 293.31636009342094, 293.3309060632329, 293.3546303168436, 293.3777987170223, 295.2632057477963, 300.97854905465033, 301.7704192115615, 297.8114853038295, 293.15000000013407, 293.4671901030875, 312.5416732999004, 335.5251097043902, 333.5174823349106, 327.6643102987526, 320.356747347096, 320.3477396492561], [320.16057680631377, 296.81032169844946, 293.30563164216835, 293.6951371100191, 293.3351357517871, 293.2174990850866, 293.23052964732705, 293.22182688733244, 293.22317414607346, 293.22906279905436, 293.23956191611387, 293.24963344392495, 295.72296316231086, 300.1576582678447, 301.91444125228276, 299.3204880616521, 294.41892911300323, 293.150000000087, 306.3031189275564, 332.3201100072349, 333.72275337582914, 311.2440781536828, 319.50914470380417, 320.4386521363045], [317.13331533627144, 293.33747295756837, 293.45819164771035, 294.2192764582369, 293.3548782343912, 293.2451167960947, 293.25482786399346, 293.24660742646785, 293.2482808199707, 293.2561544675856, 293.26959577913635, 293.2825699024285, 294.7334152107641, 299.6051536759769, 301.2020877389483, 298.1316107576138, 293.49040556664346, 293.2192974708619, 314.7115325766559, 335.4069224025053, 333.6689787089023, 312.4304269376435, 320.05749059344197, 320.1548327868525], [294.1970154007985, 293.3392320757355, 293.5647527641498, 295.8559006833027, 293.1754570907791, 293.37757910537323, 293.30834602690936, 293.31605688541526, 293.314993812157, 293.3291821448251, 293.3506274299166, 293.37164712767367, 293.3931952122057, 298.9987664479624, 300.20437243837176, 296.6236155219887, 293.15000000001436, 293.461949946163, 330.93836561275566, 335.63256367281724, 333.6097349611392, 310.7582072896109, 319.85487789982386, 319.8533063039112], [315.33195090122723, 313.20356452293936, 311.0386055427806, 310.78699048074424, 311.94733848704715, 308.9561908589058, 302.5080174545792, 303.2114120977456, 306.4670624970192, 307.9763100178693, 313.25623663418287, 320.2073451504635, 327.2185200462461, 330.7777720997393, 329.1440089789212, 329.36772298596384, 327.6992124921403, 323.5139699843085, 325.8725150288323, 327.71094321271386, 327.1336927531373, 321.5444629540426, 319.8736417406072, 320.09054266648934], [303.7384840562596, 294.81705038582436, 294.2176918722821, 294.3567074529591, 304.2566313771517, 305.1796570456946, 294.9990730339788, 306.1485113176103, 303.0275279140333, 303.98137539525925, 310.2606262928251, 318.4566453334334, 325.1490241902468, 328.7188874974163, 327.6529025667027, 332.9914038174705, 332.0765625235044, 328.3604107170806, 330.97932537536917, 331.86715422415705, 327.10916322157107, 321.23304292296734, 319.69815821494404, 319.8548100594853], [297.2647224323163, 293.75022089520036, 293.90788512687436, 293.9807047624097, 293.1580182786115, 293.3103642203614, 293.2448184390763, 304.3268527780889, 293.15040861994953, 293.2775521284291, 303.33558881313417, 314.9000337544878, 320.3453689452365, 323.8878769129369, 325.68040900973165, 332.90093154853906, 331.82298838087127, 329.19486062528665, 330.8533680768643, 331.82076768677274, 322.7843981213263, 318.09094034375204, 319.48738647422437, 319.5722174820914], [293.15981311444244, 293.52461517940407, 293.4207642575563, 293.452986997938, 293.3893599861322, 293.3564374218635, 293.32511684775733, 293.9880246362279, 293.1579346549829, 293.36276639364854, 293.33241091325124, 293.3666941695086, 294.42635799737184, 296.96096371259017, 315.53064840170964, 333.7068237676764, 331.49718910562285, 328.1370926550022, 330.82833655792604, 331.78973302418825, 293.1500000002583, 316.9025986241266, 319.27047817605484, 319.2707545143489]]
tau_R_out = [[316.37362137069096, 310.0247447947323, 300.197979802785, 312.27142596304657, 297.4980055603103, 293.1512683229564, 293.15021563573544, 293.15026900780055, 293.1503581991608, 293.1501066437395, 293.1500030555436, 296.32945028251186, 302.0896423586263, 306.07596304373874, 305.83250872184834, 301.88413982242974, 295.8312543510496, 293.2086214746223, 293.54855443660847, 293.1500000000322, 326.50956487951163, 315.5592250213843, 319.70799841612586, 321.4084094828365], [317.96244275214593, 304.8836603083005, 296.04374454295146, 293.6610768467051, 293.19287190584066, 293.1586882988879, 293.15227919876855, 293.1506872918463, 293.15038710275223, 293.1502457465766, 293.1501358365509, 294.0850794015096, 296.8772546375462, 300.7668467136684, 303.2160043738878, 308.3452516346295, 310.5767783486043, 304.4972307129403, 302.19327986613973, 302.2275057343049, 324.2547633309957, 321.16891407138695, 320.78622267192134, 320.9127981177278], [316.73161127687484, 301.17350928524945, 294.1823942832045, 293.41987503751153, 293.16570865686344, 293.1538009573847, 293.15105068119556, 293.1504223282124, 293.1503336867472, 293.1502232392988, 293.1501061885497, 294.0063894601423, 297.36687479007713, 301.84285455295714, 303.89848434873846, 301.9597837483907, 300.2774723120611, 295.1547545992576, 293.2712739709582, 300.5732303174704, 326.030548632181, 320.2669604135655, 320.29638212058296, 320.864297421527], [314.4860933381763, 298.56340663415875, 293.4846318209561, 293.42427789441126, 293.16181477719886, 293.1527075379653, 293.15090206535456, 293.1503807105223, 293.15031976169786, 293.15022435441045, 293.15010093660686, 293.48900560079215, 296.89015541081494, 301.68161345235296, 303.53066540768907, 301.0107828790599, 295.87041810236764, 293.6528694139577, 293.1499999993094, 304.935895734408, 328.1994286499787, 323.2609557405873, 320.6990710842875, 320.61106143911474], [306.5649486931964, 295.30533643576507, 293.28441098390283, 293.75784276600547, 293.1582265607291, 293.1520053211952, 293.15080465559595, 293.1503433884675, 293.15031240379926, 293.1502191503615, 293.15009041897747, 293.15000033968096, 296.6117128360753, 301.6312567243907, 302.98172165507026, 299.7114580648649, 294.4345239845831, 293.1500000003485, 293.1500000002814, 312.86913758315706, 330.2482304350678, 317.44005029958134, 319.2110230445468, 320.30124682126507], [306.5649486931978, 295.3053364357654, 293.2844109839029, 293.75784276600575, 293.1582265607292, 293.1520053211952, 293.1508046555961, 293.1503433884674, 293.15031240379926, 293.1502191503616, 293.1500904189775, 293.15000033968107, 296.6117128360753, 301.6312567243907, 302.9817216550702, 299.7114580648649, 294.4345239845831, 293.1500000003485, 293.1500000002814, 312.869137583157, 330.2482304350678, 317.44005029958123, 319.2110230445467, 320.30124682126507], [318.1728036168794, 303.4738746517891, 295.1155473424275, 293.52480184469414, 293.17787653516035, 293.1580571643913, 293.15204063585037, 293.1506272055048, 293.1503739886577, 293.1502447971246, 293.1501338214147, 293.8736804095756, 296.65134991845247, 300.6381772684924, 302.96277840350626, 305.2760657332256, 308.418856743815, 297.685329294798, 293.32463362974715, 304.6877127118943, 327.2474401192885, 322.6885762390702, 320.5657686425308, 320.7164396184731], [317.2478647011716, 301.2553317246543, 294.1085615667905, 293.4228698761043, 293.1739134765977, 293.15607498042345, 293.15155139599824, 293.15052992638516, 293.1503477178542, 293.1502442806523, 293.15013183033614, 293.449382236246, 296.12390969746264, 300.36730681249367, 302.686053264747, 301.08259506592464, 296.5658221778395, 293.8323344717273, 293.1499999996787, 309.5528974394213, 329.35099096375893, 322.0218349482564, 320.2668065294591, 320.5184006917852], [314.5059859262858, 298.35365999963375, 293.4192509461161, 293.44297137564814, 293.16997963615967, 293.154454085974, 293.15123039215536, 293.1504708569357, 293.150329043778, 293.1502422748334, 293.15012820169363, 293.15003177317936, 295.6430548437727, 300.11176902994174, 302.3094566627096, 300.1649266000057, 295.4102038955786, 293.2875247833522, 293.1500028573081, 316.69943088679406, 331.2391590241218, 320.4653670634959, 319.7542919179001, 320.27129306737913], [304.6640907739205, 294.7482858561801, 293.3010069395798, 293.7772465343734, 293.16565910884646, 293.15320498045156, 293.15102158896127, 293.1504238041487, 293.1503163319097, 293.1502367280965, 293.15011903883203, 293.15002228940966, 295.26481092697765, 299.98706375288, 301.80223002466334, 298.9086498857643, 294.22877073006765, 293.1500000001384, 293.35696735956594, 327.4339034057291, 332.57100966829256, 318.7289351843288, 319.20801427328547, 319.96267108422785], [304.66409077391864, 294.7482858561794, 293.3010069395798, 293.7772465343733, 293.16565910884646, 293.1532049804515, 293.1510215889612, 293.15042380414866, 293.1503163319098, 293.15023672809656, 293.15011903883203, 293.1500222894097, 295.26481092697765, 299.98706375288, 301.80223002466334, 298.9086498857643, 294.2287707300863, 293.1500000001384, 293.35696735946766, 327.43390340572705, 332.57100966829256, 318.7289351843287, 319.20801427328576, 319.9626710842279], [320.48872042576596, 314.99295355301916, 307.98153205281415, 302.6948943879177, 299.7806631760375, 300.37379075962383, 300.1606154339241, 298.70836487194595, 298.22150366967196, 299.08770606286237, 301.0190708318647, 304.23558204390423, 308.6822402514937, 315.8520547426227, 322.227577070287, 325.2883789749865, 326.6560643813467, 325.43139226113385, 318.5727143651457, 316.396380814964, 325.9563132594215, 324.4068083958076, 321.74716981967657, 320.5551322351566], [320.0808063206643, 308.9909110752697, 300.64690765865845, 294.79930909314413, 293.22040563472666, 293.1688817039633, 293.1557969975169, 293.1516199005219, 293.15060027236314, 293.15031298360725, 293.1501800560277, 293.7681857665128, 295.91377121974375, 299.2510220912283, 301.7672595642653, 313.3492394371229, 318.42552768550456, 311.8732013196459, 300.372305964106, 312.07981239774136, 329.0854137624279, 322.86743262049777, 320.0043356537276, 320.5238716390459], [320.1045433039144, 306.2207428351999, 296.25672739789906, 293.5853437435708, 293.19470678457293, 293.1654153805588, 293.1544034591718, 293.1512226809811, 293.15049923694676, 293.1502924673656, 293.1501721865168, 293.4719661338178, 295.5485300583414, 299.13520908180755, 301.730748815639, 311.3038444126986, 314.61545158405204, 301.19130275591004, 297.95614708208717, 316.53083812627125, 330.8131778895325, 323.5674004945031, 320.4270633791882, 320.4930768257963], [319.82285876929285, 303.91708000363445, 294.84682223987966, 293.3762699502961, 293.22220416410505, 293.16221935215174, 293.1532947872344, 293.1509416233226, 293.1504310944613, 293.1502775211259, 293.150164310839, 293.23372639433074, 295.2639988360741, 299.1004527807503, 301.6784533742478, 306.64406129151064, 307.7419334525541, 296.97290456985394, 299.1219665513663, 321.9447089916691, 332.2461281393329, 321.06510978910865, 319.81865453633816, 320.3717529013486], [317.4142009561822, 298.8960427513755, 293.3094302753591, 293.23214446844605, 293.1765143107234, 293.15636507759893, 293.1516461335324, 293.1505697511408, 293.150348221527, 293.15025091410973, 293.15013960626317, 293.15004187127505, 295.42683400190646, 299.8936518288729, 302.1403090757794, 300.0303023355144, 295.24896985954587, 293.215266797556, 299.6497678649709, 327.5427590045277, 333.03026332025274, 319.483226684973, 320.5352107243068, 320.50188416596336], [303.5334675138589, 294.3963310837928, 293.31115259636414, 293.525030560601, 293.17533684765476, 293.15556591668667, 293.15144248892585, 293.150538771193, 293.1503374349158, 293.1502487534771, 293.15013942437787, 293.15004062422855, 294.4669927314526, 298.9961242596643, 301.1031267306345, 298.5280230248496, 294.1469547539087, 293.15000000012685, 308.22493079443956, 332.0932799105119, 333.2255126594597, 327.9577085859612, 321.06510787220884, 319.8024885177944], [319.97930350427225, 301.92317645971974, 293.9759598199712, 293.52105690634704, 293.32617900694277, 293.1614129289707, 293.15297983328816, 293.15086128721515, 293.1504111383294, 293.1502736996058, 293.15016338684774, 293.1500661459052, 294.9135244765111, 298.7578334088305, 301.23176895277123, 299.86111062117004, 295.62907247539084, 293.3725760197543, 303.46054384764483, 328.7894108615753, 333.31957637917867, 316.06247706282886, 317.8847599230692, 320.0471530158118], [317.32720281591634, 298.55378929887655, 293.3141668492716, 293.93170759244714, 293.42172795852616, 293.1600916243641, 293.1524838032081, 293.1507550432754, 293.15038629468717, 293.1502686330491, 293.1501631940847, 293.15006486474294, 294.1760989493363, 298.03487035269603, 300.5052807161369, 298.7568168593271, 294.58907608054244, 293.1499999999789, 310.5616306553593, 332.5583160862239, 333.5619611377599, 316.57962602931633, 318.46139262266547, 319.82105850736207], [300.2936555870434, 293.3163536592224, 293.31549082183994, 295.14977360465423, 293.5400836075762, 293.1592502309108, 293.152180006903, 293.15069535705527, 293.1503721622434, 293.15026478103954, 293.15016233390054, 293.1500645678222, 293.1500019829481, 297.0946869006503, 299.4630190397183, 297.26653589014813, 293.82111865571096, 293.1500000007953, 325.23539969400724, 334.49751292828387, 333.3185880506219, 314.992658704968, 317.76170673134106, 319.31530265721625], [321.3033942183231, 318.09014221468885, 312.1090735791049, 307.3154708217296, 304.494690063632, 304.5062379779291, 303.8216190010547, 301.4190888744346, 300.9302002449555, 302.3618051167077, 305.1768895629177, 309.3546108435185, 314.7548570001592, 323.40832291167663, 328.8624725172625, 329.7218400220996, 329.5158140442803, 328.78309683383213, 322.14599373679533, 319.8129874755107, 325.70466682456714, 325.9982302251388, 320.9039049131266, 320.1938485021637], [321.74986225267213, 319.29110309199916, 312.20218876594623, 307.61314549666173, 305.1147098343127, 305.32231616005896, 304.36732770817025, 301.5964954126121, 301.43440439429395, 303.1778173528624, 306.29305285544666, 310.6179134765072, 316.165781710497, 325.400686889359, 328.91888683790097, 329.17300590782406, 328.8331609215361, 327.9578292100662, 322.2913884900631, 320.8205033940717, 326.0028048042652, 324.7842228704872, 320.3956553179895, 320.11218930475616], [322.0636052388816, 319.0644787606115, 312.01949230341495, 308.3472942652113, 305.9601969019801, 306.27475837431865, 304.9489582950354, 301.77611860419853, 302.0720669246554, 304.11816897531185, 307.5397671225515, 312.0195957994836, 317.71149009594103, 325.7977507017936, 328.5947177684035, 328.4707004194139, 328.0044480825767, 326.97324344245305, 322.7303627842928, 322.0277933402963, 326.11980394563284, 322.70753094318286, 319.94492339624327, 320.06814477902276], [322.18020859352345, 318.32331900150075, 312.14696568739885, 309.71047347128575, 307.008822745241, 307.3868832764873, 305.56942792963804, 301.96649816833946, 302.8810281313718, 305.19446126183965, 308.93417138329636, 313.57781345784053, 319.4074790937613, 325.924317794767, 328.077598651661, 327.57926653554534, 326.98594274357225, 325.7802203800837, 323.5452552665063, 323.42435913560723, 325.9661617367139, 319.0149719356292, 319.13921302034953, 320.01409124959173], [325.45066678805387, 301.29682471030753, 293.3144173474309, 293.24533452060103, 293.18342352522376, 293.15751071632064, 293.1514200050671, 293.1504265238011, 293.15032320828556, 293.1502232891691, 293.15009965724903, 293.1500048441808, 297.4623587718382, 302.8369783314025, 318.9361596168044, 335.46175075489674, 337.5431462960591, 336.05037843342086, 337.07387031716036, 336.48809392853826, 333.9487306576927, 304.4889946426286, 315.66755704236454, 320.44672008801746], [320.82652632591316, 319.0491139958034, 316.5380649199657, 315.0843130549661, 310.9123638253578, 309.9737281929821, 307.33599599558755, 302.9768256839936, 304.8313490114019, 307.43420605916106, 311.65181229576535, 316.6365228613977, 322.6765489999118, 327.01109893542014, 328.03681414806516, 325.30746159977934, 324.0995779997773, 322.6895292464762, 322.34058024841187, 323.4069973485759, 324.2439047992686, 320.83828075629316, 319.5533703844256, 319.88118192402055], [321.46587171894686, 318.7245186686714, 314.6634205153203, 312.8780779176125, 308.90878362664085, 309.75678418128655, 307.20075439165856, 302.8360514586654, 303.7679724041146, 306.1730386799177, 310.4572030507312, 314.2444852710069, 319.6881065828015, 323.9562278666905, 325.4778436062529, 323.9569993391559, 324.199526541464, 324.1877386366797, 323.34972252616654, 324.1336823241152, 325.5170338928452, 320.2017154684966, 319.4704711209958, 320.02806024844733], [316.7683105192815, 312.3094021044241, 306.62692546273297, 305.1058592636947, 310.1726020835613, 308.45853928457205, 304.87549815385444, 303.6260445730638, 301.4704169745447, 303.61660561010484, 307.8722222799359, 310.8647322117921, 316.22082626452436, 320.8586856034607, 322.3911919327679, 326.45980052683274, 327.57691084814536, 325.6508891902306, 326.439491067613, 327.53660938466436, 328.90233021569674, 322.2844292410636, 319.89253163028474, 319.90696339368634], [310.84670514646865, 298.2967347937134, 294.2893952002948, 294.2753349002569, 304.01690825029596, 304.52575484722934, 301.1359887737311, 303.2114274473648, 296.3351661685406, 299.3307417130413, 303.36785711806573, 304.6665796535943, 310.2406018882345, 315.3218518858475, 319.7996525274498, 329.64629239180005, 331.70573048708883, 329.46516998402444, 330.62248244420266, 331.6598658992293, 331.0029934518223, 324.9948954490057, 320.2705887064102, 319.7162364015178], [300.9927335333692, 293.6690911682675, 293.7993546360882, 293.9676854676889, 293.2016472566374, 293.15090675820886, 293.1515156245112, 293.7243663494539, 293.1504093940965, 293.1502398713398, 293.1501410671877, 293.1500561486209, 293.9304166712044, 296.5058593828954, 306.78997308283454, 326.88153453615706, 331.36583255543985, 327.1779441480038, 330.45277589347984, 331.6897298120399, 330.82187992069896, 303.14020557383645, 315.1007788886042, 319.5990989457472], [303.42346852524616, 294.72867581456205, 293.8630917593267, 293.98557276307906, 293.2815840278554, 297.3228740730151, 294.0586733949244, 302.6804202037907, 295.1462654998765, 293.1502760978306, 293.15016316808806, 293.1500759255331, 298.0462989644394, 304.85761373831696, 315.67140826616685, 330.7433480905425, 331.7571461989462, 329.4533979352597, 330.5697545243868, 331.58191292932213, 330.8908021026843, 324.8969348246103, 320.06053280367405, 319.4293815715864], [300.1978982412206, 293.177842155298, 293.20154266438834, 293.3200759695693, 293.1677130894215, 293.1528559971541, 293.15142130070166, 293.72832008817386, 293.1504803113094, 293.1502688404507, 293.15016057944814, 293.1500748298135, 293.7462914350903, 295.1555116590254, 310.88688560231185, 330.8153051895372, 331.35723769362664, 328.3764123964835, 330.21598495758707, 331.3413155373699, 330.62246424217585, 313.38094581875663, 317.22060258732364, 318.93158608433356], [321.2184848536894, 318.11336482182213, 317.5878649914798, 317.21130338080087, 310.3811872952763, 310.60901356398585, 306.80186482985255, 302.0654935316478, 306.7481168553564, 309.6306303227257, 314.1707146026464, 320.3204981941171, 327.3067243760651, 331.2618487358028, 331.1875160154612, 326.32277635035143, 323.94777263105334, 320.5164368058112, 321.24578440211076, 323.0631060746354, 322.9435405892052, 319.5254177766346, 319.9064569620681, 320.1231619831667], [316.18172620826766, 313.44231450179353, 311.3058061423547, 310.6598884353264, 311.5662783509238, 309.27904446172823, 303.4435554450601, 303.01924567391353, 305.8936061353286, 307.63708238694363, 312.3553163460605, 319.10051905064637, 326.0654622584891, 330.0799346353035, 329.1773042700059, 329.13761095082884, 327.73800957378086, 323.93428537991457, 325.3664716744922, 327.27695823943435, 327.0255288237414, 322.2383190837998, 319.9663694245147, 319.862256924115], [307.7832683978988, 297.13602084624137, 294.26467771455873, 294.1992614256396, 301.93590737745114, 304.8606402120002, 296.7561404732231, 304.5339409020835, 303.4020326139447, 303.6976268108178, 309.1169655104662, 317.0843814512935, 323.94399935172964, 327.94020375487855, 327.55761852430385, 332.10211276459955, 331.9609373248938, 328.6108818637776, 330.44443687163636, 331.53886701406464, 327.5768848412863, 321.91412036954586, 319.7266278986303, 319.5941285043105], [303.2093526024554, 294.5534213916039, 293.71086237699785, 293.80525188544084, 293.22963826129, 293.15254757014293, 293.15140356008817, 302.59130686048456, 295.118893430111, 293.15027232925377, 301.2832738566341, 312.78408253900204, 319.143594248798, 322.9522401841633, 325.05139261313354, 331.69400821353827, 331.64930937940494, 329.2238317084645, 330.35933530770916, 331.40511611962484, 323.97147417049507, 318.5440722712577, 318.9487354217763, 319.24348466633256], [300.0350963908137, 293.1776885907246, 293.2015242224379, 293.1944889483612, 293.1658207012093, 293.151851043697, 293.15122230199273, 293.70247985791895, 293.15047709465296, 293.15026494045094, 293.1501534495909, 293.1500629026749, 293.8987501896529, 295.94469894643254, 311.21975801074706, 330.864197551528, 331.25021278990295, 328.066640170796, 330.00212603587823, 331.1661445154229, 303.17443132347915, 312.2510352756609, 318.34440079945347, 318.74129003629184]]
tau_R_port = [[319.50455677085364, 311.755576948843, 303.9078241050346, 300.3308160721764, 297.53877011392575, 298.25910008344914, 298.08071080474826, 297.02122452575736, 296.69661104632036, 297.38131987118413, 298.87863515415347, 301.61525147009655, 305.7114283472265, 312.25280751683295, 317.81396045562104, 321.16597336036386, 322.47155450789376, 320.26096449752947, 314.1211187432676, 312.3497553244566, 325.44610213721126, 323.10372427628675, 321.389357504454, 320.69242835059987], [316.0863252406381, 309.3925329140713, 298.1293394212979, 315.0773760455825, 293.1528838629285, 293.3926877232304, 293.32263101696407, 293.32248133166854, 293.31736265396637, 293.34208094362043, 293.38006745140314, 297.9088905286479, 304.35103635861867, 307.5303358366949, 305.96203873776557, 300.9620400659497, 294.29537532014496, 293.15000000016397, 294.04311811651473, 293.15000000002055, 331.884996945936, 311.9730811141545, 321.9735514977624, 321.9773456915223], [317.6624101117466, 293.3501242330237, 293.15000801385764, 293.1508899678002, 293.152966071147, 293.60988318195547, 293.46575830276754, 293.46721283314724, 293.4625638561508, 293.50958819592375, 293.5790107084745, 299.56406943304904, 306.1021269218875, 309.30879059305937, 307.7424976661285, 338.14998406642394, 338.1499999997726, 331.64183605002, 338.14999849893474, 293.721764795615, 333.0592886302597, 295.99879392033165, 326.52673631221376, 322.9324591374029], [319.8326669532592, 293.3743039498827, 293.19362474027093, 293.7958576439607, 293.15250933428945, 293.4915894231486, 293.3895976486807, 293.3939613676925, 293.38818825941314, 293.4195793121765, 293.4684265199598, 297.27957774269, 304.00564996979114, 308.1115795250063, 306.9408543143735, 301.9862721711129, 310.4689718859965, 293.1500000002352, 293.72198716998423, 294.33900544748656, 333.108317598804, 294.2793307051475, 321.6240443885088, 322.5181941089534], [323.2444447050028, 293.3810372567386, 293.2641678288049, 293.2289983631895, 293.15380250065493, 293.4541420285731, 293.36519891777533, 293.3737305346015, 293.3690081621749, 293.39197052962896, 293.4290357345227, 293.4641585442433, 299.7071618944907, 305.0037964469673, 304.9309366821082, 300.34588234659714, 293.802176477411, 293.15000000050884, 293.1500000001617, 294.3517106722803, 333.4700172720657, 316.29597068244686, 322.7557359319525, 321.6611353870232], [300.75085725441716, 293.36768078718274, 293.53217917657133, 294.11095463338705, 293.1583372669753, 293.37812701522, 293.31132369607064, 293.3190760289332, 293.316068712136, 293.33169944280496, 293.35700673348856, 293.38150828781437, 296.39623775861725, 301.9490247330562, 302.3892673981, 298.1136201285355, 293.1500000003124, 293.4676101288681, 293.6414973199069, 333.2124643298988, 333.09769372050124, 316.08125082215275, 320.5109425180281, 320.5103051199834], [317.9851552853471, 293.3488072739763, 293.1521311666638, 293.1500031278422, 293.15325342040944, 293.1509259494193, 293.15000909237506, 293.15034527488365, 293.15037755616635, 293.1500087002422, 293.1500000155778, 300.2484982277099, 306.7364483838584, 309.59100046058484, 338.1499505562963, 338.1499999997593, 338.14999999982734, 338.023736293379, 338.14999999885583, 293.51130229870637, 333.1649712231521, 294.71829233020924, 334.4421536644236, 323.018971993762], [320.0357380542665, 305.5914381144098, 313.22040932745523, 293.15048068882487, 293.15254969773474, 293.5731516659816, 293.4434825197052, 293.4463519587165, 293.4417792338243, 293.4823522376303, 293.5434189885281, 298.25334749809804, 304.9444013267895, 308.78853910732727, 307.50394328178146, 338.14999145619305, 338.1499999998339, 337.6665843388639, 294.2874193703309, 294.17213047758963, 333.390522162431, 294.4985835599049, 316.1249031697401, 322.7655227597497], [321.78683808437887, 293.38257339372973, 293.2313873628589, 293.15985540361635, 293.1520996283728, 293.4967112797678, 293.44124178535895, 293.43238562940326, 293.4303922021599, 293.46405895611775, 293.51794256322944, 296.2390257684238, 303.06339036150456, 307.67127646314543, 306.88018987903837, 338.14997880647013, 338.14999999974, 293.15000000026265, 293.8404284670159, 294.59956119525117, 333.6540061257445, 324.2580446190899, 323.6075252462266, 322.4881496355336], [320.7845508327874, 294.3188672510696, 293.20155052317136, 293.1505445644465, 293.1524360035797, 293.1512582515556, 293.15013899359303, 293.15029714582425, 293.15037197033206, 293.15006258400837, 293.1500000593018, 299.1474059243707, 305.7947664846871, 309.24003598413776, 338.1499929294866, 338.1499999995567, 338.14999999986696, 337.87050826620924, 294.5122282286332, 294.23905945253796, 333.4515099945195, 333.6094796816197, 314.7902197010155, 322.83007241775863], [323.141198766273, 316.54069974907316, 293.2445750175447, 293.1636929859348, 293.15195167444915, 293.1514192162932, 293.15029374492957, 293.1502747481632, 293.1503607978288, 293.1501063107314, 293.1500098562961, 298.06524698050487, 304.8557754189805, 338.14999999988714, 338.14999999994944, 338.1499999996297, 338.1499999998666, 337.70809656526893, 294.34185775139116, 294.8007871130244, 333.78444463571026, 333.5288289064479, 317.3383990123787, 322.6303858084943], [325.1158049516459, 317.75933475187594, 293.27863051105777, 293.1846869037169, 293.15493830587445, 293.1514867841778, 293.1504444404905, 293.1502766017726, 293.1503484541037, 293.1501409299814, 293.1500233644182, 297.0171796926275, 303.92664000091366, 338.14999999958997, 338.1499999999754, 338.14999999979864, 338.14999999985923, 337.53510386942713, 294.1659393534778, 295.2265537324468, 334.1377010347197, 333.5265846121457, 325.19354653879407, 322.418114187352], [326.7610070112818, 319.2550499422124, 293.3028669831987, 293.20929975776085, 293.16264940837635, 293.1519318775819, 293.1505787608682, 293.1502975788563, 293.15033834273066, 293.150167907769, 293.1500390477154, 296.0155686647949, 303.01604973826085, 338.14999998711704, 338.14999999981484, 338.14999999985633, 338.14999999985656, 337.349711599029, 311.49091171209363, 295.5401689831722, 334.49173155344533, 294.5551089223568, 324.9510382155959, 322.1909312914516], [326.65935904790655, 294.24740378201153, 293.3119311415769, 293.4833395409535, 293.3505199336884, 293.34015014225, 293.32512884027983, 293.3191503695786, 293.3186545988612, 293.33475086755067, 293.3633007017204, 293.3911612813482, 299.5190444028742, 304.7923011133182, 323.40926856034747, 338.1499999994004, 338.1499999998368, 336.40660983978375, 337.8130880422279, 336.95103628161047, 334.15444461790605, 293.60320386359155, 320.84407849321144, 321.03233512411845], [321.3540244831879, 318.4450705404165, 316.0673044196991, 314.95750427611125, 309.5749797639295, 310.15110311445073, 307.02232993445136, 302.48485834526053, 305.2082832901602, 307.8020313149732, 312.2507185258308, 317.3216225781885, 323.50928175062216, 327.60537496110584, 328.21900522199434, 325.0303651738015, 324.0868175818719, 322.6098363690693, 322.4123610507592, 323.65251775566196, 324.43724194475027, 319.8803825743254, 319.66874083588806, 320.0712883097449], [334.2721070536544, 328.58667711186587, 332.70614412804605, 332.4107757155747, 293.15004673623764, 316.5107486307549, 314.226406766943, 293.15032221601604, 313.6683217196381, 317.7824653222688, 323.54525315117957, 328.94689638281704, 336.52211929022, 338.14999869524024, 338.149999999927, 296.46787490957524, 293.1500039006702, 293.1502180082426, 293.15000000012196, 293.1500000000216, 293.1500000000261, 297.3704803121539, 321.5870714339421, 321.98915207129215], [336.1984116340953, 334.0766809185627, 332.7680076508968, 332.43740548885205, 293.15014302560115, 316.5923963002697, 314.26746911681363, 293.15032260976375, 313.6965554983751, 317.77644963109344, 323.48905222679076, 328.79244455234834, 336.3022283515075, 338.1350446196887, 338.1499999999468, 296.4926593483705, 293.15000379145306, 315.79405068677903, 293.1500000001211, 293.150000000021, 293.150000000027, 293.5675892553091, 318.8389707867648, 322.03176959117644], [328.5487673450701, 334.12008268948586, 327.7305044059941, 327.3286114275522, 328.54906252355414, 317.7268213296839, 313.916902777166, 305.1234407172023, 313.5356539295471, 317.292940478388, 322.5963037267512, 327.6498874268322, 334.74818829672523, 337.56394791698375, 332.3885430137172, 309.68226357912835, 293.15003164398695, 293.15003575902375, 293.150080268619, 293.1500000000428, 319.2594297768766, 293.1953468819525, 318.0778572475039, 321.6829485716002], [319.00012014674536, 295.67382716149297, 295.5370614897113, 295.71436274333666, 326.44161443532346, 318.7014416456179, 313.7315307055054, 312.3030363981028, 295.4994891426303, 314.27539271084026, 321.63032454082105, 323.7458832425438, 333.0079033974718, 336.6578678890619, 335.5300384378465, 335.67000252397975, 333.0857442924315, 330.99525909327366, 332.4205492629466, 332.96143248823995, 331.70403205803245, 331.92411511623584, 323.61696991582863, 321.2751715939149], [294.1234881337879, 293.8572289101549, 294.1444951680525, 294.27288897399586, 293.1518433561208, 293.422158690807, 293.31044543139285, 294.02175920661233, 293.15034073504347, 293.36817003077084, 293.3346021988189, 293.37048765425345, 294.4780578374745, 297.7396154031071, 310.1158723212179, 330.30680229962354, 332.12785612475216, 327.00145762113874, 331.51371115099283, 332.29775695268415, 331.1962321666129, 293.1500000000703, 320.1798020850416, 320.1299988664256], [294.75711964357987, 294.6483092711105, 294.92082406575486, 295.03069929852865, 293.1518654118093, 303.0564775666929, 293.1517631081879, 311.7474349085396, 293.150343500675, 293.4079889032106, 293.3685555337232, 293.4109319499197, 305.13517387854864, 315.3421553973703, 324.24912882594697, 334.9420424936956, 332.5410976911715, 330.4723049272342, 331.90428977415115, 332.6482121534567, 331.5356831003487, 330.5612681609227, 321.9658743658012, 320.59914486718435], [293.29944800443064, 293.4737918175435, 293.441809115565, 293.624120410173, 293.33329820385217, 293.3741571325611, 293.32197400811884, 294.0216027144343, 293.15040560317067, 293.3651008393041, 293.33144559618313, 293.36435259359223, 294.2037752578732, 295.92356935199916, 315.33776635956997, 333.6740559121393, 331.62439330055116, 328.4770511048775, 331.02650081104014, 331.96390526604495, 331.0125832799707, 309.38711787535334, 319.45949582881076, 319.4638814515266], [300.7508572544199, 293.36768078718285, 293.53217917657133, 294.11095463338717, 293.1583372669752, 293.37812701522006, 293.31132369607064, 293.31907602893324, 293.316068712136, 293.33169944280496, 293.3570067334886, 293.3815082878143, 296.39623775861725, 301.9490247330562, 302.3892673981, 298.1136201285361, 293.1500000003124, 293.4676101288642, 293.6414973199073, 333.2124643298988, 333.09769372050124, 316.0812508221528, 320.51094251802783, 320.5103051199834], [321.6607786900075, 293.3837274982273, 293.2324704815107, 293.79689381910737, 293.1521096769297, 293.4850591105419, 293.3862355183931, 293.393014563097, 293.387570083694, 293.41553174525416, 293.4598268694394, 295.19361957461155, 301.9951519885587, 306.7898631571376, 306.15067216155984, 301.3362313818049, 294.76133706634266, 293.97670861336906, 293.1500000001863, 294.48269859908174, 333.36470245852564, 318.93052955454635, 322.9040105666275, 322.16722209730216], [319.8163552268463, 293.37480854493066, 293.1936230171696, 293.7449380637733, 293.1525109569277, 293.51465397523873, 293.40490662021733, 293.4090004847195, 293.4036839110979, 293.43744876193426, 293.48930259357195, 297.3999364132942, 304.1188642904604, 308.22556516658295, 307.05548158526926, 320.7798339607388, 334.6035867899956, 293.1500000004542, 293.83291492687465, 294.281785104322, 333.2076704899704, 318.05916703634915, 322.17924362047853, 322.5796551749216], [321.7067762689086, 293.38252432167155, 293.232202073239, 293.2201740083153, 293.15210581380444, 293.45869004526224, 293.3683749736386, 293.37518968345074, 293.36946401592235, 293.3949304277836, 293.4358728802239, 294.9049656853354, 301.70840088842624, 306.50072407845886, 305.8587767634807, 301.02748873381006, 294.42086363960254, 294.2977334528701, 293.1500000001945, 294.46423457910794, 333.1461663380863, 328.37442938053624, 323.701348717722, 322.00985951012973], [303.46880440000746, 293.37676859378183, 293.5065196330179, 294.0970060154151, 293.1537543954965, 293.3804168810801, 293.3136104077831, 293.32053723255024, 293.31641729872047, 293.333453895495, 293.36141299783776, 293.38791910853774, 298.3100514065104, 303.5462416628948, 303.44878760730506, 298.84538958447894, 293.1500000001679, 293.47096474553666, 293.35440735464874, 318.02236369345417, 332.624086222733, 314.4488897122503, 320.8521264909523, 320.85391758750023], [303.4688044000093, 293.3767685937817, 293.50651963301806, 294.09700601541545, 293.1537543954966, 293.3804168810801, 293.3136104077833, 293.3205372325502, 293.3164172987205, 293.33345389549504, 293.36141299783804, 293.38791910853814, 298.3100514065104, 303.5462416628948, 303.44878760730506, 298.84538958447894, 293.1500000001679, 293.4709647455366, 293.3544073546485, 318.0223636934541, 332.624086222733, 314.4488897122502, 320.8521264909523, 320.85391758750023], [323.2710255934309, 293.3816818981915, 293.26378909635764, 293.1757370574154, 293.153727810157, 293.4180360884827, 293.43845707059705, 293.41643217775993, 293.4182345482967, 293.4458908485405, 293.4930228327028, 294.2518284303973, 301.1035362448195, 306.291718670813, 306.06492259775325, 331.8164212090896, 336.4260513527956, 293.15000000017193, 293.35463756677285, 294.82876015289406, 333.92019632436785, 320.66053732871404, 326.5059824347277, 322.18000803622266], [324.296733547832, 293.372228363336, 293.28780770082835, 293.194959169738, 293.3698115391966, 293.37115882621623, 293.3554211698137, 293.3486823323037, 293.34857810256733, 293.3671318428787, 293.3986919936692, 293.42900517778355, 298.5177241277816, 304.0840557718056, 304.4064673550662, 300.11883475580896, 293.74201336448544, 293.15000000016795, 293.15000000009724, 331.41836911667525, 333.90384776655276, 293.86469591284913, 322.344456281693, 321.4961515620194], [299.0536101148523, 293.35570643264975, 293.55218740421236, 293.77627997940624, 293.2597461640633, 293.3553996137196, 293.3157001771926, 293.3170349953811, 293.31636009342094, 293.3309060632329, 293.3546303168436, 293.3777987170223, 295.2632057477963, 300.97854905465033, 301.7704192115615, 297.8114853038295, 293.1500000001441, 293.467190103083, 312.5416732999004, 335.5251097043903, 333.5174823349107, 327.66431029875287, 320.35674734709613, 320.347739649256], [324.34275291931425, 293.37275452177875, 293.2882724263879, 293.1948043223554, 293.15832240009166, 293.33620575907435, 293.3922312644355, 293.36706053913605, 293.3711704451, 293.39118771033816, 293.4265666301361, 293.4600683539152, 298.82088868782887, 304.40323412238894, 304.73276220204264, 300.447830276797, 294.07182177884465, 293.15000000021547, 293.150000000094, 331.7699344473771, 334.04433785185626, 297.8479269502131, 321.63843617121074, 321.6738393941869], [325.14969143555163, 293.35857377326937, 293.6023592267708, 293.2143430649255, 293.1658236666396, 293.33336069869625, 293.3604181486289, 293.3445210622084, 293.3478181176889, 293.3645270876278, 293.393168866894, 293.42075132819315, 296.3211247069638, 302.11562047709015, 302.94115641163603, 298.996685605865, 293.150000000183, 293.29064262661353, 293.15000000011884, 336.3163318775397, 334.01936936703044, 309.7820777544391, 322.2776650721235, 320.9943629164882], [294.1970154007985, 293.3392320757355, 293.5647527641498, 295.8559006833027, 293.1754570907791, 293.37757910537323, 293.30834602690936, 293.31605688541526, 293.314993812157, 293.3291821448251, 293.3506274299166, 293.37164712767367, 293.3931952122058, 298.9987664479624, 300.20437243837176, 296.6236155219846, 293.1500000000217, 293.4619499462073, 330.93836561275566, 335.63256367281724, 333.60973496113934, 310.75820728961105, 319.85487789982386, 319.8533063039111], [328.0581329609722, 333.96952445200753, 332.6352595889395, 332.12438232462944, 328.48027911668277, 317.56600090502855, 313.8150743395464, 298.2425827710268, 313.47058060767, 317.2914296357831, 322.70217977219846, 327.9838882331197, 335.23070364405066, 337.6690095774007, 333.5236908080577, 315.55760214847055, 303.1865763885396, 293.1500285404024, 298.02987000016896, 306.5986557472395, 325.8413910021705, 320.3428222513141, 320.3297629589582, 321.57978515302585], [304.65822060498573, 295.3484311147661, 295.2334782739198, 295.46041842597106, 317.98502997791695, 318.4363585285351, 298.38843646088253, 312.133542073732, 313.18992943372444, 316.7306630124143, 321.76986635631664, 326.90942412150326, 333.8378386317301, 336.9569553173008, 332.36083530839346, 335.58619454560255, 332.9310688118411, 326.45290127786546, 332.21930551651224, 332.79123043043217, 331.63853389554436, 325.9935944956946, 321.1966133840694, 321.0774608457909], [294.47771936736086, 294.3317067645711, 294.61721097722705, 294.76806092261774, 293.150026058545, 293.4690508039492, 293.339415173337, 311.5780922099976, 293.1503389033377, 293.4075148610888, 310.63215316708863, 325.5600511336211, 332.16241586504054, 335.86352693131846, 334.7850961129376, 334.93766469861816, 332.3957639676736, 330.28370849183466, 331.7046101109639, 332.47539084940024, 331.4821466563266, 323.2377200841237, 320.62423405583934, 320.403144927891], [293.15981311444244, 293.52461517940407, 293.4207642575563, 293.452986997938, 293.3893599861322, 293.3564374218635, 293.32511684775733, 293.9880246362279, 293.1579346549829, 293.36276639364854, 293.33241091325124, 293.3666941695086, 294.42635799737184, 296.96096371259017, 315.53064840170964, 333.7068237676764, 331.49718910562285, 328.1370926550022, 330.8283365579261, 331.78973302418837, 293.15000000025907, 316.90259862412637, 319.2704781760544, 319.2707545143488]]
tau_R_star = [[316.7999174776172, 310.33914780627555, 300.4633249096299, 312.72152868428856, 297.72048638847974, 293.3409455840794, 293.3367398515511, 293.32250888736695, 293.31834517860324, 293.33652006301827, 293.3699570443464, 296.65088414371905, 302.5615514302208, 306.6471971506204, 306.39767678913864, 302.3509284662692, 296.14722644718927, 293.4533389397176, 293.7992910443456, 293.3958723671235, 327.2736877719094, 316.0256785979177, 320.311674793254, 321.9767133258957], [318.05079750104414, 304.94719177557766, 296.08955759024695, 293.6996958829606, 293.2290525657277, 293.19281797230815, 293.1852020195098, 293.1820467805355, 293.18125516996116, 293.1836899391485, 293.18853475750853, 294.13207257294175, 296.9391755680866, 300.8469785102963, 303.30727637806456, 308.4528667152169, 310.6811981372926, 304.5778671735087, 302.268602698723, 302.2977806171673, 324.3644577443972, 321.2652256033072, 320.89543097671174, 321.0149484363784], [316.8977356252966, 301.275677088899, 294.2570974242217, 293.4918723607641, 293.2346807016021, 293.2189870036672, 293.21397341896403, 293.21044076878957, 293.20935943653154, 293.21412590548766, 293.2234932751387, 294.09585159523454, 297.48996026126457, 302.0057506176026, 304.0792938831435, 302.1236987433644, 300.422021186519, 295.25290069089135, 293.3560233483776, 300.70833984973603, 326.2593619392474, 320.44499293784537, 320.5017184782851, 321.0605332018235], [314.68592706688304, 298.6756249408106, 293.5707536113373, 293.5124405564492, 293.2465242818478, 293.23264120380554, 293.22779360915956, 293.2240729823778, 293.22296476899965, 293.22857830726326, 293.23962673275776, 293.5932897695896, 297.0368106392375, 301.8811337727483, 303.7500935098126, 301.20308069786887, 296.00684883169646, 293.7615959684359, 293.2526717046402, 305.13799729853804, 328.48409109854305, 323.48428482699785, 320.9409612039328, 320.85069233631197], [306.9485569453299, 295.5300629125498, 293.4786101060169, 293.96554923650996, 293.35193243493643, 293.3351822877202, 293.3265486943806, 293.3192596825932, 293.31719661764294, 293.329830580376, 293.35458341474475, 293.38074448716804, 296.9427924464845, 302.0917444380055, 303.4758581766042, 300.12411115013447, 294.71407756872605, 293.3884050296521, 293.3857286778249, 313.4718208564524, 330.8857859192451, 317.9137149774501, 319.7860647685513, 320.8536190714089], [306.9485569453313, 295.53006291255014, 293.47861010601696, 293.96554923651024, 293.3519324349366, 293.3351822877202, 293.3265486943808, 293.31925968259316, 293.3171966176429, 293.32983058037604, 293.3545834147448, 293.38074448716816, 296.9427924464845, 302.0917444380055, 303.4758581766042, 300.12411115013447, 294.71407756872605, 293.3884050296521, 293.3857286778249, 313.4718208564523, 330.8857859192451, 317.91371497745, 319.78606476855134, 320.8536190714089], [318.3183370409696, 303.5715116825273, 295.18486843280004, 293.5865333513856, 293.23657603331003, 293.21340897424096, 293.20521331126844, 293.20152817840534, 293.2006084154053, 293.2044621792145, 293.2120510140087, 293.94808568155156, 296.75030642061927, 300.7678313630645, 303.1096666528973, 305.4345277290382, 308.5831671221677, 297.7802810531789, 293.3970431902878, 304.8198393300531, 327.42772916521403, 322.8473287758005, 320.73917930580564, 320.8826866718266], [317.4188834672227, 301.36024623992995, 294.18305696997356, 293.49414478529457, 293.24255306206175, 293.22071151710696, 293.2134208305018, 293.21002315014965, 293.2092166150097, 293.2135558888206, 293.2220599672114, 293.5325736885995, 296.2353674243218, 300.51734443902734, 302.8562972522133, 301.2388659444628, 296.6821589509851, 293.92186287687974, 293.2331382629453, 309.7368530401731, 329.56275326444285, 322.20538511704865, 320.46869916908815, 320.7123238956506], [314.7102379738901, 298.46761622546796, 293.50534420108994, 293.53047857687085, 293.2542202629131, 293.2337409586185, 293.2268950704499, 293.223461190577, 293.22275385421443, 293.22793313963786, 293.2379801972409, 293.2486932868523, 295.77504199526453, 300.2943876455941, 302.51573664091705, 300.34811752207384, 295.5413419513622, 293.39203699465713, 293.2520102632159, 316.97414825562305, 331.4933785028457, 320.6844441188576, 320.0019376375606, 320.50949522938254], [305.03258074167246, 294.97353617116386, 293.4969603884083, 293.98360654809585, 293.35820218786745, 293.3349213499937, 293.324059570893, 293.31765188477533, 293.3166359956089, 293.3284165730722, 293.3509621953053, 293.37505236160405, 295.55881291289757, 300.40658397862603, 302.2669777767621, 299.3012998239162, 294.5021120251073, 293.3865254079263, 293.59529270977066, 328.2099074985165, 333.11135688830484, 319.20954730303384, 319.77237623849095, 320.51041135299084], [305.0325807416706, 294.9735361711632, 293.4969603884083, 293.98360654809585, 293.35820218786745, 293.3349213499937, 293.324059570893, 293.31765188477533, 293.316635995609, 293.3284165730723, 293.3509621953054, 293.3750523616041, 295.55881291289757, 300.40658397862603, 302.2669777767621, 299.3012998239162, 294.5021120251101, 293.38652540792623, 293.5952927097348, 328.20990749851444, 333.11135688830484, 319.2095473030338, 319.7723762384911, 320.5104113529909], [320.54821784222696, 315.04989928799847, 308.03501498950914, 302.7406269978321, 299.81964344278884, 300.40745826861894, 300.1879314010424, 298.7327001812239, 298.2449160420898, 299.113520697645, 301.05009658231205, 304.27417532413205, 308.72998577201633, 315.91104351257724, 322.29310483603376, 325.3531658002906, 326.71768007670016, 325.49079167290415, 318.627135732888, 316.44894868820325, 326.01385969736674, 324.47159153048864, 321.81599632461473, 320.61568841296247], [320.18756066089685, 309.076745573039, 300.7165811226276, 294.84739317824784, 293.2627383282582, 293.20861240168233, 293.19371480061073, 293.18799095221243, 293.18666148017735, 293.1891205054323, 293.1942185809084, 293.8204174583963, 295.98042580304224, 299.33652553700944, 301.8661421253903, 313.48848650130964, 318.5585129062843, 311.9877263006475, 300.4481365980437, 312.1880652518368, 329.2070664285411, 322.988211084735, 320.13278011007606, 320.6424268703122], [320.22295646621313, 306.30800323249923, 296.3173437798045, 293.63402143037166, 293.24090788691325, 293.20884371675334, 293.19573988486985, 293.1910112380216, 293.1900365945826, 293.1927231772206, 293.1981147714916, 293.52731116003736, 295.61947650651763, 299.2284422635425, 301.83914144596827, 311.45105912707726, 314.7559304802184, 301.2796341606368, 298.03222838130597, 316.66297403297426, 330.94721429137314, 323.69909741135524, 320.56537350073177, 320.6218240578215], [319.95561654349, 304.00592867817966, 294.907204839502, 293.42918786633174, 293.2736356383844, 293.2104228056992, 293.1990786182164, 293.19511871548775, 293.1944284710579, 293.1974026523606, 293.20320889325944, 293.29355379956763, 295.3410764794666, 299.204216455315, 301.7990152385804, 306.78827940124063, 307.8792225862636, 297.05229913412364, 299.21203911919696, 322.1081190101608, 332.39395790351836, 321.20624117265254, 319.973644016277, 320.5148844979804], [317.7038865089921, 299.0521180099601, 293.4264482573288, 293.3488439399575, 293.2910256989022, 293.2637989902939, 293.2538349370657, 293.2492722113271, 293.24866173110325, 293.25549816463115, 293.26856519691603, 293.28263425730216, 295.6018221006804, 300.13794240689805, 302.41737846586483, 300.2765866320589, 295.42456600363755, 293.35636425446535, 299.8619925165718, 327.9601056681949, 333.35228375070017, 319.77155040197573, 320.87741529682523, 320.82663772000063], [303.8922727401025, 294.6225557457608, 293.50994101989966, 293.7269566310384, 293.36796137707665, 293.3366998425369, 293.3231981399848, 293.3167903072649, 293.31648741379763, 293.3278693014272, 293.3490362763693, 293.3717911533789, 294.73948157632555, 299.39095376922575, 301.5504552941413, 298.91118908654056, 294.41809374580043, 293.38627267001095, 308.7351082462932, 332.7889862976222, 333.75648559344233, 328.47023920292554, 321.5813319734069, 320.3492409322295], [320.200686247114, 302.0571623170285, 294.06868060195154, 293.6091083743449, 293.41142935169654, 293.24072532527083, 293.22804826350296, 293.2234340372357, 293.2229180246346, 293.22782243149163, 293.23706088970357, 293.24699273285574, 295.0365479464592, 298.92579856926756, 301.4264460218401, 300.041030510612, 295.76253860176286, 293.47807947373076, 303.6417870419688, 329.0779545389226, 333.55577202230086, 316.2808806851551, 318.146178509103, 320.28373423088937], [317.6207062259653, 298.71003426895385, 293.43205426010434, 294.0542235059122, 293.5368133175165, 293.26655131842057, 293.2529999903224, 293.24811473914014, 293.2479644328614, 293.2545114561243, 293.2664407253193, 293.27922902082815, 294.3309486312287, 298.25189305195113, 300.7584949763485, 298.98452095490217, 294.7543228814488, 293.28864788765225, 310.8738300044723, 332.94318550481904, 333.875876767842, 316.86666643269854, 318.80638808314353, 320.13860908795095], [300.61309817058697, 293.53298490743776, 293.5161725785432, 295.37743181306706, 293.7338828383363, 293.3386398341941, 293.32119590930455, 293.3146574613081, 293.31519316218265, 293.3262553506049, 293.3456779336256, 293.36634565068977, 293.3872258298787, 297.4416634048231, 299.86948190758886, 297.6182701442099, 294.08248596384556, 293.38329718329385, 325.95932568558726, 335.07373056758104, 333.8505479032648, 315.4537546909151, 318.33730060968, 319.85356823656355], [321.39745817472726, 318.1851906981402, 312.2027770880536, 307.4030552592967, 304.5714802923165, 304.5659717807131, 303.863872047836, 301.45584604768896, 300.9657915917866, 302.40118193883654, 305.2238465318211, 309.4120134120263, 314.8246041216908, 323.492359190251, 328.950157978687, 329.8068055092877, 329.59695463116407, 328.86096981110563, 322.2190773046156, 319.8888139474325, 325.7849608729093, 326.09421640528547, 321.0008552897413, 320.2812518861033], [321.85320885518826, 319.39749829528944, 312.3022638085535, 307.70792178415695, 305.19934394006964, 305.3879233293813, 304.41201585849745, 301.6348696947937, 301.4722920253579, 303.22012611920076, 306.3435570727914, 310.67928671920583, 316.24008143695175, 325.4904060370128, 329.00943820028476, 329.2611856033328, 328.91739652322036, 328.03872353643465, 322.36738438981587, 320.8997148265251, 326.0865853724828, 324.8868069835616, 320.4996575642076, 320.2039071492017], [322.17821334731326, 319.18470762556535, 312.1297286860849, 308.45257784793586, 306.0550946365961, 306.3476021663207, 304.99636497023704, 301.816254547489, 302.1127283158545, 304.1639030297345, 307.59432343228616, 312.0854276162828, 317.7908128158364, 325.8915803301897, 328.6894939426502, 328.5623119167712, 328.09204146870513, 327.05741789916704, 322.8102189902733, 322.1108935515637, 326.2071159925467, 322.81660212067834, 320.0586200872348, 320.16514634092266], [322.30891968303354, 318.46090449374594, 312.2722565801248, 309.83147617448867, 307.11712808114316, 307.4688279866411, 305.6198791797821, 302.00858333479795, 302.9250864422297, 305.24419442106233, 308.99336520756714, 313.64865617018694, 319.4923409576728, 326.02213803930835, 328.1769388227953, 327.6745396275675, 327.0771671928538, 325.8679370354764, 323.630262464196, 323.5118310607114, 326.05691919948583, 319.1284257026902, 319.2661046452809, 320.11824498305805], [325.98947524208666, 301.5764400096302, 293.51687400665674, 293.44508160702054, 293.3786530215634, 293.3422350796303, 293.328044571739, 293.32026257608373, 293.3187492814374, 293.3313044232067, 293.35626239123786, 293.3835130265994, 297.8168546615504, 303.32750826889304, 319.7004026764515, 336.2307501189836, 338.14999999983354, 336.61415702495, 337.6456501449572, 337.05366149349106, 334.4873721974677, 304.8674373883464, 316.3136140111423, 321.0009590189678], [320.9977088796319, 319.2531133020275, 316.7277950085966, 315.2657820937152, 311.07012546151503, 310.082517001258, 307.39480293218224, 303.0250335345572, 304.8840660347782, 307.49325178817736, 311.7211129054365, 316.7179435242661, 322.7726556585205, 327.1177448169416, 328.1459540004515, 325.40996517957825, 324.1991446761587, 322.7856674658414, 322.43587001722597, 323.50488005268943, 324.34382239842506, 320.9767883161264, 319.7028437042746, 320.0041970641613], [321.6259134886277, 318.88374848951605, 314.8082532512092, 313.0176210507866, 309.0266404819046, 309.8627383915588, 307.28392559047336, 302.9036887723306, 303.8412646841637, 306.25604092808624, 310.55561844324984, 314.3605201822932, 319.82694333755666, 324.11019995513385, 325.6342470116189, 324.1013318522383, 324.34034588169374, 324.3255446123418, 323.4844458676549, 324.273454021676, 325.65830012244044, 320.34233842858555, 319.62069114424224, 320.1723684616884], [316.9399191556551, 312.47862643315386, 306.76824580428104, 305.2419592366677, 310.32123663880543, 308.572655514101, 304.96544949526316, 303.7065065487908, 301.54573487628335, 303.70593893337394, 307.98008557172267, 310.9911894241372, 316.3752582257046, 321.03318505602255, 322.5678748575123, 326.6326328671375, 327.7358561947627, 325.8037860483585, 326.5950587248655, 327.69477721335, 329.0610613301126, 322.44113691870973, 320.05889274396566, 320.0697254870022], [311.0255084252297, 298.4208245888748, 294.386341984162, 294.3722849566202, 304.17542618842094, 304.6526854152011, 301.23075751809245, 303.3075705567759, 296.4025569691972, 299.4223764030176, 303.48228800991103, 304.79624727199484, 310.4092046571538, 315.5195201757366, 320.0102984537341, 329.8604396662371, 331.88934742231913, 329.64019604470593, 330.8018820150173, 331.8405876946525, 331.1812680914973, 325.1771824135331, 320.4573686880941, 319.9044704157331], [301.347518431771, 293.93118980441614, 294.06469898586226, 294.2372240283697, 293.4444503152443, 293.3640401106153, 293.3313721581224, 293.89619250735075, 293.31219265162986, 293.32394868261946, 293.3422026771683, 293.36165142504206, 294.1795570807747, 296.83362728501254, 307.32311593277365, 327.5854164094576, 331.9110639985163, 327.66544562095345, 330.976538096516, 332.204418165514, 331.3273660710966, 303.4893015142599, 315.7247328371055, 320.1382994028616], [303.6594364005819, 294.8969870744371, 294.01899098432483, 294.14366422344557, 293.4249019101167, 297.4930284542678, 294.16872916048857, 302.84914451793304, 295.24910602427616, 293.2520086505572, 293.2622397308818, 293.27309835275275, 298.2368635576337, 305.1307421599475, 316.02854128636983, 331.11950436977594, 332.05982331967164, 329.743984771258, 330.8673472945606, 331.8834987884487, 331.1880844084242, 325.19458011649596, 320.36683335196545, 319.74305904780766], [300.53595455430633, 293.42585904050986, 293.45069319929854, 293.5734783846413, 293.4083356721897, 293.3653146697222, 293.33172782966346, 293.8992390382538, 293.31079826883064, 293.3220735834432, 293.33890606723077, 293.3564717802631, 293.9841553676085, 295.44584882888574, 311.4786741173361, 331.4911619231831, 331.86840075821675, 328.8636058578105, 330.7229948873892, 331.85230949645097, 331.1258358985075, 313.8178970598776, 317.7853427505085, 319.46315051440746], [321.40058194783313, 318.29155145215014, 317.75822507740486, 317.37572071929844, 310.5166529178146, 310.732398368799, 306.8948758009423, 302.1404354860648, 306.83808971494915, 309.7298949993715, 314.2870376844741, 320.4549545106251, 327.46341660636, 331.4337585922166, 331.36299679381284, 326.4883024604614, 324.10970327730536, 320.6688546376505, 321.40154834653487, 323.22266157874884, 323.10756810757783, 319.6858222944038, 320.0723274691614, 320.28790687047376], [316.382168342375, 313.6456819628484, 311.48928396780366, 310.8393960336289, 311.73894089133387, 309.4153295134262, 303.5433387086573, 303.1127959219552, 305.99512298552395, 307.75010077580805, 312.4901710109479, 319.25893790205095, 326.24990301620176, 330.2834315333679, 329.3825638214687, 329.3380817536539, 327.92482996472825, 324.1117844352231, 325.5509462310876, 327.4639179964053, 327.2174585850788, 322.4233368065677, 320.153604067429, 320.05439251217683], [307.98847412032495, 297.28237498644063, 294.3839477283608, 294.31811067470215, 302.11561539567214, 305.02284678392374, 296.84865969933736, 304.6641019712859, 303.5153392482, 303.8249012441245, 309.2779095557936, 317.2811381655878, 324.1721934102538, 328.1939075972338, 327.81192464559257, 332.3558678452091, 332.1854722028103, 328.82534495451523, 330.66754981454244, 331.76146031217087, 327.80458236574157, 322.1392145909131, 319.9532173810708, 319.82870141872843], [303.44270663723876, 294.7188969783123, 293.86418123050174, 293.9604917446898, 293.3719036476356, 293.27745577321446, 293.25708499497966, 302.758612312606, 295.22131049924997, 293.25183445501443, 301.4676374986178, 313.05223226844294, 319.4492639209967, 323.29745892276645, 325.40362814684113, 332.04134533151245, 331.9513149501556, 329.51328933854757, 330.65592670992055, 331.7056010648866, 324.2748457944829, 318.8460197110943, 319.25531215801783, 319.5580789807806], [300.3695752650941, 293.4248415858376, 293.4494911547874, 293.44404920035817, 293.4057055767692, 293.36354518257605, 293.3309473322053, 293.8723961146838, 293.3103734558972, 293.3217609838715, 293.3391644636287, 293.358366882197, 294.14403255220907, 296.25690667018836, 311.81997866739556, 331.5429924123525, 331.76024085555684, 328.55156863709385, 330.5079503717704, 331.675281061508, 303.5211005004587, 312.8239912039547, 318.8758997407467, 319.2707084579666]]
tau_S_in = [[343.58355843389046, 344.1112641581222, 348.5210533822631, 347.62974592781325, 343.1500136129154, 353.96334688830524, 352.24992490245, 349.0954509300291, 349.8412110777709, 355.24765422124716, 362.43230836713144, 368.14957479516613, 372.78704821875186, 373.14999999699705, 373.14999999978437, 373.14999999993637, 373.1499999999055, 373.14999999982246, 373.1499999995036, 365.8520178613023, 362.92396071793473, 363.24037828388714, 363.1396485213116, 363.14999999995956], [343.58355843389046, 344.1112641581222, 348.5210533822631, 347.62974592781325, 343.1500136129154, 353.96334688830524, 352.24992490245, 349.09545093002913, 349.8412110777712, 355.24765422124835, 362.4323083671331, 368.1495747951668, 372.7870482187494, 373.14999999698387, 373.14999999976646, 373.1499999999285, 373.14999999991153, 373.1499999998273, 373.14999999951874, 365.8520178612985, 362.92396071793314, 363.2403782838896, 363.1396485213238, 363.1499999999], [346.2338393508373, 343.82114692844755, 347.32069493546527, 347.5965780179129, 343.8799299113178, 351.51402453827416, 352.3602136250445, 349.4740183646728, 349.49373727479406, 353.83600953819297, 360.3270298468836, 366.23073549239115, 371.1021265178969, 372.64211719663274, 372.74248063851377, 372.7672229269497, 372.8086497639626, 372.81131573448835, 372.79542100459906, 367.0550978801618, 363.0592886634063, 362.9778229150932, 362.92469020241316, 362.9324590817424], [348.4040959995718, 343.98929133619066, 346.12624215033514, 347.0854963261309, 344.245532495223, 349.5218971937663, 351.7615950904179, 349.6115220775573, 349.1007055452758, 352.4514043491787, 358.1455445767548, 363.9462441361408, 369.0056496872029, 371.4449093440557, 371.94084747147195, 371.9862005352591, 372.0476054101752, 372.083534725116, 372.0553196589713, 367.67233855784394, 363.10831762068057, 362.61194297613673, 362.4948907731425, 362.51819410773464], [350.278205258088, 344.48406034751423, 345.1452469071233, 346.32663525860255, 344.32752517781796, 347.93946592052026, 350.8034697933609, 349.5209158786318, 348.72151312117836, 351.19873269456446, 356.0825283606714, 361.5716321737877, 366.7084006253281, 369.83405475620754, 370.8587718266217, 371.02747114690146, 371.08751895325815, 371.16312384023524, 371.15936737755453, 367.7975675262891, 363.1461663572215, 362.2553863272992, 362.006113323013, 362.009859512786], [350.278205258088, 344.48406034751423, 345.1452469071233, 346.32663525860255, 344.32752517781796, 347.93946592052026, 350.8034697933609, 349.5209158786318, 348.72151312117836, 351.19873269456446, 356.0825283606714, 361.5716321737877, 366.7084006253281, 369.83405475620754, 370.8587718266217, 371.02747114690146, 371.08751895325815, 371.16312384023524, 371.15936737755453, 367.7975675262891, 363.1461663572215, 362.2553863272992, 362.006113323013, 362.009859512786], [346.2338393508373, 343.82114692844755, 347.32069493546527, 347.5965780179129, 343.8799299113178, 351.51402453827416, 352.3602136250445, 349.4740183646728, 349.4937372747939, 353.83600953819206, 360.3270298468819, 366.23073549239007, 371.1021265178964, 372.6421171966275, 372.74248063849825, 372.76722292692796, 372.808649763937, 372.811315734463, 372.79542100461737, 367.0550978801618, 363.0592886634056, 362.97782291508634, 362.9246902023951, 362.93245908174447], [348.38778426572514, 344.0478905387569, 346.1882424041289, 347.15313676110975, 344.3099478565836, 349.5982599421653, 351.8292687411215, 349.6718878507385, 349.1583940101137, 352.5233823661327, 358.2485082243704, 364.06660280415156, 369.1188640189007, 371.55889491926774, 372.0554732846467, 372.123606377814, 372.22000617403154, 372.2287143981367, 372.16624734163383, 367.61511821579796, 363.207670511427, 362.67338033515364, 362.56541459933203, 362.5796551497035], [350.2322076709374, 344.63029341051094, 345.30021162946684, 346.49632960591464, 344.4919356674806, 348.11808806360085, 350.97615046072605, 349.67621746777087, 348.8692744119521, 351.37226574331777, 356.3186267627713, 361.8602860608485, 366.9951517474734, 370.12319379207185, 371.1506663356251, 371.33619530543376, 371.42797781598324, 371.4861131492401, 371.4490604134075, 367.8160316184554, 363.3647024766678, 362.3967345444036, 362.1534719373138, 362.16722208645126], [351.8158736938357, 345.3807156549029, 344.64007720026075, 345.6974855409336, 344.3999810653282, 346.89316868552027, 349.9207636527666, 349.4325985940204, 348.5486471211845, 350.3201339795516, 354.4953457712297, 359.62379472726536, 364.7071616448709, 368.33712741369465, 369.93093182551667, 370.3458666502915, 370.46883062329323, 370.56986891494336, 370.567291555929, 367.6850432336865, 363.4700172896228, 362.11187227576954, 361.66247486683477, 361.66113538471024], [351.8158736938357, 345.3807156549029, 344.64007720026075, 345.6974855409336, 344.3999810653282, 346.89316868552027, 349.9207636527666, 349.4325985940204, 348.5486471211845, 350.3201339795516, 354.4953457712297, 359.62379472726536, 364.7071616448709, 368.33712741369465, 369.93093182551667, 370.3458666502915, 370.46883062329323, 370.56986891494336, 370.567291555929, 367.6850432336865, 363.4700172896228, 362.11187227576954, 361.66247486683477, 361.66113538471024], [343.58355843389046, 344.1112641581222, 348.5210533822631, 347.62974592781325, 343.1500136129154, 353.96334688830524, 352.24992490245, 349.0954509300291, 349.8412110777707, 355.24765422124614, 362.43230836713, 368.14957479516545, 372.78704821875425, 373.14999999702013, 373.14999999982706, 373.1499999999777, 373.14999999992904, 373.14999999981654, 373.1499999995104, 365.852017861295, 362.9239607179363, 363.2403782838847, 363.13964852129936, 363.1499999998992], [346.55658416735855, 343.89380578840564, 347.3628167548526, 347.69617443990956, 344.0470276315176, 352.04439423583085, 352.4150364170207, 349.48550653013956, 349.6193027956572, 354.21342971322485, 360.9840444860256, 366.9151635503399, 371.7364477305274, 372.92430723881915, 372.9993349222824, 373.0118394104895, 373.02271728582105, 373.0237400303355, 373.01194141634414, 366.8446352601917, 363.16497125146304, 363.051625035696, 363.01358226122335, 363.018972717939], [348.6071668801618, 344.25462053983637, 346.3995900127968, 347.35550724905164, 344.566137341237, 350.162653199705, 352.08168063955486, 349.7882802393004, 349.35496294457056, 352.9558257606819, 358.98413035960175, 364.9200137786203, 369.9444010776131, 372.1218668847189, 372.5039050975095, 372.5968453328248, 372.6831202027221, 372.66658745512285, 372.6207508941769, 367.5054635399227, 363.3905221798837, 362.83191683592514, 362.74248271601704, 362.76552255937645], [350.35826687963396, 344.98561420079193, 345.6407797247534, 346.8428685303531, 344.87589062446466, 348.7564933003672, 351.4284304675076, 349.94870690819096, 349.1767028630645, 351.89587377981917, 357.1617303563964, 362.90569221134285, 368.0633901902001, 371.0046063316185, 371.8801672077275, 372.111193957811, 372.2675541108912, 372.23474380137725, 372.1737609254692, 367.93289419637875, 363.6540061417057, 362.6798387462516, 362.4627002907656, 362.48814949665683], [351.84245437810654, 345.91428673655525, 345.17760309699486, 346.24722530033483, 344.9779464604523, 347.67354662558904, 350.60632132096964, 349.928080251521, 349.0340029494086, 350.9994526251054, 355.5084412047017, 360.91849493508323, 366.10353610559673, 369.62504927175434, 371.0649067811991, 371.5118550171144, 371.73696791539004, 371.7344766604371, 371.68797010580346, 368.1620928822785, 363.9201963404982, 362.5782407005355, 362.1639230213363, 362.18000794749906], [352.86816256551566, 346.60177494142863, 344.62947260846784, 345.28816168175604, 344.54502464379016, 346.45940819508036, 349.36773478246806, 349.39973003657656, 348.56097168908565, 349.88166752736436, 353.5913784851101, 358.48564921367523, 363.51772393963876, 367.4173865322168, 369.40646108180897, 370.1188240685919, 370.4086769861042, 370.5104807125239, 370.57424387714525, 367.81662448294543, 363.9038477865557, 362.1980292660463, 361.51512374752303, 361.49615155144414], [351.84245437810654, 345.91428673655525, 345.17760309699486, 346.24722530033483, 344.9779464604523, 347.67354662558904, 350.60632132096964, 349.928080251521, 349.0340029494086, 350.9994526251054, 355.5084412047016, 360.91849493508323, 366.1035361055968, 369.6250492717546, 371.0649067811977, 371.5118550171072, 371.7369679153811, 371.73447666043353, 371.68797010579664, 368.16209288227844, 363.920196340498, 362.57824070054676, 362.1639230214015, 362.18000794752027], [352.9141818164664, 346.7921360505346, 344.80989877240864, 345.48177754318385, 344.7310478503901, 346.63835867616643, 349.54953650833176, 349.5713355197098, 348.7285023037396, 350.0665413242863, 353.8202446607142, 358.7670765592364, 363.8208885666439, 367.73656497412316, 369.73275458897535, 370.44781232944456, 370.73848422764155, 370.83020555954414, 370.91420720530544, 368.06462526854955, 364.04433787147957, 362.3533482309526, 361.6415089459702, 361.67383935543234], [353.72112955135003, 347.52141767687647, 344.52720912988946, 344.63737008751536, 344.2049928335466, 345.60170498826136, 348.34641095412707, 348.92698405116744, 348.25262135520575, 349.099868186014, 352.13699427855425, 356.5452528040105, 361.3211245968599, 365.4489512923862, 367.94115112853973, 368.99667864820253, 369.41318474351516, 369.6080207205993, 369.9110597390686, 367.74490349513866, 364.0193693928136, 362.0292670794216, 360.99769628734333, 360.99436289778276], [346.55658416735855, 343.89380578840564, 347.3628167548526, 347.69617443990956, 344.0470276315176, 352.04439423583085, 352.41503641702064, 349.4855065301395, 349.6193027956572, 354.21342971322446, 360.9840444860234, 366.9151635503394, 371.73644773052905, 372.9243072388479, 372.99933492238097, 373.01183941063186, 373.0227172858586, 373.02374003036, 373.0119414163406, 366.844635260186, 363.1649712514546, 363.0516250356752, 363.0135822611993, 363.0189727179395], [349.3559795255777, 344.266647711244, 346.2833024950141, 347.377723815158, 344.7324729344323, 350.69874490951287, 352.22092491443993, 349.7620219064497, 349.46763788274677, 353.3947448454616, 359.78537170289513, 365.8140718135685, 370.7947660571372, 372.57331296993334, 372.8174746637055, 372.8466321369975, 372.864400368276, 372.87051003287627, 372.8455455072892, 367.57239255553765, 363.4515100106838, 362.89519398274086, 362.81528551504243, 362.8300725694214], [351.71262741398584, 345.1121301018559, 345.55441856809074, 346.84767596583004, 345.1602753471204, 349.6640156860226, 351.8645294713098, 349.95992578525164, 349.3710362702729, 352.6887828274599, 358.6797186378571, 364.73191308114144, 369.8557750761131, 372.14877413598305, 372.608714717642, 372.67148954505785, 372.6971413724327, 372.7080979562962, 372.6751864245502, 368.1341202061383, 363.7844446518697, 362.814543213786, 362.6064065697275, 362.6303857151805], [353.6872335796579, 346.3307640539845, 345.2032018262423, 346.2460374556152, 345.33375060514686, 348.84506257284437, 351.4192599480616, 350.0698270619712, 349.30786467042594, 352.0824981754955, 357.66787685419337, 363.68384589585105, 368.92663969896336, 371.6536453305408, 372.36348065698513, 372.48318738574795, 372.5195356970973, 372.53510519788085, 372.4992679543061, 368.5598867300392, 364.1377010522354, 362.81229894677824, 362.39492386974047, 362.41811407431743], [355.33243562857643, 347.8264790759881, 345.23153666336833, 345.6849260402275, 345.28990540076904, 348.16574182482117, 350.93158128391667, 350.0945435279048, 349.25912664129515, 351.56204764047635, 356.7484011438979, 362.6822349227819, 368.01604945750137, 371.09937570205807, 372.07669233357575, 372.2774886498033, 372.3295991376225, 372.349712862119, 372.3161112001351, 368.87350139738896, 364.4917315748919, 362.88844232787653, 362.1834647277658, 362.1909312310728], [355.33243562857643, 347.8264790759881, 345.23153666336833, 345.6849260402275, 345.28990540076904, 348.16574182482117, 350.93158128391667, 350.0945435279049, 349.25912664129515, 351.56204764047635, 356.7484011438979, 362.6822349227819, 368.016049457502, 371.0993757020664, 372.07669233358405, 372.27748864967333, 372.3295991375879, 372.34971286211623, 372.3161112001241, 368.87350139738, 364.4917315748921, 362.88844232787676, 362.183464727766, 362.1909312310728], [365.7624306256225, 362.4121732552924, 360.62213705231557, 359.7676767273029, 356.86049221092463, 346.76567884001037, 349.1229702319763, 348.7893308673272, 348.1062228509274, 349.683423302778, 353.6426226390365, 358.4207558965275, 365.63290335031036, 365.57913644894074, 366.5830463008263, 366.8227867455472, 366.8798381178037, 366.8993949342188, 366.8771533744901, 364.3946051267136, 361.4132362801344, 362.3791577551716, 362.3459939747261, 362.3393331582158], [364.76985100569436, 362.6999368898218, 360.625150589166, 359.58026274993745, 357.0760404180725, 348.02096781658105, 348.5531837390212, 348.61379974801633, 347.98226988003535, 349.2050211526963, 352.77476656088123, 357.3638731560515, 364.15937130825245, 365.277902068509, 366.12090059684994, 366.4926520522285, 366.5852934620918, 366.61634921576905, 366.6007124997164, 364.4805116854269, 361.56559753700355, 361.9009225272073, 362.0253358443015, 362.03176959666695], [363.7661210909541, 362.691511871941, 360.6409700633464, 359.35068032357617, 357.12049388580675, 349.1553928677695, 348.20261789341544, 348.3489669249185, 347.8213683893818, 348.7215120736666, 351.8820180826721, 356.2213160608048, 362.6053312859506, 364.7068054576754, 365.61076203069155, 366.11146417556495, 366.27550314894455, 366.3129375138009, 366.3039729061893, 364.47491618406616, 361.6617868412016, 361.52867684034294, 361.6493020316036, 361.682948580606], [362.74116859215434, 362.3404752377858, 360.5370610540367, 359.04769509584514, 357.0205065315935, 350.1300132407772, 348.0172668133638, 348.0173227661424, 347.5893508299254, 348.1937478744913, 350.9160390260987, 354.91910784629744, 360.8650464666581, 363.80072565435404, 364.98529501760186, 365.6700036268395, 365.94288752901826, 365.99527899229156, 365.99197843573444, 364.3900042620869, 361.7040329163549, 361.2098294055628, 361.23683915058206, 361.2751716050257], [362.74116859215434, 362.3404752377858, 360.5370610540367, 359.04769509584514, 357.0205065315935, 350.1300132407772, 348.0172668133638, 348.0173227661424, 347.5893508299254, 348.1937478744913, 350.9160390260987, 354.91910784629744, 360.8650464666581, 363.800725654354, 364.98529501760186, 365.6700036268395, 365.9428875290182, 365.99527899229156, 365.9919784357344, 364.39000426208685, 361.70403291635483, 361.20982940556314, 361.23683915059615, 361.2751716050604], [361.4237808220367, 361.314975390869, 359.92082382470767, 358.36403198054734, 356.511800961449, 350.6750854318214, 347.76313992189523, 347.4617225295423, 347.12044071966943, 347.4175802297382, 349.55925741319544, 353.08215078125556, 358.4534059659988, 362.1143731153293, 363.8820801622652, 364.9420433656607, 365.39824084110717, 365.4723134362338, 365.4757187751578, 364.0767838284102, 361.53568321915424, 360.7325171470423, 360.5897913018797, 360.59914486917785], [365.7624306256225, 362.4121732552924, 360.62213705231557, 359.7676767273029, 356.86049221092463, 346.76567884001037, 349.1229702319763, 348.7893308673272, 348.1062228509274, 349.683423302778, 353.6426226390365, 358.4207558965275, 365.63290335031036, 365.5791364489406, 366.5830463008274, 366.8227867455472, 366.8798381178037, 366.899394934219, 366.87715337449356, 364.3946051267244, 361.4132362801341, 362.3791577551716, 362.3459939747287, 362.3393331582201], [364.7141913025104, 362.6438941175192, 360.5632870602075, 359.5536329622224, 357.051339923218, 347.9393201489869, 348.5121214047742, 348.579251530384, 347.9540360974285, 349.21103683903294, 352.8309674836367, 357.51832498255345, 364.37926224064415, 365.29285613697124, 366.13949729376037, 366.46786727895227, 366.5402977681485, 366.55612612465495, 366.5395463931786, 364.44047753622897, 361.5670497575675, 361.86693825992364, 361.9957497877616, 361.98915207308266], [363.624444677713, 362.54095383536355, 360.49240280596166, 359.2672399585267, 357.05170940267016, 348.9945724504372, 348.10078965284293, 348.26326746374156, 347.7562950403377, 348.72000120145617, 351.9878941184621, 356.55531684442906, 363.08784661186047, 364.8118670979227, 365.6479733834368, 366.0629226246886, 366.1826033192116, 366.1924525678613, 366.178992678575, 364.37837115900265, 361.6406671947878, 361.449167123596, 361.5753235391769, 361.5797851568237], [362.4248597016472, 362.0150934828386, 360.2334779301446, 358.7937510948455, 356.8260599734487, 349.86493017665856, 347.82340307485475, 347.84782888834883, 347.475644194808, 348.15923488272506, 351.055580742329, 355.48085275908124, 361.6949816270698, 364.0998130120189, 365.0542089430244, 365.58619599676774, 365.7882121108477, 365.8013102451581, 365.79073486873205, 364.21980222066253, 361.6385339871892, 361.02648820882087, 361.0716407673386, 361.07746085023854], [361.1443796520198, 360.9983728991179, 359.61721081782713, 358.10139395448255, 356.30510715310265, 350.52723044478455, 347.52523314705485, 347.2923842148751, 346.9982613529649, 347.3687614491893, 349.83963597594607, 354.131479949836, 360.0195589264043, 363.0063854462334, 364.22529979080235, 364.93766545883983, 365.25290714189623, 365.28372032417855, 365.27603917010737, 363.9039625258694, 361.4821467212095, 360.4653748030048, 360.40255386864527, 360.4031449298408]]
tau_S_mix = [[343.58355843389046, 344.1112641581222, 348.5210533822631, 347.62974592781325, 343.1500136129154, 353.9633468883053, 352.24992490245, 349.09545093002913, 349.8412110777709, 355.2476542212472, 362.43230836713155, 368.14957479516613, 372.78704821875186, 373.1499999969993, 373.1499999997901, 373.1499999999428, 373.1499999999116, 373.1499999998243, 373.14999999950834, 365.8520178612986, 362.92396071793473, 363.24037828388714, 363.1396485213116, 363.1499999999196], [345.1580519988494, 343.33257213930796, 346.6193706562867, 346.7703213868661, 343.15288372610513, 350.35559365298934, 351.32342177294726, 348.549746685906, 348.59865049605594, 352.734235487438, 358.8548973948948, 364.57555584847347, 369.35103547344505, 370.86366502249945, 370.9620340135487, 370.9620340367197, 370.96203406978964, 371.01238500068564, 371.03095802747083, 365.8282965699064, 361.88499703575985, 362.0405376777947, 361.8567163673082, 361.977345692412], [346.2338393508373, 343.82114692844755, 347.32069493546527, 347.5965780179129, 343.8799299113178, 351.51402453827416, 352.3602136250445, 349.4740183646728, 349.4937372747939, 353.8360095381921, 360.3270298468819, 366.23073549239007, 371.1021265178969, 372.6421171966338, 372.7424806385225, 372.7672229269684, 372.8086497639685, 372.8113157344815, 372.7954210046079, 367.0550978801618, 363.0592886634063, 362.9778229150926, 362.9246902023826, 362.93245908181484], [348.4040959995718, 343.98929133619066, 346.12624215033514, 347.0854963261309, 344.245532495223, 349.5218971937663, 351.7615950904179, 349.6115220775573, 349.10070554527573, 352.45140434917806, 358.145544576753, 363.9462441361393, 369.0056496872029, 371.4449093440557, 371.94084747147605, 371.98620053528043, 372.0476054101881, 372.0835347250764, 372.05531965898354, 367.67233855784394, 363.10831762068057, 362.6119429761367, 362.49489077313933, 362.5181941075667], [351.8158736938357, 345.3807156549029, 344.64007720026075, 345.6974855409336, 344.3999810653282, 346.89316868552027, 349.9207636527666, 349.4325985940204, 348.5486471211845, 350.3201339795516, 354.4953457712297, 359.62379472726536, 364.7071616448709, 368.33712741369465, 369.9309318255162, 370.3458666503073, 370.4688306233333, 370.56986891492045, 370.5672915559059, 367.6850432336865, 363.4700172896228, 362.1118722757695, 361.6624748668347, 361.6611353847828], [352.7570491244063, 345.56815220569734, 343.63112823494623, 344.27784250763443, 343.51179785403787, 345.27452214213224, 348.21775642310257, 348.4306475963434, 347.64278293162465, 348.77873053774357, 352.11305500791417, 356.61922251153806, 361.3962371935576, 365.2823551182158, 367.389263230553, 368.11361359783336, 368.33363887148255, 368.5247445757096, 368.57340138803085, 366.5873121862819, 363.09769375996734, 361.30579856119397, 360.52634747509694, 360.51030512025915], [346.55658416735855, 343.89380578840564, 347.3628167548526, 347.69617443990956, 344.0470276315176, 352.04439423583085, 352.4150364170207, 349.48550653013956, 349.6193027956572, 354.21342971322485, 360.9840444860256, 366.91516355034, 371.73644773052854, 372.9243072388252, 372.99933492229513, 373.01183941049754, 373.0227172858037, 373.0237400303664, 373.01194141634994, 366.84463526019124, 363.16497125145725, 363.0516250356886, 363.0135822612043, 363.0189727180084], [348.6071668801618, 344.25462053983637, 346.3995900127968, 347.35550724905164, 344.566137341237, 350.162653199705, 352.08168063955486, 349.7882802393004, 349.35496294457056, 352.95582576068193, 358.98413035960175, 364.9200137786203, 369.94440107761335, 372.12186688472235, 372.50390509752214, 372.59684533284263, 372.68312020272487, 372.6665874551607, 372.62075089418454, 367.5054635399227, 363.3905221798796, 362.8319168359139, 362.7424827160257, 362.76552255921604], [350.35826687963396, 344.98561420079193, 345.6407797247534, 346.8428685303531, 344.87589062446466, 348.7564933003672, 351.4284304675076, 349.94870690819096, 349.1767028630645, 351.8958737798192, 357.16173035639645, 362.90569221134285, 368.06339019020004, 371.0046063316197, 371.88016720773703, 372.1111939578373, 372.26755411092245, 372.23474380139476, 372.173760925479, 367.9328941963789, 363.65400614170426, 362.6798387462367, 362.46270029076874, 362.48814949669145], [349.3559795255777, 344.266647711244, 346.2833024950141, 347.377723815158, 344.7324729344323, 350.69874490951287, 352.22092491443993, 349.7620219064497, 349.46763788274677, 353.3947448454616, 359.78537170289513, 365.81407181356894, 370.794766057139, 372.57331296991885, 372.8174746636368, 372.846632136878, 372.86440036823177, 372.8705100328819, 372.84554550729905, 367.5723925555436, 363.45151001068496, 362.8951939827496, 362.8152855150802, 362.830072569257], [351.71262741398584, 345.1121301018559, 345.55441856809074, 346.84767596583004, 345.1602753471204, 349.6640156860226, 351.8645294713098, 349.95992578525164, 349.37103627027295, 352.6887828274599, 358.6797186378571, 364.73191308114133, 369.8557750761164, 372.14877413600215, 372.60871471759947, 372.67148954494246, 372.6971413723941, 372.708097956301, 372.67518642456054, 368.1341202061452, 363.78444465187033, 362.81454321378845, 362.60640656976716, 362.6303857152047], [353.6872335796579, 346.3307640539845, 345.2032018262423, 346.2460374556152, 345.33375060514686, 348.84506257284437, 351.4192599480616, 350.0698270619712, 349.30786467042594, 352.0824981754955, 357.66787685419337, 363.683845895851, 368.9266396989631, 371.6536453305395, 372.3634806569465, 372.4831873856289, 372.5195356970619, 372.5351051978847, 372.4992679543168, 368.5598867300471, 364.1377010522358, 362.81229894677875, 362.39492386975, 362.41811407450507], [355.33243562857643, 347.8264790759881, 345.23153666336833, 345.6849260402275, 345.28990540076904, 348.16574182482117, 350.93158128391667, 350.0945435279048, 349.25912664129515, 351.5620476404764, 356.7484011438979, 362.6822349227819, 368.01604945750137, 371.09937570205807, 372.076692333557, 372.27748864967333, 372.32959913758805, 372.349712862119, 372.3161112001351, 368.873501397389, 364.4917315748921, 362.88844232787676, 362.183464727766, 362.19093123109997], [355.2307878483475, 348.51653627341426, 344.5765308271982, 344.37237980069494, 344.18594422869205, 346.4196620750433, 349.2277837437912, 349.1297360883227, 348.32105994282, 349.8609759430103, 354.0089902152888, 359.27568932398736, 364.51904384332033, 368.1256047751576, 370.0266684834049, 370.9605025796608, 371.3394206394879, 371.4067342158929, 371.3845198272227, 368.3796084104012, 364.15444467732607, 361.9365371802423, 360.75878356280447, 361.03233512032443], [365.7624306256225, 362.4121732552924, 360.62213705231557, 359.7676767273029, 356.86049221092463, 346.76567884001037, 349.1229702319763, 348.7893308673272, 348.1062228509274, 349.683423302778, 353.6426226390365, 358.4207558965275, 365.63290335031036, 365.5791364489374, 366.58304630080806, 366.8227867455472, 366.8798381178037, 366.8993949342199, 366.87715337449856, 364.3946051267253, 361.41323628013424, 362.3791577551716, 362.34599397472743, 362.339333158218], [364.7141913025104, 362.6438941175192, 360.5632870602075, 359.5536329622224, 357.051339923218, 347.9393201489869, 348.5121214047742, 348.579251530384, 347.95403609742846, 349.21103683903294, 352.8309674836367, 357.51832498255345, 364.37926224064415, 365.29285613697124, 366.13949729376037, 366.46786727895227, 366.5402977681485, 366.55612612465507, 366.5395463931789, 364.4404775362298, 361.56704975756793, 361.8669382599214, 361.99574978777287, 361.9891520730231], [364.76985100569436, 362.6999368898218, 360.625150589166, 359.58026274993745, 357.0760404180725, 348.02096781658105, 348.5531837390212, 348.61379974801633, 347.98226988003535, 349.2050211526963, 352.77476656088123, 357.3638731560515, 364.15937130825245, 365.277902068509, 366.12090059684994, 366.4926520522285, 366.5852934620918, 366.6163492157691, 366.60071249971867, 364.48051168544106, 361.5655975370032, 361.9009225272048, 362.02533584431376, 362.03176959661755], [363.7661210909541, 362.69151187194103, 360.6409700633464, 359.35068032357617, 357.12049388580675, 349.1553928677695, 348.20261789341544, 348.3489669249185, 347.8213683893818, 348.7215120736666, 351.8820180826721, 356.2213160608048, 362.6053312859506, 364.7068054576754, 365.61076203069155, 366.11146417556495, 366.2755031489446, 366.3129375138009, 366.3039729061894, 364.47491618406644, 361.6617868412017, 361.52867684033976, 361.6493020316049, 361.6829485806767], [362.74116859215434, 362.3404752377858, 360.5370610540367, 359.04769509584514, 357.0205065315935, 350.1300132407772, 348.0172668133638, 348.0173227661424, 347.5893508299254, 348.19374787449135, 350.9160390260987, 354.91910784629744, 360.8650464666581, 363.80072565435404, 364.98529501760186, 365.6700036268395, 365.94288752901826, 365.99527899229156, 365.99197843573444, 364.390004262087, 361.70403291635495, 361.20982940556263, 361.23683915058166, 361.275171605086], [360.79015054540525, 360.5238945020909, 359.14449471264726, 357.6062214740634, 355.79485187407323, 350.18292362634475, 347.26014960888335, 346.98011751584295, 346.6416924769805, 346.9625953032333, 349.03428744006635, 352.4667143865741, 357.54329571222667, 361.07294212478854, 362.91899358967595, 364.2720156432346, 364.98499961798893, 365.0813048684556, 365.0851406739502, 363.72632880813774, 361.1962324900521, 360.0020383185977, 359.7367553535046, 360.129998865821], [361.4237808220367, 361.314975390869, 359.92082382470767, 358.36403198054734, 356.511800961449, 350.6750854318214, 347.76313992189523, 347.4617225295423, 347.12044071966943, 347.4175802297382, 349.5592574131955, 353.08215078125556, 358.4534059659988, 362.1143731153293, 363.8820801622652, 364.9420433656607, 365.39824084110717, 365.4723134362338, 365.4757187751578, 364.07678382841027, 361.5356832191543, 360.73251714704213, 360.58979130187936, 360.5991448690944], [359.6781668665381, 359.4575871853193, 358.44180802279124, 356.9574528077485, 355.2577042828794, 350.50757357888324, 347.1535648695738, 346.4910090190786, 346.17295022942017, 346.2735665877709, 347.8630937897077, 350.84134374808707, 355.4256799178127, 359.25689491812784, 361.851541012799, 363.67408855998656, 364.4815366835951, 364.58596151169814, 364.5979300753176, 363.39247702079274, 361.012583588801, 359.78934775770006, 359.35044711766864, 359.4638814486167], [352.75704912440614, 345.5681522056974, 343.63112823494623, 344.2778425076345, 343.5117978540378, 345.2745221421323, 348.2177564231026, 348.43064759634336, 347.64278293162465, 348.77873053774357, 352.1130550079142, 356.619222511538, 361.3962371935576, 365.2823551182158, 367.389263230553, 368.113613597834, 368.33363887148255, 368.5247445757094, 368.57340138803147, 366.58731218628196, 363.09769375996734, 361.305798561194, 360.52634747509694, 360.51030512025915], [350.2322076709374, 344.63029341051094, 345.30021162946684, 346.49632960591464, 344.4919356674806, 348.1180880636009, 350.97615046072605, 349.67621746777087, 348.8692744119522, 351.37226574331777, 356.3186267627714, 361.8602860608485, 366.9951517474734, 370.12319379207156, 371.15066633563316, 371.3361953054765, 371.42797781603736, 371.48611314923136, 371.4490604133787, 367.8160316184554, 363.36470247666773, 362.39673454440344, 362.1534719373376, 362.1672220864501], [348.38778426572514, 344.0478905387569, 346.1882424041289, 347.15313676110975, 344.3099478565836, 349.5982599421653, 351.8292687411215, 349.6718878507385, 349.1583940101137, 352.5233823661327, 358.2485082243704, 364.06660280415156, 369.1188640189006, 371.5588949192698, 372.0554732846643, 372.12360637785935, 372.2200061740624, 372.228714398109, 372.1662473416207, 367.61511821579796, 363.20767051142695, 362.6733803351574, 362.5654145993515, 362.57965514953105], [350.278205258088, 344.48406034751423, 345.1452469071233, 346.32663525860255, 344.32752517781796, 347.93946592052026, 350.8034697933609, 349.5209158786318, 348.72151312117836, 351.19873269456434, 356.0825283606706, 361.57163217378667, 366.7084006253281, 369.83405475620754, 370.8587718266217, 371.02747114690885, 371.0875189532779, 371.1631238402366, 371.1593673775562, 367.7975675262891, 363.1461663572215, 362.25538632729916, 362.0061133230129, 362.0098595127767], [351.5064905439723, 344.58453741541916, 343.840061134473, 344.8554087218973, 343.5779767993983, 346.066385696244, 349.09003978956105, 348.65108189127034, 347.7939547847628, 349.480535620952, 353.4519486830365, 358.3506417234151, 363.3100508535973, 366.8795720113949, 368.44878353028133, 368.8453837079041, 368.9455984137301, 369.0947113346506, 369.13349916020576, 366.7229245534595, 362.6240862637769, 361.345054751902, 360.8092329014279, 360.8539175885009], [351.50649054397223, 344.5845374154191, 343.840061134473, 344.85540872189733, 343.57797679939836, 346.066385696244, 349.0900397895611, 348.65108189127034, 347.7939547847628, 349.480535620952, 353.4519486830367, 358.3506417234154, 363.3100508535973, 366.8795720113949, 368.44878353028133, 368.8453837079041, 368.9455984137301, 369.09471133465064, 369.1334991602051, 366.7229245534595, 362.6240862637769, 361.34505475190196, 360.80923290142783, 360.8539175885009], [351.84245437810654, 345.91428673655525, 345.17760309699486, 346.24722530033483, 344.9779464604523, 347.67354662558904, 350.60632132096964, 349.928080251521, 349.0340029494086, 350.9994526251054, 355.5084412047017, 360.91849493508323, 366.10353610559673, 369.62504927175434, 371.0649067812008, 371.5118550171232, 371.7369679154026, 371.7344766604417, 371.6879701058064, 368.16209288227856, 363.9201963404984, 362.57824070053584, 362.163923021348, 362.18000794762355], [352.86816256551566, 346.60177494142863, 344.62947260846784, 345.28816168175604, 344.54502464379016, 346.45940819508036, 349.36773478246806, 349.39973003657656, 348.56097168908565, 349.88166752736436, 353.5913784851101, 358.48564921367523, 363.51772393963876, 367.4173865322168, 369.40646108180897, 370.1188240685982, 370.40867698611993, 370.51048071252063, 370.57424387714525, 367.81662448294543, 363.9038477865558, 362.19802926604655, 361.5151237475231, 361.49615155151434], [353.5887827400032, 346.71635485790273, 343.8657310036648, 343.95966253081303, 343.5403867567607, 344.96607973006627, 347.70975392287323, 348.3106180031495, 347.647612073569, 348.44618040091905, 351.35999391122914, 355.6097725829567, 360.26320528318286, 364.31187929278474, 366.77041476281397, 367.8114801767683, 368.23205810296884, 368.4686630330846, 368.81849789558436, 366.95368142412093, 363.51748237410015, 361.53628763712663, 360.5753964818671, 360.34773964610963], [352.9141818164664, 346.7921360505346, 344.80989877240864, 345.48177754318385, 344.7310478503901, 346.63835867616643, 349.54953650833176, 349.57133551970975, 348.7285023037396, 350.0665413242863, 353.8202446607142, 358.76707655923644, 363.82088856664393, 367.73656497412287, 369.7327545889752, 370.44781232945655, 370.7384842276687, 370.8302055595426, 370.9142072053144, 368.06462526854966, 364.04433787147985, 362.3533482309528, 361.6415089459017, 361.6738393554517], [353.72112955135003, 347.52141767687647, 344.52720912988946, 344.63737008751536, 344.2049928335466, 345.60170498826136, 348.34641095412707, 348.92698405116744, 348.25262135520575, 349.099868186014, 352.1369942785543, 356.54525280401054, 361.32112459685993, 365.44895129238625, 367.9411511285387, 368.9966786482045, 369.4131847435395, 369.60802072063444, 369.9110597390686, 367.7449034951387, 364.0193693928137, 362.0292670794217, 360.9976962873433, 360.9943628973684], [354.2158182186188, 347.5495183449204, 343.9714959852372, 343.46998159964426, 343.1754570115597, 344.23778654948177, 346.76207381031674, 347.7622942046977, 347.32143874302096, 347.7875665242852, 350.1265612727583, 353.9031776490021, 358.2173081393054, 362.3320966127181, 365.2043681473248, 366.62360884609984, 367.2417191011702, 367.5889590875223, 368.40430877974427, 367.0611352629893, 363.60973500146144, 361.3064541274365, 359.8935431707548, 359.8533062939543], [363.624444677713, 362.54095383536355, 360.49240280596166, 359.2672399585267, 357.05170940267016, 348.9945724504372, 348.10078965284293, 348.26326746374156, 347.7562950403377, 348.72000120145617, 351.9878941184621, 356.55531684442906, 363.08784661186047, 364.8118670979227, 365.6479733834368, 366.0629226246886, 366.1826033192116, 366.1924525678613, 366.1789926785752, 364.3783711590035, 361.64066719478865, 361.4491671235932, 361.5753235391779, 361.57978515689], [362.4248597016472, 362.0150934828386, 360.2334779301446, 358.7937510948455, 356.8260599734487, 349.86493017665856, 347.82340307485475, 347.84782888834883, 347.475644194808, 348.15923488272506, 351.055580742329, 355.48085275908124, 361.6949816270698, 364.0998130120189, 365.0542089430244, 365.58619599676774, 365.7882121108477, 365.80131024515816, 365.79073486873216, 364.21980222066327, 361.63853398719016, 361.0264882088204, 361.07164076732533, 361.07746085031397], [361.1443796520198, 360.9983728991179, 359.61721081782713, 358.10139395448255, 356.30510715310265, 350.52723044478455, 347.52523314705485, 347.2923842148751, 346.9982613529649, 347.3687614491893, 349.83963597594607, 354.13147994983603, 360.0195589264043, 363.0063854462334, 364.22529979080235, 364.93766545883983, 365.25290714189623, 365.28372032417855, 365.2760391701074, 363.90396252586993, 361.48214672121065, 360.4653748030046, 360.40255386864493, 360.4031449297646], [359.42869594235225, 359.1647657045359, 358.1490674103989, 356.6945928969678, 355.0446482285063, 350.35226596054054, 346.93778420559795, 346.3159004984119, 346.0466282367349, 346.21311200767116, 348.06300226377505, 351.66188467909836, 356.7708038782598, 360.29428798624053, 362.28947777154906, 363.7068370027551, 364.35433251883586, 364.402700064393, 364.39976588907575, 363.21830511970546, 360.78807981648447, 359.14376307989755, 359.26357000340766, 359.27075451145157]]
tau_S_out = [[345.1580519988494, 343.33257213930796, 346.6193706562867, 346.7703213868661, 343.15288372610513, 350.35559365298934, 351.32342177294726, 348.549746685906, 348.59865049605594, 352.73423548743807, 358.8548973948949, 364.57555584847347, 369.35103547344505, 370.86366502249945, 370.9620340135487, 370.9620340367197, 370.96203406978964, 371.01238500070207, 371.0309580274715, 365.82829656990117, 361.88499703575985, 362.0405376777947, 361.8567163673082, 361.977345692412], [346.23383935083734, 343.82114692844755, 347.32069493546527, 347.596578017913, 343.8799299113178, 351.51402453827416, 352.3602136250445, 349.4740183646728, 349.49373727479343, 353.8360095381891, 360.3270298468777, 366.230735492387, 371.10212651789794, 372.64211719665116, 372.7424806385984, 372.7672229270157, 372.80864976394537, 372.8113157345073, 372.7954210045402, 367.0550978801618, 363.0592886634075, 362.97782291511146, 362.92469020230175, 362.9324590821172], [348.4040959995718, 343.98929133619066, 346.12624215033514, 347.0854963261309, 344.24553249522296, 349.5218971937663, 351.7615950904179, 349.6115220775573, 349.10070554527556, 352.45140434917727, 358.14554457675155, 363.9462441361377, 369.00564968720295, 371.4449093440557, 371.94084747147974, 371.98620053530806, 372.04760541021403, 372.08353472506434, 372.05531965902173, 367.67233855784394, 363.1083176206805, 362.61194297613656, 362.49489077313456, 362.5181941072109], [350.278205258088, 344.4840603475143, 345.14524690712335, 346.32663525860255, 344.32752517781796, 347.93946592052026, 350.8034697933609, 349.5209158786318, 348.72151312117836, 351.1987326945642, 356.0825283606663, 361.57163217378434, 366.7084006253281, 369.83405475620754, 370.8587718266217, 371.02747114689635, 371.0875189533188, 371.1631238402322, 371.15936737759796, 367.7975675262891, 363.1461663572215, 362.25538632729905, 362.00611332301276, 362.0098595127701], [351.5064905439723, 344.58453741541916, 343.840061134473, 344.8554087218973, 343.5779767993983, 346.066385696244, 349.09003978956105, 348.65108189127034, 347.7939547847628, 349.480535620952, 353.45194868303594, 358.3506417234136, 363.3100508535973, 366.8795720113949, 368.44878353028133, 368.8453837079041, 368.9455984137577, 369.0947113346516, 369.1334991602081, 366.7229245534595, 362.6240862637769, 361.345054751902, 360.80923290142783, 360.8539175885009], [351.50649054397223, 344.5845374154191, 343.840061134473, 344.85540872189733, 343.57797679939836, 346.066385696244, 349.0900397895611, 348.65108189127034, 347.7939547847628, 349.480535620952, 353.4519486830361, 358.3506417234139, 363.3100508535973, 366.8795720113949, 368.44878353028133, 368.8453837079041, 368.94559841375764, 369.0947113346517, 369.1334991602074, 366.7229245534595, 362.6240862637769, 361.34505475190196, 360.8092329014278, 360.8539175885009], [348.38778426572514, 344.0478905387569, 346.1882424041289, 347.1531367611098, 344.3099478565836, 349.5982599421654, 351.8292687411215, 349.6718878507385, 349.1583940101137, 352.5233823661327, 358.24850822437037, 364.06660280415156, 369.1188640189005, 371.5588949192686, 372.0554732847331, 372.12360637799907, 372.2200061741008, 372.22871439815646, 372.1662473415896, 367.61511821579796, 363.20767051142684, 362.67338033516495, 362.56541459938467, 362.57965514947847], [350.2322076709374, 344.63029341051094, 345.30021162946684, 346.49632960591464, 344.4919356674806, 348.1180880636009, 350.97615046072605, 349.67621746777087, 348.8692744119522, 351.37226574331777, 356.3186267627714, 361.8602860608485, 366.99515174747347, 370.1231937920707, 371.15066633563333, 371.33619530546866, 371.42797781611296, 371.48611314923284, 371.44906041335076, 367.8160316184554, 363.3647024766677, 362.39673454440316, 362.1534719373617, 362.16722208645024], [351.8158736938357, 345.3807156549029, 344.64007720026075, 345.6974855409336, 344.3999810653282, 346.89316868552027, 349.9207636527666, 349.4325985940204, 348.5486471211845, 350.3201339795516, 354.4953457712298, 359.62379472726536, 364.7071616448709, 368.33712741369465, 369.93093182551473, 370.3458666503445, 370.4688306233911, 370.56986891492426, 370.5672915558328, 367.6850432336865, 363.4700172896227, 362.1118722757695, 361.6624748668345, 361.6611353849644], [352.75704912440614, 345.5681522056974, 343.63112823494623, 344.2778425076345, 343.5117978540378, 345.2745221421323, 348.2177564231026, 348.43064759634336, 347.64278293162465, 348.77873053774357, 352.1130550079142, 356.619222511538, 361.3962371935576, 365.28235511821583, 367.389263230553, 368.11361359783245, 368.33363887154604, 368.52474457568945, 368.5734013879993, 366.58731218628196, 363.0976937599673, 361.30579856119397, 360.5263474750968, 360.51030512025915], [352.7570491244063, 345.56815220569734, 343.63112823494623, 344.27784250763443, 343.51179785403787, 345.27452214213224, 348.21775642310257, 348.4306475963434, 347.64278293162465, 348.77873053774357, 352.11305500791417, 356.61922251153806, 361.3962371935576, 365.28235511821583, 367.389263230553, 368.11361359783183, 368.33363887154604, 368.5247445756896, 368.5734013879987, 366.5873121862819, 363.09769375996734, 361.3057985611939, 360.5263474750969, 360.51030512025915], [346.55658416735855, 343.89380578840564, 347.3628167548526, 347.6961744399096, 344.0470276315176, 352.04439423583085, 352.4150364170207, 349.4855065301397, 349.6193027956572, 354.21342971322724, 360.98404448602577, 366.91516355034116, 371.73644773053076, 372.9243072387957, 372.99933492217474, 373.01183941044354, 373.0227172856767, 373.0237400304273, 373.0119414163366, 366.8446352601948, 363.1649712514532, 363.05162503570034, 363.0135822611779, 363.01897271830836], [348.6071668801618, 344.25462053983637, 346.3995900127968, 347.35550724905164, 344.566137341237, 350.162653199705, 352.08168063955486, 349.7882802393004, 349.35496294457056, 352.95582576068193, 358.984130359602, 364.92001377862033, 369.94440107761363, 372.12186688472394, 372.50390509754783, 372.5968453328698, 372.6831202026647, 372.6665874551813, 372.62075089418784, 367.50546353992263, 363.39052217987035, 362.83191683588495, 362.74248271603676, 362.76552255893756], [350.35826687963396, 344.98561420079193, 345.6407797247534, 346.8428685303531, 344.87589062446466, 348.75649330036714, 351.42843046750755, 349.9487069081909, 349.17670286306446, 351.8958737798193, 357.1617303563966, 362.9056922113428, 368.06339019019975, 371.00460633162186, 371.8801672077668, 372.1111939578714, 372.2675541108891, 372.2347438014926, 372.17376092549745, 367.9328941963794, 363.654006141702, 362.6798387462125, 362.4627002907817, 362.48814949670015], [351.84245437810654, 345.91428673655525, 345.17760309699486, 346.24722530033483, 344.97794646045236, 347.673546625589, 350.60632132096964, 349.928080251521, 349.0340029494086, 350.9994526251054, 355.50844120470174, 360.9184949350834, 366.1035361055967, 369.6250492717543, 371.0649067812067, 371.5118550171018, 371.7369679154991, 371.734476660463, 371.6879701058277, 368.16209288227884, 363.92019634050064, 362.5782407005185, 362.16392302127844, 362.18000794810774], [352.86816256551566, 346.60177494142863, 344.62947260846784, 345.28816168175604, 344.54502464379016, 346.45940819508036, 349.36773478246806, 349.39973003657656, 348.56097168908565, 349.88166752736436, 353.59137848511017, 358.48564921367523, 363.51772393963876, 367.4173865322168, 369.40646108180897, 370.1188240686076, 370.4086769861517, 370.5104807125235, 370.5742438771545, 367.8166244829455, 363.90384778655607, 362.19802926604757, 361.51512374752326, 361.49615155164486], [353.5887827400032, 346.71635485790273, 343.8657310036648, 343.95966253081303, 343.5403867567607, 344.96607973006627, 347.70975392287323, 348.3106180031495, 347.647612073569, 348.44618040091905, 351.35999391122914, 355.6097725829567, 360.26320528318286, 364.31187929278474, 366.77041476281397, 367.8114801767683, 368.2320581029926, 368.4686630330802, 368.81849789558436, 366.95368142412093, 363.51748237410027, 361.5362876371269, 360.57539648186713, 360.34773964610963], [352.9141818164664, 346.7921360505346, 344.80989877240864, 345.48177754318385, 344.7310478503901, 346.63835867616643, 349.54953650833176, 349.5713355197098, 348.7285023037396, 350.0665413242863, 353.82024466071425, 358.7670765592366, 363.82088856664404, 367.7365649741225, 369.73275458897484, 370.44781232947787, 370.73848422767685, 370.83020555955864, 370.91420720530033, 368.0646252685498, 364.04433787148037, 362.3533482309538, 361.64150894574226, 361.6738393555029], [353.72112955135003, 347.52141767687647, 344.52720912988946, 344.63737008751536, 344.2049928335466, 345.60170498826136, 348.34641095412707, 348.92698405116744, 348.25262135520575, 349.0998681860141, 352.1369942785543, 356.54525280401054, 361.32112459686005, 365.44895129238625, 367.94115112853757, 368.9966786482102, 369.4131847436217, 369.60802072062904, 369.9110597390879, 367.7449034951387, 364.01936939281416, 362.0292670794223, 360.9976962873434, 360.994362896156], [354.2158182186188, 347.5495183449204, 343.9714959852372, 343.46998159964426, 343.1754570115597, 344.23778654948177, 346.76207381031674, 347.7622942046977, 347.32143874302096, 347.7875665242852, 350.1265612727583, 353.90317764900215, 358.21730813930543, 362.3320966127181, 365.2043681473248, 366.62360884609615, 367.24171910118764, 367.5889590875704, 368.40430877974427, 367.0611352629893, 363.6097350014616, 361.30645412743667, 359.8935431707548, 359.8533062939542], [349.35597952557777, 344.266647711244, 346.2833024950141, 347.377723815158, 344.7324729344323, 350.69874490951287, 352.22092491444, 349.7620219064498, 349.4676378827468, 353.3947448454616, 359.78537170289746, 365.81407181356946, 370.7947660571438, 372.5733129698999, 372.81747466347844, 372.84663213653596, 372.8644003681778, 372.87051003290003, 372.84554550731497, 367.57239255555146, 363.451510010687, 362.8951939827687, 362.8152855151172, 362.83007256886725], [351.71262741398584, 345.1121301018559, 345.55441856809074, 346.84767596583004, 345.16027534712043, 349.6640156860226, 351.8645294713099, 349.95992578525164, 349.37103627027295, 352.68878282745993, 358.6797186378571, 364.7319130811413, 369.8557750761214, 372.14877413598293, 372.608714717493, 372.6714895449262, 372.6971413722429, 372.7080979563096, 372.67518642458117, 368.1341202061587, 363.78444465187147, 362.8145432137878, 362.6064065698262, 362.6303857152265], [353.6872335796579, 346.3307640539845, 345.2032018262423, 346.2460374556152, 345.33375060514686, 348.84506257284437, 351.4192599480616, 350.0698270619712, 349.30786467042594, 352.0824981754955, 357.66787685419337, 363.68384589585094, 368.9266396989626, 371.65364533059443, 372.36348065689526, 372.48318738540587, 372.5195356969914, 372.5351051978911, 372.49926795431884, 368.5598867300627, 364.13770105223676, 362.8122989467802, 362.39492386975695, 362.4181140749471], [355.33243562857643, 347.8264790759881, 345.23153666336833, 345.6849260402275, 345.28990540076904, 348.1657418248211, 350.9315812839166, 350.0945435279048, 349.2591266412952, 351.5620476404764, 356.74840114389804, 362.68223492278184, 368.016049457501, 371.0993757020555, 372.0766923335069, 372.277488649544, 372.32959913747817, 372.3497128621241, 372.31611120016845, 368.8735013973917, 364.49173157489275, 362.8884423278775, 362.18346472776784, 362.19093123124145], [355.2307878483475, 348.51653627341426, 344.5765308271982, 344.37237980069494, 344.18594422869205, 346.4196620750433, 349.2277837437912, 349.1297360883227, 348.32105994282, 349.8609759430103, 354.00899021528886, 359.27568932398736, 364.51904384332033, 368.1256047751576, 370.0266684834049, 370.96050257951464, 371.33942063944835, 371.4067342158929, 371.3845198272227, 368.3796084104012, 364.15444467732624, 361.93653718024257, 360.75878356280475, 361.0323351203244], [356.9024803563758, 349.5342338068164, 345.59749162182334, 345.2063448880239, 345.0478941054861, 347.5621444583305, 350.4387058453028, 350.03157196754205, 349.19798893220417, 351.122618645593, 355.95395923224976, 361.7846303037818, 367.1767650179483, 370.51987793762237, 371.74493134847006, 372.0374592933897, 372.10710114475796, 372.13096598173047, 372.10382500041203, 369.07441534532717, 364.8148072929037, 362.98081776837415, 361.9734099542736, 361.9258612817563], [364.76985100569436, 362.6999368898218, 360.625150589166, 359.58026274993745, 357.0760404180725, 348.02096781658105, 348.55318373902116, 348.61379974801633, 347.9822698800353, 349.2050211526963, 352.7747665608813, 357.3638731560515, 364.15937130825245, 365.27790206850904, 366.12090059682987, 366.49265205222855, 366.5852934620918, 366.61634921576933, 366.60071249973237, 364.4805116854598, 361.56559753700395, 361.9009225272033, 362.025335844341, 362.03176959651705], [363.7661210909541, 362.69151187194103, 360.6409700633464, 359.35068032357617, 357.1204938858067, 349.1553928677694, 348.2026178934154, 348.3489669249185, 347.8213683893818, 348.7215120736666, 351.8820180826721, 356.22131606080484, 362.6053312859506, 364.7068054576754, 365.6107620306915, 366.11146417556495, 366.2755031489446, 366.31293751380093, 366.30397290618964, 364.4749161840991, 361.66178684120223, 361.52867684033373, 361.64930203160634, 361.6829485809657], [362.74116859215434, 362.3404752377858, 360.5370610540367, 359.04769509584514, 357.0205065315935, 350.1300132407772, 348.0172668133638, 348.01732276614246, 347.5893508299254, 348.1937478744913, 350.9160390260987, 354.91910784629744, 360.8650464666581, 363.80072565435404, 364.98529501760186, 365.6700036268395, 365.94288752901826, 365.99527899229156, 365.9919784357345, 364.39000426208713, 361.7040329163553, 361.20982940556087, 361.2368391505728, 361.27517160514344], [360.79015054540525, 360.5238945020909, 359.14449471264726, 357.6062214740634, 355.79485187407323, 350.18292362634475, 347.26014960888335, 346.98011751584295, 346.6416924769805, 346.9625953032333, 349.03428744006635, 352.4667143865741, 357.54329571222667, 361.07294212478854, 362.91899358967595, 364.2720156432346, 364.98499961798893, 365.0813048684556, 365.0851406739502, 363.72632880813785, 361.1962324900523, 360.00203831859756, 359.73675535350407, 360.129998865821], [361.4237808220367, 361.314975390869, 359.92082382470767, 358.36403198054734, 356.511800961449, 350.6750854318214, 347.76313992189523, 347.4617225295423, 347.12044071966943, 347.4175802297382, 349.55925741319544, 353.08215078125556, 358.4534059659988, 362.1143731153293, 363.8820801622652, 364.9420433656607, 365.39824084110717, 365.47231343623383, 365.4757187751579, 364.0767838284103, 361.5356832191544, 360.73251714704196, 360.58979130187885, 360.5991448689443], [359.67816686653805, 359.4575871853193, 358.44180802279124, 356.9574528077485, 355.2577042828794, 350.50757357888324, 347.1535648695738, 346.4910090190786, 346.17295022942017, 346.2735665877709, 347.8630937897077, 350.84134374808707, 355.4256799178127, 359.25689491812784, 361.851541012799, 363.67408855998656, 364.4815366835951, 364.58596151169814, 364.59793007531766, 363.39247702079285, 361.0125835888011, 359.7893477576999, 359.35044711766824, 359.4638814486167], [364.7141913025104, 362.6438941175192, 360.5632870602075, 359.5536329622224, 357.051339923218, 347.9393201489869, 348.5121214047742, 348.57925153038394, 347.9540360974285, 349.211036839033, 352.8309674836367, 357.51832498255345, 364.37926224064415, 365.2928561369716, 366.1394972936908, 366.46786727895227, 366.5402977681485, 366.55612612465507, 366.53954639317766, 364.44047753623124, 361.5670497575694, 361.8669382599162, 361.99574978778776, 361.9891520729261], [363.624444677713, 362.54095383536355, 360.49240280596166, 359.2672399585267, 357.05170940267016, 348.9945724504372, 348.10078965284293, 348.26326746374156, 347.7562950403377, 348.72000120145617, 351.9878941184621, 356.55531684442906, 363.08784661186047, 364.8118670979227, 365.6479733834368, 366.0629226246886, 366.18260331921164, 366.1924525678614, 366.17899267857547, 364.3783711590049, 361.640667194791, 361.4491671235855, 361.5753235391789, 361.57978515686756], [362.4248597016472, 362.0150934828386, 360.2334779301446, 358.7937510948455, 356.8260599734487, 349.8649301766585, 347.82340307485475, 347.84782888834883, 347.475644194808, 348.15923488272506, 351.055580742329, 355.48085275908124, 361.6949816270698, 364.0998130120189, 365.0542089430244, 365.5861959967677, 365.7882121108477, 365.80131024515816, 365.79073486873233, 364.21980222066486, 361.6385339871917, 361.02648820881944, 361.0716407673227, 361.07746085037564], [361.1443796520198, 360.9983728991179, 359.61721081782713, 358.10139395448255, 356.30510715310265, 350.52723044478455, 347.52523314705485, 347.2923842148751, 346.99826135296496, 347.3687614491893, 349.8396359759461, 354.13147994983603, 360.0195589264043, 363.0063854462334, 364.22529979080235, 364.93766545883983, 365.25290714189623, 365.28372032417855, 365.2760391701076, 363.90396252587044, 361.4821467212139, 360.4653748030036, 360.4025538686434, 360.40314492962483], [359.42869594235225, 359.1647657045359, 358.1490674103989, 356.6945928969678, 355.0446482285063, 350.35226596054054, 346.93778420559795, 346.3159004984119, 346.0466282367349, 346.21311200767116, 348.06300226377505, 351.66188467909836, 356.77080387825976, 360.29428798624053, 362.28947777154906, 363.7068370027551, 364.35433251883586, 364.402700064393, 364.39976588907575, 363.2183051197056, 360.7880798164861, 359.1437630798973, 359.26357000340727, 359.2707545114515]]
tau_S_port = [[343.5835584338904, 344.11126415812225, 348.5210533822631, 347.6297459278133, 343.1500136129155, 353.9633468883052, 352.2499249024499, 349.0954509300292, 349.8412110777703, 355.24765422124716, 362.4323083671316, 368.149574795166, 372.787048218752, 373.1499999969979, 373.1499999997868, 373.14999999993773, 373.1499999999075, 373.1499999998268, 373.14999999950464, 365.85201786129863, 362.9239607179349, 363.240378283887, 363.13964852131164, 363.14999999991977], [345.1580519988494, 343.33257213930796, 346.6193706562867, 346.7703213868661, 343.15288372610513, 350.35559365298934, 351.32342177294726, 348.549746685906, 348.59865049605594, 352.734235487438, 358.8548973948947, 364.57555584847347, 369.35103547344505, 370.86366502249945, 370.9620340135487, 370.9620340367197, 370.96203406978964, 371.01238500066916, 371.0309580274701, 365.8282965699116, 361.88499703575985, 362.0405376777947, 361.8567163673082, 361.9773456924119], [346.2338393508373, 343.82114692844755, 347.32069493546527, 347.5965780179129, 343.8799299113178, 351.51402453827416, 352.3602136250445, 349.4740183646728, 349.4937372747939, 353.8360095381921, 360.3270298468819, 366.23073549239007, 371.1021265178969, 372.6421171966338, 372.7424806385225, 372.7672229269684, 372.8086497640306, 372.8113157344815, 372.79542100463675, 367.0550978801618, 363.0592886634063, 362.9778229150926, 362.9246902023826, 362.9324590818153], [348.4040959995718, 343.98929133619066, 346.12624215033514, 347.0854963261309, 344.245532495223, 349.5218971937663, 351.7615950904179, 349.6115220775573, 349.10070554527573, 352.45140434917806, 358.145544576753, 363.9462441361393, 369.0056496872029, 371.4449093440557, 371.94084747147605, 371.98620053528043, 372.0476054101881, 372.08353472505064, 372.05531965898354, 367.67233855784394, 363.10831762068057, 362.6119429761367, 362.4948907731394, 362.5181941075667], [351.8158736938357, 345.3807156549029, 344.64007720026075, 345.6974855409336, 344.3999810653282, 346.89316868552027, 349.9207636527666, 349.4325985940204, 348.5486471211845, 350.3201339795516, 354.4953457712297, 359.62379472726536, 364.7071616448709, 368.33712741369465, 369.9309318255162, 370.34586665030724, 370.46883062333904, 370.56986891487225, 370.56729155589943, 367.6850432336865, 363.4700172896228, 362.11187227576954, 361.6624748668348, 361.6611353847828], [352.7570491244063, 345.56815220569734, 343.63112823494623, 344.27784250763443, 343.51179785403787, 345.27452214213224, 348.21775642310257, 348.4306475963434, 347.64278293162465, 348.77873053774357, 352.11305500791417, 356.619222511538, 361.3962371935576, 365.2823551182158, 367.389263230553, 368.1136135978349, 368.33363887141905, 368.5247445757296, 368.5734013880631, 366.5873121862819, 363.09769375996734, 361.30579856119397, 360.52634747509705, 360.51030512025915], [346.55658416735855, 343.89380578840564, 347.3628167548526, 347.69617443990956, 344.0470276315176, 352.04439423583085, 352.4150364170207, 349.4855065301395, 349.6193027956572, 354.2134297132244, 360.98404448602616, 366.91516355034, 371.73644773052854, 372.9243072388252, 372.99933492229513, 373.01183941055444, 373.02271728584316, 373.02374003036635, 373.0119414163823, 366.84463526019124, 363.16497125145725, 363.0516250356886, 363.0135822612043, 363.01897271800254], [348.6071668801618, 344.25462053983637, 346.3995900127968, 347.35550724905164, 344.566137341237, 350.162653199705, 352.08168063955486, 349.7882802393004, 349.35496294457056, 352.95582576068193, 358.98413035960175, 364.9200137786203, 369.9444010776134, 372.12186688472235, 372.50390509752214, 372.5968453328427, 372.6831202027598, 372.6665874551607, 372.62075089418454, 367.5054635399227, 363.3905221798796, 362.8319168359139, 362.7424827160248, 362.7655225592177], [350.35826687963396, 344.98561420079193, 345.6407797247534, 346.8428685303531, 344.87589062446466, 348.7564933003672, 351.4284304675076, 349.94870690819096, 349.1767028630645, 351.8958737798192, 357.16173035639645, 362.90569221134285, 368.06339019020004, 371.0046063316197, 371.88016720773703, 372.1111939578373, 372.26755411096605, 372.2347438013638, 372.17376092547903, 367.9328941963789, 363.65400614170426, 362.6798387462365, 362.46270029076817, 362.4881494966926], [349.3559795255777, 344.266647711244, 346.2833024950141, 347.377723815158, 344.7324729344323, 350.69874490951287, 352.22092491443993, 349.7620219064497, 349.46763788274677, 353.3947448454616, 359.7853717028926, 365.8140718135689, 370.794766057139, 372.57331296991885, 372.8174746636462, 372.8466321369035, 372.8644003682508, 372.8705100328819, 372.84554550729905, 367.5723925555436, 363.45151001068496, 362.8951939827496, 362.8152855150794, 362.83007256925583], [351.71262741398584, 345.1121301018559, 345.55441856809074, 346.84767596583004, 345.1602753471204, 349.6640156860226, 351.8645294713098, 349.95992578525164, 349.37103627027295, 352.6887828274599, 358.67971863785704, 364.73191308114133, 369.8557750761164, 372.1487741360289, 372.60871471761754, 372.6714895449568, 372.6971413724066, 372.708097956301, 372.67518642456054, 368.1341202061452, 363.78444465187033, 362.81454321378817, 362.6064065697663, 362.6303857152054], [353.6872335796579, 346.3307640539845, 345.2032018262423, 346.2460374556152, 345.33375060514686, 348.84506257284437, 351.4192599480616, 350.0698270619712, 349.30786467042594, 352.0824981754955, 357.66787685419337, 363.683845895851, 368.9266396989631, 371.6536453305116, 372.3634806569389, 372.4831873856357, 372.5195356970709, 372.5351051978847, 372.4992679543168, 368.5598867300471, 364.13770105223574, 362.8122989467782, 362.3949238697493, 362.418114074506], [355.33243562857643, 347.8264790759881, 345.23153666336833, 345.6849260402275, 345.28990540076904, 348.16574182482117, 350.93158128391667, 350.0945435279048, 349.25912664129515, 351.56204764047635, 356.7484011438979, 362.6822349227819, 368.01604945750137, 371.0993757020474, 372.07669233353744, 372.2774886496736, 372.3295991375946, 372.349712862119, 372.3161112001351, 368.873501397389, 364.491731574892, 362.8884423278765, 362.1834647277655, 362.1909312311004], [355.2307878483475, 348.51653627341426, 344.5765308271982, 344.37237980069494, 344.18594422869205, 346.4196620750433, 349.2277837437912, 349.1297360883227, 348.32105994282, 349.8609759430103, 354.0089902152888, 359.2756893239873, 364.51904384332033, 368.1256047751576, 370.0266684834049, 370.9605025798069, 371.3394206395275, 371.4067342158929, 371.3845198272227, 368.37960841040115, 364.1544446773259, 361.936537180242, 360.7587835628042, 361.03233512032443], [373.1499415441886, 373.1499218189547, 373.14982951234407, 371.90905390777914, 366.70994903989526, 343.1500199223753, 343.1500178593742, 343.1500163632908, 343.15000920050477, 343.1500094826722, 343.15001055799723, 343.15001196958394, 358.6243431820901, 343.1500000007255, 343.15000000013373, 343.1501047442417, 343.1500000039176, 343.15000000038594, 343.15000000005887, 343.1500000000115, 345.971363724635, 361.79998273262305, 363.1669389350636, 363.143765664534], [364.7141913025104, 362.6438941175192, 360.5632870602075, 359.5536329622224, 357.051339923218, 347.9393201489869, 348.5121214047742, 348.579251530384, 347.9540360974285, 349.21103683903294, 352.8309674836367, 357.51832498255345, 364.37926224064415, 365.29285613697124, 366.13949729378294, 366.46786727895227, 366.54029776814855, 366.556126124655, 366.53954639317345, 364.4404775362298, 361.5670497575677, 361.86693825992126, 361.9957497877738, 361.9891520730231], [364.76985100569436, 362.6999368898218, 360.625150589166, 359.58026274993745, 357.0760404180725, 348.02096781658105, 348.5531837390212, 348.61379974801633, 347.98226988003535, 349.2050211526963, 352.77476656088123, 357.3638731560515, 364.15937130825245, 365.277902068509, 366.1209005968716, 366.4926520522285, 366.5852934620918, 366.6163492157691, 366.6007124997133, 364.4805116854415, 361.56559753700253, 361.90092252720467, 362.0253358443146, 362.0317695966175], [363.7661210909541, 362.691511871941, 360.6409700633464, 359.35068032357617, 357.12049388580675, 349.1553928677695, 348.20261789341544, 348.3489669249185, 347.8213683893818, 348.7215120736666, 351.8820180826721, 356.2213160608048, 362.6053312859506, 364.7068054576754, 365.61076203069155, 366.11146417556495, 366.2755031489446, 366.3129375138009, 366.3039729061894, 364.4749161840504, 361.6617868412016, 361.5286768403397, 361.6493020316056, 361.6829485806766], [362.74116859215434, 362.3404752377858, 360.5370610540367, 359.04769509584514, 357.0205065315935, 350.1300132407772, 348.0172668133638, 348.0173227661424, 347.5893508299254, 348.19374787449135, 350.9160390260987, 354.91910784629744, 360.8650464666581, 363.800725654354, 364.98529501760186, 365.6700036268395, 365.94288752901826, 365.99527899229156, 365.99197843573444, 364.39000426208696, 361.7040329163548, 361.2098294055628, 361.2368391505823, 361.2751716050859], [360.79015054540525, 360.5238945020909, 359.14449471264726, 357.6062214740634, 355.79485187407323, 350.18292362634475, 347.26014960888335, 346.98011751584295, 346.6416924769805, 346.9625953032333, 349.03428744006635, 352.4667143865741, 357.54329571222667, 361.07294212478854, 362.91899358967595, 364.2720156432346, 364.98499961798893, 365.0813048684556, 365.0851406739502, 363.7263288081377, 361.196232490052, 360.0020383185979, 359.73675535350503, 360.129998865821], [361.4237808220367, 361.314975390869, 359.92082382470767, 358.36403198054734, 356.511800961449, 350.6750854318214, 347.76313992189523, 347.4617225295423, 347.12044071966943, 347.4175802297382, 349.5592574131955, 353.08215078125556, 358.4534059659988, 362.1143731153293, 363.8820801622652, 364.9420433656607, 365.39824084110717, 365.4723134362338, 365.4757187751578, 364.0767838284102, 361.5356832191542, 360.73251714704236, 360.58979130187987, 360.59914486909435], [359.6781668665381, 359.4575871853193, 358.44180802279124, 356.9574528077485, 355.2577042828794, 350.50757357888324, 347.1535648695738, 346.4910090190786, 346.17295022942017, 346.2735665877709, 347.8630937897077, 350.84134374808707, 355.4256799178127, 359.25689491812784, 361.851541012799, 363.67408855998656, 364.4815366835951, 364.58596151169814, 364.5979300753176, 363.3924770207927, 361.01258358880096, 359.7893477577003, 359.35044711766903, 359.46388144861675], [352.75704912440614, 345.5681522056974, 343.63112823494623, 344.2778425076345, 343.5117978540378, 345.2745221421323, 348.2177564231026, 348.43064759634336, 347.64278293162465, 348.77873053774357, 352.1130550079142, 356.619222511538, 361.3962371935576, 365.2823551182158, 367.389263230553, 368.1136135978355, 368.33363887141905, 368.5247445757294, 368.57340138806364, 366.58731218628196, 363.09769375996734, 361.3057985611941, 360.526347475097, 360.51030512025915], [350.2322076709374, 344.63029341051094, 345.30021162946684, 346.49632960591464, 344.4919356674806, 348.1180880636009, 350.97615046072605, 349.67621746777087, 348.8692744119522, 351.37226574331777, 356.3186267627714, 361.8602860608485, 366.9951517474734, 370.12319379207156, 371.15066633563316, 371.3361953054765, 371.42797781603736, 371.48611314925364, 371.4490604133681, 367.8160316184553, 363.36470247666773, 362.3967345444035, 362.1534719373377, 362.1672220864502], [348.38778426572514, 344.0478905387569, 346.1882424041289, 347.15313676110975, 344.3099478565836, 349.5982599421653, 351.8292687411215, 349.6718878507385, 349.1583940101137, 352.5233823661327, 358.2485082243704, 364.06660280415156, 369.1188640189006, 371.5588949192698, 372.0554732846643, 372.12360637785935, 372.2200061740624, 372.22871439805124, 372.1662473416207, 367.61511821579796, 363.20767051142695, 362.6733803351574, 362.5654145993516, 362.5796551495312], [350.278205258088, 344.48406034751423, 345.1452469071233, 346.32663525860255, 344.32752517781796, 347.93946592052026, 350.8034697933609, 349.5209158786318, 348.72151312117836, 351.19873269456434, 356.0825283606706, 361.57163217378667, 366.7084006253281, 369.83405475620754, 370.8587718266217, 371.02747114690885, 371.0875189532779, 371.16312384029953, 371.15936737754254, 367.7975675262891, 363.1461663572215, 362.2553863272992, 362.006113323013, 362.0098595127767], [351.5064905439723, 344.58453741541916, 343.840061134473, 344.8554087218973, 343.5779767993983, 346.066385696244, 349.09003978956105, 348.65108189127034, 347.7939547847628, 349.480535620952, 353.4519486830371, 358.3506417234166, 363.3100508535973, 366.8795720113949, 368.44878353028133, 368.8453837079041, 368.9455984137026, 369.0947113346495, 369.1334991602034, 366.7229245534595, 362.6240862637769, 361.34505475190207, 360.8092329014279, 360.8539175885009], [351.50649054397223, 344.5845374154191, 343.840061134473, 344.85540872189733, 343.57797679939836, 346.066385696244, 349.0900397895611, 348.65108189127034, 347.7939547847628, 349.480535620952, 353.4519486830372, 358.35064172341686, 363.3100508535973, 366.8795720113949, 368.44878353028133, 368.8453837079041, 368.94559841370256, 369.09471133464956, 369.13349916020275, 366.7229245534595, 362.6240862637769, 361.345054751902, 360.8092329014279, 360.8539175885009], [351.84245437810654, 345.91428673655525, 345.17760309699486, 346.24722530033483, 344.9779464604523, 347.67354662558904, 350.60632132096964, 349.928080251521, 349.0340029494086, 350.9994526251054, 355.5084412047017, 360.91849493508323, 366.10353610559673, 369.62504927175434, 371.0649067812008, 371.5118550171232, 371.7369679154026, 371.7344766604346, 371.6879701058064, 368.16209288227856, 363.92019634049836, 362.5782407005356, 362.1639230213477, 362.18000794762423], [352.86816256551566, 346.60177494142863, 344.62947260846784, 345.28816168175604, 344.54502464379016, 346.45940819508036, 349.36773478246806, 349.39973003657656, 348.56097168908565, 349.88166752736436, 353.5913784851101, 358.48564921367523, 363.51772393963876, 367.4173865322168, 369.40646108180897, 370.1188240685982, 370.40867698612, 370.5104807125123, 370.57424387714144, 367.81662448294543, 363.90384778655573, 362.19802926604643, 361.515123747523, 361.49615155151446], [353.5887827400032, 346.71635485790273, 343.8657310036648, 343.95966253081303, 343.5403867567607, 344.96607973006627, 347.70975392287323, 348.3106180031495, 347.647612073569, 348.44618040091905, 351.35999391122914, 355.6097725829567, 360.26320528318286, 364.31187929278474, 366.77041476281397, 367.8114801767683, 368.2320581029451, 368.46866303308906, 368.81849789558436, 366.9536814241209, 363.51748237410004, 361.53628763712635, 360.575396481867, 360.3477396461097], [352.9141818164664, 346.7921360505346, 344.80989877240864, 345.48177754318385, 344.7310478503901, 346.63835867616643, 349.54953650833176, 349.5713355197098, 348.7285023037396, 350.0665413242863, 353.8202446607142, 358.76707655923644, 363.82088856664393, 367.73656497412287, 369.7327545889752, 370.44781232945655, 370.7384842276687, 370.8302055595332, 370.9142072053111, 368.0646252685496, 364.04433787147974, 362.3533482309527, 361.6415089459016, 361.67383935545206], [353.72112955135003, 347.52141767687647, 344.52720912988946, 344.63737008751536, 344.2049928335466, 345.60170498826136, 348.34641095412707, 348.92698405116744, 348.25262135520575, 349.099868186014, 352.1369942785543, 356.54525280401054, 361.32112459685993, 365.4489512923862, 367.9411511285387, 368.9966786482045, 369.4131847435243, 369.6080207206743, 369.9110597390576, 367.7449034951387, 364.0193693928136, 362.0292670794215, 360.9976962873433, 360.99436289736855], [354.2158182186188, 347.5495183449204, 343.9714959852372, 343.46998159964426, 343.1754570115597, 344.23778654948177, 346.76207381031674, 347.7622942046977, 347.32143874302096, 347.7875665242852, 350.1265612727583, 353.9031776490021, 358.21730813930526, 362.3320966127181, 365.2043681473248, 366.62360884610354, 367.24171910115274, 367.5889590874742, 368.40430877974427, 367.0611352629893, 363.60973500146133, 361.3064541274363, 359.8935431707548, 359.85330629395435], [363.624444677713, 362.54095383536355, 360.49240280596166, 359.2672399585267, 357.05170940267016, 348.9945724504372, 348.10078965284293, 348.26326746374156, 347.7562950403377, 348.72000120145617, 351.9878941184621, 356.55531684442906, 363.08784661186047, 364.8118670979227, 365.6479733834368, 366.0629226246886, 366.1826033192116, 366.1924525678613, 366.1789926785752, 364.3783711590035, 361.64066719478853, 361.44916712359316, 361.5753235391786, 361.57978515688995], [362.4248597016472, 362.0150934828386, 360.2334779301446, 358.7937510948455, 356.8260599734487, 349.86493017665856, 347.82340307485475, 347.84782888834883, 347.475644194808, 348.15923488272506, 351.055580742329, 355.48085275908124, 361.6949816270698, 364.09981301201884, 365.0542089430244, 365.5861959967677, 365.7882121108477, 365.80131024515816, 365.79073486873216, 364.2198022206632, 361.63853398719, 361.02648820882047, 361.0716407673259, 361.0774608503139], [361.1443796520198, 360.9983728991179, 359.61721081782713, 358.10139395448255, 356.30510715310265, 350.52723044478455, 347.52523314705485, 347.2923842148751, 346.9982613529649, 347.3687614491893, 349.83963597594607, 354.13147994983603, 360.0195589264043, 363.0063854462334, 364.22529979080235, 364.93766545883983, 365.25290714189623, 365.28372032417855, 365.2760391701074, 363.9039625258698, 361.48214672121054, 360.46537480300475, 360.40255386864544, 360.4031449297646], [359.42869594235225, 359.1647657045359, 358.1490674103989, 356.6945928969678, 355.0446482285063, 350.35226596054054, 346.93778420559795, 346.3159004984119, 346.0466282367349, 346.21311200767116, 348.06300226377505, 351.66188467909836, 356.77080387825976, 360.29428798624053, 362.28947777154906, 363.7068370027551, 364.35433251883586, 364.40270006439295, 364.3997658890757, 363.2183051197054, 360.7880798164829, 359.1437630798978, 359.26357000340806, 359.27075451145157]]
tau_S_star = [[345.95368444572387, 344.0366376873731, 347.6072464710748, 347.75364135955067, 344.08329117596475, 351.6301692892595, 352.594993756878, 349.6761608337724, 349.69806322572634, 354.03136518087337, 360.5200563014884, 366.5614452639101, 371.49886117418913, 373.04918006519813, 373.14999999900704, 373.1499999998916, 373.1499999999123, 373.14999999983667, 373.1499999995874, 367.86112741833887, 363.2725389503311, 363.1759790044592, 363.1563877785119, 363.1482747535182], [346.3939475289696, 343.99849979635263, 347.5487012428862, 347.833362961008, 344.09871682403434, 351.74714617834394, 352.5880212488232, 349.681992801132, 349.6985196417206, 354.07240738030663, 360.6233772882797, 366.5877724285022, 371.4988611644684, 373.04918006389687, 373.14999999896156, 373.14999999986077, 373.1499999999264, 373.14999999984116, 373.1499999996145, 367.36417502091626, 363.27253894962615, 363.18004699495515, 363.1561708893071, 363.14827475332856], [348.72690046807696, 344.33416406175354, 346.55267026533227, 347.533718391102, 344.6662599689305, 349.9543849632412, 352.19327267544134, 350.0103969232949, 349.48997154034674, 352.8942489139999, 358.6959091848709, 364.6120460157022, 369.7489623527425, 372.2143420285943, 372.71460190679136, 372.76035007150824, 372.7978649096976, 372.8106198792117, 372.7997586014022, 368.3277723333532, 363.5349802373179, 362.9930843771184, 362.9334904413452, 362.9311642686879], [350.70628923822386, 344.93060695175615, 345.6618731160934, 346.8687483297341, 344.8451454063965, 348.4572116907733, 351.3236208459544, 350.00999961632186, 349.1978421949466, 351.7319094518323, 356.73545603691014, 362.3626303647827, 367.60025926622035, 370.7673372479122, 371.8030868897715, 371.97360246373046, 372.03067819149095, 372.0742428235122, 372.0629745673906, 368.5828189570965, 363.65165344714524, 362.6958279306574, 362.5141023127717, 362.5143102186545], [352.62637827907423, 345.7203321520951, 345.00302527832736, 346.06362918098387, 344.74754005833177, 347.2186379003233, 350.24880344001934, 349.7574639008182, 348.8727266409202, 350.6718817482089, 354.8895612937363, 360.0858524609817, 365.2815205120397, 368.9658175385502, 370.5741282138053, 370.9806102285356, 371.07102852258134, 371.14367647700203, 371.1603768148843, 368.4177248681659, 363.69990459239347, 362.4252000155106, 362.0476142728422, 362.00923514782386], [352.6263782790741, 345.72033215209507, 345.00302527832736, 346.06362918098387, 344.7475400583319, 347.2186379003233, 350.2488034400194, 349.7574639008182, 348.8727266409202, 350.6718817482089, 354.88956129373634, 360.0858524609819, 365.2815205120397, 368.9658175385502, 370.5741282138053, 370.9806102285356, 371.0710285225813, 371.1436764770021, 371.1603768148836, 368.4177248681659, 363.69990459239347, 362.42520001551054, 362.0476142728422, 362.00923514782386], [348.6588727322027, 344.34044741151354, 346.5534475697235, 347.5339642819034, 344.6679556794215, 349.9657669806191, 352.1943802816236, 350.01046949578955, 349.48997099287374, 352.89949747680384, 358.71349088163146, 364.62803522371877, 369.74896235202567, 372.214342027734, 372.71460190697127, 372.7608156953461, 372.7991826111261, 372.81061938259165, 372.79974704146997, 368.1332832861343, 363.53498023726297, 362.99267707163216, 362.933480797686, 362.9311642686914], [350.5686603045675, 344.986551737078, 345.7227036732474, 346.9358371578113, 344.9119796997446, 348.53776433182753, 351.3957219259323, 350.071982409344, 349.2561430804871, 351.80418132816493, 356.84490812486325, 362.4960545819468, 367.7154581346655, 370.88110858738264, 371.91753485990085, 372.10468052286836, 372.1934899810743, 372.2264561283748, 372.1831634694227, 368.4059210707543, 363.7323666672141, 362.7709322513348, 362.58320232050403, 362.57728172464283], [352.26316134524234, 345.8471544918123, 345.15558518838355, 346.2292421351618, 344.9149259036351, 347.3983433261449, 350.4259203338115, 349.91637471368534, 349.0222799986443, 350.8419719165221, 355.1221208357689, 360.37829436439074, 365.5688001779497, 369.2542932619168, 370.8652573150583, 371.2846594872504, 371.4028135963256, 371.4711188755169, 371.45901241693514, 368.3772530279262, 363.89462261316805, 362.57545432856233, 362.19364969147944, 362.1649303947841], [353.949267729259, 346.7803751685887, 344.79864646611446, 345.4648237617066, 344.672205400636, 346.40306470876675, 349.3435607382046, 349.52227707259306, 348.7153907984366, 349.94807455940224, 353.49811428511356, 358.27249727106965, 363.29511529114654, 367.32880363596036, 369.48820840617464, 370.2306069866165, 370.4353346944091, 370.5440742032967, 370.56797640151837, 368.0494167156527, 363.9718060931539, 362.3615531457813, 361.73740328062485, 361.661358631731], [353.9492677292592, 346.7803751685887, 344.79864646611446, 345.46482376170655, 344.6722054006361, 346.4030647087667, 349.3435607382046, 349.52227707259317, 348.7153907984366, 349.94807455940224, 353.49811428511356, 358.27249727106965, 363.29511529114654, 367.32880363596036, 369.48820840617464, 370.2306069866159, 370.4353346944091, 370.5440742032968, 370.5679764015178, 368.0494167156526, 363.9718060931539, 362.3615531457812, 361.7374032806249, 361.661358631731], [346.6576194439174, 344.00243580792636, 347.5011203442647, 347.84720442035086, 344.1897629125051, 352.17906276902534, 352.52626351897743, 349.5892639031544, 349.72255752760157, 354.3285326318796, 361.119186355647, 367.06848027754864, 371.90210519013795, 373.0862443402573, 373.1499999994177, 373.1500000000345, 373.14999999998395, 373.14999999981256, 373.1499999995711, 366.9769699345163, 363.2725389494625, 363.17708984835633, 363.1559950666752, 363.14827475332197], [348.796381180091, 344.45758878658825, 346.6514526914366, 347.6205240882481, 344.82431070726193, 350.4283973761809, 352.34290299836, 350.03061141757547, 349.5936917070502, 353.2267163929214, 359.3180866701817, 365.3222469151383, 370.39765619609557, 372.59434628095556, 372.9784939032772, 373.0092799122272, 373.0206511352233, 373.0235074713467, 373.0146948743679, 367.8211143834606, 363.6030264908981, 363.07422503426966, 363.0198778444843, 363.0180743086479], [350.57362181849453, 345.21949484784994, 345.929788937684, 347.1399762808937, 345.15980176801037, 349.0409728490756, 351.71054486636393, 350.2144568314582, 349.4377419674895, 352.1875588713904, 357.5165556139585, 363.3333317539823, 368.54927871152, 371.517015298966, 372.39778338721106, 372.57636654914216, 372.6654233611341, 372.6709085656422, 372.63120899455225, 368.2685018451501, 363.88039615165684, 362.9389804631881, 362.75697640111673, 362.76168258544976], [352.0911248568589, 346.18281383253316, 345.49780869185906, 346.5737347399206, 345.29365714168125, 347.9841928143196, 350.9150604793885, 350.2230586162589, 349.3238627826577, 351.31918518776763, 355.8922572280185, 361.3799004789466, 366.63134390553233, 370.1876018835156, 371.63695588051644, 372.054263566491, 372.2315214692811, 372.2432789813153, 372.18727257384757, 368.52017850866946, 364.1633975771508, 362.8738963788059, 362.49789564692094, 362.48390796211544], [353.45759246319545, 347.2307108803185, 345.33760324396746, 346.00740257853636, 345.24620845317367, 347.13913328806393, 350.0442945207113, 350.05359391673613, 349.204027515652, 350.5839823582908, 354.42557302458175, 359.4845383794132, 364.66324689879923, 368.64685121381797, 370.664946394897, 371.38770274337827, 371.6750895316324, 371.73512203709413, 371.69871907281646, 368.6125951332113, 364.42518402444983, 362.8253179408821, 362.23243690833516, 362.1773271264024], [354.8286995186458, 347.9950187201991, 345.0535474777867, 345.14318253374194, 344.7007138367778, 346.0851557818773, 348.8184442522437, 349.39386492436773, 348.71920360272435, 349.6059458855355, 352.71665030246163, 357.21656534672337, 362.1199254146421, 366.33414697610846, 368.8539404114055, 369.92094547564585, 370.3298264378298, 370.4845098636801, 370.5615190954749, 368.1449125090977, 364.36965453663333, 362.4329050637263, 361.6295634868368, 361.49931358412397], [353.33353772203884, 347.2463557281682, 345.33799550711643, 346.0109815158503, 345.24693947886516, 347.1413260294755, 350.0478389197878, 350.0533319038475, 349.2039720564158, 350.5854564137891, 354.43434140590387, 359.5000022258397, 364.66454836053373, 368.6468512120991, 370.664946397161, 371.3877027472611, 371.6752602363624, 371.7351207701744, 371.6973799938442, 368.60147659447694, 364.4251840244175, 362.87893304551926, 362.2322468500941, 362.1773271264815], [354.3271729214259, 348.1743550829658, 345.23908255500737, 345.3360702932336, 344.8890584354366, 346.265893654644, 349.001577687868, 349.5673384178534, 348.8878560746363, 349.7873297626388, 352.9391449261305, 357.4932502437587, 362.41895383207896, 366.6488771319892, 369.17825751457764, 370.24918519684974, 370.6593269333367, 370.80674291612394, 370.89920767963235, 368.40386121528184, 364.5229435143987, 362.70655663752495, 361.75827523461834, 361.6684509542663], [355.5400077100681, 348.92178499146536, 345.17220187082194, 344.61436476843545, 344.29507142798064, 345.33262517792605, 347.83698468487285, 348.8216173157584, 348.3790794517432, 348.92509661943814, 351.43603627001613, 355.43342515635186, 359.9980833477396, 364.3023328232182, 367.24887344197725, 368.7034765820442, 369.30137441640096, 369.55889621171633, 369.8707985949434, 368.0027792397778, 364.4628853578534, 362.43819465224277, 361.1697909442033, 360.99491846270956], [349.5192047509968, 344.4329047528695, 346.48758430531245, 347.6105083989166, 344.95402368853064, 350.88768003052525, 352.36210674550426, 349.8960444429249, 349.6003885839982, 353.53871959465664, 359.94874314741236, 365.9951517797539, 370.9881847506622, 372.75997753750477, 372.98947441440527, 373.0102743297751, 373.02140136646904, 373.02361827501966, 373.0136466340111, 367.74699513487815, 363.60302649073327, 363.0738346527693, 363.0198624841627, 363.01807430864557], [351.8961958048892, 345.29453940496177, 345.7693808519102, 347.09445654647686, 345.39921245311126, 349.8608285159458, 352.00925670863745, 350.098910610676, 349.50825475094024, 352.83568351375345, 358.84454431361826, 364.9141965500196, 370.0509004082079, 372.33776264115147, 372.7857041321593, 372.8430119719553, 372.86225817196504, 372.86978269161085, 372.84900619326413, 368.3128200718643, 363.94209126617653, 363.01083165022266, 362.82827525999676, 362.82760806033485], [353.89497940184384, 346.54227071679196, 345.44014816497656, 346.509675956207, 345.5924549507388, 349.0520043015388, 351.5677266127896, 350.21402728108524, 349.4500304722367, 352.23284810002946, 357.83456234774513, 363.86748855666144, 369.12350726299144, 371.84836284834086, 372.5495377566244, 372.6637659505527, 372.69405975380795, 372.70679360060956, 372.6795364775264, 368.7424480079054, 364.3022631703854, 363.03195018741116, 362.6397914979475, 362.6263891907521], [355.5704738115133, 348.0794704189426, 345.4997802870015, 345.9698191203017, 345.57198483944126, 348.38555953234135, 351.08411262964256, 350.24427235803324, 349.4067447194161, 351.7163878721401, 356.9173641390299, 362.86740364181276, 368.21468133483273, 371.3005064244699, 372.27331964274833, 372.4686115754536, 372.5151856518494, 372.5332516851618, 372.50375108985315, 369.0596843648137, 364.66415172830483, 363.14068361438615, 362.4621228011498, 362.4142490401677], [356.14892320684277, 349.5237363702661, 345.80003531289844, 345.58373064438416, 345.3735764083196, 347.5875297271426, 350.39471403113737, 350.2502620860109, 349.4186750379221, 351.06895888771095, 355.4698239720687, 361.0532855978287, 366.53443432172475, 370.24289659094063, 371.8819916486917, 372.25134487902784, 372.32333277159995, 372.34731836259846, 372.3201113983732, 369.28333590683434, 365.0133708403361, 363.3338004513311, 362.3007104484476, 362.189686813855], [357.23757329518037, 349.911467006566, 345.95235399999916, 345.5589845466797, 345.39963335615636, 347.82338034559064, 350.6023146815444, 350.1941908798307, 349.35858103256953, 351.2878903786404, 356.1309781077133, 361.9758261394992, 367.38107153657677, 370.73231305386, 371.9603451155673, 372.2535843263269, 372.32339550807365, 372.3473183711002, 372.32011139797015, 369.2833358977297, 365.013370839496, 363.2742026494725, 362.2970612163031, 362.189686813855], [365.11076939825654, 363.05599855061735, 360.98121914153967, 359.93902520888304, 357.41428195820356, 348.2792986286691, 348.7793579832589, 348.83872019824315, 348.2127340977157, 349.44316153610623, 353.0256948129392, 357.64081616098696, 364.4671890708314, 365.5877911531426, 366.42748204043875, 366.78743124727964, 366.87151608064835, 366.8966317574186, 366.8803850479843, 364.75788314253776, 361.82706204814804, 362.1998071455033, 362.35156109468574, 362.34044329435005], [364.1776356018397, 363.15312486745006, 361.1074302211566, 359.82303307497637, 357.52735964306834, 349.4530112517444, 348.47195902429416, 348.6051705913748, 348.0872418013474, 349.0077207981082, 352.18189653363015, 356.5547270012687, 362.9763665464115, 365.08421500344184, 365.98204047292637, 366.4425306740054, 366.57289974165184, 366.6121160039647, 366.6027999063974, 364.7647104619357, 361.9341721680538, 361.84253194599074, 362.00472749440286, 362.03069730453564], [363.25499006764903, 362.9892440968713, 361.21056500530364, 359.70909413536685, 357.58167257704594, 350.52774474472517, 348.35905449617564, 348.32819526643044, 347.9187072741836, 348.5621032797674, 351.29958750194845, 355.3516175406347, 361.3487187038062, 364.29625482298803, 365.45564794956533, 366.0500647662163, 366.2559746994601, 366.3083531499183, 366.30504012140227, 364.6926610342359, 361.9966831959494, 361.5498777961981, 361.62974936278226, 361.6773408223535], [362.3339472328154, 362.45177894553825, 361.03800943490137, 359.4614078565661, 357.5496281586687, 351.611489263392, 348.4130378021182, 348.01731288891807, 347.66883970970235, 348.0710497220681, 350.29965382171474, 353.93341508537515, 359.26255914408836, 362.9852592984585, 364.7179917708565, 365.5777168252881, 365.9104013495586, 365.98849307760275, 365.9923713591451, 364.58071547579823, 362.0237914132598, 361.34413230013297, 361.23238738715304, 361.2687828626185], [362.3348285656466, 362.4512059665266, 361.0380094332713, 359.46140785682564, 357.5495516156175, 351.48576709536366, 348.41501099018785, 348.01731483948197, 347.66884085884243, 348.07137267810344, 350.3035373997766, 353.9424665422423, 359.41674343380294, 363.10791459133054, 364.76863745337766, 365.5884906516302, 365.9104013497828, 365.988944648201, 365.9923713591406, 364.58071547494376, 362.0237914121057, 361.28566125351284, 361.23242224577893, 361.26878286273245], [361.19570466340014, 361.3448895379735, 360.3080881421305, 358.7964741530912, 356.98971056886074, 351.93823504937194, 348.3074269333592, 347.51443983496466, 347.1832727682599, 347.3580302464392, 349.08450462168594, 352.2384619856216, 357.04811334709194, 361.09743792078893, 363.5307009860514, 364.815857132695, 365.34393161697056, 365.46321588282893, 365.47531337765844, 364.2433237047255, 361.8381951995107, 360.89707552520673, 360.61351409248, 360.5975859412948], [365.1043461058721, 363.0490252940131, 360.94624152729125, 359.9224409858835, 357.41897321480235, 348.23044559680864, 348.7691579821469, 348.8384779670364, 348.20111532313865, 349.45867170953244, 353.09226078349343, 357.78733647090644, 364.66750812947623, 365.586363183052, 366.4426574648873, 366.7873112350561, 366.87128262192624, 366.896340016927, 366.8805049762459, 364.76544205036106, 361.8902819676042, 362.214055991983, 362.3515562387035, 362.34044329436415], [364.11277729861814, 363.0739450239789, 360.9964059877598, 359.7639203782415, 357.50074979876047, 349.3380075490143, 348.4201522101987, 348.5698398632178, 348.0446674090934, 349.0226348830247, 352.3057510124915, 356.87878327241305, 363.4314010377736, 365.16596809494547, 366.0158745082546, 366.42435953822866, 366.53050365299526, 366.55386522334845, 366.5418069072738, 364.7225244189836, 361.98401792869157, 361.8197825385, 361.9741661648316, 361.9902516921298], [363.085253385203, 362.8403627338502, 361.06064968561503, 359.6073985114083, 357.53085311769945, 350.3633770218183, 348.2631701942986, 348.2416355595206, 347.83553509459847, 348.5619097806868, 351.47646160576966, 355.90023806455395, 362.13434767156195, 364.55833467250244, 365.52324426591883, 366.0135238970138, 366.16835561729255, 366.19122031117513, 366.18059504637927, 364.59273086658425, 362.04080493080875, 361.47869884352485, 361.55435952150845, 361.57904155380754], [362.0517022133669, 362.1280343171604, 360.72733465759694, 359.19338539430055, 357.33762829250304, 351.36861297496273, 348.2054643735604, 347.8443723434626, 347.54460691411253, 348.0209630804808, 350.51767923875144, 354.7737696046216, 360.67236099770275, 363.6990077842123, 364.90684280671064, 365.52286418988297, 365.76416257313775, 365.79972325150993, 365.79199384213933, 364.4068180147922, 362.06428519230514, 361.1249535963917, 361.0641368981142, 361.0764908364974], [360.9397096647409, 361.0383058376102, 359.99926328748927, 358.52184436100316, 356.7665679052071, 351.7746352560927, 348.0840702391824, 347.332999181601, 347.0522744568501, 347.29459077443397, 349.28991067512726, 353.0890055244478, 358.45080242599107, 362.17671153163127, 363.9817313811694, 364.8528599847552, 365.2153783694687, 365.27991944400276, 365.27695359323167, 364.0673049869574, 362.13217437765024, 360.63996679421757, 360.4130222161442, 360.40304641964156]]
v = [[1.0000000000000002, 1.0, 1.0, 1.0, 1.0, 1.0000000000000002, 1.0000000000000002, 1.0000000000000002, 1.0000000000000004, 1.0000000000000004, 1.0000000000000007, 1.0000000000000004, 1.0000000000000002, 1.0000000000000002, 1.0000000000000002, 1.0000000000000002, 1.0000000000000002, 1.0000000000000007, 1.0000000000000007, 1.0000000000000004, 1.0000000000000004, 1.0, 1.0, 1.0], [0.9967638742807019, 0.996921323474397, 0.9970262401773458, 0.997078683725572, 0.9969737867626094, 0.9966063364738962, 0.9961070035813876, 0.9956069174858343, 0.9952906540503479, 0.9952116559055362, 0.9952117237409748, 0.9954810404940093, 0.995818645629988, 0.9959503877583904, 0.995713107048376, 0.9953964264027813, 0.9950529245004648, 0.994825363577441, 0.9949731708203251, 0.9952900227414765, 0.9957119255659084, 0.9960805616430095, 0.9963435733628551, 0.9966063359336337], [0.9932050564974532, 0.993535453335582, 0.9937556256089549, 0.9938656841074432, 0.9936455486921986, 0.9928744942587105, 0.9917978511992362, 0.9906617224797307, 0.9898822198046913, 0.9895713942218701, 0.9894554972740938, 0.9899567191929156, 0.9906419139588393, 0.9909473309093684, 0.9905363717159408, 0.9899879959919705, 0.9894126560753254, 0.989069120476693, 0.9894488294143724, 0.9901132728720403, 0.9909981387968215, 0.9917714080780063, 0.9923231833101918, 0.9928744931832055], [0.989649415750712, 0.9901524585015344, 0.990487693647992, 0.9906552732822662, 0.990320088733261, 0.9891461460391209, 0.9874933597572313, 0.9857226689058395, 0.9844811337385632, 0.9839391247631237, 0.9837075950289783, 0.9844400628604512, 0.9854719108154195, 0.9859505578746262, 0.9853663656346566, 0.984586912971168, 0.9837803811715006, 0.9833212048829297, 0.9839321569505127, 0.9849432551442928, 0.9862899315665149, 0.9874669155937625, 0.98830684952494, 0.9891461444473169], [0.9860969596851257, 0.9867723455522694, 0.9872224502236161, 0.9874474568711012, 0.9869974131354043, 0.9854213006222523, 0.9831935428453595, 0.9807897773503853, 0.9790874228266755, 0.97831487814551, 0.9779680495551639, 0.978931100235111, 0.9803086598181822, 0.9809600899590276, 0.9802031124304728, 0.979193204310175, 0.9781561304150869, 0.9775816493750882, 0.9784231822038079, 0.9797799931987082, 0.981587321688418, 0.983167097790409, 0.9842945830412829, 0.9854212985446047], [0.9825476960057355, 0.9833951211187797, 0.9839599013145308, 0.984242240558223, 0.9836775281985478, 0.9816999668660163, 0.9788984141367219, 0.9758630685380222, 0.9737011142330678, 0.9726986852066024, 0.9722368936370828, 0.9734298608305239, 0.9751521847505786, 0.9759759486133002, 0.9750466358958851, 0.9738068979966016, 0.9725399346623074, 0.9718504867853327, 0.972921934161196, 0.9746235108366933, 0.9768903270915791, 0.9788719683666873, 0.9802863949798253, 0.9816999643619864], [0.9790016325759846, 0.9800207919933758, 0.9807000530556075, 0.9810396301384671, 0.980360440378937, 0.9779821537272777, 0.9746079874255823, 0.9709425633760495, 0.9683222353139331, 0.9670905770142787, 0.9665141603378323, 0.967936372674085, 0.9700025095939051, 0.9709981554722508, 0.9698969600074838, 0.9684280197767531, 0.966931825031409, 0.9661277501613134, 0.967428442010491, 0.9694738320404985, 0.9721989658402337, 0.9745815412199185, 0.9762822966274277, 0.9779821509498461], [0.9941473606863815, 0.9944320373528022, 0.9946217366434796, 0.9947165607850468, 0.994526895504128, 0.9938625313457903, 0.9930145530016874, 0.9922749100368163, 0.9919224501476809, 0.9920535601813895, 0.992272698886408, 0.9928796589323516, 0.9935333473344953, 0.9937166672439974, 0.9931238266965262, 0.9923326615138277, 0.9914380511838152, 0.990774649595219, 0.9909101985371658, 0.9914829209749458, 0.9922455733640656, 0.9929119817641642, 0.9933874708362584, 0.993862530391643], [0.9916429894291405, 0.9920493766931822, 0.9923201858397332, 0.9924555557620465, 0.9921847928237572, 0.9912363947543704, 0.9900669248037495, 0.9891340885404544, 0.9887948821140616, 0.9891868462205704, 0.9896635128532232, 0.9906200158045462, 0.9915859082902211, 0.991806617501804, 0.9908374184457758, 0.9895442384176304, 0.9880625742718319, 0.9869273986881686, 0.9870225509838692, 0.9878399056409294, 0.9889283824330619, 0.9898795589430629, 0.9905582680657732, 0.9912363934097534], [0.9880866896104262, 0.9886657864427549, 0.9890516990337871, 0.9892446098167885, 0.9888587579192396, 0.9875073204372152, 0.9857614621926803, 0.984193759800032, 0.9833922836083202, 0.9835529558837013, 0.983913943732764, 0.9851018401463386, 0.9864145800365588, 0.9868086048305001, 0.9856660682996656, 0.9841416637675618, 0.9824286444863596, 0.9811777299509953, 0.9815042549133974, 0.9826684677979702, 0.9842190038731323, 0.9855740920113547, 0.9865410888013036, 0.9875073185488579], [0.9809849481573633, 0.9819084303736532, 0.9825238900227389, 0.9828315611669479, 0.9822161796708696, 0.980061116262556, 0.9771664816409821, 0.97433412111999, 0.9726122400796893, 0.9723125162134224, 0.9724432680195292, 0.974091678719402, 0.9760948989165631, 0.9768340343915858, 0.9753463609791961, 0.9733616447082707, 0.9711881571703793, 0.969706935101459, 0.9704939507616089, 0.9723486557704909, 0.9748193484905546, 0.976979106004617, 0.9785206028416968, 0.980061113374712], [0.9774388795933733, 0.9785340968374865, 0.9792640378051563, 0.9796289469981154, 0.9788990876788868, 0.9763432972378683, 0.9728760465033449, 0.9694136061521916, 0.9672333527562031, 0.9667044048038004, 0.96672053651865, 0.9685981959339129, 0.9709452303660722, 0.9718562468815145, 0.9701966871491526, 0.9679827631011634, 0.9655800361814209, 0.9639841796909844, 0.9650004389983338, 0.9671989609428455, 0.9701279751823642, 0.9726886696885738, 0.974516497069486, 0.9763432940260421], [0.984534222062805, 0.9852856636158075, 0.9857864467229953, 0.9860367849876251, 0.985536072945525, 0.9837824618060227, 0.9814616271329245, 0.9792608494949918, 0.9779985614747309, 0.9779287152739555, 0.9781744202874518, 0.9795929080405819, 0.981251360793645, 0.9818181645199358, 0.9805028333640644, 0.9787479586829, 0.976804375567091, 0.9754381351545164, 0.9759952365638631, 0.9775051701182764, 0.9795163671458108, 0.9812742537269199, 0.9825288057201084, 0.9837824593898985], [0.9932057933282875, 0.9935361187953513, 0.9937562456046144, 0.993866282004726, 0.9936461912026477, 0.9928753063282669, 0.9917989420540276, 0.9906631709036344, 0.9898839625931579, 0.9895732950273385, 0.9894574798384437, 0.9899585396429843, 0.9906435052523705, 0.9909488139367684, 0.9905379631960566, 0.9899897385637857, 0.9894145572148655, 0.9890711038606876, 0.989450650805088, 0.9901148650889946, 0.9909994510809762, 0.9917724989405052, 0.9923241293253573, 0.9928753052159095], [0.9896565757816516, 0.9901589340296563, 0.9904937324775767, 0.9906610995569537, 0.9903263439486121, 0.989154026055082, 0.9875038956253368, 0.9857365869770793, 0.9844978178794949, 0.9839572882376771, 0.9837265218573785, 0.9844574748547915, 0.9854871735118577, 0.9859648019448636, 0.9853816300489819, 0.9846036060935686, 0.983798547628718, 0.9833401392806409, 0.9839495862199646, 0.9849585262473619, 0.9863025652073483, 0.9874774518061371, 0.9883160079912634, 0.9891540242763682], [0.9861105354581594, 0.9867846247895647, 0.9872339021248075, 0.9874585061057817, 0.98700927500358, 0.9854362396239698, 0.9832135101253401, 0.9808161444080297, 0.979119021152507, 0.9783492733332633, 0.9780038878339041, 0.9789640743379743, 0.980337570189425, 0.9809870736540732, 0.9802320260178544, 0.9792248100233838, 0.978190531357806, 0.9776175019385887, 0.9784561816067647, 0.9798089193813576, 0.9816112580907942, 0.9831870658936764, 0.9843119430824002, 0.9854362375273595], [0.989651238550223, 0.990154105575017, 0.9904892287141962, 0.990656753883894, 0.9903216792745481, 0.9891481539322305, 0.9874960524480016, 0.9857262376455361, 0.9844854220096222, 0.9839437987539447, 0.9837124684347416, 0.984444540743565, 0.9854758289798009, 0.9859542112672239, 0.9853702842451321, 0.9845912007328665, 0.9837850559652361, 0.9833260802843171, 0.9839366371585118, 0.9849471755392604, 0.9862931670295246, 0.9874696083139243, 0.9883091866560789, 0.9891481522706627], [0.9861019980164312, 0.9867769010588934, 0.9872266977459093, 0.9874515545756247, 0.987001813240337, 0.9854268477023227, 0.9832009650294405, 0.9807995915815471, 0.979099195812015, 0.9783276993655934, 0.9779814126914725, 0.9789433886406724, 0.980319425958508, 0.980970134884173, 0.9802138797516322, 0.9792049760196748, 0.9781689537945004, 0.9775950172665988, 0.9784354769953824, 0.9797907653267319, 0.9815962267279115, 0.9831745202243204, 0.9843010320932647, 0.9854268448027248], [0.9825559461778486, 0.9834025819196219, 0.9839668584782375, 0.9842489526710658, 0.9836847348901344, 0.9817090479530306, 0.9789105590268047, 0.9758791178624017, 0.9737203582296337, 0.9727196380834368, 0.9722587293266526, 0.9734499445445168, 0.9751697869197474, 0.9759923743075107, 0.9750642399648156, 0.9738261391246585, 0.9725608910841329, 0.9718723305711331, 0.972942028885992, 0.9746411227011746, 0.9769048926989883, 0.9788841137914814, 0.9802969505335036, 0.9817090447653433], [0.9896675916135752, 0.990168900504508, 0.9905030289928521, 0.990670070051831, 0.9903359724798476, 0.989166144475651, 0.98752007909937, 0.9857579364192393, 0.9845233845375627, 0.9839851077159143, 0.983755503458098, 0.984484148973318, 0.985510573991105, 0.9859866485368293, 0.9854050329716145, 0.9846291592435301, 0.9838263718039755, 0.9833691323712332, 0.9839762661345238, 0.9849819392853721, 0.9863219521825063, 0.9874936359356152, 0.988330084503992, 0.9891661431214483], [0.9982687685523564, 0.9983425197929288, 0.9985406122773444, 0.9985930588131778, 0.9985351293458045, 0.9991963711778895, 0.9989579247663835, 0.9988124411745858, 0.9988278751749862, 0.9990239572320372, 0.9992192683942868, 0.9994816115041787, 0.9996941261013745, 0.9997075284911976, 0.9993799578219077, 0.9990650299246536, 0.9986706316941653, 0.9983226443142108, 0.9982916394522063, 0.9984719281200205, 0.9987071173133725, 0.9980790793316465, 0.9984666050866398, 0.9986022669574812], [0.9967053419824073, 0.9967823462975777, 0.9969767403480829, 0.9970450002502182, 0.9969564948805683, 0.9980944058496071, 0.997875105885733, 0.9980816130647077, 0.998709516103643, 0.9997494236785889, 1.0006490196769269, 1.0013846432098106, 1.001769477363505, 1.0017598506292802, 1.000864199289825, 0.99976801367054, 0.9984268342418863, 0.9972263895724882, 0.9968242315026676, 0.9970959657299833, 0.9974319264342507, 0.9964650287899453, 0.9971040299531895, 0.9972780125827715], [0.9954203387223132, 0.9954770605635775, 0.9956512553133918, 0.9957295188623709, 0.995622202361599, 0.9973588037444083, 0.997241311693225, 0.9979368980550932, 0.9993271989041861, 1.0013622764601837, 1.0030826110415652, 1.004327303998882, 1.0048610800931677, 1.0048010202690532, 1.0032798323464867, 1.0013231185853817, 0.9989334804772474, 0.9967773298441427, 0.9959204400562016, 0.9962483083110688, 0.9966350310805806, 0.9952263454544309, 0.9961116470588356, 0.9962892736898317], [0.9947195834475666, 0.9949653628814423, 0.9952781249783124, 0.9953879010480118, 0.9952153094547068, 0.9954751352245559, 0.9946629457267265, 0.9938859584640697, 0.9934418634875872, 0.9934081032807729, 0.993488474967494, 0.993980694892136, 0.9945379174946913, 0.9947236276267875, 0.994223744955711, 0.9936790215457358, 0.9930547719619324, 0.9925918359234484, 0.9927907035330867, 0.9933157030917694, 0.9940103176825543, 0.993784091616828, 0.9944585340459784, 0.9948810263907791], [0.991173559368259, 0.991591067604787, 0.9920183075747937, 0.9921853199588826, 0.9918982542237422, 0.9917573710826418, 0.9903725940044906, 0.988965566628936, 0.9880631334536335, 0.9878001650656876, 0.9877659234705474, 0.9884873683942287, 0.9893883759094602, 0.9897459550325045, 0.9890742012284615, 0.9883002931333669, 0.9874468308339599, 0.9868692768735373, 0.9872973678517367, 0.9881661533264718, 0.989319054136197, 0.9894937354738687, 0.990454494327579, 0.9911632598584708], [0.9809881651157815, 0.9819113400824468, 0.9825266035068242, 0.982834179347198, 0.9822189904163728, 0.9800646561612384, 0.977171212774682, 0.9743403660166343, 0.972619715493273, 0.9723206506853788, 0.9724517386171209, 0.9740994690869883, 0.9761017282417309, 0.9768404094705287, 0.9753531955628594, 0.9733691182974707, 0.9711963015248223, 0.9697154297518004, 0.9705017689763155, 0.97235551152522, 0.9748250211228562, 0.9769838381646384, 0.9785247167585863, 0.9800646534594207], [0.9947195834475666, 0.9949653628814423, 0.9952781249783124, 0.9953879010480118, 0.9952153094547068, 0.9954751352245559, 0.9946629457267265, 0.9938859584640697, 0.9934418634875872, 0.9934081032807729, 0.993488474967494, 0.993980694892136, 0.9945379174946913, 0.9947236276267875, 0.994223744955711, 0.9936790215457358, 0.9930547719619324, 0.9925918359234484, 0.9927907035330867, 0.9933157030917694, 0.9940103176825543, 0.993784091616828, 0.9944585340459784, 0.9948810263907791], [0.991173559368259, 0.991591067604787, 0.9920183075747937, 0.9921853199588826, 0.9918982542237422, 0.9917573710826418, 0.9903725940044906, 0.988965566628936, 0.9880631334536335, 0.9878001650656876, 0.9877659234705474, 0.9884873683942287, 0.9893883759094602, 0.9897459550325045, 0.9890742012284615, 0.9883002931333669, 0.9874468308339599, 0.9868692768735373, 0.9872973678517367, 0.9881661533264718, 0.989319054136197, 0.9894937354738687, 0.990454494327579, 0.9911632598584708], [0.9974271244056858, 0.9975583187276876, 0.9981653904451833, 0.998297213640006, 0.9981957661663078, 1.0004993733700938, 1.0000188427059398, 0.999606598339785, 0.999427816558665, 0.9995267342832488, 0.9996734710307008, 1.0000329932183352, 1.0003837521826422, 1.0003720011172448, 0.9998407975362604, 0.9995695791953383, 0.9991705360699014, 0.9987759591474568, 0.9988428022639301, 0.9991689776459687, 0.9995984255888937, 0.9973303982227347, 0.9983235870131727, 0.9985673009909087], [0.9967924365398633, 0.9969723122101232, 0.9980107766921187, 0.9982236737780563, 0.9980841315082057, 1.0021884501259934, 1.0014906970711184, 1.0008390666119529, 1.0004860034875167, 1.0004977327516282, 1.0006008868331895, 1.0010476082278479, 1.001521069653364, 1.0014690212202473, 1.0007314575289488, 1.0005249216379768, 1.0001384380760778, 0.9997024191387055, 0.9998571830407803, 1.0003143016305525, 1.0009180946246072, 0.9968526127212456, 0.9984759145689268, 0.9988140913695801], [0.9963988241043885, 0.9966171877514979, 0.9981132883205651, 0.9984092606178265, 0.9982379344961121, 1.0043283013679842, 1.0034422823931874, 1.0025831294826144, 1.0020789755464157, 1.0020151175589356, 1.0020804929763427, 1.002602808755403, 1.0031808888639926, 1.00307084645668, 1.0021236459114315, 1.0020063008565825, 1.0016524638785311, 1.001180990137125, 1.001412132064106, 1.0019828125317674, 1.0027377787654812, 0.9966904533954215, 0.9989725971633242, 0.9993894224953063], [0.9928528053891377, 0.9932428972384508, 0.9948534785436008, 0.9952066873521919, 0.9949208876762194, 1.0006105680119635, 0.9991519713992779, 0.9976627908835567, 0.9967003087538611, 0.9964072478976018, 0.9963580127787282, 0.997109548038106, 0.9980314051779777, 0.998093226073388, 0.9969741551935765, 0.9966276334461028, 0.9960445912914098, 0.9954585025440975, 0.9959188623530583, 0.9968333209744218, 0.998046563760182, 0.9924001108512948, 0.9949685757773236, 0.9956716717263859], [0.996631207979481, 0.9968615949800465, 0.9988836888353346, 0.999267934413758, 0.9990812330893499, 1.0076369882065768, 1.0066385897318122, 1.005655371058965, 1.005060833773266, 1.0049517472063967, 1.0049945293467217, 1.0055620745627802, 1.0061974694420819, 1.0059834667889662, 1.0048184830145612, 1.0048539929059463, 1.004585057279952, 1.0040937876183023, 1.0043711029385058, 1.005009851860026, 1.0058553183572057, 0.9973482201348678, 1.0003638867776632, 1.0008181847211914], [0.9972798818945999, 0.9975047177956637, 1.000098760972316, 1.000574840520152, 1.0003836571804934, 1.0117291719446522, 1.0106686633074546, 1.0096166320401452, 1.008971883194223, 1.008837650169306, 1.008867882226522, 1.0094605702127433, 1.0101219409549185, 1.009773043639899, 1.0083842255182884, 1.0086154348215324, 1.0084664623113226, 1.0079657665581747, 1.0082692798749926, 1.008945997614596, 1.0098418066281623, 0.998551583975364, 1.002351527792162, 1.002815968297761], [0.9959070616738612, 0.9960954685468326, 0.9963699774834012, 0.9964606253869984, 0.9963262891850941, 0.9967199790337602, 0.9961949851718042, 0.9959163368842819, 0.9960092680670996, 0.9965320917596506, 0.9970347300258428, 0.9976616442079511, 0.9981808735804304, 0.9982132209950932, 0.997482799655579, 0.9966305432247513, 0.9956025389987827, 0.9947358705640559, 0.9946277731601613, 0.9950382252062084, 0.9955800518989645, 0.9952200806364428, 0.9957989628356032, 0.9961258690726646], [0.9923546702152327, 0.992715411081207, 0.9931047851811297, 0.9932528576385703, 0.9930036676495156, 0.9929952189725367, 0.9918952995034713, 0.9909836483752967, 0.9906158319959133, 0.9909081710714025, 0.9912955432417556, 0.9921530082126678, 0.9930178972716209, 0.9932230004336422, 0.992319809093308, 0.991237120843169, 0.9899785955140005, 0.9889966254368664, 0.989119066322103, 0.9898751847619058, 0.9908776104357989, 0.9909203806191991, 0.9917867950343409, 0.9924011021923682], [0.9888054471727873, 0.9893382214737301, 0.9898422684723291, 0.990047671970907, 0.9896838167674719, 0.9892739393402328, 0.9876002539930109, 0.9860570684620164, 0.9852296982408626, 0.985292186027075, 0.9855646164711817, 0.9866519771921647, 0.9878615980531316, 0.9882390174170373, 0.9871635038199923, 0.9858509962314772, 0.9843625951163127, 0.9832656596102477, 0.983617987843222, 0.9847188426461582, 0.9861807225056564, 0.9866253254068414, 0.987778669269349, 0.9886798178522586], [0.9852594040929276, 0.9859639098277984, 0.9865824363487717, 0.9868450769177604, 0.9863667460029534, 0.9855561533010282, 0.9833098689520862, 0.981136627901745, 0.9798509069960896, 0.9796841820705349, 0.9798419980870391, 0.9811585938173518, 0.9827120110347627, 0.9832613036346907, 0.982013912024271, 0.9804722095383577, 0.9787545834501797, 0.9775430216380837, 0.9781245806815311, 0.9795692341596576, 0.9814894147159591, 0.982334935442784, 0.9837746021397732, 0.9849620294234671], [0.9888086385706717, 0.9893411092869507, 0.9898449619171779, 0.9900502709725916, 0.989686606236706, 0.9892774461219901, 0.9876049347792187, 0.9860632386098075, 0.9852370810226887, 0.9853002126917667, 0.9855729733439581, 0.9866596676261068, 0.9878683453971426, 0.9882453183681558, 0.9871702524723334, 0.9858583743311852, 0.9843706295426087, 0.9832740361467306, 0.9836257021943206, 0.9847256116284583, 0.9861863292746367, 0.9866300110060423, 0.9877827444026901, 0.9886833269457879], [0.9932136205118123, 0.993543199905429, 0.993762850473309, 0.9938726550896203, 0.9936530320838654, 0.992883917709529, 0.9918104442145766, 0.990678348111686, 0.9899021408178771, 0.9895930767240415, 0.9894780886316399, 0.9899775064079086, 0.9906601418676686, 0.9909643449183572, 0.9905546015943179, 0.9900079148387407, 0.9894343421766835, 0.9890917208509896, 0.9894696275183841, 0.9901315107122705, 0.9910132325580024, 0.9917840014777748, 0.9923341328937426, 0.9928839166546959], [0.9896675916244271, 0.9901689005109646, 0.9905030289922837, 0.9906700700542664, 0.9903359724890224, 0.989166144484577, 0.9875200790944505, 0.9857579364065356, 0.9845233845255361, 0.9839851077277797, 0.9837555034054328, 0.9844841489890714, 0.9855105739813512, 0.9859866484975807, 0.9854050329903361, 0.9846291592365559, 0.9838263718004444, 0.983369132375397, 0.9839762661198621, 0.9849819393120355, 0.9863219521383315, 0.9874936359264015, 0.9883300844869917, 0.9891661431096136], [0.9861009312902806, 0.9867759359689661, 0.9872257975339584, 0.9874506859294382, 0.9870008808718418, 0.9854256733902091, 0.9831993977687852, 0.980797523756846, 0.9790967193279895, 0.9783250045341149, 0.9779786046599299, 0.978940804795678, 0.9803171593955992, 0.9809680188965043, 0.9802116129699938, 0.979202499753554, 0.9781662585368496, 0.9775922087616684, 0.9784328917682604, 0.979788497522053, 0.9815943490377099, 0.9831729528319613, 0.9842996688800922, 0.9854256712306778], [0.9825548794544469, 0.9834016168229089, 0.9839659582596259, 0.9842480840236312, 0.9836838025134385, 0.9817078736475555, 0.9789089917600895, 0.9758770500357216, 0.973717881720142, 0.972716943225223, 0.9722559212969093, 0.9734473607232702, 0.975167520343417, 0.9759902583302442, 0.9750619731976835, 0.9738236628455735, 0.9725581958287058, 0.9718695220811788, 0.9729394436288084, 0.9746388548703009, 0.9769030150238138, 0.9788825463918587, 0.9802955873157236, 0.9817078711909333], [0.9825548794544469, 0.9834016168229089, 0.9839659582596259, 0.9842480840236312, 0.9836838025134385, 0.9817078736475555, 0.9789089917600895, 0.9758770500357216, 0.973717881720142, 0.972716943225223, 0.9722559212969093, 0.9734473607232702, 0.975167520343417, 0.9759902583302442, 0.9750619731976835, 0.9738236628455735, 0.9725581958287058, 0.9718695220811788, 0.9729394436288084, 0.9746388548703009, 0.9769030150238138, 0.9788825463918587, 0.9802955873157236, 0.9817078711909333]]
z_mix = []
