0.0, 0.0, 0.0, 0.0, 0.0, 0.0, 0.0, 0.0, 0.0, 0.0, 0.0, 0.0, 0.0, 0.0, 0.0, 0.0, 0.0, 0.0, 0.0, 0.0, 0.0, 0.0]]
        P_gen = [[0.0, 0.0, 0.0, 0.0, 0.0, 0.0, 0.0, 0.0, 0.0, 0.0, 0.0, 0.0, 0.0, 0.0, 0.0, 0.0, 0.0, 0.0, 0.0, 0.0, 0.0, 0.0, 0.0, 0.0], [0.0, 0.0, 0.0, 0.0, 0.0, 0.0, 0.0, 0.0, 0.0, 0.0, 0.0, 0.0, 0.0, 0.0, 0.0, 0.0, 0.0, 0.0, 0.0, 0.0, 0.0, 0.0, 0.0, 0.0], [0.0, 0.0, 0.0, 0.0, 0.0, 0.0, 0.0, 0.0, 0.0, 0.0, 0.0, 0.0, 0.0, 0.0, 0.0, 0.0, 0.0, 0.0, 0.0, 0.0, 0.0, 0.0, 0.0, 0.0], [0.0, 0.0, 0.0, 0.0, 0.0, 0.0, 0.0, 0.0, 0.0, 0.0, 0.0, 0.0, 0.0, 0.0, 0.0, 0.0, 0.0, 0.0, 0.0, 0.0, 0.0, 0.0, 0.0, 0.0], [0.0, 0.0, 0.0, 0.0, 0.0, 0.0, 0.0, 0.0, 0.0, 0.0, 0.0, 0.0, 0.0, 0.0, 0.0, 0.0, 0.0, 0.0, 0.0, 0.0, 0.0, 0.0, 0.0, 0.0], [0.0, 0.0, 0.0, 0.0, 0.0, 0.0, 0.0, 0.0, 0.0, 0.0, 0.0, 0.0, 0.0, 0.0, 0.0, 0.0, 0.0, 0.0, 0.0, 0.0, 0.0, 0.0, 0.0, 0.0], [0.0, 0.0, 0.0, 0.0, 0.0, 0.0, 0.0, 0.0, 0.0, 0.0, 0.0, 0.0, 0.0, 0.0, 0.0, 0.0, 0.0, 0.0, 0.0, 0.0, 0.0, 0.0, 0.0, 0.0], [0.0, 0.0, 0.0, 0.0, 0.0, 0.0, 0.14999828813171867, 0.5999840956458222, 1.199993107503439, 1.9499799214473845, 2.549972556333985, 2.879991668872821, 2.999896472473673, 2.8498950995425325, 2.3999175227736895, 1.7999436682832086, 1.0499826771886402, 0.35999792969981553, 0.0, 0.0, 0.0, 0.0, 0.0, 0.0], [0.0, 0.0, 0.0, 0.0, 0.0, 0.0, 0.0, 0.0, 0.0, 0.0, 0.0, 0.0, 0.0, 0.0, 0.0, 0.0, 0.0, 0.0, 0.0, 0.0, 0.0, 0.0, 0.0, 0.0], [0.0, 0.0, 0.0, 0.0, 0.0, 0.0, 0.0, 0.0, 0.0, 0.0, 0.0, 0.0, 0.0, 0.0, 0.0, 0.0, 0.0, 0.0, 0.0, 0.0, 0.0, 0.0, 0.0, 0.0], [0.0, 0.0, 0.0, 0.0, 0.0, 0.0, 0.0, 0.0, 0.0, 0.0, 0.0, 0.0, 0.0, 0.0, 0.0, 0.0, 0.0, 0.0, 0.0, 0.0, 0.0, 0.0, 0.0, 0.0], [0.0, 0.0, 0.0, 0.0, 0.0, 0.0, 0.0, 0.0, 0.0, 0.0, 0.0, 0.0, 0.0, 0.0, 0.0, 0.0, 0.0, 0.0, 0.0, 0.0, 0.0, 0.0, 0.0, 0.0], [0.0, 0.0, 0.0, 0.0, 0.0, 0.0, 0.0, 0.0, 0.0, 0.0, 0.0, 0.0, 0.0, 0.0, 0.0, 0.0, 0.0, 0.0, 0.0, 0.0, 0.0, 0.0, 0.0, 0.0]]
        w_H = [[0.0, 0.0, 0.0, 0.0, 0.0, 0.0, 0.0, 0.0, 0.0, 0.0, 0.0, 0.0, 0.0, 0.0, 0.0, 0.0, 0.0, 0.0, 0.0, 0.0, 0.0, 0.0, 0.0, 0.0], [0.0, 0.0, 0.0, 0.0, 0.0, 0.0, 0.0, 0.0, 0.0, 0.0, 0.0, 0.0, 0.0, 0.0, 0.0, 0.0, 0.0, 0.0, 0.0, 0.0, 0.0, 0.0, 0.0, 0.0], [0.0, 0.0, 0.0, 0.0, 0.0, 0.0, 0.0, 0.0, 0.0, 0.0, 0.0, 0.0, 0.0, 0.0, 0.0, 0.0, 0.0, 0.0, 0.0, 0.0, 0.0, 0.0, 0.0, 0.0], [7.170750008556587, 7.6640056243230745, 7.213038850636188, 7.059487098791183, 6.4086476197351265, 15.262086123676967, 17.229062831050562, 19.8977127335803, 36.31781738408097, 32.7097391172007, 32.53272152879043, 31.596552190633616, 11.168300969143042, 11.548551398491439, 11.204929536800856, 15.525987811282768, 20.853726764865844, 39.19738821079025, 34.814767473751736, 32.43484202739995, 33.12294043083386, 23.718571050765632, 8.334591787347318, 16.85813572790103], [0.0, 0.0, 0.0, 0.0, 0.0, 0.0, 0.0, 0.0, 0.0, 0.0, 0.0, 0.0, 0.0, 0.0, 0.0, 0.0, 0.0, 0.0, 0.0, 0.0, 0.0, 0.0, 0.0, 0.0], [0.0, 0.0, 0.0, 0.0, 0.0, 0.0, 0.0, 0.0, 0.0, 0.0, 0.0, 0.0, 0.0, 0.0, 0.0, 0.0, 0.0, 0.0, 0.0, 0.0, 0.0, 0.0, 0.0, 0.0], [0.0, 0.0, 0.0, 0.0, 0.0, 0.0, 0.0, 0.0, 0.0, 0.0, 0.0, 0.0, 0.0, 0.0, 0.0, 0.0, 0.0, 0.0, 0.0, 0.0, 0.0, 0.0, 0.0, 0.0], [0.0, 0.0, 0.0, 0.0, 0.0, 0.0, 0.0, 0.0, 0.0, 0.0, 0.0, 0.0, 0.0, 0.0, 0.0, 0.0, 0.0, 0.0, 0.0, 0.0, 0.0, 0.0, 0.0, 0.0], [0.0, 0.0, 0.0, 0.0, 0.0, 0.0, 0.0, 0.0, 0.0, 0.0, 0.0, 0.0, 0.0, 0.0, 0.0, 0.0, 0.0, 0.0, 0.0, 0.0, 0.0, 0.0, 0.0, 0.0]]
        w_P = [[0.0, 0.0, 0.0, 0.0, 0.0, 0.0, 0.0, 0.0, 0.0, 0.0, 0.0, 0.0, 0.0, 0.0, 0.0, 0.0, 0.0, 0.0, 0.0, 0.0, 0.0, 0.0, 0.0, 0.0], [0.0, 0.0, 0.0, 0.0, 0.0, 0.0, 0.0, 0.0, 0.0, 0.0, 0.0, 0.0, 0.0, 0.0, 0.0, 0.0, 0.0, 0.0, 0.0, 0.0, 0.0, 0.0, 0.0, 0.0], [0.0, 0.0, 0.0, 0.0, 0.0, 0.0, 0.0, 0.0, 0.0, 0.0, 0.0, 0.0, 0.0, 0.0, 0.0, 0.0, 0.0, 0.0, 0.0, 0.0, 0.0, 0.0, 0.0, 0.0], [1.6860603506056937, 1.682223840329458, 1.6642528057127683, 1.656979126099126, 1.647224432943728, 9.261246985201186, 8.965036649437845, 9.022360830449403, 26.672288557781055, 26.68799832490132, 26.77424094240043, 27.536299915362545, 9.233237362001695, 9.26162603844577, 9.179627997795855, 9.154836671042696, 9.071006275204386, 26.592562992285966, 27.206079201428988, 27.17746108284109, 27.12419120309237, 1.644179817573264, 1.6793253541149613, 1.705917493528959], [0.0, 0.0, 0.0, 0.0, 0.0, 0.0, 0.0, 0.0, 0.0, 0.0, 0.0, 0.0, 0.0, 0.0, 0.0, 0.0, 0.0, 0.0, 0.0, 0.0, 0.0, 0.0, 0.0, 0.0], [0.0, 0.0, 0.0, 0.0, 0.0, 0.0, 0.0, 0.0, 0.0, 0.0, 0.0, 0.0, 0.0, 0.0, 0.0, 0.0, 0.0, 0.0, 0.0, 0.0, 0.0, 0.0, 0.0, 0.0], [0.0, 0.0, 0.0, 0.0, 0.0, 0.0, 0.0, 0.0, 0.0, 0.0, 0.0, 0.0, 0.0, 0.0, 0.0, 0.0, 0.0, 0.0, 0.0, 0.0, 0.0, 0.0, 0.0, 0.0], [0.0, 0.0, 0.0, 0.0, 0.0, 0.0, 0.0, 0.0, 0.0, 0.0, 0.0, 0.0, 0.0, 0.0, 0.0, 0.0, 0.0, 0.0, 0.0, 0.0, 0.0, 0.0, 0.0, 0.0], [0.0, 0.0, 0.0, 0.0, 0.0, 0.0, 0.0, 0.0, 0.0, 0.0, 0.0, 0.0, 0.0, 0.0, 0.0, 0.0, 0.0, 0.0, 0.0, 0.0, 0.0, 0.0, 0.0, 0.0]]
        z_storage = [[0.0, 0.0, 0.0, 0.0, 0.0, 0.0, 0.0, 0.0, 0.0, 0.0, 0.0, 0.0, 0.0, 0.0, 0.0, 0.0, 0.0, 0.0, 0.0, 0.0, 0.0, 0.0, 0.0, 0.0], [0.0, 0.0, 0.0, 0.0, 0.0, 0.0, 0.0, 0.0, 0.0, 0.0, 0.0, 0.0, 0.0, 0.0, 0.0, 0.0, 0.0, 0.0, 0.0, 0.0, 0.0, 0.0, 0.0, 0.0], [0.0, 0.0, 0.0, 0.0, 0.0, 0.0, 0.0, 0.0, 0.0, 0.0, 0.0, 0.0, 0.0, 0.0, 0.0, 0.0, 0.0, 0.0, 0.0, 0.0, 0.0, 0.0, 0.0, 0.0], [0.0, 0.0, 0.0, 0.0, 0.0, 0.0, 0.0, 0.0, 0.0, 0.0, 0.0, 0.0, 0.0, 0.0, 0.0, 0.0, 0.0, 0.0, 0.0, 0.0, 0.0, 0.0, 0.0, 0.0], [0.0, 0.0, 0.0, 0.0, 0.0, 0.0, 0.0, 0.0, 0.0, 0.0, 0.0, 0.0, 0.0, 0.0, 0.0, 0.0, 0.0, 0.0, 0.0, 0.0, 0.0, 0.0, 0.0, 0.0], [0.0, 0.0, 0.0, 0.0, 0.0, 0.0, 0.0, 0.0, 0.0, 0.0, 0.0, 0.0, 0.0, 0.0, 0.0, 0.0, 0.0, 0.0, 0.0, 0.0, 0.0, 0.0, 0.0, 0.0], [0.0, 0.0, 0.0, 0.0, 0.0, 0.0, 0.0, 0.0, 0.0, 0.0, 0.0, 0.0, 0.0, 0.0, 0.0, 0.0, 0.0, 0.0, 0.0, 0.0, 0.0, 0.0, 0.0, 0.0], [0.0, 0.0, 0.0, 0.0, 0.0, 0.0, 0.0, 0.0, 0.0, 0.0, 0.0, 0.0, 0.0, 0.0, 0.0, 0.0, 0.0, 0.0, 0.0, 0.0, 0.0, 0.0, 0.0, 0.0], [0.0, 0.0, 0.0, 0.0, 0.0, 0.0, 0.0, 0.0, 0.0, 0.0, 0.0, 0.0, 0.0, 0.0, 0.0, 0.0, 0.0, 0.0, 0.0, 0.0, 0.0, 0.0, 0.0, 0.0], [0.0, 0.0, 0.0, 0.0, 0.0, 0.0, 0.0, 0.0, 0.0, 0.0, 0.0, 0.0, 0.0, 0.0, 0.0, 0.0, 0.0, 0.0, 0.0, 0.0, 0.0, 0.0, 0.0, 0.0], [0.0, 0.0, 0.0, 0.0, 0.0, 0.0, 0.0, 0.0, 0.0, 0.0, 0.0, 0.0, 0.0, 0.0, 0.0, 0.0, 0.0, 0.0, 0.0, 0.0, 0.0, 0.0, 0.0, 0.0], [0.0, 0.0, 0.0, 0.0, 0.0, 0.0, 0.0, 0.0, 0.0, 0.0, 0.0, 0.0, 0.0, 0.0, 0.0, 0.0, 0.0, 0.0, 0.0, 0.0, 0.0, 0.0, 0.0, 0.0], [0.0, 0.0, 0.0, 0.0, 0.0, 0.0, 0.0, 0.0, 0.0, 0.0, 0.0, 0.0, 0.0, 0.0, 0.0, 0.0, 0.0, 0.0, 0.0, 0.0, 0.0, 0.0, 0.0, 0.0]]
    [[trace.agents]]
    actor = 5
    allocated_budget_sec = 2.079171600053087
    augmented_bound = 0.0006432212914287971
    augmented_bound_excess = 0.0
    augmented_objective = 0.0006450858492014211
    augmented_objective_at_primal = 0.0006450845863185395
    augmented_relative_gap = 1.8645577726239537e-6
    convex_fixed_mode = true
    cost = 822.727871969669
    elapsed_sec = 0.0074145999969914556
    input_sha256 = "0ccd3fc8cbec9eff35715615750f1961896dcec0dc7fb10c5c0a522594969fd3"
    message = [[-2.4792390405614873, -2.3589875504923477, -2.278282303665683, -2.2383101737394986, -2.3188029580711205, -2.582773984540974, -2.983902201460993, -3.4268483963603344, -3.7267478833010053, -3.8867276887445237, -3.9676908150524155, -3.806867293887751, -3.587451450273033, -3.4665487579100707, -3.5876766007630487, -3.748171730728184, -3.908790569992642, -3.9677112176792355, -3.8068693986426188, -3.564858458485966, -3.2441730181735533, -3.0016904321502085, -2.8005669403752442, -2.600880322233213], [1.2007502705209177, 1.1425098157407438, 1.1034224807261952, 1.0840630946254934, 1.1230475293572437, 1.2508945325133318, 1.44516979484189, 1.6596984282854568, 1.8049463790403546, 1.8824281351443095, 1.9216403668920006, 1.8437499806140953, 1.7374820373998419, 1.6789261909540487, 1.7375910827590717, 1.8153224219200106, 1.8931136762291858, 1.9216502483351663, 1.843750999993403, 1.7265397520629455, 1.571224704619984, 1.4537850281706322, 1.356376475301843, 1.259663832095342], [0.0, 0.0, 0.0, 0.0, 0.0, 0.0, 0.0, 0.0, 0.0, 0.0, 0.0, 0.0, 0.0, 0.0, 0.0, 0.0, 0.0, 0.0, 0.0, 0.0, 0.0, 0.0, 0.0, 0.0], [0.896205198335885, 0.8954715762267216, 0.8730163898644684, 0.8501548295762309, 0.8972110133618434, 0.9756657988148543, 1.0647394805455925, 1.1073401451990643, 1.0468216251622857, 0.9587010636464983, 0.8891528839413766, 0.8643796562097761, 0.8671565673194235, 0.8440922379325974, 0.8668222414830713, 0.9300737704687918, 1.0145789971662744, 1.0677212264835299, 1.0252018721550582, 0.958847563584284, 0.9117782874315705, 0.8983320743775552, 0.8946380344597865, 0.8736903227295949]]
    model_types = ["(JuMP.AffExpr, MathOptInterface.EqualTo{Float64})", "(Vector{JuMP.AffExpr}, MathOptInterface.RotatedSecondOrderCone)", "(JuMP.VariableRef, MathOptInterface.EqualTo{Float64})", "(JuMP.VariableRef, MathOptInterface.GreaterThan{Float64})", "(JuMP.VariableRef, MathOptInterface.LessThan{Float64})"]
    primal_status = "FEASIBLE_POINT"
    solver = "Gurobi"
    solver_objective_report_error = 1.2628828816030335e-9
    solver_objective_report_pass = false
    status = "solved"
    termination = "OPTIMAL"

        [trace.agents.values]
        E = [[0.0, 0.0, 0.0, 0.0, 0.0, 0.0, 0.0, 0.0, 0.0, 0.0, 0.0, 0.0, 0.0, 0.0, 0.0, 0.0, 0.0, 0.0, 0.0, 0.0, 0.0, 0.0, 0.0, 0.0, 0.0], [0.0, 0.0, 0.0, 0.0, 0.0, 0.0, 0.0, 0.0, 0.0, 0.0, 0.0, 0.0, 0.0, 0.0, 0.0, 0.0, 0.0, 0.0, 0.0, 0.0, 0.0, 0.0, 0.0, 0.0, 0.0], [0.0, 0.0, 0.0, 0.0, 0.0, 0.0, 0.0, 0.0, 0.0, 0.0, 0.0, 0.0, 0.0, 0.0, 0.0, 0.0, 0.0, 0.0, 0.0, 0.0, 0.0, 0.0, 0.0, 0.0, 0.0], [0.0, 0.0, 0.0, 0.0, 0.0, 0.0, 0.0, 0.0, 0.0, 0.0, 0.0, 0.0, 0.0, 0.0, 0.0, 0.0, 0.0, 0.0, 0.0, 0.0, 0.0, 0.0, 0.0, 0.0, 0.0], [0.0, 0.0, 0.0, 0.0, 0.0, 0.0, 0.0, 0.0, 0.0, 0.0, 0.0, 0.0, 0.0, 0.0, 0.0, 0.0, 0.0, 0.0, 0.0, 0.0, 0.0, 0.0, 0.0, 0.0, 0.0], [0.0, 0.0, 0.0, 0.0, 0.0, 0.0, 0.0, 0.0, 0.0, 0.0, 0.0, 0.0, 0.0, 0.0, 0.0, 0.0, 0.0, 0.0, 0.0, 0.0, 0.0, 0.0, 0.0, 0.0, 0.0], [0.0, 0.0, 0.0, 0.0, 0.0, 0.0, 0.0, 0.0, 0.0, 0.0, 0.0, 0.0, 0.0, 0.0, 0.0, 0.0, 0.0, 0.0, 0.0, 0.0, 0.0, 0.0, 0.0, 0.0, 0.0], [0.0, 0.0, 0.0, 0.0, 0.0, 0.0, 0.0, 0.0, 0.0, 0.0, 0.0, 0.0, 0.0, 0.0, 0.0, 0.0, 0.0, 0.0, 0.0, 0.0, 0.0, 0.0, 0.0, 0.0, 0.0], [0.0, 0.0, 0.0, 0.0, 0.0, 0.0, 0.0, 0.0, 0.0, 0.0, 0.0, 0.0, 0.0, 0.0, 0.0, 0.0, 0.0, 0.0, 0.0, 0.0, 0.0, 0.0, 0.0, 0.0, 0.0], [0.0, 0.0, 0.0, 0.0, 0.0, 0.0, 0.0, 0.0, 0.0, 0.0, 0.0, 0.0, 0.0, 0.0, 0.0, 0.0, 0.0, 0.0, 0.0, 0.0, 0.0, 0.0, 0.0, 0.0, 0.0], [0.0, 0.0, 0.0, 0.0, 0.0, 0.0, 0.0, 0.0, 0.0, 0.0, 0.0, 0.0, 0.0, 0.0, 0.0, 0.0, 0.0, 0.0, 0.0, 0.0, 0.0, 0.0, 0.0, 0.0, 0.0], [0.0, 0.0, 0.0, 0.0, 0.0, 0.0, 0.0, 0.0, 0.0, 0.0, 0.0, 0.0, 0.0, 0.0, 0.0, 0.0, 0.0, 0.0, 0.0, 0.0, 0.0, 0.0, 0.0, 0.0, 0.0], [0.0, 0.0, 0.0, 0.0, 0.0, 0.0, 0.0, 0.0, 0.0, 0.0, 0.0, 0.0, 0.0, 0.0, 0.0, 0.0, 0.0, 0.0, 0.0, 0.0, 0.0, 0.0, 0.0, 0.0, 0.0]]
        H_D = [[0.0, 0.0, 0.0, 0.0, 0.0, 0.0, 0.0, 0.0, 0.0, 0.0, 0.0, 0.0, 0.0, 0.0, 0.0, 0.0, 0.0, 0.0, 0.0, 0.0, 0.0, 0.0, 0.0, 0.0], [0.0, 0.0, 0.0, 0.0, 0.0, 0.0, 0.0, 0.0, 0.0, 0.0, 0.0, 0.0, 0.0, 0.0, 0.0, 0.0, 0.0, 0.0, 0.0, 0.0, 0.0, 0.0, 0.0, 0.0], [0.0, 0.0, 0.0, 0.0, 0.0, 0.0, 0.0, 0.0, 0.0, 0.0, 0.0, 0.0, 0.0, 0.0, 0.0, 0.0, 0.0, 0.0, 0.0, 0.0, 0.0, 0.0, 0.0, 0.0], [0.0, 0.0, 0.0, 0.0, 0.0, 0.0, 0.0, 0.0, 0.0, 0.0, 0.0, 0.0, 0.0, 0.0, 0.0, 0.0, 0.0, 0.0, 0.0, 0.0, 0.0, 0.0, 0.0, 0.0], [0.896205198335885, 0.8954715762267216, 0.8730163898644684, 0.8501548295762309, 0.8972110133618434, 0.9756657988148543, 1.0647394805455925, 1.1073401451990643, 1.0468216251622857, 0.9587010636464983, 0.8891528839413766, 0.8643796562097761, 0.8671565673194235, 0.8440922379325974, 0.8668222414830713, 0.9300737704687918, 1.0145789971662744, 1.0677212264835299, 1.0252018721550582, 0.958847563584284, 0.9117782874315705, 0.8983320743775552, 0.8946380344597865, 0.8736903227295949], [0.0, 0.0, 0.0, 0.0, 0.0, 0.0, 0.0, 0.0, 0.0, 0.0, 0.0, 0.0, 0.0, 0.0, 0.0, 0.0, 0.0, 0.0, 0.0, 0.0, 0.0, 0.0, 0.0, 0.0], [0.0, 0.0, 0.0, 0.0, 0.0, 0.0, 0.0, 0.0, 0.0, 0.0, 0.0, 0.0, 0.0, 0.0, 0.0, 0.0, 0.0, 0.0, 0.0, 0.0, 0.0, 0.0, 0.0, 0.0], [0.0, 0.0, 0.0, 0.0, 0.0, 0.0, 0.0, 0.0, 0.0, 0.0, 0.0, 0.0, 0.0, 0.0, 0.0, 0.0, 0.0, 0.0, 0.0, 0.0, 0.0, 0.0, 0.0, 0.0], [0.0, 0.0, 0.0, 0.0, 0.0, 0.0, 0.0, 0.0, 0.0, 0.0, 0.0, 0.0, 0.0, 0.0, 0.0, 0.0, 0.0, 0.0, 0.0, 0.0, 0.0, 0.0, 0.0, 0.0]]
        H_cons = [[0.0, 0.0, 0.0, 0.0, 0.0, 0.0, 0.0, 0.0, 0.0, 0.0, 0.0, 0.0, 0.0, 0.0, 0.0, 0.0, 0.0, 0.0, 0.0, 0.0, 0.0, 0.0, 0.0, 0.0], [0.0, 0.0, 0.0, 0.0, 0.0, 0.0, 0.0, 0.0, 0.0, 0.0, 0.0, 0.0, 0.0, 0.0, 0.0, 0.0, 0.0, 0.0, 0.0, 0.0, 0.0, 0.0, 0.0, 0.0], [0.0, 0.0, 0.0, 0.0, 0.0, 0.0, 0.0, 0.0, 0.0, 0.0, 0.0, 0.0, 0.0, 0.0, 0.0, 0.0, 0.0, 0.0, 0.0, 0.0, 0.0, 0.0, 0.0, 0.0], [0.0, 0.0, 0.0, 0.0, 0.0, 0.0, 0.0, 0.0, 0.0, 0.0, 0.0, 0.0, 0.0, 0.0, 0.0, 0.0, 0.0, 0.0, 0.0, 0.0, 0.0, 0.0, 0.0, 0.0], [0.0, 0.0, 0.0, 0.0, 0.0, 0.0, 0.0, 0.0, 0.0, 0.0, 0.0, 0.0, 0.0, 0.0, 0.0, 0.0, 0.0, 0.0, 0.0, 0.0, 0.0, 0.0, 0.0, 0.0], [0.0, 0.0, 0.0, 0.0, 0.0, 0.0, 0.0, 0.0, 0.0, 0.0, 0.0, 0.0, 0.0, 0.0, 0.0, 0.0, 0.0, 0.0, 0.0, 0.0, 0.0, 0.0, 0.0, 0.0], [0.0, 0.0, 0.0, 0.0, 0.0, 0.0, 0.0, 0.0, 0.0, 0.0, 0.0, 0.0, 0.0, 0.0, 0.0, 0.0, 0.0, 0.0, 0.0, 0.0, 0.0, 0.0, 0.0, 0.0], [0.0, 0.0, 0.0, 0.0, 0.0, 0.0, 0.0, 0.0, 0.0, 0.0, 0.0, 0.0, 0.0, 0.0, 0.0, 0.0, 0.0, 0.0, 0.0, 0.0, 0.0, 0.0, 0.0, 0.0], [0.0, 0.0, 0.0, 0.0, 0.0, 0.0, 0.0, 0.0, 0.0, 0.0, 0.0, 0.0, 0.0, 0.0, 0.0, 0.0, 0.0, 0.0, 0.0, 0.0, 0.0, 0.0, 0.0, 0.0], [0.0, 0.0, 0.0, 0.0, 0.0, 0.0, 0.0, 0.0, 0.0, 0.0, 0.0, 0.0, 0.0, 0.0, 0.0, 0.0, 0.0, 0.0, 0.0, 0.0, 0.0, 0.0, 0.0, 0.0], [0.0, 0.0, 0.0, 0.0, 0.0, 0.0, 0.0, 0.0, 0.0, 0.0, 0.0, 0.0, 0.0, 0.0, 0.0, 0.0, 0.0, 0.0, 0.0, 0.0, 0.0, 0.0, 0.0, 0.0], [0.0, 0.0, 0.0, 0.0, 0.0, 0.0, 0.0, 0.0, 0.0, 0.0, 0.0, 0.0, 0.0, 0.0, 0.0, 0.0, 0.0, 0.0, 0.0, 0.0, 0.0, 0.0, 0.0, 0.0], [0.0, 0.0, 0.0, 0.0, 0.0, 0.0, 0.0, 0.0, 0.0, 0.0, 0.0, 0.0, 0.0, 0.0, 0.0, 0.0, 0.0, 0.0, 0.0, 0.0, 0.0, 0.0, 0.0, 0.0]]
        H_gen = [[0.0, 0.0, 0.0, 0.0, 0.0, 0.0, 0.0, 0.0, 0.0, 0.0, 0.0, 0.0, 0.0, 0.0, 0.0, 0.0, 0.0, 0.0, 0.0, 0.0, 0.0, 0.0, 0.0, 0.0], [0.0, 0.0, 0.0, 0.0, 0.0, 0.0, 0.0, 0.0, 0.0, 0.0, 0.0, 0.0, 0.0, 0.0, 0.0, 0.0, 0.0, 0.0, 0.0, 0.0, 0.0, 0.0, 0.0, 0.0], [0.0, 0.0, 0.0, 0.0, 0.0, 0.0, 0.0, 0.0, 0.0, 0.0, 0.0, 0.0, 0.0, 0.0, 0.0, 0.0, 0.0, 0.0, 0.0, 0.0, 0.0, 0.0, 0.0, 0.0], [0.0, 0.0, 0.0, 0.0, 0.0, 0.0, 0.0, 0.0, 0.0, 0.0, 0.0, 0.0, 0.0, 0.0, 0.0, 0.0, 0.0, 0.0, 0.0, 0.0, 0.0, 0.0, 0.0, 0.0], [0.0, 0.0, 0.0, 0.0, 0.0, 0.0, 0.0, 0.0, 0.0, 0.0, 0.0, 0.0, 0.0, 0.0, 0.0, 0.0, 0.0, 0.0, 0.0, 0.0, 0.0, 0.0, 0.0, 0.0], [0.0, 0.0, 0.0, 0.0, 0.0, 0.0, 0.0, 0.0, 0.0, 0.0, 0.0, 0.0, 0.0, 0.0, 0.0, 0.0, 0.0, 0.0, 0.0, 0.0, 0.0, 0.0, 0.0, 0.0], [0.0, 0.0, 0.0, 0.0, 0.0, 0.0, 0.0, 0.0, 0.0, 0.0, 0.0, 0.0, 0.0, 0.0, 0.0, 0.0, 0.0, 0.0, 0.0, 0.0, 0.0, 0.0, 0.0, 0.0], [0.0, 0.0, 0.0, 0.0, 0.0, 0.0, 0.0, 0.0, 0.0, 0.0, 0.0, 0.0, 0.0, 0.0, 0.0, 0.0, 0.0, 0.0, 0.0, 0.0, 0.0, 0.0, 0.0, 0.0], [0.0, 0.0, 0.0, 0.0, 0.0, 0.0, 0.0, 0.0, 0.0, 0.0, 0.0, 0.0, 0.0, 0.0, 0.0, 0.0, 0.0, 0.0, 0.0, 0.0, 0.0, 0.0, 0.0, 0.0], [0.0, 0.0, 0.0, 0.0, 0.0, 0.0, 0.0, 0.0, 0.0, 0.0, 0.0, 0.0, 0.0, 0.0, 0.0, 0.0, 0.0, 0.0, 0.0, 0.0, 0.0, 0.0, 0.0, 0.0], [0.0, 0.0, 0.0, 0.0, 0.0, 0.0, 0.0, 0.0, 0.0, 0.0, 0.0, 0.0, 0.0, 0.0, 0.0, 0.0, 0.0, 0.0, 0.0, 0.0, 0.0, 0.0, 0.0, 0.0], [0.0, 0.0, 0.0, 0.0, 0.0, 0.0, 0.0, 0.0, 0.0, 0.0, 0.0, 0.0, 0.0, 0.0, 0.0, 0.0, 0.0, 0.0, 0.0, 0.0, 0.0, 0.0, 0.0, 0.0], [0.0, 0.0, 0.0, 0.0, 0.0, 0.0, 0.0, 0.0, 0.0, 0.0, 0.0, 0.0, 0.0, 0.0, 0.0, 0.0, 0.0, 0.0, 0.0, 0.0, 0.0, 0.0, 0.0, 0.0]]
        P_D = [[0.0, 0.0, 0.0, 0.0, 0.0, 0.0, 0.0, 0.0, 0.0, 0.0, 0.0, 0.0, 0.0, 0.0, 0.0, 0.0, 0.0, 0.0, 0.0, 0.0, 0.0, 0.0, 0.0, 0.0], [0.0, 0.0, 0.0, 0.0, 0.0, 0.0, 0.0, 0.0, 0.0, 0.0, 0.0, 0.0, 0.0, 0.0, 0.0, 0.0, 0.0, 0.0, 0.0, 0.0, 0.0, 0.0, 0.0, 0.0], [0.0, 0.0, 0.0, 0.0, 0.0, 0.0, 0.0, 0.0, 0.0, 0.0, 0.0, 0.0, 0.0, 0.0, 0.0, 0.0, 0.0, 0.0, 0.0, 0.0, 0.0, 0.0, 0.0, 0.0], [0.0, 0.0, 0.0, 0.0, 0.0, 0.0, 0.0, 0.0, 0.0, 0.0, 0.0, 0.0, 0.0, 0.0, 0.0, 0.0, 0.0, 0.0, 0.0, 0.0, 0.0, 0.0, 0.0, 0.0], [2.4792390405614873, 2.3589875504923477, 2.278282303665683, 2.2383101737394986, 2.3188029580711205, 2.582773984540974, 2.983902201460993, 3.4268483963603344, 3.7267478833010053, 3.8867276887445237, 3.9676908150524155, 3.806867293887751, 3.587451450273033, 3.4665487579100707, 3.5876766007630487, 3.748171730728184, 3.908790569992642, 3.9677112176792355, 3.8068693986426188, 3.564858458485966, 3.2441730181735533, 3.0016904321502085, 2.8005669403752442, 2.600880322233213], [0.0, 0.0, 0.0, 0.0, 0.0, 0.0, 0.0, 0.0, 0.0, 0.0, 0.0, 0.0, 0.0, 0.0, 0.0, 0.0, 0.0, 0.0, 0.0, 0.0, 0.0, 0.0, 0.0, 0.0], [0.0, 0.0, 0.0, 0.0, 0.0, 0.0, 0.0, 0.0, 0.0, 0.0, 0.0, 0.0, 0.0, 0.0, 0.0, 0.0, 0.0, 0.0, 0.0, 0.0, 0.0, 0.0, 0.0, 0.0], [0.0, 0.0, 0.0, 0.0, 0.0, 0.0, 0.0, 0.0, 0.0, 0.0, 0.0, 0.0, 0.0, 0.0, 0.0, 0.0, 0.0, 0.0, 0.0, 0.0, 0.0, 0.0, 0.0, 0.0], [0.0, 0.0, 0.0, 0.0, 0.0, 0.0, 0.0, 0.0, 0.0, 0.0, 0.0, 0.0, 0.0, 0.0, 0.0, 0.0, 0.0, 0.0, 0.0, 0.0, 0.0, 0.0, 0.0, 0.0]]
        P_cons = [[0.0, 0.0, 0.0, 0.0, 0.0, 0.0, 0.0, 0.0, 0.0, 0.0, 0.0, 0.0, 0.0, 0.0, 0.0, 0.0, 0.0, 0.0, 0.0, 0.0, 0.0, 0.0, 0.0, 0.0], [0.0, 0.0, 0.0, 0.0, 0.0, 0.0, 0.0, 0.0, 0.0, 0.0, 0.0, 0.0, 0.0, 0.0, 0.0, 0.0, 0.0, 0.0, 0.0, 0.0, 0.0, 0.0, 0.0, 0.0], [0.0, 0.0, 0.0, 0.0, 0.0, 0.0, 0.0, 0.0, 0.0, 0.0, 0.0, 0.0, 0.0, 0.0, 0.0, 0.0, 0.0, 0.0, 0.0, 0.0, 0.0, 0.0, 0.0, 0.0], [0.0, 0.0, 0.0, 0.0, 0.0, 0.0, 0.0, 0.0, 0.0, 0.0, 0.0, 0.0, 0.0, 0.0, 0.0, 0.0, 0.0, 0.0, 0.0, 0.0, 0.0, 0.0, 0.0, 0.0], [0.0, 0.0, 0.0, 0.0, 0.0, 0.0, 0.0, 0.0, 0.0, 0.0, 0.0, 0.0, 0.0, 0.0, 0.0, 0.0, 0.0, 0.0, 0.0, 0.0, 0.0, 0.0, 0.0, 0.0], [0.0, 0.0, 0.0, 0.0, 0.0, 0.0, 0.0, 0.0, 0.0, 0.0, 0.0, 0.0, 0.0, 0.0, 0.0, 0.0, 0.0, 0.0, 0.0, 0.0, 0.0, 0.0, 0.0, 0.0], [0.0, 0.0, 0.0, 0.0, 0.0, 0.0, 0.0, 0.0, 0.0, 0.0, 0.0, 0.0, 0.0, 0.0, 0.0, 0.0, 0.0, 0.0, 0.0, 0.0, 0.0, 0.0, 0.0, 0.0], [0.0, 0.0, 0.0, 0.0, 0.0, 0.0, 0.0, 0.0, 0.0, 0.0, 0.0, 0.0, 0.0, 0.0, 0.0, 0.0, 0.0, 0.0, 0.0, 0.0, 0.0, 0.0, 0.0, 0.0], [0.0, 0.0, 0.0, 0.0, 0.0, 0.0, 0.0, 0.0, 0.0, 0.0, 0.0, 0.0, 0.0, 0.0, 0.0, 0.0, 0.0, 0.0, 0.0, 0.0, 0.0, 0.0, 0.0, 0.0], [0.0, 0.0, 0.0, 0.0, 0.0, 0.0, 0.0, 0.0, 0.0, 0.0, 0.0, 0.0, 0.0, 0.0, 0.0, 0.0, 0.0, 0.0, 0.0, 0.0, 0.0, 0.0, 0.0, 0.0], [0.0, 0.0, 0.0, 0.0, 0.0, 0.0, 0.0, 0.0, 0.0, 0.0, 0.0, 0.0, 0.0, 0.0, 0.0, 0.0, 0.0, 0.0, 0.0, 0.0, 0.0, 0.0, 0.0, 0.0], [0.0, 0.0, 0.0, 0.0, 0.0, 0.0, 0.0, 0.0, 0.0, 0.0, 0.0, 0.0, 0.0, 0.0, 0.0, 0.0, 0.0, 0.0, 0.0, 0.0, 0.0, 0.0, 0.0, 0.0], [0.0, 0.0, 0.0, 0.0, 0.0, 0.0, 0.0, 0.0, 0.0, 0.0, 0.0, 0.0, 0.0, 0.0, 0.0, 0.0, 0.0, 0.0, 0.0, 0.0, 0.0, 0.0, 0.0, 0.0]]
        P_gen = [[0.0, 0.0, 0.0, 0.0, 0.0, 0.0, 0.0, 0.0, 0.0, 0.0, 0.0, 0.0, 0.0, 0.0, 0.0, 0.0, 0.0, 0.0, 0.0, 0.0, 0.0, 0.0, 0.0, 0.0], [0.0, 0.0, 0.0, 0.0, 0.0, 0.0, 0.0, 0.0, 0.0, 0.0, 0.0, 0.0, 0.0, 0.0, 0.0, 0.0, 0.0, 0.0, 0.0, 0.0, 0.0, 0.0, 0.0, 0.0], [0.0, 0.0, 0.0, 0.0, 0.0, 0.0, 0.0, 0.0, 0.0, 0.0, 0.0, 0.0, 0.0, 0.0, 0.0, 0.0, 0.0, 0.0, 0.0, 0.0, 0.0, 0.0, 0.0, 0.0], [0.0, 0.0, 0.0, 0.0, 0.0, 0.0, 0.0, 0.0, 0.0, 0.0, 0.0, 0.0, 0.0, 0.0, 0.0, 0.0, 0.0, 0.0, 0.0, 0.0, 0.0, 0.0, 0.0, 0.0], [0.0, 0.0, 0.0, 0.0, 0.0, 0.0, 0.0, 0.0, 0.0, 0.0, 0.0, 0.0, 0.0, 0.0, 0.0, 0.0, 0.0, 0.0, 0.0, 0.0, 0.0, 0.0, 0.0, 0.0], [0.0, 0.0, 0.0, 0.0, 0.0, 0.0, 0.0, 0.0, 0.0, 0.0, 0.0, 0.0, 0.0, 0.0, 0.0, 0.0, 0.0, 0.0, 0.0, 0.0, 0.0, 0.0, 0.0, 0.0], [0.0, 0.0, 0.0, 0.0, 0.0, 0.0, 0.0, 0.0, 0.0, 0.0, 0.0, 0.0, 0.0, 0.0, 0.0, 0.0, 0.0, 0.0, 0.0, 0.0, 0.0, 0.0, 0.0, 0.0], [0.0, 0.0, 0.0, 0.0, 0.0, 0.0, 0.0, 0.0, 0.0, 0.0, 0.0, 0.0, 0.0, 0.0, 0.0, 0.0, 0.0, 0.0, 0.0, 0.0, 0.0, 0.0, 0.0, 0.0], [0.0, 0.0, 0.0, 0.0, 0.0, 0.0, 0.0, 0.0, 0.0, 0.0, 0.0, 0.0, 0.0, 0.0, 0.0, 0.0, 0.0, 0.0, 0.0, 0.0, 0.0, 0.0, 0.0, 0.0], [0.0, 0.0, 0.0, 0.0, 0.0, 0.0, 0.0, 0.0, 0.0, 0.0, 0.0, 0.0, 0.0, 0.0, 0.0, 0.0, 0.0, 0.0, 0.0, 0.0, 0.0, 0.0, 0.0, 0.0], [0.0, 0.0, 0.0, 0.0, 0.0, 0.0, 0.0, 0.0, 0.0, 0.0, 0.0, 0.0, 0.0, 0.0, 0.0, 0.0, 0.0, 0.0, 0.0, 0.0, 0.0, 0.0, 0.0, 0.0], [0.0, 0.0, 0.0, 0.0, 0.0, 0.0, 0.0, 0.0, 0.0, 0.0, 0.0, 0.0, 0.0, 0.0, 0.0, 0.0, 0.0, 0.0, 0.0, 0.0, 0.0, 0.0, 0.0, 0.0], [0.0, 0.0, 0.0, 0.0, 0.0, 0.0, 0.0, 0.0, 0.0, 0.0, 0.0, 0.0, 0.0, 0.0, 0.0, 0.0, 0.0, 0.0, 0.0, 0.0, 0.0, 0.0, 0.0, 0.0]]
        w_H = [[0.0, 0.0, 0.0, 0.0, 0.0, 0.0, 0.0, 0.0, 0.0, 0.0, 0.0, 0.0, 0.0, 0.0, 0.0, 0.0, 0.0, 0.0, 0.0, 0.0, 0.0, 0.0, 0.0, 0.0], [0.0, 0.0, 0.0, 0.0, 0.0, 0.0, 0.0, 0.0, 0.0, 0.0, 0.0, 0.0, 0.0, 0.0, 0.0, 0.0, 0.0, 0.0, 0.0, 0.0, 0.0, 0.0, 0.0, 0.0], [0.0, 0.0, 0.0, 0.0, 0.0, 0.0, 0.0, 0.0, 0.0, 0.0, 0.0, 0.0, 0.0, 0.0, 0.0, 0.0, 0.0, 0.0, 0.0, 0.0, 0.0, 0.0, 0.0, 0.0], [0.0, 0.0, 0.0, 0.0, 0.0, 0.0, 0.0, 0.0, 0.0, 0.0, 0.0, 0.0, 0.0, 0.0, 0.0, 0.0, 0.0, 0.0, 0.0, 0.0, 0.0, 0.0, 0.0, 0.0], [7.725912210601541, 8.139114769598926, 7.775360260830968, 7.642956878599689, 7.176896412488258, 16.593223989890035, 19.413780822768885, 22.715121290214906, 38.41368862895066, 33.29218309544942, 33.5791407937304, 35.54621467519669, 11.386626702190414, 11.362564644230428, 11.613372323295474, 16.101612672659016, 23.060665132690954, 41.18964239103817, 36.60074000239459, 33.12333962284669, 34.13144797168816, 23.783600037496466, 8.621658742581754, 25.311134170756507], [0.0, 0.0, 0.0, 0.0, 0.0, 0.0, 0.0, 0.0, 0.0, 0.0, 0.0, 0.0, 0.0, 0.0, 0.0, 0.0, 0.0, 0.0, 0.0, 0.0, 0.0, 0.0, 0.0, 0.0], [0.0, 0.0, 0.0, 0.0, 0.0, 0.0, 0.0, 0.0, 0.0, 0.0, 0.0, 0.0, 0.0, 0.0, 0.0, 0.0, 0.0, 0.0, 0.0, 0.0, 0.0, 0.0, 0.0, 0.0], [0.0, 0.0, 0.0, 0.0, 0.0, 0.0, 0.0, 0.0, 0.0, 0.0, 0.0, 0.0, 0.0, 0.0, 0.0, 0.0, 0.0, 0.0, 0.0, 0.0, 0.0, 0.0, 0.0, 0.0], [0.0, 0.0, 0.0, 0.0, 0.0, 0.0, 0.0, 0.0, 0.0, 0.0, 0.0, 0.0, 0.0, 0.0, 0.0, 0.0, 0.0, 0.0, 0.0, 0.0, 0.0, 0.0, 0.0, 0.0]]
        w_P = [[0.0, 0.0, 0.0, 0.0, 0.0, 0.0, 0.0, 0.0, 0.0, 0.0, 0.0, 0.0, 0.0, 0.0, 0.0, 0.0, 0.0, 0.0, 0.0, 0.0, 0.0, 0.0, 0.0, 0.0], [0.0, 0.0, 0.0, 0.0, 0.0, 0.0, 0.0, 0.0, 0.0, 0.0, 0.0, 0.0, 0.0, 0.0, 0.0, 0.0, 0.0, 0.0, 0.0, 0.0, 0.0, 0.0, 0.0, 0.0], [0.0, 0.0, 0.0, 0.0, 0.0, 0.0, 0.0, 0.0, 0.0, 0.0, 0.0, 0.0, 0.0, 0.0, 0.0, 0.0, 0.0, 0.0, 0.0, 0.0, 0.0, 0.0, 0.0, 0.0], [0.0, 0.0, 0.0, 0.0, 0.0, 0.0, 0.0, 0.0, 0.0, 0.0, 0.0, 0.0, 0.0, 0.0, 0.0, 0.0, 0.0, 0.0, 0.0, 0.0, 0.0, 0.0, 0.0, 0.0], [1.7324741446811083, 1.6418496933439926, 1.720932265043396, 1.6616561461916204, 1.6378707866993722, 9.13647518318904, 9.6711507780912, 9.21256561078664, 27.094449533455055, 27.954963247811335, 27.362630860075065, 27.387320330338095, 9.332917857552124, 9.51842546427208, 9.195864551574498, 9.382532708971484, 9.493661500832978, 27.341291214566034, 27.3851174874413, 28.240487684658888, 27.27697964258284, 1.7719285273543859, 1.8049928815501657, 1.4693356264170432], [0.0, 0.0, 0.0, 0.0, 0.0, 0.0, 0.0, 0.0, 0.0, 0.0, 0.0, 0.0, 0.0, 0.0, 0.0, 0.0, 0.0, 0.0, 0.0, 0.0, 0.0, 0.0, 0.0, 0.0], [0.0, 0.0, 0.0, 0.0, 0.0, 0.0, 0.0, 0.0, 0.0, 0.0, 0.0, 0.0, 0.0, 0.0, 0.0, 0.0, 0.0, 0.0, 0.0, 0.0, 0.0, 0.0, 0.0, 0.0], [0.0, 0.0, 0.0, 0.0, 0.0, 0.0, 0.0, 0.0, 0.0, 0.0, 0.0, 0.0, 0.0, 0.0, 0.0, 0.0, 0.0, 0.0, 0.0, 0.0, 0.0, 0.0, 0.0, 0.0], [0.0, 0.0, 0.0, 0.0, 0.0, 0.0, 0.0, 0.0, 0.0, 0.0, 0.0, 0.0, 0.0, 0.0, 0.0, 0.0, 0.0, 0.0, 0.0, 0.0, 0.0, 0.0, 0.0, 0.0]]
        z_storage = [[0.0, 0.0, 0.0, 0.0, 0.0, 0.0, 0.0, 0.0, 0.0, 0.0, 0.0, 0.0, 0.0, 0.0, 0.0, 0.0, 0.0, 0.0, 0.0, 0.0, 0.0, 0.0, 0.0, 0.0], [0.0, 0.0, 0.0, 0.0, 0.0, 0.0, 0.0, 0.0, 0.0, 0.0, 0.0, 0.0, 0.0, 0.0, 0.0, 0.0, 0.0, 0.0, 0.0, 0.0, 0.0, 0.0, 0.0, 0.0], [0.0, 0.0, 0.0, 0.0, 0.0, 0.0, 0.0, 0.0, 0.0, 0.0, 0.0, 0.0, 0.0, 0.0, 0.0, 0.0, 0.0, 0.0, 0.0, 0.0, 0.0, 0.0, 0.0, 0.0], [0.0, 0.0, 0.0, 0.0, 0.0, 0.0, 0.0, 0.0, 0.0, 0.0, 0.0, 0.0, 0.0, 0.0, 0.0, 0.0, 0.0, 0.0, 0.0, 0.0, 0.0, 0.0, 0.0, 0.0], [0.0, 0.0, 0.0, 0.0, 0.0, 0.0, 0.0, 0.0, 0.0, 0.0, 0.0, 0.0, 0.0, 0.0, 0.0, 0.0, 0.0, 0.0, 0.0, 0.0, 0.0, 0.0, 0.0, 0.0], [0.0, 0.0, 0.0, 0.0, 0.0, 0.0, 0.0, 0.0, 0.0, 0.0, 0.0, 0.0, 0.0, 0.0, 0.0, 0.0, 0.0, 0.0, 0.0, 0.0, 0.0, 0.0, 0.0, 0.0], [0.0, 0.0, 0.0, 0.0, 0.0, 0.0, 0.0, 0.0, 0.0, 0.0, 0.0, 0.0, 0.0, 0.0, 0.0, 0.0, 0.0, 0.0, 0.0, 0.0, 0.0, 0.0, 0.0, 0.0], [0.0, 0.0, 0.0, 0.0, 0.0, 0.0, 0.0, 0.0, 0.0, 0.0, 0.0, 0.0, 0.0, 0.0, 0.0, 0.0, 0.0, 0.0, 0.0, 0.0, 0.0, 0.0, 0.0, 0.0], [0.0, 0.0, 0.0, 0.0, 0.0, 0.0, 0.0, 0.0, 0.0, 0.0, 0.0, 0.0, 0.0, 0.0, 0.0, 0.0, 0.0, 0.0, 0.0, 0.0, 0.0, 0.0, 0.0, 0.0], [0.0, 0.0, 0.0, 0.0, 0.0, 0.0, 0.0, 0.0, 0.0, 0.0, 0.0, 0.0, 0.0, 0.0, 0.0, 0.0, 0.0, 0.0, 0.0, 0.0, 0.0, 0.0, 0.0, 0.0], [0.0, 0.0, 0.0, 0.0, 0.0, 0.0, 0.0, 0.0, 0.0, 0.0, 0.0, 0.0, 0.0, 0.0, 0.0, 0.0, 0.0, 0.0, 0.0, 0.0, 0.0, 0.0, 0.0, 0.0], [0.0, 0.0, 0.0, 0.0, 0.0, 0.0, 0.0, 0.0, 0.0, 0.0, 0.0, 0.0, 0.0, 0.0, 0.0, 0.0, 0.0, 0.0, 0.0, 0.0, 0.0, 0.0, 0.0, 0.0], [0.0, 0.0, 0.0, 0.0, 0.0, 0.0, 0.0, 0.0, 0.0, 0.0, 0.0, 0.0, 0.0, 0.0, 0.0, 0.0, 0.0, 0.0, 0.0, 0.0, 0.0, 0.0, 0.0, 0.0]]
    [[trace.agents]]
    actor = 6
    allocated_budget_sec = 2.071536700008437
    augmented_bound = 0.0007296478541632956
    augmented_bound_excess = 0.0
    augmented_objective = 0.0007359689559054416
    augmented_objective_at_primal = 0.0007359685484443768
    augmented_relative_gap = 6.3211017421460625e-6
    convex_fixed_mode = true
    cost = 779.4129262572575
    elapsed_sec = 0.006617299979552627
    input_sha256 = "0ccd3fc8cbec9eff35715615750f1961896dcec0dc7fb10c5c0a522594969fd3"
    message = [[-0.9907614173913866, -0.9422017361175794, -0.9098633787276044, -0.8936887916832414, -0.926017489532652, -1.022158691768472, -1.1839813085894095, -1.3620399170966164, -1.4702507682744086, -1.5349921314889994, -1.56724430944518, -1.5026912378768087, -1.426797762994472, -1.3782272137793488, -1.426797354938478, -1.491474157867049, -1.5562066154461938, -1.5673387779234251, -1.502642864837121, -1.4056270681017922, -1.2763680595340778, -1.201329800853962, -1.120298651624808, -1.0178498846471677], [0.4798476550631305, 0.45632912801834496, 0.44066694670023354, 0.43283323665802464, 0.44849073964711805, 0.49505404907561207, 0.5734283194646979, 0.6596660395214075, 0.7120749467301314, 0.7434306200322939, 0.7590510627456363, 0.7277865832498942, 0.6910296957514221, 0.6675059051224231, 0.6910294981208842, 0.7223539034494327, 0.7537052635554912, 0.7590968159178608, 0.7277631551174952, 0.6807762602401195, 0.6181732651413501, 0.581830577754029, 0.5425854010019351, 0.4929671985412817], [0.0, 0.0, 0.0, 0.0, 0.0, 0.0, 0.0, 0.0, 0.0, 0.0, 0.0, 0.0, 0.0, 0.0, 0.0, 0.0, 0.0, 0.0, 0.0, 0.0, 0.0, 0.0, 0.0, 0.0], [2.4697937921830007, 2.4687473103869686, 2.40715134652813, 2.3446388588594207, 2.472303561366713, 2.7083342308366714, 2.955385525890239, 3.077497383189675, 2.9366391689806126, 2.688724503899661, 2.5018017426970687, 2.4422766876591897, 2.4001815758011897, 2.3380660506056534, 2.4002674830190807, 2.5822832435749423, 2.826254887391597, 2.995094384122676, 2.874658392200632, 2.688217878587858, 2.563709320170493, 2.5097480979887714, 2.466435046491496, 2.4678353585883332]]
    model_types = ["(JuMP.AffExpr, MathOptInterface.EqualTo{Float64})", "(Vector{JuMP.AffExpr}, MathOptInterface.RotatedSecondOrderCone)", "(JuMP.VariableRef, MathOptInterface.EqualTo{Float64})", "(JuMP.VariableRef, MathOptInterface.GreaterThan{Float64})", "(JuMP.VariableRef, MathOptInterface.LessThan{Float64})"]
    primal_status = "FEASIBLE_POINT"
    solver = "Gurobi"
    solver_objective_report_error = 4.0746106488853684e-10
    solver_objective_report_pass = true
    status = "solved"
    termination = "OPTIMAL"

        [trace.agents.values]
        E = [[0.0, 0.0, 0.0, 0.0, 0.0, 0.0, 0.0, 0.0, 0.0, 0.0, 0.0, 0.0, 0.0, 0.0, 0.0, 0.0, 0.0, 0.0, 0.0, 0.0, 0.0, 0.0, 0.0, 0.0, 0.0], [0.0, 0.0, 0.0, 0.0, 0.0, 0.0, 0.0, 0.0, 0.0, 0.0, 0.0, 0.0, 0.0, 0.0, 0.0, 0.0, 0.0, 0.0, 0.0, 0.0, 0.0, 0.0, 0.0, 0.0, 0.0], [0.0, 0.0, 0.0, 0.0, 0.0, 0.0, 0.0, 0.0, 0.0, 0.0, 0.0, 0.0, 0.0, 0.0, 0.0, 0.0, 0.0, 0.0, 0.0, 0.0, 0.0, 0.0, 0.0, 0.0, 0.0], [0.0, 0.0, 0.0, 0.0, 0.0, 0.0, 0.0, 0.0, 0.0, 0.0, 0.0, 0.0, 0.0, 0.0, 0.0, 0.0, 0.0, 0.0, 0.0, 0.0, 0.0, 0.0, 0.0, 0.0, 0.0], [0.0, 0.0, 0.0, 0.0, 0.0, 0.0, 0.0, 0.0, 0.0, 0.0, 0.0, 0.0, 0.0, 0.0, 0.0, 0.0, 0.0, 0.0, 0.0, 0.0, 0.0, 0.0, 0.0, 0.0, 0.0], [0.0, 0.0, 0.0, 0.0, 0.0, 0.0, 0.0, 0.0, 0.0, 0.0, 0.0, 0.0, 0.0, 0.0, 0.0, 0.0, 0.0, 0.0, 0.0, 0.0, 0.0, 0.0, 0.0, 0.0, 0.0], [0.0, 0.0, 0.0, 0.0, 0.0, 0.0, 0.0, 0.0, 0.0, 0.0, 0.0, 0.0, 0.0, 0.0, 0.0, 0.0, 0.0, 0.0, 0.0, 0.0, 0.0, 0.0, 0.0, 0.0, 0.0], [0.0, 0.0, 0.0, 0.0, 0.0, 0.0, 0.0, 0.0, 0.0, 0.0, 0.0, 0.0, 0.0, 0.0, 0.0, 0.0, 0.0, 0.0, 0.0, 0.0, 0.0, 0.0, 0.0, 0.0, 0.0], [0.0, 0.0, 0.0, 0.0, 0.0, 0.0, 0.0, 0.0, 0.0, 0.0, 0.0, 0.0, 0.0, 0.0, 0.0, 0.0, 0.0, 0.0, 0.0, 0.0, 0.0, 0.0, 0.0, 0.0, 0.0], [0.0, 0.0, 0.0, 0.0, 0.0, 0.0, 0.0, 0.0, 0.0, 0.0, 0.0, 0.0, 0.0, 0.0, 0.0, 0.0, 0.0, 0.0, 0.0, 0.0, 0.0, 0.0, 0.0, 0.0, 0.0], [0.0, 0.0, 0.0, 0.0, 0.0, 0.0, 0.0, 0.0, 0.0, 0.0, 0.0, 0.0, 0.0, 0.0, 0.0, 0.0, 0.0, 0.0, 0.0, 0.0, 0.0, 0.0, 0.0, 0.0, 0.0], [0.0, 0.0, 0.0, 0.0, 0.0, 0.0, 0.0, 0.0, 0.0, 0.0, 0.0, 0.0, 0.0, 0.0, 0.0, 0.0, 0.0, 0.0, 0.0, 0.0, 0.0, 0.0, 0.0, 0.0, 0.0], [0.0, 0.0, 0.0, 0.0, 0.0, 0.0, 0.0, 0.0, 0.0, 0.0, 0.0, 0.0, 0.0, 0.0, 0.0, 0.0, 0.0, 0.0, 0.0, 0.0, 0.0, 0.0, 0.0, 0.0, 0.0]]
        H_D = [[0.0, 0.0, 0.0, 0.0, 0.0, 0.0, 0.0, 0.0, 0.0, 0.0, 0.0, 0.0, 0.0, 0.0, 0.0, 0.0, 0.0, 0.0, 0.0, 0.0, 0.0, 0.0, 0.0, 0.0], [0.0, 0.0, 0.0, 0.0, 0.0, 0.0, 0.0, 0.0, 0.0, 0.0, 0.0, 0.0, 0.0, 0.0, 0.0, 0.0, 0.0, 0.0, 0.0, 0.0, 0.0, 0.0, 0.0, 0.0], [0.0, 0.0, 0.0, 0.0, 0.0, 0.0, 0.0, 0.0, 0.0, 0.0, 0.0, 0.0, 0.0, 0.0, 0.0, 0.0, 0.0, 0.0, 0.0, 0.0, 0.0, 0.0, 0.0, 0.0], [0.0, 0.0, 0.0, 0.0, 0.0, 0.0, 0.0, 0.0, 0.0, 0.0, 0.0, 0.0, 0.0, 0.0, 0.0, 0.0, 0.0, 0.0, 0.0, 0.0, 0.0, 0.0, 0.0, 0.0], [0.0, 0.0, 0.0, 0.0, 0.0, 0.0, 0.0, 0.0, 0.0, 0.0, 0.0, 0.0, 0.0, 0.0, 0.0, 0.0, 0.0, 0.0, 0.0, 0.0, 0.0, 0.0, 0.0, 0.0], [2.4697937921830007, 2.4687473103869686, 2.40715134652813, 2.3446388588594207, 2.472303561366713, 2.7083342308366714, 2.955385525890239, 3.077497383189675, 2.9366391689806126, 2.688724503899661, 2.5018017426970687, 2.4422766876591897, 2.4001815758011897, 2.3380660506056534, 2.4002674830190807, 2.5822832435749423, 2.826254887391597, 2.995094384122676, 2.874658392200632, 2.688217878587858, 2.563709320170493, 2.5097480979887714, 2.466435046491496, 2.4678353585883332], [0.0, 0.0, 0.0, 0.0, 0.0, 0.0, 0.0, 0.0, 0.0, 0.0, 0.0, 0.0, 0.0, 0.0, 0.0, 0.0, 0.0, 0.0, 0.0, 0.0, 0.0, 0.0, 0.0, 0.0], [0.0, 0.0, 0.0, 0.0, 0.0, 0.0, 0.0, 0.0, 0.0, 0.0, 0.0, 0.0, 0.0, 0.0, 0.0, 0.0, 0.0, 0.0, 0.0, 0.0, 0.0, 0.0, 0.0, 0.0], [0.0, 0.0, 0.0, 0.0, 0.0, 0.0, 0.0, 0.0, 0.0, 0.0, 0.0, 0.0, 0.0, 0.0, 0.0, 0.0, 0.0, 0.0, 0.0, 0.0, 0.0, 0.0, 0.0, 0.0]]
        H_cons = [[0.0, 0.0, 0.0, 0.0, 0.0, 0.0, 0.0, 0.0, 0.0, 0.0, 0.0, 0.0, 0.0, 0.0, 0.0, 0.0, 0.0, 0.0, 0.0, 0.0, 0.0, 0.0, 0.0, 0.0], [0.0, 0.0, 0.0, 0.0, 0.0, 0.0, 0.0, 0.0, 0.0, 0.0, 0.0, 0.0, 0.0, 0.0, 0.0, 0.0, 0.0, 0.0, 0.0, 0.0, 0.0, 0.0, 0.0, 0.0], [0.0, 0.0, 0.0, 0.0, 0.0, 0.0, 0.0, 0.0, 0.0, 0.0, 0.0, 0.0, 0.0, 0.0, 0.0, 0.0, 0.0, 0.0, 0.0, 0.0, 0.0, 0.0, 0.0, 0.0], [0.0, 0.0, 0.0, 0.0, 0.0, 0.0, 0.0, 0.0, 0.0, 0.0, 0.0, 0.0, 0.0, 0.0, 0.0, 0.0, 0.0, 0.0, 0.0, 0.0, 0.0, 0.0, 0.0, 0.0], [0.0, 0.0, 0.0, 0.0, 0.0, 0.0, 0.0, 0.0, 0.0, 0.0, 0.0, 0.0, 0.0, 0.0, 0.0, 0.0, 0.0, 0.0, 0.0, 0.0, 0.0, 0.0, 0.0, 0.0], [0.0, 0.0, 0.0, 0.0, 0.0, 0.0, 0.0, 0.0, 0.0, 0.0, 0.0, 0.0, 0.0, 0.0, 0.0, 0.0, 0.0, 0.0, 0.0, 0.0, 0.0, 0.0, 0.0, 0.0], [0.0, 0.0, 0.0, 0.0, 0.0, 0.0, 0.0, 0.0, 0.0, 0.0, 0.0, 0.0, 0.0, 0.0, 0.0, 0.0, 0.0, 0.0, 0.0, 0.0, 0.0, 0.0, 0.0, 0.0], [0.0, 0.0, 0.0, 0.0, 0.0, 0.0, 0.0, 0.0, 0.0, 0.0, 0.0, 0.0, 0.0, 0.0, 0.0, 0.0, 0.0, 0.0, 0.0, 0.0, 0.0, 0.0, 0.0, 0.0], [0.0, 0.0, 0.0, 0.0, 0.0, 0.0, 0.0, 0.0, 0.0, 0.0, 0.0, 0.0, 0.0, 0.0, 0.0, 0.0, 0.0, 0.0, 0.0, 0.0, 0.0, 0.0, 0.0, 0.0], [0.0, 0.0, 0.0, 0.0, 0.0, 0.0, 0.0, 0.0, 0.0, 0.0, 0.0, 0.0, 0.0, 0.0, 0.0, 0.0, 0.0, 0.0, 0.0, 0.0, 0.0, 0.0, 0.0, 0.0], [0.0, 0.0, 0.0, 0.0, 0.0, 0.0, 0.0, 0.0, 0.0, 0.0, 0.0, 0.0, 0.0, 0.0, 0.0, 0.0, 0.0, 0.0, 0.0, 0.0, 0.0, 0.0, 0.0, 0.0], [0.0, 0.0, 0.0, 0.0, 0.0, 0.0, 0.0, 0.0, 0.0, 0.0, 0.0, 0.0, 0.0, 0.0, 0.0, 0.0, 0.0, 0.0, 0.0, 0.0, 0.0, 0.0, 0.0, 0.0], [0.0, 0.0, 0.0, 0.0, 0.0, 0.0, 0.0, 0.0, 0.0, 0.0, 0.0, 0.0, 0.0, 0.0, 0.0, 0.0, 0.0, 0.0, 0.0, 0.0, 0.0, 0.0, 0.0, 0.0]]
        H_gen = [[0.0, 0.0, 0.0, 0.0, 0.0, 0.0, 0.0, 0.0, 0.0, 0.0, 0.0, 0.0, 0.0, 0.0, 0.0, 0.0, 0.0, 0.0, 0.0, 0.0, 0.0, 0.0, 0.0, 0.0], [0.0, 0.0, 0.0, 0.0, 0.0, 0.0, 0.0, 0.0, 0.0, 0.0, 0.0, 0.0, 0.0, 0.0, 0.0, 0.0, 0.0, 0.0, 0.0, 0.0, 0.0, 0.0, 0.0, 0.0], [0.0, 0.0, 0.0, 0.0, 0.0, 0.0, 0.0, 0.0, 0.0, 0.0, 0.0, 0.0, 0.0, 0.0, 0.0, 0.0, 0.0, 0.0, 0.0, 0.0, 0.0, 0.0, 0.0, 0.0], [0.0, 0.0, 0.0, 0.0, 0.0, 0.0, 0.0, 0.0, 0.0, 0.0, 0.0, 0.0, 0.0, 0.0, 0.0, 0.0, 0.0, 0.0, 0.0, 0.0, 0.0, 0.0, 0.0, 0.0], [0.0, 0.0, 0.0, 0.0, 0.0, 0.0, 0.0, 0.0, 0.0, 0.0, 0.0, 0.0, 0.0, 0.0, 0.0, 0.0, 0.0, 0.0, 0.0, 0.0, 0.0, 0.0, 0.0, 0.0], [0.0, 0.0, 0.0, 0.0, 0.0, 0.0, 0.0, 0.0, 0.0, 0.0, 0.0, 0.0, 0.0, 0.0, 0.0, 0.0, 0.0, 0.0, 0.0, 0.0, 0.0, 0.0, 0.0, 0.0], [0.0, 0.0, 0.0, 0.0, 0.0, 0.0, 0.0, 0.0, 0.0, 0.0, 0.0, 0.0, 0.0, 0.0, 0.0, 0.0, 0.0, 0.0, 0.0, 0.0, 0.0, 0.0, 0.0, 0.0], [0.0, 0.0, 0.0, 0.0, 0.0, 0.0, 0.0, 0.0, 0.0, 0.0, 0.0, 0.0, 0.0, 0.0, 0.0, 0.0, 0.0, 0.0, 0.0, 0.0, 0.0, 0.0, 0.0, 0.0], [0.0, 0.0, 0.0, 0.0, 0.0, 0.0, 0.0, 0.0, 0.0, 0.0, 0.0, 0.0, 0.0, 0.0, 0.0, 0.0, 0.0, 0.0, 0.0, 0.0, 0.0, 0.0, 0.0, 0.0], [0.0, 0.0, 0.0, 0.0, 0.0, 0.0, 0.0, 0.0, 0.0, 0.0, 0.0, 0.0, 0.0, 0.0, 0.0, 0.0, 0.0, 0.0, 0.0, 0.0, 0.0, 0.0, 0.0, 0.0], [0.0, 0.0, 0.0, 0.0, 0.0, 0.0, 0.0, 0.0, 0.0, 0.0, 0.0, 0.0, 0.0, 0.0, 0.0, 0.0, 0.0, 0.0, 0.0, 0.0, 0.0, 0.0, 0.0, 0.0], [0.0, 0.0, 0.0, 0.0, 0.0, 0.0, 0.0, 0.0, 0.0, 0.0, 0.0, 0.0, 0.0, 0.0, 0.0, 0.0, 0.0, 0.0, 0.0, 0.0, 0.0, 0.0, 0.0, 0.0], [0.0, 0.0, 0.0, 0.0, 0.0, 0.0, 0.0, 0.0, 0.0, 0.0, 0.0, 0.0, 0.0, 0.0, 0.0, 0.0, 0.0, 0.0, 0.0, 0.0, 0.0, 0.0, 0.0, 0.0]]
        P_D = [[0.0, 0.0, 0.0, 0.0, 0.0, 0.0, 0.0, 0.0, 0.0, 0.0, 0.0, 0.0, 0.0, 0.0, 0.0, 0.0, 0.0, 0.0, 0.0, 0.0, 0.0, 0.0, 0.0, 0.0], [0.0, 0.0, 0.0, 0.0, 0.0, 0.0, 0.0, 0.0, 0.0, 0.0, 0.0, 0.0, 0.0, 0.0, 0.0, 0.0, 0.0, 0.0, 0.0, 0.0, 0.0, 0.0, 0.0, 0.0], [0.0, 0.0, 0.0, 0.0, 0.0, 0.0, 0.0, 0.0, 0.0, 0.0, 0.0, 0.0, 0.0, 0.0, 0.0, 0.0, 0.0, 0.0, 0.0, 0.0, 0.0, 0.0, 0.0, 0.0], [0.0, 0.0, 0.0, 0.0, 0.0, 0.0, 0.0, 0.0, 0.0, 0.0, 0.0, 0.0, 0.0, 0.0, 0.0, 0.0, 0.0, 0.0, 0.0, 0.0, 0.0, 0.0, 0.0, 0.0], [0.0, 0.0, 0.0, 0.0, 0.0, 0.0, 0.0, 0.0, 0.0, 0.0, 0.0, 0.0, 0.0, 0.0, 0.0, 0.0, 0.0, 0.0, 0.0, 0.0, 0.0, 0.0, 0.0, 0.0], [0.9907614173913866, 0.9422017361175794, 0.9098633787276044, 0.8936887916832414, 0.926017489532652, 1.022158691768472, 1.1839813085894095, 1.3620399170966164, 1.4702507682744086, 1.5349921314889994, 1.56724430944518, 1.5026912378768087, 1.426797762994472, 1.3782272137793488, 1.426797354938478, 1.491474157867049, 1.5562066154461938, 1.5673387779234251, 1.502642864837121, 1.4056270681017922, 1.2763680595340778, 1.201329800853962, 1.120298651624808, 1.0178498846471677], [0.0, 0.0, 0.0, 0.0, 0.0, 0.0, 0.0, 0.0, 0.0, 0.0, 0.0, 0.0, 0.0, 0.0, 0.0, 0.0, 0.0, 0.0, 0.0, 0.0, 0.0, 0.0, 0.0, 0.0], [0.0, 0.0, 0.0, 0.0, 0.0, 0.0, 0.0, 0.0, 0.0, 0.0, 0.0, 0.0, 0.0, 0.0, 0.0, 0.0, 0.0, 0.0, 0.0, 0.0, 0.0, 0.0, 0.0, 0.0], [0.0, 0.0, 0.0, 0.0, 0.0, 0.0, 0.0, 0.0, 0.0, 0.0, 0.0, 0.0, 0.0, 0.0, 0.0, 0.0, 0.0, 0.0, 0.0, 0.0, 0.0, 0.0, 0.0, 0.0]]
        P_cons = [[0.0, 0.0, 0.0, 0.0, 0.0, 0.0, 0.0, 0.0, 0.0, 0.0, 0.0, 0.0, 0.0, 0.0, 0.0, 0.0, 0.0, 0.0, 0.0, 0.0, 0.0, 0.0, 0.0, 0.0], [0.0, 0.0, 0.0, 0.0, 0.0, 0.0, 0.0, 0.0, 0.0, 0.0, 0.0, 0.0, 0.0, 0.0, 0.0, 0.0, 0.0, 0.0, 0.0, 0.0, 0.0, 0.0, 0.0, 0.0], [0.0, 0.0, 0.0, 0.0, 0.0, 0.0, 0.0, 0.0, 0.0, 0.0, 0.0, 0.0, 0.0, 0.0, 0.0, 0.0, 0.0, 0.0, 0.0, 0.0, 0.0, 0.0, 0.0, 0.0], [0.0, 0.0, 0.0, 0.0, 0.0, 0.0, 0.0, 0.0, 0.0, 0.0, 0.0, 0.0, 0.0, 0.0, 0.0, 0.0, 0.0, 0.0, 0.0, 0.0, 0.0, 0.0, 0.0, 0.0], [0.0, 0.0, 0.0, 0.0, 0.0, 0.0, 0.0, 0.0, 0.0, 0.0, 0.0, 0.0, 0.0, 0.0, 0.0, 0.0, 0.0, 0.0, 0.0, 0.0, 0.0, 0.0, 0.0, 0.0], [0.0, 0.0, 0.0, 0.0, 0.0, 0.0, 0.0, 0.0, 0.0, 0.0, 0.0, 0.0, 0.0, 0.0, 0.0, 0.0, 0.0, 0.0, 0.0, 0.0, 0.0, 0.0, 0.0, 0.0], [0.0, 0.0, 0.0, 0.0, 0.0, 0.0, 0.0, 0.0, 0.0, 0.0, 0.0, 0.0, 0.0, 0.0, 0.0, 0.0, 0.0, 0.0, 0.0, 0.0, 0.0, 0.0, 0.0, 0.0], [0.0, 0.0, 0.0, 0.0, 0.0, 0.0, 0.0, 0.0, 0.0, 0.0, 0.0, 0.0, 0.0, 0.0, 0.0, 0.0, 0.0, 0.0, 0.0, 0.0, 0.0, 0.0, 0.0, 0.0], [0.0, 0.0, 0.0, 0.0, 0.0, 0.0, 0.0, 0.0, 0.0, 0.0, 0.0, 0.0, 0.0, 0.0, 0.0, 0.0, 0.0, 0.0, 0.0, 0.0, 0.0, 0.0, 0.0, 0.0], [0.0, 0.0, 0.0, 0.0, 0.0, 0.0, 0.0, 0.0, 0.0, 0.0, 0.0, 0.0, 0.0, 0.0, 0.0, 0.0, 0.0, 0.0, 0.0, 0.0, 0.0, 0.0, 0.0, 0.0], [0.0, 0.0, 0.0, 0.0, 0.0, 0.0, 0.0, 0.0, 0.0, 0.0, 0.0, 0.0, 0.0, 0.0, 0.0, 0.0, 0.0, 0.0, 0.0, 0.0, 0.0, 0.0, 0.0, 0.0], [0.0, 0.0, 0.0, 0.0, 0.0, 0.0, 0.0, 0.0, 0.0, 0.0, 0.0, 0.0, 0.0, 0.0, 0.0, 0.0, 0.0, 0.0, 0.0, 0.0, 0.0, 0.0, 0.0, 0.0], [0.0, 0.0, 0.0, 0.0, 0.0, 0.0, 0.0, 0.0, 0.0, 0.0, 0.0, 0.0, 0.0, 0.0, 0.0, 0.0, 0.0, 0.0, 0.0, 0.0, 0.0, 0.0, 0.0, 0.0]]
        P_gen = [[0.0, 0.0, 0.0, 0.0, 0.0, 0.0, 0.0, 0.0, 0.0, 0.0, 0.0, 0.0, 0.0, 0.0, 0.0, 0.0, 0.0, 0.0, 0.0, 0.0, 0.0, 0.0, 0.0, 0.0], [0.0, 0.0, 0.0, 0.0, 0.0, 0.0, 0.0, 0.0, 0.0, 0.0, 0.0, 0.0, 0.0, 0.0, 0.0, 0.0, 0.0, 0.0, 0.0, 0.0, 0.0, 0.0, 0.0, 0.0], [0.0, 0.0, 0.0, 0.0, 0.0, 0.0, 0.0, 0.0, 0.0, 0.0, 0.0, 0.0, 0.0, 0.0, 0.0, 0.0, 0.0, 0.0, 0.0, 0.0, 0.0, 0.0, 0.0, 0.0], [0.0, 0.0, 0.0, 0.0, 0.0, 0.0, 0.0, 0.0, 0.0, 0.0, 0.0, 0.0, 0.0, 0.0, 0.0, 0.0, 0.0, 0.0, 0.0, 0.0, 0.0, 0.0, 0.0, 0.0], [0.0, 0.0, 0.0, 0.0, 0.0, 0.0, 0.0, 0.0, 0.0, 0.0, 0.0, 0.0, 0.0, 0.0, 0.0, 0.0, 0.0, 0.0, 0.0, 0.0, 0.0, 0.0, 0.0, 0.0], [0.0, 0.0, 0.0, 0.0, 0.0, 0.0, 0.0, 0.0, 0.0, 0.0, 0.0, 0.0, 0.0, 0.0, 0.0, 0.0, 0.0, 0.0, 0.0, 0.0, 0.0, 0.0, 0.0, 0.0], [0.0, 0.0, 0.0, 0.0, 0.0, 0.0, 0.0, 0.0, 0.0, 0.0, 0.0, 0.0, 0.0, 0.0, 0.0, 0.0, 0.0, 0.0, 0.0, 0.0, 0.0, 0.0, 0.0, 0.0], [0.0, 0.0, 0.0, 0.0, 0.0, 0.0, 0.0, 0.0, 0.0, 0.0, 0.0, 0.0, 0.0, 0.0, 0.0, 0.0, 0.0, 0.0, 0.0, 0.0, 0.0, 0.0, 0.0, 0.0], [0.0, 0.0, 0.0, 0.0, 0.0, 0.0, 0.0, 0.0, 0.0, 0.0, 0.0, 0.0, 0.0, 0.0, 0.0, 0.0, 0.0, 0.0, 0.0, 0.0, 0.0, 0.0, 0.0, 0.0], [0.0, 0.0, 0.0, 0.0, 0.0, 0.0, 0.0, 0.0, 0.0, 0.0, 0.0, 0.0, 0.0, 0.0, 0.0, 0.0, 0.0, 0.0, 0.0, 0.0, 0.0, 0.0, 0.0, 0.0], [0.0, 0.0, 0.0, 0.0, 0.0, 0.0, 0.0, 0.0, 0.0, 0.0, 0.0, 0.0, 0.0, 0.0, 0.0, 0.0, 0.0, 0.0, 0.0, 0.0, 0.0, 0.0, 0.0, 0.0], [0.0, 0.0, 0.0, 0.0, 0.0, 0.0, 0.0, 0.0, 0.0, 0.0, 0.0, 0.0, 0.0, 0.0, 0.0, 0.0, 0.0, 0.0, 0.0, 0.0, 0.0, 0.0, 0.0, 0.0], [0.0, 0.0, 0.0, 0.0, 0.0, 0.0, 0.0, 0.0, 0.0, 0.0, 0.0, 0.0, 0.0, 0.0, 0.0, 0.0, 0.0, 0.0, 0.0, 0.0, 0.0, 0.0, 0.0, 0.0]]
        w_H = [[0.0, 0.0, 0.0, 0.0, 0.0, 0.0, 0.0, 0.0, 0.0, 0.0, 0.0, 0.0, 0.0, 0.0, 0.0, 0.0, 0.0, 0.0, 0.0, 0.0, 0.0, 0.0, 0.0, 0.0], [0.0, 0.0, 0.0, 0.0, 0.0, 0.0, 0.0, 0.0, 0.0, 0.0, 0.0, 0.0, 0.0, 0.0, 0.0, 0.0, 0.0, 0.0, 0.0, 0.0, 0.0, 0.0, 0.0, 0.0], [0.0, 0.0, 0.0, 0.0, 0.0, 0.0, 0.0, 0.0, 0.0, 0.0, 0.0, 0.0, 0.0, 0.0, 0.0, 0.0, 0.0, 0.0, 0.0, 0.0, 0.0, 0.0, 0.0, 0.0], [0.0, 0.0, 0.0, 0.0, 0.0, 0.0, 0.0, 0.0, 0.0, 0.0, 0.0, 0.0, 0.0, 0.0, 0.0, 0.0, 0.0, 0.0, 0.0, 0.0, 0.0, 0.0, 0.0, 0.0], [0.0, 0.0, 0.0, 0.0, 0.0, 0.0, 0.0, 0.0, 0.0, 0.0, 0.0, 0.0, 0.0, 0.0, 0.0, 0.0, 0.0, 0.0, 0.0, 0.0, 0.0, 0.0, 0.0, 0.0], [6.870691336441144, 7.430203992312702, 6.998232131545153, 7.057741400183571, 5.618113725912019, 13.894289637218076, 15.863312878171605, 18.079404523299413, 34.30792104321349, 32.35755625801587, 32.03886082416036, 28.865711783177797, 11.171222765900323, 10.981536776442464, 11.11387505557142, 14.840803331646436, 19.498655692414914, 39.084600850915535, 33.8167066643693, 32.936427783964454, 32.60096697734793, 23.675394150503077, 8.744163512485656, 7.935654219692516], [0.0, 0.0, 0.0, 0.0, 0.0, 0.0, 0.0, 0.0, 0.0, 0.0, 0.0, 0.0, 0.0, 0.0, 0.0, 0.0, 0.0, 0.0, 0.0, 0.0, 0.0, 0.0, 0.0, 0.0], [0.0, 0.0, 0.0, 0.0, 0.0, 0.0, 0.0, 0.0, 0.0, 0.0, 0.0, 0.0, 0.0, 0.0, 0.0, 0.0, 0.0, 0.0, 0.0, 0.0, 0.0, 0.0, 0.0, 0.0], [0.0, 0.0, 0.0, 0.0, 0.0, 0.0, 0.0, 0.0, 0.0, 0.0, 0.0, 0.0, 0.0, 0.0, 0.0, 0.0, 0.0, 0.0, 0.0, 0.0, 0.0, 0.0, 0.0, 0.0]]
        w_P = [[0.0, 0.0, 0.0, 0.0, 0.0, 0.0, 0.0, 0.0, 0.0, 0.0, 0.0, 0.0, 0.0, 0.0, 0.0, 0.0, 0.0, 0.0, 0.0, 0.0, 0.0, 0.0, 0.0, 0.0], [0.0, 0.0, 0.0, 0.0, 0.0, 0.0, 0.0, 0.0, 0.0, 0.0, 0.0, 0.0, 0.0, 0.0, 0.0, 0.0, 0.0, 0.0, 0.0, 0.0, 0.0, 0.0, 0.0, 0.0], [0.0, 0.0, 0.0, 0.0, 0.0, 0.0, 0.0, 0.0, 0.0, 0.0, 0.0, 0.0, 0.0, 0.0, 0.0, 0.0, 0.0, 0.0, 0.0, 0.0, 0.0, 0.0, 0.0, 0.0], [0.0, 0.0, 0.0, 0.0, 0.0, 0.0, 0.0, 0.0, 0.0, 0.0, 0.0, 0.0, 0.0, 0.0, 0.0, 0.0, 0.0, 0.0, 0.0, 0.0, 0.0, 0.0, 0.0, 0.0], [0.0, 0.0, 0.0, 0.0, 0.0, 0.0, 0.0, 0.0, 0.0, 0.0, 0.0, 0.0, 0.0, 0.0, 0.0, 0.0, 0.0, 0.0, 0.0, 0.0, 0.0, 0.0, 0.0, 0.0], [1.860915961219102, 1.849844122856549, 1.8334239044627063, 1.8267497571495972, 1.8456892016254414, 9.515238900359245, 9.62474205345646, 9.712747552947993, 27.617531526933746, 27.680298672952386, 27.83639751772668, 27.575646614632188, 9.738906054169588, 9.720644833818454, 9.73916073645729, 9.815959080665689, 9.857997845699186, 27.736825079137354, 27.626453562841323, 27.431276547540953, 27.074081548505177, 1.8711141242560045, 1.8792284548798852, 12.36000528805917], [0.0, 0.0, 0.0, 0.0, 0.0, 0.0, 0.0, 0.0, 0.0, 0.0, 0.0, 0.0, 0.0, 0.0, 0.0, 0.0, 0.0, 0.0, 0.0, 0.0, 0.0, 0.0, 0.0, 0.0], [0.0, 0.0, 0.0, 0.0, 0.0, 0.0, 0.0, 0.0, 0.0, 0.0, 0.0, 0.0, 0.0, 0.0, 0.0, 0.0, 0.0, 0.0, 0.0, 0.0, 0.0, 0.0, 0.0, 0.0], [0.0, 0.0, 0.0, 0.0, 0.0, 0.0, 0.0, 0.0, 0.0, 0.0, 0.0, 0.0, 0.0, 0.0, 0.0, 0.0, 0.0, 0.0, 0.0, 0.0, 0.0, 0.0, 0.0, 0.0]]
        z_storage = [[0.0, 0.0, 0.0, 0.0, 0.0, 0.0, 0.0, 0.0, 0.0, 0.0, 0.0, 0.0, 0.0, 0.0, 0.0, 0.0, 0.0, 0.0, 0.0, 0.0, 0.0, 0.0, 0.0, 0.0], [0.0, 0.0, 0.0, 0.0, 0.0, 0.0, 0.0, 0.0, 0.0, 0.0, 0.0, 0.0, 0.0, 0.0, 0.0, 0.0, 0.0, 0.0, 0.0, 0.0, 0.0, 0.0, 0.0, 0.0], [0.0, 0.0, 0.0, 0.0, 0.0, 0.0, 0.0, 0.0, 0.0, 0.0, 0.0, 0.0, 0.0, 0.0, 0.0, 0.0, 0.0, 0.0, 0.0, 0.0, 0.0, 0.0, 0.0, 0.0], [0.0, 0.0, 0.0, 0.0, 0.0, 0.0, 0.0, 0.0, 0.0, 0.0, 0.0, 0.0, 0.0, 0.0, 0.0, 0.0, 0.0, 0.0, 0.0, 0.0, 0.0, 0.0, 0.0, 0.0], [0.0, 0.0, 0.0, 0.0, 0.0, 0.0, 0.0, 0.0, 0.0, 0.0, 0.0, 0.0, 0.0, 0.0, 0.0, 0.0, 0.0, 0.0, 0.0, 0.0, 0.0, 0.0, 0.0, 0.0], [0.0, 0.0, 0.0, 0.0, 0.0, 0.0, 0.0, 0.0, 0.0, 0.0, 0.0, 0.0, 0.0, 0.0, 0.0, 0.0, 0.0, 0.0, 0.0, 0.0, 0.0, 0.0, 0.0, 0.0], [0.0, 0.0, 0.0, 0.0, 0.0, 0.0, 0.0, 0.0, 0.0, 0.0, 0.0, 0.0, 0.0, 0.0, 0.0, 0.0, 0.0, 0.0, 0.0, 0.0, 0.0, 0.0, 0.0, 0.0], [0.0, 0.0, 0.0, 0.0, 0.0, 0.0, 0.0, 0.0, 0.0, 0.0, 0.0, 0.0, 0.0, 0.0, 0.0, 0.0, 0.0, 0.0, 0.0, 0.0, 0.0, 0.0, 0.0, 0.0], [0.0, 0.0, 0.0, 0.0, 0.0, 0.0, 0.0, 0.0, 0.0, 0.0, 0.0, 0.0, 0.0, 0.0, 0.0, 0.0, 0.0, 0.0, 0.0, 0.0, 0.0, 0.0, 0.0, 0.0], [0.0, 0.0, 0.0, 0.0, 0.0, 0.0, 0.0, 0.0, 0.0, 0.0, 0.0, 0.0, 0.0, 0.0, 0.0, 0.0, 0.0, 0.0, 0.0, 0.0, 0.0, 0.0, 0.0, 0.0], [0.0, 0.0, 0.0, 0.0, 0.0, 0.0, 0.0, 0.0, 0.0, 0.0, 0.0, 0.0, 0.0, 0.0, 0.0, 0.0, 0.0, 0.0, 0.0, 0.0, 0.0, 0.0, 0.0, 0.0], [0.0, 0.0, 0.0, 0.0, 0.0, 0.0, 0.0, 0.0, 0.0, 0.0, 0.0, 0.0, 0.0, 0.0, 0.0, 0.0, 0.0, 0.0, 0.0, 0.0, 0.0, 0.0, 0.0, 0.0], [0.0, 0.0, 0.0, 0.0, 0.0, 0.0, 0.0, 0.0, 0.0, 0.0, 0.0, 0.0, 0.0, 0.0, 0.0, 0.0, 0.0, 0.0, 0.0, 0.0, 0.0, 0.0, 0.0, 0.0]]
    [[trace.agents]]
    actor = 7
    allocated_budget_sec = 2.0647273000795394
    augmented_bound = -1.0e100
    augmented_bound_excess = 0.0
    augmented_objective = 0.0006309819006196093
    augmented_objective_at_primal = 0.0006309811982333491
    augmented_relative_gap = 1.0e100
    convex_fixed_mode = true
    cost = 786.2273721383802
    elapsed_sec = 0.006232700077816844
    input_sha256 = "0ccd3fc8cbec9eff35715615750f1961896dcec0dc7fb10c5c0a522594969fd3"
    message = [[-2.4512926669857498, -2.332112096872164, -2.252713419796966, -2.212905587397325, -2.2924481315124217, -2.5533917058985303, -2.950920690357543, -3.3880630300552905, -3.6848539493022274, -3.8435823127287425, -3.9229135637619015, -3.7636946511795584, -3.54707774523258, -3.427701516678986, -3.5470647196414267, -3.7060971592063234, -3.8648900727912356, -3.923040851876315, -3.7639633569273068, -3.5255868516543383, -3.2077153549107007, -2.968178273442536, -2.769313685591836, -2.5705155771867245], [1.1872152240481315, 1.1294934394749443, 1.0910389050725435, 1.071759091895717, 1.1102833042856983, 1.2366640454762912, 1.4291961199635341, 1.6409138180396907, 1.7846562207461283, 1.8615318758183257, 1.8999537542981253, 1.8228405154262508, 1.7179281595945473, 1.660111613313866, 1.7179218510128231, 1.7949447768803926, 1.8718516950211723, 1.900015402745619, 1.8229706555595824, 1.707519644781887, 1.5535674524110497, 1.437554348927672, 1.3412398331621092, 1.244957514861562], [0.0, 0.0, 0.0, 0.0, 0.0, 0.0, 0.0, 0.0, 0.0, 0.0, 0.0, 0.0, 0.0, 0.0, 0.0, 0.0, 0.0, 0.0, 0.0, 0.0, 0.0, 0.0, 0.0, 0.0], [0.6544805380392325, 0.6543727106110167, 0.6361771890587351, 0.6192689889794684, 0.6543446889196626, 0.7139450261489232, 0.7816460159785267, 0.8148944116323455, 0.7635870175484015, 0.6937945131087525, 0.6422470371957335, 0.6209640944615525, 0.631547638237481, 0.6137933356225723, 0.6305351631614481, 0.6740438751130465, 0.7440046465779625, 0.7803809164195957, 0.7462885632197322, 0.6936578524136612, 0.6616147276757498, 0.6764108068704128, 0.6570633216894396, 0.6316681214093466]]
    model_types = ["(JuMP.AffExpr, MathOptInterface.EqualTo{Float64})", "(Vector{JuMP.AffExpr}, MathOptInterface.RotatedSecondOrderCone)", "(JuMP.VariableRef, MathOptInterface.EqualTo{Float64})", "(JuMP.VariableRef, MathOptInterface.GreaterThan{Float64})", "(JuMP.VariableRef, MathOptInterface.LessThan{Float64})"]
    primal_status = "FEASIBLE_POINT"
    solver = "Gurobi"
    solver_objective_report_error = 7.023862602650865e-10
    solver_objective_report_pass = true
    status = "solved"
    termination = "OPTIMAL"

        [trace.agents.values]
        E = [[0.0, 0.0, 0.0, 0.0, 0.0, 0.0, 0.0, 0.0, 0.0, 0.0, 0.0, 0.0, 0.0, 0.0, 0.0, 0.0, 0.0, 0.0, 0.0, 0.0, 0.0, 0.0, 0.0, 0.0, 0.0], [0.0, 0.0, 0.0, 0.0, 0.0, 0.0, 0.0, 0.0, 0.0, 0.0, 0.0, 0.0, 0.0, 0.0, 0.0, 0.0, 0.0, 0.0, 0.0, 0.0, 0.0, 0.0, 0.0, 0.0, 0.0], [0.0, 0.0, 0.0, 0.0, 0.0, 0.0, 0.0, 0.0, 0.0, 0.0, 0.0, 0.0, 0.0, 0.0, 0.0, 0.0, 0.0, 0.0, 0.0, 0.0, 0.0, 0.0, 0.0, 0.0, 0.0], [0.0, 0.0, 0.0, 0.0, 0.0, 0.0, 0.0, 0.0, 0.0, 0.0, 0.0, 0.0, 0.0, 0.0, 0.0, 0.0, 0.0, 0.0, 0.0, 0.0, 0.0, 0.0, 0.0, 0.0, 0.0], [0.0, 0.0, 0.0, 0.0, 0.0, 0.0, 0.0, 0.0, 0.0, 0.0, 0.0, 0.0, 0.0, 0.0, 0.0, 0.0, 0.0, 0.0, 0.0, 0.0, 0.0, 0.0, 0.0, 0.0, 0.0], [0.0, 0.0, 0.0, 0.0, 0.0, 0.0, 0.0, 0.0, 0.0, 0.0, 0.0, 0.0, 0.0, 0.0, 0.0, 0.0, 0.0, 0.0, 0.0, 0.0, 0.0, 0.0, 0.0, 0.0, 0.0], [0.0, 0.0, 0.0, 0.0, 0.0, 0.0, 0.0, 0.0, 0.0, 0.0, 0.0, 0.0, 0.0, 0.0, 0.0, 0.0, 0.0, 0.0, 0.0, 0.0, 0.0, 0.0, 0.0, 0.0, 0.0], [0.0, 0.0, 0.0, 0.0, 0.0, 0.0, 0.0, 0.0, 0.0, 0.0, 0.0, 0.0, 0.0, 0.0, 0.0, 0.0, 0.0, 0.0, 0.0, 0.0, 0.0, 0.0, 0.0, 0.0, 0.0], [0.0, 0.0, 0.0, 0.0, 0.0, 0.0, 0.0, 0.0, 0.0, 0.0, 0.0, 0.0, 0.0, 0.0, 0.0, 0.0, 0.0, 0.0, 0.0, 0.0, 0.0, 0.0, 0.0, 0.0, 0.0], [0.0, 0.0, 0.0, 0.0, 0.0, 0.0, 0.0, 0.0, 0.0, 0.0, 0.0, 0.0, 0.0, 0.0, 0.0, 0.0, 0.0, 0.0, 0.0, 0.0, 0.0, 0.0, 0.0, 0.0, 0.0], [0.0, 0.0, 0.0, 0.0, 0.0, 0.0, 0.0, 0.0, 0.0, 0.0, 0.0, 0.0, 0.0, 0.0, 0.0, 0.0, 0.0, 0.0, 0.0, 0.0, 0.0, 0.0, 0.0, 0.0, 0.0], [0.0, 0.0, 0.0, 0.0, 0.0, 0.0, 0.0, 0.0, 0.0, 0.0, 0.0, 0.0, 0.0, 0.0, 0.0, 0.0, 0.0, 0.0, 0.0, 0.0, 0.0, 0.0, 0.0, 0.0, 0.0], [0.0, 0.0, 0.0, 0.0, 0.0, 0.0, 0.0, 0.0, 0.0, 0.0, 0.0, 0.0, 0.0, 0.0, 0.0, 0.0, 0.0, 0.0, 0.0, 0.0, 0.0, 0.0, 0.0, 0.0, 0.0]]
        H_D = [[0.0, 0.0, 0.0, 0.0, 0.0, 0.0, 0.0, 0.0, 0.0, 0.0, 0.0, 0.0, 0.0, 0.0, 0.0, 0.0, 0.0, 0.0, 0.0, 0.0, 0.0, 0.0, 0.0, 0.0], [0.0, 0.0, 0.0, 0.0, 0.0, 0.0, 0.0, 0.0, 0.0, 0.0, 0.0, 0.0, 0.0, 0.0, 0.0, 0.0, 0.0, 0.0, 0.0, 0.0, 0.0, 0.0, 0.0, 0.0], [0.0, 0.0, 0.0, 0.0, 0.0, 0.0, 0.0, 0.0, 0.0, 0.0, 0.0, 0.0, 0.0, 0.0, 0.0, 0.0, 0.0, 0.0, 0.0, 0.0, 0.0, 0.0, 0.0, 0.0], [0.0, 0.0, 0.0, 0.0, 0.0, 0.0, 0.0, 0.0, 0.0, 0.0, 0.0, 0.0, 0.0, 0.0, 0.0, 0.0, 0.0, 0.0, 0.0, 0.0, 0.0, 0.0, 0.0, 0.0], [0.0, 0.0, 0.0, 0.0, 0.0, 0.0, 0.0, 0.0, 0.0, 0.0, 0.0, 0.0, 0.0, 0.0, 0.0, 0.0, 0.0, 0.0, 0.0, 0.0, 0.0, 0.0, 0.0, 0.0], [0.0, 0.0, 0.0, 0.0, 0.0, 0.0, 0.0, 0.0, 0.0, 0.0, 0.0, 0.0, 0.0, 0.0, 0.0, 0.0, 0.0, 0.0, 0.0, 0.0, 0.0, 0.0, 0.0, 0.0], [0.6544805380392325, 0.6543727106110167, 0.6361771890587351, 0.6192689889794684, 0.6543446889196626, 0.7139450261489232, 0.7816460159785267, 0.8148944116323455, 0.7635870175484015, 0.6937945131087525, 0.6422470371957335, 0.6209640944615525, 0.631547638237481, 0.6137933356225723, 0.6305351631614481, 0.6740438751130465, 0.7440046465779625, 0.7803809164195957, 0.7462885632197322, 0.6936578524136612, 0.6616147276757498, 0.6764108068704128, 0.6570633216894396, 0.6316681214093466], [0.0, 0.0, 0.0, 0.0, 0.0, 0.0, 0.0, 0.0, 0.0, 0.0, 0.0, 0.0, 0.0, 0.0, 0.0, 0.0, 0.0, 0.0, 0.0, 0.0, 0.0, 0.0, 0.0, 0.0], [0.0, 0.0, 0.0, 0.0, 0.0, 0.0, 0.0, 0.0, 0.0, 0.0, 0.0, 0.0, 0.0, 0.0, 0.0, 0.0, 0.0, 0.0, 0.0, 0.0, 0.0, 0.0, 0.0, 0.0]]
        H_cons = [[0.0, 0.0, 0.0, 0.0, 0.0, 0.0, 0.0, 0.0, 0.0, 0.0, 0.0, 0.0, 0.0, 0.0, 0.0, 0.0, 0.0, 0.0, 0.0, 0.0, 0.0, 0.0, 0.0, 0.0], [0.0, 0.0, 0.0, 0.0, 0.0, 0.0, 0.0, 0.0, 0.0, 0.0, 0.0, 0.0, 0.0, 0.0, 0.0, 0.0, 0.0, 0.0, 0.0, 0.0, 0.0, 0.0, 0.0, 0.0], [0.0, 0.0, 0.0, 0.0, 0.0, 0.0, 0.0, 0.0, 0.0, 0.0, 0.0, 0.0, 0.0, 0.0, 0.0, 0.0, 0.0, 0.0, 0.0, 0.0, 0.0, 0.0, 0.0, 0.0], [0.0, 0.0, 0.0, 0.0, 0.0, 0.0, 0.0, 0.0, 0.0, 0.0, 0.0, 0.0, 0.0, 0.0, 0.0, 0.0, 0.0, 0.0, 0.0, 0.0, 0.0, 0.0, 0.0, 0.0], [0.0, 0.0, 0.0, 0.0, 0.0, 0.0, 0.0, 0.0, 0.0, 0.0, 0.0, 0.0, 0.0, 0.0, 0.0, 0.0, 0.0, 0.0, 0.0, 0.0, 0.0, 0.0, 0.0, 0.0], [0.0, 0.0, 0.0, 0.0, 0.0, 0.0, 0.0, 0.0, 0.0, 0.0, 0.0, 0.0, 0.0, 0.0, 0.0, 0.0, 0.0, 0.0, 0.0, 0.0, 0.0, 0.0, 0.0, 0.0], [0.0, 0.0, 0.0, 0.0, 0.0, 0.0, 0.0, 0.0, 0.0, 0.0, 0.0, 0.0, 0.0, 0.0, 0.0, 0.0, 0.0, 0.0, 0.0, 0.0, 0.0, 0.0, 0.0, 0.0], [0.0, 0.0, 0.0, 0.0, 0.0, 0.0, 0.0, 0.0, 0.0, 0.0, 0.0, 0.0, 0.0, 0.0, 0.0, 0.0, 0.0, 0.0, 0.0, 0.0, 0.0, 0.0, 0.0, 0.0], [0.0, 0.0, 0.0, 0.0, 0.0, 0.0, 0.0, 0.0, 0.0, 0.0, 0.0, 0.0, 0.0, 0.0, 0.0, 0.0, 0.0, 0.0, 0.0, 0.0, 0.0, 0.0, 0.0, 0.0], [0.0, 0.0, 0.0, 0.0, 0.0, 0.0, 0.0, 0.0, 0.0, 0.0, 0.0, 0.0, 0.0, 0.0, 0.0, 0.0, 0.0, 0.0, 0.0, 0.0, 0.0, 0.0, 0.0, 0.0], [0.0, 0.0, 0.0, 0.0, 0.0, 0.0, 0.0, 0.0, 0.0, 0.0, 0.0, 0.0, 0.0, 0.0, 0.0, 0.0, 0.0, 0.0, 0.0, 0.0, 0.0, 0.0, 0.0, 0.0], [0.0, 0.0, 0.0, 0.0, 0.0, 0.0, 0.0, 0.0, 0.0, 0.0, 0.0, 0.0, 0.0, 0.0, 0.0, 0.0, 0.0, 0.0, 0.0, 0.0, 0.0, 0.0, 0.0, 0.0], [0.0, 0.0, 0.0, 0.0, 0.0, 0.0, 0.0, 0.0, 0.0, 0.0, 0.0, 0.0, 0.0, 0.0, 0.0, 0.0, 0.0, 0.0, 0.0, 0.0, 0.0, 0.0, 0.0, 0.0]]
        H_gen = [[0.0, 0.0, 0.0, 0.0, 0.0, 0.0, 0.0, 0.0, 0.0, 0.0, 0.0, 0.0, 0.0, 0.0, 0.0, 0.0, 0.0, 0.0, 0.0, 0.0, 0.0, 0.0, 0.0, 0.0], [0.0, 0.0, 0.0, 0.0, 0.0, 0.0, 0.0, 0.0, 0.0, 0.0, 0.0, 0.0, 0.0, 0.0, 0.0, 0.0, 0.0, 0.0, 0.0, 0.0, 0.0, 0.0, 0.0, 0.0], [0.0, 0.0, 0.0, 0.0, 0.0, 0.0, 0.0, 0.0, 0.0, 0.0, 0.0, 0.0, 0.0, 0.0, 0.0, 0.0, 0.0, 0.0, 0.0, 0.0, 0.0, 0.0, 0.0, 0.0], [0.0, 0.0, 0.0, 0.0, 0.0, 0.0, 0.0, 0.0, 0.0, 0.0, 0.0, 0.0, 0.0, 0.0, 0.0, 0.0, 0.0, 0.0, 0.0, 0.0, 0.0, 0.0, 0.0, 0.0], [0.0, 0.0, 0.0, 0.0, 0.0, 0.0, 0.0, 0.0, 0.0, 0.0, 0.0, 0.0, 0.0, 0.0, 0.0, 0.0, 0.0, 0.0, 0.0, 0.0, 0.0, 0.0, 0.0, 0.0], [0.0, 0.0, 0.0, 0.0, 0.0, 0.0, 0.0, 0.0, 0.0, 0.0, 0.0, 0.0, 0.0, 0.0, 0.0, 0.0, 0.0, 0.0, 0.0, 0.0, 0.0, 0.0, 0.0, 0.0], [0.0, 0.0, 0.0, 0.0, 0.0, 0.0, 0.0, 0.0, 0.0, 0.0, 0.0, 0.0, 0.0, 0.0, 0.0, 0.0, 0.0, 0.0, 0.0, 0.0, 0.0, 0.0, 0.0, 0.0], [0.0, 0.0, 0.0, 0.0, 0.0, 0.0, 0.0, 0.0, 0.0, 0.0, 0.0, 0.0, 0.0, 0.0, 0.0, 0.0, 0.0, 0.0, 0.0, 0.0, 0.0, 0.0, 0.0, 0.0], [0.0, 0.0, 0.0, 0.0, 0.0, 0.0, 0.0, 0.0, 0.0, 0.0, 0.0, 0.0, 0.0, 0.0, 0.0, 0.0, 0.0, 0.0, 0.0, 0.0, 0.0, 0.0, 0.0, 0.0], [0.0, 0.0, 0.0, 0.0, 0.0, 0.0, 0.0, 0.0, 0.0, 0.0, 0.0, 0.0, 0.0, 0.0, 0.0, 0.0, 0.0, 0.0, 0.0, 0.0, 0.0, 0.0, 0.0, 0.0], [0.0, 0.0, 0.0, 0.0, 0.0, 0.0, 0.0, 0.0, 0.0, 0.0, 0.0, 0.0, 0.0, 0.0, 0.0, 0.0, 0.0, 0.0, 0.0, 0.0, 0.0, 0.0, 0.0, 0.0], [0.0, 0.0, 0.0, 0.0, 0.0, 0.0, 0.0, 0.0, 0.0, 0.0, 0.0, 0.0, 0.0, 0.0, 0.0, 0.0, 0.0, 0.0, 0.0, 0.0, 0.0, 0.0, 0.0, 0.0], [0.0, 0.0, 0.0, 0.0, 0.0, 0.0, 0.0, 0.0, 0.0, 0.0, 0.0, 0.0, 0.0, 0.0, 0.0, 0.0, 0.0, 0.0, 0.0, 0.0, 0.0, 0.0, 0.0, 0.0]]
        P_D = [[0.0, 0.0, 0.0, 0.0, 0.0, 0.0, 0.0, 0.0, 0.0, 0.0, 0.0, 0.0, 0.0, 0.0, 0.0, 0.0, 0.0, 0.0, 0.0, 0.0, 0.0, 0.0, 0.0, 0.0], [0.0, 0.0, 0.0, 0.0, 0.0, 0.0, 0.0, 0.0, 0.0, 0.0, 0.0, 0.0, 0.0, 0.0, 0.0, 0.0, 0.0, 0.0, 0.0, 0.0, 0.0, 0.0, 0.0, 0.0], [0.0, 0.0, 0.0, 0.0, 0.0, 0.0, 0.0, 0.0, 0.0, 0.0, 0.0, 0.0, 0.0, 0.0, 0.0, 0.0, 0.0, 0.0, 0.0, 0.0, 0.0, 0.0, 0.0, 0.0], [0.0, 0.0, 0.0, 0.0, 0.0, 0.0, 0.0, 0.0, 0.0, 0.0, 0.0, 0.0, 0.0, 0.0, 0.0, 0.0, 0.0, 0.0, 0.0, 0.0, 0.0, 0.0, 0.0, 0.0], [0.0, 0.0, 0.0, 0.0, 0.0, 0.0, 0.0, 0.0, 0.0, 0.0, 0.0, 0.0, 0.0, 0.0, 0.0, 0.0, 0.0, 0.0, 0.0, 0.0, 0.0, 0.0, 0.0, 0.0], [0.0, 0.0, 0.0, 0.0, 0.0, 0.0, 0.0, 0.0, 0.0, 0.0, 0.0, 0.0, 0.0, 0.0, 0.0, 0.0, 0.0, 0.0, 0.0, 0.0, 0.0, 0.0, 0.0, 0.0], [2.4512926669857498, 2.332112096872164, 2.252713419796966, 2.212905587397325, 2.2924481315124217, 2.5533917058985303, 2.950920690357543, 3.3880630300552905, 3.6848539493022274, 3.8435823127287425, 3.9229135637619015, 3.7636946511795584, 3.54707774523258, 3.427701516678986, 3.5470647196414267, 3.7060971592063234, 3.8648900727912356, 3.923040851876315, 3.7639633569273068, 3.5255868516543383, 3.2077153549107007, 2.968178273442536, 2.769313685591836, 2.5705155771867245], [0.0, 0.0, 0.0, 0.0, 0.0, 0.0, 0.0, 0.0, 0.0, 0.0, 0.0, 0.0, 0.0, 0.0, 0.0, 0.0, 0.0, 0.0, 0.0, 0.0, 0.0, 0.0, 0.0, 0.0], [0.0, 0.0, 0.0, 0.0, 0.0, 0.0, 0.0, 0.0, 0.0, 0.0, 0.0, 0.0, 0.0, 0.0, 0.0, 0.0, 0.0, 0.0, 0.0, 0.0, 0.0, 0.0, 0.0, 0.0]]
        P_cons = [[0.0, 0.0, 0.0, 0.0, 0.0, 0.0, 0.0, 0.0, 0.0, 0.0, 0.0, 0.0, 0.0, 0.0, 0.0, 0.0, 0.0, 0.0, 0.0, 0.0, 0.0, 0.0, 0.0, 0.0], [0.0, 0.0, 0.0, 0.0, 0.0, 0.0, 0.0, 0.0, 0.0, 0.0, 0.0, 0.0, 0.0, 0.0, 0.0, 0.0, 0.0, 0.0, 0.0, 0.0, 0.0, 0.0, 0.0, 0.0], [0.0, 0.0, 0.0, 0.0, 0.0, 0.0, 0.0, 0.0, 0.0, 0.0, 0.0, 0.0, 0.0, 0.0, 0.0, 0.0, 0.0, 0.0, 0.0, 0.0, 0.0, 0.0, 0.0, 0.0], [0.0, 0.0, 0.0, 0.0, 0.0, 0.0, 0.0, 0.0, 0.0, 0.0, 0.0, 0.0, 0.0, 0.0, 0.0, 0.0, 0.0, 0.0, 0.0, 0.0, 0.0, 0.0, 0.0, 0.0], [0.0, 0.0, 0.0, 0.0, 0.0, 0.0, 0.0, 0.0, 0.0, 0.0, 0.0, 0.0, 0.0, 0.0, 0.0, 0.0, 0.0, 0.0, 0.0, 0.0, 0.0, 0.0, 0.0, 0.0], [0.0, 0.0, 0.0, 0.0, 0.0, 0.0, 0.0, 0.0, 0.0, 0.0, 0.0, 0.0, 0.0, 0.0, 0.0, 0.0, 0.0, 0.0, 0.0, 0.0, 0.0, 0.0, 0.0, 0.0], [0.0, 0.0, 0.0, 0.0, 0.0, 0.0, 0.0, 0.0, 0.0, 0.0, 0.0, 0.0, 0.0, 0.0, 0.0, 0.0, 0.0, 0.0, 0.0, 0.0, 0.0, 0.0, 0.0, 0.0], [0.0, 0.0, 0.0, 0.0, 0.0, 0.0, 0.0, 0.0, 0.0, 0.0, 0.0, 0.0, 0.0, 0.0, 0.0, 0.0, 0.0, 0.0, 0.0, 0.0, 0.0, 0.0, 0.0, 0.0], [0.0, 0.0, 0.0, 0.0, 0.0, 0.0, 0.0, 0.0, 0.0, 0.0, 0.0, 0.0, 0.0, 0.0, 0.0, 0.0, 0.0, 0.0, 0.0, 0.0, 0.0, 0.0, 0.0, 0.0], [0.0, 0.0, 0.0, 0.0, 0.0, 0.0, 0.0, 0.0, 0.0, 0.0, 0.0, 0.0, 0.0, 0.0, 0.0, 0.0, 0.0, 0.0, 0.0, 0.0, 0.0, 0.0, 0.0, 0.0], [0.0, 0.0, 0.0, 0.0, 0.0, 0.0, 0.0, 0.0, 0.0, 0.0, 0.0, 0.0, 0.0, 0.0, 0.0, 0.0, 0.0, 0.0, 0.0, 0.0, 0.0, 0.0, 0.0, 0.0], [0.0, 0.0, 0.0, 0.0, 0.0, 0.0, 0.0, 0.0, 0.0, 0.0, 0.0, 0.0, 0.0, 0.0, 0.0, 0.0, 0.0, 0.0, 0.0, 0.0, 0.0, 0.0, 0.0, 0.0], [0.0, 0.0, 0.0, 0.0, 0.0, 0.0, 0.0, 0.0, 0.0, 0.0, 0.0, 0.0, 0.0, 0.0, 0.0, 0.0, 0.0, 0.0, 0.0, 0.0, 0.0, 0.0, 0.0, 0.0]]
        P_gen = [[0.0, 0.0, 0.0, 0.0, 0.0, 0.0, 0.0, 0.0, 0.0, 0.0, 0.0, 0.0, 0.0, 0.0, 0.0, 0.0, 0.0, 0.0, 0.0, 0.0, 0.0, 0.0, 0.0, 0.0], [0.0, 0.0, 0.0, 0.0, 0.0, 0.0, 0.0, 0.0, 0.0, 0.0, 0.0, 0.0, 0.0, 0.0, 0.0, 0.0, 0.0, 0.0, 0.0, 0.0, 0.0, 0.0, 0.0, 0.0], [0.0, 0.0, 0.0, 0.0, 0.0, 0.0, 0.0, 0.0, 0.0, 0.0, 0.0, 0.0, 0.0, 0.0, 0.0, 0.0, 0.0, 0.0, 0.0, 0.0, 0.0, 0.0, 0.0, 0.0], [0.0, 0.0, 0.0, 0.0, 0.0, 0.0, 0.0, 0.0, 0.0, 0.0, 0.0, 0.0, 0.0, 0.0, 0.0, 0.0, 0.0, 0.0, 0.0, 0.0, 0.0, 0.0, 0.0, 0.0], [0.0, 0.0, 0.0, 0.0, 0.0, 0.0, 0.0, 0.0, 0.0, 0.0, 0.0, 0.0, 0.0, 0.0, 0.0, 0.0, 0.0, 0.0, 0.0, 0.0, 0.0, 0.0, 0.0, 0.0], [0.0, 0.0, 0.0, 0.0, 0.0, 0.0, 0.0, 0.0, 0.0, 0.0, 0.0, 0.0, 0.0, 0.0, 0.0, 0.0, 0.0, 0.0, 0.0, 0.0, 0.0, 0.0, 0.0, 0.0], [0.0, 0.0, 0.0, 0.0, 0.0, 0.0, 0.0, 0.0, 0.0, 0.0, 0.0, 0.0, 0.0, 0.0, 0.0, 0.0, 0.0, 0.0, 0.0, 0.0, 0.0, 0.0, 0.0, 0.0], [0.0, 0.0, 0.0, 0.0, 0.0, 0.0, 0.0, 0.0, 0.0, 0.0, 0.0, 0.0, 0.0, 0.0, 0.0, 0.0, 0.0, 0.0, 0.0, 0.0, 0.0, 0.0, 0.0, 0.0], [0.0, 0.0, 0.0, 0.0, 0.0, 0.0, 0.0, 0.0, 0.0, 0.0, 0.0, 0.0, 0.0, 0.0, 0.0, 0.0, 0.0, 0.0, 0.0, 0.0, 0.0, 0.0, 0.0, 0.0], [0.0, 0.0, 0.0, 0.0, 0.0, 0.0, 0.0, 0.0, 0.0, 0.0, 0.0, 0.0, 0.0, 0.0, 0.0, 0.0, 0.0, 0.0, 0.0, 0.0, 0.0, 0.0, 0.0, 0.0], [0.0, 0.0, 0.0, 0.0, 0.0, 0.0, 0.0, 0.0, 0.0, 0.0, 0.0, 0.0, 0.0, 0.0, 0.0, 0.0, 0.0, 0.0, 0.0, 0.0, 0.0, 0.0, 0.0, 0.0], [0.0, 0.0, 0.0, 0.0, 0.0, 0.0, 0.0, 0.0, 0.0, 0.0, 0.0, 0.0, 0.0, 0.0, 0.0, 0.0, 0.0, 0.0, 0.0, 0.0, 0.0, 0.0, 0.0, 0.0], [0.0, 0.0, 0.0, 0.0, 0.0, 0.0, 0.0, 0.0, 0.0, 0.0, 0.0, 0.0, 0.0, 0.0, 0.0, 0.0, 0.0, 0.0, 0.0, 0.0, 0.0, 0.0, 0.0, 0.0]]
        w_H = [[0.0, 0.0, 0.0, 0.0, 0.0, 0.0, 0.0, 0.0, 0.0, 0.0, 0.0, 0.0, 0.0, 0.0, 0.0, 0.0, 0.0, 0.0, 0.0, 0.0, 0.0, 0.0, 0.0, 0.0], [0.0, 0.0, 0.0, 0.0, 0.0, 0.0, 0.0, 0.0, 0.0, 0.0, 0.0, 0.0, 0.0, 0.0, 0.0, 0.0, 0.0, 0.0, 0.0, 0.0, 0.0, 0.0, 0.0, 0.0], [0.0, 0.0, 0.0, 0.0, 0.0, 0.0, 0.0, 0.0, 0.0, 0.0, 0.0, 0.0, 0.0, 0.0, 0.0, 0.0, 0.0, 0.0, 0.0, 0.0, 0.0, 0.0, 0.0, 0.0], [0.0, 0.0, 0.0, 0.0, 0.0, 0.0, 0.0, 0.0, 0.0, 0.0, 0.0, 0.0, 0.0, 0.0, 0.0, 0.0, 0.0, 0.0, 0.0, 0.0, 0.0, 0.0, 0.0, 0.0], [0.0, 0.0, 0.0, 0.0, 0.0, 0.0, 0.0, 0.0, 0.0, 0.0, 0.0, 0.0, 0.0, 0.0, 0.0, 0.0, 0.0, 0.0, 0.0, 0.0, 0.0, 0.0, 0.0, 0.0], [0.0, 0.0, 0.0, 0.0, 0.0, 0.0, 0.0, 0.0, 0.0, 0.0, 0.0, 0.0, 0.0, 0.0, 0.0, 0.0, 0.0, 0.0, 0.0, 0.0, 0.0, 0.0, 0.0, 0.0], [8.714023587696643, 8.777799719700758, 9.438948282828573, 9.321462994188211, 8.794411397357168, 14.787887110136374, 15.330381592161137, 16.08461936591445, 32.733290830948, 34.34606823472173, 34.636749596406865, 39.7352910247617, 12.497931724182031, 12.96483583952437, 13.224050461632787, 19.497670839445718, 18.143678633303693, 33.08448738931171, 32.960767859159475, 34.50643576535429, 32.01896738153655, 6.0955998559266895, 7.255882736490901, 27.386292559341076], [0.0, 0.0, 0.0, 0.0, 0.0, 0.0, 0.0, 0.0, 0.0, 0.0, 0.0, 0.0, 0.0, 0.0, 0.0, 0.0, 0.0, 0.0, 0.0, 0.0, 0.0, 0.0, 0.0, 0.0], [0.0, 0.0, 0.0, 0.0, 0.0, 0.0, 0.0, 0.0, 0.0, 0.0, 0.0, 0.0, 0.0, 0.0, 0.0, 0.0, 0.0, 0.0, 0.0, 0.0, 0.0, 0.0, 0.0, 0.0]]
        w_P = [[0.0, 0.0, 0.0, 0.0, 0.0, 0.0, 0.0, 0.0, 0.0, 0.0, 0.0, 0.0, 0.0, 0.0, 0.0, 0.0, 0.0, 0.0, 0.0, 0.0, 0.0, 0.0, 0.0, 0.0], [0.0, 0.0, 0.0, 0.0, 0.0, 0.0, 0.0, 0.0, 0.0, 0.0, 0.0, 0.0, 0.0, 0.0, 0.0, 0.0, 0.0, 0.0, 0.0, 0.0, 0.0, 0.0, 0.0, 0.0], [0.0, 0.0, 0.0, 0.0, 0.0, 0.0, 0.0, 0.0, 0.0, 0.0, 0.0, 0.0, 0.0, 0.0, 0.0, 0.0, 0.0, 0.0, 0.0, 0.0, 0.0, 0.0, 0.0, 0.0], [0.0, 0.0, 0.0, 0.0, 0.0, 0.0, 0.0, 0.0, 0.0, 0.0, 0.0, 0.0, 0.0, 0.0, 0.0, 0.0, 0.0, 0.0, 0.0, 0.0, 0.0, 0.0, 0.0, 0.0], [0.0, 0.0, 0.0, 0.0, 0.0, 0.0, 0.0, 0.0, 0.0, 0.0, 0.0, 0.0, 0.0, 0.0, 0.0, 0.0, 0.0, 0.0, 0.0, 0.0, 0.0, 0.0, 0.0, 0.0], [0.0, 0.0, 0.0, 0.0, 0.0, 0.0, 0.0, 0.0, 0.0, 0.0, 0.0, 0.0, 0.0, 0.0, 0.0, 0.0, 0.0, 0.0, 0.0, 0.0, 0.0, 0.0, 0.0, 0.0], [1.7443738869047376, 1.7260852774785618, 1.6995625024623537, 1.7146799489046667, 1.7035507524811009, 9.216333535740329, 9.198750022739928, 9.264171760236376, 26.67339231155648, 26.954618008873513, 27.13016491881691, 27.358715833510928, 9.255212090563983, 9.332159257392004, 9.263138111878982, 9.243387476151755, 9.369732888150335, 26.997821810698028, 27.078353882963107, 26.950003738585902, 26.81652158628048, 1.7087400559390908, 1.7388293542802673, 1.751538343759766], [0.0, 0.0, 0.0, 0.0, 0.0, 0.0, 0.0, 0.0, 0.0, 0.0, 0.0, 0.0, 0.0, 0.0, 0.0, 0.0, 0.0, 0.0, 0.0, 0.0, 0.0, 0.0, 0.0, 0.0], [0.0, 0.0, 0.0, 0.0, 0.0, 0.0, 0.0, 0.0, 0.0, 0.0, 0.0, 0.0, 0.0, 0.0, 0.0, 0.0, 0.0, 0.0, 0.0, 0.0, 0.0, 0.0, 0.0, 0.0]]
        z_storage = [[0.0, 0.0, 0.0, 0.0, 0.0, 0.0, 0.0, 0.0, 0.0, 0.0, 0.0, 0.0, 0.0, 0.0, 0.0, 0.0, 0.0, 0.0, 0.0, 0.0, 0.0, 0.0, 0.0, 0.0], [0.0, 0.0, 0.0, 0.0, 0.0, 0.0, 0.0, 0.0, 0.0, 0.0, 0.0, 0.0, 0.0, 0.0, 0.0, 0.0, 0.0, 0.0, 0.0, 0.0, 0.0, 0.0, 0.0, 0.0], [0.0, 0.0, 0.0, 0.0, 0.0, 0.0, 0.0, 0.0, 0.0, 0.0, 0.0, 0.0, 0.0, 0.0, 0.0, 0.0, 0.0, 0.0, 0.0, 0.0, 0.0, 0.0, 0.0, 0.0], [0.0, 0.0, 0.0, 0.0, 0.0, 0.0, 0.0, 0.0, 0.0, 0.0, 0.0, 0.0, 0.0, 0.0, 0.0, 0.0, 0.0, 0.0, 0.0, 0.0, 0.0, 0.0, 0.0, 0.0], [0.0, 0.0, 0.0, 0.0, 0.0, 0.0, 0.0, 0.0, 0.0, 0.0, 0.0, 0.0, 0.0, 0.0, 0.0, 0.0, 0.0, 0.0, 0.0, 0.0, 0.0, 0.0, 0.0, 0.0], [0.0, 0.0, 0.0, 0.0, 0.0, 0.0, 0.0, 0.0, 0.0, 0.0, 0.0, 0.0, 0.0, 0.0, 0.0, 0.0, 0.0, 0.0, 0.0, 0.0, 0.0, 0.0, 0.0, 0.0], [0.0, 0.0, 0.0, 0.0, 0.0, 0.0, 0.0, 0.0, 0.0, 0.0, 0.0, 0.0, 0.0, 0.0, 0.0, 0.0, 0.0, 0.0, 0.0, 0.0, 0.0, 0.0, 0.0, 0.0], [0.0, 0.0, 0.0, 0.0, 0.0, 0.0, 0.0, 0.0, 0.0, 0.0, 0.0, 0.0, 0.0, 0.0, 0.0, 0.0, 0.0, 0.0, 0.0, 0.0, 0.0, 0.0, 0.0, 0.0], [0.0, 0.0, 0.0, 0.0, 0.0, 0.0, 0.0, 0.0, 0.0, 0.0, 0.0, 0.0, 0.0, 0.0, 0.0, 0.0, 0.0, 0.0, 0.0, 0.0, 0.0, 0.0, 0.0, 0.0], [0.0, 0.0, 0.0, 0.0, 0.0, 0.0, 0.0, 0.0, 0.0, 0.0, 0.0, 0.0, 0.0, 0.0, 0.0, 0.0, 0.0, 0.0, 0.0, 0.0, 0.0, 0.0, 0.0, 0.0], [0.0, 0.0, 0.0, 0.0, 0.0, 0.0, 0.0, 0.0, 0.0, 0.0, 0.0, 0.0, 0.0, 0.0, 0.0, 0.0, 0.0, 0.0, 0.0, 0.0, 0.0, 0.0, 0.0, 0.0], [0.0, 0.0, 0.0, 0.0, 0.0, 0.0, 0.0, 0.0, 0.0, 0.0, 0.0, 0.0, 0.0, 0.0, 0.0, 0.0, 0.0, 0.0, 0.0, 0.0, 0.0, 0.0, 0.0, 0.0], [0.0, 0.0, 0.0, 0.0, 0.0, 0.0, 0.0, 0.0, 0.0, 0.0, 0.0, 0.0, 0.0, 0.0, 0.0, 0.0, 0.0, 0.0, 0.0, 0.0, 0.0, 0.0, 0.0, 0.0]]
    [[trace.agents]]
    actor = 8
    allocated_budget_sec = 2.058345100027509
    augmented_bound = -1.0e100
    augmented_bound_excess = 0.0
    augmented_objective = 0.0005139692276560082
    augmented_objective_at_primal = 0.0005139658057033147
    augmented_relative_gap = 1.0e100
    convex_fixed_mode = true
    cost = 632.1117620078923
    elapsed_sec = 0.006368899950757623
    input_sha256 = "0ccd3fc8cbec9eff35715615750f1961896dcec0dc7fb10c5c0a522594969fd3"
    message = [[-2.6562155375491887, -2.5270971989729434, -2.440906489874327, -2.398005677162663, -2.484024021919919, -2.76833995221635, -3.1986161986159627, -3.6721433087777733, -3.995302584071219, -4.167091821114667, -4.253561599432129, -4.081068828775599, -3.8443728850328758, -3.7150485495308847, -3.844358110900047, -4.016565458687039, -4.188679155879706, -4.25362859734429, -4.08129394779637, -3.8230882970128195, -3.4787168965063318, -3.215996054950709, -3.0006615059775217, -2.785324421177935], [1.286463900048831, 1.2239290345364173, 1.1821849688883084, 1.161407156976541, 1.203067742764043, 1.3407682325641428, 1.5491605298821336, 1.7785001765734874, 1.935013356981484, 2.0182146818548556, 2.0600939068944313, 1.976551845140748, 1.8619147674606902, 1.7992801330836092, 1.8619076120215814, 1.9453114371703215, 2.028669905266099, 2.060126355464269, 1.9766608752587265, 1.8516061709902099, 1.6848194894509487, 1.5575779784839574, 1.4532866964809537, 1.3489941863211707], [0.0, 0.0, 0.0, 0.0, 0.0, 0.0, 0.0, 0.0, 0.0, 0.0, 0.0, 0.0, 0.0, 0.0, 0.0, 0.0, 0.0, 0.0, 0.0, 0.0, 0.0, 0.0, 0.0, 0.0], [0.3399358297969896, 0.3400572015771831, 0.33161031825352544, 0.32199184570776884, 0.33951146539828303, 0.37133532863996865, 0.40571434536005835, 0.4235420367210545, 0.40210965042565017, 0.36828751412090155, 0.34329156441354597, 0.33482834051029475, 0.32843617864769165, 0.31964070655050886, 0.3266529847297433, 0.3525972320415321, 0.3873122169463, 0.4108682034773176, 0.3933972253370045, 0.36841894320036284, 0.3519876060384439, 0.3511370884534424, 0.3400139902693141, 0.33531938678194756]]
    model_types = ["(JuMP.AffExpr, MathOptInterface.EqualTo{Float64})", "(Vector{JuMP.AffExpr}, MathOptInterface.RotatedSecondOrderCone)", "(JuMP.VariableRef, MathOptInterface.EqualTo{Float64})", "(JuMP.VariableRef, MathOptInterface.GreaterThan{Float64})", "(JuMP.VariableRef, MathOptInterface.LessThan{Float64})"]
    primal_status = "FEASIBLE_POINT"
    solver = "Gurobi"
    solver_objective_report_error = 3.421952693427599e-9
    solver_objective_report_pass = false
    status = "solved"
    termination = "OPTIMAL"

        [trace.agents.values]
        E = [[0.0, 0.0, 0.0, 0.0, 0.0, 0.0, 0.0, 0.0, 0.0, 0.0, 0.0, 0.0, 0.0, 0.0, 0.0, 0.0, 0.0, 0.0, 0.0, 0.0, 0.0, 0.0, 0.0, 0.0, 0.0], [0.0, 0.0, 0.0, 0.0, 0.0, 0.0, 0.0, 0.0, 0.0, 0.0, 0.0, 0.0, 0.0, 0.0, 0.0, 0.0, 0.0, 0.0, 0.0, 0.0, 0.0, 0.0, 0.0, 0.0, 0.0], [0.0, 0.0, 0.0, 0.0, 0.0, 0.0, 0.0, 0.0, 0.0, 0.0, 0.0, 0.0, 0.0, 0.0, 0.0, 0.0, 0.0, 0.0, 0.0, 0.0, 0.0, 0.0, 0.0, 0.0, 0.0], [0.0, 0.0, 0.0, 0.0, 0.0, 0.0, 0.0, 0.0, 0.0, 0.0, 0.0, 0.0, 0.0, 0.0, 0.0, 0.0, 0.0, 0.0, 0.0, 0.0, 0.0, 0.0, 0.0, 0.0, 0.0], [0.0, 0.0, 0.0, 0.0, 0.0, 0.0, 0.0, 0.0, 0.0, 0.0, 0.0, 0.0, 0.0, 0.0, 0.0, 0.0, 0.0, 0.0, 0.0, 0.0, 0.0, 0.0, 0.0, 0.0, 0.0], [0.0, 0.0, 0.0, 0.0, 0.0, 0.0, 0.0, 0.0, 0.0, 0.0, 0.0, 0.0, 0.0, 0.0, 0.0, 0.0, 0.0, 0.0, 0.0, 0.0, 0.0, 0.0, 0.0, 0.0, 0.0], [0.0, 0.0, 0.0, 0.0, 0.0, 0.0, 0.0, 0.0, 0.0, 0.0, 0.0, 0.0, 0.0, 0.0, 0.0, 0.0, 0.0, 0.0, 0.0, 0.0, 0.0, 0.0, 0.0, 0.0, 0.0], [0.0, 0.0, 0.0, 0.0, 0.0, 0.0, 0.0, 0.0, 0.0, 0.0, 0.0, 0.0, 0.0, 0.0, 0.0, 0.0, 0.0, 0.0, 0.0, 0.0, 0.0, 0.0, 0.0, 0.0, 0.0], [0.0, 0.0, 0.0, 0.0, 0.0, 0.0, 0.0, 0.0, 0.0, 0.0, 0.0, 0.0, 0.0, 0.0, 0.0, 0.0, 0.0, 0.0, 0.0, 0.0, 0.0, 0.0, 0.0, 0.0, 0.0], [0.0, 0.0, 0.0, 0.0, 0.0, 0.0, 0.0, 0.0, 0.0, 0.0, 0.0, 0.0, 0.0, 0.0, 0.0, 0.0, 0.0, 0.0, 0.0, 0.0, 0.0, 0.0, 0.0, 0.0, 0.0], [0.0, 0.0, 0.0, 0.0, 0.0, 0.0, 0.0, 0.0, 0.0, 0.0, 0.0, 0.0, 0.0, 0.0, 0.0, 0.0, 0.0, 0.0, 0.0, 0.0, 0.0, 0.0, 0.0, 0.0, 0.0], [0.0, 0.0, 0.0, 0.0, 0.0, 0.0, 0.0, 0.0, 0.0, 0.0, 0.0, 0.0, 0.0, 0.0, 0.0, 0.0, 0.0, 0.0, 0.0, 0.0, 0.0, 0.0, 0.0, 0.0, 0.0], [0.0, 0.0, 0.0, 0.0, 0.0, 0.0, 0.0, 0.0, 0.0, 0.0, 0.0, 0.0, 0.0, 0.0, 0.0, 0.0, 0.0, 0.0, 0.0, 0.0, 0.0, 0.0, 0.0, 0.0, 0.0]]
        H_D = [[0.0, 0.0, 0.0, 0.0, 0.0, 0.0, 0.0, 0.0, 0.0, 0.0, 0.0, 0.0, 0.0, 0.0, 0.0, 0.0, 0.0, 0.0, 0.0, 0.0, 0.0, 0.0, 0.0, 0.0], [0.0, 0.0, 0.0, 0.0, 0.0, 0.0, 0.0, 0.0, 0.0, 0.0, 0.0, 0.0, 0.0, 0.0, 0.0, 0.0, 0.0, 0.0, 0.0, 0.0, 0.0, 0.0, 0.0, 0.0], [0.0, 0.0, 0.0, 0.0, 0.0, 0.0, 0.0, 0.0, 0.0, 0.0, 0.0, 0.0, 0.0, 0.0, 0.0, 0.0, 0.0, 0.0, 0.0, 0.0, 0.0, 0.0, 0.0, 0.0], [0.0, 0.0, 0.0, 0.0, 0.0, 0.0, 0.0, 0.0, 0.0, 0.0, 0.0, 0.0, 0.0, 0.0, 0.0, 0.0, 0.0, 0.0, 0.0, 0.0, 0.0, 0.0, 0.0, 0.0], [0.0, 0.0, 0.0, 0.0, 0.0, 0.0, 0.0, 0.0, 0.0, 0.0, 0.0, 0.0, 0.0, 0.0, 0.0, 0.0, 0.0, 0.0, 0.0, 0.0, 0.0, 0.0, 0.0, 0.0], [0.0, 0.0, 0.0, 0.0, 0.0, 0.0, 0.0, 0.0, 0.0, 0.0, 0.0, 0.0, 0.0, 0.0, 0.0, 0.0, 0.0, 0.0, 0.0, 0.0, 0.0, 0.0, 0.0, 0.0], [0.0, 0.0, 0.0, 0.0, 0.0, 0.0, 0.0, 0.0, 0.0, 0.0, 0.0, 0.0, 0.0, 0.0, 0.0, 0.0, 0.0, 0.0, 0.0, 0.0, 0.0, 0.0, 0.0, 0.0], [0.3399358297969896, 0.3400572015771831, 0.33161031825352544, 0.32199184570776884, 0.33951146539828303, 0.37133532863996865, 0.40571434536005835, 0.4235420367210545, 0.40210965042565017, 0.36828751412090155, 0.34329156441354597, 0.33482834051029475, 0.32843617864769165, 0.31964070655050886, 0.3266529847297433, 0.3525972320415321, 0.3873122169463, 0.4108682034773176, 0.3933972253370045, 0.36841894320036284, 0.3519876060384439, 0.3511370884534424, 0.3400139902693141, 0.33531938678194756], [0.0, 0.0, 0.0, 0.0, 0.0, 0.0, 0.0, 0.0, 0.0, 0.0, 0.0, 0.0, 0.0, 0.0, 0.0, 0.0, 0.0, 0.0, 0.0, 0.0, 0.0, 0.0, 0.0, 0.0]]
        H_cons = [[0.0, 0.0, 0.0, 0.0, 0.0, 0.0, 0.0, 0.0, 0.0, 0.0, 0.0, 0.0, 0.0, 0.0, 0.0, 0.0, 0.0, 0.0, 0.0, 0.0, 0.0, 0.0, 0.0, 0.0], [0.0, 0.0, 0.0, 0.0, 0.0, 0.0, 0.0, 0.0, 0.0, 0.0, 0.0, 0.0, 0.0, 0.0, 0.0, 0.0, 0.0, 0.0, 0.0, 0.0, 0.0, 0.0, 0.0, 0.0], [0.0, 0.0, 0.0, 0.0, 0.0, 0.0, 0.0, 0.0, 0.0, 0.0, 0.0, 0.0, 0.0, 0.0, 0.0, 0.0, 0.0, 0.0, 0.0, 0.0, 0.0, 0.0, 0.0, 0.0], [0.0, 0.0, 0.0, 0.0, 0.0, 0.0, 0.0, 0.0, 0.0, 0.0, 0.0, 0.0, 0.0, 0.0, 0.0, 0.0, 0.0, 0.0, 0.0, 0.0, 0.0, 0.0, 0.0, 0.0], [0.0, 0.0, 0.0, 0.0, 0.0, 0.0, 0.0, 0.0, 0.0, 0.0, 0.0, 0.0, 0.0, 0.0, 0.0, 0.0, 0.0, 0.0, 0.0, 0.0, 0.0, 0.0, 0.0, 0.0], [0.0, 0.0, 0.0, 0.0, 0.0, 0.0, 0.0, 0.0, 0.0, 0.0, 0.0, 0.0, 0.0, 0.0, 0.0, 0.0, 0.0, 0.0, 0.0, 0.0, 0.0, 0.0, 0.0, 0.0], [0.0, 0.0, 0.0, 0.0, 0.0, 0.0, 0.0, 0.0, 0.0, 0.0, 0.0, 0.0, 0.0, 0.0, 0.0, 0.0, 0.0, 0.0, 0.0, 0.0, 0.0, 0.0, 0.0, 0.0], [0.0, 0.0, 0.0, 0.0, 0.0, 0.0, 0.0, 0.0, 0.0, 0.0, 0.0, 0.0, 0.0, 0.0, 0.0, 0.0, 0.0, 0.0, 0.0, 0.0, 0.0, 0.0, 0.0, 0.0], [0.0, 0.0, 0.0, 0.0, 0.0, 0.0, 0.0, 0.0, 0.0, 0.0, 0.0, 0.0, 0.0, 0.0, 0.0, 0.0, 0.0, 0.0, 0.0, 0.0, 0.0, 0.0, 0.0, 0.0], [0.0, 0.0, 0.0, 0.0, 0.0, 0.0, 0.0, 0.0, 0.0, 0.0, 0.0, 0.0, 0.0, 0.0, 0.0, 0.0, 0.0, 0.0, 0.0, 0.0, 0.0, 0.0, 0.0, 0.0], [0.0, 0.0, 0.0, 0.0, 0.0, 0.0, 0.0, 0.0, 0.0, 0.0, 0.0, 0.0, 0.0, 0.0, 0.0, 0.0, 0.0, 0.0, 0.0, 0.0, 0.0, 0.0, 0.0, 0.0], [0.0, 0.0, 0.0, 0.0, 0.0, 0.0, 0.0, 0.0, 0.0, 0.0, 0.0, 0.0, 0.0, 0.0, 0.0, 0.0, 0.0, 0.0, 0.0, 0.0, 0.0, 0.0, 0.0, 0.0], [0.0, 0.0, 0.0, 0.0, 0.0, 0.0, 0.0, 0.0, 0.0, 0.0, 0.0, 0.0, 0.0, 0.0, 0.0, 0.0, 0.0, 0.0, 0.0, 0.0, 0.0, 0.0, 0.0, 0.0]]
        H_gen = [[0.0, 0.0, 0.0, 0.0, 0.0, 0.0, 0.0, 0.0, 0.0, 0.0, 0.0, 0.0, 0.0, 0.0, 0.0, 0.0, 0.0, 0.0, 0.0, 0.0, 0.0, 0.0, 0.0, 0.0], [0.0, 0.0, 0.0, 0.0, 0.0, 0.0, 0.0, 0.0, 0.0, 0.0, 0.0, 0.0, 0.0, 0.0, 0.0, 0.0, 0.0, 0.0, 0.0, 0.0, 0.0, 0.0, 0.0, 0.0], [0.0, 0.0, 0.0, 0.0, 0.0, 0.0, 0.0, 0.0, 0.0, 0.0, 0.0, 0.0, 0.0, 0.0, 0.0, 0.0, 0.0, 0.0, 0.0, 0.0, 0.0, 0.0, 0.0, 0.0], [0.0, 0.0, 0.0, 0.0, 0.0, 0.0, 0.0, 0.0, 0.0, 0.0, 0.0, 0.0, 0.0, 0.0, 0.0, 0.0, 0.0, 0.0, 0.0, 0.0, 0.0, 0.0, 0.0, 0.0], [0.0, 0.0, 0.0, 0.0, 0.0, 0.0, 0.0, 0.0, 0.0, 0.0, 0.0, 0.0, 0.0, 0.0, 0.0, 0.0, 0.0, 0.0, 0.0, 0.0, 0.0, 0.0, 0.0, 0.0], [0.0, 0.0, 0.0, 0.0, 0.0, 0.0, 0.0, 0.0, 0.0, 0.0, 0.0, 0.0, 0.0, 0.0, 0.0, 0.0, 0.0, 0.0, 0.0, 0.0, 0.0, 0.0, 0.0, 0.0], [0.0, 0.0, 0.0, 0.0, 0.0, 0.0, 0.0, 0.0, 0.0, 0.0, 0.0, 0.0, 0.0, 0.0, 0.0, 0.0, 0.0, 0.0, 0.0, 0.0, 0.0, 0.0, 0.0, 0.0], [0.0, 0.0, 0.0, 0.0, 0.0, 0.0, 0.0, 0.0, 0.0, 0.0, 0.0, 0.0, 0.0, 0.0, 0.0, 0.0, 0.0, 0.0, 0.0, 0.0, 0.0, 0.0, 0.0, 0.0], [0.0, 0.0, 0.0, 0.0, 0.0, 0.0, 0.0, 0.0, 0.0, 0.0, 0.0, 0.0, 0.0, 0.0, 0.0, 0.0, 0.0, 0.0, 0.0, 0.0, 0.0, 0.0, 0.0, 0.0], [0.0, 0.0, 0.0, 0.0, 0.0, 0.0, 0.0, 0.0, 0.0, 0.0, 0.0, 0.0, 0.0, 0.0, 0.0, 0.0, 0.0, 0.0, 0.0, 0.0, 0.0, 0.0, 0.0, 0.0], [0.0, 0.0, 0.0, 0.0, 0.0, 0.0, 0.0, 0.0, 0.0, 0.0, 0.0, 0.0, 0.0, 0.0, 0.0, 0.0, 0.0, 0.0, 0.0, 0.0, 0.0, 0.0, 0.0, 0.0], [0.0, 0.0, 0.0, 0.0, 0.0, 0.0, 0.0, 0.0, 0.0, 0.0, 0.0, 0.0, 0.0, 0.0, 0.0, 0.0, 0.0, 0.0, 0.0, 0.0, 0.0, 0.0, 0.0, 0.0], [0.0, 0.0, 0.0, 0.0, 0.0, 0.0, 0.0, 0.0, 0.0, 0.0, 0.0, 0.0, 0.0, 0.0, 0.0, 0.0, 0.0, 0.0, 0.0, 0.0, 0.0, 0.0, 0.0, 0.0]]
        P_D = [[0.0, 0.0, 0.0, 0.0, 0.0, 0.0, 0.0, 0.0, 0.0, 0.0, 0.0, 0.0, 0.0, 0.0, 0.0, 0.0, 0.0, 0.0, 0.0, 0.0, 0.0, 0.0, 0.0, 0.0], [0.0, 0.0, 0.0, 0.0, 0.0, 0.0, 0.0, 0.0, 0.0, 0.0, 0.0, 0.0, 0.0, 0.0, 0.0, 0.0, 0.0, 0.0, 0.0, 0.0, 0.0, 0.0, 0.0, 0.0], [0.0, 0.0, 0.0, 0.0, 0.0, 0.0, 0.0, 0.0, 0.0, 0.0, 0.0, 0.0, 0.0, 0.0, 0.0, 0.0, 0.0, 0.0, 0.0, 0.0, 0.0, 0.0, 0.0, 0.0], [0.0, 0.0, 0.0, 0.0, 0.0, 0.0, 0.0, 0.0, 0.0, 0.0, 0.0, 0.0, 0.0, 0.0, 0.0, 0.0, 0.0, 0.0, 0.0, 0.0, 0.0, 0.0, 0.0, 0.0], [0.0, 0.0, 0.0, 0.0, 0.0, 0.0, 0.0, 0.0, 0.0, 0.0, 0.0, 0.0, 0.0, 0.0, 0.0, 0.0, 0.0, 0.0, 0.0, 0.0, 0.0, 0.0, 0.0, 0.0], [0.0, 0.0, 0.0, 0.0, 0.0, 0.0, 0.0, 0.0, 0.0, 0.0, 0.0, 0.0, 0.0, 0.0, 0.0, 0.0, 0.0, 0.0, 0.0, 0.0, 0.0, 0.0, 0.0, 0.0], [0.0, 0.0, 0.0, 0.0, 0.0, 0.0, 0.0, 0.0, 0.0, 0.0, 0.0, 0.0, 0.0, 0.0, 0.0, 0.0, 0.0, 0.0, 0.0, 0.0, 0.0, 0.0, 0.0, 0.0], [2.6562155375491887, 2.5270971989729434, 2.440906489874327, 2.398005677162663, 2.484024021919919, 2.76833995221635, 3.1986161986159627, 3.6721433087777733, 3.995302584071219, 4.167091821114667, 4.253561599432129, 4.081068828775599, 3.8443728850328758, 3.7150485495308847, 3.844358110900047, 4.016565458687039, 4.188679155879706, 4.25362859734429, 4.08129394779637, 3.8230882970128195, 3.4787168965063318, 3.215996054950709, 3.0006615059775217, 2.785324421177935], [0.0, 0.0, 0.0, 0.0, 0.0, 0.0, 0.0, 0.0, 0.0, 0.0, 0.0, 0.0, 0.0, 0.0, 0.0, 0.0, 0.0, 0.0, 0.0, 0.0, 0.0, 0.0, 0.0, 0.0]]
        P_cons = [[0.0, 0.0, 0.0, 0.0, 0.0, 0.0, 0.0, 0.0, 0.0, 0.0, 0.0, 0.0, 0.0, 0.0, 0.0, 0.0, 0.0, 0.0, 0.0, 0.0, 0.0, 0.0, 0.0, 0.0], [0.0, 0.0, 0.0, 0.0, 0.0, 0.0, 0.0, 0.0, 0.0, 0.0, 0.0, 0.0, 0.0, 0.0, 0.0, 0.0, 0.0, 0.0, 0.0, 0.0, 0.0, 0.0, 0.0, 0.0], [0.0, 0.0, 0.0, 0.0, 0.0, 0.0, 0.0, 0.0, 0.0, 0.0, 0.0, 0.0, 0.0, 0.0, 0.0, 0.0, 0.0, 0.0, 0.0, 0.0, 0.0, 0.0, 0.0, 0.0], [0.0, 0.0, 0.0, 0.0, 0.0, 0.0, 0.0, 0.0, 0.0, 0.0, 0.0, 0.0, 0.0, 0.0, 0.0, 0.0, 0.0, 0.0, 0.0, 0.0, 0.0, 0.0, 0.0, 0.0], [0.0, 0.0, 0.0, 0.0, 0.0, 0.0, 0.0, 0.0, 0.0, 0.0, 0.0, 0.0, 0.0, 0.0, 0.0, 0.0, 0.0, 0.0, 0.0, 0.0, 0.0, 0.0, 0.0, 0.0], [0.0, 0.0, 0.0, 0.0, 0.0, 0.0, 0.0, 0.0, 0.0, 0.0, 0.0, 0.0, 0.0, 0.0, 0.0, 0.0, 0.0, 0.0, 0.0, 0.0, 0.0, 0.0, 0.0, 0.0], [0.0, 0.0, 0.0, 0.0, 0.0, 0.0, 0.0, 0.0, 0.0, 0.0, 0.0, 0.0, 0.0, 0.0, 0.0, 0.0, 0.0, 0.0, 0.0, 0.0, 0.0, 0.0, 0.0, 0.0], [0.0, 0.0, 0.0, 0.0, 0.0, 0.0, 0.0, 0.0, 0.0, 0.0, 0.0, 0.0, 0.0, 0.0, 0.0, 0.0, 0.0, 0.0, 0.0, 0.0, 0.0, 0.0, 0.0, 0.0], [0.0, 0.0, 0.0, 0.0, 0.0, 0.0, 0.0, 0.0, 0.0, 0.0, 0.0, 0.0, 0.0, 0.0, 0.0, 0.0, 0.0, 0.0, 0.0, 0.0, 0.0, 0.0, 0.0, 0.0], [0.0, 0.0, 0.0, 0.0, 0.0, 0.0, 0.0, 0.0, 0.0, 0.0, 0.0, 0.0, 0.0, 0.0, 0.0, 0.0, 0.0, 0.0, 0.0, 0.0, 0.0, 0.0, 0.0, 0.0], [0.0, 0.0, 0.0, 0.0, 0.0, 0.0, 0.0, 0.0, 0.0, 0.0, 0.0, 0.0, 0.0, 0.0, 0.0, 0.0, 0.0, 0.0, 0.0, 0.0, 0.0, 0.0, 0.0, 0.0], [0.0, 0.0, 0.0, 0.0, 0.0, 0.0, 0.0, 0.0, 0.0, 0.0, 0.0, 0.0, 0.0, 0.0, 0.0, 0.0, 0.0, 0.0, 0.0, 0.0, 0.0, 0.0, 0.0, 0.0], [0.0, 0.0, 0.0, 0.0, 0.0, 0.0, 0.0, 0.0, 0.0, 0.0, 0.0, 0.0, 0.0, 0.0, 0.0, 0.0, 0.0, 0.0, 0.0, 0.0, 0.0, 0.0, 0.0, 0.0]]
        P_gen = [[0.0, 0.0, 0.0, 0.0, 0.0, 0.0, 0.0, 0.0, 0.0, 0.0, 0.0, 0.0, 0.0, 0.0, 0.0, 0.0, 0.0, 0.0, 0.0, 0.0, 0.0, 0.0, 0.0, 0.0], [0.0, 0.0, 0.0, 0.0, 0.0, 0.0, 0.0, 0.0, 0.0, 0.0, 0.0, 0.0, 0.0, 0.0, 0.0, 0.0, 0.0, 0.0, 0.0, 0.0, 0.0, 0.0, 0.0, 0.0], [0.0, 0.0, 0.0, 0.0, 0.0, 0.0, 0.0, 0.0, 0.0, 0.0, 0.0, 0.0, 0.0, 0.0, 0.0, 0.0, 0.0, 0.0, 0.0, 0.0, 0.0, 0.0, 0.0, 0.0], [0.0, 0.0, 0.0, 0.0, 0.0, 0.0, 0.0, 0.0, 0.0, 0.0, 0.0, 0.0, 0.0, 0.0, 0.0, 0.0, 0.0, 0.0, 0.0, 0.0, 0.0, 0.0, 0.0, 0.0], [0.0, 0.0, 0.0, 0.0, 0.0, 0.0, 0.0, 0.0, 0.0, 0.0, 0.0, 0.0, 0.0, 0.0, 0.0, 0.0, 0.0, 0.0, 0.0, 0.0, 0.0, 0.0, 0.0, 0.0], [0.0, 0.0, 0.0, 0.0, 0.0, 0.0, 0.0, 0.0, 0.0, 0.0, 0.0, 0.0, 0.0, 0.0, 0.0, 0.0, 0.0, 0.0, 0.0, 0.0, 0.0, 0.0, 0.0, 0.0], [0.0, 0.0, 0.0, 0.0, 0.0, 0.0, 0.0, 0.0, 0.0, 0.0, 0.0, 0.0, 0.0, 0.0, 0.0, 0.0, 0.0, 0.0, 0.0, 0.0, 0.0, 0.0, 0.0, 0.0], [0.0, 0.0, 0.0, 0.0, 0.0, 0.0, 0.0, 0.0, 0.0, 0.0, 0.0, 0.0, 0.0, 0.0, 0.0, 0.0, 0.0, 0.0, 0.0, 0.0, 0.0, 0.0, 0.0, 0.0], [0.0, 0.0, 0.0, 0.0, 0.0, 0.0, 0.0, 0.0, 0.0, 0.0, 0.0, 0.0, 0.0, 0.0, 0.0, 0.0, 0.0, 0.0, 0.0, 0.0, 0.0, 0.0, 0.0, 0.0], [0.0, 0.0, 0.0, 0.0, 0.0, 0.0, 0.0, 0.0, 0.0, 0.0, 0.0, 0.0, 0.0, 0.0, 0.0, 0.0, 0.0, 0.0, 0.0, 0.0, 0.0, 0.0, 0.0, 0.0], [0.0, 0.0, 0.0, 0.0, 0.0, 0.0, 0.0, 0.0, 0.0, 0.0, 0.0, 0.0, 0.0, 0.0, 0.0, 0.0, 0.0, 0.0, 0.0, 0.0, 0.0, 0.0, 0.0, 0.0], [0.0, 0.0, 0.0, 0.0, 0.0, 0.0, 0.0, 0.0, 0.0, 0.0, 0.0, 0.0, 0.0, 0.0, 0.0, 0.0, 0.0, 0.0, 0.0, 0.0, 0.0, 0.0, 0.0, 0.0], [0.0, 0.0, 0.0, 0.0, 0.0, 0.0, 0.0, 0.0, 0.0, 0.0, 0.0, 0.0, 0.0, 0.0, 0.0, 0.0, 0.0, 0.0, 0.0, 0.0, 0.0, 0.0, 0.0, 0.0]]
        w_H = [[0.0, 0.0, 0.0, 0.0, 0.0, 0.0, 0.0, 0.0, 0.0, 0.0, 0.0, 0.0, 0.0, 0.0, 0.0, 0.0, 0.0, 0.0, 0.0, 0.0, 0.0, 0.0, 0.0, 0.0], [0.0, 0.0, 0.0, 0.0, 0.0, 0.0, 0.0, 0.0, 0.0, 0.0, 0.0, 0.0, 0.0, 0.0, 0.0, 0.0, 0.0, 0.0, 0.0, 0.0, 0.0, 0.0, 0.0, 0.0], [0.0, 0.0, 0.0, 0.0, 0.0, 0.0, 0.0, 0.0, 0.0, 0.0, 0.0, 0.0, 0.0, 0.0, 0.0, 0.0, 0.0, 0.0, 0.0, 0.0, 0.0, 0.0, 0.0, 0.0], [0.0, 0.0, 0.0, 0.0, 0.0, 0.0, 0.0, 0.0, 0.0, 0.0, 0.0, 0.0, 0.0, 0.0, 0.0, 0.0, 0.0, 0.0, 0.0, 0.0, 0.0, 0.0, 0.0, 0.0], [0.0, 0.0, 0.0, 0.0, 0.0, 0.0, 0.0, 0.0, 0.0, 0.0, 0.0, 0.0, 0.0, 0.0, 0.0, 0.0, 0.0, 0.0, 0.0, 0.0, 0.0, 0.0, 0.0, 0.0], [0.0, 0.0, 0.0, 0.0, 0.0, 0.0, 0.0, 0.0, 0.0, 0.0, 0.0, 0.0, 0.0, 0.0, 0.0, 0.0, 0.0, 0.0, 0.0, 0.0, 0.0, 0.0, 0.0, 0.0], [0.0, 0.0, 0.0, 0.0, 0.0, 0.0, 0.0, 0.0, 0.0, 0.0, 0.0, 0.0, 0.0, 0.0, 0.0, 0.0, 0.0, 0.0, 0.0, 0.0, 0.0, 0.0, 0.0, 0.0], [10.28197596291396, 10.204293845287452, 9.66645547010917, 9.86556125851719, 10.5558978480715, 14.338093741519165, 16.55388577356703, 17.18840280500747, 19.617013751045935, 16.73898787839848, 14.44710246489987, 13.818044676476982, 11.740826979324334, 11.39766837683774, 12.994584830253887, 14.442876908604804, 16.3933986428295, 20.100204720164577, 19.09989842068838, 16.631618076246543, 14.909928808321187, 9.098910833824284, 10.231905773558088, 13.455395897874116], [0.0, 0.0, 0.0, 0.0, 0.0, 0.0, 0.0, 0.0, 0.0, 0.0, 0.0, 0.0, 0.0, 0.0, 0.0, 0.0, 0.0, 0.0, 0.0, 0.0, 0.0, 0.0, 0.0, 0.0]]
        w_P = [[0.0, 0.0, 0.0, 0.0, 0.0, 0.0, 0.0, 0.0, 0.0, 0.0, 0.0, 0.0, 0.0, 0.0, 0.0, 0.0, 0.0, 0.0, 0.0, 0.0, 0.0, 0.0, 0.0, 0.0], [0.0, 0.0, 0.0, 0.0, 0.0, 0.0, 0.0, 0.0, 0.0, 0.0, 0.0, 0.0, 0.0, 0.0, 0.0, 0.0, 0.0, 0.0, 0.0, 0.0, 0.0, 0.0, 0.0, 0.0], [0.0, 0.0, 0.0, 0.0, 0.0, 0.0, 0.0, 0.0, 0.0, 0.0, 0.0, 0.0, 0.0, 0.0, 0.0, 0.0, 0.0, 0.0, 0.0, 0.0, 0.0, 0.0, 0.0, 0.0], [0.0, 0.0, 0.0, 0.0, 0.0, 0.0, 0.0, 0.0, 0.0, 0.0, 0.0, 0.0, 0.0, 0.0, 0.0, 0.0, 0.0, 0.0, 0.0, 0.0, 0.0, 0.0, 0.0, 0.0], [0.0, 0.0, 0.0, 0.0, 0.0, 0.0, 0.0, 0.0, 0.0, 0.0, 0.0, 0.0, 0.0, 0.0, 0.0, 0.0, 0.0, 0.0, 0.0, 0.0, 0.0, 0.0, 0.0, 0.0], [0.0, 0.0, 0.0, 0.0, 0.0, 0.0, 0.0, 0.0, 0.0, 0.0, 0.0, 0.0, 0.0, 0.0, 0.0, 0.0, 0.0, 0.0, 0.0, 0.0, 0.0, 0.0, 0.0, 0.0], [0.0, 0.0, 0.0, 0.0, 0.0, 0.0, 0.0, 0.0, 0.0, 0.0, 0.0, 0.0, 0.0, 0.0, 0.0, 0.0, 0.0, 0.0, 0.0, 0.0, 0.0, 0.0, 0.0, 0.0], [1.6609841318814746, 1.6530128642718411, 1.6762100770884087, 1.637823841445261, 1.6587838275541698, 8.949451325204485, 9.090400525033566, 9.105161561089083, 26.432637800406255, 26.875124852272517, 26.472793849664512, 26.779497938717874, 9.08465651138213, 9.186732075298858, 9.094203553955257, 9.084410403885373, 9.140177668906178, 26.40370899655611, 26.542702455952448, 26.445346820983115, 26.416767540383702, 1.6275023276803338, 1.6491393114540465, 1.6715980024835613], [0.0, 0.0, 0.0, 0.0, 0.0, 0.0, 0.0, 0.0, 0.0, 0.0, 0.0, 0.0, 0.0, 0.0, 0.0, 0.0, 0.0, 0.0, 0.0, 0.0, 0.0, 0.0, 0.0, 0.0]]
        z_storage = [[0.0, 0.0, 0.0, 0.0, 0.0, 0.0, 0.0, 0.0, 0.0, 0.0, 0.0, 0.0, 0.0, 0.0, 0.0, 0.0, 0.0, 0.0, 0.0, 0.0, 0.0, 0.0, 0.0, 0.0], [0.0, 0.0, 0.0, 0.0, 0.0, 0.0, 0.0, 0.0, 0.0, 0.0, 0.0, 0.0, 0.0, 0.0, 0.0, 0.0, 0.0, 0.0, 0.0, 0.0, 0.0, 0.0, 0.0, 0.0], [0.0, 0.0, 0.0, 0.0, 0.0, 0.0, 0.0, 0.0, 0.0, 0.0, 0.0, 0.0, 0.0, 0.0, 0.0, 0.0, 0.0, 0.0, 0.0, 0.0, 0.0, 0.0, 0.0, 0.0], [0.0, 0.0, 0.0, 0.0, 0.0, 0.0, 0.0, 0.0, 0.0, 0.0, 0.0, 0.0, 0.0, 0.0, 0.0, 0.0, 0.0, 0.0, 0.0, 0.0, 0.0, 0.0, 0.0, 0.0], [0.0, 0.0, 0.0, 0.0, 0.0, 0.0, 0.0, 0.0, 0.0, 0.0, 0.0, 0.0, 0.0, 0.0, 0.0, 0.0, 0.0, 0.0, 0.0, 0.0, 0.0, 0.0, 0.0, 0.0], [0.0, 0.0, 0.0, 0.0, 0.0, 0.0, 0.0, 0.0, 0.0, 0.0, 0.0, 0.0, 0.0, 0.0, 0.0, 0.0, 0.0, 0.0, 0.0, 0.0, 0.0, 0.0, 0.0, 0.0], [0.0, 0.0, 0.0, 0.0, 0.0, 0.0, 0.0, 0.0, 0.0, 0.0, 0.0, 0.0, 0.0, 0.0, 0.0, 0.0, 0.0, 0.0, 0.0, 0.0, 0.0, 0.0, 0.0, 0.0], [0.0, 0.0, 0.0, 0.0, 0.0, 0.0, 0.0, 0.0, 0.0, 0.0, 0.0, 0.0, 0.0, 0.0, 0.0, 0.0, 0.0, 0.0, 0.0, 0.0, 0.0, 0.0, 0.0, 0.0], [0.0, 0.0, 0.0, 0.0, 0.0, 0.0, 0.0, 0.0, 0.0, 0.0, 0.0, 0.0, 0.0, 0.0, 0.0, 0.0, 0.0, 0.0, 0.0, 0.0, 0.0, 0.0, 0.0, 0.0], [0.0, 0.0, 0.0, 0.0, 0.0, 0.0, 0.0, 0.0, 0.0, 0.0, 0.0, 0.0, 0.0, 0.0, 0.0, 0.0, 0.0, 0.0, 0.0, 0.0, 0.0, 0.0, 0.0, 0.0], [0.0, 0.0, 0.0, 0.0, 0.0, 0.0, 0.0, 0.0, 0.0, 0.0, 0.0, 0.0, 0.0, 0.0, 0.0, 0.0, 0.0, 0.0, 0.0, 0.0, 0.0, 0.0, 0.0, 0.0], [0.0, 0.0, 0.0, 0.0, 0.0, 0.0, 0.0, 0.0, 0.0, 0.0, 0.0, 0.0, 0.0, 0.0, 0.0, 0.0, 0.0, 0.0, 0.0, 0.0, 0.0, 0.0, 0.0, 0.0], [0.0, 0.0, 0.0, 0.0, 0.0, 0.0, 0.0, 0.0, 0.0, 0.0, 0.0, 0.0, 0.0, 0.0, 0.0, 0.0, 0.0, 0.0, 0.0, 0.0, 0.0, 0.0, 0.0, 0.0]]
    [[trace.agents]]
    actor = 9
    allocated_budget_sec = 2.0518318000249565
    augmented_bound = 0.00036605580716131403
    augmented_bound_excess = 0.0
    augmented_objective = 0.0003687469801805232
    augmented_objective_at_primal = 0.0003687458763652618
    augmented_relative_gap = 2.691173019209181e-6
    convex_fixed_mode = true
    cost = 513.3592326145844
    elapsed_sec = 0.0035868999548256397
    input_sha256 = "0ccd3fc8cbec9eff35715615750f1961896dcec0dc7fb10c5c0a522594969fd3"
    message = [[0.0, 0.0, 0.0, 0.0, 0.0, 0.0, 0.0, 0.0, 0.0, 0.0, 0.0, 0.0, 0.0, 0.0, 0.0, 0.0, 0.0, 0.0, 0.0, 0.0, 0.0, 0.0, 0.0, 0.0], [0.0, 0.0, 0.0, 0.0, 0.0, 0.0, 0.0, 0.0, 0.0, 0.0, 0.0, 0.0, 0.0, 0.0, 0.0, 0.0, 0.0, 0.0, 0.0, 0.0, 0.0, 0.0, 0.0, 0.0], [0.0, 0.0, 0.0, 0.0, 0.0, 0.0, 0.0, 0.0, 0.0, 0.0, 0.0, 0.0, 0.0, 0.0, 0.0, 0.0, 0.0, 0.0, 0.0, 0.0, 0.0, 0.0, 0.0, 0.0], [0.8961533719170724, 0.895406074863674, 0.872709088096321, 0.8500766146009516, 0.8971588844298367, 0.9757206665087141, 1.0648461074239177, 1.107364108073381, 1.0465432479062082, 0.9587809707418223, 0.8892714848961638, 0.8648336848620515, 0.866971877735675, 0.8438347858267183, 0.8668072569363562, 0.9298184522220634, 1.0146591978914339, 1.0679833410925985, 1.0256711182487201, 0.9589366328732665, 0.9118708632355265, 0.8983405208198233, 0.8946165806073397, 0.8737275675141517]]
    model_types = ["(JuMP.AffExpr, MathOptInterface.EqualTo{Float64})", "(Vector{JuMP.AffExpr}, MathOptInterface.RotatedSecondOrderCone)", "(JuMP.VariableRef, MathOptInterface.EqualTo{Float64})", "(JuMP.VariableRef, MathOptInterface.GreaterThan{Float64})", "(JuMP.VariableRef, MathOptInterface.LessThan{Float64})"]
    primal_status = "FEASIBLE_POINT"
    solver = "Gurobi"
    solver_objective_report_error = 1.10381526141623e-9
    solver_objective_report_pass = false
    status = "solved"
    termination = "OPTIMAL"

        [trace.agents.values]
        E = [[0.0, 0.0, 0.0, 0.0, 0.0, 0.0, 0.0, 0.0, 0.0, 0.0, 0.0, 0.0, 0.0, 0.0, 0.0, 0.0, 0.0, 0.0, 0.0, 0.0, 0.0, 0.0, 0.0, 0.0, 0.0], [0.0, 0.0, 0.0, 0.0, 0.0, 0.0, 0.0, 0.0, 0.0, 0.0, 0.0, 0.0, 0.0, 0.0, 0.0, 0.0, 0.0, 0.0, 0.0, 0.0, 0.0, 0.0, 0.0, 0.0, 0.0], [0.0, 0.0, 0.0, 0.0, 0.0, 0.0, 0.0, 0.0, 0.0, 0.0, 0.0, 0.0, 0.0, 0.0, 0.0, 0.0, 0.0, 0.0, 0.0, 0.0, 0.0, 0.0, 0.0, 0.0, 0.0], [0.0, 0.0, 0.0, 0.0, 0.0, 0.0, 0.0, 0.0, 0.0, 0.0, 0.0, 0.0, 0.0, 0.0, 0.0, 0.0, 0.0, 0.0, 0.0, 0.0, 0.0, 0.0, 0.0, 0.0, 0.0], [0.0, 0.0, 0.0, 0.0, 0.0, 0.0, 0.0, 0.0, 0.0, 0.0, 0.0, 0.0, 0.0, 0.0, 0.0, 0.0, 0.0, 0.0, 0.0, 0.0, 0.0, 0.0, 0.0, 0.0, 0.0], [0.0, 0.0, 0.0, 0.0, 0.0, 0.0, 0.0, 0.0, 0.0, 0.0, 0.0, 0.0, 0.0, 0.0, 0.0, 0.0, 0.0, 0.0, 0.0, 0.0, 0.0, 0.0, 0.0, 0.0, 0.0], [0.0, 0.0, 0.0, 0.0, 0.0, 0.0, 0.0, 0.0, 0.0, 0.0, 0.0, 0.0, 0.0, 0.0, 0.0, 0.0, 0.0, 0.0, 0.0, 0.0, 0.0, 0.0, 0.0, 0.0, 0.0], [0.0, 0.0, 0.0, 0.0, 0.0, 0.0, 0.0, 0.0, 0.0, 0.0, 0.0, 0.0, 0.0, 0.0, 0.0, 0.0, 0.0, 0.0, 0.0, 0.0, 0.0, 0.0, 0.0, 0.0, 0.0], [0.0, 0.0, 0.0, 0.0, 0.0, 0.0, 0.0, 0.0, 0.0, 0.0, 0.0, 0.0, 0.0, 0.0, 0.0, 0.0, 0.0, 0.0, 0.0, 0.0, 0.0, 0.0, 0.0, 0.0, 0.0], [0.0, 0.0, 0.0, 0.0, 0.0, 0.0, 0.0, 0.0, 0.0, 0.0, 0.0, 0.0, 0.0, 0.0, 0.0, 0.0, 0.0, 0.0, 0.0, 0.0, 0.0, 0.0, 0.0, 0.0, 0.0], [0.0, 0.0, 0.0, 0.0, 0.0, 0.0, 0.0, 0.0, 0.0, 0.0, 0.0, 0.0, 0.0, 0.0, 0.0, 0.0, 0.0, 0.0, 0.0, 0.0, 0.0, 0.0, 0.0, 0.0, 0.0], [0.0, 0.0, 0.0, 0.0, 0.0, 0.0, 0.0, 0.0, 0.0, 0.0, 0.0, 0.0, 0.0, 0.0, 0.0, 0.0, 0.0, 0.0, 0.0, 0.0, 0.0, 0.0, 0.0, 0.0, 0.0], [0.0, 0.0, 0.0, 0.0, 0.0, 0.0, 0.0, 0.0, 0.0, 0.0, 0.0, 0.0, 0.0, 0.0, 0.0, 0.0, 0.0, 0.0, 0.0, 0.0, 0.0, 0.0, 0.0, 0.0, 0.0]]
        H_D = [[0.0, 0.0, 0.0, 0.0, 0.0, 0.0, 0.0, 0.0, 0.0, 0.0, 0.0, 0.0, 0.0, 0.0, 0.0, 0.0, 0.0, 0.0, 0.0, 0.0, 0.0, 0.0, 0.0, 0.0], [0.0, 0.0, 0.0, 0.0, 0.0, 0.0, 0.0, 0.0, 0.0, 0.0, 0.0, 0.0, 0.0, 0.0, 0.0, 0.0, 0.0, 0.0, 0.0, 0.0, 0.0, 0.0, 0.0, 0.0], [0.0, 0.0, 0.0, 0.0, 0.0, 0.0, 0.0, 0.0, 0.0, 0.0, 0.0, 0.0, 0.0, 0.0, 0.0, 0.0, 0.0, 0.0, 0.0, 0.0, 0.0, 0.0, 0.0, 0.0], [0.0, 0.0, 0.0, 0.0, 0.0, 0.0, 0.0, 0.0, 0.0, 0.0, 0.0, 0.0, 0.0, 0.0, 0.0, 0.0, 0.0, 0.0, 0.0, 0.0, 0.0, 0.0, 0.0, 0.0], [0.0, 0.0, 0.0, 0.0, 0.0, 0.0, 0.0, 0.0, 0.0, 0.0, 0.0, 0.0, 0.0, 0.0, 0.0, 0.0, 0.0, 0.0, 0.0, 0.0, 0.0, 0.0, 0.0, 0.0], [0.0, 0.0, 0.0, 0.0, 0.0, 0.0, 0.0, 0.0, 0.0, 0.0, 0.0, 0.0, 0.0, 0.0, 0.0, 0.0, 0.0, 0.0, 0.0, 0.0, 0.0, 0.0, 0.0, 0.0], [0.0, 0.0, 0.0, 0.0, 0.0, 0.0, 0.0, 0.0, 0.0, 0.0, 0.0, 0.0, 0.0, 0.0, 0.0, 0.0, 0.0, 0.0, 0.0, 0.0, 0.0, 0.0, 0.0, 0.0], [0.0, 0.0, 0.0, 0.0, 0.0, 0.0, 0.0, 0.0, 0.0, 0.0, 0.0, 0.0, 0.0, 0.0, 0.0, 0.0, 0.0, 0.0, 0.0, 0.0, 0.0, 0.0, 0.0, 0.0], [0.8961533719170724, 0.895406074863674, 0.872709088096321, 0.8500766146009516, 0.8971588844298367, 0.9757206665087141, 1.0648461074239177, 1.107364108073381, 1.0465432479062082, 0.9587809707418223, 0.8892714848961638, 0.8648336848620515, 0.866971877735675, 0.8438347858267183, 0.8668072569363562, 0.9298184522220634, 1.0146591978914339, 1.0679833410925985, 1.0256711182487201, 0.9589366328732665, 0.9118708632355265, 0.8983405208198233, 0.8946165806073397, 0.8737275675141517]]
        H_cons = [[0.0, 0.0, 0.0, 0.0, 0.0, 0.0, 0.0, 0.0, 0.0, 0.0, 0.0, 0.0, 0.0, 0.0, 0.0, 0.0, 0.0, 0.0, 0.0, 0.0, 0.0, 0.0, 0.0, 0.0], [0.0, 0.0, 0.0, 0.0, 0.0, 0.0, 0.0, 0.0, 0.0, 0.0, 0.0, 0.0, 0.0, 0.0, 0.0, 0.0, 0.0, 0.0, 0.0, 0.0, 0.0, 0.0, 0.0, 0.0], [0.0, 0.0, 0.0, 0.0, 0.0, 0.0, 0.0, 0.0, 0.0, 0.0, 0.0, 0.0, 0.0, 0.0, 0.0, 0.0, 0.0, 0.0, 0.0, 0.0, 0.0, 0.0, 0.0, 0.0], [0.0, 0.0, 0.0, 0.0, 0.0, 0.0, 0.0, 0.0, 0.0, 0.0, 0.0, 0.0, 0.0, 0.0, 0.0, 0.0, 0.0, 0.0, 0.0, 0.0, 0.0, 0.0, 0.0, 0.0], [0.0, 0.0, 0.0, 0.0, 0.0, 0.0, 0.0, 0.0, 0.0, 0.0, 0.0, 0.0, 0.0, 0.0, 0.0, 0.0, 0.0, 0.0, 0.0, 0.0, 0.0, 0.0, 0.0, 0.0], [0.0, 0.0, 0.0, 0.0, 0.0, 0.0, 0.0, 0.0, 0.0, 0.0, 0.0, 0.0, 0.0, 0.0, 0.0, 0.0, 0.0, 0.0, 0.0, 0.0, 0.0, 0.0, 0.0, 0.0], [0.0, 0.0, 0.0, 0.0, 0.0, 0.0, 0.0, 0.0, 0.0, 0.0, 0.0, 0.0, 0.0, 0.0, 0.0, 0.0, 0.0, 0.0, 0.0, 0.0, 0.0, 0.0, 0.0, 0.0], [0.0, 0.0, 0.0, 0.0, 0.0, 0.0, 0.0, 0.0, 0.0, 0.0, 0.0, 0.0, 0.0, 0.0, 0.0, 0.0, 0.0, 0.0, 0.0, 0.0, 0.0, 0.0, 0.0, 0.0], [0.0, 0.0, 0.0, 0.0, 0.0, 0.0, 0.0, 0.0, 0.0, 0.0, 0.0, 0.0, 0.0, 0.0, 0.0, 0.0, 0.0, 0.0, 0.0, 0.0, 0.0, 0.0, 0.0, 0.0], [0.0, 0.0, 0.0, 0.0, 0.0, 0.0, 0.0, 0.0, 0.0, 0.0, 0.0, 0.0, 0.0, 0.0, 0.0, 0.0, 0.0, 0.0, 0.0, 0.0, 0.0, 0.0, 0.0, 0.0], [0.0, 0.0, 0.0, 0.0, 0.0, 0.0, 0.0, 0.0, 0.0, 0.0, 0.0, 0.0, 0.0, 0.0, 0.0, 0.0, 0.0, 0.0, 0.0, 0.0, 0.0, 0.0, 0.0, 0.0], [0.0, 0.0, 0.0, 0.0, 0.0, 0.0, 0.0, 0.0, 0.0, 0.0, 0.0, 0.0, 0.0, 0.0, 0.0, 0.0, 0.0, 0.0, 0.0, 0.0, 0.0, 0.0, 0.0, 0.0], [0.0, 0.0, 0.0, 0.0, 0.0, 0.0, 0.0, 0.0, 0.0, 0.0, 0.0, 0.0, 0.0, 0.0, 0.0, 0.0, 0.0, 0.0, 0.0, 0.0, 0.0, 0.0, 0.0, 0.0]]
        H_gen = [[0.0, 0.0, 0.0, 0.0, 0.0, 0.0, 0.0, 0.0, 0.0, 0.0, 0.0, 0.0, 0.0, 0.0, 0.0, 0.0, 0.0, 0.0, 0.0, 0.0, 0.0, 0.0, 0.0, 0.0], [0.0, 0.0, 0.0, 0.0, 0.0, 0.0, 0.0, 0.0, 0.0, 0.0, 0.0, 0.0, 0.0, 0.0, 0.0, 0.0, 0.0, 0.0, 0.0, 0.0, 0.0, 0.0, 0.0, 0.0], [0.0, 0.0, 0.0, 0.0, 0.0, 0.0, 0.0, 0.0, 0.0, 0.0, 0.0, 0.0, 0.0, 0.0, 0.0, 0.0, 0.0, 0.0, 0.0, 0.0, 0.0, 0.0, 0.0, 0.0], [0.0, 0.0, 0.0, 0.0, 0.0, 0.0, 0.0, 0.0, 0.0, 0.0, 0.0, 0.0, 0.0, 0.0, 0.0, 0.0, 0.0, 0.0, 0.0, 0.0, 0.0, 0.0, 0.0, 0.0], [0.0, 0.0, 0.0, 0.0, 0.0, 0.0, 0.0, 0.0, 0.0, 0.0, 0.0, 0.0, 0.0, 0.0, 0.0, 0.0, 0.0, 0.0, 0.0, 0.0, 0.0, 0.0, 0.0, 0.0], [0.0, 0.0, 0.0, 0.0, 0.0, 0.0, 0.0, 0.0, 0.0, 0.0, 0.0, 0.0, 0.0, 0.0, 0.0, 0.0, 0.0, 0.0, 0.0, 0.0, 0.0, 0.0, 0.0, 0.0], [0.0, 0.0, 0.0, 0.0, 0.0, 0.0, 0.0, 0.0, 0.0, 0.0, 0.0, 0.0, 0.0, 0.0, 0.0, 0.0, 0.0, 0.0, 0.0, 0.0, 0.0, 0.0, 0.0, 0.0], [0.0, 0.0, 0.0, 0.0, 0.0, 0.0, 0.0, 0.0, 0.0, 0.0, 0.0, 0.0, 0.0, 0.0, 0.0, 0.0, 0.0, 0.0, 0.0, 0.0, 0.0, 0.0, 0.0, 0.0], [0.0, 0.0, 0.0, 0.0, 0.0, 0.0, 0.0, 0.0, 0.0, 0.0, 0.0, 0.0, 0.0, 0.0, 0.0, 0.0, 0.0, 0.0, 0.0, 0.0, 0.0, 0.0, 0.0, 0.0], [0.0, 0.0, 0.0, 0.0, 0.0, 0.0, 0.0, 0.0, 0.0, 0.0, 0.0, 0.0, 0.0, 0.0, 0.0, 0.0, 0.0, 0.0, 0.0, 0.0, 0.0, 0.0, 0.0, 0.0], [0.0, 0.0, 0.0, 0.0, 0.0, 0.0, 0.0, 0.0, 0.0, 0.0, 0.0, 0.0, 0.0, 0.0, 0.0, 0.0, 0.0, 0.0, 0.0, 0.0, 0.0, 0.0, 0.0, 0.0], [0.0, 0.0, 0.0, 0.0, 0.0, 0.0, 0.0, 0.0, 0.0, 0.0, 0.0, 0.0, 0.0, 0.0, 0.0, 0.0, 0.0, 0.0, 0.0, 0.0, 0.0, 0.0, 0.0, 0.0], [0.0, 0.0, 0.0, 0.0, 0.0, 0.0, 0.0, 0.0, 0.0, 0.0, 0.0, 0.0, 0.0, 0.0, 0.0, 0.0, 0.0, 0.0, 0.0, 0.0, 0.0, 0.0, 0.0, 0.0]]
        P_D = [[0.0, 0.0, 0.0, 0.0, 0.0, 0.0, 0.0, 0.0, 0.0, 0.0, 0.0, 0.0, 0.0, 0.0, 0.0, 0.0, 0.0, 0.0, 0.0, 0.0, 0.0, 0.0, 0.0, 0.0], [0.0, 0.0, 0.0, 0.0, 0.0, 0.0, 0.0, 0.0, 0.0, 0.0, 0.0, 0.0, 0.0, 0.0, 0.0, 0.0, 0.0, 0.0, 0.0, 0.0, 0.0, 0.0, 0.0, 0.0], [0.0, 0.0, 0.0, 0.0, 0.0, 0.0, 0.0, 0.0, 0.0, 0.0, 0.0, 0.0, 0.0, 0.0, 0.0, 0.0, 0.0, 0.0, 0.0, 0.0, 0.0, 0.0, 0.0, 0.0], [0.0, 0.0, 0.0, 0.0, 0.0, 0.0, 0.0, 0.0, 0.0, 0.0, 0.0, 0.0, 0.0, 0.0, 0.0, 0.0, 0.0, 0.0, 0.0, 0.0, 0.0, 0.0, 0.0, 0.0], [0.0, 0.0, 0.0, 0.0, 0.0, 0.0, 0.0, 0.0, 0.0, 0.0, 0.0, 0.0, 0.0, 0.0, 0.0, 0.0, 0.0, 0.0, 0.0, 0.0, 0.0, 0.0, 0.0, 0.0], [0.0, 0.0, 0.0, 0.0, 0.0, 0.0, 0.0, 0.0, 0.0, 0.0, 0.0, 0.0, 0.0, 0.0, 0.0, 0.0, 0.0, 0.0, 0.0, 0.0, 0.0, 0.0, 0.0, 0.0], [0.0, 0.0, 0.0, 0.0, 0.0, 0.0, 0.0, 0.0, 0.0, 0.0, 0.0, 0.0, 0.0, 0.0, 0.0, 0.0, 0.0, 0.0, 0.0, 0.0, 0.0, 0.0, 0.0, 0.0], [0.0, 0.0, 0.0, 0.0, 0.0, 0.0, 0.0, 0.0, 0.0, 0.0, 0.0, 0.0, 0.0, 0.0, 0.0, 0.0, 0.0, 0.0, 0.0, 0.0, 0.0, 0.0, 0.0, 0.0], [0.0, 0.0, 0.0, 0.0, 0.0, 0.0, 0.0, 0.0, 0.0, 0.0, 0.0, 0.0, 0.0, 0.0, 0.0, 0.0, 0.0, 0.0, 0.0, 0.0, 0.0, 0.0, 0.0, 0.0]]
        P_cons = [[0.0, 0.0, 0.0, 0.0, 0.0, 0.0, 0.0, 0.0, 0.0, 0.0, 0.0, 0.0, 0.0, 0.0, 0.0, 0.0, 0.0, 0.0, 0.0, 0.0, 0.0, 0.0, 0.0, 0.0], [0.0, 0.0, 0.0, 0.0, 0.0, 0.0, 0.0, 0.0, 0.0, 0.0, 0.0, 0.0, 0.0, 0.0, 0.0, 0.0, 0.0, 0.0, 0.0, 0.0, 0.0, 0.0, 0.0, 0.0], [0.0, 0.0, 0.0, 0.0, 0.0, 0.0, 0.0, 0.0, 0.0, 0.0, 0.0, 0.0, 0.0, 0.0, 0.0, 0.0, 0.0, 0.0, 0.0, 0.0, 0.0, 0.0, 0.0, 0.0], [0.0, 0.0, 0.0, 0.0, 0.0, 0.0, 0.0, 0.0, 0.0, 0.0, 0.0, 0.0, 0.0, 0.0, 0.0, 0.0, 0.0, 0.0, 0.0, 0.0, 0.0, 0.0, 0.0, 0.0], [0.0, 0.0, 0.0, 0.0, 0.0, 0.0, 0.0, 0.0, 0.0, 0.0, 0.0, 0.0, 0.0, 0.0, 0.0, 0.0, 0.0, 0.0, 0.0, 0.0, 0.0, 0.0, 0.0, 0.0], [0.0, 0.0, 0.0, 0.0, 0.0, 0.0, 0.0, 0.0, 0.0, 0.0, 0.0, 0.0, 0.0, 0.0, 0.0, 0.0, 0.0, 0.0, 0.0, 0.0, 0.0, 0.0, 0.0, 0.0], [0.0, 0.0, 0.0, 0.0, 0.0, 0.0, 0.0, 0.0, 0.0, 0.0, 0.0, 0.0, 0.0, 0.0, 0.0, 0.0, 0.0, 0.0, 0.0, 0.0, 0.0, 0.0, 0.0, 0.0], [0.0, 0.0, 0.0, 0.0, 0.0, 0.0, 0.0, 0.0, 0.0, 0.0, 0.0, 0.0, 0.0, 0.0, 0.0, 0.0, 0.0, 0.0, 0.0, 0.0, 0.0, 0.0, 0.0, 0.0], [0.0, 0.0, 0.0, 0.0, 0.0, 0.0, 0.0, 0.0, 0.0, 0.0, 0.0, 0.0, 0.0, 0.0, 0.0, 0.0, 0.0, 0.0, 0.0, 0.0, 0.0, 0.0, 0.0, 0.0], [0.0, 0.0, 0.0, 0.0, 0.0, 0.0, 0.0, 0.0, 0.0, 0.0, 0.0, 0.0, 0.0, 0.0, 0.0, 0.0, 0.0, 0.0, 0.0, 0.0, 0.0, 0.0, 0.0, 0.0], [0.0, 0.0, 0.0, 0.0, 0.0, 0.0, 0.0, 0.0, 0.0, 0.0, 0.0, 0.0, 0.0, 0.0, 0.0, 0.0, 0.0, 0.0, 0.0, 0.0, 0.0, 0.0, 0.0, 0.0], [0.0, 0.0, 0.0, 0.0, 0.0, 0.0, 0.0, 0.0, 0.0, 0.0, 0.0, 0.0, 0.0, 0.0, 0.0, 0.0, 0.0, 0.0, 0.0, 0.0, 0.0, 0.0, 0.0, 0.0], [0.0, 0.0, 0.0, 0.0, 0.0, 0.0, 0.0, 0.0, 0.0, 0.0, 0.0, 0.0, 0.0, 0.0, 0.0, 0.0, 0.0, 0.0, 0.0, 0.0, 0.0, 0.0, 0.0, 0.0]]
        P_gen = [[0.0, 0.0, 0.0, 0.0, 0.0, 0.0, 0.0, 0.0, 0.0, 0.0, 0.0, 0.0, 0.0, 0.0, 0.0, 0.0, 0.0, 0.0, 0.0, 0.0, 0.0, 0.0, 0.0, 0.0], [0.0, 0.0, 0.0, 0.0, 0.0, 0.0, 0.0, 0.0, 0.0, 0.0, 0.0, 0.0, 0.0, 0.0, 0.0, 0.0, 0.0, 0.0, 0.0, 0.0, 0.0, 0.0, 0.0, 0.0], [0.0, 0.0, 0.0, 0.0, 0.0, 0.0, 0.0, 0.0, 0.0, 0.0, 0.0, 0.0, 0.0, 0.0, 0.0, 0.0, 0.0, 0.0, 0.0, 0.0, 0.0, 0.0, 0.0, 0.0], [0.0, 0.0, 0.0, 0.0, 0.0, 0.0, 0.0, 0.0, 0.0, 0.0, 0.0, 0.0, 0.0, 0.0, 0.0, 0.0, 0.0, 0.0, 0.0, 0.0, 0.0, 0.0, 0.0, 0.0], [0.0, 0.0, 0.0, 0.0, 0.0, 0.0, 0.0, 0.0, 0.0, 0.0, 0.0, 0.0, 0.0, 0.0, 0.0, 0.0, 0.0, 0.0, 0.0, 0.0, 0.0, 0.0, 0.0, 0.0], [0.0, 0.0, 0.0, 0.0, 0.0, 0.0, 0.0, 0.0, 0.0, 0.0, 0.0, 0.0, 0.0, 0.0, 0.0, 0.0, 0.0, 0.0, 0.0, 0.0, 0.0, 0.0, 0.0, 0.0], [0.0, 0.0, 0.0, 0.0, 0.0, 0.0, 0.0, 0.0, 0.0, 0.0, 0.0, 0.0, 0.0, 0.0, 0.0, 0.0, 0.0, 0.0, 0.0, 0.0, 0.0, 0.0, 0.0, 0.0], [0.0, 0.0, 0.0, 0.0, 0.0, 0.0, 0.0, 0.0, 0.0, 0.0, 0.0, 0.0, 0.0, 0.0, 0.0, 0.0, 0.0, 0.0, 0.0, 0.0, 0.0, 0.0, 0.0, 0.0], [0.0, 0.0, 0.0, 0.0, 0.0, 0.0, 0.0, 0.0, 0.0, 0.0, 0.0, 0.0, 0.0, 0.0, 0.0, 0.0, 0.0, 0.0, 0.0, 0.0, 0.0, 0.0, 0.0, 0.0], [0.0, 0.0, 0.0, 0.0, 0.0, 0.0, 0.0, 0.0, 0.0, 0.0, 0.0, 0.0, 0.0, 0.0, 0.0, 0.0, 0.0, 0.0, 0.0, 0.0, 0.0, 0.0, 0.0, 0.0], [0.0, 0.0, 0.0, 0.0, 0.0, 0.0, 0.0, 0.0, 0.0, 0.0, 0.0, 0.0, 0.0, 0.0, 0.0, 0.0, 0.0, 0.0, 0.0, 0.0, 0.0, 0.0, 0.0, 0.0], [0.0, 0.0, 0.0, 0.0, 0.0, 0.0, 0.0, 0.0, 0.0, 0.0, 0.0, 0.0, 0.0, 0.0, 0.0, 0.0, 0.0, 0.0, 0.0, 0.0, 0.0, 0.0, 0.0, 0.0], [0.0, 0.0, 0.0, 0.0, 0.0, 0.0, 0.0, 0.0, 0.0, 0.0, 0.0, 0.0, 0.0, 0.0, 0.0, 0.0, 0.0, 0.0, 0.0, 0.0, 0.0, 0.0, 0.0, 0.0]]
        w_H = [[0.0, 0.0, 0.0, 0.0, 0.0, 0.0, 0.0, 0.0, 0.0, 0.0, 0.0, 0.0, 0.0, 0.0, 0.0, 0.0, 0.0, 0.0, 0.0, 0.0, 0.0, 0.0, 0.0, 0.0], [0.0, 0.0, 0.0, 0.0, 0.0, 0.0, 0.0, 0.0, 0.0, 0.0, 0.0, 0.0, 0.0, 0.0, 0.0, 0.0, 0.0, 0.0, 0.0, 0.0, 0.0, 0.0, 0.0, 0.0], [0.0, 0.0, 0.0, 0.0, 0.0, 0.0, 0.0, 0.0, 0.0, 0.0, 0.0, 0.0, 0.0, 0.0, 0.0, 0.0, 0.0, 0.0, 0.0, 0.0, 0.0, 0.0, 0.0, 0.0], [0.0, 0.0, 0.0, 0.0, 0.0, 0.0, 0.0, 0.0, 0.0, 0.0, 0.0, 0.0, 0.0, 0.0, 0.0, 0.0, 0.0, 0.0, 0.0, 0.0, 0.0, 0.0, 0.0, 0.0], [0.0, 0.0, 0.0, 0.0, 0.0, 0.0, 0.0, 0.0, 0.0, 0.0, 0.0, 0.0, 0.0, 0.0, 0.0, 0.0, 0.0, 0.0, 0.0, 0.0, 0.0, 0.0, 0.0, 0.0], [0.0, 0.0, 0.0, 0.0, 0.0, 0.0, 0.0, 0.0, 0.0, 0.0, 0.0, 0.0, 0.0, 0.0, 0.0, 0.0, 0.0, 0.0, 0.0, 0.0, 0.0, 0.0, 0.0, 0.0], [0.0, 0.0, 0.0, 0.0, 0.0, 0.0, 0.0, 0.0, 0.0, 0.0, 0.0, 0.0, 0.0, 0.0, 0.0, 0.0, 0.0, 0.0, 0.0, 0.0, 0.0, 0.0, 0.0, 0.0], [0.0, 0.0, 0.0, 0.0, 0.0, 0.0, 0.0, 0.0, 0.0, 0.0, 0.0, 0.0, 0.0, 0.0, 0.0, 0.0, 0.0, 0.0, 0.0, 0.0, 0.0, 0.0, 0.0, 0.0], [7.757254641076075, 8.17910535825691, 7.95027973480099, 7.688881291362321, 7.207241181650379, 16.550695817841792, 19.321443216139738, 22.6929761599191, 38.759588570998645, 33.20091614983549, 33.44307861828319, 35.00824736443147, 11.514328765840549, 11.539542547792788, 11.626300645118423, 16.30942249545865, 22.984974070093884, 40.85370584701598, 36.035454813770805, 33.021781561704586, 34.02449175805988, 23.777039208219175, 8.636893350461484, 25.275304423410716]]
        w_P = [[0.0, 0.0, 0.0, 0.0, 0.0, 0.0, 0.0, 0.0, 0.0, 0.0, 0.0, 0.0, 0.0, 0.0, 0.0, 0.0, 0.0, 0.0, 0.0, 0.0, 0.0, 0.0, 0.0, 0.0], [0.0, 0.0, 0.0, 0.0, 0.0, 0.0, 0.0, 0.0, 0.0, 0.0, 0.0, 0.0, 0.0, 0.0, 0.0, 0.0, 0.0, 0.0, 0.0, 0.0, 0.0, 0.0, 0.0, 0.0], [0.0, 0.0, 0.0, 0.0, 0.0, 0.0, 0.0, 0.0, 0.0, 0.0, 0.0, 0.0, 0.0, 0.0, 0.0, 0.0, 0.0, 0.0, 0.0, 0.0, 0.0, 0.0, 0.0, 0.0], [0.0, 0.0, 0.0, 0.0, 0.0, 0.0, 0.0, 0.0, 0.0, 0.0, 0.0, 0.0, 0.0, 0.0, 0.0, 0.0, 0.0, 0.0, 0.0, 0.0, 0.0, 0.0, 0.0, 0.0], [0.0, 0.0, 0.0, 0.0, 0.0, 0.0, 0.0, 0.0, 0.0, 0.0, 0.0, 0.0, 0.0, 0.0, 0.0, 0.0, 0.0, 0.0, 0.0, 0.0, 0.0, 0.0, 0.0, 0.0], [0.0, 0.0, 0.0, 0.0, 0.0, 0.0, 0.0, 0.0, 0.0, 0.0, 0.0, 0.0, 0.0, 0.0, 0.0, 0.0, 0.0, 0.0, 0.0, 0.0, 0.0, 0.0, 0.0, 0.0], [0.0, 0.0, 0.0, 0.0, 0.0, 0.0, 0.0, 0.0, 0.0, 0.0, 0.0, 0.0, 0.0, 0.0, 0.0, 0.0, 0.0, 0.0, 0.0, 0.0, 0.0, 0.0, 0.0, 0.0], [0.0, 0.0, 0.0, 0.0, 0.0, 0.0, 0.0, 0.0, 0.0, 0.0, 0.0, 0.0, 0.0, 0.0, 0.0, 0.0, 0.0, 0.0, 0.0, 0.0, 0.0, 0.0, 0.0, 0.0], [1.1875960052254442e-5, 1.1875960052254442e-5, 1.1875960052254442e-5, 1.1875960052254442e-5, 1.1875960052254442e-5, 1.1875960052254442e-5, 1.1875960052254442e-5, 1.1875960052254442e-5, 1.1875960052254442e-5, 1.1875960052254442e-5, 1.1875960052254442e-5, 1.1875960052254442e-5, 1.1875960052254442e-5, 1.1875960052254442e-5, 1.1875960052254442e-5, 1.1875960052254442e-5, 1.1875960052254442e-5, 1.1875960052254442e-5, 1.1875960052254442e-5, 1.1875960052254442e-5, 1.1875960052254442e-5, 1.1875960052254442e-5, 1.1875960052254442e-5, 1.1875960052254442e-5]]
        z_storage = [[0.0, 0.0, 0.0, 0.0, 0.0, 0.0, 0.0, 0.0, 0.0, 0.0, 0.0, 0.0, 0.0, 0.0, 0.0, 0.0, 0.0, 0.0, 0.0, 0.0, 0.0, 0.0, 0.0, 0.0], [0.0, 0.0, 0.0, 0.0, 0.0, 0.0, 0.0, 0.0, 0.0, 0.0, 0.0, 0.0, 0.0, 0.0, 0.0, 0.0, 0.0, 0.0, 0.0, 0.0, 0.0, 0.0, 0.0, 0.0], [0.0, 0.0, 0.0, 0.0, 0.0, 0.0, 0.0, 0.0, 0.0, 0.0, 0.0, 0.0, 0.0, 0.0, 0.0, 0.0, 0.0, 0.0, 0.0, 0.0, 0.0, 0.0, 0.0, 0.0], [0.0, 0.0, 0.0, 0.0, 0.0, 0.0, 0.0, 0.0, 0.0, 0.0, 0.0, 0.0, 0.0, 0.0, 0.0, 0.0, 0.0, 0.0, 0.0, 0.0, 0.0, 0.0, 0.0, 0.0], [0.0, 0.0, 0.0, 0.0, 0.0, 0.0, 0.0, 0.0, 0.0, 0.0, 0.0, 0.0, 0.0, 0.0, 0.0, 0.0, 0.0, 0.0, 0.0, 0.0, 0.0, 0.0, 0.0, 0.0], [0.0, 0.0, 0.0, 0.0, 0.0, 0.0, 0.0, 0.0, 0.0, 0.0, 0.0, 0.0, 0.0, 0.0, 0.0, 0.0, 0.0, 0.0, 0.0, 0.0, 0.0, 0.0, 0.0, 0.0], [0.0, 0.0, 0.0, 0.0, 0.0, 0.0, 0.0, 0.0, 0.0, 0.0, 0.0, 0.0, 0.0, 0.0, 0.0, 0.0, 0.0, 0.0, 0.0, 0.0, 0.0, 0.0, 0.0, 0.0], [0.0, 0.0, 0.0, 0.0, 0.0, 0.0, 0.0, 0.0, 0.0, 0.0, 0.0, 0.0, 0.0, 0.0, 0.0, 0.0, 0.0, 0.0, 0.0, 0.0, 0.0, 0.0, 0.0, 0.0], [0.0, 0.0, 0.0, 0.0, 0.0, 0.0, 0.0, 0.0, 0.0, 0.0, 0.0, 0.0, 0.0, 0.0, 0.0, 0.0, 0.0, 0.0, 0.0, 0.0, 0.0, 0.0, 0.0, 0.0], [0.0, 0.0, 0.0, 0.0, 0.0, 0.0, 0.0, 0.0, 0.0, 0.0, 0.0, 0.0, 0.0, 0.0, 0.0, 0.0, 0.0, 0.0, 0.0, 0.0, 0.0, 0.0, 0.0, 0.0], [0.0, 0.0, 0.0, 0.0, 0.0, 0.0, 0.0, 0.0, 0.0, 0.0, 0.0, 0.0, 0.0, 0.0, 0.0, 0.0, 0.0, 0.0, 0.0, 0.0, 0.0, 0.0, 0.0, 0.0], [0.0, 0.0, 0.0, 0.0, 0.0, 0.0, 0.0, 0.0, 0.0, 0.0, 0.0, 0.0, 0.0, 0.0, 0.0, 0.0, 0.0, 0.0, 0.0, 0.0, 0.0, 0.0, 0.0, 0.0], [0.0, 0.0, 0.0, 0.0, 0.0, 0.0, 0.0, 0.0, 0.0, 0.0, 0.0, 0.0, 0.0, 0.0, 0.0, 0.0, 0.0, 0.0, 0.0, 0.0, 0.0, 0.0, 0.0, 0.0]]

    [trace.candidate_validation]
    electric_original_pass = false
    failed_row_count = 742
    full_thermal_physics_certified = false
    heat_energy_mass_pass = false
    ledger_pass = true
    model_pass = false
    recomputed_objective_CNY = 663951.5536192942
    row_count = 42728
    system_cost_CNY = 663951.5536192942

    [trace.operator]
    actor = 1
    allocated_budget_sec = 2.047240100102499
    augmented_bound = 0.44968672479243654
    augmented_bound_excess = 0.0
    augmented_objective = 0.4496872668413374
    augmented_objective_at_primal = 0.44968726684137994
    augmented_relative_gap = 5.420489008756135e-7
    convex_fixed_mode = false
    cost = 639477.9459462041
    elapsed_sec = 1.3455288000404835
    input_sha256 = "0ccd3fc8cbec9eff35715615750f1961896dcec0dc7fb10c5c0a522594969fd3"
    message = [[-1.8655470214792256, -1.8243641609244021, -1.832624729050362, -1.8208198787404797, -1.8239634897031416, -2.300968528402807, -2.9189939372866007, -3.069269923072473, -1.7342479086141704, -0.5863085321688999, 0.13356899580398499, 0.47132802872349105, -0.037064467346522245, 0.0887433343764811, -0.43080189291953097, -1.320996509765879, -2.5040809998591986, -2.8876880720902434, -2.624844167388143, -2.242339354909832, -1.9752191380315822, -2.4062413618896077, -2.297743739875853, -2.273446819934181], [0.7231419071650529, 0.6876907122045798, 0.6643802350003853, 0.6525071636997556, 0.6759549034525214, 0.7497605556349425, 0.8670231207465411, 0.9962127767520601, 1.0805254487081581, 1.1280272371741533, 1.1520164056387583, 1.1079598899229524, 1.044099840300762, 1.009238481680448, 1.0443521735806593, 1.0888650103700483, 1.1359075324768375, 1.1510931418919528, 1.104730114799403, 1.0337193599279124, 0.9400486899287019, 0.875602319487717, 0.8171386957942558, 0.758208195217734], [0.24273707463641792, 0.24292692420012443, 0.17848416442790221, 0.11496751403400986, 0.2429229727527442, 0.7076475902058059, 1.2019360416964378, 1.5153562361093176, 1.1309682741550275, 0.6644905892206264, 0.5052350408893989, 0.4426858188054992, 0.35880352131420956, 0.16720935078289745, 0.16435992032783783, 0.47135889740679343, 0.9689431659384798, 1.2877289897599575, 0.9686696433785912, 0.5705074256054651, 0.4544447048012331, 0.24827712118693357, 0.1808419429481558, 0.3828840364315871], [0.025668721969121015, 0.025620264345962974, 0.025469829705075442, 0.02487560553966476, 0.025692868336577853, 0.004944861369043394, 0.000811879168203444, 0.0014474218850884838, 0.002637826633921377, 0.000556697219088397, 0.004997723492944517, 0.0001308049649715994, 0.015829889114531977, 0.020304113372263715, 0.017024465713268568, 0.00747389903413276, 0.0007102062318449096, 0.0016128245088557582, 0.0, 0.0012616466347621428, 0.0047694849517997745, 0.026429546993254078, 0.024755187244442478, 0.007771766983907727], [-1.4470201499101234, -1.4428517070036435, -1.4051649260388808, -1.3831779256408723, -1.4236169721381804, -1.166419192351014, -1.6611778396364754, -1.7547470272089094, -0.962077768758256, -0.36712442244321325, 0.1703705816538229, 0.37568477286739976, -0.09268292586788111, -0.10715089340442045, -0.49609885756962135, -0.9716967323528302, -1.769437891929376, -1.7359051085481134, -1.7785555969338784, -1.2714967954577074, -1.0289981539592472, -1.7854157712179233, -1.706018684802354, -1.5617549588938473], [0.8662888970778514, 0.8240125702458455, 0.79582418602895, 0.781727133385135, 0.8099142763925659, 0.9013352295426709, 1.041964963459956, 1.1967934941728673, 1.299742630210285, 1.356390699745014, 1.3841140441299105, 1.3306214836068468, 1.2548861459092604, 1.2132865617845805, 1.2537256371538557, 1.307142080501592, 1.363483064896829, 1.3839244163751332, 1.32795167583385, 1.2431493091938663, 1.1307368982365549, 1.0495449103557326, 0.979074199899489, 0.9085984143818432], [1.2910737360240077, 1.2905590051404907, 1.170614955930932, 1.037454123606726, 1.2881306543513653, 1.4841903054149326, 1.7668913879818895, 1.8352111402168296, 1.7378604749682751, 1.541805654006833, 1.3597183650516822, 1.376918457049596, 1.2015716075617877, 1.2023821929172822, 1.2070361840703128, 1.3113745213698296, 1.5805607194763602, 1.7734211601878025, 1.6989516646402745, 1.5187371003018242, 1.335166491558748, 1.3542744337413695, 1.287254600700823, 0.9890987675871276], [0.015512411377495362, 0.014407688446014819, 0.016238988880187905, 0.016029108212516442, 0.013768445174128011, 0.012208788006208261, 0.010187601162872208, 0.0068845210862330496, 0.004237884819986159, 0.0, 0.0037236139593300275, 0.0024775042526017713, 0.016358958036020572, 0.015293153526616912, 0.010753231862463644, 0.00791782147066086, 0.010948629966823374, 0.003338010119825805, 0.0, 2.6754578182561188e-6, 0.0009985283739894402, 0.018369289225797135, 0.010774900794397425, 0.010782021472674989], [-2.479413851287673, -2.3588352060295947, -2.2785054525486603, -2.238327164875886, -2.3187703751208364, -2.582572096417744, -2.8350637330752586, -2.827178931575665, -2.5271542437909944, -1.9379610478478366, -1.4182847938220875, -0.9267882985846861, -0.5877244820332925, -0.6170354753717671, -1.1877739904192262, -1.9486125393101392, -2.8595011753298687, -3.608436554715047, -3.8070423430861724, -3.5658697088538736, -3.244328703150294, -3.002181920546064, -2.801045431035148, -2.5935327602740434], [1.200836114550652, 1.1424361410763857, 1.1035312576729588, 1.0840707095987359, 1.1230318972397038, 1.2507952644030935, 1.4457315036445793, 1.6598508111533838, 1.8051522982767458, 1.8830157499570885, 1.9219147398642582, 1.8436819085181526, 1.737563154633249, 1.6791484508192909, 1.7376042517299966, 1.8155215753107872, 1.8934494489932836, 1.9220002635575582, 1.8438347608687207, 1.7270295403258709, 1.571301452642648, 1.454023072998754, 1.3566083070758708, 1.2623073924939057], [0.0, 0.0, 0.0, 0.0, 0.0, 0.0, 0.0, 0.0, 0.0, 0.0, 0.0, 0.0, 0.0, 0.0, 0.0, 0.0, 0.0, 0.0, 0.0, 0.0, 0.0, 0.0, 0.0, 0.0], [1.2092582202306668, 1.2081506010650207, 1.178270664430714, 1.1476385474341664, 1.2106820389414819, 1.3205624935307512, 1.441732366100471, 1.5004656407706776, 1.422816062304228, 1.3024096626737083, 1.2098644111659524, 1.1798281434270275, 1.1716864007769947, 1.1403173486689222, 1.1716471013670768, 1.258166975491454, 1.3758182928105767, 1.4515202002714458, 1.3933562952095606, 1.3026540454796742, 1.2402344270143875, 1.218225446233496, 1.2071304660068436, 1.1955484604603588], [-2.4792394606245844, -2.3589876422736578, -2.2782815937689436, -2.238310549204725, -2.318803052875063, -2.582774063365802, -2.983802536662028, -3.426812758502532, -3.726746897534929, -3.886726902620981, -3.9676908126006127, -3.806856541790164, -3.5874517199107427, -3.4665487430904807, -3.587676444496554, -3.7481716505288065, -3.908790658698151, -3.9677112839333613, -3.8068694135172927, -3.5648502401747897, -3.244169913821195, -3.001686467431666, -2.8005681590677955, -2.6008814238301428], [1.2007511016113297, 1.142509724817257, 1.1034215135912984, 1.0840636415546463, 1.1230475011632959, 1.2508945996952883, 1.4450509439540002, 1.6596755673179424, 1.8049458174110982, 1.8824276335586068, 1.9216403657848489, 1.8437361911252281, 1.7374822032796868, 1.6789261807157219, 1.7375909952739512, 1.8153223488431978, 1.8931137547592305, 1.9216503056719234, 1.8437510105546178, 1.7265338152586283, 1.5712264255728972, 1.4537785729508481, 1.356376119936235, 1.2596623320961542], [0.0, 0.0, 0.0, 0.0, 0.0, 0.0, 0.0, 0.0, 0.0, 0.0, 0.0, 0.0, 0.0, 0.0, 0.0, 0.0, 0.0, 0.0, 0.0, 0.0, 0.0, 0.0, 0.0, 0.0], [0.896223982814006, 0.8953768081193365, 0.8730264534780035, 0.850154005024928, 0.8972065967707378, 0.9756794798304687, 1.064760005461361, 1.1073788122012924, 1.0467493800567487, 0.9587010705157971, 0.889152884241317, 0.864401869637255, 0.8671573970435336, 0.8440310175389619, 0.8668288189389871, 0.9299539490813412, 1.0146247187759456, 1.0677359626064493, 1.0252341315706683, 0.9588488391694335, 0.9117754410650437, 0.8983458273211411, 0.894635241211318, 0.8742567793402641], [-0.9907615965592527, -0.9421995132654917, -0.9098627791362245, -0.89368969124311, -0.9260174664043564, -1.0221529633735795, -1.1839813103885393, -1.3620399169302755, -1.4702450231205852, -1.5349921318527389, -1.5672443039500015, -1.5026979972149235, -1.4267980091927392, -1.3782332895675125, -1.4267917694776457, -1.4914708712805278, -1.5562066150788136, -1.5673390547557742, -1.5026428646724914, -1.4056270915621871, -1.27636118658146, -1.2013297966873895, -1.1202985597276771, -1.0082232539917275], [0.47984720398467634, 0.45632979139450114, 0.4406669996008901, 0.43283323818560404, 0.4484907870181197, 0.4950544704139161, 0.5734283178553313, 0.6596660395131164, 0.7120758449914519, 0.7434306200263605, 0.7590510628750571, 0.7277916843422048, 0.6910297399893963, 0.6675060492887054, 0.6910299831270911, 0.722355388277481, 0.7537052635395474, 0.759096832250143, 0.7277631551034114, 0.680776264688103, 0.6181721478556398, 0.5818305836035343, 0.542585351499866, 0.4981051528457899], [0.0, 0.0, 0.0, 0.0, 0.0, 0.0, 0.0, 0.0, 0.0, 0.0, 0.0, 0.0, 0.0, 0.0, 0.0, 0.0, 0.0, 0.0, 0.0, 0.0, 0.0, 0.0, 0.0, 0.0], [2.469903624836538, 2.468055855085861, 2.4072761872678208, 2.3446144957633748, 2.4722669307197953, 2.7084267665267205, 2.9555356726706745, 3.077779536872319, 2.9362135403056033, 2.6887245540250357, 2.5018018416500545, 2.4422910662167236, 2.400181688812615, 2.3380603380591, 2.400290731778703, 2.58104295049054, 2.82658851864827, 2.995195899473459, 2.874893789629702, 2.688231591728499, 2.56368823230494, 2.509848359834721, 2.4664148617505854, 2.4685598348051996], [-2.451286270190721, -2.332113748192042, -2.252715354126256, -2.2128988024355976, -2.2924486527045116, -2.5533936561470196, -2.9509206711754423, -3.3880630295797656, -3.6848806334555237, -3.8435823317017657, -3.922913568736617, -3.763710177386191, -3.547077649421451, -3.4277677743658304, -3.5470601298526465, -3.7061298995432446, -3.8648900711185936, -3.9230405399706387, -3.7639633556560637, -3.5255868280393847, -3.207723950873969, -2.968178308058622, -2.769313416038834, -2.5607509003052256], [1.1872134421415965, 1.129494093124965, 1.0910404716067716, 1.0717559525362035, 1.1102836953934787, 1.2366626600319566, 1.4291961074578248, 1.6409138180491705, 1.7846642911558153, 1.8615318763593423, 1.8999537535059858, 1.8228378225104938, 1.7179280528033753, 1.6601306789568313, 1.7179211759428414, 1.7949633132156777, 1.8718516949817006, 1.9000152173663016, 1.8229706554336467, 1.707519659883522, 1.553572683030504, 1.4375543720496402, 1.3412397959990763, 1.2496182469122168], [0.0, 0.0, 0.0, 0.0, 0.0, 0.0, 0.0, 0.0, 0.0, 0.0, 0.0, 0.0, 0.0, 0.0, 0.0, 0.0, 0.0, 0.0, 0.0, 0.0, 0.0, 0.0, 0.0, 0.0], [0.6543912754657195, 0.654398934761093, 0.6361775606358255, 0.6192699209059106, 0.654348830307901, 0.7139424100376783, 0.7816567624855784, 0.8149459964614658, 0.7635715298911361, 0.6937945168730216, 0.642247010370816, 0.621000658505632, 0.6315489852048387, 0.6137930108597901, 0.6305255626654844, 0.6739632204145144, 0.7440712924703147, 0.7803741695800783, 0.7463213990085443, 0.6936578103183494, 0.6616085807460138, 0.6764282303167245, 0.6570615119814287, 0.6321141097746668], [-2.656208440603073, -2.527099261981912, -2.440908218243506, -2.398000102026847, -2.484024536764316, -2.768339495901129, -3.1986161788685696, -3.672143308011112, -3.9953158956482535, -4.1670918313370064, -4.253561601250074, -4.081187649612409, -3.8443727727003054, -3.715058101218582, -3.8443552486901345, -4.016592823453976, -4.188679153965516, -4.253628097029687, -4.081293951387992, -3.823088257176838, -3.4787231390668927, -3.215996075664723, -3.0006612419978516, -2.7799078447826346], [1.2864599953473936, 1.223929776184387, 1.1821865582646753, 1.161404096375495, 1.2030681240339873, 1.3407666056417578, 1.54916051690091, 1.7785001765623019, 1.935025702180377, 2.0182146826769998, 2.0600939052259943, 1.9765606672065548, 1.8619146168899638, 1.7993006857622937, 1.8619071580828652, 1.9453274252300923, 2.028669905233878, 2.0601260564096964, 1.9766608756987654, 1.8516061546216116, 1.6848245455940785, 1.5575779945932617, 1.4532866453259712, 1.3516614833443426], [0.0, 0.0, 0.0, 0.0, 0.0, 0.0, 0.0, 0.0, 0.0, 0.0, 0.0, 0.0, 0.0, 0.0, 0.0, 0.0, 0.0, 0.0, 0.0, 0.0, 0.0, 0.0, 0.0, 0.0], [0.33990682685710455, 0.34006705240232293, 0.331607935874925, 0.3219918593849238, 0.3395134617695403, 0.3713336164461219, 0.4057175251896258, 0.4235572946529673, 0.40216792527918604, 0.3682875152343096, 0.3432837026450657, 0.3348319952470761, 0.3284400627252581, 0.31968491385590675, 0.32671796410617576, 0.35264206283854826, 0.38733192968946734, 0.41085815636293044, 0.3934069376155667, 0.3684398782791029, 0.35206469598596096, 0.3511422400178441, 0.34001251590753656, 0.3352999258566474], [0.0, 0.0, 0.0, 0.0, 0.0, 0.0, 0.0, 0.0, 0.0, 0.0, 0.0, 0.0, 0.0, 0.0, 0.0, 0.0, 0.0, 0.0, 0.0, 0.0, 0.0, 0.0, 0.0, 0.0], [0.0, 0.0, 0.0, 0.0, 0.0, 0.0, 0.0, 0.0, 0.0, 0.0, 0.0, 0.0, 0.0, 0.0, 0.0, 0.0, 0.0, 0.0, 0.0, 0.0, 0.0, 0.0, 0.0, 0.0], [0.0, 0.0, 0.0, 0.0, 0.0, 0.0, 0.0, 0.0, 0.0, 0.0, 0.0, 0.0, 0.0, 0.0, 0.0, 0.0, 0.0, 0.0, 0.0, 0.0, 0.0, 0.0, 0.0, 0.0], [0.8961721261957223, 0.8953113069717886, 0.872719230440833, 0.8500757891928299, 0.8971544518496862, 0.9757343472436574, 1.0648666324931586, 1.1074027750756092, 1.0464710010073266, 0.9587809776111214, 0.8892714851957935, 0.8648557527646918, 0.8669727079830862, 0.8437736009573843, 0.8668138329801824, 0.9296986791658878, 1.0147049195011053, 1.067998075903734, 1.0257033776643303, 0.9589379119592208, 0.9118679738575641, 0.8983542751472388, 0.8946137871896382, 0.8742957795028979]]
    model_types = ["(JuMP.AffExpr, MathOptInterface.EqualTo{Float64})", "(JuMP.AffExpr, MathOptInterface.GreaterThan{Float64})", "(JuMP.AffExpr, MathOptInterface.LessThan{Float64})", "(Vector{JuMP.AffExpr}, MathOptInterface.SecondOrderCone)", "(Vector{JuMP.AffExpr}, MathOptInterface.RotatedSecondOrderCone)", "(JuMP.VariableRef, MathOptInterface.EqualTo{Float64})", "(JuMP.VariableRef, MathOptInterface.GreaterThan{Float64})", "(JuMP.VariableRef, MathOptInterface.LessThan{Float64})", "(JuMP.VariableRef, MathOptInterface.ZeroOne)"]
    primal_status = "FEASIBLE_POINT"
    solver = "Gurobi"
    solver_objective_report_error = -4.2521541843143495e-14
    solver_objective_report_pass = true
    status = "solved"
    termination = "OPTIMAL"

        [trace.operator.values]
        E = [[0.0, 0.0, 0.0, 0.0, 0.0, 0.0, 0.0, 0.0, 0.0, 0.0, 0.0, 0.0, 0.0, 0.0, 0.0, 0.0, 0.0, 0.0, 0.0, 0.0, 0.0, 0.0, 0.0, 0.0, 0.0], [0.0, 0.0, 0.0, 0.0, 0.0, 0.0, 0.0, 0.0, 0.0, 0.0, 0.0, 0.0, 0.0, 0.0, 0.0, 0.0, 0.0, 0.0, 0.0, 0.0, 0.0, 0.0, 0.0, 0.0, 0.0], [0.0, 0.0, 0.0, 0.0, 0.0, 0.0, 0.0, 0.0, 0.0, 0.0, 0.0, 0.0, 0.0, 0.0, 0.0, 0.0, 0.0, 0.0, 0.0, 0.0, 0.0, 0.0, 0.0, 0.0, 0.0], [0.0, 0.0, 0.0, 0.0, 0.0, 0.0, 0.0, 0.0, 0.0, 0.0, 0.0, 0.0, 0.0, 0.0, 0.0, 0.0, 0.0, 0.0, 0.0, 0.0, 0.0, 0.0, 0.0, 0.0, 0.0], [0.0, 0.0, 0.0, 0.0, 0.0, 0.0, 0.0, 0.0, 0.0, 0.0, 0.0, 0.0, 0.0, 0.0, 0.0, 0.0, 0.0, 0.0, 0.0, 0.0, 0.0, 0.0, 0.0, 0.0, 0.0], [0.0, 0.0, 0.0, 0.0, 0.0, 0.0, 0.0, 0.0, 0.0, 0.0, 0.0, 0.0, 0.0, 0.0, 0.0, 0.0, 0.0, 0.0, 0.0, 0.0, 0.0, 0.0, 0.0, 0.0, 0.0], [0.0, 0.0, 0.0, 0.0, 0.0, 0.0, 0.0, 0.0, 0.0, 0.0, 0.0, 0.0, 0.0, 0.0, 0.0, 0.0, 0.0, 0.0, 0.0, 0.0, 0.0, 0.0, 0.0, 0.0, 0.0], [0.0, 0.0, 0.0, 0.0, 0.0, 0.0, 0.0, 0.0, 0.0, 0.0, 0.0, 0.0, 0.0, 0.0, 0.0, 0.0, 0.0, 0.0, 0.0, 0.0, 0.0, 0.0, 0.0, 0.0, 0.0], [0.0, 0.0, 0.0, 0.0, 0.0, 0.0, 0.0, 0.0, 0.0, 0.0, 0.0, 0.0, 0.0, 0.0, 0.0, 0.0, 0.0, 0.0, 0.0, 0.0, 0.0, 0.0, 0.0, 0.0, 0.0], [0.0, 0.0, 0.0, 0.0, 0.0, 0.0, 0.0, 0.0, 0.0, 0.0, 0.0, 0.0, 0.0, 0.0, 0.0, 0.0, 0.0, 0.0, 0.0, 0.0, 0.0, 0.0, 0.0, 0.0, 0.0], [0.0, 0.0, 0.0, 0.0, 0.0, 0.0, 0.0, 0.0, 0.0, 0.0, 0.0, 0.0, 0.0, 0.0, 0.0, 0.0, 0.0, 0.0, 0.0, 0.0, 0.0, 0.0, 0.0, 0.0, 0.0], [0.0, 0.0, 0.0, 0.0, 0.0, 0.0, 0.0, 0.0, 0.0, 0.0, 0.0, 0.0, 0.0, 0.0, 0.0, 0.0, 0.0, 0.0, 0.0, 0.0, 0.0, 0.0, 0.0, 0.0, 0.0], [0.0, 0.0, 0.0, 0.0, 0.0, 0.0, 0.0, 0.0, 0.0, 0.0, 0.0, 0.0, 0.0, 0.0, 0.0, 0.0, 0.0, 0.0, 0.0, 0.0, 0.0, 0.0, 0.0, 0.0, 0.0]]
        F_E = [[25.0, 25.0, 25.0, 25.0, 25.0, 25.0, 25.0, 25.0, 25.0, 25.0, 25.0, 25.0, 25.0, 25.0, 25.0, 25.0, 25.0, 25.0, 25.0, 25.0, 25.0, 25.0, 25.0, 25.0], [18.0, 18.0, 18.0, 18.0, 18.0, 18.0, 18.0, 18.0, 18.0, 18.0, 18.0, 18.0, 18.0, 18.0, 18.0, 18.0, 18.0, 18.0, 18.0, 18.0, 18.0, 18.0, 18.0, 18.0], [5.0, 5.0, 5.0, 5.0, 5.0, 5.0, 5.0, 5.0, 5.0, 5.0, 5.0, 5.0, 5.0, 5.0, 5.0, 5.0, 5.0, 5.0, 5.0, 5.0, 5.0, 5.0, 5.0, 5.0], [4.0, 4.0, 4.0, 4.0, 4.0, 4.0, 4.0, 4.0, 4.0, 4.0, 4.0, 4.0, 4.0, 4.0, 4.0, 4.0, 4.0, 4.0, 4.0, 4.0, 4.0, 4.0, 4.0, 4.0], [3.0, 3.0, 3.0, 3.0, 3.0, 3.0, 3.0, 3.0, 3.0, 3.0, 3.0, 3.0, 3.0, 3.0, 3.0, 3.0, 3.0, 3.0, 3.0, 3.0, 3.0, 3.0, 3.0, 3.0], [2.0, 2.0, 2.0, 2.0, 2.0, 2.0, 2.0, 2.0, 2.0, 2.0, 2.0, 2.0, 2.0, 2.0, 2.0, 2.0, 2.0, 2.0, 2.0, 2.0, 2.0, 2.0, 2.0, 2.0], [1.0, 1.0, 1.0, 1.0, 1.0, 1.0, 1.0, 1.0, 1.0, 1.0, 1.0, 1.0, 1.0, 1.0, 1.0, 1.0, 1.0, 1.0, 1.0, 1.0, 1.0, 1.0, 1.0, 1.0], [7.0, 7.0, 7.0, 7.0, 7.0, 7.0, 7.0, 7.0, 7.0, 7.0, 7.0, 7.0, 7.0, 7.0, 7.0, 7.0, 7.0, 7.0, 7.0, 7.0, 7.0, 7.0, 7.0, 7.0], [6.0, 6.0, 6.0, 6.0, 6.0, 6.0, 6.0, 6.0, 6.0, 6.0, 6.0, 6.0, 6.0, 6.0, 6.0, 6.0, 6.0, 6.0, 6.0, 6.0, 6.0, 6.0, 6.0, 6.0], [5.0, 5.0, 5.0, 5.0, 5.0, 5.0, 5.0, 5.0, 5.0, 5.0, 5.0, 5.0, 5.0, 5.0, 5.0, 5.0, 5.0, 5.0, 5.0, 5.0, 5.0, 5.0, 5.0, 5.0], [4.0, 4.0, 4.0, 4.0, 4.0, 4.0, 4.0, 4.0, 4.0, 4.0, 4.0, 4.0, 4.0, 4.0, 4.0, 4.0, 4.0, 4.0, 4.0, 4.0, 4.0, 4.0, 4.0, 4.0], [1.0, 1.0, 1.0, 1.0, 1.0, 1.0, 1.0, 1.0, 1.0, 1.0, 1.0, 1.0, 1.0, 1.0, 1.0, 1.0, 1.0, 1.0, 1.0, 1.0, 1.0, 1.0, 1.0, 1.0], [2.0, 2.0, 2.0, 2.0, 2.0, 2.0, 2.0, 2.0, 2.0, 2.0, 2.0, 2.0, 2.0, 2.0, 2.0, 2.0, 2.0, 2.0, 2.0, 2.0, 2.0, 2.0, 2.0, 2.0], [1.0, 1.0, 1.0, 1.0, 1.0, 1.0, 1.0, 1.0, 1.0, 1.0, 1.0, 1.0, 1.0, 1.0, 1.0, 1.0, 1.0, 1.0, 1.0, 1.0, 1.0, 1.0, 1.0, 1.0], [9.0, 9.0, 9.0, 9.0, 9.0, 9.0, 9.0, 9.0, 9.0, 9.0, 9.0, 9.0, 9.0, 9.0, 9.0, 9.0, 9.0, 9.0, 9.0, 9.0, 9.0, 9.0, 9.0, 9.0], [2.0, 2.0, 2.0, 2.0, 2.0, 2.0, 2.0, 2.0, 2.0, 2.0, 2.0, 2.0, 2.0, 2.0, 2.0, 2.0, 2.0, 2.0, 2.0, 2.0, 2.0, 2.0, 2.0, 2.0], [1.0, 1.0, 1.0, 1.0, 1.0, 1.0, 1.0, 1.0, 1.0, 1.0, 1.0, 1.0, 1.0, 1.0, 1.0, 1.0, 1.0, 1.0, 1.0, 1.0, 1.0, 1.0, 1.0, 1.0], [6.0, 6.0, 6.0, 6.0, 6.0, 6.0, 6.0, 6.0, 6.0, 6.0, 6.0, 6.0, 6.0, 6.0, 6.0, 6.0, 6.0, 6.0, 6.0, 6.0, 6.0, 6.0, 6.0, 6.0], [2.0, 2.0, 2.0, 2.0, 2.0, 2.0, 2.0, 2.0, 2.0, 2.0, 2.0, 2.0, 2.0, 2.0, 2.0, 2.0, 2.0, 2.0, 2.0, 2.0, 2.0, 2.0, 2.0, 2.0], [1.0, 1.0, 1.0, 1.0, 1.0, 1.0, 1.0, 1.0, 1.0, 1.0, 1.0, 1.0, 1.0, 1.0, 1.0, 1.0, 1.0, 1.0, 1.0, 1.0, 1.0, 1.0, 1.0, 1.0], [3.0, 3.0, 3.0, 3.0, 3.0, 3.0, 3.0, 3.0, 3.0, 3.0, 3.0, 3.0, 3.0, 3.0, 3.0, 3.0, 3.0, 3.0, 3.0, 3.0, 3.0, 3.0, 3.0, 3.0], [1.0, 1.0, 1.0, 1.0, 1.0, 1.0, 1.0, 1.0, 1.0, 1.0, 1.0, 1.0, 1.0, 1.0, 1.0, 1.0, 1.0, 1.0, 1.0, 1.0, 1.0, 1.0, 1.0, 1.0], [1.0, 1.0, 1.0, 1.0, 1.0, 1.0, 1.0, 1.0, 1.0, 1.0, 1.0, 1.0, 1.0, 1.0, 1.0, 1.0, 1.0, 1.0, 1.0, 1.0, 1.0, 1.0, 1.0, 1.0], [3.0, 3.0, 3.0, 3.0, 3.0, 3.0, 3.0, 3.0, 3.0, 3.0, 3.0, 3.0, 3.0, 3.0, 3.0, 3.0, 3.0, 3.0, 3.0, 3.0, 3.0, 3.0, 3.0, 3.0], [1.0, 1.0, 1.0, 1.0, 1.0, 1.0, 1.0, 1.0, 1.0, 1.0, 1.0, 1.0, 1.0, 1.0, 1.0, 1.0, 1.0, 1.0, 1.0, 1.0, 1.0, 1.0, 1.0, 1.0], [1.0, 1.0, 1.0, 1.0, 1.0, 1.0, 1.0, 1.0, 1.0, 1.0, 1.0, 1.0, 1.0, 1.0, 1.0, 1.0, 1.0, 1.0, 1.0, 1.0, 1.0, 1.0, 1.0, 1.0], [2.0, 2.0, 2.0, 2.0, 2.0, 2.0, 2.0, 2.0, 2.0, 2.0, 2.0, 2.0, 2.0, 2.0, 2.0, 2.0, 2.0, 2.0, 2.0, 2.0, 2.0, 2.0, 2.0, 2.0], [1.0, 1.0, 1.0, 1.0, 1.0, 1.0, 1.0, 1.0, 1.0, 1.0, 1.0, 1.0, 1.0, 1.0, 1.0, 1.0, 1.0, 1.0, 1.0, 1.0, 1.0, 1.0, 1.0, 1.0], [2.0, 2.0, 2.0, 2.0, 2.0, 2.0, 2.0, 2.0, 2.0, 2.0, 2.0, 2.0, 2.0, 2.0, 2.0, 2.0, 2.0, 2.0, 2.0, 2.0, 2.0, 2.0, 2.0, 2.0], [1.0, 1.0, 1.0, 1.0, 1.0, 1.0, 1.0, 1.0, 1.0, 1.0, 1.0, 1.0, 1.0, 1.0, 1.0, 1.0, 1.0, 1.0, 1.0, 1.0, 1.0, 1.0, 1.0, 1.0], [2.0, 2.0, 2.0, 2.0, 2.0, 2.0, 2.0, 2.0, 2.0, 2.0, 2.0, 2.0, 2.0, 2.0, 2.0, 2.0, 2.0, 2.0, 2.0, 2.0, 2.0, 2.0, 2.0, 2.0], [1.0, 1.0, 1.0, 1.0, 1.0, 1.0, 1.0, 1.0, 1.0, 1.0, 1.0, 1.0, 1.0, 1.0, 1.0, 1.0, 1.0, 1.0, 1.0, 1.0, 1.0, 1.0, 1.0, 1.0], [5.0, 5.0, 5.0, 5.0, 5.0, 5.0, 5.0, 5.0, 5.0, 5.0, 5.0, 5.0, 5.0, 5.0, 5.0, 5.0, 5.0, 5.0, 5.0, 5.0, 5.0, 5.0, 5.0, 5.0], [4.0, 4.0, 4.0, 4.0, 4.0, 4.0, 4.0, 4.0, 4.0, 4.0, 4.0, 4.0, 4.0, 4.0, 4.0, 4.0, 4.0, 4.0, 4.0, 4.0, 4.0, 4.0, 4.0, 4.0], [1.0, 1.0, 1.0, 1.0, 1.0, 1.0, 1.0, 1.0, 1.0, 1.0, 1.0, 1.0, 1.0, 1.0, 1.0, 1.0, 1.0, 1.0, 1.0, 1.0, 1.0, 1.0, 1.0, 1.0], [2.0, 2.0, 2.0, 2.0, 2.0, 2.0, 2.0, 2.0, 2.0, 2.0, 2.0, 2.0, 2.0, 2.0, 2.0, 2.0, 2.0, 2.0, 2.0, 2.0, 2.0, 2.0, 2.0, 2.0], [1.0, 1.0, 1.0, 1.0, 1.0, 1.0, 1.0, 1.0, 1.0, 1.0, 1.0, 1.0, 1.0, 1.0, 1.0, 1.0, 1.0, 1.0, 1.0, 1.0, 1.0, 1.0, 1.0, 1.0], [6.0, 6.0, 6.0, 6.0, 6.0, 6.0, 6.0, 6.0, 6.0, 6.0, 6.0, 6.0, 6.0, 6.0, 6.0, 6.0, 6.0, 6.0, 6.0, 6.0, 6.0, 6.0, 6.0, 6.0], [5.0, 5.0, 5.0, 5.0, 5.0, 5.0, 5.0, 5.0, 5.0, 5.0, 5.0, 5.0, 5.0, 5.0, 5.0, 5.0, 5.0, 5.0, 5.0, 5.0, 5.0, 5.0, 5.0, 5.0], [4.0, 4.0, 4.0, 4.0, 4.0, 4.0, 4.0, 4.0, 4.0, 4.0, 4.0, 4.0, 4.0, 4.0, 4.0, 4.0, 4.0, 4.0, 4.0, 4.0, 4.0, 4.0, 4.0, 4.0], [1.0, 1.0, 1.0, 1.0, 1.0, 1.0, 1.0, 1.0, 1.0, 1.0, 1.0, 1.0, 1.0, 1.0, 1.0, 1.0, 1.0, 1.0, 1.0, 1.0, 1.0, 1.0, 1.0, 1.0], [2.0, 2.0, 2.0, 2.0, 2.0, 2.0, 2.0, 2.0, 2.0, 2.0, 2.0, 2.0, 2.0, 2.0, 2.0, 2.0, 2.0, 2.0, 2.0, 2.0, 2.0, 2.0, 2.0, 2.0], [1.0, 1.0, 1.0, 1.0, 1.0, 1.0, 1.0, 1.0, 1.0, 1.0, 1.0, 1.0, 1.0, 1.0, 1.0, 1.0, 1.0, 1.0, 1.0, 1.0, 1.0, 1.0, 1.0, 1.0], [0.0, 0.0, 0.0, 0.0, 0.0, 0.0, 0.0, 0.0, 0.0, 0.0, 0.0, 0.0, 0.0, 0.0, 0.0, 0.0, 0.0, 0.0, 0.0, 0.0, 0.0, 0.0, 0.0, 0.0], [0.0, 0.0, 0.0, 0.0, 0.0, 0.0, 0.0, 0.0, 0.0, 0.0, 0.0, 0.0, 0.0, 0.0, 0.0, 0.0, 0.0, 0.0, 0.0, 0.0, 0.0, 0.0, 0.0, 0.0], [0.0, 0.0, 0.0, 0.0, 0.0, 0.0, 0.0, 0.0, 0.0, 0.0, 0.0, 0.0, 0.0, 0.0, 0.0, 0.0, 0.0, 0.0, 0.0, 0.0, 0.0, 0.0, 0.0, 0.0], [0.0, 0.0, 0.0, 0.0, 0.0, 0.0, 0.0, 0.0, 0.0, 0.0, 0.0, 0.0, 0.0, 0.0, 0.0, 0.0, 0.0, 0.0, 0.0, 0.0, 0.0, 0.0, 0.0, 0.0]]
        F_H = [[1.0], [10.0], [4.0], [3.0], [1.0], [1.0], [5.0], [4.0], [3.0], [1.0], [1.0], [26.0], [8.0], [7.0], [6.0], [2.0], [1.0], [3.0], [2.0], [1.0], [17.0], [16.0], [15.0], [14.0], [1.0], [12.0], [6.0], [5.0], [4.0], [1.0], [2.0], [1.0], [5.0], [4.0], [3.0], [2.0], [1.0], [0.0], [0.0]]
        H_D = [[0.0, 0.0, 0.0, 0.0, 0.0, 0.0, 0.0, 0.0, 0.0, 0.0, 0.0, 0.0, 0.0, 0.0, 0.0, 0.0, 0.0, 0.0, 0.0, 0.0, 0.0, 0.0, 0.0, 0.0], [0.0, 0.0, 0.0, 0.0, 0.0, 0.0, 0.0, 0.0, 0.0, 0.0, 0.0, 0.0, 0.0, 0.0, 0.0, 0.0, 0.0, 0.0, 0.0, 0.0, 0.0, 0.0, 0.0, 0.0], [0.0, 0.0, 0.0, 0.0, 0.0, 0.0, 0.0, 0.0, 0.0, 0.0, 0.0, 0.0, 0.0, 0.0, 0.0, 0.0, 0.0, 0.0, 0.0, 0.0, 0.0, 0.0, 0.0, 0.0], [0.0, 0.0, 0.0, 0.0, 0.0, 0.0, 0.0, 0.0, 0.0, 0.0, 0.0, 0.0, 0.0, 0.0, 0.0, 0.0, 0.0, 0.0, 0.0, 0.0, 0.0, 0.0, 0.0, 0.0], [0.0, 0.0, 0.0, 0.0, 0.0, 0.0, 0.0, 0.0, 0.0, 0.0, 0.0, 0.0, 0.0, 0.0, 0.0, 0.0, 0.0, 0.0, 0.0, 0.0, 0.0, 0.0, 0.0, 0.0], [0.0, 0.0, 0.0, 0.0, 0.0, 0.0, 0.0, 0.0, 0.0, 0.0, 0.0, 0.0, 0.0, 0.0, 0.0, 0.0, 0.0, 0.0, 0.0, 0.0, 0.0, 0.0, 0.0, 0.0], [0.0, 0.0, 0.0, 0.0, 0.0, 0.0, 0.0, 0.0, 0.0, 0.0, 0.0, 0.0, 0.0, 0.0, 0.0, 0.0, 0.0, 0.0, 0.0, 0.0, 0.0, 0.0, 0.0, 0.0], [0.0, 0.0, 0.0, 0.0, 0.0, 0.0, 0.0, 0.0, 0.0, 0.0, 0.0, 0.0, 0.0, 0.0, 0.0, 0.0, 0.0, 0.0, 0.0, 0.0, 0.0, 0.0, 0.0, 0.0], [0.0, 0.0, 0.0, 0.0, 0.0, 0.0, 0.0, 0.0, 0.0, 0.0, 0.0, 0.0, 0.0, 0.0, 0.0, 0.0, 0.0, 0.0, 0.0, 0.0, 0.0, 0.0, 0.0, 0.0]]
        H_cons = [[0.0, 0.0, 0.0, 0.0, 0.0, 0.0, 0.0, 0.0, 0.0, 0.0, 0.0, 0.0, 0.0, 0.0, 0.0, 0.0, 0.0, 0.0, 0.0, 0.0, 0.0, 0.0, 0.0, 0.0], [0.0, 0.0, 0.0, 0.0, 0.0, 0.0, 0.0, 0.0, 0.0, 0.0, 0.0, 0.0, 0.0, 0.0, 0.0, 0.0, 0.0, 0.0, 0.0, 0.0, 0.0, 0.0, 0.0, 0.0], [0.0, 0.0, 0.0, 0.0, 0.0, 0.0, 0.0, 0.0, 0.0, 0.0, 0.0, 0.0, 0.0, 0.0, 0.0, 0.0, 0.0, 0.0, 0.0, 0.0, 0.0, 0.0, 0.0, 0.0], [0.0, 0.0, 0.0, 0.0, 0.0, 0.0, 0.0, 0.0, 0.0, 0.0, 0.0, 0.0, 0.0, 0.0, 0.0, 0.0, 0.0, 0.0, 0.0, 0.0, 0.0, 0.0, 0.0, 0.0], [0.0, 0.0, 0.0, 0.0, 0.0, 0.0, 0.0, 0.0, 0.0, 0.0, 0.0, 0.0, 0.0, 0.0, 0.0, 0.0, 0.0, 0.0, 0.0, 0.0, 0.0, 0.0, 0.0, 0.0], [0.0, 0.0, 0.0, 0.0, 0.0, 0.0, 0.0, 0.0, 0.0, 0.0, 0.0, 0.0, 0.0, 0.0, 0.0, 0.0, 0.0, 0.0, 0.0, 0.0, 0.0, 0.0, 0.0, 0.0], [0.0, 0.0, 0.0, 0.0, 0.0, 0.0, 0.0, 0.0, 0.0, 0.0, 0.0, 0.0, 0.0, 0.0, 0.0, 0.0, 0.0, 0.0, 0.0, 0.0, 0.0, 0.0, 0.0, 0.0], [0.0, 0.0, 0.0, 0.0, 0.0, 0.0, 0.0, 0.0, 0.0, 0.0, 0.0, 0.0, 0.0, 0.0, 0.0, 0.0, 0.0, 0.0, 0.0, 0.0, 0.0, 0.0, 0.0, 0.0], [0.0, 0.0, 0.0, 0.0, 0.0, 0.0, 0.0, 0.0, 0.0, 0.0, 0.0, 0.0, 0.0, 0.0, 0.0, 0.0, 0.0, 0.0, 0.0, 0.0, 0.0, 0.0, 0.0, 0.0], [0.0, 0.0, 0.0, 0.0, 0.0, 0.0, 0.0, 0.0, 0.0, 0.0, 0.0, 0.0, 0.0, 0.0, 0.0, 0.0, 0.0, 0.0, 0.0, 0.0, 0.0, 0.0, 0.0, 0.0], [0.0, 0.0, 0.0, 0.0, 0.0, 0.0, 0.0, 0.0, 0.0, 0.0, 0.0, 0.0, 0.0, 0.0, 0.0, 0.0, 0.0, 0.0, 0.0, 0.0, 0.0, 0.0, 0.0, 0.0], [0.0, 0.0, 0.0, 0.0, 0.0, 0.0, 0.0, 0.0, 0.0, 0.0, 0.0, 0.0, 0.0, 0.0, 0.0, 0.0, 0.0, 0.0, 0.0, 0.0, 0.0, 0.0, 0.0, 0.0], [0.0, 0.0, 0.0, 0.0, 0.0, 0.0, 0.0, 0.0, 0.0, 0.0, 0.0, 0.0, 0.0, 0.0, 0.0, 0.0, 0.0, 0.0, 0.0, 0.0, 0.0, 0.0, 0.0, 0.0]]
        H_gen = [[4.743935233962915, 4.738665615330122, 4.72858113637632, 4.724933787794248, 4.750505598645756, 4.799925624418539, 4.799843876156984, 4.8, 4.799999869212792, 4.8, 4.799999910483493, 4.799995727753708, 4.799991732931101, 4.799806945354986, 4.799999721931504, 4.799861389068772, 4.8, 4.799746416332137, 4.8, 4.799968277304288, 4.7999920523586885, 4.799870632515146, 4.7984426016666575, 4.797610754215997], [0.0, 0.0, 0.0, 0.0, 0.0, 0.0, 0.0, 0.0, 0.0, 0.0, 0.0, 0.0, 0.0, 0.0, 0.0, 0.0, 0.0, 0.0, 0.0, 0.0, 0.0, 0.0, 0.0, 0.0], [0.9999976253138027, 0.9999630429248287, 0.9999251276790423, 0.9999996977736775, 0.999821484523966, 0.9996964943529205, 0.9994110779714457, 1.0, 0.9992582107750331, 1.0, 0.9999950003430973, 0.9995551238584006, 0.9990212082028579, 0.9962576260716473, 0.999966458301083, 0.9986454949044982, 1.0, 0.9964143506243404, 1.0, 0.9970095948488527, 0.9952605641223317, 0.9999671466986135, 0.9996502180504275, 0.9998844921568915], [0.0, 0.0, 0.0, 0.0, 0.0, 0.0, 0.0, 0.0, 0.0, 0.0, 0.0, 0.0, 0.0, 0.0, 0.0, 0.0, 0.0, 0.0, 0.0, 0.0, 0.0, 0.0, 0.0, 0.0], [0.0, 0.0, 0.0, 0.0, 0.0, 0.0, 0.0, 0.0, 0.0, 0.0, 0.0, 0.0, 0.0, 0.0, 0.0, 0.0, 0.0, 0.0, 0.0, 0.0, 0.0, 0.0, 0.0, 0.0], [0.9999988982958938, 0.9999793000920297, 0.9998868432202083, 0.9999995867314259, 0.999958291268247, 0.99807812217758, 0.9998914387127913, 1.0, 0.9994836985163621, 0.8716641293090206, 0.6240997360341084, 0.46136804512011137, 0.6754933971583508, 0.6723067586120118, 0.8559448015220796, 0.9983246319849016, 1.0, 0.9980277596812263, 1.0, 0.9925173740992782, 0.9008489286825714, 0.9994592581321047, 0.9999144872262411, 0.9998560049749871], [0.0, 0.0, 0.0, 0.0, 0.0, 0.0, 0.0, 0.0, 0.0, 0.0, 0.0, 0.0, 0.0, 0.0, 0.0, 0.0, 0.0, 0.0, 0.0, 0.0, 0.0, 0.0, 0.0, 0.0], [0.0, 0.0, 0.0, 0.0, 0.0, 0.0, 0.0, 0.0, 0.0, 0.0, 0.0, 0.0, 0.0, 0.0, 0.0, 0.0, 0.0, 0.0, 0.0, 0.0, 0.0, 0.0, 0.0, 0.0], [0.0, 0.0, 0.0, 0.0, 0.0, 0.0, 0.0, 0.0, 0.0, 0.0, 0.0, 0.0, 0.0, 0.0, 0.0, 0.0, 0.0, 0.0, 0.0, 0.0, 0.0, 0.0, 0.0, 0.0], [0.0, 0.0, 0.0, 0.0, 0.0, 0.0, 0.0, 0.0, 0.0, 0.0, 0.0, 0.0, 0.0, 0.0, 0.0, 0.0, 0.0, 0.0, 0.0, 0.0, 0.0, 0.0, 0.0, 0.0], [0.0, 0.0, 0.0, 0.0, 0.0, 0.0, 0.0, 0.0, 0.0, 0.0, 0.0, 0.0, 0.0, 0.0, 0.0, 0.0, 0.0, 0.0, 0.0, 0.0, 0.0, 0.0, 0.0, 0.0], [0.0, 0.0, 0.0, 0.0, 0.0, 0.0, 0.0, 0.0, 0.0, 0.0, 0.0, 0.0, 0.0, 0.0, 0.0, 0.0, 0.0, 0.0, 0.0, 0.0, 0.0, 0.0, 0.0, 0.0], [0.0, 0.0, 0.0, 0.0, 0.0, 0.0, 0.0, 0.0, 0.0, 0.0, 0.0, 0.0, 0.0, 0.0, 0.0, 0.0, 0.0, 0.0, 0.0, 0.0, 0.0, 0.0, 0.0, 0.0]]
        H_minus_in = [[0.0, 0.0, 0.0, 0.0, 0.0, 0.0, 0.0, 0.0, 0.0, 0.0, 0.0, 0.0, 0.0, 0.0, 0.0, 0.0, 0.0, 0.0, 0.0, 0.0, 0.0, 0.0, 0.0, 0.0], [0.0, 0.0, 0.0, 0.0, 0.0, 0.0, 0.0, 0.0, 0.0, 0.0, 0.0, 0.0, 0.0, 0.0, 0.0, 0.0, 0.0, 0.0, 0.0, 0.0, 0.0, 0.0, 0.0, 0.0], [0.0, 0.0, 0.0, 0.0, 0.0, 0.0, 0.0, 0.0, 0.0, 0.0, 0.0, 0.0, 0.0, 0.0, 0.0, 0.0, 0.0, 0.0, 0.0, 0.0, 0.0, 0.0, 0.0, 0.0], [0.0, 0.0, 0.0, 0.0, 0.0, 0.0, 0.0, 0.0, 0.0, 0.0, 0.0, 0.0, 0.0, 0.0, 0.0, 0.0, 0.0, 0.0, 0.0, 0.0, 0.0, 0.0, 0.0, 0.0], [0.0, 0.0, 0.0, 0.0, 0.0, 0.0, 0.0, 0.0, 0.0, 0.0, 0.0, 0.0, 0.0, 0.0, 0.0, 0.0, 0.0, 0.0, 0.0, 0.0, 0.0, 0.0, 0.0, 0.0], [0.0, 0.0, 0.0, 0.0, 0.0, 0.0, 0.0, 0.0, 0.0, 0.0, 0.0, 0.0, 0.0, 0.0, 0.0, 0.0, 0.0, 0.0, 0.0, 0.0, 0.0, 0.0, 0.0, 0.0], [0.0, 0.0, 0.0, 0.0, 0.0, 0.4609551410245749, 0.9412432420580472, 1.2449612269696309, 0.8684495269331745, 0.42218630474693963, 0.27208973044068624, 0.21894075991926246, 0.12389271162268205, 0.0, 0.0, 0.23120407773071522, 0.7174187057853698, 1.0217019114499157, 0.7133220561239927, 0.3274981912282542, 0.21699429926150154, 0.0, 0.0, 0.15149801551519654], [0.054245801542760125, 0.054484108642796375, 0.0, 0.0, 0.05440755325623896, 0.526280177103958, 1.0111016114707636, 1.3170862630490139, 0.9383078963458908, 0.48751134082632275, 0.3340147665200694, 0.27973246266531226, 0.18355108103539852, 0.0, 0.0, 0.2942624471434317, 0.7850104085314196, 1.0926936141959656, 0.7820470922033759, 0.3928232273076373, 0.280052668674218, 0.055625023012107463, 0.0, 0.21228971826124635], [0.11492768337666477, 0.11516599047670102, 0.05314033203599401, 0.0, 0.1150894350901436, 0.5914953922711961, 1.080850159971335, 1.3891014782162519, 1.0080564448464622, 0.5527265559935608, 0.3958299816873074, 0.3404143444992169, 0.2430996295359698, 0.04929790138973749, 0.04746145193992527, 0.357210995644003, 0.8524922903653243, 1.1635754960298703, 0.8506623073706139, 0.4580384424748753, 0.3430012171747893, 0.11744023817934544, 0.053946086401093135, 0.272971600095151], [0.0, 0.0, 0.0, 0.0, 0.0, 0.0, 0.0, 0.0, 0.0, 0.0, 0.0, 0.0, 0.0, 0.0, 0.0, 0.0, 0.0, 0.0, 0.0, 0.0, 0.0, 0.0, 0.0, 0.0], [0.0, 0.0, 0.0, 0.0, 0.0, 0.0, 0.0, 0.0, 0.0, 0.0, 0.0, 0.0, 0.0, 0.0, 0.0, 0.0, 0.0, 0.0, 0.0, 0.0, 0.0, 0.0, 0.0, 0.0], [0.0, 0.0, 0.0, 0.0, 0.0, 0.0, 0.07035452191459862, 0.03882357868504202, 0.06850041749760075, 0.0, 0.0, 0.0, 0.0, 0.0, 0.0, 0.0, 0.0, 0.05194550119564194, 0.08642357868504222, 0.054554360623095766, 0.0, 0.0, 0.0, 0.0], [0.0, 0.0, 0.0, 0.0, 0.0, 0.0, 0.0, 0.0, 0.0, 0.0, 0.0, 0.0, 0.0, 0.0, 0.0, 0.0, 0.0, 0.0, 0.0, 0.0, 0.0, 0.0, 0.0, 0.0], [0.0, 0.0, 0.0, 0.0, 0.0, 0.0, 0.0, 0.0, 0.0, 0.0, 0.0, 0.0, 0.0, 0.0, 0.0, 0.0, 0.0, 0.0, 0.0, 0.0, 0.0, 0.0, 0.0, 0.0], [0.0, 0.0, 0.0, 0.0, 0.0, 0.0, 0.0, 0.0, 0.0, 0.0, 0.0, 0.0, 0.0, 0.0, 0.0, 0.0, 0.0, 0.0, 0.0, 0.0, 0.0, 0.0, 0.0, 0.0], [0.0, 0.0, 0.0, 0.0, 0.0, 0.0, 0.0, 0.0, 0.0, 0.0, 0.0, 0.0, 0.0, 0.0, 0.0, 0.0, 0.0, 0.0, 0.0, 0.0, 0.0, 0.0, 0.0, 0.0], [0.0, 0.0, 0.0, 0.0, 0.0, 0.0, 0.0, 0.0, 0.0, 0.0, 0.0, 0.0, 0.0, 0.0, 0.0, 0.0, 0.0, 0.0, 0.0, 0.0, 0.0, 0.0, 0.0, 0.0], [0.0, 0.0, 0.0, 0.0, 0.0, 0.0, 0.0, 0.0, 0.0, 0.0, 0.0, 0.0, 0.0, 0.0, 0.0, 0.0, 0.0, 0.0, 0.0, 0.0, 0.0, 0.0, 0.0, 0.0], [0.0, 0.0, 0.0, 0.0, 0.0, 0.0, 0.0, 0.0, 0.0, 0.0, 0.0, 0.0, 0.0, 0.0, 0.0, 0.0, 0.0, 0.0, 0.0, 0.0, 0.0, 0.0, 0.0, 0.0], [0.0, 0.0, 0.0, 0.0, 0.0, 0.0, 0.0, 0.0, 0.0, 0.0, 0.0, 0.0, 0.0, 0.0, 0.0, 0.0, 0.0, 0.0, 0.0, 0.0, 0.0, 0.0, 0.0, 0.0], [0.0, 0.0, 0.0, 0.0, 0.0, 0.0, 0.0, 0.0, 0.0, 0.0, 0.0, 0.0, 0.0, 0.0, 0.0, 0.0, 0.0, 0.0, 0.0, 0.0, 0.0, 0.0, 0.0, 0.0], [0.0, 0.0, 0.0, 0.0, 0.0, 0.0, 0.0, 0.0, 0.0, 0.0, 0.0, 0.0, 0.0, 0.0, 0.0, 0.0, 0.0, 0.0, 0.0, 0.0, 0.0, 0.0, 0.0, 0.0], [0.0, 0.0, 0.0, 0.0, 0.0, 0.0, 0.0, 0.0, 0.0, 0.0, 0.0, 0.0, 0.0, 0.0, 0.0, 0.0, 0.0, 0.0, 0.0, 0.0, 0.0, 0.0, 0.0, 0.0], [0.0, 0.0, 0.0, 0.0, 0.0, 0.0, 0.0, 0.0, 0.0, 0.0, 0.0, 0.0, 0.0, 0.0, 0.0, 0.0, 0.0, 0.0, 0.0, 0.0, 0.0, 0.0, 0.0, 0.0], [0.0, 0.0, 0.0, 0.0, 0.0, 0.0, 0.0, 0.0, 0.0, 0.0, 0.0, 0.0, 0.0, 0.0, 0.0, 0.0, 0.0, 0.0, 0.0, 0.0, 0.0, 0.0, 0.0, 0.0], [0.0, 0.0, 0.0, 0.0, 0.0, 0.0, 0.0, 0.0, 0.0, 0.0, 0.0, 0.0, 0.0, 0.0, 0.0, 0.0, 0.0, 0.0, 0.0, 0.0, 0.0, 0.0, 0.0, 0.0], [0.0, 0.0, 0.0, 0.0, 0.0, 0.0, 0.0, 0.0, 0.0, 0.0, 0.0, 0.0, 0.0, 0.0, 0.0, 0.0, 0.0, 0.0, 0.0, 0.0, 0.0, 0.0, 0.0, 0.0], [0.0, 0.0, 0.0, 0.0, 0.0, 0.0, 0.0, 0.0, 0.0, 0.0, 0.0, 0.0, 0.0, 0.0, 0.0, 0.0, 0.0, 0.0, 0.0, 0.0, 0.0, 0.0, 0.0, 0.0], [0.0, 0.0, 0.0, 0.0, 0.0, 0.0, 0.0, 0.0, 0.0, 0.0, 0.0, 0.0, 0.0, 0.0, 0.0, 0.0, 0.0, 0.0, 0.0, 0.0, 0.0, 0.0, 0.0, 0.0], [0.0, 0.0, 0.0, 0.0, 0.0, 0.0, 0.0, 0.0, 0.0, 0.0, 0.0, 0.0, 0.0, 0.0, 0.0, 0.0, 0.0, 0.0, 0.0, 0.0, 0.0, 0.0, 0.0, 0.0], [0.0, 0.0, 0.0, 0.0, 0.0, 0.0, 0.0, 0.0, 0.0, 0.0, 0.0, 0.0, 0.0, 0.0, 0.0, 0.0, 0.0, 0.0, 0.0, 0.0, 0.0, 0.0, 0.0, 0.0], [0.0, 0.0, 0.0, 0.0, 0.0, 0.0, 0.0, 0.0, 0.0, 0.0, 0.0, 0.0, 0.0, 0.0, 0.0, 0.0, 0.0, 0.0, 0.0, 0.0, 0.0, 0.0, 0.0, 0.0], [0.0, 0.0, 0.0, 0.0, 0.0, 0.0, 0.0, 0.0, 0.0, 0.0, 0.0, 0.0, 0.0, 0.0, 0.0, 0.0, 0.0, 0.0, 0.0, 0.0, 0.0, 0.0, 0.0, 0.0], [0.0, 0.0, 0.0, 0.0, 0.0, 0.0, 0.0, 0.0, 0.0, 0.0, 0.0, 0.0, 0.0, 0.0, 0.0, 0.0, 0.0, 0.0, 0.0, 0.0, 0.0, 0.0, 0.0, 0.0], [0.0, 0.0, 0.0, 0.0, 0.0, 0.0, 0.0, 0.0, 0.0, 0.0, 0.0, 0.0, 0.0, 0.0, 0.0, 0.0, 0.0, 0.0, 0.0, 0.0, 0.0, 0.0, 0.0, 0.0], [0.0, 0.0, 0.0, 0.0, 0.0, 0.0, 0.0, 0.0, 0.0, 0.0, 0.0, 0.0, 0.0, 0.0, 0.0, 0.0, 0.0, 0.0, 0.0, 0.0, 0.0, 0.0, 0.0, 0.0], [0.0, 0.0, 0.0, 0.0, 0.0, 0.0, 0.0, 0.0, 0.0, 0.0, 0.0, 0.0, 0.0, 0.0, 0.0, 0.0, 0.0, 0.0, 0.0, 0.0, 0.0, 0.0, 0.0, 0.0], [0.0, 0.0, 0.0, 0.0, 0.0, 0.0, 0.0, 0.0, 0.0, 0.0, 0.0, 0.0, 0.0, 0.0, 0.0, 0.0, 0.0, 0.0, 0.0, 0.0, 0.0, 0.0, 0.0, 0.0], [0.0, 0.0, 0.0, 0.0, 0.0, 0.0, 0.0, 0.0, 0.0, 0.0, 0.0, 0.0, 0.0, 0.0, 0.0, 0.0, 0.0, 0.0, 0.0, 0.0, 0.0, 0.0, 0.0, 0.0]]
        H_minus_out = [[0.0, 0.0, 0.0, 0.0, 0.0, 0.0, 0.0, 0.0, 0.0, 0.0, 0.0, 0.0, 0.0, 0.0, 0.0, 0.0, 0.0, 0.0, 0.0, 0.0, 0.0, 0.0, 0.0, 0.0], [0.0, 0.0, 0.0, 0.0, 0.0, 0.0, 0.0, 0.0, 0.0, 0.0, 0.0, 0.0, 0.0, 0.0, 0.0, 0.0, 0.0, 0.0, 0.0, 0.0, 0.0, 0.0, 0.0, 0.0], [0.0, 0.0, 0.0, 0.0, 0.0, 0.0, 0.0, 0.0, 0.0, 0.0, 0.0, 0.0, 0.0, 0.0, 0.0, 0.0, 0.0, 0.0, 0.0, 0.0, 0.0, 0.0, 0.0, 0.0], [0.0, 0.0, 0.0, 0.0, 0.0, 0.0, 0.0, 0.0, 0.0, 0.0, 0.0, 0.0, 0.0, 0.0, 0.0, 0.0, 0.0, 0.0, 0.0, 0.0, 0.0, 0.0, 0.0, 0.0], [0.0, 0.0, 0.0, 0.0, 0.0, 0.0, 0.0, 0.0, 0.0, 0.0, 0.0, 0.0, 0.0, 0.0, 0.0, 0.0, 0.0, 0.0, 0.0, 0.0, 0.0, 0.0, 0.0, 0.0], [0.0, 0.0, 0.0, 0.0, 0.0, 0.0, 0.0, 0.0, 0.0, 0.0, 0.0, 0.0, 0.0, 0.0, 0.0, 0.0, 0.0, 0.0, 0.0, 0.0, 0.0, 0.0, 0.0, 0.0], [0.0, 0.0, 0.0, 0.0, 0.0, 0.44538820736554446, 0.9256763083990167, 1.2293942933106004, 0.852882593274144, 0.4066193710879092, 0.2565227967816558, 0.203373826260232, 0.1083257779636516, 0.0, 0.0, 0.21563714407168477, 0.7018517721263393, 1.0061349777908852, 0.6977551224649622, 0.31193125756922374, 0.2014273656024711, 0.0, 0.0, 0.1359310818561661], [0.03878743213004368, 0.03902573923007993, 0.0, 0.0, 0.038949183843522514, 0.5108218076912416, 0.9956432420580472, 1.3016278936362975, 0.9228495269331745, 0.4720529714136063, 0.31855639710735295, 0.2642740932525958, 0.16809271162268208, 0.0, 0.0, 0.27880407773071525, 0.7695520391187032, 1.0772352447832492, 0.7665887227906594, 0.37736485789492086, 0.2645942992615016, 0.04016665359939102, 0.0, 0.1968313488485299], [0.09957913487609349, 0.09981744197612974, 0.037791783535422736, 0.0, 0.09974088658957232, 0.5761468437706248, 1.0655016114707636, 1.3737529297156805, 0.9927078963458909, 0.5373780074929895, 0.3804814331867361, 0.32506579599864566, 0.22775108103539854, 0.033949352889166215, 0.032112903439353996, 0.3418624471434317, 0.8371437418647529, 1.148226947529299, 0.8353137588700426, 0.442689893974304, 0.32765266867421805, 0.10209168967877416, 0.03859753790052186, 0.2576230515945797], [0.0, 0.0, 0.0, 0.0, 0.0, 0.0, 0.0, 0.0, 0.0, 0.0, 0.0, 0.0, 0.0, 0.0, 0.0, 0.0, 0.0, 0.0, 0.0, 0.0, 0.0, 0.0, 0.0, 0.0], [0.0, 0.0, 0.0, 0.0, 0.0, 0.0, 0.0, 0.0, 0.0, 0.0, 0.0, 0.0, 0.0, 0.0, 0.0, 0.0, 0.0, 0.0, 0.0, 0.0, 0.0, 0.0, 0.0, 0.0], [0.0, 0.0, 0.0, 0.0, 0.0, 0.0, 0.04904398362784848, 0.01751304039829185, 0.047189879210850605, 0.0, 0.0, 0.0, 0.0, 0.0, 0.0, 0.0, 0.0, 0.030634962908891786, 0.06511304039829208, 0.03324382233634562, 0.0, 0.0, 0.0, 0.0], [0.0, 0.0, 0.0, 0.0, 0.0, 0.0, 0.0, 0.0, 0.0, 0.0, 0.0, 0.0, 0.0, 0.0, 0.0, 0.0, 0.0, 0.0, 0.0, 0.0, 0.0, 0.0, 0.0, 0.0], [0.0, 0.0, 0.0, 0.0, 0.0, 0.0, 0.0, 0.0, 0.0, 0.0, 0.0, 0.0, 0.0, 0.0, 0.0, 0.0, 0.0, 0.0, 0.0, 0.0, 0.0, 0.0, 0.0, 0.0], [0.0, 0.0, 0.0, 0.0, 0.0, 0.0, 0.0, 0.0, 0.0, 0.0, 0.0, 0.0, 0.0, 0.0, 0.0, 0.0, 0.0, 0.0, 0.0, 0.0, 0.0, 0.0, 0.0, 0.0], [0.0, 0.0, 0.0, 0.0, 0.0, 0.0, 0.0, 0.0, 0.0, 0.0, 0.0, 0.0, 0.0, 0.0, 0.0, 0.0, 0.0, 0.0, 0.0, 0.0, 0.0, 0.0, 0.0, 0.0], [0.0, 0.0, 0.0, 0.0, 0.0, 0.0, 0.0, 0.0, 0.0, 0.0, 0.0, 0.0, 0.0, 0.0, 0.0, 0.0, 0.0, 0.0, 0.0, 0.0, 0.0, 0.0, 0.0, 0.0], [0.0, 0.0, 0.0, 0.0, 0.0, 0.0, 0.0, 0.0, 0.0, 0.0, 0.0, 0.0, 0.0, 0.0, 0.0, 0.0, 0.0, 0.0, 0.0, 0.0, 0.0, 0.0, 0.0, 0.0], [0.0, 0.0, 0.0, 0.0, 0.0, 0.0, 0.0, 0.0, 0.0, 0.0, 0.0, 0.0, 0.0, 0.0, 0.0, 0.0, 0.0, 0.0, 0.0, 0.0, 0.0, 0.0, 0.0, 0.0], [0.0, 0.0, 0.0, 0.0, 0.0, 0.0, 0.0, 0.0, 0.0, 0.0, 0.0, 0.0, 0.0, 0.0, 0.0, 0.0, 0.0, 0.0, 0.0, 0.0, 0.0, 0.0, 0.0, 0.0], [0.0, 0.0, 0.0, 0.0, 0.0, 0.0, 0.0, 0.0, 0.0, 0.0, 0.0, 0.0, 0.0, 0.0, 0.0, 0.0, 0.0, 0.0, 0.0, 0.0, 0.0, 0.0, 0.0, 0.0], [0.0, 0.0, 0.0, 0.0, 0.0, 0.0, 0.0, 0.0, 0.0, 0.0, 0.0, 0.0, 0.0, 0.0, 0.0, 0.0, 0.0, 0.0, 0.0, 0.0, 0.0, 0.0, 0.0, 0.0], [0.0, 0.0, 0.0, 0.0, 0.0, 0.0, 0.0, 0.0, 0.0, 0.0, 0.0, 0.0, 0.0, 0.0, 0.0, 0.0, 0.0, 0.0, 0.0, 0.0, 0.0, 0.0, 0.0, 0.0], [0.0, 0.0, 0.0, 0.0, 0.0, 0.0, 0.0, 0.0, 0.0, 0.0, 0.0, 0.0, 0.0, 0.0, 0.0, 0.0, 0.0, 0.0, 0.0, 0.0, 0.0, 0.0, 0.0, 0.0], [0.0, 0.0, 0.0, 0.0, 0.0, 0.0, 0.0, 0.0, 0.0, 0.0, 0.0, 0.0, 0.0, 0.0, 0.0, 0.0, 0.0, 0.0, 0.0, 0.0, 0.0, 0.0, 0.0, 0.0], [0.0, 0.0, 0.0, 0.0, 0.0, 0.0, 0.0, 0.0, 0.0, 0.0, 0.0, 0.0, 0.0, 0.0, 0.0, 0.0, 0.0, 0.0, 0.0, 0.0, 0.0, 0.0, 0.0, 0.0], [0.0, 0.0, 0.0, 0.0, 0.0, 0.0, 0.0, 0.0, 0.0, 0.0, 0.0, 0.0, 0.0, 0.0, 0.0, 0.0, 0.0, 0.0, 0.0, 0.0, 0.0, 0.0, 0.0, 0.0], [0.0, 0.0, 0.0, 0.0, 0.0, 0.0, 0.0, 0.0, 0.0, 0.0, 0.0, 0.0, 0.0, 0.0, 0.0, 0.0, 0.0, 0.0, 0.0, 0.0, 0.0, 0.0, 0.0, 0.0], [0.0, 0.0, 0.0, 0.0, 0.0, 0.0, 0.0, 0.0, 0.0, 0.0, 0.0, 0.0, 0.0, 0.0, 0.0, 0.0, 0.0, 0.0, 0.0, 0.0, 0.0, 0.0, 0.0, 0.0], [0.0, 0.0, 0.0, 0.0, 0.0, 0.0, 0.0, 0.0, 0.0, 0.0, 0.0, 0.0, 0.0, 0.0, 0.0, 0.0, 0.0, 0.0, 0.0, 0.0, 0.0, 0.0, 0.0, 0.0], [0.0, 0.0, 0.0, 0.0, 0.0, 0.0, 0.0, 0.0, 0.0, 0.0, 0.0, 0.0, 0.0, 0.0, 0.0, 0.0, 0.0, 0.0, 0.0, 0.0, 0.0, 0.0, 0.0, 0.0], [0.0, 0.0, 0.0, 0.0, 0.0, 0.0, 0.0, 0.0, 0.0, 0.0, 0.0, 0.0, 0.0, 0.0, 0.0, 0.0, 0.0, 0.0, 0.0, 0.0, 0.0, 0.0, 0.0, 0.0], [0.0, 0.0, 0.0, 0.0, 0.0, 0.0, 0.0, 0.0, 0.0, 0.0, 0.0, 0.0, 0.0, 0.0, 0.0, 0.0, 0.0, 0.0, 0.0, 0.0, 0.0, 0.0, 0.0, 0.0], [0.0, 0.0, 0.0, 0.0, 0.0, 0.0, 0.0, 0.0, 0.0, 0.0, 0.0, 0.0, 0.0, 0.0, 0.0, 0.0, 0.0, 0.0, 0.0, 0.0, 0.0, 0.0, 0.0, 0.0], [0.0, 0.0, 0.0, 0.0, 0.0, 0.0, 0.0, 0.0, 0.0, 0.0, 0.0, 0.0, 0.0, 0.0, 0.0, 0.0, 0.0, 0.0, 0.0, 0.0, 0.0, 0.0, 0.0, 0.0], [0.0, 0.0, 0.0, 0.0, 0.0, 0.0, 0.0, 0.0, 0.0, 0.0, 0.0, 0.0, 0.0, 0.0, 0.0, 0.0, 0.0, 0.0, 0.0, 0.0, 0.0, 0.0, 0.0, 0.0], [0.0, 0.0, 0.0, 0.0, 0.0, 0.0, 0.0, 0.0, 0.0, 0.0, 0.0, 0.0, 0.0, 0.0, 0.0, 0.0, 0.0, 0.0, 0.0, 0.0, 0.0, 0.0, 0.0, 0.0], [0.0, 0.0, 0.0, 0.0, 0.0, 0.0, 0.0, 0.0, 0.0, 0.0, 0.0, 0.0, 0.0, 0.0, 0.0, 0.0, 0.0, 0.0, 0.0, 0.0, 0.0, 0.0, 0.0, 0.0], [0.0, 0.0, 0.0, 0.0, 0.0, 0.0, 0.0, 0.0, 0.0, 0.0, 0.0, 0.0, 0.0, 0.0, 0.0, 0.0, 0.0, 0.0, 0.0, 0.0, 0.0, 0.0, 0.0, 0.0]]
        H_plus_in = [[2.4867310912768694, 2.4848833215261923, 2.424103653708152, 2.361441962203706, 2.4890943971601267, 2.725254232967052, 2.972363139111006, 3.0946070033126505, 2.9530410067459347, 2.705552020465367, 2.518629308090386, 2.459118532657055, 2.4170091552529462, 2.3548878044994312, 2.4171181982190344, 2.5978704169308715, 2.8434159850886016, 3.0120233659137905, 2.8917212560700336, 2.7050590581688305, 2.5805156987452715, 2.5266758262750524, 2.483242328190917, 2.485387301245531], [3.226820267155001, 3.2237663457651435, 3.205302970000722, 3.184144057057682, 3.2300472732708876, 3.0432412131192073, 2.87593579835496, 2.722906037085641, 2.8934069524472696, 3.0299254420613786, 2.9382190879554293, 2.908765042055221, 2.9971438302812157, 3.107584352780254, 3.1922552549421077, 3.1120355616548463, 2.9267492613099493, 2.814772363672483, 2.9733917843282587, 3.1251626386260454, 3.0723035786311907, 3.2432455976877446, 3.2825270292991187, 3.0112230397077293], [3.1375034335739214, 3.134687819770457, 3.057598785456505, 2.979184112624963, 3.140892191601608, 3.4168920896395587, 3.725341441510336, 3.87376299862758, 3.6700188806149705, 3.3648074813806272, 3.126404552245582, 3.044934869742308, 3.039398943105536, 2.9594377375963123, 3.0388721905329135, 3.258202040770292, 3.5545970350009606, 3.7435033428939004, 3.59600957502456, 3.3653565655436197, 3.2042602791836625, 3.1530413192305646, 3.132228598765246, 3.079950123164594], [1.9099649134245633, 1.9082569187867446, 1.8610478211070998, 1.8132652652721053, 1.9119298527414346, 2.078049296190116, 2.2653287754911737, 2.355017057938211, 2.228922518392051, 2.0441175187882274, 1.8982598411609382, 1.846826426396589, 1.8494322424098497, 1.8008400890086989, 1.8489447892471451, 1.9817547653601466, 2.1604984422716926, 2.273702842703763, 2.184372979896308, 2.044422220145254, 1.9457455522505835, 1.9165355730783769, 1.9068178328397105, 1.8661213627855435], [0.051070334670655325, 0.051070334670655325, 0.04993700133732199, 0.04880366800398866, 0.051070334670655325, 0.05560366800398866, 0.060137001337322, 0.062403668003988666, 0.060137001337322, 0.05560366800398866, 0.05220366800398866, 0.051070334670655325, 0.04993700133732199, 0.04880366800398866, 0.04993700133732199, 0.05333700133732199, 0.05787033467065533, 0.06127033467065533, 0.05900366800398866, 0.05560366800398866, 0.05333700133732199, 0.05220366800398866, 0.051070334670655325, 0.051070334670655325], [0.051070334670655325, 0.051070334670655325, 0.04993700133732199, 0.04880366800398866, 0.051070334670655325, 0.05560366800398866, 0.060137001337322, 0.062403668003988666, 0.060137001337322, 0.05560366800398866, 0.05220366800398866, 0.051070334670655325, 0.04993700133732199, 0.04880366800398866, 0.04993700133732199, 0.05333700133732199, 0.05787033467065533, 0.06127033467065533, 0.05900366800398866, 0.05560366800398866, 0.05333700133732199, 0.05220366800398866, 0.051070334670655325, 0.051070334670655325], [0.022112834862320133, 0.021874527762283883, 0.08163351953632422, 0.14002261239875669, 0.0219510831488413, 0.0, 0.0, 0.0, 0.0, 0.0, 0.0, 0.0, 0.0, 0.08320928351591407, 0.08731239963239296, 0.0, 0.0, 0.0, 0.0, 0.0, 0.0, 0.021866946726306128, 0.08309443183789175, 0.0], [0.0, 0.0, 0.02186658587729374, 0.08138901207305954, 0.0, 0.0, 0.0, 0.0, 0.0, 0.0, 0.0, 0.0, 0.0, 0.024575683190216926, 0.02754546597336248, 0.0, 0.0, 0.0, 0.0, 0.0, 0.0, 0.0, 0.02219416484552795, 0.0], [0.0, 0.0, 0.0, 0.0228639759936764, 0.0, 0.0, 0.0, 0.0, 0.0, 0.0, 0.0, 0.0, 0.0, 0.0, 0.0, 0.0, 0.0, 0.0, 0.0, 0.0, 0.0, 0.0, 0.0, 0.0], [0.051070334670655325, 0.051070334670655325, 0.04993700133732199, 0.04880366800398866, 0.051070334670655325, 0.05560366800398866, 0.060137001337322, 0.062403668003988666, 0.060137001337322, 0.05560366800398866, 0.05220366800398866, 0.051070334670655325, 0.04993700133732199, 0.04880366800398866, 0.04993700133732199, 0.05333700133732199, 0.05787033467065533, 0.06127033467065533, 0.05900366800398866, 0.05560366800398866, 0.05333700133732199, 0.05220366800398866, 0.051070334670655325, 0.051070334670655325], [0.051070334670655325, 0.051070334670655325, 0.04993700133732199, 0.04880366800398866, 0.051070334670655325, 0.05560366800398866, 0.060137001337322, 0.062403668003988666, 0.060137001337322, 0.05560366800398866, 0.05220366800398866, 0.051070334670655325, 0.04993700133732199, 0.04880366800398866, 0.04993700133732199, 0.05333700133732199, 0.05787033467065533, 0.06127033467065533, 0.05900366800398866, 0.05560366800398866, 0.05333700133732199, 0.05220366800398866, 0.051070334670655325, 0.051070334670655325], [0.03038150026584591, 0.029978991375124456, 0.09909964053926221, 0.17934746576454413, 0.03118541256347583, 0.031126674822266533, 0.0, 0.0, 0.0, 0.06452253747325457, 0.3431465132860337, 0.4316672767634034, 0.38485995552334146, 0.33359241435326825, 0.19059272735436816, 0.08860090568569576, 0.029834753601450208, 0.0, 0.0, 0.0, 0.1424333391555479, 0.029916355313605994, 0.032323461638105934, 0.30088490549341923], [0.42101623463691873, 0.42101623463691873, 0.41194956797025206, 0.4028829013035854, 0.42101623463691873, 0.4572829013035854, 0.4935495679702521, 0.5116829013035855, 0.4935495679702521, 0.4572829013035854, 0.4300829013035854, 0.42101623463691873, 0.41194956797025206, 0.4028829013035854, 0.41194956797025206, 0.43914956797025206, 0.4754162346369188, 0.5026162346369187, 0.4844829013035854, 0.4572829013035854, 0.43914956797025206, 0.4300829013035854, 0.42101623463691873, 0.42101623463691873], [0.3665397143586513, 0.3665397143586513, 0.35860638102531794, 0.3506730476919846, 0.3665397143586513, 0.3982730476919846, 0.43000638102531796, 0.44587304769198466, 0.43000638102531796, 0.3982730476919846, 0.3744730476919846, 0.3665397143586513, 0.35860638102531794, 0.3506730476919846, 0.35860638102531794, 0.3824063810253179, 0.4141397143586513, 0.4379397143586513, 0.4220730476919846, 0.3982730476919846, 0.3824063810253179, 0.3744730476919846, 0.3665397143586513, 0.3665397143586513], [0.3123727689688566, 0.3123727689688566, 0.30557276896885655, 0.2987727689688565, 0.3123727689688566, 0.3395727689688566, 0.3667727689688566, 0.3803727689688566, 0.3667727689688566, 0.3395727689688566, 0.31917276896885655, 0.3123727689688566, 0.30557276896885655, 0.2987727689688565, 0.30557276896885655, 0.3259727689688565, 0.3531727689688566, 0.37357276896885655, 0.35997276896885655, 0.3395727689688566, 0.3259727689688565, 0.31917276896885655, 0.3123727689688566, 0.3123727689688566], [0.10300076683449595, 0.10300076683449595, 0.10073410016782929, 0.09846743350116262, 0.10300076683449595, 0.11206743350116262, 0.12113410016782929, 0.12566743350116263, 0.12113410016782929, 0.11206743350116262, 0.10526743350116262, 0.10300076683449595, 0.10073410016782929, 0.09846743350116262, 0.10073410016782929, 0.10753410016782929, 0.11660076683449595, 0.12340076683449595, 0.11886743350116262, 0.11206743350116262, 0.10753410016782929, 0.10526743350116262, 0.10300076683449595, 0.10300076683449595], [0.051070334670655325, 0.051070334670655325, 0.04993700133732199, 0.04880366800398866, 0.051070334670655325, 0.05560366800398866, 0.060137001337322, 0.062403668003988666, 0.060137001337322, 0.05560366800398866, 0.05220366800398866, 0.051070334670655325, 0.04993700133732199, 0.04880366800398866, 0.04993700133732199, 0.05333700133732199, 0.05787033467065533, 0.06127033467065533, 0.05900366800398866, 0.05560366800398866, 0.05333700133732199, 0.05220366800398866, 0.051070334670655325, 0.051070334670655325], [0.1555423184498825, 0.1555423184498825, 0.1521423184498825, 0.14874231844988248, 0.1555423184498825, 0.1691423184498825, 0.1827423184498825, 0.1895423184498825, 0.1827423184498825, 0.1691423184498825, 0.1589423184498825, 0.1555423184498825, 0.1521423184498825, 0.14874231844988248, 0.1521423184498825, 0.16234231844988248, 0.1759423184498825, 0.1861423184498825, 0.1793423184498825, 0.1691423184498825, 0.16234231844988248, 0.1589423184498825, 0.1555423184498825, 0.1555423184498825], [0.10300076683449595, 0.10300076683449595, 0.10073410016782929, 0.09846743350116262, 0.10300076683449595, 0.11206743350116262, 0.12113410016782929, 0.12566743350116263, 0.12113410016782929, 0.11206743350116262, 0.10526743350116262, 0.10300076683449595, 0.10073410016782929, 0.09846743350116262, 0.10073410016782929, 0.10753410016782929, 0.11660076683449595, 0.12340076683449595, 0.11886743350116262, 0.11206743350116262, 0.10753410016782929, 0.10526743350116262, 0.10300076683449595, 0.10300076683449595], [0.051070334670655325, 0.051070334670655325, 0.04993700133732199, 0.04880366800398866, 0.051070334670655325, 0.05560366800398866, 0.060137001337322, 0.062403668003988666, 0.060137001337322, 0.05560366800398866, 0.05220366800398866, 0.051070334670655325, 0.04993700133732199, 0.04880366800398866, 0.04993700133732199, 0.05333700133732199, 0.05787033467065533, 0.06127033467065533, 0.05900366800398866, 0.05560366800398866, 0.05333700133732199, 0.05220366800398866, 0.051070334670655325, 0.051070334670655325], [0.5427202923047655, 0.5422981852101496, 0.6215263775024685, 0.7120869462389677, 0.5434835975747222, 0.5007446907428028, 0.38158734882794176, 0.39282685334470574, 0.3830337130485092, 0.4077265605252729, 0.4693861430631402, 0.4053752156265126, 0.5828932464246898, 0.5386390667082775, 0.5690774226194455, 0.5788654314136076, 0.48097464734444784, 0.38793269051533297, 0.37582685334470567, 0.43081344550592937, 0.5352221615811171, 0.5315155071887074, 0.5445778426073452, 0.8130808042114185], [0.47798570067720625, 0.4775635935825904, 0.5579251192082426, 0.6496190212780751, 0.47874900594716296, 0.4314767657819102, 0.3077860905337158, 0.31675892838381314, 0.30923245475428324, 0.3384586355643803, 0.4035182181022476, 0.34064062399895334, 0.5192919881304638, 0.47617114174738495, 0.5054761643252196, 0.5118641731193816, 0.4094400557168886, 0.3129980988877737, 0.30315892838381314, 0.36154552054503675, 0.46822090328689114, 0.4656475822278149, 0.479843250979786, 0.7483462125838592], [0.41332818231183177, 0.4129060752172159, 0.49440093417620146, 0.5872281695793673, 0.4140914875817885, 0.3622859140832023, 0.23406190550167463, 0.24076807668510528, 0.23550826972224206, 0.2692677838656725, 0.33772736640353973, 0.27598310563357886, 0.4557678030984227, 0.4137802900486771, 0.4419519792931784, 0.44493998808734037, 0.33798253735151407, 0.2381405805223992, 0.2305680766851053, 0.29235466884632894, 0.40129671825484997, 0.39985673052910703, 0.4151857326144115, 0.6836886942184848], [0.34874819284022884, 0.34832608574561297, 0.43095427803793185, 0.524914846774431, 0.34951149811018556, 0.293172591278266, 0.16041524936340504, 0.164854753880169, 0.16186161358397247, 0.20015446106073626, 0.2720140435986034, 0.2114031161619759, 0.3923211469601531, 0.3514669672437408, 0.3785053231549088, 0.37809333194907074, 0.2666025478799111, 0.16336059105079626, 0.158054753880169, 0.22324134604139265, 0.33445006211658035, 0.3341434077241707, 0.35060574314280857, 0.6191087047468818], [0.051070334670655325, 0.051070334670655325, 0.04993700133732199, 0.04880366800398866, 0.051070334670655325, 0.05560366800398866, 0.060137001337322, 0.062403668003988666, 0.060137001337322, 0.05560366800398866, 0.05220366800398866, 0.051070334670655325, 0.04993700133732199, 0.04880366800398866, 0.04993700133732199, 0.05333700133732199, 0.05787033467065533, 0.06127033467065533, 0.05900366800398866, 0.05560366800398866, 0.05333700133732199, 0.05220366800398866, 0.051070334670655325, 0.051070334670655325], [0.2331758612674694, 0.23275375417285346, 0.31764861313183906, 0.4138758485350048, 0.23393916653742605, 0.16853359303883989, 0.026709584457312245, 0.026615755640742887, 0.028155948677879693, 0.07551546282131012, 0.15417504535917728, 0.09583078458921647, 0.27901548205406024, 0.24042796900431468, 0.26519965824881603, 0.25798766704297793, 0.13743021630715166, 0.02738825947803681, 0.026615755640742887, 0.09860234780196651, 0.21434439721048756, 0.21630440948474458, 0.23503341157004906, 0.5035363731741224], [0.9308124408998489, 0.9308201001952224, 0.9069320594032882, 0.8843577530067067, 0.9307699957420305, 1.0130302421384745, 1.1034112612530411, 1.148033828562262, 1.0853260286585988, 0.9928823489738176, 0.924334842471612, 0.8974218239397614, 0.9023034839723014, 0.8788808429605862, 0.9012800614329471, 0.9617177191819771, 1.0544924579044441, 1.1077953350142078, 1.0624092311093403, 0.9927456424191453, 0.9493630795134765, 0.9585160624175205, 0.9334826774155581, 0.9085352752087962], [0.873403040037696, 0.8734106993330695, 0.8506559918744686, 0.8292150188112204, 0.8733605948798775, 0.9510875079429881, 1.0369351937242215, 1.0792910943667757, 1.0188499611297792, 0.9309396147783313, 0.8657921082761257, 0.8400124230776085, 0.8460274164434818, 0.8237381087650999, 0.8450039939041275, 0.9020416516531575, 0.9902830570422911, 1.0401859341520547, 0.9970664969138541, 0.9308029082236591, 0.8896870119846569, 0.8999733282220342, 0.8760732765534052, 0.8511258743466432], [0.2071058487082795, 0.2071058487082795, 0.20257251537494617, 0.19803918204161283, 0.2071058487082795, 0.22523918204161283, 0.24337251537494617, 0.25243918204161286, 0.24337251537494617, 0.22523918204161283, 0.21163918204161283, 0.2071058487082795, 0.20257251537494617, 0.19803918204161283, 0.20257251537494617, 0.21617251537494617, 0.2343058487082795, 0.2479058487082795, 0.23883918204161284, 0.22523918204161283, 0.21617251537494617, 0.21163918204161283, 0.2071058487082795, 0.2071058487082795], [0.051070334670655325, 0.051070334670655325, 0.04993700133732199, 0.04880366800398866, 0.051070334670655325, 0.05560366800398866, 0.060137001337322, 0.062403668003988666, 0.060137001337322, 0.05560366800398866, 0.05220366800398866, 0.051070334670655325, 0.04993700133732199, 0.04880366800398866, 0.04993700133732199, 0.05333700133732199, 0.05787033467065533, 0.06127033467065533, 0.05900366800398866, 0.05560366800398866, 0.05333700133732199, 0.05220366800398866, 0.051070334670655325, 0.051070334670655325], [0.10300076683449595, 0.10300076683449595, 0.10073410016782929, 0.09846743350116262, 0.10300076683449595, 0.11206743350116262, 0.12113410016782929, 0.12566743350116263, 0.12113410016782929, 0.11206743350116262, 0.10526743350116262, 0.10300076683449595, 0.10073410016782929, 0.09846743350116262, 0.10073410016782929, 0.10753410016782929, 0.11660076683449595, 0.12340076683449595, 0.11886743350116262, 0.11206743350116262, 0.10753410016782929, 0.10526743350116262, 0.10300076683449595, 0.10300076683449595], [0.051070334670655325, 0.051070334670655325, 0.04993700133732199, 0.04880366800398866, 0.051070334670655325, 0.05560366800398866, 0.060137001337322, 0.062403668003988666, 0.060137001337322, 0.05560366800398866, 0.05220366800398866, 0.051070334670655325, 0.04993700133732199, 0.04880366800398866, 0.04993700133732199, 0.05333700133732199, 0.05787033467065533, 0.06127033467065533, 0.05900366800398866, 0.05560366800398866, 0.05333700133732199, 0.05220366800398866, 0.051070334670655325, 0.051070334670655325], [0.5589134910507794, 0.5590737165959977, 0.5460812667352665, 0.5319318569119319, 0.5585201259632151, 0.60847361397313, 0.6609908560499672, 0.6878972921799754, 0.6574412561395275, 0.6054275127613177, 0.5668237001720738, 0.5538386594407508, 0.5429133935855995, 0.5296249113829149, 0.5411912949665172, 0.5807153936988897, 0.6335385938831422, 0.6706648205566053, 0.6441469351425748, 0.6055798758061111, 0.5801380268463024, 0.5746822375448523, 0.5590191801012113, 0.5543065900503222], [0.20857706565301073, 0.20857706565301073, 0.2040437323196774, 0.19951039898634404, 0.20857706565301073, 0.22671039898634407, 0.2448437323196774, 0.25391039898634404, 0.2448437323196774, 0.22671039898634407, 0.21311039898634407, 0.20857706565301073, 0.2040437323196774, 0.19951039898634404, 0.2040437323196774, 0.21764373231967737, 0.23577706565301074, 0.24937706565301074, 0.24031039898634407, 0.22671039898634407, 0.21764373231967737, 0.21311039898634407, 0.20857706565301073, 0.20857706565301073], [0.1555423184498825, 0.1555423184498825, 0.1521423184498825, 0.14874231844988248, 0.1555423184498825, 0.1691423184498825, 0.1827423184498825, 0.1895423184498825, 0.1827423184498825, 0.1691423184498825, 0.1589423184498825, 0.1555423184498825, 0.1521423184498825, 0.14874231844988248, 0.1521423184498825, 0.16234231844988248, 0.1759423184498825, 0.1861423184498825, 0.1793423184498825, 0.1691423184498825, 0.16234231844988248, 0.1589423184498825, 0.1555423184498825, 0.1555423184498825], [0.10300076683449595, 0.10300076683449595, 0.10073410016782929, 0.09846743350116262, 0.10300076683449595, 0.11206743350116262, 0.12113410016782929, 0.12566743350116263, 0.12113410016782929, 0.11206743350116262, 0.10526743350116262, 0.10300076683449595, 0.10073410016782929, 0.09846743350116262, 0.10073410016782929, 0.10753410016782929, 0.11660076683449595, 0.12340076683449595, 0.11886743350116262, 0.11206743350116262, 0.10753410016782929, 0.10526743350116262, 0.10300076683449595, 0.10300076683449595], [0.051070334670655325, 0.051070334670655325, 0.04993700133732199, 0.04880366800398866, 0.051070334670655325, 0.05560366800398866, 0.060137001337322, 0.062403668003988666, 0.060137001337322, 0.05560366800398866, 0.05220366800398866, 0.051070334670655325, 0.04993700133732199, 0.04880366800398866, 0.04993700133732199, 0.05333700133732199, 0.05787033467065533, 0.06127033467065533, 0.05900366800398866, 0.05560366800398866, 0.05333700133732199, 0.05220366800398866, 0.051070334670655325, 0.051070334670655325], [0.0, 0.0, 0.0, 0.0, 0.0, 0.0, 0.0, 0.0, 0.0, 0.0, 0.0, 0.0, 0.0, 0.0, 0.0, 0.0, 0.0, 0.0, 0.0, 0.0, 0.0, 0.0, 0.0, 0.0], [0.0, 0.0, 0.0, 0.0, 0.0, 0.0, 0.0, 0.0, 0.0, 0.0, 0.0, 0.0, 0.0, 0.0, 0.0, 0.0, 0.0, 0.0, 0.0, 0.0, 0.0, 0.0, 0.0, 0.0]]
        H_plus_out = [[2.469903624836538, 2.468055855085861, 2.4072761872678208, 2.3446144957633748, 2.4722669307197953, 2.7084267665267205, 2.9555356726706745, 3.077779536872319, 2.9362135403056033, 2.6887245540250357, 2.5018018416500545, 2.4422910662167236, 2.400181688812615, 2.3380603380591, 2.400290731778703, 2.58104295049054, 2.82658851864827, 2.995195899473459, 2.874893789629702, 2.688231591728499, 2.56368823230494, 2.509848359834721, 2.4664148617505854, 2.4685598348051996], [3.2049496020530066, 3.2018956806631493, 3.183432304898728, 3.162273391955688, 3.2081766081688934, 3.021370548017213, 2.854065133252966, 2.7010353719836466, 2.8715362873452754, 3.0080547769593844, 2.916348422853435, 2.8868943769532267, 2.9752731651792215, 3.08571368767826, 3.1703845898401135, 3.090164896552852, 2.904878596207955, 2.7929016985704886, 2.9515211192262645, 3.103291973524051, 3.0504329135291965, 3.2213749325857504, 3.2606563641971245, 2.989352374605735], [3.11922313365523, 3.1164075198517653, 3.0393184855378137, 2.9609038127062717, 3.1226118916829164, 3.398611789720867, 3.7070611415916446, 3.8554826987088884, 3.651738580696279, 3.3465271814619357, 3.1081242523268906, 3.0266545698236165, 3.0211186431868446, 2.941157437677621, 3.020591890614222, 3.2399217408516003, 3.536316735082269, 3.725223042975209, 3.5777292751058685, 3.347076265624928, 3.185979979264971, 3.134761019311873, 3.1139482988465543, 3.0616698232459023], [1.8945367787712317, 1.892828784133413, 1.8456196864537682, 1.7978371306187737, 1.896501718088103, 2.0626211615367844, 2.249900640837842, 2.339588923284879, 2.2134943837387193, 2.028689384134896, 1.8828317065076066, 1.8313982917432574, 1.8340041077565181, 1.7854119543553673, 1.8335166545938135, 1.966326630706815, 2.145070307618361, 2.2582747080504313, 2.1689448452429763, 2.0289940854919224, 1.930317417597252, 1.9011074384250453, 1.891389698186379, 1.850693228132212], [0.045333333333333364, 0.045333333333333364, 0.04420000000000003, 0.0430666666666667, 0.045333333333333364, 0.0498666666666667, 0.05440000000000004, 0.056666666666666705, 0.05440000000000004, 0.0498666666666667, 0.0464666666666667, 0.045333333333333364, 0.04420000000000003, 0.0430666666666667, 0.04420000000000003, 0.04760000000000003, 0.05213333333333337, 0.05553333333333337, 0.0532666666666667, 0.0498666666666667, 0.04760000000000003, 0.0464666666666667, 0.045333333333333364, 0.045333333333333364], [0.045333333333333364, 0.045333333333333364, 0.04420000000000003, 0.0430666666666667, 0.045333333333333364, 0.0498666666666667, 0.05440000000000004, 0.056666666666666705, 0.05440000000000004, 0.0498666666666667, 0.0464666666666667, 0.045333333333333364, 0.04420000000000003, 0.0430666666666667, 0.04420000000000003, 0.04760000000000003, 0.05213333333333337, 0.05553333333333337, 0.0532666666666667, 0.0498666666666667, 0.04760000000000003, 0.0464666666666667, 0.045333333333333364, 0.045333333333333364], [0.0065459012032896835, 0.006307594103253433, 0.06606658587729378, 0.12445567873972624, 0.00638414948981085, 0.0, 0.0, 0.0, 0.0, 0.0, 0.0, 0.0, 0.0, 0.06764234985688362, 0.07174546597336251, 0.0, 0.0, 0.0, 0.0, 0.0, 0.0, 0.006300013067275678, 0.0675274981788613, 0.0], [0.0, 0.0, 0.006408216464577295, 0.0659306426603431, 0.0, 0.0, 0.0, 0.0, 0.0, 0.0, 0.0, 0.0, 0.0, 0.009117313777500483, 0.012087096560646035, 0.0, 0.0, 0.0, 0.0, 0.0, 0.0, 0.0, 0.006735795432811505, 0.0], [0.0, 0.0, 0.0, 0.007515427493105124, 0.0, 0.0, 0.0, 0.0, 0.0, 0.0, 0.0, 0.0, 0.0, 0.0, 0.0, 0.0, 0.0, 0.0, 0.0, 0.0, 0.0, 0.0, 0.0, 0.0], [0.045333333333333364, 0.045333333333333364, 0.04420000000000003, 0.0430666666666667, 0.045333333333333364, 0.0498666666666667, 0.05440000000000004, 0.056666666666666705, 0.05440000000000004, 0.0498666666666667, 0.0464666666666667, 0.045333333333333364, 0.04420000000000003, 0.0430666666666667, 0.04420000000000003, 0.04760000000000003, 0.05213333333333337, 0.05553333333333337, 0.0532666666666667, 0.0498666666666667, 0.04760000000000003, 0.0464666666666667, 0.045333333333333364, 0.045333333333333364], [0.045333333333333364, 0.045333333333333364, 0.04420000000000003, 0.0430666666666667, 0.045333333333333364, 0.0498666666666667, 0.05440000000000004, 0.056666666666666705, 0.05440000000000004, 0.0498666666666667, 0.0464666666666667, 0.045333333333333364, 0.04420000000000003, 0.0430666666666667, 0.04420000000000003, 0.04760000000000003, 0.05213333333333337, 0.05553333333333337, 0.0532666666666667, 0.0498666666666667, 0.04760000000000003, 0.0464666666666667, 0.045333333333333364, 0.045333333333333364], [0.009070961979095762, 0.008668453088374307, 0.07778910225251207, 0.158036927477794, 0.009874874276725683, 0.009816136535516384, 0.0, 0.0, 0.0, 0.04321199918650442, 0.3218359749992835, 0.4103567384766532, 0.3635494172365913, 0.3122818760665181, 0.16928218906761802, 0.06729036739894562, 0.00852421531470006, 0.0, 0.0, 0.0, 0.12112280086879776, 0.008605817026855846, 0.011012923351355786, 0.27957436720666906], [0.41187304769198463, 0.41187304769198463, 0.40280638102531796, 0.3937397143586513, 0.41187304769198463, 0.4481397143586513, 0.484406381025318, 0.5025397143586514, 0.484406381025318, 0.4481397143586513, 0.4209397143586513, 0.41187304769198463, 0.40280638102531796, 0.3937397143586513, 0.40280638102531796, 0.43000638102531796, 0.4662730476919847, 0.49347304769198463, 0.4753397143586513, 0.4481397143586513, 0.43000638102531796, 0.4209397143586513, 0.41187304769198463, 0.41187304769198463], [0.3577061023021899, 0.3577061023021899, 0.34977276896885656, 0.3418394356355232, 0.3577061023021899, 0.38943943563552325, 0.4211727689688566, 0.4370394356355233, 0.4211727689688566, 0.38943943563552325, 0.3656394356355232, 0.3577061023021899, 0.34977276896885656, 0.3418394356355232, 0.34977276896885656, 0.3735727689688565, 0.40530610230218994, 0.42910610230218993, 0.41323943563552323, 0.38943943563552325, 0.3735727689688565, 0.3656394356355232, 0.3577061023021899, 0.3577061023021899], [0.30387641861771186, 0.30387641861771186, 0.29707641861771183, 0.2902764186177118, 0.30387641861771186, 0.33107641861771187, 0.35827641861771187, 0.37187641861771187, 0.35827641861771187, 0.33107641861771187, 0.31067641861771184, 0.30387641861771186, 0.29707641861771183, 0.2902764186177118, 0.29707641861771183, 0.3174764186177118, 0.34467641861771187, 0.36507641861771184, 0.35147641861771184, 0.33107641861771187, 0.3174764186177118, 0.31067641861771184, 0.30387641861771186, 0.30387641861771186], [0.0964036680039887, 0.0964036680039887, 0.09413700133732203, 0.09187033467065536, 0.0964036680039887, 0.10547033467065536, 0.11453700133732203, 0.11907033467065536, 0.11453700133732203, 0.10547033467065536, 0.09867033467065536, 0.0964036680039887, 0.09413700133732203, 0.09187033467065536, 0.09413700133732203, 0.10093700133732203, 0.1100036680039887, 0.1168036680039887, 0.11227033467065536, 0.10547033467065536, 0.10093700133732203, 0.09867033467065536, 0.0964036680039887, 0.0964036680039887], [0.045333333333333364, 0.045333333333333364, 0.04420000000000003, 0.0430666666666667, 0.045333333333333364, 0.0498666666666667, 0.05440000000000004, 0.056666666666666705, 0.05440000000000004, 0.0498666666666667, 0.0464666666666667, 0.045333333333333364, 0.04420000000000003, 0.0430666666666667, 0.04420000000000003, 0.04760000000000003, 0.05213333333333337, 0.05553333333333337, 0.0532666666666667, 0.0498666666666667, 0.04760000000000003, 0.0464666666666667, 0.045333333333333364, 0.045333333333333364], [0.14833410016782933, 0.14833410016782933, 0.14493410016782932, 0.1415341001678293, 0.14833410016782933, 0.16193410016782933, 0.17553410016782933, 0.18233410016782933, 0.17553410016782933, 0.16193410016782933, 0.15173410016782932, 0.14833410016782933, 0.14493410016782932, 0.1415341001678293, 0.14493410016782932, 0.1551341001678293, 0.16873410016782933, 0.17893410016782932, 0.17213410016782932, 0.16193410016782933, 0.1551341001678293, 0.15173410016782932, 0.14833410016782933, 0.14833410016782933], [0.0964036680039887, 0.0964036680039887, 0.09413700133732203, 0.09187033467065536, 0.0964036680039887, 0.10547033467065536, 0.11453700133732203, 0.11907033467065536, 0.11453700133732203, 0.10547033467065536, 0.09867033467065536, 0.0964036680039887, 0.09413700133732203, 0.09187033467065536, 0.09413700133732203, 0.10093700133732203, 0.1100036680039887, 0.1168036680039887, 0.11227033467065536, 0.10547033467065536, 0.10093700133732203, 0.09867033467065536, 0.0964036680039887, 0.0964036680039887], [0.045333333333333364, 0.045333333333333364, 0.04420000000000003, 0.0430666666666667, 0.045333333333333364, 0.0498666666666667, 0.05440000000000004, 0.056666666666666705, 0.05440000000000004, 0.0498666666666667, 0.0464666666666667, 0.045333333333333364, 0.04420000000000003, 0.0430666666666667, 0.04420000000000003, 0.04760000000000003, 0.05213333333333337, 0.05553333333333337, 0.0532666666666667, 0.0498666666666667, 0.04760000000000003, 0.0464666666666667, 0.045333333333333364, 0.045333333333333364], [0.5233190340105396, 0.5228969269159237, 0.6021251192082426, 0.6926856879447418, 0.5240823392804963, 0.4813434324485769, 0.36218609053371587, 0.37342559505047984, 0.3636324547542833, 0.388325302231047, 0.4499848847689143, 0.3859739573322867, 0.5634919881304639, 0.5192378084140516, 0.5496761643252196, 0.5594641731193817, 0.46157338905022194, 0.36853143222110707, 0.35642559505047977, 0.4114121872117035, 0.5158209032868912, 0.5121142488944815, 0.5251765843131193, 0.7936795459171926], [0.4586615156451651, 0.45823940855054923, 0.5386009341762015, 0.630294836246034, 0.4594248209151218, 0.41215258074986905, 0.28846190550167466, 0.297434743351772, 0.2899082697222421, 0.31913445053233913, 0.38419403307020644, 0.3213164389669122, 0.4999678030984227, 0.4568469567153438, 0.48615197929317844, 0.4925399880873404, 0.39011587068484743, 0.29367391385573255, 0.283834743351772, 0.3422213355129956, 0.44889671825485, 0.44632339719577374, 0.46051906594774483, 0.7290220275518181], [0.3940815261735622, 0.3936594190789463, 0.47515427803793187, 0.5679815134410977, 0.3948448314435189, 0.34303925794493273, 0.21481524936340507, 0.2215214205468357, 0.2162616135839725, 0.2500211277274029, 0.31848071026527014, 0.25673644949530927, 0.4365211469601531, 0.3945336339104075, 0.42270532315490883, 0.4256933319490708, 0.3187358812132445, 0.21889392438412963, 0.21132142054683573, 0.27310801270805934, 0.3820500621165804, 0.38061007439083744, 0.3959390764761419, 0.6644420380802152], [0.32957952927145806, 0.3291574221768422, 0.41178561446916107, 0.5057461832056602, 0.3303428345414148, 0.2740039277094952, 0.14124658579463428, 0.14568609031139826, 0.1426929500152017, 0.1809857974919655, 0.25284538002983264, 0.19223445259320515, 0.3731524833913823, 0.33229830367497004, 0.35933665958613803, 0.35892466838029996, 0.24743388431114033, 0.1441919274820255, 0.13888609031139826, 0.2040726824726219, 0.31528139854780957, 0.31497474415539994, 0.3314370795740378, 0.5999400411781111], [0.045333333333333364, 0.045333333333333364, 0.04420000000000003, 0.0430666666666667, 0.045333333333333364, 0.0498666666666667, 0.05440000000000004, 0.056666666666666705, 0.05440000000000004, 0.0498666666666667, 0.0464666666666667, 0.045333333333333364, 0.04420000000000003, 0.0430666666666667, 0.04420000000000003, 0.04760000000000003, 0.05213333333333337, 0.05553333333333337, 0.0532666666666667, 0.0498666666666667, 0.04760000000000003, 0.0464666666666667, 0.045333333333333364, 0.045333333333333364], [0.21416460723836733, 0.2137425001437514, 0.298637359102737, 0.3948645945059027, 0.214927912508324, 0.14952233900973783, 0.007698330428210183, 0.007604501611640824, 0.00914469464877763, 0.05650420879220806, 0.13516379133007522, 0.07681953056011441, 0.26000422802495815, 0.22141671497521262, 0.24618840421971394, 0.23897641301387584, 0.1184189622780496, 0.008377005448934745, 0.007604501611640824, 0.07959109377286445, 0.1953331431813855, 0.19729315545564252, 0.216022157540947, 0.4845251191450203], [0.9187363733710293, 0.9187440326664028, 0.8948559918744686, 0.8722816854778871, 0.9186939282132108, 1.0009541746096549, 1.0913351937242215, 1.1359577610334424, 1.0732499611297792, 0.980806281444998, 0.9122587749427924, 0.8853457564109418, 0.8902274164434818, 0.8668047754317666, 0.8892039939041275, 0.9496416516531576, 1.0424163903756245, 1.0957192674853882, 1.0503331635805209, 0.9806695748903258, 0.937287011984657, 0.9464399948887009, 0.9214066098867385, 0.8964592076799766], [0.861497124173999, 0.8615047834693725, 0.8387500760107717, 0.8173091029475235, 0.8614546790161806, 0.9391815920792912, 1.0250292778605246, 1.0673851785030788, 1.0069440452660823, 0.9190336989146344, 0.8538861924124288, 0.8281065072139115, 0.8341215005797848, 0.811832192901403, 0.8330980780404306, 0.8901357357894606, 0.9783771411785942, 1.0282800182883578, 0.9851605810501571, 0.9188969923599621, 0.87778109612096, 0.8880674123583373, 0.8641673606897082, 0.8392199584829463], [0.19940443483848463, 0.19940443483848463, 0.1948711015051513, 0.19033776817181797, 0.19940443483848463, 0.21753776817181797, 0.2356711015051513, 0.244737768171818, 0.2356711015051513, 0.21753776817181797, 0.20393776817181797, 0.19940443483848463, 0.1948711015051513, 0.19033776817181797, 0.1948711015051513, 0.2084711015051513, 0.22660443483848464, 0.24020443483848464, 0.23113776817181797, 0.21753776817181797, 0.2084711015051513, 0.20393776817181797, 0.19940443483848463, 0.19940443483848463], [0.045333333333333364, 0.045333333333333364, 0.04420000000000003, 0.0430666666666667, 0.045333333333333364, 0.0498666666666667, 0.05440000000000004, 0.056666666666666705, 0.05440000000000004, 0.0498666666666667, 0.0464666666666667, 0.045333333333333364, 0.04420000000000003, 0.0430666666666667, 0.04420000000000003, 0.04760000000000003, 0.05213333333333337, 0.05553333333333337, 0.0532666666666667, 0.0498666666666667, 0.04760000000000003, 0.0464666666666667, 0.045333333333333364, 0.045333333333333364], [0.0964036680039887, 0.0964036680039887, 0.09413700133732203, 0.09187033467065536, 0.0964036680039887, 0.10547033467065536, 0.11453700133732203, 0.11907033467065536, 0.11453700133732203, 0.10547033467065536, 0.09867033467065536, 0.0964036680039887, 0.09413700133732203, 0.09187033467065536, 0.09413700133732203, 0.10093700133732203, 0.1100036680039887, 0.1168036680039887, 0.11227033467065536, 0.10547033467065536, 0.10093700133732203, 0.09867033467065536, 0.0964036680039887, 0.0964036680039887], [0.045333333333333364, 0.045333333333333364, 0.04420000000000003, 0.0430666666666667, 0.045333333333333364, 0.0498666666666667, 0.05440000000000004, 0.056666666666666705, 0.05440000000000004, 0.0498666666666667, 0.0464666666666667, 0.045333333333333364, 0.04420000000000003, 0.0430666666666667, 0.04420000000000003, 0.04760000000000003, 0.05213333333333337, 0.05553333333333337, 0.0532666666666667, 0.0498666666666667, 0.04760000000000003, 0.0464666666666667, 0.045333333333333364, 0.045333333333333364], [0.5484838925101153, 0.5486441180553336, 0.5356516681946024, 0.5215022583712678, 0.548090527422551, 0.598044015432466, 0.6505612575093032, 0.6774676936393114, 0.6470116575988635, 0.5949979142206536, 0.5563941016314098, 0.5434090609000868, 0.5324837950449355, 0.5191953128422508, 0.5307616964258531, 0.5702857951582256, 0.6231089953424781, 0.6602352220159412, 0.6337173366019108, 0.595150277265447, 0.5697084283056384, 0.5642526390041882, 0.5485895815605473, 0.5438769915096582], [0.20087565178321587, 0.20087565178321587, 0.19634231844988254, 0.19180898511654917, 0.20087565178321587, 0.2190089851165492, 0.23714231844988254, 0.2462089851165492, 0.23714231844988254, 0.2190089851165492, 0.2054089851165492, 0.20087565178321587, 0.19634231844988254, 0.19180898511654917, 0.19634231844988254, 0.2099423184498825, 0.22807565178321587, 0.24167565178321587, 0.2326089851165492, 0.2190089851165492, 0.2099423184498825, 0.2054089851165492, 0.20087565178321587, 0.20087565178321587], [0.14833410016782933, 0.14833410016782933, 0.14493410016782932, 0.1415341001678293, 0.14833410016782933, 0.16193410016782933, 0.17553410016782933, 0.18233410016782933, 0.17553410016782933, 0.16193410016782933, 0.15173410016782932, 0.14833410016782933, 0.14493410016782932, 0.1415341001678293, 0.14493410016782932, 0.1551341001678293, 0.16873410016782933, 0.17893410016782932, 0.17213410016782932, 0.16193410016782933, 0.1551341001678293, 0.15173410016782932, 0.14833410016782933, 0.14833410016782933], [0.0964036680039887, 0.0964036680039887, 0.09413700133732203, 0.09187033467065536, 0.0964036680039887, 0.10547033467065536, 0.11453700133732203, 0.11907033467065536, 0.11453700133732203, 0.10547033467065536, 0.09867033467065536, 0.0964036680039887, 0.09413700133732203, 0.09187033467065536, 0.09413700133732203, 0.10093700133732203, 0.1100036680039887, 0.1168036680039887, 0.11227033467065536, 0.10547033467065536, 0.10093700133732203, 0.09867033467065536, 0.0964036680039887, 0.0964036680039887], [0.045333333333333364, 0.045333333333333364, 0.04420000000000003, 0.0430666666666667, 0.045333333333333364, 0.0498666666666667, 0.05440000000000004, 0.056666666666666705, 0.05440000000000004, 0.0498666666666667, 0.0464666666666667, 0.045333333333333364, 0.04420000000000003, 0.0430666666666667, 0.04420000000000003, 0.04760000000000003, 0.05213333333333337, 0.05553333333333337, 0.0532666666666667, 0.0498666666666667, 0.04760000000000003, 0.0464666666666667, 0.045333333333333364, 0.045333333333333364], [0.0, 0.0, 0.0, 0.0, 0.0, 0.0, 0.0, 0.0, 0.0, 0.0, 0.0, 0.0, 0.0, 0.0, 0.0, 0.0, 0.0, 0.0, 0.0, 0.0, 0.0, 0.0, 0.0, 0.0], [0.0, 0.0, 0.0, 0.0, 0.0, 0.0, 0.0, 0.0, 0.0, 0.0, 0.0, 0.0, 0.0, 0.0, 0.0, 0.0, 0.0, 0.0, 0.0, 0.0, 0.0, 0.0, 0.0, 0.0]]
        P_D = [[0.0, 0.0, 0.0, 0.0, 0.0, 0.0, 0.0, 0.0, 0.0, 0.0, 0.0, 0.0, 0.0, 0.0, 0.0, 0.0, 0.0, 0.0, 0.0, 0.0, 0.0, 0.0, 0.0, 0.0], [0.0, 0.0, 0.0, 0.0, 0.0, 0.0, 0.0, 0.0, 0.0, 0.0, 0.0, 0.0, 0.0, 0.0, 0.0, 0.0, 0.0, 0.0, 0.0, 0.0, 0.0, 0.0, 0.0, 0.0], [0.0, 0.0, 0.0, 0.0, 0.0, 0.0, 0.0, 0.0, 0.0, 0.0, 0.0, 0.0, 0.0, 0.0, 0.0, 0.0, 0.0, 0.0, 0.0, 0.0, 0.0, 0.0, 0.0, 0.0], [0.0, 0.0, 0.0, 0.0, 0.0, 0.0, 0.0, 0.0, 0.0, 0.0, 0.0, 0.0, 0.0, 0.0, 0.0, 0.0, 0.0, 0.0, 0.0, 0.0, 0.0, 0.0, 0.0, 0.0], [0.0, 0.0, 0.0, 0.0, 0.0, 0.0, 0.0, 0.0, 0.0, 0.0, 0.0, 0.0, 0.0, 0.0, 0.0, 0.0, 0.0, 0.0, 0.0, 0.0, 0.0, 0.0, 0.0, 0.0], [0.0, 0.0, 0.0, 0.0, 0.0, 0.0, 0.0, 0.0, 0.0, 0.0, 0.0, 0.0, 0.0, 0.0, 0.0, 0.0, 0.0, 0.0, 0.0, 0.0, 0.0, 0.0, 0.0, 0.0], [0.0, 0.0, 0.0, 0.0, 0.0, 0.0, 0.0, 0.0, 0.0, 0.0, 0.0, 0.0, 0.0, 0.0, 0.0, 0.0, 0.0, 0.0, 0.0, 0.0, 0.0, 0.0, 0.0, 0.0], [0.0, 0.0, 0.0, 0.0, 0.0, 0.0, 0.0, 0.0, 0.0, 0.0, 0.0, 0.0, 0.0, 0.0, 0.0, 0.0, 0.0, 0.0, 0.0, 0.0, 0.0, 0.0, 0.0, 0.0], [0.0, 0.0, 0.0, 0.0, 0.0, 0.0, 0.0, 0.0, 0.0, 0.0, 0.0, 0.0, 0.0, 0.0, 0.0, 0.0, 0.0, 0.0, 0.0, 0.0, 0.0, 0.0, 0.0, 0.0]]
        P_branch = [[0.2970091730711102, 0.2835627239446244, 0.2752965330271973, 0.2708564276685247, 0.27934664058288006, 0.3181272139259078, 0.3727596191636797, 0.42236153986875863, 0.42889754609204034, 0.4227514020800496, 0.4167026374354806, 0.3929375981754383, 0.3782387676176585, 0.36295146475310464, 0.38611610488992704, 0.42099983283453196, 0.4618317156056987, 0.47762318367349915, 0.45533354598638087, 0.42215479200974476, 0.38290533485254796, 0.3627892732175411, 0.33949512484044503, 0.31796706215110204], [0.235523644604619, 0.22187895707671001, 0.21228486761594884, 0.20732894702717597, 0.2166953770301682, 0.24075784825129107, 0.29340514789986155, 0.33654936963258264, 0.34345313812660233, 0.33192176324733486, 0.3127857991669239, 0.28011190590807916, 0.2661269797133562, 0.25559481584621924, 0.2902455669144619, 0.3333534389184497, 0.38274231517980895, 0.4033098506169124, 0.39314103394139116, 0.3552491053166857, 0.31172905033967835, 0.3003099876764765, 0.275894985216243, 0.24915991241123503], [0.08614739368177386, 0.08196263645534403, 0.07916097725096614, 0.07776858142578628, 0.08056606761997889, 0.09001271452581311, 0.1039832817310597, 0.11941848456228206, 0.1302087425386399, 0.13580824174878783, 0.13862894801789466, 0.13300961929371136, 0.1250263128694398, 0.12080955317901468, 0.12502948869735553, 0.1306381079444449, 0.13625353082091965, 0.13862977371159468, 0.13301032685309586, 0.1245712565246533, 0.11336857005415424, 0.1043424060145715, 0.0973434962551739, 0.09038539092450991], [0.03641869729366369, 0.03465246451353336, 0.03347347553867274, 0.032884839637065524, 0.034063957451070305, 0.03819958419821087, 0.04409740813366325, 0.05060533239930286, 0.05534463295805527, 0.0577155976110451, 0.05890204445213132, 0.056529118697774106, 0.05297366841802122, 0.0511953975562842, 0.052972582698388934, 0.055343366912670715, 0.057716956842207796, 0.05890226802511849, 0.05652939153224237, 0.05297295708441007, 0.04823575787908583, 0.04409740804901877, 0.041147433046767656, 0.03820876028281457], [0.027289325000210838, 0.02596700114585684, 0.02508277779680486, 0.02464372024296539, 0.025526081476123542, 0.028621511934160567, 0.03303778429649478, 0.037907335817644446, 0.0414527200839201, 0.043225748206119116, 0.04411304242037723, 0.0423383760403303, 0.03967919099407889, 0.03834861492849651, 0.03967810972564369, 0.041451482865386705, 0.04322703333127154, 0.0441131790780015, 0.042338555285551985, 0.03967839437882582, 0.036134214713802654, 0.03303755427655664, 0.030828637916623727, 0.028625256109977803], [0.018176683147649184, 0.017296958593412674, 0.016707967173011574, 0.016416666429655072, 0.01700346693391257, 0.01906259038115799, 0.02200144337371779, 0.025240345846412236, 0.027598010211380097, 0.028776377710109817, 0.029366202218876567, 0.028186462308331727, 0.026418679485533735, 0.025533680008603725, 0.02641773409887752, 0.027596828434469447, 0.028777581840601446, 0.02936627352482681, 0.02818656033573563, 0.02641789052598176, 0.024061055251394212, 0.022001542520258106, 0.020531424307276912, 0.019065261277511937], [0.009080072759920246, 0.008640503140188356, 0.008347241013677037, 0.008200786670439253, 0.008493853889124587, 0.009521393177419183, 0.010988982172789088, 0.01260475114527301, 0.013780625006486672, 0.014367700317577064, 0.014661770990599433, 0.014073595027550066, 0.013192036357501307, 0.012750752843557644, 0.013191632892047209, 0.0137796050646605, 0.014368802582903108, 0.014661796707428662, 0.014073640381360083, 0.013191709160955823, 0.012016183027096311, 0.0109888799316623, 0.010254775706042059, 0.00952158965487588], [0.09209394120900116, 0.08861161191791327, 0.08700120870896143, 0.08587858382683584, 0.0877186682648254, 0.1035113749784452, 0.12481789314063801, 0.13764810808383582, 0.11795288102983338, 0.09851311712301954, 0.08580409238523377, 0.07545864448520605, 0.08035421145848129, 0.07512032704690778, 0.08821175144500679, 0.10965807192521043, 0.1370012030307839, 0.14650229146645394, 0.1376384884514207, 0.12458997185261744, 0.11208639190581114, 0.11451427585222333, 0.10789434445826608, 0.10297692240152038], [0.08292909310020571, 0.07989240760563383, 0.0785779895871318, 0.0776048582164372, 0.07914670541563171, 0.09388390340496136, 0.1136740231225104, 0.1248547942184795, 0.10403418353128821, 0.08403388760047126, 0.0710681933507567, 0.061327903752250244, 0.06708478592128196, 0.06231084534134622, 0.0749420192288185, 0.09575556861019519, 0.12244514771270074, 0.1316259334963902, 0.12337552047624387, 0.11124314807577296, 0.09994472706088327, 0.10339485388834481, 0.0975231927488432, 0.09334362691160647], [0.04553064393009617, 0.04331946532286725, 0.04184701547676852, 0.04110976119834856, 0.04258280988193486, 0.04775285752793683, 0.05513507857322107, 0.06327423007263054, 0.06920070698381142, 0.07216477730979923, 0.0736483691596852, 0.07068042869762248, 0.06623352851286483, 0.06400999990378502, 0.06623278935206102, 0.06919820717043619, 0.07216771361223671, 0.0736500766786603, 0.07068210294034817, 0.06623404638397547, 0.060309146854615546, 0.05513463888005328, 0.05144290039193522, 0.047757415938338856], [0.036385729243839586, 0.034620270382486405, 0.03344533712463134, 0.032856822488497466, 0.03403206357122079, 0.0381600927734557, 0.04405134473054398, 0.05054451275358481, 0.05527096310499197, 0.05763403034085881, 0.058816904345374954, 0.05645064710532166, 0.05290459798582099, 0.051131169886669554, 0.052903920648039685, 0.05526861898216671, 0.05763656490881109, 0.058817961580264526, 0.05645170346023663, 0.05290472032025933, 0.04817904547729264, 0.04405117969782244, 0.04110407647438394, 0.03816420075036682], [0.009080002701328953, 0.008640312829750679, 0.008347074518316048, 0.008200540508860233, 0.008493691787347246, 0.009520993684804713, 0.01098894611856934, 0.01260454491600116, 0.013780262149585821, 0.014367449982594612, 0.014661479028212882, 0.014073326776812816, 0.013191753872240218, 0.012750562468987097, 0.013191443579488456, 0.013779402484441258, 0.014368382785110982, 0.014661613291762484, 0.014073471582509968, 0.01319156038958434, 0.01201605292948643, 0.010988313321229794, 0.010254573595630388, 0.009521323326690536], [0.018176694791246607, 0.017295788633790637, 0.016708983101954945, 0.016415802000701734, 0.017002189502322594, 0.019063556678720724, 0.022002261783001444, 0.02524141427399419, 0.02759826532390177, 0.02877631864779394, 0.029366083290870496, 0.028186322795590378, 0.026418074465402976, 0.02553360061733297, 0.026417695750380266, 0.02759686973621631, 0.02877757680638191, 0.029366483213929973, 0.028186730271792533, 0.02641808422862048, 0.024061134142919747, 0.022002857244504275, 0.0205315456171234, 0.019062414917800304], [0.009080203034012009, 0.008640053405124542, 0.008347881530263323, 0.008200817999147316, 0.0084934515806883, 0.009522778147527479, 0.010989455452592776, 0.012605435113777317, 0.013780943939388335, 0.014367690362536434, 0.01466173165892985, 0.01407354843225992, 0.01319175582708573, 0.012750726087712274, 0.01319161681439514, 0.013779625061975373, 0.014368728719886816, 0.014661862561970085, 0.014073683593956615, 0.01319182630851589, 0.012016293546172667, 0.010990451327475767, 0.010255236737703868, 0.009521429868601404], [0.08199566299493694, 0.0780151071078121, 0.07535828616328971, 0.07403243905818328, 0.07668746680614426, 0.08600038330648399, 0.09930237410546851, 0.11397350302788081, 0.12465430249310025, 0.12999987544451277, 0.13267431469731772, 0.1273238987532982, 0.11931215041169041, 0.11529928715581539, 0.1193056522240145, 0.12465051340741606, 0.1300039616770402, 0.13267497170547587, 0.12732476453060895, 0.11930672591934602, 0.10862746707359802, 0.09930468669567387, 0.09264963264923749, 0.08600357414566864], [0.01817627064803345, 0.017296687330465816, 0.016708456776803493, 0.01641630409666921, 0.01700300216449551, 0.01906288252016676, 0.022001711513748908, 0.0252412645755841, 0.027596471589378654, 0.028775353073210427, 0.029364752672727135, 0.028185179282395702, 0.026418391517636277, 0.025532730060729373, 0.02641670603499965, 0.027595609424116832, 0.02877584598321011, 0.029364853697478512, 0.02818534723274761, 0.02641687431244317, 0.024060227174129475, 0.02200302572523207, 0.020531266018139017, 0.019063256849020285], [0.009080036560015782, 0.008641161249205572, 0.008347542019792459, 0.00820145037417511, 0.00849446995927225, 0.009522273677153891, 0.010989350828515099, 0.012605969855172086, 0.013780004625630319, 0.014367604956686725, 0.014661291269057861, 0.01407316781746688, 0.013192685320470408, 0.012750439205711499, 0.013191304370303402, 0.01377919467509083, 0.01436801336930809, 0.014661342881025378, 0.014073268864296388, 0.013191398907617643, 0.012015968484129511, 0.0109910657883829, 0.010255276729725293, 0.009522691766094316], [0.05461009376087195, 0.05196121072789038, 0.050193503560650644, 0.04931058912177841, 0.05107782701945886, 0.05727464732120708, 0.06612281314645747, 0.07587835476643792, 0.08297923159168627, 0.08653162507162128, 0.08830911255863234, 0.08475326669302906, 0.07942802371923345, 0.07676012146406194, 0.07942351084371987, 0.08297635571101344, 0.08653465703995847, 0.08830946862297702, 0.08475378147433368, 0.07942425412690679, 0.07232404673543397, 0.06612382976305853, 0.06169756756462579, 0.05727699597649891], [0.018176546493333556, 0.017296894254291817, 0.016709245330457912, 0.01641640789701856, 0.017003165485401966, 0.01906346413834531, 0.022001959303416547, 0.02524176298174175, 0.027596996273161836, 0.028776107904610836, 0.029365496528113582, 0.02818584117209014, 0.026420718657287876, 0.025533264847102864, 0.02641726071619953, 0.027596234320312607, 0.028776667483295795, 0.02936560642178131, 0.02818605551758206, 0.026417513826061573, 0.024060624481747735, 0.022004352753301953, 0.020531773093269878, 0.019063686475766905], [0.009080190255428678, 0.008641276151549897, 0.008348236049034414, 0.008201459685228394, 0.008494548539223353, 0.00952277191587323, 0.01098941520084547, 0.012606175761189779, 0.013780121185006261, 0.014367892184584789, 0.014661536983451955, 0.014073389823599718, 0.013194659011719926, 0.01275064794651713, 0.0131914985972129, 0.013779406789853196, 0.014368371107962139, 0.01466159683600954, 0.014073536999442905, 0.013191680153893255, 0.012016095330355928, 0.010992196040345938, 0.010255618131785542, 0.009522945252849977], [0.027272600957525314, 0.025950708311089588, 0.025069045858080157, 0.024628202419000173, 0.02551001263554681, 0.028601180322374128, 0.03301378154224489, 0.037875972230330957, 0.041415313317932516, 0.043184131376652134, 0.04406970309137776, 0.04229850504531344, 0.03964406128738128, 0.03831599531753023, 0.03964315285327142, 0.04141329686318083, 0.04318651878072709, 0.04406981815771848, 0.042298681148061734, 0.03964342328066747, 0.03610513518683641, 0.033012538982652544, 0.03080635564064012, 0.028602796957958625], [0.009079999457462478, 0.00864034030002194, 0.008347104234678349, 0.008200564902961803, 0.008493706585095222, 0.009521110626520054, 0.010988760174244713, 0.012604559296916434, 0.013780390339021977, 0.014367477464115999, 0.014661534108377273, 0.014073386244967281, 0.01319185935768109, 0.012750597842794763, 0.013191463314920136, 0.013779407104327577, 0.014368628711057265, 0.014661558921142662, 0.014073431697297056, 0.013191535628926991, 0.01201604132329149, 0.010988312457185056, 0.010254614418281944, 0.009521425502153017], [0.009079999457466669, 0.008640340299830119, 0.008347104234706389, 0.008200564902972355, 0.008493706585124208, 0.009521110626530426, 0.010988760174280044, 0.012604559296962007, 0.013780390339033695, 0.014367477464114993, 0.014661534108376213, 0.014073386244968922, 0.013191859357680987, 0.012750597842767416, 0.01319146331491698, 0.013779407104339222, 0.01436862871106331, 0.014661558921145328, 0.014073431697297805, 0.01319153562893082, 0.012016041323290781, 0.01098831245720824, 0.010254614418309384, 0.009521425502142147], [0.027272144689556514, 0.025950675510151414, 0.02506952629895251, 0.02462828293762755, 0.025509911288787327, 0.02860296017640172, 0.033013205923923775, 0.03787429295173516, 0.04141310474651533, 0.04318180635733331, 0.04406721605178951, 0.0422963097438015, 0.039642154904293694, 0.03831436818582427, 0.039641369855830354, 0.041411227816483175, 0.04318366141713068, 0.044067331183382095, 0.042296481219855527, 0.03964163555178361, 0.036103833232751, 0.033014620107029546, 0.030806369709465393, 0.02860197949404131], [0.009079942049057429, 0.008640439539709756, 0.008347495275100238, 0.00820073442184369, 0.008493757828410928, 0.009521992318763817, 0.010988744122361954, 0.012604177263516892, 0.013779893979992179, 0.014367015272938634, 0.01466103557218554, 0.014072946344219845, 0.013191441040668576, 0.012750271829716853, 0.013191112256214646, 0.013778989884198076, 0.01436789806738985, 0.014661060998871423, 0.01407298928119366, 0.01319117446949808, 0.012015796673355887, 0.010989632252846323, 0.010254794044800637, 0.009521215696265618], [0.009079942049024532, 0.00864043953976562, 0.008347495275095814, 0.008200734421635159, 0.008493757828443454, 0.009521992318690699, 0.010988744122336226, 0.012604177263541644, 0.013779893980013839, 0.014367015272938644, 0.01466103557218974, 0.01407294634421908, 0.013191441040674138, 0.012750271829733154, 0.013191112256213057, 0.013778989884211544, 0.014367898067401316, 0.014661060998870474, 0.014072989281197979, 0.013191174469486441, 0.012015796673354942, 0.010989632252800472, 0.010254794044809078, 0.009521215696130757], [0.01817619040679958, 0.017294706026329612, 0.016707854929105787, 0.01641246071052227, 0.017002078703344997, 0.019057718201682783, 0.0219992495319859, 0.025237543499461113, 0.027594795922534242, 0.028774013375119447, 0.029363779047917787, 0.02818470492552745, 0.02641665440035472, 0.02553623175200887, 0.02641594237809445, 0.027601495527751898, 0.028774049410931535, 0.029364337973796985, 0.028184385621337113, 0.026415980881714585, 0.02406017487776685, 0.021999364723188256, 0.020528941199133937, 0.01905948262813137], [0.009080283471773117, 0.008640159971655374, 0.008346804093331597, 0.008199684285251413, 0.008493643837641148, 0.009520098445661514, 0.010987931494493586, 0.01260330479898173, 0.013778909600636923, 0.014366907113554756, 0.014660961405119926, 0.014073120471927136, 0.013191449749561974, 0.012753547619808297, 0.013191029736119138, 0.013783766315667967, 0.014366919170403822, 0.014661246272725676, 0.014072900949454502, 0.013191048698907987, 0.012016130504451213, 0.010987995056932926, 0.01025447961562887, 0.009521421836346364], [0.06230551247479448, 0.05927379180751207, 0.05725274070494252, 0.05624199499474485, 0.05826522219829378, 0.06499682879765675, 0.0751076481676503, 0.08623982974026517, 0.09391491913813911, 0.09795862124802095, 0.09999253243664573, 0.09593767549967522, 0.0902915854151081, 0.08725354389508752, 0.09029282018116969, 0.09434731597978278, 0.09839267454731915, 0.09999479437248239, 0.09593853900525139, 0.08986311584229195, 0.08176869442867157, 0.07545598332372636, 0.0703967758983893, 0.06523170434780289], [0.009080274811484036, 0.008640131484822107, 0.008346790097742128, 0.008199691964178987, 0.00849398696244066, 0.009520046456951774, 0.01098780618730848, 0.012603291458529009, 0.013778892664789752, 0.01436688653275348, 0.014660939277151255, 0.014073143905914241, 0.013191823535615434, 0.012752356151066357, 0.013191016175333149, 0.013782314925374602, 0.014366899504293915, 0.014661198226321483, 0.014072881573189597, 0.013191030125522763, 0.012016019546825853, 0.010987752270053362, 0.010254345602917507, 0.009522172133617503], [0.038056749275917935, 0.037532434102667676, 0.03648728798406778, 0.03589142891613386, 0.037008414817950405, 0.032871805496808154, 0.04425291277853483, 0.047743865375555396, 0.03303573026521757, 0.02170607195121019, 0.011244452647813126, 0.006551929138753537, 0.015048967011880708, 0.014890431489934687, 0.023117534085213613, 0.03325196962231637, 0.04980208023892714, 0.04943190559219041, 0.04969062623289599, 0.038644319123968505, 0.03261476959343458, 0.04674649475269288, 0.04442129059392254, 0.04081008766473215], [0.028963661541438, 0.028879236247798628, 0.028128347836336567, 0.02768009755572539, 0.028498278493868545, 0.023345259245210952, 0.033249352388416926, 0.03512452296072241, 0.019260551747071863, 0.007355416501870041, -0.0033942993467014717, -0.007499496923348572, 0.0018712531028918845, 0.00215307817183502, 0.009937220725556419, 0.0194619011795737, 0.0354214958283183, 0.034751913643473506, 0.03560343544429076, 0.025450736840150544, 0.020597370938242602, 0.03573815923762049, 0.03414761700333607, 0.03127081017033487], [0.1390612265058475, 0.13334852797092467, 0.12955546720456051, 0.12763685153804755, 0.13146355817005684, 0.14403959142111197, 0.16015296900312448, 0.17211586131868847, 0.17448459451005585, 0.16424969901186734, 0.1505633063195734, 0.13270684636227723, 0.12445928217670325, 0.12167973479736263, 0.14046821538596385, 0.16329225605933906, 0.18600773692486364, 0.2027717494385556, 0.20237716717262605, 0.19074850277293068, 0.17345247989122706, 0.1638411771842056, 0.15431002686705927, 0.14445027679081665], [0.08928096561620817, 0.0859955746068553, 0.08381581702041356, 0.08270938312864498, 0.08491403506970002, 0.09218162775484501, 0.10319129221627646, 0.1152674851680437, 0.12361994859576213, 0.12519300515097603, 0.12193408885576663, 0.11395589984489528, 0.11251530050858363, 0.10915352008785677, 0.11648722192067348, 0.12402911104982386, 0.1284545485029448, 0.13018105011423758, 0.12582239062229816, 0.11906421084823454, 0.10826241757591257, 0.10352869696067937, 0.0980511907245985, 0.09237082605871424], [0.049104736048317756, 0.04671397372199735, 0.045123385351871464, 0.04432226012198947, 0.0459203941871823, 0.05115362539628092, 0.05913365399677846, 0.06791267216576664, 0.07387689072322362, 0.07706671801418025, 0.0786614187994635, 0.0754612691871545, 0.07110743577618728, 0.06871191911848223, 0.07110708735603136, 0.0743052495801429, 0.07749520418792664, 0.07866491335907966, 0.07546650551445819, 0.07067583101453243, 0.06429030460638459, 0.059479684854167984, 0.05548736735813537, 0.0513019112863348], [0.04002047641100729, 0.03913723291634153, 0.0385474151351135, 0.03825434911271655, 0.03884435757599825, 0.04086155737769451, 0.04384687240693113, 0.04709025966386978, 0.04943741249357292, 0.047810286054654635, 0.042968809195461956, 0.03822659055842846, 0.04115093648961265, 0.0401991735249512, 0.04510753409874635, 0.0494148523640988, 0.050628445480654434, 0.05117565099680581, 0.050038688753061174, 0.04810527881835054, 0.04373760938883307, 0.043837112741817175, 0.04237455270356013, 0.0409011802942645], [0.030873384206710926, 0.030432431666261996, 0.030137294077140685, 0.0299920451157861, 0.030286126945247068, 0.03127213366816356, 0.03278118795696185, 0.03440021296968004, 0.035565046850527006, 0.03336029855650756, 0.028247992374743937, 0.024109887359924927, 0.027901467647366625, 0.02739152402841347, 0.0318411951904898, 0.03554129239873446, 0.03616452110716139, 0.03641582692656928, 0.03587046762170519, 0.03482487481848567, 0.03164665066241275, 0.032771711639250425, 0.032047037262525134, 0.03131131069244929], [-0.03136645673303178, -0.03439839346905218, -0.03623830437373219, -0.037218783975286905, -0.03572009620564938, -0.02995023729762432, -0.019417142181909555, -0.007814308696989646, 0.00018946531353816862, 0.004423843245361884, 0.006548316072255335, 0.0023103064802210095, -0.0035916068009277614, -0.006803930124799726, -0.0035894193414821056, 0.0006429305716409971, 0.004850652120353513, 0.0064863644740261305, 0.002312606116038866, -0.004082384419495137, -0.012549895027345732, -0.019055059780830587, -0.0243001714552965, -0.030146846430653705], [-0.04045233794222151, -0.04304618810159847, -0.04459362417928493, -0.04542817803651624, -0.044225961403017544, -0.0394731953429441, -0.03040067079433073, -0.020407019670799567, -0.01357805046638402, -0.00992844063149535, -0.008097800563918628, -0.011749111951920228, -0.016774914387942194, -0.019545200183497504, -0.01677230846568899, -0.013134571208104085, -0.009501893688808279, -0.008165195057559499, -0.011746119897691719, -0.017261138364345993, -0.024559120901519824, -0.030038876846230397, -0.03455505398002933, -0.039675771356749226], [-0.04954774321085365, -0.05170116422674838, -0.05296528353082275, -0.05364435992261666, -0.0527460112556888, -0.04900362228828624, -0.041389626476338405, -0.032999604573916985, -0.027343157854760502, -0.024276300617109888, -0.02275301874606937, -0.025806678579755455, -0.02996722517008693, -0.0322995841515129, -0.029950162878808462, -0.026898162235320842, -0.023849864818885253, -0.022807800141276393, -0.025801219018167964, -0.03043853607522462, -0.03656742646686082, -0.04102975953618436, -0.04481216398964895, -0.049213780478810636], [0.019846678032341667, 0.018872652598100052, 0.01822479612477837, 0.017899325897023404, 0.018549001939153664, 0.020476491141933492, 0.023724714802587747, 0.027300325514634877, 0.02947433650482295, 0.030775559295421417, 0.03142383425107849, 0.03012667177276108, 0.02860159398435789, 0.02762679208745874, 0.02860119059533008, 0.02990342348961515, 0.031201987521850105, 0.03142615458766844, 0.030125422308097175, 0.028175985970627503, 0.02557973670744609, 0.02407292853109579, 0.02244637592356457, 0.02019772657128338], [-0.07849432596461388, -0.0792371648021341, -0.07956305309178284, -0.07976957305590111, -0.07981723813300708, -0.07901890365964513, -0.07610831991478441, -0.07289702721322713, -0.07058221195409398, -0.06940067708103069, -0.06881799907443714, -0.06999075933521706, -0.07175224646713524, -0.07267281923378435, -0.07173236338168845, -0.07057835411650154, -0.069400608937048, -0.06887916218401037, -0.06998337244065621, -0.07179546503585771, -0.07416331689771957, -0.07609837497195943, -0.07752617055491041, -0.07895631874822213], [-0.08765822345606868, -0.08796443992067962, -0.08800184077764918, -0.08805922598881577, -0.0884023072266062, -0.08862291998440976, -0.08716827052326893, -0.08555714593788823, -0.08440702319726, -0.08380784561212844, -0.0835163961001874, -0.08410764132194161, -0.08499488080713795, -0.08548555979039021, -0.0849747799289803, -0.08441137648369051, -0.08380780399636413, -0.08358357810783568, -0.08409936105488974, -0.08503804931684476, -0.08624185904779035, -0.08715785355691107, -0.08785801573393344, -0.08856086864044359], [0.0, 0.0, 0.0, 0.0, 0.0, 0.0, 0.0, 0.0, 0.0, 0.0, 0.0, 0.0, 0.0, 0.0, 0.0, 0.0, 0.0, 0.0, 0.0, 0.0, 0.0, 0.0, 0.0, 0.0], [0.0, 0.0, 0.0, 0.0, 0.0, 0.0, 0.0, 0.0, 0.0, 0.0, 0.0, 0.0, 0.0, 0.0, 0.0, 0.0, 0.0, 0.0, 0.0, 0.0, 0.0, 0.0, 0.0, 0.0], [0.0, 0.0, 0.0, 0.0, 0.0, 0.0, 0.0, 0.0, 0.0, 0.0, 0.0, 0.0, 0.0, 0.0, 0.0, 0.0, 0.0, 0.0, 0.0, 0.0, 0.0, 0.0, 0.0, 0.0], [0.0, 0.0, 0.0, 0.0, 0.0, 0.0, 0.0, 0.0, 0.0, 0.0, 0.0, 0.0, 0.0, 0.0, 0.0, 0.0, 0.0, 0.0, 0.0, 0.0, 0.0, 0.0, 0.0, 0.0]]
        P_cons = [[0.0, 0.0, 0.0, 0.0, 0.0, 0.0, 0.0, 0.0, 0.0, 0.0, 0.0, 0.0, 0.0, 0.0, 0.0, 0.0, 0.0, 0.0, 0.0, 0.0, 0.0, 0.0, 0.0, 0.0], [0.0, 0.0, 0.0, 0.0, 0.0, 0.0, 0.0, 0.0, 0.0, 0.0, 0.0, 0.0, 0.0, 0.0, 0.0, 0.0, 0.0, 0.0, 0.0, 0.0, 0.0, 0.0, 0.0, 0.0], [1.0869539405584812, 1.0869163510052486, 1.0868751387815676, 1.086956193232258, 1.0867624831782239, 1.0866266242966527, 1.0863163890993974, 1.0869565217391304, 1.0861502291032967, 1.0869565217391304, 1.0869510873294534, 1.0864729607156527, 1.085892617611802, 1.0828887239909208, 1.0869200633707423, 1.0854842335918458, 1.0869565217391304, 1.0830590767655872, 1.0869565217391304, 1.0837060813574484, 1.0818049610025344, 1.0869208116289277, 1.0865763239678559, 1.0868309697357514], [0.0, 0.0, 0.0, 0.0, 0.0, 0.0, 0.0, 0.0, 0.0, 0.0, 0.0, 0.0, 0.0, 0.0, 0.0, 0.0, 0.0, 0.0, 0.0, 0.0, 0.0, 0.0, 0.0, 0.0], [0.0, 0.0, 0.0, 0.0, 0.0, 0.0, 0.0, 0.0, 0.0, 0.0, 0.0, 0.0, 0.0, 0.0, 0.0, 0.0, 0.0, 0.0, 0.0, 0.0, 0.0, 0.0, 0.0, 0.0], [1.0869553242346672, 1.0869340218391628, 1.0868335252393568, 1.0869560725341585, 1.086911186161138, 1.084867524106065, 1.0868385203399904, 1.0869565217391304, 1.0863953244743065, 0.9474610101185006, 0.6783692782979439, 0.5014870055653384, 0.73423195343299, 0.7307682158826215, 0.93037478426313, 1.085135469548806, 1.0869565217391304, 1.0848127822622025, 1.0869565217391304, 1.0788232327166067, 0.9791836181332297, 1.086368758839244, 1.086863573072001, 1.0868000054075946], [0.0, 0.0, 0.0, 0.0, 0.0, 0.0, 0.0, 0.0, 0.0, 0.0, 0.0, 0.0, 0.0, 0.0, 0.0, 0.0, 0.0, 0.0, 0.0, 0.0, 0.0, 0.0, 0.0, 0.0], [0.0, 0.0, 0.0, 0.0, 0.0, 0.0, 0.0, 0.0, 0.0, 0.0, 0.0, 0.0, 0.0, 0.0, 0.0, 0.0, 0.0, 0.0, 0.0, 0.0, 0.0, 0.0, 0.0, 0.0], [0.0, 0.0, 0.0, 0.0, 0.0, 0.0, 0.0, 0.0, 0.0, 0.0, 0.0, 0.0, 0.0, 0.0, 0.0, 0.0, 0.0, 0.0, 0.0, 0.0, 0.0, 0.0, 0.0, 0.0], [0.0, 0.0, 0.0, 0.0, 0.0, 0.0, 0.0, 0.0, 0.0, 0.0, 0.0, 0.0, 0.0, 0.0, 0.0, 0.0, 0.0, 0.0, 0.0, 0.0, 0.0, 0.0, 0.0, 0.0], [0.0, 0.0, 0.0, 0.0, 0.0, 0.0, 0.0, 0.0, 0.0, 0.0, 0.0, 0.0, 0.0, 0.0, 0.0, 0.0, 0.0, 0.0, 0.0, 0.0, 0.0, 0.0, 0.0, 0.0], [0.0, 0.0, 0.0, 0.0, 0.0, 0.0, 0.0, 0.0, 0.0, 0.0, 0.0, 0.0, 0.0, 0.0, 0.0, 0.0, 0.0, 0.0, 0.0, 0.0, 0.0, 0.0, 0.0, 0.0], [0.0, 0.0, 0.0, 0.0, 0.0, 0.0, 0.0, 0.0, 0.0, 0.0, 0.0, 0.0, 0.0, 0.0, 0.0, 0.0, 0.0, 0.0, 0.0, 0.0, 0.0, 0.0, 0.0, 0.0]]
        P_gen = [[5.929919042453644, 5.923332019162652, 5.9107264204704, 5.90616723474281, 5.9381319983071945, 5.999907030523174, 5.9998048451962305, 6.0, 5.99999983651599, 6.0, 5.999999888104366, 5.999994659692135, 5.999989666163876, 5.9997586816937325, 5.999999652414379, 5.999826736335965, 6.0, 5.999683020415171, 6.0, 5.99996034663036, 5.999990065448361, 5.9998382906439325, 5.998053252083322, 5.997013442769996], [0.0, 0.0, 0.0, 0.0, 0.0, 0.0, 0.0, 0.0, 0.0, 0.0, 0.0, 0.0, 0.0, 0.0, 0.0, 0.0, 0.0, 0.0, 0.0, 0.0, 0.0, 0.0, 0.0, 0.0], [0.0, 0.0, 0.0, 0.0, 0.0, 0.0, 0.0, 0.0, 0.0, 0.0, 0.0, 0.0, 0.0, 0.0, 0.0, 0.0, 0.0, 0.0, 0.0, 0.0, 0.0, 0.0, 0.0, 0.0], [0.0, 0.0, 0.0, 0.0, 0.0, 0.0, 0.0, 0.0, 0.0, 0.0, 0.0, 0.0, 0.0, 0.0, 0.0, 0.0, 0.0, 0.0, 0.0, 0.0, 0.0, 0.0, 0.0, 0.0], [0.0, 0.0, 0.0, 0.0, 0.0, 0.0, 0.0, 0.0, 0.0, 0.0, 0.0, 0.0, 0.0, 0.0, 0.0, 0.0, 0.0, 0.0, 0.0, 0.0, 0.0, 0.0, 0.0, 0.0], [0.0, 0.0, 0.0, 0.0, 0.0, 0.0, 0.0, 0.0, 0.0, 0.0, 0.0, 0.0, 0.0, 0.0, 0.0, 0.0, 0.0, 0.0, 0.0, 0.0, 0.0, 0.0, 0.0, 0.0], [0.0, 0.0, 0.0, 0.0, 0.0, 0.0, 0.0, 0.0, 0.0, 0.0, 0.0, 0.0, 0.0, 0.0, 0.0, 0.0, 0.0, 0.0, 0.0, 0.0, 0.0, 0.0, 0.0, 0.0], [0.0, 0.0, 0.0, 0.0, 0.0, 0.0, 0.0, 0.0, 0.0, 0.0, 0.0, 0.0, 0.0, 0.0, 0.0, 0.0, 0.0, 0.0, 0.0, 0.0, 0.0, 0.0, 0.0, 0.0], [0.0, 0.0, 0.0, 0.0, 0.0, 0.0, 0.0, 0.0, 0.0, 0.0, 0.0, 0.0, 0.0, 0.0, 0.0, 0.0, 0.0, 0.0, 0.0, 0.0, 0.0, 0.0, 0.0, 0.0], [0.0, 0.0, 0.0, 0.0, 0.0, 0.0, 0.0, 0.0, 0.0, 0.0, 0.0, 0.0, 0.0, 0.0, 0.0, 0.0, 0.0, 0.0, 0.0, 0.0, 0.0, 0.0, 0.0, 0.0], [0.0, 0.0, 0.0, 0.0, 0.0, 0.0, 0.0, 0.0, 0.0, 0.0, 0.0, 0.0, 0.0, 0.0, 0.0, 0.0, 0.0, 0.0, 0.0, 0.0, 0.0, 0.0, 0.0, 0.0], [0.0, 0.0, 0.0, 0.0, 0.0, 0.0, 0.0, 0.0, 0.0, 0.0, 0.0, 0.0, 0.0, 0.0, 0.0, 0.0, 0.0, 0.0, 0.0, 0.0, 0.0, 0.0, 0.0, 0.0], [0.0, 0.0, 0.0, 0.0, 0.0, 0.0, 0.0, 0.0, 0.0, 0.0, 0.0, 0.0, 0.0, 0.0, 0.0, 0.0, 0.0, 0.0, 0.0, 0.0, 0.0, 0.0, 0.0, 0.0]]
        P_grid = [26.626640883786457, 25.27208405106672, 24.37907003215731, 23.909268734785034, 24.80210088065241, 27.944253108859943, 33.30823835317707, 37.945545475067064, 38.617534210932135, 37.73365826636922, 36.47442183012022, 33.65247520417587, 32.21828736655074, 30.92731402996619, 33.818083590219445, 37.717663587649085, 42.22870153927538, 44.04665171452058, 42.423728996388604, 38.870194866321526, 34.73171925961132, 33.15496304470088, 30.769505502834402, 28.356348728116856]
        Q_branch = [[0.14026629099814392, 0.13344170489633095, 0.12889051921134692, 0.12661632098326392, 0.13116826954298005, 0.14681285015210035, 0.16963974844437724, 0.19480427424673025, 0.21259309959974226, 0.22168843592270254, 0.22621179909226732, 0.21708685613234296, 0.20376156957753735, 0.19687482141051224, 0.20376783921744865, 0.21293683129183652, 0.2222015587778523, 0.2264410303054378, 0.21725868024569825, 0.20346627032746362, 0.18516170094128098, 0.16994939847241183, 0.15854473389956253, 0.14717122518457063], [0.15378273480751928, 0.14630466227688188, 0.14133835403291078, 0.13882173258959363, 0.14384408472361246, 0.16043885880726477, 0.18539836797560855, 0.2128430482096106, 0.23175229556014162, 0.24166555261077058, 0.24657559317333208, 0.23657887539611133, 0.22266673319730296, 0.2152006445530228, 0.22269751223643178, 0.2327446607578216, 0.242772757016014, 0.24684248417610166, 0.2368397255578456, 0.22180851131565188, 0.20181008501243336, 0.18623734480315912, 0.17375091837712595, 0.1613901928034934], [0.041727925850877166, 0.03970074103433233, 0.03834354312554546, 0.03766906593427535, 0.03902422575402546, 0.04360060705806556, 0.05036705564896779, 0.05784620243321175, 0.06307405330180754, 0.06578696831342425, 0.06715360155794609, 0.06443086727829123, 0.06056318882637589, 0.05852022144748475, 0.06056470533436322, 0.0632820191033471, 0.06600269771271546, 0.06715400849123498, 0.06443138872935152, 0.060342707690915674, 0.054915361656572056, 0.050542331062968834, 0.04715184878852526, 0.04378122630074576], [0.01764095023082521, 0.016785336989806172, 0.016214177935262208, 0.01592902770086149, 0.01650025117506332, 0.01850389053403795, 0.021361125337822882, 0.024514242590384813, 0.02681055113864552, 0.027959362599591808, 0.028534250587360168, 0.02738445857573012, 0.02566173973417683, 0.02480010745246884, 0.025661196874358156, 0.026809918115952812, 0.027960042215184992, 0.028534362373859045, 0.02738459499298385, 0.025661384067371167, 0.023366126195792668, 0.02136112529548922, 0.019931976376276413, 0.018508478576274384], [0.013218363688094287, 0.012577829122761551, 0.012149469022861781, 0.011936816033235221, 0.01236424507517287, 0.013863829793225464, 0.01600320810150346, 0.01836235020186692, 0.02008003603666903, 0.020939046948614745, 0.021368942481134502, 0.020509112440292805, 0.019220774640913686, 0.018576113969995076, 0.019220234006689953, 0.02007941742740664, 0.02093968951118125, 0.021369010809977565, 0.02050920206292403, 0.01922037633328828, 0.017503292799090273, 0.016003093091512884, 0.014933013847981826, 0.013865701881132519], [0.008804142365826221, 0.00837803166328337, 0.008092703669474125, 0.007951637155993214, 0.008235869691736317, 0.009233344407999102, 0.010656932322343956, 0.012225961118563253, 0.013368122435499313, 0.013938970752089726, 0.014224715290085335, 0.013653180767587647, 0.012796792505349803, 0.01236804434146535, 0.012796319812021756, 0.013367531547043376, 0.013939572817335925, 0.014224750943061158, 0.013653229781289244, 0.01279639802557388, 0.011654651253828344, 0.010656981895615696, 0.009944842080091389, 0.00923467985617668], [0.004397936775960771, 0.004185027753366237, 0.004042980548322137, 0.003972045305810782, 0.004113995056961002, 0.0046117211974156394, 0.005322596404138026, 0.0061052696703165245, 0.006674871168150447, 0.006959241107305429, 0.007101692585623469, 0.006816772320484705, 0.006389744560041566, 0.006175978590362325, 0.006389542827315576, 0.0066743611972345865, 0.0069597922399736905, 0.007101705444037986, 0.0068167949973906485, 0.006389580961771215, 0.005820153327612664, 0.00532254528357331, 0.0049669528162539075, 0.004611819436152042], [0.04100174090910814, 0.039004635693549485, 0.037678122012873246, 0.03701114822351816, 0.0383412059787323, 0.04284736096996214, 0.04952810151877061, 0.05687297493233843, 0.06195182239236569, 0.06460636367435553, 0.06590290684371568, 0.06328164916843272, 0.05945081614949953, 0.05743597950807823, 0.05944725855253813, 0.06210372306228526, 0.06483028785739374, 0.06602097039226723, 0.06334525368817838, 0.05930833786351756, 0.05396434925555429, 0.04967540260341784, 0.04634989852559105, 0.04302430455807397], [0.03656141645870569, 0.03478025735413354, 0.03359715241047926, 0.033002633447734867, 0.034188156441747566, 0.03818260057451017, 0.04412806119193594, 0.0506734239019696, 0.055207914978189436, 0.05759135796458618, 0.058764150236328416, 0.05643630399535077, 0.053022376999591066, 0.05123063648666047, 0.05301866606312767, 0.05536791273986824, 0.05777686924983649, 0.058811984316907574, 0.056433794893872895, 0.05284119959380082, 0.048081455019023514, 0.044287586303730274, 0.04132475770765333, 0.038356632204395606], [0.022054823945058165, 0.020983613577882084, 0.020270307945810518, 0.019913140452085455, 0.02062674550292121, 0.02313155180748491, 0.026708065875340137, 0.030651585524705083, 0.03352314681641911, 0.03495934339748119, 0.03567822003141956, 0.034240088382398476, 0.03208539616289119, 0.031008010794835388, 0.032085026582492925, 0.03352189690973956, 0.034960811548709, 0.03567907379095841, 0.034240925503728425, 0.032085655098442606, 0.029214882497637523, 0.026707846028736895, 0.024919275012097633, 0.023133831012718143], [0.01762446620593316, 0.01676923992439549, 0.01620010872825409, 0.015915019126580072, 0.01648430423516445, 0.018484144821550242, 0.021338093636253157, 0.02448383276750567, 0.026773716212114596, 0.02791857896449733, 0.028491680533979994, 0.02734522277950667, 0.025627204518077134, 0.024767993617662725, 0.02562686584918847, 0.02677254415070075, 0.0279198462484773, 0.028492209151427705, 0.02734575095696397, 0.025627265685295796, 0.023337769994908632, 0.02133801111987916, 0.019910298090092746, 0.018486198810028436], [0.0043979017466644794, 0.004184932598173615, 0.004042897300639213, 0.00397192222500911, 0.004113914006049671, 0.004611521451110413, 0.005322578377033638, 0.006105166555681829, 0.006674689739697177, 0.0069591159398149334, 0.007101546604429227, 0.006816638195118481, 0.0063896033174122265, 0.006175883403074776, 0.006389448171035981, 0.00667425990712511, 0.0069595823410741765, 0.007101613736205238, 0.006816710597966792, 0.006389506576084097, 0.005820088278808117, 0.0053222619783541, 0.004966851761042758, 0.004611686272051816], [0.008804148187637743, 0.008377446683504123, 0.008093211633941022, 0.007951204941500676, 0.00823523097591385, 0.009233827556723157, 0.010657341526983635, 0.012226495332355302, 0.013368249991767434, 0.013938941220925831, 0.014224655826077723, 0.013653111011225854, 0.012796489995282911, 0.012368004645835057, 0.012796300637772118, 0.01336755219791636, 0.013939570300226155, 0.014224855787619178, 0.013653314749308417, 0.012796494876898776, 0.011654690699587727, 0.010657639257734927, 0.009944902735013866, 0.00923325667632972], [0.0043980019130068024, 0.004184802885853354, 0.004043300806616268, 0.003972060970155, 0.004113793902731984, 0.004612413682474269, 0.005322833044039296, 0.006105611654567189, 0.006675030634598644, 0.0069592361297855995, 0.007101672919788701, 0.006816749022840857, 0.006389604294834352, 0.00617596521243789, 0.006389534788489052, 0.006674371195891807, 0.006959755308460795, 0.0071017383713090545, 0.006816816603689232, 0.006389639535549395, 0.005820208587151904, 0.005323330981480783, 0.004967183332078648, 0.0046117395430112125], [0.03971893506148371, 0.03779053920352858, 0.036503383455012924, 0.03586108726431204, 0.03714734641471839, 0.04165941313164771, 0.04810413491245476, 0.0552127983930731, 0.06038817923068191, 0.06297845625891, 0.06427442116156806, 0.061681722637029354, 0.05779961263747084, 0.055855063095139615, 0.05779636354363118, 0.06038628468784632, 0.06298049937517576, 0.0642747496656585, 0.061682155525699195, 0.057796900391304265, 0.0526222898634004, 0.04810529120752717, 0.04488090099368621, 0.0416610085512379], [0.008803936116016662, 0.008377896031840299, 0.0080929484713383, 0.007951455989459526, 0.008235637307094328, 0.009233490477470328, 0.010657066392349533, 0.012226420483132378, 0.013367353124520464, 0.013938458433642446, 0.014223990517007052, 0.013652539254628808, 0.012796648521401225, 0.012367569367492346, 0.012795805780074736, 0.013366922041867497, 0.01393870488863767, 0.014224041029384491, 0.013652623229775139, 0.0127958899188054, 0.011654237215194404, 0.010657723498106269, 0.009944762935524766, 0.009233677641941046], [0.004397918676008689, 0.004185356807893862, 0.004043131051380847, 0.00397237715766892, 0.004114303092023984, 0.0046121614472874675, 0.005322780732000456, 0.0061058790252645646, 0.006674560977719561, 0.006959193426860761, 0.007101452724853043, 0.006816558715444332, 0.006390069041526689, 0.006175821771437624, 0.006389378566443178, 0.006674156002449937, 0.006959397633171444, 0.007101478530836484, 0.0068166092388592244, 0.006389425835100287, 0.0058200460561303345, 0.005323638211934355, 0.004967203328089358, 0.004612370491757677], [0.02645244925644177, 0.025169262463660146, 0.024312912029249737, 0.02388520638439581, 0.024741322184072875, 0.027743471312915213, 0.0320300384797191, 0.03675654196930113, 0.04019696778525922, 0.04191815822691412, 0.04277939882122929, 0.04105648218678745, 0.03847637014736169, 0.03718367374351276, 0.03847411370960939, 0.04019552984493356, 0.04191967421108202, 0.04277957685343848, 0.041056739577432146, 0.0384744853512086, 0.03503439425211914, 0.03203054678798882, 0.029886173561696594, 0.02774464564051637], [0.008804074038665689, 0.008377999493702272, 0.00809334274818916, 0.007951507889633806, 0.008235718967483385, 0.009233781286601768, 0.010657190287224972, 0.012226669686231376, 0.01336761546637421, 0.013938835849338835, 0.01422436244469637, 0.013652870199458704, 0.01279781209122485, 0.012367836760736724, 0.01279608312067011, 0.013367234489964075, 0.01393911563868519, 0.014224417391543228, 0.013652977372192803, 0.012796209675612881, 0.011654435869011074, 0.010658387012139184, 0.009945016473105077, 0.009233892455296926], [0.004397995523715136, 0.004185414259066082, 0.004043478066001816, 0.003972381813195572, 0.004114342381999505, 0.004612410566647135, 0.005322812918165634, 0.00610598197827343, 0.006674619257407484, 0.0069593370408097596, 0.00710157558204978, 0.006816669718510713, 0.006391055887151457, 0.0061759261418402695, 0.006389475679898042, 0.006674262059831456, 0.006959576502498449, 0.007101605508328612, 0.006816743306432275, 0.006389566458238191, 0.005820109479243538, 0.005324203337915876, 0.004967374029119478, 0.004612497235135493], [0.013210001666760115, 0.012569682705390727, 0.012142603053507483, 0.01192905712125212, 0.01235621065496181, 0.013853663987325073, 0.015991206724355674, 0.018346668408192657, 0.020061332653697705, 0.02091823853387836, 0.02134727281662507, 0.020489176942756565, 0.019203209787564665, 0.01855980416449185, 0.019202755570508892, 0.020060324426302997, 0.020919432235917572, 0.021347330349823595, 0.020489264994165646, 0.01920289078420822, 0.017488753035617272, 0.015990585444555616, 0.014921872709989155, 0.013854472305113868], [0.0043979001247332235, 0.004184946333302271, 0.004042912158823934, 0.0039719344220654675, 0.004113921404947066, 0.0046115799219689545, 0.005322485404867263, 0.006105173746132438, 0.00667475383441812, 0.006959129680575403, 0.007101574144511697, 0.006816667929195043, 0.006389656060131816, 0.006175901089978502, 0.006389458038751998, 0.0066742622170683445, 0.006959705304045013, 0.0071015865508950605, 0.00681669065535724, 0.006389494195754845, 0.005820082475711892, 0.005322261546334741, 0.004966872172366987, 0.004611737359789197], [0.004397900124737544, 0.004184946333205531, 0.004042912158837919, 0.003971934422060291, 0.004113921404941941, 0.004611579921971944, 0.0053224854048844585, 0.006105173746157285, 0.006674753834420349, 0.006959129680573784, 0.007101574144510807, 0.0068166679291953025, 0.006389656060131213, 0.00617590108996493, 0.006389458038750326, 0.006674262217073853, 0.006959705304043101, 0.007101586550896651, 0.006816690655361786, 0.006389494195756744, 0.00582008247571221, 0.005322261546348901, 0.004966872172381905, 0.004611737359785647], [0.013209773532774721, 0.01256966630492739, 0.01214284327392064, 0.011929097380563263, 0.012356159981568, 0.013854553914346852, 0.0159909189151895, 0.01834582876891094, 0.020060228367979042, 0.020917076024222162, 0.021346029296829938, 0.020488079292069156, 0.019202256596021542, 0.018558990598669747, 0.019201864071790975, 0.0200592899029553, 0.020918003554119057, 0.021346086862653765, 0.020488165030051905, 0.01920199691976527, 0.01748810205856984, 0.01599162600674127, 0.014921879744412468, 0.013854063573164753], [0.004397871420527258, 0.0041849959531646665, 0.004043107679029988, 0.003972019181501265, 0.004113947026575206, 0.004612020768079738, 0.005322477378922477, 0.006104982729438286, 0.006674505654901749, 0.006958898584985309, 0.007101324876418912, 0.006816447978818753, 0.006389446901626823, 0.006175738083440571, 0.006389282509399922, 0.006674053607003364, 0.006959339982206028, 0.007101337589759658, 0.006816469447303487, 0.006389313616039175, 0.005819960150742905, 0.005322921444162637, 0.004966961985627524, 0.004611632456841498], [0.004397871420511687, 0.00418499595317028, 0.004043107679031698, 0.0039720191813746785, 0.004113947026610042, 0.004612020768041837, 0.005322477378916326, 0.006104982729453199, 0.006674505654905716, 0.006958898584987043, 0.007101324876419822, 0.006816447978819645, 0.006389446901629774, 0.00617573808344821, 0.006389282509397963, 0.006674053607009863, 0.006959339982217656, 0.007101337589760677, 0.006816469447310585, 0.00638931361603317, 0.005819960150744326, 0.005322921444140297, 0.004966961985630622, 0.0046116324567788865], [0.008803895995397378, 0.0083769053797446, 0.008092647547523429, 0.007949534296422362, 0.008235175576448607, 0.009230908318253761, 0.01065583540147624, 0.012224559945087624, 0.01336651529107591, 0.013937788584594518, 0.01422350370460253, 0.013652302076190845, 0.012795779962759124, 0.012369320213160154, 0.01279542395163386, 0.013369865093685535, 0.01393780660250056, 0.014223783167547664, 0.013652142424090397, 0.012795443203428044, 0.011654211067015714, 0.010655892997078087, 0.00994360052602214, 0.009231790531484312], [0.0043980421318873825, 0.0041848561691187735, 0.004042762088150401, 0.0039714941132070756, 0.00411389003120842, 0.004611073831541246, 0.0053220710649897, 0.006104546497169399, 0.006674013465222916, 0.006958844505294774, 0.007101287792883822, 0.00681653504267449, 0.006389451256072464, 0.00617737597848591, 0.006389241249351072, 0.0066764418227384156, 0.006958850533719307, 0.00710143022668676, 0.0068164252814381715, 0.00638925073074548, 0.005820127066291183, 0.005322102846209369, 0.004966804771041126, 0.004611735526883702], [0.030177772134122826, 0.02870927499104935, 0.02773037937687581, 0.02724073037502115, 0.02822079632451643, 0.03148137616204825, 0.03637897795079629, 0.041771379418946035, 0.04548937332109669, 0.047448076912697784, 0.04843333539987186, 0.04646814940448395, 0.04373408369960263, 0.04226280681928867, 0.043734727146774365, 0.045698836925003386, 0.047658334787199365, 0.04843444443433661, 0.04646952230943199, 0.04352652482412592, 0.039605668549635695, 0.036547696114853034, 0.0340970733987244, 0.03170102800169515], [0.004398037801742807, 0.004184841925702153, 0.004042755090355666, 0.003971497952670861, 0.004114061593608177, 0.004611047837186392, 0.005322008411397144, 0.006104539826943038, 0.006674004997299332, 0.006958834214894137, 0.007101276728899499, 0.006816546759668045, 0.006389638149099205, 0.006176780244114932, 0.006389234468958066, 0.006675716127591738, 0.006958840700664354, 0.00710140620348463, 0.006816415593305719, 0.00638924144405289, 0.005820071587478501, 0.005321981452769578, 0.004966737764685448, 0.004612110675519272], [0.021741851477088802, 0.020682727569162316, 0.019977838493556853, 0.01962012984035976, 0.020333391327970192, 0.022649440019446104, 0.02618208258026007, 0.030063226396824478, 0.03267649871416873, 0.03408499669459064, 0.034779020130821584, 0.033425216778759495, 0.03148910354751047, 0.030440040213146658, 0.03146601758890788, 0.032836417760668826, 0.0342517134466238, 0.0348061971293951, 0.03339876547049713, 0.03126390416218516, 0.02844420303567614, 0.026338093188923783, 0.024571507410779563, 0.02281048713969238], [0.01733740721384446, 0.016491352458438007, 0.015929008378209045, 0.01564281218957363, 0.01621125505354228, 0.018035142284907147, 0.02085219706745745, 0.023950661091729452, 0.026004350790191474, 0.02713427802140317, 0.027688837043342844, 0.02661952894083293, 0.025106520211721644, 0.02427076138551587, 0.02508213452778821, 0.02615682487438946, 0.02728603029280198, 0.02769539406472011, 0.026575195269483595, 0.024873386638962016, 0.022623441894014534, 0.02100582011365609, 0.01959510565226067, 0.018189823783789527], [0.056830850721293166, 0.05406359127568229, 0.052227344951821374, 0.05129644255409842, 0.05315092502250381, 0.059262670651278014, 0.0685030181131631, 0.0786570266098068, 0.08562344435629782, 0.08927654003261604, 0.09106496081301182, 0.08732391260119554, 0.08223657715167414, 0.07947093967283812, 0.08227997996110366, 0.08602616404417278, 0.08974719555709032, 0.09120489974902925, 0.08750501932096856, 0.08194989045891983, 0.07453548356566828, 0.06884105825416698, 0.06421888121960592, 0.05975486374112063], [0.032718136498503345, 0.031126743832317526, 0.030071949231711, 0.029534565806352196, 0.030603229278788467, 0.034143504493590944, 0.03945818697754277, 0.04530761162717338, 0.04935961787150689, 0.05146748858150697, 0.052494905207571094, 0.050342684156497536, 0.04739056804436292, 0.04579521805783901, 0.04741513810074523, 0.0495702854282478, 0.05169662411956392, 0.052553910362648705, 0.050421359259291934, 0.047225850777758906, 0.042957710386645594, 0.039626175887866, 0.03696775131741084, 0.034404318127912135], [0.023783774164904202, 0.022625731241697387, 0.021855348566865888, 0.021467261087205217, 0.02224138447436475, 0.024776129337948823, 0.028641542435698594, 0.032893982148069094, 0.03578292485017087, 0.037328173217259314, 0.03810064878173424, 0.036550289269859065, 0.03444150244991052, 0.03328089539481182, 0.034441365898478134, 0.03599059205908734, 0.0375357352824114, 0.038102355627046336, 0.03655303230934142, 0.034232440425483235, 0.031139366455083403, 0.02880914678751707, 0.026875345438447884, 0.025035811578377736], [0.008856485755008824, 0.008428828606382523, 0.008144092398096887, 0.008000917772142579, 0.008287203151174923, 0.00928415266526276, 0.010711261635724384, 0.012281352809900652, 0.01342387033185212, 0.013981314823177105, 0.01424232599556961, 0.013658374836983391, 0.012820601473060453, 0.012393108940859687, 0.012837471969350412, 0.013425188816379188, 0.013995439419970706, 0.014281311856485138, 0.013709728772561122, 0.012851859844639336, 0.01170109214121533, 0.010711079417989485, 0.009997770547473013, 0.009284639310482358], [0.004425039257010138, 0.004211651798030396, 0.004069671827661106, 0.003998113803133364, 0.004141019723399648, 0.004638416201729896, 0.005350314092823743, 0.0061334353651272475, 0.0067031288454249644, 0.006980930125586169, 0.007111110494715786, 0.006820048431020381, 0.006402140670644834, 0.006188682023962398, 0.006410576133905223, 0.006703850168783212, 0.006988086284706788, 0.007130592730985833, 0.006845643400172213, 0.006417931463357462, 0.005843550963939651, 0.005350273548975506, 0.004994447863769056, 0.004638679900859212], [0.03172525274638855, 0.030193441558800594, 0.02918087303810812, 0.02866074613157975, 0.02969862868670448, 0.03309236823234169, 0.03819559331185476, 0.04381067254346613, 0.04769508872403709, 0.049738002229876586, 0.050767259713325685, 0.04871909797811783, 0.04586641369932661, 0.04433753344762403, 0.04585740009397398, 0.04792008269058311, 0.04994475470537527, 0.0507720032225587, 0.04871544632952602, 0.04564923672809326, 0.04156704369240435, 0.03836548519363485, 0.035811229802250766, 0.03316339507557481], [0.027324411745865928, 0.026004768059223637, 0.025133853093870038, 0.024684397130386972, 0.025578627975631787, 0.028479864600412172, 0.032875723687970114, 0.037711422958882634, 0.04102677216919281, 0.04278646934293057, 0.0436733943048025, 0.04190941395533708, 0.03948103352455557, 0.038166296249743284, 0.03947222915057837, 0.04124677313580498, 0.042993090852276976, 0.043675416366421825, 0.04190610851594981, 0.03926613337423294, 0.03575036894125902, 0.03304547134319566, 0.03084422357667693, 0.02854790800381838], [0.022918808715526977, 0.021812503813340295, 0.021078663376641292, 0.020704654216839657, 0.021451534936925924, 0.023863626519037118, 0.027553140529057496, 0.031612236409645396, 0.03435965981008534, 0.03583714840160591, 0.03657497812335838, 0.035100655834646985, 0.03309115175218838, 0.031988502097150234, 0.033089575562597305, 0.034580418957285176, 0.03604371433872109, 0.036583306734224864, 0.035098584149000765, 0.03288370813758341, 0.02993415434451313, 0.02772192468046738, 0.025876103608683657, 0.023927878834074417], [0.009612667130197887, 0.009140926994335545, 0.00882711026306572, 0.00866943079972497, 0.008984142045875847, 0.009917805345773432, 0.011491110654478599, 0.013223084378277026, 0.014276234921033727, 0.014906470729710531, 0.015220495343245452, 0.01459218960103763, 0.013853411700022368, 0.01338118413386467, 0.013853277265484559, 0.014484110797604116, 0.015113032880927874, 0.015221623391234331, 0.014591545609391904, 0.01364724736383883, 0.012389699445029972, 0.011659777970754908, 0.010871909394417135, 0.009978733802646076], [0.00889828882846155, 0.0084751266472121, 0.00819570635396358, 0.008050627828363379, 0.008339212309565976, 0.009325401449450548, 0.010736935238758728, 0.012287709371352202, 0.013416507426885252, 0.013980878139128156, 0.014263102651352997, 0.013699786935580657, 0.012852300014543013, 0.012433494297329001, 0.01285206696221968, 0.013423365298986883, 0.013980912211119498, 0.01426827252513895, 0.013698698175702441, 0.012852262897606742, 0.011724316223738455, 0.010736197939631861, 0.01003081393029372, 0.00932571457364423], [0.004458439686919128, 0.0042467129045270354, 0.004106952469546961, 0.004034149391282138, 0.004179609650379824, 0.0046723686787857426, 0.005378854617085342, 0.006154755911343121, 0.006719543140402943, 0.007001902925061885, 0.007143097047982471, 0.006861371135507617, 0.00643725646324368, 0.00622652185041666, 0.006437132307236418, 0.006722295450503346, 0.007001923732944038, 0.007145257472911307, 0.006860729061874761, 0.006437244375593924, 0.005872983334628958, 0.005378353329438316, 0.005025326377414381, 0.0046724150188311026], [0.0, 0.0, 0.0, 0.0, 0.0, 0.0, 0.0, 0.0, 0.0, 0.0, 0.0, 0.0, 0.0, 0.0, 0.0, 0.0, 0.0, 0.0, 0.0, 0.0, 0.0, 0.0, 0.0, 0.0], [0.0, 0.0, 0.0, 0.0, 0.0, 0.0, 0.0, 0.0, 0.0, 0.0, 0.0, 0.0, 0.0, 0.0, 0.0, 0.0, 0.0, 0.0, 0.0, 0.0, 0.0, 0.0, 0.0, 0.0], [0.0, 0.0, 0.0, 0.0, 0.0, 0.0, 0.0, 0.0, 0.0, 0.0, 0.0, 0.0, 0.0, 0.0, 0.0, 0.0, 0.0, 0.0, 0.0, 0.0, 0.0, 0.0, 0.0, 0.0], [0.0, 0.0, 0.0, 0.0, 0.0, 0.0, 0.0, 0.0, 0.0, 0.0, 0.0, 0.0, 0.0, 0.0, 0.0, 0.0, 0.0, 0.0, 0.0, 0.0, 0.0, 0.0, 0.0, 0.0]]
        Q_grid = [14.70245129028316, 13.98731835866064, 13.511443662212885, 13.271902678642878, 13.750617713329625, 15.362585447968257, 17.75190582099929, 20.382366122817043, 22.217269757994195, 23.167699426673657, 23.63936961327997, 22.683286576422717, 21.321415138742015, 20.60377329817675, 21.32326757269402, 22.284074602482907, 23.248715789693314, 23.664175724076973, 22.704920290177192, 21.263739082155773, 19.34858929768572, 17.809337163778547, 16.614782613834425, 15.428070899403203]
        a_E = [[0.0, 0.0, 0.0, 0.0, 0.0, 0.0, 0.0, 0.0, 0.0, 0.0, 0.0, 0.0, 0.0, 0.0, 0.0, 0.0, 0.0, 0.0, 0.0, 0.0, 0.0, 0.0, 0.0, 0.0], [0.0, 0.0, 0.0, 0.0, 0.0, 0.0, 0.0, 0.0, 0.0, 0.0, 0.0, 0.0, 0.0, 0.0, 0.0, 0.0, 0.0, 0.0, 0.0, 0.0, 0.0, 0.0, 0.0, 0.0], [0.0, 0.0, 0.0, 0.0, 0.0, 0.0, 0.0, 0.0, 0.0, 0.0, 0.0, 0.0, 0.0, 0.0, 0.0, 0.0, 0.0, 0.0, 0.0, 0.0, 0.0, 0.0, 0.0, 0.0], [0.0, 0.0, 0.0, 0.0, 0.0, 0.0, 0.0, 0.0, 0.0, 0.0, 0.0, 0.0, 0.0, 0.0, 0.0, 0.0, 0.0, 0.0, 0.0, 0.0, 0.0, 0.0, 0.0, 0.0], [0.0, 0.0, 0.0, 0.0, 0.0, 0.0, 0.0, 0.0, 0.0, 0.0, 0.0, 0.0, 0.0, 0.0, 0.0, 0.0, 0.0, 0.0, 0.0, 0.0, 0.0, 0.0, 0.0, 0.0], [0.0, 0.0, 0.0, 0.0, 0.0, 0.0, 0.0, 0.0, 0.0, 0.0, 0.0, 0.0, 0.0, 0.0, 0.0, 0.0, 0.0, 0.0, 0.0, 0.0, 0.0, 0.0, 0.0, 0.0], [0.0, 0.0, 0.0, 0.0, 0.0, 0.0, 0.0, 0.0, 0.0, 0.0, 0.0, 0.0, 0.0, 0.0, 0.0, 0.0, 0.0, 0.0, 0.0, 0.0, 0.0, 0.0, 0.0, 0.0], [0.0, 0.0, 0.0, 0.0, 0.0, 0.0, 0.0, 0.0, 0.0, 0.0, 0.0, 0.0, 0.0, 0.0, 0.0, 0.0, 0.0, 0.0, 0.0, 0.0, 0.0, 0.0, 0.0, 0.0], [0.0, 0.0, 0.0, 0.0, 0.0, 0.0, 0.0, 0.0, 0.0, 0.0, 0.0, 0.0, 0.0, 0.0, 0.0, 0.0, 0.0, 0.0, 0.0, 0.0, 0.0, 0.0, 0.0, 0.0], [0.0, 0.0, 0.0, 0.0, 0.0, 0.0, 0.0, 0.0, 0.0, 0.0, 0.0, 0.0, 0.0, 0.0, 0.0, 0.0, 0.0, 0.0, 0.0, 0.0, 0.0, 0.0, 0.0, 0.0], [0.0, 0.0, 0.0, 0.0, 0.0, 0.0, 0.0, 0.0, 0.0, 0.0, 0.0, 0.0, 0.0, 0.0, 0.0, 0.0, 0.0, 0.0, 0.0, 0.0, 0.0, 0.0, 0.0, 0.0], [0.0, 0.0, 0.0, 0.0, 0.0, 0.0, 0.0, 0.0, 0.0, 0.0, 0.0, 0.0, 0.0, 0.0, 0.0, 0.0, 0.0, 0.0, 0.0, 0.0, 0.0, 0.0, 0.0, 0.0], [0.0, 0.0, 0.0, 0.0, 0.0, 0.0, 0.0, 0.0, 0.0, 0.0, 0.0, 0.0, 0.0, 0.0, 0.0, 0.0, 0.0, 0.0, 0.0, 0.0, 0.0, 0.0, 0.0, 0.0], [0.0, 0.0, 0.0, 0.0, 0.0, 0.0, 0.0, 0.0, 0.0, 0.0, 0.0, 0.0, 0.0, 0.0, 0.0, 0.0, 0.0, 0.0, 0.0, 0.0, 0.0, 0.0, 0.0, 0.0], [0.0, 0.0, 0.0, 0.0, 0.0, 0.0, 0.0, 0.0, 0.0, 0.0, 0.0, 0.0, 0.0, 0.0, 0.0, 0.0, 0.0, 0.0, 0.0, 0.0, 0.0, 0.0, 0.0, 0.0], [0.0, 0.0, 0.0, 0.0, 0.0, 0.0, 0.0, 0.0, 0.0, 0.0, 0.0, 0.0, 0.0, 0.0, 0.0, 0.0, 0.0, 0.0, 0.0, 0.0, 0.0, 0.0, 0.0, 0.0], [0.0, 0.0, 0.0, 0.0, 0.0, 0.0, 0.0, 0.0, 0.0, 0.0, 0.0, 0.0, 0.0, 0.0, 0.0, 0.0, 0.0, 0.0, 0.0, 0.0, 0.0, 0.0, 0.0, 0.0], [0.0, 0.0, 0.0, 0.0, 0.0, 0.0, 0.0, 0.0, 0.0, 0.0, 0.0, 0.0, 0.0, 0.0, 0.0, 0.0, 0.0, 0.0, 0.0, 0.0, 0.0, 0.0, 0.0, 0.0], [0.0, 0.0, 0.0, 0.0, 0.0, 0.0, 0.0, 0.0, 0.0, 0.0, 0.0, 0.0, 0.0, 0.0, 0.0, 0.0, 0.0, 0.0, 0.0, 0.0, 0.0, 0.0, 0.0, 0.0], [0.0, 0.0, 0.0, 0.0, 0.0, 0.0, 0.0, 0.0, 0.0, 0.0, 0.0, 0.0, 0.0, 0.0, 0.0, 0.0, 0.0, 0.0, 0.0, 0.0, 0.0, 0.0, 0.0, 0.0], [0.0, 0.0, 0.0, 0.0, 0.0, 0.0, 0.0, 0.0, 0.0, 0.0, 0.0, 0.0, 0.0, 0.0, 0.0, 0.0, 0.0, 0.0, 0.0, 0.0, 0.0, 0.0, 0.0, 0.0], [0.0, 0.0, 0.0, 0.0, 0.0, 0.0, 0.0, 0.0, 0.0, 0.0, 0.0, 0.0, 0.0, 0.0, 0.0, 0.0, 0.0, 0.0, 0.0, 0.0, 0.0, 0.0, 0.0, 0.0], [0.0, 0.0, 0.0, 0.0, 0.0, 0.0, 0.0, 0.0, 0.0, 0.0, 0.0, 0.0, 0.0, 0.0, 0.0, 0.0, 0.0, 0.0, 0.0, 0.0, 0.0, 0.0, 0.0, 0.0], [0.0, 0.0, 0.0, 0.0, 0.0, 0.0, 0.0, 0.0, 0.0, 0.0, 0.0, 0.0, 0.0, 0.0, 0.0, 0.0, 0.0, 0.0, 0.0, 0.0, 0.0, 0.0, 0.0, 0.0], [0.0, 0.0, 0.0, 0.0, 0.0, 0.0, 0.0, 0.0, 0.0, 0.0, 0.0, 0.0, 0.0, 0.0, 0.0, 0.0, 0.0, 0.0, 0.0, 0.0, 0.0, 0.0, 0.0, 0.0], [0.0, 0.0, 0.0, 0.0, 0.0, 0.0, 0.0, 0.0, 0.0, 0.0, 0.0, 0.0, 0.0, 0.0, 0.0, 0.0, 0.0, 0.0, 0.0, 0.0, 0.0, 0.0, 0.0, 0.0], [0.0, 0.0, 0.0, 0.0, 0.0, 0.0, 0.0, 0.0, 0.0, 0.0, 0.0, 0.0, 0.0, 0.0, 0.0, 0.0, 0.0, 0.0, 0.0, 0.0, 0.0, 0.0, 0.0, 0.0], [0.0, 0.0, 0.0, 0.0, 0.0, 0.0, 0.0, 0.0, 0.0, 0.0, 0.0, 0.0, 0.0, 0.0, 0.0, 0.0, 0.0, 0.0, 0.0, 0.0, 0.0, 0.0, 0.0, 0.0], [0.0, 0.0, 0.0, 0.0, 0.0, 0.0, 0.0, 0.0, 0.0, 0.0, 0.0, 0.0, 0.0, 0.0, 0.0, 0.0, 0.0, 0.0, 0.0, 0.0, 0.0, 0.0, 0.0, 0.0], [0.0, 0.0, 0.0, 0.0, 0.0, 0.0, 0.0, 0.0, 0.0, 0.0, 0.0, 0.0, 0.0, 0.0, 0.0, 0.0, 0.0, 0.0, 0.0, 0.0, 0.0, 0.0, 0.0, 0.0], [0.0, 0.0, 0.0, 0.0, 0.0, 0.0, 0.0, 0.0, 0.0, 0.0, 0.0, 0.0, 0.0, 0.0, 0.0, 0.0, 0.0, 0.0, 0.0, 0.0, 0.0, 0.0, 0.0, 0.0], [0.0, 0.0, 0.0, 0.0, 0.0, 0.0, 0.0, 0.0, 0.0, 0.0, 0.0, 0.0, 0.0, 0.0, 0.0, 0.0, 0.0, 0.0, 0.0, 0.0, 0.0, 0.0, 0.0, 0.0], [0.0, 0.0, 0.0, 0.0, 0.0, 0.0, 0.0, 0.0, 0.0, 0.0, 0.0, 0.0, 0.0, 0.0, 0.0, 0.0, 0.0, 0.0, 0.0, 0.0, 0.0, 0.0, 0.0, 0.0], [0.0, 0.0, 0.0, 0.0, 0.0, 0.0, 0.0, 0.0, 0.0, 0.0, 0.0, 0.0, 0.0, 0.0, 0.0, 0.0, 0.0, 0.0, 0.0, 0.0, 0.0, 0.0, 0.0, 0.0], [0.0, 0.0, 0.0, 0.0, 0.0, 0.0, 0.0, 0.0, 0.0, 0.0, 0.0, 0.0, 0.0, 0.0, 0.0, 0.0, 0.0, 0.0, 0.0, 0.0, 0.0, 0.0, 0.0, 0.0], [0.0, 0.0, 0.0, 0.0, 0.0, 0.0, 0.0, 0.0, 0.0, 0.0, 0.0, 0.0, 0.0, 0.0, 0.0, 0.0, 0.0, 0.0, 0.0, 0.0, 0.0, 0.0, 0.0, 0.0], [0.0, 0.0, 0.0, 0.0, 0.0, 0.0, 0.0, 0.0, 0.0, 0.0, 0.0, 0.0, 0.0, 0.0, 0.0, 0.0, 0.0, 0.0, 0.0, 0.0, 0.0, 0.0, 0.0, 0.0], [0.0, 0.0, 0.0, 0.0, 0.0, 0.0, 0.0, 0.0, 0.0, 0.0, 0.0, 0.0, 0.0, 0.0, 0.0, 0.0, 0.0, 0.0, 0.0, 0.0, 0.0, 0.0, 0.0, 0.0], [0.0, 0.0, 0.0, 0.0, 0.0, 0.0, 0.0, 0.0, 0.0, 0.0, 0.0, 0.0, 0.0, 0.0, 0.0, 0.0, 0.0, 0.0, 0.0, 0.0, 0.0, 0.0, 0.0, 0.0], [0.0, 0.0, 0.0, 0.0, 0.0, 0.0, 0.0, 0.0, 0.0, 0.0, 0.0, 0.0, 0.0, 0.0, 0.0, 0.0, 0.0, 0.0, 0.0, 0.0, 0.0, 0.0, 0.0, 0.0], [0.0, 0.0, 0.0, 0.0, 0.0, 0.0, 0.0, 0.0, 0.0, 0.0, 0.0, 0.0, 0.0, 0.0, 0.0, 0.0, 0.0, 0.0, 0.0, 0.0, 0.0, 0.0, 0.0, 0.0], [0.0, 0.0, 0.0, 0.0, 0.0, 0.0, 0.0, 0.0, 0.0, 0.0, 0.0, 0.0, 0.0, 0.0, 0.0, 0.0, 0.0, 0.0, 0.0, 0.0, 0.0, 0.0, 0.0, 0.0], [0.0, 0.0, 0.0, 0.0, 0.0, 0.0, 0.0, 0.0, 0.0, 0.0, 0.0, 0.0, 0.0, 0.0, 0.0, 0.0, 0.0, 0.0, 0.0, 0.0, 0.0, 0.0, 0.0, 0.0], [0.0, 0.0, 0.0, 0.0, 0.0, 0.0, 0.0, 0.0, 0.0, 0.0, 0.0, 0.0, 0.0, 0.0, 0.0, 0.0, 0.0, 0.0, 0.0, 0.0, 0.0, 0.0, 0.0, 0.0], [0.0, 0.0, 0.0, 0.0, 0.0, 0.0, 0.0, 0.0, 0.0, 0.0, 0.0, 0.0, 0.0, 0.0, 0.0, 0.0, 0.0, 0.0, 0.0, 0.0, 0.0, 0.0, 0.0, 0.0], [0.0, 0.0, 0.0, 0.0, 0.0, 0.0, 0.0, 0.0, 0.0, 0.0, 0.0, 0.0, 0.0, 0.0, 0.0, 0.0, 0.0, 0.0, 0.0, 0.0, 0.0, 0.0, 0.0, 0.0], [0.0, 0.0, 0.0, 0.0, 0.0, 0.0, 0.0, 0.0, 0.0, 0.0, 0.0, 0.0, 0.0, 0.0, 0.0, 0.0, 0.0, 0.0, 0.0, 0.0, 0.0, 0.0, 0.0, 0.0]]
        a_H = [[0.0], [0.0], [0.0], [0.0], [0.0], [0.0], [0.0], [0.0], [0.0], [0.0], [0.0], [0.0], [0.0], [0.0], [0.0], [0.0], [0.0], [0.0], [0.0], [0.0], [0.0], [0.0], [0.0], [0.0], [0.0], [0.0], [0.0], [0.0], [0.0], [0.0], [0.0], [0.0], [0.0], [0.0], [0.0], [0.0], [0.0], [0.0], [0.0]]
        boundary = [[-1.8655470214792256, -1.8243641609244021, -1.832624729050362, -1.8208198787404797, -1.8239634897031416, -2.300968528402807, -2.9189939372866007, -3.069269923072473, -1.7342479086141704, -0.5863085321688999, 0.13356899580398499, 0.47132802872349105, -0.037064467346522245, 0.0887433343764811, -0.43080189291953097, -1.320996509765879, -2.5040809998591986, -2.8876880720902434, -2.624844167388143, -2.242339354909832, -1.9752191380315822, -2.4062413618896077, -2.297743739875853, -2.273446819934181], [0.7231419071650529, 0.6876907122045798, 0.6643802350003853, 0.6525071636997556, 0.6759549034525214, 0.7497605556349425, 0.8670231207465411, 0.9962127767520601, 1.0805254487081581, 1.1280272371741533, 1.1520164056387583, 1.1079598899229524, 1.044099840300762, 1.009238481680448, 1.0443521735806593, 1.0888650103700483, 1.1359075324768375, 1.1510931418919528, 1.104730114799403, 1.0337193599279124, 0.9400486899287019, 0.875602319487717, 0.8171386957942558, 0.758208195217734], [0.24273707463641792, 0.24292692420012443, 0.17848416442790221, 0.11496751403400986, 0.2429229727527442, 0.7076475902058059, 1.2019360416964378, 1.5153562361093176, 1.1309682741550275, 0.6644905892206264, 0.5052350408893989, 0.4426858188054992, 0.35880352131420956, 0.16720935078289745, 0.16435992032783783, 0.47135889740679343, 0.9689431659384798, 1.2877289897599575, 0.9686696433785912, 0.5705074256054651, 0.4544447048012331, 0.24827712118693357, 0.1808419429481558, 0.3828840364315871], [0.025668721969121015, 0.025620264345962974, 0.025469829705075442, 0.02487560553966476, 0.025692868336577853, 0.004944861369043394, 0.000811879168203444, 0.0014474218850884838, 0.002637826633921377, 0.000556697219088397, 0.004997723492944517, 0.0001308049649715994, 0.015829889114531977, 0.020304113372263715, 0.017024465713268568, 0.00747389903413276, 0.0007102062318449096, 0.0016128245088557582, 0.0, 0.0012616466347621428, 0.0047694849517997745, 0.026429546993254078, 0.024755187244442478, 0.007771766983907727], [-1.4470201499101234, -1.4428517070036435, -1.4051649260388808, -1.3831779256408723, -1.4236169721381804, -1.166419192351014, -1.6611778396364754, -1.7547470272089094, -0.962077768758256, -0.36712442244321325, 0.1703705816538229, 0.37568477286739976, -0.09268292586788111, -0.10715089340442045, -0.49609885756962135, -0.9716967323528302, -1.769437891929376, -1.7359051085481134, -1.7785555969338784, -1.2714967954577074, -1.0289981539592472, -1.7854157712179233, -1.706018684802354, -1.5617549588938473], [0.8662888970778514, 0.8240125702458455, 0.79582418602895, 0.781727133385135, 0.8099142763925659, 0.9013352295426709, 1.041964963459956, 1.1967934941728673, 1.299742630210285, 1.356390699745014, 1.3841140441299105, 1.3306214836068468, 1.2548861459092604, 1.2132865617845805, 1.2537256371538557, 1.307142080501592, 1.363483064896829, 1.3839244163751332, 1.32795167583385, 1.2431493091938663, 1.1307368982365549, 1.0495449103557326, 0.979074199899489, 0.9085984143818432], [1.2910737360240077, 1.2905590051404907, 1.170614955930932, 1.037454123606726, 1.2881306543513653, 1.4841903054149326, 1.7668913879818895, 1.8352111402168296, 1.7378604749682751, 1.541805654006833, 1.3597183650516822, 1.376918457049596, 1.2015716075617877, 1.2023821929172822, 1.2070361840703128, 1.3113745213698296, 1.5805607194763602, 1.7734211601878025, 1.6989516646402745, 1.5187371003018242, 1.335166491558748, 1.3542744337413695, 1.287254600700823, 0.9890987675871276], [0.015512411377495362, 0.014407688446014819, 0.016238988880187905, 0.016029108212516442, 0.013768445174128011, 0.012208788006208261, 0.010187601162872208, 0.0068845210862330496, 0.004237884819986159, 0.0, 0.0037236139593300275, 0.0024775042526017713, 0.016358958036020572, 0.015293153526616912, 0.010753231862463644, 0.00791782147066086, 0.010948629966823374, 0.003338010119825805, 0.0, 2.6754578182561188e-6, 0.0009985283739894402, 0.018369289225797135, 0.010774900794397425, 0.010782021472674989], [-2.479413851287673, -2.3588352060295947, -2.2785054525486603, -2.238327164875886, -2.3187703751208364, -2.582572096417744, -2.8350637330752586, -2.827178931575665, -2.5271542437909944, -1.9379610478478366, -1.4182847938220875, -0.9267882985846861, -0.5877244820332925, -0.6170354753717671, -1.1877739904192262, -1.9486125393101392, -2.8595011753298687, -3.608436554715047, -3.8070423430861724, -3.5658697088538736, -3.244328703150294, -3.002181920546064, -2.801045431035148, -2.5935327602740434], [1.200836114550652, 1.1424361410763857, 1.1035312576729588, 1.0840707095987359, 1.1230318972397038, 1.2507952644030935, 1.4457315036445793, 1.6598508111533838, 1.8051522982767458, 1.8830157499570885, 1.9219147398642582, 1.8436819085181526, 1.737563154633249, 1.6791484508192909, 1.7376042517299966, 1.8155215753107872, 1.8934494489932836, 1.9220002635575582, 1.8438347608687207, 1.7270295403258709, 1.571301452642648, 1.454023072998754, 1.3566083070758708, 1.2623073924939057], [0.0, 0.0, 0.0, 0.0, 0.0, 0.0, 0.0, 0.0, 0.0, 0.0, 0.0, 0.0, 0.0, 0.0, 0.0, 0.0, 0.0, 0.0, 0.0, 0.0, 0.0, 0.0, 0.0, 0.0], [1.2092582202306668, 1.2081506010650207, 1.178270664430714, 1.1476385474341664, 1.2106820389414819, 1.3205624935307512, 1.441732366100471, 1.5004656407706776, 1.422816062304228, 1.3024096626737083, 1.2098644111659524, 1.1798281434270275, 1.1716864007769947, 1.1403173486689222, 1.1716471013670768, 1.258166975491454, 1.3758182928105767, 1.4515202002714458, 1.3933562952095606, 1.3026540454796742, 1.2402344270143875, 1.218225446233496, 1.2071304660068436, 1.1955484604603588], [-2.4792394606245844, -2.3589876422736578, -2.2782815937689436, -2.238310549204725, -2.318803052875063, -2.582774063365802, -2.983802536662028, -3.426812758502532, -3.726746897534929, -3.886726902620981, -3.9676908126006127, -3.806856541790164, -3.5874517199107427, -3.4665487430904807, -3.587676444496554, -3.7481716505288065, -3.908790658698151, -3.9677112839333613, -3.8068694135172927, -3.5648502401747897, -3.244169913821195, -3.001686467431666, -2.8005681590677955, -2.6008814238301428], [1.2007511016113297, 1.142509724817257, 1.1034215135912984, 1.0840636415546463, 1.1230475011632959, 1.2508945996952883, 1.4450509439540002, 1.6596755673179424, 1.8049458174110982, 1.8824276335586068, 1.9216403657848489, 1.8437361911252281, 1.7374822032796868, 1.6789261807157219, 1.7375909952739512, 1.8153223488431978, 1.8931137547592305, 1.9216503056719234, 1.8437510105546178, 1.7265338152586283, 1.5712264255728972, 1.4537785729508481, 1.356376119936235, 1.2596623320961542], [0.0, 0.0, 0.0, 0.0, 0.0, 0.0, 0.0, 0.0, 0.0, 0.0, 0.0, 0.0, 0.0, 0.0, 0.0, 0.0, 0.0, 0.0, 0.0, 0.0, 0.0, 0.0, 0.0, 0.0], [0.896223982814006, 0.8953768081193365, 0.8730264534780035, 0.850154005024928, 0.8972065967707378, 0.9756794798304687, 1.064760005461361, 1.1073788122012924, 1.0467493800567487, 0.9587010705157971, 0.889152884241317, 0.864401869637255, 0.8671573970435336, 0.8440310175389619, 0.8668288189389871, 0.9299539490813412, 1.0146247187759456, 1.0677359626064493, 1.0252341315706683, 0.9588488391694335, 0.9117754410650437, 0.8983458273211411, 0.894635241211318, 0.8742567793402641], [-0.9907615965592527, -0.9421995132654917, -0.9098627791362245, -0.89368969124311, -0.9260174664043564, -1.0221529633735795, -1.1839813103885393, -1.3620399169302755, -1.4702450231205852, -1.5349921318527389, -1.5672443039500015, -1.5026979972149235, -1.4267980091927392, -1.3782332895675125, -1.4267917694776457, -1.4914708712805278, -1.5562066150788136, -1.5673390547557742, -1.5026428646724914, -1.4056270915621871, -1.27636118658146, -1.2013297966873895, -1.1202985597276771, -1.0082232539917275], [0.47984720398467634, 0.45632979139450114, 0.4406669996008901, 0.43283323818560404, 0.4484907870181197, 0.4950544704139161, 0.5734283178553313, 0.6596660395131164, 0.7120758449914519, 0.7434306200263605, 0.7590510628750571, 0.7277916843422048, 0.6910297399893963, 0.6675060492887054, 0.6910299831270911, 0.722355388277481, 0.7537052635395474, 0.759096832250143, 0.7277631551034114, 0.680776264688103, 0.6181721478556398, 0.5818305836035343, 0.542585351499866, 0.4981051528457899], [0.0, 0.0, 0.0, 0.0, 0.0, 0.0, 0.0, 0.0, 0.0, 0.0, 0.0, 0.0, 0.0, 0.0, 0.0, 0.0, 0.0, 0.0, 0.0, 0.0, 0.0, 0.0, 0.0, 0.0], [2.469903624836538, 2.468055855085861, 2.4072761872678208, 2.3446144957633748, 2.4722669307197953, 2.7084267665267205, 2.9555356726706745, 3.077779536872319, 2.9362135403056033, 2.6887245540250357, 2.5018018416500545, 2.4422910662167236, 2.400181688812615, 2.3380603380591, 2.400290731778703, 2.58104295049054, 2.82658851864827, 2.995195899473459, 2.874893789629702, 2.688231591728499, 2.56368823230494, 2.509848359834721, 2.4664148617505854, 2.4685598348051996], [-2.451286270190721, -2.332113748192042, -2.252715354126256, -2.2128988024355976, -2.2924486527045116, -2.5533936561470196, -2.9509206711754423, -3.3880630295797656, -3.6848806334555237, -3.8435823317017657, -3.922913568736617, -3.763710177386191, -3.547077649421451, -3.4277677743658304, -3.5470601298526465, -3.7061298995432446, -3.8648900711185936, -3.9230405399706387, -3.7639633556560637, -3.5255868280393847, -3.207723950873969, -2.968178308058622, -2.769313416038834, -2.5607509003052256], [1.1872134421415965, 1.129494093124965, 1.0910404716067716, 1.0717559525362035, 1.1102836953934787, 1.2366626600319566, 1.4291961074578248, 1.6409138180491705, 1.7846642911558153, 1.8615318763593423, 1.8999537535059858, 1.8228378225104938, 1.7179280528033753, 1.6601306789568313, 1.7179211759428414, 1.7949633132156777, 1.8718516949817006, 1.9000152173663016, 1.8229706554336467, 1.707519659883522, 1.553572683030504, 1.4375543720496402, 1.3412397959990763, 1.2496182469122168], [0.0, 0.0, 0.0, 0.0, 0.0, 0.0, 0.0, 0.0, 0.0, 0.0, 0.0, 0.0, 0.0, 0.0, 0.0, 0.0, 0.0, 0.0, 0.0, 0.0, 0.0, 0.0, 0.0, 0.0], [0.6543912754657195, 0.654398934761093, 0.6361775606358255, 0.6192699209059106, 0.654348830307901, 0.7139424100376783, 0.7816567624855784, 0.8149459964614658, 0.7635715298911361, 0.6937945168730216, 0.642247010370816, 0.621000658505632, 0.6315489852048387, 0.6137930108597901, 0.6305255626654844, 0.6739632204145144, 0.7440712924703147, 0.7803741695800783, 0.7463213990085443, 0.6936578103183494, 0.6616085807460138, 0.6764282303167245, 0.6570615119814287, 0.6321141097746668], [-2.656208440603073, -2.527099261981912, -2.440908218243506, -2.398000102026847, -2.484024536764316, -2.768339495901129, -3.1986161788685696, -3.672143308011112, -3.9953158956482535, -4.1670918313370064, -4.253561601250074, -4.081187649612409, -3.8443727727003054, -3.715058101218582, -3.8443552486901345, -4.016592823453976, -4.188679153965516, -4.253628097029687, -4.081293951387992, -3.823088257176838, -3.4787231390668927, -3.215996075664723, -3.0006612419978516, -2.7799078447826346], [1.2864599953473936, 1.223929776184387, 1.1821865582646753, 1.161404096375495, 1.2030681240339873, 1.3407666056417578, 1.54916051690091, 1.7785001765623019, 1.935025702180377, 2.0182146826769998, 2.0600939052259943, 1.9765606672065548, 1.8619146168899638, 1.7993006857622937, 1.8619071580828652, 1.9453274252300923, 2.028669905233878, 2.0601260564096964, 1.9766608756987654, 1.8516061546216116, 1.6848245455940785, 1.5575779945932617, 1.4532866453259712, 1.3516614833443426], [0.0, 0.0, 0.0, 0.0, 0.0, 0.0, 0.0, 0.0, 0.0, 0.0, 0.0, 0.0, 0.0, 0.0, 0.0, 0.0, 0.0, 0.0, 0.0, 0.0, 0.0, 0.0, 0.0, 0.0], [0.33990682685710455, 0.34006705240232293, 0.331607935874925, 0.3219918593849238, 0.3395134617695403, 0.3713336164461219, 0.4057175251896258, 0.4235572946529673, 0.40216792527918604, 0.3682875152343096, 0.3432837026450657, 0.3348319952470761, 0.3284400627252581, 0.31968491385590675, 0.32671796410617576, 0.35264206283854826, 0.38733192968946734, 0.41085815636293044, 0.3934069376155667, 0.3684398782791029, 0.35206469598596096, 0.3511422400178441, 0.34001251590753656, 0.3352999258566474], [0.0, 0.0, 0.0, 0.0, 0.0, 0.0, 0.0, 0.0, 0.0, 0.0, 0.0, 0.0, 0.0, 0.0, 0.0, 0.0, 0.0, 0.0, 0.0, 0.0, 0.0, 0.0, 0.0, 0.0], [0.0, 0.0, 0.0, 0.0, 0.0, 0.0, 0.0, 0.0, 0.0, 0.0, 0.0, 0.0, 0.0, 0.0, 0.0, 0.0, 0.0, 0.0, 0.0, 0.0, 0.0, 0.0, 0.0, 0.0], [0.0, 0.0, 0.0, 0.0, 0.0, 0.0, 0.0, 0.0, 0.0, 0.0, 0.0, 0.0, 0.0, 0.0, 0.0, 0.0, 0.0, 0.0, 0.0, 0.0, 0.0, 0.0, 0.0, 0.0], [0.8961721261957223, 0.8953113069717886, 0.872719230440833, 0.8500757891928299, 0.8971544518496862, 0.9757343472436574, 1.0648666324931586, 1.1074027750756092, 1.0464710010073266, 0.9587809776111214, 0.8892714851957935, 0.8648557527646918, 0.8669727079830862, 0.8437736009573843, 0.8668138329801824, 0.9296986791658878, 1.0147049195011053, 1.067998075903734, 1.0257033776643303, 0.9589379119592208, 0.9118679738575641, 0.8983542751472388, 0.8946137871896382, 0.8742957795028979]]
        ell = [[0.10789150775599565, 0.09830458044371193, 0.09242431354051939, 0.08950519493461684, 0.0953428911788925, 0.1230203676961299, 0.1678242480158838, 0.21634083765528578, 0.2291628956495495, 0.22794927717331737, 0.2248158664837896, 0.20152691208732176, 0.1846989025506387, 0.17049522363095448, 0.19060970379022346, 0.22258476273074668, 0.2628130046601309, 0.27939951210960756, 0.2545304616707702, 0.21962863352874074, 0.18090169494874053, 0.1605102111534109, 0.14046690555575636, 0.12287553128386297], [0.07912699124002964, 0.07076297896471506, 0.06528650948271042, 0.06227201825185191, 0.06884258310891656, 0.08371734454016644, 0.12052997082080297, 0.15856764137108592, 0.17167083233916292, 0.16857429533139023, 0.15863543170214744, 0.13482911295322375, 0.12044563310908041, 0.11181588665873377, 0.13383873200140317, 0.16603051511078748, 0.20543028936569252, 0.22399646023742892, 0.21065292780609313, 0.17540238489469817, 0.13797807798945905, 0.12489823718502269, 0.10641484056629813, 0.08827717389005407], [0.00919169937687967, 0.008330183102784647, 0.007784121186609923, 0.0075069767291726435, 0.008051061533120124, 0.010069426620924422, 0.013401893669071007, 0.017686080535714944, 0.021024987981863693, 0.0228731016331388, 0.023829980823117512, 0.021931856874752617, 0.01939230829711795, 0.0180874409610856, 0.019377429609934833, 0.02116144419643926, 0.02304266486265091, 0.023842296889381265, 0.02194318096483658, 0.019244417022910774, 0.01593066882070883, 0.013494237449817393, 0.011797237360381055, 0.010155852788984227], [0.0016697760576554652, 0.0015339378985293113, 0.001473216548568534, 0.0013870397522667086, 0.0014983762904507965, 0.0019274148415044743, 0.0024273714220360426, 0.003197635951818976, 0.003818142831494559, 0.004153269306242217, 0.004325519531790992, 0.0039821855105777165, 0.003495755100708435, 0.0032636704196865552, 0.003495641948284714, 0.003817409974951529, 0.004155153281072838, 0.004327729093927866, 0.003984564763511834, 0.0034979231759734797, 0.002900214048698613, 0.0024332169613368844, 0.002176047756751242, 0.0020655078989482473], [0.000933333997220479, 0.0008564259335027921, 0.0008019939454602129, 0.000772092442151944, 0.0008327936394991171, 0.0010804159878658854, 0.001376595007413029, 0.0018070262912333447, 0.0021542603246673953, 0.002343143716277382, 0.0024402431864409516, 0.002246290955856913, 0.0019741908066649785, 0.001840515002566105, 0.0019715999527754663, 0.00215320322638432, 0.0023446880279900167, 0.0024414892788438497, 0.002247839549970534, 0.001974044838105111, 0.001633970632947067, 0.001370318819131169, 0.0012205426066371724, 0.0011008801234977683], [0.00041844218885593354, 0.0003982411617293486, 0.0003556310230187366, 0.00037269174166849894, 0.0003899300548356356, 0.0004949781136992902, 0.0006141881170512994, 0.000805610046323482, 0.0009617291575251441, 0.001044834275749676, 0.0010877563724652846, 0.0010011968382855213, 0.0008856166528241804, 0.0008201503865566488, 0.0008787281393605102, 0.0009596720258488243, 0.0010461291126402155, 0.001088335869079143, 0.0010018663871540403, 0.0008797470527614059, 0.0007297466829983622, 0.0006167480124331964, 0.0005522874437338751, 0.0005264311512796784], [0.00010411386509984882, 9.773340224427524e-5, 9.210876363435067e-5, 9.041961336306303e-5, 9.480548775601255e-5, 0.00012162177044799244, 0.00015786977891459053, 0.00020677444748276597, 0.00024722994575059054, 0.00026198155035192516, 0.00027274502051258254, 0.0002509980669290063, 0.000222860108412673, 0.0002055867488223867, 0.00022029582673335768, 0.0002407475614169402, 0.0002689871533164412, 0.0002729084674530091, 0.00025128631947438085, 0.0002207805645543376, 0.00018253509659912903, 0.00015721997099266138, 0.00013712744712043867, 0.00012287051067466637], [0.010193512134078571, 0.009480257022398126, 0.009116675733429714, 0.008783638461160172, 0.009374157634114151, 0.01261780056469603, 0.01811102335000755, 0.022279815017936307, 0.017833365290346265, 0.0153924991241617, 0.011794257610197815, 0.00973815431602472, 0.011331948785261142, 0.009177685706451557, 0.011362852674329463, 0.016201484838944336, 0.02313419917734099, 0.025948239893122674, 0.023062632664702223, 0.019131333798787353, 0.01553886336293246, 0.01564740415299502, 0.013901330288649275, 0.0132046739546994], [0.00826204142797854, 0.008087406193012122, 0.007409558326011273, 0.007430321258092353, 0.007989846003818643, 0.010543701233112981, 0.01501802258816262, 0.018426353170718578, 0.014022198856152215, 0.013495489406627266, 0.008610935980837819, 0.006989992197597511, 0.010382513412048548, 0.0071482766730377265, 0.008798621782213141, 0.012975419445529008, 0.018487572816071166, 0.02096889041494698, 0.018555559030912317, 0.01532475360195422, 0.012386862312843316, 0.012782487237453658, 0.011841160732533117, 0.011072349811037323], [0.002581129432892534, 0.0023537871555688846, 0.002190464784697018, 0.0021093963357430964, 0.0022819665334022385, 0.0028761695369877572, 0.003800387005426516, 0.005005073074988533, 0.005974879990696623, 0.006491237850169775, 0.0067562903389554235, 0.006218319258119188, 0.0054645516909061186, 0.0050979966431586666, 0.0054625870667023456, 0.005969932434549304, 0.006504004259952409, 0.00677695530263273, 0.0062379545604070415, 0.0054771211320127884, 0.0045327963142787345, 0.0037916587824240525, 0.003356538633751931, 0.0028904835147128606], [0.001661118598314339, 0.0015010296991994705, 0.001437161313095898, 0.0013707841588704065, 0.0014553182620522546, 0.0018630994619693037, 0.002440412980887387, 0.0032117958648295855, 0.0038314326518708755, 0.0041637511820247506, 0.004334163030055036, 0.003988665077649487, 0.0035031841899822256, 0.0032693694559940614, 0.0035034808740068897, 0.003829173358253897, 0.004172486550811073, 0.004347460243357695, 0.004001479926347862, 0.003510964861604523, 0.0029082282427367896, 0.0024371666019524915, 0.0021547469914779066, 0.0019881809228950776], [0.00010366859782775378, 9.652385737801694e-5, 9.105057885164247e-5, 8.88550986795425e-5, 9.377522701473073e-5, 0.0001190827387120702, 0.00015764063122865324, 0.00020546372821754477, 0.00024492375746702766, 0.00026039051101343913, 0.0002708894123278488, 0.00024929316148046554, 0.00022106473343737332, 0.00020437679635061656, 0.00021909262402755592, 0.0002394600342209563, 0.00026631906915600134, 0.000271742743280845, 0.0002502134945411849, 0.0002198350270902899, 0.00018170824286443954, 0.0001536187983603582, 0.00013584290585283432, 0.00012117782427630008], [0.00041693424295126413, 0.0003890861873987862, 0.0003604029966162289, 0.0003613055178062269, 0.00037880611406729335, 0.0004896562484086575, 0.0006185751573527711, 0.0008104970133231829, 0.000960917923223271, 0.0010442100553392903, 0.0010867445984178385, 0.0010000157432621581, 0.0008814919722501467, 0.0008194813279186558, 0.0008784450468515177, 0.0009599428326522815, 0.0010470040103823396, 0.0010901641955251163, 0.0010034771997238382, 0.0008807201674009489, 0.000729344656780839, 0.0006134853877998906, 0.0005479691424053077, 0.000492281356534509], [0.00010494184049006372, 9.487504752525577e-5, 9.617965726557015e-5, 9.061872739205001e-5, 9.224855966682294e-5, 0.0001304241435855641, 0.00016087777555334748, 0.00021112150591616474, 0.00024925696885344517, 0.00026191827968513604, 0.0002724950425313233, 0.00025070192398132796, 0.0002210771577341175, 0.00020541669826810993, 0.00022019364294481591, 0.00024087465717605172, 0.0002685177064839228, 0.00027332701529236836, 0.0002515609632350174, 0.00022152511241836648, 0.00018323751619871154, 0.00016720719903036418, 0.00014005759896354442, 0.00012185496643889182], [0.008328841700844854, 0.007555268674630683, 0.007068714246531586, 0.006806081794459857, 0.007304565907844115, 0.00918623352429978, 0.012224181625240763, 0.016111543474279663, 0.019269429539565494, 0.020959352099894454, 0.02182737526154335, 0.02009748629965505, 0.017661524400547374, 0.016475533507705916, 0.01764437394408542, 0.01926651005580144, 0.020991462011176635, 0.02183881068865848, 0.020107956789192548, 0.017653648149787208, 0.014627970753438642, 0.012223138415801988, 0.010730811274866194, 0.00921299514490294], [0.00041365893671034505, 0.0003864276513405113, 0.0003580283418572152, 0.0003596494993506762, 0.00037619120068879415, 0.0004874992932225549, 0.0006129104365826288, 0.0008017969079663484, 0.0009500571456817041, 0.001033021987822294, 0.0010754286544262487, 0.0009903183297856031, 0.0008737070606295439, 0.0008120620411951721, 0.0008698360560914845, 0.000949393418959749, 0.0010340960553582314, 0.0010760567533932184, 0.0009911687483676955, 0.000870773393381127, 0.0007219478785877902, 0.0006078164085856348, 0.0005439067321422164, 0.0004869430477082909], [0.0001038837914941193, 0.00010191610705503895, 9.402185051526207e-5, 9.463787619835157e-5, 9.872100859372596e-5, 0.0001272179108744234, 0.00016021282245047563, 0.00021452013037791262, 0.00024328702759493503, 0.0002613754707445348, 0.00026969608249886867, 0.0002482828729058195, 0.00022698468422284457, 0.00020359337919273468, 0.000218207860389924, 0.00023813927254315304, 0.00026397119484414255, 0.0002700241096481454, 0.00024892509030269294, 0.0002188087056431004, 0.0001811715384714141, 0.0001711124921126156, 0.00014031177390422256, 0.00012987513418651758], [0.0037087028140306184, 0.0033741761524526378, 0.0031446619943353788, 0.0030285446266044296, 0.003268519025567461, 0.004108758747119694, 0.005450449604276007, 0.007184508810514864, 0.0085876008077179, 0.009339200052482486, 0.009726258857319212, 0.008954499353354942, 0.007865958166174908, 0.007339071894804428, 0.007860371583744983, 0.008583883808816643, 0.009342440865988098, 0.009731258363659859, 0.00895924057711486, 0.007868751306145071, 0.00651418435079088, 0.005445329225563138, 0.004813972314268867, 0.004128194911226083], [0.0004152116184070553, 0.00038759736213847063, 0.0003592298688658111, 0.00036085057827385346, 0.00037726836107239295, 0.0004885591541669071, 0.0006152419024284012, 0.0008055149609739675, 0.0009552449080262314, 0.0010389658243270615, 0.0010817606625583701, 0.000995909801013961, 0.0008781998433658909, 0.0008162065454093232, 0.0008744178890378587, 0.0009546403990114865, 0.0010399910600550595, 0.0010823967575414905, 0.000996763601965469, 0.0008753274312594669, 0.0007253857872073378, 0.0006103176844775489, 0.0005460126496991766, 0.0004891820121856072], [0.00010486062439885036, 0.00010264638513329816, 9.843285138775443e-5, 9.46970539126013e-5, 9.922043457166047e-5, 0.00013038453742682254, 0.00016062194988815393, 0.00021582879515569253, 0.00024402783717168697, 0.0002632009882189701, 0.00027125775503542005, 0.0002496938642394114, 0.00023952875772489945, 0.00020492006086565706, 0.0002194422969460097, 0.00023948739787463258, 0.00026624485338724857, 0.0002716381564187853, 0.00025062926109800654, 0.00022059620607120523, 0.00018197772757927444, 0.00017829596810139958, 0.0001424816029180348, 0.00013148620506479164], [0.0009325749477644837, 0.0008561429580683951, 0.0008025042682503526, 0.0007724509022004161, 0.0008325061673987427, 0.0010811313108695798, 0.001375074823115938, 0.0018044268042743498, 0.00215088106759553, 0.002339443823267518, 0.0024363282217576714, 0.0022428364434102237, 0.001970969706870419, 0.0018379354511059741, 0.0019687512959319724, 0.0021499279775911827, 0.0023410627999039826, 0.0024375760083318594, 0.002244460954475406, 0.0019711499045959543, 0.0016319319597550693, 0.0013684562094954205, 0.0012188874963207411, 0.001099948154654294], [0.00010364798097620143, 9.669844856693283e-5, 9.123944538941275e-5, 8.901013883751141e-5, 9.386927619204483e-5, 0.00011982597830086095, 0.00015645883581055786, 0.00020555512815573218, 0.000245738483534097, 0.0002605651737041248, 0.00027123948209220594, 0.00024967111973550615, 0.00022173516105568336, 0.00020460161958145429, 0.00021921805535103644, 0.000239489396560974, 0.0002678820862423853, 0.0002713971831272144, 0.0002499599984371048, 0.00021967765723529542, 0.00018163447805323585, 0.00015361330680198348, 0.00013610235998061382, 0.00012182721485944764], [0.00010364798100283984, 9.669844734778998e-5, 9.123944556762437e-5, 8.901013890458276e-5, 9.386927637626552e-5, 0.00011982597836678044, 0.00015645883603511435, 0.0002055551284453755, 0.0002457384836085791, 0.00026056517369772714, 0.0002712394820854752, 0.00024967111974592837, 0.0002217351610550311, 0.00020460161940764887, 0.00021921805533098304, 0.00023948939663498425, 0.0002678820862808129, 0.00027139718314415917, 0.00024995999844187877, 0.00021967765725963706, 0.00018163447804872557, 0.00015361330694933784, 0.00013610236015501598, 0.00012182721479036401], [0.0009260645232705174, 0.0008517331308788802, 0.0007967529239544351, 0.0007675217447468811, 0.0008286197014523851, 0.001081445333782991, 0.0013647116759320944, 0.0017869765310107302, 0.0021276984622117245, 0.0023127379893741642, 0.0024079191289026764, 0.002217753988213491, 0.0019505728846609788, 0.0018193432291983259, 0.0019481422421368344, 0.00212638783238451, 0.00231444391778947, 0.002409144753146076, 0.0022193860936378803, 0.001950835810638515, 0.0016164371426262041, 0.0013578079618934169, 0.0012123058972130884, 0.001092362340937418], [0.0001032831137495055, 9.732918041954752e-5, 9.37247580215933e-5, 9.00875400343254e-5, 9.41949603226605e-5, 0.0001254296978870223, 0.00015635681580250527, 0.00020312706092623367, 0.00024258380361406873, 0.0002576276523961196, 0.0002680709649119928, 0.0002468752684032377, 0.00021907648819921577, 0.000202529597418441, 0.00021698685216448022, 0.0002368376950994261, 0.00026323837721742294, 0.00026823256780540705, 0.0002471481604047615, 0.00021738225747440498, 0.00018007957083295, 0.00016200145453618142, 0.00013724400169075335, 0.00012049376390892846], [0.00010328311354042274, 9.732918077460379e-5, 9.37247579934769e-5, 9.008753870897585e-5, 9.419496052938403e-5, 0.0001254296974223107, 0.0001563568156389833, 0.00020312706108356615, 0.0002425838037517225, 0.000257627652396189, 0.00026807096493869365, 0.0002468752683983666, 0.0002190764882345625, 0.00020252959752205257, 0.00021698685215439106, 0.0002368376951850243, 0.0002632383772902952, 0.0002682325677993841, 0.00024714816043222565, 0.00021738225740043637, 0.00018007957082694093, 0.00016200145424476176, 0.00013724400174440488, 0.0001204937630518016], [0.00040950039846199087, 0.0003739702570843565, 0.00035975807712590224, 0.0003332443864536497, 0.0003749538874019245, 0.0004495041605519613, 0.0005996570414876248, 0.000788373538885968, 0.0009426764322714185, 0.001024863186185234, 0.0010672456283360803, 0.0009848904635657624, 0.0008673317629056391, 0.000817061121239536, 0.0008636199584753108, 0.0009661019302454715, 0.0010251679895577999, 0.0010707292650622181, 0.0009836221060968652, 0.0008638683347053898, 0.0007192236364401164, 0.0006003133104951208, 0.0005244876449019465, 0.0004551102953151143], [0.00010545307404188214, 9.555234616350633e-5, 8.933185466792476e-5, 8.341324859997834e-5, 9.347047588516982e-5, 0.0001133929198931724, 0.00015119204460888047, 0.00019758198934542726, 0.00023632744158720576, 0.00025694023015536416, 0.0002675995856510627, 0.0002479819616408585, 0.00021913183880126197, 0.00022334934401985196, 0.0002164623840422708, 0.00026719497993335506, 0.0002570168591625316, 0.00026941010195434545, 0.00024658675556051, 0.00021658290472513497, 0.0001822012815098778, 0.00015159602466971456, 0.0001352456026793708, 0.00012180391630750576], [0.004803945119558204, 0.004357446998815249, 0.004172604667395999, 0.003911882139951341, 0.004313214520546925, 0.005228097790606212, 0.007011758399224713, 0.009205510347050654, 0.010918373338992373, 0.011878010225035908, 0.012375331215446692, 0.011444547868956788, 0.010091225098857896, 0.009507506183094849, 0.010204949627673782, 0.011081692920799607, 0.011987041362863248, 0.01240732526629046, 0.011397007295353844, 0.00999683795273252, 0.008470673709309123, 0.007049362680058641, 0.006141317649533927, 0.005293826774149463], [0.00010539803235144057, 9.5371294071174e-5, 8.924290372230859e-5, 8.346205310874599e-5, 9.565125401169577e-5, 0.0001130624983054912, 0.00015039563709544346, 0.00019749720221394484, 0.0002362198034184665, 0.0002568094259660231, 0.0002674589482208056, 0.000248130899655738, 0.00022150748885786664, 0.0002157767961464413, 0.0002163761965515848, 0.00025797046392833645, 0.0002568918684233562, 0.00026910473624637554, 0.00024646360697218317, 0.00021646485895202017, 0.00018149607465015039, 0.00015005295836521826, 0.0001343938659642413, 0.000126572536586822], [0.0019907472910933735, 0.001901073488618035, 0.0017737197908026868, 0.0016775413466370527, 0.002112839816096401, 0.0016448827731682376, 0.002669394829009867, 0.0031913706380503836, 0.002265457397229203, 0.0016371856532812893, 0.0013472992920836807, 0.001173144796830274, 0.0014047015573929868, 0.0012831507173514515, 0.0015807389619174163, 0.003273818011090318, 0.0036640048994217513, 0.004140110312292306, 0.003595167913104316, 0.002479323796266107, 0.0020272822397652533, 0.002992771077336237, 0.002740912103922675, 0.002507055299797949], [0.0014272684801824806, 0.001362440646049851, 0.001537160424223923, 0.0010149239421334913, 0.0015917591059296508, 0.0010355660328361924, 0.0015829558355857337, 0.0018153356635670639, 0.0011657192129640032, 0.0007933346367022231, 0.000804640308792407, 0.0008712981871534342, 0.0010796980851829564, 0.0006173541802720842, 0.0009354274997208833, 0.0017161764953100844, 0.0020089785505852447, 0.0020748530102311395, 0.0019835435831770626, 0.0012764579725651542, 0.0010682395763568326, 0.0018313764300734244, 0.001671794860197581, 0.0021914179927866747], [0.022613638936226258, 0.020760271640494682, 0.019970127726652395, 0.018955251152274127, 0.020508949798753784, 0.024326050803494655, 0.030672577099365682, 0.03590187903263175, 0.037876441822966664, 0.035039117913355906, 0.0310400149484361, 0.02534596055025038, 0.02232012863323168, 0.021850523533079935, 0.0265630906492232, 0.034264220423548014, 0.04277693235798164, 0.04970333141901003, 0.048756478237219465, 0.04321662696702079, 0.035747661585892675, 0.03166668259822679, 0.02802530885593907, 0.024593874044079405], [0.009086549261941815, 0.008422343916225481, 0.008460180826322827, 0.00774595229756861, 0.008709101896846478, 0.009710304049175125, 0.012295955763179385, 0.015433888995216982, 0.017831174912837602, 0.018435320655929448, 0.017727067157316777, 0.015637304612892467, 0.014989045322000549, 0.014143077111539096, 0.015903353754293147, 0.01802741277700968, 0.019304446917820493, 0.019863742506544796, 0.018505052171396096, 0.01651594977459827, 0.01368080348056769, 0.012362086575967334, 0.011041941180561817, 0.009785532594146175], [0.0030039403707922407, 0.0027259472442156102, 0.002626317558827201, 0.002444044369147356, 0.0027153916759838316, 0.0032602553350001744, 0.004381382347371891, 0.005756583927527608, 0.006816052007709181, 0.007416505493775552, 0.0077235504007693535, 0.007112131519658934, 0.006306771340445414, 0.005952462496171522, 0.006306846693154643, 0.006944312272281399, 0.007505143471767266, 0.007759865647239637, 0.007118699991405021, 0.006238782242916869, 0.005164013477003911, 0.004414768258527864, 0.00384372871256683, 0.0033036342949499613], [0.0016947019281670771, 0.0016190051466774137, 0.001572207232254431, 0.0015391163587741878, 0.001611241940998352, 0.0017712227329046985, 0.0020633229593623073, 0.002394293906592334, 0.002654600495786906, 0.00250966966170734, 0.002071818445090321, 0.0016784371303564787, 0.0018795454234377014, 0.0018134317088932116, 0.00222234479842336, 0.002678869100026037, 0.002792866663990677, 0.002864444887181425, 0.0027252803993518472, 0.0025081471544758983, 0.002103033800650949, 0.0020575653319055208, 0.0019164876964021275, 0.0017802832506820794], [0.0009856907817240579, 0.0009583098136080742, 0.000947829379519996, 0.0009267245769649934, 0.0009630655636683749, 0.001012778100502848, 0.0011209828572953107, 0.0012409462725773424, 0.0013324022718161355, 0.0011813599177682987, 0.0008622931380291021, 0.0006429793946040319, 0.0008358654099424878, 0.0008064962637003847, 0.0010714567115753526, 0.0013525478765828436, 0.0013812219514084956, 0.0014064061594362964, 0.001357812938607289, 0.0012768813084352015, 0.0010545230811627726, 0.0011198505213838583, 0.0010691906408274998, 0.0010201428674631585], [0.002149781861726668, 0.0021962014995416585, 0.0021867376997543693, 0.0022122008162769663, 0.002608833513090589, 0.0020055369731777593, 0.0018781233506402909, 0.0019854755186121515, 0.0024985833079513645, 0.00249992136186587, 0.0026409438393661913, 0.002452613887271779, 0.002551489663400533, 0.00221513469961774, 0.0025109483093476203, 0.003466043136848157, 0.002525297787553791, 0.0031682603591145137, 0.0023855312707778175, 0.0021103254406587687, 0.0021084363204211306, 0.0019060691453895266, 0.002100638095251564, 0.0025836180104033303], [0.0028709263771336713, 0.0027022376265902668, 0.0035224364053609908, 0.002681550188406198, 0.0037217682452514804, 0.0025500989116187737, 0.002246205240387113, 0.0018438114087426052, 0.002116648904903706, 0.001935444098472703, 0.003291618629547944, 0.0021240807827227074, 0.003199129529315641, 0.0032569665894718017, 0.0018904525983570184, 0.0019793788285975694, 0.0019455055595873126, 0.0021498055626970455, 0.0019007072638507233, 0.0018491091697748552, 0.0018868065359060986, 0.002420649506751713, 0.0021644769915631964, 0.003236482868033735], [0.0030480850707301655, 0.0032171807137107676, 0.0033857404020659976, 0.00331018671790078, 0.0036435482854764558, 0.003075002210726688, 0.0025112875703215097, 0.002094156437826035, 0.0019352342926585134, 0.0018801269855437078, 0.0018760670960563629, 0.0019616844880150463, 0.0022268006626772023, 0.002359907336494898, 0.002023326856494409, 0.0029495539366525365, 0.0018750286042000324, 0.002217914636939364, 0.0019046280234260534, 0.002017694329436566, 0.0024149198557987064, 0.0026550730950217626, 0.0028980386678505105, 0.003581831230590586], [0.0004872483637357586, 0.00044411478293753274, 0.0004267329263340502, 0.0003956121652922788, 0.00044396407980609417, 0.0005180176881175113, 0.0006986349769881914, 0.0009223567444721752, 0.0010758918236076192, 0.0011732081911443256, 0.0012232792894093444, 0.0011266491647954195, 0.0010169771483536916, 0.0009626294106294585, 0.0010126604667332376, 0.0011467030687037569, 0.0012063446026148608, 0.0012298697574712402, 0.001124374363730294, 0.0009830493631160806, 0.0008136737063478863, 0.0007179104923358401, 0.0006260597554074924, 0.0005153774053240841], [0.006244839628766811, 0.006365948652257431, 0.006608355292968495, 0.006424749329350739, 0.006614140849349705, 0.006341629947412488, 0.0059707369385414745, 0.0054780246559474775, 0.005177888342563179, 0.005028507493658912, 0.0049569237777271815, 0.005158793545339457, 0.005338510767834203, 0.00587894531313712, 0.005324937934455115, 0.005689605411237726, 0.005030160731648195, 0.005332021358026467, 0.005103118591358702, 0.00533539111150592, 0.005676059544511212, 0.005941320469940412, 0.006147565413756733, 0.0063748819027915965], [0.00768878093010239, 0.007764924603347212, 0.00797135222251888, 0.007747414101921757, 0.008178960237047783, 0.007859127642739772, 0.007687022993842274, 0.0073596732006043775, 0.00717704770355676, 0.00708194842244092, 0.007035991593073554, 0.007202039347104172, 0.0072803298101551395, 0.007467525706989497, 0.007266433192919641, 0.0074851101229425065, 0.007084277421094631, 0.007277805090172285, 0.007130172896905651, 0.007278976855548791, 0.00752049788821596, 0.00763091453232545, 0.007741145367187285, 0.007864314422560081], [0.0, 0.0, 0.0, 0.0, 0.0, 0.0, 0.0, 0.0, 0.0, 0.0, 0.0, 0.0, 0.0, 0.0, 0.0, 0.0, 0.0, 0.0, 0.0, 0.0, 0.0, 0.0, 0.0, 0.0], [0.0, 0.0, 0.0, 0.0, 0.0, 0.0, 0.0, 0.0, 0.0, 0.0, 0.0, 0.0, 0.0, 0.0, 0.0, 0.0, 0.0, 0.0, 0.0, 0.0, 0.0, 0.0, 0.0, 0.0], [0.0, 0.0, 0.0, 0.0, 0.0, 0.0, 0.0, 0.0, 0.0, 0.0, 0.0, 0.0, 0.0, 0.0, 0.0, 0.0, 0.0, 0.0, 0.0, 0.0, 0.0, 0.0, 0.0, 0.0], [0.0, 0.0, 0.0, 0.0, 0.0, 0.0, 0.0, 0.0, 0.0, 0.0, 0.0, 0.0, 0.0, 0.0, 0.0, 0.0, 0.0, 0.0, 0.0, 0.0, 0.0, 0.0, 0.0, 0.0]]
        heat_direction = [[1.0, 1.0, 1.0, 1.0, 1.0, 1.0, 1.0, 1.0, 1.0, 1.0, 1.0, 1.0, 1.0, 1.0, 1.0, 1.0, 1.0, 1.0, 1.0, 1.0, 1.0, 1.0, 1.0, 1.0], [1.0, 1.0, 1.0, 1.0, 1.0, 1.0, 1.0, 1.0, 1.0, 1.0, 1.0, 1.0, 1.0, 1.0, 1.0, 1.0, 1.0, 1.0, 1.0, 1.0, 1.0, 1.0, 1.0, 1.0], [1.0, 1.0, 1.0, 1.0, 1.0, 1.0, 1.0, 1.0, 1.0, 1.0, 1.0, 1.0, 1.0, 1.0, 1.0, 1.0, 1.0, 1.0, 1.0, 1.0, 1.0, 1.0, 1.0, 1.0], [1.0, 1.0, 1.0, 1.0, 1.0, 1.0, 1.0, 1.0, 1.0, 1.0, 1.0, 1.0, 1.0, 1.0, 1.0, 1.0, 1.0, 1.0, 1.0, 1.0, 1.0, 1.0, 1.0, 1.0], [1.0, 1.0, 1.0, 1.0, 1.0, 1.0, 1.0, 1.0, 1.0, 1.0, 1.0, 1.0, 1.0, 1.0, 1.0, 1.0, 1.0, 1.0, 1.0, 1.0, 1.0, 1.0, 1.0, 1.0], [1.0, 1.0, 1.0, 1.0, 1.0, 1.0, 1.0, 1.0, 1.0, 1.0, 1.0, 1.0, 1.0, 1.0, 1.0, 1.0, 1.0, 1.0, 1.0, 1.0, 1.0, 1.0, 1.0, 1.0], [1.0, 1.0, 1.0, 1.0, 1.0, 0.0, 0.0, -0.0, 0.0, -0.0, 0.0, 0.0, 0.0, 1.0, 1.0, 0.0, -0.0, 0.0, -0.0, 0.0, 0.0, 1.0, 1.0, 0.0], [0.0, 0.0, 1.0, 1.0, 0.0, 0.0, 0.0, -0.0, 0.0, -0.0, 0.0, 0.0, 0.0, 1.0, 1.0, 0.0, -0.0, 0.0, -0.0, 0.0, 0.0, 0.0, 1.0, 0.0], [0.0, 0.0, 0.0, 1.0, 0.0, 0.0, 0.0, -0.0, 0.0, 0.0, 0.0, 0.0, 0.0, 0.0, 0.0, 0.0, 0.0, 0.0, -0.0, 0.0, 0.0, 0.0, 0.0, 0.0], [1.0, 1.0, 1.0, 1.0, 1.0, 1.0, 1.0, 1.0, 1.0, 1.0, 1.0, 1.0, 1.0, 1.0, 1.0, 1.0, 1.0, 1.0, 1.0, 1.0, 1.0, 1.0, 1.0, 1.0], [1.0, 1.0, 1.0, 1.0, 1.0, 1.0, 1.0, 1.0, 1.0, 1.0, 1.0, 1.0, 1.0, 1.0, 1.0, 1.0, 1.0, 1.0, 1.0, 1.0, 1.0, 1.0, 1.0, 1.0], [1.0, 1.0, 1.0, 1.0, 1.0, 1.0, 0.0, 0.0, 0.0, 1.0, 1.0, 1.0, 1.0, 1.0, 1.0, 1.0, 1.0, 0.0, 0.0, 0.0, 1.0, 1.0, 1.0, 1.0], [1.0, 1.0, 1.0, 1.0, 1.0, 1.0, 1.0, 1.0, 1.0, 1.0, 1.0, 1.0, 1.0, 1.0, 1.0, 1.0, 1.0, 1.0, 1.0, 1.0, 1.0, 1.0, 1.0, 1.0], [1.0, 1.0, 1.0, 1.0, 1.0, 1.0, 1.0, 1.0, 1.0, 1.0, 1.0, 1.0, 1.0, 1.0, 1.0, 1.0, 1.0, 1.0, 1.0, 1.0, 1.0, 1.0, 1.0, 1.0], [1.0, 1.0, 1.0, 1.0, 1.0, 1.0, 1.0, 1.0, 1.0, 1.0, 1.0, 1.0, 1.0, 1.0, 1.0, 1.0, 1.0, 1.0, 1.0, 1.0, 1.0, 1.0, 1.0, 1.0], [1.0, 1.0, 1.0, 1.0, 1.0, 1.0, 1.0, 1.0, 1.0, 1.0, 1.0, 1.0, 1.0, 1.0, 1.0, 1.0, 1.0, 1.0, 1.0, 1.0, 1.0, 1.0, 1.0, 1.0], [1.0, 1.0, 1.0, 1.0, 1.0, 1.0, 1.0, 1.0, 1.0, 1.0, 1.0, 1.0, 1.0, 1.0, 1.0, 1.0, 1.0, 1.0, 1.0, 1.0, 1.0, 1.0, 1.0, 1.0], [1.0, 1.0, 1.0, 1.0, 1.0, 1.0, 1.0, 1.0, 1.0, 1.0, 1.0, 1.0, 1.0, 1.0, 1.0, 1.0, 1.0, 1.0, 1.0, 1.0, 1.0, 1.0, 1.0, 1.0], [1.0, 1.0, 1.0, 1.0, 1.0, 1.0, 1.0, 1.0, 1.0, 1.0, 1.0, 1.0, 1.0, 1.0, 1.0, 1.0, 1.0, 1.0, 1.0, 1.0, 1.0, 1.0, 1.0, 1.0], [1.0, 1.0, 1.0, 1.0, 1.0, 1.0, 1.0, 1.0, 1.0, 1.0, 1.0, 1.0, 1.0, 1.0, 1.0, 1.0, 1.0, 1.0, 1.0, 1.0, 1.0, 1.0, 1.0, 1.0], [1.0, 1.0, 1.0, 1.0, 1.0, 1.0, 1.0, 1.0, 1.0, 1.0, 1.0, 1.0, 1.0, 1.0, 1.0, 1.0, 1.0, 1.0, 1.0, 1.0, 1.0, 1.0, 1.0, 1.0], [1.0, 1.0, 1.0, 1.0, 1.0, 1.0, 1.0, 1.0, 1.0, 1.0, 1.0, 1.0, 1.0, 1.0, 1.0, 1.0, 1.0, 1.0, 1.0, 1.0, 1.0, 1.0, 1.0, 1.0], [1.0, 1.0, 1.0, 1.0, 1.0, 1.0, 1.0, 1.0, 1.0, 1.0, 1.0, 1.0, 1.0, 1.0, 1.0, 1.0, 1.0, 1.0, 1.0, 1.0, 1.0, 1.0, 1.0, 1.0], [1.0, 1.0, 1.0, 1.0, 1.0, 1.0, 1.0, 1.0, 1.0, 1.0, 1.0, 1.0, 1.0, 1.0, 1.0, 1.0, 1.0, 1.0, 1.0, 1.0, 1.0, 1.0, 1.0, 1.0], [1.0, 1.0, 1.0, 1.0, 1.0, 1.0, 1.0, 1.0, 1.0, 1.0, 1.0, 1.0, 1.0, 1.0, 1.0, 1.0, 1.0, 1.0, 1.0, 1.0, 1.0, 1.0, 1.0, 1.0], [1.0, 1.0, 1.0, 1.0, 1.0, 1.0, 1.0, 1.0, 1.0, 1.0, 1.0, 1.0, 1.0, 1.0, 1.0, 1.0, 1.0, 1.0, 1.0, 1.0, 1.0, 1.0, 1.0, 1.0], [1.0, 1.0, 1.0, 1.0, 1.0, 1.0, 1.0, 1.0, 1.0, 1.0, 1.0, 1.0, 1.0, 1.0, 1.0, 1.0, 1.0, 1.0, 1.0, 1.0, 1.0, 1.0, 1.0, 1.0], [1.0, 1.0, 1.0, 1.0, 1.0, 1.0, 1.0, 1.0, 1.0, 1.0, 1.0, 1.0, 1.0, 1.0, 1.0, 1.0, 1.0, 1.0, 1.0, 1.0, 1.0, 1.0, 1.0, 1.0], [1.0, 1.0, 1.0, 1.0, 1.0, 1.0, 1.0, 1.0, 1.0, 1.0, 1.0, 1.0, 1.0, 1.0, 1.0, 1.0, 1.0, 1.0, 1.0, 1.0, 1.0, 1.0, 1.0, 1.0], [1.0, 1.0, 1.0, 1.0, 1.0, 1.0, 1.0, 1.0, 1.0, 1.0, 1.0, 1.0, 1.0, 1.0, 1.0, 1.0, 1.0, 1.0, 1.0, 1.0, 1.0, 1.0, 1.0, 1.0], [1.0, 1.0, 1.0, 1.0, 1.0, 1.0, 1.0, 1.0, 1.0, 1.0, 1.0, 1.0, 1.0, 1.0, 1.0, 1.0, 1.0, 1.0, 1.0, 1.0, 1.0, 1.0, 1.0, 1.0], [1.0, 1.0, 1.0, 1.0, 1.0, 1.0, 1.0, 1.0, 1.0, 1.0, 1.0, 1.0, 1.0, 1.0, 1.0, 1.0, 1.0, 1.0, 1.0, 1.0, 1.0, 1.0, 1.0, 1.0], [1.0, 1.0, 1.0, 1.0, 1.0, 1.0, 1.0, 1.0, 1.0, 1.0, 1.0, 1.0, 1.0, 1.0, 1.0, 1.0, 1.0, 1.0, 1.0, 1.0, 1.0, 1.0, 1.0, 1.0], [1.0, 1.0, 1.0, 1.0, 1.0, 1.0, 1.0, 1.0, 1.0, 1.0, 1.0, 1.0, 1.0, 1.0, 1.0, 1.0, 1.0, 1.0, 1.0, 1.0, 1.0, 1.0, 1.0, 1.0], [1.0, 1.0, 1.0, 1.0, 1.0, 1.0, 1.0, 1.0, 1.0, 1.0, 1.0, 1.0, 1.0, 1.0, 1.0, 1.0, 1.0, 1.0, 1.0, 1.0, 1.0, 1.0, 1.0, 1.0], [1.0, 1.0, 1.0, 1.0, 1.0, 1.0, 1.0, 1.0, 1.0, 1.0, 1.0, 1.0, 1.0, 1.0, 1.0, 1.0, 1.0, 1.0, 1.0, 1.0, 1.0, 1.0, 1.0, 1.0], [1.0, 1.0, 1.0, 1.0, 1.0, 1.0, 1.0, 1.0, 1.0, 1.0, 1.0, 1.0, 1.0, 1.0, 1.0, 1.0, 1.0, 1.0, 1.0, 1.0, 1.0, 1.0, 1.0, 1.0], [0.0, 0.0, 0.0, 0.0, 0.0, 0.0, 0.0, 0.0, 0.0, 0.0, 0.0, 0.0, 0.0, 0.0, 0.0, 0.0, 0.0, 0.0, 0.0, 0.0, 0.0, 0.0, 0.0, 0.0], [0.0, 0.0, 0.0, 0.0, 0.0, 0.0, 0.0, 0.0, 0.0, 0.0, 0.0, 0.0, 0.0, 0.0, 0.0, 0.0, 0.0, 0.0, 0.0, 0.0, 0.0, 0.0, 0.0, 0.0]]
        m_load = [[0.0, 0.0, 0.0, 0.0, 0.0, 0.0, 0.0, 0.0, 0.0, 0.0, 0.0, 0.0, 0.0, 0.0, 0.0, 0.0, 0.0, 0.0, 0.0, 0.0, 0.0, 0.0, 0.0, 0.0], [19.50685761671243, 19.442153227055428, 18.796682170008346, 18.833535614952286, 19.4878234567458, 21.781301028598346, 22.149790755064437, 10.59835898503198, 10.0443571658025, 9.202557892739346, 20.29884581936649, 19.75657210000297, 19.443918936131112, 18.582166770521606, 8.221490470132771, 20.847294064893894, 9.671482942478235, 23.767206503584234, 9.90827140937682, 20.927426419022186, 20.773292599699587, 19.902543391332472, 19.296210374618518, 19.40537696481807], [0.3538136496694695, 0.3542678453985978, 0.3369811885214618, 0.3027287449799341, 0.35446641717914984, 0.3373647160903535, 0.37819402616060116, 0.320082535468341, 0.3690483499651843, 0.29695328376765673, 0.2794734194334355, 0.3077889834721962, 0.22609272344926698, 0.31375994512789285, 0.15034013605442187, 0.30071696204754084, 0.30466303433455266, 0.4131859781948326, 0.3085179096179971, 0.3338279405744138, 0.32404888300091267, 0.3598921399720667, 0.3459317770285908, 0.2643909207066332], [9.121384914277533, 9.110087550092675, 8.927711038381219, 8.322923961420383, 9.126417363040273, 10.586481161119615, 10.534276101786176, 5.165802519351596, 11.10434002425642, 4.4921427299061225, 10.568015693143014, 9.388130755979171, 10.199192693625097, 8.636095824371676, 4.047372113216898, 10.838710466853957, 4.741831948058735, 10.869481691508035, 4.801485017443035, 9.896184157662102, 9.63060081128459, 9.202611641941953, 9.122349181007547, 10.301319141844312], [0.22331428573902015, 0.22114389801336953, 0.2269927937400612, 0.22277433326630117, 0.22588207177051947, 0.04527883452364074, 0.006706425909121367, 0.004923203690777156, 0.024697653911374223, 0.0018935279560829833, 0.04678523832057812, 0.0011927878455665042, 0.1422523262793264, 0.18388392137786308, 0.15287087019005854, 0.06910321167616393, 0.0024156674552547946, 0.015489094957812448, 0.0, 0.011128465391869409, 0.04429653804779775, 0.22582784132110928, 0.21596833854036226, 0.07426357223998555], [0.5390847615675483, 0.1885100976483849, 0.5261904761904762, 0.2287223282719828, 0.5378088678818276, 0.18912812246254596, 0.20454762359633227, 0.212257374163226, 0.4714685636634199, 0.18912812246254684, 0.17756349661220527, 0.5192246510163341, 0.16985374604531178, 0.49743502891757124, 0.16985374604531178, 0.5210398910823812, 0.19683787302943878, 0.20840249887977935, 0.20069274831288564, 0.18912812246254596, 0.18141837189565257, 0.5267492184326192, 0.5396825396825397, 0.17370862132875875], [0.1541950113378686, 0.1541950113378686, 0.15034013605442187, 0.14648526077097518, 0.1541950113378686, 0.16961451247165543, 0.18503401360544233, 0.19274376417234151, 0.18503401360544233, 0.24209933657624783, 0.1580498866213153, 0.1541950113378686, 0.15034013605442187, 0.14648526077097518, 0.15034013605442187, 0.1619047619047619, 0.1773242630385489, 0.18888888888888888, 0.1811791383219956, 0.16961451247165543, 0.1619047619047619, 0.1580498866213153, 0.1541950113378686, 0.1541950113378686], [0.1541950113378686, 0.1541950113378686, 0.15034013605442187, 0.14648526077097518, 0.1541950113378686, 0.16961451247165543, 0.18503401360544233, 0.19274376417233574, 0.18503401360544233, 0.20071378779456062, 0.1580498866213153, 0.1541950113378686, 0.15034013605442187, 0.14648526077097518, 0.15034013605442187, 0.1619047619047619, 0.28090836246604667, 0.18888888888888888, 0.21227841364490074, 0.16961451247165543, 0.1619047619047619, 0.1580498866213153, 0.1541950113378686, 0.1541950113378686], [0.1541950113378686, 0.1541950113378686, 0.15034013605442187, 0.14648526077097518, 0.1541950113378686, 0.16961451247165543, 0.18503401360544233, 0.19274376417233574, 0.18503401360544233, 0.19966081198342867, 0.1580498866213153, 0.1541950113378686, 0.15034013605442187, 0.14648526077097518, 0.15034013605442187, 0.1619047619047619, 0.1773242630385489, 0.18888888888888888, 0.2112254378337688, 0.16961451247165543, 0.1619047619047619, 0.1580498866213153, 0.1541950113378686, 0.1541950113378686], [0.33474842285332995, 0.330927447969525, 0.31222734969690247, 0.34853910903262575, 0.33612816991792815, 0.39176036606504094, 0.40035013723809754, 0.2587344386424919, 0.25102468807559825, 0.23560518694181165, 0.36795025482282795, 0.33464428690599424, 0.3418795536006906, 0.32698374507050587, 0.2609494008877662, 0.36770221218015753, 0.24331493750870492, 0.5131620909645417, 0.24716981279215156, 0.40092427524837376, 0.34158859693669047, 0.3380979386432561, 0.3389282531245362, 0.33481336531663974], [0.3554995022424929, 0.3491633012606793, 0.32517100055283066, 0.3376487694503619, 0.3602449850748496, 0.408019504040557, 0.4499661403169257, 0.25847228468948247, 0.2507625341225889, 0.235343032988802, 0.39496777846865255, 0.3212088022376718, 0.35904724244210984, 0.3406420992178677, 0.413552140629809, 0.3851105871091629, 0.24305278355569548, 0.5775046973655944, 0.24690765883914234, 0.43959561016987075, 0.3225855780698744, 0.36317263090890856, 0.3534484272137362, 0.3644857400520649], [0.36260659576927545, 0.35477469017847224, 0.32682799189582956, 0.3376880703022152, 0.37029371571681324, 0.4166584551733337, 0.47623156805765454, 0.258208580969171, 0.25049883040227766, 0.23507932926849062, 0.4072566606263691, 0.4561058431915632, 0.365795062552439, 0.3442879652263881, 0.3419992140024461, 0.39143256030094364, 0.24278907983538434, 0.6285797913040707, 0.24664395511883086, 0.45475440245992493, 0.44845657839103464, 0.3682323989737899, 0.35893768639361856, 0.37028234450448405], [0.23850047847861877, 0.5396825396825397, 0.5233738717016644, 0.2000554142513824, 0.5396825396825397, 0.2895684222294935, 0.36535715968523774, 0.19274376417233574, 0.18503401360544233, 0.16961451247165543, 0.5531746031746032, 0.5396825396825397, 0.5261904761904762, 0.5126984126984127, 0.49245542660666763, 0.23643667032892046, 0.1773242630385489, 0.5924145205610141, 0.2463786742701955, 0.5936507936507937, 0.30697749395238905, 0.5531746031746032, 0.21517094604496767, 0.5396825396825397], [0.5396825396825397, 0.2136986152382796, 0.1698537460453129, 0.5126984126984127, 0.2628172602824642, 0.5936507936507937, 0.6476190476190476, 0.2774569101114266, 0.25991081390182114, 0.25432765841074645, 0.2983867071886859, 0.37012719196093236, 0.21792785782846946, 0.1975646557056432, 0.1698537460453129, 0.5666666666666667, 0.2620374089776397, 0.6611111111111111, 0.20069274831288658, 0.2951513102397977, 0.5666666666666667, 0.22636531854545083, 0.5396825396825397, 0.18999795137781916], [0.13572611877353866, 0.12484591192750456, 0.14605797273886972, 0.14662666411038514, 0.12087554017914395, 0.11313926968077057, 0.08496132911735443, 0.02341673838854779, 0.039121643300279396, 0.0, 0.036958722456379496, 0.022852852802472175, 0.15155501844456115, 0.13338184593921978, 0.09662398421706934, 0.07086382050422306, 0.037240237982392434, 0.03292314763117648, 0.0, 2.3089478046143153e-5, 0.010155737801414438, 0.1594930594518899, 0.09635658556264845, 0.11448674298222558], [3.067679349557128, 3.078557651713556, 2.924478580316996, 3.183299873497182, 3.066447314497313, 3.4087194928752265, 3.269113138343581, 1.4761458952164357, 3.7009338823115434, 1.2881534482141999, 3.319368677869787, 2.968434240775598, 3.087304574945712, 2.702960647971315, 2.946351525913943, 3.3582215059764886, 1.3529303681297014, 4.326199208085555, 1.4382577897460331, 3.3193621338521027, 3.1877778394449936, 3.1403380216108414, 2.9659840097384165, 3.261810018537547], [0.31342593905624594, 0.3135005907086278, 0.3116545541123743, 0.33393442533982853, 0.3144588740652038, 0.36204402331732, 0.39636991289955403, 0.2984829531448576, 0.3345200965922552, 0.16961451247165543, 0.31378223962039653, 0.3121414333053, 0.3080852512436242, 0.309801632677433, 0.28024555985557204, 0.3255274502819832, 0.1773242630385489, 0.4519136125028782, 0.2222541979438306, 0.3431236332412804, 0.3294325872209741, 0.3174813407735698, 0.3232671070416353, 0.3033612250744129], [6.183004403314685, 6.205756479852595, 5.944376241042569, 6.268023434022581, 6.18451796887364, 6.923051100569593, 6.468343400210479, 2.812421470493754, 7.081761289084811, 2.5060807969205485, 6.504404421395821, 5.839074230332493, 6.259523182004994, 5.510959103641755, 5.805773464980348, 6.727516321302623, 2.6770902377276675, 8.312408313961546, 2.579004472354565, 6.310773827037688, 6.246905929416432, 6.313461482674777, 6.037769033763711, 6.443353418723188], [0.5396825396825397, 0.5396825396825397, 0.5261904761904762, 0.14648526077097518, 0.2811410020762121, 0.3201529906947619, 0.6476190476190476, 0.21893904944374531, 0.3461865932570351, 0.16961451247165543, 0.1580498866213153, 0.2951718646019558, 0.5261904761904762, 0.253406041949882, 0.5261904761904762, 0.1619047619047619, 0.17732426303854887, 0.3332190333778279, 0.2073744235934049, 0.16961451247165543, 0.5666666666666667, 0.28304448914776, 0.5396825396825397, 0.1541950113378686], [0.5396825396825397, 0.5396825396825397, 0.5261904761904762, 0.2859896768317392, 0.17370862132875936, 0.18912812246254618, 0.6476190476190476, 0.21225737416322676, 0.2045476235963331, 0.18912812246254618, 0.3811133908545284, 0.17370862132875936, 0.5261904761904762, 0.1659988707618661, 0.5261904761904762, 0.3602371422204553, 0.19683787302943967, 0.2084024988797798, 0.20069274831288658, 0.3340249399563769, 0.5666666666666667, 0.17756349661220633, 0.5396825396825397, 0.3625208842523121], [0.2818544225726826, 0.1541950113378686, 0.15034013605442187, 0.5126984126984127, 0.5396825396825397, 0.5936507936507937, 0.29843317648234596, 0.21518287584072704, 0.6476190476190476, 0.2182489094114553, 0.5531746031746032, 0.5396825396825397, 0.3188802551450356, 0.5126984126984127, 0.2719236956962774, 0.5666666666666667, 0.1773242630385489, 0.6611111111111111, 0.2036182499903864, 0.5936507936507937, 0.1619047619047619, 0.5531746031746032, 0.2713030668268028, 0.5396825396825397], [0.17370862132875936, 0.3028087250669965, 0.29332808923092446, 0.5126984126984127, 0.5396825396825397, 0.5936507936507937, 0.2045476235963331, 0.21225737416322676, 0.6476190476190476, 0.18912812246254618, 0.5531746031746032, 0.5396825396825397, 0.1698537460453129, 0.5126984126984127, 0.1698537460453129, 0.5666666666666667, 0.24547226996924074, 0.6611111111111111, 0.20069274831288658, 0.5936507936507937, 0.32848498149302746, 0.5531746031746032, 0.17370862132875936, 0.5396825396825397], [0.17370862132875936, 0.5396825396825397, 0.1722437422596762, 0.5126984126984127, 0.17370862132875936, 0.5593399464671646, 0.5942889204086591, 0.21225737416322676, 0.2045476235963331, 0.18912812246254618, 0.4994300130963275, 0.17370862132875936, 0.4920783675304299, 0.1659988707618661, 0.5210281211842237, 0.1814183718956529, 0.19683787302944122, 0.6556940588861239, 0.20069274831288658, 0.5822930810369732, 0.5536188536903585, 0.17756349661220633, 0.17780386258460468, 0.42069206482908816], [0.41049191897444726, 0.4169125652357748, 0.45507389027773204, 0.43692858252327743, 0.41496118933717085, 0.37985899157803826, 0.4146107837271129, 0.24494971145319067, 0.36739979470950745, 0.2218204597525104, 0.355881145741502, 0.2848577597389581, 0.3705558808588876, 0.4607960529782012, 0.38143246536072306, 0.3649247176574744, 0.22953021031940368, 0.42142579205959413, 0.23338508560285032, 0.4005346842840903, 0.32760625445610114, 0.41386522025161887, 0.4673767214778507, 0.3357865060725175], [0.47350333992331584, 0.46803344332259067, 0.42452271244933487, 0.39565678032013635, 0.4696193494006706, 0.37738051925205596, 0.4133684984156317, 0.2453232519706905, 0.260617342379806, 0.22219400027001046, 0.3514130991020892, 0.29223070734384793, 0.3794051820562536, 0.4091188850952217, 0.41377138421431486, 0.36215212292693266, 0.22990375083690395, 0.42153710075295425, 0.23375862612035103, 0.39868982466185066, 0.34808406618481597, 0.48599473878704746, 0.42669390124543305, 0.3346161946413533], [14.750537767796757, 14.761191794662551, 14.254625131992, 13.848743049841103, 14.753133547189803, 16.71672724552203, 16.837421975613506, 7.585747353504197, 16.868213968919473, 6.574524431225342, 15.461943159741727, 14.137082142726424, 14.798009384475913, 13.78862882326171, 5.949220362491501, 16.09271389951249, 6.954958411327831, 17.97475895170606, 7.028454571048744, 15.477032666301508, 14.87626126297458, 14.972510792373576, 14.619896953125888, 15.036541425914285], [0.20720321899464966, 0.5396825396825397, 0.5261904761904762, 0.21357106201053466, 0.5396825396825397, 0.23693076700278481, 0.25629465501238935, 0.2122573741632261, 0.6476190476190476, 0.18912812246254612, 0.5531746031746032, 0.23934871474949537, 0.5261904761904762, 0.5126984126984127, 0.1698537460453129, 0.2545931418777354, 0.1968378730294395, 0.6611111111111111, 0.20069274831288592, 0.24350008633585352, 0.2468671392162718, 0.5531746031746032, 0.20039281698174205, 0.24136494025838284], [0.5396825396825397, 0.20590178956484195, 0.19735622069422343, 0.5126984126984127, 0.20457735370553798, 0.5936507936507937, 0.6476190476190476, 0.21225737416322676, 0.2954253739217235, 0.18912812246254618, 0.25385817308918013, 0.5396825396825397, 0.22793533389181353, 0.2090080490745887, 0.1698537460453129, 0.5666666666666667, 0.19683787302943967, 0.2182083179329145, 0.20069274831288658, 0.5936507936507937, 0.5666666666666667, 0.2155783696608221, 0.5396825396825397, 0.5396825396825397], [0.1541950113378686, 0.5396825396825397, 0.15034013605442187, 0.14648526077097518, 0.5396825396825397, 0.16961451247165543, 0.6476190476190476, 0.19274376417233574, 0.27507873929435755, 0.16961451247165543, 0.5531746031746032, 0.5396825396825397, 0.5261904761904762, 0.1682990095946677, 0.5261904761904762, 0.5666666666666667, 0.1773242630385489, 0.6611111111111111, 0.1811791383219956, 0.5936507936507937, 0.5666666666666667, 0.5531746031746032, 0.1541950113378686, 0.1541950113378686], [0.41515928833988736, 0.5396825396825397, 0.5261904761904762, 0.4439178673416544, 0.5396825396825397, 0.48757564512365115, 0.6476190476190476, 0.21518287584072704, 0.18503401360544233, 0.16961451247165543, 0.5531746031746032, 0.5396825396825397, 0.5261904761904762, 0.5126984126984127, 0.5261904761904762, 0.5666666666666667, 0.19976337470693994, 0.6611111111111111, 0.1811791383219956, 0.5936507936507937, 0.5666666666666667, 0.5531746031746032, 0.3887329225063374, 0.5396825396825397], [0.5396825396825397, 0.5396825396825397, 0.3885553407702361, 0.5126984126984127, 0.5396825396825397, 0.5936507936507937, 0.6476190476190476, 0.21225737416322676, 0.2269867352647237, 0.24046638498517348, 0.5531746031746032, 0.5396825396825397, 0.5261904761904762, 0.5126984126984127, 0.5261904761904762, 0.5666666666666667, 0.19683787302943967, 0.6611111111111111, 0.2520310108355146, 0.5936507936507937, 0.5666666666666667, 0.5531746031746032, 0.5396825396825397, 0.47429489247216183], [0.5396825396825397, 0.1541950113378686, 0.5261904761904762, 0.5126984126984127, 0.1541950113378686, 0.5936507936507937, 0.18503401360544233, 0.3073062391199284, 0.18503401360544233, 0.16961451247165543, 0.21379711614809316, 0.5396825396825397, 0.15034013605442187, 0.5126984126984127, 0.15085479311903205, 0.1619047619047619, 0.1773242630385489, 0.6611111111111111, 0.20569688758067894, 0.16961451247165543, 0.5666666666666667, 0.1580498866213153, 0.5396825396825397, 0.5396825396825397], [0.5396825396825397, 0.42110478537442275, 0.5261904761904762, 0.5126984126984127, 0.5396825396825397, 0.5936507936507937, 0.41025862392662493, 0.19274376417233574, 0.2319908745325177, 0.21657137339873106, 0.5531746031746032, 0.5396825396825397, 0.5197002085216477, 0.5126984126984127, 0.5261904761904762, 0.5666666666666667, 0.2832265743316339, 0.4522758795501931, 0.2036182499903864, 0.36997713643030805, 0.5655441720409792, 0.5531746031746032, 0.5396825396825397, 0.5396825396825397], [0.5396825396825397, 0.5396825396825397, 0.5261904761904762, 0.5126984126984127, 0.4139112629801083, 0.5936507936507937, 0.6476190476190476, 0.23469648583161806, 0.2045476235963331, 0.18912812246254618, 0.5531746031746032, 0.4615066045969315, 0.5261904761904762, 0.5126984126984127, 0.5261904761904762, 0.4507172188393398, 0.19683787302943967, 0.6611111111111111, 0.20069274831288658, 0.5936507936507937, 0.1814183718956529, 0.426758870655664, 0.5396825396825397, 0.5396825396825397], [0.1541950113378686, 0.1541950113378686, 0.15034013605442187, 0.14648526077097518, 0.1541950113378686, 0.16961451247165543, 0.18503401360544233, 0.19274376417233574, 0.18503401360544233, 0.19580979774306417, 0.1580498866213153, 0.1541950113378686, 0.15034013605442187, 0.14648526077097518, 0.15034013605442187, 0.1619047619047619, 0.20351954830995966, 0.18888888888888888, 0.20737442359340608, 0.16961451247165543, 0.1619047619047619, 0.1580498866213153, 0.1541950113378686, 0.1541950113378686], [0.2968798736454352, 0.29869365290563676, 0.2917736032778113, 0.5126984126984127, 0.5396825396825397, 0.5936507936507937, 0.3222482383287968, 0.24345679870242942, 0.6476190476190476, 0.19413226173033982, 0.5531746031746032, 0.2571827636084394, 0.31309565045459786, 0.5126984126984127, 0.5261904761904762, 0.33200957885352467, 0.1773242630385489, 0.6611111111111111, 0.1811791383219956, 0.5936507936507937, 0.3062574993250331, 0.5531746031746032, 0.28714208666711194, 0.5396825396825397], [0.5396825396825397, 0.5396825396825397, 0.5261904761904762, 0.27162370990622486, 0.2971518547126204, 0.32697017845085563, 0.6476190476190476, 0.21518287584072704, 0.335475004887531, 0.16961451247165543, 0.3446747308213116, 0.5396825396825397, 0.5261904761904762, 0.2752271867865892, 0.28325358564059777, 0.5666666666666667, 0.22428112396562327, 0.6611111111111111, 0.22813599924906997, 0.5936507936507937, 0.5666666666666667, 0.2962961037485383, 0.5396825396825397, 0.5396825396825397], [0.5396825396825397, 0.5396825396825397, 0.5261904761904762, 0.5126984126984127, 0.5396825396825397, 0.5936507936507937, 0.6476190476190476, 0.21225737416322676, 0.6476190476190476, 0.21156723413093742, 0.5531746031746032, 0.5396825396825397, 0.5261904761904762, 0.5126984126984127, 0.5261904761904762, 0.5666666666666667, 0.19683787302943967, 0.33315138361089636, 0.20069274831288658, 0.32704284300412056, 0.5666666666666667, 0.5531746031746032, 0.5396825396825397, 0.33118254383584333]]
        m_minus = [[0.0, 0.0, 0.0, 0.0, 0.0, 0.0, 0.0, 0.0, 0.0, 0.0, 0.0, 0.0, 0.0, 0.0, 0.0, 0.0, 0.0, 0.0, 0.0, 0.0, 0.0, 0.0, 0.0, 0.0], [0.0, 0.0, 0.0, 0.0, 0.0, 0.0, 0.0, 0.0, 0.0, 0.0, 0.0, 0.0, 0.0, 0.0, 0.0, 0.0, 0.0, 0.0, 0.0, 0.0, 0.0, 0.0, 0.0, 0.0], [0.0, 0.0, 0.0, 0.0, 0.0, 0.0, 0.0, 0.0, 0.0, 0.0, 0.0, 0.0, 0.0, 0.0, 0.0, 0.0, 0.0, 0.0, 0.0, 0.0, 0.0, 0.0, 0.0, 0.0], [0.0, 0.0, 0.0, 0.0, 0.0, 0.0, 0.0, 0.0, 0.0, 0.0, 0.0, 0.0, 0.0, 0.0, 0.0, 0.0, 0.0, 0.0, 0.0, 0.0, 0.0, 0.0, 0.0, 0.0], [0.0, 0.0, 0.0, 0.0, 0.0, 0.0, 0.0, 0.0, 0.0, 0.0, 0.0, 0.0, 0.0, 0.0, 0.0, 0.0, 0.0, 0.0, 0.0, 0.0, 0.0, 0.0, 0.0, 0.0], [0.0, 0.0, 0.0, 0.0, 0.0, 0.0, 0.0, 0.0, 0.0, 0.0, 0.0, 0.0, 0.0, 0.0, 0.0, 0.0, 0.0, 0.0, 0.0, 0.0, 0.0, 0.0, 0.0, 0.0], [0.0, 0.0, 0.0, 0.0, 0.0, 3.7027630159931366, 6.730322192851866, 4.234561996495343, 7.673685537360528, 1.436007839275305, 2.191574551486336, 1.902024791891773, 0.895432137823073, 0.0, 0.0, 1.9616030268922215, 2.4401996795420744, 8.262497085415877, 2.4262654970203834, 2.4547226619056044, 1.9113650507071087, 0.0, 0.0, 1.3503756174573345], [0.396851831449063, 0.39325767402399, 0.0, 0.0, 0.3943287873967359, 4.080143535232314, 7.143690691265907, 4.479885248466034, 7.9343028797403345, 1.6582018395453155, 2.542987650588424, 2.194255499235622, 1.2748373198793257, 0.0, 0.0, 2.3237551498191427, 2.6701034303789783, 8.684034186169086, 2.6600241231407344, 2.853412486567453, 2.2594491168919246, 0.4113482606864107, 0.0, 1.6849918120986958], [0.8073437504235105, 0.8101702392597648, 0.3792844354783496, 0.0, 0.8092899767339068, 4.460002526816424, 7.558301474992834, 4.7248349599192245, 8.301702674449842, 1.880022299297826, 2.8988687963299267, 2.47911325897458, 1.6453932007382137, 0.3601210866700665, 0.24853202623836046, 2.6886798674766093, 2.899633640698382, 9.105459978229584, 2.8934092087435848, 3.2539471708515406, 2.5870553713480255, 0.8252134809380272, 0.3891934054281475, 2.0207783181712147], [0.0, 0.0, 0.0, 0.0, 0.0, 0.0, 0.0, 0.0, 0.0, 0.0, 0.0, 0.0, 0.0, 0.0, 0.0, 0.0, 0.0, 0.0, 0.0, 0.0, 0.0, 0.0, 0.0, 0.0], [0.0, 0.0, 0.0, 0.0, 0.0, 0.0, 0.0, 0.0, 0.0, 0.0, 0.0, 0.0, 0.0, 0.0, 0.0, 0.0, 0.0, 0.0, 0.0, 0.0, 0.0, 0.0, 0.0, 0.0], [0.0, 0.0, 0.0, 0.0, 0.0, 0.0, 0.39378527879134995, 0.13205298872463272, 0.5617842763196506, 0.0, 0.0, 0.0, 0.0, 0.0, 0.0, 0.0, 0.0, 0.30307622675325224, 0.29395775062939533, 0.30443740184883145, 0.0, 0.0, 0.0, 0.0], [0.0, 0.0, 0.0, 0.0, 0.0, 0.0, 0.0, 0.0, 0.0, 0.0, 0.0, 0.0, 0.0, 0.0, 0.0, 0.0, 0.0, 0.0, 0.0, 0.0, 0.0, 0.0, 0.0, 0.0], [0.0, 0.0, 0.0, 0.0, 0.0, 0.0, 0.0, 0.0, 0.0, 0.0, 0.0, 0.0, 0.0, 0.0, 0.0, 0.0, 0.0, 0.0, 0.0, 0.0, 0.0, 0.0, 0.0, 0.0], [0.0, 0.0, 0.0, 0.0, 0.0, 0.0, 0.0, 0.0, 0.0, 0.0, 0.0, 0.0, 0.0, 0.0, 0.0, 0.0, 0.0, 0.0, 0.0, 0.0, 0.0, 0.0, 0.0, 0.0], [0.0, 0.0, 0.0, 0.0, 0.0, 0.0, 0.0, 0.0, 0.0, 0.0, 0.0, 0.0, 0.0, 0.0, 0.0, 0.0, 0.0, 0.0, 0.0, 0.0, 0.0, 0.0, 0.0, 0.0], [0.0, 0.0, 0.0, 0.0, 0.0, 0.0, 0.0, 0.0, 0.0, 0.0, 0.0, 0.0, 0.0, 0.0, 0.0, 0.0, 0.0, 0.0, 0.0, 0.0, 0.0, 0.0, 0.0, 0.0], [0.0, 0.0, 0.0, 0.0, 0.0, 0.0, 0.0, 0.0, 0.0, 0.0, 0.0, 0.0, 0.0, 0.0, 0.0, 0.0, 0.0, 0.0, 0.0, 0.0, 0.0, 0.0, 0.0, 0.0], [0.0, 0.0, 0.0, 0.0, 0.0, 0.0, 0.0, 0.0, 0.0, 0.0, 0.0, 0.0, 0.0, 0.0, 0.0, 0.0, 0.0, 0.0, 0.0, 0.0, 0.0, 0.0, 0.0, 0.0], [0.0, 0.0, 0.0, 0.0, 0.0, 0.0, 0.0, 0.0, 0.0, 0.0, 0.0, 0.0, 0.0, 0.0, 0.0, 0.0, 0.0, 0.0, 0.0, 0.0, 0.0, 0.0, 0.0, 0.0], [0.0, 0.0, 0.0, 0.0, 0.0, 0.0, 0.0, 0.0, 0.0, 0.0, 0.0, 0.0, 0.0, 0.0, 0.0, 0.0, 0.0, 0.0, 0.0, 0.0, 0.0, 0.0, 0.0, 0.0], [0.0, 0.0, 0.0, 0.0, 0.0, 0.0, 0.0, 0.0, 0.0, 0.0, 0.0, 0.0, 0.0, 0.0, 0.0, 0.0, 0.0, 0.0, 0.0, 0.0, 0.0, 0.0, 0.0, 0.0], [0.0, 0.0, 0.0, 0.0, 0.0, 0.0, 0.0, 0.0, 0.0, 0.0, 0.0, 0.0, 0.0, 0.0, 0.0, 0.0, 0.0, 0.0, 0.0, 0.0, 0.0, 0.0, 0.0, 0.0], [0.0, 0.0, 0.0, 0.0, 0.0, 0.0, 0.0, 0.0, 0.0, 0.0, 0.0, 0.0, 0.0, 0.0, 0.0, 0.0, 0.0, 0.0, 0.0, 0.0, 0.0, 0.0, 0.0, 0.0], [0.0, 0.0, 0.0, 0.0, 0.0, 0.0, 0.0, 0.0, 0.0, 0.0, 0.0, 0.0, 0.0, 0.0, 0.0, 0.0, 0.0, 0.0, 0.0, 0.0, 0.0, 0.0, 0.0, 0.0], [0.0, 0.0, 0.0, 0.0, 0.0, 0.0, 0.0, 0.0, 0.0, 0.0, 0.0, 0.0, 0.0, 0.0, 0.0, 0.0, 0.0, 0.0, 0.0, 0.0, 0.0, 0.0, 0.0, 0.0], [0.0, 0.0, 0.0, 0.0, 0.0, 0.0, 0.0, 0.0, 0.0, 0.0, 0.0, 0.0, 0.0, 0.0, 0.0, 0.0, 0.0, 0.0, 0.0, 0.0, 0.0, 0.0, 0.0, 0.0], [0.0, 0.0, 0.0, 0.0, 0.0, 0.0, 0.0, 0.0, 0.0, 0.0, 0.0, 0.0, 0.0, 0.0, 0.0, 0.0, 0.0, 0.0, 0.0, 0.0, 0.0, 0.0, 0.0, 0.0], [0.0, 0.0, 0.0, 0.0, 0.0, 0.0, 0.0, 0.0, 0.0, 0.0, 0.0, 0.0, 0.0, 0.0, 0.0, 0.0, 0.0, 0.0, 0.0, 0.0, 0.0, 0.0, 0.0, 0.0], [0.0, 0.0, 0.0, 0.0, 0.0, 0.0, 0.0, 0.0, 0.0, 0.0, 0.0, 0.0, 0.0, 0.0, 0.0, 0.0, 0.0, 0.0, 0.0, 0.0, 0.0, 0.0, 0.0, 0.0], [0.0, 0.0, 0.0, 0.0, 0.0, 0.0, 0.0, 0.0, 0.0, 0.0, 0.0, 0.0, 0.0, 0.0, 0.0, 0.0, 0.0, 0.0, 0.0, 0.0, 0.0, 0.0, 0.0, 0.0], [0.0, 0.0, 0.0, 0.0, 0.0, 0.0, 0.0, 0.0, 0.0, 0.0, 0.0, 0.0, 0.0, 0.0, 0.0, 0.0, 0.0, 0.0, 0.0, 0.0, 0.0, 0.0, 0.0, 0.0], [0.0, 0.0, 0.0, 0.0, 0.0, 0.0, 0.0, 0.0, 0.0, 0.0, 0.0, 0.0, 0.0, 0.0, 0.0, 0.0, 0.0, 0.0, 0.0, 0.0, 0.0, 0.0, 0.0, 0.0], [0.0, 0.0, 0.0, 0.0, 0.0, 0.0, 0.0, 0.0, 0.0, 0.0, 0.0, 0.0, 0.0, 0.0, 0.0, 0.0, 0.0, 0.0, 0.0, 0.0, 0.0, 0.0, 0.0, 0.0], [0.0, 0.0, 0.0, 0.0, 0.0, 0.0, 0.0, 0.0, 0.0, 0.0, 0.0, 0.0, 0.0, 0.0, 0.0, 0.0, 0.0, 0.0, 0.0, 0.0, 0.0, 0.0, 0.0, 0.0], [0.0, 0.0, 0.0, 0.0, 0.0, 0.0, 0.0, 0.0, 0.0, 0.0, 0.0, 0.0, 0.0, 0.0, 0.0, 0.0, 0.0, 0.0, 0.0, 0.0, 0.0, 0.0, 0.0, 0.0], [0.0, 0.0, 0.0, 0.0, 0.0, 0.0, 0.0, 0.0, 0.0, 0.0, 0.0, 0.0, 0.0, 0.0, 0.0, 0.0, 0.0, 0.0, 0.0, 0.0, 0.0, 0.0, 0.0, 0.0], [0.0, 0.0, 0.0, 0.0, 0.0, 0.0, 0.0, 0.0, 0.0, 0.0, 0.0, 0.0, 0.0, 0.0, 0.0, 0.0, 0.0, 0.0, 0.0, 0.0, 0.0, 0.0, 0.0, 0.0], [0.0, 0.0, 0.0, 0.0, 0.0, 0.0, 0.0, 0.0, 0.0, 0.0, 0.0, 0.0, 0.0, 0.0, 0.0, 0.0, 0.0, 0.0, 0.0, 0.0, 0.0, 0.0, 0.0, 0.0]]
        m_plus = [[19.50685761671243, 19.442153227055428, 18.796682170008346, 18.833535614952286, 19.4878234567458, 21.781301028598346, 22.149790755064437, 10.59835898503198, 10.0443571658025, 9.202557892739346, 20.29884581936649, 19.75657210000297, 19.443918936131112, 18.582166770521606, 8.221490470132771, 20.847294064893894, 9.671482942478235, 23.767206503584234, 9.90827140937682, 20.927426419022186, 20.773292599699587, 19.902543391332472, 19.296210374618518, 19.40537696481807], [25.049273598895194, 25.045907288700466, 24.743176223027728, 24.119030048508442, 25.053567782800926, 24.768391667484117, 21.92348361334215, 9.261585160155242, 21.610961227321322, 10.305868850548908, 24.924890497095593, 22.710008344718055, 25.08198847380946, 23.969984905937658, 11.033311927190125, 26.091798110074162, 9.954929460237924, 21.874248965037008, 10.113577497715166, 24.089472982618407, 23.733079712435913, 25.378414025236886, 25.33313048488918, 25.032923350949115], [24.61880844075148, 24.61686367400261, 23.90588286725792, 22.897936485970433, 24.623810803618156, 28.133789967295222, 28.27561178003112, 13.176064621182245, 28.915598414716666, 11.444923406056557, 26.836991629148525, 24.30424415313763, 25.7513278881833, 23.14643110940639, 10.336299967799025, 27.752684174910847, 12.090466105445445, 29.723560072258124, 12.231325085117552, 26.210367703950258, 25.320395880142108, 24.943875407150955, 24.482321490797716, 26.11890804769952], [15.497423526473947, 15.506776123909933, 14.9781718288767, 14.57501252455005, 15.497393440577882, 17.547308806175607, 17.741335678244944, 8.01026210183065, 17.811258390460246, 6.952780676150434, 16.26897593600551, 14.91611339715846, 15.552135194558204, 14.510335285034714, 6.288927854582127, 16.91397370805689, 7.34863415738671, 18.85407838075009, 7.429840067674517, 16.314183546288156, 15.689795068857519, 15.741263765209002, 15.35997230979017, 15.817588905855208], [0.20720321899464966, 0.5396825396825397, 0.5261904761904762, 0.21357106201053466, 0.5396825396825397, 0.23693076700278481, 0.25629465501238935, 0.2122573741632261, 0.6476190476190476, 0.18912812246254612, 0.5531746031746032, 0.23934871474949537, 0.5261904761904762, 0.5126984126984127, 0.1698537460453129, 0.2545931418777354, 0.1968378730294395, 0.6611111111111111, 0.20069274831288592, 0.24350008633585352, 0.2468671392162718, 0.5531746031746032, 0.20039281698174205, 0.24136494025838284], [0.5396825396825397, 0.20590178956484195, 0.19735622069422343, 0.5126984126984127, 0.20457735370553798, 0.5936507936507937, 0.6476190476190476, 0.21225737416322676, 0.2954253739217235, 0.18912812246254618, 0.25385817308918013, 0.5396825396825397, 0.22793533389181353, 0.2090080490745887, 0.1698537460453129, 0.5666666666666667, 0.19683787302943967, 0.2182083179329145, 0.20069274831288658, 0.5936507936507937, 0.5666666666666667, 0.2155783696608221, 0.5396825396825397, 0.5396825396825397], [0.07665150847425305, 0.07477576929860079, 0.500312167248721, 0.9183648175581374, 0.0752905620039352, 0.0, 0.0, 0.0, 0.0, 0.0, 0.0, 0.0, 0.0, 0.5097938514033609, 0.5466718233366774, 0.0, 0.0, 0.0, 0.0, 0.0, 0.0, 0.07464647810063635, 0.5048772172949505, 0.0], [0.0, 0.0, 0.0757894547993823, 0.522708037238001, 0.0, 0.0, 0.0, 0.0, 0.0, 0.0, 0.0, 0.0, 0.0, 0.10067496630813481, 0.13290043912236257, 0.0, 0.0, 0.0, 0.0, 0.0, 0.0, 0.0, 0.07818331604970319, 0.0], [0.0, 0.0, 0.0, 0.08577945471472326, 0.0, 0.0, 0.0, 0.0, 0.0, 0.0, 0.0, 0.0, 0.0, 0.0, 0.0, 0.0, 0.0, 0.0, 0.0, 0.0, 0.0, 0.0, 0.0, 0.0], [0.17370862132875936, 0.5396825396825397, 0.1722437422596762, 0.5126984126984127, 0.17370862132875936, 0.5593399464671646, 0.5942889204086591, 0.21225737416322676, 0.2045476235963331, 0.18912812246254618, 0.4994300130963275, 0.17370862132875936, 0.4920783675304299, 0.1659988707618661, 0.5210281211842237, 0.1814183718956529, 0.19683787302944122, 0.6556940588861239, 0.20069274831288658, 0.5822930810369732, 0.5536188536903585, 0.17756349661220633, 0.17780386258460468, 0.42069206482908816], [0.5390847615675483, 0.1885100976483849, 0.5261904761904762, 0.2287223282719828, 0.5378088678818276, 0.18912812246254596, 0.20454762359633227, 0.212257374163226, 0.4714685636634199, 0.18912812246254684, 0.17756349661220527, 0.5192246510163341, 0.16985374604531178, 0.49743502891757124, 0.16985374604531178, 0.5210398910823812, 0.19683787302943878, 0.20840249887977935, 0.20069274831288564, 0.18912812246254596, 0.18141837189565257, 0.5267492184326192, 0.5396825396825397, 0.17370862132875875], [0.10578810244261681, 0.10259092469814901, 0.7426291916661618, 1.7354597815093529, 0.11280100367648328, 0.11087750700742695, 0.0, 0.0, 0.0, 0.21946441317433527, 2.616156295308361, 3.217837310339248, 2.8202913003134005, 2.5723374266882533, 1.2373438344543726, 0.5744047386378452, 0.10147875374642928, 0.0, 0.0, 0.0, 1.016261134097159, 0.10206131648311917, 0.12218937493377555, 2.1174368211765566], [3.0364744810836624, 3.042419978118192, 2.944337653695419, 2.9341673004482405, 3.0352264557238775, 3.371022357141804, 3.5558368552191477, 1.7404180316448432, 1.6787400271097013, 1.5553840180394063, 3.295769905263751, 3.468309325685372, 3.0754825214468235, 3.0247615946286937, 3.0824874461802665, 3.2030981712202986, 1.6895468466791466, 4.1356092128835344, 1.6479010248421273, 3.2534238484484543, 3.337438734412829, 3.113606943218029, 3.0100481152501124, 3.0956100852159367], [2.882279469745794, 2.8882249667803235, 2.7939975176409972, 2.7876820396772652, 2.881031444386009, 3.2014078446701486, 3.3708028416137052, 1.5476742674725075, 1.493706013504259, 1.3546702302448457, 3.137720018642436, 3.3141143143475036, 2.9251423853924017, 2.8782763338577184, 2.9321473101258446, 3.0411934093155364, 1.4086384842131, 3.9467203239946453, 1.4356226111972266, 3.083809335976799, 3.1755339725080667, 2.9555570565967137, 2.855853103912244, 2.941415073878068], [2.7280844584079254, 2.734029955442455, 2.6436573815865754, 2.64119677890629, 2.7268364330481405, 3.031793332198493, 3.1857688280082628, 1.3549305033001717, 1.3086719998988168, 1.155009418261417, 2.9796701320211207, 3.159919303009635, 2.77480224933798, 2.731791073086743, 2.7818071740714228, 2.879288647410774, 1.231314221174551, 3.7578314351057562, 1.2243971733634578, 2.9141948235051434, 3.0136292106033045, 2.7975071699753986, 2.7016580925743754, 2.7872200625401997], [0.9548418280224275, 1.0793650793650793, 0.9147458169607128, 0.9566162800400675, 1.0793650793650793, 1.0812264387744452, 1.2952380952380953, 0.4274402500039538, 0.41202074887016604, 0.4100808974568289, 1.1063492063492064, 1.0793650793650793, 1.0523809523809524, 1.0253968253968253, 1.0523809523809524, 1.1333333333333333, 0.3966012477363796, 1.3222222222222222, 0.4332101491575102, 1.1873015873015873, 1.1333333333333333, 1.1063492063492064, 0.9284154621888775, 1.013977432154702], [0.5396825396825397, 0.5396825396825397, 0.3885553407702361, 0.5126984126984127, 0.5396825396825397, 0.5936507936507937, 0.6476190476190476, 0.21225737416322676, 0.2269867352647237, 0.24046638498517348, 0.5531746031746032, 0.5396825396825397, 0.5261904761904762, 0.5126984126984127, 0.5261904761904762, 0.5666666666666667, 0.19683787302943967, 0.6611111111111111, 0.2520310108355146, 0.5936507936507937, 0.5666666666666667, 0.5531746031746032, 0.5396825396825397, 0.47429489247216183], [1.619047619047619, 1.1149823363948315, 1.5785714285714285, 1.5380952380952382, 1.107788814000517, 1.7809523809523808, 1.2429116851511153, 0.7347464891238822, 0.6215725117342932, 0.5753140083329327, 1.3201463224973051, 1.5408716839620116, 1.1962308207665462, 1.5380952380952382, 1.2032357454999891, 1.1792886474107689, 0.6573887103996224, 1.7744981017724164, 0.6100078858839519, 1.1332424425527576, 1.3136292106032992, 1.137983360451583, 1.619047619047619, 1.619047619047619], [1.0793650793650793, 0.9607873250569628, 1.0523809523809524, 1.0253968253968253, 0.9535938026626484, 1.1873015873015873, 1.057877671545673, 0.4274402500039538, 0.4365384981288508, 0.40569949586127724, 1.1063492063492064, 1.0011891442794716, 1.0458906847121243, 1.0253968253968253, 1.0523809523809524, 1.017383885506007, 0.48006444736107357, 1.1133869906613048, 0.404310998303273, 0.9636279300811021, 0.7469625439366321, 0.9799334738302676, 1.0793650793650793, 1.0793650793650793], [0.5396825396825397, 0.5396825396825397, 0.5261904761904762, 0.5126984126984127, 0.4139112629801083, 0.5936507936507937, 0.6476190476190476, 0.23469648583161806, 0.2045476235963331, 0.18912812246254618, 0.5531746031746032, 0.4615066045969315, 0.5261904761904762, 0.5126984126984127, 0.5261904761904762, 0.4507172188393398, 0.19683787302943967, 0.6611111111111111, 0.20069274831288658, 0.5936507936507937, 0.1814183718956529, 0.426758870655664, 0.5396825396825397, 0.5396825396825397], [3.9019465392624495, 3.898900448826493, 4.48115946007464, 5.5352714620251025, 3.9441591424392173, 3.470966134141216, 2.43083220496004, 1.33614575967587, 1.3028357586683985, 1.386825035800248, 3.196970629226424, 2.670785681047273, 3.9926064479688104, 3.6252164630202204, 3.826981604969507, 4.017518563223499, 1.6359681882464212, 3.0687756228349397, 1.278322630424169, 3.083716189105042, 3.620538677483497, 3.7829309122046557, 3.8396821948672226, 5.585649598141946], [3.5671981164091178, 3.5679730008569686, 4.168932110377738, 5.186732352992478, 3.608030972521288, 3.0792057680761746, 2.030482067721942, 1.077411321033378, 1.0518110705928003, 1.1512198488584364, 2.829020374403596, 2.336141394141279, 3.6507268943681197, 3.2982327179497126, 3.5660322040817407, 3.649816351043341, 1.3926532507377163, 2.5556135318703994, 1.0311528176320175, 2.6827919138566685, 3.2789500805468066, 3.4448329735614016, 3.5007539417426905, 5.250836232825289], [3.21169861416667, 3.21880969959629, 3.843761109824907, 4.849083583542117, 3.247785987446436, 2.6711862640355704, 1.5805159274050171, 0.8189390363438955, 0.8010485364702113, 0.9158768158696344, 2.4340525959349457, 2.0149325919036074, 3.291679651926005, 2.957590618731849, 3.152480063451932, 3.264705763934188, 1.1496004671820208, 1.978108834504804, 0.7842451587928752, 2.243196303686803, 2.9563645024769323, 3.0816603426525044, 3.1473055145289535, 4.886350492773253], [2.849092018397358, 2.8640350094178255, 3.5169331179290744, 4.5113955132399015, 2.877492271729602, 2.2545278088620946, 1.1042843593473637, 0.5607304553747245, 0.5505497060679336, 0.6807974866011438, 2.0267959353085767, 1.5588267487120442, 2.925884589373567, 2.6133026535054587, 2.810480849449485, 2.8732732036331945, 0.9068113873466365, 1.3495290432007347, 0.5376012036740443, 1.78844190122687, 2.5079079240858975, 2.713427943678708, 2.7883678281353332, 4.516068148268744], [0.5396825396825397, 0.2136986152382796, 0.1698537460453129, 0.5126984126984127, 0.2628172602824642, 0.5936507936507937, 0.6476190476190476, 0.2774569101114266, 0.25991081390182114, 0.25432765841074645, 0.2983867071886859, 0.37012719196093236, 0.21792785782846946, 0.1975646557056432, 0.1698537460453129, 0.5666666666666667, 0.2620374089776397, 0.6611111111111111, 0.20069274831288658, 0.2951513102397977, 0.5666666666666667, 0.22636531854545083, 0.5396825396825397, 0.18999795137781916], [2.070909000236144, 2.110653854497001, 2.8237055001820974, 3.7986416862901073, 2.074992471764629, 1.3713085929820183, 0.09130815204307853, 0.0905297810909622, 0.10560487856067016, 0.25685531571874193, 1.175234624945286, 0.6490170170685716, 2.1817662553546233, 1.9030395851014017, 2.1481716767975043, 2.0701698666376216, 0.4674497153304478, 0.09600341152860968, 0.0905297810909622, 0.8996397973362847, 1.6342637634668418, 1.9338880219586385, 2.033514342407827, 3.7863876572083845], [8.031358465637453, 8.055625886331168, 7.752079972821243, 8.059829622361953, 8.033191545708899, 8.981677824345812, 8.662932208426808, 3.9695410972495373, 9.262253697768534, 3.441814976200407, 8.463699144841273, 7.699461228933591, 8.10872338681992, 7.265562474427765, 7.580177418958463, 8.708519009043162, 3.6513731698419947, 10.62816568094426, 3.61363684050796, 8.344838500008592, 8.20006159336853, 8.197900015557526, 7.885412908325989, 8.342795618752865], [7.717932526581207, 7.74212529562254, 7.440425418708869, 7.7258951970221235, 7.718732671643695, 8.619633801028492, 8.266562295527255, 3.6710581441046797, 8.927733601176278, 3.2722004637287516, 8.149916905220877, 7.387319795628291, 7.800638135576296, 6.955760841750331, 7.299931859102891, 8.382991558761178, 3.474048906803446, 10.176252068441382, 3.3913826425641296, 8.001714866767312, 7.8706290061475555, 7.8804186747839555, 7.562145801284354, 8.039434393678452], [1.5349281232665222, 1.5363688157699453, 1.4960491776662996, 1.4578717629995426, 1.534214702770055, 1.6965827004588996, 1.7982188953167753, 0.8586366736109259, 1.8459723120914675, 0.7661196668082031, 1.6455124838250557, 1.5482455652957987, 1.5411149535713018, 1.4448017381085763, 1.4941583941225436, 1.6554752374585555, 0.7969586690757782, 1.8638437544798359, 0.8123781702095645, 1.6909410397296238, 1.6237230767311237, 1.5669571921091783, 1.5243767675206423, 1.5960809749552642], [0.5396825396825397, 0.5396825396825397, 0.5261904761904762, 0.2859896768317392, 0.17370862132875936, 0.18912812246254618, 0.6476190476190476, 0.21225737416322676, 0.2045476235963331, 0.18912812246254618, 0.3811133908545284, 0.17370862132875936, 0.5261904761904762, 0.1659988707618661, 0.5261904761904762, 0.3602371422204553, 0.19683787302943967, 0.2084024988797798, 0.20069274831288658, 0.3340249399563769, 0.5666666666666667, 0.17756349661220633, 0.5396825396825397, 0.3625208842523121], [0.455563043901442, 0.45700373640486514, 0.44366822528534633, 1.0253968253968253, 1.0793650793650793, 1.1873015873015873, 0.5029808000786791, 0.4274402500039538, 1.2952380952380953, 0.4073770318740015, 1.1063492063492064, 1.0793650793650793, 0.4887340011903485, 1.0253968253968253, 0.4417774417415903, 1.1333333333333333, 0.42279653300778963, 1.3222222222222222, 0.404310998303273, 1.1873015873015873, 0.4903897433977895, 1.1063492063492064, 0.44501168815556214, 1.0793650793650793], [0.17370862132875936, 0.3028087250669965, 0.29332808923092446, 0.5126984126984127, 0.5396825396825397, 0.5936507936507937, 0.2045476235963331, 0.21225737416322676, 0.6476190476190476, 0.18912812246254618, 0.5531746031746032, 0.5396825396825397, 0.1698537460453129, 0.5126984126984127, 0.1698537460453129, 0.5666666666666667, 0.24547226996924074, 0.6611111111111111, 0.20069274831288658, 0.5936507936507937, 0.32848498149302746, 0.5531746031746032, 0.17370862132875936, 0.5396825396825397], [4.598119313905515, 4.610811395322145, 4.418973272030186, 4.626805669571208, 4.597159259912882, 5.0926057710993256, 5.071633485515919, 2.3397867080951547, 5.516680996042613, 2.0592772542901967, 4.928442501661621, 4.459177095086989, 4.603121313835689, 4.150069920925706, 4.432326199989916, 4.9854691800681135, 2.154893176473273, 6.170461702807564, 2.2556400992233914, 5.003321076629467, 4.789273434008127, 4.701033218329902, 4.48668618710848, 4.826552653076339], [1.5304399643483872, 1.5322537436085888, 1.4944946917131903, 1.4435057960740263, 1.530711945415569, 1.6838862782240993, 1.8025203471723383, 0.863640812878719, 1.8157471137310695, 0.7711238060759968, 1.6090738237918343, 1.4907428543113914, 1.5158167388899768, 1.4471092729543906, 1.485974674075973, 1.6272476740916249, 0.8019628083435715, 1.8442624947220088, 0.8173823094773582, 1.6839589427773642, 1.6014955945631333, 1.560695196719061, 1.520702177370064, 1.564742634538792], [1.3762449530105187, 1.3780587322707203, 1.3441545556587684, 1.297020535303051, 1.3765169340777006, 1.5142717657524438, 1.617486333566896, 0.6708970487063832, 1.6307131001256272, 0.5753140083329327, 1.451023937170519, 1.336547842973523, 1.365476602835555, 1.3006240121834154, 1.335634538021551, 1.4653429121868629, 0.5984432600336118, 1.6553736058331197, 0.6100078858839522, 1.5143444303057088, 1.4395908326583713, 1.4026453100977456, 1.3665071660321955, 1.4105476232009235], [1.0793650793650793, 1.0793650793650793, 1.0523809523809524, 0.784322122604638, 0.8368343943951605, 0.9206209721016497, 1.2952380952380953, 0.4274402500039538, 0.9830940525065791, 0.38118174660259285, 0.8978493339959153, 1.0793650793650793, 1.0523809523809524, 0.7879255994850023, 0.8094440618310744, 1.1333333333333333, 0.42111899699506294, 0.994262494722008, 0.42882874756195655, 0.9206936366549147, 1.1333333333333333, 0.849470706923142, 1.0793650793650793, 0.8708650835183834], [0.5396825396825397, 0.5396825396825397, 0.5261904761904762, 0.5126984126984127, 0.5396825396825397, 0.5936507936507937, 0.6476190476190476, 0.21225737416322676, 0.6476190476190476, 0.21156723413093742, 0.5531746031746032, 0.5396825396825397, 0.5261904761904762, 0.5126984126984127, 0.5261904761904762, 0.5666666666666667, 0.19683787302943967, 0.33315138361089636, 0.20069274831288658, 0.32704284300412056, 0.5666666666666667, 0.5531746031746032, 0.5396825396825397, 0.33118254383584333], [0.0, 0.0, 0.0, 0.0, 0.0, 0.0, 0.0, 0.0, 0.0, 0.0, 0.0, 0.0, 0.0, 0.0, 0.0, 0.0, 0.0, 0.0, 0.0, 0.0, 0.0, 0.0, 0.0, 0.0], [0.0, 0.0, 0.0, 0.0, 0.0, 0.0, 0.0, 0.0, 0.0, 0.0, 0.0, 0.0, 0.0, 0.0, 0.0, 0.0, 0.0, 0.0, 0.0, 0.0, 0.0, 0.0, 0.0, 0.0]]
        m_source = [[44.66191931805024, 44.59065144045404, 44.28248758470223, 44.68802544497009, 44.65419224322321, 46.66057020308989, 43.67948908961524, 19.72789115646259, 31.09353411680417, 19.72789115646259, 47.83989261177044, 45.684417755060274, 47.34619871025397, 45.12448910314751, 20.49214623177727, 47.5134969136059, 19.72789115646259, 45.33837924186799, 19.72789115646259, 44.71246199979176, 45.52263344623265, 45.383018733052474, 44.75153023444147, 46.55573713694374], [0.0, 0.0, 0.0, 0.0, 0.0, 0.0, 0.0, 0.0, 0.0, 0.0, 0.0, 0.0, 0.0, 0.0, 0.0, 0.0, 0.0, 0.0, 0.0, 0.0, 0.0, 0.0, 0.0, 0.0], [0.0, 0.0, 0.0, 0.0, 0.0, 0.0, 0.0, 0.0, 0.0, 0.0, 0.0, 0.0, 0.0, 0.0, 0.0, 0.0, 0.0, 0.0, 0.0, 0.0, 0.0, 0.0, 0.0, 0.0], [0.0, 0.0, 0.0, 0.0, 0.0, 0.0, 0.0, 0.0, 0.0, 0.0, 0.0, 0.0, 0.0, 0.0, 0.0, 0.0, 0.0, 0.0, 0.0, 0.0, 0.0, 0.0, 0.0, 0.0], [1.7434514190588382, 1.7595067746040594, 1.3047114476685637, 0.8784156195219738, 1.7466895377150131, 5.2537494302697745, 8.363844444906947, 5.154272911936454, 9.00241651562097, 2.2601720721790017, 3.6226475443590376, 3.1732393191652397, 2.4495776405932816, 1.2074389077273668, 1.0922847636579545, 3.460241342130807, 3.2957250542125167, 9.9850456309533, 3.294794705369357, 4.036496839742929, 3.3663891349818345, 1.755354037303962, 1.3226481462356545, 2.689442576569047], [0.0, 0.0, 0.0, 0.0, 0.0, 0.0, 0.0, 0.0, 0.0, 0.0, 0.0, 0.0, 0.0, 0.0, 0.0, 0.0, 0.0, 0.0, 0.0, 0.0, 0.0, 0.0, 0.0, 0.0], [6.986827929241364, 6.992924513584405, 6.833208058158319, 6.880464241734965, 7.02077960582448, 6.900725496747249, 6.565488352575981, 3.4013605442176873, 3.728394075703193, 2.964843977241567, 4.034634125803129, 3.075452707731266, 4.398137805156655, 4.224125891731636, 5.8224653527498225, 6.808116757710715, 3.4013605442176873, 7.696349951360616, 3.4013605442176873, 6.811191951873983, 6.103621039703929, 6.9525264255608805, 6.881735946521427, 6.718017873519195], [0.0, 0.0, 0.0, 0.0, 0.0, 0.0, 0.0, 0.0, 0.0, 0.0, 0.0, 0.0, 0.0, 0.0, 0.0, 0.0, 0.0, 0.0, 0.0, 0.0, 0.0, 0.0, 0.0, 0.0], [0.0, 0.0, 0.0, 0.0, 0.0, 0.0, 0.0, 0.0, 0.0, 0.0, 0.0, 0.0, 0.0, 0.0, 0.0, 0.0, 0.0, 0.0, 0.0, 0.0, 0.0, 0.0, 0.0, 0.0], [0.0, 0.0, 0.0, 0.0, 0.0, 0.0, 0.0, 0.0, 0.0, 0.0, 0.0, 0.0, 0.0, 0.0, 0.0, 0.0, 0.0, 0.0, 0.0, 0.0, 0.0, 0.0, 0.0, 0.0], [0.0, 0.0, 0.0, 0.0, 0.0, 0.0, 0.0, 0.0, 0.0, 0.0, 0.0, 0.0, 0.0, 0.0, 0.0, 0.0, 0.0, 0.0, 0.0, 0.0, 0.0, 0.0, 0.0, 0.0], [0.0, 0.0, 0.0, 0.0, 0.0, 0.0, 0.0, 0.0, 0.0, 0.0, 0.0, 0.0, 0.0, 0.0, 0.0, 0.0, 0.0, 0.0, 0.0, 0.0, 0.0, 0.0, 0.0, 0.0], [0.0, 0.0, 0.0, 0.0, 0.0, 0.0, 0.0, 0.0, 0.0, 0.0, 0.0, 0.0, 0.0, 0.0, 0.0, 0.0, 0.0, 0.0, 0.0, 0.0, 0.0, 0.0, 0.0, 0.0], [0.0, 0.0, 0.0, 0.0, 0.0, 0.0, 0.0, 0.0, 0.0, 0.0, 0.0, 0.0, 0.0, 0.0, 0.0, 0.0, 0.0, 0.0, 0.0, 0.0, 0.0, 0.0, 0.0, 0.0], [10.6942948980805, 10.680629339083826, 9.493405717408203, 9.034620269753443, 10.67623387403627, 12.816114272143885, 13.728218871017, 6.242214762642278, 14.712451458550756, 5.244236918390588, 12.253865744013991, 11.53247415975448, 10.681633463745548, 9.645974656191283, 9.960955926367944, 11.694682142977898, 5.376056868967212, 16.735547119854395, 5.77874715864039, 12.448542868779821, 11.36522700171123, 11.124538271380656, 10.434941338589297, 9.497447357603043], [0.0, 0.0, 0.0, 0.0, 0.0, 0.0, 0.0, 0.0, 0.0, 0.0, 0.0, 0.0, 0.0, 0.0, 0.0, 0.0, 0.0, 0.0, 0.0, 0.0, 0.0, 0.0, 0.0, 0.0], [0.0, 0.0, 0.0, 0.0, 0.0, 0.0, 0.0, 0.0, 0.0, 0.0, 0.0, 0.0, 0.0, 0.0, 0.0, 0.0, 0.0, 0.0, 0.0, 0.0, 0.0, 0.0, 0.0, 0.0], [0.0, 0.0, 0.0, 0.0, 0.0, 0.0, 0.0, 0.0, 0.0, 0.0, 0.0, 0.0, 0.0, 0.0, 0.0, 0.0, 0.0, 0.0, 0.0, 0.0, 0.0, 0.0, 0.0, 0.0], [0.0, 0.0, 0.0, 0.0, 0.0, 0.0, 0.0, 0.0, 0.0, 0.0, 0.0, 0.0, 0.0, 0.0, 0.0, 0.0, 0.0, 0.0, 0.0, 0.0, 0.0, 0.0, 0.0, 0.0], [0.0, 0.0, 0.0, 0.0, 0.0, 0.0, 0.0, 0.0, 0.0, 0.0, 0.0, 0.0, 0.0, 0.0, 0.0, 0.0, 0.0, 0.0, 0.0, 0.0, 0.0, 0.0, 0.0, 0.0], [0.0, 0.0, 0.0, 0.0, 0.0, 0.0, 0.0, 0.0, 0.0, 0.0, 0.0, 0.0, 0.0, 0.0, 0.0, 0.0, 0.0, 0.0, 0.0, 0.0, 0.0, 0.0, 0.0, 0.0], [0.0, 0.0, 0.0, 0.0, 0.0, 0.0, 0.0, 0.0, 0.0, 0.0, 0.0, 0.0, 0.0, 0.0, 0.0, 0.0, 0.0, 0.0, 0.0, 0.0, 0.0, 0.0, 0.0, 0.0], [0.0, 0.0, 0.0, 0.0, 0.0, 0.0, 0.0, 0.0, 0.0, 0.0, 0.0, 0.0, 0.0, 0.0, 0.0, 0.0, 0.0, 0.0, 0.0, 0.0, 0.0, 0.0, 0.0, 0.0], [0.0, 0.0, 0.0, 0.0, 0.0, 0.0, 0.0, 0.0, 0.0, 0.0, 0.0, 0.0, 0.0, 0.0, 0.0, 0.0, 0.0, 0.0, 0.0, 0.0, 0.0, 0.0, 0.0, 0.0], [0.0, 0.0, 0.0, 0.0, 0.0, 0.0, 0.0, 0.0, 0.0, 0.0, 0.0, 0.0, 0.0, 0.0, 0.0, 0.0, 0.0, 0.0, 0.0, 0.0, 0.0, 0.0, 0.0, 0.0], [0.0, 0.0, 0.0, 0.0, 0.0, 0.0, 0.0, 0.0, 0.0, 0.0, 0.0, 0.0, 0.0, 0.0, 0.0, 0.0, 0.0, 0.0, 0.0, 0.0, 0.0, 0.0, 0.0, 0.0], [0.0, 0.0, 0.0, 0.0, 0.0, 0.0, 0.0, 0.0, 0.0, 0.0, 0.0, 0.0, 0.0, 0.0, 0.0, 0.0, 0.0, 0.0, 0.0, 0.0, 0.0, 0.0, 0.0, 0.0], [0.0, 0.0, 0.0, 0.0, 0.0, 0.0, 0.0, 0.0, 0.0, 0.0, 0.0, 0.0, 0.0, 0.0, 0.0, 0.0, 0.0, 0.0, 0.0, 0.0, 0.0, 0.0, 0.0, 0.0], [0.0, 0.0, 0.0, 0.0, 0.0, 0.0, 0.0, 0.0, 0.0, 0.0, 0.0, 0.0, 0.0, 0.0, 0.0, 0.0, 0.0, 0.0, 0.0, 0.0, 0.0, 0.0, 0.0, 0.0], [0.0, 0.0, 0.0, 0.0, 0.0, 0.0, 0.0, 0.0, 0.0, 0.0, 0.0, 0.0, 0.0, 0.0, 0.0, 0.0, 0.0, 0.0, 0.0, 0.0, 0.0, 0.0, 0.0, 0.0], [0.0, 0.0, 0.0, 0.0, 0.0, 0.0, 0.0, 0.0, 0.0, 0.0, 0.0, 0.0, 0.0, 0.0, 0.0, 0.0, 0.0, 0.0, 0.0, 0.0, 0.0, 0.0, 0.0, 0.0], [0.0, 0.0, 0.0, 0.0, 0.0, 0.0, 0.0, 0.0, 0.0, 0.0, 0.0, 0.0, 0.0, 0.0, 0.0, 0.0, 0.0, 0.0, 0.0, 0.0, 0.0, 0.0, 0.0, 0.0], [0.0, 0.0, 0.0, 0.0, 0.0, 0.0, 0.0, 0.0, 0.0, 0.0, 0.0, 0.0, 0.0, 0.0, 0.0, 0.0, 0.0, 0.0, 0.0, 0.0, 0.0, 0.0, 0.0, 0.0], [0.0, 0.0, 0.0, 0.0, 0.0, 0.0, 0.0, 0.0, 0.0, 0.0, 0.0, 0.0, 0.0, 0.0, 0.0, 0.0, 0.0, 0.0, 0.0, 0.0, 0.0, 0.0, 0.0, 0.0], [0.0, 0.0, 0.0, 0.0, 0.0, 0.0, 0.0, 0.0, 0.0, 0.0, 0.0, 0.0, 0.0, 0.0, 0.0, 0.0, 0.0, 0.0, 0.0, 0.0, 0.0, 0.0, 0.0, 0.0], [0.0, 0.0, 0.0, 0.0, 0.0, 0.0, 0.0, 0.0, 0.0, 0.0, 0.0, 0.0, 0.0, 0.0, 0.0, 0.0, 0.0, 0.0, 0.0, 0.0, 0.0, 0.0, 0.0, 0.0], [0.0, 0.0, 0.0, 0.0, 0.0, 0.0, 0.0, 0.0, 0.0, 0.0, 0.0, 0.0, 0.0, 0.0, 0.0, 0.0, 0.0, 0.0, 0.0, 0.0, 0.0, 0.0, 0.0, 0.0], [0.0, 0.0, 0.0, 0.0, 0.0, 0.0, 0.0, 0.0, 0.0, 0.0, 0.0, 0.0, 0.0, 0.0, 0.0, 0.0, 0.0, 0.0, 0.0, 0.0, 0.0, 0.0, 0.0, 0.0]]
        u_E = [[1.0, 1.0, 1.0, 1.0, 1.0, 1.0, 1.0, 1.0, 1.0, 1.0, 1.0, 1.0, 1.0, 1.0, 1.0, 1.0, 1.0, 1.0, 1.0, 1.0, 1.0, 1.0, 1.0, 1.0], [1.0, 1.0, 1.0, 1.0, 1.0, 1.0, 1.0, 1.0, 1.0, 1.0, 1.0, 1.0, 1.0, 1.0, 1.0, 1.0, 1.0, 1.0, 1.0, 1.0, 1.0, 1.0, 1.0, 1.0], [1.0, 1.0, 1.0, 1.0, 1.0, 1.0, 1.0, 1.0, 1.0, 1.0, 1.0, 1.0, 1.0, 1.0, 1.0, 1.0, 1.0, 1.0, 1.0, 1.0, 1.0, 1.0, 1.0, 1.0], [1.0, 1.0, 1.0, 1.0, 1.0, 1.0, 1.0, 1.0, 1.0, 1.0, 1.0, 1.0, 1.0, 1.0, 1.0, 1.0, 1.0, 1.0, 1.0, 1.0, 1.0, 1.0, 1.0, 1.0], [1.0, 1.0, 1.0, 1.0, 1.0, 1.0, 1.0, 1.0, 1.0, 1.0, 1.0, 1.0, 1.0, 1.0, 1.0, 1.0, 1.0, 1.0, 1.0, 1.0, 1.0, 1.0, 1.0, 1.0], [1.0, 1.0, 1.0, 1.0, 1.0, 1.0, 1.0, 1.0, 1.0, 1.0, 1.0, 1.0, 1.0, 1.0, 1.0, 1.0, 1.0, 1.0, 1.0, 1.0, 1.0, 1.0, 1.0, 1.0], [1.0, 1.0, 1.0, 1.0, 1.0, 1.0, 1.0, 1.0, 1.0, 1.0, 1.0, 1.0, 1.0, 1.0, 1.0, 1.0, 1.0, 1.0, 1.0, 1.0, 1.0, 1.0, 1.0, 1.0], [1.0, 1.0, 1.0, 1.0, 1.0, 1.0, 1.0, 1.0, 1.0, 1.0, 1.0, 1.0, 1.0, 1.0, 1.0, 1.0, 1.0, 1.0, 1.0, 1.0, 1.0, 1.0, 1.0, 1.0], [1.0, 1.0, 1.0, 1.0, 1.0, 1.0, 1.0, 1.0, 1.0, 1.0, 1.0, 1.0, 1.0, 1.0, 1.0, 1.0, 1.0, 1.0, 1.0, 1.0, 1.0, 1.0, 1.0, 1.0], [1.0, 1.0, 1.0, 1.0, 1.0, 1.0, 1.0, 1.0, 1.0, 1.0, 1.0, 1.0, 1.0, 1.0, 1.0, 1.0, 1.0, 1.0, 1.0, 1.0, 1.0, 1.0, 1.0, 1.0], [1.0, 1.0, 1.0, 1.0, 1.0, 1.0, 1.0, 1.0, 1.0, 1.0, 1.0, 1.0, 1.0, 1.0, 1.0, 1.0, 1.0, 1.0, 1.0, 1.0, 1.0, 1.0, 1.0, 1.0], [1.0, 1.0, 1.0, 1.0, 1.0, 1.0, 1.0, 1.0, 1.0, 1.0, 1.0, 1.0, 1.0, 1.0, 1.0, 1.0, 1.0, 1.0, 1.0, 1.0, 1.0, 1.0, 1.0, 1.0], [1.0, 1.0, 1.0, 1.0, 1.0, 1.0, 1.0, 1.0, 1.0, 1.0, 1.0, 1.0, 1.0, 1.0, 1.0, 1.0, 1.0, 1.0, 1.0, 1.0, 1.0, 1.0, 1.0, 1.0], [1.0, 1.0, 1.0, 1.0, 1.0, 1.0, 1.0, 1.0, 1.0, 1.0, 1.0, 1.0, 1.0, 1.0, 1.0, 1.0, 1.0, 1.0, 1.0, 1.0, 1.0, 1.0, 1.0, 1.0], [1.0, 1.0, 1.0, 1.0, 1.0, 1.0, 1.0, 1.0, 1.0, 1.0, 1.0, 1.0, 1.0, 1.0, 1.0, 1.0, 1.0, 1.0, 1.0, 1.0, 1.0, 1.0, 1.0, 1.0], [1.0, 1.0, 1.0, 1.0, 1.0, 1.0, 1.0, 1.0, 1.0, 1.0, 1.0, 1.0, 1.0, 1.0, 1.0, 1.0, 1.0, 1.0, 1.0, 1.0, 1.0, 1.0, 1.0, 1.0], [1.0, 1.0, 1.0, 1.0, 1.0, 1.0, 1.0, 1.0, 1.0, 1.0, 1.0, 1.0, 1.0, 1.0, 1.0, 1.0, 1.0, 1.0, 1.0, 1.0, 1.0, 1.0, 1.0, 1.0], [1.0, 1.0, 1.0, 1.0, 1.0, 1.0, 1.0, 1.0, 1.0, 1.0, 1.0, 1.0, 1.0, 1.0, 1.0, 1.0, 1.0, 1.0, 1.0, 1.0, 1.0, 1.0, 1.0, 1.0], [1.0, 1.0, 1.0, 1.0, 1.0, 1.0, 1.0, 1.0, 1.0, 1.0, 1.0, 1.0, 1.0, 1.0, 1.0, 1.0, 1.0, 1.0, 1.0, 1.0, 1.0, 1.0, 1.0, 1.0], [1.0, 1.0, 1.0, 1.0, 1.0, 1.0, 1.0, 1.0, 1.0, 1.0, 1.0, 1.0, 1.0, 1.0, 1.0, 1.0, 1.0, 1.0, 1.0, 1.0, 1.0, 1.0, 1.0, 1.0], [1.0, 1.0, 1.0, 1.0, 1.0, 1.0, 1.0, 1.0, 1.0, 1.0, 1.0, 1.0, 1.0, 1.0, 1.0, 1.0, 1.0, 1.0, 1.0, 1.0, 1.0, 1.0, 1.0, 1.0], [1.0, 1.0, 1.0, 1.0, 1.0, 1.0, 1.0, 1.0, 1.0, 1.0, 1.0, 1.0, 1.0, 1.0, 1.0, 1.0, 1.0, 1.0, 1.0, 1.0, 1.0, 1.0, 1.0, 1.0], [1.0, 1.0, 1.0, 1.0, 1.0, 1.0, 1.0, 1.0, 1.0, 1.0, 1.0, 1.0, 1.0, 1.0, 1.0, 1.0, 1.0, 1.0, 1.0, 1.0, 1.0, 1.0, 1.0, 1.0], [1.0, 1.0, 1.0, 1.0, 1.0, 1.0, 1.0, 1.0, 1.0, 1.0, 1.0, 1.0, 1.0, 1.0, 1.0, 1.0, 1.0, 1.0, 1.0, 1.0, 1.0, 1.0, 1.0, 1.0], [1.0, 1.0, 1.0, 1.0, 1.0, 1.0, 1.0, 1.0, 1.0, 1.0, 1.0, 1.0, 1.0, 1.0, 1.0, 1.0, 1.0, 1.0, 1.0, 1.0, 1.0, 1.0, 1.0, 1.0], [1.0, 1.0, 1.0, 1.0, 1.0, 1.0, 1.0, 1.0, 1.0, 1.0, 1.0, 1.0, 1.0, 1.0, 1.0, 1.0, 1.0, 1.0, 1.0, 1.0, 1.0, 1.0, 1.0, 1.0], [1.0, 1.0, 1.0, 1.0, 1.0, 1.0, 1.0, 1.0, 1.0, 1.0, 1.0, 1.0, 1.0, 1.0, 1.0, 1.0, 1.0, 1.0, 1.0, 1.0, 1.0, 1.0, 1.0, 1.0], [1.0, 1.0, 1.0, 1.0, 1.0, 1.0, 1.0, 1.0, 1.0, 1.0, 1.0, 1.0, 1.0, 1.0, 1.0, 1.0, 1.0, 1.0, 1.0, 1.0, 1.0, 1.0, 1.0, 1.0], [1.0, 1.0, 1.0, 1.0, 1.0, 1.0, 1.0, 1.0, 1.0, 1.0, 1.0, 1.0, 1.0, 1.0, 1.0, 1.0, 1.0, 1.0, 1.0, 1.0, 1.0, 1.0, 1.0, 1.0], [1.0, 1.0, 1.0, 1.0, 1.0, 1.0, 1.0, 1.0, 1.0, 1.0, 1.0, 1.0, 1.0, 1.0, 1.0, 1.0, 1.0, 1.0, 1.0, 1.0, 1.0, 1.0, 1.0, 1.0], [1.0, 1.0, 1.0, 1.0, 1.0, 1.0, 1.0, 1.0, 1.0, 1.0, 1.0, 1.0, 1.0, 1.0, 1.0, 1.0, 1.0, 1.0, 1.0, 1.0, 1.0, 1.0, 1.0, 1.0], [1.0, 1.0, 1.0, 1.0, 1.0, 1.0, 1.0, 1.0, 1.0, 1.0, 1.0, 1.0, 1.0, 1.0, 1.0, 1.0, 1.0, 1.0, 1.0, 1.0, 1.0, 1.0, 1.0, 1.0], [1.0, 1.0, 1.0, 1.0, 1.0, 1.0, 1.0, 1.0, 1.0, 1.0, 1.0, 1.0, 1.0, 1.0, 1.0, 1.0, 1.0, 1.0, 1.0, 1.0, 1.0, 1.0, 1.0, 1.0], [1.0, 1.0, 1.0, 1.0, 1.0, 1.0, 1.0, 1.0, 1.0, 1.0, 1.0, 1.0, 1.0, 1.0, 1.0, 1.0, 1.0, 1.0, 1.0, 1.0, 1.0, 1.0, 1.0, 1.0], [1.0, 1.0, 1.0, 1.0, 1.0, 1.0, 1.0, 1.0, 1.0, 1.0, 1.0, 1.0, 1.0, 1.0, 1.0, 1.0, 1.0, 1.0, 1.0, 1.0, 1.0, 1.0, 1.0, 1.0], [1.0, 1.0, 1.0, 1.0, 1.0, 1.0, 1.0, 1.0, 1.0, 1.0, 1.0, 1.0, 1.0, 1.0, 1.0, 1.0, 1.0, 1.0, 1.0, 1.0, 1.0, 1.0, 1.0, 1.0], [1.0, 1.0, 1.0, 1.0, 1.0, 1.0, 1.0, 1.0, 1.0, 1.0, 1.0, 1.0, 1.0, 1.0, 1.0, 1.0, 1.0, 1.0, 1.0, 1.0, 1.0, 1.0, 1.0, 1.0], [1.0, 1.0, 1.0, 1.0, 1.0, 1.0, 1.0, 1.0, 1.0, 1.0, 1.0, 1.0, 1.0, 1.0, 1.0, 1.0, 1.0, 1.0, 1.0, 1.0, 1.0, 1.0, 1.0, 1.0], [1.0, 1.0, 1.0, 1.0, 1.0, 1.0, 1.0, 1.0, 1.0, 1.0, 1.0, 1.0, 1.0, 1.0, 1.0, 1.0, 1.0, 1.0, 1.0, 1.0, 1.0, 1.0, 1.0, 1.0], [1.0, 1.0, 1.0, 1.0, 1.0, 1.0, 1.0, 1.0, 1.0, 1.0, 1.0, 1.0, 1.0, 1.0, 1.0, 1.0, 1.0, 1.0, 1.0, 1.0, 1.0, 1.0, 1.0, 1.0], [1.0, 1.0, 1.0, 1.0, 1.0, 1.0, 1.0, 1.0, 1.0, 1.0, 1.0, 1.0, 1.0, 1.0, 1.0, 1.0, 1.0, 1.0, 1.0, 1.0, 1.0, 1.0, 1.0, 1.0], [1.0, 1.0, 1.0, 1.0, 1.0, 1.0, 1.0, 1.0, 1.0, 1.0, 1.0, 1.0, 1.0, 1.0, 1.0, 1.0, 1.0, 1.0, 1.0, 1.0, 1.0, 1.0, 1.0, 1.0], [1.0, 1.0, 1.0, 1.0, 1.0, 1.0, 1.0, 1.0, 1.0, 1.0, 1.0, 1.0, 1.0, 1.0, 1.0, 1.0, 1.0, 1.0, 1.0, 1.0, 1.0, 1.0, 1.0, 1.0], [0.0, 0.0, 0.0, 0.0, 0.0, 0.0, 0.0, 0.0, 0.0, 0.0, 0.0, 0.0, 0.0, 0.0, 0.0, 0.0, 0.0, 0.0, 0.0, 0.0, 0.0, 0.0, 0.0, 0.0], [0.0, 0.0, 0.0, 0.0, 0.0, 0.0, 0.0, 0.0, 0.0, 0.0, 0.0, 0.0, 0.0, 0.0, 0.0, 0.0, 0.0, 0.0, 0.0, 0.0, 0.0, 0.0, 0.0, 0.0], [0.0, 0.0, 0.0, 0.0, 0.0, 0.0, 0.0, 0.0, 0.0, 0.0, 0.0, 0.0, 0.0, 0.0, 0.0, 0.0, 0.0, 0.0, 0.0, 0.0, 0.0, 0.0, 0.0, 0.0], [0.0, 0.0, 0.0, 0.0, 0.0, 0.0, 0.0, 0.0, 0.0, 0.0, 0.0, 0.0, 0.0, 0.0, 0.0, 0.0, 0.0, 0.0, 0.0, 0.0, 0.0, 0.0, 0.0, 0.0]]
        u_H = [[1.0], [1.0], [1.0], [1.0], [1.0], [1.0], [1.0], [1.0], [1.0], [1.0], [1.0], [1.0], [1.0], [1.0], [1.0], [1.0], [1.0], [1.0], [1.0], [1.0], [1.0], [1.0], [1.0], [1.0], [1.0], [1.0], [1.0], [1.0], [1.0], [1.0], [1.0], [1.0], [1.0], [1.0], [1.0], [1.0], [1.0], [0.0], [0.0]]
        v = [[0.997032583098259, 0.9971687486676147, 0.9972538954371121, 0.9972989468543065, 0.9972119841321202, 0.9968356037360533, 0.9963023092754244, 0.9958003257610392, 0.9956757792954366, 0.9956886837206479, 0.9957192513982344, 0.995947901719046, 0.9961203394935559, 0.9962715517781956, 0.9960567193103601, 0.9957381351567511, 0.9953712210391826, 0.9952266857617192, 0.9954436021919649, 0.9957670340708463, 0.996157738749992, 0.9963815523703567, 0.9966156799967331, 0.9968354468047121], [0.9936846148306487, 0.9939832893431185, 0.9941772441072988, 0.9942763696483412, 0.9940807609014831, 0.9933375527595583, 0.9922618901415101, 0.9911608106344623, 0.9906175697732416, 0.9904132326134252, 0.9903343740386519, 0.9907810252633318, 0.9912632147621094, 0.9915780493189353, 0.9911994668344827, 0.9906632670182094, 0.9900785013021831, 0.9898417799494046, 0.990276698886512, 0.9909275648406309, 0.9917530090966176, 0.99232717233119, 0.9928330149098382, 0.9933229250960259], [0.9901288664681759, 0.9905998839283805, 0.990908939250179, 0.9910654226864641, 0.9907547986053556, 0.9896082559649025, 0.9879571871922402, 0.9862215889913161, 0.9852163805815537, 0.9847809785009317, 0.9845865016815978, 0.9852643948043689, 0.9860931151177124, 0.9865812902735811, 0.9860294737385994, 0.9852622009089798, 0.9844461171695146, 0.9840938898808711, 0.9847600461992634, 0.985757539340389, 0.9870447885947685, 0.9880224806957228, 0.9888161169805705, 0.9895929930261637], [0.9865763360943839, 0.987219386565157, 0.987643470317846, 0.98785705828848, 0.9874316714873976, 0.9858826406437565, 0.9836571474842588, 0.9812885144601896, 0.9798225243149925, 0.9791567398034591, 0.9788469786174036, 0.9797554515446213, 0.9809297372722684, 0.9815908322583334, 0.980866228757724, 0.9798685032286367, 0.9788217152800713, 0.9783543531812573, 0.9792510847621886, 0.9805942654429942, 0.9823421631070288, 0.9837224495677633, 0.9848033945412471, 0.985866957142048], [0.9830270199630481, 0.9838418527295429, 0.9843807258944679, 0.9846513770068012, 0.984111435410244, 0.982160762055683, 0.9793617963883533, 0.9763615976873176, 0.9744360050085759, 0.973540549656269, 0.9731158376215735, 0.9742542245868203, 0.9757731323469292, 0.9766066968936153, 0.9757097564756169, 0.9744822004340981, 0.9732052983268981, 0.9726232026459056, 0.9737498437042592, 0.9754377702779685, 0.9776451547497607, 0.9794270987759987, 0.9807948784834363, 0.9821447965827486], [0.9794809410108707, 0.9804673997925735, 0.9811207327265344, 0.9814485789668576, 0.9807942159348887, 0.9784427127489773, 0.9750711968135892, 0.9714409133263052, 0.9690569258927866, 0.9679324426226876, 0.9673931117975262, 0.9687607431520274, 0.9706233787856776, 0.9716289064288609, 0.9705600822662036, 0.9691033219160513, 0.9675969745045442, 0.9669004717639837, 0.9682563533494751, 0.9702880810683163, 0.9729537919053753, 0.9751365193095769, 0.9767906350669915, 0.9784267086337062], [0.9947991385706785, 0.9950241496007586, 0.9951543775528789, 0.9952282878136027, 0.9950916781294291, 0.994357537515934, 0.9933357458762688, 0.9925067429931963, 0.9927221449932118, 0.9930942324486496, 0.9933637301821342, 0.9938234686714664, 0.9939369547960699, 0.9942117746990611, 0.9937174230246055, 0.992947421860587, 0.9920116172834559, 0.9916670418695033, 0.992086078187606, 0.9927080644022991, 0.9933995205343522, 0.9936177225895376, 0.9940160239099959, 0.9943663043274339], [0.9926563373563715, 0.9929645164168125, 0.9931350241012831, 0.9932358483717665, 0.9930540990463361, 0.9919658259521288, 0.9904624689650868, 0.9893277718942535, 0.9899355782084647, 0.9907060198891967, 0.9912370673216512, 0.9919275659550535, 0.9919557370793127, 0.9923502088756809, 0.9915695802032732, 0.9903343822088335, 0.9888084618022718, 0.9882587912136348, 0.9888774492424542, 0.9897940379044148, 0.990774833747711, 0.9909601895050802, 0.9915141213875285, 0.9919842684623705], [0.9890999823498114, 0.9895807521791522, 0.9898661745001822, 0.9900245378023346, 0.9897278381766015, 0.9882360958474559, 0.9861567276839139, 0.9843871792931161, 0.9845328334162, 0.9850721724921557, 0.9854875546656021, 0.986409433615071, 0.9867843468737041, 0.9873522086988058, 0.9863982457157705, 0.9849318279534823, 0.9831743992077995, 0.9825091698054894, 0.9833592094942019, 0.9846226225162258, 0.9860654779994634, 0.9866544720110173, 0.9874964922904295, 0.9882541974642715], [0.9819981291626904, 0.9828230744605564, 0.983337659665964, 0.9836107151905501, 0.9830848580835334, 0.9807884483573274, 0.9775611016151436, 0.9745268768087438, 0.9737523387048682, 0.9738317764408448, 0.9740169460890986, 0.9753993237583904, 0.9764645359922038, 0.9773776517601234, 0.9760785529283366, 0.9741518263245383, 0.9719335449729734, 0.9710384307792299, 0.9723489671806864, 0.9743028067620306, 0.976665822988947, 0.9780586994038201, 0.9794752434315382, 0.9808066327854963], [0.9784520245887687, 0.9794487099755289, 0.9800775405240015, 0.9804079109890134, 0.979767717732461, 0.9770701266606968, 0.9732704089577571, 0.9696060579277678, 0.9683731968627372, 0.9682236713651776, 0.9682942280006338, 0.9699058514877572, 0.9713148376044596, 0.972399866557593, 0.9709288818810065, 0.9687729438735063, 0.9663252356776785, 0.9653156869453219, 0.966855468327036, 0.9691530945123039, 0.9719744384081481, 0.9737678108820735, 0.9754709093413834, 0.977088576262527], [0.9855474592499226, 0.9862004490189753, 0.9866005669805924, 0.9868163145467671, 0.9864049289785761, 0.9845105581639345, 0.9818565797331668, 0.9794539659084497, 0.9791389144616962, 0.9794479598009969, 0.9797480715201194, 0.9809005324145629, 0.9816210538344198, 0.9823617766863126, 0.9812350198582787, 0.979538135145273, 0.9775499541674958, 0.9767696084115105, 0.9778502291987259, 0.9794593324951854, 0.9813628499724105, 0.9823543340103914, 0.9834838167555476, 0.9845284977269019], [0.9934744448432757, 0.9937832060377259, 0.9939835639294027, 0.99408610147948, 0.9938840105656209, 0.993103845754718, 0.9919939451597066, 0.9908562014861523, 0.9902689344940622, 0.9900502949552168, 0.9899650272255113, 0.9904254179081301, 0.9909449204784471, 0.9912699828453171, 0.9908815777509958, 0.9903314548446843, 0.9897326659492757, 0.9894724372427401, 0.9899210845417145, 0.9905918491279723, 0.9914452575084496, 0.9920730867827062, 0.992595705042432, 0.9931035595894728], [0.9899251728360724, 0.990405634160619, 0.9907207417591458, 0.990880390561842, 0.9905637596097869, 0.9893818518520265, 0.9876985314424378, 0.9859290745221185, 0.9848826274995209, 0.9844342149461699, 0.9842340759502792, 0.9849243591313823, 0.9857882800536354, 0.9862859717388439, 0.9857252388726783, 0.9849453122819672, 0.9841164973060966, 0.9837414709587897, 0.9844199993118707, 0.985435484404977, 0.9867483516801796, 0.9877773751833443, 0.98858715528085, 0.9893814877620638], [0.9863791010035354, 0.9870310517896145, 0.9874606893906328, 0.9876774619875229, 0.9872464189684241, 0.9856636293724448, 0.9834078593620619, 0.9810081504705204, 0.9795036703975527, 0.9788261266677554, 0.9785114444757875, 0.9794309617184186, 0.9806383988571569, 0.9813082429590233, 0.9805756292754992, 0.979566514477564, 0.9785083287028561, 0.9780188293334797, 0.9789265820254541, 0.9802858562146083, 0.9820570310311759, 0.9834863658120871, 0.9845828133252374, 0.9856631830545595], [0.9899198318876163, 0.9904008806365088, 0.9907162083451023, 0.9908761680654026, 0.9905591470906963, 0.9893759742354967, 0.9876907600901855, 0.9859189145061178, 0.984870215261534, 0.9844207744500393, 0.9842200311428557, 0.9849114321019145, 0.9857769505420729, 0.986275381986721, 0.9857138988700737, 0.9849329209556487, 0.9841029494583888, 0.9837274221143786, 0.9844070690626905, 0.9854241287215665, 0.9867389671788257, 0.9877698306638684, 0.9885802825132957, 0.989375550802816], [0.9863705176403043, 0.9870232771112476, 0.9874532403808796, 0.9876704460245174, 0.9872388723470743, 0.985653874141936, 0.9833953156756612, 0.9809917182815378, 0.979483845208905, 0.9788045919672497, 0.9784889825566959, 0.9794102864050298, 0.9806198871828502, 0.9812912977637486, 0.9805574863452493, 0.9795466960816954, 0.9784866648514681, 0.9779963568355385, 0.9789058878147798, 0.9802676734526298, 0.9820420098064283, 0.983473877420913, 0.9845716493143023, 0.9856534117995394], [0.982824415579619, 0.9836486721417476, 0.9841930515137003, 0.9844675156189406, 0.9839215162509469, 0.9819355536709202, 0.979104630934814, 0.9760707537332355, 0.9741048651825434, 0.9731964471980958, 0.9727663027561612, 0.9739168453288611, 0.9754696178093226, 0.9763135279296902, 0.9754078385483627, 0.9741678565594791, 0.972878425889738, 0.9722736652634619, 0.9734124177927036, 0.9751179899479614, 0.9773506642098579, 0.9791826457565935, 0.9805672402132108, 0.9819350572373575], [0.9899362271177728, 0.9904159353110334, 0.9907301028075256, 0.9908898030715969, 0.9905737622684071, 0.9893942572637695, 0.9877148985978778, 0.985950943284815, 0.9849080906080535, 0.9844621297043734, 0.9842630446275852, 0.9849510220958606, 0.9858121000299366, 0.986307815439921, 0.9857486390865577, 0.9849708658742734, 0.984144256034233, 0.9837704631084037, 0.9844466972528445, 0.9854589160353533, 0.9867677496502341, 0.9877937578582595, 0.9886016019566263, 0.9893944191958307], [0.9982104181052004, 0.9983099552440121, 0.9983791115388936, 0.9984146932374822, 0.9983466922580561, 0.9981613964194455, 0.997788542853571, 0.9974630412500767, 0.9973694287407762, 0.997407075643894, 0.9975025691144863, 0.9977182176562, 0.9978380791076858, 0.9979197418696827, 0.9976999091034644, 0.9974244068716774, 0.9971130379089399, 0.9969836981921927, 0.997070498897145, 0.9973303594971443, 0.9976366846601368, 0.9977466132844027, 0.9979221202805528, 0.9981105665445629], [0.9967659828229829, 0.9968966196057111, 0.9970070161439946, 0.9970654511891377, 0.9969540486291614, 0.9968565916025615, 0.9960957351156593, 0.9956099669180514, 0.9959118876485483, 0.9962631628400422, 0.9966572913547822, 0.997031467317707, 0.9969290389628788, 0.9970308415742811, 0.9965529693647909, 0.9959583929963283, 0.9951374581117355, 0.9950109927411793, 0.9951107869305607, 0.9957280976345219, 0.9962540069132033, 0.9959779471642577, 0.996248141850661, 0.996569177847757], [0.9955399547154816, 0.9956871087124842, 0.9958311998283587, 0.9959087345558569, 0.9957615943305733, 0.9958021764455947, 0.9946728043895348, 0.9940755063067718, 0.9948607782276262, 0.9955815250164117, 0.9963169715435937, 0.9968423901774236, 0.996459278289662, 0.996565361668473, 0.9958206747779303, 0.9948984192871694, 0.9935390302977738, 0.9934277386740282, 0.9935180046091359, 0.9944937064701477, 0.9952143907005754, 0.9944714810950129, 0.9948164500225899, 0.9952543187093856], [0.994661129707828, 0.9949326766673613, 0.9951164211192149, 0.9952095339434005, 0.9950266133525222, 0.9944401242723914, 0.9934935108165965, 0.9925365422844872, 0.9919833942099293, 0.9917911960022343, 0.9917717460225138, 0.9922172101824629, 0.9926817310106435, 0.9929350807400698, 0.9925436723282269, 0.9920372359174177, 0.991497153537952, 0.9912527921231042, 0.9915695444104925, 0.9921741170709557, 0.9929397680418635, 0.9934515636691584, 0.9939138775232144, 0.9943889907479992], [0.9911150093137557, 0.99155829122329, 0.9918565138828831, 0.992006952715804, 0.9917094351891848, 0.9907223296079211, 0.9892031178846904, 0.987616142384601, 0.9866046524727354, 0.9861832449725854, 0.9860491794242332, 0.9867238220812149, 0.9875320928209014, 0.9879567406108236, 0.9873941167449101, 0.9866575389825405, 0.9858892001370142, 0.9855301694982963, 0.986076199483974, 0.9870245577581197, 0.9882484155274044, 0.9891611582360669, 0.9899096923405509, 0.9906709358047792], [0.9820013940765657, 0.9828260335114345, 0.9833406065582461, 0.983613564920819, 0.9830877413847, 0.9807925874277061, 0.9775659872493896, 0.9745333221077174, 0.9737599067110314, 0.9738399020022157, 0.9740254031179703, 0.9754071037381631, 0.976471355831146, 0.9773840236636048, 0.9760853828820398, 0.9741592964698266, 0.9719417129091545, 0.9710469136029876, 0.9723567720425687, 0.9743096725452426, 0.9766715127150597, 0.9780638659824565, 0.9794796130893043, 0.9808104621581349], [0.9949565184497401, 0.9952142708655025, 0.9953889602392677, 0.995477228855292, 0.9953036983905746, 0.9947670616039043, 0.9938667183320594, 0.9929605676701969, 0.992466732983687, 0.9922935536258918, 0.9922830119212129, 0.9927101084360422, 0.9931243153241633, 0.9933644418885746, 0.9929861427488654, 0.9924992004824569, 0.9919768888118489, 0.9917640401915705, 0.9920622981552882, 0.9926389391625805, 0.9933675021789535, 0.9938066029060464, 0.9942460439118408, 0.9947017639428601], [0.991410399758936, 0.9918398910240982, 0.9921290557555278, 0.9922746461174372, 0.9919864527429373, 0.9910492771643482, 0.9895763500450279, 0.9880401703940533, 0.9870879945773622, 0.9866856066439857, 0.9865604496749654, 0.9872167157258991, 0.9879746036197986, 0.9883863360922418, 0.9878365898326252, 0.9871197890007383, 0.9863689392787565, 0.9860414270163214, 0.9865689570396096, 0.9874893835026775, 0.9886761714871598, 0.9895162452232271, 0.9902418850862171, 0.9909835614344215], [0.9985307616163898, 0.998708706647999, 0.9988262959509353, 0.9988874905023503, 0.9987778909137119, 0.9984383734437172, 0.9977953854647299, 0.9971724140062037, 0.996873547454767, 0.9968026943940218, 0.996843725690258, 0.9971679784352396, 0.9974391357336112, 0.9976028490148615, 0.9973010082101892, 0.9969169708446218, 0.9964977150292419, 0.9963261549455551, 0.9965202409610896, 0.9969437305347661, 0.9974669925135139, 0.9977442312755737, 0.9980544076681315, 0.9983909461753367], [0.9991230767492574, 0.9993728797700546, 0.9995344024575049, 0.9996188715718208, 0.9994729917830503, 0.9989962435677332, 0.9981042099003036, 0.9972069684641235, 0.9967206472094793, 0.9965496967052991, 0.9965406928745928, 0.996964922242627, 0.9973741043391561, 0.9976135539744935, 0.997235816884489, 0.9967518215750008, 0.996233012673059, 0.9960244145826446, 0.9963171211066315, 0.9968916093215645, 0.9976149492283128, 0.9980432140412132, 0.9984774439381938, 0.9989526448837214], [1.000028644525684, 1.0003427891943972, 1.0005430973072027, 1.0006481323356282, 1.000472091952691, 0.9998776619823422, 0.9987607762103508, 0.9976158782322325, 0.9969624829515501, 0.9967010965314966, 0.9966471308541227, 0.9971614503153606, 0.9976934136066604, 0.9980014069191909, 0.9975547035547828, 0.9969806398225797, 0.9963718247718595, 0.9961321156069299, 0.9965135339989554, 0.9972245452427152, 0.9981286285606137, 0.9986892495308439, 0.9992353268865614, 0.9998383830018904], [0.9968490630156438, 0.9973191518883556, 0.9976232455327508, 0.9977803053465284, 0.9975003480829993, 0.9965972537069714, 0.9949605015979586, 0.9932434636487342, 0.9922422861883964, 0.9917727752426391, 0.9916151267965122, 0.9923369257035851, 0.9931128486588532, 0.9935768594700266, 0.9929741768764332, 0.992192010875927, 0.9913753031148453, 0.991099773559887, 0.9916892003817447, 0.9927120449985887, 0.9940315203803832, 0.9948332436799897, 0.995639639695073, 0.9965900106576584], [1.0024069447934096, 1.0027517581030692, 1.002967086423461, 1.0030810180488792, 1.0029019376206976, 1.0022659748366425, 1.0010329121854453, 0.9997599133560178, 0.9990140204716441, 0.9987056116232482, 0.9986283947128286, 0.9991894549686412, 0.9997916054782687, 1.0001360364025043, 0.9996522567008771, 0.9990321081892177, 0.9983763376620749, 0.9981153801077008, 0.9985413011401874, 0.9993241236950214, 1.0003224060743763, 1.0009610687115327, 1.0015643526339928, 1.0022246930314007], [1.0054629935319814, 1.0058225637471296, 1.006041808362375, 1.0061590022742173, 1.0059897556278992, 1.0053527443693002, 1.00405500429796, 1.002710433780941, 1.0019132741090147, 1.0015783691178648, 1.0014881953913217, 1.0020754853002038, 1.002716952675418, 1.003082759243292, 1.002576882224322, 1.0019315911697508, 1.0012490942271761, 1.0009776395779948, 1.0014270183501173, 1.002251013283142, 1.003302495167719, 1.0039827751165522, 1.0046174328295585, 1.005309246274458], [0.995368789936973, 0.9955886520219792, 0.9957377305564438, 0.9958137010225726, 0.9956651204865269, 0.9952147469981013, 0.9944904204145442, 0.9938760614540467, 0.9936832639411443, 0.9938634245413195, 0.9941757622472868, 0.9947258516079104, 0.9950286698950945, 0.9951809651374638, 0.9946186904075378, 0.9939245376713186, 0.9931966481503878, 0.9927709128165306, 0.9928957390272575, 0.9933997107114511, 0.9940619867064698, 0.9943830867002769, 0.9947593406203634, 0.9951527894408513], [0.9917505611806431, 0.9921100877128011, 0.9923519871947688, 0.9924748375886472, 0.9922327125787116, 0.991472874105735, 0.9902809630111312, 0.9891534934499765, 0.9886057803904275, 0.9886961039821446, 0.9891022931602105, 0.9899620157385154, 0.9903645851838516, 0.9906591647421653, 0.9898183543887745, 0.9888294881631463, 0.9879139064958731, 0.9874144936104311, 0.9877247991739514, 0.9885144995837447, 0.9896192033405652, 0.9901592071201885, 0.9907683250381396, 0.9913999874316053], [0.9873808129937526, 0.9878480900153054, 0.988161913440801, 0.9883205547716937, 0.9880064874874558, 0.986999527303329, 0.9854444381481695, 0.983921470831719, 0.9830873002685562, 0.9833099021939736, 0.9841784446142077, 0.9855324683770085, 0.9856890460637046, 0.9860981410711162, 0.9847535934849967, 0.9833132371124726, 0.9822504887423342, 0.9816833651405363, 0.9821332843756655, 0.9831548419091954, 0.9847448407585702, 0.9853236343923257, 0.9861113819533701, 0.9869227442118382], [0.9826485027301094, 0.9831940392190064, 0.9835602329798341, 0.9837446662104942, 0.9833784792611989, 0.9821950008515355, 0.9803734958482835, 0.9785633374568325, 0.9775221270108773, 0.9780396355239591, 0.9796290049488177, 0.9815951337163729, 0.981239836981751, 0.9817370648487423, 0.9797410349256103, 0.9777515434964692, 0.9765793644515443, 0.9759662047395171, 0.9765143254281197, 0.9777157449250016, 0.9798006419387741, 0.9802540449543619, 0.981170738107106, 0.9821126350746316], [0.9885444521789016, 0.9890599627827273, 0.9894057113308765, 0.9895807546278332, 0.9892344337190472, 0.9881331043720606, 0.9864207067135935, 0.9847207600258372, 0.9837842315339244, 0.983666630959111, 0.9839688790564927, 0.9850371937560701, 0.9857235646942102, 0.9861743798716104, 0.9851773558844408, 0.9839800544174955, 0.9828565103877628, 0.9822808821867595, 0.9827996352681391, 0.9839016235403104, 0.9854226613829429, 0.986276368472467, 0.9871458705676605, 0.9880456244333676], [0.993482280362297, 0.9937903757393496, 0.9939901459824939, 0.9940925908354665, 0.993890962850962, 0.9931124244069848, 0.9920054513539103, 0.9908715147772537, 0.9902870259487201, 0.9900701020063417, 0.9899856258127241, 0.9904443759504248, 0.9909617365068526, 0.9912855113009589, 0.9908982108995693, 0.9903496234012931, 0.9897524019603936, 0.9894930492943522, 0.989940059552068, 0.9906085000842019, 0.9914590365082387, 0.9920844852879449, 0.9926058489798594, 0.9931124335962862], [0.9899362271177665, 0.9904159353110409, 0.9907301028075253, 0.9908898030715524, 0.9905737622684164, 0.989394257263755, 0.9877148985978738, 0.9859509432848202, 0.9849080906080566, 0.9844621297043737, 0.9842630446275857, 0.9849510220958606, 0.9858121000299377, 0.9863078154399241, 0.9857486390865572, 0.984970865874276, 0.9841442560342362, 0.9837704631084038, 0.9844466972528461, 0.985458916035351, 0.9867677496502342, 0.9877937578582505, 0.9886016019566278, 0.9893944191958048], [0.9863694917121444, 0.9870225185698395, 0.9874525416595908, 0.9876698395520627, 0.9872381258843168, 0.9856530271960157, 0.9833938623272857, 0.9809899433401336, 0.9794812520428292, 0.9788019797096636, 0.9784861771439919, 0.9794077047342642, 0.9806181677271328, 0.9812891920913323, 0.9805552275387507, 0.9795442188517792, 0.9784838472550696, 0.9779935573184418, 0.9789033241902622, 0.9802654301798035, 0.9820401475050431, 0.9834730730647512, 0.9845704759708591, 0.9856524564934889], [0.9828234271767767, 0.9836480976595657, 0.9841925753927585, 0.9844670851283873, 0.98392093538008, 0.981935033460197, 0.9791033064142338, 0.9760692967110262, 0.9741022190804207, 0.9731939165059359, 0.9727634979089145, 0.9739142643619254, 0.9754684489774395, 0.9763114321114571, 0.9754055866810326, 0.9741653792677135, 0.9728755576290784, 0.9722708732032971, 0.9734098748785563, 0.9751157750996797, 0.9773488125303483, 0.9791826052067525, 0.9805662642757936, 0.9819344008292934], [0.9828234271767756, 0.9836480976596036, 0.984192575392753, 0.9844670851283869, 0.9839209353800774, 0.9819350334601953, 0.9791033064142269, 0.9760692967110169, 0.974102219080419, 0.9731939165059363, 0.9727634979089147, 0.9739142643619251, 0.9754684489774396, 0.9763114321114624, 0.9754055866810332, 0.9741653792677113, 0.9728755576290781, 0.9722708732032965, 0.9734098748785556, 0.975115775099679, 0.9773488125303483, 0.9791826052067475, 0.9805662642757881, 0.9819344008292953], [1.0, 1.0, 1.0, 1.0, 1.0, 1.0, 1.0, 1.0, 1.0, 1.0, 1.0, 1.0, 1.0, 1.0, 1.0, 1.0, 1.0, 1.0, 1.0, 1.0, 1.0, 1.0, 1.0, 1.0]]
        w_H = [[0.0, 0.0, 0.0, 0.0, 0.0, 0.0, 0.0, 0.0, 0.0, 0.0, 0.0, 0.0, 0.0, 0.0, 0.0, 0.0, 0.0, 0.0, 0.0, 0.0, 0.0, 0.0, 0.0, 0.0], [0.0, 0.0, 0.0, 0.0, 0.0, 0.0, 0.0, 0.0, 0.0, 0.0, 0.0, 0.0, 0.0, 0.0, 0.0, 0.0, 0.0, 0.0, 0.0, 0.0, 0.0, 0.0, 0.0, 0.0], [0.0, 0.0, 0.0, 0.0, 0.0, 0.0, 0.0, 0.0, 0.0, 0.0, 0.0, 0.0, 0.0, 0.0, 0.0, 0.0, 0.0, 0.0, 0.0, 0.0, 0.0, 0.0, 0.0, 0.0], [0.0, 0.0, 0.0, 0.0, 0.0, 0.0, 0.0, 0.0, 0.0, 0.0, 0.0, 0.0, 0.0, 0.0, 0.0, 0.0, 0.0, 0.0, 0.0, 0.0, 0.0, 0.0, 0.0, 0.0], [0.0, 0.0, 0.0, 0.0, 0.0, 0.0, 0.0, 0.0, 0.0, 0.0, 0.0, 0.0, 0.0, 0.0, 0.0, 0.0, 0.0, 0.0, 0.0, 0.0, 0.0, 0.0, 0.0, 0.0], [0.0, 0.0, 0.0, 0.0, 0.0, 0.0, 0.0, 0.0, 0.0, 0.0, 0.0, 0.0, 0.0, 0.0, 0.0, 0.0, 0.0, 0.0, 0.0, 0.0, 0.0, 0.0, 0.0, 0.0], [0.0, 0.0, 0.0, 0.0, 0.0, 0.0, 0.0, 0.0, 0.0, 0.0, 0.0, 0.0, 0.0, 0.0, 0.0, 0.0, 0.0, 0.0, 0.0, 0.0, 0.0, 0.0, 0.0, 0.0], [0.0, 0.0, 0.0, 0.0, 0.0, 0.0, 0.0, 0.0, 0.0, 0.0, 0.0, 0.0, 0.0, 0.0, 0.0, 0.0, 0.0, 0.0, 0.0, 0.0, 0.0, 0.0, 0.0, 0.0], [0.0, 0.0, 0.0, 0.0, 0.0, 0.0, 0.0, 0.0, 0.0, 0.0, 0.0, 0.0, 0.0, 0.0, 0.0, 0.0, 0.0, 0.0, 0.0, 0.0, 0.0, 0.0, 0.0, 0.0]]
        w_P = [[0.0, 0.0, 0.0, 0.0, 0.0, 0.0, 0.0, 0.0, 0.0, 0.0, 0.0, 0.0, 0.0, 0.0, 0.0, 0.0, 0.0, 0.0, 0.0, 0.0, 0.0, 0.0, 0.0, 0.0], [0.0, 0.0, 0.0, 0.0, 0.0, 0.0, 0.0, 0.0, 0.0, 0.0, 0.0, 0.0, 0.0, 0.0, 0.0, 0.0, 0.0, 0.0, 0.0, 0.0, 0.0, 0.0, 0.0, 0.0], [0.0, 0.0, 0.0, 0.0, 0.0, 0.0, 0.0, 0.0, 0.0, 0.0, 0.0, 0.0, 0.0, 0.0, 0.0, 0.0, 0.0, 0.0, 0.0, 0.0, 0.0, 0.0, 0.0, 0.0], [0.0, 0.0, 0.0, 0.0, 0.0, 0.0, 0.0, 0.0, 0.0, 0.0, 0.0, 0.0, 0.0, 0.0, 0.0, 0.0, 0.0, 0.0, 0.0, 0.0, 0.0, 0.0, 0.0, 0.0], [0.0, 0.0, 0.0, 0.0, 0.0, 0.0, 0.0, 0.0, 0.0, 0.0, 0.0, 0.0, 0.0, 0.0, 0.0, 0.0, 0.0, 0.0, 0.0, 0.0, 0.0, 0.0, 0.0, 0.0], [0.0, 0.0, 0.0, 0.0, 0.0, 0.0, 0.0, 0.0, 0.0, 0.0, 0.0, 0.0, 0.0, 0.0, 0.0, 0.0, 0.0, 0.0, 0.0, 0.0, 0.0, 0.0, 0.0, 0.0], [0.0, 0.0, 0.0, 0.0, 0.0, 0.0, 0.0, 0.0, 0.0, 0.0, 0.0, 0.0, 0.0, 0.0, 0.0, 0.0, 0.0, 0.0, 0.0, 0.0, 0.0, 0.0, 0.0, 0.0], [0.0, 0.0, 0.0, 0.0, 0.0, 0.0, 0.0, 0.0, 0.0, 0.0, 0.0, 0.0, 0.0, 0.0, 0.0, 0.0, 0.0, 0.0, 0.0, 0.0, 0.0, 0.0, 0.0, 0.0], [0.0, 0.0, 0.0, 0.0, 0.0, 0.0, 0.0, 0.0, 0.0, 0.0, 0.0, 0.0, 0.0, 0.0, 0.0, 0.0, 0.0, 0.0, 0.0, 0.0, 0.0, 0.0, 0.0, 0.0]]
        z_storage = [[0.0, 0.0, 0.0, 0.0, 0.0, 0.0, 0.0, 0.0, 0.0, 0.0, 0.0, 0.0, 0.0, 0.0, 0.0, 0.0, 0.0, 0.0, 0.0, 0.0, 0.0, 0.0, 0.0, 0.0], [0.0, 0.0, 0.0, 0.0, 0.0, 0.0, 0.0, 0.0, 0.0, 0.0, 0.0, 0.0, 0.0, 0.0, 0.0, 0.0, 0.0, 0.0, 0.0, 0.0, 0.0, 0.0, 0.0, 0.0], [0.0, 0.0, 0.0, 0.0, 0.0, 0.0, 0.0, 0.0, 0.0, 0.0, 0.0, 0.0, 0.0, 0.0, 0.0, 0.0, 0.0, 0.0, 0.0, 0.0, 0.0, 0.0, 0.0, 0.0], [0.0, 0.0, 0.0, 0.0, 0.0, 0.0, 0.0, 0.0, 0.0, 0.0, 0.0, 0.0, 0.0, 0.0, 0.0, 0.0, 0.0, 0.0, 0.0, 0.0, 0.0, 0.0, 0.0, 0.0], [0.0, 0.0, 0.0, 0.0, 0.0, 0.0, 0.0, 0.0, 0.0, 0.0, 0.0, 0.0, 0.0, 0.0, 0.0, 0.0, 0.0, 0.0, 0.0, 0.0, 0.0, 0.0, 0.0, 0.0], [0.0, 0.0, 0.0, 0.0, 0.0, 0.0, 0.0, 0.0, 0.0, 0.0, 0.0, 0.0, 0.0, 0.0, 0.0, 0.0, 0.0, 0.0, 0.0, 0.0, 0.0, 0.0, 0.0, 0.0], [0.0, 0.0, 0.0, 0.0, 0.0, 0.0, 0.0, 0.0, 0.0, 0.0, 0.0, 0.0, 0.0, 0.0, 0.0, 0.0, 0.0, 0.0, 0.0, 0.0, 0.0, 0.0, 0.0, 0.0], [0.0, 0.0, 0.0, 0.0, 0.0, 0.0, 0.0, 0.0, 0.0, 0.0, 0.0, 0.0, 0.0, 0.0, 0.0, 0.0, 0.0, 0.0, 0.0, 0.0, 0.0, 0.0, 0.0, 0.0], [0.0, 0.0, 0.0, 0.0, 0.0, 0.0, 0.0, 0.0, 0.0, 0.0, 0.0, 0.0, 0.0, 0.0, 0.0, 0.0, 0.0, 0.0, 0.0, 0.0, 0.0, 0.0, 0.0, 0.0], [0.0, 0.0, 0.0, 0.0, 0.0, 0.0, 0.0, 0.0, 0.0, 0.0, 0.0, 0.0, 0.0, 0.0, 0.0, 0.0, 0.0, 0.0, 0.0, 0.0, 0.0, 0.0, 0.0, 0.0], [0.0, 0.0, 0.0, 0.0, 0.0, 0.0, 0.0, 0.0, 0.0, 0.0, 0.0, 0.0, 0.0, 0.0, 0.0, 0.0, 0.0, 0.0, 0.0, 0.0, 0.0, 0.0, 0.0, 0.0], [0.0, 0.0, 0.0, 0.0, 0.0, 0.0, 0.0, 0.0, 0.0, 0.0, 0.0, 0.0, 0.0, 0.0, 0.0, 0.0, 0.0, 0.0, 0.0, 0.0, 0.0, 0.0, 0.0, 0.0], [0.0, 0.0, 0.0, 0.0, 0.0, 0.0, 0.0, 0.0, 0.0, 0.0, 0.0, 0.0, 0.0, 0.0, 0.0, 0.0, 0.0, 0.0, 0.0, 0.0, 0.0, 0.0, 0.0, 0.0]]
